ISO-10303-21;
HEADER;
FILE_DESCRIPTION (( 'STEP AP214' ),
    '1' );
FILE_NAME ('4E3CCB4F-85A6-4E0A-B7D1-C5726EAD564D.STEP',
    '2026-08-12T18:21:09',
    ( '' ),
    ( '' ),
    'SwSTEP 2.0',
    'SolidWorks 2022',
    '' );
FILE_SCHEMA (( 'AUTOMOTIVE_DESIGN' ));
ENDSEC;

DATA;
#1 = LINE ( 'NONE', #22, #1519 ) ;
#2 = AXIS2_PLACEMENT_3D ( 'NONE', #1774, #2241, #669 ) ;
#3 = LINE ( 'NONE', #293, #1890 ) ;
#4 = CARTESIAN_POINT ( 'NONE',  ( -2.600000000000000533, -0.6500000000000000222, 0.5999999999999998668 ) ) ;
#5 = EDGE_LOOP ( 'NONE', ( #3457, #3243, #1299, #659 ) ) ;
#6 = COLOUR_RGB ( '',0.8941176470588234615, 0.9137254901960784048, 0.9294117647058823817 ) ;
#7 = VECTOR ( 'NONE', #1320, 1000.000000000000000 ) ;
#8 = PRESENTATION_LAYER_ASSIGNMENT (  '', '', ( #2148 ) ) ;
#9 = CARTESIAN_POINT ( 'NONE',  ( 2.700000000000001510, -0.6500000000000000222, -9.215718466126787689E-16 ) ) ;
#10 = STYLED_ITEM ( 'NONE', ( #554 ), #2386 ) ;
#11 = ORIENTED_EDGE ( 'NONE', *, *, #262, .T. ) ;
#12 = CARTESIAN_POINT ( 'NONE',  ( -2.649999999999999911, -0.6500000000000000222, 0.2500000000000000000 ) ) ;
#13 = FACE_OUTER_BOUND ( 'NONE', #2525, .T. ) ;
#14 = VERTEX_POINT ( 'NONE', #3061 ) ;
#15 = CARTESIAN_POINT ( 'NONE',  ( 2.600000000000000533, 0.6500000000000000222, 0.2999999999999997113 ) ) ;
#16 = EDGE_CURVE ( 'NONE', #1744, #2846, #3341, .T. ) ;
#17 = PRESENTATION_LAYER_ASSIGNMENT (  '', '', ( #1179 ) ) ;
#18 = CARTESIAN_POINT ( 'NONE',  ( 0.0000000000000000000, 0.0000000000000000000, 0.6000000000000006439 ) ) ;
#19 = DIRECTION ( 'NONE',  ( 1.000000000000000000, 8.673617379884036705E-17, -0.0000000000000000000 ) ) ;
#20 = UNCERTAINTY_MEASURE_WITH_UNIT (LENGTH_MEASURE( 1.000000000000000082E-05 ), #2108, 'distance_accuracy_value', 'NONE');
#21 = ORIENTED_EDGE ( 'NONE', *, *, #2433, .F. ) ;
#22 = CARTESIAN_POINT ( 'NONE',  ( -2.400000000000000355, 0.6500000000000000222, 0.2999999999999996003 ) ) ;
#23 = VECTOR ( 'NONE', #2261, 1000.000000000000000 ) ;
#24 = DIRECTION ( 'NONE',  ( -0.0000000000000000000, -0.0000000000000000000, -1.000000000000000000 ) ) ;
#25 = DIRECTION ( 'NONE',  ( -0.0000000000000000000, -0.0000000000000000000, -1.000000000000000000 ) ) ;
#26 = ORIENTED_EDGE ( 'NONE', *, *, #444, .F. ) ;
#27 = DIRECTION ( 'NONE',  ( 0.0000000000000000000, -1.000000000000000000, 0.0000000000000000000 ) ) ;
#28 = VERTEX_POINT ( 'NONE', #2764 ) ;
#29 = AXIS2_PLACEMENT_3D ( 'NONE', #2192, #2209, #1927 ) ;
#30 = EDGE_LOOP ( 'NONE', ( #1319, #602, #211, #683 ) ) ;
#31 = AXIS2_PLACEMENT_3D ( 'NONE', #154, #1275, #2369 ) ;
#32 = DIRECTION ( 'NONE',  ( -1.000000000000000000, 0.0000000000000000000, 0.0000000000000000000 ) ) ;
#33 = PLANE ( 'NONE',  #288 ) ;
#34 = ORIENTED_EDGE ( 'NONE', *, *, #329, .T. ) ;
#35 = CARTESIAN_POINT ( 'NONE',  ( 5.598185309247770653E-16, -4.500000000000002665, 2.598806130178212825 ) ) ;
#36 = MECHANICAL_DESIGN_GEOMETRIC_PRESENTATION_REPRESENTATION (  '', ( #2691 ), #2805 ) ;
#37 = SURFACE_SIDE_STYLE ('',( #1475 ) ) ;
#38 = VERTEX_POINT ( 'NONE', #1660 ) ;
#39 = ADVANCED_FACE ( 'NONE', ( #3288 ), #869, .F. ) ;
#40 = ORIENTED_EDGE ( 'NONE', *, *, #16, .F. ) ;
#41 = CARTESIAN_POINT ( 'NONE',  ( 3.535533905932637389, -3.535533905932836340, 0.1500000000000000222 ) ) ;
#42 = ADVANCED_FACE ( 'NONE', ( #1136 ), #1924, .F. ) ;
#43 = VERTEX_POINT ( 'NONE', #588 ) ;
#44 = MECHANICAL_DESIGN_GEOMETRIC_PRESENTATION_REPRESENTATION (  '', ( #2187 ), #640 ) ;
#45 =( LENGTH_UNIT ( ) NAMED_UNIT ( * ) SI_UNIT ( .MILLI., .METRE. ) );
#46 = FILL_AREA_STYLE ('',( #2288 ) ) ;
#47 = ORIENTED_EDGE ( 'NONE', *, *, #1773, .T. ) ;
#48 = LINE ( 'NONE', #1233, #2992 ) ;
#49 = DIRECTION ( 'NONE',  ( 0.0000000000000000000, 0.0000000000000000000, -1.000000000000000000 ) ) ;
#50 = SURFACE_STYLE_USAGE ( .BOTH. , #2813 ) ;
#51 = CARTESIAN_POINT ( 'NONE',  ( -5.049999999999999822, 6.184466335694133068E-16, 0.5999999999999998668 ) ) ;
#52 = ORIENTED_EDGE ( 'NONE', *, *, #82, .T. ) ;
#53 =( GEOMETRIC_REPRESENTATION_CONTEXT ( 3 ) GLOBAL_UNCERTAINTY_ASSIGNED_CONTEXT ( ( #2106 ) ) GLOBAL_UNIT_ASSIGNED_CONTEXT ( ( #1236, #2385, #1814 ) ) REPRESENTATION_CONTEXT ( 'NONE', 'WORKASPACE' ) );
#54 = VERTEX_POINT ( 'NONE', #2797 ) ;
#55 = FACE_OUTER_BOUND ( 'NONE', #3183, .T. ) ;
#56 = EDGE_CURVE ( 'NONE', #28, #922, #3539, .T. ) ;
#57 = VERTEX_POINT ( 'NONE', #2782 ) ;
#58 = VECTOR ( 'NONE', #2941, 1000.000000000000000 ) ;
#59 = SURFACE_STYLE_USAGE ( .BOTH. , #603 ) ;
#60 = PRESENTATION_LAYER_ASSIGNMENT (  '', '', ( #1636 ) ) ;
#61 = COLOUR_RGB ( '',0.8941176470588234615, 0.9137254901960784048, 0.9294117647058823817 ) ;
#62 = ADVANCED_FACE ( 'NONE', ( #1087 ), #2172, .T. ) ;
#63 = EDGE_CURVE ( 'NONE', #1187, #1217, #362, .T. ) ;
#64 = CIRCLE ( 'NONE', #2667, 0.5000000000000741629 ) ;
#65 = DIRECTION ( 'NONE',  ( 0.0000000000000000000, 0.0000000000000000000, -1.000000000000000000 ) ) ;
#66 = CIRCLE ( 'NONE', #2492, 4.700000000000002842 ) ;
#67 = CARTESIAN_POINT ( 'NONE',  ( 2.350000000000000089, 0.6500000000000000222, 0.2500000000000000000 ) ) ;
#68 = ORIENTED_EDGE ( 'NONE', *, *, #2543, .T. ) ;
#69 = APPLICATION_PROTOCOL_DEFINITION ( 'draft international standard', 'automotive_design', 1998, #906 ) ;
#70 = LINE ( 'NONE', #3099, #2301 ) ;
#71 = LINE ( 'NONE', #2280, #890 ) ;
#72 =( NAMED_UNIT ( * ) PLANE_ANGLE_UNIT ( ) SI_UNIT ( $, .RADIAN. ) );
#73 = ORIENTED_EDGE ( 'NONE', *, *, #3312, .T. ) ;
#74 = EDGE_LOOP ( 'NONE', ( #235, #1944, #1159, #185 ) ) ;
#75 = MECHANICAL_DESIGN_GEOMETRIC_PRESENTATION_REPRESENTATION (  '', ( #3194 ), #2097 ) ;
#76 = CARTESIAN_POINT ( 'NONE',  ( 5.499999999999999112, -0.6500000000000000222, 0.2000000000000003719 ) ) ;
#77 = ORIENTED_EDGE ( 'NONE', *, *, #1578, .T. ) ;
#78 = ORIENTED_EDGE ( 'NONE', *, *, #3131, .F. ) ;
#79 = SURFACE_STYLE_USAGE ( .BOTH. , #1963 ) ;
#80 = MECHANICAL_DESIGN_GEOMETRIC_PRESENTATION_REPRESENTATION (  '', ( #1656 ), #3257 ) ;
#81 = UNCERTAINTY_MEASURE_WITH_UNIT (LENGTH_MEASURE( 1.000000000000000082E-05 ), #3381, 'distance_accuracy_value', 'NONE');
#82 = EDGE_CURVE ( 'NONE', #2568, #2313, #2005, .T. ) ;
#83 = CARTESIAN_POINT ( 'NONE',  ( 0.0000000000000000000, -2.940614386809499470E-16, 3.001193869821789040 ) ) ;
#84 = ORIENTED_EDGE ( 'NONE', *, *, #838, .F. ) ;
#85 = EDGE_CURVE ( 'NONE', #749, #443, #2532, .T. ) ;
#86 = DIRECTION ( 'NONE',  ( 4.065758146820640641E-16, 1.000000000000000000, -0.0000000000000000000 ) ) ;
#87 = CARTESIAN_POINT ( 'NONE',  ( 3.535533905932737753, 3.535533905932637833, 0.1500000000000000222 ) ) ;
#88 = CYLINDRICAL_SURFACE ( 'NONE', #1708, 0.1000000000000005884 ) ;
#89 = ORIENTED_EDGE ( 'NONE', *, *, #63, .F. ) ;
#90 = ORIENTED_EDGE ( 'NONE', *, *, #921, .F. ) ;
#91 = AXIS2_PLACEMENT_3D ( 'NONE', #41, #2787, #843 ) ;
#92 = CARTESIAN_POINT ( 'NONE',  ( 2.404196010845020215, -0.6500000000000000222, 0.2500000000000000000 ) ) ;
#93 = ORIENTED_EDGE ( 'NONE', *, *, #3158, .T. ) ;
#94 = VERTEX_POINT ( 'NONE', #2278 ) ;
#95 = CARTESIAN_POINT ( 'NONE',  ( -2.350000000000000089, 0.6500000000000000222, 0.2500000000000000000 ) ) ;
#96 = VECTOR ( 'NONE', #24, 1000.000000000000000 ) ;
#97 = CARTESIAN_POINT ( 'NONE',  ( 0.0000000000000000000, 0.0000000000000000000, 0.6000000000000006439 ) ) ;
#98 = SURFACE_SIDE_STYLE ('',( #1502 ) ) ;
#99 = ORIENTED_EDGE ( 'NONE', *, *, #726, .T. ) ;
#100 = VECTOR ( 'NONE', #3441, 1000.000000000000000 ) ;
#101 = EDGE_CURVE ( 'NONE', #1537, #2297, #1722, .T. ) ;
#102 = DIRECTION ( 'NONE',  ( 1.000000000000000000, 0.0000000000000000000, 0.0000000000000000000 ) ) ;
#103 = FILL_AREA_STYLE_COLOUR ( '', #1770 ) ;
#104 = ADVANCED_FACE ( 'NONE', ( #3413 ), #2598, .T. ) ;
#105 = AXIS2_PLACEMENT_3D ( 'NONE', #2893, #2116, #1587 ) ;
#106 = ORIENTED_EDGE ( 'NONE', *, *, #476, .T. ) ;
#107 = ORIENTED_EDGE ( 'NONE', *, *, #1313, .F. ) ;
#108 = CARTESIAN_POINT ( 'NONE',  ( 5.499999999999999112, -0.6500000000000000222, 2.589803236230023287E-16 ) ) ;
#109 = PRESENTATION_STYLE_ASSIGNMENT (( #1230 ) ) ;
#110 = ORIENTED_EDGE ( 'NONE', *, *, #1599, .F. ) ;
#111 = CONICAL_SURFACE ( 'NONE', #3403, 4.857469577113270987, 1.279339532317029793 ) ;
#112 = SURFACE_STYLE_FILL_AREA ( #3404 ) ;
#113 = DIRECTION ( 'NONE',  ( 6.672013369141566203E-16, -1.000000000000000000, 0.0000000000000000000 ) ) ;
#114 = VECTOR ( 'NONE', #130, 1000.000000000000000 ) ;
#115 = UNCERTAINTY_MEASURE_WITH_UNIT (LENGTH_MEASURE( 1.000000000000000082E-05 ), #45, 'distance_accuracy_value', 'NONE');
#116 = VECTOR ( 'NONE', #1666, 1000.000000000000000 ) ;
#117 = ORIENTED_EDGE ( 'NONE', *, *, #2341, .F. ) ;
#118 = VECTOR ( 'NONE', #174, 1000.000000000000000 ) ;
#119 = SURFACE_STYLE_USAGE ( .BOTH. , #437 ) ;
#120 = CARTESIAN_POINT ( 'NONE',  ( 2.613397459621556784, 0.6500000000000000222, 0.2500000000000000000 ) ) ;
#121 = LINE ( 'NONE', #152, #118 ) ;
#122 = PRESENTATION_LAYER_ASSIGNMENT (  '', '', ( #3352 ) ) ;
#123 = SURFACE_STYLE_FILL_AREA ( #1185 ) ;
#124 = ORIENTED_EDGE ( 'NONE', *, *, #3178, .T. ) ;
#125 = DIRECTION ( 'NONE',  ( -0.0000000000000000000, -0.0000000000000000000, 1.000000000000000000 ) ) ;
#126 = LINE ( 'NONE', #1300, #699 ) ;
#127 = ORIENTED_EDGE ( 'NONE', *, *, #1505, .T. ) ;
#128 = SURFACE_SIDE_STYLE ('',( #1250 ) ) ;
#129 = DIRECTION ( 'NONE',  ( 8.340016711426957754E-17, -1.000000000000000000, 0.0000000000000000000 ) ) ;
#130 = DIRECTION ( 'NONE',  ( 0.0000000000000000000, 0.0000000000000000000, -1.000000000000000000 ) ) ;
#131 = STYLED_ITEM ( 'NONE', ( #1175 ), #222 ) ;
#132 = EDGE_LOOP ( 'NONE', ( #2270, #1232, #907, #169 ) ) ;
#133 = CYLINDRICAL_SURFACE ( 'NONE', #2367, 4.500000000000002665 ) ;
#134 = COLOUR_RGB ( '',0.8941176470588234615, 0.9137254901960784048, 0.9294117647058823817 ) ;
#135 = FACE_OUTER_BOUND ( 'NONE', #622, .T. ) ;
#136 = PLANE ( 'NONE',  #1806 ) ;
#137 = DIRECTION ( 'NONE',  ( -1.000000000000000000, 0.0000000000000000000, 0.0000000000000000000 ) ) ;
#138 = ORIENTED_EDGE ( 'NONE', *, *, #2092, .F. ) ;
#139 = SURFACE_SIDE_STYLE ('',( #1839 ) ) ;
#140 = VECTOR ( 'NONE', #2987, 1000.000000000000000 ) ;
#141 = VERTEX_POINT ( 'NONE', #120 ) ;
#142 = SURFACE_STYLE_USAGE ( .BOTH. , #3166 ) ;
#143 = CARTESIAN_POINT ( 'NONE',  ( 5.049999999999999822, 0.0000000000000000000, 0.5999999999999998668 ) ) ;
#144 = EDGE_CURVE ( 'NONE', #3027, #367, #1237, .T. ) ;
#145 = ORIENTED_EDGE ( 'NONE', *, *, #1417, .T. ) ;
#146 = ORIENTED_EDGE ( 'NONE', *, *, #495, .F. ) ;
#147 = AXIS2_PLACEMENT_3D ( 'NONE', #1810, #694, #2062 ) ;
#148 = LINE ( 'NONE', #1557, #3141 ) ;
#149 = FILL_AREA_STYLE ('',( #434 ) ) ;
#150 = ORIENTED_EDGE ( 'NONE', *, *, #2231, .T. ) ;
#151 = DIRECTION ( 'NONE',  ( -0.0000000000000000000, 1.224646799147353207E-16, -1.000000000000000000 ) ) ;
#152 = CARTESIAN_POINT ( 'NONE',  ( 5.499999999999999112, 0.6500000000000000222, 0.2000000000000003719 ) ) ;
#153 = CARTESIAN_POINT ( 'NONE',  ( 1.999999999999997113, 5.199999999999999289, 0.8999999999999996891 ) ) ;
#154 = CARTESIAN_POINT ( 'NONE',  ( 5.878304635907299142E-16, -4.800000000000003375, 3.448806130178211582 ) ) ;
#155 = FILL_AREA_STYLE_COLOUR ( '', #1498 ) ;
#156 = DIRECTION ( 'NONE',  ( -0.0000000000000000000, -0.0000000000000000000, -1.000000000000000000 ) ) ;
#157 = ORIENTED_EDGE ( 'NONE', *, *, #2891, .T. ) ;
#158 = AXIS2_PLACEMENT_3D ( 'NONE', #620, #3067, #545 ) ;
#159 = CARTESIAN_POINT ( 'NONE',  ( 5.200000000000000178, 3.199999999999998845, 2.100000000000000089 ) ) ;
#160 = ORIENTED_EDGE ( 'NONE', *, *, #2724, .T. ) ;
#161 = DIRECTION ( 'NONE',  ( -1.000000000000000000, 0.0000000000000000000, 0.0000000000000000000 ) ) ;
#162 = ORIENTED_EDGE ( 'NONE', *, *, #2892, .F. ) ;
#163 = ORIENTED_EDGE ( 'NONE', *, *, #3028, .F. ) ;
#164 = ADVANCED_FACE ( 'NONE', ( #2053 ), #3358, .T. ) ;
#165 = DIRECTION ( 'NONE',  ( 0.0000000000000000000, 1.000000000000000000, 1.204669080539448604E-16 ) ) ;
#166 = PLANE ( 'NONE',  #1691 ) ;
#167 = DIRECTION ( 'NONE',  ( 0.0000000000000000000, 1.000000000000000000, 0.0000000000000000000 ) ) ;
#168 = SURFACE_STYLE_FILL_AREA ( #149 ) ;
#169 = ORIENTED_EDGE ( 'NONE', *, *, #935, .T. ) ;
#170 = COLOUR_RGB ( '',0.8941176470588234615, 0.9137254901960784048, 0.9294117647058823817 ) ;
#171 = ADVANCED_FACE ( 'NONE', ( #1049 ), #777, .T. ) ;
#172 = DIRECTION ( 'NONE',  ( -1.000000000000000000, 0.0000000000000000000, 0.0000000000000000000 ) ) ;
#173 =( LENGTH_UNIT ( ) NAMED_UNIT ( * ) SI_UNIT ( .MILLI., .METRE. ) );
#174 = DIRECTION ( 'NONE',  ( 0.0000000000000000000, 0.0000000000000000000, -1.000000000000000000 ) ) ;
#175 = EDGE_CURVE ( 'NONE', #1025, #2786, #1638, .T. ) ;
#176 = FACE_OUTER_BOUND ( 'NONE', #2396, .T. ) ;
#177 = VECTOR ( 'NONE', #865, 1000.000000000000000 ) ;
#178 = VECTOR ( 'NONE', #2275, 1000.000000000000000 ) ;
#179 = CARTESIAN_POINT ( 'NONE',  ( -2.650000000000000799, 0.6500000000000000222, 0.6000000000000007550 ) ) ;
#180 = VECTOR ( 'NONE', #2765, 1000.000000000000000 ) ;
#181 = FACE_OUTER_BOUND ( 'NONE', #804, .T. ) ;
#182 = VERTEX_POINT ( 'NONE', #1411 ) ;
#183 = VECTOR ( 'NONE', #1079, 1000.000000000000000 ) ;
#184 = CARTESIAN_POINT ( 'NONE',  ( -2.350000000000000089, 0.6500000000000000222, 0.6000000000000007550 ) ) ;
#185 = ORIENTED_EDGE ( 'NONE', *, *, #1080, .F. ) ;
#186 = DIRECTION ( 'NONE',  ( -1.000000000000000000, 0.0000000000000000000, 0.0000000000000000000 ) ) ;
#187 = ORIENTED_EDGE ( 'NONE', *, *, #2696, .T. ) ;
#188 = DIRECTION ( 'NONE',  ( -0.7071067811865472397, -0.7071067811865479058, 0.0000000000000000000 ) ) ;
#189 = DIRECTION ( 'NONE',  ( -0.0000000000000000000, 1.224646799147353207E-16, -1.000000000000000000 ) ) ;
#190 = ADVANCED_FACE ( 'NONE', ( #568 ), #549, .T. ) ;
#191 = DIRECTION ( 'NONE',  ( -0.0000000000000000000, -0.0000000000000000000, 1.000000000000000000 ) ) ;
#192 = MECHANICAL_DESIGN_GEOMETRIC_PRESENTATION_REPRESENTATION (  '', ( #429 ), #2676 ) ;
#193 = CYLINDRICAL_SURFACE ( 'NONE', #2374, 0.5000000000000750511 ) ;
#194 = ORIENTED_EDGE ( 'NONE', *, *, #371, .T. ) ;
#195 = CARTESIAN_POINT ( 'NONE',  ( 0.0000000000000000000, 4.642530422886734343, 2.407240873133980941 ) ) ;
#196 = EDGE_CURVE ( 'NONE', #1106, #367, #1340, .T. ) ;
#197 = PRODUCT_DEFINITION_CONTEXT ( 'detailed design', #906, 'design' ) ;
#198 = FILL_AREA_STYLE_COLOUR ( '', #481 ) ;
#199 = CIRCLE ( 'NONE', #1476, 5.049999999999999822 ) ;
#200 = LINE ( 'NONE', #1833, #416 ) ;
#201 = CARTESIAN_POINT ( 'NONE',  ( -3.535533905932836340, -3.535533905932737309, 0.1500000000000000222 ) ) ;
#202 = EDGE_CURVE ( 'NONE', #1405, #3408, #2777, .T. ) ;
#203 = LINE ( 'NONE', #218, #855 ) ;
#204 = ORIENTED_EDGE ( 'NONE', *, *, #679, .T. ) ;
#205 = LINE ( 'NONE', #2682, #1619 ) ;
#206 = ORIENTED_EDGE ( 'NONE', *, *, #2915, .F. ) ;
#207 = CARTESIAN_POINT ( 'NONE',  ( -5.200000000000001066, -0.6999999999999986233, 0.2500000000000000000 ) ) ;
#208 = STYLED_ITEM ( 'NONE', ( #2293 ), #936 ) ;
#209 = CARTESIAN_POINT ( 'NONE',  ( -2.400000000000000355, -0.6500000000000000222, 0.2999999999999996003 ) ) ;
#210 = DIRECTION ( 'NONE',  ( 0.0000000000000000000, 1.000000000000000000, 8.928123215378581621E-17 ) ) ;
#211 = ORIENTED_EDGE ( 'NONE', *, *, #2892, .T. ) ;
#212 = AXIS2_PLACEMENT_3D ( 'NONE', #2684, #189, #454 ) ;
#213 =( NAMED_UNIT ( * ) PLANE_ANGLE_UNIT ( ) SI_UNIT ( $, .RADIAN. ) );
#214 = DIRECTION ( 'NONE',  ( 0.0000000000000000000, 0.0000000000000000000, -1.000000000000000000 ) ) ;
#215 = EDGE_CURVE ( 'NONE', #3248, #749, #1081, .T. ) ;
#216 =( LENGTH_UNIT ( ) NAMED_UNIT ( * ) SI_UNIT ( .MILLI., .METRE. ) );
#217 = PLANE ( 'NONE',  #105 ) ;
#218 = CARTESIAN_POINT ( 'NONE',  ( -4.035533905932812360, 3.535533905932737309, 0.1500000000000000222 ) ) ;
#219 = EDGE_LOOP ( 'NONE', ( #2641, #2709, #250, #2694, #1463 ) ) ;
#220 = VECTOR ( 'NONE', #2714, 1000.000000000000000 ) ;
#221 =( NAMED_UNIT ( * ) PLANE_ANGLE_UNIT ( ) SI_UNIT ( $, .RADIAN. ) );
#222 = ADVANCED_FACE ( 'NONE', ( #2508 ), #826, .T. ) ;
#223 = CARTESIAN_POINT ( 'NONE',  ( 5.199999999999997513, -3.200000000000002398, 2.100000000000000089 ) ) ;
#224 = STYLED_ITEM ( 'NONE', ( #109 ), #1314 ) ;
#225 = DIRECTION ( 'NONE',  ( 0.0000000000000000000, 1.000000000000000000, 8.928123215378581621E-17 ) ) ;
#226 = ORIENTED_EDGE ( 'NONE', *, *, #3493, .F. ) ;
#227 = CARTESIAN_POINT ( 'NONE',  ( -2.640230447553806314, 3.888339386397468012, 10.41000000000000014 ) ) ;
#228 = DIRECTION ( 'NONE',  ( -0.0000000000000000000, -0.0000000000000000000, 1.000000000000000000 ) ) ;
#229 = CARTESIAN_POINT ( 'NONE',  ( -2.350000000000000089, 0.0000000000000000000, 0.2500000000000000000 ) ) ;
#230 = AXIS2_PLACEMENT_3D ( 'NONE', #650, #1740, #377 ) ;
#231 = CARTESIAN_POINT ( 'NONE',  ( -2.640230447553806314, 3.888339386397468012, 10.40000000000000213 ) ) ;
#232 = SURFACE_STYLE_USAGE ( .BOTH. , #1100 ) ;
#233 = LINE ( 'NONE', #3042, #380 ) ;
#234 = FILL_AREA_STYLE ('',( #2708 ) ) ;
#235 = ORIENTED_EDGE ( 'NONE', *, *, #2322, .F. ) ;
#236 =( LENGTH_UNIT ( ) NAMED_UNIT ( * ) SI_UNIT ( .MILLI., .METRE. ) );
#237 = CIRCLE ( 'NONE', #1120, 5.000000000000002665 ) ;
#238 = PRESENTATION_STYLE_ASSIGNMENT (( #3326 ) ) ;
#239 = PRESENTATION_LAYER_ASSIGNMENT (  '', '', ( #299 ) ) ;
#240 = PLANE ( 'NONE',  #1726 ) ;
#241 = ORIENTED_EDGE ( 'NONE', *, *, #1313, .T. ) ;
#242 = ADVANCED_FACE ( 'NONE', ( #1215, #3406, #949, #681, #1769 ), #3485, .T. ) ;
#243 = LINE ( 'NONE', #3547, #7 ) ;
#244 = SURFACE_SIDE_STYLE ('',( #2082 ) ) ;
#245 =( LENGTH_UNIT ( ) NAMED_UNIT ( * ) SI_UNIT ( .MILLI., .METRE. ) );
#246 = VERTEX_POINT ( 'NONE', #2123 ) ;
#247 = LINE ( 'NONE', #527, #357 ) ;
#248 = AXIS2_PLACEMENT_3D ( 'NONE', #290, #1398, #3075 ) ;
#249 = CARTESIAN_POINT ( 'NONE',  ( 5.499999999999999112, -0.6500000000000000222, 0.2000000000000003719 ) ) ;
#250 = ORIENTED_EDGE ( 'NONE', *, *, #265, .F. ) ;
#251 = FILL_AREA_STYLE ('',( #2728 ) ) ;
#252 = CYLINDRICAL_SURFACE ( 'NONE', #2478, 4.700000000000001954 ) ;
#253 = EDGE_LOOP ( 'NONE', ( #1005, #1329, #1655, #1799, #2679, #3518 ) ) ;
#254 = SURFACE_STYLE_USAGE ( .BOTH. , #2472 ) ;
#255 = VECTOR ( 'NONE', #3549, 1000.000000000000000 ) ;
#256 = DIRECTION ( 'NONE',  ( 0.0000000000000000000, -1.000000000000000000, 0.0000000000000000000 ) ) ;
#257 = DIRECTION ( 'NONE',  ( 0.0000000000000000000, 1.000000000000000000, 0.0000000000000000000 ) ) ;
#258 = ORIENTED_EDGE ( 'NONE', *, *, #1926, .F. ) ;
#259 = AXIS2_PLACEMENT_3D ( 'NONE', #3474, #1036, #442 ) ;
#260 = ORIENTED_EDGE ( 'NONE', *, *, #1059, .T. ) ;
#261 = CARTESIAN_POINT ( 'NONE',  ( -2.700000000000001510, 0.6500000000000000222, 0.2999999999999997113 ) ) ;
#262 = EDGE_CURVE ( 'NONE', #141, #2904, #2688, .T. ) ;
#263 = CARTESIAN_POINT ( 'NONE',  ( 2.650000000000000799, 0.6500000000000000222, 0.2500000000000000000 ) ) ;
#264 = AXIS2_PLACEMENT_3D ( 'NONE', #423, #996, #1819 ) ;
#265 = EDGE_CURVE ( 'NONE', #1680, #762, #1027, .T. ) ;
#266 = DIRECTION ( 'NONE',  ( 0.0000000000000000000, -1.224646799147353207E-16, 1.000000000000000000 ) ) ;
#267 =( LENGTH_UNIT ( ) NAMED_UNIT ( * ) SI_UNIT ( .MILLI., .METRE. ) );
#268 = CARTESIAN_POINT ( 'NONE',  ( 5.499999999999999112, -0.6500000000000000222, 0.2000000000000003719 ) ) ;
#269 = ORIENTED_EDGE ( 'NONE', *, *, #3394, .F. ) ;
#270 = LINE ( 'NONE', #2170, #1168 ) ;
#271 = DIRECTION ( 'NONE',  ( 0.0000000000000000000, 1.000000000000000000, 1.301042606982604581E-16 ) ) ;
#272 = EDGE_LOOP ( 'NONE', ( #2423, #316, #1270, #89 ) ) ;
#273 = CARTESIAN_POINT ( 'NONE',  ( 5.755839955992561627E-16, -4.700000000000001954, 3.001193869821789484 ) ) ;
#274 = DIRECTION ( 'NONE',  ( 0.0000000000000000000, 1.000000000000000000, 0.0000000000000000000 ) ) ;
#275 = MECHANICAL_DESIGN_GEOMETRIC_PRESENTATION_REPRESENTATION (  '', ( #1792 ), #695 ) ;
#276 = CARTESIAN_POINT ( 'NONE',  ( -5.499999999999999112, 0.6500000000000000222, 2.589803236230023287E-16 ) ) ;
#277 = EDGE_LOOP ( 'NONE', ( #1085, #394, #1102, #1973 ) ) ;
#278 = ORIENTED_EDGE ( 'NONE', *, *, #1773, .F. ) ;
#279 = LINE ( 'NONE', #1385, #776 ) ;
#280 = DIRECTION ( 'NONE',  ( 0.0000000000000000000, 1.000000000000000000, 9.637352644315589080E-17 ) ) ;
#281 = DIRECTION ( 'NONE',  ( -0.0000000000000000000, -0.0000000000000000000, -1.000000000000000000 ) ) ;
#282 = ORIENTED_EDGE ( 'NONE', *, *, #291, .T. ) ;
#283 = EDGE_CURVE ( 'NONE', #1953, #2568, #1304, .T. ) ;
#284 = DIRECTION ( 'NONE',  ( 0.0000000000000000000, 1.000000000000000000, 0.0000000000000000000 ) ) ;
#285 = EDGE_CURVE ( 'NONE', #1358, #2074, #2902, .T. ) ;
#286 = EDGE_CURVE ( 'NONE', #2786, #2615, #772, .T. ) ;
#287 = ORIENTED_EDGE ( 'NONE', *, *, #1866, .F. ) ;
#288 = AXIS2_PLACEMENT_3D ( 'NONE', #952, #883, #3074 ) ;
#289 = DIRECTION ( 'NONE',  ( 1.032573497605242224E-16, -1.000000000000000000, 0.0000000000000000000 ) ) ;
#290 = CARTESIAN_POINT ( 'NONE',  ( 3.535533905932737753, 3.535533905932637833, 0.1500000000000000222 ) ) ;
#291 = EDGE_CURVE ( 'NONE', #2232, #2035, #2736, .T. ) ;
#292 = SURFACE_STYLE_FILL_AREA ( #1679 ) ;
#293 = CARTESIAN_POINT ( 'NONE',  ( -2.350000000000000089, 0.6500000000000000222, 0.5999999999999998668 ) ) ;
#294 = CARTESIAN_POINT ( 'NONE',  ( -5.499999999999999112, 0.6500000000000000222, 0.2000000000000003719 ) ) ;
#295 = COLOUR_RGB ( '',0.8941176470588234615, 0.9137254901960784048, 0.9294117647058823817 ) ;
#296 = LINE ( 'NONE', #2474, #1934 ) ;
#297 = ORIENTED_EDGE ( 'NONE', *, *, #2961, .T. ) ;
#298 = LINE ( 'NONE', #1406, #3118 ) ;
#299 = STYLED_ITEM ( 'NONE', ( #466 ), #2337 ) ;
#300 = CIRCLE ( 'NONE', #1338, 4.700000000000001954 ) ;
#301 = AXIS2_PLACEMENT_3D ( 'NONE', #499, #569, #2152 ) ;
#302 = AXIS2_PLACEMENT_3D ( 'NONE', #1624, #1941, #3526 ) ;
#303 = FILL_AREA_STYLE ('',( #3246 ) ) ;
#304 =( LENGTH_UNIT ( ) NAMED_UNIT ( * ) SI_UNIT ( .MILLI., .METRE. ) );
#305 = CARTESIAN_POINT ( 'NONE',  ( 2.700000000000001510, -0.6500000000000000222, 0.2999999999999997113 ) ) ;
#306 = LINE ( 'NONE', #1967, #1448 ) ;
#307 = VERTEX_POINT ( 'NONE', #1008 ) ;
#308 = ADVANCED_FACE ( 'NONE', ( #1285 ), #3155, .F. ) ;
#309 = CARTESIAN_POINT ( 'NONE',  ( 2.400000000000000355, -0.6500000000000000222, 0.2999999999999996003 ) ) ;
#310 = ORIENTED_EDGE ( 'NONE', *, *, #265, .T. ) ;
#311 =( GEOMETRIC_REPRESENTATION_CONTEXT ( 3 ) GLOBAL_UNCERTAINTY_ASSIGNED_CONTEXT ( ( #2324 ) ) GLOBAL_UNIT_ASSIGNED_CONTEXT ( ( #173, #2345, #3195 ) ) REPRESENTATION_CONTEXT ( 'NONE', 'WORKASPACE' ) );
#312 = EDGE_CURVE ( 'NONE', #1791, #2914, #199, .T. ) ;
#313 = AXIS2_PLACEMENT_3D ( 'NONE', #494, #1268, #167 ) ;
#314 = DIRECTION ( 'NONE',  ( 0.0000000000000000000, 1.000000000000000000, 0.0000000000000000000 ) ) ;
#315 = EDGE_LOOP ( 'NONE', ( #1803, #1192, #2375, #2193, #3032 ) ) ;
#316 = ORIENTED_EDGE ( 'NONE', *, *, #2621, .T. ) ;
#317 = COLOUR_RGB ( '',0.8941176470588234615, 0.9137254901960784048, 0.9294117647058823817 ) ;
#318 = PRESENTATION_LAYER_ASSIGNMENT (  '', '', ( #621 ) ) ;
#319 = ORIENTED_EDGE ( 'NONE', *, *, #371, .F. ) ;
#320 = DIRECTION ( 'NONE',  ( -0.0000000000000000000, 1.224646799147353207E-16, -1.000000000000000000 ) ) ;
#321 = AXIS2_PLACEMENT_3D ( 'NONE', #1979, #619, #1493 ) ;
#322 = CARTESIAN_POINT ( 'NONE',  ( -2.600000000000000533, 0.6500000000000000222, 0.2999999999999997113 ) ) ;
#323 = ORIENTED_EDGE ( 'NONE', *, *, #2967, .F. ) ;
#324 = AXIS2_PLACEMENT_3D ( 'NONE', #201, #2603, #1527 ) ;
#325 = FACE_OUTER_BOUND ( 'NONE', #3460, .T. ) ;
#326 = DIRECTION ( 'NONE',  ( 0.0000000000000000000, 1.000000000000000000, 0.0000000000000000000 ) ) ;
#327 = VERTEX_POINT ( 'NONE', #415 ) ;
#328 = CARTESIAN_POINT ( 'NONE',  ( 5.499999999999999112, -0.6500000000000000222, 0.2000000000000003719 ) ) ;
#329 = EDGE_CURVE ( 'NONE', #1478, #859, #2964, .T. ) ;
#330 = PRESENTATION_LAYER_ASSIGNMENT (  '', '', ( #1613 ) ) ;
#331 = LINE ( 'NONE', #2228, #372 ) ;
#332 = ORIENTED_EDGE ( 'NONE', *, *, #85, .F. ) ;
#333 = EDGE_LOOP ( 'NONE', ( #78, #3058, #77, #1278, #612, #2229, #1998, #2537 ) ) ;
#334 = FACE_OUTER_BOUND ( 'NONE', #3387, .T. ) ;
#335 = CARTESIAN_POINT ( 'NONE',  ( 2.700000000000001510, -0.6500000000000000222, 0.2999999999999997113 ) ) ;
#336 = ORIENTED_EDGE ( 'NONE', *, *, #2671, .F. ) ;
#337 = AXIS2_PLACEMENT_3D ( 'NONE', #2336, #2268, #638 ) ;
#338 =( LENGTH_UNIT ( ) NAMED_UNIT ( * ) SI_UNIT ( .MILLI., .METRE. ) );
#339 = UNCERTAINTY_MEASURE_WITH_UNIT (LENGTH_MEASURE( 1.000000000000000082E-05 ), #1266, 'distance_accuracy_value', 'NONE');
#340 = PLANE ( 'NONE',  #1809 ) ;
#341 = EDGE_LOOP ( 'NONE', ( #850, #2855, #3010, #999, #905, #2401 ) ) ;
#342 = DIRECTION ( 'NONE',  ( -0.0000000000000000000, 1.224646799147353207E-16, -1.000000000000000000 ) ) ;
#343 = UNCERTAINTY_MEASURE_WITH_UNIT (LENGTH_MEASURE( 1.000000000000000082E-05 ), #2509, 'distance_accuracy_value', 'NONE');
#344 = CARTESIAN_POINT ( 'NONE',  ( 0.0000000000000000000, 0.0000000000000000000, 3.001193869821789928 ) ) ;
#345 = FACE_OUTER_BOUND ( 'NONE', #1173, .T. ) ;
#346 = PRESENTATION_STYLE_ASSIGNMENT (( #2026 ) ) ;
#347 = EDGE_LOOP ( 'NONE', ( #2289, #2085, #893, #1665 ) ) ;
#348 = ORIENTED_EDGE ( 'NONE', *, *, #3554, .T. ) ;
#349 = DIRECTION ( 'NONE',  ( 1.000000000000000000, -6.672013369141566203E-16, 0.0000000000000000000 ) ) ;
#350 = VECTOR ( 'NONE', #1683, 1000.000000000000000 ) ;
#351 = ORIENTED_EDGE ( 'NONE', *, *, #2363, .F. ) ;
#352 = PRESENTATION_LAYER_ASSIGNMENT (  '', '', ( #3348 ) ) ;
#353 = CIRCLE ( 'NONE', #1868, 0.5000000000000746070 ) ;
#354 = VECTOR ( 'NONE', #3196, 1000.000000000000000 ) ;
#355 = AXIS2_PLACEMENT_3D ( 'NONE', #3477, #730, #1513 ) ;
#356 = EDGE_CURVE ( 'NONE', #881, #3550, #735, .T. ) ;
#357 = VECTOR ( 'NONE', #1652, 1000.000000000000000 ) ;
#358 = LINE ( 'NONE', #2237, #1807 ) ;
#359 = ORIENTED_EDGE ( 'NONE', *, *, #966, .F. ) ;
#360 = EDGE_CURVE ( 'NONE', #2882, #519, #1829, .T. ) ;
#361 =( NAMED_UNIT ( * ) PLANE_ANGLE_UNIT ( ) SI_UNIT ( $, .RADIAN. ) );
#362 = LINE ( 'NONE', #2306, #2388 ) ;
#363 = CARTESIAN_POINT ( 'NONE',  ( 2.350000000000000089, 0.6500000000000000222, 0.6000000000000007550 ) ) ;
#364 = FACE_OUTER_BOUND ( 'NONE', #873, .T. ) ;
#365 =( LENGTH_UNIT ( ) NAMED_UNIT ( * ) SI_UNIT ( .MILLI., .METRE. ) );
#366 = ORIENTED_EDGE ( 'NONE', *, *, #637, .F. ) ;
#367 = VERTEX_POINT ( 'NONE', #2631 ) ;
#368 = COLOUR_RGB ( '',0.8941176470588234615, 0.9137254901960784048, 0.9294117647058823817 ) ;
#369 = LINE ( 'NONE', #2588, #1678 ) ;
#370 = EDGE_LOOP ( 'NONE', ( #1434, #1518, #1170, #2762 ) ) ;
#371 = EDGE_CURVE ( 'NONE', #1208, #2698, #148, .T. ) ;
#372 = VECTOR ( 'NONE', #2751, 1000.000000000000000 ) ;
#373 = CARTESIAN_POINT ( 'NONE',  ( -2.650000000000000799, 0.6500000000000000222, 0.5999999999999998668 ) ) ;
#374 = LINE ( 'NONE', #1486, #2196 ) ;
#375 = ORIENTED_EDGE ( 'NONE', *, *, #2838, .T. ) ;
#376 = EDGE_CURVE ( 'NONE', #2715, #2469, #2650, .T. ) ;
#377 = DIRECTION ( 'NONE',  ( -1.000000000000000000, 0.0000000000000000000, 0.0000000000000000000 ) ) ;
#378 =( LENGTH_UNIT ( ) NAMED_UNIT ( * ) SI_UNIT ( .MILLI., .METRE. ) );
#379 = DIRECTION ( 'NONE',  ( -0.0000000000000000000, -0.0000000000000000000, -1.000000000000000000 ) ) ;
#380 = VECTOR ( 'NONE', #1621, 1000.000000000000000 ) ;
#381 = SURFACE_STYLE_USAGE ( .BOTH. , #634 ) ;
#382 = FILL_AREA_STYLE ('',( #3127 ) ) ;
#383 = ORIENTED_EDGE ( 'NONE', *, *, #3356, .T. ) ;
#384 = VERTEX_POINT ( 'NONE', #1305 ) ;
#385 = TOROIDAL_SURFACE ( 'NONE', #212, 4.800000000000003375, 0.1999999999999999278 ) ;
#386 = PLANE ( 'NONE',  #321 ) ;
#387 = DIRECTION ( 'NONE',  ( 0.0000000000000000000, 1.000000000000000000, 0.0000000000000000000 ) ) ;
#388 = ORIENTED_EDGE ( 'NONE', *, *, #1964, .T. ) ;
#389 = ORIENTED_EDGE ( 'NONE', *, *, #3224, .T. ) ;
#390 = DIRECTION ( 'NONE',  ( 0.0000000000000000000, 0.0000000000000000000, -1.000000000000000000 ) ) ;
#391 = PLANE ( 'NONE',  #1204 ) ;
#392 = ADVANCED_FACE ( 'NONE', ( #2446 ), #821, .T. ) ;
#393 = STYLED_ITEM ( 'NONE', ( #1725 ), #1730 ) ;
#394 = ORIENTED_EDGE ( 'NONE', *, *, #3206, .T. ) ;
#395 = PRESENTATION_LAYER_ASSIGNMENT (  '', '', ( #224 ) ) ;
#396 = DIRECTION ( 'NONE',  ( -1.000000000000000000, -1.032573497605242224E-16, 0.0000000000000000000 ) ) ;
#397 = ADVANCED_FACE ( 'NONE', ( #2147 ), #1882, .T. ) ;
#398 = FILL_AREA_STYLE_COLOUR ( '', #492 ) ;
#399 = EDGE_CURVE ( 'NONE', #2627, #3012, #2702, .T. ) ;
#400 =( LENGTH_UNIT ( ) NAMED_UNIT ( * ) SI_UNIT ( .MILLI., .METRE. ) );
#401 = CARTESIAN_POINT ( 'NONE',  ( -2.700000000000001510, 0.6500000000000000222, 0.1999999999999996503 ) ) ;
#402 = VECTOR ( 'NONE', #1383, 1000.000000000000000 ) ;
#403 = DIRECTION ( 'NONE',  ( 0.0000000000000000000, 1.000000000000000000, 0.0000000000000000000 ) ) ;
#404 = EDGE_CURVE ( 'NONE', #762, #1698, #1418, .T. ) ;
#405 = DIRECTION ( 'NONE',  ( 0.0000000000000000000, 0.0000000000000000000, 1.000000000000000000 ) ) ;
#406 = ORIENTED_EDGE ( 'NONE', *, *, #3297, .T. ) ;
#407 = PRESENTATION_STYLE_ASSIGNMENT (( #1038 ) ) ;
#408 = ORIENTED_EDGE ( 'NONE', *, *, #725, .T. ) ;
#409 = CARTESIAN_POINT ( 'NONE',  ( 2.650000000000000799, 0.6500000000000000222, 0.09900000000000001854 ) ) ;
#410 = VERTEX_POINT ( 'NONE', #3318 ) ;
#411 = MECHANICAL_DESIGN_GEOMETRIC_PRESENTATION_REPRESENTATION (  '', ( #1742 ), #1395 ) ;
#412 = SURFACE_SIDE_STYLE ('',( #1162 ) ) ;
#413 = COLOUR_RGB ( '',0.8941176470588234615, 0.9137254901960784048, 0.9294117647058823817 ) ;
#414 = UNCERTAINTY_MEASURE_WITH_UNIT (LENGTH_MEASURE( 1.000000000000000082E-05 ), #365, 'distance_accuracy_value', 'NONE');
#415 = CARTESIAN_POINT ( 'NONE',  ( 6.123233995736770227E-16, -5.000000000000002665, 0.5999999999999998668 ) ) ;
#416 = VECTOR ( 'NONE', #3432, 1000.000000000000000 ) ;
#417 = DIRECTION ( 'NONE',  ( 1.000000000000000000, 0.0000000000000000000, -2.516897900412780756E-16 ) ) ;
#418 = ORIENTED_EDGE ( 'NONE', *, *, #2182, .F. ) ;
#419 = VECTOR ( 'NONE', #1776, 1000.000000000000000 ) ;
#420 = CARTESIAN_POINT ( 'NONE',  ( 3.199999999999999734, 5.199999999999999289, 2.100000000000000089 ) ) ;
#421 = CARTESIAN_POINT ( 'NONE',  ( -2.000000000000002665, 5.199999999999999289, 0.8999999999999996891 ) ) ;
#422 = ADVANCED_FACE ( 'NONE', ( #578 ), #2767, .T. ) ;
#423 = CARTESIAN_POINT ( 'NONE',  ( -2.700000000000001510, 0.6500000000000000222, 0.2999999999999997113 ) ) ;
#424 = ORIENTED_EDGE ( 'NONE', *, *, #564, .T. ) ;
#425 = FILL_AREA_STYLE_COLOUR ( '', #2146 ) ;
#426 = ORIENTED_EDGE ( 'NONE', *, *, #3449, .T. ) ;
#427 = EDGE_CURVE ( 'NONE', #1751, #940, #296, .T. ) ;
#428 = LINE ( 'NONE', #2120, #3103 ) ;
#429 = STYLED_ITEM ( 'NONE', ( #630 ), #62 ) ;
#430 = FILL_AREA_STYLE_COLOUR ( '', #1165 ) ;
#431 =( NAMED_UNIT ( * ) PLANE_ANGLE_UNIT ( ) SI_UNIT ( $, .RADIAN. ) );
#432 = MECHANICAL_DESIGN_GEOMETRIC_PRESENTATION_REPRESENTATION (  '', ( #2617 ), #2741 ) ;
#433 = DIRECTION ( 'NONE',  ( -0.7071067811865474617, 0.7071067811865474617, 0.0000000000000000000 ) ) ;
#434 = FILL_AREA_STYLE_COLOUR ( '', #170 ) ;
#435 = ORIENTED_EDGE ( 'NONE', *, *, #1465, .T. ) ;
#436 = VECTOR ( 'NONE', #2686, 1000.000000000000000 ) ;
#437 = SURFACE_SIDE_STYLE ('',( #1272 ) ) ;
#438 = FILL_AREA_STYLE_COLOUR ( '', #536 ) ;
#439 = CARTESIAN_POINT ( 'NONE',  ( -2.649999999999999911, -0.6500000000000000222, 0.09900000000000001854 ) ) ;
#440 = AXIS2_PLACEMENT_3D ( 'NONE', #1550, #2976, #766 ) ;
#441 = CARTESIAN_POINT ( 'NONE',  ( -1.800000000000000044, 0.7000000000000006217, 0.1000000000000000056 ) ) ;
#442 = DIRECTION ( 'NONE',  ( -1.000000000000000000, 0.0000000000000000000, 0.0000000000000000000 ) ) ;
#443 = VERTEX_POINT ( 'NONE', #1404 ) ;
#444 = EDGE_CURVE ( 'NONE', #3427, #1791, #3328, .T. ) ;
#445 = DIRECTION ( 'NONE',  ( 0.0000000000000000000, 0.0000000000000000000, -1.000000000000000000 ) ) ;
#446 = CIRCLE ( 'NONE', #31, 0.1999999999999996503 ) ;
#447 = ORIENTED_EDGE ( 'NONE', *, *, #1202, .F. ) ;
#448 =( NAMED_UNIT ( * ) SI_UNIT ( $, .STERADIAN. ) SOLID_ANGLE_UNIT ( ) );
#449 = CARTESIAN_POINT ( 'NONE',  ( -5.200000000000001066, -0.6999999999999986233, 0.1000000000000000056 ) ) ;
#450 = ORIENTED_EDGE ( 'NONE', *, *, #1417, .F. ) ;
#451 = EDGE_CURVE ( 'NONE', #1706, #182, #615, .T. ) ;
#452 = ORIENTED_EDGE ( 'NONE', *, *, #3423, .T. ) ;
#453 = LINE ( 'NONE', #95, #3011 ) ;
#454 = DIRECTION ( 'NONE',  ( 0.0000000000000000000, 1.000000000000000000, 1.224646799147353207E-16 ) ) ;
#455 = FACE_OUTER_BOUND ( 'NONE', #2809, .T. ) ;
#456 = UNCERTAINTY_MEASURE_WITH_UNIT (LENGTH_MEASURE( 1.000000000000000082E-05 ), #1101, 'distance_accuracy_value', 'NONE');
#457 = DIRECTION ( 'NONE',  ( -1.000000000000000000, 0.0000000000000000000, -2.086574912030908108E-16 ) ) ;
#458 = DIRECTION ( 'NONE',  ( 0.0000000000000000000, 1.000000000000000000, 0.0000000000000000000 ) ) ;
#459 = EDGE_LOOP ( 'NONE', ( #565, #469, #1115, #1524 ) ) ;
#460 = SURFACE_SIDE_STYLE ('',( #2944 ) ) ;
#461 = DIRECTION ( 'NONE',  ( -0.0000000000000000000, -0.0000000000000000000, -1.000000000000000000 ) ) ;
#462 = FILL_AREA_STYLE ('',( #155 ) ) ;
#463 = DIRECTION ( 'NONE',  ( -1.000000000000000000, 0.0000000000000000000, -0.0000000000000000000 ) ) ;
#464 = ORIENTED_EDGE ( 'NONE', *, *, #2692, .F. ) ;
#465 = VECTOR ( 'NONE', #2059, 1000.000000000000000 ) ;
#466 = PRESENTATION_STYLE_ASSIGNMENT (( #2930 ) ) ;
#467 = CYLINDRICAL_SURFACE ( 'NONE', #3502, 5.000000000000002665 ) ;
#468 = LINE ( 'NONE', #1566, #1441 ) ;
#469 = ORIENTED_EDGE ( 'NONE', *, *, #1054, .F. ) ;
#470 = EDGE_CURVE ( 'NONE', #2786, #3347, #331, .T. ) ;
#471 = DIRECTION ( 'NONE',  ( 0.0000000000000000000, 1.000000000000000000, 9.341476080721904614E-17 ) ) ;
#472 = CARTESIAN_POINT ( 'NONE',  ( 5.499999999999999112, -0.6500000000000000222, 2.589803236230023287E-16 ) ) ;
#473 = FILL_AREA_STYLE ('',( #3000 ) ) ;
#474 = ORIENTED_EDGE ( 'NONE', *, *, #1485, .F. ) ;
#475 = VECTOR ( 'NONE', #2255, 1000.000000000000000 ) ;
#476 = EDGE_CURVE ( 'NONE', #2715, #1761, #1433, .T. ) ;
#477 =( NAMED_UNIT ( * ) PLANE_ANGLE_UNIT ( ) SI_UNIT ( $, .RADIAN. ) );
#478 = VECTOR ( 'NONE', #1174, 1000.000000000000000 ) ;
#479 = CARTESIAN_POINT ( 'NONE',  ( 0.0000000000000000000, 0.0000000000000000000, 0.6000000000000006439 ) ) ;
#480 = AXIS2_PLACEMENT_3D ( 'NONE', #1092, #2413, #3278 ) ;
#481 = COLOUR_RGB ( '',0.8941176470588234615, 0.9137254901960784048, 0.9294117647058823817 ) ;
#482 =( NAMED_UNIT ( * ) SI_UNIT ( $, .STERADIAN. ) SOLID_ANGLE_UNIT ( ) );
#483 = FACE_OUTER_BOUND ( 'NONE', #662, .T. ) ;
#484 = ORIENTED_EDGE ( 'NONE', *, *, #702, .F. ) ;
#485 =( GEOMETRIC_REPRESENTATION_CONTEXT ( 3 ) GLOBAL_UNCERTAINTY_ASSIGNED_CONTEXT ( ( #3121 ) ) GLOBAL_UNIT_ASSIGNED_CONTEXT ( ( #2826, #3338, #649 ) ) REPRESENTATION_CONTEXT ( 'NONE', 'WORKASPACE' ) );
#486 = AXIS2_PLACEMENT_3D ( 'NONE', #1870, #1372, #2462 ) ;
#487 = CARTESIAN_POINT ( 'NONE',  ( 6.123233995736770227E-16, -5.000000000000002665, 10.10000000000000142 ) ) ;
#488 = FILL_AREA_STYLE ('',( #1247 ) ) ;
#489 = CARTESIAN_POINT ( 'NONE',  ( 1.999999999999997113, 5.199999999999999289, 1.099999999999999423 ) ) ;
#490 = EDGE_LOOP ( 'NONE', ( #2666, #2118, #2899, #3287 ) ) ;
#491 = DIRECTION ( 'NONE',  ( 0.0000000000000000000, 0.0000000000000000000, 1.000000000000000000 ) ) ;
#492 = COLOUR_RGB ( '',0.8941176470588234615, 0.9137254901960784048, 0.9294117647058823817 ) ;
#493 = CARTESIAN_POINT ( 'NONE',  ( 0.0000000000000000000, -3.368819940857715439E-16, 10.41000000000000014 ) ) ;
#494 = CARTESIAN_POINT ( 'NONE',  ( 0.0000000000000000000, -1.200153863164406345E-15, 10.40000000000000213 ) ) ;
#495 = EDGE_CURVE ( 'NONE', #847, #57, #1124, .T. ) ;
#496 =( LENGTH_UNIT ( ) NAMED_UNIT ( * ) SI_UNIT ( .MILLI., .METRE. ) );
#497 = EDGE_LOOP ( 'NONE', ( #366, #282, #3022, #226 ) ) ;
#498 =( LENGTH_UNIT ( ) NAMED_UNIT ( * ) SI_UNIT ( .MILLI., .METRE. ) );
#499 = CARTESIAN_POINT ( 'NONE',  ( 0.0000000000000000000, 0.0000000000000000000, 1.099999999999999201 ) ) ;
#500 =( LENGTH_UNIT ( ) NAMED_UNIT ( * ) SI_UNIT ( .MILLI., .METRE. ) );
#501 = CARTESIAN_POINT ( 'NONE',  ( -2.700000000000001510, 0.6500000000000000222, 0.2999999999999997113 ) ) ;
#502 = CARTESIAN_POINT ( 'NONE',  ( 3.535533905932737753, 3.535533905932637833, 0.1500000000000000222 ) ) ;
#503 = CARTESIAN_POINT ( 'NONE',  ( -5.200000000000001066, 5.199999999999998401, 2.100000000000000089 ) ) ;
#504 = ORIENTED_EDGE ( 'NONE', *, *, #2093, .F. ) ;
#505 = PRESENTATION_LAYER_ASSIGNMENT (  '', '', ( #3319 ) ) ;
#506 = CARTESIAN_POINT ( 'NONE',  ( -2.350000000000000089, -0.6500000000000000222, 0.5999999999999998668 ) ) ;
#507 = ORIENTED_EDGE ( 'NONE', *, *, #2724, .F. ) ;
#508 = CIRCLE ( 'NONE', #440, 0.3000000000000005995 ) ;
#509 = DIRECTION ( 'NONE',  ( 1.239088197126290669E-15, 1.000000000000000000, 0.0000000000000000000 ) ) ;
#510 =( NAMED_UNIT ( * ) PLANE_ANGLE_UNIT ( ) SI_UNIT ( $, .RADIAN. ) );
#511 = CARTESIAN_POINT ( 'NONE',  ( -2.000000000000002665, 4.637078821844630383, 0.8999999999999996891 ) ) ;
#512 = AXIS2_PLACEMENT_3D ( 'NONE', #493, #1335, #1322 ) ;
#513 = EDGE_CURVE ( 'NONE', #1680, #1496, #595, .T. ) ;
#514 = LINE ( 'NONE', #2199, #1570 ) ;
#515 = CARTESIAN_POINT ( 'NONE',  ( -2.700000000000001510, -0.6500000000000000222, 0.2999999999999997113 ) ) ;
#516 = LINE ( 'NONE', #811, #836 ) ;
#517 = SURFACE_STYLE_FILL_AREA ( #3004 ) ;
#518 = ADVANCED_FACE ( 'NONE', ( #1697 ), #771, .F. ) ;
#519 = VERTEX_POINT ( 'NONE', #1186 ) ;
#520 = FILL_AREA_STYLE_COLOUR ( '', #779 ) ;
#521 = AXIS2_PLACEMENT_3D ( 'NONE', #2468, #3570, #2780 ) ;
#522 =( GEOMETRIC_REPRESENTATION_CONTEXT ( 3 ) GLOBAL_UNCERTAINTY_ASSIGNED_CONTEXT ( ( #2545 ) ) GLOBAL_UNIT_ASSIGNED_CONTEXT ( ( #2770, #1128, #3332 ) ) REPRESENTATION_CONTEXT ( 'NONE', 'WORKASPACE' ) );
#523 = DIRECTION ( 'NONE',  ( -0.0000000000000000000, -0.0000000000000000000, 1.000000000000000000 ) ) ;
#524 = CARTESIAN_POINT ( 'NONE',  ( 0.0000000000000000000, 0.0000000000000000000, 1.099999999999999201 ) ) ;
#525 =( NAMED_UNIT ( * ) SI_UNIT ( $, .STERADIAN. ) SOLID_ANGLE_UNIT ( ) );
#526 = ORIENTED_EDGE ( 'NONE', *, *, #3224, .F. ) ;
#527 = CARTESIAN_POINT ( 'NONE',  ( 5.510910596163092514E-16, -4.500000000000002665, 0.6000000000000000888 ) ) ;
#528 = DIRECTION ( 'NONE',  ( 0.0000000000000000000, 1.000000000000000000, 0.0000000000000000000 ) ) ;
#529 = ORIENTED_EDGE ( 'NONE', *, *, #285, .T. ) ;
#530 = STYLED_ITEM ( 'NONE', ( #3070 ), #3035 ) ;
#531 = PRESENTATION_STYLE_ASSIGNMENT (( #3005 ) ) ;
#532 = ORIENTED_EDGE ( 'NONE', *, *, #543, .F. ) ;
#533 = AXIS2_PLACEMENT_3D ( 'NONE', #159, #3239, #3182 ) ;
#534 = FACE_OUTER_BOUND ( 'NONE', #1029, .T. ) ;
#535 = MECHANICAL_DESIGN_GEOMETRIC_PRESENTATION_REPRESENTATION (  '', ( #1636 ), #485 ) ;
#536 = COLOUR_RGB ( '',0.8941176470588234615, 0.9137254901960784048, 0.9294117647058823817 ) ;
#537 = ADVANCED_FACE ( 'NONE', ( #1727 ), #88, .F. ) ;
#538 = DIRECTION ( 'NONE',  ( -0.0000000000000000000, 1.224646799147353207E-16, -1.000000000000000000 ) ) ;
#539 = AXIS2_PLACEMENT_3D ( 'NONE', #1363, #3541, #3045 ) ;
#540 = FACE_OUTER_BOUND ( 'NONE', #1226, .T. ) ;
#541 = CIRCLE ( 'NONE', #3353, 0.5000000000000750511 ) ;
#542 = EDGE_LOOP ( 'NONE', ( #1264, #2978, #2133, #258 ) ) ;
#543 = EDGE_CURVE ( 'NONE', #2689, #1455, #1206, .T. ) ;
#544 = DIRECTION ( 'NONE',  ( -0.0000000000000000000, 1.224646799147353207E-16, -1.000000000000000000 ) ) ;
#545 = DIRECTION ( 'NONE',  ( 0.0000000000000000000, 1.000000000000000000, 1.224646799147353207E-16 ) ) ;
#546 = ORIENTED_EDGE ( 'NONE', *, *, #1413, .F. ) ;
#547 = FACE_OUTER_BOUND ( 'NONE', #1235, .T. ) ;
#548 = DIRECTION ( 'NONE',  ( -1.000000000000000000, 0.0000000000000000000, -0.0000000000000000000 ) ) ;
#549 = CYLINDRICAL_SURFACE ( 'NONE', #1986, 0.3000000000000005440 ) ;
#550 = SURFACE_STYLE_USAGE ( .BOTH. , #1067 ) ;
#551 = ORIENTED_EDGE ( 'NONE', *, *, #3423, .F. ) ;
#552 =( NAMED_UNIT ( * ) PLANE_ANGLE_UNIT ( ) SI_UNIT ( $, .RADIAN. ) );
#553 = ORIENTED_EDGE ( 'NONE', *, *, #2308, .F. ) ;
#554 = PRESENTATION_STYLE_ASSIGNMENT (( #254 ) ) ;
#555 = FACE_OUTER_BOUND ( 'NONE', #3501, .T. ) ;
#556 = ADVANCED_FACE ( 'NONE', ( #2553 ), #3376, .F. ) ;
#557 = CARTESIAN_POINT ( 'NONE',  ( 2.700000000000001510, -0.6500000000000000222, 0.2999999999999997113 ) ) ;
#558 = EDGE_LOOP ( 'NONE', ( #1151, #2150, #1207, #1497, #690, #1445, #1384, #617 ) ) ;
#559 = VECTOR ( 'NONE', #1511, 1000.000000000000000 ) ;
#560 = CARTESIAN_POINT ( 'NONE',  ( -2.000000000000002665, 4.637078821844630383, 0.5999999999999998668 ) ) ;
#561 = CARTESIAN_POINT ( 'NONE',  ( 3.035533905932663146, 3.535533905932637833, 0.1000000000000000056 ) ) ;
#562 = COLOUR_RGB ( '',0.8941176470588234615, 0.9137254901960784048, 0.9294117647058823817 ) ;
#563 = ADVANCED_FACE ( 'NONE', ( #2678 ), #799, .F. ) ;
#564 = EDGE_CURVE ( 'NONE', #1362, #2660, #2117, .T. ) ;
#565 = ORIENTED_EDGE ( 'NONE', *, *, #642, .T. ) ;
#566 = VECTOR ( 'NONE', #1184, 1000.000000000000000 ) ;
#567 = EDGE_CURVE ( 'NONE', #2313, #410, #2911, .T. ) ;
#568 = FACE_OUTER_BOUND ( 'NONE', #910, .T. ) ;
#569 = DIRECTION ( 'NONE',  ( -1.355252715606880543E-16, -1.175494350822287645E-32, 1.000000000000000000 ) ) ;
#570 = ORIENTED_EDGE ( 'NONE', *, *, #1584, .T. ) ;
#571 = EDGE_LOOP ( 'NONE', ( #2559, #1735, #1147, #3337 ) ) ;
#572 = SURFACE_STYLE_FILL_AREA ( #1894 ) ;
#573 = CIRCLE ( 'NONE', #1209, 0.3000000000000005995 ) ;
#574 = VERTEX_POINT ( 'NONE', #1605 ) ;
#575 = CARTESIAN_POINT ( 'NONE',  ( 3.535533905932637389, -3.535533905932836340, 0.1500000000000000222 ) ) ;
#576 = AXIS2_PLACEMENT_3D ( 'NONE', #3235, #2973, #2619 ) ;
#577 = CARTESIAN_POINT ( 'NONE',  ( 5.499999999999999112, 0.6500000000000000222, 2.589803236230023287E-16 ) ) ;
#578 = FACE_OUTER_BOUND ( 'NONE', #2321, .T. ) ;
#579 = CIRCLE ( 'NONE', #1560, 0.5000000000000741629 ) ;
#580 = VERTEX_POINT ( 'NONE', #1276 ) ;
#581 = FILL_AREA_STYLE_COLOUR ( '', #6 ) ;
#582 = EDGE_CURVE ( 'NONE', #2031, #1442, #2990, .T. ) ;
#583 = VECTOR ( 'NONE', #3200, 1000.000000000000000 ) ;
#584 = CARTESIAN_POINT ( 'NONE',  ( 6.035959282652092087E-16, -4.857469577113270987, 2.342759126866019059 ) ) ;
#585 = ORIENTED_EDGE ( 'NONE', *, *, #726, .F. ) ;
#586 =( NAMED_UNIT ( * ) SI_UNIT ( $, .STERADIAN. ) SOLID_ANGLE_UNIT ( ) );
#587 = DIRECTION ( 'NONE',  ( -0.0000000000000000000, 1.224646799147353207E-16, -1.000000000000000000 ) ) ;
#588 = CARTESIAN_POINT ( 'NONE',  ( 3.199999999999998845, -5.200000000000001954, 1.099999999999999645 ) ) ;
#589 = CARTESIAN_POINT ( 'NONE',  ( 0.0000000000000000000, 0.6500000000000000222, 0.2500000000000000000 ) ) ;
#590 = STYLED_ITEM ( 'NONE', ( #3566 ), #2113 ) ;
#591 = EDGE_CURVE ( 'NONE', #731, #2247, #203, .T. ) ;
#592 = VECTOR ( 'NONE', #2668, 1000.000000000000000 ) ;
#593 = PLANE ( 'NONE',  #2339 ) ;
#594 = STYLED_ITEM ( 'NONE', ( #407 ), #2317 ) ;
#595 = LINE ( 'NONE', #2519, #436 ) ;
#596 = ORIENTED_EDGE ( 'NONE', *, *, #2279, .F. ) ;
#597 = AXIS2_PLACEMENT_3D ( 'NONE', #439, #2114, #2618 ) ;
#598 = ORIENTED_EDGE ( 'NONE', *, *, #2213, .F. ) ;
#599 = AXIS2_PLACEMENT_3D ( 'NONE', #1661, #2750, #1088 ) ;
#600 =( GEOMETRIC_REPRESENTATION_CONTEXT ( 3 ) GLOBAL_UNCERTAINTY_ASSIGNED_CONTEXT ( ( #1908 ) ) GLOBAL_UNIT_ASSIGNED_CONTEXT ( ( #1357, #2970, #1601 ) ) REPRESENTATION_CONTEXT ( 'NONE', 'WORKASPACE' ) );
#601 = CARTESIAN_POINT ( 'NONE',  ( 2.400000000000000355, -0.6500000000000000222, 0.5999999999999998668 ) ) ;
#602 = ORIENTED_EDGE ( 'NONE', *, *, #1019, .F. ) ;
#603 = SURFACE_SIDE_STYLE ('',( #1443 ) ) ;
#604 = PRESENTATION_STYLE_ASSIGNMENT (( #1684 ) ) ;
#605 = EDGE_CURVE ( 'NONE', #94, #729, #3218, .T. ) ;
#606 = UNCERTAINTY_MEASURE_WITH_UNIT (LENGTH_MEASURE( 1.000000000000000082E-05 ), #1662, 'distance_accuracy_value', 'NONE');
#607 = VERTEX_POINT ( 'NONE', #2951 ) ;
#608 = SHAPE_DEFINITION_REPRESENTATION ( #2737, #1342 ) ;
#609 = COLOUR_RGB ( '',0.8941176470588234615, 0.9137254901960784048, 0.9294117647058823817 ) ;
#610 = DIRECTION ( 'NONE',  ( -0.0000000000000000000, -0.0000000000000000000, 1.000000000000000000 ) ) ;
#611 = FACE_OUTER_BOUND ( 'NONE', #1458, .T. ) ;
#612 = ORIENTED_EDGE ( 'NONE', *, *, #963, .T. ) ;
#613 = DIRECTION ( 'NONE',  ( 0.0000000000000000000, 0.0000000000000000000, 1.000000000000000000 ) ) ;
#614 = COLOUR_RGB ( '',0.3764705882352941124, 0.3764705882352941124, 0.3764705882352941124 ) ;
#615 = LINE ( 'NONE', #1664, #3428 ) ;
#616 = ORIENTED_EDGE ( 'NONE', *, *, #663, .T. ) ;
#617 = ORIENTED_EDGE ( 'NONE', *, *, #2443, .T. ) ;
#618 = AXIS2_PLACEMENT_3D ( 'NONE', #557, #3078, #1710 ) ;
#619 = DIRECTION ( 'NONE',  ( 0.0000000000000000000, 1.000000000000000000, 0.0000000000000000000 ) ) ;
#620 = CARTESIAN_POINT ( 'NONE',  ( 0.0000000000000000000, 0.0000000000000000000, 2.151193869821789395 ) ) ;
#621 = STYLED_ITEM ( 'NONE', ( #346 ), #537 ) ;
#622 = EDGE_LOOP ( 'NONE', ( #774, #3072, #11, #2480, #616 ) ) ;
#623 = CARTESIAN_POINT ( 'NONE',  ( 1.999999999999997780, -4.637078821844633048, 0.8999999999999996891 ) ) ;
#624 = AXIS2_PLACEMENT_3D ( 'NONE', #1057, #784, #3184 ) ;
#625 = CIRCLE ( 'NONE', #3374, 0.2000000000000000944 ) ;
#626 = CARTESIAN_POINT ( 'NONE',  ( -5.049999999999999822, 6.184466335694133068E-16, 0.5999999999999998668 ) ) ;
#627 = VERTEX_POINT ( 'NONE', #3179 ) ;
#628 = ADVANCED_FACE ( 'NONE', ( #1328 ), #1835, .T. ) ;
#629 = CARTESIAN_POINT ( 'NONE',  ( -1.800000000000000044, -0.6999999999999992895, 0.2500000000000000000 ) ) ;
#630 = PRESENTATION_STYLE_ASSIGNMENT (( #2831 ) ) ;
#631 = CARTESIAN_POINT ( 'NONE',  ( -1.800000000000000044, -0.6999999999999992895, 0.2500000000000000000 ) ) ;
#632 = ADVANCED_FACE ( 'NONE', ( #483 ), #2422, .F. ) ;
#633 = DIRECTION ( 'NONE',  ( 0.0000000000000000000, 1.000000000000000000, 9.637352644315589080E-17 ) ) ;
#634 = SURFACE_SIDE_STYLE ('',( #123 ) ) ;
#635 = ORIENTED_EDGE ( 'NONE', *, *, #1505, .F. ) ;
#636 = ORIENTED_EDGE ( 'NONE', *, *, #3533, .F. ) ;
#637 = EDGE_CURVE ( 'NONE', #2232, #2734, #2390, .T. ) ;
#638 = DIRECTION ( 'NONE',  ( -1.000000000000000000, 0.0000000000000000000, 0.0000000000000000000 ) ) ;
#639 = ORIENTED_EDGE ( 'NONE', *, *, #795, .F. ) ;
#640 =( GEOMETRIC_REPRESENTATION_CONTEXT ( 3 ) GLOBAL_UNCERTAINTY_ASSIGNED_CONTEXT ( ( #2649 ) ) GLOBAL_UNIT_ASSIGNED_CONTEXT ( ( #2495, #2421, #2453 ) ) REPRESENTATION_CONTEXT ( 'NONE', 'WORKASPACE' ) );
#641 = DIRECTION ( 'NONE',  ( -0.0000000000000000000, -0.0000000000000000000, -1.000000000000000000 ) ) ;
#642 = EDGE_CURVE ( 'NONE', #1680, #3205, #1588, .T. ) ;
#643 = TOROIDAL_SURFACE ( 'NONE', #2868, 4.700000000000001954, 0.1999999999999999278 ) ;
#644 = CIRCLE ( 'NONE', #2586, 4.500000000000002665 ) ;
#645 = PLANE ( 'NONE',  #2025 ) ;
#646 = UNCERTAINTY_MEASURE_WITH_UNIT (LENGTH_MEASURE( 1.000000000000000082E-05 ), #3189, 'distance_accuracy_value', 'NONE');
#647 = DIRECTION ( 'NONE',  ( 1.000000000000000000, 8.340016711426957754E-17, -0.0000000000000000000 ) ) ;
#648 = ORIENTED_EDGE ( 'NONE', *, *, #202, .T. ) ;
#649 =( NAMED_UNIT ( * ) SI_UNIT ( $, .STERADIAN. ) SOLID_ANGLE_UNIT ( ) );
#650 = CARTESIAN_POINT ( 'NONE',  ( 3.535533905932637389, -3.535533905932836340, 0.1000000000000000056 ) ) ;
#651 = FILL_AREA_STYLE ('',( #701 ) ) ;
#652 = DIRECTION ( 'NONE',  ( 8.340016711426957754E-17, -1.000000000000000000, 0.0000000000000000000 ) ) ;
#653 = DIRECTION ( 'NONE',  ( 0.0000000000000000000, -0.9578262852211514300, 0.2873478855663450515 ) ) ;
#654 = DIRECTION ( 'NONE',  ( 0.0000000000000000000, 0.0000000000000000000, -1.000000000000000000 ) ) ;
#655 =( LENGTH_UNIT ( ) NAMED_UNIT ( * ) SI_UNIT ( .MILLI., .METRE. ) );
#656 = ORIENTED_EDGE ( 'NONE', *, *, #2433, .T. ) ;
#657 = EDGE_CURVE ( 'NONE', #2510, #1549, #2095, .T. ) ;
#658 = CONICAL_SURFACE ( 'NONE', #721, 4.857469577113270987, 1.279339532317029793 ) ;
#659 = ORIENTED_EDGE ( 'NONE', *, *, #605, .F. ) ;
#660 = PRESENTATION_STYLE_ASSIGNMENT (( #2012 ) ) ;
#661 =( NAMED_UNIT ( * ) PLANE_ANGLE_UNIT ( ) SI_UNIT ( $, .RADIAN. ) );
#662 = EDGE_LOOP ( 'NONE', ( #1961, #2155, #2078, #1188 ) ) ;
#663 = EDGE_CURVE ( 'NONE', #38, #246, #1563, .T. ) ;
#664 = ORIENTED_EDGE ( 'NONE', *, *, #2602, .T. ) ;
#665 = VECTOR ( 'NONE', #2451, 1000.000000000000000 ) ;
#666 = COLOUR_RGB ( '',0.8941176470588234615, 0.9137254901960784048, 0.9294117647058823817 ) ;
#667 = CARTESIAN_POINT ( 'NONE',  ( 2.700000000000001510, 0.6500000000000000222, -9.215718466126787689E-16 ) ) ;
#668 = ORIENTED_EDGE ( 'NONE', *, *, #2692, .T. ) ;
#669 = DIRECTION ( 'NONE',  ( 1.000000000000000000, 0.0000000000000000000, -0.0000000000000000000 ) ) ;
#670 = DIRECTION ( 'NONE',  ( 0.0000000000000000000, 1.000000000000000000, 1.224646799147353207E-16 ) ) ;
#671 = DIRECTION ( 'NONE',  ( -1.000000000000000000, 2.065146995210485188E-16, 0.0000000000000000000 ) ) ;
#672 = ORIENTED_EDGE ( 'NONE', *, *, #879, .T. ) ;
#673 = ORIENTED_EDGE ( 'NONE', *, *, #1013, .F. ) ;
#674 = DIRECTION ( 'NONE',  ( 1.000000000000000000, 0.0000000000000000000, 0.0000000000000000000 ) ) ;
#675 = CARTESIAN_POINT ( 'NONE',  ( 2.400000000000000355, -0.6500000000000000222, 0.5999999999999998668 ) ) ;
#676 = AXIS2_PLACEMENT_3D ( 'NONE', #986, #696, #3465 ) ;
#677 = VERTEX_POINT ( 'NONE', #3456 ) ;
#678 = ADVANCED_FACE ( 'NONE', ( #181 ), #1071, .T. ) ;
#679 = EDGE_CURVE ( 'NONE', #3128, #1496, #2874, .T. ) ;
#680 = LINE ( 'NONE', #2300, #3505 ) ;
#681 = FACE_BOUND ( 'NONE', #2837, .T. ) ;
#682 = SURFACE_STYLE_USAGE ( .BOTH. , #98 ) ;
#683 = ORIENTED_EDGE ( 'NONE', *, *, #2248, .T. ) ;
#684 = FACE_OUTER_BOUND ( 'NONE', #315, .T. ) ;
#685 = CIRCLE ( 'NONE', #1254, 4.642530422886734343 ) ;
#686 = CARTESIAN_POINT ( 'NONE',  ( 5.199999999999998401, -3.200000000000001510, 1.099999999999999867 ) ) ;
#687 = MECHANICAL_DESIGN_GEOMETRIC_PRESENTATION_REPRESENTATION (  '', ( #208 ), #912 ) ;
#688 = CARTESIAN_POINT ( 'NONE',  ( 0.0000000000000000000, 9.294353041140856865E-32, 0.5999999999999998668 ) ) ;
#689 = COLOUR_RGB ( '',0.8941176470588234615, 0.9137254901960784048, 0.9294117647058823817 ) ;
#690 = ORIENTED_EDGE ( 'NONE', *, *, #1421, .F. ) ;
#691 =( LENGTH_UNIT ( ) NAMED_UNIT ( * ) SI_UNIT ( .MILLI., .METRE. ) );
#692 = DIRECTION ( 'NONE',  ( 0.0000000000000000000, 0.0000000000000000000, -1.000000000000000000 ) ) ;
#693 = ORIENTED_EDGE ( 'NONE', *, *, #2086, .T. ) ;
#694 = DIRECTION ( 'NONE',  ( -0.0000000000000000000, 1.224646799147353207E-16, -1.000000000000000000 ) ) ;
#695 =( GEOMETRIC_REPRESENTATION_CONTEXT ( 3 ) GLOBAL_UNCERTAINTY_ASSIGNED_CONTEXT ( ( #3191 ) ) GLOBAL_UNIT_ASSIGNED_CONTEXT ( ( #740, #2131, #1834 ) ) REPRESENTATION_CONTEXT ( 'NONE', 'WORKASPACE' ) );
#696 = DIRECTION ( 'NONE',  ( -0.0000000000000000000, 1.224646799147353207E-16, -1.000000000000000000 ) ) ;
#697 = EDGE_CURVE ( 'NONE', #2660, #922, #2538, .T. ) ;
#698 = ORIENTED_EDGE ( 'NONE', *, *, #329, .F. ) ;
#699 = VECTOR ( 'NONE', #748, 1000.000000000000000 ) ;
#700 = DIRECTION ( 'NONE',  ( 1.000000000000000000, 0.0000000000000000000, -2.516897900412780756E-16 ) ) ;
#701 = FILL_AREA_STYLE_COLOUR ( '', #1240 ) ;
#702 = EDGE_CURVE ( 'NONE', #3112, #2757, #961, .T. ) ;
#703 =( NAMED_UNIT ( * ) SI_UNIT ( $, .STERADIAN. ) SOLID_ANGLE_UNIT ( ) );
#704 = LINE ( 'NONE', #1796, #889 ) ;
#705 = CARTESIAN_POINT ( 'NONE',  ( 1.799999999999999156, 0.7000000000000001776, 0.1000000000000000056 ) ) ;
#706 = CARTESIAN_POINT ( 'NONE',  ( 1.999999999999997113, 4.637078821844633048, 0.8999999999999996891 ) ) ;
#707 = ORIENTED_EDGE ( 'NONE', *, *, #697, .F. ) ;
#708 = PLANE ( 'NONE',  #3016 ) ;
#709 = ORIENTED_EDGE ( 'NONE', *, *, #3206, .F. ) ;
#710 = PRESENTATION_STYLE_ASSIGNMENT (( #142 ) ) ;
#711 = CARTESIAN_POINT ( 'NONE',  ( -2.400000000000000355, -0.6500000000000000222, 0.2999999999999996003 ) ) ;
#712 = VECTOR ( 'NONE', #3412, 1000.000000000000000 ) ;
#713 = ORIENTED_EDGE ( 'NONE', *, *, #1949, .F. ) ;
#714 = AXIS2_PLACEMENT_3D ( 'NONE', #524, #1879, #1629 ) ;
#715 = FILL_AREA_STYLE_COLOUR ( '', #2287 ) ;
#716 = AXIS2_PLACEMENT_3D ( 'NONE', #2128, #759, #2089 ) ;
#717 = AXIS2_PLACEMENT_3D ( 'NONE', #268, #1098, #1376 ) ;
#718 = LINE ( 'NONE', #1812, #840 ) ;
#719 = ORIENTED_EDGE ( 'NONE', *, *, #1731, .F. ) ;
#720 = CIRCLE ( 'NONE', #2894, 0.1999999999999996503 ) ;
#721 = AXIS2_PLACEMENT_3D ( 'NONE', #2220, #3447, #1288 ) ;
#722 = EDGE_CURVE ( 'NONE', #2904, #1675, #937, .T. ) ;
#723 = LINE ( 'NONE', #2674, #2719 ) ;
#724 = CARTESIAN_POINT ( 'NONE',  ( -3.535533905932737309, 3.535533905932737309, 0.1000000000000000056 ) ) ;
#725 = EDGE_CURVE ( 'NONE', #2882, #1208, #1733, .T. ) ;
#726 = EDGE_CURVE ( 'NONE', #1761, #141, #1714, .T. ) ;
#727 = PRESENTATION_STYLE_ASSIGNMENT (( #2407 ) ) ;
#728 = CARTESIAN_POINT ( 'NONE',  ( 3.535533905932637389, -3.535533905932836340, 0.1500000000000000222 ) ) ;
#729 = VERTEX_POINT ( 'NONE', #924 ) ;
#730 = DIRECTION ( 'NONE',  ( -0.0000000000000000000, 1.224646799147353207E-16, -1.000000000000000000 ) ) ;
#731 = VERTEX_POINT ( 'NONE', #1764 ) ;
#732 = CARTESIAN_POINT ( 'NONE',  ( -5.049999999999999822, 6.184466335694133068E-16, 2.100000000000000089 ) ) ;
#733 = DIRECTION ( 'NONE',  ( 1.000000000000000000, -2.232180943352508317E-16, 0.0000000000000000000 ) ) ;
#734 = VECTOR ( 'NONE', #2448, 1000.000000000000000 ) ;
#735 = LINE ( 'NONE', #2925, #3540 ) ;
#736 = FILL_AREA_STYLE_COLOUR ( '', #2711 ) ;
#737 = SURFACE_STYLE_USAGE ( .BOTH. , #2088 ) ;
#738 = CARTESIAN_POINT ( 'NONE',  ( 2.350000000000000089, 0.6500000000000000222, 0.5999999999999998668 ) ) ;
#739 = CARTESIAN_POINT ( 'NONE',  ( -5.499999999999999112, -0.6500000000000000222, 2.589803236230023287E-16 ) ) ;
#740 =( LENGTH_UNIT ( ) NAMED_UNIT ( * ) SI_UNIT ( .MILLI., .METRE. ) );
#741 = DIRECTION ( 'NONE',  ( 0.0000000000000000000, 0.0000000000000000000, 1.000000000000000000 ) ) ;
#742 = ORIENTED_EDGE ( 'NONE', *, *, #851, .T. ) ;
#743 = DIRECTION ( 'NONE',  ( -1.000000000000000000, 0.0000000000000000000, 0.0000000000000000000 ) ) ;
#744 = PRESENTATION_LAYER_ASSIGNMENT (  '', '', ( #1832 ) ) ;
#745 = ORIENTED_EDGE ( 'NONE', *, *, #697, .T. ) ;
#746 = ADVANCED_FACE ( 'NONE', ( #334 ), #386, .F. ) ;
#747 =( NAMED_UNIT ( * ) SI_UNIT ( $, .STERADIAN. ) SOLID_ANGLE_UNIT ( ) );
#748 = DIRECTION ( 'NONE',  ( -1.000000000000000000, 0.0000000000000000000, 0.0000000000000000000 ) ) ;
#749 = VERTEX_POINT ( 'NONE', #1438 ) ;
#750 = ADVANCED_FACE ( 'NONE', ( #55 ), #1089, .T. ) ;
#751 = DIRECTION ( 'NONE',  ( 1.000000000000000000, 2.710505431213761085E-16, 1.355252715606880543E-16 ) ) ;
#752 = VECTOR ( 'NONE', #228, 1000.000000000000000 ) ;
#753 = UNCERTAINTY_MEASURE_WITH_UNIT (LENGTH_MEASURE( 1.000000000000000082E-05 ), #498, 'distance_accuracy_value', 'NONE');
#754 = DIRECTION ( 'NONE',  ( -0.0000000000000000000, -0.0000000000000000000, -1.000000000000000000 ) ) ;
#755 = FILL_AREA_STYLE ('',( #1028 ) ) ;
#756 = ORIENTED_EDGE ( 'NONE', *, *, #851, .F. ) ;
#757 = CARTESIAN_POINT ( 'NONE',  ( -2.400000000000000355, 0.6500000000000000222, 0.2999999999999996003 ) ) ;
#758 = CARTESIAN_POINT ( 'NONE',  ( 2.350000000000000089, 0.6500000000000000222, 0.09900000000000001854 ) ) ;
#759 = DIRECTION ( 'NONE',  ( -0.0000000000000000000, 1.224646799147353207E-16, -1.000000000000000000 ) ) ;
#760 = DIRECTION ( 'NONE',  ( 0.0000000000000000000, 1.000000000000000000, -0.0000000000000000000 ) ) ;
#761 = DIRECTION ( 'NONE',  ( 1.000000000000000000, -0.0000000000000000000, -0.0000000000000000000 ) ) ;
#762 = VERTEX_POINT ( 'NONE', #3499 ) ;
#763 = AXIS2_PLACEMENT_3D ( 'NONE', #1093, #1962, #1715 ) ;
#764 = CARTESIAN_POINT ( 'NONE',  ( 5.878304635907299142E-16, -4.800000000000003375, 2.151193869821788951 ) ) ;
#765 = AXIS2_PLACEMENT_3D ( 'NONE', #3500, #186, #2395 ) ;
#766 = DIRECTION ( 'NONE',  ( 0.0000000000000000000, 0.0000000000000000000, -1.000000000000000000 ) ) ;
#767 = EDGE_CURVE ( 'NONE', #2640, #1744, #685, .T. ) ;
#768 = CARTESIAN_POINT ( 'NONE',  ( 6.123233995736770227E-16, -5.000000000000002665, 0.5999999999999999778 ) ) ;
#769 = CARTESIAN_POINT ( 'NONE',  ( 5.200000000000000178, 3.199999999999998845, 1.099999999999999867 ) ) ;
#770 = EDGE_CURVE ( 'NONE', #519, #1358, #508, .T. ) ;
#771 = CYLINDRICAL_SURFACE ( 'NONE', #3260, 0.1000000000000005884 ) ;
#772 = LINE ( 'NONE', #2107, #2788 ) ;
#773 = DIRECTION ( 'NONE',  ( -0.0000000000000000000, 1.224646799147353207E-16, -1.000000000000000000 ) ) ;
#774 = ORIENTED_EDGE ( 'NONE', *, *, #1532, .T. ) ;
#775 = DIRECTION ( 'NONE',  ( 0.0000000000000000000, 0.0000000000000000000, 1.000000000000000000 ) ) ;
#776 = VECTOR ( 'NONE', #653, 1000.000000000000227 ) ;
#777 = CYLINDRICAL_SURFACE ( 'NONE', #1473, 0.3000000000000005440 ) ;
#778 = SURFACE_STYLE_USAGE ( .BOTH. , #1084 ) ;
#779 = COLOUR_RGB ( '',0.8941176470588234615, 0.9137254901960784048, 0.9294117647058823817 ) ;
#780 = CARTESIAN_POINT ( 'NONE',  ( -2.000000000000002665, 5.199999999999999289, 2.100000000000000089 ) ) ;
#781 =( GEOMETRIC_REPRESENTATION_CONTEXT ( 3 ) GLOBAL_UNCERTAINTY_ASSIGNED_CONTEXT ( ( #1397 ) ) GLOBAL_UNIT_ASSIGNED_CONTEXT ( ( #3269, #213, #3251 ) ) REPRESENTATION_CONTEXT ( 'NONE', 'WORKASPACE' ) );
#782 = SURFACE_STYLE_USAGE ( .BOTH. , #3494 ) ;
#783 = ORIENTED_EDGE ( 'NONE', *, *, #3351, .T. ) ;
#784 = DIRECTION ( 'NONE',  ( -0.0000000000000000000, -1.000000000000000000, 0.0000000000000000000 ) ) ;
#785 = LINE ( 'NONE', #489, #2871 ) ;
#786 = EDGE_LOOP ( 'NONE', ( #1968, #2836, #383, #2332, #106 ) ) ;
#787 = CARTESIAN_POINT ( 'NONE',  ( -2.350000000000000089, -0.6500000000000000222, 0.2500000000000000000 ) ) ;
#788 = EDGE_CURVE ( 'NONE', #1132, #940, #1262, .T. ) ;
#789 = SURFACE_STYLE_FILL_AREA ( #303 ) ;
#790 = ORIENTED_EDGE ( 'NONE', *, *, #642, .F. ) ;
#791 = EDGE_CURVE ( 'NONE', #1675, #729, #1608, .T. ) ;
#792 = VECTOR ( 'NONE', #968, 1000.000000000000000 ) ;
#793 = DIRECTION ( 'NONE',  ( 0.0000000000000000000, -1.000000000000000000, -9.341476080721904614E-17 ) ) ;
#794 = PRESENTATION_LAYER_ASSIGNMENT (  '', '', ( #2331 ) ) ;
#795 = EDGE_CURVE ( 'NONE', #3165, #1478, #1840, .T. ) ;
#796 =( NAMED_UNIT ( * ) SI_UNIT ( $, .STERADIAN. ) SOLID_ANGLE_UNIT ( ) );
#797 = CARTESIAN_POINT ( 'NONE',  ( 0.0000000000000000000, 0.0000000000000000000, 2.598806130178211937 ) ) ;
#798 = VECTOR ( 'NONE', #2349, 1000.000000000000000 ) ;
#799 = CYLINDRICAL_SURFACE ( 'NONE', #2334, 0.5000000000000746070 ) ;
#800 = EDGE_LOOP ( 'NONE', ( #709, #1836, #950, #1960 ) ) ;
#801 = SURFACE_SIDE_STYLE ('',( #292 ) ) ;
#802 = CARTESIAN_POINT ( 'NONE',  ( -2.650000000000000799, 0.6500000000000000222, 0.09900000000000001854 ) ) ;
#803 = DIRECTION ( 'NONE',  ( 8.673617379884036705E-17, -1.000000000000000000, -0.0000000000000000000 ) ) ;
#804 = EDGE_LOOP ( 'NONE', ( #1628, #817, #790, #310 ) ) ;
#805 = CONICAL_SURFACE ( 'NONE', #2922, 4.642530422886734343, 1.279339532317029793 ) ;
#806 = CARTESIAN_POINT ( 'NONE',  ( 0.0000000000000000000, 0.0000000000000000000, 0.6000000000000006439 ) ) ;
#807 = SURFACE_STYLE_FILL_AREA ( #3264 ) ;
#808 = CARTESIAN_POINT ( 'NONE',  ( 1.999999999999997113, 5.199999999999999289, 0.8999999999999996891 ) ) ;
#809 = EDGE_CURVE ( 'NONE', #677, #3248, #1193, .T. ) ;
#810 = CARTESIAN_POINT ( 'NONE',  ( -2.000000000000001776, -5.200000000000001954, 0.8999999999999996891 ) ) ;
#811 = CARTESIAN_POINT ( 'NONE',  ( -2.600000000000000533, -0.6500000000000000222, 0.5999999999999998668 ) ) ;
#812 = ORIENTED_EDGE ( 'NONE', *, *, #1330, .F. ) ;
#813 = DIRECTION ( 'NONE',  ( -0.0000000000000000000, 1.224646799147353207E-16, -1.000000000000000000 ) ) ;
#814 = SURFACE_STYLE_FILL_AREA ( #251 ) ;
#815 = SURFACE_STYLE_FILL_AREA ( #234 ) ;
#816 = ADVANCED_FACE ( 'NONE', ( #2955 ), #467, .T. ) ;
#817 = ORIENTED_EDGE ( 'NONE', *, *, #2356, .F. ) ;
#818 = LINE ( 'NONE', #1365, #402 ) ;
#819 = VECTOR ( 'NONE', #3543, 1000.000000000000000 ) ;
#820 =( LENGTH_UNIT ( ) NAMED_UNIT ( * ) SI_UNIT ( .MILLI., .METRE. ) );
#821 = CYLINDRICAL_SURFACE ( 'NONE', #1827, 4.700000000000001954 ) ;
#822 = DIRECTION ( 'NONE',  ( -1.000000000000000000, 0.0000000000000000000, 0.0000000000000000000 ) ) ;
#823 = CARTESIAN_POINT ( 'NONE',  ( 2.600000000000000533, -0.6500000000000000222, 0.2999999999999997113 ) ) ;
#824 = AXIS2_PLACEMENT_3D ( 'NONE', #2653, #1582, #172 ) ;
#825 = UNCERTAINTY_MEASURE_WITH_UNIT (LENGTH_MEASURE( 1.000000000000000082E-05 ), #3280, 'distance_accuracy_value', 'NONE');
#826 = CYLINDRICAL_SURFACE ( 'NONE', #3082, 5.000000000000002665 ) ;
#827 = STYLED_ITEM ( 'NONE', ( #1771 ), #2842 ) ;
#828 = CARTESIAN_POINT ( 'NONE',  ( -2.613397459621556784, -0.6500000000000000222, 0.2500000000000000000 ) ) ;
#829 = ORIENTED_EDGE ( 'NONE', *, *, #770, .F. ) ;
#830 = CIRCLE ( 'NONE', #1634, 5.000000000000002665 ) ;
#831 = DIRECTION ( 'NONE',  ( -0.0000000000000000000, 1.224646799147353207E-16, -1.000000000000000000 ) ) ;
#832 = FACE_OUTER_BOUND ( 'NONE', #1762, .T. ) ;
#833 = ORIENTED_EDGE ( 'NONE', *, *, #1843, .F. ) ;
#834 = CONICAL_SURFACE ( 'NONE', #3238, 4.642530422886734343, 1.279339532317029793 ) ;
#835 = PLANE ( 'NONE',  #302 ) ;
#836 = VECTOR ( 'NONE', #528, 1000.000000000000000 ) ;
#837 = ADVANCED_FACE ( 'NONE', ( #2426 ), #2713, .F. ) ;
#838 = EDGE_CURVE ( 'NONE', #2541, #2313, #2402, .T. ) ;
#839 = DIRECTION ( 'NONE',  ( -1.000000000000000000, 0.0000000000000000000, 0.0000000000000000000 ) ) ;
#840 = VECTOR ( 'NONE', #2903, 1000.000000000000000 ) ;
#841 = ORIENTED_EDGE ( 'NONE', *, *, #2294, .T. ) ;
#842 = ADVANCED_FACE ( 'NONE', ( #3542 ), #593, .F. ) ;
#843 = DIRECTION ( 'NONE',  ( -1.000000000000000000, 0.0000000000000000000, 0.0000000000000000000 ) ) ;
#844 = CARTESIAN_POINT ( 'NONE',  ( 0.0000000000000000000, -3.368819940857715439E-16, 10.41000000000000014 ) ) ;
#845 = DIRECTION ( 'NONE',  ( 1.000000000000000000, 0.0000000000000000000, 0.0000000000000000000 ) ) ;
#846 = DIRECTION ( 'NONE',  ( -0.0000000000000000000, -0.0000000000000000000, 1.000000000000000000 ) ) ;
#847 = VERTEX_POINT ( 'NONE', #1645 ) ;
#848 = FACE_OUTER_BOUND ( 'NONE', #3334, .T. ) ;
#849 = SURFACE_SIDE_STYLE ('',( #1562 ) ) ;
#850 = ORIENTED_EDGE ( 'NONE', *, *, #85, .T. ) ;
#851 = EDGE_CURVE ( 'NONE', #1675, #3248, #2732, .T. ) ;
#852 = FILL_AREA_STYLE_COLOUR ( '', #2605 ) ;
#853 = FILL_AREA_STYLE_COLOUR ( '', #2449 ) ;
#854 = DIRECTION ( 'NONE',  ( 1.000000000000000000, 1.224646799147353207E-16, 1.499759782661857608E-32 ) ) ;
#855 = VECTOR ( 'NONE', #2371, 1000.000000000000000 ) ;
#856 = DIRECTION ( 'NONE',  ( -0.0000000000000000000, 1.224646799147353207E-16, -1.000000000000000000 ) ) ;
#857 = SURFACE_STYLE_FILL_AREA ( #1386 ) ;
#858 = AXIS2_PLACEMENT_3D ( 'NONE', #3258, #1364, #274 ) ;
#859 = VERTEX_POINT ( 'NONE', #2456 ) ;
#860 = LINE ( 'NONE', #2504, #2662 ) ;
#861 = CARTESIAN_POINT ( 'NONE',  ( -4.700000000000001954, -3.368819940857715439E-16, 10.41000000000000014 ) ) ;
#862 = UNCERTAINTY_MEASURE_WITH_UNIT (LENGTH_MEASURE( 1.000000000000000082E-05 ), #1346, 'distance_accuracy_value', 'NONE');
#863 = FILL_AREA_STYLE ('',( #1083 ) ) ;
#864 = ORIENTED_EDGE ( 'NONE', *, *, #3178, .F. ) ;
#865 = DIRECTION ( 'NONE',  ( 0.0000000000000000000, 1.000000000000000000, 0.0000000000000000000 ) ) ;
#866 = VECTOR ( 'NONE', #1149, 1000.000000000000000 ) ;
#867 = FILL_AREA_STYLE_COLOUR ( '', #689 ) ;
#868 = DIRECTION ( 'NONE',  ( 0.0000000000000000000, 1.000000000000000000, 1.224646799147353207E-16 ) ) ;
#869 = CYLINDRICAL_SURFACE ( 'NONE', #248, 0.5000000000000746070 ) ;
#870 = FILL_AREA_STYLE_COLOUR ( '', #1343 ) ;
#871 = CARTESIAN_POINT ( 'NONE',  ( 0.0000000000000000000, 5.000000000000002665, 3.448806130178213802 ) ) ;
#872 = ORIENTED_EDGE ( 'NONE', *, *, #3126, .T. ) ;
#873 = EDGE_LOOP ( 'NONE', ( #2298, #2548, #3203, #1126, #2140, #278, #668, #914 ) ) ;
#874 = VECTOR ( 'NONE', #387, 1000.000000000000000 ) ;
#875 = EDGE_CURVE ( 'NONE', #3329, #1756, #3, .T. ) ;
#876 = CARTESIAN_POINT ( 'NONE',  ( 0.0000000000000000000, -0.6500000000000000222, 0.2500000000000000000 ) ) ;
#877 = AXIS2_PLACEMENT_3D ( 'NONE', #2136, #1332, #3240 ) ;
#878 = LINE ( 'NONE', #3363, #478 ) ;
#879 = EDGE_CURVE ( 'NONE', #141, #443, #2854, .T. ) ;
#880 = CARTESIAN_POINT ( 'NONE',  ( 0.0000000000000000000, -1.899664607534248590E-16, 2.151193869821788507 ) ) ;
#881 = VERTEX_POINT ( 'NONE', #3026 ) ;
#882 = STYLED_ITEM ( 'NONE', ( #2126 ), #2010 ) ;
#883 = DIRECTION ( 'NONE',  ( 1.000000000000000000, -0.0000000000000000000, 0.0000000000000000000 ) ) ;
#884 = CARTESIAN_POINT ( 'NONE',  ( -5.199999999999999289, 0.7000000000000016209, 0.2500000000000000000 ) ) ;
#885 = CARTESIAN_POINT ( 'NONE',  ( 0.0000000000000000000, -2.447831529438855529E-16, 2.598806130178213269 ) ) ;
#886 = DIRECTION ( 'NONE',  ( 0.0000000000000000000, 0.9578262852211514300, -0.2873478855663450515 ) ) ;
#887 = CIRCLE ( 'NONE', #942, 0.1000000000000005884 ) ;
#888 = ORIENTED_EDGE ( 'NONE', *, *, #788, .T. ) ;
#889 = VECTOR ( 'NONE', #2055, 1000.000000000000000 ) ;
#890 = VECTOR ( 'NONE', #652, 1000.000000000000000 ) ;
#891 = CIRCLE ( 'NONE', #539, 0.1000000000000005884 ) ;
#892 = AXIS2_PLACEMENT_3D ( 'NONE', #926, #647, #2824 ) ;
#893 = ORIENTED_EDGE ( 'NONE', *, *, #3512, .T. ) ;
#894 = ADVANCED_FACE ( 'NONE', ( #555 ), #805, .T. ) ;
#895 = UNCERTAINTY_MEASURE_WITH_UNIT (LENGTH_MEASURE( 1.000000000000000082E-05 ), #216, 'distance_accuracy_value', 'NONE');
#896 = DIRECTION ( 'NONE',  ( 0.0000000000000000000, 1.000000000000000000, 1.301042606982604581E-16 ) ) ;
#897 = VERTEX_POINT ( 'NONE', #871 ) ;
#898 = FACE_OUTER_BOUND ( 'NONE', #1826, .T. ) ;
#899 = DIRECTION ( 'NONE',  ( 0.0000000000000000000, 1.000000000000000000, 0.0000000000000000000 ) ) ;
#900 = EDGE_CURVE ( 'NONE', #2609, #2384, #3063, .T. ) ;
#901 = SURFACE_STYLE_USAGE ( .BOTH. , #801 ) ;
#902 = PLANE ( 'NONE',  #3161 ) ;
#903 = PRESENTATION_LAYER_ASSIGNMENT (  '', '', ( #131 ) ) ;
#904 = DIRECTION ( 'NONE',  ( 0.0000000000000000000, 0.0000000000000000000, 1.000000000000000000 ) ) ;
#905 = ORIENTED_EDGE ( 'NONE', *, *, #809, .T. ) ;
#906 = APPLICATION_CONTEXT ( 'automotive_design' ) ;
#907 = ORIENTED_EDGE ( 'NONE', *, *, #989, .T. ) ;
#908 = CARTESIAN_POINT ( 'NONE',  ( -2.350000000000000089, -0.6500000000000000222, 0.09900000000000001854 ) ) ;
#909 = PLANE ( 'NONE',  #1732 ) ;
#910 = EDGE_LOOP ( 'NONE', ( #187, #2256, #287, #2503, #3310, #1593 ) ) ;
#911 = FACE_OUTER_BOUND ( 'NONE', #786, .T. ) ;
#912 =( GEOMETRIC_REPRESENTATION_CONTEXT ( 3 ) GLOBAL_UNCERTAINTY_ASSIGNED_CONTEXT ( ( #2792 ) ) GLOBAL_UNIT_ASSIGNED_CONTEXT ( ( #2348, #2129, #482 ) ) REPRESENTATION_CONTEXT ( 'NONE', 'WORKASPACE' ) );
#913 = CARTESIAN_POINT ( 'NONE',  ( -5.499999999999999112, -0.6500000000000000222, 2.589803236230023287E-16 ) ) ;
#914 = ORIENTED_EDGE ( 'NONE', *, *, #3394, .T. ) ;
#915 = TOROIDAL_SURFACE ( 'NONE', #147, 4.800000000000003375, 0.1999999999999999278 ) ;
#916 = EDGE_CURVE ( 'NONE', #327, #1442, #2628, .T. ) ;
#917 = PLANE ( 'NONE',  #1222 ) ;
#918 = SURFACE_STYLE_FILL_AREA ( #651 ) ;
#919 = SURFACE_STYLE_USAGE ( .BOTH. , #1203 ) ;
#920 = COLOUR_RGB ( '',0.8941176470588234615, 0.9137254901960784048, 0.9294117647058823817 ) ;
#921 = EDGE_CURVE ( 'NONE', #2752, #1541, #3086, .T. ) ;
#922 = VERTEX_POINT ( 'NONE', #2281 ) ;
#923 = ORIENTED_EDGE ( 'NONE', *, *, #175, .F. ) ;
#924 = CARTESIAN_POINT ( 'NONE',  ( 2.649999999999999911, -0.6500000000000000222, 0.6000000000000005329 ) ) ;
#925 = ORIENTED_EDGE ( 'NONE', *, *, #2271, .T. ) ;
#926 = CARTESIAN_POINT ( 'NONE',  ( -5.200000000000001066, 5.199999999999998401, 2.100000000000000089 ) ) ;
#927 = DIRECTION ( 'NONE',  ( 0.0000000000000000000, 0.0000000000000000000, -1.000000000000000000 ) ) ;
#928 = SURFACE_STYLE_FILL_AREA ( #2564 ) ;
#929 = CARTESIAN_POINT ( 'NONE',  ( 3.535533905932637389, -3.535533905932836340, 0.1000000000000000056 ) ) ;
#930 = FILL_AREA_STYLE ('',( #2769 ) ) ;
#931 = CARTESIAN_POINT ( 'NONE',  ( 5.199999999999999289, -0.6999999999999998446, 0.2500000000000000000 ) ) ;
#932 = ORIENTED_EDGE ( 'NONE', *, *, #3531, .T. ) ;
#933 = CIRCLE ( 'NONE', #230, 0.5000000000000746070 ) ;
#934 = EDGE_LOOP ( 'NONE', ( #2943, #2573, #2974, #2450, #2249, #2857 ) ) ;
#935 = EDGE_CURVE ( 'NONE', #54, #2489, #3324, .T. ) ;
#936 = ADVANCED_FACE ( 'NONE', ( #345 ), #3375, .T. ) ;
#937 = LINE ( 'NONE', #3420, #1309 ) ;
#938 = FACE_OUTER_BOUND ( 'NONE', #3569, .T. ) ;
#939 = PRESENTATION_LAYER_ASSIGNMENT (  '', '', ( #1742 ) ) ;
#940 = VERTEX_POINT ( 'NONE', #705 ) ;
#941 = EDGE_LOOP ( 'NONE', ( #596, #1821, #783, #3553 ) ) ;
#942 = AXIS2_PLACEMENT_3D ( 'NONE', #2017, #2544, #65 ) ;
#943 = CARTESIAN_POINT ( 'NONE',  ( 3.535533905932737753, 3.535533905932637833, 0.1000000000000000056 ) ) ;
#944 = CIRCLE ( 'NONE', #3296, 0.5000000000000750511 ) ;
#945 = CARTESIAN_POINT ( 'NONE',  ( -3.535533905932836340, -3.535533905932737309, 0.1000000000000000056 ) ) ;
#946 = TOROIDAL_SURFACE ( 'NONE', #1402, 4.700000000000001954, 0.1999999999999999278 ) ;
#947 = CARTESIAN_POINT ( 'NONE',  ( 5.817072295949930384E-16, -4.642530422886734343, 2.407240873133980053 ) ) ;
#948 = CIRCLE ( 'NONE', #3114, 4.500000000000002665 ) ;
#949 = FACE_BOUND ( 'NONE', #2819, .T. ) ;
#950 = ORIENTED_EDGE ( 'NONE', *, *, #582, .T. ) ;
#951 = CARTESIAN_POINT ( 'NONE',  ( 0.0000000000000000000, 0.0000000000000000000, 0.0000000000000000000 ) ) ;
#952 = CARTESIAN_POINT ( 'NONE',  ( -2.350000000000000089, 0.0000000000000000000, 0.09900000000000001854 ) ) ;
#953 = CARTESIAN_POINT ( 'NONE',  ( -3.035533905932761733, -3.535533905932737309, 0.1500000000000000222 ) ) ;
#954 = DIRECTION ( 'NONE',  ( -0.0000000000000000000, 1.224646799147353207E-16, -1.000000000000000000 ) ) ;
#955 = PRESENTATION_LAYER_ASSIGNMENT (  '', '', ( #429 ) ) ;
#956 = DIRECTION ( 'NONE',  ( 1.000000000000000000, 0.0000000000000000000, 0.0000000000000000000 ) ) ;
#957 = FILL_AREA_STYLE_COLOUR ( '', #1331 ) ;
#958 = VERTEX_POINT ( 'NONE', #441 ) ;
#959 = MECHANICAL_DESIGN_GEOMETRIC_PRESENTATION_REPRESENTATION (  '', ( #1134 ), #2159 ) ;
#960 = ORIENTED_EDGE ( 'NONE', *, *, #2465, .T. ) ;
#961 = LINE ( 'NONE', #3345, #3498 ) ;
#962 = CARTESIAN_POINT ( 'NONE',  ( -2.640230447553806314, 3.888339386397468012, 10.41000000000000014 ) ) ;
#963 = EDGE_CURVE ( 'NONE', #14, #3027, #2403, .T. ) ;
#964 = ORIENTED_EDGE ( 'NONE', *, *, #2989, .F. ) ;
#965 = CARTESIAN_POINT ( 'NONE',  ( -2.600000000000000533, 0.6500000000000000222, 0.5999999999999998668 ) ) ;
#966 = EDGE_CURVE ( 'NONE', #3098, #2846, #1145, .T. ) ;
#967 = UNCERTAINTY_MEASURE_WITH_UNIT (LENGTH_MEASURE( 1.000000000000000082E-05 ), #245, 'distance_accuracy_value', 'NONE');
#968 = DIRECTION ( 'NONE',  ( -1.000000000000000000, 0.0000000000000000000, 0.0000000000000000000 ) ) ;
#969 = DIRECTION ( 'NONE',  ( -0.0000000000000000000, 1.224646799147353207E-16, -1.000000000000000000 ) ) ;
#970 = EDGE_LOOP ( 'NONE', ( #2019, #2096, #2522, #3282 ) ) ;
#971 = COLOUR_RGB ( '',0.8941176470588234615, 0.9137254901960784048, 0.9294117647058823817 ) ;
#972 = PRESENTATION_LAYER_ASSIGNMENT (  '', '', ( #2624 ) ) ;
#973 = UNCERTAINTY_MEASURE_WITH_UNIT (LENGTH_MEASURE( 1.000000000000000082E-05 ), #2820, 'distance_accuracy_value', 'NONE');
#974 = CARTESIAN_POINT ( 'NONE',  ( 1.999999999999997113, 5.199999999999999289, 0.8999999999999996891 ) ) ;
#975 = DIRECTION ( 'NONE',  ( -0.0000000000000000000, 1.000000000000000000, 0.0000000000000000000 ) ) ;
#976 = AXIS2_PLACEMENT_3D ( 'NONE', #501, #3270, #1642 ) ;
#977 = FILL_AREA_STYLE_COLOUR ( '', #1056 ) ;
#978 = EDGE_LOOP ( 'NONE', ( #2175, #2169, #1261, #162 ) ) ;
#979 = PLANE ( 'NONE',  #533 ) ;
#980 = VERTEX_POINT ( 'NONE', #401 ) ;
#981 = DIRECTION ( 'NONE',  ( 0.0000000000000000000, 1.000000000000000000, 0.0000000000000000000 ) ) ;
#982 = ORIENTED_EDGE ( 'NONE', *, *, #2583, .F. ) ;
#983 = CARTESIAN_POINT ( 'NONE',  ( -3.535533905932836340, -3.535533905932737309, 0.1500000000000000222 ) ) ;
#984 = EDGE_CURVE ( 'NONE', #1729, #847, #3149, .T. ) ;
#985 = CARTESIAN_POINT ( 'NONE',  ( 2.600000000000000533, -0.6500000000000000222, 0.5999999999999998668 ) ) ;
#986 = CARTESIAN_POINT ( 'NONE',  ( 0.0000000000000000000, -2.213231750571796808E-16, 2.407240873133980497 ) ) ;
#987 = CARTESIAN_POINT ( 'NONE',  ( 0.0000000000000000000, -1.163414459189985682E-15, 10.10000000000000142 ) ) ;
#988 = ORIENTED_EDGE ( 'NONE', *, *, #3228, .T. ) ;
#989 = EDGE_CURVE ( 'NONE', #2035, #54, #625, .T. ) ;
#990 = ADVANCED_FACE ( 'NONE', ( #2908 ), #2677, .F. ) ;
#991 = CIRCLE ( 'NONE', #3458, 4.857469577113270987 ) ;
#992 = LINE ( 'NONE', #420, #3520 ) ;
#993 = FILL_AREA_STYLE ('',( #1989 ) ) ;
#994 = CARTESIAN_POINT ( 'NONE',  ( 5.049999999999999822, 0.0000000000000000000, 0.5999999999999998668 ) ) ;
#995 = DIRECTION ( 'NONE',  ( 0.0000000000000000000, 0.0000000000000000000, 1.000000000000000000 ) ) ;
#996 = DIRECTION ( 'NONE',  ( 0.0000000000000000000, 1.000000000000000000, 0.0000000000000000000 ) ) ;
#997 = LINE ( 'NONE', #1854, #583 ) ;
#998 = FILL_AREA_STYLE_COLOUR ( '', #1251 ) ;
#999 = ORIENTED_EDGE ( 'NONE', *, *, #2086, .F. ) ;
#1000 = DIRECTION ( 'NONE',  ( -0.7071067811865472397, -0.7071067811865479058, -9.583083854271086514E-17 ) ) ;
#1001 = EDGE_LOOP ( 'NONE', ( #2839, #3544, #1479, #3193 ) ) ;
#1002 =( LENGTH_UNIT ( ) NAMED_UNIT ( * ) SI_UNIT ( .MILLI., .METRE. ) );
#1003 = PLANE ( 'NONE',  #3164 ) ;
#1004 = CIRCLE ( 'NONE', #824, 0.5000000000000750511 ) ;
#1005 = ORIENTED_EDGE ( 'NONE', *, *, #2443, .F. ) ;
#1006 = ORIENTED_EDGE ( 'NONE', *, *, #2447, .F. ) ;
#1007 = VECTOR ( 'NONE', #1554, 1000.000000000000000 ) ;
#1008 = CARTESIAN_POINT ( 'NONE',  ( -2.600000000000000533, -0.6500000000000000222, 0.5999999999999998668 ) ) ;
#1009 =( GEOMETRIC_REPRESENTATION_CONTEXT ( 3 ) GLOBAL_UNCERTAINTY_ASSIGNED_CONTEXT ( ( #1794 ) ) GLOBAL_UNIT_ASSIGNED_CONTEXT ( ( #1127, #1144, #1107 ) ) REPRESENTATION_CONTEXT ( 'NONE', 'WORKASPACE' ) );
#1010 = MECHANICAL_DESIGN_GEOMETRIC_PRESENTATION_REPRESENTATION (  '', ( #3352 ), #2431 ) ;
#1011 = PRESENTATION_STYLE_ASSIGNMENT (( #682 ) ) ;
#1012 = VERTEX_POINT ( 'NONE', #1545 ) ;
#1013 = EDGE_CURVE ( 'NONE', #410, #3098, #446, .T. ) ;
#1014 = SURFACE_STYLE_USAGE ( .BOTH. , #2654 ) ;
#1015 = PRESENTATION_STYLE_ASSIGNMENT (( #737 ) ) ;
#1016 = DIRECTION ( 'NONE',  ( 8.673617379884036705E-17, -1.000000000000000000, -0.0000000000000000000 ) ) ;
#1017 = DIRECTION ( 'NONE',  ( 0.0000000000000000000, 0.0000000000000000000, 1.000000000000000000 ) ) ;
#1018 = DIRECTION ( 'NONE',  ( -0.0000000000000000000, 1.224646799147353207E-16, -1.000000000000000000 ) ) ;
#1019 = EDGE_CURVE ( 'NONE', #1690, #580, #2050, .T. ) ;
#1020 = CARTESIAN_POINT ( 'NONE',  ( 5.948684569567414934E-16, -4.857469577113270987, 2.342759126866019059 ) ) ;
#1021 = ORIENTED_EDGE ( 'NONE', *, *, #2656, .F. ) ;
#1022 = CARTESIAN_POINT ( 'NONE',  ( -3.535533905932836340, -3.535533905932737309, 0.1500000000000000222 ) ) ;
#1023 = ORIENTED_EDGE ( 'NONE', *, *, #1731, .T. ) ;
#1024 = CARTESIAN_POINT ( 'NONE',  ( 2.649999999999999911, -0.6500000000000000222, 0.09900000000000001854 ) ) ;
#1025 = VERTEX_POINT ( 'NONE', #739 ) ;
#1026 = LINE ( 'NONE', #3013, #592 ) ;
#1027 = LINE ( 'NONE', #209, #3426 ) ;
#1028 = FILL_AREA_STYLE_COLOUR ( '', #666 ) ;
#1029 = EDGE_LOOP ( 'NONE', ( #2009, #1738, #3089, #982 ) ) ;
#1030 = LINE ( 'NONE', #2110, #2821 ) ;
#1031 = CARTESIAN_POINT ( 'NONE',  ( -2.000000000000002665, 5.199999999999999289, 0.8999999999999996891 ) ) ;
#1032 = DIRECTION ( 'NONE',  ( 6.672013369141566203E-16, 1.000000000000000000, -0.0000000000000000000 ) ) ;
#1033 = EDGE_CURVE ( 'NONE', #980, #1260, #3551, .T. ) ;
#1034 = DIRECTION ( 'NONE',  ( -0.0000000000000000000, 1.224646799147353207E-16, -1.000000000000000000 ) ) ;
#1035 = SURFACE_STYLE_FILL_AREA ( #1295 ) ;
#1036 = DIRECTION ( 'NONE',  ( -0.0000000000000000000, -0.0000000000000000000, -1.000000000000000000 ) ) ;
#1037 = EDGE_LOOP ( 'NONE', ( #2862, #2276, #2606, #2595 ) ) ;
#1038 = SURFACE_STYLE_USAGE ( .BOTH. , #2913 ) ;
#1039 = AXIS2_PLACEMENT_3D ( 'NONE', #2072, #2890, #1778 ) ;
#1040 = ADVANCED_FACE ( 'NONE', ( #1603 ), #3023, .T. ) ;
#1041 = DIRECTION ( 'NONE',  ( -0.0000000000000000000, 1.224646799147353207E-16, -1.000000000000000000 ) ) ;
#1042 = CARTESIAN_POINT ( 'NONE',  ( -3.035533905932761733, -3.535533905932737309, 0.1500000000000000222 ) ) ;
#1043 = CARTESIAN_POINT ( 'NONE',  ( 5.199999999999999289, -0.6999999999999998446, 0.2500000000000000000 ) ) ;
#1044 = DIRECTION ( 'NONE',  ( 1.000000000000000000, 0.0000000000000000000, 0.0000000000000000000 ) ) ;
#1045 = CARTESIAN_POINT ( 'NONE',  ( 0.0000000000000000000, 0.0000000000000000000, 0.1000000000000000056 ) ) ;
#1046 = ORIENTED_EDGE ( 'NONE', *, *, #1943, .T. ) ;
#1047 = MECHANICAL_DESIGN_GEOMETRIC_PRESENTATION_REPRESENTATION (  '', ( #393 ), #2529 ) ;
#1048 = FACE_OUTER_BOUND ( 'NONE', #2935, .T. ) ;
#1049 = FACE_OUTER_BOUND ( 'NONE', #934, .T. ) ;
#1050 = LINE ( 'NONE', #2127, #178 ) ;
#1051 = DIRECTION ( 'NONE',  ( 0.0000000000000000000, 0.0000000000000000000, 1.000000000000000000 ) ) ;
#1052 = CARTESIAN_POINT ( 'NONE',  ( 2.350000000000000089, 0.6500000000000000222, 0.5999999999999998668 ) ) ;
#1053 = ORIENTED_EDGE ( 'NONE', *, *, #2248, .F. ) ;
#1054 = EDGE_CURVE ( 'NONE', #2303, #3205, #233, .T. ) ;
#1055 = DIRECTION ( 'NONE',  ( 0.0000000000000000000, 0.0000000000000000000, -1.000000000000000000 ) ) ;
#1056 = COLOUR_RGB ( '',0.8941176470588234615, 0.9137254901960784048, 0.9294117647058823817 ) ;
#1057 = CARTESIAN_POINT ( 'NONE',  ( 2.700000000000001510, -0.6500000000000000222, 0.2999999999999997113 ) ) ;
#1058 = LINE ( 'NONE', #3222, #2125 ) ;
#1059 = EDGE_CURVE ( 'NONE', #1167, #1281, #1069, .T. ) ;
#1060 = ADVANCED_FACE ( 'NONE', ( #1904 ), #3522, .T. ) ;
#1061 =( NAMED_UNIT ( * ) SI_UNIT ( $, .STERADIAN. ) SOLID_ANGLE_UNIT ( ) );
#1062 = DIRECTION ( 'NONE',  ( -1.000000000000000000, 0.0000000000000000000, 0.0000000000000000000 ) ) ;
#1063 = ORIENTED_EDGE ( 'NONE', *, *, #1033, .F. ) ;
#1064 = VECTOR ( 'NONE', #509, 1000.000000000000000 ) ;
#1065 =( GEOMETRIC_REPRESENTATION_CONTEXT ( 3 ) GLOBAL_UNCERTAINTY_ASSIGNED_CONTEXT ( ( #1583 ) ) GLOBAL_UNIT_ASSIGNED_CONTEXT ( ( #500, #1602, #2420 ) ) REPRESENTATION_CONTEXT ( 'NONE', 'WORKASPACE' ) );
#1066 = FILL_AREA_STYLE_COLOUR ( '', #2844 ) ;
#1067 = SURFACE_SIDE_STYLE ('',( #2419 ) ) ;
#1068 = PRODUCT_DEFINITION_FORMATION_WITH_SPECIFIED_SOURCE ( 'ANY', '', #3286, .NOT_KNOWN. ) ;
#1069 = LINE ( 'NONE', #1379, #140 ) ;
#1070 = DIRECTION ( 'NONE',  ( 0.0000000000000000000, 0.0000000000000000000, 1.000000000000000000 ) ) ;
#1071 = PLANE ( 'NONE',  #1141 ) ;
#1072 = ORIENTED_EDGE ( 'NONE', *, *, #2816, .F. ) ;
#1073 = DIRECTION ( 'NONE',  ( 0.0000000000000000000, 0.0000000000000000000, -1.000000000000000000 ) ) ;
#1074 = CARTESIAN_POINT ( 'NONE',  ( 0.0000000000000000000, 5.000000000000002665, 0.5999999999999998668 ) ) ;
#1075 = CARTESIAN_POINT ( 'NONE',  ( 5.199999999999998401, -5.200000000000001066, 1.099999999999999867 ) ) ;
#1076 = EDGE_CURVE ( 'NONE', #2757, #3329, #2593, .T. ) ;
#1077 = FILL_AREA_STYLE ('',( #3482 ) ) ;
#1078 = SURFACE_STYLE_USAGE ( .BOTH. , #3051 ) ;
#1079 = DIRECTION ( 'NONE',  ( -1.000000000000000000, 2.232180943352508810E-16, -0.0000000000000000000 ) ) ;
#1080 = EDGE_CURVE ( 'NONE', #627, #2441, #3152, .T. ) ;
#1081 = CIRCLE ( 'NONE', #2975, 0.1000000000000005884 ) ;
#1082 = CARTESIAN_POINT ( 'NONE',  ( 0.0000000000000000000, 0.0000000000000000000, 0.2500000000000000000 ) ) ;
#1083 = FILL_AREA_STYLE_COLOUR ( '', #368 ) ;
#1084 = SURFACE_SIDE_STYLE ('',( #3304 ) ) ;
#1085 = ORIENTED_EDGE ( 'NONE', *, *, #2989, .T. ) ;
#1086 = PLANE ( 'NONE',  #1325 ) ;
#1087 = FACE_OUTER_BOUND ( 'NONE', #2612, .T. ) ;
#1088 = DIRECTION ( 'NONE',  ( 0.0000000000000000000, -1.000000000000000000, -1.224646799147353207E-16 ) ) ;
#1089 = CONICAL_SURFACE ( 'NONE', #3146, 5.000000000000001776, 0.7853981633974468357 ) ;
#1090 = DIRECTION ( 'NONE',  ( 0.0000000000000000000, 0.0000000000000000000, 1.000000000000000000 ) ) ;
#1091 = EDGE_LOOP ( 'NONE', ( #2536, #2160, #336, #2794, #3185, #1993, #2768, #2722 ) ) ;
#1092 = CARTESIAN_POINT ( 'NONE',  ( 0.0000000000000000000, -3.488781308714106162E-16, 3.448806130178213358 ) ) ;
#1093 = CARTESIAN_POINT ( 'NONE',  ( 0.0000000000000000000, -3.488781308714106162E-16, 3.448806130178213358 ) ) ;
#1094 = ADVANCED_FACE ( 'NONE', ( #325 ), #915, .T. ) ;
#1095 =( NAMED_UNIT ( * ) SI_UNIT ( $, .STERADIAN. ) SOLID_ANGLE_UNIT ( ) );
#1096 = FACE_BOUND ( 'NONE', #558, .T. ) ;
#1097 = EDGE_CURVE ( 'NONE', #1552, #2203, #680, .T. ) ;
#1098 = DIRECTION ( 'NONE',  ( -2.516897900412780756E-16, 0.0000000000000000000, 1.000000000000000000 ) ) ;
#1099 = ORIENTED_EDGE ( 'NONE', *, *, #3108, .F. ) ;
#1100 = SURFACE_SIDE_STYLE ('',( #3537 ) ) ;
#1101 =( LENGTH_UNIT ( ) NAMED_UNIT ( * ) SI_UNIT ( .MILLI., .METRE. ) );
#1102 = ORIENTED_EDGE ( 'NONE', *, *, #916, .T. ) ;
#1103 = MECHANICAL_DESIGN_GEOMETRIC_PRESENTATION_REPRESENTATION (  '', ( #2645 ), #1387 ) ;
#1104 = LINE ( 'NONE', #2710, #1872 ) ;
#1105 = DIRECTION ( 'NONE',  ( 0.0000000000000000000, 1.000000000000000000, -0.0000000000000000000 ) ) ;
#1106 = VERTEX_POINT ( 'NONE', #2049 ) ;
#1107 =( NAMED_UNIT ( * ) SI_UNIT ( $, .STERADIAN. ) SOLID_ANGLE_UNIT ( ) );
#1108 = FACE_OUTER_BOUND ( 'NONE', #3463, .T. ) ;
#1109 = DIRECTION ( 'NONE',  ( -1.000000000000000000, 0.0000000000000000000, 0.0000000000000000000 ) ) ;
#1110 = CARTESIAN_POINT ( 'NONE',  ( 0.0000000000000000000, 9.294353041140856865E-32, 0.5999999999999998668 ) ) ;
#1111 = EDGE_CURVE ( 'NONE', #43, #384, #48, .T. ) ;
#1112 = VECTOR ( 'NONE', #49, 1000.000000000000000 ) ;
#1113 = SURFACE_STYLE_FILL_AREA ( #863 ) ;
#1114 = AXIS2_PLACEMENT_3D ( 'NONE', #1110, #3247, #845 ) ;
#1115 = ORIENTED_EDGE ( 'NONE', *, *, #1579, .F. ) ;
#1116 = UNCERTAINTY_MEASURE_WITH_UNIT (LENGTH_MEASURE( 1.000000000000000082E-05 ), #2798, 'distance_accuracy_value', 'NONE');
#1117 = ORIENTED_EDGE ( 'NONE', *, *, #1265, .T. ) ;
#1118 = DIRECTION ( 'NONE',  ( -1.224646799147353454E-16, 1.000000000000000000, 0.0000000000000000000 ) ) ;
#1119 = PRESENTATION_LAYER_ASSIGNMENT (  '', '', ( #3410 ) ) ;
#1120 = AXIS2_PLACEMENT_3D ( 'NONE', #880, #2488, #1468 ) ;
#1121 = CARTESIAN_POINT ( 'NONE',  ( -2.649999999999999911, -0.6500000000000000222, 0.09900000000000001854 ) ) ;
#1122 = EDGE_CURVE ( 'NONE', #2441, #2297, #1837, .T. ) ;
#1123 = AXIS2_PLACEMENT_3D ( 'NONE', #987, #969, #458 ) ;
#1124 = LINE ( 'NONE', #276, #1881 ) ;
#1125 = EDGE_LOOP ( 'NONE', ( #2353, #1746, #3322, #1316 ) ) ;
#1126 = ORIENTED_EDGE ( 'NONE', *, *, #196, .F. ) ;
#1127 =( LENGTH_UNIT ( ) NAMED_UNIT ( * ) SI_UNIT ( .MILLI., .METRE. ) );
#1128 =( NAMED_UNIT ( * ) PLANE_ANGLE_UNIT ( ) SI_UNIT ( $, .RADIAN. ) );
#1129 = DIRECTION ( 'NONE',  ( 1.000000000000000000, 0.0000000000000000000, 0.0000000000000000000 ) ) ;
#1130 = CARTESIAN_POINT ( 'NONE',  ( -5.499999999999999112, -0.6500000000000000222, 0.2000000000000003719 ) ) ;
#1131 = DIRECTION ( 'NONE',  ( 1.000000000000000000, 0.0000000000000000000, -0.0000000000000000000 ) ) ;
#1132 = VERTEX_POINT ( 'NONE', #1428 ) ;
#1133 = CARTESIAN_POINT ( 'NONE',  ( 5.499999999999999112, -0.6500000000000000222, 0.2000000000000003719 ) ) ;
#1134 = STYLED_ITEM ( 'NONE', ( #1952 ), #190 ) ;
#1135 = SURFACE_SIDE_STYLE ('',( #814 ) ) ;
#1136 = FACE_OUTER_BOUND ( 'NONE', #333, .T. ) ;
#1137 = EDGE_CURVE ( 'NONE', #2515, #2914, #2901, .T. ) ;
#1138 = AXIS2_PLACEMENT_3D ( 'NONE', #1336, #1950, #2165 ) ;
#1139 = LINE ( 'NONE', #4, #220 ) ;
#1140 = ORIENTED_EDGE ( 'NONE', *, *, #2465, .F. ) ;
#1141 = AXIS2_PLACEMENT_3D ( 'NONE', #1407, #2501, #2234 ) ;
#1142 = ORIENTED_EDGE ( 'NONE', *, *, #2933, .T. ) ;
#1143 = ADVANCED_FACE ( 'NONE', ( #1971 ), #391, .F. ) ;
#1144 =( NAMED_UNIT ( * ) PLANE_ANGLE_UNIT ( ) SI_UNIT ( $, .RADIAN. ) );
#1145 = CIRCLE ( 'NONE', #1716, 4.857469577113270987 ) ;
#1146 = DIRECTION ( 'NONE',  ( 0.0000000000000000000, 1.000000000000000000, 0.0000000000000000000 ) ) ;
#1147 = ORIENTED_EDGE ( 'NONE', *, *, #1080, .T. ) ;
#1148 = AXIS2_PLACEMENT_3D ( 'NONE', #945, #1768, #1414 ) ;
#1149 = DIRECTION ( 'NONE',  ( 8.673617379884036705E-17, -1.000000000000000000, -0.0000000000000000000 ) ) ;
#1150 = CARTESIAN_POINT ( 'NONE',  ( -2.640230447553806314, -3.888339386397470676, 10.41000000000000014 ) ) ;
#1151 = ORIENTED_EDGE ( 'NONE', *, *, #1354, .F. ) ;
#1152 = DIRECTION ( 'NONE',  ( -0.0000000000000000000, 1.224646799147353207E-16, -1.000000000000000000 ) ) ;
#1153 = FILL_AREA_STYLE_COLOUR ( '', #2015 ) ;
#1154 = ADVANCED_FACE ( 'NONE', ( #3339 ), #385, .T. ) ;
#1155 = ORIENTED_EDGE ( 'NONE', *, *, #2471, .F. ) ;
#1156 = EDGE_LOOP ( 'NONE', ( #474, #3437, #3017, #26 ) ) ;
#1157 = SURFACE_STYLE_USAGE ( .BOTH. , #2458 ) ;
#1158 = EDGE_CURVE ( 'NONE', #1643, #1756, #2795, .T. ) ;
#1159 = ORIENTED_EDGE ( 'NONE', *, *, #1367, .T. ) ;
#1160 =( NAMED_UNIT ( * ) SI_UNIT ( $, .STERADIAN. ) SOLID_ANGLE_UNIT ( ) );
#1161 = EDGE_LOOP ( 'NONE', ( #3133, #1099 ) ) ;
#1162 = SURFACE_STYLE_FILL_AREA ( #2323 ) ;
#1163 = SURFACE_SIDE_STYLE ('',( #928 ) ) ;
#1164 = PLANE ( 'NONE',  #3015 ) ;
#1165 = COLOUR_RGB ( '',0.8941176470588234615, 0.9137254901960784048, 0.9294117647058823817 ) ;
#1166 = CARTESIAN_POINT ( 'NONE',  ( -2.000000000000002665, 5.199999999999999289, 0.8999999999999996891 ) ) ;
#1167 = VERTEX_POINT ( 'NONE', #2648 ) ;
#1168 = VECTOR ( 'NONE', #813, 1000.000000000000000 ) ;
#1169 = AXIS2_PLACEMENT_3D ( 'NONE', #1031, #2112, #2040 ) ;
#1170 = ORIENTED_EDGE ( 'NONE', *, *, #3198, .F. ) ;
#1171 = PRESENTATION_LAYER_ASSIGNMENT (  '', '', ( #2311 ) ) ;
#1172 = CYLINDRICAL_SURFACE ( 'NONE', #1499, 0.5000000000000746070 ) ;
#1173 = EDGE_LOOP ( 'NONE', ( #452, #2591, #2027 ) ) ;
#1174 = DIRECTION ( 'NONE',  ( -0.0000000000000000000, -0.0000000000000000000, -1.000000000000000000 ) ) ;
#1175 = PRESENTATION_STYLE_ASSIGNMENT (( #3096 ) ) ;
#1176 = PRESENTATION_STYLE_ASSIGNMENT (( #1689 ) ) ;
#1177 = EDGE_LOOP ( 'NONE', ( #2934, #2870, #532, #1426, #1711, #1191, #3065, #2286, #1699 ) ) ;
#1178 = ADVANCED_FACE ( 'NONE', ( #2938 ), #2997, .T. ) ;
#1179 = STYLED_ITEM ( 'NONE', ( #2634 ), #164 ) ;
#1180 = FACE_OUTER_BOUND ( 'NONE', #2585, .T. ) ;
#1181 = UNCERTAINTY_MEASURE_WITH_UNIT (LENGTH_MEASURE( 1.000000000000000082E-05 ), #496, 'distance_accuracy_value', 'NONE');
#1182 = DIRECTION ( 'NONE',  ( 1.000000000000000000, -0.0000000000000000000, 0.0000000000000000000 ) ) ;
#1183 =( NAMED_UNIT ( * ) SI_UNIT ( $, .STERADIAN. ) SOLID_ANGLE_UNIT ( ) );
#1184 = DIRECTION ( 'NONE',  ( -0.0000000000000000000, -0.0000000000000000000, 1.000000000000000000 ) ) ;
#1185 = FILL_AREA_STYLE ('',( #957 ) ) ;
#1186 = CARTESIAN_POINT ( 'NONE',  ( 2.700000000000001510, -0.6500000000000000222, -9.215718466126787689E-16 ) ) ;
#1187 = VERTEX_POINT ( 'NONE', #3226 ) ;
#1188 = ORIENTED_EDGE ( 'NONE', *, *, #1625, .T. ) ;
#1189 = PRESENTATION_LAYER_ASSIGNMENT (  '', '', ( #3201 ) ) ;
#1190 = LINE ( 'NONE', #3110, #3056 ) ;
#1191 = ORIENTED_EDGE ( 'NONE', *, *, #2626, .F. ) ;
#1192 = ORIENTED_EDGE ( 'NONE', *, *, #1076, .T. ) ;
#1193 = CIRCLE ( 'NONE', #624, 0.1000000000000005884 ) ;
#1194 = SURFACE_STYLE_FILL_AREA ( #2506 ) ;
#1195 = EDGE_CURVE ( 'NONE', #1455, #1831, #2701, .T. ) ;
#1196 = AXIS2_PLACEMENT_3D ( 'NONE', #1241, #3453, #3434 ) ;
#1197 = FACE_OUTER_BOUND ( 'NONE', #497, .T. ) ;
#1198 = ORIENTED_EDGE ( 'NONE', *, *, #356, .T. ) ;
#1199 = DIRECTION ( 'NONE',  ( 0.0000000000000000000, 1.000000000000000000, 0.0000000000000000000 ) ) ;
#1200 = EDGE_CURVE ( 'NONE', #2057, #1861, #2575, .T. ) ;
#1201 =( NAMED_UNIT ( * ) SI_UNIT ( $, .STERADIAN. ) SOLID_ANGLE_UNIT ( ) );
#1202 = EDGE_CURVE ( 'NONE', #607, #2303, #2144, .T. ) ;
#1203 = SURFACE_SIDE_STYLE ('',( #3342 ) ) ;
#1204 = AXIS2_PLACEMENT_3D ( 'NONE', #2512, #2240, #1501 ) ;
#1205 = ADVANCED_FACE ( 'NONE', ( #2163 ), #3262, .F. ) ;
#1206 = LINE ( 'NONE', #1454, #559 ) ;
#1207 = ORIENTED_EDGE ( 'NONE', *, *, #399, .F. ) ;
#1208 = VERTEX_POINT ( 'NONE', #577 ) ;
#1209 = AXIS2_PLACEMENT_3D ( 'NONE', #2733, #1105, #654 ) ;
#1210 = DIRECTION ( 'NONE',  ( -1.000000000000000000, 0.0000000000000000000, 0.0000000000000000000 ) ) ;
#1211 = ORIENTED_EDGE ( 'NONE', *, *, #2093, .T. ) ;
#1212 = DIRECTION ( 'NONE',  ( 0.0000000000000000000, 0.0000000000000000000, -1.000000000000000000 ) ) ;
#1213 = STYLED_ITEM ( 'NONE', ( #3279 ), #1263 ) ;
#1214 = SURFACE_SIDE_STYLE ('',( #1194 ) ) ;
#1215 = FACE_OUTER_BOUND ( 'NONE', #1469, .T. ) ;
#1216 = DIRECTION ( 'NONE',  ( 0.0000000000000000000, 0.0000000000000000000, 1.000000000000000000 ) ) ;
#1217 = VERTEX_POINT ( 'NONE', #561 ) ;
#1218 = EDGE_CURVE ( 'NONE', #1243, #881, #2174, .T. ) ;
#1219 = DIRECTION ( 'NONE',  ( -0.0000000000000000000, 1.224646799147353207E-16, -1.000000000000000000 ) ) ;
#1220 = CARTESIAN_POINT ( 'NONE',  ( 5.499999999999999112, -0.6500000000000000222, 2.589803236230023287E-16 ) ) ;
#1221 = LINE ( 'NONE', #328, #2432 ) ;
#1222 = AXIS2_PLACEMENT_3D ( 'NONE', #1429, #102, #1757 ) ;
#1223 = EDGE_CURVE ( 'NONE', #1831, #1478, #1681, .T. ) ;
#1224 = FILL_AREA_STYLE ('',( #103 ) ) ;
#1225 =( NAMED_UNIT ( * ) SI_UNIT ( $, .STERADIAN. ) SOLID_ANGLE_UNIT ( ) );
#1226 = EDGE_LOOP ( 'NONE', ( #90, #206, #664, #1492, #1503, #2379, #406, #1487 ) ) ;
#1227 = AXIS2_PLACEMENT_3D ( 'NONE', #1464, #2840, #1538 ) ;
#1228 = EDGE_LOOP ( 'NONE', ( #2499, #1515, #3546, #888 ) ) ;
#1229 = CIRCLE ( 'NONE', #1453, 4.642530422886734343 ) ;
#1230 = SURFACE_STYLE_USAGE ( .BOTH. , #1947 ) ;
#1231 = AXIS2_PLACEMENT_3D ( 'NONE', #2867, #379, #2194 ) ;
#1232 = ORIENTED_EDGE ( 'NONE', *, *, #2933, .F. ) ;
#1233 = CARTESIAN_POINT ( 'NONE',  ( 3.199999999999997957, -5.200000000000002842, 2.100000000000000089 ) ) ;
#1234 = PLANE ( 'NONE',  #1741 ) ;
#1235 = EDGE_LOOP ( 'NONE', ( #3106, #507, #1885, #3362 ) ) ;
#1236 =( LENGTH_UNIT ( ) NAMED_UNIT ( * ) SI_UNIT ( .MILLI., .METRE. ) );
#1237 = LINE ( 'NONE', #974, #23 ) ;
#1238 = PLANE ( 'NONE',  #2259 ) ;
#1239 = DIRECTION ( 'NONE',  ( 0.0000000000000000000, 1.000000000000000000, 8.928123215378581621E-17 ) ) ;
#1240 = COLOUR_RGB ( '',0.8941176470588234615, 0.9137254901960784048, 0.9294117647058823817 ) ;
#1241 = CARTESIAN_POINT ( 'NONE',  ( 0.0000000000000000000, -3.368819940857715439E-16, 10.41000000000000014 ) ) ;
#1242 = PRESENTATION_STYLE_ASSIGNMENT (( #3436 ) ) ;
#1243 = VERTEX_POINT ( 'NONE', #1352 ) ;
#1244 = EDGE_CURVE ( 'NONE', #1483, #307, #3050, .T. ) ;
#1245 =( LENGTH_UNIT ( ) NAMED_UNIT ( * ) SI_UNIT ( .MILLI., .METRE. ) );
#1246 = ORIENTED_EDGE ( 'NONE', *, *, #2656, .T. ) ;
#1247 = FILL_AREA_STYLE_COLOUR ( '', #562 ) ;
#1248 = DIRECTION ( 'NONE',  ( -1.000000000000000000, 0.0000000000000000000, 0.0000000000000000000 ) ) ;
#1249 = EDGE_CURVE ( 'NONE', #1358, #3248, #2523, .T. ) ;
#1250 = SURFACE_STYLE_FILL_AREA ( #2613 ) ;
#1251 = COLOUR_RGB ( '',0.8941176470588234615, 0.9137254901960784048, 0.9294117647058823817 ) ;
#1252 = DIRECTION ( 'NONE',  ( -0.0000000000000000000, 0.0000000000000000000, -1.000000000000000000 ) ) ;
#1253 =( NAMED_UNIT ( * ) SI_UNIT ( $, .STERADIAN. ) SOLID_ANGLE_UNIT ( ) );
#1254 = AXIS2_PLACEMENT_3D ( 'NONE', #2101, #1041, #1591 ) ;
#1255 = DIRECTION ( 'NONE',  ( 0.0000000000000000000, 1.000000000000000000, 1.204669080539448604E-16 ) ) ;
#1256 =( GEOMETRIC_REPRESENTATION_CONTEXT ( 3 ) GLOBAL_UNCERTAINTY_ASSIGNED_CONTEXT ( ( #2254 ) ) GLOBAL_UNIT_ASSIGNED_CONTEXT ( ( #3307, #552, #796 ) ) REPRESENTATION_CONTEXT ( 'NONE', 'WORKASPACE' ) );
#1257 = CARTESIAN_POINT ( 'NONE',  ( 0.0000000000000000000, -1.200153863164406345E-15, 10.40000000000000213 ) ) ;
#1258 = DIRECTION ( 'NONE',  ( 1.000000000000000000, 0.0000000000000000000, 0.0000000000000000000 ) ) ;
#1259 = DIRECTION ( 'NONE',  ( 0.0000000000000000000, 0.0000000000000000000, -1.000000000000000000 ) ) ;
#1260 = VERTEX_POINT ( 'NONE', #2444 ) ;
#1261 = ORIENTED_EDGE ( 'NONE', *, *, #767, .T. ) ;
#1262 = LINE ( 'NONE', #2351, #3263 ) ;
#1263 = ADVANCED_FACE ( 'NONE', ( #2755 ), #1785, .T. ) ;
#1264 = ORIENTED_EDGE ( 'NONE', *, *, #2341, .T. ) ;
#1265 = EDGE_CURVE ( 'NONE', #897, #410, #2533, .T. ) ;
#1266 =( LENGTH_UNIT ( ) NAMED_UNIT ( * ) SI_UNIT ( .MILLI., .METRE. ) );
#1267 = DIRECTION ( 'NONE',  ( 0.7071067811865472397, 0.7071067811865479058, -0.0000000000000000000 ) ) ;
#1268 = DIRECTION ( 'NONE',  ( -0.0000000000000000000, 1.224646799147353207E-16, -1.000000000000000000 ) ) ;
#1269 =( LENGTH_UNIT ( ) NAMED_UNIT ( * ) SI_UNIT ( .MILLI., .METRE. ) );
#1270 = ORIENTED_EDGE ( 'NONE', *, *, #3108, .T. ) ;
#1271 = COLOUR_RGB ( '',0.8941176470588234615, 0.9137254901960784048, 0.9294117647058823817 ) ;
#1272 = SURFACE_STYLE_FILL_AREA ( #2364 ) ;
#1273 = VECTOR ( 'NONE', #803, 1000.000000000000000 ) ;
#1274 = DIRECTION ( 'NONE',  ( 0.0000000000000000000, 1.000000000000000000, 0.0000000000000000000 ) ) ;
#1275 = DIRECTION ( 'NONE',  ( 1.000000000000000000, 1.224646799147353207E-16, 1.499759782661857608E-32 ) ) ;
#1276 = CARTESIAN_POINT ( 'NONE',  ( 5.510910596163092514E-16, -4.500000000000002665, 3.001193869821788596 ) ) ;
#1277 = ORIENTED_EDGE ( 'NONE', *, *, #1223, .T. ) ;
#1278 = ORIENTED_EDGE ( 'NONE', *, *, #1926, .T. ) ;
#1279 = CARTESIAN_POINT ( 'NONE',  ( 0.0000000000000000000, 0.0000000000000000000, 2.100000000000000089 ) ) ;
#1280 = AXIS2_PLACEMENT_3D ( 'NONE', #1082, #3036, #1129 ) ;
#1281 = VERTEX_POINT ( 'NONE', #601 ) ;
#1282 = EDGE_LOOP ( 'NONE', ( #435, #2350, #964, #3480 ) ) ;
#1283 = CARTESIAN_POINT ( 'NONE',  ( 5.200000000000000178, 3.199999999999998845, 2.100000000000000089 ) ) ;
#1284 = UNCERTAINTY_MEASURE_WITH_UNIT (LENGTH_MEASURE( 1.000000000000000082E-05 ), #2245, 'distance_accuracy_value', 'NONE');
#1285 = FACE_OUTER_BOUND ( 'NONE', #3510, .T. ) ;
#1286 = VECTOR ( 'NONE', #1585, 1000.000000000000000 ) ;
#1287 = EDGE_CURVE ( 'NONE', #519, #2698, #2738, .T. ) ;
#1288 = DIRECTION ( 'NONE',  ( 0.0000000000000000000, 1.000000000000000000, 8.928123215378581621E-17 ) ) ;
#1289 = EDGE_LOOP ( 'NONE', ( #145, #3475, #3208, #2409 ) ) ;
#1290 = VECTOR ( 'NONE', #1633, 1000.000000000000000 ) ;
#1291 =( NAMED_UNIT ( * ) SI_UNIT ( $, .STERADIAN. ) SOLID_ANGLE_UNIT ( ) );
#1292 = EDGE_CURVE ( 'NONE', #2489, #54, #644, .T. ) ;
#1293 = LINE ( 'NONE', #2866, #354 ) ;
#1294 = CARTESIAN_POINT ( 'NONE',  ( 1.999999999999997780, -4.637078821844633936, 1.099999999999999423 ) ) ;
#1295 = FILL_AREA_STYLE ('',( #977 ) ) ;
#1296 = CARTESIAN_POINT ( 'NONE',  ( 0.0000000000000000000, 5.000000000000002665, 0.6000000000000011990 ) ) ;
#1297 = ORIENTED_EDGE ( 'NONE', *, *, #2915, .T. ) ;
#1298 = DIRECTION ( 'NONE',  ( 0.0000000000000000000, 0.0000000000000000000, 1.000000000000000000 ) ) ;
#1299 = ORIENTED_EDGE ( 'NONE', *, *, #3388, .F. ) ;
#1300 = CARTESIAN_POINT ( 'NONE',  ( -2.649999999999999911, -0.6500000000000000222, 0.2500000000000000000 ) ) ;
#1301 = ORIENTED_EDGE ( 'NONE', *, *, #1013, .T. ) ;
#1302 = LINE ( 'NONE', #1075, #1514 ) ;
#1303 = DIRECTION ( 'NONE',  ( -0.0000000000000000000, 1.224646799147353207E-16, -1.000000000000000000 ) ) ;
#1304 = CIRCLE ( 'NONE', #313, 4.700000000000002842 ) ;
#1305 = CARTESIAN_POINT ( 'NONE',  ( 3.199999999999997957, -5.200000000000002842, 0.1000000000000000056 ) ) ;
#1306 = SURFACE_SIDE_STYLE ('',( #1615 ) ) ;
#1307 = ORIENTED_EDGE ( 'NONE', *, *, #963, .F. ) ;
#1308 = CARTESIAN_POINT ( 'NONE',  ( -2.640230447553806314, 3.888339386397468012, 10.41000000000000014 ) ) ;
#1309 = VECTOR ( 'NONE', #3092, 1000.000000000000000 ) ;
#1310 = PLANE ( 'NONE',  #3530 ) ;
#1311 = LINE ( 'NONE', #2387, #2430 ) ;
#1312 = STYLED_ITEM ( 'NONE', ( #238 ), #894 ) ;
#1313 = EDGE_CURVE ( 'NONE', #958, #2210, #1368, .T. ) ;
#1314 = ADVANCED_FACE ( 'NONE', ( #1108 ), #2195, .T. ) ;
#1315 = CARTESIAN_POINT ( 'NONE',  ( 6.123233995736770227E-16, -5.000000000000002665, 0.5999999999999999778 ) ) ;
#1316 = ORIENTED_EDGE ( 'NONE', *, *, #3297, .F. ) ;
#1317 = DIRECTION ( 'NONE',  ( -0.0000000000000000000, -1.000000000000000000, -0.0000000000000000000 ) ) ;
#1318 = EDGE_CURVE ( 'NONE', #762, #2052, #3421, .T. ) ;
#1319 = ORIENTED_EDGE ( 'NONE', *, *, #2406, .F. ) ;
#1320 = DIRECTION ( 'NONE',  ( -0.0000000000000000000, -0.0000000000000000000, -1.000000000000000000 ) ) ;
#1321 = PRESENTATION_LAYER_ASSIGNMENT (  '', '', ( #2524 ) ) ;
#1322 = DIRECTION ( 'NONE',  ( 1.000000000000000000, 0.0000000000000000000, 0.0000000000000000000 ) ) ;
#1323 = DIRECTION ( 'NONE',  ( 0.0000000000000000000, 0.0000000000000000000, 1.000000000000000000 ) ) ;
#1324 = ORIENTED_EDGE ( 'NONE', *, *, #2583, .T. ) ;
#1325 = AXIS2_PLACEMENT_3D ( 'NONE', #1676, #289, #3308 ) ;
#1326 =( NAMED_UNIT ( * ) SI_UNIT ( $, .STERADIAN. ) SOLID_ANGLE_UNIT ( ) );
#1327 = DIRECTION ( 'NONE',  ( 0.0000000000000000000, 0.0000000000000000000, -1.000000000000000000 ) ) ;
#1328 = FACE_OUTER_BOUND ( 'NONE', #2058, .T. ) ;
#1329 = ORIENTED_EDGE ( 'NONE', *, *, #984, .T. ) ;
#1330 = EDGE_CURVE ( 'NONE', #1861, #3180, #1517, .T. ) ;
#1331 = COLOUR_RGB ( '',0.8941176470588234615, 0.9137254901960784048, 0.9294117647058823817 ) ;
#1332 = DIRECTION ( 'NONE',  ( 0.0000000000000000000, 0.0000000000000000000, -1.000000000000000000 ) ) ;
#1333 = ORIENTED_EDGE ( 'NONE', *, *, #3531, .F. ) ;
#1334 = EDGE_CURVE ( 'NONE', #3027, #3378, #369, .T. ) ;
#1335 = DIRECTION ( 'NONE',  ( 0.0000000000000000000, 0.0000000000000000000, 1.000000000000000000 ) ) ;
#1336 = CARTESIAN_POINT ( 'NONE',  ( -5.499999999999999112, -0.6500000000000000222, 2.589803236230023287E-16 ) ) ;
#1337 = TOROIDAL_SURFACE ( 'NONE', #1572, 4.800000000000003375, 0.1999999999999999278 ) ;
#1338 = AXIS2_PLACEMENT_3D ( 'NONE', #2888, #995, #1258 ) ;
#1339 = TOROIDAL_SURFACE ( 'NONE', #2201, 4.700000000000001954, 0.1999999999999999278 ) ;
#1340 = LINE ( 'NONE', #810, #3490 ) ;
#1341 = CARTESIAN_POINT ( 'NONE',  ( 5.685460022332445835E-16, -4.642530422886733454, 3.192759126866019592 ) ) ;
#1342 = ADVANCED_BREP_SHAPE_REPRESENTATION ( '4E3CCB4F-85A6-4E0A-B7D1-C5726EAD564D', ( #3035, #2959 ), #1065 ) ;
#1343 = COLOUR_RGB ( '',0.8941176470588234615, 0.9137254901960784048, 0.9294117647058823817 ) ;
#1344 = CARTESIAN_POINT ( 'NONE',  ( -5.499999999999999112, -0.6500000000000000222, 0.2000000000000003719 ) ) ;
#1345 = FACE_OUTER_BOUND ( 'NONE', #1156, .T. ) ;
#1346 =( LENGTH_UNIT ( ) NAMED_UNIT ( * ) SI_UNIT ( .MILLI., .METRE. ) );
#1347 = ORIENTED_EDGE ( 'NONE', *, *, #1292, .F. ) ;
#1348 = CARTESIAN_POINT ( 'NONE',  ( 0.0000000000000000000, 0.0000000000000000000, 0.5999999999999998668 ) ) ;
#1349 = EDGE_CURVE ( 'NONE', #2466, #1552, #2571, .T. ) ;
#1350 = ORIENTED_EDGE ( 'NONE', *, *, #605, .T. ) ;
#1351 = PRESENTATION_LAYER_ASSIGNMENT (  '', '', ( #2214 ) ) ;
#1352 = CARTESIAN_POINT ( 'NONE',  ( 3.035533905932562782, -3.535533905932836340, 0.1500000000000000222 ) ) ;
#1353 = ADVANCED_FACE ( 'NONE', ( #2856 ), #909, .F. ) ;
#1354 = EDGE_CURVE ( 'NONE', #1643, #1260, #2539, .T. ) ;
#1355 = AXIS2_PLACEMENT_3D ( 'NONE', #479, #2616, #3507 ) ;
#1356 = CARTESIAN_POINT ( 'NONE',  ( 0.0000000000000000000, -2.213231750571796808E-16, 2.407240873133980497 ) ) ;
#1357 =( LENGTH_UNIT ( ) NAMED_UNIT ( * ) SI_UNIT ( .MILLI., .METRE. ) );
#1358 = VERTEX_POINT ( 'NONE', #92 ) ;
#1359 = COLOUR_RGB ( '',0.8941176470588234615, 0.9137254901960784048, 0.9294117647058823817 ) ;
#1360 = SURFACE_STYLE_USAGE ( .BOTH. , #2437 ) ;
#1361 = VECTOR ( 'NONE', #3523, 1000.000000000000000 ) ;
#1362 = VERTEX_POINT ( 'NONE', #2013 ) ;
#1363 = CARTESIAN_POINT ( 'NONE',  ( -2.700000000000001510, -0.6500000000000000222, 0.2999999999999997113 ) ) ;
#1364 = DIRECTION ( 'NONE',  ( -0.0000000000000000000, 1.224646799147353207E-16, -1.000000000000000000 ) ) ;
#1365 = CARTESIAN_POINT ( 'NONE',  ( 1.799999999999999156, -0.6999999999999997335, 0.2500000000000000000 ) ) ;
#1366 = AXIS2_PLACEMENT_3D ( 'NONE', #885, #1489, #633 ) ;
#1367 = EDGE_CURVE ( 'NONE', #2297, #2441, #1437, .T. ) ;
#1368 = LINE ( 'NONE', #3562, #3281 ) ;
#1369 = SURFACE_STYLE_USAGE ( .BOTH. , #1388 ) ;
#1370 = MECHANICAL_DESIGN_GEOMETRIC_PRESENTATION_REPRESENTATION (  '', ( #1613 ), #3379 ) ;
#1371 = ORIENTED_EDGE ( 'NONE', *, *, #1367, .F. ) ;
#1372 = DIRECTION ( 'NONE',  ( 0.0000000000000000000, 0.0000000000000000000, 1.000000000000000000 ) ) ;
#1373 = EDGE_CURVE ( 'NONE', #1358, #3140, #2243, .T. ) ;
#1374 = SURFACE_STYLE_FILL_AREA ( #1900 ) ;
#1375 = SURFACE_STYLE_FILL_AREA ( #1392 ) ;
#1376 = DIRECTION ( 'NONE',  ( 1.000000000000000000, 0.0000000000000000000, 2.516897900412780756E-16 ) ) ;
#1377 = EDGE_LOOP ( 'NONE', ( #1951, #2570, #2926, #2895, #1324, #1704, #2138 ) ) ;
#1378 = ADVANCED_FACE ( 'NONE', ( #938 ), #1172, .F. ) ;
#1379 = CARTESIAN_POINT ( 'NONE',  ( 2.649999999999999911, -0.6500000000000000222, 0.5999999999999998668 ) ) ;
#1380 = DIRECTION ( 'NONE',  ( 1.000000000000000000, 0.0000000000000000000, 0.0000000000000000000 ) ) ;
#1381 = DIRECTION ( 'NONE',  ( 1.000000000000000000, 1.224646799147353207E-16, 1.499759782661857608E-32 ) ) ;
#1382 = CARTESIAN_POINT ( 'NONE',  ( 0.0000000000000000000, 0.0000000000000000000, 0.6000000000000006439 ) ) ;
#1383 = DIRECTION ( 'NONE',  ( -0.0000000000000000000, -0.0000000000000000000, -1.000000000000000000 ) ) ;
#1384 = ORIENTED_EDGE ( 'NONE', *, *, #3101, .F. ) ;
#1385 = CARTESIAN_POINT ( 'NONE',  ( 0.0000000000000000000, -4.642530422886734343, 3.192759126866019592 ) ) ;
#1386 = FILL_AREA_STYLE ('',( #1931 ) ) ;
#1387 =( GEOMETRIC_REPRESENTATION_CONTEXT ( 3 ) GLOBAL_UNCERTAINTY_ASSIGNED_CONTEXT ( ( #456 ) ) GLOBAL_UNIT_ASSIGNED_CONTEXT ( ( #1101, #361, #2848 ) ) REPRESENTATION_CONTEXT ( 'NONE', 'WORKASPACE' ) );
#1388 = SURFACE_SIDE_STYLE ('',( #3516 ) ) ;
#1389 = FILL_AREA_STYLE_COLOUR ( '', #3294 ) ;
#1390 =( NAMED_UNIT ( * ) PLANE_ANGLE_UNIT ( ) SI_UNIT ( $, .RADIAN. ) );
#1391 = ADVANCED_FACE ( 'NONE', ( #2875 ), #1734, .F. ) ;
#1392 = FILL_AREA_STYLE ('',( #1654 ) ) ;
#1393 = PLANE ( 'NONE',  #892 ) ;
#1394 = ORIENTED_EDGE ( 'NONE', *, *, #1097, .T. ) ;
#1395 =( GEOMETRIC_REPRESENTATION_CONTEXT ( 3 ) GLOBAL_UNCERTAINTY_ASSIGNED_CONTEXT ( ( #2830 ) ) GLOBAL_UNIT_ASSIGNED_CONTEXT ( ( #304, #3335, #1670 ) ) REPRESENTATION_CONTEXT ( 'NONE', 'WORKASPACE' ) );
#1396 = CARTESIAN_POINT ( 'NONE',  ( 1.999999999999997113, 5.199999999999999289, 0.8999999999999996891 ) ) ;
#1397 = UNCERTAINTY_MEASURE_WITH_UNIT (LENGTH_MEASURE( 1.000000000000000082E-05 ), #3269, 'distance_accuracy_value', 'NONE');
#1398 = DIRECTION ( 'NONE',  ( -0.0000000000000000000, -0.0000000000000000000, -1.000000000000000000 ) ) ;
#1399 = AXIS2_PLACEMENT_3D ( 'NONE', #87, #2212, #1474 ) ;
#1400 = CIRCLE ( 'NONE', #2486, 0.5000000000000746070 ) ;
#1401 =( NAMED_UNIT ( * ) SI_UNIT ( $, .STERADIAN. ) SOLID_ANGLE_UNIT ( ) );
#1402 = AXIS2_PLACEMENT_3D ( 'NONE', #344, #1152, #670 ) ;
#1403 = PRESENTATION_STYLE_ASSIGNMENT (( #1942 ) ) ;
#1404 = CARTESIAN_POINT ( 'NONE',  ( 2.700000000000001510, 0.6500000000000000222, 0.1999999999999996503 ) ) ;
#1405 = VERTEX_POINT ( 'NONE', #76 ) ;
#1406 = CARTESIAN_POINT ( 'NONE',  ( 2.350000000000000089, 0.0000000000000000000, 0.5999999999999998668 ) ) ;
#1407 = CARTESIAN_POINT ( 'NONE',  ( -2.400000000000000355, -0.6500000000000000222, 0.2999999999999996003 ) ) ;
#1408 = FILL_AREA_STYLE_COLOUR ( '', #1990 ) ;
#1409 = VERTEX_POINT ( 'NONE', #2033 ) ;
#1410 = DIRECTION ( 'NONE',  ( 0.0000000000000000000, -1.000000000000000000, 0.0000000000000000000 ) ) ;
#1411 = CARTESIAN_POINT ( 'NONE',  ( 5.199999999999999289, -0.6999999999999998446, 0.1000000000000000056 ) ) ;
#1412 = ORIENTED_EDGE ( 'NONE', *, *, #476, .F. ) ;
#1413 = EDGE_CURVE ( 'NONE', #922, #958, #1190, .T. ) ;
#1414 = DIRECTION ( 'NONE',  ( -1.000000000000000000, 0.0000000000000000000, 0.0000000000000000000 ) ) ;
#1415 = CARTESIAN_POINT ( 'NONE',  ( 0.0000000000000000000, 5.000000000000002665, 0.6000000000000011990 ) ) ;
#1416 = ORIENTED_EDGE ( 'NONE', *, *, #1964, .F. ) ;
#1417 = EDGE_CURVE ( 'NONE', #1281, #1549, #3130, .T. ) ;
#1418 = CIRCLE ( 'NONE', #3430, 0.3000000000000005440 ) ;
#1419 = ORIENTED_EDGE ( 'NONE', *, *, #1709, .F. ) ;
#1420 = ORIENTED_EDGE ( 'NONE', *, *, #637, .T. ) ;
#1421 = EDGE_CURVE ( 'NONE', #3128, #1698, #126, .T. ) ;
#1422 = DIRECTION ( 'NONE',  ( -0.0000000000000000000, -0.0000000000000000000, -1.000000000000000000 ) ) ;
#1423 = ORIENTED_EDGE ( 'NONE', *, *, #2483, .T. ) ;
#1424 = DIRECTION ( 'NONE',  ( 0.0000000000000000000, 1.000000000000000000, 1.224646799147353207E-16 ) ) ;
#1425 = DIRECTION ( 'NONE',  ( 0.0000000000000000000, 1.000000000000000000, 9.637352644315589080E-17 ) ) ;
#1426 = ORIENTED_EDGE ( 'NONE', *, *, #1485, .T. ) ;
#1427 = VECTOR ( 'NONE', #1880, 1000.000000000000000 ) ;
#1428 = CARTESIAN_POINT ( 'NONE',  ( 1.799999999999999156, 0.7000000000000001776, 0.2500000000000000000 ) ) ;
#1429 = CARTESIAN_POINT ( 'NONE',  ( -1.800000000000000044, -0.6999999999999992895, 0.2500000000000000000 ) ) ;
#1430 = DIRECTION ( 'NONE',  ( 8.659560562354921765E-17, -0.7071067811865463515, -0.7071067811865487940 ) ) ;
#1431 = PRESENTATION_STYLE_ASSIGNMENT (( #901 ) ) ;
#1432 = CARTESIAN_POINT ( 'NONE',  ( 2.649999999999999911, -0.6500000000000000222, 0.2500000000000000000 ) ) ;
#1433 = LINE ( 'NONE', #2122, #1536 ) ;
#1434 = ORIENTED_EDGE ( 'NONE', *, *, #2939, .T. ) ;
#1435 = EDGE_CURVE ( 'NONE', #3378, #2372, #785, .T. ) ;
#1436 = ORIENTED_EDGE ( 'NONE', *, *, #725, .F. ) ;
#1437 = CIRCLE ( 'NONE', #337, 0.5000000000000741629 ) ;
#1438 = CARTESIAN_POINT ( 'NONE',  ( 2.700000000000001510, -0.6500000000000000222, 0.1999999999999996503 ) ) ;
#1439 = DIRECTION ( 'NONE',  ( 0.0000000000000000000, 1.000000000000000000, -0.0000000000000000000 ) ) ;
#1440 = ADVANCED_FACE ( 'NONE', ( #1609 ), #1003, .F. ) ;
#1441 = VECTOR ( 'NONE', #257, 1000.000000000000000 ) ;
#1442 = VERTEX_POINT ( 'NONE', #1074 ) ;
#1443 = SURFACE_STYLE_FILL_AREA ( #1982 ) ;
#1444 = DIRECTION ( 'NONE',  ( 0.0000000000000000000, -1.000000000000000000, 0.0000000000000000000 ) ) ;
#1445 = ORIENTED_EDGE ( 'NONE', *, *, #2119, .F. ) ;
#1446 = VECTOR ( 'NONE', #2579, 1000.000000000000000 ) ;
#1447 = LINE ( 'NONE', #2304, #712 ) ;
#1448 = VECTOR ( 'NONE', #1146, 1000.000000000000000 ) ;
#1449 = CARTESIAN_POINT ( 'NONE',  ( 6.123233995736768255E-16, -5.000000000000002665, 10.10000000000000142 ) ) ;
#1450 = CARTESIAN_POINT ( 'NONE',  ( -4.035533905932910059, -3.535533905932737309, 0.1000000000000000056 ) ) ;
#1451 =( GEOMETRIC_REPRESENTATION_CONTEXT ( 3 ) GLOBAL_UNCERTAINTY_ASSIGNED_CONTEXT ( ( #1181 ) ) GLOBAL_UNIT_ASSIGNED_CONTEXT ( ( #496, #1597, #1095 ) ) REPRESENTATION_CONTEXT ( 'NONE', 'WORKASPACE' ) );
#1452 = DIRECTION ( 'NONE',  ( 2.065146995210485188E-16, 1.000000000000000000, -0.0000000000000000000 ) ) ;
#1453 = AXIS2_PLACEMENT_3D ( 'NONE', #2083, #1828, #471 ) ;
#1454 = CARTESIAN_POINT ( 'NONE',  ( 5.199999999999997513, 5.200000000000000178, 1.099999999999999867 ) ) ;
#1455 = VERTEX_POINT ( 'NONE', #2352 ) ;
#1456 = AXIS2_PLACEMENT_3D ( 'NONE', #2636, #2655, #1051 ) ;
#1457 = PRESENTATION_LAYER_ASSIGNMENT (  '', '', ( #3241 ) ) ;
#1458 = EDGE_LOOP ( 'NONE', ( #241, #2016, #21, #2225 ) ) ;
#1459 = MECHANICAL_DESIGN_GEOMETRIC_PRESENTATION_REPRESENTATION (  '', ( #2833 ), #2081 ) ;
#1460 = EDGE_CURVE ( 'NONE', #94, #246, #205, .T. ) ;
#1461 = DIRECTION ( 'NONE',  ( 1.000000000000000000, -0.0000000000000000000, 0.0000000000000000000 ) ) ;
#1462 = ORIENTED_EDGE ( 'NONE', *, *, #196, .T. ) ;
#1463 = ORIENTED_EDGE ( 'NONE', *, *, #679, .F. ) ;
#1464 = CARTESIAN_POINT ( 'NONE',  ( 2.350000000000000089, 0.6500000000000000222, 0.09900000000000001854 ) ) ;
#1465 = EDGE_CURVE ( 'NONE', #1409, #2734, #991, .T. ) ;
#1466 = EDGE_CURVE ( 'NONE', #1713, #1106, #428, .T. ) ;
#1467 = FILL_AREA_STYLE_COLOUR ( '', #295 ) ;
#1468 = DIRECTION ( 'NONE',  ( 0.0000000000000000000, 1.000000000000000000, 8.673617379884030542E-17 ) ) ;
#1469 = EDGE_LOOP ( 'NONE', ( #2853, #1155, #598, #269, #3497, #2038, #107, #546, #707, #1416, #698, #639, #1535, #3147 ) ) ;
#1470 = PLANE ( 'NONE',  #3008 ) ;
#1471 = UNCERTAINTY_MEASURE_WITH_UNIT (LENGTH_MEASURE( 1.000000000000000082E-05 ), #820, 'distance_accuracy_value', 'NONE');
#1472 = DIRECTION ( 'NONE',  ( -0.0000000000000000000, -0.0000000000000000000, -1.000000000000000000 ) ) ;
#1473 = AXIS2_PLACEMENT_3D ( 'NONE', #1901, #284, #3021 ) ;
#1474 = DIRECTION ( 'NONE',  ( -1.000000000000000000, 0.0000000000000000000, 0.0000000000000000000 ) ) ;
#1475 = SURFACE_STYLE_FILL_AREA ( #1224 ) ;
#1476 = AXIS2_PLACEMENT_3D ( 'NONE', #2880, #2065, #3169 ) ;
#1477 = SURFACE_STYLE_FILL_AREA ( #2869 ) ;
#1478 = VERTEX_POINT ( 'NONE', #3259 ) ;
#1479 = ORIENTED_EDGE ( 'NONE', *, *, #3388, .T. ) ;
#1480 = DIRECTION ( 'NONE',  ( -0.0000000000000000000, -0.0000000000000000000, 1.000000000000000000 ) ) ;
#1481 = ORIENTED_EDGE ( 'NONE', *, *, #1651, .F. ) ;
#1482 = VECTOR ( 'NONE', #1516, 1000.000000000000000 ) ;
#1483 = VERTEX_POINT ( 'NONE', #2916 ) ;
#1484 = MECHANICAL_DESIGN_GEOMETRIC_PRESENTATION_REPRESENTATION (  '', ( #1832 ), #1256 ) ;
#1485 = EDGE_CURVE ( 'NONE', #2689, #3427, #2697, .T. ) ;
#1486 = CARTESIAN_POINT ( 'NONE',  ( -2.000000000000002665, 5.199999999999999289, 0.8999999999999996891 ) ) ;
#1487 = ORIENTED_EDGE ( 'NONE', *, *, #1667, .T. ) ;
#1488 = CARTESIAN_POINT ( 'NONE',  ( -2.000000000000001776, -4.637078821844630383, 0.5999999999999998668 ) ) ;
#1489 = DIRECTION ( 'NONE',  ( -0.0000000000000000000, 1.224646799147353207E-16, -1.000000000000000000 ) ) ;
#1490 =( NAMED_UNIT ( * ) SI_UNIT ( $, .STERADIAN. ) SOLID_ANGLE_UNIT ( ) );
#1491 = ORIENTED_EDGE ( 'NONE', *, *, #2494, .F. ) ;
#1492 = ORIENTED_EDGE ( 'NONE', *, *, #3220, .T. ) ;
#1493 = DIRECTION ( 'NONE',  ( 0.0000000000000000000, -0.0000000000000000000, 1.000000000000000000 ) ) ;
#1494 = CIRCLE ( 'NONE', #2239, 0.3000000000000005995 ) ;
#1495 = DIRECTION ( 'NONE',  ( -1.000000000000000000, -3.188829919075013114E-17, 0.0000000000000000000 ) ) ;
#1496 = VERTEX_POINT ( 'NONE', #506 ) ;
#1497 = ORIENTED_EDGE ( 'NONE', *, *, #2961, .F. ) ;
#1498 = COLOUR_RGB ( '',0.8941176470588234615, 0.9137254901960784048, 0.9294117647058823817 ) ;
#1499 = AXIS2_PLACEMENT_3D ( 'NONE', #1997, #3093, #1210 ) ;
#1500 = CARTESIAN_POINT ( 'NONE',  ( -2.600000000000000533, -0.6500000000000000222, 0.2999999999999997113 ) ) ;
#1501 = DIRECTION ( 'NONE',  ( 0.0000000000000000000, 0.0000000000000000000, -1.000000000000000000 ) ) ;
#1502 = SURFACE_STYLE_FILL_AREA ( #755 ) ;
#1503 = ORIENTED_EDGE ( 'NONE', *, *, #444, .T. ) ;
#1504 =( GEOMETRIC_REPRESENTATION_CONTEXT ( 3 ) GLOBAL_UNCERTAINTY_ASSIGNED_CONTEXT ( ( #1284 ) ) GLOBAL_UNIT_ASSIGNED_CONTEXT ( ( #2245, #1663, #2497 ) ) REPRESENTATION_CONTEXT ( 'NONE', 'WORKASPACE' ) );
#1505 = EDGE_CURVE ( 'NONE', #897, #2846, #3513, .T. ) ;
#1506 = SURFACE_STYLE_USAGE ( .BOTH. , #460 ) ;
#1507 = CARTESIAN_POINT ( 'NONE',  ( 0.0000000000000000000, -2.134264386401306572E-16, 2.342759126866019503 ) ) ;
#1508 = STYLED_ITEM ( 'NONE', ( #3506 ), #2003 ) ;
#1509 = DIRECTION ( 'NONE',  ( -1.000000000000000000, 0.0000000000000000000, 0.0000000000000000000 ) ) ;
#1510 = DIRECTION ( 'NONE',  ( -0.0000000000000000000, 1.224646799147353207E-16, -1.000000000000000000 ) ) ;
#1511 = DIRECTION ( 'NONE',  ( 1.000000000000000000, 2.710505431213761085E-16, 1.355252715606880543E-16 ) ) ;
#1512 = ORIENTED_EDGE ( 'NONE', *, *, #3009, .T. ) ;
#1513 = DIRECTION ( 'NONE',  ( 0.0000000000000000000, 1.000000000000000000, 1.224646799147353207E-16 ) ) ;
#1514 = VECTOR ( 'NONE', #751, 1000.000000000000000 ) ;
#1515 = ORIENTED_EDGE ( 'NONE', *, *, #3223, .F. ) ;
#1516 = DIRECTION ( 'NONE',  ( 8.340016711426957754E-17, -1.000000000000000000, 0.0000000000000000000 ) ) ;
#1517 = LINE ( 'NONE', #962, #465 ) ;
#1518 = ORIENTED_EDGE ( 'NONE', *, *, #1349, .F. ) ;
#1519 = VECTOR ( 'NONE', #3274, 1000.000000000000000 ) ;
#1520 = FACE_OUTER_BOUND ( 'NONE', #459, .T. ) ;
#1521 = VECTOR ( 'NONE', #86, 1000.000000000000000 ) ;
#1522 = SURFACE_STYLE_USAGE ( .BOTH. , #412 ) ;
#1523 = PLANE ( 'NONE',  #3123 ) ;
#1524 = ORIENTED_EDGE ( 'NONE', *, *, #513, .F. ) ;
#1525 = FACE_OUTER_BOUND ( 'NONE', #3382, .T. ) ;
#1526 = PRODUCT_DEFINITION ( 'UNKNOWN', '', #1068, #197 ) ;
#1527 = DIRECTION ( 'NONE',  ( -1.000000000000000000, 0.0000000000000000000, 0.0000000000000000000 ) ) ;
#1528 = CARTESIAN_POINT ( 'NONE',  ( 2.649999999999999911, -0.6500000000000000222, 0.5999999999999998668 ) ) ;
#1529 = ORIENTED_EDGE ( 'NONE', *, *, #56, .F. ) ;
#1530 = FILL_AREA_STYLE ('',( #425 ) ) ;
#1531 = EDGE_LOOP ( 'NONE', ( #3219, #2873, #3186, #713 ) ) ;
#1532 = EDGE_CURVE ( 'NONE', #246, #3557, #1058, .T. ) ;
#1533 = PRESENTATION_LAYER_ASSIGNMENT (  '', '', ( #2617 ) ) ;
#1534 = CARTESIAN_POINT ( 'NONE',  ( 2.400000000000000355, 0.6500000000000000222, 0.5999999999999998668 ) ) ;
#1535 = ORIENTED_EDGE ( 'NONE', *, *, #3534, .F. ) ;
#1536 = VECTOR ( 'NONE', #1044, 1000.000000000000000 ) ;
#1537 = VERTEX_POINT ( 'NONE', #1042 ) ;
#1538 = DIRECTION ( 'NONE',  ( 0.0000000000000000000, -0.0000000000000000000, 1.000000000000000000 ) ) ;
#1539 = STYLED_ITEM ( 'NONE', ( #1875 ), #678 ) ;
#1540 = CARTESIAN_POINT ( 'NONE',  ( -5.199999999999999289, 0.7000000000000016209, 0.2500000000000000000 ) ) ;
#1541 = VERTEX_POINT ( 'NONE', #732 ) ;
#1542 = FILL_AREA_STYLE ('',( #736 ) ) ;
#1543 =( NAMED_UNIT ( * ) PLANE_ANGLE_UNIT ( ) SI_UNIT ( $, .RADIAN. ) );
#1544 = LINE ( 'NONE', #153, #2889 ) ;
#1545 = CARTESIAN_POINT ( 'NONE',  ( -3.035533905932662257, 3.535533905932737309, 0.1000000000000000056 ) ) ;
#1546 = CARTESIAN_POINT ( 'NONE',  ( 0.0000000000000000000, -2.338947038342921883E-33, 0.6000000000000006439 ) ) ;
#1547 = ORIENTED_EDGE ( 'NONE', *, *, #399, .T. ) ;
#1548 = FILL_AREA_STYLE_COLOUR ( '', #413 ) ;
#1549 = VERTEX_POINT ( 'NONE', #1534 ) ;
#1550 = CARTESIAN_POINT ( 'NONE',  ( 2.700000000000001510, -0.6500000000000000222, 0.2999999999999997113 ) ) ;
#1551 = CARTESIAN_POINT ( 'NONE',  ( 1.999999999999997113, 5.199999999999999289, 1.099999999999999423 ) ) ;
#1552 = VERTEX_POINT ( 'NONE', #449 ) ;
#1553 = ORIENTED_EDGE ( 'NONE', *, *, #56, .T. ) ;
#1554 = DIRECTION ( 'NONE',  ( 0.0000000000000000000, 1.000000000000000000, 0.0000000000000000000 ) ) ;
#1555 =( NAMED_UNIT ( * ) SI_UNIT ( $, .STERADIAN. ) SOLID_ANGLE_UNIT ( ) );
#1556 = ADVANCED_FACE ( 'NONE', ( #1859 ), #2644, .T. ) ;
#1557 = CARTESIAN_POINT ( 'NONE',  ( 5.499999999999999112, 0.6500000000000000222, 2.589803236230023287E-16 ) ) ;
#1558 = CARTESIAN_POINT ( 'NONE',  ( -3.035533905932662257, 3.535533905932737309, 0.1500000000000000222 ) ) ;
#1559 = VECTOR ( 'NONE', #3081, 1000.000000000000000 ) ;
#1560 = AXIS2_PLACEMENT_3D ( 'NONE', #1592, #2077, #161 ) ;
#1561 = DIRECTION ( 'NONE',  ( 0.0000000000000000000, -0.0000000000000000000, 1.000000000000000000 ) ) ;
#1562 = SURFACE_STYLE_FILL_AREA ( #462 ) ;
#1563 = LINE ( 'NONE', #1052, #2851 ) ;
#1564 = EDGE_LOOP ( 'NONE', ( #1981, #1639, #1063, #418, #3417, #1766 ) ) ;
#1565 = ORIENTED_EDGE ( 'NONE', *, *, #1218, .F. ) ;
#1566 = CARTESIAN_POINT ( 'NONE',  ( -2.350000000000000089, 0.0000000000000000000, 0.5999999999999998668 ) ) ;
#1567 = VECTOR ( 'NONE', #3250, 1000.000000000000000 ) ;
#1568 = VERTEX_POINT ( 'NONE', #143 ) ;
#1569 = COLOUR_RGB ( '',0.8941176470588234615, 0.9137254901960784048, 0.9294117647058823817 ) ;
#1570 = VECTOR ( 'NONE', #1917, 1000.000000000000000 ) ;
#1571 = EDGE_CURVE ( 'NONE', #627, #1537, #579, .T. ) ;
#1572 = AXIS2_PLACEMENT_3D ( 'NONE', #1702, #320, #1424 ) ;
#1573 = LINE ( 'NONE', #3459, #2257 ) ;
#1574 = UNCERTAINTY_MEASURE_WITH_UNIT (LENGTH_MEASURE( 1.000000000000000082E-05 ), #1245, 'distance_accuracy_value', 'NONE');
#1575 = DIRECTION ( 'NONE',  ( -1.000000000000000000, 0.0000000000000000000, -2.086574912030908108E-16 ) ) ;
#1576 = STYLED_ITEM ( 'NONE', ( #1176 ), #2716 ) ;
#1577 = SURFACE_STYLE_USAGE ( .BOTH. , #1306 ) ;
#1578 = EDGE_CURVE ( 'NONE', #1541, #3344, #2063, .T. ) ;
#1579 = EDGE_CURVE ( 'NONE', #1496, #2303, #468, .T. ) ;
#1580 =( GEOMETRIC_REPRESENTATION_CONTEXT ( 3 ) GLOBAL_UNCERTAINTY_ASSIGNED_CONTEXT ( ( #1116 ) ) GLOBAL_UNIT_ASSIGNED_CONTEXT ( ( #2798, #1991, #1183 ) ) REPRESENTATION_CONTEXT ( 'NONE', 'WORKASPACE' ) );
#1581 = CIRCLE ( 'NONE', #486, 5.049999999999999822 ) ;
#1582 = DIRECTION ( 'NONE',  ( 0.0000000000000000000, 0.0000000000000000000, -1.000000000000000000 ) ) ;
#1583 = UNCERTAINTY_MEASURE_WITH_UNIT (LENGTH_MEASURE( 1.000000000000000082E-05 ), #500, 'distance_accuracy_value', 'NONE');
#1584 = EDGE_CURVE ( 'NONE', #2232, #2489, #3461, .T. ) ;
#1585 = DIRECTION ( 'NONE',  ( -1.000000000000000000, -0.0000000000000000000, -0.0000000000000000000 ) ) ;
#1586 = CARTESIAN_POINT ( 'NONE',  ( 0.0000000000000000000, 4.700000000000001954, 2.598806130178212381 ) ) ;
#1587 = DIRECTION ( 'NONE',  ( -0.0000000000000000000, 0.0000000000000000000, 1.000000000000000000 ) ) ;
#1588 = LINE ( 'NONE', #3509, #1361 ) ;
#1589 = ORIENTED_EDGE ( 'NONE', *, *, #2740, .F. ) ;
#1590 = DIRECTION ( 'NONE',  ( 1.000000000000000000, 1.224646799147353207E-16, 1.499759782661857608E-32 ) ) ;
#1591 = DIRECTION ( 'NONE',  ( 0.0000000000000000000, 1.000000000000000000, 9.341476080721904614E-17 ) ) ;
#1592 = CARTESIAN_POINT ( 'NONE',  ( -3.535533905932836340, -3.535533905932737309, 0.1500000000000000222 ) ) ;
#1593 = ORIENTED_EDGE ( 'NONE', *, *, #2816, .T. ) ;
#1594 = CARTESIAN_POINT ( 'NONE',  ( -5.200000000000001066, -0.6999999999999986233, 0.2500000000000000000 ) ) ;
#1595 = CARTESIAN_POINT ( 'NONE',  ( 1.999999999999997113, 4.637078821844633048, 0.5999999999999998668 ) ) ;
#1596 = CARTESIAN_POINT ( 'NONE',  ( 5.200000000000000178, 3.199999999999998845, 0.1000000000000000056 ) ) ;
#1597 =( NAMED_UNIT ( * ) PLANE_ANGLE_UNIT ( ) SI_UNIT ( $, .RADIAN. ) );
#1598 = ORIENTED_EDGE ( 'NONE', *, *, #3312, .F. ) ;
#1599 = EDGE_CURVE ( 'NONE', #57, #3347, #2766, .T. ) ;
#1600 = VECTOR ( 'NONE', #674, 1000.000000000000000 ) ;
#1601 =( NAMED_UNIT ( * ) SI_UNIT ( $, .STERADIAN. ) SOLID_ANGLE_UNIT ( ) );
#1602 =( NAMED_UNIT ( * ) PLANE_ANGLE_UNIT ( ) SI_UNIT ( $, .RADIAN. ) );
#1603 = FACE_OUTER_BOUND ( 'NONE', #1531, .T. ) ;
#1604 = ADVANCED_FACE ( 'NONE', ( #3559 ), #240, .T. ) ;
#1605 = CARTESIAN_POINT ( 'NONE',  ( 4.035533905932812360, 3.535533905932637833, 0.1500000000000000222 ) ) ;
#1606 = EDGE_LOOP ( 'NONE', ( #3315, #3400 ) ) ;
#1607 = FILL_AREA_STYLE ('',( #520 ) ) ;
#1608 = LINE ( 'NONE', #1024, #3439 ) ;
#1609 = FACE_OUTER_BOUND ( 'NONE', #1177, .T. ) ;
#1610 = PRESENTATION_LAYER_ASSIGNMENT (  '', '', ( #2691 ) ) ;
#1611 = EDGE_LOOP ( 'NONE', ( #2394, #3572, #3360, #526 ) ) ;
#1612 = PLANE ( 'NONE',  #3068 ) ;
#1613 = STYLED_ITEM ( 'NONE', ( #2962 ), #1178 ) ;
#1614 =( NAMED_UNIT ( * ) PLANE_ANGLE_UNIT ( ) SI_UNIT ( $, .RADIAN. ) );
#1615 = SURFACE_STYLE_FILL_AREA ( #473 ) ;
#1616 = FILL_AREA_STYLE_COLOUR ( '', #1860 ) ;
#1617 = DIRECTION ( 'NONE',  ( -0.0000000000000000000, 1.224646799147353207E-16, -1.000000000000000000 ) ) ;
#1618 = CARTESIAN_POINT ( 'NONE',  ( 3.535533905932737753, 3.535533905932637833, 0.1500000000000000222 ) ) ;
#1619 = VECTOR ( 'NONE', #2932, 1000.000000000000000 ) ;
#1620 = ADVANCED_FACE ( 'NONE', ( #540 ), #2993, .F. ) ;
#1621 = DIRECTION ( 'NONE',  ( -1.000000000000000000, 0.0000000000000000000, 0.0000000000000000000 ) ) ;
#1622 = FACE_OUTER_BOUND ( 'NONE', #3040, .T. ) ;
#1623 = ORIENTED_EDGE ( 'NONE', *, *, #376, .T. ) ;
#1624 = CARTESIAN_POINT ( 'NONE',  ( -2.000000000000002665, 5.199999999999999289, 0.8999999999999996891 ) ) ;
#1625 = EDGE_CURVE ( 'NONE', #3524, #1751, #818, .T. ) ;
#1626 = DIRECTION ( 'NONE',  ( 0.0000000000000000000, 1.000000000000000000, 1.301042606982604581E-16 ) ) ;
#1627 = DIRECTION ( 'NONE',  ( 1.000000000000000000, 0.0000000000000000000, 0.0000000000000000000 ) ) ;
#1628 = ORIENTED_EDGE ( 'NONE', *, *, #1318, .T. ) ;
#1629 = DIRECTION ( 'NONE',  ( -1.000000000000000000, 0.0000000000000000000, -1.288160997012480489E-16 ) ) ;
#1630 =( GEOMETRIC_REPRESENTATION_CONTEXT ( 3 ) GLOBAL_UNCERTAINTY_ASSIGNED_CONTEXT ( ( #3484 ) ) GLOBAL_UNIT_ASSIGNED_CONTEXT ( ( #2596, #477, #2883 ) ) REPRESENTATION_CONTEXT ( 'NONE', 'WORKASPACE' ) );
#1631 = CARTESIAN_POINT ( 'NONE',  ( -5.200000000000001066, -0.6999999999999986233, 0.2500000000000000000 ) ) ;
#1632 = SURFACE_STYLE_USAGE ( .BOTH. , #2179 ) ;
#1633 = DIRECTION ( 'NONE',  ( -0.0000000000000000000, -0.0000000000000000000, -1.000000000000000000 ) ) ;
#1634 = AXIS2_PLACEMENT_3D ( 'NONE', #2149, #1884, #2560 ) ;
#1635 = DIRECTION ( 'NONE',  ( 0.0000000000000000000, 0.0000000000000000000, -1.000000000000000000 ) ) ;
#1636 = STYLED_ITEM ( 'NONE', ( #1922 ), #1342 ) ;
#1637 = STYLED_ITEM ( 'NONE', ( #3039 ), #2652 ) ;
#1638 = LINE ( 'NONE', #1130, #1759 ) ;
#1639 = ORIENTED_EDGE ( 'NONE', *, *, #3151, .F. ) ;
#1640 =( GEOMETRIC_REPRESENTATION_CONTEXT ( 3 ) GLOBAL_UNCERTAINTY_ASSIGNED_CONTEXT ( ( #1976 ) ) GLOBAL_UNIT_ASSIGNED_CONTEXT ( ( #236, #3007, #2191 ) ) REPRESENTATION_CONTEXT ( 'NONE', 'WORKASPACE' ) );
#1641 = AXIS2_PLACEMENT_3D ( 'NONE', #2743, #822, #1323 ) ;
#1642 = DIRECTION ( 'NONE',  ( 0.0000000000000000000, 0.0000000000000000000, 1.000000000000000000 ) ) ;
#1643 = VERTEX_POINT ( 'NONE', #1696 ) ;
#1644 = DIRECTION ( 'NONE',  ( 8.673617379884036705E-17, -1.000000000000000000, -0.0000000000000000000 ) ) ;
#1645 = CARTESIAN_POINT ( 'NONE',  ( -2.700000000000001510, 0.6500000000000000222, -9.215718466126787689E-16 ) ) ;
#1646 = DIRECTION ( 'NONE',  ( 1.000000000000000000, 0.0000000000000000000, 0.0000000000000000000 ) ) ;
#1647 = ORIENTED_EDGE ( 'NONE', *, *, #767, .F. ) ;
#1648 = EDGE_CURVE ( 'NONE', #3180, #2632, #2784, .T. ) ;
#1649 = MECHANICAL_DESIGN_GEOMETRIC_PRESENTATION_REPRESENTATION (  '', ( #2214 ), #2273 ) ;
#1650 = CARTESIAN_POINT ( 'NONE',  ( -2.649999999999999911, -0.6500000000000000222, 0.5999999999999998668 ) ) ;
#1651 = EDGE_CURVE ( 'NONE', #3112, #307, #1139, .T. ) ;
#1652 = DIRECTION ( 'NONE',  ( -0.0000000000000000000, 1.224646799147353207E-16, -1.000000000000000000 ) ) ;
#1653 = CARTESIAN_POINT ( 'NONE',  ( 6.123233995736770227E-16, -5.000000000000002665, 2.151193869821788063 ) ) ;
#1654 = FILL_AREA_STYLE_COLOUR ( '', #2680 ) ;
#1655 = ORIENTED_EDGE ( 'NONE', *, *, #495, .T. ) ;
#1656 = STYLED_ITEM ( 'NONE', ( #2998 ), #422 ) ;
#1657 = CARTESIAN_POINT ( 'NONE',  ( 1.799999999999999156, -0.6999999999999997335, 0.2500000000000000000 ) ) ;
#1658 = SURFACE_STYLE_USAGE ( .BOTH. , #849 ) ;
#1659 = PRESENTATION_LAYER_ASSIGNMENT (  '', '', ( #1539 ) ) ;
#1660 = CARTESIAN_POINT ( 'NONE',  ( 2.650000000000000799, 0.6500000000000000222, 0.6000000000000007550 ) ) ;
#1661 = CARTESIAN_POINT ( 'NONE',  ( 0.0000000000000000000, 4.700000000000001954, 10.40000000000000213 ) ) ;
#1662 =( LENGTH_UNIT ( ) NAMED_UNIT ( * ) SI_UNIT ( .MILLI., .METRE. ) );
#1663 =( NAMED_UNIT ( * ) PLANE_ANGLE_UNIT ( ) SI_UNIT ( $, .RADIAN. ) );
#1664 = CARTESIAN_POINT ( 'NONE',  ( 5.199999999999999289, -0.6999999999999998446, 0.2500000000000000000 ) ) ;
#1665 = ORIENTED_EDGE ( 'NONE', *, *, #591, .F. ) ;
#1666 = DIRECTION ( 'NONE',  ( -0.0000000000000000000, -0.0000000000000000000, 1.000000000000000000 ) ) ;
#1667 = EDGE_CURVE ( 'NONE', #2457, #1541, #2590, .T. ) ;
#1668 = DIRECTION ( 'NONE',  ( 0.0000000000000000000, 1.000000000000000000, 0.0000000000000000000 ) ) ;
#1669 = FILL_AREA_STYLE ('',( #3535 ) ) ;
#1670 =( NAMED_UNIT ( * ) SI_UNIT ( $, .STERADIAN. ) SOLID_ANGLE_UNIT ( ) );
#1671 = EDGE_CURVE ( 'NONE', #2698, #1761, #573, .T. ) ;
#1672 = SURFACE_STYLE_USAGE ( .BOTH. , #3320 ) ;
#1673 = PRESENTATION_STYLE_ASSIGNMENT (( #3037 ) ) ;
#1674 = CARTESIAN_POINT ( 'NONE',  ( 0.0000000000000000000, 0.0000000000000000000, 3.001193869821789928 ) ) ;
#1675 = VERTEX_POINT ( 'NONE', #1432 ) ;
#1676 = CARTESIAN_POINT ( 'NONE',  ( 3.199999999999999734, 5.199999999999999289, 2.100000000000000089 ) ) ;
#1677 = DIRECTION ( 'NONE',  ( 1.172998894335282758E-16, 0.9578262852211514300, 0.2873478855663452736 ) ) ;
#1678 = VECTOR ( 'NONE', #1480, 1000.000000000000000 ) ;
#1679 = FILL_AREA_STYLE ('',( #852 ) ) ;
#1680 = VERTEX_POINT ( 'NONE', #1975 ) ;
#1681 = LINE ( 'NONE', #1915, #3091 ) ;
#1682 = ADVANCED_FACE ( 'NONE', ( #2295 ), #902, .F. ) ;
#1683 = DIRECTION ( 'NONE',  ( 0.0000000000000000000, 0.7071067811865465735, -0.7071067811865484609 ) ) ;
#1684 = SURFACE_STYLE_USAGE ( .BOTH. , #1214 ) ;
#1685 = UNCERTAINTY_MEASURE_WITH_UNIT (LENGTH_MEASURE( 1.000000000000000082E-05 ), #1002, 'distance_accuracy_value', 'NONE');
#1686 = DIRECTION ( 'NONE',  ( 1.000000000000000000, 0.0000000000000000000, 0.0000000000000000000 ) ) ;
#1687 = CIRCLE ( 'NONE', #1966, 5.049999999999999822 ) ;
#1688 = EDGE_CURVE ( 'NONE', #3242, #2632, #2180, .T. ) ;
#1689 = SURFACE_STYLE_USAGE ( .BOTH. , #2018 ) ;
#1690 = VERTEX_POINT ( 'NONE', #1992 ) ;
#1691 = AXIS2_PLACEMENT_3D ( 'NONE', #1283, #2382, #3483 ) ;
#1692 = COLOUR_RGB ( '',0.8941176470588234615, 0.9137254901960784048, 0.9294117647058823817 ) ;
#1693 = LINE ( 'NONE', #309, #3455 ) ;
#1694 = DIRECTION ( 'NONE',  ( -0.0000000000000000000, -0.0000000000000000000, -1.000000000000000000 ) ) ;
#1695 = PRESENTATION_LAYER_ASSIGNMENT (  '', '', ( #10 ) ) ;
#1696 = CARTESIAN_POINT ( 'NONE',  ( -2.650000000000000799, 0.6500000000000000222, 0.2500000000000000000 ) ) ;
#1697 = FACE_OUTER_BOUND ( 'NONE', #341, .T. ) ;
#1698 = VERTEX_POINT ( 'NONE', #3087 ) ;
#1699 = ORIENTED_EDGE ( 'NONE', *, *, #2271, .F. ) ;
#1700 = DIRECTION ( 'NONE',  ( -0.0000000000000000000, 1.224646799147353207E-16, -1.000000000000000000 ) ) ;
#1701 = ORIENTED_EDGE ( 'NONE', *, *, #262, .F. ) ;
#1702 = CARTESIAN_POINT ( 'NONE',  ( 0.0000000000000000000, 0.0000000000000000000, 2.151193869821789395 ) ) ;
#1703 = DIRECTION ( 'NONE',  ( 0.0000000000000000000, -0.0000000000000000000, 1.000000000000000000 ) ) ;
#1704 = ORIENTED_EDGE ( 'NONE', *, *, #3028, .T. ) ;
#1705 = DIRECTION ( 'NONE',  ( -0.0000000000000000000, -0.0000000000000000000, -1.000000000000000000 ) ) ;
#1706 = VERTEX_POINT ( 'NONE', #931 ) ;
#1707 = PRESENTATION_STYLE_ASSIGNMENT (( #919 ) ) ;
#1708 = AXIS2_PLACEMENT_3D ( 'NONE', #1780, #3088, #405 ) ;
#1709 = EDGE_CURVE ( 'NONE', #2035, #1409, #2604, .T. ) ;
#1710 = DIRECTION ( 'NONE',  ( 0.0000000000000000000, -0.0000000000000000000, -1.000000000000000000 ) ) ;
#1711 = ORIENTED_EDGE ( 'NONE', *, *, #3220, .F. ) ;
#1712 =( GEOMETRIC_REPRESENTATION_CONTEXT ( 3 ) GLOBAL_UNCERTAINTY_ASSIGNED_CONTEXT ( ( #3365 ) ) GLOBAL_UNIT_ASSIGNED_CONTEXT ( ( #691, #1824, #747 ) ) REPRESENTATION_CONTEXT ( 'NONE', 'WORKASPACE' ) );
#1713 = VERTEX_POINT ( 'NONE', #3104 ) ;
#1714 = LINE ( 'NONE', #3399, #1600 ) ;
#1715 = DIRECTION ( 'NONE',  ( 0.0000000000000000000, 1.000000000000000000, 8.673617379884030542E-17 ) ) ;
#1716 = AXIS2_PLACEMENT_3D ( 'NONE', #2637, #1034, #3216 ) ;
#1717 = ORIENTED_EDGE ( 'NONE', *, *, #3136, .T. ) ;
#1718 = LINE ( 'NONE', #3095, #350 ) ;
#1719 = UNCERTAINTY_MEASURE_WITH_UNIT (LENGTH_MEASURE( 1.000000000000000082E-05 ), #3060, 'distance_accuracy_value', 'NONE');
#1720 = ORIENTED_EDGE ( 'NONE', *, *, #2048, .F. ) ;
#1721 = CARTESIAN_POINT ( 'NONE',  ( -2.700000000000001510, 0.6500000000000000222, 0.2999999999999997113 ) ) ;
#1722 = LINE ( 'NONE', #953, #1817 ) ;
#1723 = CARTESIAN_POINT ( 'NONE',  ( 0.0000000000000000000, -2.338947038342921883E-33, 0.6000000000000006439 ) ) ;
#1724 = ADVANCED_FACE ( 'NONE', ( #364 ), #2024, .F. ) ;
#1725 = PRESENTATION_STYLE_ASSIGNMENT (( #381 ) ) ;
#1726 = AXIS2_PLACEMENT_3D ( 'NONE', #3276, #3064, #1895 ) ;
#1727 = FACE_OUTER_BOUND ( 'NONE', #1564, .T. ) ;
#1728 = EDGE_LOOP ( 'NONE', ( #1297, #1940 ) ) ;
#1729 = VERTEX_POINT ( 'NONE', #1779 ) ;
#1730 = ADVANCED_FACE ( 'NONE', ( #2852 ), #2310, .T. ) ;
#1731 = EDGE_CURVE ( 'NONE', #1187, #574, #3053, .T. ) ;
#1732 = AXIS2_PLACEMENT_3D ( 'NONE', #2044, #3148, #1495 ) ;
#1733 = LINE ( 'NONE', #108, #2398 ) ;
#1734 = PLANE ( 'NONE',  #3391 ) ;
#1735 = ORIENTED_EDGE ( 'NONE', *, *, #1571, .F. ) ;
#1736 = DIRECTION ( 'NONE',  ( -0.0000000000000000000, 0.0000000000000000000, -1.000000000000000000 ) ) ;
#1737 = CARTESIAN_POINT ( 'NONE',  ( -5.499999999999999112, -0.6500000000000000222, 0.2000000000000003719 ) ) ;
#1738 = ORIENTED_EDGE ( 'NONE', *, *, #2920, .F. ) ;
#1739 = MECHANICAL_DESIGN_GEOMETRIC_PRESENTATION_REPRESENTATION (  '', ( #882 ), #53 ) ;
#1740 = DIRECTION ( 'NONE',  ( 0.0000000000000000000, 0.0000000000000000000, -1.000000000000000000 ) ) ;
#1741 = AXIS2_PLACEMENT_3D ( 'NONE', #3467, #3156, #417 ) ;
#1742 = STYLED_ITEM ( 'NONE', ( #3349 ), #3049 ) ;
#1743 = DIRECTION ( 'NONE',  ( 8.673617379884036705E-17, -1.000000000000000000, 0.0000000000000000000 ) ) ;
#1744 = VERTEX_POINT ( 'NONE', #3454 ) ;
#1745 = VECTOR ( 'NONE', #2222, 1000.000000000000000 ) ;
#1746 = ORIENTED_EDGE ( 'NONE', *, *, #2891, .F. ) ;
#1747 =( GEOMETRIC_REPRESENTATION_CONTEXT ( 3 ) GLOBAL_UNCERTAINTY_ASSIGNED_CONTEXT ( ( #2154 ) ) GLOBAL_UNIT_ASSIGNED_CONTEXT ( ( #1893, #221, #1877 ) ) REPRESENTATION_CONTEXT ( 'NONE', 'WORKASPACE' ) );
#1748 = AXIS2_PLACEMENT_3D ( 'NONE', #1356, #2983, #2435 ) ;
#1749 =( NAMED_UNIT ( * ) SI_UNIT ( $, .STERADIAN. ) SOLID_ANGLE_UNIT ( ) );
#1750 = ADVANCED_FACE ( 'NONE', ( #3177 ), #217, .F. ) ;
#1751 = VERTEX_POINT ( 'NONE', #2370 ) ;
#1752 = ORIENTED_EDGE ( 'NONE', *, *, #2621, .F. ) ;
#1753 = EDGE_CURVE ( 'NONE', #1761, #2510, #1494, .T. ) ;
#1754 = DIRECTION ( 'NONE',  ( 0.0000000000000000000, 1.000000000000000000, 0.0000000000000000000 ) ) ;
#1755 = FACE_OUTER_BOUND ( 'NONE', #3486, .T. ) ;
#1756 = VERTEX_POINT ( 'NONE', #179 ) ;
#1757 = DIRECTION ( 'NONE',  ( 0.0000000000000000000, 0.0000000000000000000, -1.000000000000000000 ) ) ;
#1758 = DIRECTION ( 'NONE',  ( 1.000000000000000000, -0.0000000000000000000, 2.516897900412780756E-16 ) ) ;
#1759 = VECTOR ( 'NONE', #846, 1000.000000000000000 ) ;
#1760 = DIRECTION ( 'NONE',  ( 0.0000000000000000000, 1.000000000000000000, 0.0000000000000000000 ) ) ;
#1761 = VERTEX_POINT ( 'NONE', #2094 ) ;
#1762 = EDGE_LOOP ( 'NONE', ( #426, #1978, #1717, #388, #3052, #2186, #157, #1842 ) ) ;
#1763 = VECTOR ( 'NONE', #1928, 1000.000000000000000 ) ;
#1764 = CARTESIAN_POINT ( 'NONE',  ( -4.035533905932812360, 3.535533905932737309, 0.1500000000000000222 ) ) ;
#1765 = DIRECTION ( 'NONE',  ( 0.0000000000000000000, 0.0000000000000000000, 1.000000000000000000 ) ) ;
#1766 = ORIENTED_EDGE ( 'NONE', *, *, #2308, .T. ) ;
#1767 =( GEOMETRIC_REPRESENTATION_CONTEXT ( 3 ) GLOBAL_UNCERTAINTY_ASSIGNED_CONTEXT ( ( #1685 ) ) GLOBAL_UNIT_ASSIGNED_CONTEXT ( ( #1002, #2642, #448 ) ) REPRESENTATION_CONTEXT ( 'NONE', 'WORKASPACE' ) );
#1768 = DIRECTION ( 'NONE',  ( 0.0000000000000000000, 0.0000000000000000000, -1.000000000000000000 ) ) ;
#1769 = FACE_BOUND ( 'NONE', #2897, .T. ) ;
#1770 = COLOUR_RGB ( '',0.3764705882352941124, 0.3764705882352941124, 0.3764705882352941124 ) ;
#1771 = PRESENTATION_STYLE_ASSIGNMENT (( #2383 ) ) ;
#1772 = ORIENTED_EDGE ( 'NONE', *, *, #2483, .F. ) ;
#1773 = EDGE_CURVE ( 'NONE', #2929, #1713, #997, .T. ) ;
#1774 = CARTESIAN_POINT ( 'NONE',  ( 0.0000000000000000000, 0.0000000000000000000, 0.5999999999999998668 ) ) ;
#1775 = CARTESIAN_POINT ( 'NONE',  ( 5.499999999999999112, -0.6500000000000000222, 0.2000000000000003719 ) ) ;
#1776 = DIRECTION ( 'NONE',  ( 0.0000000000000000000, 0.0000000000000000000, 1.000000000000000000 ) ) ;
#1777 = DIRECTION ( 'NONE',  ( -1.000000000000000000, 0.0000000000000000000, 0.0000000000000000000 ) ) ;
#1778 = DIRECTION ( 'NONE',  ( -1.000000000000000000, 0.0000000000000000000, 0.0000000000000000000 ) ) ;
#1779 = CARTESIAN_POINT ( 'NONE',  ( -2.404196010845020215, 0.6500000000000000222, 0.2500000000000000000 ) ) ;
#1780 = CARTESIAN_POINT ( 'NONE',  ( -2.700000000000001510, -0.6500000000000000222, 0.2999999999999997113 ) ) ;
#1781 = EDGE_LOOP ( 'NONE', ( #1142, #1420, #3090, #1419 ) ) ;
#1782 = ORIENTED_EDGE ( 'NONE', *, *, #2740, .T. ) ;
#1783 = CARTESIAN_POINT ( 'NONE',  ( -5.200000000000001066, -0.6999999999999986233, 0.2500000000000000000 ) ) ;
#1784 = AXIS2_PLACEMENT_3D ( 'NONE', #1396, #19, #2223 ) ;
#1785 = TOROIDAL_SURFACE ( 'NONE', #158, 4.800000000000003375, 0.1999999999999999278 ) ;
#1786 = DIRECTION ( 'NONE',  ( -0.0000000000000000000, -0.0000000000000000000, -1.000000000000000000 ) ) ;
#1787 = ADVANCED_FACE ( 'NONE', ( #2389 ), #2909, .T. ) ;
#1788 = UNCERTAINTY_MEASURE_WITH_UNIT (LENGTH_MEASURE( 1.000000000000000082E-05 ), #655, 'distance_accuracy_value', 'NONE');
#1789 = DIRECTION ( 'NONE',  ( -1.000000000000000000, 2.869946927167512665E-16, 0.0000000000000000000 ) ) ;
#1790 = SURFACE_SIDE_STYLE ('',( #168 ) ) ;
#1791 = VERTEX_POINT ( 'NONE', #706 ) ;
#1792 = STYLED_ITEM ( 'NONE', ( #727 ), #1787 ) ;
#1793 = ADVANCED_FACE ( 'NONE', ( #1797 ), #643, .F. ) ;
#1794 = UNCERTAINTY_MEASURE_WITH_UNIT (LENGTH_MEASURE( 1.000000000000000082E-05 ), #1127, 'distance_accuracy_value', 'NONE');
#1795 = CARTESIAN_POINT ( 'NONE',  ( 4.035533905932812360, 3.535533905932637833, 0.1500000000000000222 ) ) ;
#1796 = CARTESIAN_POINT ( 'NONE',  ( 3.199999999999997957, -5.200000000000002842, 0.1000000000000000056 ) ) ;
#1797 = FACE_OUTER_BOUND ( 'NONE', #2558, .T. ) ;
#1798 = ADVANCED_FACE ( 'NONE', ( #2638 ), #2729, .F. ) ;
#1799 = ORIENTED_EDGE ( 'NONE', *, *, #1599, .T. ) ;
#1800 = VECTOR ( 'NONE', #1886, 1000.000000000000000 ) ;
#1801 = DIRECTION ( 'NONE',  ( -1.000000000000000000, 0.0000000000000000000, 0.0000000000000000000 ) ) ;
#1802 = AXIS2_PLACEMENT_3D ( 'NONE', #983, #1212, #3402 ) ;
#1803 = ORIENTED_EDGE ( 'NONE', *, *, #3151, .T. ) ;
#1804 = DIRECTION ( 'NONE',  ( -0.0000000000000000000, 1.224646799147353207E-16, -1.000000000000000000 ) ) ;
#1805 = CARTESIAN_POINT ( 'NONE',  ( -2.350000000000000089, 0.6500000000000000222, 0.2500000000000000000 ) ) ;
#1806 = AXIS2_PLACEMENT_3D ( 'NONE', #2927, #2675, #3162 ) ;
#1807 = VECTOR ( 'NONE', #1984, 1000.000000000000000 ) ;
#1808 = ORIENTED_EDGE ( 'NONE', *, *, #360, .F. ) ;
#1809 = AXIS2_PLACEMENT_3D ( 'NONE', #2001, #2547, #1131 ) ;
#1810 = CARTESIAN_POINT ( 'NONE',  ( 0.0000000000000000000, 0.0000000000000000000, 3.448806130178212026 ) ) ;
#1811 = CARTESIAN_POINT ( 'NONE',  ( 2.350000000000000089, 0.6500000000000000222, 0.2500000000000000000 ) ) ;
#1812 = CARTESIAN_POINT ( 'NONE',  ( -2.649999999999999911, -0.6500000000000000222, 0.09900000000000001854 ) ) ;
#1813 = ORIENTED_EDGE ( 'NONE', *, *, #3158, .F. ) ;
#1814 =( NAMED_UNIT ( * ) SI_UNIT ( $, .STERADIAN. ) SOLID_ANGLE_UNIT ( ) );
#1815 = FACE_OUTER_BOUND ( 'NONE', #2957, .T. ) ;
#1816 = DIRECTION ( 'NONE',  ( 0.0000000000000000000, 0.0000000000000000000, 1.000000000000000000 ) ) ;
#1817 = VECTOR ( 'NONE', #2291, 1000.000000000000000 ) ;
#1818 = ADVANCED_FACE ( 'NONE', ( #832 ), #1086, .F. ) ;
#1819 = DIRECTION ( 'NONE',  ( 0.0000000000000000000, 0.0000000000000000000, 1.000000000000000000 ) ) ;
#1820 = CARTESIAN_POINT ( 'NONE',  ( 3.535533905932637389, -3.535533905932836340, 0.1500000000000000222 ) ) ;
#1821 = ORIENTED_EDGE ( 'NONE', *, *, #3493, .T. ) ;
#1822 = FILL_AREA_STYLE ('',( #1548 ) ) ;
#1823 = ORIENTED_EDGE ( 'NONE', *, *, #202, .F. ) ;
#1824 =( NAMED_UNIT ( * ) PLANE_ANGLE_UNIT ( ) SI_UNIT ( $, .RADIAN. ) );
#1825 = DIRECTION ( 'NONE',  ( 8.673617379884036705E-17, -1.000000000000000000, -0.0000000000000000000 ) ) ;
#1826 = EDGE_LOOP ( 'NONE', ( #2785, #204, #3367, #447 ) ) ;
#1827 = AXIS2_PLACEMENT_3D ( 'NONE', #844, #281, #1109 ) ;
#1828 = DIRECTION ( 'NONE',  ( -0.0000000000000000000, 1.224646799147353207E-16, -1.000000000000000000 ) ) ;
#1829 = LINE ( 'NONE', #472, #3316 ) ;
#1830 = CARTESIAN_POINT ( 'NONE',  ( 5.948684569567414934E-16, 4.857469577113270987, 3.257240873133981474 ) ) ;
#1831 = VERTEX_POINT ( 'NONE', #1937 ) ;
#1832 = STYLED_ITEM ( 'NONE', ( #3538 ), #1040 ) ;
#1833 = CARTESIAN_POINT ( 'NONE',  ( -2.640230447553806314, 3.888339386397468012, 10.40000000000000213 ) ) ;
#1834 =( NAMED_UNIT ( * ) SI_UNIT ( $, .STERADIAN. ) SOLID_ANGLE_UNIT ( ) );
#1835 = PLANE ( 'NONE',  #3144 ) ;
#1836 = ORIENTED_EDGE ( 'NONE', *, *, #2712, .T. ) ;
#1837 = CIRCLE ( 'NONE', #1148, 0.5000000000000741629 ) ;
#1838 = ADVANCED_FACE ( 'NONE', ( #1345 ), #3043, .F. ) ;
#1839 = SURFACE_STYLE_FILL_AREA ( #1530 ) ;
#1840 = LINE ( 'NONE', #2695, #3548 ) ;
#1841 = DIRECTION ( 'NONE',  ( 1.000000000000000000, 0.0000000000000000000, 0.0000000000000000000 ) ) ;
#1842 = ORIENTED_EDGE ( 'NONE', *, *, #2861, .T. ) ;
#1843 = EDGE_CURVE ( 'NONE', #3140, #1281, #1693, .T. ) ;
#1844 = CARTESIAN_POINT ( 'NONE',  ( 0.0000000000000000000, -2.338947038342921883E-33, 0.6000000000000006439 ) ) ;
#1845 = CARTESIAN_POINT ( 'NONE',  ( -2.650000000000000799, 0.6500000000000000222, 0.09900000000000001854 ) ) ;
#1846 = CARTESIAN_POINT ( 'NONE',  ( 5.199999999999997513, -3.200000000000002398, 0.1000000000000000056 ) ) ;
#1847 = EDGE_CURVE ( 'NONE', #1132, #2931, #2988, .T. ) ;
#1848 = DIRECTION ( 'NONE',  ( -1.000000000000000000, 0.0000000000000000000, 0.0000000000000000000 ) ) ;
#1849 = FACE_OUTER_BOUND ( 'NONE', #490, .T. ) ;
#1850 = ORIENTED_EDGE ( 'NONE', *, *, #3126, .F. ) ;
#1851 = VECTOR ( 'NONE', #1461, 1000.000000000000000 ) ;
#1852 = SURFACE_STYLE_FILL_AREA ( #3415 ) ;
#1853 = LINE ( 'NONE', #780, #2309 ) ;
#1854 = CARTESIAN_POINT ( 'NONE',  ( 3.199999999999997957, -5.200000000000002842, 2.100000000000000089 ) ) ;
#1855 = EDGE_LOOP ( 'NONE', ( #2354, #2623, #3272, #636 ) ) ;
#1856 =( NAMED_UNIT ( * ) SI_UNIT ( $, .STERADIAN. ) SOLID_ANGLE_UNIT ( ) );
#1857 = DIRECTION ( 'NONE',  ( 4.065758146820640641E-16, 1.000000000000000000, -0.0000000000000000000 ) ) ;
#1858 = ADVANCED_FACE ( 'NONE', ( #1622 ), #252, .T. ) ;
#1859 = FACE_OUTER_BOUND ( 'NONE', #3006, .T. ) ;
#1860 = COLOUR_RGB ( '',0.8941176470588234615, 0.9137254901960784048, 0.9294117647058823817 ) ;
#1861 = VERTEX_POINT ( 'NONE', #1150 ) ;
#1862 =( GEOMETRIC_REPRESENTATION_CONTEXT ( 3 ) GLOBAL_UNCERTAINTY_ASSIGNED_CONTEXT ( ( #1471 ) ) GLOBAL_UNIT_ASSIGNED_CONTEXT ( ( #820, #3261, #2699 ) ) REPRESENTATION_CONTEXT ( 'NONE', 'WORKASPACE' ) );
#1863 = CARTESIAN_POINT ( 'NONE',  ( -5.499999999999999112, -0.6500000000000000222, 2.589803236230023287E-16 ) ) ;
#1864 = AXIS2_PLACEMENT_3D ( 'NONE', #3438, #445, #1801 ) ;
#1865 = AXIS2_PLACEMENT_3D ( 'NONE', #2041, #3029, #1777 ) ;
#1866 = EDGE_CURVE ( 'NONE', #2052, #1729, #2130, .T. ) ;
#1867 = AXIS2_PLACEMENT_3D ( 'NONE', #764, #1590, #3204 ) ;
#1868 = AXIS2_PLACEMENT_3D ( 'NONE', #575, #2753, #1946 ) ;
#1869 = MECHANICAL_DESIGN_GEOMETRIC_PRESENTATION_REPRESENTATION (  '', ( #2148 ), #600 ) ;
#1870 = CARTESIAN_POINT ( 'NONE',  ( 0.0000000000000000000, 0.0000000000000000000, 0.5999999999999998668 ) ) ;
#1871 = ORIENTED_EDGE ( 'NONE', *, *, #1847, .T. ) ;
#1872 = VECTOR ( 'NONE', #1644, 1000.000000000000000 ) ;
#1873 = EDGE_CURVE ( 'NONE', #3167, #3550, #933, .T. ) ;
#1874 = CARTESIAN_POINT ( 'NONE',  ( -1.800000000000000044, 0.7000000000000006217, 0.2500000000000000000 ) ) ;
#1875 = PRESENTATION_STYLE_ASSIGNMENT (( #782 ) ) ;
#1876 = ORIENTED_EDGE ( 'NONE', *, *, #1195, .T. ) ;
#1877 =( NAMED_UNIT ( * ) SI_UNIT ( $, .STERADIAN. ) SOLID_ANGLE_UNIT ( ) );
#1878 = ORIENTED_EDGE ( 'NONE', *, *, #1688, .F. ) ;
#1879 = DIRECTION ( 'NONE',  ( -1.355252715606880543E-16, -1.175494350822287645E-32, 1.000000000000000000 ) ) ;
#1880 = DIRECTION ( 'NONE',  ( -0.0000000000000000000, -0.0000000000000000000, 1.000000000000000000 ) ) ;
#1881 = VECTOR ( 'NONE', #1959, 1000.000000000000000 ) ;
#1882 = PLANE ( 'NONE',  #1138 ) ;
#1883 = ADVANCED_FACE ( 'NONE', ( #2829, #1972 ), #3120, .T. ) ;
#1884 = DIRECTION ( 'NONE',  ( -0.0000000000000000000, 1.224646799147353207E-16, -1.000000000000000000 ) ) ;
#1885 = ORIENTED_EDGE ( 'NONE', *, *, #591, .T. ) ;
#1886 = DIRECTION ( 'NONE',  ( -0.0000000000000000000, -0.0000000000000000000, -1.000000000000000000 ) ) ;
#1887 = SURFACE_STYLE_FILL_AREA ( #993 ) ;
#1888 =( GEOMETRIC_REPRESENTATION_CONTEXT ( 3 ) GLOBAL_UNCERTAINTY_ASSIGNED_CONTEXT ( ( #862 ) ) GLOBAL_UNIT_ASSIGNED_CONTEXT ( ( #1346, #1907, #1291 ) ) REPRESENTATION_CONTEXT ( 'NONE', 'WORKASPACE' ) );
#1889 = LINE ( 'NONE', #2467, #1745 ) ;
#1890 = VECTOR ( 'NONE', #3558, 1000.000000000000000 ) ;
#1891 = DIRECTION ( 'NONE',  ( -0.0000000000000000000, 1.224646799147353207E-16, -1.000000000000000000 ) ) ;
#1892 = EDGE_LOOP ( 'NONE', ( #40, #1647, #73, #2727 ) ) ;
#1893 =( LENGTH_UNIT ( ) NAMED_UNIT ( * ) SI_UNIT ( .MILLI., .METRE. ) );
#1894 = FILL_AREA_STYLE ('',( #853 ) ) ;
#1895 = DIRECTION ( 'NONE',  ( 0.0000000000000000000, 1.000000000000000000, 1.224646799147353207E-16 ) ) ;
#1896 = DIRECTION ( 'NONE',  ( 0.0000000000000000000, 0.0000000000000000000, 1.000000000000000000 ) ) ;
#1897 = DIRECTION ( 'NONE',  ( 0.7071067811865474617, -0.7071067811865474617, 9.583083854271087747E-17 ) ) ;
#1898 = CARTESIAN_POINT ( 'NONE',  ( -5.200000000000001066, -0.6999999999999986233, 0.1000000000000000056 ) ) ;
#1899 = EDGE_CURVE ( 'NONE', #2109, #3242, #2135, .T. ) ;
#1900 = FILL_AREA_STYLE ('',( #1616 ) ) ;
#1901 = CARTESIAN_POINT ( 'NONE',  ( 2.700000000000001510, -0.6500000000000000222, 0.2999999999999997113 ) ) ;
#1902 = VECTOR ( 'NONE', #3271, 1000.000000000000000 ) ;
#1903 = DIRECTION ( 'NONE',  ( -1.000000000000000000, 0.0000000000000000000, 0.0000000000000000000 ) ) ;
#1904 = FACE_OUTER_BOUND ( 'NONE', #2008, .T. ) ;
#1905 = ADVANCED_FACE ( 'NONE', ( #611 ), #917, .F. ) ;
#1906 = SURFACE_SIDE_STYLE ('',( #815 ) ) ;
#1907 =( NAMED_UNIT ( * ) PLANE_ANGLE_UNIT ( ) SI_UNIT ( $, .RADIAN. ) );
#1908 = UNCERTAINTY_MEASURE_WITH_UNIT (LENGTH_MEASURE( 1.000000000000000082E-05 ), #1357, 'distance_accuracy_value', 'NONE');
#1909 = VERTEX_POINT ( 'NONE', #629 ) ;
#1910 = ADVANCED_FACE ( 'NONE', ( #684 ), #1470, .F. ) ;
#1911 = SURFACE_STYLE_FILL_AREA ( #2518 ) ;
#1912 = ORIENTED_EDGE ( 'NONE', *, *, #3009, .F. ) ;
#1913 = DIRECTION ( 'NONE',  ( 0.0000000000000000000, 1.000000000000000000, 1.224646799147353207E-16 ) ) ;
#1914 = PRESENTATION_LAYER_ASSIGNMENT (  '', '', ( #1508 ) ) ;
#1915 = CARTESIAN_POINT ( 'NONE',  ( 5.200000000000000178, 3.199999999999998845, 2.100000000000000089 ) ) ;
#1916 = DIRECTION ( 'NONE',  ( -0.0000000000000000000, 1.224646799147353207E-16, -1.000000000000000000 ) ) ;
#1917 = DIRECTION ( 'NONE',  ( 1.000000000000000000, -2.869946927167512665E-16, 0.0000000000000000000 ) ) ;
#1918 = VECTOR ( 'NONE', #2906, 1000.000000000000000 ) ;
#1919 = FILL_AREA_STYLE ('',( #3002 ) ) ;
#1920 = ORIENTED_EDGE ( 'NONE', *, *, #989, .F. ) ;
#1921 = MECHANICAL_DESIGN_GEOMETRIC_PRESENTATION_REPRESENTATION (  '', ( #2311 ), #1580 ) ;
#1922 = PRESENTATION_STYLE_ASSIGNMENT (( #232 ) ) ;
#1923 = AXIS2_PLACEMENT_3D ( 'NONE', #2326, #2067, #1216 ) ;
#1924 = CYLINDRICAL_SURFACE ( 'NONE', #2969, 5.049999999999999822 ) ;
#1925 = CARTESIAN_POINT ( 'NONE',  ( 1.999999999999997780, -5.200000000000001954, 1.099999999999999423 ) ) ;
#1926 = EDGE_CURVE ( 'NONE', #3344, #14, #2004, .T. ) ;
#1927 = DIRECTION ( 'NONE',  ( 0.0000000000000000000, 0.0000000000000000000, -1.000000000000000000 ) ) ;
#1928 = DIRECTION ( 'NONE',  ( 0.0000000000000000000, 0.0000000000000000000, -1.000000000000000000 ) ) ;
#1929 = ORIENTED_EDGE ( 'NONE', *, *, #1122, .F. ) ;
#1930 = LINE ( 'NONE', #560, #116 ) ;
#1931 = FILL_AREA_STYLE_COLOUR ( '', #1271 ) ;
#1932 = SURFACE_STYLE_USAGE ( .BOTH. , #3303 ) ;
#1933 = EDGE_LOOP ( 'NONE', ( #2747, #2045, #3211, #138 ) ) ;
#1934 = VECTOR ( 'NONE', #314, 1000.000000000000000 ) ;
#1935 = DIRECTION ( 'NONE',  ( -0.0000000000000000000, -0.0000000000000000000, -1.000000000000000000 ) ) ;
#1936 =( NAMED_UNIT ( * ) PLANE_ANGLE_UNIT ( ) SI_UNIT ( $, .RADIAN. ) );
#1937 = CARTESIAN_POINT ( 'NONE',  ( 5.199999999999997513, 3.200000000000001510, 1.099999999999999867 ) ) ;
#1938 = MECHANICAL_DESIGN_GEOMETRIC_PRESENTATION_REPRESENTATION (  '', ( #621 ), #2981 ) ;
#1939 = UNCERTAINTY_MEASURE_WITH_UNIT (LENGTH_MEASURE( 1.000000000000000082E-05 ), #400, 'distance_accuracy_value', 'NONE');
#1940 = ORIENTED_EDGE ( 'NONE', *, *, #3131, .T. ) ;
#1941 = DIRECTION ( 'NONE',  ( -1.000000000000000000, -8.673617379884036705E-17, 0.0000000000000000000 ) ) ;
#1942 = SURFACE_STYLE_USAGE ( .BOTH. , #3292 ) ;
#1943 = EDGE_CURVE ( 'NONE', #182, #1751, #3340, .T. ) ;
#1944 = ORIENTED_EDGE ( 'NONE', *, *, #101, .T. ) ;
#1945 = AXIS2_PLACEMENT_3D ( 'NONE', #18, #831, #271 ) ;
#1946 = DIRECTION ( 'NONE',  ( -1.000000000000000000, 0.0000000000000000000, 0.0000000000000000000 ) ) ;
#1947 = SURFACE_SIDE_STYLE ('',( #857 ) ) ;
#1948 = ADVANCED_FACE ( 'NONE', ( #1180 ), #2260, .T. ) ;
#1949 = EDGE_CURVE ( 'NONE', #2541, #897, #2277, .T. ) ;
#1950 = DIRECTION ( 'NONE',  ( -2.086574912030907861E-16, 0.0000000000000000000, -1.000000000000000000 ) ) ;
#1951 = ORIENTED_EDGE ( 'NONE', *, *, #82, .F. ) ;
#1952 = PRESENTATION_STYLE_ASSIGNMENT (( #1932 ) ) ;
#1953 = VERTEX_POINT ( 'NONE', #2513 ) ;
#1954 = CYLINDRICAL_SURFACE ( 'NONE', #2200, 0.5000000000000746070 ) ;
#1955 = AXIS2_PLACEMENT_3D ( 'NONE', #2227, #1090, #1646 ) ;
#1956 = DIRECTION ( 'NONE',  ( -0.0000000000000000000, -0.0000000000000000000, 1.000000000000000000 ) ) ;
#1957 = VECTOR ( 'NONE', #1668, 1000.000000000000000 ) ;
#1958 = SURFACE_SIDE_STYLE ('',( #572 ) ) ;
#1959 = DIRECTION ( 'NONE',  ( -1.000000000000000000, -0.0000000000000000000, 2.086574912030908108E-16 ) ) ;
#1960 = ORIENTED_EDGE ( 'NONE', *, *, #2967, .T. ) ;
#1961 = ORIENTED_EDGE ( 'NONE', *, *, #427, .T. ) ;
#1962 = DIRECTION ( 'NONE',  ( -0.0000000000000000000, 1.224646799147353207E-16, -1.000000000000000000 ) ) ;
#1963 = SURFACE_SIDE_STYLE ('',( #2807 ) ) ;
#1964 = EDGE_CURVE ( 'NONE', #859, #2660, #1447, .T. ) ;
#1965 = DIRECTION ( 'NONE',  ( -0.0000000000000000000, 1.224646799147353207E-16, -1.000000000000000000 ) ) ;
#1966 = AXIS2_PLACEMENT_3D ( 'NONE', #2442, #491, #2161 ) ;
#1967 = CARTESIAN_POINT ( 'NONE',  ( 1.799999999999999156, -0.6999999999999997335, 0.2500000000000000000 ) ) ;
#1968 = ORIENTED_EDGE ( 'NONE', *, *, #1753, .T. ) ;
#1969 = ADVANCED_FACE ( 'NONE', ( #898 ), #33, .F. ) ;
#1970 = CIRCLE ( 'NONE', #1865, 0.5000000000000746070 ) ;
#1971 = FACE_OUTER_BOUND ( 'NONE', #3083, .T. ) ;
#1972 = FACE_OUTER_BOUND ( 'NONE', #1728, .T. ) ;
#1973 = ORIENTED_EDGE ( 'NONE', *, *, #582, .F. ) ;
#1974 = VECTOR ( 'NONE', #2262, 1000.000000000000000 ) ;
#1975 = CARTESIAN_POINT ( 'NONE',  ( -2.400000000000000355, -0.6500000000000000222, 0.5999999999999998668 ) ) ;
#1976 = UNCERTAINTY_MEASURE_WITH_UNIT (LENGTH_MEASURE( 1.000000000000000082E-05 ), #236, 'distance_accuracy_value', 'NONE');
#1977 = ORIENTED_EDGE ( 'NONE', *, *, #1287, .T. ) ;
#1978 = ORIENTED_EDGE ( 'NONE', *, *, #543, .T. ) ;
#1979 = CARTESIAN_POINT ( 'NONE',  ( -2.350000000000000089, 0.6500000000000000222, 0.09900000000000001854 ) ) ;
#1980 = CARTESIAN_POINT ( 'NONE',  ( 0.0000000000000000000, -2.447831529438855529E-16, 2.598806130178213269 ) ) ;
#1981 = ORIENTED_EDGE ( 'NONE', *, *, #702, .T. ) ;
#1982 = FILL_AREA_STYLE ('',( #581 ) ) ;
#1983 = EDGE_CURVE ( 'NONE', #3347, #980, #70, .T. ) ;
#1984 = DIRECTION ( 'NONE',  ( 0.0000000000000000000, 1.000000000000000000, 0.0000000000000000000 ) ) ;
#1985 = ORIENTED_EDGE ( 'NONE', *, *, #2274, .T. ) ;
#1986 = AXIS2_PLACEMENT_3D ( 'NONE', #515, #2726, #2746 ) ;
#1987 = CARTESIAN_POINT ( 'NONE',  ( 0.0000000000000000000, -1.200153863164406345E-15, 10.40000000000000213 ) ) ;
#1988 = EDGE_CURVE ( 'NONE', #3066, #1362, #992, .T. ) ;
#1989 = FILL_AREA_STYLE_COLOUR ( '', #609 ) ;
#1990 = COLOUR_RGB ( '',0.8941176470588234615, 0.9137254901960784048, 0.9294117647058823817 ) ;
#1991 =( NAMED_UNIT ( * ) PLANE_ANGLE_UNIT ( ) SI_UNIT ( $, .RADIAN. ) );
#1992 = CARTESIAN_POINT ( 'NONE',  ( 0.0000000000000000000, 4.500000000000002665, 3.001193869821789484 ) ) ;
#1993 = ORIENTED_EDGE ( 'NONE', *, *, #1223, .F. ) ;
#1994 = VECTOR ( 'NONE', #839, 1000.000000000000000 ) ;
#1995 = EDGE_LOOP ( 'NONE', ( #323, #3277 ) ) ;
#1996 = DIRECTION ( 'NONE',  ( 0.0000000000000000000, 1.000000000000000000, 0.0000000000000000000 ) ) ;
#1997 = CARTESIAN_POINT ( 'NONE',  ( 3.535533905932637389, -3.535533905932836340, 0.1500000000000000222 ) ) ;
#1998 = ORIENTED_EDGE ( 'NONE', *, *, #2626, .T. ) ;
#1999 = PLANE ( 'NONE',  #1227 ) ;
#2000 =( NAMED_UNIT ( * ) SI_UNIT ( $, .STERADIAN. ) SOLID_ANGLE_UNIT ( ) );
#2001 = CARTESIAN_POINT ( 'NONE',  ( 0.0000000000000000000, 0.0000000000000000000, 0.2500000000000000000 ) ) ;
#2002 = ORIENTED_EDGE ( 'NONE', *, *, #2739, .T. ) ;
#2003 = ADVANCED_FACE ( 'NONE', ( #1048 ), #2905, .F. ) ;
#2004 = LINE ( 'NONE', #1488, #1112 ) ;
#2005 = LINE ( 'NONE', #1449, #3079 ) ;
#2006 = PRESENTATION_STYLE_ASSIGNMENT (( #2834 ) ) ;
#2007 = CARTESIAN_POINT ( 'NONE',  ( 2.700000000000001510, -0.6500000000000000222, 0.2999999999999997113 ) ) ;
#2008 = EDGE_LOOP ( 'NONE', ( #3129, #110, #1850, #2327 ) ) ;
#2009 = ORIENTED_EDGE ( 'NONE', *, *, #3371, .F. ) ;
#2010 = ADVANCED_FACE ( 'NONE', ( #1525 ), #133, .T. ) ;
#2011 = VECTOR ( 'NONE', #981, 1000.000000000000000 ) ;
#2012 = SURFACE_STYLE_USAGE ( .BOTH. , #3380 ) ;
#2013 = CARTESIAN_POINT ( 'NONE',  ( -5.200000000000001066, 5.199999999999998401, 2.100000000000000089 ) ) ;
#2014 = ORIENTED_EDGE ( 'NONE', *, *, #1249, .T. ) ;
#2015 = COLOUR_RGB ( '',0.8941176470588234615, 0.9137254901960784048, 0.9294117647058823817 ) ;
#2016 = ORIENTED_EDGE ( 'NONE', *, *, #2410, .F. ) ;
#2017 = CARTESIAN_POINT ( 'NONE',  ( 2.700000000000001510, 0.6500000000000000222, 0.2999999999999997113 ) ) ;
#2018 = SURFACE_SIDE_STYLE ('',( #3321 ) ) ;
#2019 = ORIENTED_EDGE ( 'NONE', *, *, #2290, .T. ) ;
#2020 = STYLED_ITEM ( 'NONE', ( #2965 ), #2968 ) ;
#2021 = DIRECTION ( 'NONE',  ( -1.000000000000000000, 0.0000000000000000000, 0.0000000000000000000 ) ) ;
#2022 = MECHANICAL_DESIGN_GEOMETRIC_PRESENTATION_REPRESENTATION (  '', ( #590 ), #2427 ) ;
#2023 =( GEOMETRIC_REPRESENTATION_CONTEXT ( 3 ) GLOBAL_UNCERTAINTY_ASSIGNED_CONTEXT ( ( #973 ) ) GLOBAL_UNIT_ASSIGNED_CONTEXT ( ( #2820, #3033, #1160 ) ) REPRESENTATION_CONTEXT ( 'NONE', 'WORKASPACE' ) );
#2024 = PLANE ( 'NONE',  #3451 ) ;
#2025 = AXIS2_PLACEMENT_3D ( 'NONE', #2808, #1444, #2822 ) ;
#2026 = SURFACE_STYLE_USAGE ( .BOTH. , #2835 ) ;
#2027 = ORIENTED_EDGE ( 'NONE', *, *, #1330, .T. ) ;
#2028 = CIRCLE ( 'NONE', #1399, 0.5000000000000746070 ) ;
#2029 = PRESENTATION_LAYER_ASSIGNMENT (  '', '', ( #1576 ) ) ;
#2030 = EDGE_CURVE ( 'NONE', #2247, #1012, #1004, .T. ) ;
#2031 = VERTEX_POINT ( 'NONE', #3488 ) ;
#2032 = CARTESIAN_POINT ( 'NONE',  ( -5.200000000000001066, 5.199999999999998401, 0.1000000000000000056 ) ) ;
#2033 = CARTESIAN_POINT ( 'NONE',  ( 0.0000000000000000000, 4.857469577113270987, 2.342759126866019947 ) ) ;
#2034 = VERTEX_POINT ( 'NONE', #1874 ) ;
#2035 = VERTEX_POINT ( 'NONE', #195 ) ;
#2036 = LINE ( 'NONE', #3464, #58 ) ;
#2037 = DIRECTION ( 'NONE',  ( -8.673617379884036705E-17, 1.000000000000000000, 0.0000000000000000000 ) ) ;
#2038 = ORIENTED_EDGE ( 'NONE', *, *, #2939, .F. ) ;
#2039 =( LENGTH_UNIT ( ) NAMED_UNIT ( * ) SI_UNIT ( .MILLI., .METRE. ) );
#2040 = DIRECTION ( 'NONE',  ( -1.000000000000000000, 0.0000000000000000000, -0.0000000000000000000 ) ) ;
#2041 = CARTESIAN_POINT ( 'NONE',  ( 3.535533905932737753, 3.535533905932637833, 0.1000000000000000056 ) ) ;
#2042 = ORIENTED_EDGE ( 'NONE', *, *, #3333, .T. ) ;
#2043 = FILL_AREA_STYLE_COLOUR ( '', #134 ) ;
#2044 = CARTESIAN_POINT ( 'NONE',  ( 5.199999999999999289, 0.7000000000000002887, 0.2500000000000000000 ) ) ;
#2045 = ORIENTED_EDGE ( 'NONE', *, *, #3571, .T. ) ;
#2046 = VECTOR ( 'NONE', #156, 1000.000000000000000 ) ;
#2047 = ORIENTED_EDGE ( 'NONE', *, *, #1648, .T. ) ;
#2048 = EDGE_CURVE ( 'NONE', #443, #3408, #1030, .T. ) ;
#2049 = CARTESIAN_POINT ( 'NONE',  ( -2.000000000000001776, -5.200000000000001954, 0.8999999999999996891 ) ) ;
#2050 = CIRCLE ( 'NONE', #2521, 4.500000000000002665 ) ;
#2051 =( NAMED_UNIT ( * ) SI_UNIT ( $, .STERADIAN. ) SOLID_ANGLE_UNIT ( ) );
#2052 = VERTEX_POINT ( 'NONE', #757 ) ;
#2053 = FACE_OUTER_BOUND ( 'NONE', #800, .T. ) ;
#2054 = CARTESIAN_POINT ( 'NONE',  ( -2.700000000000001510, 0.6500000000000000222, 0.2999999999999997113 ) ) ;
#2055 = DIRECTION ( 'NONE',  ( 1.000000000000000000, -2.065146995210485188E-16, -0.0000000000000000000 ) ) ;
#2056 =( NAMED_UNIT ( * ) PLANE_ANGLE_UNIT ( ) SI_UNIT ( $, .RADIAN. ) );
#2057 = VERTEX_POINT ( 'NONE', #861 ) ;
#2058 = EDGE_LOOP ( 'NONE', ( #2496, #2079 ) ) ;
#2059 = DIRECTION ( 'NONE',  ( -0.0000000000000000000, 1.000000000000000000, -0.0000000000000000000 ) ) ;
#2060 = EDGE_LOOP ( 'NONE', ( #450, #2562, #2211, #2454 ) ) ;
#2061 = MECHANICAL_DESIGN_GEOMETRIC_PRESENTATION_REPRESENTATION (  '', ( #1213 ), #522 ) ;
#2062 = DIRECTION ( 'NONE',  ( 0.0000000000000000000, 1.000000000000000000, 1.224646799147353207E-16 ) ) ;
#2063 = CIRCLE ( 'NONE', #3565, 5.049999999999999822 ) ;
#2064 = LINE ( 'NONE', #1846, #3295 ) ;
#2065 = DIRECTION ( 'NONE',  ( -0.0000000000000000000, -0.0000000000000000000, 1.000000000000000000 ) ) ;
#2066 = ADVANCED_FACE ( 'NONE', ( #1096, #2745 ), #2181, .F. ) ;
#2067 = DIRECTION ( 'NONE',  ( 0.0000000000000000000, 1.000000000000000000, 0.0000000000000000000 ) ) ;
#2068 = ORIENTED_EDGE ( 'NONE', *, *, #1983, .F. ) ;
#2069 = FACE_OUTER_BOUND ( 'NONE', #2283, .T. ) ;
#2070 = LINE ( 'NONE', #2405, #3350 ) ;
#2071 = MECHANICAL_DESIGN_GEOMETRIC_PRESENTATION_REPRESENTATION (  '', ( #1508 ), #1630 ) ;
#2072 = CARTESIAN_POINT ( 'NONE',  ( 0.0000000000000000000, 0.0000000000000000000, 0.8999999999999996891 ) ) ;
#2073 = DIRECTION ( 'NONE',  ( -0.0000000000000000000, 1.224646799147353207E-16, -1.000000000000000000 ) ) ;
#2074 = VERTEX_POINT ( 'NONE', #3285 ) ;
#2075 = VECTOR ( 'NONE', #1410, 1000.000000000000000 ) ;
#2076 = ORIENTED_EDGE ( 'NONE', *, *, #2048, .T. ) ;
#2077 = DIRECTION ( 'NONE',  ( 0.0000000000000000000, 0.0000000000000000000, -1.000000000000000000 ) ) ;
#2078 = ORIENTED_EDGE ( 'NONE', *, *, #2739, .F. ) ;
#2079 = ORIENTED_EDGE ( 'NONE', *, *, #3265, .T. ) ;
#2080 = MECHANICAL_DESIGN_GEOMETRIC_PRESENTATION_REPRESENTATION (  '', ( #299 ), #1640 ) ;
#2081 =( GEOMETRIC_REPRESENTATION_CONTEXT ( 3 ) GLOBAL_UNCERTAINTY_ASSIGNED_CONTEXT ( ( #20 ) ) GLOBAL_UNIT_ASSIGNED_CONTEXT ( ( #2108, #2577, #1253 ) ) REPRESENTATION_CONTEXT ( 'NONE', 'WORKASPACE' ) );
#2082 = SURFACE_STYLE_FILL_AREA ( #1077 ) ;
#2083 = CARTESIAN_POINT ( 'NONE',  ( 0.0000000000000000000, -3.175214165676556712E-16, 3.192759126866020036 ) ) ;
#2084 = DIRECTION ( 'NONE',  ( 2.869946927167512665E-16, 1.000000000000000000, -0.0000000000000000000 ) ) ;
#2085 = ORIENTED_EDGE ( 'NONE', *, *, #3055, .T. ) ;
#2086 = EDGE_CURVE ( 'NONE', #677, #3557, #3519, .T. ) ;
#2087 = DIRECTION ( 'NONE',  ( -1.000000000000000000, 0.0000000000000000000, 0.0000000000000000000 ) ) ;
#2088 = SURFACE_SIDE_STYLE ('',( #1852 ) ) ;
#2089 = DIRECTION ( 'NONE',  ( 0.0000000000000000000, 1.000000000000000000, 8.928123215378581621E-17 ) ) ;
#2090 = AXIS2_PLACEMENT_3D ( 'NONE', #1775, #1182, #3390 ) ;
#2091 = DIRECTION ( 'NONE',  ( -0.0000000000000000000, 1.224646799147353207E-16, -1.000000000000000000 ) ) ;
#2092 = EDGE_CURVE ( 'NONE', #1861, #2109, #3001, .T. ) ;
#2093 = EDGE_CURVE ( 'NONE', #28, #2034, #514, .T. ) ;
#2094 = CARTESIAN_POINT ( 'NONE',  ( 2.404196010845020215, 0.6500000000000000222, 0.2500000000000000000 ) ) ;
#2095 = LINE ( 'NONE', #3202, #3368 ) ;
#2096 = ORIENTED_EDGE ( 'NONE', *, *, #1158, .T. ) ;
#2097 =( GEOMETRIC_REPRESENTATION_CONTEXT ( 3 ) GLOBAL_UNCERTAINTY_ASSIGNED_CONTEXT ( ( #2860 ) ) GLOBAL_UNIT_ASSIGNED_CONTEXT ( ( #267, #2706, #2760 ) ) REPRESENTATION_CONTEXT ( 'NONE', 'WORKASPACE' ) );
#2098 = CARTESIAN_POINT ( 'NONE',  ( 2.350000000000000089, -0.6500000000000000222, 0.09900000000000001854 ) ) ;
#2099 = ORIENTED_EDGE ( 'NONE', *, *, #1244, .T. ) ;
#2100 = MECHANICAL_DESIGN_GEOMETRIC_PRESENTATION_REPRESENTATION (  '', ( #131 ), #2847 ) ;
#2101 = CARTESIAN_POINT ( 'NONE',  ( 0.0000000000000000000, -3.175214165676556712E-16, 3.192759126866020036 ) ) ;
#2102 = ADVANCED_FACE ( 'NONE', ( #3267 ), #2218, .F. ) ;
#2103 = DIRECTION ( 'NONE',  ( 0.0000000000000000000, 0.0000000000000000000, -1.000000000000000000 ) ) ;
#2104 = VERTEX_POINT ( 'NONE', #1653 ) ;
#2105 = CARTESIAN_POINT ( 'NONE',  ( 3.035533905932562782, -3.535533905932836340, 0.1000000000000000056 ) ) ;
#2106 = UNCERTAINTY_MEASURE_WITH_UNIT (LENGTH_MEASURE( 1.000000000000000082E-05 ), #1236, 'distance_accuracy_value', 'NONE');
#2107 = CARTESIAN_POINT ( 'NONE',  ( -5.499999999999999112, -0.6500000000000000222, 0.2000000000000003719 ) ) ;
#2108 =( LENGTH_UNIT ( ) NAMED_UNIT ( * ) SI_UNIT ( .MILLI., .METRE. ) );
#2109 = VERTEX_POINT ( 'NONE', #2463 ) ;
#2110 = CARTESIAN_POINT ( 'NONE',  ( 5.499999999999999112, 0.6500000000000000222, 0.2000000000000003719 ) ) ;
#2111 = STYLED_ITEM ( 'NONE', ( #2452 ), #1060 ) ;
#2112 = DIRECTION ( 'NONE',  ( 0.0000000000000000000, 0.0000000000000000000, -1.000000000000000000 ) ) ;
#2113 = ADVANCED_FACE ( 'NONE', ( #3301 ), #834, .T. ) ;
#2114 = DIRECTION ( 'NONE',  ( 0.0000000000000000000, -1.000000000000000000, 0.0000000000000000000 ) ) ;
#2115 = MECHANICAL_DESIGN_GEOMETRIC_PRESENTATION_REPRESENTATION (  '', ( #2111 ), #2858 ) ;
#2116 = DIRECTION ( 'NONE',  ( -1.000000000000000000, 0.0000000000000000000, -0.0000000000000000000 ) ) ;
#2117 = LINE ( 'NONE', #503, #2046 ) ;
#2118 = ORIENTED_EDGE ( 'NONE', *, *, #2610, .T. ) ;
#2119 = EDGE_CURVE ( 'NONE', #607, #3128, #2705, .T. ) ;
#2120 = CARTESIAN_POINT ( 'NONE',  ( -2.000000000000001776, -5.200000000000001954, 0.8999999999999996891 ) ) ;
#2121 = DIRECTION ( 'NONE',  ( -1.000000000000000000, 3.188829919075013114E-17, 0.0000000000000000000 ) ) ;
#2122 = CARTESIAN_POINT ( 'NONE',  ( 2.350000000000000089, 0.6500000000000000222, 0.2500000000000000000 ) ) ;
#2123 = CARTESIAN_POINT ( 'NONE',  ( 2.600000000000000533, 0.6500000000000000222, 0.5999999999999998668 ) ) ;
#2124 = ORIENTED_EDGE ( 'NONE', *, *, #809, .F. ) ;
#2125 = VECTOR ( 'NONE', #2103, 1000.000000000000000 ) ;
#2126 = PRESENTATION_STYLE_ASSIGNMENT (( #119 ) ) ;
#2127 = CARTESIAN_POINT ( 'NONE',  ( -5.200000000000001066, -5.200000000000001066, 2.100000000000000089 ) ) ;
#2128 = CARTESIAN_POINT ( 'NONE',  ( 0.0000000000000000000, -3.254181529847046948E-16, 3.257240873133981029 ) ) ;
#2129 =( NAMED_UNIT ( * ) PLANE_ANGLE_UNIT ( ) SI_UNIT ( $, .RADIAN. ) );
#2130 = CIRCLE ( 'NONE', #2476, 0.3000000000000005440 ) ;
#2131 =( NAMED_UNIT ( * ) PLANE_ANGLE_UNIT ( ) SI_UNIT ( $, .RADIAN. ) );
#2132 = FILL_AREA_STYLE ('',( #998 ) ) ;
#2133 = ORIENTED_EDGE ( 'NONE', *, *, #2231, .F. ) ;
#2134 = CARTESIAN_POINT ( 'NONE',  ( -2.700000000000001510, -0.6500000000000000222, 0.2999999999999997113 ) ) ;
#2135 = CIRCLE ( 'NONE', #2252, 4.700000000000002842 ) ;
#2136 = CARTESIAN_POINT ( 'NONE',  ( -3.535533905932737309, 3.535533905932737309, 0.1500000000000000222 ) ) ;
#2137 = ADVANCED_FACE ( 'NONE', ( #3364 ), #645, .F. ) ;
#2138 = ORIENTED_EDGE ( 'NONE', *, *, #2804, .F. ) ;
#2139 = PRESENTATION_LAYER_ASSIGNMENT (  '', '', ( #2482 ) ) ;
#2140 = ORIENTED_EDGE ( 'NONE', *, *, #1466, .F. ) ;
#2141 = FACE_OUTER_BOUND ( 'NONE', #2265, .T. ) ;
#2142 = AXIS2_PLACEMENT_3D ( 'NONE', #2134, #1317, #1298 ) ;
#2143 = CIRCLE ( 'NONE', #1456, 0.2000000000000000944 ) ;
#2144 = LINE ( 'NONE', #2357, #752 ) ;
#2145 = EDGE_CURVE ( 'NONE', #3557, #141, #887, .T. ) ;
#2146 = COLOUR_RGB ( '',0.8941176470588234615, 0.9137254901960784048, 0.9294117647058823817 ) ;
#2147 = FACE_OUTER_BOUND ( 'NONE', #2438, .T. ) ;
#2148 = STYLED_ITEM ( 'NONE', ( #2404 ), #2625 ) ;
#2149 = CARTESIAN_POINT ( 'NONE',  ( 0.0000000000000000000, -1.899664607534248590E-16, 2.151193869821788507 ) ) ;
#2150 = ORIENTED_EDGE ( 'NONE', *, *, #2290, .F. ) ;
#2151 = CARTESIAN_POINT ( 'NONE',  ( 0.0000000000000000000, -3.175214165676556712E-16, 3.192759126866020036 ) ) ;
#2152 = DIRECTION ( 'NONE',  ( -1.000000000000000000, 0.0000000000000000000, -1.288160997012480489E-16 ) ) ;
#2153 = CARTESIAN_POINT ( 'NONE',  ( 5.199999999999999289, 0.7000000000000002887, 0.2500000000000000000 ) ) ;
#2154 = UNCERTAINTY_MEASURE_WITH_UNIT (LENGTH_MEASURE( 1.000000000000000082E-05 ), #1893, 'distance_accuracy_value', 'NONE');
#2155 = ORIENTED_EDGE ( 'NONE', *, *, #788, .F. ) ;
#2156 = LINE ( 'NONE', #631, #2318 ) ;
#2157 = CARTESIAN_POINT ( 'NONE',  ( 0.0000000000000000000, -3.175214165676556712E-16, 3.192759126866020036 ) ) ;
#2158 = DIRECTION ( 'NONE',  ( -1.000000000000000000, 0.0000000000000000000, -1.355252715606880543E-16 ) ) ;
#2159 =( GEOMETRIC_REPRESENTATION_CONTEXT ( 3 ) GLOBAL_UNCERTAINTY_ASSIGNED_CONTEXT ( ( #3302 ) ) GLOBAL_UNIT_ASSIGNED_CONTEXT ( ( #2487, #2219, #3268 ) ) REPRESENTATION_CONTEXT ( 'NONE', 'WORKASPACE' ) );
#2160 = ORIENTED_EDGE ( 'NONE', *, *, #451, .F. ) ;
#2161 = DIRECTION ( 'NONE',  ( 1.000000000000000000, 0.0000000000000000000, 0.0000000000000000000 ) ) ;
#2162 = VECTOR ( 'NONE', #191, 1000.000000000000000 ) ;
#2163 = FACE_OUTER_BOUND ( 'NONE', #370, .T. ) ;
#2164 = MECHANICAL_DESIGN_GEOMETRIC_PRESENTATION_REPRESENTATION (  '', ( #2331 ), #2445 ) ;
#2165 = DIRECTION ( 'NONE',  ( -1.000000000000000000, 0.0000000000000000000, 2.086574912030907861E-16 ) ) ;
#2166 = CARTESIAN_POINT ( 'NONE',  ( 0.0000000000000000000, -0.6500000000000000222, 0.2500000000000000000 ) ) ;
#2167 = CARTESIAN_POINT ( 'NONE',  ( -2.640230447553806314, -3.888339386397470676, 10.41000000000000014 ) ) ;
#2168 = FILL_AREA_STYLE ('',( #438 ) ) ;
#2169 = ORIENTED_EDGE ( 'NONE', *, *, #2406, .T. ) ;
#2170 = CARTESIAN_POINT ( 'NONE',  ( 0.0000000000000000000, 4.500000000000002665, 0.6000000000000010880 ) ) ;
#2171 = COLOUR_RGB ( '',0.8941176470588234615, 0.9137254901960784048, 0.9294117647058823817 ) ;
#2172 = PLANE ( 'NONE',  #3135 ) ;
#2173 = DIRECTION ( 'NONE',  ( 1.000000000000000000, -0.0000000000000000000, 0.0000000000000000000 ) ) ;
#2174 = CIRCLE ( 'NONE', #91, 0.5000000000000746070 ) ;
#2175 = ORIENTED_EDGE ( 'NONE', *, *, #2759, .F. ) ;
#2176 = ORIENTED_EDGE ( 'NONE', *, *, #3198, .T. ) ;
#2177 = DIRECTION ( 'NONE',  ( -0.0000000000000000000, 1.224646799147353207E-16, -1.000000000000000000 ) ) ;
#2178 = FILL_AREA_STYLE_COLOUR ( '', #2999 ) ;
#2179 = SURFACE_SIDE_STYLE ('',( #807 ) ) ;
#2180 = CIRCLE ( 'NONE', #2418, 4.700000000000002842 ) ;
#2181 = PLANE ( 'NONE',  #1280 ) ;
#2182 = EDGE_CURVE ( 'NONE', #2615, #980, #3385, .T. ) ;
#2183 = UNCERTAINTY_MEASURE_WITH_UNIT (LENGTH_MEASURE( 1.000000000000000082E-05 ), #2328, 'distance_accuracy_value', 'NONE');
#2184 = DIRECTION ( 'NONE',  ( 0.0000000000000000000, 0.0000000000000000000, -1.000000000000000000 ) ) ;
#2185 = FACE_OUTER_BOUND ( 'NONE', #30, .T. ) ;
#2186 = ORIENTED_EDGE ( 'NONE', *, *, #1988, .F. ) ;
#2187 = STYLED_ITEM ( 'NONE', ( #2748 ), #1793 ) ;
#2188 = PRESENTATION_LAYER_ASSIGNMENT (  '', '', ( #1213 ) ) ;
#2189 = EDGE_CURVE ( 'NONE', #1756, #1483, #2843, .T. ) ;
#2190 = CARTESIAN_POINT ( 'NONE',  ( 5.685460022332446821E-16, 4.642530422886734343, 3.192759126866020480 ) ) ;
#2191 =( NAMED_UNIT ( * ) SI_UNIT ( $, .STERADIAN. ) SOLID_ANGLE_UNIT ( ) );
#2192 = CARTESIAN_POINT ( 'NONE',  ( 2.700000000000001510, 0.6500000000000000222, 0.2999999999999997113 ) ) ;
#2193 = ORIENTED_EDGE ( 'NONE', *, *, #1158, .F. ) ;
#2194 = DIRECTION ( 'NONE',  ( -1.000000000000000000, 0.0000000000000000000, 0.0000000000000000000 ) ) ;
#2195 = PLANE ( 'NONE',  #2415 ) ;
#2196 = VECTOR ( 'NONE', #2942, 1000.000000000000000 ) ;
#2197 = DIRECTION ( 'NONE',  ( 0.0000000000000000000, 1.000000000000000000, 0.0000000000000000000 ) ) ;
#2198 = CARTESIAN_POINT ( 'NONE',  ( 0.0000000000000000000, -1.200153863164406345E-15, 10.40000000000000213 ) ) ;
#2199 = CARTESIAN_POINT ( 'NONE',  ( -5.199999999999999289, 0.7000000000000016209, 0.2500000000000000000 ) ) ;
#2200 = AXIS2_PLACEMENT_3D ( 'NONE', #1618, #1935, #1903 ) ;
#2201 = AXIS2_PLACEMENT_3D ( 'NONE', #1674, #1617, #2985 ) ;
#2202 = LINE ( 'NONE', #2761, #2828 ) ;
#2203 = VERTEX_POINT ( 'NONE', #2879 ) ;
#2204 = LINE ( 'NONE', #1133, #3527 ) ;
#2205 = VECTOR ( 'NONE', #3019, 1000.000000000000000 ) ;
#2206 = ORIENTED_EDGE ( 'NONE', *, *, #1648, .F. ) ;
#2207 = LINE ( 'NONE', #3311, #180 ) ;
#2208 = EDGE_CURVE ( 'NONE', #94, #677, #2630, .T. ) ;
#2209 = DIRECTION ( 'NONE',  ( -0.0000000000000000000, -1.000000000000000000, 0.0000000000000000000 ) ) ;
#2210 = VERTEX_POINT ( 'NONE', #3190 ) ;
#2211 = ORIENTED_EDGE ( 'NONE', *, *, #3333, .F. ) ;
#2212 = DIRECTION ( 'NONE',  ( 0.0000000000000000000, 0.0000000000000000000, -1.000000000000000000 ) ) ;
#2213 = EDGE_CURVE ( 'NONE', #384, #2384, #2064, .T. ) ;
#2214 = STYLED_ITEM ( 'NONE', ( #3122 ), #104 ) ;
#2215 = SURFACE_STYLE_FILL_AREA ( #2235 ) ;
#2216 =( NAMED_UNIT ( * ) SI_UNIT ( $, .STERADIAN. ) SOLID_ANGLE_UNIT ( ) );
#2217 = VECTOR ( 'NONE', #2342, 1000.000000000000000 ) ;
#2218 = PLANE ( 'NONE',  #3233 ) ;
#2219 =( NAMED_UNIT ( * ) PLANE_ANGLE_UNIT ( ) SI_UNIT ( $, .RADIAN. ) );
#2220 = CARTESIAN_POINT ( 'NONE',  ( 0.0000000000000000000, -2.134264386401306572E-16, 2.342759126866019503 ) ) ;
#2221 = ORIENTED_EDGE ( 'NONE', *, *, #2543, .F. ) ;
#2222 = DIRECTION ( 'NONE',  ( 1.000000000000000000, 3.188829919075013114E-17, -0.0000000000000000000 ) ) ;
#2223 = DIRECTION ( 'NONE',  ( -8.673617379884036705E-17, 1.000000000000000000, 0.0000000000000000000 ) ) ;
#2224 = UNCERTAINTY_MEASURE_WITH_UNIT (LENGTH_MEASURE( 1.000000000000000082E-05 ), #1269, 'distance_accuracy_value', 'NONE');
#2225 = ORIENTED_EDGE ( 'NONE', *, *, #2494, .T. ) ;
#2226 = DIRECTION ( 'NONE',  ( 0.0000000000000000000, -1.000000000000000000, -9.341476080721904614E-17 ) ) ;
#2227 = CARTESIAN_POINT ( 'NONE',  ( 0.0000000000000000000, 0.0000000000000000000, 2.100000000000000089 ) ) ;
#2228 = CARTESIAN_POINT ( 'NONE',  ( -5.499999999999999112, -0.6500000000000000222, 0.2000000000000003719 ) ) ;
#2229 = ORIENTED_EDGE ( 'NONE', *, *, #1334, .T. ) ;
#2230 = PRESENTATION_LAYER_ASSIGNMENT (  '', '', ( #208 ) ) ;
#2231 = EDGE_CURVE ( 'NONE', #14, #1106, #2036, .T. ) ;
#2232 = VERTEX_POINT ( 'NONE', #947 ) ;
#2233 = FACE_OUTER_BOUND ( 'NONE', #347, .T. ) ;
#2234 = DIRECTION ( 'NONE',  ( 0.0000000000000000000, 0.0000000000000000000, -1.000000000000000000 ) ) ;
#2235 = FILL_AREA_STYLE ('',( #2178 ) ) ;
#2236 = SURFACE_STYLE_FILL_AREA ( #3336 ) ;
#2237 = CARTESIAN_POINT ( 'NONE',  ( -2.700000000000001510, -0.6500000000000000222, -9.215718466126787689E-16 ) ) ;
#2238 = ORIENTED_EDGE ( 'NONE', *, *, #2030, .F. ) ;
#2239 = AXIS2_PLACEMENT_3D ( 'NONE', #2693, #760, #1327 ) ;
#2240 = DIRECTION ( 'NONE',  ( 0.0000000000000000000, -1.000000000000000000, -0.0000000000000000000 ) ) ;
#2241 = DIRECTION ( 'NONE',  ( 0.0000000000000000000, 0.0000000000000000000, 1.000000000000000000 ) ) ;
#2242 = ORIENTED_EDGE ( 'NONE', *, *, #3245, .T. ) ;
#2243 = CIRCLE ( 'NONE', #2936, 0.3000000000000005995 ) ;
#2244 = CARTESIAN_POINT ( 'NONE',  ( -2.000000000000002665, 4.637078821844630383, 2.100000000000000089 ) ) ;
#2245 =( LENGTH_UNIT ( ) NAMED_UNIT ( * ) SI_UNIT ( .MILLI., .METRE. ) );
#2246 = ORIENTED_EDGE ( 'NONE', *, *, #3487, .F. ) ;
#2247 = VERTEX_POINT ( 'NONE', #2924 ) ;
#2248 = EDGE_CURVE ( 'NONE', #1744, #2640, #1229, .T. ) ;
#2249 = ORIENTED_EDGE ( 'NONE', *, *, #770, .T. ) ;
#2250 = FACE_OUTER_BOUND ( 'NONE', #1282, .T. ) ;
#2251 = APPLICATION_CONTEXT ( 'automotive_design' ) ;
#2252 = AXIS2_PLACEMENT_3D ( 'NONE', #1987, #342, #326 ) ;
#2253 = ADVANCED_FACE ( 'NONE', ( #455 ), #166, .F. ) ;
#2254 = UNCERTAINTY_MEASURE_WITH_UNIT (LENGTH_MEASURE( 1.000000000000000082E-05 ), #3307, 'distance_accuracy_value', 'NONE');
#2255 = DIRECTION ( 'NONE',  ( -1.000000000000000000, -0.0000000000000000000, 2.086574912030908108E-16 ) ) ;
#2256 = ORIENTED_EDGE ( 'NONE', *, *, #984, .F. ) ;
#2257 = VECTOR ( 'NONE', #1000, 999.9999999999998863 ) ;
#2258 = MECHANICAL_DESIGN_GEOMETRIC_PRESENTATION_REPRESENTATION (  '', ( #3410 ), #1009 ) ;
#2259 = AXIS2_PLACEMENT_3D ( 'NONE', #758, #975, #1561 ) ;
#2260 = PLANE ( 'NONE',  #2945 ) ;
#2261 = DIRECTION ( 'NONE',  ( 8.673617379884036705E-17, -1.000000000000000000, -0.0000000000000000000 ) ) ;
#2262 = DIRECTION ( 'NONE',  ( -1.000000000000000000, 0.0000000000000000000, -0.0000000000000000000 ) ) ;
#2263 = SURFACE_STYLE_USAGE ( .BOTH. , #37 ) ;
#2264 =( NAMED_UNIT ( * ) PLANE_ANGLE_UNIT ( ) SI_UNIT ( $, .RADIAN. ) );
#2265 = EDGE_LOOP ( 'NONE', ( #3145, #925, #2343, #2266 ) ) ;
#2266 = ORIENTED_EDGE ( 'NONE', *, *, #2213, .T. ) ;
#2267 = SURFACE_STYLE_FILL_AREA ( #2284 ) ;
#2268 = DIRECTION ( 'NONE',  ( 0.0000000000000000000, 0.0000000000000000000, -1.000000000000000000 ) ) ;
#2269 = CLOSED_SHELL ( 'NONE', ( #392, #750, #1040, #1154, #894, #2429, #1178, #1793, #2968, #3049, #816, #39, #1378, #990, #3284, #42, #2517, #1143, #1730, #746, #837, #3113, #2781, #1724, #3168, #2316, #2253, #1818, #3031, #242, #1620, #1883, #1440, #1838, #2818, #2563, #2102, #1682, #2362, #2984, #1556, #556, #3107, #563, #628, #3567, #1948, #1205, #1905, #308, #2066, #632, #1798, #1353, #2776, #842, #1910, #1969, #3398, #3076, #1391, #3359, #1750, #1604, #2461, #164, #1263, #2800, #2317, #2010, #2652, #2113, #1094, #222, #3249, #2386, #1858, #2003, #936, #2716, #2535, #397, #190, #678, #1314, #537, #2842, #1060, #422, #2137, #518, #2337, #1787, #171, #62, #104, #2625 ) ) ;
#2270 = ORIENTED_EDGE ( 'NONE', *, *, #1584, .F. ) ;
#2271 = EDGE_CURVE ( 'NONE', #2609, #43, #1573, .T. ) ;
#2272 = CARTESIAN_POINT ( 'NONE',  ( -2.000000000000002665, 5.199999999999999289, 2.100000000000000089 ) ) ;
#2273 =( GEOMETRIC_REPRESENTATION_CONTEXT ( 3 ) GLOBAL_UNCERTAINTY_ASSIGNED_CONTEXT ( ( #3154 ) ) GLOBAL_UNIT_ASSIGNED_CONTEXT ( ( #2039, #3100, #2885 ) ) REPRESENTATION_CONTEXT ( 'NONE', 'WORKASPACE' ) );
#2274 = EDGE_CURVE ( 'NONE', #2074, #1167, #2953, .T. ) ;
#2275 = DIRECTION ( 'NONE',  ( -0.0000000000000000000, -0.0000000000000000000, -1.000000000000000000 ) ) ;
#2276 = ORIENTED_EDGE ( 'NONE', *, *, #2861, .F. ) ;
#2277 = LINE ( 'NONE', #1415, #2594 ) ;
#2278 = CARTESIAN_POINT ( 'NONE',  ( 2.600000000000000533, -0.6500000000000000222, 0.5999999999999998668 ) ) ;
#2279 = EDGE_CURVE ( 'NONE', #2734, #2104, #2664, .T. ) ;
#2280 = CARTESIAN_POINT ( 'NONE',  ( -5.200000000000001066, 5.199999999999998401, 2.100000000000000089 ) ) ;
#2281 = CARTESIAN_POINT ( 'NONE',  ( -5.200000000000001066, 0.7000000000000018430, 0.1000000000000000056 ) ) ;
#2282 = ORIENTED_EDGE ( 'NONE', *, *, #3487, .T. ) ;
#2283 = EDGE_LOOP ( 'NONE', ( #648, #1720, #332, #3355 ) ) ;
#2284 = FILL_AREA_STYLE ('',( #2043 ) ) ;
#2285 = ORIENTED_EDGE ( 'NONE', *, *, #3533, .T. ) ;
#2286 = ORIENTED_EDGE ( 'NONE', *, *, #3172, .T. ) ;
#2287 = COLOUR_RGB ( '',0.8941176470588234615, 0.9137254901960784048, 0.9294117647058823817 ) ;
#2288 = FILL_AREA_STYLE_COLOUR ( '', #3119 ) ;
#2289 = ORIENTED_EDGE ( 'NONE', *, *, #2294, .F. ) ;
#2290 = EDGE_CURVE ( 'NONE', #3012, #1643, #2661, .T. ) ;
#2291 = DIRECTION ( 'NONE',  ( -0.0000000000000000000, -0.0000000000000000000, -1.000000000000000000 ) ) ;
#2292 = FACE_OUTER_BOUND ( 'NONE', #3419, .T. ) ;
#2293 = PRESENTATION_STYLE_ASSIGNMENT (( #2263 ) ) ;
#2294 = EDGE_CURVE ( 'NONE', #2825, #731, #2717, .T. ) ;
#2295 = FACE_OUTER_BOUND ( 'NONE', #542, .T. ) ;
#2296 = SURFACE_STYLE_FILL_AREA ( #382 ) ;
#2297 = VERTEX_POINT ( 'NONE', #2872 ) ;
#2298 = ORIENTED_EDGE ( 'NONE', *, *, #1111, .F. ) ;
#2299 = ORIENTED_EDGE ( 'NONE', *, *, #1988, .T. ) ;
#2300 = CARTESIAN_POINT ( 'NONE',  ( -5.200000000000001066, 5.199999999999998401, 0.1000000000000000056 ) ) ;
#2301 = VECTOR ( 'NONE', #700, 1000.000000000000000 ) ;
#2302 = CARTESIAN_POINT ( 'NONE',  ( 1.999999999999997113, 5.199999999999999289, 0.8999999999999996891 ) ) ;
#2303 = VERTEX_POINT ( 'NONE', #184 ) ;
#2304 = CARTESIAN_POINT ( 'NONE',  ( 3.199999999999999734, 5.199999999999999289, 0.1000000000000000056 ) ) ;
#2305 = AXIS2_PLACEMENT_3D ( 'NONE', #943, #390, #2877 ) ;
#2306 = CARTESIAN_POINT ( 'NONE',  ( 3.035533905932663146, 3.535533905932637833, 0.1500000000000000222 ) ) ;
#2307 = DIRECTION ( 'NONE',  ( 0.0000000000000000000, 0.0000000000000000000, -1.000000000000000000 ) ) ;
#2308 = EDGE_CURVE ( 'NONE', #2627, #3112, #2887, .T. ) ;
#2309 = VECTOR ( 'NONE', #2971, 1000.000000000000000 ) ;
#2310 = PLANE ( 'NONE',  #2700 ) ;
#2311 = STYLED_ITEM ( 'NONE', ( #1431 ), #2429 ) ;
#2312 = DIRECTION ( 'NONE',  ( 0.0000000000000000000, 1.000000000000000000, 0.0000000000000000000 ) ) ;
#2313 = VERTEX_POINT ( 'NONE', #487 ) ;
#2314 = PRESENTATION_LAYER_ASSIGNMENT (  '', '', ( #1637 ) ) ;
#2315 = ORIENTED_EDGE ( 'NONE', *, *, #2696, .F. ) ;
#2316 = ADVANCED_FACE ( 'NONE', ( #3221 ), #979, .F. ) ;
#2317 = ADVANCED_FACE ( 'NONE', ( #3496 ), #3414, .F. ) ;
#2318 = VECTOR ( 'NONE', #2516, 1000.000000000000000 ) ;
#2319 = CARTESIAN_POINT ( 'NONE',  ( 0.0000000000000000000, -1.163414459189985682E-15, 10.10000000000000142 ) ) ;
#2320 = CARTESIAN_POINT ( 'NONE',  ( -2.600000000000000533, -0.6500000000000000222, 0.5999999999999998668 ) ) ;
#2321 = EDGE_LOOP ( 'NONE', ( #2475, #829, #1808, #1333, #1006, #3422 ) ) ;
#2322 = EDGE_CURVE ( 'NONE', #1537, #627, #64, .T. ) ;
#2323 = FILL_AREA_STYLE ('',( #715 ) ) ;
#2324 = UNCERTAINTY_MEASURE_WITH_UNIT (LENGTH_MEASURE( 1.000000000000000082E-05 ), #173, 'distance_accuracy_value', 'NONE');
#2325 = VECTOR ( 'NONE', #1694, 1000.000000000000000 ) ;
#2326 = CARTESIAN_POINT ( 'NONE',  ( -2.700000000000001510, -0.6500000000000000222, 0.2999999999999997113 ) ) ;
#2327 = ORIENTED_EDGE ( 'NONE', *, *, #175, .T. ) ;
#2328 =( LENGTH_UNIT ( ) NAMED_UNIT ( * ) SI_UNIT ( .MILLI., .METRE. ) );
#2329 = CARTESIAN_POINT ( 'NONE',  ( 5.755839955992563599E-16, -4.700000000000004619, 10.40000000000000213 ) ) ;
#2330 = CARTESIAN_POINT ( 'NONE',  ( -2.000000000000001776, -4.637078821844630383, 2.100000000000000089 ) ) ;
#2331 = STYLED_ITEM ( 'NONE', ( #1242 ), #518 ) ;
#2332 = ORIENTED_EDGE ( 'NONE', *, *, #376, .F. ) ;
#2333 = ORIENTED_EDGE ( 'NONE', *, *, #2208, .T. ) ;
#2334 = AXIS2_PLACEMENT_3D ( 'NONE', #1820, #3253, #2639 ) ;
#2335 = SURFACE_STYLE_FILL_AREA ( #488 ) ;
#2336 = CARTESIAN_POINT ( 'NONE',  ( -3.535533905932836340, -3.535533905932737309, 0.1000000000000000056 ) ) ;
#2337 = ADVANCED_FACE ( 'NONE', ( #2608 ), #708, .T. ) ;
#2338 = SURFACE_STYLE_USAGE ( .BOTH. , #128 ) ;
#2339 = AXIS2_PLACEMENT_3D ( 'NONE', #802, #2473, #3046 ) ;
#2340 = PRESENTATION_STYLE_ASSIGNMENT (( #2629 ) ) ;
#2341 = EDGE_CURVE ( 'NONE', #3344, #1713, #1104, .T. ) ;
#2342 = DIRECTION ( 'NONE',  ( 1.000000000000000000, 0.0000000000000000000, 0.0000000000000000000 ) ) ;
#2343 = ORIENTED_EDGE ( 'NONE', *, *, #1111, .T. ) ;
#2344 = VECTOR ( 'NONE', #2878, 1000.000000000000000 ) ;
#2345 =( NAMED_UNIT ( * ) PLANE_ANGLE_UNIT ( ) SI_UNIT ( $, .RADIAN. ) );
#2346 = AXIS2_PLACEMENT_3D ( 'NONE', #806, #1303, #165 ) ;
#2347 = CARTESIAN_POINT ( 'NONE',  ( 1.999999999999997113, 4.637078821844633048, 1.099999999999999423 ) ) ;
#2348 =( LENGTH_UNIT ( ) NAMED_UNIT ( * ) SI_UNIT ( .MILLI., .METRE. ) );
#2349 = DIRECTION ( 'NONE',  ( 1.172998894335282758E-16, -0.9578262852211514300, -0.2873478855663452736 ) ) ;
#2350 = ORIENTED_EDGE ( 'NONE', *, *, #2279, .T. ) ;
#2351 = CARTESIAN_POINT ( 'NONE',  ( 1.799999999999999156, 0.7000000000000001776, 0.2500000000000000000 ) ) ;
#2352 = CARTESIAN_POINT ( 'NONE',  ( 3.199999999999999734, 5.199999999999999289, 1.099999999999999645 ) ) ;
#2353 = ORIENTED_EDGE ( 'NONE', *, *, #1137, .F. ) ;
#2354 = ORIENTED_EDGE ( 'NONE', *, *, #1019, .T. ) ;
#2355 = COLOUR_RGB ( '',0.3764705882352941124, 0.3764705882352941124, 0.3764705882352941124 ) ;
#2356 = EDGE_CURVE ( 'NONE', #3205, #2052, #1, .T. ) ;
#2357 = CARTESIAN_POINT ( 'NONE',  ( -2.350000000000000089, 0.6500000000000000222, 0.09900000000000001854 ) ) ;
#2358 = AXIS2_PLACEMENT_3D ( 'NONE', #3314, #854, #3327 ) ;
#2359 = CARTESIAN_POINT ( 'NONE',  ( 2.649999999999999911, -0.6500000000000000222, 0.2500000000000000000 ) ) ;
#2360 =( NAMED_UNIT ( * ) PLANE_ANGLE_UNIT ( ) SI_UNIT ( $, .RADIAN. ) );
#2361 = ORIENTED_EDGE ( 'NONE', *, *, #286, .F. ) ;
#2362 = ADVANCED_FACE ( 'NONE', ( #2439 ), #835, .F. ) ;
#2363 = EDGE_CURVE ( 'NONE', #2615, #2627, #891, .T. ) ;
#2364 = FILL_AREA_STYLE ('',( #3429 ) ) ;
#2365 = LINE ( 'NONE', #1795, #3411 ) ;
#2366 = LINE ( 'NONE', #3215, #3471 ) ;
#2367 = AXIS2_PLACEMENT_3D ( 'NONE', #2633, #151, #1255 ) ;
#2368 = PRESENTATION_LAYER_ASSIGNMENT (  '', '', ( #2833 ) ) ;
#2369 = DIRECTION ( 'NONE',  ( -1.224646799147353454E-16, 1.000000000000000000, 0.0000000000000000000 ) ) ;
#2370 = CARTESIAN_POINT ( 'NONE',  ( 1.799999999999999156, -0.6999999999999997335, 0.1000000000000000056 ) ) ;
#2371 = DIRECTION ( 'NONE',  ( -0.0000000000000000000, -0.0000000000000000000, -1.000000000000000000 ) ) ;
#2372 = VERTEX_POINT ( 'NONE', #1925 ) ;
#2373 =( NAMED_UNIT ( * ) PLANE_ANGLE_UNIT ( ) SI_UNIT ( $, .RADIAN. ) );
#2374 = AXIS2_PLACEMENT_3D ( 'NONE', #2416, #3517, #1062 ) ;
#2375 = ORIENTED_EDGE ( 'NONE', *, *, #875, .T. ) ;
#2376 = VECTOR ( 'NONE', #113, 1000.000000000000000 ) ;
#2377 = CONICAL_SURFACE ( 'NONE', #2827, 5.000000000000001776, 0.7853981633974468357 ) ;
#2378 = MECHANICAL_DESIGN_GEOMETRIC_PRESENTATION_REPRESENTATION (  '', ( #1637 ), #781 ) ;
#2379 = ORIENTED_EDGE ( 'NONE', *, *, #312, .T. ) ;
#2380 = PLANE ( 'NONE',  #1802 ) ;
#2381 = CIRCLE ( 'NONE', #1748, 4.642530422886734343 ) ;
#2382 = DIRECTION ( 'NONE',  ( -0.7071067811865475727, -0.7071067811865475727, 0.0000000000000000000 ) ) ;
#2383 = SURFACE_STYLE_USAGE ( .BOTH. , #1790 ) ;
#2384 = VERTEX_POINT ( 'NONE', #2731 ) ;
#2385 =( NAMED_UNIT ( * ) PLANE_ANGLE_UNIT ( ) SI_UNIT ( $, .RADIAN. ) );
#2386 = ADVANCED_FACE ( 'NONE', ( #534 ), #3025, .T. ) ;
#2387 = CARTESIAN_POINT ( 'NONE',  ( 2.650000000000000799, 0.6500000000000000222, 0.5999999999999998668 ) ) ;
#2388 = VECTOR ( 'NONE', #1472, 1000.000000000000000 ) ;
#2389 = FACE_OUTER_BOUND ( 'NONE', #1289, .T. ) ;
#2390 = LINE ( 'NONE', #1020, #798 ) ;
#2391 = ORIENTED_EDGE ( 'NONE', *, *, #63, .T. ) ;
#2392 = PRESENTATION_LAYER_ASSIGNMENT (  '', '', ( #3194 ) ) ;
#2393 = DIRECTION ( 'NONE',  ( -6.672013369141566203E-16, 1.000000000000000000, 0.0000000000000000000 ) ) ;
#2394 = ORIENTED_EDGE ( 'NONE', *, *, #567, .F. ) ;
#2395 = DIRECTION ( 'NONE',  ( 0.0000000000000000000, 0.0000000000000000000, 1.000000000000000000 ) ) ;
#2396 = EDGE_LOOP ( 'NONE', ( #260, #833, #2663, #529, #1985 ) ) ;
#2397 = CARTESIAN_POINT ( 'NONE',  ( 5.199999999999999289, 0.7000000000000002887, 0.1000000000000000056 ) ) ;
#2398 = VECTOR ( 'NONE', #2556, 1000.000000000000000 ) ;
#2399 = UNCERTAINTY_MEASURE_WITH_UNIT (LENGTH_MEASURE( 1.000000000000000082E-05 ), #338, 'distance_accuracy_value', 'NONE');
#2400 = FACE_OUTER_BOUND ( 'NONE', #1781, .T. ) ;
#2401 = ORIENTED_EDGE ( 'NONE', *, *, #215, .T. ) ;
#2402 = CIRCLE ( 'NONE', #858, 5.000000000000001776 ) ;
#2403 = CIRCLE ( 'NONE', #1039, 5.049999999999999822 ) ;
#2404 = PRESENTATION_STYLE_ASSIGNMENT (( #550 ) ) ;
#2405 = CARTESIAN_POINT ( 'NONE',  ( 1.999999999999997113, 5.199999999999999289, 0.8999999999999996891 ) ) ;
#2406 = EDGE_CURVE ( 'NONE', #580, #2640, #720, .T. ) ;
#2407 = SURFACE_STYLE_USAGE ( .BOTH. , #2950 ) ;
#2408 = DIRECTION ( 'NONE',  ( 0.0000000000000000000, 0.0000000000000000000, 1.000000000000000000 ) ) ;
#2409 = ORIENTED_EDGE ( 'NONE', *, *, #1843, .T. ) ;
#2410 = EDGE_CURVE ( 'NONE', #1909, #2210, #2207, .T. ) ;
#2411 = DIRECTION ( 'NONE',  ( -0.0000000000000000000, 1.224646799147353207E-16, -1.000000000000000000 ) ) ;
#2412 = EDGE_LOOP ( 'NONE', ( #3330, #1701, #585, #1412, #3117, #2779, #2014, #756 ) ) ;
#2413 = DIRECTION ( 'NONE',  ( -0.0000000000000000000, 1.224646799147353207E-16, -1.000000000000000000 ) ) ;
#2414 = PRESENTATION_LAYER_ASSIGNMENT (  '', '', ( #2187 ) ) ;
#2415 = AXIS2_PLACEMENT_3D ( 'NONE', #2320, #1248, #1765 ) ;
#2416 = CARTESIAN_POINT ( 'NONE',  ( -3.535533905932737309, 3.535533905932737309, 0.1500000000000000222 ) ) ;
#2417 = ORIENTED_EDGE ( 'NONE', *, *, #1873, .F. ) ;
#2418 = AXIS2_PLACEMENT_3D ( 'NONE', #2801, #1510, #403 ) ;
#2419 = SURFACE_STYLE_FILL_AREA ( #2168 ) ;
#2420 =( NAMED_UNIT ( * ) SI_UNIT ( $, .STERADIAN. ) SOLID_ANGLE_UNIT ( ) );
#2421 =( NAMED_UNIT ( * ) PLANE_ANGLE_UNIT ( ) SI_UNIT ( $, .RADIAN. ) );
#2422 = PLANE ( 'NONE',  #3545 ) ;
#2423 = ORIENTED_EDGE ( 'NONE', *, *, #3228, .F. ) ;
#2424 = FACE_OUTER_BOUND ( 'NONE', #978, .T. ) ;
#2425 = COLOUR_RGB ( '',0.8941176470588234615, 0.9137254901960784048, 0.9294117647058823817 ) ;
#2426 = FACE_OUTER_BOUND ( 'NONE', #219, .T. ) ;
#2427 =( GEOMETRIC_REPRESENTATION_CONTEXT ( 3 ) GLOBAL_UNCERTAINTY_ASSIGNED_CONTEXT ( ( #753 ) ) GLOBAL_UNIT_ASSIGNED_CONTEXT ( ( #498, #1390, #2484 ) ) REPRESENTATION_CONTEXT ( 'NONE', 'WORKASPACE' ) );
#2428 = VECTOR ( 'NONE', #3514, 1000.000000000000000 ) ;
#2429 = ADVANCED_FACE ( 'NONE', ( #2424 ), #946, .F. ) ;
#2430 = VECTOR ( 'NONE', #1032, 1000.000000000000000 ) ;
#2431 =( GEOMETRIC_REPRESENTATION_CONTEXT ( 3 ) GLOBAL_UNCERTAINTY_ASSIGNED_CONTEXT ( ( #3309 ) ) GLOBAL_UNIT_ASSIGNED_CONTEXT ( ( #378, #3373, #3392 ) ) REPRESENTATION_CONTEXT ( 'NONE', 'WORKASPACE' ) );
#2432 = VECTOR ( 'NONE', #1758, 1000.000000000000000 ) ;
#2433 = EDGE_CURVE ( 'NONE', #2034, #1909, #2156, .T. ) ;
#2434 = CARTESIAN_POINT ( 'NONE',  ( -2.700000000000001510, -0.6500000000000000222, 0.2999999999999997113 ) ) ;
#2435 = DIRECTION ( 'NONE',  ( 0.0000000000000000000, 1.000000000000000000, 9.341476080721904614E-17 ) ) ;
#2436 = SURFACE_SIDE_STYLE ('',( #2236 ) ) ;
#2437 = SURFACE_SIDE_STYLE ('',( #517 ) ) ;
#2438 = EDGE_LOOP ( 'NONE', ( #872, #146, #2315, #1782 ) ) ;
#2439 = FACE_OUTER_BOUND ( 'NONE', #1125, .T. ) ;
#2440 = CARTESIAN_POINT ( 'NONE',  ( -2.640230447553806314, 3.888339386397468012, 10.41000000000000014 ) ) ;
#2441 = VERTEX_POINT ( 'NONE', #1450 ) ;
#2442 = CARTESIAN_POINT ( 'NONE',  ( 0.0000000000000000000, 0.0000000000000000000, 0.5999999999999998668 ) ) ;
#2443 = EDGE_CURVE ( 'NONE', #1729, #1260, #3077, .T. ) ;
#2444 = CARTESIAN_POINT ( 'NONE',  ( -2.613397459621556784, 0.6500000000000000222, 0.2500000000000000000 ) ) ;
#2445 =( GEOMETRIC_REPRESENTATION_CONTEXT ( 3 ) GLOBAL_UNCERTAINTY_ASSIGNED_CONTEXT ( ( #1788 ) ) GLOBAL_UNIT_ASSIGNED_CONTEXT ( ( #655, #2264, #2814 ) ) REPRESENTATION_CONTEXT ( 'NONE', 'WORKASPACE' ) );
#2446 = FACE_OUTER_BOUND ( 'NONE', #1933, .T. ) ;
#2447 = EDGE_CURVE ( 'NONE', #749, #1405, #1221, .T. ) ;
#2448 = DIRECTION ( 'NONE',  ( 0.0000000000000000000, 1.000000000000000000, 0.0000000000000000000 ) ) ;
#2449 = COLOUR_RGB ( '',0.8941176470588234615, 0.9137254901960784048, 0.9294117647058823817 ) ;
#2450 = ORIENTED_EDGE ( 'NONE', *, *, #1287, .F. ) ;
#2451 = DIRECTION ( 'NONE',  ( -0.0000000000000000000, -0.0000000000000000000, -1.000000000000000000 ) ) ;
#2452 = PRESENTATION_STYLE_ASSIGNMENT (( #1360 ) ) ;
#2453 =( NAMED_UNIT ( * ) SI_UNIT ( $, .STERADIAN. ) SOLID_ANGLE_UNIT ( ) );
#2454 = ORIENTED_EDGE ( 'NONE', *, *, #3356, .F. ) ;
#2455 = AXIS2_PLACEMENT_3D ( 'NONE', #1344, #32, #3425 ) ;
#2456 = CARTESIAN_POINT ( 'NONE',  ( 3.199999999999999734, 5.199999999999999289, 0.1000000000000000056 ) ) ;
#2457 = VERTEX_POINT ( 'NONE', #2244 ) ;
#2458 = SURFACE_SIDE_STYLE ('',( #2215 ) ) ;
#2459 =( NAMED_UNIT ( * ) PLANE_ANGLE_UNIT ( ) SI_UNIT ( $, .RADIAN. ) );
#2460 = ORIENTED_EDGE ( 'NONE', *, *, #2189, .F. ) ;
#2461 = ADVANCED_FACE ( 'NONE', ( #2292 ), #1164, .T. ) ;
#2462 = DIRECTION ( 'NONE',  ( 1.000000000000000000, 0.0000000000000000000, 0.0000000000000000000 ) ) ;
#2463 = CARTESIAN_POINT ( 'NONE',  ( -2.640230447553806314, -3.888339386397471564, 10.40000000000000213 ) ) ;
#2464 = SURFACE_SIDE_STYLE ('',( #1375 ) ) ;
#2465 = EDGE_CURVE ( 'NONE', #1362, #2929, #71, .T. ) ;
#2466 = VERTEX_POINT ( 'NONE', #2832 ) ;
#2467 = CARTESIAN_POINT ( 'NONE',  ( 5.199999999999999289, 0.7000000000000002887, 0.1000000000000000056 ) ) ;
#2468 = CARTESIAN_POINT ( 'NONE',  ( 5.199999999999999289, -0.6999999999999998446, 0.2500000000000000000 ) ) ;
#2469 = VERTEX_POINT ( 'NONE', #363 ) ;
#2470 = STYLED_ITEM ( 'NONE', ( #1403 ), #1604 ) ;
#2471 = EDGE_CURVE ( 'NONE', #2384, #182, #2581, .T. ) ;
#2472 = SURFACE_SIDE_STYLE ('',( #3256 ) ) ;
#2473 = DIRECTION ( 'NONE',  ( -1.000000000000000000, -6.672013369141566203E-16, 0.0000000000000000000 ) ) ;
#2474 = CARTESIAN_POINT ( 'NONE',  ( 1.799999999999999156, -0.6999999999999997335, 0.1000000000000000056 ) ) ;
#2475 = ORIENTED_EDGE ( 'NONE', *, *, #1249, .F. ) ;
#2476 = AXIS2_PLACEMENT_3D ( 'NONE', #1721, #2796, #3369 ) ;
#2477 = CARTESIAN_POINT ( 'NONE',  ( 2.613397459621556784, -0.6500000000000000222, 0.2500000000000000000 ) ) ;
#2478 = AXIS2_PLACEMENT_3D ( 'NONE', #2531, #1705, #2812 ) ;
#2479 = PRESENTATION_LAYER_ASSIGNMENT (  '', '', ( #2020 ) ) ;
#2480 = ORIENTED_EDGE ( 'NONE', *, *, #2540, .T. ) ;
#2481 = CARTESIAN_POINT ( 'NONE',  ( 4.035533905932812360, 3.535533905932637833, 0.1000000000000000056 ) ) ;
#2482 = STYLED_ITEM ( 'NONE', ( #3443 ), #3113 ) ;
#2483 = EDGE_CURVE ( 'NONE', #3550, #3167, #1400, .T. ) ;
#2484 =( NAMED_UNIT ( * ) SI_UNIT ( $, .STERADIAN. ) SOLID_ANGLE_UNIT ( ) );
#2485 = CIRCLE ( 'NONE', #716, 4.857469577113270987 ) ;
#2486 = AXIS2_PLACEMENT_3D ( 'NONE', #929, #2307, #2021 ) ;
#2487 =( LENGTH_UNIT ( ) NAMED_UNIT ( * ) SI_UNIT ( .MILLI., .METRE. ) );
#2488 = DIRECTION ( 'NONE',  ( -0.0000000000000000000, 1.224646799147353207E-16, -1.000000000000000000 ) ) ;
#2489 = VERTEX_POINT ( 'NONE', #35 ) ;
#2490 = MECHANICAL_DESIGN_GEOMETRIC_PRESENTATION_REPRESENTATION (  '', ( #10 ), #1747 ) ;
#2491 = CARTESIAN_POINT ( 'NONE',  ( 4.035533905932711995, -3.535533905932836340, 0.1000000000000000056 ) ) ;
#2492 = AXIS2_PLACEMENT_3D ( 'NONE', #2198, #773, #3564 ) ;
#2493 = SURFACE_STYLE_USAGE ( .BOTH. , #1135 ) ;
#2494 = EDGE_CURVE ( 'NONE', #2034, #958, #723, .T. ) ;
#2495 =( LENGTH_UNIT ( ) NAMED_UNIT ( * ) SI_UNIT ( .MILLI., .METRE. ) );
#2496 = ORIENTED_EDGE ( 'NONE', *, *, #1218, .T. ) ;
#2497 =( NAMED_UNIT ( * ) SI_UNIT ( $, .STERADIAN. ) SOLID_ANGLE_UNIT ( ) );
#2498 = MECHANICAL_DESIGN_GEOMETRIC_PRESENTATION_REPRESENTATION (  '', ( #1179 ), #311 ) ;
#2499 = ORIENTED_EDGE ( 'NONE', *, *, #3534, .T. ) ;
#2500 = SURFACE_SIDE_STYLE ('',( #3561 ) ) ;
#2501 = DIRECTION ( 'NONE',  ( 1.000000000000000000, 0.0000000000000000000, 0.0000000000000000000 ) ) ;
#2502 = DIRECTION ( 'NONE',  ( 1.000000000000000000, 0.0000000000000000000, 0.0000000000000000000 ) ) ;
#2503 = ORIENTED_EDGE ( 'NONE', *, *, #1318, .F. ) ;
#2504 = CARTESIAN_POINT ( 'NONE',  ( 3.035533905932562782, -3.535533905932836340, 0.1500000000000000222 ) ) ;
#2505 = AXIS2_PLACEMENT_3D ( 'NONE', #1045, #1252, #1848 ) ;
#2506 = FILL_AREA_STYLE ('',( #1467 ) ) ;
#2507 = UNCERTAINTY_MEASURE_WITH_UNIT (LENGTH_MEASURE( 1.000000000000000082E-05 ), #3563, 'distance_accuracy_value', 'NONE');
#2508 = FACE_OUTER_BOUND ( 'NONE', #1611, .T. ) ;
#2509 =( LENGTH_UNIT ( ) NAMED_UNIT ( * ) SI_UNIT ( .MILLI., .METRE. ) );
#2510 = VERTEX_POINT ( 'NONE', #3431 ) ;
#2511 = PRODUCT_CONTEXT ( 'NONE', #2251, 'mechanical' ) ;
#2512 = CARTESIAN_POINT ( 'NONE',  ( 2.649999999999999911, -0.6500000000000000222, 0.09900000000000001854 ) ) ;
#2513 = CARTESIAN_POINT ( 'NONE',  ( 0.0000000000000000000, 4.700000000000001066, 10.40000000000000213 ) ) ;
#2514 = MECHANICAL_DESIGN_GEOMETRIC_PRESENTATION_REPRESENTATION (  '', ( #3319 ), #1712 ) ;
#2515 = VERTEX_POINT ( 'NONE', #421 ) ;
#2516 = DIRECTION ( 'NONE',  ( -0.0000000000000000000, -1.000000000000000000, -0.0000000000000000000 ) ) ;
#2517 = ADVANCED_FACE ( 'NONE', ( #135 ), #1238, .F. ) ;
#2518 = FILL_AREA_STYLE ('',( #1153 ) ) ;
#2519 = CARTESIAN_POINT ( 'NONE',  ( -2.649999999999999911, -0.6500000000000000222, 0.5999999999999998668 ) ) ;
#2520 = EDGE_LOOP ( 'NONE', ( #47, #117, #3024, #3495, #3361, #2299, #960 ) ) ;
#2521 = AXIS2_PLACEMENT_3D ( 'NONE', #3473, #2091, #3199 ) ;
#2522 = ORIENTED_EDGE ( 'NONE', *, *, #2189, .T. ) ;
#2523 = LINE ( 'NONE', #876, #1559 ) ;
#2524 = STYLED_ITEM ( 'NONE', ( #2614 ), #1154 ) ;
#2525 = EDGE_LOOP ( 'NONE', ( #2002, #1871, #3343, #124 ) ) ;
#2526 = FACE_OUTER_BOUND ( 'NONE', #2520, .T. ) ;
#2527 =( NAMED_UNIT ( * ) SI_UNIT ( $, .STERADIAN. ) SOLID_ANGLE_UNIT ( ) );
#2528 = ORIENTED_EDGE ( 'NONE', *, *, #2759, .T. ) ;
#2529 =( GEOMETRIC_REPRESENTATION_CONTEXT ( 3 ) GLOBAL_UNCERTAINTY_ASSIGNED_CONTEXT ( ( #2687 ) ) GLOBAL_UNIT_ASSIGNED_CONTEXT ( ( #2552, #72, #1225 ) ) REPRESENTATION_CONTEXT ( 'NONE', 'WORKASPACE' ) );
#2530 = CARTESIAN_POINT ( 'NONE',  ( -2.000000000000002665, 5.199999999999999289, 0.8999999999999996891 ) ) ;
#2531 = CARTESIAN_POINT ( 'NONE',  ( 0.0000000000000000000, -3.368819940857715439E-16, 10.41000000000000014 ) ) ;
#2532 = LINE ( 'NONE', #2864, #2841 ) ;
#2533 = CIRCLE ( 'NONE', #763, 5.000000000000002665 ) ;
#2534 = DIRECTION ( 'NONE',  ( -0.0000000000000000000, -0.0000000000000000000, -1.000000000000000000 ) ) ;
#2535 = ADVANCED_FACE ( 'NONE', ( #2599 ), #1310, .T. ) ;
#2536 = ORIENTED_EDGE ( 'NONE', *, *, #2471, .T. ) ;
#2537 = ORIENTED_EDGE ( 'NONE', *, *, #2602, .F. ) ;
#2538 = LINE ( 'NONE', #2032, #1482 ) ;
#2539 = LINE ( 'NONE', #1805, #1851 ) ;
#2540 = EDGE_CURVE ( 'NONE', #2904, #38, #1293, .T. ) ;
#2541 = VERTEX_POINT ( 'NONE', #3489 ) ;
#2542 = AXIS2_PLACEMENT_3D ( 'NONE', #1308, #2087, #775 ) ;
#2543 = EDGE_CURVE ( 'NONE', #3408, #1208, #121, .T. ) ;
#2544 = DIRECTION ( 'NONE',  ( -0.0000000000000000000, -1.000000000000000000, 0.0000000000000000000 ) ) ;
#2545 = UNCERTAINTY_MEASURE_WITH_UNIT (LENGTH_MEASURE( 1.000000000000000082E-05 ), #2770, 'distance_accuracy_value', 'NONE');
#2546 = AXIS2_PLACEMENT_3D ( 'NONE', #261, #2937, #1896 ) ;
#2547 = DIRECTION ( 'NONE',  ( 0.0000000000000000000, -0.0000000000000000000, 1.000000000000000000 ) ) ;
#2548 = ORIENTED_EDGE ( 'NONE', *, *, #3172, .F. ) ;
#2549 = MECHANICAL_DESIGN_GEOMETRIC_PRESENTATION_REPRESENTATION (  '', ( #3241 ), #2665 ) ;
#2550 = CARTESIAN_POINT ( 'NONE',  ( -2.350000000000000089, 0.6500000000000000222, 0.09900000000000001854 ) ) ;
#2551 = DIRECTION ( 'NONE',  ( -0.0000000000000000000, 1.224646799147353207E-16, -1.000000000000000000 ) ) ;
#2552 =( LENGTH_UNIT ( ) NAMED_UNIT ( * ) SI_UNIT ( .MILLI., .METRE. ) );
#2553 = FACE_OUTER_BOUND ( 'NONE', #571, .T. ) ;
#2554 = ORIENTED_EDGE ( 'NONE', *, *, #2208, .F. ) ;
#2555 = ORIENTED_EDGE ( 'NONE', *, *, #2182, .T. ) ;
#2556 = DIRECTION ( 'NONE',  ( 0.0000000000000000000, 1.000000000000000000, 0.0000000000000000000 ) ) ;
#2557 = DIRECTION ( 'NONE',  ( 6.672013369141566203E-16, 1.000000000000000000, 0.0000000000000000000 ) ) ;
#2558 = EDGE_LOOP ( 'NONE', ( #3448, #570, #3237, #1920 ) ) ;
#2559 = ORIENTED_EDGE ( 'NONE', *, *, #101, .F. ) ;
#2560 = DIRECTION ( 'NONE',  ( 0.0000000000000000000, 1.000000000000000000, 8.673617379884030542E-17 ) ) ;
#2561 = DIRECTION ( 'NONE',  ( -1.000000000000000000, 0.0000000000000000000, 0.0000000000000000000 ) ) ;
#2562 = ORIENTED_EDGE ( 'NONE', *, *, #1059, .F. ) ;
#2563 = ADVANCED_FACE ( 'NONE', ( #1815 ), #3143, .F. ) ;
#2564 = FILL_AREA_STYLE ('',( #398 ) ) ;
#2565 = CARTESIAN_POINT ( 'NONE',  ( 5.200000000000000178, 3.199999999999998845, 0.1000000000000000056 ) ) ;
#2566 = VECTOR ( 'NONE', #3109, 1000.000000000000000 ) ;
#2567 = DIRECTION ( 'NONE',  ( -1.000000000000000000, -8.673617379884036705E-17, 0.0000000000000000000 ) ) ;
#2568 = VERTEX_POINT ( 'NONE', #2329 ) ;
#2569 = MECHANICAL_DESIGN_GEOMETRIC_PRESENTATION_REPRESENTATION (  '', ( #2624 ), #1767 ) ;
#2570 = ORIENTED_EDGE ( 'NONE', *, *, #2920, .T. ) ;
#2571 = LINE ( 'NONE', #1783, #100 ) ;
#2572 = AXIS2_PLACEMENT_3D ( 'NONE', #688, #613, #956 ) ;
#2573 = ORIENTED_EDGE ( 'NONE', *, *, #1753, .F. ) ;
#2574 = ORIENTED_EDGE ( 'NONE', *, *, #16, .T. ) ;
#2575 = CIRCLE ( 'NONE', #512, 4.700000000000001954 ) ;
#2576 =( NAMED_UNIT ( * ) SI_UNIT ( $, .STERADIAN. ) SOLID_ANGLE_UNIT ( ) );
#2577 =( NAMED_UNIT ( * ) PLANE_ANGLE_UNIT ( ) SI_UNIT ( $, .RADIAN. ) );
#2578 = EDGE_LOOP ( 'NONE', ( #2555, #2068, #2802, #2749 ) ) ;
#2579 = DIRECTION ( 'NONE',  ( -1.000000000000000000, 3.188829919075013114E-17, 0.0000000000000000000 ) ) ;
#2580 = DIRECTION ( 'NONE',  ( 2.086574912030907861E-16, 0.0000000000000000000, -1.000000000000000000 ) ) ;
#2581 = LINE ( 'NONE', #2565, #1521 ) ;
#2582 = PRESENTATION_LAYER_ASSIGNMENT (  '', '', ( #393 ) ) ;
#2583 = EDGE_CURVE ( 'NONE', #2632, #1953, #3472, .T. ) ;
#2584 = SURFACE_SIDE_STYLE ('',( #1477 ) ) ;
#2585 = EDGE_LOOP ( 'NONE', ( #1023, #988 ) ) ;
#2586 = AXIS2_PLACEMENT_3D ( 'NONE', #1980, #1700, #280 ) ;
#2587 = ORIENTED_EDGE ( 'NONE', *, *, #2274, .F. ) ;
#2588 = CARTESIAN_POINT ( 'NONE',  ( 1.999999999999997780, -4.637078821844633048, 0.5999999999999998668 ) ) ;
#2589 = ORIENTED_EDGE ( 'NONE', *, *, #1202, .T. ) ;
#2590 = CIRCLE ( 'NONE', #1955, 5.049999999999999822 ) ;
#2591 = ORIENTED_EDGE ( 'NONE', *, *, #1200, .T. ) ;
#2592 = PLANE ( 'NONE',  #3234 ) ;
#2593 = LINE ( 'NONE', #965, #3444 ) ;
#2594 = VECTOR ( 'NONE', #1219, 1000.000000000000000 ) ;
#2595 = ORIENTED_EDGE ( 'NONE', *, *, #312, .F. ) ;
#2596 =( LENGTH_UNIT ( ) NAMED_UNIT ( * ) SI_UNIT ( .MILLI., .METRE. ) );
#2597 = CIRCLE ( 'NONE', #2546, 0.1000000000000005884 ) ;
#2598 = PLANE ( 'NONE',  #2090 ) ;
#2599 = FACE_OUTER_BOUND ( 'NONE', #253, .T. ) ;
#2600 = PRESENTATION_LAYER_ASSIGNMENT (  '', '', ( #594 ) ) ;
#2601 = LINE ( 'NONE', #738, #1286 ) ;
#2602 = EDGE_CURVE ( 'NONE', #1568, #3170, #3450, .T. ) ;
#2603 = DIRECTION ( 'NONE',  ( -0.0000000000000000000, -0.0000000000000000000, -1.000000000000000000 ) ) ;
#2604 = LINE ( 'NONE', #3416, #2876 ) ;
#2605 = COLOUR_RGB ( '',0.8941176470588234615, 0.9137254901960784048, 0.9294117647058823817 ) ;
#2606 = ORIENTED_EDGE ( 'NONE', *, *, #1137, .T. ) ;
#2607 = CIRCLE ( 'NONE', #301, 5.049999999999999822 ) ;
#2608 = FACE_OUTER_BOUND ( 'NONE', #3305, .T. ) ;
#2609 = VERTEX_POINT ( 'NONE', #686 ) ;
#2610 = EDGE_CURVE ( 'NONE', #367, #2372, #2946, .T. ) ;
#2611 = DIRECTION ( 'NONE',  ( 1.000000000000000000, -2.869946927167512665E-16, 0.0000000000000000000 ) ) ;
#2612 = EDGE_LOOP ( 'NONE', ( #1977, #319, #1436, #2806 ) ) ;
#2613 = FILL_AREA_STYLE ('',( #430 ) ) ;
#2614 = PRESENTATION_STYLE_ASSIGNMENT (( #1522 ) ) ;
#2615 = VERTEX_POINT ( 'NONE', #3160 ) ;
#2616 = DIRECTION ( 'NONE',  ( -0.0000000000000000000, 1.224646799147353207E-16, -1.000000000000000000 ) ) ;
#2617 = STYLED_ITEM ( 'NONE', ( #3298 ), #392 ) ;
#2618 = DIRECTION ( 'NONE',  ( 0.0000000000000000000, -0.0000000000000000000, -1.000000000000000000 ) ) ;
#2619 = DIRECTION ( 'NONE',  ( 0.0000000000000000000, 0.0000000000000000000, 1.000000000000000000 ) ) ;
#2620 = ORIENTED_EDGE ( 'NONE', *, *, #1873, .T. ) ;
#2621 = EDGE_CURVE ( 'NONE', #574, #2991, #2365, .T. ) ;
#2622 = CARTESIAN_POINT ( 'NONE',  ( -2.650000000000000799, 0.6500000000000000222, 0.2500000000000000000 ) ) ;
#2623 = ORIENTED_EDGE ( 'NONE', *, *, #2865, .T. ) ;
#2624 = STYLED_ITEM ( 'NONE', ( #710 ), #816 ) ;
#2625 = ADVANCED_FACE ( 'NONE', ( #2069 ), #3173, .T. ) ;
#2626 = EDGE_CURVE ( 'NONE', #3378, #3170, #2607, .T. ) ;
#2627 = VERTEX_POINT ( 'NONE', #828 ) ;
#2628 = CIRCLE ( 'NONE', #2572, 5.000000000000002665 ) ;
#2629 = SURFACE_STYLE_USAGE ( .BOTH. , #2859 ) ;
#2630 = LINE ( 'NONE', #985, #114 ) ;
#2631 = CARTESIAN_POINT ( 'NONE',  ( 1.999999999999997780, -5.200000000000001954, 0.8999999999999996891 ) ) ;
#2632 = VERTEX_POINT ( 'NONE', #231 ) ;
#2633 = CARTESIAN_POINT ( 'NONE',  ( 0.0000000000000000000, 0.0000000000000000000, 0.6000000000000006439 ) ) ;
#2634 = PRESENTATION_STYLE_ASSIGNMENT (( #1014 ) ) ;
#2635 = DIRECTION ( 'NONE',  ( 0.0000000000000000000, -0.0000000000000000000, 1.000000000000000000 ) ) ;
#2636 = CARTESIAN_POINT ( 'NONE',  ( 0.0000000000000000000, 4.800000000000003375, 2.151193869821789839 ) ) ;
#2637 = CARTESIAN_POINT ( 'NONE',  ( 0.0000000000000000000, -3.254181529847046948E-16, 3.257240873133981029 ) ) ;
#2638 = FACE_OUTER_BOUND ( 'NONE', #3084, .T. ) ;
#2639 = DIRECTION ( 'NONE',  ( -1.000000000000000000, 0.0000000000000000000, 0.0000000000000000000 ) ) ;
#2640 = VERTEX_POINT ( 'NONE', #1341 ) ;
#2641 = ORIENTED_EDGE ( 'NONE', *, *, #1421, .T. ) ;
#2642 =( NAMED_UNIT ( * ) PLANE_ANGLE_UNIT ( ) SI_UNIT ( $, .RADIAN. ) );
#2643 = PRESENTATION_LAYER_ASSIGNMENT (  '', '', ( #2645 ) ) ;
#2644 = PLANE ( 'NONE',  #877 ) ;
#2645 = STYLED_ITEM ( 'NONE', ( #531 ), #1858 ) ;
#2646 =( GEOMETRIC_REPRESENTATION_CONTEXT ( 3 ) GLOBAL_UNCERTAINTY_ASSIGNED_CONTEXT ( ( #81 ) ) GLOBAL_UNIT_ASSIGNED_CONTEXT ( ( #3381, #661, #1749 ) ) REPRESENTATION_CONTEXT ( 'NONE', 'WORKASPACE' ) );
#2647 = FACE_OUTER_BOUND ( 'NONE', #1606, .T. ) ;
#2648 = CARTESIAN_POINT ( 'NONE',  ( 2.350000000000000089, -0.6500000000000000222, 0.5999999999999998668 ) ) ;
#2649 = UNCERTAINTY_MEASURE_WITH_UNIT (LENGTH_MEASURE( 1.000000000000000082E-05 ), #2495, 'distance_accuracy_value', 'NONE');
#2650 = LINE ( 'NONE', #2670, #2162 ) ;
#2651 = FACE_OUTER_BOUND ( 'NONE', #2578, .T. ) ;
#2652 = ADVANCED_FACE ( 'NONE', ( #2185 ), #1339, .F. ) ;
#2653 = CARTESIAN_POINT ( 'NONE',  ( -3.535533905932737309, 3.535533905932737309, 0.1000000000000000056 ) ) ;
#2654 = SURFACE_SIDE_STYLE ('',( #1887 ) ) ;
#2655 = DIRECTION ( 'NONE',  ( -1.000000000000000000, 0.0000000000000000000, 0.0000000000000000000 ) ) ;
#2656 = EDGE_CURVE ( 'NONE', #307, #3329, #516, .T. ) ;
#2657 = CIRCLE ( 'NONE', #1114, 5.000000000000002665 ) ;
#2658 = DIRECTION ( 'NONE',  ( -1.000000000000000000, 0.0000000000000000000, 0.0000000000000000000 ) ) ;
#2659 = DIRECTION ( 'NONE',  ( -1.000000000000000000, -0.0000000000000000000, -0.0000000000000000000 ) ) ;
#2660 = VERTEX_POINT ( 'NONE', #3568 ) ;
#2661 = LINE ( 'NONE', #2622, #3405 ) ;
#2662 = VECTOR ( 'NONE', #641, 1000.000000000000000 ) ;
#2663 = ORIENTED_EDGE ( 'NONE', *, *, #1373, .F. ) ;
#2664 = CIRCLE ( 'NONE', #1867, 0.1999999999999996503 ) ;
#2665 =( GEOMETRIC_REPRESENTATION_CONTEXT ( 3 ) GLOBAL_UNCERTAINTY_ASSIGNED_CONTEXT ( ( #1939 ) ) GLOBAL_UNIT_ASSIGNED_CONTEXT ( ( #400, #1543, #703 ) ) REPRESENTATION_CONTEXT ( 'NONE', 'WORKASPACE' ) );
#2666 = ORIENTED_EDGE ( 'NONE', *, *, #144, .T. ) ;
#2667 = AXIS2_PLACEMENT_3D ( 'NONE', #1022, #1055, #743 ) ;
#2668 = DIRECTION ( 'NONE',  ( -0.0000000000000000000, -0.0000000000000000000, -1.000000000000000000 ) ) ;
#2669 = MECHANICAL_DESIGN_GEOMETRIC_PRESENTATION_REPRESENTATION (  '', ( #827 ), #3290 ) ;
#2670 = CARTESIAN_POINT ( 'NONE',  ( 2.350000000000000089, 0.6500000000000000222, 0.09900000000000001854 ) ) ;
#2671 = EDGE_CURVE ( 'NONE', #2931, #1706, #2202, .T. ) ;
#2672 = LINE ( 'NONE', #3229, #1290 ) ;
#2673 = ORIENTED_EDGE ( 'NONE', *, *, #451, .T. ) ;
#2674 = CARTESIAN_POINT ( 'NONE',  ( -1.800000000000000044, 0.7000000000000006217, 0.2500000000000000000 ) ) ;
#2675 = DIRECTION ( 'NONE',  ( 0.0000000000000000000, -1.000000000000000000, -0.0000000000000000000 ) ) ;
#2676 =( GEOMETRIC_REPRESENTATION_CONTEXT ( 3 ) GLOBAL_UNCERTAINTY_ASSIGNED_CONTEXT ( ( #2183 ) ) GLOBAL_UNIT_ASSIGNED_CONTEXT ( ( #2328, #3159, #1201 ) ) REPRESENTATION_CONTEXT ( 'NONE', 'WORKASPACE' ) );
#2677 = CYLINDRICAL_SURFACE ( 'NONE', #324, 0.5000000000000741629 ) ;
#2678 = FACE_OUTER_BOUND ( 'NONE', #3157, .T. ) ;
#2679 = ORIENTED_EDGE ( 'NONE', *, *, #1983, .T. ) ;
#2680 = COLOUR_RGB ( '',0.8941176470588234615, 0.9137254901960784048, 0.9294117647058823817 ) ;
#2681 = DIRECTION ( 'NONE',  ( -0.0000000000000000000, -0.0000000000000000000, -1.000000000000000000 ) ) ;
#2682 = CARTESIAN_POINT ( 'NONE',  ( 2.600000000000000533, -0.6500000000000000222, 0.5999999999999998668 ) ) ;
#2683 = LINE ( 'NONE', #1594, #1064 ) ;
#2684 = CARTESIAN_POINT ( 'NONE',  ( 0.0000000000000000000, 0.0000000000000000000, 3.448806130178212026 ) ) ;
#2685 = MECHANICAL_DESIGN_GEOMETRIC_PRESENTATION_REPRESENTATION (  '', ( #1539 ), #1888 ) ;
#2686 = DIRECTION ( 'NONE',  ( 1.000000000000000000, 0.0000000000000000000, 0.0000000000000000000 ) ) ;
#2687 = UNCERTAINTY_MEASURE_WITH_UNIT (LENGTH_MEASURE( 1.000000000000000082E-05 ), #2552, 'distance_accuracy_value', 'NONE');
#2688 = LINE ( 'NONE', #1811, #2217 ) ;
#2689 = VERTEX_POINT ( 'NONE', #3231 ) ;
#2690 = PRESENTATION_LAYER_ASSIGNMENT (  '', '', ( #1312 ) ) ;
#2691 = STYLED_ITEM ( 'NONE', ( #2340 ), #1094 ) ;
#2692 = EDGE_CURVE ( 'NONE', #2929, #2203, #1050, .T. ) ;
#2693 = CARTESIAN_POINT ( 'NONE',  ( 2.700000000000001510, 0.6500000000000000222, 0.2999999999999997113 ) ) ;
#2694 = ORIENTED_EDGE ( 'NONE', *, *, #513, .T. ) ;
#2695 = CARTESIAN_POINT ( 'NONE',  ( 5.200000000000000178, 3.199999999999998845, 0.1000000000000000056 ) ) ;
#2696 = EDGE_CURVE ( 'NONE', #3401, #847, #358, .T. ) ;
#2697 = LINE ( 'NONE', #1551, #1273 ) ;
#2698 = VERTEX_POINT ( 'NONE', #667 ) ;
#2699 =( NAMED_UNIT ( * ) SI_UNIT ( $, .STERADIAN. ) SOLID_ANGLE_UNIT ( ) );
#2700 = AXIS2_PLACEMENT_3D ( 'NONE', #1546, #1018, #3435 ) ;
#2701 = LINE ( 'NONE', #769, #3273 ) ;
#2702 = LINE ( 'NONE', #2742, #255 ) ;
#2703 = MECHANICAL_DESIGN_GEOMETRIC_PRESENTATION_REPRESENTATION (  '', ( #224 ), #2646 ) ;
#2704 = CARTESIAN_POINT ( 'NONE',  ( -5.200000000000001066, -5.200000000000001066, 2.100000000000000089 ) ) ;
#2705 = LINE ( 'NONE', #229, #2075 ) ;
#2706 =( NAMED_UNIT ( * ) PLANE_ANGLE_UNIT ( ) SI_UNIT ( $, .RADIAN. ) );
#2707 = FILL_AREA_STYLE ('',( #2986 ) ) ;
#2708 = FILL_AREA_STYLE_COLOUR ( '', #2355 ) ;
#2709 = ORIENTED_EDGE ( 'NONE', *, *, #404, .F. ) ;
#2710 = CARTESIAN_POINT ( 'NONE',  ( -2.000000000000002665, 5.199999999999999289, 2.100000000000000089 ) ) ;
#2711 = COLOUR_RGB ( '',0.3764705882352941124, 0.3764705882352941124, 0.3764705882352941124 ) ;
#2712 = EDGE_CURVE ( 'NONE', #2104, #2031, #237, .T. ) ;
#2713 = PLANE ( 'NONE',  #3038 ) ;
#2714 = DIRECTION ( 'NONE',  ( -0.0000000000000000000, -0.0000000000000000000, 1.000000000000000000 ) ) ;
#2715 = VERTEX_POINT ( 'NONE', #67 ) ;
#2716 = ADVANCED_FACE ( 'NONE', ( #1755 ), #3057, .F. ) ;
#2717 = CIRCLE ( 'NONE', #1864, 0.5000000000000750511 ) ;
#2718 = CIRCLE ( 'NONE', #2773, 4.857469577113270987 ) ;
#2719 = VECTOR ( 'NONE', #461, 1000.000000000000000 ) ;
#2720 = DIRECTION ( 'NONE',  ( -2.232180943352508317E-16, -1.000000000000000000, 0.0000000000000000000 ) ) ;
#2721 =( GEOMETRIC_REPRESENTATION_CONTEXT ( 3 ) GLOBAL_UNCERTAINTY_ASSIGNED_CONTEXT ( ( #1574 ) ) GLOBAL_UNIT_ASSIGNED_CONTEXT ( ( #1245, #2373, #1856 ) ) REPRESENTATION_CONTEXT ( 'NONE', 'WORKASPACE' ) );
#2722 = ORIENTED_EDGE ( 'NONE', *, *, #900, .T. ) ;
#2723 = PRESENTATION_LAYER_ASSIGNMENT (  '', '', ( #827 ) ) ;
#2724 = EDGE_CURVE ( 'NONE', #731, #2825, #541, .T. ) ;
#2725 = CARTESIAN_POINT ( 'NONE',  ( 5.199999999999999289, 0.7000000000000002887, 0.2500000000000000000 ) ) ;
#2726 = DIRECTION ( 'NONE',  ( 0.0000000000000000000, 1.000000000000000000, 0.0000000000000000000 ) ) ;
#2727 = ORIENTED_EDGE ( 'NONE', *, *, #966, .T. ) ;
#2728 = FILL_AREA_STYLE_COLOUR ( '', #2799 ) ;
#2729 = PLANE ( 'NONE',  #521 ) ;
#2730 = EDGE_LOOP ( 'NONE', ( #1813, #3377, #1394, #464, #1140, #424, #745, #1529 ) ) ;
#2731 = CARTESIAN_POINT ( 'NONE',  ( 5.199999999999997513, -3.200000000000002398, 0.1000000000000000056 ) ) ;
#2732 = LINE ( 'NONE', #3275, #1994 ) ;
#2733 = CARTESIAN_POINT ( 'NONE',  ( 2.700000000000001510, 0.6500000000000000222, 0.2999999999999997113 ) ) ;
#2734 = VERTEX_POINT ( 'NONE', #584 ) ;
#2735 = DIRECTION ( 'NONE',  ( 0.0000000000000000000, 1.000000000000000000, 0.0000000000000000000 ) ) ;
#2736 = CIRCLE ( 'NONE', #676, 4.642530422886734343 ) ;
#2737 = PRODUCT_DEFINITION_SHAPE ( 'NONE', 'NONE',  #1526 ) ;
#2738 = LINE ( 'NONE', #9, #1957 ) ;
#2739 = EDGE_CURVE ( 'NONE', #3524, #1132, #306, .T. ) ;
#2740 = EDGE_CURVE ( 'NONE', #3401, #1025, #3071, .T. ) ;
#2741 =( GEOMETRIC_REPRESENTATION_CONTEXT ( 3 ) GLOBAL_UNCERTAINTY_ASSIGNED_CONTEXT ( ( #2507 ) ) GLOBAL_UNIT_ASSIGNED_CONTEXT ( ( #3563, #2459, #2216 ) ) REPRESENTATION_CONTEXT ( 'NONE', 'WORKASPACE' ) );
#2742 = CARTESIAN_POINT ( 'NONE',  ( -2.649999999999999911, -0.6500000000000000222, 0.2500000000000000000 ) ) ;
#2743 = CARTESIAN_POINT ( 'NONE',  ( 0.0000000000000000000, 4.700000000000001954, 3.001193869821790372 ) ) ;
#2744 = VECTOR ( 'NONE', #761, 1000.000000000000000 ) ;
#2745 = FACE_OUTER_BOUND ( 'NONE', #3442, .T. ) ;
#2746 = DIRECTION ( 'NONE',  ( 0.0000000000000000000, 0.0000000000000000000, 1.000000000000000000 ) ) ;
#2747 = ORIENTED_EDGE ( 'NONE', *, *, #1200, .F. ) ;
#2748 = PRESENTATION_STYLE_ASSIGNMENT (( #1658 ) ) ;
#2749 = ORIENTED_EDGE ( 'NONE', *, *, #286, .T. ) ;
#2750 = DIRECTION ( 'NONE',  ( 0.0000000000000000000, -1.224646799147353207E-16, 1.000000000000000000 ) ) ;
#2751 = DIRECTION ( 'NONE',  ( 0.0000000000000000000, 1.000000000000000000, 0.0000000000000000000 ) ) ;
#2752 = VERTEX_POINT ( 'NONE', #626 ) ;
#2753 = DIRECTION ( 'NONE',  ( 0.0000000000000000000, 0.0000000000000000000, -1.000000000000000000 ) ) ;
#2754 = PRODUCT_RELATED_PRODUCT_CATEGORY ( 'part', '', ( #3286 ) ) ;
#2755 = FACE_OUTER_BOUND ( 'NONE', #941, .T. ) ;
#2756 = DIRECTION ( 'NONE',  ( 0.0000000000000000000, 0.0000000000000000000, 1.000000000000000000 ) ) ;
#2757 = VERTEX_POINT ( 'NONE', #322 ) ;
#2758 = PLANE ( 'NONE',  #2823 ) ;
#2759 = EDGE_CURVE ( 'NONE', #580, #1690, #948, .T. ) ;
#2760 =( NAMED_UNIT ( * ) SI_UNIT ( $, .STERADIAN. ) SOLID_ANGLE_UNIT ( ) );
#2761 = CARTESIAN_POINT ( 'NONE',  ( 5.199999999999999289, -0.6999999999999998446, 0.2500000000000000000 ) ) ;
#2762 = ORIENTED_EDGE ( 'NONE', *, *, #2410, .T. ) ;
#2763 = DIRECTION ( 'NONE',  ( -1.000000000000000000, 0.0000000000000000000, 0.0000000000000000000 ) ) ;
#2764 = CARTESIAN_POINT ( 'NONE',  ( -5.199999999999999289, 0.7000000000000016209, 0.2500000000000000000 ) ) ;
#2765 = DIRECTION ( 'NONE',  ( -0.0000000000000000000, -0.0000000000000000000, -1.000000000000000000 ) ) ;
#2766 = LINE ( 'NONE', #294, #819 ) ;
#2767 = PLANE ( 'NONE',  #618 ) ;
#2768 = ORIENTED_EDGE ( 'NONE', *, *, #3466, .T. ) ;
#2769 = FILL_AREA_STYLE_COLOUR ( '', #1692 ) ;
#2770 =( LENGTH_UNIT ( ) NAMED_UNIT ( * ) SI_UNIT ( .MILLI., .METRE. ) );
#2771 = PRESENTATION_LAYER_ASSIGNMENT (  '', '', ( #530 ) ) ;
#2772 = MECHANICAL_DESIGN_GEOMETRIC_PRESENTATION_REPRESENTATION (  '', ( #3348 ), #3409 ) ;
#2773 = AXIS2_PLACEMENT_3D ( 'NONE', #1507, #3174, #1239 ) ;
#2774 =( NAMED_UNIT ( * ) PLANE_ANGLE_UNIT ( ) SI_UNIT ( $, .RADIAN. ) );
#2775 = MECHANICAL_DESIGN_GEOMETRIC_PRESENTATION_REPRESENTATION (  '', ( #1576 ), #3018 ) ;
#2776 = ADVANCED_FACE ( 'NONE', ( #3354, #13 ), #340, .F. ) ;
#2777 = LINE ( 'NONE', #249, #734 ) ;
#2778 = CARTESIAN_POINT ( 'NONE',  ( -3.535533905932737309, 3.535533905932737309, 0.1500000000000000222 ) ) ;
#2779 = ORIENTED_EDGE ( 'NONE', *, *, #285, .F. ) ;
#2780 = DIRECTION ( 'NONE',  ( 1.000000000000000000, -3.188829919075013114E-17, 0.0000000000000000000 ) ) ;
#2781 = ADVANCED_FACE ( 'NONE', ( #3097 ), #1393, .F. ) ;
#2782 = CARTESIAN_POINT ( 'NONE',  ( -5.499999999999999112, 0.6500000000000000222, 2.589803236230023287E-16 ) ) ;
#2783 = DIRECTION ( 'NONE',  ( 0.0000000000000000000, 1.000000000000000000, 1.224646799147353207E-16 ) ) ;
#2784 = LINE ( 'NONE', #2440, #96 ) ;
#2785 = ORIENTED_EDGE ( 'NONE', *, *, #2119, .T. ) ;
#2786 = VERTEX_POINT ( 'NONE', #1737 ) ;
#2787 = DIRECTION ( 'NONE',  ( 0.0000000000000000000, 0.0000000000000000000, -1.000000000000000000 ) ) ;
#2788 = VECTOR ( 'NONE', #3446, 1000.000000000000000 ) ;
#2789 = ORIENTED_EDGE ( 'NONE', *, *, #144, .F. ) ;
#2790 = CARTESIAN_POINT ( 'NONE',  ( 0.0000000000000000000, 0.0000000000000000000, 2.100000000000000089 ) ) ;
#2791 =( GEOMETRIC_REPRESENTATION_CONTEXT ( 3 ) GLOBAL_UNCERTAINTY_ASSIGNED_CONTEXT ( ( #825 ) ) GLOBAL_UNIT_ASSIGNED_CONTEXT ( ( #3280, #1614, #525 ) ) REPRESENTATION_CONTEXT ( 'NONE', 'WORKASPACE' ) );
#2792 = UNCERTAINTY_MEASURE_WITH_UNIT (LENGTH_MEASURE( 1.000000000000000082E-05 ), #2348, 'distance_accuracy_value', 'NONE');
#2793 = DIRECTION ( 'NONE',  ( 0.0000000000000000000, 0.0000000000000000000, -1.000000000000000000 ) ) ;
#2794 = ORIENTED_EDGE ( 'NONE', *, *, #3223, .T. ) ;
#2795 = LINE ( 'NONE', #1845, #1427 ) ;
#2796 = DIRECTION ( 'NONE',  ( 0.0000000000000000000, 1.000000000000000000, 0.0000000000000000000 ) ) ;
#2797 = CARTESIAN_POINT ( 'NONE',  ( 0.0000000000000000000, 4.500000000000002665, 2.598806130178213714 ) ) ;
#2798 =( LENGTH_UNIT ( ) NAMED_UNIT ( * ) SI_UNIT ( .MILLI., .METRE. ) );
#2799 = COLOUR_RGB ( '',0.8941176470588234615, 0.9137254901960784048, 0.9294117647058823817 ) ;
#2800 = ADVANCED_FACE ( 'NONE', ( #1197 ), #658, .T. ) ;
#2801 = CARTESIAN_POINT ( 'NONE',  ( 0.0000000000000000000, -1.200153863164406345E-15, 10.40000000000000213 ) ) ;
#2802 = ORIENTED_EDGE ( 'NONE', *, *, #470, .F. ) ;
#2803 = ORIENTED_EDGE ( 'NONE', *, *, #1866, .T. ) ;
#2804 = EDGE_CURVE ( 'NONE', #2313, #2541, #3476, .T. ) ;
#2805 =( GEOMETRIC_REPRESENTATION_CONTEXT ( 3 ) GLOBAL_UNCERTAINTY_ASSIGNED_CONTEXT ( ( #1719 ) ) GLOBAL_UNIT_ASSIGNED_CONTEXT ( ( #3060, #431, #586 ) ) REPRESENTATION_CONTEXT ( 'NONE', 'WORKASPACE' ) );
#2806 = ORIENTED_EDGE ( 'NONE', *, *, #360, .T. ) ;
#2807 = SURFACE_STYLE_FILL_AREA ( #3054 ) ;
#2808 = CARTESIAN_POINT ( 'NONE',  ( 2.700000000000001510, 0.6500000000000000222, 0.2999999999999997113 ) ) ;
#2809 = EDGE_LOOP ( 'NONE', ( #2966, #1876, #1277, #34 ) ) ;
#2810 = DIRECTION ( 'NONE',  ( 1.000000000000000000, 0.0000000000000000000, 0.0000000000000000000 ) ) ;
#2811 = MECHANICAL_DESIGN_GEOMETRIC_PRESENTATION_REPRESENTATION (  '', ( #2470 ), #1504 ) ;
#2812 = DIRECTION ( 'NONE',  ( -1.000000000000000000, 0.0000000000000000000, 0.0000000000000000000 ) ) ;
#2813 = SURFACE_SIDE_STYLE ('',( #918 ) ) ;
#2814 =( NAMED_UNIT ( * ) SI_UNIT ( $, .STERADIAN. ) SOLID_ANGLE_UNIT ( ) );
#2815 = ORIENTED_EDGE ( 'NONE', *, *, #1625, .F. ) ;
#2816 = EDGE_CURVE ( 'NONE', #1698, #3401, #3181, .T. ) ;
#2817 = ORIENTED_EDGE ( 'NONE', *, *, #3371, .T. ) ;
#2818 = ADVANCED_FACE ( 'NONE', ( #1849 ), #1523, .F. ) ;
#2819 = EDGE_LOOP ( 'NONE', ( #2417, #1772 ) ) ;
#2820 =( LENGTH_UNIT ( ) NAMED_UNIT ( * ) SI_UNIT ( .MILLI., .METRE. ) );
#2821 = VECTOR ( 'NONE', #3213, 1000.000000000000000 ) ;
#2822 = DIRECTION ( 'NONE',  ( 0.0000000000000000000, -0.0000000000000000000, -1.000000000000000000 ) ) ;
#2823 = AXIS2_PLACEMENT_3D ( 'NONE', #2790, #1736, #3384 ) ;
#2824 = DIRECTION ( 'NONE',  ( -8.340016711426957754E-17, 1.000000000000000000, 0.0000000000000000000 ) ) ;
#2825 = VERTEX_POINT ( 'NONE', #1558 ) ;
#2826 =( LENGTH_UNIT ( ) NAMED_UNIT ( * ) SI_UNIT ( .MILLI., .METRE. ) );
#2827 = AXIS2_PLACEMENT_3D ( 'NONE', #3124, #856, #1760 ) ;
#2828 = VECTOR ( 'NONE', #3508, 1000.000000000000000 ) ;
#2829 = FACE_BOUND ( 'NONE', #1995, .T. ) ;
#2830 = UNCERTAINTY_MEASURE_WITH_UNIT (LENGTH_MEASURE( 1.000000000000000082E-05 ), #304, 'distance_accuracy_value', 'NONE');
#2831 = SURFACE_STYLE_USAGE ( .BOTH. , #1163 ) ;
#2832 = CARTESIAN_POINT ( 'NONE',  ( -5.200000000000001066, -0.6999999999999986233, 0.2500000000000000000 ) ) ;
#2833 = STYLED_ITEM ( 'NONE', ( #1011 ), #2800 ) ;
#2834 = SURFACE_STYLE_USAGE ( .BOTH. , #2500 ) ;
#2835 = SURFACE_SIDE_STYLE ('',( #2296 ) ) ;
#2836 = ORIENTED_EDGE ( 'NONE', *, *, #657, .T. ) ;
#2837 = EDGE_LOOP ( 'NONE', ( #1929, #1371 ) ) ;
#2838 = EDGE_CURVE ( 'NONE', #3012, #1483, #718, .T. ) ;
#2839 = ORIENTED_EDGE ( 'NONE', *, *, #722, .T. ) ;
#2840 = DIRECTION ( 'NONE',  ( -0.0000000000000000000, 1.000000000000000000, 0.0000000000000000000 ) ) ;
#2841 = VECTOR ( 'NONE', #899, 1000.000000000000000 ) ;
#2842 = ADVANCED_FACE ( 'NONE', ( #2651 ), #1234, .T. ) ;
#2843 = LINE ( 'NONE', #373, #2376 ) ;
#2844 = COLOUR_RGB ( '',0.8941176470588234615, 0.9137254901960784048, 0.9294117647058823817 ) ;
#2845 = DIRECTION ( 'NONE',  ( -0.0000000000000000000, 1.224646799147353207E-16, -1.000000000000000000 ) ) ;
#2846 = VERTEX_POINT ( 'NONE', #1830 ) ;
#2847 =( GEOMETRIC_REPRESENTATION_CONTEXT ( 3 ) GLOBAL_UNCERTAINTY_ASSIGNED_CONTEXT ( ( #115 ) ) GLOBAL_UNIT_ASSIGNED_CONTEXT ( ( #45, #3138, #2576 ) ) REPRESENTATION_CONTEXT ( 'NONE', 'WORKASPACE' ) );
#2848 =( NAMED_UNIT ( * ) SI_UNIT ( $, .STERADIAN. ) SOLID_ANGLE_UNIT ( ) );
#2849 = PRESENTATION_LAYER_ASSIGNMENT (  '', '', ( #1656 ) ) ;
#2850 = FILL_AREA_STYLE ('',( #870 ) ) ;
#2851 = VECTOR ( 'NONE', #2659, 1000.000000000000000 ) ;
#2852 = FACE_OUTER_BOUND ( 'NONE', #5, .T. ) ;
#2853 = ORIENTED_EDGE ( 'NONE', *, *, #1943, .F. ) ;
#2854 = CIRCLE ( 'NONE', #29, 0.1000000000000005884 ) ;
#2855 = ORIENTED_EDGE ( 'NONE', *, *, #879, .F. ) ;
#2856 = FACE_OUTER_BOUND ( 'NONE', #1228, .T. ) ;
#2857 = ORIENTED_EDGE ( 'NONE', *, *, #1373, .T. ) ;
#2858 =( GEOMETRIC_REPRESENTATION_CONTEXT ( 3 ) GLOBAL_UNCERTAINTY_ASSIGNED_CONTEXT ( ( #895 ) ) GLOBAL_UNIT_ASSIGNED_CONTEXT ( ( #216, #1936, #1326 ) ) REPRESENTATION_CONTEXT ( 'NONE', 'WORKASPACE' ) );
#2859 = SURFACE_SIDE_STYLE ('',( #112 ) ) ;
#2860 = UNCERTAINTY_MEASURE_WITH_UNIT (LENGTH_MEASURE( 1.000000000000000082E-05 ), #267, 'distance_accuracy_value', 'NONE');
#2861 = EDGE_CURVE ( 'NONE', #2515, #2912, #374, .T. ) ;
#2862 = ORIENTED_EDGE ( 'NONE', *, *, #3418, .F. ) ;
#2863 = CARTESIAN_POINT ( 'NONE',  ( 5.199999999999999289, -0.6999999999999998446, 0.1000000000000000056 ) ) ;
#2864 = CARTESIAN_POINT ( 'NONE',  ( 2.700000000000001510, -0.6500000000000000222, 0.1999999999999996503 ) ) ;
#2865 = EDGE_CURVE ( 'NONE', #580, #2489, #247, .T. ) ;
#2866 = CARTESIAN_POINT ( 'NONE',  ( 2.650000000000000799, 0.6500000000000000222, 0.09900000000000001854 ) ) ;
#2867 = CARTESIAN_POINT ( 'NONE',  ( -3.535533905932737309, 3.535533905932737309, 0.1500000000000000222 ) ) ;
#2868 = AXIS2_PLACEMENT_3D ( 'NONE', #797, #587, #868 ) ;
#2869 = FILL_AREA_STYLE ('',( #3395 ) ) ;
#2870 = ORIENTED_EDGE ( 'NONE', *, *, #1195, .F. ) ;
#2871 = VECTOR ( 'NONE', #1825, 1000.000000000000000 ) ;
#2872 = CARTESIAN_POINT ( 'NONE',  ( -3.035533905932761733, -3.535533905932737309, 0.1000000000000000056 ) ) ;
#2873 = ORIENTED_EDGE ( 'NONE', *, *, #567, .T. ) ;
#2874 = LINE ( 'NONE', #908, #2566 ) ;
#2875 = FACE_OUTER_BOUND ( 'NONE', #1001, .T. ) ;
#2876 = VECTOR ( 'NONE', #886, 1000.000000000000227 ) ;
#2877 = DIRECTION ( 'NONE',  ( -1.000000000000000000, 0.0000000000000000000, 0.0000000000000000000 ) ) ;
#2878 = DIRECTION ( 'NONE',  ( -0.0000000000000000000, -0.0000000000000000000, -1.000000000000000000 ) ) ;
#2879 = CARTESIAN_POINT ( 'NONE',  ( -5.200000000000001066, -5.200000000000001066, 0.1000000000000000056 ) ) ;
#2880 = CARTESIAN_POINT ( 'NONE',  ( 0.0000000000000000000, 0.0000000000000000000, 0.8999999999999996891 ) ) ;
#2881 = PRESENTATION_LAYER_ASSIGNMENT (  '', '', ( #882 ) ) ;
#2882 = VERTEX_POINT ( 'NONE', #3300 ) ;
#2883 =( NAMED_UNIT ( * ) SI_UNIT ( $, .STERADIAN. ) SOLID_ANGLE_UNIT ( ) );
#2884 = VECTOR ( 'NONE', #2177, 1000.000000000000000 ) ;
#2885 =( NAMED_UNIT ( * ) SI_UNIT ( $, .STERADIAN. ) SOLID_ANGLE_UNIT ( ) );
#2886 = DIRECTION ( 'NONE',  ( -0.0000000000000000000, -0.0000000000000000000, -1.000000000000000000 ) ) ;
#2887 = CIRCLE ( 'NONE', #2142, 0.1000000000000005884 ) ;
#2888 = CARTESIAN_POINT ( 'NONE',  ( 0.0000000000000000000, -3.368819940857715439E-16, 10.41000000000000014 ) ) ;
#2889 = VECTOR ( 'NONE', #1016, 1000.000000000000000 ) ;
#2890 = DIRECTION ( 'NONE',  ( -0.0000000000000000000, -0.0000000000000000000, 1.000000000000000000 ) ) ;
#2891 = EDGE_CURVE ( 'NONE', #3066, #2515, #2672, .T. ) ;
#2892 = EDGE_CURVE ( 'NONE', #1690, #1744, #3299, .T. ) ;
#2893 = CARTESIAN_POINT ( 'NONE',  ( 2.350000000000000089, 0.0000000000000000000, 0.09900000000000001854 ) ) ;
#2894 = AXIS2_PLACEMENT_3D ( 'NONE', #273, #1381, #1118 ) ;
#2895 = ORIENTED_EDGE ( 'NONE', *, *, #1688, .T. ) ;
#2896 = SURFACE_STYLE_FILL_AREA ( #1822 ) ;
#2897 = EDGE_LOOP ( 'NONE', ( #2238, #2952 ) ) ;
#2898 = DIRECTION ( 'NONE',  ( -0.0000000000000000000, -0.0000000000000000000, 1.000000000000000000 ) ) ;
#2899 = ORIENTED_EDGE ( 'NONE', *, *, #1435, .F. ) ;
#2900 = DIRECTION ( 'NONE',  ( 1.000000000000000000, -0.0000000000000000000, 0.0000000000000000000 ) ) ;
#2901 = LINE ( 'NONE', #2530, #866 ) ;
#2902 = LINE ( 'NONE', #2359, #792 ) ;
#2903 = DIRECTION ( 'NONE',  ( -0.0000000000000000000, -0.0000000000000000000, 1.000000000000000000 ) ) ;
#2904 = VERTEX_POINT ( 'NONE', #263 ) ;
#2905 = PLANE ( 'NONE',  #2542 ) ;
#2906 = DIRECTION ( 'NONE',  ( -0.0000000000000000000, -0.0000000000000000000, 1.000000000000000000 ) ) ;
#2907 = PLANE ( 'NONE',  #597 ) ;
#2908 = FACE_OUTER_BOUND ( 'NONE', #74, .T. ) ;
#2909 = PLANE ( 'NONE',  #576 ) ;
#2910 = MECHANICAL_DESIGN_GEOMETRIC_PRESENTATION_REPRESENTATION (  '', ( #3201 ), #2791 ) ;
#2911 = LINE ( 'NONE', #1315, #3034 ) ;
#2912 = VERTEX_POINT ( 'NONE', #808 ) ;
#2913 = SURFACE_SIDE_STYLE ('',( #2896 ) ) ;
#2914 = VERTEX_POINT ( 'NONE', #511 ) ;
#2915 = EDGE_CURVE ( 'NONE', #1568, #2752, #1581, .T. ) ;
#2916 = CARTESIAN_POINT ( 'NONE',  ( -2.649999999999999911, -0.6500000000000000222, 0.6000000000000005329 ) ) ;
#2917 = ORIENTED_EDGE ( 'NONE', *, *, #875, .F. ) ;
#2918 = MECHANICAL_DESIGN_GEOMETRIC_PRESENTATION_REPRESENTATION (  '', ( #1312 ), #3370 ) ;
#2919 = EDGE_LOOP ( 'NONE', ( #1117, #1301, #2246, #635 ) ) ;
#2920 = EDGE_CURVE ( 'NONE', #2568, #2109, #66, .T. ) ;
#2921 = CARTESIAN_POINT ( 'NONE',  ( 0.0000000000000000000, -4.857469577113270098, 3.257240873133980585 ) ) ;
#2922 = AXIS2_PLACEMENT_3D ( 'NONE', #2157, #3313, #2226 ) ;
#2923 =( NAMED_UNIT ( * ) PLANE_ANGLE_UNIT ( ) SI_UNIT ( $, .RADIAN. ) );
#2924 = CARTESIAN_POINT ( 'NONE',  ( -4.035533905932812360, 3.535533905932737309, 0.1000000000000000056 ) ) ;
#2925 = CARTESIAN_POINT ( 'NONE',  ( 4.035533905932711995, -3.535533905932836340, 0.1500000000000000222 ) ) ;
#2926 = ORIENTED_EDGE ( 'NONE', *, *, #1899, .T. ) ;
#2927 = CARTESIAN_POINT ( 'NONE',  ( 2.649999999999999911, -0.6500000000000000222, 0.09900000000000001854 ) ) ;
#2928 = CARTESIAN_POINT ( 'NONE',  ( 1.799999999999999156, -0.6999999999999997335, 0.2500000000000000000 ) ) ;
#2929 = VERTEX_POINT ( 'NONE', #2704 ) ;
#2930 = SURFACE_STYLE_USAGE ( .BOTH. , #139 ) ;
#2931 = VERTEX_POINT ( 'NONE', #2725 ) ;
#2932 = DIRECTION ( 'NONE',  ( 0.0000000000000000000, 1.000000000000000000, 0.0000000000000000000 ) ) ;
#2933 = EDGE_CURVE ( 'NONE', #2035, #2232, #2381, .T. ) ;
#2934 = ORIENTED_EDGE ( 'NONE', *, *, #3466, .F. ) ;
#2935 = EDGE_LOOP ( 'NONE', ( #2817, #2206, #812, #3111 ) ) ;
#2936 = AXIS2_PLACEMENT_3D ( 'NONE', #335, #1439, #692 ) ;
#2937 = DIRECTION ( 'NONE',  ( -0.0000000000000000000, -1.000000000000000000, -0.0000000000000000000 ) ) ;
#2938 = FACE_OUTER_BOUND ( 'NONE', #1855, .T. ) ;
#2939 = EDGE_CURVE ( 'NONE', #2210, #1552, #3536, .T. ) ;
#2940 = PRESENTATION_LAYER_ASSIGNMENT (  '', '', ( #2470 ) ) ;
#2941 = DIRECTION ( 'NONE',  ( 8.673617379884036705E-17, -1.000000000000000000, -0.0000000000000000000 ) ) ;
#2942 = DIRECTION ( 'NONE',  ( 1.000000000000000000, 0.0000000000000000000, 0.0000000000000000000 ) ) ;
#2943 = ORIENTED_EDGE ( 'NONE', *, *, #3085, .T. ) ;
#2944 = SURFACE_STYLE_FILL_AREA ( #1542 ) ;
#2945 = AXIS2_PLACEMENT_3D ( 'NONE', #3389, #927, #3357 ) ;
#2946 = LINE ( 'NONE', #3214, #419 ) ;
#2947 = CARTESIAN_POINT ( 'NONE',  ( -2.700000000000001510, -0.6500000000000000222, -9.215718466126787689E-16 ) ) ;
#2948 = PRESENTATION_LAYER_ASSIGNMENT (  '', '', ( #590 ) ) ;
#2949 = MECHANICAL_DESIGN_GEOMETRIC_PRESENTATION_REPRESENTATION (  '', ( #2020 ), #1451 ) ;
#2950 = SURFACE_SIDE_STYLE ('',( #1035 ) ) ;
#2951 = CARTESIAN_POINT ( 'NONE',  ( -2.350000000000000089, 0.6500000000000000222, 0.2500000000000000000 ) ) ;
#2952 = ORIENTED_EDGE ( 'NONE', *, *, #3512, .F. ) ;
#2953 = LINE ( 'NONE', #2098, #3525 ) ;
#2954 = MECHANICAL_DESIGN_GEOMETRIC_PRESENTATION_REPRESENTATION (  '', ( #2482 ), #1862 ) ;
#2955 = FACE_OUTER_BOUND ( 'NONE', #277, .T. ) ;
#2956 = VECTOR ( 'NONE', #1754, 1000.000000000000000 ) ;
#2957 = EDGE_LOOP ( 'NONE', ( #150, #1462, #2789, #1307 ) ) ;
#2958 = LINE ( 'NONE', #1863, #3171 ) ;
#2959 = AXIS2_PLACEMENT_3D ( 'NONE', #951, #3059, #2810 ) ;
#2960 = AXIS2_PLACEMENT_3D ( 'NONE', #3116, #3386, #1703 ) ;
#2961 = EDGE_CURVE ( 'NONE', #1698, #2627, #3266, .T. ) ;
#2962 = PRESENTATION_STYLE_ASSIGNMENT (( #2980 ) ) ;
#2963 =( NAMED_UNIT ( * ) SI_UNIT ( $, .STERADIAN. ) SOLID_ANGLE_UNIT ( ) );
#2964 = LINE ( 'NONE', #1596, #3255 ) ;
#2965 = PRESENTATION_STYLE_ASSIGNMENT (( #1577 ) ) ;
#2966 = ORIENTED_EDGE ( 'NONE', *, *, #3136, .F. ) ;
#2967 = EDGE_CURVE ( 'NONE', #1442, #327, #2657, .T. ) ;
#2968 = ADVANCED_FACE ( 'NONE', ( #2400 ), #111, .T. ) ;
#2969 = AXIS2_PLACEMENT_3D ( 'NONE', #3325, #1956, #1380 ) ;
#2970 =( NAMED_UNIT ( * ) PLANE_ANGLE_UNIT ( ) SI_UNIT ( $, .RADIAN. ) );
#2971 = DIRECTION ( 'NONE',  ( 8.673617379884036705E-17, -1.000000000000000000, -0.0000000000000000000 ) ) ;
#2972 = FILL_AREA_STYLE_COLOUR ( '', #2171 ) ;
#2973 = DIRECTION ( 'NONE',  ( -1.000000000000000000, 0.0000000000000000000, 0.0000000000000000000 ) ) ;
#2974 = ORIENTED_EDGE ( 'NONE', *, *, #1671, .F. ) ;
#2975 = AXIS2_PLACEMENT_3D ( 'NONE', #305, #3552, #2184 ) ;
#2976 = DIRECTION ( 'NONE',  ( 0.0000000000000000000, 1.000000000000000000, -0.0000000000000000000 ) ) ;
#2977 = DIRECTION ( 'NONE',  ( -0.0000000000000000000, -0.0000000000000000000, -1.000000000000000000 ) ) ;
#2978 = ORIENTED_EDGE ( 'NONE', *, *, #1466, .T. ) ;
#2979 = DIRECTION ( 'NONE',  ( -0.7071067811865479058, 0.7071067811865472397, 0.0000000000000000000 ) ) ;
#2980 = SURFACE_STYLE_USAGE ( .BOTH. , #244 ) ;
#2981 =( GEOMETRIC_REPRESENTATION_CONTEXT ( 3 ) GLOBAL_UNCERTAINTY_ASSIGNED_CONTEXT ( ( #414 ) ) GLOBAL_UNIT_ASSIGNED_CONTEXT ( ( #365, #2056, #1490 ) ) REPRESENTATION_CONTEXT ( 'NONE', 'WORKASPACE' ) );
#2982 = PRESENTATION_STYLE_ASSIGNMENT (( #1078 ) ) ;
#2983 = DIRECTION ( 'NONE',  ( -0.0000000000000000000, 1.224646799147353207E-16, -1.000000000000000000 ) ) ;
#2984 = ADVANCED_FACE ( 'NONE', ( #547 ), #193, .F. ) ;
#2985 = DIRECTION ( 'NONE',  ( 0.0000000000000000000, 1.000000000000000000, 1.224646799147353207E-16 ) ) ;
#2986 = FILL_AREA_STYLE_COLOUR ( '', #3175 ) ;
#2987 = DIRECTION ( 'NONE',  ( 1.000000000000000000, -0.0000000000000000000, -0.0000000000000000000 ) ) ;
#2988 = LINE ( 'NONE', #2153, #1902 ) ;
#2989 = EDGE_CURVE ( 'NONE', #2031, #2104, #830, .T. ) ;
#2990 = LINE ( 'NONE', #1296, #3433 ) ;
#2991 = VERTEX_POINT ( 'NONE', #2481 ) ;
#2992 = VECTOR ( 'NONE', #1786, 1000.000000000000000 ) ;
#2993 = CYLINDRICAL_SURFACE ( 'NONE', #3515, 5.049999999999999822 ) ;
#2994 = EDGE_LOOP ( 'NONE', ( #408, #2221, #1823, #932 ) ) ;
#2995 = LINE ( 'NONE', #768, #2884 ) ;
#2996 = PRESENTATION_LAYER_ASSIGNMENT (  '', '', ( #1792 ) ) ;
#2997 = CYLINDRICAL_SURFACE ( 'NONE', #2346, 4.500000000000002665 ) ;
#2998 = PRESENTATION_STYLE_ASSIGNMENT (( #1632 ) ) ;
#2999 = COLOUR_RGB ( '',0.8941176470588234615, 0.9137254901960784048, 0.9294117647058823817 ) ;
#3000 = FILL_AREA_STYLE_COLOUR ( '', #1569 ) ;
#3001 = LINE ( 'NONE', #2167, #1800 ) ;
#3002 = FILL_AREA_STYLE_COLOUR ( '', #61 ) ;
#3003 = CARTESIAN_POINT ( 'NONE',  ( -4.700000000000001954, -3.368819940857715439E-16, 10.41000000000000014 ) ) ;
#3004 = FILL_AREA_STYLE ('',( #2972 ) ) ;
#3005 = SURFACE_STYLE_USAGE ( .BOTH. , #1906 ) ;
#3006 = EDGE_LOOP ( 'NONE', ( #160, #841 ) ) ;
#3007 =( NAMED_UNIT ( * ) PLANE_ANGLE_UNIT ( ) SI_UNIT ( $, .RADIAN. ) );
#3008 = AXIS2_PLACEMENT_3D ( 'NONE', #2550, #1199, #3142 ) ;
#3009 = EDGE_CURVE ( 'NONE', #1243, #3167, #860, .T. ) ;
#3010 = ORIENTED_EDGE ( 'NONE', *, *, #2145, .F. ) ;
#3011 = VECTOR ( 'NONE', #2900, 1000.000000000000000 ) ;
#3012 = VERTEX_POINT ( 'NONE', #12 ) ;
#3013 = CARTESIAN_POINT ( 'NONE',  ( 3.199999999999999734, 5.199999999999999289, 2.100000000000000089 ) ) ;
#3014 = CIRCLE ( 'NONE', #480, 5.000000000000002665 ) ;
#3015 = AXIS2_PLACEMENT_3D ( 'NONE', #1723, #2551, #2783 ) ;
#3016 = AXIS2_PLACEMENT_3D ( 'NONE', #3289, #2173, #1073 ) ;
#3017 = ORIENTED_EDGE ( 'NONE', *, *, #3418, .T. ) ;
#3018 =( GEOMETRIC_REPRESENTATION_CONTEXT ( 3 ) GLOBAL_UNCERTAINTY_ASSIGNED_CONTEXT ( ( #343 ) ) GLOBAL_UNIT_ASSIGNED_CONTEXT ( ( #2509, #3366, #2527 ) ) REPRESENTATION_CONTEXT ( 'NONE', 'WORKASPACE' ) );
#3019 = DIRECTION ( 'NONE',  ( -1.000000000000000000, 0.0000000000000000000, -0.0000000000000000000 ) ) ;
#3020 = CARTESIAN_POINT ( 'NONE',  ( -2.000000000000002665, 5.199999999999999289, 0.8999999999999996891 ) ) ;
#3021 = DIRECTION ( 'NONE',  ( 0.0000000000000000000, 0.0000000000000000000, 1.000000000000000000 ) ) ;
#3022 = ORIENTED_EDGE ( 'NONE', *, *, #1709, .T. ) ;
#3023 = CYLINDRICAL_SURFACE ( 'NONE', #1945, 5.000000000000002665 ) ;
#3024 = ORIENTED_EDGE ( 'NONE', *, *, #1578, .F. ) ;
#3025 = PLANE ( 'NONE',  #599 ) ;
#3026 = CARTESIAN_POINT ( 'NONE',  ( 4.035533905932711995, -3.535533905932836340, 0.1500000000000000222 ) ) ;
#3027 = VERTEX_POINT ( 'NONE', #623 ) ;
#3028 = EDGE_CURVE ( 'NONE', #1953, #2541, #1718, .T. ) ;
#3029 = DIRECTION ( 'NONE',  ( 0.0000000000000000000, 0.0000000000000000000, -1.000000000000000000 ) ) ;
#3030 = AXIS2_PLACEMENT_3D ( 'NONE', #1540, #2084, #1789 ) ;
#3031 = ADVANCED_FACE ( 'NONE', ( #2526 ), #2758, .F. ) ;
#3032 = ORIENTED_EDGE ( 'NONE', *, *, #1354, .T. ) ;
#3033 =( NAMED_UNIT ( * ) PLANE_ANGLE_UNIT ( ) SI_UNIT ( $, .RADIAN. ) );
#3034 = VECTOR ( 'NONE', #1891, 1000.000000000000000 ) ;
#3035 = MANIFOLD_SOLID_BREP ( '???????-????????3', #2269 ) ;
#3036 = DIRECTION ( 'NONE',  ( -0.0000000000000000000, 0.0000000000000000000, 1.000000000000000000 ) ) ;
#3037 = SURFACE_STYLE_USAGE ( .BOTH. , #2436 ) ;
#3038 = AXIS2_PLACEMENT_3D ( 'NONE', #1121, #256, #3291 ) ;
#3039 = PRESENTATION_STYLE_ASSIGNMENT (( #778 ) ) ;
#3040 = EDGE_LOOP ( 'NONE', ( #3396, #551, #2047, #1878 ) ) ;
#3041 = VECTOR ( 'NONE', #2534, 1000.000000000000000 ) ;
#3042 = CARTESIAN_POINT ( 'NONE',  ( -2.350000000000000089, 0.6500000000000000222, 0.5999999999999998668 ) ) ;
#3043 = PLANE ( 'NONE',  #1784 ) ;
#3044 = EDGE_LOOP ( 'NONE', ( #348, #1623, #2042, #2587 ) ) ;
#3045 = DIRECTION ( 'NONE',  ( 0.0000000000000000000, 0.0000000000000000000, 1.000000000000000000 ) ) ;
#3046 = DIRECTION ( 'NONE',  ( 6.672013369141566203E-16, -1.000000000000000000, 0.0000000000000000000 ) ) ;
#3047 = ORIENTED_EDGE ( 'NONE', *, *, #1671, .T. ) ;
#3048 = CARTESIAN_POINT ( 'NONE',  ( -2.600000000000000533, 0.6500000000000000222, 0.5999999999999998668 ) ) ;
#3049 = ADVANCED_FACE ( 'NONE', ( #2250 ), #1337, .T. ) ;
#3050 = LINE ( 'NONE', #1650, #3556 ) ;
#3051 = SURFACE_SIDE_STYLE ('',( #789 ) ) ;
#3052 = ORIENTED_EDGE ( 'NONE', *, *, #564, .F. ) ;
#3053 = CIRCLE ( 'NONE', #3062, 0.5000000000000746070 ) ;
#3054 = FILL_AREA_STYLE ('',( #1389 ) ) ;
#3055 = EDGE_CURVE ( 'NONE', #2825, #1012, #878, .T. ) ;
#3056 = VECTOR ( 'NONE', #2611, 1000.000000000000000 ) ;
#3057 = PLANE ( 'NONE',  #2960 ) ;
#3058 = ORIENTED_EDGE ( 'NONE', *, *, #921, .T. ) ;
#3059 = DIRECTION ( 'NONE',  ( 0.0000000000000000000, 0.0000000000000000000, 1.000000000000000000 ) ) ;
#3060 =( LENGTH_UNIT ( ) NAMED_UNIT ( * ) SI_UNIT ( .MILLI., .METRE. ) );
#3061 = CARTESIAN_POINT ( 'NONE',  ( -2.000000000000001776, -4.637078821844630383, 0.8999999999999996891 ) ) ;
#3062 = AXIS2_PLACEMENT_3D ( 'NONE', #502, #3217, #2658 ) ;
#3063 = LINE ( 'NONE', #223, #3041 ) ;
#3064 = DIRECTION ( 'NONE',  ( -0.0000000000000000000, 1.224646799147353207E-16, -1.000000000000000000 ) ) ;
#3065 = ORIENTED_EDGE ( 'NONE', *, *, #1435, .T. ) ;
#3066 = VERTEX_POINT ( 'NONE', #2272 ) ;
#3067 = DIRECTION ( 'NONE',  ( -0.0000000000000000000, 1.224646799147353207E-16, -1.000000000000000000 ) ) ;
#3068 = AXIS2_PLACEMENT_3D ( 'NONE', #3244, #2979, #188 ) ;
#3069 = MECHANICAL_DESIGN_GEOMETRIC_PRESENTATION_REPRESENTATION (  '', ( #594 ), #2721 ) ;
#3070 = PRESENTATION_STYLE_ASSIGNMENT (( #79 ) ) ;
#3071 = LINE ( 'NONE', #913, #475 ) ;
#3072 = ORIENTED_EDGE ( 'NONE', *, *, #2145, .T. ) ;
#3073 = CARTESIAN_POINT ( 'NONE',  ( -4.035533905932910059, -3.535533905932737309, 0.1500000000000000222 ) ) ;
#3074 = DIRECTION ( 'NONE',  ( 0.0000000000000000000, 0.0000000000000000000, -1.000000000000000000 ) ) ;
#3075 = DIRECTION ( 'NONE',  ( -1.000000000000000000, 0.0000000000000000000, 0.0000000000000000000 ) ) ;
#3076 = ADVANCED_FACE ( 'NONE', ( #911 ), #1999, .F. ) ;
#3077 = LINE ( 'NONE', #589, #1974 ) ;
#3078 = DIRECTION ( 'NONE',  ( 0.0000000000000000000, -1.000000000000000000, 0.0000000000000000000 ) ) ;
#3079 = VECTOR ( 'NONE', #1430, 999.9999999999998863 ) ;
#3080 = ORIENTED_EDGE ( 'NONE', *, *, #1413, .T. ) ;
#3081 = DIRECTION ( 'NONE',  ( 1.000000000000000000, 0.0000000000000000000, 0.0000000000000000000 ) ) ;
#3082 = AXIS2_PLACEMENT_3D ( 'NONE', #97, #1965, #896 ) ;
#3083 = EDGE_LOOP ( 'NONE', ( #742, #2124, #2554, #1350, #3504 ) ) ;
#3084 = EDGE_LOOP ( 'NONE', ( #1046, #2815, #864, #2673 ) ) ;
#3085 = EDGE_CURVE ( 'NONE', #3140, #2510, #3187, .T. ) ;
#3086 = LINE ( 'NONE', #51, #566 ) ;
#3087 = CARTESIAN_POINT ( 'NONE',  ( -2.404196010845020215, -0.6500000000000000222, 0.2500000000000000000 ) ) ;
#3088 = DIRECTION ( 'NONE',  ( 0.0000000000000000000, 1.000000000000000000, 0.0000000000000000000 ) ) ;
#3089 = ORIENTED_EDGE ( 'NONE', *, *, #283, .F. ) ;
#3090 = ORIENTED_EDGE ( 'NONE', *, *, #1465, .F. ) ;
#3091 = VECTOR ( 'NONE', #1422, 1000.000000000000000 ) ;
#3092 = DIRECTION ( 'NONE',  ( -6.672013369141566203E-16, -1.000000000000000000, 0.0000000000000000000 ) ) ;
#3093 = DIRECTION ( 'NONE',  ( -0.0000000000000000000, -0.0000000000000000000, -1.000000000000000000 ) ) ;
#3094 = ORIENTED_EDGE ( 'NONE', *, *, #2865, .F. ) ;
#3095 = CARTESIAN_POINT ( 'NONE',  ( 0.0000000000000000000, 5.000000000000000888, 10.10000000000000142 ) ) ;
#3096 = SURFACE_STYLE_USAGE ( .BOTH. , #2464 ) ;
#3097 = FACE_OUTER_BOUND ( 'NONE', #2730, .T. ) ;
#3098 = VERTEX_POINT ( 'NONE', #2921 ) ;
#3099 = CARTESIAN_POINT ( 'NONE',  ( -5.499999999999999112, 0.6500000000000000222, 0.2000000000000003719 ) ) ;
#3100 =( NAMED_UNIT ( * ) PLANE_ANGLE_UNIT ( ) SI_UNIT ( $, .RADIAN. ) );
#3101 = EDGE_CURVE ( 'NONE', #1729, #607, #453, .T. ) ;
#3102 = CYLINDRICAL_SURFACE ( 'NONE', #1231, 0.5000000000000750511 ) ;
#3103 = VECTOR ( 'NONE', #2977, 1000.000000000000000 ) ;
#3104 = CARTESIAN_POINT ( 'NONE',  ( -2.000000000000001776, -5.200000000000001954, 2.100000000000000089 ) ) ;
#3105 = ORIENTED_EDGE ( 'NONE', *, *, #1651, .T. ) ;
#3106 = ORIENTED_EDGE ( 'NONE', *, *, #3055, .F. ) ;
#3107 = ADVANCED_FACE ( 'NONE', ( #2647 ), #2380, .T. ) ;
#3108 = EDGE_CURVE ( 'NONE', #2991, #1217, #3407, .T. ) ;
#3109 = DIRECTION ( 'NONE',  ( -0.0000000000000000000, -0.0000000000000000000, 1.000000000000000000 ) ) ;
#3110 = CARTESIAN_POINT ( 'NONE',  ( -5.199999999999999289, 0.7000000000000016209, 0.1000000000000000056 ) ) ;
#3111 = ORIENTED_EDGE ( 'NONE', *, *, #2092, .T. ) ;
#3112 = VERTEX_POINT ( 'NONE', #1500 ) ;
#3113 = ADVANCED_FACE ( 'NONE', ( #1520 ), #2592, .T. ) ;
#3114 = AXIS2_PLACEMENT_3D ( 'NONE', #83, #2845, #1425 ) ;
#3115 = CARTESIAN_POINT ( 'NONE',  ( -2.700000000000001510, -0.6500000000000000222, 0.1999999999999996503 ) ) ;
#3116 = CARTESIAN_POINT ( 'NONE',  ( -2.700000000000001510, -0.6500000000000000222, 0.2999999999999997113 ) ) ;
#3117 = ORIENTED_EDGE ( 'NONE', *, *, #3554, .F. ) ;
#3118 = VECTOR ( 'NONE', #27, 1000.000000000000000 ) ;
#3119 = COLOUR_RGB ( '',0.8941176470588234615, 0.9137254901960784048, 0.9294117647058823817 ) ;
#3120 = PLANE ( 'NONE',  #2 ) ;
#3121 = UNCERTAINTY_MEASURE_WITH_UNIT (LENGTH_MEASURE( 1.000000000000000082E-05 ), #2826, 'distance_accuracy_value', 'NONE');
#3122 = PRESENTATION_STYLE_ASSIGNMENT (( #50 ) ) ;
#3123 = AXIS2_PLACEMENT_3D ( 'NONE', #2302, #3139, #2037 ) ;
#3124 = CARTESIAN_POINT ( 'NONE',  ( 0.0000000000000000000, -1.163414459189985682E-15, 10.10000000000000142 ) ) ;
#3125 = CARTESIAN_POINT ( 'NONE',  ( 3.199999999999997957, -5.200000000000002842, 2.100000000000000089 ) ) ;
#3126 = EDGE_CURVE ( 'NONE', #1025, #57, #2958, .T. ) ;
#3127 = FILL_AREA_STYLE_COLOUR ( '', #971 ) ;
#3128 = VERTEX_POINT ( 'NONE', #787 ) ;
#3129 = ORIENTED_EDGE ( 'NONE', *, *, #470, .T. ) ;
#3130 = LINE ( 'NONE', #675, #874 ) ;
#3131 = EDGE_CURVE ( 'NONE', #2752, #1568, #1687, .T. ) ;
#3132 = ORIENTED_EDGE ( 'NONE', *, *, #283, .T. ) ;
#3133 = ORIENTED_EDGE ( 'NONE', *, *, #3245, .F. ) ;
#3134 = CARTESIAN_POINT ( 'NONE',  ( 2.400000000000000355, -0.6500000000000000222, 0.2999999999999996003 ) ) ;
#3135 = AXIS2_PLACEMENT_3D ( 'NONE', #1220, #2580, #3372 ) ;
#3136 = EDGE_CURVE ( 'NONE', #1455, #859, #1026, .T. ) ;
#3137 = PRESENTATION_LAYER_ASSIGNMENT (  '', '', ( #1134 ) ) ;
#3138 =( NAMED_UNIT ( * ) PLANE_ANGLE_UNIT ( ) SI_UNIT ( $, .RADIAN. ) );
#3139 = DIRECTION ( 'NONE',  ( 1.000000000000000000, 8.673617379884036705E-17, -0.0000000000000000000 ) ) ;
#3140 = VERTEX_POINT ( 'NONE', #3481 ) ;
#3141 = VECTOR ( 'NONE', #1575, 1000.000000000000000 ) ;
#3142 = DIRECTION ( 'NONE',  ( 0.0000000000000000000, -0.0000000000000000000, 1.000000000000000000 ) ) ;
#3143 = PLANE ( 'NONE',  #1169 ) ;
#3144 = AXIS2_PLACEMENT_3D ( 'NONE', #728, #1259, #463 ) ;
#3145 = ORIENTED_EDGE ( 'NONE', *, *, #900, .F. ) ;
#3146 = AXIS2_PLACEMENT_3D ( 'NONE', #2319, #1804, #3511 ) ;
#3147 = ORIENTED_EDGE ( 'NONE', *, *, #427, .F. ) ;
#3148 = DIRECTION ( 'NONE',  ( -3.188829919075013114E-17, 1.000000000000000000, 0.0000000000000000000 ) ) ;
#3149 = CIRCLE ( 'NONE', #264, 0.3000000000000005440 ) ;
#3150 = ORIENTED_EDGE ( 'NONE', *, *, #3265, .F. ) ;
#3151 = EDGE_CURVE ( 'NONE', #1260, #2757, #2597, .T. ) ;
#3152 = LINE ( 'NONE', #3073, #2344 ) ;
#3153 = MECHANICAL_DESIGN_GEOMETRIC_PRESENTATION_REPRESENTATION (  '', ( #2524 ), #3445 ) ;
#3154 = UNCERTAINTY_MEASURE_WITH_UNIT (LENGTH_MEASURE( 1.000000000000000082E-05 ), #2039, 'distance_accuracy_value', 'NONE');
#3155 = PLANE ( 'NONE',  #3030 ) ;
#3156 = DIRECTION ( 'NONE',  ( 2.516897900412780756E-16, -0.0000000000000000000, 1.000000000000000000 ) ) ;
#3157 = EDGE_LOOP ( 'NONE', ( #3560, #1565, #1512, #2620 ) ) ;
#3158 = EDGE_CURVE ( 'NONE', #2466, #28, #2683, .T. ) ;
#3159 =( NAMED_UNIT ( * ) PLANE_ANGLE_UNIT ( ) SI_UNIT ( $, .RADIAN. ) );
#3160 = CARTESIAN_POINT ( 'NONE',  ( -2.700000000000001510, -0.6500000000000000222, 0.1999999999999996503 ) ) ;
#3161 = AXIS2_PLACEMENT_3D ( 'NONE', #1166, #2567, #1743 ) ;
#3162 = DIRECTION ( 'NONE',  ( 0.0000000000000000000, 0.0000000000000000000, -1.000000000000000000 ) ) ;
#3163 = ORIENTED_EDGE ( 'NONE', *, *, #1054, .T. ) ;
#3164 = AXIS2_PLACEMENT_3D ( 'NONE', #3479, #3462, #2158 ) ;
#3165 = VERTEX_POINT ( 'NONE', #2397 ) ;
#3166 = SURFACE_SIDE_STYLE ('',( #2335 ) ) ;
#3167 = VERTEX_POINT ( 'NONE', #2105 ) ;
#3168 = ADVANCED_FACE ( 'NONE', ( #2141 ), #1612, .F. ) ;
#3169 = DIRECTION ( 'NONE',  ( -1.000000000000000000, -1.776356839400250465E-15, 0.0000000000000000000 ) ) ;
#3170 = VERTEX_POINT ( 'NONE', #3209 ) ;
#3171 = VECTOR ( 'NONE', #2735, 1000.000000000000000 ) ;
#3172 = EDGE_CURVE ( 'NONE', #2372, #43, #1302, .T. ) ;
#3173 = PLANE ( 'NONE',  #717 ) ;
#3174 = DIRECTION ( 'NONE',  ( -0.0000000000000000000, 1.224646799147353207E-16, -1.000000000000000000 ) ) ;
#3175 = COLOUR_RGB ( '',0.1254901960784313708, 0.1254901960784313708, 0.1254901960784313708 ) ;
#3176 = AXIS2_PLACEMENT_3D ( 'NONE', #1257, #954, #1274 ) ;
#3177 = FACE_OUTER_BOUND ( 'NONE', #3044, .T. ) ;
#3178 = EDGE_CURVE ( 'NONE', #1706, #3524, #3503, .T. ) ;
#3179 = CARTESIAN_POINT ( 'NONE',  ( -4.035533905932910059, -3.535533905932737309, 0.1500000000000000222 ) ) ;
#3180 = VERTEX_POINT ( 'NONE', #227 ) ;
#3181 = CIRCLE ( 'NONE', #1923, 0.3000000000000005440 ) ;
#3182 = DIRECTION ( 'NONE',  ( -4.065758146820640641E-16, -1.000000000000000000, 0.0000000000000000000 ) ) ;
#3183 = EDGE_LOOP ( 'NONE', ( #3132, #52, #84, #163 ) ) ;
#3184 = DIRECTION ( 'NONE',  ( 0.0000000000000000000, 0.0000000000000000000, -1.000000000000000000 ) ) ;
#3185 = ORIENTED_EDGE ( 'NONE', *, *, #795, .T. ) ;
#3186 = ORIENTED_EDGE ( 'NONE', *, *, #1265, .F. ) ;
#3187 = LINE ( 'NONE', #3134, #1007 ) ;
#3188 = VECTOR ( 'NONE', #1677, 1000.000000000000000 ) ;
#3189 =( LENGTH_UNIT ( ) NAMED_UNIT ( * ) SI_UNIT ( .MILLI., .METRE. ) );
#3190 = CARTESIAN_POINT ( 'NONE',  ( -1.800000000000000044, -0.6999999999999992895, 0.1000000000000000056 ) ) ;
#3191 = UNCERTAINTY_MEASURE_WITH_UNIT (LENGTH_MEASURE( 1.000000000000000082E-05 ), #740, 'distance_accuracy_value', 'NONE');
#3192 = DIRECTION ( 'NONE',  ( -0.0000000000000000000, -0.0000000000000000000, -1.000000000000000000 ) ) ;
#3193 = ORIENTED_EDGE ( 'NONE', *, *, #2540, .F. ) ;
#3194 = STYLED_ITEM ( 'NONE', ( #1673 ), #171 ) ;
#3195 =( NAMED_UNIT ( * ) SI_UNIT ( $, .STERADIAN. ) SOLID_ANGLE_UNIT ( ) );
#3196 = DIRECTION ( 'NONE',  ( -0.0000000000000000000, -0.0000000000000000000, 1.000000000000000000 ) ) ;
#3197 = DIRECTION ( 'NONE',  ( 0.0000000000000000000, 0.0000000000000000000, -1.000000000000000000 ) ) ;
#3198 = EDGE_CURVE ( 'NONE', #1909, #2466, #3225, .T. ) ;
#3199 = DIRECTION ( 'NONE',  ( 0.0000000000000000000, 1.000000000000000000, 9.637352644315589080E-17 ) ) ;
#3200 = DIRECTION ( 'NONE',  ( 1.000000000000000000, -2.065146995210485188E-16, -0.0000000000000000000 ) ) ;
#3201 = STYLED_ITEM ( 'NONE', ( #2982 ), #397 ) ;
#3202 = CARTESIAN_POINT ( 'NONE',  ( 2.400000000000000355, 0.6500000000000000222, 0.2999999999999996003 ) ) ;
#3203 = ORIENTED_EDGE ( 'NONE', *, *, #2610, .F. ) ;
#3204 = DIRECTION ( 'NONE',  ( -1.224646799147353454E-16, 1.000000000000000000, 0.0000000000000000000 ) ) ;
#3205 = VERTEX_POINT ( 'NONE', #3532 ) ;
#3206 = EDGE_CURVE ( 'NONE', #2104, #327, #2995, .T. ) ;
#3207 = DIRECTION ( 'NONE',  ( 0.0000000000000000000, 0.0000000000000000000, 1.000000000000000000 ) ) ;
#3208 = ORIENTED_EDGE ( 'NONE', *, *, #3085, .F. ) ;
#3209 = CARTESIAN_POINT ( 'NONE',  ( 5.049999999999999822, -5.496167093406961571E-48, 1.099999999999999867 ) ) ;
#3210 = PRESENTATION_LAYER_ASSIGNMENT (  '', '', ( #2111 ) ) ;
#3211 = ORIENTED_EDGE ( 'NONE', *, *, #1899, .F. ) ;
#3212 = AXIS2_PLACEMENT_3D ( 'NONE', #1631, #2720, #733 ) ;
#3213 = DIRECTION ( 'NONE',  ( 1.000000000000000000, -0.0000000000000000000, 2.516897900412780756E-16 ) ) ;
#3214 = CARTESIAN_POINT ( 'NONE',  ( 1.999999999999997780, -5.200000000000001954, 0.8999999999999996891 ) ) ;
#3215 = CARTESIAN_POINT ( 'NONE',  ( 5.199999999999997513, 5.200000000000000178, 1.099999999999999867 ) ) ;
#3216 = DIRECTION ( 'NONE',  ( 0.0000000000000000000, 1.000000000000000000, 8.928123215378581621E-17 ) ) ;
#3217 = DIRECTION ( 'NONE',  ( 0.0000000000000000000, 0.0000000000000000000, -1.000000000000000000 ) ) ;
#3218 = LINE ( 'NONE', #1528, #2744 ) ;
#3219 = ORIENTED_EDGE ( 'NONE', *, *, #838, .T. ) ;
#3220 = EDGE_CURVE ( 'NONE', #3170, #3427, #3346, .T. ) ;
#3221 = FACE_OUTER_BOUND ( 'NONE', #1091, .T. ) ;
#3222 = CARTESIAN_POINT ( 'NONE',  ( 2.600000000000000533, 0.6500000000000000222, 0.5999999999999998668 ) ) ;
#3223 = EDGE_CURVE ( 'NONE', #2931, #3165, #243, .T. ) ;
#3224 = EDGE_CURVE ( 'NONE', #410, #897, #3014, .T. ) ;
#3225 = LINE ( 'NONE', #207, #2428 ) ;
#3226 = CARTESIAN_POINT ( 'NONE',  ( 3.035533905932663146, 3.535533905932637833, 0.1500000000000000222 ) ) ;
#3227 =( NAMED_UNIT ( * ) PLANE_ANGLE_UNIT ( ) SI_UNIT ( $, .RADIAN. ) );
#3228 = EDGE_CURVE ( 'NONE', #574, #1187, #2028, .T. ) ;
#3229 = CARTESIAN_POINT ( 'NONE',  ( -2.000000000000002665, 5.199999999999999289, 0.8999999999999996891 ) ) ;
#3230 = ORIENTED_EDGE ( 'NONE', *, *, #1460, .F. ) ;
#3231 = CARTESIAN_POINT ( 'NONE',  ( 1.999999999999997113, 5.199999999999999289, 1.099999999999999423 ) ) ;
#3232 = CARTESIAN_POINT ( 'NONE',  ( 5.499999999999999112, 0.6500000000000000222, 0.2000000000000003719 ) ) ;
#3233 = AXIS2_PLACEMENT_3D ( 'NONE', #3020, #1635, #548 ) ;
#3234 = AXIS2_PLACEMENT_3D ( 'NONE', #1844, #544, #1913 ) ;
#3235 = CARTESIAN_POINT ( 'NONE',  ( 2.400000000000000355, -0.6500000000000000222, 0.2999999999999996003 ) ) ;
#3236 = SURFACE_STYLE_FILL_AREA ( #2132 ) ;
#3237 = ORIENTED_EDGE ( 'NONE', *, *, #1292, .T. ) ;
#3238 = AXIS2_PLACEMENT_3D ( 'NONE', #2151, #266, #793 ) ;
#3239 = DIRECTION ( 'NONE',  ( -1.000000000000000000, 4.065758146820640641E-16, 0.0000000000000000000 ) ) ;
#3240 = DIRECTION ( 'NONE',  ( -1.000000000000000000, 0.0000000000000000000, -0.0000000000000000000 ) ) ;
#3241 = STYLED_ITEM ( 'NONE', ( #1015 ), #2535 ) ;
#3242 = VERTEX_POINT ( 'NONE', #3331 ) ;
#3243 = ORIENTED_EDGE ( 'NONE', *, *, #663, .F. ) ;
#3244 = CARTESIAN_POINT ( 'NONE',  ( 5.199999999999997513, -3.200000000000002398, 2.100000000000000089 ) ) ;
#3245 = EDGE_CURVE ( 'NONE', #1217, #2991, #1970, .T. ) ;
#3246 = FILL_AREA_STYLE_COLOUR ( '', #1359 ) ;
#3247 = DIRECTION ( 'NONE',  ( 0.0000000000000000000, 0.0000000000000000000, 1.000000000000000000 ) ) ;
#3248 = VERTEX_POINT ( 'NONE', #2477 ) ;
#3249 = ADVANCED_FACE ( 'NONE', ( #3393 ), #2377, .T. ) ;
#3250 = DIRECTION ( 'NONE',  ( 0.0000000000000000000, 1.000000000000000000, 0.0000000000000000000 ) ) ;
#3251 =( NAMED_UNIT ( * ) SI_UNIT ( $, .STERADIAN. ) SOLID_ANGLE_UNIT ( ) );
#3252 = LINE ( 'NONE', #3003, #665 ) ;
#3253 = DIRECTION ( 'NONE',  ( -0.0000000000000000000, -0.0000000000000000000, -1.000000000000000000 ) ) ;
#3254 = ORIENTED_EDGE ( 'NONE', *, *, #1244, .F. ) ;
#3255 = VECTOR ( 'NONE', #433, 1000.000000000000114 ) ;
#3256 = SURFACE_STYLE_FILL_AREA ( #1607 ) ;
#3257 =( GEOMETRIC_REPRESENTATION_CONTEXT ( 3 ) GLOBAL_UNCERTAINTY_ASSIGNED_CONTEXT ( ( #967 ) ) GLOBAL_UNIT_ASSIGNED_CONTEXT ( ( #245, #3227, #2963 ) ) REPRESENTATION_CONTEXT ( 'NONE', 'WORKASPACE' ) );
#3258 = CARTESIAN_POINT ( 'NONE',  ( 0.0000000000000000000, -1.163414459189985682E-15, 10.10000000000000142 ) ) ;
#3259 = CARTESIAN_POINT ( 'NONE',  ( 5.200000000000000178, 3.199999999999998845, 0.1000000000000000056 ) ) ;
#3260 = AXIS2_PLACEMENT_3D ( 'NONE', #2007, #2312, #904 ) ;
#3261 =( NAMED_UNIT ( * ) PLANE_ANGLE_UNIT ( ) SI_UNIT ( $, .RADIAN. ) );
#3262 = PLANE ( 'NONE',  #3212 ) ;
#3263 = VECTOR ( 'NONE', #2681, 1000.000000000000000 ) ;
#3264 = FILL_AREA_STYLE ('',( #1408 ) ) ;
#3265 = EDGE_CURVE ( 'NONE', #881, #1243, #353, .T. ) ;
#3266 = LINE ( 'NONE', #2166, #2205 ) ;
#3267 = FACE_OUTER_BOUND ( 'NONE', #1037, .T. ) ;
#3268 =( NAMED_UNIT ( * ) SI_UNIT ( $, .STERADIAN. ) SOLID_ANGLE_UNIT ( ) );
#3269 =( LENGTH_UNIT ( ) NAMED_UNIT ( * ) SI_UNIT ( .MILLI., .METRE. ) );
#3270 = DIRECTION ( 'NONE',  ( -0.0000000000000000000, -1.000000000000000000, -0.0000000000000000000 ) ) ;
#3271 = DIRECTION ( 'NONE',  ( 1.000000000000000000, 3.188829919075013114E-17, -0.0000000000000000000 ) ) ;
#3272 = ORIENTED_EDGE ( 'NONE', *, *, #935, .F. ) ;
#3273 = VECTOR ( 'NONE', #1897, 1000.000000000000114 ) ;
#3274 = DIRECTION ( 'NONE',  ( -0.0000000000000000000, -0.0000000000000000000, -1.000000000000000000 ) ) ;
#3275 = CARTESIAN_POINT ( 'NONE',  ( 2.649999999999999911, -0.6500000000000000222, 0.2500000000000000000 ) ) ;
#3276 = CARTESIAN_POINT ( 'NONE',  ( 0.0000000000000000000, -2.338947038342921883E-33, 0.6000000000000006439 ) ) ;
#3277 = ORIENTED_EDGE ( 'NONE', *, *, #916, .F. ) ;
#3278 = DIRECTION ( 'NONE',  ( 0.0000000000000000000, 1.000000000000000000, 8.673617379884030542E-17 ) ) ;
#3279 = PRESENTATION_STYLE_ASSIGNMENT (( #1157 ) ) ;
#3280 =( LENGTH_UNIT ( ) NAMED_UNIT ( * ) SI_UNIT ( .MILLI., .METRE. ) );
#3281 = VECTOR ( 'NONE', #3317, 1000.000000000000000 ) ;
#3282 = ORIENTED_EDGE ( 'NONE', *, *, #2838, .F. ) ;
#3283 = CARTESIAN_POINT ( 'NONE',  ( 0.0000000000000000000, -2.134264386401306572E-16, 2.342759126866019503 ) ) ;
#3284 = ADVANCED_FACE ( 'NONE', ( #2233 ), #3102, .F. ) ;
#3285 = CARTESIAN_POINT ( 'NONE',  ( 2.350000000000000089, -0.6500000000000000222, 0.2500000000000000000 ) ) ;
#3286 = PRODUCT ( '4E3CCB4F-85A6-4E0A-B7D1-C5726EAD564D', '4E3CCB4F-85A6-4E0A-B7D1-C5726EAD564D', '', ( #2511 ) ) ;
#3287 = ORIENTED_EDGE ( 'NONE', *, *, #1334, .F. ) ;
#3288 = FACE_OUTER_BOUND ( 'NONE', #272, .T. ) ;
#3289 = CARTESIAN_POINT ( 'NONE',  ( 2.600000000000000533, -0.6500000000000000222, 0.5999999999999998668 ) ) ;
#3290 =( GEOMETRIC_REPRESENTATION_CONTEXT ( 3 ) GLOBAL_UNCERTAINTY_ASSIGNED_CONTEXT ( ( #2224 ) ) GLOBAL_UNIT_ASSIGNED_CONTEXT ( ( #1269, #2360, #2051 ) ) REPRESENTATION_CONTEXT ( 'NONE', 'WORKASPACE' ) );
#3291 = DIRECTION ( 'NONE',  ( 0.0000000000000000000, -0.0000000000000000000, -1.000000000000000000 ) ) ;
#3292 = SURFACE_SIDE_STYLE ('',( #1911 ) ) ;
#3293 = EDGE_LOOP ( 'NONE', ( #3047, #99, #672, #2076, #68, #194 ) ) ;
#3294 = COLOUR_RGB ( '',0.1254901960784313708, 0.1254901960784313708, 0.1254901960784313708 ) ;
#3295 = VECTOR ( 'NONE', #1267, 1000.000000000000000 ) ;
#3296 = AXIS2_PLACEMENT_3D ( 'NONE', #724, #3197, #2763 ) ;
#3297 = EDGE_CURVE ( 'NONE', #2914, #2457, #1930, .T. ) ;
#3298 = PRESENTATION_STYLE_ASSIGNMENT (( #1369 ) ) ;
#3299 = CIRCLE ( 'NONE', #1641, 0.2000000000000000944 ) ;
#3300 = CARTESIAN_POINT ( 'NONE',  ( 5.499999999999999112, -0.6500000000000000222, 2.589803236230023287E-16 ) ) ;
#3301 = FACE_OUTER_BOUND ( 'NONE', #1892, .T. ) ;
#3302 = UNCERTAINTY_MEASURE_WITH_UNIT (LENGTH_MEASURE( 1.000000000000000082E-05 ), #2487, 'distance_accuracy_value', 'NONE');
#3303 = SURFACE_SIDE_STYLE ('',( #1113 ) ) ;
#3304 = SURFACE_STYLE_FILL_AREA ( #1919 ) ;
#3305 = EDGE_LOOP ( 'NONE', ( #693, #3478, #3230, #2333 ) ) ;
#3306 = LINE ( 'NONE', #3323, #177 ) ;
#3307 =( LENGTH_UNIT ( ) NAMED_UNIT ( * ) SI_UNIT ( .MILLI., .METRE. ) );
#3308 = DIRECTION ( 'NONE',  ( 1.000000000000000000, 1.032573497605242224E-16, 0.0000000000000000000 ) ) ;
#3309 = UNCERTAINTY_MEASURE_WITH_UNIT (LENGTH_MEASURE( 1.000000000000000082E-05 ), #378, 'distance_accuracy_value', 'NONE');
#3310 = ORIENTED_EDGE ( 'NONE', *, *, #404, .T. ) ;
#3311 = CARTESIAN_POINT ( 'NONE',  ( -1.800000000000000044, -0.6999999999999992895, 0.2500000000000000000 ) ) ;
#3312 = EDGE_CURVE ( 'NONE', #2640, #3098, #279, .T. ) ;
#3313 = DIRECTION ( 'NONE',  ( 0.0000000000000000000, -1.224646799147353207E-16, 1.000000000000000000 ) ) ;
#3314 = CARTESIAN_POINT ( 'NONE',  ( 5.755839955992561627E-16, -4.700000000000001954, 2.598806130178211493 ) ) ;
#3315 = ORIENTED_EDGE ( 'NONE', *, *, #1571, .T. ) ;
#3316 = VECTOR ( 'NONE', #457, 1000.000000000000000 ) ;
#3317 = DIRECTION ( 'NONE',  ( -0.0000000000000000000, -1.000000000000000000, -0.0000000000000000000 ) ) ;
#3318 = CARTESIAN_POINT ( 'NONE',  ( 6.123233995736770227E-16, -5.000000000000002665, 3.448806130178212914 ) ) ;
#3319 = STYLED_ITEM ( 'NONE', ( #660 ), #750 ) ;
#3320 = SURFACE_SIDE_STYLE ('',( #1374 ) ) ;
#3321 = SURFACE_STYLE_FILL_AREA ( #46 ) ;
#3322 = ORIENTED_EDGE ( 'NONE', *, *, #3492, .T. ) ;
#3323 = CARTESIAN_POINT ( 'NONE',  ( 2.350000000000000089, 0.0000000000000000000, 0.2500000000000000000 ) ) ;
#3324 = CIRCLE ( 'NONE', #1366, 4.500000000000002665 ) ;
#3325 = CARTESIAN_POINT ( 'NONE',  ( 0.0000000000000000000, 0.0000000000000000000, 0.5999999999999998668 ) ) ;
#3326 = SURFACE_STYLE_USAGE ( .BOTH. , #1958 ) ;
#3327 = DIRECTION ( 'NONE',  ( -1.224646799147353454E-16, 1.000000000000000000, 0.0000000000000000000 ) ) ;
#3328 = LINE ( 'NONE', #1595, #1763 ) ;
#3329 = VERTEX_POINT ( 'NONE', #3048 ) ;
#3330 = ORIENTED_EDGE ( 'NONE', *, *, #722, .F. ) ;
#3331 = CARTESIAN_POINT ( 'NONE',  ( -4.700000000000001954, -3.368819940857715439E-16, 10.40000000000000213 ) ) ;
#3332 =( NAMED_UNIT ( * ) SI_UNIT ( $, .STERADIAN. ) SOLID_ANGLE_UNIT ( ) );
#3333 = EDGE_CURVE ( 'NONE', #2469, #1167, #298, .T. ) ;
#3334 = EDGE_LOOP ( 'NONE', ( #1752, #719, #2391, #2242 ) ) ;
#3335 =( NAMED_UNIT ( * ) PLANE_ANGLE_UNIT ( ) SI_UNIT ( $, .RADIAN. ) );
#3336 = FILL_AREA_STYLE ('',( #1066 ) ) ;
#3337 = ORIENTED_EDGE ( 'NONE', *, *, #1122, .T. ) ;
#3338 =( NAMED_UNIT ( * ) PLANE_ANGLE_UNIT ( ) SI_UNIT ( $, .RADIAN. ) );
#3339 = FACE_OUTER_BOUND ( 'NONE', #2919, .T. ) ;
#3340 = LINE ( 'NONE', #2863, #1446 ) ;
#3341 = LINE ( 'NONE', #2190, #3188 ) ;
#3342 = SURFACE_STYLE_FILL_AREA ( #2850 ) ;
#3343 = ORIENTED_EDGE ( 'NONE', *, *, #2671, .T. ) ;
#3344 = VERTEX_POINT ( 'NONE', #2330 ) ;
#3345 = CARTESIAN_POINT ( 'NONE',  ( -2.600000000000000533, -0.6500000000000000222, 0.2999999999999997113 ) ) ;
#3346 = CIRCLE ( 'NONE', #714, 5.049999999999999822 ) ;
#3347 = VERTEX_POINT ( 'NONE', #3491 ) ;
#3348 = STYLED_ITEM ( 'NONE', ( #604 ), #2137 ) ;
#3349 = PRESENTATION_STYLE_ASSIGNMENT (( #59 ) ) ;
#3350 = VECTOR ( 'NONE', #1816, 1000.000000000000000 ) ;
#3351 = EDGE_CURVE ( 'NONE', #1409, #2031, #2143, .T. ) ;
#3352 = STYLED_ITEM ( 'NONE', ( #1707 ), #2461 ) ;
#3353 = AXIS2_PLACEMENT_3D ( 'NONE', #2778, #2793, #2561 ) ;
#3354 = FACE_BOUND ( 'NONE', #2412, .T. ) ;
#3355 = ORIENTED_EDGE ( 'NONE', *, *, #2447, .T. ) ;
#3356 = EDGE_CURVE ( 'NONE', #1549, #2469, #2601, .T. ) ;
#3357 = DIRECTION ( 'NONE',  ( -1.000000000000000000, 0.0000000000000000000, -0.0000000000000000000 ) ) ;
#3358 = CYLINDRICAL_SURFACE ( 'NONE', #1355, 5.000000000000002665 ) ;
#3359 = ADVANCED_FACE ( 'NONE', ( #176 ), #136, .F. ) ;
#3360 = ORIENTED_EDGE ( 'NONE', *, *, #1949, .T. ) ;
#3361 = ORIENTED_EDGE ( 'NONE', *, *, #3492, .F. ) ;
#3362 = ORIENTED_EDGE ( 'NONE', *, *, #2030, .T. ) ;
#3363 = CARTESIAN_POINT ( 'NONE',  ( -3.035533905932662257, 3.535533905932737309, 0.1500000000000000222 ) ) ;
#3364 = FACE_OUTER_BOUND ( 'NONE', #3293, .T. ) ;
#3365 = UNCERTAINTY_MEASURE_WITH_UNIT (LENGTH_MEASURE( 1.000000000000000082E-05 ), #691, 'distance_accuracy_value', 'NONE');
#3366 =( NAMED_UNIT ( * ) PLANE_ANGLE_UNIT ( ) SI_UNIT ( $, .RADIAN. ) );
#3367 = ORIENTED_EDGE ( 'NONE', *, *, #1579, .T. ) ;
#3368 = VECTOR ( 'NONE', #741, 1000.000000000000000 ) ;
#3369 = DIRECTION ( 'NONE',  ( 0.0000000000000000000, 0.0000000000000000000, 1.000000000000000000 ) ) ;
#3370 =( GEOMETRIC_REPRESENTATION_CONTEXT ( 3 ) GLOBAL_UNCERTAINTY_ASSIGNED_CONTEXT ( ( #606 ) ) GLOBAL_UNIT_ASSIGNED_CONTEXT ( ( #1662, #3528, #1401 ) ) REPRESENTATION_CONTEXT ( 'NONE', 'WORKASPACE' ) );
#3371 = EDGE_CURVE ( 'NONE', #2109, #2632, #200, .T. ) ;
#3372 = DIRECTION ( 'NONE',  ( -1.000000000000000000, 0.0000000000000000000, -2.086574912030907861E-16 ) ) ;
#3373 =( NAMED_UNIT ( * ) PLANE_ANGLE_UNIT ( ) SI_UNIT ( $, .RADIAN. ) );
#3374 = AXIS2_PLACEMENT_3D ( 'NONE', #1586, #1509, #1017 ) ;
#3375 = PLANE ( 'NONE',  #1196 ) ;
#3376 = CYLINDRICAL_SURFACE ( 'NONE', #259, 0.5000000000000741629 ) ;
#3377 = ORIENTED_EDGE ( 'NONE', *, *, #1349, .T. ) ;
#3378 = VERTEX_POINT ( 'NONE', #1294 ) ;
#3379 =( GEOMETRIC_REPRESENTATION_CONTEXT ( 3 ) GLOBAL_UNCERTAINTY_ASSIGNED_CONTEXT ( ( #646 ) ) GLOBAL_UNIT_ASSIGNED_CONTEXT ( ( #3189, #510, #1061 ) ) REPRESENTATION_CONTEXT ( 'NONE', 'WORKASPACE' ) );
#3380 = SURFACE_SIDE_STYLE ('',( #2267 ) ) ;
#3381 =( LENGTH_UNIT ( ) NAMED_UNIT ( * ) SI_UNIT ( .MILLI., .METRE. ) );
#3382 = EDGE_LOOP ( 'NONE', ( #3094, #2528, #2285, #1347 ) ) ;
#3383 = ORIENTED_EDGE ( 'NONE', *, *, #3101, .T. ) ;
#3384 = DIRECTION ( 'NONE',  ( -1.000000000000000000, 0.0000000000000000000, 0.0000000000000000000 ) ) ;
#3385 = LINE ( 'NONE', #3115, #2956 ) ;
#3386 = DIRECTION ( 'NONE',  ( 0.0000000000000000000, 1.000000000000000000, 0.0000000000000000000 ) ) ;
#3387 = EDGE_LOOP ( 'NONE', ( #3440, #2803, #3383, #2589, #3163 ) ) ;
#3388 = EDGE_CURVE ( 'NONE', #729, #38, #1311, .T. ) ;
#3389 = CARTESIAN_POINT ( 'NONE',  ( 3.535533905932737753, 3.535533905932637833, 0.1500000000000000222 ) ) ;
#3390 = DIRECTION ( 'NONE',  ( 0.0000000000000000000, 0.0000000000000000000, -1.000000000000000000 ) ) ;
#3391 = AXIS2_PLACEMENT_3D ( 'NONE', #409, #349, #2557 ) ;
#3392 =( NAMED_UNIT ( * ) SI_UNIT ( $, .STERADIAN. ) SOLID_ANGLE_UNIT ( ) );
#3393 = FACE_OUTER_BOUND ( 'NONE', #1377, .T. ) ;
#3394 = EDGE_CURVE ( 'NONE', #2203, #384, #704, .T. ) ;
#3395 = FILL_AREA_STYLE_COLOUR ( '', #317 ) ;
#3396 = ORIENTED_EDGE ( 'NONE', *, *, #3571, .F. ) ;
#3397 = ORIENTED_EDGE ( 'NONE', *, *, #1076, .F. ) ;
#3398 = ADVANCED_FACE ( 'NONE', ( #3452 ), #2907, .F. ) ;
#3399 = CARTESIAN_POINT ( 'NONE',  ( 0.0000000000000000000, 0.6500000000000000222, 0.2500000000000000000 ) ) ;
#3400 = ORIENTED_EDGE ( 'NONE', *, *, #2322, .T. ) ;
#3401 = VERTEX_POINT ( 'NONE', #2947 ) ;
#3402 = DIRECTION ( 'NONE',  ( -1.000000000000000000, 0.0000000000000000000, -0.0000000000000000000 ) ) ;
#3403 = AXIS2_PLACEMENT_3D ( 'NONE', #3283, #1916, #210 ) ;
#3404 = FILL_AREA_STYLE ('',( #867 ) ) ;
#3405 = VECTOR ( 'NONE', #2393, 1000.000000000000000 ) ;
#3406 = FACE_BOUND ( 'NONE', #1161, .T. ) ;
#3407 = CIRCLE ( 'NONE', #2305, 0.5000000000000746070 ) ;
#3408 = VERTEX_POINT ( 'NONE', #3232 ) ;
#3409 =( GEOMETRIC_REPRESENTATION_CONTEXT ( 3 ) GLOBAL_UNCERTAINTY_ASSIGNED_CONTEXT ( ( #2399 ) ) GLOBAL_UNIT_ASSIGNED_CONTEXT ( ( #338, #2774, #2000 ) ) REPRESENTATION_CONTEXT ( 'NONE', 'WORKASPACE' ) );
#3410 = STYLED_ITEM ( 'NONE', ( #2006 ), #3249 ) ;
#3411 = VECTOR ( 'NONE', #2886, 1000.000000000000000 ) ;
#3412 = DIRECTION ( 'NONE',  ( -1.000000000000000000, -1.032573497605242224E-16, 0.0000000000000000000 ) ) ;
#3413 = FACE_OUTER_BOUND ( 'NONE', #2994, .T. ) ;
#3414 = TOROIDAL_SURFACE ( 'NONE', #355, 4.700000000000001954, 0.1999999999999999278 ) ;
#3415 = FILL_AREA_STYLE ('',( #198 ) ) ;
#3416 = CARTESIAN_POINT ( 'NONE',  ( 0.0000000000000000000, 4.857469577113270987, 2.342759126866019947 ) ) ;
#3417 = ORIENTED_EDGE ( 'NONE', *, *, #2363, .T. ) ;
#3418 = EDGE_CURVE ( 'NONE', #2912, #1791, #1544, .T. ) ;
#3419 = EDGE_LOOP ( 'NONE', ( #1021, #3254, #2460, #2917 ) ) ;
#3420 = CARTESIAN_POINT ( 'NONE',  ( 2.650000000000000799, 0.6500000000000000222, 0.2500000000000000000 ) ) ;
#3421 = LINE ( 'NONE', #711, #2011 ) ;
#3422 = ORIENTED_EDGE ( 'NONE', *, *, #215, .F. ) ;
#3423 = EDGE_CURVE ( 'NONE', #3180, #2057, #300, .T. ) ;
#3424 = EDGE_LOOP ( 'NONE', ( #2099, #1481, #553, #1547, #375 ) ) ;
#3425 = DIRECTION ( 'NONE',  ( 0.0000000000000000000, 0.0000000000000000000, 1.000000000000000000 ) ) ;
#3426 = VECTOR ( 'NONE', #754, 1000.000000000000000 ) ;
#3427 = VERTEX_POINT ( 'NONE', #2347 ) ;
#3428 = VECTOR ( 'NONE', #25, 1000.000000000000000 ) ;
#3429 = FILL_AREA_STYLE_COLOUR ( '', #2425 ) ;
#3430 = AXIS2_PLACEMENT_3D ( 'NONE', #2434, #2197, #2756 ) ;
#3431 = CARTESIAN_POINT ( 'NONE',  ( 2.400000000000000799, 0.6500000000000000222, 0.2999999999999996003 ) ) ;
#3432 = DIRECTION ( 'NONE',  ( -0.0000000000000000000, 1.000000000000000000, -0.0000000000000000000 ) ) ;
#3433 = VECTOR ( 'NONE', #2073, 1000.000000000000000 ) ;
#3434 = DIRECTION ( 'NONE',  ( 1.000000000000000000, 0.0000000000000000000, -0.0000000000000000000 ) ) ;
#3435 = DIRECTION ( 'NONE',  ( 0.0000000000000000000, 1.000000000000000000, 1.224646799147353207E-16 ) ) ;
#3436 = SURFACE_STYLE_USAGE ( .BOTH. , #2584 ) ;
#3437 = ORIENTED_EDGE ( 'NONE', *, *, #3449, .F. ) ;
#3438 = CARTESIAN_POINT ( 'NONE',  ( -3.535533905932737309, 3.535533905932737309, 0.1500000000000000222 ) ) ;
#3439 = VECTOR ( 'NONE', #2898, 1000.000000000000000 ) ;
#3440 = ORIENTED_EDGE ( 'NONE', *, *, #2356, .T. ) ;
#3441 = DIRECTION ( 'NONE',  ( -0.0000000000000000000, -0.0000000000000000000, -1.000000000000000000 ) ) ;
#3442 = EDGE_LOOP ( 'NONE', ( #2176, #93, #1211, #656 ) ) ;
#3443 = PRESENTATION_STYLE_ASSIGNMENT (( #2338 ) ) ;
#3444 = VECTOR ( 'NONE', #610, 1000.000000000000000 ) ;
#3445 =( GEOMETRIC_REPRESENTATION_CONTEXT ( 3 ) GLOBAL_UNCERTAINTY_ASSIGNED_CONTEXT ( ( #339 ) ) GLOBAL_UNIT_ASSIGNED_CONTEXT ( ( #1266, #2923, #1555 ) ) REPRESENTATION_CONTEXT ( 'NONE', 'WORKASPACE' ) );
#3446 = DIRECTION ( 'NONE',  ( 1.000000000000000000, 0.0000000000000000000, -2.516897900412780756E-16 ) ) ;
#3447 = DIRECTION ( 'NONE',  ( -0.0000000000000000000, 1.224646799147353207E-16, -1.000000000000000000 ) ) ;
#3448 = ORIENTED_EDGE ( 'NONE', *, *, #291, .F. ) ;
#3449 = EDGE_CURVE ( 'NONE', #2912, #2689, #2070, .T. ) ;
#3450 = LINE ( 'NONE', #994, #1918 ) ;
#3451 = AXIS2_PLACEMENT_3D ( 'NONE', #3125, #1452, #671 ) ;
#3452 = FACE_OUTER_BOUND ( 'NONE', #3424, .T. ) ;
#3453 = DIRECTION ( 'NONE',  ( 0.0000000000000000000, 0.0000000000000000000, 1.000000000000000000 ) ) ;
#3454 = CARTESIAN_POINT ( 'NONE',  ( 0.0000000000000000000, 4.642530422886733454, 3.192759126866020480 ) ) ;
#3455 = VECTOR ( 'NONE', #1070, 1000.000000000000000 ) ;
#3456 = CARTESIAN_POINT ( 'NONE',  ( 2.600000000000000533, -0.6500000000000000222, 0.2999999999999997113 ) ) ;
#3457 = ORIENTED_EDGE ( 'NONE', *, *, #1460, .T. ) ;
#3458 = AXIS2_PLACEMENT_3D ( 'NONE', #3529, #2411, #225 ) ;
#3459 = CARTESIAN_POINT ( 'NONE',  ( 5.199999999999997513, -3.200000000000002398, 1.099999999999999867 ) ) ;
#3460 = EDGE_LOOP ( 'NONE', ( #673, #389, #127, #359 ) ) ;
#3461 = CIRCLE ( 'NONE', #2358, 0.1999999999999996503 ) ;
#3462 = DIRECTION ( 'NONE',  ( 1.355252715606880543E-16, 1.175494350822287645E-32, -1.000000000000000000 ) ) ;
#3463 = EDGE_LOOP ( 'NONE', ( #1246, #3397, #484, #3105 ) ) ;
#3464 = CARTESIAN_POINT ( 'NONE',  ( -2.000000000000002665, 5.199999999999999289, 0.8999999999999996891 ) ) ;
#3465 = DIRECTION ( 'NONE',  ( 0.0000000000000000000, 1.000000000000000000, 9.341476080721904614E-17 ) ) ;
#3466 = EDGE_CURVE ( 'NONE', #1831, #2609, #2366, .T. ) ;
#3467 = CARTESIAN_POINT ( 'NONE',  ( -5.499999999999999112, -0.6500000000000000222, 0.2000000000000003719 ) ) ;
#3468 = MECHANICAL_DESIGN_GEOMETRIC_PRESENTATION_REPRESENTATION (  '', ( #530 ), #2023 ) ;
#3469 = DIRECTION ( 'NONE',  ( 0.0000000000000000000, 1.000000000000000000, 0.0000000000000000000 ) ) ;
#3470 = DIRECTION ( 'NONE',  ( 8.673617379884036705E-17, -1.000000000000000000, -0.0000000000000000000 ) ) ;
#3471 = VECTOR ( 'NONE', #3470, 1000.000000000000000 ) ;
#3472 = CIRCLE ( 'NONE', #3176, 4.700000000000002842 ) ;
#3473 = CARTESIAN_POINT ( 'NONE',  ( 0.0000000000000000000, -2.940614386809499470E-16, 3.001193869821789040 ) ) ;
#3474 = CARTESIAN_POINT ( 'NONE',  ( -3.535533905932836340, -3.535533905932737309, 0.1500000000000000222 ) ) ;
#3475 = ORIENTED_EDGE ( 'NONE', *, *, #657, .F. ) ;
#3476 = CIRCLE ( 'NONE', #1123, 5.000000000000001776 ) ;
#3477 = CARTESIAN_POINT ( 'NONE',  ( 0.0000000000000000000, 0.0000000000000000000, 2.598806130178211937 ) ) ;
#3478 = ORIENTED_EDGE ( 'NONE', *, *, #1532, .F. ) ;
#3479 = CARTESIAN_POINT ( 'NONE',  ( 5.199999999999997513, 5.200000000000000178, 1.099999999999999867 ) ) ;
#3480 = ORIENTED_EDGE ( 'NONE', *, *, #3351, .F. ) ;
#3481 = CARTESIAN_POINT ( 'NONE',  ( 2.400000000000000799, -0.6500000000000000222, 0.2999999999999996003 ) ) ;
#3482 = FILL_AREA_STYLE_COLOUR ( '', #920 ) ;
#3483 = DIRECTION ( 'NONE',  ( 0.7071067811865474617, -0.7071067811865474617, 0.0000000000000000000 ) ) ;
#3484 = UNCERTAINTY_MEASURE_WITH_UNIT (LENGTH_MEASURE( 1.000000000000000082E-05 ), #2596, 'distance_accuracy_value', 'NONE');
#3485 = PLANE ( 'NONE',  #2505 ) ;
#3486 = EDGE_LOOP ( 'NONE', ( #1072, #297, #351, #2361, #923, #1589 ) ) ;
#3487 = EDGE_CURVE ( 'NONE', #2846, #3098, #2485, .T. ) ;
#3488 = CARTESIAN_POINT ( 'NONE',  ( 0.0000000000000000000, 5.000000000000002665, 2.151193869821788951 ) ) ;
#3489 = CARTESIAN_POINT ( 'NONE',  ( 0.0000000000000000000, 5.000000000000000888, 10.10000000000000142 ) ) ;
#3490 = VECTOR ( 'NONE', #1686, 1000.000000000000000 ) ;
#3491 = CARTESIAN_POINT ( 'NONE',  ( -5.499999999999999112, 0.6500000000000000222, 0.2000000000000003719 ) ) ;
#3492 = EDGE_CURVE ( 'NONE', #3066, #2457, #1853, .T. ) ;
#3493 = EDGE_CURVE ( 'NONE', #2734, #1409, #2718, .T. ) ;
#3494 = SURFACE_SIDE_STYLE ('',( #3236 ) ) ;
#3495 = ORIENTED_EDGE ( 'NONE', *, *, #1667, .F. ) ;
#3496 = FACE_OUTER_BOUND ( 'NONE', #132, .T. ) ;
#3497 = ORIENTED_EDGE ( 'NONE', *, *, #1097, .F. ) ;
#3498 = VECTOR ( 'NONE', #1996, 1000.000000000000000 ) ;
#3499 = CARTESIAN_POINT ( 'NONE',  ( -2.400000000000000355, -0.6500000000000000222, 0.2999999999999996003 ) ) ;
#3500 = CARTESIAN_POINT ( 'NONE',  ( 0.0000000000000000000, 4.800000000000003375, 3.448806130178212470 ) ) ;
#3501 = EDGE_LOOP ( 'NONE', ( #1053, #2574, #2282, #1598 ) ) ;
#3502 = AXIS2_PLACEMENT_3D ( 'NONE', #1382, #538, #1626 ) ;
#3503 = LINE ( 'NONE', #1043, #3521 ) ;
#3504 = ORIENTED_EDGE ( 'NONE', *, *, #791, .F. ) ;
#3505 = VECTOR ( 'NONE', #129, 1000.000000000000000 ) ;
#3506 = PRESENTATION_STYLE_ASSIGNMENT (( #1506 ) ) ;
#3507 = DIRECTION ( 'NONE',  ( 0.0000000000000000000, 1.000000000000000000, 1.301042606982604581E-16 ) ) ;
#3508 = DIRECTION ( 'NONE',  ( -0.0000000000000000000, -1.000000000000000000, -0.0000000000000000000 ) ) ;
#3509 = CARTESIAN_POINT ( 'NONE',  ( -2.400000000000000355, -0.6500000000000000222, 0.5999999999999998668 ) ) ;
#3510 = EDGE_LOOP ( 'NONE', ( #3080, #1491, #504, #1553 ) ) ;
#3511 = DIRECTION ( 'NONE',  ( 0.0000000000000000000, 1.000000000000000000, 0.0000000000000000000 ) ) ;
#3512 = EDGE_CURVE ( 'NONE', #1012, #2247, #944, .T. ) ;
#3513 = CIRCLE ( 'NONE', #765, 0.2000000000000000944 ) ;
#3514 = DIRECTION ( 'NONE',  ( -1.000000000000000000, 2.232180943352508810E-16, -0.0000000000000000000 ) ) ;
#3515 = AXIS2_PLACEMENT_3D ( 'NONE', #1348, #523, #1627 ) ;
#3516 = SURFACE_STYLE_FILL_AREA ( #1669 ) ;
#3517 = DIRECTION ( 'NONE',  ( -0.0000000000000000000, -0.0000000000000000000, -1.000000000000000000 ) ) ;
#3518 = ORIENTED_EDGE ( 'NONE', *, *, #1033, .T. ) ;
#3519 = LINE ( 'NONE', #823, #1567 ) ;
#3520 = VECTOR ( 'NONE', #396, 1000.000000000000000 ) ;
#3521 = VECTOR ( 'NONE', #2121, 1000.000000000000000 ) ;
#3522 = PLANE ( 'NONE',  #2455 ) ;
#3523 = DIRECTION ( 'NONE',  ( 0.0000000000000000000, 1.000000000000000000, 0.0000000000000000000 ) ) ;
#3524 = VERTEX_POINT ( 'NONE', #1657 ) ;
#3525 = VECTOR ( 'NONE', #125, 1000.000000000000000 ) ;
#3526 = DIRECTION ( 'NONE',  ( 8.673617379884036705E-17, -1.000000000000000000, 0.0000000000000000000 ) ) ;
#3527 = VECTOR ( 'NONE', #214, 1000.000000000000000 ) ;
#3528 =( NAMED_UNIT ( * ) PLANE_ANGLE_UNIT ( ) SI_UNIT ( $, .RADIAN. ) );
#3529 = CARTESIAN_POINT ( 'NONE',  ( 0.0000000000000000000, -2.134264386401306572E-16, 2.342759126866019503 ) ) ;
#3530 = AXIS2_PLACEMENT_3D ( 'NONE', #2054, #3469, #2635 ) ;
#3531 = EDGE_CURVE ( 'NONE', #1405, #2882, #2204, .T. ) ;
#3532 = CARTESIAN_POINT ( 'NONE',  ( -2.400000000000000355, 0.6500000000000000222, 0.5999999999999998668 ) ) ;
#3533 = EDGE_CURVE ( 'NONE', #1690, #54, #270, .T. ) ;
#3534 = EDGE_CURVE ( 'NONE', #940, #3165, #1889, .T. ) ;
#3535 = FILL_AREA_STYLE_COLOUR ( '', #614 ) ;
#3536 = LINE ( 'NONE', #1898, #183 ) ;
#3537 = SURFACE_STYLE_FILL_AREA ( #2707 ) ;
#3538 = PRESENTATION_STYLE_ASSIGNMENT (( #2493 ) ) ;
#3539 = LINE ( 'NONE', #884, #2325 ) ;
#3540 = VECTOR ( 'NONE', #3192, 1000.000000000000000 ) ;
#3541 = DIRECTION ( 'NONE',  ( -0.0000000000000000000, -1.000000000000000000, -0.0000000000000000000 ) ) ;
#3542 = FACE_OUTER_BOUND ( 'NONE', #970, .T. ) ;
#3543 = DIRECTION ( 'NONE',  ( -0.0000000000000000000, -0.0000000000000000000, 1.000000000000000000 ) ) ;
#3544 = ORIENTED_EDGE ( 'NONE', *, *, #791, .T. ) ;
#3545 = AXIS2_PLACEMENT_3D ( 'NONE', #2928, #137, #2408 ) ;
#3546 = ORIENTED_EDGE ( 'NONE', *, *, #1847, .F. ) ;
#3547 = CARTESIAN_POINT ( 'NONE',  ( 5.199999999999999289, 0.7000000000000002887, 0.2500000000000000000 ) ) ;
#3548 = VECTOR ( 'NONE', #1857, 1000.000000000000000 ) ;
#3549 = DIRECTION ( 'NONE',  ( -1.000000000000000000, 0.0000000000000000000, 0.0000000000000000000 ) ) ;
#3550 = VERTEX_POINT ( 'NONE', #2491 ) ;
#3551 = CIRCLE ( 'NONE', #976, 0.1000000000000005884 ) ;
#3552 = DIRECTION ( 'NONE',  ( -0.0000000000000000000, -1.000000000000000000, 0.0000000000000000000 ) ) ;
#3553 = ORIENTED_EDGE ( 'NONE', *, *, #2712, .F. ) ;
#3554 = EDGE_CURVE ( 'NONE', #2074, #2715, #3306, .T. ) ;
#3555 = APPLICATION_PROTOCOL_DEFINITION ( 'draft international standard', 'automotive_design', 1998, #2251 ) ;
#3556 = VECTOR ( 'NONE', #2502, 1000.000000000000000 ) ;
#3557 = VERTEX_POINT ( 'NONE', #15 ) ;
#3558 = DIRECTION ( 'NONE',  ( -1.000000000000000000, 0.0000000000000000000, 0.0000000000000000000 ) ) ;
#3559 = FACE_OUTER_BOUND ( 'NONE', #2060, .T. ) ;
#3560 = ORIENTED_EDGE ( 'NONE', *, *, #356, .F. ) ;
#3561 = SURFACE_STYLE_FILL_AREA ( #930 ) ;
#3562 = CARTESIAN_POINT ( 'NONE',  ( -1.800000000000000044, -0.6999999999999992895, 0.1000000000000000056 ) ) ;
#3563 =( LENGTH_UNIT ( ) NAMED_UNIT ( * ) SI_UNIT ( .MILLI., .METRE. ) );
#3564 = DIRECTION ( 'NONE',  ( 0.0000000000000000000, 1.000000000000000000, 0.0000000000000000000 ) ) ;
#3565 = AXIS2_PLACEMENT_3D ( 'NONE', #1279, #3207, #1841 ) ;
#3566 = PRESENTATION_STYLE_ASSIGNMENT (( #1672 ) ) ;
#3567 = ADVANCED_FACE ( 'NONE', ( #848 ), #1954, .F. ) ;
#3568 = CARTESIAN_POINT ( 'NONE',  ( -5.200000000000001066, 5.199999999999998401, 0.1000000000000000056 ) ) ;
#3569 = EDGE_LOOP ( 'NONE', ( #3150, #1198, #1423, #1912 ) ) ;
#3570 = DIRECTION ( 'NONE',  ( -3.188829919075013114E-17, -1.000000000000000000, 0.0000000000000000000 ) ) ;
#3571 = EDGE_CURVE ( 'NONE', #2057, #3242, #3252, .T. ) ;
#3572 = ORIENTED_EDGE ( 'NONE', *, *, #2804, .T. ) ;
ENDSEC;
END-ISO-10303-21;
