ISO-10303-21;
HEADER;
FILE_DESCRIPTION (( 'STEP AP214' ),
    '1' );
FILE_NAME ('572DE5FA-9C1A-48B5-BF31-BAA9CE991F8F.STEP',
    '2026-03-19T02:23:13',
    ( '' ),
    ( '' ),
    'SwSTEP 2.0',
    'SolidWorks 2022',
    '' );
FILE_SCHEMA (( 'AUTOMOTIVE_DESIGN' ));
ENDSEC;

DATA;
#1 = PRESENTATION_STYLE_ASSIGNMENT (( #5681 ) ) ;
#2 = CARTESIAN_POINT ( 'NONE',  ( 1.117066007617185219, -0.1866210762621360320, 7.701000000000002288 ) ) ;
#3 = FACE_OUTER_BOUND ( 'NONE', #3535, .T. ) ;
#4 = EDGE_LOOP ( 'NONE', ( #4349, #9356, #3785, #8407, #10098, #1282, #976, #1068, #6443, #6238 ) ) ;
#5 = FILL_AREA_STYLE_COLOUR ( '', #9446 ) ;
#6 = PRESENTATION_STYLE_ASSIGNMENT (( #7365 ) ) ;
#7 = DIRECTION ( 'NONE',  ( -0.0000000000000000000, 0.0000000000000000000, -1.000000000000000000 ) ) ;
#8 = CARTESIAN_POINT ( 'NONE',  ( -0.5312568370516178584, -0.1224709671476199024, 7.699999999999999289 ) ) ;
#9 = CARTESIAN_POINT ( 'NONE',  ( -1.081627333894218168, 0.9682135483569992429, 7.700000000000000178 ) ) ;
#10 = UNCERTAINTY_MEASURE_WITH_UNIT (LENGTH_MEASURE( 1.000000000000000082E-05 ), #10426, 'distance_accuracy_value', 'NONE');
#11 = AXIS2_PLACEMENT_3D ( 'NONE', #4179, #9118, #1872 ) ;
#12 = SURFACE_STYLE_USAGE ( .BOTH. , #1508 ) ;
#13 = COLOUR_RGB ( '',0.0000000000000000000, 0.0000000000000000000, 0.0000000000000000000 ) ;
#14 =( NAMED_UNIT ( * ) SI_UNIT ( $, .STERADIAN. ) SOLID_ANGLE_UNIT ( ) );
#15 = EDGE_LOOP ( 'NONE', ( #9696, #7837, #443, #4896 ) ) ;
#16 = CARTESIAN_POINT ( 'NONE',  ( 8.429298731313481566E-16, 0.0000000000000000000, 0.9000000000000016875 ) ) ;
#17 = CARTESIAN_POINT ( 'NONE',  ( 0.2647276314972047406, 0.5755955891061343976, 7.700999999999999623 ) ) ;
#18 = COLOUR_RGB ( '',0.0000000000000000000, 0.0000000000000000000, 0.0000000000000000000 ) ;
#19 = SURFACE_STYLE_FILL_AREA ( #5805 ) ;
#20 = CARTESIAN_POINT ( 'NONE',  ( 1.323303463200618202, -0.3188315724877765489, 7.700999999999998735 ) ) ;
#21 = FILL_AREA_STYLE_COLOUR ( '', #7533 ) ;
#22 = VECTOR ( 'NONE', #1592, 1000.000000000000000 ) ;
#23 = VERTEX_POINT ( 'NONE', #6568 ) ;
#24 = SURFACE_STYLE_USAGE ( .BOTH. , #5649 ) ;
#25 = MECHANICAL_DESIGN_GEOMETRIC_PRESENTATION_REPRESENTATION (  '', ( #191 ), #3929 ) ;
#26 = FILL_AREA_STYLE_COLOUR ( '', #7918 ) ;
#27 = ORIENTED_EDGE ( 'NONE', *, *, #7266, .F. ) ;
#28 =( GEOMETRIC_REPRESENTATION_CONTEXT ( 3 ) GLOBAL_UNCERTAINTY_ASSIGNED_CONTEXT ( ( #2567 ) ) GLOBAL_UNIT_ASSIGNED_CONTEXT ( ( #503, #4184, #984 ) ) REPRESENTATION_CONTEXT ( 'NONE', 'WORKASPACE' ) );
#29 = CIRCLE ( 'NONE', #4648, 0.2000000000000000944 ) ;
#30 = DIRECTION ( 'NONE',  ( -0.0000000000000000000, -0.0000000000000000000, -1.000000000000000000 ) ) ;
#31 = DIRECTION ( 'NONE',  ( 1.000000000000000000, 0.0000000000000000000, 0.0000000000000000000 ) ) ;
#32 = ORIENTED_EDGE ( 'NONE', *, *, #243, .T. ) ;
#33 = CARTESIAN_POINT ( 'NONE',  ( -0.5000000000000000000, 1.100000000000000089, 0.2999999999999999889 ) ) ;
#34 = CARTESIAN_POINT ( 'NONE',  ( -1.858578643762690330, -3.299999999999999822, 0.6999999999999999556 ) ) ;
#35 = DIRECTION ( 'NONE',  ( -0.0000000000000000000, -0.0000000000000000000, -1.000000000000000000 ) ) ;
#36 = EDGE_CURVE ( 'NONE', #9528, #3990, #815, .T. ) ;
#37 = DIRECTION ( 'NONE',  ( -1.971276677246372012E-16, -1.000000000000000000, 0.0000000000000000000 ) ) ;
#38 = ORIENTED_EDGE ( 'NONE', *, *, #4951, .F. ) ;
#39 = CARTESIAN_POINT ( 'NONE',  ( -0.9682748588229931341, 1.224806358137370044, 7.701000000000000512 ) ) ;
#40 = B_SPLINE_SURFACE_WITH_KNOTS ( 'NONE', 3, 1, ( 
 ( #718, #8308 ),
 ( #1458, #8006 ),
 ( #7265, #4729 ),
 ( #10524, #3852 ),
 ( #9549, #959 ),
 ( #6453, #4204 ),
 ( #6299, #5492 ),
 ( #8766, #7162 ),
 ( #3053, #6361 ),
 ( #666, #3902 ),
 ( #1062, #3457 ),
 ( #6708, #10057 ),
 ( #1219, #6003 ),
 ( #214, #7725 ),
 ( #2005, #6758 ),
 ( #375, #9955 ),
 ( #1955, #5140 ),
 ( #269, #7672 ),
 ( #2661, #6809 ) ),
 .UNSPECIFIED., .F., .F., .F.,
 ( 4, 1, 1, 1, 1, 1, 1, 1, 1, 1, 1, 1, 1, 1, 1, 1, 4 ),
 ( 2, 2 ),
 ( 0.0000000000000000000, 0.08177341008164717984, 0.1597920021087463616, 0.2343707531132675492, 0.3055165892437903263, 0.3735898685844019074, 0.4395316276707837977, 0.5033798556429253113, 0.5653930701479915610, 0.6252238274067789536, 0.6816623917856324821, 0.7358136798259042877, 0.7884777399877862525, 0.8401442025440502004, 0.8920246090405005157, 0.9451326881817342374, 1.000000000000000000 ),
 ( 0.0000000000000000000, 1.000000000000000000 ),
 .UNSPECIFIED. ) ;
#41 = CARTESIAN_POINT ( 'NONE',  ( -1.484673621710211222, 0.9165528742155917286, 7.701000000000002288 ) ) ;
#42 = FILL_AREA_STYLE ('',( #3129 ) ) ;
#43 = CARTESIAN_POINT ( 'NONE',  ( 1.568996007524917413, 0.1266726085839973981, 7.701000000000001400 ) ) ;
#44 =( NAMED_UNIT ( * ) PLANE_ANGLE_UNIT ( ) SI_UNIT ( $, .RADIAN. ) );
#45 = FACE_OUTER_BOUND ( 'NONE', #7856, .T. ) ;
#46 = PLANE ( 'NONE',  #4945 ) ;
#47 = VECTOR ( 'NONE', #6234, 1000.000000000000000 ) ;
#48 = SURFACE_STYLE_USAGE ( .BOTH. , #2335 ) ;
#49 = EDGE_CURVE ( 'NONE', #3238, #1225, #4838, .T. ) ;
#50 = EDGE_CURVE ( 'NONE', #7471, #9238, #6662, .T. ) ;
#51 = ORIENTED_EDGE ( 'NONE', *, *, #9604, .T. ) ;
#52 = EDGE_LOOP ( 'NONE', ( #5347, #1078, #4818, #8926 ) ) ;
#53 = EDGE_CURVE ( 'NONE', #10460, #3491, #3188, .T. ) ;
#54 = B_SPLINE_CURVE_WITH_KNOTS ( 'NONE', 3,
 ( #8773, #4734, #9666, #5498, #2305, #9505, #4787, #2255, #10319, #3750, #8914 ),
 .UNSPECIFIED., .F., .F.,
 ( 4, 1, 1, 1, 1, 1, 1, 1, 4 ),
 ( 0.0000000000000000000, 0.09982972488810738787, 0.2061426486586745710, 0.3190466912208154704, 0.4395465524904466070, 0.5674691920997388950, 0.7035422743826759140, 0.8472815456256683753, 1.000000000000000000 ),
 .UNSPECIFIED. ) ;
#55 = FILL_AREA_STYLE ('',( #8143 ) ) ;
#56 = CARTESIAN_POINT ( 'NONE',  ( -0.2289041271445575454, 1.141097996832941108, 7.701000000000001400 ) ) ;
#57 = CARTESIAN_POINT ( 'NONE',  ( 0.6089285890062423601, 1.026855209795008328, 7.701000000000002288 ) ) ;
#58 = CARTESIAN_POINT ( 'NONE',  ( 1.568996007524917191, -0.4967660043077405385, 7.700000000000000178 ) ) ;
#59 = VERTEX_POINT ( 'NONE', #4933 ) ;
#60 = PRESENTATION_STYLE_ASSIGNMENT (( #8198 ) ) ;
#61 = SURFACE_SIDE_STYLE ('',( #6504 ) ) ;
#62 = VECTOR ( 'NONE', #319, 1000.000000000000000 ) ;
#63 = PLANE ( 'NONE',  #3394 ) ;
#64 = CARTESIAN_POINT ( 'NONE',  ( 0.4000000000000003553, -1.297519430014755670, 0.2999999999999999889 ) ) ;
#65 = CARTESIAN_POINT ( 'NONE',  ( -0.4744032918603282023, -0.2616545203487578020, 7.701000000000000512 ) ) ;
#66 = FACE_OUTER_BOUND ( 'NONE', #10193, .T. ) ;
#67 = CARTESIAN_POINT ( 'NONE',  ( 0.4851884372510872345, 0.8326623530185807143, 7.700000000000001066 ) ) ;
#68 = CARTESIAN_POINT ( 'NONE',  ( -0.3874558292648735969, 0.5730296264778258486, 7.701000000000000512 ) ) ;
#69 = PRESENTATION_LAYER_ASSIGNMENT (  '', '', ( #1756 ) ) ;
#70 = COLOUR_RGB ( '',0.7960784313725489669, 0.8235294117647058432, 0.9372549019607843146 ) ;
#71 = DIRECTION ( 'NONE',  ( -0.9403531483904996602, 0.3401998770018514473, 0.0000000000000000000 ) ) ;
#72 = VERTEX_POINT ( 'NONE', #9967 ) ;
#73 = CARTESIAN_POINT ( 'NONE',  ( 1.167139144490196179, -1.506092673193603515, 7.701000000000000512 ) ) ;
#74 = CARTESIAN_POINT ( 'NONE',  ( 1.009552729232102486, -1.485496049142615682, 7.700000000000000178 ) ) ;
#75 = CARTESIAN_POINT ( 'NONE',  ( -0.5277341696294721718, 0.1473720517949697606, 7.701000000000001400 ) ) ;
#76 = DIRECTION ( 'NONE',  ( -1.000000000000000000, 0.0000000000000000000, 0.0000000000000000000 ) ) ;
#77 = CARTESIAN_POINT ( 'NONE',  ( 1.365428970896007232, -0.3268051553459658809, 7.701000000000003176 ) ) ;
#78 = COLOUR_RGB ( '',0.0000000000000000000, 0.0000000000000000000, 0.0000000000000000000 ) ;
#79 =( GEOMETRIC_REPRESENTATION_CONTEXT ( 3 ) GLOBAL_UNCERTAINTY_ASSIGNED_CONTEXT ( ( #10437 ) ) GLOBAL_UNIT_ASSIGNED_CONTEXT ( ( #2747, #8709, #10147 ) ) REPRESENTATION_CONTEXT ( 'NONE', 'WORKASPACE' ) );
#80 = VERTEX_POINT ( 'NONE', #1610 ) ;
#81 = CARTESIAN_POINT ( 'NONE',  ( 1.853131385462634340, -1.564425640264000217, 7.699999999999998401 ) ) ;
#82 = VECTOR ( 'NONE', #8481, 1000.000000000000000 ) ;
#83 =( NAMED_UNIT ( * ) SI_UNIT ( $, .STERADIAN. ) SOLID_ANGLE_UNIT ( ) );
#84 = VECTOR ( 'NONE', #5164, 1000.000000000000000 ) ;
#85 = DIRECTION ( 'NONE',  ( 1.000000000000000000, 0.0000000000000000000, 0.0000000000000000000 ) ) ;
#86 = FACE_OUTER_BOUND ( 'NONE', #7522, .T. ) ;
#87 = ORIENTED_EDGE ( 'NONE', *, *, #2048, .T. ) ;
#88 = PLANE ( 'NONE',  #4501 ) ;
#89 = LINE ( 'NONE', #6634, #7040 ) ;
#90 = CARTESIAN_POINT ( 'NONE',  ( 0.1156837131509969030, 0.6333053771991865588, 7.701000000000001400 ) ) ;
#91 = CARTESIAN_POINT ( 'NONE',  ( -0.1360109584789133130, 0.8928900860487990476, 7.699999999999998401 ) ) ;
#92 = VECTOR ( 'NONE', #3820, 1000.000000000000114 ) ;
#93 = ORIENTED_EDGE ( 'NONE', *, *, #3343, .T. ) ;
#94 = PLANE ( 'NONE',  #5216 ) ;
#95 = LINE ( 'NONE', #4026, #333 ) ;
#96 = CARTESIAN_POINT ( 'NONE',  ( 0.4851884372510872345, 0.8326623530185807143, 7.701000000000001400 ) ) ;
#97 = EDGE_CURVE ( 'NONE', #2253, #457, #2620, .T. ) ;
#98 = PRESENTATION_STYLE_ASSIGNMENT (( #4144 ) ) ;
#99 = CARTESIAN_POINT ( 'NONE',  ( 1.750506843187357386, -0.4824849155068109963, 7.700999999999998735 ) ) ;
#100 = DIRECTION ( 'NONE',  ( 1.000000000000000000, 0.0000000000000000000, -1.566230603695991232E-12 ) ) ;
#101 = DIRECTION ( 'NONE',  ( 0.9962405881956830633, 0.08662961636484138583, -0.0000000000000000000 ) ) ;
#102 = CARTESIAN_POINT ( 'NONE',  ( 1.990474641255004284, -0.3910016523295526958, 7.700999999999999623 ) ) ;
#103 = ORIENTED_EDGE ( 'NONE', *, *, #7135, .T. ) ;
#104 = ORIENTED_EDGE ( 'NONE', *, *, #3884, .F. ) ;
#105 = FILL_AREA_STYLE_COLOUR ( '', #10161 ) ;
#106 =( NAMED_UNIT ( * ) PLANE_ANGLE_UNIT ( ) SI_UNIT ( $, .RADIAN. ) );
#107 = SURFACE_STYLE_FILL_AREA ( #55 ) ;
#108 = EDGE_CURVE ( 'NONE', #9816, #6387, #501, .T. ) ;
#109 = CARTESIAN_POINT ( 'NONE',  ( 1.853131385462633896, -0.3086036480344714894, 7.701000000000001400 ) ) ;
#110 = EDGE_CURVE ( 'NONE', #2646, #9252, #8204, .T. ) ;
#111 = CARTESIAN_POINT ( 'NONE',  ( 1.460530245480272216, -0.3374394341483976101, 7.701000000000002288 ) ) ;
#112 = PLANE ( 'NONE',  #6554 ) ;
#113 = DIRECTION ( 'NONE',  ( -1.000000000000000000, -0.0000000000000000000, -0.0000000000000000000 ) ) ;
#114 = VERTEX_POINT ( 'NONE', #7423 ) ;
#115 = CARTESIAN_POINT ( 'NONE',  ( 2.128493721508960768, -1.240650327799465380, 7.699999999999997513 ) ) ;
#116 = ADVANCED_FACE ( 'NONE', ( #66 ), #2758, .T. ) ;
#117 = FILL_AREA_STYLE_COLOUR ( '', #8353 ) ;
#118 = CARTESIAN_POINT ( 'NONE',  ( 0.3130270440268375642, 0.5730296264778258486, 7.700000000000000178 ) ) ;
#119 = SURFACE_STYLE_USAGE ( .BOTH. , #8368 ) ;
#120 = CARTESIAN_POINT ( 'NONE',  ( 0.4269390635371449472, 1.197855234520039058, 7.700000000000001954 ) ) ;
#121 = UNCERTAINTY_MEASURE_WITH_UNIT (LENGTH_MEASURE( 1.000000000000000082E-05 ), #7168, 'distance_accuracy_value', 'NONE');
#122 = FILL_AREA_STYLE_COLOUR ( '', #2859 ) ;
#123 = FILL_AREA_STYLE ('',( #8438 ) ) ;
#124 = EDGE_CURVE ( 'NONE', #5720, #2512, #1183, .T. ) ;
#125 = ORIENTED_EDGE ( 'NONE', *, *, #8953, .F. ) ;
#126 =( NAMED_UNIT ( * ) SI_UNIT ( $, .STERADIAN. ) SOLID_ANGLE_UNIT ( ) );
#127 = CARTESIAN_POINT ( 'NONE',  ( 1.990474641255004284, -1.646823644559080480, 7.699999999999999289 ) ) ;
#128 = CARTESIAN_POINT ( 'NONE',  ( 1.568996007524917191, -1.596728343314334442, 7.701000000000000512 ) ) ;
#129 = CARTESIAN_POINT ( 'NONE',  ( 1.101716121119868719, -0.1161511478022595328, 7.699999999999999289 ) ) ;
#130 = B_SPLINE_SURFACE_WITH_KNOTS ( 'NONE', 3, 1, ( 
 ( #985, #9185 ),
 ( #1820, #5115 ),
 ( #9388, #10033 ),
 ( #5382, #3595 ),
 ( #6207, #2039 ),
 ( #5327, #5270 ),
 ( #1881, #1249 ),
 ( #1142, #7759 ),
 ( #8502, #8612 ),
 ( #7814, #8554 ),
 ( #6786, #8664 ),
 ( #1196, #3492 ),
 ( #1300, #6947 ),
 ( #246, #7652 ),
 ( #2845, #4403 ),
 ( #470, #7699 ),
 ( #6141, #4519 ),
 ( #411, #2690 ),
 ( #6038, #5169 ) ),
 .UNSPECIFIED., .F., .F., .F.,
 ( 4, 1, 1, 1, 1, 1, 1, 1, 1, 1, 1, 1, 1, 1, 1, 1, 4 ),
 ( 2, 2 ),
 ( 0.0000000000000000000, 0.07937385194888096906, 0.1540385076354722493, 0.2247730300375469503, 0.2918548655033927353, 0.3555123676644170172, 0.4160007845899216794, 0.4747112873896455754, 0.5318443449236147647, 0.5876598058676945069, 0.6423442577657587638, 0.6974257117871596190, 0.7533901245597586227, 0.8106040753172507607, 0.8706508094478463411, 0.9332976688071763505, 1.000000000000000000 ),
 ( 0.0000000000000000000, 1.000000000000000000 ),
 .UNSPECIFIED. ) ;
#131 = VERTEX_POINT ( 'NONE', #1304 ) ;
#132 = CARTESIAN_POINT ( 'NONE',  ( 1.233985478711282502, 0.2232776910250738600, 7.700000000000001954 ) ) ;
#133 = LINE ( 'NONE', #5111, #10344 ) ;
#134 = UNCERTAINTY_MEASURE_WITH_UNIT (LENGTH_MEASURE( 1.000000000000000082E-05 ), #4530, 'distance_accuracy_value', 'NONE');
#135 = CARTESIAN_POINT ( 'NONE',  ( 1.077752444354472372, 0.1186191209248756706, 7.699999999999999289 ) ) ;
#136 = CARTESIAN_POINT ( 'NONE',  ( 1.189120717648108672, -0.4159501394975528288, 7.699999999999999289 ) ) ;
#137 = PRESENTATION_LAYER_ASSIGNMENT (  '', '', ( #1324 ) ) ;
#138 = ORIENTED_EDGE ( 'NONE', *, *, #1423, .T. ) ;
#139 = CARTESIAN_POINT ( 'NONE',  ( 0.4000000000000000222, 3.649999999999999911, 0.2999999999999999889 ) ) ;
#140 =( NAMED_UNIT ( * ) PLANE_ANGLE_UNIT ( ) SI_UNIT ( $, .RADIAN. ) );
#141 = TOROIDAL_SURFACE ( 'NONE', #7851, 2.949999999999999734, 0.1999999999999998723 ) ;
#142 = PRESENTATION_LAYER_ASSIGNMENT (  '', '', ( #825 ) ) ;
#143 = FILL_AREA_STYLE_COLOUR ( '', #266 ) ;
#144 = AXIS2_PLACEMENT_3D ( 'NONE', #6456, #7480, #8209 ) ;
#145 = DIRECTION ( 'NONE',  ( -0.8163674557174367408, -0.5775328365084005933, 0.0000000000000000000 ) ) ;
#146 = VERTEX_POINT ( 'NONE', #5275 ) ;
#147 = CARTESIAN_POINT ( 'NONE',  ( -1.310695236763734339, 0.7191878356285535956, 7.700999999999998735 ) ) ;
#148 = AXIS2_PLACEMENT_3D ( 'NONE', #8312, #4207, #4877 ) ;
#149 = CARTESIAN_POINT ( 'NONE',  ( 2.007775029551841062, -1.259954281957250899, 7.700999999999996959 ) ) ;
#150 = DIRECTION ( 'NONE',  ( 1.000000000000000000, 1.714635274194802381E-16, -0.0000000000000000000 ) ) ;
#151 = DIRECTION ( 'NONE',  ( -1.000000000000000000, 0.0000000000000000000, 0.0000000000000000000 ) ) ;
#152 = CARTESIAN_POINT ( 'NONE',  ( 0.004479485410879441645, -0.1300761083262164108, 7.700000000000003730 ) ) ;
#153 =( NAMED_UNIT ( * ) SI_UNIT ( $, .STERADIAN. ) SOLID_ANGLE_UNIT ( ) );
#154 = CARTESIAN_POINT ( 'NONE',  ( -0.2142688494395414700, -0.3972215554997099440, 7.700999999999999623 ) ) ;
#155 = AXIS2_PLACEMENT_3D ( 'NONE', #4652, #7246, #645 ) ;
#156 = ORIENTED_EDGE ( 'NONE', *, *, #7537, .F. ) ;
#157 = ORIENTED_EDGE ( 'NONE', *, *, #1612, .T. ) ;
#158 = CARTESIAN_POINT ( 'NONE',  ( 1.506185639239239205, -1.751507547297474598, 7.700000000000000178 ) ) ;
#159 = CARTESIAN_POINT ( 'NONE',  ( 1.946828726496352857, -0.2676409664043096215, 7.699999999999999289 ) ) ;
#160 = DIRECTION ( 'NONE',  ( -1.000000000000000000, 0.0000000000000000000, -1.221593242852756957E-16 ) ) ;
#161 = MECHANICAL_DESIGN_GEOMETRIC_PRESENTATION_REPRESENTATION (  '', ( #10256 ), #1852 ) ;
#162 = FILL_AREA_STYLE_COLOUR ( '', #9951 ) ;
#163 = STYLED_ITEM ( 'NONE', ( #3738 ), #467 ) ;
#164 = DIRECTION ( 'NONE',  ( 0.0000000000000000000, -0.0000000000000000000, -1.000000000000000000 ) ) ;
#165 = ORIENTED_EDGE ( 'NONE', *, *, #6007, .F. ) ;
#166 =( NAMED_UNIT ( * ) SI_UNIT ( $, .STERADIAN. ) SOLID_ANGLE_UNIT ( ) );
#167 = COLOUR_RGB ( '',0.0000000000000000000, 0.0000000000000000000, 0.0000000000000000000 ) ;
#168 = CARTESIAN_POINT ( 'NONE',  ( 1.568996007524917413, 0.1266726085839973981, 7.701000000000001400 ) ) ;
#169 = SURFACE_STYLE_USAGE ( .BOTH. , #9913 ) ;
#170 = DIRECTION ( 'NONE',  ( 1.000000000000000000, 0.0000000000000000000, -0.0000000000000000000 ) ) ;
#171 = EDGE_CURVE ( 'NONE', #4187, #4919, #9451, .T. ) ;
#172 = AXIS2_PLACEMENT_3D ( 'NONE', #10080, #5709, #4386 ) ;
#173 = PRESENTATION_LAYER_ASSIGNMENT (  '', '', ( #4079 ) ) ;
#174 = DIRECTION ( 'NONE',  ( -0.0000000000000000000, -0.0000000000000000000, -1.000000000000000000 ) ) ;
#175 =( GEOMETRIC_REPRESENTATION_CONTEXT ( 3 ) GLOBAL_UNCERTAINTY_ASSIGNED_CONTEXT ( ( #6132 ) ) GLOBAL_UNIT_ASSIGNED_CONTEXT ( ( #7392, #1474, #2429 ) ) REPRESENTATION_CONTEXT ( 'NONE', 'WORKASPACE' ) );
#176 = SURFACE_STYLE_USAGE ( .BOTH. , #8323 ) ;
#177 = PRESENTATION_STYLE_ASSIGNMENT (( #8440 ) ) ;
#178 = ORIENTED_EDGE ( 'NONE', *, *, #9076, .F. ) ;
#179 = CARTESIAN_POINT ( 'NONE',  ( -2.073461490767437354, 0.4171699732548914130, 7.700000000000000178 ) ) ;
#180 = CARTESIAN_POINT ( 'NONE',  ( 2.128453715729373030, -1.485505518202610453, 7.699999999999999289 ) ) ;
#181 = DIRECTION ( 'NONE',  ( -1.227398685832646557E-16, -1.000000000000000000, 0.0000000000000000000 ) ) ;
#182 = PLANE ( 'NONE',  #4950 ) ;
#183 = CARTESIAN_POINT ( 'NONE',  ( 1.692823240631756487, -0.4908677889222521351, 7.701000000000003176 ) ) ;
#184 = EDGE_CURVE ( 'NONE', #4470, #5159, #5332, .T. ) ;
#185 = ADVANCED_FACE ( 'NONE', ( #6044 ), #1004, .F. ) ;
#186 = ORIENTED_EDGE ( 'NONE', *, *, #4291, .F. ) ;
#187 = SURFACE_STYLE_FILL_AREA ( #3427 ) ;
#188 = AXIS2_PLACEMENT_3D ( 'NONE', #4573, #575, #1355 ) ;
#189 = DIRECTION ( 'NONE',  ( -1.000000000000000000, 0.0000000000000000000, 0.0000000000000000000 ) ) ;
#190 = CARTESIAN_POINT ( 'NONE',  ( 1.946828726496353523, -1.523462958633837960, 7.701000000000002288 ) ) ;
#191 = STYLED_ITEM ( 'NONE', ( #3554 ), #6467 ) ;
#192 = DIRECTION ( 'NONE',  ( -0.0000000000000000000, -0.0000000000000000000, -1.000000000000000000 ) ) ;
#193 = FACE_OUTER_BOUND ( 'NONE', #5975, .T. ) ;
#194 = SURFACE_STYLE_USAGE ( .BOTH. , #4243 ) ;
#195 = ORIENTED_EDGE ( 'NONE', *, *, #9468, .T. ) ;
#196 = SURFACE_STYLE_FILL_AREA ( #10036 ) ;
#197 = CARTESIAN_POINT ( 'NONE',  ( -1.180130679699342933, 0.7303173638198251494, 7.699999999999998401 ) ) ;
#198 = PRESENTATION_STYLE_ASSIGNMENT (( #9938 ) ) ;
#199 = SURFACE_STYLE_USAGE ( .BOTH. , #9138 ) ;
#200 =( GEOMETRIC_REPRESENTATION_CONTEXT ( 3 ) GLOBAL_UNCERTAINTY_ASSIGNED_CONTEXT ( ( #1611 ) ) GLOBAL_UNIT_ASSIGNED_CONTEXT ( ( #7284, #1096, #293 ) ) REPRESENTATION_CONTEXT ( 'NONE', 'WORKASPACE' ) );
#201 = EDGE_LOOP ( 'NONE', ( #10297, #4977, #6602, #7067 ) ) ;
#202 = FACE_OUTER_BOUND ( 'NONE', #5581, .T. ) ;
#203 = PRESENTATION_LAYER_ASSIGNMENT (  '', '', ( #4817 ) ) ;
#204 = CARTESIAN_POINT ( 'NONE',  ( -1.447338220291349398, 0.8121478985593975075, 7.701000000000001400 ) ) ;
#205 =( NAMED_UNIT ( * ) SI_UNIT ( $, .STERADIAN. ) SOLID_ANGLE_UNIT ( ) );
#206 = CARTESIAN_POINT ( 'NONE',  ( 1.224646799147365903E-17, 0.0000000000000000000, 7.700000000000000178 ) ) ;
#207 = FACE_OUTER_BOUND ( 'NONE', #4483, .T. ) ;
#208 = CARTESIAN_POINT ( 'NONE',  ( 1.904212376553841901, -0.4376051757389551877, 7.700000000000000178 ) ) ;
#209 = FILL_AREA_STYLE ('',( #309 ) ) ;
#210 = CARTESIAN_POINT ( 'NONE',  ( -1.552138742880287969, 0.7746566300576390729, 7.700999999999999623 ) ) ;
#211 = CARTESIAN_POINT ( 'NONE',  ( 2.029902655259846256, -0.05205284159554307566, 7.700999999999999623 ) ) ;
#212 = ORIENTED_EDGE ( 'NONE', *, *, #9664, .T. ) ;
#213 = ORIENTED_EDGE ( 'NONE', *, *, #8569, .F. ) ;
#214 = CARTESIAN_POINT ( 'NONE',  ( 2.110730245456643672, -1.203967053607077231, 7.701000000000003176 ) ) ;
#215 = LINE ( 'NONE', #5143, #5156 ) ;
#216 = FILL_AREA_STYLE_COLOUR ( '', #329 ) ;
#217 = SURFACE_STYLE_USAGE ( .BOTH. , #341 ) ;
#218 = LINE ( 'NONE', #2720, #4929 ) ;
#219 = CARTESIAN_POINT ( 'NONE',  ( 1.946828726496352857, -0.2676409664043096215, 7.701000000000000512 ) ) ;
#220 = COLOUR_RGB ( '',1.000000000000000000, 1.000000000000000000, 1.000000000000000000 ) ;
#221 = LINE ( 'NONE', #9266, #9203 ) ;
#222 = ORIENTED_EDGE ( 'NONE', *, *, #2508, .F. ) ;
#223 = CARTESIAN_POINT ( 'NONE',  ( 1.970852870559638648, -0.2502706809640753427, 7.701000000000002288 ) ) ;
#224 = CARTESIAN_POINT ( 'NONE',  ( 0.01685977392953173087, -0.1039679140933800205, 7.699999999999998401 ) ) ;
#225 =( NAMED_UNIT ( * ) SI_UNIT ( $, .STERADIAN. ) SOLID_ANGLE_UNIT ( ) );
#226 = B_SPLINE_CURVE_WITH_KNOTS ( 'NONE', 3,
 ( #7867, #4798, #7230, #1421, #681, #2316, #7924, #10490, #8020, #5605, #530, #631, #8873, #3065, #4579, #1521, #8072, #736, #3968 ),
 .UNSPECIFIED., .F., .F.,
 ( 4, 1, 1, 1, 1, 1, 1, 1, 1, 1, 1, 1, 1, 1, 1, 1, 4 ),
 ( 0.0000000000000000000, 0.07353686393683697697, 0.1436068778591247652, 0.2105645324946243957, 0.2749492648384426197, 0.3378697830924421441, 0.3992093969175268819, 0.4595406689710959114, 0.5203316690567971747, 0.5798525569894091847, 0.6381758874373923973, 0.6960167245190616025, 0.7537248409736133636, 0.8126461195314694796, 0.8724424269254011932, 0.9349846037579172542, 1.000000000000000000 ),
 .UNSPECIFIED. ) ;
#227 = VERTEX_POINT ( 'NONE', #8562 ) ;
#228 = UNCERTAINTY_MEASURE_WITH_UNIT (LENGTH_MEASURE( 1.000000000000000082E-05 ), #3229, 'distance_accuracy_value', 'NONE');
#229 = CARTESIAN_POINT ( 'NONE',  ( -0.3874558292648735969, 1.238975417521273270, 7.700000000000000178 ) ) ;
#230 = FACE_OUTER_BOUND ( 'NONE', #8497, .T. ) ;
#231 = CARTESIAN_POINT ( 'NONE',  ( -0.9682748588229931341, 0.1868911109655856662, 7.701000000000000512 ) ) ;
#232 = ADVANCED_FACE ( 'NONE', ( #3544, #9298 ), #8508, .T. ) ;
#233 = ORIENTED_EDGE ( 'NONE', *, *, #3767, .T. ) ;
#234 = SURFACE_STYLE_FILL_AREA ( #10023 ) ;
#235 = CARTESIAN_POINT ( 'NONE',  ( 2.027767791623390270, -1.619160669030217381, 7.699999999999996625 ) ) ;
#236 = CARTESIAN_POINT ( 'NONE',  ( 1.233985478711282724, -1.032544301204454396, 7.699999999999999289 ) ) ;
#237 = ORIENTED_EDGE ( 'NONE', *, *, #8708, .T. ) ;
#238 =( GEOMETRIC_REPRESENTATION_CONTEXT ( 3 ) GLOBAL_UNCERTAINTY_ASSIGNED_CONTEXT ( ( #7549 ) ) GLOBAL_UNIT_ASSIGNED_CONTEXT ( ( #6069, #1914, #6660 ) ) REPRESENTATION_CONTEXT ( 'NONE', 'WORKASPACE' ) );
#239 = CARTESIAN_POINT ( 'NONE',  ( 1.077752444354472372, 0.1186191209248756706, 7.699999999999999289 ) ) ;
#240 = SURFACE_SIDE_STYLE ('',( #2581 ) ) ;
#241 = UNCERTAINTY_MEASURE_WITH_UNIT (LENGTH_MEASURE( 1.000000000000000082E-05 ), #1019, 'distance_accuracy_value', 'NONE');
#242 = CARTESIAN_POINT ( 'NONE',  ( 0.9971684801081069915, -0.02375504491210921748, 7.700000000000005507 ) ) ;
#243 = EDGE_CURVE ( 'NONE', #9387, #4946, #2361, .T. ) ;
#244 = VERTEX_POINT ( 'NONE', #10487 ) ;
#245 = EDGE_CURVE ( 'NONE', #5536, #9816, #3011, .T. ) ;
#246 = CARTESIAN_POINT ( 'NONE',  ( -1.124565740570890204, 0.5795609655937969951, 7.701000000000002288 ) ) ;
#247 = LINE ( 'NONE', #3493, #6205 ) ;
#248 = ORIENTED_EDGE ( 'NONE', *, *, #301, .F. ) ;
#249 = STYLED_ITEM ( 'NONE', ( #4724 ), #4071 ) ;
#250 = LINE ( 'NONE', #5014, #8626 ) ;
#251 = SURFACE_STYLE_USAGE ( .BOTH. , #2593 ) ;
#252 = COLOUR_RGB ( '',1.000000000000000000, 1.000000000000000000, 1.000000000000000000 ) ;
#253 = EDGE_CURVE ( 'NONE', #3728, #5253, #6420, .T. ) ;
#254 = CARTESIAN_POINT ( 'NONE',  ( 1.970703161677457294, 0.03622830616508006946, 7.699999999999997513 ) ) ;
#255 = CARTESIAN_POINT ( 'NONE',  ( -1.858578643762690330, -3.299999999999999822, 0.0000000000000000000 ) ) ;
#256 = ORIENTED_EDGE ( 'NONE', *, *, #300, .T. ) ;
#257 =( NAMED_UNIT ( * ) SI_UNIT ( $, .STERADIAN. ) SOLID_ANGLE_UNIT ( ) );
#258 = PRESENTATION_LAYER_ASSIGNMENT (  '', '', ( #3140 ) ) ;
#259 = COLOUR_RGB ( '',0.0000000000000000000, 0.0000000000000000000, 0.0000000000000000000 ) ;
#260 = CARTESIAN_POINT ( 'NONE',  ( 1.284816050689753908, -1.161145380035850438, 7.700000000000001066 ) ) ;
#261 = DIRECTION ( 'NONE',  ( -1.000000000000000000, 0.0000000000000000000, 0.0000000000000000000 ) ) ;
#262 = DIRECTION ( 'NONE',  ( 1.221593242852756957E-16, -0.0000000000000000000, -1.000000000000000000 ) ) ;
#263 = DIRECTION ( 'NONE',  ( 0.0000000000000000000, 0.0000000000000000000, -1.000000000000000000 ) ) ;
#264 = CARTESIAN_POINT ( 'NONE',  ( -1.409064439858582540, 0.6037578601609236983, 7.700999999999999623 ) ) ;
#265 = DIRECTION ( 'NONE',  ( -0.0000000000000000000, -0.0000000000000000000, -1.000000000000000000 ) ) ;
#266 = COLOUR_RGB ( '',0.0000000000000000000, 0.0000000000000000000, 0.0000000000000000000 ) ;
#267 = ORIENTED_EDGE ( 'NONE', *, *, #449, .T. ) ;
#268 = VERTEX_POINT ( 'NONE', #9714 ) ;
#269 = CARTESIAN_POINT ( 'NONE',  ( 2.149498165074976708, -1.348660085834663125, 7.701000000000000512 ) ) ;
#270 = CARTESIAN_POINT ( 'NONE',  ( -0.2915008597588024664, -0.2266110134856840208, 7.701000000000003176 ) ) ;
#271 = CARTESIAN_POINT ( 'NONE',  ( -2.949999999999999734, 0.0000000000000000000, 0.9000000000000000222 ) ) ;
#272 = CARTESIAN_POINT ( 'NONE',  ( -0.3874558292648735969, 1.238975417521273270, 7.701000000000000512 ) ) ;
#273 =( LENGTH_UNIT ( ) NAMED_UNIT ( * ) SI_UNIT ( .MILLI., .METRE. ) );
#274 = PRESENTATION_STYLE_ASSIGNMENT (( #3573 ) ) ;
#275 = ORIENTED_EDGE ( 'NONE', *, *, #7008, .T. ) ;
#276 = CARTESIAN_POINT ( 'NONE',  ( 0.5043871117277578531, 0.9689193263269743062, 7.701000000000001400 ) ) ;
#277 = CARTESIAN_POINT ( 'NONE',  ( 0.9893386402676717095, -1.320560356732233709, 7.699999999999996625 ) ) ;
#278 = ORIENTED_EDGE ( 'NONE', *, *, #4350, .T. ) ;
#279 = CARTESIAN_POINT ( 'NONE',  ( 0.3722296867594966363, 0.7361401001337765093, 7.700000000000000178 ) ) ;
#280 = CARTESIAN_POINT ( 'NONE',  ( -0.3504764605686563894, -0.1945926199406576573, 7.699999999999999289 ) ) ;
#281 = B_SPLINE_CURVE_WITH_KNOTS ( 'NONE', 3,
 ( #6673, #1767, #979, #4287, #4231, #3419, #6726, #5104, #7593, #10243, #7691, #9287, #403, #7107, #3642, #2894, #2839, #564, #5374 ),
 .UNSPECIFIED., .F., .F.,
 ( 4, 1, 1, 1, 1, 1, 1, 1, 1, 1, 1, 1, 1, 1, 1, 1, 4 ),
 ( 0.0000000000000000000, 0.05512446635589175747, 0.1082073024476598866, 0.1600630494254707825, 0.2119606837466777305, 0.2644442975682714803, 0.3185698467065771755, 0.3749815850074509904, 0.4347839038291971825, 0.4967676425432615561, 0.5604611832040430341, 0.6261067072605086548, 0.6940677426715109455, 0.7654570646872309592, 0.8400003673168320306, 0.9179818759620875790, 1.000000000000000000 ),
 .UNSPECIFIED. ) ;
#282 = FILL_AREA_STYLE_COLOUR ( '', #4029 ) ;
#283 = ORIENTED_EDGE ( 'NONE', *, *, #7974, .T. ) ;
#284 = DIRECTION ( 'NONE',  ( -0.0000000000000000000, -0.0000000000000000000, -1.000000000000000000 ) ) ;
#285 = CARTESIAN_POINT ( 'NONE',  ( 2.149927442264945476, -1.362938863479932650, 7.700000000000000178 ) ) ;
#286 = CARTESIAN_POINT ( 'NONE',  ( -0.5000000000000002220, -3.299999999999999822, 0.2999999999999999889 ) ) ;
#287 = SURFACE_STYLE_USAGE ( .BOTH. , #4455 ) ;
#288 = CARTESIAN_POINT ( 'NONE',  ( -3.270710678118653458, -1.929289321881360930, 1.000000000000000000 ) ) ;
#289 = ORIENTED_EDGE ( 'NONE', *, *, #8501, .T. ) ;
#290 = DIRECTION ( 'NONE',  ( -1.000000000000000000, 0.0000000000000000000, 0.0000000000000000000 ) ) ;
#291 = VERTEX_POINT ( 'NONE', #5551 ) ;
#292 = SURFACE_SIDE_STYLE ('',( #7003 ) ) ;
#293 =( NAMED_UNIT ( * ) SI_UNIT ( $, .STERADIAN. ) SOLID_ANGLE_UNIT ( ) );
#294 = FACE_OUTER_BOUND ( 'NONE', #1573, .T. ) ;
#295 = VERTEX_POINT ( 'NONE', #5703 ) ;
#296 = CARTESIAN_POINT ( 'NONE',  ( 1.323346637208148602, 0.1045072249824021554, 7.699999999999996625 ) ) ;
#297 = CARTESIAN_POINT ( 'NONE',  ( 0.5902092682244426403, -1.068930881263942645, 7.700000000000000178 ) ) ;
#298 = B_SPLINE_CURVE_WITH_KNOTS ( 'NONE', 3,
 ( #1582, #5763, #9025, #889, #5930, #9880, #1940, #8403, #1045, #2755, #9249, #6841, #1886, #1825, #1776, #6791, #2535, #5123, #4303 ),
 .UNSPECIFIED., .F., .F.,
 ( 4, 1, 1, 1, 1, 1, 1, 1, 1, 1, 1, 1, 1, 1, 1, 1, 4 ),
 ( 0.0000000000000000000, 0.08174603369975451395, 0.1597385063957908191, 0.2342922896709909719, 0.3054143073551747745, 0.3733848979576097626, 0.4393045808363635896, 0.5030070766869889631, 0.5649995301960173411, 0.6248102571092685187, 0.6812299267925188140, 0.7353630858793829272, 0.7880095149870924853, 0.8399144460163010528, 0.8917774838128331716, 0.9448677832497021090, 1.000000000000000000 ),
 .UNSPECIFIED. ) ;
#299 = VERTEX_POINT ( 'NONE', #776 ) ;
#300 = EDGE_CURVE ( 'NONE', #9856, #6013, #7120, .T. ) ;
#301 = EDGE_CURVE ( 'NONE', #1051, #1149, #1416, .T. ) ;
#302 =( LENGTH_UNIT ( ) NAMED_UNIT ( * ) SI_UNIT ( .MILLI., .METRE. ) );
#303 = CARTESIAN_POINT ( 'NONE',  ( -0.3999999999999996891, -1.297519430014755670, 0.2999999999999999889 ) ) ;
#304 = EDGE_CURVE ( 'NONE', #9863, #5830, #3724, .T. ) ;
#305 = DIRECTION ( 'NONE',  ( 0.0000000000000000000, 1.000000000000000000, 0.0000000000000000000 ) ) ;
#306 = SURFACE_SIDE_STYLE ('',( #367 ) ) ;
#307 = FILL_AREA_STYLE_COLOUR ( '', #5837 ) ;
#308 = COLOUR_RGB ( '',0.0000000000000000000, 0.0000000000000000000, 0.0000000000000000000 ) ;
#309 = FILL_AREA_STYLE_COLOUR ( '', #9580 ) ;
#310 = STYLED_ITEM ( 'NONE', ( #5043 ), #7986 ) ;
#311 = DIRECTION ( 'NONE',  ( 0.0000000000000000000, -0.0000000000000000000, 1.000000000000000000 ) ) ;
#312 =( LENGTH_UNIT ( ) NAMED_UNIT ( * ) SI_UNIT ( .MILLI., .METRE. ) );
#313 =( GEOMETRIC_REPRESENTATION_CONTEXT ( 3 ) GLOBAL_UNCERTAINTY_ASSIGNED_CONTEXT ( ( #2674 ) ) GLOBAL_UNIT_ASSIGNED_CONTEXT ( ( #8224, #5869, #4239 ) ) REPRESENTATION_CONTEXT ( 'NONE', 'WORKASPACE' ) );
#314 = EDGE_LOOP ( 'NONE', ( #988, #1735, #103, #10186 ) ) ;
#315 = EDGE_CURVE ( 'NONE', #2539, #8808, #1571, .T. ) ;
#316 = ADVANCED_FACE ( 'NONE', ( #8014 ), #7320, .T. ) ;
#317 = MECHANICAL_DESIGN_GEOMETRIC_PRESENTATION_REPRESENTATION (  '', ( #6491 ), #5788 ) ;
#318 = ORIENTED_EDGE ( 'NONE', *, *, #10463, .F. ) ;
#319 = DIRECTION ( 'NONE',  ( 9.856383386231860060E-17, 1.000000000000000000, 0.0000000000000000000 ) ) ;
#320 = CARTESIAN_POINT ( 'NONE',  ( -0.3671602709868173053, -0.1802806896396649816, 7.701000000000003176 ) ) ;
#321 = CARTESIAN_POINT ( 'NONE',  ( 1.814688551849216402, -1.574653564717304999, 7.700000000000001954 ) ) ;
#322 = DIRECTION ( 'NONE',  ( -1.000000000000000000, 0.0000000000000000000, 0.0000000000000000000 ) ) ;
#323 = PRESENTATION_STYLE_ASSIGNMENT (( #7676 ) ) ;
#324 = CARTESIAN_POINT ( 'NONE',  ( 5.175404217016551598E-16, -3.686287386450715076E-15, 7.701000000000000512 ) ) ;
#325 = CARTESIAN_POINT ( 'NONE',  ( 1.282125838424073017, -0.4560138373354040153, 7.699999999999999289 ) ) ;
#326 = LINE ( 'NONE', #4213, #840 ) ;
#327 = ORIENTED_EDGE ( 'NONE', *, *, #1345, .F. ) ;
#328 = CARTESIAN_POINT ( 'NONE',  ( -0.5277341696294721718, 0.1473720517949697606, 7.701000000000001400 ) ) ;
#329 = COLOUR_RGB ( '',0.0000000000000000000, 0.0000000000000000000, 0.0000000000000000000 ) ;
#330 = CARTESIAN_POINT ( 'NONE',  ( 0.004479485410879441645, -0.1300761083262164108, 7.701000000000004064 ) ) ;
#331 = SURFACE_STYLE_FILL_AREA ( #3522 ) ;
#332 = ORIENTED_EDGE ( 'NONE', *, *, #5217, .T. ) ;
#333 = VECTOR ( 'NONE', #6746, 1000.000000000000000 ) ;
#334 = CYLINDRICAL_SURFACE ( 'NONE', #8550, 0.4500000000000000111 ) ;
#335 = CARTESIAN_POINT ( 'NONE',  ( -0.2449741633412926556, -0.2383616543033810764, 7.700000000000001954 ) ) ;
#336 = DIRECTION ( 'NONE',  ( 0.0000000000000000000, 1.000000000000000000, 0.0000000000000000000 ) ) ;
#337 = CARTESIAN_POINT ( 'NONE',  ( 0.2971258075372210650, 0.7294510755714447292, 7.699999999999997513 ) ) ;
#338 =( GEOMETRIC_REPRESENTATION_CONTEXT ( 3 ) GLOBAL_UNCERTAINTY_ASSIGNED_CONTEXT ( ( #3297 ) ) GLOBAL_UNIT_ASSIGNED_CONTEXT ( ( #3133, #4815, #1057 ) ) REPRESENTATION_CONTEXT ( 'NONE', 'WORKASPACE' ) );
#339 = B_SPLINE_CURVE_WITH_KNOTS ( 'NONE', 3,
 ( #6617, #9861, #4172, #6721, #10020, #5096, #7639, #2509, #8207, #8374, #280, #924, #7479, #1025, #6666, #335, #4502, #6980, #1970 ),
 .UNSPECIFIED., .F., .F.,
 ( 4, 1, 1, 1, 1, 1, 1, 1, 1, 1, 1, 1, 1, 1, 1, 1, 4 ),
 ( 0.0000000000000000000, 0.07012925196739774880, 0.1366093652545962156, 0.2003726736648311357, 0.2614744070297695955, 0.3211020693615152521, 0.3794000606333551850, 0.4375997842469309673, 0.4959602233326763088, 0.5544156927098762289, 0.6127523500346153673, 0.6723101566411204821, 0.7327956072376285990, 0.7950224900379673221, 0.8599396375481983545, 0.9281047544961918971, 1.000000000000000000 ),
 .UNSPECIFIED. ) ;
#340 = ORIENTED_EDGE ( 'NONE', *, *, #4492, .F. ) ;
#341 = SURFACE_SIDE_STYLE ('',( #3415 ) ) ;
#342 =( NAMED_UNIT ( * ) SI_UNIT ( $, .STERADIAN. ) SOLID_ANGLE_UNIT ( ) );
#343 = PRESENTATION_STYLE_ASSIGNMENT (( #4393 ) ) ;
#344 = CARTESIAN_POINT ( 'NONE',  ( 0.5902092682244426403, -1.865940471608493967, 7.701000000000000512 ) ) ;
#345 = CARTESIAN_POINT ( 'NONE',  ( -0.4262908134595503884, -0.06077703228688790399, 7.701000000000000512 ) ) ;
#346 = PRESENTATION_LAYER_ASSIGNMENT (  '', '', ( #852 ) ) ;
#347 = FACE_OUTER_BOUND ( 'NONE', #6816, .T. ) ;
#348 = DIRECTION ( 'NONE',  ( -0.0000000000000000000, 1.000000000000000000, -0.0000000000000000000 ) ) ;
#349 = VECTOR ( 'NONE', #5179, 1000.000000000000000 ) ;
#350 = VECTOR ( 'NONE', #5439, 1000.000000000000000 ) ;
#351 = ORIENTED_EDGE ( 'NONE', *, *, #6016, .T. ) ;
#352 = FILL_AREA_STYLE ('',( #5976 ) ) ;
#353 = FACE_OUTER_BOUND ( 'NONE', #6319, .T. ) ;
#354 = PRESENTATION_STYLE_ASSIGNMENT (( #194 ) ) ;
#355 = VERTEX_POINT ( 'NONE', #7544 ) ;
#356 =( GEOMETRIC_REPRESENTATION_CONTEXT ( 3 ) GLOBAL_UNCERTAINTY_ASSIGNED_CONTEXT ( ( #9440 ) ) GLOBAL_UNIT_ASSIGNED_CONTEXT ( ( #1294, #3737, #461 ) ) REPRESENTATION_CONTEXT ( 'NONE', 'WORKASPACE' ) );
#357 = CARTESIAN_POINT ( 'NONE',  ( 1.550101069194856906, 0.1265088726008923303, 7.699999999999999289 ) ) ;
#358 = CARTESIAN_POINT ( 'NONE',  ( 1.284860629587199599, -1.564425640263999773, 7.700999999999997847 ) ) ;
#359 = CARTESIAN_POINT ( 'NONE',  ( 1.300000000000043343, -3.033150177620620003, 1.000000000000000000 ) ) ;
#360 = CARTESIAN_POINT ( 'NONE',  ( -1.341773149834416090, 0.5734907586734151463, 7.700000000000002842 ) ) ;
#361 = B_SPLINE_CURVE_WITH_KNOTS ( 'NONE', 3,
 ( #9401, #1108, #2918, #3551, #5338, #6955, #8621, #260, #3700, #7710, #6216, #6798, #4309, #10043, #2703, #365, #3606, #480, #10210 ),
 .UNSPECIFIED., .F., .F.,
 ( 4, 1, 1, 1, 1, 1, 1, 1, 1, 1, 1, 1, 1, 1, 1, 1, 4 ),
 ( 0.0000000000000000000, 0.09750503943927001094, 0.1886386804051315425, 0.2739400765705257701, 0.3531651522520403153, 0.4268825744736234884, 0.4949589937545025853, 0.5581875241023237511, 0.6163452844446744017, 0.6705734895847257349, 0.7212256537136771950, 0.7689088729427254743, 0.8147687689174853976, 0.8597860144707449859, 0.9048499509083577363, 0.9511583150780513751, 1.000000000000000000 ),
 .UNSPECIFIED. ) ;
#362 = ORIENTED_EDGE ( 'NONE', *, *, #1481, .T. ) ;
#363 = PLANE ( 'NONE',  #6581 ) ;
#364 = UNCERTAINTY_MEASURE_WITH_UNIT (LENGTH_MEASURE( 1.000000000000000082E-05 ), #8470, 'distance_accuracy_value', 'NONE');
#365 = CARTESIAN_POINT ( 'NONE',  ( 1.108089359789987460, -1.307874833825070970, 7.699999999999997513 ) ) ;
#366 = AXIS2_PLACEMENT_3D ( 'NONE', #3008, #8012, #9555 ) ;
#367 = SURFACE_STYLE_FILL_AREA ( #7770 ) ;
#368 = SURFACE_STYLE_USAGE ( .BOTH. , #5182 ) ;
#369 = ADVANCED_FACE ( 'NONE', ( #8277 ), #182, .F. ) ;
#370 = SURFACE_STYLE_USAGE ( .BOTH. , #9095 ) ;
#371 = PRESENTATION_LAYER_ASSIGNMENT (  '', '', ( #1050 ) ) ;
#372 = DIRECTION ( 'NONE',  ( 0.9403531483904996602, -0.3401998770018514473, 0.0000000000000000000 ) ) ;
#373 = EDGE_LOOP ( 'NONE', ( #5982, #1953, #3975, #9532 ) ) ;
#374 = PRESENTATION_LAYER_ASSIGNMENT (  '', '', ( #3241 ) ) ;
#375 = CARTESIAN_POINT ( 'NONE',  ( 2.140823534941728390, -1.279577037141637730, 7.701000000000001400 ) ) ;
#376 = CARTESIAN_POINT ( 'NONE',  ( 1.102286777327162959, -1.334555240607410154, 7.700000000000003730 ) ) ;
#377 = CARTESIAN_POINT ( 'NONE',  ( -0.5149773637200018017, 0.5730296264778258486, 7.701000000000000512 ) ) ;
#378 = FILL_AREA_STYLE ('',( #10176 ) ) ;
#379 = PRESENTATION_STYLE_ASSIGNMENT (( #217 ) ) ;
#380 = PRESENTATION_LAYER_ASSIGNMENT (  '', '', ( #3602 ) ) ;
#381 = PLANE ( 'NONE',  #7525 ) ;
#382 = CARTESIAN_POINT ( 'NONE',  ( -0.1453089137405154385, 1.067155141987397693, 7.700000000000001954 ) ) ;
#383 =( NAMED_UNIT ( * ) SI_UNIT ( $, .STERADIAN. ) SOLID_ANGLE_UNIT ( ) );
#384 = CARTESIAN_POINT ( 'NONE',  ( 1.234053943725264224, -0.4376587090764292864, 7.699999999999996625 ) ) ;
#385 = ADVANCED_FACE ( 'NONE', ( #4892 ), #3255, .F. ) ;
#386 = SURFACE_STYLE_USAGE ( .BOTH. , #1172 ) ;
#387 = VECTOR ( 'NONE', #5710, 1000.000000000000000 ) ;
#388 = LINE ( 'NONE', #5091, #5695 ) ;
#389 = CIRCLE ( 'NONE', #9272, 0.2000000000000000944 ) ;
#390 = EDGE_CURVE ( 'NONE', #7569, #446, #6197, .T. ) ;
#391 =( NAMED_UNIT ( * ) SI_UNIT ( $, .STERADIAN. ) SOLID_ANGLE_UNIT ( ) );
#392 = EDGE_CURVE ( 'NONE', #2168, #3238, #1136, .T. ) ;
#393 = ORIENTED_EDGE ( 'NONE', *, *, #7596, .T. ) ;
#394 = DIRECTION ( 'NONE',  ( 1.000000000000000000, 0.0000000000000000000, 0.0000000000000000000 ) ) ;
#395 =( NAMED_UNIT ( * ) PLANE_ANGLE_UNIT ( ) SI_UNIT ( $, .RADIAN. ) );
#396 = CARTESIAN_POINT ( 'NONE',  ( 3.150000000000001688, 3.857637417314163675E-16, 1.187652461702020767 ) ) ;
#397 = PRESENTATION_STYLE_ASSIGNMENT (( #3528 ) ) ;
#398 = ORIENTED_EDGE ( 'NONE', *, *, #2634, .T. ) ;
#399 = B_SPLINE_CURVE_WITH_KNOTS ( 'NONE', 3,
 ( #6685, #9982, #2130, #242, #4504, #2638, #5313, #135, #6734, #3364, #2948, #5424, #6784, #5113, #10031, #8598, #5368, #7842, #5925 ),
 .UNSPECIFIED., .F., .F.,
 ( 4, 1, 1, 1, 1, 1, 1, 1, 1, 1, 1, 1, 1, 1, 1, 1, 4 ),
 ( 0.0000000000000000000, 0.05486731181826618592, 0.1079753909594999006, 0.1598557974559500217, 0.2115222600122139696, 0.2641863201740957678, 0.3183376082143677399, 0.3747761725932210464, 0.4346069298520088275, 0.4966201443570746887, 0.5604683723292162023, 0.6264101314155980926, 0.6944834107562097847, 0.7656292468867323953, 0.8402079978912536662, 0.9182265899183529312, 1.000000000000000000 ),
 .UNSPECIFIED. ) ;
#400 = DIRECTION ( 'NONE',  ( 0.0000000000000000000, 1.000000000000000000, 0.0000000000000000000 ) ) ;
#401 = CARTESIAN_POINT ( 'NONE',  ( 1.050032591455505981, -1.169491871304207287, 7.701000000000002288 ) ) ;
#402 = CARTESIAN_POINT ( 'NONE',  ( 0.4840220583810518340, 1.065118094212996747, 7.700000000000002842 ) ) ;
#403 = CARTESIAN_POINT ( 'NONE',  ( 1.856253339702593985, -1.711881205112635973, 7.700999999999999623 ) ) ;
#404 = MECHANICAL_DESIGN_GEOMETRIC_PRESENTATION_REPRESENTATION (  '', ( #2254 ), #7425 ) ;
#405 = DIRECTION ( 'NONE',  ( -1.000000000000000000, 0.0000000000000000000, 0.0000000000000000000 ) ) ;
#406 = CARTESIAN_POINT ( 'NONE',  ( -0.3820186993795131603, -0.1640759218389085672, 7.700999999999998735 ) ) ;
#407 = PRESENTATION_STYLE_ASSIGNMENT (( #5432 ) ) ;
#408 = DIRECTION ( 'NONE',  ( -0.0000000000000000000, -0.0000000000000000000, -1.000000000000000000 ) ) ;
#409 = PRESENTATION_LAYER_ASSIGNMENT (  '', '', ( #6733 ) ) ;
#410 = ORIENTED_EDGE ( 'NONE', *, *, #9336, .T. ) ;
#411 = CARTESIAN_POINT ( 'NONE',  ( -1.231495673264163315, 0.5590951339825360744, 7.701000000000001400 ) ) ;
#412 = CARTESIAN_POINT ( 'NONE',  ( 0.4245060661454621020, 0.7600236032989883261, 7.700000000000001066 ) ) ;
#413 = CARTESIAN_POINT ( 'NONE',  ( 0.4201805556176050893, 1.210637298753467039, 7.701000000000000512 ) ) ;
#414 =( LENGTH_UNIT ( ) NAMED_UNIT ( * ) SI_UNIT ( .MILLI., .METRE. ) );
#415 = CARTESIAN_POINT ( 'NONE',  ( 1.550098799887320355, -1.596600845378255862, 7.700999999999999623 ) ) ;
#416 = SURFACE_STYLE_FILL_AREA ( #6900 ) ;
#417 = VECTOR ( 'NONE', #510, 1000.000000000000000 ) ;
#418 = STYLED_ITEM ( 'NONE', ( #3375 ), #2506 ) ;
#419 = VERTEX_POINT ( 'NONE', #344 ) ;
#420 =( NAMED_UNIT ( * ) SI_UNIT ( $, .STERADIAN. ) SOLID_ANGLE_UNIT ( ) );
#421 = SURFACE_STYLE_FILL_AREA ( #2855 ) ;
#422 = STYLED_ITEM ( 'NONE', ( #4166 ), #3687 ) ;
#423 = CARTESIAN_POINT ( 'NONE',  ( 0.3092633876279882732, 0.7288892797007604507, 7.701000000000000512 ) ) ;
#424 = MECHANICAL_DESIGN_GEOMETRIC_PRESENTATION_REPRESENTATION (  '', ( #9304 ), #1090 ) ;
#425 = CARTESIAN_POINT ( 'NONE',  ( -1.081993799900720754, 0.9381500213198479265, 7.700999999999999623 ) ) ;
#426 = LINE ( 'NONE', #1155, #10169 ) ;
#427 = FILL_AREA_STYLE ('',( #7773 ) ) ;
#428 = SURFACE_STYLE_FILL_AREA ( #3708 ) ;
#429 = PLANE ( 'NONE',  #10531 ) ;
#430 = VECTOR ( 'NONE', #7249, 1000.000000000000000 ) ;
#431 = EDGE_LOOP ( 'NONE', ( #6028, #3396 ) ) ;
#432 = AXIS2_PLACEMENT_3D ( 'NONE', #6250, #1977, #5265 ) ;
#433 = VERTEX_POINT ( 'NONE', #8604 ) ;
#434 = CARTESIAN_POINT ( 'NONE',  ( 1.189120717648108894, -1.671772131727081057, 7.701000000000000512 ) ) ;
#435 = EDGE_CURVE ( 'NONE', #2822, #1149, #1242, .T. ) ;
#436 = CARTESIAN_POINT ( 'NONE',  ( 1.130216985497991988, -1.259954281957251565, 7.699999999999999289 ) ) ;
#437 = CARTESIAN_POINT ( 'NONE',  ( -0.3126806904540531673, -0.2179960772391698887, 7.701000000000000512 ) ) ;
#438 = DIRECTION ( 'NONE',  ( -1.000000000000000000, 0.0000000000000000000, -1.102578480493733559E-16 ) ) ;
#439 = DIRECTION ( 'NONE',  ( 0.0000000000000000000, 0.0000000000000000000, -1.000000000000000000 ) ) ;
#440 = CARTESIAN_POINT ( 'NONE',  ( 0.1415137252151125180, -0.1338703734566870918, 7.700999999999998735 ) ) ;
#441 = STYLED_ITEM ( 'NONE', ( #6565 ), #4150 ) ;
#442 = CARTESIAN_POINT ( 'NONE',  ( -0.4532190593444468396, -0.2900484538374337729, 7.700000000000001954 ) ) ;
#443 = ORIENTED_EDGE ( 'NONE', *, *, #9405, .T. ) ;
#444 = CARTESIAN_POINT ( 'NONE',  ( 0.1112392443729483815, -0.2119122117480990164, 7.701000000000000512 ) ) ;
#445 = FACE_OUTER_BOUND ( 'NONE', #314, .T. ) ;
#446 = VERTEX_POINT ( 'NONE', #2743 ) ;
#447 = UNCERTAINTY_MEASURE_WITH_UNIT (LENGTH_MEASURE( 1.000000000000000082E-05 ), #9751, 'distance_accuracy_value', 'NONE');
#448 = VECTOR ( 'NONE', #1583, 1000.000000000000000 ) ;
#449 = EDGE_CURVE ( 'NONE', #2522, #291, #8495, .T. ) ;
#450 = EDGE_CURVE ( 'NONE', #7698, #5793, #6991, .T. ) ;
#451 =( NAMED_UNIT ( * ) PLANE_ANGLE_UNIT ( ) SI_UNIT ( $, .RADIAN. ) );
#452 = CARTESIAN_POINT ( 'NONE',  ( 1.568996007524917191, -0.3409063510848060474, 7.700000000000000178 ) ) ;
#453 = FILL_AREA_STYLE ('',( #4450 ) ) ;
#454 = CARTESIAN_POINT ( 'NONE',  ( 8.673617379884035472E-16, 0.0000000000000000000, 0.7000000000000002887 ) ) ;
#455 = CARTESIAN_POINT ( 'NONE',  ( -0.2012655332982714596, -0.3975825886204186199, 7.700000000000000178 ) ) ;
#456 = EDGE_CURVE ( 'NONE', #9643, #5402, #3589, .T. ) ;
#457 = VERTEX_POINT ( 'NONE', #10244 ) ;
#458 = SURFACE_STYLE_FILL_AREA ( #4284 ) ;
#459 = CARTESIAN_POINT ( 'NONE',  ( 1.590332005407798510, -1.752223506030458511, 7.700999999999998735 ) ) ;
#460 = CARTESIAN_POINT ( 'NONE',  ( 0.5043871117277578531, 0.9689193263269743062, 7.700000000000001066 ) ) ;
#461 =( NAMED_UNIT ( * ) SI_UNIT ( $, .STERADIAN. ) SOLID_ANGLE_UNIT ( ) );
#462 = CARTESIAN_POINT ( 'NONE',  ( 0.5902092682244426403, -1.068930881263942645, 7.700000000000000178 ) ) ;
#463 = CARTESIAN_POINT ( 'NONE',  ( 0.5000000000000000000, 3.299999999999999822, 0.0000000000000000000 ) ) ;
#464 = CARTESIAN_POINT ( 'NONE',  ( -0.05935354790636666877, 0.9775119935776857005, 7.701000000000000512 ) ) ;
#465 = UNCERTAINTY_MEASURE_WITH_UNIT (LENGTH_MEASURE( 1.000000000000000082E-05 ), #9450, 'distance_accuracy_value', 'NONE');
#466 = SURFACE_STYLE_USAGE ( .BOTH. , #4397 ) ;
#467 = ADVANCED_FACE ( 'NONE', ( #5375 ), #8656, .F. ) ;
#468 = CARTESIAN_POINT ( 'NONE',  ( 0.2415420890288981215, 0.5794692383921146162, 7.699999999999998401 ) ) ;
#469 = ORIENTED_EDGE ( 'NONE', *, *, #967, .T. ) ;
#470 = CARTESIAN_POINT ( 'NONE',  ( -1.179817640876430929, 0.5636554831658935338, 7.700999999999997847 ) ) ;
#471 = LINE ( 'NONE', #7004, #8601 ) ;
#472 = FACE_OUTER_BOUND ( 'NONE', #9173, .T. ) ;
#473 = CARTESIAN_POINT ( 'NONE',  ( -1.087557420516656936, 0.8826569446640762928, 7.699999999999999289 ) ) ;
#474 = FILL_AREA_STYLE_COLOUR ( '', #4774 ) ;
#475 = CARTESIAN_POINT ( 'NONE',  ( -1.429930011838479675, 0.6175480367402811366, 7.700000000000003730 ) ) ;
#476 = EDGE_LOOP ( 'NONE', ( #6041, #5413, #8913, #4839, #125, #393, #5480, #1819, #2495, #10055, #6125, #4130, #8520, #1599 ) ) ;
#477 = VECTOR ( 'NONE', #5023, 1000.000000000000000 ) ;
#478 =( NAMED_UNIT ( * ) PLANE_ANGLE_UNIT ( ) SI_UNIT ( $, .RADIAN. ) );
#479 = UNCERTAINTY_MEASURE_WITH_UNIT (LENGTH_MEASURE( 1.000000000000000082E-05 ), #4460, 'distance_accuracy_value', 'NONE');
#480 = CARTESIAN_POINT ( 'NONE',  ( 1.101712058212668488, -1.353018607922783056, 7.700000000000000178 ) ) ;
#481 = SURFACE_STYLE_USAGE ( .BOTH. , #9402 ) ;
#482 =( LENGTH_UNIT ( ) NAMED_UNIT ( * ) SI_UNIT ( .MILLI., .METRE. ) );
#483 = SURFACE_SIDE_STYLE ('',( #5606 ) ) ;
#484 = CARTESIAN_POINT ( 'NONE',  ( 2.148653374782161674, -0.06473836450270584186, 7.699999999999998401 ) ) ;
#485 = CARTESIAN_POINT ( 'NONE',  ( 1.991284624883559173, 0.01719227189220833008, 7.700000000000001954 ) ) ;
#486 = EDGE_LOOP ( 'NONE', ( #8197, #9155, #5114, #2579 ) ) ;
#487 = ORIENTED_EDGE ( 'NONE', *, *, #8039, .F. ) ;
#488 = CARTESIAN_POINT ( 'NONE',  ( 1.009552729232102486, -1.485496049142615682, 7.699999999999999289 ) ) ;
#489 = FACE_OUTER_BOUND ( 'NONE', #8564, .T. ) ;
#490 = CARTESIAN_POINT ( 'NONE',  ( 1.108089359789987460, -1.307874833825070970, 7.700999999999997847 ) ) ;
#491 = PLANE ( 'NONE',  #7906 ) ;
#492 = CARTESIAN_POINT ( 'NONE',  ( -3.149999999999999911, 0.0000000000000000000, 7.499999999999999112 ) ) ;
#493 = CARTESIAN_POINT ( 'NONE',  ( 1.108096287704300131, -1.417331104751459625, 7.700000000000000178 ) ) ;
#494 = ORIENTED_EDGE ( 'NONE', *, *, #9465, .F. ) ;
#495 = CARTESIAN_POINT ( 'NONE',  ( 0.06865954094141678288, -0.2779966841637466213, 7.701000000000002288 ) ) ;
#496 = COLOUR_RGB ( '',0.0000000000000000000, 0.0000000000000000000, 0.0000000000000000000 ) ;
#497 = PRESENTATION_LAYER_ASSIGNMENT (  '', '', ( #3707 ) ) ;
#498 = ORIENTED_EDGE ( 'NONE', *, *, #301, .T. ) ;
#499 = ORIENTED_EDGE ( 'NONE', *, *, #7007, .F. ) ;
#500 = CARTESIAN_POINT ( 'NONE',  ( -0.3050981715959366070, -1.406110216290262560, 7.701000000000000512 ) ) ;
#501 = B_SPLINE_CURVE_WITH_KNOTS ( 'NONE', 3,
 ( #5909, #9169, #5742, #1803, #10569, #8958, #6507, #9002, #1654, #2404, #5693 ),
 .UNSPECIFIED., .F., .F.,
 ( 4, 1, 1, 1, 1, 1, 1, 1, 4 ),
 ( 0.0000000000000000000, 0.1540856661426622531, 0.2978862444114980801, 0.4318221066477336834, 0.5568067543262736896, 0.6745942251951292379, 0.7866704123026140305, 0.8946258579883719086, 1.000000000000000000 ),
 .UNSPECIFIED. ) ;
#502 = COLOUR_RGB ( '',0.0000000000000000000, 0.0000000000000000000, 0.0000000000000000000 ) ;
#503 =( LENGTH_UNIT ( ) NAMED_UNIT ( * ) SI_UNIT ( .MILLI., .METRE. ) );
#504 = VECTOR ( 'NONE', #10010, 1000.000000000000000 ) ;
#505 = VERTEX_POINT ( 'NONE', #10520 ) ;
#506 = FILL_AREA_STYLE ('',( #7260 ) ) ;
#507 = SURFACE_STYLE_USAGE ( .BOTH. , #8655 ) ;
#508 = EDGE_CURVE ( 'NONE', #7670, #2738, #10068, .T. ) ;
#509 = SURFACE_STYLE_USAGE ( .BOTH. , #7846 ) ;
#510 = DIRECTION ( 'NONE',  ( 1.000000000000000000, 3.250374050297393521E-15, -0.0000000000000000000 ) ) ;
#511 =( NAMED_UNIT ( * ) SI_UNIT ( $, .STERADIAN. ) SOLID_ANGLE_UNIT ( ) );
#512 = STYLED_ITEM ( 'NONE', ( #5717 ), #1150 ) ;
#513 = VECTOR ( 'NONE', #4108, 1000.000000000000000 ) ;
#514 = CARTESIAN_POINT ( 'NONE',  ( -2.073461490767437354, -0.06283856067570704751, 7.701000000000000512 ) ) ;
#515 = PRESENTATION_STYLE_ASSIGNMENT (( #6364 ) ) ;
#516 = ORIENTED_EDGE ( 'NONE', *, *, #6800, .F. ) ;
#517 = DIRECTION ( 'NONE',  ( -1.000000000000000000, 0.0000000000000000000, 0.0000000000000000000 ) ) ;
#518 = FILL_AREA_STYLE_COLOUR ( '', #6191 ) ;
#519 = MECHANICAL_DESIGN_GEOMETRIC_PRESENTATION_REPRESENTATION (  '', ( #1522 ), #7370 ) ;
#520 = CARTESIAN_POINT ( 'NONE',  ( 1.460530245480272438, -1.593261426377926337, 7.700000000000002842 ) ) ;
#521 = EDGE_CURVE ( 'NONE', #8747, #4034, #2299, .T. ) ;
#522 = EDGE_CURVE ( 'NONE', #9371, #291, #2347, .T. ) ;
#523 = PRESENTATION_STYLE_ASSIGNMENT (( #1253 ) ) ;
#524 =( GEOMETRIC_REPRESENTATION_CONTEXT ( 3 ) GLOBAL_UNCERTAINTY_ASSIGNED_CONTEXT ( ( #4837 ) ) GLOBAL_UNIT_ASSIGNED_CONTEXT ( ( #4656, #10350, #8641 ) ) REPRESENTATION_CONTEXT ( 'NONE', 'WORKASPACE' ) );
#525 = CARTESIAN_POINT ( 'NONE',  ( -1.387337857758997650, 0.5918472058625363630, 7.701000000000000512 ) ) ;
#526 = ORIENTED_EDGE ( 'NONE', *, *, #4894, .T. ) ;
#527 =( GEOMETRIC_REPRESENTATION_CONTEXT ( 3 ) GLOBAL_UNCERTAINTY_ASSIGNED_CONTEXT ( ( #3630 ) ) GLOBAL_UNIT_ASSIGNED_CONTEXT ( ( #1377, #10555, #153 ) ) REPRESENTATION_CONTEXT ( 'NONE', 'WORKASPACE' ) );
#528 = MECHANICAL_DESIGN_GEOMETRIC_PRESENTATION_REPRESENTATION (  '', ( #9059 ), #690 ) ;
#529 = MECHANICAL_DESIGN_GEOMETRIC_PRESENTATION_REPRESENTATION (  '', ( #4965 ), #858 ) ;
#530 = CARTESIAN_POINT ( 'NONE',  ( 0.5136949920701588956, 0.6447103799537275970, 7.701000000000002288 ) ) ;
#531 = COLOUR_RGB ( '',0.0000000000000000000, 0.0000000000000000000, 0.0000000000000000000 ) ;
#532 = LINE ( 'NONE', #5339, #4057 ) ;
#533 = CARTESIAN_POINT ( 'NONE',  ( -1.242357601280369206, 0.5588605670939227332, 7.700000000000000178 ) ) ;
#534 = PLANE ( 'NONE',  #875 ) ;
#535 = CARTESIAN_POINT ( 'NONE',  ( -2.073461490767437354, -1.440868690091399840, 7.700000000000000178 ) ) ;
#536 = FACE_OUTER_BOUND ( 'NONE', #7427, .T. ) ;
#537 = MECHANICAL_DESIGN_GEOMETRIC_PRESENTATION_REPRESENTATION (  '', ( #2560 ), #1372 ) ;
#538 = EDGE_LOOP ( 'NONE', ( #7973, #9043, #9467, #237 ) ) ;
#539 = DIRECTION ( 'NONE',  ( 1.714635274194812242E-16, -1.000000000000000000, 0.0000000000000000000 ) ) ;
#540 =( GEOMETRIC_REPRESENTATION_CONTEXT ( 3 ) GLOBAL_UNCERTAINTY_ASSIGNED_CONTEXT ( ( #971 ) ) GLOBAL_UNIT_ASSIGNED_CONTEXT ( ( #6314, #10333, #7870 ) ) REPRESENTATION_CONTEXT ( 'NONE', 'WORKASPACE' ) );
#541 = FILL_AREA_STYLE_COLOUR ( '', #2400 ) ;
#543 = LINE ( 'NONE', #3566, #7546 ) ;
#542 = COLOUR_RGB ( '',1.000000000000000000, 1.000000000000000000, 1.000000000000000000 ) ;
#544 = DIRECTION ( 'NONE',  ( 0.0000000000000000000, 0.0000000000000000000, -1.000000000000000000 ) ) ;
#545 = CARTESIAN_POINT ( 'NONE',  ( 0.0000000000000000000, -1.100000000000000089, 1.972792206135785653 ) ) ;
#546 = COLOUR_RGB ( '',0.0000000000000000000, 0.0000000000000000000, 0.0000000000000000000 ) ;
#547 = DIRECTION ( 'NONE',  ( 1.566230603695991232E-12, -9.834467976115739510E-14, 1.000000000000000000 ) ) ;
#548 = VERTEX_POINT ( 'NONE', #621 ) ;
#549 = CARTESIAN_POINT ( 'NONE',  ( -0.2012655332982714596, -0.3975825886204186199, 7.701000000000000512 ) ) ;
#550 = CARTESIAN_POINT ( 'NONE',  ( -0.9682748588229931341, -0.6101184793789655725, 7.700000000000000178 ) ) ;
#551 = COLOUR_RGB ( '',0.0000000000000000000, 0.0000000000000000000, 0.0000000000000000000 ) ;
#552 = MECHANICAL_DESIGN_GEOMETRIC_PRESENTATION_REPRESENTATION (  '', ( #9609 ), #527 ) ;
#553 = ORIENTED_EDGE ( 'NONE', *, *, #1614, .T. ) ;
#554 = UNCERTAINTY_MEASURE_WITH_UNIT (LENGTH_MEASURE( 1.000000000000000082E-05 ), #4376, 'distance_accuracy_value', 'NONE');
#555 = VERTEX_POINT ( 'NONE', #5485 ) ;
#556 = DIRECTION ( 'NONE',  ( -1.000000000000000000, 0.0000000000000000000, 0.0000000000000000000 ) ) ;
#557 = CARTESIAN_POINT ( 'NONE',  ( 2.035690977191942252, -0.1346860403947136020, 7.699999999999999289 ) ) ;
#558 = CARTESIAN_POINT ( 'NONE',  ( -1.268120586739537092, 0.5592689367006601353, 7.700000000000000178 ) ) ;
#559 = CARTESIAN_POINT ( 'NONE',  ( -1.489105496668447604, 0.9481810579583865861, 7.699999999999996625 ) ) ;
#560 = SURFACE_SIDE_STYLE ('',( #1452 ) ) ;
#561 =( NAMED_UNIT ( * ) SI_UNIT ( $, .STERADIAN. ) SOLID_ANGLE_UNIT ( ) );
#562 = ORIENTED_EDGE ( 'NONE', *, *, #7405, .F. ) ;
#563 = CARTESIAN_POINT ( 'NONE',  ( 1.568996007524917191, -0.9732897304225965884, 7.700000000000000178 ) ) ;
#564 = CARTESIAN_POINT ( 'NONE',  ( 1.590332005407798510, -1.752223506030458511, 7.700999999999998735 ) ) ;
#565 = CARTESIAN_POINT ( 'NONE',  ( 2.148653374782161674, -1.320560356732234153, 7.701000000000000512 ) ) ;
#566 = UNCERTAINTY_MEASURE_WITH_UNIT (LENGTH_MEASURE( 1.000000000000000082E-05 ), #10164, 'distance_accuracy_value', 'NONE');
#567 = VECTOR ( 'NONE', #3153, 1000.000000000000000 ) ;
#568 = FILL_AREA_STYLE_COLOUR ( '', #252 ) ;
#569 = EDGE_CURVE ( 'NONE', #505, #2875, #8860, .T. ) ;
#570 = CARTESIAN_POINT ( 'NONE',  ( 1.946913123741486729, -1.201940911777728216, 7.700000000000001066 ) ) ;
#571 = ORIENTED_EDGE ( 'NONE', *, *, #4952, .T. ) ;
#572 = VECTOR ( 'NONE', #5150, 1000.000000000000000 ) ;
#573 = SURFACE_STYLE_FILL_AREA ( #2142 ) ;
#574 = CARTESIAN_POINT ( 'NONE',  ( 0.3908450637919553827, 0.7425051164745857246, 7.701000000000000512 ) ) ;
#575 = DIRECTION ( 'NONE',  ( 0.0000000000000000000, 1.000000000000000000, 0.0000000000000000000 ) ) ;
#576 = DIRECTION ( 'NONE',  ( 1.000000000000000000, -0.0000000000000000000, -0.0000000000000000000 ) ) ;
#577 = CARTESIAN_POINT ( 'NONE',  ( -3.299999999999999822, 3.199999999999999289, 0.6999999999999999556 ) ) ;
#578 = VERTEX_POINT ( 'NONE', #8763 ) ;
#579 = STYLED_ITEM ( 'NONE', ( #3263 ), #6188 ) ;
#580 = UNCERTAINTY_MEASURE_WITH_UNIT (LENGTH_MEASURE( 1.000000000000000082E-05 ), #7164, 'distance_accuracy_value', 'NONE');
#581 = EDGE_CURVE ( 'NONE', #6225, #843, #8703, .T. ) ;
#582 = ADVANCED_FACE ( 'NONE', ( #8057 ), #5689, .T. ) ;
#583 = SURFACE_STYLE_FILL_AREA ( #8726 ) ;
#584 = DIRECTION ( 'NONE',  ( -1.000000000000000000, 0.0000000000000000000, -0.0000000000000000000 ) ) ;
#585 = CARTESIAN_POINT ( 'NONE',  ( 1.460507226055816732, 0.1235885858669403814, 7.700000000000003730 ) ) ;
#586 = EDGE_CURVE ( 'NONE', #8141, #4714, #1356, .T. ) ;
#587 = SURFACE_STYLE_USAGE ( .BOTH. , #10334 ) ;
#588 =( GEOMETRIC_REPRESENTATION_CONTEXT ( 3 ) GLOBAL_UNCERTAINTY_ASSIGNED_CONTEXT ( ( #2050 ) ) GLOBAL_UNIT_ASSIGNED_CONTEXT ( ( #1693, #10041, #6797 ) ) REPRESENTATION_CONTEXT ( 'NONE', 'WORKASPACE' ) );
#589 = CARTESIAN_POINT ( 'NONE',  ( -3.033150177620620003, -1.299999999999999600, 0.6999999999999999556 ) ) ;
#590 = CARTESIAN_POINT ( 'NONE',  ( 1.568996007524917413, 0.1266726085839973981, 7.700000000000001066 ) ) ;
#591 = PRESENTATION_STYLE_ASSIGNMENT (( #7681 ) ) ;
#592 = VERTEX_POINT ( 'NONE', #7528 ) ;
#593 = CARTESIAN_POINT ( 'NONE',  ( 0.9893270634133881636, -1.405464833056518925, 7.701000000000000512 ) ) ;
#594 = MECHANICAL_DESIGN_GEOMETRIC_PRESENTATION_REPRESENTATION (  '', ( #422 ), #925 ) ;
#595 = CARTESIAN_POINT ( 'NONE',  ( 1.411166251672157923, -1.136850917609262712, 7.700999999999997847 ) ) ;
#596 = COLOUR_RGB ( '',0.7960784313725489669, 0.8235294117647058432, 0.9372549019607843146 ) ;
#597 = PLANE ( 'NONE',  #4987 ) ;
#598 = SURFACE_STYLE_FILL_AREA ( #1483 ) ;
#599 = LINE ( 'NONE', #3228, #7402 ) ;
#600 = CARTESIAN_POINT ( 'NONE',  ( -0.1203815101010904942, -0.3907189172742123739, 7.700999999999999623 ) ) ;
#601 = FILL_AREA_STYLE_COLOUR ( '', #7395 ) ;
#602 = LINE ( 'NONE', #3029, #8552 ) ;
#603 = ORIENTED_EDGE ( 'NONE', *, *, #3502, .T. ) ;
#604 = CARTESIAN_POINT ( 'NONE',  ( 0.1521028560131126584, -0.09055910310314017886, 7.701000000000003176 ) ) ;
#605 = DIRECTION ( 'NONE',  ( 0.0000000000000000000, -0.0000000000000000000, 1.000000000000000000 ) ) ;
#606 = VECTOR ( 'NONE', #1885, 1000.000000000000000 ) ;
#607 = STYLED_ITEM ( 'NONE', ( #1244 ), #3099 ) ;
#608 = ORIENTED_EDGE ( 'NONE', *, *, #1614, .F. ) ;
#609 = ORIENTED_EDGE ( 'NONE', *, *, #8938, .F. ) ;
#610 = SURFACE_STYLE_FILL_AREA ( #1493 ) ;
#611 = DIRECTION ( 'NONE',  ( 1.221593242852756957E-16, -0.0000000000000000000, -1.000000000000000000 ) ) ;
#612 = AXIS2_PLACEMENT_3D ( 'NONE', #9852, #3185, #8997 ) ;
#613 = FILL_AREA_STYLE_COLOUR ( '', #4410 ) ;
#614 = CARTESIAN_POINT ( 'NONE',  ( -1.335395223851440605, 0.7249772841373226528, 7.700000000000001066 ) ) ;
#615 = AXIS2_PLACEMENT_3D ( 'NONE', #10007, #3616, #2773 ) ;
#616 = PRESENTATION_STYLE_ASSIGNMENT (( #8698 ) ) ;
#617 = CARTESIAN_POINT ( 'NONE',  ( -1.197276228481019000, 0.7230088221314526775, 7.699999999999999289 ) ) ;
#618 = ORIENTED_EDGE ( 'NONE', *, *, #6155, .T. ) ;
#619 = DIRECTION ( 'NONE',  ( 1.000000000000000000, 0.0000000000000000000, -0.0000000000000000000 ) ) ;
#620 = CARTESIAN_POINT ( 'NONE',  ( 0.4000000000000000222, -1.200000000000000178, 0.2000000000000000111 ) ) ;
#621 = CARTESIAN_POINT ( 'NONE',  ( 0.5477020900727332942, 1.210637298753467039, 7.701000000000000512 ) ) ;
#622 = CARTESIAN_POINT ( 'NONE',  ( 1.692603036816546780, -0.9791857920815134619, 7.701000000000001400 ) ) ;
#623 = VECTOR ( 'NONE', #6910, 1000.000000000000000 ) ;
#624 = CARTESIAN_POINT ( 'NONE',  ( 1.726825763377676237, -1.136850917609263378, 7.701000000000000512 ) ) ;
#625 = ORIENTED_EDGE ( 'NONE', *, *, #3101, .T. ) ;
#626 = DIRECTION ( 'NONE',  ( 0.0000000000000000000, 0.0000000000000000000, 1.000000000000000000 ) ) ;
#627 =( NAMED_UNIT ( * ) PLANE_ANGLE_UNIT ( ) SI_UNIT ( $, .RADIAN. ) );
#628 =( NAMED_UNIT ( * ) PLANE_ANGLE_UNIT ( ) SI_UNIT ( $, .RADIAN. ) );
#629 = ORIENTED_EDGE ( 'NONE', *, *, #8762, .T. ) ;
#630 = DIRECTION ( 'NONE',  ( 0.0000000000000000000, 0.0000000000000000000, -1.000000000000000000 ) ) ;
#631 = CARTESIAN_POINT ( 'NONE',  ( 0.4901021574219828758, 0.6255202159546073837, 7.700999999999997847 ) ) ;
#632 = LINE ( 'NONE', #6311, #3051 ) ;
#633 = CARTESIAN_POINT ( 'NONE',  ( 0.4000000000000000222, -3.649999999999999911, 0.2999999999999999889 ) ) ;
#634 = CARTESIAN_POINT ( 'NONE',  ( -0.1928526542890789675, -0.2417229353974841843, 7.701000000000000512 ) ) ;
#635 = FACE_OUTER_BOUND ( 'NONE', #5051, .T. ) ;
#636 = CARTESIAN_POINT ( 'NONE',  ( -1.492530056027409069, 1.017141081542039638, 7.701000000000000512 ) ) ;
#637 = CARTESIAN_POINT ( 'NONE',  ( 0.2189990512243550902, 0.5844052642546903042, 7.699999999999997513 ) ) ;
#638 = ADVANCED_FACE ( 'NONE', ( #7421 ), #8999, .F. ) ;
#639 = CYLINDRICAL_SURFACE ( 'NONE', #6357, 3.150000000000000355 ) ;
#640 = ORIENTED_EDGE ( 'NONE', *, *, #9086, .T. ) ;
#641 = EDGE_CURVE ( 'NONE', #6696, #8611, #2554, .T. ) ;
#642 = CARTESIAN_POINT ( 'NONE',  ( 2.029895727345534251, -1.417331104751459847, 7.700000000000000178 ) ) ;
#643 = DIRECTION ( 'NONE',  ( 1.000000000000000000, 0.0000000000000000000, 0.0000000000000000000 ) ) ;
#644 = CARTESIAN_POINT ( 'NONE',  ( -0.2459123011236401257, 0.9901534577105863821, 7.700999999999999623 ) ) ;
#645 = DIRECTION ( 'NONE',  ( -0.0000000000000000000, 0.0000000000000000000, -1.000000000000000000 ) ) ;
#646 = LINE ( 'NONE', #4713, #6372 ) ;
#647 = CARTESIAN_POINT ( 'NONE',  ( -0.3999999999999996891, 1.000000000000000000, 0.2999999999999999889 ) ) ;
#648 = VERTEX_POINT ( 'NONE', #64 ) ;
#649 = CARTESIAN_POINT ( 'NONE',  ( 2.036574967193720553, -1.362496080374185903, 7.701000000000001400 ) ) ;
#650 = EDGE_CURVE ( 'NONE', #916, #5678, #833, .T. ) ;
#651 = ORIENTED_EDGE ( 'NONE', *, *, #10519, .F. ) ;
#652 =( GEOMETRIC_REPRESENTATION_CONTEXT ( 3 ) GLOBAL_UNCERTAINTY_ASSIGNED_CONTEXT ( ( #4605 ) ) GLOBAL_UNIT_ASSIGNED_CONTEXT ( ( #9430, #4612, #3794 ) ) REPRESENTATION_CONTEXT ( 'NONE', 'WORKASPACE' ) );
#653 = ORIENTED_EDGE ( 'NONE', *, *, #4210, .T. ) ;
#654 = CARTESIAN_POINT ( 'NONE',  ( -1.251002604892196945, 0.5589975992220820311, 7.700000000000000178 ) ) ;
#655 = LINE ( 'NONE', #3891, #3537 ) ;
#656 = CARTESIAN_POINT ( 'NONE',  ( -1.235888763083947239, 0.7150402297113457317, 7.700000000000000178 ) ) ;
#657 = VERTEX_POINT ( 'NONE', #2106 ) ;
#658 = SURFACE_STYLE_FILL_AREA ( #3948 ) ;
#659 = AXIS2_PLACEMENT_3D ( 'NONE', #5783, #2341, #5628 ) ;
#660 = COLOUR_RGB ( '',0.0000000000000000000, 0.0000000000000000000, 0.0000000000000000000 ) ;
#661 = DIRECTION ( 'NONE',  ( 1.000000000000000000, 0.0000000000000000000, -0.0000000000000000000 ) ) ;
#662 = CARTESIAN_POINT ( 'NONE',  ( 0.5353994082763263718, 0.6667125238869127113, 7.699999999999997513 ) ) ;
#663 = CARTESIAN_POINT ( 'NONE',  ( -0.5427353214198598064, -0.03756017665639558439, 7.701000000000001400 ) ) ;
#664 = UNCERTAINTY_MEASURE_WITH_UNIT (LENGTH_MEASURE( 1.000000000000000082E-05 ), #4117, 'distance_accuracy_value', 'NONE');
#665 = APPLICATION_CONTEXT ( 'automotive_design' ) ;
#666 = CARTESIAN_POINT ( 'NONE',  ( 1.990263387852893473, -1.079476954794773569, 7.700999999999999623 ) ) ;
#667 = CARTESIAN_POINT ( 'NONE',  ( -1.081627333894218168, -1.285009036868465460, 7.700000000000000178 ) ) ;
#668 = COLOUR_RGB ( '',0.7960784313725489669, 0.8235294117647058432, 0.9372549019607843146 ) ;
#669 = CARTESIAN_POINT ( 'NONE',  ( 0.3130270440268375642, 0.5730296264778258486, 7.700000000000000178 ) ) ;
#670 = ORIENTED_EDGE ( 'NONE', *, *, #5673, .F. ) ;
#671 = DIRECTION ( 'NONE',  ( -1.000000000000000000, 0.0000000000000000000, 0.0000000000000000000 ) ) ;
#672 = CARTESIAN_POINT ( 'NONE',  ( 0.5050195648897966016, 0.9310127845384669198, 7.701000000000000512 ) ) ;
#673 =( NAMED_UNIT ( * ) SI_UNIT ( $, .STERADIAN. ) SOLID_ANGLE_UNIT ( ) );
#674 = FACE_OUTER_BOUND ( 'NONE', #3510, .T. ) ;
#675 = CARTESIAN_POINT ( 'NONE',  ( 0.6185473869922488710, 0.9168507080903502970, 7.700000000000000178 ) ) ;
#676 = COLOUR_RGB ( '',0.0000000000000000000, 0.0000000000000000000, 0.0000000000000000000 ) ;
#677 = COLOUR_RGB ( '',0.0000000000000000000, 0.0000000000000000000, 0.0000000000000000000 ) ;
#678 = SURFACE_STYLE_USAGE ( .BOTH. , #3963 ) ;
#679 = ORIENTED_EDGE ( 'NONE', *, *, #435, .T. ) ;
#680 = UNCERTAINTY_MEASURE_WITH_UNIT (LENGTH_MEASURE( 1.000000000000000082E-05 ), #823, 'distance_accuracy_value', 'NONE');
#681 = CARTESIAN_POINT ( 'NONE',  ( 0.6074195422467978389, 0.8089118896393429070, 7.701000000000002288 ) ) ;
#682 = COLOUR_RGB ( '',0.0000000000000000000, 0.0000000000000000000, 0.0000000000000000000 ) ;
#683 = LINE ( 'NONE', #6265, #3776 ) ;
#684 = PRESENTATION_STYLE_ASSIGNMENT (( #8023 ) ) ;
#685 = CARTESIAN_POINT ( 'NONE',  ( -0.9682748588229931341, 1.224806358137370044, 7.701000000000000512 ) ) ;
#686 = B_SPLINE_CURVE_WITH_KNOTS ( 'NONE', 3,
 ( #2334, #1541, #6599, #4089, #9843, #9038, #3230, #6550, #2491, #906, #5672, #1594, #8250, #4871, #4147, #10606, #9795, #2442, #7296 ),
 .UNSPECIFIED., .F., .F.,
 ( 4, 1, 1, 1, 1, 1, 1, 1, 1, 1, 1, 1, 1, 1, 1, 1, 4 ),
 ( 0.0000000000000000000, 0.06079322453506912083, 0.1180322918011432187, 0.1732475123901614789, 0.2264527877031670133, 0.2791813127137773298, 0.3318445846712992364, 0.3852775914131837953, 0.4410254252427185939, 0.4987672796499300065, 0.5591009711136654126, 0.6222063739540139027, 0.6892596580808473261, 0.7598128818150974295, 0.8351435673540046345, 0.9151437872061035650, 1.000000000000000000 ),
 .UNSPECIFIED. ) ;
#687 = COLOUR_RGB ( '',0.0000000000000000000, 0.0000000000000000000, 0.0000000000000000000 ) ;
#688 = CARTESIAN_POINT ( 'NONE',  ( 1.904212376553841901, -0.4376051757389551877, 7.700000000000000178 ) ) ;
#689 = SURFACE_STYLE_FILL_AREA ( #8030 ) ;
#690 =( GEOMETRIC_REPRESENTATION_CONTEXT ( 3 ) GLOBAL_UNCERTAINTY_ASSIGNED_CONTEXT ( ( #6375 ) ) GLOBAL_UNIT_ASSIGNED_CONTEXT ( ( #7614, #2097, #5232 ) ) REPRESENTATION_CONTEXT ( 'NONE', 'WORKASPACE' ) );
#691 = AXIS2_PLACEMENT_3D ( 'NONE', #5214, #7752, #1341 ) ;
#692 = EDGE_LOOP ( 'NONE', ( #7581, #10500, #4236, #104 ) ) ;
#693 = CARTESIAN_POINT ( 'NONE',  ( -0.05116206045004765418, 0.7953067455628063387, 7.701000000000000512 ) ) ;
#694 = B_SPLINE_CURVE_WITH_KNOTS ( 'NONE', 3,
 ( #8156, #8211, #820, #6670, #5803, #2409, #4115, #4999, #977, #5700, #9115, #2572, #6514, #873, #2626, #4053, #7375, #5052, #4003 ),
 .UNSPECIFIED., .F., .F.,
 ( 4, 1, 1, 1, 1, 1, 1, 1, 1, 1, 1, 1, 1, 1, 1, 1, 4 ),
 ( 0.0000000000000000000, 0.04884168492194871508, 0.09515004909164227753, 0.1402139855292551252, 0.1852312310825146857, 0.2310911270572748311, 0.2787743462863224719, 0.3294265104152745982, 0.3836547155553255983, 0.4418124758976761934, 0.5050410062454973037, 0.5731174255263764561, 0.6468348477479596292, 0.7260599234294742299, 0.8113613195948689016, 0.9024949605607299752, 1.000000000000000000 ),
 .UNSPECIFIED. ) ;
#695 = CARTESIAN_POINT ( 'NONE',  ( 1.568996007524917413, 0.2825322618069318614, 7.700000000000000178 ) ) ;
#696 = EDGE_CURVE ( 'NONE', #8951, #2949, #2974, .T. ) ;
#697 = PRESENTATION_STYLE_ASSIGNMENT (( #8036 ) ) ;
#698 = CARTESIAN_POINT ( 'NONE',  ( 2.149501702799247127, -0.1214696149015607046, 7.700000000000001954 ) ) ;
#699 = FILL_AREA_STYLE ('',( #8687 ) ) ;
#700 = SURFACE_SIDE_STYLE ('',( #8942 ) ) ;
#701 =( NAMED_UNIT ( * ) SI_UNIT ( $, .STERADIAN. ) SOLID_ANGLE_UNIT ( ) );
#702 = EDGE_LOOP ( 'NONE', ( #4739, #5250, #4909, #10436, #2180, #4499, #9747, #753, #516, #6118, #5067, #4402, #4861, #5865, #3232, #1116, #7778, #2787, #6975, #9486 ) ) ;
#703 = EDGE_LOOP ( 'NONE', ( #8577, #10462, #2499, #3666 ) ) ;
#704 = CARTESIAN_POINT ( 'NONE',  ( 1.631953925736187472, -1.751512463832283206, 7.699999999999999289 ) ) ;
#705 = CARTESIAN_POINT ( 'NONE',  ( -1.552138742880287969, 0.7746566300576390729, 7.699999999999999289 ) ) ;
#706 = EDGE_CURVE ( 'NONE', #9238, #9838, #8049, .T. ) ;
#707 = DIRECTION ( 'NONE',  ( -1.000000000000000000, 0.0000000000000000000, 0.0000000000000000000 ) ) ;
#708 = EDGE_CURVE ( 'NONE', #5830, #114, #1371, .T. ) ;
#709 = LINE ( 'NONE', #861, #991 ) ;
#710 = CARTESIAN_POINT ( 'NONE',  ( -1.081993799900720754, 0.9381500213198479265, 7.700999999999999623 ) ) ;
#711 = VERTEX_POINT ( 'NONE', #4330 ) ;
#712 = DIRECTION ( 'NONE',  ( -1.000000000000000000, 0.0000000000000000000, 0.0000000000000000000 ) ) ;
#713 = AXIS2_PLACEMENT_3D ( 'NONE', #2249, #6298, #9547 ) ;
#714 = EDGE_CURVE ( 'NONE', #6182, #6471, #7983, .T. ) ;
#715 = CARTESIAN_POINT ( 'NONE',  ( 1.677461769569562389, -1.593261426377926115, 7.701000000000002288 ) ) ;
#716 = CARTESIAN_POINT ( 'NONE',  ( 1.726825763377675793, 0.1189710746202652519, 7.700999999999999623 ) ) ;
#717 = TOROIDAL_SURFACE ( 'NONE', #4286, 2.950000000000000622, 0.2000000000000000944 ) ;
#718 = CARTESIAN_POINT ( 'NONE',  ( 1.568996007524917191, -0.9732897304225965884, 7.701000000000000512 ) ) ;
#719 = MECHANICAL_DESIGN_GEOMETRIC_PRESENTATION_REPRESENTATION (  '', ( #1393 ), #9774 ) ;
#720 = AXIS2_PLACEMENT_3D ( 'NONE', #633, #3863, #1470 ) ;
#721 = CARTESIAN_POINT ( 'NONE',  ( 0.6011415258921141147, 1.063663863840197399, 7.701000000000000512 ) ) ;
#722 = PRODUCT ( '572DE5FA-9C1A-48B5-BF31-BAA9CE991F8F', '572DE5FA-9C1A-48B5-BF31-BAA9CE991F8F', '', ( #3430 ) ) ;
#723 = VECTOR ( 'NONE', #113, 1000.000000000000000 ) ;
#724 = ORIENTED_EDGE ( 'NONE', *, *, #8515, .F. ) ;
#725 =( NAMED_UNIT ( * ) SI_UNIT ( $, .STERADIAN. ) SOLID_ANGLE_UNIT ( ) );
#726 =( NAMED_UNIT ( * ) SI_UNIT ( $, .STERADIAN. ) SOLID_ANGLE_UNIT ( ) );
#727 = CARTESIAN_POINT ( 'NONE',  ( -0.3999999999999996891, 1.000000000000000000, 0.2999999999999999889 ) ) ;
#728 = CARTESIAN_POINT ( 'NONE',  ( 1.101712058212668488, -0.09719661569325456496, 7.699999999999998401 ) ) ;
#729 = DIRECTION ( 'NONE',  ( -0.0000000000000000000, -0.0000000000000000000, -1.000000000000000000 ) ) ;
#730 = AXIS2_PLACEMENT_3D ( 'NONE', #10528, #626, #517 ) ;
#731 = CARTESIAN_POINT ( 'NONE',  ( -3.149999999999999911, 0.0000000000000000000, 1.699999999999999956 ) ) ;
#732 = LINE ( 'NONE', #7382, #6498 ) ;
#733 = EDGE_LOOP ( 'NONE', ( #4093, #3436, #808, #3788 ) ) ;
#734 =( LENGTH_UNIT ( ) NAMED_UNIT ( * ) SI_UNIT ( .MILLI., .METRE. ) );
#735 = PRESENTATION_LAYER_ASSIGNMENT (  '', '', ( #8791 ) ) ;
#736 = CARTESIAN_POINT ( 'NONE',  ( 0.3242583198810982670, 0.5733348253452050791, 7.701000000000001400 ) ) ;
#737 = CARTESIAN_POINT ( 'NONE',  ( 0.5902092682244426403, -1.865940471608493967, 7.700000000000000178 ) ) ;
#738 =( NAMED_UNIT ( * ) SI_UNIT ( $, .STERADIAN. ) SOLID_ANGLE_UNIT ( ) );
#739 = CARTESIAN_POINT ( 'NONE',  ( -0.4067191989452216827, 0.1449068118527931381, 7.700999999999999623 ) ) ;
#740 = SURFACE_SIDE_STYLE ('',( #9631 ) ) ;
#741 = CARTESIAN_POINT ( 'NONE',  ( 0.1556800045683915668, 0.6086715898381814815, 7.701000000000003176 ) ) ;
#742 = CARTESIAN_POINT ( 'NONE',  ( 1.506186202316687206, -0.9743720189187836667, 7.699999999999999289 ) ) ;
#743 = ORIENTED_EDGE ( 'NONE', *, *, #7459, .F. ) ;
#744 = CARTESIAN_POINT ( 'NONE',  ( 2.149501702799247127, -0.1214696149015607046, 7.701000000000002288 ) ) ;
#745 = LINE ( 'NONE', #2222, #1680 ) ;
#746 = DIRECTION ( 'NONE',  ( 0.0000000000000000000, 1.000000000000000000, 0.0000000000000000000 ) ) ;
#747 = COLOUR_RGB ( '',0.7960784313725489669, 0.8235294117647058432, 0.9372549019607843146 ) ;
#748 = CARTESIAN_POINT ( 'NONE',  ( 2.060445751672498549, -0.3332844283545050024, 7.700000000000001066 ) ) ;
#749 = DIRECTION ( 'NONE',  ( -0.0000000000000000000, -0.0000000000000000000, -1.000000000000000000 ) ) ;
#750 = CARTESIAN_POINT ( 'NONE',  ( -0.3442615834157584653, -0.3712071442600711757, 7.701000000000000512 ) ) ;
#751 = MECHANICAL_DESIGN_GEOMETRIC_PRESENTATION_REPRESENTATION (  '', ( #1756 ), #8108 ) ;
#752 = ADVANCED_FACE ( 'NONE', ( #7080 ), #7501, .T. ) ;
#753 = ORIENTED_EDGE ( 'NONE', *, *, #6679, .F. ) ;
#754 =( GEOMETRIC_REPRESENTATION_CONTEXT ( 3 ) GLOBAL_UNCERTAINTY_ASSIGNED_CONTEXT ( ( #4637 ) ) GLOBAL_UNIT_ASSIGNED_CONTEXT ( ( #734, #8118, #9623 ) ) REPRESENTATION_CONTEXT ( 'NONE', 'WORKASPACE' ) );
#755 = ORIENTED_EDGE ( 'NONE', *, *, #3547, .T. ) ;
#756 = SURFACE_STYLE_FILL_AREA ( #7999 ) ;
#757 = CARTESIAN_POINT ( 'NONE',  ( 1.299999999999998712, 3.300000000000000711, 1.599999999999999867 ) ) ;
#758 = AXIS2_PLACEMENT_3D ( 'NONE', #3144, #3847, #2345 ) ;
#759 = ORIENTED_EDGE ( 'NONE', *, *, #6618, .T. ) ;
#760 = DIRECTION ( 'NONE',  ( -4.005620958826823358E-14, 4.286456587183207564E-14, 1.000000000000000000 ) ) ;
#761 =( LENGTH_UNIT ( ) NAMED_UNIT ( * ) SI_UNIT ( .MILLI., .METRE. ) );
#762 = CARTESIAN_POINT ( 'NONE',  ( 1.365419857058584041, 0.1126199460832721100, 7.701000000000002288 ) ) ;
#763 = DIRECTION ( 'NONE',  ( 0.0000000000000000000, 1.000000000000000000, 0.0000000000000000000 ) ) ;
#764 = CARTESIAN_POINT ( 'NONE',  ( -0.4532190593444468396, -0.2900484538374337729, 7.700000000000001954 ) ) ;
#765 = EDGE_CURVE ( 'NONE', #7613, #6054, #5458, .T. ) ;
#766 = EDGE_CURVE ( 'NONE', #8611, #1792, #9732, .T. ) ;
#767 = MECHANICAL_DESIGN_GEOMETRIC_PRESENTATION_REPRESENTATION (  '', ( #2460 ), #7461 ) ;
#768 = CIRCLE ( 'NONE', #6764, 0.4500000000000000111 ) ;
#769 = EDGE_CURVE ( 'NONE', #8045, #1880, #8839, .T. ) ;
#770 = CARTESIAN_POINT ( 'NONE',  ( 0.6011415258921141147, 1.063663863840197399, 7.700000000000000178 ) ) ;
#771 =( LENGTH_UNIT ( ) NAMED_UNIT ( * ) SI_UNIT ( .MILLI., .METRE. ) );
#772 = ORIENTED_EDGE ( 'NONE', *, *, #2320, .T. ) ;
#773 = CARTESIAN_POINT ( 'NONE',  ( -0.9688646006334601379, 0.8507360026619501525, 7.701000000000001400 ) ) ;
#774 = CARTESIAN_POINT ( 'NONE',  ( 0.2189990512243550902, 0.5844052642546903042, 7.700999999999998735 ) ) ;
#775 = CARTESIAN_POINT ( 'NONE',  ( 1.101712058212668488, -0.09719661569325456496, 7.701000000000001400 ) ) ;
#776 = CARTESIAN_POINT ( 'NONE',  ( 2.149927442264945476, -0.1071168712504043802, 7.700000000000000178 ) ) ;
#777 = EDGE_CURVE ( 'NONE', #72, #8188, #1531, .T. ) ;
#778 = EDGE_CURVE ( 'NONE', #4263, #4283, #9837, .T. ) ;
#779 = ORIENTED_EDGE ( 'NONE', *, *, #706, .F. ) ;
#780 = UNCERTAINTY_MEASURE_WITH_UNIT (LENGTH_MEASURE( 1.000000000000000082E-05 ), #9860, 'distance_accuracy_value', 'NONE');
#781 = PLANE ( 'NONE',  #4580 ) ;
#782 = CARTESIAN_POINT ( 'NONE',  ( -1.492530056027409069, 1.017141081542039638, 7.701000000000000512 ) ) ;
#783 = DIRECTION ( 'NONE',  ( 0.0000000000000000000, 0.0000000000000000000, 1.000000000000000000 ) ) ;
#784 = SURFACE_SIDE_STYLE ('',( #5444 ) ) ;
#785 = CARTESIAN_POINT ( 'NONE',  ( 1.333419584706074801, -1.726591513596082317, 7.701000000000000512 ) ) ;
#786 =( NAMED_UNIT ( * ) SI_UNIT ( $, .STERADIAN. ) SOLID_ANGLE_UNIT ( ) );
#787 = CARTESIAN_POINT ( 'NONE',  ( 1.077750631565904005, -0.3332956693150405658, 7.700000000000000178 ) ) ;
#788 = FILL_AREA_STYLE_COLOUR ( '', #4674 ) ;
#789 = CARTESIAN_POINT ( 'NONE',  ( 1.949095422145334267, -0.4159564233234122055, 7.700000000000000178 ) ) ;
#790 = CARTESIAN_POINT ( 'NONE',  ( 1.282175708585657103, -1.014347014972642791, 7.699999999999998401 ) ) ;
#791 = ORIENTED_EDGE ( 'NONE', *, *, #2647, .T. ) ;
#792 = CARTESIAN_POINT ( 'NONE',  ( 1.692603036816545670, 0.2766362001480149879, 7.700999999999997847 ) ) ;
#793 = FACE_OUTER_BOUND ( 'NONE', #52, .T. ) ;
#794 = SURFACE_STYLE_USAGE ( .BOTH. , #4866 ) ;
#795 = FILL_AREA_STYLE ('',( #5667 ) ) ;
#796 =( LENGTH_UNIT ( ) NAMED_UNIT ( * ) SI_UNIT ( .MILLI., .METRE. ) );
#797 = SURFACE_STYLE_FILL_AREA ( #4869 ) ;
#798 = CARTESIAN_POINT ( 'NONE',  ( 1.101417047856113829, -0.1066740881446573280, 7.700000000000000178 ) ) ;
#799 = FACE_OUTER_BOUND ( 'NONE', #5296, .T. ) ;
#800 = CARTESIAN_POINT ( 'NONE',  ( -0.2396311353450527037, -0.3965173793396219448, 7.701000000000000512 ) ) ;
#801 = EDGE_LOOP ( 'NONE', ( #8293, #9178, #3268, #5041 ) ) ;
#802 = EDGE_LOOP ( 'NONE', ( #494, #6532, #8663, #9986 ) ) ;
#803 = CARTESIAN_POINT ( 'NONE',  ( 2.110759876910600852, -1.522239644361784272, 7.699999999999999289 ) ) ;
#804 = LINE ( 'NONE', #913, #5962 ) ;
#805 = CARTESIAN_POINT ( 'NONE',  ( 0.05154332654548204884, 0.1151732139268188543, 7.701000000000002288 ) ) ;
#806 =( NAMED_UNIT ( * ) PLANE_ANGLE_UNIT ( ) SI_UNIT ( $, .RADIAN. ) );
#807 = DIRECTION ( 'NONE',  ( -0.0000000000000000000, -0.0000000000000000000, -1.000000000000000000 ) ) ;
#808 = ORIENTED_EDGE ( 'NONE', *, *, #9937, .T. ) ;
#809 = DIRECTION ( 'NONE',  ( 0.0000000000000000000, -0.0000000000000000000, 1.000000000000000000 ) ) ;
#810 = B_SPLINE_SURFACE_WITH_KNOTS ( 'NONE', 3, 1, ( 
 ( #9328, #5682 ),
 ( #805, #1602 ),
 ( #5584, #8193 ),
 ( #10561, #8853 ),
 ( #6343, #2292 ) ),
 .UNSPECIFIED., .F., .F., .F.,
 ( 4, 1, 4 ),
 ( 2, 2 ),
 ( 0.0000000000000000000, 0.4881291047886925361, 1.000000000000000000 ),
 ( 0.0000000000000000000, 1.000000000000000000 ),
 .UNSPECIFIED. ) ;
#811 = CARTESIAN_POINT ( 'NONE',  ( -0.05935354790636666877, 0.9775119935776857005, 7.700000000000000178 ) ) ;
#812 = FILL_AREA_STYLE ('',( #3145 ) ) ;
#813 = DIRECTION ( 'NONE',  ( -1.224646799147353207E-16, 1.000000000000000000, -1.496020254719664150E-32 ) ) ;
#814 = SURFACE_SIDE_STYLE ('',( #2402 ) ) ;
#815 = LINE ( 'NONE', #5046, #2016 ) ;
#816 = CARTESIAN_POINT ( 'NONE',  ( 3.270710678118654791, -1.929289321881331398, 0.0000000000000000000 ) ) ;
#817 = STYLED_ITEM ( 'NONE', ( #1376 ), #8579 ) ;
#818 = EDGE_CURVE ( 'NONE', #3350, #3728, #4791, .T. ) ;
#819 = ORIENTED_EDGE ( 'NONE', *, *, #7313, .F. ) ;
#820 = CARTESIAN_POINT ( 'NONE',  ( 2.035705237722671423, -1.334555240607410154, 7.700000000000001066 ) ) ;
#821 = CARTESIAN_POINT ( 'NONE',  ( 0.2886294088147235426, 0.5733612519710301614, 7.701000000000001400 ) ) ;
#822 = CARTESIAN_POINT ( 'NONE',  ( 1.568996007524917191, -0.3409063510848060474, 7.700000000000000178 ) ) ;
#823 =( LENGTH_UNIT ( ) NAMED_UNIT ( * ) SI_UNIT ( .MILLI., .METRE. ) );
#824 = AXIS2_PLACEMENT_3D ( 'NONE', #5949, #4269, #322 ) ;
#825 = STYLED_ITEM ( 'NONE', ( #323 ), #1979 ) ;
#826 = ORIENTED_EDGE ( 'NONE', *, *, #4359, .F. ) ;
#827 = DIRECTION ( 'NONE',  ( 0.0000000000000000000, 0.0000000000000000000, 1.000000000000000000 ) ) ;
#828 = LINE ( 'NONE', #3208, #10131 ) ;
#829 = ADVANCED_FACE ( 'NONE', ( #4750 ), #639, .T. ) ;
#830 = EDGE_CURVE ( 'NONE', #1691, #1330, #6743, .T. ) ;
#831 = CARTESIAN_POINT ( 'NONE',  ( -1.492530056027409069, 1.017141081542039638, 7.700000000000000178 ) ) ;
#832 = CARTESIAN_POINT ( 'NONE',  ( 1.077750631565904005, -1.589117661544569238, 7.701000000000001400 ) ) ;
#833 = CIRCLE ( 'NONE', #8395, 0.3499999999999996447 ) ;
#834 = AXIS2_PLACEMENT_3D ( 'NONE', #4310, #2706, #7769 ) ;
#835 = CARTESIAN_POINT ( 'NONE',  ( -0.3874558292648735969, 0.1975179055035130304, 7.700000000000000178 ) ) ;
#836 = AXIS2_PLACEMENT_3D ( 'NONE', #5473, #8753, #1390 ) ;
#837 = ORIENTED_EDGE ( 'NONE', *, *, #5033, .T. ) ;
#838 = CARTESIAN_POINT ( 'NONE',  ( 0.4626877337693144909, -0.3692444698526123337, 7.701000000000000512 ) ) ;
#839 = SURFACE_STYLE_USAGE ( .BOTH. , #1429 ) ;
#840 = VECTOR ( 'NONE', #10014, 1000.000000000000000 ) ;
#841 = CARTESIAN_POINT ( 'NONE',  ( 0.1760937976981940267, 0.5990954874106664274, 7.700999999999997847 ) ) ;
#842 = CARTESIAN_POINT ( 'NONE',  ( 1.189181081725741329, -1.054600471518734484, 7.700000000000000178 ) ) ;
#843 = VERTEX_POINT ( 'NONE', #255 ) ;
#844 = CARTESIAN_POINT ( 'NONE',  ( 1.750209852977628655, 0.2682543131396331604, 7.701000000000000512 ) ) ;
#845 = AXIS2_PLACEMENT_3D ( 'NONE', #3196, #9558, #8068 ) ;
#846 = CARTESIAN_POINT ( 'NONE',  ( 2.148653374782161674, -0.06473836450270584186, 7.699999999999997513 ) ) ;
#847 = SURFACE_STYLE_USAGE ( .BOTH. , #10603 ) ;
#848 = FILL_AREA_STYLE ('',( #8940 ) ) ;
#849 = CARTESIAN_POINT ( 'NONE',  ( 1.250008856936397406, -0.2967942051096081335, 7.699999999999996625 ) ) ;
#850 = SURFACE_SIDE_STYLE ('',( #8185 ) ) ;
#851 = AXIS2_PLACEMENT_3D ( 'NONE', #3981, #3077, #643 ) ;
#852 = STYLED_ITEM ( 'NONE', ( #1873 ), #385 ) ;
#853 = CARTESIAN_POINT ( 'NONE',  ( -0.5210752786443944018, -0.1610552418542463005, 7.701000000000002288 ) ) ;
#854 = VECTOR ( 'NONE', #729, 1000.000000000000000 ) ;
#855 = ORIENTED_EDGE ( 'NONE', *, *, #6008, .T. ) ;
#856 = COLOUR_RGB ( '',0.0000000000000000000, 0.0000000000000000000, 0.0000000000000000000 ) ;
#857 = SURFACE_STYLE_USAGE ( .BOTH. , #5086 ) ;
#858 =( GEOMETRIC_REPRESENTATION_CONTEXT ( 3 ) GLOBAL_UNCERTAINTY_ASSIGNED_CONTEXT ( ( #5604 ) ) GLOBAL_UNIT_ASSIGNED_CONTEXT ( ( #7660, #8405, #3548 ) ) REPRESENTATION_CONTEXT ( 'NONE', 'WORKASPACE' ) );
#859 = DIRECTION ( 'NONE',  ( 1.000000000000000000, 0.0000000000000000000, 0.0000000000000000000 ) ) ;
#860 = FACE_OUTER_BOUND ( 'NONE', #7996, .T. ) ;
#861 = CARTESIAN_POINT ( 'NONE',  ( -0.1928526542890789675, -0.2417229353974841843, 7.701000000000000512 ) ) ;
#862 = CARTESIAN_POINT ( 'NONE',  ( -1.863582298643372326, -0.1502882240607342212, 7.701000000000000512 ) ) ;
#863 = ORIENTED_EDGE ( 'NONE', *, *, #1661, .F. ) ;
#864 =( LENGTH_UNIT ( ) NAMED_UNIT ( * ) SI_UNIT ( .MILLI., .METRE. ) );
#865 = CARTESIAN_POINT ( 'NONE',  ( 0.5719240193132723027, 0.7177202561458559948, 7.700999999999998735 ) ) ;
#866 = CARTESIAN_POINT ( 'NONE',  ( -0.2012655332982714596, -0.3975825886204186199, 7.700000000000000178 ) ) ;
#867 = CARTESIAN_POINT ( 'NONE',  ( -0.4000000000000000222, 3.649999999999999911, 0.2999999999999999889 ) ) ;
#868 = MECHANICAL_DESIGN_GEOMETRIC_PRESENTATION_REPRESENTATION (  '', ( #6541 ), #7567 ) ;
#869 = LINE ( 'NONE', #5796, #9036 ) ;
#870 = SURFACE_STYLE_USAGE ( .BOTH. , #1708 ) ;
#871 = PRESENTATION_LAYER_ASSIGNMENT (  '', '', ( #10110 ) ) ;
#872 = ORIENTED_EDGE ( 'NONE', *, *, #9004, .F. ) ;
#873 = CARTESIAN_POINT ( 'NONE',  ( 1.772572157991250341, -1.143202046146256423, 7.699999999999998401 ) ) ;
#874 = CARTESIAN_POINT ( 'NONE',  ( 1.387774831242257978, -1.738333993556119506, 7.700000000000000178 ) ) ;
#875 = AXIS2_PLACEMENT_3D ( 'NONE', #2921, #5445, #4641 ) ;
#876 = FILL_AREA_STYLE_COLOUR ( '', #10114 ) ;
#877 = SURFACE_SIDE_STYLE ('',( #932 ) ) ;
#878 = CARTESIAN_POINT ( 'NONE',  ( 1.101716121119868719, -0.1161511478022595328, 7.700999999999999623 ) ) ;
#879 = PRESENTATION_LAYER_ASSIGNMENT (  '', '', ( #6024 ) ) ;
#880 = ORIENTED_EDGE ( 'NONE', *, *, #3577, .T. ) ;
#881 = ADVANCED_FACE ( 'NONE', ( #6694 ), #892, .F. ) ;
#882 = CARTESIAN_POINT ( 'NONE',  ( -1.029016714143008437, 0.6562330987775764068, 7.700000000000000178 ) ) ;
#883 = UNCERTAINTY_MEASURE_WITH_UNIT (LENGTH_MEASURE( 1.000000000000000082E-05 ), #9054, 'distance_accuracy_value', 'NONE');
#884 = CIRCLE ( 'NONE', #6885, 0.09999999999999982514 ) ;
#885 = DIRECTION ( 'NONE',  ( 0.0000000000000000000, -0.0000000000000000000, -1.000000000000000000 ) ) ;
#886 = VECTOR ( 'NONE', #903, 1000.000000000000000 ) ;
#887 = CARTESIAN_POINT ( 'NONE',  ( 1.568996007524917191, -0.4967660043077405385, 7.699999999999999289 ) ) ;
#888 = EDGE_LOOP ( 'NONE', ( #8238, #3212, #10483, #9231 ) ) ;
#889 = CARTESIAN_POINT ( 'NONE',  ( 1.445391071436133545, -0.4908631053358911700, 7.700999999999995183 ) ) ;
#890 = SURFACE_SIDE_STYLE ('',( #8234 ) ) ;
#891 = CARTESIAN_POINT ( 'NONE',  ( -0.02485285025049822905, 0.7649803476242902356, 7.699999999999999289 ) ) ;
#892 = PLANE ( 'NONE',  #6517 ) ;
#893 = ORIENTED_EDGE ( 'NONE', *, *, #6419, .T. ) ;
#894 = EDGE_CURVE ( 'NONE', #3629, #9869, #3898, .T. ) ;
#895 =( GEOMETRIC_REPRESENTATION_CONTEXT ( 3 ) GLOBAL_UNCERTAINTY_ASSIGNED_CONTEXT ( ( #3097 ) ) GLOBAL_UNIT_ASSIGNED_CONTEXT ( ( #7060, #10372, #725 ) ) REPRESENTATION_CONTEXT ( 'NONE', 'WORKASPACE' ) );
#896 = ADVANCED_FACE ( 'NONE', ( #6045 ), #5600, .T. ) ;
#897 = CARTESIAN_POINT ( 'NONE',  ( 1.590258041323004523, 0.2821658913889864007, 7.701000000000002288 ) ) ;
#898 = B_SPLINE_SURFACE_WITH_KNOTS ( 'NONE', 3, 1, ( 
 ( #1956, #2717 ),
 ( #5188, #4485 ),
 ( #3714, #7936 ),
 ( #5518, #4542 ),
 ( #595, #1221 ),
 ( #10174, #7137 ),
 ( #7879, #6273 ),
 ( #9471, #9521 ),
 ( #6110, #10218 ),
 ( #10343, #4591 ),
 ( #2157, #8681 ),
 ( #3617, #10391 ),
 ( #2980, #9358 ),
 ( #5405, #436 ),
 ( #8793, #2006 ),
 ( #1315, #7726 ),
 ( #2111, #376 ),
 ( #3827, #5454 ),
 ( #8632, #5299 ) ),
 .UNSPECIFIED., .F., .F., .F.,
 ( 4, 1, 1, 1, 1, 1, 1, 1, 1, 1, 1, 1, 1, 1, 1, 1, 4 ),
 ( 2, 2 ),
 ( 0.0000000000000000000, 0.09750503943927001094, 0.1886386804051315425, 0.2739400765705257701, 0.3531651522520403153, 0.4268825744736234884, 0.4949589937545025853, 0.5581875241023237511, 0.6163452844446744017, 0.6705734895847257349, 0.7212256537136771950, 0.7689088729427254743, 0.8147687689174853976, 0.8597860144707449859, 0.9048499509083577363, 0.9511583150780513751, 1.000000000000000000 ),
 ( 0.0000000000000000000, 1.000000000000000000 ),
 .UNSPECIFIED. ) ;
#899 = CARTESIAN_POINT ( 'NONE',  ( 1.804618295758528168, 0.2566148049587326785, 7.700000000000001066 ) ) ;
#900 = CARTESIAN_POINT ( 'NONE',  ( 2.036279956837165894, -1.353018607922783501, 7.699999999999999289 ) ) ;
#901 = EDGE_CURVE ( 'NONE', #8642, #10130, #5390, .T. ) ;
#902 = CARTESIAN_POINT ( 'NONE',  ( -0.9682748588229931341, -0.4746268490203918722, 7.701000000000000512 ) ) ;
#903 = DIRECTION ( 'NONE',  ( -0.0000000000000000000, -0.0000000000000000000, -1.000000000000000000 ) ) ;
#904 = CARTESIAN_POINT ( 'NONE',  ( 0.01685977392953173087, -0.1039679140933800205, 7.699999999999998401 ) ) ;
#905 = CARTESIAN_POINT ( 'NONE',  ( -1.492530056027409069, 1.068946704914435442, 7.701000000000000512 ) ) ;
#906 = CARTESIAN_POINT ( 'NONE',  ( -0.01055176779929884769, -0.1533874813587814967, 7.700999999999999623 ) ) ;
#907 = SURFACE_STYLE_FILL_AREA ( #3986 ) ;
#908 = VERTEX_POINT ( 'NONE', #8721 ) ;
#909 = EDGE_CURVE ( 'NONE', #4283, #8553, #5276, .T. ) ;
#910 = ORIENTED_EDGE ( 'NONE', *, *, #4813, .F. ) ;
#911 = STYLED_ITEM ( 'NONE', ( #1569 ), #6267 ) ;
#912 = CYLINDRICAL_SURFACE ( 'NONE', #1175, 3.300000000000028244 ) ;
#913 = CARTESIAN_POINT ( 'NONE',  ( -2.073461490767437354, -1.285009036868465460, 7.700000000000000178 ) ) ;
#914 = CARTESIAN_POINT ( 'NONE',  ( 1.853131385462633896, -0.3086036480344714894, 7.700000000000000178 ) ) ;
#915 = CARTESIAN_POINT ( 'NONE',  ( -3.199999999999999289, 3.299999999999999822, 0.0000000000000000000 ) ) ;
#916 = VERTEX_POINT ( 'NONE', #10376 ) ;
#917 = DIRECTION ( 'NONE',  ( -1.000000000000000000, 0.0000000000000000000, 0.0000000000000000000 ) ) ;
#918 = SURFACE_STYLE_USAGE ( .BOTH. , #8263 ) ;
#919 = PRESENTATION_STYLE_ASSIGNMENT (( #8318 ) ) ;
#920 = VECTOR ( 'NONE', #630, 1000.000000000000000 ) ;
#921 = CARTESIAN_POINT ( 'NONE',  ( 0.5983616437709846636, 0.7765438599567667799, 7.701000000000001400 ) ) ;
#922 = FILL_AREA_STYLE_COLOUR ( '', #5030 ) ;
#923 = CARTESIAN_POINT ( 'NONE',  ( 0.4840220583810518340, 1.065118094212996747, 7.700000000000002842 ) ) ;
#924 = CARTESIAN_POINT ( 'NONE',  ( -0.3324544385028451177, -0.2074522004029046574, 7.699999999999998401 ) ) ;
#925 =( GEOMETRIC_REPRESENTATION_CONTEXT ( 3 ) GLOBAL_UNCERTAINTY_ASSIGNED_CONTEXT ( ( #241 ) ) GLOBAL_UNIT_ASSIGNED_CONTEXT ( ( #1019, #4221, #9966 ) ) REPRESENTATION_CONTEXT ( 'NONE', 'WORKASPACE' ) );
#926 = AXIS2_PLACEMENT_3D ( 'NONE', #4012, #7322, #5557 ) ;
#927 = FILL_AREA_STYLE ('',( #9760 ) ) ;
#928 = ORIENTED_EDGE ( 'NONE', *, *, #5690, .F. ) ;
#929 = CARTESIAN_POINT ( 'NONE',  ( 1.284860629587199599, -1.564425640263999773, 7.700999999999997847 ) ) ;
#930 = CARTESIAN_POINT ( 'NONE',  ( 3.299999999999999822, -1.858578643762676341, 0.0000000000000000000 ) ) ;
#931 = FACE_OUTER_BOUND ( 'NONE', #7149, .T. ) ;
#932 = SURFACE_STYLE_FILL_AREA ( #7543 ) ;
#933 = CARTESIAN_POINT ( 'NONE',  ( 1.513535354417957501, -0.3405321625305861022, 7.700000000000000178 ) ) ;
#934 = AXIS2_PLACEMENT_3D ( 'NONE', #8990, #5764, #10136 ) ;
#935 = PRESENTATION_LAYER_ASSIGNMENT (  '', '', ( #607 ) ) ;
#936 = ORIENTED_EDGE ( 'NONE', *, *, #4823, .T. ) ;
#937 = LINE ( 'NONE', #2440, #7451 ) ;
#938 = DIRECTION ( 'NONE',  ( -0.0000000000000000000, 0.0000000000000000000, -1.000000000000000000 ) ) ;
#939 = AXIS2_PLACEMENT_3D ( 'NONE', #2670, #4445, #6873 ) ;
#940 = CARTESIAN_POINT ( 'NONE',  ( 3.300000000000042455, -1.300000000000000044, 0.6999999999999999556 ) ) ;
#941 =( LENGTH_UNIT ( ) NAMED_UNIT ( * ) SI_UNIT ( .MILLI., .METRE. ) );
#942 = CARTESIAN_POINT ( 'NONE',  ( 2.168404344971008868E-14, 2.168404344971008868E-14, 0.6999999999999999556 ) ) ;
#943 = ORIENTED_EDGE ( 'NONE', *, *, #4885, .F. ) ;
#944 = SURFACE_SIDE_STYLE ('',( #4904 ) ) ;
#945 = FILL_AREA_STYLE_COLOUR ( '', #2883 ) ;
#946 = CARTESIAN_POINT ( 'NONE',  ( -1.555848040149226286, 0.7833516017076379567, 7.701000000000000512 ) ) ;
#947 = AXIS2_PLACEMENT_3D ( 'NONE', #9039, #101, #4202 ) ;
#948 = EDGE_LOOP ( 'NONE', ( #7198, #10295, #10203, #4662, #4192, #2823, #759, #9312, #8996, #3561, #9766, #2124, #4162, #2695 ) ) ;
#949 = DIRECTION ( 'NONE',  ( 0.0000000000000000000, 0.0000000000000000000, 1.000000000000000000 ) ) ;
#950 = CARTESIAN_POINT ( 'NONE',  ( 2.060239570695361788, 0.1186191209248758094, 7.701000000000000512 ) ) ;
#951 = CARTESIAN_POINT ( 'NONE',  ( 0.4084028551743391078, 0.7501983291835454537, 7.700999999999999623 ) ) ;
#952 =( NAMED_UNIT ( * ) SI_UNIT ( $, .STERADIAN. ) SOLID_ANGLE_UNIT ( ) );
#953 = CARTESIAN_POINT ( 'NONE',  ( -3.033150177620620003, -1.299999999999999600, 1.000000000000000000 ) ) ;
#954 = ADVANCED_FACE ( 'NONE', ( #8563 ), #8214, .T. ) ;
#955 = PLANE ( 'NONE',  #9394 ) ;
#956 = CARTESIAN_POINT ( 'NONE',  ( -0.4927865278611351929, -0.2306456009733207912, 7.701000000000001400 ) ) ;
#957 = VERTEX_POINT ( 'NONE', #5229 ) ;
#958 = EDGE_LOOP ( 'NONE', ( #982, #7635, #5921, #9396 ) ) ;
#959 = CARTESIAN_POINT ( 'NONE',  ( 1.750209852977628655, -0.9875676790898949564, 7.699999999999999289 ) ) ;
#960 = CARTESIAN_POINT ( 'NONE',  ( -2.374231001663239304, 1.750864686588075703, 7.701000000000000512 ) ) ;
#961 = CARTESIAN_POINT ( 'NONE',  ( 2.036574967193720109, -0.1066740881446573280, 7.701000000000001400 ) ) ;
#962 = DIRECTION ( 'NONE',  ( -0.0000000000000000000, -0.0000000000000000000, -1.000000000000000000 ) ) ;
#963 = CARTESIAN_POINT ( 'NONE',  ( 3.300000000000042455, -1.300000000000000044, 1.000000000000000000 ) ) ;
#964 = ADVANCED_FACE ( 'NONE', ( #10434 ), #8919, .T. ) ;
#965 = VERTEX_POINT ( 'NONE', #4059 ) ;
#966 = SURFACE_STYLE_FILL_AREA ( #8905 ) ;
#967 = EDGE_CURVE ( 'NONE', #8441, #4354, #3112, .T. ) ;
#968 = FACE_OUTER_BOUND ( 'NONE', #201, .T. ) ;
#969 = CARTESIAN_POINT ( 'NONE',  ( 0.5719240193132723027, 0.7177202561458559948, 7.699999999999998401 ) ) ;
#970 = CARTESIAN_POINT ( 'NONE',  ( 0.5001101554738259791, 0.9996995968238465702, 7.699999999999997513 ) ) ;
#971 = UNCERTAINTY_MEASURE_WITH_UNIT (LENGTH_MEASURE( 1.000000000000000082E-05 ), #6314, 'distance_accuracy_value', 'NONE');
#972 = CIRCLE ( 'NONE', #4757, 3.022727272727273817 ) ;
#973 = DIRECTION ( 'NONE',  ( 1.000000000000000000, -0.0000000000000000000, -0.0000000000000000000 ) ) ;
#974 =( NAMED_UNIT ( * ) PLANE_ANGLE_UNIT ( ) SI_UNIT ( $, .RADIAN. ) );
#975 = SURFACE_STYLE_FILL_AREA ( #8488 ) ;
#976 = ORIENTED_EDGE ( 'NONE', *, *, #5610, .T. ) ;
#977 = CARTESIAN_POINT ( 'NONE',  ( 1.946913123741486729, -1.201940911777728216, 7.700000000000001954 ) ) ;
#978 = FILL_AREA_STYLE_COLOUR ( '', #18 ) ;
#979 = CARTESIAN_POINT ( 'NONE',  ( 2.148665991867709124, -1.405465515667228882, 7.700999999999999623 ) ) ;
#980 = CARTESIAN_POINT ( 'NONE',  ( 1.550098799887321022, -0.3407788531487275230, 7.700000000000001954 ) ) ;
#981 = CARTESIAN_POINT ( 'NONE',  ( -0.4298476370812195357, -0.01871969251046251559, 7.701000000000001400 ) ) ;
#982 = ORIENTED_EDGE ( 'NONE', *, *, #8515, .T. ) ;
#983 = CARTESIAN_POINT ( 'NONE',  ( 1.282175708585657548, 0.2414749772568856867, 7.699999999999999289 ) ) ;
#984 =( NAMED_UNIT ( * ) SI_UNIT ( $, .STERADIAN. ) SOLID_ANGLE_UNIT ( ) );
#985 = CARTESIAN_POINT ( 'NONE',  ( -0.9682748588229931341, 0.8887339808754176618, 7.701000000000000512 ) ) ;
#986 = PLANE ( 'NONE',  #1722 ) ;
#987 = FILL_AREA_STYLE ('',( #8336 ) ) ;
#988 = ORIENTED_EDGE ( 'NONE', *, *, #6419, .F. ) ;
#989 = DIRECTION ( 'NONE',  ( 0.9358351905393215153, 0.3524379323345199766, 0.0000000000000000000 ) ) ;
#990 = DIRECTION ( 'NONE',  ( 0.0000000000000000000, 0.0000000000000000000, 1.000000000000000000 ) ) ;
#991 = VECTOR ( 'NONE', #8098, 1000.000000000000000 ) ;
#992 = PRESENTATION_LAYER_ASSIGNMENT (  '', '', ( #1998 ) ) ;
#993 = MECHANICAL_DESIGN_GEOMETRIC_PRESENTATION_REPRESENTATION (  '', ( #2860 ), #9182 ) ;
#994 = EDGE_LOOP ( 'NONE', ( #5753, #5314, #2312, #2689 ) ) ;
#995 = CARTESIAN_POINT ( 'NONE',  ( 2.128493721508961656, 0.01517166443006287210, 7.700999999999999623 ) ) ;
#996 = CIRCLE ( 'NONE', #5446, 0.4500000000000000111 ) ;
#997 = DIRECTION ( 'NONE',  ( -6.771044279148323534E-14, -1.564774653237898810E-12, 1.000000000000000000 ) ) ;
#998 =( NAMED_UNIT ( * ) PLANE_ANGLE_UNIT ( ) SI_UNIT ( $, .RADIAN. ) );
#999 =( NAMED_UNIT ( * ) PLANE_ANGLE_UNIT ( ) SI_UNIT ( $, .RADIAN. ) );
#1000 = FACE_OUTER_BOUND ( 'NONE', #8806, .T. ) ;
#1001 = CARTESIAN_POINT ( 'NONE',  ( 2.035705237722671423, -0.07873324837788142627, 7.701000000000003176 ) ) ;
#1002 = VECTOR ( 'NONE', #4905, 1000.000000000000000 ) ;
#1003 = VECTOR ( 'NONE', #8571, 1000.000000000000000 ) ;
#1004 = TOROIDAL_SURFACE ( 'NONE', #4601, 3.150000000000000799, 0.3499999999999998113 ) ;
#1005 = ORIENTED_EDGE ( 'NONE', *, *, #8501, .F. ) ;
#1006 =( NAMED_UNIT ( * ) PLANE_ANGLE_UNIT ( ) SI_UNIT ( $, .RADIAN. ) );
#1007 = COLOUR_RGB ( '',0.0000000000000000000, 0.0000000000000000000, 0.0000000000000000000 ) ;
#1008 = CARTESIAN_POINT ( 'NONE',  ( -0.4262908134595503884, -0.06077703228688790399, 7.701000000000000512 ) ) ;
#1009 = FACE_OUTER_BOUND ( 'NONE', #4345, .T. ) ;
#1010 = CARTESIAN_POINT ( 'NONE',  ( -0.2696850217700849650, 1.171593157429500431, 7.700999999999997847 ) ) ;
#1011 = LINE ( 'NONE', #6009, #7336 ) ;
#1012 = LINE ( 'NONE', #862, #2586 ) ;
#1013 =( GEOMETRIC_REPRESENTATION_CONTEXT ( 3 ) GLOBAL_UNCERTAINTY_ASSIGNED_CONTEXT ( ( #3860 ) ) GLOBAL_UNIT_ASSIGNED_CONTEXT ( ( #6520, #2414, #4688 ) ) REPRESENTATION_CONTEXT ( 'NONE', 'WORKASPACE' ) );
#1014 =( NAMED_UNIT ( * ) SI_UNIT ( $, .STERADIAN. ) SOLID_ANGLE_UNIT ( ) );
#1015 = ORIENTED_EDGE ( 'NONE', *, *, #9483, .F. ) ;
#1016 = DIRECTION ( 'NONE',  ( 0.0000000000000000000, -0.0000000000000000000, 1.000000000000000000 ) ) ;
#1017 = MECHANICAL_DESIGN_GEOMETRIC_PRESENTATION_REPRESENTATION (  '', ( #2889 ), #5467 ) ;
#1018 =( NAMED_UNIT ( * ) PLANE_ANGLE_UNIT ( ) SI_UNIT ( $, .RADIAN. ) );
#1019 =( LENGTH_UNIT ( ) NAMED_UNIT ( * ) SI_UNIT ( .MILLI., .METRE. ) );
#1020 = VERTEX_POINT ( 'NONE', #7226 ) ;
#1021 = VECTOR ( 'NONE', #37, 1000.000000000000000 ) ;
#1022 = EDGE_CURVE ( 'NONE', #5207, #2109, #732, .T. ) ;
#1023 = ADVANCED_FACE ( 'NONE', ( #7277 ), #1517, .T. ) ;
#1024 = CARTESIAN_POINT ( 'NONE',  ( -0.9682748588229931341, -1.837602352840687958, 7.701000000000000512 ) ) ;
#1025 = CARTESIAN_POINT ( 'NONE',  ( -0.2915008597588024664, -0.2266110134856840208, 7.700000000000002842 ) ) ;
#1026 = SURFACE_SIDE_STYLE ('',( #8971 ) ) ;
#1027 = CARTESIAN_POINT ( 'NONE',  ( 0.08876798670258598256, 0.8211837447775678367, 7.700999999999996959 ) ) ;
#1028 = EDGE_CURVE ( 'NONE', #10035, #9377, #1312, .T. ) ;
#1029 = EDGE_LOOP ( 'NONE', ( #8976, #7487, #7813, #2324 ) ) ;
#1030 = LINE ( 'NONE', #10144, #9103 ) ;
#1031 = CARTESIAN_POINT ( 'NONE',  ( -0.3874558292648735969, 0.1975179055035130304, 7.701000000000000512 ) ) ;
#1032 = CARTESIAN_POINT ( 'NONE',  ( 2.008236848425914101, 1.153961061217854356, 7.701000000000000512 ) ) ;
#1033 = CARTESIAN_POINT ( 'NONE',  ( 3.200000000000000178, -1.858578643762676785, 0.0000000000000000000 ) ) ;
#1034 = SURFACE_STYLE_FILL_AREA ( #5919 ) ;
#1035 = CARTESIAN_POINT ( 'NONE',  ( 1.631953925736187472, -0.4956904716027548119, 7.700999999999999623 ) ) ;
#1036 = ORIENTED_EDGE ( 'NONE', *, *, #4432, .F. ) ;
#1037 = SURFACE_STYLE_USAGE ( .BOTH. , #8220 ) ;
#1038 = PRESENTATION_LAYER_ASSIGNMENT (  '', '', ( #5656 ) ) ;
#1039 =( NAMED_UNIT ( * ) PLANE_ANGLE_UNIT ( ) SI_UNIT ( $, .RADIAN. ) );
#1040 = ORIENTED_EDGE ( 'NONE', *, *, #5942, .T. ) ;
#1041 = PLANE ( 'NONE',  #3248 ) ;
#1042 = CARTESIAN_POINT ( 'NONE',  ( -2.073461490767437354, -0.2102853348894490049, 7.701000000000000512 ) ) ;
#1043 = EDGE_LOOP ( 'NONE', ( #9202, #8692, #10550, #3574, #2673, #3250, #9132 ) ) ;
#1044 = CARTESIAN_POINT ( 'NONE',  ( -0.9682748588229931341, -0.6101184793789655725, 7.700000000000000178 ) ) ;
#1045 = CARTESIAN_POINT ( 'NONE',  ( 1.189120717648108672, -0.4159501394975528288, 7.701000000000000512 ) ) ;
#1046 = CIRCLE ( 'NONE', #9258, 0.1000000000000015599 ) ;
#1047 = FILL_AREA_STYLE ('',( #945 ) ) ;
#1048 = STYLED_ITEM ( 'NONE', ( #5133 ), #9858 ) ;
#1049 = CARTESIAN_POINT ( 'NONE',  ( -0.09986820208221466877, 0.8517615915455453157, 7.700000000000000178 ) ) ;
#1050 = STYLED_ITEM ( 'NONE', ( #684 ), #6661 ) ;
#1051 = VERTEX_POINT ( 'NONE', #8676 ) ;
#1052 = FILL_AREA_STYLE_COLOUR ( '', #8281 ) ;
#1053 = COLOUR_RGB ( '',0.0000000000000000000, 0.0000000000000000000, 0.0000000000000000000 ) ;
#1054 = CARTESIAN_POINT ( 'NONE',  ( -2.073461490767437354, 1.068946704914435442, 7.700000000000000178 ) ) ;
#1055 = CARTESIAN_POINT ( 'NONE',  ( 8.673617379884035472E-16, 0.0000000000000000000, 1.700000000000000400 ) ) ;
#1056 = CARTESIAN_POINT ( 'NONE',  ( -0.06572190064978278290, -0.2076363021390852104, 7.700000000000000178 ) ) ;
#1057 =( NAMED_UNIT ( * ) SI_UNIT ( $, .STERADIAN. ) SOLID_ANGLE_UNIT ( ) );
#1058 = FACE_OUTER_BOUND ( 'NONE', #2423, .T. ) ;
#1059 = ORIENTED_EDGE ( 'NONE', *, *, #2315, .T. ) ;
#1060 = B_SPLINE_CURVE_WITH_KNOTS ( 'NONE', 3,
 ( #2616, #2784, #1800, #8363, #7582, #4443, #7736, #5954, #10183, #2829, #6116, #223, #9367, #6765, #10016, #2669, #9215, #1911, #10067 ),
 .UNSPECIFIED., .F., .F.,
 ( 4, 1, 1, 1, 1, 1, 1, 1, 1, 1, 1, 1, 1, 1, 1, 1, 4 ),
 ( 0.0000000000000000000, 0.09740740189187964415, 0.1884696562417149113, 0.2736508078079417094, 0.3527965507480324003, 0.4264401553664738387, 0.4945451753022214181, 0.5577103911930283431, 0.6159629279777023569, 0.6701368312172597541, 0.7205132282169417479, 0.7684108135375797843, 0.8142247872934238462, 0.8591969544233386546, 0.9045728410396769448, 0.9512072231381230036, 1.000000000000000000 ),
 .UNSPECIFIED. ) ;
#1061 = EDGE_LOOP ( 'NONE', ( #8332, #7114, #87, #8287, #772, #7398, #7529, #7951, #10597, #2732, #8065, #1337, #1128, #8850, #4606 ) ) ;
#1062 = CARTESIAN_POINT ( 'NONE',  ( 2.027539931693435715, -1.107167481825129807, 7.701000000000001400 ) ) ;
#1063 = DIRECTION ( 'NONE',  ( 0.0000000000000000000, 1.000000000000000000, 0.0000000000000000000 ) ) ;
#1064 = CARTESIAN_POINT ( 'NONE',  ( 1.970852870559638648, -0.2502706809640753427, 7.701000000000003176 ) ) ;
#1065 = PRESENTATION_STYLE_ASSIGNMENT (( #10127 ) ) ;
#1066 = CARTESIAN_POINT ( 'NONE',  ( 0.9884906633286032474, -0.1214693845204695144, 7.700000000000001954 ) ) ;
#1067 =( NAMED_UNIT ( * ) PLANE_ANGLE_UNIT ( ) SI_UNIT ( $, .RADIAN. ) );
#1068 = ORIENTED_EDGE ( 'NONE', *, *, #5882, .T. ) ;
#1069 = FACE_BOUND ( 'NONE', #4723, .T. ) ;
#1070 = CARTESIAN_POINT ( 'NONE',  ( -0.5365081734943158986, 0.09855885902975060342, 7.700999999999998735 ) ) ;
#1071 = CARTESIAN_POINT ( 'NONE',  ( 0.05167007909992451381, 0.08836414843925879947, 7.701000000000002288 ) ) ;
#1072 = CARTESIAN_POINT ( 'NONE',  ( 1.147728627196940687, -1.079476954794773569, 7.701000000000000512 ) ) ;
#1073 = DIRECTION ( 'NONE',  ( 0.0000000000000000000, -0.0000000000000000000, 1.000000000000000000 ) ) ;
#1074 = ORIENTED_EDGE ( 'NONE', *, *, #10340, .F. ) ;
#1075 = CARTESIAN_POINT ( 'NONE',  ( 0.4761538703278921925, 0.8152038811720746514, 7.699999999999999289 ) ) ;
#1076 =( LENGTH_UNIT ( ) NAMED_UNIT ( * ) SI_UNIT ( .MILLI., .METRE. ) );
#1077 = CARTESIAN_POINT ( 'NONE',  ( 0.02852317962957789596, 0.8797912196760592218, 7.699999999999999289 ) ) ;
#1078 = ORIENTED_EDGE ( 'NONE', *, *, #8893, .F. ) ;
#1079 = CARTESIAN_POINT ( 'NONE',  ( -0.4299630074165829985, -0.009925979538943811159, 7.701000000000000512 ) ) ;
#1080 = CARTESIAN_POINT ( 'NONE',  ( 0.5001101554738259791, 0.9996995968238465702, 7.700999999999997847 ) ) ;
#1081 = CARTESIAN_POINT ( 'NONE',  ( 1.027261769593190710, -1.203967053607076565, 7.699999999999999289 ) ) ;
#1082 = EDGE_CURVE ( 'NONE', #7222, #10082, #6161, .T. ) ;
#1083 = EDGE_CURVE ( 'NONE', #7863, #299, #9802, .T. ) ;
#1084 = CARTESIAN_POINT ( 'NONE',  ( 1.299999999999998712, 3.300000000000000711, 1.599999999999999867 ) ) ;
#1085 = CARTESIAN_POINT ( 'NONE',  ( -0.5000000000000000000, 1.100000000000000089, 0.2999999999999999889 ) ) ;
#1086 = ADVANCED_FACE ( 'NONE', ( #5450 ), #2105, .T. ) ;
#1087 = ORIENTED_EDGE ( 'NONE', *, *, #1288, .F. ) ;
#1088 = PRESENTATION_LAYER_ASSIGNMENT (  '', '', ( #6421 ) ) ;
#1089 = CARTESIAN_POINT ( 'NONE',  ( 1.189181081725741551, 0.2012215207107939663, 7.699999999999999289 ) ) ;
#1090 =( GEOMETRIC_REPRESENTATION_CONTEXT ( 3 ) GLOBAL_UNCERTAINTY_ASSIGNED_CONTEXT ( ( #5393 ) ) GLOBAL_UNIT_ASSIGNED_CONTEXT ( ( #9018, #4238, #9871 ) ) REPRESENTATION_CONTEXT ( 'NONE', 'WORKASPACE' ) );
#1091 = CARTESIAN_POINT ( 'NONE',  ( -0.5149773637200018017, -1.318660552905235317, 7.700000000000000178 ) ) ;
#1092 = UNCERTAINTY_MEASURE_WITH_UNIT (LENGTH_MEASURE( 1.000000000000000082E-05 ), #7505, 'distance_accuracy_value', 'NONE');
#1093 = CARTESIAN_POINT ( 'NONE',  ( -3.200000000000000178, 3.200000000000000178, 0.6999999999999999556 ) ) ;
#1094 = EDGE_LOOP ( 'NONE', ( #8521, #9432, #6911, #9534 ) ) ;
#1095 = CARTESIAN_POINT ( 'NONE',  ( 1.858578643762689664, -3.299999999999999822, 0.0000000000000000000 ) ) ;
#1096 =( NAMED_UNIT ( * ) PLANE_ANGLE_UNIT ( ) SI_UNIT ( $, .RADIAN. ) );
#1097 = SURFACE_STYLE_USAGE ( .BOTH. , #6788 ) ;
#1098 = VERTEX_POINT ( 'NONE', #3611 ) ;
#1099 = SURFACE_STYLE_FILL_AREA ( #9341 ) ;
#1100 = SURFACE_STYLE_FILL_AREA ( #8457 ) ;
#1101 = EDGE_CURVE ( 'NONE', #7655, #7569, #2058, .T. ) ;
#1102 = SURFACE_STYLE_FILL_AREA ( #9026 ) ;
#1103 = LINE ( 'NONE', #4190, #7125 ) ;
#1104 = VERTEX_POINT ( 'NONE', #7931 ) ;
#1105 = DIRECTION ( 'NONE',  ( 1.227398685832646557E-16, 1.000000000000000000, 0.0000000000000000000 ) ) ;
#1106 = AXIS2_PLACEMENT_3D ( 'NONE', #5362, #2120, #5414 ) ;
#1107 = MECHANICAL_DESIGN_GEOMETRIC_PRESENTATION_REPRESENTATION (  '', ( #2293 ), #7948 ) ;
#1108 = CARTESIAN_POINT ( 'NONE',  ( 1.550101069194856906, -1.129313119628636342, 7.700000000000001954 ) ) ;
#1109 = SURFACE_SIDE_STYLE ('',( #5285 ) ) ;
#1110 = CARTESIAN_POINT ( 'NONE',  ( 1.016402691552694915, 0.8280726953880822583, 7.701000000000000512 ) ) ;
#1111 = LINE ( 'NONE', #4312, #10465 ) ;
#1112 = CARTESIAN_POINT ( 'NONE',  ( 1.016402691552694915, 0.9697632892271136340, 7.701000000000000512 ) ) ;
#1113 = CARTESIAN_POINT ( 'NONE',  ( -1.341773149834416090, 0.5734907586734151463, 7.701000000000003176 ) ) ;
#1114 = FACE_OUTER_BOUND ( 'NONE', #5786, .T. ) ;
#1115 = VERTEX_POINT ( 'NONE', #9310 ) ;
#1116 = ORIENTED_EDGE ( 'NONE', *, *, #7739, .F. ) ;
#1117 = CARTESIAN_POINT ( 'NONE',  ( 1.568996007524917191, -1.752587996537268822, 7.701000000000000512 ) ) ;
#1118 = CARTESIAN_POINT ( 'NONE',  ( -0.3948728784741775133, -0.1462824007345643051, 7.700999999999998735 ) ) ;
#1119 = CARTESIAN_POINT ( 'NONE',  ( 0.4500000000000000111, -1.100000000000000089, 0.2999999999999999889 ) ) ;
#1120 = CARTESIAN_POINT ( 'NONE',  ( -0.09986820208221466877, 0.8517615915455453157, 7.701000000000000512 ) ) ;
#1121 = SURFACE_STYLE_USAGE ( .BOTH. , #9102 ) ;
#1122 = SURFACE_SIDE_STYLE ('',( #7789 ) ) ;
#1123 = CARTESIAN_POINT ( 'NONE',  ( -0.4500000000000000111, -1.100000000000000089, 0.7000000000000000666 ) ) ;
#1124 = ORIENTED_EDGE ( 'NONE', *, *, #1736, .T. ) ;
#1125 = CARTESIAN_POINT ( 'NONE',  ( -0.9682748588229931341, -0.8882753741191777852, 7.701000000000000512 ) ) ;
#1126 = CARTESIAN_POINT ( 'NONE',  ( 0.04814775440799547862, 0.02399190514000253127, 7.701000000000000512 ) ) ;
#1127 = CARTESIAN_POINT ( 'NONE',  ( 1.027261769593190710, -1.203967053607076565, 7.700999999999999623 ) ) ;
#1128 = ORIENTED_EDGE ( 'NONE', *, *, #894, .T. ) ;
#1129 = CARTESIAN_POINT ( 'NONE',  ( -3.299999999999998934, -1.300000000000000044, 0.6999999999999999556 ) ) ;
#1130 = SURFACE_STYLE_FILL_AREA ( #6184 ) ;
#1131 = CARTESIAN_POINT ( 'NONE',  ( -1.081627333894218168, -1.837602352840687958, 7.701000000000000512 ) ) ;
#1132 = VERTEX_POINT ( 'NONE', #589 ) ;
#1133 = CARTESIAN_POINT ( 'NONE',  ( -0.4067191989452216827, 0.1449068118527931381, 7.700999999999999623 ) ) ;
#1134 =( NAMED_UNIT ( * ) PLANE_ANGLE_UNIT ( ) SI_UNIT ( $, .RADIAN. ) );
#1135 = SURFACE_STYLE_FILL_AREA ( #8494 ) ;
#1136 = LINE ( 'NONE', #6940, #8206 ) ;
#1137 = CARTESIAN_POINT ( 'NONE',  ( -0.4296228996451132431, -0.03584954223178495741, 7.701000000000000512 ) ) ;
#1138 = ORIENTED_EDGE ( 'NONE', *, *, #7135, .F. ) ;
#1139 = CARTESIAN_POINT ( 'NONE',  ( 2.036574967193720109, -0.1066740881446573280, 7.701000000000001400 ) ) ;
#1140 = ADVANCED_FACE ( 'NONE', ( #3819 ), #5238, .F. ) ;
#1141 = ORIENTED_EDGE ( 'NONE', *, *, #1994, .F. ) ;
#1142 = CARTESIAN_POINT ( 'NONE',  ( -1.007022842411878782, 0.6912422706694119068, 7.701000000000003176 ) ) ;
#1143 = CARTESIAN_POINT ( 'NONE',  ( 0.4654128810461275467, 0.7991339397219376917, 7.700999999999998735 ) ) ;
#1144 = DIRECTION ( 'NONE',  ( -1.000000000000000000, 0.0000000000000000000, 0.0000000000000000000 ) ) ;
#1145 = VERTEX_POINT ( 'NONE', #10497 ) ;
#1146 = CARTESIAN_POINT ( 'NONE',  ( 1.191078891308347432, 0.05388108045180030337, 7.701000000000001400 ) ) ;
#1147 = CARTESIAN_POINT ( 'NONE',  ( 1.250008856936398072, -1.552616197339137472, 7.701000000000001400 ) ) ;
#1148 = FILL_AREA_STYLE_COLOUR ( '', #7018 ) ;
#1149 = VERTEX_POINT ( 'NONE', #4858 ) ;
#1150 = ADVANCED_FACE ( 'NONE', ( #8880 ), #6476, .T. ) ;
#1151 = EDGE_CURVE ( 'NONE', #9708, #965, #5657, .T. ) ;
#1152 = PLANE ( 'NONE',  #7885 ) ;
#1153 = CARTESIAN_POINT ( 'NONE',  ( 0.0000000000000000000, -1.100000000000000089, 0.2999999999999999889 ) ) ;
#1154 = PRESENTATION_STYLE_ASSIGNMENT (( #7021 ) ) ;
#1155 = CARTESIAN_POINT ( 'NONE',  ( 0.4000000000000003553, -1.000000000000000000, 0.2999999999999999889 ) ) ;
#1156 =( LENGTH_UNIT ( ) NAMED_UNIT ( * ) SI_UNIT ( .MILLI., .METRE. ) );
#1157 = ADVANCED_FACE ( 'NONE', ( #4747 ), #8788, .T. ) ;
#1158 =( GEOMETRIC_REPRESENTATION_CONTEXT ( 3 ) GLOBAL_UNCERTAINTY_ASSIGNED_CONTEXT ( ( #780 ) ) GLOBAL_UNIT_ASSIGNED_CONTEXT ( ( #9860, #10019, #3345 ) ) REPRESENTATION_CONTEXT ( 'NONE', 'WORKASPACE' ) );
#1159 = MECHANICAL_DESIGN_GEOMETRIC_PRESENTATION_REPRESENTATION (  '', ( #310 ), #6308 ) ;
#1160 = FILL_AREA_STYLE_COLOUR ( '', #167 ) ;
#1161 = CARTESIAN_POINT ( 'NONE',  ( 2.027539931693435715, 0.1486545104043988097, 7.700000000000001066 ) ) ;
#1162 = CARTESIAN_POINT ( 'NONE',  ( -1.242357601280369206, 0.5588605670939227332, 7.701000000000000512 ) ) ;
#1163 = ORIENTED_EDGE ( 'NONE', *, *, #7776, .T. ) ;
#1164 = VECTOR ( 'NONE', #9475, 1000.000000000000000 ) ;
#1165 = ORIENTED_EDGE ( 'NONE', *, *, #10403, .F. ) ;
#1166 = LINE ( 'NONE', #6056, #7435 ) ;
#1167 = CARTESIAN_POINT ( 'NONE',  ( 1.233985478711282724, -1.032544301204454396, 7.700999999999999623 ) ) ;
#1168 = CARTESIAN_POINT ( 'NONE',  ( 1.853131385462634340, -1.564425640264000217, 7.699999999999998401 ) ) ;
#1169 = LINE ( 'NONE', #8525, #7860 ) ;
#1170 =( LENGTH_UNIT ( ) NAMED_UNIT ( * ) SI_UNIT ( .MILLI., .METRE. ) );
#1171 = SURFACE_STYLE_FILL_AREA ( #9104 ) ;
#1172 = SURFACE_SIDE_STYLE ('',( #8529 ) ) ;
#1173 = ORIENTED_EDGE ( 'NONE', *, *, #7707, .F. ) ;
#1174 =( GEOMETRIC_REPRESENTATION_CONTEXT ( 3 ) GLOBAL_UNCERTAINTY_ASSIGNED_CONTEXT ( ( #3838 ) ) GLOBAL_UNIT_ASSIGNED_CONTEXT ( ( #8890, #2382, #3172 ) ) REPRESENTATION_CONTEXT ( 'NONE', 'WORKASPACE' ) );
#1175 = AXIS2_PLACEMENT_3D ( 'NONE', #2611, #5897, #4156 ) ;
#1176 = CARTESIAN_POINT ( 'NONE',  ( 0.05144679117215950753, 0.06211221019792672465, 7.701000000000001400 ) ) ;
#1177 = EDGE_LOOP ( 'NONE', ( #2230, #2304, #3947, #1937 ) ) ;
#1178 = UNCERTAINTY_MEASURE_WITH_UNIT (LENGTH_MEASURE( 1.000000000000000082E-05 ), #10316, 'distance_accuracy_value', 'NONE');
#1179 = AXIS2_PLACEMENT_3D ( 'NONE', #8843, #5613, #5456 ) ;
#1180 = LINE ( 'NONE', #10139, #7853 ) ;
#1181 =( GEOMETRIC_REPRESENTATION_CONTEXT ( 3 ) GLOBAL_UNCERTAINTY_ASSIGNED_CONTEXT ( ( #3727 ) ) GLOBAL_UNIT_ASSIGNED_CONTEXT ( ( #2099, #1308, #3862 ) ) REPRESENTATION_CONTEXT ( 'NONE', 'WORKASPACE' ) );
#1182 = CARTESIAN_POINT ( 'NONE',  ( 2.036275893929965441, -0.1161511478022595467, 7.699999999999999289 ) ) ;
#1183 = CIRCLE ( 'NONE', #7361, 3.299999999999999822 ) ;
#1184 = CARTESIAN_POINT ( 'NONE',  ( -1.310695236763734339, 0.7191878356285535956, 7.699999999999998401 ) ) ;
#1185 = SURFACE_SIDE_STYLE ('',( #975 ) ) ;
#1186 = MECHANICAL_DESIGN_GEOMETRIC_PRESENTATION_REPRESENTATION (  '', ( #3054 ), #2730 ) ;
#1187 = ORIENTED_EDGE ( 'NONE', *, *, #5228, .F. ) ;
#1188 = LINE ( 'NONE', #10194, #10313 ) ;
#1189 = CARTESIAN_POINT ( 'NONE',  ( 1.904212376553841901, -1.693427167968483804, 7.700000000000000178 ) ) ;
#1190 = FACE_OUTER_BOUND ( 'NONE', #9589, .T. ) ;
#1191 =( GEOMETRIC_REPRESENTATION_CONTEXT ( 3 ) GLOBAL_UNCERTAINTY_ASSIGNED_CONTEXT ( ( #1420 ) ) GLOBAL_UNIT_ASSIGNED_CONTEXT ( ( #1076, #7588, #10583 ) ) REPRESENTATION_CONTEXT ( 'NONE', 'WORKASPACE' ) );
#1192 = PRESENTATION_LAYER_ASSIGNMENT (  '', '', ( #163 ) ) ;
#1193 = MECHANICAL_DESIGN_GEOMETRIC_PRESENTATION_REPRESENTATION (  '', ( #4625 ), #5479 ) ;
#1194 =( GEOMETRIC_REPRESENTATION_CONTEXT ( 3 ) GLOBAL_UNCERTAINTY_ASSIGNED_CONTEXT ( ( #8620 ) ) GLOBAL_UNIT_ASSIGNED_CONTEXT ( ( #6818, #6018, #3471 ) ) REPRESENTATION_CONTEXT ( 'NONE', 'WORKASPACE' ) );
#1195 = VERTEX_POINT ( 'NONE', #4248 ) ;
#1196 = CARTESIAN_POINT ( 'NONE',  ( -1.077104262341315621, 0.6061527886515043484, 7.701000000000001400 ) ) ;
#1197 = CARTESIAN_POINT ( 'NONE',  ( 0.4761538703278921925, 0.8152038811720746514, 7.700999999999999623 ) ) ;
#1198 = VERTEX_POINT ( 'NONE', #3265 ) ;
#1199 = VECTOR ( 'NONE', #8955, 1000.000000000000114 ) ;
#1200 = PRESENTATION_STYLE_ASSIGNMENT (( #8560 ) ) ;
#1201 = CARTESIAN_POINT ( 'NONE',  ( 1.108096287704300131, -1.417331104751459625, 7.700000000000000178 ) ) ;
#1202 = ADVANCED_FACE ( 'NONE', ( #7558 ), #1889, .F. ) ;
#1203 = CARTESIAN_POINT ( 'NONE',  ( -1.531778411189958611, 0.7331676925874910378, 7.700000000000000178 ) ) ;
#1204 = ORIENTED_EDGE ( 'NONE', *, *, #245, .F. ) ;
#1205 = PRESENTATION_LAYER_ASSIGNMENT (  '', '', ( #2051 ) ) ;
#1206 = DIRECTION ( 'NONE',  ( 1.221593242852756957E-16, -0.0000000000000000000, -1.000000000000000000 ) ) ;
#1207 = COLOUR_RGB ( '',0.0000000000000000000, 0.0000000000000000000, 0.0000000000000000000 ) ;
#1208 = CARTESIAN_POINT ( 'NONE',  ( 3.300000000000000266, 1.300000000000002487, 1.599999999999999867 ) ) ;
#1209 = FACE_OUTER_BOUND ( 'NONE', #4614, .T. ) ;
#1210 = PLANE ( 'NONE',  #2901 ) ;
#1211 = CARTESIAN_POINT ( 'NONE',  ( 1.990263387852894361, 0.1763450374347547422, 7.700000000000000178 ) ) ;
#1212 = VECTOR ( 'NONE', #3068, 1000.000000000000000 ) ;
#1213 = CARTESIAN_POINT ( 'NONE',  ( 2.036574967193720109, -0.1066740881446573280, 7.701000000000001400 ) ) ;
#1214 = ADVANCED_FACE ( 'NONE', ( #9191 ), #1733, .T. ) ;
#1215 = ADVANCED_FACE ( 'NONE', ( #2480 ), #1958, .T. ) ;
#1216 = EDGE_LOOP ( 'NONE', ( #1306, #5497, #10306, #1731, #9590, #1492, #1586 ) ) ;
#1217 = ORIENTED_EDGE ( 'NONE', *, *, #3896, .F. ) ;
#1218 = EDGE_CURVE ( 'NONE', #8535, #4714, #6676, .T. ) ;
#1219 = CARTESIAN_POINT ( 'NONE',  ( 2.087959423594328623, -1.169491871304207509, 7.701000000000002288 ) ) ;
#1220 = B_SPLINE_CURVE_WITH_KNOTS ( 'NONE', 3,
 ( #5843, #4320, #1645, #7626, #4922, #4094, #6649, #9101, #2663, #1796, #8256 ),
 .UNSPECIFIED., .F., .F.,
 ( 4, 1, 1, 1, 1, 1, 1, 1, 4 ),
 ( 0.0000000000000000000, 0.1540856661426622531, 0.2978862444114980801, 0.4318221066477336834, 0.5568067543262736896, 0.6745942251951292379, 0.7866704123026140305, 0.8946258579883719086, 1.000000000000000000 ),
 .UNSPECIFIED. ) ;
#1221 = CARTESIAN_POINT ( 'NONE',  ( 1.411166251672157923, -1.136850917609262712, 7.699999999999997513 ) ) ;
#1222 = PRESENTATION_LAYER_ASSIGNMENT (  '', '', ( #5853 ) ) ;
#1223 = CARTESIAN_POINT ( 'NONE',  ( 1.411166251672157923, -1.136850917609262712, 7.700999999999997847 ) ) ;
#1224 = CARTESIAN_POINT ( 'NONE',  ( 1.077750631565904005, -0.3332956693150405658, 7.700000000000001066 ) ) ;
#1225 = VERTEX_POINT ( 'NONE', #5244 ) ;
#1226 = STYLED_ITEM ( 'NONE', ( #6923 ), #9678 ) ;
#1227 = CARTESIAN_POINT ( 'NONE',  ( 0.04647161436715990801, 0.1833488461196098873, 7.701000000000000512 ) ) ;
#1228 = PRESENTATION_LAYER_ASSIGNMENT (  '', '', ( #7250 ) ) ;
#1229 = EDGE_CURVE ( 'NONE', #592, #10137, #8524, .T. ) ;
#1230 = ORIENTED_EDGE ( 'NONE', *, *, #8762, .F. ) ;
#1231 = COLOUR_RGB ( '',0.0000000000000000000, 0.0000000000000000000, 0.0000000000000000000 ) ;
#1232 = LINE ( 'NONE', #10356, #3713 ) ;
#1233 = PLANE ( 'NONE',  #6933 ) ;
#1234 = CARTESIAN_POINT ( 'NONE',  ( -1.284331856552713091, 0.7151637655159539531, 7.701000000000002288 ) ) ;
#1235 = DIRECTION ( 'NONE',  ( 0.9358337227334573294, 0.3524418298029316499, 0.0000000000000000000 ) ) ;
#1236 = DIRECTION ( 'NONE',  ( -0.9402068109987337108, 0.3406040994345067574, 0.0000000000000000000 ) ) ;
#1237 = ORIENTED_EDGE ( 'NONE', *, *, #1848, .F. ) ;
#1238 = CARTESIAN_POINT ( 'NONE',  ( 0.9971684801081067695, -1.279577037141638396, 7.701000000000002288 ) ) ;
#1239 = FILL_AREA_STYLE_COLOUR ( '', #78 ) ;
#1240 = CARTESIAN_POINT ( 'NONE',  ( 1.016402691552694915, 0.8280726953880822583, 7.701000000000000512 ) ) ;
#1241 = AXIS2_PLACEMENT_3D ( 'NONE', #8147, #9052, #809 ) ;
#1242 = LINE ( 'NONE', #4511, #8735 ) ;
#1243 = CARTESIAN_POINT ( 'NONE',  ( 2.128493721508960768, -1.240650327799465380, 7.700999999999997847 ) ) ;
#1244 = PRESENTATION_STYLE_ASSIGNMENT (( #466 ) ) ;
#1245 = FILL_AREA_STYLE ('',( #5323 ) ) ;
#1246 = PRESENTATION_LAYER_ASSIGNMENT (  '', '', ( #10148 ) ) ;
#1247 = PRESENTATION_STYLE_ASSIGNMENT (( #2651 ) ) ;
#1248 = VERTEX_POINT ( 'NONE', #4372 ) ;
#1249 = CARTESIAN_POINT ( 'NONE',  ( -0.9951677543757254663, 0.7186018340115548630, 7.699999999999996625 ) ) ;
#1250 = CARTESIAN_POINT ( 'NONE',  ( 0.5021780607383964368, 0.8928209720837009256, 7.699999999999999289 ) ) ;
#1251 = CARTESIAN_POINT ( 'NONE',  ( -1.858578643762690774, -3.200000000000000178, 0.6999999999999999556 ) ) ;
#1252 = CARTESIAN_POINT ( 'NONE',  ( 1.167139144490196179, -1.506092673193603515, 7.701000000000000512 ) ) ;
#1253 = SURFACE_STYLE_USAGE ( .BOTH. , #9508 ) ;
#1254 = CARTESIAN_POINT ( 'NONE',  ( -1.449820490163804099, 0.6330394874920726167, 7.699999999999999289 ) ) ;
#1255 =( GEOMETRIC_REPRESENTATION_CONTEXT ( 3 ) GLOBAL_UNCERTAINTY_ASSIGNED_CONTEXT ( ( #3014 ) ) GLOBAL_UNIT_ASSIGNED_CONTEXT ( ( #1257, #478, #420 ) ) REPRESENTATION_CONTEXT ( 'NONE', 'WORKASPACE' ) );
#1256 = ORIENTED_EDGE ( 'NONE', *, *, #2390, .T. ) ;
#1257 =( LENGTH_UNIT ( ) NAMED_UNIT ( * ) SI_UNIT ( .MILLI., .METRE. ) );
#1258 = FACE_OUTER_BOUND ( 'NONE', #9878, .T. ) ;
#1259 = COLOUR_RGB ( '',0.0000000000000000000, 0.0000000000000000000, 0.0000000000000000000 ) ;
#1260 =( GEOMETRIC_REPRESENTATION_CONTEXT ( 3 ) GLOBAL_UNCERTAINTY_ASSIGNED_CONTEXT ( ( #1307 ) ) GLOBAL_UNIT_ASSIGNED_CONTEXT ( ( #3745, #6089, #2139 ) ) REPRESENTATION_CONTEXT ( 'NONE', 'WORKASPACE' ) );
#1261 = SURFACE_STYLE_FILL_AREA ( #7668 ) ;
#1262 = SURFACE_SIDE_STYLE ('',( #6160 ) ) ;
#1263 = CARTESIAN_POINT ( 'NONE',  ( 2.087959423594328179, 0.08633012092532101056, 7.699999999999999289 ) ) ;
#1264 = VECTOR ( 'NONE', #8858, 1000.000000000000000 ) ;
#1265 = ORIENTED_EDGE ( 'NONE', *, *, #8365, .T. ) ;
#1266 = MECHANICAL_DESIGN_GEOMETRIC_PRESENTATION_REPRESENTATION (  '', ( #2632 ), #8650 ) ;
#1267 = EDGE_LOOP ( 'NONE', ( #9031, #2844, #7104, #2761 ) ) ;
#1268 = CARTESIAN_POINT ( 'NONE',  ( 1.587893215162513583, -1.596600845378255862, 7.700000000000000178 ) ) ;
#1269 =( NAMED_UNIT ( * ) SI_UNIT ( $, .STERADIAN. ) SOLID_ANGLE_UNIT ( ) );
#1270 = CARTESIAN_POINT ( 'NONE',  ( 8.673617379884035472E-16, 0.0000000000000000000, 0.7000000000000002887 ) ) ;
#1271 = DIRECTION ( 'NONE',  ( -0.0000000000000000000, -0.0000000000000000000, -1.000000000000000000 ) ) ;
#1272 = EDGE_CURVE ( 'NONE', #7471, #7708, #10219, .T. ) ;
#1273 = CARTESIAN_POINT ( 'NONE',  ( 1.130216985497991988, -1.259954281957251565, 7.700999999999999623 ) ) ;
#1274 = LINE ( 'NONE', #2984, #9090 ) ;
#1275 = CARTESIAN_POINT ( 'NONE',  ( 0.1598893706839581708, -0.04440493813478716550, 7.699999999999998401 ) ) ;
#1276 = CARTESIAN_POINT ( 'NONE',  ( 1.550098799887320355, -1.596600845378255862, 7.699999999999999289 ) ) ;
#1277 = COLOUR_RGB ( '',0.0000000000000000000, 0.0000000000000000000, 0.0000000000000000000 ) ;
#1278 = CARTESIAN_POINT ( 'NONE',  ( 0.05178501163612356933, 0.1018767546621668907, 7.700000000000000178 ) ) ;
#1279 = ORIENTED_EDGE ( 'NONE', *, *, #9537, .T. ) ;
#1280 = CARTESIAN_POINT ( 'NONE',  ( -0.5000000000000000000, -1.100000000000000089, 0.2999999999999999889 ) ) ;
#1281 = SURFACE_STYLE_USAGE ( .BOTH. , #7995 ) ;
#1282 = ORIENTED_EDGE ( 'NONE', *, *, #2261, .T. ) ;
#1283 = COLOUR_RGB ( '',0.0000000000000000000, 0.0000000000000000000, 0.0000000000000000000 ) ;
#1284 = PLANE ( 'NONE',  #4049 ) ;
#1285 = CARTESIAN_POINT ( 'NONE',  ( 1.814688551849215736, -0.3188315724877766599, 7.699999999999997513 ) ) ;
#1286 = EDGE_CURVE ( 'NONE', #2992, #6398, #4487, .T. ) ;
#1287 = CARTESIAN_POINT ( 'NONE',  ( -1.399159036000399592, 0.7578297317751204742, 7.699999999999998401 ) ) ;
#1288 = EDGE_CURVE ( 'NONE', #7383, #2539, #543, .T. ) ;
#1289 = DIRECTION ( 'NONE',  ( -1.000000000000000000, -3.250374050297393521E-15, 0.0000000000000000000 ) ) ;
#1290 = ORIENTED_EDGE ( 'NONE', *, *, #10580, .T. ) ;
#1291 = FILL_AREA_STYLE ('',( #9598 ) ) ;
#1292 = CARTESIAN_POINT ( 'NONE',  ( 1.027261769593190710, -1.203967053607076565, 7.700999999999999623 ) ) ;
#1293 = SURFACE_STYLE_FILL_AREA ( #2030 ) ;
#1294 =( LENGTH_UNIT ( ) NAMED_UNIT ( * ) SI_UNIT ( .MILLI., .METRE. ) );
#1295 = LINE ( 'NONE', #7847, #417 ) ;
#1296 = UNCERTAINTY_MEASURE_WITH_UNIT (LENGTH_MEASURE( 1.000000000000000082E-05 ), #1399, 'distance_accuracy_value', 'NONE');
#1297 = SURFACE_SIDE_STYLE ('',( #6252 ) ) ;
#1298 = CARTESIAN_POINT ( 'NONE',  ( 0.1156837131509969030, 0.6333053771991865588, 7.700000000000001066 ) ) ;
#1299 = VERTEX_POINT ( 'NONE', #1119 ) ;
#1300 = CARTESIAN_POINT ( 'NONE',  ( -1.099865732994015133, 0.5915213731628926608, 7.700999999999997847 ) ) ;
#1301 = CARTESIAN_POINT ( 'NONE',  ( 0.3166533459019524321, 0.7290430768443273424, 7.700000000000000178 ) ) ;
#1302 = PRESENTATION_STYLE_ASSIGNMENT (( #9390 ) ) ;
#1303 = SURFACE_SIDE_STYLE ('',( #10322 ) ) ;
#1304 = CARTESIAN_POINT ( 'NONE',  ( -1.081627333894218168, -1.837602352840687958, 7.701000000000000512 ) ) ;
#1305 = CARTESIAN_POINT ( 'NONE',  ( -1.409064439858582540, 0.6037578601609236983, 7.700999999999999623 ) ) ;
#1306 = ORIENTED_EDGE ( 'NONE', *, *, #9621, .T. ) ;
#1307 = UNCERTAINTY_MEASURE_WITH_UNIT (LENGTH_MEASURE( 1.000000000000000082E-05 ), #3745, 'distance_accuracy_value', 'NONE');
#1308 =( NAMED_UNIT ( * ) PLANE_ANGLE_UNIT ( ) SI_UNIT ( $, .RADIAN. ) );
#1309 = FILL_AREA_STYLE ('',( #8674 ) ) ;
#1310 = DIRECTION ( 'NONE',  ( 0.0000000000000000000, 0.0000000000000000000, 1.000000000000000000 ) ) ;
#1311 = DIRECTION ( 'NONE',  ( 1.227398685832646557E-16, 1.000000000000000000, -0.0000000000000000000 ) ) ;
#1312 = LINE ( 'NONE', #8575, #7866 ) ;
#1313 = CARTESIAN_POINT ( 'NONE',  ( 1.587890945854977698, 0.1265088726008923581, 7.700000000000002842 ) ) ;
#1314 = CARTESIAN_POINT ( 'NONE',  ( 1.027195445959389941, -1.522311812608733828, 7.701000000000004064 ) ) ;
#1315 = CARTESIAN_POINT ( 'NONE',  ( 1.108089359789987460, -1.307874833825070970, 7.700999999999997847 ) ) ;
#1316 = SURFACE_STYLE_USAGE ( .BOTH. , #9770 ) ;
#1317 = LINE ( 'NONE', #4592, #6331 ) ;
#1318 = DIRECTION ( 'NONE',  ( 0.0000000000000000000, 0.0000000000000000000, -1.000000000000000000 ) ) ;
#1319 = CARTESIAN_POINT ( 'NONE',  ( -0.05935354790636666877, 0.9775119935776857005, 7.701000000000000512 ) ) ;
#1320 = CYLINDRICAL_SURFACE ( 'NONE', #6706, 3.300000000000028244 ) ;
#1321 = CARTESIAN_POINT ( 'NONE',  ( 0.1281439914064398944, -0.1744498169025837375, 7.700000000000000178 ) ) ;
#1322 = CARTESIAN_POINT ( 'NONE',  ( -0.3749366534045204813, -0.3561874731356830526, 7.700000000000000178 ) ) ;
#1323 = ORIENTED_EDGE ( 'NONE', *, *, #7515, .T. ) ;
#1324 = STYLED_ITEM ( 'NONE', ( #2420 ), #10599 ) ;
#1325 = CARTESIAN_POINT ( 'NONE',  ( 0.4201805556176050893, 1.210637298753467039, 7.701000000000000512 ) ) ;
#1326 =( GEOMETRIC_REPRESENTATION_CONTEXT ( 3 ) GLOBAL_UNCERTAINTY_ASSIGNED_CONTEXT ( ( #2788 ) ) GLOBAL_UNIT_ASSIGNED_CONTEXT ( ( #9045, #10012, #1847 ) ) REPRESENTATION_CONTEXT ( 'NONE', 'WORKASPACE' ) );
#1327 =( GEOMETRIC_REPRESENTATION_CONTEXT ( 3 ) GLOBAL_UNCERTAINTY_ASSIGNED_CONTEXT ( ( #6262 ) ) GLOBAL_UNIT_ASSIGNED_CONTEXT ( ( #4158, #3517, #2496 ) ) REPRESENTATION_CONTEXT ( 'NONE', 'WORKASPACE' ) );
#1328 = MECHANICAL_DESIGN_GEOMETRIC_PRESENTATION_REPRESENTATION (  '', ( #9717 ), #9698 ) ;
#1329 = EDGE_CURVE ( 'NONE', #9275, #4324, #1317, .T. ) ;
#1330 = VERTEX_POINT ( 'NONE', #6918 ) ;
#1331 = ORIENTED_EDGE ( 'NONE', *, *, #5019, .F. ) ;
#1332 = CARTESIAN_POINT ( 'NONE',  ( 1.568996007524917191, -0.3409063510848060474, 7.700000000000000178 ) ) ;
#1333 = CARTESIAN_POINT ( 'NONE',  ( -1.409064439858582540, 0.6037578601609236983, 7.699999999999999289 ) ) ;
#1334 = CARTESIAN_POINT ( 'NONE',  ( -1.335395223851440605, 0.7249772841373226528, 7.701000000000001400 ) ) ;
#1335 = COLOUR_RGB ( '',0.0000000000000000000, 0.0000000000000000000, 0.0000000000000000000 ) ;
#1336 = CARTESIAN_POINT ( 'NONE',  ( -1.081752403481624603, 0.9579532981405722847, 7.699999999999997513 ) ) ;
#1337 = ORIENTED_EDGE ( 'NONE', *, *, #1926, .T. ) ;
#1338 = SURFACE_STYLE_USAGE ( .BOTH. , #7051 ) ;
#1339 = CARTESIAN_POINT ( 'NONE',  ( 1.853131385462634340, -1.564425640264000217, 7.700999999999998735 ) ) ;
#1340 = LINE ( 'NONE', #4617, #8910 ) ;
#1341 = DIRECTION ( 'NONE',  ( -1.000000000000000000, 0.0000000000000000000, 0.0000000000000000000 ) ) ;
#1342 = CARTESIAN_POINT ( 'NONE',  ( 1.855816306464177057, -1.014347014972642791, 7.701000000000001400 ) ) ;
#1343 =( LENGTH_UNIT ( ) NAMED_UNIT ( * ) SI_UNIT ( .MILLI., .METRE. ) );
#1344 = EDGE_CURVE ( 'NONE', #244, #1673, #8028, .T. ) ;
#1345 = EDGE_CURVE ( 'NONE', #268, #3201, #6863, .T. ) ;
#1346 = PRESENTATION_LAYER_ASSIGNMENT (  '', '', ( #2877 ) ) ;
#1347 = MECHANICAL_DESIGN_GEOMETRIC_PRESENTATION_REPRESENTATION (  '', ( #5284 ), #8887 ) ;
#1348 = ADVANCED_FACE ( 'NONE', ( #9315 ), #7728, .T. ) ;
#1349 = PRESENTATION_LAYER_ASSIGNMENT (  '', '', ( #3904 ) ) ;
#1350 = CARTESIAN_POINT ( 'NONE',  ( 1.946913123741486729, -1.201940911777728216, 7.701000000000002288 ) ) ;
#1351 = ORIENTED_EDGE ( 'NONE', *, *, #9800, .T. ) ;
#1352 = FILL_AREA_STYLE_COLOUR ( '', #5337 ) ;
#1353 = LINE ( 'NONE', #2143, #4469 ) ;
#1354 = STYLED_ITEM ( 'NONE', ( #5666 ), #1348 ) ;
#1355 = DIRECTION ( 'NONE',  ( 0.0000000000000000000, -0.0000000000000000000, 1.000000000000000000 ) ) ;
#1356 = CIRCLE ( 'NONE', #4783, 0.2000000000000000944 ) ;
#1357 = CARTESIAN_POINT ( 'NONE',  ( 1.117066007617185219, -1.442443068491664482, 7.701000000000000512 ) ) ;
#1358 = SURFACE_SIDE_STYLE ('',( #10102 ) ) ;
#1359 = AXIS2_PLACEMENT_3D ( 'NONE', #9693, #6489, #10506 ) ;
#1360 = ORIENTED_EDGE ( 'NONE', *, *, #5690, .T. ) ;
#1361 = COLOUR_RGB ( '',1.000000000000000000, 1.000000000000000000, 1.000000000000000000 ) ;
#1362 = SURFACE_STYLE_USAGE ( .BOTH. , #7922 ) ;
#1363 = STYLED_ITEM ( 'NONE', ( #5704 ), #954 ) ;
#1364 = FACE_OUTER_BOUND ( 'NONE', #5031, .T. ) ;
#1365 = DIRECTION ( 'NONE',  ( -1.000000000000000000, 0.0000000000000000000, -1.376764663473655970E-16 ) ) ;
#1366 = CARTESIAN_POINT ( 'NONE',  ( 1.513545869038880332, 0.1261920998477567557, 7.699999999999999289 ) ) ;
#1367 = CARTESIAN_POINT ( 'NONE',  ( -1.125029010493654447, 0.7781491633441472988, 7.701000000000000512 ) ) ;
#1368 = PRESENTATION_STYLE_ASSIGNMENT (( #587 ) ) ;
#1369 = SURFACE_STYLE_USAGE ( .BOTH. , #2924 ) ;
#1370 = CARTESIAN_POINT ( 'NONE',  ( 0.2647276314972047406, 0.5755955891061343976, 7.699999999999998401 ) ) ;
#1371 = LINE ( 'NONE', #2671, #2376 ) ;
#1372 =( GEOMETRIC_REPRESENTATION_CONTEXT ( 3 ) GLOBAL_UNCERTAINTY_ASSIGNED_CONTEXT ( ( #6452 ) ) GLOBAL_UNIT_ASSIGNED_CONTEXT ( ( #3294, #1757, #4219 ) ) REPRESENTATION_CONTEXT ( 'NONE', 'WORKASPACE' ) );
#1373 = ORIENTED_EDGE ( 'NONE', *, *, #2849, .T. ) ;
#1374 = DIRECTION ( 'NONE',  ( 1.221593242852756957E-16, -0.0000000000000000000, -1.000000000000000000 ) ) ;
#1375 = LINE ( 'NONE', #10394, #5506 ) ;
#1376 = PRESENTATION_STYLE_ASSIGNMENT (( #1440 ) ) ;
#1377 =( LENGTH_UNIT ( ) NAMED_UNIT ( * ) SI_UNIT ( .MILLI., .METRE. ) );
#1378 = MECHANICAL_DESIGN_GEOMETRIC_PRESENTATION_REPRESENTATION (  '', ( #2051 ), #2749 ) ;
#1379 = CARTESIAN_POINT ( 'NONE',  ( 0.1651374867073485964, 0.05582731166448170329, 7.701000000000000512 ) ) ;
#1380 = VERTEX_POINT ( 'NONE', #4651 ) ;
#1381 = CARTESIAN_POINT ( 'NONE',  ( 0.4573372968878963163, 1.135734452100672698, 7.701000000000000512 ) ) ;
#1382 = CARTESIAN_POINT ( 'NONE',  ( 0.4201805556176050893, 1.210637298753467039, 7.701000000000000512 ) ) ;
#1383 = STYLED_ITEM ( 'NONE', ( #5352 ), #10582 ) ;
#1384 = CIRCLE ( 'NONE', #6378, 0.3499999999999998113 ) ;
#1385 = STYLED_ITEM ( 'NONE', ( #5937 ), #9912 ) ;
#1386 = ORIENTED_EDGE ( 'NONE', *, *, #8107, .F. ) ;
#1387 = UNCERTAINTY_MEASURE_WITH_UNIT (LENGTH_MEASURE( 1.000000000000000082E-05 ), #7886, 'distance_accuracy_value', 'NONE');
#1388 = ORIENTED_EDGE ( 'NONE', *, *, #4568, .T. ) ;
#1389 =( GEOMETRIC_REPRESENTATION_CONTEXT ( 3 ) GLOBAL_UNCERTAINTY_ASSIGNED_CONTEXT ( ( #6569 ) ) GLOBAL_UNIT_ASSIGNED_CONTEXT ( ( #6266, #4801, #738 ) ) REPRESENTATION_CONTEXT ( 'NONE', 'WORKASPACE' ) );
#1390 = DIRECTION ( 'NONE',  ( 0.0000000000000000000, 0.0000000000000000000, -1.000000000000000000 ) ) ;
#1391 = CARTESIAN_POINT ( 'NONE',  ( 0.4626877337693144909, 0.05582731166448170329, 7.701000000000000512 ) ) ;
#1392 = CARTESIAN_POINT ( 'NONE',  ( -0.9688646006334601379, 0.8507360026619501525, 7.700000000000001066 ) ) ;
#1394 = CARTESIAN_POINT ( 'NONE',  ( -1.358406264136680530, 0.7335132613001567048, 7.701000000000000512 ) ) ;
#1393 = STYLED_ITEM ( 'NONE', ( #10514 ), #9522 ) ;
#1395 = PRESENTATION_LAYER_ASSIGNMENT (  '', '', ( #8431 ) ) ;
#1396 = FACE_OUTER_BOUND ( 'NONE', #8630, .T. ) ;
#1397 = CARTESIAN_POINT ( 'NONE',  ( -1.215978902684368812, 0.7184261498741707497, 7.700999999999998735 ) ) ;
#1398 = VERTEX_POINT ( 'NONE', #6483 ) ;
#1399 =( LENGTH_UNIT ( ) NAMED_UNIT ( * ) SI_UNIT ( .MILLI., .METRE. ) );
#1400 =( LENGTH_UNIT ( ) NAMED_UNIT ( * ) SI_UNIT ( .MILLI., .METRE. ) );
#1401 = CARTESIAN_POINT ( 'NONE',  ( 0.5983616437709846636, 0.7765438599567667799, 7.700000000000001066 ) ) ;
#1402 = EDGE_CURVE ( 'NONE', #9445, #8002, #2982, .T. ) ;
#1403 = CARTESIAN_POINT ( 'NONE',  ( -0.2690064501277943387, -0.2335712237429101168, 7.699999999999997513 ) ) ;
#1404 = DIRECTION ( 'NONE',  ( -1.000000000000000000, 0.0000000000000000000, 0.0000000000000000000 ) ) ;
#1405 = UNCERTAINTY_MEASURE_WITH_UNIT (LENGTH_MEASURE( 1.000000000000000082E-05 ), #8442, 'distance_accuracy_value', 'NONE');
#1406 = FILL_AREA_STYLE_COLOUR ( '', #10182 ) ;
#1407 = LINE ( 'NONE', #7696, #9818 ) ;
#1408 = CARTESIAN_POINT ( 'NONE',  ( 1.970703161677457738, -1.219593686064448512, 7.701000000000000512 ) ) ;
#1409 = EDGE_CURVE ( 'NONE', #4683, #299, #745, .T. ) ;
#1410 = ORIENTED_EDGE ( 'NONE', *, *, #3277, .F. ) ;
#1411 = EDGE_CURVE ( 'NONE', #446, #3056, #9688, .T. ) ;
#1412 = DIRECTION ( 'NONE',  ( -0.0000000000000000000, -0.0000000000000000000, -1.000000000000000000 ) ) ;
#1413 = DIRECTION ( 'NONE',  ( -1.000000000000000000, 0.0000000000000000000, -1.221593242852756957E-16 ) ) ;
#1414 = SURFACE_SIDE_STYLE ('',( #6143 ) ) ;
#1415 = CARTESIAN_POINT ( 'NONE',  ( -3.270710678118653458, -1.929289321881360930, 0.0000000000000000000 ) ) ;
#1416 = LINE ( 'NONE', #4794, #7196 ) ;
#1417 = EDGE_CURVE ( 'NONE', #8884, #1145, #8935, .T. ) ;
#1418 = ORIENTED_EDGE ( 'NONE', *, *, #6596, .F. ) ;
#1419 = SURFACE_STYLE_USAGE ( .BOTH. , #7013 ) ;
#1420 = UNCERTAINTY_MEASURE_WITH_UNIT (LENGTH_MEASURE( 1.000000000000000082E-05 ), #1076, 'distance_accuracy_value', 'NONE');
#1421 = CARTESIAN_POINT ( 'NONE',  ( 0.6137097567722203939, 0.8431543013525494290, 7.701000000000000512 ) ) ;
#1422 = FILL_AREA_STYLE ('',( #4695 ) ) ;
#1423 = EDGE_CURVE ( 'NONE', #1145, #6233, #4427, .T. ) ;
#1424 = EDGE_CURVE ( 'NONE', #1616, #7818, #1588, .T. ) ;
#1425 = CARTESIAN_POINT ( 'NONE',  ( 2.950000000000001510, 3.612708057484692590E-16, 2.212347538297980698 ) ) ;
#1426 = LINE ( 'NONE', #10443, #5495 ) ;
#1427 = STYLED_ITEM ( 'NONE', ( #9260 ), #3275 ) ;
#1428 = DIRECTION ( 'NONE',  ( -0.0000000000000000000, -0.0000000000000000000, -1.000000000000000000 ) ) ;
#1429 = SURFACE_SIDE_STYLE ('',( #3214 ) ) ;
#1430 = CARTESIAN_POINT ( 'NONE',  ( 0.3048310571695536653, 0.5731410306430332335, 7.701000000000000512 ) ) ;
#1431 = CARTESIAN_POINT ( 'NONE',  ( 1.050032591455505981, -1.169491871304207287, 7.700000000000001066 ) ) ;
#1432 = VERTEX_POINT ( 'NONE', #6391 ) ;
#1433 =( NAMED_UNIT ( * ) SI_UNIT ( $, .STERADIAN. ) SOLID_ANGLE_UNIT ( ) );
#1434 = B_SPLINE_CURVE_WITH_KNOTS ( 'NONE', 3,
 ( #8258, #3333, #8949, #3180, #4879, #8994, #57, #2497, #4828, #4924, #3287 ),
 .UNSPECIFIED., .F., .F.,
 ( 4, 1, 1, 1, 1, 1, 1, 1, 4 ),
 ( 0.0000000000000000000, 0.1329970517490920157, 0.2625098420621936879, 0.3895540068480909945, 0.5145037324674920365, 0.6377522831013130444, 0.7597093809229162886, 0.8800743352714840428, 1.000000000000000000 ),
 .UNSPECIFIED. ) ;
#1435 =( GEOMETRIC_REPRESENTATION_CONTEXT ( 3 ) GLOBAL_UNCERTAINTY_ASSIGNED_CONTEXT ( ( #3762 ) ) GLOBAL_UNIT_ASSIGNED_CONTEXT ( ( #5264, #3483, #6032 ) ) REPRESENTATION_CONTEXT ( 'NONE', 'WORKASPACE' ) );
#1436 = VECTOR ( 'NONE', #2748, 1000.000000000000114 ) ;
#1437 = CARTESIAN_POINT ( 'NONE',  ( 1.568996007524917413, 0.2825322618069318614, 7.701000000000001400 ) ) ;
#1438 = CARTESIAN_POINT ( 'NONE',  ( -0.2816489445471436204, 1.013582736401253737, 7.701000000000003176 ) ) ;
#1439 = CARTESIAN_POINT ( 'NONE',  ( 0.6183345592164420923, 0.9290347945673924634, 7.700000000000000178 ) ) ;
#1440 = SURFACE_STYLE_USAGE ( .BOTH. , #9477 ) ;
#1441 = SURFACE_STYLE_USAGE ( .BOTH. , #8038 ) ;
#1442 = ORIENTED_EDGE ( 'NONE', *, *, #3826, .F. ) ;
#1443 = CARTESIAN_POINT ( 'NONE',  ( 0.9880645727848885729, -1.362938863479932650, 7.701000000000000512 ) ) ;
#1444 = LINE ( 'NONE', #7041, #8302 ) ;
#1445 = VECTOR ( 'NONE', #6778, 1000.000000000000000 ) ;
#1446 = CIRCLE ( 'NONE', #8296, 3.150000000000000799 ) ;
#1447 = EDGE_LOOP ( 'NONE', ( #8580, #8856, #3673, #10170 ) ) ;
#1448 = VERTEX_POINT ( 'NONE', #2281 ) ;
#1449 = CARTESIAN_POINT ( 'NONE',  ( 2.088206234233758174, -1.556895081890097066, 7.700000000000000178 ) ) ;
#1450 = CIRCLE ( 'NONE', #1106, 3.300000000000028244 ) ;
#1451 = PLANE ( 'NONE',  #10588 ) ;
#1452 = SURFACE_STYLE_FILL_AREA ( #2175 ) ;
#1453 = CARTESIAN_POINT ( 'NONE',  ( -1.149716377501990072, 0.7501422113726976537, 7.700999999999999623 ) ) ;
#1454 = ORIENTED_EDGE ( 'NONE', *, *, #5019, .T. ) ;
#1455 = CARTESIAN_POINT ( 'NONE',  ( 2.036574967193720109, -0.1066740881446573280, 7.701000000000001400 ) ) ;
#1456 = CARTESIAN_POINT ( 'NONE',  ( 0.6185473869922488710, 0.9168507080903502970, 7.701000000000000512 ) ) ;
#1457 = CARTESIAN_POINT ( 'NONE',  ( -0.1928526542890789675, -0.2417229353974841843, 7.700000000000000178 ) ) ;
#1458 = CARTESIAN_POINT ( 'NONE',  ( 1.590258041323004079, -0.9736561008405419937, 7.701000000000000512 ) ) ;
#1459 = CARTESIAN_POINT ( 'NONE',  ( 0.5477020900727332942, 1.210637298753467039, 7.700000000000000178 ) ) ;
#1460 = CARTESIAN_POINT ( 'NONE',  ( 1.970703161677457738, -1.219593686064448512, 7.699999999999999289 ) ) ;
#1461 = ORIENTED_EDGE ( 'NONE', *, *, #7848, .T. ) ;
#1462 =( NAMED_UNIT ( * ) PLANE_ANGLE_UNIT ( ) SI_UNIT ( $, .RADIAN. ) );
#1463 = FILL_AREA_STYLE ('',( #5437 ) ) ;
#1464 = CARTESIAN_POINT ( 'NONE',  ( 0.4000000000000003553, -1.200000000000000178, 0.2000000000000000111 ) ) ;
#1465 = VERTEX_POINT ( 'NONE', #5573 ) ;
#1466 = ADVANCED_FACE ( 'NONE', ( #793 ), #4121, .T. ) ;
#1467 = PLANE ( 'NONE',  #9135 ) ;
#1468 = PLANE ( 'NONE',  #10612 ) ;
#1469 = FILL_AREA_STYLE_COLOUR ( '', #2541 ) ;
#1470 = DIRECTION ( 'NONE',  ( -1.000000000000000000, 0.0000000000000000000, 0.0000000000000000000 ) ) ;
#1471 = SURFACE_SIDE_STYLE ('',( #5564 ) ) ;
#1472 = CARTESIAN_POINT ( 'NONE',  ( 8.673617379884035472E-16, 0.0000000000000000000, 0.9000000000000003553 ) ) ;
#1473 = CARTESIAN_POINT ( 'NONE',  ( -1.858578643762690330, -3.199999999999999289, 1.000000000000000000 ) ) ;
#1474 =( NAMED_UNIT ( * ) PLANE_ANGLE_UNIT ( ) SI_UNIT ( $, .RADIAN. ) );
#1475 = DIRECTION ( 'NONE',  ( 0.0000000000000000000, 1.000000000000000000, 0.0000000000000000000 ) ) ;
#1476 = B_SPLINE_CURVE_WITH_KNOTS ( 'NONE', 3,
 ( #4456, #8331, #9120, #4343, #3356, #4233, #7646, #6675, #5920, #6889, #9288 ),
 .UNSPECIFIED., .F., .F.,
 ( 4, 1, 1, 1, 1, 1, 1, 1, 4 ),
 ( 0.0000000000000000000, 0.1562506875537232609, 0.3022282093220775012, 0.4384068130661600837, 0.5658616296338154772, 0.6843310767335580858, 0.7957406958613756354, 0.9003027622054138313, 1.000000000000000000 ),
 .UNSPECIFIED. ) ;
#1477 = CARTESIAN_POINT ( 'NONE',  ( 1.887922903097676075, 0.08270676498615640859, 7.701000000000002288 ) ) ;
#1478 = CARTESIAN_POINT ( 'NONE',  ( 1.387782162072206171, -0.9875676790898954005, 7.700000000000000178 ) ) ;
#1479 = ORIENTED_EDGE ( 'NONE', *, *, #1409, .F. ) ;
#1480 = EDGE_CURVE ( 'NONE', #6013, #5758, #9671, .T. ) ;
#1481 = EDGE_CURVE ( 'NONE', #1398, #8337, #2601, .T. ) ;
#1482 = DIRECTION ( 'NONE',  ( -0.0000000000000000000, 0.0000000000000000000, -1.000000000000000000 ) ) ;
#1483 = FILL_AREA_STYLE ('',( #6323 ) ) ;
#1484 = DIRECTION ( 'NONE',  ( 0.7071067811865441310, 0.7071067811865510144, 0.0000000000000000000 ) ) ;
#1485 = EDGE_CURVE ( 'NONE', #6233, #1380, #95, .T. ) ;
#1486 =( NAMED_UNIT ( * ) PLANE_ANGLE_UNIT ( ) SI_UNIT ( $, .RADIAN. ) );
#1487 = SURFACE_STYLE_FILL_AREA ( #8847 ) ;
#1488 = CARTESIAN_POINT ( 'NONE',  ( 0.4000000000000000222, -3.649999999999999911, 0.2999999999999999889 ) ) ;
#1489 = FILL_AREA_STYLE_COLOUR ( '', #5640 ) ;
#1490 = PRESENTATION_STYLE_ASSIGNMENT (( #1281 ) ) ;
#1491 = ORIENTED_EDGE ( 'NONE', *, *, #1661, .T. ) ;
#1492 = ORIENTED_EDGE ( 'NONE', *, *, #1329, .T. ) ;
#1493 = FILL_AREA_STYLE ('',( #1548 ) ) ;
#1494 = CARTESIAN_POINT ( 'NONE',  ( -1.099865732994015133, 0.5915213731628926608, 7.699999999999997513 ) ) ;
#1495 = CARTESIAN_POINT ( 'NONE',  ( 0.0000000000000000000, 1.100000000000000089, 0.2999999999999999889 ) ) ;
#1496 =( NAMED_UNIT ( * ) SI_UNIT ( $, .STERADIAN. ) SOLID_ANGLE_UNIT ( ) );
#1497 = CARTESIAN_POINT ( 'NONE',  ( -1.091999313048732212, 0.8577375209132624967, 7.700000000000000178 ) ) ;
#1498 = EDGE_LOOP ( 'NONE', ( #138, #6591, #8260, #4041, #5082, #7547 ) ) ;
#1499 = CARTESIAN_POINT ( 'NONE',  ( -2.374231001663239304, 1.750864686588075703, 7.700000000000000178 ) ) ;
#1500 = MECHANICAL_DESIGN_GEOMETRIC_PRESENTATION_REPRESENTATION (  '', ( #10228 ), #1996 ) ;
#1501 = MECHANICAL_DESIGN_GEOMETRIC_PRESENTATION_REPRESENTATION (  '', ( #825 ), #1665 ) ;
#1502 = VECTOR ( 'NONE', #71, 1000.000000000000000 ) ;
#1503 = FACE_OUTER_BOUND ( 'NONE', #1061, .T. ) ;
#1504 = CARTESIAN_POINT ( 'NONE',  ( 1.101712058212668488, -0.09719661569325456496, 7.701000000000000512 ) ) ;
#1505 = CARTESIAN_POINT ( 'NONE',  ( -2.073461490767437354, -1.440868690091399840, 7.701000000000000512 ) ) ;
#1506 = CARTESIAN_POINT ( 'NONE',  ( -0.4744032918603282023, -0.2616545203487578020, 7.700000000000000178 ) ) ;
#1507 = COLOUR_RGB ( '',1.000000000000000000, 1.000000000000000000, 1.000000000000000000 ) ;
#1508 = SURFACE_SIDE_STYLE ('',( #6412 ) ) ;
#1509 = VECTOR ( 'NONE', #9957, 1000.000000000000000 ) ;
#1510 = CARTESIAN_POINT ( 'NONE',  ( 1.853175964360080696, -1.161145380035850661, 7.700000000000000178 ) ) ;
#1511 = ORIENTED_EDGE ( 'NONE', *, *, #6468, .T. ) ;
#1512 = CARTESIAN_POINT ( 'NONE',  ( 0.0000000000000000000, -1.100000000000000089, 0.7000000000000000666 ) ) ;
#1513 = SURFACE_SIDE_STYLE ('',( #2308 ) ) ;
#1514 = SURFACE_SIDE_STYLE ('',( #4737 ) ) ;
#1515 = VECTOR ( 'NONE', #7972, 1000.000000000000000 ) ;
#1516 = AXIS2_PLACEMENT_3D ( 'NONE', #10502, #1318, #3130 ) ;
#1517 = PLANE ( 'NONE',  #8032 ) ;
#1518 = ORIENTED_EDGE ( 'NONE', *, *, #2790, .T. ) ;
#1519 = UNCERTAINTY_MEASURE_WITH_UNIT (LENGTH_MEASURE( 1.000000000000000082E-05 ), #7560, 'distance_accuracy_value', 'NONE');
#1520 =( GEOMETRIC_REPRESENTATION_CONTEXT ( 3 ) GLOBAL_UNCERTAINTY_ASSIGNED_CONTEXT ( ( #9458 ) ) GLOBAL_UNIT_ASSIGNED_CONTEXT ( ( #9136, #10123, #6967 ) ) REPRESENTATION_CONTEXT ( 'NONE', 'WORKASPACE' ) );
#1521 = CARTESIAN_POINT ( 'NONE',  ( 0.3784194064337771390, 0.5783983925295484996, 7.701000000000000512 ) ) ;
#1522 = STYLED_ITEM ( 'NONE', ( #2619 ), #638 ) ;
#1523 =( LENGTH_UNIT ( ) NAMED_UNIT ( * ) SI_UNIT ( .MILLI., .METRE. ) );
#1524 = FACE_OUTER_BOUND ( 'NONE', #7228, .T. ) ;
#1525 = DIRECTION ( 'NONE',  ( -1.224646799147353207E-16, 1.000000000000000000, -1.496020254719664150E-32 ) ) ;
#1526 = CARTESIAN_POINT ( 'NONE',  ( 1.333419584706074357, -0.4707695213665537004, 7.700999999999998735 ) ) ;
#1527 =( GEOMETRIC_REPRESENTATION_CONTEXT ( 3 ) GLOBAL_UNCERTAINTY_ASSIGNED_CONTEXT ( ( #3645 ) ) GLOBAL_UNIT_ASSIGNED_CONTEXT ( ( #5183, #4260, #10049 ) ) REPRESENTATION_CONTEXT ( 'NONE', 'WORKASPACE' ) );
#1528 = EDGE_CURVE ( 'NONE', #5737, #9106, #9997, .T. ) ;
#1529 = SURFACE_STYLE_USAGE ( .BOTH. , #9632 ) ;
#1530 = CARTESIAN_POINT ( 'NONE',  ( 2.140828924186927829, -0.1907019854317080210, 7.700000000000001066 ) ) ;
#1531 = LINE ( 'NONE', #3267, #7215 ) ;
#1532 = PRESENTATION_LAYER_ASSIGNMENT (  '', '', ( #3579 ) ) ;
#1533 = ORIENTED_EDGE ( 'NONE', *, *, #8159, .F. ) ;
#1534 = CARTESIAN_POINT ( 'NONE',  ( 1.568996007524917191, -0.4967660043077405385, 7.701000000000000512 ) ) ;
#1535 =( GEOMETRIC_REPRESENTATION_CONTEXT ( 3 ) GLOBAL_UNCERTAINTY_ASSIGNED_CONTEXT ( ( #6358 ) ) GLOBAL_UNIT_ASSIGNED_CONTEXT ( ( #5566, #8978, #8232 ) ) REPRESENTATION_CONTEXT ( 'NONE', 'WORKASPACE' ) );
#1536 =( NAMED_UNIT ( * ) PLANE_ANGLE_UNIT ( ) SI_UNIT ( $, .RADIAN. ) );
#1537 = CARTESIAN_POINT ( 'NONE',  ( 1.929289321881345609, -3.270710678118654346, 0.0000000000000000000 ) ) ;
#1538 = DIRECTION ( 'NONE',  ( -1.714635274194802381E-16, 1.000000000000000000, 0.0000000000000000000 ) ) ;
#1539 = CARTESIAN_POINT ( 'NONE',  ( 0.5477020900727332942, 1.210637298753467039, 7.700000000000000178 ) ) ;
#1540 = CARTESIAN_POINT ( 'NONE',  ( 2.128453715729373030, -0.2296835259730823087, 7.699999999999999289 ) ) ;
#1541 = CARTESIAN_POINT ( 'NONE',  ( -0.1831664430184660186, -0.2415110787477090515, 7.701000000000002288 ) ) ;
#1542 = EDGE_CURVE ( 'NONE', #9238, #4786, #2435, .T. ) ;
#1543 = MECHANICAL_DESIGN_GEOMETRIC_PRESENTATION_REPRESENTATION (  '', ( #7046 ), #6185 ) ;
#1544 = CARTESIAN_POINT ( 'NONE',  ( -0.4532190593444468396, -0.2900484538374337729, 7.701000000000002288 ) ) ;
#1545 = ADVANCED_FACE ( 'NONE', ( #1258 ), #1152, .F. ) ;
#1546 = ORIENTED_EDGE ( 'NONE', *, *, #10600, .T. ) ;
#1547 = ORIENTED_EDGE ( 'NONE', *, *, #1675, .T. ) ;
#1548 = FILL_AREA_STYLE_COLOUR ( '', #668 ) ;
#1549 = CARTESIAN_POINT ( 'NONE',  ( -0.9722095601561913103, 0.8142603103830727829, 7.699999999999999289 ) ) ;
#1550 = FILL_AREA_STYLE_COLOUR ( '', #9206 ) ;
#1551 = LINE ( 'NONE', #757, #3873 ) ;
#1552 = CARTESIAN_POINT ( 'NONE',  ( -1.256748052217145917, 0.7147202203168573353, 7.700000000000000178 ) ) ;
#1553 = ORIENTED_EDGE ( 'NONE', *, *, #2374, .T. ) ;
#1554 = AXIS2_PLACEMENT_3D ( 'NONE', #8421, #1063, #8925 ) ;
#1555 = TOROIDAL_SURFACE ( 'NONE', #2927, 3.150000000000000799, 0.3499999999999998113 ) ;
#1556 = EDGE_CURVE ( 'NONE', #1921, #3414, #1946, .T. ) ;
#1557 = COLOUR_RGB ( '',0.0000000000000000000, 0.0000000000000000000, 0.0000000000000000000 ) ;
#1558 = CARTESIAN_POINT ( 'NONE',  ( 1.513545869038880332, 0.1261920998477567557, 7.700999999999999623 ) ) ;
#1559 = CARTESIAN_POINT ( 'NONE',  ( -0.2142688494395414700, -0.3972215554997099440, 7.700999999999999623 ) ) ;
#1560 = COLOUR_RGB ( '',0.0000000000000000000, 0.0000000000000000000, 0.0000000000000000000 ) ;
#1561 =( NAMED_UNIT ( * ) PLANE_ANGLE_UNIT ( ) SI_UNIT ( $, .RADIAN. ) );
#1562 = VECTOR ( 'NONE', #9725, 1000.000000000000000 ) ;
#1563 = CARTESIAN_POINT ( 'NONE',  ( 0.5911551575292112171, 1.100470832329261128, 7.699999999999998401 ) ) ;
#1564 = B_SPLINE_CURVE_WITH_KNOTS ( 'NONE', 3,
 ( #4018, #5653, #9629, #8835, #10587, #785, #6530, #5713, #10546, #8928, #9777, #832, #3119, #2319, #2425, #6429, #8974, #9680, #8876 ),
 .UNSPECIFIED., .F., .F.,
 ( 4, 1, 1, 1, 1, 1, 1, 1, 1, 1, 1, 1, 1, 1, 1, 1, 4 ),
 ( 0.0000000000000000000, 0.08174603369975454170, 0.1597385063957908746, 0.2342922896709910552, 0.3054143073551748855, 0.3733848979576098737, 0.4393045808363636451, 0.5030070766869890742, 0.5649995301960174521, 0.6248102571092687407, 0.6812299267925188140, 0.7353630858793829272, 0.7880095149870924853, 0.8399144460163009418, 0.8917774838128330606, 0.9448677832497021090, 1.000000000000000000 ),
 .UNSPECIFIED. ) ;
#1565 = SURFACE_STYLE_FILL_AREA ( #927 ) ;
#1566 = EDGE_LOOP ( 'NONE', ( #7373, #222, #7556, #6615, #10015, #7935, #5779, #3935, #2242, #9801, #7683, #3912, #10143, #4691, #6928, #8593 ) ) ;
#1567 = CARTESIAN_POINT ( 'NONE',  ( 1.108096287704300131, -1.417331104751459625, 7.701000000000000512 ) ) ;
#1568 = DIRECTION ( 'NONE',  ( 0.0000000000000000000, -1.000000000000000000, 0.0000000000000000000 ) ) ;
#1569 = PRESENTATION_STYLE_ASSIGNMENT (( #8716 ) ) ;
#1570 =( LENGTH_UNIT ( ) NAMED_UNIT ( * ) SI_UNIT ( .MILLI., .METRE. ) );
#1571 = LINE ( 'NONE', #3962, #9739 ) ;
#1572 = FILL_AREA_STYLE ('',( #4009 ) ) ;
#1573 = EDGE_LOOP ( 'NONE', ( #3178, #5556, #38, #10022 ) ) ;
#1574 = CARTESIAN_POINT ( 'NONE',  ( 0.3999999999999996891, 1.300000000000000044, 0.2999999999999999889 ) ) ;
#1575 =( LENGTH_UNIT ( ) NAMED_UNIT ( * ) SI_UNIT ( .MILLI., .METRE. ) );
#1576 = AXIS2_PLACEMENT_3D ( 'NONE', #5426, #4615, #8857 ) ;
#1577 = PLANE ( 'NONE',  #172 ) ;
#1578 = EDGE_LOOP ( 'NONE', ( #3426, #5125, #6338, #3281, #10572, #3044, #6309, #2591, #2566, #6736 ) ) ;
#1579 = DIRECTION ( 'NONE',  ( 1.221593242852756957E-16, -0.0000000000000000000, -1.000000000000000000 ) ) ;
#1580 = CARTESIAN_POINT ( 'NONE',  ( 7.850311594798495211E-16, 0.0000000000000000000, 1.373960657446740230 ) ) ;
#1581 = CARTESIAN_POINT ( 'NONE',  ( -3.199999999999999289, 3.299999999999999822, 0.6999999999999999556 ) ) ;
#1582 = CARTESIAN_POINT ( 'NONE',  ( 1.568996007524917191, -0.4967660043077405385, 7.701000000000000512 ) ) ;
#1583 = DIRECTION ( 'NONE',  ( -0.0000000000000000000, -0.0000000000000000000, -1.000000000000000000 ) ) ;
#1584 = CARTESIAN_POINT ( 'NONE',  ( 1.009498293540872726, 0.01517166443006292068, 7.700999999999997847 ) ) ;
#1585 =( GEOMETRIC_REPRESENTATION_CONTEXT ( 3 ) GLOBAL_UNCERTAINTY_ASSIGNED_CONTEXT ( ( #2900 ) ) GLOBAL_UNIT_ASSIGNED_CONTEXT ( ( #3213, #9780, #3786 ) ) REPRESENTATION_CONTEXT ( 'NONE', 'WORKASPACE' ) );
#1586 = ORIENTED_EDGE ( 'NONE', *, *, #6140, .T. ) ;
#1587 = CARTESIAN_POINT ( 'NONE',  ( 2.110759876910601740, -0.2664176521322563218, 7.701000000000002288 ) ) ;
#1588 = LINE ( 'NONE', #4865, #7701 ) ;
#1589 = CARTESIAN_POINT ( 'NONE',  ( -0.3171920930368596903, 1.031850727453690997, 7.699999999999998401 ) ) ;
#1590 = CARTESIAN_POINT ( 'NONE',  ( 0.4532415011600577359, 0.7844388269652805556, 7.701000000000004064 ) ) ;
#1591 = AXIS2_PLACEMENT_3D ( 'NONE', #5073, #1945, #4193 ) ;
#1592 = DIRECTION ( 'NONE',  ( 1.227398685832646557E-16, 1.000000000000000000, -0.0000000000000000000 ) ) ;
#1593 = PRESENTATION_STYLE_ASSIGNMENT (( #4259 ) ) ;
#1594 = CARTESIAN_POINT ( 'NONE',  ( 0.01685977392953173087, -0.1039679140933800205, 7.700999999999998735 ) ) ;
#1595 = CARTESIAN_POINT ( 'NONE',  ( -1.858578643762690774, -3.200000000000000178, 0.0000000000000000000 ) ) ;
#1596 = STYLED_ITEM ( 'NONE', ( #3147 ), #3633 ) ;
#1597 = VERTEX_POINT ( 'NONE', #8568 ) ;
#1598 = PRESENTATION_LAYER_ASSIGNMENT (  '', '', ( #9653 ) ) ;
#1599 = ORIENTED_EDGE ( 'NONE', *, *, #7191, .T. ) ;
#1600 = EDGE_CURVE ( 'NONE', #9222, #9099, #5394, .T. ) ;
#1601 = SURFACE_STYLE_FILL_AREA ( #8993 ) ;
#1602 = CARTESIAN_POINT ( 'NONE',  ( 0.05154332654548204884, 0.1151732139268188543, 7.700000000000001066 ) ) ;
#1603 = CARTESIAN_POINT ( 'NONE',  ( 0.3999999999999996891, 1.000000000000000000, 0.6999999999999999556 ) ) ;
#1604 = DIRECTION ( 'NONE',  ( -0.0000000000000000000, -0.0000000000000000000, -1.000000000000000000 ) ) ;
#1605 = PRESENTATION_LAYER_ASSIGNMENT (  '', '', ( #5039 ) ) ;
#1606 = ORIENTED_EDGE ( 'NONE', *, *, #1229, .T. ) ;
#1607 = DIRECTION ( 'NONE',  ( 0.0000000000000000000, 0.0000000000000000000, -1.000000000000000000 ) ) ;
#1608 = CARTESIAN_POINT ( 'NONE',  ( 0.4647347760691219465, 0.6093466540582320734, 7.701000000000004064 ) ) ;
#1609 = CARTESIAN_POINT ( 'NONE',  ( -0.4031957113175339003, -0.3374054683581494407, 7.700999999999999623 ) ) ;
#1610 = CARTESIAN_POINT ( 'NONE',  ( 0.05178501163612356933, 0.1018767546621668907, 7.700000000000000178 ) ) ;
#1611 = UNCERTAINTY_MEASURE_WITH_UNIT (LENGTH_MEASURE( 1.000000000000000082E-05 ), #7284, 'distance_accuracy_value', 'NONE');
#1612 = EDGE_CURVE ( 'NONE', #7630, #1719, #361, .T. ) ;
#1613 = PRESENTATION_LAYER_ASSIGNMENT (  '', '', ( #6580 ) ) ;
#1614 = EDGE_CURVE ( 'NONE', #6542, #7698, #7016, .T. ) ;
#1615 = FILL_AREA_STYLE_COLOUR ( '', #8646 ) ;
#1616 = VERTEX_POINT ( 'NONE', #303 ) ;
#1617 = CARTESIAN_POINT ( 'NONE',  ( -2.073461490767437354, -1.285009036868465460, 7.701000000000000512 ) ) ;
#1618 = CARTESIAN_POINT ( 'NONE',  ( 6.826143846254221806E-16, 0.0000000000000000000, 2.212347538297980254 ) ) ;
#1619 =( GEOMETRIC_REPRESENTATION_CONTEXT ( 3 ) GLOBAL_UNCERTAINTY_ASSIGNED_CONTEXT ( ( #9872 ) ) GLOBAL_UNIT_ASSIGNED_CONTEXT ( ( #4426, #10050, #6106 ) ) REPRESENTATION_CONTEXT ( 'NONE', 'WORKASPACE' ) );
#1620 = CARTESIAN_POINT ( 'NONE',  ( -0.5193209717570305139, 0.1804435739868439914, 7.700000000000000178 ) ) ;
#1621 = SURFACE_SIDE_STYLE ('',( #8964 ) ) ;
#1622 = DIRECTION ( 'NONE',  ( 1.000000000000000000, -1.227398685832646557E-16, 0.0000000000000000000 ) ) ;
#1623 = ORIENTED_EDGE ( 'NONE', *, *, #4224, .T. ) ;
#1624 = UNCERTAINTY_MEASURE_WITH_UNIT (LENGTH_MEASURE( 1.000000000000000082E-05 ), #8270, 'distance_accuracy_value', 'NONE');
#1625 = DIRECTION ( 'NONE',  ( 0.0000000000000000000, -1.000000000000000000, -0.0000000000000000000 ) ) ;
#1626 = LINE ( 'NONE', #5872, #3613 ) ;
#1627 = DIRECTION ( 'NONE',  ( -0.0000000000000000000, -0.0000000000000000000, -1.000000000000000000 ) ) ;
#1628 = ORIENTED_EDGE ( 'NONE', *, *, #8360, .T. ) ;
#1629 = CARTESIAN_POINT ( 'NONE',  ( 5.175404217016551598E-16, -3.686287386450715076E-15, 7.700000000000000178 ) ) ;
#1630 = PRESENTATION_STYLE_ASSIGNMENT (( #1674 ) ) ;
#1631 = FILL_AREA_STYLE_COLOUR ( '', #9559 ) ;
#1632 = CARTESIAN_POINT ( 'NONE',  ( 2.110759876910601740, -0.2664176521322563218, 7.700000000000001954 ) ) ;
#1633 = CARTESIAN_POINT ( 'NONE',  ( 1.333373719291305992, 0.2566148049587326230, 7.701000000000000512 ) ) ;
#1634 = ORIENTED_EDGE ( 'NONE', *, *, #4401, .T. ) ;
#1635 = DIRECTION ( 'NONE',  ( 0.0000000000000000000, -1.000000000000000000, 0.0000000000000000000 ) ) ;
#1636 = CARTESIAN_POINT ( 'NONE',  ( 1.750209852977628655, 0.2682543131396331604, 7.699999999999999289 ) ) ;
#1637 = SURFACE_STYLE_FILL_AREA ( #42 ) ;
#1638 = FACE_OUTER_BOUND ( 'NONE', #3859, .T. ) ;
#1639 = CARTESIAN_POINT ( 'NONE',  ( -1.300000000000000266, 3.299999999999999822, 1.599999999999999867 ) ) ;
#1640 = SURFACE_SIDE_STYLE ('',( #797 ) ) ;
#1641 = CARTESIAN_POINT ( 'NONE',  ( 1.101716121119868719, -0.1161511478022595328, 7.699999999999999289 ) ) ;
#1642 = DIRECTION ( 'NONE',  ( -1.000000000000000000, 0.0000000000000000000, 0.0000000000000000000 ) ) ;
#1643 = ORIENTED_EDGE ( 'NONE', *, *, #6665, .F. ) ;
#1644 = VERTEX_POINT ( 'NONE', #1895 ) ;
#1645 = CARTESIAN_POINT ( 'NONE',  ( 0.05203308832459523081, 0.8547985216990863222, 7.700000000000001954 ) ) ;
#1646 = CARTESIAN_POINT ( 'NONE',  ( -0.5433154824878081435, 0.007785344690935144633, 7.700000000000000178 ) ) ;
#1647 = CARTESIAN_POINT ( 'NONE',  ( 1.102301037857891242, -0.1346860403947136575, 7.700999999999999623 ) ) ;
#1648 = FACE_BOUND ( 'NONE', #3472, .T. ) ;
#1649 = ORIENTED_EDGE ( 'NONE', *, *, #522, .F. ) ;
#1650 = CARTESIAN_POINT ( 'NONE',  ( 1.191153845948676349, -0.4161868433420561342, 7.700000000000000178 ) ) ;
#1651 = EDGE_CURVE ( 'NONE', #9622, #5580, #6100, .T. ) ;
#1652 = CARTESIAN_POINT ( 'NONE',  ( 0.4377342464285753909, 0.5958069028450575511, 7.701000000000001400 ) ) ;
#1653 = CARTESIAN_POINT ( 'NONE',  ( -0.5087705681411630598, -0.1972637200606134900, 7.701000000000000512 ) ) ;
#1654 = CARTESIAN_POINT ( 'NONE',  ( 0.2725533184333798764, 0.7305884293773717841, 7.701000000000001400 ) ) ;
#1655 =( NAMED_UNIT ( * ) SI_UNIT ( $, .STERADIAN. ) SOLID_ANGLE_UNIT ( ) );
#1656 = VERTEX_POINT ( 'NONE', #6905 ) ;
#1657 = CARTESIAN_POINT ( 'NONE',  ( -0.4500000000000000111, -1.100000000000000089, 0.2999999999999999889 ) ) ;
#1658 = FACE_OUTER_BOUND ( 'NONE', #2937, .T. ) ;
#1659 = LINE ( 'NONE', #7644, #8060 ) ;
#1660 = EDGE_CURVE ( 'NONE', #5873, #5965, #2765, .T. ) ;
#1661 = EDGE_CURVE ( 'NONE', #10289, #1299, #4261, .T. ) ;
#1662 = FILL_AREA_STYLE_COLOUR ( '', #2368 ) ;
#1663 = PRODUCT_DEFINITION_FORMATION_WITH_SPECIFIED_SOURCE ( 'ANY', '', #722, .NOT_KNOWN. ) ;
#1664 = EDGE_CURVE ( 'NONE', #10035, #1448, #6376, .T. ) ;
#1665 =( GEOMETRIC_REPRESENTATION_CONTEXT ( 3 ) GLOBAL_UNCERTAINTY_ASSIGNED_CONTEXT ( ( #5504 ) ) GLOBAL_UNIT_ASSIGNED_CONTEXT ( ( #1170, #6970, #7786 ) ) REPRESENTATION_CONTEXT ( 'NONE', 'WORKASPACE' ) );
#1666 = ORIENTED_EDGE ( 'NONE', *, *, #2261, .F. ) ;
#1667 = CARTESIAN_POINT ( 'NONE',  ( 2.036275893929965441, -1.371973140031788052, 7.701000000000000512 ) ) ;
#1668 = APPLICATION_PROTOCOL_DEFINITION ( 'draft international standard', 'automotive_design', 1998, #2692 ) ;
#1669 = ORIENTED_EDGE ( 'NONE', *, *, #650, .T. ) ;
#1670 =( NAMED_UNIT ( * ) PLANE_ANGLE_UNIT ( ) SI_UNIT ( $, .RADIAN. ) );
#1671 = CARTESIAN_POINT ( 'NONE',  ( -1.929289321881345387, -3.270710678118654791, 1.000000000000000000 ) ) ;
#1672 =( GEOMETRIC_REPRESENTATION_CONTEXT ( 3 ) GLOBAL_UNCERTAINTY_ASSIGNED_CONTEXT ( ( #8923 ) ) GLOBAL_UNIT_ASSIGNED_CONTEXT ( ( #9574, #8027, #3867 ) ) REPRESENTATION_CONTEXT ( 'NONE', 'WORKASPACE' ) );
#1673 = VERTEX_POINT ( 'NONE', #9625 ) ;
#1674 = SURFACE_STYLE_USAGE ( .BOTH. , #9781 ) ;
#1675 = EDGE_CURVE ( 'NONE', #5928, #2237, #2268, .T. ) ;
#1676 = FILL_AREA_STYLE_COLOUR ( '', #8386 ) ;
#1677 = CARTESIAN_POINT ( 'NONE',  ( 0.001269177717906747960, 0.7368384892911490347, 7.701000000000004064 ) ) ;
#1678 = CARTESIAN_POINT ( 'NONE',  ( 1.077752444354472372, 0.1186191209248756706, 7.700999999999999623 ) ) ;
#1679 = ORIENTED_EDGE ( 'NONE', *, *, #10469, .T. ) ;
#1680 = VECTOR ( 'NONE', #2380, 1000.000000000000000 ) ;
#1681 = CARTESIAN_POINT ( 'NONE',  ( -1.432994876586902055, 0.7916850777234912817, 7.700999999999999623 ) ) ;
#1682 = CARTESIAN_POINT ( 'NONE',  ( 2.036574967193720553, -1.362496080374185903, 7.701000000000001400 ) ) ;
#1683 = VECTOR ( 'NONE', #2000, 1000.000000000000000 ) ;
#1684 = FILL_AREA_STYLE_COLOUR ( '', #9423 ) ;
#1685 = DIRECTION ( 'NONE',  ( -1.000000000000000000, 0.0000000000000000000, 0.0000000000000000000 ) ) ;
#1686 = CARTESIAN_POINT ( 'NONE',  ( 1.365428970896007232, -0.3268051553459658809, 7.700000000000002842 ) ) ;
#1687 =( LENGTH_UNIT ( ) NAMED_UNIT ( * ) SI_UNIT ( .MILLI., .METRE. ) );
#1688 =( GEOMETRIC_REPRESENTATION_CONTEXT ( 3 ) GLOBAL_UNCERTAINTY_ASSIGNED_CONTEXT ( ( #7767 ) ) GLOBAL_UNIT_ASSIGNED_CONTEXT ( ( #9565, #7126, #2150 ) ) REPRESENTATION_CONTEXT ( 'NONE', 'WORKASPACE' ) );
#1689 = COLOUR_RGB ( '',0.0000000000000000000, 0.0000000000000000000, 0.0000000000000000000 ) ;
#1690 = CARTESIAN_POINT ( 'NONE',  ( -0.5000000000000000000, 3.299999999999999822, 0.0000000000000000000 ) ) ;
#1691 = VERTEX_POINT ( 'NONE', #4742 ) ;
#1692 = VERTEX_POINT ( 'NONE', #3815 ) ;
#1693 =( LENGTH_UNIT ( ) NAMED_UNIT ( * ) SI_UNIT ( .MILLI., .METRE. ) );
#1694 =( NAMED_UNIT ( * ) SI_UNIT ( $, .STERADIAN. ) SOLID_ANGLE_UNIT ( ) );
#1695 = CARTESIAN_POINT ( 'NONE',  ( 2.020926007432648497, -0.1866210762621359487, 7.699999999999999289 ) ) ;
#1696 = SURFACE_SIDE_STYLE ('',( #6497 ) ) ;
#1697 = COLOUR_RGB ( '',1.000000000000000000, 1.000000000000000000, 1.000000000000000000 ) ;
#1698 =( LENGTH_UNIT ( ) NAMED_UNIT ( * ) SI_UNIT ( .MILLI., .METRE. ) );
#1699 = ORIENTED_EDGE ( 'NONE', *, *, #9719, .T. ) ;
#1700 = CARTESIAN_POINT ( 'NONE',  ( 0.4000000000000000222, -3.649999999999999911, -0.0000000000000000000 ) ) ;
#1701 = PRESENTATION_STYLE_ASSIGNMENT (( #7526 ) ) ;
#1702 = FACE_OUTER_BOUND ( 'NONE', #703, .T. ) ;
#1703 = CARTESIAN_POINT ( 'NONE',  ( 0.5353994082763263718, 0.6667125238869127113, 7.699999999999997513 ) ) ;
#1704 =( NAMED_UNIT ( * ) PLANE_ANGLE_UNIT ( ) SI_UNIT ( $, .RADIAN. ) );
#1705 = ORIENTED_EDGE ( 'NONE', *, *, #7848, .F. ) ;
#1706 =( GEOMETRIC_REPRESENTATION_CONTEXT ( 3 ) GLOBAL_UNCERTAINTY_ASSIGNED_CONTEXT ( ( #5694 ) ) GLOBAL_UNIT_ASSIGNED_CONTEXT ( ( #8328, #3418, #9176 ) ) REPRESENTATION_CONTEXT ( 'NONE', 'WORKASPACE' ) );
#1707 = CARTESIAN_POINT ( 'NONE',  ( 0.3521936989761150771, 0.7321733656141460322, 7.700000000000000178 ) ) ;
#1708 = SURFACE_SIDE_STYLE ('',( #4279 ) ) ;
#1709 = MECHANICAL_DESIGN_GEOMETRIC_PRESENTATION_REPRESENTATION (  '', ( #2392 ), #3592 ) ;
#1710 = DIRECTION ( 'NONE',  ( -1.000000000000000000, 0.0000000000000000000, -1.221593242852756957E-16 ) ) ;
#1711 = FILL_AREA_STYLE ('',( #9796 ) ) ;
#1712 = DIRECTION ( 'NONE',  ( -1.000000000000000000, 0.0000000000000000000, 0.0000000000000000000 ) ) ;
#1713 = LINE ( 'NONE', #7377, #4458 ) ;
#1714 = COLOUR_RGB ( '',0.0000000000000000000, 0.0000000000000000000, 0.0000000000000000000 ) ;
#1715 = CARTESIAN_POINT ( 'NONE',  ( 1.110452083356398667, -1.107167481825129585, 7.700000000000000178 ) ) ;
#1716 = FILL_AREA_STYLE_COLOUR ( '', #1689 ) ;
#1717 =( GEOMETRIC_REPRESENTATION_CONTEXT ( 3 ) GLOBAL_UNCERTAINTY_ASSIGNED_CONTEXT ( ( #5910 ) ) GLOBAL_UNIT_ASSIGNED_CONTEXT ( ( #7673, #10009, #2662 ) ) REPRESENTATION_CONTEXT ( 'NONE', 'WORKASPACE' ) );
#1718 =( GEOMETRIC_REPRESENTATION_CONTEXT ( 3 ) GLOBAL_UNCERTAINTY_ASSIGNED_CONTEXT ( ( #2472 ) ) GLOBAL_UNIT_ASSIGNED_CONTEXT ( ( #8299, #3449, #4913 ) ) REPRESENTATION_CONTEXT ( 'NONE', 'WORKASPACE' ) );
#1719 = VERTEX_POINT ( 'NONE', #4638 ) ;
#1720 = CARTESIAN_POINT ( 'NONE',  ( 1.027261769593191154, 0.05185493862245163510, 7.701000000000002288 ) ) ;
#1721 = UNCERTAINTY_MEASURE_WITH_UNIT (LENGTH_MEASURE( 1.000000000000000082E-05 ), #2059, 'distance_accuracy_value', 'NONE');
#1722 = AXIS2_PLACEMENT_3D ( 'NONE', #5822, #5328, #1983 ) ;
#1723 = LINE ( 'NONE', #6683, #3469 ) ;
#1724 = EDGE_CURVE ( 'NONE', #1844, #1855, #8047, .T. ) ;
#1725 = PRESENTATION_STYLE_ASSIGNMENT (( #9073 ) ) ;
#1726 =( GEOMETRIC_REPRESENTATION_CONTEXT ( 3 ) GLOBAL_UNCERTAINTY_ASSIGNED_CONTEXT ( ( #9111 ) ) GLOBAL_UNIT_ASSIGNED_CONTEXT ( ( #4900, #10491, #6584 ) ) REPRESENTATION_CONTEXT ( 'NONE', 'WORKASPACE' ) );
#1727 = PRESENTATION_LAYER_ASSIGNMENT (  '', '', ( #2578 ) ) ;
#1728 = FILL_AREA_STYLE ('',( #8285 ) ) ;
#1729 = CARTESIAN_POINT ( 'NONE',  ( 3.149999999999999911, 3.857637417314163182E-16, 7.499999999999999112 ) ) ;
#1730 = ADVANCED_FACE ( 'NONE', ( #7071 ), #1468, .T. ) ;
#1731 = ORIENTED_EDGE ( 'NONE', *, *, #3330, .T. ) ;
#1732 = PRESENTATION_STYLE_ASSIGNMENT (( #251 ) ) ;
#1733 = PLANE ( 'NONE',  #5293 ) ;
#1734 = DIRECTION ( 'NONE',  ( 0.9402068109987337108, -0.3406040994345067019, 0.0000000000000000000 ) ) ;
#1735 = ORIENTED_EDGE ( 'NONE', *, *, #8378, .F. ) ;
#1736 = EDGE_CURVE ( 'NONE', #4174, #3699, #226, .T. ) ;
#1737 = B_SPLINE_SURFACE_WITH_KNOTS ( 'NONE', 3, 1, ( 
 ( #782, #2128 ),
 ( #9491, #5421 ),
 ( #2887, #9538 ),
 ( #3679, #559 ),
 ( #5257, #2174 ),
 ( #10191, #3843 ),
 ( #6122, #2997 ),
 ( #7954, #2023 ),
 ( #5476, #5367 ),
 ( #8649, #2833 ),
 ( #9428, #8756 ),
 ( #6186, #1287 ),
 ( #5312, #10360 ),
 ( #1394, #4667 ),
 ( #1334, #614 ),
 ( #3793, #1184 ),
 ( #1234, #7841 ),
 ( #10302, #7153 ),
 ( #8697, #7800 ) ),
 .UNSPECIFIED., .F., .F., .F.,
 ( 4, 1, 1, 1, 1, 1, 1, 1, 1, 1, 1, 1, 1, 1, 1, 1, 4 ),
 ( 2, 2 ),
 ( 0.0000000000000000000, 0.08219889019816227493, 0.1595817503863413978, 0.2328959019644075701, 0.3015598442791944112, 0.3663762715858001617, 0.4277928444154068255, 0.4870212767647175700, 0.5438690441168071432, 0.5992216416822365721, 0.6531426264079175370, 0.7067501491596347440, 0.7614222280069667947, 0.8171108115217804446, 0.8750568631399419095, 0.9355298571676980979, 1.000000000000000000 ),
 ( 0.0000000000000000000, 1.000000000000000000 ),
 .UNSPECIFIED. ) ;
#1738 = EDGE_CURVE ( 'NONE', #7383, #5259, #7281, .T. ) ;
#1739 = CARTESIAN_POINT ( 'NONE',  ( 1.692603036816545670, 0.2766362001480149879, 7.700999999999997847 ) ) ;
#1740 = SURFACE_STYLE_USAGE ( .BOTH. , #4140 ) ;
#1741 = DIRECTION ( 'NONE',  ( 1.221593242852756957E-16, -0.0000000000000000000, -1.000000000000000000 ) ) ;
#1742 =( LENGTH_UNIT ( ) NAMED_UNIT ( * ) SI_UNIT ( .MILLI., .METRE. ) );
#1743 = SURFACE_SIDE_STYLE ('',( #6643 ) ) ;
#1744 =( GEOMETRIC_REPRESENTATION_CONTEXT ( 3 ) GLOBAL_UNCERTAINTY_ASSIGNED_CONTEXT ( ( #6248 ) ) GLOBAL_UNIT_ASSIGNED_CONTEXT ( ( #2563, #6503, #7524 ) ) REPRESENTATION_CONTEXT ( 'NONE', 'WORKASPACE' ) );
#1745 = CARTESIAN_POINT ( 'NONE',  ( -0.4031957113175339003, -0.3374054683581494407, 7.700999999999999623 ) ) ;
#1746 = ORIENTED_EDGE ( 'NONE', *, *, #9405, .F. ) ;
#1747 =( LENGTH_UNIT ( ) NAMED_UNIT ( * ) SI_UNIT ( .MILLI., .METRE. ) );
#1748 = VECTOR ( 'NONE', #3031, 1000.000000000000000 ) ;
#1749 = CARTESIAN_POINT ( 'NONE',  ( 0.9880645727848885729, -0.1071168712504043802, 7.701000000000000512 ) ) ;
#1750 = DIRECTION ( 'NONE',  ( 1.000000000000000000, 0.0000000000000000000, 0.0000000000000000000 ) ) ;
#1751 = CARTESIAN_POINT ( 'NONE',  ( -0.3874558292648735969, 1.238975417521273270, 7.700000000000000178 ) ) ;
#1752 = CARTESIAN_POINT ( 'NONE',  ( -2.073461490767437354, -0.2102853348894490049, 7.700000000000000178 ) ) ;
#1753 =( NAMED_UNIT ( * ) SI_UNIT ( $, .STERADIAN. ) SOLID_ANGLE_UNIT ( ) );
#1754 = ORIENTED_EDGE ( 'NONE', *, *, #8693, .F. ) ;
#1755 = CARTESIAN_POINT ( 'NONE',  ( 1.990263387852893473, -1.079476954794773569, 7.699999999999999289 ) ) ;
#1756 = STYLED_ITEM ( 'NONE', ( #2868 ), #3749 ) ;
#1757 =( NAMED_UNIT ( * ) PLANE_ANGLE_UNIT ( ) SI_UNIT ( $, .RADIAN. ) );
#1758 = MECHANICAL_DESIGN_GEOMETRIC_PRESENTATION_REPRESENTATION (  '', ( #4846 ), #8633 ) ;
#1759 = ORIENTED_EDGE ( 'NONE', *, *, #5079, .F. ) ;
#1760 = CARTESIAN_POINT ( 'NONE',  ( 0.4532415011600577359, 0.7844388269652805556, 7.700000000000003730 ) ) ;
#1761 = TOROIDAL_SURFACE ( 'NONE', #7620, 2.950000000000000622, 0.2000000000000000389 ) ;
#1762 = DIRECTION ( 'NONE',  ( -0.0000000000000000000, -0.0000000000000000000, -1.000000000000000000 ) ) ;
#1763 = ORIENTED_EDGE ( 'NONE', *, *, #6007, .T. ) ;
#1764 = LINE ( 'NONE', #1617, #2076 ) ;
#1765 = CARTESIAN_POINT ( 'NONE',  ( 1.990474641255004284, -1.646823644559080480, 7.700999999999999623 ) ) ;
#1766 = SURFACE_SIDE_STYLE ('',( #2515 ) ) ;
#1767 = CARTESIAN_POINT ( 'NONE',  ( 2.149501702799246239, -1.377291607131088780, 7.700999999999999623 ) ) ;
#1768 = CARTESIAN_POINT ( 'NONE',  ( 1.191163288553480859, -0.2676409664043099546, 7.701000000000002288 ) ) ;
#1769 = CARTESIAN_POINT ( 'NONE',  ( -0.4262908134595503884, -0.06077703228688790399, 7.700000000000000178 ) ) ;
#1770 = PRESENTATION_LAYER_ASSIGNMENT (  '', '', ( #3988 ) ) ;
#1771 = VERTEX_POINT ( 'NONE', #6263 ) ;
#1772 = COLOUR_RGB ( '',0.0000000000000000000, 0.0000000000000000000, 0.0000000000000000000 ) ;
#1773 = SURFACE_SIDE_STYLE ('',( #8286 ) ) ;
#1774 = CARTESIAN_POINT ( 'NONE',  ( 0.9884906633286032474, -0.1214693845204695144, 7.701000000000002288 ) ) ;
#1775 = ORIENTED_EDGE ( 'NONE', *, *, #2448, .F. ) ;
#1776 = CARTESIAN_POINT ( 'NONE',  ( 1.009552729232102708, -0.2296740569130875098, 7.701000000000000512 ) ) ;
#1777 = CARTESIAN_POINT ( 'NONE',  ( -1.863582298643372326, -0.1502882240607342212, 7.701000000000000512 ) ) ;
#1778 = FILL_AREA_STYLE_COLOUR ( '', #1780 ) ;
#1779 = ADVANCED_FACE ( 'NONE', ( #1364 ), #9512, .T. ) ;
#1780 = COLOUR_RGB ( '',0.0000000000000000000, 0.0000000000000000000, 0.0000000000000000000 ) ;
#1781 = ORIENTED_EDGE ( 'NONE', *, *, #5808, .T. ) ;
#1782 = PRODUCT_DEFINITION ( 'UNKNOWN', '', #1663, #9223 ) ;
#1783 = CARTESIAN_POINT ( 'NONE',  ( -2.073461490767437354, 0.4171699732548914130, 7.701000000000000512 ) ) ;
#1784 = CARTESIAN_POINT ( 'NONE',  ( -1.358406264136680530, 0.7335132613001567048, 7.701000000000000512 ) ) ;
#1785 = CARTESIAN_POINT ( 'NONE',  ( 2.029902655259846256, -1.307874833825071414, 7.700999999999997847 ) ) ;
#1786 = CARTESIAN_POINT ( 'NONE',  ( -0.3999999999999996891, -1.200000000000000178, 0.2000000000000000111 ) ) ;
#1787 = CARTESIAN_POINT ( 'NONE',  ( 1.568996007524917191, -0.4967660043077405385, 7.701000000000000512 ) ) ;
#1788 = FILL_AREA_STYLE ('',( #8249 ) ) ;
#1789 = CARTESIAN_POINT ( 'NONE',  ( -2.073461490767437354, -1.440868690091399840, 7.700000000000000178 ) ) ;
#1790 = ADVANCED_FACE ( 'NONE', ( #230 ), #1577, .F. ) ;
#1791 = EDGE_CURVE ( 'NONE', #4354, #3405, #9228, .T. ) ;
#1792 = VERTEX_POINT ( 'NONE', #5204 ) ;
#1793 = EDGE_CURVE ( 'NONE', #131, #4751, #8487, .T. ) ;
#1794 = SURFACE_STYLE_USAGE ( .BOTH. , #8581 ) ;
#1795 = PRESENTATION_STYLE_ASSIGNMENT (( #3460 ) ) ;
#1796 = CARTESIAN_POINT ( 'NONE',  ( 0.2971258075372210650, 0.7294510755714447292, 7.699999999999999289 ) ) ;
#1797 =( LENGTH_UNIT ( ) NAMED_UNIT ( * ) SI_UNIT ( .MILLI., .METRE. ) );
#1798 = SURFACE_STYLE_USAGE ( .BOTH. , #1963 ) ;
#1799 = CARTESIAN_POINT ( 'NONE',  ( -0.4283466931210122564, 0.04067761430570299847, 7.699999999999999289 ) ) ;
#1800 = CARTESIAN_POINT ( 'NONE',  ( 1.624456660631876659, -0.3405321625305861022, 7.700999999999999623 ) ) ;
#1801 = CARTESIAN_POINT ( 'NONE',  ( 0.5549938700579185591, 0.6910695983926831154, 7.701000000000002288 ) ) ;
#1802 = FILL_AREA_STYLE ('',( #922 ) ) ;
#1803 = CARTESIAN_POINT ( 'NONE',  ( 0.08876798670258598256, 0.8211837447775678367, 7.700999999999996959 ) ) ;
#1804 = UNCERTAINTY_MEASURE_WITH_UNIT (LENGTH_MEASURE( 1.000000000000000082E-05 ), #1575, 'distance_accuracy_value', 'NONE');
#1805 = CARTESIAN_POINT ( 'NONE',  ( -0.05935354790636666877, 0.9775119935776857005, 7.700000000000000178 ) ) ;
#1806 = PLANE ( 'NONE',  #4571 ) ;
#1807 = B_SPLINE_CURVE_WITH_KNOTS ( 'NONE', 3,
 ( #9935, #5985, #5875, #9134, #4247, #197, #10037, #7557, #2698, #3438, #6740, #9989, #9190, #2204, #473, #2044, #7006, #5387, #2146 ),
 .UNSPECIFIED., .F., .F.,
 ( 4, 1, 1, 1, 1, 1, 1, 1, 1, 1, 1, 1, 1, 1, 1, 1, 4 ),
 ( 0.0000000000000000000, 0.06076669972360949912, 0.1177457918657218577, 0.1726623645385775563, 0.2253979615528524938, 0.2769367840930760938, 0.3284173684634983381, 0.3807417951504880049, 0.4343798206534031370, 0.4908937120277337973, 0.5503058402017673156, 0.6135243078785277415, 0.6810294414562193532, 0.7530968207325495767, 0.8302879085301325679, 0.9120706871394317350, 1.000000000000000000 ),
 .UNSPECIFIED. ) ;
#1808 = VERTEX_POINT ( 'NONE', #2676 ) ;
#1809 = PLANE ( 'NONE',  #8090 ) ;
#1810 = CARTESIAN_POINT ( 'NONE',  ( 1.750506843187357386, -1.738306907736339335, 7.699999999999998401 ) ) ;
#1811 = CARTESIAN_POINT ( 'NONE',  ( 0.3999999999999996891, 1.300000000000000044, 0.2999999999999999889 ) ) ;
#1812 = B_SPLINE_SURFACE_WITH_KNOTS ( 'NONE', 3, 1, ( 
 ( #5478, #1552 ),
 ( #2398, #8758 ),
 ( #6402, #656 ),
 ( #1397, #9701 ),
 ( #4669, #617 ),
 ( #2342, #5631 ),
 ( #9650, #2294 ),
 ( #1453, #5685 ),
 ( #3844, #3043 ),
 ( #6345, #5586 ),
 ( #7154, #7302 ),
 ( #3795, #8903 ),
 ( #7102, #10411 ),
 ( #8855, #1497 ),
 ( #4773, #6292 ),
 ( #9595, #10563 ),
 ( #710, #2241 ),
 ( #3946, #1336 ),
 ( #5535, #7258 ) ),
 .UNSPECIFIED., .F., .F., .F.,
 ( 4, 1, 1, 1, 1, 1, 1, 1, 1, 1, 1, 1, 1, 1, 1, 1, 4 ),
 ( 2, 2 ),
 ( 0.0000000000000000000, 0.06076669972360949912, 0.1177457918657218577, 0.1726623645385775563, 0.2253979615528524938, 0.2769367840930760938, 0.3284173684634983381, 0.3807417951504880049, 0.4343798206534031370, 0.4908937120277337973, 0.5503058402017673156, 0.6135243078785277415, 0.6810294414562193532, 0.7530968207325495767, 0.8302879085301325679, 0.9120706871394317350, 1.000000000000000000 ),
 ( 0.0000000000000000000, 1.000000000000000000 ),
 .UNSPECIFIED. ) ;
#1813 = ORIENTED_EDGE ( 'NONE', *, *, #1485, .F. ) ;
#1814 = CARTESIAN_POINT ( 'NONE',  ( 1.333373719291305992, 0.2566148049587326230, 7.700000000000000178 ) ) ;
#1815 = DIRECTION ( 'NONE',  ( 0.0000000000000000000, 0.0000000000000000000, 1.000000000000000000 ) ) ;
#1816 = UNCERTAINTY_MEASURE_WITH_UNIT (LENGTH_MEASURE( 1.000000000000000082E-05 ), #7350, 'distance_accuracy_value', 'NONE');
#1817 = PLANE ( 'NONE',  #8812 ) ;
#1818 = PRESENTATION_STYLE_ASSIGNMENT (( #10305 ) ) ;
#1819 = ORIENTED_EDGE ( 'NONE', *, *, #10039, .F. ) ;
#1820 = CARTESIAN_POINT ( 'NONE',  ( -0.9684754055259846561, 0.8758124462041458891, 7.701000000000003176 ) ) ;
#1821 = CARTESIAN_POINT ( 'NONE',  ( -1.358406264136680530, 0.7335132613001567048, 7.700000000000000178 ) ) ;
#1822 = PLANE ( 'NONE',  #5315 ) ;
#1823 = ORIENTED_EDGE ( 'NONE', *, *, #4010, .F. ) ;
#1824 = DIRECTION ( 'NONE',  ( 1.000000000000000000, -1.971276677246372012E-16, 0.0000000000000000000 ) ) ;
#1825 = CARTESIAN_POINT ( 'NONE',  ( 1.027195445959389941, -0.2664898203792049891, 7.701000000000004064 ) ) ;
#1826 = DIRECTION ( 'NONE',  ( 1.000000000000000000, 0.0000000000000000000, -0.0000000000000000000 ) ) ;
#1827 = STYLED_ITEM ( 'NONE', ( #1065 ), #8447 ) ;
#1828 =( GEOMETRIC_REPRESENTATION_CONTEXT ( 3 ) GLOBAL_UNCERTAINTY_ASSIGNED_CONTEXT ( ( #7975 ) ) GLOBAL_UNIT_ASSIGNED_CONTEXT ( ( #9594, #4878, #7205 ) ) REPRESENTATION_CONTEXT ( 'NONE', 'WORKASPACE' ) );
#1829 =( LENGTH_UNIT ( ) NAMED_UNIT ( * ) SI_UNIT ( .MILLI., .METRE. ) );
#1830 = AXIS2_PLACEMENT_3D ( 'NONE', #7475, #9167, #9055 ) ;
#1831 = DIRECTION ( 'NONE',  ( 1.221593242852756957E-16, -0.0000000000000000000, -1.000000000000000000 ) ) ;
#1832 = ORIENTED_EDGE ( 'NONE', *, *, #9847, .F. ) ;
#1833 = SURFACE_SIDE_STYLE ('',( #4414 ) ) ;
#1834 = CARTESIAN_POINT ( 'NONE',  ( 2.027539931693435715, 0.1486545104043988097, 7.701000000000001400 ) ) ;
#1835 = COLOUR_RGB ( '',1.000000000000000000, 1.000000000000000000, 1.000000000000000000 ) ;
#1836 = FILL_AREA_STYLE_COLOUR ( '', #6648 ) ;
#1837 = DIRECTION ( 'NONE',  ( 0.0000000000000000000, -1.000000000000000000, 0.0000000000000000000 ) ) ;
#1838 = CARTESIAN_POINT ( 'NONE',  ( 1.856253339702593985, -0.4560592128831077452, 7.699999999999999289 ) ) ;
#1839 = LINE ( 'NONE', #9353, #2235 ) ;
#1840 = DIRECTION ( 'NONE',  ( -0.0000000000000000000, 0.0000000000000000000, -1.000000000000000000 ) ) ;
#1841 = CARTESIAN_POINT ( 'NONE',  ( -3.033150177620620003, -1.299999999999999600, 1.000000000000000000 ) ) ;
#1842 =( GEOMETRIC_REPRESENTATION_CONTEXT ( 3 ) GLOBAL_UNCERTAINTY_ASSIGNED_CONTEXT ( ( #2993 ) ) GLOBAL_UNIT_ASSIGNED_CONTEXT ( ( #5130, #8460, #4363 ) ) REPRESENTATION_CONTEXT ( 'NONE', 'WORKASPACE' ) );
#1843 = VERTEX_POINT ( 'NONE', #5960 ) ;
#1844 = VERTEX_POINT ( 'NONE', #8439 ) ;
#1845 = SURFACE_STYLE_USAGE ( .BOTH. , #10008 ) ;
#1846 = LINE ( 'NONE', #6709, #6148 ) ;
#1847 =( NAMED_UNIT ( * ) SI_UNIT ( $, .STERADIAN. ) SOLID_ANGLE_UNIT ( ) );
#1848 = EDGE_CURVE ( 'NONE', #5758, #1432, #3584, .T. ) ;
#1849 = CARTESIAN_POINT ( 'NONE',  ( 0.5000000000000000000, -1.099999999999999867, 0.0000000000000000000 ) ) ;
#1850 = ADVANCED_FACE ( 'NONE', ( #4850 ), #1737, .T. ) ;
#1851 = CARTESIAN_POINT ( 'NONE',  ( -0.3999999999999996891, -1.000000000000000000, 0.0000000000000000000 ) ) ;
#1852 =( GEOMETRIC_REPRESENTATION_CONTEXT ( 3 ) GLOBAL_UNCERTAINTY_ASSIGNED_CONTEXT ( ( #3657 ) ) GLOBAL_UNIT_ASSIGNED_CONTEXT ( ( #6635, #9250, #4132 ) ) REPRESENTATION_CONTEXT ( 'NONE', 'WORKASPACE' ) );
#1853 = CARTESIAN_POINT ( 'NONE',  ( 1.218793774962094734, -1.538873609629530792, 7.700000000000001066 ) ) ;
#1854 = VECTOR ( 'NONE', #6353, 1000.000000000000000 ) ;
#1855 = VERTEX_POINT ( 'NONE', #396 ) ;
#1856 = CARTESIAN_POINT ( 'NONE',  ( -0.05116206045004765418, 0.7953067455628063387, 7.701000000000000512 ) ) ;
#1857 = EDGE_CURVE ( 'NONE', #1901, #5928, #8540, .T. ) ;
#1858 = VECTOR ( 'NONE', #1311, 1000.000000000000000 ) ;
#1859 = CARTESIAN_POINT ( 'NONE',  ( -0.01055176779929884769, -0.1533874813587814967, 7.699999999999999289 ) ) ;
#1860 = CARTESIAN_POINT ( 'NONE',  ( 1.110452083356398667, -1.107167481825129585, 7.699999999999999289 ) ) ;
#1861 = SURFACE_STYLE_USAGE ( .BOTH. , #5152 ) ;
#1862 = ORIENTED_EDGE ( 'NONE', *, *, #7608, .F. ) ;
#1863 = PRESENTATION_LAYER_ASSIGNMENT (  '', '', ( #6856 ) ) ;
#1864 = COLOUR_RGB ( '',0.0000000000000000000, 0.0000000000000000000, 0.0000000000000000000 ) ;
#1865 = ADVANCED_FACE ( 'NONE', ( #6075 ), #810, .T. ) ;
#1866 =( LENGTH_UNIT ( ) NAMED_UNIT ( * ) SI_UNIT ( .MILLI., .METRE. ) );
#1867 = EDGE_CURVE ( 'NONE', #9106, #9419, #4720, .T. ) ;
#1868 = VERTEX_POINT ( 'NONE', #1646 ) ;
#1869 = VECTOR ( 'NONE', #7236, 1000.000000000000000 ) ;
#1870 = CARTESIAN_POINT ( 'NONE',  ( 2.140828924186927384, -1.446523977661236415, 7.699999999999999289 ) ) ;
#1871 = CARTESIAN_POINT ( 'NONE',  ( 0.4400878336105685795, 1.172987552826100455, 7.701000000000001400 ) ) ;
#1872 = DIRECTION ( 'NONE',  ( -1.000000000000000000, 0.0000000000000000000, 0.0000000000000000000 ) ) ;
#1873 = PRESENTATION_STYLE_ASSIGNMENT (( #287 ) ) ;
#1874 = DIRECTION ( 'NONE',  ( -0.0000000000000000000, -0.0000000000000000000, -1.000000000000000000 ) ) ;
#1875 = VECTOR ( 'NONE', #181, 1000.000000000000000 ) ;
#1876 = ORIENTED_EDGE ( 'NONE', *, *, #9677, .T. ) ;
#1877 = CARTESIAN_POINT ( 'NONE',  ( 1.547733973726830081, 0.2821658913889863451, 7.699999999999999289 ) ) ;
#1878 = CIRCLE ( 'NONE', #7393, 3.300000000000001155 ) ;
#1879 = MECHANICAL_DESIGN_GEOMETRIC_PRESENTATION_REPRESENTATION (  '', ( #2221 ), #8921 ) ;
#1880 = VERTEX_POINT ( 'NONE', #3234 ) ;
#1881 = CARTESIAN_POINT ( 'NONE',  ( -0.9951677543757254663, 0.7186018340115548630, 7.700999999999996959 ) ) ;
#1882 = CARTESIAN_POINT ( 'NONE',  ( -1.447338220291349398, 0.8121478985593975075, 7.700000000000001066 ) ) ;
#1883 = CARTESIAN_POINT ( 'NONE',  ( 0.3999999999999996891, 3.299999999999999822, 0.2999999999999999889 ) ) ;
#1884 = EDGE_LOOP ( 'NONE', ( #8362, #487, #5013, #8321 ) ) ;
#1885 = DIRECTION ( 'NONE',  ( 1.221593242852757203E-16, -0.0000000000000000000, -1.000000000000000000 ) ) ;
#1886 = CARTESIAN_POINT ( 'NONE',  ( 1.050040676683823504, -0.3010030133532428653, 7.700999999999999623 ) ) ;
#1887 = AXIS2_PLACEMENT_3D ( 'NONE', #5967, #4339, #4391 ) ;
#1888 = VECTOR ( 'NONE', #6865, 1000.000000000000000 ) ;
#1889 = PLANE ( 'NONE',  #6508 ) ;
#1890 = PLANE ( 'NONE',  #4876 ) ;
#1891 =( GEOMETRIC_REPRESENTATION_CONTEXT ( 3 ) GLOBAL_UNCERTAINTY_ASSIGNED_CONTEXT ( ( #566 ) ) GLOBAL_UNIT_ASSIGNED_CONTEXT ( ( #10164, #6103, #5396 ) ) REPRESENTATION_CONTEXT ( 'NONE', 'WORKASPACE' ) );
#1892 = ORIENTED_EDGE ( 'NONE', *, *, #7326, .T. ) ;
#1893 =( LENGTH_UNIT ( ) NAMED_UNIT ( * ) SI_UNIT ( .MILLI., .METRE. ) );
#1894 =( GEOMETRIC_REPRESENTATION_CONTEXT ( 3 ) GLOBAL_UNCERTAINTY_ASSIGNED_CONTEXT ( ( #5794 ) ) GLOBAL_UNIT_ASSIGNED_CONTEXT ( ( #2589, #1670, #9078 ) ) REPRESENTATION_CONTEXT ( 'NONE', 'WORKASPACE' ) );
#1895 = CARTESIAN_POINT ( 'NONE',  ( 0.4000000000000000222, -3.649999999999999911, 0.2999999999999999889 ) ) ;
#1896 = DIRECTION ( 'NONE',  ( -0.0000000000000000000, -0.0000000000000000000, -1.000000000000000000 ) ) ;
#1897 = LINE ( 'NONE', #4761, #430 ) ;
#1898 = SURFACE_STYLE_USAGE ( .BOTH. , #9308 ) ;
#1899 = PLANE ( 'NONE',  #4060 ) ;
#1900 = PRESENTATION_LAYER_ASSIGNMENT (  '', '', ( #3254 ) ) ;
#1901 = VERTEX_POINT ( 'NONE', #6560 ) ;
#1902 = ORIENTED_EDGE ( 'NONE', *, *, #7799, .T. ) ;
#1903 = CARTESIAN_POINT ( 'NONE',  ( 1.858578643762733629, -3.299999999999999822, 1.000000000000000000 ) ) ;
#1904 = LINE ( 'NONE', #10122, #3239 ) ;
#1905 = CARTESIAN_POINT ( 'NONE',  ( 2.035690977191942697, -1.390508032624242274, 7.700000000000001066 ) ) ;
#1906 = CARTESIAN_POINT ( 'NONE',  ( 0.4500000000000000111, -1.100000000000000089, 0.7000000000000000666 ) ) ;
#1907 = AXIS2_PLACEMENT_3D ( 'NONE', #5716, #10400, #5361 ) ;
#1908 = DIRECTION ( 'NONE',  ( -1.000000000000000000, 0.0000000000000000000, 0.0000000000000000000 ) ) ;
#1909 = FILL_AREA_STYLE_COLOUR ( '', #10311 ) ;
#1910 = VERTEX_POINT ( 'NONE', #9648 ) ;
#1911 = CARTESIAN_POINT ( 'NONE',  ( 2.036275893929965441, -0.1161511478022595467, 7.700999999999999623 ) ) ;
#1912 = SURFACE_STYLE_USAGE ( .BOTH. , #8366 ) ;
#1913 = CARTESIAN_POINT ( 'NONE',  ( 0.9893386402676717095, -1.320560356732233709, 7.700999999999997847 ) ) ;
#1914 =( NAMED_UNIT ( * ) PLANE_ANGLE_UNIT ( ) SI_UNIT ( $, .RADIAN. ) );
#1915 = EDGE_CURVE ( 'NONE', #5953, #5767, #6315, .T. ) ;
#1916 = ORIENTED_EDGE ( 'NONE', *, *, #435, .F. ) ;
#1917 = COLOUR_RGB ( '',0.0000000000000000000, 0.0000000000000000000, 0.0000000000000000000 ) ;
#1918 = CARTESIAN_POINT ( 'NONE',  ( 0.05154332654548204884, 0.1151732139268188543, 7.701000000000002288 ) ) ;
#1919 = PRESENTATION_STYLE_ASSIGNMENT (( #9172 ) ) ;
#1920 = FILL_AREA_STYLE_COLOUR ( '', #10559 ) ;
#1921 = VERTEX_POINT ( 'NONE', #5533 ) ;
#1922 = PRESENTATION_LAYER_ASSIGNMENT (  '', '', ( #4846 ) ) ;
#1923 = PRESENTATION_STYLE_ASSIGNMENT (( #2741 ) ) ;
#1924 = CARTESIAN_POINT ( 'NONE',  ( -0.4299630074165829985, -0.009925979538943811159, 7.700000000000000178 ) ) ;
#1925 = ADVANCED_FACE ( 'NONE', ( #860 ), #4025, .T. ) ;
#1926 = EDGE_CURVE ( 'NONE', #2197, #3629, #5037, .T. ) ;
#1927 = VERTEX_POINT ( 'NONE', #1849 ) ;
#1928 = CARTESIAN_POINT ( 'NONE',  ( 1.568996007524917191, 0.2825322618069318059, 7.700000000000000178 ) ) ;
#1929 = PRESENTATION_LAYER_ASSIGNMENT (  '', '', ( #5198 ) ) ;
#1930 = EDGE_CURVE ( 'NONE', #3056, #1198, #2664, .T. ) ;
#1931 = LINE ( 'NONE', #3486, #4690 ) ;
#1932 = UNCERTAINTY_MEASURE_WITH_UNIT (LENGTH_MEASURE( 1.000000000000000082E-05 ), #7787, 'distance_accuracy_value', 'NONE');
#1933 = EDGE_LOOP ( 'NONE', ( #2956, #2108, #6586, #3995 ) ) ;
#1934 = DIRECTION ( 'NONE',  ( 0.0000000000000000000, -1.000000000000000000, 0.0000000000000000000 ) ) ;
#1935 = SURFACE_STYLE_USAGE ( .BOTH. , #6142 ) ;
#1936 = CARTESIAN_POINT ( 'NONE',  ( 1.027195445959389941, -0.2664898203792049891, 7.700000000000002842 ) ) ;
#1937 = ORIENTED_EDGE ( 'NONE', *, *, #6741, .F. ) ;
#1938 =( NAMED_UNIT ( * ) PLANE_ANGLE_UNIT ( ) SI_UNIT ( $, .RADIAN. ) );
#1939 = CARTESIAN_POINT ( 'NONE',  ( 1.250069111952158307, 0.08270676498615642247, 7.699999999999999289 ) ) ;
#1940 = CARTESIAN_POINT ( 'NONE',  ( 1.282125838424073017, -0.4560138373354040153, 7.700999999999999623 ) ) ;
#1941 = MECHANICAL_DESIGN_GEOMETRIC_PRESENTATION_REPRESENTATION (  '', ( #8117 ), #79 ) ;
#1942 = DIRECTION ( 'NONE',  ( -1.000000000000000000, 0.0000000000000000000, -1.221593242852756957E-16 ) ) ;
#1943 = FILL_AREA_STYLE ('',( #2760 ) ) ;
#1944 = EDGE_LOOP ( 'NONE', ( #2353, #1237, #1511, #9291 ) ) ;
#1945 = DIRECTION ( 'NONE',  ( 0.0000000000000000000, 0.0000000000000000000, 1.000000000000000000 ) ) ;
#1946 = LINE ( 'NONE', #9459, #2897 ) ;
#1947 = FACE_OUTER_BOUND ( 'NONE', #9069, .T. ) ;
#1948 = PLANE ( 'NONE',  #720 ) ;
#1949 = SURFACE_STYLE_FILL_AREA ( #5936 ) ;
#1950 = FILL_AREA_STYLE ('',( #9404 ) ) ;
#1951 = DIRECTION ( 'NONE',  ( 1.000000000000000000, 0.0000000000000000000, 0.0000000000000000000 ) ) ;
#1952 = DIRECTION ( 'NONE',  ( -0.3401998770018514473, -0.9403531483904996602, 0.0000000000000000000 ) ) ;
#1953 = ORIENTED_EDGE ( 'NONE', *, *, #1229, .F. ) ;
#1954 = ORIENTED_EDGE ( 'NONE', *, *, #2508, .T. ) ;
#1955 = CARTESIAN_POINT ( 'NONE',  ( 2.148653374782161674, -1.320560356732234153, 7.701000000000000512 ) ) ;
#1956 = CARTESIAN_POINT ( 'NONE',  ( 1.568996007524917191, -1.129149383645531080, 7.701000000000000512 ) ) ;
#1957 = CARTESIAN_POINT ( 'NONE',  ( -0.4296228996451132431, -0.03584954223178495741, 7.701000000000000512 ) ) ;
#1958 = CYLINDRICAL_SURFACE ( 'NONE', #9235, 0.2000000000000000111 ) ;
#1959 =( LENGTH_UNIT ( ) NAMED_UNIT ( * ) SI_UNIT ( .MILLI., .METRE. ) );
#1960 = DIRECTION ( 'NONE',  ( -0.0000000000000000000, -0.0000000000000000000, -1.000000000000000000 ) ) ;
#1961 = CARTESIAN_POINT ( 'NONE',  ( 1.460507226055815844, -1.132233406362588068, 7.700999999999997847 ) ) ;
#1962 = SURFACE_STYLE_USAGE ( .BOTH. , #6172 ) ;
#1963 = SURFACE_SIDE_STYLE ('',( #1171 ) ) ;
#1964 = DIRECTION ( 'NONE',  ( -1.000000000000000000, 0.0000000000000000000, 0.0000000000000000000 ) ) ;
#1965 = ORIENTED_EDGE ( 'NONE', *, *, #4566, .F. ) ;
#1966 = CARTESIAN_POINT ( 'NONE',  ( -0.5429554587489225925, 0.02233866815859988919, 7.701000000000001400 ) ) ;
#1967 = CARTESIAN_POINT ( 'NONE',  ( 0.02788663498675176405, -0.07568763524242287655, 7.700000000000000178 ) ) ;
#1968 = VERTEX_POINT ( 'NONE', #4982 ) ;
#1969 = DIRECTION ( 'NONE',  ( -1.000000000000000000, -0.0000000000000000000, -0.0000000000000000000 ) ) ;
#1970 = CARTESIAN_POINT ( 'NONE',  ( -0.1928526542890789675, -0.2417229353974841843, 7.700000000000000178 ) ) ;
#1971 = ADVANCED_FACE ( 'NONE', ( #4321 ), #3949, .T. ) ;
#1972 = ORIENTED_EDGE ( 'NONE', *, *, #1481, .F. ) ;
#1973 = CARTESIAN_POINT ( 'NONE',  ( -0.5000000000000000000, 1.100000000000000311, 0.0000000000000000000 ) ) ;
#1974 = CARTESIAN_POINT ( 'NONE',  ( 2.088206234233758174, -1.556895081890097066, 7.701000000000000512 ) ) ;
#1975 = CARTESIAN_POINT ( 'NONE',  ( 0.4935056712800460765, 1.031737592980059626, 7.700999999999998735 ) ) ;
#1976 = SURFACE_STYLE_FILL_AREA ( #10088 ) ;
#1977 = DIRECTION ( 'NONE',  ( 0.0000000000000000000, -1.000000000000000000, -0.0000000000000000000 ) ) ;
#1978 = CARTESIAN_POINT ( 'NONE',  ( 1.929289321881345609, -3.270710678118654346, 0.0000000000000000000 ) ) ;
#1979 = ADVANCED_FACE ( 'NONE', ( #2161 ), #2778, .T. ) ;
#1980 = ORIENTED_EDGE ( 'NONE', *, *, #4350, .F. ) ;
#1981 = EDGE_CURVE ( 'NONE', #23, #5307, #9531, .T. ) ;
#1982 = CARTESIAN_POINT ( 'NONE',  ( 1.101417047856113829, -0.1066740881446573280, 7.701000000000000512 ) ) ;
#1983 = DIRECTION ( 'NONE',  ( -0.0000000000000000000, 0.0000000000000000000, -1.000000000000000000 ) ) ;
#1984 = CARTESIAN_POINT ( 'NONE',  ( 2.036574967193720109, -0.1066740881446573280, 7.700000000000000178 ) ) ;
#1985 = ORIENTED_EDGE ( 'NONE', *, *, #7211, .F. ) ;
#1986 =( NAMED_UNIT ( * ) PLANE_ANGLE_UNIT ( ) SI_UNIT ( $, .RADIAN. ) );
#1987 = CARTESIAN_POINT ( 'NONE',  ( 1.460530245480272438, -1.593261426377926337, 7.701000000000003176 ) ) ;
#1988 = DIRECTION ( 'NONE',  ( 1.000000000000000000, 0.0000000000000000000, -0.0000000000000000000 ) ) ;
#1989 = EDGE_CURVE ( 'NONE', #3329, #3238, #4811, .T. ) ;
#1990 = CARTESIAN_POINT ( 'NONE',  ( -1.502610632748801578, 0.6885687950854030293, 7.699999999999998401 ) ) ;
#1991 = ORIENTED_EDGE ( 'NONE', *, *, #7147, .T. ) ;
#1992 = DIRECTION ( 'NONE',  ( 0.6532332565467510177, -0.7571567291791881926, 0.0000000000000000000 ) ) ;
#1993 =( NAMED_UNIT ( * ) PLANE_ANGLE_UNIT ( ) SI_UNIT ( $, .RADIAN. ) );
#1994 = EDGE_CURVE ( 'NONE', #9541, #6066, #869, .T. ) ;
#1995 = DIRECTION ( 'NONE',  ( 0.0000000000000000000, 1.000000000000000000, 0.0000000000000000000 ) ) ;
#1996 =( GEOMETRIC_REPRESENTATION_CONTEXT ( 3 ) GLOBAL_UNCERTAINTY_ASSIGNED_CONTEXT ( ( #9326 ) ) GLOBAL_UNIT_ASSIGNED_CONTEXT ( ( #7802, #6344, #3732 ) ) REPRESENTATION_CONTEXT ( 'NONE', 'WORKASPACE' ) );
#1997 = SURFACE_STYLE_FILL_AREA ( #209 ) ;
#1998 = STYLED_ITEM ( 'NONE', ( #3890 ), #1925 ) ;
#1999 = AXIS2_PLACEMENT_3D ( 'NONE', #8411, #997, #4195 ) ;
#2000 = DIRECTION ( 'NONE',  ( -1.000000000000000000, 0.0000000000000000000, 0.0000000000000000000 ) ) ;
#2001 = CARTESIAN_POINT ( 'NONE',  ( 1.904006536338552102, 0.2232776910250738600, 7.700000000000000178 ) ) ;
#2002 = SURFACE_STYLE_FILL_AREA ( #9355 ) ;
#2003 = ORIENTED_EDGE ( 'NONE', *, *, #3866, .F. ) ;
#2004 = ORIENTED_EDGE ( 'NONE', *, *, #9937, .F. ) ;
#2005 = CARTESIAN_POINT ( 'NONE',  ( 2.128493721508960768, -1.240650327799465380, 7.700999999999997847 ) ) ;
#2006 = CARTESIAN_POINT ( 'NONE',  ( 1.117116516623060996, -1.282935229560041579, 7.699999999999999289 ) ) ;
#2007 = CARTESIAN_POINT ( 'NONE',  ( 0.3999999999999996891, 1.200000000000000178, 0.2000000000000000111 ) ) ;
#2008 = SURFACE_SIDE_STYLE ('',( #8473 ) ) ;
#2009 = CARTESIAN_POINT ( 'NONE',  ( 1.550101069194856906, -1.129313119628636342, 7.701000000000002288 ) ) ;
#2010 = FILL_AREA_STYLE_COLOUR ( '', #6543 ) ;
#2011 = CARTESIAN_POINT ( 'NONE',  ( -0.01513176586096121393, -0.3514865678908605240, 7.701000000000004064 ) ) ;
#2012 = CARTESIAN_POINT ( 'NONE',  ( 1.130209662779901869, -1.465492452968371051, 7.700000000000001066 ) ) ;
#2013 = SURFACE_SIDE_STYLE ('',( #9213 ) ) ;
#2014 = ORIENTED_EDGE ( 'NONE', *, *, #9062, .T. ) ;
#2015 = MECHANICAL_DESIGN_GEOMETRIC_PRESENTATION_REPRESENTATION (  '', ( #512 ), #8725 ) ;
#2016 = VECTOR ( 'NONE', #6718, 1000.000000000000000 ) ;
#2017 = CARTESIAN_POINT ( 'NONE',  ( -0.1114891974168682465, -0.2300156873408740754, 7.700000000000001954 ) ) ;
#2018 = PRESENTATION_LAYER_ASSIGNMENT (  '', '', ( #3555 ) ) ;
#2019 = ORIENTED_EDGE ( 'NONE', *, *, #8565, .T. ) ;
#2020 = UNCERTAINTY_MEASURE_WITH_UNIT (LENGTH_MEASURE( 1.000000000000000082E-05 ), #10392, 'distance_accuracy_value', 'NONE');
#2021 = VECTOR ( 'NONE', #8984, 1000.000000000000000 ) ;
#2022 =( GEOMETRIC_REPRESENTATION_CONTEXT ( 3 ) GLOBAL_UNCERTAINTY_ASSIGNED_CONTEXT ( ( #10540 ) ) GLOBAL_UNIT_ASSIGNED_CONTEXT ( ( #7645, #5263, #6246 ) ) REPRESENTATION_CONTEXT ( 'NONE', 'WORKASPACE' ) );
#2023 = CARTESIAN_POINT ( 'NONE',  ( -1.459402778558030356, 0.8350480683122247783, 7.699999999999999289 ) ) ;
#2024 = DIRECTION ( 'NONE',  ( 0.0000000000000000000, 1.000000000000000000, 0.0000000000000000000 ) ) ;
#2025 = CARTESIAN_POINT ( 'NONE',  ( -0.1872947003851974934, -0.3973051276732331161, 7.699999999999998401 ) ) ;
#2026 =( GEOMETRIC_REPRESENTATION_CONTEXT ( 3 ) GLOBAL_UNCERTAINTY_ASSIGNED_CONTEXT ( ( #9857 ) ) GLOBAL_UNIT_ASSIGNED_CONTEXT ( ( #7871, #5449, #6959 ) ) REPRESENTATION_CONTEXT ( 'NONE', 'WORKASPACE' ) );
#2027 = VERTEX_POINT ( 'NONE', #7478 ) ;
#2028 = FACE_OUTER_BOUND ( 'NONE', #4766, .T. ) ;
#2029 = CARTESIAN_POINT ( 'NONE',  ( 0.9893386402676717095, -1.320560356732233709, 7.700999999999997847 ) ) ;
#2030 = FILL_AREA_STYLE ('',( #6827 ) ) ;
#2031 = SURFACE_SIDE_STYLE ('',( #1135 ) ) ;
#2032 =( LENGTH_UNIT ( ) NAMED_UNIT ( * ) SI_UNIT ( .MILLI., .METRE. ) );
#2033 = CARTESIAN_POINT ( 'NONE',  ( 1.948810933324093275, -1.054600471518734262, 7.700999999999999623 ) ) ;
#2034 = AXIS2_PLACEMENT_3D ( 'NONE', #9350, #5282, #7768 ) ;
#2035 = AXIS2_PLACEMENT_3D ( 'NONE', #4893, #8162, #8116 ) ;
#2036 = AXIS2_PLACEMENT_3D ( 'NONE', #8507, #4188, #7495 ) ;
#2037 = CARTESIAN_POINT ( 'NONE',  ( -1.081627333894218168, -1.285009036868465460, 7.701000000000000512 ) ) ;
#2038 = ORIENTED_EDGE ( 'NONE', *, *, #3558, .F. ) ;
#2039 = CARTESIAN_POINT ( 'NONE',  ( -0.9777803092287687958, 0.7801102300385539534, 7.699999999999999289 ) ) ;
#2040 = CARTESIAN_POINT ( 'NONE',  ( 0.4851884372510872345, 0.8326623530185807143, 7.700000000000000178 ) ) ;
#2041 = FACE_OUTER_BOUND ( 'NONE', #6912, .T. ) ;
#2042 =( GEOMETRIC_REPRESENTATION_CONTEXT ( 3 ) GLOBAL_UNCERTAINTY_ASSIGNED_CONTEXT ( ( #6994 ) ) GLOBAL_UNIT_ASSIGNED_CONTEXT ( ( #3061, #628, #8774 ) ) REPRESENTATION_CONTEXT ( 'NONE', 'WORKASPACE' ) );
#2043 = DIRECTION ( 'NONE',  ( -1.000000000000000000, 0.0000000000000000000, -0.0000000000000000000 ) ) ;
#2044 = CARTESIAN_POINT ( 'NONE',  ( -1.083911089138118067, 0.9093792086702054966, 7.700000000000000178 ) ) ;
#2045 = CARTESIAN_POINT ( 'NONE',  ( -1.364976726896315107, 0.5815247863426020736, 7.699999999999999289 ) ) ;
#2046 = AXIS2_PLACEMENT_3D ( 'NONE', #942, #7389, #31 ) ;
#2047 = ORIENTED_EDGE ( 'NONE', *, *, #10384, .T. ) ;
#2048 = EDGE_CURVE ( 'NONE', #3796, #4154, #6096, .T. ) ;
#2049 = CARTESIAN_POINT ( 'NONE',  ( -1.605882531098634214, 1.068946704914435442, 7.701000000000000512 ) ) ;
#2050 = UNCERTAINTY_MEASURE_WITH_UNIT (LENGTH_MEASURE( 1.000000000000000082E-05 ), #1693, 'distance_accuracy_value', 'NONE');
#2051 = STYLED_ITEM ( 'NONE', ( #4087 ), #6346 ) ;
#2052 = STYLED_ITEM ( 'NONE', ( #4899 ), #10537 ) ;
#2053 = PRESENTATION_LAYER_ASSIGNMENT (  '', '', ( #2401 ) ) ;
#2054 = DIRECTION ( 'NONE',  ( -1.000000000000000000, 0.0000000000000000000, 0.0000000000000000000 ) ) ;
#2055 = CARTESIAN_POINT ( 'NONE',  ( -1.081752403481624603, 0.9579532981405722847, 7.700999999999998735 ) ) ;
#2056 = FILL_AREA_STYLE_COLOUR ( '', #7374 ) ;
#2057 = CARTESIAN_POINT ( 'NONE',  ( -1.492530056027409069, 1.068946704914435442, 7.700000000000000178 ) ) ;
#2058 = LINE ( 'NONE', #4644, #9224 ) ;
#2059 =( LENGTH_UNIT ( ) NAMED_UNIT ( * ) SI_UNIT ( .MILLI., .METRE. ) );
#2060 = ORIENTED_EDGE ( 'NONE', *, *, #1989, .F. ) ;
#2061 = EDGE_CURVE ( 'NONE', #2875, #7494, #7638, .T. ) ;
#2062 = PRESENTATION_LAYER_ASSIGNMENT (  '', '', ( #7919 ) ) ;
#2063 = ADVANCED_FACE ( 'NONE', ( #9915 ), #5856, .T. ) ;
#2064 = ORIENTED_EDGE ( 'NONE', *, *, #8360, .F. ) ;
#2065 = CARTESIAN_POINT ( 'NONE',  ( 7.053736679264060341E-16, 0.0000000000000000000, 2.026039342553259903 ) ) ;
#2066 = CARTESIAN_POINT ( 'NONE',  ( 1.587893215162513583, -1.596600845378255862, 7.701000000000001400 ) ) ;
#2067 = FILL_AREA_STYLE ('',( #3715 ) ) ;
#2068 = CARTESIAN_POINT ( 'NONE',  ( 1.919198240087738982, -1.538873609629530570, 7.699999999999999289 ) ) ;
#2069 = MECHANICAL_DESIGN_GEOMETRIC_PRESENTATION_REPRESENTATION (  '', ( #3602 ), #8889 ) ;
#2070 = DIRECTION ( 'NONE',  ( -1.000000000000000000, 1.227398685832646557E-16, 0.0000000000000000000 ) ) ;
#2071 = FILL_AREA_STYLE ('',( #2010 ) ) ;
#2072 = CARTESIAN_POINT ( 'NONE',  ( -0.2012655332982714596, -0.3975825886204186199, 7.700000000000000178 ) ) ;
#2073 =( LENGTH_UNIT ( ) NAMED_UNIT ( * ) SI_UNIT ( .MILLI., .METRE. ) );
#2074 = DIRECTION ( 'NONE',  ( -0.0000000000000000000, -0.0000000000000000000, -1.000000000000000000 ) ) ;
#2075 = EDGE_LOOP ( 'NONE', ( #6835, #6573, #2445, #9110 ) ) ;
#2076 = VECTOR ( 'NONE', #2513, 1000.000000000000000 ) ;
#2077 = LINE ( 'NONE', #1325, #9993 ) ;
#2078 = ORIENTED_EDGE ( 'NONE', *, *, #2169, .F. ) ;
#2079 =( NAMED_UNIT ( * ) PLANE_ANGLE_UNIT ( ) SI_UNIT ( $, .RADIAN. ) );
#2080 = PRESENTATION_STYLE_ASSIGNMENT (( #4385 ) ) ;
#2081 = CARTESIAN_POINT ( 'NONE',  ( 1.016402691552694915, 0.8280726953880822583, 7.701000000000000512 ) ) ;
#2082 = FILL_AREA_STYLE ('',( #6243 ) ) ;
#2083 = ORIENTED_EDGE ( 'NONE', *, *, #5942, .F. ) ;
#2084 = CARTESIAN_POINT ( 'NONE',  ( -0.5149773637200018017, 0.1975179055035130304, 7.700000000000000178 ) ) ;
#2085 = DIRECTION ( 'NONE',  ( -0.0000000000000000000, -0.0000000000000000000, -1.000000000000000000 ) ) ;
#2086 = DIRECTION ( 'NONE',  ( -0.9358337227334573294, -0.3524418298029314833, 0.0000000000000000000 ) ) ;
#2087 = LINE ( 'NONE', #5376, #5369 ) ;
#2088 = LINE ( 'NONE', #514, #3812 ) ;
#2089 = PRESENTATION_LAYER_ASSIGNMENT (  '', '', ( #2521 ) ) ;
#2090 = CARTESIAN_POINT ( 'NONE',  ( 0.2647276314972047406, 0.5755955891061343976, 7.699999999999999289 ) ) ;
#2091 = ORIENTED_EDGE ( 'NONE', *, *, #5807, .F. ) ;
#2092 = MECHANICAL_DESIGN_GEOMETRIC_PRESENTATION_REPRESENTATION (  '', ( #3646 ), #238 ) ;
#2093 = CARTESIAN_POINT ( 'NONE',  ( -1.318064303845705609, 0.5665383260742212768, 7.699999999999999289 ) ) ;
#2094 = VECTOR ( 'NONE', #4997, 1000.000000000000000 ) ;
#2095 = EDGE_LOOP ( 'NONE', ( #6464, #7059, #2038, #6365 ) ) ;
#2096 = CARTESIAN_POINT ( 'NONE',  ( 0.5000000000000000000, 3.299999999999999822, 0.2999999999999999889 ) ) ;
#2097 =( NAMED_UNIT ( * ) PLANE_ANGLE_UNIT ( ) SI_UNIT ( $, .RADIAN. ) );
#2098 =( GEOMETRIC_REPRESENTATION_CONTEXT ( 3 ) GLOBAL_UNCERTAINTY_ASSIGNED_CONTEXT ( ( #4294 ) ) GLOBAL_UNIT_ASSIGNED_CONTEXT ( ( #9296, #1938, #2696 ) ) REPRESENTATION_CONTEXT ( 'NONE', 'WORKASPACE' ) );
#2099 =( LENGTH_UNIT ( ) NAMED_UNIT ( * ) SI_UNIT ( .MILLI., .METRE. ) );
#2100 =( GEOMETRIC_REPRESENTATION_CONTEXT ( 3 ) GLOBAL_UNCERTAINTY_ASSIGNED_CONTEXT ( ( #580 ) ) GLOBAL_UNIT_ASSIGNED_CONTEXT ( ( #7164, #3853, #6363 ) ) REPRESENTATION_CONTEXT ( 'NONE', 'WORKASPACE' ) );
#2101 = DIRECTION ( 'NONE',  ( 0.0000000000000000000, -1.000000000000000000, 0.0000000000000000000 ) ) ;
#2102 = LINE ( 'NONE', #8516, #8423 ) ;
#2103 = EDGE_CURVE ( 'NONE', #8093, #5149, #1180, .T. ) ;
#2104 = LINE ( 'NONE', #636, #5812 ) ;
#2105 = PLANE ( 'NONE',  #3367 ) ;
#2106 = CARTESIAN_POINT ( 'NONE',  ( 0.4000000000000000777, -3.299999999999999822, 0.2999999999999999889 ) ) ;
#2107 = VECTOR ( 'NONE', #5482, 1000.000000000000000 ) ;
#2108 = ORIENTED_EDGE ( 'NONE', *, *, #8938, .T. ) ;
#2109 = VERTEX_POINT ( 'NONE', #1332 ) ;
#2110 = LINE ( 'NONE', #7083, #8279 ) ;
#2111 = CARTESIAN_POINT ( 'NONE',  ( 1.102286777327162959, -1.334555240607410154, 7.701000000000004064 ) ) ;
#2112 = CARTESIAN_POINT ( 'NONE',  ( 1.624456660631876659, -1.596354154760114108, 7.699999999999997513 ) ) ;
#2113 = DIRECTION ( 'NONE',  ( 0.0000000000000000000, 0.0000000000000000000, 1.000000000000000000 ) ) ;
#2114 = FACE_OUTER_BOUND ( 'NONE', #3262, .T. ) ;
#2115 = DIRECTION ( 'NONE',  ( -0.0000000000000000000, -0.0000000000000000000, -1.000000000000000000 ) ) ;
#2116 = EDGE_CURVE ( 'NONE', #6165, #8802, #4608, .T. ) ;
#2117 = CARTESIAN_POINT ( 'NONE',  ( -0.5431189235245065250, -0.007577748696083963509, 7.700000000000000178 ) ) ;
#2118 = ORIENTED_EDGE ( 'NONE', *, *, #7068, .T. ) ;
#2119 = EDGE_CURVE ( 'NONE', #1132, #8553, #10299, .T. ) ;
#2120 = DIRECTION ( 'NONE',  ( -0.0000000000000000000, -0.0000000000000000000, -1.000000000000000000 ) ) ;
#2121 = EDGE_CURVE ( 'NONE', #4886, #3350, #7098, .T. ) ;
#2122 = VERTEX_POINT ( 'NONE', #6239 ) ;
#2123 = UNCERTAINTY_MEASURE_WITH_UNIT (LENGTH_MEASURE( 1.000000000000000082E-05 ), #1156, 'distance_accuracy_value', 'NONE');
#2124 = ORIENTED_EDGE ( 'NONE', *, *, #1272, .F. ) ;
#2125 = STYLED_ITEM ( 'NONE', ( #5487 ), #4749 ) ;
#2126 = CARTESIAN_POINT ( 'NONE',  ( 0.4000000000000003553, -1.000000000000000000, 0.2999999999999999889 ) ) ;
#2127 = DIRECTION ( 'NONE',  ( -0.0000000000000000000, -1.000000000000000000, 0.0000000000000000000 ) ) ;
#2128 = CARTESIAN_POINT ( 'NONE',  ( -1.492530056027409069, 1.017141081542039638, 7.700000000000000178 ) ) ;
#2129 = CARTESIAN_POINT ( 'NONE',  ( 8.673617379884035472E-16, 0.0000000000000000000, 0.6999999999999999556 ) ) ;
#2130 = CARTESIAN_POINT ( 'NONE',  ( 0.9893386402676719316, -0.06473836450270577247, 7.699999999999998401 ) ) ;
#2131 = ORIENTED_EDGE ( 'NONE', *, *, #6016, .F. ) ;
#2132 = PLANE ( 'NONE',  #9668 ) ;
#2133 = PLANE ( 'NONE',  #9408 ) ;
#2134 = CARTESIAN_POINT ( 'NONE',  ( 0.5863400452148918029, 0.7462043510914057043, 7.700000000000002842 ) ) ;
#2135 = CARTESIAN_POINT ( 'NONE',  ( -0.4215994731903656145, -0.08431309645595769231, 7.699999999999997513 ) ) ;
#2136 = SURFACE_STYLE_FILL_AREA ( #9500 ) ;
#2137 = UNCERTAINTY_MEASURE_WITH_UNIT (LENGTH_MEASURE( 1.000000000000000082E-05 ), #8181, 'distance_accuracy_value', 'NONE');
#2138 = SURFACE_SIDE_STYLE ('',( #9502 ) ) ;
#2139 =( NAMED_UNIT ( * ) SI_UNIT ( $, .STERADIAN. ) SOLID_ANGLE_UNIT ( ) );
#2140 = CARTESIAN_POINT ( 'NONE',  ( 1.919237200864919890, -1.186529079086537264, 7.700999999999999623 ) ) ;
#2141 = ORIENTED_EDGE ( 'NONE', *, *, #2374, .F. ) ;
#2142 = FILL_AREA_STYLE ('',( #9709 ) ) ;
#2143 = CARTESIAN_POINT ( 'NONE',  ( 0.4000000000000003553, -1.000000000000000000, 0.2999999999999999889 ) ) ;
#2144 =( NAMED_UNIT ( * ) PLANE_ANGLE_UNIT ( ) SI_UNIT ( $, .RADIAN. ) );
#2145 = CARTESIAN_POINT ( 'NONE',  ( 1.117116516623060773, -0.02711323733051311871, 7.699999999999995737 ) ) ;
#2146 = CARTESIAN_POINT ( 'NONE',  ( -1.081627333894218168, 0.9682135483569992429, 7.700000000000000178 ) ) ;
#2147 = CARTESIAN_POINT ( 'NONE',  ( -1.552138742880287969, 0.7746566300576390729, 7.699999999999999289 ) ) ;
#2148 = ORIENTED_EDGE ( 'NONE', *, *, #696, .T. ) ;
#2149 = UNCERTAINTY_MEASURE_WITH_UNIT (LENGTH_MEASURE( 1.000000000000000082E-05 ), #2032, 'distance_accuracy_value', 'NONE');
#2150 =( NAMED_UNIT ( * ) SI_UNIT ( $, .STERADIAN. ) SOLID_ANGLE_UNIT ( ) );
#2151 = DIRECTION ( 'NONE',  ( 1.000000000000000000, 0.0000000000000000000, 0.0000000000000000000 ) ) ;
#2152 = CARTESIAN_POINT ( 'NONE',  ( 1.631805812733147842, 0.2814499733107447832, 7.700000000000001954 ) ) ;
#2153 = SURFACE_STYLE_USAGE ( .BOTH. , #8029 ) ;
#2154 = CARTESIAN_POINT ( 'NONE',  ( 0.9884938499748574525, -1.348660085834662681, 7.701000000000000512 ) ) ;
#2155 = ORIENTED_EDGE ( 'NONE', *, *, #6088, .F. ) ;
#2156 = FACE_OUTER_BOUND ( 'NONE', #3431, .T. ) ;
#2157 = CARTESIAN_POINT ( 'NONE',  ( 1.191078891308347876, -1.201940911777728438, 7.701000000000002288 ) ) ;
#2158 =( LENGTH_UNIT ( ) NAMED_UNIT ( * ) SI_UNIT ( .MILLI., .METRE. ) );
#2159 = VECTOR ( 'NONE', #5532, 1000.000000000000000 ) ;
#2160 = LINE ( 'NONE', #2933, #7535 ) ;
#2161 = FACE_OUTER_BOUND ( 'NONE', #2391, .T. ) ;
#2162 = DIRECTION ( 'NONE',  ( 0.0000000000000000000, 0.0000000000000000000, 1.000000000000000000 ) ) ;
#2163 =( NAMED_UNIT ( * ) SI_UNIT ( $, .STERADIAN. ) SOLID_ANGLE_UNIT ( ) );
#2164 = CARTESIAN_POINT ( 'NONE',  ( -0.5433154824878081435, 0.007785344690935144633, 7.700000000000000178 ) ) ;
#2165 = ORIENTED_EDGE ( 'NONE', *, *, #2659, .F. ) ;
#2166 = STYLED_ITEM ( 'NONE', ( #3842 ), #8710 ) ;
#2167 = ORIENTED_EDGE ( 'NONE', *, *, #6853, .T. ) ;
#2168 = VERTEX_POINT ( 'NONE', #4447 ) ;
#2169 = EDGE_CURVE ( 'NONE', #2783, #2522, #7743, .T. ) ;
#2170 = ADVANCED_FACE ( 'NONE', ( #3631 ), #1284, .T. ) ;
#2171 = DIRECTION ( 'NONE',  ( -0.0000000000000000000, -0.0000000000000000000, -1.000000000000000000 ) ) ;
#2172 = DIRECTION ( 'NONE',  ( -0.0000000000000000000, -0.0000000000000000000, -1.000000000000000000 ) ) ;
#2173 = CARTESIAN_POINT ( 'NONE',  ( -1.544826785087085375, 0.7575166541785746110, 7.699999999999999289 ) ) ;
#2174 = CARTESIAN_POINT ( 'NONE',  ( -1.484673621710211222, 0.9165528742155917286, 7.700000000000001954 ) ) ;
#2175 = FILL_AREA_STYLE ('',( #6291 ) ) ;
#2176 = VECTOR ( 'NONE', #8883, 1000.000000000000000 ) ;
#2177 = PRESENTATION_LAYER_ASSIGNMENT (  '', '', ( #7017 ) ) ;
#2178 = EDGE_CURVE ( 'NONE', #8478, #1465, #1232, .T. ) ;
#2179 = STYLED_ITEM ( 'NONE', ( #2791 ), #2170 ) ;
#2180 = ORIENTED_EDGE ( 'NONE', *, *, #4007, .F. ) ;
#2181 = DIRECTION ( 'NONE',  ( 0.9999985590357377552, 0.001697623765138310883, 0.0000000000000000000 ) ) ;
#2182 = PRESENTATION_LAYER_ASSIGNMENT (  '', '', ( #7023 ) ) ;
#2183 =( NAMED_UNIT ( * ) SI_UNIT ( $, .STERADIAN. ) SOLID_ANGLE_UNIT ( ) );
#2184 = CARTESIAN_POINT ( 'NONE',  ( 2.036279956837165894, -0.09719661569325456496, 7.701000000000001400 ) ) ;
#2185 = CARTESIAN_POINT ( 'NONE',  ( 0.3130270440268375642, 0.5730296264778258486, 7.700000000000000178 ) ) ;
#2186 = CARTESIAN_POINT ( 'NONE',  ( -0.2690064501277943387, -0.2335712237429101168, 7.700999999999997847 ) ) ;
#2187 = CARTESIAN_POINT ( 'NONE',  ( -1.081627333894218168, -1.440868690091399840, 7.701000000000000512 ) ) ;
#2188 = STYLED_ITEM ( 'NONE', ( #7171 ), #964 ) ;
#2189 = MECHANICAL_DESIGN_GEOMETRIC_PRESENTATION_REPRESENTATION (  '', ( #6332 ), #9566 ) ;
#2190 = AXIS2_PLACEMENT_3D ( 'NONE', #4634, #8616, #1988 ) ;
#2191 = EDGE_CURVE ( 'NONE', #5965, #8441, #5417, .T. ) ;
#2192 = DIRECTION ( 'NONE',  ( -1.000000000000000000, 0.0000000000000000000, 0.0000000000000000000 ) ) ;
#2193 = ADVANCED_FACE ( 'NONE', ( #2884 ), #334, .F. ) ;
#2194 = B_SPLINE_CURVE_WITH_KNOTS ( 'NONE', 3,
 ( #7521, #5249, #9164, #2667, #1799, #5952, #8477 ),
 .UNSPECIFIED., .F., .F.,
 ( 4, 1, 1, 1, 4 ),
 ( 0.0000000000000000000, 0.2673533224620793791, 0.5215713973388413915, 0.7657024564451671012, 1.000000000000000000 ),
 .UNSPECIFIED. ) ;
#2195 = VECTOR ( 'NONE', #7037, 1000.000000000000000 ) ;
#2196 = DIRECTION ( 'NONE',  ( 1.221593242852756957E-16, -0.0000000000000000000, -1.000000000000000000 ) ) ;
#2197 = VERTEX_POINT ( 'NONE', #10613 ) ;
#2198 = FILL_AREA_STYLE ('',( #1352 ) ) ;
#2199 = STYLED_ITEM ( 'NONE', ( #3924 ), #1466 ) ;
#2200 = CARTESIAN_POINT ( 'NONE',  ( -8.673617379884035472E-16, 4.336808689942017736E-16, 0.6999999999999999556 ) ) ;
#2201 = AXIS2_PLACEMENT_3D ( 'NONE', #4046, #7, #3244 ) ;
#2202 = MANIFOLD_SOLID_BREP ( 'Extrude8', #6501 ) ;
#2203 = CARTESIAN_POINT ( 'NONE',  ( 3.033150177620620891, 1.300000000000001599, 1.599999999999999867 ) ) ;
#2204 = CARTESIAN_POINT ( 'NONE',  ( -1.091999313048732212, 0.8577375209132624967, 7.700000000000001066 ) ) ;
#2205 =( NAMED_UNIT ( * ) SI_UNIT ( $, .STERADIAN. ) SOLID_ANGLE_UNIT ( ) );
#2206 = COLOUR_RGB ( '',0.0000000000000000000, 0.0000000000000000000, 0.0000000000000000000 ) ;
#2207 = DIRECTION ( 'NONE',  ( -0.0000000000000000000, -0.0000000000000000000, -1.000000000000000000 ) ) ;
#2208 = ORIENTED_EDGE ( 'NONE', *, *, #6223, .F. ) ;
#2209 = PRESENTATION_LAYER_ASSIGNMENT (  '', '', ( #8768 ) ) ;
#2210 = VECTOR ( 'NONE', #8377, 1000.000000000000000 ) ;
#2211 = DIRECTION ( 'NONE',  ( 1.714635274194802381E-16, -1.000000000000000000, 0.0000000000000000000 ) ) ;
#2212 = CARTESIAN_POINT ( 'NONE',  ( 1.323346637208148602, 0.1045072249824021554, 7.699999999999998401 ) ) ;
#2213 = CARTESIAN_POINT ( 'NONE',  ( 8.673617379884035472E-16, 0.0000000000000000000, 1.187652461702020323 ) ) ;
#2214 =( NAMED_UNIT ( * ) SI_UNIT ( $, .STERADIAN. ) SOLID_ANGLE_UNIT ( ) );
#2215 = DIRECTION ( 'NONE',  ( 2.465280902538936971E-13, 5.388269236739863411E-13, 1.000000000000000000 ) ) ;
#2216 =( NAMED_UNIT ( * ) SI_UNIT ( $, .STERADIAN. ) SOLID_ANGLE_UNIT ( ) );
#2217 = CARTESIAN_POINT ( 'NONE',  ( 1.919237200864919668, 0.06929291314299113047, 7.701000000000000512 ) ) ;
#2218 = CARTESIAN_POINT ( 'NONE',  ( 1.027261769593190710, -1.203967053607076565, 7.699999999999998401 ) ) ;
#2219 = ORIENTED_EDGE ( 'NONE', *, *, #1528, .F. ) ;
#2220 = SURFACE_SIDE_STYLE ('',( #5404 ) ) ;
#2222 = CARTESIAN_POINT ( 'NONE',  ( 2.149927442264945476, -0.1071168712504043802, 7.701000000000000512 ) ) ;
#2221 = STYLED_ITEM ( 'NONE', ( #5411 ), #9794 ) ;
#2223 = CARTESIAN_POINT ( 'NONE',  ( -0.1121857385611089719, 0.8657782793101815866, 7.701000000000001400 ) ) ;
#2224 = FILL_AREA_STYLE ('',( #3829 ) ) ;
#2225 = CARTESIAN_POINT ( 'NONE',  ( 1.101712058212668488, -1.353018607922783056, 7.701000000000000512 ) ) ;
#2226 = CARTESIAN_POINT ( 'NONE',  ( -0.5149773637200018017, 0.5730296264778258486, 7.701000000000000512 ) ) ;
#2227 = CARTESIAN_POINT ( 'NONE',  ( -0.01513176586096121393, -0.3514865678908605240, 7.700000000000003730 ) ) ;
#2228 = MECHANICAL_DESIGN_GEOMETRIC_PRESENTATION_REPRESENTATION (  '', ( #9263 ), #1389 ) ;
#2229 = SURFACE_STYLE_USAGE ( .BOTH. , #2874 ) ;
#2230 = ORIENTED_EDGE ( 'NONE', *, *, #4951, .T. ) ;
#2231 = CARTESIAN_POINT ( 'NONE',  ( 0.4201805556176050893, 1.210637298753467039, 7.701000000000000512 ) ) ;
#2232 = LINE ( 'NONE', #5579, #3987 ) ;
#2233 = AXIS2_PLACEMENT_3D ( 'NONE', #1618, #2410, #4889 ) ;
#2234 = AXIS2_PLACEMENT_3D ( 'NONE', #10553, #2383, #9791 ) ;
#2235 = VECTOR ( 'NONE', #6852, 1000.000000000000000 ) ;
#2236 = EDGE_LOOP ( 'NONE', ( #10339, #1972, #6502, #8968 ) ) ;
#2237 = VERTEX_POINT ( 'NONE', #3036 ) ;
#2238 = CARTESIAN_POINT ( 'NONE',  ( 2.060445751672498993, -1.589106420584033952, 7.700000000000003730 ) ) ;
#2239 = CARTESIAN_POINT ( 'NONE',  ( -1.037834477112823173, 0.6436450942646022577, 7.700000000000000178 ) ) ;
#2240 = STYLED_ITEM ( 'NONE', ( #10211 ), #5213 ) ;
#2241 = CARTESIAN_POINT ( 'NONE',  ( -1.081993799900720754, 0.9381500213198479265, 7.699999999999998401 ) ) ;
#2242 = ORIENTED_EDGE ( 'NONE', *, *, #6795, .T. ) ;
#2243 = CARTESIAN_POINT ( 'NONE',  ( 0.4000000000000003553, -1.000000000000000000, 0.6999999999999999556 ) ) ;
#2244 = CARTESIAN_POINT ( 'NONE',  ( 2.020926007432649829, -1.442443068491664482, 7.701000000000002288 ) ) ;
#2245 = CARTESIAN_POINT ( 'NONE',  ( 1.946913123741486285, 0.05388108045180007438, 7.700999999999999623 ) ) ;
#2246 = EDGE_CURVE ( 'NONE', #10053, #1921, #6559, .T. ) ;
#2247 = PRESENTATION_STYLE_ASSIGNMENT (( #4675 ) ) ;
#2248 = CARTESIAN_POINT ( 'NONE',  ( -0.3948728784741775133, -0.1462824007345643051, 7.700999999999998735 ) ) ;
#2249 = CARTESIAN_POINT ( 'NONE',  ( 0.4626877337693144909, 0.05582731166448170329, 7.701000000000000512 ) ) ;
#2250 = UNCERTAINTY_MEASURE_WITH_UNIT (LENGTH_MEASURE( 1.000000000000000082E-05 ), #3877, 'distance_accuracy_value', 'NONE');
#2251 = AXIS2_PLACEMENT_3D ( 'NONE', #5223, #1934, #2803 ) ;
#2252 = CARTESIAN_POINT ( 'NONE',  ( 1.991284624883559617, -1.238629720337320217, 7.701000000000000512 ) ) ;
#2253 = VERTEX_POINT ( 'NONE', #3840 ) ;
#2254 = STYLED_ITEM ( 'NONE', ( #2297 ), #5757 ) ;
#2255 = CARTESIAN_POINT ( 'NONE',  ( -0.1453089137405154385, 1.067155141987397693, 7.701000000000002288 ) ) ;
#2256 = DIRECTION ( 'NONE',  ( 1.221593242852756957E-16, -0.0000000000000000000, -1.000000000000000000 ) ) ;
#2257 = PLANE ( 'NONE',  #366 ) ;
#2258 = CARTESIAN_POINT ( 'NONE',  ( 1.130216985497992210, -0.004132289727723130815, 7.701000000000002288 ) ) ;
#2259 = FILL_AREA_STYLE_COLOUR ( '', #2206 ) ;
#2260 = EDGE_CURVE ( 'NONE', #2288, #6892, #8536, .T. ) ;
#2261 = EDGE_CURVE ( 'NONE', #7042, #5777, #4718, .T. ) ;
#2262 = DIRECTION ( 'NONE',  ( 0.0000000000000000000, -1.000000000000000000, 0.0000000000000000000 ) ) ;
#2263 = SURFACE_STYLE_FILL_AREA ( #5501 ) ;
#2264 = ORIENTED_EDGE ( 'NONE', *, *, #390, .T. ) ;
#2265 = PRESENTATION_LAYER_ASSIGNMENT (  '', '', ( #579 ) ) ;
#2266 = LINE ( 'NONE', #1574, #3803 ) ;
#2267 = UNCERTAINTY_MEASURE_WITH_UNIT (LENGTH_MEASURE( 1.000000000000000082E-05 ), #7574, 'distance_accuracy_value', 'NONE');
#2268 = LINE ( 'NONE', #10329, #6515 ) ;
#2269 = SURFACE_SIDE_STYLE ('',( #10380 ) ) ;
#2270 = CARTESIAN_POINT ( 'NONE',  ( 1.250069111952158307, 0.08270676498615642247, 7.700000000000001066 ) ) ;
#2271 = FILL_AREA_STYLE ('',( #10442 ) ) ;
#2272 = DIRECTION ( 'NONE',  ( -1.000000000000000000, 0.0000000000000000000, 0.0000000000000000000 ) ) ;
#2273 =( NAMED_UNIT ( * ) SI_UNIT ( $, .STERADIAN. ) SOLID_ANGLE_UNIT ( ) );
#2274 = PRESENTATION_LAYER_ASSIGNMENT (  '', '', ( #418 ) ) ;
#2275 = SURFACE_SIDE_STYLE ('',( #8128 ) ) ;
#2276 = CARTESIAN_POINT ( 'NONE',  ( 0.9893386402676719316, -0.06473836450270577247, 7.700999999999998735 ) ) ;
#2277 = ORIENTED_EDGE ( 'NONE', *, *, #2191, .T. ) ;
#2278 = CARTESIAN_POINT ( 'NONE',  ( 0.9880645727848887949, -1.362938863479932872, 7.701000000000001400 ) ) ;
#2279 = VECTOR ( 'NONE', #2953, 1000.000000000000000 ) ;
#2280 = STYLED_ITEM ( 'NONE', ( #7908 ), #2745 ) ;
#2281 = CARTESIAN_POINT ( 'NONE',  ( -0.3874558292648735969, 1.238975417521273270, 7.701000000000000512 ) ) ;
#2282 = FACE_OUTER_BOUND ( 'NONE', #6645, .T. ) ;
#2283 = CARTESIAN_POINT ( 'NONE',  ( -0.3874558292648735969, 1.054777645530532437, 7.701000000000000512 ) ) ;
#2284 = PLANE ( 'NONE',  #2234 ) ;
#2285 = DIRECTION ( 'NONE',  ( -0.0000000000000000000, -0.0000000000000000000, -1.000000000000000000 ) ) ;
#2286 = CARTESIAN_POINT ( 'NONE',  ( 2.035705237722671423, -1.334555240607410154, 7.701000000000001400 ) ) ;
#2287 = VECTOR ( 'NONE', #7056, 1000.000000000000000 ) ;
#2288 = VERTEX_POINT ( 'NONE', #2393 ) ;
#2289 = B_SPLINE_CURVE_WITH_KNOTS ( 'NONE', 3,
 ( #5749, #8157, #821, #17, #9667, #774, #7483, #4004, #3252, #3195, #4176, #9010, #3959, #4842, #8066, #7316, #6575, #6417, #5644 ),
 .UNSPECIFIED., .F., .F.,
 ( 4, 1, 1, 1, 1, 1, 1, 1, 1, 1, 1, 1, 1, 1, 1, 1, 4 ),
 ( 0.0000000000000000000, 0.05551817446916562648, 0.1097471184024841756, 0.1624352648495332452, 0.2147137883232801414, 0.2659563692416745395, 0.3167506164257143930, 0.3675251740084004570, 0.4185649003295843218, 0.4719529624820097413, 0.5305510956145390589, 0.5948234742884874748, 0.6645435119110325584, 0.7398682912118582644, 0.8204878306950423861, 0.9075305155199062668, 0.9999999999999998890 ),
 .UNSPECIFIED. ) ;
#2290 = EDGE_LOOP ( 'NONE', ( #9954, #248, #8316, #3034 ) ) ;
#2291 = SURFACE_STYLE_USAGE ( .BOTH. , #9647 ) ;
#2292 = CARTESIAN_POINT ( 'NONE',  ( 0.04647161436715990801, 0.1833488461196098873, 7.699999999999999289 ) ) ;
#2293 = STYLED_ITEM ( 'NONE', ( #3169 ), #3347 ) ;
#2294 = CARTESIAN_POINT ( 'NONE',  ( -1.164200790730190782, 0.7391506803909798640, 7.700000000000003730 ) ) ;
#2295 = ORIENTED_EDGE ( 'NONE', *, *, #5422, .F. ) ;
#2296 = DIRECTION ( 'NONE',  ( 0.0000000000000000000, -1.000000000000000000, 0.0000000000000000000 ) ) ;
#2297 = PRESENTATION_STYLE_ASSIGNMENT (( #1338 ) ) ;
#2298 = CARTESIAN_POINT ( 'NONE',  ( 0.4000000000000003553, -1.000000000000000000, 0.2999999999999999889 ) ) ;
#2299 = LINE ( 'NONE', #4620, #1854 ) ;
#2300 = FACE_OUTER_BOUND ( 'NONE', #9340, .T. ) ;
#2301 = VECTOR ( 'NONE', #2769, 1000.000000000000000 ) ;
#2302 = EDGE_CURVE ( 'NONE', #7698, #5953, #7356, .T. ) ;
#2303 = CARTESIAN_POINT ( 'NONE',  ( 0.05027906022453970669, 0.6880364012577577792, 7.700000000000002842 ) ) ;
#2304 = ORIENTED_EDGE ( 'NONE', *, *, #4937, .F. ) ;
#2305 = CARTESIAN_POINT ( 'NONE',  ( -0.2696850217700849650, 1.171593157429500431, 7.700999999999997847 ) ) ;
#2306 = DIRECTION ( 'NONE',  ( 0.0000000000000000000, 0.0000000000000000000, 1.000000000000000000 ) ) ;
#2307 = CARTESIAN_POINT ( 'NONE',  ( 1.234053943725264668, -1.693480701305958069, 7.700000000000000178 ) ) ;
#2308 = SURFACE_STYLE_FILL_AREA ( #5599 ) ;
#2309 =( NAMED_UNIT ( * ) SI_UNIT ( $, .STERADIAN. ) SOLID_ANGLE_UNIT ( ) );
#2310 = B_SPLINE_CURVE_WITH_KNOTS ( 'NONE', 3,
 ( #8050, #654, #558, #8810, #3889, #9699, #7100, #10466, #1333, #5419, #2996, #8097, #6289, #9536, #10513, #9490, #2173, #705, #4666 ),
 .UNSPECIFIED., .F., .F.,
 ( 4, 1, 1, 1, 1, 1, 1, 1, 1, 1, 1, 1, 1, 1, 1, 1, 4 ),
 ( 0.0000000000000000000, 0.06312942405683225067, 0.1250026470271707324, 0.1858235598004376321, 0.2457485818575397551, 0.3052743589910508204, 0.3651216887415261181, 0.4254601834846334918, 0.4861830037359560763, 0.5476672684066439256, 0.6095146369264745623, 0.6713055581861238075, 0.7341371730561292441, 0.7983286299198256719, 0.8638982959534997619, 0.9309567022409700465, 1.000000000000000000 ),
 .UNSPECIFIED. ) ;
#2311 = SURFACE_SIDE_STYLE ('',( #9670 ) ) ;
#2312 = ORIENTED_EDGE ( 'NONE', *, *, #8376, .T. ) ;
#2313 = PLANE ( 'NONE',  #5365 ) ;
#2314 = EDGE_CURVE ( 'NONE', #6870, #555, #3139, .T. ) ;
#2315 = EDGE_CURVE ( 'NONE', #1792, #4946, #5453, .T. ) ;
#2316 = CARTESIAN_POINT ( 'NONE',  ( 0.5983616437709846636, 0.7765438599567667799, 7.701000000000001400 ) ) ;
#2317 = PLANE ( 'NONE',  #9097 ) ;
#2318 = CARTESIAN_POINT ( 'NONE',  ( 1.300000000000043343, -3.299999999999999822, 1.000000000000000000 ) ) ;
#2319 = CARTESIAN_POINT ( 'NONE',  ( 1.027195445959389941, -1.522311812608733828, 7.701000000000004064 ) ) ;
#2320 = EDGE_CURVE ( 'NONE', #433, #3329, #1220, .T. ) ;
#2321 = B_SPLINE_SURFACE_WITH_KNOTS ( 'NONE', 3, 1, ( 
 ( #7591, #285 ),
 ( #4285, #2627 ),
 ( #10084, #4229 ),
 ( #2740, #1870 ),
 ( #9331, #180 ),
 ( #8546, #3417 ),
 ( #1974, #5161 ),
 ( #6030, #7541 ),
 ( #7689, #235 ),
 ( #1765, #127 ),
 ( #9285, #5053 ),
 ( #3352, #1189 ),
 ( #4454, #6671 ),
 ( #2573, #5860 ),
 ( #5917, #1810 ),
 ( #3480, #9116 ),
 ( #5103, #8382 ),
 ( #459, #4508 ),
 ( #7749, #8600 ) ),
 .UNSPECIFIED., .F., .F., .F.,
 ( 4, 1, 1, 1, 1, 1, 1, 1, 1, 1, 1, 1, 1, 1, 1, 1, 4 ),
 ( 2, 2 ),
 ( 0.0000000000000000000, 0.05512446635589175747, 0.1082073024476598866, 0.1600630494254707825, 0.2119606837466777305, 0.2644442975682714803, 0.3185698467065771755, 0.3749815850074509904, 0.4347839038291971825, 0.4967676425432615561, 0.5604611832040430341, 0.6261067072605086548, 0.6940677426715109455, 0.7654570646872309592, 0.8400003673168320306, 0.9179818759620875790, 1.000000000000000000 ),
 ( 0.0000000000000000000, 1.000000000000000000 ),
 .UNSPECIFIED. ) ;
#2322 = CARTESIAN_POINT ( 'NONE',  ( -0.05116206045004765418, 0.7953067455628063387, 7.699999999999999289 ) ) ;
#2323 = PRESENTATION_STYLE_ASSIGNMENT (( #9685 ) ) ;
#2324 = ORIENTED_EDGE ( 'NONE', *, *, #9278, .T. ) ;
#2325 = CARTESIAN_POINT ( 'NONE',  ( 1.568996007524917191, 0.2825322618069318059, 7.701000000000000512 ) ) ;
#2326 = B_SPLINE_SURFACE_WITH_KNOTS ( 'NONE', 3, 1, ( 
 ( #6203, #1459 ),
 ( #8911, #2351 ),
 ( #5745, #5639 ),
 ( #5696, #10526 ),
 ( #4678, #1563 ),
 ( #721, #770 ),
 ( #7966, #7219 ),
 ( #3192, #4730 ),
 ( #9611, #7312 ),
 ( #10422, #2462 ),
 ( #6510, #6571 ) ),
 .UNSPECIFIED., .F., .F., .F.,
 ( 4, 1, 1, 1, 1, 1, 1, 1, 4 ),
 ( 2, 2 ),
 ( 0.0000000000000000000, 0.1329970517490920157, 0.2625098420621936879, 0.3895540068480909945, 0.5145037324674920365, 0.6377522831013130444, 0.7597093809229162886, 0.8800743352714840428, 1.000000000000000000 ),
 ( 0.0000000000000000000, 1.000000000000000000 ),
 .UNSPECIFIED. ) ;
#2327 = EDGE_CURVE ( 'NONE', #7134, #8031, #8191, .T. ) ;
#2328 = DIRECTION ( 'NONE',  ( 1.625187025148696761E-15, -1.000000000000000000, 0.0000000000000000000 ) ) ;
#2329 = CARTESIAN_POINT ( 'NONE',  ( -0.3758463523280670682, 1.052063152668909485, 7.700000000000000178 ) ) ;
#2330 = LINE ( 'NONE', #2283, #6831 ) ;
#2331 = CARTESIAN_POINT ( 'NONE',  ( 0.5645380714494857566, 1.174151179276679891, 7.699999999999997513 ) ) ;
#2332 = CARTESIAN_POINT ( 'NONE',  ( 2.088206234233757730, -0.3010730896605685047, 7.700999999999999623 ) ) ;
#2333 = SURFACE_STYLE_FILL_AREA ( #9526 ) ;
#2334 = CARTESIAN_POINT ( 'NONE',  ( -0.1928526542890789675, -0.2417229353974841843, 7.701000000000000512 ) ) ;
#2335 = SURFACE_SIDE_STYLE ('',( #907 ) ) ;
#2336 = ORIENTED_EDGE ( 'NONE', *, *, #8499, .F. ) ;
#2337 = ORIENTED_EDGE ( 'NONE', *, *, #253, .F. ) ;
#2338 = CARTESIAN_POINT ( 'NONE',  ( 1.750506843187357386, -1.738306907736339335, 7.699999999999998401 ) ) ;
#2339 = LINE ( 'NONE', #3037, #2159 ) ;
#2340 = CARTESIAN_POINT ( 'NONE',  ( 1.677461769569562389, -0.3374394341483975546, 7.700000000000000178 ) ) ;
#2341 = DIRECTION ( 'NONE',  ( -0.0000000000000000000, -0.0000000000000000000, -1.000000000000000000 ) ) ;
#2342 = CARTESIAN_POINT ( 'NONE',  ( -1.180130679699342933, 0.7303173638198251494, 7.700999999999998735 ) ) ;
#2343 = EDGE_LOOP ( 'NONE', ( #3888, #5529, #2926, #10527 ) ) ;
#2344 = PRESENTATION_LAYER_ASSIGNMENT (  '', '', ( #10228 ) ) ;
#2345 = DIRECTION ( 'NONE',  ( 0.0000000000000000000, -1.000000000000000000, 4.286456587183207564E-14 ) ) ;
#2346 = CARTESIAN_POINT ( 'NONE',  ( 1.191078891308347432, 0.05388108045180030337, 7.701000000000000512 ) ) ;
#2347 = LINE ( 'NONE', #6296, #5306 ) ;
#2348 = FILL_AREA_STYLE ('',( #9705 ) ) ;
#2349 = FACE_OUTER_BOUND ( 'NONE', #2236, .T. ) ;
#2350 =( GEOMETRIC_REPRESENTATION_CONTEXT ( 3 ) GLOBAL_UNCERTAINTY_ASSIGNED_CONTEXT ( ( #9425 ) ) GLOBAL_UNIT_ASSIGNED_CONTEXT ( ( #6605, #7415, #9958 ) ) REPRESENTATION_CONTEXT ( 'NONE', 'WORKASPACE' ) );
#2351 = CARTESIAN_POINT ( 'NONE',  ( 0.5533635233408955578, 1.198368116101765413, 7.700000000000000178 ) ) ;
#2352 = STYLED_ITEM ( 'NONE', ( #4205 ), #2364 ) ;
#2353 = ORIENTED_EDGE ( 'NONE', *, *, #7598, .F. ) ;
#2354 = DIRECTION ( 'NONE',  ( 0.0000000000000000000, 0.0000000000000000000, 1.000000000000000000 ) ) ;
#2355 = DIRECTION ( 'NONE',  ( -0.0000000000000000000, -0.0000000000000000000, -1.000000000000000000 ) ) ;
#2356 = CARTESIAN_POINT ( 'NONE',  ( 1.102286777327162959, -0.07873324837788137076, 7.700000000000000178 ) ) ;
#2357 = LINE ( 'NONE', #7971, #854 ) ;
#2358 = SURFACE_SIDE_STYLE ('',( #7276 ) ) ;
#2359 = MECHANICAL_DESIGN_GEOMETRIC_PRESENTATION_REPRESENTATION (  '', ( #2188 ), #3197 ) ;
#2360 = COLOUR_RGB ( '',0.0000000000000000000, 0.0000000000000000000, 0.0000000000000000000 ) ;
#2361 = CIRCLE ( 'NONE', #3052, 0.3499999999999998113 ) ;
#2362 = SURFACE_STYLE_USAGE ( .BOTH. , #2311 ) ;
#2363 = ORIENTED_EDGE ( 'NONE', *, *, #2922, .F. ) ;
#2364 = ADVANCED_FACE ( 'NONE', ( #8310 ), #912, .F. ) ;
#2365 = SURFACE_STYLE_FILL_AREA ( #3160 ) ;
#2366 = UNCERTAINTY_MEASURE_WITH_UNIT (LENGTH_MEASURE( 1.000000000000000082E-05 ), #5343, 'distance_accuracy_value', 'NONE');
#2367 = PRESENTATION_LAYER_ASSIGNMENT (  '', '', ( #10256 ) ) ;
#2368 = COLOUR_RGB ( '',0.0000000000000000000, 0.0000000000000000000, 0.0000000000000000000 ) ;
#2369 = ORIENTED_EDGE ( 'NONE', *, *, #7147, .F. ) ;
#2370 = CARTESIAN_POINT ( 'NONE',  ( -3.033150177620620891, 1.300000000000000044, 1.599999999999999867 ) ) ;
#2371 = CARTESIAN_POINT ( 'NONE',  ( -1.081627333894218168, -1.285009036868465460, 7.701000000000000512 ) ) ;
#2372 = CARTESIAN_POINT ( 'NONE',  ( -0.5149773637200018017, 1.238975417521273270, 7.701000000000000512 ) ) ;
#2373 = CARTESIAN_POINT ( 'NONE',  ( 2.035705237722671423, -0.07873324837788142627, 7.700000000000001954 ) ) ;
#2374 = EDGE_CURVE ( 'NONE', #5953, #1843, #5036, .T. ) ;
#2375 = CARTESIAN_POINT ( 'NONE',  ( 0.9880645727848885729, -0.1071168712504043802, 7.701000000000000512 ) ) ;
#2376 = VECTOR ( 'NONE', #6271, 1000.000000000000000 ) ;
#2377 = VERTEX_POINT ( 'NONE', #3284 ) ;
#2378 = CARTESIAN_POINT ( 'NONE',  ( 2.128453715729373030, -0.2296835259730823087, 7.700999999999999623 ) ) ;
#2379 = AXIS2_PLACEMENT_3D ( 'NONE', #6383, #9682, #10444 ) ;
#2380 = DIRECTION ( 'NONE',  ( -0.0000000000000000000, -0.0000000000000000000, -1.000000000000000000 ) ) ;
#2381 = PRESENTATION_STYLE_ASSIGNMENT (( #794 ) ) ;
#2382 =( NAMED_UNIT ( * ) PLANE_ANGLE_UNIT ( ) SI_UNIT ( $, .RADIAN. ) );
#2383 = DIRECTION ( 'NONE',  ( 0.0000000000000000000, 0.0000000000000000000, 1.000000000000000000 ) ) ;
#2384 =( NAMED_UNIT ( * ) SI_UNIT ( $, .STERADIAN. ) SOLID_ANGLE_UNIT ( ) );
#2385 = CARTESIAN_POINT ( 'NONE',  ( 1.130209662779901647, -0.2096704607388426289, 7.699999999999998401 ) ) ;
#2386 = CARTESIAN_POINT ( 'NONE',  ( -2.073461490767437354, -1.440868690091399840, 7.701000000000000512 ) ) ;
#2387 = AXIS2_PLACEMENT_3D ( 'NONE', #10518, #4835, #661 ) ;
#2388 = CARTESIAN_POINT ( 'NONE',  ( -0.5431189235245065250, -0.007577748696083963509, 7.701000000000000512 ) ) ;
#2389 = EDGE_CURVE ( 'NONE', #5802, #2253, #1846, .T. ) ;
#2390 = EDGE_CURVE ( 'NONE', #7613, #9510, #3515, .T. ) ;
#2391 = EDGE_LOOP ( 'NONE', ( #5326, #5416, #724, #327, #7209, #5731, #7876, #4203, #6833 ) ) ;
#2392 = STYLED_ITEM ( 'NONE', ( #1302 ), #10198 ) ;
#2393 = CARTESIAN_POINT ( 'NONE',  ( 2.149927442264945476, -1.362938863479932650, 7.700000000000000178 ) ) ;
#2394 = MECHANICAL_DESIGN_GEOMETRIC_PRESENTATION_REPRESENTATION (  '', ( #3073 ), #9074 ) ;
#2395 = CARTESIAN_POINT ( 'NONE',  ( -1.081627333894218168, -0.8882753741191777852, 7.701000000000000512 ) ) ;
#2396 = CARTESIAN_POINT ( 'NONE',  ( 1.568996007524917191, -0.3409063510848060474, 7.701000000000001400 ) ) ;
#2397 = DIRECTION ( 'NONE',  ( -0.0000000000000000000, -0.0000000000000000000, -1.000000000000000000 ) ) ;
#2398 = CARTESIAN_POINT ( 'NONE',  ( -1.249647427785097520, 0.7148291533926911523, 7.701000000000001400 ) ) ;
#2399 = ORIENTED_EDGE ( 'NONE', *, *, #10238, .T. ) ;
#2400 = COLOUR_RGB ( '',0.7529411764705882248, 0.7529411764705882248, 0.7529411764705882248 ) ;
#2401 = STYLED_ITEM ( 'NONE', ( #4814 ), #4960 ) ;
#2402 = SURFACE_STYLE_FILL_AREA ( #8152 ) ;
#2403 = VECTOR ( 'NONE', #2640, 1000.000000000000000 ) ;
#2404 = CARTESIAN_POINT ( 'NONE',  ( 0.2971258075372210650, 0.7294510755714447292, 7.700999999999999623 ) ) ;
#2405 = COLOUR_RGB ( '',0.7529411764705882248, 0.7529411764705882248, 0.7529411764705882248 ) ;
#2406 = FILL_AREA_STYLE ('',( #1615 ) ) ;
#2407 = SURFACE_STYLE_USAGE ( .BOTH. , #9819 ) ;
#2408 = ORIENTED_EDGE ( 'NONE', *, *, #4275, .F. ) ;
#2409 = CARTESIAN_POINT ( 'NONE',  ( 2.007775029551841062, -1.259954281957250899, 7.699999999999996625 ) ) ;
#2410 = DIRECTION ( 'NONE',  ( 1.221593242852756957E-16, -0.0000000000000000000, -1.000000000000000000 ) ) ;
#2411 = CARTESIAN_POINT ( 'NONE',  ( -0.5422131014846311992, 0.05234714879168542168, 7.700000000000000178 ) ) ;
#2412 = FACE_OUTER_BOUND ( 'NONE', #10279, .T. ) ;
#2413 = AXIS2_PLACEMENT_3D ( 'NONE', #5642, #3106, #671 ) ;
#2414 =( NAMED_UNIT ( * ) PLANE_ANGLE_UNIT ( ) SI_UNIT ( $, .RADIAN. ) );
#2415 = CARTESIAN_POINT ( 'NONE',  ( -0.9682748588229931341, -1.837602352840687958, 7.700000000000000178 ) ) ;
#2416 = B_SPLINE_SURFACE_WITH_KNOTS ( 'NONE', 3, 1, ( 
 ( #4947, #6730 ),
 ( #9927, #2523 ),
 ( #4237, #7488 ),
 ( #9978, #4123 ),
 ( #5814, #5110 ),
 ( #1720, #3536 ),
 ( #2635, #4346 ),
 ( #8449, #239 ),
 ( #3360, #5006 ),
 ( #5866, #9124 ),
 ( #5922, #1089 ),
 ( #5059, #132 ),
 ( #8333, #983 ),
 ( #9179, #1814 ),
 ( #8390, #4293 ),
 ( #7600, #6782 ),
 ( #10029, #5974 ),
 ( #9239, #1877 ),
 ( #7648, #1928 ) ),
 .UNSPECIFIED., .F., .F., .F.,
 ( 4, 1, 1, 1, 1, 1, 1, 1, 1, 1, 1, 1, 1, 1, 1, 1, 4 ),
 ( 2, 2 ),
 ( 0.0000000000000000000, 0.05486731181826618592, 0.1079753909594999006, 0.1598557974559500217, 0.2115222600122139696, 0.2641863201740957678, 0.3183376082143677399, 0.3747761725932210464, 0.4346069298520088275, 0.4966201443570746887, 0.5604683723292162023, 0.6264101314155980926, 0.6944834107562097847, 0.7656292468867323953, 0.8402079978912536662, 0.9182265899183529312, 1.000000000000000000 ),
 ( 0.0000000000000000000, 1.000000000000000000 ),
 .UNSPECIFIED. ) ;
#2417 = ORIENTED_EDGE ( 'NONE', *, *, #2302, .T. ) ;
#2418 = B_SPLINE_CURVE_WITH_KNOTS ( 'NONE', 3,
 ( #5317, #6194, #6127, #6986, #10241, #9434, #2084 ),
 .UNSPECIFIED., .F., .F.,
 ( 4, 1, 1, 1, 4 ),
 ( 0.0000000000000000000, 0.2269332563347711829, 0.4679290089892954030, 0.7252997174363042809, 1.000000000000000000 ),
 .UNSPECIFIED. ) ;
#2419 = SURFACE_STYLE_FILL_AREA ( #6424 ) ;
#2420 = PRESENTATION_STYLE_ASSIGNMENT (( #1316 ) ) ;
#2421 = PRESENTATION_LAYER_ASSIGNMENT (  '', '', ( #8445 ) ) ;
#2422 = SURFACE_STYLE_FILL_AREA ( #2527 ) ;
#2423 = EDGE_LOOP ( 'NONE', ( #3006, #9991, #283, #936 ) ) ;
#2424 = CARTESIAN_POINT ( 'NONE',  ( -0.5149773637200018017, -1.466107327118977510, 7.700000000000000178 ) ) ;
#2425 = CARTESIAN_POINT ( 'NONE',  ( 1.009552729232102486, -1.485496049142615682, 7.701000000000000512 ) ) ;
#2426 = CARTESIAN_POINT ( 'NONE',  ( -0.4198997215961965956, 0.09210611911209226621, 7.701000000000001400 ) ) ;
#2427 = EDGE_LOOP ( 'NONE', ( #7589, #3478, #8648, #2598 ) ) ;
#2428 = CARTESIAN_POINT ( 'NONE',  ( 0.09148684209130628076, -0.2465548950514027948, 7.701000000000001400 ) ) ;
#2429 =( NAMED_UNIT ( * ) SI_UNIT ( $, .STERADIAN. ) SOLID_ANGLE_UNIT ( ) );
#2430 = FILL_AREA_STYLE_COLOUR ( '', #676 ) ;
#2431 = CARTESIAN_POINT ( 'NONE',  ( 0.07290821202867840689, 0.6669953930368139883, 7.700999999999999623 ) ) ;
#2432 = CARTESIAN_POINT ( 'NONE',  ( 0.9884938499748574525, -0.09283809360513459175, 7.700999999999998735 ) ) ;
#2433 = MECHANICAL_DESIGN_GEOMETRIC_PRESENTATION_REPRESENTATION (  '', ( #3956 ), #8797 ) ;
#2434 = ORIENTED_EDGE ( 'NONE', *, *, #4894, .F. ) ;
#2435 = LINE ( 'NONE', #5722, #2021 ) ;
#2436 =( NAMED_UNIT ( * ) PLANE_ANGLE_UNIT ( ) SI_UNIT ( $, .RADIAN. ) );
#2437 = CARTESIAN_POINT ( 'NONE',  ( 0.4245060661454621020, 0.7600236032989883261, 7.701000000000002288 ) ) ;
#2438 = EDGE_CURVE ( 'NONE', #8428, #10239, #9848, .T. ) ;
#2439 = CARTESIAN_POINT ( 'NONE',  ( 2.008236848425914101, 1.153961061217854356, 7.701000000000000512 ) ) ;
#2440 = CARTESIAN_POINT ( 'NONE',  ( -0.5149773637200018017, 1.238975417521273270, 7.700000000000000178 ) ) ;
#2441 = CARTESIAN_POINT ( 'NONE',  ( 1.146786118557883594, -0.2309704691727774151, 7.700000000000003730 ) ) ;
#2442 = CARTESIAN_POINT ( 'NONE',  ( 0.05167007909992451381, 0.08836414843925879947, 7.701000000000002288 ) ) ;
#2443 = CARTESIAN_POINT ( 'NONE',  ( -0.9682748588229931341, 1.224806358137370044, 7.701000000000000512 ) ) ;
#2444 = B_SPLINE_CURVE_WITH_KNOTS ( 'NONE', 3,
 ( #6231, #8215, #1392, #1549, #10359, #7895, #6445, #9593, #6342, #2239, #3792, #7152, #1494, #10408, #4768, #8696, #7047, #10301, #5583 ),
 .UNSPECIFIED., .F., .F.,
 ( 4, 1, 1, 1, 1, 1, 1, 1, 1, 1, 1, 1, 1, 1, 1, 1, 4 ),
 ( 0.0000000000000000000, 0.07937385194888096906, 0.1540385076354722493, 0.2247730300375469503, 0.2918548655033927353, 0.3555123676644170172, 0.4160007845899216794, 0.4747112873896455754, 0.5318443449236147647, 0.5876598058676945069, 0.6423442577657587638, 0.6974257117871596190, 0.7533901245597586227, 0.8106040753172507607, 0.8706508094478463411, 0.9332976688071763505, 1.000000000000000000 ),
 .UNSPECIFIED. ) ;
#2445 = ORIENTED_EDGE ( 'NONE', *, *, #3878, .T. ) ;
#2446 = EDGE_LOOP ( 'NONE', ( #7166, #6739 ) ) ;
#2447 = SURFACE_STYLE_FILL_AREA ( #6811 ) ;
#2448 = EDGE_CURVE ( 'NONE', #5451, #1692, #5947, .T. ) ;
#2449 = CARTESIAN_POINT ( 'NONE',  ( 1.772563044153827816, -0.3268051553459658809, 7.701000000000004064 ) ) ;
#2450 = ADVANCED_FACE ( 'NONE', ( #1009 ), #363, .F. ) ;
#2451 = CARTESIAN_POINT ( 'NONE',  ( 1.568996007524917191, -0.3409063510848060474, 7.701000000000000512 ) ) ;
#2452 =( NAMED_UNIT ( * ) PLANE_ANGLE_UNIT ( ) SI_UNIT ( $, .RADIAN. ) );
#2453 = COLOUR_RGB ( '',0.7529411764705882248, 0.7529411764705882248, 0.7529411764705882248 ) ;
#2454 = ORIENTED_EDGE ( 'NONE', *, *, #8842, .F. ) ;
#2455 = EDGE_CURVE ( 'NONE', #8904, #9204, #10335, .T. ) ;
#2456 = PLANE ( 'NONE',  #9319 ) ;
#2457 = DIRECTION ( 'NONE',  ( -1.000000000000000000, 0.0000000000000000000, 0.0000000000000000000 ) ) ;
#2458 = CARTESIAN_POINT ( 'NONE',  ( 0.4573372968878963163, 1.135734452100672698, 7.700000000000000178 ) ) ;
#2459 = UNCERTAINTY_MEASURE_WITH_UNIT (LENGTH_MEASURE( 1.000000000000000082E-05 ), #941, 'distance_accuracy_value', 'NONE');
#2460 = STYLED_ITEM ( 'NONE', ( #1490 ), #4337 ) ;
#2461 = PRESENTATION_LAYER_ASSIGNMENT (  '', '', ( #1427 ) ) ;
#2462 = CARTESIAN_POINT ( 'NONE',  ( 0.6183345592164420923, 0.9290347945673924634, 7.700000000000000178 ) ) ;
#2463 = CARTESIAN_POINT ( 'NONE',  ( 8.673617379884035472E-16, 0.0000000000000000000, 1.700000000000000400 ) ) ;
#2464 = ORIENTED_EDGE ( 'NONE', *, *, #1402, .F. ) ;
#2465 = CARTESIAN_POINT ( 'NONE',  ( -1.007022842411878782, 0.6912422706694119068, 7.701000000000003176 ) ) ;
#2466 = CARTESIAN_POINT ( 'NONE',  ( -1.300000000000000266, 3.299999999999999822, 0.6999999999999999556 ) ) ;
#2467 = VECTOR ( 'NONE', #3278, 1000.000000000000000 ) ;
#2468 = SURFACE_STYLE_USAGE ( .BOTH. , #3353 ) ;
#2469 = PLANE ( 'NONE',  #4956 ) ;
#2470 = CARTESIAN_POINT ( 'NONE',  ( 1.117066007617185219, -0.1866210762621360320, 7.701000000000002288 ) ) ;
#2471 = ORIENTED_EDGE ( 'NONE', *, *, #3503, .F. ) ;
#2472 = UNCERTAINTY_MEASURE_WITH_UNIT (LENGTH_MEASURE( 1.000000000000000082E-05 ), #8299, 'distance_accuracy_value', 'NONE');
#2473 = CARTESIAN_POINT ( 'NONE',  ( 1.919198240087738982, -1.538873609629530570, 7.699999999999999289 ) ) ;
#2474 = CARTESIAN_POINT ( 'NONE',  ( 0.0000000000000000000, 0.0000000000000000000, 0.0000000000000000000 ) ) ;
#2475 = EDGE_LOOP ( 'NONE', ( #1775, #6244, #2148, #6763 ) ) ;
#2476 = FILL_AREA_STYLE_COLOUR ( '', #13 ) ;
#2477 = EDGE_LOOP ( 'NONE', ( #2881, #1649, #3168, #1461 ) ) ;
#2478 =( LENGTH_UNIT ( ) NAMED_UNIT ( * ) SI_UNIT ( .MILLI., .METRE. ) );
#2479 = DIRECTION ( 'NONE',  ( 0.0000000000000000000, -0.0000000000000000000, 1.000000000000000000 ) ) ;
#2480 = FACE_OUTER_BOUND ( 'NONE', #10005, .T. ) ;
#2481 = CARTESIAN_POINT ( 'NONE',  ( 1.991284624883559173, 0.01719227189220833008, 7.700000000000001954 ) ) ;
#2482 = CARTESIAN_POINT ( 'NONE',  ( -3.300000000000000266, 1.300000000000000044, 1.599999999999999867 ) ) ;
#2483 = ORIENTED_EDGE ( 'NONE', *, *, #2595, .T. ) ;
#2484 = DIRECTION ( 'NONE',  ( -0.0000000000000000000, -0.0000000000000000000, -1.000000000000000000 ) ) ;
#2485 = CARTESIAN_POINT ( 'NONE',  ( -1.489105496668447604, 0.9481810579583865861, 7.700999999999996959 ) ) ;
#2486 = FILL_AREA_STYLE_COLOUR ( '', #7682 ) ;
#2487 = CARTESIAN_POINT ( 'NONE',  ( 0.5046777662301892287, 0.9154633062510413311, 7.700999999999999623 ) ) ;
#2488 = CARTESIAN_POINT ( 'NONE',  ( -0.3874558292648735969, 1.054777645530532437, 7.701000000000000512 ) ) ;
#2489 =( NAMED_UNIT ( * ) SI_UNIT ( $, .STERADIAN. ) SOLID_ANGLE_UNIT ( ) );
#2490 = CARTESIAN_POINT ( 'NONE',  ( 3.150000000000001243, 3.857637417314163182E-16, 0.7000000000000003997 ) ) ;
#2491 = CARTESIAN_POINT ( 'NONE',  ( -0.02706579261194554109, -0.1742552557156597237, 7.701000000000002288 ) ) ;
#2492 = DIRECTION ( 'NONE',  ( 0.0000000000000000000, -1.000000000000000000, -1.564774653237898810E-12 ) ) ;
#2493 = CARTESIAN_POINT ( 'NONE',  ( -0.5087705681411630598, -0.1972637200606134900, 7.701000000000000512 ) ) ;
#2494 = VERTEX_POINT ( 'NONE', #5881 ) ;
#2495 = ORIENTED_EDGE ( 'NONE', *, *, #2728, .F. ) ;
#2496 =( NAMED_UNIT ( * ) SI_UNIT ( $, .STERADIAN. ) SOLID_ANGLE_UNIT ( ) );
#2497 = CARTESIAN_POINT ( 'NONE',  ( 0.6144299228480069042, 0.9901137721476838127, 7.700999999999999623 ) ) ;
#2498 =( LENGTH_UNIT ( ) NAMED_UNIT ( * ) SI_UNIT ( .MILLI., .METRE. ) );
#2499 = ORIENTED_EDGE ( 'NONE', *, *, #3487, .T. ) ;
#2500 = CARTESIAN_POINT ( 'NONE',  ( 2.149927442264945476, -1.362938863479932650, 7.700000000000000178 ) ) ;
#2501 = B_SPLINE_SURFACE_WITH_KNOTS ( 'NONE', 3, 1, ( 
 ( #1117, #3512 ),
 ( #6913, #4370 ),
 ( #10173, #158 ),
 ( #2715, #4265 ),
 ( #3388, #5895 ),
 ( #9156, #5083 ),
 ( #4540, #3075 ),
 ( #5517, #7136 ),
 ( #434, #7186 ),
 ( #6390, #3668 ),
 ( #6964, #6167 ),
 ( #10217, #9637 ),
 ( #3777, #9520 ),
 ( #1314, #4649 ),
 ( #8680, #488 ),
 ( #8737, #5350 ),
 ( #593, #10390 ),
 ( #3021, #4589 ),
 ( #2278, #7829 ) ),
 .UNSPECIFIED., .F., .F., .F.,
 ( 4, 1, 1, 1, 1, 1, 1, 1, 1, 1, 1, 1, 1, 1, 1, 1, 4 ),
 ( 2, 2 ),
 ( 0.0000000000000000000, 0.08174603369975454170, 0.1597385063957908746, 0.2342922896709910552, 0.3054143073551748855, 0.3733848979576098737, 0.4393045808363636451, 0.5030070766869890742, 0.5649995301960174521, 0.6248102571092687407, 0.6812299267925188140, 0.7353630858793829272, 0.7880095149870924853, 0.8399144460163009418, 0.8917774838128330606, 0.9448677832497021090, 1.000000000000000000 ),
 ( 0.0000000000000000000, 1.000000000000000000 ),
 .UNSPECIFIED. ) ;
#2502 = CARTESIAN_POINT ( 'NONE',  ( 0.6185473869922488710, 0.9168507080903502970, 7.701000000000000512 ) ) ;
#2503 = SURFACE_STYLE_FILL_AREA ( #8367 ) ;
#2504 = CARTESIAN_POINT ( 'NONE',  ( 0.3462936280282095103, 0.5739336131566803445, 7.700000000000001066 ) ) ;
#2505 = CARTESIAN_POINT ( 'NONE',  ( -0.3442615834157584653, -0.3712071442600711757, 7.701000000000000512 ) ) ;
#2506 = ADVANCED_FACE ( 'NONE', ( #202 ), #4362, .T. ) ;
#2507 = VERTEX_POINT ( 'NONE', #5933 ) ;
#2508 = EDGE_CURVE ( 'NONE', #4919, #957, #6903, .T. ) ;
#2509 = CARTESIAN_POINT ( 'NONE',  ( -0.3948728784741775133, -0.1462824007345643051, 7.699999999999998401 ) ) ;
#2510 =( GEOMETRIC_REPRESENTATION_CONTEXT ( 3 ) GLOBAL_UNCERTAINTY_ASSIGNED_CONTEXT ( ( #7950 ) ) GLOBAL_UNIT_ASSIGNED_CONTEXT ( ( #273, #8528, #383 ) ) REPRESENTATION_CONTEXT ( 'NONE', 'WORKASPACE' ) );
#2511 = VECTOR ( 'NONE', #1969, 1000.000000000000000 ) ;
#2512 = VERTEX_POINT ( 'NONE', #5231 ) ;
#2513 = DIRECTION ( 'NONE',  ( -0.0000000000000000000, -0.0000000000000000000, -1.000000000000000000 ) ) ;
#2514 = CARTESIAN_POINT ( 'NONE',  ( 1.027195445959389941, -1.522311812608733828, 7.700000000000003730 ) ) ;
#2515 = SURFACE_STYLE_FILL_AREA ( #4178 ) ;
#2516 = CARTESIAN_POINT ( 'NONE',  ( 0.4000000000000000222, 3.649999999999999911, 0.0000000000000000000 ) ) ;
#2517 = EDGE_CURVE ( 'NONE', #1330, #5777, #7662, .T. ) ;
#2518 = EDGE_CURVE ( 'NONE', #4751, #505, #4251, .T. ) ;
#2519 = MANIFOLD_SOLID_BREP ( 'Extrude6[2]', #9227 ) ;
#2520 = STYLED_ITEM ( 'NONE', ( #3078 ), #9001 ) ;
#2521 = STYLED_ITEM ( 'NONE', ( #5780 ), #2450 ) ;
#2522 = VERTEX_POINT ( 'NONE', #10378 ) ;
#2523 = CARTESIAN_POINT ( 'NONE',  ( 0.9884938499748574525, -0.09283809360513459175, 7.699999999999998401 ) ) ;
#2524 = LINE ( 'NONE', #5815, #7278 ) ;
#2525 = CARTESIAN_POINT ( 'NONE',  ( 2.036275893929965441, -1.371973140031788052, 7.699999999999999289 ) ) ;
#2526 = FILL_AREA_STYLE ('',( #5818 ) ) ;
#2527 = FILL_AREA_STYLE ('',( #26 ) ) ;
#2528 = LINE ( 'NONE', #2424, #9775 ) ;
#2529 =( GEOMETRIC_REPRESENTATION_CONTEXT ( 3 ) GLOBAL_UNCERTAINTY_ASSIGNED_CONTEXT ( ( #6466 ) ) GLOBAL_UNIT_ASSIGNED_CONTEXT ( ( #4120, #3310, #7433 ) ) REPRESENTATION_CONTEXT ( 'NONE', 'WORKASPACE' ) );
#2530 = COLOUR_RGB ( '',0.7960784313725489669, 0.8235294117647058432, 0.9372549019607843146 ) ;
#2531 = CARTESIAN_POINT ( 'NONE',  ( 1.445391071436133545, -0.4908631053358911700, 7.699999999999993960 ) ) ;
#2532 = VECTOR ( 'NONE', #394, 1000.000000000000000 ) ;
#2533 = ORIENTED_EDGE ( 'NONE', *, *, #9216, .F. ) ;
#2534 = DIRECTION ( 'NONE',  ( -0.0000000000000000000, -0.0000000000000000000, -1.000000000000000000 ) ) ;
#2535 = CARTESIAN_POINT ( 'NONE',  ( 0.9893270634133874974, -0.1496428408269901700, 7.700999999999996959 ) ) ;
#2536 =( GEOMETRIC_REPRESENTATION_CONTEXT ( 3 ) GLOBAL_UNCERTAINTY_ASSIGNED_CONTEXT ( ( #7424 ) ) GLOBAL_UNIT_ASSIGNED_CONTEXT ( ( #2614, #1067, #1014 ) ) REPRESENTATION_CONTEXT ( 'NONE', 'WORKASPACE' ) );
#2537 = CARTESIAN_POINT ( 'NONE',  ( -0.04221734278113675048, 0.7849962472461479157, 7.699999999999999289 ) ) ;
#2538 = SURFACE_STYLE_USAGE ( .BOTH. , #9885 ) ;
#2539 = VERTEX_POINT ( 'NONE', #2049 ) ;
#2540 = VECTOR ( 'NONE', #9195, 1000.000000000000000 ) ;
#2541 = COLOUR_RGB ( '',0.0000000000000000000, 0.0000000000000000000, 0.0000000000000000000 ) ;
#2542 = FILL_AREA_STYLE ('',( #7400 ) ) ;
#2543 = CARTESIAN_POINT ( 'NONE',  ( -1.335395223851440605, 0.7249772841373226528, 7.701000000000001400 ) ) ;
#2544 = DIRECTION ( 'NONE',  ( -1.000000000000000000, -0.0000000000000000000, -0.0000000000000000000 ) ) ;
#2545 = LINE ( 'NONE', #2602, #4809 ) ;
#2546 = SURFACE_STYLE_USAGE ( .BOTH. , #10001 ) ;
#2547 = CARTESIAN_POINT ( 'NONE',  ( 3.300000000000042455, -1.300000000000000044, 0.6999999999999999556 ) ) ;
#2548 = CARTESIAN_POINT ( 'NONE',  ( -1.555848040149226286, 0.7833516017076379567, 7.701000000000000512 ) ) ;
#2549 = STYLED_ITEM ( 'NONE', ( #3411 ), #1850 ) ;
#2550 = VERTEX_POINT ( 'NONE', #8672 ) ;
#2551 = ORIENTED_EDGE ( 'NONE', *, *, #1082, .F. ) ;
#2552 =( NAMED_UNIT ( * ) PLANE_ANGLE_UNIT ( ) SI_UNIT ( $, .RADIAN. ) );
#2553 = B_SPLINE_CURVE_WITH_KNOTS ( 'NONE', 3,
 ( #58, #3720, #8589, #3518, #7677, #6814, #325, #384, #9211, #8476, #6175, #1224, #10064, #6867, #2724, #5305, #7733, #1066, #7035 ),
 .UNSPECIFIED., .F., .F.,
 ( 4, 1, 1, 1, 1, 1, 1, 1, 1, 1, 1, 1, 1, 1, 1, 1, 4 ),
 ( 0.0000000000000000000, 0.08174603369975451395, 0.1597385063957908191, 0.2342922896709909719, 0.3054143073551747745, 0.3733848979576097626, 0.4393045808363635896, 0.5030070766869889631, 0.5649995301960173411, 0.6248102571092685187, 0.6812299267925188140, 0.7353630858793829272, 0.7880095149870924853, 0.8399144460163010528, 0.8917774838128331716, 0.9448677832497021090, 1.000000000000000000 ),
 .UNSPECIFIED. ) ;
#2554 = CIRCLE ( 'NONE', #3580, 3.149999999999999911 ) ;
#2555 = CARTESIAN_POINT ( 'NONE',  ( -2.073461490767437354, 1.068946704914435442, 7.701000000000000512 ) ) ;
#2556 = CARTESIAN_POINT ( 'NONE',  ( 1.919198240087740315, -0.2830516174000023422, 7.700000000000001954 ) ) ;
#2557 = CARTESIAN_POINT ( 'NONE',  ( -1.929289321881345387, -3.270710678118654791, 0.6999999999999999556 ) ) ;
#2558 = DIRECTION ( 'NONE',  ( 1.000000000000000000, 0.0000000000000000000, -0.0000000000000000000 ) ) ;
#2559 = B_SPLINE_CURVE_WITH_KNOTS ( 'NONE', 3,
 ( #5459, #7939, #4970, #9892, #9037, #4812, #951, #2437, #5771, #1590, #9790, #4867, #96, #9841, #6487, #8182, #2487, #5026, #9741 ),
 .UNSPECIFIED., .F., .F.,
 ( 4, 1, 1, 1, 1, 1, 1, 1, 1, 1, 1, 1, 1, 1, 1, 1, 4 ),
 ( 0.0000000000000000000, 0.06805391278538697186, 0.1331667963259239029, 0.1957152805705779375, 0.2559246354030246806, 0.3140592668037200386, 0.3720186495334352195, 0.4292757115724885053, 0.4874739389242667142, 0.5458942069198026159, 0.6047364012692567625, 0.6652598074082182178, 0.7266291521994979741, 0.7903313255440695961, 0.8567484592993183101, 0.9265101495440601909, 1.000000000000000000 ),
 .UNSPECIFIED. ) ;
#2560 = STYLED_ITEM ( 'NONE', ( #919 ), #7985 ) ;
#2561 = DIRECTION ( 'NONE',  ( 1.000000000000000000, -0.0000000000000000000, -0.0000000000000000000 ) ) ;
#2562 = ORIENTED_EDGE ( 'NONE', *, *, #1994, .T. ) ;
#2563 =( LENGTH_UNIT ( ) NAMED_UNIT ( * ) SI_UNIT ( .MILLI., .METRE. ) );
#2564 =( LENGTH_UNIT ( ) NAMED_UNIT ( * ) SI_UNIT ( .MILLI., .METRE. ) );
#2565 = SURFACE_SIDE_STYLE ('',( #6819 ) ) ;
#2566 = ORIENTED_EDGE ( 'NONE', *, *, #3202, .F. ) ;
#2567 = UNCERTAINTY_MEASURE_WITH_UNIT (LENGTH_MEASURE( 1.000000000000000082E-05 ), #503, 'distance_accuracy_value', 'NONE');
#2568 = MECHANICAL_DESIGN_GEOMETRIC_PRESENTATION_REPRESENTATION (  '', ( #5663 ), #1717 ) ;
#2569 = DIRECTION ( 'NONE',  ( 0.6660544701692369118, -0.7459031054819231787, 0.0000000000000000000 ) ) ;
#2570 = ADVANCED_FACE ( 'NONE', ( #6745 ), #6214, .T. ) ;
#2571 = VERTEX_POINT ( 'NONE', #7123 ) ;
#2572 = CARTESIAN_POINT ( 'NONE',  ( 1.853175964360080696, -1.161145380035850661, 7.700000000000001066 ) ) ;
#2573 = CARTESIAN_POINT ( 'NONE',  ( 1.804945612640167507, -1.726617227224378937, 7.701000000000002288 ) ) ;
#2574 = STYLED_ITEM ( 'NONE', ( #1154 ), #6481 ) ;
#2575 = CARTESIAN_POINT ( 'NONE',  ( 1.050032591455505981, -1.169491871304207287, 7.700000000000001954 ) ) ;
#2576 = CARTESIAN_POINT ( 'NONE',  ( 1.102301037857891242, -0.1346860403947136575, 7.700999999999999623 ) ) ;
#2577 = COLOUR_RGB ( '',0.0000000000000000000, 0.0000000000000000000, 0.0000000000000000000 ) ;
#2578 = STYLED_ITEM ( 'NONE', ( #8875 ), #5280 ) ;
#2579 = ORIENTED_EDGE ( 'NONE', *, *, #5941, .F. ) ;
#2580 = DIRECTION ( 'NONE',  ( 0.0000000000000000000, 0.0000000000000000000, -1.000000000000000000 ) ) ;
#2581 = SURFACE_STYLE_FILL_AREA ( #5060 ) ;
#2582 = UNCERTAINTY_MEASURE_WITH_UNIT (LENGTH_MEASURE( 1.000000000000000082E-05 ), #7979, 'distance_accuracy_value', 'NONE');
#2583 = CARTESIAN_POINT ( 'NONE',  ( 1.970852870559638204, -1.506092673193603293, 7.701000000000000512 ) ) ;
#2584 = CARTESIAN_POINT ( 'NONE',  ( 0.1415137252151125180, -0.1338703734566870918, 7.699999999999998401 ) ) ;
#2585 = EDGE_CURVE ( 'NONE', #6542, #2633, #5392, .T. ) ;
#2586 = VECTOR ( 'NONE', #1604, 1000.000000000000000 ) ;
#2587 = MECHANICAL_DESIGN_GEOMETRIC_PRESENTATION_REPRESENTATION (  '', ( #3787 ), #895 ) ;
#2588 = ADVANCED_FACE ( 'NONE', ( #8782 ), #6099, .T. ) ;
#2589 =( LENGTH_UNIT ( ) NAMED_UNIT ( * ) SI_UNIT ( .MILLI., .METRE. ) );
#2590 = CARTESIAN_POINT ( 'NONE',  ( -1.399159036000399592, 0.7578297317751204742, 7.699999999999998401 ) ) ;
#2591 = ORIENTED_EDGE ( 'NONE', *, *, #1556, .F. ) ;
#2592 = DIRECTION ( 'NONE',  ( -0.9403531483904996602, 0.3401998770018514473, 0.0000000000000000000 ) ) ;
#2593 = SURFACE_SIDE_STYLE ('',( #1100 ) ) ;
#2594 = DIRECTION ( 'NONE',  ( 0.0000000000000000000, 0.0000000000000000000, -1.000000000000000000 ) ) ;
#2595 = EDGE_CURVE ( 'NONE', #5793, #3615, #9457, .T. ) ;
#2596 = LINE ( 'NONE', #10246, #7288 ) ;
#2597 = CARTESIAN_POINT ( 'NONE',  ( -0.2459123011236401257, 0.9901534577105863821, 7.699999999999999289 ) ) ;
#2598 = ORIENTED_EDGE ( 'NONE', *, *, #766, .F. ) ;
#2599 = STYLED_ITEM ( 'NONE', ( #6192 ), #5790 ) ;
#2600 = B_SPLINE_SURFACE_WITH_KNOTS ( 'NONE', 3, 1, ( 
 ( #8383, #7592 ),
 ( #4890, #6518 ),
 ( #4055, #2411 ),
 ( #3307, #5702 ),
 ( #75, #8963 ),
 ( #7379, #1620 ),
 ( #8158, #6576 ) ),
 .UNSPECIFIED., .F., .F., .F.,
 ( 4, 1, 1, 1, 4 ),
 ( 2, 2 ),
 ( 0.0000000000000000000, 0.2269332563347711829, 0.4679290089892954030, 0.7252997174363042809, 1.000000000000000000 ),
 ( 0.0000000000000000000, 1.000000000000000000 ),
 .UNSPECIFIED. ) ;
#2601 = LINE ( 'NONE', #3447, #4943 ) ;
#2602 = CARTESIAN_POINT ( 'NONE',  ( 1.300000000000043343, -3.033150177620620003, 1.000000000000000000 ) ) ;
#2603 = LINE ( 'NONE', #5134, #2716 ) ;
#2604 = MECHANICAL_DESIGN_GEOMETRIC_PRESENTATION_REPRESENTATION (  '', ( #8791 ), #6727 ) ;
#2605 = ORIENTED_EDGE ( 'NONE', *, *, #3289, .T. ) ;
#2606 = B_SPLINE_CURVE_WITH_KNOTS ( 'NONE', 3,
 ( #6490, #154, #800, #6552, #9096, #750, #3231, #1745, #8301, #1544, #8091, #956, #2493, #853, #5775, #9746, #3385, #2388, #9694 ),
 .UNSPECIFIED., .F., .F.,
 ( 4, 1, 1, 1, 1, 1, 1, 1, 1, 1, 1, 1, 1, 1, 1, 1, 4 ),
 ( 0.0000000000000000000, 0.06497809470567895984, 0.1267363646024415591, 0.1863119232689122440, 0.2440697208673729135, 0.3004788086864218499, 0.3566365544757493788, 0.4131624725669299503, 0.4710790184197083952, 0.5300890842504162315, 0.5897980607712771661, 0.6510043385684272099, 0.7146905437466635203, 0.7806183662524378564, 0.8502253915090891567, 0.9232550045548021389, 1.000000000000000000 ),
 .UNSPECIFIED. ) ;
#2607 = ORIENTED_EDGE ( 'NONE', *, *, #3689, .T. ) ;
#2608 = DIRECTION ( 'NONE',  ( -1.000000000000000000, 0.0000000000000000000, 0.0000000000000000000 ) ) ;
#2609 =( GEOMETRIC_REPRESENTATION_CONTEXT ( 3 ) GLOBAL_UNCERTAINTY_ASSIGNED_CONTEXT ( ( #5378 ) ) GLOBAL_UNIT_ASSIGNED_CONTEXT ( ( #2478, #8402, #9189 ) ) REPRESENTATION_CONTEXT ( 'NONE', 'WORKASPACE' ) );
#2610 = CARTESIAN_POINT ( 'NONE',  ( -0.3504764605686563894, -0.1945926199406576573, 7.700999999999999623 ) ) ;
#2611 = CARTESIAN_POINT ( 'NONE',  ( 2.168404344971008868E-14, 2.168404344971008868E-14, 1.000000000000000000 ) ) ;
#2612 = DIRECTION ( 'NONE',  ( 0.0000000000000000000, -1.000000000000000000, 0.0000000000000000000 ) ) ;
#2613 = LINE ( 'NONE', #5901, #8776 ) ;
#2614 =( LENGTH_UNIT ( ) NAMED_UNIT ( * ) SI_UNIT ( .MILLI., .METRE. ) );
#2615 = ORIENTED_EDGE ( 'NONE', *, *, #6360, .F. ) ;
#2616 = CARTESIAN_POINT ( 'NONE',  ( 1.568996007524917191, -0.3409063510848060474, 7.701000000000000512 ) ) ;
#2617 = MECHANICAL_DESIGN_GEOMETRIC_PRESENTATION_REPRESENTATION (  '', ( #4505 ), #9122 ) ;
#2618 =( LENGTH_UNIT ( ) NAMED_UNIT ( * ) SI_UNIT ( .MILLI., .METRE. ) );
#2619 = PRESENTATION_STYLE_ASSIGNMENT (( #169 ) ) ;
#2620 = LINE ( 'NONE', #9, #7704 ) ;
#2621 = PLANE ( 'NONE',  #4163 ) ;
#2622 = MECHANICAL_DESIGN_GEOMETRIC_PRESENTATION_REPRESENTATION (  '', ( #4334 ), #2098 ) ;
#2623 = VECTOR ( 'NONE', #9758, 1000.000000000000000 ) ;
#2624 = CARTESIAN_POINT ( 'NONE',  ( 0.3092633876279882732, 0.7288892797007604507, 7.699999999999998401 ) ) ;
#2625 = ORIENTED_EDGE ( 'NONE', *, *, #641, .F. ) ;
#2626 = CARTESIAN_POINT ( 'NONE',  ( 1.726825763377676237, -1.136850917609263378, 7.700000000000000178 ) ) ;
#2627 = CARTESIAN_POINT ( 'NONE',  ( 2.149501702799246239, -1.377291607131088780, 7.699999999999999289 ) ) ;
#2628 = PRESENTATION_STYLE_ASSIGNMENT (( #4230 ) ) ;
#2629 = CARTESIAN_POINT ( 'NONE',  ( 1.445388978233287824, -0.9791857920815134619, 7.700000000000001066 ) ) ;
#2630 = CARTESIAN_POINT ( 'NONE',  ( 1.460530245480272216, -0.3374394341483976101, 7.701000000000002288 ) ) ;
#2631 = DIRECTION ( 'NONE',  ( -0.0000000000000000000, -0.0000000000000000000, -1.000000000000000000 ) ) ;
#2632 = STYLED_ITEM ( 'NONE', ( #2735 ), #2850 ) ;
#2633 = VERTEX_POINT ( 'NONE', #4471 ) ;
#2634 = EDGE_CURVE ( 'NONE', #1843, #6066, #2266, .T. ) ;
#2635 = CARTESIAN_POINT ( 'NONE',  ( 1.050032591455505981, 0.08633012092532109383, 7.701000000000002288 ) ) ;
#2636 =( NAMED_UNIT ( * ) PLANE_ANGLE_UNIT ( ) SI_UNIT ( $, .RADIAN. ) );
#2637 = PRESENTATION_LAYER_ASSIGNMENT (  '', '', ( #6771 ) ) ;
#2638 = CARTESIAN_POINT ( 'NONE',  ( 1.027261769593191154, 0.05185493862245163510, 7.700000000000001954 ) ) ;
#2639 = ORIENTED_EDGE ( 'NONE', *, *, #4288, .F. ) ;
#2640 = DIRECTION ( 'NONE',  ( 0.0000000000000000000, 1.000000000000000000, 0.0000000000000000000 ) ) ;
#2641 = CARTESIAN_POINT ( 'NONE',  ( 0.5000000000000000000, -1.100000000000000089, 0.2999999999999999889 ) ) ;
#2642 = EDGE_LOOP ( 'NONE', ( #7464, #5277, #4926, #4921 ) ) ;
#2643 = SURFACE_STYLE_USAGE ( .BOTH. , #4074 ) ;
#2644 =( NAMED_UNIT ( * ) SI_UNIT ( $, .STERADIAN. ) SOLID_ANGLE_UNIT ( ) );
#2645 =( NAMED_UNIT ( * ) SI_UNIT ( $, .STERADIAN. ) SOLID_ANGLE_UNIT ( ) );
#2646 = VERTEX_POINT ( 'NONE', #6374 ) ;
#2647 = EDGE_CURVE ( 'NONE', #10053, #9541, #4124, .T. ) ;
#2648 = ADVANCED_FACE ( 'NONE', ( #9720, #8165 ), #2313, .F. ) ;
#2650 = MANIFOLD_SOLID_BREP ( 'Extrude6[8]', #9567 ) ;
#2649 = CARTESIAN_POINT ( 'NONE',  ( 2.087959423594328179, 0.08633012092532101056, 7.699999999999998401 ) ) ;
#2651 = SURFACE_STYLE_USAGE ( .BOTH. , #5885 ) ;
#2652 = EDGE_CURVE ( 'NONE', #3311, #6696, #6927, .T. ) ;
#2653 = LINE ( 'NONE', #2767, #4457 ) ;
#2654 = SURFACE_SIDE_STYLE ('',( #3610 ) ) ;
#2655 = DIRECTION ( 'NONE',  ( 0.0000000000000000000, 1.000000000000000000, 0.0000000000000000000 ) ) ;
#2656 = SURFACE_SIDE_STYLE ('',( #2002 ) ) ;
#2657 = ORIENTED_EDGE ( 'NONE', *, *, #1423, .F. ) ;
#2658 = ADVANCED_FACE ( 'NONE', ( #8828 ), #1467, .F. ) ;
#2659 = EDGE_CURVE ( 'NONE', #1597, #7655, #8391, .T. ) ;
#2660 = ORIENTED_EDGE ( 'NONE', *, *, #7007, .T. ) ;
#2661 = CARTESIAN_POINT ( 'NONE',  ( 2.149927442264945476, -1.362938863479932650, 7.701000000000000512 ) ) ;
#2662 =( NAMED_UNIT ( * ) SI_UNIT ( $, .STERADIAN. ) SOLID_ANGLE_UNIT ( ) );
#2663 = CARTESIAN_POINT ( 'NONE',  ( 0.2725533184333798764, 0.7305884293773717841, 7.700000000000001066 ) ) ;
#2664 = LINE ( 'NONE', #8474, #4584 ) ;
#2665 = CARTESIAN_POINT ( 'NONE',  ( 0.0000000000000000000, 0.0000000000000000000, 7.500000000000000888 ) ) ;
#2666 = DIRECTION ( 'NONE',  ( 0.0000000000000000000, 0.0000000000000000000, 1.000000000000000000 ) ) ;
#2667 = CARTESIAN_POINT ( 'NONE',  ( -0.4198997215961965956, 0.09210611911209226621, 7.700000000000001066 ) ) ;
#2668 = ORIENTED_EDGE ( 'NONE', *, *, #10478, .T. ) ;
#2669 = CARTESIAN_POINT ( 'NONE',  ( 2.029895727345534695, -0.1615091125219313417, 7.701000000000002288 ) ) ;
#2670 = CARTESIAN_POINT ( 'NONE',  ( 8.673617379884035472E-16, 0.0000000000000000000, 0.9000000000000003553 ) ) ;
#2671 = CARTESIAN_POINT ( 'NONE',  ( 0.4000000000000003553, -1.000000000000000000, 0.2000000000000000111 ) ) ;
#2672 = PLANE ( 'NONE',  #9651 ) ;
#2673 = ORIENTED_EDGE ( 'NONE', *, *, #5743, .F. ) ;
#2674 = UNCERTAINTY_MEASURE_WITH_UNIT (LENGTH_MEASURE( 1.000000000000000082E-05 ), #8224, 'distance_accuracy_value', 'NONE');
#2675 = CARTESIAN_POINT ( 'NONE',  ( 2.008236848425914101, 1.153961061217854356, 7.701000000000000512 ) ) ;
#2676 = CARTESIAN_POINT ( 'NONE',  ( 0.4000000000000003553, -1.000000000000000000, 0.6999999999999999556 ) ) ;
#2677 = VERTEX_POINT ( 'NONE', #7489 ) ;
#2678 = SURFACE_SIDE_STYLE ('',( #234 ) ) ;
#2679 = FACE_OUTER_BOUND ( 'NONE', #7585, .T. ) ;
#2680 = MECHANICAL_DESIGN_GEOMETRIC_PRESENTATION_REPRESENTATION (  '', ( #5948 ), #652 ) ;
#2681 = CARTESIAN_POINT ( 'NONE',  ( 0.4573372968878963163, 1.135734452100672698, 7.701000000000000512 ) ) ;
#2682 = CARTESIAN_POINT ( 'NONE',  ( 1.568996007524917191, -0.9732897304225965884, 7.700000000000000178 ) ) ;
#2683 = CARTESIAN_POINT ( 'NONE',  ( 1.513535354417957501, -0.3405321625305861022, 7.701000000000000512 ) ) ;
#2684 = CARTESIAN_POINT ( 'NONE',  ( 1.804945612640167507, -0.4707952349948503201, 7.701000000000002288 ) ) ;
#2685 = EDGE_LOOP ( 'NONE', ( #9008, #7898, #3656, #8080 ) ) ;
#2686 = CARTESIAN_POINT ( 'NONE',  ( 0.5902092682244426403, -1.730448841249920378, 7.700000000000000178 ) ) ;
#2687 = MECHANICAL_DESIGN_GEOMETRIC_PRESENTATION_REPRESENTATION (  '', ( #817 ), #10047 ) ;
#2688 = UNCERTAINTY_MEASURE_WITH_UNIT (LENGTH_MEASURE( 1.000000000000000082E-05 ), #5741, 'distance_accuracy_value', 'NONE');
#2689 = ORIENTED_EDGE ( 'NONE', *, *, #8305, .T. ) ;
#2690 = CARTESIAN_POINT ( 'NONE',  ( -1.231495673264163315, 0.5590951339825360744, 7.700000000000001066 ) ) ;
#2691 = DIRECTION ( 'NONE',  ( 0.0000000000000000000, 0.0000000000000000000, 1.000000000000000000 ) ) ;
#2692 = APPLICATION_CONTEXT ( 'automotive_design' ) ;
#2693 = CARTESIAN_POINT ( 'NONE',  ( 0.9880645727848887949, -0.1071168712504043941, 7.701000000000001400 ) ) ;
#2694 = B_SPLINE_CURVE_WITH_KNOTS ( 'NONE', 3,
 ( #4882, #6449, #1558, #3093, #10366, #762, #3951, #6295, #6406, #8149, #2346, #7261, #3001, #3047, #3848, #9656, #9544, #1504, #5635 ),
 .UNSPECIFIED., .F., .F.,
 ( 4, 1, 1, 1, 1, 1, 1, 1, 1, 1, 1, 1, 1, 1, 1, 1, 4 ),
 ( 0.0000000000000000000, 0.09750503943926998318, 0.1886386804051314869, 0.2739400765705257146, 0.3531651522520403153, 0.4268825744736234884, 0.4949589937545025298, 0.5581875241023237511, 0.6163452844446742906, 0.6705734895847256238, 0.7212256537136769730, 0.7689088729427252522, 0.8147687689174850645, 0.8597860144707447638, 0.9048499509083575143, 0.9511583150780513751, 1.000000000000000000 ),
 .UNSPECIFIED. ) ;
#2695 = ORIENTED_EDGE ( 'NONE', *, *, #581, .T. ) ;
#2696 =( NAMED_UNIT ( * ) SI_UNIT ( $, .STERADIAN. ) SOLID_ANGLE_UNIT ( ) );
#2697 = CARTESIAN_POINT ( 'NONE',  ( -0.3050981715959366070, -1.406110216290262560, 7.701000000000000512 ) ) ;
#2698 = CARTESIAN_POINT ( 'NONE',  ( -1.136530218326099462, 0.7630197865884789099, 7.700000000000000178 ) ) ;
#2699 = CARTESIAN_POINT ( 'NONE',  ( 1.677484788994017872, 0.1235885858669402981, 7.699999999999999289 ) ) ;
#2700 = STYLED_ITEM ( 'NONE', ( #1247 ), #8094 ) ;
#2701 = EDGE_CURVE ( 'NONE', #6165, #446, #1931, .T. ) ;
#2702 = VERTEX_POINT ( 'NONE', #1139 ) ;
#2703 = CARTESIAN_POINT ( 'NONE',  ( 1.117116516623060996, -1.282935229560041579, 7.699999999999999289 ) ) ;
#2704 = AXIS2_PLACEMENT_3D ( 'NONE', #6101, #305, #3553 ) ;
#2705 =( GEOMETRIC_REPRESENTATION_CONTEXT ( 3 ) GLOBAL_UNCERTAINTY_ASSIGNED_CONTEXT ( ( #7323 ) ) GLOBAL_UNIT_ASSIGNED_CONTEXT ( ( #8596, #451, #7998 ) ) REPRESENTATION_CONTEXT ( 'NONE', 'WORKASPACE' ) );
#2706 = DIRECTION ( 'NONE',  ( 0.0000000000000000000, 0.0000000000000000000, 1.000000000000000000 ) ) ;
#2707 = SURFACE_SIDE_STYLE ('',( #6597 ) ) ;
#2708 = CARTESIAN_POINT ( 'NONE',  ( 1.904212376553841901, -0.4376051757389551877, 7.701000000000000512 ) ) ;
#2709 = SURFACE_STYLE_FILL_AREA ( #1950 ) ;
#2710 = COLOUR_RGB ( '',0.0000000000000000000, 0.0000000000000000000, 0.0000000000000000000 ) ;
#2711 = EDGE_CURVE ( 'NONE', #6805, #10351, #4399, .T. ) ;
#2712 = FILL_AREA_STYLE_COLOUR ( '', #1277 ) ;
#2713 = ORIENTED_EDGE ( 'NONE', *, *, #2916, .F. ) ;
#2714 = ORIENTED_EDGE ( 'NONE', *, *, #3767, .F. ) ;
#2715 = CARTESIAN_POINT ( 'NONE',  ( 1.445391071436134212, -1.746685097565420230, 7.701000000000001400 ) ) ;
#2716 = VECTOR ( 'NONE', #9201, 1000.000000000000000 ) ;
#2717 = CARTESIAN_POINT ( 'NONE',  ( 1.568996007524917191, -1.129149383645531080, 7.700000000000000178 ) ) ;
#2718 = CARTESIAN_POINT ( 'NONE',  ( 1.547733973726830303, -0.9736561008405421047, 7.701000000000000512 ) ) ;
#2719 = CARTESIAN_POINT ( 'NONE',  ( 2.036275893929965441, -1.371973140031788052, 7.699999999999999289 ) ) ;
#2720 = CARTESIAN_POINT ( 'NONE',  ( 0.4500000000000000111, 1.100000000000000089, 1.972792206135785653 ) ) ;
#2721 = CARTESIAN_POINT ( 'NONE',  ( 1.887983158113436311, -0.2967942051096081890, 7.700000000000001066 ) ) ;
#2722 = DIRECTION ( 'NONE',  ( -0.0000000000000000000, -0.0000000000000000000, -1.000000000000000000 ) ) ;
#2723 =( GEOMETRIC_REPRESENTATION_CONTEXT ( 3 ) GLOBAL_UNCERTAINTY_ASSIGNED_CONTEXT ( ( #8513 ) ) GLOBAL_UNIT_ASSIGNED_CONTEXT ( ( #7244, #1536, #5519 ) ) REPRESENTATION_CONTEXT ( 'NONE', 'WORKASPACE' ) );
#2724 = CARTESIAN_POINT ( 'NONE',  ( 1.009552729232102708, -0.2296740569130875098, 7.700000000000000178 ) ) ;
#2725 = EDGE_CURVE ( 'NONE', #8808, #1020, #2524, .T. ) ;
#2726 = ORIENTED_EDGE ( 'NONE', *, *, #10200, .T. ) ;
#2727 = CARTESIAN_POINT ( 'NONE',  ( 0.5001101554738259791, 0.9996995968238465702, 7.700999999999997847 ) ) ;
#2728 = EDGE_CURVE ( 'NONE', #2677, #1910, #133, .T. ) ;
#2729 = MANIFOLD_SOLID_BREP ( 'Extrude6[5]', #9899 ) ;
#2730 =( GEOMETRIC_REPRESENTATION_CONTEXT ( 3 ) GLOBAL_UNCERTAINTY_ASSIGNED_CONTEXT ( ( #10199 ) ) GLOBAL_UNIT_ASSIGNED_CONTEXT ( ( #7024, #6534, #2273 ) ) REPRESENTATION_CONTEXT ( 'NONE', 'WORKASPACE' ) );
#2731 = CARTESIAN_POINT ( 'NONE',  ( -0.1831664430184660186, -0.2415110787477090515, 7.701000000000002288 ) ) ;
#2732 = ORIENTED_EDGE ( 'NONE', *, *, #508, .T. ) ;
#2733 = STYLED_ITEM ( 'NONE', ( #591 ), #752 ) ;
#2734 = CARTESIAN_POINT ( 'NONE',  ( -2.073461490767437354, -1.285009036868465460, 7.701000000000000512 ) ) ;
#2735 = PRESENTATION_STYLE_ASSIGNMENT (( #870 ) ) ;
#2736 = PRESENTATION_LAYER_ASSIGNMENT (  '', '', ( #4073 ) ) ;
#2737 = DIRECTION ( 'NONE',  ( 0.0000000000000000000, 1.000000000000000000, 0.0000000000000000000 ) ) ;
#2738 = VERTEX_POINT ( 'NONE', #10250 ) ;
#2739 = CARTESIAN_POINT ( 'NONE',  ( -1.077104262341315621, 0.6061527886515043484, 7.701000000000001400 ) ) ;
#2740 = CARTESIAN_POINT ( 'NONE',  ( 2.140828924186927384, -1.446523977661236415, 7.700999999999999623 ) ) ;
#2741 = SURFACE_STYLE_USAGE ( .BOTH. , #10085 ) ;
#2742 = PLANE ( 'NONE',  #2387 ) ;
#2743 = CARTESIAN_POINT ( 'NONE',  ( -0.3050981715959366070, -1.406110216290262560, 7.700000000000000178 ) ) ;
#2744 = COLOUR_RGB ( '',0.0000000000000000000, 0.0000000000000000000, 0.0000000000000000000 ) ;
#2745 = MANIFOLD_SOLID_BREP ( 'Extrude6[7]', #5120 ) ;
#2746 = ORIENTED_EDGE ( 'NONE', *, *, #3503, .T. ) ;
#2747 =( LENGTH_UNIT ( ) NAMED_UNIT ( * ) SI_UNIT ( .MILLI., .METRE. ) );
#2748 = DIRECTION ( 'NONE',  ( 0.9358351905393215153, 0.3524379323345199766, 0.0000000000000000000 ) ) ;
#2749 =( GEOMETRIC_REPRESENTATION_CONTEXT ( 3 ) GLOBAL_UNCERTAINTY_ASSIGNED_CONTEXT ( ( #10420 ) ) GLOBAL_UNIT_ASSIGNED_CONTEXT ( ( #9792, #8137, #2384 ) ) REPRESENTATION_CONTEXT ( 'NONE', 'WORKASPACE' ) );
#2750 = ORIENTED_EDGE ( 'NONE', *, *, #6737, .F. ) ;
#2751 = CARTESIAN_POINT ( 'NONE',  ( -3.199999999999999289, 3.299999999999999822, 0.6999999999999999556 ) ) ;
#2752 = CARTESIAN_POINT ( 'NONE',  ( 0.9971591472945747769, -0.1907045732427806728, 7.701000000000001400 ) ) ;
#2753 = ORIENTED_EDGE ( 'NONE', *, *, #521, .T. ) ;
#2754 = CARTESIAN_POINT ( 'NONE',  ( 1.016402691552694915, 0.9697632892271136340, 7.700000000000000178 ) ) ;
#2755 = CARTESIAN_POINT ( 'NONE',  ( 1.147736760421516955, -0.3910041130669524856, 7.701000000000002288 ) ) ;
#2756 = CIRCLE ( 'NONE', #9083, 0.1000000000000006994 ) ;
#2757 = COLOUR_RGB ( '',0.0000000000000000000, 0.0000000000000000000, 0.0000000000000000000 ) ;
#2758 = PLANE ( 'NONE',  #2190 ) ;
#2759 = AXIS2_PLACEMENT_3D ( 'NONE', #3508, #6803, #10048 ) ;
#2760 = FILL_AREA_STYLE_COLOUR ( '', #10267 ) ;
#2761 = ORIENTED_EDGE ( 'NONE', *, *, #6990, .T. ) ;
#2762 = CARTESIAN_POINT ( 'NONE',  ( 0.4000000000000000222, 3.649999999999999911, 0.2999999999999999889 ) ) ;
#2763 =( GEOMETRIC_REPRESENTATION_CONTEXT ( 3 ) GLOBAL_UNCERTAINTY_ASSIGNED_CONTEXT ( ( #6876 ) ) GLOBAL_UNIT_ASSIGNED_CONTEXT ( ( #10544, #9723, #9676 ) ) REPRESENTATION_CONTEXT ( 'NONE', 'WORKASPACE' ) );
#2764 = MECHANICAL_DESIGN_GEOMETRIC_PRESENTATION_REPRESENTATION (  '', ( #2578 ), #6714 ) ;
#2765 = LINE ( 'NONE', #6048, #7709 ) ;
#2766 = FILL_AREA_STYLE ('',( #6848 ) ) ;
#2767 = CARTESIAN_POINT ( 'NONE',  ( 0.3130270440268375642, 0.5730296264778258486, 7.701000000000000512 ) ) ;
#2768 = CARTESIAN_POINT ( 'NONE',  ( -1.517957746092407634, 0.7100301249937911452, 7.700999999999999623 ) ) ;
#2769 = DIRECTION ( 'NONE',  ( -2.282530889443168008E-16, -1.000000000000000000, 0.0000000000000000000 ) ) ;
#2770 = MECHANICAL_DESIGN_GEOMETRIC_PRESENTATION_REPRESENTATION (  '', ( #4481 ), #4299 ) ;
#2771 = EDGE_LOOP ( 'NONE', ( #3138, #4716, #7321, #7314 ) ) ;
#2772 = VERTEX_POINT ( 'NONE', #1978 ) ;
#2773 = DIRECTION ( 'NONE',  ( -1.000000000000000000, 0.0000000000000000000, 0.0000000000000000000 ) ) ;
#2774 = EDGE_CURVE ( 'NONE', #10095, #1225, #8770, .T. ) ;
#2775 = DIRECTION ( 'NONE',  ( -0.0000000000000000000, -1.000000000000000000, -0.0000000000000000000 ) ) ;
#2776 = CARTESIAN_POINT ( 'NONE',  ( -0.4000000000000000222, -3.649999999999999911, 0.2999999999999999889 ) ) ;
#2777 = CARTESIAN_POINT ( 'NONE',  ( 1.299999999999998712, 3.300000000000000711, 1.599999999999999867 ) ) ;
#2778 = PLANE ( 'NONE',  #3033 ) ;
#2779 = PRESENTATION_LAYER_ASSIGNMENT (  '', '', ( #2254 ) ) ;
#2780 = DIRECTION ( 'NONE',  ( -1.000000000000000000, 0.0000000000000000000, 0.0000000000000000000 ) ) ;
#2781 = CARTESIAN_POINT ( 'NONE',  ( 1.568996007524917191, -1.596728343314334442, 7.700000000000000178 ) ) ;
#2782 = CARTESIAN_POINT ( 'NONE',  ( -1.081627333894218168, -1.440868690091399840, 7.701000000000000512 ) ) ;
#2783 = VERTEX_POINT ( 'NONE', #2842 ) ;
#2784 = CARTESIAN_POINT ( 'NONE',  ( 1.587893215162513583, -0.3407788531487275230, 7.701000000000000512 ) ) ;
#2785 = CARTESIAN_POINT ( 'NONE',  ( -0.02706579261194554109, -0.1742552557156597237, 7.700000000000001954 ) ) ;
#2786 = SURFACE_STYLE_FILL_AREA ( #1802 ) ;
#2787 = ORIENTED_EDGE ( 'NONE', *, *, #6853, .F. ) ;
#2788 = UNCERTAINTY_MEASURE_WITH_UNIT (LENGTH_MEASURE( 1.000000000000000082E-05 ), #9045, 'distance_accuracy_value', 'NONE');
#2789 = EDGE_CURVE ( 'NONE', #5310, #6108, #2088, .T. ) ;
#2790 = EDGE_CURVE ( 'NONE', #5715, #4389, #1407, .T. ) ;
#2791 = PRESENTATION_STYLE_ASSIGNMENT (( #6072 ) ) ;
#2792 = CARTESIAN_POINT ( 'NONE',  ( -0.2012655332982714596, -0.3975825886204186199, 7.700000000000000178 ) ) ;
#2793 = DIRECTION ( 'NONE',  ( -0.0000000000000000000, -0.0000000000000000000, -1.000000000000000000 ) ) ;
#2794 = CARTESIAN_POINT ( 'NONE',  ( 0.08876798670258598256, 0.8211837447775678367, 7.699999999999994849 ) ) ;
#2795 = ADVANCED_FACE ( 'NONE', ( #3593 ), #2326, .T. ) ;
#2796 = MECHANICAL_DESIGN_GEOMETRIC_PRESENTATION_REPRESENTATION (  '', ( #1427 ), #6601 ) ;
#2797 = ORIENTED_EDGE ( 'NONE', *, *, #3096, .F. ) ;
#2798 = VECTOR ( 'NONE', #3203, 1000.000000000000000 ) ;
#2799 = FILL_AREA_STYLE_COLOUR ( '', #5819 ) ;
#2800 = CARTESIAN_POINT ( 'NONE',  ( 1.904212376553841901, -0.4376051757389551877, 7.701000000000000512 ) ) ;
#2801 = EDGE_CURVE ( 'NONE', #7494, #1051, #3102, .T. ) ;
#2802 = ORIENTED_EDGE ( 'NONE', *, *, #6339, .T. ) ;
#2803 = DIRECTION ( 'NONE',  ( 0.0000000000000000000, -0.0000000000000000000, -1.000000000000000000 ) ) ;
#2804 = CARTESIAN_POINT ( 'NONE',  ( 0.4983176595261104569, 0.8714472999924398611, 7.701000000000001400 ) ) ;
#2805 = CARTESIAN_POINT ( 'NONE',  ( -0.3999999999999996891, 1.300000000000000044, 0.2999999999999999889 ) ) ;
#2806 = ORIENTED_EDGE ( 'NONE', *, *, #6606, .F. ) ;
#2807 =( GEOMETRIC_REPRESENTATION_CONTEXT ( 3 ) GLOBAL_UNCERTAINTY_ASSIGNED_CONTEXT ( ( #10092 ) ) GLOBAL_UNIT_ASSIGNED_CONTEXT ( ( #1959, #6006, #6968 ) ) REPRESENTATION_CONTEXT ( 'NONE', 'WORKASPACE' ) );
#2808 =( NAMED_UNIT ( * ) SI_UNIT ( $, .STERADIAN. ) SOLID_ANGLE_UNIT ( ) );
#2809 = CARTESIAN_POINT ( 'NONE',  ( 1.101716121119868719, -1.371973140031787608, 7.700999999999999623 ) ) ;
#2810 = CARTESIAN_POINT ( 'NONE',  ( -1.486220170602159829, 0.6685689889898128735, 7.700000000000002842 ) ) ;
#2811 = EDGE_LOOP ( 'NONE', ( #3937, #7839, #4016, #625 ) ) ;
#2812 = UNCERTAINTY_MEASURE_WITH_UNIT (LENGTH_MEASURE( 1.000000000000000082E-05 ), #3972, 'distance_accuracy_value', 'NONE');
#2813 = AXIS2_PLACEMENT_3D ( 'NONE', #1382, #7947, #605 ) ;
#2814 = VECTOR ( 'NONE', #1635, 1000.000000000000000 ) ;
#2815 = SURFACE_STYLE_USAGE ( .BOTH. , #3504 ) ;
#2816 =( NAMED_UNIT ( * ) PLANE_ANGLE_UNIT ( ) SI_UNIT ( $, .RADIAN. ) );
#2817 = CARTESIAN_POINT ( 'NONE',  ( -1.087557420516656936, 0.8826569446640762928, 7.700999999999999623 ) ) ;
#2818 = FACE_OUTER_BOUND ( 'NONE', #801, .T. ) ;
#2819 = CARTESIAN_POINT ( 'NONE',  ( -1.081627333894218168, 1.068946704914435442, 7.700000000000000178 ) ) ;
#2820 = CARTESIAN_POINT ( 'NONE',  ( 1.750209852977628655, 0.2682543131396331604, 7.700000000000000178 ) ) ;
#2821 = SURFACE_SIDE_STYLE ('',( #5891 ) ) ;
#2822 = VERTEX_POINT ( 'NONE', #667 ) ;
#2823 = ORIENTED_EDGE ( 'NONE', *, *, #8578, .T. ) ;
#2824 =( NAMED_UNIT ( * ) SI_UNIT ( $, .STERADIAN. ) SOLID_ANGLE_UNIT ( ) );
#2825 = CARTESIAN_POINT ( 'NONE',  ( -0.4299630074165829985, -0.009925979538943811159, 7.701000000000000512 ) ) ;
#2826 =( LENGTH_UNIT ( ) NAMED_UNIT ( * ) SI_UNIT ( .MILLI., .METRE. ) );
#2827 = CARTESIAN_POINT ( 'NONE',  ( 0.1642337129972416543, 0.004749331860284999353, 7.700000000000002842 ) ) ;
#2828 = ORIENTED_EDGE ( 'NONE', *, *, #7852, .F. ) ;
#2829 = CARTESIAN_POINT ( 'NONE',  ( 1.919198240087740315, -0.2830516174000023422, 7.701000000000002288 ) ) ;
#2830 = MANIFOLD_SOLID_BREP ( 'Extrude6[1]', #6667 ) ;
#2831 = ORIENTED_EDGE ( 'NONE', *, *, #1542, .T. ) ;
#2832 = CARTESIAN_POINT ( 'NONE',  ( 1.991205896491950345, -0.2309704691727770265, 7.699999999999999289 ) ) ;
#2833 = CARTESIAN_POINT ( 'NONE',  ( -1.432994876586902055, 0.7916850777234912817, 7.699999999999999289 ) ) ;
#2834 = CARTESIAN_POINT ( 'NONE',  ( 0.1989865376443974432, 0.7514525804896976524, 7.700999999999999623 ) ) ;
#2835 = ORIENTED_EDGE ( 'NONE', *, *, #2061, .F. ) ;
#2836 = CARTESIAN_POINT ( 'NONE',  ( -1.037834477112823173, 0.6436450942646022577, 7.701000000000000512 ) ) ;
#2837 = CARTESIAN_POINT ( 'NONE',  ( 2.008236848425914101, 0.9697632892271136340, 7.700000000000000178 ) ) ;
#2838 = SURFACE_SIDE_STYLE ('',( #5318 ) ) ;
#2839 = CARTESIAN_POINT ( 'NONE',  ( 1.631953925736187472, -1.751512463832283206, 7.700999999999999623 ) ) ;
#2840 = EDGE_CURVE ( 'NONE', #3359, #2197, #8061, .T. ) ;
#2841 = CARTESIAN_POINT ( 'NONE',  ( -0.2018641910286937957, -0.2415795801979283841, 7.701000000000001400 ) ) ;
#2842 = CARTESIAN_POINT ( 'NONE',  ( 2.008236848425914101, 1.153961061217854356, 7.700000000000000178 ) ) ;
#2843 = CARTESIAN_POINT ( 'NONE',  ( 0.0000000000000000000, 1.100000000000000089, 1.972792206135785653 ) ) ;
#2844 = ORIENTED_EDGE ( 'NONE', *, *, #5560, .F. ) ;
#2845 = CARTESIAN_POINT ( 'NONE',  ( -1.151215160330809617, 0.5701544048096052197, 7.701000000000002288 ) ) ;
#2846 = CARTESIAN_POINT ( 'NONE',  ( 0.4851884372510872345, 0.8326623530185807143, 7.701000000000001400 ) ) ;
#2847 = DIRECTION ( 'NONE',  ( 0.0000000000000000000, 1.000000000000000000, 0.0000000000000000000 ) ) ;
#2848 = FILL_AREA_STYLE_COLOUR ( '', #531 ) ;
#2849 = EDGE_CURVE ( 'NONE', #1927, #6397, #6454, .T. ) ;
#2850 = ADVANCED_FACE ( 'NONE', ( #4112 ), #2621, .T. ) ;
#2851 =( LENGTH_UNIT ( ) NAMED_UNIT ( * ) SI_UNIT ( .MILLI., .METRE. ) );
#2852 =( NAMED_UNIT ( * ) PLANE_ANGLE_UNIT ( ) SI_UNIT ( $, .RADIAN. ) );
#2853 = PRESENTATION_LAYER_ASSIGNMENT (  '', '', ( #8008 ) ) ;
#2854 = ORIENTED_EDGE ( 'NONE', *, *, #8775, .T. ) ;
#2855 = FILL_AREA_STYLE ('',( #5990 ) ) ;
#2856 = FILL_AREA_STYLE_COLOUR ( '', #1714 ) ;
#2857 = CARTESIAN_POINT ( 'NONE',  ( 0.4000000000000003553, -1.297519430014755670, 0.2999999999999999889 ) ) ;
#2858 = VECTOR ( 'NONE', #2985, 1000.000000000000000 ) ;
#2859 = COLOUR_RGB ( '',0.0000000000000000000, 0.0000000000000000000, 0.0000000000000000000 ) ;
#2860 = STYLED_ITEM ( 'NONE', ( #9706 ), #8223 ) ;
#2861 = LINE ( 'NONE', #2819, #1683 ) ;
#2862 = CARTESIAN_POINT ( 'NONE',  ( 0.5902092682244426403, 0.1833488461196098873, 7.701000000000000512 ) ) ;
#2863 = CARTESIAN_POINT ( 'NONE',  ( 1.587890945854977698, 0.1265088726008923581, 7.701000000000004064 ) ) ;
#2864 = ORIENTED_EDGE ( 'NONE', *, *, #1022, .F. ) ;
#2865 = COLOUR_RGB ( '',0.0000000000000000000, 0.0000000000000000000, 0.0000000000000000000 ) ;
#2866 = ORIENTED_EDGE ( 'NONE', *, *, #3896, .T. ) ;
#2867 = FILL_AREA_STYLE ('',( #8631 ) ) ;
#2868 = PRESENTATION_STYLE_ASSIGNMENT (( #6965 ) ) ;
#2869 = CARTESIAN_POINT ( 'NONE',  ( -1.555848040149226286, 0.7833516017076379567, 7.701000000000000512 ) ) ;
#2870 = DIRECTION ( 'NONE',  ( -1.000000000000000000, 0.0000000000000000000, 0.0000000000000000000 ) ) ;
#2871 = CARTESIAN_POINT ( 'NONE',  ( 0.0000000000000000000, 1.100000000000000089, 0.2999999999999999889 ) ) ;
#2872 = CARTESIAN_POINT ( 'NONE',  ( -0.1600384243524445305, -0.3967638176302421549, 7.700000000000000178 ) ) ;
#2873 = PLANE ( 'NONE',  #2938 ) ;
#2874 = SURFACE_SIDE_STYLE ('',( #7944 ) ) ;
#2875 = VERTEX_POINT ( 'NONE', #3409 ) ;
#2876 = CARTESIAN_POINT ( 'NONE',  ( 0.3999999999999996891, 1.300000000000000044, 0.6999999999999999556 ) ) ;
#2877 = STYLED_ITEM ( 'NONE', ( #5292 ), #1086 ) ;
#2878 = STYLED_ITEM ( 'NONE', ( #6595 ), #9154 ) ;
#2879 = PRESENTATION_LAYER_ASSIGNMENT (  '', '', ( #3560 ) ) ;
#2880 = AXIS2_PLACEMENT_3D ( 'NONE', #8823, #7224, #7272 ) ;
#2881 = ORIENTED_EDGE ( 'NONE', *, *, #10600, .F. ) ;
#2882 = UNCERTAINTY_MEASURE_WITH_UNIT (LENGTH_MEASURE( 1.000000000000000082E-05 ), #1797, 'distance_accuracy_value', 'NONE');
#2883 = COLOUR_RGB ( '',0.0000000000000000000, 0.0000000000000000000, 0.0000000000000000000 ) ;
#2884 = FACE_OUTER_BOUND ( 'NONE', #1933, .T. ) ;
#2885 = CARTESIAN_POINT ( 'NONE',  ( 1.587893215162513583, -0.3407788531487275230, 7.700000000000000178 ) ) ;
#2886 = MECHANICAL_DESIGN_GEOMETRIC_PRESENTATION_REPRESENTATION (  '', ( #8042 ), #1013 ) ;
#2887 = CARTESIAN_POINT ( 'NONE',  ( -1.492133390467293985, 0.9819547889967927823, 7.701000000000002288 ) ) ;
#2888 = PLANE ( 'NONE',  #7064 ) ;
#2889 = STYLED_ITEM ( 'NONE', ( #7349 ), #7133 ) ;
#2890 = ORIENTED_EDGE ( 'NONE', *, *, #901, .T. ) ;
#2891 = CARTESIAN_POINT ( 'NONE',  ( -0.9682748588229931341, 0.1868911109655856662, 7.701000000000000512 ) ) ;
#2892 = LINE ( 'NONE', #3640, #6201 ) ;
#2893 = CARTESIAN_POINT ( 'NONE',  ( 0.4201805556176050893, 1.210637298753467039, 7.701000000000000512 ) ) ;
#2894 = CARTESIAN_POINT ( 'NONE',  ( 1.692823240631756487, -1.746689781151781418, 7.701000000000003176 ) ) ;
#2895 = CARTESIAN_POINT ( 'NONE',  ( 0.5000000000000000000, 3.299999999999999822, 0.2999999999999999889 ) ) ;
#2896 = CARTESIAN_POINT ( 'NONE',  ( -0.2194197205098654402, -0.2413003074717775531, 7.699999999999999289 ) ) ;
#2897 = VECTOR ( 'NONE', #7820, 1000.000000000000000 ) ;
#2898 = PRESENTATION_STYLE_ASSIGNMENT (( #9438 ) ) ;
#2899 = PRESENTATION_LAYER_ASSIGNMENT (  '', '', ( #1363 ) ) ;
#2900 = UNCERTAINTY_MEASURE_WITH_UNIT (LENGTH_MEASURE( 1.000000000000000082E-05 ), #3213, 'distance_accuracy_value', 'NONE');
#2901 = AXIS2_PLACEMENT_3D ( 'NONE', #34, #8837, #8076 ) ;
#2902 = DIRECTION ( 'NONE',  ( -0.0000000000000000000, -0.0000000000000000000, -1.000000000000000000 ) ) ;
#2903 = EDGE_CURVE ( 'NONE', #59, #2783, #3301, .T. ) ;
#2904 = CARTESIAN_POINT ( 'NONE',  ( 0.02597999591285132109, 0.7108287933837288408, 7.699999999999997513 ) ) ;
#2905 = ORIENTED_EDGE ( 'NONE', *, *, #7532, .T. ) ;
#2906 = PRESENTATION_STYLE_ASSIGNMENT (( #10255 ) ) ;
#2907 =( NAMED_UNIT ( * ) SI_UNIT ( $, .STERADIAN. ) SOLID_ANGLE_UNIT ( ) );
#2908 = FILL_AREA_STYLE ('',( #5499 ) ) ;
#2909 = CARTESIAN_POINT ( 'NONE',  ( 1.101716121119868719, -1.371973140031787608, 7.699999999999999289 ) ) ;
#2910 = FILL_AREA_STYLE_COLOUR ( '', #677 ) ;
#2911 = CARTESIAN_POINT ( 'NONE',  ( -1.552138742880287969, 0.7746566300576390729, 7.700999999999999623 ) ) ;
#2912 = VERTEX_POINT ( 'NONE', #5048 ) ;
#2913 =( NAMED_UNIT ( * ) SI_UNIT ( $, .STERADIAN. ) SOLID_ANGLE_UNIT ( ) );
#2914 = UNCERTAINTY_MEASURE_WITH_UNIT (LENGTH_MEASURE( 1.000000000000000082E-05 ), #9767, 'distance_accuracy_value', 'NONE');
#2915 = COLOUR_RGB ( '',0.0000000000000000000, 0.0000000000000000000, 0.0000000000000000000 ) ;
#2916 = EDGE_CURVE ( 'NONE', #9983, #6756, #6772, .T. ) ;
#2917 = EDGE_CURVE ( 'NONE', #4033, #9645, #339, .T. ) ;
#2918 = CARTESIAN_POINT ( 'NONE',  ( 1.513545869038880110, -1.129629892381771583, 7.699999999999999289 ) ) ;
#2919 = CIRCLE ( 'NONE', #1887, 3.150000000000000799 ) ;
#2920 =( LENGTH_UNIT ( ) NAMED_UNIT ( * ) SI_UNIT ( .MILLI., .METRE. ) );
#2921 = CARTESIAN_POINT ( 'NONE',  ( -0.5000000000000002220, -3.299999999999999822, 0.2999999999999999889 ) ) ;
#2922 = EDGE_CURVE ( 'NONE', #2109, #10105, #4141, .T. ) ;
#2923 = CARTESIAN_POINT ( 'NONE',  ( 0.4500000000000000111, -1.100000000000000089, 1.972792206135785653 ) ) ;
#2924 = SURFACE_SIDE_STYLE ('',( #428 ) ) ;
#2925 = DIRECTION ( 'NONE',  ( -0.0000000000000000000, -0.0000000000000000000, -1.000000000000000000 ) ) ;
#2926 = ORIENTED_EDGE ( 'NONE', *, *, #4064, .T. ) ;
#2927 = AXIS2_PLACEMENT_3D ( 'NONE', #1055, #1741, #5028 ) ;
#2928 = ORIENTED_EDGE ( 'NONE', *, *, #2652, .T. ) ;
#2929 =( LENGTH_UNIT ( ) NAMED_UNIT ( * ) SI_UNIT ( .MILLI., .METRE. ) );
#2930 = CARTESIAN_POINT ( 'NONE',  ( 1.726842327191958626, -1.589125169373661217, 7.701000000000003176 ) ) ;
#2931 = FILL_AREA_STYLE_COLOUR ( '', #8178 ) ;
#2932 = CARTESIAN_POINT ( 'NONE',  ( -1.300000000000000044, -3.299999999999999822, 1.000000000000000000 ) ) ;
#2933 = CARTESIAN_POINT ( 'NONE',  ( 1.568996007524917191, -1.129149383645531080, 7.701000000000000512 ) ) ;
#2934 = CARTESIAN_POINT ( 'NONE',  ( 0.1521028560131126584, -0.09055910310314017886, 7.701000000000003176 ) ) ;
#2935 = PRESENTATION_STYLE_ASSIGNMENT (( #3985 ) ) ;
#2936 = CARTESIAN_POINT ( 'NONE',  ( -1.492530056027409069, 1.068946704914435442, 7.700000000000000178 ) ) ;
#2937 = EDGE_LOOP ( 'NONE', ( #351, #5218, #910, #289 ) ) ;
#2938 = AXIS2_PLACEMENT_3D ( 'NONE', #8639, #7628, #4439 ) ;
#2939 = SURFACE_SIDE_STYLE ('',( #4020 ) ) ;
#2940 = AXIS2_PLACEMENT_3D ( 'NONE', #7115, #7271, #10484 ) ;
#2941 = CARTESIAN_POINT ( 'NONE',  ( 2.029902655259846256, -1.307874833825071414, 7.700999999999997847 ) ) ;
#2942 = VERTEX_POINT ( 'NONE', #2792 ) ;
#2943 = ORIENTED_EDGE ( 'NONE', *, *, #456, .F. ) ;
#2944 = SURFACE_STYLE_FILL_AREA ( #5366 ) ;
#2945 = DIRECTION ( 'NONE',  ( -0.0000000000000000000, -0.0000000000000000000, -1.000000000000000000 ) ) ;
#2946 =( LENGTH_UNIT ( ) NAMED_UNIT ( * ) SI_UNIT ( .MILLI., .METRE. ) );
#2947 = FILL_AREA_STYLE ('',( #5423 ) ) ;
#2948 = CARTESIAN_POINT ( 'NONE',  ( 1.189181081725741551, 0.2012215207107939663, 7.699999999999999289 ) ) ;
#2949 = VERTEX_POINT ( 'NONE', #10357 ) ;
#2950 = PLANE ( 'NONE',  #1576 ) ;
#2951 = PRESENTATION_STYLE_ASSIGNMENT (( #507 ) ) ;
#2952 = PRESENTATION_LAYER_ASSIGNMENT (  '', '', ( #911 ) ) ;
#2953 = DIRECTION ( 'NONE',  ( 0.7071067811865512365, 0.7071067811865439090, -0.0000000000000000000 ) ) ;
#2954 = CARTESIAN_POINT ( 'NONE',  ( 1.946913123741486285, 0.05388108045180007438, 7.699999999999999289 ) ) ;
#2955 = CARTESIAN_POINT ( 'NONE',  ( 1.677484788994017872, -1.132233406362588068, 7.699999999999998401 ) ) ;
#2956 = ORIENTED_EDGE ( 'NONE', *, *, #9077, .F. ) ;
#2957 = CARTESIAN_POINT ( 'NONE',  ( -0.05935354790636666877, 0.9775119935776857005, 7.701000000000000512 ) ) ;
#2958 = CARTESIAN_POINT ( 'NONE',  ( 0.3722296867594966363, 0.7361401001337765093, 7.701000000000000512 ) ) ;
#2959 = FACE_OUTER_BOUND ( 'NONE', #8092, .T. ) ;
#2960 = PRESENTATION_STYLE_ASSIGNMENT (( #5438 ) ) ;
#2961 = DIRECTION ( 'NONE',  ( -0.0000000000000000000, -0.0000000000000000000, -1.000000000000000000 ) ) ;
#2962 = CARTESIAN_POINT ( 'NONE',  ( -1.387337857758997650, 0.5918472058625363630, 7.700000000000000178 ) ) ;
#2963 = ORIENTED_EDGE ( 'NONE', *, *, #50, .F. ) ;
#2964 = SURFACE_STYLE_FILL_AREA ( #5336 ) ;
#2965 = FILL_AREA_STYLE_COLOUR ( '', #3218 ) ;
#2966 =( GEOMETRIC_REPRESENTATION_CONTEXT ( 3 ) GLOBAL_UNCERTAINTY_ASSIGNED_CONTEXT ( ( #5923 ) ) GLOBAL_UNIT_ASSIGNED_CONTEXT ( ( #8602, #1134, #7643 ) ) REPRESENTATION_CONTEXT ( 'NONE', 'WORKASPACE' ) );
#2967 = DIRECTION ( 'NONE',  ( -1.000000000000000000, 0.0000000000000000000, -1.221593242852756957E-16 ) ) ;
#2968 = CARTESIAN_POINT ( 'NONE',  ( 2.093251204729333459, 1.153961061217854356, 7.701000000000000512 ) ) ;
#2969 = FILL_AREA_STYLE ('',( #8878 ) ) ;
#2970 = DIRECTION ( 'NONE',  ( -1.000000000000000000, 0.0000000000000000000, 0.0000000000000000000 ) ) ;
#2971 = CARTESIAN_POINT ( 'NONE',  ( 1.855816306464176169, 0.2414749772568856589, 7.699999999999997513 ) ) ;
#2972 = CARTESIAN_POINT ( 'NONE',  ( -2.073461490767437354, -0.06283856067570704751, 7.701000000000000512 ) ) ;
#2973 = EDGE_CURVE ( 'NONE', #9504, #9257, #7634, .T. ) ;
#2974 = LINE ( 'NONE', #5956, #3741 ) ;
#2975 = EDGE_CURVE ( 'NONE', #10412, #1792, #1446, .T. ) ;
#2976 = TOROIDAL_SURFACE ( 'NONE', #939, 2.950000000000000622, 0.2000000000000000389 ) ;
#2977 = ORIENTED_EDGE ( 'NONE', *, *, #2438, .T. ) ;
#2978 = ADVANCED_FACE ( 'NONE', ( #8486 ), #1233, .T. ) ;
#2979 = LINE ( 'NONE', #39, #2814 ) ;
#2980 = CARTESIAN_POINT ( 'NONE',  ( 1.146707390166274543, -1.238629720337319995, 7.701000000000002288 ) ) ;
#2981 = FILL_AREA_STYLE ('',( #541 ) ) ;
#2982 = LINE ( 'NONE', #9740, #4065 ) ;
#2983 = PRESENTATION_STYLE_ASSIGNMENT (( #5407 ) ) ;
#2984 = CARTESIAN_POINT ( 'NONE',  ( 0.5902092682244426403, -0.3692444698526123337, 7.701000000000000512 ) ) ;
#2985 = DIRECTION ( 'NONE',  ( -0.0000000000000000000, -0.0000000000000000000, -1.000000000000000000 ) ) ;
#2986 = PLANE ( 'NONE',  #7907 ) ;
#2987 = PRESENTATION_LAYER_ASSIGNMENT (  '', '', ( #6604 ) ) ;
#2988 = CARTESIAN_POINT ( 'NONE',  ( 1.858578643762689664, -3.299999999999999822, 0.6999999999999999556 ) ) ;
#2989 = ORIENTED_EDGE ( 'NONE', *, *, #8699, .F. ) ;
#2990 = CARTESIAN_POINT ( 'NONE',  ( -0.08293457220496511240, -0.3815515112248016316, 7.700999999999999623 ) ) ;
#2991 = EDGE_CURVE ( 'NONE', #1968, #1844, #9825, .T. ) ;
#2992 = VERTEX_POINT ( 'NONE', #10407 ) ;
#2993 = UNCERTAINTY_MEASURE_WITH_UNIT (LENGTH_MEASURE( 1.000000000000000082E-05 ), #5130, 'distance_accuracy_value', 'NONE');
#2994 = ORIENTED_EDGE ( 'NONE', *, *, #9200, .F. ) ;
#2995 = DIRECTION ( 'NONE',  ( 0.9402068109987337108, -0.3406040994345067019, 0.0000000000000000000 ) ) ;
#2996 = CARTESIAN_POINT ( 'NONE',  ( -1.449820490163804099, 0.6330394874920726167, 7.699999999999999289 ) ) ;
#2997 = CARTESIAN_POINT ( 'NONE',  ( -1.469613906845592233, 0.8600611703979910150, 7.699999999999999289 ) ) ;
#2998 = DIRECTION ( 'NONE',  ( -0.0000000000000000000, 0.0000000000000000000, -1.000000000000000000 ) ) ;
#2999 = ORIENTED_EDGE ( 'NONE', *, *, #4431, .T. ) ;
#3000 = SURFACE_SIDE_STYLE ('',( #6245 ) ) ;
#3001 = CARTESIAN_POINT ( 'NONE',  ( 1.146707390166273877, 0.01719227189220857294, 7.700999999999997847 ) ) ;
#3002 = CARTESIAN_POINT ( 'NONE',  ( 0.4901021574219828758, 0.6255202159546073837, 7.699999999999997513 ) ) ;
#3003 = CARTESIAN_POINT ( 'NONE',  ( -0.2915008597588024664, -0.2266110134856840208, 7.700000000000002842 ) ) ;
#3004 = FACE_OUTER_BOUND ( 'NONE', #5652, .T. ) ;
#3005 = CARTESIAN_POINT ( 'NONE',  ( 0.1556800045683915668, 0.6086715898381814815, 7.700000000000002842 ) ) ;
#3006 = ORIENTED_EDGE ( 'NONE', *, *, #4680, .F. ) ;
#3007 = SURFACE_SIDE_STYLE ('',( #573 ) ) ;
#3008 = CARTESIAN_POINT ( 'NONE',  ( 1.016402691552694915, 0.9697632892271136340, 7.701000000000000512 ) ) ;
#3009 =( NAMED_UNIT ( * ) SI_UNIT ( $, .STERADIAN. ) SOLID_ANGLE_UNIT ( ) );
#3010 = CARTESIAN_POINT ( 'NONE',  ( 1.101417047856113829, -1.362496080374185681, 7.701000000000000512 ) ) ;
#3011 = LINE ( 'NONE', #8826, #8728 ) ;
#3012 = ORIENTED_EDGE ( 'NONE', *, *, #5807, .T. ) ;
#3013 = FILL_AREA_STYLE_COLOUR ( '', #9125 ) ;
#3014 = UNCERTAINTY_MEASURE_WITH_UNIT (LENGTH_MEASURE( 1.000000000000000082E-05 ), #1257, 'distance_accuracy_value', 'NONE');
#3015 = SURFACE_SIDE_STYLE ('',( #4743 ) ) ;
#3016 = DIRECTION ( 'NONE',  ( -0.9403531483904996602, 0.3401998770018514473, 0.0000000000000000000 ) ) ;
#3017 = CARTESIAN_POINT ( 'NONE',  ( -1.083911089138118067, 0.9093792086702054966, 7.701000000000000512 ) ) ;
#3018 = CARTESIAN_POINT ( 'NONE',  ( 0.2886294088147235426, 0.5733612519710301614, 7.700000000000000178 ) ) ;
#3019 = CARTESIAN_POINT ( 'NONE',  ( 0.9971684801081067695, -1.279577037141638396, 7.701000000000002288 ) ) ;
#3020 = ORIENTED_EDGE ( 'NONE', *, *, #2116, .F. ) ;
#3021 = CARTESIAN_POINT ( 'NONE',  ( 0.9884906633286030253, -1.377291376749998131, 7.701000000000000512 ) ) ;
#3022 = CARTESIAN_POINT ( 'NONE',  ( 1.568996007524917191, -1.596728343314334442, 7.701000000000001400 ) ) ;
#3023 = STYLED_ITEM ( 'NONE', ( #4983 ), #8434 ) ;
#3024 = MECHANICAL_DESIGN_GEOMETRIC_PRESENTATION_REPRESENTATION (  '', ( #3707 ), #3686 ) ;
#3025 = EDGE_CURVE ( 'NONE', #8951, #5451, #8754, .T. ) ;
#3026 = FACE_BOUND ( 'NONE', #3760, .T. ) ;
#3027 = LINE ( 'NONE', #7884, #4582 ) ;
#3028 = FILL_AREA_STYLE ('',( #601 ) ) ;
#3029 = CARTESIAN_POINT ( 'NONE',  ( -3.270710678118653458, -1.929289321881360930, 0.6999999999999999556 ) ) ;
#3030 = ORIENTED_EDGE ( 'NONE', *, *, #9925, .F. ) ;
#3031 = DIRECTION ( 'NONE',  ( -0.0000000000000000000, -0.0000000000000000000, -1.000000000000000000 ) ) ;
#3032 = CARTESIAN_POINT ( 'NONE',  ( 1.726825763377676237, -1.136850917609263378, 7.701000000000000512 ) ) ;
#3033 = AXIS2_PLACEMENT_3D ( 'NONE', #6061, #2070, #9363 ) ;
#3034 = ORIENTED_EDGE ( 'NONE', *, *, #1660, .T. ) ;
#3035 = ORIENTED_EDGE ( 'NONE', *, *, #6339, .F. ) ;
#3036 = CARTESIAN_POINT ( 'NONE',  ( -3.299999999999998934, -1.858578643762704985, 0.0000000000000000000 ) ) ;
#3037 = CARTESIAN_POINT ( 'NONE',  ( -1.300000000000000266, 3.299999999999999822, 0.6999999999999999556 ) ) ;
#3038 = EDGE_CURVE ( 'NONE', #6398, #6756, #7952, .T. ) ;
#3039 = EDGE_CURVE ( 'NONE', #7997, #114, #9070, .T. ) ;
#3040 = SURFACE_STYLE_FILL_AREA ( #2947 ) ;
#3041 = MECHANICAL_DESIGN_GEOMETRIC_PRESENTATION_REPRESENTATION (  '', ( #9897 ), #2529 ) ;
#3042 = VECTOR ( 'NONE', #746, 1000.000000000000000 ) ;
#3043 = CARTESIAN_POINT ( 'NONE',  ( -1.136530218326099462, 0.7630197865884789099, 7.699999999999999289 ) ) ;
#3044 = ORIENTED_EDGE ( 'NONE', *, *, #714, .T. ) ;
#3045 = EDGE_CURVE ( 'NONE', #9622, #8146, #768, .T. ) ;
#3046 = CARTESIAN_POINT ( 'NONE',  ( 1.919198240087738982, -1.538873609629530570, 7.700999999999999623 ) ) ;
#3047 = CARTESIAN_POINT ( 'NONE',  ( 1.130216985497992210, -0.004132289727723130815, 7.701000000000001400 ) ) ;
#3048 = CARTESIAN_POINT ( 'NONE',  ( 0.3242583198810982670, 0.5733348253452050791, 7.700000000000001066 ) ) ;
#3049 = CARTESIAN_POINT ( 'NONE',  ( 2.087959423594328623, -1.169491871304207509, 7.701000000000002288 ) ) ;
#3050 = COLOUR_RGB ( '',0.0000000000000000000, 0.0000000000000000000, 0.0000000000000000000 ) ;
#3051 = VECTOR ( 'NONE', #6154, 1000.000000000000000 ) ;
#3052 = AXIS2_PLACEMENT_3D ( 'NONE', #731, #6369, #4738 ) ;
#3053 = CARTESIAN_POINT ( 'NONE',  ( 1.948810933324093275, -1.054600471518734262, 7.700999999999999623 ) ) ;
#3054 = STYLED_ITEM ( 'NONE', ( #4534 ), #7463 ) ;
#3055 = SURFACE_SIDE_STYLE ('',( #10424 ) ) ;
#3056 = VERTEX_POINT ( 'NONE', #2686 ) ;
#3057 = PRESENTATION_STYLE_ASSIGNMENT (( #5596 ) ) ;
#3058 = CARTESIAN_POINT ( 'NONE',  ( 1.858578643762733629, -3.299999999999999822, 1.000000000000000000 ) ) ;
#3059 = STYLED_ITEM ( 'NONE', ( #3206 ), #1790 ) ;
#3060 = DIRECTION ( 'NONE',  ( 1.221593242852756957E-16, -0.0000000000000000000, -1.000000000000000000 ) ) ;
#3061 =( LENGTH_UNIT ( ) NAMED_UNIT ( * ) SI_UNIT ( .MILLI., .METRE. ) );
#3062 = PRESENTATION_LAYER_ASSIGNMENT (  '', '', ( #7711 ) ) ;
#3063 = ORIENTED_EDGE ( 'NONE', *, *, #1612, .F. ) ;
#3064 = CARTESIAN_POINT ( 'NONE',  ( -0.3999999999999996891, 1.300000000000000044, 0.2999999999999999889 ) ) ;
#3065 = CARTESIAN_POINT ( 'NONE',  ( 0.4377342464285753909, 0.5958069028450575511, 7.701000000000001400 ) ) ;
#3066 = CARTESIAN_POINT ( 'NONE',  ( 0.0000000000000000000, 1.100000000000000089, 0.2999999999999999889 ) ) ;
#3067 =( NAMED_UNIT ( * ) PLANE_ANGLE_UNIT ( ) SI_UNIT ( $, .RADIAN. ) );
#3068 = DIRECTION ( 'NONE',  ( -0.0000000000000000000, -0.0000000000000000000, -1.000000000000000000 ) ) ;
#3069 = DIRECTION ( 'NONE',  ( -0.0000000000000000000, 0.0000000000000000000, -1.000000000000000000 ) ) ;
#3070 = FILL_AREA_STYLE ('',( #8127 ) ) ;
#3071 = CARTESIAN_POINT ( 'NONE',  ( 2.007775029551842838, -0.004132289727723002445, 7.701000000000003176 ) ) ;
#3072 = CARTESIAN_POINT ( 'NONE',  ( 1.568996007524917191, 0.2825322618069318059, 7.701000000000000512 ) ) ;
#3073 = STYLED_ITEM ( 'NONE', ( #4759 ), #6362 ) ;
#3074 = ORIENTED_EDGE ( 'NONE', *, *, #1528, .T. ) ;
#3075 = CARTESIAN_POINT ( 'NONE',  ( 1.282125838424072795, -1.711835829564932077, 7.699999999999999289 ) ) ;
#3076 = DIRECTION ( 'NONE',  ( -0.0000000000000000000, -0.0000000000000000000, -1.000000000000000000 ) ) ;
#3077 = DIRECTION ( 'NONE',  ( -0.0000000000000000000, -0.0000000000000000000, -1.000000000000000000 ) ) ;
#3078 = PRESENTATION_STYLE_ASSIGNMENT (( #9641 ) ) ;
#3079 = CARTESIAN_POINT ( 'NONE',  ( 2.149927442264945476, -0.1071168712504043802, 7.700000000000000178 ) ) ;
#3080 = DIRECTION ( 'NONE',  ( -0.0000000000000000000, -0.0000000000000000000, -1.000000000000000000 ) ) ;
#3081 = CARTESIAN_POINT ( 'NONE',  ( 2.036279956837165894, -1.353018607922783501, 7.701000000000000512 ) ) ;
#3082 = PRESENTATION_LAYER_ASSIGNMENT (  '', '', ( #10293 ) ) ;
#3083 = ADVANCED_FACE ( 'NONE', ( #7548 ), #2416, .T. ) ;
#3084 = VERTEX_POINT ( 'NONE', #6200 ) ;
#3085 = VERTEX_POINT ( 'NONE', #4567 ) ;
#3086 = PRESENTATION_LAYER_ASSIGNMENT (  '', '', ( #7750 ) ) ;
#3087 = CARTESIAN_POINT ( 'NONE',  ( 0.0000000000000000000, 1.100000000000000089, 1.972792206135785653 ) ) ;
#3088 = CARTESIAN_POINT ( 'NONE',  ( 1.299999999999999156, 3.033150177620621335, 1.599999999999999867 ) ) ;
#3089 = CARTESIAN_POINT ( 'NONE',  ( 1.624456660631876659, -0.3405321625305861022, 7.701000000000000512 ) ) ;
#3090 = AXIS2_PLACEMENT_3D ( 'NONE', #6472, #1579, #2967 ) ;
#3091 = ORIENTED_EDGE ( 'NONE', *, *, #6021, .F. ) ;
#3092 = DIRECTION ( 'NONE',  ( 0.0000000000000000000, 0.0000000000000000000, -1.000000000000000000 ) ) ;
#3093 = CARTESIAN_POINT ( 'NONE',  ( 1.460507226055816732, 0.1235885858669403814, 7.701000000000004064 ) ) ;
#3094 = CARTESIAN_POINT ( 'NONE',  ( 0.4377342464285753909, 0.5958069028450575511, 7.700000000000001066 ) ) ;
#3095 = CARTESIAN_POINT ( 'NONE',  ( -0.5433154824878081435, 0.007785344690935144633, 7.701000000000000512 ) ) ;
#3096 = EDGE_CURVE ( 'NONE', #1656, #1597, #5320, .T. ) ;
#3097 = UNCERTAINTY_MEASURE_WITH_UNIT (LENGTH_MEASURE( 1.000000000000000082E-05 ), #7060, 'distance_accuracy_value', 'NONE');
#3098 = AXIS2_PLACEMENT_3D ( 'NONE', #4684, #2354, #7223 ) ;
#3099 = ADVANCED_FACE ( 'NONE', ( #347 ), #8468, .T. ) ;
#3100 = SURFACE_SIDE_STYLE ('',( #5593 ) ) ;
#3101 = EDGE_CURVE ( 'NONE', #7494, #2822, #8551, .T. ) ;
#3102 = LINE ( 'NONE', #9006, #2623 ) ;
#3103 = CARTESIAN_POINT ( 'NONE',  ( 0.2886294088147235426, 0.5733612519710301614, 7.700000000000001066 ) ) ;
#3104 = ORIENTED_EDGE ( 'NONE', *, *, #9344, .T. ) ;
#3105 = PRESENTATION_LAYER_ASSIGNMENT (  '', '', ( #5530 ) ) ;
#3106 = DIRECTION ( 'NONE',  ( 0.0000000000000000000, 0.0000000000000000000, -1.000000000000000000 ) ) ;
#3107 = CARTESIAN_POINT ( 'NONE',  ( -3.149999999999999911, 0.0000000000000000000, 1.187652461702019879 ) ) ;
#3108 = CARTESIAN_POINT ( 'NONE',  ( 1.282125838424072795, -1.711835829564932077, 7.700000000000000178 ) ) ;
#3109 = CARTESIAN_POINT ( 'NONE',  ( 1.146707390166273877, 0.01719227189220857294, 7.699999999999995737 ) ) ;
#3110 = LINE ( 'NONE', #4793, #6858 ) ;
#3111 = FILL_AREA_STYLE ('',( #10535 ) ) ;
#3112 = LINE ( 'NONE', #2415, #1515 ) ;
#3113 = EDGE_CURVE ( 'NONE', #8093, #5737, #7755, .T. ) ;
#3114 = ORIENTED_EDGE ( 'NONE', *, *, #967, .F. ) ;
#3115 = MECHANICAL_DESIGN_GEOMETRIC_PRESENTATION_REPRESENTATION (  '', ( #5879 ), #1585 ) ;
#3116 = SURFACE_SIDE_STYLE ('',( #10489 ) ) ;
#3117 = CARTESIAN_POINT ( 'NONE',  ( 2.950000000000001510, 3.612708057484692590E-16, 1.187652461702020767 ) ) ;
#3118 = CARTESIAN_POINT ( 'NONE',  ( 1.167288853372377311, 0.03622830616507979190, 7.700000000000004619 ) ) ;
#3119 = CARTESIAN_POINT ( 'NONE',  ( 1.050040676683823504, -1.556825005582771260, 7.700999999999999623 ) ) ;
#3120 = CARTESIAN_POINT ( 'NONE',  ( -0.3874558292648735969, 0.1975179055035130304, 7.701000000000000512 ) ) ;
#3121 = COLOUR_RGB ( '',0.0000000000000000000, 0.0000000000000000000, 0.0000000000000000000 ) ;
#3122 = PRESENTATION_LAYER_ASSIGNMENT (  '', '', ( #6237 ) ) ;
#3123 = SURFACE_STYLE_USAGE ( .BOTH. , #2275 ) ;
#3124 = CARTESIAN_POINT ( 'NONE',  ( 0.02597999591285132109, 0.7108287933837288408, 7.700999999999997847 ) ) ;
#3125 = CARTESIAN_POINT ( 'NONE',  ( 1.445388978233288046, 0.2766362001480151545, 7.701000000000001400 ) ) ;
#3126 = ORIENTED_EDGE ( 'NONE', *, *, #2103, .F. ) ;
#3127 = SURFACE_STYLE_FILL_AREA ( #2542 ) ;
#3128 = CARTESIAN_POINT ( 'NONE',  ( 1.590258041323004523, 0.2821658913889864007, 7.700000000000001066 ) ) ;
#3129 = FILL_AREA_STYLE_COLOUR ( '', #660 ) ;
#3130 = DIRECTION ( 'NONE',  ( -1.000000000000000000, 0.0000000000000000000, 0.0000000000000000000 ) ) ;
#3131 = CARTESIAN_POINT ( 'NONE',  ( 0.6179081240732957614, 0.9534475980243077853, 7.700000000000003730 ) ) ;
#3132 = CARTESIAN_POINT ( 'NONE',  ( 2.140828924186927829, -0.1907019854317080210, 7.700000000000001066 ) ) ;
#3133 =( LENGTH_UNIT ( ) NAMED_UNIT ( * ) SI_UNIT ( .MILLI., .METRE. ) );
#3134 = CARTESIAN_POINT ( 'NONE',  ( 1.991284624883559617, -1.238629720337320217, 7.701000000000000512 ) ) ;
#3135 = MECHANICAL_DESIGN_GEOMETRIC_PRESENTATION_REPRESENTATION (  '', ( #7810 ), #10004 ) ;
#3136 = PRESENTATION_LAYER_ASSIGNMENT (  '', '', ( #4864 ) ) ;
#3137 = ORIENTED_EDGE ( 'NONE', *, *, #6147, .F. ) ;
#3138 = ORIENTED_EDGE ( 'NONE', *, *, #2455, .T. ) ;
#3139 = LINE ( 'NONE', #6444, #4590 ) ;
#3140 = STYLED_ITEM ( 'NONE', ( #10227 ), #4208 ) ;
#3141 = LINE ( 'NONE', #8900, #7687 ) ;
#3142 = ORIENTED_EDGE ( 'NONE', *, *, #315, .F. ) ;
#3143 = SURFACE_SIDE_STYLE ('',( #966 ) ) ;
#3144 = CARTESIAN_POINT ( 'NONE',  ( 1.191153845948676349, -0.4161868433420561342, 7.701000000000000512 ) ) ;
#3145 = FILL_AREA_STYLE_COLOUR ( '', #1697 ) ;
#3146 = CARTESIAN_POINT ( 'NONE',  ( 0.3462936280282095103, 0.5739336131566803445, 7.700000000000001066 ) ) ;
#3147 = PRESENTATION_STYLE_ASSIGNMENT (( #9855 ) ) ;
#3148 = PRESENTATION_LAYER_ASSIGNMENT (  '', '', ( #7812 ) ) ;
#3149 =( LENGTH_UNIT ( ) NAMED_UNIT ( * ) SI_UNIT ( .MILLI., .METRE. ) );
#3150 = SURFACE_STYLE_USAGE ( .BOTH. , #6572 ) ;
#3151 = ADVANCED_FACE ( 'NONE', ( #6996 ), #6134, .F. ) ;
#3152 = ORIENTED_EDGE ( 'NONE', *, *, #769, .F. ) ;
#3153 = DIRECTION ( 'NONE',  ( -0.0000000000000000000, -0.0000000000000000000, -1.000000000000000000 ) ) ;
#3154 = FILL_AREA_STYLE ('',( #5785 ) ) ;
#3155 = DIRECTION ( 'NONE',  ( 0.0000000000000000000, 0.0000000000000000000, 1.000000000000000000 ) ) ;
#3156 = CARTESIAN_POINT ( 'NONE',  ( 0.9884938499748574525, -1.348660085834662681, 7.700000000000000178 ) ) ;
#3157 = SURFACE_STYLE_USAGE ( .BOTH. , #2358 ) ;
#3158 = PRESENTATION_STYLE_ASSIGNMENT (( #5554 ) ) ;
#3159 = VERTEX_POINT ( 'NONE', #7218 ) ;
#3160 = FILL_AREA_STYLE ('',( #3966 ) ) ;
#3161 = DIRECTION ( 'NONE',  ( -0.0000000000000000000, -0.0000000000000000000, -1.000000000000000000 ) ) ;
#3162 = DIRECTION ( 'NONE',  ( -0.0000000000000000000, -0.0000000000000000000, -1.000000000000000000 ) ) ;
#3163 = ADVANCED_FACE ( 'NONE', ( #2349 ), #7311, .T. ) ;
#3164 = ADVANCED_FACE ( 'NONE', ( #3004 ), #40, .T. ) ;
#3165 = CARTESIAN_POINT ( 'NONE',  ( 1.234053943725264224, -0.4376587090764292864, 7.700999999999996959 ) ) ;
#3166 = CARTESIAN_POINT ( 'NONE',  ( 2.036279956837165894, -0.09719661569325456496, 7.700000000000001066 ) ) ;
#3167 = CARTESIAN_POINT ( 'NONE',  ( 1.189181081725741551, 0.2012215207107939663, 7.700999999999999623 ) ) ;
#3168 = ORIENTED_EDGE ( 'NONE', *, *, #3221, .T. ) ;
#3169 = PRESENTATION_STYLE_ASSIGNMENT (( #7340 ) ) ;
#3170 = B_SPLINE_SURFACE_WITH_KNOTS ( 'NONE', 3, 1, ( 
 ( #3022, #7830 ),
 ( #2066, #1268 ),
 ( #6322, #7030 ),
 ( #10281, #8582 ),
 ( #2930, #3778 ),
 ( #8222, #6731 ),
 ( #9980, #3872 ),
 ( #9020, #81 ),
 ( #7490, #9827 ),
 ( #8283, #2473 ),
 ( #190, #9638 ),
 ( #2583, #9072 ),
 ( #3314, #9180 ),
 ( #9127, #7385 ),
 ( #5755, #4707 ),
 ( #5572, #642 ),
 ( #6627, #9873 ),
 ( #1667, #2525 ),
 ( #7188, #10451 ) ),
 .UNSPECIFIED., .F., .F., .F.,
 ( 4, 1, 1, 1, 1, 1, 1, 1, 1, 1, 1, 1, 1, 1, 1, 1, 4 ),
 ( 2, 2 ),
 ( 0.0000000000000000000, 0.09740740189187964415, 0.1884696562417149113, 0.2736508078079416539, 0.3527965507480324003, 0.4264401553664737832, 0.4945451753022213071, 0.5577103911930282321, 0.6159629279777022459, 0.6701368312172598651, 0.7205132282169417479, 0.7684108135375797843, 0.8142247872934238462, 0.8591969544233386546, 0.9045728410396771668, 0.9512072231381230036, 1.000000000000000000 ),
 ( 0.0000000000000000000, 1.000000000000000000 ),
 .UNSPECIFIED. ) ;
#3171 = CARTESIAN_POINT ( 'NONE',  ( -0.1730817737297938586, 0.9298927345083135565, 7.699999999999998401 ) ) ;
#3172 =( NAMED_UNIT ( * ) SI_UNIT ( $, .STERADIAN. ) SOLID_ANGLE_UNIT ( ) );
#3173 = SURFACE_SIDE_STYLE ('',( #6325 ) ) ;
#3174 = CARTESIAN_POINT ( 'NONE',  ( 1.990474641255004284, -0.3910016523295526958, 7.700999999999999623 ) ) ;
#3175 =( NAMED_UNIT ( * ) SI_UNIT ( $, .STERADIAN. ) SOLID_ANGLE_UNIT ( ) );
#3176 = CARTESIAN_POINT ( 'NONE',  ( -1.081627333894218168, -1.837602352840687958, 7.700000000000000178 ) ) ;
#3177 = EDGE_LOOP ( 'NONE', ( #9366, #3091, #1679, #1634 ) ) ;
#3178 = ORIENTED_EDGE ( 'NONE', *, *, #4291, .T. ) ;
#3179 = CARTESIAN_POINT ( 'NONE',  ( 1.587893215162513583, -0.3407788531487275230, 7.700000000000000178 ) ) ;
#3180 = CARTESIAN_POINT ( 'NONE',  ( 0.5789241221807499560, 1.137261217150094206, 7.701000000000001400 ) ) ;
#3181 = ORIENTED_EDGE ( 'NONE', *, *, #10140, .F. ) ;
#3182 = CARTESIAN_POINT ( 'NONE',  ( 2.087959423594328623, -1.169491871304207509, 7.700000000000001954 ) ) ;
#3183 = VECTOR ( 'NONE', #9960, 1000.000000000000000 ) ;
#3184 = STYLED_ITEM ( 'NONE', ( #515 ), #8150 ) ;
#3185 = DIRECTION ( 'NONE',  ( 2.465280902538936971E-13, 5.388269236739863411E-13, 1.000000000000000000 ) ) ;
#3186 = CYLINDRICAL_SURFACE ( 'NONE', #6526, 0.2000000000000000111 ) ;
#3187 = CARTESIAN_POINT ( 'NONE',  ( 0.6178494726278108695, 0.8793347857779811871, 7.701000000000000512 ) ) ;
#3188 = LINE ( 'NONE', #5094, #6333 ) ;
#3189 = UNCERTAINTY_MEASURE_WITH_UNIT (LENGTH_MEASURE( 1.000000000000000082E-05 ), #3259, 'distance_accuracy_value', 'NONE');
#3190 = PRESENTATION_STYLE_ASSIGNMENT (( #4001 ) ) ;
#3191 = PRESENTATION_LAYER_ASSIGNMENT (  '', '', ( #6491 ) ) ;
#3192 = CARTESIAN_POINT ( 'NONE',  ( 0.6144299228480069042, 0.9901137721476838127, 7.700999999999999623 ) ) ;
#3193 = ORIENTED_EDGE ( 'NONE', *, *, #5227, .F. ) ;
#3194 = CARTESIAN_POINT ( 'NONE',  ( 1.102301037857891464, -1.390508032624242274, 7.701000000000000512 ) ) ;
#3195 = CARTESIAN_POINT ( 'NONE',  ( 0.1356766302113563694, 0.6198821559692220262, 7.700999999999997847 ) ) ;
#3196 = CARTESIAN_POINT ( 'NONE',  ( -1.029016714143008437, 0.6562330987775764068, 7.701000000000000512 ) ) ;
#3197 =( GEOMETRIC_REPRESENTATION_CONTEXT ( 3 ) GLOBAL_UNCERTAINTY_ASSIGNED_CONTEXT ( ( #680 ) ) GLOBAL_UNIT_ASSIGNED_CONTEXT ( ( #823, #6370, #9764 ) ) REPRESENTATION_CONTEXT ( 'NONE', 'WORKASPACE' ) );
#3198 = PRESENTATION_LAYER_ASSIGNMENT (  '', '', ( #9737 ) ) ;
#3199 = CARTESIAN_POINT ( 'NONE',  ( -3.200000000000000178, 3.200000000000000178, 0.6999999999999999556 ) ) ;
#3200 = COLOUR_RGB ( '',0.0000000000000000000, 0.0000000000000000000, 0.0000000000000000000 ) ;
#3201 = VERTEX_POINT ( 'NONE', #5242 ) ;
#3202 = EDGE_CURVE ( 'NONE', #5580, #1921, #4872, .T. ) ;
#3203 = DIRECTION ( 'NONE',  ( -0.0000000000000000000, -0.0000000000000000000, 1.000000000000000000 ) ) ;
#3204 = UNCERTAINTY_MEASURE_WITH_UNIT (LENGTH_MEASURE( 1.000000000000000082E-05 ), #8945, 'distance_accuracy_value', 'NONE');
#3205 =( LENGTH_UNIT ( ) NAMED_UNIT ( * ) SI_UNIT ( .MILLI., .METRE. ) );
#3206 = PRESENTATION_STYLE_ASSIGNMENT (( #6023 ) ) ;
#3207 = PRESENTATION_LAYER_ASSIGNMENT (  '', '', ( #4610 ) ) ;
#3208 = CARTESIAN_POINT ( 'NONE',  ( -3.299999999999998934, -1.858578643762704985, 0.6999999999999999556 ) ) ;
#3209 = DIRECTION ( 'NONE',  ( 0.0000000000000000000, 1.000000000000000000, 0.0000000000000000000 ) ) ;
#3210 = DIRECTION ( 'NONE',  ( -0.0000000000000000000, -0.0000000000000000000, -1.000000000000000000 ) ) ;
#3211 = CARTESIAN_POINT ( 'NONE',  ( -0.4294316694390507561, 0.006709158368925450741, 7.700999999999999623 ) ) ;
#3212 = ORIENTED_EDGE ( 'NONE', *, *, #3425, .F. ) ;
#3213 =( LENGTH_UNIT ( ) NAMED_UNIT ( * ) SI_UNIT ( .MILLI., .METRE. ) );
#3214 = SURFACE_STYLE_FILL_AREA ( #8173 ) ;
#3215 = CARTESIAN_POINT ( 'NONE',  ( 0.1156837131509969030, 0.6333053771991865588, 7.700000000000000178 ) ) ;
#3216 = CARTESIAN_POINT ( 'NONE',  ( 1.445388978233287824, -0.9791857920815134619, 7.701000000000001400 ) ) ;
#3217 = AXIS2_PLACEMENT_3D ( 'NONE', #3274, #6598, #5889 ) ;
#3218 = COLOUR_RGB ( '',0.0000000000000000000, 0.0000000000000000000, 0.0000000000000000000 ) ;
#3219 = ORIENTED_EDGE ( 'NONE', *, *, #1485, .T. ) ;
#3220 = EDGE_CURVE ( 'NONE', #4034, #7843, #5946, .T. ) ;
#3221 = EDGE_CURVE ( 'NONE', #9371, #8254, #9313, .T. ) ;
#3222 =( NAMED_UNIT ( * ) PLANE_ANGLE_UNIT ( ) SI_UNIT ( $, .RADIAN. ) );
#3223 = PRESENTATION_LAYER_ASSIGNMENT (  '', '', ( #7890 ) ) ;
#3224 = CARTESIAN_POINT ( 'NONE',  ( -1.492395200446157810, 1.005178692037176580, 7.701000000000001400 ) ) ;
#3225 = CYLINDRICAL_SURFACE ( 'NONE', #6486, 0.4500000000000000111 ) ;
#3226 = EDGE_CURVE ( 'NONE', #10351, #3491, #1166, .T. ) ;
#3227 = FACE_OUTER_BOUND ( 'NONE', #2427, .T. ) ;
#3228 = CARTESIAN_POINT ( 'NONE',  ( 2.008236848425914101, 0.9697632892271136340, 7.701000000000000512 ) ) ;
#3229 =( LENGTH_UNIT ( ) NAMED_UNIT ( * ) SI_UNIT ( .MILLI., .METRE. ) );
#3230 = CARTESIAN_POINT ( 'NONE',  ( -0.06572190064978278290, -0.2076363021390852104, 7.701000000000000512 ) ) ;
#3231 = CARTESIAN_POINT ( 'NONE',  ( -0.3749366534045204813, -0.3561874731356830526, 7.701000000000000512 ) ) ;
#3232 = ORIENTED_EDGE ( 'NONE', *, *, #3577, .F. ) ;
#3233 = AXIS2_PLACEMENT_3D ( 'NONE', #1032, #9919, #5055 ) ;
#3234 = CARTESIAN_POINT ( 'NONE',  ( 0.4999999999999995559, -3.299999999999999822, 0.2999999999999999889 ) ) ;
#3235 = CARTESIAN_POINT ( 'NONE',  ( 1.130209662779901647, -0.2096704607388426289, 7.700999999999998735 ) ) ;
#3236 = LINE ( 'NONE', #2243, #5203 ) ;
#3237 = SURFACE_STYLE_FILL_AREA ( #8145 ) ;
#3238 = VERTEX_POINT ( 'NONE', #9205 ) ;
#3239 = VECTOR ( 'NONE', #7727, 1000.000000000000000 ) ;
#3240 = FILL_AREA_STYLE ('',( #5 ) ) ;
#3241 = STYLED_ITEM ( 'NONE', ( #5409 ), #4763 ) ;
#3242 =( GEOMETRIC_REPRESENTATION_CONTEXT ( 3 ) GLOBAL_UNCERTAINTY_ASSIGNED_CONTEXT ( ( #10405 ) ) GLOBAL_UNIT_ASSIGNED_CONTEXT ( ( #5995, #7715, #9256 ) ) REPRESENTATION_CONTEXT ( 'NONE', 'WORKASPACE' ) );
#3243 = FILL_AREA_STYLE ('',( #7527 ) ) ;
#3244 = DIRECTION ( 'NONE',  ( -1.000000000000000000, 0.0000000000000000000, 0.0000000000000000000 ) ) ;
#3245 = CARTESIAN_POINT ( 'NONE',  ( -0.5380525597163668960, -0.08125455076332856186, 7.701000000000000512 ) ) ;
#3246 = ORIENTED_EDGE ( 'NONE', *, *, #392, .F. ) ;
#3247 = PRESENTATION_LAYER_ASSIGNMENT (  '', '', ( #4109 ) ) ;
#3248 = AXIS2_PLACEMENT_3D ( 'NONE', #9129, #6686, #3365 ) ;
#3249 = DIRECTION ( 'NONE',  ( 1.221593242852756957E-16, -0.0000000000000000000, -1.000000000000000000 ) ) ;
#3250 = ORIENTED_EDGE ( 'NONE', *, *, #1286, .F. ) ;
#3251 = LINE ( 'NONE', #179, #7758 ) ;
#3252 = CARTESIAN_POINT ( 'NONE',  ( 0.1556800045683915668, 0.6086715898381814815, 7.701000000000003176 ) ) ;
#3253 = CARTESIAN_POINT ( 'NONE',  ( 1.568996007524917191, -1.596728343314334442, 7.700000000000000178 ) ) ;
#3254 = STYLED_ITEM ( 'NONE', ( #5010 ), #5363 ) ;
#3255 = PLANE ( 'NONE',  #3572 ) ;
#3256 = VERTEX_POINT ( 'NONE', #1903 ) ;
#3257 =( LENGTH_UNIT ( ) NAMED_UNIT ( * ) SI_UNIT ( .MILLI., .METRE. ) );
#3258 = AXIS2_PLACEMENT_3D ( 'NONE', #1629, #7144, #6330 ) ;
#3259 =( LENGTH_UNIT ( ) NAMED_UNIT ( * ) SI_UNIT ( .MILLI., .METRE. ) );
#3260 = CARTESIAN_POINT ( 'NONE',  ( -1.605882531098634214, 1.068946704914435442, 7.701000000000000512 ) ) ;
#3261 = FILL_AREA_STYLE ('',( #2476 ) ) ;
#3262 = EDGE_LOOP ( 'NONE', ( #8840, #10425, #603, #2141 ) ) ;
#3263 = PRESENTATION_STYLE_ASSIGNMENT (( #9081 ) ) ;
#3264 = FACE_OUTER_BOUND ( 'NONE', #6236, .T. ) ;
#3265 = CARTESIAN_POINT ( 'NONE',  ( 0.5902092682244426403, -1.865940471608493967, 7.700000000000000178 ) ) ;
#3266 = CARTESIAN_POINT ( 'NONE',  ( 0.05027906022453970669, 0.6880364012577577792, 7.700000000000001954 ) ) ;
#3267 = CARTESIAN_POINT ( 'NONE',  ( -0.5000000000000002220, -3.299999999999999822, 0.0000000000000000000 ) ) ;
#3268 = ORIENTED_EDGE ( 'NONE', *, *, #7204, .F. ) ;
#3269 =( NAMED_UNIT ( * ) SI_UNIT ( $, .STERADIAN. ) SOLID_ANGLE_UNIT ( ) );
#3270 = CARTESIAN_POINT ( 'NONE',  ( 2.149498165074976264, -0.09283809360513460562, 7.699999999999999289 ) ) ;
#3271 = AXIS2_PLACEMENT_3D ( 'NONE', #2065, #1374, #9577 ) ;
#3272 = AXIS2_PLACEMENT_3D ( 'NONE', #9562, #9348, #1992 ) ;
#3273 = FACE_OUTER_BOUND ( 'NONE', #5090, .T. ) ;
#3274 = CARTESIAN_POINT ( 'NONE',  ( 2.008236848425914101, 0.9697632892271136340, 7.701000000000000512 ) ) ;
#3275 = ADVANCED_FACE ( 'NONE', ( #4434 ), #2501, .T. ) ;
#3276 = SURFACE_STYLE_USAGE ( .BOTH. , #3931 ) ;
#3277 = EDGE_CURVE ( 'NONE', #5678, #4946, #4679, .T. ) ;
#3278 = DIRECTION ( 'NONE',  ( -0.0000000000000000000, -0.0000000000000000000, -1.000000000000000000 ) ) ;
#3279 = ADVANCED_FACE ( 'NONE', ( #2156 ), #3712, .F. ) ;
#3280 = CIRCLE ( 'NONE', #5553, 0.5000000000000000000 ) ;
#3281 = ORIENTED_EDGE ( 'NONE', *, *, #6914, .T. ) ;
#3282 = MECHANICAL_DESIGN_GEOMETRIC_PRESENTATION_REPRESENTATION (  '', ( #2280 ), #10163 ) ;
#3283 = EDGE_LOOP ( 'NONE', ( #8483, #10377, #7028, #943, #2434, #2750 ) ) ;
#3284 = CARTESIAN_POINT ( 'NONE',  ( -3.270710678118653458, -1.929289321881360930, 1.000000000000000000 ) ) ;
#3285 = PRESENTATION_STYLE_ASSIGNMENT (( #4923 ) ) ;
#3286 = CARTESIAN_POINT ( 'NONE',  ( 1.991205896491950345, -0.2309704691727770265, 7.701000000000000512 ) ) ;
#3287 = CARTESIAN_POINT ( 'NONE',  ( 0.6185473869922488710, 0.9168507080903502970, 7.701000000000000512 ) ) ;
#3288 = SURFACE_STYLE_USAGE ( .BOTH. , #3334 ) ;
#3289 = EDGE_CURVE ( 'NONE', #5958, #657, #5571, .T. ) ;
#3290 = ORIENTED_EDGE ( 'NONE', *, *, #7608, .T. ) ;
#3291 = VECTOR ( 'NONE', #174, 1000.000000000000000 ) ;
#3292 = SURFACE_STYLE_FILL_AREA ( #3240 ) ;
#3293 = EDGE_CURVE ( 'NONE', #908, #6182, #8805, .T. ) ;
#3294 =( LENGTH_UNIT ( ) NAMED_UNIT ( * ) SI_UNIT ( .MILLI., .METRE. ) );
#3295 = CARTESIAN_POINT ( 'NONE',  ( 3.150000000000001688, 3.857637417314163675E-16, 1.700000000000000844 ) ) ;
#3296 = CARTESIAN_POINT ( 'NONE',  ( -0.5210752786443944018, -0.1610552418542463005, 7.701000000000002288 ) ) ;
#3297 = UNCERTAINTY_MEASURE_WITH_UNIT (LENGTH_MEASURE( 1.000000000000000082E-05 ), #3133, 'distance_accuracy_value', 'NONE');
#3298 = STYLED_ITEM ( 'NONE', ( #1701 ), #4149 ) ;
#3299 = VECTOR ( 'NONE', #8034, 1000.000000000000000 ) ;
#3300 = SURFACE_SIDE_STYLE ('',( #4278 ) ) ;
#3301 = LINE ( 'NONE', #2675, #3291 ) ;
#3302 = CARTESIAN_POINT ( 'NONE',  ( 0.01636236317636576704, 0.8927190288271403817, 7.701000000000000512 ) ) ;
#3303 = ORIENTED_EDGE ( 'NONE', *, *, #1857, .T. ) ;
#3304 = CARTESIAN_POINT ( 'NONE',  ( 1.513535354417957279, -1.596354154760114774, 7.701000000000000512 ) ) ;
#3305 = CARTESIAN_POINT ( 'NONE',  ( 3.200000000000041034, -1.858578643762704985, 1.000000000000000000 ) ) ;
#3306 = MECHANICAL_DESIGN_GEOMETRIC_PRESENTATION_REPRESENTATION (  '', ( #4347 ), #3665 ) ;
#3307 = CARTESIAN_POINT ( 'NONE',  ( -0.5365081734943158986, 0.09855885902975060342, 7.700999999999998735 ) ) ;
#3308 = CARTESIAN_POINT ( 'NONE',  ( 0.5902092682244426403, -1.865940471608493967, 7.701000000000000512 ) ) ;
#3309 = CARTESIAN_POINT ( 'NONE',  ( 1.550098799887321022, -0.3407788531487275230, 7.701000000000002288 ) ) ;
#3310 =( NAMED_UNIT ( * ) PLANE_ANGLE_UNIT ( ) SI_UNIT ( $, .RADIAN. ) );
#3311 = VERTEX_POINT ( 'NONE', #4706 ) ;
#3312 = CARTESIAN_POINT ( 'NONE',  ( -0.5149773637200018017, 0.1975179055035130304, 7.701000000000000512 ) ) ;
#3313 = UNCERTAINTY_MEASURE_WITH_UNIT (LENGTH_MEASURE( 1.000000000000000082E-05 ), #796, 'distance_accuracy_value', 'NONE');
#3314 = CARTESIAN_POINT ( 'NONE',  ( 1.991205896491950789, -1.486792461402305587, 7.701000000000001400 ) ) ;
#3315 = FACE_OUTER_BOUND ( 'NONE', #10120, .T. ) ;
#3316 = CARTESIAN_POINT ( 'NONE',  ( 1.102286777327162959, -0.07873324837788137076, 7.700000000000001954 ) ) ;
#3317 = CARTESIAN_POINT ( 'NONE',  ( -3.200000000000000178, 3.200000000000000178, 0.0000000000000000000 ) ) ;
#3318 =( NAMED_UNIT ( * ) PLANE_ANGLE_UNIT ( ) SI_UNIT ( $, .RADIAN. ) );
#3319 = EDGE_LOOP ( 'NONE', ( #9409, #4430, #10181, #4830 ) ) ;
#3320 = CARTESIAN_POINT ( 'NONE',  ( 0.5902092682244426403, -1.068930881263942645, 7.701000000000000512 ) ) ;
#3321 = DIRECTION ( 'NONE',  ( -1.000000000000000000, 0.0000000000000000000, -1.376764663473656217E-16 ) ) ;
#3322 = ORIENTED_EDGE ( 'NONE', *, *, #8025, .T. ) ;
#3323 = CARTESIAN_POINT ( 'NONE',  ( 2.149927442264945476, -0.1071168712504043802, 7.701000000000000512 ) ) ;
#3324 = CARTESIAN_POINT ( 'NONE',  ( 2.149927442264945476, -0.1071168712504043802, 7.701000000000000512 ) ) ;
#3325 = CARTESIAN_POINT ( 'NONE',  ( 0.4626877337693144909, -0.3692444698526123337, 7.701000000000000512 ) ) ;
#3326 = CARTESIAN_POINT ( 'NONE',  ( -0.1643603059220369034, -0.2410997512338700355, 7.700000000000000178 ) ) ;
#3327 = SURFACE_STYLE_USAGE ( .BOTH. , #700 ) ;
#3328 = LINE ( 'NONE', #6644, #9674 ) ;
#3329 = VERTEX_POINT ( 'NONE', #4484 ) ;
#3330 = EDGE_CURVE ( 'NONE', #6756, #8750, #2110, .T. ) ;
#3331 = DIRECTION ( 'NONE',  ( -1.227398685832646557E-16, -1.000000000000000000, 0.0000000000000000000 ) ) ;
#3332 = CARTESIAN_POINT ( 'NONE',  ( 2.036574967193720109, -0.1066740881446573280, 7.700000000000000178 ) ) ;
#3333 = CARTESIAN_POINT ( 'NONE',  ( 0.5533635233408955578, 1.198368116101765413, 7.701000000000000512 ) ) ;
#3334 = SURFACE_SIDE_STYLE ('',( #7579 ) ) ;
#3335 = CARTESIAN_POINT ( 'NONE',  ( 8.673617379884035472E-16, 0.0000000000000000000, 2.212347538297980254 ) ) ;
#3336 = ORIENTED_EDGE ( 'NONE', *, *, #7598, .T. ) ;
#3337 = FACE_BOUND ( 'NONE', #2642, .T. ) ;
#3338 = B_SPLINE_SURFACE_WITH_KNOTS ( 'NONE', 3, 1, ( 
 ( #1213, #5940 ),
 ( #5080, #7568 ),
 ( #1001, #4262 ),
 ( #211, #3454 ),
 ( #8838, #7026 ),
 ( #3071, #6270 ),
 ( #9518, #485 ),
 ( #8789, #3773 ),
 ( #5344, #3664 ),
 ( #2217, #4646 ),
 ( #1477, #4536 ),
 ( #4701, #3868 ),
 ( #7181, #5567 ),
 ( #7826, #8628 ),
 ( #7079, #10337 ),
 ( #5512, #7932 ),
 ( #10214, #6385 ),
 ( #2863, #1313 ),
 ( #4587, #590 ) ),
 .UNSPECIFIED., .F., .F., .F.,
 ( 4, 1, 1, 1, 1, 1, 1, 1, 1, 1, 1, 1, 1, 1, 1, 1, 4 ),
 ( 2, 2 ),
 ( 0.0000000000000000000, 0.04884168492194861794, 0.09515004909164237468, 0.1402139855292552084, 0.1852312310825148800, 0.2310911270572749698, 0.2787743462863227495, 0.3294265104152746537, 0.3836547155553256538, 0.4418124758976762489, 0.5050410062454974147, 0.5731174255263765671, 0.6468348477479597403, 0.7260599234294743409, 0.8113613195948690127, 0.9024949605607301972, 1.000000000000000000 ),
 ( 0.0000000000000000000, 1.000000000000000000 ),
 .UNSPECIFIED. ) ;
#3339 = FILL_AREA_STYLE_COLOUR ( '', #10358 ) ;
#3340 = FILL_AREA_STYLE ('',( #117 ) ) ;
#3341 = SURFACE_STYLE_USAGE ( .BOTH. , #2565 ) ;
#3342 = CARTESIAN_POINT ( 'NONE',  ( 0.5043871117277578531, 0.9689193263269743062, 7.700000000000001066 ) ) ;
#3343 = EDGE_CURVE ( 'NONE', #9410, #8478, #2979, .T. ) ;
#3344 = EDGE_CURVE ( 'NONE', #843, #72, #9887, .T. ) ;
#3345 =( NAMED_UNIT ( * ) SI_UNIT ( $, .STERADIAN. ) SOLID_ANGLE_UNIT ( ) );
#3346 =( GEOMETRIC_REPRESENTATION_CONTEXT ( 3 ) GLOBAL_UNCERTAINTY_ASSIGNED_CONTEXT ( ( #10075 ) ) GLOBAL_UNIT_ASSIGNED_CONTEXT ( ( #3994, #806, #1496 ) ) REPRESENTATION_CONTEXT ( 'NONE', 'WORKASPACE' ) );
#3347 = ADVANCED_FACE ( 'NONE', ( #10501 ), #94, .T. ) ;
#3348 = AXIS2_PLACEMENT_3D ( 'NONE', #1495, #5627, #707 ) ;
#3349 =( GEOMETRIC_REPRESENTATION_CONTEXT ( 3 ) GLOBAL_UNCERTAINTY_ASSIGNED_CONTEXT ( ( #4728 ) ) GLOBAL_UNIT_ASSIGNED_CONTEXT ( ( #6699, #4254, #205 ) ) REPRESENTATION_CONTEXT ( 'NONE', 'WORKASPACE' ) );
#3350 = VERTEX_POINT ( 'NONE', #8239 ) ;
#3351 = DIRECTION ( 'NONE',  ( -1.000000000000000000, 0.0000000000000000000, -1.376764663473655970E-16 ) ) ;
#3352 = CARTESIAN_POINT ( 'NONE',  ( 1.904212376553841901, -1.693427167968483804, 7.701000000000000512 ) ) ;
#3353 = SURFACE_SIDE_STYLE ('',( #19 ) ) ;
#3354 = DIRECTION ( 'NONE',  ( -0.0000000000000000000, -0.0000000000000000000, -1.000000000000000000 ) ) ;
#3355 = CARTESIAN_POINT ( 'NONE',  ( 1.218793774962094734, -0.2830516174000021201, 7.699999999999999289 ) ) ;
#3356 = CARTESIAN_POINT ( 'NONE',  ( -0.2095910546332118152, 0.9624896825049020777, 7.701000000000000512 ) ) ;
#3357 = COLOUR_RGB ( '',0.7960784313725489669, 0.8235294117647058432, 0.9372549019607843146 ) ;
#3358 =( GEOMETRIC_REPRESENTATION_CONTEXT ( 3 ) GLOBAL_UNCERTAINTY_ASSIGNED_CONTEXT ( ( #6119 ) ) GLOBAL_UNIT_ASSIGNED_CONTEXT ( ( #3717, #4710, #6438 ) ) REPRESENTATION_CONTEXT ( 'NONE', 'WORKASPACE' ) );
#3359 = VERTEX_POINT ( 'NONE', #693 ) ;
#3360 = CARTESIAN_POINT ( 'NONE',  ( 1.110452083356399111, 0.1486545104043989485, 7.701000000000002288 ) ) ;
#3361 = CARTESIAN_POINT ( 'NONE',  ( 2.060445751672498549, -0.3332844283545050024, 7.701000000000001400 ) ) ;
#3362 = CARTESIAN_POINT ( 'NONE',  ( -2.073461490767437354, -0.06283856067570704751, 7.700000000000000178 ) ) ;
#3363 =( NAMED_UNIT ( * ) PLANE_ANGLE_UNIT ( ) SI_UNIT ( $, .RADIAN. ) );
#3364 = CARTESIAN_POINT ( 'NONE',  ( 1.147728627196940687, 0.1763450374347546590, 7.700000000000001954 ) ) ;
#3365 = DIRECTION ( 'NONE',  ( -0.0000000000000000000, 0.0000000000000000000, -1.000000000000000000 ) ) ;
#3366 =( NAMED_UNIT ( * ) SI_UNIT ( $, .STERADIAN. ) SOLID_ANGLE_UNIT ( ) );
#3367 = AXIS2_PLACEMENT_3D ( 'NONE', #2862, #9407, #5399 ) ;
#3368 = VECTOR ( 'NONE', #1271, 1000.000000000000000 ) ;
#3369 = CARTESIAN_POINT ( 'NONE',  ( 1.110450697839789669, -0.3633350580287376119, 7.699999999999996625 ) ) ;
#3370 = ORIENTED_EDGE ( 'NONE', *, *, #9386, .T. ) ;
#3371 = CARTESIAN_POINT ( 'NONE',  ( 1.016402691552694915, 0.8280726953880822583, 7.700000000000000178 ) ) ;
#3372 = COLOUR_RGB ( '',0.0000000000000000000, 0.0000000000000000000, 0.0000000000000000000 ) ;
#3373 = DIRECTION ( 'NONE',  ( -1.000000000000000000, 0.0000000000000000000, 0.0000000000000000000 ) ) ;
#3374 = EDGE_LOOP ( 'NONE', ( #10399, #2607, #6689, #755, #5177, #1290, #4023, #5648 ) ) ;
#3375 = PRESENTATION_STYLE_ASSIGNMENT (( #6846 ) ) ;
#3376 = CARTESIAN_POINT ( 'NONE',  ( 1.990263387852894361, 0.1763450374347547422, 7.701000000000000512 ) ) ;
#3377 = FACE_BOUND ( 'NONE', #10389, .T. ) ;
#3378 = STYLED_ITEM ( 'NONE', ( #8415 ), #7206 ) ;
#3379 = SURFACE_SIDE_STYLE ('',( #6547 ) ) ;
#3380 = DIRECTION ( 'NONE',  ( -1.000000000000000000, 1.227398685832646557E-16, 0.0000000000000000000 ) ) ;
#3381 = CARTESIAN_POINT ( 'NONE',  ( -0.1370684324518189889, -0.2366628855447342750, 7.699999999999999289 ) ) ;
#3382 = CARTESIAN_POINT ( 'NONE',  ( 1.167139144490195735, -0.2502706809640748986, 7.699999999999998401 ) ) ;
#3383 = VECTOR ( 'NONE', #336, 1000.000000000000000 ) ;
#3384 = AXIS2_PLACEMENT_3D ( 'NONE', #6318, #2925, #5513 ) ;
#3385 = CARTESIAN_POINT ( 'NONE',  ( -0.5427353214198598064, -0.03756017665639558439, 7.701000000000001400 ) ) ;
#3386 = PRESENTATION_LAYER_ASSIGNMENT (  '', '', ( #4795 ) ) ;
#3387 = ORIENTED_EDGE ( 'NONE', *, *, #7852, .T. ) ;
#3388 = CARTESIAN_POINT ( 'NONE',  ( 1.387774831242257978, -1.738333993556119506, 7.701000000000000512 ) ) ;
#3389 = VECTOR ( 'NONE', #2793, 1000.000000000000000 ) ;
#3390 = CARTESIAN_POINT ( 'NONE',  ( -0.3999999999999999667, -3.299999999999999822, 0.2999999999999999889 ) ) ;
#3391 = CARTESIAN_POINT ( 'NONE',  ( 2.029895727345534695, -0.1615091125219313417, 7.701000000000003176 ) ) ;
#3392 = CARTESIAN_POINT ( 'NONE',  ( -0.9682748588229931341, 0.8887339808754176618, 7.701000000000000512 ) ) ;
#3393 = FILL_AREA_STYLE ('',( #162 ) ) ;
#3394 = AXIS2_PLACEMENT_3D ( 'NONE', #3400, #9108, #8201 ) ;
#3395 = FILL_AREA_STYLE_COLOUR ( '', #1007 ) ;
#3396 = ORIENTED_EDGE ( 'NONE', *, *, #7264, .T. ) ;
#3397 = FACE_OUTER_BOUND ( 'NONE', #8448, .T. ) ;
#3398 =( NAMED_UNIT ( * ) PLANE_ANGLE_UNIT ( ) SI_UNIT ( $, .RADIAN. ) );
#3399 =( NAMED_UNIT ( * ) PLANE_ANGLE_UNIT ( ) SI_UNIT ( $, .RADIAN. ) );
#3400 = CARTESIAN_POINT ( 'NONE',  ( -0.9682748588229931341, -0.4746268490203918722, 7.701000000000000512 ) ) ;
#3401 = EDGE_CURVE ( 'NONE', #6054, #4683, #4411, .T. ) ;
#3402 = VECTOR ( 'NONE', #10152, 1000.000000000000000 ) ;
#3403 = FILL_AREA_STYLE ('',( #9965 ) ) ;
#3404 = PRESENTATION_STYLE_ASSIGNMENT (( #1861 ) ) ;
#3405 = VERTEX_POINT ( 'NONE', #6639 ) ;
#3406 = UNCERTAINTY_MEASURE_WITH_UNIT (LENGTH_MEASURE( 1.000000000000000082E-05 ), #2826, 'distance_accuracy_value', 'NONE');
#3407 = PRESENTATION_LAYER_ASSIGNMENT (  '', '', ( #3073 ) ) ;
#3408 = CARTESIAN_POINT ( 'NONE',  ( 0.3908450637919553827, 0.7425051164745857246, 7.700000000000000178 ) ) ;
#3409 = CARTESIAN_POINT ( 'NONE',  ( -2.073461490767437354, -1.285009036868465460, 7.701000000000000512 ) ) ;
#3411 = PRESENTATION_STYLE_ASSIGNMENT (( #176 ) ) ;
#3410 = MECHANICAL_DESIGN_GEOMETRIC_PRESENTATION_REPRESENTATION (  '', ( #4808 ), #7570 ) ;
#3412 = MECHANICAL_DESIGN_GEOMETRIC_PRESENTATION_REPRESENTATION (  '', ( #10293 ), #1718 ) ;
#3413 = VECTOR ( 'NONE', #10456, 1000.000000000000000 ) ;
#3414 = VERTEX_POINT ( 'NONE', #9839 ) ;
#3415 = SURFACE_STYLE_FILL_AREA ( #1711 ) ;
#3416 = CARTESIAN_POINT ( 'NONE',  ( 1.323303463200618202, -1.574653564717304999, 7.701000000000001400 ) ) ;
#3417 = CARTESIAN_POINT ( 'NONE',  ( 2.110759876910600852, -1.522239644361784272, 7.699999999999999289 ) ) ;
#3418 =( NAMED_UNIT ( * ) PLANE_ANGLE_UNIT ( ) SI_UNIT ( $, .RADIAN. ) );
#3419 = CARTESIAN_POINT ( 'NONE',  ( 2.110759876910600852, -1.522239644361784272, 7.700999999999999623 ) ) ;
#3420 = EDGE_CURVE ( 'NONE', #7741, #8553, #7290, .T. ) ;
#3421 = EDGE_CURVE ( 'NONE', #5201, #10511, #5768, .T. ) ;
#3422 = CARTESIAN_POINT ( 'NONE',  ( 1.102301037857891242, -0.1346860403947136575, 7.699999999999999289 ) ) ;
#3423 = CARTESIAN_POINT ( 'NONE',  ( -0.4215994731903656145, -0.08431309645595769231, 7.700999999999997847 ) ) ;
#3424 = PRESENTATION_LAYER_ASSIGNMENT (  '', '', ( #2240 ) ) ;
#3425 = EDGE_CURVE ( 'NONE', #4683, #5201, #3887, .T. ) ;
#3426 = ORIENTED_EDGE ( 'NONE', *, *, #1915, .F. ) ;
#3427 = FILL_AREA_STYLE ('',( #5166 ) ) ;
#3428 =( LENGTH_UNIT ( ) NAMED_UNIT ( * ) SI_UNIT ( .MILLI., .METRE. ) );
#3429 = UNCERTAINTY_MEASURE_WITH_UNIT (LENGTH_MEASURE( 1.000000000000000082E-05 ), #5852, 'distance_accuracy_value', 'NONE');
#3430 = PRODUCT_CONTEXT ( 'NONE', #665, 'mechanical' ) ;
#3431 = EDGE_LOOP ( 'NONE', ( #880, #2155, #4406, #7603, #2464, #9479, #10216, #2977 ) ) ;
#3432 = CIRCLE ( 'NONE', #5526, 3.150000000000000799 ) ;
#3433 = CARTESIAN_POINT ( 'NONE',  ( -2.073461490767437354, -0.06283856067570704751, 7.701000000000000512 ) ) ;
#3434 = CARTESIAN_POINT ( 'NONE',  ( -1.432994876586902055, 0.7916850777234912817, 7.699999999999999289 ) ) ;
#3435 =( NAMED_UNIT ( * ) SI_UNIT ( $, .STERADIAN. ) SOLID_ANGLE_UNIT ( ) );
#3436 = ORIENTED_EDGE ( 'NONE', *, *, #4568, .F. ) ;
#3437 = CARTESIAN_POINT ( 'NONE',  ( 0.5000000000000000000, -1.100000000000000089, 0.2999999999999999889 ) ) ;
#3438 = CARTESIAN_POINT ( 'NONE',  ( -1.125029010493654447, 0.7781491633441472988, 7.700000000000000178 ) ) ;
#3439 = EDGE_CURVE ( 'NONE', #6182, #5715, #5106, .T. ) ;
#3440 =( LENGTH_UNIT ( ) NAMED_UNIT ( * ) SI_UNIT ( .MILLI., .METRE. ) );
#3441 =( NAMED_UNIT ( * ) SI_UNIT ( $, .STERADIAN. ) SOLID_ANGLE_UNIT ( ) );
#3442 = CARTESIAN_POINT ( 'NONE',  ( -0.3171920930368596903, 1.031850727453690997, 7.699999999999999289 ) ) ;
#3443 = B_SPLINE_CURVE_WITH_KNOTS ( 'NONE', 3,
 ( #10530, #6516, #8213, #9762, #874, #4790, #3108, #2307, #4116, #6460, #5598, #9711, #7430, #2514, #74, #9065, #5000, #8275, #8865 ),
 .UNSPECIFIED., .F., .F.,
 ( 4, 1, 1, 1, 1, 1, 1, 1, 1, 1, 1, 1, 1, 1, 1, 1, 4 ),
 ( 0.0000000000000000000, 0.08174603369975454170, 0.1597385063957908746, 0.2342922896709910552, 0.3054143073551748855, 0.3733848979576098737, 0.4393045808363636451, 0.5030070766869890742, 0.5649995301960174521, 0.6248102571092687407, 0.6812299267925188140, 0.7353630858793829272, 0.7880095149870924853, 0.8399144460163009418, 0.8917774838128330606, 0.9448677832497021090, 1.000000000000000000 ),
 .UNSPECIFIED. ) ;
#3444 = ORIENTED_EDGE ( 'NONE', *, *, #2585, .F. ) ;
#3445 = COLOUR_RGB ( '',0.0000000000000000000, 0.0000000000000000000, 0.0000000000000000000 ) ;
#3446 = DIRECTION ( 'NONE',  ( -1.000000000000000000, 0.0000000000000000000, 0.0000000000000000000 ) ) ;
#3447 = CARTESIAN_POINT ( 'NONE',  ( -0.5149773637200018017, -1.466107327118977510, 7.701000000000000512 ) ) ;
#3448 = FILL_AREA_STYLE ('',( #2486 ) ) ;
#3449 =( NAMED_UNIT ( * ) PLANE_ANGLE_UNIT ( ) SI_UNIT ( $, .RADIAN. ) );
#3450 = CARTESIAN_POINT ( 'NONE',  ( 0.05144679117215950753, 0.06211221019792672465, 7.700000000000001066 ) ) ;
#3451 = DIRECTION ( 'NONE',  ( -0.8313228994942080119, -0.5557897415179079426, 0.0000000000000000000 ) ) ;
#3452 = CARTESIAN_POINT ( 'NONE',  ( -1.486220170602159829, 0.6685689889898128735, 7.701000000000003176 ) ) ;
#3453 = COLOUR_RGB ( '',0.7529411764705882248, 0.7529411764705882248, 0.7529411764705882248 ) ;
#3454 = CARTESIAN_POINT ( 'NONE',  ( 2.029902655259846256, -0.05205284159554307566, 7.699999999999998401 ) ) ;
#3455 = EDGE_LOOP ( 'NONE', ( #10090, #6493, #10591, #3681 ) ) ;
#3456 = ORIENTED_EDGE ( 'NONE', *, *, #508, .F. ) ;
#3457 = CARTESIAN_POINT ( 'NONE',  ( 2.027539931693435715, -1.107167481825129807, 7.700000000000001066 ) ) ;
#3458 = CARTESIAN_POINT ( 'NONE',  ( 0.3130270440268375642, 0.5730296264778258486, 7.701000000000000512 ) ) ;
#3459 = MECHANICAL_DESIGN_GEOMETRIC_PRESENTATION_REPRESENTATION (  '', ( #418 ), #4318 ) ;
#3460 = SURFACE_STYLE_USAGE ( .BOTH. , #7783 ) ;
#3461 =( NAMED_UNIT ( * ) SI_UNIT ( $, .STERADIAN. ) SOLID_ANGLE_UNIT ( ) );
#3462 = CARTESIAN_POINT ( 'NONE',  ( 2.036275893929965441, -0.1161511478022595467, 7.699999999999999289 ) ) ;
#3463 = PRESENTATION_STYLE_ASSIGNMENT (( #1798 ) ) ;
#3464 =( NAMED_UNIT ( * ) SI_UNIT ( $, .STERADIAN. ) SOLID_ANGLE_UNIT ( ) );
#3465 = DIRECTION ( 'NONE',  ( -1.000000000000000000, 0.0000000000000000000, 0.0000000000000000000 ) ) ;
#3466 = ORIENTED_EDGE ( 'NONE', *, *, #1151, .T. ) ;
#3467 = DIRECTION ( 'NONE',  ( 0.0000000000000000000, 1.000000000000000000, 0.0000000000000000000 ) ) ;
#3468 = CARTESIAN_POINT ( 'NONE',  ( 0.03656901930665808209, -0.04489513873423531254, 7.701000000000000512 ) ) ;
#3469 = VECTOR ( 'NONE', #8969, 1000.000000000000000 ) ;
#3470 = MECHANICAL_DESIGN_GEOMETRIC_PRESENTATION_REPRESENTATION (  '', ( #9653 ), #5555 ) ;
#3471 =( NAMED_UNIT ( * ) SI_UNIT ( $, .STERADIAN. ) SOLID_ANGLE_UNIT ( ) );
#3472 = EDGE_LOOP ( 'NONE', ( #1217, #8168, #1965, #186 ) ) ;
#3473 = PRESENTATION_STYLE_ASSIGNMENT (( #7587 ) ) ;
#3474 = STYLED_ITEM ( 'NONE', ( #5262 ), #4006 ) ;
#3475 = FILL_AREA_STYLE_COLOUR ( '', #6355 ) ;
#3476 = COLOUR_RGB ( '',0.0000000000000000000, 0.0000000000000000000, 0.0000000000000000000 ) ;
#3477 = DIRECTION ( 'NONE',  ( 0.3524418298029316499, -0.9358337227334573294, 0.0000000000000000000 ) ) ;
#3478 = ORIENTED_EDGE ( 'NONE', *, *, #9847, .T. ) ;
#3479 = CARTESIAN_POINT ( 'NONE',  ( -1.021582549564003850, 0.6664470775986935935, 7.700999999999999623 ) ) ;
#3480 = CARTESIAN_POINT ( 'NONE',  ( 1.692823240631756487, -1.746689781151781418, 7.701000000000003176 ) ) ;
#3481 = CARTESIAN_POINT ( 'NONE',  ( 0.5001101554738259791, 0.9996995968238465702, 7.699999999999997513 ) ) ;
#3482 = CARTESIAN_POINT ( 'NONE',  ( -3.299999999999998934, -1.300000000000000044, 1.000000000000000000 ) ) ;
#3483 =( NAMED_UNIT ( * ) PLANE_ANGLE_UNIT ( ) SI_UNIT ( $, .RADIAN. ) );
#3484 =( GEOMETRIC_REPRESENTATION_CONTEXT ( 3 ) GLOBAL_UNCERTAINTY_ASSIGNED_CONTEXT ( ( #6904 ) ) GLOBAL_UNIT_ASSIGNED_CONTEXT ( ( #9442, #7811, #5379 ) ) REPRESENTATION_CONTEXT ( 'NONE', 'WORKASPACE' ) );
#3485 = ORIENTED_EDGE ( 'NONE', *, *, #10051, .T. ) ;
#3486 = CARTESIAN_POINT ( 'NONE',  ( -0.3050981715959366070, -1.406110216290262560, 7.701000000000000512 ) ) ;
#3487 = EDGE_CURVE ( 'NONE', #4214, #5018, #1476, .T. ) ;
#3488 = SHAPE_DEFINITION_REPRESENTATION ( #9290, #3922 ) ;
#3489 = MECHANICAL_DESIGN_GEOMETRIC_PRESENTATION_REPRESENTATION (  '', ( #6771 ), #4177 ) ;
#3490 = DIRECTION ( 'NONE',  ( 0.3406040994345068129, 0.9402068109987338218, -0.0000000000000000000 ) ) ;
#3491 = VERTEX_POINT ( 'NONE', #9335 ) ;
#3492 = CARTESIAN_POINT ( 'NONE',  ( -1.077104262341315621, 0.6061527886515043484, 7.700000000000001066 ) ) ;
#3493 = CARTESIAN_POINT ( 'NONE',  ( 0.4201805556176050893, 1.210637298753467039, 7.700000000000000178 ) ) ;
#3494 = FILL_AREA_STYLE_COLOUR ( '', #5502 ) ;
#3495 = ORIENTED_EDGE ( 'NONE', *, *, #4498, .T. ) ;
#3496 = LINE ( 'NONE', #5825, #4840 ) ;
#3497 = FILL_AREA_STYLE_COLOUR ( '', #1864 ) ;
#3498 = CARTESIAN_POINT ( 'NONE',  ( 1.624446146010954273, 0.1261920998477567835, 7.700000000000002842 ) ) ;
#3499 = CARTESIAN_POINT ( 'NONE',  ( -0.2095910546332118152, 0.9624896825049020777, 7.700000000000000178 ) ) ;
#3500 = ORIENTED_EDGE ( 'NONE', *, *, #569, .F. ) ;
#3501 = CARTESIAN_POINT ( 'NONE',  ( -1.081627333894218168, -1.440868690091399840, 7.701000000000000512 ) ) ;
#3502 = EDGE_CURVE ( 'NONE', #10053, #1843, #7693, .T. ) ;
#3503 = EDGE_CURVE ( 'NONE', #9139, #457, #7753, .T. ) ;
#3504 = SURFACE_SIDE_STYLE ('',( #421 ) ) ;
#3505 = FILL_AREA_STYLE ('',( #1836 ) ) ;
#3506 = LINE ( 'NONE', #6700, #886 ) ;
#3507 = FACE_OUTER_BOUND ( 'NONE', #8505, .T. ) ;
#3508 = CARTESIAN_POINT ( 'NONE',  ( 1.929289321881345609, -3.270710678118654346, 0.6999999999999999556 ) ) ;
#3509 = CARTESIAN_POINT ( 'NONE',  ( -1.251002604892196945, 0.5589975992220820311, 7.701000000000000512 ) ) ;
#3510 = EDGE_LOOP ( 'NONE', ( #571, #5849, #3193, #8306 ) ) ;
#3511 = EDGE_LOOP ( 'NONE', ( #1746, #6302, #499, #4526, #5058, #5915, #6098, #7038, #3894 ) ) ;
#3512 = CARTESIAN_POINT ( 'NONE',  ( 1.568996007524917191, -1.752587996537268822, 7.699999999999999289 ) ) ;
#3513 =( NAMED_UNIT ( * ) PLANE_ANGLE_UNIT ( ) SI_UNIT ( $, .RADIAN. ) );
#3514 = CARTESIAN_POINT ( 'NONE',  ( 1.568996007524917191, -0.4967660043077405385, 7.700000000000000178 ) ) ;
#3515 = LINE ( 'NONE', #1749, #1509 ) ;
#3516 = LINE ( 'NONE', #10125, #6656 ) ;
#3517 =( NAMED_UNIT ( * ) PLANE_ANGLE_UNIT ( ) SI_UNIT ( $, .RADIAN. ) );
#3518 = CARTESIAN_POINT ( 'NONE',  ( 1.445391071436133545, -0.4908631053358911700, 7.699999999999994849 ) ) ;
#3519 = EDGE_LOOP ( 'NONE', ( #7327, #51, #7945, #2625 ) ) ;
#3520 =( LENGTH_UNIT ( ) NAMED_UNIT ( * ) SI_UNIT ( .MILLI., .METRE. ) );
#3521 = CARTESIAN_POINT ( 'NONE',  ( -0.1928526542890789675, -0.2417229353974841843, 7.700000000000000178 ) ) ;
#3522 = FILL_AREA_STYLE ('',( #7933 ) ) ;
#3523 = FACE_OUTER_BOUND ( 'NONE', #1566, .T. ) ;
#3524 = EDGE_LOOP ( 'NONE', ( #9810, #2295, #1265, #4873 ) ) ;
#3525 = UNCERTAINTY_MEASURE_WITH_UNIT (LENGTH_MEASURE( 1.000000000000000082E-05 ), #10269, 'distance_accuracy_value', 'NONE');
#3526 = TOROIDAL_SURFACE ( 'NONE', #10213, 3.150000000000000799, 0.3499999999999998113 ) ;
#3527 = CARTESIAN_POINT ( 'NONE',  ( -0.1022262686215007349, 1.024048188238183998, 7.700000000000000178 ) ) ;
#3528 = SURFACE_STYLE_USAGE ( .BOTH. , #4281 ) ;
#3529 = VERTEX_POINT ( 'NONE', #8496 ) ;
#3530 =( LENGTH_UNIT ( ) NAMED_UNIT ( * ) SI_UNIT ( .MILLI., .METRE. ) );
#3531 = FILL_AREA_STYLE ('',( #9175 ) ) ;
#3532 = SURFACE_STYLE_USAGE ( .BOTH. , #877 ) ;
#3533 = DIRECTION ( 'NONE',  ( 1.000000000000000000, 1.625187025148696761E-15, -0.0000000000000000000 ) ) ;
#3534 = FILL_AREA_STYLE_COLOUR ( '', #6087 ) ;
#3535 = EDGE_LOOP ( 'NONE', ( #9953, #2854 ) ) ;
#3536 = CARTESIAN_POINT ( 'NONE',  ( 1.027261769593191154, 0.05185493862245163510, 7.700000000000001954 ) ) ;
#3537 = VECTOR ( 'NONE', #2024, 1000.000000000000000 ) ;
#3538 = ORIENTED_EDGE ( 'NONE', *, *, #3226, .F. ) ;
#3539 =( NAMED_UNIT ( * ) SI_UNIT ( $, .STERADIAN. ) SOLID_ANGLE_UNIT ( ) );
#3540 = CARTESIAN_POINT ( 'NONE',  ( -1.379782783005891300, 0.7442593099675818280, 7.700000000000001954 ) ) ;
#3541 =( NAMED_UNIT ( * ) PLANE_ANGLE_UNIT ( ) SI_UNIT ( $, .RADIAN. ) );
#3542 = ORIENTED_EDGE ( 'NONE', *, *, #1218, .F. ) ;
#3543 = PRESENTATION_STYLE_ASSIGNMENT (( #3276 ) ) ;
#3544 = FACE_OUTER_BOUND ( 'NONE', #10278, .T. ) ;
#3545 = VECTOR ( 'NONE', #3567, 1000.000000000000000 ) ;
#3546 = STYLED_ITEM ( 'NONE', ( #9162 ), #1971 ) ;
#3547 = EDGE_CURVE ( 'NONE', #2377, #6729, #8385, .T. ) ;
#3548 =( NAMED_UNIT ( * ) SI_UNIT ( $, .STERADIAN. ) SOLID_ANGLE_UNIT ( ) );
#3549 = ORIENTED_EDGE ( 'NONE', *, *, #8509, .F. ) ;
#3550 = AXIS2_PLACEMENT_3D ( 'NONE', #3918, #9730, #9683 ) ;
#3551 = CARTESIAN_POINT ( 'NONE',  ( 1.460507226055815844, -1.132233406362588068, 7.699999999999997513 ) ) ;
#3552 = MECHANICAL_DESIGN_GEOMETRIC_PRESENTATION_REPRESENTATION (  '', ( #2179 ), #9891 ) ;
#3553 = DIRECTION ( 'NONE',  ( 0.0000000000000000000, -0.0000000000000000000, 1.000000000000000000 ) ) ;
#3554 = PRESENTATION_STYLE_ASSIGNMENT (( #2546 ) ) ;
#3555 = STYLED_ITEM ( 'NONE', ( #8801 ), #6995 ) ;
#3556 = CARTESIAN_POINT ( 'NONE',  ( -1.318064303845705609, 0.5665383260742212768, 7.700999999999999623 ) ) ;
#3557 = ADVANCED_FACE ( 'NONE', ( #1190 ), #8262, .T. ) ;
#3558 = EDGE_CURVE ( 'NONE', #6166, #2494, #9793, .T. ) ;
#3559 = PRESENTATION_LAYER_ASSIGNMENT (  '', '', ( #5795 ) ) ;
#3560 = STYLED_ITEM ( 'NONE', ( #4575 ), #116 ) ;
#3561 = ORIENTED_EDGE ( 'NONE', *, *, #5268, .T. ) ;
#3562 = ORIENTED_EDGE ( 'NONE', *, *, #2585, .T. ) ;
#3563 = EDGE_CURVE ( 'NONE', #5958, #2571, #9470, .T. ) ;
#3564 = PRESENTATION_LAYER_ASSIGNMENT (  '', '', ( #2889 ) ) ;
#3565 = CARTESIAN_POINT ( 'NONE',  ( -0.2690064501277943387, -0.2335712237429101168, 7.700999999999997847 ) ) ;
#3566 = CARTESIAN_POINT ( 'NONE',  ( -1.605882531098634214, 0.9208357560420732391, 7.701000000000000512 ) ) ;
#3567 = DIRECTION ( 'NONE',  ( 1.000000000000000000, 0.0000000000000000000, 0.0000000000000000000 ) ) ;
#3568 = SURFACE_STYLE_FILL_AREA ( #8526 ) ;
#3569 = FILL_AREA_STYLE ('',( #6866 ) ) ;
#3570 = MECHANICAL_DESIGN_GEOMETRIC_PRESENTATION_REPRESENTATION (  '', ( #2199 ), #9564 ) ;
#3571 = CARTESIAN_POINT ( 'NONE',  ( 1.250008856936398072, -1.552616197339137472, 7.700000000000001066 ) ) ;
#3572 = AXIS2_PLACEMENT_3D ( 'NONE', #1084, #3533, #6083 ) ;
#3573 = SURFACE_STYLE_USAGE ( .BOTH. , #2013 ) ;
#3574 = ORIENTED_EDGE ( 'NONE', *, *, #4618, .F. ) ;
#3575 = SURFACE_SIDE_STYLE ('',( #8480 ) ) ;
#3576 = STYLED_ITEM ( 'NONE', ( #1630 ), #7469 ) ;
#3577 = EDGE_CURVE ( 'NONE', #10239, #8904, #2087, .T. ) ;
#3578 = ORIENTED_EDGE ( 'NONE', *, *, #49, .F. ) ;
#3579 = STYLED_ITEM ( 'NONE', ( #1919 ), #1779 ) ;
#3580 = AXIS2_PLACEMENT_3D ( 'NONE', #9854, #6567, #2457 ) ;
#3581 = FILL_AREA_STYLE_COLOUR ( '', #4764 ) ;
#3582 = CARTESIAN_POINT ( 'NONE',  ( 1.677461769569562389, -0.3374394341483975546, 7.700000000000000178 ) ) ;
#3583 = VECTOR ( 'NONE', #3354, 1000.000000000000000 ) ;
#3584 = LINE ( 'NONE', #6880, #7200 ) ;
#3585 = SURFACE_STYLE_FILL_AREA ( #5099 ) ;
#3586 = EDGE_LOOP ( 'NONE', ( #1892, #7439, #7757, #863, #2994, #7280, #2753, #8544, #9652, #7253 ) ) ;
#3587 =( NAMED_UNIT ( * ) PLANE_ANGLE_UNIT ( ) SI_UNIT ( $, .RADIAN. ) );
#3588 = CARTESIAN_POINT ( 'NONE',  ( -0.3874558292648735969, 0.1975179055035130304, 7.701000000000000512 ) ) ;
#3589 = LINE ( 'NONE', #6888, #10448 ) ;
#3590 = CARTESIAN_POINT ( 'NONE',  ( 1.568996007524917191, -0.4967660043077405385, 7.701000000000000512 ) ) ;
#3591 = VECTOR ( 'NONE', #5861, 1000.000000000000000 ) ;
#3592 =( GEOMETRIC_REPRESENTATION_CONTEXT ( 3 ) GLOBAL_UNCERTAINTY_ASSIGNED_CONTEXT ( ( #121 ) ) GLOBAL_UNIT_ASSIGNED_CONTEXT ( ( #7168, #2144, #10428 ) ) REPRESENTATION_CONTEXT ( 'NONE', 'WORKASPACE' ) );
#3593 = FACE_OUTER_BOUND ( 'NONE', #994, .T. ) ;
#3594 = ORIENTED_EDGE ( 'NONE', *, *, #7707, .T. ) ;
#3595 = CARTESIAN_POINT ( 'NONE',  ( -0.9722095601561913103, 0.8142603103830727829, 7.699999999999999289 ) ) ;
#3596 = LINE ( 'NONE', #5271, #3402 ) ;
#3597 = ORIENTED_EDGE ( 'NONE', *, *, #6990, .F. ) ;
#3598 = CARTESIAN_POINT ( 'NONE',  ( 1.284860629587199599, -1.564425640263999773, 7.699999999999997513 ) ) ;
#3599 = CIRCLE ( 'NONE', #2233, 3.150000000000000799 ) ;
#3600 = CARTESIAN_POINT ( 'NONE',  ( -1.242357601280369206, 0.5588605670939227332, 7.701000000000000512 ) ) ;
#3601 = CARTESIAN_POINT ( 'NONE',  ( -1.409064439858582540, 0.6037578601609236983, 7.699999999999999289 ) ) ;
#3602 = STYLED_ITEM ( 'NONE', ( #9554 ), #6806 ) ;
#3603 = ORIENTED_EDGE ( 'NONE', *, *, #8644, .F. ) ;
#3604 = DIRECTION ( 'NONE',  ( -1.000000000000000000, 0.0000000000000000000, 0.0000000000000000000 ) ) ;
#3605 = MECHANICAL_DESIGN_GEOMETRIC_PRESENTATION_REPRESENTATION (  '', ( #2240 ), #9620 ) ;
#3606 = CARTESIAN_POINT ( 'NONE',  ( 1.102286777327162959, -1.334555240607410154, 7.700000000000003730 ) ) ;
#3607 = DIRECTION ( 'NONE',  ( -0.0000000000000000000, -0.0000000000000000000, -1.000000000000000000 ) ) ;
#3608 = CARTESIAN_POINT ( 'NONE',  ( -1.105739463089840058, 0.8139788546604442843, 7.700999999999999623 ) ) ;
#3609 = CARTESIAN_POINT ( 'NONE',  ( 8.673617379884035472E-16, 0.0000000000000000000, 1.700000000000000400 ) ) ;
#3610 = SURFACE_STYLE_FILL_AREA ( #5236 ) ;
#3611 = CARTESIAN_POINT ( 'NONE',  ( 0.5000000000000000000, 1.100000000000000089, 0.0000000000000000000 ) ) ;
#3612 = DIRECTION ( 'NONE',  ( 1.000000000000000000, 0.0000000000000000000, 0.0000000000000000000 ) ) ;
#3613 = VECTOR ( 'NONE', #4953, 1000.000000000000000 ) ;
#3614 = EDGE_LOOP ( 'NONE', ( #9466, #1418, #8018, #3637 ) ) ;
#3615 = VERTEX_POINT ( 'NONE', #463 ) ;
#3616 = DIRECTION ( 'NONE',  ( 0.0000000000000000000, 0.0000000000000000000, -1.000000000000000000 ) ) ;
#3617 = CARTESIAN_POINT ( 'NONE',  ( 1.167288853372376423, -1.219593686064448734, 7.700999999999998735 ) ) ;
#3618 = SURFACE_STYLE_FILL_AREA ( #4371 ) ;
#3619 = DIRECTION ( 'NONE',  ( -0.0000000000000000000, -0.0000000000000000000, -1.000000000000000000 ) ) ;
#3620 = SURFACE_STYLE_USAGE ( .BOTH. , #2008 ) ;
#3621 = EDGE_CURVE ( 'NONE', #1380, #8002, #1295, .T. ) ;
#3622 = CARTESIAN_POINT ( 'NONE',  ( 0.04323097051167338473, -0.3062510900678760417, 7.701000000000000512 ) ) ;
#3623 = CARTESIAN_POINT ( 'NONE',  ( 1.117066007617185219, -1.442443068491664482, 7.700000000000000178 ) ) ;
#3624 = PRESENTATION_STYLE_ASSIGNMENT (( #386 ) ) ;
#3625 = ORIENTED_EDGE ( 'NONE', *, *, #7739, .T. ) ;
#3626 = FILL_AREA_STYLE_COLOUR ( '', #4308 ) ;
#3627 = EDGE_CURVE ( 'NONE', #1104, #2550, #3739, .T. ) ;
#3628 = CARTESIAN_POINT ( 'NONE',  ( -0.1643603059220369034, -0.2410997512338700355, 7.701000000000000512 ) ) ;
#3629 = VERTEX_POINT ( 'NONE', #9499 ) ;
#3630 = UNCERTAINTY_MEASURE_WITH_UNIT (LENGTH_MEASURE( 1.000000000000000082E-05 ), #1377, 'distance_accuracy_value', 'NONE');
#3631 = FACE_OUTER_BOUND ( 'NONE', #5241, .T. ) ;
#3632 =( NAMED_UNIT ( * ) SI_UNIT ( $, .STERADIAN. ) SOLID_ANGLE_UNIT ( ) );
#3633 = ADVANCED_FACE ( 'NONE', ( #2300 ), #4832, .T. ) ;
#3634 = PRESENTATION_STYLE_ASSIGNMENT (( #7744 ) ) ;
#3635 = ADVANCED_FACE ( 'NONE', ( #5591 ), #8058, .F. ) ;
#3636 = MECHANICAL_DESIGN_GEOMETRIC_PRESENTATION_REPRESENTATION (  '', ( #6580 ), #10361 ) ;
#3637 = ORIENTED_EDGE ( 'NONE', *, *, #6223, .T. ) ;
#3638 = PRESENTATION_LAYER_ASSIGNMENT (  '', '', ( #6916 ) ) ;
#3639 = CARTESIAN_POINT ( 'NONE',  ( -1.124565740570890204, 0.5795609655937969951, 7.701000000000002288 ) ) ;
#3640 = CARTESIAN_POINT ( 'NONE',  ( 1.568996007524917191, -1.752587996537268822, 7.701000000000000512 ) ) ;
#3641 = CARTESIAN_POINT ( 'NONE',  ( 0.4721005520403041000, 1.099801510605850074, 7.701000000000000512 ) ) ;
#3642 = CARTESIAN_POINT ( 'NONE',  ( 1.750506843187357386, -1.738306907736339335, 7.700999999999998735 ) ) ;
#3643 = SURFACE_STYLE_FILL_AREA ( #9334 ) ;
#3644 = CARTESIAN_POINT ( 'NONE',  ( 1.590258041323004079, -0.9736561008405419937, 7.701000000000000512 ) ) ;
#3645 = UNCERTAINTY_MEASURE_WITH_UNIT (LENGTH_MEASURE( 1.000000000000000082E-05 ), #5183, 'distance_accuracy_value', 'NONE');
#3646 = STYLED_ITEM ( 'NONE', ( #3404 ), #3635 ) ;
#3647 = ORIENTED_EDGE ( 'NONE', *, *, #5610, .F. ) ;
#3648 =( NAMED_UNIT ( * ) PLANE_ANGLE_UNIT ( ) SI_UNIT ( $, .RADIAN. ) );
#3649 = DIRECTION ( 'NONE',  ( -1.227398685832646557E-16, -1.000000000000000000, 0.0000000000000000000 ) ) ;
#3650 = CARTESIAN_POINT ( 'NONE',  ( 1.027195445959389941, -0.2664898203792049891, 7.701000000000004064 ) ) ;
#3651 =( GEOMETRIC_REPRESENTATION_CONTEXT ( 3 ) GLOBAL_UNCERTAINTY_ASSIGNED_CONTEXT ( ( #6783 ) ) GLOBAL_UNIT_ASSIGNED_CONTEXT ( ( #6886, #7157, #5588 ) ) REPRESENTATION_CONTEXT ( 'NONE', 'WORKASPACE' ) );
#3652 = CARTESIAN_POINT ( 'NONE',  ( 1.218793774962094734, -1.538873609629530792, 7.700000000000001066 ) ) ;
#3653 =( GEOMETRIC_REPRESENTATION_CONTEXT ( 3 ) GLOBAL_UNCERTAINTY_ASSIGNED_CONTEXT ( ( #8166 ) ) GLOBAL_UNIT_ASSIGNED_CONTEXT ( ( #9017, #6625, #8280 ) ) REPRESENTATION_CONTEXT ( 'NONE', 'WORKASPACE' ) );
#3654 = SURFACE_SIDE_STYLE ('',( #416 ) ) ;
#3655 = CARTESIAN_POINT ( 'NONE',  ( -1.268120586739537092, 0.5592689367006601353, 7.700000000000000178 ) ) ;
#3656 = ORIENTED_EDGE ( 'NONE', *, *, #124, .F. ) ;
#3657 = UNCERTAINTY_MEASURE_WITH_UNIT (LENGTH_MEASURE( 1.000000000000000082E-05 ), #6635, 'distance_accuracy_value', 'NONE');
#3658 = PRESENTATION_LAYER_ASSIGNMENT (  '', '', ( #3298 ) ) ;
#3659 = DIRECTION ( 'NONE',  ( 0.0000000000000000000, -0.0000000000000000000, -1.000000000000000000 ) ) ;
#3660 = CARTESIAN_POINT ( 'NONE',  ( -1.300000000000000044, -3.033150177620620003, 1.000000000000000000 ) ) ;
#3661 = SURFACE_SIDE_STYLE ('',( #5286 ) ) ;
#3662 = CARTESIAN_POINT ( 'NONE',  ( -1.091999313048732212, 0.8577375209132624967, 7.701000000000001400 ) ) ;
#3663 = DIRECTION ( 'NONE',  ( -1.227398685832646557E-16, -1.000000000000000000, 0.0000000000000000000 ) ) ;
#3664 = CARTESIAN_POINT ( 'NONE',  ( 1.946913123741486285, 0.05388108045180007438, 7.699999999999999289 ) ) ;
#3665 =( GEOMETRIC_REPRESENTATION_CONTEXT ( 3 ) GLOBAL_UNCERTAINTY_ASSIGNED_CONTEXT ( ( #7649 ) ) GLOBAL_UNIT_ASSIGNED_CONTEXT ( ( #312, #4480, #10003 ) ) REPRESENTATION_CONTEXT ( 'NONE', 'WORKASPACE' ) );
#3666 = ORIENTED_EDGE ( 'NONE', *, *, #9004, .T. ) ;
#3667 = ORIENTED_EDGE ( 'NONE', *, *, #3421, .T. ) ;
#3668 = CARTESIAN_POINT ( 'NONE',  ( 1.147736760421516511, -1.646826105296480547, 7.699999999999998401 ) ) ;
#3669 = FILL_AREA_STYLE ('',( #6227 ) ) ;
#3670 = CARTESIAN_POINT ( 'NONE',  ( 1.887983158113436977, -1.552616197339137250, 7.700000000000001954 ) ) ;
#3671 = CARTESIAN_POINT ( 'NONE',  ( 0.09148684209130628076, -0.2465548950514027948, 7.701000000000001400 ) ) ;
#3672 = CARTESIAN_POINT ( 'NONE',  ( 0.04647161436715990801, 0.1833488461196098873, 7.700000000000000178 ) ) ;
#3673 = ORIENTED_EDGE ( 'NONE', *, *, #2725, .T. ) ;
#3674 = CARTESIAN_POINT ( 'NONE',  ( 0.4000000000000003553, -1.306155281280882541, 0.2999999999999999334 ) ) ;
#3675 = CARTESIAN_POINT ( 'NONE',  ( 0.004479485410879441645, -0.1300761083262164108, 7.700000000000003730 ) ) ;
#3676 = ADVANCED_FACE ( 'NONE', ( #5200 ), #2672, .T. ) ;
#3677 = ORIENTED_EDGE ( 'NONE', *, *, #1664, .T. ) ;
#3678 = CARTESIAN_POINT ( 'NONE',  ( 0.05104820120206260414, 0.1424128501915072620, 7.701000000000002288 ) ) ;
#3679 = CARTESIAN_POINT ( 'NONE',  ( -1.489105496668447604, 0.9481810579583865861, 7.700999999999996959 ) ) ;
#3680 = LINE ( 'NONE', #6983, #9270 ) ;
#3681 = ORIENTED_EDGE ( 'NONE', *, *, #9605, .T. ) ;
#3682 = SURFACE_SIDE_STYLE ('',( #458 ) ) ;
#3683 = CARTESIAN_POINT ( 'NONE',  ( -0.5149773637200018017, 0.1975179055035130304, 7.700000000000000178 ) ) ;
#3684 = CARTESIAN_POINT ( 'NONE',  ( 2.093251204729333459, 1.153961061217854356, 7.700000000000000178 ) ) ;
#3685 = CARTESIAN_POINT ( 'NONE',  ( 2.060239570695362232, -1.137202871304652474, 7.701000000000000512 ) ) ;
#3686 =( GEOMETRIC_REPRESENTATION_CONTEXT ( 3 ) GLOBAL_UNCERTAINTY_ASSIGNED_CONTEXT ( ( #10312 ) ) GLOBAL_UNIT_ASSIGNED_CONTEXT ( ( #9689, #2436, #7404 ) ) REPRESENTATION_CONTEXT ( 'NONE', 'WORKASPACE' ) );
#3687 = ADVANCED_FACE ( 'NONE', ( #8320, #3523 ), #1817, .T. ) ;
#3688 = EDGE_CURVE ( 'NONE', #8188, #1927, #3280, .T. ) ;
#3689 = EDGE_CURVE ( 'NONE', #7741, #227, #7516, .T. ) ;
#3690 = SURFACE_SIDE_STYLE ('',( #5494 ) ) ;
#3691 = CARTESIAN_POINT ( 'NONE',  ( 1.887922903097675853, -1.173115227243371805, 7.700000000000000178 ) ) ;
#3692 = COLOUR_RGB ( '',0.0000000000000000000, 0.0000000000000000000, 0.0000000000000000000 ) ;
#3693 = EDGE_LOOP ( 'NONE', ( #1454, #10032, #9833, #5403, #5440, #6373 ) ) ;
#3694 = FACE_OUTER_BOUND ( 'NONE', #476, .T. ) ;
#3695 = CARTESIAN_POINT ( 'NONE',  ( 0.3092633876279882732, 0.7288892797007604507, 7.701000000000000512 ) ) ;
#3696 = DIRECTION ( 'NONE',  ( -0.0000000000000000000, -0.0000000000000000000, -1.000000000000000000 ) ) ;
#3697 = CARTESIAN_POINT ( 'NONE',  ( 1.460507226055816732, 0.1235885858669403814, 7.700000000000001954 ) ) ;
#3698 = FILL_AREA_STYLE ('',( #474 ) ) ;
#3699 = VERTEX_POINT ( 'NONE', #3458 ) ;
#3700 = CARTESIAN_POINT ( 'NONE',  ( 1.250069111952158085, -1.173115227243371805, 7.699999999999999289 ) ) ;
#3701 =( NAMED_UNIT ( * ) PLANE_ANGLE_UNIT ( ) SI_UNIT ( $, .RADIAN. ) );
#3702 = FACE_OUTER_BOUND ( 'NONE', #4446, .T. ) ;
#3703 = CARTESIAN_POINT ( 'NONE',  ( -1.114521050346650499, 0.7949567008035792748, 7.701000000000002288 ) ) ;
#3704 = DIRECTION ( 'NONE',  ( -0.0000000000000000000, -0.0000000000000000000, 1.000000000000000000 ) ) ;
#3705 = COLOUR_RGB ( '',0.0000000000000000000, 0.0000000000000000000, 0.0000000000000000000 ) ;
#3706 = LINE ( 'NONE', #5397, #1869 ) ;
#3707 = STYLED_ITEM ( 'NONE', ( #2381 ), #7988 ) ;
#3708 = FILL_AREA_STYLE ('',( #10275 ) ) ;
#3709 = VERTEX_POINT ( 'NONE', #8309 ) ;
#3710 = PRESENTATION_LAYER_ASSIGNMENT (  '', '', ( #8364 ) ) ;
#3711 = EDGE_LOOP ( 'NONE', ( #2078, #7804, #8772, #8231 ) ) ;
#3712 = PLANE ( 'NONE',  #6058 ) ;
#3713 = VECTOR ( 'NONE', #7684, 1000.000000000000000 ) ;
#3714 = CARTESIAN_POINT ( 'NONE',  ( 1.513545869038880110, -1.129629892381771583, 7.700999999999999623 ) ) ;
#3715 = FILL_AREA_STYLE_COLOUR ( '', #6705 ) ;
#3716 = DIRECTION ( 'NONE',  ( 1.221593242852756957E-16, -0.0000000000000000000, -1.000000000000000000 ) ) ;
#3717 =( LENGTH_UNIT ( ) NAMED_UNIT ( * ) SI_UNIT ( .MILLI., .METRE. ) );
#3718 = CARTESIAN_POINT ( 'NONE',  ( 1.146707390166274543, -1.238629720337319995, 7.701000000000002288 ) ) ;
#3719 = CARTESIAN_POINT ( 'NONE',  ( 2.168404344971008868E-14, 2.168404344971008868E-14, 1.000000000000000000 ) ) ;
#3720 = CARTESIAN_POINT ( 'NONE',  ( 1.547733783116913564, -0.4964002565048701299, 7.699999999999999289 ) ) ;
#3721 = FILL_AREA_STYLE_COLOUR ( '', #3200 ) ;
#3722 = CARTESIAN_POINT ( 'NONE',  ( -0.1203815101010904942, -0.3907189172742123739, 7.700999999999999623 ) ) ;
#3723 = CIRCLE ( 'NONE', #7695, 2.949999999999998845 ) ;
#3724 = CIRCLE ( 'NONE', #8558, 0.2000000000000000944 ) ;
#3725 = CARTESIAN_POINT ( 'NONE',  ( 1.946913123741486729, -1.201940911777728216, 7.701000000000002288 ) ) ;
#3726 = ORIENTED_EDGE ( 'NONE', *, *, #4895, .F. ) ;
#3727 = UNCERTAINTY_MEASURE_WITH_UNIT (LENGTH_MEASURE( 1.000000000000000082E-05 ), #2099, 'distance_accuracy_value', 'NONE');
#3728 = VERTEX_POINT ( 'NONE', #8420 ) ;
#3729 = AXIS2_PLACEMENT_3D ( 'NONE', #1270, #3716, #438 ) ;
#3730 = DIRECTION ( 'NONE',  ( 0.0000000000000000000, -0.0000000000000000000, -1.000000000000000000 ) ) ;
#3731 = VECTOR ( 'NONE', #763, 1000.000000000000000 ) ;
#3732 =( NAMED_UNIT ( * ) SI_UNIT ( $, .STERADIAN. ) SOLID_ANGLE_UNIT ( ) );
#3733 = CARTESIAN_POINT ( 'NONE',  ( 0.1281439914064398944, -0.1744498169025837375, 7.700000000000000178 ) ) ;
#3734 = PRESENTATION_LAYER_ASSIGNMENT (  '', '', ( #5129 ) ) ;
#3735 = ORIENTED_EDGE ( 'NONE', *, *, #53, .T. ) ;
#3736 =( NAMED_UNIT ( * ) SI_UNIT ( $, .STERADIAN. ) SOLID_ANGLE_UNIT ( ) );
#3737 =( NAMED_UNIT ( * ) PLANE_ANGLE_UNIT ( ) SI_UNIT ( $, .RADIAN. ) );
#3738 = PRESENTATION_STYLE_ASSIGNMENT (( #509 ) ) ;
#3739 = LINE ( 'NONE', #7054, #2279 ) ;
#3740 = DIRECTION ( 'NONE',  ( 0.7459031054819232898, 0.6660544701692370229, -0.0000000000000000000 ) ) ;
#3741 = VECTOR ( 'NONE', #9220, 1000.000000000000000 ) ;
#3742 = UNCERTAINTY_MEASURE_WITH_UNIT (LENGTH_MEASURE( 1.000000000000000082E-05 ), #7306, 'distance_accuracy_value', 'NONE');
#3743 = MECHANICAL_DESIGN_GEOMETRIC_PRESENTATION_REPRESENTATION (  '', ( #3576 ), #175 ) ;
#3744 = DIRECTION ( 'NONE',  ( -1.000000000000000000, 0.0000000000000000000, -1.221593242852756957E-16 ) ) ;
#3745 =( LENGTH_UNIT ( ) NAMED_UNIT ( * ) SI_UNIT ( .MILLI., .METRE. ) );
#3746 = COLOUR_RGB ( '',0.0000000000000000000, 0.0000000000000000000, 0.0000000000000000000 ) ;
#3747 = ADVANCED_FACE ( 'NONE', ( #5084 ), #898, .T. ) ;
#3748 = EDGE_LOOP ( 'NONE', ( #3466, #3870, #6724, #4152 ) ) ;
#3749 = ADVANCED_FACE ( 'NONE', ( #8738 ), #3170, .T. ) ;
#3750 = CARTESIAN_POINT ( 'NONE',  ( -0.07393013485396324191, 0.9933341498664413072, 7.700999999999997847 ) ) ;
#3751 = CARTESIAN_POINT ( 'NONE',  ( 0.3092633876279882732, 0.7288892797007604507, 7.699999999999999289 ) ) ;
#3752 = FILL_AREA_STYLE ('',( #518 ) ) ;
#3753 = COLOUR_RGB ( '',0.0000000000000000000, 0.0000000000000000000, 0.0000000000000000000 ) ;
#3754 = FILL_AREA_STYLE_COLOUR ( '', #1917 ) ;
#3755 = CARTESIAN_POINT ( 'NONE',  ( 1.513535354417957279, -1.596354154760114774, 7.701000000000000512 ) ) ;
#3756 =( LENGTH_UNIT ( ) NAMED_UNIT ( * ) SI_UNIT ( .MILLI., .METRE. ) );
#3757 = EDGE_CURVE ( 'NONE', #9252, #2633, #1723, .T. ) ;
#3758 = CARTESIAN_POINT ( 'NONE',  ( -1.429930011838479675, 0.6175480367402811366, 7.701000000000004064 ) ) ;
#3759 =( GEOMETRIC_REPRESENTATION_CONTEXT ( 3 ) GLOBAL_UNCERTAINTY_ASSIGNED_CONTEXT ( ( #6337 ) ) GLOBAL_UNIT_ASSIGNED_CONTEXT ( ( #5714, #3318, #8975 ) ) REPRESENTATION_CONTEXT ( 'NONE', 'WORKASPACE' ) );
#3760 = EDGE_LOOP ( 'NONE', ( #10116, #651, #1141, #8922 ) ) ;
#3761 =( LENGTH_UNIT ( ) NAMED_UNIT ( * ) SI_UNIT ( .MILLI., .METRE. ) );
#3762 = UNCERTAINTY_MEASURE_WITH_UNIT (LENGTH_MEASURE( 1.000000000000000082E-05 ), #5264, 'distance_accuracy_value', 'NONE');
#3763 = CARTESIAN_POINT ( 'NONE',  ( 2.121589323497139468, 0.8280726953880822583, 7.701000000000000512 ) ) ;
#3764 = EDGE_CURVE ( 'NONE', #6108, #9983, #5062, .T. ) ;
#3765 =( GEOMETRIC_REPRESENTATION_CONTEXT ( 3 ) GLOBAL_UNCERTAINTY_ASSIGNED_CONTEXT ( ( #9968 ) ) GLOBAL_UNIT_ASSIGNED_CONTEXT ( ( #8824, #1462, #673 ) ) REPRESENTATION_CONTEXT ( 'NONE', 'WORKASPACE' ) );
#3766 = STYLED_ITEM ( 'NONE', ( #5131 ), #5024 ) ;
#3767 = EDGE_CURVE ( 'NONE', #4751, #3405, #5817, .T. ) ;
#3768 = SURFACE_STYLE_USAGE ( .BOTH. , #306 ) ;
#3769 = SURFACE_SIDE_STYLE ('',( #7929 ) ) ;
#3770 = PRESENTATION_LAYER_ASSIGNMENT (  '', '', ( #6544 ) ) ;
#3771 = DIRECTION ( 'NONE',  ( 0.0000000000000000000, -1.000000000000000000, 0.0000000000000000000 ) ) ;
#3772 = DIRECTION ( 'NONE',  ( 0.0000000000000000000, 1.000000000000000000, 0.0000000000000000000 ) ) ;
#3773 = CARTESIAN_POINT ( 'NONE',  ( 1.970703161677457294, 0.03622830616508006946, 7.699999999999997513 ) ) ;
#3774 = EDGE_LOOP ( 'NONE', ( #1187, #6781, #6757, #362 ) ) ;
#3775 = MECHANICAL_DESIGN_GEOMETRIC_PRESENTATION_REPRESENTATION (  '', ( #4109 ), #2763 ) ;
#3776 = VECTOR ( 'NONE', #9513, 1000.000000000000000 ) ;
#3777 = CARTESIAN_POINT ( 'NONE',  ( 1.050040676683823504, -1.556825005582771260, 7.700999999999999623 ) ) ;
#3778 = CARTESIAN_POINT ( 'NONE',  ( 1.726842327191958626, -1.589125169373661217, 7.700000000000001954 ) ) ;
#3779 = CARTESIAN_POINT ( 'NONE',  ( 1.991205896491950789, -1.486792461402305587, 7.700000000000000178 ) ) ;
#3780 = CARTESIAN_POINT ( 'NONE',  ( -0.1875116132934132596, 1.106129798311148216, 7.699999999999998401 ) ) ;
#3781 = CARTESIAN_POINT ( 'NONE',  ( 1.568996007524917413, 0.1266726085839973981, 7.701000000000001400 ) ) ;
#3782 = CARTESIAN_POINT ( 'NONE',  ( 0.1648304827136320982, 0.03847657041642719294, 7.701000000000002288 ) ) ;
#3783 =( NAMED_UNIT ( * ) SI_UNIT ( $, .STERADIAN. ) SOLID_ANGLE_UNIT ( ) );
#3784 = CARTESIAN_POINT ( 'NONE',  ( -0.4292541960639698617, -0.3152554317246645255, 7.700000000000000178 ) ) ;
#3785 = ORIENTED_EDGE ( 'NONE', *, *, #8699, .T. ) ;
#3786 =( NAMED_UNIT ( * ) SI_UNIT ( $, .STERADIAN. ) SOLID_ANGLE_UNIT ( ) );
#3787 = STYLED_ITEM ( 'NONE', ( #3057 ), #5546 ) ;
#3788 = ORIENTED_EDGE ( 'NONE', *, *, #2701, .T. ) ;
#3789 = ORIENTED_EDGE ( 'NONE', *, *, #8882, .F. ) ;
#3790 = CARTESIAN_POINT ( 'NONE',  ( -2.073461490767437354, -1.285009036868465460, 7.700000000000000178 ) ) ;
#3791 = CARTESIAN_POINT ( 'NONE',  ( 0.05178501163612356933, 0.1018767546621668907, 7.701000000000000512 ) ) ;
#3792 = CARTESIAN_POINT ( 'NONE',  ( -1.056586687644091693, 0.6237262304884013675, 7.700000000000001954 ) ) ;
#3793 = CARTESIAN_POINT ( 'NONE',  ( -1.310695236763734339, 0.7191878356285535956, 7.700999999999998735 ) ) ;
#3794 =( NAMED_UNIT ( * ) SI_UNIT ( $, .STERADIAN. ) SOLID_ANGLE_UNIT ( ) );
#3795 = CARTESIAN_POINT ( 'NONE',  ( -1.105739463089840058, 0.8139788546604442843, 7.700999999999999623 ) ) ;
#3796 = VERTEX_POINT ( 'NONE', #4898 ) ;
#3797 = CARTESIAN_POINT ( 'NONE',  ( 1.590258041323004079, -0.9736561008405419937, 7.700000000000000178 ) ) ;
#3798 = CARTESIAN_POINT ( 'NONE',  ( 1.624456660631876659, -1.596354154760114108, 7.700999999999997847 ) ) ;
#3799 = FACE_OUTER_BOUND ( 'NONE', #1043, .T. ) ;
#3800 = CARTESIAN_POINT ( 'NONE',  ( 0.0000000000000000000, -1.100000000000000089, 0.2999999999999999889 ) ) ;
#3801 = CARTESIAN_POINT ( 'NONE',  ( 2.950000000000000178, 3.735172737399427639E-16, 0.7000000000000006217 ) ) ;
#3802 = SURFACE_STYLE_FILL_AREA ( #8659 ) ;
#3803 = VECTOR ( 'NONE', #10539, 1000.000000000000000 ) ;
#3804 = CARTESIAN_POINT ( 'NONE',  ( 0.3048310571695536653, 0.5731410306430332335, 7.700000000000000178 ) ) ;
#3805 = ORIENTED_EDGE ( 'NONE', *, *, #392, .T. ) ;
#3806 = SURFACE_STYLE_USAGE ( .BOTH. , #3007 ) ;
#3807 = SURFACE_STYLE_USAGE ( .BOTH. , #9710 ) ;
#3808 = FACE_OUTER_BOUND ( 'NONE', #3283, .T. ) ;
#3809 = DIRECTION ( 'NONE',  ( -0.0000000000000000000, -0.0000000000000000000, -1.000000000000000000 ) ) ;
#3810 = CARTESIAN_POINT ( 'NONE',  ( 1.130209662779901869, -1.465492452968371051, 7.701000000000001400 ) ) ;
#3811 = PRESENTATION_LAYER_ASSIGNMENT (  '', '', ( #3646 ) ) ;
#3812 = VECTOR ( 'NONE', #2902, 1000.000000000000000 ) ;
#3813 = ORIENTED_EDGE ( 'NONE', *, *, #3826, .T. ) ;
#3814 = EDGE_CURVE ( 'NONE', #9377, #3796, #937, .T. ) ;
#3815 = CARTESIAN_POINT ( 'NONE',  ( 0.1651374867073485964, 0.05582731166448170329, 7.700000000000000178 ) ) ;
#3816 = VECTOR ( 'NONE', #7022, 1000.000000000000227 ) ;
#3817 = SURFACE_STYLE_FILL_AREA ( #1422 ) ;
#3818 = PLANE ( 'NONE',  #10274 ) ;
#3819 = FACE_OUTER_BOUND ( 'NONE', #702, .T. ) ;
#3820 = DIRECTION ( 'NONE',  ( 0.9358351905393215153, 0.3524379323345200321, 0.0000000000000000000 ) ) ;
#3821 = CARTESIAN_POINT ( 'NONE',  ( 0.9880645727848885729, -1.362938863479932650, 7.701000000000000512 ) ) ;
#3822 = COLOUR_RGB ( '',0.0000000000000000000, 0.0000000000000000000, 0.0000000000000000000 ) ;
#3823 = ORIENTED_EDGE ( 'NONE', *, *, #6138, .T. ) ;
#3824 = EDGE_CURVE ( 'NONE', #916, #9387, #9824, .T. ) ;
#3825 = STYLED_ITEM ( 'NONE', ( #9100 ), #3164 ) ;
#3826 = EDGE_CURVE ( 'NONE', #657, #1644, #426, .T. ) ;
#3827 = CARTESIAN_POINT ( 'NONE',  ( 1.101712058212668488, -1.353018607922783056, 7.701000000000000512 ) ) ;
#3828 = SURFACE_STYLE_FILL_AREA ( #2981 ) ;
#3829 = FILL_AREA_STYLE_COLOUR ( '', #2865 ) ;
#3830 = DIRECTION ( 'NONE',  ( 0.0000000000000000000, 1.000000000000000000, 0.0000000000000000000 ) ) ;
#3831 = CARTESIAN_POINT ( 'NONE',  ( 0.1112392443729483815, -0.2119122117480990164, 7.700000000000000178 ) ) ;
#3832 = CYLINDRICAL_SURFACE ( 'NONE', #3923, 0.4500000000000000111 ) ;
#3833 = CARTESIAN_POINT ( 'NONE',  ( -0.2012655332982714596, -0.3975825886204186199, 7.700000000000000178 ) ) ;
#3834 = ORIENTED_EDGE ( 'NONE', *, *, #3420, .F. ) ;
#3835 = CARTESIAN_POINT ( 'NONE',  ( -1.492530056027409069, 1.017141081542039638, 7.701000000000000512 ) ) ;
#3836 = CARTESIAN_POINT ( 'NONE',  ( 1.919237200864919890, -1.186529079086537264, 7.700999999999999623 ) ) ;
#3837 = EDGE_LOOP ( 'NONE', ( #9702, #7661, #3594, #1491 ) ) ;
#3838 = UNCERTAINTY_MEASURE_WITH_UNIT (LENGTH_MEASURE( 1.000000000000000082E-05 ), #8890, 'distance_accuracy_value', 'NONE');
#3839 = VERTEX_POINT ( 'NONE', #1112 ) ;
#3840 = CARTESIAN_POINT ( 'NONE',  ( -1.081627333894218168, 0.9682135483569992429, 7.700000000000000178 ) ) ;
#3841 = CARTESIAN_POINT ( 'NONE',  ( 7.850311594798495211E-16, 0.0000000000000000000, 1.373960657446740230 ) ) ;
#3842 = PRESENTATION_STYLE_ASSIGNMENT (( #2291 ) ) ;
#3843 = CARTESIAN_POINT ( 'NONE',  ( -1.477969299938868497, 0.8871885756818428392, 7.700000000000000178 ) ) ;
#3844 = CARTESIAN_POINT ( 'NONE',  ( -1.136530218326099462, 0.7630197865884789099, 7.701000000000000512 ) ) ;
#3845 = ORIENTED_EDGE ( 'NONE', *, *, #4359, .T. ) ;
#3846 = CARTESIAN_POINT ( 'NONE',  ( 0.4500000000000000111, 1.100000000000000089, 0.2999999999999999889 ) ) ;
#3847 = DIRECTION ( 'NONE',  ( -4.005620958826823358E-14, 4.286456587183207564E-14, 1.000000000000000000 ) ) ;
#3848 = CARTESIAN_POINT ( 'NONE',  ( 1.117116516623060773, -0.02711323733051311871, 7.700999999999997847 ) ) ;
#3849 = CARTESIAN_POINT ( 'NONE',  ( 0.6183110346422673320, 0.9041457447709748685, 7.701000000000001400 ) ) ;
#3850 = CARTESIAN_POINT ( 'NONE',  ( 1.904006536338551436, -1.032544301204454618, 7.701000000000001400 ) ) ;
#3851 = UNCERTAINTY_MEASURE_WITH_UNIT (LENGTH_MEASURE( 1.000000000000000082E-05 ), #1698, 'distance_accuracy_value', 'NONE');
#3852 = CARTESIAN_POINT ( 'NONE',  ( 1.692603036816546780, -0.9791857920815134619, 7.700000000000001066 ) ) ;
#3853 =( NAMED_UNIT ( * ) PLANE_ANGLE_UNIT ( ) SI_UNIT ( $, .RADIAN. ) );
#3854 = CARTESIAN_POINT ( 'NONE',  ( 0.07290821202867840689, 0.6669953930368139883, 7.699999999999999289 ) ) ;
#3855 = ORIENTED_EDGE ( 'NONE', *, *, #3025, .T. ) ;
#3856 = FACE_OUTER_BOUND ( 'NONE', #2685, .T. ) ;
#3857 = CARTESIAN_POINT ( 'NONE',  ( 0.9880645727848885729, -0.1071168712504043802, 7.701000000000000512 ) ) ;
#3858 = SURFACE_STYLE_FILL_AREA ( #1572 ) ;
#3859 = EDGE_LOOP ( 'NONE', ( #1547, #5101, #5269, #4307, #6403, #7449, #6924, #3303 ) ) ;
#3860 = UNCERTAINTY_MEASURE_WITH_UNIT (LENGTH_MEASURE( 1.000000000000000082E-05 ), #6520, 'distance_accuracy_value', 'NONE');
#3861 = SURFACE_STYLE_FILL_AREA ( #5558 ) ;
#3862 =( NAMED_UNIT ( * ) SI_UNIT ( $, .STERADIAN. ) SOLID_ANGLE_UNIT ( ) );
#3863 = DIRECTION ( 'NONE',  ( 0.0000000000000000000, 0.0000000000000000000, -1.000000000000000000 ) ) ;
#3864 = FACE_OUTER_BOUND ( 'NONE', #7091, .T. ) ;
#3865 =( NAMED_UNIT ( * ) PLANE_ANGLE_UNIT ( ) SI_UNIT ( $, .RADIAN. ) );
#3866 = EDGE_CURVE ( 'NONE', #648, #2122, #6851, .T. ) ;
#3867 =( NAMED_UNIT ( * ) SI_UNIT ( $, .STERADIAN. ) SOLID_ANGLE_UNIT ( ) );
#3868 = CARTESIAN_POINT ( 'NONE',  ( 1.853175964360080030, 0.09467661219367830283, 7.699999999999998401 ) ) ;
#3869 = CARTESIAN_POINT ( 'NONE',  ( 1.387782162072205727, 0.2682543131396332159, 7.700999999999999623 ) ) ;
#3870 = ORIENTED_EDGE ( 'NONE', *, *, #8694, .F. ) ;
#3871 = DIRECTION ( 'NONE',  ( 0.0000000000000000000, 0.0000000000000000000, -1.000000000000000000 ) ) ;
#3872 = CARTESIAN_POINT ( 'NONE',  ( 1.814688551849216402, -1.574653564717304999, 7.700000000000001954 ) ) ;
#3873 = VECTOR ( 'NONE', #2397, 1000.000000000000000 ) ;
#3874 = CARTESIAN_POINT ( 'NONE',  ( -0.3874558292648735969, 1.054777645530532437, 7.699999999999999289 ) ) ;
#3875 = FACE_OUTER_BOUND ( 'NONE', #8511, .T. ) ;
#3876 = CARTESIAN_POINT ( 'NONE',  ( 0.5911551575292112171, 1.100470832329261128, 7.699999999999998401 ) ) ;
#3877 =( LENGTH_UNIT ( ) NAMED_UNIT ( * ) SI_UNIT ( .MILLI., .METRE. ) );
#3878 = EDGE_CURVE ( 'NONE', #7122, #9371, #10332, .T. ) ;
#3879 = CARTESIAN_POINT ( 'NONE',  ( 0.05104820120206260414, 0.1424128501915072620, 7.700000000000001954 ) ) ;
#3880 = ORIENTED_EDGE ( 'NONE', *, *, #8872, .T. ) ;
#3881 = ADVANCED_FACE ( 'NONE', ( #6157 ), #1761, .T. ) ;
#3882 = CARTESIAN_POINT ( 'NONE',  ( 0.05178501163612356933, 0.1018767546621668907, 7.701000000000000512 ) ) ;
#3883 = MECHANICAL_DESIGN_GEOMETRIC_PRESENTATION_REPRESENTATION (  '', ( #2520 ), #3358 ) ;
#3884 = EDGE_CURVE ( 'NONE', #3709, #9863, #1897, .T. ) ;
#3885 = VECTOR ( 'NONE', #556, 1000.000000000000000 ) ;
#3886 = ORIENTED_EDGE ( 'NONE', *, *, #2659, .T. ) ;
#3887 = B_SPLINE_CURVE_WITH_KNOTS ( 'NONE', 3,
 ( #8083, #744, #10551, #6480, #2378, #1587, #4862, #3361, #3934, #102, #7859, #2800, #5971, #2684, #9234, #183, #1035, #10027, #3590 ),
 .UNSPECIFIED., .F., .F.,
 ( 4, 1, 1, 1, 1, 1, 1, 1, 1, 1, 1, 1, 1, 1, 1, 1, 4 ),
 ( 0.0000000000000000000, 0.05512446635589161870, 0.1082073024476596090, 0.1600630494254705050, 0.2119606837466775917, 0.2644442975682713692, 0.3185698467065769535, 0.3749815850074509904, 0.4347839038291971825, 0.4967676425432615561, 0.5604611832040430341, 0.6261067072605086548, 0.6940677426715109455, 0.7654570646872309592, 0.8400003673168320306, 0.9179818759620875790, 1.000000000000000000 ),
 .UNSPECIFIED. ) ;
#3888 = ORIENTED_EDGE ( 'NONE', *, *, #1344, .F. ) ;
#3889 = CARTESIAN_POINT ( 'NONE',  ( -1.318064303845705609, 0.5665383260742212768, 7.699999999999999289 ) ) ;
#3890 = PRESENTATION_STYLE_ASSIGNMENT (( #4097 ) ) ;
#3891 = CARTESIAN_POINT ( 'NONE',  ( -0.3999999999999996891, 1.000000000000000000, 0.6999999999999999556 ) ) ;
#3892 = FACE_OUTER_BOUND ( 'NONE', #1944, .T. ) ;
#3893 = COLOUR_RGB ( '',0.0000000000000000000, 0.0000000000000000000, 0.0000000000000000000 ) ;
#3894 = ORIENTED_EDGE ( 'NONE', *, *, #110, .T. ) ;
#3895 = SURFACE_STYLE_FILL_AREA ( #1291 ) ;
#3896 = EDGE_CURVE ( 'NONE', #1808, #2122, #3236, .T. ) ;
#3897 = MECHANICAL_DESIGN_GEOMETRIC_PRESENTATION_REPRESENTATION (  '', ( #3555 ), #524 ) ;
#3898 = B_SPLINE_CURVE_WITH_KNOTS ( 'NONE', 3,
 ( #1049, #4306, #91, #9300, #3499, #2597, #9251, #3442, #5828, #8236, #10103 ),
 .UNSPECIFIED., .F., .F.,
 ( 4, 1, 1, 1, 1, 1, 1, 1, 4 ),
 ( 0.0000000000000000000, 0.1562506875537232609, 0.3022282093220775012, 0.4384068130661600837, 0.5658616296338154772, 0.6843310767335580858, 0.7957406958613756354, 0.9003027622054138313, 1.000000000000000000 ),
 .UNSPECIFIED. ) ;
#3899 = CARTESIAN_POINT ( 'NONE',  ( 0.6183110346422673320, 0.9041457447709748685, 7.700000000000001066 ) ) ;
#3900 = CARTESIAN_POINT ( 'NONE',  ( -0.5431189235245065250, -0.007577748696083963509, 7.701000000000000512 ) ) ;
#3901 = VECTOR ( 'NONE', #10323, 1000.000000000000000 ) ;
#3902 = CARTESIAN_POINT ( 'NONE',  ( 1.990263387852893473, -1.079476954794773569, 7.699999999999999289 ) ) ;
#3903 = CARTESIAN_POINT ( 'NONE',  ( 0.5000000000000000000, -1.100000000000000089, -0.0000000000000000000 ) ) ;
#3904 = STYLED_ITEM ( 'NONE', ( #7460 ), #7146 ) ;
#3905 = CARTESIAN_POINT ( 'NONE',  ( 1.991284624883559617, -1.238629720337320217, 7.699999999999999289 ) ) ;
#3906 = ORIENTED_EDGE ( 'NONE', *, *, #1272, .T. ) ;
#3907 =( LENGTH_UNIT ( ) NAMED_UNIT ( * ) SI_UNIT ( .MILLI., .METRE. ) );
#3908 = CARTESIAN_POINT ( 'NONE',  ( 0.3999999999999999667, 3.299999999999999822, 0.2999999999999999889 ) ) ;
#3909 = DIRECTION ( 'NONE',  ( 0.0000000000000000000, 1.000000000000000000, 0.0000000000000000000 ) ) ;
#3910 = VECTOR ( 'NONE', #4131, 1000.000000000000000 ) ;
#3911 = DIRECTION ( 'NONE',  ( -0.0000000000000000000, -0.0000000000000000000, -1.000000000000000000 ) ) ;
#3912 = ORIENTED_EDGE ( 'NONE', *, *, #4217, .F. ) ;
#3913 = DIRECTION ( 'NONE',  ( 1.000000000000000000, 0.0000000000000000000, 5.709050538207424106E-12 ) ) ;
#3914 = PRESENTATION_STYLE_ASSIGNMENT (( #8021 ) ) ;
#3915 =( NAMED_UNIT ( * ) PLANE_ANGLE_UNIT ( ) SI_UNIT ( $, .RADIAN. ) );
#3916 = DIRECTION ( 'NONE',  ( -0.9358337227334573294, -0.3524418298029314833, 0.0000000000000000000 ) ) ;
#3917 = CIRCLE ( 'NONE', #2046, 3.300000000000028244 ) ;
#3918 = CARTESIAN_POINT ( 'NONE',  ( -3.200000000000000178, 3.200000000000000178, 0.0000000000000000000 ) ) ;
#3919 = CARTESIAN_POINT ( 'NONE',  ( 0.02597999591285132109, 0.7108287933837288408, 7.699999999999996625 ) ) ;
#3920 = CARTESIAN_POINT ( 'NONE',  ( 1.027261769593191154, 0.05185493862245163510, 7.701000000000002288 ) ) ;
#3921 = ORIENTED_EDGE ( 'NONE', *, *, #2260, .T. ) ;
#3922 = ADVANCED_BREP_SHAPE_REPRESENTATION ( '572DE5FA-9C1A-48B5-BF31-BAA9CE991F8F', ( #2830, #2202, #2519, #5757, #9289, #2729, #9662, #2745, #2650, #6188, #6224, #8539 ), #6133 ) ;
#3924 = PRESENTATION_STYLE_ASSIGNMENT (( #9578 ) ) ;
#3923 = AXIS2_PLACEMENT_3D ( 'NONE', #545, #2285, #7992 ) ;
#3925 = CARTESIAN_POINT ( 'NONE',  ( -0.1360109584789133130, 0.8928900860487990476, 7.700999999999998735 ) ) ;
#3926 = CARTESIAN_POINT ( 'NONE',  ( 0.3999999999999996891, 1.200000000000000178, 0.0000000000000000000 ) ) ;
#3927 = CARTESIAN_POINT ( 'NONE',  ( 2.148665991867709124, -0.1496435234377002932, 7.701000000000001400 ) ) ;
#3928 = CARTESIAN_POINT ( 'NONE',  ( -2.073461490767437354, 1.224806358137370044, 7.700000000000000178 ) ) ;
#3929 =( GEOMETRIC_REPRESENTATION_CONTEXT ( 3 ) GLOBAL_UNCERTAINTY_ASSIGNED_CONTEXT ( ( #3952 ) ) GLOBAL_UNIT_ASSIGNED_CONTEXT ( ( #1742, #999, #952 ) ) REPRESENTATION_CONTEXT ( 'NONE', 'WORKASPACE' ) );
#3930 = FILL_AREA_STYLE_COLOUR ( '', #4784 ) ;
#3931 = SURFACE_SIDE_STYLE ('',( #4927 ) ) ;
#3932 = CARTESIAN_POINT ( 'NONE',  ( -0.09986820208221466877, 0.8517615915455453157, 7.701000000000000512 ) ) ;
#3933 = AXIS2_PLACEMENT_3D ( 'NONE', #8623, #9305, #2054 ) ;
#3934 = CARTESIAN_POINT ( 'NONE',  ( 2.027767791623391158, -0.3633386768006893752, 7.700999999999999623 ) ) ;
#3935 = ORIENTED_EDGE ( 'NONE', *, *, #1151, .F. ) ;
#3936 = B_SPLINE_SURFACE_WITH_KNOTS ( 'NONE', 3, 1, ( 
 ( #3302, #6668 ),
 ( #9916, #1077 ),
 ( #6881, #6026 ),
 ( #1027, #2794 ),
 ( #10142, #8541 ),
 ( #9281, #6077 ),
 ( #2834, #7686 ),
 ( #6773, #9971 ),
 ( #10081, #8324 ),
 ( #5258, #337 ),
 ( #5961, #2624 ) ),
 .UNSPECIFIED., .F., .F., .F.,
 ( 4, 1, 1, 1, 1, 1, 1, 1, 4 ),
 ( 2, 2 ),
 ( 0.0000000000000000000, 0.1540856661426622531, 0.2978862444114980801, 0.4318221066477336834, 0.5568067543262736896, 0.6745942251951292379, 0.7866704123026140305, 0.8946258579883719086, 1.000000000000000000 ),
 ( 0.0000000000000000000, 1.000000000000000000 ),
 .UNSPECIFIED. ) ;
#3937 = ORIENTED_EDGE ( 'NONE', *, *, #8778, .F. ) ;
#3938 =( GEOMETRIC_REPRESENTATION_CONTEXT ( 3 ) GLOBAL_UNCERTAINTY_ASSIGNED_CONTEXT ( ( #2459 ) ) GLOBAL_UNIT_ASSIGNED_CONTEXT ( ( #941, #5065, #3366 ) ) REPRESENTATION_CONTEXT ( 'NONE', 'WORKASPACE' ) );
#3939 = ADVANCED_FACE ( 'NONE', ( #3397, #1069 ), #7523, .F. ) ;
#3940 = CARTESIAN_POINT ( 'NONE',  ( -1.555848040149226286, 0.7833516017076379567, 7.700000000000000178 ) ) ;
#3941 = CARTESIAN_POINT ( 'NONE',  ( 3.300000000000000266, 1.300000000000002487, 1.599999999999999867 ) ) ;
#3943 = CARTESIAN_POINT ( 'NONE',  ( 0.4626877337693144909, -0.3692444698526123337, 7.701000000000000512 ) ) ;
#3942 = VECTOR ( 'NONE', #807, 1000.000000000000000 ) ;
#3944 = STYLED_ITEM ( 'NONE', ( #2906 ), #5420 ) ;
#3945 = CARTESIAN_POINT ( 'NONE',  ( 1.250008856936397406, -0.2967942051096081335, 7.700999999999996959 ) ) ;
#3946 = CARTESIAN_POINT ( 'NONE',  ( -1.081752403481624603, 0.9579532981405722847, 7.700999999999998735 ) ) ;
#3947 = ORIENTED_EDGE ( 'NONE', *, *, #3563, .F. ) ;
#3948 = FILL_AREA_STYLE ('',( #5537 ) ) ;
#3949 = B_SPLINE_SURFACE_WITH_KNOTS ( 'NONE', 3, 1, ( 
 ( #272, #1751 ),
 ( #5782, #9904 ),
 ( #5193, #7416 ),
 ( #7467, #7518 ),
 ( #1010, #6813 ),
 ( #56, #8586 ),
 ( #7730, #3780 ),
 ( #6275, #382 ),
 ( #8740, #8685 ),
 ( #9523, #6920 ),
 ( #1319, #4594 ) ),
 .UNSPECIFIED., .F., .F., .F.,
 ( 4, 1, 1, 1, 1, 1, 1, 1, 4 ),
 ( 2, 2 ),
 ( 0.0000000000000000000, 0.09982972488810738787, 0.2061426486586745710, 0.3190466912208154704, 0.4395465524904466070, 0.5674691920997388950, 0.7035422743826759140, 0.8472815456256683753, 1.000000000000000000 ),
 ( 0.0000000000000000000, 1.000000000000000000 ),
 .UNSPECIFIED. ) ;
#3950 = CARTESIAN_POINT ( 'NONE',  ( 2.029895727345534251, -1.417331104751459847, 7.701000000000000512 ) ) ;
#3951 = CARTESIAN_POINT ( 'NONE',  ( 1.323346637208148602, 0.1045072249824021554, 7.700999999999998735 ) ) ;
#3952 = UNCERTAINTY_MEASURE_WITH_UNIT (LENGTH_MEASURE( 1.000000000000000082E-05 ), #1742, 'distance_accuracy_value', 'NONE');
#3953 = EDGE_CURVE ( 'NONE', #1855, #8141, #9247, .T. ) ;
#3954 = ADVANCED_FACE ( 'NONE', ( #5173 ), #4874, .T. ) ;
#3955 = CARTESIAN_POINT ( 'NONE',  ( -0.05116206045004765418, 0.7953067455628063387, 7.701000000000000512 ) ) ;
#3956 = STYLED_ITEM ( 'NONE', ( #1200 ), #6222 ) ;
#3957 = FACE_OUTER_BOUND ( 'NONE', #9455, .T. ) ;
#3958 = CARTESIAN_POINT ( 'NONE',  ( 2.368272706508002479, 1.758915685190524991, 7.700000000000000178 ) ) ;
#3959 = CARTESIAN_POINT ( 'NONE',  ( 0.07290821202867840689, 0.6669953930368139883, 7.700999999999999623 ) ) ;
#3960 = CARTESIAN_POINT ( 'NONE',  ( 1.146707390166273877, 0.01719227189220857294, 7.700999999999998735 ) ) ;
#3961 = DIRECTION ( 'NONE',  ( -0.0000000000000000000, -0.0000000000000000000, -1.000000000000000000 ) ) ;
#3962 = CARTESIAN_POINT ( 'NONE',  ( -1.605882531098634214, 1.068946704914435442, 7.701000000000000512 ) ) ;
#3963 = SURFACE_SIDE_STYLE ('',( #3858 ) ) ;
#3964 = ORIENTED_EDGE ( 'NONE', *, *, #1930, .T. ) ;
#3965 = VECTOR ( 'NONE', #2592, 1000.000000000000000 ) ;
#3966 = FILL_AREA_STYLE_COLOUR ( '', #747 ) ;
#3967 = UNCERTAINTY_MEASURE_WITH_UNIT (LENGTH_MEASURE( 1.000000000000000082E-05 ), #8966, 'distance_accuracy_value', 'NONE');
#3968 = CARTESIAN_POINT ( 'NONE',  ( 0.3130270440268375642, 0.5730296264778258486, 7.701000000000000512 ) ) ;
#3969 = DIRECTION ( 'NONE',  ( 0.0000000000000000000, -1.000000000000000000, 0.0000000000000000000 ) ) ;
#3970 = CARTESIAN_POINT ( 'NONE',  ( -1.605882531098634214, 0.9208357560420732391, 7.700000000000000178 ) ) ;
#3971 = DIRECTION ( 'NONE',  ( -0.0000000000000000000, -0.0000000000000000000, -1.000000000000000000 ) ) ;
#3972 =( LENGTH_UNIT ( ) NAMED_UNIT ( * ) SI_UNIT ( .MILLI., .METRE. ) );
#3973 = CARTESIAN_POINT ( 'NONE',  ( 0.1356766302113563694, 0.6198821559692220262, 7.699999999999996625 ) ) ;
#3974 = CARTESIAN_POINT ( 'NONE',  ( 1.189181081725741329, -1.054600471518734484, 7.701000000000001400 ) ) ;
#3975 = ORIENTED_EDGE ( 'NONE', *, *, #7399, .T. ) ;
#3976 = CARTESIAN_POINT ( 'NONE',  ( -3.299999999999998934, -1.300000000000000044, 1.000000000000000000 ) ) ;
#3977 = UNCERTAINTY_MEASURE_WITH_UNIT (LENGTH_MEASURE( 1.000000000000000082E-05 ), #3756, 'distance_accuracy_value', 'NONE');
#3978 = VECTOR ( 'NONE', #4392, 1000.000000000000000 ) ;
#3979 = B_SPLINE_CURVE_WITH_KNOTS ( 'NONE', 3,
 ( #7429, #8326, #3194, #1567, #4841, #4228, #8274, #73, #6725, #8961, #7540, #929, #3416, #9973, #6574, #6621, #3304, #5916, #9864 ),
 .UNSPECIFIED., .F., .F.,
 ( 4, 1, 1, 1, 1, 1, 1, 1, 1, 1, 1, 1, 1, 1, 1, 1, 4 ),
 ( 0.0000000000000000000, 0.04879277686187697555, 0.09542715896032288869, 0.1408030455766614009, 0.1857752127065762371, 0.2315891864624200491, 0.2794867717830586407, 0.3298631687827399683, 0.3840370720222979206, 0.4422896088069718790, 0.5054548246977788040, 0.5735598446335263834, 0.6472034492519678217, 0.7263491921920585126, 0.8115303437582849222, 0.9025925981081204252, 1.000000000000000000 ),
 .UNSPECIFIED. ) ;
#3980 = PRESENTATION_LAYER_ASSIGNMENT (  '', '', ( #4153 ) ) ;
#3981 = CARTESIAN_POINT ( 'NONE',  ( -8.673617379884035472E-16, 4.336808689942017736E-16, 1.599999999999999867 ) ) ;
#3982 = DIRECTION ( 'NONE',  ( -0.0000000000000000000, -0.0000000000000000000, -1.000000000000000000 ) ) ;
#3983 = CARTESIAN_POINT ( 'NONE',  ( -2.073461490767437354, 1.224806358137370044, 7.700000000000000178 ) ) ;
#3984 = CARTESIAN_POINT ( 'NONE',  ( 2.027767791623391158, -0.3633386768006893752, 7.700999999999999623 ) ) ;
#3985 = SURFACE_STYLE_USAGE ( .BOTH. , #8089 ) ;
#3986 = FILL_AREA_STYLE ('',( #7297 ) ) ;
#3987 = VECTOR ( 'NONE', #6283, 1000.000000000000000 ) ;
#3988 = STYLED_ITEM ( 'NONE', ( #2080 ), #2978 ) ;
#3989 = ORIENTED_EDGE ( 'NONE', *, *, #5141, .T. ) ;
#3990 = VERTEX_POINT ( 'NONE', #4355 ) ;
#3991 = CARTESIAN_POINT ( 'NONE',  ( 1.949095422145334267, -1.671778415552940711, 7.700000000000000178 ) ) ;
#3992 = VECTOR ( 'NONE', #265, 1000.000000000000000 ) ;
#3993 = FACE_OUTER_BOUND ( 'NONE', #15, .T. ) ;
#3994 =( LENGTH_UNIT ( ) NAMED_UNIT ( * ) SI_UNIT ( .MILLI., .METRE. ) );
#3995 = ORIENTED_EDGE ( 'NONE', *, *, #1651, .F. ) ;
#3996 = B_SPLINE_CURVE_WITH_KNOTS ( 'NONE', 3,
 ( #7337, #3166, #2373, #10595, #6538, #9836, #2481, #254, #2954, #9137, #4565, #8458, #6993, #5377, #6742, #2699, #3498, #6199, #5986 ),
 .UNSPECIFIED., .F., .F.,
 ( 4, 1, 1, 1, 1, 1, 1, 1, 1, 1, 1, 1, 1, 1, 1, 1, 4 ),
 ( 0.0000000000000000000, 0.04884168492194861794, 0.09515004909164237468, 0.1402139855292552084, 0.1852312310825148800, 0.2310911270572749698, 0.2787743462863227495, 0.3294265104152746537, 0.3836547155553256538, 0.4418124758976762489, 0.5050410062454974147, 0.5731174255263765671, 0.6468348477479597403, 0.7260599234294743409, 0.8113613195948690127, 0.9024949605607301972, 1.000000000000000000 ),
 .UNSPECIFIED. ) ;
#3997 = EDGE_CURVE ( 'NONE', #9838, #7741, #8422, .T. ) ;
#3998 = CARTESIAN_POINT ( 'NONE',  ( 0.6185473869922488710, 0.9168507080903502970, 7.700000000000000178 ) ) ;
#3999 = CARTESIAN_POINT ( 'NONE',  ( -0.4292541960639698617, -0.3152554317246645255, 7.701000000000000512 ) ) ;
#4000 = CARTESIAN_POINT ( 'NONE',  ( 0.5051949119210237260, 0.9389898633776990744, 7.700000000000000178 ) ) ;
#4001 = SURFACE_STYLE_USAGE ( .BOTH. , #6411 ) ;
#4002 = ORIENTED_EDGE ( 'NONE', *, *, #184, .F. ) ;
#4003 = CARTESIAN_POINT ( 'NONE',  ( 1.568996007524917191, -1.129149383645531080, 7.700000000000000178 ) ) ;
#4004 = CARTESIAN_POINT ( 'NONE',  ( 0.1760937976981940267, 0.5990954874106664274, 7.700999999999997847 ) ) ;
#4005 = SURFACE_SIDE_STYLE ('',( #8866 ) ) ;
#4006 = ADVANCED_FACE ( 'NONE', ( #9332 ), #9787, .T. ) ;
#4007 = EDGE_CURVE ( 'NONE', #6254, #8991, #4340, .T. ) ;
#4008 = DIRECTION ( 'NONE',  ( 0.6660544701692369118, -0.7459031054819231787, 0.0000000000000000000 ) ) ;
#4009 = FILL_AREA_STYLE_COLOUR ( '', #10432 ) ;
#4010 = EDGE_CURVE ( 'NONE', #9283, #1868, #6081, .T. ) ;
#4011 = EDGE_LOOP ( 'NONE', ( #1533, #2208, #9269, #5824 ) ) ;
#4012 = CARTESIAN_POINT ( 'NONE',  ( 2.949999999999999734, 3.612708057484692097E-16, 7.500000000000000888 ) ) ;
#4013 = LINE ( 'NONE', #8167, #6022 ) ;
#4014 = FILL_AREA_STYLE_COLOUR ( '', #8212 ) ;
#4015 = SURFACE_SIDE_STYLE ('',( #2422 ) ) ;
#4016 = ORIENTED_EDGE ( 'NONE', *, *, #2061, .T. ) ;
#4017 = LINE ( 'NONE', #7928, #4995 ) ;
#4018 = CARTESIAN_POINT ( 'NONE',  ( 1.568996007524917191, -1.752587996537268822, 7.701000000000000512 ) ) ;
#4019 = CARTESIAN_POINT ( 'NONE',  ( 1.147736760421516955, -0.3910041130669524856, 7.701000000000002288 ) ) ;
#4020 = SURFACE_STYLE_FILL_AREA ( #9480 ) ;
#4021 =( NAMED_UNIT ( * ) SI_UNIT ( $, .STERADIAN. ) SOLID_ANGLE_UNIT ( ) );
#4022 = CARTESIAN_POINT ( 'NONE',  ( 1.692823240631756487, -0.4908677889222521351, 7.700000000000002842 ) ) ;
#4023 = ORIENTED_EDGE ( 'NONE', *, *, #50, .T. ) ;
#4024 = CARTESIAN_POINT ( 'NONE',  ( 1.631805812733147842, 0.2814499733107447832, 7.701000000000002288 ) ) ;
#4025 = B_SPLINE_SURFACE_WITH_KNOTS ( 'NONE', 3, 1, ( 
 ( #2396, #7300 ),
 ( #10467, #3179 ),
 ( #3089, #4037 ),
 ( #4769, #2340 ),
 ( #6496, #8901 ),
 ( #2449, #5735 ),
 ( #8359, #8424 ),
 ( #109, #914 ),
 ( #9959, #2721 ),
 ( #9046, #2556 ),
 ( #219, #159 ),
 ( #1064, #10013 ),
 ( #3286, #10063 ),
 ( #9265, #6607 ),
 ( #9849, #1695 ),
 ( #3391, #7627 ),
 ( #5845, #7577 ),
 ( #4209, #3462 ),
 ( #961, #3332 ) ),
 .UNSPECIFIED., .F., .F., .F.,
 ( 4, 1, 1, 1, 1, 1, 1, 1, 1, 1, 1, 1, 1, 1, 1, 1, 4 ),
 ( 2, 2 ),
 ( 0.0000000000000000000, 0.09740740189187964415, 0.1884696562417149113, 0.2736508078079417094, 0.3527965507480324003, 0.4264401553664738387, 0.4945451753022214181, 0.5577103911930283431, 0.6159629279777023569, 0.6701368312172597541, 0.7205132282169417479, 0.7684108135375797843, 0.8142247872934238462, 0.8591969544233386546, 0.9045728410396769448, 0.9512072231381230036, 1.000000000000000000 ),
 ( 0.0000000000000000000, 1.000000000000000000 ),
 .UNSPECIFIED. ) ;
#4026 = CARTESIAN_POINT ( 'NONE',  ( 3.033150177620620891, 1.300000000000001599, 1.599999999999999867 ) ) ;
#4027 = CARTESIAN_POINT ( 'NONE',  ( -0.2095910546332118152, 0.9624896825049020777, 7.701000000000000512 ) ) ;
#4028 = PLANE ( 'NONE',  #8417 ) ;
#4029 = COLOUR_RGB ( '',0.0000000000000000000, 0.0000000000000000000, 0.0000000000000000000 ) ;
#4030 = CARTESIAN_POINT ( 'NONE',  ( 1.218793774962094734, -0.2830516174000021201, 7.699999999999999289 ) ) ;
#4031 = DIRECTION ( 'NONE',  ( 0.0000000000000000000, 0.0000000000000000000, 1.000000000000000000 ) ) ;
#4032 =( NAMED_UNIT ( * ) SI_UNIT ( $, .STERADIAN. ) SOLID_ANGLE_UNIT ( ) );
#4033 = VERTEX_POINT ( 'NONE', #9435 ) ;
#4034 = VERTEX_POINT ( 'NONE', #286 ) ;
#4035 = SURFACE_STYLE_USAGE ( .BOTH. , #5680 ) ;
#4036 = DIRECTION ( 'NONE',  ( -1.000000000000000000, 0.0000000000000000000, 0.0000000000000000000 ) ) ;
#4037 = CARTESIAN_POINT ( 'NONE',  ( 1.624456660631876659, -0.3405321625305861022, 7.699999999999999289 ) ) ;
#4038 = CARTESIAN_POINT ( 'NONE',  ( 3.300000000000042455, -1.858578643762704985, 1.000000000000000000 ) ) ;
#4039 = CARTESIAN_POINT ( 'NONE',  ( -0.9682748588229931341, -0.4746268490203918722, 7.701000000000000512 ) ) ;
#4040 = MECHANICAL_DESIGN_GEOMETRIC_PRESENTATION_REPRESENTATION (  '', ( #8707 ), #313 ) ;
#4041 = ORIENTED_EDGE ( 'NONE', *, *, #9261, .T. ) ;
#4042 = CARTESIAN_POINT ( 'NONE',  ( 0.4000000000000003553, -1.000000000000000000, 0.2000000000000000111 ) ) ;
#4043 = STYLED_ITEM ( 'NONE', ( #1 ), #8780 ) ;
#4044 = SURFACE_SIDE_STYLE ('',( #4218 ) ) ;
#4045 = SURFACE_STYLE_FILL_AREA ( #812 ) ;
#4046 = CARTESIAN_POINT ( 'NONE',  ( 5.175404217016551598E-16, -3.686287386450715076E-15, 7.701000000000000512 ) ) ;
#4047 = DIRECTION ( 'NONE',  ( 0.0000000000000000000, 1.000000000000000000, 0.0000000000000000000 ) ) ;
#4048 = COLOUR_RGB ( '',0.0000000000000000000, 0.0000000000000000000, 0.0000000000000000000 ) ;
#4049 = AXIS2_PLACEMENT_3D ( 'NONE', #3790, #5255, #4556 ) ;
#4050 =( LENGTH_UNIT ( ) NAMED_UNIT ( * ) SI_UNIT ( .MILLI., .METRE. ) );
#4051 = TOROIDAL_SURFACE ( 'NONE', #7538, 2.950000000000000622, 0.2000000000000002887 ) ;
#4052 = ORIENTED_EDGE ( 'NONE', *, *, #1738, .F. ) ;
#4053 = CARTESIAN_POINT ( 'NONE',  ( 1.677484788994017872, -1.132233406362588068, 7.699999999999999289 ) ) ;
#4054 = CARTESIAN_POINT ( 'NONE',  ( -3.199999999999999289, 3.199999999999999289, 1.599999999999999867 ) ) ;
#4055 = CARTESIAN_POINT ( 'NONE',  ( -0.5422131014846311992, 0.05234714879168542168, 7.701000000000000512 ) ) ;
#4056 =( GEOMETRIC_REPRESENTATION_CONTEXT ( 3 ) GLOBAL_UNCERTAINTY_ASSIGNED_CONTEXT ( ( #2366 ) ) GLOBAL_UNIT_ASSIGNED_CONTEXT ( ( #5343, #6960, #7716 ) ) REPRESENTATION_CONTEXT ( 'NONE', 'WORKASPACE' ) );
#4057 = VECTOR ( 'NONE', #6264, 1000.000000000000000 ) ;
#4058 = CLOSED_SHELL ( 'NONE', ( #4063, #5811, #10052, #6362, #1466, #3083, #6222, #316, #1925, #4554 ) ) ;
#4059 = CARTESIAN_POINT ( 'NONE',  ( 1.299999999999998934, 3.033150177620621335, 0.6999999999999999556 ) ) ;
#4060 = AXIS2_PLACEMENT_3D ( 'NONE', #2548, #5836, #8464 ) ;
#4061 = ORIENTED_EDGE ( 'NONE', *, *, #5808, .F. ) ;
#4062 = UNCERTAINTY_MEASURE_WITH_UNIT (LENGTH_MEASURE( 1.000000000000000082E-05 ), #1747, 'distance_accuracy_value', 'NONE');
#4063 = ADVANCED_FACE ( 'NONE', ( #8654, #10024 ), #9380, .T. ) ;
#4064 = EDGE_CURVE ( 'NONE', #355, #1115, #9148, .T. ) ;
#4065 = VECTOR ( 'NONE', #10346, 1000.000000000000000 ) ;
#4066 = MECHANICAL_DESIGN_GEOMETRIC_PRESENTATION_REPRESENTATION (  '', ( #5127 ), #6677 ) ;
#4067 = ORIENTED_EDGE ( 'NONE', *, *, #6070, .F. ) ;
#4068 = SURFACE_STYLE_FILL_AREA ( #9984 ) ;
#4069 = CARTESIAN_POINT ( 'NONE',  ( 1.101417047856113829, -1.362496080374185681, 7.701000000000000512 ) ) ;
#4070 = CARTESIAN_POINT ( 'NONE',  ( -0.3939838613528476308, 0.1796888904747623028, 7.699999999999999289 ) ) ;
#4071 = ADVANCED_FACE ( 'NONE', ( #4616 ), #2132, .F. ) ;
#4072 = ORIENTED_EDGE ( 'NONE', *, *, #8578, .F. ) ;
#4073 = STYLED_ITEM ( 'NONE', ( #1732 ), #7531 ) ;
#4074 = SURFACE_SIDE_STYLE ('',( #196 ) ) ;
#4075 = DIRECTION ( 'NONE',  ( 0.0000000000000000000, 1.000000000000000000, 0.0000000000000000000 ) ) ;
#4076 = LINE ( 'NONE', #3320, #448 ) ;
#4077 = CARTESIAN_POINT ( 'NONE',  ( 1.050032591455505981, 0.08633012092532109383, 7.701000000000002288 ) ) ;
#4078 = MECHANICAL_DESIGN_GEOMETRIC_PRESENTATION_REPRESENTATION (  '', ( #1385 ), #5484 ) ;
#4079 = STYLED_ITEM ( 'NONE', ( #2323 ), #829 ) ;
#4080 = ORIENTED_EDGE ( 'NONE', *, *, #9086, .F. ) ;
#4081 = CARTESIAN_POINT ( 'NONE',  ( 1.904006536338552102, 0.2232776910250738600, 7.701000000000000512 ) ) ;
#4082 = EDGE_CURVE ( 'NONE', #5149, #9051, #8816, .T. ) ;
#4083 = EDGE_CURVE ( 'NONE', #1808, #5830, #4672, .T. ) ;
#4084 = CARTESIAN_POINT ( 'NONE',  ( 2.110730245456643672, 0.05185493862245162816, 7.700000000000000178 ) ) ;
#4085 =( NAMED_UNIT ( * ) PLANE_ANGLE_UNIT ( ) SI_UNIT ( $, .RADIAN. ) );
#4086 = LINE ( 'NONE', #10552, #8885 ) ;
#4087 = PRESENTATION_STYLE_ASSIGNMENT (( #5725 ) ) ;
#4088 = PLANE ( 'NONE',  #3217 ) ;
#4089 = CARTESIAN_POINT ( 'NONE',  ( -0.1370684324518189889, -0.2366628855447342750, 7.700999999999999623 ) ) ;
#4090 = MECHANICAL_DESIGN_GEOMETRIC_PRESENTATION_REPRESENTATION (  '', ( #9586 ), #356 ) ;
#4091 = CARTESIAN_POINT ( 'NONE',  ( 0.04647161436715990801, 0.1833488461196098873, 7.701000000000000512 ) ) ;
#4092 = ORIENTED_EDGE ( 'NONE', *, *, #4823, .F. ) ;
#4093 = ORIENTED_EDGE ( 'NONE', *, *, #390, .F. ) ;
#4094 = CARTESIAN_POINT ( 'NONE',  ( 0.1622685830803807794, 0.7695972488748396012, 7.700000000000001954 ) ) ;
#4095 = AXIS2_PLACEMENT_3D ( 'NONE', #5577, #8088, #1685 ) ;
#4096 = DIRECTION ( 'NONE',  ( 0.0000000000000000000, 0.0000000000000000000, 1.000000000000000000 ) ) ;
#4097 = SURFACE_STYLE_USAGE ( .BOTH. , #8947 ) ;
#4098 = CARTESIAN_POINT ( 'NONE',  ( 1.167139144490195735, -0.2502706809640748986, 7.700999999999998735 ) ) ;
#4099 = CARTESIAN_POINT ( 'NONE',  ( -0.4500000000000000111, 1.100000000000000089, 0.7000000000000000666 ) ) ;
#4100 = EDGE_LOOP ( 'NONE', ( #2336, #4052, #7921, #5601 ) ) ;
#4101 = AXIS2_PLACEMENT_3D ( 'NONE', #1251, #5384, #8666 ) ;
#4102 =( NAMED_UNIT ( * ) PLANE_ANGLE_UNIT ( ) SI_UNIT ( $, .RADIAN. ) );
#4103 = AXIS2_PLACEMENT_3D ( 'NONE', #2871, #10285, #4595 ) ;
#4104 = FILL_AREA_STYLE ('',( #5906 ) ) ;
#4105 = CARTESIAN_POINT ( 'NONE',  ( 1.587890945854977698, 0.1265088726008923581, 7.701000000000003176 ) ) ;
#4106 =( NAMED_UNIT ( * ) PLANE_ANGLE_UNIT ( ) SI_UNIT ( $, .RADIAN. ) );
#4107 = CARTESIAN_POINT ( 'NONE',  ( -0.4292541960639698617, -0.3152554317246645255, 7.700000000000000178 ) ) ;
#4108 = DIRECTION ( 'NONE',  ( 0.0000000000000000000, 0.0000000000000000000, -1.000000000000000000 ) ) ;
#4109 = STYLED_ITEM ( 'NONE', ( #9075 ), #9464 ) ;
#4110 = MECHANICAL_DESIGN_GEOMETRIC_PRESENTATION_REPRESENTATION (  '', ( #7919 ), #1894 ) ;
#4111 = CARTESIAN_POINT ( 'NONE',  ( -0.3093384122045973461, 1.198405390492281564, 7.700000000000002842 ) ) ;
#4112 = FACE_OUTER_BOUND ( 'NONE', #373, .T. ) ;
#4113 = SURFACE_STYLE_FILL_AREA ( #4173 ) ;
#4114 = ORIENTED_EDGE ( 'NONE', *, *, #5349, .F. ) ;
#4115 = CARTESIAN_POINT ( 'NONE',  ( 1.991284624883559617, -1.238629720337320217, 7.700000000000000178 ) ) ;
#4116 = CARTESIAN_POINT ( 'NONE',  ( 1.189120717648108894, -1.671772131727081057, 7.700000000000000178 ) ) ;
#4117 =( LENGTH_UNIT ( ) NAMED_UNIT ( * ) SI_UNIT ( .MILLI., .METRE. ) );
#4118 =( NAMED_UNIT ( * ) PLANE_ANGLE_UNIT ( ) SI_UNIT ( $, .RADIAN. ) );
#4119 = CARTESIAN_POINT ( 'NONE',  ( 1.130209662779901647, -0.2096704607388426289, 7.700999999999998735 ) ) ;
#4120 =( LENGTH_UNIT ( ) NAMED_UNIT ( * ) SI_UNIT ( .MILLI., .METRE. ) );
#4121 = B_SPLINE_SURFACE_WITH_KNOTS ( 'NONE', 3, 1, ( 
 ( #1437, #695 ),
 ( #4709, #3128 ),
 ( #6436, #6545 ),
 ( #1739, #5769 ),
 ( #9888, #1636 ),
 ( #5022, #899 ),
 ( #4911, #9944 ),
 ( #6594, #4253 ),
 ( #8179, #4968 ),
 ( #3376, #5831 ),
 ( #1834, #8297 ),
 ( #950, #10601 ),
 ( #7342, #2649 ),
 ( #9091, #4084 ),
 ( #995, #4194 ),
 ( #7502, #5074 ),
 ( #7403, #846 ),
 ( #5884, #3270 ),
 ( #3324, #9840 ) ),
 .UNSPECIFIED., .F., .F., .F.,
 ( 4, 1, 1, 1, 1, 1, 1, 1, 1, 1, 1, 1, 1, 1, 1, 1, 4 ),
 ( 2, 2 ),
 ( 0.0000000000000000000, 0.08177341008164715208, 0.1597920021087463061, 0.2343707531132674660, 0.3055165892437902153, 0.3735898685844017963, 0.4395316276707836867, 0.5033798556429252002, 0.5653930701479912280, 0.6252238274067788426, 0.6816623917856322601, 0.7358136798259040656, 0.7884777399877858084, 0.8401442025440497563, 0.8920246090404999606, 0.9451326881817336822, 1.000000000000000000 ),
 ( 0.0000000000000000000, 1.000000000000000000 ),
 .UNSPECIFIED. ) ;
#4122 = ORIENTED_EDGE ( 'NONE', *, *, #2260, .F. ) ;
#4123 = CARTESIAN_POINT ( 'NONE',  ( 0.9971684801081069915, -0.02375504491210921748, 7.700000000000005507 ) ) ;
#4124 = LINE ( 'NONE', #3064, #2798 ) ;
#4125 = MECHANICAL_DESIGN_GEOMETRIC_PRESENTATION_REPRESENTATION (  '', ( #2599 ), #10318 ) ;
#4126 = PLANE ( 'NONE',  #9619 ) ;
#4127 = FILL_AREA_STYLE_COLOUR ( '', #8436 ) ;
#4128 = SURFACE_STYLE_USAGE ( .BOTH. , #1773 ) ;
#4129 = CARTESIAN_POINT ( 'NONE',  ( -0.4283466931210122564, 0.04067761430570299847, 7.699999999999999289 ) ) ;
#4130 = ORIENTED_EDGE ( 'NONE', *, *, #8446, .F. ) ;
#4131 = DIRECTION ( 'NONE',  ( 0.0000000000000000000, 1.000000000000000000, 0.0000000000000000000 ) ) ;
#4132 =( NAMED_UNIT ( * ) SI_UNIT ( $, .STERADIAN. ) SOLID_ANGLE_UNIT ( ) );
#4133 = CARTESIAN_POINT ( 'NONE',  ( -0.04221734278113675048, 0.7849962472461479157, 7.701000000000000512 ) ) ;
#4134 = EDGE_CURVE ( 'NONE', #8808, #9222, #6405, .T. ) ;
#4135 = PRESENTATION_STYLE_ASSIGNMENT (( #199 ) ) ;
#4136 = MECHANICAL_DESIGN_GEOMETRIC_PRESENTATION_REPRESENTATION (  '', ( #6733 ), #6229 ) ;
#4137 = EDGE_LOOP ( 'NONE', ( #9357, #8896, #3290, #7002 ) ) ;
#4138 = CARTESIAN_POINT ( 'NONE',  ( 2.110730245456643672, 0.05185493862245162816, 7.701000000000001400 ) ) ;
#4139 = CARTESIAN_POINT ( 'NONE',  ( -1.266136685412561969, 0.7148711887303961232, 7.701000000000001400 ) ) ;
#4140 = SURFACE_SIDE_STYLE ('',( #6799 ) ) ;
#4141 = B_SPLINE_CURVE_WITH_KNOTS ( 'NONE', 3,
 ( #452, #2885, #4609, #3582, #9427, #7797, #1285, #5256, #5418, #6121, #7894, #8538, #2832, #9280, #7045, #9327, #557, #1182, #10300 ),
 .UNSPECIFIED., .F., .F.,
 ( 4, 1, 1, 1, 1, 1, 1, 1, 1, 1, 1, 1, 1, 1, 1, 1, 4 ),
 ( 0.0000000000000000000, 0.09740740189187964415, 0.1884696562417149113, 0.2736508078079417094, 0.3527965507480324003, 0.4264401553664738387, 0.4945451753022214181, 0.5577103911930283431, 0.6159629279777023569, 0.6701368312172597541, 0.7205132282169417479, 0.7684108135375797843, 0.8142247872934238462, 0.8591969544233386546, 0.9045728410396769448, 0.9512072231381230036, 1.000000000000000000 ),
 .UNSPECIFIED. ) ;
#4142 = VECTOR ( 'NONE', #4910, 1000.000000000000000 ) ;
#4143 = DIRECTION ( 'NONE',  ( -0.0000000000000000000, -0.0000000000000000000, -1.000000000000000000 ) ) ;
#4144 = SURFACE_STYLE_USAGE ( .BOTH. , #2707 ) ;
#4145 = CARTESIAN_POINT ( 'NONE',  ( -0.01055176779929884769, -0.1533874813587814967, 7.699999999999999289 ) ) ;
#4146 = CARTESIAN_POINT ( 'NONE',  ( 1.513535354417957501, -0.3405321625305861022, 7.700000000000000178 ) ) ;
#4147 = CARTESIAN_POINT ( 'NONE',  ( 0.04349010589171211499, -0.01168317895830453014, 7.701000000000001400 ) ) ;
#4148 = FACE_OUTER_BOUND ( 'NONE', #2075, .T. ) ;
#4149 = ADVANCED_FACE ( 'NONE', ( #1503 ), #8055, .F. ) ;
#4150 = ADVANCED_FACE ( 'NONE', ( #9813 ), #2456, .T. ) ;
#4151 = COLOUR_RGB ( '',0.0000000000000000000, 0.0000000000000000000, 0.0000000000000000000 ) ;
#4152 = ORIENTED_EDGE ( 'NONE', *, *, #8446, .T. ) ;
#4153 = STYLED_ITEM ( 'NONE', ( #9817 ), #2830 ) ;
#4154 = VERTEX_POINT ( 'NONE', #811 ) ;
#4155 = ADVANCED_FACE ( 'NONE', ( #8317 ), #2976, .T. ) ;
#4156 = DIRECTION ( 'NONE',  ( -1.000000000000000000, 0.0000000000000000000, 0.0000000000000000000 ) ) ;
#4157 = PLANE ( 'NONE',  #5972 ) ;
#4158 =( LENGTH_UNIT ( ) NAMED_UNIT ( * ) SI_UNIT ( .MILLI., .METRE. ) );
#4159 = CARTESIAN_POINT ( 'NONE',  ( -0.3999999999999996891, 1.300000000000000044, 0.6999999999999999556 ) ) ;
#4160 = MECHANICAL_DESIGN_GEOMETRIC_PRESENTATION_REPRESENTATION (  '', ( #5039 ), #2807 ) ;
#4161 = LINE ( 'NONE', #915, #723 ) ;
#4162 = ORIENTED_EDGE ( 'NONE', *, *, #10580, .F. ) ;
#4163 = AXIS2_PLACEMENT_3D ( 'NONE', #68, #4935, #5913 ) ;
#4164 = CARTESIAN_POINT ( 'NONE',  ( 2.140823534941728390, -1.279577037141637730, 7.700000000000001066 ) ) ;
#4165 = CARTESIAN_POINT ( 'NONE',  ( 0.4901021574219828758, 0.6255202159546073837, 7.700999999999997847 ) ) ;
#4166 = PRESENTATION_STYLE_ASSIGNMENT (( #119 ) ) ;
#4167 = CARTESIAN_POINT ( 'NONE',  ( 0.4721005520403041000, 1.099801510605850074, 7.700000000000000178 ) ) ;
#4168 = UNCERTAINTY_MEASURE_WITH_UNIT (LENGTH_MEASURE( 1.000000000000000082E-05 ), #10192, 'distance_accuracy_value', 'NONE');
#4169 =( GEOMETRIC_REPRESENTATION_CONTEXT ( 3 ) GLOBAL_UNCERTAINTY_ASSIGNED_CONTEXT ( ( #9126 ) ) GLOBAL_UNIT_ASSIGNED_CONTEXT ( ( #9166, #10565, #8200 ) ) REPRESENTATION_CONTEXT ( 'NONE', 'WORKASPACE' ) );
#4170 = MECHANICAL_DESIGN_GEOMETRIC_PRESENTATION_REPRESENTATION (  '', ( #9299 ), #1435 ) ;
#4171 = CARTESIAN_POINT ( 'NONE',  ( 0.3311138967806282474, 0.7293440246084543777, 7.699999999999999289 ) ) ;
#4172 = CARTESIAN_POINT ( 'NONE',  ( -0.4296228996451132431, -0.03584954223178495741, 7.700000000000000178 ) ) ;
#4173 = FILL_AREA_STYLE ('',( #5697 ) ) ;
#4174 = VERTEX_POINT ( 'NONE', #2502 ) ;
#4175 = CARTESIAN_POINT ( 'NONE',  ( -0.9682748588229931341, 0.8887339808754176618, 7.701000000000000512 ) ) ;
#4176 = CARTESIAN_POINT ( 'NONE',  ( 0.1156837131509969030, 0.6333053771991865588, 7.701000000000001400 ) ) ;
#4177 =( GEOMETRIC_REPRESENTATION_CONTEXT ( 3 ) GLOBAL_UNCERTAINTY_ASSIGNED_CONTEXT ( ( #9240 ) ) GLOBAL_UNIT_ASSIGNED_CONTEXT ( ( #6792, #8404, #511 ) ) REPRESENTATION_CONTEXT ( 'NONE', 'WORKASPACE' ) );
#4178 = FILL_AREA_STYLE ('',( #978 ) ) ;
#4179 = CARTESIAN_POINT ( 'NONE',  ( -8.673617379884035472E-16, 4.336808689942017736E-16, 1.599999999999999867 ) ) ;
#4180 = CARTESIAN_POINT ( 'NONE',  ( 1.323303463200618202, -0.3188315724877765489, 7.699999999999998401 ) ) ;
#4181 = EDGE_LOOP ( 'NONE', ( #4903, #6492, #3074, #6034 ) ) ;
#4182 = CARTESIAN_POINT ( 'NONE',  ( 0.0000000000000000000, 1.100000000000000089, 0.7000000000000000666 ) ) ;
#4183 = CARTESIAN_POINT ( 'NONE',  ( 2.121589323497139468, 0.8280726953880822583, 7.700000000000000178 ) ) ;
#4184 =( NAMED_UNIT ( * ) PLANE_ANGLE_UNIT ( ) SI_UNIT ( $, .RADIAN. ) );
#4185 = CARTESIAN_POINT ( 'NONE',  ( 1.117116516623060773, -0.02711323733051311871, 7.699999999999997513 ) ) ;
#4186 = CARTESIAN_POINT ( 'NONE',  ( 1.234053943725264224, -0.4376587090764292864, 7.699999999999995737 ) ) ;
#4187 = VERTEX_POINT ( 'NONE', #5252 ) ;
#4188 = DIRECTION ( 'NONE',  ( -1.000000000000000000, 0.0000000000000000000, 0.0000000000000000000 ) ) ;
#4189 = CARTESIAN_POINT ( 'NONE',  ( -8.673617379884035472E-16, 4.336808689942017736E-16, 1.599999999999999867 ) ) ;
#4190 = CARTESIAN_POINT ( 'NONE',  ( -1.081627333894218168, 1.068946704914435442, 7.701000000000000512 ) ) ;
#4191 =( LENGTH_UNIT ( ) NAMED_UNIT ( * ) SI_UNIT ( .MILLI., .METRE. ) );
#4192 = ORIENTED_EDGE ( 'NONE', *, *, #7326, .F. ) ;
#4193 = DIRECTION ( 'NONE',  ( -1.000000000000000000, 0.0000000000000000000, 0.0000000000000000000 ) ) ;
#4194 = CARTESIAN_POINT ( 'NONE',  ( 2.128493721508961656, 0.01517166443006287210, 7.699999999999998401 ) ) ;
#4195 = DIRECTION ( 'NONE',  ( 0.0000000000000000000, -1.000000000000000000, -1.564774653237898810E-12 ) ) ;
#4196 = FILL_AREA_STYLE_COLOUR ( '', #1335 ) ;
#4197 = EDGE_CURVE ( 'NONE', #10516, #10035, #10135, .T. ) ;
#4198 =( NAMED_UNIT ( * ) SI_UNIT ( $, .STERADIAN. ) SOLID_ANGLE_UNIT ( ) );
#4199 = CARTESIAN_POINT ( 'NONE',  ( 1.568996007524917191, -0.4967660043077405385, 7.700000000000000178 ) ) ;
#4200 = LINE ( 'NONE', #2490, #10294 ) ;
#4201 = FILL_AREA_STYLE_COLOUR ( '', #687 ) ;
#4202 = DIRECTION ( 'NONE',  ( -0.08662961636484137196, 0.9962405881956829523, 0.0000000000000000000 ) ) ;
#4203 = ORIENTED_EDGE ( 'NONE', *, *, #1424, .T. ) ;
#4204 = CARTESIAN_POINT ( 'NONE',  ( 1.804618295758527724, -0.9992071872707958269, 7.700000000000000178 ) ) ;
#4205 = PRESENTATION_STYLE_ASSIGNMENT (( #857 ) ) ;
#4206 =( GEOMETRIC_REPRESENTATION_CONTEXT ( 3 ) GLOBAL_UNCERTAINTY_ASSIGNED_CONTEXT ( ( #7838 ) ) GLOBAL_UNIT_ASSIGNED_CONTEXT ( ( #771, #6512, #6619 ) ) REPRESENTATION_CONTEXT ( 'NONE', 'WORKASPACE' ) );
#4207 = DIRECTION ( 'NONE',  ( 1.221593242852756957E-16, -0.0000000000000000000, -1.000000000000000000 ) ) ;
#4208 = ADVANCED_FACE ( 'NONE', ( #445 ), #9704, .T. ) ;
#4209 = CARTESIAN_POINT ( 'NONE',  ( 2.036275893929965441, -0.1161511478022595467, 7.701000000000000512 ) ) ;
#4210 = EDGE_CURVE ( 'NONE', #146, #7655, #1444, .T. ) ;
#4211 = FILL_AREA_STYLE_COLOUR ( '', #6135 ) ;
#4212 = CARTESIAN_POINT ( 'NONE',  ( 1.016402691552694915, 0.9697632892271136340, 7.701000000000000512 ) ) ;
#4213 = CARTESIAN_POINT ( 'NONE',  ( 0.5000000000000000000, 1.100000000000000089, 0.2999999999999999889 ) ) ;
#4214 = VERTEX_POINT ( 'NONE', #3932 ) ;
#4215 = CARTESIAN_POINT ( 'NONE',  ( 2.027539931693435715, -1.107167481825129807, 7.700000000000001066 ) ) ;
#4216 = B_SPLINE_SURFACE_WITH_KNOTS ( 'NONE', 3, 1, ( 
 ( #5386, #10154 ),
 ( #5329, #357 ),
 ( #8614, #5174 ),
 ( #8456, #3697 ),
 ( #6898, #4356 ),
 ( #4522, #7005 ),
 ( #7656, #296 ),
 ( #10100, #6042 ),
 ( #9297, #1939 ),
 ( #5226, #8506 ),
 ( #1146, #4407 ),
 ( #8067, #6367 ),
 ( #3960, #3109 ),
 ( #2258, #7317 ),
 ( #6418, #2145 ),
 ( #7118, #4792 ),
 ( #9712, #2356 ),
 ( #775, #728 ),
 ( #7169, #9669 ) ),
 .UNSPECIFIED., .F., .F., .F.,
 ( 4, 1, 1, 1, 1, 1, 1, 1, 1, 1, 1, 1, 1, 1, 1, 1, 4 ),
 ( 2, 2 ),
 ( 0.0000000000000000000, 0.09750503943926998318, 0.1886386804051314869, 0.2739400765705257146, 0.3531651522520403153, 0.4268825744736234884, 0.4949589937545025298, 0.5581875241023237511, 0.6163452844446742906, 0.6705734895847256238, 0.7212256537136769730, 0.7689088729427252522, 0.8147687689174850645, 0.8597860144707447638, 0.9048499509083575143, 0.9511583150780513751, 1.000000000000000000 ),
 ( 0.0000000000000000000, 1.000000000000000000 ),
 .UNSPECIFIED. ) ;
#4217 = EDGE_CURVE ( 'NONE', #4283, #578, #2232, .T. ) ;
#4218 = SURFACE_STYLE_FILL_AREA ( #9107 ) ;
#4219 =( NAMED_UNIT ( * ) SI_UNIT ( $, .STERADIAN. ) SOLID_ANGLE_UNIT ( ) );
#4220 = CARTESIAN_POINT ( 'NONE',  ( 0.3130270440268375642, 0.5730296264778258486, 7.701000000000000512 ) ) ;
#4221 =( NAMED_UNIT ( * ) PLANE_ANGLE_UNIT ( ) SI_UNIT ( $, .RADIAN. ) );
#4222 = ORIENTED_EDGE ( 'NONE', *, *, #9468, .F. ) ;
#4223 = FILL_AREA_STYLE ('',( #122 ) ) ;
#4224 = EDGE_CURVE ( 'NONE', #1115, #23, #5433, .T. ) ;
#4225 =( LENGTH_UNIT ( ) NAMED_UNIT ( * ) SI_UNIT ( .MILLI., .METRE. ) );
#4226 = PRESENTATION_LAYER_ASSIGNMENT (  '', '', ( #310 ) ) ;
#4227 = ORIENTED_EDGE ( 'NONE', *, *, #10126, .F. ) ;
#4228 = CARTESIAN_POINT ( 'NONE',  ( 1.130209662779901869, -1.465492452968371051, 7.701000000000001400 ) ) ;
#4229 = CARTESIAN_POINT ( 'NONE',  ( 2.148665991867709124, -1.405465515667228882, 7.699999999999999289 ) ) ;
#4230 = SURFACE_STYLE_USAGE ( .BOTH. , #1766 ) ;
#4231 = CARTESIAN_POINT ( 'NONE',  ( 2.128453715729373030, -1.485505518202610453, 7.700999999999999623 ) ) ;
#4232 = CARTESIAN_POINT ( 'NONE',  ( 1.284860629587200043, -0.3086036480344716004, 7.700000000000002842 ) ) ;
#4233 = CARTESIAN_POINT ( 'NONE',  ( -0.2459123011236401257, 0.9901534577105863821, 7.700999999999999623 ) ) ;
#4234 = CIRCLE ( 'NONE', #148, 3.150000000000000799 ) ;
#4235 = PRESENTATION_LAYER_ASSIGNMENT (  '', '', ( #6832 ) ) ;
#4236 = ORIENTED_EDGE ( 'NONE', *, *, #304, .F. ) ;
#4237 = CARTESIAN_POINT ( 'NONE',  ( 0.9893386402676719316, -0.06473836450270577247, 7.700999999999998735 ) ) ;
#4238 =( NAMED_UNIT ( * ) PLANE_ANGLE_UNIT ( ) SI_UNIT ( $, .RADIAN. ) );
#4239 =( NAMED_UNIT ( * ) SI_UNIT ( $, .STERADIAN. ) SOLID_ANGLE_UNIT ( ) );
#4240 = CARTESIAN_POINT ( 'NONE',  ( 0.01517696417096197313, -0.3307357557091194500, 7.699999999999999289 ) ) ;
#4241 = PRESENTATION_LAYER_ASSIGNMENT (  '', '', ( #9897 ) ) ;
#4242 = PRESENTATION_LAYER_ASSIGNMENT (  '', '', ( #2878 ) ) ;
#4243 = SURFACE_SIDE_STYLE ('',( #7703 ) ) ;
#4244 = MECHANICAL_DESIGN_GEOMETRIC_PRESENTATION_REPRESENTATION (  '', ( #3560 ), #4429 ) ;
#4245 = VERTEX_POINT ( 'NONE', #9587 ) ;
#4246 = FILL_AREA_STYLE ('',( #9248 ) ) ;
#4247 = CARTESIAN_POINT ( 'NONE',  ( -1.197276228481019000, 0.7230088221314526775, 7.700000000000000178 ) ) ;
#4248 = CARTESIAN_POINT ( 'NONE',  ( -0.5149773637200018017, 0.5730296264778258486, 7.700000000000000178 ) ) ;
#4249 =( GEOMETRIC_REPRESENTATION_CONTEXT ( 3 ) GLOBAL_UNCERTAINTY_ASSIGNED_CONTEXT ( ( #10522 ) ) GLOBAL_UNIT_ASSIGNED_CONTEXT ( ( #6762, #4378, #10129 ) ) REPRESENTATION_CONTEXT ( 'NONE', 'WORKASPACE' ) );
#4250 = VECTOR ( 'NONE', #6060, 1000.000000000000000 ) ;
#4251 = LINE ( 'NONE', #3501, #9463 ) ;
#4252 =( GEOMETRIC_REPRESENTATION_CONTEXT ( 3 ) GLOBAL_UNCERTAINTY_ASSIGNED_CONTEXT ( ( #2149 ) ) GLOBAL_UNIT_ASSIGNED_CONTEXT ( ( #2032, #4394, #6829 ) ) REPRESENTATION_CONTEXT ( 'NONE', 'WORKASPACE' ) );
#4253 = CARTESIAN_POINT ( 'NONE',  ( 1.904006536338552102, 0.2232776910250738600, 7.699999999999999289 ) ) ;
#4254 =( NAMED_UNIT ( * ) PLANE_ANGLE_UNIT ( ) SI_UNIT ( $, .RADIAN. ) );
#4255 = CIRCLE ( 'NONE', #1359, 0.1000000000000006994 ) ;
#4256 = LINE ( 'NONE', #423, #1003 ) ;
#4257 = PLANE ( 'NONE',  #5516 ) ;
#4258 = CARTESIAN_POINT ( 'NONE',  ( -0.08776244977907922407, -0.2200534762623247709, 7.700000000000001066 ) ) ;
#4259 = SURFACE_STYLE_USAGE ( .BOTH. , #1743 ) ;
#4260 =( NAMED_UNIT ( * ) PLANE_ANGLE_UNIT ( ) SI_UNIT ( $, .RADIAN. ) );
#4261 = CIRCLE ( 'NONE', #2034, 0.4500000000000000111 ) ;
#4262 = CARTESIAN_POINT ( 'NONE',  ( 2.035705237722671423, -0.07873324837788142627, 7.700000000000001954 ) ) ;
#4263 = VERTEX_POINT ( 'NONE', #5527 ) ;
#4264 = ORIENTED_EDGE ( 'NONE', *, *, #5931, .F. ) ;
#4265 = CARTESIAN_POINT ( 'NONE',  ( 1.445391071436134212, -1.746685097565420230, 7.700000000000000178 ) ) ;
#4266 = SURFACE_STYLE_FILL_AREA ( #8354 ) ;
#4267 = CARTESIAN_POINT ( 'NONE',  ( -0.1928526542890789675, -0.2417229353974841843, 7.701000000000000512 ) ) ;
#4268 = SURFACE_STYLE_FILL_AREA ( #7414 ) ;
#4269 = DIRECTION ( 'NONE',  ( 0.0000000000000000000, 0.0000000000000000000, -1.000000000000000000 ) ) ;
#4270 = DIRECTION ( 'NONE',  ( 0.0000000000000000000, 1.000000000000000000, 0.0000000000000000000 ) ) ;
#4271 = ORIENTED_EDGE ( 'NONE', *, *, #8376, .F. ) ;
#4272 = CARTESIAN_POINT ( 'NONE',  ( -3.299999999999999822, 3.199999999999999289, 0.0000000000000000000 ) ) ;
#4273 = CARTESIAN_POINT ( 'NONE',  ( -0.1114891974168682465, -0.2300156873408740754, 7.701000000000002288 ) ) ;
#4274 = CARTESIAN_POINT ( 'NONE',  ( 0.3462936280282095103, 0.5739336131566803445, 7.701000000000001400 ) ) ;
#4275 = EDGE_CURVE ( 'NONE', #5402, #4187, #1450, .T. ) ;
#4276 = ORIENTED_EDGE ( 'NONE', *, *, #1926, .F. ) ;
#4277 = UNCERTAINTY_MEASURE_WITH_UNIT (LENGTH_MEASURE( 1.000000000000000082E-05 ), #3257, 'distance_accuracy_value', 'NONE');
#4278 = SURFACE_STYLE_FILL_AREA ( #4223 ) ;
#4279 = SURFACE_STYLE_FILL_AREA ( #123 ) ;
#4280 = PRESENTATION_LAYER_ASSIGNMENT (  '', '', ( #4808 ) ) ;
#4281 = SURFACE_SIDE_STYLE ('',( #3585 ) ) ;
#4282 =( GEOMETRIC_REPRESENTATION_CONTEXT ( 3 ) GLOBAL_UNCERTAINTY_ASSIGNED_CONTEXT ( ( #228 ) ) GLOBAL_UNIT_ASSIGNED_CONTEXT ( ( #3229, #5078, #5726 ) ) REPRESENTATION_CONTEXT ( 'NONE', 'WORKASPACE' ) );
#4283 = VERTEX_POINT ( 'NONE', #8690 ) ;
#4284 = FILL_AREA_STYLE ('',( #9284 ) ) ;
#4285 = CARTESIAN_POINT ( 'NONE',  ( 2.149501702799246239, -1.377291607131088780, 7.700999999999999623 ) ) ;
#4286 = AXIS2_PLACEMENT_3D ( 'NONE', #2213, #10493, #9726 ) ;
#4287 = CARTESIAN_POINT ( 'NONE',  ( 2.140828924186927384, -1.446523977661236415, 7.700999999999999623 ) ) ;
#4288 = EDGE_CURVE ( 'NONE', #10095, #548, #2077, .T. ) ;
#4289 =( GEOMETRIC_REPRESENTATION_CONTEXT ( 3 ) GLOBAL_UNCERTAINTY_ASSIGNED_CONTEXT ( ( #7530 ) ) GLOBAL_UNIT_ASSIGNED_CONTEXT ( ( #9808, #2452, #9961 ) ) REPRESENTATION_CONTEXT ( 'NONE', 'WORKASPACE' ) );
#4290 = TOROIDAL_SURFACE ( 'NONE', #3090, 2.949999999999999734, 0.1999999999999998723 ) ;
#4291 = EDGE_CURVE ( 'NONE', #2122, #7818, #10459, .T. ) ;
#4292 = ORIENTED_EDGE ( 'NONE', *, *, #8882, .T. ) ;
#4293 = CARTESIAN_POINT ( 'NONE',  ( 1.387782162072205727, 0.2682543131396332159, 7.699999999999999289 ) ) ;
#4294 = UNCERTAINTY_MEASURE_WITH_UNIT (LENGTH_MEASURE( 1.000000000000000082E-05 ), #9296, 'distance_accuracy_value', 'NONE');
#4295 = CARTESIAN_POINT ( 'NONE',  ( 0.0000000000000000000, -1.100000000000000089, 0.0000000000000000000 ) ) ;
#4296 = LINE ( 'NONE', #4183, #7341 ) ;
#4297 = ORIENTED_EDGE ( 'NONE', *, *, #9336, .F. ) ;
#4298 =( GEOMETRIC_REPRESENTATION_CONTEXT ( 3 ) GLOBAL_UNCERTAINTY_ASSIGNED_CONTEXT ( ( #9533 ) ) GLOBAL_UNIT_ASSIGNED_CONTEXT ( ( #2498, #9905, #3464 ) ) REPRESENTATION_CONTEXT ( 'NONE', 'WORKASPACE' ) );
#4299 =( GEOMETRIC_REPRESENTATION_CONTEXT ( 3 ) GLOBAL_UNCERTAINTY_ASSIGNED_CONTEXT ( ( #10 ) ) GLOBAL_UNIT_ASSIGNED_CONTEXT ( ( #10426, #8010, #126 ) ) REPRESENTATION_CONTEXT ( 'NONE', 'WORKASPACE' ) );
#4300 = DIRECTION ( 'NONE',  ( -1.000000000000000000, 0.0000000000000000000, 0.0000000000000000000 ) ) ;
#4301 = DIRECTION ( 'NONE',  ( 1.227398685832646557E-16, -1.000000000000000000, 0.0000000000000000000 ) ) ;
#4302 = ORIENTED_EDGE ( 'NONE', *, *, #456, .T. ) ;
#4303 = CARTESIAN_POINT ( 'NONE',  ( 0.9880645727848885729, -0.1071168712504043802, 7.701000000000000512 ) ) ;
#4304 = PRESENTATION_STYLE_ASSIGNMENT (( #9835 ) ) ;
#4305 = PLANE ( 'NONE',  #8662 ) ;
#4306 = CARTESIAN_POINT ( 'NONE',  ( -0.1121857385611089719, 0.8657782793101815866, 7.700000000000001066 ) ) ;
#4307 = ORIENTED_EDGE ( 'NONE', *, *, #3420, .T. ) ;
#4308 = COLOUR_RGB ( '',0.0000000000000000000, 0.0000000000000000000, 0.0000000000000000000 ) ;
#4309 = CARTESIAN_POINT ( 'NONE',  ( 1.146707390166274543, -1.238629720337319995, 7.700000000000001954 ) ) ;
#4310 = CARTESIAN_POINT ( 'NONE',  ( 3.199999999999997513, 3.200000000000001510, 1.599999999999999867 ) ) ;
#4311 = DIRECTION ( 'NONE',  ( 0.0000000000000000000, -1.000000000000000000, 0.0000000000000000000 ) ) ;
#4312 = CARTESIAN_POINT ( 'NONE',  ( -2.073461490767437354, -0.2102853348894490049, 7.701000000000000512 ) ) ;
#4313 = PLANE ( 'NONE',  #2759 ) ;
#4314 = MECHANICAL_DESIGN_GEOMETRIC_PRESENTATION_REPRESENTATION (  '', ( #911 ), #10287 ) ;
#4315 = CARTESIAN_POINT ( 'NONE',  ( 2.008236848425914101, 0.9697632892271136340, 7.701000000000000512 ) ) ;
#4316 = ORIENTED_EDGE ( 'NONE', *, *, #7596, .F. ) ;
#4317 = EDGE_LOOP ( 'NONE', ( #3456, #5184, #1124, #5230 ) ) ;
#4318 =( GEOMETRIC_REPRESENTATION_CONTEXT ( 3 ) GLOBAL_UNCERTAINTY_ASSIGNED_CONTEXT ( ( #4527 ) ) GLOBAL_UNIT_ASSIGNED_CONTEXT ( ( #1893, #10106, #257 ) ) REPRESENTATION_CONTEXT ( 'NONE', 'WORKASPACE' ) );
#4319 = CARTESIAN_POINT ( 'NONE',  ( -0.3324544385028451177, -0.2074522004029046574, 7.700999999999998735 ) ) ;
#4320 = CARTESIAN_POINT ( 'NONE',  ( 0.02852317962957789596, 0.8797912196760592218, 7.700000000000001066 ) ) ;
#4321 = FACE_OUTER_BOUND ( 'NONE', #3614, .T. ) ;
#4322 = LINE ( 'NONE', #5146, #6307 ) ;
#4323 = CARTESIAN_POINT ( 'NONE',  ( 1.323303463200618202, -1.574653564717304999, 7.700000000000001066 ) ) ;
#4324 = VERTEX_POINT ( 'NONE', #550 ) ;
#4325 = FILL_AREA_STYLE_COLOUR ( '', #1259 ) ;
#4326 = CARTESIAN_POINT ( 'NONE',  ( 0.5051949119210237260, 0.9389898633776990744, 7.701000000000000512 ) ) ;
#4327 = CARTESIAN_POINT ( 'NONE',  ( 0.05167007909992451381, 0.08836414843925879947, 7.700000000000001954 ) ) ;
#4328 = AXIS2_PLACEMENT_3D ( 'NONE', #8433, #1073, #170 ) ;
#4329 = PRESENTATION_LAYER_ASSIGNMENT (  '', '', ( #2280 ) ) ;
#4330 = CARTESIAN_POINT ( 'NONE',  ( -2.073461490767437354, -0.2102853348894490049, 7.700000000000000178 ) ) ;
#4331 = ORIENTED_EDGE ( 'NONE', *, *, #10384, .F. ) ;
#4332 = CARTESIAN_POINT ( 'NONE',  ( 0.5046777662301892287, 0.9154633062510413311, 7.699999999999999289 ) ) ;
#4333 = DIRECTION ( 'NONE',  ( 0.0000000000000000000, -1.000000000000000000, 0.0000000000000000000 ) ) ;
#4334 = STYLED_ITEM ( 'NONE', ( #3543 ), #3939 ) ;
#4335 = VECTOR ( 'NONE', #4333, 1000.000000000000000 ) ;
#4336 = CYLINDRICAL_SURFACE ( 'NONE', #6128, 0.09999999999999982514 ) ;
#4337 = ADVANCED_FACE ( 'NONE', ( #7145 ), #9530, .T. ) ;
#4338 = ORIENTED_EDGE ( 'NONE', *, *, #5333, .T. ) ;
#4339 = DIRECTION ( 'NONE',  ( 1.221593242852756957E-16, -0.0000000000000000000, -1.000000000000000000 ) ) ;
#4340 = LINE ( 'NONE', #7690, #3978 ) ;
#4341 = LINE ( 'NONE', #3308, #5651 ) ;
#4342 = SURFACE_STYLE_FILL_AREA ( #4942 ) ;
#4343 = CARTESIAN_POINT ( 'NONE',  ( -0.1730817737297938586, 0.9298927345083135565, 7.700999999999999623 ) ) ;
#4344 = AXIS2_PLACEMENT_3D ( 'NONE', #10570, #2192, #8820 ) ;
#4345 = EDGE_LOOP ( 'NONE', ( #1518, #4316, #7299, #10509 ) ) ;
#4346 = CARTESIAN_POINT ( 'NONE',  ( 1.050032591455505981, 0.08633012092532109383, 7.700000000000001954 ) ) ;
#4347 = STYLED_ITEM ( 'NONE', ( #6000 ), #4554 ) ;
#4348 = ADVANCED_FACE ( 'NONE', ( #4148 ), #8139, .T. ) ;
#4349 = ORIENTED_EDGE ( 'NONE', *, *, #1600, .T. ) ;
#4350 = EDGE_CURVE ( 'NONE', #8389, #5253, #3328, .T. ) ;
#4351 = DIRECTION ( 'NONE',  ( -1.141265444721584300E-15, 1.000000000000000000, -0.0000000000000000000 ) ) ;
#4352 = DIRECTION ( 'NONE',  ( 1.000000000000000000, 0.0000000000000000000, 0.0000000000000000000 ) ) ;
#4353 = PRESENTATION_STYLE_ASSIGNMENT (( #1097 ) ) ;
#4354 = VERTEX_POINT ( 'NONE', #3176 ) ;
#4355 = CARTESIAN_POINT ( 'NONE',  ( -0.9682748588229931341, -0.6101184793789655725, 7.701000000000000512 ) ) ;
#4356 = CARTESIAN_POINT ( 'NONE',  ( 1.411166251672157923, 0.1189710746202652103, 7.699999999999996625 ) ) ;
#4357 = DIRECTION ( 'NONE',  ( 1.000000000000000000, -0.0000000000000000000, -0.0000000000000000000 ) ) ;
#4358 = SURFACE_SIDE_STYLE ('',( #1102 ) ) ;
#4359 = EDGE_CURVE ( 'NONE', #9410, #7779, #10608, .T. ) ;
#4360 = FACE_OUTER_BOUND ( 'NONE', #4011, .T. ) ;
#4361 = ORIENTED_EDGE ( 'NONE', *, *, #6021, .T. ) ;
#4362 = PLANE ( 'NONE',  #8103 ) ;
#4363 =( NAMED_UNIT ( * ) SI_UNIT ( $, .STERADIAN. ) SOLID_ANGLE_UNIT ( ) );
#4364 = FILL_AREA_STYLE_COLOUR ( '', #10303 ) ;
#4365 = PLANE ( 'NONE',  #5325 ) ;
#4366 = CARTESIAN_POINT ( 'NONE',  ( -1.242357601280369206, 0.5588605670939227332, 7.701000000000000512 ) ) ;
#4367 = PRESENTATION_STYLE_ASSIGNMENT (( #7619 ) ) ;
#4368 = ORIENTED_EDGE ( 'NONE', *, *, #830, .T. ) ;
#4369 = ORIENTED_EDGE ( 'NONE', *, *, #3226, .T. ) ;
#4370 = CARTESIAN_POINT ( 'NONE',  ( 1.547733783116913564, -1.752222248734398136, 7.699999999999998401 ) ) ;
#4371 = FILL_AREA_STYLE ('',( #9359 ) ) ;
#4372 = CARTESIAN_POINT ( 'NONE',  ( 1.016402691552694915, 0.8280726953880822583, 7.700000000000000178 ) ) ;
#4373 = LINE ( 'NONE', #7576, #3545 ) ;
#4374 = SURFACE_SIDE_STYLE ('',( #3568 ) ) ;
#4375 = FACE_OUTER_BOUND ( 'NONE', #6794, .T. ) ;
#4376 =( LENGTH_UNIT ( ) NAMED_UNIT ( * ) SI_UNIT ( .MILLI., .METRE. ) );
#4377 = CARTESIAN_POINT ( 'NONE',  ( 1.167139144490196179, -1.506092673193603515, 7.700000000000000178 ) ) ;
#4378 =( NAMED_UNIT ( * ) PLANE_ANGLE_UNIT ( ) SI_UNIT ( $, .RADIAN. ) );
#4379 = ORIENTED_EDGE ( 'NONE', *, *, #4618, .T. ) ;
#4380 = CARTESIAN_POINT ( 'NONE',  ( 1.147728627196940687, -1.079476954794773569, 7.699999999999999289 ) ) ;
#4381 = DIRECTION ( 'NONE',  ( 0.0000000000000000000, 0.0000000000000000000, 1.000000000000000000 ) ) ;
#4382 = B_SPLINE_CURVE_WITH_KNOTS ( 'NONE', 3,
 ( #5181, #10046, #3326, #3381, #6051, #4258, #1056, #9946, #9197, #4145, #152, #904, #6850, #9306, #7564, #9147, #3450, #5132, #8462 ),
 .UNSPECIFIED., .F., .F.,
 ( 4, 1, 1, 1, 1, 1, 1, 1, 1, 1, 1, 1, 1, 1, 1, 1, 4 ),
 ( 0.0000000000000000000, 0.06079322453506912083, 0.1180322918011432187, 0.1732475123901614789, 0.2264527877031670133, 0.2791813127137773298, 0.3318445846712992364, 0.3852775914131837953, 0.4410254252427185939, 0.4987672796499300065, 0.5591009711136654126, 0.6222063739540139027, 0.6892596580808473261, 0.7598128818150974295, 0.8351435673540046345, 0.9151437872061035650, 1.000000000000000000 ),
 .UNSPECIFIED. ) ;
#4383 = VERTEX_POINT ( 'NONE', #5838 ) ;
#4384 = UNCERTAINTY_MEASURE_WITH_UNIT (LENGTH_MEASURE( 1.000000000000000082E-05 ), #4464, 'distance_accuracy_value', 'NONE');
#4385 = SURFACE_STYLE_USAGE ( .BOTH. , #10190 ) ;
#4386 = DIRECTION ( 'NONE',  ( 0.0000000000000000000, 0.0000000000000000000, 1.000000000000000000 ) ) ;
#4387 =( NAMED_UNIT ( * ) PLANE_ANGLE_UNIT ( ) SI_UNIT ( $, .RADIAN. ) );
#4388 = B_SPLINE_CURVE_WITH_KNOTS ( 'NONE', 3,
 ( #1539, #10454, #2331, #7941, #3876, #4653, #10604, #5724, #3131, #1439, #5522 ),
 .UNSPECIFIED., .F., .F.,
 ( 4, 1, 1, 1, 1, 1, 1, 1, 4 ),
 ( 0.0000000000000000000, 0.1329970517490920157, 0.2625098420621936879, 0.3895540068480909945, 0.5145037324674920365, 0.6377522831013130444, 0.7597093809229162886, 0.8800743352714840428, 1.000000000000000000 ),
 .UNSPECIFIED. ) ;
#4389 = VERTEX_POINT ( 'NONE', #1690 ) ;
#4390 = FACE_OUTER_BOUND ( 'NONE', #5469, .T. ) ;
#4391 = DIRECTION ( 'NONE',  ( -1.000000000000000000, 0.0000000000000000000, -1.376764663473655970E-16 ) ) ;
#4392 = DIRECTION ( 'NONE',  ( 0.7071067811865512365, -0.7071067811865439090, -0.0000000000000000000 ) ) ;
#4393 = SURFACE_STYLE_USAGE ( .BOTH. , #2031 ) ;
#4394 =( NAMED_UNIT ( * ) PLANE_ANGLE_UNIT ( ) SI_UNIT ( $, .RADIAN. ) );
#4395 = PRESENTATION_STYLE_ASSIGNMENT (( #5057 ) ) ;
#4396 = ORIENTED_EDGE ( 'NONE', *, *, #4413, .F. ) ;
#4397 = SURFACE_SIDE_STYLE ('',( #3802 ) ) ;
#4398 =( GEOMETRIC_REPRESENTATION_CONTEXT ( 3 ) GLOBAL_UNCERTAINTY_ASSIGNED_CONTEXT ( ( #554 ) ) GLOBAL_UNIT_ASSIGNED_CONTEXT ( ( #4376, #5950, #8475 ) ) REPRESENTATION_CONTEXT ( 'NONE', 'WORKASPACE' ) );
#4399 = LINE ( 'NONE', #3312, #7795 ) ;
#4400 = COLOUR_RGB ( '',0.0000000000000000000, 0.0000000000000000000, 0.0000000000000000000 ) ;
#4401 = EDGE_CURVE ( 'NONE', #6166, #3084, #4816, .T. ) ;
#4402 = ORIENTED_EDGE ( 'NONE', *, *, #8303, .F. ) ;
#4403 = CARTESIAN_POINT ( 'NONE',  ( -1.151215160330809617, 0.5701544048096052197, 7.700000000000001954 ) ) ;
#4404 = CARTESIAN_POINT ( 'NONE',  ( 0.4654128810461275467, 0.7991339397219376917, 7.699999999999997513 ) ) ;
#4405 = FILL_AREA_STYLE ('',( #3494 ) ) ;
#4406 = ORIENTED_EDGE ( 'NONE', *, *, #5408, .F. ) ;
#4407 = CARTESIAN_POINT ( 'NONE',  ( 1.191078891308347432, 0.05388108045180030337, 7.699999999999998401 ) ) ;
#4408 = CARTESIAN_POINT ( 'NONE',  ( 1.218793774962094734, -1.538873609629530792, 7.701000000000001400 ) ) ;
#4409 = FILL_AREA_STYLE ('',( #2910 ) ) ;
#4410 = COLOUR_RGB ( '',0.0000000000000000000, 0.0000000000000000000, 0.0000000000000000000 ) ;
#4411 = B_SPLINE_CURVE_WITH_KNOTS ( 'NONE', 3,
 ( #2325, #897, #4024, #792, #844, #8886, #9738, #4081, #4967, #6435, #4753, #8934, #6592, #4138, #5611, #9032, #9687, #7450, #3323 ),
 .UNSPECIFIED., .F., .F.,
 ( 4, 1, 1, 1, 1, 1, 1, 1, 1, 1, 1, 1, 1, 1, 1, 1, 4 ),
 ( 0.0000000000000000000, 0.08177341008164715208, 0.1597920021087463061, 0.2343707531132674660, 0.3055165892437902153, 0.3735898685844017963, 0.4395316276707836867, 0.5033798556429252002, 0.5653930701479912280, 0.6252238274067788426, 0.6816623917856322601, 0.7358136798259040656, 0.7884777399877858084, 0.8401442025440497563, 0.8920246090404999606, 0.9451326881817336822, 1.000000000000000000 ),
 .UNSPECIFIED. ) ;
#4412 = ORIENTED_EDGE ( 'NONE', *, *, #6611, .T. ) ;
#4413 = EDGE_CURVE ( 'NONE', #2027, #9283, #2606, .T. ) ;
#4414 = SURFACE_STYLE_FILL_AREA ( #9194 ) ;
#4415 = UNCERTAINTY_MEASURE_WITH_UNIT (LENGTH_MEASURE( 1.000000000000000082E-05 ), #2158, 'distance_accuracy_value', 'NONE');
#4416 = CARTESIAN_POINT ( 'NONE',  ( -3.299999999999998934, -1.300000000000000044, 1.000000000000000000 ) ) ;
#4417 = STYLED_ITEM ( 'NONE', ( #2983 ), #9005 ) ;
#4418 = EDGE_CURVE ( 'NONE', #9387, #916, #6945, .T. ) ;
#4419 = PLANE ( 'NONE',  #2704 ) ;
#4420 = LINE ( 'NONE', #1110, #4473 ) ;
#4421 = CARTESIAN_POINT ( 'NONE',  ( -1.180130679699342933, 0.7303173638198251494, 7.700999999999998735 ) ) ;
#4422 = FILL_AREA_STYLE_COLOUR ( '', #2453 ) ;
#4423 = PRESENTATION_LAYER_ASSIGNMENT (  '', '', ( #10073 ) ) ;
#4424 = SURFACE_STYLE_FILL_AREA ( #7507 ) ;
#4425 = FILL_AREA_STYLE_COLOUR ( '', #4600 ) ;
#4426 =( LENGTH_UNIT ( ) NAMED_UNIT ( * ) SI_UNIT ( .MILLI., .METRE. ) );
#4427 = CIRCLE ( 'NONE', #851, 3.300000000000001155 ) ;
#4428 = VECTOR ( 'NONE', #9568, 1000.000000000000000 ) ;
#4429 =( GEOMETRIC_REPRESENTATION_CONTEXT ( 3 ) GLOBAL_UNCERTAINTY_ASSIGNED_CONTEXT ( ( #7243 ) ) GLOBAL_UNIT_ASSIGNED_CONTEXT ( ( #2851, #6145, #6842 ) ) REPRESENTATION_CONTEXT ( 'NONE', 'WORKASPACE' ) );
#4430 = ORIENTED_EDGE ( 'NONE', *, *, #3439, .F. ) ;
#4431 = EDGE_CURVE ( 'NONE', #8991, #843, #8982, .T. ) ;
#4432 = EDGE_CURVE ( 'NONE', #9257, #9672, #4918, .T. ) ;
#4433 = VERTEX_POINT ( 'NONE', #8251 ) ;
#4434 = FACE_OUTER_BOUND ( 'NONE', #8530, .T. ) ;
#4435 = AXIS2_PLACEMENT_3D ( 'NONE', #7669, #2655, #311 ) ;
#4436 = CARTESIAN_POINT ( 'NONE',  ( -0.4298476370812195357, -0.01871969251046251559, 7.701000000000001400 ) ) ;
#4437 = CARTESIAN_POINT ( 'NONE',  ( 2.020926007432649829, -1.442443068491664482, 7.700000000000001954 ) ) ;
#4438 = DIRECTION ( 'NONE',  ( -0.0000000000000000000, -0.0000000000000000000, -1.000000000000000000 ) ) ;
#4439 = DIRECTION ( 'NONE',  ( 0.0000000000000000000, 0.0000000000000000000, 1.000000000000000000 ) ) ;
#4440 = VECTOR ( 'NONE', #9436, 1000.000000000000000 ) ;
#4441 = DIRECTION ( 'NONE',  ( 1.227398685832646557E-16, 1.000000000000000000, -0.0000000000000000000 ) ) ;
#4442 = ORIENTED_EDGE ( 'NONE', *, *, #5931, .T. ) ;
#4443 = CARTESIAN_POINT ( 'NONE',  ( 1.772563044153827816, -0.3268051553459658809, 7.701000000000003176 ) ) ;
#4444 = MECHANICAL_DESIGN_GEOMETRIC_PRESENTATION_REPRESENTATION (  '', ( #7711 ), #2042 ) ;
#4445 = DIRECTION ( 'NONE',  ( 1.221593242852756957E-16, -0.0000000000000000000, -1.000000000000000000 ) ) ;
#4446 = EDGE_LOOP ( 'NONE', ( #1442, #2019, #6434, #8678 ) ) ;
#4447 = CARTESIAN_POINT ( 'NONE',  ( 0.5051949119210237260, 0.9389898633776990744, 7.701000000000000512 ) ) ;
#4448 = CARTESIAN_POINT ( 'NONE',  ( 0.04802109958287107544, 0.1694892335373095471, 7.701000000000002288 ) ) ;
#4449 =( GEOMETRIC_REPRESENTATION_CONTEXT ( 3 ) GLOBAL_UNCERTAINTY_ASSIGNED_CONTEXT ( ( #3742 ) ) GLOBAL_UNIT_ASSIGNED_CONTEXT ( ( #7306, #7212, #10474 ) ) REPRESENTATION_CONTEXT ( 'NONE', 'WORKASPACE' ) );
#4450 = FILL_AREA_STYLE_COLOUR ( '', #3692 ) ;
#4451 = ORIENTED_EDGE ( 'NONE', *, *, #9664, .F. ) ;
#4452 = VECTOR ( 'NONE', #2847, 1000.000000000000000 ) ;
#4453 = CARTESIAN_POINT ( 'NONE',  ( -3.033150177620620891, 1.300000000000000044, 1.599999999999999867 ) ) ;
#4454 = CARTESIAN_POINT ( 'NONE',  ( 1.856253339702593985, -1.711881205112635973, 7.700999999999999623 ) ) ;
#4455 = SURFACE_SIDE_STYLE ('',( #4342 ) ) ;
#4456 = CARTESIAN_POINT ( 'NONE',  ( -0.09986820208221466877, 0.8517615915455453157, 7.701000000000000512 ) ) ;
#4457 = VECTOR ( 'NONE', #1896, 1000.000000000000000 ) ;
#4458 = VECTOR ( 'NONE', #5804, 1000.000000000000000 ) ;
#4459 = PRESENTATION_LAYER_ASSIGNMENT (  '', '', ( #7740 ) ) ;
#4460 =( LENGTH_UNIT ( ) NAMED_UNIT ( * ) SI_UNIT ( .MILLI., .METRE. ) );
#4461 = PRESENTATION_LAYER_ASSIGNMENT (  '', '', ( #9263 ) ) ;
#4462 = ORIENTED_EDGE ( 'NONE', *, *, #7459, .T. ) ;
#4463 = FILL_AREA_STYLE_COLOUR ( '', #6384 ) ;
#4464 =( LENGTH_UNIT ( ) NAMED_UNIT ( * ) SI_UNIT ( .MILLI., .METRE. ) );
#4465 = CARTESIAN_POINT ( 'NONE',  ( 1.250008856936398072, -1.552616197339137472, 7.700000000000001066 ) ) ;
#4466 = VECTOR ( 'NONE', #6641, 1000.000000000000000 ) ;
#4467 =( NAMED_UNIT ( * ) SI_UNIT ( $, .STERADIAN. ) SOLID_ANGLE_UNIT ( ) );
#4468 = CARTESIAN_POINT ( 'NONE',  ( -1.251002604892196945, 0.5589975992220820311, 7.700000000000000178 ) ) ;
#4469 = VECTOR ( 'NONE', #3649, 1000.000000000000000 ) ;
#4470 = VERTEX_POINT ( 'NONE', #1162 ) ;
#4471 = CARTESIAN_POINT ( 'NONE',  ( 0.4000000000000000222, 3.649999999999999911, 0.0000000000000000000 ) ) ;
#4472 = MECHANICAL_DESIGN_GEOMETRIC_PRESENTATION_REPRESENTATION (  '', ( #6388 ), #28 ) ;
#4473 = VECTOR ( 'NONE', #1995, 1000.000000000000000 ) ;
#4474 = DIRECTION ( 'NONE',  ( 0.0000000000000000000, 1.000000000000000000, 0.0000000000000000000 ) ) ;
#4475 = DIRECTION ( 'NONE',  ( -1.000000000000000000, 0.0000000000000000000, 0.0000000000000000000 ) ) ;
#4476 = FILL_AREA_STYLE ('',( #5234 ) ) ;
#4477 = EDGE_CURVE ( 'NONE', #1020, #9410, #6857, .T. ) ;
#4478 = CARTESIAN_POINT ( 'NONE',  ( 1.568996007524917191, -1.752587996537268822, 7.701000000000000512 ) ) ;
#4479 = CARTESIAN_POINT ( 'NONE',  ( 2.060239570695361788, 0.1186191209248758094, 7.700000000000000178 ) ) ;
#4480 =( NAMED_UNIT ( * ) PLANE_ANGLE_UNIT ( ) SI_UNIT ( $, .RADIAN. ) );
#4481 = STYLED_ITEM ( 'NONE', ( #9614 ), #5562 ) ;
#4482 = VERTEX_POINT ( 'NONE', #4315 ) ;
#4483 = EDGE_LOOP ( 'NONE', ( #10470, #2806, #9940, #5687 ) ) ;
#4484 = CARTESIAN_POINT ( 'NONE',  ( 0.3092633876279882732, 0.7288892797007604507, 7.700000000000000178 ) ) ;
#4485 = CARTESIAN_POINT ( 'NONE',  ( 1.550101069194856906, -1.129313119628636342, 7.700000000000001954 ) ) ;
#4486 = CARTESIAN_POINT ( 'NONE',  ( -0.2194197205098654402, -0.2413003074717775531, 7.700999999999999623 ) ) ;
#4487 = LINE ( 'NONE', #7032, #10438 ) ;
#4488 = FILL_AREA_STYLE_COLOUR ( '', #1507 ) ;
#4489 = CARTESIAN_POINT ( 'NONE',  ( 1.365419857058584041, -1.143202046146256867, 7.701000000000004064 ) ) ;
#4490 = CARTESIAN_POINT ( 'NONE',  ( 0.1651374867073485964, 0.05582731166448170329, 7.701000000000000512 ) ) ;
#4491 = CARTESIAN_POINT ( 'NONE',  ( 1.365428970896007232, -1.582627147575494941, 7.700000000000001066 ) ) ;
#4492 = EDGE_CURVE ( 'NONE', #9838, #1132, #9950, .T. ) ;
#4493 = CARTESIAN_POINT ( 'NONE',  ( -0.2396311353450527037, -0.3965173793396219448, 7.700000000000000178 ) ) ;
#4494 = ORIENTED_EDGE ( 'NONE', *, *, #5079, .T. ) ;
#4495 = CARTESIAN_POINT ( 'NONE',  ( -0.5433154824878081435, 0.007785344690935144633, 7.701000000000000512 ) ) ;
#4496 = EDGE_CURVE ( 'NONE', #1901, #4263, #7777, .T. ) ;
#4497 = CARTESIAN_POINT ( 'NONE',  ( -0.06572190064978278290, -0.2076363021390852104, 7.701000000000000512 ) ) ;
#4498 = EDGE_CURVE ( 'NONE', #8131, #5121, #10115, .T. ) ;
#4499 = ORIENTED_EDGE ( 'NONE', *, *, #5552, .F. ) ;
#4500 = UNCERTAINTY_MEASURE_WITH_UNIT (LENGTH_MEASURE( 1.000000000000000082E-05 ), #1523, 'distance_accuracy_value', 'NONE');
#4501 = AXIS2_PLACEMENT_3D ( 'NONE', #3437, #1824, #5122 ) ;
#4502 = CARTESIAN_POINT ( 'NONE',  ( -0.2194197205098654402, -0.2413003074717775531, 7.699999999999999289 ) ) ;
#4503 = SURFACE_STYLE_FILL_AREA ( #453 ) ;
#4504 = CARTESIAN_POINT ( 'NONE',  ( 1.009498293540872726, 0.01517166443006292068, 7.699999999999997513 ) ) ;
#4505 = STYLED_ITEM ( 'NONE', ( #9221 ), #3676 ) ;
#4506 = ORIENTED_EDGE ( 'NONE', *, *, #10271, .F. ) ;
#4507 = MECHANICAL_DESIGN_GEOMETRIC_PRESENTATION_REPRESENTATION (  '', ( #10510 ), #1255 ) ;
#4508 = CARTESIAN_POINT ( 'NONE',  ( 1.590332005407798510, -1.752223506030458511, 7.699999999999998401 ) ) ;
#4509 = DIRECTION ( 'NONE',  ( -1.000000000000000000, -0.0000000000000000000, -0.0000000000000000000 ) ) ;
#4510 = FACE_OUTER_BOUND ( 'NONE', #9495, .T. ) ;
#4511 = CARTESIAN_POINT ( 'NONE',  ( -1.081627333894218168, -1.285009036868465460, 7.700000000000000178 ) ) ;
#4512 = CARTESIAN_POINT ( 'NONE',  ( 2.149927442264945476, -1.362938863479932650, 7.701000000000000512 ) ) ;
#4513 = UNCERTAINTY_MEASURE_WITH_UNIT (LENGTH_MEASURE( 1.000000000000000082E-05 ), #1687, 'distance_accuracy_value', 'NONE');
#4514 = PRESENTATION_LAYER_ASSIGNMENT (  '', '', ( #9311 ) ) ;
#4515 = B_SPLINE_CURVE_WITH_KNOTS ( 'NONE', 3,
 ( #563, #3797, #5481, #4776, #7105, #9542, #9703, #5688, #6447, #1755, #4215, #4928, #3182, #7304, #115, #4164, #6655, #8952, #2500 ),
 .UNSPECIFIED., .F., .F.,
 ( 4, 1, 1, 1, 1, 1, 1, 1, 1, 1, 1, 1, 1, 1, 1, 1, 4 ),
 ( 0.0000000000000000000, 0.08177341008164717984, 0.1597920021087463616, 0.2343707531132675492, 0.3055165892437903263, 0.3735898685844019074, 0.4395316276707837977, 0.5033798556429253113, 0.5653930701479915610, 0.6252238274067789536, 0.6816623917856324821, 0.7358136798259042877, 0.7884777399877862525, 0.8401442025440502004, 0.8920246090405005157, 0.9451326881817342374, 1.000000000000000000 ),
 .UNSPECIFIED. ) ;
#4516 = VECTOR ( 'NONE', #408, 1000.000000000000000 ) ;
#4517 = CARTESIAN_POINT ( 'NONE',  ( 0.5902092682244426403, 0.1833488461196098873, 7.701000000000000512 ) ) ;
#4518 = ORIENTED_EDGE ( 'NONE', *, *, #10134, .F. ) ;
#4519 = CARTESIAN_POINT ( 'NONE',  ( -1.210432217585673653, 0.5595500061980924755, 7.700000000000001954 ) ) ;
#4520 = DIRECTION ( 'NONE',  ( -1.000000000000000000, -0.0000000000000000000, -0.0000000000000000000 ) ) ;
#4521 =( GEOMETRIC_REPRESENTATION_CONTEXT ( 3 ) GLOBAL_UNCERTAINTY_ASSIGNED_CONTEXT ( ( #883 ) ) GLOBAL_UNIT_ASSIGNED_CONTEXT ( ( #9054, #3399, #7474 ) ) REPRESENTATION_CONTEXT ( 'NONE', 'WORKASPACE' ) );
#4522 = CARTESIAN_POINT ( 'NONE',  ( 1.365419857058584041, 0.1126199460832721100, 7.701000000000003176 ) ) ;
#4523 = CARTESIAN_POINT ( 'NONE',  ( 1.550098799887320355, -1.596600845378255862, 7.699999999999999289 ) ) ;
#4524 = MECHANICAL_DESIGN_GEOMETRIC_PRESENTATION_REPRESENTATION (  '', ( #7622 ), #3653 ) ;
#4525 = CARTESIAN_POINT ( 'NONE',  ( -1.268120586739537092, 0.5592689367006601353, 7.701000000000000512 ) ) ;
#4526 = ORIENTED_EDGE ( 'NONE', *, *, #8358, .T. ) ;
#4527 = UNCERTAINTY_MEASURE_WITH_UNIT (LENGTH_MEASURE( 1.000000000000000082E-05 ), #1893, 'distance_accuracy_value', 'NONE');
#4528 = STYLED_ITEM ( 'NONE', ( #4367 ), #4541 ) ;
#4529 = DIRECTION ( 'NONE',  ( 0.0000000000000000000, -1.000000000000000000, 0.0000000000000000000 ) ) ;
#4530 =( LENGTH_UNIT ( ) NAMED_UNIT ( * ) SI_UNIT ( .MILLI., .METRE. ) );
#4531 = DIRECTION ( 'NONE',  ( -1.000000000000000000, 0.0000000000000000000, 0.0000000000000000000 ) ) ;
#4532 = PRESENTATION_STYLE_ASSIGNMENT (( #368 ) ) ;
#4533 = SURFACE_STYLE_USAGE ( .BOTH. , #483 ) ;
#4534 = PRESENTATION_STYLE_ASSIGNMENT (( #9406 ) ) ;
#4535 = CARTESIAN_POINT ( 'NONE',  ( 2.128493721508961656, 0.01517166443006287210, 7.699999999999999289 ) ) ;
#4536 = CARTESIAN_POINT ( 'NONE',  ( 1.887922903097676075, 0.08270676498615640859, 7.700000000000001066 ) ) ;
#4537 = AXIS2_PLACEMENT_3D ( 'NONE', #1595, #5728, #1642 ) ;
#4538 = ORIENTED_EDGE ( 'NONE', *, *, #2314, .F. ) ;
#4539 = ORIENTED_EDGE ( 'NONE', *, *, #9610, .T. ) ;
#4540 = CARTESIAN_POINT ( 'NONE',  ( 1.282125838424072795, -1.711835829564932077, 7.701000000000000512 ) ) ;
#4541 = ADVANCED_FACE ( 'NONE', ( #1114 ), #429, .T. ) ;
#4542 = CARTESIAN_POINT ( 'NONE',  ( 1.460507226055815844, -1.132233406362588068, 7.699999999999997513 ) ) ;
#4543 = SURFACE_SIDE_STYLE ('',( #8682 ) ) ;
#4544 = DIRECTION ( 'NONE',  ( -1.000000000000000000, 0.0000000000000000000, 0.0000000000000000000 ) ) ;
#4545 = CARTESIAN_POINT ( 'NONE',  ( 0.5902092682244426403, -0.3692444698526123337, 7.700000000000000178 ) ) ;
#4546 = CARTESIAN_POINT ( 'NONE',  ( 1.191078891308347876, -1.201940911777728438, 7.701000000000002288 ) ) ;
#4547 = SURFACE_STYLE_FILL_AREA ( #7087 ) ;
#4548 = CARTESIAN_POINT ( 'NONE',  ( 1.299999999999998712, 3.300000000000000711, 0.6999999999999999556 ) ) ;
#4549 = CARTESIAN_POINT ( 'NONE',  ( -0.3442615834157584653, -0.3712071442600711757, 7.700000000000000178 ) ) ;
#4550 = EDGE_LOOP ( 'NONE', ( #9846, #3126, #4979, #4875 ) ) ;
#4551 = CARTESIAN_POINT ( 'NONE',  ( -0.9682748588229931341, -0.8882753741191777852, 7.700000000000000178 ) ) ;
#4552 = CARTESIAN_POINT ( 'NONE',  ( 0.05178501163612356933, 0.1018767546621668907, 7.700000000000000178 ) ) ;
#4553 = ORIENTED_EDGE ( 'NONE', *, *, #7927, .T. ) ;
#4554 = ADVANCED_FACE ( 'NONE', ( #1058 ), #3338, .T. ) ;
#4555 = EDGE_CURVE ( 'NONE', #5310, #2992, #4748, .T. ) ;
#4556 = DIRECTION ( 'NONE',  ( -1.000000000000000000, 0.0000000000000000000, -0.0000000000000000000 ) ) ;
#4557 = SURFACE_SIDE_STYLE ('',( #4503 ) ) ;
#4558 = PLANE ( 'NONE',  #9883 ) ;
#4559 = CARTESIAN_POINT ( 'NONE',  ( 0.04323097051167338473, -0.3062510900678760417, 7.700000000000000178 ) ) ;
#4560 = ADVANCED_FACE ( 'NONE', ( #536 ), #9868, .T. ) ;
#4561 = EDGE_LOOP ( 'NONE', ( #2713, #6036, #9424, #9785 ) ) ;
#4562 = CARTESIAN_POINT ( 'NONE',  ( 1.009498293540872726, -1.240650327799465380, 7.700999999999998735 ) ) ;
#4563 = CARTESIAN_POINT ( 'NONE',  ( 0.5051949119210237260, 0.9389898633776990744, 7.701000000000000512 ) ) ;
#4564 = CARTESIAN_POINT ( 'NONE',  ( -0.3324544385028451177, -0.2074522004029046574, 7.699999999999998401 ) ) ;
#4565 = CARTESIAN_POINT ( 'NONE',  ( 1.887922903097676075, 0.08270676498615640859, 7.700000000000001066 ) ) ;
#4566 = EDGE_CURVE ( 'NONE', #7818, #7997, #8235, .T. ) ;
#4567 = CARTESIAN_POINT ( 'NONE',  ( -3.199999999999999289, 3.299999999999999822, 0.0000000000000000000 ) ) ;
#4568 = EDGE_CURVE ( 'NONE', #3529, #7569, #4076, .T. ) ;
#4569 = SURFACE_STYLE_USAGE ( .BOTH. , #1297 ) ;
#4570 = FACE_OUTER_BOUND ( 'NONE', #5524, .T. ) ;
#4571 = AXIS2_PLACEMENT_3D ( 'NONE', #231, #3477, #1235 ) ;
#4572 = ORIENTED_EDGE ( 'NONE', *, *, #2917, .T. ) ;
#4573 = CARTESIAN_POINT ( 'NONE',  ( 0.4000000000000003553, -1.297519430014755670, 0.2999999999999999889 ) ) ;
#4574 = CARTESIAN_POINT ( 'NONE',  ( 1.130209662779901869, -1.465492452968371051, 7.700000000000001066 ) ) ;
#4575 = PRESENTATION_STYLE_ASSIGNMENT (( #7065 ) ) ;
#4576 = CARTESIAN_POINT ( 'NONE',  ( 1.016402691552694915, 0.9697632892271136340, 7.700000000000000178 ) ) ;
#4577 = CIRCLE ( 'NONE', #8016, 2.949999999999999289 ) ;
#4578 = ORIENTED_EDGE ( 'NONE', *, *, #777, .T. ) ;
#4579 = CARTESIAN_POINT ( 'NONE',  ( 0.4088771311534046271, 0.5857983936182773466, 7.701000000000002288 ) ) ;
#4580 = AXIS2_PLACEMENT_3D ( 'NONE', #5924, #938, #9181 ) ;
#4581 = FACE_OUTER_BOUND ( 'NONE', #5926, .T. ) ;
#4582 = VECTOR ( 'NONE', #2115, 1000.000000000000000 ) ;
#4583 = SURFACE_STYLE_FILL_AREA ( #2969 ) ;
#4584 = VECTOR ( 'NONE', #2612, 1000.000000000000000 ) ;
#4585 = LINE ( 'NONE', #9516, #7878 ) ;
#4586 = DIRECTION ( 'NONE',  ( 0.3524418298029314278, -0.9358337227334573294, 0.0000000000000000000 ) ) ;
#4587 = CARTESIAN_POINT ( 'NONE',  ( 1.568996007524917413, 0.1266726085839973981, 7.701000000000002288 ) ) ;
#4588 = ORIENTED_EDGE ( 'NONE', *, *, #6147, .T. ) ;
#4589 = CARTESIAN_POINT ( 'NONE',  ( 0.9884906633286030253, -1.377291376749998131, 7.699999999999999289 ) ) ;
#4590 = VECTOR ( 'NONE', #9697, 1000.000000000000000 ) ;
#4591 = CARTESIAN_POINT ( 'NONE',  ( 1.218754814184914714, -1.186529079086537264, 7.700000000000000178 ) ) ;
#4592 = CARTESIAN_POINT ( 'NONE',  ( -0.9682748588229931341, -0.4746268490203918722, 7.700000000000000178 ) ) ;
#4593 = LINE ( 'NONE', #6274, #3368 ) ;
#4594 = CARTESIAN_POINT ( 'NONE',  ( -0.05935354790636666877, 0.9775119935776857005, 7.700000000000000178 ) ) ;
#4595 = DIRECTION ( 'NONE',  ( -1.000000000000000000, 0.0000000000000000000, 0.0000000000000000000 ) ) ;
#4596 = CARTESIAN_POINT ( 'NONE',  ( 0.01517696417096197313, -0.3307357557091194500, 7.700999999999999623 ) ) ;
#4597 = CARTESIAN_POINT ( 'NONE',  ( -0.5427353214198598064, -0.03756017665639558439, 7.700000000000001066 ) ) ;
#4598 = ORIENTED_EDGE ( 'NONE', *, *, #2840, .F. ) ;
#4599 = LINE ( 'NONE', #1280, #1748 ) ;
#4600 = COLOUR_RGB ( '',0.0000000000000000000, 0.0000000000000000000, 0.0000000000000000000 ) ;
#4601 = AXIS2_PLACEMENT_3D ( 'NONE', #7762, #8717, #1942 ) ;
#4602 = DIRECTION ( 'NONE',  ( 1.000000000000000000, 0.0000000000000000000, 0.0000000000000000000 ) ) ;
#4603 = CIRCLE ( 'NONE', #5457, 3.299999999999999822 ) ;
#4604 = ORIENTED_EDGE ( 'NONE', *, *, #6155, .F. ) ;
#4605 = UNCERTAINTY_MEASURE_WITH_UNIT (LENGTH_MEASURE( 1.000000000000000082E-05 ), #9430, 'distance_accuracy_value', 'NONE');
#4606 = ORIENTED_EDGE ( 'NONE', *, *, #10480, .T. ) ;
#4607 = MECHANICAL_DESIGN_GEOMETRIC_PRESENTATION_REPRESENTATION (  '', ( #9736 ), #4782 ) ;
#4608 = LINE ( 'NONE', #500, #7172 ) ;
#4609 = CARTESIAN_POINT ( 'NONE',  ( 1.624456660631876659, -0.3405321625305861022, 7.699999999999999289 ) ) ;
#4610 = STYLED_ITEM ( 'NONE', ( #2247 ), #582 ) ;
#4611 = LINE ( 'NONE', #5475, #9889 ) ;
#4612 =( NAMED_UNIT ( * ) PLANE_ANGLE_UNIT ( ) SI_UNIT ( $, .RADIAN. ) );
#4613 = FILL_AREA_STYLE ('',( #7956 ) ) ;
#4614 = EDGE_LOOP ( 'NONE', ( #4578, #4067, #6019, #3104 ) ) ;
#4615 = DIRECTION ( 'NONE',  ( 0.0000000000000000000, -0.0000000000000000000, 1.000000000000000000 ) ) ;
#4616 = FACE_OUTER_BOUND ( 'NONE', #1216, .T. ) ;
#4617 = CARTESIAN_POINT ( 'NONE',  ( -2.073461490767437354, -1.440868690091399840, 7.701000000000000512 ) ) ;
#4618 = EDGE_CURVE ( 'NONE', #3159, #9528, #5607, .T. ) ;
#4619 = MECHANICAL_DESIGN_GEOMETRIC_PRESENTATION_REPRESENTATION (  '', ( #6544 ), #4282 ) ;
#4620 = CARTESIAN_POINT ( 'NONE',  ( 0.4999999999999995559, -3.299999999999999822, 0.2999999999999999889 ) ) ;
#4621 = CARTESIAN_POINT ( 'NONE',  ( -0.3126806904540531673, -0.2179960772391698887, 7.700000000000000178 ) ) ;
#4622 = FILL_AREA_STYLE ('',( #4677 ) ) ;
#4623 = COLOUR_RGB ( '',0.7529411764705882248, 0.7529411764705882248, 0.7529411764705882248 ) ;
#4624 = UNCERTAINTY_MEASURE_WITH_UNIT (LENGTH_MEASURE( 1.000000000000000082E-05 ), #9934, 'distance_accuracy_value', 'NONE');
#4625 = STYLED_ITEM ( 'NONE', ( #8917 ), #7663 ) ;
#4626 = CARTESIAN_POINT ( 'NONE',  ( 1.587890945854977254, -1.129313119628636120, 7.701000000000000512 ) ) ;
#4627 = EDGE_LOOP ( 'NONE', ( #3063, #6178, #7606, #4412 ) ) ;
#4628 = CARTESIAN_POINT ( 'NONE',  ( 0.3311138967806282474, 0.7293440246084543777, 7.700999999999999623 ) ) ;
#4629 = SURFACE_SIDE_STYLE ('',( #7116 ) ) ;
#4630 =( NAMED_UNIT ( * ) SI_UNIT ( $, .STERADIAN. ) SOLID_ANGLE_UNIT ( ) );
#4631 = DIRECTION ( 'NONE',  ( 0.0000000000000000000, -1.000000000000000000, 0.0000000000000000000 ) ) ;
#4632 = EDGE_CURVE ( 'NONE', #299, #10511, #8769, .T. ) ;
#4633 = EDGE_CURVE ( 'NONE', #9779, #4919, #5911, .T. ) ;
#4634 = CARTESIAN_POINT ( 'NONE',  ( -0.5149773637200018017, -1.466107327118977510, 7.701000000000000512 ) ) ;
#4635 = CARTESIAN_POINT ( 'NONE',  ( -1.364976726896315107, 0.5815247863426020736, 7.700999999999999623 ) ) ;
#4636 = ORIENTED_EDGE ( 'NONE', *, *, #5945, .T. ) ;
#4637 = UNCERTAINTY_MEASURE_WITH_UNIT (LENGTH_MEASURE( 1.000000000000000082E-05 ), #734, 'distance_accuracy_value', 'NONE');
#4638 = CARTESIAN_POINT ( 'NONE',  ( 1.101417047856113829, -1.362496080374185681, 7.700000000000000178 ) ) ;
#4639 = FILL_AREA_STYLE ('',( #1469 ) ) ;
#4640 = VECTOR ( 'NONE', #5668, 1000.000000000000000 ) ;
#4641 = DIRECTION ( 'NONE',  ( -9.856383386231860060E-17, -1.000000000000000000, 0.0000000000000000000 ) ) ;
#4642 = B_SPLINE_SURFACE_WITH_KNOTS ( 'NONE', 3, 1, ( 
 ( #4490, #6922 ),
 ( #3782, #10286 ),
 ( #7788, #2827 ),
 ( #7991, #1275 ),
 ( #2934, #4712 ),
 ( #440, #5357 ),
 ( #8638, #1321 ),
 ( #6173, #3831 ),
 ( #3671, #7833 ),
 ( #8743, #5410 ),
 ( #3622, #7088 ),
 ( #4596, #6113 ),
 ( #2011, #2227 ),
 ( #5303, #10348 ),
 ( #4654, #7942 ),
 ( #600, #6972 ),
 ( #6326, #2872 ),
 ( #9416, #9582 ),
 ( #8799, #2072 ) ),
 .UNSPECIFIED., .F., .F., .F.,
 ( 4, 1, 1, 1, 1, 1, 1, 1, 1, 1, 1, 1, 1, 1, 1, 1, 4 ),
 ( 2, 2 ),
 ( 0.0000000000000000000, 0.07892075106553421426, 0.1534101027825333918, 0.2242139872176850679, 0.2916263406767256594, 0.3560610751190479983, 0.4182641619041364001, 0.4782624703334373839, 0.5371489620315242908, 0.5946617482379432662, 0.6508083624384229937, 0.7061148000342777342, 0.7613672189639572041, 0.8179825083596923285, 0.8761130692821925692, 0.9364988963608892325, 1.000000000000000000 ),
 ( 0.0000000000000000000, 1.000000000000000000 ),
 .UNSPECIFIED. ) ;
#4643 = CARTESIAN_POINT ( 'NONE',  ( -0.2102565378644359606, 1.125185479184296344, 7.701000000000000512 ) ) ;
#4644 = CARTESIAN_POINT ( 'NONE',  ( 0.5902092682244426403, -0.9024444335030809006, 7.700000000000000178 ) ) ;
#4645 = AXIS2_PLACEMENT_3D ( 'NONE', #1425, #1525, #4901 ) ;
#4646 = CARTESIAN_POINT ( 'NONE',  ( 1.919237200864919668, 0.06929291314299113047, 7.699999999999999289 ) ) ;
#4647 = EDGE_LOOP ( 'NONE', ( #212, #9773, #7143, #6336 ) ) ;
#4648 = AXIS2_PLACEMENT_3D ( 'NONE', #7456, #5076, #8183 ) ;
#4649 = CARTESIAN_POINT ( 'NONE',  ( 1.027195445959389941, -1.522311812608733828, 7.700000000000002842 ) ) ;
#4650 = PLANE ( 'NONE',  #5784 ) ;
#4651 = CARTESIAN_POINT ( 'NONE',  ( 3.033150177620620003, 1.300000000000001155, 0.6999999999999999556 ) ) ;
#4652 = CARTESIAN_POINT ( 'NONE',  ( 0.5902092682244426403, -0.9024444335030809006, 7.701000000000000512 ) ) ;
#4653 = CARTESIAN_POINT ( 'NONE',  ( 0.6011415258921141147, 1.063663863840197399, 7.700000000000000178 ) ) ;
#4654 = CARTESIAN_POINT ( 'NONE',  ( -0.08293457220496511240, -0.3815515112248016316, 7.700999999999999623 ) ) ;
#4655 = CARTESIAN_POINT ( 'NONE',  ( 0.3999999999999996891, 1.000000000000000000, 0.2999999999999999889 ) ) ;
#4656 =( LENGTH_UNIT ( ) NAMED_UNIT ( * ) SI_UNIT ( .MILLI., .METRE. ) );
#4657 = ORIENTED_EDGE ( 'NONE', *, *, #2801, .F. ) ;
#4658 = CARTESIAN_POINT ( 'NONE',  ( 0.4400878336105685795, 1.172987552826100455, 7.701000000000001400 ) ) ;
#4659 = VECTOR ( 'NONE', #3209, 1000.000000000000000 ) ;
#4660 =( LENGTH_UNIT ( ) NAMED_UNIT ( * ) SI_UNIT ( .MILLI., .METRE. ) );
#4661 = ORIENTED_EDGE ( 'NONE', *, *, #7266, .T. ) ;
#4662 = ORIENTED_EDGE ( 'NONE', *, *, #8565, .F. ) ;
#4663 = VECTOR ( 'NONE', #6976, 1000.000000000000000 ) ;
#4664 = CARTESIAN_POINT ( 'NONE',  ( 1.590332005407798510, -1.752223506030458511, 7.699999999999998401 ) ) ;
#4665 = DIRECTION ( 'NONE',  ( 1.227398685832646557E-16, 1.000000000000000000, 0.0000000000000000000 ) ) ;
#4666 = CARTESIAN_POINT ( 'NONE',  ( -1.555848040149226286, 0.7833516017076379567, 7.700000000000000178 ) ) ;
#4667 = CARTESIAN_POINT ( 'NONE',  ( -1.358406264136680530, 0.7335132613001567048, 7.700000000000000178 ) ) ;
#4668 = DIRECTION ( 'NONE',  ( -1.000000000000000000, 0.0000000000000000000, -1.376764663473655970E-16 ) ) ;
#4669 = CARTESIAN_POINT ( 'NONE',  ( -1.197276228481019000, 0.7230088221314526775, 7.701000000000000512 ) ) ;
#4670 = ORIENTED_EDGE ( 'NONE', *, *, #7911, .F. ) ;
#4671 = CARTESIAN_POINT ( 'NONE',  ( -1.256748052217145695, 0.7147202203168572243, 7.701000000000000512 ) ) ;
#4672 = LINE ( 'NONE', #2298, #6600 ) ;
#4673 = CARTESIAN_POINT ( 'NONE',  ( 2.007775029551842838, -0.004132289727723002445, 7.701000000000002288 ) ) ;
#4674 = COLOUR_RGB ( '',0.0000000000000000000, 0.0000000000000000000, 0.0000000000000000000 ) ;
#4675 = SURFACE_STYLE_USAGE ( .BOTH. , #7307 ) ;
#4676 = CARTESIAN_POINT ( 'NONE',  ( -0.2449741633412926556, -0.2383616543033810764, 7.701000000000002288 ) ) ;
#4677 = FILL_AREA_STYLE_COLOUR ( '', #1283 ) ;
#4678 = CARTESIAN_POINT ( 'NONE',  ( 0.5911551575292112171, 1.100470832329261128, 7.700999999999998735 ) ) ;
#4679 = CIRCLE ( 'NONE', #3271, 3.022727272727273817 ) ;
#4680 = EDGE_CURVE ( 'NONE', #10105, #1771, #3996, .T. ) ;
#4681 = PRESENTATION_LAYER_ASSIGNMENT (  '', '', ( #7268 ) ) ;
#4682 = CARTESIAN_POINT ( 'NONE',  ( 0.1760937976981940267, 0.5990954874106664274, 7.699999999999997513 ) ) ;
#4683 = VERTEX_POINT ( 'NONE', #5176 ) ;
#4684 = CARTESIAN_POINT ( 'NONE',  ( -3.199999999999997513, -1.858578643762704985, 1.000000000000000000 ) ) ;
#4685 = FILL_AREA_STYLE ('',( #6416 ) ) ;
#4686 =( NAMED_UNIT ( * ) PLANE_ANGLE_UNIT ( ) SI_UNIT ( $, .RADIAN. ) );
#4687 = CYLINDRICAL_SURFACE ( 'NONE', #4799, 0.5000000000000000000 ) ;
#4688 =( NAMED_UNIT ( * ) SI_UNIT ( $, .STERADIAN. ) SOLID_ANGLE_UNIT ( ) );
#4689 = COLOUR_RGB ( '',0.0000000000000000000, 0.0000000000000000000, 0.0000000000000000000 ) ;
#4690 = VECTOR ( 'NONE', #5220, 1000.000000000000000 ) ;
#4691 = ORIENTED_EDGE ( 'NONE', *, *, #2119, .F. ) ;
#4692 = EDGE_CURVE ( 'NONE', #4433, #9222, #2596, .T. ) ;
#4693 = EDGE_CURVE ( 'NONE', #9139, #9856, #1103, .T. ) ;
#4694 = MECHANICAL_DESIGN_GEOMETRIC_PRESENTATION_REPRESENTATION (  '', ( #3474 ), #2966 ) ;
#4695 = FILL_AREA_STYLE_COLOUR ( '', #2530 ) ;
#4696 = DIRECTION ( 'NONE',  ( -0.0000000000000000000, -0.0000000000000000000, -1.000000000000000000 ) ) ;
#4697 = LINE ( 'NONE', #8075, #10124 ) ;
#4698 =( NAMED_UNIT ( * ) PLANE_ANGLE_UNIT ( ) SI_UNIT ( $, .RADIAN. ) );
#4699 = ADVANCED_FACE ( 'NONE', ( #4360 ), #1890, .T. ) ;
#4700 = LINE ( 'NONE', #2057, #6335 ) ;
#4701 = CARTESIAN_POINT ( 'NONE',  ( 1.853175964360080030, 0.09467661219367830283, 7.700999999999999623 ) ) ;
#4702 = CARTESIAN_POINT ( 'NONE',  ( 1.077752444354472372, -1.137202871304652696, 7.699999999999998401 ) ) ;
#4703 = MECHANICAL_DESIGN_GEOMETRIC_PRESENTATION_REPRESENTATION (  '', ( #6085 ), #4521 ) ;
#4704 = ORIENTED_EDGE ( 'NONE', *, *, #641, .T. ) ;
#4705 = VECTOR ( 'NONE', #2631, 1000.000000000000000 ) ;
#4706 = CARTESIAN_POINT ( 'NONE',  ( 2.949999999999998845, 3.735172737399426653E-16, 7.700000000000000178 ) ) ;
#4707 = CARTESIAN_POINT ( 'NONE',  ( 2.020926007432649829, -1.442443068491664482, 7.700000000000001954 ) ) ;
#4708 = ADVANCED_FACE ( 'NONE', ( #10310 ), #4305, .F. ) ;
#4709 = CARTESIAN_POINT ( 'NONE',  ( 1.590258041323004523, 0.2821658913889864007, 7.701000000000002288 ) ) ;
#4710 =( NAMED_UNIT ( * ) PLANE_ANGLE_UNIT ( ) SI_UNIT ( $, .RADIAN. ) );
#4711 = DIRECTION ( 'NONE',  ( 0.0000000000000000000, 0.0000000000000000000, -1.000000000000000000 ) ) ;
#4712 = CARTESIAN_POINT ( 'NONE',  ( 0.1521028560131126584, -0.09055910310314017886, 7.700000000000002842 ) ) ;
#4713 = CARTESIAN_POINT ( 'NONE',  ( -1.300000000000000044, -3.033150177620620003, 0.6999999999999999556 ) ) ;
#4714 = VERTEX_POINT ( 'NONE', #3801 ) ;
#4715 = SURFACE_STYLE_FILL_AREA ( #8804 ) ;
#4716 = ORIENTED_EDGE ( 'NONE', *, *, #7191, .F. ) ;
#4717 = ORIENTED_EDGE ( 'NONE', *, *, #7720, .F. ) ;
#4718 = LINE ( 'NONE', #3940, #10237 ) ;
#4719 = CARTESIAN_POINT ( 'NONE',  ( -2.949999999999999734, 0.0000000000000000000, 7.500000000000000888 ) ) ;
#4720 = LINE ( 'NONE', #3943, #7179 ) ;
#4721 = DIRECTION ( 'NONE',  ( -3.250374050297393521E-15, 1.000000000000000000, 0.0000000000000000000 ) ) ;
#4722 = SURFACE_STYLE_FILL_AREA ( #4613 ) ;
#4723 = EDGE_LOOP ( 'NONE', ( #157, #1876, #5932, #6078 ) ) ;
#4724 = PRESENTATION_STYLE_ASSIGNMENT (( #5538 ) ) ;
#4725 = CARTESIAN_POINT ( 'NONE',  ( 1.919237200864919668, 0.06929291314299113047, 7.700999999999999623 ) ) ;
#4726 = DIRECTION ( 'NONE',  ( -0.0000000000000000000, -0.0000000000000000000, -1.000000000000000000 ) ) ;
#4727 = CARTESIAN_POINT ( 'NONE',  ( 2.110730245456643672, -1.203967053607077231, 7.701000000000003176 ) ) ;
#4728 = UNCERTAINTY_MEASURE_WITH_UNIT (LENGTH_MEASURE( 1.000000000000000082E-05 ), #6699, 'distance_accuracy_value', 'NONE');
#4729 = CARTESIAN_POINT ( 'NONE',  ( 1.631805812733146954, -0.9743720189187837777, 7.700000000000001066 ) ) ;
#4730 = CARTESIAN_POINT ( 'NONE',  ( 0.6144299228480069042, 0.9901137721476838127, 7.699999999999999289 ) ) ;
#4731 = B_SPLINE_SURFACE_WITH_KNOTS ( 'NONE', 3, 1, ( 
 ( #3695, #3751 ),
 ( #8555, #1301 ),
 ( #4628, #7061 ),
 ( #6948, #6836 ),
 ( #2958, #6039 ),
 ( #574, #6256 ),
 ( #9293, #6894 ),
 ( #9506, #412 ),
 ( #5436, #10205 ),
 ( #8715, #8503 ),
 ( #1143, #4404 ),
 ( #1197, #7700 ),
 ( #2846, #2040 ),
 ( #10151, #8613 ),
 ( #2804, #6093 ),
 ( #9338, #1250 ),
 ( #7815, #4985 ),
 ( #672, #5040 ),
 ( #10427, #7470 ) ),
 .UNSPECIFIED., .F., .F., .F.,
 ( 4, 1, 1, 1, 1, 1, 1, 1, 1, 1, 1, 1, 1, 1, 1, 1, 4 ),
 ( 2, 2 ),
 ( 0.0000000000000000000, 0.06805391278538697186, 0.1331667963259239029, 0.1957152805705779375, 0.2559246354030246806, 0.3140592668037200386, 0.3720186495334352195, 0.4292757115724885053, 0.4874739389242667142, 0.5458942069198026159, 0.6047364012692567625, 0.6652598074082182178, 0.7266291521994979741, 0.7903313255440695961, 0.8567484592993183101, 0.9265101495440601909, 1.000000000000000000 ),
 ( 0.0000000000000000000, 1.000000000000000000 ),
 .UNSPECIFIED. ) ;
#4732 = CARTESIAN_POINT ( 'NONE',  ( 1.814645377841686003, -1.151314767247126225, 7.701000000000001400 ) ) ;
#4733 = ORIENTED_EDGE ( 'NONE', *, *, #1930, .F. ) ;
#4734 = CARTESIAN_POINT ( 'NONE',  ( -0.3746628193616897695, 1.233122264752798625, 7.701000000000000512 ) ) ;
#4735 = FACE_OUTER_BOUND ( 'NONE', #9561, .T. ) ;
#4736 =( LENGTH_UNIT ( ) NAMED_UNIT ( * ) SI_UNIT ( .MILLI., .METRE. ) );
#4737 = SURFACE_STYLE_FILL_AREA ( #5645 ) ;
#4738 = DIRECTION ( 'NONE',  ( 0.0000000000000000000, 0.0000000000000000000, -1.000000000000000000 ) ) ;
#4739 = ORIENTED_EDGE ( 'NONE', *, *, #3688, .F. ) ;
#4740 = FILL_AREA_STYLE_COLOUR ( '', #7959 ) ;
#4741 = UNCERTAINTY_MEASURE_WITH_UNIT (LENGTH_MEASURE( 1.000000000000000082E-05 ), #3761, 'distance_accuracy_value', 'NONE');
#4742 = CARTESIAN_POINT ( 'NONE',  ( -1.555848040149226286, 0.7833516017076379567, 7.701000000000000512 ) ) ;
#4743 = SURFACE_STYLE_FILL_AREA ( #4639 ) ;
#4744 = LINE ( 'NONE', #4069, #10298 ) ;
#4745 = SURFACE_SIDE_STYLE ('',( #4583 ) ) ;
#4746 = CARTESIAN_POINT ( 'NONE',  ( -1.300000000000000044, -3.299999999999999822, 1.000000000000000000 ) ) ;
#4747 = FACE_OUTER_BOUND ( 'NONE', #1498, .T. ) ;
#4748 = LINE ( 'NONE', #2972, #92 ) ;
#4749 = ADVANCED_FACE ( 'NONE', ( #5430 ), #6356, .T. ) ;
#4750 = FACE_OUTER_BOUND ( 'NONE', #5370, .T. ) ;
#4751 = VERTEX_POINT ( 'NONE', #2187 ) ;
#4752 = EDGE_CURVE ( 'NONE', #6805, #10460, #8765, .T. ) ;
#4753 = CARTESIAN_POINT ( 'NONE',  ( 2.027539931693435715, 0.1486545104043988097, 7.701000000000001400 ) ) ;
#4754 =( NAMED_UNIT ( * ) SI_UNIT ( $, .STERADIAN. ) SOLID_ANGLE_UNIT ( ) );
#4755 = PRESENTATION_LAYER_ASSIGNMENT (  '', '', ( #10415 ) ) ;
#4756 = CARTESIAN_POINT ( 'NONE',  ( -0.09986820208221468265, 0.8517615915455454267, 7.700000000000000178 ) ) ;
#4757 = AXIS2_PLACEMENT_3D ( 'NONE', #10481, #2196, #9444 ) ;
#4758 = SURFACE_SIDE_STYLE ('',( #1487 ) ) ;
#4759 = PRESENTATION_STYLE_ASSIGNMENT (( #4972 ) ) ;
#4760 = PLANE ( 'NONE',  #5665 ) ;
#4761 = CARTESIAN_POINT ( 'NONE',  ( 0.4000000000000000222, -1.200000000000000178, 0.0000000000000000000 ) ) ;
#4762 = EDGE_CURVE ( 'NONE', #1921, #5953, #7571, .T. ) ;
#4763 = ADVANCED_FACE ( 'NONE', ( #2114 ), #491, .F. ) ;
#4764 = COLOUR_RGB ( '',0.0000000000000000000, 0.0000000000000000000, 0.0000000000000000000 ) ;
#4765 = ORIENTED_EDGE ( 'NONE', *, *, #6407, .F. ) ;
#4766 = EDGE_LOOP ( 'NONE', ( #4966, #8110, #10610, #4369 ) ) ;
#4767 = CARTESIAN_POINT ( 'NONE',  ( 1.904212376553841901, -1.693427167968483804, 7.700000000000000178 ) ) ;
#4768 = CARTESIAN_POINT ( 'NONE',  ( -1.151215160330809617, 0.5701544048096052197, 7.700000000000001954 ) ) ;
#4769 = CARTESIAN_POINT ( 'NONE',  ( 1.677461769569562389, -0.3374394341483975546, 7.701000000000001400 ) ) ;
#4770 = CARTESIAN_POINT ( 'NONE',  ( 1.108096287704300131, -0.1615091125219312584, 7.701000000000001400 ) ) ;
#4771 = AXIS2_PLACEMENT_3D ( 'NONE', #2372, #1475, #8979 ) ;
#4772 = AXIS2_PLACEMENT_3D ( 'NONE', #6956, #262, #10109 ) ;
#4773 = CARTESIAN_POINT ( 'NONE',  ( -1.087557420516656936, 0.8826569446640762928, 7.700999999999999623 ) ) ;
#4774 = COLOUR_RGB ( '',0.7529411764705882248, 0.7529411764705882248, 0.7529411764705882248 ) ;
#4775 = ORIENTED_EDGE ( 'NONE', *, *, #1411, .F. ) ;
#4776 = CARTESIAN_POINT ( 'NONE',  ( 1.692603036816546780, -0.9791857920815134619, 7.700000000000001066 ) ) ;
#4777 =( GEOMETRIC_REPRESENTATION_CONTEXT ( 3 ) GLOBAL_UNCERTAINTY_ASSIGNED_CONTEXT ( ( #3851 ) ) GLOBAL_UNIT_ASSIGNED_CONTEXT ( ( #1698, #9105, #1753 ) ) REPRESENTATION_CONTEXT ( 'NONE', 'WORKASPACE' ) );
#4778 = CARTESIAN_POINT ( 'NONE',  ( 1.587893215162513583, -1.596600845378255862, 7.701000000000000512 ) ) ;
#4779 = CARTESIAN_POINT ( 'NONE',  ( 1.887922903097676075, 0.08270676498615640859, 7.701000000000001400 ) ) ;
#4780 =( NAMED_UNIT ( * ) SI_UNIT ( $, .STERADIAN. ) SOLID_ANGLE_UNIT ( ) );
#4781 = CARTESIAN_POINT ( 'NONE',  ( -0.4031957113175339003, -0.3374054683581494407, 7.699999999999999289 ) ) ;
#4782 =( GEOMETRIC_REPRESENTATION_CONTEXT ( 3 ) GLOBAL_UNCERTAINTY_ASSIGNED_CONTEXT ( ( #4848 ) ) GLOBAL_UNIT_ASSIGNED_CONTEXT ( ( #3440, #140, #2644 ) ) REPRESENTATION_CONTEXT ( 'NONE', 'WORKASPACE' ) );
#4783 = AXIS2_PLACEMENT_3D ( 'NONE', #6659, #813, #8202 ) ;
#4784 = COLOUR_RGB ( '',0.0000000000000000000, 0.0000000000000000000, 0.0000000000000000000 ) ;
#4785 = CARTESIAN_POINT ( 'NONE',  ( 1.624446146010954273, -1.129629892381772027, 7.700000000000001954 ) ) ;
#4786 = VERTEX_POINT ( 'NONE', #6062 ) ;
#4787 = CARTESIAN_POINT ( 'NONE',  ( -0.1875116132934132596, 1.106129798311148216, 7.700999999999998735 ) ) ;
#4788 = SURFACE_STYLE_FILL_AREA ( #4685 ) ;
#4789 = VECTOR ( 'NONE', #9253, 1000.000000000000000 ) ;
#4790 = CARTESIAN_POINT ( 'NONE',  ( 1.333419584706074801, -1.726591513596082317, 7.700000000000000178 ) ) ;
#4791 = CIRCLE ( 'NONE', #8718, 0.2000000000000000944 ) ;
#4792 = CARTESIAN_POINT ( 'NONE',  ( 1.108089359789987460, -0.05205284159554314505, 7.699999999999998401 ) ) ;
#4793 = CARTESIAN_POINT ( 'NONE',  ( -0.4500000000000000111, -1.100000000000000089, 1.972792206135785653 ) ) ;
#4794 = CARTESIAN_POINT ( 'NONE',  ( -1.081627333894218168, -0.8882753741191777852, 7.701000000000000512 ) ) ;
#4795 = STYLED_ITEM ( 'NONE', ( #4958 ), #7472 ) ;
#4796 = EDGE_LOOP ( 'NONE', ( #10172, #7994, #7254, #3845 ) ) ;
#4797 = DIRECTION ( 'NONE',  ( -5.709050538207424106E-12, 2.899823103013541988E-13, 1.000000000000000000 ) ) ;
#4798 = CARTESIAN_POINT ( 'NONE',  ( 0.6183110346422673320, 0.9041457447709748685, 7.701000000000001400 ) ) ;
#4799 = AXIS2_PLACEMENT_3D ( 'NONE', #9618, #5550, #8825 ) ;
#4800 = LINE ( 'NONE', #2318, #6555 ) ;
#4801 =( NAMED_UNIT ( * ) PLANE_ANGLE_UNIT ( ) SI_UNIT ( $, .RADIAN. ) );
#4802 = CARTESIAN_POINT ( 'NONE',  ( -0.4299630074165829985, -0.009925979538943811159, 7.700000000000000178 ) ) ;
#4803 = CARTESIAN_POINT ( 'NONE',  ( -3.300000000000000266, 1.300000000000000044, 1.599999999999999867 ) ) ;
#4804 = CARTESIAN_POINT ( 'NONE',  ( -0.05116206045004765418, 0.7953067455628063387, 7.701000000000000512 ) ) ;
#4805 = CARTESIAN_POINT ( 'NONE',  ( 1.333373719291305992, -0.9992071872707957159, 7.700999999999999623 ) ) ;
#4806 = ORIENTED_EDGE ( 'NONE', *, *, #6665, .T. ) ;
#4807 = CARTESIAN_POINT ( 'NONE',  ( -0.9682748588229931341, 0.3533775587264474938, 7.701000000000000512 ) ) ;
#4808 = STYLED_ITEM ( 'NONE', ( #6080 ), #10401 ) ;
#4809 = VECTOR ( 'NONE', #1837, 1000.000000000000000 ) ;
#4810 = PRESENTATION_LAYER_ASSIGNMENT (  '', '', ( #1385 ) ) ;
#4811 = B_SPLINE_CURVE_WITH_KNOTS ( 'NONE', 3,
 ( #10393, #9279, #4171, #1707, #279, #3408, #6720, #9970, #8269, #1760, #7534, #1075, #67, #5202, #8322, #5912, #4332, #4996, #8437 ),
 .UNSPECIFIED., .F., .F.,
 ( 4, 1, 1, 1, 1, 1, 1, 1, 1, 1, 1, 1, 1, 1, 1, 1, 4 ),
 ( 0.0000000000000000000, 0.06805391278538697186, 0.1331667963259239029, 0.1957152805705779375, 0.2559246354030246806, 0.3140592668037200386, 0.3720186495334352195, 0.4292757115724885053, 0.4874739389242667142, 0.5458942069198026159, 0.6047364012692567625, 0.6652598074082182178, 0.7266291521994979741, 0.7903313255440695961, 0.8567484592993183101, 0.9265101495440601909, 1.000000000000000000 ),
 .UNSPECIFIED. ) ;
#4812 = CARTESIAN_POINT ( 'NONE',  ( 0.3908450637919553827, 0.7425051164745857246, 7.701000000000000512 ) ) ;
#4813 = EDGE_CURVE ( 'NONE', #2507, #7134, #10118, .T. ) ;
#4814 = PRESENTATION_STYLE_ASSIGNMENT (( #8798 ) ) ;
#4815 =( NAMED_UNIT ( * ) PLANE_ANGLE_UNIT ( ) SI_UNIT ( $, .RADIAN. ) );
#4816 = LINE ( 'NONE', #7508, #2467 ) ;
#4817 = STYLED_ITEM ( 'NONE', ( #5847 ), #9539 ) ;
#4818 = ORIENTED_EDGE ( 'NONE', *, *, #3401, .T. ) ;
#4819 = B_SPLINE_SURFACE_WITH_KNOTS ( 'NONE', 3, 1, ( 
 ( #3010, #9557 ),
 ( #2809, #2909 ),
 ( #10260, #9342 ),
 ( #8668, #1201 ),
 ( #1357, #6258 ),
 ( #3810, #4574 ),
 ( #7119, #10374 ),
 ( #1252, #6305 ),
 ( #6095, #6144 ),
 ( #4408, #3652 ),
 ( #1147, #4465 ),
 ( #358, #3598 ),
 ( #6899, #6209 ),
 ( #9393, #7858 ),
 ( #5330, #10155 ),
 ( #1987, #520 ),
 ( #3755, #7761 ),
 ( #415, #4523 ),
 ( #9763, #3253 ) ),
 .UNSPECIFIED., .F., .F., .F.,
 ( 4, 1, 1, 1, 1, 1, 1, 1, 1, 1, 1, 1, 1, 1, 1, 1, 4 ),
 ( 2, 2 ),
 ( 0.0000000000000000000, 0.04879277686187697555, 0.09542715896032288869, 0.1408030455766614009, 0.1857752127065762371, 0.2315891864624200491, 0.2794867717830586407, 0.3298631687827399683, 0.3840370720222979206, 0.4422896088069718790, 0.5054548246977788040, 0.5735598446335263834, 0.6472034492519678217, 0.7263491921920585126, 0.8115303437582849222, 0.9025925981081204252, 1.000000000000000000 ),
 ( 0.0000000000000000000, 1.000000000000000000 ),
 .UNSPECIFIED. ) ;
#4820 = ORIENTED_EDGE ( 'NONE', *, *, #2314, .T. ) ;
#4821 = PRESENTATION_STYLE_ASSIGNMENT (( #4035 ) ) ;
#4822 = DIRECTION ( 'NONE',  ( -0.0000000000000000000, -0.0000000000000000000, -1.000000000000000000 ) ) ;
#4823 = EDGE_CURVE ( 'NONE', #9113, #1771, #8637, .T. ) ;
#4825 = SURFACE_STYLE_FILL_AREA ( #9806 ) ;
#4824 = MECHANICAL_DESIGN_GEOMETRIC_PRESENTATION_REPRESENTATION (  '', ( #1226 ), #7586 ) ;
#4826 = AXIS2_PLACEMENT_3D ( 'NONE', #9009, #5748, #1712 ) ;
#4827 = EDGE_CURVE ( 'NONE', #5737, #9051, #1274, .T. ) ;
#4828 = CARTESIAN_POINT ( 'NONE',  ( 0.6179081240732957614, 0.9534475980243077853, 7.701000000000004064 ) ) ;
#4829 = DIRECTION ( 'NONE',  ( 1.000000000000000000, 0.0000000000000000000, -0.0000000000000000000 ) ) ;
#4830 = ORIENTED_EDGE ( 'NONE', *, *, #7650, .T. ) ;
#4831 = PRESENTATION_STYLE_ASSIGNMENT (( #9754 ) ) ;
#4832 = B_SPLINE_SURFACE_WITH_KNOTS ( 'NONE', 3, 1, ( 
 ( #8105, #866 ),
 ( #1559, #9000 ),
 ( #7214, #6506 ),
 ( #8005, #5692 ),
 ( #7263, #8203 ),
 ( #2505, #10521 ),
 ( #7422, #8957 ),
 ( #1609, #4781 ),
 ( #3999, #4107 ),
 ( #5792, #764 ),
 ( #65, #1506 ),
 ( #4884, #7367 ),
 ( #1653, #4932 ),
 ( #3296, #6410 ),
 ( #6451, #8 ),
 ( #3245, #6614 ),
 ( #663, #9057 ),
 ( #3900, #10476 ),
 ( #3095, #9658 ) ),
 .UNSPECIFIED., .F., .F., .F.,
 ( 4, 1, 1, 1, 1, 1, 1, 1, 1, 1, 1, 1, 1, 1, 1, 1, 4 ),
 ( 2, 2 ),
 ( 0.0000000000000000000, 0.06497809470567895984, 0.1267363646024415591, 0.1863119232689122440, 0.2440697208673729135, 0.3004788086864218499, 0.3566365544757493788, 0.4131624725669299503, 0.4710790184197083952, 0.5300890842504162315, 0.5897980607712771661, 0.6510043385684272099, 0.7146905437466635203, 0.7806183662524378564, 0.8502253915090891567, 0.9232550045548021389, 1.000000000000000000 ),
 ( 0.0000000000000000000, 1.000000000000000000 ),
 .UNSPECIFIED. ) ;
#4833 = ADVANCED_FACE ( 'NONE', ( #4375 ), #1320, .F. ) ;
#4834 = CARTESIAN_POINT ( 'NONE',  ( 2.036275893929965441, -1.371973140031788052, 7.700999999999999623 ) ) ;
#4835 = DIRECTION ( 'NONE',  ( 0.0000000000000000000, -0.0000000000000000000, 1.000000000000000000 ) ) ;
#4836 =( NAMED_UNIT ( * ) SI_UNIT ( $, .STERADIAN. ) SOLID_ANGLE_UNIT ( ) );
#4837 = UNCERTAINTY_MEASURE_WITH_UNIT (LENGTH_MEASURE( 1.000000000000000082E-05 ), #4656, 'distance_accuracy_value', 'NONE');
#4838 = B_SPLINE_CURVE_WITH_KNOTS ( 'NONE', 3,
 ( #4000, #8266, #3342, #970, #9756, #923, #4167, #2458, #7477, #120, #7309 ),
 .UNSPECIFIED., .F., .F.,
 ( 4, 1, 1, 1, 1, 1, 1, 1, 4 ),
 ( 0.0000000000000000000, 0.1025520050424250512, 0.2097516685583790674, 0.3238083772187544951, 0.4437948350686899968, 0.5716829047813974940, 0.7064276219654235245, 0.8491029023379823570, 1.000000000000000000 ),
 .UNSPECIFIED. ) ;
#4839 = ORIENTED_EDGE ( 'NONE', *, *, #10126, .T. ) ;
#4840 = VECTOR ( 'NONE', #7391, 1000.000000000000000 ) ;
#4841 = CARTESIAN_POINT ( 'NONE',  ( 1.117066007617185219, -1.442443068491664482, 7.701000000000000512 ) ) ;
#4842 = CARTESIAN_POINT ( 'NONE',  ( 0.05027906022453970669, 0.6880364012577577792, 7.701000000000003176 ) ) ;
#4843 = CARTESIAN_POINT ( 'NONE',  ( -2.374231001663239304, 1.750864686588075703, 7.701000000000000512 ) ) ;
#4844 = DIRECTION ( 'NONE',  ( -1.000000000000000000, 0.0000000000000000000, 0.0000000000000000000 ) ) ;
#4845 = VERTEX_POINT ( 'NONE', #10221 ) ;
#4846 = STYLED_ITEM ( 'NONE', ( #8408 ), #2519 ) ;
#4847 = FILL_AREA_STYLE_COLOUR ( '', #8807 ) ;
#4848 = UNCERTAINTY_MEASURE_WITH_UNIT (LENGTH_MEASURE( 1.000000000000000082E-05 ), #3440, 'distance_accuracy_value', 'NONE');
#4849 = DIRECTION ( 'NONE',  ( 1.000000000000000000, 0.0000000000000000000, 1.221593242852757203E-16 ) ) ;
#4850 = FACE_OUTER_BOUND ( 'NONE', #6901, .T. ) ;
#4851 = VERTEX_POINT ( 'NONE', #7033 ) ;
#4852 = FILL_AREA_STYLE_COLOUR ( '', #2405 ) ;
#4853 = LINE ( 'NONE', #8124, #6710 ) ;
#4854 = CARTESIAN_POINT ( 'NONE',  ( 1.110450697839789669, -0.3633350580287376119, 7.700999999999997847 ) ) ;
#4855 =( GEOMETRIC_REPRESENTATION_CONTEXT ( 3 ) GLOBAL_UNCERTAINTY_ASSIGNED_CONTEXT ( ( #2688 ) ) GLOBAL_UNIT_ASSIGNED_CONTEXT ( ( #5741, #1704, #4836 ) ) REPRESENTATION_CONTEXT ( 'NONE', 'WORKASPACE' ) );
#4856 = LINE ( 'NONE', #8126, #47 ) ;
#4857 = PRESENTATION_LAYER_ASSIGNMENT (  '', '', ( #9304 ) ) ;
#4858 = CARTESIAN_POINT ( 'NONE',  ( -1.081627333894218168, -0.8882753741191777852, 7.700000000000000178 ) ) ;
#4859 = CARTESIAN_POINT ( 'NONE',  ( 1.990474641255004284, -0.3910016523295526958, 7.699999999999999289 ) ) ;
#4860 = CARTESIAN_POINT ( 'NONE',  ( 1.387782162072206171, -0.9875676790898954005, 7.701000000000001400 ) ) ;
#4861 = ORIENTED_EDGE ( 'NONE', *, *, #9123, .F. ) ;
#4862 = CARTESIAN_POINT ( 'NONE',  ( 2.088206234233757730, -0.3010730896605685047, 7.700999999999999623 ) ) ;
#4863 = COLOUR_RGB ( '',0.0000000000000000000, 0.0000000000000000000, 0.0000000000000000000 ) ;
#4864 = STYLED_ITEM ( 'NONE', ( #3190 ), #3163 ) ;
#4865 = CARTESIAN_POINT ( 'NONE',  ( -0.3999999999999996891, -1.297519430014755670, 0.2999999999999999889 ) ) ;
#4866 = SURFACE_SIDE_STYLE ('',( #6324 ) ) ;
#4867 = CARTESIAN_POINT ( 'NONE',  ( 0.4761538703278921925, 0.8152038811720746514, 7.700999999999999623 ) ) ;
#4868 = DIRECTION ( 'NONE',  ( -0.0000000000000000000, -0.0000000000000000000, -1.000000000000000000 ) ) ;
#4869 = FILL_AREA_STYLE ('',( #876 ) ) ;
#4870 = CARTESIAN_POINT ( 'NONE',  ( 1.102301037857891242, -0.1346860403947136575, 7.699999999999999289 ) ) ;
#4871 = CARTESIAN_POINT ( 'NONE',  ( 0.03656901930665808209, -0.04489513873423531254, 7.701000000000000512 ) ) ;
#4872 = CIRCLE ( 'NONE', #615, 0.4500000000000000111 ) ;
#4873 = ORIENTED_EDGE ( 'NONE', *, *, #1022, .T. ) ;
#4874 = PLANE ( 'NONE',  #934 ) ;
#4875 = ORIENTED_EDGE ( 'NONE', *, *, #4827, .T. ) ;
#4876 = AXIS2_PLACEMENT_3D ( 'NONE', #464, #3740, #7055 ) ;
#4877 = DIRECTION ( 'NONE',  ( -1.000000000000000000, 0.0000000000000000000, -1.376764663473655970E-16 ) ) ;
#4878 =( NAMED_UNIT ( * ) PLANE_ANGLE_UNIT ( ) SI_UNIT ( $, .RADIAN. ) );
#4879 = CARTESIAN_POINT ( 'NONE',  ( 0.5911551575292112171, 1.100470832329261128, 7.700999999999998735 ) ) ;
#4880 = ORIENTED_EDGE ( 'NONE', *, *, #3627, .F. ) ;
#4881 = FILL_AREA_STYLE_COLOUR ( '', #220 ) ;
#4882 = CARTESIAN_POINT ( 'NONE',  ( 1.568996007524917413, 0.1266726085839973981, 7.701000000000001400 ) ) ;
#4883 = CARTESIAN_POINT ( 'NONE',  ( 0.6074195422467978389, 0.8089118896393429070, 7.700000000000001954 ) ) ;
#4884 = CARTESIAN_POINT ( 'NONE',  ( -0.4927865278611351929, -0.2306456009733207912, 7.701000000000001400 ) ) ;
#4885 = EDGE_CURVE ( 'NONE', #59, #7122, #6230, .T. ) ;
#4886 = VERTEX_POINT ( 'NONE', #3926 ) ;
#4887 = EDGE_CURVE ( 'NONE', #6415, #7670, #4388, .T. ) ;
#4888 = CARTESIAN_POINT ( 'NONE',  ( -0.9951677543757254663, 0.7186018340115548630, 7.700999999999996959 ) ) ;
#4889 = DIRECTION ( 'NONE',  ( -1.000000000000000000, 0.0000000000000000000, -1.376764663473655970E-16 ) ) ;
#4890 = CARTESIAN_POINT ( 'NONE',  ( -0.5429554587489225925, 0.02233866815859988919, 7.701000000000001400 ) ) ;
#4891 = SURFACE_STYLE_USAGE ( .BOTH. , #1621 ) ;
#4892 = FACE_OUTER_BOUND ( 'NONE', #3748, .T. ) ;
#4893 = CARTESIAN_POINT ( 'NONE',  ( 8.673617379884035472E-16, 0.0000000000000000000, 2.212347538297980254 ) ) ;
#4894 = EDGE_CURVE ( 'NONE', #4482, #59, #599, .T. ) ;
#4895 = EDGE_CURVE ( 'NONE', #10516, #1195, #7990, .T. ) ;
#4896 = ORIENTED_EDGE ( 'NONE', *, *, #3757, .T. ) ;
#4897 =( NAMED_UNIT ( * ) PLANE_ANGLE_UNIT ( ) SI_UNIT ( $, .RADIAN. ) );
#4898 = CARTESIAN_POINT ( 'NONE',  ( -0.3874558292648735969, 1.238975417521273270, 7.700000000000000178 ) ) ;
#4899 = PRESENTATION_STYLE_ASSIGNMENT (( #8970 ) ) ;
#4900 =( LENGTH_UNIT ( ) NAMED_UNIT ( * ) SI_UNIT ( .MILLI., .METRE. ) );
#4901 = DIRECTION ( 'NONE',  ( -1.000000000000000000, -1.224646799147353207E-16, 0.0000000000000000000 ) ) ;
#4902 = CARTESIAN_POINT ( 'NONE',  ( 1.547733783116913564, -0.4964002565048701299, 7.699999999999998401 ) ) ;
#4903 = ORIENTED_EDGE ( 'NONE', *, *, #5281, .F. ) ;
#4904 = SURFACE_STYLE_FILL_AREA ( #4246 ) ;
#4905 = DIRECTION ( 'NONE',  ( 1.625187025148696761E-15, -1.000000000000000000, 0.0000000000000000000 ) ) ;
#4906 = B_SPLINE_CURVE_WITH_KNOTS ( 'NONE', 3,
 ( #4495, #1966, #8531, #1070, #328, #9165, #10132 ),
 .UNSPECIFIED., .F., .F.,
 ( 4, 1, 1, 1, 4 ),
 ( 0.0000000000000000000, 0.2269332563347711829, 0.4679290089892954030, 0.7252997174363042809, 1.000000000000000000 ),
 .UNSPECIFIED. ) ;
#4907 = CARTESIAN_POINT ( 'NONE',  ( 2.149501702799247127, -0.1214696149015607046, 7.700000000000001954 ) ) ;
#4908 = CARTESIAN_POINT ( 'NONE',  ( -3.149999999999999467, 0.0000000000000000000, 0.6999999999999995115 ) ) ;
#4909 = ORIENTED_EDGE ( 'NONE', *, *, #3344, .F. ) ;
#4910 = DIRECTION ( 'NONE',  ( 1.000000000000000000, 0.0000000000000000000, 0.0000000000000000000 ) ) ;
#4911 = CARTESIAN_POINT ( 'NONE',  ( 1.855816306464176169, 0.2414749772568856589, 7.700999999999997847 ) ) ;
#4912 = SURFACE_STYLE_USAGE ( .BOTH. , #3379 ) ;
#4913 =( NAMED_UNIT ( * ) SI_UNIT ( $, .STERADIAN. ) SOLID_ANGLE_UNIT ( ) );
#4914 = CYLINDRICAL_SURFACE ( 'NONE', #4095, 2.950000000000000622 ) ;
#4915 =( GEOMETRIC_REPRESENTATION_CONTEXT ( 3 ) GLOBAL_UNCERTAINTY_ASSIGNED_CONTEXT ( ( #4168 ) ) GLOBAL_UNIT_ASSIGNED_CONTEXT ( ( #10192, #9374, #10021 ) ) REPRESENTATION_CONTEXT ( 'NONE', 'WORKASPACE' ) );
#4916 = CARTESIAN_POINT ( 'NONE',  ( 1.108096287704300131, -0.1615091125219312584, 7.700000000000001066 ) ) ;
#4917 = PLANE ( 'NONE',  #4435 ) ;
#4918 = LINE ( 'NONE', #4091, #5221 ) ;
#4919 = VERTEX_POINT ( 'NONE', #5619 ) ;
#4920 = VECTOR ( 'NONE', #6401, 1000.000000000000000 ) ;
#4921 = ORIENTED_EDGE ( 'NONE', *, *, #4680, .T. ) ;
#4922 = CARTESIAN_POINT ( 'NONE',  ( 0.1256158921501867587, 0.7929300358448400088, 7.700000000000001066 ) ) ;
#4923 = SURFACE_STYLE_USAGE ( .BOTH. , #8192 ) ;
#4924 = CARTESIAN_POINT ( 'NONE',  ( 0.6183345592164420923, 0.9290347945673924634, 7.701000000000000512 ) ) ;
#4925 = CARTESIAN_POINT ( 'NONE',  ( 1.224646799147365903E-17, 0.0000000000000000000, 7.700000000000000178 ) ) ;
#4926 = ORIENTED_EDGE ( 'NONE', *, *, #2922, .T. ) ;
#4927 = SURFACE_STYLE_FILL_AREA ( #6014 ) ;
#4928 = CARTESIAN_POINT ( 'NONE',  ( 2.060239570695362232, -1.137202871304652474, 7.700000000000000178 ) ) ;
#4929 = VECTOR ( 'NONE', #7729, 1000.000000000000000 ) ;
#4930 = CARTESIAN_POINT ( 'NONE',  ( 1.624446146010954273, 0.1261920998477567835, 7.701000000000003176 ) ) ;
#4931 = CARTESIAN_POINT ( 'NONE',  ( 0.3242583198810982670, 0.5733348253452050791, 7.701000000000001400 ) ) ;
#4932 = CARTESIAN_POINT ( 'NONE',  ( -0.5087705681411630598, -0.1972637200606134900, 7.700000000000000178 ) ) ;
#4933 = CARTESIAN_POINT ( 'NONE',  ( 2.008236848425914101, 1.153961061217854356, 7.701000000000000512 ) ) ;
#4934 = UNCERTAINTY_MEASURE_WITH_UNIT (LENGTH_MEASURE( 1.000000000000000082E-05 ), #6653, 'distance_accuracy_value', 'NONE');
#4935 = DIRECTION ( 'NONE',  ( 0.0000000000000000000, -1.000000000000000000, 0.0000000000000000000 ) ) ;
#4936 = MECHANICAL_DESIGN_GEOMETRIC_PRESENTATION_REPRESENTATION (  '', ( #8024 ), #2705 ) ;
#4937 = EDGE_CURVE ( 'NONE', #2571, #1616, #7140, .T. ) ;
#4938 = EDGE_LOOP ( 'NONE', ( #9302, #6785, #1643, #6769, #7339 ) ) ;
#4939 = CARTESIAN_POINT ( 'NONE',  ( -0.4500000000000000111, 1.100000000000000089, 0.2999999999999999889 ) ) ;
#4940 = CARTESIAN_POINT ( 'NONE',  ( -0.3874558292648735969, 1.054777645530532437, 7.701000000000000512 ) ) ;
#4941 = CARTESIAN_POINT ( 'NONE',  ( 1.009498293540872726, -1.240650327799465380, 7.699999999999998401 ) ) ;
#4942 = FILL_AREA_STYLE ('',( #1662 ) ) ;
#4943 = VECTOR ( 'NONE', #8410, 1000.000000000000000 ) ;
#4944 = STYLED_ITEM ( 'NONE', ( #7019 ), #9343 ) ;
#4945 = AXIS2_PLACEMENT_3D ( 'NONE', #2386, #10556, #4031 ) ;
#4946 = VERTEX_POINT ( 'NONE', #8939 ) ;
#4947 = CARTESIAN_POINT ( 'NONE',  ( 0.9880645727848885729, -0.1071168712504043802, 7.701000000000000512 ) ) ;
#4948 = UNCERTAINTY_MEASURE_WITH_UNIT (LENGTH_MEASURE( 1.000000000000000082E-05 ), #7680, 'distance_accuracy_value', 'NONE');
#4949 = DIRECTION ( 'NONE',  ( 0.9358351905393215153, 0.3524379323345200321, 0.0000000000000000000 ) ) ;
#4950 = AXIS2_PLACEMENT_3D ( 'NONE', #6780, #10026, #5970 ) ;
#4951 = EDGE_CURVE ( 'NONE', #648, #1616, #1375, .T. ) ;
#4952 = EDGE_CURVE ( 'NONE', #1968, #9387, #1384, .T. ) ;
#4953 = DIRECTION ( 'NONE',  ( 1.000000000000000000, -0.0000000000000000000, -0.0000000000000000000 ) ) ;
#4954 = FACE_OUTER_BOUND ( 'NONE', #6558, .T. ) ;
#4955 = ORIENTED_EDGE ( 'NONE', *, *, #7594, .F. ) ;
#4956 = AXIS2_PLACEMENT_3D ( 'NONE', #4843, #7318, #8867 ) ;
#4957 =( NAMED_UNIT ( * ) PLANE_ANGLE_UNIT ( ) SI_UNIT ( $, .RADIAN. ) );
#4958 = PRESENTATION_STYLE_ASSIGNMENT (( #6588 ) ) ;
#4959 = FILL_AREA_STYLE ('',( #1676 ) ) ;
#4960 = ADVANCED_FACE ( 'NONE', ( #3026, #6548 ), #2284, .F. ) ;
#4961 = CARTESIAN_POINT ( 'NONE',  ( -0.02485285025049822905, 0.7649803476242902356, 7.701000000000000512 ) ) ;
#4962 = DIRECTION ( 'NONE',  ( 0.0000000000000000000, -1.000000000000000000, 0.0000000000000000000 ) ) ;
#4963 = VECTOR ( 'NONE', #9093, 1000.000000000000000 ) ;
#4964 = PRESENTATION_LAYER_ASSIGNMENT (  '', '', ( #9059 ) ) ;
#4965 = STYLED_ITEM ( 'NONE', ( #4135 ), #881 ) ;
#4966 = ORIENTED_EDGE ( 'NONE', *, *, #53, .F. ) ;
#4967 = CARTESIAN_POINT ( 'NONE',  ( 1.948810933324092387, 0.2012215207107939108, 7.700999999999999623 ) ) ;
#4968 = CARTESIAN_POINT ( 'NONE',  ( 1.948810933324092387, 0.2012215207107939108, 7.699999999999998401 ) ) ;
#4969 = CARTESIAN_POINT ( 'NONE',  ( 2.036574967193720553, -1.362496080374185903, 7.700000000000000178 ) ) ;
#4970 = CARTESIAN_POINT ( 'NONE',  ( 0.3311138967806282474, 0.7293440246084543777, 7.700999999999999623 ) ) ;
#4971 = FILL_AREA_STYLE ('',( #1684 ) ) ;
#4972 = SURFACE_STYLE_USAGE ( .BOTH. , #6549 ) ;
#4973 = CARTESIAN_POINT ( 'NONE',  ( 1.117066007617185219, -0.1866210762621360320, 7.700000000000001954 ) ) ;
#4974 = CARTESIAN_POINT ( 'NONE',  ( -2.374231001663239304, 1.750864686588075703, 7.701000000000000512 ) ) ;
#4975 = VECTOR ( 'NONE', #9011, 1000.000000000000000 ) ;
#4976 = CARTESIAN_POINT ( 'NONE',  ( 8.673617379884035472E-16, 0.0000000000000000000, 1.700000000000000400 ) ) ;
#4977 = ORIENTED_EDGE ( 'NONE', *, *, #9140, .F. ) ;
#4978 = COLOUR_RGB ( '',0.0000000000000000000, 0.0000000000000000000, 0.0000000000000000000 ) ;
#4979 = ORIENTED_EDGE ( 'NONE', *, *, #3113, .T. ) ;
#4980 = FILL_AREA_STYLE_COLOUR ( '', #7187 ) ;
#4981 =( NAMED_UNIT ( * ) PLANE_ANGLE_UNIT ( ) SI_UNIT ( $, .RADIAN. ) );
#4982 = CARTESIAN_POINT ( 'NONE',  ( -3.022727272727272929, 0.0000000000000000000, 1.373960657446739786 ) ) ;
#4983 = PRESENTATION_STYLE_ASSIGNMENT (( #9649 ) ) ;
#4984 = LINE ( 'NONE', #8995, #9439 ) ;
#4985 = CARTESIAN_POINT ( 'NONE',  ( 0.5046777662301892287, 0.9154633062510413311, 7.699999999999998401 ) ) ;
#4986 = ORIENTED_EDGE ( 'NONE', *, *, #1981, .F. ) ;
#4987 = AXIS2_PLACEMENT_3D ( 'NONE', #10345, #1625, #5650 ) ;
#4988 = DIRECTION ( 'NONE',  ( 0.0000000000000000000, -1.000000000000000000, 4.286456587183207564E-14 ) ) ;
#4989 = VECTOR ( 'NONE', #4868, 1000.000000000000000 ) ;
#4990 = SURFACE_STYLE_FILL_AREA ( #4104 ) ;
#4991 = CARTESIAN_POINT ( 'NONE',  ( -0.09986820208221468265, 0.8517615915455454267, 7.701000000000001400 ) ) ;
#4992 = CARTESIAN_POINT ( 'NONE',  ( 0.4377342464285753909, 0.5958069028450575511, 7.700000000000001066 ) ) ;
#4993 =( NAMED_UNIT ( * ) PLANE_ANGLE_UNIT ( ) SI_UNIT ( $, .RADIAN. ) );
#4994 = ORIENTED_EDGE ( 'NONE', *, *, #3563, .T. ) ;
#4995 = VECTOR ( 'NONE', #3016, 1000.000000000000000 ) ;
#4996 = CARTESIAN_POINT ( 'NONE',  ( 0.5050195648897966016, 0.9310127845384669198, 7.700000000000000178 ) ) ;
#4997 = DIRECTION ( 'NONE',  ( -1.971276677246372012E-16, -1.000000000000000000, 0.0000000000000000000 ) ) ;
#4998 = ORIENTED_EDGE ( 'NONE', *, *, #9994, .F. ) ;
#4999 = CARTESIAN_POINT ( 'NONE',  ( 1.970703161677457738, -1.219593686064448512, 7.700000000000000178 ) ) ;
#5000 = CARTESIAN_POINT ( 'NONE',  ( 0.9893270634133881636, -1.405464833056518925, 7.700000000000000178 ) ) ;
#5001 = CARTESIAN_POINT ( 'NONE',  ( 1.189181081725741329, -1.054600471518734484, 7.700000000000001066 ) ) ;
#5002 = COLOUR_RGB ( '',0.0000000000000000000, 0.0000000000000000000, 0.0000000000000000000 ) ;
#5003 =( NAMED_UNIT ( * ) PLANE_ANGLE_UNIT ( ) SI_UNIT ( $, .RADIAN. ) );
#5004 = ORIENTED_EDGE ( 'NONE', *, *, #9278, .F. ) ;
#5005 = ADVANCED_FACE ( 'NONE', ( #5576 ), #4028, .T. ) ;
#5006 = CARTESIAN_POINT ( 'NONE',  ( 1.110452083356399111, 0.1486545104043989485, 7.700000000000001954 ) ) ;
#5007 = CARTESIAN_POINT ( 'NONE',  ( -1.081627333894218168, -1.440868690091399840, 7.701000000000000512 ) ) ;
#5008 = VECTOR ( 'NONE', #2181, 1000.000000000000227 ) ;
#5009 = SURFACE_STYLE_USAGE ( .BOTH. , #4015 ) ;
#5010 = PRESENTATION_STYLE_ASSIGNMENT (( #6629 ) ) ;
#5011 = CARTESIAN_POINT ( 'NONE',  ( -1.492530056027409069, 1.017141081542039638, 7.700000000000000178 ) ) ;
#5012 = SURFACE_STYLE_USAGE ( .BOTH. , #7442 ) ;
#5013 = ORIENTED_EDGE ( 'NONE', *, *, #2973, .T. ) ;
#5014 = CARTESIAN_POINT ( 'NONE',  ( -1.300000000000000711, 3.033150177620620447, 1.599999999999999867 ) ) ;
#5015 = CARTESIAN_POINT ( 'NONE',  ( 2.149927442264945476, -0.1071168712504043802, 7.700000000000000178 ) ) ;
#5016 = FILL_AREA_STYLE_COLOUR ( '', #6176 ) ;
#5017 = AXIS2_PLACEMENT_3D ( 'NONE', #9024, #6587, #6691 ) ;
#5018 = VERTEX_POINT ( 'NONE', #2488 ) ;
#5019 = EDGE_CURVE ( 'NONE', #2512, #2677, #10000, .T. ) ;
#5020 = EDGE_CURVE ( 'NONE', #4187, #4845, #2545, .T. ) ;
#5021 = CARTESIAN_POINT ( 'NONE',  ( 1.300000000000043343, -3.033150177620620003, 0.6999999999999999556 ) ) ;
#5022 = CARTESIAN_POINT ( 'NONE',  ( 1.804618295758528168, 0.2566148049587326785, 7.701000000000002288 ) ) ;
#5023 = DIRECTION ( 'NONE',  ( 1.000000000000000000, 0.0000000000000000000, 0.0000000000000000000 ) ) ;
#5024 = ADVANCED_FACE ( 'NONE', ( #3273 ), #1555, .F. ) ;
#5025 = MECHANICAL_DESIGN_GEOMETRIC_PRESENTATION_REPRESENTATION (  '', ( #3825 ), #9814 ) ;
#5026 = CARTESIAN_POINT ( 'NONE',  ( 0.5050195648897966016, 0.9310127845384669198, 7.701000000000000512 ) ) ;
#5027 = MECHANICAL_DESIGN_GEOMETRIC_PRESENTATION_REPRESENTATION (  '', ( #2521 ), #588 ) ;
#5028 = DIRECTION ( 'NONE',  ( -1.000000000000000000, 0.0000000000000000000, -1.221593242852756957E-16 ) ) ;
#5029 = LINE ( 'NONE', #5890, #10609 ) ;
#5030 = COLOUR_RGB ( '',0.0000000000000000000, 0.0000000000000000000, 0.0000000000000000000 ) ;
#5031 = EDGE_LOOP ( 'NONE', ( #8989, #6091, #2905, #3562 ) ) ;
#5032 = MECHANICAL_DESIGN_GEOMETRIC_PRESENTATION_REPRESENTATION (  '', ( #5198 ), #1260 ) ;
#5033 = EDGE_CURVE ( 'NONE', #1299, #5958, #5676, .T. ) ;
#5034 = ORIENTED_EDGE ( 'NONE', *, *, #10326, .F. ) ;
#5035 =( NAMED_UNIT ( * ) SI_UNIT ( $, .STERADIAN. ) SOLID_ANGLE_UNIT ( ) );
#5036 = LINE ( 'NONE', #6759, #5108 ) ;
#5037 = LINE ( 'NONE', #8313, #5100 ) ;
#5038 = LINE ( 'NONE', #1752, #5855 ) ;
#5039 = STYLED_ITEM ( 'NONE', ( #379 ), #3954 ) ;
#5040 = CARTESIAN_POINT ( 'NONE',  ( 0.5050195648897966016, 0.9310127845384669198, 7.699999999999999289 ) ) ;
#5041 = ORIENTED_EDGE ( 'NONE', *, *, #6070, .T. ) ;
#5042 =( NAMED_UNIT ( * ) PLANE_ANGLE_UNIT ( ) SI_UNIT ( $, .RADIAN. ) );
#5043 = PRESENTATION_STYLE_ASSIGNMENT (( #5740 ) ) ;
#5044 = DIRECTION ( 'NONE',  ( -1.224646799147353207E-16, 1.000000000000000000, -1.496020254719664150E-32 ) ) ;
#5045 = DIRECTION ( 'NONE',  ( -1.000000000000000000, 0.0000000000000000000, 0.0000000000000000000 ) ) ;
#5046 = CARTESIAN_POINT ( 'NONE',  ( -0.9682748588229931341, -0.4746268490203918722, 7.701000000000000512 ) ) ;
#5047 = UNCERTAINTY_MEASURE_WITH_UNIT (LENGTH_MEASURE( 1.000000000000000082E-05 ), #7980, 'distance_accuracy_value', 'NONE');
#5048 = CARTESIAN_POINT ( 'NONE',  ( 0.9880645727848885729, -1.362938863479932650, 7.701000000000000512 ) ) ;
#5049 = SURFACE_STYLE_FILL_AREA ( #7325 ) ;
#5050 = DIRECTION ( 'NONE',  ( -1.000000000000000000, 0.0000000000000000000, 0.0000000000000000000 ) ) ;
#5051 = EDGE_LOOP ( 'NONE', ( #2989, #826, #93, #6963 ) ) ;
#5052 = CARTESIAN_POINT ( 'NONE',  ( 1.587890945854977254, -1.129313119628636120, 7.700000000000000178 ) ) ;
#5053 = CARTESIAN_POINT ( 'NONE',  ( 1.949095422145334267, -1.671778415552940711, 7.700000000000000178 ) ) ;
#5054 = MECHANICAL_DESIGN_GEOMETRIC_PRESENTATION_REPRESENTATION (  '', ( #7812 ), #8130 ) ;
#5055 = DIRECTION ( 'NONE',  ( 0.0000000000000000000, -0.0000000000000000000, 1.000000000000000000 ) ) ;
#5056 = CARTESIAN_POINT ( 'NONE',  ( 1.284860629587200043, -0.3086036480344716004, 7.701000000000003176 ) ) ;
#5057 = SURFACE_STYLE_USAGE ( .BOTH. , #6830 ) ;
#5058 = ORIENTED_EDGE ( 'NONE', *, *, #2647, .F. ) ;
#5059 = CARTESIAN_POINT ( 'NONE',  ( 1.233985478711282502, 0.2232776910250738600, 7.701000000000002288 ) ) ;
#5060 = FILL_AREA_STYLE ('',( #6681 ) ) ;
#5061 = UNCERTAINTY_MEASURE_WITH_UNIT (LENGTH_MEASURE( 1.000000000000000082E-05 ), #5351, 'distance_accuracy_value', 'NONE');
#5062 = LINE ( 'NONE', #3362, #8466 ) ;
#5063 = CARTESIAN_POINT ( 'NONE',  ( -0.1203815101010904942, -0.3907189172742123739, 7.699999999999999289 ) ) ;
#5064 = CARTESIAN_POINT ( 'NONE',  ( 1.130216985497992210, -0.004132289727723130815, 7.700000000000001066 ) ) ;
#5065 =( NAMED_UNIT ( * ) PLANE_ANGLE_UNIT ( ) SI_UNIT ( $, .RADIAN. ) );
#5066 = CARTESIAN_POINT ( 'NONE',  ( 0.9971591472945747769, -0.1907045732427806728, 7.700000000000000178 ) ) ;
#5067 = ORIENTED_EDGE ( 'NONE', *, *, #9014, .F. ) ;
#5068 =( LENGTH_UNIT ( ) NAMED_UNIT ( * ) SI_UNIT ( .MILLI., .METRE. ) );
#5069 = DIRECTION ( 'NONE',  ( 0.3406040994345067574, 0.9402068109987338218, -0.0000000000000000000 ) ) ;
#5070 = CARTESIAN_POINT ( 'NONE',  ( -1.242357601280369206, 0.5588605670939227332, 7.701000000000000512 ) ) ;
#5071 = EDGE_CURVE ( 'NONE', #114, #3709, #389, .T. ) ;
#5072 = ORIENTED_EDGE ( 'NONE', *, *, #7070, .T. ) ;
#5073 = CARTESIAN_POINT ( 'NONE',  ( 3.199999999999999289, 3.200000000000000178, 0.0000000000000000000 ) ) ;
#5074 = CARTESIAN_POINT ( 'NONE',  ( 2.140823534941727502, -0.02375504491210915503, 7.700000000000000178 ) ) ;
#5075 = CARTESIAN_POINT ( 'NONE',  ( -1.081627333894218168, -1.837602352840687958, 7.701000000000000512 ) ) ;
#5076 = DIRECTION ( 'NONE',  ( -0.0000000000000000000, -1.000000000000000000, 0.0000000000000000000 ) ) ;
#5077 = CARTESIAN_POINT ( 'NONE',  ( 1.590332005407798510, -0.4964015138009302275, 7.700999999999998735 ) ) ;
#5078 =( NAMED_UNIT ( * ) PLANE_ANGLE_UNIT ( ) SI_UNIT ( $, .RADIAN. ) );
#5079 = EDGE_CURVE ( 'NONE', #8802, #3056, #3506, .T. ) ;
#5080 = CARTESIAN_POINT ( 'NONE',  ( 2.036279956837165894, -0.09719661569325456496, 7.701000000000002288 ) ) ;
#5081 = ORIENTED_EDGE ( 'NONE', *, *, #696, .F. ) ;
#5082 = ORIENTED_EDGE ( 'NONE', *, *, #8836, .T. ) ;
#5083 = CARTESIAN_POINT ( 'NONE',  ( 1.333419584706074801, -1.726591513596082317, 7.699999999999999289 ) ) ;
#5084 = FACE_OUTER_BOUND ( 'NONE', #4627, .T. ) ;
#5085 = CARTESIAN_POINT ( 'NONE',  ( 1.333373719291305992, -0.9992071872707957159, 7.700999999999999623 ) ) ;
#5086 = SURFACE_SIDE_STYLE ('',( #4268 ) ) ;
#5087 = LINE ( 'NONE', #2395, #8711 ) ;
#5088 = SURFACE_SIDE_STYLE ('',( #7519 ) ) ;
#5089 = EDGE_CURVE ( 'NONE', #1968, #6870, #29, .T. ) ;
#5090 = EDGE_LOOP ( 'NONE', ( #9724, #1669, #7599, #6115 ) ) ;
#5091 = CARTESIAN_POINT ( 'NONE',  ( -2.073461490767437354, 0.6082308833847103191, 7.700000000000000178 ) ) ;
#5092 = B_SPLINE_SURFACE_WITH_KNOTS ( 'NONE', 3, 1, ( 
 ( #1682, #4969 ),
 ( #8245, #900 ),
 ( #5832, #9092 ),
 ( #1785, #8344 ),
 ( #7503, #5935 ),
 ( #149, #8821 ),
 ( #2252, #3905 ),
 ( #1408, #1460 ),
 ( #1350, #570 ),
 ( #2140, #5380 ),
 ( #5496, #3691 ),
 ( #9551, #1510 ),
 ( #4732, #5545 ),
 ( #6253, #8861 ),
 ( #624, #9503 ),
 ( #7001, #2955 ),
 ( #9663, #4785 ),
 ( #4626, #6301 ),
 ( #8007, #7221 ) ),
 .UNSPECIFIED., .F., .F., .F.,
 ( 4, 1, 1, 1, 1, 1, 1, 1, 1, 1, 1, 1, 1, 1, 1, 1, 4 ),
 ( 2, 2 ),
 ( 0.0000000000000000000, 0.04884168492194871508, 0.09515004909164227753, 0.1402139855292551252, 0.1852312310825146857, 0.2310911270572748311, 0.2787743462863224719, 0.3294265104152745982, 0.3836547155553255983, 0.4418124758976761934, 0.5050410062454973037, 0.5731174255263764561, 0.6468348477479596292, 0.7260599234294742299, 0.8113613195948689016, 0.9024949605607299752, 1.000000000000000000 ),
 ( 0.0000000000000000000, 1.000000000000000000 ),
 .UNSPECIFIED. ) ;
#5093 = ADVANCED_FACE ( 'NONE', ( #207 ), #4257, .T. ) ;
#5094 = CARTESIAN_POINT ( 'NONE',  ( -0.5149773637200018017, 0.1975179055035130304, 7.700000000000000178 ) ) ;
#5095 = CARTESIAN_POINT ( 'NONE',  ( -0.2696850217700849650, 1.171593157429500431, 7.699999999999997513 ) ) ;
#5096 = CARTESIAN_POINT ( 'NONE',  ( -0.4146574710358502114, -0.1064082622287932794, 7.700000000000001066 ) ) ;
#5097 = VECTOR ( 'NONE', #3161, 1000.000000000000000 ) ;
#5098 =( NAMED_UNIT ( * ) PLANE_ANGLE_UNIT ( ) SI_UNIT ( $, .RADIAN. ) );
#5099 = FILL_AREA_STYLE ('',( #282 ) ) ;
#5100 = VECTOR ( 'NONE', #6711, 1000.000000000000000 ) ;
#5101 = ORIENTED_EDGE ( 'NONE', *, *, #9400, .F. ) ;
#5102 = FILL_AREA_STYLE_COLOUR ( '', #8268 ) ;
#5103 = CARTESIAN_POINT ( 'NONE',  ( 1.631953925736187472, -1.751512463832283206, 7.700999999999999623 ) ) ;
#5104 = CARTESIAN_POINT ( 'NONE',  ( 2.060445751672498993, -1.589106420584033952, 7.701000000000004064 ) ) ;
#5105 = CARTESIAN_POINT ( 'NONE',  ( 1.108096287704300131, -0.1615091125219312584, 7.701000000000001400 ) ) ;
#5106 = LINE ( 'NONE', #1085, #9322 ) ;
#5107 = VECTOR ( 'NONE', #9264, 1000.000000000000000 ) ;
#5108 = VECTOR ( 'NONE', #3331, 1000.000000000000000 ) ;
#5109 = ORIENTED_EDGE ( 'NONE', *, *, #5227, .T. ) ;
#5110 = CARTESIAN_POINT ( 'NONE',  ( 1.009498293540872726, 0.01517166443006292068, 7.699999999999997513 ) ) ;
#5111 = CARTESIAN_POINT ( 'NONE',  ( -1.300000000000000266, 3.299999999999999822, 1.599999999999999867 ) ) ;
#5112 = DIRECTION ( 'NONE',  ( 0.0000000000000000000, 0.0000000000000000000, 1.000000000000000000 ) ) ;
#5113 = CARTESIAN_POINT ( 'NONE',  ( 1.333373719291305992, 0.2566148049587326230, 7.700000000000000178 ) ) ;
#5114 = ORIENTED_EDGE ( 'NONE', *, *, #7974, .F. ) ;
#5115 = CARTESIAN_POINT ( 'NONE',  ( -0.9684754055259846561, 0.8758124462041458891, 7.700000000000002842 ) ) ;
#5116 = CARTESIAN_POINT ( 'NONE',  ( -1.335395223851440605, 0.7249772841373226528, 7.700000000000001066 ) ) ;
#5117 = PRESENTATION_LAYER_ASSIGNMENT (  '', '', ( #9736 ) ) ;
#5118 = PRESENTATION_LAYER_ASSIGNMENT (  '', '', ( #4417 ) ) ;
#5119 = CARTESIAN_POINT ( 'NONE',  ( -0.3999999999999996891, 1.000000000000000000, 0.2999999999999999889 ) ) ;
#5120 = CLOSED_SHELL ( 'NONE', ( #3163, #6995, #7986, #9464, #1023, #9005, #8150, #116, #5790 ) ) ;
#5121 = VERTEX_POINT ( 'NONE', #9460 ) ;
#5122 = DIRECTION ( 'NONE',  ( 1.971276677246372012E-16, 1.000000000000000000, 0.0000000000000000000 ) ) ;
#5123 = CARTESIAN_POINT ( 'NONE',  ( 0.9884906633286032474, -0.1214693845204695144, 7.701000000000002288 ) ) ;
#5124 = CARTESIAN_POINT ( 'NONE',  ( 0.3999999999999996891, 1.000000000000000000, 0.2999999999999999889 ) ) ;
#5125 = ORIENTED_EDGE ( 'NONE', *, *, #2302, .F. ) ;
#5126 = SURFACE_STYLE_USAGE ( .BOTH. , #1833 ) ;
#5127 = STYLED_ITEM ( 'NONE', ( #9068 ), #369 ) ;
#5128 = CARTESIAN_POINT ( 'NONE',  ( -1.477969299938868497, 0.8871885756818428392, 7.701000000000000512 ) ) ;
#5129 = STYLED_ITEM ( 'NONE', ( #1368 ), #7252 ) ;
#5130 =( LENGTH_UNIT ( ) NAMED_UNIT ( * ) SI_UNIT ( .MILLI., .METRE. ) );
#5131 = PRESENTATION_STYLE_ASSIGNMENT (( #8412 ) ) ;
#5132 = CARTESIAN_POINT ( 'NONE',  ( 0.05167007909992451381, 0.08836414843925879947, 7.700000000000001954 ) ) ;
#5133 = PRESENTATION_STYLE_ASSIGNMENT (( #10112 ) ) ;
#5134 = CARTESIAN_POINT ( 'NONE',  ( 3.199999999999998401, 3.299999999999999822, 0.6999999999999999556 ) ) ;
#5135 = VECTOR ( 'NONE', #4474, 1000.000000000000000 ) ;
#5136 =( GEOMETRIC_REPRESENTATION_CONTEXT ( 3 ) GLOBAL_UNCERTAINTY_ASSIGNED_CONTEXT ( ( #5279 ) ) GLOBAL_UNIT_ASSIGNED_CONTEXT ( ( #4191, #6793, #2645 ) ) REPRESENTATION_CONTEXT ( 'NONE', 'WORKASPACE' ) );
#5137 = VECTOR ( 'NONE', #4631, 1000.000000000000000 ) ;
#5138 = ORIENTED_EDGE ( 'NONE', *, *, #4752, .T. ) ;
#5139 = ORIENTED_EDGE ( 'NONE', *, *, #6611, .F. ) ;
#5140 = CARTESIAN_POINT ( 'NONE',  ( 2.148653374782161674, -1.320560356732234153, 7.700000000000000178 ) ) ;
#5141 = EDGE_CURVE ( 'NONE', #8254, #3839, #4420, .T. ) ;
#5142 = DIRECTION ( 'NONE',  ( 1.000000000000000000, 0.0000000000000000000, 0.0000000000000000000 ) ) ;
#5143 = CARTESIAN_POINT ( 'NONE',  ( 2.036574967193720109, -1.362496080374185681, 7.701000000000000512 ) ) ;
#5144 = DIRECTION ( 'NONE',  ( -1.000000000000000000, 0.0000000000000000000, 0.0000000000000000000 ) ) ;
#5145 = DIRECTION ( 'NONE',  ( -0.0000000000000000000, -1.000000000000000000, 0.0000000000000000000 ) ) ;
#5146 = CARTESIAN_POINT ( 'NONE',  ( -1.605882531098634214, 0.9208357560420732391, 7.700000000000000178 ) ) ;
#5147 = CARTESIAN_POINT ( 'NONE',  ( 1.513535354417957279, -1.596354154760114774, 7.700000000000000178 ) ) ;
#5148 = PLANE ( 'NONE',  #9044 ) ;
#5149 = VERTEX_POINT ( 'NONE', #5993 ) ;
#5150 = DIRECTION ( 'NONE',  ( -0.6532332565467510177, 0.7571567291791881926, 0.0000000000000000000 ) ) ;
#5151 = CARTESIAN_POINT ( 'NONE',  ( 0.04349010589171211499, -0.01168317895830453014, 7.701000000000001400 ) ) ;
#5152 = SURFACE_SIDE_STYLE ('',( #5637 ) ) ;
#5153 = ORIENTED_EDGE ( 'NONE', *, *, #3421, .F. ) ;
#5154 = TOROIDAL_SURFACE ( 'NONE', #7734, 3.150000000000000799, 0.3499999999999998113 ) ;
#5155 = EDGE_CURVE ( 'NONE', #7183, #131, #5180, .T. ) ;
#5157 = SURFACE_SIDE_STYLE ('',( #583 ) ) ;
#5156 = VECTOR ( 'NONE', #8584, 1000.000000000000000 ) ;
#5158 = EDGE_CURVE ( 'NONE', #7354, #8002, #7713, .T. ) ;
#5159 = VERTEX_POINT ( 'NONE', #533 ) ;
#5160 =( NAMED_UNIT ( * ) SI_UNIT ( $, .STERADIAN. ) SOLID_ANGLE_UNIT ( ) );
#5161 = CARTESIAN_POINT ( 'NONE',  ( 2.088206234233758174, -1.556895081890097066, 7.700000000000000178 ) ) ;
#5162 = COLOUR_RGB ( '',0.0000000000000000000, 0.0000000000000000000, 0.0000000000000000000 ) ;
#5163 = CARTESIAN_POINT ( 'NONE',  ( 1.506186202316687206, -0.9743720189187836667, 7.700000000000000178 ) ) ;
#5164 = DIRECTION ( 'NONE',  ( 0.7071067811865512365, -0.7071067811865439090, 0.0000000000000000000 ) ) ;
#5165 = EDGE_LOOP ( 'NONE', ( #5711, #1479, #7443, #3667 ) ) ;
#5166 = FILL_AREA_STYLE_COLOUR ( '', #10353 ) ;
#5167 = UNCERTAINTY_MEASURE_WITH_UNIT (LENGTH_MEASURE( 1.000000000000000082E-05 ), #761, 'distance_accuracy_value', 'NONE');
#5168 = ORIENTED_EDGE ( 'NONE', *, *, #4413, .T. ) ;
#5169 = CARTESIAN_POINT ( 'NONE',  ( -1.242357601280369206, 0.5588605670939227332, 7.700000000000000178 ) ) ;
#5170 = CARTESIAN_POINT ( 'NONE',  ( -1.256748052217145695, 0.7147202203168572243, 7.700000000000000178 ) ) ;
#5171 = PLANE ( 'NONE',  #188 ) ;
#5172 = ORIENTED_EDGE ( 'NONE', *, *, #1791, .F. ) ;
#5173 = FACE_OUTER_BOUND ( 'NONE', #2290, .T. ) ;
#5174 = CARTESIAN_POINT ( 'NONE',  ( 1.513545869038880332, 0.1261920998477567557, 7.699999999999997513 ) ) ;
#5175 = LINE ( 'NONE', #139, #10450 ) ;
#5176 = CARTESIAN_POINT ( 'NONE',  ( 2.149927442264945476, -0.1071168712504043802, 7.701000000000000512 ) ) ;
#5177 = ORIENTED_EDGE ( 'NONE', *, *, #9994, .T. ) ;
#5178 = AXIS2_PLACEMENT_3D ( 'NONE', #1227, #3467, #1016 ) ;
#5179 = DIRECTION ( 'NONE',  ( -0.0000000000000000000, -0.0000000000000000000, -1.000000000000000000 ) ) ;
#5180 = LINE ( 'NONE', #7869, #8777 ) ;
#5181 = CARTESIAN_POINT ( 'NONE',  ( -0.1928526542890789675, -0.2417229353974841843, 7.700000000000000178 ) ) ;
#5182 = SURFACE_SIDE_STYLE ('',( #1261 ) ) ;
#5183 =( LENGTH_UNIT ( ) NAMED_UNIT ( * ) SI_UNIT ( .MILLI., .METRE. ) );
#5184 = ORIENTED_EDGE ( 'NONE', *, *, #8305, .F. ) ;
#5185 = ORIENTED_EDGE ( 'NONE', *, *, #8624, .F. ) ;
#5186 = FILL_AREA_STYLE_COLOUR ( '', #259 ) ;
#5187 = COLOUR_RGB ( '',0.0000000000000000000, 0.0000000000000000000, 0.0000000000000000000 ) ;
#5188 = CARTESIAN_POINT ( 'NONE',  ( 1.550101069194856906, -1.129313119628636342, 7.701000000000002288 ) ) ;
#5189 = VECTOR ( 'NONE', #5278, 1000.000000000000000 ) ;
#5190 = CARTESIAN_POINT ( 'NONE',  ( 1.506186202316687206, -0.9743720189187836667, 7.701000000000000512 ) ) ;
#5191 = CARTESIAN_POINT ( 'NONE',  ( 2.036574967193720109, -1.362496080374185681, 7.700000000000000178 ) ) ;
#5192 = FILL_AREA_STYLE ('',( #4488 ) ) ;
#5193 = CARTESIAN_POINT ( 'NONE',  ( -0.3482459886159894324, 1.221035840433292385, 7.701000000000000512 ) ) ;
#5194 = LINE ( 'NONE', #9364, #2858 ) ;
#5195 = FILL_AREA_STYLE ('',( #1909 ) ) ;
#5196 = LINE ( 'NONE', #1856, #572 ) ;
#5197 =( NAMED_UNIT ( * ) PLANE_ANGLE_UNIT ( ) SI_UNIT ( $, .RADIAN. ) );
#5198 = STYLED_ITEM ( 'NONE', ( #6891 ), #2795 ) ;
#5199 = CARTESIAN_POINT ( 'NONE',  ( 0.9971684801081067695, -1.279577037141638396, 7.700000000000001066 ) ) ;
#5200 = FACE_OUTER_BOUND ( 'NONE', #1447, .T. ) ;
#5201 = VERTEX_POINT ( 'NONE', #10330 ) ;
#5202 = CARTESIAN_POINT ( 'NONE',  ( 0.4924942312413655987, 0.8514628111102653385, 7.700000000000000178 ) ) ;
#5203 = VECTOR ( 'NONE', #2296, 1000.000000000000000 ) ;
#5204 = CARTESIAN_POINT ( 'NONE',  ( -3.149999999999999911, 0.0000000000000000000, 2.212347538297979810 ) ) ;
#5205 = VECTOR ( 'NONE', #8609, 1000.000000000000000 ) ;
#5206 = FACE_OUTER_BOUND ( 'NONE', #3455, .T. ) ;
#5207 = VERTEX_POINT ( 'NONE', #6102 ) ;
#5208 =( NAMED_UNIT ( * ) PLANE_ANGLE_UNIT ( ) SI_UNIT ( $, .RADIAN. ) );
#5209 =( LENGTH_UNIT ( ) NAMED_UNIT ( * ) SI_UNIT ( .MILLI., .METRE. ) );
#5210 = CARTESIAN_POINT ( 'NONE',  ( 0.5043871117277578531, 0.9689193263269743062, 7.701000000000001400 ) ) ;
#5211 = FILL_AREA_STYLE_COLOUR ( '', #2744 ) ;
#5212 = ADVANCED_FACE ( 'NONE', ( #9352 ), #6050, .T. ) ;
#5213 = ADVANCED_FACE ( 'NONE', ( #3702 ), #1948, .F. ) ;
#5214 = CARTESIAN_POINT ( 'NONE',  ( 0.0000000000000000000, -1.100000000000000089, 1.972792206135785653 ) ) ;
#5215 = CARTESIAN_POINT ( 'NONE',  ( -0.4298476370812195357, -0.01871969251046251559, 7.700000000000001066 ) ) ;
#5216 = AXIS2_PLACEMENT_3D ( 'NONE', #4807, #5662, #1482 ) ;
#5217 = EDGE_CURVE ( 'NONE', #3990, #10158, #4017, .T. ) ;
#5218 = ORIENTED_EDGE ( 'NONE', *, *, #2327, .F. ) ;
#5219 = CARTESIAN_POINT ( 'NONE',  ( -0.5149773637200018017, -1.318660552905235317, 7.701000000000000512 ) ) ;
#5220 = DIRECTION ( 'NONE',  ( -0.0000000000000000000, -0.0000000000000000000, -1.000000000000000000 ) ) ;
#5221 = VECTOR ( 'NONE', #7410, 1000.000000000000000 ) ;
#5222 = ORIENTED_EDGE ( 'NONE', *, *, #6723, .T. ) ;
#5223 = CARTESIAN_POINT ( 'NONE',  ( -3.199999999999999289, 3.299999999999999822, 0.6999999999999999556 ) ) ;
#5224 = CARTESIAN_POINT ( 'NONE',  ( -0.5149773637200018017, -1.466107327118977510, 7.701000000000000512 ) ) ;
#5225 = ORIENTED_EDGE ( 'NONE', *, *, #2725, .F. ) ;
#5226 = CARTESIAN_POINT ( 'NONE',  ( 1.218754814184914492, 0.06929291314299104720, 7.701000000000001400 ) ) ;
#5227 = EDGE_CURVE ( 'NONE', #1844, #916, #6389, .T. ) ;
#5228 = EDGE_CURVE ( 'NONE', #1198, #8337, #8123, .T. ) ;
#5229 = CARTESIAN_POINT ( 'NONE',  ( 1.300000000000042899, -3.299999999999999822, 0.6999999999999999556 ) ) ;
#5230 = ORIENTED_EDGE ( 'NONE', *, *, #6407, .T. ) ;
#5231 = CARTESIAN_POINT ( 'NONE',  ( -1.300000000000000711, 3.033150177620620447, 1.599999999999999867 ) ) ;
#5232 =( NAMED_UNIT ( * ) SI_UNIT ( $, .STERADIAN. ) SOLID_ANGLE_UNIT ( ) );
#5233 = DIRECTION ( 'NONE',  ( -1.000000000000000000, 0.0000000000000000000, 0.0000000000000000000 ) ) ;
#5234 = FILL_AREA_STYLE_COLOUR ( '', #9429 ) ;
#5235 = CARTESIAN_POINT ( 'NONE',  ( -1.249647427785097520, 0.7148291533926911523, 7.701000000000001400 ) ) ;
#5236 = FILL_AREA_STYLE ('',( #2056 ) ) ;
#5237 = FACE_OUTER_BOUND ( 'NONE', #6206, .T. ) ;
#5238 = PLANE ( 'NONE',  #3550 ) ;
#5239 = CARTESIAN_POINT ( 'NONE',  ( -0.9682748588229931341, -0.6101184793789655725, 7.701000000000000512 ) ) ;
#5240 = EDGE_LOOP ( 'NONE', ( #8759, #8100, #8459, #5893 ) ) ;
#5241 = EDGE_LOOP ( 'NONE', ( #8863, #6557, #679, #1279, #2277, #469, #6261, #4588 ) ) ;
#5242 = CARTESIAN_POINT ( 'NONE',  ( -0.4000000000000000222, -3.649999999999999911, 0.0000000000000000000 ) ) ;
#5243 = CARTESIAN_POINT ( 'NONE',  ( -0.2018641910286937957, -0.2415795801979283841, 7.701000000000001400 ) ) ;
#5244 = CARTESIAN_POINT ( 'NONE',  ( 0.4201805556176050893, 1.210637298753467039, 7.700000000000000178 ) ) ;
#5245 = DIRECTION ( 'NONE',  ( -0.0000000000000000000, -0.0000000000000000000, -1.000000000000000000 ) ) ;
#5246 = CARTESIAN_POINT ( 'NONE',  ( 1.250069111952158085, -1.173115227243371805, 7.700999999999999623 ) ) ;
#5247 = PRESENTATION_STYLE_ASSIGNMENT (( #1962 ) ) ;
#5248 = DIRECTION ( 'NONE',  ( 0.7071067811865440200, 0.7071067811865511255, -0.0000000000000000000 ) ) ;
#5249 = CARTESIAN_POINT ( 'NONE',  ( -0.3939838613528476308, 0.1796888904747623028, 7.699999999999999289 ) ) ;
#5250 = ORIENTED_EDGE ( 'NONE', *, *, #777, .F. ) ;
#5251 = FACE_OUTER_BOUND ( 'NONE', #7155, .T. ) ;
#5252 = CARTESIAN_POINT ( 'NONE',  ( 1.300000000000043343, -3.033150177620620003, 1.000000000000000000 ) ) ;
#5253 = VERTEX_POINT ( 'NONE', #10492 ) ;
#5254 = PRESENTATION_LAYER_ASSIGNMENT (  '', '', ( #8519 ) ) ;
#5255 = DIRECTION ( 'NONE',  ( 0.0000000000000000000, 0.0000000000000000000, -1.000000000000000000 ) ) ;
#5256 = CARTESIAN_POINT ( 'NONE',  ( 1.853131385462633896, -0.3086036480344714894, 7.700000000000000178 ) ) ;
#5257 = CARTESIAN_POINT ( 'NONE',  ( -1.484673621710211222, 0.9165528742155917286, 7.701000000000002288 ) ) ;
#5258 = CARTESIAN_POINT ( 'NONE',  ( 0.2971258075372210650, 0.7294510755714447292, 7.700999999999999623 ) ) ;
#5259 = VERTEX_POINT ( 'NONE', #3970 ) ;
#5260 = PRESENTATION_STYLE_ASSIGNMENT (( #5966 ) ) ;
#5261 = SURFACE_STYLE_USAGE ( .BOTH. , #9918 ) ;
#5262 = PRESENTATION_STYLE_ASSIGNMENT (( #5968 ) ) ;
#5263 =( NAMED_UNIT ( * ) PLANE_ANGLE_UNIT ( ) SI_UNIT ( $, .RADIAN. ) );
#5264 =( LENGTH_UNIT ( ) NAMED_UNIT ( * ) SI_UNIT ( .MILLI., .METRE. ) );
#5265 = DIRECTION ( 'NONE',  ( 0.0000000000000000000, 0.0000000000000000000, -1.000000000000000000 ) ) ;
#5266 = CARTESIAN_POINT ( 'NONE',  ( 0.4201805556176050893, 1.210637298753467039, 7.701000000000000512 ) ) ;
#5267 =( GEOMETRIC_REPRESENTATION_CONTEXT ( 3 ) GLOBAL_UNCERTAINTY_ASSIGNED_CONTEXT ( ( #1178 ) ) GLOBAL_UNIT_ASSIGNED_CONTEXT ( ( #10316, #8063, #8271 ) ) REPRESENTATION_CONTEXT ( 'NONE', 'WORKASPACE' ) );
#5268 = EDGE_CURVE ( 'NONE', #4845, #957, #4800, .T. ) ;
#5269 = ORIENTED_EDGE ( 'NONE', *, *, #3689, .F. ) ;
#5270 = CARTESIAN_POINT ( 'NONE',  ( -0.9850681048049760857, 0.7480887106071942849, 7.700000000000001066 ) ) ;
#5271 = CARTESIAN_POINT ( 'NONE',  ( 3.033150177620663523, -1.300000000000000044, 1.000000000000000000 ) ) ;
#5272 = ORIENTED_EDGE ( 'NONE', *, *, #5552, .T. ) ;
#5273 = FILL_AREA_STYLE_COLOUR ( '', #10503 ) ;
#5274 = B_SPLINE_CURVE_WITH_KNOTS ( 'NONE', 3,
 ( #6312, #10381, #1366, #585, #9569, #9628, #2212, #5507, #2270, #6428, #8022, #3118, #9679, #5064, #4185, #6529, #3316, #8398, #9931 ),
 .UNSPECIFIED., .F., .F.,
 ( 4, 1, 1, 1, 1, 1, 1, 1, 1, 1, 1, 1, 1, 1, 1, 1, 4 ),
 ( 0.0000000000000000000, 0.09750503943926998318, 0.1886386804051314869, 0.2739400765705257146, 0.3531651522520403153, 0.4268825744736234884, 0.4949589937545025298, 0.5581875241023237511, 0.6163452844446742906, 0.6705734895847256238, 0.7212256537136769730, 0.7689088729427252522, 0.8147687689174850645, 0.8597860144707447638, 0.9048499509083575143, 0.9511583150780513751, 1.000000000000000000 ),
 .UNSPECIFIED. ) ;
#5275 = CARTESIAN_POINT ( 'NONE',  ( 0.5902092682244426403, -0.9024444335030809006, 7.701000000000000512 ) ) ;
#5276 = LINE ( 'NONE', #577, #7552 ) ;
#5277 = ORIENTED_EDGE ( 'NONE', *, *, #9809, .T. ) ;
#5278 = DIRECTION ( 'NONE',  ( -0.0000000000000000000, -0.0000000000000000000, -1.000000000000000000 ) ) ;
#5279 = UNCERTAINTY_MEASURE_WITH_UNIT (LENGTH_MEASURE( 1.000000000000000082E-05 ), #4191, 'distance_accuracy_value', 'NONE');
#5280 = ADVANCED_FACE ( 'NONE', ( #1524 ), #4290, .T. ) ;
#5281 = EDGE_CURVE ( 'NONE', #9051, #9419, #683, .T. ) ;
#5282 = DIRECTION ( 'NONE',  ( 0.0000000000000000000, 0.0000000000000000000, -1.000000000000000000 ) ) ;
#5283 =( GEOMETRIC_REPRESENTATION_CONTEXT ( 3 ) GLOBAL_UNCERTAINTY_ASSIGNED_CONTEXT ( ( #2020 ) ) GLOBAL_UNIT_ASSIGNED_CONTEXT ( ( #10392, #1486, #10284 ) ) REPRESENTATION_CONTEXT ( 'NONE', 'WORKASPACE' ) );
#5284 = STYLED_ITEM ( 'NONE', ( #523 ), #185 ) ;
#5285 = SURFACE_STYLE_FILL_AREA ( #2766 ) ;
#5286 = SURFACE_STYLE_FILL_AREA ( #4476 ) ;
#5287 = CARTESIAN_POINT ( 'NONE',  ( -1.300000000000000711, 3.033150177620620447, 0.6999999999999999556 ) ) ;
#5288 = PLANE ( 'NONE',  #8741 ) ;
#5289 = EDGE_CURVE ( 'NONE', #1771, #4383, #5274, .T. ) ;
#5290 = CIRCLE ( 'NONE', #10594, 0.09999999999999982514 ) ;
#5291 = FACE_OUTER_BOUND ( 'NONE', #948, .T. ) ;
#5292 = PRESENTATION_STYLE_ASSIGNMENT (( #1369 ) ) ;
#5293 = AXIS2_PLACEMENT_3D ( 'NONE', #1777, #5069, #7658 ) ;
#5294 = VECTOR ( 'NONE', #9601, 1000.000000000000000 ) ;
#5295 = ORIENTED_EDGE ( 'NONE', *, *, #6929, .T. ) ;
#5296 = EDGE_LOOP ( 'NONE', ( #2551, #4670, #6348, #10371 ) ) ;
#5297 =( NAMED_UNIT ( * ) SI_UNIT ( $, .STERADIAN. ) SOLID_ANGLE_UNIT ( ) );
#5298 = CIRCLE ( 'NONE', #7029, 0.5000000000000000000 ) ;
#5299 = CARTESIAN_POINT ( 'NONE',  ( 1.101417047856113829, -1.362496080374185681, 7.700000000000000178 ) ) ;
#5300 = DIRECTION ( 'NONE',  ( 0.0000000000000000000, 0.0000000000000000000, 1.000000000000000000 ) ) ;
#5301 = CARTESIAN_POINT ( 'NONE',  ( 1.218754814184914714, -1.186529079086537264, 7.701000000000000512 ) ) ;
#5302 = SURFACE_STYLE_USAGE ( .BOTH. , #5356 ) ;
#5303 = CARTESIAN_POINT ( 'NONE',  ( -0.04780027664417767913, -0.3685233062269059334, 7.700999999999998735 ) ) ;
#5304 = STYLED_ITEM ( 'NONE', ( #9675 ), #1730 ) ;
#5305 = CARTESIAN_POINT ( 'NONE',  ( 0.9971591472945747769, -0.1907045732427806728, 7.700000000000001066 ) ) ;
#5306 = VECTOR ( 'NONE', #4726, 1000.000000000000000 ) ;
#5307 = VERTEX_POINT ( 'NONE', #9776 ) ;
#5308 = FILL_AREA_STYLE ('',( #3626 ) ) ;
#5309 = CARTESIAN_POINT ( 'NONE',  ( -0.1643603059220369034, -0.2410997512338700355, 7.700000000000000178 ) ) ;
#5310 = VERTEX_POINT ( 'NONE', #3433 ) ;
#5311 = STYLED_ITEM ( 'NONE', ( #10566 ), #7920 ) ;
#5312 = CARTESIAN_POINT ( 'NONE',  ( -1.379782783005891300, 0.7442593099675818280, 7.701000000000002288 ) ) ;
#5313 = CARTESIAN_POINT ( 'NONE',  ( 1.050032591455505981, 0.08633012092532109383, 7.700000000000001954 ) ) ;
#5314 = ORIENTED_EDGE ( 'NONE', *, *, #8708, .F. ) ;
#5315 = AXIS2_PLACEMENT_3D ( 'NONE', #5119, #8400, #4301 ) ;
#5316 = PLANE ( 'NONE',  #5683 ) ;
#5317 = CARTESIAN_POINT ( 'NONE',  ( -0.5433154824878081435, 0.007785344690935144633, 7.700000000000000178 ) ) ;
#5318 = SURFACE_STYLE_FILL_AREA ( #8444 ) ;
#5319 = CARTESIAN_POINT ( 'NONE',  ( -0.4146574710358502114, -0.1064082622287932794, 7.701000000000001400 ) ) ;
#5320 = LINE ( 'NONE', #5219, #5205 ) ;
#5321 = CIRCLE ( 'NONE', #5840, 0.4500000000000000111 ) ;
#5322 = MECHANICAL_DESIGN_GEOMETRIC_PRESENTATION_REPRESENTATION (  '', ( #6024 ), #9608 ) ;
#5323 = FILL_AREA_STYLE_COLOUR ( '', #70 ) ;
#5324 = PLANE ( 'NONE',  #1999 ) ;
#5325 = AXIS2_PLACEMENT_3D ( 'NONE', #6313, #4531, #9403 ) ;
#5326 = ORIENTED_EDGE ( 'NONE', *, *, #3039, .T. ) ;
#5327 = CARTESIAN_POINT ( 'NONE',  ( -0.9850681048049760857, 0.7480887106071942849, 7.701000000000001400 ) ) ;
#5328 = DIRECTION ( 'NONE',  ( 1.000000000000000000, 0.0000000000000000000, -0.0000000000000000000 ) ) ;
#5329 = CARTESIAN_POINT ( 'NONE',  ( 1.550101069194856906, 0.1265088726008923303, 7.701000000000002288 ) ) ;
#5330 = CARTESIAN_POINT ( 'NONE',  ( 1.411149687857875756, -1.589125169373660329, 7.700999999999998735 ) ) ;
#5331 =( GEOMETRIC_REPRESENTATION_CONTEXT ( 3 ) GLOBAL_UNCERTAINTY_ASSIGNED_CONTEXT ( ( #5816 ) ) GLOBAL_UNIT_ASSIGNED_CONTEXT ( ( #2920, #2816, #6907 ) ) REPRESENTATION_CONTEXT ( 'NONE', 'WORKASPACE' ) );
#5332 = LINE ( 'NONE', #3600, #10249 ) ;
#5333 = EDGE_CURVE ( 'NONE', #8337, #1597, #2528, .T. ) ;
#5334 =( GEOMETRIC_REPRESENTATION_CONTEXT ( 3 ) GLOBAL_UNCERTAINTY_ASSIGNED_CONTEXT ( ( #9003 ) ) GLOBAL_UNIT_ASSIGNED_CONTEXT ( ( #6208, #5383, #2907 ) ) REPRESENTATION_CONTEXT ( 'NONE', 'WORKASPACE' ) );
#5335 = ORIENTED_EDGE ( 'NONE', *, *, #2917, .F. ) ;
#5336 = FILL_AREA_STYLE ('',( #8723 ) ) ;
#5337 = COLOUR_RGB ( '',0.0000000000000000000, 0.0000000000000000000, 0.0000000000000000000 ) ;
#5338 = CARTESIAN_POINT ( 'NONE',  ( 1.411166251672157923, -1.136850917609262712, 7.699999999999997513 ) ) ;
#5339 = CARTESIAN_POINT ( 'NONE',  ( -0.5000000000000002220, -3.299999999999999822, 0.2999999999999999889 ) ) ;
#5340 = SURFACE_STYLE_FILL_AREA ( #6958 ) ;
#5341 =( NAMED_UNIT ( * ) SI_UNIT ( $, .STERADIAN. ) SOLID_ANGLE_UNIT ( ) );
#5342 = LINE ( 'NONE', #8625, #1858 ) ;
#5343 =( LENGTH_UNIT ( ) NAMED_UNIT ( * ) SI_UNIT ( .MILLI., .METRE. ) );
#5344 = CARTESIAN_POINT ( 'NONE',  ( 1.946913123741486285, 0.05388108045180007438, 7.701000000000000512 ) ) ;
#5345 = ADVANCED_FACE ( 'NONE', ( #193 ), #1041, .T. ) ;
#5346 = EDGE_CURVE ( 'NONE', #7997, #1808, #1626, .T. ) ;
#5347 = ORIENTED_EDGE ( 'NONE', *, *, #1083, .F. ) ;
#5348 = VERTEX_POINT ( 'NONE', #831 ) ;
#5349 = EDGE_CURVE ( 'NONE', #1195, #9377, #10586, .T. ) ;
#5350 = CARTESIAN_POINT ( 'NONE',  ( 0.9971591472945752210, -1.446526565472309400, 7.700000000000001066 ) ) ;
#5351 =( LENGTH_UNIT ( ) NAMED_UNIT ( * ) SI_UNIT ( .MILLI., .METRE. ) );
#5352 = PRESENTATION_STYLE_ASSIGNMENT (( #10282 ) ) ;
#5353 = CARTESIAN_POINT ( 'NONE',  ( 2.007782352269932069, -1.465492452968370829, 7.699999999999996625 ) ) ;
#5354 = LINE ( 'NONE', #7190, #1164 ) ;
#5355 = CARTESIAN_POINT ( 'NONE',  ( 1.568996007524917191, -1.129149383645531080, 7.701000000000000512 ) ) ;
#5356 = SURFACE_SIDE_STYLE ('',( #8742 ) ) ;
#5357 = CARTESIAN_POINT ( 'NONE',  ( 0.1415137252151125180, -0.1338703734566870918, 7.699999999999998401 ) ) ;
#5358 =( NAMED_UNIT ( * ) SI_UNIT ( $, .STERADIAN. ) SOLID_ANGLE_UNIT ( ) );
#5359 = DIRECTION ( 'NONE',  ( 1.000000000000000000, 0.0000000000000000000, -1.566230603695991232E-12 ) ) ;
#5360 = ORIENTED_EDGE ( 'NONE', *, *, #10271, .T. ) ;
#5361 = DIRECTION ( 'NONE',  ( 0.0000000000000000000, 1.000000000000000000, 0.0000000000000000000 ) ) ;
#5362 = CARTESIAN_POINT ( 'NONE',  ( 2.168404344971008868E-14, 2.168404344971008868E-14, 1.000000000000000000 ) ) ;
#5363 = ADVANCED_FACE ( 'NONE', ( #9875 ), #130, .T. ) ;
#5364 = ORIENTED_EDGE ( 'NONE', *, *, #8106, .F. ) ;
#5365 = AXIS2_PLACEMENT_3D ( 'NONE', #882, #4797, #3913 ) ;
#5366 = FILL_AREA_STYLE ('',( #10189 ) ) ;
#5367 = CARTESIAN_POINT ( 'NONE',  ( -1.447338220291349398, 0.8121478985593975075, 7.700000000000001066 ) ) ;
#5368 = CARTESIAN_POINT ( 'NONE',  ( 1.506186202316686762, 0.2814499733107446722, 7.700000000000000178 ) ) ;
#5369 = VECTOR ( 'NONE', #9381, 1000.000000000000000 ) ;
#5370 = EDGE_LOOP ( 'NONE', ( #1832, #4704, #10611, #5514 ) ) ;
#5371 =( GEOMETRIC_REPRESENTATION_CONTEXT ( 3 ) GLOBAL_UNCERTAINTY_ASSIGNED_CONTEXT ( ( #4741 ) ) GLOBAL_UNIT_ASSIGNED_CONTEXT ( ( #3761, #7819, #7175 ) ) REPRESENTATION_CONTEXT ( 'NONE', 'WORKASPACE' ) );
#5372 = SURFACE_SIDE_STYLE ('',( #3895 ) ) ;
#5373 = CARTESIAN_POINT ( 'NONE',  ( 0.9884938499748574525, -1.348660085834662681, 7.701000000000000512 ) ) ;
#5374 = CARTESIAN_POINT ( 'NONE',  ( 1.568996007524917191, -1.752587996537268822, 7.701000000000000512 ) ) ;
#5375 = FACE_OUTER_BOUND ( 'NONE', #3837, .T. ) ;
#5376 = CARTESIAN_POINT ( 'NONE',  ( 3.299999999999998934, 3.199999999999999289, 0.0000000000000000000 ) ) ;
#5377 = CARTESIAN_POINT ( 'NONE',  ( 1.772572157991250341, 0.1126199460832720545, 7.700000000000000178 ) ) ;
#5378 = UNCERTAINTY_MEASURE_WITH_UNIT (LENGTH_MEASURE( 1.000000000000000082E-05 ), #2478, 'distance_accuracy_value', 'NONE');
#5379 =( NAMED_UNIT ( * ) SI_UNIT ( $, .STERADIAN. ) SOLID_ANGLE_UNIT ( ) );
#5380 = CARTESIAN_POINT ( 'NONE',  ( 1.919237200864919890, -1.186529079086537264, 7.699999999999998401 ) ) ;
#5381 = VERTEX_POINT ( 'NONE', #1095 ) ;
#5382 = CARTESIAN_POINT ( 'NONE',  ( -0.9722095601561913103, 0.8142603103830727829, 7.700999999999999623 ) ) ;
#5383 =( NAMED_UNIT ( * ) PLANE_ANGLE_UNIT ( ) SI_UNIT ( $, .RADIAN. ) );
#5384 = DIRECTION ( 'NONE',  ( -0.0000000000000000000, -0.0000000000000000000, -1.000000000000000000 ) ) ;
#5385 = PRESENTATION_LAYER_ASSIGNMENT (  '', '', ( #2460 ) ) ;
#5386 = CARTESIAN_POINT ( 'NONE',  ( 1.568996007524917191, 0.1266726085839973703, 7.701000000000001400 ) ) ;
#5387 = CARTESIAN_POINT ( 'NONE',  ( -1.081752403481624603, 0.9579532981405722847, 7.699999999999998401 ) ) ;
#5388 = VECTOR ( 'NONE', #6288, 1000.000000000000000 ) ;
#5389 = CARTESIAN_POINT ( 'NONE',  ( -8.673617379884035472E-16, 4.336808689942017736E-16, 1.599999999999999867 ) ) ;
#5390 = LINE ( 'NONE', #4576, #350 ) ;
#5391 = ORIENTED_EDGE ( 'NONE', *, *, #9333, .F. ) ;
#5392 = LINE ( 'NONE', #9511, #920 ) ;
#5393 = UNCERTAINTY_MEASURE_WITH_UNIT (LENGTH_MEASURE( 1.000000000000000082E-05 ), #9018, 'distance_accuracy_value', 'NONE');
#5394 = LINE ( 'NONE', #1054, #5135 ) ;
#5395 =( NAMED_UNIT ( * ) SI_UNIT ( $, .STERADIAN. ) SOLID_ANGLE_UNIT ( ) );
#5396 =( NAMED_UNIT ( * ) SI_UNIT ( $, .STERADIAN. ) SOLID_ANGLE_UNIT ( ) );
#5397 = CARTESIAN_POINT ( 'NONE',  ( -2.073461490767437354, 1.224806358137370044, 7.701000000000000512 ) ) ;
#5398 = DIRECTION ( 'NONE',  ( -0.0000000000000000000, -0.0000000000000000000, -1.000000000000000000 ) ) ;
#5399 = DIRECTION ( 'NONE',  ( -0.0000000000000000000, 0.0000000000000000000, -1.000000000000000000 ) ) ;
#5400 = CARTESIAN_POINT ( 'NONE',  ( 0.3130270440268375642, 0.5730296264778258486, 7.699999999999999289 ) ) ;
#5401 =( GEOMETRIC_REPRESENTATION_CONTEXT ( 3 ) GLOBAL_UNCERTAINTY_ASSIGNED_CONTEXT ( ( #8392 ) ) GLOBAL_UNIT_ASSIGNED_CONTEXT ( ( #1829, #7559, #3441 ) ) REPRESENTATION_CONTEXT ( 'NONE', 'WORKASPACE' ) );
#5402 = VERTEX_POINT ( 'NONE', #8453 ) ;
#5403 = ORIENTED_EDGE ( 'NONE', *, *, #4496, .T. ) ;
#5404 = SURFACE_STYLE_FILL_AREA ( #2867 ) ;
#5405 = CARTESIAN_POINT ( 'NONE',  ( 1.130216985497991988, -1.259954281957251565, 7.700999999999999623 ) ) ;
#5406 = CARTESIAN_POINT ( 'NONE',  ( 1.726842327191958626, -1.589125169373661217, 7.700000000000001954 ) ) ;
#5407 = SURFACE_STYLE_USAGE ( .BOTH. , #8845 ) ;
#5408 = EDGE_CURVE ( 'NONE', #7354, #4245, #10150, .T. ) ;
#5409 = PRESENTATION_STYLE_ASSIGNMENT (( #5302 ) ) ;
#5410 = CARTESIAN_POINT ( 'NONE',  ( 0.06865954094141678288, -0.2779966841637466213, 7.700000000000001954 ) ) ;
#5411 = PRESENTATION_STYLE_ASSIGNMENT (( #8800 ) ) ;
#5412 = DIRECTION ( 'NONE',  ( 0.9403531483904996602, -0.3401998770018514473, 0.0000000000000000000 ) ) ;
#5413 = ORIENTED_EDGE ( 'NONE', *, *, #2595, .F. ) ;
#5414 = DIRECTION ( 'NONE',  ( -1.000000000000000000, 0.0000000000000000000, 0.0000000000000000000 ) ) ;
#5415 = ORIENTED_EDGE ( 'NONE', *, *, #1028, .T. ) ;
#5416 = ORIENTED_EDGE ( 'NONE', *, *, #5071, .T. ) ;
#5417 = LINE ( 'NONE', #8537, #7010 ) ;
#5418 = CARTESIAN_POINT ( 'NONE',  ( 1.887983158113436311, -0.2967942051096081890, 7.700000000000001066 ) ) ;
#5419 = CARTESIAN_POINT ( 'NONE',  ( -1.429930011838479675, 0.6175480367402811366, 7.700000000000003730 ) ) ;
#5420 = ADVANCED_FACE ( 'NONE', ( #3694 ), #10096, .F. ) ;
#5421 = CARTESIAN_POINT ( 'NONE',  ( -1.492395200446157810, 1.005178692037176580, 7.700000000000001066 ) ) ;
#5422 = EDGE_CURVE ( 'NONE', #6046, #4383, #6092, .T. ) ;
#5423 = FILL_AREA_STYLE_COLOUR ( '', #308 ) ;
#5424 = CARTESIAN_POINT ( 'NONE',  ( 1.233985478711282502, 0.2232776910250738600, 7.700000000000001954 ) ) ;
#5425 = ORIENTED_EDGE ( 'NONE', *, *, #2121, .F. ) ;
#5426 = CARTESIAN_POINT ( 'NONE',  ( -0.5149773637200018017, -1.466107327118977510, 7.700000000000000178 ) ) ;
#5427 = CARTESIAN_POINT ( 'NONE',  ( -0.2012655332982714596, -0.3975825886204186199, 7.701000000000000512 ) ) ;
#5428 = CARTESIAN_POINT ( 'NONE',  ( 0.6074195422467978389, 0.8089118896393429070, 7.700000000000001954 ) ) ;
#5429 = CARTESIAN_POINT ( 'NONE',  ( -0.3504764605686563894, -0.1945926199406576573, 7.700999999999999623 ) ) ;
#5430 = FACE_OUTER_BOUND ( 'NONE', #2475, .T. ) ;
#5431 = MECHANICAL_DESIGN_GEOMETRIC_PRESENTATION_REPRESENTATION (  '', ( #5939 ), #6987 ) ;
#5432 = SURFACE_STYLE_USAGE ( .BOTH. , #2138 ) ;
#5433 = B_SPLINE_CURVE_WITH_KNOTS ( 'NONE', 3,
 ( #649, #3081, #2286, #2941, #8849, #10507, #3134, #6235, #3725, #3836, #5466, #8749, #10291, #7197, #3032, #9482, #6441, #6334, #10402 ),
 .UNSPECIFIED., .F., .F.,
 ( 4, 1, 1, 1, 1, 1, 1, 1, 1, 1, 1, 1, 1, 1, 1, 1, 4 ),
 ( 0.0000000000000000000, 0.04884168492194871508, 0.09515004909164227753, 0.1402139855292551252, 0.1852312310825146857, 0.2310911270572748311, 0.2787743462863224719, 0.3294265104152745982, 0.3836547155553255983, 0.4418124758976761934, 0.5050410062454973037, 0.5731174255263764561, 0.6468348477479596292, 0.7260599234294742299, 0.8113613195948689016, 0.9024949605607299752, 1.000000000000000000 ),
 .UNSPECIFIED. ) ;
#5434 = CARTESIAN_POINT ( 'NONE',  ( 0.001269177717906747960, 0.7368384892911490347, 7.700000000000003730 ) ) ;
#5435 = EDGE_LOOP ( 'NONE', ( #7835, #5944, #8053, #2866, #2003, #8350, #2605, #3813, #7270 ) ) ;
#5436 = CARTESIAN_POINT ( 'NONE',  ( 0.4395189419757412619, 0.7714195386444874236, 7.700999999999999623 ) ) ;
#5437 = FILL_AREA_STYLE_COLOUR ( '', #9969 ) ;
#5438 = SURFACE_STYLE_USAGE ( .BOTH. , #1303 ) ;
#5439 = DIRECTION ( 'NONE',  ( 1.000000000000000000, 0.0000000000000000000, 0.0000000000000000000 ) ) ;
#5440 = ORIENTED_EDGE ( 'NONE', *, *, #8894, .T. ) ;
#5441 = PRESENTATION_STYLE_ASSIGNMENT (( #1419 ) ) ;
#5442 = FILL_AREA_STYLE_COLOUR ( '', #1361 ) ;
#5443 = DIRECTION ( 'NONE',  ( 1.221593242852756957E-16, -0.0000000000000000000, -1.000000000000000000 ) ) ;
#5444 = SURFACE_STYLE_FILL_AREA ( #10441 ) ;
#5445 = DIRECTION ( 'NONE',  ( -1.000000000000000000, 9.856383386231860060E-17, 0.0000000000000000000 ) ) ;
#5446 = AXIS2_PLACEMENT_3D ( 'NONE', #5844, #6495, #9805 ) ;
#5447 = DIRECTION ( 'NONE',  ( -0.0000000000000000000, -0.0000000000000000000, -1.000000000000000000 ) ) ;
#5448 = MECHANICAL_DESIGN_GEOMETRIC_PRESENTATION_REPRESENTATION (  '', ( #1998 ), #1828 ) ;
#5449 =( NAMED_UNIT ( * ) PLANE_ANGLE_UNIT ( ) SI_UNIT ( $, .RADIAN. ) );
#5450 = FACE_OUTER_BOUND ( 'NONE', #4550, .T. ) ;
#5451 = VERTEX_POINT ( 'NONE', #8714 ) ;
#5452 = DIRECTION ( 'NONE',  ( -1.000000000000000000, 0.0000000000000000000, 0.0000000000000000000 ) ) ;
#5453 = CIRCLE ( 'NONE', #836, 0.2000000000000000944 ) ;
#5454 = CARTESIAN_POINT ( 'NONE',  ( 1.101712058212668488, -1.353018607922783056, 7.700000000000000178 ) ) ;
#5455 = FACE_OUTER_BOUND ( 'NONE', #2446, .T. ) ;
#5456 = DIRECTION ( 'NONE',  ( -0.0000000000000000000, 0.0000000000000000000, -1.000000000000000000 ) ) ;
#5457 = AXIS2_PLACEMENT_3D ( 'NONE', #9320, #7678, #1964 ) ;
#5458 = B_SPLINE_CURVE_WITH_KNOTS ( 'NONE', 3,
 ( #2375, #2432, #2276, #6478, #1584, #3920, #4077, #1678, #5568, #10596, #3167, #7287, #5719, #1633, #3869, #3125, #7397, #9634, #3072 ),
 .UNSPECIFIED., .F., .F.,
 ( 4, 1, 1, 1, 1, 1, 1, 1, 1, 1, 1, 1, 1, 1, 1, 1, 4 ),
 ( 0.0000000000000000000, 0.05486731181826618592, 0.1079753909594999006, 0.1598557974559500217, 0.2115222600122139696, 0.2641863201740957678, 0.3183376082143677399, 0.3747761725932210464, 0.4346069298520088275, 0.4966201443570746887, 0.5604683723292162023, 0.6264101314155980926, 0.6944834107562097847, 0.7656292468867323953, 0.8402079978912536662, 0.9182265899183529312, 1.000000000000000000 ),
 .UNSPECIFIED. ) ;
#5459 = CARTESIAN_POINT ( 'NONE',  ( 0.3092633876279882732, 0.7288892797007604507, 7.701000000000000512 ) ) ;
#5460 = FILL_AREA_STYLE_COLOUR ( '', #9369 ) ;
#5461 = FACE_OUTER_BOUND ( 'NONE', #6896, .T. ) ;
#5462 = LINE ( 'NONE', #8138, #9910 ) ;
#5463 = EDGE_LOOP ( 'NONE', ( #9695, #7705 ) ) ;
#5464 =( GEOMETRIC_REPRESENTATION_CONTEXT ( 3 ) GLOBAL_UNCERTAINTY_ASSIGNED_CONTEXT ( ( #3525 ) ) GLOBAL_UNIT_ASSIGNED_CONTEXT ( ( #10269, #3701, #5395 ) ) REPRESENTATION_CONTEXT ( 'NONE', 'WORKASPACE' ) );
#5465 = CLOSED_SHELL ( 'NONE', ( #7133, #6874, #9001, #2063, #1348, #3954, #8710, #10534, #8780, #2170 ) ) ;
#5466 = CARTESIAN_POINT ( 'NONE',  ( 1.887922903097675853, -1.173115227243371805, 7.701000000000001400 ) ) ;
#5467 =( GEOMETRIC_REPRESENTATION_CONTEXT ( 3 ) GLOBAL_UNCERTAINTY_ASSIGNED_CONTEXT ( ( #4513 ) ) GLOBAL_UNIT_ASSIGNED_CONTEXT ( ( #1687, #9896, #3175 ) ) REPRESENTATION_CONTEXT ( 'NONE', 'WORKASPACE' ) );
#5468 = EDGE_CURVE ( 'NONE', #227, #2377, #6037, .T. ) ;
#5469 = EDGE_LOOP ( 'NONE', ( #9058, #9214, #4806, #2746 ) ) ;
#5470 = UNCERTAINTY_MEASURE_WITH_UNIT (LENGTH_MEASURE( 1.000000000000000082E-05 ), #8848, 'distance_accuracy_value', 'NONE');
#5471 = ORIENTED_EDGE ( 'NONE', *, *, #4633, .T. ) ;
#5472 = VECTOR ( 'NONE', #2328, 1000.000000000000000 ) ;
#5473 = CARTESIAN_POINT ( 'NONE',  ( -2.949999999999999734, 0.0000000000000000000, 2.212347538297979810 ) ) ;
#5474 = DIRECTION ( 'NONE',  ( 1.000000000000000000, -1.227398685832646557E-16, 0.0000000000000000000 ) ) ;
#5475 = CARTESIAN_POINT ( 'NONE',  ( -0.9682748588229931341, 1.224806358137370044, 7.700000000000000178 ) ) ;
#5476 = CARTESIAN_POINT ( 'NONE',  ( -1.447338220291349398, 0.8121478985593975075, 7.701000000000001400 ) ) ;
#5477 = CYLINDRICAL_SURFACE ( 'NONE', #9361, 3.150000000000000799 ) ;
#5478 = CARTESIAN_POINT ( 'NONE',  ( -1.256748052217145917, 0.7147202203168573353, 7.701000000000001400 ) ) ;
#5479 =( GEOMETRIC_REPRESENTATION_CONTEXT ( 3 ) GLOBAL_UNCERTAINTY_ASSIGNED_CONTEXT ( ( #7109 ) ) GLOBAL_UNIT_ASSIGNED_CONTEXT ( ( #1570, #6368, #2309 ) ) REPRESENTATION_CONTEXT ( 'NONE', 'WORKASPACE' ) );
#5480 = ORIENTED_EDGE ( 'NONE', *, *, #6800, .T. ) ;
#5481 = CARTESIAN_POINT ( 'NONE',  ( 1.631805812733146954, -0.9743720189187837777, 7.700000000000001066 ) ) ;
#5482 = DIRECTION ( 'NONE',  ( 0.0000000000000000000, -1.000000000000000000, 0.0000000000000000000 ) ) ;
#5483 = CARTESIAN_POINT ( 'NONE',  ( 2.035705237722671423, -0.07873324837788142627, 7.701000000000002288 ) ) ;
#5484 =( GEOMETRIC_REPRESENTATION_CONTEXT ( 3 ) GLOBAL_UNCERTAINTY_ASSIGNED_CONTEXT ( ( #6979 ) ) GLOBAL_UNIT_ASSIGNED_CONTEXT ( ( #8414, #8573, #5341 ) ) REPRESENTATION_CONTEXT ( 'NONE', 'WORKASPACE' ) );
#5485 = CARTESIAN_POINT ( 'NONE',  ( -3.149999999999999911, 0.0000000000000000000, 0.9000000000000012434 ) ) ;
#5486 =( GEOMETRIC_REPRESENTATION_CONTEXT ( 3 ) GLOBAL_UNCERTAINTY_ASSIGNED_CONTEXT ( ( #10209 ) ) GLOBAL_UNIT_ASSIGNED_CONTEXT ( ( #1866, #5098, #5914 ) ) REPRESENTATION_CONTEXT ( 'NONE', 'WORKASPACE' ) );
#5487 = PRESENTATION_STYLE_ASSIGNMENT (( #9603 ) ) ;
#5488 = PRESENTATION_LAYER_ASSIGNMENT (  '', '', ( #2733 ) ) ;
#5489 = UNCERTAINTY_MEASURE_WITH_UNIT (LENGTH_MEASURE( 1.000000000000000082E-05 ), #6779, 'distance_accuracy_value', 'NONE');
#5490 = EDGE_CURVE ( 'NONE', #5767, #5580, #9952, .T. ) ;
#5491 = PRESENTATION_LAYER_ASSIGNMENT (  '', '', ( #9586 ) ) ;
#5492 = CARTESIAN_POINT ( 'NONE',  ( 1.855816306464177057, -1.014347014972642791, 7.700000000000001066 ) ) ;
#5493 = EDGE_CURVE ( 'NONE', #1448, #5536, #54, .T. ) ;
#5494 = SURFACE_STYLE_FILL_AREA ( #1245 ) ;
#5495 = VECTOR ( 'NONE', #3916, 1000.000000000000114 ) ;
#5496 = CARTESIAN_POINT ( 'NONE',  ( 1.887922903097675853, -1.173115227243371805, 7.701000000000001400 ) ) ;
#5497 = ORIENTED_EDGE ( 'NONE', *, *, #3764, .T. ) ;
#5498 = CARTESIAN_POINT ( 'NONE',  ( -0.3093384122045973461, 1.198405390492281564, 7.701000000000003176 ) ) ;
#5499 = FILL_AREA_STYLE_COLOUR ( '', #4978 ) ;
#5500 = DIRECTION ( 'NONE',  ( -0.0000000000000000000, -0.0000000000000000000, -1.000000000000000000 ) ) ;
#5501 = FILL_AREA_STYLE ('',( #21 ) ) ;
#5502 = COLOUR_RGB ( '',1.000000000000000000, 1.000000000000000000, 1.000000000000000000 ) ;
#5503 = ORIENTED_EDGE ( 'NONE', *, *, #778, .T. ) ;
#5504 = UNCERTAINTY_MEASURE_WITH_UNIT (LENGTH_MEASURE( 1.000000000000000082E-05 ), #1170, 'distance_accuracy_value', 'NONE');
#5505 = MECHANICAL_DESIGN_GEOMETRIC_PRESENTATION_REPRESENTATION (  '', ( #9592 ), #1706 ) ;
#5506 = VECTOR ( 'NONE', #8087, 1000.000000000000000 ) ;
#5507 = CARTESIAN_POINT ( 'NONE',  ( 1.284816050689753686, 0.09467661219367830283, 7.699999999999999289 ) ) ;
#5508 = MECHANICAL_DESIGN_GEOMETRIC_PRESENTATION_REPRESENTATION (  '', ( #1048 ), #3242 ) ;
#5509 = CARTESIAN_POINT ( 'NONE',  ( -2.073461490767437354, 0.6082308833847103191, 7.701000000000000512 ) ) ;
#5510 = DIRECTION ( 'NONE',  ( 0.0000000000000000000, -1.000000000000000000, 0.0000000000000000000 ) ) ;
#5511 = CIRCLE ( 'NONE', #7575, 3.022727272727273817 ) ;
#5512 = CARTESIAN_POINT ( 'NONE',  ( 1.677484788994017872, 0.1235885858669402981, 7.701000000000000512 ) ) ;
#5513 = DIRECTION ( 'NONE',  ( 1.000000000000000000, 0.0000000000000000000, 0.0000000000000000000 ) ) ;
#5514 = ORIENTED_EDGE ( 'NONE', *, *, #2975, .F. ) ;
#5515 = PRESENTATION_LAYER_ASSIGNMENT (  '', '', ( #7411 ) ) ;
#5516 = AXIS2_PLACEMENT_3D ( 'NONE', #6849, #2101, #6156 ) ;
#5517 = CARTESIAN_POINT ( 'NONE',  ( 1.234053943725264668, -1.693480701305958069, 7.701000000000000512 ) ) ;
#5518 = CARTESIAN_POINT ( 'NONE',  ( 1.460507226055815844, -1.132233406362588068, 7.700999999999997847 ) ) ;
#5519 =( NAMED_UNIT ( * ) SI_UNIT ( $, .STERADIAN. ) SOLID_ANGLE_UNIT ( ) );
#5520 = SURFACE_STYLE_FILL_AREA ( #2224 ) ;
#5521 = CARTESIAN_POINT ( 'NONE',  ( 1.101417047856113829, -1.362496080374185681, 7.701000000000000512 ) ) ;
#5522 = CARTESIAN_POINT ( 'NONE',  ( 0.6185473869922488710, 0.9168507080903502970, 7.700000000000000178 ) ) ;
#5523 = SURFACE_STYLE_FILL_AREA ( #8686 ) ;
#5524 = EDGE_LOOP ( 'NONE', ( #2165, #2797, #5894, #653 ) ) ;
#5525 = CARTESIAN_POINT ( 'NONE',  ( 0.1281439914064398944, -0.1744498169025837375, 7.701000000000000512 ) ) ;
#5526 = AXIS2_PLACEMENT_3D ( 'NONE', #16, #5859, #3351 ) ;
#5527 = CARTESIAN_POINT ( 'NONE',  ( -3.300000000000000266, 1.300000000000000044, 1.599999999999999867 ) ) ;
#5528 = ORIENTED_EDGE ( 'NONE', *, *, #184, .T. ) ;
#5529 = ORIENTED_EDGE ( 'NONE', *, *, #7799, .F. ) ;
#5530 = STYLED_ITEM ( 'NONE', ( #60 ), #5826 ) ;
#5531 = CARTESIAN_POINT ( 'NONE',  ( 1.692823240631756487, -1.746689781151781418, 7.700000000000002842 ) ) ;
#5532 = DIRECTION ( 'NONE',  ( -0.0000000000000000000, 1.000000000000000000, -0.0000000000000000000 ) ) ;
#5533 = CARTESIAN_POINT ( 'NONE',  ( -0.3999999999999996891, 1.306155281280883651, 0.2999999999999999334 ) ) ;
#5534 = CARTESIAN_POINT ( 'NONE',  ( 3.300000000000000266, 1.300000000000002487, 1.599999999999999867 ) ) ;
#5535 = CARTESIAN_POINT ( 'NONE',  ( -1.081627333894218168, 0.9682135483569992429, 7.701000000000000512 ) ) ;
#5536 = VERTEX_POINT ( 'NONE', #2957 ) ;
#5537 = FILL_AREA_STYLE_COLOUR ( '', #6902 ) ;
#5538 = SURFACE_STYLE_USAGE ( .BOTH. , #3000 ) ;
#5539 =( GEOMETRIC_REPRESENTATION_CONTEXT ( 3 ) GLOBAL_UNCERTAINTY_ASSIGNED_CONTEXT ( ( #5592 ) ) GLOBAL_UNIT_ASSIGNED_CONTEXT ( ( #3907, #10575, #3009 ) ) REPRESENTATION_CONTEXT ( 'NONE', 'WORKASPACE' ) );
#5540 = CARTESIAN_POINT ( 'NONE',  ( 0.6185473869922488710, 0.9168507080903502970, 7.700000000000000178 ) ) ;
#5541 = CARTESIAN_POINT ( 'NONE',  ( -0.3504764605686563894, -0.1945926199406576573, 7.699999999999999289 ) ) ;
#5542 =( NAMED_UNIT ( * ) SI_UNIT ( $, .STERADIAN. ) SOLID_ANGLE_UNIT ( ) );
#5543 = FILL_AREA_STYLE_COLOUR ( '', #3476 ) ;
#5544 = DIRECTION ( 'NONE',  ( -0.0000000000000000000, -0.0000000000000000000, -1.000000000000000000 ) ) ;
#5545 = CARTESIAN_POINT ( 'NONE',  ( 1.814645377841686003, -1.151314767247126225, 7.700000000000000178 ) ) ;
#5546 = ADVANCED_FACE ( 'NONE', ( #3957 ), #7857, .T. ) ;
#5547 = ORIENTED_EDGE ( 'NONE', *, *, #8346, .F. ) ;
#5548 = CARTESIAN_POINT ( 'NONE',  ( 1.858578643762690330, -3.200000000000000178, 0.0000000000000000000 ) ) ;
#5549 =( NAMED_UNIT ( * ) SI_UNIT ( $, .STERADIAN. ) SOLID_ANGLE_UNIT ( ) );
#5550 = DIRECTION ( 'NONE',  ( -0.0000000000000000000, -0.0000000000000000000, -1.000000000000000000 ) ) ;
#5551 = CARTESIAN_POINT ( 'NONE',  ( 2.121589323497139468, 0.8280726953880822583, 7.700000000000000178 ) ) ;
#5552 = EDGE_CURVE ( 'NONE', #2237, #6254, #7417, .T. ) ;
#5553 = AXIS2_PLACEMENT_3D ( 'NONE', #4295, #7602, #5142 ) ;
#5554 = SURFACE_STYLE_USAGE ( .BOTH. , #10536 ) ;
#5555 =( GEOMETRIC_REPRESENTATION_CONTEXT ( 3 ) GLOBAL_UNCERTAINTY_ASSIGNED_CONTEXT ( ( #5708 ) ) GLOBAL_UNIT_ASSIGNED_CONTEXT ( ( #3428, #2636, #10315 ) ) REPRESENTATION_CONTEXT ( 'NONE', 'WORKASPACE' ) );
#5556 = ORIENTED_EDGE ( 'NONE', *, *, #1424, .F. ) ;
#5557 = DIRECTION ( 'NONE',  ( -1.000000000000000000, -1.224646799147350742E-16, 0.0000000000000000000 ) ) ;
#5558 = FILL_AREA_STYLE ('',( #2965 ) ) ;
#5559 = CARTESIAN_POINT ( 'NONE',  ( -2.800000000000000266, 0.0000000000000000000, 1.700000000000000400 ) ) ;
#5560 = EDGE_CURVE ( 'NONE', #6729, #8991, #6255, .T. ) ;
#5561 = PRESENTATION_LAYER_ASSIGNMENT (  '', '', ( #7622 ) ) ;
#5562 = ADVANCED_FACE ( 'NONE', ( #3856 ), #6458, .F. ) ;
#5563 = DIRECTION ( 'NONE',  ( -1.000000000000000000, -1.224646799147353207E-16, 0.0000000000000000000 ) ) ;
#5564 = SURFACE_STYLE_FILL_AREA ( #2271 ) ;
#5565 = CARTESIAN_POINT ( 'NONE',  ( -0.9682748588229931341, 0.3533775587264474938, 7.700000000000000178 ) ) ;
#5566 =( LENGTH_UNIT ( ) NAMED_UNIT ( * ) SI_UNIT ( .MILLI., .METRE. ) );
#5567 = CARTESIAN_POINT ( 'NONE',  ( 1.814645377841686225, 0.1045072249824021970, 7.700000000000001954 ) ) ;
#5568 = CARTESIAN_POINT ( 'NONE',  ( 1.110452083356399111, 0.1486545104043989485, 7.701000000000002288 ) ) ;
#5569 = ORIENTED_EDGE ( 'NONE', *, *, #1542, .F. ) ;
#5570 =( GEOMETRIC_REPRESENTATION_CONTEXT ( 3 ) GLOBAL_UNCERTAINTY_ASSIGNED_CONTEXT ( ( #7865 ) ) GLOBAL_UNIT_ASSIGNED_CONTEXT ( ( #3149, #1561, #9606 ) ) REPRESENTATION_CONTEXT ( 'NONE', 'WORKASPACE' ) );
#5571 = LINE ( 'NONE', #8841, #9830 ) ;
#5572 = CARTESIAN_POINT ( 'NONE',  ( 2.029895727345534251, -1.417331104751459847, 7.701000000000001400 ) ) ;
#5573 = CARTESIAN_POINT ( 'NONE',  ( -0.9682748588229931341, 0.8887339808754176618, 7.700000000000000178 ) ) ;
#5574 = SURFACE_STYLE_USAGE ( .BOTH. , #5615 ) ;
#5575 = SURFACE_STYLE_FILL_AREA ( #8739 ) ;
#5576 = FACE_OUTER_BOUND ( 'NONE', #2477, .T. ) ;
#5577 = CARTESIAN_POINT ( 'NONE',  ( 5.175404217016551598E-16, -3.686287386450715076E-15, 7.701000000000000512 ) ) ;
#5578 = FILL_AREA_STYLE ('',( #3930 ) ) ;
#5579 = CARTESIAN_POINT ( 'NONE',  ( -3.300000000000000266, 1.300000000000000044, 0.6999999999999999556 ) ) ;
#5580 = VERTEX_POINT ( 'NONE', #4939 ) ;
#5581 = EDGE_LOOP ( 'NONE', ( #278, #855, #4717, #3444, #553, #2417, #1553, #398, #9851 ) ) ;
#5582 = CARTESIAN_POINT ( 'NONE',  ( 1.856253339702593985, -1.711881205112635973, 7.699999999999999289 ) ) ;
#5583 = CARTESIAN_POINT ( 'NONE',  ( -1.242357601280369206, 0.5588605670939227332, 7.700000000000000178 ) ) ;
#5584 = CARTESIAN_POINT ( 'NONE',  ( 0.05104820120206260414, 0.1424128501915072620, 7.701000000000002288 ) ) ;
#5585 = FILL_AREA_STYLE_COLOUR ( '', #5614 ) ;
#5586 = CARTESIAN_POINT ( 'NONE',  ( -1.125029010493654447, 0.7781491633441472988, 7.699999999999999289 ) ) ;
#5587 = ORIENTED_EDGE ( 'NONE', *, *, #5268, .F. ) ;
#5588 =( NAMED_UNIT ( * ) SI_UNIT ( $, .STERADIAN. ) SOLID_ANGLE_UNIT ( ) );
#5589 = CARTESIAN_POINT ( 'NONE',  ( 1.853175964360080030, 0.09467661219367830283, 7.700999999999998735 ) ) ;
#5590 = CARTESIAN_POINT ( 'NONE',  ( 0.4088771311534046271, 0.5857983936182773466, 7.700000000000001954 ) ) ;
#5591 = FACE_OUTER_BOUND ( 'NONE', #3586, .T. ) ;
#5592 = UNCERTAINTY_MEASURE_WITH_UNIT (LENGTH_MEASURE( 1.000000000000000082E-05 ), #3907, 'distance_accuracy_value', 'NONE');
#5593 = SURFACE_STYLE_FILL_AREA ( #9902 ) ;
#5594 = CARTESIAN_POINT ( 'NONE',  ( 0.1356766302113563694, 0.6198821559692220262, 7.699999999999997513 ) ) ;
#5595 = ORIENTED_EDGE ( 'NONE', *, *, #1101, .T. ) ;
#5596 = SURFACE_STYLE_USAGE ( .BOTH. , #9553 ) ;
#5597 = SURFACE_SIDE_STYLE ('',( #6303 ) ) ;
#5598 = CARTESIAN_POINT ( 'NONE',  ( 1.110450697839790113, -1.619157050258265951, 7.700000000000000178 ) ) ;
#5599 = FILL_AREA_STYLE ('',( #8916 ) ) ;
#5600 = B_SPLINE_SURFACE_WITH_KNOTS ( 'NONE', 3, 1, ( 
 ( #5070, #9346 ),
 ( #7066, #4468 ),
 ( #4525, #3655 ),
 ( #8670, #8617 ),
 ( #7011, #2093 ),
 ( #6952, #360 ),
 ( #4635, #2045 ),
 ( #525, #2962 ),
 ( #1305, #3601 ),
 ( #3758, #475 ),
 ( #7121, #1254 ),
 ( #10157, #6149 ),
 ( #10324, #2810 ),
 ( #9395, #1990 ),
 ( #6260, #10264 ),
 ( #9509, #1203 ),
 ( #9453, #7862 ),
 ( #2911, #2147 ),
 ( #6211, #6097 ) ),
 .UNSPECIFIED., .F., .F., .F.,
 ( 4, 1, 1, 1, 1, 1, 1, 1, 1, 1, 1, 1, 1, 1, 1, 1, 4 ),
 ( 2, 2 ),
 ( 0.0000000000000000000, 0.06312942405683225067, 0.1250026470271707324, 0.1858235598004376321, 0.2457485818575397551, 0.3052743589910508204, 0.3651216887415261181, 0.4254601834846334918, 0.4861830037359560763, 0.5476672684066439256, 0.6095146369264745623, 0.6713055581861238075, 0.7341371730561292441, 0.7983286299198256719, 0.8638982959534997619, 0.9309567022409700465, 1.000000000000000000 ),
 ( 0.0000000000000000000, 1.000000000000000000 ),
 .UNSPECIFIED. ) ;
#5601 = ORIENTED_EDGE ( 'NONE', *, *, #6606, .T. ) ;
#5602 = EDGE_CURVE ( 'NONE', #1673, #7630, #694, .T. ) ;
#5603 = PRESENTATION_LAYER_ASSIGNMENT (  '', '', ( #5939 ) ) ;
#5604 = UNCERTAINTY_MEASURE_WITH_UNIT (LENGTH_MEASURE( 1.000000000000000082E-05 ), #7660, 'distance_accuracy_value', 'NONE');
#5605 = CARTESIAN_POINT ( 'NONE',  ( 0.5353994082763263718, 0.6667125238869127113, 7.700999999999997847 ) ) ;
#5606 = SURFACE_STYLE_FILL_AREA ( #9681 ) ;
#5607 = LINE ( 'NONE', #6431, #9160 ) ;
#5608 = EDGE_LOOP ( 'NONE', ( #6704, #7434, #3542, #10040 ) ) ;
#5609 = EDGE_CURVE ( 'NONE', #555, #8141, #3432, .T. ) ;
#5610 = EDGE_CURVE ( 'NONE', #5777, #5121, #3251, .T. ) ;
#5611 = CARTESIAN_POINT ( 'NONE',  ( 2.128493721508961656, 0.01517166443006287210, 7.700999999999999623 ) ) ;
#5612 = UNCERTAINTY_MEASURE_WITH_UNIT (LENGTH_MEASURE( 1.000000000000000082E-05 ), #10375, 'distance_accuracy_value', 'NONE');
#5613 = DIRECTION ( 'NONE',  ( 1.000000000000000000, 0.0000000000000000000, -0.0000000000000000000 ) ) ;
#5614 = COLOUR_RGB ( '',0.0000000000000000000, 0.0000000000000000000, 0.0000000000000000000 ) ;
#5615 = SURFACE_SIDE_STYLE ('',( #1637 ) ) ;
#5616 = EDGE_CURVE ( 'NONE', #2875, #10082, #1764, .T. ) ;
#5617 = PRESENTATION_LAYER_ASSIGNMENT (  '', '', ( #2860 ) ) ;
#5618 = LINE ( 'NONE', #902, #7359 ) ;
#5619 = CARTESIAN_POINT ( 'NONE',  ( 1.300000000000043343, -3.033150177620620003, 0.6999999999999999556 ) ) ;
#5620 = CARTESIAN_POINT ( 'NONE',  ( 2.088206234233757730, -0.3010730896605685047, 7.699999999999999289 ) ) ;
#5621 = SURFACE_SIDE_STYLE ('',( #2333 ) ) ;
#5622 = SURFACE_STYLE_USAGE ( .BOTH. , #850 ) ;
#5623 = VECTOR ( 'NONE', #9903, 1000.000000000000000 ) ;
#5624 = EDGE_LOOP ( 'NONE', ( #7723, #872, #8452, #1606 ) ) ;
#5625 = ORIENTED_EDGE ( 'NONE', *, *, #2840, .T. ) ;
#5626 = DIRECTION ( 'NONE',  ( 0.0000000000000000000, -1.000000000000000000, 0.0000000000000000000 ) ) ;
#5627 = DIRECTION ( 'NONE',  ( 0.0000000000000000000, 0.0000000000000000000, -1.000000000000000000 ) ) ;
#5628 = DIRECTION ( 'NONE',  ( -1.000000000000000000, 0.0000000000000000000, 0.0000000000000000000 ) ) ;
#5629 = COLOUR_RGB ( '',0.0000000000000000000, 0.0000000000000000000, 0.0000000000000000000 ) ;
#5630 = STYLED_ITEM ( 'NONE', ( #9254 ), #9212 ) ;
#5631 = CARTESIAN_POINT ( 'NONE',  ( -1.180130679699342933, 0.7303173638198251494, 7.699999999999997513 ) ) ;
#5632 = VECTOR ( 'NONE', #8369, 1000.000000000000000 ) ;
#5633 = ORIENTED_EDGE ( 'NONE', *, *, #4693, .T. ) ;
#5634 = CARTESIAN_POINT ( 'NONE',  ( 1.772563044153827372, -1.582627147575494497, 7.701000000000000512 ) ) ;
#5635 = CARTESIAN_POINT ( 'NONE',  ( 1.101417047856113829, -0.1066740881446573280, 7.701000000000000512 ) ) ;
#5636 =( NAMED_UNIT ( * ) PLANE_ANGLE_UNIT ( ) SI_UNIT ( $, .RADIAN. ) );
#5637 = SURFACE_STYLE_FILL_AREA ( #2348 ) ;
#5638 = MECHANICAL_DESIGN_GEOMETRIC_PRESENTATION_REPRESENTATION (  '', ( #4610 ), #9391 ) ;
#5639 = CARTESIAN_POINT ( 'NONE',  ( 0.5645380714494857566, 1.174151179276679891, 7.699999999999997513 ) ) ;
#5640 = COLOUR_RGB ( '',0.0000000000000000000, 0.0000000000000000000, 0.0000000000000000000 ) ;
#5641 = EDGE_LOOP ( 'NONE', ( #2660, #9753, #1980, #5295 ) ) ;
#5642 = CARTESIAN_POINT ( 'NONE',  ( 0.0000000000000000000, 1.100000000000000089, 0.2999999999999999889 ) ) ;
#5643 = PRESENTATION_LAYER_ASSIGNMENT (  '', '', ( #5304 ) ) ;
#5644 = CARTESIAN_POINT ( 'NONE',  ( -0.05116206045004765418, 0.7953067455628063387, 7.701000000000000512 ) ) ;
#5645 = FILL_AREA_STYLE ('',( #2259 ) ) ;
#5646 = CARTESIAN_POINT ( 'NONE',  ( 1.101417047856113829, -0.1066740881446573280, 7.701000000000000512 ) ) ;
#5647 = AXIS2_PLACEMENT_3D ( 'NONE', #4803, #4075, #2479 ) ;
#5648 = ORIENTED_EDGE ( 'NONE', *, *, #706, .T. ) ;
#5649 = SURFACE_SIDE_STYLE ('',( #2365 ) ) ;
#5650 = DIRECTION ( 'NONE',  ( 0.0000000000000000000, 0.0000000000000000000, -1.000000000000000000 ) ) ;
#5651 = VECTOR ( 'NONE', #5806, 1000.000000000000000 ) ;
#5652 = EDGE_LOOP ( 'NONE', ( #4061, #8155, #7499, #410 ) ) ;
#5653 = CARTESIAN_POINT ( 'NONE',  ( 1.547733783116913564, -1.752222248734398136, 7.700999999999999623 ) ) ;
#5654 = SURFACE_STYLE_FILL_AREA ( #3261 ) ;
#5655 = FILL_AREA_STYLE_COLOUR ( '', #6180 ) ;
#5656 = STYLED_ITEM ( 'NONE', ( #5760 ), #10052 ) ;
#5657 = LINE ( 'NONE', #8929, #1002 ) ;
#5658 = CARTESIAN_POINT ( 'NONE',  ( 1.856253339702593985, -0.4560592128831077452, 7.699999999999999289 ) ) ;
#5659 = CARTESIAN_POINT ( 'NONE',  ( 1.233985478711282724, -1.032544301204454396, 7.699999999999998401 ) ) ;
#5660 = PRESENTATION_LAYER_ASSIGNMENT (  '', '', ( #6541 ) ) ;
#5661 = ORIENTED_EDGE ( 'NONE', *, *, #9282, .T. ) ;
#5662 = DIRECTION ( 'NONE',  ( 1.000000000000000000, 0.0000000000000000000, -0.0000000000000000000 ) ) ;
#5663 = STYLED_ITEM ( 'NONE', ( #1795 ), #10534 ) ;
#5664 = MECHANICAL_DESIGN_GEOMETRIC_PRESENTATION_REPRESENTATION (  '', ( #3241 ), #10472 ) ;
#5666 = PRESENTATION_STYLE_ASSIGNMENT (( #8585 ) ) ;
#5665 = AXIS2_PLACEMENT_3D ( 'NONE', #8941, #9947, #100 ) ;
#5667 = FILL_AREA_STYLE_COLOUR ( '', #7185 ) ;
#5668 = DIRECTION ( 'NONE',  ( 1.000000000000000000, 0.0000000000000000000, 0.0000000000000000000 ) ) ;
#5669 = DIRECTION ( 'NONE',  ( 0.0000000000000000000, 0.0000000000000000000, -1.000000000000000000 ) ) ;
#5670 = CARTESIAN_POINT ( 'NONE',  ( 1.411149687857875756, -0.3333031771441322122, 7.699999999999996625 ) ) ;
#5671 = EDGE_CURVE ( 'NONE', #5307, #355, #3979, .T. ) ;
#5672 = CARTESIAN_POINT ( 'NONE',  ( 0.004479485410879441645, -0.1300761083262164108, 7.701000000000004064 ) ) ;
#5673 = EDGE_CURVE ( 'NONE', #8478, #4470, #9627, .T. ) ;
#5674 = DIRECTION ( 'NONE',  ( 1.221593242852756957E-16, -0.0000000000000000000, -1.000000000000000000 ) ) ;
#5675 = COLOUR_RGB ( '',0.0000000000000000000, 0.0000000000000000000, 0.0000000000000000000 ) ;
#5676 = CIRCLE ( 'NONE', #8253, 0.4500000000000000111 ) ;
#5677 = EDGE_CURVE ( 'NONE', #9816, #433, #6126, .T. ) ;
#5678 = VERTEX_POINT ( 'NONE', #10240 ) ;
#5679 = ORIENTED_EDGE ( 'NONE', *, *, #2634, .F. ) ;
#5680 = SURFACE_SIDE_STYLE ('',( #610 ) ) ;
#5681 = SURFACE_STYLE_USAGE ( .BOTH. , #7517 ) ;
#5682 = CARTESIAN_POINT ( 'NONE',  ( 0.05178501163612357627, 0.1018767546621669046, 7.700000000000000178 ) ) ;
#5683 = AXIS2_PLACEMENT_3D ( 'NONE', #6826, #400, #7805 ) ;
#5684 = FACE_OUTER_BOUND ( 'NONE', #1267, .T. ) ;
#5685 = CARTESIAN_POINT ( 'NONE',  ( -1.149716377501990072, 0.7501422113726976537, 7.699999999999998401 ) ) ;
#5686 = EDGE_CURVE ( 'NONE', #9863, #10208, #1030, .T. ) ;
#5687 = ORIENTED_EDGE ( 'NONE', *, *, #4134, .T. ) ;
#5688 = CARTESIAN_POINT ( 'NONE',  ( 1.904006536338551436, -1.032544301204454618, 7.700000000000001066 ) ) ;
#5689 = B_SPLINE_SURFACE_WITH_KNOTS ( 'NONE', 3, 1, ( 
 ( #1456, #3998 ),
 ( #3849, #3899 ),
 ( #3187, #9498 ),
 ( #10367, #7159 ),
 ( #10418, #4883 ),
 ( #921, #9109 ),
 ( #5907, #9168 ),
 ( #865, #969 ),
 ( #1801, #8265 ),
 ( #8151, #1703 ),
 ( #9815, #6716 ),
 ( #4165, #5851 ),
 ( #1608, #5791 ),
 ( #1652, #4992 ),
 ( #9755, #9056 ),
 ( #8319, #8956 ),
 ( #4274, #2504 ),
 ( #4931, #7476 ),
 ( #4220, #118 ) ),
 .UNSPECIFIED., .F., .F., .F.,
 ( 4, 1, 1, 1, 1, 1, 1, 1, 1, 1, 1, 1, 1, 1, 1, 1, 4 ),
 ( 2, 2 ),
 ( 0.0000000000000000000, 0.07353686393683697697, 0.1436068778591247652, 0.2105645324946243957, 0.2749492648384426197, 0.3378697830924421441, 0.3992093969175268819, 0.4595406689710959114, 0.5203316690567971747, 0.5798525569894091847, 0.6381758874373923973, 0.6960167245190616025, 0.7537248409736133636, 0.8126461195314694796, 0.8724424269254011932, 0.9349846037579172542, 1.000000000000000000 ),
 ( 0.0000000000000000000, 1.000000000000000000 ),
 .UNSPECIFIED. ) ;
#5690 = EDGE_CURVE ( 'NONE', #10158, #711, #1188, .T. ) ;
#5691 = CARTESIAN_POINT ( 'NONE',  ( -2.073461490767437354, -0.2102853348894490049, 7.701000000000000512 ) ) ;
#5692 = CARTESIAN_POINT ( 'NONE',  ( -0.2766637301760838663, -0.3916343455583075062, 7.700000000000000178 ) ) ;
#5693 = CARTESIAN_POINT ( 'NONE',  ( 0.3092633876279882732, 0.7288892797007604507, 7.701000000000000512 ) ) ;
#5694 = UNCERTAINTY_MEASURE_WITH_UNIT (LENGTH_MEASURE( 1.000000000000000082E-05 ), #8328, 'distance_accuracy_value', 'NONE');
#5695 = VECTOR ( 'NONE', #8430, 1000.000000000000114 ) ;
#5696 = CARTESIAN_POINT ( 'NONE',  ( 0.5789241221807499560, 1.137261217150094206, 7.701000000000001400 ) ) ;
#5697 = FILL_AREA_STYLE_COLOUR ( '', #7514 ) ;
#5698 = ORIENTED_EDGE ( 'NONE', *, *, #97, .T. ) ;
#5699 = PRESENTATION_LAYER_ASSIGNMENT (  '', '', ( #5879 ) ) ;
#5700 = CARTESIAN_POINT ( 'NONE',  ( 1.919237200864919890, -1.186529079086537264, 7.699999999999999289 ) ) ;
#5701 = CARTESIAN_POINT ( 'NONE',  ( 0.4000000000000000222, -3.649999999999999911, -0.0000000000000000000 ) ) ;
#5702 = CARTESIAN_POINT ( 'NONE',  ( -0.5365081734943158986, 0.09855885902975060342, 7.699999999999998401 ) ) ;
#5703 = CARTESIAN_POINT ( 'NONE',  ( -2.949999999999998845, 0.0000000000000000000, 7.700000000000000178 ) ) ;
#5704 = PRESENTATION_STYLE_ASSIGNMENT (( #2362 ) ) ;
#5705 = ORIENTED_EDGE ( 'NONE', *, *, #5468, .F. ) ;
#5706 = VECTOR ( 'NONE', #9941, 1000.000000000000000 ) ;
#5707 = PRESENTATION_STYLE_ASSIGNMENT (( #10579 ) ) ;
#5708 = UNCERTAINTY_MEASURE_WITH_UNIT (LENGTH_MEASURE( 1.000000000000000082E-05 ), #3428, 'distance_accuracy_value', 'NONE');
#5709 = DIRECTION ( 'NONE',  ( -1.000000000000000000, 0.0000000000000000000, 0.0000000000000000000 ) ) ;
#5710 = DIRECTION ( 'NONE',  ( -1.227398685832646557E-16, 1.000000000000000000, 0.0000000000000000000 ) ) ;
#5711 = ORIENTED_EDGE ( 'NONE', *, *, #4632, .F. ) ;
#5712 = SURFACE_STYLE_FILL_AREA ( #1728 ) ;
#5713 = CARTESIAN_POINT ( 'NONE',  ( 1.234053943725264668, -1.693480701305958069, 7.701000000000000512 ) ) ;
#5714 =( LENGTH_UNIT ( ) NAMED_UNIT ( * ) SI_UNIT ( .MILLI., .METRE. ) );
#5715 = VERTEX_POINT ( 'NONE', #1973 ) ;
#5716 = CARTESIAN_POINT ( 'NONE',  ( 0.3999999999999996891, 1.200000000000000178, 0.2000000000000000111 ) ) ;
#5717 = PRESENTATION_STYLE_ASSIGNMENT (( #3123 ) ) ;
#5718 = CARTESIAN_POINT ( 'NONE',  ( 1.631953925736187472, -0.4956904716027548119, 7.699999999999999289 ) ) ;
#5719 = CARTESIAN_POINT ( 'NONE',  ( 1.282175708585657548, 0.2414749772568856867, 7.700999999999999623 ) ) ;
#5720 = VERTEX_POINT ( 'NONE', #4453 ) ;
#5721 = MECHANICAL_DESIGN_GEOMETRIC_PRESENTATION_REPRESENTATION (  '', ( #249 ), #9829 ) ;
#5722 = CARTESIAN_POINT ( 'NONE',  ( -1.300000000000000044, -3.033150177620620003, 1.000000000000000000 ) ) ;
#5723 = FILL_AREA_STYLE ('',( #4196 ) ) ;
#5724 = CARTESIAN_POINT ( 'NONE',  ( 0.6144299228480069042, 0.9901137721476838127, 7.699999999999999289 ) ) ;
#5725 = SURFACE_STYLE_USAGE ( .BOTH. , #1640 ) ;
#5726 =( NAMED_UNIT ( * ) SI_UNIT ( $, .STERADIAN. ) SOLID_ANGLE_UNIT ( ) );
#5727 = FACE_OUTER_BOUND ( 'NONE', #4796, .T. ) ;
#5728 = DIRECTION ( 'NONE',  ( 0.0000000000000000000, 0.0000000000000000000, 1.000000000000000000 ) ) ;
#5729 =( GEOMETRIC_REPRESENTATION_CONTEXT ( 3 ) GLOBAL_UNCERTAINTY_ASSIGNED_CONTEXT ( ( #5167 ) ) GLOBAL_UNIT_ASSIGNED_CONTEXT ( ( #761, #5042, #5850 ) ) REPRESENTATION_CONTEXT ( 'NONE', 'WORKASPACE' ) );
#5730 = ORIENTED_EDGE ( 'NONE', *, *, #3997, .F. ) ;
#5731 = ORIENTED_EDGE ( 'NONE', *, *, #7384, .T. ) ;
#5732 = ADVANCED_FACE ( 'NONE', ( #2028 ), #5316, .T. ) ;
#5733 = SURFACE_SIDE_STYLE ('',( #2447 ) ) ;
#5734 = PLANE ( 'NONE',  #824 ) ;
#5735 = CARTESIAN_POINT ( 'NONE',  ( 1.772563044153827816, -0.3268051553459658809, 7.700000000000002842 ) ) ;
#5736 = CARTESIAN_POINT ( 'NONE',  ( 1.550098799887321022, -0.3407788531487275230, 7.701000000000002288 ) ) ;
#5737 = VERTEX_POINT ( 'NONE', #6985 ) ;
#5738 = B_SPLINE_CURVE_WITH_KNOTS ( 'NONE', 3,
 ( #9379, #5373, #2029, #1238, #4562, #1292, #401, #10175, #8355, #7625, #8523, #1167, #5896, #5085, #6111, #6862, #5190, #2718, #6917 ),
 .UNSPECIFIED., .F., .F.,
 ( 4, 1, 1, 1, 1, 1, 1, 1, 1, 1, 1, 1, 1, 1, 1, 1, 4 ),
 ( 0.0000000000000000000, 0.05486731181826590836, 0.1079753909594996925, 0.1598557974559498829, 0.2115222600122138308, 0.2641863201740957123, 0.3183376082143676844, 0.3747761725932209909, 0.4346069298520086055, 0.4966201443570746332, 0.5604683723292160913, 0.6264101314155979816, 0.6944834107562095626, 0.7656292468867322842, 0.8402079978912535552, 0.9182265899183527091, 1.000000000000000000 ),
 .UNSPECIFIED. ) ;
#5739 = FACE_OUTER_BOUND ( 'NONE', #4647, .T. ) ;
#5740 = SURFACE_STYLE_USAGE ( .BOTH. , #6715 ) ;
#5741 =( LENGTH_UNIT ( ) NAMED_UNIT ( * ) SI_UNIT ( .MILLI., .METRE. ) );
#5742 = CARTESIAN_POINT ( 'NONE',  ( 0.05203308832459523081, 0.8547985216990863222, 7.701000000000002288 ) ) ;
#5743 = EDGE_CURVE ( 'NONE', #6398, #3159, #6079, .T. ) ;
#5744 = ADVANCED_FACE ( 'NONE', ( #4390 ), #1809, .T. ) ;
#5745 = CARTESIAN_POINT ( 'NONE',  ( 0.5645380714494857566, 1.174151179276679891, 7.700999999999997847 ) ) ;
#5746 = PRESENTATION_STYLE_ASSIGNMENT (( #2407 ) ) ;
#5747 = ORIENTED_EDGE ( 'NONE', *, *, #10134, .T. ) ;
#5748 = DIRECTION ( 'NONE',  ( -0.0000000000000000000, -0.0000000000000000000, -1.000000000000000000 ) ) ;
#5749 = CARTESIAN_POINT ( 'NONE',  ( 0.3130270440268375642, 0.5730296264778258486, 7.701000000000000512 ) ) ;
#5750 = CARTESIAN_POINT ( 'NONE',  ( -0.4299630074165829985, -0.009925979538943811159, 7.701000000000000512 ) ) ;
#5751 = DIRECTION ( 'NONE',  ( 0.0000000000000000000, 0.0000000000000000000, 1.000000000000000000 ) ) ;
#5752 = CARTESIAN_POINT ( 'NONE',  ( 1.108096287704300131, -0.1615091125219312584, 7.700000000000001066 ) ) ;
#5753 = ORIENTED_EDGE ( 'NONE', *, *, #4887, .F. ) ;
#5754 = FILL_AREA_STYLE ('',( #4740 ) ) ;
#5755 = CARTESIAN_POINT ( 'NONE',  ( 2.020926007432649829, -1.442443068491664482, 7.701000000000003176 ) ) ;
#5756 = SURFACE_SIDE_STYLE ('',( #10030 ) ) ;
#5757 = MANIFOLD_SOLID_BREP ( 'Extrude6[3]', #4058 ) ;
#5758 = VERTEX_POINT ( 'NONE', #4671 ) ;
#5759 = CARTESIAN_POINT ( 'NONE',  ( -1.417152904829090510, 0.7733431044912247865, 7.700000000000002842 ) ) ;
#5760 = PRESENTATION_STYLE_ASSIGNMENT (( #5012 ) ) ;
#5761 = ORIENTED_EDGE ( 'NONE', *, *, #3113, .F. ) ;
#5762 = LINE ( 'NONE', #838, #6908 ) ;
#5763 = CARTESIAN_POINT ( 'NONE',  ( 1.547733783116913564, -0.4964002565048701299, 7.700999999999999623 ) ) ;
#5764 = DIRECTION ( 'NONE',  ( 0.0000000000000000000, 1.000000000000000000, 0.0000000000000000000 ) ) ;
#5765 = CARTESIAN_POINT ( 'NONE',  ( 0.1556800045683915668, 0.6086715898381814815, 7.700000000000001954 ) ) ;
#5766 = CARTESIAN_POINT ( 'NONE',  ( -0.3999999999999996891, 1.200000000000000178, 0.2000000000000000111 ) ) ;
#5767 = VERTEX_POINT ( 'NONE', #3846 ) ;
#5768 = LINE ( 'NONE', #1534, #3299 ) ;
#5769 = CARTESIAN_POINT ( 'NONE',  ( 1.692603036816545670, 0.2766362001480149879, 7.699999999999996625 ) ) ;
#5770 = FACE_OUTER_BOUND ( 'NONE', #2095, .T. ) ;
#5771 = CARTESIAN_POINT ( 'NONE',  ( 0.4395189419757412619, 0.7714195386444874236, 7.700999999999999623 ) ) ;
#5772 = SURFACE_STYLE_FILL_AREA ( #4971 ) ;
#5773 = DIRECTION ( 'NONE',  ( 1.221593242852757203E-16, -0.0000000000000000000, -1.000000000000000000 ) ) ;
#5774 = FILL_AREA_STYLE ('',( #1489 ) ) ;
#5775 = CARTESIAN_POINT ( 'NONE',  ( -0.5312568370516178584, -0.1224709671476199024, 7.700999999999999623 ) ) ;
#5776 = B_SPLINE_CURVE_WITH_KNOTS ( 'NONE', 3,
 ( #7358, #7301, #1647, #4770, #2, #3235, #9807, #4098, #10562, #7418, #3945, #9850, #6562, #8052, #8854, #111, #8194, #5736, #2451 ),
 .UNSPECIFIED., .F., .F.,
 ( 4, 1, 1, 1, 1, 1, 1, 1, 1, 1, 1, 1, 1, 1, 1, 1, 4 ),
 ( 0.0000000000000000000, 0.04879277686187697555, 0.09542715896032306910, 0.1408030455766614009, 0.1857752127065762371, 0.2315891864624200491, 0.2794867717830586407, 0.3298631687827400794, 0.3840370720222978096, 0.4422896088069718235, 0.5054548246977786929, 0.5735598446335262723, 0.6472034492519677107, 0.7263491921920584016, 0.8115303437582848112, 0.9025925981081204252, 1.000000000000000000 ),
 .UNSPECIFIED. ) ;
#5777 = VERTEX_POINT ( 'NONE', #6349 ) ;
#5778 = MECHANICAL_DESIGN_GEOMETRIC_PRESENTATION_REPRESENTATION (  '', ( #10415 ), #2510 ) ;
#5779 = ORIENTED_EDGE ( 'NONE', *, *, #10200, .F. ) ;
#5780 = PRESENTATION_STYLE_ASSIGNMENT (( #8992 ) ) ;
#5781 = CARTESIAN_POINT ( 'NONE',  ( 0.5902092682244426403, -1.730448841249920378, 7.701000000000000512 ) ) ;
#5782 = CARTESIAN_POINT ( 'NONE',  ( -0.3746628193616897695, 1.233122264752798625, 7.701000000000000512 ) ) ;
#5783 = CARTESIAN_POINT ( 'NONE',  ( -3.199999999999999289, -1.858578643762705429, 0.6999999999999999556 ) ) ;
#5784 = AXIS2_PLACEMENT_3D ( 'NONE', #7937, #7031, #4849 ) ;
#5785 = FILL_AREA_STYLE_COLOUR ( '', #6717 ) ;
#5786 = EDGE_LOOP ( 'NONE', ( #10074, #5391, #332, #1360 ) ) ;
#5787 = PLANE ( 'NONE',  #1241 ) ;
#5788 =( GEOMETRIC_REPRESENTATION_CONTEXT ( 3 ) GLOBAL_UNCERTAINTY_ASSIGNED_CONTEXT ( ( #3406 ) ) GLOBAL_UNIT_ASSIGNED_CONTEXT ( ( #2826, #6760, #3461 ) ) REPRESENTATION_CONTEXT ( 'NONE', 'WORKASPACE' ) );
#5789 = PRESENTATION_LAYER_ASSIGNMENT (  '', '', ( #10423 ) ) ;
#5790 = ADVANCED_FACE ( 'NONE', ( #8701 ), #2950, .F. ) ;
#5791 = CARTESIAN_POINT ( 'NONE',  ( 0.4647347760691219465, 0.6093466540582320734, 7.700000000000003730 ) ) ;
#5792 = CARTESIAN_POINT ( 'NONE',  ( -0.4532190593444468396, -0.2900484538374337729, 7.701000000000002288 ) ) ;
#5793 = VERTEX_POINT ( 'NONE', #7900 ) ;
#5794 = UNCERTAINTY_MEASURE_WITH_UNIT (LENGTH_MEASURE( 1.000000000000000082E-05 ), #2589, 'distance_accuracy_value', 'NONE');
#5795 = STYLED_ITEM ( 'NONE', ( #6536 ), #1140 ) ;
#5796 = CARTESIAN_POINT ( 'NONE',  ( 0.3999999999999996891, 1.300000000000000044, 0.6999999999999999556 ) ) ;
#5797 = MECHANICAL_DESIGN_GEOMETRIC_PRESENTATION_REPRESENTATION (  '', ( #4417 ), #5283 ) ;
#5798 = VECTOR ( 'NONE', #5144, 1000.000000000000000 ) ;
#5799 = CARTESIAN_POINT ( 'NONE',  ( -0.5000000000000000000, -1.100000000000000089, 0.0000000000000000000 ) ) ;
#5800 = B_SPLINE_CURVE_WITH_KNOTS ( 'NONE', 3,
 ( #4366, #3509, #6702, #9150, #3556, #1113, #6854, #6053, #264, #6804, #10113, #8517, #3452, #5938, #2768, #7566, #9309, #210, #6754 ),
 .UNSPECIFIED., .F., .F.,
 ( 4, 1, 1, 1, 1, 1, 1, 1, 1, 1, 1, 1, 1, 1, 1, 1, 4 ),
 ( 0.0000000000000000000, 0.06312942405683225067, 0.1250026470271707324, 0.1858235598004376321, 0.2457485818575397551, 0.3052743589910508204, 0.3651216887415261181, 0.4254601834846334918, 0.4861830037359560763, 0.5476672684066439256, 0.6095146369264745623, 0.6713055581861238075, 0.7341371730561292441, 0.7983286299198256719, 0.8638982959534997619, 0.9309567022409700465, 1.000000000000000000 ),
 .UNSPECIFIED. ) ;
#5801 = MECHANICAL_DESIGN_GEOMETRIC_PRESENTATION_REPRESENTATION (  '', ( #9385 ), #4777 ) ;
#5802 = VERTEX_POINT ( 'NONE', #8815 ) ;
#5803 = CARTESIAN_POINT ( 'NONE',  ( 2.020875498426773387, -1.282935229560041801, 7.700000000000002842 ) ) ;
#5804 = DIRECTION ( 'NONE',  ( 0.0000000000000000000, -1.000000000000000000, 0.0000000000000000000 ) ) ;
#5805 = FILL_AREA_STYLE ('',( #7484 ) ) ;
#5806 = DIRECTION ( 'NONE',  ( -0.0000000000000000000, -0.0000000000000000000, -1.000000000000000000 ) ) ;
#5807 = EDGE_CURVE ( 'NONE', #8031, #6808, #7210, .T. ) ;
#5808 = EDGE_CURVE ( 'NONE', #3084, #2288, #4515, .T. ) ;
#5809 = CIRCLE ( 'NONE', #6837, 3.150000000000000799 ) ;
#5810 = VECTOR ( 'NONE', #2262, 1000.000000000000000 ) ;
#5811 = ADVANCED_FACE ( 'NONE', ( #5739, #3337 ), #9811, .F. ) ;
#5812 = VECTOR ( 'NONE', #5398, 1000.000000000000000 ) ;
#5813 = ORIENTED_EDGE ( 'NONE', *, *, #8831, .F. ) ;
#5814 = CARTESIAN_POINT ( 'NONE',  ( 1.009498293540872726, 0.01517166443006292068, 7.700999999999997847 ) ) ;
#5815 = CARTESIAN_POINT ( 'NONE',  ( -2.073461490767437354, 1.068946704914435442, 7.701000000000000512 ) ) ;
#5816 = UNCERTAINTY_MEASURE_WITH_UNIT (LENGTH_MEASURE( 1.000000000000000082E-05 ), #2920, 'distance_accuracy_value', 'NONE');
#5817 = LINE ( 'NONE', #5007, #6249 ) ;
#5818 = FILL_AREA_STYLE_COLOUR ( '', #3357 ) ;
#5819 = COLOUR_RGB ( '',0.0000000000000000000, 0.0000000000000000000, 0.0000000000000000000 ) ;
#5820 = SURFACE_STYLE_USAGE ( .BOTH. , #6470 ) ;
#5821 = DIRECTION ( 'NONE',  ( 0.0000000000000000000, 1.000000000000000000, 0.0000000000000000000 ) ) ;
#5822 = CARTESIAN_POINT ( 'NONE',  ( 1.300000000000043343, -3.033150177620620003, 1.000000000000000000 ) ) ;
#5823 = CARTESIAN_POINT ( 'NONE',  ( 1.387774831242258200, -0.4825120013265910557, 7.700000000000000178 ) ) ;
#5824 = ORIENTED_EDGE ( 'NONE', *, *, #5677, .T. ) ;
#5825 = CARTESIAN_POINT ( 'NONE',  ( -1.081627333894218168, -1.440868690091399840, 7.700000000000000178 ) ) ;
#5826 = ADVANCED_FACE ( 'NONE', ( #8261 ), #5787, .T. ) ;
#5827 = CARTESIAN_POINT ( 'NONE',  ( 0.1356766302113563694, 0.6198821559692220262, 7.700999999999997847 ) ) ;
#5828 = CARTESIAN_POINT ( 'NONE',  ( -0.3520609021693437146, 1.046501710493883408, 7.700000000000001954 ) ) ;
#5829 = MECHANICAL_DESIGN_GEOMETRIC_PRESENTATION_REPRESENTATION (  '', ( #8221 ), #540 ) ;
#5830 = VERTEX_POINT ( 'NONE', #4042 ) ;
#5831 = CARTESIAN_POINT ( 'NONE',  ( 1.990263387852894361, 0.1763450374347547422, 7.699999999999999289 ) ) ;
#5832 = CARTESIAN_POINT ( 'NONE',  ( 2.035705237722671423, -1.334555240607410154, 7.701000000000001400 ) ) ;
#5833 = MECHANICAL_DESIGN_GEOMETRIC_PRESENTATION_REPRESENTATION (  '', ( #10110 ), #8233 ) ;
#5834 = CARTESIAN_POINT ( 'NONE',  ( 1.631953925736187472, -0.4956904716027548119, 7.699999999999999289 ) ) ;
#5835 = CARTESIAN_POINT ( 'NONE',  ( 1.191163288553480859, -0.2676409664043099546, 7.700000000000001954 ) ) ;
#5836 = DIRECTION ( 'NONE',  ( 0.5775328365084005933, -0.8163674557174367408, 0.0000000000000000000 ) ) ;
#5837 = COLOUR_RGB ( '',0.0000000000000000000, 0.0000000000000000000, 0.0000000000000000000 ) ;
#5838 = CARTESIAN_POINT ( 'NONE',  ( 1.101417047856113829, -0.1066740881446573280, 7.700000000000000178 ) ) ;
#5839 = ORIENTED_EDGE ( 'NONE', *, *, #8106, .T. ) ;
#5840 = AXIS2_PLACEMENT_3D ( 'NONE', #1512, #2355, #8915 ) ;
#5841 = VECTOR ( 'NONE', #9524, 1000.000000000000000 ) ;
#5842 = SURFACE_STYLE_USAGE ( .BOTH. , #3100 ) ;
#5843 = CARTESIAN_POINT ( 'NONE',  ( 0.01636236317636576704, 0.8927190288271403817, 7.700000000000000178 ) ) ;
#5844 = CARTESIAN_POINT ( 'NONE',  ( 0.0000000000000000000, -1.100000000000000089, 0.7000000000000000666 ) ) ;
#5845 = CARTESIAN_POINT ( 'NONE',  ( 2.035690977191942252, -0.1346860403947136020, 7.701000000000000512 ) ) ;
#5846 = FACE_OUTER_BOUND ( 'NONE', #3519, .T. ) ;
#5847 = PRESENTATION_STYLE_ASSIGNMENT (( #6761 ) ) ;
#5848 = FACE_OUTER_BOUND ( 'NONE', #9242, .T. ) ;
#5849 = ORIENTED_EDGE ( 'NONE', *, *, #4418, .T. ) ;
#5850 =( NAMED_UNIT ( * ) SI_UNIT ( $, .STERADIAN. ) SOLID_ANGLE_UNIT ( ) );
#5851 = CARTESIAN_POINT ( 'NONE',  ( 0.4901021574219828758, 0.6255202159546073837, 7.699999999999997513 ) ) ;
#5852 =( LENGTH_UNIT ( ) NAMED_UNIT ( * ) SI_UNIT ( .MILLI., .METRE. ) );
#5853 = STYLED_ITEM ( 'NONE', ( #7760 ), #6796 ) ;
#5854 = DIRECTION ( 'NONE',  ( 1.000000000000000000, 0.0000000000000000000, 0.0000000000000000000 ) ) ;
#5855 = VECTOR ( 'NONE', #4270, 1000.000000000000000 ) ;
#5856 = PLANE ( 'NONE',  #6485 ) ;
#5857 = FACE_OUTER_BOUND ( 'NONE', #8671, .T. ) ;
#5858 = EDGE_LOOP ( 'NONE', ( #3500, #7387, #6632, #7688, #1862, #5813, #4657, #2835 ) ) ;
#5859 = DIRECTION ( 'NONE',  ( 1.221593242852756957E-16, -0.0000000000000000000, -1.000000000000000000 ) ) ;
#5860 = CARTESIAN_POINT ( 'NONE',  ( 1.804945612640167507, -1.726617227224378937, 7.700000000000001954 ) ) ;
#5861 = DIRECTION ( 'NONE',  ( -0.0000000000000000000, -0.0000000000000000000, -1.000000000000000000 ) ) ;
#5862 = FACE_OUTER_BOUND ( 'NONE', #6820, .T. ) ;
#5863 = MECHANICAL_DESIGN_GEOMETRIC_PRESENTATION_REPRESENTATION (  '', ( #3944 ), #8608 ) ;
#5864 = CARTESIAN_POINT ( 'NONE',  ( 1.191163288553480859, -0.2676409664043099546, 7.700000000000001954 ) ) ;
#5865 = ORIENTED_EDGE ( 'NONE', *, *, #2455, .F. ) ;
#5866 = CARTESIAN_POINT ( 'NONE',  ( 1.147728627196940687, 0.1763450374347546590, 7.701000000000002288 ) ) ;
#5867 = PRESENTATION_STYLE_ASSIGNMENT (( #9928 ) ) ;
#5868 = EDGE_CURVE ( 'NONE', #10208, #3201, #7363, .T. ) ;
#5869 =( NAMED_UNIT ( * ) PLANE_ANGLE_UNIT ( ) SI_UNIT ( $, .RADIAN. ) );
#5870 =( GEOMETRIC_REPRESENTATION_CONTEXT ( 3 ) GLOBAL_UNCERTAINTY_ASSIGNED_CONTEXT ( ( #8909 ) ) GLOBAL_UNIT_ASSIGNED_CONTEXT ( ( #864, #4102, #8101 ) ) REPRESENTATION_CONTEXT ( 'NONE', 'WORKASPACE' ) );
#5871 = CARTESIAN_POINT ( 'NONE',  ( 0.1651374867073485964, 0.05582731166448170329, 7.700000000000000178 ) ) ;
#5872 = CARTESIAN_POINT ( 'NONE',  ( 0.4000000000000003553, -1.000000000000000000, 0.6999999999999999556 ) ) ;
#5873 = VERTEX_POINT ( 'NONE', #1125 ) ;
#5874 = PLANE ( 'NONE',  #6408 ) ;
#5875 = CARTESIAN_POINT ( 'NONE',  ( -1.235888763083947239, 0.7150402297113457317, 7.700000000000001066 ) ) ;
#5876 = SURFACE_SIDE_STYLE ('',( #7496 ) ) ;
#5877 = PRESENTATION_STYLE_ASSIGNMENT (( #8291 ) ) ;
#5878 = FILL_AREA_STYLE ('',( #5016 ) ) ;
#5879 = STYLED_ITEM ( 'NONE', ( #7792 ), #6086 ) ;
#5880 = ORIENTED_EDGE ( 'NONE', *, *, #6608, .T. ) ;
#5881 = CARTESIAN_POINT ( 'NONE',  ( 2.149927442264945476, -1.362938863479932650, 7.701000000000000512 ) ) ;
#5882 = EDGE_CURVE ( 'NONE', #5121, #5259, #388, .T. ) ;
#5883 = ADVANCED_FACE ( 'NONE', ( #5251 ), #9964, .T. ) ;
#5884 = CARTESIAN_POINT ( 'NONE',  ( 2.149498165074976264, -0.09283809360513460562, 7.701000000000000512 ) ) ;
#5885 = SURFACE_SIDE_STYLE ('',( #9035 ) ) ;
#5886 = DIRECTION ( 'NONE',  ( -1.000000000000000000, 0.0000000000000000000, 0.0000000000000000000 ) ) ;
#5887 = DIRECTION ( 'NONE',  ( 0.0000000000000000000, -1.000000000000000000, 0.0000000000000000000 ) ) ;
#5888 = CARTESIAN_POINT ( 'NONE',  ( 0.5477020900727332942, 1.210637298753467039, 7.700000000000000178 ) ) ;
#5889 = DIRECTION ( 'NONE',  ( 0.0000000000000000000, 0.0000000000000000000, 1.000000000000000000 ) ) ;
#5890 = CARTESIAN_POINT ( 'NONE',  ( -1.492530056027409069, 1.068946704914435442, 7.701000000000000512 ) ) ;
#5891 = SURFACE_STYLE_FILL_AREA ( #9151 ) ;
#5892 = PRESENTATION_LAYER_ASSIGNMENT (  '', '', ( #3474 ) ) ;
#5893 = ORIENTED_EDGE ( 'NONE', *, *, #10039, .T. ) ;
#5894 = ORIENTED_EDGE ( 'NONE', *, *, #7537, .T. ) ;
#5895 = CARTESIAN_POINT ( 'NONE',  ( 1.387774831242257978, -1.738333993556119506, 7.699999999999999289 ) ) ;
#5896 = CARTESIAN_POINT ( 'NONE',  ( 1.282175708585657103, -1.014347014972642791, 7.700999999999999623 ) ) ;
#5897 = DIRECTION ( 'NONE',  ( -0.0000000000000000000, -0.0000000000000000000, -1.000000000000000000 ) ) ;
#5898 = DIRECTION ( 'NONE',  ( 0.0000000000000000000, 0.0000000000000000000, -1.000000000000000000 ) ) ;
#5899 = SURFACE_STYLE_FILL_AREA ( #8257 ) ;
#5900 = CARTESIAN_POINT ( 'NONE',  ( -2.949999999999998845, 0.0000000000000000000, 0.6999999999999999556 ) ) ;
#5901 = CARTESIAN_POINT ( 'NONE',  ( -1.081627333894218168, -0.8882753741191777852, 7.700000000000000178 ) ) ;
#5902 = CARTESIAN_POINT ( 'NONE',  ( -0.3999999999999996891, -1.000000000000000000, 0.2999999999999999889 ) ) ;
#5903 = ORIENTED_EDGE ( 'NONE', *, *, #2116, .T. ) ;
#5904 = COLOUR_RGB ( '',1.000000000000000000, 1.000000000000000000, 1.000000000000000000 ) ;
#5905 = SURFACE_STYLE_USAGE ( .BOTH. , #3575 ) ;
#5906 = FILL_AREA_STYLE_COLOUR ( '', #7282 ) ;
#5907 = CARTESIAN_POINT ( 'NONE',  ( 0.5863400452148918029, 0.7462043510914057043, 7.701000000000003176 ) ) ;
#5908 = CARTESIAN_POINT ( 'NONE',  ( -2.073461490767437354, 1.068946704914435442, 7.701000000000000512 ) ) ;
#5909 = CARTESIAN_POINT ( 'NONE',  ( 0.01636236317636576704, 0.8927190288271403817, 7.701000000000000512 ) ) ;
#5910 = UNCERTAINTY_MEASURE_WITH_UNIT (LENGTH_MEASURE( 1.000000000000000082E-05 ), #7673, 'distance_accuracy_value', 'NONE');
#5911 = CIRCLE ( 'NONE', #8830, 3.300000000000028244 ) ;
#5912 = CARTESIAN_POINT ( 'NONE',  ( 0.5021780607383964368, 0.8928209720837009256, 7.700000000000000178 ) ) ;
#5913 = DIRECTION ( 'NONE',  ( 0.0000000000000000000, -0.0000000000000000000, -1.000000000000000000 ) ) ;
#5914 =( NAMED_UNIT ( * ) SI_UNIT ( $, .STERADIAN. ) SOLID_ANGLE_UNIT ( ) );
#5915 = ORIENTED_EDGE ( 'NONE', *, *, #2246, .T. ) ;
#5916 = CARTESIAN_POINT ( 'NONE',  ( 1.550098799887320355, -1.596600845378255862, 7.700999999999999623 ) ) ;
#5917 = CARTESIAN_POINT ( 'NONE',  ( 1.750506843187357386, -1.738306907736339335, 7.700999999999998735 ) ) ;
#5918 = CARTESIAN_POINT ( 'NONE',  ( 1.077752444354472372, -1.137202871304652696, 7.699999999999999289 ) ) ;
#5919 = FILL_AREA_STYLE ('',( #1716 ) ) ;
#5920 = CARTESIAN_POINT ( 'NONE',  ( -0.3520609021693437146, 1.046501710493883408, 7.701000000000002288 ) ) ;
#5921 = ORIENTED_EDGE ( 'NONE', *, *, #5686, .T. ) ;
#5922 = CARTESIAN_POINT ( 'NONE',  ( 1.189181081725741551, 0.2012215207107939663, 7.700999999999999623 ) ) ;
#5923 = UNCERTAINTY_MEASURE_WITH_UNIT (LENGTH_MEASURE( 1.000000000000000082E-05 ), #8602, 'distance_accuracy_value', 'NONE');
#5924 = CARTESIAN_POINT ( 'NONE',  ( -8.673617379884035472E-16, 4.336808689942017736E-16, 1.599999999999999867 ) ) ;
#5925 = CARTESIAN_POINT ( 'NONE',  ( 1.568996007524917191, 0.2825322618069318059, 7.700000000000000178 ) ) ;
#5926 = EDGE_LOOP ( 'NONE', ( #7958, #9121, #10149, #1230 ) ) ;
#5927 = CARTESIAN_POINT ( 'NONE',  ( -1.484673621710211222, 0.9165528742155917286, 7.700000000000001954 ) ) ;
#5928 = VERTEX_POINT ( 'NONE', #4272 ) ;
#5929 = CARTESIAN_POINT ( 'NONE',  ( -2.073461490767437354, -0.06283856067570704751, 7.700000000000000178 ) ) ;
#5930 = CARTESIAN_POINT ( 'NONE',  ( 1.387774831242258200, -0.4825120013265910557, 7.701000000000001400 ) ) ;
#5931 = EDGE_CURVE ( 'NONE', #9283, #6805, #4906, .T. ) ;
#5932 = ORIENTED_EDGE ( 'NONE', *, *, #1344, .T. ) ;
#5933 = CARTESIAN_POINT ( 'NONE',  ( 2.368272706508002479, 1.758915685190524991, 7.701000000000000512 ) ) ;
#5934 = CARTESIAN_POINT ( 'NONE',  ( 0.5902092682244426403, -0.3692444698526123337, 7.701000000000000512 ) ) ;
#5935 = CARTESIAN_POINT ( 'NONE',  ( 2.020875498426773387, -1.282935229560041801, 7.700000000000001954 ) ) ;
#5936 = FILL_AREA_STYLE ('',( #307 ) ) ;
#5937 = PRESENTATION_STYLE_ASSIGNMENT (( #6104 ) ) ;
#5938 = CARTESIAN_POINT ( 'NONE',  ( -1.502610632748801578, 0.6885687950854030293, 7.700999999999998735 ) ) ;
#5939 = STYLED_ITEM ( 'NONE', ( #177 ), #8240 ) ;
#5940 = CARTESIAN_POINT ( 'NONE',  ( 2.036574967193720109, -0.1066740881446573280, 7.700000000000000178 ) ) ;
#5941 = EDGE_CURVE ( 'NONE', #5207, #2702, #1060, .T. ) ;
#5942 = EDGE_CURVE ( 'NONE', #3359, #4214, #5196, .T. ) ;
#5943 = ORIENTED_EDGE ( 'NONE', *, *, #2973, .F. ) ;
#5944 = ORIENTED_EDGE ( 'NONE', *, *, #304, .T. ) ;
#5945 = EDGE_CURVE ( 'NONE', #2168, #10095, #6822, .T. ) ;
#5946 = LINE ( 'NONE', #7512, #62 ) ;
#5947 = LINE ( 'NONE', #9208, #5798 ) ;
#5948 = STYLED_ITEM ( 'NONE', ( #9540 ), #8292 ) ;
#5949 = CARTESIAN_POINT ( 'NONE',  ( 0.3999999999999996891, 1.000000000000000000, 0.0000000000000000000 ) ) ;
#5950 =( NAMED_UNIT ( * ) PLANE_ANGLE_UNIT ( ) SI_UNIT ( $, .RADIAN. ) );
#5951 = CARTESIAN_POINT ( 'NONE',  ( 1.146786118557883150, -1.486792461402306031, 7.700000000000000178 ) ) ;
#5952 = CARTESIAN_POINT ( 'NONE',  ( -0.4294316694390507561, 0.006709158368925450741, 7.699999999999999289 ) ) ;
#5953 = VERTEX_POINT ( 'NONE', #8977 ) ;
#5954 = CARTESIAN_POINT ( 'NONE',  ( 1.853131385462633896, -0.3086036480344714894, 7.701000000000000512 ) ) ;
#5955 = SURFACE_STYLE_FILL_AREA ( #10184 ) ;
#5956 = CARTESIAN_POINT ( 'NONE',  ( 0.4626877337693144909, 0.05582731166448170329, 7.701000000000000512 ) ) ;
#5957 = VECTOR ( 'NONE', #9493, 1000.000000000000000 ) ;
#5958 = VERTEX_POINT ( 'NONE', #3674 ) ;
#5959 = CARTESIAN_POINT ( 'NONE',  ( -0.1453089137405154385, 1.067155141987397693, 7.700000000000001954 ) ) ;
#5960 = CARTESIAN_POINT ( 'NONE',  ( 0.3999999999999997446, 1.300000000000000044, 0.2999999999999999889 ) ) ;
#5961 = CARTESIAN_POINT ( 'NONE',  ( 0.3092633876279882732, 0.7288892797007604507, 7.701000000000000512 ) ) ;
#5962 = VECTOR ( 'NONE', #1750, 1000.000000000000000 ) ;
#5963 =( GEOMETRIC_REPRESENTATION_CONTEXT ( 3 ) GLOBAL_UNCERTAINTY_ASSIGNED_CONTEXT ( ( #8829 ) ) GLOBAL_UNIT_ASSIGNED_CONTEXT ( ( #7257, #10409, #9750 ) ) REPRESENTATION_CONTEXT ( 'NONE', 'WORKASPACE' ) );
#5964 = COLOUR_RGB ( '',0.0000000000000000000, 0.0000000000000000000, 0.0000000000000000000 ) ;
#5965 = VERTEX_POINT ( 'NONE', #4551 ) ;
#5966 = SURFACE_STYLE_USAGE ( .BOTH. , #2678 ) ;
#5967 = CARTESIAN_POINT ( 'NONE',  ( 8.429298731313481566E-16, 0.0000000000000000000, 0.9000000000000016875 ) ) ;
#5968 = SURFACE_STYLE_USAGE ( .BOTH. , #2838 ) ;
#5969 = LINE ( 'NONE', #2516, #1875 ) ;
#5970 = DIRECTION ( 'NONE',  ( 0.0000000000000000000, 0.0000000000000000000, -1.000000000000000000 ) ) ;
#5971 = CARTESIAN_POINT ( 'NONE',  ( 1.856253339702593985, -0.4560592128831077452, 7.700999999999999623 ) ) ;
#5972 = AXIS2_PLACEMENT_3D ( 'NONE', #6650, #5898, #9161 ) ;
#5973 = ORIENTED_EDGE ( 'NONE', *, *, #6553, .F. ) ;
#5974 = CARTESIAN_POINT ( 'NONE',  ( 1.506186202316686762, 0.2814499733107446722, 7.700000000000000178 ) ) ;
#5975 = EDGE_LOOP ( 'NONE', ( #819, #1985, #256, #9963 ) ) ;
#5976 = FILL_AREA_STYLE_COLOUR ( '', #5002 ) ;
#5977 = CARTESIAN_POINT ( 'NONE',  ( -1.492133390467293985, 0.9819547889967927823, 7.700000000000001954 ) ) ;
#5978 =( GEOMETRIC_REPRESENTATION_CONTEXT ( 3 ) GLOBAL_UNCERTAINTY_ASSIGNED_CONTEXT ( ( #2812 ) ) GLOBAL_UNIT_ASSIGNED_CONTEXT ( ( #3972, #9782, #4021 ) ) REPRESENTATION_CONTEXT ( 'NONE', 'WORKASPACE' ) );
#5979 =( GEOMETRIC_REPRESENTATION_CONTEXT ( 3 ) GLOBAL_UNCERTAINTY_ASSIGNED_CONTEXT ( ( #7636 ) ) GLOBAL_UNIT_ASSIGNED_CONTEXT ( ( #7616, #1993, #7712 ) ) REPRESENTATION_CONTEXT ( 'NONE', 'WORKASPACE' ) );
#5980 = CARTESIAN_POINT ( 'NONE',  ( 1.009552729232102708, -0.2296740569130875098, 7.701000000000000512 ) ) ;
#5981 =( GEOMETRIC_REPRESENTATION_CONTEXT ( 3 ) GLOBAL_UNCERTAINTY_ASSIGNED_CONTEXT ( ( #5612 ) ) GLOBAL_UNIT_ASSIGNED_CONTEXT ( ( #10375, #8918, #2205 ) ) REPRESENTATION_CONTEXT ( 'NONE', 'WORKASPACE' ) );
#5982 = ORIENTED_EDGE ( 'NONE', *, *, #10480, .F. ) ;
#5983 = CARTESIAN_POINT ( 'NONE',  ( 1.191153845948676571, -1.672008835571584306, 7.700000000000001066 ) ) ;
#5984 = CARTESIAN_POINT ( 'NONE',  ( 1.568996007524917191, -0.9732897304225965884, 7.701000000000000512 ) ) ;
#5985 = CARTESIAN_POINT ( 'NONE',  ( -1.249647427785097520, 0.7148291533926911523, 7.700000000000001066 ) ) ;
#5986 = CARTESIAN_POINT ( 'NONE',  ( 1.568996007524917413, 0.1266726085839973981, 7.700000000000001954 ) ) ;
#5987 = SURFACE_STYLE_FILL_AREA ( #5878 ) ;
#5988 = EDGE_LOOP ( 'NONE', ( #4338, #3886, #5595, #2264, #6744, #3964, #7082 ) ) ;
#5989 = COLOUR_RGB ( '',0.0000000000000000000, 0.0000000000000000000, 0.0000000000000000000 ) ;
#5990 = FILL_AREA_STYLE_COLOUR ( '', #8041 ) ;
#5991 = VECTOR ( 'NONE', #2074, 1000.000000000000000 ) ;
#5992 = CARTESIAN_POINT ( 'NONE',  ( -0.5433154824878081435, 0.007785344690935144633, 7.701000000000000512 ) ) ;
#5993 = CARTESIAN_POINT ( 'NONE',  ( 0.5902092682244426403, 0.1833488461196098873, 7.700000000000000178 ) ) ;
#5994 = CARTESIAN_POINT ( 'NONE',  ( 1.750506843187357386, -0.4824849155068109963, 7.699999999999998401 ) ) ;
#5995 =( LENGTH_UNIT ( ) NAMED_UNIT ( * ) SI_UNIT ( .MILLI., .METRE. ) );
#5996 = CARTESIAN_POINT ( 'NONE',  ( -0.9682748588229931341, -1.837602352840687958, 7.701000000000000512 ) ) ;
#5997 = PRESENTATION_LAYER_ASSIGNMENT (  '', '', ( #9609 ) ) ;
#5998 = VECTOR ( 'NONE', #3162, 1000.000000000000000 ) ;
#5999 = MECHANICAL_DESIGN_GEOMETRIC_PRESENTATION_REPRESENTATION (  '', ( #4079 ), #5136 ) ;
#6000 = PRESENTATION_STYLE_ASSIGNMENT (( #8349 ) ) ;
#6001 = ORIENTED_EDGE ( 'NONE', *, *, #1664, .F. ) ;
#6002 = ORIENTED_EDGE ( 'NONE', *, *, #5941, .T. ) ;
#6003 = CARTESIAN_POINT ( 'NONE',  ( 2.087959423594328623, -1.169491871304207509, 7.700000000000001954 ) ) ;
#6004 = CARTESIAN_POINT ( 'NONE',  ( -0.4146574710358502114, -0.1064082622287932794, 7.701000000000001400 ) ) ;
#6005 = DIRECTION ( 'NONE',  ( -0.0000000000000000000, -0.0000000000000000000, -1.000000000000000000 ) ) ;
#6006 =( NAMED_UNIT ( * ) PLANE_ANGLE_UNIT ( ) SI_UNIT ( $, .RADIAN. ) );
#6007 = EDGE_CURVE ( 'NONE', #2949, #2027, #9752, .T. ) ;
#6008 = EDGE_CURVE ( 'NONE', #5253, #4886, #6570, .T. ) ;
#6009 = CARTESIAN_POINT ( 'NONE',  ( 1.929289321881345609, -3.270710678118654346, 0.6999999999999999556 ) ) ;
#6010 = CARTESIAN_POINT ( 'NONE',  ( 1.101417047856113829, -1.362496080374185681, 7.700000000000000178 ) ) ;
#6011 = MECHANICAL_DESIGN_GEOMETRIC_PRESENTATION_REPRESENTATION (  '', ( #6697 ), #10277 ) ;
#6012 = LINE ( 'NONE', #10065, #10435 ) ;
#6013 = VERTEX_POINT ( 'NONE', #3835 ) ;
#6014 = FILL_AREA_STYLE ('',( #4325 ) ) ;
#6015 = CARTESIAN_POINT ( 'NONE',  ( 0.4840220583810518340, 1.065118094212996747, 7.701000000000003176 ) ) ;
#6016 = EDGE_CURVE ( 'NONE', #6808, #8031, #7934, .T. ) ;
#6017 = CARTESIAN_POINT ( 'NONE',  ( 0.03656901930665808209, -0.04489513873423531254, 7.700000000000000178 ) ) ;
#6018 =( NAMED_UNIT ( * ) PLANE_ANGLE_UNIT ( ) SI_UNIT ( $, .RADIAN. ) );
#6019 = ORIENTED_EDGE ( 'NONE', *, *, #3220, .F. ) ;
#6020 = UNCERTAINTY_MEASURE_WITH_UNIT (LENGTH_MEASURE( 1.000000000000000082E-05 ), #5209, 'distance_accuracy_value', 'NONE');
#6021 = EDGE_CURVE ( 'NONE', #2912, #4851, #9585, .T. ) ;
#6023 = SURFACE_STYLE_USAGE ( .BOTH. , #1026 ) ;
#6022 = VECTOR ( 'NONE', #9412, 1000.000000000000000 ) ;
#6024 = STYLED_ITEM ( 'NONE', ( #5247 ), #4833 ) ;
#6025 = EDGE_CURVE ( 'NONE', #7122, #2522, #4856, .T. ) ;
#6026 = CARTESIAN_POINT ( 'NONE',  ( 0.05203308832459523081, 0.8547985216990863222, 7.700000000000000178 ) ) ;
#6027 = PRESENTATION_LAYER_ASSIGNMENT (  '', '', ( #1048 ) ) ;
#6028 = ORIENTED_EDGE ( 'NONE', *, *, #4813, .T. ) ;
#6029 = CARTESIAN_POINT ( 'NONE',  ( -1.056586687644091693, 0.6237262304884013675, 7.701000000000002288 ) ) ;
#6030 = CARTESIAN_POINT ( 'NONE',  ( 2.060445751672498993, -1.589106420584033952, 7.701000000000004064 ) ) ;
#6031 = CARTESIAN_POINT ( 'NONE',  ( -0.5000000000000000000, -1.100000000000000089, 0.2999999999999999889 ) ) ;
#6032 =( NAMED_UNIT ( * ) SI_UNIT ( $, .STERADIAN. ) SOLID_ANGLE_UNIT ( ) );
#6033 = MECHANICAL_DESIGN_GEOMETRIC_PRESENTATION_REPRESENTATION (  '', ( #7233 ), #5331 ) ;
#6034 = ORIENTED_EDGE ( 'NONE', *, *, #1867, .T. ) ;
#6035 = UNCERTAINTY_MEASURE_WITH_UNIT (LENGTH_MEASURE( 1.000000000000000082E-05 ), #1343, 'distance_accuracy_value', 'NONE');
#6036 = ORIENTED_EDGE ( 'NONE', *, *, #6282, .F. ) ;
#6037 = CIRCLE ( 'NONE', #3098, 0.1000000000000015599 ) ;
#6038 = CARTESIAN_POINT ( 'NONE',  ( -1.242357601280369206, 0.5588605670939227332, 7.701000000000000512 ) ) ;
#6039 = CARTESIAN_POINT ( 'NONE',  ( 0.3722296867594966363, 0.7361401001337765093, 7.699999999999999289 ) ) ;
#6040 = CARTESIAN_POINT ( 'NONE',  ( 2.008236848425914101, 0.9697632892271136340, 7.700000000000000178 ) ) ;
#6041 = ORIENTED_EDGE ( 'NONE', *, *, #9123, .T. ) ;
#6042 = CARTESIAN_POINT ( 'NONE',  ( 1.284816050689753686, 0.09467661219367830283, 7.699999999999997513 ) ) ;
#6043 = PLANE ( 'NONE',  #2036 ) ;
#6044 = FACE_OUTER_BOUND ( 'NONE', #9088, .T. ) ;
#6045 = FACE_OUTER_BOUND ( 'NONE', #7353, .T. ) ;
#6046 = VERTEX_POINT ( 'NONE', #10290 ) ;
#6047 = VECTOR ( 'NONE', #917, 1000.000000000000000 ) ;
#6048 = CARTESIAN_POINT ( 'NONE',  ( -0.9682748588229931341, -0.8882753741191777852, 7.701000000000000512 ) ) ;
#6049 = CARTESIAN_POINT ( 'NONE',  ( 3.667833284852892019E-17, 0.0000000000000000000, 7.499999999999999112 ) ) ;
#6050 = PLANE ( 'NONE',  #3933 ) ;
#6051 = CARTESIAN_POINT ( 'NONE',  ( -0.1114891974168682465, -0.2300156873408740754, 7.700000000000001954 ) ) ;
#6052 = CARTESIAN_POINT ( 'NONE',  ( -0.3874558292648735969, 1.054777645530532437, 7.700000000000000178 ) ) ;
#6053 = CARTESIAN_POINT ( 'NONE',  ( -1.387337857758997650, 0.5918472058625363630, 7.701000000000000512 ) ) ;
#6054 = VERTEX_POINT ( 'NONE', #9529 ) ;
#6055 = ORIENTED_EDGE ( 'NONE', *, *, #8509, .T. ) ;
#6056 = CARTESIAN_POINT ( 'NONE',  ( -0.3874558292648735969, 0.1975179055035130304, 7.701000000000000512 ) ) ;
#6057 = B_SPLINE_CURVE_WITH_KNOTS ( 'NONE', 3,
 ( #1278, #8688, #3879, #7194, #7090 ),
 .UNSPECIFIED., .F., .F.,
 ( 4, 1, 4 ),
 ( 0.0000000000000000000, 0.4881291047886925361, 1.000000000000000000 ),
 .UNSPECIFIED. ) ;
#6058 = AXIS2_PLACEMENT_3D ( 'NONE', #10280, #7877, #539 ) ;
#6059 = AXIS2_PLACEMENT_3D ( 'NONE', #9397, #8619, #7766 ) ;
#6060 = DIRECTION ( 'NONE',  ( 0.0000000000000000000, 0.0000000000000000000, -1.000000000000000000 ) ) ;
#6061 = CARTESIAN_POINT ( 'NONE',  ( -0.3999999999999996891, -1.000000000000000000, 0.2999999999999999889 ) ) ;
#6062 = CARTESIAN_POINT ( 'NONE',  ( -1.300000000000000044, -3.033150177620620003, 0.6999999999999999556 ) ) ;
#6063 = LINE ( 'NONE', #8314, #7510 ) ;
#6064 = SURFACE_STYLE_USAGE ( .BOTH. , #1122 ) ;
#6065 = DIRECTION ( 'NONE',  ( 0.0000000000000000000, -1.000000000000000000, 0.0000000000000000000 ) ) ;
#6066 = VERTEX_POINT ( 'NONE', #2876 ) ;
#6067 = CARTESIAN_POINT ( 'NONE',  ( 0.01685977392953173087, -0.1039679140933800205, 7.700999999999998735 ) ) ;
#6068 = PRESENTATION_LAYER_ASSIGNMENT (  '', '', ( #4505 ) ) ;
#6069 =( LENGTH_UNIT ( ) NAMED_UNIT ( * ) SI_UNIT ( .MILLI., .METRE. ) );
#6070 = EDGE_CURVE ( 'NONE', #7843, #8188, #4599, .T. ) ;
#6071 = EDGE_LOOP ( 'NONE', ( #6860, #10066, #1059, #1410 ) ) ;
#6072 = SURFACE_STYLE_USAGE ( .BOTH. , #7044 ) ;
#6073 = CARTESIAN_POINT ( 'NONE',  ( 0.04647161436715990801, 0.1833488461196098873, 7.701000000000000512 ) ) ;
#6074 =( GEOMETRIC_REPRESENTATION_CONTEXT ( 3 ) GLOBAL_UNCERTAINTY_ASSIGNED_CONTEXT ( ( #2582 ) ) GLOBAL_UNIT_ASSIGNED_CONTEXT ( ( #7979, #3865, #786 ) ) REPRESENTATION_CONTEXT ( 'NONE', 'WORKASPACE' ) );
#6075 = FACE_OUTER_BOUND ( 'NONE', #1884, .T. ) ;
#6076 = VECTOR ( 'NONE', #10314, 1000.000000000000000 ) ;
#6077 = CARTESIAN_POINT ( 'NONE',  ( 0.1622685830803807794, 0.7695972488748396012, 7.700000000000000178 ) ) ;
#6078 = ORIENTED_EDGE ( 'NONE', *, *, #5602, .T. ) ;
#6079 = LINE ( 'NONE', #2891, #7069 ) ;
#6080 = PRESENTATION_STYLE_ASSIGNMENT (( #5261 ) ) ;
#6081 = LINE ( 'NONE', #6129, #1445 ) ;
#6082 =( NAMED_UNIT ( * ) PLANE_ANGLE_UNIT ( ) SI_UNIT ( $, .RADIAN. ) );
#6083 = DIRECTION ( 'NONE',  ( -1.625187025148696761E-15, 1.000000000000000000, 0.0000000000000000000 ) ) ;
#6084 = DIRECTION ( 'NONE',  ( 1.000000000000000000, -0.0000000000000000000, -0.0000000000000000000 ) ) ;
#6085 = STYLED_ITEM ( 'NONE', ( #6 ), #4155 ) ;
#6086 = ADVANCED_FACE ( 'NONE', ( #7039 ), #9420, .T. ) ;
#6087 = COLOUR_RGB ( '',0.0000000000000000000, 0.0000000000000000000, 0.0000000000000000000 ) ;
#6088 = EDGE_CURVE ( 'NONE', #4245, #8904, #9879, .T. ) ;
#6089 =( NAMED_UNIT ( * ) PLANE_ANGLE_UNIT ( ) SI_UNIT ( $, .RADIAN. ) );
#6090 = COLOUR_RGB ( '',0.0000000000000000000, 0.0000000000000000000, 0.0000000000000000000 ) ;
#6091 = ORIENTED_EDGE ( 'NONE', *, *, #110, .F. ) ;
#6092 = LINE ( 'NONE', #1982, #7242 ) ;
#6093 = CARTESIAN_POINT ( 'NONE',  ( 0.4983176595261104569, 0.8714472999924398611, 7.700000000000000178 ) ) ;
#6094 = ORIENTED_EDGE ( 'NONE', *, *, #10056, .T. ) ;
#6095 = CARTESIAN_POINT ( 'NONE',  ( 1.191163288553480637, -1.523462958633838182, 7.701000000000000512 ) ) ;
#6096 = B_SPLINE_CURVE_WITH_KNOTS ( 'NONE', 3,
 ( #229, #9170, #6616, #4111, #5095, #8372, #10077, #5959, #3527, #9225, #1805 ),
 .UNSPECIFIED., .F., .F.,
 ( 4, 1, 1, 1, 1, 1, 1, 1, 4 ),
 ( 0.0000000000000000000, 0.09982972488810738787, 0.2061426486586745710, 0.3190466912208154704, 0.4395465524904466070, 0.5674691920997388950, 0.7035422743826759140, 0.8472815456256683753, 1.000000000000000000 ),
 .UNSPECIFIED. ) ;
#6097 = CARTESIAN_POINT ( 'NONE',  ( -1.555848040149226286, 0.7833516017076379567, 7.700000000000000178 ) ) ;
#6098 = ORIENTED_EDGE ( 'NONE', *, *, #1556, .T. ) ;
#6099 = PLANE ( 'NONE',  #3272 ) ;
#6100 = LINE ( 'NONE', #10108, #349 ) ;
#6101 = CARTESIAN_POINT ( 'NONE',  ( 1.016402691552694915, 0.9697632892271136340, 7.701000000000000512 ) ) ;
#6102 = CARTESIAN_POINT ( 'NONE',  ( 1.568996007524917191, -0.3409063510848060474, 7.701000000000000512 ) ) ;
#6103 =( NAMED_UNIT ( * ) PLANE_ANGLE_UNIT ( ) SI_UNIT ( $, .RADIAN. ) );
#6104 = SURFACE_STYLE_USAGE ( .BOTH. , #2654 ) ;
#6105 = CARTESIAN_POINT ( 'NONE',  ( 2.149498165074976264, -0.09283809360513460562, 7.700000000000000178 ) ) ;
#6106 =( NAMED_UNIT ( * ) SI_UNIT ( $, .STERADIAN. ) SOLID_ANGLE_UNIT ( ) );
#6107 = ORIENTED_EDGE ( 'NONE', *, *, #708, .T. ) ;
#6108 = VERTEX_POINT ( 'NONE', #5929 ) ;
#6109 = FILL_AREA_STYLE ('',( #5186 ) ) ;
#6110 = CARTESIAN_POINT ( 'NONE',  ( 1.250069111952158085, -1.173115227243371805, 7.700999999999999623 ) ) ;
#6111 = CARTESIAN_POINT ( 'NONE',  ( 1.387782162072206171, -0.9875676790898954005, 7.701000000000001400 ) ) ;
#6112 = SURFACE_STYLE_FILL_AREA ( #378 ) ;
#6113 = CARTESIAN_POINT ( 'NONE',  ( 0.01517696417096197313, -0.3307357557091194500, 7.699999999999999289 ) ) ;
#6114 = CARTESIAN_POINT ( 'NONE',  ( 1.284860629587199599, -1.564425640263999773, 7.699999999999997513 ) ) ;
#6115 = ORIENTED_EDGE ( 'NONE', *, *, #243, .F. ) ;
#6116 = CARTESIAN_POINT ( 'NONE',  ( 1.946828726496352857, -0.2676409664043096215, 7.700999999999999623 ) ) ;
#6117 = FILL_AREA_STYLE_COLOUR ( '', #3822 ) ;
#6118 = ORIENTED_EDGE ( 'NONE', *, *, #2790, .F. ) ;
#6119 = UNCERTAINTY_MEASURE_WITH_UNIT (LENGTH_MEASURE( 1.000000000000000082E-05 ), #3717, 'distance_accuracy_value', 'NONE');
#6120 = SURFACE_STYLE_USAGE ( .BOTH. , #6931 ) ;
#6121 = CARTESIAN_POINT ( 'NONE',  ( 1.919198240087740315, -0.2830516174000023422, 7.700000000000001954 ) ) ;
#6122 = CARTESIAN_POINT ( 'NONE',  ( -1.469613906845592233, 0.8600611703979910150, 7.700999999999999623 ) ) ;
#6123 = CARTESIAN_POINT ( 'NONE',  ( 0.09148684209130628076, -0.2465548950514027948, 7.700000000000001066 ) ) ;
#6124 = ADVANCED_FACE ( 'NONE', ( #9133 ), #88, .F. ) ;
#6125 = ORIENTED_EDGE ( 'NONE', *, *, #6795, .F. ) ;
#6126 = LINE ( 'NONE', #7641, #8082 ) ;
#6127 = CARTESIAN_POINT ( 'NONE',  ( -0.5422131014846311992, 0.05234714879168542168, 7.700000000000000178 ) ) ;
#6128 = AXIS2_PLACEMENT_3D ( 'NONE', #7746, #6722, #5050 ) ;
#6129 = CARTESIAN_POINT ( 'NONE',  ( -0.5433154824878081435, 0.007785344690935144633, 7.701000000000000512 ) ) ;
#6130 = SURFACE_STYLE_FILL_AREA ( #7807 ) ;
#6131 = CARTESIAN_POINT ( 'NONE',  ( 2.140823534941728390, -1.279577037141637730, 7.701000000000001400 ) ) ;
#6132 = UNCERTAINTY_MEASURE_WITH_UNIT (LENGTH_MEASURE( 1.000000000000000082E-05 ), #7392, 'distance_accuracy_value', 'NONE');
#6133 =( GEOMETRIC_REPRESENTATION_CONTEXT ( 3 ) GLOBAL_UNCERTAINTY_ASSIGNED_CONTEXT ( ( #4277 ) ) GLOBAL_UNIT_ASSIGNED_CONTEXT ( ( #3257, #3363, #8394 ) ) REPRESENTATION_CONTEXT ( 'NONE', 'WORKASPACE' ) );
#6134 = PLANE ( 'NONE',  #432 ) ;
#6135 = COLOUR_RGB ( '',0.7529411764705882248, 0.7529411764705882248, 0.7529411764705882248 ) ;
#6136 = VECTOR ( 'NONE', #2569, 1000.000000000000114 ) ;
#6137 = PRESENTATION_STYLE_ASSIGNMENT (( #1740 ) ) ;
#6138 = EDGE_CURVE ( 'NONE', #2512, #6513, #250, .T. ) ;
#6139 = ORIENTED_EDGE ( 'NONE', *, *, #10262, .F. ) ;
#6140 = EDGE_CURVE ( 'NONE', #4324, #711, #9834, .T. ) ;
#6141 = CARTESIAN_POINT ( 'NONE',  ( -1.210432217585673653, 0.5595500061980924755, 7.701000000000002288 ) ) ;
#6142 = SURFACE_SIDE_STYLE ('',( #9448 ) ) ;
#6143 = SURFACE_STYLE_FILL_AREA ( #2908 ) ;
#6144 = CARTESIAN_POINT ( 'NONE',  ( 1.191163288553480637, -1.523462958633838182, 7.700000000000000178 ) ) ;
#6145 =( NAMED_UNIT ( * ) PLANE_ANGLE_UNIT ( ) SI_UNIT ( $, .RADIAN. ) );
#6146 = VECTOR ( 'NONE', #2945, 1000.000000000000000 ) ;
#6147 = EDGE_CURVE ( 'NONE', #3405, #7222, #3496, .T. ) ;
#6148 = VECTOR ( 'NONE', #8356, 1000.000000000000000 ) ;
#6149 = CARTESIAN_POINT ( 'NONE',  ( -1.468611505303444975, 0.6500655206379568618, 7.700000000000001954 ) ) ;
#6150 = ORIENTED_EDGE ( 'NONE', *, *, #4082, .T. ) ;
#6151 = UNCERTAINTY_MEASURE_WITH_UNIT (LENGTH_MEASURE( 1.000000000000000082E-05 ), #2946, 'distance_accuracy_value', 'NONE');
#6152 = CIRCLE ( 'NONE', #1516, 0.5000000000000000000 ) ;
#6153 = CLOSED_SHELL ( 'NONE', ( #8043, #3939, #3275, #10401, #3164, #752, #3747, #7609, #3749, #8094 ) ) ;
#6154 = DIRECTION ( 'NONE',  ( -0.0000000000000000000, -0.0000000000000000000, -1.000000000000000000 ) ) ;
#6155 = EDGE_CURVE ( 'NONE', #9106, #8951, #5762, .T. ) ;
#6156 = DIRECTION ( 'NONE',  ( 0.0000000000000000000, -0.0000000000000000000, -1.000000000000000000 ) ) ;
#6157 = FACE_OUTER_BOUND ( 'NONE', #6457, .T. ) ;
#6158 = CYLINDRICAL_SURFACE ( 'NONE', #8751, 0.5000000000000000000 ) ;
#6159 = MECHANICAL_DESIGN_GEOMETRIC_PRESENTATION_REPRESENTATION (  '', ( #10073 ), #4249 ) ;
#6160 = SURFACE_STYLE_FILL_AREA ( #427 ) ;
#6161 = LINE ( 'NONE', #535, #8549 ) ;
#6162 = PRESENTATION_STYLE_ASSIGNMENT (( #2153 ) ) ;
#6163 = MECHANICAL_DESIGN_GEOMETRIC_PRESENTATION_REPRESENTATION (  '', ( #8556 ), #1520 ) ;
#6164 = COLOUR_RGB ( '',0.0000000000000000000, 0.0000000000000000000, 0.0000000000000000000 ) ;
#6165 = VERTEX_POINT ( 'NONE', #2697 ) ;
#6166 = VERTEX_POINT ( 'NONE', #5984 ) ;
#6167 = CARTESIAN_POINT ( 'NONE',  ( 1.110450697839790113, -1.619157050258265951, 7.699999999999999289 ) ) ;
#6168 = MECHANICAL_DESIGN_GEOMETRIC_PRESENTATION_REPRESENTATION (  '', ( #3378 ), #1527 ) ;
#6169 = CARTESIAN_POINT ( 'NONE',  ( 1.568996007524917191, -1.596728343314334442, 7.700000000000000178 ) ) ;
#6170 = CARTESIAN_POINT ( 'NONE',  ( 0.4626877337693144909, 0.05582731166448170329, 7.701000000000000512 ) ) ;
#6171 = CARTESIAN_POINT ( 'NONE',  ( 1.323346637208148380, -1.151314767247126225, 7.701000000000001400 ) ) ;
#6172 = SURFACE_SIDE_STYLE ('',( #4547 ) ) ;
#6173 = CARTESIAN_POINT ( 'NONE',  ( 0.1112392443729483815, -0.2119122117480990164, 7.701000000000000512 ) ) ;
#6174 = PRESENTATION_LAYER_ASSIGNMENT (  '', '', ( #2549 ) ) ;
#6175 = CARTESIAN_POINT ( 'NONE',  ( 1.110450697839789669, -0.3633350580287376119, 7.699999999999997513 ) ) ;
#6176 = COLOUR_RGB ( '',0.0000000000000000000, 0.0000000000000000000, 0.0000000000000000000 ) ;
#6177 = DIRECTION ( 'NONE',  ( -0.3401998770018514473, -0.9403531483904996602, 0.0000000000000000000 ) ) ;
#6178 = ORIENTED_EDGE ( 'NONE', *, *, #9062, .F. ) ;
#6179 = CARTESIAN_POINT ( 'NONE',  ( 0.1651374867073485964, 0.05582731166448170329, 7.701000000000000512 ) ) ;
#6180 = COLOUR_RGB ( '',0.0000000000000000000, 0.0000000000000000000, 0.0000000000000000000 ) ;
#6181 = CARTESIAN_POINT ( 'NONE',  ( -0.04535027204931735972, -0.1925201198973792993, 7.700000000000001066 ) ) ;
#6182 = VERTEX_POINT ( 'NONE', #33 ) ;
#6183 = PRESENTATION_LAYER_ASSIGNMENT (  '', '', ( #10104 ) ) ;
#6184 = FILL_AREA_STYLE ('',( #6240 ) ) ;
#6185 =( GEOMETRIC_REPRESENTATION_CONTEXT ( 3 ) GLOBAL_UNCERTAINTY_ASSIGNED_CONTEXT ( ( #7849 ) ) GLOBAL_UNIT_ASSIGNED_CONTEXT ( ( #10146, #6082, #8548 ) ) REPRESENTATION_CONTEXT ( 'NONE', 'WORKASPACE' ) );
#6186 = CARTESIAN_POINT ( 'NONE',  ( -1.399159036000399592, 0.7578297317751204742, 7.700999999999998735 ) ) ;
#6187 = SURFACE_STYLE_USAGE ( .BOTH. , #560 ) ;
#6188 = MANIFOLD_SOLID_BREP ( 'Extrude6[9]', #9383 ) ;
#6189 = CARTESIAN_POINT ( 'NONE',  ( 0.1642337129972416543, 0.004749331860284999353, 7.700000000000002842 ) ) ;
#6190 = ORIENTED_EDGE ( 'NONE', *, *, #7313, .T. ) ;
#6191 = COLOUR_RGB ( '',0.0000000000000000000, 0.0000000000000000000, 0.0000000000000000000 ) ;
#6192 = PRESENTATION_STYLE_ASSIGNMENT (( #6294 ) ) ;
#6193 =( GEOMETRIC_REPRESENTATION_CONTEXT ( 3 ) GLOBAL_UNCERTAINTY_ASSIGNED_CONTEXT ( ( #1387 ) ) GLOBAL_UNIT_ASSIGNED_CONTEXT ( ( #7886, #9692, #3783 ) ) REPRESENTATION_CONTEXT ( 'NONE', 'WORKASPACE' ) );
#6194 = CARTESIAN_POINT ( 'NONE',  ( -0.5429554587489225925, 0.02233866815859988919, 7.700000000000001066 ) ) ;
#6195 = CARTESIAN_POINT ( 'NONE',  ( 0.4201805556176050893, 1.210637298753467039, 7.700000000000000178 ) ) ;
#6196 = LINE ( 'NONE', #1240, #8218 ) ;
#6197 = LINE ( 'NONE', #462, #6509 ) ;
#6198 = CARTESIAN_POINT ( 'NONE',  ( -0.4146574710358502114, -0.1064082622287932794, 7.700000000000001066 ) ) ;
#6199 = CARTESIAN_POINT ( 'NONE',  ( 1.587890945854977698, 0.1265088726008923581, 7.700000000000002842 ) ) ;
#6200 = CARTESIAN_POINT ( 'NONE',  ( 1.568996007524917191, -0.9732897304225965884, 7.700000000000000178 ) ) ;
#6201 = VECTOR ( 'NONE', #6937, 1000.000000000000000 ) ;
#6202 =( GEOMETRIC_REPRESENTATION_CONTEXT ( 3 ) GLOBAL_UNCERTAINTY_ASSIGNED_CONTEXT ( ( #1092 ) ) GLOBAL_UNIT_ASSIGNED_CONTEXT ( ( #7505, #998, #4198 ) ) REPRESENTATION_CONTEXT ( 'NONE', 'WORKASPACE' ) );
#6203 = CARTESIAN_POINT ( 'NONE',  ( 0.5477020900727332942, 1.210637298753467039, 7.701000000000000512 ) ) ;
#6204 = CARTESIAN_POINT ( 'NONE',  ( -0.05116206045004765418, 0.7953067455628063387, 7.700000000000000178 ) ) ;
#6205 = VECTOR ( 'NONE', #85, 1000.000000000000000 ) ;
#6206 = EDGE_LOOP ( 'NONE', ( #1666, #8397, #4368, #8210 ) ) ;
#6207 = CARTESIAN_POINT ( 'NONE',  ( -0.9777803092287687958, 0.7801102300385539534, 7.700999999999999623 ) ) ;
#6208 =( LENGTH_UNIT ( ) NAMED_UNIT ( * ) SI_UNIT ( .MILLI., .METRE. ) );
#6209 = CARTESIAN_POINT ( 'NONE',  ( 1.323303463200618202, -1.574653564717304999, 7.700000000000001066 ) ) ;
#6210 = MECHANICAL_DESIGN_GEOMETRIC_PRESENTATION_REPRESENTATION (  '', ( #4817 ), #4289 ) ;
#6211 = CARTESIAN_POINT ( 'NONE',  ( -1.555848040149226286, 0.7833516017076379567, 7.701000000000000512 ) ) ;
#6212 = ORIENTED_EDGE ( 'NONE', *, *, #2169, .T. ) ;
#6213 = ADVANCED_FACE ( 'NONE', ( #472 ), #5874, .T. ) ;
#6214 = CYLINDRICAL_SURFACE ( 'NONE', #6059, 0.09999999999999982514 ) ;
#6215 = STYLED_ITEM ( 'NONE', ( #8259 ), #9662 ) ;
#6216 = CARTESIAN_POINT ( 'NONE',  ( 1.191078891308347876, -1.201940911777728438, 7.700000000000001954 ) ) ;
#6217 =( NAMED_UNIT ( * ) PLANE_ANGLE_UNIT ( ) SI_UNIT ( $, .RADIAN. ) );
#6218 = CARTESIAN_POINT ( 'NONE',  ( -1.256748052217145695, 0.7147202203168572243, 7.701000000000000512 ) ) ;
#6219 = FILL_AREA_STYLE ('',( #10445 ) ) ;
#6220 = STYLED_ITEM ( 'NONE', ( #9323 ), #5883 ) ;
#6221 = EDGE_LOOP ( 'NONE', ( #6479, #5139, #6774, #1902 ) ) ;
#6222 = ADVANCED_FACE ( 'NONE', ( #2959 ), #4216, .T. ) ;
#6223 = EDGE_CURVE ( 'NONE', #5536, #4154, #6461, .T. ) ;
#6224 = MANIFOLD_SOLID_BREP ( 'Extrude6[10]', #5465 ) ;
#6225 = VERTEX_POINT ( 'NONE', #8013 ) ;
#6226 = DIRECTION ( 'NONE',  ( -1.227398685832646557E-16, -1.000000000000000000, 0.0000000000000000000 ) ) ;
#6227 = FILL_AREA_STYLE_COLOUR ( '', #4689 ) ;
#6228 = FILL_AREA_STYLE ('',( #2931 ) ) ;
#6229 =( GEOMETRIC_REPRESENTATION_CONTEXT ( 3 ) GLOBAL_UNCERTAINTY_ASSIGNED_CONTEXT ( ( #9757 ) ) GLOBAL_UNIT_ASSIGNED_CONTEXT ( ( #9449, #1986, #2808 ) ) REPRESENTATION_CONTEXT ( 'NONE', 'WORKASPACE' ) );
#6230 = LINE ( 'NONE', #2439, #4640 ) ;
#6231 = CARTESIAN_POINT ( 'NONE',  ( -0.9682748588229931341, 0.8887339808754176618, 7.700000000000000178 ) ) ;
#6232 = CARTESIAN_POINT ( 'NONE',  ( -0.5312568370516178584, -0.1224709671476199024, 7.699999999999999289 ) ) ;
#6233 = VERTEX_POINT ( 'NONE', #2203 ) ;
#6234 = DIRECTION ( 'NONE',  ( -0.0000000000000000000, -0.0000000000000000000, -1.000000000000000000 ) ) ;
#6235 = CARTESIAN_POINT ( 'NONE',  ( 1.970703161677457738, -1.219593686064448512, 7.701000000000000512 ) ) ;
#6236 = EDGE_LOOP ( 'NONE', ( #7368, #5973, #6984, #5503 ) ) ;
#6237 = STYLED_ITEM ( 'NONE', ( #6954 ), #2570 ) ;
#6238 = ORIENTED_EDGE ( 'NONE', *, *, #4692, .T. ) ;
#6239 = CARTESIAN_POINT ( 'NONE',  ( 0.4000000000000001887, -1.297519430014755670, 0.6999999999999999556 ) ) ;
#6240 = FILL_AREA_STYLE_COLOUR ( '', #5904 ) ;
#6241 = DIRECTION ( 'NONE',  ( 0.0000000000000000000, 0.0000000000000000000, -1.000000000000000000 ) ) ;
#6242 = LINE ( 'NONE', #7897, #5957 ) ;
#6243 = FILL_AREA_STYLE_COLOUR ( '', #8429 ) ;
#6244 = ORIENTED_EDGE ( 'NONE', *, *, #3025, .F. ) ;
#6245 = SURFACE_STYLE_FILL_AREA ( #506 ) ;
#6246 =( NAMED_UNIT ( * ) SI_UNIT ( $, .STERADIAN. ) SOLID_ANGLE_UNIT ( ) );
#6247 = CARTESIAN_POINT ( 'NONE',  ( 1.990263387852893473, -1.079476954794773569, 7.700999999999999623 ) ) ;
#6248 = UNCERTAINTY_MEASURE_WITH_UNIT (LENGTH_MEASURE( 1.000000000000000082E-05 ), #2563, 'distance_accuracy_value', 'NONE');
#6249 = VECTOR ( 'NONE', #3076, 1000.000000000000000 ) ;
#6250 = CARTESIAN_POINT ( 'NONE',  ( 0.3999999999999996891, 1.300000000000000044, 0.2999999999999999889 ) ) ;
#6251 = MECHANICAL_DESIGN_GEOMETRIC_PRESENTATION_REPRESENTATION (  '', ( #4864 ), #5570 ) ;
#6252 = SURFACE_STYLE_FILL_AREA ( #8660 ) ;
#6253 = CARTESIAN_POINT ( 'NONE',  ( 1.772572157991250341, -1.143202046146256423, 7.700999999999998735 ) ) ;
#6254 = VERTEX_POINT ( 'NONE', #1415 ) ;
#6255 = LINE ( 'NONE', #7914, #567 ) ;
#6256 = CARTESIAN_POINT ( 'NONE',  ( 0.3908450637919553827, 0.7425051164745857246, 7.699999999999999289 ) ) ;
#6257 = SURFACE_SIDE_STYLE ('',( #9392 ) ) ;
#6258 = CARTESIAN_POINT ( 'NONE',  ( 1.117066007617185219, -1.442443068491664482, 7.700000000000000178 ) ) ;
#6259 = VECTOR ( 'NONE', #2484, 1000.000000000000000 ) ;
#6260 = CARTESIAN_POINT ( 'NONE',  ( -1.517957746092407634, 0.7100301249937911452, 7.700999999999999623 ) ) ;
#6261 = ORIENTED_EDGE ( 'NONE', *, *, #1791, .T. ) ;
#6262 = UNCERTAINTY_MEASURE_WITH_UNIT (LENGTH_MEASURE( 1.000000000000000082E-05 ), #4158, 'distance_accuracy_value', 'NONE');
#6263 = CARTESIAN_POINT ( 'NONE',  ( 1.568996007524917413, 0.1266726085839973981, 7.700000000000001954 ) ) ;
#6264 = DIRECTION ( 'NONE',  ( -0.0000000000000000000, -0.0000000000000000000, -1.000000000000000000 ) ) ;
#6265 = CARTESIAN_POINT ( 'NONE',  ( 0.5902092682244426403, -0.3692444698526123337, 7.700000000000000178 ) ) ;
#6266 =( LENGTH_UNIT ( ) NAMED_UNIT ( * ) SI_UNIT ( .MILLI., .METRE. ) );
#6267 = ADVANCED_FACE ( 'NONE', ( #674 ), #5154, .F. ) ;
#6268 = CARTESIAN_POINT ( 'NONE',  ( 0.04647161436715990801, 0.1833488461196098873, 7.701000000000000512 ) ) ;
#6269 = CARTESIAN_POINT ( 'NONE',  ( 2.149927442264945476, -0.1071168712504043802, 7.700000000000000178 ) ) ;
#6270 = CARTESIAN_POINT ( 'NONE',  ( 2.007775029551842838, -0.004132289727723002445, 7.700000000000001954 ) ) ;
#6271 = DIRECTION ( 'NONE',  ( -1.000000000000000000, -0.0000000000000000000, -0.0000000000000000000 ) ) ;
#6272 = ORIENTED_EDGE ( 'NONE', *, *, #2178, .F. ) ;
#6273 = CARTESIAN_POINT ( 'NONE',  ( 1.323346637208148380, -1.151314767247126225, 7.700000000000001066 ) ) ;
#6274 = CARTESIAN_POINT ( 'NONE',  ( 2.036574967193720109, -0.1066740881446573280, 7.701000000000000512 ) ) ;
#6275 = CARTESIAN_POINT ( 'NONE',  ( -0.1453089137405154385, 1.067155141987397693, 7.701000000000002288 ) ) ;
#6276 = CARTESIAN_POINT ( 'NONE',  ( -0.5149773637200018017, 0.1975179055035130304, 7.701000000000000512 ) ) ;
#6277 = DIRECTION ( 'NONE',  ( 0.0000000000000000000, -1.000000000000000000, -0.0000000000000000000 ) ) ;
#6278 = ADVANCED_FACE ( 'NONE', ( #10485 ), #7542, .T. ) ;
#6279 = CARTESIAN_POINT ( 'NONE',  ( -0.3115995126259472059, -0.3833153908408293842, 7.700000000000001066 ) ) ;
#6280 = ORIENTED_EDGE ( 'NONE', *, *, #7911, .T. ) ;
#6281 = CARTESIAN_POINT ( 'NONE',  ( 0.1598893706839581708, -0.04440493813478716550, 7.700999999999998735 ) ) ;
#6282 = EDGE_CURVE ( 'NONE', #2992, #9983, #6672, .T. ) ;
#6283 = DIRECTION ( 'NONE',  ( 1.000000000000000000, 0.0000000000000000000, 0.0000000000000000000 ) ) ;
#6284 = ADVANCED_FACE ( 'NONE', ( #931 ), #2600, .T. ) ;
#6285 = ORIENTED_EDGE ( 'NONE', *, *, #7399, .F. ) ;
#6286 = ORIENTED_EDGE ( 'NONE', *, *, #8946, .T. ) ;
#6287 = DIRECTION ( 'NONE',  ( 0.0000000000000000000, -1.000000000000000000, 0.0000000000000000000 ) ) ;
#6288 = DIRECTION ( 'NONE',  ( -0.0000000000000000000, -0.0000000000000000000, -1.000000000000000000 ) ) ;
#6289 = CARTESIAN_POINT ( 'NONE',  ( -1.486220170602159829, 0.6685689889898128735, 7.700000000000002842 ) ) ;
#6290 =( NAMED_UNIT ( * ) PLANE_ANGLE_UNIT ( ) SI_UNIT ( $, .RADIAN. ) );
#6291 = FILL_AREA_STYLE_COLOUR ( '', #10568 ) ;
#6292 = CARTESIAN_POINT ( 'NONE',  ( -1.087557420516656936, 0.8826569446640762928, 7.699999999999998401 ) ) ;
#6293 = ORIENTED_EDGE ( 'NONE', *, *, #10533, .F. ) ;
#6294 = SURFACE_STYLE_USAGE ( .BOTH. , #5372 ) ;
#6295 = CARTESIAN_POINT ( 'NONE',  ( 1.284816050689753686, 0.09467661219367830283, 7.700999999999999623 ) ) ;
#6296 = CARTESIAN_POINT ( 'NONE',  ( 2.121589323497139468, 0.8280726953880822583, 7.701000000000000512 ) ) ;
#6297 = CARTESIAN_POINT ( 'NONE',  ( -0.3948728784741775133, -0.1462824007345643051, 7.699999999999998401 ) ) ;
#6298 = DIRECTION ( 'NONE',  ( 0.0000000000000000000, -1.000000000000000000, 0.0000000000000000000 ) ) ;
#6299 = CARTESIAN_POINT ( 'NONE',  ( 1.855816306464177057, -1.014347014972642791, 7.701000000000001400 ) ) ;
#6300 =( NAMED_UNIT ( * ) PLANE_ANGLE_UNIT ( ) SI_UNIT ( $, .RADIAN. ) );
#6301 = CARTESIAN_POINT ( 'NONE',  ( 1.587890945854977254, -1.129313119628636120, 7.699999999999999289 ) ) ;
#6302 = ORIENTED_EDGE ( 'NONE', *, *, #818, .T. ) ;
#6303 = SURFACE_STYLE_FILL_AREA ( #3154 ) ;
#6304 =( LENGTH_UNIT ( ) NAMED_UNIT ( * ) SI_UNIT ( .MILLI., .METRE. ) );
#6305 = CARTESIAN_POINT ( 'NONE',  ( 1.167139144490196179, -1.506092673193603515, 7.700000000000000178 ) ) ;
#6306 = DIRECTION ( 'NONE',  ( 1.714635274194802381E-16, -1.000000000000000000, 0.0000000000000000000 ) ) ;
#6307 = VECTOR ( 'NONE', #8361, 1000.000000000000000 ) ;
#6308 =( GEOMETRIC_REPRESENTATION_CONTEXT ( 3 ) GLOBAL_UNCERTAINTY_ASSIGNED_CONTEXT ( ( #8818 ) ) GLOBAL_UNIT_ASSIGNED_CONTEXT ( ( #2618, #1018, #8998 ) ) REPRESENTATION_CONTEXT ( 'NONE', 'WORKASPACE' ) );
#6309 = ORIENTED_EDGE ( 'NONE', *, *, #8953, .T. ) ;
#6310 = DIRECTION ( 'NONE',  ( -1.224646799147353207E-16, 1.000000000000000000, -1.496020254719664150E-32 ) ) ;
#6311 = CARTESIAN_POINT ( 'NONE',  ( 2.149927442264945476, -1.362938863479932650, 7.701000000000000512 ) ) ;
#6312 = CARTESIAN_POINT ( 'NONE',  ( 1.568996007524917413, 0.1266726085839973981, 7.700000000000001954 ) ) ;
#6313 = CARTESIAN_POINT ( 'NONE',  ( 0.4626877337693144909, -0.3692444698526123337, 7.701000000000000512 ) ) ;
#6314 =( LENGTH_UNIT ( ) NAMED_UNIT ( * ) SI_UNIT ( .MILLI., .METRE. ) );
#6315 = CIRCLE ( 'NONE', #3348, 0.4500000000000000111 ) ;
#6316 = FILL_AREA_STYLE ('',( #4201 ) ) ;
#6317 = CARTESIAN_POINT ( 'NONE',  ( 0.2415420890288981215, 0.5794692383921146162, 7.700999999999998735 ) ) ;
#6318 = CARTESIAN_POINT ( 'NONE',  ( 2.168404344971008868E-14, 2.168404344971008868E-14, 1.000000000000000000 ) ) ;
#6319 = EDGE_LOOP ( 'NONE', ( #2060, #5004, #8700, #3805 ) ) ;
#6320 = PRESENTATION_LAYER_ASSIGNMENT (  '', '', ( #10076 ) ) ;
#6321 = PRESENTATION_STYLE_ASSIGNMENT (( #9411 ) ) ;
#6322 = CARTESIAN_POINT ( 'NONE',  ( 1.624456660631876659, -1.596354154760114108, 7.700999999999998735 ) ) ;
#6323 = FILL_AREA_STYLE_COLOUR ( '', #3050 ) ;
#6324 = SURFACE_STYLE_FILL_AREA ( #3340 ) ;
#6325 = SURFACE_STYLE_FILL_AREA ( #9581 ) ;
#6326 = CARTESIAN_POINT ( 'NONE',  ( -0.1600384243524445305, -0.3967638176302421549, 7.701000000000000512 ) ) ;
#6327 = PRESENTATION_STYLE_ASSIGNMENT (( #1441 ) ) ;
#6328 = FILL_AREA_STYLE ('',( #3721 ) ) ;
#6329 = ORIENTED_EDGE ( 'NONE', *, *, #5281, .T. ) ;
#6330 = DIRECTION ( 'NONE',  ( -1.000000000000000000, 0.0000000000000000000, 0.0000000000000000000 ) ) ;
#6331 = VECTOR ( 'NONE', #9474, 1000.000000000000000 ) ;
#6332 = STYLED_ITEM ( 'NONE', ( #3914 ), #9399 ) ;
#6333 = VECTOR ( 'NONE', #5854, 1000.000000000000000 ) ;
#6334 = CARTESIAN_POINT ( 'NONE',  ( 1.587890945854977254, -1.129313119628636120, 7.701000000000000512 ) ) ;
#6335 = VECTOR ( 'NONE', #3771, 1000.000000000000000 ) ;
#6336 = ORIENTED_EDGE ( 'NONE', *, *, #4632, .T. ) ;
#6337 = UNCERTAINTY_MEASURE_WITH_UNIT (LENGTH_MEASURE( 1.000000000000000082E-05 ), #5714, 'distance_accuracy_value', 'NONE');
#6338 = ORIENTED_EDGE ( 'NONE', *, *, #450, .T. ) ;
#6339 = EDGE_CURVE ( 'NONE', #6680, #4033, #9822, .T. ) ;
#6340 = MECHANICAL_DESIGN_GEOMETRIC_PRESENTATION_REPRESENTATION (  '', ( #5304 ), #1688 ) ;
#6341 = CARTESIAN_POINT ( 'NONE',  ( 2.140828924186927384, -1.446523977661236415, 7.699999999999999289 ) ) ;
#6342 = CARTESIAN_POINT ( 'NONE',  ( -1.021582549564003850, 0.6664470775986935935, 7.699999999999999289 ) ) ;
#6343 = CARTESIAN_POINT ( 'NONE',  ( 0.04647161436715990801, 0.1833488461196098873, 7.701000000000000512 ) ) ;
#6344 =( NAMED_UNIT ( * ) PLANE_ANGLE_UNIT ( ) SI_UNIT ( $, .RADIAN. ) );
#6345 = CARTESIAN_POINT ( 'NONE',  ( -1.125029010493654447, 0.7781491633441472988, 7.701000000000000512 ) ) ;
#6346 = ADVANCED_FACE ( 'NONE', ( #1658 ), #4914, .T. ) ;
#6347 = COLOUR_RGB ( '',0.0000000000000000000, 0.0000000000000000000, 0.0000000000000000000 ) ;
#6348 = ORIENTED_EDGE ( 'NONE', *, *, #569, .T. ) ;
#6349 = CARTESIAN_POINT ( 'NONE',  ( -2.073461490767437354, 0.4171699732548914130, 7.700000000000000178 ) ) ;
#6350 = CARTESIAN_POINT ( 'NONE',  ( 1.970852870559638204, -1.506092673193603293, 7.700999999999999623 ) ) ;
#6351 = CARTESIAN_POINT ( 'NONE',  ( 1.991284624883559173, 0.01719227189220833008, 7.701000000000002288 ) ) ;
#6352 = AXIS2_PLACEMENT_3D ( 'NONE', #1473, #1310, #10495 ) ;
#6353 = DIRECTION ( 'NONE',  ( -1.000000000000000000, 0.0000000000000000000, 0.0000000000000000000 ) ) ;
#6354 = DIRECTION ( 'NONE',  ( 0.0000000000000000000, 0.0000000000000000000, -1.000000000000000000 ) ) ;
#6355 = COLOUR_RGB ( '',0.0000000000000000000, 0.0000000000000000000, 0.0000000000000000000 ) ;
#6356 = PLANE ( 'NONE',  #713 ) ;
#6357 = AXIS2_PLACEMENT_3D ( 'NONE', #7611, #1831, #3321 ) ;
#6358 = UNCERTAINTY_MEASURE_WITH_UNIT (LENGTH_MEASURE( 1.000000000000000082E-05 ), #5566, 'distance_accuracy_value', 'NONE');
#6359 = PRESENTATION_LAYER_ASSIGNMENT (  '', '', ( #7046 ) ) ;
#6360 = EDGE_CURVE ( 'NONE', #1644, #10208, #8184, .T. ) ;
#6361 = CARTESIAN_POINT ( 'NONE',  ( 1.948810933324093275, -1.054600471518734262, 7.699999999999999289 ) ) ;
#6362 = ADVANCED_FACE ( 'NONE', ( #7407 ), #7909, .T. ) ;
#6363 =( NAMED_UNIT ( * ) SI_UNIT ( $, .STERADIAN. ) SOLID_ANGLE_UNIT ( ) );
#6364 = SURFACE_STYLE_USAGE ( .BOTH. , #3055 ) ;
#6365 = ORIENTED_EDGE ( 'NONE', *, *, #10469, .F. ) ;
#6366 = PLANE ( 'NONE',  #2880 ) ;
#6367 = CARTESIAN_POINT ( 'NONE',  ( 1.167288853372377311, 0.03622830616507979190, 7.700000000000002842 ) ) ;
#6368 =( NAMED_UNIT ( * ) PLANE_ANGLE_UNIT ( ) SI_UNIT ( $, .RADIAN. ) );
#6369 = DIRECTION ( 'NONE',  ( -0.0000000000000000000, -1.000000000000000000, 0.0000000000000000000 ) ) ;
#6370 =( NAMED_UNIT ( * ) PLANE_ANGLE_UNIT ( ) SI_UNIT ( $, .RADIAN. ) );
#6371 = PRESENTATION_LAYER_ASSIGNMENT (  '', '', ( #9597 ) ) ;
#6372 = VECTOR ( 'NONE', #6394, 1000.000000000000000 ) ;
#6373 = ORIENTED_EDGE ( 'NONE', *, *, #124, .T. ) ;
#6374 = CARTESIAN_POINT ( 'NONE',  ( -0.4000000000000000222, 3.649999999999999911, 0.2999999999999999889 ) ) ;
#6375 = UNCERTAINTY_MEASURE_WITH_UNIT (LENGTH_MEASURE( 1.000000000000000082E-05 ), #7614, 'distance_accuracy_value', 'NONE');
#6376 = LINE ( 'NONE', #10439, #9241 ) ;
#6377 = CARTESIAN_POINT ( 'NONE',  ( -0.5149773637200018017, 1.238975417521273270, 7.700000000000000178 ) ) ;
#6378 = AXIS2_PLACEMENT_3D ( 'NONE', #10504, #8891, #4711 ) ;
#6379 =( NAMED_UNIT ( * ) SI_UNIT ( $, .STERADIAN. ) SOLID_ANGLE_UNIT ( ) );
#6380 = LINE ( 'NONE', #2370, #10477 ) ;
#6381 =( NAMED_UNIT ( * ) SI_UNIT ( $, .STERADIAN. ) SOLID_ANGLE_UNIT ( ) );
#6382 = B_SPLINE_SURFACE_WITH_KNOTS ( 'NONE', 3, 1, ( 
 ( #8229, #887 ),
 ( #7493, #4902 ),
 ( #9877, #6531 ),
 ( #8170, #2531 ),
 ( #7330, #5823 ),
 ( #1526, #7285 ),
 ( #9079, #10547 ),
 ( #3165, #4186 ),
 ( #10589, #136 ),
 ( #4019, #9727 ),
 ( #4854, #3369 ),
 ( #8125, #787 ),
 ( #10034, #6895 ),
 ( #3650, #1936 ),
 ( #5980, #9131 ),
 ( #2752, #5066 ),
 ( #6949, #8504 ),
 ( #1774, #9187 ),
 ( #2693, #10206 ) ),
 .UNSPECIFIED., .F., .F., .F.,
 ( 4, 1, 1, 1, 1, 1, 1, 1, 1, 1, 1, 1, 1, 1, 1, 1, 4 ),
 ( 2, 2 ),
 ( 0.0000000000000000000, 0.08174603369975451395, 0.1597385063957908191, 0.2342922896709909719, 0.3054143073551747745, 0.3733848979576097626, 0.4393045808363635896, 0.5030070766869889631, 0.5649995301960173411, 0.6248102571092685187, 0.6812299267925188140, 0.7353630858793829272, 0.7880095149870924853, 0.8399144460163010528, 0.8917774838128331716, 0.9448677832497021090, 1.000000000000000000 ),
 ( 0.0000000000000000000, 1.000000000000000000 ),
 .UNSPECIFIED. ) ;
#6383 = CARTESIAN_POINT ( 'NONE',  ( 8.673617379884035472E-16, 0.0000000000000000000, 0.6999999999999999556 ) ) ;
#6384 = COLOUR_RGB ( '',0.0000000000000000000, 0.0000000000000000000, 0.0000000000000000000 ) ;
#6385 = CARTESIAN_POINT ( 'NONE',  ( 1.624446146010954273, 0.1261920998477567835, 7.700000000000002842 ) ) ;
#6386 = FILL_AREA_STYLE_COLOUR ( '', #9749 ) ;
#6387 = VERTEX_POINT ( 'NONE', #7667 ) ;
#6388 = STYLED_ITEM ( 'NONE', ( #1818 ), #9485 ) ;
#6389 = CIRCLE ( 'NONE', #10133, 0.3499999999999996447 ) ;
#6390 = CARTESIAN_POINT ( 'NONE',  ( 1.147736760421516511, -1.646826105296480547, 7.700999999999999623 ) ) ;
#6391 = CARTESIAN_POINT ( 'NONE',  ( -1.256748052217145695, 0.7147202203168572243, 7.700000000000000178 ) ) ;
#6392 = CARTESIAN_POINT ( 'NONE',  ( -0.3758463523280670682, 1.052063152668909485, 7.701000000000001400 ) ) ;
#6393 =( NAMED_UNIT ( * ) SI_UNIT ( $, .STERADIAN. ) SOLID_ANGLE_UNIT ( ) );
#6394 = DIRECTION ( 'NONE',  ( -0.0000000000000000000, 1.000000000000000000, -0.0000000000000000000 ) ) ;
#6395 = COLOUR_RGB ( '',0.0000000000000000000, 0.0000000000000000000, 0.0000000000000000000 ) ;
#6396 = FILL_AREA_STYLE_COLOUR ( '', #10523 ) ;
#6397 = VERTEX_POINT ( 'NONE', #9255 ) ;
#6398 = VERTEX_POINT ( 'NONE', #8347 ) ;
#6399 = MECHANICAL_DESIGN_GEOMETRIC_PRESENTATION_REPRESENTATION (  '', ( #8445 ), #1744 ) ;
#6400 = CARTESIAN_POINT ( 'NONE',  ( 1.990474641255004284, -1.646823644559080480, 7.699999999999999289 ) ) ;
#6401 = DIRECTION ( 'NONE',  ( 1.000000000000000000, 3.250374050297393521E-15, -0.0000000000000000000 ) ) ;
#6402 = CARTESIAN_POINT ( 'NONE',  ( -1.235888763083947239, 0.7150402297113457317, 7.701000000000001400 ) ) ;
#6403 = ORIENTED_EDGE ( 'NONE', *, *, #909, .F. ) ;
#6404 =( NAMED_UNIT ( * ) SI_UNIT ( $, .STERADIAN. ) SOLID_ANGLE_UNIT ( ) );
#6405 = LINE ( 'NONE', #9655, #1264 ) ;
#6406 = CARTESIAN_POINT ( 'NONE',  ( 1.250069111952158307, 0.08270676498615642247, 7.701000000000001400 ) ) ;
#6407 = EDGE_CURVE ( 'NONE', #3699, #2738, #2653, .T. ) ;
#6408 = AXIS2_PLACEMENT_3D ( 'NONE', #2754, #8667, #2043 ) ;
#6409 = CARTESIAN_POINT ( 'NONE',  ( 0.3784194064337771390, 0.5783983925295484996, 7.700000000000000178 ) ) ;
#6410 = CARTESIAN_POINT ( 'NONE',  ( -0.5210752786443944018, -0.1610552418542463005, 7.700000000000001954 ) ) ;
#6411 = SURFACE_SIDE_STYLE ('',( #9660 ) ) ;
#6412 = SURFACE_STYLE_FILL_AREA ( #2406 ) ;
#6413 = VECTOR ( 'NONE', #8342, 1000.000000000000000 ) ;
#6414 = CARTESIAN_POINT ( 'NONE',  ( 0.09482066273686690083, 0.6488593148530389376, 7.700000000000004619 ) ) ;
#6415 = VERTEX_POINT ( 'NONE', #5888 ) ;
#6416 = FILL_AREA_STYLE_COLOUR ( '', #3372 ) ;
#6417 = CARTESIAN_POINT ( 'NONE',  ( -0.04221734278113675048, 0.7849962472461479157, 7.701000000000000512 ) ) ;
#6418 = CARTESIAN_POINT ( 'NONE',  ( 1.117116516623060773, -0.02711323733051311871, 7.700999999999998735 ) ) ;
#6419 = EDGE_CURVE ( 'NONE', #9645, #80, #4382, .T. ) ;
#6420 = LINE ( 'NONE', #8114, #8375 ) ;
#6421 = STYLED_ITEM ( 'NONE', ( #10121 ), #3747 ) ;
#6422 = ORIENTED_EDGE ( 'NONE', *, *, #1915, .T. ) ;
#6423 = B_SPLINE_CURVE_WITH_KNOTS ( 'NONE', 3,
 ( #6010, #9267, #10128, #493, #3623, #2012, #5951, #4377, #9417, #1853, #3571, #6114, #4323, #4491, #10222, #9365, #5147, #1276, #2781 ),
 .UNSPECIFIED., .F., .F.,
 ( 4, 1, 1, 1, 1, 1, 1, 1, 1, 1, 1, 1, 1, 1, 1, 1, 4 ),
 ( 0.0000000000000000000, 0.04879277686187697555, 0.09542715896032288869, 0.1408030455766614009, 0.1857752127065762371, 0.2315891864624200491, 0.2794867717830586407, 0.3298631687827399683, 0.3840370720222979206, 0.4422896088069718790, 0.5054548246977788040, 0.5735598446335263834, 0.6472034492519678217, 0.7263491921920585126, 0.8115303437582849222, 0.9025925981081204252, 1.000000000000000000 ),
 .UNSPECIFIED. ) ;
#6424 = FILL_AREA_STYLE ('',( #4847 ) ) ;
#6425 = DIRECTION ( 'NONE',  ( 0.0000000000000000000, -0.0000000000000000000, -1.000000000000000000 ) ) ;
#6426 = MECHANICAL_DESIGN_GEOMETRIC_PRESENTATION_REPRESENTATION (  '', ( #9311 ), #6074 ) ;
#6427 = VECTOR ( 'NONE', #2172, 1000.000000000000000 ) ;
#6428 = CARTESIAN_POINT ( 'NONE',  ( 1.218754814184914492, 0.06929291314299104720, 7.700000000000000178 ) ) ;
#6429 = CARTESIAN_POINT ( 'NONE',  ( 0.9971591472945752210, -1.446526565472309400, 7.701000000000002288 ) ) ;
#6430 = FILL_AREA_STYLE_COLOUR ( '', #8907 ) ;
#6431 = CARTESIAN_POINT ( 'NONE',  ( -1.863582298643372326, -0.1502882240607342212, 7.701000000000000512 ) ) ;
#6432 = SURFACE_SIDE_STYLE ('',( #689 ) ) ;
#6433 = MECHANICAL_DESIGN_GEOMETRIC_PRESENTATION_REPRESENTATION (  '', ( #3140 ), #7629 ) ;
#6434 = ORIENTED_EDGE ( 'NONE', *, *, #6872, .F. ) ;
#6435 = CARTESIAN_POINT ( 'NONE',  ( 1.990263387852894361, 0.1763450374347547422, 7.701000000000000512 ) ) ;
#6436 = CARTESIAN_POINT ( 'NONE',  ( 1.631805812733147842, 0.2814499733107447832, 7.701000000000002288 ) ) ;
#6437 = PRESENTATION_STYLE_ASSIGNMENT (( #5574 ) ) ;
#6438 =( NAMED_UNIT ( * ) SI_UNIT ( $, .STERADIAN. ) SOLID_ANGLE_UNIT ( ) );
#6439 = CARTESIAN_POINT ( 'NONE',  ( 2.110759876910601740, -0.2664176521322563218, 7.701000000000002288 ) ) ;
#6440 = MECHANICAL_DESIGN_GEOMETRIC_PRESENTATION_REPRESENTATION (  '', ( #4528 ), #1619 ) ;
#6441 = CARTESIAN_POINT ( 'NONE',  ( 1.624446146010954273, -1.129629892381772027, 7.701000000000003176 ) ) ;
#6442 = ORIENTED_EDGE ( 'NONE', *, *, #7132, .T. ) ;
#6443 = ORIENTED_EDGE ( 'NONE', *, *, #8499, .T. ) ;
#6444 = CARTESIAN_POINT ( 'NONE',  ( -3.149999999999999911, 0.0000000000000000000, 0.6999999999999995115 ) ) ;
#6445 = CARTESIAN_POINT ( 'NONE',  ( -0.9951677543757254663, 0.7186018340115548630, 7.699999999999996625 ) ) ;
#6446 = ORIENTED_EDGE ( 'NONE', *, *, #4197, .T. ) ;
#6447 = CARTESIAN_POINT ( 'NONE',  ( 1.948810933324093275, -1.054600471518734262, 7.699999999999999289 ) ) ;
#6448 = DIRECTION ( 'NONE',  ( 0.0000000000000000000, -0.0000000000000000000, 1.000000000000000000 ) ) ;
#6449 = CARTESIAN_POINT ( 'NONE',  ( 1.550101069194856906, 0.1265088726008923303, 7.701000000000001400 ) ) ;
#6450 = CARTESIAN_POINT ( 'NONE',  ( 0.4647347760691219465, 0.6093466540582320734, 7.700000000000003730 ) ) ;
#6451 = CARTESIAN_POINT ( 'NONE',  ( -0.5312568370516178584, -0.1224709671476199024, 7.700999999999999623 ) ) ;
#6452 = UNCERTAINTY_MEASURE_WITH_UNIT (LENGTH_MEASURE( 1.000000000000000082E-05 ), #3294, 'distance_accuracy_value', 'NONE');
#6453 = CARTESIAN_POINT ( 'NONE',  ( 1.804618295758527724, -0.9992071872707958269, 7.701000000000000512 ) ) ;
#6454 = LINE ( 'NONE', #3903, #2094 ) ;
#6455 = EDGE_CURVE ( 'NONE', #10158, #5310, #1111, .T. ) ;
#6456 = CARTESIAN_POINT ( 'NONE',  ( -0.5149773637200018017, -1.318660552905235317, 7.701000000000000512 ) ) ;
#6457 = EDGE_LOOP ( 'NONE', ( #8177, #6953, #3880, #2064 ) ) ;
#6458 = CYLINDRICAL_SURFACE ( 'NONE', #4826, 3.299999999999999822 ) ;
#6459 =( NAMED_UNIT ( * ) PLANE_ANGLE_UNIT ( ) SI_UNIT ( $, .RADIAN. ) );
#6460 = CARTESIAN_POINT ( 'NONE',  ( 1.147736760421516511, -1.646826105296480547, 7.699999999999999289 ) ) ;
#6461 = LINE ( 'NONE', #9556, #7774 ) ;
#6462 = CARTESIAN_POINT ( 'NONE',  ( 0.9893386402676717095, -1.320560356732233709, 7.699999999999997513 ) ) ;
#6463 = PRESENTATION_STYLE_ASSIGNMENT (( #3157 ) ) ;
#6464 = ORIENTED_EDGE ( 'NONE', *, *, #6556, .F. ) ;
#6465 =( NAMED_UNIT ( * ) SI_UNIT ( $, .STERADIAN. ) SOLID_ANGLE_UNIT ( ) );
#6466 = UNCERTAINTY_MEASURE_WITH_UNIT (LENGTH_MEASURE( 1.000000000000000082E-05 ), #4120, 'distance_accuracy_value', 'NONE');
#6467 = ADVANCED_FACE ( 'NONE', ( #3507 ), #4365, .T. ) ;
#6468 = EDGE_CURVE ( 'NONE', #5758, #5802, #9881, .T. ) ;
#6469 = DIRECTION ( 'NONE',  ( -1.000000000000000000, -1.224646799147353207E-16, 0.0000000000000000000 ) ) ;
#6470 = SURFACE_SIDE_STYLE ('',( #9874 ) ) ;
#6471 = VERTEX_POINT ( 'NONE', #7822 ) ;
#6472 = CARTESIAN_POINT ( 'NONE',  ( 0.0000000000000000000, 0.0000000000000000000, 7.500000000000000888 ) ) ;
#6473 = DIRECTION ( 'NONE',  ( 1.221593242852756957E-16, -0.0000000000000000000, -1.000000000000000000 ) ) ;
#6474 = CARTESIAN_POINT ( 'NONE',  ( -0.4294316694390507561, 0.006709158368925450741, 7.699999999999999289 ) ) ;
#6475 = EDGE_CURVE ( 'NONE', #8428, #9643, #2102, .T. ) ;
#6476 = PLANE ( 'NONE',  #4771 ) ;
#6477 = CARTESIAN_POINT ( 'NONE',  ( 0.001269177717906747960, 0.7368384892911490347, 7.700000000000002842 ) ) ;
#6478 = CARTESIAN_POINT ( 'NONE',  ( 0.9971684801081069915, -0.02375504491210921748, 7.701000000000005841 ) ) ;
#6479 = ORIENTED_EDGE ( 'NONE', *, *, #9677, .F. ) ;
#6480 = CARTESIAN_POINT ( 'NONE',  ( 2.140828924186927829, -0.1907019854317080210, 7.701000000000001400 ) ) ;
#6481 = ADVANCED_FACE ( 'NONE', ( #1209 ), #534, .F. ) ;
#6482 = ADVANCED_FACE ( 'NONE', ( #4581 ), #717, .T. ) ;
#6483 = CARTESIAN_POINT ( 'NONE',  ( -0.5149773637200018017, -1.466107327118977510, 7.701000000000000512 ) ) ;
#6484 = VECTOR ( 'NONE', #8757, 1000.000000000000000 ) ;
#6485 = AXIS2_PLACEMENT_3D ( 'NONE', #1024, #8695, #3730 ) ;
#6486 = AXIS2_PLACEMENT_3D ( 'NONE', #2843, #7454, #261 ) ;
#6487 = CARTESIAN_POINT ( 'NONE',  ( 0.4983176595261104569, 0.8714472999924398611, 7.701000000000001400 ) ) ;
#6488 = CARTESIAN_POINT ( 'NONE',  ( 1.990474641255004284, -0.3910016523295526958, 7.699999999999999289 ) ) ;
#6489 = DIRECTION ( 'NONE',  ( 0.0000000000000000000, 0.0000000000000000000, 1.000000000000000000 ) ) ;
#6490 = CARTESIAN_POINT ( 'NONE',  ( -0.2012655332982714596, -0.3975825886204186199, 7.701000000000000512 ) ) ;
#6491 = STYLED_ITEM ( 'NONE', ( #6864 ), #8948 ) ;
#6492 = ORIENTED_EDGE ( 'NONE', *, *, #4827, .F. ) ;
#6493 = ORIENTED_EDGE ( 'NONE', *, *, #3038, .F. ) ;
#6494 = CARTESIAN_POINT ( 'NONE',  ( 1.568996007524917191, -1.752587996537268822, 7.700000000000000178 ) ) ;
#6495 = DIRECTION ( 'NONE',  ( -0.0000000000000000000, -0.0000000000000000000, -1.000000000000000000 ) ) ;
#6496 = CARTESIAN_POINT ( 'NONE',  ( 1.726842327191958404, -0.3333031771441323787, 7.701000000000002288 ) ) ;
#6497 = SURFACE_STYLE_FILL_AREA ( #9047 ) ;
#6498 = VECTOR ( 'NONE', #2207, 1000.000000000000000 ) ;
#6499 = PRESENTATION_LAYER_ASSIGNMENT (  '', '', ( #5630 ) ) ;
#6500 = CARTESIAN_POINT ( 'NONE',  ( 0.9880645727848885729, -0.1071168712504043802, 7.700000000000000178 ) ) ;
#6501 = CLOSED_SHELL ( 'NONE', ( #6267, #8223, #9734, #2193, #5280, #9154, #6806, #5024, #3099, #7469, #4155, #9539, #8948, #1202, #4763, #2506, #1779, #10141, #9794, #8832, #1215, #3151, #3687, #3881, #8292, #6482, #185, #954, #829, #8490, #10582, #964, #9145, #8434, #8447, #10202, #7463, #6661, #9912, #8240, #3279, #2570, #5420, #1140, #2658, #7472, #5562, #10599, #7724, #8307, #385, #1157, #1545, #1790, #4833, #6086, #2364, #6735, #881, #4708, #7664, #369, #2450, #9343, #9921, #6481, #6124, #3635, #4960, #8040, #467, #5213, #2978, #5826, #1979, #10537, #5212, #7920, #10185 ) ) ;
#6502 = ORIENTED_EDGE ( 'NONE', *, *, #10140, .T. ) ;
#6503 =( NAMED_UNIT ( * ) PLANE_ANGLE_UNIT ( ) SI_UNIT ( $, .RADIAN. ) );
#6504 = SURFACE_STYLE_FILL_AREA ( #8954 ) ;
#6505 = DIRECTION ( 'NONE',  ( 1.000000000000000000, 0.0000000000000000000, 0.0000000000000000000 ) ) ;
#6506 = CARTESIAN_POINT ( 'NONE',  ( -0.2396311353450527037, -0.3965173793396219448, 7.700000000000000178 ) ) ;
#6507 = CARTESIAN_POINT ( 'NONE',  ( 0.1989865376443974432, 0.7514525804896976524, 7.700999999999999623 ) ) ;
#6508 = AXIS2_PLACEMENT_3D ( 'NONE', #5124, #2594, #8338 ) ;
#6509 = VECTOR ( 'NONE', #2086, 1000.000000000000114 ) ;
#6510 = CARTESIAN_POINT ( 'NONE',  ( 0.6185473869922488710, 0.9168507080903502970, 7.701000000000000512 ) ) ;
#6511 = VECTOR ( 'NONE', #7824, 1000.000000000000000 ) ;
#6512 =( NAMED_UNIT ( * ) PLANE_ANGLE_UNIT ( ) SI_UNIT ( $, .RADIAN. ) );
#6513 = VERTEX_POINT ( 'NONE', #5287 ) ;
#6514 = CARTESIAN_POINT ( 'NONE',  ( 1.814645377841686003, -1.151314767247126225, 7.700000000000001066 ) ) ;
#6515 = VECTOR ( 'NONE', #2211, 1000.000000000000000 ) ;
#6516 = CARTESIAN_POINT ( 'NONE',  ( 1.547733783116913564, -1.752222248734398136, 7.699999999999999289 ) ) ;
#6517 = AXIS2_PLACEMENT_3D ( 'NONE', #9939, #6844, #6637 ) ;
#6518 = CARTESIAN_POINT ( 'NONE',  ( -0.5429554587489225925, 0.02233866815859988919, 7.700000000000001066 ) ) ;
#6519 = SURFACE_STYLE_USAGE ( .BOTH. , #1514 ) ;
#6520 =( LENGTH_UNIT ( ) NAMED_UNIT ( * ) SI_UNIT ( .MILLI., .METRE. ) );
#6521 = VECTOR ( 'NONE', #989, 1000.000000000000114 ) ;
#6522 =( NAMED_UNIT ( * ) PLANE_ANGLE_UNIT ( ) SI_UNIT ( $, .RADIAN. ) );
#6523 = ORIENTED_EDGE ( 'NONE', *, *, #171, .F. ) ;
#6524 = VECTOR ( 'NONE', #10383, 1000.000000000000114 ) ;
#6525 = SURFACE_STYLE_FILL_AREA ( #6228 ) ;
#6526 = AXIS2_PLACEMENT_3D ( 'NONE', #620, #6505, #1607 ) ;
#6527 = DIRECTION ( 'NONE',  ( -1.000000000000000000, 0.0000000000000000000, 0.0000000000000000000 ) ) ;
#6528 = ORIENTED_EDGE ( 'NONE', *, *, #7785, .T. ) ;
#6529 = CARTESIAN_POINT ( 'NONE',  ( 1.108089359789987460, -0.05205284159554314505, 7.700000000000000178 ) ) ;
#6530 = CARTESIAN_POINT ( 'NONE',  ( 1.282125838424072795, -1.711835829564932077, 7.701000000000000512 ) ) ;
#6531 = CARTESIAN_POINT ( 'NONE',  ( 1.506185639239239649, -0.4956855550679459821, 7.700000000000001066 ) ) ;
#6532 = ORIENTED_EDGE ( 'NONE', *, *, #2390, .F. ) ;
#6533 = CARTESIAN_POINT ( 'NONE',  ( 0.4269390635371449472, 1.197855234520039058, 7.701000000000002288 ) ) ;
#6534 =( NAMED_UNIT ( * ) PLANE_ANGLE_UNIT ( ) SI_UNIT ( $, .RADIAN. ) );
#6535 =( GEOMETRIC_REPRESENTATION_CONTEXT ( 3 ) GLOBAL_UNCERTAINTY_ASSIGNED_CONTEXT ( ( #4384 ) ) GLOBAL_UNIT_ASSIGNED_CONTEXT ( ( #4464, #3541, #3435 ) ) REPRESENTATION_CONTEXT ( 'NONE', 'WORKASPACE' ) );
#6536 = PRESENTATION_STYLE_ASSIGNMENT (( #1529 ) ) ;
#6537 = PRESENTATION_LAYER_ASSIGNMENT (  '', '', ( #2221 ) ) ;
#6538 = CARTESIAN_POINT ( 'NONE',  ( 2.020875498426772943, -0.02711323733051318810, 7.700000000000000178 ) ) ;
#6539 = EDGE_CURVE ( 'NONE', #1844, #1968, #5511, .T. ) ;
#6540 = CARTESIAN_POINT ( 'NONE',  ( 1.568996007524917191, -0.9732897304225965884, 7.699999999999999289 ) ) ;
#6541 = STYLED_ITEM ( 'NONE', ( #9866 ), #6278 ) ;
#6542 = VERTEX_POINT ( 'NONE', #8169 ) ;
#6543 = COLOUR_RGB ( '',1.000000000000000000, 1.000000000000000000, 1.000000000000000000 ) ;
#6545 = CARTESIAN_POINT ( 'NONE',  ( 1.631805812733147842, 0.2814499733107447832, 7.700000000000001066 ) ) ;
#6544 = STYLED_ITEM ( 'NONE', ( #1593 ), #9812 ) ;
#6546 = CARTESIAN_POINT ( 'NONE',  ( -0.2459123011236401257, 0.9901534577105863821, 7.699999999999998401 ) ) ;
#6547 = SURFACE_STYLE_FILL_AREA ( #5723 ) ;
#6548 = FACE_OUTER_BOUND ( 'NONE', #5463, .T. ) ;
#6549 = SURFACE_SIDE_STYLE ('',( #10605 ) ) ;
#6550 = CARTESIAN_POINT ( 'NONE',  ( -0.04535027204931735972, -0.1925201198973792993, 7.701000000000001400 ) ) ;
#6551 = CARTESIAN_POINT ( 'NONE',  ( 3.150000000000001688, 3.857637417314163675E-16, 0.7000000000000003997 ) ) ;
#6552 = CARTESIAN_POINT ( 'NONE',  ( -0.2766637301760838663, -0.3916343455583075062, 7.701000000000000512 ) ) ;
#6553 = EDGE_CURVE ( 'NONE', #5720, #578, #6380, .T. ) ;
#6554 = AXIS2_PLACEMENT_3D ( 'NONE', #7360, #2666, #2558 ) ;
#6555 = VECTOR ( 'NONE', #4696, 1000.000000000000000 ) ;
#6556 = EDGE_CURVE ( 'NONE', #7289, #2912, #1564, .T. ) ;
#6557 = ORIENTED_EDGE ( 'NONE', *, *, #8778, .T. ) ;
#6558 = EDGE_LOOP ( 'NONE', ( #1954, #5587, #10153, #6610 ) ) ;
#6559 = LINE ( 'NONE', #7150, #9218 ) ;
#6560 = CARTESIAN_POINT ( 'NONE',  ( -3.299999999999999822, 3.199999999999999289, 1.599999999999999867 ) ) ;
#6561 = PRESENTATION_LAYER_ASSIGNMENT (  '', '', ( #4481 ) ) ;
#6562 = CARTESIAN_POINT ( 'NONE',  ( 1.323303463200618202, -0.3188315724877765489, 7.700999999999998735 ) ) ;
#6563 = DIRECTION ( 'NONE',  ( 1.000000000000000000, 0.0000000000000000000, 0.0000000000000000000 ) ) ;
#6564 = ORIENTED_EDGE ( 'NONE', *, *, #8378, .T. ) ;
#6565 = PRESENTATION_STYLE_ASSIGNMENT (( #918 ) ) ;
#6566 = SURFACE_STYLE_FILL_AREA ( #3243 ) ;
#6567 = DIRECTION ( 'NONE',  ( 1.221593242852756957E-16, -0.0000000000000000000, -1.000000000000000000 ) ) ;
#6568 = CARTESIAN_POINT ( 'NONE',  ( 1.568996007524917191, -1.129149383645531080, 7.701000000000000512 ) ) ;
#6569 = UNCERTAINTY_MEASURE_WITH_UNIT (LENGTH_MEASURE( 1.000000000000000082E-05 ), #6266, 'distance_accuracy_value', 'NONE');
#6570 = CIRCLE ( 'NONE', #1907, 0.2000000000000000944 ) ;
#6571 = CARTESIAN_POINT ( 'NONE',  ( 0.6185473869922488710, 0.9168507080903502970, 7.700000000000000178 ) ) ;
#6572 = SURFACE_SIDE_STYLE ('',( #4113 ) ) ;
#6573 = ORIENTED_EDGE ( 'NONE', *, *, #6025, .F. ) ;
#6574 = CARTESIAN_POINT ( 'NONE',  ( 1.411149687857875756, -1.589125169373660329, 7.700999999999998735 ) ) ;
#6575 = CARTESIAN_POINT ( 'NONE',  ( -0.02485285025049822905, 0.7649803476242902356, 7.701000000000000512 ) ) ;
#6576 = CARTESIAN_POINT ( 'NONE',  ( -0.5149773637200018017, 0.1975179055035130304, 7.700000000000000178 ) ) ;
#6577 = CARTESIAN_POINT ( 'NONE',  ( 1.568996007524917191, -1.129149383645531080, 7.700000000000000178 ) ) ;
#6578 = CARTESIAN_POINT ( 'NONE',  ( 1.218793774962094734, -0.2830516174000021201, 7.700999999999999623 ) ) ;
#6579 = ORIENTED_EDGE ( 'NONE', *, *, #5346, .T. ) ;
#6580 = STYLED_ITEM ( 'NONE', ( #6321 ), #3279 ) ;
#6581 = AXIS2_PLACEMENT_3D ( 'NONE', #8295, #3604, #949 ) ;
#6582 = PRESENTATION_STYLE_ASSIGNMENT (( #24 ) ) ;
#6583 = UNCERTAINTY_MEASURE_WITH_UNIT (LENGTH_MEASURE( 1.000000000000000082E-05 ), #2564, 'distance_accuracy_value', 'NONE');
#6584 =( NAMED_UNIT ( * ) SI_UNIT ( $, .STERADIAN. ) SOLID_ANGLE_UNIT ( ) );
#6585 = CARTESIAN_POINT ( 'NONE',  ( -0.3939838613528476308, 0.1796888904747623028, 7.700999999999999623 ) ) ;
#6586 = ORIENTED_EDGE ( 'NONE', *, *, #5490, .T. ) ;
#6587 = DIRECTION ( 'NONE',  ( 0.0000000000000000000, 0.0000000000000000000, 1.000000000000000000 ) ) ;
#6588 = SURFACE_STYLE_USAGE ( .BOTH. , #740 ) ;
#6589 = CARTESIAN_POINT ( 'NONE',  ( 0.07290821202867840689, 0.6669953930368139883, 7.699999999999998401 ) ) ;
#6590 = DIRECTION ( 'NONE',  ( 9.856383386231860060E-17, 1.000000000000000000, 0.0000000000000000000 ) ) ;
#6591 = ORIENTED_EDGE ( 'NONE', *, *, #8693, .T. ) ;
#6592 = CARTESIAN_POINT ( 'NONE',  ( 2.087959423594328179, 0.08633012092532101056, 7.700999999999999623 ) ) ;
#6593 = COLOUR_RGB ( '',0.0000000000000000000, 0.0000000000000000000, 0.0000000000000000000 ) ;
#6594 = CARTESIAN_POINT ( 'NONE',  ( 1.904006536338552102, 0.2232776910250738600, 7.701000000000000512 ) ) ;
#6595 = PRESENTATION_STYLE_ASSIGNMENT (( #847 ) ) ;
#6596 = EDGE_CURVE ( 'NONE', #1448, #3796, #4853, .T. ) ;
#6597 = SURFACE_STYLE_FILL_AREA ( #10045 ) ;
#6598 = DIRECTION ( 'NONE',  ( -1.000000000000000000, 0.0000000000000000000, 0.0000000000000000000 ) ) ;
#6599 = CARTESIAN_POINT ( 'NONE',  ( -0.1643603059220369034, -0.2410997512338700355, 7.701000000000000512 ) ) ;
#6600 = VECTOR ( 'NONE', #3092, 1000.000000000000000 ) ;
#6601 =( GEOMETRIC_REPRESENTATION_CONTEXT ( 3 ) GLOBAL_UNCERTAINTY_ASSIGNED_CONTEXT ( ( #364 ) ) GLOBAL_UNIT_ASSIGNED_CONTEXT ( ( #8470, #1006, #5297 ) ) REPRESENTATION_CONTEXT ( 'NONE', 'WORKASPACE' ) );
#6602 = ORIENTED_EDGE ( 'NONE', *, *, #36, .T. ) ;
#6603 =( NAMED_UNIT ( * ) SI_UNIT ( $, .STERADIAN. ) SOLID_ANGLE_UNIT ( ) );
#6604 = STYLED_ITEM ( 'NONE', ( #5877 ), #4708 ) ;
#6605 =( LENGTH_UNIT ( ) NAMED_UNIT ( * ) SI_UNIT ( .MILLI., .METRE. ) );
#6606 = EDGE_CURVE ( 'NONE', #2539, #4433, #7388, .T. ) ;
#6607 = CARTESIAN_POINT ( 'NONE',  ( 2.007782352269932069, -0.2096704607388427954, 7.699999999999996625 ) ) ;
#6608 = EDGE_CURVE ( 'NONE', #10412, #5678, #7742, .T. ) ;
#6609 = CARTESIAN_POINT ( 'NONE',  ( -0.3999999999999996891, 1.000000000000000000, 0.6999999999999999556 ) ) ;
#6610 = ORIENTED_EDGE ( 'NONE', *, *, #171, .T. ) ;
#6611 = EDGE_CURVE ( 'NONE', #5307, #1719, #4744, .T. ) ;
#6612 = DIRECTION ( 'NONE',  ( 0.0000000000000000000, 0.0000000000000000000, 1.000000000000000000 ) ) ;
#6613 = DIRECTION ( 'NONE',  ( -1.000000000000000000, -1.224646799147353207E-16, 0.0000000000000000000 ) ) ;
#6614 = CARTESIAN_POINT ( 'NONE',  ( -0.5380525597163668960, -0.08125455076332856186, 7.700000000000000178 ) ) ;
#6615 = ORIENTED_EDGE ( 'NONE', *, *, #9800, .F. ) ;
#6616 = CARTESIAN_POINT ( 'NONE',  ( -0.3482459886159894324, 1.221035840433292385, 7.700000000000000178 ) ) ;
#6617 = CARTESIAN_POINT ( 'NONE',  ( -0.4299630074165829985, -0.009925979538943811159, 7.700000000000000178 ) ) ;
#6618 = EDGE_CURVE ( 'NONE', #6397, #5381, #4697, .T. ) ;
#6619 =( NAMED_UNIT ( * ) SI_UNIT ( $, .STERADIAN. ) SOLID_ANGLE_UNIT ( ) );
#6620 = VERTEX_POINT ( 'NONE', #634 ) ;
#6621 = CARTESIAN_POINT ( 'NONE',  ( 1.460530245480272438, -1.593261426377926337, 7.701000000000003176 ) ) ;
#6622 = DIRECTION ( 'NONE',  ( 1.000000000000000000, 0.0000000000000000000, 0.0000000000000000000 ) ) ;
#6623 = CARTESIAN_POINT ( 'NONE',  ( 1.333373719291305992, -0.9992071872707957159, 7.699999999999999289 ) ) ;
#6624 = SURFACE_SIDE_STYLE ('',( #1034 ) ) ;
#6625 =( NAMED_UNIT ( * ) PLANE_ANGLE_UNIT ( ) SI_UNIT ( $, .RADIAN. ) );
#6626 = DIRECTION ( 'NONE',  ( 1.000000000000000000, 0.0000000000000000000, 0.0000000000000000000 ) ) ;
#6627 = CARTESIAN_POINT ( 'NONE',  ( 2.035690977191942697, -1.390508032624242274, 7.701000000000002288 ) ) ;
#6628 = LINE ( 'NONE', #7386, #387 ) ;
#6629 = SURFACE_STYLE_USAGE ( .BOTH. , #7440 ) ;
#6630 = PRESENTATION_STYLE_ASSIGNMENT (( #4128 ) ) ;
#6631 = LINE ( 'NONE', #1581, #8583 ) ;
#6632 = ORIENTED_EDGE ( 'NONE', *, *, #1793, .F. ) ;
#6633 = CARTESIAN_POINT ( 'NONE',  ( 3.299999999999998934, 3.199999999999999289, 0.6999999999999999556 ) ) ;
#6634 = CARTESIAN_POINT ( 'NONE',  ( -0.5000000000000000000, 3.299999999999999822, 0.2999999999999999889 ) ) ;
#6635 =( LENGTH_UNIT ( ) NAMED_UNIT ( * ) SI_UNIT ( .MILLI., .METRE. ) );
#6636 = CARTESIAN_POINT ( 'NONE',  ( 2.128453715729373030, -0.2296835259730823087, 7.699999999999999289 ) ) ;
#6637 = DIRECTION ( 'NONE',  ( 0.0000000000000000000, -0.0000000000000000000, -1.000000000000000000 ) ) ;
#6638 = ORIENTED_EDGE ( 'NONE', *, *, #6008, .F. ) ;
#6639 = CARTESIAN_POINT ( 'NONE',  ( -1.081627333894218168, -1.440868690091399840, 7.700000000000000178 ) ) ;
#6640 = CARTESIAN_POINT ( 'NONE',  ( -1.379782783005891300, 0.7442593099675818280, 7.701000000000002288 ) ) ;
#6641 = DIRECTION ( 'NONE',  ( -0.0000000000000000000, 1.000000000000000000, -0.0000000000000000000 ) ) ;
#6642 = CARTESIAN_POINT ( 'NONE',  ( 1.692823240631756487, -0.4908677889222521351, 7.700000000000002842 ) ) ;
#6643 = SURFACE_STYLE_FILL_AREA ( #1788 ) ;
#6644 = CARTESIAN_POINT ( 'NONE',  ( 0.3999999999999996891, 1.000000000000000000, 0.2999999999999999889 ) ) ;
#6645 = EDGE_LOOP ( 'NONE', ( #609, #6669, #10028, #9886, #6946, #6422 ) ) ;
#6646 = PRESENTATION_LAYER_ASSIGNMENT (  '', '', ( #1827 ) ) ;
#6647 = PRESENTATION_LAYER_ASSIGNMENT (  '', '', ( #10058 ) ) ;
#6648 = COLOUR_RGB ( '',0.0000000000000000000, 0.0000000000000000000, 0.0000000000000000000 ) ;
#6649 = CARTESIAN_POINT ( 'NONE',  ( 0.1989865376443974432, 0.7514525804896976524, 7.699999999999999289 ) ) ;
#6650 = CARTESIAN_POINT ( 'NONE',  ( -2.073461490767437354, -1.285009036868465460, 7.701000000000000512 ) ) ;
#6651 = FILL_AREA_STYLE_COLOUR ( '', #496 ) ;
#6652 = SURFACE_SIDE_STYLE ('',( #3237 ) ) ;
#6653 =( LENGTH_UNIT ( ) NAMED_UNIT ( * ) SI_UNIT ( .MILLI., .METRE. ) );
#6654 = EDGE_LOOP ( 'NONE', ( #10355, #7298, #837, #4994, #10265, #1173 ) ) ;
#6655 = CARTESIAN_POINT ( 'NONE',  ( 2.148653374782161674, -1.320560356732234153, 7.700000000000000178 ) ) ;
#6656 = VECTOR ( 'NONE', #6919, 1000.000000000000000 ) ;
#6657 = PRESENTATION_LAYER_ASSIGNMENT (  '', '', ( #2352 ) ) ;
#6658 = FILL_AREA_STYLE_COLOUR ( '', #7217 ) ;
#6659 = CARTESIAN_POINT ( 'NONE',  ( 2.950000000000001510, 3.612708057484692590E-16, 0.9000000000000005773 ) ) ;
#6660 =( NAMED_UNIT ( * ) SI_UNIT ( $, .STERADIAN. ) SOLID_ANGLE_UNIT ( ) );
#6661 = ADVANCED_FACE ( 'NONE', ( #3864 ), #7177, .T. ) ;
#6662 = LINE ( 'NONE', #9914, #5632 ) ;
#6663 = PRESENTATION_LAYER_ASSIGNMENT (  '', '', ( #512 ) ) ;
#6664 = VECTOR ( 'NONE', #6749, 1000.000000000000000 ) ;
#6665 = EDGE_CURVE ( 'NONE', #5802, #9139, #8399, .T. ) ;
#6666 = CARTESIAN_POINT ( 'NONE',  ( -0.2690064501277943387, -0.2335712237429101168, 7.699999999999997513 ) ) ;
#6667 = CLOSED_SHELL ( 'NONE', ( #6346, #7663, #638, #7850 ) ) ;
#6668 = CARTESIAN_POINT ( 'NONE',  ( 0.01636236317636576704, 0.8927190288271403817, 7.699999999999998401 ) ) ;
#6669 = ORIENTED_EDGE ( 'NONE', *, *, #3045, .F. ) ;
#6670 = CARTESIAN_POINT ( 'NONE',  ( 2.029902655259846256, -1.307874833825071414, 7.699999999999997513 ) ) ;
#6671 = CARTESIAN_POINT ( 'NONE',  ( 1.856253339702593985, -1.711881205112635973, 7.699999999999999289 ) ) ;
#6672 = LINE ( 'NONE', #8276, #3591 ) ;
#6673 = CARTESIAN_POINT ( 'NONE',  ( 2.149927442264945476, -1.362938863479932650, 7.701000000000000512 ) ) ;
#6674 = CARTESIAN_POINT ( 'NONE',  ( 1.365428970896007232, -0.3268051553459658809, 7.700000000000002842 ) ) ;
#6675 = CARTESIAN_POINT ( 'NONE',  ( -0.3171920930368596903, 1.031850727453690997, 7.700999999999999623 ) ) ;
#6676 = CIRCLE ( 'NONE', #3729, 2.949999999999999289 ) ;
#6677 =( GEOMETRIC_REPRESENTATION_CONTEXT ( 3 ) GLOBAL_UNCERTAINTY_ASSIGNED_CONTEXT ( ( #8071 ) ) GLOBAL_UNIT_ASSIGNED_CONTEXT ( ( #9177, #5003, #9923 ) ) REPRESENTATION_CONTEXT ( 'NONE', 'WORKASPACE' ) );
#6678 = EDGE_CURVE ( 'NONE', #1225, #6415, #247, .T. ) ;
#6679 = EDGE_CURVE ( 'NONE', #3085, #5928, #884, .T. ) ;
#6680 = VERTEX_POINT ( 'NONE', #6787 ) ;
#6681 = FILL_AREA_STYLE_COLOUR ( '', #596 ) ;
#6682 = UNCERTAINTY_MEASURE_WITH_UNIT (LENGTH_MEASURE( 1.000000000000000082E-05 ), #7624, 'distance_accuracy_value', 'NONE');
#6683 = CARTESIAN_POINT ( 'NONE',  ( 0.4000000000000000222, 3.649999999999999911, 0.0000000000000000000 ) ) ;
#6684 =( GEOMETRIC_REPRESENTATION_CONTEXT ( 3 ) GLOBAL_UNCERTAINTY_ASSIGNED_CONTEXT ( ( #3967 ) ) GLOBAL_UNIT_ASSIGNED_CONTEXT ( ( #8966, #6522, #10577 ) ) REPRESENTATION_CONTEXT ( 'NONE', 'WORKASPACE' ) );
#6685 = CARTESIAN_POINT ( 'NONE',  ( 0.9880645727848885729, -0.1071168712504043802, 7.700000000000000178 ) ) ;
#6686 = DIRECTION ( 'NONE',  ( 1.000000000000000000, 0.0000000000000000000, -0.0000000000000000000 ) ) ;
#6687 = CARTESIAN_POINT ( 'NONE',  ( -1.469613906845592233, 0.8600611703979910150, 7.699999999999999289 ) ) ;
#6688 = CARTESIAN_POINT ( 'NONE',  ( -0.5149773637200018017, 1.238975417521273270, 7.701000000000000512 ) ) ;
#6689 = ORIENTED_EDGE ( 'NONE', *, *, #5468, .T. ) ;
#6690 =( GEOMETRIC_REPRESENTATION_CONTEXT ( 3 ) GLOBAL_UNCERTAINTY_ASSIGNED_CONTEXT ( ( #8607 ) ) GLOBAL_UNIT_ASSIGNED_CONTEXT ( ( #5068, #9082, #8289 ) ) REPRESENTATION_CONTEXT ( 'NONE', 'WORKASPACE' ) );
#6691 = DIRECTION ( 'NONE',  ( 1.000000000000000000, 0.0000000000000000000, -0.0000000000000000000 ) ) ;
#6692 = DIRECTION ( 'NONE',  ( -0.0000000000000000000, -0.0000000000000000000, -1.000000000000000000 ) ) ;
#6693 = SURFACE_STYLE_USAGE ( .BOTH. , #890 ) ;
#6694 = FACE_OUTER_BOUND ( 'NONE', #7968, .T. ) ;
#6695 =( GEOMETRIC_REPRESENTATION_CONTEXT ( 3 ) GLOBAL_UNCERTAINTY_ASSIGNED_CONTEXT ( ( #6151 ) ) GLOBAL_UNIT_ASSIGNED_CONTEXT ( ( #2946, #6290, #7896 ) ) REPRESENTATION_CONTEXT ( 'NONE', 'WORKASPACE' ) );
#6696 = VERTEX_POINT ( 'NONE', #1729 ) ;
#6697 = STYLED_ITEM ( 'NONE', ( #6828 ), #7724 ) ;
#6698 = CARTESIAN_POINT ( 'NONE',  ( -1.284331856552713091, 0.7151637655159539531, 7.701000000000002288 ) ) ;
#6699 =( LENGTH_UNIT ( ) NAMED_UNIT ( * ) SI_UNIT ( .MILLI., .METRE. ) );
#6700 = CARTESIAN_POINT ( 'NONE',  ( 0.5902092682244426403, -1.730448841249920378, 7.701000000000000512 ) ) ;
#6701 = CARTESIAN_POINT ( 'NONE',  ( 1.631953925736187472, -0.4956904716027548119, 7.700999999999999623 ) ) ;
#6702 = CARTESIAN_POINT ( 'NONE',  ( -1.268120586739537092, 0.5592689367006601353, 7.701000000000000512 ) ) ;
#6703 = CARTESIAN_POINT ( 'NONE',  ( -3.299999999999999822, 3.199999999999999289, 1.599999999999999867 ) ) ;
#6704 = ORIENTED_EDGE ( 'NONE', *, *, #5609, .T. ) ;
#6705 = COLOUR_RGB ( '',1.000000000000000000, 1.000000000000000000, 1.000000000000000000 ) ;
#6706 = AXIS2_PLACEMENT_3D ( 'NONE', #3719, #6921, #10347 ) ;
#6707 = ORIENTED_EDGE ( 'NONE', *, *, #3953, .T. ) ;
#6708 = CARTESIAN_POINT ( 'NONE',  ( 2.060239570695362232, -1.137202871304652474, 7.701000000000000512 ) ) ;
#6709 = CARTESIAN_POINT ( 'NONE',  ( -1.081627333894218168, 0.9682135483569992429, 7.701000000000000512 ) ) ;
#6710 = VECTOR ( 'NONE', #1627, 1000.000000000000000 ) ;
#6711 = DIRECTION ( 'NONE',  ( -0.6532332565467510177, 0.7571567291791881926, 0.0000000000000000000 ) ) ;
#6712 = CARTESIAN_POINT ( 'NONE',  ( -0.5352903327842061243, 0.1035488044657825596, 7.700000000000000178 ) ) ;
#6713 = ORIENTED_EDGE ( 'NONE', *, *, #7328, .F. ) ;
#6714 =( GEOMETRIC_REPRESENTATION_CONTEXT ( 3 ) GLOBAL_UNCERTAINTY_ASSIGNED_CONTEXT ( ( #7310 ) ) GLOBAL_UNIT_ASSIGNED_CONTEXT ( ( #10545, #3067, #6379 ) ) REPRESENTATION_CONTEXT ( 'NONE', 'WORKASPACE' ) );
#6715 = SURFACE_SIDE_STYLE ('',( #6566 ) ) ;
#6716 = CARTESIAN_POINT ( 'NONE',  ( 0.5136949920701588956, 0.6447103799537275970, 7.700000000000001954 ) ) ;
#6717 = COLOUR_RGB ( '',0.7529411764705882248, 0.7529411764705882248, 0.7529411764705882248 ) ;
#6718 = DIRECTION ( 'NONE',  ( 0.0000000000000000000, -1.000000000000000000, 0.0000000000000000000 ) ) ;
#6719 = MECHANICAL_DESIGN_GEOMETRIC_PRESENTATION_REPRESENTATION (  '', ( #6215 ), #4298 ) ;
#6720 = CARTESIAN_POINT ( 'NONE',  ( 0.4084028551743391078, 0.7501983291835454537, 7.699999999999999289 ) ) ;
#6721 = CARTESIAN_POINT ( 'NONE',  ( -0.4262908134595503884, -0.06077703228688790399, 7.700000000000000178 ) ) ;
#6722 = DIRECTION ( 'NONE',  ( -0.0000000000000000000, -0.0000000000000000000, -1.000000000000000000 ) ) ;
#6723 = EDGE_CURVE ( 'NONE', #5348, #1432, #8489, .T. ) ;
#6724 = ORIENTED_EDGE ( 'NONE', *, *, #1417, .F. ) ;
#6725 = CARTESIAN_POINT ( 'NONE',  ( 1.191163288553480637, -1.523462958633838182, 7.701000000000000512 ) ) ;
#6726 = CARTESIAN_POINT ( 'NONE',  ( 2.088206234233758174, -1.556895081890097066, 7.701000000000000512 ) ) ;
#6727 =( GEOMETRIC_REPRESENTATION_CONTEXT ( 3 ) GLOBAL_UNCERTAINTY_ASSIGNED_CONTEXT ( ( #1405 ) ) GLOBAL_UNIT_ASSIGNED_CONTEXT ( ( #8442, #3587, #3736 ) ) REPRESENTATION_CONTEXT ( 'NONE', 'WORKASPACE' ) );
#6728 = CARTESIAN_POINT ( 'NONE',  ( 1.146786118557883594, -0.2309704691727774151, 7.701000000000004064 ) ) ;
#6729 = VERTEX_POINT ( 'NONE', #1671 ) ;
#6730 = CARTESIAN_POINT ( 'NONE',  ( 0.9880645727848885729, -0.1071168712504043802, 7.700000000000000178 ) ) ;
#6731 = CARTESIAN_POINT ( 'NONE',  ( 1.772563044153827372, -1.582627147575494497, 7.700000000000000178 ) ) ;
#6732 = DIRECTION ( 'NONE',  ( -1.000000000000000000, 0.0000000000000000000, 0.0000000000000000000 ) ) ;
#6733 = STYLED_ITEM ( 'NONE', ( #7816 ), #6213 ) ;
#6734 = CARTESIAN_POINT ( 'NONE',  ( 1.110452083356399111, 0.1486545104043989485, 7.700000000000001954 ) ) ;
#6735 = ADVANCED_FACE ( 'NONE', ( #4954 ), #986, .F. ) ;
#6736 = ORIENTED_EDGE ( 'NONE', *, *, #5490, .F. ) ;
#6737 = EDGE_CURVE ( 'NONE', #3839, #4482, #471, .T. ) ;
#6738 = SURFACE_STYLE_USAGE ( .BOTH. , #8973 ) ;
#6739 = ORIENTED_EDGE ( 'NONE', *, *, #9604, .F. ) ;
#6740 = CARTESIAN_POINT ( 'NONE',  ( -1.114521050346650499, 0.7949567008035792748, 7.700000000000001954 ) ) ;
#6741 = EDGE_CURVE ( 'NONE', #648, #5958, #1353, .T. ) ;
#6742 = CARTESIAN_POINT ( 'NONE',  ( 1.726825763377675793, 0.1189710746202652519, 7.699999999999999289 ) ) ;
#6743 = LINE ( 'NONE', #946, #8899 ) ;
#6744 = ORIENTED_EDGE ( 'NONE', *, *, #1411, .T. ) ;
#6745 = FACE_OUTER_BOUND ( 'NONE', #2771, .T. ) ;
#6746 = DIRECTION ( 'NONE',  ( -0.0000000000000000000, -0.0000000000000000000, -1.000000000000000000 ) ) ;
#6747 = CARTESIAN_POINT ( 'NONE',  ( -1.858578643762690330, -3.299999999999999822, 0.6999999999999999556 ) ) ;
#6748 = AXIS2_PLACEMENT_3D ( 'NONE', #3800, #6354, #7809 ) ;
#6749 = DIRECTION ( 'NONE',  ( -0.0000000000000000000, -0.0000000000000000000, -1.000000000000000000 ) ) ;
#6750 = VECTOR ( 'NONE', #5544, 1000.000000000000000 ) ;
#6751 = CARTESIAN_POINT ( 'NONE',  ( 2.121589323497139468, 0.8280726953880822583, 7.701000000000000512 ) ) ;
#6752 = CARTESIAN_POINT ( 'NONE',  ( 1.692823240631756487, -0.4908677889222521351, 7.701000000000003176 ) ) ;
#6753 = CARTESIAN_POINT ( 'NONE',  ( 0.4000000000000003553, -1.200000000000000178, 0.0000000000000000000 ) ) ;
#6754 = CARTESIAN_POINT ( 'NONE',  ( -1.555848040149226286, 0.7833516017076379567, 7.701000000000000512 ) ) ;
#6755 = VECTOR ( 'NONE', #3704, 1000.000000000000000 ) ;
#6756 = VERTEX_POINT ( 'NONE', #9389 ) ;
#6757 = ORIENTED_EDGE ( 'NONE', *, *, #8160, .T. ) ;
#6758 = CARTESIAN_POINT ( 'NONE',  ( 2.128493721508960768, -1.240650327799465380, 7.699999999999997513 ) ) ;
#6759 = CARTESIAN_POINT ( 'NONE',  ( 0.4000000000000000222, 3.649999999999999911, 0.2999999999999999889 ) ) ;
#6760 =( NAMED_UNIT ( * ) PLANE_ANGLE_UNIT ( ) SI_UNIT ( $, .RADIAN. ) );
#6761 = SURFACE_STYLE_USAGE ( .BOTH. , #6652 ) ;
#6762 =( LENGTH_UNIT ( ) NAMED_UNIT ( * ) SI_UNIT ( .MILLI., .METRE. ) );
#6763 = ORIENTED_EDGE ( 'NONE', *, *, #7057, .T. ) ;
#6764 = AXIS2_PLACEMENT_3D ( 'NONE', #4182, #9870, #6834 ) ;
#6765 = CARTESIAN_POINT ( 'NONE',  ( 2.007782352269932069, -0.2096704607388427954, 7.700999999999996959 ) ) ;
#6766 = CARTESIAN_POINT ( 'NONE',  ( -0.02706579261194554109, -0.1742552557156597237, 7.701000000000002288 ) ) ;
#6767 = CARTESIAN_POINT ( 'NONE',  ( 1.110452083356398667, -1.107167481825129585, 7.701000000000000512 ) ) ;
#6768 = FILL_AREA_STYLE_COLOUR ( '', #7444 ) ;
#6769 = ORIENTED_EDGE ( 'NONE', *, *, #6468, .F. ) ;
#6770 = UNCERTAINTY_MEASURE_WITH_UNIT (LENGTH_MEASURE( 1.000000000000000082E-05 ), #3205, 'distance_accuracy_value', 'NONE');
#6771 = STYLED_ITEM ( 'NONE', ( #2898 ), #4699 ) ;
#6772 = LINE ( 'NONE', #9171, #4335 ) ;
#6773 = CARTESIAN_POINT ( 'NONE',  ( 0.2357247483109165542, 0.7383957971868608805, 7.701000000000000512 ) ) ;
#6774 = ORIENTED_EDGE ( 'NONE', *, *, #5671, .T. ) ;
#6775 = CARTESIAN_POINT ( 'NONE',  ( -1.210432217585673653, 0.5595500061980924755, 7.701000000000002288 ) ) ;
#6776 = CARTESIAN_POINT ( 'NONE',  ( -0.3939838613528476308, 0.1796888904747623028, 7.700999999999999623 ) ) ;
#6777 = MECHANICAL_DESIGN_GEOMETRIC_PRESENTATION_REPRESENTATION (  '', ( #2125 ), #9765 ) ;
#6778 = DIRECTION ( 'NONE',  ( -0.0000000000000000000, -0.0000000000000000000, -1.000000000000000000 ) ) ;
#6779 =( LENGTH_UNIT ( ) NAMED_UNIT ( * ) SI_UNIT ( .MILLI., .METRE. ) );
#6780 = CARTESIAN_POINT ( 'NONE',  ( 0.5000000000000000000, 1.100000000000000089, 0.2999999999999999889 ) ) ;
#6781 = ORIENTED_EDGE ( 'NONE', *, *, #7776, .F. ) ;
#6782 = CARTESIAN_POINT ( 'NONE',  ( 1.445388978233288046, 0.2766362001480151545, 7.700000000000001066 ) ) ;
#6783 = UNCERTAINTY_MEASURE_WITH_UNIT (LENGTH_MEASURE( 1.000000000000000082E-05 ), #6886, 'distance_accuracy_value', 'NONE');
#6784 = CARTESIAN_POINT ( 'NONE',  ( 1.282175708585657548, 0.2414749772568856867, 7.699999999999999289 ) ) ;
#6785 = ORIENTED_EDGE ( 'NONE', *, *, #4693, .F. ) ;
#6786 = CARTESIAN_POINT ( 'NONE',  ( -1.056586687644091693, 0.6237262304884013675, 7.701000000000002288 ) ) ;
#6787 = CARTESIAN_POINT ( 'NONE',  ( -0.4299630074165829985, -0.009925979538943811159, 7.701000000000000512 ) ) ;
#6788 = SURFACE_SIDE_STYLE ('',( #10097 ) ) ;
#6789 = ORIENTED_EDGE ( 'NONE', *, *, #5602, .F. ) ;
#6790 = FILL_AREA_STYLE_COLOUR ( '', #10327 ) ;
#6791 = CARTESIAN_POINT ( 'NONE',  ( 0.9971591472945747769, -0.1907045732427806728, 7.701000000000001400 ) ) ;
#6792 =( LENGTH_UNIT ( ) NAMED_UNIT ( * ) SI_UNIT ( .MILLI., .METRE. ) );
#6793 =( NAMED_UNIT ( * ) PLANE_ANGLE_UNIT ( ) SI_UNIT ( $, .RADIAN. ) );
#6794 = EDGE_LOOP ( 'NONE', ( #3485, #340, #779, #2831 ) ) ;
#6795 = EDGE_CURVE ( 'NONE', #9708, #10231, #8665, .T. ) ;
#6796 = ADVANCED_FACE ( 'NONE', ( #353 ), #4731, .T. ) ;
#6797 =( NAMED_UNIT ( * ) SI_UNIT ( $, .STERADIAN. ) SOLID_ANGLE_UNIT ( ) );
#6798 = CARTESIAN_POINT ( 'NONE',  ( 1.167288853372376423, -1.219593686064448734, 7.699999999999998401 ) ) ;
#6799 = SURFACE_STYLE_FILL_AREA ( #3505 ) ;
#6800 = EDGE_CURVE ( 'NONE', #4389, #3085, #4161, .T. ) ;
#6801 = DIRECTION ( 'NONE',  ( 1.221593242852756957E-16, -0.0000000000000000000, -1.000000000000000000 ) ) ;
#6802 = FILL_AREA_STYLE_COLOUR ( '', #1053 ) ;
#6803 = DIRECTION ( 'NONE',  ( -0.7071067811865510144, 0.7071067811865441310, 0.0000000000000000000 ) ) ;
#6804 = CARTESIAN_POINT ( 'NONE',  ( -1.429930011838479675, 0.6175480367402811366, 7.701000000000004064 ) ) ;
#6805 = VERTEX_POINT ( 'NONE', #9907 ) ;
#6806 = ADVANCED_FACE ( 'NONE', ( #4735 ), #4051, .T. ) ;
#6807 = EDGE_CURVE ( 'NONE', #4845, #3256, #7167, .T. ) ;
#6808 = VERTEX_POINT ( 'NONE', #3958 ) ;
#6809 = CARTESIAN_POINT ( 'NONE',  ( 2.149927442264945476, -1.362938863479932650, 7.700000000000000178 ) ) ;
#6810 = CARTESIAN_POINT ( 'NONE',  ( -0.2449741633412926556, -0.2383616543033810764, 7.701000000000002288 ) ) ;
#6811 = FILL_AREA_STYLE ('',( #4980 ) ) ;
#6812 = CARTESIAN_POINT ( 'NONE',  ( 2.008236848425914101, 0.9697632892271136340, 7.701000000000000512 ) ) ;
#6813 = CARTESIAN_POINT ( 'NONE',  ( -0.2696850217700849650, 1.171593157429500431, 7.699999999999997513 ) ) ;
#6814 = CARTESIAN_POINT ( 'NONE',  ( 1.333419584706074357, -0.4707695213665537004, 7.699999999999998401 ) ) ;
#6815 = PLANE ( 'NONE',  #8190 ) ;
#6816 = EDGE_LOOP ( 'NONE', ( #10578, #8189, #9188, #10564 ) ) ;
#6817 = CARTESIAN_POINT ( 'NONE',  ( -0.08776244977907922407, -0.2200534762623247709, 7.701000000000001400 ) ) ;
#6818 =( LENGTH_UNIT ( ) NAMED_UNIT ( * ) SI_UNIT ( .MILLI., .METRE. ) );
#6819 = SURFACE_STYLE_FILL_AREA ( #10072 ) ;
#6820 = EDGE_LOOP ( 'NONE', ( #2726, #1813, #2657, #9901 ) ) ;
#6821 = PRESENTATION_LAYER_ASSIGNMENT (  '', '', ( #8707 ) ) ;
#6822 = B_SPLINE_CURVE_WITH_KNOTS ( 'NONE', 3,
 ( #4326, #7632, #276, #2727, #6871, #6015, #9271, #1381, #4658, #6533, #2231 ),
 .UNSPECIFIED., .F., .F.,
 ( 4, 1, 1, 1, 1, 1, 1, 1, 4 ),
 ( 0.0000000000000000000, 0.1025520050424250512, 0.2097516685583790674, 0.3238083772187544951, 0.4437948350686899968, 0.5716829047813974940, 0.7064276219654235245, 0.8491029023379823570, 1.000000000000000000 ),
 .UNSPECIFIED. ) ;
#6823 = FILL_AREA_STYLE ('',( #3475 ) ) ;
#6824 = MECHANICAL_DESIGN_GEOMETRIC_PRESENTATION_REPRESENTATION (  '', ( #8364 ), #1326 ) ;
#6825 = ORIENTED_EDGE ( 'NONE', *, *, #7057, .F. ) ;
#6826 = CARTESIAN_POINT ( 'NONE',  ( -0.5149773637200018017, 0.1975179055035130304, 7.701000000000000512 ) ) ;
#6827 = FILL_AREA_STYLE_COLOUR ( '', #8819 ) ;
#6828 = PRESENTATION_STYLE_ASSIGNMENT (( #3532 ) ) ;
#6829 =( NAMED_UNIT ( * ) SI_UNIT ( $, .STERADIAN. ) SOLID_ANGLE_UNIT ( ) );
#6830 = SURFACE_SIDE_STYLE ('',( #1976 ) ) ;
#6831 = VECTOR ( 'NONE', #9579, 1000.000000000000000 ) ;
#6832 = STYLED_ITEM ( 'NONE', ( #4821 ), #2202 ) ;
#6833 = ORIENTED_EDGE ( 'NONE', *, *, #4566, .T. ) ;
#6834 = DIRECTION ( 'NONE',  ( 1.000000000000000000, 0.0000000000000000000, 0.0000000000000000000 ) ) ;
#6835 = ORIENTED_EDGE ( 'NONE', *, *, #449, .F. ) ;
#6836 = CARTESIAN_POINT ( 'NONE',  ( 0.3521936989761150771, 0.7321733656141460322, 7.699999999999999289 ) ) ;
#6837 = AXIS2_PLACEMENT_3D ( 'NONE', #7072, #5443, #1365 ) ;
#6838 = STYLED_ITEM ( 'NONE', ( #8868 ), #232 ) ;
#6839 = ORIENTED_EDGE ( 'NONE', *, *, #7719, .T. ) ;
#6840 =( NAMED_UNIT ( * ) SI_UNIT ( $, .STERADIAN. ) SOLID_ANGLE_UNIT ( ) );
#6841 = CARTESIAN_POINT ( 'NONE',  ( 1.077750631565904005, -0.3332956693150405658, 7.701000000000001400 ) ) ;
#6842 =( NAMED_UNIT ( * ) SI_UNIT ( $, .STERADIAN. ) SOLID_ANGLE_UNIT ( ) );
#6843 = MECHANICAL_DESIGN_GEOMETRIC_PRESENTATION_REPRESENTATION (  '', ( #3904 ), #338 ) ;
#6844 = DIRECTION ( 'NONE',  ( 0.0000000000000000000, -1.000000000000000000, 0.0000000000000000000 ) ) ;
#6845 = ORIENTED_EDGE ( 'NONE', *, *, #1793, .T. ) ;
#6846 = SURFACE_STYLE_USAGE ( .BOTH. , #9992 ) ;
#6847 = PRESENTATION_STYLE_ASSIGNMENT (( #2815 ) ) ;
#6848 = FILL_AREA_STYLE_COLOUR ( '', #8719 ) ;
#6849 = CARTESIAN_POINT ( 'NONE',  ( -1.605882531098634214, 1.068946704914435442, 7.701000000000000512 ) ) ;
#6850 = CARTESIAN_POINT ( 'NONE',  ( 0.02788663498675176405, -0.07568763524242287655, 7.700000000000000178 ) ) ;
#6851 = LINE ( 'NONE', #2857, #6755 ) ;
#6852 = DIRECTION ( 'NONE',  ( -1.000000000000000000, 0.0000000000000000000, 0.0000000000000000000 ) ) ;
#6853 = EDGE_CURVE ( 'NONE', #5381, #2772, #5290, .T. ) ;
#6854 = CARTESIAN_POINT ( 'NONE',  ( -1.364976726896315107, 0.5815247863426020736, 7.700999999999999623 ) ) ;
#6855 = COLOUR_RGB ( '',0.0000000000000000000, 0.0000000000000000000, 0.0000000000000000000 ) ;
#6856 = STYLED_ITEM ( 'NONE', ( #8340 ), #896 ) ;
#6857 = LINE ( 'NONE', #7718, #8311 ) ;
#6858 = VECTOR ( 'NONE', #3961, 1000.000000000000000 ) ;
#6859 = ORIENTED_EDGE ( 'NONE', *, *, #2438, .F. ) ;
#6860 = ORIENTED_EDGE ( 'NONE', *, *, #6608, .F. ) ;
#6861 = CIRCLE ( 'NONE', #6352, 0.1000000000000006994 ) ;
#6862 = CARTESIAN_POINT ( 'NONE',  ( 1.445388978233287824, -0.9791857920815134619, 7.701000000000001400 ) ) ;
#6863 = LINE ( 'NONE', #2776, #4250 ) ;
#6864 = PRESENTATION_STYLE_ASSIGNMENT (( #3620 ) ) ;
#6865 = DIRECTION ( 'NONE',  ( -0.0000000000000000000, -0.0000000000000000000, -1.000000000000000000 ) ) ;
#6866 = FILL_AREA_STYLE_COLOUR ( '', #3705 ) ;
#6867 = CARTESIAN_POINT ( 'NONE',  ( 1.027195445959389941, -0.2664898203792049891, 7.700000000000003730 ) ) ;
#6868 = ADVANCED_FACE ( 'NONE', ( #5848 ), #6366, .T. ) ;
#6869 = FACE_OUTER_BOUND ( 'NONE', #9063, .T. ) ;
#6870 = VERTEX_POINT ( 'NONE', #3107 ) ;
#6871 = CARTESIAN_POINT ( 'NONE',  ( 0.4935056712800460765, 1.031737592980059626, 7.700999999999998735 ) ) ;
#6872 = EDGE_CURVE ( 'NONE', #268, #8747, #10529, .T. ) ;
#6873 = DIRECTION ( 'NONE',  ( -1.000000000000000000, 0.0000000000000000000, -1.221593242852756957E-16 ) ) ;
#6874 = ADVANCED_FACE ( 'NONE', ( #6869 ), #5148, .T. ) ;
#6875 = ORIENTED_EDGE ( 'NONE', *, *, #108, .F. ) ;
#6876 = UNCERTAINTY_MEASURE_WITH_UNIT (LENGTH_MEASURE( 1.000000000000000082E-05 ), #10544, 'distance_accuracy_value', 'NONE');
#6877 = SURFACE_STYLE_FILL_AREA ( #7840 ) ;
#6878 =( LENGTH_UNIT ( ) NAMED_UNIT ( * ) SI_UNIT ( .MILLI., .METRE. ) );
#6880 = CARTESIAN_POINT ( 'NONE',  ( -1.256748052217145695, 0.7147202203168572243, 7.701000000000000512 ) ) ;
#6879 =( GEOMETRIC_REPRESENTATION_CONTEXT ( 3 ) GLOBAL_UNCERTAINTY_ASSIGNED_CONTEXT ( ( #1804 ) ) GLOBAL_UNIT_ASSIGNED_CONTEXT ( ( #1575, #9721, #6966 ) ) REPRESENTATION_CONTEXT ( 'NONE', 'WORKASPACE' ) );
#6881 = CARTESIAN_POINT ( 'NONE',  ( 0.05203308832459523081, 0.8547985216990863222, 7.701000000000002288 ) ) ;
#6882 = EDGE_LOOP ( 'NONE', ( #1373, #4072, #3152, #6094 ) ) ;
#6883 = CARTESIAN_POINT ( 'NONE',  ( -1.242357601280369206, 0.5588605670939227332, 7.701000000000000512 ) ) ;
#6884 = CARTESIAN_POINT ( 'NONE',  ( -0.4283466931210122564, 0.04067761430570299847, 7.700999999999999623 ) ) ;
#6885 = AXIS2_PLACEMENT_3D ( 'NONE', #3317, #2691, #4352 ) ;
#6886 =( LENGTH_UNIT ( ) NAMED_UNIT ( * ) SI_UNIT ( .MILLI., .METRE. ) );
#6887 = DIRECTION ( 'NONE',  ( -0.0000000000000000000, 0.0000000000000000000, -1.000000000000000000 ) ) ;
#6888 = CARTESIAN_POINT ( 'NONE',  ( 3.300000000000042455, -1.300000000000000044, 1.000000000000000000 ) ) ;
#6889 = CARTESIAN_POINT ( 'NONE',  ( -0.3758463523280670682, 1.052063152668909485, 7.701000000000001400 ) ) ;
#6890 = PRESENTATION_LAYER_ASSIGNMENT (  '', '', ( #7233 ) ) ;
#6891 = PRESENTATION_STYLE_ASSIGNMENT (( #4569 ) ) ;
#6892 = VERTEX_POINT ( 'NONE', #7580 ) ;
#6893 = VECTOR ( 'NONE', #4351, 1000.000000000000000 ) ;
#6894 = CARTESIAN_POINT ( 'NONE',  ( 0.4084028551743391078, 0.7501983291835454537, 7.699999999999998401 ) ) ;
#6895 = CARTESIAN_POINT ( 'NONE',  ( 1.050040676683823504, -0.3010030133532428653, 7.699999999999998401 ) ) ;
#6896 = EDGE_LOOP ( 'NONE', ( #4264, #4396, #165, #5081, #4604, #2219, #5761, #562, #5943, #1138, #7796, #4331, #7012 ) ) ;
#6897 = DIRECTION ( 'NONE',  ( -6.771044279148323534E-14, -1.564774653237898810E-12, 1.000000000000000000 ) ) ;
#6898 = CARTESIAN_POINT ( 'NONE',  ( 1.411166251672157923, 0.1189710746202652103, 7.700999999999999623 ) ) ;
#6899 = CARTESIAN_POINT ( 'NONE',  ( 1.323303463200618202, -1.574653564717304999, 7.701000000000001400 ) ) ;
#6900 = FILL_AREA_STYLE ('',( #1148 ) ) ;
#6901 = EDGE_LOOP ( 'NONE', ( #7539, #6713, #9080, #8380 ) ) ;
#6902 = COLOUR_RGB ( '',0.7960784313725489669, 0.8235294117647058432, 0.9372549019607843146 ) ;
#6903 = LINE ( 'NONE', #5021, #5706 ) ;
#6904 = UNCERTAINTY_MEASURE_WITH_UNIT (LENGTH_MEASURE( 1.000000000000000082E-05 ), #9442, 'distance_accuracy_value', 'NONE');
#6905 = CARTESIAN_POINT ( 'NONE',  ( -0.5149773637200018017, -1.318660552905235317, 7.701000000000000512 ) ) ;
#6906 = CARTESIAN_POINT ( 'NONE',  ( -2.073461490767437354, 1.068946704914435442, 7.700000000000000178 ) ) ;
#6907 =( NAMED_UNIT ( * ) SI_UNIT ( $, .STERADIAN. ) SOLID_ANGLE_UNIT ( ) );
#6908 = VECTOR ( 'NONE', #8172, 1000.000000000000000 ) ;
#6909 = FILL_AREA_STYLE ('',( #4425 ) ) ;
#6910 = DIRECTION ( 'NONE',  ( -0.0000000000000000000, -0.0000000000000000000, -1.000000000000000000 ) ) ;
#6911 = ORIENTED_EDGE ( 'NONE', *, *, #9925, .T. ) ;
#6912 = EDGE_LOOP ( 'NONE', ( #2999, #7722, #4998, #7892 ) ) ;
#6913 = CARTESIAN_POINT ( 'NONE',  ( 1.547733783116913564, -1.752222248734398136, 7.700999999999999623 ) ) ;
#6914 = EDGE_CURVE ( 'NONE', #5793, #908, #326, .T. ) ;
#6915 =( NAMED_UNIT ( * ) PLANE_ANGLE_UNIT ( ) SI_UNIT ( $, .RADIAN. ) );
#6916 = STYLED_ITEM ( 'NONE', ( #6582 ), #2650 ) ;
#6917 = CARTESIAN_POINT ( 'NONE',  ( 1.568996007524917191, -0.9732897304225965884, 7.701000000000000512 ) ) ;
#6918 = CARTESIAN_POINT ( 'NONE',  ( -2.073461490767437354, 0.4171699732548914130, 7.701000000000000512 ) ) ;
#6919 = DIRECTION ( 'NONE',  ( -1.000000000000000000, -6.847592668329505996E-16, -0.0000000000000000000 ) ) ;
#6920 = CARTESIAN_POINT ( 'NONE',  ( -0.07393013485396324191, 0.9933341498664413072, 7.699999999999997513 ) ) ;
#6921 = DIRECTION ( 'NONE',  ( -0.0000000000000000000, -0.0000000000000000000, -1.000000000000000000 ) ) ;
#6922 = CARTESIAN_POINT ( 'NONE',  ( 0.1651374867073485964, 0.05582731166448170329, 7.700000000000000178 ) ) ;
#6923 = PRESENTATION_STYLE_ASSIGNMENT (( #6064 ) ) ;
#6924 = ORIENTED_EDGE ( 'NONE', *, *, #4496, .F. ) ;
#6925 = CARTESIAN_POINT ( 'NONE',  ( -0.1370684324518189889, -0.2366628855447342750, 7.700999999999999623 ) ) ;
#6926 = VECTOR ( 'NONE', #9207, 1000.000000000000000 ) ;
#6927 = CIRCLE ( 'NONE', #926, 0.2000000000000000944 ) ;
#6928 = ORIENTED_EDGE ( 'NONE', *, *, #10051, .F. ) ;
#6929 = EDGE_CURVE ( 'NONE', #8389, #8418, #6012, .T. ) ;
#6930 = EDGE_CURVE ( 'NONE', #578, #6513, #4603, .T. ) ;
#6931 = SURFACE_SIDE_STYLE ('',( #6877 ) ) ;
#6932 = PRESENTATION_LAYER_ASSIGNMENT (  '', '', ( #8115 ) ) ;
#6933 = AXIS2_PLACEMENT_3D ( 'NONE', #2126, #5474, #4665 ) ;
#6934 = EDGE_CURVE ( 'NONE', #3491, #4033, #2194, .T. ) ;
#6935 = VERTEX_POINT ( 'NONE', #1123 ) ;
#6936 = CARTESIAN_POINT ( 'NONE',  ( -1.179817640876430929, 0.5636554831658935338, 7.700999999999997847 ) ) ;
#6937 = DIRECTION ( 'NONE',  ( -0.0000000000000000000, -0.0000000000000000000, -1.000000000000000000 ) ) ;
#6938 = CARTESIAN_POINT ( 'NONE',  ( 0.4721005520403041000, 1.099801510605850074, 7.700000000000000178 ) ) ;
#6939 = DIRECTION ( 'NONE',  ( -1.000000000000000000, 0.0000000000000000000, 0.0000000000000000000 ) ) ;
#6940 = CARTESIAN_POINT ( 'NONE',  ( 0.5051949119210237260, 0.9389898633776990744, 7.701000000000000512 ) ) ;
#6941 = CARTESIAN_POINT ( 'NONE',  ( 1.750209852977628655, -0.9875676790898949564, 7.700999999999999623 ) ) ;
#6942 = COLOUR_RGB ( '',0.0000000000000000000, 0.0000000000000000000, 0.0000000000000000000 ) ;
#6943 = CARTESIAN_POINT ( 'NONE',  ( 8.673617379884035472E-16, 0.0000000000000000000, 1.187652461702020323 ) ) ;
#6944 = ADVANCED_FACE ( 'NONE', ( #8427 ), #6815, .F. ) ;
#6945 = CIRCLE ( 'NONE', #8484, 2.800000000000001155 ) ;
#6946 = ORIENTED_EDGE ( 'NONE', *, *, #4762, .T. ) ;
#6947 = CARTESIAN_POINT ( 'NONE',  ( -1.099865732994015133, 0.5915213731628926608, 7.699999999999997513 ) ) ;
#6948 = CARTESIAN_POINT ( 'NONE',  ( 0.3521936989761150771, 0.7321733656141460322, 7.701000000000000512 ) ) ;
#6949 = CARTESIAN_POINT ( 'NONE',  ( 0.9893270634133874974, -0.1496428408269901700, 7.700999999999996959 ) ) ;
#6950 =( NAMED_UNIT ( * ) PLANE_ANGLE_UNIT ( ) SI_UNIT ( $, .RADIAN. ) );
#6951 = LINE ( 'NONE', #8615, #5137 ) ;
#6952 = CARTESIAN_POINT ( 'NONE',  ( -1.341773149834416090, 0.5734907586734151463, 7.701000000000003176 ) ) ;
#6953 = ORIENTED_EDGE ( 'NONE', *, *, #10397, .T. ) ;
#6954 = PRESENTATION_STYLE_ASSIGNMENT (( #1362 ) ) ;
#6955 = CARTESIAN_POINT ( 'NONE',  ( 1.365419857058584041, -1.143202046146256867, 7.700000000000003730 ) ) ;
#6956 = CARTESIAN_POINT ( 'NONE',  ( 8.673617379884035472E-16, 0.0000000000000000000, 0.6999999999999999556 ) ) ;
#6957 = SURFACE_STYLE_USAGE ( .BOTH. , #3661 ) ;
#6958 = FILL_AREA_STYLE ('',( #2856 ) ) ;
#6959 =( NAMED_UNIT ( * ) SI_UNIT ( $, .STERADIAN. ) SOLID_ANGLE_UNIT ( ) );
#6960 =( NAMED_UNIT ( * ) PLANE_ANGLE_UNIT ( ) SI_UNIT ( $, .RADIAN. ) );
#6961 =( NAMED_UNIT ( * ) PLANE_ANGLE_UNIT ( ) SI_UNIT ( $, .RADIAN. ) );
#6962 = ORIENTED_EDGE ( 'NONE', *, *, #9400, .T. ) ;
#6963 = ORIENTED_EDGE ( 'NONE', *, *, #2178, .T. ) ;
#6964 = CARTESIAN_POINT ( 'NONE',  ( 1.110450697839790113, -1.619157050258265951, 7.701000000000000512 ) ) ;
#6965 = SURFACE_STYLE_USAGE ( .BOTH. , #7781 ) ;
#6966 =( NAMED_UNIT ( * ) SI_UNIT ( $, .STERADIAN. ) SOLID_ANGLE_UNIT ( ) );
#6967 =( NAMED_UNIT ( * ) SI_UNIT ( $, .STERADIAN. ) SOLID_ANGLE_UNIT ( ) );
#6968 =( NAMED_UNIT ( * ) SI_UNIT ( $, .STERADIAN. ) SOLID_ANGLE_UNIT ( ) );
#6969 = CARTESIAN_POINT ( 'NONE',  ( 0.4000000000000000222, -3.649999999999999911, 0.2999999999999999889 ) ) ;
#6970 =( NAMED_UNIT ( * ) PLANE_ANGLE_UNIT ( ) SI_UNIT ( $, .RADIAN. ) );
#6971 =( NAMED_UNIT ( * ) SI_UNIT ( $, .STERADIAN. ) SOLID_ANGLE_UNIT ( ) );
#6972 = CARTESIAN_POINT ( 'NONE',  ( -0.1203815101010904942, -0.3907189172742123739, 7.699999999999999289 ) ) ;
#6973 = PRESENTATION_LAYER_ASSIGNMENT (  '', '', ( #3184 ) ) ;
#6974 = CARTESIAN_POINT ( 'NONE',  ( -0.2766637301760838663, -0.3916343455583075062, 7.700000000000000178 ) ) ;
#6975 = ORIENTED_EDGE ( 'NONE', *, *, #6618, .F. ) ;
#6976 = DIRECTION ( 'NONE',  ( -0.0000000000000000000, -0.0000000000000000000, -1.000000000000000000 ) ) ;
#6977 = CARTESIAN_POINT ( 'NONE',  ( -0.04535027204931735972, -0.1925201198973792993, 7.701000000000001400 ) ) ;
#6978 = ORIENTED_EDGE ( 'NONE', *, *, #9605, .F. ) ;
#6979 = UNCERTAINTY_MEASURE_WITH_UNIT (LENGTH_MEASURE( 1.000000000000000082E-05 ), #8414, 'distance_accuracy_value', 'NONE');
#6980 = CARTESIAN_POINT ( 'NONE',  ( -0.2018641910286937957, -0.2415795801979283841, 7.700000000000001066 ) ) ;
#6981 = CARTESIAN_POINT ( 'NONE',  ( -3.299999999999999822, 3.199999999999999289, 0.6999999999999999556 ) ) ;
#6982 = DIRECTION ( 'NONE',  ( 1.221593242852756957E-16, -0.0000000000000000000, -1.000000000000000000 ) ) ;
#6983 = CARTESIAN_POINT ( 'NONE',  ( -1.300000000000000266, 3.299999999999999822, 1.599999999999999867 ) ) ;
#6984 = ORIENTED_EDGE ( 'NONE', *, *, #8894, .F. ) ;
#6985 = CARTESIAN_POINT ( 'NONE',  ( 0.5902092682244426403, -0.3692444698526123337, 7.701000000000000512 ) ) ;
#6986 = CARTESIAN_POINT ( 'NONE',  ( -0.5365081734943158986, 0.09855885902975060342, 7.699999999999998401 ) ) ;
#6987 =( GEOMETRIC_REPRESENTATION_CONTEXT ( 3 ) GLOBAL_UNCERTAINTY_ASSIGNED_CONTEXT ( ( #8594 ) ) GLOBAL_UNIT_ASSIGNED_CONTEXT ( ( #4225, #4387, #7536 ) ) REPRESENTATION_CONTEXT ( 'NONE', 'WORKASPACE' ) );
#6988 = CARTESIAN_POINT ( 'NONE',  ( 0.4573372968878963163, 1.135734452100672698, 7.700000000000000178 ) ) ;
#6989 = CARTESIAN_POINT ( 'NONE',  ( -0.3999999999999997446, -1.297519430014755670, 0.6999999999999999556 ) ) ;
#6990 = EDGE_CURVE ( 'NONE', #2377, #6254, #602, .T. ) ;
#6991 = LINE ( 'NONE', #2895, #4440 ) ;
#6992 = CARTESIAN_POINT ( 'NONE',  ( -0.3324544385028451177, -0.2074522004029046574, 7.700999999999998735 ) ) ;
#6993 = CARTESIAN_POINT ( 'NONE',  ( 1.814645377841686225, 0.1045072249824021970, 7.700000000000001954 ) ) ;
#6994 = UNCERTAINTY_MEASURE_WITH_UNIT (LENGTH_MEASURE( 1.000000000000000082E-05 ), #3061, 'distance_accuracy_value', 'NONE');
#6995 = ADVANCED_FACE ( 'NONE', ( #8746 ), #7993, .T. ) ;
#6996 = FACE_OUTER_BOUND ( 'NONE', #9977, .T. ) ;
#6997 = PRESENTATION_LAYER_ASSIGNMENT (  '', '', ( #3023 ) ) ;
#6998 = SURFACE_STYLE_USAGE ( .BOTH. , #3690 ) ;
#6999 = MECHANICAL_DESIGN_GEOMETRIC_PRESENTATION_REPRESENTATION (  '', ( #10423 ), #1158 ) ;
#7000 = STYLED_ITEM ( 'NONE', ( #6137 ), #8043 ) ;
#7001 = CARTESIAN_POINT ( 'NONE',  ( 1.677484788994017872, -1.132233406362588068, 7.700999999999999623 ) ) ;
#7002 = ORIENTED_EDGE ( 'NONE', *, *, #8842, .T. ) ;
#7003 = SURFACE_STYLE_FILL_AREA ( #352 ) ;
#7004 = CARTESIAN_POINT ( 'NONE',  ( 1.016402691552694915, 0.9697632892271136340, 7.701000000000000512 ) ) ;
#7005 = CARTESIAN_POINT ( 'NONE',  ( 1.365419857058584041, 0.1126199460832721100, 7.700000000000000178 ) ) ;
#7006 = CARTESIAN_POINT ( 'NONE',  ( -1.081993799900720754, 0.9381500213198479265, 7.699999999999999289 ) ) ;
#7007 = EDGE_CURVE ( 'NONE', #8418, #3728, #10398, .T. ) ;
#7008 = EDGE_CURVE ( 'NONE', #80, #9672, #6057, .T. ) ;
#7009 =( GEOMETRIC_REPRESENTATION_CONTEXT ( 3 ) GLOBAL_UNCERTAINTY_ASSIGNED_CONTEXT ( ( #2882 ) ) GLOBAL_UNIT_ASSIGNED_CONTEXT ( ( #1797, #4981, #1694 ) ) REPRESENTATION_CONTEXT ( 'NONE', 'WORKASPACE' ) );
#7010 = VECTOR ( 'NONE', #6287, 1000.000000000000000 ) ;
#7011 = CARTESIAN_POINT ( 'NONE',  ( -1.318064303845705609, 0.5665383260742212768, 7.700999999999999623 ) ) ;
#7012 = ORIENTED_EDGE ( 'NONE', *, *, #2711, .F. ) ;
#7013 = SURFACE_SIDE_STYLE ('',( #8567 ) ) ;
#7014 = UNCERTAINTY_MEASURE_WITH_UNIT (LENGTH_MEASURE( 1.000000000000000082E-05 ), #8908, 'distance_accuracy_value', 'NONE');
#7015 = MECHANICAL_DESIGN_GEOMETRIC_PRESENTATION_REPRESENTATION (  '', ( #10076 ), #1672 ) ;
#7016 = LINE ( 'NONE', #7665, #4789 ) ;
#7017 = STYLED_ITEM ( 'NONE', ( #7455 ), #9145 ) ;
#7018 = COLOUR_RGB ( '',0.0000000000000000000, 0.0000000000000000000, 0.0000000000000000000 ) ;
#7019 = PRESENTATION_STYLE_ASSIGNMENT (( #8729 ) ) ;
#7020 =( NAMED_UNIT ( * ) SI_UNIT ( $, .STERADIAN. ) SOLID_ANGLE_UNIT ( ) );
#7021 = SURFACE_STYLE_USAGE ( .BOTH. , #10272 ) ;
#7022 = DIRECTION ( 'NONE',  ( 0.08662961636484137196, -0.9962405881956829523, 0.0000000000000000000 ) ) ;
#7023 = STYLED_ITEM ( 'NONE', ( #3624 ), #6944 ) ;
#7024 =( LENGTH_UNIT ( ) NAMED_UNIT ( * ) SI_UNIT ( .MILLI., .METRE. ) );
#7025 = DIRECTION ( 'NONE',  ( 0.9358337227334573294, 0.3524418298029314278, 0.0000000000000000000 ) ) ;
#7026 = CARTESIAN_POINT ( 'NONE',  ( 2.020875498426772943, -0.02711323733051318810, 7.700000000000000178 ) ) ;
#7027 = EDGE_LOOP ( 'NONE', ( #10018, #3735, #8781, #4572, #893, #275, #8435, #6150, #6329, #640, #7509, #195, #5072 ) ) ;
#7028 = ORIENTED_EDGE ( 'NONE', *, *, #3878, .F. ) ;
#7029 = AXIS2_PLACEMENT_3D ( 'NONE', #9949, #1840, #1951 ) ;
#7030 = CARTESIAN_POINT ( 'NONE',  ( 1.624456660631876659, -1.596354154760114108, 7.699999999999997513 ) ) ;
#7031 = DIRECTION ( 'NONE',  ( -1.221593242852757203E-16, 0.0000000000000000000, 1.000000000000000000 ) ) ;
#7032 = CARTESIAN_POINT ( 'NONE',  ( -0.9682748588229931341, 0.3533775587264474938, 7.701000000000000512 ) ) ;
#7033 = CARTESIAN_POINT ( 'NONE',  ( 0.9880645727848885729, -1.362938863479932650, 7.700000000000000178 ) ) ;
#7034 =( NAMED_UNIT ( * ) PLANE_ANGLE_UNIT ( ) SI_UNIT ( $, .RADIAN. ) );
#7035 = CARTESIAN_POINT ( 'NONE',  ( 0.9880645727848885729, -0.1071168712504043802, 7.700000000000000178 ) ) ;
#7036 = MECHANICAL_DESIGN_GEOMETRIC_PRESENTATION_REPRESENTATION (  '', ( #6856 ), #7717 ) ;
#7037 = DIRECTION ( 'NONE',  ( 0.0000000000000000000, 0.0000000000000000000, -1.000000000000000000 ) ) ;
#7038 = ORIENTED_EDGE ( 'NONE', *, *, #10262, .T. ) ;
#7039 = FACE_OUTER_BOUND ( 'NONE', #3374, .T. ) ;
#7040 = VECTOR ( 'NONE', #6692, 1000.000000000000000 ) ;
#7041 = CARTESIAN_POINT ( 'NONE',  ( 0.5902092682244426403, -0.9024444335030809006, 7.701000000000000512 ) ) ;
#7042 = VERTEX_POINT ( 'NONE', #7887 ) ;
#7043 = VERTEX_POINT ( 'NONE', #2936 ) ;
#7044 = SURFACE_SIDE_STYLE ('',( #2944 ) ) ;
#7045 = CARTESIAN_POINT ( 'NONE',  ( 2.020926007432648497, -0.1866210762621359487, 7.699999999999999289 ) ) ;
#7046 = STYLED_ITEM ( 'NONE', ( #343 ), #7913 ) ;
#7047 = CARTESIAN_POINT ( 'NONE',  ( -1.210432217585673653, 0.5595500061980924755, 7.700000000000001954 ) ) ;
#7048 = CARTESIAN_POINT ( 'NONE',  ( -0.1600384243524445305, -0.3967638176302421549, 7.700000000000000178 ) ) ;
#7049 = EDGE_LOOP ( 'NONE', ( #3625, #6859, #9337, #8046 ) ) ;
#7050 = COLOUR_RGB ( '',1.000000000000000000, 1.000000000000000000, 1.000000000000000000 ) ;
#7051 = SURFACE_SIDE_STYLE ('',( #658 ) ) ;
#7052 = CARTESIAN_POINT ( 'NONE',  ( 0.5902092682244426403, 0.1833488461196098873, 7.700000000000000178 ) ) ;
#7053 = CARTESIAN_POINT ( 'NONE',  ( 5.175404217016551598E-16, -3.686287386450715076E-15, 7.700000000000000178 ) ) ;
#7054 = CARTESIAN_POINT ( 'NONE',  ( 3.270710678118696535, -1.929289321881360930, 1.000000000000000000 ) ) ;
#7055 = DIRECTION ( 'NONE',  ( -0.6660544701692369118, 0.7459031054819231787, 0.0000000000000000000 ) ) ;
#7056 = DIRECTION ( 'NONE',  ( -0.0000000000000000000, -0.0000000000000000000, -1.000000000000000000 ) ) ;
#7057 = EDGE_CURVE ( 'NONE', #2949, #1692, #10457, .T. ) ;
#7058 = AXIS2_PLACEMENT_3D ( 'NONE', #9985, #8454, #4300 ) ;
#7059 = ORIENTED_EDGE ( 'NONE', *, *, #7801, .F. ) ;
#7060 =( LENGTH_UNIT ( ) NAMED_UNIT ( * ) SI_UNIT ( .MILLI., .METRE. ) );
#7061 = CARTESIAN_POINT ( 'NONE',  ( 0.3311138967806282474, 0.7293440246084543777, 7.699999999999998401 ) ) ;
#7062 = SURFACE_SIDE_STYLE ('',( #1099 ) ) ;
#7063 =( NAMED_UNIT ( * ) PLANE_ANGLE_UNIT ( ) SI_UNIT ( $, .RADIAN. ) );
#7064 = AXIS2_PLACEMENT_3D ( 'NONE', #8811, #4829, #2998 ) ;
#7065 = SURFACE_STYLE_USAGE ( .BOTH. , #1358 ) ;
#7066 = CARTESIAN_POINT ( 'NONE',  ( -1.251002604892196945, 0.5589975992220820311, 7.701000000000000512 ) ) ;
#7067 = ORIENTED_EDGE ( 'NONE', *, *, #9333, .T. ) ;
#7068 = EDGE_CURVE ( 'NONE', #3256, #5381, #9642, .T. ) ;
#7069 = VECTOR ( 'NONE', #9174, 1000.000000000000114 ) ;
#7070 = EDGE_CURVE ( 'NONE', #2942, #1868, #7473, .T. ) ;
#7071 = FACE_OUTER_BOUND ( 'NONE', #4181, .T. ) ;
#7072 = CARTESIAN_POINT ( 'NONE',  ( 8.077904427808334731E-16, 0.0000000000000000000, 1.187652461702020323 ) ) ;
#7073 = PRESENTATION_STYLE_ASSIGNMENT (( #3768 ) ) ;
#7074 = PRESENTATION_STYLE_ASSIGNMENT (( #8572 ) ) ;
#7075 = PRESENTATION_STYLE_ASSIGNMENT (( #4533 ) ) ;
#7076 = EDGE_CURVE ( 'NONE', #9643, #9445, #5462, .T. ) ;
#7077 = CARTESIAN_POINT ( 'NONE',  ( -1.605882531098634214, 0.9208357560420732391, 7.701000000000000512 ) ) ;
#7078 = CARTESIAN_POINT ( 'NONE',  ( 1.568996007524917191, 0.2825322618069318059, 7.700000000000000178 ) ) ;
#7079 = CARTESIAN_POINT ( 'NONE',  ( 1.726825763377675793, 0.1189710746202652519, 7.701000000000000512 ) ) ;
#7080 = FACE_OUTER_BOUND ( 'NONE', #3177, .T. ) ;
#7081 =( GEOMETRIC_REPRESENTATION_CONTEXT ( 3 ) GLOBAL_UNCERTAINTY_ASSIGNED_CONTEXT ( ( #8706 ) ) GLOBAL_UNIT_ASSIGNED_CONTEXT ( ( #3520, #3398, #166 ) ) REPRESENTATION_CONTEXT ( 'NONE', 'WORKASPACE' ) );
#7082 = ORIENTED_EDGE ( 'NONE', *, *, #5228, .T. ) ;
#7083 = CARTESIAN_POINT ( 'NONE',  ( -0.9682748588229931341, 0.1868911109655856662, 7.700000000000000178 ) ) ;
#7084 = SURFACE_STYLE_FILL_AREA ( #3669 ) ;
#7085 = SURFACE_SIDE_STYLE ('',( #598 ) ) ;
#7086 = MECHANICAL_DESIGN_GEOMETRIC_PRESENTATION_REPRESENTATION (  '', ( #579 ), #7428 ) ;
#7087 = FILL_AREA_STYLE ('',( #8587 ) ) ;
#7088 = CARTESIAN_POINT ( 'NONE',  ( 0.04323097051167338473, -0.3062510900678760417, 7.700000000000000178 ) ) ;
#7089 = LINE ( 'NONE', #3928, #3413 ) ;
#7090 = CARTESIAN_POINT ( 'NONE',  ( 0.04647161436715990801, 0.1833488461196098873, 7.700000000000000178 ) ) ;
#7091 = EDGE_LOOP ( 'NONE', ( #2167, #3549, #9016, #2118 ) ) ;
#7092 = CARTESIAN_POINT ( 'NONE',  ( -0.04780027664417767913, -0.3685233062269059334, 7.700999999999998735 ) ) ;
#7093 =( NAMED_UNIT ( * ) PLANE_ANGLE_UNIT ( ) SI_UNIT ( $, .RADIAN. ) );
#7094 = ORIENTED_EDGE ( 'NONE', *, *, #8346, .T. ) ;
#7095 = UNCERTAINTY_MEASURE_WITH_UNIT (LENGTH_MEASURE( 1.000000000000000082E-05 ), #4050, 'distance_accuracy_value', 'NONE');
#7096 = COLOUR_RGB ( '',1.000000000000000000, 1.000000000000000000, 1.000000000000000000 ) ;
#7097 = EDGE_LOOP ( 'NONE', ( #3370, #6707, #9519, #4538 ) ) ;
#7098 = LINE ( 'NONE', #9426, #3885 ) ;
#7099 = DIRECTION ( 'NONE',  ( 1.221593242852756957E-16, -0.0000000000000000000, -1.000000000000000000 ) ) ;
#7100 = CARTESIAN_POINT ( 'NONE',  ( -1.364976726896315107, 0.5815247863426020736, 7.699999999999999289 ) ) ;
#7101 = SURFACE_SIDE_STYLE ('',( #3040 ) ) ;
#7102 = CARTESIAN_POINT ( 'NONE',  ( -1.098240571212065975, 0.8348785901313295899, 7.701000000000001400 ) ) ;
#7103 = MECHANICAL_DESIGN_GEOMETRIC_PRESENTATION_REPRESENTATION (  '', ( #6421 ), #7267 ) ;
#7104 = ORIENTED_EDGE ( 'NONE', *, *, #3547, .F. ) ;
#7105 = CARTESIAN_POINT ( 'NONE',  ( 1.750209852977628655, -0.9875676790898949564, 7.699999999999999289 ) ) ;
#7106 = CARTESIAN_POINT ( 'NONE',  ( 1.814688551849216402, -1.574653564717304999, 7.701000000000002288 ) ) ;
#7107 = CARTESIAN_POINT ( 'NONE',  ( 1.804945612640167507, -1.726617227224378937, 7.701000000000002288 ) ) ;
#7108 = CARTESIAN_POINT ( 'NONE',  ( -0.3820186993795131603, -0.1640759218389085672, 7.699999999999998401 ) ) ;
#7109 = UNCERTAINTY_MEASURE_WITH_UNIT (LENGTH_MEASURE( 1.000000000000000082E-05 ), #1570, 'distance_accuracy_value', 'NONE');
#7110 = AXIS2_PLACEMENT_3D ( 'NONE', #3609, #9462, #7772 ) ;
#7111 = DIRECTION ( 'NONE',  ( 1.221593242852756957E-16, -0.0000000000000000000, -1.000000000000000000 ) ) ;
#7112 =( GEOMETRIC_REPRESENTATION_CONTEXT ( 3 ) GLOBAL_UNCERTAINTY_ASSIGNED_CONTEXT ( ( #9563 ) ) GLOBAL_UNIT_ASSIGNED_CONTEXT ( ( #6878, #395, #3632 ) ) REPRESENTATION_CONTEXT ( 'NONE', 'WORKASPACE' ) );
#7113 = FILL_AREA_STYLE ('',( #7855 ) ) ;
#7114 = ORIENTED_EDGE ( 'NONE', *, *, #3814, .T. ) ;
#7115 = CARTESIAN_POINT ( 'NONE',  ( -0.5149773637200018017, 0.5730296264778258486, 7.701000000000000512 ) ) ;
#7116 = SURFACE_STYLE_FILL_AREA ( #3752 ) ;
#7117 = VECTOR ( 'NONE', #7891, 1000.000000000000000 ) ;
#7118 = CARTESIAN_POINT ( 'NONE',  ( 1.108089359789987460, -0.05205284159554314505, 7.701000000000001400 ) ) ;
#7119 = CARTESIAN_POINT ( 'NONE',  ( 1.146786118557883150, -1.486792461402306031, 7.701000000000000512 ) ) ;
#7120 = LINE ( 'NONE', #8779, #5810 ) ;
#7121 = CARTESIAN_POINT ( 'NONE',  ( -1.449820490163804099, 0.6330394874920726167, 7.700999999999999623 ) ) ;
#7122 = VERTEX_POINT ( 'NONE', #7409 ) ;
#7123 = CARTESIAN_POINT ( 'NONE',  ( -0.3999999999999996891, -1.306155281280883651, 0.2999999999999999889 ) ) ;
#7124 = UNCERTAINTY_MEASURE_WITH_UNIT (LENGTH_MEASURE( 1.000000000000000082E-05 ), #8077, 'distance_accuracy_value', 'NONE');
#7125 = VECTOR ( 'NONE', #3373, 1000.000000000000000 ) ;
#7126 =( NAMED_UNIT ( * ) PLANE_ANGLE_UNIT ( ) SI_UNIT ( $, .RADIAN. ) );
#7127 = FILL_AREA_STYLE ('',( #9626 ) ) ;
#7128 = DIRECTION ( 'NONE',  ( -1.224646799147353207E-16, 1.000000000000000000, -1.496020254719664150E-32 ) ) ;
#7129 = CARTESIAN_POINT ( 'NONE',  ( -1.197276228481019000, 0.7230088221314526775, 7.701000000000000512 ) ) ;
#7130 = LINE ( 'NONE', #5509, #6524 ) ;
#7131 = DIRECTION ( 'NONE',  ( 0.0000000000000000000, -1.000000000000000000, 5.388269236739863411E-13 ) ) ;
#7132 = EDGE_CURVE ( 'NONE', #3256, #1104, #4255, .T. ) ;
#7133 = ADVANCED_FACE ( 'NONE', ( #799 ), #46, .T. ) ;
#7134 = VERTEX_POINT ( 'NONE', #4974 ) ;
#7135 = EDGE_CURVE ( 'NONE', #6620, #9504, #686, .T. ) ;
#7136 = CARTESIAN_POINT ( 'NONE',  ( 1.234053943725264668, -1.693480701305958069, 7.699999999999999289 ) ) ;
#7137 = CARTESIAN_POINT ( 'NONE',  ( 1.365419857058584041, -1.143202046146256867, 7.700000000000003730 ) ) ;
#7138 = PLANE ( 'NONE',  #8877 ) ;
#7139 = CARTESIAN_POINT ( 'NONE',  ( 1.102286777327162959, -1.334555240607410154, 7.701000000000004064 ) ) ;
#7140 = LINE ( 'NONE', #7192, #22 ) ;
#7141 = FILL_AREA_STYLE_COLOUR ( '', #9198 ) ;
#7142 = FACE_OUTER_BOUND ( 'NONE', #5641, .T. ) ;
#7143 = ORIENTED_EDGE ( 'NONE', *, *, #1083, .T. ) ;
#7144 = DIRECTION ( 'NONE',  ( 0.0000000000000000000, 0.0000000000000000000, 1.000000000000000000 ) ) ;
#7145 = FACE_OUTER_BOUND ( 'NONE', #538, .T. ) ;
#7146 = ADVANCED_FACE ( 'NONE', ( #5727 ), #4917, .T. ) ;
#7147 = EDGE_CURVE ( 'NONE', #4470, #1691, #5800, .T. ) ;
#7148 = ORIENTED_EDGE ( 'NONE', *, *, #4224, .F. ) ;
#7149 = EDGE_LOOP ( 'NONE', ( #318, #1823, #4442, #5138 ) ) ;
#7150 = CARTESIAN_POINT ( 'NONE',  ( -0.3999999999999996891, 1.000000000000000000, 0.2999999999999999889 ) ) ;
#7151 = DIRECTION ( 'NONE',  ( -1.000000000000000000, 0.0000000000000000000, -1.434733701935704689E-16 ) ) ;
#7152 = CARTESIAN_POINT ( 'NONE',  ( -1.077104262341315621, 0.6061527886515043484, 7.700000000000001066 ) ) ;
#7153 = CARTESIAN_POINT ( 'NONE',  ( -1.266136685412561969, 0.7148711887303961232, 7.700000000000001066 ) ) ;
#7154 = CARTESIAN_POINT ( 'NONE',  ( -1.114521050346650499, 0.7949567008035792748, 7.701000000000002288 ) ) ;
#7155 = EDGE_LOOP ( 'NONE', ( #7671, #1036, #9972, #7647 ) ) ;
#7156 =( LENGTH_UNIT ( ) NAMED_UNIT ( * ) SI_UNIT ( .MILLI., .METRE. ) );
#7157 =( NAMED_UNIT ( * ) PLANE_ANGLE_UNIT ( ) SI_UNIT ( $, .RADIAN. ) );
#7158 = CARTESIAN_POINT ( 'NONE',  ( 2.020875498426772943, -0.02711323733051318810, 7.701000000000000512 ) ) ;
#7159 = CARTESIAN_POINT ( 'NONE',  ( 0.6137097567722203939, 0.8431543013525494290, 7.700000000000000178 ) ) ;
#7160 = CARTESIAN_POINT ( 'NONE',  ( -0.4058497167683351448, -0.1270841097091136851, 7.700000000000001954 ) ) ;
#7161 = COLOUR_RGB ( '',0.0000000000000000000, 0.0000000000000000000, 0.0000000000000000000 ) ;
#7162 = CARTESIAN_POINT ( 'NONE',  ( 1.904006536338551436, -1.032544301204454618, 7.700000000000001066 ) ) ;
#7163 = B_SPLINE_CURVE_WITH_KNOTS ( 'NONE', 3,
 ( #2825, #4436, #1957, #1008, #9956, #6004, #9314, #1118, #9262, #320, #2610, #4319, #437, #270, #3565, #6810, #4486, #5243, #4267 ),
 .UNSPECIFIED., .F., .F.,
 ( 4, 1, 1, 1, 1, 1, 1, 1, 1, 1, 1, 1, 1, 1, 1, 1, 4 ),
 ( 0.0000000000000000000, 0.07012925196739774880, 0.1366093652545962156, 0.2003726736648311357, 0.2614744070297695955, 0.3211020693615152521, 0.3794000606333551850, 0.4375997842469309673, 0.4959602233326763088, 0.5544156927098762289, 0.6127523500346153673, 0.6723101566411204821, 0.7327956072376285990, 0.7950224900379673221, 0.8599396375481983545, 0.9281047544961918971, 1.000000000000000000 ),
 .UNSPECIFIED. ) ;
#7164 =( LENGTH_UNIT ( ) NAMED_UNIT ( * ) SI_UNIT ( .MILLI., .METRE. ) );
#7165 = CARTESIAN_POINT ( 'NONE',  ( 3.150000000000001688, 3.857637417314163675E-16, 0.9000000000000021316 ) ) ;
#7166 = ORIENTED_EDGE ( 'NONE', *, *, #9282, .F. ) ;
#7167 = LINE ( 'NONE', #3058, #7697 ) ;
#7168 =( LENGTH_UNIT ( ) NAMED_UNIT ( * ) SI_UNIT ( .MILLI., .METRE. ) );
#7169 = CARTESIAN_POINT ( 'NONE',  ( 1.101417047856113829, -0.1066740881446573280, 7.701000000000001400 ) ) ;
#7170 = FILL_AREA_STYLE_COLOUR ( '', #6347 ) ;
#7171 = PRESENTATION_STYLE_ASSIGNMENT (( #678 ) ) ;
#7172 = VECTOR ( 'NONE', #2995, 1000.000000000000227 ) ;
#7173 = MECHANICAL_DESIGN_GEOMETRIC_PRESENTATION_REPRESENTATION (  '', ( #7000 ), #3349 ) ;
#7174 = ORIENTED_EDGE ( 'NONE', *, *, #2327, .T. ) ;
#7175 =( NAMED_UNIT ( * ) SI_UNIT ( $, .STERADIAN. ) SOLID_ANGLE_UNIT ( ) );
#7176 = PLANE ( 'NONE',  #8727 ) ;
#7177 = CYLINDRICAL_SURFACE ( 'NONE', #7058, 0.09999999999999982514 ) ;
#7178 = DIRECTION ( 'NONE',  ( 1.000000000000000000, 0.0000000000000000000, -0.0000000000000000000 ) ) ;
#7179 = VECTOR ( 'NONE', #8051, 1000.000000000000000 ) ;
#7180 = PLANE ( 'NONE',  #5647 ) ;
#7181 = CARTESIAN_POINT ( 'NONE',  ( 1.814645377841686225, 0.1045072249824021970, 7.701000000000003176 ) ) ;
#7182 = DIRECTION ( 'NONE',  ( -0.0000000000000000000, -0.0000000000000000000, -1.000000000000000000 ) ) ;
#7183 = VERTEX_POINT ( 'NONE', #5996 ) ;
#7184 = COLOUR_RGB ( '',1.000000000000000000, 1.000000000000000000, 1.000000000000000000 ) ;
#7185 = COLOUR_RGB ( '',0.7529411764705882248, 0.7529411764705882248, 0.7529411764705882248 ) ;
#7186 = CARTESIAN_POINT ( 'NONE',  ( 1.189120717648108894, -1.671772131727081057, 7.699999999999999289 ) ) ;
#7187 = COLOUR_RGB ( '',0.0000000000000000000, 0.0000000000000000000, 0.0000000000000000000 ) ;
#7188 = CARTESIAN_POINT ( 'NONE',  ( 2.036574967193720109, -1.362496080374185681, 7.701000000000001400 ) ) ;
#7189 = CARTESIAN_POINT ( 'NONE',  ( -0.3999999999999993006, -1.000000000000000444, 0.6999999999999999556 ) ) ;
#7190 = CARTESIAN_POINT ( 'NONE',  ( 0.5000000000000000000, 3.299999999999999822, 0.2999999999999999889 ) ) ;
#7191 = EDGE_CURVE ( 'NONE', #10317, #9204, #2603, .T. ) ;
#7192 = CARTESIAN_POINT ( 'NONE',  ( -0.3999999999999996891, -1.000000000000000000, 0.2999999999999999889 ) ) ;
#7193 = FACE_OUTER_BOUND ( 'NONE', #6654, .T. ) ;
#7194 = CARTESIAN_POINT ( 'NONE',  ( 0.04802109958287107544, 0.1694892335373095471, 7.700000000000001954 ) ) ;
#7195 = PRESENTATION_LAYER_ASSIGNMENT (  '', '', ( #6332 ) ) ;
#7196 = VECTOR ( 'NONE', #5500, 1000.000000000000000 ) ;
#7197 = CARTESIAN_POINT ( 'NONE',  ( 1.772572157991250341, -1.143202046146256423, 7.700999999999998735 ) ) ;
#7198 = ORIENTED_EDGE ( 'NONE', *, *, #3344, .T. ) ;
#7199 = ORIENTED_EDGE ( 'NONE', *, *, #8303, .T. ) ;
#7200 = VECTOR ( 'NONE', #1762, 1000.000000000000000 ) ;
#7201 = DIRECTION ( 'NONE',  ( -1.227398685832646557E-16, 1.000000000000000000, 0.0000000000000000000 ) ) ;
#7202 = MECHANICAL_DESIGN_GEOMETRIC_PRESENTATION_REPRESENTATION (  '', ( #163 ), #2022 ) ;
#7203 = CARTESIAN_POINT ( 'NONE',  ( 1.016402691552694915, 0.9697632892271136340, 7.700000000000000178 ) ) ;
#7204 = EDGE_CURVE ( 'NONE', #7843, #8045, #5298, .T. ) ;
#7205 =( NAMED_UNIT ( * ) SI_UNIT ( $, .STERADIAN. ) SOLID_ANGLE_UNIT ( ) );
#7206 = ADVANCED_FACE ( 'NONE', ( #5237 ), #1899, .T. ) ;
#7207 = LINE ( 'NONE', #10362, #6484 ) ;
#7208 = SURFACE_SIDE_STYLE ('',( #4722 ) ) ;
#7209 = ORIENTED_EDGE ( 'NONE', *, *, #6872, .T. ) ;
#7210 = LINE ( 'NONE', #1499, #5008 ) ;
#7211 = EDGE_CURVE ( 'NONE', #9856, #7043, #5029, .T. ) ;
#7212 =( NAMED_UNIT ( * ) PLANE_ANGLE_UNIT ( ) SI_UNIT ( $, .RADIAN. ) );
#7213 = FILL_AREA_STYLE ('',( #8004 ) ) ;
#7214 = CARTESIAN_POINT ( 'NONE',  ( -0.2396311353450527037, -0.3965173793396219448, 7.701000000000000512 ) ) ;
#7215 = VECTOR ( 'NONE', #6590, 1000.000000000000000 ) ;
#7216 = UNCERTAINTY_MEASURE_WITH_UNIT (LENGTH_MEASURE( 1.000000000000000082E-05 ), #414, 'distance_accuracy_value', 'NONE');
#7217 = COLOUR_RGB ( '',0.0000000000000000000, 0.0000000000000000000, 0.0000000000000000000 ) ;
#7218 = CARTESIAN_POINT ( 'NONE',  ( -1.863582298643372326, -0.1502882240607342212, 7.701000000000000512 ) ) ;
#7219 = CARTESIAN_POINT ( 'NONE',  ( 0.6089285890062423601, 1.026855209795008328, 7.700000000000001954 ) ) ;
#7220 = PRESENTATION_LAYER_ASSIGNMENT (  '', '', ( #10461 ) ) ;
#7221 = CARTESIAN_POINT ( 'NONE',  ( 1.568996007524917191, -1.129149383645531080, 7.699999999999999289 ) ) ;
#7222 = VERTEX_POINT ( 'NONE', #1789 ) ;
#7223 = DIRECTION ( 'NONE',  ( 1.000000000000000000, 0.0000000000000000000, 0.0000000000000000000 ) ) ;
#7224 = DIRECTION ( 'NONE',  ( -0.3524379323345200876, 0.9358351905393216263, 0.0000000000000000000 ) ) ;
#7225 = PRESENTATION_STYLE_ASSIGNMENT (( #4891 ) ) ;
#7226 = CARTESIAN_POINT ( 'NONE',  ( -2.073461490767437354, 1.224806358137370044, 7.701000000000000512 ) ) ;
#7227 = PRESENTATION_LAYER_ASSIGNMENT (  '', '', ( #3766 ) ) ;
#7228 = EDGE_LOOP ( 'NONE', ( #5661, #2928, #2533, #3603 ) ) ;
#7229 = SURFACE_SIDE_STYLE ('',( #2419 ) ) ;
#7230 = CARTESIAN_POINT ( 'NONE',  ( 0.6178494726278108695, 0.8793347857779811871, 7.701000000000000512 ) ) ;
#7231 = FACE_OUTER_BOUND ( 'NONE', #7259, .T. ) ;
#7232 = PRESENTATION_LAYER_ASSIGNMENT (  '', '', ( #6388 ) ) ;
#7233 = STYLED_ITEM ( 'NONE', ( #98 ), #5093 ) ;
#7234 = CARTESIAN_POINT ( 'NONE',  ( 3.150000000000001688, 3.857637417314163675E-16, 1.700000000000000844 ) ) ;
#7235 = DIRECTION ( 'NONE',  ( 1.221593242852756957E-16, -0.0000000000000000000, -1.000000000000000000 ) ) ;
#7236 = DIRECTION ( 'NONE',  ( -0.0000000000000000000, -0.0000000000000000000, -1.000000000000000000 ) ) ;
#7237 = FILL_AREA_STYLE ('',( #5655 ) ) ;
#7238 = CARTESIAN_POINT ( 'NONE',  ( 0.05027906022453970669, 0.6880364012577577792, 7.701000000000003176 ) ) ;
#7239 = CARTESIAN_POINT ( 'NONE',  ( 1.333373719291305992, -0.9992071872707957159, 7.699999999999998401 ) ) ;
#7240 = ORIENTED_EDGE ( 'NONE', *, *, #650, .F. ) ;
#7241 = CIRCLE ( 'NONE', #8606, 2.949999999999998845 ) ;
#7242 = VECTOR ( 'NONE', #1412, 1000.000000000000000 ) ;
#7243 = UNCERTAINTY_MEASURE_WITH_UNIT (LENGTH_MEASURE( 1.000000000000000082E-05 ), #2851, 'distance_accuracy_value', 'NONE');
#7244 =( LENGTH_UNIT ( ) NAMED_UNIT ( * ) SI_UNIT ( .MILLI., .METRE. ) );
#7245 = CARTESIAN_POINT ( 'NONE',  ( -0.2095910546332118152, 0.9624896825049020777, 7.699999999999999289 ) ) ;
#7246 = DIRECTION ( 'NONE',  ( 1.000000000000000000, 0.0000000000000000000, -0.0000000000000000000 ) ) ;
#7247 = CARTESIAN_POINT ( 'NONE',  ( 2.148665991867709124, -0.1496435234377002932, 7.700000000000001066 ) ) ;
#7248 = SURFACE_STYLE_FILL_AREA ( #699 ) ;
#7249 = DIRECTION ( 'NONE',  ( 1.000000000000000000, 0.0000000000000000000, 0.0000000000000000000 ) ) ;
#7250 = STYLED_ITEM ( 'NONE', ( #7590 ), #5732 ) ;
#7251 = DIRECTION ( 'NONE',  ( -0.0000000000000000000, -0.0000000000000000000, -1.000000000000000000 ) ) ;
#7252 = ADVANCED_FACE ( 'NONE', ( #1000 ), #955, .T. ) ;
#7253 = ORIENTED_EDGE ( 'NONE', *, *, #769, .T. ) ;
#7254 = ORIENTED_EDGE ( 'NONE', *, *, #4477, .T. ) ;
#7255 = CARTESIAN_POINT ( 'NONE',  ( 1.804945612640167507, -1.726617227224378937, 7.700000000000001954 ) ) ;
#7256 = LINE ( 'NONE', #3088, #6146 ) ;
#7257 =( LENGTH_UNIT ( ) NAMED_UNIT ( * ) SI_UNIT ( .MILLI., .METRE. ) );
#7258 = CARTESIAN_POINT ( 'NONE',  ( -1.081627333894218168, 0.9682135483569992429, 7.699999999999999289 ) ) ;
#7259 = EDGE_LOOP ( 'NONE', ( #4775, #9926, #5903, #4494 ) ) ;
#7260 = FILL_AREA_STYLE_COLOUR ( '', #4863 ) ;
#7261 = CARTESIAN_POINT ( 'NONE',  ( 1.167288853372377311, 0.03622830616507979190, 7.701000000000004952 ) ) ;
#7262 = CARTESIAN_POINT ( 'NONE',  ( -1.858578643762690330, -3.299999999999999822, 0.6999999999999999556 ) ) ;
#7263 = CARTESIAN_POINT ( 'NONE',  ( -0.3115995126259472059, -0.3833153908408293842, 7.701000000000001400 ) ) ;
#7264 = EDGE_CURVE ( 'NONE', #7134, #2507, #10385, .T. ) ;
#7265 = CARTESIAN_POINT ( 'NONE',  ( 1.631805812733146954, -0.9743720189187837777, 7.701000000000001400 ) ) ;
#7266 = EDGE_CURVE ( 'NONE', #8802, #419, #9573, .T. ) ;
#7267 =( GEOMETRIC_REPRESENTATION_CONTEXT ( 3 ) GLOBAL_UNCERTAINTY_ASSIGNED_CONTEXT ( ( #6682 ) ) GLOBAL_UNIT_ASSIGNED_CONTEXT ( ( #7624, #3513, #10059 ) ) REPRESENTATION_CONTEXT ( 'NONE', 'WORKASPACE' ) );
#7268 = STYLED_ITEM ( 'NONE', ( #8019 ), #2648 ) ;
#7269 = CARTESIAN_POINT ( 'NONE',  ( -0.05935354790636666877, 0.9775119935776857005, 7.700000000000000178 ) ) ;
#7270 = ORIENTED_EDGE ( 'NONE', *, *, #6360, .T. ) ;
#7271 = DIRECTION ( 'NONE',  ( -1.000000000000000000, 0.0000000000000000000, 0.0000000000000000000 ) ) ;
#7272 = DIRECTION ( 'NONE',  ( -0.9358351905393215153, -0.3524379323345200321, 0.0000000000000000000 ) ) ;
#7273 = DIRECTION ( 'NONE',  ( 0.0000000000000000000, 0.0000000000000000000, 1.000000000000000000 ) ) ;
#7274 = SURFACE_STYLE_USAGE ( .BOTH. , #4005 ) ;
#7275 = CARTESIAN_POINT ( 'NONE',  ( -1.300000000000000044, -3.299999999999999822, 0.6999999999999999556 ) ) ;
#7276 = SURFACE_STYLE_FILL_AREA ( #3111 ) ;
#7277 = FACE_OUTER_BOUND ( 'NONE', #733, .T. ) ;
#7278 = VECTOR ( 'NONE', #7601, 1000.000000000000000 ) ;
#7279 = EDGE_CURVE ( 'NONE', #8897, #1299, #8787, .T. ) ;
#7280 = ORIENTED_EDGE ( 'NONE', *, *, #7384, .F. ) ;
#7281 = LINE ( 'NONE', #10543, #5998 ) ;
#7282 = COLOUR_RGB ( '',0.0000000000000000000, 0.0000000000000000000, 0.0000000000000000000 ) ;
#7283 = DIRECTION ( 'NONE',  ( -0.0000000000000000000, -0.0000000000000000000, -1.000000000000000000 ) ) ;
#7284 =( LENGTH_UNIT ( ) NAMED_UNIT ( * ) SI_UNIT ( .MILLI., .METRE. ) );
#7285 = CARTESIAN_POINT ( 'NONE',  ( 1.333419584706074357, -0.4707695213665537004, 7.699999999999997513 ) ) ;
#7286 = CARTESIAN_POINT ( 'NONE',  ( 2.168404344971008868E-14, 2.168404344971008868E-14, 0.6999999999999999556 ) ) ;
#7287 = CARTESIAN_POINT ( 'NONE',  ( 1.233985478711282502, 0.2232776910250738600, 7.701000000000002288 ) ) ;
#7288 = VECTOR ( 'NONE', #10038, 1000.000000000000000 ) ;
#7289 = VERTEX_POINT ( 'NONE', #4478 ) ;
#7290 = LINE ( 'NONE', #3976, #6259 ) ;
#7291 = CARTESIAN_POINT ( 'NONE',  ( -0.1730817737297938586, 0.9298927345083135565, 7.700999999999999623 ) ) ;
#7292 = CARTESIAN_POINT ( 'NONE',  ( 0.0000000000000000000, 1.100000000000000089, 0.7000000000000000666 ) ) ;
#7293 = FILL_AREA_STYLE_COLOUR ( '', #2757 ) ;
#7294 = CARTESIAN_POINT ( 'NONE',  ( 2.027767791623391158, -0.3633386768006893752, 7.699999999999999289 ) ) ;
#7295 =( NAMED_UNIT ( * ) PLANE_ANGLE_UNIT ( ) SI_UNIT ( $, .RADIAN. ) );
#7296 = CARTESIAN_POINT ( 'NONE',  ( 0.05178501163612356933, 0.1018767546621668907, 7.701000000000000512 ) ) ;
#7297 = FILL_AREA_STYLE_COLOUR ( '', #1772 ) ;
#7298 = ORIENTED_EDGE ( 'NONE', *, *, #7279, .T. ) ;
#7299 = ORIENTED_EDGE ( 'NONE', *, *, #714, .F. ) ;
#7300 = CARTESIAN_POINT ( 'NONE',  ( 1.568996007524917191, -0.3409063510848060474, 7.700000000000000178 ) ) ;
#7301 = CARTESIAN_POINT ( 'NONE',  ( 1.101716121119868719, -0.1161511478022595328, 7.700999999999999623 ) ) ;
#7302 = CARTESIAN_POINT ( 'NONE',  ( -1.114521050346650499, 0.7949567008035792748, 7.700000000000001066 ) ) ;
#7303 = EDGE_LOOP ( 'NONE', ( #7199, #7332, #9552, #2483 ) ) ;
#7304 = CARTESIAN_POINT ( 'NONE',  ( 2.110730245456643672, -1.203967053607077231, 7.700000000000002842 ) ) ;
#7305 = FILL_AREA_STYLE_COLOUR ( '', #8121 ) ;
#7306 =( LENGTH_UNIT ( ) NAMED_UNIT ( * ) SI_UNIT ( .MILLI., .METRE. ) );
#7307 = SURFACE_SIDE_STYLE ('',( #7903 ) ) ;
#7308 = FILL_AREA_STYLE_COLOUR ( '', #4151 ) ;
#7309 = CARTESIAN_POINT ( 'NONE',  ( 0.4201805556176050893, 1.210637298753467039, 7.700000000000000178 ) ) ;
#7310 = UNCERTAINTY_MEASURE_WITH_UNIT (LENGTH_MEASURE( 1.000000000000000082E-05 ), #10545, 'distance_accuracy_value', 'NONE');
#7311 = PLANE ( 'NONE',  #4344 ) ;
#7312 = CARTESIAN_POINT ( 'NONE',  ( 0.6179081240732957614, 0.9534475980243077853, 7.700000000000003730 ) ) ;
#7313 = EDGE_CURVE ( 'NONE', #7043, #5348, #4700, .T. ) ;
#7314 = ORIENTED_EDGE ( 'NONE', *, *, #6088, .T. ) ;
#7315 = CARTESIAN_POINT ( 'NONE',  ( -0.9722095601561913103, 0.8142603103830727829, 7.700999999999999623 ) ) ;
#7316 = CARTESIAN_POINT ( 'NONE',  ( 0.001269177717906747960, 0.7368384892911490347, 7.701000000000004064 ) ) ;
#7317 = CARTESIAN_POINT ( 'NONE',  ( 1.130216985497992210, -0.004132289727723130815, 7.699999999999999289 ) ) ;
#7318 = DIRECTION ( 'NONE',  ( -0.001697623765138311100, 0.9999985590357378662, 0.0000000000000000000 ) ) ;
#7319 = SURFACE_STYLE_USAGE ( .BOTH. , #3654 ) ;
#7320 = B_SPLINE_SURFACE_WITH_KNOTS ( 'NONE', 3, 1, ( 
 ( #5646, #10431 ),
 ( #878, #129 ),
 ( #2576, #3422 ),
 ( #5105, #5752 ),
 ( #2470, #9119 ),
 ( #4119, #9013 ),
 ( #6728, #9975 ),
 ( #8330, #9233 ),
 ( #1768, #5864 ),
 ( #6578, #3355 ),
 ( #8217, #8384 ),
 ( #5056, #4232 ),
 ( #20, #4180 ),
 ( #77, #6674 ),
 ( #8161, #7486 ),
 ( #2630, #7380 ),
 ( #2683, #933 ),
 ( #3309, #980 ),
 ( #7432, #822 ) ),
 .UNSPECIFIED., .F., .F., .F.,
 ( 4, 1, 1, 1, 1, 1, 1, 1, 1, 1, 1, 1, 1, 1, 1, 1, 4 ),
 ( 2, 2 ),
 ( 0.0000000000000000000, 0.04879277686187697555, 0.09542715896032306910, 0.1408030455766614009, 0.1857752127065762371, 0.2315891864624200491, 0.2794867717830586407, 0.3298631687827400794, 0.3840370720222978096, 0.4422896088069718235, 0.5054548246977786929, 0.5735598446335262723, 0.6472034492519677107, 0.7263491921920584016, 0.8115303437582848112, 0.9025925981081204252, 1.000000000000000000 ),
 ( 0.0000000000000000000, 1.000000000000000000 ),
 .UNSPECIFIED. ) ;
#7321 = ORIENTED_EDGE ( 'NONE', *, *, #9261, .F. ) ;
#7322 = DIRECTION ( 'NONE',  ( -1.224646799147353207E-16, 1.000000000000000000, -1.496020254719664150E-32 ) ) ;
#7323 = UNCERTAINTY_MEASURE_WITH_UNIT (LENGTH_MEASURE( 1.000000000000000082E-05 ), #8596, 'distance_accuracy_value', 'NONE');
#7324 = SURFACE_SIDE_STYLE ('',( #3828 ) ) ;
#7325 = FILL_AREA_STYLE ('',( #4014 ) ) ;
#7326 = EDGE_CURVE ( 'NONE', #1880, #657, #7981, .T. ) ;
#7327 = ORIENTED_EDGE ( 'NONE', *, *, #2652, .F. ) ;
#7328 = EDGE_CURVE ( 'NONE', #6013, #5348, #2104, .T. ) ;
#7329 = SURFACE_STYLE_USAGE ( .BOTH. , #784 ) ;
#7330 = CARTESIAN_POINT ( 'NONE',  ( 1.387774831242258200, -0.4825120013265910557, 7.701000000000001400 ) ) ;
#7331 = B_SPLINE_CURVE_WITH_KNOTS ( 'NONE', 3,
 ( #669, #3804, #3103, #2090, #468, #10251, #9612, #4682, #3005, #5594, #1298, #6414, #3854, #2303, #2904, #5434, #8771, #7967, #6204 ),
 .UNSPECIFIED., .F., .F.,
 ( 4, 1, 1, 1, 1, 1, 1, 1, 1, 1, 1, 1, 1, 1, 1, 1, 4 ),
 ( 0.0000000000000000000, 0.05551817446916562648, 0.1097471184024841756, 0.1624352648495332452, 0.2147137883232801414, 0.2659563692416745395, 0.3167506164257143930, 0.3675251740084004570, 0.4185649003295843218, 0.4719529624820097413, 0.5305510956145390589, 0.5948234742884874748, 0.6645435119110325584, 0.7398682912118582644, 0.8204878306950423861, 0.9075305155199062668, 0.9999999999999998890 ),
 .UNSPECIFIED. ) ;
#7332 = ORIENTED_EDGE ( 'NONE', *, *, #7650, .F. ) ;
#7333 = CARTESIAN_POINT ( 'NONE',  ( 0.1648304827136320982, 0.03847657041642719294, 7.701000000000002288 ) ) ;
#7334 = CYLINDRICAL_SURFACE ( 'NONE', #2379, 3.150000000000000799 ) ;
#7335 =( NAMED_UNIT ( * ) PLANE_ANGLE_UNIT ( ) SI_UNIT ( $, .RADIAN. ) );
#7336 = VECTOR ( 'NONE', #962, 1000.000000000000000 ) ;
#7337 = CARTESIAN_POINT ( 'NONE',  ( 2.036574967193720109, -0.1066740881446573280, 7.700000000000000178 ) ) ;
#7338 = CARTESIAN_POINT ( 'NONE',  ( 1.568996007524917191, -0.9732897304225965884, 7.701000000000000512 ) ) ;
#7339 = ORIENTED_EDGE ( 'NONE', *, *, #1480, .F. ) ;
#7340 = SURFACE_STYLE_USAGE ( .BOTH. , #9786 ) ;
#7341 = VECTOR ( 'NONE', #6732, 1000.000000000000000 ) ;
#7342 = CARTESIAN_POINT ( 'NONE',  ( 2.087959423594328179, 0.08633012092532101056, 7.700999999999999623 ) ) ;
#7343 = PRESENTATION_LAYER_ASSIGNMENT (  '', '', ( #2166 ) ) ;
#7344 = CARTESIAN_POINT ( 'NONE',  ( 3.299999999999999378, 1.300000000000002043, 0.6999999999999999556 ) ) ;
#7345 = PRESENTATION_LAYER_ASSIGNMENT (  '', '', ( #3546 ) ) ;
#7346 = SURFACE_STYLE_FILL_AREA ( #795 ) ;
#7347 =( NAMED_UNIT ( * ) PLANE_ANGLE_UNIT ( ) SI_UNIT ( $, .RADIAN. ) );
#7348 = CARTESIAN_POINT ( 'NONE',  ( 1.284860629587200043, -0.3086036480344716004, 7.700000000000002842 ) ) ;
#7349 = PRESENTATION_STYLE_ASSIGNMENT (( #3327 ) ) ;
#7350 =( LENGTH_UNIT ( ) NAMED_UNIT ( * ) SI_UNIT ( .MILLI., .METRE. ) );
#7351 = AXIS2_PLACEMENT_3D ( 'NONE', #6049, #6801, #5233 ) ;
#7352 = PRESENTATION_LAYER_ASSIGNMENT (  '', '', ( #8024 ) ) ;
#7353 = EDGE_LOOP ( 'NONE', ( #8689, #4002, #1991, #8983 ) ) ;
#7354 = VERTEX_POINT ( 'NONE', #10166 ) ;
#7355 = VECTOR ( 'NONE', #4441, 1000.000000000000000 ) ;
#7356 = LINE ( 'NONE', #9804, #10070 ) ;
#7357 = CARTESIAN_POINT ( 'NONE',  ( -1.863582298643372326, -0.1502882240607342212, 7.700000000000000178 ) ) ;
#7358 = CARTESIAN_POINT ( 'NONE',  ( 1.101417047856113829, -0.1066740881446573280, 7.701000000000000512 ) ) ;
#7359 = VECTOR ( 'NONE', #4143, 1000.000000000000000 ) ;
#7360 = CARTESIAN_POINT ( 'NONE',  ( -3.200000000000000178, 3.200000000000000178, 0.6999999999999999556 ) ) ;
#7361 = AXIS2_PLACEMENT_3D ( 'NONE', #5389, #2961, #8669 ) ;
#7362 = EDGE_LOOP ( 'NONE', ( #8792, #2615, #7747, #9908 ) ) ;
#7363 = LINE ( 'NONE', #1700, #6047 ) ;
#7364 = PRESENTATION_LAYER_ASSIGNMENT (  '', '', ( #3378 ) ) ;
#7365 = SURFACE_STYLE_USAGE ( .BOTH. , #4044 ) ;
#7366 = SURFACE_STYLE_FILL_AREA ( #3403 ) ;
#7367 = CARTESIAN_POINT ( 'NONE',  ( -0.4927865278611351929, -0.2306456009733207912, 7.700000000000001066 ) ) ;
#7368 = ORIENTED_EDGE ( 'NONE', *, *, #4217, .T. ) ;
#7369 = PRESENTATION_LAYER_ASSIGNMENT (  '', '', ( #1354 ) ) ;
#7370 =( GEOMETRIC_REPRESENTATION_CONTEXT ( 3 ) GLOBAL_UNCERTAINTY_ASSIGNED_CONTEXT ( ( #6583 ) ) GLOBAL_UNIT_ASSIGNED_CONTEXT ( ( #2564, #4106, #225 ) ) REPRESENTATION_CONTEXT ( 'NONE', 'WORKASPACE' ) );
#7371 =( GEOMETRIC_REPRESENTATION_CONTEXT ( 3 ) GLOBAL_UNCERTAINTY_ASSIGNED_CONTEXT ( ( #465 ) ) GLOBAL_UNIT_ASSIGNED_CONTEXT ( ( #9450, #7063, #8561 ) ) REPRESENTATION_CONTEXT ( 'NONE', 'WORKASPACE' ) );
#7372 = FACE_OUTER_BOUND ( 'NONE', #1029, .T. ) ;
#7373 = ORIENTED_EDGE ( 'NONE', *, *, #8054, .T. ) ;
#7374 = COLOUR_RGB ( '',0.0000000000000000000, 0.0000000000000000000, 0.0000000000000000000 ) ;
#7375 = CARTESIAN_POINT ( 'NONE',  ( 1.624446146010954273, -1.129629892381772027, 7.700000000000002842 ) ) ;
#7376 = MECHANICAL_DESIGN_GEOMETRIC_PRESENTATION_REPRESENTATION (  '', ( #3579 ), #5486 ) ;
#7377 = CARTESIAN_POINT ( 'NONE',  ( -0.3874558292648735969, 1.054777645530532437, 7.700000000000000178 ) ) ;
#7378 = VECTOR ( 'NONE', #7182, 1000.000000000000000 ) ;
#7379 = CARTESIAN_POINT ( 'NONE',  ( -0.5193209717570305139, 0.1804435739868439914, 7.701000000000000512 ) ) ;
#7380 = CARTESIAN_POINT ( 'NONE',  ( 1.460530245480272216, -0.3374394341483976101, 7.700000000000001954 ) ) ;
#7381 = MECHANICAL_DESIGN_GEOMETRIC_PRESENTATION_REPRESENTATION (  '', ( #4795 ), #1535 ) ;
#7382 = CARTESIAN_POINT ( 'NONE',  ( 1.568996007524917191, -0.3409063510848060474, 7.701000000000000512 ) ) ;
#7383 = VERTEX_POINT ( 'NONE', #7077 ) ;
#7384 = EDGE_CURVE ( 'NONE', #8747, #2571, #5342, .T. ) ;
#7385 = CARTESIAN_POINT ( 'NONE',  ( 2.007782352269932069, -1.465492452968370829, 7.699999999999996625 ) ) ;
#7386 = CARTESIAN_POINT ( 'NONE',  ( -0.3999999999999996891, 1.000000000000000000, 0.0000000000000000000 ) ) ;
#7387 = ORIENTED_EDGE ( 'NONE', *, *, #2518, .F. ) ;
#7388 = LINE ( 'NONE', #3260, #1212 ) ;
#7389 = DIRECTION ( 'NONE',  ( -0.0000000000000000000, -0.0000000000000000000, -1.000000000000000000 ) ) ;
#7390 = ORIENTED_EDGE ( 'NONE', *, *, #9610, .F. ) ;
#7391 = DIRECTION ( 'NONE',  ( -1.000000000000000000, 0.0000000000000000000, 0.0000000000000000000 ) ) ;
#7392 =( LENGTH_UNIT ( ) NAMED_UNIT ( * ) SI_UNIT ( .MILLI., .METRE. ) );
#7393 = AXIS2_PLACEMENT_3D ( 'NONE', #2200, #3696, #10257 ) ;
#7394 = PRESENTATION_STYLE_ASSIGNMENT (( #839 ) ) ;
#7395 = COLOUR_RGB ( '',0.0000000000000000000, 0.0000000000000000000, 0.0000000000000000000 ) ;
#7396 = CARTESIAN_POINT ( 'NONE',  ( 1.568996007524917191, -0.4967660043077405385, 7.700000000000000178 ) ) ;
#7397 = CARTESIAN_POINT ( 'NONE',  ( 1.506186202316686762, 0.2814499733107446722, 7.701000000000000512 ) ) ;
#7398 = ORIENTED_EDGE ( 'NONE', *, *, #1989, .T. ) ;
#7399 = EDGE_CURVE ( 'NONE', #592, #10516, #4585, .T. ) ;
#7400 = FILL_AREA_STYLE_COLOUR ( '', #5187 ) ;
#7401 = PRESENTATION_LAYER_ASSIGNMENT (  '', '', ( #1383 ) ) ;
#7402 = VECTOR ( 'NONE', #3830, 1000.000000000000000 ) ;
#7403 = CARTESIAN_POINT ( 'NONE',  ( 2.148653374782161674, -0.06473836450270584186, 7.700999999999998735 ) ) ;
#7404 =( NAMED_UNIT ( * ) SI_UNIT ( $, .STERADIAN. ) SOLID_ANGLE_UNIT ( ) );
#7405 = EDGE_CURVE ( 'NONE', #9257, #8093, #8574, .T. ) ;
#7406 = DIRECTION ( 'NONE',  ( -0.0000000000000000000, -0.0000000000000000000, -1.000000000000000000 ) ) ;
#7407 = FACE_OUTER_BOUND ( 'NONE', #5165, .T. ) ;
#7408 = MECHANICAL_DESIGN_GEOMETRIC_PRESENTATION_REPRESENTATION (  '', ( #1050 ), #200 ) ;
#7409 = CARTESIAN_POINT ( 'NONE',  ( 2.093251204729333459, 1.153961061217854356, 7.701000000000000512 ) ) ;
#7410 = DIRECTION ( 'NONE',  ( -0.0000000000000000000, -0.0000000000000000000, -1.000000000000000000 ) ) ;
#7411 = STYLED_ITEM ( 'NONE', ( #8972 ), #9452 ) ;
#7412 =( GEOMETRIC_REPRESENTATION_CONTEXT ( 3 ) GLOBAL_UNCERTAINTY_ASSIGNED_CONTEXT ( ( #8282 ) ) GLOBAL_UNIT_ASSIGNED_CONTEXT ( ( #482, #6217, #7020 ) ) REPRESENTATION_CONTEXT ( 'NONE', 'WORKASPACE' ) );
#7413 = ORIENTED_EDGE ( 'NONE', *, *, #10414, .F. ) ;
#7414 = FILL_AREA_STYLE ('',( #216 ) ) ;
#7415 =( NAMED_UNIT ( * ) PLANE_ANGLE_UNIT ( ) SI_UNIT ( $, .RADIAN. ) );
#7416 = CARTESIAN_POINT ( 'NONE',  ( -0.3482459886159894324, 1.221035840433292385, 7.700000000000000178 ) ) ;
#7417 = CIRCLE ( 'NONE', #730, 0.09999999999999982514 ) ;
#7418 = CARTESIAN_POINT ( 'NONE',  ( 1.218793774962094734, -0.2830516174000021201, 7.700999999999999623 ) ) ;
#7419 = CARTESIAN_POINT ( 'NONE',  ( -0.1928526542890789675, -0.2417229353974841843, 7.700000000000000178 ) ) ;
#7420 = EDGE_LOOP ( 'NONE', ( #4462, #6190, #5222, #3336, #5698 ) ) ;
#7421 = FACE_OUTER_BOUND ( 'NONE', #431, .T. ) ;
#7422 = CARTESIAN_POINT ( 'NONE',  ( -0.3749366534045204813, -0.3561874731356830526, 7.701000000000000512 ) ) ;
#7423 = CARTESIAN_POINT ( 'NONE',  ( -0.3999999999999996891, -1.000000000000000000, 0.2000000000000000111 ) ) ;
#7424 = UNCERTAINTY_MEASURE_WITH_UNIT (LENGTH_MEASURE( 1.000000000000000082E-05 ), #2614, 'distance_accuracy_value', 'NONE');
#7425 =( GEOMETRIC_REPRESENTATION_CONTEXT ( 3 ) GLOBAL_UNCERTAINTY_ASSIGNED_CONTEXT ( ( #1296 ) ) GLOBAL_UNIT_ASSIGNED_CONTEXT ( ( #1399, #9654, #8003 ) ) REPRESENTATION_CONTEXT ( 'NONE', 'WORKASPACE' ) );
#7426 = DIRECTION ( 'NONE',  ( 1.000000000000000000, 0.0000000000000000000, 0.0000000000000000000 ) ) ;
#7427 = EDGE_LOOP ( 'NONE', ( #1386, #4765, #5360, #5625 ) ) ;
#7428 =( GEOMETRIC_REPRESENTATION_CONTEXT ( 3 ) GLOBAL_UNCERTAINTY_ASSIGNED_CONTEXT ( ( #4624 ) ) GLOBAL_UNIT_ASSIGNED_CONTEXT ( ( #9934, #4957, #7445 ) ) REPRESENTATION_CONTEXT ( 'NONE', 'WORKASPACE' ) );
#7429 = CARTESIAN_POINT ( 'NONE',  ( 1.101417047856113829, -1.362496080374185681, 7.701000000000000512 ) ) ;
#7430 = CARTESIAN_POINT ( 'NONE',  ( 1.050040676683823504, -1.556825005582771260, 7.699999999999999289 ) ) ;
#7431 =( NAMED_UNIT ( * ) SI_UNIT ( $, .STERADIAN. ) SOLID_ANGLE_UNIT ( ) );
#7432 = CARTESIAN_POINT ( 'NONE',  ( 1.568996007524917191, -0.3409063510848060474, 7.701000000000000512 ) ) ;
#7433 =( NAMED_UNIT ( * ) SI_UNIT ( $, .STERADIAN. ) SOLID_ANGLE_UNIT ( ) );
#7434 = ORIENTED_EDGE ( 'NONE', *, *, #586, .T. ) ;
#7435 = VECTOR ( 'NONE', #8352, 1000.000000000000000 ) ;
#7436 = CARTESIAN_POINT ( 'NONE',  ( -0.3999999999999996891, -1.000000000000000000, 0.2999999999999999889 ) ) ;
#7437 = UNCERTAINTY_MEASURE_WITH_UNIT (LENGTH_MEASURE( 1.000000000000000082E-05 ), #7883, 'distance_accuracy_value', 'NONE');
#7438 = FILL_AREA_STYLE ('',( #8874 ) ) ;
#7439 = ORIENTED_EDGE ( 'NONE', *, *, #3289, .F. ) ;
#7440 = SURFACE_SIDE_STYLE ('',( #4068 ) ) ;
#7441 = CARTESIAN_POINT ( 'NONE',  ( -1.266136685412561969, 0.7148711887303961232, 7.700000000000001066 ) ) ;
#7442 = SURFACE_SIDE_STYLE ('',( #5654 ) ) ;
#7443 = ORIENTED_EDGE ( 'NONE', *, *, #3425, .T. ) ;
#7444 = COLOUR_RGB ( '',0.0000000000000000000, 0.0000000000000000000, 0.0000000000000000000 ) ;
#7445 =( NAMED_UNIT ( * ) SI_UNIT ( $, .STERADIAN. ) SOLID_ANGLE_UNIT ( ) );
#7446 = FACE_OUTER_BOUND ( 'NONE', #4100, .T. ) ;
#7447 = DIRECTION ( 'NONE',  ( -0.0000000000000000000, 1.000000000000000000, -0.0000000000000000000 ) ) ;
#7448 = SURFACE_STYLE_FILL_AREA ( #1943 ) ;
#7449 = ORIENTED_EDGE ( 'NONE', *, *, #778, .F. ) ;
#7450 = CARTESIAN_POINT ( 'NONE',  ( 2.149498165074976264, -0.09283809360513460562, 7.701000000000000512 ) ) ;
#7451 = VECTOR ( 'NONE', #9307, 1000.000000000000000 ) ;
#7452 = VECTOR ( 'NONE', #2580, 1000.000000000000000 ) ;
#7453 = CARTESIAN_POINT ( 'NONE',  ( -1.256748052217145695, 0.7147202203168572243, 7.701000000000000512 ) ) ;
#7454 = DIRECTION ( 'NONE',  ( -0.0000000000000000000, -0.0000000000000000000, -1.000000000000000000 ) ) ;
#7455 = PRESENTATION_STYLE_ASSIGNMENT (( #4912 ) ) ;
#7456 = CARTESIAN_POINT ( 'NONE',  ( -2.949999999999999734, 0.0000000000000000000, 1.187652461702019879 ) ) ;
#7457 = CARTESIAN_POINT ( 'NONE',  ( 1.804945612640167507, -0.4707952349948503201, 7.700000000000001954 ) ) ;
#7458 = CARTESIAN_POINT ( 'NONE',  ( 1.550098799887321022, -0.3407788531487275230, 7.700000000000001954 ) ) ;
#7459 = EDGE_CURVE ( 'NONE', #457, #7043, #2861, .T. ) ;
#7460 = PRESENTATION_STYLE_ASSIGNMENT (( #5622 ) ) ;
#7461 =( GEOMETRIC_REPRESENTATION_CONTEXT ( 3 ) GLOBAL_UNCERTAINTY_ASSIGNED_CONTEXT ( ( #9979 ) ) GLOBAL_UNIT_ASSIGNED_CONTEXT ( ( #4660, #7093, #701 ) ) REPRESENTATION_CONTEXT ( 'NONE', 'WORKASPACE' ) );
#7462 = PRESENTATION_LAYER_ASSIGNMENT (  '', '', ( #9299 ) ) ;
#7463 = ADVANCED_FACE ( 'NONE', ( #5291 ), #1210, .F. ) ;
#7464 = ORIENTED_EDGE ( 'NONE', *, *, #5289, .T. ) ;
#7465 = ORIENTED_EDGE ( 'NONE', *, *, #2801, .T. ) ;
#7466 = FACE_OUTER_BOUND ( 'NONE', #5858, .T. ) ;
#7467 = CARTESIAN_POINT ( 'NONE',  ( -0.3093384122045973461, 1.198405390492281564, 7.701000000000003176 ) ) ;
#7468 = LINE ( 'NONE', #4212, #3942 ) ;
#7469 = ADVANCED_FACE ( 'NONE', ( #8026 ), #7334, .T. ) ;
#7470 = CARTESIAN_POINT ( 'NONE',  ( 0.5051949119210237260, 0.9389898633776990744, 7.699999999999999289 ) ) ;
#7471 = VERTEX_POINT ( 'NONE', #4746 ) ;
#7472 = ADVANCED_FACE ( 'NONE', ( #3264 ), #7180, .F. ) ;
#7473 = B_SPLINE_CURVE_WITH_KNOTS ( 'NONE', 3,
 ( #3833, #8590, #4493, #6974, #6279, #4549, #1322, #7790, #3784, #442, #10223, #9527, #9418, #7834, #6232, #9478, #4597, #2117, #2164 ),
 .UNSPECIFIED., .F., .F.,
 ( 4, 1, 1, 1, 1, 1, 1, 1, 1, 1, 1, 1, 1, 1, 1, 1, 4 ),
 ( 0.0000000000000000000, 0.06497809470567895984, 0.1267363646024415591, 0.1863119232689122440, 0.2440697208673729135, 0.3004788086864218499, 0.3566365544757493788, 0.4131624725669299503, 0.4710790184197083952, 0.5300890842504162315, 0.5897980607712771661, 0.6510043385684272099, 0.7146905437466635203, 0.7806183662524378564, 0.8502253915090891567, 0.9232550045548021389, 1.000000000000000000 ),
 .UNSPECIFIED. ) ;
#7474 =( NAMED_UNIT ( * ) SI_UNIT ( $, .STERADIAN. ) SOLID_ANGLE_UNIT ( ) );
#7475 = CARTESIAN_POINT ( 'NONE',  ( 0.5902092682244426403, -1.730448841249920378, 7.701000000000000512 ) ) ;
#7476 = CARTESIAN_POINT ( 'NONE',  ( 0.3242583198810982670, 0.5733348253452050791, 7.700000000000001066 ) ) ;
#7477 = CARTESIAN_POINT ( 'NONE',  ( 0.4400878336105685795, 1.172987552826100455, 7.700000000000001066 ) ) ;
#7478 = CARTESIAN_POINT ( 'NONE',  ( -0.2012655332982714596, -0.3975825886204186199, 7.701000000000000512 ) ) ;
#7479 = CARTESIAN_POINT ( 'NONE',  ( -0.3126806904540531673, -0.2179960772391698887, 7.700000000000000178 ) ) ;
#7480 = DIRECTION ( 'NONE',  ( -0.3524379323345200321, 0.9358351905393216263, 0.0000000000000000000 ) ) ;
#7481 = ORIENTED_EDGE ( 'NONE', *, *, #10403, .T. ) ;
#7482 = CARTESIAN_POINT ( 'NONE',  ( -0.9684754055259846561, 0.8758124462041458891, 7.701000000000003176 ) ) ;
#7483 = CARTESIAN_POINT ( 'NONE',  ( 0.1972324903239456861, 0.5911833212898748302, 7.701000000000003176 ) ) ;
#7484 = FILL_AREA_STYLE_COLOUR ( '', #546 ) ;
#7485 = LINE ( 'NONE', #128, #3583 ) ;
#7486 = CARTESIAN_POINT ( 'NONE',  ( 1.411149687857875756, -0.3333031771441322122, 7.699999999999996625 ) ) ;
#7487 = ORIENTED_EDGE ( 'NONE', *, *, #5677, .F. ) ;
#7488 = CARTESIAN_POINT ( 'NONE',  ( 0.9893386402676719316, -0.06473836450270577247, 7.699999999999998401 ) ) ;
#7489 = CARTESIAN_POINT ( 'NONE',  ( -1.300000000000000266, 3.299999999999999822, 1.599999999999999867 ) ) ;
#7490 = CARTESIAN_POINT ( 'NONE',  ( 1.887983158113436977, -1.552616197339137250, 7.701000000000003176 ) ) ;
#7491 = CARTESIAN_POINT ( 'NONE',  ( -0.3050981715959366070, -1.406110216290262560, 7.701000000000000512 ) ) ;
#7492 =( NAMED_UNIT ( * ) PLANE_ANGLE_UNIT ( ) SI_UNIT ( $, .RADIAN. ) );
#7493 = CARTESIAN_POINT ( 'NONE',  ( 1.547733783116913564, -0.4964002565048701299, 7.700999999999999623 ) ) ;
#7494 = VERTEX_POINT ( 'NONE', #2371 ) ;
#7495 = DIRECTION ( 'NONE',  ( 0.0000000000000000000, 0.0000000000000000000, 1.000000000000000000 ) ) ;
#7496 = SURFACE_STYLE_FILL_AREA ( #1047 ) ;
#7497 = DIRECTION ( 'NONE',  ( -0.0000000000000000000, 0.0000000000000000000, -1.000000000000000000 ) ) ;
#7498 = MECHANICAL_DESIGN_GEOMETRIC_PRESENTATION_REPRESENTATION (  '', ( #8519 ), #4206 ) ;
#7499 = ORIENTED_EDGE ( 'NONE', *, *, #3558, .T. ) ;
#7500 = SURFACE_STYLE_FILL_AREA ( #9141 ) ;
#7501 = B_SPLINE_SURFACE_WITH_KNOTS ( 'NONE', 3, 1, ( 
 ( #3821, #10338 ),
 ( #2154, #10388 ),
 ( #1913, #277 ),
 ( #3019, #5199 ),
 ( #9576, #8482 ),
 ( #1127, #2218 ),
 ( #8790, #1431 ),
 ( #10017, #4702 ),
 ( #6767, #1860 ),
 ( #1072, #4380 ),
 ( #3974, #842 ),
 ( #10549, #5659 ),
 ( #8079, #790 ),
 ( #4805, #7239 ),
 ( #4860, #1478 ),
 ( #3216, #10446 ),
 ( #9784, #742 ),
 ( #8981, #10499 ),
 ( #7338, #6540 ) ),
 .UNSPECIFIED., .F., .F., .F.,
 ( 4, 1, 1, 1, 1, 1, 1, 1, 1, 1, 1, 1, 1, 1, 1, 1, 4 ),
 ( 2, 2 ),
 ( 0.0000000000000000000, 0.05486731181826590836, 0.1079753909594996925, 0.1598557974559498829, 0.2115222600122138308, 0.2641863201740957123, 0.3183376082143676844, 0.3747761725932209909, 0.4346069298520086055, 0.4966201443570746332, 0.5604683723292160913, 0.6264101314155979816, 0.6944834107562095626, 0.7656292468867322842, 0.8402079978912535552, 0.9182265899183527091, 1.000000000000000000 ),
 ( 0.0000000000000000000, 1.000000000000000000 ),
 .UNSPECIFIED. ) ;
#7502 = CARTESIAN_POINT ( 'NONE',  ( 2.140823534941727502, -0.02375504491210915503, 7.701000000000001400 ) ) ;
#7503 = CARTESIAN_POINT ( 'NONE',  ( 2.020875498426773387, -1.282935229560041801, 7.701000000000003176 ) ) ;
#7504 = CARTESIAN_POINT ( 'NONE',  ( -3.299999999999999822, 3.199999999999999289, 0.6999999999999999556 ) ) ;
#7505 =( LENGTH_UNIT ( ) NAMED_UNIT ( * ) SI_UNIT ( .MILLI., .METRE. ) );
#7506 = FACE_OUTER_BOUND ( 'NONE', #1094, .T. ) ;
#7507 = FILL_AREA_STYLE ('',( #1160 ) ) ;
#7508 = CARTESIAN_POINT ( 'NONE',  ( 1.568996007524917191, -0.9732897304225965884, 7.701000000000000512 ) ) ;
#7509 = ORIENTED_EDGE ( 'NONE', *, *, #2448, .T. ) ;
#7510 = VECTOR ( 'NONE', #2722, 1000.000000000000000 ) ;
#7511 = ORIENTED_EDGE ( 'NONE', *, *, #6737, .T. ) ;
#7512 = CARTESIAN_POINT ( 'NONE',  ( -0.5000000000000002220, -3.299999999999999822, 0.2999999999999999889 ) ) ;
#7513 = VECTOR ( 'NONE', #7426, 1000.000000000000000 ) ;
#7514 = COLOUR_RGB ( '',0.7529411764705882248, 0.7529411764705882248, 0.7529411764705882248 ) ;
#7515 = EDGE_CURVE ( 'NONE', #5201, #7613, #298, .T. ) ;
#7516 = LINE ( 'NONE', #9157, #6926 ) ;
#7517 = SURFACE_SIDE_STYLE ('',( #107 ) ) ;
#7518 = CARTESIAN_POINT ( 'NONE',  ( -0.3093384122045973461, 1.198405390492281564, 7.700000000000002842 ) ) ;
#7519 = SURFACE_STYLE_FILL_AREA ( #3569 ) ;
#7520 = FILL_AREA_STYLE_COLOUR ( '', #9942 ) ;
#7521 = CARTESIAN_POINT ( 'NONE',  ( -0.3874558292648735969, 0.1975179055035130304, 7.700000000000000178 ) ) ;
#7522 = EDGE_LOOP ( 'NONE', ( #4451, #5153, #1323, #1256 ) ) ;
#7523 = PLANE ( 'NONE',  #7798 ) ;
#7524 =( NAMED_UNIT ( * ) SI_UNIT ( $, .STERADIAN. ) SOLID_ANGLE_UNIT ( ) );
#7525 = AXIS2_PLACEMENT_3D ( 'NONE', #6969, #10220, #2870 ) ;
#7526 = SURFACE_STYLE_USAGE ( .BOTH. , #61 ) ;
#7527 = FILL_AREA_STYLE_COLOUR ( '', #5964 ) ;
#7528 = CARTESIAN_POINT ( 'NONE',  ( -0.3874558292648735969, 0.5730296264778258486, 7.701000000000000512 ) ) ;
#7529 = ORIENTED_EDGE ( 'NONE', *, *, #49, .T. ) ;
#7530 = UNCERTAINTY_MEASURE_WITH_UNIT (LENGTH_MEASURE( 1.000000000000000082E-05 ), #9808, 'distance_accuracy_value', 'NONE');
#7531 = ADVANCED_FACE ( 'NONE', ( #7446 ), #6043, .T. ) ;
#7532 = EDGE_CURVE ( 'NONE', #2646, #6542, #5175, .T. ) ;
#7533 = COLOUR_RGB ( '',0.0000000000000000000, 0.0000000000000000000, 0.0000000000000000000 ) ;
#7534 = CARTESIAN_POINT ( 'NONE',  ( 0.4654128810461275467, 0.7991339397219376917, 7.699999999999998401 ) ) ;
#7535 = VECTOR ( 'NONE', #7882, 1000.000000000000000 ) ;
#7536 =( NAMED_UNIT ( * ) SI_UNIT ( $, .STERADIAN. ) SOLID_ANGLE_UNIT ( ) );
#7537 = EDGE_CURVE ( 'NONE', #1656, #146, #7607, .T. ) ;
#7538 = AXIS2_PLACEMENT_3D ( 'NONE', #3335, #2256, #1413 ) ;
#7539 = ORIENTED_EDGE ( 'NONE', *, *, #6723, .F. ) ;
#7540 = CARTESIAN_POINT ( 'NONE',  ( 1.250008856936398072, -1.552616197339137472, 7.701000000000001400 ) ) ;
#7541 = CARTESIAN_POINT ( 'NONE',  ( 2.060445751672498993, -1.589106420584033952, 7.700000000000003730 ) ) ;
#7542 = PLANE ( 'NONE',  #3233 ) ;
#7543 = FILL_AREA_STYLE ('',( #8216 ) ) ;
#7544 = CARTESIAN_POINT ( 'NONE',  ( 1.568996007524917191, -1.596728343314334442, 7.701000000000000512 ) ) ;
#7545 = CARTESIAN_POINT ( 'NONE',  ( -0.4296228996451132431, -0.03584954223178495741, 7.700000000000000178 ) ) ;
#7546 = VECTOR ( 'NONE', #10283, 1000.000000000000000 ) ;
#7547 = ORIENTED_EDGE ( 'NONE', *, *, #1417, .T. ) ;
#7548 = FACE_OUTER_BOUND ( 'NONE', #802, .T. ) ;
#7549 = UNCERTAINTY_MEASURE_WITH_UNIT (LENGTH_MEASURE( 1.000000000000000082E-05 ), #6069, 'distance_accuracy_value', 'NONE');
#7550 = APPLICATION_PROTOCOL_DEFINITION ( 'draft international standard', 'automotive_design', 1998, #665 ) ;
#7551 = MECHANICAL_DESIGN_GEOMETRIC_PRESENTATION_REPRESENTATION (  '', ( #3059 ), #1191 ) ;
#7552 = VECTOR ( 'NONE', #6306, 1000.000000000000000 ) ;
#7553 = CARTESIAN_POINT ( 'NONE',  ( -0.08293457220496511240, -0.3815515112248016316, 7.699999999999999289 ) ) ;
#7554 =( NAMED_UNIT ( * ) SI_UNIT ( $, .STERADIAN. ) SOLID_ANGLE_UNIT ( ) );
#7555 = FACE_OUTER_BOUND ( 'NONE', #3511, .T. ) ;
#7556 = ORIENTED_EDGE ( 'NONE', *, *, #4633, .F. ) ;
#7557 = CARTESIAN_POINT ( 'NONE',  ( -1.149716377501990072, 0.7501422113726976537, 7.699999999999999289 ) ) ;
#7558 = FACE_OUTER_BOUND ( 'NONE', #8851, .T. ) ;
#7559 =( NAMED_UNIT ( * ) PLANE_ANGLE_UNIT ( ) SI_UNIT ( $, .RADIAN. ) );
#7560 =( LENGTH_UNIT ( ) NAMED_UNIT ( * ) SI_UNIT ( .MILLI., .METRE. ) );
#7561 = EDGE_LOOP ( 'NONE', ( #9259, #9193, #10006, #6442, #8559, #2399, #7651, #4302 ) ) ;
#7562 = PRESENTATION_LAYER_ASSIGNMENT (  '', '', ( #6697 ) ) ;
#7563 = CARTESIAN_POINT ( 'NONE',  ( -1.492133390467293985, 0.9819547889967927823, 7.701000000000002288 ) ) ;
#7564 = CARTESIAN_POINT ( 'NONE',  ( 0.04349010589171211499, -0.01168317895830453014, 7.700000000000001066 ) ) ;
#7565 = DIRECTION ( 'NONE',  ( -0.5557897415179079426, 0.8313228994942080119, 0.0000000000000000000 ) ) ;
#7566 = CARTESIAN_POINT ( 'NONE',  ( -1.531778411189958611, 0.7331676925874910378, 7.701000000000000512 ) ) ;
#7567 =( GEOMETRIC_REPRESENTATION_CONTEXT ( 3 ) GLOBAL_UNCERTAINTY_ASSIGNED_CONTEXT ( ( #664 ) ) GLOBAL_UNIT_ASSIGNED_CONTEXT ( ( #4117, #9117, #7431 ) ) REPRESENTATION_CONTEXT ( 'NONE', 'WORKASPACE' ) );
#7568 = CARTESIAN_POINT ( 'NONE',  ( 2.036279956837165894, -0.09719661569325456496, 7.700000000000001066 ) ) ;
#7569 = VERTEX_POINT ( 'NONE', #297 ) ;
#7570 =( GEOMETRIC_REPRESENTATION_CONTEXT ( 3 ) GLOBAL_UNCERTAINTY_ASSIGNED_CONTEXT ( ( #6020 ) ) GLOBAL_UNIT_ASSIGNED_CONTEXT ( ( #5209, #7642, #342 ) ) REPRESENTATION_CONTEXT ( 'NONE', 'WORKASPACE' ) );
#7571 = CIRCLE ( 'NONE', #4103, 0.4500000000000000111 ) ;
#7572 = ORIENTED_EDGE ( 'NONE', *, *, #1028, .F. ) ;
#7573 = LINE ( 'NONE', #8471, #7905 ) ;
#7574 =( LENGTH_UNIT ( ) NAMED_UNIT ( * ) SI_UNIT ( .MILLI., .METRE. ) );
#7575 = AXIS2_PLACEMENT_3D ( 'NONE', #1580, #6473, #8786 ) ;
#7576 = CARTESIAN_POINT ( 'NONE',  ( -3.300000000000000266, 1.300000000000000044, 1.599999999999999867 ) ) ;
#7577 = CARTESIAN_POINT ( 'NONE',  ( 2.035690977191942252, -0.1346860403947136020, 7.699999999999999289 ) ) ;
#7578 = CARTESIAN_POINT ( 'NONE',  ( -3.299999999999998934, -1.299999999999999600, 0.6999999999999999556 ) ) ;
#7579 = SURFACE_STYLE_FILL_AREA ( #3393 ) ;
#7580 = CARTESIAN_POINT ( 'NONE',  ( 1.568996007524917191, -1.752587996537268822, 7.700000000000000178 ) ) ;
#7581 = ORIENTED_EDGE ( 'NONE', *, *, #5071, .F. ) ;
#7582 = CARTESIAN_POINT ( 'NONE',  ( 1.726842327191958404, -0.3333031771441323787, 7.701000000000001400 ) ) ;
#7583 = CARTESIAN_POINT ( 'NONE',  ( -0.1928526542890789675, -0.2417229353974841843, 7.701000000000000512 ) ) ;
#7584 = SURFACE_SIDE_STYLE ('',( #2503 ) ) ;
#7585 = EDGE_LOOP ( 'NONE', ( #4122, #4297, #8599, #7481 ) ) ;
#7586 =( GEOMETRIC_REPRESENTATION_CONTEXT ( 3 ) GLOBAL_UNCERTAINTY_ASSIGNED_CONTEXT ( ( #10296 ) ) GLOBAL_UNIT_ASSIGNED_CONTEXT ( ( #2073, #9318, #5358 ) ) REPRESENTATION_CONTEXT ( 'NONE', 'WORKASPACE' ) );
#7587 = SURFACE_STYLE_USAGE ( .BOTH. , #3300 ) ;
#7588 =( NAMED_UNIT ( * ) PLANE_ANGLE_UNIT ( ) SI_UNIT ( $, .RADIAN. ) );
#7589 = ORIENTED_EDGE ( 'NONE', *, *, #9216, .T. ) ;
#7590 = PRESENTATION_STYLE_ASSIGNMENT (( #7748 ) ) ;
#7591 = CARTESIAN_POINT ( 'NONE',  ( 2.149927442264945476, -1.362938863479932650, 7.701000000000000512 ) ) ;
#7592 = CARTESIAN_POINT ( 'NONE',  ( -0.5433154824878081435, 0.007785344690935144633, 7.700000000000000178 ) ) ;
#7593 = CARTESIAN_POINT ( 'NONE',  ( 2.027767791623390270, -1.619160669030217381, 7.700999999999996959 ) ) ;
#7594 = EDGE_CURVE ( 'NONE', #1248, #8642, #10101, .T. ) ;
#7595 = MECHANICAL_DESIGN_GEOMETRIC_PRESENTATION_REPRESENTATION (  '', ( #6220 ), #7081 ) ;
#7596 = EDGE_CURVE ( 'NONE', #6471, #4389, #89, .T. ) ;
#7597 = CARTESIAN_POINT ( 'NONE',  ( -0.4299630074165829985, -0.009925979538943811159, 7.701000000000000512 ) ) ;
#7598 = EDGE_CURVE ( 'NONE', #1432, #2253, #1807, .T. ) ;
#7599 = ORIENTED_EDGE ( 'NONE', *, *, #3277, .T. ) ;
#7600 = CARTESIAN_POINT ( 'NONE',  ( 1.445388978233288046, 0.2766362001480151545, 7.701000000000001400 ) ) ;
#7601 = DIRECTION ( 'NONE',  ( 0.0000000000000000000, 1.000000000000000000, 0.0000000000000000000 ) ) ;
#7602 = DIRECTION ( 'NONE',  ( -0.0000000000000000000, 0.0000000000000000000, -1.000000000000000000 ) ) ;
#7603 = ORIENTED_EDGE ( 'NONE', *, *, #5158, .T. ) ;
#7604 = CARTESIAN_POINT ( 'NONE',  ( -1.081627333894218168, 0.9682135483569992429, 7.701000000000000512 ) ) ;
#7605 = LINE ( 'NONE', #5224, #4452 ) ;
#7606 = ORIENTED_EDGE ( 'NONE', *, *, #1981, .T. ) ;
#7607 = LINE ( 'NONE', #7657, #6521 ) ;
#7608 = EDGE_CURVE ( 'NONE', #5873, #7183, #6951, .T. ) ;
#7609 = ADVANCED_FACE ( 'NONE', ( #10207 ), #4819, .T. ) ;
#7610 = CARTESIAN_POINT ( 'NONE',  ( 2.168404344971008868E-14, 2.168404344971008868E-14, 1.000000000000000000 ) ) ;
#7611 = CARTESIAN_POINT ( 'NONE',  ( 8.673617379884035472E-16, 0.0000000000000000000, 0.6999999999999999556 ) ) ;
#7612 = MECHANICAL_DESIGN_GEOMETRIC_PRESENTATION_REPRESENTATION (  '', ( #6237 ), #5371 ) ;
#7613 = VERTEX_POINT ( 'NONE', #3857 ) ;
#7614 =( LENGTH_UNIT ( ) NAMED_UNIT ( * ) SI_UNIT ( .MILLI., .METRE. ) );
#7615 = PRESENTATION_LAYER_ASSIGNMENT (  '', '', ( #1596 ) ) ;
#7616 =( LENGTH_UNIT ( ) NAMED_UNIT ( * ) SI_UNIT ( .MILLI., .METRE. ) );
#7617 = CARTESIAN_POINT ( 'NONE',  ( 1.949095422145334267, -0.4159564233234122055, 7.700000000000000178 ) ) ;
#7618 = SURFACE_SIDE_STYLE ('',( #1997 ) ) ;
#7619 = SURFACE_STYLE_USAGE ( .BOTH. , #2821 ) ;
#7620 = AXIS2_PLACEMENT_3D ( 'NONE', #1472, #7235, #10494 ) ;
#7621 = ORIENTED_EDGE ( 'NONE', *, *, #3953, .F. ) ;
#7622 = STYLED_ITEM ( 'NONE', ( #10091 ), #3083 ) ;
#7623 = ORIENTED_EDGE ( 'NONE', *, *, #7594, .T. ) ;
#7624 =( LENGTH_UNIT ( ) NAMED_UNIT ( * ) SI_UNIT ( .MILLI., .METRE. ) );
#7625 = CARTESIAN_POINT ( 'NONE',  ( 1.147728627196940687, -1.079476954794773569, 7.701000000000000512 ) ) ;
#7626 = CARTESIAN_POINT ( 'NONE',  ( 0.08876798670258598256, 0.8211837447775678367, 7.699999999999996625 ) ) ;
#7627 = CARTESIAN_POINT ( 'NONE',  ( 2.029895727345534695, -0.1615091125219313417, 7.700000000000001954 ) ) ;
#7628 = DIRECTION ( 'NONE',  ( -1.000000000000000000, 0.0000000000000000000, 0.0000000000000000000 ) ) ;
#7629 =( GEOMETRIC_REPRESENTATION_CONTEXT ( 3 ) GLOBAL_UNCERTAINTY_ASSIGNED_CONTEXT ( ( #4948 ) ) GLOBAL_UNIT_ASSIGNED_CONTEXT ( ( #7680, #5197, #391 ) ) REPRESENTATION_CONTEXT ( 'NONE', 'WORKASPACE' ) );
#7630 = VERTEX_POINT ( 'NONE', #6577 ) ;
#7631 = VECTOR ( 'NONE', #6084, 1000.000000000000000 ) ;
#7632 = CARTESIAN_POINT ( 'NONE',  ( 0.5049296523788033841, 0.9488178823692862141, 7.701000000000001400 ) ) ;
#7633 = SURFACE_SIDE_STYLE ('',( #331 ) ) ;
#7634 = B_SPLINE_CURVE_WITH_KNOTS ( 'NONE', 3,
 ( #3791, #1918, #3678, #4448, #6073 ),
 .UNSPECIFIED., .F., .F.,
 ( 4, 1, 4 ),
 ( 0.0000000000000000000, 0.4881291047886925361, 1.000000000000000000 ),
 .UNSPECIFIED. ) ;
#7635 = ORIENTED_EDGE ( 'NONE', *, *, #3884, .T. ) ;
#7636 = UNCERTAINTY_MEASURE_WITH_UNIT (LENGTH_MEASURE( 1.000000000000000082E-05 ), #7616, 'distance_accuracy_value', 'NONE');
#7637 = VECTOR ( 'NONE', #7447, 1000.000000000000000 ) ;
#7638 = LINE ( 'NONE', #2734, #7513 ) ;
#7639 = CARTESIAN_POINT ( 'NONE',  ( -0.4058497167683351448, -0.1270841097091136851, 7.700000000000001954 ) ) ;
#7640 = ORIENTED_EDGE ( 'NONE', *, *, #7076, .T. ) ;
#7641 = CARTESIAN_POINT ( 'NONE',  ( 0.01636236317636576704, 0.8927190288271403817, 7.701000000000000512 ) ) ;
#7642 =( NAMED_UNIT ( * ) PLANE_ANGLE_UNIT ( ) SI_UNIT ( $, .RADIAN. ) );
#7643 =( NAMED_UNIT ( * ) SI_UNIT ( $, .STERADIAN. ) SOLID_ANGLE_UNIT ( ) );
#7644 = CARTESIAN_POINT ( 'NONE',  ( 0.5902092682244426403, -0.9024444335030809006, 7.701000000000000512 ) ) ;
#7645 =( LENGTH_UNIT ( ) NAMED_UNIT ( * ) SI_UNIT ( .MILLI., .METRE. ) );
#7646 = CARTESIAN_POINT ( 'NONE',  ( -0.2816489445471436204, 1.013582736401253737, 7.701000000000003176 ) ) ;
#7647 = ORIENTED_EDGE ( 'NONE', *, *, #2103, .T. ) ;
#7648 = CARTESIAN_POINT ( 'NONE',  ( 1.568996007524917191, 0.2825322618069318059, 7.701000000000000512 ) ) ;
#7649 = UNCERTAINTY_MEASURE_WITH_UNIT (LENGTH_MEASURE( 1.000000000000000082E-05 ), #312, 'distance_accuracy_value', 'NONE');
#7650 = EDGE_CURVE ( 'NONE', #908, #1098, #2357, .T. ) ;
#7651 = ORIENTED_EDGE ( 'NONE', *, *, #6475, .T. ) ;
#7652 = CARTESIAN_POINT ( 'NONE',  ( -1.124565740570890204, 0.5795609655937969951, 7.700000000000001954 ) ) ;
#7653 = CARTESIAN_POINT ( 'NONE',  ( -1.489105496668447604, 0.9481810579583865861, 7.699999999999996625 ) ) ;
#7654 = LINE ( 'NONE', #2641, #7899 ) ;
#7655 = VERTEX_POINT ( 'NONE', #8113 ) ;
#7656 = CARTESIAN_POINT ( 'NONE',  ( 1.323346637208148602, 0.1045072249824021554, 7.700999999999999623 ) ) ;
#7657 = CARTESIAN_POINT ( 'NONE',  ( -0.5149773637200018017, -1.318660552905235317, 7.701000000000000512 ) ) ;
#7658 = DIRECTION ( 'NONE',  ( -0.9402068109987337108, 0.3406040994345067019, 0.0000000000000000000 ) ) ;
#7659 = FILL_AREA_STYLE ('',( #1778 ) ) ;
#7660 =( LENGTH_UNIT ( ) NAMED_UNIT ( * ) SI_UNIT ( .MILLI., .METRE. ) );
#7661 = ORIENTED_EDGE ( 'NONE', *, *, #10341, .F. ) ;
#7662 = LINE ( 'NONE', #1783, #6413 ) ;
#7663 = ADVANCED_FACE ( 'NONE', ( #2412 ), #2469, .F. ) ;
#7664 = ADVANCED_FACE ( 'NONE', ( #10576 ), #4687, .F. ) ;
#7665 = CARTESIAN_POINT ( 'NONE',  ( 0.4000000000000000222, 3.649999999999999911, 0.2999999999999999889 ) ) ;
#7666 = LINE ( 'NONE', #7977, #4428 ) ;
#7667 = CARTESIAN_POINT ( 'NONE',  ( 0.3092633876279882732, 0.7288892797007604507, 7.701000000000000512 ) ) ;
#7668 = FILL_AREA_STYLE ('',( #4422 ) ) ;
#7669 = CARTESIAN_POINT ( 'NONE',  ( -2.073461490767437354, 1.224806358137370044, 7.701000000000000512 ) ) ;
#7670 = VERTEX_POINT ( 'NONE', #675 ) ;
#7671 = ORIENTED_EDGE ( 'NONE', *, *, #9588, .F. ) ;
#7672 = CARTESIAN_POINT ( 'NONE',  ( 2.149498165074976708, -1.348660085834663125, 7.700000000000000178 ) ) ;
#7673 =( LENGTH_UNIT ( ) NAMED_UNIT ( * ) SI_UNIT ( .MILLI., .METRE. ) );
#7674 = CARTESIAN_POINT ( 'NONE',  ( 1.772563044153827372, -1.582627147575494497, 7.700000000000000178 ) ) ;
#7675 = FACE_OUTER_BOUND ( 'NONE', #1177, .T. ) ;
#7676 = SURFACE_STYLE_USAGE ( .BOTH. , #4374 ) ;
#7677 = CARTESIAN_POINT ( 'NONE',  ( 1.387774831242258200, -0.4825120013265910557, 7.700000000000001066 ) ) ;
#7678 = DIRECTION ( 'NONE',  ( -0.0000000000000000000, -0.0000000000000000000, -1.000000000000000000 ) ) ;
#7679 = ORIENTED_EDGE ( 'NONE', *, *, #3814, .F. ) ;
#7680 =( LENGTH_UNIT ( ) NAMED_UNIT ( * ) SI_UNIT ( .MILLI., .METRE. ) );
#7681 = SURFACE_STYLE_USAGE ( .BOTH. , #7633 ) ;
#7682 = COLOUR_RGB ( '',0.0000000000000000000, 0.0000000000000000000, 0.0000000000000000000 ) ;
#7683 = ORIENTED_EDGE ( 'NONE', *, *, #6930, .F. ) ;
#7684 = DIRECTION ( 'NONE',  ( -0.0000000000000000000, -0.0000000000000000000, -1.000000000000000000 ) ) ;
#7685 = CARTESIAN_POINT ( 'NONE',  ( -1.081627333894218168, -1.837602352840687958, 7.700000000000000178 ) ) ;
#7686 = CARTESIAN_POINT ( 'NONE',  ( 0.1989865376443974432, 0.7514525804896976524, 7.699999999999997513 ) ) ;
#7687 = VECTOR ( 'NONE', #4822, 1000.000000000000000 ) ;
#7688 = ORIENTED_EDGE ( 'NONE', *, *, #5155, .F. ) ;
#7689 = CARTESIAN_POINT ( 'NONE',  ( 2.027767791623390270, -1.619160669030217381, 7.700999999999996959 ) ) ;
#7690 = CARTESIAN_POINT ( 'NONE',  ( -1.929289321881345387, -3.270710678118654791, 0.0000000000000000000 ) ) ;
#7691 = CARTESIAN_POINT ( 'NONE',  ( 1.949095422145334267, -1.671778415552940711, 7.701000000000000512 ) ) ;
#7692 = DIRECTION ( 'NONE',  ( -0.0000000000000000000, -0.0000000000000000000, -1.000000000000000000 ) ) ;
#7693 = LINE ( 'NONE', #1811, #7631 ) ;
#7694 = AXIS2_PLACEMENT_3D ( 'NONE', #4189, #990, #1826 ) ;
#7695 = AXIS2_PLACEMENT_3D ( 'NONE', #206, #1206, #4475 ) ;
#7696 = CARTESIAN_POINT ( 'NONE',  ( -0.5000000000000000000, 3.299999999999999822, 0.0000000000000000000 ) ) ;
#7697 = VECTOR ( 'NONE', #2561, 1000.000000000000000 ) ;
#7698 = VERTEX_POINT ( 'NONE', #3908 ) ;
#7699 = CARTESIAN_POINT ( 'NONE',  ( -1.179817640876430929, 0.5636554831658935338, 7.699999999999997513 ) ) ;
#7700 = CARTESIAN_POINT ( 'NONE',  ( 0.4761538703278921925, 0.8152038811720746514, 7.699999999999998401 ) ) ;
#7701 = VECTOR ( 'NONE', #8133, 1000.000000000000000 ) ;
#7702 = COLOUR_RGB ( '',0.0000000000000000000, 0.0000000000000000000, 0.0000000000000000000 ) ;
#7703 = SURFACE_STYLE_FILL_AREA ( #987 ) ;
#7704 = VECTOR ( 'NONE', #4047, 1000.000000000000000 ) ;
#7705 = ORIENTED_EDGE ( 'NONE', *, *, #9077, .T. ) ;
#7706 = COLOUR_RGB ( '',0.0000000000000000000, 0.0000000000000000000, 0.0000000000000000000 ) ;
#7707 = EDGE_CURVE ( 'NONE', #6935, #10289, #3110, .T. ) ;
#7708 = VERTEX_POINT ( 'NONE', #7275 ) ;
#7709 = VECTOR ( 'NONE', #10160, 1000.000000000000000 ) ;
#7710 = CARTESIAN_POINT ( 'NONE',  ( 1.218754814184914714, -1.186529079086537264, 7.700000000000000178 ) ) ;
#7711 = STYLED_ITEM ( 'NONE', ( #7225 ), #7664 ) ;
#7712 =( NAMED_UNIT ( * ) SI_UNIT ( $, .STERADIAN. ) SOLID_ANGLE_UNIT ( ) );
#7713 = LINE ( 'NONE', #1208, #8074 ) ;
#7714 = CARTESIAN_POINT ( 'NONE',  ( -1.149716377501990072, 0.7501422113726976537, 7.700999999999999623 ) ) ;
#7715 =( NAMED_UNIT ( * ) PLANE_ANGLE_UNIT ( ) SI_UNIT ( $, .RADIAN. ) );
#7716 =( NAMED_UNIT ( * ) SI_UNIT ( $, .STERADIAN. ) SOLID_ANGLE_UNIT ( ) );
#7717 =( GEOMETRIC_REPRESENTATION_CONTEXT ( 3 ) GLOBAL_UNCERTAINTY_ASSIGNED_CONTEXT ( ( #1519 ) ) GLOBAL_UNIT_ASSIGNED_CONTEXT ( ( #7560, #2852, #7763 ) ) REPRESENTATION_CONTEXT ( 'NONE', 'WORKASPACE' ) );
#7718 = CARTESIAN_POINT ( 'NONE',  ( -2.073461490767437354, 1.224806358137370044, 7.701000000000000512 ) ) ;
#7719 = EDGE_CURVE ( 'NONE', #4851, #3084, #8986, .T. ) ;
#7720 = EDGE_CURVE ( 'NONE', #2633, #4886, #5969, .T. ) ;
#7721 = PRESENTATION_LAYER_ASSIGNMENT (  '', '', ( #5311 ) ) ;
#7722 = ORIENTED_EDGE ( 'NONE', *, *, #581, .F. ) ;
#7723 = ORIENTED_EDGE ( 'NONE', *, *, #10254, .F. ) ;
#7724 = ADVANCED_FACE ( 'NONE', ( #5862 ), #10086, .F. ) ;
#7725 = CARTESIAN_POINT ( 'NONE',  ( 2.110730245456643672, -1.203967053607077231, 7.700000000000002842 ) ) ;
#7726 = CARTESIAN_POINT ( 'NONE',  ( 1.108089359789987460, -1.307874833825070970, 7.699999999999997513 ) ) ;
#7727 = DIRECTION ( 'NONE',  ( -1.000000000000000000, 0.0000000000000000000, 0.0000000000000000000 ) ) ;
#7728 = PLANE ( 'NONE',  #1179 ) ;
#7729 = DIRECTION ( 'NONE',  ( -0.0000000000000000000, -0.0000000000000000000, -1.000000000000000000 ) ) ;
#7730 = CARTESIAN_POINT ( 'NONE',  ( -0.1875116132934132596, 1.106129798311148216, 7.700999999999998735 ) ) ;
#7731 = DIRECTION ( 'NONE',  ( -1.000000000000000000, 0.0000000000000000000, 0.0000000000000000000 ) ) ;
#7732 = DIRECTION ( 'NONE',  ( -0.7071067811865511255, 0.7071067811865440200, 0.0000000000000000000 ) ) ;
#7733 = CARTESIAN_POINT ( 'NONE',  ( 0.9893270634133874974, -0.1496428408269901700, 7.699999999999996625 ) ) ;
#7734 = AXIS2_PLACEMENT_3D ( 'NONE', #10429, #3060, #9617 ) ;
#7735 = ORIENTED_EDGE ( 'NONE', *, *, #2903, .T. ) ;
#7736 = CARTESIAN_POINT ( 'NONE',  ( 1.814688551849215736, -0.3188315724877766599, 7.700999999999997847 ) ) ;
#7737 = CARTESIAN_POINT ( 'NONE',  ( -0.5149773637200018017, 0.5730296264778258486, 7.701000000000000512 ) ) ;
#7738 = MECHANICAL_DESIGN_GEOMETRIC_PRESENTATION_REPRESENTATION (  '', ( #9597 ), #3765 ) ;
#7739 = EDGE_CURVE ( 'NONE', #8219, #10239, #10099, .T. ) ;
#7740 = STYLED_ITEM ( 'NONE', ( #6327 ), #9734 ) ;
#7741 = VERTEX_POINT ( 'NONE', #3482 ) ;
#7742 = CIRCLE ( 'NONE', #4645, 0.2000000000000000944 ) ;
#7743 = LINE ( 'NONE', #9488, #2532 ) ;
#7744 = SURFACE_STYLE_USAGE ( .BOTH. , #4557 ) ;
#7745 = COLOUR_RGB ( '',0.0000000000000000000, 0.0000000000000000000, 0.0000000000000000000 ) ;
#7746 = CARTESIAN_POINT ( 'NONE',  ( 3.200000000000000178, -1.858578643762676785, 0.6999999999999999556 ) ) ;
#7747 = ORIENTED_EDGE ( 'NONE', *, *, #9859, .T. ) ;
#7748 = SURFACE_STYLE_USAGE ( .BOTH. , #3682 ) ;
#7749 = CARTESIAN_POINT ( 'NONE',  ( 1.568996007524917191, -1.752587996537268822, 7.701000000000000512 ) ) ;
#7750 = STYLED_ITEM ( 'NONE', ( #6630 ), #6735 ) ;
#7751 = CARTESIAN_POINT ( 'NONE',  ( 0.5051949119210237260, 0.9389898633776990744, 7.700000000000000178 ) ) ;
#7752 = DIRECTION ( 'NONE',  ( -0.0000000000000000000, -0.0000000000000000000, -1.000000000000000000 ) ) ;
#7753 = LINE ( 'NONE', #9976, #4705 ) ;
#7754 = MECHANICAL_DESIGN_GEOMETRIC_PRESENTATION_REPRESENTATION (  '', ( #8431 ), #7412 ) ;
#7755 = LINE ( 'NONE', #10201, #6076 ) ;
#7756 =( NAMED_UNIT ( * ) SI_UNIT ( $, .STERADIAN. ) SOLID_ANGLE_UNIT ( ) );
#7757 = ORIENTED_EDGE ( 'NONE', *, *, #5033, .F. ) ;
#7758 = VECTOR ( 'NONE', #8111, 1000.000000000000000 ) ;
#7759 = CARTESIAN_POINT ( 'NONE',  ( -1.007022842411878782, 0.6912422706694119068, 7.700000000000002842 ) ) ;
#7760 = PRESENTATION_STYLE_ASSIGNMENT (( #1935 ) ) ;
#7761 = CARTESIAN_POINT ( 'NONE',  ( 1.513535354417957279, -1.596354154760114774, 7.700000000000000178 ) ) ;
#7762 = CARTESIAN_POINT ( 'NONE',  ( 8.673617379884035472E-16, 0.0000000000000000000, 1.700000000000000400 ) ) ;
#7763 =( NAMED_UNIT ( * ) SI_UNIT ( $, .STERADIAN. ) SOLID_ANGLE_UNIT ( ) );
#7764 = ORIENTED_EDGE ( 'NONE', *, *, #5422, .T. ) ;
#7765 = AXIS2_PLACEMENT_3D ( 'NONE', #1650, #760, #4988 ) ;
#7766 = DIRECTION ( 'NONE',  ( -1.000000000000000000, 0.0000000000000000000, 0.0000000000000000000 ) ) ;
#7767 = UNCERTAINTY_MEASURE_WITH_UNIT (LENGTH_MEASURE( 1.000000000000000082E-05 ), #9565, 'distance_accuracy_value', 'NONE');
#7768 = DIRECTION ( 'NONE',  ( -1.000000000000000000, 0.0000000000000000000, 0.0000000000000000000 ) ) ;
#7769 = DIRECTION ( 'NONE',  ( -1.000000000000000000, 0.0000000000000000000, 0.0000000000000000000 ) ) ;
#7770 = FILL_AREA_STYLE ('',( #4364 ) ) ;
#7771 = CARTESIAN_POINT ( 'NONE',  ( -1.215978902684368812, 0.7184261498741707497, 7.700999999999998735 ) ) ;
#7772 = DIRECTION ( 'NONE',  ( -1.000000000000000000, 0.0000000000000000000, -1.548860246407862843E-16 ) ) ;
#7773 = FILL_AREA_STYLE_COLOUR ( '', #7706 ) ;
#7774 = VECTOR ( 'NONE', #3809, 1000.000000000000000 ) ;
#7775 = CARTESIAN_POINT ( 'NONE',  ( 1.692603036816545670, 0.2766362001480149879, 7.699999999999997513 ) ) ;
#7776 = EDGE_CURVE ( 'NONE', #419, #1198, #4341, .T. ) ;
#7777 = LINE ( 'NONE', #6703, #2301 ) ;
#7778 = ORIENTED_EDGE ( 'NONE', *, *, #8025, .F. ) ;
#7779 = VERTEX_POINT ( 'NONE', #9012 ) ;
#7780 =( NAMED_UNIT ( * ) PLANE_ANGLE_UNIT ( ) SI_UNIT ( $, .RADIAN. ) );
#7781 = SURFACE_SIDE_STYLE ('',( #7084 ) ) ;
#7782 = COLOUR_RGB ( '',0.0000000000000000000, 0.0000000000000000000, 0.0000000000000000000 ) ;
#7783 = SURFACE_SIDE_STYLE ('',( #3618 ) ) ;
#7784 = CARTESIAN_POINT ( 'NONE',  ( 1.677461769569562389, -1.593261426377926115, 7.700000000000001954 ) ) ;
#7785 = EDGE_CURVE ( 'NONE', #146, #3529, #1659, .T. ) ;
#7786 =( NAMED_UNIT ( * ) SI_UNIT ( $, .STERADIAN. ) SOLID_ANGLE_UNIT ( ) );
#7787 =( LENGTH_UNIT ( ) NAMED_UNIT ( * ) SI_UNIT ( .MILLI., .METRE. ) );
#7788 = CARTESIAN_POINT ( 'NONE',  ( 0.1642337129972416543, 0.004749331860284999353, 7.701000000000003176 ) ) ;
#7789 = SURFACE_STYLE_FILL_AREA ( #5195 ) ;
#7790 = CARTESIAN_POINT ( 'NONE',  ( -0.4031957113175339003, -0.3374054683581494407, 7.699999999999999289 ) ) ;
#7791 = EDGE_LOOP ( 'NONE', ( #4222, #6825, #1763, #3387 ) ) ;
#7792 = PRESENTATION_STYLE_ASSIGNMENT (( #10225 ) ) ;
#7793 = CARTESIAN_POINT ( 'NONE',  ( -0.01055176779929884769, -0.1533874813587814967, 7.700999999999999623 ) ) ;
#7794 = PRESENTATION_LAYER_ASSIGNMENT (  '', '', ( #4334 ) ) ;
#7795 = VECTOR ( 'NONE', #6626, 1000.000000000000000 ) ;
#7796 = ORIENTED_EDGE ( 'NONE', *, *, #10478, .F. ) ;
#7797 = CARTESIAN_POINT ( 'NONE',  ( 1.772563044153827816, -0.3268051553459658809, 7.700000000000002842 ) ) ;
#7798 = AXIS2_PLACEMENT_3D ( 'NONE', #5983, #6897, #2492 ) ;
#7799 = EDGE_CURVE ( 'NONE', #355, #244, #7485, .T. ) ;
#7800 = CARTESIAN_POINT ( 'NONE',  ( -1.256748052217145695, 0.7147202203168572243, 7.700000000000000178 ) ) ;
#7801 = EDGE_CURVE ( 'NONE', #2494, #7289, #281, .T. ) ;
#7802 =( LENGTH_UNIT ( ) NAMED_UNIT ( * ) SI_UNIT ( .MILLI., .METRE. ) );
#7803 = CARTESIAN_POINT ( 'NONE',  ( 0.1112392443729483815, -0.2119122117480990164, 7.700000000000000178 ) ) ;
#7804 = ORIENTED_EDGE ( 'NONE', *, *, #2903, .F. ) ;
#7805 = DIRECTION ( 'NONE',  ( 0.0000000000000000000, -0.0000000000000000000, 1.000000000000000000 ) ) ;
#7806 = LINE ( 'NONE', #2837, #10292 ) ;
#7807 = FILL_AREA_STYLE ('',( #7845 ) ) ;
#7808 = DIRECTION ( 'NONE',  ( 0.08662961636484137196, -0.9962405881956829523, 0.0000000000000000000 ) ) ;
#7809 = DIRECTION ( 'NONE',  ( -1.000000000000000000, 0.0000000000000000000, 0.0000000000000000000 ) ) ;
#7810 = STYLED_ITEM ( 'NONE', ( #8988 ), #4348 ) ;
#7811 =( NAMED_UNIT ( * ) PLANE_ANGLE_UNIT ( ) SI_UNIT ( $, .RADIAN. ) );
#7812 = STYLED_ITEM ( 'NONE', ( #6162 ), #4560 ) ;
#7813 = ORIENTED_EDGE ( 'NONE', *, *, #108, .T. ) ;
#7814 = CARTESIAN_POINT ( 'NONE',  ( -1.037834477112823173, 0.6436450942646022577, 7.701000000000000512 ) ) ;
#7815 = CARTESIAN_POINT ( 'NONE',  ( 0.5046777662301892287, 0.9154633062510413311, 7.700999999999999623 ) ) ;
#7816 = PRESENTATION_STYLE_ASSIGNMENT (( #10321 ) ) ;
#7817 = DIRECTION ( 'NONE',  ( -0.0000000000000000000, -0.0000000000000000000, -1.000000000000000000 ) ) ;
#7818 = VERTEX_POINT ( 'NONE', #6989 ) ;
#7819 =( NAMED_UNIT ( * ) PLANE_ANGLE_UNIT ( ) SI_UNIT ( $, .RADIAN. ) );
#7820 = DIRECTION ( 'NONE',  ( -1.227398685832646557E-16, 1.000000000000000000, 0.0000000000000000000 ) ) ;
#7821 = FACE_OUTER_BOUND ( 'NONE', #1578, .T. ) ;
#7822 = CARTESIAN_POINT ( 'NONE',  ( -0.5000000000000000000, 3.299999999999999822, 0.2999999999999999889 ) ) ;
#7823 = PRESENTATION_STYLE_ASSIGNMENT (( #7930 ) ) ;
#7824 = DIRECTION ( 'NONE',  ( -1.000000000000000000, 0.0000000000000000000, 0.0000000000000000000 ) ) ;
#7825 = CARTESIAN_POINT ( 'NONE',  ( 2.140823534941727502, -0.02375504491210915503, 7.700000000000001066 ) ) ;
#7826 = CARTESIAN_POINT ( 'NONE',  ( 1.772572157991250341, 0.1126199460832720545, 7.701000000000001400 ) ) ;
#7827 = ORIENTED_EDGE ( 'NONE', *, *, #901, .F. ) ;
#7828 = ORIENTED_EDGE ( 'NONE', *, *, #2789, .T. ) ;
#7829 = CARTESIAN_POINT ( 'NONE',  ( 0.9880645727848887949, -1.362938863479932872, 7.700000000000000178 ) ) ;
#7830 = CARTESIAN_POINT ( 'NONE',  ( 1.568996007524917191, -1.596728343314334442, 7.700000000000000178 ) ) ;
#7831 = CARTESIAN_POINT ( 'NONE',  ( 1.117116516623060996, -1.282935229560041579, 7.700999999999999623 ) ) ;
#7832 = CARTESIAN_POINT ( 'NONE',  ( 0.3999999999999996891, 1.000000000000000000, 0.2999999999999999889 ) ) ;
#7833 = CARTESIAN_POINT ( 'NONE',  ( 0.09148684209130628076, -0.2465548950514027948, 7.700000000000001066 ) ) ;
#7834 = CARTESIAN_POINT ( 'NONE',  ( -0.5210752786443944018, -0.1610552418542463005, 7.700000000000001954 ) ) ;
#7835 = ORIENTED_EDGE ( 'NONE', *, *, #5686, .F. ) ;
#7836 = CARTESIAN_POINT ( 'NONE',  ( 0.1415137252151125180, -0.1338703734566870918, 7.700999999999998735 ) ) ;
#7837 = ORIENTED_EDGE ( 'NONE', *, *, #2121, .T. ) ;
#7838 = UNCERTAINTY_MEASURE_WITH_UNIT (LENGTH_MEASURE( 1.000000000000000082E-05 ), #771, 'distance_accuracy_value', 'NONE');
#7839 = ORIENTED_EDGE ( 'NONE', *, *, #5616, .F. ) ;
#7840 = FILL_AREA_STYLE ('',( #3581 ) ) ;
#7841 = CARTESIAN_POINT ( 'NONE',  ( -1.284331856552713091, 0.7151637655159539531, 7.700000000000001954 ) ) ;
#7842 = CARTESIAN_POINT ( 'NONE',  ( 1.547733973726830081, 0.2821658913889863451, 7.699999999999999289 ) ) ;
#7843 = VERTEX_POINT ( 'NONE', #6031 ) ;
#7844 = CARTESIAN_POINT ( 'NONE',  ( 0.5049296523788033841, 0.9488178823692862141, 7.700000000000001066 ) ) ;
#7845 = FILL_AREA_STYLE_COLOUR ( '', #3753 ) ;
#7846 = SURFACE_SIDE_STYLE ('',( #3643 ) ) ;
#7847 = CARTESIAN_POINT ( 'NONE',  ( 3.300000000000000266, 1.300000000000002487, 0.6999999999999999556 ) ) ;
#7848 = EDGE_CURVE ( 'NONE', #8254, #1248, #6196, .T. ) ;
#7849 = UNCERTAINTY_MEASURE_WITH_UNIT (LENGTH_MEASURE( 1.000000000000000082E-05 ), #10146, 'distance_accuracy_value', 'NONE');
#7850 = ADVANCED_FACE ( 'NONE', ( #4510 ), #2133, .T. ) ;
#7851 = AXIS2_PLACEMENT_3D ( 'NONE', #2665, #9210, #160 ) ;
#7852 = EDGE_CURVE ( 'NONE', #2027, #2942, #10308, .T. ) ;
#7853 = VECTOR ( 'NONE', #2171, 1000.000000000000000 ) ;
#7854 = MECHANICAL_DESIGN_GEOMETRIC_PRESENTATION_REPRESENTATION (  '', ( #2700 ), #9029 ) ;
#7855 = FILL_AREA_STYLE_COLOUR ( '', #4400 ) ;
#7856 = EDGE_LOOP ( 'NONE', ( #7413, #3789, #526, #7735 ) ) ;
#7857 = PLANE ( 'NONE',  #2940 ) ;
#7858 = CARTESIAN_POINT ( 'NONE',  ( 1.365428970896007232, -1.582627147575494941, 7.700000000000001066 ) ) ;
#7859 = CARTESIAN_POINT ( 'NONE',  ( 1.949095422145334267, -0.4159564233234122055, 7.701000000000000512 ) ) ;
#7860 = VECTOR ( 'NONE', #5245, 1000.000000000000000 ) ;
#7861 =( GEOMETRIC_REPRESENTATION_CONTEXT ( 3 ) GLOBAL_UNCERTAINTY_ASSIGNED_CONTEXT ( ( #3204 ) ) GLOBAL_UNIT_ASSIGNED_CONTEXT ( ( #8945, #9748, #8096 ) ) REPRESENTATION_CONTEXT ( 'NONE', 'WORKASPACE' ) );
#7862 = CARTESIAN_POINT ( 'NONE',  ( -1.544826785087085375, 0.7575166541785746110, 7.699999999999999289 ) ) ;
#7863 = VERTEX_POINT ( 'NONE', #8603 ) ;
#7864 = FILL_AREA_STYLE ('',( #3013 ) ) ;
#7865 = UNCERTAINTY_MEASURE_WITH_UNIT (LENGTH_MEASURE( 1.000000000000000082E-05 ), #3149, 'distance_accuracy_value', 'NONE');
#7866 = VECTOR ( 'NONE', #8732, 1000.000000000000000 ) ;
#7867 = CARTESIAN_POINT ( 'NONE',  ( 0.6185473869922488710, 0.9168507080903502970, 7.701000000000000512 ) ) ;
#7868 = CIRCLE ( 'NONE', #834, 0.1000000000000006994 ) ;
#7869 = CARTESIAN_POINT ( 'NONE',  ( -0.9682748588229931341, -1.837602352840687958, 7.701000000000000512 ) ) ;
#7870 =( NAMED_UNIT ( * ) SI_UNIT ( $, .STERADIAN. ) SOLID_ANGLE_UNIT ( ) );
#7871 =( LENGTH_UNIT ( ) NAMED_UNIT ( * ) SI_UNIT ( .MILLI., .METRE. ) );
#7872 = DIRECTION ( 'NONE',  ( 0.0000000000000000000, -1.000000000000000000, 0.0000000000000000000 ) ) ;
#7873 = CARTESIAN_POINT ( 'NONE',  ( 0.3048310571695536653, 0.5731410306430332335, 7.699999999999999289 ) ) ;
#7874 = DIRECTION ( 'NONE',  ( -0.0000000000000000000, 1.000000000000000000, -0.0000000000000000000 ) ) ;
#7875 = PRESENTATION_LAYER_ASSIGNMENT (  '', '', ( #8556 ) ) ;
#7876 = ORIENTED_EDGE ( 'NONE', *, *, #4937, .T. ) ;
#7877 = DIRECTION ( 'NONE',  ( -1.000000000000000000, -1.714635274194812242E-16, 0.0000000000000000000 ) ) ;
#7878 = VECTOR ( 'NONE', #2970, 1000.000000000000000 ) ;
#7879 = CARTESIAN_POINT ( 'NONE',  ( 1.323346637208148380, -1.151314767247126225, 7.701000000000001400 ) ) ;
#7880 =( LENGTH_UNIT ( ) NAMED_UNIT ( * ) SI_UNIT ( .MILLI., .METRE. ) );
#7881 = CARTESIAN_POINT ( 'NONE',  ( 1.970852870559638204, -1.506092673193603293, 7.699999999999999289 ) ) ;
#7882 = DIRECTION ( 'NONE',  ( -0.0000000000000000000, -0.0000000000000000000, -1.000000000000000000 ) ) ;
#7883 =( LENGTH_UNIT ( ) NAMED_UNIT ( * ) SI_UNIT ( .MILLI., .METRE. ) );
#7884 = CARTESIAN_POINT ( 'NONE',  ( 0.4999999999999995559, -3.299999999999999822, 0.2999999999999999889 ) ) ;
#7885 = AXIS2_PLACEMENT_3D ( 'NONE', #4416, #4529, #3659 ) ;
#7886 =( LENGTH_UNIT ( ) NAMED_UNIT ( * ) SI_UNIT ( .MILLI., .METRE. ) );
#7887 = CARTESIAN_POINT ( 'NONE',  ( -1.555848040149226286, 0.7833516017076379567, 7.700000000000000178 ) ) ;
#7888 = ORIENTED_EDGE ( 'NONE', *, *, #5671, .F. ) ;
#7889 = CARTESIAN_POINT ( 'NONE',  ( -0.1600384243524445305, -0.3967638176302421549, 7.701000000000000512 ) ) ;
#7890 = STYLED_ITEM ( 'NONE', ( #2960 ), #7609 ) ;
#7891 = DIRECTION ( 'NONE',  ( -1.000000000000000000, 0.0000000000000000000, 0.0000000000000000000 ) ) ;
#7892 = ORIENTED_EDGE ( 'NONE', *, *, #5560, .T. ) ;
#7893 = ORIENTED_EDGE ( 'NONE', *, *, #818, .F. ) ;
#7894 = CARTESIAN_POINT ( 'NONE',  ( 1.946828726496352857, -0.2676409664043096215, 7.699999999999999289 ) ) ;
#7895 = CARTESIAN_POINT ( 'NONE',  ( -0.9850681048049760857, 0.7480887106071942849, 7.700000000000001066 ) ) ;
#7896 =( NAMED_UNIT ( * ) SI_UNIT ( $, .STERADIAN. ) SOLID_ANGLE_UNIT ( ) );
#7897 = CARTESIAN_POINT ( 'NONE',  ( -2.073461490767437354, 0.4171699732548914130, 7.701000000000000512 ) ) ;
#7898 = ORIENTED_EDGE ( 'NONE', *, *, #6138, .F. ) ;
#7899 = VECTOR ( 'NONE', #9339, 1000.000000000000000 ) ;
#7900 = CARTESIAN_POINT ( 'NONE',  ( 0.5000000000000000000, 3.299999999999999822, 0.2999999999999999889 ) ) ;
#7901 = CARTESIAN_POINT ( 'NONE',  ( 1.991205896491950789, -1.486792461402305587, 7.701000000000000512 ) ) ;
#7902 = DIRECTION ( 'NONE',  ( -0.0000000000000000000, -0.0000000000000000000, -1.000000000000000000 ) ) ;
#7903 = SURFACE_STYLE_FILL_AREA ( #7213 ) ;
#7904 = CARTESIAN_POINT ( 'NONE',  ( 2.027539931693435715, -1.107167481825129807, 7.701000000000001400 ) ) ;
#7905 = VECTOR ( 'NONE', #2775, 1000.000000000000000 ) ;
#7906 = AXIS2_PLACEMENT_3D ( 'NONE', #7832, #544, #2780 ) ;
#7907 = AXIS2_PLACEMENT_3D ( 'NONE', #4655, #6277, #10396 ) ;
#7908 = PRESENTATION_STYLE_ASSIGNMENT (( #6998 ) ) ;
#7909 = B_SPLINE_SURFACE_WITH_KNOTS ( 'NONE', 3, 1, ( 
 ( #10455, #3079 ),
 ( #8037, #698 ),
 ( #3927, #7247 ),
 ( #10505, #3132 ),
 ( #10554, #1540 ),
 ( #6439, #9691 ),
 ( #2332, #5620 ),
 ( #8892, #748 ),
 ( #3984, #7294 ),
 ( #3174, #6488 ),
 ( #9742, #7617 ),
 ( #2708, #208 ),
 ( #8248, #1838 ),
 ( #10111, #7457 ),
 ( #99, #5994 ),
 ( #6752, #6642 ),
 ( #6701, #5834 ),
 ( #5077, #8413 ),
 ( #1787, #4199 ) ),
 .UNSPECIFIED., .F., .F., .F.,
 ( 4, 1, 1, 1, 1, 1, 1, 1, 1, 1, 1, 1, 1, 1, 1, 1, 4 ),
 ( 2, 2 ),
 ( 0.0000000000000000000, 0.05512446635589161870, 0.1082073024476596090, 0.1600630494254705050, 0.2119606837466775917, 0.2644442975682713692, 0.3185698467065769535, 0.3749815850074509904, 0.4347839038291971825, 0.4967676425432615561, 0.5604611832040430341, 0.6261067072605086548, 0.6940677426715109455, 0.7654570646872309592, 0.8400003673168320306, 0.9179818759620875790, 1.000000000000000000 ),
 ( 0.0000000000000000000, 1.000000000000000000 ),
 .UNSPECIFIED. ) ;
#7910 = CARTESIAN_POINT ( 'NONE',  ( 0.4500000000000000111, 1.100000000000000089, 0.7000000000000000666 ) ) ;
#7911 = EDGE_CURVE ( 'NONE', #505, #7222, #1340, .T. ) ;
#7912 = ORIENTED_EDGE ( 'NONE', *, *, #1867, .F. ) ;
#7913 = ADVANCED_FACE ( 'NONE', ( #3799 ), #2742, .T. ) ;
#7914 = CARTESIAN_POINT ( 'NONE',  ( -1.929289321881345387, -3.270710678118654791, 0.6999999999999999556 ) ) ;
#7915 = FILL_AREA_STYLE ('',( #4463 ) ) ;
#7916 = CYLINDRICAL_SURFACE ( 'NONE', #4101, 0.09999999999999982514 ) ;
#7917 = FILL_AREA_STYLE ('',( #2848 ) ) ;
#7918 = COLOUR_RGB ( '',0.0000000000000000000, 0.0000000000000000000, 0.0000000000000000000 ) ;
#7919 = STYLED_ITEM ( 'NONE', ( #8227 ), #5345 ) ;
#7920 = ADVANCED_FACE ( 'NONE', ( #8906 ), #3186, .T. ) ;
#7921 = ORIENTED_EDGE ( 'NONE', *, *, #1288, .T. ) ;
#7922 = SURFACE_SIDE_STYLE ('',( #2964 ) ) ;
#7923 = MECHANICAL_DESIGN_GEOMETRIC_PRESENTATION_REPRESENTATION (  '', ( #3254 ), #9624 ) ;
#7924 = CARTESIAN_POINT ( 'NONE',  ( 0.5863400452148918029, 0.7462043510914057043, 7.701000000000003176 ) ) ;
#7925 = DIRECTION ( 'NONE',  ( 0.0000000000000000000, 0.0000000000000000000, -1.000000000000000000 ) ) ;
#7926 = EDGE_CURVE ( 'NONE', #8750, #9275, #8102, .T. ) ;
#7927 = EDGE_CURVE ( 'NONE', #9113, #6046, #2694, .T. ) ;
#7928 = CARTESIAN_POINT ( 'NONE',  ( -0.9682748588229931341, -0.6101184793789655725, 7.701000000000000512 ) ) ;
#7929 = SURFACE_STYLE_FILL_AREA ( #1309 ) ;
#7930 = SURFACE_STYLE_USAGE ( .BOTH. , #4745 ) ;
#7931 = CARTESIAN_POINT ( 'NONE',  ( 1.929289321881388686, -3.270710678118654791, 1.000000000000000000 ) ) ;
#7932 = CARTESIAN_POINT ( 'NONE',  ( 1.677484788994017872, 0.1235885858669402981, 7.699999999999999289 ) ) ;
#7933 = FILL_AREA_STYLE_COLOUR ( '', #4048 ) ;
#7934 = CIRCLE ( 'NONE', #3258, 2.950000000000000622 ) ;
#7935 = ORIENTED_EDGE ( 'NONE', *, *, #3621, .F. ) ;
#7936 = CARTESIAN_POINT ( 'NONE',  ( 1.513545869038880110, -1.129629892381771583, 7.699999999999999289 ) ) ;
#7937 = CARTESIAN_POINT ( 'NONE',  ( 1.224646799147350187E-17, 0.0000000000000000000, 7.700000000000000178 ) ) ;
#7938 =( NAMED_UNIT ( * ) PLANE_ANGLE_UNIT ( ) SI_UNIT ( $, .RADIAN. ) );
#7939 = CARTESIAN_POINT ( 'NONE',  ( 0.3166533459019524321, 0.7290430768443273424, 7.701000000000001400 ) ) ;
#7940 = PRESENTATION_LAYER_ASSIGNMENT (  '', '', ( #3956 ) ) ;
#7941 = CARTESIAN_POINT ( 'NONE',  ( 0.5789241221807499560, 1.137261217150094206, 7.700000000000001066 ) ) ;
#7942 = CARTESIAN_POINT ( 'NONE',  ( -0.08293457220496511240, -0.3815515112248016316, 7.699999999999999289 ) ) ;
#7943 = SURFACE_STYLE_FILL_AREA ( #3028 ) ;
#7944 = SURFACE_STYLE_FILL_AREA ( #6328 ) ;
#7945 = ORIENTED_EDGE ( 'NONE', *, *, #8644, .T. ) ;
#7946 = CARTESIAN_POINT ( 'NONE',  ( 0.1642337129972416543, 0.004749331860284999353, 7.701000000000003176 ) ) ;
#7947 = DIRECTION ( 'NONE',  ( 0.0000000000000000000, 1.000000000000000000, 0.0000000000000000000 ) ) ;
#7948 =( GEOMETRIC_REPRESENTATION_CONTEXT ( 3 ) GLOBAL_UNCERTAINTY_ASSIGNED_CONTEXT ( ( #10328 ) ) GLOBAL_UNIT_ASSIGNED_CONTEXT ( ( #10598, #3222, #3269 ) ) REPRESENTATION_CONTEXT ( 'NONE', 'WORKASPACE' ) );
#7949 = ORIENTED_EDGE ( 'NONE', *, *, #3502, .F. ) ;
#7950 = UNCERTAINTY_MEASURE_WITH_UNIT (LENGTH_MEASURE( 1.000000000000000082E-05 ), #273, 'distance_accuracy_value', 'NONE');
#7951 = ORIENTED_EDGE ( 'NONE', *, *, #6678, .T. ) ;
#7952 = LINE ( 'NONE', #9535, #6427 ) ;
#7953 = LINE ( 'NONE', #3941, #4920 ) ;
#7954 = CARTESIAN_POINT ( 'NONE',  ( -1.459402778558030356, 0.8350480683122247783, 7.700999999999999623 ) ) ;
#7955 = FACE_OUTER_BOUND ( 'NONE', #8871, .T. ) ;
#7956 = FILL_AREA_STYLE_COLOUR ( '', #2577 ) ;
#7957 = PRESENTATION_LAYER_ASSIGNMENT (  '', '', ( #422 ) ) ;
#7958 = ORIENTED_EDGE ( 'NONE', *, *, #1724, .F. ) ;
#7959 = COLOUR_RGB ( '',0.0000000000000000000, 0.0000000000000000000, 0.0000000000000000000 ) ;
#7960 = CARTESIAN_POINT ( 'NONE',  ( 2.036574967193720553, -1.362496080374185903, 7.701000000000001400 ) ) ;
#7961 = CARTESIAN_POINT ( 'NONE',  ( -1.863582298643372326, -0.1502882240607342212, 7.700000000000000178 ) ) ;
#7962 = CARTESIAN_POINT ( 'NONE',  ( 0.6178494726278108695, 0.8793347857779811871, 7.700000000000000178 ) ) ;
#7963 = CARTESIAN_POINT ( 'NONE',  ( -0.2449741633412926556, -0.2383616543033810764, 7.700000000000001954 ) ) ;
#7964 = SURFACE_SIDE_STYLE ('',( #8705 ) ) ;
#7965 = UNCERTAINTY_MEASURE_WITH_UNIT (LENGTH_MEASURE( 1.000000000000000082E-05 ), #7156, 'distance_accuracy_value', 'NONE');
#7966 = CARTESIAN_POINT ( 'NONE',  ( 0.6089285890062423601, 1.026855209795008328, 7.701000000000002288 ) ) ;
#7967 = CARTESIAN_POINT ( 'NONE',  ( -0.04221734278113675048, 0.7849962472461479157, 7.700000000000000178 ) ) ;
#7968 = EDGE_LOOP ( 'NONE', ( #1351, #4518, #2943, #7640 ) ) ;
#7969 = SURFACE_STYLE_FILL_AREA ( #2198 ) ;
#7970 = PRESENTATION_LAYER_ASSIGNMENT (  '', '', ( #441 ) ) ;
#7971 = CARTESIAN_POINT ( 'NONE',  ( 0.5000000000000000000, 1.100000000000000089, 0.2999999999999999889 ) ) ;
#7972 = DIRECTION ( 'NONE',  ( -1.000000000000000000, 0.0000000000000000000, 0.0000000000000000000 ) ) ;
#7973 = ORIENTED_EDGE ( 'NONE', *, *, #6678, .F. ) ;
#7974 = EDGE_CURVE ( 'NONE', #2702, #9113, #9481, .T. ) ;
#7975 = UNCERTAINTY_MEASURE_WITH_UNIT (LENGTH_MEASURE( 1.000000000000000082E-05 ), #9594, 'distance_accuracy_value', 'NONE');
#7976 = PRESENTATION_LAYER_ASSIGNMENT (  '', '', ( #4528 ) ) ;
#7977 = CARTESIAN_POINT ( 'NONE',  ( -0.9682748588229931341, -0.6101184793789655725, 7.701000000000000512 ) ) ;
#7978 = DIRECTION ( 'NONE',  ( 1.000000000000000000, 0.0000000000000000000, 0.0000000000000000000 ) ) ;
#7979 =( LENGTH_UNIT ( ) NAMED_UNIT ( * ) SI_UNIT ( .MILLI., .METRE. ) );
#7980 =( LENGTH_UNIT ( ) NAMED_UNIT ( * ) SI_UNIT ( .MILLI., .METRE. ) );
#7981 = LINE ( 'NONE', #10273, #6511 ) ;
#7982 = CARTESIAN_POINT ( 'NONE',  ( 0.2189990512243550902, 0.5844052642546903042, 7.700999999999998735 ) ) ;
#7983 = LINE ( 'NONE', #8734, #9398 ) ;
#7984 = ORIENTED_EDGE ( 'NONE', *, *, #3764, .F. ) ;
#7985 = ADVANCED_FACE ( 'NONE', ( #968 ), #63, .T. ) ;
#7986 = ADVANCED_FACE ( 'NONE', ( #8264 ), #9853, .T. ) ;
#7987 = CARTESIAN_POINT ( 'NONE',  ( -0.3520609021693437146, 1.046501710493883408, 7.700000000000001066 ) ) ;
#7988 = ADVANCED_FACE ( 'NONE', ( #1702 ), #10042, .T. ) ;
#7989 = CARTESIAN_POINT ( 'NONE',  ( -1.081627333894218168, -1.837602352840687958, 7.701000000000000512 ) ) ;
#7990 = LINE ( 'NONE', #2226, #4989 ) ;
#7991 = CARTESIAN_POINT ( 'NONE',  ( 0.1598893706839581708, -0.04440493813478716550, 7.700999999999998735 ) ) ;
#7992 = DIRECTION ( 'NONE',  ( -1.000000000000000000, 0.0000000000000000000, 0.0000000000000000000 ) ) ;
#7993 = PLANE ( 'NONE',  #9572 ) ;
#7994 = ORIENTED_EDGE ( 'NONE', *, *, #9981, .F. ) ;
#7995 = SURFACE_SIDE_STYLE ('',( #4715 ) ) ;
#7996 = EDGE_LOOP ( 'NONE', ( #2363, #2864, #6002, #8455 ) ) ;
#7997 = VERTEX_POINT ( 'NONE', #7189 ) ;
#7998 =( NAMED_UNIT ( * ) SI_UNIT ( $, .STERADIAN. ) SOLID_ANGLE_UNIT ( ) );
#7999 = FILL_AREA_STYLE ('',( #613 ) ) ;
#8000 = CARTESIAN_POINT ( 'NONE',  ( -0.5149773637200018017, -1.466107327118977510, 7.700000000000000178 ) ) ;
#8001 =( NAMED_UNIT ( * ) PLANE_ANGLE_UNIT ( ) SI_UNIT ( $, .RADIAN. ) );
#8002 = VERTEX_POINT ( 'NONE', #7344 ) ;
#8003 =( NAMED_UNIT ( * ) SI_UNIT ( $, .STERADIAN. ) SOLID_ANGLE_UNIT ( ) );
#8004 = FILL_AREA_STYLE_COLOUR ( '', #682 ) ;
#8005 = CARTESIAN_POINT ( 'NONE',  ( -0.2766637301760838663, -0.3916343455583075062, 7.701000000000000512 ) ) ;
#8006 = CARTESIAN_POINT ( 'NONE',  ( 1.590258041323004079, -0.9736561008405419937, 7.700000000000000178 ) ) ;
#8007 = CARTESIAN_POINT ( 'NONE',  ( 1.568996007524917191, -1.129149383645531080, 7.701000000000000512 ) ) ;
#8008 = STYLED_ITEM ( 'NONE', ( #397 ), #8243 ) ;
#8009 = ORIENTED_EDGE ( 'NONE', *, *, #6596, .T. ) ;
#8010 =( NAMED_UNIT ( * ) PLANE_ANGLE_UNIT ( ) SI_UNIT ( $, .RADIAN. ) );
#8011 = PRESENTATION_STYLE_ASSIGNMENT (( #3807 ) ) ;
#8012 = DIRECTION ( 'NONE',  ( 0.0000000000000000000, 0.0000000000000000000, -1.000000000000000000 ) ) ;
#8013 = CARTESIAN_POINT ( 'NONE',  ( -1.858578643762690330, -3.299999999999999822, 1.000000000000000000 ) ) ;
#8014 = FACE_OUTER_BOUND ( 'NONE', #3524, .T. ) ;
#8015 = FILL_AREA_STYLE ('',( #8510 ) ) ;
#8016 = AXIS2_PLACEMENT_3D ( 'NONE', #454, #6982, #10234 ) ;
#8017 = MECHANICAL_DESIGN_GEOMETRIC_PRESENTATION_REPRESENTATION (  '', ( #3184 ), #5267 ) ;
#8018 = ORIENTED_EDGE ( 'NONE', *, *, #5493, .T. ) ;
#8019 = PRESENTATION_STYLE_ASSIGNMENT (( #9673 ) ) ;
#8020 = CARTESIAN_POINT ( 'NONE',  ( 0.5549938700579185591, 0.6910695983926831154, 7.701000000000002288 ) ) ;
#8021 = SURFACE_STYLE_USAGE ( .BOTH. , #3015 ) ;
#8022 = CARTESIAN_POINT ( 'NONE',  ( 1.191078891308347432, 0.05388108045180030337, 7.700000000000000178 ) ) ;
#8023 = SURFACE_STYLE_USAGE ( .BOTH. , #1471 ) ;
#8024 = STYLED_ITEM ( 'NONE', ( #9372 ), #2193 ) ;
#8025 = EDGE_CURVE ( 'NONE', #2772, #8219, #8985, .T. ) ;
#8026 = FACE_OUTER_BOUND ( 'NONE', #7097, .T. ) ;
#8027 =( NAMED_UNIT ( * ) PLANE_ANGLE_UNIT ( ) SI_UNIT ( $, .RADIAN. ) );
#8028 = B_SPLINE_CURVE_WITH_KNOTS ( 'NONE', 3,
 ( #6169, #8634, #2112, #7784, #5406, #7674, #321, #1168, #3670, #2068, #9413, #7881, #3779, #5353, #4437, #10061, #1905, #2719, #5191 ),
 .UNSPECIFIED., .F., .F.,
 ( 4, 1, 1, 1, 1, 1, 1, 1, 1, 1, 1, 1, 1, 1, 1, 1, 4 ),
 ( 0.0000000000000000000, 0.09740740189187964415, 0.1884696562417149113, 0.2736508078079416539, 0.3527965507480324003, 0.4264401553664737832, 0.4945451753022213071, 0.5577103911930282321, 0.6159629279777022459, 0.6701368312172598651, 0.7205132282169417479, 0.7684108135375797843, 0.8142247872934238462, 0.8591969544233386546, 0.9045728410396771668, 0.9512072231381230036, 1.000000000000000000 ),
 .UNSPECIFIED. ) ;
#8029 = SURFACE_SIDE_STYLE ('',( #9633 ) ) ;
#8030 = FILL_AREA_STYLE ('',( #6386 ) ) ;
#8031 = VERTEX_POINT ( 'NONE', #10452 ) ;
#8032 = AXIS2_PLACEMENT_3D ( 'NONE', #8627, #4586, #7025 ) ;
#8033 = AXIS2_PLACEMENT_3D ( 'NONE', #7504, #150, #1538 ) ;
#8034 = DIRECTION ( 'NONE',  ( -0.0000000000000000000, -0.0000000000000000000, -1.000000000000000000 ) ) ;
#8035 = DIRECTION ( 'NONE',  ( -1.000000000000000000, 0.0000000000000000000, 0.0000000000000000000 ) ) ;
#8036 = SURFACE_STYLE_USAGE ( .BOTH. , #4758 ) ;
#8037 = CARTESIAN_POINT ( 'NONE',  ( 2.149501702799247127, -0.1214696149015607046, 7.701000000000002288 ) ) ;
#8038 = SURFACE_SIDE_STYLE ('',( #7943 ) ) ;
#8039 = EDGE_CURVE ( 'NONE', #9504, #80, #10602, .T. ) ;
#8040 = ADVANCED_FACE ( 'NONE', ( #2282 ), #3225, .F. ) ;
#8041 = COLOUR_RGB ( '',0.0000000000000000000, 0.0000000000000000000, 0.0000000000000000000 ) ;
#8042 = STYLED_ITEM ( 'NONE', ( #6463 ), #316 ) ;
#8043 = ADVANCED_FACE ( 'NONE', ( #5770, #3377 ), #5324, .T. ) ;
#8044 = MECHANICAL_DESIGN_GEOMETRIC_PRESENTATION_REPRESENTATION (  '', ( #5129 ), #2026 ) ;
#8045 = VERTEX_POINT ( 'NONE', #8610 ) ;
#8046 = ORIENTED_EDGE ( 'NONE', *, *, #8569, .T. ) ;
#8047 = CIRCLE ( 'NONE', #10266, 0.2000000000000000944 ) ;
#8048 = CARTESIAN_POINT ( 'NONE',  ( 2.128453715729373030, -1.485505518202610453, 7.699999999999999289 ) ) ;
#8049 = CIRCLE ( 'NONE', #3384, 3.300000000000028244 ) ;
#8050 = CARTESIAN_POINT ( 'NONE',  ( -1.242357601280369206, 0.5588605670939227332, 7.700000000000000178 ) ) ;
#8051 = DIRECTION ( 'NONE',  ( -0.0000000000000000000, -0.0000000000000000000, -1.000000000000000000 ) ) ;
#8052 = CARTESIAN_POINT ( 'NONE',  ( 1.365428970896007232, -0.3268051553459658809, 7.701000000000003176 ) ) ;
#8053 = ORIENTED_EDGE ( 'NONE', *, *, #4083, .F. ) ;
#8054 = EDGE_CURVE ( 'NONE', #7708, #957, #9998, .T. ) ;
#8055 = PLANE ( 'NONE',  #612 ) ;
#8056 = CARTESIAN_POINT ( 'NONE',  ( 1.772572157991250341, 0.1126199460832720545, 7.701000000000000512 ) ) ;
#8057 = FACE_OUTER_BOUND ( 'NONE', #4317, .T. ) ;
#8058 = PLANE ( 'NONE',  #4328 ) ;
#8059 = UNCERTAINTY_MEASURE_WITH_UNIT (LENGTH_MEASURE( 1.000000000000000082E-05 ), #3530, 'distance_accuracy_value', 'NONE');
#8060 = VECTOR ( 'NONE', #9067, 1000.000000000000000 ) ;
#8061 = LINE ( 'NONE', #3955, #6750 ) ;
#8062 = MECHANICAL_DESIGN_GEOMETRIC_PRESENTATION_REPRESENTATION (  '', ( #10461 ), #6535 ) ;
#8063 =( NAMED_UNIT ( * ) PLANE_ANGLE_UNIT ( ) SI_UNIT ( $, .RADIAN. ) );
#8064 = MECHANICAL_DESIGN_GEOMETRIC_PRESENTATION_REPRESENTATION (  '', ( #7740 ), #6193 ) ;
#8065 = ORIENTED_EDGE ( 'NONE', *, *, #8107, .T. ) ;
#8066 = CARTESIAN_POINT ( 'NONE',  ( 0.02597999591285132109, 0.7108287933837288408, 7.700999999999997847 ) ) ;
#8067 = CARTESIAN_POINT ( 'NONE',  ( 1.167288853372377311, 0.03622830616507979190, 7.701000000000005841 ) ) ;
#8068 = DIRECTION ( 'NONE',  ( 1.000000000000000000, 0.0000000000000000000, 5.709050538207424106E-12 ) ) ;
#8069 =( GEOMETRIC_REPRESENTATION_CONTEXT ( 3 ) GLOBAL_UNCERTAINTY_ASSIGNED_CONTEXT ( ( #3313 ) ) GLOBAL_UNIT_ASSIGNED_CONTEXT ( ( #796, #7347, #6393 ) ) REPRESENTATION_CONTEXT ( 'NONE', 'WORKASPACE' ) );
#8070 = ORIENTED_EDGE ( 'NONE', *, *, #3101, .F. ) ;
#8071 = UNCERTAINTY_MEASURE_WITH_UNIT (LENGTH_MEASURE( 1.000000000000000082E-05 ), #9177, 'distance_accuracy_value', 'NONE');
#8072 = CARTESIAN_POINT ( 'NONE',  ( 0.3462936280282095103, 0.5739336131566803445, 7.701000000000001400 ) ) ;
#8073 = CARTESIAN_POINT ( 'NONE',  ( -0.9682748588229931341, 1.224806358137370044, 7.701000000000000512 ) ) ;
#8074 = VECTOR ( 'NONE', #3607, 1000.000000000000000 ) ;
#8075 = CARTESIAN_POINT ( 'NONE',  ( -1.858578643762690330, -3.299999999999999822, 0.0000000000000000000 ) ) ;
#8076 = DIRECTION ( 'NONE',  ( 0.0000000000000000000, -0.0000000000000000000, 1.000000000000000000 ) ) ;
#8077 =( LENGTH_UNIT ( ) NAMED_UNIT ( * ) SI_UNIT ( .MILLI., .METRE. ) );
#8078 = CARTESIAN_POINT ( 'NONE',  ( 1.804945612640167507, -0.4707952349948503201, 7.700000000000001954 ) ) ;
#8079 = CARTESIAN_POINT ( 'NONE',  ( 1.282175708585657103, -1.014347014972642791, 7.700999999999999623 ) ) ;
#8080 = ORIENTED_EDGE ( 'NONE', *, *, #6553, .T. ) ;
#8081 = PRESENTATION_LAYER_ASSIGNMENT (  '', '', ( #1226 ) ) ;
#8082 = VECTOR ( 'NONE', #8381, 1000.000000000000000 ) ;
#8083 = CARTESIAN_POINT ( 'NONE',  ( 2.149927442264945476, -0.1071168712504043802, 7.701000000000000512 ) ) ;
#8084 = CARTESIAN_POINT ( 'NONE',  ( 1.299999999999998712, 3.300000000000000711, 1.599999999999999867 ) ) ;
#8085 =( NAMED_UNIT ( * ) SI_UNIT ( $, .STERADIAN. ) SOLID_ANGLE_UNIT ( ) );
#8086 = CARTESIAN_POINT ( 'NONE',  ( 0.4626877337693144909, -0.3692444698526123337, 7.700000000000000178 ) ) ;
#8087 = DIRECTION ( 'NONE',  ( -1.000000000000000000, 0.0000000000000000000, 0.0000000000000000000 ) ) ;
#8088 = DIRECTION ( 'NONE',  ( -0.0000000000000000000, -0.0000000000000000000, -1.000000000000000000 ) ) ;
#8089 = SURFACE_SIDE_STYLE ('',( #7248 ) ) ;
#8090 = AXIS2_PLACEMENT_3D ( 'NONE', #9433, #712, #9496 ) ;
#8091 = CARTESIAN_POINT ( 'NONE',  ( -0.4744032918603282023, -0.2616545203487578020, 7.701000000000000512 ) ) ;
#8092 = EDGE_LOOP ( 'NONE', ( #8827, #4092, #4553, #7764 ) ) ;
#8093 = VERTEX_POINT ( 'NONE', #4517 ) ;
#8094 = ADVANCED_FACE ( 'NONE', ( #9890 ), #5092, .T. ) ;
#8095 = MECHANICAL_DESIGN_GEOMETRIC_PRESENTATION_REPRESENTATION (  '', ( #8451 ), #2609 ) ;
#8096 =( NAMED_UNIT ( * ) SI_UNIT ( $, .STERADIAN. ) SOLID_ANGLE_UNIT ( ) );
#8097 = CARTESIAN_POINT ( 'NONE',  ( -1.468611505303444975, 0.6500655206379568618, 7.700000000000001954 ) ) ;
#8098 = DIRECTION ( 'NONE',  ( -0.0000000000000000000, -0.0000000000000000000, -1.000000000000000000 ) ) ;
#8099 = SURFACE_STYLE_USAGE ( .BOTH. , #7208 ) ;
#8100 = ORIENTED_EDGE ( 'NONE', *, *, #1857, .F. ) ;
#8101 =( NAMED_UNIT ( * ) SI_UNIT ( $, .STERADIAN. ) SOLID_ANGLE_UNIT ( ) );
#8102 = LINE ( 'NONE', #7961, #1199 ) ;
#8103 = AXIS2_PLACEMENT_3D ( 'NONE', #2762, #9089, #1105 ) ;
#8104 = CARTESIAN_POINT ( 'NONE',  ( 0.5719240193132723027, 0.7177202561458559948, 7.699999999999998401 ) ) ;
#8105 = CARTESIAN_POINT ( 'NONE',  ( -0.2012655332982714596, -0.3975825886204186199, 7.701000000000000512 ) ) ;
#8106 = EDGE_CURVE ( 'NONE', #4946, #5678, #972, .T. ) ;
#8107 = EDGE_CURVE ( 'NONE', #2738, #2197, #7331, .T. ) ;
#8108 =( GEOMETRIC_REPRESENTATION_CONTEXT ( 3 ) GLOBAL_UNCERTAINTY_ASSIGNED_CONTEXT ( ( #5061 ) ) GLOBAL_UNIT_ASSIGNED_CONTEXT ( ( #5351, #6915, #2824 ) ) REPRESENTATION_CONTEXT ( 'NONE', 'WORKASPACE' ) );
#8109 = COLOUR_RGB ( '',0.0000000000000000000, 0.0000000000000000000, 0.0000000000000000000 ) ;
#8110 = ORIENTED_EDGE ( 'NONE', *, *, #4752, .F. ) ;
#8111 = DIRECTION ( 'NONE',  ( 0.0000000000000000000, 1.000000000000000000, 0.0000000000000000000 ) ) ;
#8112 = DIRECTION ( 'NONE',  ( -1.000000000000000000, 0.0000000000000000000, 0.0000000000000000000 ) ) ;
#8113 = CARTESIAN_POINT ( 'NONE',  ( 0.5902092682244426403, -0.9024444335030809006, 7.700000000000000178 ) ) ;
#8114 = CARTESIAN_POINT ( 'NONE',  ( 0.3999999999999996891, 1.000000000000000000, 0.2000000000000000111 ) ) ;
#8115 = STYLED_ITEM ( 'NONE', ( #1923 ), #4063 ) ;
#8116 = DIRECTION ( 'NONE',  ( -1.000000000000000000, 0.0000000000000000000, -1.221593242852756957E-16 ) ) ;
#8117 = STYLED_ITEM ( 'NONE', ( #407 ), #3151 ) ;
#8118 =( NAMED_UNIT ( * ) PLANE_ANGLE_UNIT ( ) SI_UNIT ( $, .RADIAN. ) );
#8119 = FACE_OUTER_BOUND ( 'NONE', #3693, .T. ) ;
#8120 = DIRECTION ( 'NONE',  ( 0.0000000000000000000, -0.0000000000000000000, 1.000000000000000000 ) ) ;
#8121 = COLOUR_RGB ( '',0.0000000000000000000, 0.0000000000000000000, 0.0000000000000000000 ) ;
#8122 = MECHANICAL_DESIGN_GEOMETRIC_PRESENTATION_REPRESENTATION (  '', ( #607 ), #3484 ) ;
#8123 = LINE ( 'NONE', #737, #1562 ) ;
#8124 = CARTESIAN_POINT ( 'NONE',  ( -0.3874558292648735969, 1.238975417521273270, 7.701000000000000512 ) ) ;
#8125 = CARTESIAN_POINT ( 'NONE',  ( 1.077750631565904005, -0.3332956693150405658, 7.701000000000001400 ) ) ;
#8126 = CARTESIAN_POINT ( 'NONE',  ( 2.093251204729333459, 1.153961061217854356, 7.701000000000000512 ) ) ;
#8127 = FILL_AREA_STYLE_COLOUR ( '', #10268 ) ;
#8128 = SURFACE_STYLE_FILL_AREA ( #10593 ) ;
#8129 = CARTESIAN_POINT ( 'NONE',  ( 1.750506843187357386, -0.4824849155068109963, 7.699999999999998401 ) ) ;
#8130 =( GEOMETRIC_REPRESENTATION_CONTEXT ( 3 ) GLOBAL_UNCERTAINTY_ASSIGNED_CONTEXT ( ( #1721 ) ) GLOBAL_UNIT_ASSIGNED_CONTEXT ( ( #2059, #6961, #10276 ) ) REPRESENTATION_CONTEXT ( 'NONE', 'WORKASPACE' ) );
#8131 = VERTEX_POINT ( 'NONE', #8661 ) ;
#8132 = CARTESIAN_POINT ( 'NONE',  ( -1.858578643762690330, -3.299999999999999822, 0.0000000000000000000 ) ) ;
#8133 = DIRECTION ( 'NONE',  ( -0.0000000000000000000, -0.0000000000000000000, 1.000000000000000000 ) ) ;
#8134 = CARTESIAN_POINT ( 'NONE',  ( -0.3171920930368596903, 1.031850727453690997, 7.700999999999999623 ) ) ;
#8135 = CYLINDRICAL_SURFACE ( 'NONE', #4772, 3.150000000000000355 ) ;
#8136 = FILL_AREA_STYLE_COLOUR ( '', #8242 ) ;
#8137 =( NAMED_UNIT ( * ) PLANE_ANGLE_UNIT ( ) SI_UNIT ( $, .RADIAN. ) );
#8138 = CARTESIAN_POINT ( 'NONE',  ( 3.300000000000042455, -1.300000000000000044, 1.000000000000000000 ) ) ;
#8139 = PLANE ( 'NONE',  #947 ) ;
#8140 = ORIENTED_EDGE ( 'NONE', *, *, #4210, .F. ) ;
#8141 = VERTEX_POINT ( 'NONE', #7165 ) ;
#8142 = DIRECTION ( 'NONE',  ( -0.8163674557174367408, -0.5775328365084005933, 0.0000000000000000000 ) ) ;
#8143 = FILL_AREA_STYLE_COLOUR ( '', #502 ) ;
#8144 = FACE_OUTER_BOUND ( 'NONE', #8813, .T. ) ;
#8145 = FILL_AREA_STYLE ('',( #7520 ) ) ;
#8146 = VERTEX_POINT ( 'NONE', #7910 ) ;
#8147 = CARTESIAN_POINT ( 'NONE',  ( 0.4000000000000003553, -1.000000000000000000, 0.2999999999999999889 ) ) ;
#8148 = DIRECTION ( 'NONE',  ( -1.000000000000000000, 0.0000000000000000000, 0.0000000000000000000 ) ) ;
#8149 = CARTESIAN_POINT ( 'NONE',  ( 1.218754814184914492, 0.06929291314299104720, 7.701000000000000512 ) ) ;
#8150 = ADVANCED_FACE ( 'NONE', ( #4570 ), #8712, .T. ) ;
#8151 = CARTESIAN_POINT ( 'NONE',  ( 0.5353994082763263718, 0.6667125238869127113, 7.700999999999997847 ) ) ;
#8152 = FILL_AREA_STYLE ('',( #7308 ) ) ;
#8153 = UNCERTAINTY_MEASURE_WITH_UNIT (LENGTH_MEASURE( 1.000000000000000082E-05 ), #9447, 'distance_accuracy_value', 'NONE');
#8154 = LINE ( 'NONE', #8959, #1502 ) ;
#8155 = ORIENTED_EDGE ( 'NONE', *, *, #4401, .F. ) ;
#8156 = CARTESIAN_POINT ( 'NONE',  ( 2.036574967193720109, -1.362496080374185681, 7.700000000000000178 ) ) ;
#8157 = CARTESIAN_POINT ( 'NONE',  ( 0.3048310571695536653, 0.5731410306430332335, 7.701000000000000512 ) ) ;
#8158 = CARTESIAN_POINT ( 'NONE',  ( -0.5149773637200018017, 0.1975179055035130304, 7.701000000000000512 ) ) ;
#8159 = EDGE_CURVE ( 'NONE', #4154, #433, #9007, .T. ) ;
#8160 = EDGE_CURVE ( 'NONE', #419, #1398, #8154, .T. ) ;
#8161 = CARTESIAN_POINT ( 'NONE',  ( 1.411149687857875756, -0.3333031771441322122, 7.700999999999996959 ) ) ;
#8162 = DIRECTION ( 'NONE',  ( 1.221593242852756957E-16, -0.0000000000000000000, -1.000000000000000000 ) ) ;
#8163 = ORIENTED_EDGE ( 'NONE', *, *, #8160, .F. ) ;
#8164 = PRESENTATION_LAYER_ASSIGNMENT (  '', '', ( #5948 ) ) ;
#8165 = FACE_BOUND ( 'NONE', #7420, .T. ) ;
#8166 = UNCERTAINTY_MEASURE_WITH_UNIT (LENGTH_MEASURE( 1.000000000000000082E-05 ), #9017, 'distance_accuracy_value', 'NONE');
#8167 = CARTESIAN_POINT ( 'NONE',  ( -1.858578643762690330, -3.299999999999999822, 1.000000000000000000 ) ) ;
#8168 = ORIENTED_EDGE ( 'NONE', *, *, #5346, .F. ) ;
#8169 = CARTESIAN_POINT ( 'NONE',  ( 0.4000000000000000222, 3.649999999999999911, 0.2999999999999999889 ) ) ;
#8170 = CARTESIAN_POINT ( 'NONE',  ( 1.445391071436133545, -0.4908631053358911700, 7.700999999999995183 ) ) ;
#8171 = ORIENTED_EDGE ( 'NONE', *, *, #5158, .F. ) ;
#8172 = DIRECTION ( 'NONE',  ( 0.0000000000000000000, 1.000000000000000000, 0.0000000000000000000 ) ) ;
#8173 = FILL_AREA_STYLE ('',( #1631 ) ) ;
#8174 = CIRCLE ( 'NONE', #9543, 0.1999999999999996503 ) ;
#8175 = CARTESIAN_POINT ( 'NONE',  ( 2.088206234233757730, -0.3010730896605685047, 7.699999999999999289 ) ) ;
#8176 = CARTESIAN_POINT ( 'NONE',  ( 0.5000000000000000000, -1.100000000000000089, 0.2999999999999999889 ) ) ;
#8177 = ORIENTED_EDGE ( 'NONE', *, *, #586, .F. ) ;
#8178 = COLOUR_RGB ( '',0.0000000000000000000, 0.0000000000000000000, 0.0000000000000000000 ) ;
#8179 = CARTESIAN_POINT ( 'NONE',  ( 1.948810933324092387, 0.2012215207107939108, 7.700999999999999623 ) ) ;
#8180 = VECTOR ( 'NONE', #1960, 1000.000000000000000 ) ;
#8181 =( LENGTH_UNIT ( ) NAMED_UNIT ( * ) SI_UNIT ( .MILLI., .METRE. ) );
#8182 = CARTESIAN_POINT ( 'NONE',  ( 0.5021780607383964368, 0.8928209720837009256, 7.701000000000000512 ) ) ;
#8183 = DIRECTION ( 'NONE',  ( 0.0000000000000000000, 0.0000000000000000000, -1.000000000000000000 ) ) ;
#8184 = LINE ( 'NONE', #1488, #10107 ) ;
#8185 = SURFACE_STYLE_FILL_AREA ( #5578 ) ;
#8186 = DIRECTION ( 'NONE',  ( -0.0000000000000000000, -0.0000000000000000000, -1.000000000000000000 ) ) ;
#8187 = MECHANICAL_DESIGN_GEOMETRIC_PRESENTATION_REPRESENTATION (  '', ( #7017 ), #1174 ) ;
#8188 = VERTEX_POINT ( 'NONE', #5799 ) ;
#8189 = ORIENTED_EDGE ( 'NONE', *, *, #1724, .T. ) ;
#8190 = AXIS2_PLACEMENT_3D ( 'NONE', #6712, #547, #5359 ) ;
#8191 = LINE ( 'NONE', #960, #5623 ) ;
#8192 = SURFACE_SIDE_STYLE ('',( #1601 ) ) ;
#8193 = CARTESIAN_POINT ( 'NONE',  ( 0.05104820120206260414, 0.1424128501915072620, 7.700000000000001066 ) ) ;
#8194 = CARTESIAN_POINT ( 'NONE',  ( 1.513535354417957501, -0.3405321625305861022, 7.701000000000000512 ) ) ;
#8195 = PRESENTATION_LAYER_ASSIGNMENT (  '', '', ( #2188 ) ) ;
#8196 = DIRECTION ( 'NONE',  ( 1.221593242852756957E-16, -0.0000000000000000000, -1.000000000000000000 ) ) ;
#8197 = ORIENTED_EDGE ( 'NONE', *, *, #8365, .F. ) ;
#8198 = SURFACE_STYLE_USAGE ( .BOTH. , #3143 ) ;
#8199 = VECTOR ( 'NONE', #9354, 1000.000000000000227 ) ;
#8200 =( NAMED_UNIT ( * ) SI_UNIT ( $, .STERADIAN. ) SOLID_ANGLE_UNIT ( ) );
#8201 = DIRECTION ( 'NONE',  ( -0.0000000000000000000, 0.0000000000000000000, -1.000000000000000000 ) ) ;
#8202 = DIRECTION ( 'NONE',  ( -1.000000000000000000, -1.224646799147353207E-16, 0.0000000000000000000 ) ) ;
#8203 = CARTESIAN_POINT ( 'NONE',  ( -0.3115995126259472059, -0.3833153908408293842, 7.700000000000001066 ) ) ;
#8204 = LINE ( 'NONE', #867, #513 ) ;
#8205 = PRESENTATION_LAYER_ASSIGNMENT (  '', '', ( #2199 ) ) ;
#8206 = VECTOR ( 'NONE', #7692, 1000.000000000000000 ) ;
#8207 = CARTESIAN_POINT ( 'NONE',  ( -0.3820186993795131603, -0.1640759218389085672, 7.699999999999998401 ) ) ;
#8208 = PRESENTATION_LAYER_ASSIGNMENT (  '', '', ( #4625 ) ) ;
#8209 = DIRECTION ( 'NONE',  ( -0.9358351905393215153, -0.3524379323345199766, 0.0000000000000000000 ) ) ;
#8210 = ORIENTED_EDGE ( 'NONE', *, *, #2517, .T. ) ;
#8211 = CARTESIAN_POINT ( 'NONE',  ( 2.036279956837165894, -1.353018607922783501, 7.700000000000000178 ) ) ;
#8212 = COLOUR_RGB ( '',0.0000000000000000000, 0.0000000000000000000, 0.0000000000000000000 ) ;
#8213 = CARTESIAN_POINT ( 'NONE',  ( 1.506185639239239205, -1.751507547297474598, 7.700000000000001066 ) ) ;
#8214 = TOROIDAL_SURFACE ( 'NONE', #2035, 2.950000000000000622, 0.2000000000000002887 ) ;
#8215 = CARTESIAN_POINT ( 'NONE',  ( -0.9684754055259846561, 0.8758124462041458891, 7.700000000000002842 ) ) ;
#8216 = FILL_AREA_STYLE_COLOUR ( '', #8576 ) ;
#8217 = CARTESIAN_POINT ( 'NONE',  ( 1.250008856936397406, -0.2967942051096081335, 7.700999999999996959 ) ) ;
#8218 = VECTOR ( 'NONE', #2085, 1000.000000000000000 ) ;
#8219 = VERTEX_POINT ( 'NONE', #816 ) ;
#8220 = SURFACE_SIDE_STYLE ('',( #187 ) ) ;
#8221 = STYLED_ITEM ( 'NONE', ( #7075 ), #9996 ) ;
#8222 = CARTESIAN_POINT ( 'NONE',  ( 1.772563044153827372, -1.582627147575494497, 7.701000000000001400 ) ) ;
#8223 = ADVANCED_FACE ( 'NONE', ( #5857 ), #3526, .F. ) ;
#8224 =( LENGTH_UNIT ( ) NAMED_UNIT ( * ) SI_UNIT ( .MILLI., .METRE. ) );
#8225 = PRESENTATION_LAYER_ASSIGNMENT (  '', '', ( #9592 ) ) ;
#8226 = CARTESIAN_POINT ( 'NONE',  ( -1.081627333894218168, 1.068946704914435442, 7.701000000000000512 ) ) ;
#8227 = PRESENTATION_STYLE_ASSIGNMENT (( #6738 ) ) ;
#8228 = FILL_AREA_STYLE_COLOUR ( '', #1560 ) ;
#8229 = CARTESIAN_POINT ( 'NONE',  ( 1.568996007524917191, -0.4967660043077405385, 7.701000000000000512 ) ) ;
#8230 = ADVANCED_FACE ( 'NONE', ( #7372 ), #3936, .T. ) ;
#8231 = ORIENTED_EDGE ( 'NONE', *, *, #6025, .T. ) ;
#8232 =( NAMED_UNIT ( * ) SI_UNIT ( $, .STERADIAN. ) SOLID_ANGLE_UNIT ( ) );
#8233 =( GEOMETRIC_REPRESENTATION_CONTEXT ( 3 ) GLOBAL_UNCERTAINTY_ASSIGNED_CONTEXT ( ( #8267 ) ) GLOBAL_UNIT_ASSIGNED_CONTEXT ( ( #6304, #627, #5549 ) ) REPRESENTATION_CONTEXT ( 'NONE', 'WORKASPACE' ) );
#8234 = SURFACE_STYLE_FILL_AREA ( #4959 ) ;
#8235 = LINE ( 'NONE', #8881, #7637 ) ;
#8236 = CARTESIAN_POINT ( 'NONE',  ( -0.3758463523280670682, 1.052063152668909485, 7.700000000000001066 ) ) ;
#8237 = COLOUR_RGB ( '',0.7529411764705882248, 0.7529411764705882248, 0.7529411764705882248 ) ;
#8238 = ORIENTED_EDGE ( 'NONE', *, *, #7515, .F. ) ;
#8239 = CARTESIAN_POINT ( 'NONE',  ( -0.3999999999999996891, 1.200000000000000178, 0.0000000000000000000 ) ) ;
#8240 = ADVANCED_FACE ( 'NONE', ( #9229 ), #4336, .T. ) ;
#8241 = MECHANICAL_DESIGN_GEOMETRIC_PRESENTATION_REPRESENTATION (  '', ( #2052 ), #6879 ) ;
#8242 = COLOUR_RGB ( '',0.0000000000000000000, 0.0000000000000000000, 0.0000000000000000000 ) ;
#8243 = ADVANCED_FACE ( 'NONE', ( #5206 ), #1806, .T. ) ;
#8244 = CARTESIAN_POINT ( 'NONE',  ( -1.399159036000399592, 0.7578297317751204742, 7.700999999999998735 ) ) ;
#8245 = CARTESIAN_POINT ( 'NONE',  ( 2.036279956837165894, -1.353018607922783501, 7.701000000000000512 ) ) ;
#8246 = LINE ( 'NONE', #8086, #3042 ) ;
#8247 = SURFACE_SIDE_STYLE ('',( #5772 ) ) ;
#8248 = CARTESIAN_POINT ( 'NONE',  ( 1.856253339702593985, -0.4560592128831077452, 7.700999999999999623 ) ) ;
#8249 = FILL_AREA_STYLE_COLOUR ( '', #1557 ) ;
#8250 = CARTESIAN_POINT ( 'NONE',  ( 0.02788663498675176405, -0.07568763524242287655, 7.701000000000000512 ) ) ;
#8251 = CARTESIAN_POINT ( 'NONE',  ( -1.605882531098634214, 1.068946704914435442, 7.700000000000000178 ) ) ;
#8252 = MECHANICAL_DESIGN_GEOMETRIC_PRESENTATION_REPRESENTATION (  '', ( #7411 ), #1726 ) ;
#8253 = AXIS2_PLACEMENT_3D ( 'NONE', #9146, #263, #151 ) ;
#8254 = VERTEX_POINT ( 'NONE', #2081 ) ;
#8255 = ORIENTED_EDGE ( 'NONE', *, *, #2315, .F. ) ;
#8256 = CARTESIAN_POINT ( 'NONE',  ( 0.3092633876279882732, 0.7288892797007604507, 7.700000000000000178 ) ) ;
#8257 = FILL_AREA_STYLE ('',( #6651 ) ) ;
#8258 = CARTESIAN_POINT ( 'NONE',  ( 0.5477020900727332942, 1.210637298753467039, 7.701000000000000512 ) ) ;
#8259 = PRESENTATION_STYLE_ASSIGNMENT (( #3288 ) ) ;
#8260 = ORIENTED_EDGE ( 'NONE', *, *, #5408, .T. ) ;
#8261 = FACE_OUTER_BOUND ( 'NONE', #10585, .T. ) ;
#8262 = B_SPLINE_SURFACE_WITH_KNOTS ( 'NONE', 3, 1, ( 
 ( #7597, #1924 ),
 ( #981, #5215 ),
 ( #1137, #7545 ),
 ( #345, #1769 ),
 ( #3423, #2135 ),
 ( #5319, #6198 ),
 ( #10368, #7160 ),
 ( #2248, #6297 ),
 ( #406, #7108 ),
 ( #9602, #9546 ),
 ( #5429, #5541 ),
 ( #6992, #4564 ),
 ( #8764, #4621 ),
 ( #8704, #3003 ),
 ( #2186, #1403 ),
 ( #4676, #7963 ),
 ( #10245, #2896 ),
 ( #2841, #9437 ),
 ( #8657, #1457 ) ),
 .UNSPECIFIED., .F., .F., .F.,
 ( 4, 1, 1, 1, 1, 1, 1, 1, 1, 1, 1, 1, 1, 1, 1, 1, 4 ),
 ( 2, 2 ),
 ( 0.0000000000000000000, 0.07012925196739774880, 0.1366093652545962156, 0.2003726736648311357, 0.2614744070297695955, 0.3211020693615152521, 0.3794000606333551850, 0.4375997842469309673, 0.4959602233326763088, 0.5544156927098762289, 0.6127523500346153673, 0.6723101566411204821, 0.7327956072376285990, 0.7950224900379673221, 0.8599396375481983545, 0.9281047544961918971, 1.000000000000000000 ),
 ( 0.0000000000000000000, 1.000000000000000000 ),
 .UNSPECIFIED. ) ;
#8263 = SURFACE_SIDE_STYLE ('',( #4990 ) ) ;
#8264 = FACE_OUTER_BOUND ( 'NONE', #9584, .T. ) ;
#8265 = CARTESIAN_POINT ( 'NONE',  ( 0.5549938700579185591, 0.6910695983926831154, 7.700000000000001954 ) ) ;
#8266 = CARTESIAN_POINT ( 'NONE',  ( 0.5049296523788033841, 0.9488178823692862141, 7.700000000000001066 ) ) ;
#8267 = UNCERTAINTY_MEASURE_WITH_UNIT (LENGTH_MEASURE( 1.000000000000000082E-05 ), #6304, 'distance_accuracy_value', 'NONE');
#8268 = COLOUR_RGB ( '',0.0000000000000000000, 0.0000000000000000000, 0.0000000000000000000 ) ;
#8269 = CARTESIAN_POINT ( 'NONE',  ( 0.4395189419757412619, 0.7714195386444874236, 7.699999999999999289 ) ) ;
#8270 =( LENGTH_UNIT ( ) NAMED_UNIT ( * ) SI_UNIT ( .MILLI., .METRE. ) );
#8271 =( NAMED_UNIT ( * ) SI_UNIT ( $, .STERADIAN. ) SOLID_ANGLE_UNIT ( ) );
#8272 = EDGE_LOOP ( 'NONE', ( #3322, #213, #4880, #6055 ) ) ;
#8273 = MECHANICAL_DESIGN_GEOMETRIC_PRESENTATION_REPRESENTATION (  '', ( #10148 ), #5539 ) ;
#8274 = CARTESIAN_POINT ( 'NONE',  ( 1.146786118557883150, -1.486792461402306031, 7.701000000000000512 ) ) ;
#8275 = CARTESIAN_POINT ( 'NONE',  ( 0.9884906633286030253, -1.377291376749998131, 7.700000000000000178 ) ) ;
#8276 = CARTESIAN_POINT ( 'NONE',  ( -0.9682748588229931341, 0.3533775587264474938, 7.701000000000000512 ) ) ;
#8277 = FACE_OUTER_BOUND ( 'NONE', #7303, .T. ) ;
#8278 = ORIENTED_EDGE ( 'NONE', *, *, #9276, .F. ) ;
#8279 = VECTOR ( 'NONE', #10342, 1000.000000000000114 ) ;
#8280 =( NAMED_UNIT ( * ) SI_UNIT ( $, .STERADIAN. ) SOLID_ANGLE_UNIT ( ) );
#8281 = COLOUR_RGB ( '',0.7960784313725489669, 0.8235294117647058432, 0.9372549019607843146 ) ;
#8282 = UNCERTAINTY_MEASURE_WITH_UNIT (LENGTH_MEASURE( 1.000000000000000082E-05 ), #482, 'distance_accuracy_value', 'NONE');
#8283 = CARTESIAN_POINT ( 'NONE',  ( 1.919198240087738982, -1.538873609629530570, 7.701000000000000512 ) ) ;
#8284 = CARTESIAN_POINT ( 'NONE',  ( -2.073461490767437354, 0.4171699732548914130, 7.701000000000000512 ) ) ;
#8285 = FILL_AREA_STYLE_COLOUR ( '', #9943 ) ;
#8286 = SURFACE_STYLE_FILL_AREA ( #9130 ) ;
#8287 = ORIENTED_EDGE ( 'NONE', *, *, #8159, .T. ) ;
#8288 = DIRECTION ( 'NONE',  ( -0.0000000000000000000, -0.0000000000000000000, -1.000000000000000000 ) ) ;
#8289 =( NAMED_UNIT ( * ) SI_UNIT ( $, .STERADIAN. ) SOLID_ANGLE_UNIT ( ) );
#8290 = COLOUR_RGB ( '',0.0000000000000000000, 0.0000000000000000000, 0.0000000000000000000 ) ;
#8291 = SURFACE_STYLE_USAGE ( .BOTH. , #9192 ) ;
#8292 = ADVANCED_FACE ( 'NONE', ( #1396 ), #5477, .T. ) ;
#8293 = ORIENTED_EDGE ( 'NONE', *, *, #3688, .T. ) ;
#8294 = PRODUCT_RELATED_PRODUCT_CATEGORY ( 'part', '', ( #722 ) ) ;
#8295 = CARTESIAN_POINT ( 'NONE',  ( -0.5000000000000000000, 3.299999999999999822, 0.2999999999999999889 ) ) ;
#8296 = AXIS2_PLACEMENT_3D ( 'NONE', #10233, #7099, #9373 ) ;
#8297 = CARTESIAN_POINT ( 'NONE',  ( 2.027539931693435715, 0.1486545104043988097, 7.700000000000000178 ) ) ;
#8298 =( LENGTH_UNIT ( ) NAMED_UNIT ( * ) SI_UNIT ( .MILLI., .METRE. ) );
#8299 =( LENGTH_UNIT ( ) NAMED_UNIT ( * ) SI_UNIT ( .MILLI., .METRE. ) );
#8300 = DIRECTION ( 'NONE',  ( -0.0000000000000000000, -0.0000000000000000000, -1.000000000000000000 ) ) ;
#8301 = CARTESIAN_POINT ( 'NONE',  ( -0.4292541960639698617, -0.3152554317246645255, 7.701000000000000512 ) ) ;
#8302 = VECTOR ( 'NONE', #7251, 1000.000000000000000 ) ;
#8303 = EDGE_CURVE ( 'NONE', #3615, #1098, #10410, .T. ) ;
#8304 = VECTOR ( 'NONE', #2608, 1000.000000000000000 ) ;
#8305 = EDGE_CURVE ( 'NONE', #4174, #7670, #7207, .T. ) ;
#8306 = ORIENTED_EDGE ( 'NONE', *, *, #2991, .F. ) ;
#8307 = ADVANCED_FACE ( 'NONE', ( #7955 ), #4558, .F. ) ;
#8308 = CARTESIAN_POINT ( 'NONE',  ( 1.568996007524917191, -0.9732897304225965884, 7.700000000000000178 ) ) ;
#8309 = CARTESIAN_POINT ( 'NONE',  ( -0.3999999999999996891, -1.200000000000000178, 0.0000000000000000000 ) ) ;
#8310 = FACE_OUTER_BOUND ( 'NONE', #8618, .T. ) ;
#8311 = VECTOR ( 'NONE', #3612, 1000.000000000000000 ) ;
#8312 = CARTESIAN_POINT ( 'NONE',  ( 8.077904427808334731E-16, 0.0000000000000000000, 1.187652461702020323 ) ) ;
#8313 = CARTESIAN_POINT ( 'NONE',  ( -0.05116206045004765418, 0.7953067455628063387, 7.700000000000000178 ) ) ;
#8314 = CARTESIAN_POINT ( 'NONE',  ( 2.368272706508002479, 1.758915685190524991, 7.701000000000000512 ) ) ;
#8315 = DIRECTION ( 'NONE',  ( 1.000000000000000000, 0.0000000000000000000, 0.0000000000000000000 ) ) ;
#8316 = ORIENTED_EDGE ( 'NONE', *, *, #8831, .T. ) ;
#8317 = FACE_OUTER_BOUND ( 'NONE', #5608, .T. ) ;
#8318 = SURFACE_STYLE_USAGE ( .BOTH. , #7584 ) ;
#8319 = CARTESIAN_POINT ( 'NONE',  ( 0.3784194064337771390, 0.5783983925295484996, 7.701000000000000512 ) ) ;
#8320 = FACE_BOUND ( 'NONE', #10406, .T. ) ;
#8321 = ORIENTED_EDGE ( 'NONE', *, *, #4432, .T. ) ;
#8322 = CARTESIAN_POINT ( 'NONE',  ( 0.4983176595261104569, 0.8714472999924398611, 7.700000000000001066 ) ) ;
#8323 = SURFACE_SIDE_STYLE ('',( #5049 ) ) ;
#8324 = CARTESIAN_POINT ( 'NONE',  ( 0.2725533184333798764, 0.7305884293773717841, 7.699999999999999289 ) ) ;
#8325 = ORIENTED_EDGE ( 'NONE', *, *, #3824, .T. ) ;
#8326 = CARTESIAN_POINT ( 'NONE',  ( 1.101716121119868719, -1.371973140031787608, 7.700999999999999623 ) ) ;
#8327 = SURFACE_STYLE_FILL_AREA ( #3531 ) ;
#8328 =( LENGTH_UNIT ( ) NAMED_UNIT ( * ) SI_UNIT ( .MILLI., .METRE. ) );
#8329 = CARTESIAN_POINT ( 'NONE',  ( 1.387782162072206171, -0.9875676790898954005, 7.700000000000001066 ) ) ;
#8330 = CARTESIAN_POINT ( 'NONE',  ( 1.167139144490195735, -0.2502706809640748986, 7.700999999999998735 ) ) ;
#8331 = CARTESIAN_POINT ( 'NONE',  ( -0.1121857385611089719, 0.8657782793101815866, 7.701000000000001400 ) ) ;
#8332 = ORIENTED_EDGE ( 'NONE', *, *, #5349, .T. ) ;
#8333 = CARTESIAN_POINT ( 'NONE',  ( 1.282175708585657548, 0.2414749772568856867, 7.700999999999999623 ) ) ;
#8334 = PRESENTATION_LAYER_ASSIGNMENT (  '', '', ( #7000 ) ) ;
#8335 = CARTESIAN_POINT ( 'NONE',  ( -0.5149773637200018017, 0.5730296264778258486, 7.700000000000000178 ) ) ;
#8336 = FILL_AREA_STYLE_COLOUR ( '', #7050 ) ;
#8337 = VERTEX_POINT ( 'NONE', #8000 ) ;
#8338 = DIRECTION ( 'NONE',  ( -1.000000000000000000, 0.0000000000000000000, 0.0000000000000000000 ) ) ;
#8339 = SURFACE_SIDE_STYLE ('',( #8658 ) ) ;
#8340 = PRESENTATION_STYLE_ASSIGNMENT (( #2538 ) ) ;
#8341 = ORIENTED_EDGE ( 'NONE', *, *, #7785, .F. ) ;
#8342 = DIRECTION ( 'NONE',  ( -0.0000000000000000000, -0.0000000000000000000, -1.000000000000000000 ) ) ;
#8343 = CARTESIAN_POINT ( 'NONE',  ( -1.469613906845592233, 0.8600611703979910150, 7.700999999999999623 ) ) ;
#8344 = CARTESIAN_POINT ( 'NONE',  ( 2.029902655259846256, -1.307874833825071414, 7.699999999999996625 ) ) ;
#8345 = CARTESIAN_POINT ( 'NONE',  ( 3.199999999999998401, 3.299999999999999822, 0.0000000000000000000 ) ) ;
#8346 = EDGE_CURVE ( 'NONE', #1330, #8131, #6242, .T. ) ;
#8347 = CARTESIAN_POINT ( 'NONE',  ( -0.9682748588229931341, 0.1868911109655856662, 7.701000000000000512 ) ) ;
#8348 = CARTESIAN_POINT ( 'NONE',  ( 1.460530245480272216, -0.3374394341483976101, 7.700000000000001954 ) ) ;
#8349 = SURFACE_STYLE_USAGE ( .BOTH. , #2656 ) ;
#8350 = ORIENTED_EDGE ( 'NONE', *, *, #6741, .T. ) ;
#8351 = ORIENTED_EDGE ( 'NONE', *, *, #830, .F. ) ;
#8352 = DIRECTION ( 'NONE',  ( -0.0000000000000000000, -0.0000000000000000000, -1.000000000000000000 ) ) ;
#8353 = COLOUR_RGB ( '',0.0000000000000000000, 0.0000000000000000000, 0.0000000000000000000 ) ;
#8354 = FILL_AREA_STYLE ('',( #105 ) ) ;
#8355 = CARTESIAN_POINT ( 'NONE',  ( 1.110452083356398667, -1.107167481825129585, 7.701000000000000512 ) ) ;
#8356 = DIRECTION ( 'NONE',  ( -0.0000000000000000000, -0.0000000000000000000, -1.000000000000000000 ) ) ;
#8357 = CARTESIAN_POINT ( 'NONE',  ( -1.081627333894218168, -1.285009036868465460, 7.701000000000000512 ) ) ;
#8358 = EDGE_CURVE ( 'NONE', #8418, #9541, #655, .T. ) ;
#8359 = CARTESIAN_POINT ( 'NONE',  ( 1.814688551849215736, -0.3188315724877766599, 7.700999999999998735 ) ) ;
#8360 = EDGE_CURVE ( 'NONE', #4714, #8535, #4577, .T. ) ;
#8361 = DIRECTION ( 'NONE',  ( 0.0000000000000000000, 1.000000000000000000, 0.0000000000000000000 ) ) ;
#8362 = ORIENTED_EDGE ( 'NONE', *, *, #7008, .F. ) ;
#8363 = CARTESIAN_POINT ( 'NONE',  ( 1.677461769569562389, -0.3374394341483975546, 7.701000000000000512 ) ) ;
#8364 = STYLED_ITEM ( 'NONE', ( #3285 ), #8832 ) ;
#8365 = EDGE_CURVE ( 'NONE', #6046, #5207, #5776, .T. ) ;
#8366 = SURFACE_SIDE_STYLE ('',( #5955 ) ) ;
#8367 = FILL_AREA_STYLE ('',( #6658 ) ) ;
#8368 = SURFACE_SIDE_STYLE ('',( #2786 ) ) ;
#8369 = DIRECTION ( 'NONE',  ( -0.0000000000000000000, 1.000000000000000000, -0.0000000000000000000 ) ) ;
#8370 = UNCERTAINTY_MEASURE_WITH_UNIT (LENGTH_MEASURE( 1.000000000000000082E-05 ), #7880, 'distance_accuracy_value', 'NONE');
#8371 = MECHANICAL_DESIGN_GEOMETRIC_PRESENTATION_REPRESENTATION (  '', ( #5795 ), #5978 ) ;
#8372 = CARTESIAN_POINT ( 'NONE',  ( -0.2289041271445575454, 1.141097996832941108, 7.700000000000001066 ) ) ;
#8373 = CIRCLE ( 'NONE', #7351, 3.149999999999999911 ) ;
#8374 = CARTESIAN_POINT ( 'NONE',  ( -0.3671602709868173053, -0.1802806896396649816, 7.700000000000002842 ) ) ;
#8375 = VECTOR ( 'NONE', #576, 1000.000000000000000 ) ;
#8376 = EDGE_CURVE ( 'NONE', #548, #4174, #1434, .T. ) ;
#8377 = DIRECTION ( 'NONE',  ( 0.0000000000000000000, 1.000000000000000000, 0.0000000000000000000 ) ) ;
#8378 = EDGE_CURVE ( 'NONE', #6620, #9645, #709, .T. ) ;
#8379 = PRESENTATION_LAYER_ASSIGNMENT (  '', '', ( #9385 ) ) ;
#8380 = ORIENTED_EDGE ( 'NONE', *, *, #1848, .T. ) ;
#8381 = DIRECTION ( 'NONE',  ( -0.0000000000000000000, -0.0000000000000000000, -1.000000000000000000 ) ) ;
#8382 = CARTESIAN_POINT ( 'NONE',  ( 1.631953925736187472, -1.751512463832283206, 7.699999999999999289 ) ) ;
#8383 = CARTESIAN_POINT ( 'NONE',  ( -0.5433154824878081435, 0.007785344690935144633, 7.701000000000000512 ) ) ;
#8384 = CARTESIAN_POINT ( 'NONE',  ( 1.250008856936397406, -0.2967942051096081335, 7.699999999999996625 ) ) ;
#8385 = LINE ( 'NONE', #288, #84 ) ;
#8386 = COLOUR_RGB ( '',1.000000000000000000, 1.000000000000000000, 1.000000000000000000 ) ;
#8387 = MECHANICAL_DESIGN_GEOMETRIC_PRESENTATION_REPRESENTATION (  '', ( #852 ), #4252 ) ;
#8388 = VECTOR ( 'NONE', #1428, 1000.000000000000000 ) ;
#8389 = VERTEX_POINT ( 'NONE', #1603 ) ;
#8390 = CARTESIAN_POINT ( 'NONE',  ( 1.387782162072205727, 0.2682543131396332159, 7.700999999999999623 ) ) ;
#8391 = LINE ( 'NONE', #1091, #1436 ) ;
#8392 = UNCERTAINTY_MEASURE_WITH_UNIT (LENGTH_MEASURE( 1.000000000000000082E-05 ), #1829, 'distance_accuracy_value', 'NONE');
#8393 = DIRECTION ( 'NONE',  ( 1.000000000000000000, 0.0000000000000000000, -0.0000000000000000000 ) ) ;
#8394 =( NAMED_UNIT ( * ) SI_UNIT ( $, .STERADIAN. ) SOLID_ANGLE_UNIT ( ) );
#8395 = AXIS2_PLACEMENT_3D ( 'NONE', #3295, #5044, #6613 ) ;
#8396 = CARTESIAN_POINT ( 'NONE',  ( 0.1648304827136320982, 0.03847657041642719294, 7.700000000000001954 ) ) ;
#8397 = ORIENTED_EDGE ( 'NONE', *, *, #10590, .F. ) ;
#8398 = CARTESIAN_POINT ( 'NONE',  ( 1.101712058212668488, -0.09719661569325456496, 7.700000000000000178 ) ) ;
#8399 = LINE ( 'NONE', #7604, #2403 ) ;
#8400 = DIRECTION ( 'NONE',  ( -1.000000000000000000, -1.227398685832646557E-16, 0.0000000000000000000 ) ) ;
#8401 = ORIENTED_EDGE ( 'NONE', *, *, #3343, .F. ) ;
#8402 =( NAMED_UNIT ( * ) PLANE_ANGLE_UNIT ( ) SI_UNIT ( $, .RADIAN. ) );
#8403 = CARTESIAN_POINT ( 'NONE',  ( 1.234053943725264224, -0.4376587090764292864, 7.700999999999996959 ) ) ;
#8404 =( NAMED_UNIT ( * ) PLANE_ANGLE_UNIT ( ) SI_UNIT ( $, .RADIAN. ) );
#8405 =( NAMED_UNIT ( * ) PLANE_ANGLE_UNIT ( ) SI_UNIT ( $, .RADIAN. ) );
#8406 =( GEOMETRIC_REPRESENTATION_CONTEXT ( 3 ) GLOBAL_UNCERTAINTY_ASSIGNED_CONTEXT ( ( #2123 ) ) GLOBAL_UNIT_ASSIGNED_CONTEXT ( ( #1156, #10165, #2214 ) ) REPRESENTATION_CONTEXT ( 'NONE', 'WORKASPACE' ) );
#8407 = ORIENTED_EDGE ( 'NONE', *, *, #8624, .T. ) ;
#8408 = PRESENTATION_STYLE_ASSIGNMENT (( #5126 ) ) ;
#8409 = MECHANICAL_DESIGN_GEOMETRIC_PRESENTATION_REPRESENTATION (  '', ( #5311 ), #4449 ) ;
#8410 = DIRECTION ( 'NONE',  ( -0.0000000000000000000, -0.0000000000000000000, -1.000000000000000000 ) ) ;
#8411 = CARTESIAN_POINT ( 'NONE',  ( 1.191153845948676571, -1.672008835571584306, 7.701000000000001400 ) ) ;
#8412 = SURFACE_STYLE_USAGE ( .BOTH. , #8247 ) ;
#8413 = CARTESIAN_POINT ( 'NONE',  ( 1.590332005407798510, -0.4964015138009302275, 7.699999999999998401 ) ) ;
#8414 =( LENGTH_UNIT ( ) NAMED_UNIT ( * ) SI_UNIT ( .MILLI., .METRE. ) );
#8415 = PRESENTATION_STYLE_ASSIGNMENT (( #370 ) ) ;
#8416 = ORIENTED_EDGE ( 'NONE', *, *, #5673, .T. ) ;
#8417 = AXIS2_PLACEMENT_3D ( 'NONE', #6751, #4311, #9893 ) ;
#8418 = VERTEX_POINT ( 'NONE', #6609 ) ;
#8419 = SURFACE_STYLE_FILL_AREA ( #6109 ) ;
#8420 = CARTESIAN_POINT ( 'NONE',  ( -0.3999999999999996891, 1.000000000000000000, 0.2000000000000000111 ) ) ;
#8421 = CARTESIAN_POINT ( 'NONE',  ( -2.073461490767437354, -1.285009036868465460, 7.701000000000000512 ) ) ;
#8422 = LINE ( 'NONE', #8493, #10515 ) ;
#8423 = VECTOR ( 'NONE', #9570, 1000.000000000000000 ) ;
#8424 = CARTESIAN_POINT ( 'NONE',  ( 1.814688551849215736, -0.3188315724877766599, 7.699999999999997513 ) ) ;
#8425 = LINE ( 'NONE', #1851, #3183 ) ;
#8426 = FACE_OUTER_BOUND ( 'NONE', #8491, .T. ) ;
#8427 = FACE_OUTER_BOUND ( 'NONE', #7027, .T. ) ;
#8428 = VERTEX_POINT ( 'NONE', #4038 ) ;
#8429 = COLOUR_RGB ( '',0.0000000000000000000, 0.0000000000000000000, 0.0000000000000000000 ) ;
#8430 = DIRECTION ( 'NONE',  ( 0.8313228994942080119, 0.5557897415179079426, 0.0000000000000000000 ) ) ;
#8431 = STYLED_ITEM ( 'NONE', ( #7073 ), #5212 ) ;
#8432 = CARTESIAN_POINT ( 'NONE',  ( 0.05144679117215950753, 0.06211221019792672465, 7.700000000000001066 ) ) ;
#8433 = CARTESIAN_POINT ( 'NONE',  ( 0.0000000000000000000, -1.100000000000000089, 0.2999999999999999889 ) ) ;
#8434 = ADVANCED_FACE ( 'NONE', ( #8144 ), #9700, .T. ) ;
#8435 = ORIENTED_EDGE ( 'NONE', *, *, #9588, .T. ) ;
#8436 = COLOUR_RGB ( '',0.0000000000000000000, 0.0000000000000000000, 0.0000000000000000000 ) ;
#8437 = CARTESIAN_POINT ( 'NONE',  ( 0.5051949119210237260, 0.9389898633776990744, 7.700000000000000178 ) ) ;
#8438 = FILL_AREA_STYLE_COLOUR ( '', #8109 ) ;
#8439 = CARTESIAN_POINT ( 'NONE',  ( 3.022727272727274705, 3.779705348277513919E-16, 1.373960657446740674 ) ) ;
#8440 = SURFACE_STYLE_USAGE ( .BOTH. , #1185 ) ;
#8441 = VERTEX_POINT ( 'NONE', #8902 ) ;
#8442 =( LENGTH_UNIT ( ) NAMED_UNIT ( * ) SI_UNIT ( .MILLI., .METRE. ) );
#8443 = CARTESIAN_POINT ( 'NONE',  ( -0.4294316694390507561, 0.006709158368925450741, 7.700999999999999623 ) ) ;
#8444 = FILL_AREA_STYLE ('',( #1239 ) ) ;
#8445 = STYLED_ITEM ( 'NONE', ( #4831 ), #5811 ) ;
#8446 = EDGE_CURVE ( 'NONE', #8884, #9708, #1551, .T. ) ;
#8447 = ADVANCED_FACE ( 'NONE', ( #5684 ), #9163, .F. ) ;
#8448 = EDGE_LOOP ( 'NONE', ( #9321, #6839, #1781, #3921 ) ) ;
#8449 = CARTESIAN_POINT ( 'NONE',  ( 1.077752444354472372, 0.1186191209248756706, 7.700999999999999623 ) ) ;
#8450 = CARTESIAN_POINT ( 'NONE',  ( -1.300000000000000266, 3.299999999999999822, 1.599999999999999867 ) ) ;
#8451 = STYLED_ITEM ( 'NONE', ( #9988 ), #6124 ) ;
#8452 = ORIENTED_EDGE ( 'NONE', *, *, #10326, .T. ) ;
#8453 = CARTESIAN_POINT ( 'NONE',  ( 3.033150177620663523, -1.300000000000000044, 1.000000000000000000 ) ) ;
#8454 = DIRECTION ( 'NONE',  ( -0.0000000000000000000, -0.0000000000000000000, -1.000000000000000000 ) ) ;
#8455 = ORIENTED_EDGE ( 'NONE', *, *, #9015, .T. ) ;
#8456 = CARTESIAN_POINT ( 'NONE',  ( 1.460507226055816732, 0.1235885858669403814, 7.701000000000004952 ) ) ;
#8457 = FILL_AREA_STYLE ('',( #3497 ) ) ;
#8458 = CARTESIAN_POINT ( 'NONE',  ( 1.853175964360080030, 0.09467661219367830283, 7.699999999999998401 ) ) ;
#8459 = ORIENTED_EDGE ( 'NONE', *, *, #10252, .F. ) ;
#8460 =( NAMED_UNIT ( * ) PLANE_ANGLE_UNIT ( ) SI_UNIT ( $, .RADIAN. ) );
#8461 = DIRECTION ( 'NONE',  ( -1.000000000000000000, 0.0000000000000000000, 0.0000000000000000000 ) ) ;
#8462 = CARTESIAN_POINT ( 'NONE',  ( 0.05178501163612356933, 0.1018767546621668907, 7.700000000000000178 ) ) ;
#8463 = PRESENTATION_STYLE_ASSIGNMENT (( #1898 ) ) ;
#8464 = DIRECTION ( 'NONE',  ( 0.8163674557174367408, 0.5775328365084005933, 0.0000000000000000000 ) ) ;
#8465 = FILL_AREA_STYLE_COLOUR ( '', #10541 ) ;
#8466 = VECTOR ( 'NONE', #4949, 1000.000000000000114 ) ;
#8467 = ORIENTED_EDGE ( 'NONE', *, *, #1218, .T. ) ;
#8468 = TOROIDAL_SURFACE ( 'NONE', #8967, 2.950000000000000622, 0.2000000000000000944 ) ;
#8469 = EDGE_LOOP ( 'NONE', ( #7679, #7572, #3677, #8009 ) ) ;
#8470 =( LENGTH_UNIT ( ) NAMED_UNIT ( * ) SI_UNIT ( .MILLI., .METRE. ) );
#8471 = CARTESIAN_POINT ( 'NONE',  ( 0.3999999999999996891, 1.000000000000000000, 0.6999999999999999556 ) ) ;
#8472 = DIRECTION ( 'NONE',  ( 0.0000000000000000000, -1.000000000000000000, 0.0000000000000000000 ) ) ;
#8473 = SURFACE_STYLE_FILL_AREA ( #5192 ) ;
#8474 = CARTESIAN_POINT ( 'NONE',  ( 0.5902092682244426403, -1.730448841249920378, 7.700000000000000178 ) ) ;
#8475 =( NAMED_UNIT ( * ) SI_UNIT ( $, .STERADIAN. ) SOLID_ANGLE_UNIT ( ) );
#8476 = CARTESIAN_POINT ( 'NONE',  ( 1.147736760421516955, -0.3910041130669524856, 7.700000000000001954 ) ) ;
#8477 = CARTESIAN_POINT ( 'NONE',  ( -0.4299630074165829985, -0.009925979538943811159, 7.700000000000000178 ) ) ;
#8478 = VERTEX_POINT ( 'NONE', #3392 ) ;
#8479 = PRESENTATION_LAYER_ASSIGNMENT (  '', '', ( #3825 ) ) ;
#8480 = SURFACE_STYLE_FILL_AREA ( #5308 ) ;
#8481 = DIRECTION ( 'NONE',  ( 0.0000000000000000000, 1.000000000000000000, 0.0000000000000000000 ) ) ;
#8482 = CARTESIAN_POINT ( 'NONE',  ( 1.009498293540872726, -1.240650327799465380, 7.699999999999997513 ) ) ;
#8483 = ORIENTED_EDGE ( 'NONE', *, *, #5141, .F. ) ;
#8484 = AXIS2_PLACEMENT_3D ( 'NONE', #4976, #5674, #8943 ) ;
#8485 =( NAMED_UNIT ( * ) SI_UNIT ( $, .STERADIAN. ) SOLID_ANGLE_UNIT ( ) );
#8486 = FACE_OUTER_BOUND ( 'NONE', #5435, .T. ) ;
#8487 = LINE ( 'NONE', #1131, #3383 ) ;
#8488 = FILL_AREA_STYLE ('',( #1920 ) ) ;
#8489 = B_SPLINE_CURVE_WITH_KNOTS ( 'NONE', 3,
 ( #5011, #9186, #5977, #7653, #5927, #9243, #6687, #9831, #1882, #3434, #5759, #2590, #3540, #1821, #5116, #9021, #9876, #7441, #5170 ),
 .UNSPECIFIED., .F., .F.,
 ( 4, 1, 1, 1, 1, 1, 1, 1, 1, 1, 1, 1, 1, 1, 1, 1, 4 ),
 ( 0.0000000000000000000, 0.08219889019816227493, 0.1595817503863413978, 0.2328959019644075701, 0.3015598442791944112, 0.3663762715858001617, 0.4277928444154068255, 0.4870212767647175700, 0.5438690441168071432, 0.5992216416822365721, 0.6531426264079175370, 0.7067501491596347440, 0.7614222280069667947, 0.8171108115217804446, 0.8750568631399419095, 0.9355298571676980979, 1.000000000000000000 ),
 .UNSPECIFIED. ) ;
#8490 = ADVANCED_FACE ( 'NONE', ( #5846 ), #141, .T. ) ;
#8491 = EDGE_LOOP ( 'NONE', ( #4955, #1705, #3989, #4539 ) ) ;
#8492 = CARTESIAN_POINT ( 'NONE',  ( -0.4198997215961965956, 0.09210611911209226621, 7.701000000000001400 ) ) ;
#8493 = CARTESIAN_POINT ( 'NONE',  ( -3.299999999999998934, -1.300000000000000044, 1.000000000000000000 ) ) ;
#8494 = FILL_AREA_STYLE ('',( #5211 ) ) ;
#8495 = LINE ( 'NONE', #3684, #9060 ) ;
#8496 = CARTESIAN_POINT ( 'NONE',  ( 0.5902092682244426403, -1.068930881263942645, 7.701000000000000512 ) ) ;
#8497 = EDGE_LOOP ( 'NONE', ( #1699, #5569, #2963, #3906 ) ) ;
#8498 = FILL_AREA_STYLE_COLOUR ( '', #9484 ) ;
#8499 = EDGE_CURVE ( 'NONE', #5259, #4433, #4322, .T. ) ;
#8500 = EDGE_LOOP ( 'NONE', ( #9023, #928, #9636, #7828 ) ) ;
#8501 = EDGE_CURVE ( 'NONE', #2507, #6808, #6063, .T. ) ;
#8502 = CARTESIAN_POINT ( 'NONE',  ( -1.021582549564003850, 0.6664470775986935935, 7.700999999999999623 ) ) ;
#8503 = CARTESIAN_POINT ( 'NONE',  ( 0.4532415011600577359, 0.7844388269652805556, 7.700000000000002842 ) ) ;
#8504 = CARTESIAN_POINT ( 'NONE',  ( 0.9893270634133874974, -0.1496428408269901700, 7.699999999999995737 ) ) ;
#8505 = EDGE_LOOP ( 'NONE', ( #4080, #7912, #618, #3855 ) ) ;
#8506 = CARTESIAN_POINT ( 'NONE',  ( 1.218754814184914492, 0.06929291314299104720, 7.699999999999998401 ) ) ;
#8507 = CARTESIAN_POINT ( 'NONE',  ( -1.605882531098634214, 0.9208357560420732391, 7.701000000000000512 ) ) ;
#8508 = PLANE ( 'NONE',  #845 ) ;
#8509 = EDGE_CURVE ( 'NONE', #1104, #2772, #1011, .T. ) ;
#8510 = FILL_AREA_STYLE_COLOUR ( '', #4623 ) ;
#8511 = EDGE_LOOP ( 'NONE', ( #9933, #8140, #6528, #1388 ) ) ;
#8512 =( NAMED_UNIT ( * ) PLANE_ANGLE_UNIT ( ) SI_UNIT ( $, .RADIAN. ) );
#8513 = UNCERTAINTY_MEASURE_WITH_UNIT (LENGTH_MEASURE( 1.000000000000000082E-05 ), #7244, 'distance_accuracy_value', 'NONE');
#8514 = CARTESIAN_POINT ( 'NONE',  ( -0.9682748588229931341, -0.4746268490203918722, 7.700000000000000178 ) ) ;
#8515 = EDGE_CURVE ( 'NONE', #3201, #3709, #8425, .T. ) ;
#8516 = CARTESIAN_POINT ( 'NONE',  ( 3.300000000000042455, -1.300000000000000044, 1.000000000000000000 ) ) ;
#8517 = CARTESIAN_POINT ( 'NONE',  ( -1.468611505303444975, 0.6500655206379568618, 7.701000000000002288 ) ) ;
#8518 = CARTESIAN_POINT ( 'NONE',  ( 1.590258041323004523, 0.2821658913889864007, 7.700000000000001954 ) ) ;
#8519 = STYLED_ITEM ( 'NONE', ( #5746 ), #8230 ) ;
#8520 = ORIENTED_EDGE ( 'NONE', *, *, #8836, .F. ) ;
#8521 = ORIENTED_EDGE ( 'NONE', *, *, #5882, .F. ) ;
#8522 = CARTESIAN_POINT ( 'NONE',  ( 2.121589323497139468, 0.8280726953880822583, 7.701000000000000512 ) ) ;
#8523 = CARTESIAN_POINT ( 'NONE',  ( 1.189181081725741329, -1.054600471518734484, 7.701000000000001400 ) ) ;
#8524 = LINE ( 'NONE', #8683, #10607 ) ;
#8525 = CARTESIAN_POINT ( 'NONE',  ( 1.568996007524917191, 0.2825322618069318059, 7.701000000000000512 ) ) ;
#8526 = FILL_AREA_STYLE ('',( #5460 ) ) ;
#8527 =( NAMED_UNIT ( * ) SI_UNIT ( $, .STERADIAN. ) SOLID_ANGLE_UNIT ( ) );
#8528 =( NAMED_UNIT ( * ) PLANE_ANGLE_UNIT ( ) SI_UNIT ( $, .RADIAN. ) );
#8529 = SURFACE_STYLE_FILL_AREA ( #9962 ) ;
#8530 = EDGE_LOOP ( 'NONE', ( #1074, #1165, #9295, #4361 ) ) ;
#8531 = CARTESIAN_POINT ( 'NONE',  ( -0.5422131014846311992, 0.05234714879168542168, 7.701000000000000512 ) ) ;
#8532 = CARTESIAN_POINT ( 'NONE',  ( 0.04814775440799547862, 0.02399190514000253127, 7.700000000000000178 ) ) ;
#8533 = MECHANICAL_DESIGN_GEOMETRIC_PRESENTATION_REPRESENTATION (  '', ( #10058 ), #5963 ) ;
#8534 = PRESENTATION_LAYER_ASSIGNMENT (  '', '', ( #2700 ) ) ;
#8535 = VERTEX_POINT ( 'NONE', #5900 ) ;
#8536 = B_SPLINE_CURVE_WITH_KNOTS ( 'NONE', 3,
 ( #9646, #8809, #9591, #6341, #8048, #803, #1449, #2238, #10464, #6400, #3991, #4767, #5582, #7255, #2338, #5531, #704, #4664, #6494 ),
 .UNSPECIFIED., .F., .F.,
 ( 4, 1, 1, 1, 1, 1, 1, 1, 1, 1, 1, 1, 1, 1, 1, 1, 4 ),
 ( 0.0000000000000000000, 0.05512446635589175747, 0.1082073024476598866, 0.1600630494254707825, 0.2119606837466777305, 0.2644442975682714803, 0.3185698467065771755, 0.3749815850074509904, 0.4347839038291971825, 0.4967676425432615561, 0.5604611832040430341, 0.6261067072605086548, 0.6940677426715109455, 0.7654570646872309592, 0.8400003673168320306, 0.9179818759620875790, 1.000000000000000000 ),
 .UNSPECIFIED. ) ;
#8537 = CARTESIAN_POINT ( 'NONE',  ( -0.9682748588229931341, -0.8882753741191777852, 7.700000000000000178 ) ) ;
#8538 = CARTESIAN_POINT ( 'NONE',  ( 1.970852870559638648, -0.2502706809640753427, 7.700000000000001954 ) ) ;
#8539 = AXIS2_PLACEMENT_3D ( 'NONE', #2474, #827, #9828 ) ;
#8540 = LINE ( 'NONE', #6981, #3389 ) ;
#8541 = CARTESIAN_POINT ( 'NONE',  ( 0.1256158921501867587, 0.7929300358448400088, 7.699999999999999289 ) ) ;
#8542 = PRESENTATION_LAYER_ASSIGNMENT (  '', '', ( #2520 ) ) ;
#8543 = PRESENTATION_LAYER_ASSIGNMENT (  '', '', ( #2179 ) ) ;
#8544 = ORIENTED_EDGE ( 'NONE', *, *, #3220, .T. ) ;
#8545 = DIRECTION ( 'NONE',  ( -1.227398685832646557E-16, -1.000000000000000000, 0.0000000000000000000 ) ) ;
#8546 = CARTESIAN_POINT ( 'NONE',  ( 2.110759876910600852, -1.522239644361784272, 7.700999999999999623 ) ) ;
#8547 = CARTESIAN_POINT ( 'NONE',  ( 0.4840220583810518340, 1.065118094212996747, 7.701000000000003176 ) ) ;
#8548 =( NAMED_UNIT ( * ) SI_UNIT ( $, .STERADIAN. ) SOLID_ANGLE_UNIT ( ) );
#8549 = VECTOR ( 'NONE', #3772, 1000.000000000000000 ) ;
#8550 = AXIS2_PLACEMENT_3D ( 'NONE', #3087, #8898, #8852 ) ;
#8551 = LINE ( 'NONE', #2037, #2287 ) ;
#8552 = VECTOR ( 'NONE', #10288, 1000.000000000000000 ) ;
#8553 = VERTEX_POINT ( 'NONE', #7578 ) ;
#8554 = CARTESIAN_POINT ( 'NONE',  ( -1.037834477112823173, 0.6436450942646022577, 7.700000000000000178 ) ) ;
#8555 = CARTESIAN_POINT ( 'NONE',  ( 0.3166533459019524321, 0.7290430768443273424, 7.701000000000001400 ) ) ;
#8556 = STYLED_ITEM ( 'NONE', ( #9882 ), #1215 ) ;
#8557 = CARTESIAN_POINT ( 'NONE',  ( -0.3874558292648735969, 0.5730296264778258486, 7.700000000000000178 ) ) ;
#8558 = AXIS2_PLACEMENT_3D ( 'NONE', #1464, #1622, #3909 ) ;
#8559 = ORIENTED_EDGE ( 'NONE', *, *, #3627, .T. ) ;
#8560 = SURFACE_STYLE_USAGE ( .BOTH. , #6257 ) ;
#8561 =( NAMED_UNIT ( * ) SI_UNIT ( $, .STERADIAN. ) SOLID_ANGLE_UNIT ( ) );
#8562 = CARTESIAN_POINT ( 'NONE',  ( -3.299999999999998934, -1.858578643762704985, 1.000000000000000000 ) ) ;
#8563 = FACE_OUTER_BOUND ( 'NONE', #6071, .T. ) ;
#8564 = EDGE_LOOP ( 'NONE', ( #5172, #8278, #6845, #233 ) ) ;
#8565 = EDGE_CURVE ( 'NONE', #657, #8747, #221, .T. ) ;
#8566 = MECHANICAL_DESIGN_GEOMETRIC_PRESENTATION_REPRESENTATION (  '', ( #2549 ), #6695 ) ;
#8567 = SURFACE_STYLE_FILL_AREA ( #7864 ) ;
#8568 = CARTESIAN_POINT ( 'NONE',  ( -0.5149773637200018017, -1.318660552905235317, 7.700000000000000178 ) ) ;
#8569 = EDGE_CURVE ( 'NONE', #2550, #8219, #5194, .T. ) ;
#8570 = MECHANICAL_DESIGN_GEOMETRIC_PRESENTATION_REPRESENTATION (  '', ( #4073 ), #6690 ) ;
#8571 = DIRECTION ( 'NONE',  ( -0.0000000000000000000, -0.0000000000000000000, -1.000000000000000000 ) ) ;
#8572 = SURFACE_STYLE_USAGE ( .BOTH. , #3769 ) ;
#8573 =( NAMED_UNIT ( * ) PLANE_ANGLE_UNIT ( ) SI_UNIT ( $, .RADIAN. ) );
#8574 = LINE ( 'NONE', #6268, #9237 ) ;
#8575 = CARTESIAN_POINT ( 'NONE',  ( -0.5149773637200018017, 1.238975417521273270, 7.701000000000000512 ) ) ;
#8576 = COLOUR_RGB ( '',0.0000000000000000000, 0.0000000000000000000, 0.0000000000000000000 ) ;
#8577 = ORIENTED_EDGE ( 'NONE', *, *, #894, .F. ) ;
#8578 = EDGE_CURVE ( 'NONE', #1880, #6397, #3027, .T. ) ;
#8579 = ADVANCED_FACE ( 'NONE', ( #9525 ), #4642, .T. ) ;
#8580 = ORIENTED_EDGE ( 'NONE', *, *, #1600, .F. ) ;
#8581 = SURFACE_SIDE_STYLE ('',( #8419 ) ) ;
#8582 = CARTESIAN_POINT ( 'NONE',  ( 1.677461769569562389, -1.593261426377926115, 7.700000000000001954 ) ) ;
#8583 = VECTOR ( 'NONE', #3971, 1000.000000000000000 ) ;
#8584 = DIRECTION ( 'NONE',  ( -0.0000000000000000000, -0.0000000000000000000, -1.000000000000000000 ) ) ;
#8585 = SURFACE_STYLE_USAGE ( .BOTH. , #9360 ) ;
#8586 = CARTESIAN_POINT ( 'NONE',  ( -0.2289041271445575454, 1.141097996832941108, 7.700000000000001066 ) ) ;
#8587 = FILL_AREA_STYLE_COLOUR ( '', #7745 ) ;
#8588 =( LENGTH_UNIT ( ) NAMED_UNIT ( * ) SI_UNIT ( .MILLI., .METRE. ) );
#8589 = CARTESIAN_POINT ( 'NONE',  ( 1.506185639239239649, -0.4956855550679459821, 7.700000000000001954 ) ) ;
#8590 = CARTESIAN_POINT ( 'NONE',  ( -0.2142688494395414700, -0.3972215554997099440, 7.699999999999999289 ) ) ;
#8591 = EDGE_LOOP ( 'NONE', ( #3114, #2454, #10253, #8629 ) ) ;
#8592 = CARTESIAN_POINT ( 'NONE',  ( -0.08776244977907922407, -0.2200534762623247709, 7.700000000000001066 ) ) ;
#8593 = ORIENTED_EDGE ( 'NONE', *, *, #9719, .F. ) ;
#8594 = UNCERTAINTY_MEASURE_WITH_UNIT (LENGTH_MEASURE( 1.000000000000000082E-05 ), #4225, 'distance_accuracy_value', 'NONE');
#8595 = PRESENTATION_LAYER_ASSIGNMENT (  '', '', ( #2574 ) ) ;
#8596 =( LENGTH_UNIT ( ) NAMED_UNIT ( * ) SI_UNIT ( .MILLI., .METRE. ) );
#8597 = CARTESIAN_POINT ( 'NONE',  ( 0.5000000000000000000, 1.100000000000000089, 0.0000000000000000000 ) ) ;
#8598 = CARTESIAN_POINT ( 'NONE',  ( 1.445388978233288046, 0.2766362001480151545, 7.700000000000001066 ) ) ;
#8599 = ORIENTED_EDGE ( 'NONE', *, *, #7801, .T. ) ;
#8600 = CARTESIAN_POINT ( 'NONE',  ( 1.568996007524917191, -1.752587996537268822, 7.700000000000000178 ) ) ;
#8601 = VECTOR ( 'NONE', #10320, 1000.000000000000000 ) ;
#8602 =( LENGTH_UNIT ( ) NAMED_UNIT ( * ) SI_UNIT ( .MILLI., .METRE. ) );
#8603 = CARTESIAN_POINT ( 'NONE',  ( 1.568996007524917191, 0.2825322618069318059, 7.700000000000000178 ) ) ;
#8604 = CARTESIAN_POINT ( 'NONE',  ( 0.01636236317636576704, 0.8927190288271403817, 7.700000000000000178 ) ) ;
#8605 = CARTESIAN_POINT ( 'NONE',  ( 1.568996007524917191, -0.9732897304225965884, 7.701000000000000512 ) ) ;
#8606 = AXIS2_PLACEMENT_3D ( 'NONE', #4925, #8196, #8950 ) ;
#8607 = UNCERTAINTY_MEASURE_WITH_UNIT (LENGTH_MEASURE( 1.000000000000000082E-05 ), #5068, 'distance_accuracy_value', 'NONE');
#8608 =( GEOMETRIC_REPRESENTATION_CONTEXT ( 3 ) GLOBAL_UNCERTAINTY_ASSIGNED_CONTEXT ( ( #8153 ) ) GLOBAL_UNIT_ASSIGNED_CONTEXT ( ( #9447, #3648, #3539 ) ) REPRESENTATION_CONTEXT ( 'NONE', 'WORKASPACE' ) );
#8609 = DIRECTION ( 'NONE',  ( -0.0000000000000000000, -0.0000000000000000000, -1.000000000000000000 ) ) ;
#8610 = CARTESIAN_POINT ( 'NONE',  ( 0.5000000000000000000, -1.100000000000000089, 0.2999999999999999889 ) ) ;
#8611 = VERTEX_POINT ( 'NONE', #492 ) ;
#8612 = CARTESIAN_POINT ( 'NONE',  ( -1.021582549564003850, 0.6664470775986935935, 7.699999999999999289 ) ) ;
#8613 = CARTESIAN_POINT ( 'NONE',  ( 0.4924942312413655987, 0.8514628111102653385, 7.699999999999999289 ) ) ;
#8614 = CARTESIAN_POINT ( 'NONE',  ( 1.513545869038880332, 0.1261920998477567557, 7.701000000000000512 ) ) ;
#8615 = CARTESIAN_POINT ( 'NONE',  ( -0.9682748588229931341, -0.8882753741191777852, 7.701000000000000512 ) ) ;
#8616 = DIRECTION ( 'NONE',  ( 0.0000000000000000000, -0.0000000000000000000, 1.000000000000000000 ) ) ;
#8617 = CARTESIAN_POINT ( 'NONE',  ( -1.293379769920661504, 0.5624377397224122888, 7.699999999999997513 ) ) ;
#8618 = EDGE_LOOP ( 'NONE', ( #5471, #6523, #2408, #5747 ) ) ;
#8619 = DIRECTION ( 'NONE',  ( -0.0000000000000000000, -0.0000000000000000000, -1.000000000000000000 ) ) ;
#8620 = UNCERTAINTY_MEASURE_WITH_UNIT (LENGTH_MEASURE( 1.000000000000000082E-05 ), #6818, 'distance_accuracy_value', 'NONE');
#8621 = CARTESIAN_POINT ( 'NONE',  ( 1.323346637208148380, -1.151314767247126225, 7.700000000000001066 ) ) ;
#8622 = PRESENTATION_STYLE_ASSIGNMENT (( #481 ) ) ;
#8623 = CARTESIAN_POINT ( 'NONE',  ( 0.4000000000000000222, -3.649999999999999911, 0.0000000000000000000 ) ) ;
#8624 = EDGE_CURVE ( 'NONE', #1465, #5159, #2444, .T. ) ;
#8625 = CARTESIAN_POINT ( 'NONE',  ( -0.3999999999999996891, -1.000000000000000000, 0.2999999999999999889 ) ) ;
#8626 = VECTOR ( 'NONE', #8288, 1000.000000000000000 ) ;
#8627 = CARTESIAN_POINT ( 'NONE',  ( 0.5902092682244426403, -1.068930881263942645, 7.701000000000000512 ) ) ;
#8628 = CARTESIAN_POINT ( 'NONE',  ( 1.772572157991250341, 0.1126199460832720545, 7.700000000000000178 ) ) ;
#8629 = ORIENTED_EDGE ( 'NONE', *, *, #9276, .T. ) ;
#8630 = EDGE_LOOP ( 'NONE', ( #7621, #629, #4820, #9184 ) ) ;
#8631 = FILL_AREA_STYLE_COLOUR ( '', #6942 ) ;
#8632 = CARTESIAN_POINT ( 'NONE',  ( 1.101417047856113829, -1.362496080374185681, 7.701000000000000512 ) ) ;
#8633 =( GEOMETRIC_REPRESENTATION_CONTEXT ( 3 ) GLOBAL_UNCERTAINTY_ASSIGNED_CONTEXT ( ( #9768 ) ) GLOBAL_UNIT_ASSIGNED_CONTEXT ( ( #302, #8512, #2913 ) ) REPRESENTATION_CONTEXT ( 'NONE', 'WORKASPACE' ) );
#8634 = CARTESIAN_POINT ( 'NONE',  ( 1.587893215162513583, -1.596600845378255862, 7.700000000000000178 ) ) ;
#8635 = FILL_AREA_STYLE_COLOUR ( '', #2360 ) ;
#8636 = CARTESIAN_POINT ( 'NONE',  ( 1.284816050689753908, -1.161145380035850438, 7.701000000000001400 ) ) ;
#8637 = LINE ( 'NONE', #3781, #1888 ) ;
#8638 = CARTESIAN_POINT ( 'NONE',  ( 0.1281439914064398944, -0.1744498169025837375, 7.701000000000000512 ) ) ;
#8639 = CARTESIAN_POINT ( 'NONE',  ( 1.016402691552694915, 0.8280726953880822583, 7.701000000000000512 ) ) ;
#8640 = EDGE_CURVE ( 'NONE', #6513, #10231, #2339, .T. ) ;
#8641 =( NAMED_UNIT ( * ) SI_UNIT ( $, .STERADIAN. ) SOLID_ANGLE_UNIT ( ) );
#8642 = VERTEX_POINT ( 'NONE', #7203 ) ;
#8643 = CARTESIAN_POINT ( 'NONE',  ( 0.04323097051167338473, -0.3062510900678760417, 7.701000000000000512 ) ) ;
#8644 = EDGE_CURVE ( 'NONE', #295, #8611, #8174, .T. ) ;
#8645 = CARTESIAN_POINT ( 'NONE',  ( 0.4000000000000003553, -1.297519430014755670, 0.6999999999999999556 ) ) ;
#8646 = COLOUR_RGB ( '',0.7960784313725489669, 0.8235294117647058432, 0.9372549019607843146 ) ;
#8647 = EDGE_CURVE ( 'NONE', #5159, #7042, #2310, .T. ) ;
#8648 = ORIENTED_EDGE ( 'NONE', *, *, #10270, .F. ) ;
#8649 = CARTESIAN_POINT ( 'NONE',  ( -1.432994876586902055, 0.7916850777234912817, 7.700999999999999623 ) ) ;
#8650 =( GEOMETRIC_REPRESENTATION_CONTEXT ( 3 ) GLOBAL_UNCERTAINTY_ASSIGNED_CONTEXT ( ( #1624 ) ) GLOBAL_UNIT_ASSIGNED_CONTEXT ( ( #8270, #974, #1655 ) ) REPRESENTATION_CONTEXT ( 'NONE', 'WORKASPACE' ) );
#8651 = SURFACE_STYLE_FILL_AREA ( #2082 ) ;
#8652 = ORIENTED_EDGE ( 'NONE', *, *, #10414, .T. ) ;
#8653 = DIRECTION ( 'NONE',  ( 0.0000000000000000000, 1.000000000000000000, 0.0000000000000000000 ) ) ;
#8654 = FACE_OUTER_BOUND ( 'NONE', #888, .T. ) ;
#8655 = SURFACE_SIDE_STYLE ('',( #6130 ) ) ;
#8656 = CYLINDRICAL_SURFACE ( 'NONE', #691, 0.4500000000000000111 ) ;
#8657 = CARTESIAN_POINT ( 'NONE',  ( -0.1928526542890789675, -0.2417229353974841843, 7.701000000000000512 ) ) ;
#8658 = SURFACE_STYLE_FILL_AREA ( #7659 ) ;
#8659 = FILL_AREA_STYLE ('',( #8498 ) ) ;
#8660 = FILL_AREA_STYLE ('',( #9443 ) ) ;
#8661 = CARTESIAN_POINT ( 'NONE',  ( -2.073461490767437354, 0.6082308833847103191, 7.701000000000000512 ) ) ;
#8662 = AXIS2_PLACEMENT_3D ( 'NONE', #7610, #7497, #1404 ) ;
#8663 = ORIENTED_EDGE ( 'NONE', *, *, #765, .T. ) ;
#8664 = CARTESIAN_POINT ( 'NONE',  ( -1.056586687644091693, 0.6237262304884013675, 7.700000000000001954 ) ) ;
#8665 = LINE ( 'NONE', #2751, #10482 ) ;
#8666 = DIRECTION ( 'NONE',  ( -1.000000000000000000, 0.0000000000000000000, 0.0000000000000000000 ) ) ;
#8667 = DIRECTION ( 'NONE',  ( 0.0000000000000000000, 0.0000000000000000000, -1.000000000000000000 ) ) ;
#8668 = CARTESIAN_POINT ( 'NONE',  ( 1.108096287704300131, -1.417331104751459625, 7.701000000000000512 ) ) ;
#8669 = DIRECTION ( 'NONE',  ( -1.000000000000000000, 0.0000000000000000000, 0.0000000000000000000 ) ) ;
#8670 = CARTESIAN_POINT ( 'NONE',  ( -1.293379769920661504, 0.5624377397224122888, 7.700999999999997847 ) ) ;
#8671 = EDGE_LOOP ( 'NONE', ( #5109, #8325, #8822, #8931 ) ) ;
#8672 = CARTESIAN_POINT ( 'NONE',  ( 3.270710678118696535, -1.929289321881360930, 1.000000000000000000 ) ) ;
#8673 = DIRECTION ( 'NONE',  ( 0.0000000000000000000, -1.000000000000000000, 0.0000000000000000000 ) ) ;
#8674 = FILL_AREA_STYLE_COLOUR ( '', #8237 ) ;
#8675 = CARTESIAN_POINT ( 'NONE',  ( 0.5902092682244426403, -1.730448841249920378, 7.701000000000000512 ) ) ;
#8676 = CARTESIAN_POINT ( 'NONE',  ( -1.081627333894218168, -0.8882753741191777852, 7.701000000000000512 ) ) ;
#8677 = CARTESIAN_POINT ( 'NONE',  ( 0.2886294088147235426, 0.5733612519710301614, 7.701000000000001400 ) ) ;
#8678 = ORIENTED_EDGE ( 'NONE', *, *, #9859, .F. ) ;
#8679 = ORIENTED_EDGE ( 'NONE', *, *, #7926, .F. ) ;
#8680 = CARTESIAN_POINT ( 'NONE',  ( 1.009552729232102486, -1.485496049142615682, 7.701000000000000512 ) ) ;
#8681 = CARTESIAN_POINT ( 'NONE',  ( 1.191078891308347876, -1.201940911777728438, 7.700000000000001954 ) ) ;
#8682 = SURFACE_STYLE_FILL_AREA ( #2067 ) ;
#8683 = CARTESIAN_POINT ( 'NONE',  ( -0.3874558292648735969, 0.5730296264778258486, 7.701000000000000512 ) ) ;
#8684 = PLANE ( 'NONE',  #155 ) ;
#8685 = CARTESIAN_POINT ( 'NONE',  ( -0.1022262686215007349, 1.024048188238183998, 7.700000000000000178 ) ) ;
#8686 = FILL_AREA_STYLE ('',( #7141 ) ) ;
#8687 = FILL_AREA_STYLE_COLOUR ( '', #6855 ) ;
#8688 = CARTESIAN_POINT ( 'NONE',  ( 0.05154332654548204884, 0.1151732139268188543, 7.700000000000001954 ) ) ;
#8689 = ORIENTED_EDGE ( 'NONE', *, *, #8647, .F. ) ;
#8690 = CARTESIAN_POINT ( 'NONE',  ( -3.299999999999999378, 1.300000000000000044, 0.6999999999999999556 ) ) ;
#8691 = ORIENTED_EDGE ( 'NONE', *, *, #2789, .F. ) ;
#8692 = ORIENTED_EDGE ( 'NONE', *, *, #5217, .F. ) ;
#8693 = EDGE_CURVE ( 'NONE', #6233, #7354, #7953, .T. ) ;
#8694 = EDGE_CURVE ( 'NONE', #1145, #965, #7256, .T. ) ;
#8695 = DIRECTION ( 'NONE',  ( 0.0000000000000000000, -1.000000000000000000, 0.0000000000000000000 ) ) ;
#8696 = CARTESIAN_POINT ( 'NONE',  ( -1.179817640876430929, 0.5636554831658935338, 7.699999999999997513 ) ) ;
#8697 = CARTESIAN_POINT ( 'NONE',  ( -1.256748052217145695, 0.7147202203168572243, 7.701000000000000512 ) ) ;
#8698 = SURFACE_STYLE_USAGE ( .BOTH. , #7101 ) ;
#8699 = EDGE_CURVE ( 'NONE', #7779, #1465, #4611, .T. ) ;
#8700 = ORIENTED_EDGE ( 'NONE', *, *, #9076, .T. ) ;
#8701 = FACE_OUTER_BOUND ( 'NONE', #5988, .T. ) ;
#8702 = DIRECTION ( 'NONE',  ( -0.0000000000000000000, -0.0000000000000000000, -1.000000000000000000 ) ) ;
#8703 = LINE ( 'NONE', #7262, #5294 ) ;
#8704 = CARTESIAN_POINT ( 'NONE',  ( -0.2915008597588024664, -0.2266110134856840208, 7.701000000000003176 ) ) ;
#8705 = SURFACE_STYLE_FILL_AREA ( #4622 ) ;
#8706 = UNCERTAINTY_MEASURE_WITH_UNIT (LENGTH_MEASURE( 1.000000000000000082E-05 ), #3520, 'distance_accuracy_value', 'NONE');
#8707 = STYLED_ITEM ( 'NONE', ( #1725 ), #3922 ) ;
#8708 = EDGE_CURVE ( 'NONE', #548, #6415, #3141, .T. ) ;
#8709 =( NAMED_UNIT ( * ) PLANE_ANGLE_UNIT ( ) SI_UNIT ( $, .RADIAN. ) );
#8710 = ADVANCED_FACE ( 'NONE', ( #8755 ), #1451, .T. ) ;
#8711 = VECTOR ( 'NONE', #859, 1000.000000000000000 ) ;
#8712 = PLANE ( 'NONE',  #144 ) ;
#8713 = ORIENTED_EDGE ( 'NONE', *, *, #3621, .T. ) ;
#8714 = CARTESIAN_POINT ( 'NONE',  ( 0.4626877337693144909, 0.05582731166448170329, 7.700000000000000178 ) ) ;
#8715 = CARTESIAN_POINT ( 'NONE',  ( 0.4532415011600577359, 0.7844388269652805556, 7.701000000000004064 ) ) ;
#8716 = SURFACE_STYLE_USAGE ( .BOTH. , #1513 ) ;
#8717 = DIRECTION ( 'NONE',  ( 1.221593242852756957E-16, -0.0000000000000000000, -1.000000000000000000 ) ) ;
#8718 = AXIS2_PLACEMENT_3D ( 'NONE', #5766, #9030, #4962 ) ;
#8719 = COLOUR_RGB ( '',0.0000000000000000000, 0.0000000000000000000, 0.0000000000000000000 ) ;
#8720 = MECHANICAL_DESIGN_GEOMETRIC_PRESENTATION_REPRESENTATION (  '', ( #6832 ), #7861 ) ;
#8721 = CARTESIAN_POINT ( 'NONE',  ( 0.5000000000000000000, 1.100000000000000089, 0.2999999999999999889 ) ) ;
#8722 = ORIENTED_EDGE ( 'NONE', *, *, #4555, .T. ) ;
#8723 = FILL_AREA_STYLE_COLOUR ( '', #7782 ) ;
#8724 = UNCERTAINTY_MEASURE_WITH_UNIT (LENGTH_MEASURE( 1.000000000000000082E-05 ), #10232, 'distance_accuracy_value', 'NONE');
#8725 =( GEOMETRIC_REPRESENTATION_CONTEXT ( 3 ) GLOBAL_UNCERTAINTY_ASSIGNED_CONTEXT ( ( #7124 ) ) GLOBAL_UNIT_ASSIGNED_CONTEXT ( ( #8077, #7335, #2216 ) ) REPRESENTATION_CONTEXT ( 'NONE', 'WORKASPACE' ) );
#8726 = FILL_AREA_STYLE ('',( #5442 ) ) ;
#8727 = AXIS2_PLACEMENT_3D ( 'NONE', #3066, #7925, #584 ) ;
#8728 = VECTOR ( 'NONE', #4008, 1000.000000000000114 ) ;
#8729 = SURFACE_STYLE_USAGE ( .BOTH. , #2269 ) ;
#8730 = CARTESIAN_POINT ( 'NONE',  ( -1.081627333894218168, 0.9682135483569992429, 7.700999999999609713 ) ) ;
#8731 = SURFACE_STYLE_FILL_AREA ( #6316 ) ;
#8732 = DIRECTION ( 'NONE',  ( -0.0000000000000000000, -0.0000000000000000000, -1.000000000000000000 ) ) ;
#8733 = CARTESIAN_POINT ( 'NONE',  ( 0.3130270440268375642, 0.5730296264778258486, 7.701000000000000512 ) ) ;
#8734 = CARTESIAN_POINT ( 'NONE',  ( -0.5000000000000000000, 3.299999999999999822, 0.2999999999999999889 ) ) ;
#8735 = VECTOR ( 'NONE', #10087, 1000.000000000000000 ) ;
#8736 = ORIENTED_EDGE ( 'NONE', *, *, #4477, .F. ) ;
#8737 = CARTESIAN_POINT ( 'NONE',  ( 0.9971591472945752210, -1.446526565472309400, 7.701000000000002288 ) ) ;
#8738 = FACE_OUTER_BOUND ( 'NONE', #2343, .T. ) ;
#8739 = FILL_AREA_STYLE ('',( #8635 ) ) ;
#8740 = CARTESIAN_POINT ( 'NONE',  ( -0.1022262686215007349, 1.024048188238183998, 7.701000000000000512 ) ) ;
#8741 = AXIS2_PLACEMENT_3D ( 'NONE', #9199, #7565, #3451 ) ;
#8742 = SURFACE_STYLE_FILL_AREA ( #2071 ) ;
#8743 = CARTESIAN_POINT ( 'NONE',  ( 0.06865954094141678288, -0.2779966841637466213, 7.701000000000002288 ) ) ;
#8744 = CARTESIAN_POINT ( 'NONE',  ( 3.033150177620662635, -1.300000000000000266, 0.6999999999999999556 ) ) ;
#8745 = PRESENTATION_LAYER_ASSIGNMENT (  '', '', ( #4965 ) ) ;
#8746 = FACE_OUTER_BOUND ( 'NONE', #3774, .T. ) ;
#8747 = VERTEX_POINT ( 'NONE', #3390 ) ;
#8748 = AXIS2_PLACEMENT_3D ( 'NONE', #1033, #5751, #76 ) ;
#8749 = CARTESIAN_POINT ( 'NONE',  ( 1.853175964360080696, -1.161145380035850661, 7.701000000000001400 ) ) ;
#8750 = VERTEX_POINT ( 'NONE', #7357 ) ;
#8751 = AXIS2_PLACEMENT_3D ( 'NONE', #9630, #5447, #2272 ) ;
#8752 = ORIENTED_EDGE ( 'NONE', *, *, #4064, .F. ) ;
#8753 = DIRECTION ( 'NONE',  ( -0.0000000000000000000, -1.000000000000000000, 0.0000000000000000000 ) ) ;
#8754 = LINE ( 'NONE', #1391, #5388 ) ;
#8755 = FACE_OUTER_BOUND ( 'NONE', #9325, .T. ) ;
#8756 = CARTESIAN_POINT ( 'NONE',  ( -1.417152904829090510, 0.7733431044912247865, 7.700000000000002842 ) ) ;
#8757 = DIRECTION ( 'NONE',  ( -0.0000000000000000000, -0.0000000000000000000, -1.000000000000000000 ) ) ;
#8758 = CARTESIAN_POINT ( 'NONE',  ( -1.249647427785097520, 0.7148291533926911523, 7.700000000000000178 ) ) ;
#8759 = ORIENTED_EDGE ( 'NONE', *, *, #6679, .T. ) ;
#8760 = CARTESIAN_POINT ( 'NONE',  ( 2.007782352269932069, -1.465492452968370829, 7.700999999999996959 ) ) ;
#8761 = CARTESIAN_POINT ( 'NONE',  ( 2.029902655259846256, -0.05205284159554307566, 7.700999999999998735 ) ) ;
#8762 = EDGE_CURVE ( 'NONE', #1855, #6870, #4234, .T. ) ;
#8763 = CARTESIAN_POINT ( 'NONE',  ( -3.033150177620620891, 1.300000000000000044, 0.6999999999999999556 ) ) ;
#8764 = CARTESIAN_POINT ( 'NONE',  ( -0.3126806904540531673, -0.2179960772391698887, 7.701000000000000512 ) ) ;
#8765 = LINE ( 'NONE', #6276, #5841 ) ;
#8766 = CARTESIAN_POINT ( 'NONE',  ( 1.904006536338551436, -1.032544301204454618, 7.701000000000001400 ) ) ;
#8767 = MECHANICAL_DESIGN_GEOMETRIC_PRESENTATION_REPRESENTATION (  '', ( #2401 ), #8069 ) ;
#8768 = STYLED_ITEM ( 'NONE', ( #8463 ), #9921 ) ;
#8769 = B_SPLINE_CURVE_WITH_KNOTS ( 'NONE', 3,
 ( #5015, #4907, #8980, #1530, #6636, #1632, #8175, #9884, #9087, #4859, #789, #688, #5658, #8078, #8129, #4022, #5718, #9731, #7396 ),
 .UNSPECIFIED., .F., .F.,
 ( 4, 1, 1, 1, 1, 1, 1, 1, 1, 1, 1, 1, 1, 1, 1, 1, 4 ),
 ( 0.0000000000000000000, 0.05512446635589161870, 0.1082073024476596090, 0.1600630494254705050, 0.2119606837466775917, 0.2644442975682713692, 0.3185698467065769535, 0.3749815850074509904, 0.4347839038291971825, 0.4967676425432615561, 0.5604611832040430341, 0.6261067072605086548, 0.6940677426715109455, 0.7654570646872309592, 0.8400003673168320306, 0.9179818759620875790, 1.000000000000000000 ),
 .UNSPECIFIED. ) ;
#8770 = LINE ( 'NONE', #5266, #4516 ) ;
#8771 = CARTESIAN_POINT ( 'NONE',  ( -0.02485285025049822905, 0.7649803476242902356, 7.700000000000000178 ) ) ;
#8772 = ORIENTED_EDGE ( 'NONE', *, *, #4885, .T. ) ;
#8773 = CARTESIAN_POINT ( 'NONE',  ( -0.3874558292648735969, 1.238975417521273270, 7.701000000000000512 ) ) ;
#8774 =( NAMED_UNIT ( * ) SI_UNIT ( $, .STERADIAN. ) SOLID_ANGLE_UNIT ( ) );
#8775 = EDGE_CURVE ( 'NONE', #8897, #6935, #996, .T. ) ;
#8776 = VECTOR ( 'NONE', #6563, 1000.000000000000000 ) ;
#8777 = VECTOR ( 'NONE', #8461, 1000.000000000000000 ) ;
#8778 = EDGE_CURVE ( 'NONE', #10082, #2822, #804, .T. ) ;
#8779 = CARTESIAN_POINT ( 'NONE',  ( -1.492530056027409069, 1.068946704914435442, 7.701000000000000512 ) ) ;
#8780 = ADVANCED_FACE ( 'NONE', ( #7466 ), #4157, .F. ) ;
#8781 = ORIENTED_EDGE ( 'NONE', *, *, #6934, .T. ) ;
#8782 = FACE_OUTER_BOUND ( 'NONE', #9487, .T. ) ;
#8783 = CARTESIAN_POINT ( 'NONE',  ( 0.5902092682244426403, -0.3692444698526123337, 7.701000000000000512 ) ) ;
#8784 = FACE_OUTER_BOUND ( 'NONE', #9718, .T. ) ;
#8785 =( NAMED_UNIT ( * ) SI_UNIT ( $, .STERADIAN. ) SOLID_ANGLE_UNIT ( ) );
#8786 = DIRECTION ( 'NONE',  ( -1.000000000000000000, 0.0000000000000000000, -1.434733701935704689E-16 ) ) ;
#8787 = LINE ( 'NONE', #2923, #8388 ) ;
#8788 = PLANE ( 'NONE',  #7694 ) ;
#8789 = CARTESIAN_POINT ( 'NONE',  ( 1.970703161677457294, 0.03622830616508006946, 7.700999999999998735 ) ) ;
#8790 = CARTESIAN_POINT ( 'NONE',  ( 1.050032591455505981, -1.169491871304207287, 7.701000000000002288 ) ) ;
#8791 = STYLED_ITEM ( 'NONE', ( #5260 ), #5744 ) ;
#8792 = ORIENTED_EDGE ( 'NONE', *, *, #5868, .F. ) ;
#8793 = CARTESIAN_POINT ( 'NONE',  ( 1.117116516623060996, -1.282935229560041579, 7.700999999999999623 ) ) ;
#8794 = DIRECTION ( 'NONE',  ( 0.9402068109987337108, -0.3406040994345067019, 0.0000000000000000000 ) ) ;
#8795 = CARTESIAN_POINT ( 'NONE',  ( -0.2816489445471436204, 1.013582736401253737, 7.700000000000001954 ) ) ;
#8796 = SURFACE_SIDE_STYLE ('',( #5520 ) ) ;
#8797 =( GEOMETRIC_REPRESENTATION_CONTEXT ( 3 ) GLOBAL_UNCERTAINTY_ASSIGNED_CONTEXT ( ( #7216 ) ) GLOBAL_UNIT_ASSIGNED_CONTEXT ( ( #414, #6950, #6840 ) ) REPRESENTATION_CONTEXT ( 'NONE', 'WORKASPACE' ) );
#8798 = SURFACE_STYLE_USAGE ( .BOTH. , #3173 ) ;
#8799 = CARTESIAN_POINT ( 'NONE',  ( -0.2012655332982714596, -0.3975825886204186199, 7.701000000000000512 ) ) ;
#8800 = SURFACE_STYLE_USAGE ( .BOTH. , #5621 ) ;
#8801 = PRESENTATION_STYLE_ASSIGNMENT (( #2229 ) ) ;
#8802 = VERTEX_POINT ( 'NONE', #5781 ) ;
#8803 = CARTESIAN_POINT ( 'NONE',  ( -0.1872947003851974934, -0.3973051276732331161, 7.700999999999998735 ) ) ;
#8804 = FILL_AREA_STYLE ('',( #6396 ) ) ;
#8805 = CIRCLE ( 'NONE', #9492, 0.5000000000000000000 ) ;
#8806 = EDGE_LOOP ( 'NONE', ( #10364, #6285, #5034, #9098, #2083, #4506, #9900, #4271, #2639, #9845, #178, #6875, #1204, #9153, #6001 ) ) ;
#8807 = COLOUR_RGB ( '',0.0000000000000000000, 0.0000000000000000000, 0.0000000000000000000 ) ;
#8808 = VERTEX_POINT ( 'NONE', #2555 ) ;
#8809 = CARTESIAN_POINT ( 'NONE',  ( 2.149501702799246239, -1.377291607131088780, 7.699999999999999289 ) ) ;
#8810 = CARTESIAN_POINT ( 'NONE',  ( -1.293379769920661504, 0.5624377397224122888, 7.699999999999997513 ) ) ;
#8811 = CARTESIAN_POINT ( 'NONE',  ( -0.3874558292648735969, 1.054777645530532437, 7.701000000000000512 ) ) ;
#8812 = AXIS2_PLACEMENT_3D ( 'NONE', #1093, #5112, #8393 ) ;
#8813 = EDGE_LOOP ( 'NONE', ( #5272, #3597, #5705, #6962 ) ) ;
#8814 =( GEOMETRIC_REPRESENTATION_CONTEXT ( 3 ) GLOBAL_UNCERTAINTY_ASSIGNED_CONTEXT ( ( #2914 ) ) GLOBAL_UNIT_ASSIGNED_CONTEXT ( ( #9767, #4897, #6465 ) ) REPRESENTATION_CONTEXT ( 'NONE', 'WORKASPACE' ) );
#8815 = CARTESIAN_POINT ( 'NONE',  ( -1.081627333894218168, 0.9682135483569992429, 7.700999999999609713 ) ) ;
#8816 = LINE ( 'NONE', #7052, #2107 ) ;
#8817 = SURFACE_SIDE_STYLE ('',( #4045 ) ) ;
#8818 = UNCERTAINTY_MEASURE_WITH_UNIT (LENGTH_MEASURE( 1.000000000000000082E-05 ), #2618, 'distance_accuracy_value', 'NONE');
#8819 = COLOUR_RGB ( '',0.0000000000000000000, 0.0000000000000000000, 0.0000000000000000000 ) ;
#8820 = DIRECTION ( 'NONE',  ( 0.0000000000000000000, 0.0000000000000000000, 1.000000000000000000 ) ) ;
#8821 = CARTESIAN_POINT ( 'NONE',  ( 2.007775029551841062, -1.259954281957250899, 7.699999999999995737 ) ) ;
#8822 = ORIENTED_EDGE ( 'NONE', *, *, #4952, .F. ) ;
#8823 = CARTESIAN_POINT ( 'NONE',  ( -2.073461490767437354, -0.06283856067570704751, 7.701000000000000512 ) ) ;
#8824 =( LENGTH_UNIT ( ) NAMED_UNIT ( * ) SI_UNIT ( .MILLI., .METRE. ) );
#8825 = DIRECTION ( 'NONE',  ( -1.000000000000000000, 0.0000000000000000000, 0.0000000000000000000 ) ) ;
#8826 = CARTESIAN_POINT ( 'NONE',  ( -0.05935354790636666877, 0.9775119935776857005, 7.701000000000000512 ) ) ;
#8827 = ORIENTED_EDGE ( 'NONE', *, *, #5289, .F. ) ;
#8828 = FACE_OUTER_BOUND ( 'NONE', #10557, .T. ) ;
#8829 = UNCERTAINTY_MEASURE_WITH_UNIT (LENGTH_MEASURE( 1.000000000000000082E-05 ), #7257, 'distance_accuracy_value', 'NONE');
#8830 = AXIS2_PLACEMENT_3D ( 'NONE', #7286, #35, #10548 ) ;
#8831 = EDGE_CURVE ( 'NONE', #1051, #5873, #5087, .T. ) ;
#8832 = ADVANCED_FACE ( 'NONE', ( #3993 ), #5734, .T. ) ;
#8833 = SURFACE_STYLE_USAGE ( .BOTH. , #10379 ) ;
#8834 = PLANE ( 'NONE',  #8927 ) ;
#8835 = CARTESIAN_POINT ( 'NONE',  ( 1.445391071436134212, -1.746685097565420230, 7.701000000000001400 ) ) ;
#8836 = EDGE_CURVE ( 'NONE', #10317, #8884, #3516, .T. ) ;
#8837 = DIRECTION ( 'NONE',  ( 0.0000000000000000000, 1.000000000000000000, 0.0000000000000000000 ) ) ;
#8838 = CARTESIAN_POINT ( 'NONE',  ( 2.020875498426772943, -0.02711323733051318810, 7.701000000000001400 ) ) ;
#8839 = LINE ( 'NONE', #8176, #1021 ) ;
#8840 = ORIENTED_EDGE ( 'NONE', *, *, #4762, .F. ) ;
#8841 = CARTESIAN_POINT ( 'NONE',  ( 0.4000000000000003553, -1.000000000000000000, 0.2999999999999999889 ) ) ;
#8842 = EDGE_CURVE ( 'NONE', #7183, #8441, #10177, .T. ) ;
#8843 = CARTESIAN_POINT ( 'NONE',  ( -0.9682748588229931341, -0.8882753741191777852, 7.701000000000000512 ) ) ;
#8844 = CARTESIAN_POINT ( 'NONE',  ( -0.1121857385611089719, 0.8657782793101815866, 7.700000000000000178 ) ) ;
#8845 = SURFACE_SIDE_STYLE ('',( #5575 ) ) ;
#8846 = B_SPLINE_CURVE_WITH_KNOTS ( 'NONE', 3,
 ( #5871, #8396, #6189, #9431, #9930, #2584, #3733, #7803, #6123, #9376, #4559, #4240, #9183, #9494, #7553, #5063, #7048, #2025, #455 ),
 .UNSPECIFIED., .F., .F.,
 ( 4, 1, 1, 1, 1, 1, 1, 1, 1, 1, 1, 1, 1, 1, 1, 1, 4 ),
 ( 0.0000000000000000000, 0.07892075106553421426, 0.1534101027825333918, 0.2242139872176850679, 0.2916263406767256594, 0.3560610751190479983, 0.4182641619041364001, 0.4782624703334373839, 0.5371489620315242908, 0.5946617482379432662, 0.6508083624384229937, 0.7061148000342777342, 0.7613672189639572041, 0.8179825083596923285, 0.8761130692821925692, 0.9364988963608892325, 1.000000000000000000 ),
 .UNSPECIFIED. ) ;
#8847 = FILL_AREA_STYLE ('',( #8136 ) ) ;
#8848 =( LENGTH_UNIT ( ) NAMED_UNIT ( * ) SI_UNIT ( .MILLI., .METRE. ) );
#8849 = CARTESIAN_POINT ( 'NONE',  ( 2.020875498426773387, -1.282935229560041801, 7.701000000000003176 ) ) ;
#8850 = ORIENTED_EDGE ( 'NONE', *, *, #10254, .T. ) ;
#8851 = EDGE_LOOP ( 'NONE', ( #4227, #608, #10215, #6139 ) ) ;
#8852 = DIRECTION ( 'NONE',  ( -1.000000000000000000, 0.0000000000000000000, 0.0000000000000000000 ) ) ;
#8853 = CARTESIAN_POINT ( 'NONE',  ( 0.04802109958287107544, 0.1694892335373095471, 7.700000000000001066 ) ) ;
#8854 = CARTESIAN_POINT ( 'NONE',  ( 1.411149687857875756, -0.3333031771441322122, 7.700999999999996959 ) ) ;
#8855 = CARTESIAN_POINT ( 'NONE',  ( -1.091999313048732212, 0.8577375209132624967, 7.701000000000001400 ) ) ;
#8856 = ORIENTED_EDGE ( 'NONE', *, *, #4134, .F. ) ;
#8857 = DIRECTION ( 'NONE',  ( 1.000000000000000000, 0.0000000000000000000, -0.0000000000000000000 ) ) ;
#8858 = DIRECTION ( 'NONE',  ( -0.0000000000000000000, -0.0000000000000000000, -1.000000000000000000 ) ) ;
#8859 = CARTESIAN_POINT ( 'NONE',  ( 1.814645377841686225, 0.1045072249824021970, 7.701000000000002288 ) ) ;
#8860 = LINE ( 'NONE', #1505, #3731 ) ;
#8861 = CARTESIAN_POINT ( 'NONE',  ( 1.772572157991250341, -1.143202046146256423, 7.699999999999997513 ) ) ;
#8862 = VECTOR ( 'NONE', #10304, 1000.000000000000000 ) ;
#8863 = ORIENTED_EDGE ( 'NONE', *, *, #1082, .T. ) ;
#8864 = DIRECTION ( 'NONE',  ( -1.000000000000000000, 0.0000000000000000000, 0.0000000000000000000 ) ) ;
#8865 = CARTESIAN_POINT ( 'NONE',  ( 0.9880645727848885729, -1.362938863479932650, 7.700000000000000178 ) ) ;
#8866 = SURFACE_STYLE_FILL_AREA ( #1463 ) ;
#8867 = DIRECTION ( 'NONE',  ( -0.9999985590357377552, -0.001697623765138310883, 0.0000000000000000000 ) ) ;
#8868 = PRESENTATION_STYLE_ASSIGNMENT (( #7319 ) ) ;
#8869 = DIRECTION ( 'NONE',  ( -1.000000000000000000, 0.0000000000000000000, 0.0000000000000000000 ) ) ;
#8870 = VECTOR ( 'NONE', #1484, 999.9999999999998863 ) ;
#8871 = EDGE_LOOP ( 'NONE', ( #8713, #8171, #1754, #3219 ) ) ;
#8872 = EDGE_CURVE ( 'NONE', #555, #8535, #9217, .T. ) ;
#8873 = CARTESIAN_POINT ( 'NONE',  ( 0.4647347760691219465, 0.6093466540582320734, 7.701000000000004064 ) ) ;
#8874 = FILL_AREA_STYLE_COLOUR ( '', #5675 ) ;
#8875 = PRESENTATION_STYLE_ASSIGNMENT (( #7329 ) ) ;
#8876 = CARTESIAN_POINT ( 'NONE',  ( 0.9880645727848885729, -1.362938863479932650, 7.701000000000000512 ) ) ;
#8877 = AXIS2_PLACEMENT_3D ( 'NONE', #7989, #8035, #2113 ) ;
#8878 = FILL_AREA_STYLE_COLOUR ( '', #3746 ) ;
#8879 = COLOUR_RGB ( '',0.0000000000000000000, 0.0000000000000000000, 0.0000000000000000000 ) ;
#8880 = FACE_OUTER_BOUND ( 'NONE', #8469, .T. ) ;
#8881 = CARTESIAN_POINT ( 'NONE',  ( -0.3999999999999996891, -1.000000000000000000, 0.6999999999999999556 ) ) ;
#8882 = EDGE_CURVE ( 'NONE', #4482, #10130, #9209, .T. ) ;
#8883 = DIRECTION ( 'NONE',  ( 1.221593242852757203E-16, -0.0000000000000000000, -1.000000000000000000 ) ) ;
#8884 = VERTEX_POINT ( 'NONE', #2777 ) ;
#8885 = VECTOR ( 'NONE', #2544, 1000.000000000000000 ) ;
#8886 = CARTESIAN_POINT ( 'NONE',  ( 1.804618295758528168, 0.2566148049587326785, 7.701000000000002288 ) ) ;
#8887 =( GEOMETRIC_REPRESENTATION_CONTEXT ( 3 ) GLOBAL_UNCERTAINTY_ASSIGNED_CONTEXT ( ( #3977 ) ) GLOBAL_UNIT_ASSIGNED_CONTEXT ( ( #3756, #10261, #4467 ) ) REPRESENTATION_CONTEXT ( 'NONE', 'WORKASPACE' ) );
#8888 = CARTESIAN_POINT ( 'NONE',  ( -0.3874558292648735969, 1.054777645530532437, 7.701000000000000512 ) ) ;
#8889 =( GEOMETRIC_REPRESENTATION_CONTEXT ( 3 ) GLOBAL_UNCERTAINTY_ASSIGNED_CONTEXT ( ( #4934 ) ) GLOBAL_UNIT_ASSIGNED_CONTEXT ( ( #6653, #6459, #726 ) ) REPRESENTATION_CONTEXT ( 'NONE', 'WORKASPACE' ) );
#8890 =( LENGTH_UNIT ( ) NAMED_UNIT ( * ) SI_UNIT ( .MILLI., .METRE. ) );
#8891 = DIRECTION ( 'NONE',  ( -0.0000000000000000000, -1.000000000000000000, 0.0000000000000000000 ) ) ;
#8892 = CARTESIAN_POINT ( 'NONE',  ( 2.060445751672498549, -0.3332844283545050024, 7.701000000000001400 ) ) ;
#8893 = EDGE_CURVE ( 'NONE', #6054, #7863, #1169, .T. ) ;
#8894 = EDGE_CURVE ( 'NONE', #4263, #5720, #4373, .T. ) ;
#8895 = VECTOR ( 'NONE', #5510, 1000.000000000000000 ) ;
#8896 = ORIENTED_EDGE ( 'NONE', *, *, #1660, .F. ) ;
#8897 = VERTEX_POINT ( 'NONE', #1906 ) ;
#8898 = DIRECTION ( 'NONE',  ( -0.0000000000000000000, -0.0000000000000000000, -1.000000000000000000 ) ) ;
#8899 = VECTOR ( 'NONE', #145, 1000.000000000000000 ) ;
#8900 = CARTESIAN_POINT ( 'NONE',  ( 0.5477020900727332942, 1.210637298753467039, 7.701000000000000512 ) ) ;
#8901 = CARTESIAN_POINT ( 'NONE',  ( 1.726842327191958404, -0.3333031771441323787, 7.700000000000001066 ) ) ;
#8902 = CARTESIAN_POINT ( 'NONE',  ( -0.9682748588229931341, -1.837602352840687958, 7.700000000000000178 ) ) ;
#8903 = CARTESIAN_POINT ( 'NONE',  ( -1.105739463089840058, 0.8139788546604442843, 7.699999999999998401 ) ) ;
#8904 = VERTEX_POINT ( 'NONE', #10062 ) ;
#8905 = FILL_AREA_STYLE ('',( #4881 ) ) ;
#8906 = FACE_OUTER_BOUND ( 'NONE', #692, .T. ) ;
#8907 = COLOUR_RGB ( '',0.0000000000000000000, 0.0000000000000000000, 0.0000000000000000000 ) ;
#8908 =( LENGTH_UNIT ( ) NAMED_UNIT ( * ) SI_UNIT ( .MILLI., .METRE. ) );
#8909 = UNCERTAINTY_MEASURE_WITH_UNIT (LENGTH_MEASURE( 1.000000000000000082E-05 ), #864, 'distance_accuracy_value', 'NONE');
#8910 = VECTOR ( 'NONE', #7902, 1000.000000000000000 ) ;
#8911 = CARTESIAN_POINT ( 'NONE',  ( 0.5533635233408955578, 1.198368116101765413, 7.701000000000000512 ) ) ;
#8912 = VECTOR ( 'NONE', #1144, 1000.000000000000000 ) ;
#8913 = ORIENTED_EDGE ( 'NONE', *, *, #450, .F. ) ;
#8914 = CARTESIAN_POINT ( 'NONE',  ( -0.05935354790636666877, 0.9775119935776857005, 7.701000000000000512 ) ) ;
#8915 = DIRECTION ( 'NONE',  ( 1.000000000000000000, 0.0000000000000000000, 0.0000000000000000000 ) ) ;
#8916 = FILL_AREA_STYLE_COLOUR ( '', #3453 ) ;
#8917 = PRESENTATION_STYLE_ASSIGNMENT (( #6519 ) ) ;
#8918 =( NAMED_UNIT ( * ) PLANE_ANGLE_UNIT ( ) SI_UNIT ( $, .RADIAN. ) );
#8919 = CYLINDRICAL_SURFACE ( 'NONE', #10247, 0.09999999999999982514 ) ;
#8920 = VECTOR ( 'NONE', #9865, 1000.000000000000000 ) ;
#8921 =( GEOMETRIC_REPRESENTATION_CONTEXT ( 3 ) GLOBAL_UNCERTAINTY_ASSIGNED_CONTEXT ( ( #5470 ) ) GLOBAL_UNIT_ASSIGNED_CONTEXT ( ( #8848, #7295, #2163 ) ) REPRESENTATION_CONTEXT ( 'NONE', 'WORKASPACE' ) );
#8922 = ORIENTED_EDGE ( 'NONE', *, *, #8358, .F. ) ;
#8923 = UNCERTAINTY_MEASURE_WITH_UNIT (LENGTH_MEASURE( 1.000000000000000082E-05 ), #9574, 'distance_accuracy_value', 'NONE');
#8924 = PRESENTATION_LAYER_ASSIGNMENT (  '', '', ( #191 ) ) ;
#8925 = DIRECTION ( 'NONE',  ( 0.0000000000000000000, -0.0000000000000000000, 1.000000000000000000 ) ) ;
#8926 = ORIENTED_EDGE ( 'NONE', *, *, #1409, .T. ) ;
#8927 = AXIS2_PLACEMENT_3D ( 'NONE', #8284, #6527, #783 ) ;
#8928 = CARTESIAN_POINT ( 'NONE',  ( 1.147736760421516511, -1.646826105296480547, 7.700999999999999623 ) ) ;
#8929 = CARTESIAN_POINT ( 'NONE',  ( 1.299999999999998712, 3.300000000000000711, 0.6999999999999999556 ) ) ;
#8930 = CARTESIAN_POINT ( 'NONE',  ( 0.09482066273686690083, 0.6488593148530389376, 7.700000000000003730 ) ) ;
#8931 = ORIENTED_EDGE ( 'NONE', *, *, #6539, .F. ) ;
#8932 = PRESENTATION_LAYER_ASSIGNMENT (  '', '', ( #6215 ) ) ;
#8933 =( GEOMETRIC_REPRESENTATION_CONTEXT ( 3 ) GLOBAL_UNCERTAINTY_ASSIGNED_CONTEXT ( ( #8059 ) ) GLOBAL_UNIT_ASSIGNED_CONTEXT ( ( #3530, #5208, #5160 ) ) REPRESENTATION_CONTEXT ( 'NONE', 'WORKASPACE' ) );
#8934 = CARTESIAN_POINT ( 'NONE',  ( 2.060239570695361788, 0.1186191209248758094, 7.701000000000000512 ) ) ;
#8935 = LINE ( 'NONE', #8084, #5472 ) ;
#8936 = CARTESIAN_POINT ( 'NONE',  ( -0.1360109584789133130, 0.8928900860487990476, 7.699999999999997513 ) ) ;
#8937 = CARTESIAN_POINT ( 'NONE',  ( -1.081627333894218168, 1.068946704914435442, 7.701000000000000512 ) ) ;
#8938 = EDGE_CURVE ( 'NONE', #8146, #5767, #218, .T. ) ;
#8939 = CARTESIAN_POINT ( 'NONE',  ( -3.022727272727272485, 0.0000000000000000000, 2.026039342553259459 ) ) ;
#8940 = FILL_AREA_STYLE_COLOUR ( '', #2915 ) ;
#8941 = CARTESIAN_POINT ( 'NONE',  ( -0.5352903327842061243, 0.1035488044657825596, 7.701000000000000512 ) ) ;
#8942 = SURFACE_STYLE_FILL_AREA ( #5774 ) ;
#8943 = DIRECTION ( 'NONE',  ( -1.000000000000000000, 0.0000000000000000000, -1.548860246407862843E-16 ) ) ;
#8944 = ORIENTED_EDGE ( 'NONE', *, *, #2518, .T. ) ;
#8945 =( LENGTH_UNIT ( ) NAMED_UNIT ( * ) SI_UNIT ( .MILLI., .METRE. ) );
#8946 = EDGE_CURVE ( 'NONE', #4214, #3629, #9414, .T. ) ;
#8947 = SURFACE_SIDE_STYLE ('',( #4825 ) ) ;
#8948 = ADVANCED_FACE ( 'NONE', ( #7675 ), #381, .F. ) ;
#8949 = CARTESIAN_POINT ( 'NONE',  ( 0.5645380714494857566, 1.174151179276679891, 7.700999999999997847 ) ) ;
#8950 = DIRECTION ( 'NONE',  ( -1.000000000000000000, 0.0000000000000000000, 0.0000000000000000000 ) ) ;
#8951 = VERTEX_POINT ( 'NONE', #6170 ) ;
#8952 = CARTESIAN_POINT ( 'NONE',  ( 2.149498165074976708, -1.348660085834663125, 7.700000000000000178 ) ) ;
#8953 = EDGE_CURVE ( 'NONE', #6471, #3414, #5354, .T. ) ;
#8954 = FILL_AREA_STYLE ('',( #7305 ) ) ;
#8955 = DIRECTION ( 'NONE',  ( 0.9402068109987337108, -0.3406040994345067019, 0.0000000000000000000 ) ) ;
#8956 = CARTESIAN_POINT ( 'NONE',  ( 0.3784194064337771390, 0.5783983925295484996, 7.700000000000000178 ) ) ;
#8957 = CARTESIAN_POINT ( 'NONE',  ( -0.3749366534045204813, -0.3561874731356830526, 7.700000000000000178 ) ) ;
#8958 = CARTESIAN_POINT ( 'NONE',  ( 0.1622685830803807794, 0.7695972488748396012, 7.701000000000002288 ) ) ;
#8959 = CARTESIAN_POINT ( 'NONE',  ( 0.5902092682244426403, -1.865940471608493967, 7.701000000000000512 ) ) ;
#8960 = ORIENTED_EDGE ( 'NONE', *, *, #2774, .T. ) ;
#8961 = CARTESIAN_POINT ( 'NONE',  ( 1.218793774962094734, -1.538873609629530792, 7.701000000000001400 ) ) ;
#8962 = LINE ( 'NONE', #727, #8920 ) ;
#8963 = CARTESIAN_POINT ( 'NONE',  ( -0.5277341696294721718, 0.1473720517949697606, 7.700000000000001066 ) ) ;
#8964 = SURFACE_STYLE_FILL_AREA ( #10430 ) ;
#8965 = PRESENTATION_LAYER_ASSIGNMENT (  '', '', ( #249 ) ) ;
#8966 =( LENGTH_UNIT ( ) NAMED_UNIT ( * ) SI_UNIT ( .MILLI., .METRE. ) );
#8967 = AXIS2_PLACEMENT_3D ( 'NONE', #6943, #7111, #3744 ) ;
#8968 = ORIENTED_EDGE ( 'NONE', *, *, #3096, .T. ) ;
#8969 = DIRECTION ( 'NONE',  ( 1.000000000000000000, -0.0000000000000000000, -0.0000000000000000000 ) ) ;
#8970 = SURFACE_STYLE_USAGE ( .BOTH. , #4543 ) ;
#8971 = SURFACE_STYLE_FILL_AREA ( #6823 ) ;
#8972 = PRESENTATION_STYLE_ASSIGNMENT (( #5009 ) ) ;
#8973 = SURFACE_SIDE_STYLE ('',( #5712 ) ) ;
#8974 = CARTESIAN_POINT ( 'NONE',  ( 0.9893270634133881636, -1.405464833056518925, 7.701000000000000512 ) ) ;
#8975 =( NAMED_UNIT ( * ) SI_UNIT ( $, .STERADIAN. ) SOLID_ANGLE_UNIT ( ) );
#8976 = ORIENTED_EDGE ( 'NONE', *, *, #2320, .F. ) ;
#8977 = CARTESIAN_POINT ( 'NONE',  ( 0.3999999999999996891, 1.306155281280883651, 0.2999999999999999889 ) ) ;
#8978 =( NAMED_UNIT ( * ) PLANE_ANGLE_UNIT ( ) SI_UNIT ( $, .RADIAN. ) );
#8979 = DIRECTION ( 'NONE',  ( 0.0000000000000000000, -0.0000000000000000000, 1.000000000000000000 ) ) ;
#8980 = CARTESIAN_POINT ( 'NONE',  ( 2.148665991867709124, -0.1496435234377002932, 7.700000000000001066 ) ) ;
#8981 = CARTESIAN_POINT ( 'NONE',  ( 1.547733973726830303, -0.9736561008405421047, 7.701000000000000512 ) ) ;
#8982 = CIRCLE ( 'NONE', #4537, 0.09999999999999982514 ) ;
#8983 = ORIENTED_EDGE ( 'NONE', *, *, #10590, .T. ) ;
#8984 = DIRECTION ( 'NONE',  ( -0.0000000000000000000, -0.0000000000000000000, -1.000000000000000000 ) ) ;
#8985 = LINE ( 'NONE', #1537, #8870 ) ;
#8986 = B_SPLINE_CURVE_WITH_KNOTS ( 'NONE', 3,
 ( #10532, #3156, #6462, #9713, #4941, #1081, #2575, #5918, #1715, #9920, #5001, #236, #9974, #6623, #8329, #2629, #5163, #9867, #2682 ),
 .UNSPECIFIED., .F., .F.,
 ( 4, 1, 1, 1, 1, 1, 1, 1, 1, 1, 1, 1, 1, 1, 1, 1, 4 ),
 ( 0.0000000000000000000, 0.05486731181826590836, 0.1079753909594996925, 0.1598557974559498829, 0.2115222600122138308, 0.2641863201740957123, 0.3183376082143676844, 0.3747761725932209909, 0.4346069298520086055, 0.4966201443570746332, 0.5604683723292160913, 0.6264101314155979816, 0.6944834107562095626, 0.7656292468867322842, 0.8402079978912535552, 0.9182265899183527091, 1.000000000000000000 ),
 .UNSPECIFIED. ) ;
#8987 = DIRECTION ( 'NONE',  ( 1.000000000000000000, 0.0000000000000000000, 0.0000000000000000000 ) ) ;
#8988 = PRESENTATION_STYLE_ASSIGNMENT (( #48 ) ) ;
#8989 = ORIENTED_EDGE ( 'NONE', *, *, #3757, .F. ) ;
#8990 = CARTESIAN_POINT ( 'NONE',  ( -1.081627333894218168, -0.8882753741191777852, 7.701000000000000512 ) ) ;
#8991 = VERTEX_POINT ( 'NONE', #9690 ) ;
#8992 = SURFACE_STYLE_USAGE ( .BOTH. , #5733 ) ;
#8993 = FILL_AREA_STYLE ('',( #10560 ) ) ;
#8994 = CARTESIAN_POINT ( 'NONE',  ( 0.6011415258921141147, 1.063663863840197399, 7.701000000000000512 ) ) ;
#8995 = CARTESIAN_POINT ( 'NONE',  ( 0.04647161436715990801, 0.1833488461196098873, 7.700000000000000178 ) ) ;
#8996 = ORIENTED_EDGE ( 'NONE', *, *, #6807, .F. ) ;
#8997 = DIRECTION ( 'NONE',  ( 0.0000000000000000000, -1.000000000000000000, 5.388269236739863411E-13 ) ) ;
#8998 =( NAMED_UNIT ( * ) SI_UNIT ( $, .STERADIAN. ) SOLID_ANGLE_UNIT ( ) );
#8999 = PLANE ( 'NONE',  #2201 ) ;
#9000 = CARTESIAN_POINT ( 'NONE',  ( -0.2142688494395414700, -0.3972215554997099440, 7.699999999999999289 ) ) ;
#9001 = ADVANCED_FACE ( 'NONE', ( #489 ), #7138, .T. ) ;
#9002 = CARTESIAN_POINT ( 'NONE',  ( 0.2357247483109165542, 0.7383957971868608805, 7.701000000000000512 ) ) ;
#9003 = UNCERTAINTY_MEASURE_WITH_UNIT (LENGTH_MEASURE( 1.000000000000000082E-05 ), #6208, 'distance_accuracy_value', 'NONE');
#9004 = EDGE_CURVE ( 'NONE', #5018, #9869, #2330, .T. ) ;
#9005 = ADVANCED_FACE ( 'NONE', ( #3875 ), #8684, .T. ) ;
#9006 = CARTESIAN_POINT ( 'NONE',  ( -1.081627333894218168, -1.285009036868465460, 7.701000000000000512 ) ) ;
#9007 = LINE ( 'NONE', #7269, #6136 ) ;
#9008 = ORIENTED_EDGE ( 'NONE', *, *, #6930, .T. ) ;
#9009 = CARTESIAN_POINT ( 'NONE',  ( -8.673617379884035472E-16, 4.336808689942017736E-16, 1.599999999999999867 ) ) ;
#9010 = CARTESIAN_POINT ( 'NONE',  ( 0.09482066273686690083, 0.6488593148530389376, 7.701000000000004952 ) ) ;
#9011 = DIRECTION ( 'NONE',  ( -0.0000000000000000000, -0.0000000000000000000, -1.000000000000000000 ) ) ;
#9012 = CARTESIAN_POINT ( 'NONE',  ( -0.9682748588229931341, 1.224806358137370044, 7.700000000000000178 ) ) ;
#9013 = CARTESIAN_POINT ( 'NONE',  ( 1.130209662779901647, -0.2096704607388426289, 7.699999999999998401 ) ) ;
#9014 = EDGE_CURVE ( 'NONE', #1098, #5715, #6152, .T. ) ;
#9015 = EDGE_CURVE ( 'NONE', #2702, #10105, #4593, .T. ) ;
#9016 = ORIENTED_EDGE ( 'NONE', *, *, #7132, .F. ) ;
#9017 =( LENGTH_UNIT ( ) NAMED_UNIT ( * ) SI_UNIT ( .MILLI., .METRE. ) );
#9018 =( LENGTH_UNIT ( ) NAMED_UNIT ( * ) SI_UNIT ( .MILLI., .METRE. ) );
#9019 = UNCERTAINTY_MEASURE_WITH_UNIT (LENGTH_MEASURE( 1.000000000000000082E-05 ), #1400, 'distance_accuracy_value', 'NONE');
#9020 = CARTESIAN_POINT ( 'NONE',  ( 1.853131385462634340, -1.564425640264000217, 7.700999999999999623 ) ) ;
#9021 = CARTESIAN_POINT ( 'NONE',  ( -1.310695236763734339, 0.7191878356285535956, 7.699999999999998401 ) ) ;
#9022 = CARTESIAN_POINT ( 'NONE',  ( -0.4198997215961965956, 0.09210611911209226621, 7.700000000000001066 ) ) ;
#9023 = ORIENTED_EDGE ( 'NONE', *, *, #9621, .F. ) ;
#9024 = CARTESIAN_POINT ( 'NONE',  ( 2.168404344971008868E-14, 2.168404344971008868E-14, 1.000000000000000000 ) ) ;
#9025 = CARTESIAN_POINT ( 'NONE',  ( 1.506185639239239649, -0.4956855550679459821, 7.701000000000002288 ) ) ;
#9026 = FILL_AREA_STYLE ('',( #9085 ) ) ;
#9027 = MECHANICAL_DESIGN_GEOMETRIC_PRESENTATION_REPRESENTATION (  '', ( #3023 ), #3346 ) ;
#9028 = CARTESIAN_POINT ( 'NONE',  ( 0.09482066273686690083, 0.6488593148530389376, 7.701000000000004952 ) ) ;
#9029 =( GEOMETRIC_REPRESENTATION_CONTEXT ( 3 ) GLOBAL_UNCERTAINTY_ASSIGNED_CONTEXT ( ( #9659 ) ) GLOBAL_UNIT_ASSIGNED_CONTEXT ( ( #8298, #9196, #9144 ) ) REPRESENTATION_CONTEXT ( 'NONE', 'WORKASPACE' ) );
#9030 = DIRECTION ( 'NONE',  ( -1.000000000000000000, -1.227398685832646557E-16, -0.0000000000000000000 ) ) ;
#9031 = ORIENTED_EDGE ( 'NONE', *, *, #4007, .T. ) ;
#9032 = CARTESIAN_POINT ( 'NONE',  ( 2.140823534941727502, -0.02375504491210915503, 7.701000000000001400 ) ) ;
#9033 = CARTESIAN_POINT ( 'NONE',  ( -1.459402778558030356, 0.8350480683122247783, 7.700999999999999623 ) ) ;
#9034 = PRESENTATION_LAYER_ASSIGNMENT (  '', '', ( #4043 ) ) ;
#9035 = SURFACE_STYLE_FILL_AREA ( #3448 ) ;
#9036 = VECTOR ( 'NONE', #973, 1000.000000000000000 ) ;
#9037 = CARTESIAN_POINT ( 'NONE',  ( 0.3722296867594966363, 0.7361401001337765093, 7.701000000000000512 ) ) ;
#9038 = CARTESIAN_POINT ( 'NONE',  ( -0.08776244977907922407, -0.2200534762623247709, 7.701000000000001400 ) ) ;
#9039 = CARTESIAN_POINT ( 'NONE',  ( 2.093251204729333459, 1.153961061217854356, 7.701000000000000512 ) ) ;
#9040 = MECHANICAL_DESIGN_GEOMETRIC_PRESENTATION_REPRESENTATION (  '', ( #2877 ), #4056 ) ;
#9041 = MECHANICAL_DESIGN_GEOMETRIC_PRESENTATION_REPRESENTATION (  '', ( #2352 ), #9728 ) ;
#9042 = ORIENTED_EDGE ( 'NONE', *, *, #7264, .F. ) ;
#9043 = ORIENTED_EDGE ( 'NONE', *, *, #2774, .F. ) ;
#9044 = AXIS2_PLACEMENT_3D ( 'NONE', #2782, #6065, #164 ) ;
#9045 =( LENGTH_UNIT ( ) NAMED_UNIT ( * ) SI_UNIT ( .MILLI., .METRE. ) );
#9046 = CARTESIAN_POINT ( 'NONE',  ( 1.919198240087740315, -0.2830516174000023422, 7.701000000000003176 ) ) ;
#9047 = FILL_AREA_STYLE ('',( #5585 ) ) ;
#9048 = VECTOR ( 'NONE', #3619, 1000.000000000000000 ) ;
#9049 = PRESENTATION_LAYER_ASSIGNMENT (  '', '', ( #4944 ) ) ;
#9050 = CLOSED_SHELL ( 'NONE', ( #6284, #3633, #8579, #4749, #6467, #1730, #1086, #5883, #1865, #4208, #3557, #9996, #5732, #9798, #6944 ) ) ;
#9051 = VERTEX_POINT ( 'NONE', #4545 ) ;
#9052 = DIRECTION ( 'NONE',  ( 0.0000000000000000000, 1.000000000000000000, 0.0000000000000000000 ) ) ;
#9053 = PRESENTATION_LAYER_ASSIGNMENT (  '', '', ( #3054 ) ) ;
#9054 =( LENGTH_UNIT ( ) NAMED_UNIT ( * ) SI_UNIT ( .MILLI., .METRE. ) );
#9055 = DIRECTION ( 'NONE',  ( -0.0000000000000000000, 0.0000000000000000000, -1.000000000000000000 ) ) ;
#9056 = CARTESIAN_POINT ( 'NONE',  ( 0.4088771311534046271, 0.5857983936182773466, 7.700000000000001954 ) ) ;
#9057 = CARTESIAN_POINT ( 'NONE',  ( -0.5427353214198598064, -0.03756017665639558439, 7.700000000000001066 ) ) ;
#9058 = ORIENTED_EDGE ( 'NONE', *, *, #97, .F. ) ;
#9059 = STYLED_ITEM ( 'NONE', ( #6847 ), #1545 ) ;
#9060 = VECTOR ( 'NONE', #7808, 1000.000000000000227 ) ;
#9061 = PRESENTATION_LAYER_ASSIGNMENT (  '', '', ( #3576 ) ) ;
#9062 = EDGE_CURVE ( 'NONE', #23, #7630, #2160, .T. ) ;
#9063 = EDGE_LOOP ( 'NONE', ( #3137, #2714, #8944, #6280 ) ) ;
#9064 = MECHANICAL_DESIGN_GEOMETRIC_PRESENTATION_REPRESENTATION (  '', ( #10104 ), #9917 ) ;
#9065 = CARTESIAN_POINT ( 'NONE',  ( 0.9971591472945752210, -1.446526565472309400, 7.700000000000001954 ) ) ;
#9066 = MECHANICAL_DESIGN_GEOMETRIC_PRESENTATION_REPRESENTATION (  '', ( #1363 ), #6684 ) ;
#9067 = DIRECTION ( 'NONE',  ( 0.0000000000000000000, -1.000000000000000000, 0.0000000000000000000 ) ) ;
#9068 = PRESENTATION_STYLE_ASSIGNMENT (( #9823 ) ) ;
#9069 = EDGE_LOOP ( 'NONE', ( #7827, #7390, #7511, #4292 ) ) ;
#9070 = LINE ( 'NONE', #7436, #7452 ) ;
#9071 = MECHANICAL_DESIGN_GEOMETRIC_PRESENTATION_REPRESENTATION (  '', ( #5656 ), #3759 ) ;
#9072 = CARTESIAN_POINT ( 'NONE',  ( 1.970852870559638204, -1.506092673193603293, 7.699999999999999289 ) ) ;
#9073 = SURFACE_STYLE_USAGE ( .BOTH. , #5756 ) ;
#9074 =( GEOMETRIC_REPRESENTATION_CONTEXT ( 3 ) GLOBAL_UNCERTAINTY_ASSIGNED_CONTEXT ( ( #2250 ) ) GLOBAL_UNIT_ASSIGNED_CONTEXT ( ( #3877, #44, #2489 ) ) REPRESENTATION_CONTEXT ( 'NONE', 'WORKASPACE' ) );
#9075 = PRESENTATION_STYLE_ASSIGNMENT (( #5820 ) ) ;
#9076 = EDGE_CURVE ( 'NONE', #6387, #2168, #2559, .T. ) ;
#9077 = EDGE_CURVE ( 'NONE', #8146, #9622, #9560, .T. ) ;
#9078 =( NAMED_UNIT ( * ) SI_UNIT ( $, .STERADIAN. ) SOLID_ANGLE_UNIT ( ) );
#9079 = CARTESIAN_POINT ( 'NONE',  ( 1.282125838424073017, -0.4560138373354040153, 7.700999999999999623 ) ) ;
#9080 = ORIENTED_EDGE ( 'NONE', *, *, #1480, .T. ) ;
#9081 = SURFACE_STYLE_USAGE ( .BOTH. , #944 ) ;
#9082 =( NAMED_UNIT ( * ) PLANE_ANGLE_UNIT ( ) SI_UNIT ( $, .RADIAN. ) );
#9083 = AXIS2_PLACEMENT_3D ( 'NONE', #4054, #7273, #6622 ) ;
#9084 = MECHANICAL_DESIGN_GEOMETRIC_PRESENTATION_REPRESENTATION (  '', ( #3766 ), #6202 ) ;
#9085 = FILL_AREA_STYLE_COLOUR ( '', #7184 ) ;
#9086 = EDGE_CURVE ( 'NONE', #9419, #5451, #8246, .T. ) ;
#9087 = CARTESIAN_POINT ( 'NONE',  ( 2.027767791623391158, -0.3633386768006893752, 7.699999999999999289 ) ) ;
#9088 = EDGE_LOOP ( 'NONE', ( #10325, #32, #5839, #7240 ) ) ;
#9089 = DIRECTION ( 'NONE',  ( 1.000000000000000000, -1.227398685832646557E-16, 0.0000000000000000000 ) ) ;
#9090 = VECTOR ( 'NONE', #9317, 1000.000000000000000 ) ;
#9091 = CARTESIAN_POINT ( 'NONE',  ( 2.110730245456643672, 0.05185493862245162816, 7.701000000000001400 ) ) ;
#9092 = CARTESIAN_POINT ( 'NONE',  ( 2.035705237722671423, -1.334555240607410154, 7.700000000000000178 ) ) ;
#9093 = DIRECTION ( 'NONE',  ( -1.000000000000000000, 0.0000000000000000000, 0.0000000000000000000 ) ) ;
#9094 = MECHANICAL_DESIGN_GEOMETRIC_PRESENTATION_REPRESENTATION (  '', ( #7750 ), #3938 ) ;
#9095 = SURFACE_SIDE_STYLE ('',( #4424 ) ) ;
#9096 = CARTESIAN_POINT ( 'NONE',  ( -0.3115995126259472059, -0.3833153908408293842, 7.701000000000001400 ) ) ;
#9097 = AXIS2_PLACEMENT_3D ( 'NONE', #8226, #3969, #885 ) ;
#9098 = ORIENTED_EDGE ( 'NONE', *, *, #3487, .F. ) ;
#9099 = VERTEX_POINT ( 'NONE', #3983 ) ;
#9100 = PRESENTATION_STYLE_ASSIGNMENT (( #5842 ) ) ;
#9101 = CARTESIAN_POINT ( 'NONE',  ( 0.2357247483109165542, 0.7383957971868608805, 7.700000000000000178 ) ) ;
#9102 = SURFACE_SIDE_STYLE ('',( #5899 ) ) ;
#9103 = VECTOR ( 'NONE', #8545, 1000.000000000000000 ) ;
#9104 = FILL_AREA_STYLE ('',( #4211 ) ) ;
#9105 =( NAMED_UNIT ( * ) PLANE_ANGLE_UNIT ( ) SI_UNIT ( $, .RADIAN. ) );
#9106 = VERTEX_POINT ( 'NONE', #3325 ) ;
#9107 = FILL_AREA_STYLE ('',( #3339 ) ) ;
#9108 = DIRECTION ( 'NONE',  ( 1.000000000000000000, 0.0000000000000000000, -0.0000000000000000000 ) ) ;
#9109 = CARTESIAN_POINT ( 'NONE',  ( 0.5983616437709846636, 0.7765438599567667799, 7.700000000000001066 ) ) ;
#9110 = ORIENTED_EDGE ( 'NONE', *, *, #522, .T. ) ;
#9111 = UNCERTAINTY_MEASURE_WITH_UNIT (LENGTH_MEASURE( 1.000000000000000082E-05 ), #4900, 'distance_accuracy_value', 'NONE');
#9112 = MECHANICAL_DESIGN_GEOMETRIC_PRESENTATION_REPRESENTATION (  '', ( #5530 ), #5870 ) ;
#9113 = VERTEX_POINT ( 'NONE', #43 ) ;
#9114 = PRESENTATION_LAYER_ASSIGNMENT (  '', '', ( #8451 ) ) ;
#9115 = CARTESIAN_POINT ( 'NONE',  ( 1.887922903097675853, -1.173115227243371805, 7.700000000000001066 ) ) ;
#9116 = CARTESIAN_POINT ( 'NONE',  ( 1.692823240631756487, -1.746689781151781418, 7.700000000000002842 ) ) ;
#9117 =( NAMED_UNIT ( * ) PLANE_ANGLE_UNIT ( ) SI_UNIT ( $, .RADIAN. ) );
#9118 = DIRECTION ( 'NONE',  ( -0.0000000000000000000, -0.0000000000000000000, -1.000000000000000000 ) ) ;
#9119 = CARTESIAN_POINT ( 'NONE',  ( 1.117066007617185219, -0.1866210762621360320, 7.700000000000001954 ) ) ;
#9120 = CARTESIAN_POINT ( 'NONE',  ( -0.1360109584789133130, 0.8928900860487990476, 7.700999999999998735 ) ) ;
#9121 = ORIENTED_EDGE ( 'NONE', *, *, #6539, .T. ) ;
#9122 =( GEOMETRIC_REPRESENTATION_CONTEXT ( 3 ) GLOBAL_UNCERTAINTY_ASSIGNED_CONTEXT ( ( #3429 ) ) GLOBAL_UNIT_ASSIGNED_CONTEXT ( ( #5852, #4993, #9274 ) ) REPRESENTATION_CONTEXT ( 'NONE', 'WORKASPACE' ) );
#9123 = EDGE_CURVE ( 'NONE', #9204, #3615, #4086, .T. ) ;
#9124 = CARTESIAN_POINT ( 'NONE',  ( 1.147728627196940687, 0.1763450374347546590, 7.700000000000001954 ) ) ;
#9125 = COLOUR_RGB ( '',0.0000000000000000000, 0.0000000000000000000, 0.0000000000000000000 ) ;
#9126 = UNCERTAINTY_MEASURE_WITH_UNIT (LENGTH_MEASURE( 1.000000000000000082E-05 ), #9166, 'distance_accuracy_value', 'NONE');
#9127 = CARTESIAN_POINT ( 'NONE',  ( 2.007782352269932069, -1.465492452968370829, 7.700999999999997847 ) ) ;
#9128 = SURFACE_SIDE_STYLE ('',( #8651 ) ) ;
#9129 = CARTESIAN_POINT ( 'NONE',  ( -1.492530056027409069, 1.068946704914435442, 7.701000000000000512 ) ) ;
#9130 = FILL_AREA_STYLE ('',( #8228 ) ) ;
#9131 = CARTESIAN_POINT ( 'NONE',  ( 1.009552729232102708, -0.2296740569130875098, 7.699999999999999289 ) ) ;
#9132 = ORIENTED_EDGE ( 'NONE', *, *, #4555, .F. ) ;
#9133 = FACE_OUTER_BOUND ( 'NONE', #6882, .T. ) ;
#9134 = CARTESIAN_POINT ( 'NONE',  ( -1.215978902684368812, 0.7184261498741707497, 7.699999999999998401 ) ) ;
#9135 = AXIS2_PLACEMENT_3D ( 'NONE', #8450, #290, #1815 ) ;
#9136 =( LENGTH_UNIT ( ) NAMED_UNIT ( * ) SI_UNIT ( .MILLI., .METRE. ) );
#9137 = CARTESIAN_POINT ( 'NONE',  ( 1.919237200864919668, 0.06929291314299113047, 7.699999999999999289 ) ) ;
#9138 = SURFACE_SIDE_STYLE ('',( #5987 ) ) ;
#9139 = VERTEX_POINT ( 'NONE', #8937 ) ;
#9140 = EDGE_CURVE ( 'NONE', #9528, #9275, #5618, .T. ) ;
#9141 = FILL_AREA_STYLE ('',( #10159 ) ) ;
#9142 = PRESENTATION_LAYER_ASSIGNMENT (  '', '', ( #6085 ) ) ;
#9143 = CARTESIAN_POINT ( 'NONE',  ( -1.492530056027409069, 1.017141081542039638, 7.701000000000000512 ) ) ;
#9144 =( NAMED_UNIT ( * ) SI_UNIT ( $, .STERADIAN. ) SOLID_ANGLE_UNIT ( ) );
#9145 = ADVANCED_FACE ( 'NONE', ( #1638 ), #9945, .F. ) ;
#9146 = CARTESIAN_POINT ( 'NONE',  ( 0.0000000000000000000, -1.100000000000000089, 0.2999999999999999889 ) ) ;
#9147 = CARTESIAN_POINT ( 'NONE',  ( 0.04814775440799547862, 0.02399190514000253127, 7.700000000000000178 ) ) ;
#9148 = B_SPLINE_CURVE_WITH_KNOTS ( 'NONE', 3,
 ( #9599, #4778, #3798, #715, #10365, #5634, #7106, #1339, #10517, #3046, #10416, #6350, #7901, #8760, #2244, #3950, #10307, #4834, #7960 ),
 .UNSPECIFIED., .F., .F.,
 ( 4, 1, 1, 1, 1, 1, 1, 1, 1, 1, 1, 1, 1, 1, 1, 1, 4 ),
 ( 0.0000000000000000000, 0.09740740189187964415, 0.1884696562417149113, 0.2736508078079416539, 0.3527965507480324003, 0.4264401553664737832, 0.4945451753022213071, 0.5577103911930282321, 0.6159629279777022459, 0.6701368312172598651, 0.7205132282169417479, 0.7684108135375797843, 0.8142247872934238462, 0.8591969544233386546, 0.9045728410396771668, 0.9512072231381230036, 1.000000000000000000 ),
 .UNSPECIFIED. ) ;
#9149 = CARTESIAN_POINT ( 'NONE',  ( 1.568996007524917191, -0.3409063510848060474, 7.700000000000000178 ) ) ;
#9150 = CARTESIAN_POINT ( 'NONE',  ( -1.293379769920661504, 0.5624377397224122888, 7.700999999999997847 ) ) ;
#9151 = FILL_AREA_STYLE ('',( #8465 ) ) ;
#9152 = PRESENTATION_LAYER_ASSIGNMENT (  '', '', ( #7810 ) ) ;
#9153 = ORIENTED_EDGE ( 'NONE', *, *, #5493, .F. ) ;
#9154 = ADVANCED_FACE ( 'NONE', ( #3227 ), #8135, .T. ) ;
#9155 = ORIENTED_EDGE ( 'NONE', *, *, #7927, .F. ) ;
#9156 = CARTESIAN_POINT ( 'NONE',  ( 1.333419584706074801, -1.726591513596082317, 7.701000000000000512 ) ) ;
#9157 = CARTESIAN_POINT ( 'NONE',  ( -3.299999999999998934, -1.300000000000000044, 1.000000000000000000 ) ) ;
#9158 = PLANE ( 'NONE',  #1554 ) ;
#9159 = CARTESIAN_POINT ( 'NONE',  ( 3.299999999999999822, -1.858578643762676341, 0.6999999999999999556 ) ) ;
#9160 = VECTOR ( 'NONE', #1734, 1000.000000000000114 ) ;
#9161 = DIRECTION ( 'NONE',  ( -1.000000000000000000, 0.0000000000000000000, -0.0000000000000000000 ) ) ;
#9162 = PRESENTATION_STYLE_ASSIGNMENT (( #1121 ) ) ;
#9163 = PLANE ( 'NONE',  #9716 ) ;
#9164 = CARTESIAN_POINT ( 'NONE',  ( -0.4067191989452216827, 0.1449068118527931381, 7.699999999999999289 ) ) ;
#9165 = CARTESIAN_POINT ( 'NONE',  ( -0.5193209717570305139, 0.1804435739868439914, 7.701000000000000512 ) ) ;
#9166 =( LENGTH_UNIT ( ) NAMED_UNIT ( * ) SI_UNIT ( .MILLI., .METRE. ) );
#9167 = DIRECTION ( 'NONE',  ( 1.000000000000000000, 0.0000000000000000000, -0.0000000000000000000 ) ) ;
#9168 = CARTESIAN_POINT ( 'NONE',  ( 0.5863400452148918029, 0.7462043510914057043, 7.700000000000002842 ) ) ;
#9169 = CARTESIAN_POINT ( 'NONE',  ( 0.02852317962957789596, 0.8797912196760592218, 7.701000000000001400 ) ) ;
#9170 = CARTESIAN_POINT ( 'NONE',  ( -0.3746628193616897695, 1.233122264752798625, 7.700000000000000178 ) ) ;
#9171 = CARTESIAN_POINT ( 'NONE',  ( -0.9682748588229931341, 0.3533775587264474938, 7.700000000000000178 ) ) ;
#9172 = SURFACE_STYLE_USAGE ( .BOTH. , #5157 ) ;
#9173 = EDGE_LOOP ( 'NONE', ( #7623, #2890, #8652, #6212, #267, #1546 ) ) ;
#9174 = DIRECTION ( 'NONE',  ( -0.9358337227334572184, -0.3524418298029316499, 0.0000000000000000000 ) ) ;
#9175 = FILL_AREA_STYLE_COLOUR ( '', #1207 ) ;
#9176 =( NAMED_UNIT ( * ) SI_UNIT ( $, .STERADIAN. ) SOLID_ANGLE_UNIT ( ) );
#9177 =( LENGTH_UNIT ( ) NAMED_UNIT ( * ) SI_UNIT ( .MILLI., .METRE. ) );
#9178 = ORIENTED_EDGE ( 'NONE', *, *, #10056, .F. ) ;
#9179 = CARTESIAN_POINT ( 'NONE',  ( 1.333373719291305992, 0.2566148049587326230, 7.701000000000000512 ) ) ;
#9180 = CARTESIAN_POINT ( 'NONE',  ( 1.991205896491950789, -1.486792461402305587, 7.700000000000000178 ) ) ;
#9181 = DIRECTION ( 'NONE',  ( -1.000000000000000000, 0.0000000000000000000, 0.0000000000000000000 ) ) ;
#9182 =( GEOMETRIC_REPRESENTATION_CONTEXT ( 3 ) GLOBAL_UNCERTAINTY_ASSIGNED_CONTEXT ( ( #7095 ) ) GLOBAL_UNIT_ASSIGNED_CONTEXT ( ( #4050, #9862, #14 ) ) REPRESENTATION_CONTEXT ( 'NONE', 'WORKASPACE' ) );
#9183 = CARTESIAN_POINT ( 'NONE',  ( -0.01513176586096121393, -0.3514865678908605240, 7.700000000000003730 ) ) ;
#9184 = ORIENTED_EDGE ( 'NONE', *, *, #10397, .F. ) ;
#9185 = CARTESIAN_POINT ( 'NONE',  ( -0.9682748588229931341, 0.8887339808754176618, 7.700000000000000178 ) ) ;
#9186 = CARTESIAN_POINT ( 'NONE',  ( -1.492395200446157810, 1.005178692037176580, 7.700000000000001066 ) ) ;
#9187 = CARTESIAN_POINT ( 'NONE',  ( 0.9884906633286032474, -0.1214693845204695144, 7.700000000000001066 ) ) ;
#9188 = ORIENTED_EDGE ( 'NONE', *, *, #9386, .F. ) ;
#9189 =( NAMED_UNIT ( * ) SI_UNIT ( $, .STERADIAN. ) SOLID_ANGLE_UNIT ( ) );
#9190 = CARTESIAN_POINT ( 'NONE',  ( -1.098240571212065975, 0.8348785901313295899, 7.700000000000001066 ) ) ;
#9191 = FACE_OUTER_BOUND ( 'NONE', #9596, .T. ) ;
#9192 = SURFACE_SIDE_STYLE ('',( #2136 ) ) ;
#9193 = ORIENTED_EDGE ( 'NONE', *, *, #5020, .T. ) ;
#9194 = FILL_AREA_STYLE ('',( #1052 ) ) ;
#9195 = DIRECTION ( 'NONE',  ( -1.000000000000000000, 0.0000000000000000000, 0.0000000000000000000 ) ) ;
#9196 =( NAMED_UNIT ( * ) PLANE_ANGLE_UNIT ( ) SI_UNIT ( $, .RADIAN. ) );
#9197 = CARTESIAN_POINT ( 'NONE',  ( -0.02706579261194554109, -0.1742552557156597237, 7.700000000000001954 ) ) ;
#9198 = COLOUR_RGB ( '',0.0000000000000000000, 0.0000000000000000000, 0.0000000000000000000 ) ;
#9199 = CARTESIAN_POINT ( 'NONE',  ( -2.073461490767437354, 0.6082308833847103191, 7.701000000000000512 ) ) ;
#9200 = EDGE_CURVE ( 'NONE', #2571, #10289, #10248, .T. ) ;
#9201 = DIRECTION ( 'NONE',  ( -0.0000000000000000000, -0.0000000000000000000, -1.000000000000000000 ) ) ;
#9202 = ORIENTED_EDGE ( 'NONE', *, *, #6455, .F. ) ;
#9203 = VECTOR ( 'NONE', #1908, 1000.000000000000000 ) ;
#9204 = VERTEX_POINT ( 'NONE', #8345 ) ;
#9205 = CARTESIAN_POINT ( 'NONE',  ( 0.5051949119210237260, 0.9389898633776990744, 7.700000000000000178 ) ) ;
#9206 = COLOUR_RGB ( '',0.0000000000000000000, 0.0000000000000000000, 0.0000000000000000000 ) ;
#9207 = DIRECTION ( 'NONE',  ( 0.0000000000000000000, -1.000000000000000000, 0.0000000000000000000 ) ) ;
#9208 = CARTESIAN_POINT ( 'NONE',  ( 0.4626877337693144909, 0.05582731166448170329, 7.700000000000000178 ) ) ;
#9209 = LINE ( 'NONE', #6812, #8180 ) ;
#9210 = DIRECTION ( 'NONE',  ( 1.221593242852756957E-16, -0.0000000000000000000, -1.000000000000000000 ) ) ;
#9211 = CARTESIAN_POINT ( 'NONE',  ( 1.189120717648108672, -0.4159501394975528288, 7.700000000000000178 ) ) ;
#9212 = ADVANCED_FACE ( 'NONE', ( #1947 ), #4419, .T. ) ;
#9213 = SURFACE_STYLE_FILL_AREA ( #10180 ) ;
#9214 = ORIENTED_EDGE ( 'NONE', *, *, #2389, .F. ) ;
#9215 = CARTESIAN_POINT ( 'NONE',  ( 2.035690977191942252, -0.1346860403947136020, 7.700999999999999623 ) ) ;
#9216 = EDGE_CURVE ( 'NONE', #8611, #6696, #8373, .T. ) ;
#9217 = CIRCLE ( 'NONE', #10054, 0.2000000000000000944 ) ;
#9218 = VECTOR ( 'NONE', #7201, 1000.000000000000000 ) ;
#9219 = CARTESIAN_POINT ( 'NONE',  ( -0.06572190064978278290, -0.2076363021390852104, 7.700000000000000178 ) ) ;
#9220 = DIRECTION ( 'NONE',  ( -1.000000000000000000, 0.0000000000000000000, 0.0000000000000000000 ) ) ;
#9221 = PRESENTATION_STYLE_ASSIGNMENT (( #3341 ) ) ;
#9222 = VERTEX_POINT ( 'NONE', #6906 ) ;
#9223 = PRODUCT_DEFINITION_CONTEXT ( 'detailed design', #2692, 'design' ) ;
#9224 = VECTOR ( 'NONE', #7872, 1000.000000000000000 ) ;
#9225 = CARTESIAN_POINT ( 'NONE',  ( -0.07393013485396324191, 0.9933341498664413072, 7.699999999999997513 ) ) ;
#9226 = MECHANICAL_DESIGN_GEOMETRIC_PRESENTATION_REPRESENTATION (  '', ( #9737 ), #5464 ) ;
#9227 = CLOSED_SHELL ( 'NONE', ( #9678, #5005, #4348, #6278, #9812, #9212, #10198, #6213 ) ) ;
#9228 = LINE ( 'NONE', #7685, #2210 ) ;
#9229 = FACE_OUTER_BOUND ( 'NONE', #7049, .T. ) ;
#9230 = MECHANICAL_DESIGN_GEOMETRIC_PRESENTATION_REPRESENTATION (  '', ( #7023 ), #2536 ) ;
#9231 = ORIENTED_EDGE ( 'NONE', *, *, #765, .F. ) ;
#9232 = CARTESIAN_POINT ( 'NONE',  ( 0.5049296523788033841, 0.9488178823692862141, 7.701000000000001400 ) ) ;
#9233 = CARTESIAN_POINT ( 'NONE',  ( 1.167139144490195735, -0.2502706809640748986, 7.699999999999998401 ) ) ;
#9234 = CARTESIAN_POINT ( 'NONE',  ( 1.750506843187357386, -0.4824849155068109963, 7.700999999999998735 ) ) ;
#9235 = AXIS2_PLACEMENT_3D ( 'NONE', #2007, #4544, #5300 ) ;
#9236 = PRESENTATION_LAYER_ASSIGNMENT (  '', '', ( #8042 ) ) ;
#9237 = VECTOR ( 'NONE', #2151, 1000.000000000000000 ) ;
#9238 = VERTEX_POINT ( 'NONE', #3660 ) ;
#9239 = CARTESIAN_POINT ( 'NONE',  ( 1.547733973726830081, 0.2821658913889863451, 7.700999999999999623 ) ) ;
#9240 = UNCERTAINTY_MEASURE_WITH_UNIT (LENGTH_MEASURE( 1.000000000000000082E-05 ), #6792, 'distance_accuracy_value', 'NONE');
#9241 = VECTOR ( 'NONE', #9722, 1000.000000000000000 ) ;
#9242 = EDGE_LOOP ( 'NONE', ( #7984, #8691, #8722, #9292 ) ) ;
#9243 = CARTESIAN_POINT ( 'NONE',  ( -1.477969299938868497, 0.8871885756818428392, 7.700000000000000178 ) ) ;
#9244 = LINE ( 'NONE', #1883, #8912 ) ;
#9245 = EDGE_LOOP ( 'NONE', ( #5185, #6272, #8416, #5528 ) ) ;
#9246 = MECHANICAL_DESIGN_GEOMETRIC_PRESENTATION_REPRESENTATION (  '', ( #7890 ), #7371 ) ;
#9247 = LINE ( 'NONE', #6551, #606 ) ;
#9248 = FILL_AREA_STYLE_COLOUR ( '', #9803 ) ;
#9249 = CARTESIAN_POINT ( 'NONE',  ( 1.110450697839789669, -0.3633350580287376119, 7.700999999999997847 ) ) ;
#9250 =( NAMED_UNIT ( * ) PLANE_ANGLE_UNIT ( ) SI_UNIT ( $, .RADIAN. ) );
#9251 = CARTESIAN_POINT ( 'NONE',  ( -0.2816489445471436204, 1.013582736401253737, 7.700000000000002842 ) ) ;
#9252 = VERTEX_POINT ( 'NONE', #10162 ) ;
#9253 = DIRECTION ( 'NONE',  ( -1.227398685832646557E-16, -1.000000000000000000, 0.0000000000000000000 ) ) ;
#9254 = PRESENTATION_STYLE_ASSIGNMENT (( #9999 ) ) ;
#9255 = CARTESIAN_POINT ( 'NONE',  ( 0.4999999999999995559, -3.299999999999999822, -0.0000000000000000000 ) ) ;
#9256 =( NAMED_UNIT ( * ) SI_UNIT ( $, .STERADIAN. ) SOLID_ANGLE_UNIT ( ) );
#9257 = VERTEX_POINT ( 'NONE', #9303 ) ;
#9258 = AXIS2_PLACEMENT_3D ( 'NONE', #3305, #3155, #8112 ) ;
#9259 = ORIENTED_EDGE ( 'NONE', *, *, #4275, .T. ) ;
#9260 = PRESENTATION_STYLE_ASSIGNMENT (( #1794 ) ) ;
#9261 = EDGE_CURVE ( 'NONE', #4245, #10317, #7868, .T. ) ;
#9262 = CARTESIAN_POINT ( 'NONE',  ( -0.3820186993795131603, -0.1640759218389085672, 7.700999999999998735 ) ) ;
#9263 = STYLED_ITEM ( 'NONE', ( #7074 ), #6482 ) ;
#9264 = DIRECTION ( 'NONE',  ( -0.0000000000000000000, -0.0000000000000000000, -1.000000000000000000 ) ) ;
#9265 = CARTESIAN_POINT ( 'NONE',  ( 2.007782352269932069, -0.2096704607388427954, 7.700999999999997847 ) ) ;
#9266 = CARTESIAN_POINT ( 'NONE',  ( -1.858578643762690330, -3.299999999999999822, 0.2999999999999999889 ) ) ;
#9267 = CARTESIAN_POINT ( 'NONE',  ( 1.101716121119868719, -1.371973140031787608, 7.699999999999999289 ) ) ;
#9268 = FILL_AREA_STYLE_COLOUR ( '', #2710 ) ;
#9269 = ORIENTED_EDGE ( 'NONE', *, *, #245, .T. ) ;
#9270 = VECTOR ( 'NONE', #192, 1000.000000000000000 ) ;
#9271 = CARTESIAN_POINT ( 'NONE',  ( 0.4721005520403041000, 1.099801510605850074, 7.701000000000000512 ) ) ;
#9272 = AXIS2_PLACEMENT_3D ( 'NONE', #1786, #3380, #5887 ) ;
#9273 = CARTESIAN_POINT ( 'NONE',  ( 0.04349010589171211499, -0.01168317895830453014, 7.700000000000001066 ) ) ;
#9274 =( NAMED_UNIT ( * ) SI_UNIT ( $, .STERADIAN. ) SOLID_ANGLE_UNIT ( ) );
#9275 = VERTEX_POINT ( 'NONE', #8514 ) ;
#9276 = EDGE_CURVE ( 'NONE', #131, #4354, #9351, .T. ) ;
#9277 = PRESENTATION_LAYER_ASSIGNMENT (  '', '', ( #3944 ) ) ;
#9278 = EDGE_CURVE ( 'NONE', #6387, #3329, #4256, .T. ) ;
#9279 = CARTESIAN_POINT ( 'NONE',  ( 0.3166533459019524321, 0.7290430768443273424, 7.700000000000001066 ) ) ;
#9280 = CARTESIAN_POINT ( 'NONE',  ( 2.007782352269932069, -0.2096704607388427954, 7.699999999999996625 ) ) ;
#9281 = CARTESIAN_POINT ( 'NONE',  ( 0.1622685830803807794, 0.7695972488748396012, 7.701000000000002288 ) ) ;
#9282 = EDGE_CURVE ( 'NONE', #295, #3311, #3723, .T. ) ;
#9283 = VERTEX_POINT ( 'NONE', #5992 ) ;
#9284 = FILL_AREA_STYLE_COLOUR ( '', #1231 ) ;
#9285 = CARTESIAN_POINT ( 'NONE',  ( 1.949095422145334267, -1.671778415552940711, 7.701000000000000512 ) ) ;
#9286 = CARTESIAN_POINT ( 'NONE',  ( 0.4400878336105685795, 1.172987552826100455, 7.700000000000001066 ) ) ;
#9287 = CARTESIAN_POINT ( 'NONE',  ( 1.904212376553841901, -1.693427167968483804, 7.701000000000000512 ) ) ;
#9288 = CARTESIAN_POINT ( 'NONE',  ( -0.3874558292648735969, 1.054777645530532437, 7.701000000000000512 ) ) ;
#9289 = MANIFOLD_SOLID_BREP ( 'Extrude6[4]', #6153 ) ;
#9290 = PRODUCT_DEFINITION_SHAPE ( 'NONE', 'NONE',  #1782 ) ;
#9291 = ORIENTED_EDGE ( 'NONE', *, *, #2389, .T. ) ;
#9292 = ORIENTED_EDGE ( 'NONE', *, *, #6282, .T. ) ;
#9293 = CARTESIAN_POINT ( 'NONE',  ( 0.4084028551743391078, 0.7501983291835454537, 7.700999999999999623 ) ) ;
#9294 = CARTESIAN_POINT ( 'NONE',  ( -2.073461490767437354, -1.285009036868465460, 7.700000000000000178 ) ) ;
#9295 = ORIENTED_EDGE ( 'NONE', *, *, #6556, .T. ) ;
#9296 =( LENGTH_UNIT ( ) NAMED_UNIT ( * ) SI_UNIT ( .MILLI., .METRE. ) );
#9297 = CARTESIAN_POINT ( 'NONE',  ( 1.250069111952158307, 0.08270676498615642247, 7.701000000000002288 ) ) ;
#9298 = FACE_BOUND ( 'NONE', #4938, .T. ) ;
#9299 = STYLED_ITEM ( 'NONE', ( #4395 ), #3557 ) ;
#9300 = CARTESIAN_POINT ( 'NONE',  ( -0.1730817737297938586, 0.9298927345083135565, 7.699999999999999289 ) ) ;
#9301 = MECHANICAL_DESIGN_GEOMETRIC_PRESENTATION_REPRESENTATION (  '', ( #7268 ), #754 ) ;
#9302 = ORIENTED_EDGE ( 'NONE', *, *, #300, .F. ) ;
#9303 = CARTESIAN_POINT ( 'NONE',  ( 0.04647161436715990801, 0.1833488461196098873, 7.701000000000000512 ) ) ;
#9304 = STYLED_ITEM ( 'NONE', ( #5707 ), #2658 ) ;
#9305 = DIRECTION ( 'NONE',  ( 0.0000000000000000000, 0.0000000000000000000, -1.000000000000000000 ) ) ;
#9306 = CARTESIAN_POINT ( 'NONE',  ( 0.03656901930665808209, -0.04489513873423531254, 7.700000000000000178 ) ) ;
#9307 = DIRECTION ( 'NONE',  ( 1.000000000000000000, 0.0000000000000000000, 0.0000000000000000000 ) ) ;
#9308 = SURFACE_SIDE_STYLE ('',( #2709 ) ) ;
#9309 = CARTESIAN_POINT ( 'NONE',  ( -1.544826785087085375, 0.7575166541785746110, 7.700999999999999623 ) ) ;
#9310 = CARTESIAN_POINT ( 'NONE',  ( 2.036574967193720553, -1.362496080374185903, 7.701000000000001400 ) ) ;
#9311 = STYLED_ITEM ( 'NONE', ( #4532 ), #3881 ) ;
#9312 = ORIENTED_EDGE ( 'NONE', *, *, #7068, .F. ) ;
#9313 = LINE ( 'NONE', #8522, #8304 ) ;
#9314 = CARTESIAN_POINT ( 'NONE',  ( -0.4058497167683351448, -0.1270841097091136851, 7.701000000000002288 ) ) ;
#9315 = FACE_OUTER_BOUND ( 'NONE', #4137, .T. ) ;
#9316 = CARTESIAN_POINT ( 'NONE',  ( 1.513545869038880110, -1.129629892381771583, 7.700999999999999623 ) ) ;
#9317 = DIRECTION ( 'NONE',  ( -0.0000000000000000000, -0.0000000000000000000, -1.000000000000000000 ) ) ;
#9318 =( NAMED_UNIT ( * ) PLANE_ANGLE_UNIT ( ) SI_UNIT ( $, .RADIAN. ) );
#9319 = AXIS2_PLACEMENT_3D ( 'NONE', #5691, #8148, #6612 ) ;
#9320 = CARTESIAN_POINT ( 'NONE',  ( -8.673617379884035472E-16, 4.336808689942017736E-16, 0.6999999999999999556 ) ) ;
#9321 = ORIENTED_EDGE ( 'NONE', *, *, #10340, .T. ) ;
#9322 = VECTOR ( 'NONE', #1874, 1000.000000000000000 ) ;
#9323 = PRESENTATION_STYLE_ASSIGNMENT (( #5905 ) ) ;
#9324 = CARTESIAN_POINT ( 'NONE',  ( 0.02788663498675176405, -0.07568763524242287655, 7.701000000000000512 ) ) ;
#9325 = EDGE_LOOP ( 'NONE', ( #1916, #8070, #7465, #498 ) ) ;
#9326 = UNCERTAINTY_MEASURE_WITH_UNIT (LENGTH_MEASURE( 1.000000000000000082E-05 ), #7802, 'distance_accuracy_value', 'NONE');
#9327 = CARTESIAN_POINT ( 'NONE',  ( 2.029895727345534695, -0.1615091125219313417, 7.700000000000001954 ) ) ;
#9328 = CARTESIAN_POINT ( 'NONE',  ( 0.05178501163612357627, 0.1018767546621669046, 7.701000000000001400 ) ) ;
#9329 = ORIENTED_EDGE ( 'NONE', *, *, #6934, .F. ) ;
#9330 = CARTESIAN_POINT ( 'NONE',  ( -1.099865732994015133, 0.5915213731628926608, 7.700999999999997847 ) ) ;
#9331 = CARTESIAN_POINT ( 'NONE',  ( 2.128453715729373030, -1.485505518202610453, 7.700999999999999623 ) ) ;
#9332 = FACE_OUTER_BOUND ( 'NONE', #9665, .T. ) ;
#9333 = EDGE_CURVE ( 'NONE', #3990, #4324, #7666, .T. ) ;
#9334 = FILL_AREA_STYLE ('',( #2799 ) ) ;
#9335 = CARTESIAN_POINT ( 'NONE',  ( -0.3874558292648735969, 0.1975179055035130304, 7.700000000000000178 ) ) ;
#9336 = EDGE_CURVE ( 'NONE', #2494, #2288, #632, .T. ) ;
#9337 = ORIENTED_EDGE ( 'NONE', *, *, #10238, .F. ) ;
#9338 = CARTESIAN_POINT ( 'NONE',  ( 0.5021780607383964368, 0.8928209720837009256, 7.701000000000000512 ) ) ;
#9339 = DIRECTION ( 'NONE',  ( -0.0000000000000000000, -0.0000000000000000000, -1.000000000000000000 ) ) ;
#9340 = EDGE_LOOP ( 'NONE', ( #10558, #2828, #5168, #10449 ) ) ;
#9341 = FILL_AREA_STYLE ('',( #3754 ) ) ;
#9342 = CARTESIAN_POINT ( 'NONE',  ( 1.102301037857891464, -1.390508032624242274, 7.700000000000000178 ) ) ;
#9343 = ADVANCED_FACE ( 'NONE', ( #7821 ), #7176, .T. ) ;
#9344 = EDGE_CURVE ( 'NONE', #4034, #72, #532, .T. ) ;
#9345 = SURFACE_STYLE_FILL_AREA ( #3698 ) ;
#9346 = CARTESIAN_POINT ( 'NONE',  ( -1.242357601280369206, 0.5588605670939227332, 7.700000000000000178 ) ) ;
#9347 = ORIENTED_EDGE ( 'NONE', *, *, #4083, .T. ) ;
#9348 = DIRECTION ( 'NONE',  ( -0.7571567291791881926, -0.6532332565467510177, 0.0000000000000000000 ) ) ;
#9349 = UNCERTAINTY_MEASURE_WITH_UNIT (LENGTH_MEASURE( 1.000000000000000082E-05 ), #2929, 'distance_accuracy_value', 'NONE');
#9350 = CARTESIAN_POINT ( 'NONE',  ( 0.0000000000000000000, -1.100000000000000089, 0.2999999999999999889 ) ) ;
#9351 = LINE ( 'NONE', #5075, #6664 ) ;
#9352 = FACE_OUTER_BOUND ( 'NONE', #958, .T. ) ;
#9353 = CARTESIAN_POINT ( 'NONE',  ( 0.4000000000000000222, -3.649999999999999911, 0.2999999999999999889 ) ) ;
#9354 = DIRECTION ( 'NONE',  ( 0.9999985590357377552, 0.001697623765138310883, 0.0000000000000000000 ) ) ;
#9355 = FILL_AREA_STYLE ('',( #2712 ) ) ;
#9356 = ORIENTED_EDGE ( 'NONE', *, *, #9735, .T. ) ;
#9357 = ORIENTED_EDGE ( 'NONE', *, *, #2191, .F. ) ;
#9358 = CARTESIAN_POINT ( 'NONE',  ( 1.146707390166274543, -1.238629720337319995, 7.700000000000001954 ) ) ;
#9359 = FILL_AREA_STYLE_COLOUR ( '', #551 ) ;
#9360 = SURFACE_SIDE_STYLE ('',( #6112 ) ) ;
#9361 = AXIS2_PLACEMENT_3D ( 'NONE', #2129, #10468, #4668 ) ;
#9362 = CARTESIAN_POINT ( 'NONE',  ( -0.9682748588229931341, -1.837602352840687958, 7.701000000000000512 ) ) ;
#9363 = DIRECTION ( 'NONE',  ( -1.227398685832646557E-16, -1.000000000000000000, 0.0000000000000000000 ) ) ;
#9364 = CARTESIAN_POINT ( 'NONE',  ( 3.270710678118654791, -1.929289321881331398, 0.6999999999999999556 ) ) ;
#9365 = CARTESIAN_POINT ( 'NONE',  ( 1.460530245480272438, -1.593261426377926337, 7.700000000000002842 ) ) ;
#9366 = ORIENTED_EDGE ( 'NONE', *, *, #7719, .F. ) ;
#9367 = CARTESIAN_POINT ( 'NONE',  ( 1.991205896491950345, -0.2309704691727770265, 7.700999999999999623 ) ) ;
#9368 = MECHANICAL_DESIGN_GEOMETRIC_PRESENTATION_REPRESENTATION (  '', ( #1827 ), #4398 ) ;
#9369 = COLOUR_RGB ( '',1.000000000000000000, 1.000000000000000000, 1.000000000000000000 ) ;
#9370 = VECTOR ( 'NONE', #3982, 1000.000000000000000 ) ;
#9371 = VERTEX_POINT ( 'NONE', #3763 ) ;
#9372 = PRESENTATION_STYLE_ASSIGNMENT (( #6120 ) ) ;
#9373 = DIRECTION ( 'NONE',  ( -1.000000000000000000, 0.0000000000000000000, -1.376764663473655970E-16 ) ) ;
#9374 =( NAMED_UNIT ( * ) PLANE_ANGLE_UNIT ( ) SI_UNIT ( $, .RADIAN. ) );
#9375 = VECTOR ( 'NONE', #4438, 1000.000000000000000 ) ;
#9376 = CARTESIAN_POINT ( 'NONE',  ( 0.06865954094141678288, -0.2779966841637466213, 7.700000000000001954 ) ) ;
#9377 = VERTEX_POINT ( 'NONE', #6377 ) ;
#9378 = CARTESIAN_POINT ( 'NONE',  ( -1.231495673264163315, 0.5590951339825360744, 7.701000000000001400 ) ) ;
#9379 = CARTESIAN_POINT ( 'NONE',  ( 0.9880645727848885729, -1.362938863479932650, 7.701000000000000512 ) ) ;
#9380 = PLANE ( 'NONE',  #758 ) ;
#9381 = DIRECTION ( 'NONE',  ( -1.714635274194812488E-16, 1.000000000000000000, -0.0000000000000000000 ) ) ;
#9382 = AXIS2_PLACEMENT_3D ( 'NONE', #7292, #7406, #8987 ) ;
#9383 = CLOSED_SHELL ( 'NONE', ( #4150, #4541, #7985, #1214, #8243, #3347, #6868, #7913, #4071 ) ) ;
#9384 = FILL_AREA_STYLE ('',( #568 ) ) ;
#9385 = STYLED_ITEM ( 'NONE', ( #8011 ), #6868 ) ;
#9386 = EDGE_CURVE ( 'NONE', #6870, #1855, #5809, .T. ) ;
#9387 = VERTEX_POINT ( 'NONE', #5559 ) ;
#9388 = CARTESIAN_POINT ( 'NONE',  ( -0.9688646006334601379, 0.8507360026619501525, 7.701000000000001400 ) ) ;
#9389 = CARTESIAN_POINT ( 'NONE',  ( -0.9682748588229931341, 0.1868911109655856662, 7.700000000000000178 ) ) ;
#9390 = SURFACE_STYLE_USAGE ( .BOTH. , #4629 ) ;
#9391 =( GEOMETRIC_REPRESENTATION_CONTEXT ( 3 ) GLOBAL_UNCERTAINTY_ASSIGNED_CONTEXT ( ( #7014 ) ) GLOBAL_UNIT_ASSIGNED_CONTEXT ( ( #8908, #5636, #4780 ) ) REPRESENTATION_CONTEXT ( 'NONE', 'WORKASPACE' ) );
#9392 = SURFACE_STYLE_FILL_AREA ( #10259 ) ;
#9393 = CARTESIAN_POINT ( 'NONE',  ( 1.365428970896007232, -1.582627147575494941, 7.701000000000001400 ) ) ;
#9394 = AXIS2_PLACEMENT_3D ( 'NONE', #4643, #2215, #7131 ) ;
#9395 = CARTESIAN_POINT ( 'NONE',  ( -1.502610632748801578, 0.6885687950854030293, 7.700999999999998735 ) ) ;
#9396 = ORIENTED_EDGE ( 'NONE', *, *, #5868, .T. ) ;
#9397 = CARTESIAN_POINT ( 'NONE',  ( 3.199999999999999289, 3.200000000000000178, 0.6999999999999999556 ) ) ;
#9398 = VECTOR ( 'NONE', #7874, 1000.000000000000000 ) ;
#9399 = ADVANCED_FACE ( 'NONE', ( #8784 ), #8834, .T. ) ;
#9400 = EDGE_CURVE ( 'NONE', #227, #2237, #828, .T. ) ;
#9401 = CARTESIAN_POINT ( 'NONE',  ( 1.568996007524917191, -1.129149383645531080, 7.700000000000000178 ) ) ;
#9402 = SURFACE_SIDE_STYLE ('',( #3817 ) ) ;
#9403 = DIRECTION ( 'NONE',  ( 0.0000000000000000000, 0.0000000000000000000, 1.000000000000000000 ) ) ;
#9404 = FILL_AREA_STYLE_COLOUR ( '', #856 ) ;
#9405 = EDGE_CURVE ( 'NONE', #3350, #9252, #6628, .T. ) ;
#9406 = SURFACE_STYLE_USAGE ( .BOTH. , #1262 ) ;
#9407 = DIRECTION ( 'NONE',  ( 1.000000000000000000, 0.0000000000000000000, -0.0000000000000000000 ) ) ;
#9408 = AXIS2_PLACEMENT_3D ( 'NONE', #7053, #6887, #6939 ) ;
#9409 = ORIENTED_EDGE ( 'NONE', *, *, #9014, .T. ) ;
#9410 = VERTEX_POINT ( 'NONE', #8073 ) ;
#9411 = SURFACE_STYLE_USAGE ( .BOTH. , #2220 ) ;
#9412 = DIRECTION ( 'NONE',  ( 1.000000000000000000, 0.0000000000000000000, 0.0000000000000000000 ) ) ;
#9413 = CARTESIAN_POINT ( 'NONE',  ( 1.946828726496353523, -1.523462958633837960, 7.700000000000001066 ) ) ;
#9414 = LINE ( 'NONE', #1120, #5107 ) ;
#9415 = CARTESIAN_POINT ( 'NONE',  ( 1.167288853372376423, -1.219593686064448734, 7.700999999999998735 ) ) ;
#9416 = CARTESIAN_POINT ( 'NONE',  ( -0.1872947003851974934, -0.3973051276732331161, 7.700999999999998735 ) ) ;
#9417 = CARTESIAN_POINT ( 'NONE',  ( 1.191163288553480637, -1.523462958633838182, 7.700000000000000178 ) ) ;
#9418 = CARTESIAN_POINT ( 'NONE',  ( -0.5087705681411630598, -0.1972637200606134900, 7.700000000000000178 ) ) ;
#9419 = VERTEX_POINT ( 'NONE', #9772 ) ;
#9420 = PLANE ( 'NONE',  #5017 ) ;
#9421 = CARTESIAN_POINT ( 'NONE',  ( -0.1370684324518189889, -0.2366628855447342750, 7.699999999999999289 ) ) ;
#9422 = PRESENTATION_LAYER_ASSIGNMENT (  '', '', ( #2052 ) ) ;
#9423 = COLOUR_RGB ( '',0.7529411764705882248, 0.7529411764705882248, 0.7529411764705882248 ) ;
#9424 = ORIENTED_EDGE ( 'NONE', *, *, #1286, .T. ) ;
#9425 = UNCERTAINTY_MEASURE_WITH_UNIT (LENGTH_MEASURE( 1.000000000000000082E-05 ), #6605, 'distance_accuracy_value', 'NONE');
#9426 = CARTESIAN_POINT ( 'NONE',  ( 0.3999999999999996891, 1.200000000000000178, 0.0000000000000000000 ) ) ;
#9427 = CARTESIAN_POINT ( 'NONE',  ( 1.726842327191958404, -0.3333031771441323787, 7.700000000000001066 ) ) ;
#9428 = CARTESIAN_POINT ( 'NONE',  ( -1.417152904829090510, 0.7733431044912247865, 7.701000000000003176 ) ) ;
#9429 = COLOUR_RGB ( '',1.000000000000000000, 1.000000000000000000, 1.000000000000000000 ) ;
#9430 =( LENGTH_UNIT ( ) NAMED_UNIT ( * ) SI_UNIT ( .MILLI., .METRE. ) );
#9431 = CARTESIAN_POINT ( 'NONE',  ( 0.1598893706839581708, -0.04440493813478716550, 7.699999999999998401 ) ) ;
#9432 = ORIENTED_EDGE ( 'NONE', *, *, #4498, .F. ) ;
#9433 = CARTESIAN_POINT ( 'NONE',  ( -1.081627333894218168, 0.9682135483569992429, 7.701000000000000512 ) ) ;
#9434 = CARTESIAN_POINT ( 'NONE',  ( -0.5193209717570305139, 0.1804435739868439914, 7.700000000000000178 ) ) ;
#9435 = CARTESIAN_POINT ( 'NONE',  ( -0.4299630074165829985, -0.009925979538943811159, 7.700000000000000178 ) ) ;
#9436 = DIRECTION ( 'NONE',  ( 1.000000000000000000, -0.0000000000000000000, -0.0000000000000000000 ) ) ;
#9437 = CARTESIAN_POINT ( 'NONE',  ( -0.2018641910286937957, -0.2415795801979283841, 7.700000000000001066 ) ) ;
#9438 = SURFACE_STYLE_USAGE ( .BOTH. , #8339 ) ;
#9439 = VECTOR ( 'NONE', #8315, 1000.000000000000000 ) ;
#9440 = UNCERTAINTY_MEASURE_WITH_UNIT (LENGTH_MEASURE( 1.000000000000000082E-05 ), #1294, 'distance_accuracy_value', 'NONE');
#9441 = MECHANICAL_DESIGN_GEOMETRIC_PRESENTATION_REPRESENTATION (  '', ( #7250 ), #8933 ) ;
#9442 =( LENGTH_UNIT ( ) NAMED_UNIT ( * ) SI_UNIT ( .MILLI., .METRE. ) );
#9443 = FILL_AREA_STYLE_COLOUR ( '', #8290 ) ;
#9444 = DIRECTION ( 'NONE',  ( -1.000000000000000000, 0.0000000000000000000, -1.434733701935704689E-16 ) ) ;
#9445 = VERTEX_POINT ( 'NONE', #940 ) ;
#9446 = COLOUR_RGB ( '',0.0000000000000000000, 0.0000000000000000000, 0.0000000000000000000 ) ;
#9447 =( LENGTH_UNIT ( ) NAMED_UNIT ( * ) SI_UNIT ( .MILLI., .METRE. ) );
#9448 = SURFACE_STYLE_FILL_AREA ( #7915 ) ;
#9449 =( LENGTH_UNIT ( ) NAMED_UNIT ( * ) SI_UNIT ( .MILLI., .METRE. ) );
#9450 =( LENGTH_UNIT ( ) NAMED_UNIT ( * ) SI_UNIT ( .MILLI., .METRE. ) );
#9451 = LINE ( 'NONE', #359, #3901 ) ;
#9452 = ADVANCED_FACE ( 'NONE', ( #3315 ), #2317, .T. ) ;
#9453 = CARTESIAN_POINT ( 'NONE',  ( -1.544826785087085375, 0.7575166541785746110, 7.700999999999999623 ) ) ;
#9454 = B_SPLINE_CURVE_WITH_KNOTS ( 'NONE', 3,
 ( #3588, #6776, #1133, #8492, #6884, #8443, #1079 ),
 .UNSPECIFIED., .F., .F.,
 ( 4, 1, 1, 1, 4 ),
 ( 0.0000000000000000000, 0.2673533224620793791, 0.5215713973388413915, 0.7657024564451671012, 1.000000000000000000 ),
 .UNSPECIFIED. ) ;
#9455 = EDGE_LOOP ( 'NONE', ( #4114, #3726, #6446, #5415 ) ) ;
#9456 = VECTOR ( 'NONE', #2534, 1000.000000000000000 ) ;
#9457 = LINE ( 'NONE', #2096, #5189 ) ;
#9458 = UNCERTAINTY_MEASURE_WITH_UNIT (LENGTH_MEASURE( 1.000000000000000082E-05 ), #9136, 'distance_accuracy_value', 'NONE');
#9459 = CARTESIAN_POINT ( 'NONE',  ( -0.3999999999999996891, 1.000000000000000000, 0.2999999999999999889 ) ) ;
#9460 = CARTESIAN_POINT ( 'NONE',  ( -2.073461490767437354, 0.6082308833847103191, 7.700000000000000178 ) ) ;
#9461 = CARTESIAN_POINT ( 'NONE',  ( -1.235888763083947239, 0.7150402297113457317, 7.701000000000001400 ) ) ;
#9462 = DIRECTION ( 'NONE',  ( 1.221593242852756957E-16, -0.0000000000000000000, -1.000000000000000000 ) ) ;
#9463 = VECTOR ( 'NONE', #3446, 1000.000000000000000 ) ;
#9464 = ADVANCED_FACE ( 'NONE', ( #7231 ), #4126, .T. ) ;
#9465 = EDGE_CURVE ( 'NONE', #9510, #7863, #399, .T. ) ;
#9466 = ORIENTED_EDGE ( 'NONE', *, *, #2048, .F. ) ;
#9467 = ORIENTED_EDGE ( 'NONE', *, *, #4288, .T. ) ;
#9468 = EDGE_CURVE ( 'NONE', #1692, #2942, #8846, .T. ) ;
#9469 = CARTESIAN_POINT ( 'NONE',  ( 0.0000000000000000000, 1.100000000000000089, 0.2999999999999999889 ) ) ;
#9470 = CIRCLE ( 'NONE', #6748, 0.4500000000000000111 ) ;
#9471 = CARTESIAN_POINT ( 'NONE',  ( 1.284816050689753908, -1.161145380035850438, 7.701000000000001400 ) ) ;
#9472 = MECHANICAL_DESIGN_GEOMETRIC_PRESENTATION_REPRESENTATION (  '', ( #6916 ), #8814 ) ;
#9473 = FACE_OUTER_BOUND ( 'NONE', #7362, .T. ) ;
#9474 = DIRECTION ( 'NONE',  ( 0.0000000000000000000, -1.000000000000000000, 0.0000000000000000000 ) ) ;
#9475 = DIRECTION ( 'NONE',  ( 1.000000000000000000, -0.0000000000000000000, -0.0000000000000000000 ) ) ;
#9476 =( NAMED_UNIT ( * ) PLANE_ANGLE_UNIT ( ) SI_UNIT ( $, .RADIAN. ) );
#9477 = SURFACE_SIDE_STYLE ('',( #5523 ) ) ;
#9478 = CARTESIAN_POINT ( 'NONE',  ( -0.5380525597163668960, -0.08125455076332856186, 7.700000000000000178 ) ) ;
#9479 = ORIENTED_EDGE ( 'NONE', *, *, #7076, .F. ) ;
#9480 = FILL_AREA_STYLE ('',( #788 ) ) ;
#9481 = B_SPLINE_CURVE_WITH_KNOTS ( 'NONE', 3,
 ( #1455, #2184, #5483, #8761, #7158, #4673, #6351, #9600, #2245, #4725, #4779, #5589, #8859, #8056, #716, #9911, #4930, #4105, #168 ),
 .UNSPECIFIED., .F., .F.,
 ( 4, 1, 1, 1, 1, 1, 1, 1, 1, 1, 1, 1, 1, 1, 1, 1, 4 ),
 ( 0.0000000000000000000, 0.04884168492194861794, 0.09515004909164237468, 0.1402139855292552084, 0.1852312310825148800, 0.2310911270572749698, 0.2787743462863227495, 0.3294265104152746537, 0.3836547155553256538, 0.4418124758976762489, 0.5050410062454974147, 0.5731174255263765671, 0.6468348477479597403, 0.7260599234294743409, 0.8113613195948690127, 0.9024949605607301972, 1.000000000000000000 ),
 .UNSPECIFIED. ) ;
#9482 = CARTESIAN_POINT ( 'NONE',  ( 1.677484788994017872, -1.132233406362588068, 7.700999999999999623 ) ) ;
#9483 = EDGE_CURVE ( 'NONE', #2677, #10231, #3680, .T. ) ;
#9484 = COLOUR_RGB ( '',0.7529411764705882248, 0.7529411764705882248, 0.7529411764705882248 ) ;
#9485 = ADVANCED_FACE ( 'NONE', ( #10236 ), #2888, .T. ) ;
#9486 = ORIENTED_EDGE ( 'NONE', *, *, #2849, .F. ) ;
#9487 = EDGE_LOOP ( 'NONE', ( #4276, #4598, #1040, #6286 ) ) ;
#9488 = CARTESIAN_POINT ( 'NONE',  ( 2.008236848425914101, 1.153961061217854356, 7.700000000000000178 ) ) ;
#9489 = MECHANICAL_DESIGN_GEOMETRIC_PRESENTATION_REPRESENTATION (  '', ( #441 ), #5729 ) ;
#9490 = CARTESIAN_POINT ( 'NONE',  ( -1.531778411189958611, 0.7331676925874910378, 7.700000000000000178 ) ) ;
#9491 = CARTESIAN_POINT ( 'NONE',  ( -1.492395200446157810, 1.005178692037176580, 7.701000000000001400 ) ) ;
#9492 = AXIS2_PLACEMENT_3D ( 'NONE', #9469, #3871, #5452 ) ;
#9493 = DIRECTION ( 'NONE',  ( 0.0000000000000000000, 1.000000000000000000, 0.0000000000000000000 ) ) ;
#9494 = CARTESIAN_POINT ( 'NONE',  ( -0.04780027664417767913, -0.3685233062269059334, 7.699999999999998401 ) ) ;
#9495 = EDGE_LOOP ( 'NONE', ( #2131, #2091 ) ) ;
#9496 = DIRECTION ( 'NONE',  ( 0.0000000000000000000, 0.0000000000000000000, 1.000000000000000000 ) ) ;
#9497 =( NAMED_UNIT ( * ) PLANE_ANGLE_UNIT ( ) SI_UNIT ( $, .RADIAN. ) );
#9498 = CARTESIAN_POINT ( 'NONE',  ( 0.6178494726278108695, 0.8793347857779811871, 7.700000000000000178 ) ) ;
#9499 = CARTESIAN_POINT ( 'NONE',  ( -0.09986820208221466877, 0.8517615915455453157, 7.700000000000000178 ) ) ;
#9500 = FILL_AREA_STYLE ('',( #143 ) ) ;
#9501 = PRESENTATION_LAYER_ASSIGNMENT (  '', '', ( #4347 ) ) ;
#9502 = SURFACE_STYLE_FILL_AREA ( #9384 ) ;
#9503 = CARTESIAN_POINT ( 'NONE',  ( 1.726825763377676237, -1.136850917609263378, 7.699999999999999289 ) ) ;
#9504 = VERTEX_POINT ( 'NONE', #10363 ) ;
#9505 = CARTESIAN_POINT ( 'NONE',  ( -0.2289041271445575454, 1.141097996832941108, 7.701000000000001400 ) ) ;
#9506 = CARTESIAN_POINT ( 'NONE',  ( 0.4245060661454621020, 0.7600236032989883261, 7.701000000000002288 ) ) ;
#9507 = PRESENTATION_STYLE_ASSIGNMENT (( #9616 ) ) ;
#9508 = SURFACE_SIDE_STYLE ('',( #9345 ) ) ;
#9509 = CARTESIAN_POINT ( 'NONE',  ( -1.531778411189958611, 0.7331676925874910378, 7.701000000000000512 ) ) ;
#9510 = VERTEX_POINT ( 'NONE', #6500 ) ;
#9511 = CARTESIAN_POINT ( 'NONE',  ( 0.4000000000000000222, 3.649999999999999911, 0.2999999999999999889 ) ) ;
#9512 = PLANE ( 'NONE',  #10093 ) ;
#9513 = DIRECTION ( 'NONE',  ( -1.000000000000000000, 0.0000000000000000000, 0.0000000000000000000 ) ) ;
#9514 = CARTESIAN_POINT ( 'NONE',  ( -1.098240571212065975, 0.8348785901313295899, 7.701000000000001400 ) ) ;
#9515 = B_SPLINE_SURFACE_WITH_KNOTS ( 'NONE', 3, 1, ( 
 ( #3120, #835 ),
 ( #6585, #4070 ),
 ( #739, #9778 ),
 ( #2426, #9022 ),
 ( #9932, #4129 ),
 ( #3211, #6474 ),
 ( #9832, #4802 ) ),
 .UNSPECIFIED., .F., .F., .F.,
 ( 4, 1, 1, 1, 4 ),
 ( 2, 2 ),
 ( 0.0000000000000000000, 0.2673533224620793791, 0.5215713973388413915, 0.7657024564451671012, 1.000000000000000000 ),
 ( 0.0000000000000000000, 1.000000000000000000 ),
 .UNSPECIFIED. ) ;
#9516 = CARTESIAN_POINT ( 'NONE',  ( -0.3874558292648735969, 0.5730296264778258486, 7.701000000000000512 ) ) ;
#9517 = CARTESIAN_POINT ( 'NONE',  ( 1.948810933324092387, 0.2012215207107939108, 7.699999999999999289 ) ) ;
#9518 = CARTESIAN_POINT ( 'NONE',  ( 1.991284624883559173, 0.01719227189220833008, 7.701000000000003176 ) ) ;
#9519 = ORIENTED_EDGE ( 'NONE', *, *, #5609, .F. ) ;
#9520 = CARTESIAN_POINT ( 'NONE',  ( 1.050040676683823504, -1.556825005582771260, 7.699999999999998401 ) ) ;
#9521 = CARTESIAN_POINT ( 'NONE',  ( 1.284816050689753908, -1.161145380035850438, 7.700000000000001066 ) ) ;
#9522 = ADVANCED_FACE ( 'NONE', ( #3892 ), #1812, .T. ) ;
#9523 = CARTESIAN_POINT ( 'NONE',  ( -0.07393013485396324191, 0.9933341498664413072, 7.700999999999997847 ) ) ;
#9524 = DIRECTION ( 'NONE',  ( -0.0000000000000000000, -0.0000000000000000000, -1.000000000000000000 ) ) ;
#9525 = FACE_OUTER_BOUND ( 'NONE', #7791, .T. ) ;
#9526 = FILL_AREA_STYLE ('',( #10349 ) ) ;
#9527 = CARTESIAN_POINT ( 'NONE',  ( -0.4927865278611351929, -0.2306456009733207912, 7.700000000000001066 ) ) ;
#9528 = VERTEX_POINT ( 'NONE', #4039 ) ;
#9529 = CARTESIAN_POINT ( 'NONE',  ( 1.568996007524917191, 0.2825322618069318059, 7.701000000000000512 ) ) ;
#9530 = PLANE ( 'NONE',  #2813 ) ;
#9531 = B_SPLINE_CURVE_WITH_KNOTS ( 'NONE', 3,
 ( #5355, #2009, #9316, #1961, #1223, #4489, #6171, #8636, #5246, #5301, #4546, #9415, #3718, #1273, #7831, #490, #7139, #2225, #5521 ),
 .UNSPECIFIED., .F., .F.,
 ( 4, 1, 1, 1, 1, 1, 1, 1, 1, 1, 1, 1, 1, 1, 1, 1, 4 ),
 ( 0.0000000000000000000, 0.09750503943927001094, 0.1886386804051315425, 0.2739400765705257701, 0.3531651522520403153, 0.4268825744736234884, 0.4949589937545025853, 0.5581875241023237511, 0.6163452844446744017, 0.6705734895847257349, 0.7212256537136771950, 0.7689088729427254743, 0.8147687689174853976, 0.8597860144707449859, 0.9048499509083577363, 0.9511583150780513751, 1.000000000000000000 ),
 .UNSPECIFIED. ) ;
#9532 = ORIENTED_EDGE ( 'NONE', *, *, #4895, .T. ) ;
#9533 = UNCERTAINTY_MEASURE_WITH_UNIT (LENGTH_MEASURE( 1.000000000000000082E-05 ), #2498, 'distance_accuracy_value', 'NONE');
#9534 = ORIENTED_EDGE ( 'NONE', *, *, #1738, .T. ) ;
#9535 = CARTESIAN_POINT ( 'NONE',  ( -0.9682748588229931341, 0.1868911109655856662, 7.701000000000000512 ) ) ;
#9536 = CARTESIAN_POINT ( 'NONE',  ( -1.502610632748801578, 0.6885687950854030293, 7.699999999999998401 ) ) ;
#9537 = EDGE_CURVE ( 'NONE', #1149, #5965, #2613, .T. ) ;
#9538 = CARTESIAN_POINT ( 'NONE',  ( -1.492133390467293985, 0.9819547889967927823, 7.700000000000001954 ) ) ;
#9539 = ADVANCED_FACE ( 'NONE', ( #3, #1648 ), #112, .F. ) ;
#9540 = PRESENTATION_STYLE_ASSIGNMENT (( #6187 ) ) ;
#9541 = VERTEX_POINT ( 'NONE', #4159 ) ;
#9542 = CARTESIAN_POINT ( 'NONE',  ( 1.804618295758527724, -0.9992071872707958269, 7.700000000000000178 ) ) ;
#9543 = AXIS2_PLACEMENT_3D ( 'NONE', #4719, #2127, #6241 ) ;
#9544 = CARTESIAN_POINT ( 'NONE',  ( 1.102286777327162959, -0.07873324837788137076, 7.701000000000002288 ) ) ;
#9545 = CARTESIAN_POINT ( 'NONE',  ( 0.5136949920701588956, 0.6447103799537275970, 7.700000000000001954 ) ) ;
#9546 = CARTESIAN_POINT ( 'NONE',  ( -0.3671602709868173053, -0.1802806896396649816, 7.700000000000002842 ) ) ;
#9547 = DIRECTION ( 'NONE',  ( 0.0000000000000000000, -0.0000000000000000000, -1.000000000000000000 ) ) ;
#9548 = UNCERTAINTY_MEASURE_WITH_UNIT (LENGTH_MEASURE( 1.000000000000000082E-05 ), #4736, 'distance_accuracy_value', 'NONE');
#9549 = CARTESIAN_POINT ( 'NONE',  ( 1.750209852977628655, -0.9875676790898949564, 7.700999999999999623 ) ) ;
#9550 = MECHANICAL_DESIGN_GEOMETRIC_PRESENTATION_REPRESENTATION (  '', ( #4043 ), #2350 ) ;
#9551 = CARTESIAN_POINT ( 'NONE',  ( 1.853175964360080696, -1.161145380035850661, 7.701000000000001400 ) ) ;
#9552 = ORIENTED_EDGE ( 'NONE', *, *, #6914, .F. ) ;
#9553 = SURFACE_SIDE_STYLE ('',( #7969 ) ) ;
#9554 = PRESENTATION_STYLE_ASSIGNMENT (( #9615 ) ) ;
#9555 = DIRECTION ( 'NONE',  ( -1.000000000000000000, 0.0000000000000000000, -0.0000000000000000000 ) ) ;
#9556 = CARTESIAN_POINT ( 'NONE',  ( -0.05935354790636666877, 0.9775119935776857005, 7.701000000000000512 ) ) ;
#9557 = CARTESIAN_POINT ( 'NONE',  ( 1.101417047856113829, -1.362496080374185681, 7.700000000000000178 ) ) ;
#9558 = DIRECTION ( 'NONE',  ( -5.709050538207424106E-12, 2.899823103013541988E-13, 1.000000000000000000 ) ) ;
#9559 = COLOUR_RGB ( '',0.0000000000000000000, 0.0000000000000000000, 0.0000000000000000000 ) ;
#9560 = CIRCLE ( 'NONE', #9382, 0.4500000000000000111 ) ;
#9561 = EDGE_LOOP ( 'NONE', ( #10224, #5880, #5364, #8255 ) ) ;
#9562 = CARTESIAN_POINT ( 'NONE',  ( -0.05116206045004765418, 0.7953067455628063387, 7.701000000000000512 ) ) ;
#9563 = UNCERTAINTY_MEASURE_WITH_UNIT (LENGTH_MEASURE( 1.000000000000000082E-05 ), #6878, 'distance_accuracy_value', 'NONE');
#9564 =( GEOMETRIC_REPRESENTATION_CONTEXT ( 3 ) GLOBAL_UNCERTAINTY_ASSIGNED_CONTEXT ( ( #4415 ) ) GLOBAL_UNIT_ASSIGNED_CONTEXT ( ( #2158, #7938, #4754 ) ) REPRESENTATION_CONTEXT ( 'NONE', 'WORKASPACE' ) );
#9565 =( LENGTH_UNIT ( ) NAMED_UNIT ( * ) SI_UNIT ( .MILLI., .METRE. ) );
#9566 =( GEOMETRIC_REPRESENTATION_CONTEXT ( 3 ) GLOBAL_UNCERTAINTY_ASSIGNED_CONTEXT ( ( #4500 ) ) GLOBAL_UNIT_ASSIGNED_CONTEXT ( ( #1523, #10584, #83 ) ) REPRESENTATION_CONTEXT ( 'NONE', 'WORKASPACE' ) );
#9567 = CLOSED_SHELL ( 'NONE', ( #232, #2648, #3676, #5093, #7531, #9858, #9399, #7206, #896, #5363, #9922, #7146, #9452, #5345, #1850, #9522, #5744 ) ) ;
#9568 = DIRECTION ( 'NONE',  ( -0.0000000000000000000, -0.0000000000000000000, -1.000000000000000000 ) ) ;
#9569 = CARTESIAN_POINT ( 'NONE',  ( 1.411166251672157923, 0.1189710746202652103, 7.699999999999998401 ) ) ;
#9570 = DIRECTION ( 'NONE',  ( -0.0000000000000000000, 1.000000000000000000, -0.0000000000000000000 ) ) ;
#9571 = FACE_OUTER_BOUND ( 'NONE', #9820, .T. ) ;
#9572 = AXIS2_PLACEMENT_3D ( 'NONE', #9583, #6177, #5412 ) ;
#9573 = LINE ( 'NONE', #8675, #8895 ) ;
#9574 =( LENGTH_UNIT ( ) NAMED_UNIT ( * ) SI_UNIT ( .MILLI., .METRE. ) );
#9575 = CARTESIAN_POINT ( 'NONE',  ( 0.2415420890288981215, 0.5794692383921146162, 7.699999999999997513 ) ) ;
#9576 = CARTESIAN_POINT ( 'NONE',  ( 1.009498293540872726, -1.240650327799465380, 7.700999999999998735 ) ) ;
#9577 = DIRECTION ( 'NONE',  ( -1.000000000000000000, 0.0000000000000000000, -1.434733701935704689E-16 ) ) ;
#9578 = SURFACE_STYLE_USAGE ( .BOTH. , #7085 ) ;
#9579 = DIRECTION ( 'NONE',  ( -0.0000000000000000000, -0.0000000000000000000, -1.000000000000000000 ) ) ;
#9580 = COLOUR_RGB ( '',0.0000000000000000000, 0.0000000000000000000, 0.0000000000000000000 ) ;
#9581 = FILL_AREA_STYLE ('',( #7293 ) ) ;
#9582 = CARTESIAN_POINT ( 'NONE',  ( -0.1872947003851974934, -0.3973051276732331161, 7.699999999999998401 ) ) ;
#9583 = CARTESIAN_POINT ( 'NONE',  ( 0.5902092682244426403, -1.865940471608493967, 7.701000000000000512 ) ) ;
#9584 = EDGE_LOOP ( 'NONE', ( #4733, #1759, #4661, #1163 ) ) ;
#9585 = LINE ( 'NONE', #1443, #4663 ) ;
#9586 = STYLED_ITEM ( 'NONE', ( #2951 ), #7850 ) ;
#9587 = CARTESIAN_POINT ( 'NONE',  ( 3.299999999999998046, 3.200000000000001510, 1.599999999999999867 ) ) ;
#9588 = EDGE_CURVE ( 'NONE', #9672, #5149, #4984, .T. ) ;
#9589 = EDGE_LOOP ( 'NONE', ( #5335, #3035, #2668, #6564 ) ) ;
#9590 = ORIENTED_EDGE ( 'NONE', *, *, #7926, .T. ) ;
#9591 = CARTESIAN_POINT ( 'NONE',  ( 2.148665991867709124, -1.405465515667228882, 7.699999999999999289 ) ) ;
#9592 = STYLED_ITEM ( 'NONE', ( #2628 ), #6284 ) ;
#9593 = CARTESIAN_POINT ( 'NONE',  ( -1.007022842411878782, 0.6912422706694119068, 7.700000000000002842 ) ) ;
#9594 =( LENGTH_UNIT ( ) NAMED_UNIT ( * ) SI_UNIT ( .MILLI., .METRE. ) );
#9595 = CARTESIAN_POINT ( 'NONE',  ( -1.083911089138118067, 0.9093792086702054966, 7.701000000000000512 ) ) ;
#9596 = EDGE_LOOP ( 'NONE', ( #8679, #6978, #4379, #10488 ) ) ;
#9597 = STYLED_ITEM ( 'NONE', ( #9507 ), #10202 ) ;
#9598 = FILL_AREA_STYLE_COLOUR ( '', #3445 ) ;
#9599 = CARTESIAN_POINT ( 'NONE',  ( 1.568996007524917191, -1.596728343314334442, 7.701000000000000512 ) ) ;
#9600 = CARTESIAN_POINT ( 'NONE',  ( 1.970703161677457294, 0.03622830616508006946, 7.700999999999997847 ) ) ;
#9601 = DIRECTION ( 'NONE',  ( -0.0000000000000000000, -0.0000000000000000000, -1.000000000000000000 ) ) ;
#9602 = CARTESIAN_POINT ( 'NONE',  ( -0.3671602709868173053, -0.1802806896396649816, 7.701000000000003176 ) ) ;
#9603 = SURFACE_STYLE_USAGE ( .BOTH. , #7964 ) ;
#9604 = EDGE_CURVE ( 'NONE', #3311, #295, #7241, .T. ) ;
#9605 = EDGE_CURVE ( 'NONE', #3159, #8750, #1012, .T. ) ;
#9606 =( NAMED_UNIT ( * ) SI_UNIT ( $, .STERADIAN. ) SOLID_ANGLE_UNIT ( ) );
#9607 = MECHANICAL_DESIGN_GEOMETRIC_PRESENTATION_REPRESENTATION (  '', ( #1383 ), #10421 ) ;
#9608 =( GEOMETRIC_REPRESENTATION_CONTEXT ( 3 ) GLOBAL_UNCERTAINTY_ASSIGNED_CONTEXT ( ( #1932 ) ) GLOBAL_UNIT_ASSIGNED_CONTEXT ( ( #7787, #9476, #6971 ) ) REPRESENTATION_CONTEXT ( 'NONE', 'WORKASPACE' ) );
#9609 = STYLED_ITEM ( 'NONE', ( #2935 ), #9798 ) ;
#9610 = EDGE_CURVE ( 'NONE', #3839, #8642, #7468, .T. ) ;
#9611 = CARTESIAN_POINT ( 'NONE',  ( 0.6179081240732957614, 0.9534475980243077853, 7.701000000000004064 ) ) ;
#9612 = CARTESIAN_POINT ( 'NONE',  ( 0.1972324903239456861, 0.5911833212898748302, 7.700000000000002842 ) ) ;
#9613 = ORIENTED_EDGE ( 'NONE', *, *, #4492, .T. ) ;
#9614 = PRESENTATION_STYLE_ASSIGNMENT (( #3806 ) ) ;
#9615 = SURFACE_STYLE_USAGE ( .BOTH. , #5597 ) ;
#9616 = SURFACE_STYLE_USAGE ( .BOTH. , #1414 ) ;
#9617 = DIRECTION ( 'NONE',  ( -1.000000000000000000, 0.0000000000000000000, -1.221593242852756957E-16 ) ) ;
#9618 = CARTESIAN_POINT ( 'NONE',  ( 0.0000000000000000000, 1.100000000000000089, 0.2999999999999999889 ) ) ;
#9619 = AXIS2_PLACEMENT_3D ( 'NONE', #7491, #3490, #1236 ) ;
#9620 =( GEOMETRIC_REPRESENTATION_CONTEXT ( 3 ) GLOBAL_UNCERTAINTY_ASSIGNED_CONTEXT ( ( #134 ) ) GLOBAL_UNIT_ASSIGNED_CONTEXT ( ( #4530, #3915, #8785 ) ) REPRESENTATION_CONTEXT ( 'NONE', 'WORKASPACE' ) );
#9621 = EDGE_CURVE ( 'NONE', #711, #6108, #5038, .T. ) ;
#9622 = VERTEX_POINT ( 'NONE', #4099 ) ;
#9623 =( NAMED_UNIT ( * ) SI_UNIT ( $, .STERADIAN. ) SOLID_ANGLE_UNIT ( ) );
#9624 =( GEOMETRIC_REPRESENTATION_CONTEXT ( 3 ) GLOBAL_UNCERTAINTY_ASSIGNED_CONTEXT ( ( #3189 ) ) GLOBAL_UNIT_ASSIGNED_CONTEXT ( ( #3259, #7492, #7554 ) ) REPRESENTATION_CONTEXT ( 'NONE', 'WORKASPACE' ) );
#9625 = CARTESIAN_POINT ( 'NONE',  ( 2.036574967193720109, -1.362496080374185681, 7.700000000000000178 ) ) ;
#9626 = FILL_AREA_STYLE_COLOUR ( '', #7702 ) ;
#9627 = B_SPLINE_CURVE_WITH_KNOTS ( 'NONE', 3,
 ( #4175, #7482, #773, #7315, #10573, #9761, #4888, #2465, #3479, #2836, #6029, #2739, #9330, #3639, #10083, #6936, #6775, #9378, #6883 ),
 .UNSPECIFIED., .F., .F.,
 ( 4, 1, 1, 1, 1, 1, 1, 1, 1, 1, 1, 1, 1, 1, 1, 1, 4 ),
 ( 0.0000000000000000000, 0.07937385194888096906, 0.1540385076354722493, 0.2247730300375469503, 0.2918548655033927353, 0.3555123676644170172, 0.4160007845899216794, 0.4747112873896455754, 0.5318443449236147647, 0.5876598058676945069, 0.6423442577657587638, 0.6974257117871596190, 0.7533901245597586227, 0.8106040753172507607, 0.8706508094478463411, 0.9332976688071763505, 1.000000000000000000 ),
 .UNSPECIFIED. ) ;
#9628 = CARTESIAN_POINT ( 'NONE',  ( 1.365419857058584041, 0.1126199460832721100, 7.700000000000001954 ) ) ;
#9629 = CARTESIAN_POINT ( 'NONE',  ( 1.506185639239239205, -1.751507547297474598, 7.701000000000001400 ) ) ;
#9630 = CARTESIAN_POINT ( 'NONE',  ( 0.0000000000000000000, -1.100000000000000089, 0.2999999999999999889 ) ) ;
#9631 = SURFACE_STYLE_FILL_AREA ( #7237 ) ;
#9632 = SURFACE_SIDE_STYLE ('',( #10167 ) ) ;
#9633 = SURFACE_STYLE_FILL_AREA ( #6219 ) ;
#9634 = CARTESIAN_POINT ( 'NONE',  ( 1.547733973726830081, 0.2821658913889863451, 7.700999999999999623 ) ) ;
#9635 = PRESENTATION_LAYER_ASSIGNMENT (  '', '', ( #2599 ) ) ;
#9636 = ORIENTED_EDGE ( 'NONE', *, *, #6455, .T. ) ;
#9637 = CARTESIAN_POINT ( 'NONE',  ( 1.077750631565904005, -1.589117661544569238, 7.700000000000000178 ) ) ;
#9638 = CARTESIAN_POINT ( 'NONE',  ( 1.946828726496353523, -1.523462958633837960, 7.700000000000001066 ) ) ;
#9639 = CARTESIAN_POINT ( 'NONE',  ( -0.3050981715959366070, -1.406110216290262560, 7.700000000000000178 ) ) ;
#9640 = CARTESIAN_POINT ( 'NONE',  ( 0.05178501163612356933, 0.1018767546621668907, 7.701000000000000512 ) ) ;
#9641 = SURFACE_STYLE_USAGE ( .BOTH. , #8796 ) ;
#9642 = LINE ( 'NONE', #2988, #5991 ) ;
#9643 = VERTEX_POINT ( 'NONE', #963 ) ;
#9644 = PRESENTATION_LAYER_ASSIGNMENT (  '', '', ( #10510 ) ) ;
#9645 = VERTEX_POINT ( 'NONE', #7419 ) ;
#9646 = CARTESIAN_POINT ( 'NONE',  ( 2.149927442264945476, -1.362938863479932650, 7.700000000000000178 ) ) ;
#9647 = SURFACE_SIDE_STYLE ('',( #756 ) ) ;
#9648 = CARTESIAN_POINT ( 'NONE',  ( -3.199999999999999289, 3.299999999999999822, 1.599999999999999867 ) ) ;
#9649 = SURFACE_STYLE_USAGE ( .BOTH. , #1696 ) ;
#9650 = CARTESIAN_POINT ( 'NONE',  ( -1.164200790730190782, 0.7391506803909798640, 7.701000000000004952 ) ) ;
#9651 = AXIS2_PLACEMENT_3D ( 'NONE', #5908, #5045, #4381 ) ;
#9652 = ORIENTED_EDGE ( 'NONE', *, *, #7204, .T. ) ;
#9653 = STYLED_ITEM ( 'NONE', ( #5867 ), #2729 ) ;
#9654 =( NAMED_UNIT ( * ) PLANE_ANGLE_UNIT ( ) SI_UNIT ( $, .RADIAN. ) );
#9655 = CARTESIAN_POINT ( 'NONE',  ( -2.073461490767437354, 1.068946704914435442, 7.701000000000000512 ) ) ;
#9656 = CARTESIAN_POINT ( 'NONE',  ( 1.108089359789987460, -0.05205284159554314505, 7.701000000000000512 ) ) ;
#9657 = CARTESIAN_POINT ( 'NONE',  ( 0.6183110346422673320, 0.9041457447709748685, 7.700000000000001066 ) ) ;
#9658 = CARTESIAN_POINT ( 'NONE',  ( -0.5433154824878081435, 0.007785344690935144633, 7.700000000000000178 ) ) ;
#9659 = UNCERTAINTY_MEASURE_WITH_UNIT (LENGTH_MEASURE( 1.000000000000000082E-05 ), #8298, 'distance_accuracy_value', 'NONE');
#9660 = SURFACE_STYLE_FILL_AREA ( #10479 ) ;
#9661 = PRESENTATION_LAYER_ASSIGNMENT (  '', '', ( #8117 ) ) ;
#9662 = MANIFOLD_SOLID_BREP ( 'Extrude6[6]', #9050 ) ;
#9663 = CARTESIAN_POINT ( 'NONE',  ( 1.624446146010954273, -1.129629892381772027, 7.701000000000003176 ) ) ;
#9664 = EDGE_CURVE ( 'NONE', #10511, #9510, #2553, .T. ) ;
#9665 = EDGE_LOOP ( 'NONE', ( #3578, #3246, #4636, #8960 ) ) ;
#9666 = CARTESIAN_POINT ( 'NONE',  ( -0.3482459886159894324, 1.221035840433292385, 7.701000000000000512 ) ) ;
#9667 = CARTESIAN_POINT ( 'NONE',  ( 0.2415420890288981215, 0.5794692383921146162, 7.700999999999998735 ) ) ;
#9668 = AXIS2_PLACEMENT_3D ( 'NONE', #10473, #6448, #619 ) ;
#9669 = CARTESIAN_POINT ( 'NONE',  ( 1.101417047856113829, -0.1066740881446573280, 7.699999999999998401 ) ) ;
#9670 = SURFACE_STYLE_FILL_AREA ( #8015 ) ;
#9671 = B_SPLINE_CURVE_WITH_KNOTS ( 'NONE', 3,
 ( #9143, #3224, #7563, #2485, #41, #5128, #8343, #9033, #204, #1681, #9788, #8244, #6640, #1784, #2543, #147, #6698, #4139, #7453 ),
 .UNSPECIFIED., .F., .F.,
 ( 4, 1, 1, 1, 1, 1, 1, 1, 1, 1, 1, 1, 1, 1, 1, 1, 4 ),
 ( 0.0000000000000000000, 0.08219889019816227493, 0.1595817503863413978, 0.2328959019644075701, 0.3015598442791944112, 0.3663762715858001617, 0.4277928444154068255, 0.4870212767647175700, 0.5438690441168071432, 0.5992216416822365721, 0.6531426264079175370, 0.7067501491596347440, 0.7614222280069667947, 0.8171108115217804446, 0.8750568631399419095, 0.9355298571676980979, 1.000000000000000000 ),
 .UNSPECIFIED. ) ;
#9672 = VERTEX_POINT ( 'NONE', #3672 ) ;
#9673 = SURFACE_STYLE_USAGE ( .BOTH. , #7229 ) ;
#9674 = VECTOR ( 'NONE', #9844, 1000.000000000000000 ) ;
#9675 = PRESENTATION_STYLE_ASSIGNMENT (( #8833 ) ) ;
#9676 =( NAMED_UNIT ( * ) SI_UNIT ( $, .STERADIAN. ) SOLID_ANGLE_UNIT ( ) );
#9677 = EDGE_CURVE ( 'NONE', #1719, #244, #6423, .T. ) ;
#9678 = ADVANCED_FACE ( 'NONE', ( #8426 ), #2873, .T. ) ;
#9679 = CARTESIAN_POINT ( 'NONE',  ( 1.146707390166273877, 0.01719227189220857294, 7.699999999999997513 ) ) ;
#9680 = CARTESIAN_POINT ( 'NONE',  ( 0.9884906633286030253, -1.377291376749998131, 7.701000000000000512 ) ) ;
#9681 = FILL_AREA_STYLE ('',( #6430 ) ) ;
#9682 = DIRECTION ( 'NONE',  ( 1.221593242852756957E-16, -0.0000000000000000000, -1.000000000000000000 ) ) ;
#9683 = DIRECTION ( 'NONE',  ( 1.000000000000000000, 0.0000000000000000000, -0.0000000000000000000 ) ) ;
#9684 = CARTESIAN_POINT ( 'NONE',  ( 0.1972324903239456861, 0.5911833212898748302, 7.700000000000001954 ) ) ;
#9685 = SURFACE_STYLE_USAGE ( .BOTH. , #6432 ) ;
#9686 = ORIENTED_EDGE ( 'NONE', *, *, #3039, .F. ) ;
#9687 = CARTESIAN_POINT ( 'NONE',  ( 2.148653374782161674, -0.06473836450270584186, 7.700999999999998735 ) ) ;
#9688 = LINE ( 'NONE', #9639, #10089 ) ;
#9689 =( LENGTH_UNIT ( ) NAMED_UNIT ( * ) SI_UNIT ( .MILLI., .METRE. ) );
#9690 = CARTESIAN_POINT ( 'NONE',  ( -1.929289321881345387, -3.270710678118654791, 0.0000000000000000000 ) ) ;
#9691 = CARTESIAN_POINT ( 'NONE',  ( 2.110759876910601740, -0.2664176521322563218, 7.700000000000001954 ) ) ;
#9692 =( NAMED_UNIT ( * ) PLANE_ANGLE_UNIT ( ) SI_UNIT ( $, .RADIAN. ) );
#9693 = CARTESIAN_POINT ( 'NONE',  ( 1.858578643762733629, -3.199999999999999289, 1.000000000000000000 ) ) ;
#9694 = CARTESIAN_POINT ( 'NONE',  ( -0.5433154824878081435, 0.007785344690935144633, 7.701000000000000512 ) ) ;
#9695 = ORIENTED_EDGE ( 'NONE', *, *, #3045, .T. ) ;
#9696 = ORIENTED_EDGE ( 'NONE', *, *, #7720, .T. ) ;
#9697 = DIRECTION ( 'NONE',  ( 1.221593242852757203E-16, -0.0000000000000000000, -1.000000000000000000 ) ) ;
#9698 =( GEOMETRIC_REPRESENTATION_CONTEXT ( 3 ) GLOBAL_UNCERTAINTY_ASSIGNED_CONTEXT ( ( #2137 ) ) GLOBAL_UNIT_ASSIGNED_CONTEXT ( ( #8181, #4085, #8085 ) ) REPRESENTATION_CONTEXT ( 'NONE', 'WORKASPACE' ) );
#9699 = CARTESIAN_POINT ( 'NONE',  ( -1.341773149834416090, 0.5734907586734151463, 7.700000000000002842 ) ) ;
#9700 = CYLINDRICAL_SURFACE ( 'NONE', #659, 0.09999999999999982514 ) ;
#9701 = CARTESIAN_POINT ( 'NONE',  ( -1.215978902684368812, 0.7184261498741707497, 7.699999999999997513 ) ) ;
#9702 = ORIENTED_EDGE ( 'NONE', *, *, #7279, .F. ) ;
#9703 = CARTESIAN_POINT ( 'NONE',  ( 1.855816306464177057, -1.014347014972642791, 7.700000000000001066 ) ) ;
#9704 = B_SPLINE_SURFACE_WITH_KNOTS ( 'NONE', 3, 1, ( 
 ( #7583, #3521 ),
 ( #2731, #10071 ),
 ( #3628, #5309 ),
 ( #6925, #9421 ),
 ( #4273, #2017 ),
 ( #6817, #8592 ),
 ( #4497, #9219 ),
 ( #6977, #6181 ),
 ( #6766, #2785 ),
 ( #7793, #1859 ),
 ( #330, #3675 ),
 ( #6067, #224 ),
 ( #9324, #1967 ),
 ( #3468, #6017 ),
 ( #5151, #9273 ),
 ( #1126, #8532 ),
 ( #1176, #8432 ),
 ( #1071, #4327 ),
 ( #3882, #4552 ) ),
 .UNSPECIFIED., .F., .F., .F.,
 ( 4, 1, 1, 1, 1, 1, 1, 1, 1, 1, 1, 1, 1, 1, 1, 1, 4 ),
 ( 2, 2 ),
 ( 0.0000000000000000000, 0.06079322453506912083, 0.1180322918011432187, 0.1732475123901614789, 0.2264527877031670133, 0.2791813127137773298, 0.3318445846712992364, 0.3852775914131837953, 0.4410254252427185939, 0.4987672796499300065, 0.5591009711136654126, 0.6222063739540139027, 0.6892596580808473261, 0.7598128818150974295, 0.8351435673540046345, 0.9151437872061035650, 1.000000000000000000 ),
 ( 0.0000000000000000000, 1.000000000000000000 ),
 .UNSPECIFIED. ) ;
#9705 = FILL_AREA_STYLE_COLOUR ( '', #3121 ) ;
#9706 = PRESENTATION_STYLE_ASSIGNMENT (( #3150 ) ) ;
#9707 = MECHANICAL_DESIGN_GEOMETRIC_PRESENTATION_REPRESENTATION (  '', ( #8008 ), #4915 ) ;
#9708 = VERTEX_POINT ( 'NONE', #4548 ) ;
#9709 = FILL_AREA_STYLE_COLOUR ( '', #6395 ) ;
#9710 = SURFACE_SIDE_STYLE ('',( #4788 ) ) ;
#9711 = CARTESIAN_POINT ( 'NONE',  ( 1.077750631565904005, -1.589117661544569238, 7.700000000000001066 ) ) ;
#9712 = CARTESIAN_POINT ( 'NONE',  ( 1.102286777327162959, -0.07873324837788137076, 7.701000000000003176 ) ) ;
#9713 = CARTESIAN_POINT ( 'NONE',  ( 0.9971684801081067695, -1.279577037141638396, 7.700000000000001954 ) ) ;
#9714 = CARTESIAN_POINT ( 'NONE',  ( -0.4000000000000000222, -3.649999999999999911, 0.2999999999999999889 ) ) ;
#9715 =( GEOMETRIC_REPRESENTATION_CONTEXT ( 3 ) GLOBAL_UNCERTAINTY_ASSIGNED_CONTEXT ( ( #8370 ) ) GLOBAL_UNIT_ASSIGNED_CONTEXT ( ( #7880, #1039, #9929 ) ) REPRESENTATION_CONTEXT ( 'NONE', 'WORKASPACE' ) );
#9716 = AXIS2_PLACEMENT_3D ( 'NONE', #2557, #5248, #7732 ) ;
#9717 = STYLED_ITEM ( 'NONE', ( #6437 ), #8040 ) ;
#9718 = EDGE_LOOP ( 'NONE', ( #3647, #9826, #7094, #3495 ) ) ;
#9719 = EDGE_CURVE ( 'NONE', #7708, #4786, #646, .T. ) ;
#9720 = FACE_OUTER_BOUND ( 'NONE', #4, .T. ) ;
#9721 =( NAMED_UNIT ( * ) PLANE_ANGLE_UNIT ( ) SI_UNIT ( $, .RADIAN. ) );
#9722 = DIRECTION ( 'NONE',  ( 1.000000000000000000, 0.0000000000000000000, 0.0000000000000000000 ) ) ;
#9723 =( NAMED_UNIT ( * ) PLANE_ANGLE_UNIT ( ) SI_UNIT ( $, .RADIAN. ) );
#9724 = ORIENTED_EDGE ( 'NONE', *, *, #3824, .F. ) ;
#9725 = DIRECTION ( 'NONE',  ( -0.9403531483904996602, 0.3401998770018514473, 0.0000000000000000000 ) ) ;
#9726 = DIRECTION ( 'NONE',  ( -1.000000000000000000, 0.0000000000000000000, -1.221593242852756957E-16 ) ) ;
#9727 = CARTESIAN_POINT ( 'NONE',  ( 1.147736760421516955, -0.3910041130669524856, 7.700000000000001066 ) ) ;
#9728 =( GEOMETRIC_REPRESENTATION_CONTEXT ( 3 ) GLOBAL_UNCERTAINTY_ASSIGNED_CONTEXT ( ( #2267 ) ) GLOBAL_UNIT_ASSIGNED_CONTEXT ( ( #7574, #106, #6603 ) ) REPRESENTATION_CONTEXT ( 'NONE', 'WORKASPACE' ) );
#9729 = SURFACE_STYLE_FILL_AREA ( #3070 ) ;
#9730 = DIRECTION ( 'NONE',  ( 0.0000000000000000000, 0.0000000000000000000, 1.000000000000000000 ) ) ;
#9731 = CARTESIAN_POINT ( 'NONE',  ( 1.590332005407798510, -0.4964015138009302275, 7.699999999999998401 ) ) ;
#9732 = LINE ( 'NONE', #4908, #2176 ) ;
#9733 = ORIENTED_EDGE ( 'NONE', *, *, #8640, .T. ) ;
#9734 = ADVANCED_FACE ( 'NONE', ( #7193 ), #3832, .F. ) ;
#9735 = EDGE_CURVE ( 'NONE', #9099, #7779, #7089, .T. ) ;
#9736 = STYLED_ITEM ( 'NONE', ( #198 ), #1202 ) ;
#9737 = STYLED_ITEM ( 'NONE', ( #8622 ), #9289 ) ;
#9738 = CARTESIAN_POINT ( 'NONE',  ( 1.855816306464176169, 0.2414749772568856589, 7.700999999999997847 ) ) ;
#9739 = VECTOR ( 'NONE', #4844, 1000.000000000000000 ) ;
#9740 = CARTESIAN_POINT ( 'NONE',  ( 3.299999999999998934, 3.199999999999999289, 0.6999999999999999556 ) ) ;
#9741 = CARTESIAN_POINT ( 'NONE',  ( 0.5051949119210237260, 0.9389898633776990744, 7.701000000000000512 ) ) ;
#9742 = CARTESIAN_POINT ( 'NONE',  ( 1.949095422145334267, -0.4159564233234122055, 7.701000000000000512 ) ) ;
#9743 = LINE ( 'NONE', #2547, #4963 ) ;
#9744 = MECHANICAL_DESIGN_GEOMETRIC_PRESENTATION_REPRESENTATION (  '', ( #1354 ), #2723 ) ;
#9745 = PRESENTATION_LAYER_ASSIGNMENT (  '', '', ( #1522 ) ) ;
#9746 = CARTESIAN_POINT ( 'NONE',  ( -0.5380525597163668960, -0.08125455076332856186, 7.701000000000000512 ) ) ;
#9747 = ORIENTED_EDGE ( 'NONE', *, *, #1675, .F. ) ;
#9748 =( NAMED_UNIT ( * ) PLANE_ANGLE_UNIT ( ) SI_UNIT ( $, .RADIAN. ) );
#9749 = COLOUR_RGB ( '',0.7529411764705882248, 0.7529411764705882248, 0.7529411764705882248 ) ;
#9750 =( NAMED_UNIT ( * ) SI_UNIT ( $, .STERADIAN. ) SOLID_ANGLE_UNIT ( ) );
#9751 =( LENGTH_UNIT ( ) NAMED_UNIT ( * ) SI_UNIT ( .MILLI., .METRE. ) );
#9752 = B_SPLINE_CURVE_WITH_KNOTS ( 'NONE', 3,
 ( #6179, #7333, #7946, #6281, #604, #7836, #5525, #444, #2428, #495, #8643, #10592, #10352, #7092, #2990, #3722, #7889, #8803, #549 ),
 .UNSPECIFIED., .F., .F.,
 ( 4, 1, 1, 1, 1, 1, 1, 1, 1, 1, 1, 1, 1, 1, 1, 1, 4 ),
 ( 0.0000000000000000000, 0.07892075106553421426, 0.1534101027825333918, 0.2242139872176850679, 0.2916263406767256594, 0.3560610751190479983, 0.4182641619041364001, 0.4782624703334373839, 0.5371489620315242908, 0.5946617482379432662, 0.6508083624384229937, 0.7061148000342777342, 0.7613672189639572041, 0.8179825083596923285, 0.8761130692821925692, 0.9364988963608892325, 1.000000000000000000 ),
 .UNSPECIFIED. ) ;
#9753 = ORIENTED_EDGE ( 'NONE', *, *, #253, .T. ) ;
#9754 = SURFACE_STYLE_USAGE ( .BOTH. , #9909 ) ;
#9755 = CARTESIAN_POINT ( 'NONE',  ( 0.4088771311534046271, 0.5857983936182773466, 7.701000000000002288 ) ) ;
#9756 = CARTESIAN_POINT ( 'NONE',  ( 0.4935056712800460765, 1.031737592980059626, 7.699999999999998401 ) ) ;
#9757 = UNCERTAINTY_MEASURE_WITH_UNIT (LENGTH_MEASURE( 1.000000000000000082E-05 ), #9449, 'distance_accuracy_value', 'NONE');
#9758 = DIRECTION ( 'NONE',  ( 0.0000000000000000000, 1.000000000000000000, 0.0000000000000000000 ) ) ;
#9759 = PRESENTATION_LAYER_ASSIGNMENT (  '', '', ( #2392 ) ) ;
#9760 = FILL_AREA_STYLE_COLOUR ( '', #7161 ) ;
#9761 = CARTESIAN_POINT ( 'NONE',  ( -0.9850681048049760857, 0.7480887106071942849, 7.701000000000001400 ) ) ;
#9762 = CARTESIAN_POINT ( 'NONE',  ( 1.445391071436134212, -1.746685097565420230, 7.700000000000001066 ) ) ;
#9763 = CARTESIAN_POINT ( 'NONE',  ( 1.568996007524917191, -1.596728343314334442, 7.701000000000000512 ) ) ;
#9764 =( NAMED_UNIT ( * ) SI_UNIT ( $, .STERADIAN. ) SOLID_ANGLE_UNIT ( ) );
#9765 =( GEOMETRIC_REPRESENTATION_CONTEXT ( 3 ) GLOBAL_UNCERTAINTY_ASSIGNED_CONTEXT ( ( #6035 ) ) GLOBAL_UNIT_ASSIGNED_CONTEXT ( ( #1343, #10369, #5542 ) ) REPRESENTATION_CONTEXT ( 'NONE', 'WORKASPACE' ) );
#9766 = ORIENTED_EDGE ( 'NONE', *, *, #8054, .F. ) ;
#9767 =( LENGTH_UNIT ( ) NAMED_UNIT ( * ) SI_UNIT ( .MILLI., .METRE. ) );
#9768 = UNCERTAINTY_MEASURE_WITH_UNIT (LENGTH_MEASURE( 1.000000000000000082E-05 ), #302, 'distance_accuracy_value', 'NONE');
#9769 = MECHANICAL_DESIGN_GEOMETRIC_PRESENTATION_REPRESENTATION (  '', ( #2574 ), #1891 ) ;
#9770 = SURFACE_SIDE_STYLE ('',( #6525 ) ) ;
#9771 = CARTESIAN_POINT ( 'NONE',  ( 0.4000000000000000222, 3.649999999999999911, 0.2999999999999999889 ) ) ;
#9772 = CARTESIAN_POINT ( 'NONE',  ( 0.4626877337693144909, -0.3692444698526123337, 7.700000000000000178 ) ) ;
#9773 = ORIENTED_EDGE ( 'NONE', *, *, #9465, .T. ) ;
#9774 =( GEOMETRIC_REPRESENTATION_CONTEXT ( 3 ) GLOBAL_UNCERTAINTY_ASSIGNED_CONTEXT ( ( #447 ) ) GLOBAL_UNIT_ASSIGNED_CONTEXT ( ( #9751, #8001, #561 ) ) REPRESENTATION_CONTEXT ( 'NONE', 'WORKASPACE' ) );
#9775 = VECTOR ( 'NONE', #5821, 1000.000000000000000 ) ;
#9776 = CARTESIAN_POINT ( 'NONE',  ( 1.101417047856113829, -1.362496080374185681, 7.701000000000000512 ) ) ;
#9777 = CARTESIAN_POINT ( 'NONE',  ( 1.110450697839790113, -1.619157050258265951, 7.701000000000000512 ) ) ;
#9778 = CARTESIAN_POINT ( 'NONE',  ( -0.4067191989452216827, 0.1449068118527931381, 7.699999999999999289 ) ) ;
#9779 = VERTEX_POINT ( 'NONE', #8744 ) ;
#9780 =( NAMED_UNIT ( * ) PLANE_ANGLE_UNIT ( ) SI_UNIT ( $, .RADIAN. ) );
#9781 = SURFACE_SIDE_STYLE ('',( #9729 ) ) ;
#9782 =( NAMED_UNIT ( * ) PLANE_ANGLE_UNIT ( ) SI_UNIT ( $, .RADIAN. ) );
#9783 = CARTESIAN_POINT ( 'NONE',  ( 0.1760937976981940267, 0.5990954874106664274, 7.699999999999996625 ) ) ;
#9784 = CARTESIAN_POINT ( 'NONE',  ( 1.506186202316687206, -0.9743720189187836667, 7.701000000000000512 ) ) ;
#9785 = ORIENTED_EDGE ( 'NONE', *, *, #3038, .T. ) ;
#9786 = SURFACE_SIDE_STYLE ('',( #3127 ) ) ;
#9787 = B_SPLINE_SURFACE_WITH_KNOTS ( 'NONE', 3, 1, ( 
 ( #4563, #7751 ),
 ( #9232, #7844 ),
 ( #5210, #460 ),
 ( #1080, #3481 ),
 ( #1975, #10242 ),
 ( #8547, #402 ),
 ( #3641, #6938 ),
 ( #2681, #6988 ),
 ( #1871, #9286 ),
 ( #10145, #10196 ),
 ( #2893, #6195 ) ),
 .UNSPECIFIED., .F., .F., .F.,
 ( 4, 1, 1, 1, 1, 1, 1, 1, 4 ),
 ( 2, 2 ),
 ( 0.0000000000000000000, 0.1025520050424250512, 0.2097516685583790674, 0.3238083772187544951, 0.4437948350686899968, 0.5716829047813974940, 0.7064276219654235245, 0.8491029023379823570, 1.000000000000000000 ),
 ( 0.0000000000000000000, 1.000000000000000000 ),
 .UNSPECIFIED. ) ;
#9788 = CARTESIAN_POINT ( 'NONE',  ( -1.417152904829090510, 0.7733431044912247865, 7.701000000000003176 ) ) ;
#9789 = CARTESIAN_POINT ( 'NONE',  ( -0.3520609021693437146, 1.046501710493883408, 7.701000000000002288 ) ) ;
#9790 = CARTESIAN_POINT ( 'NONE',  ( 0.4654128810461275467, 0.7991339397219376917, 7.700999999999998735 ) ) ;
#9791 = DIRECTION ( 'NONE',  ( 1.000000000000000000, 0.0000000000000000000, -0.0000000000000000000 ) ) ;
#9792 =( LENGTH_UNIT ( ) NAMED_UNIT ( * ) SI_UNIT ( .MILLI., .METRE. ) );
#9793 = B_SPLINE_CURVE_WITH_KNOTS ( 'NONE', 3,
 ( #8605, #3644, #10309, #622, #6941, #10419, #1342, #3850, #2033, #6247, #7904, #3685, #3049, #4727, #1243, #6131, #565, #10197, #4512 ),
 .UNSPECIFIED., .F., .F.,
 ( 4, 1, 1, 1, 1, 1, 1, 1, 1, 1, 1, 1, 1, 1, 1, 1, 4 ),
 ( 0.0000000000000000000, 0.08177341008164717984, 0.1597920021087463616, 0.2343707531132675492, 0.3055165892437903263, 0.3735898685844019074, 0.4395316276707837977, 0.5033798556429253113, 0.5653930701479915610, 0.6252238274067789536, 0.6816623917856324821, 0.7358136798259042877, 0.7884777399877862525, 0.8401442025440502004, 0.8920246090405005157, 0.9451326881817342374, 1.000000000000000000 ),
 .UNSPECIFIED. ) ;
#9794 = ADVANCED_FACE ( 'NONE', ( #7142 ), #2986, .T. ) ;
#9795 = CARTESIAN_POINT ( 'NONE',  ( 0.05144679117215950753, 0.06211221019792672465, 7.701000000000001400 ) ) ;
#9796 = FILL_AREA_STYLE_COLOUR ( '', #6593 ) ;
#9797 = PRESENTATION_LAYER_ASSIGNMENT (  '', '', ( #6220 ) ) ;
#9798 = ADVANCED_FACE ( 'NONE', ( #5461 ), #4760, .T. ) ;
#9799 =( NAMED_UNIT ( * ) PLANE_ANGLE_UNIT ( ) SI_UNIT ( $, .RADIAN. ) );
#9800 = EDGE_CURVE ( 'NONE', #9445, #9779, #9743, .T. ) ;
#9801 = ORIENTED_EDGE ( 'NONE', *, *, #8640, .F. ) ;
#9802 = B_SPLINE_CURVE_WITH_KNOTS ( 'NONE', 3,
 ( #7078, #8518, #2152, #7775, #2820, #10386, #2971, #2001, #9517, #1211, #1161, #4479, #1263, #10336, #4535, #7825, #484, #6105, #6269 ),
 .UNSPECIFIED., .F., .F.,
 ( 4, 1, 1, 1, 1, 1, 1, 1, 1, 1, 1, 1, 1, 1, 1, 1, 4 ),
 ( 0.0000000000000000000, 0.08177341008164715208, 0.1597920021087463061, 0.2343707531132674660, 0.3055165892437902153, 0.3735898685844017963, 0.4395316276707836867, 0.5033798556429252002, 0.5653930701479912280, 0.6252238274067788426, 0.6816623917856322601, 0.7358136798259040656, 0.7884777399877858084, 0.8401442025440497563, 0.8920246090404999606, 0.9451326881817336822, 1.000000000000000000 ),
 .UNSPECIFIED. ) ;
#9803 = COLOUR_RGB ( '',0.7960784313725489669, 0.8235294117647058432, 0.9372549019607843146 ) ;
#9804 = CARTESIAN_POINT ( 'NONE',  ( 0.4000000000000000222, 3.649999999999999911, 0.2999999999999999889 ) ) ;
#9805 = DIRECTION ( 'NONE',  ( 1.000000000000000000, 0.0000000000000000000, 0.0000000000000000000 ) ) ;
#9806 = FILL_AREA_STYLE ('',( #1550 ) ) ;
#9807 = CARTESIAN_POINT ( 'NONE',  ( 1.146786118557883594, -0.2309704691727774151, 7.701000000000004064 ) ) ;
#9808 =( LENGTH_UNIT ( ) NAMED_UNIT ( * ) SI_UNIT ( .MILLI., .METRE. ) );
#9809 = EDGE_CURVE ( 'NONE', #4383, #2109, #10496, .T. ) ;
#9810 = ORIENTED_EDGE ( 'NONE', *, *, #9809, .F. ) ;
#9811 = PLANE ( 'NONE',  #7765 ) ;
#9812 = ADVANCED_FACE ( 'NONE', ( #45 ), #4088, .T. ) ;
#9813 = FACE_OUTER_BOUND ( 'NONE', #8500, .T. ) ;
#9814 =( GEOMETRIC_REPRESENTATION_CONTEXT ( 3 ) GLOBAL_UNCERTAINTY_ASSIGNED_CONTEXT ( ( #4062 ) ) GLOBAL_UNIT_ASSIGNED_CONTEXT ( ( #1747, #2552, #5035 ) ) REPRESENTATION_CONTEXT ( 'NONE', 'WORKASPACE' ) );
#9815 = CARTESIAN_POINT ( 'NONE',  ( 0.5136949920701588956, 0.6447103799537275970, 7.701000000000002288 ) ) ;
#9816 = VERTEX_POINT ( 'NONE', #9842 ) ;
#9817 = PRESENTATION_STYLE_ASSIGNMENT (( #12 ) ) ;
#9818 = VECTOR ( 'NONE', #348, 1000.000000000000000 ) ;
#9819 = SURFACE_SIDE_STYLE ('',( #1565 ) ) ;
#9820 = EDGE_LOOP ( 'NONE', ( #9329, #3538, #2047, #2802 ) ) ;
#9821 = LINE ( 'NONE', #4940, #10471 ) ;
#9822 = LINE ( 'NONE', #5750, #4975 ) ;
#9823 = SURFACE_STYLE_USAGE ( .BOTH. , #6624 ) ;
#9824 = CIRCLE ( 'NONE', #7110, 2.800000000000001155 ) ;
#9825 = CIRCLE ( 'NONE', #10171, 3.022727272727273817 ) ;
#9826 = ORIENTED_EDGE ( 'NONE', *, *, #2517, .F. ) ;
#9827 = CARTESIAN_POINT ( 'NONE',  ( 1.887983158113436977, -1.552616197339137250, 7.700000000000001954 ) ) ;
#9828 = DIRECTION ( 'NONE',  ( 1.000000000000000000, 0.0000000000000000000, 0.0000000000000000000 ) ) ;
#9829 =( GEOMETRIC_REPRESENTATION_CONTEXT ( 3 ) GLOBAL_UNCERTAINTY_ASSIGNED_CONTEXT ( ( #9019 ) ) GLOBAL_UNIT_ASSIGNED_CONTEXT ( ( #1400, #9497, #2183 ) ) REPRESENTATION_CONTEXT ( 'NONE', 'WORKASPACE' ) );
#9830 = VECTOR ( 'NONE', #6226, 1000.000000000000000 ) ;
#9831 = CARTESIAN_POINT ( 'NONE',  ( -1.459402778558030356, 0.8350480683122247783, 7.699999999999999289 ) ) ;
#9832 = CARTESIAN_POINT ( 'NONE',  ( -0.4299630074165829985, -0.009925979538943811159, 7.701000000000000512 ) ) ;
#9833 = ORIENTED_EDGE ( 'NONE', *, *, #10252, .T. ) ;
#9834 = LINE ( 'NONE', #1044, #3965 ) ;
#9835 = SURFACE_STYLE_USAGE ( .BOTH. , #5876 ) ;
#9836 = CARTESIAN_POINT ( 'NONE',  ( 2.007775029551842838, -0.004132289727723002445, 7.700000000000001954 ) ) ;
#9837 = LINE ( 'NONE', #2482, #7378 ) ;
#9838 = VERTEX_POINT ( 'NONE', #953 ) ;
#9839 = CARTESIAN_POINT ( 'NONE',  ( -0.3999999999999999667, 3.299999999999999822, 0.2999999999999999889 ) ) ;
#9840 = CARTESIAN_POINT ( 'NONE',  ( 2.149927442264945476, -0.1071168712504043802, 7.699999999999999289 ) ) ;
#9841 = CARTESIAN_POINT ( 'NONE',  ( 0.4924942312413655987, 0.8514628111102653385, 7.701000000000000512 ) ) ;
#9842 = CARTESIAN_POINT ( 'NONE',  ( 0.01636236317636576704, 0.8927190288271403817, 7.701000000000000512 ) ) ;
#9843 = CARTESIAN_POINT ( 'NONE',  ( -0.1114891974168682465, -0.2300156873408740754, 7.701000000000002288 ) ) ;
#9844 = DIRECTION ( 'NONE',  ( 0.0000000000000000000, 0.0000000000000000000, -1.000000000000000000 ) ) ;
#9845 = ORIENTED_EDGE ( 'NONE', *, *, #5945, .F. ) ;
#9846 = ORIENTED_EDGE ( 'NONE', *, *, #4082, .F. ) ;
#9847 = EDGE_CURVE ( 'NONE', #6696, #10412, #4200, .T. ) ;
#9848 = LINE ( 'NONE', #9159, #504 ) ;
#9849 = CARTESIAN_POINT ( 'NONE',  ( 2.020926007432648497, -0.1866210762621359487, 7.701000000000000512 ) ) ;
#9850 = CARTESIAN_POINT ( 'NONE',  ( 1.284860629587200043, -0.3086036480344716004, 7.701000000000003176 ) ) ;
#9851 = ORIENTED_EDGE ( 'NONE', *, *, #10519, .T. ) ;
#9852 = CARTESIAN_POINT ( 'NONE',  ( -0.2102565378644359606, 1.125185479184296344, 7.700000000000000178 ) ) ;
#9853 = PLANE ( 'NONE',  #1830 ) ;
#9854 = CARTESIAN_POINT ( 'NONE',  ( 3.667833284852892019E-17, 0.0000000000000000000, 7.499999999999999112 ) ) ;
#9855 = SURFACE_STYLE_USAGE ( .BOTH. , #814 ) ;
#9856 = VERTEX_POINT ( 'NONE', #905 ) ;
#9857 = UNCERTAINTY_MEASURE_WITH_UNIT (LENGTH_MEASURE( 1.000000000000000082E-05 ), #7871, 'distance_accuracy_value', 'NONE');
#9858 = ADVANCED_FACE ( 'NONE', ( #7506 ), #5288, .T. ) ;
#9859 = EDGE_CURVE ( 'NONE', #1644, #268, #1839, .T. ) ;
#9860 =( LENGTH_UNIT ( ) NAMED_UNIT ( * ) SI_UNIT ( .MILLI., .METRE. ) );
#9861 = CARTESIAN_POINT ( 'NONE',  ( -0.4298476370812195357, -0.01871969251046251559, 7.700000000000001066 ) ) ;
#9862 =( NAMED_UNIT ( * ) PLANE_ANGLE_UNIT ( ) SI_UNIT ( $, .RADIAN. ) );
#9863 = VERTEX_POINT ( 'NONE', #6753 ) ;
#9864 = CARTESIAN_POINT ( 'NONE',  ( 1.568996007524917191, -1.596728343314334442, 7.701000000000000512 ) ) ;
#9865 = DIRECTION ( 'NONE',  ( -1.227398685832646557E-16, 1.000000000000000000, 0.0000000000000000000 ) ) ;
#9866 = PRESENTATION_STYLE_ASSIGNMENT (( #2468 ) ) ;
#9867 = CARTESIAN_POINT ( 'NONE',  ( 1.547733973726830303, -0.9736561008405421047, 7.700000000000000178 ) ) ;
#9868 = B_SPLINE_SURFACE_WITH_KNOTS ( 'NONE', 3, 1, ( 
 ( #8733, #5400 ),
 ( #1430, #7873 ),
 ( #8677, #3018 ),
 ( #10387, #1370 ),
 ( #6317, #9575 ),
 ( #7982, #637 ),
 ( #10498, #9684 ),
 ( #841, #9783 ),
 ( #741, #5765 ),
 ( #5827, #3973 ),
 ( #90, #3215 ),
 ( #9028, #8930 ),
 ( #2431, #6589 ),
 ( #7238, #3266 ),
 ( #3124, #3919 ),
 ( #1677, #6477 ),
 ( #4961, #891 ),
 ( #4133, #2537 ),
 ( #4804, #2322 ) ),
 .UNSPECIFIED., .F., .F., .F.,
 ( 4, 1, 1, 1, 1, 1, 1, 1, 1, 1, 1, 1, 1, 1, 1, 1, 4 ),
 ( 2, 2 ),
 ( 0.0000000000000000000, 0.05551817446916562648, 0.1097471184024841756, 0.1624352648495332452, 0.2147137883232801414, 0.2659563692416745395, 0.3167506164257143930, 0.3675251740084004570, 0.4185649003295843218, 0.4719529624820097413, 0.5305510956145390589, 0.5948234742884874748, 0.6645435119110325584, 0.7398682912118582644, 0.8204878306950423861, 0.9075305155199062668, 0.9999999999999998890 ),
 ( 0.0000000000000000000, 1.000000000000000000 ),
 .UNSPECIFIED. ) ;
#9869 = VERTEX_POINT ( 'NONE', #6052 ) ;
#9870 = DIRECTION ( 'NONE',  ( -0.0000000000000000000, -0.0000000000000000000, -1.000000000000000000 ) ) ;
#9871 =( NAMED_UNIT ( * ) SI_UNIT ( $, .STERADIAN. ) SOLID_ANGLE_UNIT ( ) );
#9872 = UNCERTAINTY_MEASURE_WITH_UNIT (LENGTH_MEASURE( 1.000000000000000082E-05 ), #4426, 'distance_accuracy_value', 'NONE');
#9873 = CARTESIAN_POINT ( 'NONE',  ( 2.035690977191942697, -1.390508032624242274, 7.700000000000001066 ) ) ;
#9874 = SURFACE_STYLE_FILL_AREA ( #7438 ) ;
#9875 = FACE_OUTER_BOUND ( 'NONE', #9245, .T. ) ;
#9876 = CARTESIAN_POINT ( 'NONE',  ( -1.284331856552713091, 0.7151637655159539531, 7.700000000000001954 ) ) ;
#9877 = CARTESIAN_POINT ( 'NONE',  ( 1.506185639239239649, -0.4956855550679459821, 7.701000000000002288 ) ) ;
#9878 = EDGE_LOOP ( 'NONE', ( #10404, #3834, #5730, #9613 ) ) ;
#9879 = LINE ( 'NONE', #6633, #9456 ) ;
#9880 = CARTESIAN_POINT ( 'NONE',  ( 1.333419584706074357, -0.4707695213665537004, 7.700999999999998735 ) ) ;
#9881 = B_SPLINE_CURVE_WITH_KNOTS ( 'NONE', 3,
 ( #6218, #5235, #9461, #7771, #7129, #4421, #10382, #7714, #10331, #1367, #3703, #3608, #9514, #3662, #2817, #3017, #425, #2055, #8730 ),
 .UNSPECIFIED., .F., .F.,
 ( 4, 1, 1, 1, 1, 1, 1, 1, 1, 1, 1, 1, 1, 1, 1, 1, 4 ),
 ( 0.0000000000000000000, 0.06076669972360949912, 0.1177457918657218577, 0.1726623645385775563, 0.2253979615528524938, 0.2769367840930760938, 0.3284173684634983381, 0.3807417951504880049, 0.4343798206534031370, 0.4908937120277337973, 0.5503058402017673156, 0.6135243078785277415, 0.6810294414562193532, 0.7530968207325495767, 0.8302879085301325679, 0.9120706871394317350, 1.000000000000000000 ),
 .UNSPECIFIED. ) ;
#9882 = PRESENTATION_STYLE_ASSIGNMENT (( #6693 ) ) ;
#9883 = AXIS2_PLACEMENT_3D ( 'NONE', #5534, #4721, #1289 ) ;
#9884 = CARTESIAN_POINT ( 'NONE',  ( 2.060445751672498549, -0.3332844283545050024, 7.700000000000001066 ) ) ;
#9885 = SURFACE_SIDE_STYLE ('',( #7448 ) ) ;
#9886 = ORIENTED_EDGE ( 'NONE', *, *, #3202, .T. ) ;
#9887 = LINE ( 'NONE', #8132, #4142 ) ;
#9888 = CARTESIAN_POINT ( 'NONE',  ( 1.750209852977628655, 0.2682543131396331604, 7.701000000000000512 ) ) ;
#9889 = VECTOR ( 'NONE', #5626, 1000.000000000000000 ) ;
#9890 = FACE_OUTER_BOUND ( 'NONE', #10538, .T. ) ;
#9891 =( GEOMETRIC_REPRESENTATION_CONTEXT ( 3 ) GLOBAL_UNCERTAINTY_ASSIGNED_CONTEXT ( ( #8724 ) ) GLOBAL_UNIT_ASSIGNED_CONTEXT ( ( #10232, #2079, #8485 ) ) REPRESENTATION_CONTEXT ( 'NONE', 'WORKASPACE' ) );
#9892 = CARTESIAN_POINT ( 'NONE',  ( 0.3521936989761150771, 0.7321733656141460322, 7.701000000000000512 ) ) ;
#9893 = DIRECTION ( 'NONE',  ( 0.0000000000000000000, -0.0000000000000000000, -1.000000000000000000 ) ) ;
#9894 = DIRECTION ( 'NONE',  ( 0.0000000000000000000, 1.000000000000000000, 0.0000000000000000000 ) ) ;
#9895 = CARTESIAN_POINT ( 'NONE',  ( 1.323303463200618202, -0.3188315724877765489, 7.699999999999998401 ) ) ;
#9896 =( NAMED_UNIT ( * ) PLANE_ANGLE_UNIT ( ) SI_UNIT ( $, .RADIAN. ) );
#9897 = STYLED_ITEM ( 'NONE', ( #3158 ), #1023 ) ;
#9898 = MECHANICAL_DESIGN_GEOMETRIC_PRESENTATION_REPRESENTATION (  '', ( #2878 ), #5979 ) ;
#9899 = CLOSED_SHELL ( 'NONE', ( #5546, #2850, #9485, #7988, #2588, #4560, #582, #2795, #4337, #4006, #6796, #8230, #4699, #1971, #1150, #7252, #4149 ) ) ;
#9900 = ORIENTED_EDGE ( 'NONE', *, *, #1736, .F. ) ;
#9901 = ORIENTED_EDGE ( 'NONE', *, *, #8694, .T. ) ;
#9902 = FILL_AREA_STYLE ('',( #1406 ) ) ;
#9903 = DIRECTION ( 'NONE',  ( -0.0000000000000000000, -0.0000000000000000000, -1.000000000000000000 ) ) ;
#9904 = CARTESIAN_POINT ( 'NONE',  ( -0.3746628193616897695, 1.233122264752798625, 7.700000000000000178 ) ) ;
#9905 =( NAMED_UNIT ( * ) PLANE_ANGLE_UNIT ( ) SI_UNIT ( $, .RADIAN. ) );
#9906 = MECHANICAL_DESIGN_GEOMETRIC_PRESENTATION_REPRESENTATION (  '', ( #6838 ), #5981 ) ;
#9907 = CARTESIAN_POINT ( 'NONE',  ( -0.5149773637200018017, 0.1975179055035130304, 7.701000000000000512 ) ) ;
#9908 = ORIENTED_EDGE ( 'NONE', *, *, #1345, .T. ) ;
#9909 = SURFACE_SIDE_STYLE ('',( #3292 ) ) ;
#9910 = VECTOR ( 'NONE', #749, 1000.000000000000000 ) ;
#9911 = CARTESIAN_POINT ( 'NONE',  ( 1.677484788994017872, 0.1235885858669402981, 7.700999999999999623 ) ) ;
#9912 = ADVANCED_FACE ( 'NONE', ( #10002 ), #4313, .F. ) ;
#9913 = SURFACE_SIDE_STYLE ('',( #7366 ) ) ;
#9914 = CARTESIAN_POINT ( 'NONE',  ( -1.300000000000000044, -3.033150177620620003, 1.000000000000000000 ) ) ;
#9915 = FACE_OUTER_BOUND ( 'NONE', #8591, .T. ) ;
#9916 = CARTESIAN_POINT ( 'NONE',  ( 0.02852317962957789596, 0.8797912196760592218, 7.701000000000001400 ) ) ;
#9917 =( GEOMETRIC_REPRESENTATION_CONTEXT ( 3 ) GLOBAL_UNCERTAINTY_ASSIGNED_CONTEXT ( ( #5047 ) ) GLOBAL_UNIT_ASSIGNED_CONTEXT ( ( #7980, #4698, #6381 ) ) REPRESENTATION_CONTEXT ( 'NONE', 'WORKASPACE' ) );
#9918 = SURFACE_SIDE_STYLE ('',( #8327 ) ) ;
#9919 = DIRECTION ( 'NONE',  ( 0.0000000000000000000, 1.000000000000000000, 0.0000000000000000000 ) ) ;
#9920 = CARTESIAN_POINT ( 'NONE',  ( 1.147728627196940687, -1.079476954794773569, 7.700000000000000178 ) ) ;
#9921 = ADVANCED_FACE ( 'NONE', ( #2818 ), #6158, .F. ) ;
#9922 = ADVANCED_FACE ( 'NONE', ( #635 ), #3818, .T. ) ;
#9923 =( NAMED_UNIT ( * ) SI_UNIT ( $, .STERADIAN. ) SOLID_ANGLE_UNIT ( ) );
#9924 = PRESENTATION_LAYER_ASSIGNMENT (  '', '', ( #2560 ) ) ;
#9925 = EDGE_CURVE ( 'NONE', #8131, #7383, #7130, .T. ) ;
#9926 = ORIENTED_EDGE ( 'NONE', *, *, #2701, .F. ) ;
#9927 = CARTESIAN_POINT ( 'NONE',  ( 0.9884938499748574525, -0.09283809360513459175, 7.700999999999998735 ) ) ;
#9928 = SURFACE_STYLE_USAGE ( .BOTH. , #240 ) ;
#9929 =( NAMED_UNIT ( * ) SI_UNIT ( $, .STERADIAN. ) SOLID_ANGLE_UNIT ( ) );
#9930 = CARTESIAN_POINT ( 'NONE',  ( 0.1521028560131126584, -0.09055910310314017886, 7.700000000000002842 ) ) ;
#9931 = CARTESIAN_POINT ( 'NONE',  ( 1.101417047856113829, -0.1066740881446573280, 7.700000000000000178 ) ) ;
#9932 = CARTESIAN_POINT ( 'NONE',  ( -0.4283466931210122564, 0.04067761430570299847, 7.700999999999999623 ) ) ;
#9933 = ORIENTED_EDGE ( 'NONE', *, *, #1101, .F. ) ;
#9934 =( LENGTH_UNIT ( ) NAMED_UNIT ( * ) SI_UNIT ( .MILLI., .METRE. ) );
#9935 = CARTESIAN_POINT ( 'NONE',  ( -1.256748052217145695, 0.7147202203168572243, 7.700000000000000178 ) ) ;
#9936 = AXIS2_PLACEMENT_3D ( 'NONE', #324, #2162, #7731 ) ;
#9937 = EDGE_CURVE ( 'NONE', #3529, #6165, #1426, .T. ) ;
#9938 = SURFACE_STYLE_USAGE ( .BOTH. , #4358 ) ;
#9939 = CARTESIAN_POINT ( 'NONE',  ( 3.300000000000042455, -1.300000000000000044, 1.000000000000000000 ) ) ;
#9940 = ORIENTED_EDGE ( 'NONE', *, *, #315, .T. ) ;
#9941 = DIRECTION ( 'NONE',  ( 0.0000000000000000000, -1.000000000000000000, 0.0000000000000000000 ) ) ;
#9942 = COLOUR_RGB ( '',0.0000000000000000000, 0.0000000000000000000, 0.0000000000000000000 ) ;
#9943 = COLOUR_RGB ( '',0.0000000000000000000, 0.0000000000000000000, 0.0000000000000000000 ) ;
#9944 = CARTESIAN_POINT ( 'NONE',  ( 1.855816306464176169, 0.2414749772568856589, 7.699999999999996625 ) ) ;
#9945 = PLANE ( 'NONE',  #8033 ) ;
#9946 = CARTESIAN_POINT ( 'NONE',  ( -0.04535027204931735972, -0.1925201198973792993, 7.700000000000001066 ) ) ;
#9947 = DIRECTION ( 'NONE',  ( 1.566230603695991232E-12, -9.834467976115739510E-14, 1.000000000000000000 ) ) ;
#9948 = MECHANICAL_DESIGN_GEOMETRIC_PRESENTATION_REPRESENTATION (  '', ( #5853 ), #5334 ) ;
#9949 = CARTESIAN_POINT ( 'NONE',  ( 0.0000000000000000000, -1.100000000000000089, 0.2999999999999999889 ) ) ;
#9950 = LINE ( 'NONE', #1841, #623 ) ;
#9951 = COLOUR_RGB ( '',0.7960784313725489669, 0.8235294117647058432, 0.9372549019607843146 ) ;
#9952 = CIRCLE ( 'NONE', #2413, 0.4500000000000000111 ) ;
#9953 = ORIENTED_EDGE ( 'NONE', *, *, #10341, .T. ) ;
#9954 = ORIENTED_EDGE ( 'NONE', *, *, #9537, .F. ) ;
#9955 = CARTESIAN_POINT ( 'NONE',  ( 2.140823534941728390, -1.279577037141637730, 7.700000000000001066 ) ) ;
#9956 = CARTESIAN_POINT ( 'NONE',  ( -0.4215994731903656145, -0.08431309645595769231, 7.700999999999997847 ) ) ;
#9957 = DIRECTION ( 'NONE',  ( -0.0000000000000000000, -0.0000000000000000000, -1.000000000000000000 ) ) ;
#9958 =( NAMED_UNIT ( * ) SI_UNIT ( $, .STERADIAN. ) SOLID_ANGLE_UNIT ( ) );
#9959 = CARTESIAN_POINT ( 'NONE',  ( 1.887983158113436311, -0.2967942051096081890, 7.701000000000002288 ) ) ;
#9960 = DIRECTION ( 'NONE',  ( 1.227398685832646557E-16, 1.000000000000000000, -0.0000000000000000000 ) ) ;
#9961 =( NAMED_UNIT ( * ) SI_UNIT ( $, .STERADIAN. ) SOLID_ANGLE_UNIT ( ) );
#9962 = FILL_AREA_STYLE ('',( #3395 ) ) ;
#9963 = ORIENTED_EDGE ( 'NONE', *, *, #7328, .T. ) ;
#9964 = PLANE ( 'NONE',  #5178 ) ;
#9965 = FILL_AREA_STYLE_COLOUR ( '', #6164 ) ;
#9966 =( NAMED_UNIT ( * ) SI_UNIT ( $, .STERADIAN. ) SOLID_ANGLE_UNIT ( ) );
#9967 = CARTESIAN_POINT ( 'NONE',  ( -0.5000000000000002220, -3.299999999999999822, 0.0000000000000000000 ) ) ;
#9968 = UNCERTAINTY_MEASURE_WITH_UNIT (LENGTH_MEASURE( 1.000000000000000082E-05 ), #8824, 'distance_accuracy_value', 'NONE');
#9969 = COLOUR_RGB ( '',0.7960784313725489669, 0.8235294117647058432, 0.9372549019607843146 ) ;
#9970 = CARTESIAN_POINT ( 'NONE',  ( 0.4245060661454621020, 0.7600236032989883261, 7.700000000000001954 ) ) ;
#9971 = CARTESIAN_POINT ( 'NONE',  ( 0.2357247483109165542, 0.7383957971868608805, 7.699999999999998401 ) ) ;
#9972 = ORIENTED_EDGE ( 'NONE', *, *, #7405, .T. ) ;
#9973 = CARTESIAN_POINT ( 'NONE',  ( 1.365428970896007232, -1.582627147575494941, 7.701000000000001400 ) ) ;
#9974 = CARTESIAN_POINT ( 'NONE',  ( 1.282175708585657103, -1.014347014972642791, 7.699999999999999289 ) ) ;
#9975 = CARTESIAN_POINT ( 'NONE',  ( 1.146786118557883594, -0.2309704691727774151, 7.700000000000003730 ) ) ;
#9976 = CARTESIAN_POINT ( 'NONE',  ( -1.081627333894218168, 1.068946704914435442, 7.701000000000000512 ) ) ;
#9977 = EDGE_LOOP ( 'NONE', ( #2562, #5679, #7949, #791 ) ) ;
#9978 = CARTESIAN_POINT ( 'NONE',  ( 0.9971684801081069915, -0.02375504491210921748, 7.701000000000005841 ) ) ;
#9979 = UNCERTAINTY_MEASURE_WITH_UNIT (LENGTH_MEASURE( 1.000000000000000082E-05 ), #4660, 'distance_accuracy_value', 'NONE');
#9980 = CARTESIAN_POINT ( 'NONE',  ( 1.814688551849216402, -1.574653564717304999, 7.701000000000003176 ) ) ;
#9981 = EDGE_CURVE ( 'NONE', #1020, #9099, #3706, .T. ) ;
#9982 = CARTESIAN_POINT ( 'NONE',  ( 0.9884938499748574525, -0.09283809360513459175, 7.699999999999998401 ) ) ;
#9983 = VERTEX_POINT ( 'NONE', #5565 ) ;
#9984 = FILL_AREA_STYLE ('',( #4127 ) ) ;
#9985 = CARTESIAN_POINT ( 'NONE',  ( 1.858578643762690330, -3.200000000000000178, 0.6999999999999999556 ) ) ;
#9986 = ORIENTED_EDGE ( 'NONE', *, *, #8893, .T. ) ;
#9987 = MECHANICAL_DESIGN_GEOMETRIC_PRESENTATION_REPRESENTATION (  '', ( #8115 ), #3651 ) ;
#9988 = PRESENTATION_STYLE_ASSIGNMENT (( #2643 ) ) ;
#9989 = CARTESIAN_POINT ( 'NONE',  ( -1.105739463089840058, 0.8139788546604442843, 7.699999999999999289 ) ) ;
#9990 = MECHANICAL_DESIGN_GEOMETRIC_PRESENTATION_REPRESENTATION (  '', ( #4153 ), #2100 ) ;
#9991 = ORIENTED_EDGE ( 'NONE', *, *, #9015, .F. ) ;
#9992 = SURFACE_SIDE_STYLE ('',( #7500 ) ) ;
#9993 = VECTOR ( 'NONE', #4602, 1000.000000000000000 ) ;
#9994 = EDGE_CURVE ( 'NONE', #6729, #6225, #6861, .T. ) ;
#9995 = MECHANICAL_DESIGN_GEOMETRIC_PRESENTATION_REPRESENTATION (  '', ( #3988 ), #7112 ) ;
#9996 = ADVANCED_FACE ( 'NONE', ( #9571 ), #9515, .T. ) ;
#9997 = LINE ( 'NONE', #5934, #2540 ) ;
#9998 = LINE ( 'NONE', #6747, #477 ) ;
#9999 = SURFACE_STYLE_USAGE ( .BOTH. , #1109 ) ;
#10000 = LINE ( 'NONE', #1639, #4466 ) ;
#10001 = SURFACE_SIDE_STYLE ('',( #1949 ) ) ;
#10002 = FACE_OUTER_BOUND ( 'NONE', #8272, .T. ) ;
#10003 =( NAMED_UNIT ( * ) SI_UNIT ( $, .STERADIAN. ) SOLID_ANGLE_UNIT ( ) );
#10004 =( GEOMETRIC_REPRESENTATION_CONTEXT ( 3 ) GLOBAL_UNCERTAINTY_ASSIGNED_CONTEXT ( ( #1816 ) ) GLOBAL_UNIT_ASSIGNED_CONTEXT ( ( #7350, #9799, #4032 ) ) REPRESENTATION_CONTEXT ( 'NONE', 'WORKASPACE' ) );
#10005 = EDGE_LOOP ( 'NONE', ( #6638, #2337, #7893, #5425 ) ) ;
#10006 = ORIENTED_EDGE ( 'NONE', *, *, #6807, .T. ) ;
#10007 = CARTESIAN_POINT ( 'NONE',  ( 0.0000000000000000000, 1.100000000000000089, 0.2999999999999999889 ) ) ;
#10008 = SURFACE_SIDE_STYLE ('',( #4266 ) ) ;
#10009 =( NAMED_UNIT ( * ) PLANE_ANGLE_UNIT ( ) SI_UNIT ( $, .RADIAN. ) );
#10010 = DIRECTION ( 'NONE',  ( -0.0000000000000000000, -0.0000000000000000000, -1.000000000000000000 ) ) ;
#10011 = PRESENTATION_LAYER_ASSIGNMENT (  '', '', ( #2125 ) ) ;
#10012 =( NAMED_UNIT ( * ) PLANE_ANGLE_UNIT ( ) SI_UNIT ( $, .RADIAN. ) );
#10013 = CARTESIAN_POINT ( 'NONE',  ( 1.970852870559638648, -0.2502706809640753427, 7.700000000000001954 ) ) ;
#10014 = DIRECTION ( 'NONE',  ( -0.0000000000000000000, -1.000000000000000000, -0.0000000000000000000 ) ) ;
#10015 = ORIENTED_EDGE ( 'NONE', *, *, #1402, .T. ) ;
#10016 = CARTESIAN_POINT ( 'NONE',  ( 2.020926007432648497, -0.1866210762621359487, 7.700999999999999623 ) ) ;
#10017 = CARTESIAN_POINT ( 'NONE',  ( 1.077752444354472372, -1.137202871304652696, 7.700999999999999623 ) ) ;
#10018 = ORIENTED_EDGE ( 'NONE', *, *, #10463, .T. ) ;
#10019 =( NAMED_UNIT ( * ) PLANE_ANGLE_UNIT ( ) SI_UNIT ( $, .RADIAN. ) );
#10020 = CARTESIAN_POINT ( 'NONE',  ( -0.4215994731903656145, -0.08431309645595769231, 7.699999999999997513 ) ) ;
#10021 =( NAMED_UNIT ( * ) SI_UNIT ( $, .STERADIAN. ) SOLID_ANGLE_UNIT ( ) );
#10022 = ORIENTED_EDGE ( 'NONE', *, *, #3866, .T. ) ;
#10023 = FILL_AREA_STYLE ('',( #5102 ) ) ;
#10024 = FACE_BOUND ( 'NONE', #486, .T. ) ;
#10025 =( NAMED_UNIT ( * ) SI_UNIT ( $, .STERADIAN. ) SOLID_ANGLE_UNIT ( ) );
#10026 = DIRECTION ( 'NONE',  ( 1.000000000000000000, 0.0000000000000000000, 0.0000000000000000000 ) ) ;
#10027 = CARTESIAN_POINT ( 'NONE',  ( 1.590332005407798510, -0.4964015138009302275, 7.700999999999998735 ) ) ;
#10028 = ORIENTED_EDGE ( 'NONE', *, *, #1651, .T. ) ;
#10029 = CARTESIAN_POINT ( 'NONE',  ( 1.506186202316686762, 0.2814499733107446722, 7.701000000000000512 ) ) ;
#10030 = SURFACE_STYLE_FILL_AREA ( #2526 ) ;
#10031 = CARTESIAN_POINT ( 'NONE',  ( 1.387782162072205727, 0.2682543131396332159, 7.699999999999999289 ) ) ;
#10032 = ORIENTED_EDGE ( 'NONE', *, *, #2728, .T. ) ;
#10033 = CARTESIAN_POINT ( 'NONE',  ( -0.9688646006334601379, 0.8507360026619501525, 7.700000000000001066 ) ) ;
#10034 = CARTESIAN_POINT ( 'NONE',  ( 1.050040676683823504, -0.3010030133532428653, 7.700999999999999623 ) ) ;
#10035 = VERTEX_POINT ( 'NONE', #6688 ) ;
#10036 = FILL_AREA_STYLE ('',( #6790 ) ) ;
#10037 = CARTESIAN_POINT ( 'NONE',  ( -1.164200790730190782, 0.7391506803909798640, 7.700000000000004619 ) ) ;
#10038 = DIRECTION ( 'NONE',  ( -1.000000000000000000, 0.0000000000000000000, 0.0000000000000000000 ) ) ;
#10039 = EDGE_CURVE ( 'NONE', #1910, #3085, #6631, .T. ) ;
#10040 = ORIENTED_EDGE ( 'NONE', *, *, #8872, .F. ) ;
#10041 =( NAMED_UNIT ( * ) PLANE_ANGLE_UNIT ( ) SI_UNIT ( $, .RADIAN. ) );
#10042 = B_SPLINE_SURFACE_WITH_KNOTS ( 'NONE', 3, 1, ( 
 ( #4991, #4756 ),
 ( #2223, #8844 ),
 ( #3925, #8936 ),
 ( #7291, #3171 ),
 ( #4027, #7245 ),
 ( #644, #6546 ),
 ( #1438, #8795 ),
 ( #8134, #1589 ),
 ( #9789, #7987 ),
 ( #6392, #2329 ),
 ( #8888, #3874 ) ),
 .UNSPECIFIED., .F., .F., .F.,
 ( 4, 1, 1, 1, 1, 1, 1, 1, 4 ),
 ( 2, 2 ),
 ( 0.0000000000000000000, 0.1562506875537232609, 0.3022282093220775012, 0.4384068130661600837, 0.5658616296338154772, 0.6843310767335580858, 0.7957406958613756354, 0.9003027622054138313, 1.000000000000000000 ),
 ( 0.0000000000000000000, 1.000000000000000000 ),
 .UNSPECIFIED. ) ;
#10043 = CARTESIAN_POINT ( 'NONE',  ( 1.130216985497991988, -1.259954281957251565, 7.699999999999999289 ) ) ;
#10044 = DIRECTION ( 'NONE',  ( 0.0000000000000000000, 0.0000000000000000000, -1.000000000000000000 ) ) ;
#10045 = FILL_AREA_STYLE ('',( #6802 ) ) ;
#10046 = CARTESIAN_POINT ( 'NONE',  ( -0.1831664430184660186, -0.2415110787477090515, 7.700000000000001954 ) ) ;
#10047 =( GEOMETRIC_REPRESENTATION_CONTEXT ( 3 ) GLOBAL_UNCERTAINTY_ASSIGNED_CONTEXT ( ( #10187 ) ) GLOBAL_UNIT_ASSIGNED_CONTEXT ( ( #8588, #7034, #10395 ) ) REPRESENTATION_CONTEXT ( 'NONE', 'WORKASPACE' ) );
#10048 = DIRECTION ( 'NONE',  ( -0.7071067811865441310, -0.7071067811865510144, 0.0000000000000000000 ) ) ;
#10049 =( NAMED_UNIT ( * ) SI_UNIT ( $, .STERADIAN. ) SOLID_ANGLE_UNIT ( ) );
#10050 =( NAMED_UNIT ( * ) PLANE_ANGLE_UNIT ( ) SI_UNIT ( $, .RADIAN. ) );
#10051 = EDGE_CURVE ( 'NONE', #4786, #1132, #3917, .T. ) ;
#10052 = ADVANCED_FACE ( 'NONE', ( #86 ), #6382, .T. ) ;
#10053 = VERTEX_POINT ( 'NONE', #2805 ) ;
#10054 = AXIS2_PLACEMENT_3D ( 'NONE', #271, #5145, #439 ) ;
#10055 = ORIENTED_EDGE ( 'NONE', *, *, #9483, .T. ) ;
#10056 = EDGE_CURVE ( 'NONE', #8045, #1927, #7654, .T. ) ;
#10057 = CARTESIAN_POINT ( 'NONE',  ( 2.060239570695362232, -1.137202871304652474, 7.700000000000000178 ) ) ;
#10058 = STYLED_ITEM ( 'NONE', ( #3634 ), #1865 ) ;
#10059 =( NAMED_UNIT ( * ) SI_UNIT ( $, .STERADIAN. ) SOLID_ANGLE_UNIT ( ) );
#10060 = FACE_OUTER_BOUND ( 'NONE', #2811, .T. ) ;
#10061 = CARTESIAN_POINT ( 'NONE',  ( 2.029895727345534251, -1.417331104751459847, 7.700000000000000178 ) ) ;
#10062 = CARTESIAN_POINT ( 'NONE',  ( 3.299999999999998934, 3.199999999999999289, 0.0000000000000000000 ) ) ;
#10063 = CARTESIAN_POINT ( 'NONE',  ( 1.991205896491950345, -0.2309704691727770265, 7.699999999999999289 ) ) ;
#10064 = CARTESIAN_POINT ( 'NONE',  ( 1.050040676683823504, -0.3010030133532428653, 7.699999999999999289 ) ) ;
#10065 = CARTESIAN_POINT ( 'NONE',  ( 0.3999999999999996891, 1.000000000000000000, 0.6999999999999999556 ) ) ;
#10066 = ORIENTED_EDGE ( 'NONE', *, *, #2975, .T. ) ;
#10067 = CARTESIAN_POINT ( 'NONE',  ( 2.036574967193720109, -0.1066740881446573280, 7.701000000000001400 ) ) ;
#10068 = B_SPLINE_CURVE_WITH_KNOTS ( 'NONE', 3,
 ( #5540, #9657, #7962, #10475, #5428, #1401, #2134, #8104, #10567, #662, #9545, #3002, #6450, #3094, #5590, #6409, #3146, #3048, #2185 ),
 .UNSPECIFIED., .F., .F.,
 ( 4, 1, 1, 1, 1, 1, 1, 1, 1, 1, 1, 1, 1, 1, 1, 1, 4 ),
 ( 0.0000000000000000000, 0.07353686393683697697, 0.1436068778591247652, 0.2105645324946243957, 0.2749492648384426197, 0.3378697830924421441, 0.3992093969175268819, 0.4595406689710959114, 0.5203316690567971747, 0.5798525569894091847, 0.6381758874373923973, 0.6960167245190616025, 0.7537248409736133636, 0.8126461195314694796, 0.8724424269254011932, 0.9349846037579172542, 1.000000000000000000 ),
 .UNSPECIFIED. ) ;
#10069 = AXIS2_PLACEMENT_3D ( 'NONE', #1153, #10044, #5886 ) ;
#10070 = VECTOR ( 'NONE', #10512, 1000.000000000000000 ) ;
#10071 = CARTESIAN_POINT ( 'NONE',  ( -0.1831664430184660186, -0.2415110787477090515, 7.700000000000001954 ) ) ;
#10072 = FILL_AREA_STYLE ('',( #6768 ) ) ;
#10073 = STYLED_ITEM ( 'NONE', ( #274 ), #6874 ) ;
#10074 = ORIENTED_EDGE ( 'NONE', *, *, #6140, .F. ) ;
#10075 = UNCERTAINTY_MEASURE_WITH_UNIT (LENGTH_MEASURE( 1.000000000000000082E-05 ), #3994, 'distance_accuracy_value', 'NONE');
#10076 = STYLED_ITEM ( 'NONE', ( #7394 ), #1157 ) ;
#10077 = CARTESIAN_POINT ( 'NONE',  ( -0.1875116132934132596, 1.106129798311148216, 7.699999999999998401 ) ) ;
#10078 = MECHANICAL_DESIGN_GEOMETRIC_PRESENTATION_REPRESENTATION (  '', ( #4944 ), #1181 ) ;
#10079 = PRESENTATION_LAYER_ASSIGNMENT (  '', '', ( #6838 ) ) ;
#10080 = CARTESIAN_POINT ( 'NONE',  ( -1.300000000000000044, -3.033150177620620003, 1.000000000000000000 ) ) ;
#10081 = CARTESIAN_POINT ( 'NONE',  ( 0.2725533184333798764, 0.7305884293773717841, 7.701000000000001400 ) ) ;
#10082 = VERTEX_POINT ( 'NONE', #9294 ) ;
#10083 = CARTESIAN_POINT ( 'NONE',  ( -1.151215160330809617, 0.5701544048096052197, 7.701000000000002288 ) ) ;
#10084 = CARTESIAN_POINT ( 'NONE',  ( 2.148665991867709124, -1.405465515667228882, 7.700999999999999623 ) ) ;
#10085 = SURFACE_SIDE_STYLE ('',( #1293 ) ) ;
#10086 = CYLINDRICAL_SURFACE ( 'NONE', #11, 3.300000000000001155 ) ;
#10087 = DIRECTION ( 'NONE',  ( 0.0000000000000000000, 1.000000000000000000, 0.0000000000000000000 ) ) ;
#10088 = FILL_AREA_STYLE ('',( #3534 ) ) ;
#10089 = VECTOR ( 'NONE', #8794, 1000.000000000000227 ) ;
#10090 = ORIENTED_EDGE ( 'NONE', *, *, #3330, .F. ) ;
#10091 = PRESENTATION_STYLE_ASSIGNMENT (( #1037 ) ) ;
#10092 = UNCERTAINTY_MEASURE_WITH_UNIT (LENGTH_MEASURE( 1.000000000000000082E-05 ), #1959, 'distance_accuracy_value', 'NONE');
#10093 = AXIS2_PLACEMENT_3D ( 'NONE', #9771, #2737, #8120 ) ;
#10094 = MECHANICAL_DESIGN_GEOMETRIC_PRESENTATION_REPRESENTATION (  '', ( #2733 ), #1194 ) ;
#10095 = VERTEX_POINT ( 'NONE', #413 ) ;
#10096 = PLANE ( 'NONE',  #2251 ) ;
#10097 = SURFACE_STYLE_FILL_AREA ( #4405 ) ;
#10098 = ORIENTED_EDGE ( 'NONE', *, *, #8647, .T. ) ;
#10099 = CIRCLE ( 'NONE', #8748, 0.09999999999999982514 ) ;
#10100 = CARTESIAN_POINT ( 'NONE',  ( 1.284816050689753686, 0.09467661219367830283, 7.701000000000000512 ) ) ;
#10101 = LINE ( 'NONE', #3371, #3910 ) ;
#10102 = SURFACE_STYLE_FILL_AREA ( #4409 ) ;
#10103 = CARTESIAN_POINT ( 'NONE',  ( -0.3874558292648735969, 1.054777645530532437, 7.700000000000000178 ) ) ;
#10104 = STYLED_ITEM ( 'NONE', ( #7823 ), #9922 ) ;
#10105 = VERTEX_POINT ( 'NONE', #1984 ) ;
#10106 =( NAMED_UNIT ( * ) PLANE_ANGLE_UNIT ( ) SI_UNIT ( $, .RADIAN. ) );
#10107 = VECTOR ( 'NONE', #5669, 1000.000000000000000 ) ;
#10108 = CARTESIAN_POINT ( 'NONE',  ( -0.4500000000000000111, 1.100000000000000089, 1.972792206135785653 ) ) ;
#10109 = DIRECTION ( 'NONE',  ( -1.000000000000000000, 0.0000000000000000000, -1.376764663473656217E-16 ) ) ;
#10110 = STYLED_ITEM ( 'NONE', ( #4353 ), #10185 ) ;
#10111 = CARTESIAN_POINT ( 'NONE',  ( 1.804945612640167507, -0.4707952349948503201, 7.701000000000002288 ) ) ;
#10112 = SURFACE_STYLE_USAGE ( .BOTH. , #7618 ) ;
#10113 = CARTESIAN_POINT ( 'NONE',  ( -1.449820490163804099, 0.6330394874920726167, 7.700999999999999623 ) ) ;
#10114 = COLOUR_RGB ( '',0.0000000000000000000, 0.0000000000000000000, 0.0000000000000000000 ) ;
#10115 = LINE ( 'NONE', #10168, #3992 ) ;
#10116 = ORIENTED_EDGE ( 'NONE', *, *, #6929, .F. ) ;
#10117 = PRESENTATION_LAYER_ASSIGNMENT (  '', '', ( #5663 ) ) ;
#10118 = CIRCLE ( 'NONE', #9936, 2.950000000000000622 ) ;
#10119 = MECHANICAL_DESIGN_GEOMETRIC_PRESENTATION_REPRESENTATION (  '', ( #8768 ), #8406 ) ;
#10120 = EDGE_LOOP ( 'NONE', ( #743, #2471, #5633, #10354 ) ) ;
#10121 = PRESENTATION_STYLE_ASSIGNMENT (( #1845 ) ) ;
#10122 = CARTESIAN_POINT ( 'NONE',  ( -0.3874558292648735969, 0.5730296264778258486, 7.700000000000000178 ) ) ;
#10123 =( NAMED_UNIT ( * ) PLANE_ANGLE_UNIT ( ) SI_UNIT ( $, .RADIAN. ) );
#10124 = VECTOR ( 'NONE', #7978, 1000.000000000000000 ) ;
#10125 = CARTESIAN_POINT ( 'NONE',  ( 1.299999999999998712, 3.300000000000000711, 1.599999999999999867 ) ) ;
#10126 = EDGE_CURVE ( 'NONE', #7698, #3414, #9244, .T. ) ;
#10127 = SURFACE_STYLE_USAGE ( .BOTH. , #5088 ) ;
#10128 = CARTESIAN_POINT ( 'NONE',  ( 1.102301037857891464, -1.390508032624242274, 7.700000000000000178 ) ) ;
#10129 =( NAMED_UNIT ( * ) SI_UNIT ( $, .STERADIAN. ) SOLID_ANGLE_UNIT ( ) );
#10130 = VERTEX_POINT ( 'NONE', #6040 ) ;
#10131 = VECTOR ( 'NONE', #7283, 1000.000000000000000 ) ;
#10132 = CARTESIAN_POINT ( 'NONE',  ( -0.5149773637200018017, 0.1975179055035130304, 7.701000000000000512 ) ) ;
#10133 = AXIS2_PLACEMENT_3D ( 'NONE', #7234, #7128, #5563 ) ;
#10134 = EDGE_CURVE ( 'NONE', #5402, #9779, #3596, .T. ) ;
#10135 = LINE ( 'NONE', #7737, #82 ) ;
#10136 = DIRECTION ( 'NONE',  ( 0.0000000000000000000, -0.0000000000000000000, 1.000000000000000000 ) ) ;
#10137 = VERTEX_POINT ( 'NONE', #8557 ) ;
#10138 = PRESENTATION_LAYER_ASSIGNMENT (  '', '', ( #3787 ) ) ;
#10139 = CARTESIAN_POINT ( 'NONE',  ( 0.5902092682244426403, 0.1833488461196098873, 7.701000000000000512 ) ) ;
#10140 = EDGE_CURVE ( 'NONE', #1398, #1656, #7605, .T. ) ;
#10141 = ADVANCED_FACE ( 'NONE', ( #7555 ), #1822, .T. ) ;
#10142 = CARTESIAN_POINT ( 'NONE',  ( 0.1256158921501867587, 0.7929300358448400088, 7.701000000000001400 ) ) ;
#10143 = ORIENTED_EDGE ( 'NONE', *, *, #909, .T. ) ;
#10144 = CARTESIAN_POINT ( 'NONE',  ( 0.4000000000000003553, -1.000000000000000000, -0.0000000000000000000 ) ) ;
#10145 = CARTESIAN_POINT ( 'NONE',  ( 0.4269390635371449472, 1.197855234520039058, 7.701000000000002288 ) ) ;
#10146 =( LENGTH_UNIT ( ) NAMED_UNIT ( * ) SI_UNIT ( .MILLI., .METRE. ) );
#10147 =( NAMED_UNIT ( * ) SI_UNIT ( $, .STERADIAN. ) SOLID_ANGLE_UNIT ( ) );
#10148 = STYLED_ITEM ( 'NONE', ( #10373 ), #6224 ) ;
#10149 = ORIENTED_EDGE ( 'NONE', *, *, #5089, .T. ) ;
#10150 = LINE ( 'NONE', #10204, #6893 ) ;
#10151 = CARTESIAN_POINT ( 'NONE',  ( 0.4924942312413655987, 0.8514628111102653385, 7.701000000000000512 ) ) ;
#10152 = DIRECTION ( 'NONE',  ( -0.0000000000000000000, -0.0000000000000000000, -1.000000000000000000 ) ) ;
#10153 = ORIENTED_EDGE ( 'NONE', *, *, #5020, .F. ) ;
#10154 = CARTESIAN_POINT ( 'NONE',  ( 1.568996007524917191, 0.1266726085839973703, 7.699999999999998401 ) ) ;
#10155 = CARTESIAN_POINT ( 'NONE',  ( 1.411149687857875756, -1.589125169373660329, 7.699999999999998401 ) ) ;
#10156 = PRESENTATION_LAYER_ASSIGNMENT (  '', '', ( #2293 ) ) ;
#10157 = CARTESIAN_POINT ( 'NONE',  ( -1.468611505303444975, 0.6500655206379568618, 7.701000000000002288 ) ) ;
#10158 = VERTEX_POINT ( 'NONE', #1042 ) ;
#10159 = FILL_AREA_STYLE_COLOUR ( '', #7096 ) ;
#10160 = DIRECTION ( 'NONE',  ( -0.0000000000000000000, -0.0000000000000000000, -1.000000000000000000 ) ) ;
#10161 = COLOUR_RGB ( '',0.0000000000000000000, 0.0000000000000000000, 0.0000000000000000000 ) ;
#10162 = CARTESIAN_POINT ( 'NONE',  ( -0.4000000000000000222, 3.649999999999999911, 0.0000000000000000000 ) ) ;
#10163 =( GEOMETRIC_REPRESENTATION_CONTEXT ( 3 ) GLOBAL_UNCERTAINTY_ASSIGNED_CONTEXT ( ( #479 ) ) GLOBAL_UNIT_ASSIGNED_CONTEXT ( ( #4460, #6300, #7756 ) ) REPRESENTATION_CONTEXT ( 'NONE', 'WORKASPACE' ) );
#10164 =( LENGTH_UNIT ( ) NAMED_UNIT ( * ) SI_UNIT ( .MILLI., .METRE. ) );
#10165 =( NAMED_UNIT ( * ) PLANE_ANGLE_UNIT ( ) SI_UNIT ( $, .RADIAN. ) );
#10166 = CARTESIAN_POINT ( 'NONE',  ( 3.300000000000000266, 1.300000000000002487, 1.599999999999999867 ) ) ;
#10167 = SURFACE_STYLE_FILL_AREA ( #6909 ) ;
#10168 = CARTESIAN_POINT ( 'NONE',  ( -2.073461490767437354, 0.6082308833847103191, 7.701000000000000512 ) ) ;
#10169 = VECTOR ( 'NONE', #3663, 1000.000000000000000 ) ;
#10170 = ORIENTED_EDGE ( 'NONE', *, *, #9981, .T. ) ;
#10171 = AXIS2_PLACEMENT_3D ( 'NONE', #3841, #611, #7151 ) ;
#10172 = ORIENTED_EDGE ( 'NONE', *, *, #9735, .F. ) ;
#10173 = CARTESIAN_POINT ( 'NONE',  ( 1.506185639239239205, -1.751507547297474598, 7.701000000000001400 ) ) ;
#10174 = CARTESIAN_POINT ( 'NONE',  ( 1.365419857058584041, -1.143202046146256867, 7.701000000000004064 ) ) ;
#10175 = CARTESIAN_POINT ( 'NONE',  ( 1.077752444354472372, -1.137202871304652696, 7.700999999999999623 ) ) ;
#10176 = FILL_AREA_STYLE_COLOUR ( '', #5989 ) ;
#10177 = LINE ( 'NONE', #9362, #9375 ) ;
#10178 =( NAMED_UNIT ( * ) PLANE_ANGLE_UNIT ( ) SI_UNIT ( $, .RADIAN. ) );
#10179 = MECHANICAL_DESIGN_GEOMETRIC_PRESENTATION_REPRESENTATION (  '', ( #3298 ), #4169 ) ;
#10180 = FILL_AREA_STYLE ('',( #9268 ) ) ;
#10181 = ORIENTED_EDGE ( 'NONE', *, *, #3293, .F. ) ;
#10182 = COLOUR_RGB ( '',0.0000000000000000000, 0.0000000000000000000, 0.0000000000000000000 ) ;
#10183 = CARTESIAN_POINT ( 'NONE',  ( 1.887983158113436311, -0.2967942051096081890, 7.701000000000001400 ) ) ;
#10184 = FILL_AREA_STYLE ('',( #6117 ) ) ;
#10185 = ADVANCED_FACE ( 'NONE', ( #294 ), #5171, .F. ) ;
#10186 = ORIENTED_EDGE ( 'NONE', *, *, #8039, .T. ) ;
#10187 = UNCERTAINTY_MEASURE_WITH_UNIT (LENGTH_MEASURE( 1.000000000000000082E-05 ), #8588, 'distance_accuracy_value', 'NONE');
#10188 = VECTOR ( 'NONE', #8186, 1000.000000000000000 ) ;
#10189 = FILL_AREA_STYLE_COLOUR ( '', #8879 ) ;
#10190 = SURFACE_SIDE_STYLE ('',( #1130 ) ) ;
#10191 = CARTESIAN_POINT ( 'NONE',  ( -1.477969299938868497, 0.8871885756818428392, 7.701000000000000512 ) ) ;
#10192 =( LENGTH_UNIT ( ) NAMED_UNIT ( * ) SI_UNIT ( .MILLI., .METRE. ) );
#10193 = EDGE_LOOP ( 'NONE', ( #3181, #8163, #27, #3020, #2004, #8341, #156 ) ) ;
#10194 = CARTESIAN_POINT ( 'NONE',  ( -2.073461490767437354, -0.2102853348894490049, 7.701000000000000512 ) ) ;
#10195 = CARTESIAN_POINT ( 'NONE',  ( 3.150000000000001688, 3.857637417314163675E-16, 2.212347538297980698 ) ) ;
#10196 = CARTESIAN_POINT ( 'NONE',  ( 0.4269390635371449472, 1.197855234520039058, 7.700000000000001954 ) ) ;
#10197 = CARTESIAN_POINT ( 'NONE',  ( 2.149498165074976708, -1.348660085834663125, 7.701000000000000512 ) ) ;
#10198 = ADVANCED_FACE ( 'NONE', ( #3808 ), #2257, .F. ) ;
#10199 = UNCERTAINTY_MEASURE_WITH_UNIT (LENGTH_MEASURE( 1.000000000000000082E-05 ), #7024, 'distance_accuracy_value', 'NONE');
#10200 = EDGE_CURVE ( 'NONE', #965, #1380, #1878, .T. ) ;
#10201 = CARTESIAN_POINT ( 'NONE',  ( 0.5902092682244426403, 0.1833488461196098873, 7.701000000000000512 ) ) ;
#10202 = ADVANCED_FACE ( 'NONE', ( #2041 ), #7916, .T. ) ;
#10203 = ORIENTED_EDGE ( 'NONE', *, *, #521, .F. ) ;
#10204 = CARTESIAN_POINT ( 'NONE',  ( 3.299999999999998046, 3.200000000000001510, 1.599999999999999867 ) ) ;
#10205 = CARTESIAN_POINT ( 'NONE',  ( 0.4395189419757412619, 0.7714195386444874236, 7.699999999999998401 ) ) ;
#10206 = CARTESIAN_POINT ( 'NONE',  ( 0.9880645727848887949, -0.1071168712504043941, 7.700000000000000178 ) ) ;
#10207 = FACE_OUTER_BOUND ( 'NONE', #6221, .T. ) ;
#10208 = VERTEX_POINT ( 'NONE', #5701 ) ;
#10209 = UNCERTAINTY_MEASURE_WITH_UNIT (LENGTH_MEASURE( 1.000000000000000082E-05 ), #1866, 'distance_accuracy_value', 'NONE');
#10210 = CARTESIAN_POINT ( 'NONE',  ( 1.101417047856113829, -1.362496080374185681, 7.700000000000000178 ) ) ;
#10211 = PRESENTATION_STYLE_ASSIGNMENT (( #6957 ) ) ;
#10212 = CARTESIAN_POINT ( 'NONE',  ( -2.374231001663239304, 1.750864686588075703, 7.701000000000000512 ) ) ;
#10213 = AXIS2_PLACEMENT_3D ( 'NONE', #2463, #3249, #1710 ) ;
#10214 = CARTESIAN_POINT ( 'NONE',  ( 1.624446146010954273, 0.1261920998477567835, 7.701000000000004064 ) ) ;
#10215 = ORIENTED_EDGE ( 'NONE', *, *, #7532, .F. ) ;
#10216 = ORIENTED_EDGE ( 'NONE', *, *, #6475, .F. ) ;
#10217 = CARTESIAN_POINT ( 'NONE',  ( 1.077750631565904005, -1.589117661544569238, 7.701000000000001400 ) ) ;
#10218 = CARTESIAN_POINT ( 'NONE',  ( 1.250069111952158085, -1.173115227243371805, 7.699999999999999289 ) ) ;
#10219 = LINE ( 'NONE', #2932, #9048 ) ;
#10220 = DIRECTION ( 'NONE',  ( 0.0000000000000000000, 0.0000000000000000000, -1.000000000000000000 ) ) ;
#10221 = CARTESIAN_POINT ( 'NONE',  ( 1.300000000000043343, -3.299999999999999822, 1.000000000000000000 ) ) ;
#10222 = CARTESIAN_POINT ( 'NONE',  ( 1.411149687857875756, -1.589125169373660329, 7.699999999999998401 ) ) ;
#10223 = CARTESIAN_POINT ( 'NONE',  ( -0.4744032918603282023, -0.2616545203487578020, 7.700000000000000178 ) ) ;
#10224 = ORIENTED_EDGE ( 'NONE', *, *, #10270, .T. ) ;
#10225 = SURFACE_STYLE_USAGE ( .BOTH. , #2939 ) ;
#10226 = MECHANICAL_DESIGN_GEOMETRIC_PRESENTATION_REPRESENTATION (  '', ( #1324 ), #9715 ) ;
#10227 = PRESENTATION_STYLE_ASSIGNMENT (( #1912 ) ) ;
#10228 = STYLED_ITEM ( 'NONE', ( #616 ), #8307 ) ;
#10229 = MECHANICAL_DESIGN_GEOMETRIC_PRESENTATION_REPRESENTATION (  '', ( #3546 ), #1327 ) ;
#10230 = PRESENTATION_LAYER_ASSIGNMENT (  '', '', ( #9717 ) ) ;
#10231 = VERTEX_POINT ( 'NONE', #2466 ) ;
#10232 =( LENGTH_UNIT ( ) NAMED_UNIT ( * ) SI_UNIT ( .MILLI., .METRE. ) );
#10233 = CARTESIAN_POINT ( 'NONE',  ( 6.826143846254221806E-16, 0.0000000000000000000, 2.212347538297980254 ) ) ;
#10234 = DIRECTION ( 'NONE',  ( -1.000000000000000000, 0.0000000000000000000, -1.102578480493733559E-16 ) ) ;
#10235 = MECHANICAL_DESIGN_GEOMETRIC_PRESENTATION_REPRESENTATION (  '', ( #2166 ), #7009 ) ;
#10236 = FACE_OUTER_BOUND ( 'NONE', #5624, .T. ) ;
#10237 = VECTOR ( 'NONE', #8142, 1000.000000000000000 ) ;
#10238 = EDGE_CURVE ( 'NONE', #2550, #8428, #1046, .T. ) ;
#10239 = VERTEX_POINT ( 'NONE', #930 ) ;
#10240 = CARTESIAN_POINT ( 'NONE',  ( 3.022727272727274261, 3.701773279240864162E-16, 2.026039342553260347 ) ) ;
#10241 = CARTESIAN_POINT ( 'NONE',  ( -0.5277341696294721718, 0.1473720517949697606, 7.700000000000001066 ) ) ;
#10242 = CARTESIAN_POINT ( 'NONE',  ( 0.4935056712800460765, 1.031737592980059626, 7.699999999999998401 ) ) ;
#10243 = CARTESIAN_POINT ( 'NONE',  ( 1.990474641255004284, -1.646823644559080480, 7.700999999999999623 ) ) ;
#10244 = CARTESIAN_POINT ( 'NONE',  ( -1.081627333894218168, 1.068946704914435442, 7.699999999999580069 ) ) ;
#10245 = CARTESIAN_POINT ( 'NONE',  ( -0.2194197205098654402, -0.2413003074717775531, 7.700999999999999623 ) ) ;
#10246 = CARTESIAN_POINT ( 'NONE',  ( -1.605882531098634214, 1.068946704914435442, 7.700000000000000178 ) ) ;
#10247 = AXIS2_PLACEMENT_3D ( 'NONE', #3199, #3911, #8869 ) ;
#10248 = CIRCLE ( 'NONE', #10069, 0.4500000000000000111 ) ;
#10249 = VECTOR ( 'NONE', #7817, 1000.000000000000000 ) ;
#10250 = CARTESIAN_POINT ( 'NONE',  ( 0.3130270440268375642, 0.5730296264778258486, 7.700000000000000178 ) ) ;
#10251 = CARTESIAN_POINT ( 'NONE',  ( 0.2189990512243550902, 0.5844052642546903042, 7.699999999999998401 ) ) ;
#10252 = EDGE_CURVE ( 'NONE', #1910, #1901, #2756, .T. ) ;
#10253 = ORIENTED_EDGE ( 'NONE', *, *, #5155, .T. ) ;
#10254 = EDGE_CURVE ( 'NONE', #9869, #10137, #1713, .T. ) ;
#10255 = SURFACE_STYLE_USAGE ( .BOTH. , #292 ) ;
#10256 = STYLED_ITEM ( 'NONE', ( #4304 ), #1214 ) ;
#10257 = DIRECTION ( 'NONE',  ( 1.000000000000000000, 0.0000000000000000000, 0.0000000000000000000 ) ) ;
#10258 = PRESENTATION_LAYER_ASSIGNMENT (  '', '', ( #5127 ) ) ;
#10259 = FILL_AREA_STYLE ('',( #5273 ) ) ;
#10260 = CARTESIAN_POINT ( 'NONE',  ( 1.102301037857891464, -1.390508032624242274, 7.701000000000000512 ) ) ;
#10261 =( NAMED_UNIT ( * ) PLANE_ANGLE_UNIT ( ) SI_UNIT ( $, .RADIAN. ) );
#10262 = EDGE_CURVE ( 'NONE', #3414, #2646, #8962, .T. ) ;
#10263 = VECTOR ( 'NONE', #3080, 1000.000000000000000 ) ;
#10264 = CARTESIAN_POINT ( 'NONE',  ( -1.517957746092407634, 0.7100301249937911452, 7.699999999999999289 ) ) ;
#10265 = ORIENTED_EDGE ( 'NONE', *, *, #9200, .T. ) ;
#10266 = AXIS2_PLACEMENT_3D ( 'NONE', #3117, #6310, #6469 ) ;
#10267 = COLOUR_RGB ( '',0.0000000000000000000, 0.0000000000000000000, 0.0000000000000000000 ) ;
#10268 = COLOUR_RGB ( '',0.7529411764705882248, 0.7529411764705882248, 0.7529411764705882248 ) ;
#10269 =( LENGTH_UNIT ( ) NAMED_UNIT ( * ) SI_UNIT ( .MILLI., .METRE. ) );
#10270 = EDGE_CURVE ( 'NONE', #1792, #10412, #3599, .T. ) ;
#10271 = EDGE_CURVE ( 'NONE', #3699, #3359, #2289, .T. ) ;
#10272 = SURFACE_SIDE_STYLE ('',( #5340 ) ) ;
#10273 = CARTESIAN_POINT ( 'NONE',  ( 0.4999999999999995559, -3.299999999999999822, 0.2999999999999999889 ) ) ;
#10274 = AXIS2_PLACEMENT_3D ( 'NONE', #685, #7178, #3069 ) ;
#10275 = FILL_AREA_STYLE_COLOUR ( '', #5629 ) ;
#10276 =( NAMED_UNIT ( * ) SI_UNIT ( $, .STERADIAN. ) SOLID_ANGLE_UNIT ( ) );
#10277 =( GEOMETRIC_REPRESENTATION_CONTEXT ( 3 ) GLOBAL_UNCERTAINTY_ASSIGNED_CONTEXT ( ( #5489 ) ) GLOBAL_UNIT_ASSIGNED_CONTEXT ( ( #6779, #4118, #10025 ) ) REPRESENTATION_CONTEXT ( 'NONE', 'WORKASPACE' ) );
#10278 = EDGE_LOOP ( 'NONE', ( #5225, #3142, #1087, #3030, #5547, #8351, #2369, #670, #8401, #8736 ) ) ;
#10279 = EDGE_LOOP ( 'NONE', ( #3012, #1005, #9042, #7174 ) ) ;
#10280 = CARTESIAN_POINT ( 'NONE',  ( 3.299999999999998934, 3.199999999999999289, 0.6999999999999999556 ) ) ;
#10281 = CARTESIAN_POINT ( 'NONE',  ( 1.677461769569562389, -1.593261426377926115, 7.701000000000003176 ) ) ;
#10282 = SURFACE_STYLE_USAGE ( .BOTH. , #7324 ) ;
#10283 = DIRECTION ( 'NONE',  ( 0.0000000000000000000, 1.000000000000000000, 0.0000000000000000000 ) ) ;
#10284 =( NAMED_UNIT ( * ) SI_UNIT ( $, .STERADIAN. ) SOLID_ANGLE_UNIT ( ) );
#10285 = DIRECTION ( 'NONE',  ( 0.0000000000000000000, 0.0000000000000000000, -1.000000000000000000 ) ) ;
#10286 = CARTESIAN_POINT ( 'NONE',  ( 0.1648304827136320982, 0.03847657041642719294, 7.700000000000001954 ) ) ;
#10287 =( GEOMETRIC_REPRESENTATION_CONTEXT ( 3 ) GLOBAL_UNCERTAINTY_ASSIGNED_CONTEXT ( ( #9548 ) ) GLOBAL_UNIT_ASSIGNED_CONTEXT ( ( #4736, #4686, #4630 ) ) REPRESENTATION_CONTEXT ( 'NONE', 'WORKASPACE' ) );
#10288 = DIRECTION ( 'NONE',  ( -0.0000000000000000000, -0.0000000000000000000, -1.000000000000000000 ) ) ;
#10289 = VERTEX_POINT ( 'NONE', #1657 ) ;
#10290 = CARTESIAN_POINT ( 'NONE',  ( 1.101417047856113829, -0.1066740881446573280, 7.701000000000000512 ) ) ;
#10291 = CARTESIAN_POINT ( 'NONE',  ( 1.814645377841686003, -1.151314767247126225, 7.701000000000001400 ) ) ;
#10292 = VECTOR ( 'NONE', #8653, 1000.000000000000000 ) ;
#10293 = STYLED_ITEM ( 'NONE', ( #697 ), #5005 ) ;
#10294 = VECTOR ( 'NONE', #5773, 1000.000000000000000 ) ;
#10295 = ORIENTED_EDGE ( 'NONE', *, *, #9344, .F. ) ;
#10296 = UNCERTAINTY_MEASURE_WITH_UNIT (LENGTH_MEASURE( 1.000000000000000082E-05 ), #2073, 'distance_accuracy_value', 'NONE');
#10297 = ORIENTED_EDGE ( 'NONE', *, *, #1329, .F. ) ;
#10298 = VECTOR ( 'NONE', #30, 1000.000000000000000 ) ;
#10299 = LINE ( 'NONE', #1129, #2511 ) ;
#10300 = CARTESIAN_POINT ( 'NONE',  ( 2.036574967193720109, -0.1066740881446573280, 7.700000000000000178 ) ) ;
#10301 = CARTESIAN_POINT ( 'NONE',  ( -1.231495673264163315, 0.5590951339825360744, 7.700000000000001066 ) ) ;
#10302 = CARTESIAN_POINT ( 'NONE',  ( -1.266136685412561969, 0.7148711887303961232, 7.701000000000001400 ) ) ;
#10303 = COLOUR_RGB ( '',1.000000000000000000, 1.000000000000000000, 1.000000000000000000 ) ;
#10304 = DIRECTION ( 'NONE',  ( -0.0000000000000000000, -1.000000000000000000, -0.0000000000000000000 ) ) ;
#10305 = SURFACE_STYLE_USAGE ( .BOTH. , #9128 ) ;
#10306 = ORIENTED_EDGE ( 'NONE', *, *, #2916, .T. ) ;
#10307 = CARTESIAN_POINT ( 'NONE',  ( 2.035690977191942697, -1.390508032624242274, 7.701000000000001400 ) ) ;
#10308 = LINE ( 'NONE', #5427, #10458 ) ;
#10309 = CARTESIAN_POINT ( 'NONE',  ( 1.631805812733146954, -0.9743720189187837777, 7.701000000000001400 ) ) ;
#10310 = FACE_OUTER_BOUND ( 'NONE', #7561, .T. ) ;
#10311 = COLOUR_RGB ( '',0.0000000000000000000, 0.0000000000000000000, 0.0000000000000000000 ) ;
#10312 = UNCERTAINTY_MEASURE_WITH_UNIT (LENGTH_MEASURE( 1.000000000000000082E-05 ), #9689, 'distance_accuracy_value', 'NONE');
#10313 = VECTOR ( 'NONE', #284, 1000.000000000000000 ) ;
#10314 = DIRECTION ( 'NONE',  ( 0.0000000000000000000, -1.000000000000000000, 0.0000000000000000000 ) ) ;
#10315 =( NAMED_UNIT ( * ) SI_UNIT ( $, .STERADIAN. ) SOLID_ANGLE_UNIT ( ) );
#10316 =( LENGTH_UNIT ( ) NAMED_UNIT ( * ) SI_UNIT ( .MILLI., .METRE. ) );
#10317 = VERTEX_POINT ( 'NONE', #10574 ) ;
#10318 =( GEOMETRIC_REPRESENTATION_CONTEXT ( 3 ) GLOBAL_UNCERTAINTY_ASSIGNED_CONTEXT ( ( #7965 ) ) GLOBAL_UNIT_ASSIGNED_CONTEXT ( ( #7156, #10413, #6404 ) ) REPRESENTATION_CONTEXT ( 'NONE', 'WORKASPACE' ) );
#10319 = CARTESIAN_POINT ( 'NONE',  ( -0.1022262686215007349, 1.024048188238183998, 7.701000000000000512 ) ) ;
#10320 = DIRECTION ( 'NONE',  ( 1.000000000000000000, 0.0000000000000000000, 0.0000000000000000000 ) ) ;
#10321 = SURFACE_STYLE_USAGE ( .BOTH. , #7062 ) ;
#10322 = SURFACE_STYLE_FILL_AREA ( #7917 ) ;
#10323 = DIRECTION ( 'NONE',  ( -0.0000000000000000000, -0.0000000000000000000, -1.000000000000000000 ) ) ;
#10324 = CARTESIAN_POINT ( 'NONE',  ( -1.486220170602159829, 0.6685689889898128735, 7.701000000000003176 ) ) ;
#10325 = ORIENTED_EDGE ( 'NONE', *, *, #4418, .F. ) ;
#10326 = EDGE_CURVE ( 'NONE', #5018, #592, #9821, .T. ) ;
#10327 = COLOUR_RGB ( '',0.0000000000000000000, 0.0000000000000000000, 0.0000000000000000000 ) ;
#10328 = UNCERTAINTY_MEASURE_WITH_UNIT (LENGTH_MEASURE( 1.000000000000000082E-05 ), #10598, 'distance_accuracy_value', 'NONE');
#10329 = CARTESIAN_POINT ( 'NONE',  ( -3.299999999999999822, 3.199999999999999289, 0.0000000000000000000 ) ) ;
#10330 = CARTESIAN_POINT ( 'NONE',  ( 1.568996007524917191, -0.4967660043077405385, 7.701000000000000512 ) ) ;
#10331 = CARTESIAN_POINT ( 'NONE',  ( -1.136530218326099462, 0.7630197865884789099, 7.701000000000000512 ) ) ;
#10332 = LINE ( 'NONE', #2968, #3816 ) ;
#10333 =( NAMED_UNIT ( * ) PLANE_ANGLE_UNIT ( ) SI_UNIT ( $, .RADIAN. ) );
#10334 = SURFACE_SIDE_STYLE ('',( #8731 ) ) ;
#10335 = CIRCLE ( 'NONE', #1591, 0.09999999999999982514 ) ;
#10336 = CARTESIAN_POINT ( 'NONE',  ( 2.110730245456643672, 0.05185493862245162816, 7.700000000000001066 ) ) ;
#10337 = CARTESIAN_POINT ( 'NONE',  ( 1.726825763377675793, 0.1189710746202652519, 7.699999999999999289 ) ) ;
#10338 = CARTESIAN_POINT ( 'NONE',  ( 0.9880645727848885729, -1.362938863479932650, 7.699999999999999289 ) ) ;
#10339 = ORIENTED_EDGE ( 'NONE', *, *, #5333, .F. ) ;
#10340 = EDGE_CURVE ( 'NONE', #6892, #4851, #3443, .T. ) ;
#10341 = EDGE_CURVE ( 'NONE', #6935, #8897, #5321, .T. ) ;
#10342 = DIRECTION ( 'NONE',  ( -0.9358337227334572184, -0.3524418298029316499, 0.0000000000000000000 ) ) ;
#10343 = CARTESIAN_POINT ( 'NONE',  ( 1.218754814184914714, -1.186529079086537264, 7.701000000000000512 ) ) ;
#10344 = VECTOR ( 'NONE', #189, 1000.000000000000000 ) ;
#10345 = CARTESIAN_POINT ( 'NONE',  ( 0.4000000000000000222, -3.649999999999999911, 0.2999999999999999889 ) ) ;
#10346 = DIRECTION ( 'NONE',  ( -1.714635274194812488E-16, 1.000000000000000000, -0.0000000000000000000 ) ) ;
#10347 = DIRECTION ( 'NONE',  ( -1.000000000000000000, 0.0000000000000000000, 0.0000000000000000000 ) ) ;
#10348 = CARTESIAN_POINT ( 'NONE',  ( -0.04780027664417767913, -0.3685233062269059334, 7.699999999999998401 ) ) ;
#10349 = FILL_AREA_STYLE_COLOUR ( '', #542 ) ;
#10350 =( NAMED_UNIT ( * ) PLANE_ANGLE_UNIT ( ) SI_UNIT ( $, .RADIAN. ) );
#10351 = VERTEX_POINT ( 'NONE', #1031 ) ;
#10352 = CARTESIAN_POINT ( 'NONE',  ( -0.01513176586096121393, -0.3514865678908605240, 7.701000000000004064 ) ) ;
#10353 = COLOUR_RGB ( '',0.0000000000000000000, 0.0000000000000000000, 0.0000000000000000000 ) ;
#10354 = ORIENTED_EDGE ( 'NONE', *, *, #7211, .T. ) ;
#10355 = ORIENTED_EDGE ( 'NONE', *, *, #8775, .F. ) ;
#10356 = CARTESIAN_POINT ( 'NONE',  ( -0.9682748588229931341, 0.8887339808754176618, 7.701000000000000512 ) ) ;
#10357 = CARTESIAN_POINT ( 'NONE',  ( 0.1651374867073485964, 0.05582731166448170329, 7.701000000000000512 ) ) ;
#10358 = COLOUR_RGB ( '',0.7529411764705882248, 0.7529411764705882248, 0.7529411764705882248 ) ;
#10359 = CARTESIAN_POINT ( 'NONE',  ( -0.9777803092287687958, 0.7801102300385539534, 7.699999999999999289 ) ) ;
#10360 = CARTESIAN_POINT ( 'NONE',  ( -1.379782783005891300, 0.7442593099675818280, 7.700000000000001954 ) ) ;
#10361 =( GEOMETRIC_REPRESENTATION_CONTEXT ( 3 ) GLOBAL_UNCERTAINTY_ASSIGNED_CONTEXT ( ( #9349 ) ) GLOBAL_UNIT_ASSIGNED_CONTEXT ( ( #2929, #7780, #1433 ) ) REPRESENTATION_CONTEXT ( 'NONE', 'WORKASPACE' ) );
#10362 = CARTESIAN_POINT ( 'NONE',  ( 0.6185473869922488710, 0.9168507080903502970, 7.701000000000000512 ) ) ;
#10363 = CARTESIAN_POINT ( 'NONE',  ( 0.05178501163612356933, 0.1018767546621668907, 7.701000000000000512 ) ) ;
#10364 = ORIENTED_EDGE ( 'NONE', *, *, #4197, .F. ) ;
#10365 = CARTESIAN_POINT ( 'NONE',  ( 1.726842327191958626, -1.589125169373661217, 7.701000000000002288 ) ) ;
#10366 = CARTESIAN_POINT ( 'NONE',  ( 1.411166251672157923, 0.1189710746202652103, 7.700999999999998735 ) ) ;
#10367 = CARTESIAN_POINT ( 'NONE',  ( 0.6137097567722203939, 0.8431543013525494290, 7.701000000000000512 ) ) ;
#10368 = CARTESIAN_POINT ( 'NONE',  ( -0.4058497167683351448, -0.1270841097091136851, 7.701000000000002288 ) ) ;
#10369 =( NAMED_UNIT ( * ) PLANE_ANGLE_UNIT ( ) SI_UNIT ( $, .RADIAN. ) );
#10370 = MECHANICAL_DESIGN_GEOMETRIC_PRESENTATION_REPRESENTATION (  '', ( #6604 ), #5401 ) ;
#10371 = ORIENTED_EDGE ( 'NONE', *, *, #5616, .T. ) ;
#10372 =( NAMED_UNIT ( * ) PLANE_ANGLE_UNIT ( ) SI_UNIT ( $, .RADIAN. ) );
#10373 = PRESENTATION_STYLE_ASSIGNMENT (( #7274 ) ) ;
#10374 = CARTESIAN_POINT ( 'NONE',  ( 1.146786118557883150, -1.486792461402306031, 7.700000000000000178 ) ) ;
#10375 =( LENGTH_UNIT ( ) NAMED_UNIT ( * ) SI_UNIT ( .MILLI., .METRE. ) );
#10376 = CARTESIAN_POINT ( 'NONE',  ( 2.800000000000002043, 3.429011037612589769E-16, 1.700000000000000400 ) ) ;
#10377 = ORIENTED_EDGE ( 'NONE', *, *, #3221, .F. ) ;
#10378 = CARTESIAN_POINT ( 'NONE',  ( 2.093251204729333459, 1.153961061217854356, 7.700000000000000178 ) ) ;
#10379 = SURFACE_SIDE_STYLE ('',( #3861 ) ) ;
#10380 = SURFACE_STYLE_FILL_AREA ( #7127 ) ;
#10381 = CARTESIAN_POINT ( 'NONE',  ( 1.550101069194856906, 0.1265088726008923303, 7.700000000000001066 ) ) ;
#10382 = CARTESIAN_POINT ( 'NONE',  ( -1.164200790730190782, 0.7391506803909798640, 7.701000000000004952 ) ) ;
#10383 = DIRECTION ( 'NONE',  ( 0.8313228994942080119, 0.5557897415179079426, 0.0000000000000000000 ) ) ;
#10384 = EDGE_CURVE ( 'NONE', #10351, #6680, #9454, .T. ) ;
#10385 = LINE ( 'NONE', #10212, #8199 ) ;
#10386 = CARTESIAN_POINT ( 'NONE',  ( 1.804618295758528168, 0.2566148049587326785, 7.700000000000001954 ) ) ;
#10387 = CARTESIAN_POINT ( 'NONE',  ( 0.2647276314972047406, 0.5755955891061343976, 7.700999999999999623 ) ) ;
#10388 = CARTESIAN_POINT ( 'NONE',  ( 0.9884938499748574525, -1.348660085834662681, 7.699999999999999289 ) ) ;
#10389 = EDGE_LOOP ( 'NONE', ( #7888, #4986, #7148, #8752 ) ) ;
#10390 = CARTESIAN_POINT ( 'NONE',  ( 0.9893270634133881636, -1.405464833056518925, 7.699999999999999289 ) ) ;
#10391 = CARTESIAN_POINT ( 'NONE',  ( 1.167288853372376423, -1.219593686064448734, 7.699999999999998401 ) ) ;
#10392 =( LENGTH_UNIT ( ) NAMED_UNIT ( * ) SI_UNIT ( .MILLI., .METRE. ) );
#10393 = CARTESIAN_POINT ( 'NONE',  ( 0.3092633876279882732, 0.7288892797007604507, 7.700000000000000178 ) ) ;
#10394 = CARTESIAN_POINT ( 'NONE',  ( 0.4000000000000003553, -1.297519430014755670, 0.2999999999999999889 ) ) ;
#10395 =( NAMED_UNIT ( * ) SI_UNIT ( $, .STERADIAN. ) SOLID_ANGLE_UNIT ( ) );
#10396 = DIRECTION ( 'NONE',  ( 0.0000000000000000000, 0.0000000000000000000, -1.000000000000000000 ) ) ;
#10397 = EDGE_CURVE ( 'NONE', #8141, #555, #2919, .T. ) ;
#10398 = LINE ( 'NONE', #647, #2195 ) ;
#10399 = ORIENTED_EDGE ( 'NONE', *, *, #3997, .T. ) ;
#10400 = DIRECTION ( 'NONE',  ( 1.000000000000000000, -1.227398685832646557E-16, 0.0000000000000000000 ) ) ;
#10401 = ADVANCED_FACE ( 'NONE', ( #2679 ), #2321, .T. ) ;
#10402 = CARTESIAN_POINT ( 'NONE',  ( 1.568996007524917191, -1.129149383645531080, 7.701000000000000512 ) ) ;
#10403 = EDGE_CURVE ( 'NONE', #7289, #6892, #2892, .T. ) ;
#10404 = ORIENTED_EDGE ( 'NONE', *, *, #2119, .T. ) ;
#10405 = UNCERTAINTY_MEASURE_WITH_UNIT (LENGTH_MEASURE( 1.000000000000000082E-05 ), #5995, 'distance_accuracy_value', 'NONE');
#10406 = EDGE_LOOP ( 'NONE', ( #8467, #1628 ) ) ;
#10407 = CARTESIAN_POINT ( 'NONE',  ( -0.9682748588229931341, 0.3533775587264474938, 7.701000000000000512 ) ) ;
#10408 = CARTESIAN_POINT ( 'NONE',  ( -1.124565740570890204, 0.5795609655937969951, 7.700000000000001954 ) ) ;
#10409 =( NAMED_UNIT ( * ) PLANE_ANGLE_UNIT ( ) SI_UNIT ( $, .RADIAN. ) );
#10410 = LINE ( 'NONE', #8597, #8862 ) ;
#10411 = CARTESIAN_POINT ( 'NONE',  ( -1.098240571212065975, 0.8348785901313295899, 7.700000000000000178 ) ) ;
#10412 = VERTEX_POINT ( 'NONE', #10195 ) ;
#10413 =( NAMED_UNIT ( * ) PLANE_ANGLE_UNIT ( ) SI_UNIT ( $, .RADIAN. ) );
#10414 = EDGE_CURVE ( 'NONE', #10130, #2783, #7806, .T. ) ;
#10415 = STYLED_ITEM ( 'NONE', ( #3463 ), #8490 ) ;
#10416 = CARTESIAN_POINT ( 'NONE',  ( 1.946828726496353523, -1.523462958633837960, 7.701000000000001400 ) ) ;
#10417 = SURFACE_STYLE_USAGE ( .BOTH. , #8817 ) ;
#10418 = CARTESIAN_POINT ( 'NONE',  ( 0.6074195422467978389, 0.8089118896393429070, 7.701000000000002288 ) ) ;
#10419 = CARTESIAN_POINT ( 'NONE',  ( 1.804618295758527724, -0.9992071872707958269, 7.701000000000000512 ) ) ;
#10420 = UNCERTAINTY_MEASURE_WITH_UNIT (LENGTH_MEASURE( 1.000000000000000082E-05 ), #9792, 'distance_accuracy_value', 'NONE');
#10421 =( GEOMETRIC_REPRESENTATION_CONTEXT ( 3 ) GLOBAL_UNCERTAINTY_ASSIGNED_CONTEXT ( ( #6770 ) ) GLOBAL_UNIT_ASSIGNED_CONTEXT ( ( #3205, #10581, #1269 ) ) REPRESENTATION_CONTEXT ( 'NONE', 'WORKASPACE' ) );
#10422 = CARTESIAN_POINT ( 'NONE',  ( 0.6183345592164420923, 0.9290347945673924634, 7.701000000000000512 ) ) ;
#10423 = STYLED_ITEM ( 'NONE', ( #3473 ), #2063 ) ;
#10424 = SURFACE_STYLE_FILL_AREA ( #7113 ) ;
#10425 = ORIENTED_EDGE ( 'NONE', *, *, #2246, .F. ) ;
#10426 =( LENGTH_UNIT ( ) NAMED_UNIT ( * ) SI_UNIT ( .MILLI., .METRE. ) );
#10427 = CARTESIAN_POINT ( 'NONE',  ( 0.5051949119210237260, 0.9389898633776990744, 7.701000000000000512 ) ) ;
#10428 =( NAMED_UNIT ( * ) SI_UNIT ( $, .STERADIAN. ) SOLID_ANGLE_UNIT ( ) );
#10429 = CARTESIAN_POINT ( 'NONE',  ( 8.673617379884035472E-16, 0.0000000000000000000, 1.700000000000000400 ) ) ;
#10430 = FILL_AREA_STYLE ('',( #7170 ) ) ;
#10431 = CARTESIAN_POINT ( 'NONE',  ( 1.101417047856113829, -0.1066740881446573280, 7.700000000000000178 ) ) ;
#10432 = COLOUR_RGB ( '',0.0000000000000000000, 0.0000000000000000000, 0.0000000000000000000 ) ;
#10433 = MECHANICAL_DESIGN_GEOMETRIC_PRESENTATION_REPRESENTATION (  '', ( #5630 ), #1842 ) ;
#10434 = FACE_OUTER_BOUND ( 'NONE', #5240, .T. ) ;
#10435 = VECTOR ( 'NONE', #3465, 1000.000000000000000 ) ;
#10436 = ORIENTED_EDGE ( 'NONE', *, *, #4431, .F. ) ;
#10437 = UNCERTAINTY_MEASURE_WITH_UNIT (LENGTH_MEASURE( 1.000000000000000082E-05 ), #2747, 'distance_accuracy_value', 'NONE');
#10438 = VECTOR ( 'NONE', #8472, 1000.000000000000000 ) ;
#10439 = CARTESIAN_POINT ( 'NONE',  ( -0.5149773637200018017, 1.238975417521273270, 7.701000000000000512 ) ) ;
#10440 = PRESENTATION_LAYER_ASSIGNMENT (  '', '', ( #5284 ) ) ;
#10441 = FILL_AREA_STYLE ('',( #4852 ) ) ;
#10442 = FILL_AREA_STYLE_COLOUR ( '', #5162 ) ;
#10443 = CARTESIAN_POINT ( 'NONE',  ( 0.5902092682244426403, -1.068930881263942645, 7.701000000000000512 ) ) ;
#10444 = DIRECTION ( 'NONE',  ( -1.000000000000000000, 0.0000000000000000000, -1.376764663473655970E-16 ) ) ;
#10445 = FILL_AREA_STYLE_COLOUR ( '', #6090 ) ;
#10446 = CARTESIAN_POINT ( 'NONE',  ( 1.445388978233287824, -0.9791857920815134619, 7.700000000000000178 ) ) ;
#10447 = PRESENTATION_LAYER_ASSIGNMENT (  '', '', ( #3059 ) ) ;
#10448 = VECTOR ( 'NONE', #405, 1000.000000000000000 ) ;
#10449 = ORIENTED_EDGE ( 'NONE', *, *, #4010, .T. ) ;
#10450 = VECTOR ( 'NONE', #4357, 1000.000000000000000 ) ;
#10451 = CARTESIAN_POINT ( 'NONE',  ( 2.036574967193720109, -1.362496080374185681, 7.700000000000000178 ) ) ;
#10452 = CARTESIAN_POINT ( 'NONE',  ( -2.374231001663239304, 1.750864686588075703, 7.700000000000000178 ) ) ;
#10453 = PRESENTATION_LAYER_ASSIGNMENT (  '', '', ( #8221 ) ) ;
#10454 = CARTESIAN_POINT ( 'NONE',  ( 0.5533635233408955578, 1.198368116101765413, 7.700000000000000178 ) ) ;
#10455 = CARTESIAN_POINT ( 'NONE',  ( 2.149927442264945476, -0.1071168712504043802, 7.701000000000000512 ) ) ;
#10456 = DIRECTION ( 'NONE',  ( 1.000000000000000000, 0.0000000000000000000, 0.0000000000000000000 ) ) ;
#10457 = LINE ( 'NONE', #1379, #10263 ) ;
#10458 = VECTOR ( 'NONE', #8702, 1000.000000000000000 ) ;
#10459 = LINE ( 'NONE', #8645, #7117 ) ;
#10460 = VERTEX_POINT ( 'NONE', #3683 ) ;
#10461 = STYLED_ITEM ( 'NONE', ( #354 ), #10141 ) ;
#10462 = ORIENTED_EDGE ( 'NONE', *, *, #8946, .F. ) ;
#10463 = EDGE_CURVE ( 'NONE', #1868, #10460, #2418, .T. ) ;
#10464 = CARTESIAN_POINT ( 'NONE',  ( 2.027767791623390270, -1.619160669030217381, 7.699999999999996625 ) ) ;
#10465 = VECTOR ( 'NONE', #9894, 1000.000000000000000 ) ;
#10466 = CARTESIAN_POINT ( 'NONE',  ( -1.387337857758997650, 0.5918472058625363630, 7.700000000000000178 ) ) ;
#10467 = CARTESIAN_POINT ( 'NONE',  ( 1.587893215162513583, -0.3407788531487275230, 7.701000000000001400 ) ) ;
#10468 = DIRECTION ( 'NONE',  ( 1.221593242852756957E-16, -0.0000000000000000000, -1.000000000000000000 ) ) ;
#10469 = EDGE_CURVE ( 'NONE', #2912, #6166, #5738, .T. ) ;
#10470 = ORIENTED_EDGE ( 'NONE', *, *, #4692, .F. ) ;
#10471 = VECTOR ( 'NONE', #1568, 1000.000000000000000 ) ;
#10472 =( GEOMETRIC_REPRESENTATION_CONTEXT ( 3 ) GLOBAL_UNCERTAINTY_ASSIGNED_CONTEXT ( ( #7437 ) ) GLOBAL_UNIT_ASSIGNED_CONTEXT ( ( #7883, #10178, #8527 ) ) REPRESENTATION_CONTEXT ( 'NONE', 'WORKASPACE' ) );
#10473 = CARTESIAN_POINT ( 'NONE',  ( -2.073461490767437354, -0.2102853348894490049, 7.700000000000000178 ) ) ;
#10474 =( NAMED_UNIT ( * ) SI_UNIT ( $, .STERADIAN. ) SOLID_ANGLE_UNIT ( ) );
#10475 = CARTESIAN_POINT ( 'NONE',  ( 0.6137097567722203939, 0.8431543013525494290, 7.700000000000000178 ) ) ;
#10476 = CARTESIAN_POINT ( 'NONE',  ( -0.5431189235245065250, -0.007577748696083963509, 7.700000000000000178 ) ) ;
#10477 = VECTOR ( 'NONE', #3210, 1000.000000000000000 ) ;
#10478 = EDGE_CURVE ( 'NONE', #6680, #6620, #7163, .T. ) ;
#10479 = FILL_AREA_STYLE ('',( #5543 ) ) ;
#10480 = EDGE_CURVE ( 'NONE', #10137, #1195, #1904, .T. ) ;
#10481 = CARTESIAN_POINT ( 'NONE',  ( 7.053736679264060341E-16, 0.0000000000000000000, 2.026039342553259903 ) ) ;
#10482 = VECTOR ( 'NONE', #4520, 1000.000000000000000 ) ;
#10483 = ORIENTED_EDGE ( 'NONE', *, *, #3401, .F. ) ;
#10484 = DIRECTION ( 'NONE',  ( 0.0000000000000000000, 0.0000000000000000000, 1.000000000000000000 ) ) ;
#10485 = FACE_OUTER_BOUND ( 'NONE', #3711, .T. ) ;
#10486 = PRESENTATION_LAYER_ASSIGNMENT (  '', '', ( #1393 ) ) ;
#10487 = CARTESIAN_POINT ( 'NONE',  ( 1.568996007524917191, -1.596728343314334442, 7.700000000000000178 ) ) ;
#10488 = ORIENTED_EDGE ( 'NONE', *, *, #9140, .T. ) ;
#10489 = SURFACE_STYLE_FILL_AREA ( #5754 ) ;
#10490 = CARTESIAN_POINT ( 'NONE',  ( 0.5719240193132723027, 0.7177202561458559948, 7.700999999999998735 ) ) ;
#10491 =( NAMED_UNIT ( * ) PLANE_ANGLE_UNIT ( ) SI_UNIT ( $, .RADIAN. ) );
#10492 = CARTESIAN_POINT ( 'NONE',  ( 0.3999999999999996891, 1.000000000000000000, 0.2000000000000000111 ) ) ;
#10493 = DIRECTION ( 'NONE',  ( 1.221593242852756957E-16, -0.0000000000000000000, -1.000000000000000000 ) ) ;
#10494 = DIRECTION ( 'NONE',  ( -1.000000000000000000, 0.0000000000000000000, -1.221593242852756957E-16 ) ) ;
#10495 = DIRECTION ( 'NONE',  ( 1.000000000000000000, 0.0000000000000000000, 0.0000000000000000000 ) ) ;
#10496 = B_SPLINE_CURVE_WITH_KNOTS ( 'NONE', 3,
 ( #798, #1641, #4870, #4916, #4973, #2385, #2441, #3382, #5835, #4030, #849, #7348, #9895, #1686, #5670, #8348, #4146, #7458, #9149 ),
 .UNSPECIFIED., .F., .F.,
 ( 4, 1, 1, 1, 1, 1, 1, 1, 1, 1, 1, 1, 1, 1, 1, 1, 4 ),
 ( 0.0000000000000000000, 0.04879277686187697555, 0.09542715896032306910, 0.1408030455766614009, 0.1857752127065762371, 0.2315891864624200491, 0.2794867717830586407, 0.3298631687827400794, 0.3840370720222978096, 0.4422896088069718235, 0.5054548246977786929, 0.5735598446335262723, 0.6472034492519677107, 0.7263491921920584016, 0.8115303437582848112, 0.9025925981081204252, 1.000000000000000000 ),
 .UNSPECIFIED. ) ;
#10497 = CARTESIAN_POINT ( 'NONE',  ( 1.299999999999999156, 3.033150177620621335, 1.599999999999999867 ) ) ;
#10498 = CARTESIAN_POINT ( 'NONE',  ( 0.1972324903239456861, 0.5911833212898748302, 7.701000000000003176 ) ) ;
#10499 = CARTESIAN_POINT ( 'NONE',  ( 1.547733973726830303, -0.9736561008405421047, 7.699999999999999289 ) ) ;
#10500 = ORIENTED_EDGE ( 'NONE', *, *, #708, .F. ) ;
#10501 = FACE_OUTER_BOUND ( 'NONE', #4561, .T. ) ;
#10502 = CARTESIAN_POINT ( 'NONE',  ( 0.0000000000000000000, 1.100000000000000089, 0.0000000000000000000 ) ) ;
#10503 = COLOUR_RGB ( '',0.0000000000000000000, 0.0000000000000000000, 0.0000000000000000000 ) ;
#10504 = CARTESIAN_POINT ( 'NONE',  ( -3.149999999999999911, 0.0000000000000000000, 1.699999999999999956 ) ) ;
#10505 = CARTESIAN_POINT ( 'NONE',  ( 2.140828924186927829, -0.1907019854317080210, 7.701000000000001400 ) ) ;
#10506 = DIRECTION ( 'NONE',  ( -1.000000000000000000, 0.0000000000000000000, 0.0000000000000000000 ) ) ;
#10507 = CARTESIAN_POINT ( 'NONE',  ( 2.007775029551841062, -1.259954281957250899, 7.700999999999996959 ) ) ;
#10508 = MECHANICAL_DESIGN_GEOMETRIC_PRESENTATION_REPRESENTATION (  '', ( #1596 ), #4855 ) ;
#10509 = ORIENTED_EDGE ( 'NONE', *, *, #3439, .T. ) ;
#10510 = STYLED_ITEM ( 'NONE', ( #5441 ), #2588 ) ;
#10511 = VERTEX_POINT ( 'NONE', #3514 ) ;
#10512 = DIRECTION ( 'NONE',  ( -1.227398685832646557E-16, -1.000000000000000000, 0.0000000000000000000 ) ) ;
#10513 = CARTESIAN_POINT ( 'NONE',  ( -1.517957746092407634, 0.7100301249937911452, 7.699999999999999289 ) ) ;
#10514 = PRESENTATION_STYLE_ASSIGNMENT (( #8099 ) ) ;
#10515 = VECTOR ( 'NONE', #4509, 1000.000000000000000 ) ;
#10516 = VERTEX_POINT ( 'NONE', #377 ) ;
#10517 = CARTESIAN_POINT ( 'NONE',  ( 1.887983158113436977, -1.552616197339137250, 7.701000000000002288 ) ) ;
#10518 = CARTESIAN_POINT ( 'NONE',  ( -2.073461490767437354, -0.2102853348894490049, 7.701000000000000512 ) ) ;
#10519 = EDGE_CURVE ( 'NONE', #6066, #8389, #7573, .T. ) ;
#10520 = CARTESIAN_POINT ( 'NONE',  ( -2.073461490767437354, -1.440868690091399840, 7.701000000000000512 ) ) ;
#10521 = CARTESIAN_POINT ( 'NONE',  ( -0.3442615834157584653, -0.3712071442600711757, 7.700000000000000178 ) ) ;
#10522 = UNCERTAINTY_MEASURE_WITH_UNIT (LENGTH_MEASURE( 1.000000000000000082E-05 ), #6762, 'distance_accuracy_value', 'NONE');
#10523 = COLOUR_RGB ( '',0.0000000000000000000, 0.0000000000000000000, 0.0000000000000000000 ) ;
#10524 = CARTESIAN_POINT ( 'NONE',  ( 1.692603036816546780, -0.9791857920815134619, 7.701000000000001400 ) ) ;
#10525 = PRESENTATION_LAYER_ASSIGNMENT (  '', '', ( #2632 ) ) ;
#10526 = CARTESIAN_POINT ( 'NONE',  ( 0.5789241221807499560, 1.137261217150094206, 7.700000000000001066 ) ) ;
#10527 = ORIENTED_EDGE ( 'NONE', *, *, #10533, .T. ) ;
#10528 = CARTESIAN_POINT ( 'NONE',  ( -3.199999999999999289, -1.858578643762705429, 0.0000000000000000000 ) ) ;
#10529 = LINE ( 'NONE', #5902, #7355 ) ;
#10530 = CARTESIAN_POINT ( 'NONE',  ( 1.568996007524917191, -1.752587996537268822, 7.700000000000000178 ) ) ;
#10531 = AXIS2_PLACEMENT_3D ( 'NONE', #5239, #1952, #372 ) ;
#10532 = CARTESIAN_POINT ( 'NONE',  ( 0.9880645727848885729, -1.362938863479932650, 7.700000000000000178 ) ) ;
#10533 = EDGE_CURVE ( 'NONE', #1115, #1673, #215, .T. ) ;
#10534 = ADVANCED_FACE ( 'NONE', ( #10060 ), #9158, .T. ) ;
#10535 = FILL_AREA_STYLE_COLOUR ( '', #3893 ) ;
#10536 = SURFACE_SIDE_STYLE ('',( #2263 ) ) ;
#10537 = ADVANCED_FACE ( 'NONE', ( #9473 ), #597, .T. ) ;
#10538 = EDGE_LOOP ( 'NONE', ( #6789, #6293, #1623, #2014 ) ) ;
#10539 = DIRECTION ( 'NONE',  ( -0.0000000000000000000, -0.0000000000000000000, 1.000000000000000000 ) ) ;
#10540 = UNCERTAINTY_MEASURE_WITH_UNIT (LENGTH_MEASURE( 1.000000000000000082E-05 ), #7645, 'distance_accuracy_value', 'NONE');
#10541 = COLOUR_RGB ( '',0.0000000000000000000, 0.0000000000000000000, 0.0000000000000000000 ) ;
#10542 = LINE ( 'NONE', #2869, #5097 ) ;
#10543 = CARTESIAN_POINT ( 'NONE',  ( -1.605882531098634214, 0.9208357560420732391, 7.701000000000000512 ) ) ;
#10544 =( LENGTH_UNIT ( ) NAMED_UNIT ( * ) SI_UNIT ( .MILLI., .METRE. ) );
#10545 =( LENGTH_UNIT ( ) NAMED_UNIT ( * ) SI_UNIT ( .MILLI., .METRE. ) );
#10546 = CARTESIAN_POINT ( 'NONE',  ( 1.189120717648108894, -1.671772131727081057, 7.701000000000000512 ) ) ;
#10547 = CARTESIAN_POINT ( 'NONE',  ( 1.282125838424073017, -0.4560138373354040153, 7.699999999999998401 ) ) ;
#10548 = DIRECTION ( 'NONE',  ( -1.000000000000000000, 0.0000000000000000000, 0.0000000000000000000 ) ) ;
#10549 = CARTESIAN_POINT ( 'NONE',  ( 1.233985478711282724, -1.032544301204454396, 7.700999999999999623 ) ) ;
#10550 = ORIENTED_EDGE ( 'NONE', *, *, #36, .F. ) ;
#10551 = CARTESIAN_POINT ( 'NONE',  ( 2.148665991867709124, -0.1496435234377002932, 7.701000000000001400 ) ) ;
#10552 = CARTESIAN_POINT ( 'NONE',  ( -3.199999999999999289, 3.299999999999999822, 0.0000000000000000000 ) ) ;
#10553 = CARTESIAN_POINT ( 'NONE',  ( -3.200000000000000178, 3.200000000000000178, 0.6999999999999999556 ) ) ;
#10554 = CARTESIAN_POINT ( 'NONE',  ( 2.128453715729373030, -0.2296835259730823087, 7.700999999999999623 ) ) ;
#10555 =( NAMED_UNIT ( * ) PLANE_ANGLE_UNIT ( ) SI_UNIT ( $, .RADIAN. ) );
#10556 = DIRECTION ( 'NONE',  ( -1.000000000000000000, 0.0000000000000000000, 0.0000000000000000000 ) ) ;
#10557 = EDGE_LOOP ( 'NONE', ( #9733, #1015, #1331, #3823 ) ) ;
#10558 = ORIENTED_EDGE ( 'NONE', *, *, #7070, .F. ) ;
#10559 = COLOUR_RGB ( '',0.0000000000000000000, 0.0000000000000000000, 0.0000000000000000000 ) ;
#10560 = FILL_AREA_STYLE_COLOUR ( '', #1835 ) ;
#10561 = CARTESIAN_POINT ( 'NONE',  ( 0.04802109958287107544, 0.1694892335373095471, 7.701000000000002288 ) ) ;
#10562 = CARTESIAN_POINT ( 'NONE',  ( 1.191163288553480859, -0.2676409664043099546, 7.701000000000002288 ) ) ;
#10563 = CARTESIAN_POINT ( 'NONE',  ( -1.083911089138118067, 0.9093792086702054966, 7.699999999999999289 ) ) ;
#10564 = ORIENTED_EDGE ( 'NONE', *, *, #5089, .F. ) ;
#10565 =( NAMED_UNIT ( * ) PLANE_ANGLE_UNIT ( ) SI_UNIT ( $, .RADIAN. ) );
#10566 = PRESENTATION_STYLE_ASSIGNMENT (( #10417 ) ) ;
#10567 = CARTESIAN_POINT ( 'NONE',  ( 0.5549938700579185591, 0.6910695983926831154, 7.700000000000001954 ) ) ;
#10568 = COLOUR_RGB ( '',0.7529411764705882248, 0.7529411764705882248, 0.7529411764705882248 ) ;
#10569 = CARTESIAN_POINT ( 'NONE',  ( 0.1256158921501867587, 0.7929300358448400088, 7.701000000000001400 ) ) ;
#10570 = CARTESIAN_POINT ( 'NONE',  ( -0.5149773637200018017, -1.466107327118977510, 7.701000000000000512 ) ) ;
#10571 = PRESENTATION_LAYER_ASSIGNMENT (  '', '', ( #817 ) ) ;
#10572 = ORIENTED_EDGE ( 'NONE', *, *, #3293, .T. ) ;
#10573 = CARTESIAN_POINT ( 'NONE',  ( -0.9777803092287687958, 0.7801102300385539534, 7.700999999999999623 ) ) ;
#10574 = CARTESIAN_POINT ( 'NONE',  ( 3.199999999999997513, 3.300000000000002043, 1.599999999999999867 ) ) ;
#10575 =( NAMED_UNIT ( * ) PLANE_ANGLE_UNIT ( ) SI_UNIT ( $, .RADIAN. ) );
#10576 = FACE_OUTER_BOUND ( 'NONE', #3319, .T. ) ;
#10577 =( NAMED_UNIT ( * ) SI_UNIT ( $, .STERADIAN. ) SOLID_ANGLE_UNIT ( ) );
#10578 = ORIENTED_EDGE ( 'NONE', *, *, #2991, .T. ) ;
#10579 = SURFACE_STYLE_USAGE ( .BOTH. , #3116 ) ;
#10580 = EDGE_CURVE ( 'NONE', #6225, #7471, #4013, .T. ) ;
#10581 =( NAMED_UNIT ( * ) PLANE_ANGLE_UNIT ( ) SI_UNIT ( $, .RADIAN. ) );
#10582 = ADVANCED_FACE ( 'NONE', ( #5455 ), #4650, .T. ) ;
#10583 =( NAMED_UNIT ( * ) SI_UNIT ( $, .STERADIAN. ) SOLID_ANGLE_UNIT ( ) );
#10584 =( NAMED_UNIT ( * ) PLANE_ANGLE_UNIT ( ) SI_UNIT ( $, .RADIAN. ) );
#10585 = EDGE_LOOP ( 'NONE', ( #9347, #6107, #9686, #6579 ) ) ;
#10586 = LINE ( 'NONE', #8335, #4659 ) ;
#10587 = CARTESIAN_POINT ( 'NONE',  ( 1.387774831242257978, -1.738333993556119506, 7.701000000000000512 ) ) ;
#10588 = AXIS2_PLACEMENT_3D ( 'NONE', #8357, #4036, #4096 ) ;
#10589 = CARTESIAN_POINT ( 'NONE',  ( 1.189120717648108672, -0.4159501394975528288, 7.701000000000000512 ) ) ;
#10590 = EDGE_CURVE ( 'NONE', #1691, #7042, #10542, .T. ) ;
#10591 = ORIENTED_EDGE ( 'NONE', *, *, #5743, .T. ) ;
#10592 = CARTESIAN_POINT ( 'NONE',  ( 0.01517696417096197313, -0.3307357557091194500, 7.700999999999999623 ) ) ;
#10593 = FILL_AREA_STYLE ('',( #2430 ) ) ;
#10594 = AXIS2_PLACEMENT_3D ( 'NONE', #5548, #2306, #8864 ) ;
#10595 = CARTESIAN_POINT ( 'NONE',  ( 2.029902655259846256, -0.05205284159554307566, 7.699999999999998401 ) ) ;
#10596 = CARTESIAN_POINT ( 'NONE',  ( 1.147728627196940687, 0.1763450374347546590, 7.701000000000002288 ) ) ;
#10597 = ORIENTED_EDGE ( 'NONE', *, *, #4887, .T. ) ;
#10598 =( LENGTH_UNIT ( ) NAMED_UNIT ( * ) SI_UNIT ( .MILLI., .METRE. ) );
#10599 = ADVANCED_FACE ( 'NONE', ( #8119 ), #781, .F. ) ;
#10600 = EDGE_CURVE ( 'NONE', #291, #1248, #4296, .T. ) ;
#10601 = CARTESIAN_POINT ( 'NONE',  ( 2.060239570695361788, 0.1186191209248758094, 7.699999999999999289 ) ) ;
#10602 = LINE ( 'NONE', #9640, #9370 ) ;
#10603 = SURFACE_SIDE_STYLE ('',( #7346 ) ) ;
#10604 = CARTESIAN_POINT ( 'NONE',  ( 0.6089285890062423601, 1.026855209795008328, 7.700000000000001954 ) ) ;
#10605 = SURFACE_STYLE_FILL_AREA ( #848 ) ;
#10606 = CARTESIAN_POINT ( 'NONE',  ( 0.04814775440799547862, 0.02399190514000253127, 7.701000000000000512 ) ) ;
#10607 = VECTOR ( 'NONE', #6005, 1000.000000000000000 ) ;
#10608 = LINE ( 'NONE', #2443, #10188 ) ;
#10609 = VECTOR ( 'NONE', #8300, 1000.000000000000000 ) ;
#10610 = ORIENTED_EDGE ( 'NONE', *, *, #2711, .T. ) ;
#10611 = ORIENTED_EDGE ( 'NONE', *, *, #766, .T. ) ;
#10612 = AXIS2_PLACEMENT_3D ( 'NONE', #8783, #8673, #6425 ) ;
#10613 = CARTESIAN_POINT ( 'NONE',  ( -0.05116206045004765418, 0.7953067455628063387, 7.700000000000000178 ) ) ;
ENDSEC;
END-ISO-10303-21;
