ISO-10303-21;
HEADER;
FILE_DESCRIPTION (( 'STEP AP214' ),
    '1' );
FILE_NAME ('CCS_CCSTDNOSYAGEO_0603_L1.7W0.9T0.9B0.6.STEP',
    '2025-07-29T15:18:15',
    ( '' ),
    ( '' ),
    'SwSTEP 2.0',
    'SolidWorks 2021',
    '' );
FILE_SCHEMA (( 'AUTOMOTIVE_DESIGN' ));
ENDSEC;

DATA;
#1 = DIRECTION ( 'NONE',  ( 7.938847109670269680E-05, 0.000000000000000000, -0.9999999968487353064 ) ) ;
#2 = FILL_AREA_STYLE_COLOUR ( '', #1766 ) ;
#3 = UNCERTAINTY_MEASURE_WITH_UNIT (LENGTH_MEASURE( 1.000000000000000082E-05 ), #4076, 'distance_accuracy_value', 'NONE');
#4 = FACE_OUTER_BOUND ( 'NONE', #3711, .T. ) ;
#5 = DIRECTION ( 'NONE',  ( 1.000000000000000000, 0.000000000000000000, 0.000000000000000000 ) ) ;
#6 = ADVANCED_FACE ( 'NONE', ( #1597 ), #1958, .F. ) ;
#7 = VECTOR ( 'NONE', #3811, 1000.000000000000000 ) ;
#8 = CYLINDRICAL_SURFACE ( 'NONE', #3468, 0.01871999999999995543 ) ;
#9 = ORIENTED_EDGE ( 'NONE', *, *, #137, .F. ) ;
#10 = AXIS2_PLACEMENT_3D ( 'NONE', #3445, #1007, #4530 ) ;
#11 = ORIENTED_EDGE ( 'NONE', *, *, #4022, .F. ) ;
#12 = DIRECTION ( 'NONE',  ( 0.4443210308329502700, 0.000000000000000000, -0.8958676361826809487 ) ) ;
#13 = VECTOR ( 'NONE', #3777, 1000.000000000000000 ) ;
#14 = ORIENTED_EDGE ( 'NONE', *, *, #3760, .F. ) ;
#15 = ORIENTED_EDGE ( 'NONE', *, *, #3164, .T. ) ;
#16 = CARTESIAN_POINT ( 'NONE',  ( 0.01872000000000006298, 0.9000000000000000222, -0.8812800000000000633 ) ) ;
#17 = SURFACE_STYLE_USAGE ( .BOTH. , #2196 ) ;
#18 = CARTESIAN_POINT ( 'NONE',  ( 1.300000000000000044, 0.03743999999999993861, -0.01871999999999995543 ) ) ;
#19 = SURFACE_STYLE_FILL_AREA ( #3191 ) ;
#20 = UNCERTAINTY_MEASURE_WITH_UNIT (LENGTH_MEASURE( 1.000000000000000082E-05 ), #1573, 'distance_accuracy_value', 'NONE');
#21 = ORIENTED_EDGE ( 'NONE', *, *, #3780, .F. ) ;
#22 = LINE ( 'NONE', #42, #1253 ) ;
#23 = CARTESIAN_POINT ( 'NONE',  ( 0.9132450682316881618, 0.8862800000000000678, -0.5446949050520811797 ) ) ;
#24 = EDGE_CURVE ( 'NONE', #812, #3960, #1558, .T. ) ;
#25 = DIRECTION ( 'NONE',  ( 0.000000000000000000, 0.000000000000000000, 1.000000000000000000 ) ) ;
#26 = CARTESIAN_POINT ( 'NONE',  ( 0.3812799999999999523, 0.01872000000000000053, -0.01871999999999995543 ) ) ;
#27 =( NAMED_UNIT ( * ) SI_UNIT ( $, .STERADIAN. ) SOLID_ANGLE_UNIT ( ) );
#28 = VECTOR ( 'NONE', #1828, 1000.000000000000114 ) ;
#29 = EDGE_CURVE ( 'NONE', #1742, #2736, #3073, .T. ) ;
#30 = CARTESIAN_POINT ( 'NONE',  ( 0.9509324099456935020, 0.8862800000000000678, -0.5013216725431063336 ) ) ;
#31 = ORIENTED_EDGE ( 'NONE', *, *, #2162, .F. ) ;
#32 = ORIENTED_EDGE ( 'NONE', *, *, #3001, .F. ) ;
#33 = DIRECTION ( 'NONE',  ( -0.9620200793798756589, 0.000000000000000000, -0.2729786930695100589 ) ) ;
#34 = CARTESIAN_POINT ( 'NONE',  ( 0.9411901474715013149, 0.8862800000000000678, -0.4499999999999999556 ) ) ;
#35 = ADVANCED_FACE ( 'NONE', ( #3359 ), #1187, .F. ) ;
#36 = ORIENTED_EDGE ( 'NONE', *, *, #2539, .T. ) ;
#37 = ORIENTED_EDGE ( 'NONE', *, *, #3593, .T. ) ;
#38 = LINE ( 'NONE', #2149, #2652 ) ;
#39 = CARTESIAN_POINT ( 'NONE',  ( 0.7526549280338981074, 0.8862800000000000678, -0.4499999999999999556 ) ) ;
#40 = SURFACE_STYLE_FILL_AREA ( #1446 ) ;
#41 = VERTEX_POINT ( 'NONE', #3657 ) ;
#42 = CARTESIAN_POINT ( 'NONE',  ( 0.8210746701055979813, 0.8862800000000000678, -0.5669619174648817816 ) ) ;
#43 = FILL_AREA_STYLE_COLOUR ( '', #1261 ) ;
#44 = FILL_AREA_STYLE_COLOUR ( '', #3457 ) ;
#45 = CARTESIAN_POINT ( 'NONE',  ( 1.300275680371868248, 0.8775771040879440932, -0.02242289591205593943 ) ) ;
#46 = STYLED_ITEM ( 'NONE', ( #4428 ), #4445 ) ;
#47 = AXIS2_PLACEMENT_3D ( 'NONE', #4297, #3205, #3983 ) ;
#48 =( NAMED_UNIT ( * ) SI_UNIT ( $, .STERADIAN. ) SOLID_ANGLE_UNIT ( ) );
#49 =( LENGTH_UNIT ( ) NAMED_UNIT ( * ) SI_UNIT ( .MILLI., .METRE. ) );
#50 = DIRECTION ( 'NONE',  ( 0.3725077383644723739, 0.000000000000000000, 0.9280290862136734154 ) ) ;
#51 = CARTESIAN_POINT ( 'NONE',  ( 1.002401315337855037, 0.8862800000000000678, -0.5443787456251681922 ) ) ;
#52 = VECTOR ( 'NONE', #2636, 1000.000000000000227 ) ;
#53 = VERTEX_POINT ( 'NONE', #3382 ) ;
#54 = ORIENTED_EDGE ( 'NONE', *, *, #3934, .T. ) ;
#55 = B_SPLINE_CURVE_WITH_KNOTS ( 'NONE', 3,
 ( #300, #2041, #275, #4177, #3793, #4103, #1015, #3076, #3842, #2730 ),
 .UNSPECIFIED., .F., .F.,
 ( 4, 3, 3, 4 ),
 ( 0.000000000000000000, 5.892247353572996009E-06, 1.175341654044415640E-05, 1.465097671142874595E-05 ),
 .UNSPECIFIED. ) ;
#56 = CARTESIAN_POINT ( 'NONE',  ( 1.300000000000000044, 0.8625599999999998824, -0.8812800000000000633 ) ) ;
#57 = AXIS2_PLACEMENT_3D ( 'NONE', #1202, #3266, #2270 ) ;
#58 = EDGE_CURVE ( 'NONE', #708, #1312, #206, .T. ) ;
#59 = VERTEX_POINT ( 'NONE', #1738 ) ;
#60 = VERTEX_POINT ( 'NONE', #3796 ) ;
#61 = DIRECTION ( 'NONE',  ( -0.000000000000000000, 1.000000000000000000, -0.000000000000000000 ) ) ;
#62 = COLOUR_RGB ( '',0.7686274509803920907, 0.7686274509803920907, 0.7686274509803920907 ) ;
#63 = CYLINDRICAL_SURFACE ( 'NONE', #3644, 0.01871999999999995543 ) ;
#64 = CARTESIAN_POINT ( 'NONE',  ( 0.3998880975964221318, 0.02076379642871434630, -0.8710654473397371200 ) ) ;
#65 = VECTOR ( 'NONE', #3952, 1000.000000000000000 ) ;
#66 = ORIENTED_EDGE ( 'NONE', *, *, #316, .F. ) ;
#67 = DIRECTION ( 'NONE',  ( 1.000000000000000000, 0.000000000000000000, 1.539402763017534586E-15 ) ) ;
#68 = DIRECTION ( 'NONE',  ( -0.9612861490927331332, 0.000000000000000000, -0.2755520632520533919 ) ) ;
#69 = CARTESIAN_POINT ( 'NONE',  ( 0.3999999999999999667, 0.03743999999999995248, -0.8812800000000000633 ) ) ;
#70 = DIRECTION ( 'NONE',  ( -1.000000000000000000, 0.000000000000000000, 0.000000000000000000 ) ) ;
#71 = STYLED_ITEM ( 'NONE', ( #1364 ), #2761 ) ;
#72 = PLANE ( 'NONE',  #1838 ) ;
#73 = DIRECTION ( 'NONE',  ( 1.000000000000000000, 0.000000000000000000, -0.000000000000000000 ) ) ;
#74 = CARTESIAN_POINT ( 'NONE',  ( 0.3999999999999999667, 0.8812800000000000633, -0.8812800000000000633 ) ) ;
#75 = DIRECTION ( 'NONE',  ( -0.3725077383644724294, 0.000000000000000000, -0.9280290862136735264 ) ) ;
#76 = ORIENTED_EDGE ( 'NONE', *, *, #196, .F. ) ;
#77 = ORIENTED_EDGE ( 'NONE', *, *, #1386, .T. ) ;
#78 = VECTOR ( 'NONE', #4553, 1000.000000000000114 ) ;
#79 = VECTOR ( 'NONE', #3093, 1000.000000000000000 ) ;
#80 = VERTEX_POINT ( 'NONE', #3843 ) ;
#81 = ADVANCED_FACE ( 'NONE', ( #668 ), #1040, .F. ) ;
#82 = ORIENTED_EDGE ( 'NONE', *, *, #174, .F. ) ;
#83 = CARTESIAN_POINT ( 'NONE',  ( 1.300111902403577657, 0.8710654473397372310, -0.02076379642871435671 ) ) ;
#84 = LINE ( 'NONE', #1073, #3492 ) ;
#85 = AXIS2_PLACEMENT_3D ( 'NONE', #4465, #3425, #242 ) ;
#86 = EDGE_CURVE ( 'NONE', #4003, #2947, #4131, .T. ) ;
#87 = ORIENTED_EDGE ( 'NONE', *, *, #2820, .T. ) ;
#88 = CARTESIAN_POINT ( 'NONE',  ( 0.3999999999999999667, 0.8625600000000001044, -0.8812800000000000633 ) ) ;
#89 = DIRECTION ( 'NONE',  ( 1.000000000000000000, 0.000000000000000000, 0.000000000000000000 ) ) ;
#90 = FACE_OUTER_BOUND ( 'NONE', #672, .T. ) ;
#91 = CARTESIAN_POINT ( 'NONE',  ( 0.3991790373499896627, 0.8757970389438121117, -0.8757970389438123338 ) ) ;
#92 = DIRECTION ( 'NONE',  ( 0.000000000000000000, 0.000000000000000000, 1.000000000000000000 ) ) ;
#93 = DIRECTION ( 'NONE',  ( -0.000000000000000000, -0.000000000000000000, -1.000000000000000000 ) ) ;
#94 = CARTESIAN_POINT ( 'NONE',  ( 0.8390702969591441462, 0.8862800000000000678, -0.5546295660076514533 ) ) ;
#95 = PRESENTATION_LAYER_ASSIGNMENT (  '', '', ( #2972 ) ) ;
#96 = FILL_AREA_STYLE_COLOUR ( '', #1247 ) ;
#97 = VERTEX_POINT ( 'NONE', #2068 ) ;
#98 = ORIENTED_EDGE ( 'NONE', *, *, #4206, .F. ) ;
#99 = COLOUR_RGB ( '',0.7686274509803920907, 0.7686274509803920907, 0.7686274509803920907 ) ;
#100 = ORIENTED_EDGE ( 'NONE', *, *, #1272, .F. ) ;
#101 = ORIENTED_EDGE ( 'NONE', *, *, #378, .T. ) ;
#102 = DIRECTION ( 'NONE',  ( 1.000000000000000000, 0.000000000000000000, 0.000000000000000000 ) ) ;
#103 = EDGE_CURVE ( 'NONE', #1047, #2498, #2458, .T. ) ;
#104 = ADVANCED_FACE ( 'NONE', ( #2090 ), #945, .F. ) ;
#105 = SURFACE_SIDE_STYLE ('',( #1806 ) ) ;
#106 = SURFACE_STYLE_USAGE ( .BOTH. , #2497 ) ;
#107 = VERTEX_POINT ( 'NONE', #643 ) ;
#108 = FACE_OUTER_BOUND ( 'NONE', #2778, .T. ) ;
#109 = CARTESIAN_POINT ( 'NONE',  ( 0.3994614431997383086, 0.8767977312631181075, -0.8747364085091400288 ) ) ;
#110 = DIRECTION ( 'NONE',  ( 1.000000000000000000, 0.000000000000000000, 0.000000000000000000 ) ) ;
#111 = EDGE_CURVE ( 'NONE', #80, #3981, #4179, .T. ) ;
#112 = SURFACE_STYLE_USAGE ( .BOTH. , #1569 ) ;
#113 = SURFACE_STYLE_FILL_AREA ( #3029 ) ;
#114 = CARTESIAN_POINT ( 'NONE',  ( 0.3998880975964221873, 0.8792362035712856239, -0.02893455266026272177 ) ) ;
#115 = CARTESIAN_POINT ( 'NONE',  ( 0.3812799999999999523, 0.01872000000000000053, -0.01872000000000000053 ) ) ;
#116 = EDGE_CURVE ( 'NONE', #4067, #1398, #325, .T. ) ;
#117 = AXIS2_PLACEMENT_3D ( 'NONE', #115, #180, #487 ) ;
#118 =( NAMED_UNIT ( * ) SI_UNIT ( $, .STERADIAN. ) SOLID_ANGLE_UNIT ( ) );
#119 = ORIENTED_EDGE ( 'NONE', *, *, #3361, .F. ) ;
#120 = AXIS2_PLACEMENT_3D ( 'NONE', #3218, #346, #4240 ) ;
#121 = ORIENTED_EDGE ( 'NONE', *, *, #1367, .T. ) ;
#122 = CARTESIAN_POINT ( 'NONE',  ( 0.9411901474715013149, 0.8862800000000000678, -0.4499999999999999556 ) ) ;
#123 = VECTOR ( 'NONE', #3742, 1000.000000000000000 ) ;
#124 = EDGE_LOOP ( 'NONE', ( #3869, #1516, #283, #3730 ) ) ;
#125 = ORIENTED_EDGE ( 'NONE', *, *, #4107, .F. ) ;
#126 = SURFACE_STYLE_FILL_AREA ( #2583 ) ;
#127 = MECHANICAL_DESIGN_GEOMETRIC_PRESENTATION_REPRESENTATION (  '', ( #3894 ), #2046 ) ;
#128 = CARTESIAN_POINT ( 'NONE',  ( 1.300820962650010237, 0.8757970389438122227, -0.8757970389438122227 ) ) ;
#129 = SURFACE_STYLE_USAGE ( .BOTH. , #1920 ) ;
#130 = ORIENTED_EDGE ( 'NONE', *, *, #1759, .F. ) ;
#131 = CARTESIAN_POINT ( 'NONE',  ( 0.6505425459479202699, 0.8812800000000000633, -0.5013216725433518040 ) ) ;
#132 = AXIS2_PLACEMENT_3D ( 'NONE', #2380, #1710, #198 ) ;
#133 = CARTESIAN_POINT ( 'NONE',  ( 0.3999334599787454647, 0.8795614527106603298, -0.8706661024294584106 ) ) ;
#134 = COLOUR_RGB ( '',0.7686274509803920907, 0.7686274509803920907, 0.7686274509803920907 ) ;
#135 =( NAMED_UNIT ( * ) PLANE_ANGLE_UNIT ( ) SI_UNIT ( $, .RADIAN. ) );
#136 = CARTESIAN_POINT ( 'NONE',  ( 0.01872000000000006298, 0.000000000000000000, -0.9000000000000000222 ) ) ;
#137 = EDGE_CURVE ( 'NONE', #4456, #2947, #971, .T. ) ;
#138 = DIRECTION ( 'NONE',  ( 0.2765379750249968849, 0.000000000000000000, -0.9610029908221275896 ) ) ;
#139 = VECTOR ( 'NONE', #1430, 1000.000000000000000 ) ;
#140 = FILL_AREA_STYLE_COLOUR ( '', #134 ) ;
#141 = ORIENTED_EDGE ( 'NONE', *, *, #360, .T. ) ;
#142 = ORIENTED_EDGE ( 'NONE', *, *, #334, .T. ) ;
#143 = CARTESIAN_POINT ( 'NONE',  ( 0.5439159073110521048, 0.8862800000000000678, -0.5669619174648817816 ) ) ;
#144 = PRESENTATION_LAYER_ASSIGNMENT (  '', '', ( #1176 ) ) ;
#145 = AXIS2_PLACEMENT_3D ( 'NONE', #864, #886, #2669 ) ;
#146 = EDGE_LOOP ( 'NONE', ( #3313, #3371, #3926, #401 ) ) ;
#147 =( GEOMETRIC_REPRESENTATION_CONTEXT ( 3 ) GLOBAL_UNCERTAINTY_ASSIGNED_CONTEXT ( ( #3166 ) ) GLOBAL_UNIT_ASSIGNED_CONTEXT ( ( #2074, #2445, #3974 ) ) REPRESENTATION_CONTEXT ( 'NONE', 'WORKASPACE' ) );
#148 = VERTEX_POINT ( 'NONE', #301 ) ;
#149 = CARTESIAN_POINT ( 'NONE',  ( 0.6422598091066761272, 0.8862800000000000678, -0.4722520757470474173 ) ) ;
#150 = VECTOR ( 'NONE', #3070, 1000.000000000000000 ) ;
#151 = LINE ( 'NONE', #2331, #2102 ) ;
#152 = UNCERTAINTY_MEASURE_WITH_UNIT (LENGTH_MEASURE( 1.000000000000000082E-05 ), #4078, 'distance_accuracy_value', 'NONE');
#153 = ORIENTED_EDGE ( 'NONE', *, *, #2937, .F. ) ;
#154 = DIRECTION ( 'NONE',  ( -1.000000000000000000, 0.000000000000000000, 0.000000000000000000 ) ) ;
#155 = SURFACE_SIDE_STYLE ('',( #1612 ) ) ;
#156 = CIRCLE ( 'NONE', #1181, 0.01872000000000006298 ) ;
#157 = CARTESIAN_POINT ( 'NONE',  ( 0.8387459579295705181, 0.8812800000000000633, -0.4499999999999999556 ) ) ;
#158 =( NAMED_UNIT ( * ) SI_UNIT ( $, .STERADIAN. ) SOLID_ANGLE_UNIT ( ) );
#159 = LINE ( 'NONE', #3352, #1933 ) ;
#160 = DIRECTION ( 'NONE',  ( 0.000000000000000000, 0.000000000000000000, -1.000000000000000000 ) ) ;
#161 =( NAMED_UNIT ( * ) PLANE_ANGLE_UNIT ( ) SI_UNIT ( $, .RADIAN. ) );
#162 = EDGE_CURVE ( 'NONE', #4088, #3207, #4474, .T. ) ;
#163 = EDGE_CURVE ( 'NONE', #994, #2534, #2045, .T. ) ;
#164 = DIRECTION ( 'NONE',  ( 0.2763139702539146314, 0.000000000000000000, -0.9610674221107063930 ) ) ;
#165 = EDGE_LOOP ( 'NONE', ( #1281, #1304, #3273, #2553 ) ) ;
#166 = ORIENTED_EDGE ( 'NONE', *, *, #2430, .F. ) ;
#167 = CYLINDRICAL_SURFACE ( 'NONE', #1208, 0.01871999999999995543 ) ;
#168 = EDGE_CURVE ( 'NONE', #2885, #2193, #2800, .T. ) ;
#169 = ORIENTED_EDGE ( 'NONE', *, *, #2633, .T. ) ;
#170 = ORIENTED_EDGE ( 'NONE', *, *, #280, .F. ) ;
#171 = CARTESIAN_POINT ( 'NONE',  ( 0.7163307349886367525, 0.8862800000000000678, -0.5446988170361243276 ) ) ;
#172 = CARTESIAN_POINT ( 'NONE',  ( 0.7584916080268581107, 0.8862800000000000678, -0.5541281207976742618 ) ) ;
#173 = DIRECTION ( 'NONE',  ( 0.000000000000000000, 0.000000000000000000, -1.000000000000000000 ) ) ;
#174 = EDGE_CURVE ( 'NONE', #2200, #2003, #2753, .T. ) ;
#175 = ORIENTED_EDGE ( 'NONE', *, *, #3779, .T. ) ;
#176 = CARTESIAN_POINT ( 'NONE',  ( 0.01872000000000006298, 0.9000000000000000222, -0.9000000000000000222 ) ) ;
#177 = COLOUR_RGB ( '',0.6470588235294117974, 0.5176470588235293491, 0.000000000000000000 ) ;
#178 = CARTESIAN_POINT ( 'NONE',  ( 0.3998880975964221318, 0.8710654473397370090, -0.8792362035712857349 ) ) ;
#179 = FACE_OUTER_BOUND ( 'NONE', #350, .T. ) ;
#180 = DIRECTION ( 'NONE',  ( 1.000000000000000000, -2.895839135912138066E-15, 0.000000000000000000 ) ) ;
#181 = DIRECTION ( 'NONE',  ( 0.000000000000000000, 0.000000000000000000, -1.000000000000000000 ) ) ;
#182 = ORIENTED_EDGE ( 'NONE', *, *, #4022, .T. ) ;
#183 = ORIENTED_EDGE ( 'NONE', *, *, #461, .F. ) ;
#184 = VECTOR ( 'NONE', #2680, 1000.000000000000000 ) ;
#185 =( GEOMETRIC_REPRESENTATION_CONTEXT ( 3 ) GLOBAL_UNCERTAINTY_ASSIGNED_CONTEXT ( ( #2549 ) ) GLOBAL_UNIT_ASSIGNED_CONTEXT ( ( #1289, #1171, #2611 ) ) REPRESENTATION_CONTEXT ( 'NONE', 'WORKASPACE' ) );
#186 = ORIENTED_EDGE ( 'NONE', *, *, #875, .F. ) ;
#187 = VERTEX_POINT ( 'NONE', #3818 ) ;
#188 = SURFACE_STYLE_FILL_AREA ( #926 ) ;
#189 = EDGE_CURVE ( 'NONE', #53, #1236, #4518, .T. ) ;
#190 = VECTOR ( 'NONE', #3770, 1000.000000000000000 ) ;
#191 = PLANE ( 'NONE',  #2681 ) ;
#192 = COLOUR_RGB ( '',0.7686274509803920907, 0.7686274509803920907, 0.7686274509803920907 ) ;
#193 = ORIENTED_EDGE ( 'NONE', *, *, #2065, .T. ) ;
#194 = CARTESIAN_POINT ( 'NONE',  ( 0.8210746701055979813, 0.8812800000000000633, -0.5669619174648817816 ) ) ;
#195 = CARTESIAN_POINT ( 'NONE',  ( 0.5106128326548475815, 0.8812800000000000633, -0.5669619174648817816 ) ) ;
#196 = EDGE_CURVE ( 'NONE', #2258, #2879, #1326, .T. ) ;
#197 = MECHANICAL_DESIGN_GEOMETRIC_PRESENTATION_REPRESENTATION (  '', ( #3598 ), #4323 ) ;
#198 = DIRECTION ( 'NONE',  ( 0.000000000000000000, 0.000000000000000000, 1.000000000000000000 ) ) ;
#199 = COLOUR_RGB ( '',0.7921568627450980005, 0.8196078431372548767, 0.9333333333333333481 ) ;
#200 = CARTESIAN_POINT ( 'NONE',  ( 0.7526549280338981074, 0.8862800000000000678, -0.4499999999999999556 ) ) ;
#201 = DIRECTION ( 'NONE',  ( 0.2762517575166416051, 0.000000000000000000, -0.9610853065513834670 ) ) ;
#202 = PLANE ( 'NONE',  #4541 ) ;
#203 = SURFACE_STYLE_FILL_AREA ( #4102 ) ;
#204 = ORIENTED_EDGE ( 'NONE', *, *, #3458, .T. ) ;
#205 = VECTOR ( 'NONE', #1455, 1000.000000000000000 ) ;
#206 = LINE ( 'NONE', #2706, #2560 ) ;
#207 = AXIS2_PLACEMENT_3D ( 'NONE', #2499, #2542, #390 ) ;
#208 = VERTEX_POINT ( 'NONE', #1017 ) ;
#209 = VERTEX_POINT ( 'NONE', #3105 ) ;
#210 =( NAMED_UNIT ( * ) SI_UNIT ( $, .STERADIAN. ) SOLID_ANGLE_UNIT ( ) );
#211 = VECTOR ( 'NONE', #2920, 1000.000000000000000 ) ;
#212 = FILL_AREA_STYLE ('',( #1502 ) ) ;
#213 = CARTESIAN_POINT ( 'NONE',  ( 0.3999712813729734973, 0.01975653298853950052, -0.03129724862503856231 ) ) ;
#214 = SURFACE_STYLE_USAGE ( .BOTH. , #2994 ) ;
#215 = AXIS2_PLACEMENT_3D ( 'NONE', #685, #4534, #3859 ) ;
#216 = EDGE_CURVE ( 'NONE', #1165, #3577, #2388, .T. ) ;
#217 = EDGE_CURVE ( 'NONE', #1236, #994, #4497, .T. ) ;
#218 = PRESENTATION_STYLE_ASSIGNMENT (( #2625 ) ) ;
#219 = EDGE_LOOP ( 'NONE', ( #3906, #429, #2515 ) ) ;
#220 =( NAMED_UNIT ( * ) SI_UNIT ( $, .STERADIAN. ) SOLID_ANGLE_UNIT ( ) );
#221 = CARTESIAN_POINT ( 'NONE',  ( 1.300820962650010237, 0.8757970389438122227, -0.8757970389438122227 ) ) ;
#222 = AXIS2_PLACEMENT_3D ( 'NONE', #2252, #1641, #2431 ) ;
#223 = EDGE_CURVE ( 'NONE', #1923, #3493, #1371, .T. ) ;
#224 = LINE ( 'NONE', #2697, #4188 ) ;
#225 = DIRECTION ( 'NONE',  ( 0.000000000000000000, 0.000000000000000000, 1.000000000000000000 ) ) ;
#226 = PLANE ( 'NONE',  #426 ) ;
#227 = VECTOR ( 'NONE', #2421, 1000.000000000000000 ) ;
#228 = EDGE_CURVE ( 'NONE', #234, #3687, #1156, .T. ) ;
#229 = DIRECTION ( 'NONE',  ( -0.9601763114346026917, 0.000000000000000000, -0.2793947940814949793 ) ) ;
#230 = ORIENTED_EDGE ( 'NONE', *, *, #3280, .T. ) ;
#231 = DIRECTION ( 'NONE',  ( -0.2760118818968593235, 0.000000000000000000, 0.9611542233438680194 ) ) ;
#232 = FILL_AREA_STYLE ('',( #901 ) ) ;
#233 =( LENGTH_UNIT ( ) NAMED_UNIT ( * ) SI_UNIT ( .MILLI., .METRE. ) );
#234 = VERTEX_POINT ( 'NONE', #2165 ) ;
#235 = VERTEX_POINT ( 'NONE', #4292 ) ;
#236 = CARTESIAN_POINT ( 'NONE',  ( 0.3993359741418495146, 0.02369064344752848383, -0.02471527866475986199 ) ) ;
#237 =( NAMED_UNIT ( * ) PLANE_ANGLE_UNIT ( ) SI_UNIT ( $, .RADIAN. ) );
#238 = MECHANICAL_DESIGN_GEOMETRIC_PRESENTATION_REPRESENTATION (  '', ( #2390 ), #391 ) ;
#239 = DIRECTION ( 'NONE',  ( 0.000000000000000000, 1.000000000000000000, 0.000000000000000000 ) ) ;
#240 = ORIENTED_EDGE ( 'NONE', *, *, #2793, .F. ) ;
#241 = CARTESIAN_POINT ( 'NONE',  ( 0.9132450682316881618, 0.8812800000000000633, -0.5446949050520811797 ) ) ;
#242 = DIRECTION ( 'NONE',  ( -1.000000000000000000, 0.000000000000000000, 0.000000000000000000 ) ) ;
#243 = AXIS2_PLACEMENT_3D ( 'NONE', #888, #239, #4392 ) ;
#244 = PRESENTATION_STYLE_ASSIGNMENT (( #1273 ) ) ;
#245 = DIRECTION ( 'NONE',  ( -0.000000000000000000, 2.352869297928617750E-15, 1.000000000000000000 ) ) ;
#246 = CARTESIAN_POINT ( 'NONE',  ( 1.700000000000000178, 0.01872000000000000053, -0.9000000000000000222 ) ) ;
#247 = LINE ( 'NONE', #1735, #2125 ) ;
#248 = ADVANCED_FACE ( 'NONE', ( #4 ), #2136, .F. ) ;
#249 = PRESENTATION_STYLE_ASSIGNMENT (( #1663 ) ) ;
#250 = B_SPLINE_CURVE_WITH_KNOTS ( 'NONE', 3,
 ( #392, #3560, #1034, #4556, #3499, #2476, #759, #3145, #3216, #1080 ),
 .UNSPECIFIED., .F., .F.,
 ( 4, 3, 3, 4 ),
 ( 0.000000000000000000, 5.892247353572998550E-06, 1.175341654044410557E-05, 1.465097671142881372E-05 ),
 .UNSPECIFIED. ) ;
#251 = ORIENTED_EDGE ( 'NONE', *, *, #2551, .F. ) ;
#252 = DIRECTION ( 'NONE',  ( 0.2755520632520533919, 0.000000000000000000, -0.9612861490927331332 ) ) ;
#253 = CARTESIAN_POINT ( 'NONE',  ( 1.002401315337855037, 0.8812800000000000633, -0.5443787456251681922 ) ) ;
#254 = SURFACE_SIDE_STYLE ('',( #3846 ) ) ;
#255 = ORIENTED_EDGE ( 'NONE', *, *, #2432, .T. ) ;
#256 = ORIENTED_EDGE ( 'NONE', *, *, #3507, .F. ) ;
#257 = FILL_AREA_STYLE_COLOUR ( '', #4250 ) ;
#258 =( LENGTH_UNIT ( ) NAMED_UNIT ( * ) SI_UNIT ( .MILLI., .METRE. ) );
#259 = VECTOR ( 'NONE', #2161, 1000.000000000000000 ) ;
#260 = PRESENTATION_LAYER_ASSIGNMENT (  '', '', ( #624 ) ) ;
#261 = VERTEX_POINT ( 'NONE', #1432 ) ;
#262 = DIRECTION ( 'NONE',  ( -1.000000000000000000, 0.000000000000000000, 0.000000000000000000 ) ) ;
#263 = CLOSED_SHELL ( 'NONE', ( #1849, #274, #1328, #4249, #738, #4264, #4445, #511, #1415, #1464, #3171, #3463, #1872, #1122, #3845, #2189, #4371, #1433, #3922, #758, #1959, #3734, #1751, #3587, #2210, #3388, #1345, #3108, #1533, #4029, #3582, #1789, #1410, #4116, #1249, #1480, #2961, #849, #982, #1184, #3813, #2303, #3122, #778, #1037, #2349, #1197, #3163, #4167, #2406, #815, #1937, #3317, #1603, #1878, #698, #1518, #3336, #1615, #928, #2761, #1817, #1123, #3897 ) ) ;
#264 = FACE_OUTER_BOUND ( 'NONE', #2281, .T. ) ;
#265 = AXIS2_PLACEMENT_3D ( 'NONE', #1276, #3812, #4468 ) ;
#266 =( NAMED_UNIT ( * ) SI_UNIT ( $, .STERADIAN. ) SOLID_ANGLE_UNIT ( ) );
#267 = ADVANCED_FACE ( 'NONE', ( #3932 ), #3609, .F. ) ;
#268 = DIRECTION ( 'NONE',  ( 0.000000000000000000, 1.000000000000000000, 0.000000000000000000 ) ) ;
#269 = PRESENTATION_LAYER_ASSIGNMENT (  '', '', ( #1454 ) ) ;
#270 = LINE ( 'NONE', #989, #2953 ) ;
#271 = CARTESIAN_POINT ( 'NONE',  ( 0.9752663724021765068, 0.8862800000000000678, -0.4500000000000000111 ) ) ;
#272 = AXIS2_PLACEMENT_3D ( 'NONE', #1623, #4410, #3339 ) ;
#273 = CARTESIAN_POINT ( 'NONE',  ( 1.300000000000000044, 0.01872000000000000053, 0.000000000000000000 ) ) ;
#274 = ADVANCED_FACE ( 'NONE', ( #2913 ), #3271, .T. ) ;
#275 = CARTESIAN_POINT ( 'NONE',  ( 1.300209794267831009, 0.02718707767936340280, -0.8783449301849892699 ) ) ;
#276 = VERTEX_POINT ( 'NONE', #3173 ) ;
#277 = UNCERTAINTY_MEASURE_WITH_UNIT (LENGTH_MEASURE( 1.000000000000000082E-05 ), #1132, 'distance_accuracy_value', 'NONE');
#278 = CARTESIAN_POINT ( 'NONE',  ( 0.5296186730263663378, 0.8862800000000000678, -0.5170848338894616925 ) ) ;
#279 = COLOUR_RGB ( '',0.7686274509803920907, 0.7686274509803920907, 0.7686274509803920907 ) ;
#280 = EDGE_CURVE ( 'NONE', #2140, #2838, #3815, .T. ) ;
#281 = FILL_AREA_STYLE_COLOUR ( '', #644 ) ;
#282 = ORIENTED_EDGE ( 'NONE', *, *, #4222, .F. ) ;
#283 = ORIENTED_EDGE ( 'NONE', *, *, #1093, .F. ) ;
#284 = CARTESIAN_POINT ( 'NONE',  ( 0.6567113889383993097, 0.8812800000000000633, -0.5229439188807396555 ) ) ;
#285 = CARTESIAN_POINT ( 'NONE',  ( 1.681280000000000108, 0.01872000000000000053, -0.8812800000000000633 ) ) ;
#286 = SURFACE_SIDE_STYLE ('',( #188 ) ) ;
#287 = AXIS2_PLACEMENT_3D ( 'NONE', #2588, #3348, #2977 ) ;
#288 = CARTESIAN_POINT ( 'NONE',  ( 0.3999999999999999667, 0.8812800000000000633, -0.9000000000000000222 ) ) ;
#289 = VECTOR ( 'NONE', #67, 1000.000000000000000 ) ;
#290 = ORIENTED_EDGE ( 'NONE', *, *, #840, .T. ) ;
#291 = LINE ( 'NONE', #4420, #4117 ) ;
#292 = CARTESIAN_POINT ( 'NONE',  ( 0.8924482504991361198, 0.8862800000000000678, -0.4722563433655573295 ) ) ;
#293 = VECTOR ( 'NONE', #1313, 999.9999999999998863 ) ;
#294 = CARTESIAN_POINT ( 'NONE',  ( 1.700000000000000178, 0.9000000000000000222, -0.8812800000000000633 ) ) ;
#295 = SURFACE_SIDE_STYLE ('',( #566 ) ) ;
#296 = CIRCLE ( 'NONE', #1860, 0.01871999999999995543 ) ;
#297 = CARTESIAN_POINT ( 'NONE',  ( 1.300275680371868248, 0.02242289591205597760, -0.8775771040879440932 ) ) ;
#298 = LINE ( 'NONE', #3126, #337 ) ;
#299 =( NAMED_UNIT ( * ) PLANE_ANGLE_UNIT ( ) SI_UNIT ( $, .RADIAN. ) );
#300 = CARTESIAN_POINT ( 'NONE',  ( 1.300820962650010237, 0.02420296105618778212, -0.8757970389438122227 ) ) ;
#301 = CARTESIAN_POINT ( 'NONE',  ( 0.3999999999999999667, 0.01871999999999995543, -0.03743999999999991085 ) ) ;
#302 = VECTOR ( 'NONE', #3963, 1000.000000000000000 ) ;
#303 = DIRECTION ( 'NONE',  ( 1.000000000000000000, 0.000000000000000000, 0.000000000000000000 ) ) ;
#304 = EDGE_CURVE ( 'NONE', #983, #4046, #1135, .T. ) ;
#305 = EDGE_CURVE ( 'NONE', #1742, #2173, #4027, .T. ) ;
#306 = CARTESIAN_POINT ( 'NONE',  ( 0.9475055120409731080, 0.8862800000000000678, -0.4722563433655573295 ) ) ;
#307 = VERTEX_POINT ( 'NONE', #2479 ) ;
#308 = ORIENTED_EDGE ( 'NONE', *, *, #2168, .F. ) ;
#309 = CARTESIAN_POINT ( 'NONE',  ( 1.681280000000000108, 0.000000000000000000, -0.01872000000000000053 ) ) ;
#310 = DIRECTION ( 'NONE',  ( 1.000000000000000000, -0.000000000000000000, -0.000000000000000000 ) ) ;
#311 = FACE_OUTER_BOUND ( 'NONE', #3035, .T. ) ;
#312 = LINE ( 'NONE', #94, #1411 ) ;
#313 = EDGE_CURVE ( 'NONE', #2368, #1627, #1084, .T. ) ;
#314 = ORIENTED_EDGE ( 'NONE', *, *, #3200, .T. ) ;
#315 = DIRECTION ( 'NONE',  ( 1.000000000000000000, 0.000000000000000000, 0.000000000000000000 ) ) ;
#316 = EDGE_CURVE ( 'NONE', #4319, #307, #3884, .T. ) ;
#317 = STYLED_ITEM ( 'NONE', ( #2966 ), #1037 ) ;
#318 = LINE ( 'NONE', #1732, #4298 ) ;
#319 = CARTESIAN_POINT ( 'NONE',  ( 0.6505425459479202699, 0.8812800000000000633, -0.5013216725433518040 ) ) ;
#320 = DIRECTION ( 'NONE',  ( 0.000000000000000000, -1.000000000000000000, -0.000000000000000000 ) ) ;
#321 =( NAMED_UNIT ( * ) SI_UNIT ( $, .STERADIAN. ) SOLID_ANGLE_UNIT ( ) );
#322 = CARTESIAN_POINT ( 'NONE',  ( 1.300005149948295635, 0.01925491251665636602, -0.03258486834889558204 ) ) ;
#323 = FACE_OUTER_BOUND ( 'NONE', #1600, .T. ) ;
#324 = UNCERTAINTY_MEASURE_WITH_UNIT (LENGTH_MEASURE( 1.000000000000000082E-05 ), #724, 'distance_accuracy_value', 'NONE');
#325 = LINE ( 'NONE', #3481, #190 ) ;
#326 =( NAMED_UNIT ( * ) SI_UNIT ( $, .STERADIAN. ) SOLID_ANGLE_UNIT ( ) );
#327 = STYLED_ITEM ( 'NONE', ( #249 ), #1415 ) ;
#328 = CYLINDRICAL_SURFACE ( 'NONE', #1764, 0.01871999999999999706 ) ;
#329 = ORIENTED_EDGE ( 'NONE', *, *, #163, .F. ) ;
#330 = ORIENTED_EDGE ( 'NONE', *, *, #4284, .T. ) ;
#331 = CARTESIAN_POINT ( 'NONE',  ( 0.7226539235260945881, 0.8812800000000000633, -0.5669619174648817816 ) ) ;
#332 = DIRECTION ( 'NONE',  ( -0.2740217765953990026, 0.000000000000000000, 0.9617234872620619157 ) ) ;
#333 = DIRECTION ( 'NONE',  ( 0.000000000000000000, 1.000000000000000000, 0.000000000000000000 ) ) ;
#334 = EDGE_CURVE ( 'NONE', #2129, #3661, #343, .T. ) ;
#335 = ORIENTED_EDGE ( 'NONE', *, *, #3109, .F. ) ;
#336 = SURFACE_STYLE_FILL_AREA ( #3553 ) ;
#337 = VECTOR ( 'NONE', #411, 1000.000000000000000 ) ;
#338 = CARTESIAN_POINT ( 'NONE',  ( 0.3812799999999998968, 0.01872000000000000053, 0.000000000000000000 ) ) ;
#339 = CARTESIAN_POINT ( 'NONE',  ( 0.4000000000000297762, 0.03646308696185556614, -0.01871999999999829009 ) ) ;
#340 = CARTESIAN_POINT ( 'NONE',  ( 0.3812799999999998968, 0.01872000000000000053, -0.8812800000000000633 ) ) ;
#341 = LINE ( 'NONE', #3240, #2420 ) ;
#342 = PRESENTATION_STYLE_ASSIGNMENT (( #4289 ) ) ;
#343 = CIRCLE ( 'NONE', #627, 0.01872000000000000053 ) ;
#344 = CARTESIAN_POINT ( 'NONE',  ( 0.9007459240060254890, 0.8812800000000000633, -0.5013216725431063336 ) ) ;
#345 = AXIS2_PLACEMENT_3D ( 'NONE', #1788, #4535, #3860 ) ;
#346 = DIRECTION ( 'NONE',  ( 0.000000000000000000, 0.000000000000000000, -1.000000000000000000 ) ) ;
#347 = PLANE ( 'NONE',  #1360 ) ;
#348 = VECTOR ( 'NONE', #543, 1000.000000000000000 ) ;
#349 = EDGE_LOOP ( 'NONE', ( #3686, #3938, #595, #3034, #1022, #384 ) ) ;
#350 = EDGE_LOOP ( 'NONE', ( #1441, #2141, #2833, #1916 ) ) ;
#351 = PLANE ( 'NONE',  #740 ) ;
#352 = CARTESIAN_POINT ( 'NONE',  ( 0.6505425459479202699, 0.8862800000000000678, -0.5013216725433518040 ) ) ;
#353 = LINE ( 'NONE', #3871, #2012 ) ;
#354 =( GEOMETRIC_REPRESENTATION_CONTEXT ( 3 ) GLOBAL_UNCERTAINTY_ASSIGNED_CONTEXT ( ( #4239 ) ) GLOBAL_UNIT_ASSIGNED_CONTEXT ( ( #1575, #2962, #118 ) ) REPRESENTATION_CONTEXT ( 'NONE', 'WORKASPACE' ) );
#355 = ORIENTED_EDGE ( 'NONE', *, *, #3647, .T. ) ;
#356 = ORIENTED_EDGE ( 'NONE', *, *, #839, .F. ) ;
#357 = PLANE ( 'NONE',  #2875 ) ;
#358 = AXIS2_PLACEMENT_3D ( 'NONE', #3198, #25, #1484 ) ;
#359 = FILL_AREA_STYLE_COLOUR ( '', #3187 ) ;
#360 = EDGE_CURVE ( 'NONE', #4337, #3725, #1841, .T. ) ;
#361 = B_SPLINE_CURVE_WITH_KNOTS ( 'NONE', 3,
 ( #2817, #4265, #3861, #3950, #3909, #322, #737, #1105, #3241, #2455 ),
 .UNSPECIFIED., .F., .F.,
 ( 4, 3, 3, 4 ),
 ( 0.000000000000000000, 5.892247353573029043E-06, 1.175341654044421738E-05, 1.465097671142874934E-05 ),
 .UNSPECIFIED. ) ;
#362 = AXIS2_PLACEMENT_3D ( 'NONE', #3947, #2452, #408 ) ;
#363 = DIRECTION ( 'NONE',  ( 0.000000000000000000, 0.000000000000000000, -1.000000000000000000 ) ) ;
#364 = LINE ( 'NONE', #2561, #3603 ) ;
#365 = EDGE_LOOP ( 'NONE', ( #2991, #355, #1425 ) ) ;
#366 =( NAMED_UNIT ( * ) SI_UNIT ( $, .STERADIAN. ) SOLID_ANGLE_UNIT ( ) );
#367 = CARTESIAN_POINT ( 'NONE',  ( 0.5284610813304443377, 0.8862800000000000678, -0.5135071467863020489 ) ) ;
#368 = CYLINDRICAL_SURFACE ( 'NONE', #3666, 0.01872000000000000053 ) ;
#369 = VECTOR ( 'NONE', #1144, 1000.000000000000000 ) ;
#370 = CARTESIAN_POINT ( 'NONE',  ( 1.300820962650010237, 0.8757970389438122227, -0.02420296105618774396 ) ) ;
#371 = EDGE_CURVE ( 'NONE', #2827, #3111, #2550, .T. ) ;
#372 = VECTOR ( 'NONE', #3893, 1000.000000000000000 ) ;
#373 = STYLED_ITEM ( 'NONE', ( #2635 ), #3317 ) ;
#374 = DIRECTION ( 'NONE',  ( 0.000000000000000000, 0.000000000000000000, 1.000000000000000000 ) ) ;
#375 = UNCERTAINTY_MEASURE_WITH_UNIT (LENGTH_MEASURE( 1.000000000000000082E-05 ), #2510, 'distance_accuracy_value', 'NONE');
#376 = SURFACE_STYLE_FILL_AREA ( #690 ) ;
#377 = CARTESIAN_POINT ( 'NONE',  ( 0.3999999999999999667, 0.8625600000000001044, -0.8625600000000001044 ) ) ;
#378 = EDGE_CURVE ( 'NONE', #728, #754, #3030, .T. ) ;
#379 = VERTEX_POINT ( 'NONE', #895 ) ;
#380 = VECTOR ( 'NONE', #3472, 1000.000000000000000 ) ;
#381 = VERTEX_POINT ( 'NONE', #2253 ) ;
#382 = CARTESIAN_POINT ( 'NONE',  ( 1.002401315337855037, 0.8862800000000000678, -0.5443787456251681922 ) ) ;
#383 = MECHANICAL_DESIGN_GEOMETRIC_PRESENTATION_REPRESENTATION (  '', ( #1196 ), #3268 ) ;
#384 = ORIENTED_EDGE ( 'NONE', *, *, #1217, .F. ) ;
#385 = CARTESIAN_POINT ( 'NONE',  ( -0.05199832028965649389, 0.8812799999999998413, -0.05666983717615741573 ) ) ;
#386 = CARTESIAN_POINT ( 'NONE',  ( 1.300000000000000044, 0.03536344784022326521, -0.01871999999999995543 ) ) ;
#387 = FILL_AREA_STYLE ('',( #1898 ) ) ;
#388 = CARTESIAN_POINT ( 'NONE',  ( 0.3999999999999999667, 0.8812800000000000633, -0.01871999999999995543 ) ) ;
#389 = VERTEX_POINT ( 'NONE', #1930 ) ;
#390 = DIRECTION ( 'NONE',  ( 0.000000000000000000, 0.000000000000000000, -1.000000000000000000 ) ) ;
#391 =( GEOMETRIC_REPRESENTATION_CONTEXT ( 3 ) GLOBAL_UNCERTAINTY_ASSIGNED_CONTEXT ( ( #2732 ) ) GLOBAL_UNIT_ASSIGNED_CONTEXT ( ( #4519, #670, #326 ) ) REPRESENTATION_CONTEXT ( 'NONE', 'WORKASPACE' ) );
#392 = CARTESIAN_POINT ( 'NONE',  ( 1.300820962650010237, 0.8757970389438122227, -0.8757970389438122227 ) ) ;
#393 = CARTESIAN_POINT ( 'NONE',  ( 0.7841301134981506493, 0.8812800000000000633, -0.5669619174648817816 ) ) ;
#394 = PRESENTATION_STYLE_ASSIGNMENT (( #2821 ) ) ;
#395 = EDGE_CURVE ( 'NONE', #2498, #3590, #2277, .T. ) ;
#396 = DIRECTION ( 'NONE',  ( 0.3829140317376895086, 0.000000000000000000, 0.9237839814038711905 ) ) ;
#397 = SURFACE_STYLE_FILL_AREA ( #2734 ) ;
#398 = CARTESIAN_POINT ( 'NONE',  ( 0.3991790373499896627, 0.02420296105618771620, -0.02420296105618785151 ) ) ;
#399 = FILL_AREA_STYLE ('',( #96 ) ) ;
#400 = ORIENTED_EDGE ( 'NONE', *, *, #1069, .F. ) ;
#401 = ORIENTED_EDGE ( 'NONE', *, *, #4365, .T. ) ;
#402 = CARTESIAN_POINT ( 'NONE',  ( 1.300000000000000044, 0.8646365521597767501, -0.8812800000000000633 ) ) ;
#403 = ORIENTED_EDGE ( 'NONE', *, *, #3647, .F. ) ;
#404 = ORIENTED_EDGE ( 'NONE', *, *, #1660, .F. ) ;
#405 = DIRECTION ( 'NONE',  ( 0.000000000000000000, -1.000000000000000000, 0.000000000000000000 ) ) ;
#406 =( NAMED_UNIT ( * ) PLANE_ANGLE_UNIT ( ) SI_UNIT ( $, .RADIAN. ) );
#407 = ORIENTED_EDGE ( 'NONE', *, *, #86, .T. ) ;
#408 = DIRECTION ( 'NONE',  ( 1.000000000000000000, 0.000000000000000000, 0.000000000000000000 ) ) ;
#409 = LINE ( 'NONE', #1834, #1031 ) ;
#410 = PRESENTATION_STYLE_ASSIGNMENT (( #2203 ) ) ;
#411 = DIRECTION ( 'NONE',  ( 0.000000000000000000, -1.000000000000000000, 0.000000000000000000 ) ) ;
#412 = PRESENTATION_LAYER_ASSIGNMENT (  '', '', ( #2121 ) ) ;
#413 = COLOUR_RGB ( '',0.7686274509803920907, 0.7686274509803920907, 0.7686274509803920907 ) ;
#414 = EDGE_CURVE ( 'NONE', #3823, #1957, #2048, .T. ) ;
#415 = CARTESIAN_POINT ( 'NONE',  ( 1.318720000000000114, 0.8812800000000000633, 0.000000000000000000 ) ) ;
#416 = UNCERTAINTY_MEASURE_WITH_UNIT (LENGTH_MEASURE( 1.000000000000000082E-05 ), #2749, 'distance_accuracy_value', 'NONE');
#417 = DIRECTION ( 'NONE',  ( 1.000000000000000000, -0.000000000000000000, -0.000000000000000000 ) ) ;
#418 = EDGE_CURVE ( 'NONE', #4003, #2649, #3007, .T. ) ;
#419 = EDGE_CURVE ( 'NONE', #2968, #949, #1232, .T. ) ;
#420 = STYLED_ITEM ( 'NONE', ( #4554 ), #738 ) ;
#421 =( NAMED_UNIT ( * ) PLANE_ANGLE_UNIT ( ) SI_UNIT ( $, .RADIAN. ) );
#422 = ORIENTED_EDGE ( 'NONE', *, *, #3305, .F. ) ;
#423 = ORIENTED_EDGE ( 'NONE', *, *, #2234, .F. ) ;
#424 = COLOUR_RGB ( '',0.7686274509803920907, 0.7686274509803920907, 0.7686274509803920907 ) ;
#425 =( NAMED_UNIT ( * ) PLANE_ANGLE_UNIT ( ) SI_UNIT ( $, .RADIAN. ) );
#426 = AXIS2_PLACEMENT_3D ( 'NONE', #3814, #638, #2337 ) ;
#427 = ADVANCED_FACE ( 'NONE', ( #485 ), #1907, .F. ) ;
#428 = AXIS2_PLACEMENT_3D ( 'NONE', #1830, #3211, #2128 ) ;
#429 = ORIENTED_EDGE ( 'NONE', *, *, #4192, .T. ) ;
#430 = DIRECTION ( 'NONE',  ( -1.000000000000000000, 0.000000000000000000, 0.000000000000000000 ) ) ;
#431 = DIRECTION ( 'NONE',  ( 0.000000000000000000, 1.000000000000000000, 0.000000000000000000 ) ) ;
#432 = CIRCLE ( 'NONE', #3015, 0.01871999999999995543 ) ;
#433 = CARTESIAN_POINT ( 'NONE',  ( 1.318720000000000114, 0.9000000000000000222, -0.01872000000000000053 ) ) ;
#434 = VECTOR ( 'NONE', #2570, 1000.000000000000000 ) ;
#435 = ORIENTED_EDGE ( 'NONE', *, *, #1367, .F. ) ;
#436 = CARTESIAN_POINT ( 'NONE',  ( 0.3812799999999999523, 0.01872000000000000053, -0.8812800000000000633 ) ) ;
#437 = DIRECTION ( 'NONE',  ( 0.000000000000000000, -1.000000000000000000, 0.000000000000000000 ) ) ;
#438 = DIRECTION ( 'NONE',  ( 1.000000000000000000, 0.000000000000000000, 0.000000000000000000 ) ) ;
#439 = LINE ( 'NONE', #3930, #3170 ) ;
#440 = DIRECTION ( 'NONE',  ( 0.000000000000000000, -1.000000000000000000, 0.000000000000000000 ) ) ;
#441 = DIRECTION ( 'NONE',  ( 0.000000000000000000, 0.000000000000000000, -1.000000000000000000 ) ) ;
#442 = SURFACE_STYLE_FILL_AREA ( #1726 ) ;
#443 = STYLED_ITEM ( 'NONE', ( #2929 ), #3336 ) ;
#444 = DIRECTION ( 'NONE',  ( 0.000000000000000000, -1.000000000000000000, 0.000000000000000000 ) ) ;
#445 = ORIENTED_EDGE ( 'NONE', *, *, #2772, .F. ) ;
#446 = ORIENTED_EDGE ( 'NONE', *, *, #316, .T. ) ;
#447 = EDGE_CURVE ( 'NONE', #1169, #379, #4399, .T. ) ;
#448 = CARTESIAN_POINT ( 'NONE',  ( 1.318720000000000114, 0.000000000000000000, -0.9000000000000000222 ) ) ;
#449 = ADVANCED_FACE ( 'NONE', ( #2957 ), #3633, .F. ) ;
#450 = MECHANICAL_DESIGN_GEOMETRIC_PRESENTATION_REPRESENTATION (  '', ( #2084 ), #665 ) ;
#451 = ORIENTED_EDGE ( 'NONE', *, *, #2993, .T. ) ;
#452 = ORIENTED_EDGE ( 'NONE', *, *, #4308, .F. ) ;
#453 = CARTESIAN_POINT ( 'NONE',  ( 0.6630416901738630520, 0.8862800000000000678, -0.5446988170361243276 ) ) ;
#454 = PRESENTATION_STYLE_ASSIGNMENT (( #3713 ) ) ;
#455 = ADVANCED_FACE ( 'NONE', ( #179 ), #202, .F. ) ;
#456 = CARTESIAN_POINT ( 'NONE',  ( 1.700000000000000178, 0.01872000000000000053, -0.8812800000000000633 ) ) ;
#457 =( NAMED_UNIT ( * ) SI_UNIT ( $, .STERADIAN. ) SOLID_ANGLE_UNIT ( ) );
#458 = VERTEX_POINT ( 'NONE', #1226 ) ;
#459 = DIRECTION ( 'NONE',  ( 0.000000000000000000, 0.000000000000000000, -1.000000000000000000 ) ) ;
#460 =( LENGTH_UNIT ( ) NAMED_UNIT ( * ) SI_UNIT ( .MILLI., .METRE. ) );
#461 = EDGE_CURVE ( 'NONE', #878, #1892, #2571, .T. ) ;
#462 = FILL_AREA_STYLE ('',( #2612 ) ) ;
#463 =( NAMED_UNIT ( * ) PLANE_ANGLE_UNIT ( ) SI_UNIT ( $, .RADIAN. ) );
#464 = DIRECTION ( 'NONE',  ( 0.9984327301130246912, 0.000000000000000000, 0.05596501978068185723 ) ) ;
#465 = CARTESIAN_POINT ( 'NONE',  ( 0.01872000000000000053, 0.01872000000000000053, -0.01872000000000000053 ) ) ;
#466 = PLANE ( 'NONE',  #2789 ) ;
#467 = ORIENTED_EDGE ( 'NONE', *, *, #2353, .F. ) ;
#468 = EDGE_LOOP ( 'NONE', ( #694, #15, #445 ) ) ;
#469 = PLANE ( 'NONE',  #2628 ) ;
#470 = PRESENTATION_LAYER_ASSIGNMENT (  '', '', ( #4221 ) ) ;
#471 = CIRCLE ( 'NONE', #3354, 0.01871999999999995543 ) ;
#472 = ORIENTED_EDGE ( 'NONE', *, *, #1747, .T. ) ;
#473 = ORIENTED_EDGE ( 'NONE', *, *, #2152, .F. ) ;
#474 = DIRECTION ( 'NONE',  ( 0.000000000000000000, -1.000000000000000000, 0.000000000000000000 ) ) ;
#475 = DIRECTION ( 'NONE',  ( 0.2793947940814949238, 0.000000000000000000, -0.9601763114346025807 ) ) ;
#476 = EDGE_CURVE ( 'NONE', #649, #500, #1618, .T. ) ;
#477 = DIRECTION ( 'NONE',  ( 0.000000000000000000, -1.000000000000000000, 0.000000000000000000 ) ) ;
#478 = FILL_AREA_STYLE ('',( #2607 ) ) ;
#479 = UNCERTAINTY_MEASURE_WITH_UNIT (LENGTH_MEASURE( 1.000000000000000082E-05 ), #4142, 'distance_accuracy_value', 'NONE');
#480 = EDGE_LOOP ( 'NONE', ( #4299, #1899, #4063 ) ) ;
#481 = CARTESIAN_POINT ( 'NONE',  ( 0.7285933819114652765, 0.8812800000000000633, -0.4499999999999999556 ) ) ;
#482 = CARTESIAN_POINT ( 'NONE',  ( 1.700000000000000178, 0.8812800000000000633, -0.8812800000000000633 ) ) ;
#483 = SURFACE_STYLE_FILL_AREA ( #1862 ) ;
#484 =( LENGTH_UNIT ( ) NAMED_UNIT ( * ) SI_UNIT ( .MILLI., .METRE. ) );
#485 = FACE_OUTER_BOUND ( 'NONE', #1120, .T. ) ;
#486 = STYLED_ITEM ( 'NONE', ( #2143 ), #928 ) ;
#487 = DIRECTION ( 'NONE',  ( 2.895839135912137672E-15, 1.000000000000000000, 0.000000000000000000 ) ) ;
#488 = FILL_AREA_STYLE ('',( #1256 ) ) ;
#489 = ORIENTED_EDGE ( 'NONE', *, *, #504, .T. ) ;
#490 = VECTOR ( 'NONE', #252, 1000.000000000000114 ) ;
#491 = ORIENTED_EDGE ( 'NONE', *, *, #2215, .T. ) ;
#492 = PRESENTATION_STYLE_ASSIGNMENT (( #4086 ) ) ;
#493 = EDGE_LOOP ( 'NONE', ( #4433, #472, #2117, #4152 ) ) ;
#494 = STYLED_ITEM ( 'NONE', ( #3285 ), #1518 ) ;
#495 = ORIENTED_EDGE ( 'NONE', *, *, #3985, .T. ) ;
#496 = AXIS2_PLACEMENT_3D ( 'NONE', #285, #1067, #3508 ) ;
#497 = SURFACE_STYLE_FILL_AREA ( #1538 ) ;
#498 = LINE ( 'NONE', #3395, #1434 ) ;
#499 = SURFACE_STYLE_FILL_AREA ( #3750 ) ;
#500 = VERTEX_POINT ( 'NONE', #1889 ) ;
#501 = CARTESIAN_POINT ( 'NONE',  ( 0.7796320926051598654, 0.8862800000000000678, -0.4834028208517092695 ) ) ;
#502 = COLOUR_RGB ( '',0.7686274509803920907, 0.7686274509803920907, 0.7686274509803920907 ) ;
#503 = DIRECTION ( 'NONE',  ( 1.000000000000000000, -0.000000000000000000, -0.000000000000000000 ) ) ;
#504 = EDGE_CURVE ( 'NONE', #1461, #1802, #4016, .T. ) ;
#505 = EDGE_CURVE ( 'NONE', #261, #2905, #3703, .T. ) ;
#506 = STYLED_ITEM ( 'NONE', ( #1867 ), #1878 ) ;
#507 = CARTESIAN_POINT ( 'NONE',  ( 1.300000000000000044, 0.8812800000000000633, -0.8625600000000001044 ) ) ;
#508 = FILL_AREA_STYLE ('',( #2634 ) ) ;
#509 = CARTESIAN_POINT ( 'NONE',  ( 0.3993359741418495146, 0.02471527866475983770, -0.8763093565524714412 ) ) ;
#510 = CARTESIAN_POINT ( 'NONE',  ( 0.3997902057321688907, 0.8783449301849892699, -0.02718707767936336811 ) ) ;
#511 = ADVANCED_FACE ( 'NONE', ( #1971 ), #530, .F. ) ;
#512 = SPHERICAL_SURFACE ( 'NONE', #940, 0.01872000000000000053 ) ;
#513 = ORIENTED_EDGE ( 'NONE', *, *, #86, .F. ) ;
#514 = VERTEX_POINT ( 'NONE', #271 ) ;
#515 = EDGE_CURVE ( 'NONE', #3661, #3326, #1320, .T. ) ;
#516 = VECTOR ( 'NONE', #3782, 1000.000000000000000 ) ;
#517 = ORIENTED_EDGE ( 'NONE', *, *, #2545, .T. ) ;
#518 = VECTOR ( 'NONE', #2096, 1000.000000000000114 ) ;
#519 = ORIENTED_EDGE ( 'NONE', *, *, #840, .F. ) ;
#520 = DIRECTION ( 'NONE',  ( 0.2745159998572620497, 0.000000000000000000, -0.9615825319869156784 ) ) ;
#521 = DIRECTION ( 'NONE',  ( -1.000000000000000000, 0.000000000000000000, 0.000000000000000000 ) ) ;
#522 = DIRECTION ( 'NONE',  ( 0.000000000000000000, -1.000000000000000000, 0.000000000000000000 ) ) ;
#523 =( GEOMETRIC_REPRESENTATION_CONTEXT ( 3 ) GLOBAL_UNCERTAINTY_ASSIGNED_CONTEXT ( ( #3576 ) ) GLOBAL_UNIT_ASSIGNED_CONTEXT ( ( #4149, #2060, #1712 ) ) REPRESENTATION_CONTEXT ( 'NONE', 'WORKASPACE' ) );
#524 =( NAMED_UNIT ( * ) SI_UNIT ( $, .STERADIAN. ) SOLID_ANGLE_UNIT ( ) );
#525 = ORIENTED_EDGE ( 'NONE', *, *, #2401, .F. ) ;
#526 = LINE ( 'NONE', #131, #2869 ) ;
#527 = SURFACE_SIDE_STYLE ('',( #483 ) ) ;
#528 = LINE ( 'NONE', #4330, #1921 ) ;
#529 = CARTESIAN_POINT ( 'NONE',  ( 0.3991790373499896072, 0.02420296105618778212, -0.8757970389438122227 ) ) ;
#530 = PLANE ( 'NONE',  #265 ) ;
#531 = DIRECTION ( 'NONE',  ( 0.000000000000000000, -1.000000000000000000, 0.000000000000000000 ) ) ;
#532 = EDGE_CURVE ( 'NONE', #276, #2827, #247, .T. ) ;
#533 = CARTESIAN_POINT ( 'NONE',  ( 0.6178175509797150244, 0.8862800000000000678, -0.5669619174648817816 ) ) ;
#534 = EDGE_LOOP ( 'NONE', ( #2845, #32, #1416, #1293 ) ) ;
#535 = DIRECTION ( 'NONE',  ( 2.352869297928603945E-15, -0.000000000000000000, 1.000000000000000000 ) ) ;
#536 = ORIENTED_EDGE ( 'NONE', *, *, #2487, .T. ) ;
#537 = AXIS2_PLACEMENT_3D ( 'NONE', #3346, #1244, #3693 ) ;
#538 = VERTEX_POINT ( 'NONE', #1011 ) ;
#539 = LINE ( 'NONE', #907, #4354 ) ;
#540 = CARTESIAN_POINT ( 'NONE',  ( 1.300000000000000044, 0.8812800000000000633, -0.03743999999999991085 ) ) ;
#541 = ORIENTED_EDGE ( 'NONE', *, *, #1069, .T. ) ;
#542 = CARTESIAN_POINT ( 'NONE',  ( 0.01872000000000006298, 0.9000000000000000222, -0.01872000000000000053 ) ) ;
#543 = DIRECTION ( 'NONE',  ( -0.000000000000000000, -0.000000000000000000, 1.000000000000000000 ) ) ;
#544 = DIRECTION ( 'NONE',  ( 0.000000000000000000, 0.000000000000000000, -1.000000000000000000 ) ) ;
#545 = CARTESIAN_POINT ( 'NONE',  ( 1.681280000000000108, 0.9000000000000000222, 0.000000000000000000 ) ) ;
#546 = DIRECTION ( 'NONE',  ( 1.000000000000000000, 0.000000000000000000, 0.000000000000000000 ) ) ;
#547 = SURFACE_STYLE_USAGE ( .BOTH. , #2256 ) ;
#548 = ORIENTED_EDGE ( 'NONE', *, *, #4007, .T. ) ;
#549 = CARTESIAN_POINT ( 'NONE',  ( 0.9069147669963621983, 0.8862800000000000678, -0.5229400068966340021 ) ) ;
#550 = CARTESIAN_POINT ( 'NONE',  ( 0.01872000000000006298, 0.000000000000000000, -0.01872000000000000053 ) ) ;
#551 = EDGE_CURVE ( 'NONE', #2690, #235, #4030, .T. ) ;
#552 = COLOUR_RGB ( '',0.7686274509803920907, 0.7686274509803920907, 0.7686274509803920907 ) ;
#553 = ORIENTED_EDGE ( 'NONE', *, *, #3978, .T. ) ;
#554 = ORIENTED_EDGE ( 'NONE', *, *, #2263, .F. ) ;
#555 = SURFACE_STYLE_FILL_AREA ( #2328 ) ;
#556 = LINE ( 'NONE', #1903, #1910 ) ;
#557 = DIRECTION ( 'NONE',  ( 0.000000000000000000, 0.000000000000000000, 1.000000000000000000 ) ) ;
#558 = AXIS2_PLACEMENT_3D ( 'NONE', #3975, #2657, #830 ) ;
#559 =( NAMED_UNIT ( * ) PLANE_ANGLE_UNIT ( ) SI_UNIT ( $, .RADIAN. ) );
#560 = EDGE_CURVE ( 'NONE', #3981, #754, #2725, .T. ) ;
#561 = SURFACE_STYLE_USAGE ( .BOTH. , #1198 ) ;
#562 =( GEOMETRIC_REPRESENTATION_CONTEXT ( 3 ) GLOBAL_UNCERTAINTY_ASSIGNED_CONTEXT ( ( #2457 ) ) GLOBAL_UNIT_ASSIGNED_CONTEXT ( ( #1981, #2371, #1307 ) ) REPRESENTATION_CONTEXT ( 'NONE', 'WORKASPACE' ) );
#563 = ORIENTED_EDGE ( 'NONE', *, *, #2487, .F. ) ;
#564 = FILL_AREA_STYLE_COLOUR ( '', #4044 ) ;
#565 = CARTESIAN_POINT ( 'NONE',  ( 0.5895403086485699884, 0.8862800000000000678, -0.4500000000000000111 ) ) ;
#566 = SURFACE_STYLE_FILL_AREA ( #912 ) ;
#567 = SURFACE_SIDE_STYLE ('',( #113 ) ) ;
#568 = DIRECTION ( 'NONE',  ( 0.000000000000000000, 1.000000000000000000, 0.000000000000000000 ) ) ;
#569 = DIRECTION ( 'NONE',  ( 0.000000000000000000, 0.000000000000000000, 1.000000000000000000 ) ) ;
#570 = MECHANICAL_DESIGN_GEOMETRIC_PRESENTATION_REPRESENTATION (  '', ( #2576 ), #354 ) ;
#571 = CARTESIAN_POINT ( 'NONE',  ( 0.3812799999999999523, 0.8812800000000000633, -0.01872000000000000053 ) ) ;
#572 = LINE ( 'NONE', #2386, #3318 ) ;
#573 = EDGE_LOOP ( 'NONE', ( #1965, #435, #580, #4023, #525, #904, #2211, #4496, #922, #841, #1214 ) ) ;
#574 = VECTOR ( 'NONE', #667, 1000.000000000000227 ) ;
#575 = CARTESIAN_POINT ( 'NONE',  ( 0.7077745148150749177, 0.8862800000000000678, -0.4499999999999999001 ) ) ;
#576 = FACE_OUTER_BOUND ( 'NONE', #4342, .T. ) ;
#577 = VECTOR ( 'NONE', #3695, 1000.000000000000227 ) ;
#578 = LINE ( 'NONE', #3966, #3013 ) ;
#579 = EDGE_LOOP ( 'NONE', ( #3996, #1092, #3202 ) ) ;
#580 = ORIENTED_EDGE ( 'NONE', *, *, #2746, .F. ) ;
#581 = PRESENTATION_LAYER_ASSIGNMENT (  '', '', ( #2728 ) ) ;
#582 = FILL_AREA_STYLE_COLOUR ( '', #2781 ) ;
#583 =( NAMED_UNIT ( * ) PLANE_ANGLE_UNIT ( ) SI_UNIT ( $, .RADIAN. ) );
#584 = CIRCLE ( 'NONE', #2365, 0.01872000000000000053 ) ;
#585 = CIRCLE ( 'NONE', #4276, 0.01872000000000006298 ) ;
#586 = DIRECTION ( 'NONE',  ( -0.000000000000000000, -0.000000000000000000, 1.000000000000000000 ) ) ;
#587 = ADVANCED_FACE ( 'NONE', ( #3764 ), #2384, .F. ) ;
#588 = ORIENTED_EDGE ( 'NONE', *, *, #2234, .T. ) ;
#589 = CARTESIAN_POINT ( 'NONE',  ( 0.7069128115438990667, 0.8862800000000000678, -0.5229439188807396555 ) ) ;
#590 = ADVANCED_FACE ( 'NONE', ( #4079 ), #1351, .F. ) ;
#591 = CARTESIAN_POINT ( 'NONE',  ( 1.681280000000000108, 0.01872000000000000053, 0.000000000000000000 ) ) ;
#592 = SURFACE_STYLE_USAGE ( .BOTH. , #2358 ) ;
#593 = VECTOR ( 'NONE', #954, 1000.000000000000000 ) ;
#594 = CARTESIAN_POINT ( 'NONE',  ( 1.318720000000000114, 0.9000000000000000222, -0.8812800000000000633 ) ) ;
#595 = ORIENTED_EDGE ( 'NONE', *, *, #1329, .T. ) ;
#596 = CARTESIAN_POINT ( 'NONE',  ( 0.5439159073110521048, 0.8862800000000000678, -0.5669619174648817816 ) ) ;
#597 = ORIENTED_EDGE ( 'NONE', *, *, #1904, .F. ) ;
#598 = EDGE_LOOP ( 'NONE', ( #4183, #2917, #4439, #3967 ) ) ;
#599 =( LENGTH_UNIT ( ) NAMED_UNIT ( * ) SI_UNIT ( .MILLI., .METRE. ) );
#600 = PLANE ( 'NONE',  #57 ) ;
#601 = CARTESIAN_POINT ( 'NONE',  ( 0.9132450682316881618, 0.8862800000000000678, -0.5446949050520811797 ) ) ;
#602 = VERTEX_POINT ( 'NONE', #637 ) ;
#603 = CARTESIAN_POINT ( 'NONE',  ( 0.3999999999999999667, 0.03743999999999995248, -0.8625600000000001044 ) ) ;
#604 = CARTESIAN_POINT ( 'NONE',  ( 1.300000000000000266, 0.8794182898506457402, -0.8794182898506457402 ) ) ;
#605 = EDGE_CURVE ( 'NONE', #41, #2599, #3065, .T. ) ;
#606 = CYLINDRICAL_SURFACE ( 'NONE', #132, 0.01871999999999995543 ) ;
#607 = PRESENTATION_STYLE_ASSIGNMENT (( #1349 ) ) ;
#608 = CARTESIAN_POINT ( 'NONE',  ( 0.01872000000000006298, 0.8812800000000000633, -0.8812800000000000633 ) ) ;
#609 = DIRECTION ( 'NONE',  ( 1.000000000000000000, 0.000000000000000000, 0.000000000000000000 ) ) ;
#610 = CARTESIAN_POINT ( 'NONE',  ( 1.700000000000000178, 0.8812800000000000633, 0.000000000000000000 ) ) ;
#611 = EDGE_CURVE ( 'NONE', #3577, #2879, #4446, .T. ) ;
#612 = DIRECTION ( 'NONE',  ( -1.000000000000000000, 0.000000000000000000, 0.000000000000000000 ) ) ;
#613 = EDGE_LOOP ( 'NONE', ( #4244, #834, #2073, #1492 ) ) ;
#614 = DIRECTION ( 'NONE',  ( -0.2763173343569956808, 0.000000000000000000, 0.9610664548998910650 ) ) ;
#615 = CARTESIAN_POINT ( 'NONE',  ( 0.5895403086485699884, 0.8862800000000000678, -0.4500000000000000111 ) ) ;
#616 =( NAMED_UNIT ( * ) SI_UNIT ( $, .STERADIAN. ) SOLID_ANGLE_UNIT ( ) );
#617 = ORIENTED_EDGE ( 'NONE', *, *, #3340, .F. ) ;
#618 = EDGE_LOOP ( 'NONE', ( #3982, #2671, #1557 ) ) ;
#619 =( NAMED_UNIT ( * ) PLANE_ANGLE_UNIT ( ) SI_UNIT ( $, .RADIAN. ) );
#620 = FACE_OUTER_BOUND ( 'NONE', #1634, .T. ) ;
#621 = LINE ( 'NONE', #1337, #955 ) ;
#622 = MECHANICAL_DESIGN_GEOMETRIC_PRESENTATION_REPRESENTATION (  '', ( #2559 ), #3446 ) ;
#623 = CARTESIAN_POINT ( 'NONE',  ( 0.8528219873056229750, 0.8812800000000000633, -0.4499999999999999556 ) ) ;
#624 = STYLED_ITEM ( 'NONE', ( #2565 ), #778 ) ;
#625 = ORIENTED_EDGE ( 'NONE', *, *, #162, .T. ) ;
#626 = CARTESIAN_POINT ( 'NONE',  ( 0.3999999999999999112, 0.01872000000000000053, 0.000000000000000000 ) ) ;
#627 = AXIS2_PLACEMENT_3D ( 'NONE', #4270, #1111, #3584 ) ;
#628 = LINE ( 'NONE', #1343, #4347 ) ;
#629 = PRESENTATION_LAYER_ASSIGNMENT (  '', '', ( #1235 ) ) ;
#630 = SURFACE_SIDE_STYLE ('',( #2787 ) ) ;
#631 = CARTESIAN_POINT ( 'NONE',  ( 0.3991790373499896072, 0.02420296105618778212, -0.8757970389438122227 ) ) ;
#632 = CYLINDRICAL_SURFACE ( 'NONE', #1025, 0.01872000000000006298 ) ;
#633 = COLOUR_RGB ( '',0.6470588235294117974, 0.5176470588235293491, 0.000000000000000000 ) ;
#634 = EDGE_CURVE ( 'NONE', #2704, #3781, #3231, .T. ) ;
#635 = AXIS2_PLACEMENT_3D ( 'NONE', #3072, #3052, #569 ) ;
#636 = EDGE_CURVE ( 'NONE', #793, #1915, #2705, .T. ) ;
#637 = CARTESIAN_POINT ( 'NONE',  ( 0.6178175509797150244, 0.8862800000000000678, -0.5669619174648817816 ) ) ;
#638 = DIRECTION ( 'NONE',  ( -0.000000000000000000, 1.000000000000000000, 0.000000000000000000 ) ) ;
#639 = FACE_OUTER_BOUND ( 'NONE', #2987, .T. ) ;
#640 = CARTESIAN_POINT ( 'NONE',  ( 0.5284610813304443377, 0.8862800000000000678, -0.5135071467863020489 ) ) ;
#641 = UNCERTAINTY_MEASURE_WITH_UNIT (LENGTH_MEASURE( 1.000000000000000082E-05 ), #2361, 'distance_accuracy_value', 'NONE');
#642 = EDGE_CURVE ( 'NONE', #2257, #1627, #3837, .T. ) ;
#643 = CARTESIAN_POINT ( 'NONE',  ( 1.318720000000000114, 0.000000000000000000, -0.01872000000000000053 ) ) ;
#644 = COLOUR_RGB ( '',0.6470588235294117974, 0.5176470588235293491, 0.000000000000000000 ) ;
#645 = CARTESIAN_POINT ( 'NONE',  ( 1.299990937744513131, 0.01907524921524894612, -0.8667415033290885029 ) ) ;
#646 = CARTESIAN_POINT ( 'NONE',  ( 0.7069128115438990667, 0.8812800000000000633, -0.5229439188807396555 ) ) ;
#647 = ORIENTED_EDGE ( 'NONE', *, *, #1674, .T. ) ;
#648 = EDGE_CURVE ( 'NONE', #2704, #3326, #3743, .T. ) ;
#649 = VERTEX_POINT ( 'NONE', #1297 ) ;
#650 = LINE ( 'NONE', #3134, #4383 ) ;
#651 = CARTESIAN_POINT ( 'NONE',  ( 0.8210746701055979813, 0.8862800000000000678, -0.5669619174648817816 ) ) ;
#652 = AXIS2_PLACEMENT_3D ( 'NONE', #3096, #1318, #1274 ) ;
#653 = CARTESIAN_POINT ( 'NONE',  ( 1.318720000000000114, 0.9000000000000000222, 0.000000000000000000 ) ) ;
#654 = B_SPLINE_CURVE_WITH_KNOTS ( 'NONE', 3,
 ( #3237, #2525, #3927, #4214, #2473, #709, #2130, #4234, #3538, #3907 ),
 .UNSPECIFIED., .F., .F.,
 ( 4, 3, 3, 4 ),
 ( 0.000000000000000000, 6.229656479333811488E-06, 1.247217766221255642E-05, 1.466750761377690809E-05 ),
 .UNSPECIFIED. ) ;
#655 = AXIS2_PLACEMENT_3D ( 'NONE', #2333, #1986, #4164 ) ;
#656 = EDGE_LOOP ( 'NONE', ( #4545, #2826, #256, #3419 ) ) ;
#657 =( NAMED_UNIT ( * ) SI_UNIT ( $, .STERADIAN. ) SOLID_ANGLE_UNIT ( ) );
#658 = CARTESIAN_POINT ( 'NONE',  ( 1.700000000000000178, 0.000000000000000000, -0.01872000000000000053 ) ) ;
#659 = AXIS2_PLACEMENT_3D ( 'NONE', #893, #1970, #3741 ) ;
#660 = DIRECTION ( 'NONE',  ( -1.000000000000000000, 0.000000000000000000, 0.000000000000000000 ) ) ;
#661 = CARTESIAN_POINT ( 'NONE',  ( 0.3999948500517041539, 0.01925491251665632786, -0.8674151316511043985 ) ) ;
#662 = PRESENTATION_LAYER_ASSIGNMENT (  '', '', ( #3112 ) ) ;
#663 = CARTESIAN_POINT ( 'NONE',  ( 0.5539526353892351151, 0.8862800000000000678, -0.4500000000000000111 ) ) ;
#664 = DIRECTION ( 'NONE',  ( 0.000000000000000000, -1.000000000000000000, 0.000000000000000000 ) ) ;
#665 =( GEOMETRIC_REPRESENTATION_CONTEXT ( 3 ) GLOBAL_UNCERTAINTY_ASSIGNED_CONTEXT ( ( #2975 ) ) GLOBAL_UNIT_ASSIGNED_CONTEXT ( ( #1513, #2606, #1195 ) ) REPRESENTATION_CONTEXT ( 'NONE', 'WORKASPACE' ) );
#666 = SURFACE_SIDE_STYLE ('',( #1996 ) ) ;
#667 = DIRECTION ( 'NONE',  ( -0.2764273280489743523, 0.000000000000000000, 0.9610348236706641734 ) ) ;
#668 = FACE_OUTER_BOUND ( 'NONE', #124, .T. ) ;
#669 = PRESENTATION_LAYER_ASSIGNMENT (  '', '', ( #3405 ) ) ;
#670 =( NAMED_UNIT ( * ) PLANE_ANGLE_UNIT ( ) SI_UNIT ( $, .RADIAN. ) );
#671 = ADVANCED_FACE ( 'NONE', ( #2356 ), #3430, .F. ) ;
#672 = EDGE_LOOP ( 'NONE', ( #3504, #1100, #193, #786, #1851, #2028, #4118, #2468 ) ) ;
#673 = ORIENTED_EDGE ( 'NONE', *, *, #3565, .T. ) ;
#674 = CARTESIAN_POINT ( 'NONE',  ( 0.6362463785686596207, 0.8812800000000000633, -0.5669619174648817816 ) ) ;
#675 = FILL_AREA_STYLE_COLOUR ( '', #413 ) ;
#676 = CARTESIAN_POINT ( 'NONE',  ( 0.3812799999999999523, 0.8812800000000000633, -0.8812800000000000633 ) ) ;
#677 = SURFACE_SIDE_STYLE ('',( #442 ) ) ;
#678 = EDGE_CURVE ( 'NONE', #59, #4005, #686, .T. ) ;
#679 = VERTEX_POINT ( 'NONE', #2544 ) ;
#680 = DIRECTION ( 'NONE',  ( 0.000000000000000000, 0.000000000000000000, -1.000000000000000000 ) ) ;
#681 = LINE ( 'NONE', #1422, #1791 ) ;
#682 = SURFACE_SIDE_STYLE ('',( #4511 ) ) ;
#683 = CARTESIAN_POINT ( 'NONE',  ( 0.4000004629087320906, 0.01879694061987326192, -0.8645168067204429541 ) ) ;
#684 = CARTESIAN_POINT ( 'NONE',  ( 0.9752663724021765068, 0.8812800000000000633, -0.4500000000000000111 ) ) ;
#685 = CARTESIAN_POINT ( 'NONE',  ( 1.681280000000000108, 0.8812800000000000633, -0.8812800000000000633 ) ) ;
#686 = LINE ( 'NONE', #69, #1750 ) ;
#687 = SURFACE_SIDE_STYLE ('',( #3862 ) ) ;
#688 = LINE ( 'NONE', #3543, #3976 ) ;
#689 = UNCERTAINTY_MEASURE_WITH_UNIT (LENGTH_MEASURE( 1.000000000000000082E-05 ), #3521, 'distance_accuracy_value', 'NONE');
#690 = FILL_AREA_STYLE ('',( #3246 ) ) ;
#691 = DIRECTION ( 'NONE',  ( -1.000000000000000000, 0.000000000000000000, 0.000000000000000000 ) ) ;
#692 = PRESENTATION_STYLE_ASSIGNMENT (( #4478 ) ) ;
#693 = ORIENTED_EDGE ( 'NONE', *, *, #3760, .T. ) ;
#694 = ORIENTED_EDGE ( 'NONE', *, *, #228, .T. ) ;
#695 = CARTESIAN_POINT ( 'NONE',  ( 0.3991790373499896072, 0.02420296105618778212, -0.8757970389438122227 ) ) ;
#696 = EDGE_CURVE ( 'NONE', #793, #3748, #2112, .T. ) ;
#697 =( LENGTH_UNIT ( ) NAMED_UNIT ( * ) SI_UNIT ( .MILLI., .METRE. ) );
#698 = ADVANCED_FACE ( 'NONE', ( #3880 ), #368, .T. ) ;
#699 = ORIENTED_EDGE ( 'NONE', *, *, #3723, .F. ) ;
#700 = DIRECTION ( 'NONE',  ( -0.000000000000000000, -1.000000000000000000, -0.000000000000000000 ) ) ;
#701 = CARTESIAN_POINT ( 'NONE',  ( 1.300157154089967237, 0.02745668939278090789, -0.02147083629094029625 ) ) ;
#702 = EDGE_CURVE ( 'NONE', #538, #208, #341, .T. ) ;
#703 = VECTOR ( 'NONE', #664, 1000.000000000000000 ) ;
#704 =( NAMED_UNIT ( * ) PLANE_ANGLE_UNIT ( ) SI_UNIT ( $, .RADIAN. ) );
#705 = CLOSED_SHELL ( 'NONE', ( #899, #784, #1338, #1466, #3253, #777, #845, #1038, #4175, #2910, #1555, #248, #1953, #2684, #449, #104, #2967, #3175, #2273, #2374, #6, #3426, #712, #2502, #2902 ) ) ;
#706 = CARTESIAN_POINT ( 'NONE',  ( 0.3999856552468578630, 0.03067606156534060866, -0.01987556594984638339 ) ) ;
#707 = UNCERTAINTY_MEASURE_WITH_UNIT (LENGTH_MEASURE( 1.000000000000000082E-05 ), #3278, 'distance_accuracy_value', 'NONE');
#708 = VERTEX_POINT ( 'NONE', #3195 ) ;
#709 = CARTESIAN_POINT ( 'NONE',  ( 1.300157154089967237, 0.8785291637090597572, -0.02745668939278086626 ) ) ;
#710 = SURFACE_SIDE_STYLE ('',( #4262 ) ) ;
#712 = ADVANCED_FACE ( 'NONE', ( #2816 ), #2887, .F. ) ;
#711 =( LENGTH_UNIT ( ) NAMED_UNIT ( * ) SI_UNIT ( .MILLI., .METRE. ) );
#713 = LINE ( 'NONE', #1057, #4236 ) ;
#714 = VECTOR ( 'NONE', #1551, 1000.000000000000000 ) ;
#715 = CARTESIAN_POINT ( 'NONE',  ( 0.7007368558554073479, 0.8812800000000000633, -0.5013216725433518040 ) ) ;
#716 = CARTESIAN_POINT ( 'NONE',  ( 0.7163307349886367525, 0.8862800000000000678, -0.5446988170361243276 ) ) ;
#717 = DIRECTION ( 'NONE',  ( 0.000000000000000000, -1.000000000000000000, 0.000000000000000000 ) ) ;
#718 =( LENGTH_UNIT ( ) NAMED_UNIT ( * ) SI_UNIT ( .MILLI., .METRE. ) );
#719 = COLOUR_RGB ( '',0.7686274509803920907, 0.7686274509803920907, 0.7686274509803920907 ) ;
#720 = EDGE_LOOP ( 'NONE', ( #3131, #1463, #1832, #3045 ) ) ;
#721 = VECTOR ( 'NONE', #1733, 1000.000000000000114 ) ;
#722 = ORIENTED_EDGE ( 'NONE', *, *, #2443, .F. ) ;
#723 =( NAMED_UNIT ( * ) PLANE_ANGLE_UNIT ( ) SI_UNIT ( $, .RADIAN. ) );
#724 =( LENGTH_UNIT ( ) NAMED_UNIT ( * ) SI_UNIT ( .MILLI., .METRE. ) );
#725 = LINE ( 'NONE', #2486, #372 ) ;
#726 = MECHANICAL_DESIGN_GEOMETRIC_PRESENTATION_REPRESENTATION (  '', ( #2508 ), #3242 ) ;
#727 = ORIENTED_EDGE ( 'NONE', *, *, #3051, .T. ) ;
#728 = VERTEX_POINT ( 'NONE', #1428 ) ;
#729 = FACE_OUTER_BOUND ( 'NONE', #2345, .T. ) ;
#730 = SURFACE_STYLE_FILL_AREA ( #2450 ) ;
#731 = ADVANCED_FACE ( 'NONE', ( #1756 ), #1129, .F. ) ;
#732 = LINE ( 'NONE', #2153, #2979 ) ;
#733 = CARTESIAN_POINT ( 'NONE',  ( 0.5632162132868542281, 0.8862800000000000678, -0.5135071467863040473 ) ) ;
#734 = VERTEX_POINT ( 'NONE', #1385 ) ;
#735 = SURFACE_STYLE_USAGE ( .BOTH. , #710 ) ;
#736 = CARTESIAN_POINT ( 'NONE',  ( 1.700000000000000178, 0.8812800000000000633, -0.9000000000000000222 ) ) ;
#737 = CARTESIAN_POINT ( 'NONE',  ( 1.300001405779575681, 0.01894941318858560722, -0.03451825405458478629 ) ) ;
#738 = ADVANCED_FACE ( 'NONE', ( #757 ), #3558, .T. ) ;
#739 = AXIS2_PLACEMENT_3D ( 'NONE', #4459, #2396, #1290 ) ;
#740 = AXIS2_PLACEMENT_3D ( 'NONE', #1769, #2594, #201 ) ;
#741 = CARTESIAN_POINT ( 'NONE',  ( 0.3999999999999999667, 0.01871999999999995543, -0.01871999999999995543 ) ) ;
#742 =( NAMED_UNIT ( * ) SI_UNIT ( $, .STERADIAN. ) SOLID_ANGLE_UNIT ( ) );
#743 = CARTESIAN_POINT ( 'NONE',  ( 0.8090241267250342094, 0.8812800000000000633, -0.4499999999999999556 ) ) ;
#744 = COLOUR_RGB ( '',0.7686274509803920907, 0.7686274509803920907, 0.7686274509803920907 ) ;
#745 = DIRECTION ( 'NONE',  ( 0.000000000000000000, 0.000000000000000000, -1.000000000000000000 ) ) ;
#746 = ORIENTED_EDGE ( 'NONE', *, *, #334, .F. ) ;
#747 = VECTOR ( 'NONE', #2239, 1000.000000000000114 ) ;
#748 = EDGE_LOOP ( 'NONE', ( #2537, #2217, #2444 ) ) ;
#749 = DIRECTION ( 'NONE',  ( 1.000000000000000000, 0.000000000000000000, 0.000000000000000000 ) ) ;
#750 = ORIENTED_EDGE ( 'NONE', *, *, #1585, .T. ) ;
#751 = CARTESIAN_POINT ( 'NONE',  ( 0.3991790373499896627, 0.02420296105618771620, -0.02420296105618785151 ) ) ;
#752 = FACE_OUTER_BOUND ( 'NONE', #573, .T. ) ;
#753 = UNCERTAINTY_MEASURE_WITH_UNIT (LENGTH_MEASURE( 1.000000000000000082E-05 ), #2790, 'distance_accuracy_value', 'NONE');
#754 = VERTEX_POINT ( 'NONE', #802 ) ;
#755 = CARTESIAN_POINT ( 'NONE',  ( 0.6422598091066761272, 0.8812800000000000633, -0.4722520757470474173 ) ) ;
#756 = FILL_AREA_STYLE ('',( #43 ) ) ;
#757 = FACE_OUTER_BOUND ( 'NONE', #2919, .T. ) ;
#758 = ADVANCED_FACE ( 'NONE', ( #4112 ), #3970, .T. ) ;
#759 = CARTESIAN_POINT ( 'NONE',  ( 1.300001405779575681, 0.8810505868114144601, -0.8654817459454153816 ) ) ;
#760 = SURFACE_STYLE_FILL_AREA ( #1036 ) ;
#761 = PRESENTATION_LAYER_ASSIGNMENT (  '', '', ( #2755 ) ) ;
#762 = CARTESIAN_POINT ( 'NONE',  ( 0.6630416901738630520, 0.8862800000000000678, -0.5446988170361243276 ) ) ;
#763 = CARTESIAN_POINT ( 'NONE',  ( 1.300000000000000044, 0.01871999999999995543, -0.8625600000000001044 ) ) ;
#764 = EDGE_CURVE ( 'NONE', #187, #1957, #556, .T. ) ;
#765 = PRESENTATION_STYLE_ASSIGNMENT (( #3136 ) ) ;
#766 = EDGE_LOOP ( 'NONE', ( #2940, #1260, #889, #3759, #3708, #693, #2873, #2533, #3464, #1798, #4412, #141, #1741, #2216, #2710, #4287, #2408 ) ) ;
#767 = ORIENTED_EDGE ( 'NONE', *, *, #3259, .F. ) ;
#768 = VERTEX_POINT ( 'NONE', #4458 ) ;
#769 = ORIENTED_EDGE ( 'NONE', *, *, #2960, .T. ) ;
#770 = CARTESIAN_POINT ( 'NONE',  ( 1.318720000000000114, 0.000000000000000000, 0.000000000000000000 ) ) ;
#771 = LINE ( 'NONE', #2858, #28 ) ;
#772 = ORIENTED_EDGE ( 'NONE', *, *, #642, .F. ) ;
#773 = LINE ( 'NONE', #3265, #2659 ) ;
#774 = CARTESIAN_POINT ( 'NONE',  ( 0.9732918875265212932, 0.8862800000000000678, -0.5669619174648817816 ) ) ;
#775 = CARTESIAN_POINT ( 'NONE',  ( 1.300000000000000044, 0.8812800000000000633, -0.01871999999999995543 ) ) ;
#776 = VECTOR ( 'NONE', #1713, 1000.000000000000114 ) ;
#777 = ADVANCED_FACE ( 'NONE', ( #2713 ), #600, .F. ) ;
#778 = ADVANCED_FACE ( 'NONE', ( #90 ), #2247, .T. ) ;
#779 = DIRECTION ( 'NONE',  ( 1.000000000000000000, 0.000000000000000000, 0.000000000000000000 ) ) ;
#780 = UNCERTAINTY_MEASURE_WITH_UNIT (LENGTH_MEASURE( 1.000000000000000082E-05 ), #711, 'distance_accuracy_value', 'NONE');
#781 = CARTESIAN_POINT ( 'NONE',  ( 0.6567113889383993097, 0.8862800000000000678, -0.5229439188807396555 ) ) ;
#782 = VECTOR ( 'NONE', #231, 1000.000000000000000 ) ;
#783 = AXIS2_PLACEMENT_3D ( 'NONE', #3420, #3042, #110 ) ;
#784 = ADVANCED_FACE ( 'NONE', ( #3180 ), #2419, .F. ) ;
#785 = FILL_AREA_STYLE_COLOUR ( '', #1846 ) ;
#786 = ORIENTED_EDGE ( 'NONE', *, *, #1283, .T. ) ;
#787 = VERTEX_POINT ( 'NONE', #352 ) ;
#788 = MECHANICAL_DESIGN_GEOMETRIC_PRESENTATION_REPRESENTATION (  '', ( #2031 ), #3233 ) ;
#789 = CYLINDRICAL_SURFACE ( 'NONE', #2279, 0.01872000000000006298 ) ;
#790 = MECHANICAL_DESIGN_GEOMETRIC_PRESENTATION_REPRESENTATION (  '', ( #1459 ), #2862 ) ;
#791 = EDGE_CURVE ( 'NONE', #4227, #4381, #3466, .T. ) ;
#792 = ORIENTED_EDGE ( 'NONE', *, *, #4386, .T. ) ;
#793 = VERTEX_POINT ( 'NONE', #2097 ) ;
#794 = DIRECTION ( 'NONE',  ( 0.000000000000000000, 0.000000000000000000, 1.000000000000000000 ) ) ;
#795 = FILL_AREA_STYLE_COLOUR ( '', #4061 ) ;
#796 = FACE_OUTER_BOUND ( 'NONE', #4408, .T. ) ;
#797 =( LENGTH_UNIT ( ) NAMED_UNIT ( * ) SI_UNIT ( .MILLI., .METRE. ) );
#798 = CIRCLE ( 'NONE', #3393, 0.01872000000000000053 ) ;
#799 = ORIENTED_EDGE ( 'NONE', *, *, #532, .T. ) ;
#800 = LINE ( 'NONE', #3625, #3832 ) ;
#801 = SURFACE_SIDE_STYLE ('',( #1201 ) ) ;
#802 = CARTESIAN_POINT ( 'NONE',  ( 0.8210746701055979813, 0.8812800000000000633, -0.5669619174648817816 ) ) ;
#803 = VECTOR ( 'NONE', #3449, 1000.000000000000000 ) ;
#804 = CARTESIAN_POINT ( 'NONE',  ( 0.6567113889383993097, 0.8862800000000000678, -0.5229439188807396555 ) ) ;
#805 = CARTESIAN_POINT ( 'NONE',  ( 1.067734596312455375, 0.8812800000000000633, -0.5443762033604275796 ) ) ;
#806 = VECTOR ( 'NONE', #4321, 1000.000000000000114 ) ;
#807 = CARTESIAN_POINT ( 'NONE',  ( 0.3999985942204242750, 0.8810505868114144601, -0.03451825405458470997 ) ) ;
#808 = DIRECTION ( 'NONE',  ( 0.9610664548998910650, 0.000000000000000000, 0.2763173343569957363 ) ) ;
#809 = CIRCLE ( 'NONE', #222, 0.01872000000000000053 ) ;
#810 = SURFACE_SIDE_STYLE ('',( #3110 ) ) ;
#811 = ORIENTED_EDGE ( 'NONE', *, *, #2620, .F. ) ;
#812 = VERTEX_POINT ( 'NONE', #2807 ) ;
#813 = CIRCLE ( 'NONE', #3991, 0.01871999999999995543 ) ;
#814 = DIRECTION ( 'NONE',  ( 0.9999891854650020395, 0.000000000000000000, 0.004650693823683970003 ) ) ;
#815 = ADVANCED_FACE ( 'NONE', ( #620 ), #1048, .T. ) ;
#816 = VECTOR ( 'NONE', #2745, 1000.000000000000000 ) ;
#817 = ORIENTED_EDGE ( 'NONE', *, *, #1496, .F. ) ;
#818 = ORIENTED_EDGE ( 'NONE', *, *, #2580, .T. ) ;
#819 = CARTESIAN_POINT ( 'NONE',  ( 1.300820962650010237, 0.8757970389438122227, -0.02420296105618774396 ) ) ;
#820 =( NAMED_UNIT ( * ) SI_UNIT ( $, .STERADIAN. ) SOLID_ANGLE_UNIT ( ) );
#821 = VECTOR ( 'NONE', #2868, 1000.000000000000000 ) ;
#822 = CARTESIAN_POINT ( 'NONE',  ( 0.5296186730263663378, 0.8862800000000000678, -0.5170848338894616925 ) ) ;
#823 =( NAMED_UNIT ( * ) SI_UNIT ( $, .STERADIAN. ) SOLID_ANGLE_UNIT ( ) );
#824 = ORIENTED_EDGE ( 'NONE', *, *, #2573, .F. ) ;
#825 = DIRECTION ( 'NONE',  ( 0.000000000000000000, 1.000000000000000000, -0.000000000000000000 ) ) ;
#826 =( LENGTH_UNIT ( ) NAMED_UNIT ( * ) SI_UNIT ( .MILLI., .METRE. ) );
#827 =( NAMED_UNIT ( * ) SI_UNIT ( $, .STERADIAN. ) SOLID_ANGLE_UNIT ( ) );
#828 = SURFACE_STYLE_USAGE ( .BOTH. , #527 ) ;
#829 = CARTESIAN_POINT ( 'NONE',  ( 0.9007459240060254890, 0.8812800000000000633, -0.5013216725431063336 ) ) ;
#830 = DIRECTION ( 'NONE',  ( 1.000000000000000000, 0.000000000000000000, 0.000000000000000000 ) ) ;
#831 = SURFACE_STYLE_USAGE ( .BOTH. , #1909 ) ;
#832 = VECTOR ( 'NONE', #4533, 1000.000000000000227 ) ;
#833 = FACE_OUTER_BOUND ( 'NONE', #1376, .T. ) ;
#834 = ORIENTED_EDGE ( 'NONE', *, *, #461, .T. ) ;
#835 = DIRECTION ( 'NONE',  ( -0.2762437428917283722, 0.000000000000000000, 0.9610876102172832836 ) ) ;
#836 = CARTESIAN_POINT ( 'NONE',  ( 1.700000000000000178, 0.8812800000000000633, -0.9000000000000000222 ) ) ;
#837 = VECTOR ( 'NONE', #1964, 1000.000000000000000 ) ;
#838 = ORIENTED_EDGE ( 'NONE', *, *, #103, .T. ) ;
#839 = EDGE_CURVE ( 'NONE', #1892, #1960, #650, .T. ) ;
#840 = EDGE_CURVE ( 'NONE', #1312, #187, #4482, .T. ) ;
#841 = ORIENTED_EDGE ( 'NONE', *, *, #1299, .F. ) ;
#842 = PLANE ( 'NONE',  #962 ) ;
#843 = LINE ( 'NONE', #2264, #837 ) ;
#844 = UNCERTAINTY_MEASURE_WITH_UNIT (LENGTH_MEASURE( 1.000000000000000082E-05 ), #3744, 'distance_accuracy_value', 'NONE');
#845 = ADVANCED_FACE ( 'NONE', ( #2029 ), #1359, .F. ) ;
#846 = ORIENTED_EDGE ( 'NONE', *, *, #4444, .F. ) ;
#847 = DIRECTION ( 'NONE',  ( -1.000000000000000000, 0.000000000000000000, 0.000000000000000000 ) ) ;
#848 = SURFACE_STYLE_FILL_AREA ( #3628 ) ;
#849 = ADVANCED_FACE ( 'NONE', ( #1743 ), #1162, .T. ) ;
#850 = DIRECTION ( 'NONE',  ( 0.2746459304917039379, 0.000000000000000000, -0.9615454294334438989 ) ) ;
#851 = CARTESIAN_POINT ( 'NONE',  ( 0.3994614431997381976, 0.02526359149085997263, -0.8767977312631181075 ) ) ;
#852 = DIRECTION ( 'NONE',  ( 0.000000000000000000, 0.000000000000000000, 1.000000000000000000 ) ) ;
#853 = PRESENTATION_LAYER_ASSIGNMENT (  '', '', ( #2559 ) ) ;
#854 = VECTOR ( 'NONE', #2075, 1000.000000000000000 ) ;
#855 = PRESENTATION_STYLE_ASSIGNMENT (( #4017 ) ) ;
#856 = DIRECTION ( 'NONE',  ( 0.000000000000000000, 0.000000000000000000, 1.000000000000000000 ) ) ;
#857 = ORIENTED_EDGE ( 'NONE', *, *, #476, .F. ) ;
#858 = ORIENTED_EDGE ( 'NONE', *, *, #414, .F. ) ;
#859 = PRESENTATION_LAYER_ASSIGNMENT (  '', '', ( #420 ) ) ;
#860 = ORIENTED_EDGE ( 'NONE', *, *, #2437, .F. ) ;
#861 = ORIENTED_EDGE ( 'NONE', *, *, #3362, .T. ) ;
#862 = DIRECTION ( 'NONE',  ( -0.9611638845408936316, 0.000000000000000000, -0.2759782365590801589 ) ) ;
#863 = CARTESIAN_POINT ( 'NONE',  ( 0.8864643377511690625, 0.8862800000000000678, -0.5669619174648817816 ) ) ;
#864 = CARTESIAN_POINT ( 'NONE',  ( 0.3812799999999998968, 0.000000000000000000, -0.8812800000000000633 ) ) ;
#865 = STYLED_ITEM ( 'NONE', ( #3417 ), #1757 ) ;
#866 = CARTESIAN_POINT ( 'NONE',  ( 0.7796320926051598654, 0.8862800000000000678, -0.4834028208517092695 ) ) ;
#867 = EDGE_LOOP ( 'NONE', ( #536, #1977, #4084, #1448 ) ) ;
#868 = DIRECTION ( 'NONE',  ( -0.000000000000000000, -0.000000000000000000, 1.000000000000000000 ) ) ;
#869 = ADVANCED_FACE ( 'NONE', ( #3489 ), #469, .F. ) ;
#870 = B_SPLINE_CURVE_WITH_KNOTS ( 'NONE', 3,
 ( #631, #4190, #3834, #64, #3517, #661, #2522, #683, #4286, #3575 ),
 .UNSPECIFIED., .F., .F.,
 ( 4, 3, 3, 4 ),
 ( 0.000000000000000000, 5.892247353573108664E-06, 1.175341654044431564E-05, 1.465097671142881372E-05 ),
 .UNSPECIFIED. ) ;
#871 = AXIS2_PLACEMENT_3D ( 'NONE', #200, #1570, #1949 ) ;
#872 = DIRECTION ( 'NONE',  ( -0.000000000000000000, -1.000000000000000000, -0.000000000000000000 ) ) ;
#873 = CARTESIAN_POINT ( 'NONE',  ( 0.8528219873056229750, 0.8862800000000000678, -0.4499999999999999556 ) ) ;
#874 = SURFACE_SIDE_STYLE ('',( #1207 ) ) ;
#875 = EDGE_CURVE ( 'NONE', #1089, #679, #2874, .T. ) ;
#876 = VECTOR ( 'NONE', #4548, 999.9999999999998863 ) ;
#877 = VERTEX_POINT ( 'NONE', #1090 ) ;
#878 = VERTEX_POINT ( 'NONE', #3292 ) ;
#879 = SURFACE_STYLE_USAGE ( .BOTH. , #1559 ) ;
#880 = VECTOR ( 'NONE', #1268, 999.9999999999998863 ) ;
#881 = ORIENTED_EDGE ( 'NONE', *, *, #3025, .F. ) ;
#882 = PRESENTATION_LAYER_ASSIGNMENT (  '', '', ( #373 ) ) ;
#883 = ORIENTED_EDGE ( 'NONE', *, *, #3200, .F. ) ;
#884 = FILL_AREA_STYLE ('',( #905 ) ) ;
#885 = DIRECTION ( 'NONE',  ( 0.000000000000000000, 0.000000000000000000, 1.000000000000000000 ) ) ;
#886 = DIRECTION ( 'NONE',  ( 0.000000000000000000, -1.000000000000000000, 0.000000000000000000 ) ) ;
#887 =( GEOMETRIC_REPRESENTATION_CONTEXT ( 3 ) GLOBAL_UNCERTAINTY_ASSIGNED_CONTEXT ( ( #3536 ) ) GLOBAL_UNIT_ASSIGNED_CONTEXT ( ( #3928, #2111, #2181 ) ) REPRESENTATION_CONTEXT ( 'NONE', 'WORKASPACE' ) );
#888 = CARTESIAN_POINT ( 'NONE',  ( 0.01872000000000006298, 0.000000000000000000, -0.01872000000000000053 ) ) ;
#889 = ORIENTED_EDGE ( 'NONE', *, *, #3617, .T. ) ;
#890 = CARTESIAN_POINT ( 'NONE',  ( 0.3999999999999999667, 0.03743999999999995248, -0.01871999999999995543 ) ) ;
#891 = DIRECTION ( 'NONE',  ( -0.3829140317376895641, 0.000000000000000000, -0.9237839814038710795 ) ) ;
#892 = LINE ( 'NONE', #3005, #1020 ) ;
#893 = CARTESIAN_POINT ( 'NONE',  ( 1.318720000000000114, 0.8812800000000000633, -0.01872000000000000053 ) ) ;
#894 = EDGE_CURVE ( 'NONE', #2261, #3868, #2978, .T. ) ;
#895 = CARTESIAN_POINT ( 'NONE',  ( 0.3999999999999999667, 0.8812800000000000633, -0.03743999999999991085 ) ) ;
#896 = LINE ( 'NONE', #3310, #2410 ) ;
#897 = LINE ( 'NONE', #4407, #3683 ) ;
#898 = ORIENTED_EDGE ( 'NONE', *, *, #4053, .T. ) ;
#899 = ADVANCED_FACE ( 'NONE', ( #2535 ), #1532, .F. ) ;
#900 = EDGE_LOOP ( 'NONE', ( #2292, #2311, #2260, #2516 ) ) ;
#901 = FILL_AREA_STYLE_COLOUR ( '', #3588 ) ;
#902 = ORIENTED_EDGE ( 'NONE', *, *, #3267, .F. ) ;
#903 = AXIS2_PLACEMENT_3D ( 'NONE', #2427, #660, #2083 ) ;
#904 = ORIENTED_EDGE ( 'NONE', *, *, #1154, .F. ) ;
#905 = FILL_AREA_STYLE_COLOUR ( '', #2001 ) ;
#906 = DIRECTION ( 'NONE',  ( 0.000000000000000000, 0.000000000000000000, 1.000000000000000000 ) ) ;
#907 = CARTESIAN_POINT ( 'NONE',  ( 1.300000000000000044, 0.8812800000000000633, -0.9000000000000000222 ) ) ;
#908 = SURFACE_SIDE_STYLE ('',( #2670 ) ) ;
#909 = ORIENTED_EDGE ( 'NONE', *, *, #1759, .T. ) ;
#910 = LINE ( 'NONE', #2764, #3100 ) ;
#911 = LINE ( 'NONE', #589, #79 ) ;
#912 = FILL_AREA_STYLE ('',( #3740 ) ) ;
#913 = DIRECTION ( 'NONE',  ( 0.000000000000000000, -0.000000000000000000, 1.000000000000000000 ) ) ;
#914 = CARTESIAN_POINT ( 'NONE',  ( 1.681280000000000108, 0.01872000000000000053, 0.000000000000000000 ) ) ;
#915 = EDGE_CURVE ( 'NONE', #208, #3493, #3591, .T. ) ;
#916 = EDGE_CURVE ( 'NONE', #235, #793, #1800, .T. ) ;
#917 = DIRECTION ( 'NONE',  ( 1.000000000000000000, 0.000000000000000000, 0.000000000000000000 ) ) ;
#918 = ORIENTED_EDGE ( 'NONE', *, *, #4065, .F. ) ;
#919 = ORIENTED_EDGE ( 'NONE', *, *, #611, .F. ) ;
#920 = EDGE_CURVE ( 'NONE', #389, #1536, #2555, .T. ) ;
#921 = CLOSED_SHELL ( 'NONE', ( #671, #2740, #4255, #2901, #35, #1439, #1088, #731, #590, #455, #869, #427, #3137, #2653, #1873, #3872, #2092, #3728, #4422 ) ) ;
#922 = ORIENTED_EDGE ( 'NONE', *, *, #313, .F. ) ;
#923 = VERTEX_POINT ( 'NONE', #1893 ) ;
#924 = CARTESIAN_POINT ( 'NONE',  ( 0.8924482504991361198, 0.8862800000000000678, -0.4722563433655573295 ) ) ;
#925 = DIRECTION ( 'NONE',  ( 0.000000000000000000, 1.000000000000000000, 0.000000000000000000 ) ) ;
#926 = FILL_AREA_STYLE ('',( #2076 ) ) ;
#927 = VECTOR ( 'NONE', #2892, 1000.000000000000000 ) ;
#928 = ADVANCED_FACE ( 'NONE', ( #1870 ), #789, .T. ) ;
#929 = FILL_AREA_STYLE ('',( #1633 ) ) ;
#930 = MECHANICAL_DESIGN_GEOMETRIC_PRESENTATION_REPRESENTATION (  '', ( #2927 ), #562 ) ;
#931 = ORIENTED_EDGE ( 'NONE', *, *, #2343, .F. ) ;
#932 = FILL_AREA_STYLE ('',( #564 ) ) ;
#933 = PRESENTATION_STYLE_ASSIGNMENT (( #1294 ) ) ;
#934 = PRESENTATION_LAYER_ASSIGNMENT (  '', '', ( #3598 ) ) ;
#935 = STYLED_ITEM ( 'NONE', ( #2904 ), #1751 ) ;
#936 = DIRECTION ( 'NONE',  ( -1.000000000000000000, 0.000000000000000000, 0.000000000000000000 ) ) ;
#937 = CARTESIAN_POINT ( 'NONE',  ( 0.01872000000000006298, 0.01872000000000000053, 0.000000000000000000 ) ) ;
#938 = CARTESIAN_POINT ( 'NONE',  ( 1.700000000000000178, 0.8812800000000000633, 0.000000000000000000 ) ) ;
#939 = PLANE ( 'NONE',  #635 ) ;
#940 = AXIS2_PLACEMENT_3D ( 'NONE', #2986, #4379, #1230 ) ;
#941 = FILL_AREA_STYLE_COLOUR ( '', #1429 ) ;
#942 =( NAMED_UNIT ( * ) SI_UNIT ( $, .STERADIAN. ) SOLID_ANGLE_UNIT ( ) );
#943 = ORIENTED_EDGE ( 'NONE', *, *, #216, .T. ) ;
#944 = COLOUR_RGB ( '',0.7686274509803920907, 0.7686274509803920907, 0.7686274509803920907 ) ;
#945 = PLANE ( 'NONE',  #3592 ) ;
#946 = CARTESIAN_POINT ( 'NONE',  ( 1.300438296546013506, 0.02274712289612583135, -0.8741599035517737537 ) ) ;
#947 = AXIS2_PLACEMENT_3D ( 'NONE', #1901, #1589, #4012 ) ;
#948 = ORIENTED_EDGE ( 'NONE', *, *, #3992, .T. ) ;
#949 = VERTEX_POINT ( 'NONE', #550 ) ;
#950 = VECTOR ( 'NONE', #3022, 1000.000000000000000 ) ;
#951 = SURFACE_SIDE_STYLE ('',( #848 ) ) ;
#952 = CARTESIAN_POINT ( 'NONE',  ( 0.3994614431997381976, 0.02320226873688189737, -0.02526359149085999345 ) ) ;
#953 = EDGE_CURVE ( 'NONE', #4135, #4344, #2342, .T. ) ;
#954 = DIRECTION ( 'NONE',  ( 0.000000000000000000, -1.000000000000000000, 0.000000000000000000 ) ) ;
#955 = VECTOR ( 'NONE', #2329, 1000.000000000000000 ) ;
#956 = AXIS2_PLACEMENT_3D ( 'NONE', #924, #3390, #2005 ) ;
#957 = EDGE_LOOP ( 'NONE', ( #3302, #4480, #3488, #3775 ) ) ;
#958 = SURFACE_STYLE_FILL_AREA ( #932 ) ;
#959 = FACE_OUTER_BOUND ( 'NONE', #2022, .T. ) ;
#960 = VECTOR ( 'NONE', #3239, 1000.000000000000000 ) ;
#961 = CARTESIAN_POINT ( 'NONE',  ( 0.3991790373499896627, 0.8757970389438122227, -0.02420296105618774396 ) ) ;
#962 = AXIS2_PLACEMENT_3D ( 'NONE', #1876, #1495, #2900 ) ;
#963 = FILL_AREA_STYLE_COLOUR ( '', #3822 ) ;
#964 = SURFACE_STYLE_FILL_AREA ( #2723 ) ;
#965 = DIRECTION ( 'NONE',  ( 1.000000000000000000, 0.000000000000000000, 0.000000000000000000 ) ) ;
#966 = DIRECTION ( 'NONE',  ( 1.000000000000000000, 0.000000000000000000, 0.000000000000000000 ) ) ;
#967 = LINE ( 'NONE', #610, #184 ) ;
#968 = MECHANICAL_DESIGN_GEOMETRIC_PRESENTATION_REPRESENTATION (  '', ( #1778 ), #2232 ) ;
#969 = VERTEX_POINT ( 'NONE', #1578 ) ;
#970 = UNCERTAINTY_MEASURE_WITH_UNIT (LENGTH_MEASURE( 1.000000000000000082E-05 ), #2108, 'distance_accuracy_value', 'NONE');
#971 = LINE ( 'NONE', #3149, #782 ) ;
#972 = DIRECTION ( 'NONE',  ( 0.000000000000000000, 0.000000000000000000, -1.000000000000000000 ) ) ;
#973 = FACE_OUTER_BOUND ( 'NONE', #4024, .T. ) ;
#974 = ORIENTED_EDGE ( 'NONE', *, *, #2878, .F. ) ;
#975 = EDGE_LOOP ( 'NONE', ( #2938, #3262, #1998, #2231, #517, #3829, #2387, #3525 ) ) ;
#976 = SURFACE_SIDE_STYLE ('',( #4047 ) ) ;
#977 =( GEOMETRIC_REPRESENTATION_CONTEXT ( 3 ) GLOBAL_UNCERTAINTY_ASSIGNED_CONTEXT ( ( #1390 ) ) GLOBAL_UNIT_ASSIGNED_CONTEXT ( ( #718, #1085, #27 ) ) REPRESENTATION_CONTEXT ( 'NONE', 'WORKASPACE' ) );
#978 = DIRECTION ( 'NONE',  ( -1.000000000000000000, 0.000000000000000000, 0.000000000000000000 ) ) ;
#979 =( LENGTH_UNIT ( ) NAMED_UNIT ( * ) SI_UNIT ( .MILLI., .METRE. ) );
#980 = EDGE_CURVE ( 'NONE', #3960, #389, #2259, .T. ) ;
#981 = CIRCLE ( 'NONE', #2981, 0.01871999999999995543 ) ;
#982 = ADVANCED_FACE ( 'NONE', ( #576 ), #1212, .T. ) ;
#983 = VERTEX_POINT ( 'NONE', #3384 ) ;
#984 = DIRECTION ( 'NONE',  ( 0.000000000000000000, 0.000000000000000000, 1.000000000000000000 ) ) ;
#985 = EDGE_CURVE ( 'NONE', #514, #1767, #3709, .T. ) ;
#986 = DIRECTION ( 'NONE',  ( 0.000000000000000000, 0.000000000000000000, 1.000000000000000000 ) ) ;
#987 = DIRECTION ( 'NONE',  ( 1.000000000000000000, 0.000000000000000000, 0.000000000000000000 ) ) ;
#988 = LINE ( 'NONE', #4077, #4549 ) ;
#989 = CARTESIAN_POINT ( 'NONE',  ( 0.6025894470921936419, 0.8862800000000000678, -0.4499999999999999001 ) ) ;
#990 = DIRECTION ( 'NONE',  ( 0.9610348236706642844, 0.000000000000000000, 0.2764273280489743523 ) ) ;
#991 = EDGE_CURVE ( 'NONE', #2003, #2341, #3360, .T. ) ;
#992 = SURFACE_STYLE_USAGE ( .BOTH. , #666 ) ;
#993 = CARTESIAN_POINT ( 'NONE',  ( 0.9475055120409731080, 0.8812800000000000633, -0.4722563433655573295 ) ) ;
#994 = VERTEX_POINT ( 'NONE', #143 ) ;
#995 = DIRECTION ( 'NONE',  ( -2.459231407381525783E-15, 0.000000000000000000, -1.000000000000000000 ) ) ;
#996 = CARTESIAN_POINT ( 'NONE',  ( 0.7077745148150749177, 0.8812800000000000633, -0.4499999999999999001 ) ) ;
#997 =( BOUNDED_CURVE ( )  B_SPLINE_CURVE ( 3, ( #3095, #3402, #1656, #3448 ),
 .UNSPECIFIED., .F., .T. ) 
 B_SPLINE_CURVE_WITH_KNOTS ( ( 4, 4 ),
 ( 1.570796326794895448, 1.868047688116100780 ),
 .UNSPECIFIED. ) 
 CURVE ( )  GEOMETRIC_REPRESENTATION_ITEM ( )  RATIONAL_B_SPLINE_CURVE ( ( 1.000000000000000000, 0.9926503465430338569, 0.9926503465430338569, 1.000000000000000000 ) ) 
 REPRESENTATION_ITEM ( '' )  );
#998 = DIRECTION ( 'NONE',  ( 1.000000000000000000, 0.000000000000000000, 0.000000000000000000 ) ) ;
#999 = ORIENTED_EDGE ( 'NONE', *, *, #2353, .T. ) ;
#1000 = ORIENTED_EDGE ( 'NONE', *, *, #4166, .F. ) ;
#1001 = DIRECTION ( 'NONE',  ( -1.000000000000000000, 0.000000000000000000, 0.000000000000000000 ) ) ;
#1002 = DIRECTION ( 'NONE',  ( -0.000000000000000000, 0.000000000000000000, 1.000000000000000000 ) ) ;
#1003 = STYLED_ITEM ( 'NONE', ( #492 ), #982 ) ;
#1004 = ORIENTED_EDGE ( 'NONE', *, *, #1093, .T. ) ;
#1005 = DIRECTION ( 'NONE',  ( 0.000000000000000000, 0.000000000000000000, -1.000000000000000000 ) ) ;
#1006 = VECTOR ( 'NONE', #4542, 1000.000000000000000 ) ;
#1007 = DIRECTION ( 'NONE',  ( 0.7083077534943993392, 0.000000000000000000, 0.7059037656364479663 ) ) ;
#1008 =( NAMED_UNIT ( * ) PLANE_ANGLE_UNIT ( ) SI_UNIT ( $, .RADIAN. ) );
#1009 = PLANE ( 'NONE',  #652 ) ;
#1010 = CARTESIAN_POINT ( 'NONE',  ( 0.4000090622554866582, 0.8667415033290885029, -0.01907524921524890796 ) ) ;
#1011 = CARTESIAN_POINT ( 'NONE',  ( 0.7343201708139308614, 0.8862800000000000678, -0.5669619174648817816 ) ) ;
#1012 = EDGE_CURVE ( 'NONE', #994, #2871, #3037, .T. ) ;
#1013 = LINE ( 'NONE', #3765, #703 ) ;
#1014 = CIRCLE ( 'NONE', #3238, 0.01872000000000000053 ) ;
#1015 = CARTESIAN_POINT ( 'NONE',  ( 1.300001405779575681, 0.03451825405458475160, -0.8810505868114144601 ) ) ;
#1016 = UNCERTAINTY_MEASURE_WITH_UNIT (LENGTH_MEASURE( 1.000000000000000082E-05 ), #1079, 'distance_accuracy_value', 'NONE');
#1017 = CARTESIAN_POINT ( 'NONE',  ( 0.7070970304222033986, 0.8862800000000000678, -0.4722520757470474173 ) ) ;
#1018 =( GEOMETRIC_REPRESENTATION_CONTEXT ( 3 ) GLOBAL_UNCERTAINTY_ASSIGNED_CONTEXT ( ( #375 ) ) GLOBAL_UNIT_ASSIGNED_CONTEXT ( ( #2510, #1114, #4315 ) ) REPRESENTATION_CONTEXT ( 'NONE', 'WORKASPACE' ) );
#1019 = PRESENTATION_STYLE_ASSIGNMENT (( #4180 ) ) ;
#1020 = VECTOR ( 'NONE', #4425, 1000.000000000000000 ) ;
#1021 = EDGE_LOOP ( 'NONE', ( #3040, #1258, #3016, #3751 ) ) ;
#1022 = ORIENTED_EDGE ( 'NONE', *, *, #3025, .T. ) ;
#1023 = CARTESIAN_POINT ( 'NONE',  ( 0.9411901474715013149, 0.8862800000000000678, -0.4499999999999999556 ) ) ;
#1024 =( NAMED_UNIT ( * ) PLANE_ANGLE_UNIT ( ) SI_UNIT ( $, .RADIAN. ) );
#1025 = AXIS2_PLACEMENT_3D ( 'NONE', #591, #4099, #2748 ) ;
#1026 = AXIS2_PLACEMENT_3D ( 'NONE', #2425, #700, #2174 ) ;
#1027 = ORIENTED_EDGE ( 'NONE', *, *, #2185, .T. ) ;
#1028 = FACE_OUTER_BOUND ( 'NONE', #2898, .T. ) ;
#1029 = FILL_AREA_STYLE_COLOUR ( '', #1387 ) ;
#1030 = CARTESIAN_POINT ( 'NONE',  ( 0.4769999999999999796, 0.8862800000000000678, -0.4500000000000000111 ) ) ;
#1031 = VECTOR ( 'NONE', #437, 1000.000000000000000 ) ;
#1032 = CARTESIAN_POINT ( 'NONE',  ( 0.3993359741418495701, 0.8752847213352401567, -0.02369064344752846649 ) ) ;
#1033 = CARTESIAN_POINT ( 'NONE',  ( 1.681280000000000108, 0.000000000000000000, -0.01872000000000000053 ) ) ;
#1034 = CARTESIAN_POINT ( 'NONE',  ( 1.300209794267831009, 0.8783449301849892699, -0.8728129223206365639 ) ) ;
#1035 = STYLED_ITEM ( 'NONE', ( #3597 ), #3813 ) ;
#1036 = FILL_AREA_STYLE ('',( #3146 ) ) ;
#1037 = ADVANCED_FACE ( 'NONE', ( #3014 ), #167, .T. ) ;
#1038 = ADVANCED_FACE ( 'NONE', ( #3080 ), #347, .F. ) ;
#1039 = CARTESIAN_POINT ( 'NONE',  ( 1.300820962650010237, 0.02420296105618779947, -0.02420296105618776478 ) ) ;
#1040 = PLANE ( 'NONE',  #3454 ) ;
#1041 = VECTOR ( 'NONE', #3691, 1000.000000000000000 ) ;
#1042 = CARTESIAN_POINT ( 'NONE',  ( 1.300538556800261647, 0.02320226873688187655, -0.8747364085091400288 ) ) ;
#1043 = APPLICATION_CONTEXT ( 'automotive_design' ) ;
#1044 = EDGE_CURVE ( 'NONE', #878, #3823, #3788, .T. ) ;
#1045 = FACE_OUTER_BOUND ( 'NONE', #1373, .T. ) ;
#1046 = ORIENTED_EDGE ( 'NONE', *, *, #875, .T. ) ;
#1047 = VERTEX_POINT ( 'NONE', #253 ) ;
#1048 = SPHERICAL_SURFACE ( 'NONE', #496, 0.01872000000000000053 ) ;
#1049 = LINE ( 'NONE', #1801, #2150 ) ;
#1050 = EDGE_CURVE ( 'NONE', #2341, #3212, #2707, .T. ) ;
#1051 = ORIENTED_EDGE ( 'NONE', *, *, #1813, .T. ) ;
#1052 = DIRECTION ( 'NONE',  ( 0.000000000000000000, 0.000000000000000000, -1.000000000000000000 ) ) ;
#1053 = CARTESIAN_POINT ( 'NONE',  ( 0.7226539235260945881, 0.8862800000000000678, -0.5669619174648817816 ) ) ;
#1054 = FILL_AREA_STYLE ('',( #3785 ) ) ;
#1055 = COLOUR_RGB ( '',0.7686274509803920907, 0.7686274509803920907, 0.7686274509803920907 ) ;
#1056 = CARTESIAN_POINT ( 'NONE',  ( 0.5439159073110521048, 0.8862800000000000678, -0.5669619174648817816 ) ) ;
#1057 = CARTESIAN_POINT ( 'NONE',  ( 0.9732918875265212932, 0.8812800000000000633, -0.5669619174648817816 ) ) ;
#1058 = DIRECTION ( 'NONE',  ( -0.000000000000000000, 0.000000000000000000, 1.000000000000000000 ) ) ;
#1059 = DIRECTION ( 'NONE',  ( 0.4668459304955246969, 0.000000000000000000, -0.8843386665637591459 ) ) ;
#1060 = UNCERTAINTY_MEASURE_WITH_UNIT (LENGTH_MEASURE( 1.000000000000000082E-05 ), #4363, 'distance_accuracy_value', 'NONE');
#1061 = DIRECTION ( 'NONE',  ( 0.000000000000000000, 0.000000000000000000, 1.000000000000000000 ) ) ;
#1062 = SURFACE_STYLE_USAGE ( .BOTH. , #3913 ) ;
#1063 = DIRECTION ( 'NONE',  ( -1.000000000000000000, 0.000000000000000000, 0.000000000000000000 ) ) ;
#1064 = EDGE_LOOP ( 'NONE', ( #4373, #4387, #3937, #2641 ) ) ;
#1065 = ORIENTED_EDGE ( 'NONE', *, *, #2675, .F. ) ;
#1066 = SURFACE_STYLE_USAGE ( .BOTH. , #3891 ) ;
#1067 = DIRECTION ( 'NONE',  ( 0.000000000000000000, 1.000000000000000000, 0.000000000000000000 ) ) ;
#1068 = CARTESIAN_POINT ( 'NONE',  ( 0.7838359292366701148, 0.8862800000000000678, -0.4499999999999999556 ) ) ;
#1069 = EDGE_CURVE ( 'NONE', #4046, #2599, #1539, .T. ) ;
#1070 = ORIENTED_EDGE ( 'NONE', *, *, #3889, .F. ) ;
#1071 = CARTESIAN_POINT ( 'NONE',  ( 1.681280000000000108, 0.000000000000000000, 0.000000000000000000 ) ) ;
#1072 = VECTOR ( 'NONE', #2039, 1000.000000000000000 ) ;
#1073 = CARTESIAN_POINT ( 'NONE',  ( 1.035711502692017616, 0.8862800000000000678, -0.5443787456248779799 ) ) ;
#1074 = AXIS2_PLACEMENT_3D ( 'NONE', #4362, #535, #4338 ) ;
#1075 = DIRECTION ( 'NONE',  ( 0.000000000000000000, 0.000000000000000000, 1.000000000000000000 ) ) ;
#1076 = UNCERTAINTY_MEASURE_WITH_UNIT (LENGTH_MEASURE( 1.000000000000000082E-05 ), #4089, 'distance_accuracy_value', 'NONE');
#1077 = ORIENTED_EDGE ( 'NONE', *, *, #560, .T. ) ;
#1078 = PLANE ( 'NONE',  #4278 ) ;
#1079 =( LENGTH_UNIT ( ) NAMED_UNIT ( * ) SI_UNIT ( .MILLI., .METRE. ) );
#1080 = CARTESIAN_POINT ( 'NONE',  ( 1.300000000000000044, 0.8812800000000000633, -0.8625600000000001044 ) ) ;
#1081 = CYLINDRICAL_SURFACE ( 'NONE', #3158, 0.01872000000000000053 ) ;
#1082 = PLANE ( 'NONE',  #358 ) ;
#1083 = COLOUR_RGB ( '',0.7686274509803920907, 0.7686274509803920907, 0.7686274509803920907 ) ;
#1084 = LINE ( 'NONE', #3954, #1303 ) ;
#1085 =( NAMED_UNIT ( * ) PLANE_ANGLE_UNIT ( ) SI_UNIT ( $, .RADIAN. ) );
#1086 = VERTEX_POINT ( 'NONE', #4476 ) ;
#1087 = COLOUR_RGB ( '',0.7686274509803920907, 0.7686274509803920907, 0.7686274509803920907 ) ;
#1088 = ADVANCED_FACE ( 'NONE', ( #2364 ), #2069, .F. ) ;
#1089 = VERTEX_POINT ( 'NONE', #2024 ) ;
#1090 = CARTESIAN_POINT ( 'NONE',  ( 0.3999999999999999667, 0.01871999999999995543, -0.8812800000000000633 ) ) ;
#1091 =( GEOMETRIC_REPRESENTATION_CONTEXT ( 3 ) GLOBAL_UNCERTAINTY_ASSIGNED_CONTEXT ( ( #3522 ) ) GLOBAL_UNIT_ASSIGNED_CONTEXT ( ( #3436, #4108, #616 ) ) REPRESENTATION_CONTEXT ( 'NONE', 'WORKASPACE' ) );
#1092 = ORIENTED_EDGE ( 'NONE', *, *, #1955, .T. ) ;
#1093 = EDGE_CURVE ( 'NONE', #2257, #3624, #3797, .T. ) ;
#1094 = EDGE_LOOP ( 'NONE', ( #290, #4275, #4454, #2997 ) ) ;
#1095 = CARTESIAN_POINT ( 'NONE',  ( 0.6178175509797150244, 0.8862800000000000678, -0.5669619174648817816 ) ) ;
#1096 =( GEOMETRIC_REPRESENTATION_CONTEXT ( 3 ) GLOBAL_UNCERTAINTY_ASSIGNED_CONTEXT ( ( #2409 ) ) GLOBAL_UNIT_ASSIGNED_CONTEXT ( ( #2164, #2134, #4310 ) ) REPRESENTATION_CONTEXT ( 'NONE', 'WORKASPACE' ) );
#1097 = CARTESIAN_POINT ( 'NONE',  ( 1.300664025858150552, 0.02471527866475983076, -0.02369064344752851159 ) ) ;
#1098 = STYLED_ITEM ( 'NONE', ( #607 ), #2406 ) ;
#1099 = EDGE_CURVE ( 'NONE', #4005, #1086, #1372, .T. ) ;
#1100 = ORIENTED_EDGE ( 'NONE', *, *, #605, .T. ) ;
#1101 = LINE ( 'NONE', #1404, #289 ) ;
#1102 = PRESENTATION_STYLE_ASSIGNMENT (( #735 ) ) ;
#1103 = DIRECTION ( 'NONE',  ( 0.000000000000000000, 0.000000000000000000, -1.000000000000000000 ) ) ;
#1104 = COLOUR_RGB ( '',0.7686274509803920907, 0.7686274509803920907, 0.7686274509803920907 ) ;
#1105 = CARTESIAN_POINT ( 'NONE',  ( 1.299999537091267809, 0.01879694061987327580, -0.03548319327955704733 ) ) ;
#1106 = COLOUR_RGB ( '',0.7686274509803920907, 0.7686274509803920907, 0.7686274509803920907 ) ;
#1107 = MECHANICAL_DESIGN_GEOMETRIC_PRESENTATION_REPRESENTATION (  '', ( #373 ), #2224 ) ;
#1108 = CYLINDRICAL_SURFACE ( 'NONE', #2422, 0.01872000000000000053 ) ;
#1109 = LINE ( 'NONE', #3863, #65 ) ;
#1110 = UNCERTAINTY_MEASURE_WITH_UNIT (LENGTH_MEASURE( 1.000000000000000082E-05 ), #2114, 'distance_accuracy_value', 'NONE');
#1111 = DIRECTION ( 'NONE',  ( 1.000000000000000000, 0.000000000000000000, 0.000000000000000000 ) ) ;
#1112 = LINE ( 'NONE', #2208, #3107 ) ;
#1113 = AXIS2_PLACEMENT_3D ( 'NONE', #608, #3097, #2383 ) ;
#1114 =( NAMED_UNIT ( * ) PLANE_ANGLE_UNIT ( ) SI_UNIT ( $, .RADIAN. ) );
#1115 = EDGE_LOOP ( 'NONE', ( #1511, #36, #3589 ) ) ;
#1116 = STYLED_ITEM ( 'NONE', ( #3279 ), #3845 ) ;
#1117 = EDGE_LOOP ( 'NONE', ( #588, #1161, #2604, #2352 ) ) ;
#1118 = CARTESIAN_POINT ( 'NONE',  ( 1.300157154089967459, 0.8725433106072190137, -0.8785291637090597572 ) ) ;
#1119 = ORIENTED_EDGE ( 'NONE', *, *, #678, .F. ) ;
#1120 = EDGE_LOOP ( 'NONE', ( #4547, #2026, #1193, #1051 ) ) ;
#1121 = DIRECTION ( 'NONE',  ( 0.3725077383644723739, 0.000000000000000000, 0.9280290862136734154 ) ) ;
#1122 = ADVANCED_FACE ( 'NONE', ( #4132 ), #2801, .F. ) ;
#1123 = ADVANCED_FACE ( 'NONE', ( #3174 ), #3434, .T. ) ;
#1124 = CARTESIAN_POINT ( 'NONE',  ( 0.3997243196281317634, 0.02242289591205596372, -0.02242289591205594290 ) ) ;
#1125 = UNCERTAINTY_MEASURE_WITH_UNIT (LENGTH_MEASURE( 1.000000000000000082E-05 ), #826, 'distance_accuracy_value', 'NONE');
#1126 = EDGE_LOOP ( 'NONE', ( #4462, #1119, #1301, #400, #1879, #2876 ) ) ;
#1127 = LINE ( 'NONE', #1030, #2290 ) ;
#1128 = LINE ( 'NONE', #367, #2737 ) ;
#1129 = PLANE ( 'NONE',  #2854 ) ;
#1130 = LINE ( 'NONE', #3540, #259 ) ;
#1131 = EDGE_CURVE ( 'NONE', #2947, #1529, #2843, .T. ) ;
#1132 =( LENGTH_UNIT ( ) NAMED_UNIT ( * ) SI_UNIT ( .MILLI., .METRE. ) );
#1133 = STYLED_ITEM ( 'NONE', ( #2402 ), #1184 ) ;
#1134 = SURFACE_SIDE_STYLE ('',( #1409 ) ) ;
#1135 = LINE ( 'NONE', #763, #1829 ) ;
#1136 = CARTESIAN_POINT ( 'NONE',  ( 1.700000000000000178, 0.000000000000000000, -0.8812800000000000633 ) ) ;
#1137 = EDGE_CURVE ( 'NONE', #1706, #1169, #1331, .T. ) ;
#1138 = DIRECTION ( 'NONE',  ( -0.2746918797667152745, 0.000000000000000000, 0.9615323037684321283 ) ) ;
#1139 = ORIENTED_EDGE ( 'NONE', *, *, #3484, .F. ) ;
#1140 = ORIENTED_EDGE ( 'NONE', *, *, #3889, .T. ) ;
#1141 = CARTESIAN_POINT ( 'NONE',  ( 1.300438296546013506, 0.8741599035517737537, -0.8772528771038741180 ) ) ;
#1142 = VERTEX_POINT ( 'NONE', #2823 ) ;
#1143 = EDGE_LOOP ( 'NONE', ( #1499, #3537, #4409, #519 ) ) ;
#1144 = DIRECTION ( 'NONE',  ( 0.000000000000000000, -1.000000000000000000, 0.000000000000000000 ) ) ;
#1145 = FILL_AREA_STYLE ('',( #795 ) ) ;
#1146 = SURFACE_STYLE_USAGE ( .BOTH. , #105 ) ;
#1147 = EDGE_LOOP ( 'NONE', ( #1305, #3192, #883 ) ) ;
#1148 = FACE_OUTER_BOUND ( 'NONE', #1233, .T. ) ;
#1149 = CARTESIAN_POINT ( 'NONE',  ( 0.9668435154103485196, 0.8862800000000000678, -0.5445441158540770266 ) ) ;
#1150 = SURFACE_STYLE_USAGE ( .BOTH. , #4307 ) ;
#1151 = MECHANICAL_DESIGN_GEOMETRIC_PRESENTATION_REPRESENTATION (  '', ( #3808 ), #2266 ) ;
#1152 = FACE_OUTER_BOUND ( 'NONE', #1857, .T. ) ;
#1153 = FILL_AREA_STYLE ('',( #2418 ) ) ;
#1154 = EDGE_CURVE ( 'NONE', #923, #3295, #2836, .T. ) ;
#1155 = CARTESIAN_POINT ( 'NONE',  ( 0.6630416901738630520, 0.8862800000000000678, -0.5446988170361243276 ) ) ;
#1156 = CIRCLE ( 'NONE', #3959, 0.01872000000000000053 ) ;
#1157 = FILL_AREA_STYLE_COLOUR ( '', #1227 ) ;
#1158 = AXIS2_PLACEMENT_3D ( 'NONE', #1992, #3407, #225 ) ;
#1159 = FILL_AREA_STYLE ('',( #785 ) ) ;
#1160 = ORIENTED_EDGE ( 'NONE', *, *, #163, .T. ) ;
#1161 = ORIENTED_EDGE ( 'NONE', *, *, #3368, .F. ) ;
#1162 = SPHERICAL_SURFACE ( 'NONE', #47, 0.01872000000000000053 ) ;
#1163 = VECTOR ( 'NONE', #2415, 1000.000000000000000 ) ;
#1164 = VERTEX_POINT ( 'NONE', #3810 ) ;
#1165 = VERTEX_POINT ( 'NONE', #18 ) ;
#1166 = LINE ( 'NONE', #3296, #4272 ) ;
#1167 = VECTOR ( 'NONE', #1059, 1000.000000000000114 ) ;
#1168 = UNCERTAINTY_MEASURE_WITH_UNIT (LENGTH_MEASURE( 1.000000000000000082E-05 ), #1932, 'distance_accuracy_value', 'NONE');
#1169 = VERTEX_POINT ( 'NONE', #1423 ) ;
#1170 = FACE_OUTER_BOUND ( 'NONE', #3469, .T. ) ;
#1171 =( NAMED_UNIT ( * ) PLANE_ANGLE_UNIT ( ) SI_UNIT ( $, .RADIAN. ) );
#1172 =( NAMED_UNIT ( * ) SI_UNIT ( $, .STERADIAN. ) SOLID_ANGLE_UNIT ( ) );
#1173 = VECTOR ( 'NONE', #2201, 1000.000000000000000 ) ;
#1174 = DIRECTION ( 'NONE',  ( -0.9601763114327555027, 0.000000000000000000, -0.2793947940878428460 ) ) ;
#1175 =( NAMED_UNIT ( * ) SI_UNIT ( $, .STERADIAN. ) SOLID_ANGLE_UNIT ( ) );
#1176 = STYLED_ITEM ( 'NONE', ( #1194 ), #3108 ) ;
#1177 = CARTESIAN_POINT ( 'NONE',  ( 1.074225340009627105, 0.8862800000000000678, -0.5669619174648817816 ) ) ;
#1178 = DIRECTION ( 'NONE',  ( 1.000000000000000000, 0.000000000000000000, 0.000000000000000000 ) ) ;
#1179 = DIRECTION ( 'NONE',  ( 1.000000000000000000, 0.000000000000000000, -0.000000000000000000 ) ) ;
#1180 = PRODUCT ( 'CCS_CCSTDNOSYAGEO_0603_L1.7W0.9T0.9B0.6', 'CCS_CCSTDNOSYAGEO_0603_L1.7W0.9T0.9B0.6', '', ( #2952 ) ) ;
#1181 = AXIS2_PLACEMENT_3D ( 'NONE', #4418, #173, #2715 ) ;
#1182 = VECTOR ( 'NONE', #3850, 999.9999999999998863 ) ;
#1183 = EDGE_CURVE ( 'NONE', #2617, #3890, #1346, .T. ) ;
#1184 = ADVANCED_FACE ( 'NONE', ( #3189 ), #1366, .T. ) ;
#1185 = CARTESIAN_POINT ( 'NONE',  ( 1.681280000000000108, 0.8812800000000000633, -0.8812800000000000633 ) ) ;
#1186 = ORIENTED_EDGE ( 'NONE', *, *, #4402, .F. ) ;
#1187 = PLANE ( 'NONE',  #3664 ) ;
#1188 = PRESENTATION_LAYER_ASSIGNMENT (  '', '', ( #4128 ) ) ;
#1189 = DIRECTION ( 'NONE',  ( 0.000000000000000000, 1.000000000000000000, 0.000000000000000000 ) ) ;
#1190 = EDGE_CURVE ( 'NONE', #4087, #2916, #1727, .T. ) ;
#1191 = VECTOR ( 'NONE', #521, 1000.000000000000000 ) ;
#1192 = EDGE_LOOP ( 'NONE', ( #1974, #4487, #3637, #4521 ) ) ;
#1193 = ORIENTED_EDGE ( 'NONE', *, *, #360, .F. ) ;
#1194 = PRESENTATION_STYLE_ASSIGNMENT (( #1239 ) ) ;
#1195 =( NAMED_UNIT ( * ) SI_UNIT ( $, .STERADIAN. ) SOLID_ANGLE_UNIT ( ) );
#1196 = STYLED_ITEM ( 'NONE', ( #1605 ), #4116 ) ;
#1197 = ADVANCED_FACE ( 'NONE', ( #4189 ), #4490, .T. ) ;
#1198 = SURFACE_SIDE_STYLE ('',( #1292 ) ) ;
#1199 = ORIENTED_EDGE ( 'NONE', *, *, #2878, .T. ) ;
#1200 = DIRECTION ( 'NONE',  ( 1.000000000000000000, 0.000000000000000000, 0.000000000000000000 ) ) ;
#1201 = SURFACE_STYLE_FILL_AREA ( #1902 ) ;
#1202 = CARTESIAN_POINT ( 'NONE',  ( 0.7070970304222033986, 0.8862800000000000678, -0.4722520757470474173 ) ) ;
#1203 = CARTESIAN_POINT ( 'NONE',  ( 0.3999948500517041539, 0.8674151316511041765, -0.8807450874833437915 ) ) ;
#1204 = CARTESIAN_POINT ( 'NONE',  ( 0.000000000000000000, 0.9000000000000000222, -0.01872000000000000053 ) ) ;
#1205 =( NAMED_UNIT ( * ) SI_UNIT ( $, .STERADIAN. ) SOLID_ANGLE_UNIT ( ) );
#1206 = CARTESIAN_POINT ( 'NONE',  ( 0.3995948271562043130, 0.8771543780156959569, -0.02556030012807148158 ) ) ;
#1207 = SURFACE_STYLE_FILL_AREA ( #4359 ) ;
#1208 = AXIS2_PLACEMENT_3D ( 'NONE', #3727, #1356, #2413 ) ;
#1209 = DIRECTION ( 'NONE',  ( 0.000000000000000000, 1.000000000000000000, -0.000000000000000000 ) ) ;
#1210 = VERTEX_POINT ( 'NONE', #3495 ) ;
#1211 = ORIENTED_EDGE ( 'NONE', *, *, #3361, .T. ) ;
#1212 = SPHERICAL_SURFACE ( 'NONE', #272, 0.01872000000000000053 ) ;
#1213 = PRESENTATION_LAYER_ASSIGNMENT (  '', '', ( #1810 ) ) ;
#1214 = ORIENTED_EDGE ( 'NONE', *, *, #2521, .F. ) ;
#1215 = ORIENTED_EDGE ( 'NONE', *, *, #1190, .T. ) ;
#1216 = CARTESIAN_POINT ( 'NONE',  ( 1.300014344753142037, 0.8693239384346592713, -0.01987556594984630359 ) ) ;
#1217 = EDGE_CURVE ( 'NONE', #2042, #2148, #318, .T. ) ;
#1218 = PRESENTATION_STYLE_ASSIGNMENT (( #106 ) ) ;
#1219 = UNCERTAINTY_MEASURE_WITH_UNIT (LENGTH_MEASURE( 1.000000000000000082E-05 ), #979, 'distance_accuracy_value', 'NONE');
#1220 = ORIENTED_EDGE ( 'NONE', *, *, #3651, .T. ) ;
#1221 = PLANE ( 'NONE',  #1330 ) ;
#1222 = CARTESIAN_POINT ( 'NONE',  ( 0.3995617034539863943, 0.8772528771038741180, -0.8741599035517737537 ) ) ;
#1223 =( LENGTH_UNIT ( ) NAMED_UNIT ( * ) SI_UNIT ( .MILLI., .METRE. ) );
#1224 = FACE_OUTER_BOUND ( 'NONE', #365, .T. ) ;
#1225 = CARTESIAN_POINT ( 'NONE',  ( 1.318720000000000114, 0.000000000000000000, 0.000000000000000000 ) ) ;
#1226 = CARTESIAN_POINT ( 'NONE',  ( 0.9509324099456935020, 0.8862800000000000678, -0.5013216725431063336 ) ) ;
#1227 = COLOUR_RGB ( '',0.7686274509803920907, 0.7686274509803920907, 0.7686274509803920907 ) ;
#1228 = COLOUR_RGB ( '',0.7686274509803920907, 0.7686274509803920907, 0.7686274509803920907 ) ;
#1229 =( NAMED_UNIT ( * ) SI_UNIT ( $, .STERADIAN. ) SOLID_ANGLE_UNIT ( ) );
#1230 = DIRECTION ( 'NONE',  ( 1.000000000000000000, 0.000000000000000000, 0.000000000000000000 ) ) ;
#1231 = ORIENTED_EDGE ( 'NONE', *, *, #2675, .T. ) ;
#1232 = CIRCLE ( 'NONE', #3003, 0.01872000000000000053 ) ;
#1233 = EDGE_LOOP ( 'NONE', ( #1257, #1961, #1267, #769, #1004, #4366, #491, #548, #1419, #3556, #3547 ) ) ;
#1234 =( NAMED_UNIT ( * ) SI_UNIT ( $, .STERADIAN. ) SOLID_ANGLE_UNIT ( ) );
#1235 = STYLED_ITEM ( 'NONE', ( #3071 ), #511 ) ;
#1236 = VERTEX_POINT ( 'NONE', #822 ) ;
#1237 = VECTOR ( 'NONE', #2658, 1000.000000000000000 ) ;
#1238 = VERTEX_POINT ( 'NONE', #3298 ) ;
#1239 = SURFACE_STYLE_USAGE ( .BOTH. , #2942 ) ;
#1240 =( LENGTH_UNIT ( ) NAMED_UNIT ( * ) SI_UNIT ( .MILLI., .METRE. ) );
#1241 = AXIS2_PLACEMENT_3D ( 'NONE', #2428, #2471, #3925 ) ;
#1242 = EDGE_CURVE ( 'NONE', #793, #1960, #981, .T. ) ;
#1243 = EDGE_CURVE ( 'NONE', #3624, #60, #3554, .T. ) ;
#1244 = DIRECTION ( 'NONE',  ( 0.000000000000000000, 0.000000000000000000, 1.000000000000000000 ) ) ;
#1245 = ORIENTED_EDGE ( 'NONE', *, *, #1131, .F. ) ;
#1246 = DIRECTION ( 'NONE',  ( 0.000000000000000000, 0.000000000000000000, 1.000000000000000000 ) ) ;
#1247 = COLOUR_RGB ( '',0.6470588235294117974, 0.5176470588235293491, 0.000000000000000000 ) ;
#1248 = LINE ( 'NONE', #2651, #2591 ) ;
#1249 = ADVANCED_FACE ( 'NONE', ( #796 ), #63, .T. ) ;
#1250 = SURFACE_STYLE_FILL_AREA ( #462 ) ;
#1251 = SPHERICAL_SURFACE ( 'NONE', #659, 0.01872000000000000053 ) ;
#1252 = SURFACE_SIDE_STYLE ('',( #3377 ) ) ;
#1253 = VECTOR ( 'NONE', #1477, 999.9999999999998863 ) ;
#1254 = CARTESIAN_POINT ( 'NONE',  ( 0.3812799999999999523, 0.8812800000000000633, -0.9000000000000000222 ) ) ;
#1255 = MECHANICAL_DESIGN_GEOMETRIC_PRESENTATION_REPRESENTATION (  '', ( #3546 ), #4340 ) ;
#1256 = FILL_AREA_STYLE_COLOUR ( '', #1087 ) ;
#1257 = ORIENTED_EDGE ( 'NONE', *, *, #2460, .T. ) ;
#1258 = ORIENTED_EDGE ( 'NONE', *, *, #2930, .F. ) ;
#1259 =( NAMED_UNIT ( * ) PLANE_ANGLE_UNIT ( ) SI_UNIT ( $, .RADIAN. ) );
#1260 = ORIENTED_EDGE ( 'NONE', *, *, #920, .T. ) ;
#1261 = COLOUR_RGB ( '',0.7686274509803920907, 0.7686274509803920907, 0.7686274509803920907 ) ;
#1262 = ORIENTED_EDGE ( 'NONE', *, *, #3929, .F. ) ;
#1263 = CARTESIAN_POINT ( 'NONE',  ( 1.318720000000000114, 0.01872000000000000053, -0.01871999999999995543 ) ) ;
#1264 = DIRECTION ( 'NONE',  ( -1.000000000000000000, 0.000000000000000000, 0.000000000000000000 ) ) ;
#1265 = VECTOR ( 'NONE', #2785, 1000.000000000000000 ) ;
#1266 = FILL_AREA_STYLE ('',( #2973 ) ) ;
#1267 = ORIENTED_EDGE ( 'NONE', *, *, #3533, .T. ) ;
#1268 = DIRECTION ( 'NONE',  ( 0.9999960426590096541, 0.000000000000000000, 0.002813301676023789721 ) ) ;
#1269 = COLOUR_RGB ( '',0.7686274509803920907, 0.7686274509803920907, 0.7686274509803920907 ) ;
#1270 = FILL_AREA_STYLE_COLOUR ( '', #744 ) ;
#1271 = EDGE_CURVE ( 'NONE', #4319, #3656, #1514, .T. ) ;
#1272 = EDGE_CURVE ( 'NONE', #2140, #4252, #4151, .T. ) ;
#1273 = SURFACE_STYLE_USAGE ( .BOTH. , #4424 ) ;
#1274 = DIRECTION ( 'NONE',  ( -0.4668459304955246969, 0.000000000000000000, 0.8843386665637592570 ) ) ;
#1275 = FILL_AREA_STYLE_COLOUR ( '', #2520 ) ;
#1276 = CARTESIAN_POINT ( 'NONE',  ( 1.700000000000000178, 0.000000000000000000, 0.000000000000000000 ) ) ;
#1277 = EDGE_CURVE ( 'NONE', #2924, #307, #771, .T. ) ;
#1278 =( NAMED_UNIT ( * ) SI_UNIT ( $, .STERADIAN. ) SOLID_ANGLE_UNIT ( ) );
#1279 = CARTESIAN_POINT ( 'NONE',  ( 0.7343201708139308614, 0.8812800000000000633, -0.5669619174648817816 ) ) ;
#1280 = ORIENTED_EDGE ( 'NONE', *, *, #223, .F. ) ;
#1281 = ORIENTED_EDGE ( 'NONE', *, *, #2296, .T. ) ;
#1282 = CARTESIAN_POINT ( 'NONE',  ( 0.5106128326548475815, 0.8862800000000000678, -0.5669619174648817816 ) ) ;
#1283 = EDGE_CURVE ( 'NONE', #59, #2261, #3645, .T. ) ;
#1284 =( GEOMETRIC_REPRESENTATION_CONTEXT ( 3 ) GLOBAL_UNCERTAINTY_ASSIGNED_CONTEXT ( ( #1060 ) ) GLOBAL_UNIT_ASSIGNED_CONTEXT ( ( #4363, #1259, #2663 ) ) REPRESENTATION_CONTEXT ( 'NONE', 'WORKASPACE' ) );
#1285 = EDGE_LOOP ( 'NONE', ( #4368, #1577, #2918, #2170, #3319, #3177, #4104, #3204, #3618, #799, #1440, #1027, #727, #175, #3119, #861, #2188, #1985, #3153, #2511, #3290, #4031, #3438 ) ) ;
#1286 = MECHANICAL_DESIGN_GEOMETRIC_PRESENTATION_REPRESENTATION (  '', ( #2613 ), #3940 ) ;
#1287 = ORIENTED_EDGE ( 'NONE', *, *, #1608, .F. ) ;
#1288 = SURFACE_STYLE_FILL_AREA ( #4457 ) ;
#1289 =( LENGTH_UNIT ( ) NAMED_UNIT ( * ) SI_UNIT ( .MILLI., .METRE. ) );
#1290 = DIRECTION ( 'NONE',  ( 0.000000000000000000, 0.000000000000000000, -1.000000000000000000 ) ) ;
#1291 = CARTESIAN_POINT ( 'NONE',  ( 0.3812799999999998968, 0.01872000000000000053, -0.8812800000000000633 ) ) ;
#1292 = SURFACE_STYLE_FILL_AREA ( #929 ) ;
#1293 = ORIENTED_EDGE ( 'NONE', *, *, #991, .T. ) ;
#1294 = SURFACE_STYLE_USAGE ( .BOTH. , #4441 ) ;
#1295 = DIRECTION ( 'NONE',  ( 0.000000000000000000, -1.000000000000000000, 2.352869297928617750E-15 ) ) ;
#1296 = SURFACE_STYLE_USAGE ( .BOTH. , #3049 ) ;
#1297 = CARTESIAN_POINT ( 'NONE',  ( 0.4769999999999999796, 0.8862800000000000678, -0.4500000000000000111 ) ) ;
#1298 = LINE ( 'NONE', #4127, #1072 ) ;
#1299 = EDGE_CURVE ( 'NONE', #3729, #2368, #732, .T. ) ;
#1300 = CARTESIAN_POINT ( 'NONE',  ( 0.9571083656340487744, 0.8862800000000000678, -0.5229400068966340021 ) ) ;
#1301 = ORIENTED_EDGE ( 'NONE', *, *, #2065, .F. ) ;
#1302 = CARTESIAN_POINT ( 'NONE',  ( 1.300000000000000044, 0.000000000000000000, -0.01871999999999995543 ) ) ;
#1303 = VECTOR ( 'NONE', #50, 1000.000000000000114 ) ;
#1304 = ORIENTED_EDGE ( 'NONE', *, *, #3784, .F. ) ;
#1305 = ORIENTED_EDGE ( 'NONE', *, *, #1044, .T. ) ;
#1306 = SPHERICAL_SURFACE ( 'NONE', #1401, 0.01872000000000000053 ) ;
#1307 =( NAMED_UNIT ( * ) SI_UNIT ( $, .STERADIAN. ) SOLID_ANGLE_UNIT ( ) );
#1308 = CARTESIAN_POINT ( 'NONE',  ( 0.3999999999999999112, 0.8794182898506457402, -0.8794182898506457402 ) ) ;
#1309 = VECTOR ( 'NONE', #2087, 1000.000000000000000 ) ;
#1310 = DIRECTION ( 'NONE',  ( -1.000000000000000000, 0.000000000000000000, 0.000000000000000000 ) ) ;
#1311 =( GEOMETRIC_REPRESENTATION_CONTEXT ( 3 ) GLOBAL_UNCERTAINTY_ASSIGNED_CONTEXT ( ( #324 ) ) GLOBAL_UNIT_ASSIGNED_CONTEXT ( ( #724, #425, #3252 ) ) REPRESENTATION_CONTEXT ( 'NONE', 'WORKASPACE' ) );
#1312 = VERTEX_POINT ( 'NONE', #456 ) ;
#1313 = DIRECTION ( 'NONE',  ( -0.4443210308329503810, 0.000000000000000000, 0.8958676361826809487 ) ) ;
#1314 = CARTESIAN_POINT ( 'NONE',  ( 0.7838359292366701148, 0.8862800000000000678, -0.4499999999999999556 ) ) ;
#1315 = COLOUR_RGB ( '',0.7686274509803920907, 0.7686274509803920907, 0.7686274509803920907 ) ;
#1316 = DIRECTION ( 'NONE',  ( -1.000000000000000000, 0.000000000000000000, 0.000000000000000000 ) ) ;
#1317 =( GEOMETRIC_REPRESENTATION_CONTEXT ( 3 ) GLOBAL_UNCERTAINTY_ASSIGNED_CONTEXT ( ( #3931 ) ) GLOBAL_UNIT_ASSIGNED_CONTEXT ( ( #2814, #2883, #2178 ) ) REPRESENTATION_CONTEXT ( 'NONE', 'WORKASPACE' ) );
#1318 = DIRECTION ( 'NONE',  ( -0.8843386665637592570, 0.000000000000000000, -0.4668459304955246969 ) ) ;
#1319 = CARTESIAN_POINT ( 'NONE',  ( 1.700000000000000178, 0.01872000000000000053, 0.000000000000000000 ) ) ;
#1320 = LINE ( 'NONE', #938, #3596 ) ;
#1321 = CARTESIAN_POINT ( 'NONE',  ( 0.3991790373499896627, 0.8757970389438121117, -0.8757970389438123338 ) ) ;
#1322 = FILL_AREA_STYLE ('',( #3033 ) ) ;
#1323 = CARTESIAN_POINT ( 'NONE',  ( 0.01872000000000006298, 0.8812800000000000633, 0.000000000000000000 ) ) ;
#1324 = ORIENTED_EDGE ( 'NONE', *, *, #3450, .F. ) ;
#1325 = CIRCLE ( 'NONE', #3756, 0.01872000000000001094 ) ;
#1326 = LINE ( 'NONE', #4202, #2488 ) ;
#1327 = FILL_AREA_STYLE ('',( #2047 ) ) ;
#1328 = ADVANCED_FACE ( 'NONE', ( #3210 ), #3599, .T. ) ;
#1329 = EDGE_CURVE ( 'NONE', #983, #148, #151, .T. ) ;
#1330 = AXIS2_PLACEMENT_3D ( 'NONE', #1948, #2906, #154 ) ;
#1331 =( BOUNDED_CURVE ( )  B_SPLINE_CURVE ( 3, ( #4242, #2167, #2035, #961 ),
 .UNSPECIFIED., .F., .T. ) 
 B_SPLINE_CURVE_WITH_KNOTS ( ( 4, 4 ),
 ( 4.712388980384689674, 5.009640341705893007 ),
 .UNSPECIFIED. ) 
 CURVE ( )  GEOMETRIC_REPRESENTATION_ITEM ( )  RATIONAL_B_SPLINE_CURVE ( ( 1.000000000000000000, 0.9926503465430338569, 0.9926503465430338569, 1.000000000000000000 ) ) 
 REPRESENTATION_ITEM ( '' )  );
#1332 = DIRECTION ( 'NONE',  ( 0.000000000000000000, 0.000000000000000000, -1.000000000000000000 ) ) ;
#1333 = ORIENTED_EDGE ( 'NONE', *, *, #505, .T. ) ;
#1334 = ORIENTED_EDGE ( 'NONE', *, *, #1050, .F. ) ;
#1335 = CARTESIAN_POINT ( 'NONE',  ( 1.318720000000000114, 0.9000000000000000222, -0.01871999999999995543 ) ) ;
#1336 =( LENGTH_UNIT ( ) NAMED_UNIT ( * ) SI_UNIT ( .MILLI., .METRE. ) );
#1337 = CARTESIAN_POINT ( 'NONE',  ( 1.700000000000000178, 0.000000000000000000, -0.8812800000000000633 ) ) ;
#1338 = ADVANCED_FACE ( 'NONE', ( #2995 ), #191, .F. ) ;
#1339 = STYLED_ITEM ( 'NONE', ( #765 ), #4249 ) ;
#1340 = VECTOR ( 'NONE', #2656, 1000.000000000000000 ) ;
#1341 = ORIENTED_EDGE ( 'NONE', *, *, #4455, .T. ) ;
#1342 = LINE ( 'NONE', #3372, #2300 ) ;
#1343 = CARTESIAN_POINT ( 'NONE',  ( 0.8528219873056229750, 0.8812800000000000633, -0.4499999999999999556 ) ) ;
#1344 = AXIS2_PLACEMENT_3D ( 'NONE', #340, #2564, #3194 ) ;
#1345 = ADVANCED_FACE ( 'NONE', ( #2647 ), #2315, .T. ) ;
#1346 = LINE ( 'NONE', #2451, #832 ) ;
#1347 = AXIS2_PLACEMENT_3D ( 'NONE', #4489, #2377, #4165 ) ;
#1348 = SURFACE_STYLE_FILL_AREA ( #3786 ) ;
#1349 = SURFACE_STYLE_USAGE ( .BOTH. , #3787 ) ;
#1350 = PRESENTATION_STYLE_ASSIGNMENT (( #1296 ) ) ;
#1351 = PLANE ( 'NONE',  #1836 ) ;
#1352 = DIRECTION ( 'NONE',  ( 0.000000000000000000, -1.000000000000000000, 0.000000000000000000 ) ) ;
#1353 = LINE ( 'NONE', #993, #205 ) ;
#1354 = VERTEX_POINT ( 'NONE', #3735 ) ;
#1355 = DIRECTION ( 'NONE',  ( -1.000000000000000000, 0.000000000000000000, 0.000000000000000000 ) ) ;
#1356 = DIRECTION ( 'NONE',  ( -1.000000000000000000, -0.000000000000000000, 0.000000000000000000 ) ) ;
#1357 = ORIENTED_EDGE ( 'NONE', *, *, #2831, .F. ) ;
#1358 = ORIENTED_EDGE ( 'NONE', *, *, #4477, .F. ) ;
#1359 = PLANE ( 'NONE',  #3221 ) ;
#1360 = AXIS2_PLACEMENT_3D ( 'NONE', #2754, #972, #691 ) ;
#1361 = LINE ( 'NONE', #288, #4341 ) ;
#1362 = EDGE_CURVE ( 'NONE', #4046, #2094, #3714, .T. ) ;
#1363 = VERTEX_POINT ( 'NONE', #540 ) ;
#1364 = PRESENTATION_STYLE_ASSIGNMENT (( #2033 ) ) ;
#1365 = PLANE ( 'NONE',  #3848 ) ;
#1366 = CYLINDRICAL_SURFACE ( 'NONE', #1649, 0.01872000000000001094 ) ;
#1367 = EDGE_CURVE ( 'NONE', #2534, #3594, #843, .T. ) ;
#1368 = CARTESIAN_POINT ( 'NONE',  ( 1.318720000000000114, 0.8812800000000000633, -0.8812800000000000633 ) ) ;
#1369 = DIRECTION ( 'NONE',  ( 0.000000000000000000, -0.000000000000000000, -1.000000000000000000 ) ) ;
#1370 = CARTESIAN_POINT ( 'NONE',  ( 1.300000000000000044, 0.02058171014935427159, -0.02058171014935425078 ) ) ;
#1371 = LINE ( 'NONE', #1668, #4318 ) ;
#1372 = LINE ( 'NONE', #1717, #1723 ) ;
#1373 = EDGE_LOOP ( 'NONE', ( #4384, #2103, #1622, #21, #824, #4163 ) ) ;
#1374 = VERTEX_POINT ( 'NONE', #4072 ) ;
#1375 =( GEOMETRIC_REPRESENTATION_CONTEXT ( 3 ) GLOBAL_UNCERTAINTY_ASSIGNED_CONTEXT ( ( #3905 ) ) GLOBAL_UNIT_ASSIGNED_CONTEXT ( ( #1451, #2113, #1790 ) ) REPRESENTATION_CONTEXT ( 'NONE', 'WORKASPACE' ) );
#1376 = EDGE_LOOP ( 'NONE', ( #2645, #3916, #1595, #4528 ) ) ;
#1377 = LINE ( 'NONE', #1095, #1774 ) ;
#1378 = VECTOR ( 'NONE', #4105, 1000.000000000000000 ) ;
#1379 = CARTESIAN_POINT ( 'NONE',  ( 0.5793264743897623692, 0.8862800000000000678, -0.5669619174648817816 ) ) ;
#1380 = EDGE_CURVE ( 'NONE', #4066, #1461, #498, .T. ) ;
#1381 = FILL_AREA_STYLE_COLOUR ( '', #3431 ) ;
#1382 = DIRECTION ( 'NONE',  ( -1.000000000000000000, 0.000000000000000000, 0.000000000000000000 ) ) ;
#1383 = AXIS2_PLACEMENT_3D ( 'NONE', #3745, #3816, #3101 ) ;
#1384 = CARTESIAN_POINT ( 'NONE',  ( 0.3998428459100326071, 0.8725433106072190137, -0.02147083629094021298 ) ) ;
#1385 = CARTESIAN_POINT ( 'NONE',  ( 0.4769999999999999796, 0.8812800000000000633, -0.4500000000000000111 ) ) ;
#1386 = EDGE_CURVE ( 'NONE', #4344, #2244, #471, .T. ) ;
#1387 = COLOUR_RGB ( '',0.7921568627450980005, 0.8196078431372548767, 0.9333333333333333481 ) ;
#1388 = CARTESIAN_POINT ( 'NONE',  ( 0.7841301134981506493, 0.8862800000000000678, -0.5669619174648817816 ) ) ;
#1389 = FACE_OUTER_BOUND ( 'NONE', #2969, .T. ) ;
#1390 = UNCERTAINTY_MEASURE_WITH_UNIT (LENGTH_MEASURE( 1.000000000000000082E-05 ), #718, 'distance_accuracy_value', 'NONE');
#1391 = DIRECTION ( 'NONE',  ( 0.000000000000000000, -1.000000000000000000, 0.000000000000000000 ) ) ;
#1392 = CIRCLE ( 'NONE', #1989, 0.01871999999999995543 ) ;
#1393 = ORIENTED_EDGE ( 'NONE', *, *, #3368, .T. ) ;
#1394 = ORIENTED_EDGE ( 'NONE', *, *, #3510, .F. ) ;
#1395 = CARTESIAN_POINT ( 'NONE',  ( 1.700000000000000178, 0.000000000000000000, 0.000000000000000000 ) ) ;
#1396 = CARTESIAN_POINT ( 'NONE',  ( 0.8210746701055979813, 0.8862800000000000678, -0.5669619174648817816 ) ) ;
#1397 = MECHANICAL_DESIGN_GEOMETRIC_PRESENTATION_REPRESENTATION (  '', ( #1176 ), #3984 ) ;
#1398 = VERTEX_POINT ( 'NONE', #1607 ) ;
#1399 = FACE_OUTER_BOUND ( 'NONE', #4304, .T. ) ;
#1400 = AXIS2_PLACEMENT_3D ( 'NONE', #676, #333, #4208 ) ;
#1401 = AXIS2_PLACEMENT_3D ( 'NONE', #1628, #3712, #3439 ) ;
#1402 = PRESENTATION_STYLE_ASSIGNMENT (( #4551 ) ) ;
#1403 = CARTESIAN_POINT ( 'NONE',  ( 0.3999948500517042094, 0.03258486834889549183, -0.01925491251665639378 ) ) ;
#1404 = CARTESIAN_POINT ( 'NONE',  ( 0.5102586201996844872, 0.8812800000000000633, -0.4499999999999999556 ) ) ;
#1405 = COLOUR_RGB ( '',0.7686274509803920907, 0.7686274509803920907, 0.7686274509803920907 ) ;
#1406 = FACE_OUTER_BOUND ( 'NONE', #3726, .T. ) ;
#1407 =( GEOMETRIC_REPRESENTATION_CONTEXT ( 3 ) GLOBAL_UNCERTAINTY_ASSIGNED_CONTEXT ( ( #1587 ) ) GLOBAL_UNIT_ASSIGNED_CONTEXT ( ( #2013, #406, #3161 ) ) REPRESENTATION_CONTEXT ( 'NONE', 'WORKASPACE' ) );
#1408 = CARTESIAN_POINT ( 'NONE',  ( 1.700000000000000178, 0.01872000000000000053, -0.01872000000000000053 ) ) ;
#1409 = SURFACE_STYLE_FILL_AREA ( #1761 ) ;
#1410 = ADVANCED_FACE ( 'NONE', ( #2351 ), #2729, .T. ) ;
#1411 = VECTOR ( 'NONE', #3933, 1000.000000000000000 ) ;
#1412 = DIRECTION ( 'NONE',  ( 1.000000000000000000, 0.000000000000000000, 0.000000000000000000 ) ) ;
#1413 = SURFACE_STYLE_USAGE ( .BOTH. , #3915 ) ;
#1414 = ORIENTED_EDGE ( 'NONE', *, *, #3309, .F. ) ;
#1415 = ADVANCED_FACE ( 'NONE', ( #4495 ), #2020, .F. ) ;
#1416 = ORIENTED_EDGE ( 'NONE', *, *, #3362, .F. ) ;
#1417 = PLANE ( 'NONE',  #2305 ) ;
#1418 = LINE ( 'NONE', #382, #3179 ) ;
#1419 = ORIENTED_EDGE ( 'NONE', *, *, #189, .T. ) ;
#1420 = ORIENTED_EDGE ( 'NONE', *, *, #1638, .T. ) ;
#1421 = FILL_AREA_STYLE_COLOUR ( '', #1104 ) ;
#1422 = CARTESIAN_POINT ( 'NONE',  ( 0.7070970304222033986, 0.8812800000000000633, -0.4722520757470474173 ) ) ;
#1423 = CARTESIAN_POINT ( 'NONE',  ( 0.3991790373499896627, 0.8757970389438122227, -0.02420296105618774396 ) ) ;
#1424 = LINE ( 'NONE', #1753, #1843 ) ;
#1425 = ORIENTED_EDGE ( 'NONE', *, *, #3923, .F. ) ;
#1426 = CARTESIAN_POINT ( 'NONE',  ( 1.681280000000000108, 0.01872000000000000053, -0.01872000000000000053 ) ) ;
#1427 = CARTESIAN_POINT ( 'NONE',  ( 1.681280000000000108, 0.8812800000000000633, -0.8812800000000000633 ) ) ;
#1428 = CARTESIAN_POINT ( 'NONE',  ( 0.8723733716153394546, 0.8812800000000000633, -0.5669619174648817816 ) ) ;
#1429 = COLOUR_RGB ( '',0.7686274509803920907, 0.7686274509803920907, 0.7686274509803920907 ) ;
#1430 = DIRECTION ( 'NONE',  ( 0.000000000000000000, -1.000000000000000000, 0.000000000000000000 ) ) ;
#1431 = UNCERTAINTY_MEASURE_WITH_UNIT (LENGTH_MEASURE( 1.000000000000000082E-05 ), #2139, 'distance_accuracy_value', 'NONE');
#1432 = CARTESIAN_POINT ( 'NONE',  ( 0.9509324099456935020, 0.8812800000000000633, -0.5013216725431063336 ) ) ;
#1433 = ADVANCED_FACE ( 'NONE', ( #2702 ), #1690, .F. ) ;
#1434 = VECTOR ( 'NONE', #1919, 1000.000000000000000 ) ;
#1435 = ORIENTED_EDGE ( 'NONE', *, *, #3403, .T. ) ;
#1436 = ORIENTED_EDGE ( 'NONE', *, *, #2602, .F. ) ;
#1437 = CARTESIAN_POINT ( 'NONE',  ( 1.300538556800261647, 0.8747364085091400288, -0.8767977312631181075 ) ) ;
#1438 = DIRECTION ( 'NONE',  ( 0.000000000000000000, -1.000000000000000000, 0.000000000000000000 ) ) ;
#1439 = ADVANCED_FACE ( 'NONE', ( #639 ), #2064, .F. ) ;
#1440 = ORIENTED_EDGE ( 'NONE', *, *, #1929, .T. ) ;
#1441 = ORIENTED_EDGE ( 'NONE', *, *, #3640, .T. ) ;
#1442 = SURFACE_SIDE_STYLE ('',( #336 ) ) ;
#1443 = DIRECTION ( 'NONE',  ( -1.000000000000000000, 0.000000000000000000, 0.000000000000000000 ) ) ;
#1444 = PRESENTATION_LAYER_ASSIGNMENT (  '', '', ( #2844 ) ) ;
#1445 = AXIS2_PLACEMENT_3D ( 'NONE', #26, #717, #4219 ) ;
#1446 = FILL_AREA_STYLE ('',( #1029 ) ) ;
#1447 = PRODUCT_DEFINITION_CONTEXT ( 'detailed design', #2378, 'design' ) ;
#1448 = ORIENTED_EDGE ( 'NONE', *, *, #116, .T. ) ;
#1449 = CARTESIAN_POINT ( 'NONE',  ( 0.7070970304222033986, 0.8812800000000000633, -0.4722520757470474173 ) ) ;
#1450 =( NAMED_UNIT ( * ) PLANE_ANGLE_UNIT ( ) SI_UNIT ( $, .RADIAN. ) );
#1451 =( LENGTH_UNIT ( ) NAMED_UNIT ( * ) SI_UNIT ( .MILLI., .METRE. ) );
#1452 = MECHANICAL_DESIGN_GEOMETRIC_PRESENTATION_REPRESENTATION (  '', ( #420 ), #1599 ) ;
#1453 = FACE_OUTER_BOUND ( 'NONE', #1192, .T. ) ;
#1454 = STYLED_ITEM ( 'NONE', ( #2980 ), #1533 ) ;
#1455 = DIRECTION ( 'NONE',  ( -1.000000000000000000, 0.000000000000000000, 0.000000000000000000 ) ) ;
#1456 = AXIS2_PLACEMENT_3D ( 'NONE', #4090, #925, #2347 ) ;
#1457 = CARTESIAN_POINT ( 'NONE',  ( 0.7526549280338981074, 0.8862800000000000678, -0.4499999999999999556 ) ) ;
#1458 = DIRECTION ( 'NONE',  ( -0.2746459304917039379, 0.000000000000000000, 0.9615454294334438989 ) ) ;
#1459 = STYLED_ITEM ( 'NONE', ( #1218 ), #1739 ) ;
#1460 = SURFACE_SIDE_STYLE ('',( #4273 ) ) ;
#1461 = VERTEX_POINT ( 'NONE', #715 ) ;
#1462 = STYLED_ITEM ( 'NONE', ( #3768 ), #1959 ) ;
#1463 = ORIENTED_EDGE ( 'NONE', *, *, #2633, .F. ) ;
#1464 = ADVANCED_FACE ( 'NONE', ( #3881 ), #72, .T. ) ;
#1465 = CARTESIAN_POINT ( 'NONE',  ( 1.300066540021254324, 0.8706661024294584106, -0.8795614527106603298 ) ) ;
#1466 = ADVANCED_FACE ( 'NONE', ( #2183 ), #2205, .F. ) ;
#1467 = PRESENTATION_LAYER_ASSIGNMENT (  '', '', ( #2138 ) ) ;
#1468 = ORIENTED_EDGE ( 'NONE', *, *, #3866, .F. ) ;
#1469 = ORIENTED_EDGE ( 'NONE', *, *, #2573, .T. ) ;
#1470 =( LENGTH_UNIT ( ) NAMED_UNIT ( * ) SI_UNIT ( .MILLI., .METRE. ) );
#1471 =( GEOMETRIC_REPRESENTATION_CONTEXT ( 3 ) GLOBAL_UNCERTAINTY_ASSIGNED_CONTEXT ( ( #2243 ) ) GLOBAL_UNIT_ASSIGNED_CONTEXT ( ( #3835, #2382, #3069 ) ) REPRESENTATION_CONTEXT ( 'NONE', 'WORKASPACE' ) );
#1472 = EDGE_CURVE ( 'NONE', #3363, #1089, #2797, .T. ) ;
#1473 = CIRCLE ( 'NONE', #1026, 0.01872000000000000053 ) ;
#1474 =( NAMED_UNIT ( * ) PLANE_ANGLE_UNIT ( ) SI_UNIT ( $, .RADIAN. ) );
#1475 = CARTESIAN_POINT ( 'NONE',  ( 0.3995948271562043130, 0.02556030012807145382, -0.02284562198430410002 ) ) ;
#1476 = ORIENTED_EDGE ( 'NONE', *, *, #1929, .F. ) ;
#1477 = DIRECTION ( 'NONE',  ( -0.4443210308329503810, 0.000000000000000000, 0.8958676361826809487 ) ) ;
#1478 = DIRECTION ( 'NONE',  ( 0.2755265765475200523, 0.000000000000000000, -0.9612934544747527843 ) ) ;
#1480 = ADVANCED_FACE ( 'NONE', ( #3197 ), #1081, .T. ) ;
#1479 = DIRECTION ( 'NONE',  ( -0.9999960426590096541, 0.000000000000000000, -0.002813301676023789288 ) ) ;
#1481 = SURFACE_SIDE_STYLE ('',( #3520 ) ) ;
#1482 = PRESENTATION_LAYER_ASSIGNMENT (  '', '', ( #3483 ) ) ;
#1483 = SURFACE_STYLE_USAGE ( .BOTH. , #687 ) ;
#1484 = DIRECTION ( 'NONE',  ( 1.000000000000000000, 0.000000000000000000, -0.000000000000000000 ) ) ;
#1485 = UNCERTAINTY_MEASURE_WITH_UNIT (LENGTH_MEASURE( 1.000000000000000082E-05 ), #4515, 'distance_accuracy_value', 'NONE');
#1486 = CARTESIAN_POINT ( 'NONE',  ( 0.9475055120409731080, 0.8862800000000000678, -0.4722563433655573295 ) ) ;
#1487 = AXIS2_PLACEMENT_3D ( 'NONE', #3604, #3214, #1787 ) ;
#1488 = PRESENTATION_STYLE_ASSIGNMENT (( #3222 ) ) ;
#1489 = ORIENTED_EDGE ( 'NONE', *, *, #2884, .F. ) ;
#1490 = VECTOR ( 'NONE', #475, 1000.000000000000227 ) ;
#1491 = ORIENTED_EDGE ( 'NONE', *, *, #1674, .F. ) ;
#1492 = ORIENTED_EDGE ( 'NONE', *, *, #4194, .T. ) ;
#1493 = ORIENTED_EDGE ( 'NONE', *, *, #1813, .F. ) ;
#1494 = CARTESIAN_POINT ( 'NONE',  ( 1.300005149948295635, 0.8674151316511043985, -0.01925491251665631051 ) ) ;
#1495 = DIRECTION ( 'NONE',  ( 0.000000000000000000, -1.000000000000000000, 0.000000000000000000 ) ) ;
#1496 = EDGE_CURVE ( 'NONE', #679, #1923, #2818, .T. ) ;
#1497 = FILL_AREA_STYLE_COLOUR ( '', #99 ) ;
#1498 = DIRECTION ( 'NONE',  ( 0.000000000000000000, 1.000000000000000000, 0.000000000000000000 ) ) ;
#1499 = ORIENTED_EDGE ( 'NONE', *, *, #3450, .T. ) ;
#1500 = FACE_OUTER_BOUND ( 'NONE', #3776, .T. ) ;
#1501 = CARTESIAN_POINT ( 'NONE',  ( 0.3999999999999999667, 0.8812800000000000633, -0.8625600000000001044 ) ) ;
#1502 = FILL_AREA_STYLE_COLOUR ( '', #1083 ) ;
#1503 = FACE_OUTER_BOUND ( 'NONE', #3060, .T. ) ;
#1504 = LINE ( 'NONE', #674, #518 ) ;
#1505 = DIRECTION ( 'NONE',  ( -0.9237839814038711905, 0.000000000000000000, 0.3829140317376895086 ) ) ;
#1506 = DIRECTION ( 'NONE',  ( 1.000000000000000000, 0.000000000000000000, 0.000000000000000000 ) ) ;
#1507 = SURFACE_STYLE_USAGE ( .BOTH. , #1460 ) ;
#1508 = ORIENTED_EDGE ( 'NONE', *, *, #2626, .T. ) ;
#1509 = ORIENTED_EDGE ( 'NONE', *, *, #2240, .T. ) ;
#1510 = ORIENTED_EDGE ( 'NONE', *, *, #4246, .T. ) ;
#1511 = ORIENTED_EDGE ( 'NONE', *, *, #2014, .T. ) ;
#1512 = DIRECTION ( 'NONE',  ( -0.2759782365590801589, 0.000000000000000000, 0.9611638845408936316 ) ) ;
#1513 =( LENGTH_UNIT ( ) NAMED_UNIT ( * ) SI_UNIT ( .MILLI., .METRE. ) );
#1514 = LINE ( 'NONE', #39, #2393 ) ;
#1515 =( LENGTH_UNIT ( ) NAMED_UNIT ( * ) SI_UNIT ( .MILLI., .METRE. ) );
#1516 = ORIENTED_EDGE ( 'NONE', *, *, #1243, .F. ) ;
#1517 = DIRECTION ( 'NONE',  ( 0.000000000000000000, -1.000000000000000000, 0.000000000000000000 ) ) ;
#1518 = ADVANCED_FACE ( 'NONE', ( #1453 ), #1108, .T. ) ;
#1519 = EDGE_CURVE ( 'NONE', #4087, #3687, #1547, .T. ) ;
#1520 = SHAPE_DEFINITION_REPRESENTATION ( #3696, #3289 ) ;
#1521 = VECTOR ( 'NONE', #3031, 1000.000000000000114 ) ;
#1522 = VECTOR ( 'NONE', #4004, 1000.000000000000000 ) ;
#1523 = AXIS2_PLACEMENT_3D ( 'NONE', #1155, #441, #4312 ) ;
#1524 = SURFACE_STYLE_USAGE ( .BOTH. , #567 ) ;
#1525 = CARTESIAN_POINT ( 'NONE',  ( 0.6362463785686596207, 0.8862800000000000678, -0.5669619174648817816 ) ) ;
#1526 =( GEOMETRIC_REPRESENTATION_CONTEXT ( 3 ) GLOBAL_UNCERTAINTY_ASSIGNED_CONTEXT ( ( #416 ) ) GLOBAL_UNIT_ASSIGNED_CONTEXT ( ( #2749, #1688, #2037 ) ) REPRESENTATION_CONTEXT ( 'NONE', 'WORKASPACE' ) );
#1527 = EDGE_CURVE ( 'NONE', #4473, #1086, #1987, .T. ) ;
#1528 = LINE ( 'NONE', #4333, #3736 ) ;
#1529 = VERTEX_POINT ( 'NONE', #157 ) ;
#1530 = ORIENTED_EDGE ( 'NONE', *, *, #3203, .T. ) ;
#1531 = MECHANICAL_DESIGN_GEOMETRIC_PRESENTATION_REPRESENTATION (  '', ( #4181 ), #3672 ) ;
#1532 = PLANE ( 'NONE',  #4461 ) ;
#1533 = ADVANCED_FACE ( 'NONE', ( #1152 ), #4329, .T. ) ;
#1534 = AXIS2_PLACEMENT_3D ( 'NONE', #1672, #2803, #998 ) ;
#1535 = VERTEX_POINT ( 'NONE', #507 ) ;
#1536 = VERTEX_POINT ( 'NONE', #2226 ) ;
#1537 = CARTESIAN_POINT ( 'NONE',  ( 0.01872000000000006298, 0.000000000000000000, 0.000000000000000000 ) ) ;
#1538 = FILL_AREA_STYLE ('',( #2970 ) ) ;
#1539 = B_SPLINE_CURVE_WITH_KNOTS ( 'NONE', 3,
 ( #2091, #2389, #645, #2439, #3819, #3106, #946, #1042, #4499, #4106 ),
 .UNSPECIFIED., .F., .F.,
 ( 4, 3, 3, 4 ),
 ( 0.000000000000000000, 6.229656479333814876E-06, 1.247217766221251746E-05, 1.466750761377698263E-05 ),
 .UNSPECIFIED. ) ;
#1540 = AXIS2_PLACEMENT_3D ( 'NONE', #1911, #2934, #3357 ) ;
#1541 = DIRECTION ( 'NONE',  ( 0.000000000000000000, 0.000000000000000000, 1.000000000000000000 ) ) ;
#1542 = AXIS2_PLACEMENT_3D ( 'NONE', #3455, #229, #3102 ) ;
#1543 = ORIENTED_EDGE ( 'NONE', *, *, #4538, .T. ) ;
#1544 = LINE ( 'NONE', #3716, #3473 ) ;
#1545 = CARTESIAN_POINT ( 'NONE',  ( 0.3998428459100326071, 0.8785291637090597572, -0.8725433106072190137 ) ) ;
#1546 = AXIS2_PLACEMENT_3D ( 'NONE', #3064, #3830, #3399 ) ;
#1547 = LINE ( 'NONE', #2954, #2783 ) ;
#1548 = CARTESIAN_POINT ( 'NONE',  ( 0.5539526353892351151, 0.8862800000000000678, -0.4500000000000000111 ) ) ;
#1549 = AXIS2_PLACEMENT_3D ( 'NONE', #3514, #862, #1512 ) ;
#1550 = SURFACE_SIDE_STYLE ('',( #4377 ) ) ;
#1551 = DIRECTION ( 'NONE',  ( 1.000000000000000000, 0.000000000000000000, 1.539402763017534586E-15 ) ) ;
#1552 = CARTESIAN_POINT ( 'NONE',  ( 0.3812799999999998968, 0.8812800000000000633, -0.9000000000000000222 ) ) ;
#1553 =( GEOMETRIC_REPRESENTATION_CONTEXT ( 3 ) GLOBAL_UNCERTAINTY_ASSIGNED_CONTEXT ( ( #1783 ) ) GLOBAL_UNIT_ASSIGNED_CONTEXT ( ( #697, #3135, #2099 ) ) REPRESENTATION_CONTEXT ( 'NONE', 'WORKASPACE' ) );
#1554 =( GEOMETRIC_REPRESENTATION_CONTEXT ( 3 ) GLOBAL_UNCERTAINTY_ASSIGNED_CONTEXT ( ( #1076 ) ) GLOBAL_UNIT_ASSIGNED_CONTEXT ( ( #4089, #619, #3086 ) ) REPRESENTATION_CONTEXT ( 'NONE', 'WORKASPACE' ) );
#1555 = ADVANCED_FACE ( 'NONE', ( #2298 ), #3699, .F. ) ;
#1556 = FILL_AREA_STYLE ('',( #140 ) ) ;
#1557 = ORIENTED_EDGE ( 'NONE', *, *, #4527, .T. ) ;
#1558 = LINE ( 'NONE', #549, #2199 ) ;
#1559 = SURFACE_SIDE_STYLE ('',( #3057 ) ) ;
#1560 = MECHANICAL_DESIGN_GEOMETRIC_PRESENTATION_REPRESENTATION (  '', ( #2664 ), #1407 ) ;
#1561 = EDGE_LOOP ( 'NONE', ( #2852, #54, #617 ) ) ;
#1562 = EDGE_LOOP ( 'NONE', ( #2661, #1491, #3821, #2689 ) ) ;
#1563 = CYLINDRICAL_SURFACE ( 'NONE', #3838, 0.01872000000000000053 ) ;
#1564 = CIRCLE ( 'NONE', #3629, 0.01871999999999995543 ) ;
#1565 = DIRECTION ( 'NONE',  ( 2.895839135912144772E-15, 1.000000000000000000, 0.000000000000000000 ) ) ;
#1566 = EDGE_LOOP ( 'NONE', ( #2032, #2644, #2332, #3347 ) ) ;
#1567 = LINE ( 'NONE', #481, #577 ) ;
#1568 =( NAMED_UNIT ( * ) SI_UNIT ( $, .STERADIAN. ) SOLID_ANGLE_UNIT ( ) );
#1569 = SURFACE_SIDE_STYLE ('',( #1250 ) ) ;
#1570 = DIRECTION ( 'NONE',  ( 0.000000000000000000, 0.000000000000000000, -1.000000000000000000 ) ) ;
#1571 = DIRECTION ( 'NONE',  ( 0.000000000000000000, -1.000000000000000000, 0.000000000000000000 ) ) ;
#1572 = DIRECTION ( 'NONE',  ( -1.000000000000000000, 0.000000000000000000, 0.000000000000000000 ) ) ;
#1573 =( LENGTH_UNIT ( ) NAMED_UNIT ( * ) SI_UNIT ( .MILLI., .METRE. ) );
#1574 = MECHANICAL_DESIGN_GEOMETRIC_PRESENTATION_REPRESENTATION (  '', ( #1133 ), #4442 ) ;
#1575 =( LENGTH_UNIT ( ) NAMED_UNIT ( * ) SI_UNIT ( .MILLI., .METRE. ) );
#1576 = ORIENTED_EDGE ( 'NONE', *, *, #1963, .T. ) ;
#1577 = ORIENTED_EDGE ( 'NONE', *, *, #2443, .T. ) ;
#1578 = CARTESIAN_POINT ( 'NONE',  ( 0.5632162132868542281, 0.8862800000000000678, -0.5135071467863040473 ) ) ;
#1579 = EDGE_CURVE ( 'NONE', #307, #4295, #2722, .T. ) ;
#1580 = EDGE_LOOP ( 'NONE', ( #1231, #4050, #3085, #2236 ) ) ;
#1581 = EDGE_LOOP ( 'NONE', ( #1818, #11, #4450, #792 ) ) ;
#1582 = CARTESIAN_POINT ( 'NONE',  ( 0.7285933819114652765, 0.8862800000000000678, -0.4499999999999999556 ) ) ;
#1583 = FACE_OUTER_BOUND ( 'NONE', #493, .T. ) ;
#1584 = FILL_AREA_STYLE ('',( #3757 ) ) ;
#1585 = EDGE_CURVE ( 'NONE', #877, #3224, #997, .T. ) ;
#1586 =( NAMED_UNIT ( * ) PLANE_ANGLE_UNIT ( ) SI_UNIT ( $, .RADIAN. ) );
#1587 = UNCERTAINTY_MEASURE_WITH_UNIT (LENGTH_MEASURE( 1.000000000000000082E-05 ), #2013, 'distance_accuracy_value', 'NONE');
#1588 = ORIENTED_EDGE ( 'NONE', *, *, #2484, .T. ) ;
#1589 = DIRECTION ( 'NONE',  ( 1.539402763017534981E-15, 0.000000000000000000, -1.000000000000000000 ) ) ;
#1590 = CARTESIAN_POINT ( 'NONE',  ( 0.3998428459100324961, 0.02745668939278090789, -0.8785291637090597572 ) ) ;
#1591 = CARTESIAN_POINT ( 'NONE',  ( 0.4000004629087321462, 0.8812030593801267742, -0.03548319327955698488 ) ) ;
#1592 = PRESENTATION_LAYER_ASSIGNMENT (  '', '', ( #46 ) ) ;
#1593 = PRESENTATION_LAYER_ASSIGNMENT (  '', '', ( #1003 ) ) ;
#1594 = DIRECTION ( 'NONE',  ( 0.2763173343569957363, 0.000000000000000000, -0.9610664548998910650 ) ) ;
#1595 = ORIENTED_EDGE ( 'NONE', *, *, #634, .F. ) ;
#1596 = VECTOR ( 'NONE', #2207, 1000.000000000000000 ) ;
#1597 = FACE_OUTER_BOUND ( 'NONE', #4006, .T. ) ;
#1598 = DIRECTION ( 'NONE',  ( 1.000000000000000000, 0.000000000000000000, 0.000000000000000000 ) ) ;
#1599 =( GEOMETRIC_REPRESENTATION_CONTEXT ( 3 ) GLOBAL_UNCERTAINTY_ASSIGNED_CONTEXT ( ( #1016 ) ) GLOBAL_UNIT_ASSIGNED_CONTEXT ( ( #1079, #2501, #827 ) ) REPRESENTATION_CONTEXT ( 'NONE', 'WORKASPACE' ) );
#1600 = EDGE_LOOP ( 'NONE', ( #4045, #4317, #2394, #948 ) ) ;
#1601 = AXIS2_PLACEMENT_3D ( 'NONE', #1388, #2477, #3542 ) ;
#1602 = EDGE_CURVE ( 'NONE', #2244, #2916, #3375, .T. ) ;
#1603 = ADVANCED_FACE ( 'NONE', ( #4098 ), #606, .T. ) ;
#1604 = ORIENTED_EDGE ( 'NONE', *, *, #3791, .F. ) ;
#1605 = PRESENTATION_STYLE_ASSIGNMENT (( #4460 ) ) ;
#1606 = MECHANICAL_DESIGN_GEOMETRIC_PRESENTATION_REPRESENTATION (  '', ( #935 ), #3162 ) ;
#1607 = CARTESIAN_POINT ( 'NONE',  ( 0.6422598091066761272, 0.8812800000000000633, -0.4722520757470474173 ) ) ;
#1608 = EDGE_CURVE ( 'NONE', #768, #379, #3123, .T. ) ;
#1609 = VERTEX_POINT ( 'NONE', #4512 ) ;
#1610 = DIRECTION ( 'NONE',  ( 0.2755520632520533919, 0.000000000000000000, -0.9612861490927331332 ) ) ;
#1611 = MECHANICAL_DESIGN_GEOMETRIC_PRESENTATION_REPRESENTATION (  '', ( #506 ), #4546 ) ;
#1612 = SURFACE_STYLE_FILL_AREA ( #2246 ) ;
#1613 = VECTOR ( 'NONE', #3475, 1000.000000000000000 ) ;
#1614 = DIRECTION ( 'NONE',  ( 0.000000000000000000, 1.000000000000000000, 0.000000000000000000 ) ) ;
#1615 = ADVANCED_FACE ( 'NONE', ( #4123 ), #4145, .T. ) ;
#1616 = LINE ( 'NONE', #3332, #434 ) ;
#1617 = FILL_AREA_STYLE_COLOUR ( '', #3839 ) ;
#1618 = LINE ( 'NONE', #3288, #714 ) ;
#1619 = CIRCLE ( 'NONE', #3322, 0.01871999999999995543 ) ;
#1620 = LINE ( 'NONE', #4080, #1521 ) ;
#1621 = ORIENTED_EDGE ( 'NONE', *, *, #2106, .T. ) ;
#1622 = ORIENTED_EDGE ( 'NONE', *, *, #4527, .F. ) ;
#1623 = CARTESIAN_POINT ( 'NONE',  ( 0.3812799999999999523, 0.01872000000000000053, -0.01872000000000000053 ) ) ;
#1624 = VECTOR ( 'NONE', #3333, 1000.000000000000000 ) ;
#1625 = ORIENTED_EDGE ( 'NONE', *, *, #3779, .F. ) ;
#1626 = AXIS2_PLACEMENT_3D ( 'NONE', #3627, #3373, #3671 ) ;
#1627 = VERTEX_POINT ( 'NONE', #1684 ) ;
#1628 = CARTESIAN_POINT ( 'NONE',  ( 1.318720000000000114, 0.01872000000000000053, -0.01872000000000000053 ) ) ;
#1629 = PRESENTATION_STYLE_ASSIGNMENT (( #3304 ) ) ;
#1630 = CARTESIAN_POINT ( 'NONE',  ( 0.3991790373499896627, 0.8757970389438121117, -0.8757970389438123338 ) ) ;
#1631 =( LENGTH_UNIT ( ) NAMED_UNIT ( * ) SI_UNIT ( .MILLI., .METRE. ) );
#1632 =( GEOMETRIC_REPRESENTATION_CONTEXT ( 3 ) GLOBAL_UNCERTAINTY_ASSIGNED_CONTEXT ( ( #1922 ) ) GLOBAL_UNIT_ASSIGNED_CONTEXT ( ( #2922, #4370, #820 ) ) REPRESENTATION_CONTEXT ( 'NONE', 'WORKASPACE' ) );
#1633 = FILL_AREA_STYLE_COLOUR ( '', #1055 ) ;
#1634 = EDGE_LOOP ( 'NONE', ( #4224, #3613, #1324 ) ) ;
#1635 = CYLINDRICAL_SURFACE ( 'NONE', #2802, 0.01871999999999995543 ) ;
#1636 = CIRCLE ( 'NONE', #4429, 0.01872000000000000053 ) ;
#1637 = DIRECTION ( 'NONE',  ( 0.2745159998572620497, 0.000000000000000000, -0.9615825319869156784 ) ) ;
#1638 = EDGE_CURVE ( 'NONE', #3224, #983, #870, .T. ) ;
#1639 = FILL_AREA_STYLE ('',( #4491 ) ) ;
#1640 = CARTESIAN_POINT ( 'NONE',  ( 0.01872000000000006298, 0.01872000000000000053, -0.01872000000000000053 ) ) ;
#1641 = DIRECTION ( 'NONE',  ( 1.000000000000000000, -0.000000000000000000, -0.000000000000000000 ) ) ;
#1642 = FACE_OUTER_BOUND ( 'NONE', #2757, .T. ) ;
#1643 = DIRECTION ( 'NONE',  ( 1.000000000000000000, 0.000000000000000000, 0.000000000000000000 ) ) ;
#1644 = LINE ( 'NONE', #3411, #574 ) ;
#1645 = ORIENTED_EDGE ( 'NONE', *, *, #3559, .T. ) ;
#1646 = DIRECTION ( 'NONE',  ( 0.2762033010289141055, 0.000000000000000000, -0.9610992334305189511 ) ) ;
#1647 = DIRECTION ( 'NONE',  ( 0.000000000000000000, -1.000000000000000000, 0.000000000000000000 ) ) ;
#1648 = VERTEX_POINT ( 'NONE', #319 ) ;
#1649 = AXIS2_PLACEMENT_3D ( 'NONE', #338, #986, #3534 ) ;
#1650 = EDGE_LOOP ( 'NONE', ( #3601, #2683, #82, #1808 ) ) ;
#1651 = DIRECTION ( 'NONE',  ( 0.000000000000000000, 0.000000000000000000, 1.000000000000000000 ) ) ;
#1652 = CARTESIAN_POINT ( 'NONE',  ( 0.3991790373499896627, 0.02420296105618771620, -0.02420296105618785151 ) ) ;
#1653 = ORIENTED_EDGE ( 'NONE', *, *, #280, .T. ) ;
#1654 = DIRECTION ( 'NONE',  ( 0.9999999968487351953, 0.000000000000000000, 7.938847109670266970E-05 ) ) ;
#1655 = LINE ( 'NONE', #3066, #1786 ) ;
#1656 = CARTESIAN_POINT ( 'NONE',  ( 0.3997243196281317634, 0.02242289591205596719, -0.8775771040879440932 ) ) ;
#1657 = DIRECTION ( 'NONE',  ( 0.000000000000000000, -1.000000000000000000, 0.000000000000000000 ) ) ;
#1658 = EDGE_CURVE ( 'NONE', #3326, #3781, #1014, .T. ) ;
#1659 = SPHERICAL_SURFACE ( 'NONE', #215, 0.01872000000000000053 ) ;
#1660 = EDGE_CURVE ( 'NONE', #3624, #969, #2859, .T. ) ;
#1661 = CARTESIAN_POINT ( 'NONE',  ( 1.318720000000000114, 0.01872000000000000053, -0.8812800000000000633 ) ) ;
#1662 = LINE ( 'NONE', #1994, #3067 ) ;
#1663 = SURFACE_STYLE_USAGE ( .BOTH. , #4176 ) ;
#1664 = LINE ( 'NONE', #1300, #2721 ) ;
#1665 = EDGE_LOOP ( 'NONE', ( #4296, #1868, #1675, #2004 ) ) ;
#1666 =( GEOMETRIC_REPRESENTATION_CONTEXT ( 3 ) GLOBAL_UNCERTAINTY_ASSIGNED_CONTEXT ( ( #1168 ) ) GLOBAL_UNIT_ASSIGNED_CONTEXT ( ( #1932, #161, #1229 ) ) REPRESENTATION_CONTEXT ( 'NONE', 'WORKASPACE' ) );
#1667 = ADVANCED_FACE ( 'NONE', ( #752 ), #2085, .T. ) ;
#1668 = CARTESIAN_POINT ( 'NONE',  ( 0.7343201708139308614, 0.8812800000000000633, -0.5669619174648817816 ) ) ;
#1669 = VECTOR ( 'NONE', #1598, 1000.000000000000000 ) ;
#1670 = FILL_AREA_STYLE_COLOUR ( '', #2536 ) ;
#1671 = VECTOR ( 'NONE', #2023, 1000.000000000000114 ) ;
#1672 = CARTESIAN_POINT ( 'NONE',  ( 0.01872000000000000053, 0.01872000000000000053, -0.01872000000000000053 ) ) ;
#1673 = ORIENTED_EDGE ( 'NONE', *, *, #1329, .F. ) ;
#1674 = EDGE_CURVE ( 'NONE', #2148, #949, #1424, .T. ) ;
#1675 = ORIENTED_EDGE ( 'NONE', *, *, #702, .F. ) ;
#1676 = PRESENTATION_STYLE_ASSIGNMENT (( #3155 ) ) ;
#1677 = COLOUR_RGB ( '',0.7686274509803920907, 0.7686274509803920907, 0.7686274509803920907 ) ;
#1678 = DIRECTION ( 'NONE',  ( 0.000000000000000000, 0.000000000000000000, -1.000000000000000000 ) ) ;
#1679 = MECHANICAL_DESIGN_GEOMETRIC_PRESENTATION_REPRESENTATION (  '', ( #4543 ), #3460 ) ;
#1680 = ORIENTED_EDGE ( 'NONE', *, *, #2296, .F. ) ;
#1681 =( NAMED_UNIT ( * ) PLANE_ANGLE_UNIT ( ) SI_UNIT ( $, .RADIAN. ) );
#1682 = DIRECTION ( 'NONE',  ( 1.000000000000000000, 0.000000000000000000, 0.000000000000000000 ) ) ;
#1683 =( LENGTH_UNIT ( ) NAMED_UNIT ( * ) SI_UNIT ( .MILLI., .METRE. ) );
#1684 = CARTESIAN_POINT ( 'NONE',  ( 0.5539526353892351151, 0.8812800000000000633, -0.4500000000000000111 ) ) ;
#1685 = PRESENTATION_LAYER_ASSIGNMENT (  '', '', ( #2576 ) ) ;
#1686 = CARTESIAN_POINT ( 'NONE',  ( 1.008584383724218103, 0.8862800000000000678, -0.4500000000000000111 ) ) ;
#1687 = LINE ( 'NONE', #246, #7 ) ;
#1688 =( NAMED_UNIT ( * ) PLANE_ANGLE_UNIT ( ) SI_UNIT ( $, .RADIAN. ) );
#1689 = CARTESIAN_POINT ( 'NONE',  ( 0.9668435154103485196, 0.8812800000000000633, -0.5445441158540770266 ) ) ;
#1690 = PLANE ( 'NONE',  #1383 ) ;
#1691 = DIRECTION ( 'NONE',  ( 1.000000000000000000, 0.000000000000000000, -0.000000000000000000 ) ) ;
#1692 = ORIENTED_EDGE ( 'NONE', *, *, #611, .T. ) ;
#1693 = VECTOR ( 'NONE', #3631, 1000.000000000000114 ) ;
#1694 = CARTESIAN_POINT ( 'NONE',  ( 0.5895403086485699884, 0.8862800000000000678, -0.4500000000000000111 ) ) ;
#1695 = CARTESIAN_POINT ( 'NONE',  ( 1.681280000000000108, 0.8812800000000000633, -0.01872000000000000053 ) ) ;
#1696 = VECTOR ( 'NONE', #1200, 1000.000000000000000 ) ;
#1697 = EDGE_CURVE ( 'NONE', #4252, #2258, #1936, .T. ) ;
#1698 = FILL_AREA_STYLE ('',( #3798 ) ) ;
#1699 = ORIENTED_EDGE ( 'NONE', *, *, #894, .F. ) ;
#1700 = ORIENTED_EDGE ( 'NONE', *, *, #3058, .F. ) ;
#1701 = DIRECTION ( 'NONE',  ( -0.000000000000000000, -1.000000000000000000, -0.000000000000000000 ) ) ;
#1702 = CIRCLE ( 'NONE', #2070, 0.01872000000000001094 ) ;
#1703 = SURFACE_SIDE_STYLE ('',( #4160 ) ) ;
#1704 =( NAMED_UNIT ( * ) SI_UNIT ( $, .STERADIAN. ) SOLID_ANGLE_UNIT ( ) );
#1705 =( NAMED_UNIT ( * ) PLANE_ANGLE_UNIT ( ) SI_UNIT ( $, .RADIAN. ) );
#1706 = VERTEX_POINT ( 'NONE', #388 ) ;
#1707 = SURFACE_SIDE_STYLE ('',( #958 ) ) ;
#1708 = PLANE ( 'NONE',  #1347 ) ;
#1709 = PRESENTATION_LAYER_ASSIGNMENT (  '', '', ( #1035 ) ) ;
#1710 = DIRECTION ( 'NONE',  ( -1.000000000000000000, 0.000000000000000000, 0.000000000000000000 ) ) ;
#1711 = FACE_OUTER_BOUND ( 'NONE', #3873, .T. ) ;
#1712 =( NAMED_UNIT ( * ) SI_UNIT ( $, .STERADIAN. ) SOLID_ANGLE_UNIT ( ) );
#1713 = DIRECTION ( 'NONE',  ( 0.2793947940878428460, 0.000000000000000000, -0.9601763114327555027 ) ) ;
#1714 = SURFACE_STYLE_USAGE ( .BOTH. , #2640 ) ;
#1715 = UNCERTAINTY_MEASURE_WITH_UNIT (LENGTH_MEASURE( 1.000000000000000082E-05 ), #3924, 'distance_accuracy_value', 'NONE');
#1716 = CARTESIAN_POINT ( 'NONE',  ( 0.5439159073110521048, 0.8862800000000000678, -0.5669619174648817816 ) ) ;
#1717 = CARTESIAN_POINT ( 'NONE',  ( 0.3999999999999999667, 0.000000000000000000, -0.8812800000000000633 ) ) ;
#1718 = MANIFOLD_SOLID_BREP ( 'Scale1[2]', #705 ) ;
#1719 = LINE ( 'NONE', #4520, #4039 ) ;
#1720 = ORIENTED_EDGE ( 'NONE', *, *, #1386, .F. ) ;
#1721 = ORIENTED_EDGE ( 'NONE', *, *, #2831, .T. ) ;
#1722 = SURFACE_SIDE_STYLE ('',( #2465 ) ) ;
#1723 = VECTOR ( 'NONE', #3129, 1000.000000000000000 ) ;
#1724 = SURFACE_STYLE_USAGE ( .BOTH. , #3490 ) ;
#1725 = EDGE_CURVE ( 'NONE', #1164, #2968, #2283, .T. ) ;
#1726 = FILL_AREA_STYLE ('',( #4139 ) ) ;
#1727 = CIRCLE ( 'NONE', #4513, 0.01872000000000000053 ) ;
#1728 = ORIENTED_EDGE ( 'NONE', *, *, #985, .F. ) ;
#1729 = CARTESIAN_POINT ( 'NONE',  ( 0.7163307349886367525, 0.8862800000000000678, -0.5446988170361243276 ) ) ;
#1730 = EDGE_CURVE ( 'NONE', #787, #1648, #3535, .T. ) ;
#1731 = STYLED_ITEM ( 'NONE', ( #218 ), #1410 ) ;
#1732 = CARTESIAN_POINT ( 'NONE',  ( 0.3812799999999998968, 0.000000000000000000, 0.000000000000000000 ) ) ;
#1733 = DIRECTION ( 'NONE',  ( -0.3829140317376895641, 0.000000000000000000, -0.9237839814038710795 ) ) ;
#1734 = CARTESIAN_POINT ( 'NONE',  ( 1.318720000000000114, 0.01872000000000000053, -0.8812800000000000633 ) ) ;
#1735 = CARTESIAN_POINT ( 'NONE',  ( 0.7069128115438990667, 0.8862800000000000678, -0.5229439188807396555 ) ) ;
#1736 = CARTESIAN_POINT ( 'NONE',  ( 0.7796320926051598654, 0.8862800000000000678, -0.4834028208517092695 ) ) ;
#1737 = DIRECTION ( 'NONE',  ( 0.000000000000000000, 0.000000000000000000, -1.000000000000000000 ) ) ;
#1738 = CARTESIAN_POINT ( 'NONE',  ( 1.300000000000000044, 0.03743999999999993861, -0.8812800000000000633 ) ) ;
#1739 = MANIFOLD_SOLID_BREP ( 'Scale1[3]', #4241 ) ;
#1740 = SURFACE_SIDE_STYLE ('',( #3461 ) ) ;
#1741 = ORIENTED_EDGE ( 'NONE', *, *, #2971, .T. ) ;
#1742 = VERTEX_POINT ( 'NONE', #433 ) ;
#1743 = FACE_OUTER_BOUND ( 'NONE', #480, .T. ) ;
#1744 = LINE ( 'NONE', #1068, #3190 ) ;
#1745 = COLOUR_RGB ( '',0.7686274509803920907, 0.7686274509803920907, 0.7686274509803920907 ) ;
#1746 = EDGE_CURVE ( 'NONE', #3229, #2375, #364, .T. ) ;
#1747 = EDGE_CURVE ( 'NONE', #2129, #2244, #578, .T. ) ;
#1748 = ORIENTED_EDGE ( 'NONE', *, *, #2460, .F. ) ;
#1749 = VECTOR ( 'NONE', #1646, 1000.000000000000114 ) ;
#1750 = VECTOR ( 'NONE', #3215, 1000.000000000000000 ) ;
#1751 = ADVANCED_FACE ( 'NONE', ( #3646 ), #2265, .T. ) ;
#1752 = FILL_AREA_STYLE ('',( #1381 ) ) ;
#1753 = CARTESIAN_POINT ( 'NONE',  ( 1.700000000000000178, 0.000000000000000000, -0.01872000000000000053 ) ) ;
#1754 = LINE ( 'NONE', #1833, #1173 ) ;
#1755 = CARTESIAN_POINT ( 'NONE',  ( 0.8864643377511690625, 0.8812800000000000633, -0.5669619174648817816 ) ) ;
#1756 = FACE_OUTER_BOUND ( 'NONE', #3853, .T. ) ;
#1757 = MANIFOLD_SOLID_BREP ( 'Fillet3', #263 ) ;
#1758 = MECHANICAL_DESIGN_GEOMETRIC_PRESENTATION_REPRESENTATION (  '', ( #865 ), #2504 ) ;
#1759 = EDGE_CURVE ( 'NONE', #4186, #768, #2974, .T. ) ;
#1760 =( NAMED_UNIT ( * ) PLANE_ANGLE_UNIT ( ) SI_UNIT ( $, .RADIAN. ) );
#1761 = FILL_AREA_STYLE ('',( #1793 ) ) ;
#1762 = UNCERTAINTY_MEASURE_WITH_UNIT (LENGTH_MEASURE( 1.000000000000000082E-05 ), #1515, 'distance_accuracy_value', 'NONE');
#1763 = DIRECTION ( 'NONE',  ( -1.000000000000000000, 0.000000000000000000, 0.000000000000000000 ) ) ;
#1764 = AXIS2_PLACEMENT_3D ( 'NONE', #3503, #3867, #1332 ) ;
#1765 = DIRECTION ( 'NONE',  ( 1.000000000000000000, 0.000000000000000000, -0.000000000000000000 ) ) ;
#1766 = COLOUR_RGB ( '',0.7686274509803920907, 0.7686274509803920907, 0.7686274509803920907 ) ;
#1767 = VERTEX_POINT ( 'NONE', #1856 ) ;
#1768 = ORIENTED_EDGE ( 'NONE', *, *, #2930, .T. ) ;
#1769 = CARTESIAN_POINT ( 'NONE',  ( 0.7343201708139308614, 0.8862800000000000678, -0.5669619174648817816 ) ) ;
#1770 = PRESENTATION_STYLE_ASSIGNMENT (( #3087 ) ) ;
#1771 = CARTESIAN_POINT ( 'NONE',  ( 1.300000000000000044, 0.01871999999999995543, -0.8625600000000001044 ) ) ;
#1772 = VECTOR ( 'NONE', #4374, 1000.000000000000000 ) ;
#1773 = EDGE_LOOP ( 'NONE', ( #1510, #3896, #2285, #3794 ) ) ;
#1774 = VECTOR ( 'NONE', #3571, 1000.000000000000000 ) ;
#1775 = ORIENTED_EDGE ( 'NONE', *, *, #4192, .F. ) ;
#1776 = CARTESIAN_POINT ( 'NONE',  ( 0.7069128115438990667, 0.8862800000000000678, -0.5229439188807396555 ) ) ;
#1777 = CARTESIAN_POINT ( 'NONE',  ( 0.000000000000000000, 0.8812800000000000633, -0.01872000000000000053 ) ) ;
#1778 = STYLED_ITEM ( 'NONE', ( #4391 ), #4167 ) ;
#1779 =( GEOMETRIC_REPRESENTATION_CONTEXT ( 3 ) GLOBAL_UNCERTAINTY_ASSIGNED_CONTEXT ( ( #4259 ) ) GLOBAL_UNIT_ASSIGNED_CONTEXT ( ( #484, #3451, #321 ) ) REPRESENTATION_CONTEXT ( 'NONE', 'WORKASPACE' ) );
#1780 =( BOUNDED_CURVE ( )  B_SPLINE_CURVE ( 3, ( #2334, #604, #2034, #221 ),
 .UNSPECIFIED., .F., .T. ) 
 B_SPLINE_CURVE_WITH_KNOTS ( ( 4, 4 ),
 ( 1.570796326794896558, 1.868047688116101224 ),
 .UNSPECIFIED. ) 
 CURVE ( )  GEOMETRIC_REPRESENTATION_ITEM ( )  RATIONAL_B_SPLINE_CURVE ( ( 1.000000000000000000, 0.9926503465430338569, 0.9926503465430338569, 1.000000000000000000 ) ) 
 REPRESENTATION_ITEM ( '' )  );
#1781 =( NAMED_UNIT ( * ) SI_UNIT ( $, .STERADIAN. ) SOLID_ANGLE_UNIT ( ) );
#1782 = FILL_AREA_STYLE_COLOUR ( '', #3901 ) ;
#1783 = UNCERTAINTY_MEASURE_WITH_UNIT (LENGTH_MEASURE( 1.000000000000000082E-05 ), #697, 'distance_accuracy_value', 'NONE');
#1784 = EDGE_LOOP ( 'NONE', ( #204, #846, #3752, #1621 ) ) ;
#1785 = DIRECTION ( 'NONE',  ( -0.000000000000000000, 0.000000000000000000, 1.000000000000000000 ) ) ;
#1786 = VECTOR ( 'NONE', #2720, 1000.000000000000114 ) ;
#1787 = DIRECTION ( 'NONE',  ( -1.000000000000000000, 0.000000000000000000, -0.000000000000000000 ) ) ;
#1788 = CARTESIAN_POINT ( 'NONE',  ( 0.8387459579295705181, 0.8862800000000000678, -0.4499999999999999556 ) ) ;
#1789 = ADVANCED_FACE ( 'NONE', ( #3130 ), #3485, .T. ) ;
#1790 =( NAMED_UNIT ( * ) SI_UNIT ( $, .STERADIAN. ) SOLID_ANGLE_UNIT ( ) );
#1791 = VECTOR ( 'NONE', #1443, 1000.000000000000000 ) ;
#1792 = DIRECTION ( 'NONE',  ( 0.05375259206908433729, 0.000000000000000000, -0.9985542843760946141 ) ) ;
#1793 = FILL_AREA_STYLE_COLOUR ( '', #944 ) ;
#1794 = PRESENTATION_STYLE_ASSIGNMENT (( #1815 ) ) ;
#1795 = CIRCLE ( 'NONE', #739, 0.01871999999999995543 ) ;
#1796 = PRESENTATION_STYLE_ASSIGNMENT (( #1062 ) ) ;
#1797 = CARTESIAN_POINT ( 'NONE',  ( 0.5539526353892351151, 0.8862800000000000678, -0.4500000000000000111 ) ) ;
#1798 = ORIENTED_EDGE ( 'NONE', *, *, #3075, .T. ) ;
#1799 = ORIENTED_EDGE ( 'NONE', *, *, #2960, .F. ) ;
#1800 = LINE ( 'NONE', #448, #2481 ) ;
#1801 = CARTESIAN_POINT ( 'NONE',  ( 0.5793264743897623692, 0.8862800000000000678, -0.5669619174648817816 ) ) ;
#1802 = VERTEX_POINT ( 'NONE', #646 ) ;
#1803 = CARTESIAN_POINT ( 'NONE',  ( 0.7584916080268581107, 0.8812800000000000633, -0.5541281207976742618 ) ) ;
#1804 = CARTESIAN_POINT ( 'NONE',  ( 1.300820962650010237, 0.02420296105618779947, -0.02420296105618776478 ) ) ;
#1805 = AXIS2_PLACEMENT_3D ( 'NONE', #1695, #5, #3772 ) ;
#1806 = SURFACE_STYLE_FILL_AREA ( #387 ) ;
#1807 = SURFACE_SIDE_STYLE ('',( #40 ) ) ;
#1808 = ORIENTED_EDGE ( 'NONE', *, *, #4335, .T. ) ;
#1809 = LINE ( 'NONE', #755, #3248 ) ;
#1810 = STYLED_ITEM ( 'NONE', ( #3965 ), #1328 ) ;
#1811 = CARTESIAN_POINT ( 'NONE',  ( 1.067734596312455375, 0.8812800000000000633, -0.5443762033604275796 ) ) ;
#1812 = DIRECTION ( 'NONE',  ( -1.000000000000000000, 0.000000000000000000, 0.000000000000000000 ) ) ;
#1813 = EDGE_CURVE ( 'NONE', #4337, #381, #2116, .T. ) ;
#1814 = EDGE_CURVE ( 'NONE', #2838, #3661, #1719, .T. ) ;
#1815 = SURFACE_STYLE_USAGE ( .BOTH. , #3864 ) ;
#1816 = FACE_OUTER_BOUND ( 'NONE', #2233, .T. ) ;
#1817 = ADVANCED_FACE ( 'NONE', ( #1045 ), #328, .T. ) ;
#1818 = ORIENTED_EDGE ( 'NONE', *, *, #3697, .T. ) ;
#1819 = ORIENTED_EDGE ( 'NONE', *, *, #4526, .F. ) ;
#1820 = DIRECTION ( 'NONE',  ( 0.000000000000000000, 0.000000000000000000, 1.000000000000000000 ) ) ;
#1821 = EDGE_CURVE ( 'NONE', #4088, #3386, #432, .T. ) ;
#1822 = ORIENTED_EDGE ( 'NONE', *, *, #515, .F. ) ;
#1823 = ORIENTED_EDGE ( 'NONE', *, *, #2014, .F. ) ;
#1824 = DIRECTION ( 'NONE',  ( 0.000000000000000000, -1.000000000000000000, 0.000000000000000000 ) ) ;
#1825 = AXIS2_PLACEMENT_3D ( 'NONE', #2100, #3512, #3611 ) ;
#1826 = CARTESIAN_POINT ( 'NONE',  ( 1.318720000000000114, 0.01872000000000000053, 0.000000000000000000 ) ) ;
#1827 = VECTOR ( 'NONE', #4382, 1000.000000000000000 ) ;
#1828 = DIRECTION ( 'NONE',  ( -0.05596501978068185723, 0.000000000000000000, 0.9984327301130245802 ) ) ;
#1829 = VECTOR ( 'NONE', #73, 1000.000000000000000 ) ;
#1830 = CARTESIAN_POINT ( 'NONE',  ( 0.01872000000000006298, 0.01872000000000000053, -0.01872000000000000053 ) ) ;
#1831 = UNCERTAINTY_MEASURE_WITH_UNIT (LENGTH_MEASURE( 1.000000000000000082E-05 ), #460, 'distance_accuracy_value', 'NONE');
#1832 = ORIENTED_EDGE ( 'NONE', *, *, #228, .F. ) ;
#1833 = CARTESIAN_POINT ( 'NONE',  ( 0.4769999999999999796, 0.8812800000000000633, -0.4500000000000000111 ) ) ;
#1834 = CARTESIAN_POINT ( 'NONE',  ( 0.5632162132868542281, 0.8862800000000000678, -0.5135071467863040473 ) ) ;
#1835 = SURFACE_STYLE_FILL_AREA ( #3949 ) ;
#1836 = AXIS2_PLACEMENT_3D ( 'NONE', #4150, #990, #2405 ) ;
#1837 = CARTESIAN_POINT ( 'NONE',  ( 1.035711502692017616, 0.8862800000000000678, -0.5443787456248779799 ) ) ;
#1838 = AXIS2_PLACEMENT_3D ( 'NONE', #2505, #1058, #2529 ) ;
#1839 = AXIS2_PLACEMENT_3D ( 'NONE', #1254, #1890, #1506 ) ;
#1840 = CARTESIAN_POINT ( 'NONE',  ( 1.300000000000000044, 0.01871999999999995543, -0.03743999999999991085 ) ) ;
#1841 = LINE ( 'NONE', #1486, #927 ) ;
#1842 = FACE_OUTER_BOUND ( 'NONE', #3486, .T. ) ;
#1843 = VECTOR ( 'NONE', #4232, 1000.000000000000000 ) ;
#1844 =( LENGTH_UNIT ( ) NAMED_UNIT ( * ) SI_UNIT ( .MILLI., .METRE. ) );
#1845 = ORIENTED_EDGE ( 'NONE', *, *, #3934, .F. ) ;
#1846 = COLOUR_RGB ( '',0.7686274509803920907, 0.7686274509803920907, 0.7686274509803920907 ) ;
#1847 = ORIENTED_EDGE ( 'NONE', *, *, #3356, .T. ) ;
#1848 = CARTESIAN_POINT ( 'NONE',  ( 1.300664025858150552, 0.8752847213352401567, -0.8763093565524714412 ) ) ;
#1849 = ADVANCED_FACE ( 'NONE', ( #973 ), #2391, .T. ) ;
#1850 =( GEOMETRIC_REPRESENTATION_CONTEXT ( 3 ) GLOBAL_UNCERTAINTY_ASSIGNED_CONTEXT ( ( #641 ) ) GLOBAL_UNIT_ASSIGNED_CONTEXT ( ( #2361, #3817, #942 ) ) REPRESENTATION_CONTEXT ( 'NONE', 'WORKASPACE' ) );
#1851 = ORIENTED_EDGE ( 'NONE', *, *, #894, .T. ) ;
#1852 = ORIENTED_EDGE ( 'NONE', *, *, #2263, .T. ) ;
#1853 = LINE ( 'NONE', #1582, #4122 ) ;
#1854 = ADVANCED_FACE ( 'NONE', ( #3980 ), #4294, .F. ) ;
#1855 = CIRCLE ( 'NONE', #655, 0.01871999999999995543 ) ;
#1856 = CARTESIAN_POINT ( 'NONE',  ( 1.008584383724218103, 0.8862800000000000678, -0.4500000000000000111 ) ) ;
#1857 = EDGE_LOOP ( 'NONE', ( #130, #4158, #3769, #2483, #1775, #1287 ) ) ;
#1858 = CARTESIAN_POINT ( 'NONE',  ( 0.5793264743897623692, 0.8862800000000000678, -0.5669619174648817816 ) ) ;
#1859 = DIRECTION ( 'NONE',  ( -0.2755520632520533919, 0.000000000000000000, 0.9612861490927331332 ) ) ;
#1860 = AXIS2_PLACEMENT_3D ( 'NONE', #4136, #1701, #3018 ) ;
#1861 = STYLED_ITEM ( 'NONE', ( #4421 ), #3587 ) ;
#1862 = FILL_AREA_STYLE ('',( #3243 ) ) ;
#1863 = LINE ( 'NONE', #762, #3094 ) ;
#1864 = LINE ( 'NONE', #2142, #4343 ) ;
#1865 = FACE_OUTER_BOUND ( 'NONE', #2323, .T. ) ;
#1866 = STYLED_ITEM ( 'NONE', ( #4483 ), #3922 ) ;
#1867 = PRESENTATION_STYLE_ASSIGNMENT (( #1413 ) ) ;
#1868 = ORIENTED_EDGE ( 'NONE', *, *, #915, .F. ) ;
#1869 = ORIENTED_EDGE ( 'NONE', *, *, #3985, .F. ) ;
#1870 = FACE_OUTER_BOUND ( 'NONE', #4253, .T. ) ;
#1871 = ORIENTED_EDGE ( 'NONE', *, *, #3020, .T. ) ;
#1872 = ADVANCED_FACE ( 'NONE', ( #2825 ), #2894, .F. ) ;
#1873 = ADVANCED_FACE ( 'NONE', ( #3887 ), #466, .F. ) ;
#1874 = ORIENTED_EDGE ( 'NONE', *, *, #2038, .F. ) ;
#1875 = CARTESIAN_POINT ( 'NONE',  ( 1.300405172843795532, 0.8744396998719284886, -0.02284562198430399593 ) ) ;
#1876 = CARTESIAN_POINT ( 'NONE',  ( 1.700000000000000178, 0.9000000000000000222, 0.000000000000000000 ) ) ;
#1877 =( NAMED_UNIT ( * ) PLANE_ANGLE_UNIT ( ) SI_UNIT ( $, .RADIAN. ) );
#1878 = ADVANCED_FACE ( 'NONE', ( #3176 ), #8, .T. ) ;
#1879 = ORIENTED_EDGE ( 'NONE', *, *, #304, .F. ) ;
#1880 = LINE ( 'NONE', #176, #2799 ) ;
#1881 =( NAMED_UNIT ( * ) PLANE_ANGLE_UNIT ( ) SI_UNIT ( $, .RADIAN. ) );
#1882 = DIRECTION ( 'NONE',  ( 0.000000000000000000, -1.000000000000000000, 0.000000000000000000 ) ) ;
#1883 = VECTOR ( 'NONE', #2480, 1000.000000000000000 ) ;
#1884 = DIRECTION ( 'NONE',  ( -1.000000000000000000, 0.000000000000000000, 0.000000000000000000 ) ) ;
#1885 = COLOUR_RGB ( '',0.7686274509803920907, 0.7686274509803920907, 0.7686274509803920907 ) ;
#1886 = ADVANCED_FACE ( 'NONE', ( #3010 ), #4040, .F. ) ;
#1887 = CARTESIAN_POINT ( 'NONE',  ( 0.3999999999999999667, 0.03743999999999993861, -0.01871999999999995543 ) ) ;
#1888 =( NAMED_UNIT ( * ) SI_UNIT ( $, .STERADIAN. ) SOLID_ANGLE_UNIT ( ) );
#1889 = CARTESIAN_POINT ( 'NONE',  ( 0.5102586201996844872, 0.8862800000000000678, -0.4499999999999999556 ) ) ;
#1890 = DIRECTION ( 'NONE',  ( 0.000000000000000000, 0.000000000000000000, 1.000000000000000000 ) ) ;
#1891 = ORIENTED_EDGE ( 'NONE', *, *, #1579, .F. ) ;
#1892 = VERTEX_POINT ( 'NONE', #4083 ) ;
#1893 = CARTESIAN_POINT ( 'NONE',  ( 0.5632162132868542281, 0.8812800000000000633, -0.5135071467863040473 ) ) ;
#1894 = ORIENTED_EDGE ( 'NONE', *, *, #1814, .F. ) ;
#1895 = ORIENTED_EDGE ( 'NONE', *, *, #2248, .F. ) ;
#1896 = CARTESIAN_POINT ( 'NONE',  ( 1.300000000000000044, 0.8625599999999998824, -0.01871999999999995543 ) ) ;
#1897 = LINE ( 'NONE', #149, #747 ) ;
#1898 = FILL_AREA_STYLE_COLOUR ( '', #4008 ) ;
#1899 = ORIENTED_EDGE ( 'NONE', *, *, #4166, .T. ) ;
#1900 = VECTOR ( 'NONE', #310, 1000.000000000000000 ) ;
#1901 = CARTESIAN_POINT ( 'NONE',  ( 0.5102586201996844872, 0.8862800000000000678, -0.4499999999999999556 ) ) ;
#1902 = FILL_AREA_STYLE ('',( #1270 ) ) ;
#1903 = CARTESIAN_POINT ( 'NONE',  ( 1.700000000000000178, 0.8812800000000000633, 0.000000000000000000 ) ) ;
#1904 = EDGE_CURVE ( 'NONE', #1529, #728, #1973, .T. ) ;
#1905 = VECTOR ( 'NONE', #3679, 1000.000000000000000 ) ;
#1906 =( LENGTH_UNIT ( ) NAMED_UNIT ( * ) SI_UNIT ( .MILLI., .METRE. ) );
#1907 = PLANE ( 'NONE',  #558 ) ;
#1908 = AXIS2_PLACEMENT_3D ( 'NONE', #23, #3539, #1479 ) ;
#1909 = SURFACE_SIDE_STYLE ('',( #2254 ) ) ;
#1910 = VECTOR ( 'NONE', #1651, 1000.000000000000000 ) ;
#1911 = CARTESIAN_POINT ( 'NONE',  ( 0.7163307349886367525, 0.8862800000000000678, -0.5446988170361243276 ) ) ;
#1912 = ORIENTED_EDGE ( 'NONE', *, *, #3387, .T. ) ;
#1913 = ORIENTED_EDGE ( 'NONE', *, *, #24, .F. ) ;
#1914 = CARTESIAN_POINT ( 'NONE',  ( 0.9752663724021765068, 0.8862800000000000678, -0.4500000000000000111 ) ) ;
#1915 = VERTEX_POINT ( 'NONE', #1956 ) ;
#1916 = ORIENTED_EDGE ( 'NONE', *, *, #4444, .T. ) ;
#1917 = SURFACE_STYLE_USAGE ( .BOTH. , #2288 ) ;
#1918 = MECHANICAL_DESIGN_GEOMETRIC_PRESENTATION_REPRESENTATION (  '', ( #3904 ), #1091 ) ;
#1919 = DIRECTION ( 'NONE',  ( 0.000000000000000000, -1.000000000000000000, 0.000000000000000000 ) ) ;
#1920 = SURFACE_SIDE_STYLE ('',( #3300 ) ) ;
#1921 = VECTOR ( 'NONE', #850, 1000.000000000000227 ) ;
#1922 = UNCERTAINTY_MEASURE_WITH_UNIT (LENGTH_MEASURE( 1.000000000000000082E-05 ), #2922, 'distance_accuracy_value', 'NONE');
#1923 = VERTEX_POINT ( 'NONE', #1279 ) ;
#1924 = CARTESIAN_POINT ( 'NONE',  ( 0.8387459579295705181, 0.8862800000000000678, -0.4499999999999999556 ) ) ;
#1925 = CARTESIAN_POINT ( 'NONE',  ( 0.3993359741418495146, 0.8763093565524714412, -0.8752847213352402678 ) ) ;
#1926 = VECTOR ( 'NONE', #3167, 1000.000000000000000 ) ;
#1927 =( LENGTH_UNIT ( ) NAMED_UNIT ( * ) SI_UNIT ( .MILLI., .METRE. ) );
#1928 = CARTESIAN_POINT ( 'NONE',  ( 0.6178175509797150244, 0.8812800000000000633, -0.5669619174648817816 ) ) ;
#1929 = EDGE_CURVE ( 'NONE', #2827, #2056, #897, .T. ) ;
#1930 = CARTESIAN_POINT ( 'NONE',  ( 0.9668435154103485196, 0.8862800000000000678, -0.5445441158540770266 ) ) ;
#1931 = B_SPLINE_CURVE_WITH_KNOTS ( 'NONE', 3,
 ( #819, #1875, #3343, #83, #1216, #1494, #4025, #3321, #3620, #1896 ),
 .UNSPECIFIED., .F., .F.,
 ( 4, 3, 3, 4 ),
 ( 0.000000000000000000, 5.892247353573177274E-06, 1.175341654044467139E-05, 1.465097671142904072E-05 ),
 .UNSPECIFIED. ) ;
#1932 =( LENGTH_UNIT ( ) NAMED_UNIT ( * ) SI_UNIT ( .MILLI., .METRE. ) );
#1933 = VECTOR ( 'NONE', #1571, 1000.000000000000000 ) ;
#1934 = DIRECTION ( 'NONE',  ( -0.7145695586381790587, 0.000000000000000000, 0.6995643972270444433 ) ) ;
#1935 = ORIENTED_EDGE ( 'NONE', *, *, #2819, .F. ) ;
#1936 = B_SPLINE_CURVE_WITH_KNOTS ( 'NONE', 3,
 ( #3857, #1475, #2109, #4213, #706, #1403, #2154, #3165, #339, #3555 ),
 .UNSPECIFIED., .F., .F.,
 ( 4, 3, 3, 4 ),
 ( 0.000000000000000000, 5.892247353573000244E-06, 1.175341654044418011E-05, 1.465097671142884760E-05 ),
 .UNSPECIFIED. ) ;
#1937 = ADVANCED_FACE ( 'NONE', ( #2280 ), #512, .T. ) ;
#1938 = ORIENTED_EDGE ( 'NONE', *, *, #1527, .F. ) ;
#1939 = VECTOR ( 'NONE', #503, 1000.000000000000000 ) ;
#1940 =( NAMED_UNIT ( * ) PLANE_ANGLE_UNIT ( ) SI_UNIT ( $, .RADIAN. ) );
#1941 = AXIS2_PLACEMENT_3D ( 'NONE', #4187, #431, #3875 ) ;
#1942 = VERTEX_POINT ( 'NONE', #4336 ) ;
#1943 = ORIENTED_EDGE ( 'NONE', *, *, #4394, .F. ) ;
#1944 = DIRECTION ( 'NONE',  ( 2.352869297928603945E-15, -0.000000000000000000, -1.000000000000000000 ) ) ;
#1945 = LINE ( 'NONE', #4026, #302 ) ;
#1946 = FACE_OUTER_BOUND ( 'NONE', #975, .T. ) ;
#1947 = ORIENTED_EDGE ( 'NONE', *, *, #3559, .F. ) ;
#1948 = CARTESIAN_POINT ( 'NONE',  ( 0.9007459240060254890, 0.8862800000000000678, -0.5013216725431063336 ) ) ;
#1949 = DIRECTION ( 'NONE',  ( -1.000000000000000000, 0.000000000000000000, 0.000000000000000000 ) ) ;
#1950 = VECTOR ( 'NONE', #303, 1000.000000000000000 ) ;
#1951 = FACE_OUTER_BOUND ( 'NONE', #579, .T. ) ;
#1952 = FILL_AREA_STYLE_COLOUR ( '', #1677 ) ;
#1953 = ADVANCED_FACE ( 'NONE', ( #2682 ), #2660, .F. ) ;
#1954 =( GEOMETRIC_REPRESENTATION_CONTEXT ( 3 ) GLOBAL_UNCERTAINTY_ASSIGNED_CONTEXT ( ( #2043 ) ) GLOBAL_UNIT_ASSIGNED_CONTEXT ( ( #2945, #1586, #3665 ) ) REPRESENTATION_CONTEXT ( 'NONE', 'WORKASPACE' ) );
#1955 = EDGE_CURVE ( 'NONE', #3748, #1892, #2137, .T. ) ;
#1956 = CARTESIAN_POINT ( 'NONE',  ( 1.300000000000000044, 0.8812800000000000633, -0.8812800000000000633 ) ) ;
#1957 = VERTEX_POINT ( 'NONE', #2322 ) ;
#1958 = PLANE ( 'NONE',  #2850 ) ;
#1959 = ADVANCED_FACE ( 'NONE', ( #833 ), #3312, .T. ) ;
#1960 = VERTEX_POINT ( 'NONE', #594 ) ;
#1961 = ORIENTED_EDGE ( 'NONE', *, *, #476, .T. ) ;
#1962 = CARTESIAN_POINT ( 'NONE',  ( 0.6422598091066761272, 0.8862800000000000678, -0.4722520757470474173 ) ) ;
#1963 = EDGE_CURVE ( 'NONE', #2244, #4186, #1325, .T. ) ;
#1964 = DIRECTION ( 'NONE',  ( -1.000000000000000000, 0.000000000000000000, 0.000000000000000000 ) ) ;
#1965 = ORIENTED_EDGE ( 'NONE', *, *, #2432, .F. ) ;
#1966 = CARTESIAN_POINT ( 'NONE',  ( 1.700000000000000178, 0.9000000000000000222, -0.01872000000000000053 ) ) ;
#1967 = FACE_OUTER_BOUND ( 'NONE', #468, .T. ) ;
#1968 =( NAMED_UNIT ( * ) PLANE_ANGLE_UNIT ( ) SI_UNIT ( $, .RADIAN. ) );
#1969 = LINE ( 'NONE', #1204, #4266 ) ;
#1970 = DIRECTION ( 'NONE',  ( 0.000000000000000000, 1.000000000000000000, 0.000000000000000000 ) ) ;
#1971 = FACE_OUTER_BOUND ( 'NONE', #3432, .T. ) ;
#1972 = CARTESIAN_POINT ( 'NONE',  ( 0.7526549280338981074, 0.8862800000000000678, -0.4499999999999999556 ) ) ;
#1973 = LINE ( 'NONE', #3380, #3092 ) ;
#1974 = ORIENTED_EDGE ( 'NONE', *, *, #305, .T. ) ;
#1975 = DIRECTION ( 'NONE',  ( -0.9610876102172832836, 0.000000000000000000, -0.2762437428917283722 ) ) ;
#1976 =( LENGTH_UNIT ( ) NAMED_UNIT ( * ) SI_UNIT ( .MILLI., .METRE. ) );
#1977 = ORIENTED_EDGE ( 'NONE', *, *, #1730, .F. ) ;
#1978 = VECTOR ( 'NONE', #1792, 1000.000000000000114 ) ;
#1979 = ORIENTED_EDGE ( 'NONE', *, *, #2772, .T. ) ;
#1980 =( NAMED_UNIT ( * ) PLANE_ANGLE_UNIT ( ) SI_UNIT ( $, .RADIAN. ) );
#1981 =( LENGTH_UNIT ( ) NAMED_UNIT ( * ) SI_UNIT ( .MILLI., .METRE. ) );
#1982 = EDGE_CURVE ( 'NONE', #1609, #1942, #572, .T. ) ;
#1983 = CYLINDRICAL_SURFACE ( 'NONE', #145, 0.01871999999999995543 ) ;
#1984 = VECTOR ( 'NONE', #2788, 1000.000000000000000 ) ;
#1985 = ORIENTED_EDGE ( 'NONE', *, *, #3117, .T. ) ;
#1986 = DIRECTION ( 'NONE',  ( 1.000000000000000000, 0.000000000000000000, 0.000000000000000000 ) ) ;
#1987 = B_SPLINE_CURVE_WITH_KNOTS ( 'NONE', 3,
 ( #91, #2274, #2632, #178, #4355, #1203, #3999, #3004, #4400, #2911 ),
 .UNSPECIFIED., .F., .F.,
 ( 4, 3, 3, 4 ),
 ( 0.000000000000000000, 5.892247353573238260E-06, 1.175341654044471205E-05, 1.465097671142887132E-05 ),
 .UNSPECIFIED. ) ;
#1988 = PRESENTATION_LAYER_ASSIGNMENT (  '', '', ( #2508 ) ) ;
#1989 = AXIS2_PLACEMENT_3D ( 'NONE', #4443, #320, #4147 ) ;
#1990 = SURFACE_STYLE_USAGE ( .BOTH. , #2059 ) ;
#1991 = FILL_AREA_STYLE ('',( #1275 ) ) ;
#1992 = CARTESIAN_POINT ( 'NONE',  ( 0.01872000000000006298, 0.8812800000000000633, -0.01872000000000000053 ) ) ;
#1993 = PRESENTATION_LAYER_ASSIGNMENT (  '', '', ( #3689 ) ) ;
#1994 = CARTESIAN_POINT ( 'NONE',  ( 0.5296186730263663378, 0.8812800000000000633, -0.5170848338894616925 ) ) ;
#1995 = VECTOR ( 'NONE', #1654, 1000.000000000000227 ) ;
#1996 = SURFACE_STYLE_FILL_AREA ( #2360 ) ;
#1997 = CARTESIAN_POINT ( 'NONE',  ( 0.3812799999999998968, 0.000000000000000000, -0.8812800000000000633 ) ) ;
#1998 = ORIENTED_EDGE ( 'NONE', *, *, #4526, .T. ) ;
#1999 = DIRECTION ( 'NONE',  ( -1.000000000000000000, 0.000000000000000000, 2.459231407381525783E-15 ) ) ;
#2000 = VECTOR ( 'NONE', #2466, 1000.000000000000000 ) ;
#2001 = COLOUR_RGB ( '',0.7686274509803920907, 0.7686274509803920907, 0.7686274509803920907 ) ;
#2002 = SURFACE_STYLE_USAGE ( .BOTH. , #3261 ) ;
#2003 = VERTEX_POINT ( 'NONE', #2407 ) ;
#2004 = ORIENTED_EDGE ( 'NONE', *, *, #2824, .T. ) ;
#2005 = DIRECTION ( 'NONE',  ( -0.2745159998572620497, 0.000000000000000000, 0.9615825319869156784 ) ) ;
#2006 = DIRECTION ( 'NONE',  ( 0.000000000000000000, -0.000000000000000000, -1.000000000000000000 ) ) ;
#2007 = CARTESIAN_POINT ( 'NONE',  ( 0.000000000000000000, 0.8812800000000000633, -0.9000000000000000222 ) ) ;
#2008 = AXIS2_PLACEMENT_3D ( 'NONE', #2696, #2765, #2426 ) ;
#2009 = ADVANCED_FACE ( 'NONE', ( #323 ), #3054, .F. ) ;
#2010 = PRESENTATION_STYLE_ASSIGNMENT (( #561 ) ) ;
#2011 = EDGE_LOOP ( 'NONE', ( #3021, #3986, #2941, #446 ) ) ;
#2012 = VECTOR ( 'NONE', #3509, 1000.000000000000000 ) ;
#2013 =( LENGTH_UNIT ( ) NAMED_UNIT ( * ) SI_UNIT ( .MILLI., .METRE. ) );
#2014 = EDGE_CURVE ( 'NONE', #4381, #3207, #4258, .T. ) ;
#2015 = CARTESIAN_POINT ( 'NONE',  ( 1.681280000000000108, 0.8812800000000000633, -0.01872000000000000053 ) ) ;
#2016 = CARTESIAN_POINT ( 'NONE',  ( 0.5284610813304443377, 0.8812800000000000633, -0.5135071467863020489 ) ) ;
#2017 = DIRECTION ( 'NONE',  ( 1.000000000000000000, 0.000000000000000000, 0.000000000000000000 ) ) ;
#2018 = DIRECTION ( 'NONE',  ( 0.000000000000000000, 0.000000000000000000, 1.000000000000000000 ) ) ;
#2019 = EDGE_CURVE ( 'NONE', #4205, #2990, #3662, .T. ) ;
#2020 = PLANE ( 'NONE',  #3435 ) ;
#2021 = DIRECTION ( 'NONE',  ( -0.2755265765475199968, 0.000000000000000000, 0.9612934544747527843 ) ) ;
#2022 = EDGE_LOOP ( 'NONE', ( #255, #125, #1748, #2316 ) ) ;
#2023 = DIRECTION ( 'NONE',  ( -0.2765379750249969404, 0.000000000000000000, 0.9610029908221275896 ) ) ;
#2024 = CARTESIAN_POINT ( 'NONE',  ( 0.7841301134981506493, 0.8862800000000000678, -0.5669619174648817816 ) ) ;
#2025 =( LENGTH_UNIT ( ) NAMED_UNIT ( * ) SI_UNIT ( .MILLI., .METRE. ) );
#2026 = ORIENTED_EDGE ( 'NONE', *, *, #4386, .F. ) ;
#2027 = MECHANICAL_DESIGN_GEOMETRIC_PRESENTATION_REPRESENTATION (  '', ( #4221 ), #4372 ) ;
#2028 = ORIENTED_EDGE ( 'NONE', *, *, #3701, .F. ) ;
#2029 = FACE_OUTER_BOUND ( 'NONE', #867, .T. ) ;
#2030 = LINE ( 'NONE', #2120, #2000 ) ;
#2031 = STYLED_ITEM ( 'NONE', ( #3410 ), #1433 ) ;
#2032 = ORIENTED_EDGE ( 'NONE', *, *, #791, .T. ) ;
#2033 = SURFACE_STYLE_USAGE ( .BOTH. , #1707 ) ;
#2034 = CARTESIAN_POINT ( 'NONE',  ( 1.300275680371868248, 0.8775771040879440932, -0.8775771040879440932 ) ) ;
#2035 = CARTESIAN_POINT ( 'NONE',  ( 0.3997243196281318189, 0.8775771040879440932, -0.02242289591205591515 ) ) ;
#2036 = SURFACE_STYLE_FILL_AREA ( #3789 ) ;
#2037 =( NAMED_UNIT ( * ) SI_UNIT ( $, .STERADIAN. ) SOLID_ANGLE_UNIT ( ) );
#2038 = EDGE_CURVE ( 'NONE', #1238, #812, #1664, .T. ) ;
#2039 = DIRECTION ( 'NONE',  ( 0.000000000000000000, -1.000000000000000000, 0.000000000000000000 ) ) ;
#2040 =( NAMED_UNIT ( * ) PLANE_ANGLE_UNIT ( ) SI_UNIT ( $, .RADIAN. ) );
#2041 = CARTESIAN_POINT ( 'NONE',  ( 1.300405172843795532, 0.02556030012807152668, -0.8771543780156959569 ) ) ;
#2042 = VERTEX_POINT ( 'NONE', #1997 ) ;
#2043 = UNCERTAINTY_MEASURE_WITH_UNIT (LENGTH_MEASURE( 1.000000000000000082E-05 ), #2945, 'distance_accuracy_value', 'NONE');
#2044 = AXIS2_PLACEMENT_3D ( 'NONE', #51, #808, #1594 ) ;
#2045 = LINE ( 'NONE', #1716, #4464 ) ;
#2046 =( GEOMETRIC_REPRESENTATION_CONTEXT ( 3 ) GLOBAL_UNCERTAINTY_ASSIGNED_CONTEXT ( ( #3795 ) ) GLOBAL_UNIT_ASSIGNED_CONTEXT ( ( #1336, #1024, #3851 ) ) REPRESENTATION_CONTEXT ( 'NONE', 'WORKASPACE' ) );
#2047 = FILL_AREA_STYLE_COLOUR ( '', #2249 ) ;
#2048 = CIRCLE ( 'NONE', #3226, 0.01872000000000000053 ) ;
#2049 = FILL_AREA_STYLE ('',( #4453 ) ) ;
#2050 = ORIENTED_EDGE ( 'NONE', *, *, #4053, .F. ) ;
#2051 = ORIENTED_EDGE ( 'NONE', *, *, #4555, .T. ) ;
#2052 = DIRECTION ( 'NONE',  ( 0.000000000000000000, 0.000000000000000000, 1.000000000000000000 ) ) ;
#2053 =( NAMED_UNIT ( * ) PLANE_ANGLE_UNIT ( ) SI_UNIT ( $, .RADIAN. ) );
#2054 = FACE_OUTER_BOUND ( 'NONE', #4479, .T. ) ;
#2055 = AXIS2_PLACEMENT_3D ( 'NONE', #4309, #2566, #3972 ) ;
#2056 = VERTEX_POINT ( 'NONE', #2703 ) ;
#2057 = LINE ( 'NONE', #4143, #380 ) ;
#2058 = MECHANICAL_DESIGN_GEOMETRIC_PRESENTATION_REPRESENTATION (  '', ( #3676 ), #4326 ) ;
#2059 = SURFACE_SIDE_STYLE ('',( #3068 ) ) ;
#2060 =( NAMED_UNIT ( * ) PLANE_ANGLE_UNIT ( ) SI_UNIT ( $, .RADIAN. ) );
#2061 = DIRECTION ( 'NONE',  ( -1.000000000000000000, 0.000000000000000000, -0.000000000000000000 ) ) ;
#2062 = DIRECTION ( 'NONE',  ( 0.000000000000000000, -1.000000000000000000, 0.000000000000000000 ) ) ;
#2063 = MECHANICAL_DESIGN_GEOMETRIC_PRESENTATION_REPRESENTATION (  '', ( #3685 ), #2796 ) ;
#2064 = PLANE ( 'NONE',  #3009 ) ;
#2065 = EDGE_CURVE ( 'NONE', #2599, #59, #55, .T. ) ;
#2066 = DIRECTION ( 'NONE',  ( -0.9612934544747527843, 0.000000000000000000, -0.2755265765475199968 ) ) ;
#2067 = MECHANICAL_DESIGN_GEOMETRIC_PRESENTATION_REPRESENTATION (  '', ( #3689 ), #1471 ) ;
#2068 = CARTESIAN_POINT ( 'NONE',  ( 0.8528219873056229750, 0.8862800000000000678, -0.4499999999999999556 ) ) ;
#2069 = PLANE ( 'NONE',  #3935 ) ;
#2070 = AXIS2_PLACEMENT_3D ( 'NONE', #3642, #1944, #4345 ) ;
#2071 = EDGE_CURVE ( 'NONE', #3847, #97, #1644, .T. ) ;
#2072 = ORIENTED_EDGE ( 'NONE', *, *, #3227, .F. ) ;
#2073 = ORIENTED_EDGE ( 'NONE', *, *, #839, .T. ) ;
#2074 =( LENGTH_UNIT ( ) NAMED_UNIT ( * ) SI_UNIT ( .MILLI., .METRE. ) );
#2075 = DIRECTION ( 'NONE',  ( 0.000000000000000000, 1.000000000000000000, -0.000000000000000000 ) ) ;
#2076 = FILL_AREA_STYLE_COLOUR ( '', #3264 ) ;
#2077 = CARTESIAN_POINT ( 'NONE',  ( 1.318720000000000114, 0.8812800000000000633, 0.000000000000000000 ) ) ;
#2078 = VECTOR ( 'NONE', #2724, 1000.000000000000000 ) ;
#2079 = VERTEX_POINT ( 'NONE', #4540 ) ;
#2080 = CARTESIAN_POINT ( 'NONE',  ( 1.067734596312455375, 0.8862800000000000678, -0.5443762033604275796 ) ) ;
#2081 = FACE_OUTER_BOUND ( 'NONE', #4002, .T. ) ;
#2082 = AXIS2_PLACEMENT_3D ( 'NONE', #937, #2355, #965 ) ;
#2083 = DIRECTION ( 'NONE',  ( 0.000000000000000000, 0.000000000000000000, 1.000000000000000000 ) ) ;
#2084 = STYLED_ITEM ( 'NONE', ( #454 ), #3897 ) ;
#2085 = PLANE ( 'NONE',  #1241 ) ;
#2086 = CARTESIAN_POINT ( 'NONE',  ( 0.3999712813729735528, 0.8687027513749614460, -0.01975653298853945888 ) ) ;
#2087 = DIRECTION ( 'NONE',  ( 0.000000000000000000, -1.000000000000000000, 0.000000000000000000 ) ) ;
#2088 = LINE ( 'NONE', #3099, #4093 ) ;
#2089 = DIRECTION ( 'NONE',  ( -1.000000000000000000, -0.000000000000000000, 0.000000000000000000 ) ) ;
#2090 = FACE_OUTER_BOUND ( 'NONE', #534, .T. ) ;
#2091 = CARTESIAN_POINT ( 'NONE',  ( 1.300000000000000044, 0.01871999999999995543, -0.8625600000000001044 ) ) ;
#2092 = ADVANCED_FACE ( 'NONE', ( #1389 ), #4129, .F. ) ;
#2093 = EDGE_CURVE ( 'NONE', #381, #2417, #1353, .T. ) ;
#2094 = VERTEX_POINT ( 'NONE', #1840 ) ;
#2095 = ORIENTED_EDGE ( 'NONE', *, *, #2872, .T. ) ;
#2096 = DIRECTION ( 'NONE',  ( -0.2765379750249969404, 0.000000000000000000, 0.9610029908221275896 ) ) ;
#2097 = CARTESIAN_POINT ( 'NONE',  ( 1.318720000000000114, 0.8812800000000000633, -0.9000000000000000222 ) ) ;
#2098 = AXIS2_PLACEMENT_3D ( 'NONE', #4203, #2459, #1765 ) ;
#2099 =( NAMED_UNIT ( * ) SI_UNIT ( $, .STERADIAN. ) SOLID_ANGLE_UNIT ( ) );
#2100 = CARTESIAN_POINT ( 'NONE',  ( 0.3812799999999998968, 0.01872000000000000053, 0.000000000000000000 ) ) ;
#2101 = EDGE_CURVE ( 'NONE', #3805, #2368, #439, .T. ) ;
#2102 = VECTOR ( 'NONE', #586, 1000.000000000000000 ) ;
#2103 = ORIENTED_EDGE ( 'NONE', *, *, #3020, .F. ) ;
#2104 = PLANE ( 'NONE',  #1549 ) ;
#2105 = LINE ( 'NONE', #770, #1265 ) ;
#2106 = EDGE_CURVE ( 'NONE', #3847, #1210, #1109, .T. ) ;
#2107 = PRESENTATION_LAYER_ASSIGNMENT (  '', '', ( #327 ) ) ;
#2108 =( LENGTH_UNIT ( ) NAMED_UNIT ( * ) SI_UNIT ( .MILLI., .METRE. ) );
#2109 = CARTESIAN_POINT ( 'NONE',  ( 0.3997902057321688352, 0.02718707767936332648, -0.02165506981501082520 ) ) ;
#2110 = CARTESIAN_POINT ( 'NONE',  ( -0.05199832028965649389, 0.8862799999999998457, -0.05666983717615741573 ) ) ;
#2111 =( NAMED_UNIT ( * ) PLANE_ANGLE_UNIT ( ) SI_UNIT ( $, .RADIAN. ) );
#2112 = LINE ( 'NONE', #736, #2278 ) ;
#2113 =( NAMED_UNIT ( * ) PLANE_ANGLE_UNIT ( ) SI_UNIT ( $, .RADIAN. ) );
#2114 =( LENGTH_UNIT ( ) NAMED_UNIT ( * ) SI_UNIT ( .MILLI., .METRE. ) );
#2115 = SURFACE_SIDE_STYLE ('',( #3524 ) ) ;
#2116 = LINE ( 'NONE', #306, #2133 ) ;
#2117 = ORIENTED_EDGE ( 'NONE', *, *, #1602, .T. ) ;
#2118 = ORIENTED_EDGE ( 'NONE', *, *, #1725, .T. ) ;
#2119 = FACE_OUTER_BOUND ( 'NONE', #3320, .T. ) ;
#2120 = CARTESIAN_POINT ( 'NONE',  ( 0.5102586201996844872, 0.8862800000000000678, -0.4499999999999999556 ) ) ;
#2121 = STYLED_ITEM ( 'NONE', ( #855 ), #4371 ) ;
#2122 = EDGE_CURVE ( 'NONE', #4295, #4456, #3911, .T. ) ;
#2123 = ORIENTED_EDGE ( 'NONE', *, *, #1277, .F. ) ;
#2124 = CARTESIAN_POINT ( 'NONE',  ( 0.9752663724021765068, 0.8862800000000000678, -0.4500000000000000111 ) ) ;
#2125 = VECTOR ( 'NONE', #2336, 1000.000000000000000 ) ;
#2126 = CARTESIAN_POINT ( 'NONE',  ( 1.300438296546013506, 0.02584009644822619564, -0.02274712289612589380 ) ) ;
#2127 = SURFACE_STYLE_USAGE ( .BOTH. , #682 ) ;
#2128 = DIRECTION ( 'NONE',  ( 0.000000000000000000, 0.000000000000000000, -1.000000000000000000 ) ) ;
#2129 = VERTEX_POINT ( 'NONE', #2842 ) ;
#2130 = CARTESIAN_POINT ( 'NONE',  ( 1.300438296546013506, 0.8772528771038741180, -0.02584009644822615401 ) ) ;
#2131 = PRESENTATION_LAYER_ASSIGNMENT (  '', '', ( #4543 ) ) ;
#2132 = PLANE ( 'NONE',  #1487 ) ;
#2133 = VECTOR ( 'NONE', #2709, 1000.000000000000000 ) ;
#2134 =( NAMED_UNIT ( * ) PLANE_ANGLE_UNIT ( ) SI_UNIT ( $, .RADIAN. ) );
#2135 = UNCERTAINTY_MEASURE_WITH_UNIT (LENGTH_MEASURE( 1.000000000000000082E-05 ), #1844, 'distance_accuracy_value', 'NONE');
#2136 = PLANE ( 'NONE',  #1523 ) ;
#2137 = CIRCLE ( 'NONE', #4256, 0.01871999999999995543 ) ;
#2138 = STYLED_ITEM ( 'NONE', ( #394 ), #2210 ) ;
#2139 =( LENGTH_UNIT ( ) NAMED_UNIT ( * ) SI_UNIT ( .MILLI., .METRE. ) );
#2140 = VERTEX_POINT ( 'NONE', #741 ) ;
#2141 = ORIENTED_EDGE ( 'NONE', *, *, #4060, .F. ) ;
#2142 = CARTESIAN_POINT ( 'NONE',  ( 0.8723733716153394546, 0.8862800000000000678, -0.5669619174648817816 ) ) ;
#2143 = PRESENTATION_STYLE_ASSIGNMENT (( #2897 ) ) ;
#2144 = LINE ( 'NONE', #34, #3550 ) ;
#2145 =( GEOMETRIC_REPRESENTATION_CONTEXT ( 3 ) GLOBAL_UNCERTAINTY_ASSIGNED_CONTEXT ( ( #753 ) ) GLOBAL_UNIT_ASSIGNED_CONTEXT ( ( #2790, #2886, #366 ) ) REPRESENTATION_CONTEXT ( 'NONE', 'WORKASPACE' ) );
#2146 = ORIENTED_EDGE ( 'NONE', *, *, #304, .T. ) ;
#2147 = VECTOR ( 'NONE', #474, 1000.000000000000000 ) ;
#2148 = VERTEX_POINT ( 'NONE', #3882 ) ;
#2149 = CARTESIAN_POINT ( 'NONE',  ( 0.5539526353892351151, 0.8862800000000000678, -0.4500000000000000111 ) ) ;
#2150 = VECTOR ( 'NONE', #4185, 1000.000000000000000 ) ;
#2151 = PRESENTATION_LAYER_ASSIGNMENT (  '', '', ( #3987 ) ) ;
#2152 = EDGE_CURVE ( 'NONE', #787, #4066, #4268, .T. ) ;
#2153 = CARTESIAN_POINT ( 'NONE',  ( 0.5284610813304443377, 0.8812800000000000633, -0.5135071467863020489 ) ) ;
#2154 = CARTESIAN_POINT ( 'NONE',  ( 0.3999985942204242750, 0.03451825405458468221, -0.01894941318858562804 ) ) ;
#2155 = UNCERTAINTY_MEASURE_WITH_UNIT (LENGTH_MEASURE( 1.000000000000000082E-05 ), #3572, 'distance_accuracy_value', 'NONE');
#2156 = ORIENTED_EDGE ( 'NONE', *, *, #560, .F. ) ;
#2157 = DIRECTION ( 'NONE',  ( -0.2762033010252067378, 0.000000000000000000, 0.9610992334315843211 ) ) ;
#2158 = PRESENTATION_LAYER_ASSIGNMENT (  '', '', ( #2308 ) ) ;
#2159 = DIRECTION ( 'NONE',  ( -0.000000000000000000, 1.000000000000000000, -0.000000000000000000 ) ) ;
#2160 = SURFACE_STYLE_USAGE ( .BOTH. , #2182 ) ;
#2161 = DIRECTION ( 'NONE',  ( 0.000000000000000000, -1.000000000000000000, 0.000000000000000000 ) ) ;
#2162 = EDGE_CURVE ( 'NONE', #877, #983, #688, .T. ) ;
#2163 = DIRECTION ( 'NONE',  ( 0.000000000000000000, 0.000000000000000000, 1.000000000000000000 ) ) ;
#2164 =( LENGTH_UNIT ( ) NAMED_UNIT ( * ) SI_UNIT ( .MILLI., .METRE. ) );
#2165 = CARTESIAN_POINT ( 'NONE',  ( 0.01872000000000006298, 0.000000000000000000, -0.8812800000000000633 ) ) ;
#2166 = VECTOR ( 'NONE', #4161, 1000.000000000000000 ) ;
#2167 = CARTESIAN_POINT ( 'NONE',  ( 0.3999999999999999667, 0.8794182898506457402, -0.02058171014935423690 ) ) ;
#2168 = EDGE_CURVE ( 'NONE', #3641, #3747, #4238, .T. ) ;
#2169 = PRESENTATION_STYLE_ASSIGNMENT (( #1507 ) ) ;
#2170 = ORIENTED_EDGE ( 'NONE', *, *, #2551, .T. ) ;
#2171 = ORIENTED_EDGE ( 'NONE', *, *, #4510, .F. ) ;
#2172 = VERTEX_POINT ( 'NONE', #344 ) ;
#2173 = VERTEX_POINT ( 'NONE', #415 ) ;
#2174 = DIRECTION ( 'NONE',  ( -2.895839135912137672E-15, 0.000000000000000000, 1.000000000000000000 ) ) ;
#2175 = CYLINDRICAL_SURFACE ( 'NONE', #3414, 0.01872000000000006298 ) ;
#2176 =( GEOMETRIC_REPRESENTATION_CONTEXT ( 3 ) GLOBAL_UNCERTAINTY_ASSIGNED_CONTEXT ( ( #3562 ) ) GLOBAL_UNIT_ASSIGNED_CONTEXT ( ( #2923, #1877, #524 ) ) REPRESENTATION_CONTEXT ( 'NONE', 'WORKASPACE' ) );
#2177 = DIRECTION ( 'NONE',  ( -1.000000000000000000, -0.000000000000000000, 0.000000000000000000 ) ) ;
#2178 =( NAMED_UNIT ( * ) SI_UNIT ( $, .STERADIAN. ) SOLID_ANGLE_UNIT ( ) );
#2179 = ORIENTED_EDGE ( 'NONE', *, *, #2122, .F. ) ;
#2180 = CARTESIAN_POINT ( 'NONE',  ( 1.074225340009627105, 0.8812800000000000633, -0.5669619174648817816 ) ) ;
#2181 =( NAMED_UNIT ( * ) SI_UNIT ( $, .STERADIAN. ) SOLID_ANGLE_UNIT ( ) );
#2182 = SURFACE_SIDE_STYLE ('',( #4195 ) ) ;
#2183 = FACE_OUTER_BOUND ( 'NONE', #3277, .T. ) ;
#2184 = SURFACE_STYLE_FILL_AREA ( #2206 ) ;
#2185 = EDGE_CURVE ( 'NONE', #2056, #3641, #1863, .T. ) ;
#2186 = CARTESIAN_POINT ( 'NONE',  ( 1.318720000000000114, 0.8812800000000000633, -0.01872000000000000053 ) ) ;
#2187 = LINE ( 'NONE', #653, #227 ) ;
#2188 = ORIENTED_EDGE ( 'NONE', *, *, #1183, .T. ) ;
#2189 = ADVANCED_FACE ( 'NONE', ( #1503 ), #1082, .F. ) ;
#2190 = ORIENTED_EDGE ( 'NONE', *, *, #162, .F. ) ;
#2191 = CARTESIAN_POINT ( 'NONE',  ( 0.9668435154103485196, 0.8862800000000000678, -0.5445441158540770266 ) ) ;
#2192 = ORIENTED_EDGE ( 'NONE', *, *, #791, .F. ) ;
#2193 = VERTEX_POINT ( 'NONE', #3561 ) ;
#2194 =( NAMED_UNIT ( * ) SI_UNIT ( $, .STERADIAN. ) SOLID_ANGLE_UNIT ( ) );
#2195 = MECHANICAL_DESIGN_GEOMETRIC_PRESENTATION_REPRESENTATION (  '', ( #46 ), #2423 ) ;
#2196 = SURFACE_SIDE_STYLE ('',( #730 ) ) ;
#2197 = MECHANICAL_DESIGN_GEOMETRIC_PRESENTATION_REPRESENTATION (  '', ( #2844 ), #3809 ) ;
#2198 = DIRECTION ( 'NONE',  ( 0.2755265765475200523, 0.000000000000000000, -0.9612934544747527843 ) ) ;
#2199 = VECTOR ( 'NONE', #2307, 1000.000000000000227 ) ;
#2200 = VERTEX_POINT ( 'NONE', #2891 ) ;
#2201 = DIRECTION ( 'NONE',  ( -0.2762033010252067378, 0.000000000000000000, 0.9610992334315843211 ) ) ;
#2202 = LINE ( 'NONE', #3579, #78 ) ;
#2203 = SURFACE_STYLE_USAGE ( .BOTH. , #2454 ) ;
#2204 = MECHANICAL_DESIGN_GEOMETRIC_PRESENTATION_REPRESENTATION (  '', ( #1235 ), #1526 ) ;
#2205 = PLANE ( 'NONE',  #1601 ) ;
#2206 = FILL_AREA_STYLE ('',( #2 ) ) ;
#2207 = DIRECTION ( 'NONE',  ( 0.000000000000000000, -1.000000000000000000, 0.000000000000000000 ) ) ;
#2208 = CARTESIAN_POINT ( 'NONE',  ( 0.7069128115438990667, 0.8812800000000000633, -0.5229439188807396555 ) ) ;
#2209 = AXIS2_PLACEMENT_3D ( 'NONE', #4349, #1498, #3622 ) ;
#2210 = ADVANCED_FACE ( 'NONE', ( #4290 ), #2506, .T. ) ;
#2211 = ORIENTED_EDGE ( 'NONE', *, *, #3593, .F. ) ;
#2212 = ORIENTED_EDGE ( 'NONE', *, *, #1380, .T. ) ;
#2213 = DIRECTION ( 'NONE',  ( 0.000000000000000000, -1.000000000000000000, 0.000000000000000000 ) ) ;
#2214 = AXIS2_PLACEMENT_3D ( 'NONE', #640, #2066, #2021 ) ;
#2215 = EDGE_CURVE ( 'NONE', #969, #602, #892, .T. ) ;
#2216 = ORIENTED_EDGE ( 'NONE', *, *, #4313, .T. ) ;
#2217 = ORIENTED_EDGE ( 'NONE', *, *, #634, .T. ) ;
#2218 = DIRECTION ( 'NONE',  ( -0.000000000000000000, -1.000000000000000000, -0.000000000000000000 ) ) ;
#2219 = VECTOR ( 'NONE', #4261, 1000.000000000000000 ) ;
#2220 = SURFACE_STYLE_FILL_AREA ( #1145 ) ;
#2221 = CIRCLE ( 'NONE', #4048, 0.01871999999999995543 ) ;
#2222 = ORIENTED_EDGE ( 'NONE', *, *, #1283, .F. ) ;
#2223 = DIRECTION ( 'NONE',  ( 0.000000000000000000, -1.000000000000000000, 0.000000000000000000 ) ) ;
#2224 =( GEOMETRIC_REPRESENTATION_CONTEXT ( 3 ) GLOBAL_UNCERTAINTY_ASSIGNED_CONTEXT ( ( #152 ) ) GLOBAL_UNIT_ASSIGNED_CONTEXT ( ( #4078, #4403, #1205 ) ) REPRESENTATION_CONTEXT ( 'NONE', 'WORKASPACE' ) );
#2225 = AXIS2_PLACEMENT_3D ( 'NONE', #1427, #4235, #3948 ) ;
#2226 = CARTESIAN_POINT ( 'NONE',  ( 1.002401315337855037, 0.8862800000000000678, -0.5443787456251681922 ) ) ;
#2227 = SPHERICAL_SURFACE ( 'NONE', #3610, 0.01872000000000000053 ) ;
#2228 =( LENGTH_UNIT ( ) NAMED_UNIT ( * ) SI_UNIT ( .MILLI., .METRE. ) );
#2229 = CARTESIAN_POINT ( 'NONE',  ( 0.4000000000000297762, 0.8812800000000017286, -0.03646308696185555226 ) ) ;
#2230 = PRESENTATION_STYLE_ASSIGNMENT (( #831 ) ) ;
#2231 = ORIENTED_EDGE ( 'NONE', *, *, #4146, .T. ) ;
#2232 =( GEOMETRIC_REPRESENTATION_CONTEXT ( 3 ) GLOBAL_UNCERTAINTY_ASSIGNED_CONTEXT ( ( #3301 ) ) GLOBAL_UNIT_ASSIGNED_CONTEXT ( ( #1631, #237, #2552 ) ) REPRESENTATION_CONTEXT ( 'NONE', 'WORKASPACE' ) );
#2233 = EDGE_LOOP ( 'NONE', ( #838, #4109, #4094, #898 ) ) ;
#2234 = EDGE_CURVE ( 'NONE', #3747, #3208, #4376, .T. ) ;
#2235 = DIRECTION ( 'NONE',  ( 0.000000000000000000, 0.000000000000000000, 1.000000000000000000 ) ) ;
#2236 = ORIENTED_EDGE ( 'NONE', *, *, #3001, .T. ) ;
#2237 = ORIENTED_EDGE ( 'NONE', *, *, #1527, .T. ) ;
#2238 = CARTESIAN_POINT ( 'NONE',  ( 0.01872000000000006298, 0.8812800000000000633, -0.8812800000000000633 ) ) ;
#2239 = DIRECTION ( 'NONE',  ( 0.2740217765953989471, 0.000000000000000000, -0.9617234872620618047 ) ) ;
#2240 = EDGE_CURVE ( 'NONE', #949, #234, #4356, .T. ) ;
#2241 = CARTESIAN_POINT ( 'NONE',  ( 1.700000000000000178, 0.01872000000000000053, -0.8812800000000000633 ) ) ;
#2242 = DIRECTION ( 'NONE',  ( -0.000000000000000000, -0.000000000000000000, -1.000000000000000000 ) ) ;
#2243 = UNCERTAINTY_MEASURE_WITH_UNIT (LENGTH_MEASURE( 1.000000000000000082E-05 ), #3835, 'distance_accuracy_value', 'NONE');
#2244 = VERTEX_POINT ( 'NONE', #3700 ) ;
#2245 = LINE ( 'NONE', #2317, #2297 ) ;
#2246 = FILL_AREA_STYLE ('',( #3328 ) ) ;
#2248 = EDGE_CURVE ( 'NONE', #4066, #276, #528, .T. ) ;
#2247 = CYLINDRICAL_SURFACE ( 'NONE', #1456, 0.01871999999999995543 ) ;
#2249 = COLOUR_RGB ( '',0.7686274509803920907, 0.7686274509803920907, 0.7686274509803920907 ) ;
#2250 = DIRECTION ( 'NONE',  ( 0.000000000000000000, 0.000000000000000000, 1.000000000000000000 ) ) ;
#2251 = VECTOR ( 'NONE', #4009, 1000.000000000000000 ) ;
#2252 = CARTESIAN_POINT ( 'NONE',  ( 1.318720000000000114, 0.01872000000000000053, -0.01872000000000000053 ) ) ;
#2253 = CARTESIAN_POINT ( 'NONE',  ( 0.9475055120409731080, 0.8812800000000000633, -0.4722563433655573295 ) ) ;
#2254 = SURFACE_STYLE_FILL_AREA ( #3704 ) ;
#2255 =( BOUNDED_CURVE ( )  B_SPLINE_CURVE ( 3, ( #4138, #1308, #3392, #1630 ),
 .UNSPECIFIED., .F., .T. ) 
 B_SPLINE_CURVE_WITH_KNOTS ( ( 4, 4 ),
 ( 4.712388980384689674, 5.009640341705893007 ),
 .UNSPECIFIED. ) 
 CURVE ( )  GEOMETRIC_REPRESENTATION_ITEM ( )  RATIONAL_B_SPLINE_CURVE ( ( 1.000000000000000000, 0.9926503465430338569, 0.9926503465430338569, 1.000000000000000000 ) ) 
 REPRESENTATION_ITEM ( '' )  );
#2256 = SURFACE_SIDE_STYLE ('',( #4001 ) ) ;
#2257 = VERTEX_POINT ( 'NONE', #1548 ) ;
#2258 = VERTEX_POINT ( 'NONE', #1887 ) ;
#2259 = LINE ( 'NONE', #3316, #2998 ) ;
#2260 = ORIENTED_EDGE ( 'NONE', *, *, #1821, .F. ) ;
#2261 = VERTEX_POINT ( 'NONE', #3973 ) ;
#2262 =( NAMED_UNIT ( * ) PLANE_ANGLE_UNIT ( ) SI_UNIT ( $, .RADIAN. ) );
#2263 = EDGE_CURVE ( 'NONE', #2968, #3781, #1969, .T. ) ;
#2264 = CARTESIAN_POINT ( 'NONE',  ( 0.5106128326548475815, 0.8812800000000000633, -0.5669619174648817816 ) ) ;
#2265 = SPHERICAL_SURFACE ( 'NONE', #2209, 0.01872000000000000053 ) ;
#2266 =( GEOMETRIC_REPRESENTATION_CONTEXT ( 3 ) GLOBAL_UNCERTAINTY_ASSIGNED_CONTEXT ( ( #20 ) ) GLOBAL_UNIT_ASSIGNED_CONTEXT ( ( #1573, #3634, #2615 ) ) REPRESENTATION_CONTEXT ( 'NONE', 'WORKASPACE' ) );
#2267 = ORIENTED_EDGE ( 'NONE', *, *, #2849, .F. ) ;
#2268 = CARTESIAN_POINT ( 'NONE',  ( 1.300820962650010237, 0.02420296105618778212, -0.8757970389438122227 ) ) ;
#2269 = SPHERICAL_SURFACE ( 'NONE', #1626, 0.01872000000000000053 ) ;
#2270 = DIRECTION ( 'NONE',  ( 1.000000000000000000, 0.000000000000000000, 0.000000000000000000 ) ) ;
#2271 = DIRECTION ( 'NONE',  ( 0.000000000000000000, 0.000000000000000000, 1.000000000000000000 ) ) ;
#2272 = MECHANICAL_DESIGN_GEOMETRIC_PRESENTATION_REPRESENTATION (  '', ( #4174 ), #2701 ) ;
#2273 = ADVANCED_FACE ( 'NONE', ( #2275 ), #3376, .F. ) ;
#2274 = CARTESIAN_POINT ( 'NONE',  ( 0.3995948271562043130, 0.8744396998719283776, -0.8771543780156960679 ) ) ;
#2275 = FACE_OUTER_BOUND ( 'NONE', #2011, .T. ) ;
#2276 = CARTESIAN_POINT ( 'NONE',  ( 0.3995617034539862833, 0.02584009644822619564, -0.8772528771038741180 ) ) ;
#2277 = LINE ( 'NONE', #4404, #1905 ) ;
#2278 = VECTOR ( 'NONE', #2475, 1000.000000000000000 ) ;
#2279 = AXIS2_PLACEMENT_3D ( 'NONE', #2513, #1820, #3225 ) ;
#2280 = FACE_OUTER_BOUND ( 'NONE', #1115, .T. ) ;
#2281 = EDGE_LOOP ( 'NONE', ( #2896, #166, #2895, #1768 ) ) ;
#2282 = ORIENTED_EDGE ( 'NONE', *, *, #1697, .T. ) ;
#2283 = CIRCLE ( 'NONE', #428, 0.01872000000000000053 ) ;
#2284 = MECHANICAL_DESIGN_GEOMETRIC_PRESENTATION_REPRESENTATION (  '', ( #1462 ), #1850 ) ;
#2285 = ORIENTED_EDGE ( 'NONE', *, *, #532, .F. ) ;
#2286 = ORIENTED_EDGE ( 'NONE', *, *, #678, .T. ) ;
#2287 = LINE ( 'NONE', #2605, #3692 ) ;
#2288 = SURFACE_SIDE_STYLE ('',( #497 ) ) ;
#2289 = MECHANICAL_DESIGN_GEOMETRIC_PRESENTATION_REPRESENTATION (  '', ( #2138 ), #3541 ) ;
#2290 = VECTOR ( 'NONE', #2157, 1000.000000000000000 ) ;
#2291 = UNCERTAINTY_MEASURE_WITH_UNIT (LENGTH_MEASURE( 1.000000000000000082E-05 ), #1240, 'distance_accuracy_value', 'NONE');
#2292 = ORIENTED_EDGE ( 'NONE', *, *, #551, .T. ) ;
#2293 = DIRECTION ( 'NONE',  ( 0.000000000000000000, -1.000000000000000000, 0.000000000000000000 ) ) ;
#2294 = CARTESIAN_POINT ( 'NONE',  ( 0.4000090622554866582, 0.8809247507847510761, -0.8667415033290885029 ) ) ;
#2295 = EDGE_CURVE ( 'NONE', #3890, #2924, #1616, .T. ) ;
#2296 = EDGE_CURVE ( 'NONE', #4522, #2462, #3677, .T. ) ;
#2297 = VECTOR ( 'NONE', #1517, 1000.000000000000000 ) ;
#2298 = FACE_OUTER_BOUND ( 'NONE', #2784, .T. ) ;
#2299 = CARTESIAN_POINT ( 'NONE',  ( 0.01872000000000006298, 0.000000000000000000, -0.8812800000000000633 ) ) ;
#2300 = VECTOR ( 'NONE', #4463, 1000.000000000000000 ) ;
#2301 = CARTESIAN_POINT ( 'NONE',  ( 0.7796320926051598654, 0.8812800000000000633, -0.4834028208517092695 ) ) ;
#2302 = DIRECTION ( 'NONE',  ( 0.2746918797667152745, 0.000000000000000000, -0.9615323037684320173 ) ) ;
#2303 = ADVANCED_FACE ( 'NONE', ( #1224 ), #2227, .T. ) ;
#2304 = CARTESIAN_POINT ( 'NONE',  ( 0.6362463785686596207, 0.8862800000000000678, -0.5669619174648817816 ) ) ;
#2305 = AXIS2_PLACEMENT_3D ( 'NONE', #3270, #464, #2828 ) ;
#2306 = ORIENTED_EDGE ( 'NONE', *, *, #2437, .T. ) ;
#2307 = DIRECTION ( 'NONE',  ( 0.2793947940814949238, 0.000000000000000000, -0.9601763114346025807 ) ) ;
#2308 = STYLED_ITEM ( 'NONE', ( #1102 ), #3463 ) ;
#2309 = EDGE_CURVE ( 'NONE', #1767, #3229, #3307, .T. ) ;
#2310 = MECHANICAL_DESIGN_GEOMETRIC_PRESENTATION_REPRESENTATION (  '', ( #1035 ), #3118 ) ;
#2311 = ORIENTED_EDGE ( 'NONE', *, *, #3356, .F. ) ;
#2312 = ORIENTED_EDGE ( 'NONE', *, *, #1496, .T. ) ;
#2313 = SURFACE_SIDE_STYLE ('',( #2220 ) ) ;
#2314 = CARTESIAN_POINT ( 'NONE',  ( 0.4769999999999999796, 0.8862800000000000678, -0.4500000000000000111 ) ) ;
#2315 = CYLINDRICAL_SURFACE ( 'NONE', #243, 0.01872000000000000053 ) ;
#2316 = ORIENTED_EDGE ( 'NONE', *, *, #3309, .T. ) ;
#2317 = CARTESIAN_POINT ( 'NONE',  ( 1.700000000000000178, 0.000000000000000000, -0.01872000000000000053 ) ) ;
#2318 = FACE_OUTER_BOUND ( 'NONE', #3389, .T. ) ;
#2319 = LINE ( 'NONE', #829, #1624 ) ;
#2320 = DIRECTION ( 'NONE',  ( -1.000000000000000000, 0.000000000000000000, 0.000000000000000000 ) ) ;
#2321 = EDGE_CURVE ( 'NONE', #1164, #949, #798, .T. ) ;
#2322 = CARTESIAN_POINT ( 'NONE',  ( 1.700000000000000178, 0.8812800000000000633, -0.01872000000000000053 ) ) ;
#2323 = EDGE_LOOP ( 'NONE', ( #489, #699, #1895, #2212 ) ) ;
#2324 = DIRECTION ( 'NONE',  ( 0.9611542233438681304, 0.000000000000000000, 0.2760118818968593790 ) ) ;
#2325 = EDGE_CURVE ( 'NONE', #4344, #4186, #1392, .T. ) ;
#2326 = ORIENTED_EDGE ( 'NONE', *, *, #1955, .F. ) ;
#2327 = ORIENTED_EDGE ( 'NONE', *, *, #2325, .F. ) ;
#2328 = FILL_AREA_STYLE ('',( #4068 ) ) ;
#2329 = DIRECTION ( 'NONE',  ( 1.000000000000000000, 0.000000000000000000, -0.000000000000000000 ) ) ;
#2330 = DIRECTION ( 'NONE',  ( -0.000000000000000000, -0.000000000000000000, 1.000000000000000000 ) ) ;
#2331 = CARTESIAN_POINT ( 'NONE',  ( 0.3999999999999999667, 0.01871999999999995543, -0.9000000000000000222 ) ) ;
#2332 = ORIENTED_EDGE ( 'NONE', *, *, #4451, .T. ) ;
#2333 = CARTESIAN_POINT ( 'NONE',  ( 0.01872000000000006298, 0.01872000000000000053, -0.8812800000000000633 ) ) ;
#2334 = CARTESIAN_POINT ( 'NONE',  ( 1.300000000000000044, 0.8812800000000000633, -0.8812800000000000633 ) ) ;
#2335 = PRESENTATION_STYLE_ASSIGNMENT (( #2429 ) ) ;
#2336 = DIRECTION ( 'NONE',  ( -1.000000000000000000, 0.000000000000000000, 0.000000000000000000 ) ) ;
#2337 = DIRECTION ( 'NONE',  ( 0.000000000000000000, -0.000000000000000000, 1.000000000000000000 ) ) ;
#2338 = CARTESIAN_POINT ( 'NONE',  ( 1.681280000000000108, 0.000000000000000000, -0.8812800000000000633 ) ) ;
#2339 = ORIENTED_EDGE ( 'NONE', *, *, #447, .F. ) ;
#2340 = AXIS2_PLACEMENT_3D ( 'NONE', #2186, #417, #1061 ) ;
#2341 = VERTEX_POINT ( 'NONE', #3124 ) ;
#2342 = LINE ( 'NONE', #836, #1827 ) ;
#2343 = EDGE_CURVE ( 'NONE', #1767, #3590, #988, .T. ) ;
#2344 = ORIENTED_EDGE ( 'NONE', *, *, #378, .F. ) ;
#2345 = EDGE_LOOP ( 'NONE', ( #3077, #931, #1728, #3566 ) ) ;
#2346 = FACE_OUTER_BOUND ( 'NONE', #1561, .T. ) ;
#2347 = DIRECTION ( 'NONE',  ( 0.000000000000000000, 0.000000000000000000, 1.000000000000000000 ) ) ;
#2348 = LINE ( 'NONE', #3088, #1041 ) ;
#2349 = ADVANCED_FACE ( 'NONE', ( #1711 ), #632, .T. ) ;
#2350 = PRESENTATION_LAYER_ASSIGNMENT (  '', '', ( #1459 ) ) ;
#2351 = FACE_OUTER_BOUND ( 'NONE', #2587, .T. ) ;
#2352 = ORIENTED_EDGE ( 'NONE', *, *, #2168, .T. ) ;
#2353 = EDGE_CURVE ( 'NONE', #2905, #4502, #3142, .T. ) ;
#2354 = CARTESIAN_POINT ( 'NONE',  ( 1.035711502692017616, 0.8812800000000000633, -0.5443787456248779799 ) ) ;
#2355 = DIRECTION ( 'NONE',  ( 0.000000000000000000, 0.000000000000000000, 1.000000000000000000 ) ) ;
#2356 = FACE_OUTER_BOUND ( 'NONE', #598, .T. ) ;
#2357 = PRESENTATION_LAYER_ASSIGNMENT (  '', '', ( #1098 ) ) ;
#2358 = SURFACE_SIDE_STYLE ('',( #203 ) ) ;
#2359 = MECHANICAL_DESIGN_GEOMETRIC_PRESENTATION_REPRESENTATION (  '', ( #2728 ), #2655 ) ;
#2360 = FILL_AREA_STYLE ('',( #941 ) ) ;
#2361 =( LENGTH_UNIT ( ) NAMED_UNIT ( * ) SI_UNIT ( .MILLI., .METRE. ) );
#2362 = ORIENTED_EDGE ( 'NONE', *, *, #2569, .F. ) ;
#2363 = CARTESIAN_POINT ( 'NONE',  ( 1.681280000000000108, 0.000000000000000000, 0.000000000000000000 ) ) ;
#2364 = FACE_OUTER_BOUND ( 'NONE', #165, .T. ) ;
#2365 = AXIS2_PLACEMENT_3D ( 'NONE', #3491, #3585, #4506 ) ;
#2366 = CIRCLE ( 'NONE', #2881, 0.01871999999999995543 ) ;
#2367 = CARTESIAN_POINT ( 'NONE',  ( 1.681280000000000108, 0.01872000000000000053, -0.8812800000000000633 ) ) ;
#2368 = VERTEX_POINT ( 'NONE', #2016 ) ;
#2369 = CIRCLE ( 'NONE', #85, 0.01872000000000006298 ) ;
#2370 = ORIENTED_EDGE ( 'NONE', *, *, #1242, .T. ) ;
#2371 =( NAMED_UNIT ( * ) PLANE_ANGLE_UNIT ( ) SI_UNIT ( $, .RADIAN. ) );
#2372 = CARTESIAN_POINT ( 'NONE',  ( 0.8387459579295705181, 0.8862800000000000678, -0.4499999999999999556 ) ) ;
#2373 = LINE ( 'NONE', #2314, #593 ) ;
#2374 = ADVANCED_FACE ( 'NONE', ( #4170 ), #1009, .F. ) ;
#2375 = VERTEX_POINT ( 'NONE', #2354 ) ;
#2376 = CARTESIAN_POINT ( 'NONE',  ( 0.7343201708139308614, 0.8862800000000000678, -0.5669619174648817816 ) ) ;
#2377 = DIRECTION ( 'NONE',  ( 0.9610992334315843211, 0.000000000000000000, 0.2762033010252067378 ) ) ;
#2378 = APPLICATION_CONTEXT ( 'automotive_design' ) ;
#2379 = DIRECTION ( 'NONE',  ( -1.000000000000000000, 0.000000000000000000, 0.000000000000000000 ) ) ;
#2380 = CARTESIAN_POINT ( 'NONE',  ( 1.700000000000000178, 0.8812800000000000633, -0.8812800000000000633 ) ) ;
#2381 = EDGE_CURVE ( 'NONE', #1706, #2129, #1619, .T. ) ;
#2382 =( NAMED_UNIT ( * ) PLANE_ANGLE_UNIT ( ) SI_UNIT ( $, .RADIAN. ) );
#2383 = DIRECTION ( 'NONE',  ( 0.000000000000000000, 0.000000000000000000, 1.000000000000000000 ) ) ;
#2384 = PLANE ( 'NONE',  #4322 ) ;
#2385 = CARTESIAN_POINT ( 'NONE',  ( 1.700000000000000178, 0.9000000000000000222, 0.000000000000000000 ) ) ;
#2386 = CARTESIAN_POINT ( 'NONE',  ( 1.700000000000000178, 0.01872000000000000053, -0.9000000000000000222 ) ) ;
#2387 = ORIENTED_EDGE ( 'NONE', *, *, #29, .F. ) ;
#2388 = LINE ( 'NONE', #1302, #1378 ) ;
#2389 = CARTESIAN_POINT ( 'NONE',  ( 1.300000000000000044, 0.01871999999999995543, -0.8646365521597767501 ) ) ;
#2390 = STYLED_ITEM ( 'NONE', ( #1019 ), #1122 ) ;
#2391 = CYLINDRICAL_SURFACE ( 'NONE', #3314, 0.01872000000000006298 ) ;
#2392 = ORIENTED_EDGE ( 'NONE', *, *, #764, .F. ) ;
#2393 = VECTOR ( 'NONE', #4285, 1000.000000000000000 ) ;
#2394 = ORIENTED_EDGE ( 'NONE', *, *, #3533, .F. ) ;
#2395 =( NAMED_UNIT ( * ) SI_UNIT ( $, .STERADIAN. ) SOLID_ANGLE_UNIT ( ) );
#2396 = DIRECTION ( 'NONE',  ( 0.000000000000000000, 1.000000000000000000, 0.000000000000000000 ) ) ;
#2397 = DIRECTION ( 'NONE',  ( 0.000000000000000000, -1.000000000000000000, 0.000000000000000000 ) ) ;
#2398 = EDGE_LOOP ( 'NONE', ( #121, #1414, #4141, #1160 ) ) ;
#2399 = LINE ( 'NONE', #241, #880 ) ;
#2400 = LINE ( 'NONE', #4097, #3626 ) ;
#2401 = EDGE_CURVE ( 'NONE', #3295, #1374, #224, .T. ) ;
#2402 = PRESENTATION_STYLE_ASSIGNMENT (( #2127 ) ) ;
#2403 = CARTESIAN_POINT ( 'NONE',  ( 0.3999999999999999667, 0.8812800000000000633, -0.9000000000000000222 ) ) ;
#2404 = LINE ( 'NONE', #3429, #150 ) ;
#2405 = DIRECTION ( 'NONE',  ( 0.2764273280489743523, 0.000000000000000000, -0.9610348236706642844 ) ) ;
#2406 = ADVANCED_FACE ( 'NONE', ( #3762 ), #4288, .T. ) ;
#2407 = CARTESIAN_POINT ( 'NONE',  ( 0.6025894470921936419, 0.8862800000000000678, -0.4499999999999999001 ) ) ;
#2408 = ORIENTED_EDGE ( 'NONE', *, *, #24, .T. ) ;
#2409 = UNCERTAINTY_MEASURE_WITH_UNIT (LENGTH_MEASURE( 1.000000000000000082E-05 ), #2164, 'distance_accuracy_value', 'NONE');
#2410 = VECTOR ( 'NONE', #546, 1000.000000000000000 ) ;
#2411 = DIRECTION ( 'NONE',  ( -0.7059037656364479663, 0.000000000000000000, 0.7083077534943993392 ) ) ;
#2412 = VECTOR ( 'NONE', #2213, 1000.000000000000000 ) ;
#2413 = DIRECTION ( 'NONE',  ( 0.000000000000000000, 0.000000000000000000, 1.000000000000000000 ) ) ;
#2414 = VECTOR ( 'NONE', #3413, 1000.000000000000000 ) ;
#2415 = DIRECTION ( 'NONE',  ( 0.000000000000000000, 0.000000000000000000, 1.000000000000000000 ) ) ;
#2416 = ORIENTED_EDGE ( 'NONE', *, *, #3251, .F. ) ;
#2417 = VERTEX_POINT ( 'NONE', #3428 ) ;
#2418 = FILL_AREA_STYLE_COLOUR ( '', #2590 ) ;
#2419 = PLANE ( 'NONE',  #3447 ) ;
#2420 = VECTOR ( 'NONE', #3605, 1000.000000000000227 ) ;
#2421 = DIRECTION ( 'NONE',  ( -0.000000000000000000, 0.000000000000000000, 1.000000000000000000 ) ) ;
#2422 = AXIS2_PLACEMENT_3D ( 'NONE', #4057, #1884, #2250 ) ;
#2423 =( GEOMETRIC_REPRESENTATION_CONTEXT ( 3 ) GLOBAL_UNCERTAINTY_ASSIGNED_CONTEXT ( ( #844 ) ) GLOBAL_UNIT_ASSIGNED_CONTEXT ( ( #3744, #2434, #3790 ) ) REPRESENTATION_CONTEXT ( 'NONE', 'WORKASPACE' ) );
#2424 = ORIENTED_EDGE ( 'NONE', *, *, #3117, .F. ) ;
#2425 = CARTESIAN_POINT ( 'NONE',  ( 0.3812799999999999523, 0.8812800000000000633, -0.01872000000000000053 ) ) ;
#2426 = DIRECTION ( 'NONE',  ( 0.000000000000000000, 0.000000000000000000, 1.000000000000000000 ) ) ;
#2427 = CARTESIAN_POINT ( 'NONE',  ( 1.700000000000000178, 0.01872000000000000053, -0.01872000000000000053 ) ) ;
#2428 = CARTESIAN_POINT ( 'NONE',  ( -0.05199832028965649389, 0.8812799999999998413, -0.05666983717615741573 ) ) ;
#2429 = SURFACE_STYLE_USAGE ( .BOTH. , #295 ) ;
#2430 = EDGE_CURVE ( 'NONE', #53, #1374, #3878, .T. ) ;
#2431 = DIRECTION ( 'NONE',  ( 0.000000000000000000, 0.000000000000000000, 1.000000000000000000 ) ) ;
#2432 = EDGE_CURVE ( 'NONE', #3594, #734, #1754, .T. ) ;
#2433 = DIRECTION ( 'NONE',  ( 1.000000000000000000, 0.000000000000000000, 0.000000000000000000 ) ) ;
#2434 =( NAMED_UNIT ( * ) PLANE_ANGLE_UNIT ( ) SI_UNIT ( $, .RADIAN. ) );
#2435 = AXIS2_PLACEMENT_3D ( 'NONE', #2299, #4014, #2955 ) ;
#2436 = AXIS2_PLACEMENT_3D ( 'NONE', #4396, #1246, #2650 ) ;
#2437 = EDGE_CURVE ( 'NONE', #1238, #2905, #3602, .T. ) ;
#2438 = DIRECTION ( 'NONE',  ( -0.2762517575166416051, 0.000000000000000000, 0.9610853065513833560 ) ) ;
#2439 = CARTESIAN_POINT ( 'NONE',  ( 1.300028718627026292, 0.01975653298853949705, -0.8687027513749614460 ) ) ;
#2440 = VECTOR ( 'NONE', #4111, 1000.000000000000114 ) ;
#2441 = FILL_AREA_STYLE ('',( #281 ) ) ;
#2442 = ORIENTED_EDGE ( 'NONE', *, *, #4313, .F. ) ;
#2443 = EDGE_CURVE ( 'NONE', #3981, #3363, #22, .T. ) ;
#2444 = ORIENTED_EDGE ( 'NONE', *, *, #1658, .F. ) ;
#2445 =( NAMED_UNIT ( * ) PLANE_ANGLE_UNIT ( ) SI_UNIT ( $, .RADIAN. ) );
#2446 =( GEOMETRIC_REPRESENTATION_CONTEXT ( 3 ) GLOBAL_UNCERTAINTY_ASSIGNED_CONTEXT ( ( #3623 ) ) GLOBAL_UNIT_ASSIGNED_CONTEXT ( ( #2228, #723, #1888 ) ) REPRESENTATION_CONTEXT ( 'NONE', 'WORKASPACE' ) );
#2447 = CIRCLE ( 'NONE', #1113, 0.01871999999999995543 ) ;
#2448 = EDGE_LOOP ( 'NONE', ( #4395, #3526, #2860 ) ) ;
#2449 = CYLINDRICAL_SURFACE ( 'NONE', #3477, 0.01871999999999999706 ) ;
#2450 = FILL_AREA_STYLE ('',( #359 ) ) ;
#2451 = CARTESIAN_POINT ( 'NONE',  ( 0.7285933819114652765, 0.8862800000000000678, -0.4499999999999999556 ) ) ;
#2452 = DIRECTION ( 'NONE',  ( 0.000000000000000000, 1.000000000000000000, 0.000000000000000000 ) ) ;
#2453 = CARTESIAN_POINT ( 'NONE',  ( 0.3991790373499896627, 0.8757970389438122227, -0.02420296105618774396 ) ) ;
#2454 = SURFACE_SIDE_STYLE ('',( #1835 ) ) ;
#2455 = CARTESIAN_POINT ( 'NONE',  ( 1.300000000000000044, 0.01871999999999995543, -0.03743999999999991085 ) ) ;
#2456 = DIRECTION ( 'NONE',  ( 0.000000000000000000, 0.000000000000000000, -1.000000000000000000 ) ) ;
#2457 = UNCERTAINTY_MEASURE_WITH_UNIT (LENGTH_MEASURE( 1.000000000000000082E-05 ), #1981, 'distance_accuracy_value', 'NONE');
#2458 = LINE ( 'NONE', #3459, #3739 ) ;
#2459 = DIRECTION ( 'NONE',  ( 0.000000000000000000, 0.000000000000000000, 1.000000000000000000 ) ) ;
#2460 = EDGE_CURVE ( 'NONE', #2871, #649, #1127, .T. ) ;
#2461 =( NAMED_UNIT ( * ) PLANE_ANGLE_UNIT ( ) SI_UNIT ( $, .RADIAN. ) );
#2462 = VERTEX_POINT ( 'NONE', #2180 ) ;
#2463 = ORIENTED_EDGE ( 'NONE', *, *, #696, .F. ) ;
#2464 = CARTESIAN_POINT ( 'NONE',  ( 1.681280000000000108, 0.8812800000000000633, -0.8812800000000000633 ) ) ;
#2465 = SURFACE_STYLE_FILL_AREA ( #4524 ) ;
#2466 = DIRECTION ( 'NONE',  ( 0.000000000000000000, -1.000000000000000000, 0.000000000000000000 ) ) ;
#2467 = PRESENTATION_LAYER_ASSIGNMENT (  '', '', ( #1133 ) ) ;
#2468 = ORIENTED_EDGE ( 'NONE', *, *, #916, .F. ) ;
#2469 = DIRECTION ( 'NONE',  ( 1.000000000000000000, 0.000000000000000000, 0.000000000000000000 ) ) ;
#2470 = CARTESIAN_POINT ( 'NONE',  ( 1.300066540021254324, 0.02933389757054151448, -0.02043854728933964734 ) ) ;
#2471 = DIRECTION ( 'NONE',  ( 0.000000000000000000, -1.000000000000000000, 0.000000000000000000 ) ) ;
#2472 = UNCERTAINTY_MEASURE_WITH_UNIT (LENGTH_MEASURE( 1.000000000000000082E-05 ), #2841, 'distance_accuracy_value', 'NONE');
#2473 = CARTESIAN_POINT ( 'NONE',  ( 1.300066540021254324, 0.8795614527106603298, -0.02933389757054149019 ) ) ;
#2474 = FACE_OUTER_BOUND ( 'NONE', #1566, .T. ) ;
#2475 = DIRECTION ( 'NONE',  ( 1.000000000000000000, -0.000000000000000000, -0.000000000000000000 ) ) ;
#2476 = CARTESIAN_POINT ( 'NONE',  ( 1.300005149948295635, 0.8807450874833436805, -0.8674151316511045096 ) ) ;
#2477 = DIRECTION ( 'NONE',  ( 0.000000000000000000, 0.000000000000000000, 1.000000000000000000 ) ) ;
#2478 = DIRECTION ( 'NONE',  ( 0.000000000000000000, -1.000000000000000000, 0.000000000000000000 ) ) ;
#2479 = CARTESIAN_POINT ( 'NONE',  ( 0.7526549280338981074, 0.8812800000000000633, -0.4499999999999999556 ) ) ;
#2480 = DIRECTION ( 'NONE',  ( 1.000000000000000000, 0.000000000000000000, 0.000000000000000000 ) ) ;
#2481 = VECTOR ( 'NONE', #1189, 1000.000000000000000 ) ;
#2482 = ORIENTED_EDGE ( 'NONE', *, *, #1982, .F. ) ;
#2483 = ORIENTED_EDGE ( 'NONE', *, *, #2381, .F. ) ;
#2484 = EDGE_CURVE ( 'NONE', #4205, #4227, #4486, .T. ) ;
#2485 = CARTESIAN_POINT ( 'NONE',  ( 1.700000000000000178, 0.01872000000000000053, 0.000000000000000000 ) ) ;
#2486 = CARTESIAN_POINT ( 'NONE',  ( 1.008584383724218103, 0.8812800000000000633, -0.4500000000000000111 ) ) ;
#2487 = EDGE_CURVE ( 'NONE', #1398, #1648, #1809, .T. ) ;
#2488 = VECTOR ( 'NONE', #3056, 1000.000000000000000 ) ;
#2489 = VERTEX_POINT ( 'NONE', #4191 ) ;
#2490 = ORIENTED_EDGE ( 'NONE', *, *, #3164, .F. ) ;
#2491 = CARTESIAN_POINT ( 'NONE',  ( 0.9411901474715013149, 0.8812800000000000633, -0.4499999999999999556 ) ) ;
#2492 = MECHANICAL_DESIGN_GEOMETRIC_PRESENTATION_REPRESENTATION (  '', ( #4178 ), #3078 ) ;
#2493 = CARTESIAN_POINT ( 'NONE',  ( 1.681280000000000108, 0.8812800000000000633, -0.9000000000000000222 ) ) ;
#2494 = EDGE_CURVE ( 'NONE', #2042, #877, #3544, .T. ) ;
#2495 = VECTOR ( 'NONE', #814, 1000.000000000000114 ) ;
#2496 = CARTESIAN_POINT ( 'NONE',  ( 1.300000000000000044, 0.000000000000000000, -0.8812800000000000633 ) ) ;
#2497 = SURFACE_SIDE_STYLE ('',( #19 ) ) ;
#2498 = VERTEX_POINT ( 'NONE', #684 ) ;
#2499 = CARTESIAN_POINT ( 'NONE',  ( 1.318720000000000114, 0.01872000000000000053, -0.01872000000000000053 ) ) ;
#2500 = DIRECTION ( 'NONE',  ( 0.000000000000000000, 0.000000000000000000, -1.000000000000000000 ) ) ;
#2502 = ADVANCED_FACE ( 'NONE', ( #3213 ), #4552, .F. ) ;
#2501 =( NAMED_UNIT ( * ) PLANE_ANGLE_UNIT ( ) SI_UNIT ( $, .RADIAN. ) );
#2503 = DIRECTION ( 'NONE',  ( 0.05375259206908433729, 0.000000000000000000, -0.9985542843760946141 ) ) ;
#2504 =( GEOMETRIC_REPRESENTATION_CONTEXT ( 3 ) GLOBAL_UNCERTAINTY_ASSIGNED_CONTEXT ( ( #4517 ) ) GLOBAL_UNIT_ASSIGNED_CONTEXT ( ( #233, #3600, #2946 ) ) REPRESENTATION_CONTEXT ( 'NONE', 'WORKASPACE' ) );
#2505 = CARTESIAN_POINT ( 'NONE',  ( 0.3999999999999999667, 0.000000000000000000, -0.01871999999999995543 ) ) ;
#2506 = CYLINDRICAL_SURFACE ( 'NONE', #2435, 0.01871999999999995543 ) ;
#2507 = UNCERTAINTY_MEASURE_WITH_UNIT (LENGTH_MEASURE( 1.000000000000000082E-05 ), #1683, 'distance_accuracy_value', 'NONE');
#2508 = STYLED_ITEM ( 'NONE', ( #1488 ), #1849 ) ;
#2509 = STYLED_ITEM ( 'NONE', ( #3172 ), #2189 ) ;
#2510 =( LENGTH_UNIT ( ) NAMED_UNIT ( * ) SI_UNIT ( .MILLI., .METRE. ) );
#2511 = ORIENTED_EDGE ( 'NONE', *, *, #3507, .T. ) ;
#2512 = ORIENTED_EDGE ( 'NONE', *, *, #3780, .T. ) ;
#2513 = CARTESIAN_POINT ( 'NONE',  ( 1.681280000000000108, 0.8812800000000000633, 0.000000000000000000 ) ) ;
#2514 = CIRCLE ( 'NONE', #3098, 0.01872000000000006298 ) ;
#2515 = ORIENTED_EDGE ( 'NONE', *, *, #1137, .T. ) ;
#2516 = ORIENTED_EDGE ( 'NONE', *, *, #3953, .F. ) ;
#2517 = CARTESIAN_POINT ( 'NONE',  ( 0.9571083656340487744, 0.8812800000000000633, -0.5229400068966340021 ) ) ;
#2518 =( NAMED_UNIT ( * ) SI_UNIT ( $, .STERADIAN. ) SOLID_ANGLE_UNIT ( ) );
#2519 = PRESENTATION_LAYER_ASSIGNMENT (  '', '', ( #1339 ) ) ;
#2520 = COLOUR_RGB ( '',0.7686274509803920907, 0.7686274509803920907, 0.7686274509803920907 ) ;
#2521 = EDGE_CURVE ( 'NONE', #734, #3729, #1101, .T. ) ;
#2522 = CARTESIAN_POINT ( 'NONE',  ( 0.3999985942204242195, 0.01894941318858558293, -0.8654817459454151596 ) ) ;
#2523 = UNCERTAINTY_MEASURE_WITH_UNIT (LENGTH_MEASURE( 1.000000000000000082E-05 ), #599, 'distance_accuracy_value', 'NONE');
#2524 = ORIENTED_EDGE ( 'NONE', *, *, #4246, .F. ) ;
#2525 = CARTESIAN_POINT ( 'NONE',  ( 1.300000000000000044, 0.8812800000000000633, -0.03536344784022323051 ) ) ;
#2526 = MECHANICAL_DESIGN_GEOMETRIC_PRESENTATION_REPRESENTATION (  '', ( #1861 ), #3409 ) ;
#2527 =( NAMED_UNIT ( * ) SI_UNIT ( $, .STERADIAN. ) SOLID_ANGLE_UNIT ( ) );
#2528 = FILL_AREA_STYLE_COLOUR ( '', #4531 ) ;
#2529 = DIRECTION ( 'NONE',  ( 1.000000000000000000, 0.000000000000000000, 0.000000000000000000 ) ) ;
#2530 = SURFACE_STYLE_USAGE ( .BOTH. , #3608 ) ;
#2531 = CARTESIAN_POINT ( 'NONE',  ( 0.7007368558554073479, 0.8862800000000000678, -0.5013216725433518040 ) ) ;
#2532 =( NAMED_UNIT ( * ) SI_UNIT ( $, .STERADIAN. ) SOLID_ANGLE_UNIT ( ) );
#2533 = ORIENTED_EDGE ( 'NONE', *, *, #3267, .T. ) ;
#2534 = VERTEX_POINT ( 'NONE', #2815 ) ;
#2535 = FACE_OUTER_BOUND ( 'NONE', #2665, .T. ) ;
#2536 = COLOUR_RGB ( '',0.6470588235294117974, 0.5176470588235293491, 0.000000000000000000 ) ;
#2537 = ORIENTED_EDGE ( 'NONE', *, *, #648, .F. ) ;
#2538 = CARTESIAN_POINT ( 'NONE',  ( 1.299990937744513131, 0.03325849667091158174, -0.01907524921524894612 ) ) ;
#2539 = EDGE_CURVE ( 'NONE', #3207, #708, #2514, .T. ) ;
#2540 = VECTOR ( 'NONE', #3902, 1000.000000000000000 ) ;
#2541 = ORIENTED_EDGE ( 'NONE', *, *, #2101, .T. ) ;
#2542 = DIRECTION ( 'NONE',  ( -0.000000000000000000, 1.000000000000000000, -0.000000000000000000 ) ) ;
#2543 = CARTESIAN_POINT ( 'NONE',  ( 0.9411901474715013149, 0.8812800000000000633, -0.4499999999999999556 ) ) ;
#2544 = CARTESIAN_POINT ( 'NONE',  ( 0.7841301134981506493, 0.8812800000000000633, -0.5669619174648817816 ) ) ;
#2545 = EDGE_CURVE ( 'NONE', #1363, #1354, #654, .T. ) ;
#2546 = EDGE_CURVE ( 'NONE', #4381, #708, #3758, .T. ) ;
#2547 = PRESENTATION_STYLE_ASSIGNMENT (( #4539 ) ) ;
#2548 = DIRECTION ( 'NONE',  ( 1.000000000000000000, 0.000000000000000000, 0.000000000000000000 ) ) ;
#2549 = UNCERTAINTY_MEASURE_WITH_UNIT (LENGTH_MEASURE( 1.000000000000000082E-05 ), #1289, 'distance_accuracy_value', 'NONE');
#2550 = LINE ( 'NONE', #781, #1596 ) ;
#2551 = EDGE_CURVE ( 'NONE', #1089, #538, #800, .T. ) ;
#2552 =( NAMED_UNIT ( * ) SI_UNIT ( $, .STERADIAN. ) SOLID_ANGLE_UNIT ( ) );
#2553 = ORIENTED_EDGE ( 'NONE', *, *, #2915, .T. ) ;
#2554 = ORIENTED_EDGE ( 'NONE', *, *, #3340, .T. ) ;
#2555 = LINE ( 'NONE', #2191, #2495 ) ;
#2556 = ORIENTED_EDGE ( 'NONE', *, *, #111, .F. ) ;
#2557 = ORIENTED_EDGE ( 'NONE', *, *, #2793, .T. ) ;
#2558 = LINE ( 'NONE', #3688, #211 ) ;
#2559 = STYLED_ITEM ( 'NONE', ( #342 ), #3289 ) ;
#2560 = VECTOR ( 'NONE', #3079, 1000.000000000000000 ) ;
#2561 = CARTESIAN_POINT ( 'NONE',  ( 1.035711502692017616, 0.8862800000000000678, -0.5443787456248779799 ) ) ;
#2562 = ORIENTED_EDGE ( 'NONE', *, *, #3452, .T. ) ;
#2563 = PLANE ( 'NONE',  #3396 ) ;
#2564 = DIRECTION ( 'NONE',  ( 1.000000000000000000, 0.000000000000000000, 0.000000000000000000 ) ) ;
#2565 = PRESENTATION_STYLE_ASSIGNMENT (( #1150 ) ) ;
#2566 = DIRECTION ( 'NONE',  ( 0.000000000000000000, 0.000000000000000000, 1.000000000000000000 ) ) ;
#2567 = MECHANICAL_DESIGN_GEOMETRIC_PRESENTATION_REPRESENTATION (  '', ( #1454 ), #2928 ) ;
#2568 = EDGE_CURVE ( 'NONE', #1086, #2261, #2629, .T. ) ;
#2569 = EDGE_CURVE ( 'NONE', #1942, #4135, #1880, .T. ) ;
#2570 = DIRECTION ( 'NONE',  ( 0.000000000000000000, -1.000000000000000000, 0.000000000000000000 ) ) ;
#2571 = LINE ( 'NONE', #545, #3886 ) ;
#2572 = PRESENTATION_LAYER_ASSIGNMENT (  '', '', ( #2786 ) ) ;
#2573 = EDGE_CURVE ( 'NONE', #2258, #1165, #4305, .T. ) ;
#2574 = SURFACE_STYLE_FILL_AREA ( #1159 ) ;
#2575 = ORIENTED_EDGE ( 'NONE', *, *, #1217, .T. ) ;
#2576 = STYLED_ITEM ( 'NONE', ( #3655 ), #1937 ) ;
#2577 = ORIENTED_EDGE ( 'NONE', *, *, #4226, .T. ) ;
#2578 = DIRECTION ( 'NONE',  ( -0.2729786930695100589, 0.000000000000000000, 0.9620200793798756589 ) ) ;
#2579 = AXIS2_PLACEMENT_3D ( 'NONE', #4516, #1691, #2456 ) ;
#2580 = EDGE_CURVE ( 'NONE', #3748, #3386, #3649, .T. ) ;
#2581 = EDGE_LOOP ( 'NONE', ( #2756, #186, #3715, #1508 ) ) ;
#2582 = ORIENTED_EDGE ( 'NONE', *, *, #1272, .T. ) ;
#2583 = FILL_AREA_STYLE ('',( #4388 ) ) ;
#2584 = AXIS2_PLACEMENT_3D ( 'NONE', #436, #2839, #1382 ) ;
#2585 = COLOUR_RGB ( '',0.7686274509803920907, 0.7686274509803920907, 0.7686274509803920907 ) ;
#2586 = CARTESIAN_POINT ( 'NONE',  ( 1.318720000000000114, 0.8812800000000000633, -0.8812800000000000633 ) ) ;
#2587 = EDGE_LOOP ( 'NONE', ( #4130, #142, #974 ) ) ;
#2588 = CARTESIAN_POINT ( 'NONE',  ( 1.681280000000000108, 0.01872000000000000053, -0.01872000000000000053 ) ) ;
#2589 = VECTOR ( 'NONE', #2397, 1000.000000000000000 ) ;
#2590 = COLOUR_RGB ( '',0.7921568627450980005, 0.8196078431372548767, 0.9333333333333333481 ) ;
#2591 = VECTOR ( 'NONE', #891, 1000.000000000000114 ) ;
#2592 = DIRECTION ( 'NONE',  ( -0.2793947940878428460, 0.000000000000000000, 0.9601763114327555027 ) ) ;
#2593 =( NAMED_UNIT ( * ) PLANE_ANGLE_UNIT ( ) SI_UNIT ( $, .RADIAN. ) );
#2594 = DIRECTION ( 'NONE',  ( 0.9610853065513834670, 0.000000000000000000, 0.2762517575166416051 ) ) ;
#2595 = SURFACE_STYLE_USAGE ( .BOTH. , #1252 ) ;
#2596 = PLANE ( 'NONE',  #2639 ) ;
#2597 = MECHANICAL_DESIGN_GEOMETRIC_PRESENTATION_REPRESENTATION (  '', ( #1116 ), #1632 ) ;
#2598 = DIRECTION ( 'NONE',  ( 1.000000000000000000, -0.000000000000000000, 0.000000000000000000 ) ) ;
#2599 = VERTEX_POINT ( 'NONE', #2268 ) ;
#2600 = VECTOR ( 'NONE', #1310, 1000.000000000000000 ) ;
#2601 = CARTESIAN_POINT ( 'NONE',  ( 1.008584383724218103, 0.8862800000000000678, -0.4500000000000000111 ) ) ;
#2602 = EDGE_CURVE ( 'NONE', #1957, #708, #2245, .T. ) ;
#2603 = EDGE_LOOP ( 'NONE', ( #3462, #1493, #2072, #2899 ) ) ;
#2604 = ORIENTED_EDGE ( 'NONE', *, *, #3051, .F. ) ;
#2605 = CARTESIAN_POINT ( 'NONE',  ( 0.8924482504991361198, 0.8862800000000000678, -0.4722563433655573295 ) ) ;
#2606 =( NAMED_UNIT ( * ) PLANE_ANGLE_UNIT ( ) SI_UNIT ( $, .RADIAN. ) );
#2607 = FILL_AREA_STYLE_COLOUR ( '', #4251 ) ;
#2608 = ORIENTED_EDGE ( 'NONE', *, *, #953, .F. ) ;
#2609 = LINE ( 'NONE', #501, #4334 ) ;
#2610 = SURFACE_STYLE_USAGE ( .BOTH. , #801 ) ;
#2611 =( NAMED_UNIT ( * ) SI_UNIT ( $, .STERADIAN. ) SOLID_ANGLE_UNIT ( ) );
#2612 = FILL_AREA_STYLE_COLOUR ( '', #1315 ) ;
#2613 = STYLED_ITEM ( 'NONE', ( #3260 ), #1249 ) ;
#2614 = DIRECTION ( 'NONE',  ( -0.000000000000000000, -0.000000000000000000, -1.000000000000000000 ) ) ;
#2615 =( NAMED_UNIT ( * ) SI_UNIT ( $, .STERADIAN. ) SOLID_ANGLE_UNIT ( ) );
#2616 = DIRECTION ( 'NONE',  ( 0.2793947940878428460, 0.000000000000000000, -0.9601763114327555027 ) ) ;
#2617 = VERTEX_POINT ( 'NONE', #4351 ) ;
#2618 = ORIENTED_EDGE ( 'NONE', *, *, #605, .F. ) ;
#2619 = ORIENTED_EDGE ( 'NONE', *, *, #4477, .T. ) ;
#2620 = EDGE_CURVE ( 'NONE', #458, #261, #3670, .T. ) ;
#2621 = EDGE_CURVE ( 'NONE', #1648, #1461, #526, .T. ) ;
#2622 = ORIENTED_EDGE ( 'NONE', *, *, #1380, .F. ) ;
#2623 = CARTESIAN_POINT ( 'NONE',  ( 1.300820962650010237, 0.02420296105618779947, -0.02420296105618776478 ) ) ;
#2624 = CARTESIAN_POINT ( 'NONE',  ( 0.9571083656340487744, 0.8862800000000000678, -0.5229400068966340021 ) ) ;
#2625 = SURFACE_STYLE_USAGE ( .BOTH. , #908 ) ;
#2626 = EDGE_CURVE ( 'NONE', #3363, #3275, #2609, .T. ) ;
#2627 = ORIENTED_EDGE ( 'NONE', *, *, #2746, .T. ) ;
#2628 = AXIS2_PLACEMENT_3D ( 'NONE', #122, #33, #2578 ) ;
#2629 = LINE ( 'NONE', #88, #1696 ) ;
#2630 = SURFACE_STYLE_USAGE ( .BOTH. , #155 ) ;
#2631 = AXIS2_PLACEMENT_3D ( 'NONE', #3545, #1505, #396 ) ;
#2632 = CARTESIAN_POINT ( 'NONE',  ( 0.3997902057321688907, 0.8728129223206364529, -0.8783449301849893809 ) ) ;
#2633 = EDGE_CURVE ( 'NONE', #3687, #2968, #1544, .T. ) ;
#2634 = FILL_AREA_STYLE_COLOUR ( '', #279 ) ;
#2635 = PRESENTATION_STYLE_ASSIGNMENT (( #2677 ) ) ;
#2636 = DIRECTION ( 'NONE',  ( 0.2746459304917039379, 0.000000000000000000, -0.9615454294334438989 ) ) ;
#2637 = VECTOR ( 'NONE', #2061, 1000.000000000000000 ) ;
#2638 = AXIS2_PLACEMENT_3D ( 'NONE', #804, #1174, #2592 ) ;
#2639 = AXIS2_PLACEMENT_3D ( 'NONE', #2385, #1352, #1369 ) ;
#2640 = SURFACE_SIDE_STYLE ('',( #4360 ) ) ;
#2641 = ORIENTED_EDGE ( 'NONE', *, *, #2343, .T. ) ;
#2642 = ORIENTED_EDGE ( 'NONE', *, *, #3956, .T. ) ;
#2643 = FILL_AREA_STYLE ('',( #2989 ) ) ;
#2644 = ORIENTED_EDGE ( 'NONE', *, *, #2884, .T. ) ;
#2645 = ORIENTED_EDGE ( 'NONE', *, *, #1190, .F. ) ;
#2646 = SURFACE_STYLE_FILL_AREA ( #3019 ) ;
#2647 = FACE_OUTER_BOUND ( 'NONE', #3039, .T. ) ;
#2648 = PRESENTATION_LAYER_ASSIGNMENT (  '', '', ( #71 ) ) ;
#2649 = VERTEX_POINT ( 'NONE', #1924 ) ;
#2650 = DIRECTION ( 'NONE',  ( 1.000000000000000000, 0.000000000000000000, 0.000000000000000000 ) ) ;
#2651 = CARTESIAN_POINT ( 'NONE',  ( 0.5632162132868542281, 0.8812800000000000633, -0.5135071467863040473 ) ) ;
#2652 = VECTOR ( 'NONE', #1121, 1000.000000000000114 ) ;
#2653 = ADVANCED_FACE ( 'NONE', ( #4325 ), #1221, .F. ) ;
#2654 = SURFACE_STYLE_USAGE ( .BOTH. , #3286 ) ;
#2655 =( GEOMETRIC_REPRESENTATION_CONTEXT ( 3 ) GLOBAL_UNCERTAINTY_ASSIGNED_CONTEXT ( ( #2523 ) ) GLOBAL_UNIT_ASSIGNED_CONTEXT ( ( #599, #1980, #210 ) ) REPRESENTATION_CONTEXT ( 'NONE', 'WORKASPACE' ) );
#2656 = DIRECTION ( 'NONE',  ( -1.000000000000000000, 0.000000000000000000, 0.000000000000000000 ) ) ;
#2657 = DIRECTION ( 'NONE',  ( 0.000000000000000000, 0.000000000000000000, 1.000000000000000000 ) ) ;
#2658 = DIRECTION ( 'NONE',  ( 0.000000000000000000, -1.000000000000000000, 0.000000000000000000 ) ) ;
#2659 = VECTOR ( 'NONE', #89, 1000.000000000000000 ) ;
#2660 = PLANE ( 'NONE',  #1540 ) ;
#2661 = ORIENTED_EDGE ( 'NONE', *, *, #2321, .T. ) ;
#2662 = ORIENTED_EDGE ( 'NONE', *, *, #1982, .T. ) ;
#2663 =( NAMED_UNIT ( * ) SI_UNIT ( $, .STERADIAN. ) SOLID_ANGLE_UNIT ( ) );
#2664 = STYLED_ITEM ( 'NONE', ( #933 ), #3734 ) ;
#2665 = EDGE_LOOP ( 'NONE', ( #101, #2156, #2556, #1530 ) ) ;
#2666 = ORIENTED_EDGE ( 'NONE', *, *, #1243, .T. ) ;
#2667 = PLANE ( 'NONE',  #4558 ) ;
#2668 = DIRECTION ( 'NONE',  ( 0.000000000000000000, -1.000000000000000000, -2.352869297928611834E-15 ) ) ;
#2669 = DIRECTION ( 'NONE',  ( 0.000000000000000000, 0.000000000000000000, -1.000000000000000000 ) ) ;
#2670 = SURFACE_STYLE_FILL_AREA ( #1266 ) ;
#2671 = ORIENTED_EDGE ( 'NONE', *, *, #2019, .T. ) ;
#2672 = DIRECTION ( 'NONE',  ( 0.9999891854650020395, 0.000000000000000000, 0.004650693823683970003 ) ) ;
#2673 = LINE ( 'NONE', #3284, #1939 ) ;
#2674 = DIRECTION ( 'NONE',  ( 1.000000000000000000, 0.000000000000000000, 0.000000000000000000 ) ) ;
#2675 = EDGE_CURVE ( 'NONE', #3212, #2924, #1567, .T. ) ;
#2676 = MECHANICAL_DESIGN_GEOMETRIC_PRESENTATION_REPRESENTATION (  '', ( #317 ), #1284 ) ;
#2677 = SURFACE_STYLE_USAGE ( .BOTH. , #1550 ) ;
#2678 = ADVANCED_FACE ( 'NONE', ( #1170 ), #2948, .F. ) ;
#2679 = CARTESIAN_POINT ( 'NONE',  ( 0.5106128326548475815, 0.8862800000000000678, -0.5669619174648817816 ) ) ;
#2680 = DIRECTION ( 'NONE',  ( -1.000000000000000000, 0.000000000000000000, 0.000000000000000000 ) ) ;
#2681 = AXIS2_PLACEMENT_3D ( 'NONE', #866, #3044, #4438 ) ;
#2682 = FACE_OUTER_BOUND ( 'NONE', #1117, .T. ) ;
#2683 = ORIENTED_EDGE ( 'NONE', *, *, #991, .F. ) ;
#2684 = ADVANCED_FACE ( 'NONE', ( #1500 ), #2999, .F. ) ;
#2685 = EDGE_LOOP ( 'NONE', ( #3291, #1822, #746, #2763 ) ) ;
#2686 = SURFACE_STYLE_FILL_AREA ( #232 ) ;
#2687 = MECHANICAL_DESIGN_GEOMETRIC_PRESENTATION_REPRESENTATION (  '', ( #327 ), #2835 ) ;
#2688 = B_SPLINE_CURVE_WITH_KNOTS ( 'NONE', 3,
 ( #2769, #4171, #1010, #2086, #3143, #1384, #2791, #4193, #1032, #2453 ),
 .UNSPECIFIED., .F., .F.,
 ( 4, 3, 3, 4 ),
 ( 2.200199670763567777E-19, 6.229656479333814876E-06, 1.247217766221250390E-05, 1.466750761377694197E-05 ),
 .UNSPECIFIED. ) ;
#2689 = ORIENTED_EDGE ( 'NONE', *, *, #3387, .F. ) ;
#2690 = VERTEX_POINT ( 'NONE', #4051 ) ;
#2691 = PRESENTATION_STYLE_ASSIGNMENT (( #3801 ) ) ;
#2692 = CARTESIAN_POINT ( 'NONE',  ( 0.3998428459100324961, 0.02147083629094029625, -0.02745668939278090789 ) ) ;
#2693 = CARTESIAN_POINT ( 'NONE',  ( 1.681280000000000108, 0.000000000000000000, -0.8812800000000000633 ) ) ;
#2694 = EDGE_LOOP ( 'NONE', ( #3505, #919, #3955, #3917, #3138, #2339 ) ) ;
#2695 = CARTESIAN_POINT ( 'NONE',  ( 0.6630416901738630520, 0.8812800000000000633, -0.5446988170361243276 ) ) ;
#2696 = CARTESIAN_POINT ( 'NONE',  ( -0.05199832028965649389, 0.8862799999999998457, -0.05666983717615741573 ) ) ;
#2697 = CARTESIAN_POINT ( 'NONE',  ( 0.5793264743897623692, 0.8812800000000000633, -0.5669619174648817816 ) ) ;
#2698 = CYLINDRICAL_SURFACE ( 'NONE', #2082, 0.01871999999999999706 ) ;
#2699 = DIRECTION ( 'NONE',  ( 0.000000000000000000, 0.000000000000000000, 1.000000000000000000 ) ) ;
#2700 = FILL_AREA_STYLE_COLOUR ( '', #552 ) ;
#2701 =( GEOMETRIC_REPRESENTATION_CONTEXT ( 3 ) GLOBAL_UNCERTAINTY_ASSIGNED_CONTEXT ( ( #1110 ) ) GLOBAL_UNIT_ASSIGNED_CONTEXT ( ( #2114, #3564, #742 ) ) REPRESENTATION_CONTEXT ( 'NONE', 'WORKASPACE' ) );
#2702 = FACE_OUTER_BOUND ( 'NONE', #1094, .T. ) ;
#2703 = CARTESIAN_POINT ( 'NONE',  ( 0.6630416901738630520, 0.8862800000000000678, -0.5446988170361243276 ) ) ;
#2704 = VERTEX_POINT ( 'NONE', #542 ) ;
#2705 = CIRCLE ( 'NONE', #3299, 0.01871999999999995543 ) ;
#2706 = CARTESIAN_POINT ( 'NONE',  ( 1.700000000000000178, 0.01872000000000000053, 0.000000000000000000 ) ) ;
#2707 = LINE ( 'NONE', #996, #4367 ) ;
#2708 = ADVANCED_FACE ( 'NONE', ( #1148 ), #2563, .F. ) ;
#2709 = DIRECTION ( 'NONE',  ( 0.000000000000000000, -1.000000000000000000, 0.000000000000000000 ) ) ;
#2710 = ORIENTED_EDGE ( 'NONE', *, *, #4402, .T. ) ;
#2711 = ORIENTED_EDGE ( 'NONE', *, *, #515, .T. ) ;
#2712 = FACE_OUTER_BOUND ( 'NONE', #1581, .T. ) ;
#2713 = FACE_OUTER_BOUND ( 'NONE', #957, .T. ) ;
#2714 = LINE ( 'NONE', #2372, #13 ) ;
#2715 = DIRECTION ( 'NONE',  ( -1.000000000000000000, 0.000000000000000000, 0.000000000000000000 ) ) ;
#2716 =( BOUNDED_CURVE ( )  B_SPLINE_CURVE ( 3, ( #775, #4536, #45, #370 ),
 .UNSPECIFIED., .F., .T. ) 
 B_SPLINE_CURVE_WITH_KNOTS ( ( 4, 4 ),
 ( 1.570796326794896558, 1.868047688116101668 ),
 .UNSPECIFIED. ) 
 CURVE ( )  GEOMETRIC_REPRESENTATION_ITEM ( )  RATIONAL_B_SPLINE_CURVE ( ( 1.000000000000000000, 0.9926503465430338569, 0.9926503465430338569, 1.000000000000000000 ) ) 
 REPRESENTATION_ITEM ( '' )  );
#2717 = ORIENTED_EDGE ( 'NONE', *, *, #2621, .T. ) ;
#2718 = LINE ( 'NONE', #3120, #1995 ) ;
#2719 = PRESENTATION_LAYER_ASSIGNMENT (  '', '', ( #1462 ) ) ;
#2720 = DIRECTION ( 'NONE',  ( -0.2763173343569956808, 0.000000000000000000, 0.9610664548998910650 ) ) ;
#2721 = VECTOR ( 'NONE', #4199, 1000.000000000000000 ) ;
#2722 = LINE ( 'NONE', #3474, #3820 ) ;
#2723 = FILL_AREA_STYLE ('',( #4124 ) ) ;
#2724 = DIRECTION ( 'NONE',  ( 1.000000000000000000, -0.000000000000000000, -0.000000000000000000 ) ) ;
#2725 = LINE ( 'NONE', #3144, #123 ) ;
#2726 = MECHANICAL_DESIGN_GEOMETRIC_PRESENTATION_REPRESENTATION (  '', ( #1098 ), #2145 ) ;
#2727 = LINE ( 'NONE', #3453, #776 ) ;
#2728 = STYLED_ITEM ( 'NONE', ( #2739 ), #3122 ) ;
#2729 = SPHERICAL_SURFACE ( 'NONE', #3573, 0.01872000000000000053 ) ;
#2730 = CARTESIAN_POINT ( 'NONE',  ( 1.300000000000000044, 0.03743999999999993861, -0.8812800000000000633 ) ) ;
#2731 = ORIENTED_EDGE ( 'NONE', *, *, #4222, .T. ) ;
#2732 = UNCERTAINTY_MEASURE_WITH_UNIT (LENGTH_MEASURE( 1.000000000000000082E-05 ), #4519, 'distance_accuracy_value', 'NONE');
#2733 = CARTESIAN_POINT ( 'NONE',  ( 0.01872000000000006298, 0.01872000000000000053, -0.8812800000000000633 ) ) ;
#2734 = FILL_AREA_STYLE ('',( #1670 ) ) ;
#2735 = DIRECTION ( 'NONE',  ( 1.000000000000000000, 0.000000000000000000, 0.000000000000000000 ) ) ;
#2736 = VERTEX_POINT ( 'NONE', #3283 ) ;
#2737 = VECTOR ( 'NONE', #1478, 1000.000000000000000 ) ;
#2738 = ORIENTED_EDGE ( 'NONE', *, *, #3565, .F. ) ;
#2739 = PRESENTATION_STYLE_ASSIGNMENT (( #3365 ) ) ;
#2740 = ADVANCED_FACE ( 'NONE', ( #108 ), #2925, .F. ) ;
#2741 = LINE ( 'NONE', #2782, #2589 ) ;
#2742 = ORIENTED_EDGE ( 'NONE', *, *, #1362, .F. ) ;
#2743 = LINE ( 'NONE', #194, #293 ) ;
#2744 = AXIS2_PLACEMENT_3D ( 'NONE', #2531, #4162, #1458 ) ;
#2745 = DIRECTION ( 'NONE',  ( -1.000000000000000000, 0.000000000000000000, 0.000000000000000000 ) ) ;
#2746 = EDGE_CURVE ( 'NONE', #3898, #2534, #291, .T. ) ;
#2747 =( NAMED_UNIT ( * ) PLANE_ANGLE_UNIT ( ) SI_UNIT ( $, .RADIAN. ) );
#2748 = DIRECTION ( 'NONE',  ( -1.000000000000000000, 0.000000000000000000, 0.000000000000000000 ) ) ;
#2749 =( LENGTH_UNIT ( ) NAMED_UNIT ( * ) SI_UNIT ( .MILLI., .METRE. ) );
#2750 = FACE_OUTER_BOUND ( 'NONE', #2809, .T. ) ;
#2751 =( NAMED_UNIT ( * ) PLANE_ANGLE_UNIT ( ) SI_UNIT ( $, .RADIAN. ) );
#2752 = ORIENTED_EDGE ( 'NONE', *, *, #1904, .T. ) ;
#2753 = LINE ( 'NONE', #3433, #1671 ) ;
#2754 = CARTESIAN_POINT ( 'NONE',  ( 0.6505425459479202699, 0.8862800000000000678, -0.5013216725433518040 ) ) ;
#2755 = STYLED_ITEM ( 'NONE', ( #2010 ), #1345 ) ;
#2756 = ORIENTED_EDGE ( 'NONE', *, *, #4510, .T. ) ;
#2757 = EDGE_LOOP ( 'NONE', ( #4085, #2575, #647, #1509 ) ) ;
#2758 = CARTESIAN_POINT ( 'NONE',  ( 0.6422598091066761272, 0.8862800000000000678, -0.4722520757470474173 ) ) ;
#2759 = DIRECTION ( 'NONE',  ( 0.2763139702539146314, 0.000000000000000000, -0.9610674221107063930 ) ) ;
#2760 = DIRECTION ( 'NONE',  ( -1.000000000000000000, 0.000000000000000000, 0.000000000000000000 ) ) ;
#2761 = ADVANCED_FACE ( 'NONE', ( #4095 ), #1635, .T. ) ;
#2762 = EDGE_CURVE ( 'NONE', #2916, #2704, #1342, .T. ) ;
#2763 = ORIENTED_EDGE ( 'NONE', *, *, #3583, .F. ) ;
#2764 = CARTESIAN_POINT ( 'NONE',  ( 1.300000000000000044, 0.01872000000000000053, 0.000000000000000000 ) ) ;
#2765 = DIRECTION ( 'NONE',  ( 0.000000000000000000, 1.000000000000000000, 0.000000000000000000 ) ) ;
#2766 = EDGE_CURVE ( 'NONE', #1742, #878, #3424, .T. ) ;
#2767 = CARTESIAN_POINT ( 'NONE',  ( 0.01872000000000000053, 0.8812800000000000633, -0.8812800000000000633 ) ) ;
#2768 = CARTESIAN_POINT ( 'NONE',  ( 0.9571083656340487744, 0.8812800000000000633, -0.5229400068966340021 ) ) ;
#2769 = CARTESIAN_POINT ( 'NONE',  ( 0.3999999999999999667, 0.8625599999999998824, -0.01871999999999995543 ) ) ;
#2770 = DIRECTION ( 'NONE',  ( 0.000000000000000000, 0.000000000000000000, 1.000000000000000000 ) ) ;
#2771 = CARTESIAN_POINT ( 'NONE',  ( 0.7226539235260945881, 0.8862800000000000678, -0.5669619174648817816 ) ) ;
#2772 = EDGE_CURVE ( 'NONE', #234, #1942, #1855, .T. ) ;
#2773 = CARTESIAN_POINT ( 'NONE',  ( 0.3999999999999999667, 0.000000000000000000, -0.8812800000000000633 ) ) ;
#2774 = CARTESIAN_POINT ( 'NONE',  ( 1.300275680371868248, 0.02242289591205597066, -0.02242289591205594984 ) ) ;
#2775 = PRESENTATION_LAYER_ASSIGNMENT (  '', '', ( #3808 ) ) ;
#2776 = CARTESIAN_POINT ( 'NONE',  ( 0.8723733716153394546, 0.8862800000000000678, -0.5669619174648817816 ) ) ;
#2777 = VERTEX_POINT ( 'NONE', #2695 ) ;
#2778 = EDGE_LOOP ( 'NONE', ( #1721, #2050, #3183, #2562 ) ) ;
#2779 = LINE ( 'NONE', #1023, #1182 ) ;
#2780 = PRESENTATION_STYLE_ASSIGNMENT (( #1724 ) ) ;
#2781 = COLOUR_RGB ( '',0.6470588235294117974, 0.5176470588235293491, 0.000000000000000000 ) ;
#2782 = CARTESIAN_POINT ( 'NONE',  ( 0.9132450682316881618, 0.8862800000000000678, -0.5446949050520811797 ) ) ;
#2783 = VECTOR ( 'NONE', #3630, 1000.000000000000000 ) ;
#2784 = EDGE_LOOP ( 'NONE', ( #2619, #335, #1476, #4228 ) ) ;
#2785 = DIRECTION ( 'NONE',  ( 0.000000000000000000, 0.000000000000000000, -1.000000000000000000 ) ) ;
#2786 = STYLED_ITEM ( 'NONE', ( #244 ), #1615 ) ;
#2787 = SURFACE_STYLE_FILL_AREA ( #1752 ) ;
#2788 = DIRECTION ( 'NONE',  ( 0.000000000000000000, -1.000000000000000000, 0.000000000000000000 ) ) ;
#2789 = AXIS2_PLACEMENT_3D ( 'NONE', #30, #3936, #1138 ) ;
#2790 =( LENGTH_UNIT ( ) NAMED_UNIT ( * ) SI_UNIT ( .MILLI., .METRE. ) );
#2791 = CARTESIAN_POINT ( 'NONE',  ( 0.3995617034539863943, 0.8741599035517737537, -0.02274712289612579319 ) ) ;
#2792 = FILL_AREA_STYLE ('',( #3169 ) ) ;
#2793 = EDGE_CURVE ( 'NONE', #754, #3275, #2743, .T. ) ;
#2794 = B_SPLINE_CURVE_WITH_KNOTS ( 'NONE', 3,
 ( #2855, #386, #2538, #4212, #2470, #701, #2126, #3258, #1097, #1804 ),
 .UNSPECIFIED., .F., .F.,
 ( 4, 3, 3, 4 ),
 ( 1.396962523963085160E-20, 6.229656479333826734E-06, 1.247217766221258861E-05, 1.466750761377694536E-05 ),
 .UNSPECIFIED. ) ;
#2795 = CARTESIAN_POINT ( 'NONE',  ( 0.7796320926051598654, 0.8812800000000000633, -0.4834028208517092695 ) ) ;
#2796 =( GEOMETRIC_REPRESENTATION_CONTEXT ( 3 ) GLOBAL_UNCERTAINTY_ASSIGNED_CONTEXT ( ( #3199 ) ) GLOBAL_UNIT_ASSIGNED_CONTEXT ( ( #1927, #463, #1175 ) ) REPRESENTATION_CONTEXT ( 'NONE', 'WORKASPACE' ) );
#2797 = LINE ( 'NONE', #1736, #1978 ) ;
#2798 = DIRECTION ( 'NONE',  ( -1.000000000000000000, 0.000000000000000000, 0.000000000000000000 ) ) ;
#2799 = VECTOR ( 'NONE', #825, 1000.000000000000000 ) ;
#2800 = LINE ( 'NONE', #3128, #1749 ) ;
#2801 = PLANE ( 'NONE',  #2098 ) ;
#2802 = AXIS2_PLACEMENT_3D ( 'NONE', #603, #262, #4440 ) ;
#2803 = DIRECTION ( 'NONE',  ( 0.000000000000000000, 1.000000000000000000, 0.000000000000000000 ) ) ;
#2804 = EDGE_LOOP ( 'NONE', ( #2554, #3113, #1823, #2192 ) ) ;
#2805 = ORIENTED_EDGE ( 'NONE', *, *, #3755, .F. ) ;
#2806 = MECHANICAL_DESIGN_GEOMETRIC_PRESENTATION_REPRESENTATION (  '', ( #3255 ), #2446 ) ;
#2807 = CARTESIAN_POINT ( 'NONE',  ( 0.9069147669963621983, 0.8862800000000000678, -0.5229400068966340021 ) ) ;
#2808 =( GEOMETRIC_REPRESENTATION_CONTEXT ( 3 ) GLOBAL_UNCERTAINTY_ASSIGNED_CONTEXT ( ( #1125 ) ) GLOBAL_UNIT_ASSIGNED_CONTEXT ( ( #826, #3023, #3717 ) ) REPRESENTATION_CONTEXT ( 'NONE', 'WORKASPACE' ) );
#2809 = EDGE_LOOP ( 'NONE', ( #1935, #1468, #467, #3682, #422, #3443, #3639, #153, #4110, #3364, #3103, #1680, #4233, #4544, #3341, #3694, #1357 ) ) ;
#2810 = LINE ( 'NONE', #2491, #876 ) ;
#2811 = SPHERICAL_SURFACE ( 'NONE', #1941, 0.01872000000000000053 ) ;
#2812 = PRESENTATION_LAYER_ASSIGNMENT (  '', '', ( #1866 ) ) ;
#2813 = AXIS2_PLACEMENT_3D ( 'NONE', #4069, #4504, #906 ) ;
#2814 =( LENGTH_UNIT ( ) NAMED_UNIT ( * ) SI_UNIT ( .MILLI., .METRE. ) );
#2815 = CARTESIAN_POINT ( 'NONE',  ( 0.5439159073110521048, 0.8812800000000000633, -0.5669619174648817816 ) ) ;
#2816 = FACE_OUTER_BOUND ( 'NONE', #4157, .T. ) ;
#2817 = CARTESIAN_POINT ( 'NONE',  ( 1.300820962650010237, 0.02420296105618779947, -0.02420296105618776478 ) ) ;
#2818 = LINE ( 'NONE', #393, #2856 ) ;
#2819 = EDGE_CURVE ( 'NONE', #4280, #4419, #2399, .T. ) ;
#2820 = EDGE_CURVE ( 'NONE', #2375, #4522, #2718, .T. ) ;
#2821 = SURFACE_STYLE_USAGE ( .BOTH. , #1134 ) ;
#2822 = UNCERTAINTY_MEASURE_WITH_UNIT (LENGTH_MEASURE( 1.000000000000000082E-05 ), #4466, 'distance_accuracy_value', 'NONE');
#2823 = CARTESIAN_POINT ( 'NONE',  ( 0.9007459240060254890, 0.8862800000000000678, -0.5013216725431063336 ) ) ;
#2824 = EDGE_CURVE ( 'NONE', #538, #1923, #4119, .T. ) ;
#2825 = FACE_OUTER_BOUND ( 'NONE', #146, .T. ) ;
#2826 = ORIENTED_EDGE ( 'NONE', *, *, #4226, .F. ) ;
#2827 = VERTEX_POINT ( 'NONE', #3091 ) ;
#2828 = DIRECTION ( 'NONE',  ( 0.05596501978068185029, 0.000000000000000000, -0.9984327301130245802 ) ) ;
#2829 = VECTOR ( 'NONE', #4169, 1000.000000000000000 ) ;
#2830 = DIRECTION ( 'NONE',  ( 0.000000000000000000, -1.000000000000000000, 0.000000000000000000 ) ) ;
#2831 = EDGE_CURVE ( 'NONE', #4419, #1047, #4508, .T. ) ;
#2832 = ORIENTED_EDGE ( 'NONE', *, *, #1730, .T. ) ;
#2833 = ORIENTED_EDGE ( 'NONE', *, *, #3075, .F. ) ;
#2834 = PLANE ( 'NONE',  #2877 ) ;
#2835 =( GEOMETRIC_REPRESENTATION_CONTEXT ( 3 ) GLOBAL_UNCERTAINTY_ASSIGNED_CONTEXT ( ( #1485 ) ) GLOBAL_UNIT_ASSIGNED_CONTEXT ( ( #4515, #2040, #4081 ) ) REPRESENTATION_CONTEXT ( 'NONE', 'WORKASPACE' ) );
#2836 = LINE ( 'NONE', #3833, #2829 ) ;
#2837 = SURFACE_STYLE_USAGE ( .BOTH. , #1807 ) ;
#2838 = VERTEX_POINT ( 'NONE', #4074 ) ;
#2839 = DIRECTION ( 'NONE',  ( -0.000000000000000000, 0.000000000000000000, 1.000000000000000000 ) ) ;
#2840 = CARTESIAN_POINT ( 'NONE',  ( 1.681280000000000108, 0.01872000000000000053, -0.8812800000000000633 ) ) ;
#2841 =( LENGTH_UNIT ( ) NAMED_UNIT ( * ) SI_UNIT ( .MILLI., .METRE. ) );
#2842 = CARTESIAN_POINT ( 'NONE',  ( 0.3812799999999999523, 0.9000000000000000222, -0.01872000000000000053 ) ) ;
#2843 = LINE ( 'NONE', #743, #1883 ) ;
#2844 = STYLED_ITEM ( 'NONE', ( #1770 ), #815 ) ;
#2845 = ORIENTED_EDGE ( 'NONE', *, *, #1050, .T. ) ;
#2846 = EDGE_LOOP ( 'NONE', ( #4430, #772, #1799, #2541 ) ) ;
#2847 = CARTESIAN_POINT ( 'NONE',  ( 0.8723733716153394546, 0.8862800000000000678, -0.5669619174648817816 ) ) ;
#2848 = SURFACE_STYLE_FILL_AREA ( #3156 ) ;
#2849 = EDGE_CURVE ( 'NONE', #148, #2140, #3806, .T. ) ;
#2850 = AXIS2_PLACEMENT_3D ( 'NONE', #3315, #2324, #4020 ) ;
#2851 = ORIENTED_EDGE ( 'NONE', *, *, #3305, .T. ) ;
#2852 = ORIENTED_EDGE ( 'NONE', *, *, #2484, .F. ) ;
#2853 = DIRECTION ( 'NONE',  ( 0.000000000000000000, 0.000000000000000000, 1.000000000000000000 ) ) ;
#2854 = AXIS2_PLACEMENT_3D ( 'NONE', #774, #4216, #438 ) ;
#2855 = CARTESIAN_POINT ( 'NONE',  ( 1.300000000000000044, 0.03743999999999993861, -0.01871999999999995543 ) ) ;
#2856 = VECTOR ( 'NONE', #1812, 1000.000000000000000 ) ;
#2857 = MECHANICAL_DESIGN_GEOMETRIC_PRESENTATION_REPRESENTATION (  '', ( #486 ), #1311 ) ;
#2858 = CARTESIAN_POINT ( 'NONE',  ( 0.7584916080268581107, 0.8812800000000000633, -0.5541281207976742618 ) ) ;
#2859 = LINE ( 'NONE', #733, #721 ) ;
#2860 = ORIENTED_EDGE ( 'NONE', *, *, #1242, .F. ) ;
#2861 = DIRECTION ( 'NONE',  ( 0.000000000000000000, -1.000000000000000000, 0.000000000000000000 ) ) ;
#2862 =( GEOMETRIC_REPRESENTATION_CONTEXT ( 3 ) GLOBAL_UNCERTAINTY_ASSIGNED_CONTEXT ( ( #1762 ) ) GLOBAL_UNIT_ASSIGNED_CONTEXT ( ( #1515, #3059, #823 ) ) REPRESENTATION_CONTEXT ( 'NONE', 'WORKASPACE' ) );
#2863 = LINE ( 'NONE', #1755, #4052 ) ;
#2864 = CARTESIAN_POINT ( 'NONE',  ( 0.7838359292366701148, 0.8812800000000000633, -0.4499999999999999556 ) ) ;
#2865 = UNCERTAINTY_MEASURE_WITH_UNIT (LENGTH_MEASURE( 1.000000000000000082E-05 ), #3767, 'distance_accuracy_value', 'NONE');
#2866 = DIRECTION ( 'NONE',  ( 0.000000000000000000, -1.000000000000000000, 0.000000000000000000 ) ) ;
#2867 = VECTOR ( 'NONE', #544, 1000.000000000000000 ) ;
#2868 = DIRECTION ( 'NONE',  ( 1.000000000000000000, 0.000000000000000000, -0.000000000000000000 ) ) ;
#2869 = VECTOR ( 'NONE', #3327, 1000.000000000000000 ) ;
#2870 = DIRECTION ( 'NONE',  ( 0.000000000000000000, -0.000000000000000000, -1.000000000000000000 ) ) ;
#2871 = VERTEX_POINT ( 'NONE', #3470 ) ;
#2872 = EDGE_CURVE ( 'NONE', #4205, #2094, #910, .T. ) ;
#2873 = ORIENTED_EDGE ( 'NONE', *, *, #168, .T. ) ;
#2874 = LINE ( 'NONE', #3568, #2412 ) ;
#2875 = AXIS2_PLACEMENT_3D ( 'NONE', #1776, #2853, #2469 ) ;
#2876 = ORIENTED_EDGE ( 'NONE', *, *, #1638, .F. ) ;
#2877 = AXIS2_PLACEMENT_3D ( 'NONE', #2124, #3230, #3209 ) ;
#2878 = EDGE_CURVE ( 'NONE', #1706, #3661, #1473, .T. ) ;
#2879 = VERTEX_POINT ( 'NONE', #4229 ) ;
#2880 = DIRECTION ( 'NONE',  ( -1.000000000000000000, 0.000000000000000000, 0.000000000000000000 ) ) ;
#2881 = AXIS2_PLACEMENT_3D ( 'NONE', #2464, #4159, #92 ) ;
#2882 = DIRECTION ( 'NONE',  ( 0.000000000000000000, 0.000000000000000000, 1.000000000000000000 ) ) ;
#2883 =( NAMED_UNIT ( * ) PLANE_ANGLE_UNIT ( ) SI_UNIT ( $, .RADIAN. ) );
#2884 = EDGE_CURVE ( 'NONE', #4381, #3823, #4211, .T. ) ;
#2885 = VERTEX_POINT ( 'NONE', #3899 ) ;
#2886 =( NAMED_UNIT ( * ) PLANE_ANGLE_UNIT ( ) SI_UNIT ( $, .RADIAN. ) );
#2887 = PLANE ( 'NONE',  #345 ) ;
#2888 = APPLICATION_PROTOCOL_DEFINITION ( 'draft international standard', 'automotive_design', 1998, #1043 ) ;
#2889 = COLOUR_RGB ( '',0.7686274509803920907, 0.7686274509803920907, 0.7686274509803920907 ) ;
#2890 = SURFACE_SIDE_STYLE ('',( #760 ) ) ;
#2891 = CARTESIAN_POINT ( 'NONE',  ( 0.6362463785686596207, 0.8862800000000000678, -0.5669619174648817816 ) ) ;
#2892 = DIRECTION ( 'NONE',  ( -1.000000000000000000, 0.000000000000000000, 0.000000000000000000 ) ) ;
#2893 = PLANE ( 'NONE',  #2744 ) ;
#2894 = PLANE ( 'NONE',  #3606 ) ;
#2895 = ORIENTED_EDGE ( 'NONE', *, *, #4007, .F. ) ;
#2896 = ORIENTED_EDGE ( 'NONE', *, *, #2401, .T. ) ;
#2897 = SURFACE_STYLE_USAGE ( .BOTH. , #3274 ) ;
#2898 = EDGE_LOOP ( 'NONE', ( #1199, #1894, #170, #2582, #2282, #4182, #3513, #3799 ) ) ;
#2899 = ORIENTED_EDGE ( 'NONE', *, *, #4060, .T. ) ;
#2900 = DIRECTION ( 'NONE',  ( 0.000000000000000000, -0.000000000000000000, -1.000000000000000000 ) ) ;
#2901 = ADVANCED_FACE ( 'NONE', ( #729 ), #2834, .F. ) ;
#2902 = ADVANCED_FACE ( 'NONE', ( #1399 ), #3185, .T. ) ;
#2903 = SURFACE_STYLE_FILL_AREA ( #4257 ) ;
#2904 = PRESENTATION_STYLE_ASSIGNMENT (( #129 ) ) ;
#2905 = VERTEX_POINT ( 'NONE', #2517 ) ;
#2906 = DIRECTION ( 'NONE',  ( 0.000000000000000000, 0.000000000000000000, -1.000000000000000000 ) ) ;
#2907 = CARTESIAN_POINT ( 'NONE',  ( 0.3999999999999999667, 0.8812800000000000633, -0.8646365521597767501 ) ) ;
#2908 = SURFACE_STYLE_FILL_AREA ( #212 ) ;
#2909 = DIRECTION ( 'NONE',  ( 1.000000000000000000, 0.000000000000000000, 0.000000000000000000 ) ) ;
#2910 = ADVANCED_FACE ( 'NONE', ( #4529 ), #357, .F. ) ;
#2911 = CARTESIAN_POINT ( 'NONE',  ( 0.3999999999999999667, 0.8625599999999998824, -0.8812800000000000633 ) ) ;
#2912 = DIRECTION ( 'NONE',  ( 0.000000000000000000, 0.000000000000000000, -1.000000000000000000 ) ) ;
#2913 = FACE_OUTER_BOUND ( 'NONE', #618, .T. ) ;
#2914 = FACE_OUTER_BOUND ( 'NONE', #613, .T. ) ;
#2915 = EDGE_CURVE ( 'NONE', #2885, #4522, #3139, .T. ) ;
#2916 = VERTEX_POINT ( 'NONE', #16 ) ;
#2917 = ORIENTED_EDGE ( 'NONE', *, *, #3452, .F. ) ;
#2918 = ORIENTED_EDGE ( 'NONE', *, *, #1472, .T. ) ;
#2919 = EDGE_LOOP ( 'NONE', ( #2988, #909, #673 ) ) ;
#2920 = DIRECTION ( 'NONE',  ( -1.000000000000000000, -0.000000000000000000, -0.000000000000000000 ) ) ;
#2921 = CIRCLE ( 'NONE', #117, 0.01872000000000000053 ) ;
#2922 =( LENGTH_UNIT ( ) NAMED_UNIT ( * ) SI_UNIT ( .MILLI., .METRE. ) );
#2923 =( LENGTH_UNIT ( ) NAMED_UNIT ( * ) SI_UNIT ( .MILLI., .METRE. ) );
#2924 = VERTEX_POINT ( 'NONE', #1803 ) ;
#2925 = PLANE ( 'NONE',  #1546 ) ;
#2926 = PRODUCT_RELATED_PRODUCT_CATEGORY ( 'part', '', ( #1180 ) ) ;
#2927 = STYLED_ITEM ( 'NONE', ( #1629 ), #758 ) ;
#2928 =( GEOMETRIC_REPRESENTATION_CONTEXT ( 3 ) GLOBAL_UNCERTAINTY_ASSIGNED_CONTEXT ( ( #3104 ) ) GLOBAL_UNIT_ASSIGNED_CONTEXT ( ( #1223, #135, #3675 ) ) REPRESENTATION_CONTEXT ( 'NONE', 'WORKASPACE' ) );
#2929 = PRESENTATION_STYLE_ASSIGNMENT (( #1524 ) ) ;
#2930 = EDGE_CURVE ( 'NONE', #602, #3295, #1377, .T. ) ;
#2931 = FILL_AREA_STYLE ('',( #1952 ) ) ;
#2932 = CARTESIAN_POINT ( 'NONE',  ( 0.7838359292366701148, 0.8812800000000000633, -0.4499999999999999556 ) ) ;
#2933 = PRESENTATION_LAYER_ASSIGNMENT (  '', '', ( #935 ) ) ;
#2934 = DIRECTION ( 'NONE',  ( -0.9619530280415443668, 0.000000000000000000, -0.2732148821746424594 ) ) ;
#2935 = ORIENTED_EDGE ( 'NONE', *, *, #216, .F. ) ;
#2936 = AXIS2_PLACEMENT_3D ( 'NONE', #1797, #3635, #75 ) ;
#2937 = EDGE_CURVE ( 'NONE', #3548, #381, #2810, .T. ) ;
#2938 = ORIENTED_EDGE ( 'NONE', *, *, #4121, .F. ) ;
#2939 = CARTESIAN_POINT ( 'NONE',  ( 0.7070970304222033986, 0.8862800000000000678, -0.4722520757470474173 ) ) ;
#2940 = ORIENTED_EDGE ( 'NONE', *, *, #980, .T. ) ;
#2941 = ORIENTED_EDGE ( 'NONE', *, *, #1271, .F. ) ;
#2942 = SURFACE_SIDE_STYLE ('',( #126 ) ) ;
#2943 = AXIS2_PLACEMENT_3D ( 'NONE', #2110, #2861, #3518 ) ;
#2944 = VECTOR ( 'NONE', #61, 1000.000000000000000 ) ;
#2945 =( LENGTH_UNIT ( ) NAMED_UNIT ( * ) SI_UNIT ( .MILLI., .METRE. ) );
#2946 =( NAMED_UNIT ( * ) SI_UNIT ( $, .STERADIAN. ) SOLID_ANGLE_UNIT ( ) );
#2947 = VERTEX_POINT ( 'NONE', #3874 ) ;
#2948 = PLANE ( 'NONE',  #947 ) ;
#2949 = CARTESIAN_POINT ( 'NONE',  ( 0.3999712813729735528, 0.8802434670114605009, -0.8687027513749614460 ) ) ;
#2950 = VECTOR ( 'NONE', #2759, 1000.000000000000114 ) ;
#2951 = AXIS2_PLACEMENT_3D ( 'NONE', #1335, #3465, #2052 ) ;
#2952 = PRODUCT_CONTEXT ( 'NONE', #1043, 'mechanical' ) ;
#2953 = VECTOR ( 'NONE', #2017, 1000.000000000000000 ) ;
#2954 = CARTESIAN_POINT ( 'NONE',  ( 0.000000000000000000, 0.000000000000000000, -0.8812800000000000633 ) ) ;
#2955 = DIRECTION ( 'NONE',  ( 0.000000000000000000, 0.000000000000000000, -1.000000000000000000 ) ) ;
#2956 = LINE ( 'NONE', #1177, #1340 ) ;
#2957 = FACE_OUTER_BOUND ( 'NONE', #1650, .T. ) ;
#2958 = FILL_AREA_STYLE_COLOUR ( '', #1745 ) ;
#2959 = MECHANICAL_DESIGN_GEOMETRIC_PRESENTATION_REPRESENTATION (  '', ( #1866 ), #3773 ) ;
#2960 = EDGE_CURVE ( 'NONE', #3805, #2257, #38, .T. ) ;
#2961 = ADVANCED_FACE ( 'NONE', ( #1028 ), #2449, .T. ) ;
#2962 =( NAMED_UNIT ( * ) PLANE_ANGLE_UNIT ( ) SI_UNIT ( $, .RADIAN. ) );
#2963 = ORIENTED_EDGE ( 'NONE', *, *, #2546, .T. ) ;
#2964 = PRESENTATION_LAYER_ASSIGNMENT (  '', '', ( #1778 ) ) ;
#2965 = ORIENTED_EDGE ( 'NONE', *, *, #696, .T. ) ;
#2966 = PRESENTATION_STYLE_ASSIGNMENT (( #879 ) ) ;
#2967 = ADVANCED_FACE ( 'NONE', ( #3160 ), #2104, .F. ) ;
#2968 = VERTEX_POINT ( 'NONE', #3257 ) ;
#2969 = EDGE_LOOP ( 'NONE', ( #4507, #3614, #1913, #3132 ) ) ;
#2970 = FILL_AREA_STYLE_COLOUR ( '', #4283 ) ;
#2971 = EDGE_CURVE ( 'NONE', #3725, #1142, #2287, .T. ) ;
#2972 = STYLED_ITEM ( 'NONE', ( #1796 ), #1123 ) ;
#2973 = FILL_AREA_STYLE_COLOUR ( '', #3722 ) ;
#2974 = LINE ( 'NONE', #3774, #1163 ) ;
#2975 = UNCERTAINTY_MEASURE_WITH_UNIT (LENGTH_MEASURE( 1.000000000000000082E-05 ), #1513, 'distance_accuracy_value', 'NONE');
#2976 = ORIENTED_EDGE ( 'NONE', *, *, #1277, .T. ) ;
#2977 = DIRECTION ( 'NONE',  ( 0.000000000000000000, 0.000000000000000000, -1.000000000000000000 ) ) ;
#2978 = B_SPLINE_CURVE_WITH_KNOTS ( 'NONE', 3,
 ( #56, #402, #3615, #4277, #1465, #1118, #1141, #1437, #1848, #3958 ),
 .UNSPECIFIED., .F., .F.,
 ( 4, 3, 3, 4 ),
 ( 2.168404344971008868E-19, 6.229656479333806406E-06, 1.247217766221250729E-05, 1.466750761377692334E-05 ),
 .UNSPECIFIED. ) ;
#2979 = VECTOR ( 'NONE', #2198, 1000.000000000000000 ) ;
#2980 = PRESENTATION_STYLE_ASSIGNMENT (( #112 ) ) ;
#2981 = AXIS2_PLACEMENT_3D ( 'NONE', #2586, #3234, #1541 ) ;
#2982 = CARTESIAN_POINT ( 'NONE',  ( 0.7163307349886367525, 0.8812800000000000633, -0.5446988170361243276 ) ) ;
#2983 = CARTESIAN_POINT ( 'NONE',  ( 0.3999999999999999667, 0.03743999999999993861, -0.8812800000000000633 ) ) ;
#2984 = CARTESIAN_POINT ( 'NONE',  ( 0.7007368558554073479, 0.8812800000000000633, -0.5013216725433518040 ) ) ;
#2985 = MECHANICAL_DESIGN_GEOMETRIC_PRESENTATION_REPRESENTATION (  '', ( #1731 ), #3511 ) ;
#2986 = CARTESIAN_POINT ( 'NONE',  ( 1.681280000000000108, 0.01872000000000000053, -0.01872000000000000053 ) ) ;
#2987 = EDGE_LOOP ( 'NONE', ( #87, #3090, #14, #3011 ) ) ;
#2988 = ORIENTED_EDGE ( 'NONE', *, *, #3977, .F. ) ;
#2989 = FILL_AREA_STYLE_COLOUR ( '', #3563 ) ;
#2990 = VERTEX_POINT ( 'NONE', #2623 ) ;
#2991 = ORIENTED_EDGE ( 'NONE', *, *, #551, .F. ) ;
#2992 = CARTESIAN_POINT ( 'NONE',  ( 1.700000000000000178, 0.8812800000000000633, -0.01872000000000000053 ) ) ;
#2993 = EDGE_CURVE ( 'NONE', #4087, #4135, #2221, .T. ) ;
#2994 = SURFACE_SIDE_STYLE ('',( #3394 ) ) ;
#2995 = FACE_OUTER_BOUND ( 'NONE', #2581, .T. ) ;
#2996 = MECHANICAL_DESIGN_GEOMETRIC_PRESENTATION_REPRESENTATION (  '', ( #2121 ), #1666 ) ;
#2997 = ORIENTED_EDGE ( 'NONE', *, *, #58, .T. ) ;
#2998 = VECTOR ( 'NONE', #3658, 999.9999999999998863 ) ;
#2999 = PLANE ( 'NONE',  #2436 ) ;
#3000 = DIRECTION ( 'NONE',  ( 0.000000000000000000, 0.000000000000000000, 1.000000000000000000 ) ) ;
#3001 = EDGE_CURVE ( 'NONE', #2617, #3212, #1853, .T. ) ;
#3002 = PRODUCT_DEFINITION_FORMATION_WITH_SPECIFIED_SOURCE ( 'ANY', '', #1180, .NOT_KNOWN. ) ;
#3003 = AXIS2_PLACEMENT_3D ( 'NONE', #465, #4059, #1178 ) ;
#3004 = CARTESIAN_POINT ( 'NONE',  ( 0.4000004629087320906, 0.8645168067204428430, -0.8812030593801266631 ) ) ;
#3005 = CARTESIAN_POINT ( 'NONE',  ( 0.6178175509797150244, 0.8862800000000000678, -0.5669619174648817816 ) ) ;
#3006 = CARTESIAN_POINT ( 'NONE',  ( 0.4000090622554866027, 0.03325849667091158868, -0.8809247507847510761 ) ) ;
#3007 = LINE ( 'NONE', #4038, #4390 ) ;
#3008 = CARTESIAN_POINT ( 'NONE',  ( 0.3812799999999998968, 0.000000000000000000, -0.9000000000000000222 ) ) ;
#3009 = AXIS2_PLACEMENT_3D ( 'NONE', #1837, #1, #3607 ) ;
#3010 = FACE_OUTER_BOUND ( 'NONE', #1021, .T. ) ;
#3011 = ORIENTED_EDGE ( 'NONE', *, *, #1746, .T. ) ;
#3012 = ORIENTED_EDGE ( 'NONE', *, *, #1099, .F. ) ;
#3013 = VECTOR ( 'NONE', #2242, 1000.000000000000000 ) ;
#3014 = FACE_OUTER_BOUND ( 'NONE', #900, .T. ) ;
#3015 = AXIS2_PLACEMENT_3D ( 'NONE', #2367, #2735, #4133 ) ;
#3016 = ORIENTED_EDGE ( 'NONE', *, *, #2215, .F. ) ;
#3017 = ORIENTED_EDGE ( 'NONE', *, *, #2626, .F. ) ;
#3018 = DIRECTION ( 'NONE',  ( 0.000000000000000000, 0.000000000000000000, -1.000000000000000000 ) ) ;
#3019 = FILL_AREA_STYLE ('',( #4092 ) ) ;
#3020 = EDGE_CURVE ( 'NONE', #2094, #148, #2558, .T. ) ;
#3021 = ORIENTED_EDGE ( 'NONE', *, *, #1579, .T. ) ;
#3022 = DIRECTION ( 'NONE',  ( 0.000000000000000000, 0.000000000000000000, 1.000000000000000000 ) ) ;
#3023 =( NAMED_UNIT ( * ) PLANE_ANGLE_UNIT ( ) SI_UNIT ( $, .RADIAN. ) );
#3024 = COLOUR_RGB ( '',0.7686274509803920907, 0.7686274509803920907, 0.7686274509803920907 ) ;
#3025 = EDGE_CURVE ( 'NONE', #2140, #2148, #1702, .T. ) ;
#3026 = PRESENTATION_STYLE_ASSIGNMENT (( #1990 ) ) ;
#3027 = DIRECTION ( 'NONE',  ( -0.000000000000000000, 1.000000000000000000, -0.000000000000000000 ) ) ;
#3028 = MECHANICAL_DESIGN_GEOMETRIC_PRESENTATION_REPRESENTATION (  '', ( #443 ), #1779 ) ;
#3029 = FILL_AREA_STYLE ('',( #1617 ) ) ;
#3030 = LINE ( 'NONE', #3653, #3885 ) ;
#3031 = DIRECTION ( 'NONE',  ( 0.2746918797667152745, 0.000000000000000000, -0.9615323037684320173 ) ) ;
#3032 = CIRCLE ( 'NONE', #1344, 0.01871999999999995543 ) ;
#3033 = FILL_AREA_STYLE_COLOUR ( '', #177 ) ;
#3034 = ORIENTED_EDGE ( 'NONE', *, *, #2849, .T. ) ;
#3035 = EDGE_LOOP ( 'NONE', ( #77, #1576, #2327 ) ) ;
#3036 = VECTOR ( 'NONE', #2880, 1000.000000000000000 ) ;
#3037 = LINE ( 'NONE', #1282, #1522 ) ;
#3038 = AXIS2_PLACEMENT_3D ( 'NONE', #4416, #1678, #1264 ) ;
#3039 = EDGE_LOOP ( 'NONE', ( #3152, #554, #3236, #1700 ) ) ;
#3040 = ORIENTED_EDGE ( 'NONE', *, *, #1154, .T. ) ;
#3041 = PLANE ( 'NONE',  #956 ) ;
#3042 = DIRECTION ( 'NONE',  ( 0.000000000000000000, 0.000000000000000000, 1.000000000000000000 ) ) ;
#3043 = LINE ( 'NONE', #4415, #2950 ) ;
#3044 = DIRECTION ( 'NONE',  ( -0.9985542843760947251, 0.000000000000000000, -0.05375259206908434423 ) ) ;
#3045 = ORIENTED_EDGE ( 'NONE', *, *, #2240, .F. ) ;
#3046 = SURFACE_STYLE_FILL_AREA ( #3494 ) ;
#3047 = EDGE_CURVE ( 'NONE', #1354, #3577, #1931, .T. ) ;
#3048 = DIRECTION ( 'NONE',  ( 1.000000000000000000, -0.000000000000000000, -0.000000000000000000 ) ) ;
#3049 = SURFACE_SIDE_STYLE ('',( #2036 ) ) ;
#3050 = CARTESIAN_POINT ( 'NONE',  ( 1.300000000000000266, 0.02058171014935428547, -0.8794182898506457402 ) ) ;
#3051 = EDGE_CURVE ( 'NONE', #3641, #4380, #3962, .T. ) ;
#3052 = DIRECTION ( 'NONE',  ( 0.000000000000000000, 1.000000000000000000, 0.000000000000000000 ) ) ;
#3053 = MECHANICAL_DESIGN_GEOMETRIC_PRESENTATION_REPRESENTATION (  '', ( #1810 ), #2176 ) ;
#3054 = PLANE ( 'NONE',  #2214 ) ;
#3055 = ORIENTED_EDGE ( 'NONE', *, *, #2295, .T. ) ;
#3056 = DIRECTION ( 'NONE',  ( -0.000000000000000000, 1.000000000000000000, -0.000000000000000000 ) ) ;
#3057 = SURFACE_STYLE_FILL_AREA ( #2643 ) ;
#3058 = EDGE_CURVE ( 'NONE', #3326, #1164, #3943, .T. ) ;
#3059 =( NAMED_UNIT ( * ) PLANE_ANGLE_UNIT ( ) SI_UNIT ( $, .RADIAN. ) );
#3060 = EDGE_LOOP ( 'NONE', ( #2965, #818, #1847, #3437 ) ) ;
#3061 = ORIENTED_EDGE ( 'NONE', *, *, #2019, .F. ) ;
#3062 = CARTESIAN_POINT ( 'NONE',  ( 0.3999999999999999667, 0.01871999999999995543, -0.03743999999999991085 ) ) ;
#3063 = ORIENTED_EDGE ( 'NONE', *, *, #4532, .T. ) ;
#3064 = CARTESIAN_POINT ( 'NONE',  ( 0.9668435154103485196, 0.8862800000000000678, -0.5445441158540770266 ) ) ;
#3065 =( BOUNDED_CURVE ( )  B_SPLINE_CURVE ( 3, ( #3476, #3050, #297, #3125 ),
 .UNSPECIFIED., .F., .T. ) 
 B_SPLINE_CURVE_WITH_KNOTS ( ( 4, 4 ),
 ( 1.570796326794895448, 1.868047688116101668 ),
 .UNSPECIFIED. ) 
 CURVE ( )  GEOMETRIC_REPRESENTATION_ITEM ( )  RATIONAL_B_SPLINE_CURVE ( ( 1.000000000000000000, 0.9926503465430338569, 0.9926503465430338569, 1.000000000000000000 ) ) 
 REPRESENTATION_ITEM ( '' )  );
#3066 = CARTESIAN_POINT ( 'NONE',  ( 1.002401315337855037, 0.8862800000000000678, -0.5443787456251681922 ) ) ;
#3067 = VECTOR ( 'NONE', #4447, 1000.000000000000000 ) ;
#3068 = SURFACE_STYLE_FILL_AREA ( #1639 ) ;
#3069 =( NAMED_UNIT ( * ) SI_UNIT ( $, .STERADIAN. ) SOLID_ANGLE_UNIT ( ) );
#3070 = DIRECTION ( 'NONE',  ( 0.000000000000000000, -1.000000000000000000, 0.000000000000000000 ) ) ;
#3071 = PRESENTATION_STYLE_ASSIGNMENT (( #2595 ) ) ;
#3072 = CARTESIAN_POINT ( 'NONE',  ( -0.05199832028965649389, 0.8812799999999998413, -0.05666983717615741573 ) ) ;
#3073 = CIRCLE ( 'NONE', #1074, 0.01872000000000006298 ) ;
#3074 =( LENGTH_UNIT ( ) NAMED_UNIT ( * ) SI_UNIT ( .MILLI., .METRE. ) );
#3075 = EDGE_CURVE ( 'NONE', #97, #2079, #1166, .T. ) ;
#3076 = CARTESIAN_POINT ( 'NONE',  ( 1.299999537091267809, 0.03548319327955702651, -0.8812030593801267742 ) ) ;
#3077 = ORIENTED_EDGE ( 'NONE', *, *, #395, .T. ) ;
#3078 =( GEOMETRIC_REPRESENTATION_CONTEXT ( 3 ) GLOBAL_UNCERTAINTY_ASSIGNED_CONTEXT ( ( #780 ) ) GLOBAL_UNIT_ASSIGNED_CONTEXT ( ( #711, #1450, #2527 ) ) REPRESENTATION_CONTEXT ( 'NONE', 'WORKASPACE' ) );
#3079 = DIRECTION ( 'NONE',  ( 0.000000000000000000, 0.000000000000000000, -1.000000000000000000 ) ) ;
#3080 = FACE_OUTER_BOUND ( 'NONE', #3083, .T. ) ;
#3081 = PRESENTATION_LAYER_ASSIGNMENT (  '', '', ( #2031 ) ) ;
#3082 = PRESENTATION_LAYER_ASSIGNMENT (  '', '', ( #486 ) ) ;
#3083 = EDGE_LOOP ( 'NONE', ( #2717, #2622, #473, #2832 ) ) ;
#3084 = PRESENTATION_LAYER_ASSIGNMENT (  '', '', ( #3676 ) ) ;
#3085 = ORIENTED_EDGE ( 'NONE', *, *, #1183, .F. ) ;
#3086 =( NAMED_UNIT ( * ) SI_UNIT ( $, .STERADIAN. ) SOLID_ANGLE_UNIT ( ) );
#3087 = SURFACE_STYLE_USAGE ( .BOTH. , #1703 ) ;
#3088 = CARTESIAN_POINT ( 'NONE',  ( 0.5895403086485699884, 0.8812800000000000633, -0.4500000000000000111 ) ) ;
#3089 = PRESENTATION_LAYER_ASSIGNMENT (  '', '', ( #4401 ) ) ;
#3090 = ORIENTED_EDGE ( 'NONE', *, *, #2915, .F. ) ;
#3091 = CARTESIAN_POINT ( 'NONE',  ( 0.6567113889383993097, 0.8862800000000000678, -0.5229439188807396555 ) ) ;
#3092 = VECTOR ( 'NONE', #164, 1000.000000000000114 ) ;
#3093 = DIRECTION ( 'NONE',  ( 0.000000000000000000, -1.000000000000000000, 0.000000000000000000 ) ) ;
#3094 = VECTOR ( 'NONE', #2548, 1000.000000000000000 ) ;
#3095 = CARTESIAN_POINT ( 'NONE',  ( 0.3999999999999999667, 0.01871999999999995543, -0.8812800000000000633 ) ) ;
#3096 = CARTESIAN_POINT ( 'NONE',  ( 0.7838359292366701148, 0.8862800000000000678, -0.4499999999999999556 ) ) ;
#3097 = DIRECTION ( 'NONE',  ( 1.000000000000000000, -0.000000000000000000, -0.000000000000000000 ) ) ;
#3098 = AXIS2_PLACEMENT_3D ( 'NONE', #1426, #1785, #3193 ) ;
#3099 = CARTESIAN_POINT ( 'NONE',  ( 0.8528219873056229750, 0.8862800000000000678, -0.4499999999999999556 ) ) ;
#3100 = VECTOR ( 'NONE', #1005, 1000.000000000000000 ) ;
#3101 = DIRECTION ( 'NONE',  ( 0.000000000000000000, 0.000000000000000000, 1.000000000000000000 ) ) ;
#3102 = DIRECTION ( 'NONE',  ( -0.2793947940814949793, 0.000000000000000000, 0.9601763114346026917 ) ) ;
#3103 = ORIENTED_EDGE ( 'NONE', *, *, #4532, .F. ) ;
#3104 = UNCERTAINTY_MEASURE_WITH_UNIT (LENGTH_MEASURE( 1.000000000000000082E-05 ), #1223, 'distance_accuracy_value', 'NONE');
#3105 = CARTESIAN_POINT ( 'NONE',  ( 0.8390702969591441462, 0.8862800000000000678, -0.5546295660076514533 ) ) ;
#3106 = CARTESIAN_POINT ( 'NONE',  ( 1.300157154089967459, 0.02147083629094025461, -0.8725433106072190137 ) ) ;
#3107 = VECTOR ( 'NONE', #2760, 1000.000000000000000 ) ;
#3108 = ADVANCED_FACE ( 'NONE', ( #3595 ), #1563, .T. ) ;
#3109 = EDGE_CURVE ( 'NONE', #2056, #2777, #4369, .T. ) ;
#3110 = SURFACE_STYLE_FILL_AREA ( #1698 ) ;
#3111 = VERTEX_POINT ( 'NONE', #284 ) ;
#3112 = STYLED_ITEM ( 'NONE', ( #4013 ), #3582 ) ;
#3113 = ORIENTED_EDGE ( 'NONE', *, *, #3651, .F. ) ;
#3114 = LINE ( 'NONE', #4503, #2440 ) ;
#3115 = PLANE ( 'NONE',  #2813 ) ;
#3116 = DIRECTION ( 'NONE',  ( 0.000000000000000000, 0.000000000000000000, 1.000000000000000000 ) ) ;
#3117 = EDGE_CURVE ( 'NONE', #3890, #4319, #3114, .T. ) ;
#3118 =( GEOMETRIC_REPRESENTATION_CONTEXT ( 3 ) GLOBAL_UNCERTAINTY_ASSIGNED_CONTEXT ( ( #2155 ) ) GLOBAL_UNIT_ASSIGNED_CONTEXT ( ( #3572, #3855, #2518 ) ) REPRESENTATION_CONTEXT ( 'NONE', 'WORKASPACE' ) );
#3119 = ORIENTED_EDGE ( 'NONE', *, *, #174, .T. ) ;
#3120 = CARTESIAN_POINT ( 'NONE',  ( 1.035711502692017616, 0.8812800000000000633, -0.5443787456248779799 ) ) ;
#3121 = FACE_OUTER_BOUND ( 'NONE', #766, .T. ) ;
#3122 = ADVANCED_FACE ( 'NONE', ( #2346 ), #1306, .T. ) ;
#3123 = LINE ( 'NONE', #2403, #348 ) ;
#3124 = CARTESIAN_POINT ( 'NONE',  ( 0.6025894470921936419, 0.8812800000000000633, -0.4499999999999999001 ) ) ;
#3125 = CARTESIAN_POINT ( 'NONE',  ( 1.300820962650010237, 0.02420296105618778212, -0.8757970389438122227 ) ) ;
#3126 = CARTESIAN_POINT ( 'NONE',  ( 0.9752663724021765068, 0.8862800000000000678, -0.4500000000000000111 ) ) ;
#3127 = DIRECTION ( 'NONE',  ( 0.000000000000000000, 1.000000000000000000, 0.000000000000000000 ) ) ;
#3128 = CARTESIAN_POINT ( 'NONE',  ( 1.067734596312455375, 0.8862800000000000678, -0.5443762033604275796 ) ) ;
#3129 = DIRECTION ( 'NONE',  ( -0.000000000000000000, 1.000000000000000000, -0.000000000000000000 ) ) ;
#3130 = FACE_OUTER_BOUND ( 'NONE', #3919, .T. ) ;
#3131 = ORIENTED_EDGE ( 'NONE', *, *, #419, .F. ) ;
#3132 = ORIENTED_EDGE ( 'NONE', *, *, #4394, .T. ) ;
#3133 = DIRECTION ( 'NONE',  ( -0.000000000000000000, -0.000000000000000000, -1.000000000000000000 ) ) ;
#3134 = CARTESIAN_POINT ( 'NONE',  ( 1.700000000000000178, 0.9000000000000000222, -0.8812800000000000633 ) ) ;
#3135 =( NAMED_UNIT ( * ) PLANE_ANGLE_UNIT ( ) SI_UNIT ( $, .RADIAN. ) );
#3136 = SURFACE_STYLE_USAGE ( .BOTH. , #677 ) ;
#3137 = ADVANCED_FACE ( 'NONE', ( #2712 ), #3041, .F. ) ;
#3138 = ORIENTED_EDGE ( 'NONE', *, *, #4365, .F. ) ;
#3139 = LINE ( 'NONE', #2080, #3324 ) ;
#3140 = FACE_OUTER_BOUND ( 'NONE', #3920, .T. ) ;
#3141 = CARTESIAN_POINT ( 'NONE',  ( 0.01872000000000000053, 0.8812800000000000633, -0.01872000000000000053 ) ) ;
#3142 = LINE ( 'NONE', #2768, #803 ) ;
#3143 = CARTESIAN_POINT ( 'NONE',  ( 0.3999334599787454647, 0.8706661024294584106, -0.02043854728933959183 ) ) ;
#3144 = CARTESIAN_POINT ( 'NONE',  ( 0.8210746701055979813, 0.8862800000000000678, -0.5669619174648817816 ) ) ;
#3145 = CARTESIAN_POINT ( 'NONE',  ( 1.299999537091267809, 0.8812030593801267742, -0.8645168067204430651 ) ) ;
#3146 = FILL_AREA_STYLE_COLOUR ( '', #633 ) ;
#3147 = CARTESIAN_POINT ( 'NONE',  ( 1.300000000000000044, 0.01871999999999995543, -0.01871999999999995543 ) ) ;
#3148 = UNCERTAINTY_MEASURE_WITH_UNIT (LENGTH_MEASURE( 1.000000000000000082E-05 ), #1976, 'distance_accuracy_value', 'NONE');
#3149 = CARTESIAN_POINT ( 'NONE',  ( 0.8390702969591441462, 0.8812800000000000633, -0.5546295660076514533 ) ) ;
#3150 = AXIS2_PLACEMENT_3D ( 'NONE', #1525, #3308, #138 ) ;
#3151 = SURFACE_STYLE_USAGE ( .BOTH. , #1740 ) ;
#3152 = ORIENTED_EDGE ( 'NONE', *, *, #1658, .T. ) ;
#3153 = ORIENTED_EDGE ( 'NONE', *, *, #1271, .T. ) ;
#3154 = DIRECTION ( 'NONE',  ( 1.000000000000000000, 0.000000000000000000, 0.000000000000000000 ) ) ;
#3155 = SURFACE_STYLE_USAGE ( .BOTH. , #1722 ) ;
#3156 = FILL_AREA_STYLE ('',( #3206 ) ) ;
#3157 = AXIS2_PLACEMENT_3D ( 'NONE', #4514, #913, #2433 ) ;
#3158 = AXIS2_PLACEMENT_3D ( 'NONE', #1408, #4217, #2163 ) ;
#3159 = EDGE_LOOP ( 'NONE', ( #1333, #860, #1186, #3412 ) ) ;
#3160 = FACE_OUTER_BOUND ( 'NONE', #1580, .T. ) ;
#3161 =( NAMED_UNIT ( * ) SI_UNIT ( $, .STERADIAN. ) SOLID_ANGLE_UNIT ( ) );
#3162 =( GEOMETRIC_REPRESENTATION_CONTEXT ( 3 ) GLOBAL_UNCERTAINTY_ASSIGNED_CONTEXT ( ( #4153 ) ) GLOBAL_UNIT_ASSIGNED_CONTEXT ( ( #797, #4010, #457 ) ) REPRESENTATION_CONTEXT ( 'NONE', 'WORKASPACE' ) );
#3163 = ADVANCED_FACE ( 'NONE', ( #4435 ), #4481, .T. ) ;
#3164 = EDGE_CURVE ( 'NONE', #3687, #1942, #296, .T. ) ;
#3165 = CARTESIAN_POINT ( 'NONE',  ( 0.4000004629087321462, 0.03548319327955697794, -0.01879694061987328274 ) ) ;
#3166 = UNCERTAINTY_MEASURE_WITH_UNIT (LENGTH_MEASURE( 1.000000000000000082E-05 ), #2074, 'distance_accuracy_value', 'NONE');
#3167 = DIRECTION ( 'NONE',  ( 0.000000000000000000, -1.000000000000000000, 0.000000000000000000 ) ) ;
#3168 = LINE ( 'NONE', #1149, #960 ) ;
#3169 = FILL_AREA_STYLE_COLOUR ( '', #192 ) ;
#3170 = VECTOR ( 'NONE', #2478, 1000.000000000000000 ) ;
#3171 = ADVANCED_FACE ( 'NONE', ( #4414 ), #2667, .F. ) ;
#3172 = PRESENTATION_STYLE_ASSIGNMENT (( #2530 ) ) ;
#3173 = CARTESIAN_POINT ( 'NONE',  ( 0.7069128115438990667, 0.8862800000000000678, -0.5229439188807396555 ) ) ;
#3174 = FACE_OUTER_BOUND ( 'NONE', #4064, .T. ) ;
#3175 = ADVANCED_FACE ( 'NONE', ( #2119 ), #1417, .F. ) ;
#3176 = FACE_OUTER_BOUND ( 'NONE', #1143, .T. ) ;
#3177 = ORIENTED_EDGE ( 'NONE', *, *, #4082, .T. ) ;
#3178 = ORIENTED_EDGE ( 'NONE', *, *, #189, .F. ) ;
#3179 = VECTOR ( 'NONE', #2830, 1000.000000000000000 ) ;
#3180 = FACE_OUTER_BOUND ( 'NONE', #4043, .T. ) ;
#3181 = CARTESIAN_POINT ( 'NONE',  ( 0.8090241267250342094, 0.8862800000000000678, -0.4499999999999999556 ) ) ;
#3182 = AXIS2_PLACEMENT_3D ( 'NONE', #482, #4327, #3000 ) ;
#3183 = ORIENTED_EDGE ( 'NONE', *, *, #920, .F. ) ;
#3184 = ORIENTED_EDGE ( 'NONE', *, *, #3992, .F. ) ;
#3185 = PLANE ( 'NONE',  #3616 ) ;
#3186 = CARTESIAN_POINT ( 'NONE',  ( 1.074225340009627105, 0.8862800000000000678, -0.5669619174648817816 ) ) ;
#3187 = COLOUR_RGB ( '',0.7686274509803920907, 0.7686274509803920907, 0.7686274509803920907 ) ;
#3188 = MANIFOLD_SOLID_BREP ( 'Scale1[1]', #921 ) ;
#3189 = FACE_OUTER_BOUND ( 'NONE', #3254, .T. ) ;
#3190 = VECTOR ( 'NONE', #3527, 1000.000000000000000 ) ;
#3191 = FILL_AREA_STYLE ('',( #1782 ) ) ;
#3192 = ORIENTED_EDGE ( 'NONE', *, *, #414, .T. ) ;
#3193 = DIRECTION ( 'NONE',  ( 1.000000000000000000, 0.000000000000000000, 0.000000000000000000 ) ) ;
#3194 = DIRECTION ( 'NONE',  ( 0.000000000000000000, 0.000000000000000000, -1.000000000000000000 ) ) ;
#3195 = CARTESIAN_POINT ( 'NONE',  ( 1.700000000000000178, 0.01872000000000000053, -0.01872000000000000053 ) ) ;
#3196 = B_SPLINE_CURVE_WITH_KNOTS ( 'NONE', 3,
 ( #1501, #2907, #2294, #2949, #133, #1545, #1222, #109, #1925, #4033 ),
 .UNSPECIFIED., .F., .F.,
 ( 4, 3, 3, 4 ),
 ( 0.000000000000000000, 6.229656479333811488E-06, 1.247217766221250390E-05, 1.466750761377705548E-05 ),
 .UNSPECIFIED. ) ;
#3197 = FACE_OUTER_BOUND ( 'NONE', #1562, .T. ) ;
#3198 = CARTESIAN_POINT ( 'NONE',  ( 1.700000000000000178, 0.000000000000000000, -0.9000000000000000222 ) ) ;
#3199 = UNCERTAINTY_MEASURE_WITH_UNIT (LENGTH_MEASURE( 1.000000000000000082E-05 ), #1927, 'distance_accuracy_value', 'NONE');
#3200 = EDGE_CURVE ( 'NONE', #878, #1957, #585, .T. ) ;
#3201 = CARTESIAN_POINT ( 'NONE',  ( 0.3999999999999999667, 0.8812800000000000633, -0.9000000000000000222 ) ) ;
#3202 = ORIENTED_EDGE ( 'NONE', *, *, #3403, .F. ) ;
#3203 = EDGE_CURVE ( 'NONE', #80, #728, #1864, .T. ) ;
#3204 = ORIENTED_EDGE ( 'NONE', *, *, #2152, .T. ) ;
#3205 = DIRECTION ( 'NONE',  ( 0.000000000000000000, 1.000000000000000000, 0.000000000000000000 ) ) ;
#3206 = FILL_AREA_STYLE_COLOUR ( '', #1269 ) ;
#3207 = VERTEX_POINT ( 'NONE', #309 ) ;
#3208 = VERTEX_POINT ( 'NONE', #331 ) ;
#3209 = DIRECTION ( 'NONE',  ( -1.000000000000000000, 0.000000000000000000, 0.000000000000000000 ) ) ;
#3210 = FACE_OUTER_BOUND ( 'NONE', #349, .T. ) ;
#3211 = DIRECTION ( 'NONE',  ( 0.000000000000000000, -1.000000000000000000, 0.000000000000000000 ) ) ;
#3212 = VERTEX_POINT ( 'NONE', #4523 ) ;
#3213 = FACE_OUTER_BOUND ( 'NONE', #1285, .T. ) ;
#3214 = DIRECTION ( 'NONE',  ( 0.000000000000000000, 0.000000000000000000, -1.000000000000000000 ) ) ;
#3215 = DIRECTION ( 'NONE',  ( -1.000000000000000000, 0.000000000000000000, -0.000000000000000000 ) ) ;
#3216 = CARTESIAN_POINT ( 'NONE',  ( 1.299999999999970290, 0.8812800000000017286, -0.8635369130381445046 ) ) ;
#3217 = PRESENTATION_STYLE_ASSIGNMENT (( #1483 ) ) ;
#3218 = CARTESIAN_POINT ( 'NONE',  ( 1.318720000000000114, 0.01872000000000000053, 0.000000000000000000 ) ) ;
#3219 = PLANE ( 'NONE',  #2044 ) ;
#3220 = EDGE_CURVE ( 'NONE', #187, #3748, #2366, .T. ) ;
#3221 = AXIS2_PLACEMENT_3D ( 'NONE', #2758, #3440, #332 ) ;
#3222 = SURFACE_STYLE_USAGE ( .BOTH. , #810 ) ;
#3223 = ORIENTED_EDGE ( 'NONE', *, *, #1131, .T. ) ;
#3224 = VERTEX_POINT ( 'NONE', #695 ) ;
#3225 = DIRECTION ( 'NONE',  ( 1.000000000000000000, 0.000000000000000000, 0.000000000000000000 ) ) ;
#3226 = AXIS2_PLACEMENT_3D ( 'NONE', #4000, #4358, #852 ) ;
#3227 = EDGE_CURVE ( 'NONE', #2079, #4337, #2779, .T. ) ;
#3228 = EDGE_LOOP ( 'NONE', ( #2963, #1436, #858, #1489 ) ) ;
#3229 = VERTEX_POINT ( 'NONE', #3870 ) ;
#3230 = DIRECTION ( 'NONE',  ( 0.000000000000000000, 0.000000000000000000, -1.000000000000000000 ) ) ;
#3231 = CIRCLE ( 'NONE', #3157, 0.01871999999999999706 ) ;
#3232 = FACE_OUTER_BOUND ( 'NONE', #3567, .T. ) ;
#3233 =( GEOMETRIC_REPRESENTATION_CONTEXT ( 3 ) GLOBAL_UNCERTAINTY_ASSIGNED_CONTEXT ( ( #2865 ) ) GLOBAL_UNIT_ASSIGNED_CONTEXT ( ( #3767, #2751, #3792 ) ) REPRESENTATION_CONTEXT ( 'NONE', 'WORKASPACE' ) );
#3234 = DIRECTION ( 'NONE',  ( 1.000000000000000000, -0.000000000000000000, -0.000000000000000000 ) ) ;
#3235 = CARTESIAN_POINT ( 'NONE',  ( 0.6505425459479202699, 0.8862800000000000678, -0.5013216725433518040 ) ) ;
#3236 = ORIENTED_EDGE ( 'NONE', *, *, #1725, .F. ) ;
#3237 = CARTESIAN_POINT ( 'NONE',  ( 1.300000000000000044, 0.8812800000000000633, -0.03743999999999991085 ) ) ;
#3238 = AXIS2_PLACEMENT_3D ( 'NONE', #3141, #3903, #1075 ) ;
#3239 = DIRECTION ( 'NONE',  ( 0.000000000000000000, -1.000000000000000000, 0.000000000000000000 ) ) ;
#3240 = CARTESIAN_POINT ( 'NONE',  ( 0.7343201708139308614, 0.8862800000000000678, -0.5669619174648817816 ) ) ;
#3241 = CARTESIAN_POINT ( 'NONE',  ( 1.299999999999970290, 0.01871999999999829009, -0.03646308696185559389 ) ) ;
#3242 =( GEOMETRIC_REPRESENTATION_CONTEXT ( 3 ) GLOBAL_UNCERTAINTY_ASSIGNED_CONTEXT ( ( #2135 ) ) GLOBAL_UNIT_ASSIGNED_CONTEXT ( ( #1844, #421, #2532 ) ) REPRESENTATION_CONTEXT ( 'NONE', 'WORKASPACE' ) );
#3243 = FILL_AREA_STYLE_COLOUR ( '', #3895 ) ;
#3244 = CARTESIAN_POINT ( 'NONE',  ( 0.6505425459479202699, 0.8862800000000000678, -0.5013216725433518040 ) ) ;
#3245 = UNCERTAINTY_MEASURE_WITH_UNIT (LENGTH_MEASURE( 1.000000000000000082E-05 ), #2025, 'distance_accuracy_value', 'NONE');
#3246 = FILL_AREA_STYLE_COLOUR ( '', #3297 ) ;
#3247 =( NAMED_UNIT ( * ) SI_UNIT ( $, .STERADIAN. ) SOLID_ANGLE_UNIT ( ) );
#3248 = VECTOR ( 'NONE', #3578, 1000.000000000000114 ) ;
#3249 = ORIENTED_EDGE ( 'NONE', *, *, #2824, .F. ) ;
#3250 = EDGE_LOOP ( 'NONE', ( #1912, #3294, #2711, #3941 ) ) ;
#3251 = EDGE_CURVE ( 'NONE', #2489, #2341, #1504, .T. ) ;
#3252 =( NAMED_UNIT ( * ) SI_UNIT ( $, .STERADIAN. ) SOLID_ANGLE_UNIT ( ) );
#3253 = ADVANCED_FACE ( 'NONE', ( #4311 ), #351, .F. ) ;
#3254 = EDGE_LOOP ( 'NONE', ( #2267, #553, #100 ) ) ;
#3255 = STYLED_ITEM ( 'NONE', ( #3549 ), #3188 ) ;
#3256 = EDGE_LOOP ( 'NONE', ( #1673, #2146, #3272, #1871 ) ) ;
#3257 = CARTESIAN_POINT ( 'NONE',  ( 0.000000000000000000, 0.01872000000000000053, -0.01872000000000000053 ) ) ;
#3258 = CARTESIAN_POINT ( 'NONE',  ( 1.300538556800261647, 0.02526359149085996569, -0.02320226873688191818 ) ) ;
#3259 = EDGE_CURVE ( 'NONE', #2173, #4227, #4426, .T. ) ;
#3260 = PRESENTATION_STYLE_ASSIGNMENT (( #1146 ) ) ;
#3261 = SURFACE_SIDE_STYLE ('',( #499 ) ) ;
#3262 = ORIENTED_EDGE ( 'NONE', *, *, #3701, .T. ) ;
#3263 = DIRECTION ( 'NONE',  ( 0.000000000000000000, -1.000000000000000000, 0.000000000000000000 ) ) ;
#3264 = COLOUR_RGB ( '',0.7686274509803920907, 0.7686274509803920907, 0.7686274509803920907 ) ;
#3265 = CARTESIAN_POINT ( 'NONE',  ( 0.6630416901738630520, 0.8812800000000000633, -0.5446988170361243276 ) ) ;
#3267 = EDGE_CURVE ( 'NONE', #2193, #3847, #2956, .T. ) ;
#3266 = DIRECTION ( 'NONE',  ( 0.000000000000000000, 0.000000000000000000, 1.000000000000000000 ) ) ;
#3268 =( GEOMETRIC_REPRESENTATION_CONTEXT ( 3 ) GLOBAL_UNCERTAINTY_ASSIGNED_CONTEXT ( ( #2291 ) ) GLOBAL_UNIT_ASSIGNED_CONTEXT ( ( #1240, #559, #3442 ) ) REPRESENTATION_CONTEXT ( 'NONE', 'WORKASPACE' ) );
#3269 =( NAMED_UNIT ( * ) SI_UNIT ( $, .STERADIAN. ) SOLID_ANGLE_UNIT ( ) );
#3270 = CARTESIAN_POINT ( 'NONE',  ( 0.7584916080268581107, 0.8862800000000000678, -0.5541281207976742618 ) ) ;
#3271 = CYLINDRICAL_SURFACE ( 'NONE', #120, 0.01872000000000006298 ) ;
#3272 = ORIENTED_EDGE ( 'NONE', *, *, #1362, .T. ) ;
#3273 = ORIENTED_EDGE ( 'NONE', *, *, #168, .F. ) ;
#3274 = SURFACE_SIDE_STYLE ('',( #4339 ) ) ;
#3275 = VERTEX_POINT ( 'NONE', #2301 ) ;
#3276 = MECHANICAL_DESIGN_GEOMETRIC_PRESENTATION_REPRESENTATION (  '', ( #2972 ), #977 ) ;
#3277 = EDGE_LOOP ( 'NONE', ( #2312, #3249, #251, #1046 ) ) ;
#3278 =( LENGTH_UNIT ( ) NAMED_UNIT ( * ) SI_UNIT ( .MILLI., .METRE. ) );
#3279 = PRESENTATION_STYLE_ASSIGNMENT (( #1917 ) ) ;
#3280 = EDGE_CURVE ( 'NONE', #4005, #3224, #3681, .T. ) ;
#3281 = CARTESIAN_POINT ( 'NONE',  ( 0.5895403086485699884, 0.8862800000000000678, -0.4500000000000000111 ) ) ;
#3282 = ORIENTED_EDGE ( 'NONE', *, *, #1602, .F. ) ;
#3283 = CARTESIAN_POINT ( 'NONE',  ( 1.300000000000000044, 0.8812800000000000633, -0.01871999999999995543 ) ) ;
#3284 = CARTESIAN_POINT ( 'NONE',  ( 1.700000000000000178, 0.9000000000000000222, -0.01872000000000000053 ) ) ;
#3285 = PRESENTATION_STYLE_ASSIGNMENT (( #828 ) ) ;
#3286 = SURFACE_SIDE_STYLE ('',( #3652 ) ) ;
#3287 = SURFACE_STYLE_USAGE ( .BOTH. , #3506 ) ;
#3288 = CARTESIAN_POINT ( 'NONE',  ( 0.5102586201996844872, 0.8862800000000000678, -0.4499999999999999556 ) ) ;
#3289 = ADVANCED_BREP_SHAPE_REPRESENTATION ( 'CCS_CCSTDNOSYAGEO_0603_L1.7W0.9T0.9B0.6', ( #1757, #3188, #1718, #1739, #4021 ), #1375 ) ;
#3290 = ORIENTED_EDGE ( 'NONE', *, *, #3876, .T. ) ;
#3291 = ORIENTED_EDGE ( 'NONE', *, *, #648, .T. ) ;
#3292 = CARTESIAN_POINT ( 'NONE',  ( 1.681280000000000108, 0.9000000000000000222, -0.01872000000000000053 ) ) ;
#3293 = MECHANICAL_DESIGN_GEOMETRIC_PRESENTATION_REPRESENTATION (  '', ( #624 ), #185 ) ;
#3294 = ORIENTED_EDGE ( 'NONE', *, *, #1814, .T. ) ;
#3295 = VERTEX_POINT ( 'NONE', #1928 ) ;
#3296 = CARTESIAN_POINT ( 'NONE',  ( 0.8528219873056229750, 0.8862800000000000678, -0.4499999999999999556 ) ) ;
#3297 = COLOUR_RGB ( '',0.7686274509803920907, 0.7686274509803920907, 0.7686274509803920907 ) ;
#3298 = CARTESIAN_POINT ( 'NONE',  ( 0.9571083656340487744, 0.8862800000000000678, -0.5229400068966340021 ) ) ;
#3299 = AXIS2_PLACEMENT_3D ( 'NONE', #1368, #568, #2770 ) ;
#3300 = SURFACE_STYLE_FILL_AREA ( #478 ) ;
#3301 = UNCERTAINTY_MEASURE_WITH_UNIT (LENGTH_MEASURE( 1.000000000000000082E-05 ), #1631, 'distance_accuracy_value', 'NONE');
#3302 = ORIENTED_EDGE ( 'NONE', *, *, #3755, .T. ) ;
#3303 = CARTESIAN_POINT ( 'NONE',  ( 1.681280000000000108, 0.000000000000000000, -0.9000000000000000222 ) ) ;
#3304 = SURFACE_STYLE_USAGE ( .BOTH. , #951 ) ;
#3305 = EDGE_CURVE ( 'NONE', #2172, #261, #2319, .T. ) ;
#3306 =( GEOMETRIC_REPRESENTATION_CONTEXT ( 3 ) GLOBAL_UNCERTAINTY_ASSIGNED_CONTEXT ( ( #3148 ) ) GLOBAL_UNIT_ASSIGNED_CONTEXT ( ( #1976, #1940, #1234 ) ) REPRESENTATION_CONTEXT ( 'NONE', 'WORKASPACE' ) );
#3307 = LINE ( 'NONE', #1686, #1613 ) ;
#3308 = DIRECTION ( 'NONE',  ( 0.9610029908221275896, 0.000000000000000000, 0.2765379750249968849 ) ) ;
#3309 = EDGE_CURVE ( 'NONE', #2871, #3594, #159, .T. ) ;
#3310 = CARTESIAN_POINT ( 'NONE',  ( 0.9007459240060254890, 0.8862800000000000678, -0.5013216725431063336 ) ) ;
#3311 = MECHANICAL_DESIGN_GEOMETRIC_PRESENTATION_REPRESENTATION (  '', ( #4401 ), #1317 ) ;
#3312 = CYLINDRICAL_SURFACE ( 'NONE', #4114, 0.01872000000000000053 ) ;
#3313 = ORIENTED_EDGE ( 'NONE', *, *, #4146, .F. ) ;
#3314 = AXIS2_PLACEMENT_3D ( 'NONE', #3612, #745, #1063 ) ;
#3315 = CARTESIAN_POINT ( 'NONE',  ( 0.8390702969591441462, 0.8862800000000000678, -0.5546295660076514533 ) ) ;
#3316 = CARTESIAN_POINT ( 'NONE',  ( 0.9132450682316881618, 0.8862800000000000678, -0.5446949050520811797 ) ) ;
#3317 = ADVANCED_FACE ( 'NONE', ( #4058 ), #1251, .T. ) ;
#3318 = VECTOR ( 'NONE', #2089, 1000.000000000000000 ) ;
#3319 = ORIENTED_EDGE ( 'NONE', *, *, #702, .T. ) ;
#3320 = EDGE_LOOP ( 'NONE', ( #2976, #66, #2424, #3055 ) ) ;
#3321 = CARTESIAN_POINT ( 'NONE',  ( 1.299999537091267809, 0.8645168067204429541, -0.01879694061987323764 ) ) ;
#3322 = AXIS2_PLACEMENT_3D ( 'NONE', #3404, #245, #1295 ) ;
#3323 = PLANE ( 'NONE',  #4498 ) ;
#3324 = VECTOR ( 'NONE', #1824, 1000.000000000000000 ) ;
#3325 = CARTESIAN_POINT ( 'NONE',  ( 0.3812799999999998968, 0.8812800000000000633, -0.8812800000000000633 ) ) ;
#3326 = VERTEX_POINT ( 'NONE', #3720 ) ;
#3327 = DIRECTION ( 'NONE',  ( 1.000000000000000000, 0.000000000000000000, 0.000000000000000000 ) ) ;
#3328 = FILL_AREA_STYLE_COLOUR ( '', #3766 ) ;
#3329 = PRESENTATION_LAYER_ASSIGNMENT (  '', '', ( #1196 ) ) ;
#3330 = VECTOR ( 'NONE', #872, 1000.000000000000000 ) ;
#3331 = MECHANICAL_DESIGN_GEOMETRIC_PRESENTATION_REPRESENTATION (  '', ( #3112 ), #2808 ) ;
#3332 = CARTESIAN_POINT ( 'NONE',  ( 0.7584916080268581107, 0.8862800000000000678, -0.5541281207976742618 ) ) ;
#3333 = DIRECTION ( 'NONE',  ( 1.000000000000000000, 0.000000000000000000, 0.000000000000000000 ) ) ;
#3334 = CARTESIAN_POINT ( 'NONE',  ( 0.3999999999999999667, 0.8812800000000000633, -0.03743999999999991085 ) ) ;
#3335 = AXIS2_PLACEMENT_3D ( 'NONE', #4091, #978, #557 ) ;
#3336 = ADVANCED_FACE ( 'NONE', ( #1951 ), #1659, .T. ) ;
#3337 = ORIENTED_EDGE ( 'NONE', *, *, #3953, .T. ) ;
#3338 = ORIENTED_EDGE ( 'NONE', *, *, #419, .T. ) ;
#3339 = DIRECTION ( 'NONE',  ( 1.000000000000000000, 0.000000000000000000, 0.000000000000000000 ) ) ;
#3340 = EDGE_CURVE ( 'NONE', #4227, #107, #809, .T. ) ;
#3341 = ORIENTED_EDGE ( 'NONE', *, *, #395, .F. ) ;
#3342 = ORIENTED_EDGE ( 'NONE', *, *, #2569, .T. ) ;
#3343 = CARTESIAN_POINT ( 'NONE',  ( 1.300209794267831009, 0.8728129223206365639, -0.02165506981501075581 ) ) ;
#3344 = DIRECTION ( 'NONE',  ( -1.000000000000000000, 0.000000000000000000, 0.000000000000000000 ) ) ;
#3345 = CYLINDRICAL_SURFACE ( 'NONE', #4557, 0.01872000000000006298 ) ;
#3346 = CARTESIAN_POINT ( 'NONE',  ( 0.3812799999999998968, 0.01872000000000000053, 0.000000000000000000 ) ) ;
#3347 = ORIENTED_EDGE ( 'NONE', *, *, #3259, .T. ) ;
#3348 = DIRECTION ( 'NONE',  ( -0.000000000000000000, 1.000000000000000000, -0.000000000000000000 ) ) ;
#3349 = MECHANICAL_DESIGN_GEOMETRIC_PRESENTATION_REPRESENTATION (  '', ( #2755 ), #1954 ) ;
#3350 = APPLICATION_PROTOCOL_DEFINITION ( 'draft international standard', 'automotive_design', 1998, #2378 ) ;
#3351 =( NAMED_UNIT ( * ) PLANE_ANGLE_UNIT ( ) SI_UNIT ( $, .RADIAN. ) );
#3352 = CARTESIAN_POINT ( 'NONE',  ( 0.5106128326548475815, 0.8862800000000000678, -0.5669619174648817816 ) ) ;
#3353 = DIRECTION ( 'NONE',  ( 1.000000000000000000, 0.000000000000000000, 0.000000000000000000 ) ) ;
#3354 = AXIS2_PLACEMENT_3D ( 'NONE', #3325, #3369, #1565 ) ;
#3355 = LINE ( 'NONE', #3008, #1237 ) ;
#3356 = EDGE_CURVE ( 'NONE', #3386, #235, #1687, .T. ) ;
#3357 = DIRECTION ( 'NONE',  ( -0.2732148821746424594, 0.000000000000000000, 0.9619530280415443668 ) ) ;
#3358 = ORIENTED_EDGE ( 'NONE', *, *, #4385, .F. ) ;
#3359 = FACE_OUTER_BOUND ( 'NONE', #1064, .T. ) ;
#3360 = LINE ( 'NONE', #4432, #4237 ) ;
#3361 = EDGE_CURVE ( 'NONE', #4135, #2916, #2447, .T. ) ;
#3362 = EDGE_CURVE ( 'NONE', #2003, #2617, #270, .T. ) ;
#3363 = VERTEX_POINT ( 'NONE', #4100 ) ;
#3364 = ORIENTED_EDGE ( 'NONE', *, *, #3458, .F. ) ;
#3365 = SURFACE_STYLE_USAGE ( .BOTH. , #3731 ) ;
#3366 = CARTESIAN_POINT ( 'NONE',  ( 0.9069147669963621983, 0.8812800000000000633, -0.5229400068966340021 ) ) ;
#3367 = LINE ( 'NONE', #4028, #2600 ) ;
#3368 = EDGE_CURVE ( 'NONE', #4380, #3208, #2404, .T. ) ;
#3369 = DIRECTION ( 'NONE',  ( 1.000000000000000000, -2.895839135912144377E-15, 0.000000000000000000 ) ) ;
#3370 = VECTOR ( 'NONE', #2503, 1000.000000000000114 ) ;
#3371 = ORIENTED_EDGE ( 'NONE', *, *, #3724, .T. ) ;
#3372 = CARTESIAN_POINT ( 'NONE',  ( 0.01872000000000006298, 0.9000000000000000222, 0.000000000000000000 ) ) ;
#3373 = DIRECTION ( 'NONE',  ( 0.000000000000000000, 1.000000000000000000, 0.000000000000000000 ) ) ;
#3374 = VECTOR ( 'NONE', #2411, 1000.000000000000000 ) ;
#3375 = LINE ( 'NONE', #294, #4398 ) ;
#3376 = PLANE ( 'NONE',  #871 ) ;
#3377 = SURFACE_STYLE_FILL_AREA ( #2931 ) ;
#3378 = PRESENTATION_LAYER_ASSIGNMENT (  '', '', ( #2927 ) ) ;
#3379 = CARTESIAN_POINT ( 'NONE',  ( 0.9475055120409731080, 0.8862800000000000678, -0.4722563433655573295 ) ) ;
#3380 = CARTESIAN_POINT ( 'NONE',  ( 0.8387459579295705181, 0.8812800000000000633, -0.4499999999999999556 ) ) ;
#3381 = ORIENTED_EDGE ( 'NONE', *, *, #137, .T. ) ;
#3382 = CARTESIAN_POINT ( 'NONE',  ( 0.5793264743897623692, 0.8862800000000000678, -0.5669619174648817816 ) ) ;
#3383 =( GEOMETRIC_REPRESENTATION_CONTEXT ( 3 ) GLOBAL_UNCERTAINTY_ASSIGNED_CONTEXT ( ( #3 ) ) GLOBAL_UNIT_ASSIGNED_CONTEXT ( ( #4076, #2747, #266 ) ) REPRESENTATION_CONTEXT ( 'NONE', 'WORKASPACE' ) );
#3384 = CARTESIAN_POINT ( 'NONE',  ( 0.3999999999999999667, 0.01871999999999995543, -0.8625600000000001044 ) ) ;
#3385 = AXIS2_PLACEMENT_3D ( 'NONE', #533, #3746, #1934 ) ;
#3386 = VERTEX_POINT ( 'NONE', #3406 ) ;
#3387 = EDGE_CURVE ( 'NONE', #1164, #2838, #3498, .T. ) ;
#3388 = ADVANCED_FACE ( 'NONE', ( #4493 ), #2698, .T. ) ;
#3389 = EDGE_LOOP ( 'NONE', ( #1211, #3282, #1720, #2608 ) ) ;
#3390 = DIRECTION ( 'NONE',  ( -0.9615825319869156784, 0.000000000000000000, -0.2745159998572620497 ) ) ;
#3391 = CARTESIAN_POINT ( 'NONE',  ( 0.3999999999999999667, 0.01871999999999995543, -0.9000000000000000222 ) ) ;
#3392 = CARTESIAN_POINT ( 'NONE',  ( 0.3997243196281317634, 0.8775771040879440932, -0.8775771040879440932 ) ) ;
#3393 = AXIS2_PLACEMENT_3D ( 'NONE', #1640, #3048, #3497 ) ;
#3394 = SURFACE_STYLE_FILL_AREA ( #1584 ) ;
#3395 = CARTESIAN_POINT ( 'NONE',  ( 0.7007368558554073479, 0.8862800000000000678, -0.5013216725433518040 ) ) ;
#3396 = AXIS2_PLACEMENT_3D ( 'NONE', #3968, #2223, #459 ) ;
#3397 = EDGE_CURVE ( 'NONE', #2879, #1169, #2688, .T. ) ;
#3398 = EDGE_LOOP ( 'NONE', ( #2222, #2286, #3888, #3636 ) ) ;
#3399 = DIRECTION ( 'NONE',  ( -0.9999891854650021505, 0.000000000000000000, -0.004650693823683970003 ) ) ;
#3400 = CARTESIAN_POINT ( 'NONE',  ( 0.7163307349886367525, 0.8812800000000000633, -0.5446988170361243276 ) ) ;
#3401 = VECTOR ( 'NONE', #3444, 1000.000000000000000 ) ;
#3402 = CARTESIAN_POINT ( 'NONE',  ( 0.3999999999999999112, 0.02058171014935427853, -0.8794182898506457402 ) ) ;
#3403 = EDGE_CURVE ( 'NONE', #187, #1892, #4056, .T. ) ;
#3404 = CARTESIAN_POINT ( 'NONE',  ( 0.3812799999999999523, 0.8812800000000000633, -0.01871999999999995543 ) ) ;
#3405 = STYLED_ITEM ( 'NONE', ( #2780 ), #4029 ) ;
#3406 = CARTESIAN_POINT ( 'NONE',  ( 1.681280000000000108, 0.01872000000000000053, -0.9000000000000000222 ) ) ;
#3407 = DIRECTION ( 'NONE',  ( 1.000000000000000000, -0.000000000000000000, -0.000000000000000000 ) ) ;
#3408 = DIRECTION ( 'NONE',  ( 0.000000000000000000, 0.000000000000000000, -1.000000000000000000 ) ) ;
#3409 =( GEOMETRIC_REPRESENTATION_CONTEXT ( 3 ) GLOBAL_UNCERTAINTY_ASSIGNED_CONTEXT ( ( #1831 ) ) GLOBAL_UNIT_ASSIGNED_CONTEXT ( ( #460, #1881, #1568 ) ) REPRESENTATION_CONTEXT ( 'NONE', 'WORKASPACE' ) );
#3410 = PRESENTATION_STYLE_ASSIGNMENT (( #992 ) ) ;
#3411 = CARTESIAN_POINT ( 'NONE',  ( 0.8864643377511690625, 0.8862800000000000678, -0.5669619174648817816 ) ) ;
#3412 = ORIENTED_EDGE ( 'NONE', *, *, #2620, .T. ) ;
#3413 = DIRECTION ( 'NONE',  ( -1.000000000000000000, 0.000000000000000000, 0.000000000000000000 ) ) ;
#3414 = AXIS2_PLACEMENT_3D ( 'NONE', #1826, #4282, #3344 ) ;
#3415 = SURFACE_SIDE_STYLE ('',( #2686 ) ) ;
#3416 = CIRCLE ( 'NONE', #3038, 0.01872000000000006298 ) ;
#3417 = PRESENTATION_STYLE_ASSIGNMENT (( #2002 ) ) ;
#3418 = ORIENTED_EDGE ( 'NONE', *, *, #2106, .F. ) ;
#3419 = ORIENTED_EDGE ( 'NONE', *, *, #4035, .T. ) ;
#3420 = CARTESIAN_POINT ( 'NONE',  ( 0.3812799999999999523, 0.8812800000000000633, -0.9000000000000000222 ) ) ;
#3421 = CARTESIAN_POINT ( 'NONE',  ( 0.3999999999999999667, 0.01871999999999995543, -0.03536344784022326521 ) ) ;
#3422 = PRODUCT_DEFINITION ( 'UNKNOWN', '', #3002, #1447 ) ;
#3423 = ORIENTED_EDGE ( 'NONE', *, *, #2993, .F. ) ;
#3424 = LINE ( 'NONE', #1966, #3401 ) ;
#3425 = DIRECTION ( 'NONE',  ( -0.000000000000000000, -0.000000000000000000, -1.000000000000000000 ) ) ;
#3426 = ADVANCED_FACE ( 'NONE', ( #3557 ), #1078, .F. ) ;
#3427 = DIRECTION ( 'NONE',  ( 1.000000000000000000, 0.000000000000000000, 0.000000000000000000 ) ) ;
#3428 = CARTESIAN_POINT ( 'NONE',  ( 0.8924482504991361198, 0.8812800000000000633, -0.4722563433655573295 ) ) ;
#3429 = CARTESIAN_POINT ( 'NONE',  ( 0.7226539235260945881, 0.8862800000000000678, -0.5669619174648817816 ) ) ;
#3430 = PLANE ( 'NONE',  #1908 ) ;
#3431 = COLOUR_RGB ( '',0.7686274509803920907, 0.7686274509803920907, 0.7686274509803920907 ) ;
#3432 = EDGE_LOOP ( 'NONE', ( #3337, #625, #1220, #3957 ) ) ;
#3433 = CARTESIAN_POINT ( 'NONE',  ( 0.6362463785686596207, 0.8862800000000000678, -0.5669619174648817816 ) ) ;
#3434 = CYLINDRICAL_SURFACE ( 'NONE', #4218, 0.01871999999999995543 ) ;
#3435 = AXIS2_PLACEMENT_3D ( 'NONE', #2773, #3840, #917 ) ;
#3436 =( LENGTH_UNIT ( ) NAMED_UNIT ( * ) SI_UNIT ( .MILLI., .METRE. ) );
#3437 = ORIENTED_EDGE ( 'NONE', *, *, #916, .T. ) ;
#3438 = ORIENTED_EDGE ( 'NONE', *, *, #3929, .T. ) ;
#3439 = DIRECTION ( 'NONE',  ( 1.000000000000000000, 0.000000000000000000, 0.000000000000000000 ) ) ;
#3440 = DIRECTION ( 'NONE',  ( -0.9617234872620619157, 0.000000000000000000, -0.2740217765953990026 ) ) ;
#3441 = CARTESIAN_POINT ( 'NONE',  ( 0.5296186730263663378, 0.8812800000000000633, -0.5170848338894616925 ) ) ;
#3442 =( NAMED_UNIT ( * ) SI_UNIT ( $, .STERADIAN. ) SOLID_ANGLE_UNIT ( ) );
#3443 = ORIENTED_EDGE ( 'NONE', *, *, #3697, .F. ) ;
#3444 = DIRECTION ( 'NONE',  ( 1.000000000000000000, -0.000000000000000000, -0.000000000000000000 ) ) ;
#3445 = CARTESIAN_POINT ( 'NONE',  ( 0.5296186730263663378, 0.8862800000000000678, -0.5170848338894616925 ) ) ;
#3446 =( GEOMETRIC_REPRESENTATION_CONTEXT ( 3 ) GLOBAL_UNCERTAINTY_ASSIGNED_CONTEXT ( ( #2472 ) ) GLOBAL_UNIT_ASSIGNED_CONTEXT ( ( #2841, #4375, #1172 ) ) REPRESENTATION_CONTEXT ( 'NONE', 'WORKASPACE' ) );
#3447 = AXIS2_PLACEMENT_3D ( 'NONE', #1396, #3802, #12 ) ;
#3448 = CARTESIAN_POINT ( 'NONE',  ( 0.3991790373499896072, 0.02420296105618778212, -0.8757970389438122227 ) ) ;
#3449 = DIRECTION ( 'NONE',  ( -1.000000000000000000, 0.000000000000000000, 0.000000000000000000 ) ) ;
#3450 = EDGE_CURVE ( 'NONE', #1312, #3386, #813, .T. ) ;
#3451 =( NAMED_UNIT ( * ) PLANE_ANGLE_UNIT ( ) SI_UNIT ( $, .RADIAN. ) );
#3452 = EDGE_CURVE ( 'NONE', #389, #4419, #3168, .T. ) ;
#3453 = CARTESIAN_POINT ( 'NONE',  ( 0.6567113889383993097, 0.8812800000000000633, -0.5229439188807396555 ) ) ;
#3454 = AXIS2_PLACEMENT_3D ( 'NONE', #1694, #3500, #1355 ) ;
#3455 = CARTESIAN_POINT ( 'NONE',  ( 0.9069147669963621983, 0.8862800000000000678, -0.5229400068966340021 ) ) ;
#3456 = ORIENTED_EDGE ( 'NONE', *, *, #1519, .T. ) ;
#3457 = COLOUR_RGB ( '',0.7686274509803920907, 0.7686274509803920907, 0.7686274509803920907 ) ;
#3458 = EDGE_CURVE ( 'NONE', #1210, #4223, #2863, .T. ) ;
#3459 = CARTESIAN_POINT ( 'NONE',  ( 1.002401315337855037, 0.8812800000000000633, -0.5443787456251681922 ) ) ;
#3460 =( GEOMETRIC_REPRESENTATION_CONTEXT ( 3 ) GLOBAL_UNCERTAINTY_ASSIGNED_CONTEXT ( ( #689 ) ) GLOBAL_UNIT_ASSIGNED_CONTEXT ( ( #3521, #1760, #48 ) ) REPRESENTATION_CONTEXT ( 'NONE', 'WORKASPACE' ) );
#3461 = SURFACE_STYLE_FILL_AREA ( #2049 ) ;
#3462 = ORIENTED_EDGE ( 'NONE', *, *, #2937, .T. ) ;
#3463 = ADVANCED_FACE ( 'NONE', ( #2474 ), #2132, .F. ) ;
#3464 = ORIENTED_EDGE ( 'NONE', *, *, #2071, .T. ) ;
#3465 = DIRECTION ( 'NONE',  ( -0.000000000000000000, 1.000000000000000000, 0.000000000000000000 ) ) ;
#3466 = LINE ( 'NONE', #2485, #1900 ) ;
#3467 = LINE ( 'NONE', #1136, #821 ) ;
#3468 = AXIS2_PLACEMENT_3D ( 'NONE', #2338, #1209, #856 ) ;
#3469 = EDGE_LOOP ( 'NONE', ( #3619, #3184, #857, #4316 ) ) ;
#3470 = CARTESIAN_POINT ( 'NONE',  ( 0.5106128326548475815, 0.8862800000000000678, -0.5669619174648817816 ) ) ;
#3471 = VECTOR ( 'NONE', #3719, 1000.000000000000114 ) ;
#3472 = DIRECTION ( 'NONE',  ( -1.000000000000000000, -0.000000000000000000, -0.000000000000000000 ) ) ;
#3473 = VECTOR ( 'NONE', #868, 1000.000000000000000 ) ;
#3474 = CARTESIAN_POINT ( 'NONE',  ( 0.7526549280338981074, 0.8812800000000000633, -0.4499999999999999556 ) ) ;
#3475 = DIRECTION ( 'NONE',  ( 0.2762437428917283722, 0.000000000000000000, -0.9610876102172832836 ) ) ;
#3476 = CARTESIAN_POINT ( 'NONE',  ( 1.300000000000000044, 0.01871999999999995543, -0.8812800000000000633 ) ) ;
#3477 = AXIS2_PLACEMENT_3D ( 'NONE', #3854, #405, #680 ) ;
#3478 = CARTESIAN_POINT ( 'NONE',  ( 0.9069147669963621983, 0.8812800000000000633, -0.5229400068966340021 ) ) ;
#3479 = MECHANICAL_DESIGN_GEOMETRIC_PRESENTATION_REPRESENTATION (  '', ( #3483 ), #1554 ) ;
#3480 = UNCERTAINTY_MEASURE_WITH_UNIT (LENGTH_MEASURE( 1.000000000000000082E-05 ), #49, 'distance_accuracy_value', 'NONE');
#3481 = CARTESIAN_POINT ( 'NONE',  ( 0.6422598091066761272, 0.8862800000000000678, -0.4722520757470474173 ) ) ;
#3482 = DIRECTION ( 'NONE',  ( -0.9610992334305189511, 0.000000000000000000, -0.2762033010289141610 ) ) ;
#3483 = STYLED_ITEM ( 'NONE', ( #2691 ), #3163 ) ;
#3484 = EDGE_CURVE ( 'NONE', #2042, #1609, #3032, .T. ) ;
#3485 = SPHERICAL_SURFACE ( 'NONE', #1534, 0.01872000000000000053 ) ;
#3486 = EDGE_LOOP ( 'NONE', ( #31, #750, #1420 ) ) ;
#3487 = MECHANICAL_DESIGN_GEOMETRIC_PRESENTATION_REPRESENTATION (  '', ( #2308 ), #887 ) ;
#3488 = ORIENTED_EDGE ( 'NONE', *, *, #4082, .F. ) ;
#3489 = FACE_OUTER_BOUND ( 'NONE', #2603, .T. ) ;
#3490 = SURFACE_SIDE_STYLE ('',( #2848 ) ) ;
#3491 = CARTESIAN_POINT ( 'NONE',  ( 1.318720000000000114, 0.8812800000000000633, -0.01871999999999995543 ) ) ;
#3492 = VECTOR ( 'NONE', #4230, 1000.000000000000227 ) ;
#3493 = VERTEX_POINT ( 'NONE', #1449 ) ;
#3494 = FILL_AREA_STYLE ('',( #3738 ) ) ;
#3495 = CARTESIAN_POINT ( 'NONE',  ( 0.8864643377511690625, 0.8812800000000000633, -0.5669619174648817816 ) ) ;
#3496 = PRESENTATION_STYLE_ASSIGNMENT (( #2837 ) ) ;
#3497 = DIRECTION ( 'NONE',  ( 0.000000000000000000, 0.000000000000000000, 1.000000000000000000 ) ) ;
#3498 = LINE ( 'NONE', #1319, #2078 ) ;
#3499 = CARTESIAN_POINT ( 'NONE',  ( 1.300014344753142037, 0.8801244340501536145, -0.8693239384346593823 ) ) ;
#3500 = DIRECTION ( 'NONE',  ( 0.000000000000000000, 0.000000000000000000, -1.000000000000000000 ) ) ;
#3501 = DIRECTION ( 'NONE',  ( -0.2762033010289141055, 0.000000000000000000, 0.9610992334305188400 ) ) ;
#3502 = PRESENTATION_LAYER_ASSIGNMENT (  '', '', ( #1731 ) ) ;
#3503 = CARTESIAN_POINT ( 'NONE',  ( 0.3999999999999999667, 0.03743999999999995248, -0.03743999999999995248 ) ) ;
#3504 = ORIENTED_EDGE ( 'NONE', *, *, #3923, .T. ) ;
#3505 = ORIENTED_EDGE ( 'NONE', *, *, #3397, .F. ) ;
#3506 = SURFACE_SIDE_STYLE ('',( #555 ) ) ;
#3507 = EDGE_CURVE ( 'NONE', #3656, #209, #2202, .T. ) ;
#3508 = DIRECTION ( 'NONE',  ( 1.000000000000000000, 0.000000000000000000, 0.000000000000000000 ) ) ;
#3509 = DIRECTION ( 'NONE',  ( 0.000000000000000000, -1.000000000000000000, 0.000000000000000000 ) ) ;
#3510 = EDGE_CURVE ( 'NONE', #969, #923, #409, .T. ) ;
#3511 =( GEOMETRIC_REPRESENTATION_CONTEXT ( 3 ) GLOBAL_UNCERTAINTY_ASSIGNED_CONTEXT ( ( #4200 ) ) GLOBAL_UNIT_ASSIGNED_CONTEXT ( ( #3074, #299, #1278 ) ) REPRESENTATION_CONTEXT ( 'NONE', 'WORKASPACE' ) );
#3512 = DIRECTION ( 'NONE',  ( 0.000000000000000000, 0.000000000000000000, 1.000000000000000000 ) ) ;
#3513 = ORIENTED_EDGE ( 'NONE', *, *, #3397, .T. ) ;
#3514 = CARTESIAN_POINT ( 'NONE',  ( 0.7285933819114652765, 0.8862800000000000678, -0.4499999999999999556 ) ) ;
#3515 = CARTESIAN_POINT ( 'NONE',  ( 0.5284610813304443377, 0.8862800000000000678, -0.5135071467863020489 ) ) ;
#3516 = ADVANCED_FACE ( 'NONE', ( #1406 ), #4215, .F. ) ;
#3517 = CARTESIAN_POINT ( 'NONE',  ( 0.3999856552468578630, 0.01987556594984632094, -0.8693239384346592713 ) ) ;
#3518 = DIRECTION ( 'NONE',  ( 0.000000000000000000, 0.000000000000000000, -1.000000000000000000 ) ) ;
#3519 = DIRECTION ( 'NONE',  ( 0.000000000000000000, 0.000000000000000000, -1.000000000000000000 ) ) ;
#3520 = SURFACE_STYLE_FILL_AREA ( #3580 ) ;
#3521 =( LENGTH_UNIT ( ) NAMED_UNIT ( * ) SI_UNIT ( .MILLI., .METRE. ) );
#3522 = UNCERTAINTY_MEASURE_WITH_UNIT (LENGTH_MEASURE( 1.000000000000000082E-05 ), #3436, 'distance_accuracy_value', 'NONE');
#3523 = VECTOR ( 'NONE', #4452, 1000.000000000000000 ) ;
#3524 = SURFACE_STYLE_FILL_AREA ( #1327 ) ;
#3525 = ORIENTED_EDGE ( 'NONE', *, *, #4194, .F. ) ;
#3526 = ORIENTED_EDGE ( 'NONE', *, *, #4121, .T. ) ;
#3527 = DIRECTION ( 'NONE',  ( 0.000000000000000000, -1.000000000000000000, 0.000000000000000000 ) ) ;
#3528 = AXIS2_PLACEMENT_3D ( 'NONE', #3391, #1882, #2006 ) ;
#3529 =( GEOMETRIC_REPRESENTATION_CONTEXT ( 3 ) GLOBAL_UNCERTAINTY_ASSIGNED_CONTEXT ( ( #3883 ) ) GLOBAL_UNIT_ASSIGNED_CONTEXT ( ( #1906, #3351, #3269 ) ) REPRESENTATION_CONTEXT ( 'NONE', 'WORKASPACE' ) );
#3530 = ORIENTED_EDGE ( 'NONE', *, *, #3876, .F. ) ;
#3531 = DIRECTION ( 'NONE',  ( 0.000000000000000000, -1.000000000000000000, 0.000000000000000000 ) ) ;
#3532 = LINE ( 'NONE', #3186, #4423 ) ;
#3533 = EDGE_CURVE ( 'NONE', #500, #3805, #1128, .T. ) ;
#3534 = DIRECTION ( 'NONE',  ( 1.000000000000000000, 0.000000000000000000, 0.000000000000000000 ) ) ;
#3535 = LINE ( 'NONE', #3235, #1984 ) ;
#3536 = UNCERTAINTY_MEASURE_WITH_UNIT (LENGTH_MEASURE( 1.000000000000000082E-05 ), #3928, 'distance_accuracy_value', 'NONE');
#3537 = ORIENTED_EDGE ( 'NONE', *, *, #2580, .F. ) ;
#3538 = CARTESIAN_POINT ( 'NONE',  ( 1.300664025858150552, 0.8763093565524714412, -0.02471527866475980301 ) ) ;
#3539 = DIRECTION ( 'NONE',  ( 0.002813301676023789288, 0.000000000000000000, -0.9999960426590096541 ) ) ;
#3540 = CARTESIAN_POINT ( 'NONE',  ( 0.5296186730263663378, 0.8862800000000000678, -0.5170848338894616925 ) ) ;
#3541 =( GEOMETRIC_REPRESENTATION_CONTEXT ( 3 ) GLOBAL_UNCERTAINTY_ASSIGNED_CONTEXT ( ( #3480 ) ) GLOBAL_UNIT_ASSIGNED_CONTEXT ( ( #49, #2593, #158 ) ) REPRESENTATION_CONTEXT ( 'NONE', 'WORKASPACE' ) );
#3542 = DIRECTION ( 'NONE',  ( 1.000000000000000000, 0.000000000000000000, 0.000000000000000000 ) ) ;
#3543 = CARTESIAN_POINT ( 'NONE',  ( 0.3999999999999999112, 0.01872000000000000053, 0.000000000000000000 ) ) ;
#3544 = CIRCLE ( 'NONE', #2584, 0.01872000000000001094 ) ;
#3545 = CARTESIAN_POINT ( 'NONE',  ( 0.5632162132868542281, 0.8862800000000000678, -0.5135071467863040473 ) ) ;
#3546 = STYLED_ITEM ( 'NONE', ( #3921 ), #2961 ) ;
#3547 = ORIENTED_EDGE ( 'NONE', *, *, #1012, .T. ) ;
#3548 = VERTEX_POINT ( 'NONE', #2543 ) ;
#3549 = PRESENTATION_STYLE_ASSIGNMENT (( #1066 ) ) ;
#3550 = VECTOR ( 'NONE', #1438, 1000.000000000000000 ) ;
#3551 = ORIENTED_EDGE ( 'NONE', *, *, #3047, .T. ) ;
#3552 = ORIENTED_EDGE ( 'NONE', *, *, #4308, .T. ) ;
#3553 = FILL_AREA_STYLE ('',( #1421 ) ) ;
#3554 = LINE ( 'NONE', #3281, #3569 ) ;
#3555 = CARTESIAN_POINT ( 'NONE',  ( 0.3999999999999999667, 0.03743999999999993861, -0.01871999999999995543 ) ) ;
#3556 = ORIENTED_EDGE ( 'NONE', *, *, #217, .T. ) ;
#3557 = FACE_OUTER_BOUND ( 'NONE', #3800, .T. ) ;
#3558 = CYLINDRICAL_SURFACE ( 'NONE', #783, 0.01872000000000001094 ) ;
#3559 = EDGE_CURVE ( 'NONE', #2777, #3747, #773, .T. ) ;
#3560 = CARTESIAN_POINT ( 'NONE',  ( 1.300405172843795532, 0.8771543780156959569, -0.8744396998719284886 ) ) ;
#3561 = CARTESIAN_POINT ( 'NONE',  ( 1.074225340009627105, 0.8862800000000000678, -0.5669619174648817816 ) ) ;
#3562 = UNCERTAINTY_MEASURE_WITH_UNIT (LENGTH_MEASURE( 1.000000000000000082E-05 ), #2923, 'distance_accuracy_value', 'NONE');
#3563 = COLOUR_RGB ( '',0.7686274509803920907, 0.7686274509803920907, 0.7686274509803920907 ) ;
#3564 =( NAMED_UNIT ( * ) PLANE_ANGLE_UNIT ( ) SI_UNIT ( $, .RADIAN. ) );
#3565 = EDGE_CURVE ( 'NONE', #768, #4473, #3196, .T. ) ;
#3566 = ORIENTED_EDGE ( 'NONE', *, *, #4505, .T. ) ;
#3567 = EDGE_LOOP ( 'NONE', ( #3358, #541, #2618 ) ) ;
#3568 = CARTESIAN_POINT ( 'NONE',  ( 0.7841301134981506493, 0.8862800000000000678, -0.5669619174648817816 ) ) ;
#3569 = VECTOR ( 'NONE', #477, 1000.000000000000000 ) ;
#3570 = ORIENTED_EDGE ( 'NONE', *, *, #3203, .F. ) ;
#3571 = DIRECTION ( 'NONE',  ( 0.000000000000000000, -1.000000000000000000, 0.000000000000000000 ) ) ;
#3572 =( LENGTH_UNIT ( ) NAMED_UNIT ( * ) SI_UNIT ( .MILLI., .METRE. ) );
#3573 = AXIS2_PLACEMENT_3D ( 'NONE', #571, #3127, #1643 ) ;
#3574 =( NAMED_UNIT ( * ) SI_UNIT ( $, .STERADIAN. ) SOLID_ANGLE_UNIT ( ) );
#3575 = CARTESIAN_POINT ( 'NONE',  ( 0.3999999999999999667, 0.01871999999999995543, -0.8625600000000001044 ) ) ;
#3576 = UNCERTAINTY_MEASURE_WITH_UNIT (LENGTH_MEASURE( 1.000000000000000082E-05 ), #4149, 'distance_accuracy_value', 'NONE');
#3577 = VERTEX_POINT ( 'NONE', #4353 ) ;
#3578 = DIRECTION ( 'NONE',  ( 0.2740217765953989471, 0.000000000000000000, -0.9617234872620618047 ) ) ;
#3579 = CARTESIAN_POINT ( 'NONE',  ( 0.7838359292366701148, 0.8862800000000000678, -0.4499999999999999556 ) ) ;
#3580 = FILL_AREA_STYLE ('',( #2528 ) ) ;
#3581 = FILL_AREA_STYLE_COLOUR ( '', #719 ) ;
#3582 = ADVANCED_FACE ( 'NONE', ( #1967 ), #2269, .T. ) ;
#3583 = EDGE_CURVE ( 'NONE', #2704, #2129, #2673, .T. ) ;
#3584 = DIRECTION ( 'NONE',  ( 0.000000000000000000, 0.000000000000000000, -1.000000000000000000 ) ) ;
#3585 = DIRECTION ( 'NONE',  ( 0.000000000000000000, 1.000000000000000000, -0.000000000000000000 ) ) ;
#3586 = VECTOR ( 'NONE', #3408, 1000.000000000000000 ) ;
#3587 = ADVANCED_FACE ( 'NONE', ( #2318 ), #3650, .T. ) ;
#3588 = COLOUR_RGB ( '',0.7686274509803920907, 0.7686274509803920907, 0.7686274509803920907 ) ;
#3589 = ORIENTED_EDGE ( 'NONE', *, *, #2546, .F. ) ;
#3590 = VERTEX_POINT ( 'NONE', #4397 ) ;
#3591 = LINE ( 'NONE', #2939, #4469 ) ;
#3592 = AXIS2_PLACEMENT_3D ( 'NONE', #575, #995, #1999 ) ;
#3593 = EDGE_CURVE ( 'NONE', #60, #923, #1248, .T. ) ;
#3594 = VERTEX_POINT ( 'NONE', #195 ) ;
#3595 = FACE_OUTER_BOUND ( 'NONE', #2685, .T. ) ;
#3596 = VECTOR ( 'NONE', #4126, 1000.000000000000000 ) ;
#3597 = PRESENTATION_STYLE_ASSIGNMENT (( #17 ) ) ;
#3598 = STYLED_ITEM ( 'NONE', ( #3026 ), #1603 ) ;
#3599 = CYLINDRICAL_SURFACE ( 'NONE', #537, 0.01872000000000001094 ) ;
#3600 =( NAMED_UNIT ( * ) PLANE_ANGLE_UNIT ( ) SI_UNIT ( $, .RADIAN. ) );
#3601 = ORIENTED_EDGE ( 'NONE', *, *, #3251, .T. ) ;
#3602 = LINE ( 'NONE', #3858, #1926 ) ;
#3603 = VECTOR ( 'NONE', #3994, 1000.000000000000000 ) ;
#3604 = CARTESIAN_POINT ( 'NONE',  ( 1.700000000000000178, 0.000000000000000000, 0.000000000000000000 ) ) ;
#3605 = DIRECTION ( 'NONE',  ( -0.2762517575166416051, 0.000000000000000000, 0.9610853065513833560 ) ) ;
#3606 = AXIS2_PLACEMENT_3D ( 'NONE', #3201, #444, #2870 ) ;
#3607 = DIRECTION ( 'NONE',  ( -0.9999999968487351953, 0.000000000000000000, -7.938847109670268325E-05 ) ) ;
#3608 = SURFACE_SIDE_STYLE ('',( #2184 ) ) ;
#3609 = PLANE ( 'NONE',  #2631 ) ;
#3610 = AXIS2_PLACEMENT_3D ( 'NONE', #1734, #268, #2674 ) ;
#3611 = DIRECTION ( 'NONE',  ( 1.000000000000000000, 0.000000000000000000, 0.000000000000000000 ) ) ;
#3612 = CARTESIAN_POINT ( 'NONE',  ( 1.318720000000000114, 0.01872000000000000053, 0.000000000000000000 ) ) ;
#3613 = ORIENTED_EDGE ( 'NONE', *, *, #1821, .T. ) ;
#3614 = ORIENTED_EDGE ( 'NONE', *, *, #4201, .F. ) ;
#3615 = CARTESIAN_POINT ( 'NONE',  ( 1.299990937744513131, 0.8667415033290885029, -0.8809247507847510761 ) ) ;
#3616 = AXIS2_PLACEMENT_3D ( 'NONE', #385, #3531, #1052 ) ;
#3617 = EDGE_CURVE ( 'NONE', #1536, #514, #1655, .T. ) ;
#3618 = ORIENTED_EDGE ( 'NONE', *, *, #2248, .T. ) ;
#3619 = ORIENTED_EDGE ( 'NONE', *, *, #2521, .T. ) ;
#3620 = CARTESIAN_POINT ( 'NONE',  ( 1.299999999999970290, 0.8635369130381443936, -0.01871999999999824846 ) ) ;
#3621 = FACE_OUTER_BOUND ( 'NONE', #3877, .T. ) ;
#3622 = DIRECTION ( 'NONE',  ( 1.000000000000000000, 0.000000000000000000, 0.000000000000000000 ) ) ;
#3623 = UNCERTAINTY_MEASURE_WITH_UNIT (LENGTH_MEASURE( 1.000000000000000082E-05 ), #2228, 'distance_accuracy_value', 'NONE');
#3624 = VERTEX_POINT ( 'NONE', #565 ) ;
#3625 = CARTESIAN_POINT ( 'NONE',  ( 0.7841301134981506493, 0.8862800000000000678, -0.5669619174648817816 ) ) ;
#3626 = VECTOR ( 'NONE', #1637, 1000.000000000000000 ) ;
#3627 = CARTESIAN_POINT ( 'NONE',  ( 0.01872000000000000053, 0.01872000000000000053, -0.8812800000000000633 ) ) ;
#3628 = FILL_AREA_STYLE ('',( #582 ) ) ;
#3629 = AXIS2_PLACEMENT_3D ( 'NONE', #1291, #522, #3733 ) ;
#3630 = DIRECTION ( 'NONE',  ( -0.000000000000000000, -1.000000000000000000, -0.000000000000000000 ) ) ;
#3631 = DIRECTION ( 'NONE',  ( 0.2762033010289141055, 0.000000000000000000, -0.9610992334305189511 ) ) ;
#3632 = DIRECTION ( 'NONE',  ( -1.000000000000000000, 0.000000000000000000, -0.000000000000000000 ) ) ;
#3633 = PLANE ( 'NONE',  #3150 ) ;
#3634 =( NAMED_UNIT ( * ) PLANE_ANGLE_UNIT ( ) SI_UNIT ( $, .RADIAN. ) );
#3635 = DIRECTION ( 'NONE',  ( 0.9280290862136735264, 0.000000000000000000, -0.3725077383644724294 ) ) ;
#3636 = ORIENTED_EDGE ( 'NONE', *, *, #2568, .T. ) ;
#3637 = ORIENTED_EDGE ( 'NONE', *, *, #1044, .F. ) ;
#3638 = FILL_AREA_STYLE ('',( #4247 ) ) ;
#3639 = ORIENTED_EDGE ( 'NONE', *, *, #2093, .F. ) ;
#3640 = EDGE_CURVE ( 'NONE', #4223, #3548, #628, .T. ) ;
#3641 = VERTEX_POINT ( 'NONE', #1729 ) ;
#3642 = CARTESIAN_POINT ( 'NONE',  ( 0.3812799999999998968, 0.01872000000000000053, -0.01872000000000000053 ) ) ;
#3643 = CARTESIAN_POINT ( 'NONE',  ( 0.7226539235260945881, 0.8812800000000000633, -0.5669619174648817816 ) ) ;
#3644 = AXIS2_PLACEMENT_3D ( 'NONE', #2241, #2177, #2882 ) ;
#3645 = LINE ( 'NONE', #2496, #2540 ) ;
#3646 = FACE_OUTER_BOUND ( 'NONE', #748, .T. ) ;
#3647 = EDGE_CURVE ( 'NONE', #2690, #41, #2369, .T. ) ;
#3648 = EDGE_LOOP ( 'NONE', ( #4320, #3552, #2662, #3342 ) ) ;
#3649 = LINE ( 'NONE', #3303, #4269 ) ;
#3650 = CYLINDRICAL_SURFACE ( 'NONE', #3182, 0.01871999999999995543 ) ;
#3651 = EDGE_CURVE ( 'NONE', #3207, #107, #3807, .T. ) ;
#3652 = SURFACE_STYLE_FILL_AREA ( #508 ) ;
#3653 = CARTESIAN_POINT ( 'NONE',  ( 0.8723733716153394546, 0.8812800000000000633, -0.5669619174648817816 ) ) ;
#3654 = CARTESIAN_POINT ( 'NONE',  ( 0.9132450682316881618, 0.8812800000000000633, -0.5446949050520811797 ) ) ;
#3655 = PRESENTATION_STYLE_ASSIGNMENT (( #547 ) ) ;
#3656 = VERTEX_POINT ( 'NONE', #1314 ) ;
#3657 = CARTESIAN_POINT ( 'NONE',  ( 1.300000000000000044, 0.01871999999999995543, -0.8812800000000000633 ) ) ;
#3658 = DIRECTION ( 'NONE',  ( 0.9999960426590096541, 0.000000000000000000, 0.002813301676023789721 ) ) ;
#3659 = VECTOR ( 'NONE', #531, 1000.000000000000000 ) ;
#3660 = ORIENTED_EDGE ( 'NONE', *, *, #3977, .T. ) ;
#3661 = VERTEX_POINT ( 'NONE', #4120 ) ;
#3662 =( BOUNDED_CURVE ( )  B_SPLINE_CURVE ( 3, ( #3147, #1370, #2774, #1039 ),
 .UNSPECIFIED., .F., .T. ) 
 B_SPLINE_CURVE_WITH_KNOTS ( ( 4, 4 ),
 ( 4.712388980384688786, 5.009640341705896560 ),
 .UNSPECIFIED. ) 
 CURVE ( )  GEOMETRIC_REPRESENTATION_ITEM ( )  RATIONAL_B_SPLINE_CURVE ( ( 1.000000000000000000, 0.9926503465430337458, 0.9926503465430337458, 1.000000000000000000 ) ) 
 REPRESENTATION_ITEM ( '' )  );
#3663 = CARTESIAN_POINT ( 'NONE',  ( 1.681280000000000108, 0.8812800000000000633, 0.000000000000000000 ) ) ;
#3664 = AXIS2_PLACEMENT_3D ( 'NONE', #2601, #1975, #835 ) ;
#3665 =( NAMED_UNIT ( * ) SI_UNIT ( $, .STERADIAN. ) SOLID_ANGLE_UNIT ( ) );
#3666 = AXIS2_PLACEMENT_3D ( 'NONE', #1033, #4263, #1103 ) ;
#3667 = FILL_AREA_STYLE_COLOUR ( '', #199 ) ;
#3668 = UNCERTAINTY_MEASURE_WITH_UNIT (LENGTH_MEASURE( 1.000000000000000082E-05 ), #1470, 'distance_accuracy_value', 'NONE');
#3669 = ORIENTED_EDGE ( 'NONE', *, *, #3109, .T. ) ;
#3670 = LINE ( 'NONE', #4032, #4411 ) ;
#3671 = DIRECTION ( 'NONE',  ( 1.000000000000000000, 0.000000000000000000, 0.000000000000000000 ) ) ;
#3672 =( GEOMETRIC_REPRESENTATION_CONTEXT ( 3 ) GLOBAL_UNCERTAINTY_ASSIGNED_CONTEXT ( ( #277 ) ) GLOBAL_UNIT_ASSIGNED_CONTEXT ( ( #1132, #3951, #4267 ) ) REPRESENTATION_CONTEXT ( 'NONE', 'WORKASPACE' ) );
#3673 = CARTESIAN_POINT ( 'NONE',  ( 0.000000000000000000, 0.000000000000000000, 0.000000000000000000 ) ) ;
#3674 = ADVANCED_FACE ( 'NONE', ( #959 ), #1708, .F. ) ;
#3675 =( NAMED_UNIT ( * ) SI_UNIT ( $, .STERADIAN. ) SOLID_ANGLE_UNIT ( ) );
#3676 = STYLED_ITEM ( 'NONE', ( #4500 ), #1789 ) ;
#3677 = LINE ( 'NONE', #805, #1693 ) ;
#3678 = CARTESIAN_POINT ( 'NONE',  ( 0.3999999999999999667, 0.03536344784022327215, -0.8812800000000000633 ) ) ;
#3679 = DIRECTION ( 'NONE',  ( 1.000000000000000000, 0.000000000000000000, 0.000000000000000000 ) ) ;
#3680 = LINE ( 'NONE', #2304, #3659 ) ;
#3681 = B_SPLINE_CURVE_WITH_KNOTS ( 'NONE', 3,
 ( #2983, #3678, #3006, #4015, #4357, #1590, #2276, #851, #509, #529 ),
 .UNSPECIFIED., .F., .F.,
 ( 4, 3, 3, 4 ),
 ( 1.355252715606880543E-20, 6.229656479333819111E-06, 1.247217766221256828E-05, 1.466750761377688438E-05 ),
 .UNSPECIFIED. ) ;
#3682 = ORIENTED_EDGE ( 'NONE', *, *, #505, .F. ) ;
#3683 = VECTOR ( 'NONE', #2616, 1000.000000000000114 ) ;
#3684 = EDGE_LOOP ( 'NONE', ( #2370, #356, #2326, #2463 ) ) ;
#3685 = STYLED_ITEM ( 'NONE', ( #4037 ), #2303 ) ;
#3686 = ORIENTED_EDGE ( 'NONE', *, *, #2494, .T. ) ;
#3687 = VERTEX_POINT ( 'NONE', #3783 ) ;
#3688 = CARTESIAN_POINT ( 'NONE',  ( 0.3999999999999999667, 0.01871999999999995543, -0.03743999999999991085 ) ) ;
#3689 = STYLED_ITEM ( 'NONE', ( #2335 ), #2349 ) ;
#3690 = LINE ( 'NONE', #3643, #1191 ) ;
#3691 = DIRECTION ( 'NONE',  ( 1.000000000000000000, 0.000000000000000000, 0.000000000000000000 ) ) ;
#3692 = VECTOR ( 'NONE', #520, 1000.000000000000000 ) ;
#3693 = DIRECTION ( 'NONE',  ( 1.000000000000000000, 0.000000000000000000, 0.000000000000000000 ) ) ;
#3694 = ORIENTED_EDGE ( 'NONE', *, *, #103, .F. ) ;
#3695 = DIRECTION ( 'NONE',  ( 0.2759782365590801034, 0.000000000000000000, -0.9611638845408936316 ) ) ;
#3696 = PRODUCT_DEFINITION_SHAPE ( 'NONE', 'NONE',  #3422 ) ;
#3697 = EDGE_CURVE ( 'NONE', #2417, #2172, #2400, .T. ) ;
#3698 = MECHANICAL_DESIGN_GEOMETRIC_PRESENTATION_REPRESENTATION (  '', ( #4128 ), #523 ) ;
#3699 = PLANE ( 'NONE',  #2638 ) ;
#3700 = CARTESIAN_POINT ( 'NONE',  ( 0.3812799999999999523, 0.9000000000000000222, -0.8812800000000000633 ) ) ;
#3701 = EDGE_CURVE ( 'NONE', #1915, #3868, #1780, .T. ) ;
#3702 = ADVANCED_FACE ( 'NONE', ( #3140 ), #4075, .F. ) ;
#3703 = LINE ( 'NONE', #4378, #4101 ) ;
#3704 = FILL_AREA_STYLE ('',( #1157 ) ) ;
#3705 = PRESENTATION_LAYER_ASSIGNMENT (  '', '', ( #1116 ) ) ;
#3706 = ORIENTED_EDGE ( 'NONE', *, *, #3724, .F. ) ;
#3707 = ADVANCED_FACE ( 'NONE', ( #264 ), #1365, .F. ) ;
#3708 = ORIENTED_EDGE ( 'NONE', *, *, #2309, .T. ) ;
#3709 = LINE ( 'NONE', #1914, #1669 ) ;
#3710 = ORIENTED_EDGE ( 'NONE', *, *, #4335, .F. ) ;
#3711 = EDGE_LOOP ( 'NONE', ( #1645, #308, #4501, #3669 ) ) ;
#3712 = DIRECTION ( 'NONE',  ( 0.000000000000000000, 1.000000000000000000, 0.000000000000000000 ) ) ;
#3713 = SURFACE_STYLE_USAGE ( .BOTH. , #2313 ) ;
#3714 = LINE ( 'NONE', #4348, #2251 ) ;
#3715 = ORIENTED_EDGE ( 'NONE', *, *, #1472, .F. ) ;
#3716 = CARTESIAN_POINT ( 'NONE',  ( 0.000000000000000000, 0.01872000000000000053, 0.000000000000000000 ) ) ;
#3717 =( NAMED_UNIT ( * ) SI_UNIT ( $, .STERADIAN. ) SOLID_ANGLE_UNIT ( ) );
#3718 =( NAMED_UNIT ( * ) SI_UNIT ( $, .STERADIAN. ) SOLID_ANGLE_UNIT ( ) );
#3719 = DIRECTION ( 'NONE',  ( 0.2732148821746424594, 0.000000000000000000, -0.9619530280415443668 ) ) ;
#3720 = CARTESIAN_POINT ( 'NONE',  ( 0.01872000000000006298, 0.8812800000000000633, 0.000000000000000000 ) ) ;
#3721 = CARTESIAN_POINT ( 'NONE',  ( 0.3999856552468579185, 0.8801244340501536145, -0.03067606156534065029 ) ) ;
#3722 = COLOUR_RGB ( '',0.7686274509803920907, 0.7686274509803920907, 0.7686274509803920907 ) ;
#3723 = EDGE_CURVE ( 'NONE', #276, #1802, #911, .T. ) ;
#3724 = EDGE_CURVE ( 'NONE', #1535, #768, #2057, .T. ) ;
#3725 = VERTEX_POINT ( 'NONE', #292 ) ;
#3726 = EDGE_LOOP ( 'NONE', ( #2627, #329, #4279, #1543 ) ) ;
#3727 = CARTESIAN_POINT ( 'NONE',  ( 1.700000000000000178, 0.01872000000000000053, -0.8812800000000000633 ) ) ;
#3728 = ADVANCED_FACE ( 'NONE', ( #3121 ), #4509, .T. ) ;
#3729 = VERTEX_POINT ( 'NONE', #3831 ) ;
#3730 = ORIENTED_EDGE ( 'NONE', *, *, #642, .T. ) ;
#3731 = SURFACE_SIDE_STYLE ('',( #1288 ) ) ;
#3732 = LINE ( 'NONE', #2007, #2166 ) ;
#3733 = DIRECTION ( 'NONE',  ( 0.000000000000000000, 0.000000000000000000, -1.000000000000000000 ) ) ;
#3734 = ADVANCED_FACE ( 'NONE', ( #2081 ), #2811, .T. ) ;
#3735 = CARTESIAN_POINT ( 'NONE',  ( 1.300820962650010237, 0.8757970389438122227, -0.02420296105618774396 ) ) ;
#3736 = VECTOR ( 'NONE', #1179, 1000.000000000000000 ) ;
#3737 = EDGE_LOOP ( 'NONE', ( #76, #1469, #943, #1692 ) ) ;
#3738 = FILL_AREA_STYLE_COLOUR ( '', #2889 ) ;
#3739 = VECTOR ( 'NONE', #614, 1000.000000000000114 ) ;
#3740 = FILL_AREA_STYLE_COLOUR ( '', #3912 ) ;
#3741 = DIRECTION ( 'NONE',  ( 1.000000000000000000, 0.000000000000000000, 0.000000000000000000 ) ) ;
#3742 = DIRECTION ( 'NONE',  ( 0.000000000000000000, -1.000000000000000000, 0.000000000000000000 ) ) ;
#3743 = CIRCLE ( 'NONE', #1158, 0.01872000000000000053 ) ;
#3744 =( LENGTH_UNIT ( ) NAMED_UNIT ( * ) SI_UNIT ( .MILLI., .METRE. ) );
#3745 = CARTESIAN_POINT ( 'NONE',  ( 1.700000000000000178, 0.000000000000000000, 0.000000000000000000 ) ) ;
#3746 = DIRECTION ( 'NONE',  ( -0.6995643972270444433, 0.000000000000000000, -0.7145695586381790587 ) ) ;
#3747 = VERTEX_POINT ( 'NONE', #3400 ) ;
#3748 = VERTEX_POINT ( 'NONE', #2493 ) ;
#3749 = PRESENTATION_LAYER_ASSIGNMENT (  '', '', ( #3904 ) ) ;
#3750 = FILL_AREA_STYLE ('',( #3667 ) ) ;
#3751 = ORIENTED_EDGE ( 'NONE', *, *, #3510, .T. ) ;
#3752 = ORIENTED_EDGE ( 'NONE', *, *, #2071, .F. ) ;
#3753 = FILL_AREA_STYLE_COLOUR ( '', #2585 ) ;
#3754 = SURFACE_STYLE_USAGE ( .BOTH. , #286 ) ;
#3755 = EDGE_CURVE ( 'NONE', #3493, #1398, #681, .T. ) ;
#3756 = AXIS2_PLACEMENT_3D ( 'NONE', #4449, #1737, #2798 ) ;
#3757 = FILL_AREA_STYLE_COLOUR ( '', #4209 ) ;
#3758 = CIRCLE ( 'NONE', #287, 0.01872000000000000053 ) ;
#3759 = ORIENTED_EDGE ( 'NONE', *, *, #985, .T. ) ;
#3760 = EDGE_CURVE ( 'NONE', #3229, #2885, #84, .T. ) ;
#3761 =( GEOMETRIC_REPRESENTATION_CONTEXT ( 3 ) GLOBAL_UNCERTAINTY_ASSIGNED_CONTEXT ( ( #479 ) ) GLOBAL_UNIT_ASSIGNED_CONTEXT ( ( #4142, #1681, #220 ) ) REPRESENTATION_CONTEXT ( 'NONE', 'WORKASPACE' ) );
#3762 = FACE_OUTER_BOUND ( 'NONE', #2448, .T. ) ;
#3763 = PRESENTATION_LAYER_ASSIGNMENT (  '', '', ( #443 ) ) ;
#3764 = FACE_OUTER_BOUND ( 'NONE', #2398, .T. ) ;
#3765 = CARTESIAN_POINT ( 'NONE',  ( 0.9069147669963621983, 0.8862800000000000678, -0.5229400068966340021 ) ) ;
#3766 = COLOUR_RGB ( '',0.7686274509803920907, 0.7686274509803920907, 0.7686274509803920907 ) ;
#3767 =( LENGTH_UNIT ( ) NAMED_UNIT ( * ) SI_UNIT ( .MILLI., .METRE. ) );
#3768 = PRESENTATION_STYLE_ASSIGNMENT (( #1714 ) ) ;
#3769 = ORIENTED_EDGE ( 'NONE', *, *, #1747, .F. ) ;
#3770 = DIRECTION ( 'NONE',  ( 0.000000000000000000, -1.000000000000000000, 0.000000000000000000 ) ) ;
#3771 = PRESENTATION_LAYER_ASSIGNMENT (  '', '', ( #2664 ) ) ;
#3772 = DIRECTION ( 'NONE',  ( 0.000000000000000000, 0.000000000000000000, -1.000000000000000000 ) ) ;
#3773 =( GEOMETRIC_REPRESENTATION_CONTEXT ( 3 ) GLOBAL_UNCERTAINTY_ASSIGNED_CONTEXT ( ( #3995 ) ) GLOBAL_UNIT_ASSIGNED_CONTEXT ( ( #258, #583, #1704 ) ) REPRESENTATION_CONTEXT ( 'NONE', 'WORKASPACE' ) );
#3774 = CARTESIAN_POINT ( 'NONE',  ( 0.3999999999999999667, 0.8812800000000000633, -0.9000000000000000222 ) ) ;
#3775 = ORIENTED_EDGE ( 'NONE', *, *, #915, .T. ) ;
#3776 = EDGE_LOOP ( 'NONE', ( #1140, #3710, #1625, #1393 ) ) ;
#3777 = DIRECTION ( 'NONE',  ( 0.000000000000000000, -1.000000000000000000, 0.000000000000000000 ) ) ;
#3778 = SURFACE_SIDE_STYLE ('',( #2646 ) ) ;
#3779 = EDGE_CURVE ( 'NONE', #4380, #2200, #3944, .T. ) ;
#3780 = EDGE_CURVE ( 'NONE', #1165, #2990, #2794, .T. ) ;
#3781 = VERTEX_POINT ( 'NONE', #1777 ) ;
#3782 = DIRECTION ( 'NONE',  ( 0.000000000000000000, -1.000000000000000000, 0.000000000000000000 ) ) ;
#3783 = CARTESIAN_POINT ( 'NONE',  ( 0.000000000000000000, 0.01872000000000000053, -0.8812800000000000633 ) ) ;
#3784 = EDGE_CURVE ( 'NONE', #2193, #2462, #3532, .T. ) ;
#3785 = FILL_AREA_STYLE_COLOUR ( '', #1885 ) ;
#3786 = FILL_AREA_STYLE ('',( #963 ) ) ;
#3787 = SURFACE_SIDE_STYLE ('',( #964 ) ) ;
#3788 = CIRCLE ( 'NONE', #1805, 0.01872000000000000053 ) ;
#3789 = FILL_AREA_STYLE ('',( #3836 ) ) ;
#3790 =( NAMED_UNIT ( * ) SI_UNIT ( $, .STERADIAN. ) SOLID_ANGLE_UNIT ( ) );
#3791 = EDGE_CURVE ( 'NONE', #107, #2690, #2105, .T. ) ;
#3792 =( NAMED_UNIT ( * ) SI_UNIT ( $, .STERADIAN. ) SOLID_ANGLE_UNIT ( ) );
#3793 = CARTESIAN_POINT ( 'NONE',  ( 1.300014344753142037, 0.03067606156534069192, -0.8801244340501537256 ) ) ;
#3794 = ORIENTED_EDGE ( 'NONE', *, *, #3723, .T. ) ;
#3795 = UNCERTAINTY_MEASURE_WITH_UNIT (LENGTH_MEASURE( 1.000000000000000082E-05 ), #1336, 'distance_accuracy_value', 'NONE');
#3796 = CARTESIAN_POINT ( 'NONE',  ( 0.5895403086485699884, 0.8812800000000000633, -0.4500000000000000111 ) ) ;
#3797 = LINE ( 'NONE', #615, #1950 ) ;
#3798 = FILL_AREA_STYLE_COLOUR ( '', #62 ) ;
#3799 = ORIENTED_EDGE ( 'NONE', *, *, #1137, .F. ) ;
#3800 = EDGE_LOOP ( 'NONE', ( #3223, #1869, #4207, #407 ) ) ;
#3801 = SURFACE_STYLE_USAGE ( .BOTH. , #976 ) ;
#3802 = DIRECTION ( 'NONE',  ( 0.8958676361826809487, 0.000000000000000000, 0.4443210308329502700 ) ) ;
#3803 = DIRECTION ( 'NONE',  ( 0.000000000000000000, -2.352869297928612228E-15, 1.000000000000000000 ) ) ;
#3804 = CARTESIAN_POINT ( 'NONE',  ( 1.318720000000000114, 0.01872000000000000053, 0.000000000000000000 ) ) ;
#3805 = VERTEX_POINT ( 'NONE', #3515 ) ;
#3806 = LINE ( 'NONE', #626, #950 ) ;
#3807 = LINE ( 'NONE', #658, #816 ) ;
#3808 = STYLED_ITEM ( 'NONE', ( #2230 ), #4264 ) ;
#3809 =( GEOMETRIC_REPRESENTATION_CONTEXT ( 3 ) GLOBAL_UNCERTAINTY_ASSIGNED_CONTEXT ( ( #4291 ) ) GLOBAL_UNIT_ASSIGNED_CONTEXT ( ( #4137, #2053, #2395 ) ) REPRESENTATION_CONTEXT ( 'NONE', 'WORKASPACE' ) );
#3810 = CARTESIAN_POINT ( 'NONE',  ( 0.01872000000000006298, 0.01872000000000000053, 0.000000000000000000 ) ) ;
#3811 = DIRECTION ( 'NONE',  ( -1.000000000000000000, -0.000000000000000000, 0.000000000000000000 ) ) ;
#3812 = DIRECTION ( 'NONE',  ( -0.000000000000000000, 1.000000000000000000, 0.000000000000000000 ) ) ;
#3813 = ADVANCED_FACE ( 'NONE', ( #3232 ), #2175, .T. ) ;
#3814 = CARTESIAN_POINT ( 'NONE',  ( 1.700000000000000178, 0.000000000000000000, 0.000000000000000000 ) ) ;
#3815 = CIRCLE ( 'NONE', #1445, 0.01871999999999999706 ) ;
#3816 = DIRECTION ( 'NONE',  ( -1.000000000000000000, 0.000000000000000000, 0.000000000000000000 ) ) ;
#3817 =( NAMED_UNIT ( * ) PLANE_ANGLE_UNIT ( ) SI_UNIT ( $, .RADIAN. ) );
#3818 = CARTESIAN_POINT ( 'NONE',  ( 1.700000000000000178, 0.8812800000000000633, -0.8812800000000000633 ) ) ;
#3819 = CARTESIAN_POINT ( 'NONE',  ( 1.300066540021254324, 0.02043854728933963694, -0.8706661024294584106 ) ) ;
#3820 = VECTOR ( 'NONE', #987, 1000.000000000000000 ) ;
#3821 = ORIENTED_EDGE ( 'NONE', *, *, #4284, .F. ) ;
#3822 = COLOUR_RGB ( '',0.7686274509803920907, 0.7686274509803920907, 0.7686274509803920907 ) ;
#3823 = VERTEX_POINT ( 'NONE', #3663 ) ;
#3824 = PRESENTATION_STYLE_ASSIGNMENT (( #3287 ) ) ;
#3825 = FILL_AREA_STYLE ('',( #675 ) ) ;
#3826 = CARTESIAN_POINT ( 'NONE',  ( 0.3995617034539862833, 0.02274712289612589380, -0.02584009644822619564 ) ) ;
#3827 = CYLINDRICAL_SURFACE ( 'NONE', #1825, 0.01872000000000001094 ) ;
#3828 = MECHANICAL_DESIGN_GEOMETRIC_PRESENTATION_REPRESENTATION (  '', ( #3971 ), #1018 ) ;
#3829 = ORIENTED_EDGE ( 'NONE', *, *, #4555, .F. ) ;
#3830 = DIRECTION ( 'NONE',  ( 0.004650693823683970003, 0.000000000000000000, -0.9999891854650021505 ) ) ;
#3831 = CARTESIAN_POINT ( 'NONE',  ( 0.5102586201996844872, 0.8812800000000000633, -0.4499999999999999556 ) ) ;
#3832 = VECTOR ( 'NONE', #847, 1000.000000000000000 ) ;
#3833 = CARTESIAN_POINT ( 'NONE',  ( 0.6178175509797150244, 0.8812800000000000633, -0.5669619174648817816 ) ) ;
#3834 = CARTESIAN_POINT ( 'NONE',  ( 0.3997902057321688352, 0.02165506981501075234, -0.8728129223206365639 ) ) ;
#3835 =( LENGTH_UNIT ( ) NAMED_UNIT ( * ) SI_UNIT ( .MILLI., .METRE. ) );
#3836 = FILL_AREA_STYLE_COLOUR ( '', #1405 ) ;
#3837 = LINE ( 'NONE', #663, #1309 ) ;
#3838 = AXIS2_PLACEMENT_3D ( 'NONE', #2992, #430, #794 ) ;
#3839 = COLOUR_RGB ( '',0.7686274509803920907, 0.7686274509803920907, 0.7686274509803920907 ) ;
#3840 = DIRECTION ( 'NONE',  ( -0.000000000000000000, 0.000000000000000000, 1.000000000000000000 ) ) ;
#3841 = EDGE_CURVE ( 'NONE', #4067, #787, #1897, .T. ) ;
#3842 = CARTESIAN_POINT ( 'NONE',  ( 1.299999999999970290, 0.03646308696185558695, -0.8812800000000017286 ) ) ;
#3843 = CARTESIAN_POINT ( 'NONE',  ( 0.8723733716153394546, 0.8862800000000000678, -0.5669619174648817816 ) ) ;
#3844 = AXIS2_PLACEMENT_3D ( 'NONE', #1056, #68, #1859 ) ;
#3845 = ADVANCED_FACE ( 'NONE', ( #1583 ), #842, .F. ) ;
#3846 = SURFACE_STYLE_FILL_AREA ( #2441 ) ;
#3847 = VERTEX_POINT ( 'NONE', #863 ) ;
#3848 = AXIS2_PLACEMENT_3D ( 'NONE', #1379, #984, #1682 ) ;
#3849 = EDGE_LOOP ( 'NONE', ( #4073, #3660, #2237, #3012, #230, #4011, #1000, #452 ) ) ;
#3850 = DIRECTION ( 'NONE',  ( 0.2729786930695101144, 0.000000000000000000, -0.9620200793798756589 ) ) ;
#3851 =( NAMED_UNIT ( * ) SI_UNIT ( $, .STERADIAN. ) SOLID_ANGLE_UNIT ( ) );
#3852 = MECHANICAL_DESIGN_GEOMETRIC_PRESENTATION_REPRESENTATION (  '', ( #3405 ), #1553 ) ;
#3853 = EDGE_LOOP ( 'NONE', ( #3063, #3418, #902, #4324 ) ) ;
#3854 = CARTESIAN_POINT ( 'NONE',  ( 0.3812799999999999523, 0.9000000000000000222, -0.01871999999999995543 ) ) ;
#3855 =( NAMED_UNIT ( * ) PLANE_ANGLE_UNIT ( ) SI_UNIT ( $, .RADIAN. ) );
#3856 = DIRECTION ( 'NONE',  ( 0.000000000000000000, 0.000000000000000000, 1.000000000000000000 ) ) ;
#3857 = CARTESIAN_POINT ( 'NONE',  ( 0.3991790373499896627, 0.02420296105618771620, -0.02420296105618785151 ) ) ;
#3858 = CARTESIAN_POINT ( 'NONE',  ( 0.9571083656340487744, 0.8862800000000000678, -0.5229400068966340021 ) ) ;
#3859 = DIRECTION ( 'NONE',  ( 1.000000000000000000, 0.000000000000000000, 0.000000000000000000 ) ) ;
#3860 = DIRECTION ( 'NONE',  ( -0.2763139702539146869, 0.000000000000000000, 0.9610674221107065041 ) ) ;
#3861 = CARTESIAN_POINT ( 'NONE',  ( 1.300209794267831009, 0.02165506981501079051, -0.02718707767936338893 ) ) ;
#3862 = SURFACE_STYLE_FILL_AREA ( #4198 ) ;
#3863 = CARTESIAN_POINT ( 'NONE',  ( 0.8864643377511690625, 0.8862800000000000678, -0.5669619174648817816 ) ) ;
#3864 = SURFACE_SIDE_STYLE ('',( #376 ) ) ;
#3865 = CARTESIAN_POINT ( 'NONE',  ( 1.067734596312455375, 0.8862800000000000678, -0.5443762033604275796 ) ) ;
#3866 = EDGE_CURVE ( 'NONE', #4502, #4280, #4302, .T. ) ;
#3867 = DIRECTION ( 'NONE',  ( 1.000000000000000000, 0.000000000000000000, 0.000000000000000000 ) ) ;
#3868 = VERTEX_POINT ( 'NONE', #128 ) ;
#3869 = ORIENTED_EDGE ( 'NONE', *, *, #4140, .T. ) ;
#3870 = CARTESIAN_POINT ( 'NONE',  ( 1.035711502692017616, 0.8862800000000000678, -0.5443787456248779799 ) ) ;
#3871 = CARTESIAN_POINT ( 'NONE',  ( 0.9007459240060254890, 0.8862800000000000678, -0.5013216725431063336 ) ) ;
#3872 = ADVANCED_FACE ( 'NONE', ( #3621 ), #3323, .F. ) ;
#3873 = EDGE_LOOP ( 'NONE', ( #4134, #2190, #918, #4413 ) ) ;
#3874 = CARTESIAN_POINT ( 'NONE',  ( 0.8090241267250342094, 0.8812800000000000633, -0.4499999999999999556 ) ) ;
#3875 = DIRECTION ( 'NONE',  ( 1.000000000000000000, 0.000000000000000000, 0.000000000000000000 ) ) ;
#3876 = EDGE_CURVE ( 'NONE', #209, #4003, #1945, .T. ) ;
#3877 = EDGE_LOOP ( 'NONE', ( #999, #1943, #1874, #2306 ) ) ;
#3878 = LINE ( 'NONE', #1858, #2219 ) ;
#3879 = CARTESIAN_POINT ( 'NONE',  ( 0.8090241267250342094, 0.8862800000000000678, -0.4499999999999999556 ) ) ;
#3880 = FACE_OUTER_BOUND ( 'NONE', #3228, .T. ) ;
#3881 = FACE_OUTER_BOUND ( 'NONE', #3737, .T. ) ;
#3882 = CARTESIAN_POINT ( 'NONE',  ( 0.3812799999999998968, 0.000000000000000000, -0.01872000000000000053 ) ) ;
#3883 = UNCERTAINTY_MEASURE_WITH_UNIT (LENGTH_MEASURE( 1.000000000000000082E-05 ), #1906, 'distance_accuracy_value', 'NONE');
#3884 = LINE ( 'NONE', #1457, #4537 ) ;
#3885 = VECTOR ( 'NONE', #2320, 1000.000000000000000 ) ;
#3886 = VECTOR ( 'NONE', #2614, 1000.000000000000000 ) ;
#3887 = FACE_OUTER_BOUND ( 'NONE', #3159, .T. ) ;
#3888 = ORIENTED_EDGE ( 'NONE', *, *, #1099, .T. ) ;
#3889 = EDGE_CURVE ( 'NONE', #3208, #2489, #3690, .T. ) ;
#3890 = VERTEX_POINT ( 'NONE', #172 ) ;
#3891 = SURFACE_SIDE_STYLE ('',( #4225 ) ) ;
#3892 = CARTESIAN_POINT ( 'NONE',  ( 1.700000000000000178, 0.000000000000000000, -0.8812800000000000633 ) ) ;
#3893 = DIRECTION ( 'NONE',  ( 0.2762437428917283722, 0.000000000000000000, -0.9610876102172832836 ) ) ;
#3894 = STYLED_ITEM ( 'NONE', ( #1676 ), #849 ) ;
#3895 = COLOUR_RGB ( '',0.7686274509803920907, 0.7686274509803920907, 0.7686274509803920907 ) ;
#3896 = ORIENTED_EDGE ( 'NONE', *, *, #371, .F. ) ;
#3897 = ADVANCED_FACE ( 'NONE', ( #4389 ), #3990, .T. ) ;
#3898 = VERTEX_POINT ( 'NONE', #3441 ) ;
#3899 = CARTESIAN_POINT ( 'NONE',  ( 1.067734596312455375, 0.8862800000000000678, -0.5443762033604275796 ) ) ;
#3900 = DIRECTION ( 'NONE',  ( 0.000000000000000000, -1.000000000000000000, 0.000000000000000000 ) ) ;
#3901 = COLOUR_RGB ( '',0.7921568627450980005, 0.8196078431372548767, 0.9333333333333333481 ) ;
#3902 = DIRECTION ( 'NONE',  ( -0.000000000000000000, 1.000000000000000000, -0.000000000000000000 ) ) ;
#3903 = DIRECTION ( 'NONE',  ( -0.000000000000000000, -1.000000000000000000, 0.000000000000000000 ) ) ;
#3904 = STYLED_ITEM ( 'NONE', ( #692 ), #1817 ) ;
#3905 = UNCERTAINTY_MEASURE_WITH_UNIT (LENGTH_MEASURE( 1.000000000000000082E-05 ), #1451, 'distance_accuracy_value', 'NONE');
#3906 = ORIENTED_EDGE ( 'NONE', *, *, #447, .T. ) ;
#3907 = CARTESIAN_POINT ( 'NONE',  ( 1.300820962650010237, 0.8757970389438122227, -0.02420296105618774396 ) ) ;
#3908 = DIRECTION ( 'NONE',  ( -0.2764273280489743523, 0.000000000000000000, 0.9610348236706641734 ) ) ;
#3909 = CARTESIAN_POINT ( 'NONE',  ( 1.300014344753142037, 0.01987556594984635563, -0.03067606156534069192 ) ) ;
#3910 = VECTOR ( 'NONE', #779, 1000.000000000000000 ) ;
#3911 = LINE ( 'NONE', #2864, #1167 ) ;
#3912 = COLOUR_RGB ( '',0.7686274509803920907, 0.7686274509803920907, 0.7686274509803920907 ) ;
#3913 = SURFACE_SIDE_STYLE ('',( #397 ) ) ;
#3914 = VECTOR ( 'NONE', #2672, 1000.000000000000114 ) ;
#3915 = SURFACE_SIDE_STYLE ('',( #2574 ) ) ;
#3916 = ORIENTED_EDGE ( 'NONE', *, *, #3956, .F. ) ;
#3917 = ORIENTED_EDGE ( 'NONE', *, *, #2545, .F. ) ;
#3918 = MECHANICAL_DESIGN_GEOMETRIC_PRESENTATION_REPRESENTATION (  '', ( #1339 ), #4492 ) ;
#3919 = EDGE_LOOP ( 'NONE', ( #2118, #3338, #3946 ) ) ;
#3920 = EDGE_LOOP ( 'NONE', ( #1341, #4431, #3178, #4041 ) ) ;
#3921 = PRESENTATION_STYLE_ASSIGNMENT (( #4254 ) ) ;
#3922 = ADVANCED_FACE ( 'NONE', ( #2054 ), #3115, .T. ) ;
#3923 = EDGE_CURVE ( 'NONE', #235, #41, #1795, .T. ) ;
#3924 =( LENGTH_UNIT ( ) NAMED_UNIT ( * ) SI_UNIT ( .MILLI., .METRE. ) );
#3925 = DIRECTION ( 'NONE',  ( 0.000000000000000000, 0.000000000000000000, -1.000000000000000000 ) ) ;
#3926 = ORIENTED_EDGE ( 'NONE', *, *, #1608, .T. ) ;
#3927 = CARTESIAN_POINT ( 'NONE',  ( 1.299990937744513131, 0.8809247507847510761, -0.03325849667091155398 ) ) ;
#3928 =( LENGTH_UNIT ( ) NAMED_UNIT ( * ) SI_UNIT ( .MILLI., .METRE. ) );
#3929 = EDGE_CURVE ( 'NONE', #2649, #80, #3043, .T. ) ;
#3930 = CARTESIAN_POINT ( 'NONE',  ( 0.5284610813304443377, 0.8862800000000000678, -0.5135071467863020489 ) ) ;
#3931 = UNCERTAINTY_MEASURE_WITH_UNIT (LENGTH_MEASURE( 1.000000000000000082E-05 ), #2814, 'distance_accuracy_value', 'NONE');
#3932 = FACE_OUTER_BOUND ( 'NONE', #4350, .T. ) ;
#3933 = DIRECTION ( 'NONE',  ( 0.000000000000000000, -1.000000000000000000, 0.000000000000000000 ) ) ;
#3934 = EDGE_CURVE ( 'NONE', #4205, #107, #1636, .T. ) ;
#3935 = AXIS2_PLACEMENT_3D ( 'NONE', #3865, #3482, #3501 ) ;
#3936 = DIRECTION ( 'NONE',  ( -0.9615323037684321283, 0.000000000000000000, -0.2746918797667152745 ) ) ;
#3937 = ORIENTED_EDGE ( 'NONE', *, *, #2309, .F. ) ;
#3938 = ORIENTED_EDGE ( 'NONE', *, *, #2162, .T. ) ;
#3939 = DIRECTION ( 'NONE',  ( 0.000000000000000000, -1.000000000000000000, 0.000000000000000000 ) ) ;
#3940 =( GEOMETRIC_REPRESENTATION_CONTEXT ( 3 ) GLOBAL_UNCERTAINTY_ASSIGNED_CONTEXT ( ( #1715 ) ) GLOBAL_UNIT_ASSIGNED_CONTEXT ( ( #3924, #1474, #3574 ) ) REPRESENTATION_CONTEXT ( 'NONE', 'WORKASPACE' ) );
#3941 = ORIENTED_EDGE ( 'NONE', *, *, #3058, .T. ) ;
#3942 = EDGE_LOOP ( 'NONE', ( #2851, #811, #2442, #182 ) ) ;
#3943 = LINE ( 'NONE', #1537, #2147 ) ;
#3944 = LINE ( 'NONE', #1053, #3036 ) ;
#3945 = CARTESIAN_POINT ( 'NONE',  ( 0.3999999999999999667, 0.01871999999999995543, -0.01871999999999995543 ) ) ;
#3946 = ORIENTED_EDGE ( 'NONE', *, *, #2321, .F. ) ;
#3947 = CARTESIAN_POINT ( 'NONE',  ( 1.318720000000000114, 0.8812800000000000633, -0.8812800000000000633 ) ) ;
#3948 = DIRECTION ( 'NONE',  ( -1.000000000000000000, 0.000000000000000000, 0.000000000000000000 ) ) ;
#3949 = FILL_AREA_STYLE ('',( #44 ) ) ;
#3950 = CARTESIAN_POINT ( 'NONE',  ( 1.300111902403577657, 0.02076379642871438794, -0.02893455266026275646 ) ) ;
#3951 =( NAMED_UNIT ( * ) PLANE_ANGLE_UNIT ( ) SI_UNIT ( $, .RADIAN. ) );
#3952 = DIRECTION ( 'NONE',  ( 0.000000000000000000, -1.000000000000000000, 0.000000000000000000 ) ) ;
#3953 = EDGE_CURVE ( 'NONE', #2690, #4088, #621, .T. ) ;
#3954 = CARTESIAN_POINT ( 'NONE',  ( 0.5539526353892351151, 0.8812800000000000633, -0.4500000000000000111 ) ) ;
#3955 = ORIENTED_EDGE ( 'NONE', *, *, #3047, .F. ) ;
#3956 = EDGE_CURVE ( 'NONE', #3781, #4087, #3732, .T. ) ;
#3957 = ORIENTED_EDGE ( 'NONE', *, *, #3791, .T. ) ;
#3958 = CARTESIAN_POINT ( 'NONE',  ( 1.300820962650010237, 0.8757970389438122227, -0.8757970389438122227 ) ) ;
#3959 = AXIS2_PLACEMENT_3D ( 'NONE', #2733, #93, #1763 ) ;
#3960 = VERTEX_POINT ( 'NONE', #601 ) ;
#3961 = ORIENTED_EDGE ( 'NONE', *, *, #305, .F. ) ;
#3962 = LINE ( 'NONE', #171, #806 ) ;
#3963 = DIRECTION ( 'NONE',  ( -0.2760118818968593235, 0.000000000000000000, 0.9611542233438680194 ) ) ;
#3964 = PRESENTATION_LAYER_ASSIGNMENT (  '', '', ( #4181 ) ) ;
#3965 = PRESENTATION_STYLE_ASSIGNMENT (( #3993 ) ) ;
#3966 = CARTESIAN_POINT ( 'NONE',  ( 0.3812799999999998968, 0.9000000000000000222, 0.000000000000000000 ) ) ;
#3967 = ORIENTED_EDGE ( 'NONE', *, *, #4201, .T. ) ;
#3968 = CARTESIAN_POINT ( 'NONE',  ( -0.05199832028965649389, 0.8862799999999998457, -0.05666983717615741573 ) ) ;
#3969 = MECHANICAL_DESIGN_GEOMETRIC_PRESENTATION_REPRESENTATION (  '', ( #2786 ), #3383 ) ;
#3970 = PLANE ( 'NONE',  #3528 ) ;
#3971 = STYLED_ITEM ( 'NONE', ( #2169 ), #1872 ) ;
#3972 = DIRECTION ( 'NONE',  ( 1.000000000000000000, 0.000000000000000000, 0.000000000000000000 ) ) ;
#3973 = CARTESIAN_POINT ( 'NONE',  ( 1.300000000000000044, 0.8625599999999998824, -0.8812800000000000633 ) ) ;
#3974 =( NAMED_UNIT ( * ) SI_UNIT ( $, .STERADIAN. ) SOLID_ANGLE_UNIT ( ) );
#3975 = CARTESIAN_POINT ( 'NONE',  ( 0.9475055120409731080, 0.8862800000000000678, -0.4722563433655573295 ) ) ;
#3976 = VECTOR ( 'NONE', #374, 1000.000000000000000 ) ;
#3977 = EDGE_CURVE ( 'NONE', #4186, #4473, #2255, .T. ) ;
#3978 = EDGE_CURVE ( 'NONE', #148, #4252, #4055, .T. ) ;
#3979 = MECHANICAL_DESIGN_GEOMETRIC_PRESENTATION_REPRESENTATION (  '', ( #71 ), #3761 ) ;
#3980 = FACE_OUTER_BOUND ( 'NONE', #2846, .T. ) ;
#3981 = VERTEX_POINT ( 'NONE', #651 ) ;
#3982 = ORIENTED_EDGE ( 'NONE', *, *, #2872, .F. ) ;
#3983 = DIRECTION ( 'NONE',  ( 1.000000000000000000, 0.000000000000000000, 0.000000000000000000 ) ) ;
#3984 =( GEOMETRIC_REPRESENTATION_CONTEXT ( 3 ) GLOBAL_UNCERTAINTY_ASSIGNED_CONTEXT ( ( #707 ) ) GLOBAL_UNIT_ASSIGNED_CONTEXT ( ( #3278, #2262, #2194 ) ) REPRESENTATION_CONTEXT ( 'NONE', 'WORKASPACE' ) );
#3985 = EDGE_CURVE ( 'NONE', #2649, #1529, #2714, .T. ) ;
#3986 = ORIENTED_EDGE ( 'NONE', *, *, #4035, .F. ) ;
#3987 = STYLED_ITEM ( 'NONE', ( #3824 ), #3171 ) ;
#3988 = EDGE_LOOP ( 'NONE', ( #1588, #767, #282, #2051, #3551, #2935, #2512, #3061 ) ) ;
#3989 = DIRECTION ( 'NONE',  ( 0.000000000000000000, -1.000000000000000000, 0.000000000000000000 ) ) ;
#3990 = CYLINDRICAL_SURFACE ( 'NONE', #3335, 0.01872000000000000053 ) ;
#3991 = AXIS2_PLACEMENT_3D ( 'NONE', #2840, #2159, #2500 ) ;
#3992 = EDGE_CURVE ( 'NONE', #500, #3729, #2030, .T. ) ;
#3993 = SURFACE_STYLE_USAGE ( .BOTH. , #4303 ) ;
#3994 = DIRECTION ( 'NONE',  ( 0.000000000000000000, -1.000000000000000000, 0.000000000000000000 ) ) ;
#3995 = UNCERTAINTY_MEASURE_WITH_UNIT (LENGTH_MEASURE( 1.000000000000000082E-05 ), #258, 'distance_accuracy_value', 'NONE');
#3996 = ORIENTED_EDGE ( 'NONE', *, *, #3220, .T. ) ;
#3997 = DIRECTION ( 'NONE',  ( -0.000000000000000000, -1.000000000000000000, 0.000000000000000000 ) ) ;
#3998 = COLOUR_RGB ( '',0.7686274509803920907, 0.7686274509803920907, 0.7686274509803920907 ) ;
#3999 = CARTESIAN_POINT ( 'NONE',  ( 0.3999985942204242195, 0.8654817459454149375, -0.8810505868114144601 ) ) ;
#4000 = CARTESIAN_POINT ( 'NONE',  ( 1.681280000000000108, 0.8812800000000000633, -0.01872000000000000053 ) ) ;
#4001 = SURFACE_STYLE_FILL_AREA ( #488 ) ;
#4002 = EDGE_LOOP ( 'NONE', ( #3423, #1215, #119 ) ) ;
#4003 = VERTEX_POINT ( 'NONE', #3181 ) ;
#4004 = DIRECTION ( 'NONE',  ( -1.000000000000000000, 0.000000000000000000, 0.000000000000000000 ) ) ;
#4005 = VERTEX_POINT ( 'NONE', #4525 ) ;
#4006 = EDGE_LOOP ( 'NONE', ( #3381, #513, #3530, #2577 ) ) ;
#4007 = EDGE_CURVE ( 'NONE', #602, #53, #1049, .T. ) ;
#4008 = COLOUR_RGB ( '',0.7686274509803920907, 0.7686274509803920907, 0.7686274509803920907 ) ;
#4009 = DIRECTION ( 'NONE',  ( -0.000000000000000000, -0.000000000000000000, 1.000000000000000000 ) ) ;
#4010 =( NAMED_UNIT ( * ) PLANE_ANGLE_UNIT ( ) SI_UNIT ( $, .RADIAN. ) );
#4011 = ORIENTED_EDGE ( 'NONE', *, *, #1585, .F. ) ;
#4012 = DIRECTION ( 'NONE',  ( -1.000000000000000000, 0.000000000000000000, -1.539402763017534981E-15 ) ) ;
#4013 = PRESENTATION_STYLE_ASSIGNMENT (( #2610 ) ) ;
#4014 = DIRECTION ( 'NONE',  ( 0.000000000000000000, -1.000000000000000000, 0.000000000000000000 ) ) ;
#4015 = CARTESIAN_POINT ( 'NONE',  ( 0.3999712813729734973, 0.03129724862503857619, -0.8802434670114605009 ) ) ;
#4016 = LINE ( 'NONE', #2984, #52 ) ;
#4017 = SURFACE_STYLE_USAGE ( .BOTH. , #874 ) ;
#4018 =( NAMED_UNIT ( * ) PLANE_ANGLE_UNIT ( ) SI_UNIT ( $, .RADIAN. ) );
#4019 = EDGE_LOOP ( 'NONE', ( #4260, #2731, #3961 ) ) ;
#4020 = DIRECTION ( 'NONE',  ( 0.2760118818968593235, 0.000000000000000000, -0.9611542233438680194 ) ) ;
#4021 = AXIS2_PLACEMENT_3D ( 'NONE', #3673, #2271, #2909 ) ;
#4022 = EDGE_CURVE ( 'NONE', #1142, #2172, #353, .T. ) ;
#4023 = ORIENTED_EDGE ( 'NONE', *, *, #4455, .F. ) ;
#4024 = EDGE_LOOP ( 'NONE', ( #1845, #2095, #2742, #4300, #403, #1604 ) ) ;
#4025 = CARTESIAN_POINT ( 'NONE',  ( 1.300001405779575681, 0.8654817459454151596, -0.01894941318858556212 ) ) ;
#4026 = CARTESIAN_POINT ( 'NONE',  ( 0.8390702969591441462, 0.8862800000000000678, -0.5546295660076514533 ) ) ;
#4027 = CIRCLE ( 'NONE', #2340, 0.01872000000000000053 ) ;
#4028 = CARTESIAN_POINT ( 'NONE',  ( 0.7070970304222033986, 0.8862800000000000678, -0.4722520757470474173 ) ) ;
#4029 = ADVANCED_FACE ( 'NONE', ( #311 ), #4248, .T. ) ;
#4030 = CIRCLE ( 'NONE', #4243, 0.01871999999999995543 ) ;
#4031 = ORIENTED_EDGE ( 'NONE', *, *, #418, .T. ) ;
#4032 = CARTESIAN_POINT ( 'NONE',  ( 0.9509324099456935020, 0.8862800000000000678, -0.5013216725431063336 ) ) ;
#4033 = CARTESIAN_POINT ( 'NONE',  ( 0.3991790373499896627, 0.8757970389438121117, -0.8757970389438123338 ) ) ;
#4034 = PRESENTATION_LAYER_ASSIGNMENT (  '', '', ( #3894 ) ) ;
#4035 = EDGE_CURVE ( 'NONE', #3656, #4295, #1744, .T. ) ;
#4036 = AXIS2_PLACEMENT_3D ( 'NONE', #2015, #1614, #3427 ) ;
#4037 = PRESENTATION_STYLE_ASSIGNMENT (( #2654 ) ) ;
#4038 = CARTESIAN_POINT ( 'NONE',  ( 0.8090241267250342094, 0.8862800000000000678, -0.4499999999999999556 ) ) ;
#4039 = VECTOR ( 'NONE', #4204, 1000.000000000000000 ) ;
#4040 = PLANE ( 'NONE',  #3385 ) ;
#4041 = ORIENTED_EDGE ( 'NONE', *, *, #2430, .T. ) ;
#4042 = PRESENTATION_LAYER_ASSIGNMENT (  '', '', ( #3685 ) ) ;
#4043 = EDGE_LOOP ( 'NONE', ( #2557, #3017, #722, #1077 ) ) ;
#4044 = COLOUR_RGB ( '',0.6470588235294117974, 0.5176470588235293491, 0.000000000000000000 ) ;
#4045 = ORIENTED_EDGE ( 'NONE', *, *, #1299, .T. ) ;
#4046 = VERTEX_POINT ( 'NONE', #1771 ) ;
#4047 = SURFACE_STYLE_FILL_AREA ( #884 ) ;
#4048 = AXIS2_PLACEMENT_3D ( 'NONE', #2238, #2218, #4301 ) ;
#4049 = PRESENTATION_LAYER_ASSIGNMENT (  '', '', ( #3255 ) ) ;
#4050 = ORIENTED_EDGE ( 'NONE', *, *, #2295, .F. ) ;
#4051 = CARTESIAN_POINT ( 'NONE',  ( 1.318720000000000114, 0.000000000000000000, -0.8812800000000000633 ) ) ;
#4052 = VECTOR ( 'NONE', #3908, 1000.000000000000227 ) ;
#4053 = EDGE_CURVE ( 'NONE', #1536, #1047, #1418, .T. ) ;
#4054 = EDGE_CURVE ( 'NONE', #3590, #2375, #725, .T. ) ;
#4055 = B_SPLINE_CURVE_WITH_KNOTS ( 'NONE', 3,
 ( #3062, #3421, #4113, #213, #4436, #2692, #3826, #952, #236, #1652 ),
 .UNSPECIFIED., .F., .F.,
 ( 4, 3, 3, 4 ),
 ( 4.121840218789220872E-20, 6.229656479333832664E-06, 1.247217766221259877E-05, 1.466750761377685050E-05 ),
 .UNSPECIFIED. ) ;
#4056 = CIRCLE ( 'NONE', #2225, 0.01872000000000006298 ) ;
#4057 = CARTESIAN_POINT ( 'NONE',  ( 1.700000000000000178, 0.8812800000000000633, -0.01872000000000000053 ) ) ;
#4058 = FACE_OUTER_BOUND ( 'NONE', #4019, .T. ) ;
#4059 = DIRECTION ( 'NONE',  ( 0.000000000000000000, 0.000000000000000000, 1.000000000000000000 ) ) ;
#4060 = EDGE_CURVE ( 'NONE', #2079, #3548, #2144, .T. ) ;
#4061 = COLOUR_RGB ( '',0.6470588235294117974, 0.5176470588235293491, 0.000000000000000000 ) ;
#4062 =( NAMED_UNIT ( * ) SI_UNIT ( $, .STERADIAN. ) SOLID_ANGLE_UNIT ( ) );
#4063 = ORIENTED_EDGE ( 'NONE', *, *, #2494, .F. ) ;
#4064 = EDGE_LOOP ( 'NONE', ( #2738, #3706, #1819, #1699, #4361, #1938 ) ) ;
#4065 = EDGE_CURVE ( 'NONE', #1312, #4088, #156, .T. ) ;
#4066 = VERTEX_POINT ( 'NONE', #4115 ) ;
#4067 = VERTEX_POINT ( 'NONE', #1962 ) ;
#4068 = FILL_AREA_STYLE_COLOUR ( '', #4125 ) ;
#4069 = CARTESIAN_POINT ( 'NONE',  ( 0.000000000000000000, 0.000000000000000000, 0.000000000000000000 ) ) ;
#4070 = CARTESIAN_POINT ( 'NONE',  ( 0.000000000000000000, 0.8812800000000000633, -0.8812800000000000633 ) ) ;
#4071 = PRESENTATION_LAYER_ASSIGNMENT (  '', '', ( #317 ) ) ;
#4072 = CARTESIAN_POINT ( 'NONE',  ( 0.5793264743897623692, 0.8812800000000000633, -0.5669619174648817816 ) ) ;
#4073 = ORIENTED_EDGE ( 'NONE', *, *, #2325, .T. ) ;
#4074 = CARTESIAN_POINT ( 'NONE',  ( 0.3812799999999999523, 0.01872000000000000053, 0.000000000000000000 ) ) ;
#4075 = PLANE ( 'NONE',  #10 ) ;
#4076 =( LENGTH_UNIT ( ) NAMED_UNIT ( * ) SI_UNIT ( .MILLI., .METRE. ) );
#4077 = CARTESIAN_POINT ( 'NONE',  ( 1.008584383724218103, 0.8862800000000000678, -0.4500000000000000111 ) ) ;
#4078 =( LENGTH_UNIT ( ) NAMED_UNIT ( * ) SI_UNIT ( .MILLI., .METRE. ) );
#4079 = FACE_OUTER_BOUND ( 'NONE', #1784, .T. ) ;
#4080 = CARTESIAN_POINT ( 'NONE',  ( 0.9509324099456935020, 0.8862800000000000678, -0.5013216725431063336 ) ) ;
#4081 =( NAMED_UNIT ( * ) SI_UNIT ( $, .STERADIAN. ) SOLID_ANGLE_UNIT ( ) );
#4082 = EDGE_CURVE ( 'NONE', #208, #4067, #3367, .T. ) ;
#4083 = CARTESIAN_POINT ( 'NONE',  ( 1.681280000000000108, 0.9000000000000000222, -0.8812800000000000633 ) ) ;
#4084 = ORIENTED_EDGE ( 'NONE', *, *, #3841, .F. ) ;
#4085 = ORIENTED_EDGE ( 'NONE', *, *, #4206, .T. ) ;
#4086 = SURFACE_STYLE_USAGE ( .BOTH. , #3415 ) ;
#4087 = VERTEX_POINT ( 'NONE', #4070 ) ;
#4088 = VERTEX_POINT ( 'NONE', #2693 ) ;
#4089 =( LENGTH_UNIT ( ) NAMED_UNIT ( * ) SI_UNIT ( .MILLI., .METRE. ) );
#4090 = CARTESIAN_POINT ( 'NONE',  ( 1.318720000000000114, 0.000000000000000000, -0.8812800000000000633 ) ) ;
#4091 = CARTESIAN_POINT ( 'NONE',  ( 0.3999999999999999667, 0.8625600000000001044, -0.03743999999999991085 ) ) ;
#4092 = FILL_AREA_STYLE_COLOUR ( '', #3998 ) ;
#4093 = VECTOR ( 'NONE', #2062, 1000.000000000000000 ) ;
#4094 = ORIENTED_EDGE ( 'NONE', *, *, #3617, .F. ) ;
#4095 = FACE_OUTER_BOUND ( 'NONE', #1126, .T. ) ;
#4096 = PRESENTATION_LAYER_ASSIGNMENT (  '', '', ( #4174 ) ) ;
#4097 = CARTESIAN_POINT ( 'NONE',  ( 0.8924482504991361198, 0.8812800000000000633, -0.4722563433655573295 ) ) ;
#4098 = FACE_OUTER_BOUND ( 'NONE', #3684, .T. ) ;
#4099 = DIRECTION ( 'NONE',  ( 0.000000000000000000, 0.000000000000000000, -1.000000000000000000 ) ) ;
#4100 = CARTESIAN_POINT ( 'NONE',  ( 0.7796320926051598654, 0.8862800000000000678, -0.4834028208517092695 ) ) ;
#4101 = VECTOR ( 'NONE', #2302, 1000.000000000000114 ) ;
#4102 = FILL_AREA_STYLE ('',( #2700 ) ) ;
#4103 = CARTESIAN_POINT ( 'NONE',  ( 1.300005149948295635, 0.03258486834889556122, -0.8807450874833436805 ) ) ;
#4104 = ORIENTED_EDGE ( 'NONE', *, *, #3841, .T. ) ;
#4105 = DIRECTION ( 'NONE',  ( -0.000000000000000000, 1.000000000000000000, -0.000000000000000000 ) ) ;
#4106 = CARTESIAN_POINT ( 'NONE',  ( 1.300820962650010237, 0.02420296105618778212, -0.8757970389438122227 ) ) ;
#4107 = EDGE_CURVE ( 'NONE', #649, #734, #2373, .T. ) ;
#4108 =( NAMED_UNIT ( * ) PLANE_ANGLE_UNIT ( ) SI_UNIT ( $, .RADIAN. ) );
#4109 = ORIENTED_EDGE ( 'NONE', *, *, #4505, .F. ) ;
#4110 = ORIENTED_EDGE ( 'NONE', *, *, #3640, .F. ) ;
#4111 = DIRECTION ( 'NONE',  ( -0.05596501978068185723, 0.000000000000000000, 0.9984327301130245802 ) ) ;
#4112 = FACE_OUTER_BOUND ( 'NONE', #3256, .T. ) ;
#4113 = CARTESIAN_POINT ( 'NONE',  ( 0.4000090622554866027, 0.01907524921524894612, -0.03325849667091158174 ) ) ;
#4114 = AXIS2_PLACEMENT_3D ( 'NONE', #1323, #4472, #612 ) ;
#4115 = CARTESIAN_POINT ( 'NONE',  ( 0.7007368558554073479, 0.8862800000000000678, -0.5013216725433518040 ) ) ;
#4116 = ADVANCED_FACE ( 'NONE', ( #4485 ), #1983, .T. ) ;
#4117 = VECTOR ( 'NONE', #1610, 1000.000000000000114 ) ;
#4118 = ORIENTED_EDGE ( 'NONE', *, *, #636, .F. ) ;
#4119 = LINE ( 'NONE', #2376, #516 ) ;
#4120 = CARTESIAN_POINT ( 'NONE',  ( 0.3812799999999999523, 0.8812800000000000633, 0.000000000000000000 ) ) ;
#4121 = EDGE_CURVE ( 'NONE', #1915, #1960, #3416, .T. ) ;
#4122 = VECTOR ( 'NONE', #3989, 1000.000000000000000 ) ;
#4123 = FACE_OUTER_BOUND ( 'NONE', #1147, .T. ) ;
#4124 = FILL_AREA_STYLE_COLOUR ( '', #4550 ) ;
#4125 = COLOUR_RGB ( '',0.7686274509803920907, 0.7686274509803920907, 0.7686274509803920907 ) ;
#4126 = DIRECTION ( 'NONE',  ( -1.000000000000000000, 0.000000000000000000, 0.000000000000000000 ) ) ;
#4127 = CARTESIAN_POINT ( 'NONE',  ( 0.8924482504991361198, 0.8862800000000000678, -0.4722563433655573295 ) ) ;
#4128 = STYLED_ITEM ( 'NONE', ( #1350 ), #3388 ) ;
#4129 = PLANE ( 'NONE',  #1542 ) ;
#4130 = ORIENTED_EDGE ( 'NONE', *, *, #2381, .T. ) ;
#4131 = LINE ( 'NONE', #4154, #1006 ) ;
#4132 = FACE_OUTER_BOUND ( 'NONE', #3648, .T. ) ;
#4133 = DIRECTION ( 'NONE',  ( 0.000000000000000000, 0.000000000000000000, -1.000000000000000000 ) ) ;
#4134 = ORIENTED_EDGE ( 'NONE', *, *, #2539, .F. ) ;
#4135 = VERTEX_POINT ( 'NONE', #4437 ) ;
#4136 = CARTESIAN_POINT ( 'NONE',  ( 0.01872000000000000053, 0.01872000000000000053, -0.8812800000000000633 ) ) ;
#4137 =( LENGTH_UNIT ( ) NAMED_UNIT ( * ) SI_UNIT ( .MILLI., .METRE. ) );
#4138 = CARTESIAN_POINT ( 'NONE',  ( 0.3999999999999999667, 0.8812800000000000633, -0.8812800000000000633 ) ) ;
#4139 = FILL_AREA_STYLE_COLOUR ( '', #1106 ) ;
#4140 = EDGE_CURVE ( 'NONE', #1627, #60, #2348, .T. ) ;
#4141 = ORIENTED_EDGE ( 'NONE', *, *, #1012, .F. ) ;
#4142 =( LENGTH_UNIT ( ) NAMED_UNIT ( * ) SI_UNIT ( .MILLI., .METRE. ) );
#4143 = CARTESIAN_POINT ( 'NONE',  ( 0.3999999999999999667, 0.8812800000000000633, -0.8625600000000001044 ) ) ;
#4144 =( NAMED_UNIT ( * ) SI_UNIT ( $, .STERADIAN. ) SOLID_ANGLE_UNIT ( ) );
#4145 = SPHERICAL_SURFACE ( 'NONE', #4036, 0.01872000000000000053 ) ;
#4146 = EDGE_CURVE ( 'NONE', #1535, #1363, #539, .T. ) ;
#4147 = DIRECTION ( 'NONE',  ( 0.000000000000000000, 0.000000000000000000, 1.000000000000000000 ) ) ;
#4148 = PRESENTATION_LAYER_ASSIGNMENT (  '', '', ( #2613 ) ) ;
#4149 =( LENGTH_UNIT ( ) NAMED_UNIT ( * ) SI_UNIT ( .MILLI., .METRE. ) );
#4150 = CARTESIAN_POINT ( 'NONE',  ( 0.8864643377511690625, 0.8862800000000000678, -0.5669619174648817816 ) ) ;
#4151 =( BOUNDED_CURVE ( )  B_SPLINE_CURVE ( 3, ( #3945, #4231, #1124, #751 ),
 .UNSPECIFIED., .F., .T. ) 
 B_SPLINE_CURVE_WITH_KNOTS ( ( 4, 4 ),
 ( 1.570796326794896114, 1.868047688116102112 ),
 .UNSPECIFIED. ) 
 CURVE ( )  GEOMETRIC_REPRESENTATION_ITEM ( )  RATIONAL_B_SPLINE_CURVE ( ( 1.000000000000000000, 0.9926503465430338569, 0.9926503465430338569, 1.000000000000000000 ) ) 
 REPRESENTATION_ITEM ( '' )  );
#4152 = ORIENTED_EDGE ( 'NONE', *, *, #2762, .T. ) ;
#4153 = UNCERTAINTY_MEASURE_WITH_UNIT (LENGTH_MEASURE( 1.000000000000000082E-05 ), #797, 'distance_accuracy_value', 'NONE');
#4154 = CARTESIAN_POINT ( 'NONE',  ( 0.8090241267250342094, 0.8862800000000000678, -0.4499999999999999556 ) ) ;
#4155 = DIRECTION ( 'NONE',  ( 1.000000000000000000, 0.000000000000000000, -2.459231407381525783E-15 ) ) ;
#4156 =( NAMED_UNIT ( * ) SI_UNIT ( $, .STERADIAN. ) SOLID_ANGLE_UNIT ( ) );
#4157 = EDGE_LOOP ( 'NONE', ( #2752, #3570, #1262, #495 ) ) ;
#4158 = ORIENTED_EDGE ( 'NONE', *, *, #1963, .F. ) ;
#4159 = DIRECTION ( 'NONE',  ( -0.000000000000000000, 1.000000000000000000, 0.000000000000000000 ) ) ;
#4160 = SURFACE_STYLE_FILL_AREA ( #3825 ) ;
#4161 = DIRECTION ( 'NONE',  ( -0.000000000000000000, 0.000000000000000000, -1.000000000000000000 ) ) ;
#4162 = DIRECTION ( 'NONE',  ( -0.9615454294334440100, 0.000000000000000000, -0.2746459304917039934 ) ) ;
#4163 = ORIENTED_EDGE ( 'NONE', *, *, #1697, .F. ) ;
#4164 = DIRECTION ( 'NONE',  ( 0.000000000000000000, 0.000000000000000000, 1.000000000000000000 ) ) ;
#4165 = DIRECTION ( 'NONE',  ( 0.2762033010252067378, 0.000000000000000000, -0.9610992334315843211 ) ) ;
#4166 = EDGE_CURVE ( 'NONE', #1609, #877, #1564, .T. ) ;
#4167 = ADVANCED_FACE ( 'NONE', ( #1946 ), #3345, .T. ) ;
#4168 = MECHANICAL_DESIGN_GEOMETRIC_PRESENTATION_REPRESENTATION (  '', ( #1003 ), #3306 ) ;
#4169 = DIRECTION ( 'NONE',  ( 0.7145695586381790587, 0.000000000000000000, -0.6995643972270444433 ) ) ;
#4170 = FACE_OUTER_BOUND ( 'NONE', #656, .T. ) ;
#4171 = CARTESIAN_POINT ( 'NONE',  ( 0.3999999999999999667, 0.8646365521597767501, -0.01871999999999995543 ) ) ;
#4172 = CARTESIAN_POINT ( 'NONE',  ( 0.3999999999999999667, 0.8625600000000001044, -0.01871999999999995543 ) ) ;
#4173 = LINE ( 'NONE', #273, #3586 ) ;
#4174 = STYLED_ITEM ( 'NONE', ( #1794 ), #274 ) ;
#4175 = ADVANCED_FACE ( 'NONE', ( #1865 ), #2893, .F. ) ;
#4176 = SURFACE_SIDE_STYLE ('',( #4448 ) ) ;
#4177 = CARTESIAN_POINT ( 'NONE',  ( 1.300111902403577657, 0.02893455266026275993, -0.8792362035712856239 ) ) ;
#4178 = STYLED_ITEM ( 'NONE', ( #410 ), #698 ) ;
#4179 = LINE ( 'NONE', #2776, #2414 ) ;
#4180 = SURFACE_STYLE_USAGE ( .BOTH. , #2115 ) ;
#4181 = STYLED_ITEM ( 'NONE', ( #2547 ), #1464 ) ;
#4182 = ORIENTED_EDGE ( 'NONE', *, *, #196, .T. ) ;
#4183 = ORIENTED_EDGE ( 'NONE', *, *, #2819, .T. ) ;
#4184 = CARTESIAN_POINT ( 'NONE',  ( 1.681280000000000108, 0.8812800000000000633, -0.01872000000000000053 ) ) ;
#4185 = DIRECTION ( 'NONE',  ( -1.000000000000000000, 0.000000000000000000, 0.000000000000000000 ) ) ;
#4186 = VERTEX_POINT ( 'NONE', #74 ) ;
#4187 = CARTESIAN_POINT ( 'NONE',  ( 0.01872000000000000053, 0.8812800000000000633, -0.8812800000000000633 ) ) ;
#4188 = VECTOR ( 'NONE', #936, 1000.000000000000000 ) ;
#4189 = FACE_OUTER_BOUND ( 'NONE', #2804, .T. ) ;
#4190 = CARTESIAN_POINT ( 'NONE',  ( 0.3995948271562043130, 0.02284562198430401328, -0.8744396998719284886 ) ) ;
#4191 = CARTESIAN_POINT ( 'NONE',  ( 0.6362463785686596207, 0.8812800000000000633, -0.5669619174648817816 ) ) ;
#4192 = EDGE_CURVE ( 'NONE', #379, #1706, #1361, .T. ) ;
#4193 = CARTESIAN_POINT ( 'NONE',  ( 0.3994614431997383086, 0.8747364085091400288, -0.02320226873688183492 ) ) ;
#4194 = EDGE_CURVE ( 'NONE', #1960, #1742, #2187, .T. ) ;
#4195 = SURFACE_STYLE_FILL_AREA ( #2792 ) ;
#4196 = PRESENTATION_LAYER_ASSIGNMENT (  '', '', ( #3546 ) ) ;
#4197 = LINE ( 'NONE', #2795, #3370 ) ;
#4198 = FILL_AREA_STYLE ('',( #3581 ) ) ;
#4199 = DIRECTION ( 'NONE',  ( -1.000000000000000000, 0.000000000000000000, 0.000000000000000000 ) ) ;
#4200 = UNCERTAINTY_MEASURE_WITH_UNIT (LENGTH_MEASURE( 1.000000000000000082E-05 ), #3074, 'distance_accuracy_value', 'NONE');
#4201 = EDGE_CURVE ( 'NONE', #3960, #4280, #2741, .T. ) ;
#4202 = CARTESIAN_POINT ( 'NONE',  ( 0.3999999999999999667, 0.000000000000000000, -0.01871999999999995543 ) ) ;
#4203 = CARTESIAN_POINT ( 'NONE',  ( 1.700000000000000178, 0.000000000000000000, -0.9000000000000000222 ) ) ;
#4204 = DIRECTION ( 'NONE',  ( -0.000000000000000000, 1.000000000000000000, -0.000000000000000000 ) ) ;
#4205 = VERTEX_POINT ( 'NONE', #4293 ) ;
#4206 = EDGE_CURVE ( 'NONE', #234, #2042, #3467, .T. ) ;
#4207 = ORIENTED_EDGE ( 'NONE', *, *, #418, .F. ) ;
#4208 = DIRECTION ( 'NONE',  ( 1.000000000000000000, 0.000000000000000000, 0.000000000000000000 ) ) ;
#4209 = COLOUR_RGB ( '',0.7686274509803920907, 0.7686274509803920907, 0.7686274509803920907 ) ;
#4210 = ORIENTED_EDGE ( 'NONE', *, *, #504, .F. ) ;
#4211 = LINE ( 'NONE', #1071, #2944 ) ;
#4212 = CARTESIAN_POINT ( 'NONE',  ( 1.300028718627026292, 0.03129724862503856231, -0.01975653298853950052 ) ) ;
#4213 = CARTESIAN_POINT ( 'NONE',  ( 0.3998880975964221318, 0.02893455266026268013, -0.02076379642871442263 ) ) ;
#4214 = CARTESIAN_POINT ( 'NONE',  ( 1.300028718627026292, 0.8802434670114605009, -0.03129724862503853455 ) ) ;
#4215 = PLANE ( 'NONE',  #3844 ) ;
#4216 = DIRECTION ( 'NONE',  ( 0.000000000000000000, 0.000000000000000000, 1.000000000000000000 ) ) ;
#4217 = DIRECTION ( 'NONE',  ( -1.000000000000000000, 0.000000000000000000, 0.000000000000000000 ) ) ;
#4218 = AXIS2_PLACEMENT_3D ( 'NONE', #377, #1412, #4220 ) ;
#4219 = DIRECTION ( 'NONE',  ( 0.000000000000000000, 0.000000000000000000, -1.000000000000000000 ) ) ;
#4220 = DIRECTION ( 'NONE',  ( 0.000000000000000000, 0.000000000000000000, -1.000000000000000000 ) ) ;
#4221 = STYLED_ITEM ( 'NONE', ( #1402 ), #1197 ) ;
#4222 = EDGE_CURVE ( 'NONE', #2736, #2173, #584, .T. ) ;
#4223 = VERTEX_POINT ( 'NONE', #623 ) ;
#4224 = ORIENTED_EDGE ( 'NONE', *, *, #4065, .T. ) ;
#4225 = SURFACE_STYLE_FILL_AREA ( #1153 ) ;
#4226 = EDGE_CURVE ( 'NONE', #209, #4456, #312, .T. ) ;
#4227 = VERTEX_POINT ( 'NONE', #3804 ) ;
#4228 = ORIENTED_EDGE ( 'NONE', *, *, #371, .T. ) ;
#4229 = CARTESIAN_POINT ( 'NONE',  ( 0.3999999999999999667, 0.8625599999999998824, -0.01871999999999995543 ) ) ;
#4230 = DIRECTION ( 'NONE',  ( 0.9999999968487351953, 0.000000000000000000, 7.938847109670266970E-05 ) ) ;
#4231 = CARTESIAN_POINT ( 'NONE',  ( 0.3999999999999999112, 0.02058171014935426812, -0.02058171014935424731 ) ) ;
#4232 = DIRECTION ( 'NONE',  ( -1.000000000000000000, 0.000000000000000000, 0.000000000000000000 ) ) ;
#4233 = ORIENTED_EDGE ( 'NONE', *, *, #2820, .F. ) ;
#4234 = CARTESIAN_POINT ( 'NONE',  ( 1.300538556800261647, 0.8767977312631181075, -0.02526359149085992406 ) ) ;
#4235 = DIRECTION ( 'NONE',  ( -0.000000000000000000, -0.000000000000000000, 1.000000000000000000 ) ) ;
#4236 = VECTOR ( 'NONE', #70, 1000.000000000000000 ) ;
#4237 = VECTOR ( 'NONE', #1647, 1000.000000000000000 ) ;
#4238 = LINE ( 'NONE', #716, #139 ) ;
#4239 = UNCERTAINTY_MEASURE_WITH_UNIT (LENGTH_MEASURE( 1.000000000000000082E-05 ), #1575, 'distance_accuracy_value', 'NONE');
#4240 = DIRECTION ( 'NONE',  ( -1.000000000000000000, 0.000000000000000000, 0.000000000000000000 ) ) ;
#4241 = CLOSED_SHELL ( 'NONE', ( #3674, #2678, #2009, #1854, #81, #267, #1886, #3707, #3702, #3516, #587, #2708, #1667 ) ) ;
#4242 = CARTESIAN_POINT ( 'NONE',  ( 0.3999999999999999667, 0.8812800000000000633, -0.01871999999999995543 ) ) ;
#4243 = AXIS2_PLACEMENT_3D ( 'NONE', #1661, #966, #2018 ) ;
#4244 = ORIENTED_EDGE ( 'NONE', *, *, #2766, .T. ) ;
#4245 = EDGE_LOOP ( 'NONE', ( #451, #2362, #2490, #4274 ) ) ;
#4246 = EDGE_CURVE ( 'NONE', #1802, #3111, #1112, .T. ) ;
#4247 = FILL_AREA_STYLE_COLOUR ( '', #1228 ) ;
#4248 = SPHERICAL_SURFACE ( 'NONE', #1400, 0.01872000000000000053 ) ;
#4249 = ADVANCED_FACE ( 'NONE', ( #1842 ), #3827, .T. ) ;
#4250 = COLOUR_RGB ( '',0.7686274509803920907, 0.7686274509803920907, 0.7686274509803920907 ) ;
#4251 = COLOUR_RGB ( '',0.7686274509803920907, 0.7686274509803920907, 0.7686274509803920907 ) ;
#4252 = VERTEX_POINT ( 'NONE', #398 ) ;
#4253 = EDGE_LOOP ( 'NONE', ( #1435, #183, #314, #2392 ) ) ;
#4254 = SURFACE_STYLE_USAGE ( .BOTH. , #1442 ) ;
#4255 = ADVANCED_FACE ( 'NONE', ( #1816 ), #3219, .F. ) ;
#4256 = AXIS2_PLACEMENT_3D ( 'NONE', #1185, #2598, #181 ) ;
#4257 = FILL_AREA_STYLE ('',( #1497 ) ) ;
#4258 = CIRCLE ( 'NONE', #2579, 0.01872000000000000053 ) ;
#4259 = UNCERTAINTY_MEASURE_WITH_UNIT (LENGTH_MEASURE( 1.000000000000000082E-05 ), #484, 'distance_accuracy_value', 'NONE');
#4260 = ORIENTED_EDGE ( 'NONE', *, *, #29, .T. ) ;
#4261 = DIRECTION ( 'NONE',  ( 0.000000000000000000, -1.000000000000000000, 0.000000000000000000 ) ) ;
#4262 = SURFACE_STYLE_FILL_AREA ( #756 ) ;
#4264 = ADVANCED_FACE ( 'NONE', ( #4314 ), #4405, .T. ) ;
#4263 = DIRECTION ( 'NONE',  ( 0.000000000000000000, -1.000000000000000000, 0.000000000000000000 ) ) ;
#4265 = CARTESIAN_POINT ( 'NONE',  ( 1.300405172843795532, 0.02284562198430404797, -0.02556030012807151280 ) ) ;
#4266 = VECTOR ( 'NONE', #3027, 1000.000000000000000 ) ;
#4267 =( NAMED_UNIT ( * ) SI_UNIT ( $, .STERADIAN. ) SOLID_ANGLE_UNIT ( ) );
#4268 = LINE ( 'NONE', #3244, #3910 ) ;
#4269 = VECTOR ( 'NONE', #3997, 1000.000000000000000 ) ;
#4270 = CARTESIAN_POINT ( 'NONE',  ( 0.3812799999999999523, 0.8812800000000000633, -0.01872000000000000053 ) ) ;
#4271 = DIRECTION ( 'NONE',  ( 1.000000000000000000, 0.000000000000000000, 0.000000000000000000 ) ) ;
#4272 = VECTOR ( 'NONE', #102, 1000.000000000000000 ) ;
#4273 = SURFACE_STYLE_FILL_AREA ( #399 ) ;
#4274 = ORIENTED_EDGE ( 'NONE', *, *, #1519, .F. ) ;
#4275 = ORIENTED_EDGE ( 'NONE', *, *, #764, .T. ) ;
#4276 = AXIS2_PLACEMENT_3D ( 'NONE', #4184, #3133, #3154 ) ;
#4277 = CARTESIAN_POINT ( 'NONE',  ( 1.300028718627026292, 0.8687027513749614460, -0.8802434670114605009 ) ) ;
#4278 = AXIS2_PLACEMENT_3D ( 'NONE', #3879, #3519, #4306 ) ;
#4279 = ORIENTED_EDGE ( 'NONE', *, *, #217, .F. ) ;
#4280 = VERTEX_POINT ( 'NONE', #3654 ) ;
#4281 =( NAMED_UNIT ( * ) PLANE_ANGLE_UNIT ( ) SI_UNIT ( $, .RADIAN. ) );
#4282 = DIRECTION ( 'NONE',  ( 0.000000000000000000, 0.000000000000000000, -1.000000000000000000 ) ) ;
#4283 = COLOUR_RGB ( '',0.7686274509803920907, 0.7686274509803920907, 0.7686274509803920907 ) ;
#4284 = EDGE_CURVE ( 'NONE', #2838, #2148, #2921, .T. ) ;
#4285 = DIRECTION ( 'NONE',  ( 1.000000000000000000, 0.000000000000000000, 0.000000000000000000 ) ) ;
#4286 = CARTESIAN_POINT ( 'NONE',  ( 0.4000000000000297207, 0.01871999999999829009, -0.8635369130381443936 ) ) ;
#4287 = ORIENTED_EDGE ( 'NONE', *, *, #2038, .T. ) ;
#4288 = SPHERICAL_SURFACE ( 'NONE', #362, 0.01872000000000000053 ) ;
#4289 = SURFACE_STYLE_USAGE ( .BOTH. , #1481 ) ;
#4290 = FACE_OUTER_BOUND ( 'NONE', #4245, .T. ) ;
#4291 = UNCERTAINTY_MEASURE_WITH_UNIT (LENGTH_MEASURE( 1.000000000000000082E-05 ), #4137, 'distance_accuracy_value', 'NONE');
#4292 = CARTESIAN_POINT ( 'NONE',  ( 1.318720000000000114, 0.01872000000000000053, -0.9000000000000000222 ) ) ;
#4293 = CARTESIAN_POINT ( 'NONE',  ( 1.300000000000000044, 0.01871999999999995543, -0.01871999999999995543 ) ) ;
#4294 = PLANE ( 'NONE',  #2936 ) ;
#4295 = VERTEX_POINT ( 'NONE', #2932 ) ;
#4296 = ORIENTED_EDGE ( 'NONE', *, *, #223, .T. ) ;
#4297 = CARTESIAN_POINT ( 'NONE',  ( 0.3812799999999999523, 0.01872000000000000053, -0.8812800000000000633 ) ) ;
#4298 = VECTOR ( 'NONE', #3856, 1000.000000000000000 ) ;
#4299 = ORIENTED_EDGE ( 'NONE', *, *, #3484, .T. ) ;
#4300 = ORIENTED_EDGE ( 'NONE', *, *, #4385, .T. ) ;
#4301 = DIRECTION ( 'NONE',  ( 0.000000000000000000, 0.000000000000000000, 1.000000000000000000 ) ) ;
#4302 = LINE ( 'NONE', #3366, #1490 ) ;
#4303 = SURFACE_SIDE_STYLE ('',( #2903 ) ) ;
#4304 = EDGE_LOOP ( 'NONE', ( #2344, #597, #1245, #9, #2179, #1891, #2123, #1065, #1334, #2416, #1070, #423, #1947, #1358, #2524, #4210, #4434, #563, #2805, #1280, #817, #2171, #240 ) ) ;
#4305 = LINE ( 'NONE', #890, #1772 ) ;
#4306 = DIRECTION ( 'NONE',  ( -1.000000000000000000, 0.000000000000000000, 0.000000000000000000 ) ) ;
#4307 = SURFACE_SIDE_STYLE ('',( #2908 ) ) ;
#4308 = EDGE_CURVE ( 'NONE', #4344, #1609, #3355, .T. ) ;
#4309 = CARTESIAN_POINT ( 'NONE',  ( 0.3812799999999999523, 0.8812800000000000633, -0.9000000000000000222 ) ) ;
#4310 =( NAMED_UNIT ( * ) SI_UNIT ( $, .STERADIAN. ) SOLID_ANGLE_UNIT ( ) );
#4311 = FACE_OUTER_BOUND ( 'NONE', #1665, .T. ) ;
#4312 = DIRECTION ( 'NONE',  ( -1.000000000000000000, 0.000000000000000000, 0.000000000000000000 ) ) ;
#4313 = EDGE_CURVE ( 'NONE', #1142, #458, #896, .T. ) ;
#4314 = FACE_OUTER_BOUND ( 'NONE', #219, .T. ) ;
#4315 =( NAMED_UNIT ( * ) SI_UNIT ( $, .STERADIAN. ) SOLID_ANGLE_UNIT ( ) );
#4316 = ORIENTED_EDGE ( 'NONE', *, *, #4107, .T. ) ;
#4317 = ORIENTED_EDGE ( 'NONE', *, *, #2101, .F. ) ;
#4318 = VECTOR ( 'NONE', #2438, 1000.000000000000227 ) ;
#4319 = VERTEX_POINT ( 'NONE', #1972 ) ;
#4320 = ORIENTED_EDGE ( 'NONE', *, *, #953, .T. ) ;
#4321 = DIRECTION ( 'NONE',  ( 0.2732148821746424594, 0.000000000000000000, -0.9619530280415443668 ) ) ;
#4322 = AXIS2_PLACEMENT_3D ( 'NONE', #2679, #2699, #609 ) ;
#4323 =( GEOMETRIC_REPRESENTATION_CONTEXT ( 3 ) GLOBAL_UNCERTAINTY_ASSIGNED_CONTEXT ( ( #2822 ) ) GLOBAL_UNIT_ASSIGNED_CONTEXT ( ( #4466, #1968, #3718 ) ) REPRESENTATION_CONTEXT ( 'NONE', 'WORKASPACE' ) );
#4324 = ORIENTED_EDGE ( 'NONE', *, *, #3784, .T. ) ;
#4325 = FACE_OUTER_BOUND ( 'NONE', #3942, .T. ) ;
#4326 =( GEOMETRIC_REPRESENTATION_CONTEXT ( 3 ) GLOBAL_UNCERTAINTY_ASSIGNED_CONTEXT ( ( #3245 ) ) GLOBAL_UNIT_ASSIGNED_CONTEXT ( ( #2025, #2461, #4156 ) ) REPRESENTATION_CONTEXT ( 'NONE', 'WORKASPACE' ) );
#4327 = DIRECTION ( 'NONE',  ( -1.000000000000000000, 0.000000000000000000, 0.000000000000000000 ) ) ;
#4328 = PRESENTATION_LAYER_ASSIGNMENT (  '', '', ( #3971 ) ) ;
#4329 = CYLINDRICAL_SURFACE ( 'NONE', #2055, 0.01872000000000001094 ) ;
#4330 = CARTESIAN_POINT ( 'NONE',  ( 0.7007368558554073479, 0.8862800000000000678, -0.5013216725433518040 ) ) ;
#4331 = CARTESIAN_POINT ( 'NONE',  ( 0.3999948500517042094, 0.8807450874833436805, -0.03258486834889551959 ) ) ;
#4332 = MECHANICAL_DESIGN_GEOMETRIC_PRESENTATION_REPRESENTATION (  '', ( #2509 ), #1096 ) ;
#4333 = CARTESIAN_POINT ( 'NONE',  ( 1.300000000000000044, 0.8812800000000000633, -0.03743999999999991085 ) ) ;
#4334 = VECTOR ( 'NONE', #3263, 1000.000000000000000 ) ;
#4335 = EDGE_CURVE ( 'NONE', #2200, #2489, #3680, .T. ) ;
#4336 = CARTESIAN_POINT ( 'NONE',  ( 0.01872000000000006298, 0.01872000000000000053, -0.9000000000000000222 ) ) ;
#4337 = VERTEX_POINT ( 'NONE', #3379 ) ;
#4338 = DIRECTION ( 'NONE',  ( 1.000000000000000000, 0.000000000000000000, -2.352869297928603945E-15 ) ) ;
#4339 = SURFACE_STYLE_FILL_AREA ( #3638 ) ;
#4340 =( GEOMETRIC_REPRESENTATION_CONTEXT ( 3 ) GLOBAL_UNCERTAINTY_ASSIGNED_CONTEXT ( ( #3668 ) ) GLOBAL_UNIT_ASSIGNED_CONTEXT ( ( #1470, #4281, #657 ) ) REPRESENTATION_CONTEXT ( 'NONE', 'WORKASPACE' ) );
#4341 = VECTOR ( 'NONE', #3116, 1000.000000000000000 ) ;
#4342 = EDGE_LOOP ( 'NONE', ( #1653, #330, #881 ) ) ;
#4343 = VECTOR ( 'NONE', #440, 1000.000000000000000 ) ;
#4344 = VERTEX_POINT ( 'NONE', #1552 ) ;
#4345 = DIRECTION ( 'NONE',  ( 1.000000000000000000, -2.714849189917627613E-15, 2.352869297928610651E-15 ) ) ;
#4346 = DIRECTION ( 'NONE',  ( 1.000000000000000000, 0.000000000000000000, 0.000000000000000000 ) ) ;
#4347 = VECTOR ( 'NONE', #315, 1000.000000000000000 ) ;
#4348 = CARTESIAN_POINT ( 'NONE',  ( 1.300000000000000044, 0.01871999999999995543, -0.9000000000000000222 ) ) ;
#4349 = CARTESIAN_POINT ( 'NONE',  ( 0.01872000000000000053, 0.8812800000000000633, -0.01872000000000000053 ) ) ;
#4350 = EDGE_LOOP ( 'NONE', ( #37, #1394, #404, #2666 ) ) ;
#4351 = CARTESIAN_POINT ( 'NONE',  ( 0.7285933819114652765, 0.8862800000000000678, -0.4499999999999999556 ) ) ;
#4352 = PRESENTATION_LAYER_ASSIGNMENT (  '', '', ( #2084 ) ) ;
#4353 = CARTESIAN_POINT ( 'NONE',  ( 1.300000000000000044, 0.8625599999999998824, -0.01871999999999995543 ) ) ;
#4354 = VECTOR ( 'NONE', #2330, 1000.000000000000000 ) ;
#4355 = CARTESIAN_POINT ( 'NONE',  ( 0.3999856552468578630, 0.8693239384346590493, -0.8801244340501537256 ) ) ;
#4356 = LINE ( 'NONE', #136, #2867 ) ;
#4357 = CARTESIAN_POINT ( 'NONE',  ( 0.3999334599787454092, 0.02933389757054153182, -0.8795614527106603298 ) ) ;
#4358 = DIRECTION ( 'NONE',  ( 0.000000000000000000, 1.000000000000000000, 0.000000000000000000 ) ) ;
#4359 = FILL_AREA_STYLE ('',( #2958 ) ) ;
#4360 = SURFACE_STYLE_FILL_AREA ( #1556 ) ;
#4361 = ORIENTED_EDGE ( 'NONE', *, *, #2568, .F. ) ;
#4362 = CARTESIAN_POINT ( 'NONE',  ( 1.318720000000000114, 0.8812800000000000633, -0.01872000000000000053 ) ) ;
#4363 =( LENGTH_UNIT ( ) NAMED_UNIT ( * ) SI_UNIT ( .MILLI., .METRE. ) );
#4364 = PRESENTATION_LAYER_ASSIGNMENT (  '', '', ( #2390 ) ) ;
#4365 = EDGE_CURVE ( 'NONE', #379, #1363, #1528, .T. ) ;
#4366 = ORIENTED_EDGE ( 'NONE', *, *, #1660, .T. ) ;
#4367 = VECTOR ( 'NONE', #4155, 1000.000000000000000 ) ;
#4368 = ORIENTED_EDGE ( 'NONE', *, *, #111, .T. ) ;
#4369 = LINE ( 'NONE', #453, #369 ) ;
#4370 =( NAMED_UNIT ( * ) PLANE_ANGLE_UNIT ( ) SI_UNIT ( $, .RADIAN. ) );
#4371 = ADVANCED_FACE ( 'NONE', ( #2914 ), #2596, .F. ) ;
#4372 =( GEOMETRIC_REPRESENTATION_CONTEXT ( 3 ) GLOBAL_UNCERTAINTY_ASSIGNED_CONTEXT ( ( #970 ) ) GLOBAL_UNIT_ASSIGNED_CONTEXT ( ( #2108, #704, #1781 ) ) REPRESENTATION_CONTEXT ( 'NONE', 'WORKASPACE' ) );
#4373 = ORIENTED_EDGE ( 'NONE', *, *, #4054, .T. ) ;
#4374 = DIRECTION ( 'NONE',  ( 1.000000000000000000, 0.000000000000000000, 0.000000000000000000 ) ) ;
#4375 =( NAMED_UNIT ( * ) PLANE_ANGLE_UNIT ( ) SI_UNIT ( $, .RADIAN. ) );
#4376 = LINE ( 'NONE', #2982, #3471 ) ;
#4377 = SURFACE_STYLE_FILL_AREA ( #1991 ) ;
#4378 = CARTESIAN_POINT ( 'NONE',  ( 0.9509324099456935020, 0.8812800000000000633, -0.5013216725431063336 ) ) ;
#4379 = DIRECTION ( 'NONE',  ( 0.000000000000000000, 1.000000000000000000, 0.000000000000000000 ) ) ;
#4380 = VERTEX_POINT ( 'NONE', #2771 ) ;
#4381 = VERTEX_POINT ( 'NONE', #914 ) ;
#4382 = DIRECTION ( 'NONE',  ( 1.000000000000000000, -0.000000000000000000, -0.000000000000000000 ) ) ;
#4383 = VECTOR ( 'NONE', #1001, 1000.000000000000000 ) ;
#4384 = ORIENTED_EDGE ( 'NONE', *, *, #3978, .F. ) ;
#4385 = EDGE_CURVE ( 'NONE', #4046, #41, #4173, .T. ) ;
#4386 = EDGE_CURVE ( 'NONE', #3725, #2417, #1298, .T. ) ;
#4387 = ORIENTED_EDGE ( 'NONE', *, *, #1746, .F. ) ;
#4388 = FILL_AREA_STYLE_COLOUR ( '', #3024 ) ;
#4389 = FACE_OUTER_BOUND ( 'NONE', #2694, .T. ) ;
#4390 = VECTOR ( 'NONE', #3353, 1000.000000000000000 ) ;
#4391 = PRESENTATION_STYLE_ASSIGNMENT (( #214 ) ) ;
#4392 = DIRECTION ( 'NONE',  ( 0.000000000000000000, 0.000000000000000000, 1.000000000000000000 ) ) ;
#4393 = PRESENTATION_LAYER_ASSIGNMENT (  '', '', ( #4178 ) ) ;
#4394 = EDGE_CURVE ( 'NONE', #812, #4502, #1013, .T. ) ;
#4395 = ORIENTED_EDGE ( 'NONE', *, *, #636, .T. ) ;
#4396 = CARTESIAN_POINT ( 'NONE',  ( 0.7226539235260945881, 0.8862800000000000678, -0.5669619174648817816 ) ) ;
#4397 = CARTESIAN_POINT ( 'NONE',  ( 1.008584383724218103, 0.8812800000000000633, -0.4500000000000000111 ) ) ;
#4398 = VECTOR ( 'NONE', #1316, 1000.000000000000000 ) ;
#4399 = B_SPLINE_CURVE_WITH_KNOTS ( 'NONE', 3,
 ( #4427, #1206, #510, #114, #3721, #4331, #807, #1591, #2229, #3334 ),
 .UNSPECIFIED., .F., .F.,
 ( 4, 3, 3, 4 ),
 ( 0.000000000000000000, 5.892247353572986691E-06, 1.175341654044415131E-05, 1.465097671142875442E-05 ),
 .UNSPECIFIED. ) ;
#4400 = CARTESIAN_POINT ( 'NONE',  ( 0.4000000000000297207, 0.8635369130381442826, -0.8812800000000017286 ) ) ;
#4401 = STYLED_ITEM ( 'NONE', ( #3496 ), #1718 ) ;
#4402 = EDGE_CURVE ( 'NONE', #458, #1238, #1620, .T. ) ;
#4403 =( NAMED_UNIT ( * ) PLANE_ANGLE_UNIT ( ) SI_UNIT ( $, .RADIAN. ) );
#4404 = CARTESIAN_POINT ( 'NONE',  ( 0.9752663724021765068, 0.8812800000000000633, -0.4500000000000000111 ) ) ;
#4405 = CYLINDRICAL_SURFACE ( 'NONE', #1839, 0.01872000000000001094 ) ;
#4406 = PRESENTATION_LAYER_ASSIGNMENT (  '', '', ( #506 ) ) ;
#4407 = CARTESIAN_POINT ( 'NONE',  ( 0.6567113889383993097, 0.8862800000000000678, -0.5229439188807396555 ) ) ;
#4408 = EDGE_LOOP ( 'NONE', ( #1979, #2482, #1139, #98 ) ) ;
#4409 = ORIENTED_EDGE ( 'NONE', *, *, #3220, .F. ) ;
#4410 = DIRECTION ( 'NONE',  ( 0.000000000000000000, 1.000000000000000000, 0.000000000000000000 ) ) ;
#4411 = VECTOR ( 'NONE', #2293, 1000.000000000000000 ) ;
#4412 = ORIENTED_EDGE ( 'NONE', *, *, #3227, .T. ) ;
#4413 = ORIENTED_EDGE ( 'NONE', *, *, #58, .F. ) ;
#4414 = FACE_OUTER_BOUND ( 'NONE', #3250, .T. ) ;
#4415 = CARTESIAN_POINT ( 'NONE',  ( 0.8387459579295705181, 0.8862800000000000678, -0.4499999999999999556 ) ) ;
#4416 = CARTESIAN_POINT ( 'NONE',  ( 1.318720000000000114, 0.8812800000000000633, -0.8812800000000000633 ) ) ;
#4417 = MECHANICAL_DESIGN_GEOMETRIC_PRESENTATION_REPRESENTATION (  '', ( #3987 ), #147 ) ;
#4418 = CARTESIAN_POINT ( 'NONE',  ( 1.681280000000000108, 0.01872000000000000053, -0.8812800000000000633 ) ) ;
#4419 = VERTEX_POINT ( 'NONE', #1689 ) ;
#4420 = CARTESIAN_POINT ( 'NONE',  ( 0.5439159073110521048, 0.8812800000000000633, -0.5669619174648817816 ) ) ;
#4421 = PRESENTATION_STYLE_ASSIGNMENT (( #2630 ) ) ;
#4422 = ADVANCED_FACE ( 'NONE', ( #2750 ), #939, .F. ) ;
#4423 = VECTOR ( 'NONE', #3900, 1000.000000000000000 ) ;
#4424 = SURFACE_SIDE_STYLE ('',( #1348 ) ) ;
#4425 = DIRECTION ( 'NONE',  ( 0.7145695586381790587, 0.000000000000000000, -0.6995643972270444433 ) ) ;
#4426 = LINE ( 'NONE', #1225, #3330 ) ;
#4427 = CARTESIAN_POINT ( 'NONE',  ( 0.3991790373499896627, 0.8757970389438122227, -0.02420296105618774396 ) ) ;
#4428 = PRESENTATION_STYLE_ASSIGNMENT (( #592 ) ) ;
#4429 = AXIS2_PLACEMENT_3D ( 'NONE', #1263, #3803, #2668 ) ;
#4430 = ORIENTED_EDGE ( 'NONE', *, *, #313, .T. ) ;
#4431 = ORIENTED_EDGE ( 'NONE', *, *, #4538, .F. ) ;
#4432 = CARTESIAN_POINT ( 'NONE',  ( 0.6025894470921936419, 0.8862800000000000678, -0.4499999999999999001 ) ) ;
#4433 = ORIENTED_EDGE ( 'NONE', *, *, #3583, .T. ) ;
#4434 = ORIENTED_EDGE ( 'NONE', *, *, #2621, .F. ) ;
#4435 = FACE_OUTER_BOUND ( 'NONE', #3988, .T. ) ;
#4436 = CARTESIAN_POINT ( 'NONE',  ( 0.3999334599787454092, 0.02043854728933964734, -0.02933389757054151448 ) ) ;
#4437 = CARTESIAN_POINT ( 'NONE',  ( 0.01872000000000006298, 0.8812800000000000633, -0.9000000000000000222 ) ) ;
#4438 = DIRECTION ( 'NONE',  ( -0.05375259206908433729, 0.000000000000000000, 0.9985542843760946141 ) ) ;
#4439 = ORIENTED_EDGE ( 'NONE', *, *, #980, .F. ) ;
#4440 = DIRECTION ( 'NONE',  ( 0.000000000000000000, 0.000000000000000000, 1.000000000000000000 ) ) ;
#4441 = SURFACE_SIDE_STYLE ('',( #3046 ) ) ;
#4442 =( GEOMETRIC_REPRESENTATION_CONTEXT ( 3 ) GLOBAL_UNCERTAINTY_ASSIGNED_CONTEXT ( ( #2507 ) ) GLOBAL_UNIT_ASSIGNED_CONTEXT ( ( #1683, #1008, #4144 ) ) REPRESENTATION_CONTEXT ( 'NONE', 'WORKASPACE' ) );
#4443 = CARTESIAN_POINT ( 'NONE',  ( 0.3812799999999999523, 0.8812800000000000633, -0.8812800000000000633 ) ) ;
#4444 = EDGE_CURVE ( 'NONE', #97, #4223, #2088, .T. ) ;
#4445 = ADVANCED_FACE ( 'NONE', ( #1642 ), #226, .F. ) ;
#4446 = LINE ( 'NONE', #4172, #2637 ) ;
#4447 = DIRECTION ( 'NONE',  ( -0.7059037656364479663, 0.000000000000000000, 0.7083077534943993392 ) ) ;
#4448 = SURFACE_STYLE_FILL_AREA ( #1322 ) ;
#4449 = CARTESIAN_POINT ( 'NONE',  ( 0.3812799999999999523, 0.8812800000000000633, -0.8812800000000000633 ) ) ;
#4450 = ORIENTED_EDGE ( 'NONE', *, *, #2971, .F. ) ;
#4451 = EDGE_CURVE ( 'NONE', #3823, #2173, #967, .T. ) ;
#4452 = DIRECTION ( 'NONE',  ( -0.000000000000000000, -0.000000000000000000, 1.000000000000000000 ) ) ;
#4453 = FILL_AREA_STYLE_COLOUR ( '', #502 ) ;
#4454 = ORIENTED_EDGE ( 'NONE', *, *, #2602, .T. ) ;
#4455 = EDGE_CURVE ( 'NONE', #1374, #3898, #1662, .T. ) ;
#4456 = VERTEX_POINT ( 'NONE', #4470 ) ;
#4457 = FILL_AREA_STYLE ('',( #3753 ) ) ;
#4458 = CARTESIAN_POINT ( 'NONE',  ( 0.3999999999999999667, 0.8812800000000000633, -0.8625600000000001044 ) ) ;
#4459 = CARTESIAN_POINT ( 'NONE',  ( 1.318720000000000114, 0.01872000000000000053, -0.8812800000000000633 ) ) ;
#4460 = SURFACE_STYLE_USAGE ( .BOTH. , #3778 ) ;
#4461 = AXIS2_PLACEMENT_3D ( 'NONE', #2847, #2235, #749 ) ;
#4462 = ORIENTED_EDGE ( 'NONE', *, *, #3280, .F. ) ;
#4463 = DIRECTION ( 'NONE',  ( 0.000000000000000000, 0.000000000000000000, 1.000000000000000000 ) ) ;
#4464 = VECTOR ( 'NONE', #1391, 1000.000000000000000 ) ;
#4465 = CARTESIAN_POINT ( 'NONE',  ( 1.318720000000000114, 0.01872000000000000053, -0.8812800000000000633 ) ) ;
#4466 =( LENGTH_UNIT ( ) NAMED_UNIT ( * ) SI_UNIT ( .MILLI., .METRE. ) );
#4467 = PRESENTATION_LAYER_ASSIGNMENT (  '', '', ( #494 ) ) ;
#4468 = DIRECTION ( 'NONE',  ( 0.000000000000000000, -0.000000000000000000, 1.000000000000000000 ) ) ;
#4469 = VECTOR ( 'NONE', #3939, 1000.000000000000000 ) ;
#4470 = CARTESIAN_POINT ( 'NONE',  ( 0.8390702969591441462, 0.8812800000000000633, -0.5546295660076514533 ) ) ;
#4471 = MECHANICAL_DESIGN_GEOMETRIC_PRESENTATION_REPRESENTATION (  '', ( #494 ), #3529 ) ;
#4472 = DIRECTION ( 'NONE',  ( 0.000000000000000000, 0.000000000000000000, -1.000000000000000000 ) ) ;
#4473 = VERTEX_POINT ( 'NONE', #1321 ) ;
#4474 = LINE ( 'NONE', #2363, #3523 ) ;
#4475 = PRESENTATION_LAYER_ASSIGNMENT (  '', '', ( #865 ) ) ;
#4476 = CARTESIAN_POINT ( 'NONE',  ( 0.3999999999999999667, 0.8625599999999998824, -0.8812800000000000633 ) ) ;
#4477 = EDGE_CURVE ( 'NONE', #3111, #2777, #2727, .T. ) ;
#4478 = SURFACE_STYLE_USAGE ( .BOTH. , #254 ) ;
#4479 = EDGE_LOOP ( 'NONE', ( #3456, #169, #1852, #2642 ) ) ;
#4480 = ORIENTED_EDGE ( 'NONE', *, *, #116, .F. ) ;
#4481 = CYLINDRICAL_SURFACE ( 'NONE', #2951, 0.01872000000000000053 ) ;
#4482 = LINE ( 'NONE', #3892, #854 ) ;
#4483 = PRESENTATION_STYLE_ASSIGNMENT (( #3754 ) ) ;
#4484 = PRESENTATION_LAYER_ASSIGNMENT (  '', '', ( #2509 ) ) ;
#4485 = FACE_OUTER_BOUND ( 'NONE', #3849, .T. ) ;
#4486 = CIRCLE ( 'NONE', #207, 0.01872000000000000053 ) ;
#4487 = ORIENTED_EDGE ( 'NONE', *, *, #4451, .F. ) ;
#4488 = CARTESIAN_POINT ( 'NONE',  ( 0.9668435154103485196, 0.8812800000000000633, -0.5445441158540770266 ) ) ;
#4489 = CARTESIAN_POINT ( 'NONE',  ( 0.4769999999999999796, 0.8862800000000000678, -0.4500000000000000111 ) ) ;
#4490 = CYLINDRICAL_SURFACE ( 'NONE', #903, 0.01872000000000000053 ) ;
#4491 = FILL_AREA_STYLE_COLOUR ( '', #424 ) ;
#4492 =( GEOMETRIC_REPRESENTATION_CONTEXT ( 3 ) GLOBAL_UNCERTAINTY_ASSIGNED_CONTEXT ( ( #1219 ) ) GLOBAL_UNIT_ASSIGNED_CONTEXT ( ( #979, #1705, #3247 ) ) REPRESENTATION_CONTEXT ( 'NONE', 'WORKASPACE' ) );
#4493 = FACE_OUTER_BOUND ( 'NONE', #720, .T. ) ;
#4494 = PRESENTATION_LAYER_ASSIGNMENT (  '', '', ( #1861 ) ) ;
#4495 = FACE_OUTER_BOUND ( 'NONE', #3398, .T. ) ;
#4496 = ORIENTED_EDGE ( 'NONE', *, *, #4140, .F. ) ;
#4497 = LINE ( 'NONE', #596, #490 ) ;
#4498 = AXIS2_PLACEMENT_3D ( 'NONE', #2624, #885, #4346 ) ;
#4499 = CARTESIAN_POINT ( 'NONE',  ( 1.300664025858150552, 0.02369064344752850465, -0.8752847213352401567 ) ) ;
#4500 = PRESENTATION_STYLE_ASSIGNMENT (( #3151 ) ) ;
#4501 = ORIENTED_EDGE ( 'NONE', *, *, #2185, .F. ) ;
#4502 = VERTEX_POINT ( 'NONE', #3478 ) ;
#4503 = CARTESIAN_POINT ( 'NONE',  ( 0.7584916080268581107, 0.8862800000000000678, -0.5541281207976742618 ) ) ;
#4504 = DIRECTION ( 'NONE',  ( -1.000000000000000000, 0.000000000000000000, 0.000000000000000000 ) ) ;
#4505 = EDGE_CURVE ( 'NONE', #514, #2498, #298, .T. ) ;
#4506 = DIRECTION ( 'NONE',  ( 0.000000000000000000, 0.000000000000000000, 1.000000000000000000 ) ) ;
#4507 = ORIENTED_EDGE ( 'NONE', *, *, #3866, .T. ) ;
#4508 = LINE ( 'NONE', #4488, #3914 ) ;
#4509 = PLANE ( 'NONE',  #2008 ) ;
#4510 = EDGE_CURVE ( 'NONE', #3275, #679, #4197, .T. ) ;
#4511 = SURFACE_STYLE_FILL_AREA ( #1054 ) ;
#4512 = CARTESIAN_POINT ( 'NONE',  ( 0.3812799999999998968, 0.01872000000000000053, -0.9000000000000000222 ) ) ;
#4513 = AXIS2_PLACEMENT_3D ( 'NONE', #2767, #363, #2379 ) ;
#4514 = CARTESIAN_POINT ( 'NONE',  ( 0.01872000000000006298, 0.8812800000000000633, -0.01872000000000000053 ) ) ;
#4515 =( LENGTH_UNIT ( ) NAMED_UNIT ( * ) SI_UNIT ( .MILLI., .METRE. ) );
#4516 = CARTESIAN_POINT ( 'NONE',  ( 1.681280000000000108, 0.01872000000000000053, -0.01872000000000000053 ) ) ;
#4517 = UNCERTAINTY_MEASURE_WITH_UNIT (LENGTH_MEASURE( 1.000000000000000082E-05 ), #233, 'distance_accuracy_value', 'NONE');
#4518 = LINE ( 'NONE', #278, #3374 ) ;
#4519 =( LENGTH_UNIT ( ) NAMED_UNIT ( * ) SI_UNIT ( .MILLI., .METRE. ) );
#4520 = CARTESIAN_POINT ( 'NONE',  ( 0.3812799999999998968, 0.000000000000000000, 0.000000000000000000 ) ) ;
#4521 = ORIENTED_EDGE ( 'NONE', *, *, #2766, .F. ) ;
#4522 = VERTEX_POINT ( 'NONE', #1811 ) ;
#4523 = CARTESIAN_POINT ( 'NONE',  ( 0.7285933819114652765, 0.8812800000000000633, -0.4499999999999999556 ) ) ;
#4524 = FILL_AREA_STYLE ('',( #257 ) ) ;
#4525 = CARTESIAN_POINT ( 'NONE',  ( 0.3999999999999999667, 0.03743999999999993861, -0.8812800000000000633 ) ) ;
#4526 = EDGE_CURVE ( 'NONE', #3868, #1535, #250, .T. ) ;
#4527 = EDGE_CURVE ( 'NONE', #2990, #2094, #361, .T. ) ;
#4528 = ORIENTED_EDGE ( 'NONE', *, *, #2762, .F. ) ;
#4529 = FACE_OUTER_BOUND ( 'NONE', #1773, .T. ) ;
#4530 = DIRECTION ( 'NONE',  ( 0.7059037656364479663, 0.000000000000000000, -0.7083077534943993392 ) ) ;
#4531 = COLOUR_RGB ( '',0.7921568627450980005, 0.8196078431372548767, 0.9333333333333333481 ) ;
#4532 = EDGE_CURVE ( 'NONE', #2462, #1210, #713, .T. ) ;
#4533 = DIRECTION ( 'NONE',  ( 0.2759782365590801034, 0.000000000000000000, -0.9611638845408936316 ) ) ;
#4534 = DIRECTION ( 'NONE',  ( 0.000000000000000000, 1.000000000000000000, 0.000000000000000000 ) ) ;
#4535 = DIRECTION ( 'NONE',  ( -0.9610674221107065041, 0.000000000000000000, -0.2763139702539146869 ) ) ;
#4536 = CARTESIAN_POINT ( 'NONE',  ( 1.300000000000000266, 0.8794182898506457402, -0.02058171014935425425 ) ) ;
#4537 = VECTOR ( 'NONE', #2866, 1000.000000000000000 ) ;
#4538 = EDGE_CURVE ( 'NONE', #1236, #3898, #1130, .T. ) ;
#4539 = SURFACE_STYLE_USAGE ( .BOTH. , #2890 ) ;
#4540 = CARTESIAN_POINT ( 'NONE',  ( 0.9411901474715013149, 0.8862800000000000678, -0.4499999999999999556 ) ) ;
#4541 = AXIS2_PLACEMENT_3D ( 'NONE', #873, #160, #1572 ) ;
#4542 = DIRECTION ( 'NONE',  ( 0.000000000000000000, -1.000000000000000000, 0.000000000000000000 ) ) ;
#4543 = STYLED_ITEM ( 'NONE', ( #3217 ), #1480 ) ;
#4544 = ORIENTED_EDGE ( 'NONE', *, *, #4054, .F. ) ;
#4545 = ORIENTED_EDGE ( 'NONE', *, *, #2122, .T. ) ;
#4546 =( GEOMETRIC_REPRESENTATION_CONTEXT ( 3 ) GLOBAL_UNCERTAINTY_ASSIGNED_CONTEXT ( ( #1431 ) ) GLOBAL_UNIT_ASSIGNED_CONTEXT ( ( #2139, #4018, #4062 ) ) REPRESENTATION_CONTEXT ( 'NONE', 'WORKASPACE' ) );
#4547 = ORIENTED_EDGE ( 'NONE', *, *, #2093, .T. ) ;
#4548 = DIRECTION ( 'NONE',  ( 0.2729786930695101144, 0.000000000000000000, -0.9620200793798756589 ) ) ;
#4549 = VECTOR ( 'NONE', #1657, 1000.000000000000000 ) ;
#4550 = COLOUR_RGB ( '',0.7686274509803920907, 0.7686274509803920907, 0.7686274509803920907 ) ;
#4551 = SURFACE_STYLE_USAGE ( .BOTH. , #630 ) ;
#4552 = PLANE ( 'NONE',  #2943 ) ;
#4553 = DIRECTION ( 'NONE',  ( 0.4668459304955246969, 0.000000000000000000, -0.8843386665637591459 ) ) ;
#4554 = PRESENTATION_STYLE_ASSIGNMENT (( #2160 ) ) ;
#4555 = EDGE_CURVE ( 'NONE', #2736, #1354, #2716, .T. ) ;
#4556 = CARTESIAN_POINT ( 'NONE',  ( 1.300111902403577657, 0.8792362035712856239, -0.8710654473397372310 ) ) ;
#4557 = AXIS2_PLACEMENT_3D ( 'NONE', #2077, #1002, #4271 ) ;
#4558 = AXIS2_PLACEMENT_3D ( 'NONE', #1395, #2912, #3632 ) ;
ENDSEC;
END-ISO-10303-21;
