ISO-10303-21;
HEADER;
FILE_DESCRIPTION (( 'STEP AP214' ),
    '1' );
FILE_NAME ('7EAE8DFB-6C8B-492A-82F0-C63B5E9F02B5.STEP',
    '2026-03-29T16:12:47',
    ( '' ),
    ( '' ),
    'SwSTEP 2.0',
    'SolidWorks 2022',
    '' );
FILE_SCHEMA (( 'AUTOMOTIVE_DESIGN' ));
ENDSEC;

DATA;
#1 = CARTESIAN_POINT ( 'NONE',  ( 1.100000000000000089, 1.244999999999991447, 2.500000000000004441 ) ) ;
#2 = VERTEX_POINT ( 'NONE', #67 ) ;
#3 = VECTOR ( 'NONE', #1308, 1000.000000000000000 ) ;
#4 = DIRECTION ( 'NONE',  ( 1.000000000000000000, 0.0000000000000000000, 0.0000000000000000000 ) ) ;
#5 = CARTESIAN_POINT ( 'NONE',  ( -1.099999999999999867, 1.245000000000000329, 0.005000000000004565896 ) ) ;
#6 = EDGE_CURVE ( 'NONE', #1230, #1235, #97, .T. ) ;
#7 = EDGE_LOOP ( 'NONE', ( #1465, #733, #981, #920 ) ) ;
#8 = CARTESIAN_POINT ( 'NONE',  ( 1.600002548475836450, -1.246713800931538385, 2.497945214947766779 ) ) ;
#9 = FILL_AREA_STYLE_COLOUR ( '', #1297 ) ;
#10 = CIRCLE ( 'NONE', #1031, 0.005000000000000013115 ) ;
#11 = CARTESIAN_POINT ( 'NONE',  ( 1.104999999999999982, -1.247928932188134610, -4.324103195733203231E-15 ) ) ;
#12 = ORIENTED_EDGE ( 'NONE', *, *, #1186, .F. ) ;
#13 = CARTESIAN_POINT ( 'NONE',  ( -1.600000005102629519, -1.250000000000009104, 2.495002542080113184 ) ) ;
#14 = CARTESIAN_POINT ( 'NONE',  ( -1.099999999999999867, 1.246715728752529673, 2.497928932188139051 ) ) ;
#15 = CARTESIAN_POINT ( 'NONE',  ( -1.104999999999999982, 1.245000000000000551, 4.349514184150832241E-15 ) ) ;
#16 = EDGE_CURVE ( 'NONE', #1330, #202, #648, .T. ) ;
#17 = CARTESIAN_POINT ( 'NONE',  ( 1.595002548475836113, -1.247925641191826474, 2.500027796409387992 ) ) ;
#18 = CARTESIAN_POINT ( 'NONE',  ( 1.102071067811865257, -1.250000000000000222, 0.002071067811861152311 ) ) ;
#19 = CARTESIAN_POINT ( 'NONE',  ( 1.100000000000000089, -1.245000000000000107, 0.004999999999995633805 ) ) ;
#20 = VERTEX_POINT ( 'NONE', #1773 ) ;
#21 = CARTESIAN_POINT ( 'NONE',  ( -1.100000000000000089, -1.245000000000009210, 2.494999999999996554 ) ) ;
#22 = CARTESIAN_POINT ( 'NONE',  ( -1.595002548475836335, -1.245000000000000773, -4.344431986467306439E-15 ) ) ;
#23 = DIRECTION ( 'NONE',  ( 0.0000000000000000000, 1.000000000000000000, 3.491481338843133355E-15 ) ) ;
#24 = CARTESIAN_POINT ( 'NONE',  ( -1.600000000000000089, -1.250000000000000000, -4.364351673553916694E-15 ) ) ;
#25 = CARTESIAN_POINT ( 'NONE',  ( 1.102071067811865479, -1.250000000000000444, 0.004999999999995676306 ) ) ;
#26 = EDGE_CURVE ( 'NONE', #92, #1152, #1782, .T. ) ;
#27 = DIRECTION ( 'NONE',  ( 1.000000000000000000, 0.0000000000000000000, 0.0000000000000000000 ) ) ;
#28 = ORIENTED_EDGE ( 'NONE', *, *, #607, .T. ) ;
#29 = DIRECTION ( 'NONE',  ( 0.0000000000000000000, 0.0000000000000000000, -1.000000000000000000 ) ) ;
#30 = VERTEX_POINT ( 'NONE', #923 ) ;
#31 = VECTOR ( 'NONE', #1221, 1000.000000000000000 ) ;
#32 = CARTESIAN_POINT ( 'NONE',  ( -1.595002535600108740, 1.244999999993505302, 2.499999999999921396 ) ) ;
#33 = CYLINDRICAL_SURFACE ( 'NONE', #1329, 0.005000000000000012247 ) ;
#34 = DIRECTION ( 'NONE',  ( 1.000000000000000000, 0.0000000000000000000, 0.0000000000000000000 ) ) ;
#35 = EDGE_LOOP ( 'NONE', ( #569, #967, #694, #387 ) ) ;
#36 = DIRECTION ( 'NONE',  ( 0.0000000000000000000, -3.664953686440814065E-15, 1.000000000000000000 ) ) ;
#37 = VECTOR ( 'NONE', #1166, 1000.000000000000000 ) ;
#38 = CARTESIAN_POINT ( 'NONE',  ( 1.598334189936774674, 1.248333336856979781, 4.291972941382513904E-08 ) ) ;
#39 = COLOUR_RGB ( '',0.7843137254901960675, 0.6627450980392156632, 0.4745098039215686070 ) ;
#40 = ORIENTED_EDGE ( 'NONE', *, *, #99, .F. ) ;
#41 = ORIENTED_EDGE ( 'NONE', *, *, #152, .F. ) ;
#42 = LINE ( 'NONE', #203, #1363 ) ;
#43 = DIRECTION ( 'NONE',  ( 0.0000000000000000000, -1.000000000000000000, -3.491481338843133355E-15 ) ) ;
#44 = FACE_OUTER_BOUND ( 'NONE', #294, .T. ) ;
#45 = ORIENTED_EDGE ( 'NONE', *, *, #1722, .F. ) ;
#46 = CARTESIAN_POINT ( 'NONE',  ( 1.102071067811865701, 1.244999999999991447, 2.500000000000004441 ) ) ;
#47 = ORIENTED_EDGE ( 'NONE', *, *, #1036, .F. ) ;
#48 = EDGE_CURVE ( 'NONE', #1330, #717, #218, .T. ) ;
#49 = FACE_OUTER_BOUND ( 'NONE', #1015, .T. ) ;
#50 = CARTESIAN_POINT ( 'NONE',  ( -1.100000000000000089, 1.244999999999991447, 2.500000000000004885 ) ) ;
#51 = CARTESIAN_POINT ( 'NONE',  ( -1.595002548475836113, -1.250000000000008882, 2.494999999999997442 ) ) ;
#52 = ORIENTED_EDGE ( 'NONE', *, *, #1802, .T. ) ;
#53 = CARTESIAN_POINT ( 'NONE',  ( 1.598334189936680083, 1.248333336856904285, 2.499999957080275781 ) ) ;
#54 = LINE ( 'NONE', #886, #841 ) ;
#55 = ORIENTED_EDGE ( 'NONE', *, *, #607, .F. ) ;
#56 = FACE_OUTER_BOUND ( 'NONE', #860, .T. ) ;
#57 = ORIENTED_EDGE ( 'NONE', *, *, #1091, .T. ) ;
#58 = CARTESIAN_POINT ( 'NONE',  ( 1.597358971219861257, -1.245001198652814001, 2.499999999999994671 ) ) ;
#59 = CARTESIAN_POINT ( 'NONE',  ( -1.600002548475836006, -1.246713800931529059, 0.002054785052224880181 ) ) ;
#60 = EDGE_CURVE ( 'NONE', #139, #1333, #1752, .T. ) ;
#61 = DIRECTION ( 'NONE',  ( 0.0000000000000000000, 3.318008991245452646E-15, -1.000000000000000000 ) ) ;
#62 = ORIENTED_EDGE ( 'NONE', *, *, #1734, .T. ) ;
#63 = CARTESIAN_POINT ( 'NONE',  ( 1.600000822579014104, -0.4419488625314884622, -7.196462530257237810E-15 ) ) ;
#64 = AXIS2_PLACEMENT_3D ( 'NONE', #1657, #393, #636 ) ;
#65 = PRESENTATION_LAYER_ASSIGNMENT (  '', '', ( #1620 ) ) ;
#66 = FACE_OUTER_BOUND ( 'NONE', #865, .T. ) ;
#67 = CARTESIAN_POINT ( 'NONE',  ( 1.595002559205577874, -1.245000000005467511, 2.499999999999926281 ) ) ;
#68 = VECTOR ( 'NONE', #978, 1000.000000000000000 ) ;
#69 = CARTESIAN_POINT ( 'NONE',  ( -1.100000000000000089, 1.244999999999991447, 2.495000000000004547 ) ) ;
#70 = CARTESIAN_POINT ( 'NONE',  ( -1.595002548475836113, -1.249999777935554279, 2.494952876807830400 ) ) ;
#71 = FACE_OUTER_BOUND ( 'NONE', #734, .T. ) ;
#72 = DIRECTION ( 'NONE',  ( 0.0000000000000000000, -1.000000000000000000, -3.491481338843133355E-15 ) ) ;
#73 = EDGE_LOOP ( 'NONE', ( #649, #320, #565 ) ) ;
#74 = ADVANCED_FACE ( 'NONE', ( #1686 ), #496, .T. ) ;
#75 = CARTESIAN_POINT ( 'NONE',  ( 1.599999988871334322, 1.249999999994363176, 0.004999152208959500507 ) ) ;
#76 = ADVANCED_FACE ( 'NONE', ( #1099 ), #1661, .T. ) ;
#77 = VERTEX_POINT ( 'NONE', #819 ) ;
#78 = CARTESIAN_POINT ( 'NONE',  ( -1.104999999999999982, -1.250000000000009104, 2.499999999999995559 ) ) ;
#79 = B_SPLINE_CURVE_WITH_KNOTS ( 'NONE', 3,
 ( #483, #453, #1461, #593 ),
 .UNSPECIFIED., .F., .F.,
 ( 4, 4 ),
 ( 0.0000000000000000000, 1.000000000000000000 ),
 .UNSPECIFIED. ) ;
#80 = VERTEX_POINT ( 'NONE', #1670 ) ;
#81 = CARTESIAN_POINT ( 'NONE',  ( -1.600002548475836228, -1.247928802105797264, 2.494972395873127802 ) ) ;
#82 = LINE ( 'NONE', #1632, #351 ) ;
#83 = CARTESIAN_POINT ( 'NONE',  ( -1.100000000000000089, -1.250000000000009104, 2.499999999999995559 ) ) ;
#84 = ORIENTED_EDGE ( 'NONE', *, *, #1815, .T. ) ;
#85 = CARTESIAN_POINT ( 'NONE',  ( -1.594999999999999973, 1.239999999999999991, 0.005000000000004275330 ) ) ;
#86 = CARTESIAN_POINT ( 'NONE',  ( 1.600000000000000089, 0.4166666666666580809, 2.500000000000001332 ) ) ;
#87 = EDGE_CURVE ( 'NONE', #250, #1771, #409, .T. ) ;
#88 = VERTEX_POINT ( 'NONE', #141 ) ;
#89 = CARTESIAN_POINT ( 'NONE',  ( -1.100000000000000089, -1.245000000000000329, -4.562867339618813353E-15 ) ) ;
#90 = CARTESIAN_POINT ( 'NONE',  ( -1.599999984621885973, 1.264969991144334838, 2.500000000000003997 ) ) ;
#91 = CARTESIAN_POINT ( 'NONE',  ( 1.104999999999999982, -1.250000000000009104, 2.499999999999995559 ) ) ;
#92 = VERTEX_POINT ( 'NONE', #302 ) ;
#93 = AXIS2_PLACEMENT_3D ( 'NONE', #167, #315, #43 ) ;
#94 = CARTESIAN_POINT ( 'NONE',  ( 1.104999999999999982, 1.249999999999991784, 2.500000000000004441 ) ) ;
#95 = VECTOR ( 'NONE', #1501, 1000.000000000000000 ) ;
#96 = UNCERTAINTY_MEASURE_WITH_UNIT (LENGTH_MEASURE( 1.000000000000000082E-05 ), #546, 'distance_accuracy_value', 'NONE');
#97 = LINE ( 'NONE', #486, #1115 ) ;
#98 = DIRECTION ( 'NONE',  ( 0.0000000000000000000, 0.0000000000000000000, 1.000000000000000000 ) ) ;
#99 = EDGE_CURVE ( 'NONE', #1779, #1455, #465, .T. ) ;
#100 = CIRCLE ( 'NONE', #679, 0.005000000000000013115 ) ;
#101 = ORIENTED_EDGE ( 'NONE', *, *, #945, .T. ) ;
#102 = DIRECTION ( 'NONE',  ( 0.0000000000000000000, 0.0000000000000000000, 1.000000000000000000 ) ) ;
#103 = CARTESIAN_POINT ( 'NONE',  ( -1.099999999999999867, -1.245000000000000329, 0.004999999999995652887 ) ) ;
#104 = FILL_AREA_STYLE ('',( #1064 ) ) ;
#105 = LINE ( 'NONE', #1762, #95 ) ;
#106 = DIRECTION ( 'NONE',  ( -0.0000000000000000000, -3.318008991245452646E-15, 1.000000000000000000 ) ) ;
#107 =( LENGTH_UNIT ( ) NAMED_UNIT ( * ) SI_UNIT ( .MILLI., .METRE. ) );
#108 = CARTESIAN_POINT ( 'NONE',  ( -1.599999988871334766, 1.249999999994354738, 2.494999999999978790 ) ) ;
#109 = DIRECTION ( 'NONE',  ( 0.0000000000000000000, -3.491481338843133355E-15, 1.000000000000000000 ) ) ;
#110 = LINE ( 'NONE', #516, #1334 ) ;
#111 = EDGE_CURVE ( 'NONE', #747, #88, #797, .T. ) ;
#112 = ORIENTED_EDGE ( 'NONE', *, *, #1174, .F. ) ;
#113 = CARTESIAN_POINT ( 'NONE',  ( 1.599999984621885973, 1.264969991144331507, 2.500000000000003997 ) ) ;
#114 = DIRECTION ( 'NONE',  ( 1.000000000000000000, 0.0000000000000000000, 0.0000000000000000000 ) ) ;
#115 = EDGE_LOOP ( 'NONE', ( #1170, #430, #680, #325 ) ) ;
#116 = CARTESIAN_POINT ( 'NONE',  ( -1.599999988871320111, 1.249999999990609068, 0.004999583553259404588 ) ) ;
#117 = CARTESIAN_POINT ( 'NONE',  ( -1.594999999999999973, 1.239999999999999991, 0.0000000000000000000 ) ) ;
#118 = ORIENTED_EDGE ( 'NONE', *, *, #6, .F. ) ;
#119 = EDGE_CURVE ( 'NONE', #1455, #1581, #1085, .T. ) ;
#120 = CARTESIAN_POINT ( 'NONE',  ( 1.104999999999999982, -1.250000000000009548, 2.494999999999996554 ) ) ;
#121 = LINE ( 'NONE', #94, #650 ) ;
#122 = VECTOR ( 'NONE', #1537, 1000.000000000000000 ) ;
#123 = VERTEX_POINT ( 'NONE', #310 ) ;
#124 = VECTOR ( 'NONE', #1344, 1000.000000000000000 ) ;
#125 = CARTESIAN_POINT ( 'NONE',  ( -500000.0000000000582, -1.245000000000009432, 2.494999999999996554 ) ) ;
#126 = CIRCLE ( 'NONE', #1682, 0.005000000000000013115 ) ;
#127 = LINE ( 'NONE', #1816, #1677 ) ;
#128 = FACE_OUTER_BOUND ( 'NONE', #836, .T. ) ;
#129 = EDGE_LOOP ( 'NONE', ( #1529, #890, #331 ) ) ;
#130 = FACE_OUTER_BOUND ( 'NONE', #1279, .T. ) ;
#131 = CARTESIAN_POINT ( 'NONE',  ( -1.600000000000000089, 1.250000000000000000, 4.364351673553916694E-15 ) ) ;
#132 = ADVANCED_FACE ( 'NONE', ( #1437 ), #1024, .T. ) ;
#133 = CARTESIAN_POINT ( 'NONE',  ( 1.100000000000000089, -1.250000000000000000, 0.004999999999995634672 ) ) ;
#134 = EDGE_CURVE ( 'NONE', #1630, #1190, #1286, .T. ) ;
#135 = DIRECTION ( 'NONE',  ( 0.0000000000000000000, 0.0000000000000000000, 1.000000000000000000 ) ) ;
#136 = VERTEX_POINT ( 'NONE', #1004 ) ;
#137 = CARTESIAN_POINT ( 'NONE',  ( -1.595002548475836335, -1.245000000000009877, 2.499999999999995115 ) ) ;
#138 = DIRECTION ( 'NONE',  ( 0.0000000000000000000, -3.664953686440814065E-15, 1.000000000000000000 ) ) ;
#139 = VERTEX_POINT ( 'NONE', #19 ) ;
#140 = DIRECTION ( 'NONE',  ( 1.000000000000000000, -0.0000000000000000000, 0.0000000000000000000 ) ) ;
#141 = CARTESIAN_POINT ( 'NONE',  ( 1.599999988871334322, 1.249999999994363176, 0.004999152208959500507 ) ) ;
#142 = EDGE_CURVE ( 'NONE', #1194, #376, #1415, .T. ) ;
#143 = ORIENTED_EDGE ( 'NONE', *, *, #1502, .F. ) ;
#144 = LINE ( 'NONE', #125, #995 ) ;
#145 = LINE ( 'NONE', #255, #214 ) ;
#146 = CARTESIAN_POINT ( 'NONE',  ( -1.600424533697435647, -1.245424113758131890, 1.665000781697230758 ) ) ;
#147 = EDGE_LOOP ( 'NONE', ( #45, #143, #1606 ) ) ;
#148 = CARTESIAN_POINT ( 'NONE',  ( 1.597931480663970616, -1.247925641191826474, 2.500027796409387548 ) ) ;
#149 = CARTESIAN_POINT ( 'NONE',  ( -1.600000000000000089, 1.249999999999991784, 2.500000000000004441 ) ) ;
#150 = CARTESIAN_POINT ( 'NONE',  ( 1.104999999999999982, -1.250000000000000222, 0.004999999999995676306 ) ) ;
#151 = EDGE_LOOP ( 'NONE', ( #1130, #739, #1584, #1084, #268 ) ) ;
#152 = EDGE_CURVE ( 'NONE', #598, #139, #992, .T. ) ;
#153 = VECTOR ( 'NONE', #1522, 1000.000000000000000 ) ;
#154 = DIRECTION ( 'NONE',  ( 1.000000000000000000, 0.0000000000000000000, 0.0000000000000000000 ) ) ;
#155 = CARTESIAN_POINT ( 'NONE',  ( -1.100000000000000089, 1.246715728752538332, 0.002071067811869950828 ) ) ;
#156 = VECTOR ( 'NONE', #1513, 1000.000000000000000 ) ;
#157 = ORIENTED_EDGE ( 'NONE', *, *, #1815, .F. ) ;
#158 = LINE ( 'NONE', #50, #293 ) ;
#159 = CARTESIAN_POINT ( 'NONE',  ( -500000.0000000000582, 1.239999999999999991, 0.005000000000004329974 ) ) ;
#160 = VECTOR ( 'NONE', #1451, 1000.000000000000000 ) ;
#161 = CARTESIAN_POINT ( 'NONE',  ( 1.600000811482416463, 0.4625010146467239402, 2.500000000000352163 ) ) ;
#162 = EDGE_LOOP ( 'NONE', ( #656, #1317, #1104, #1219 ) ) ;
#163 = CARTESIAN_POINT ( 'NONE',  ( 1.600000000000000089, -1.250000000000005995, 1.666666666666662744 ) ) ;
#164 = CARTESIAN_POINT ( 'NONE',  ( 1.594999999999999973, -1.245000000000000329, 0.004999999999995587835 ) ) ;
#165 = ORIENTED_EDGE ( 'NONE', *, *, #775, .T. ) ;
#166 = CARTESIAN_POINT ( 'NONE',  ( -1.599999963478350384, 1.250000002439593638, 2.496379840002570294 ) ) ;
#167 = CARTESIAN_POINT ( 'NONE',  ( -500000.0000000000582, 1.239999999999991775, 2.495000000000004547 ) ) ;
#168 = ADVANCED_FACE ( 'NONE', ( #178 ), #583, .T. ) ;
#169 = CARTESIAN_POINT ( 'NONE',  ( -1.600000000000000089, -0.4166666666666666297, -1.454783891184639161E-15 ) ) ;
#170 = CARTESIAN_POINT ( 'NONE',  ( 1.100000000000000089, -1.245000000000000329, 0.004999999999995653754 ) ) ;
#171 = ORIENTED_EDGE ( 'NONE', *, *, #1743, .F. ) ;
#172 = VERTEX_POINT ( 'NONE', #731 ) ;
#173 = CARTESIAN_POINT ( 'NONE',  ( 1.104999999999999982, 1.244999999999991891, 2.495000000000004547 ) ) ;
#174 = CARTESIAN_POINT ( 'NONE',  ( -1.600002548475836006, -1.245000000000000329, 0.004999999999995652887 ) ) ;
#175 = DIRECTION ( 'NONE',  ( 0.0000000000000000000, -3.664953686440814065E-15, 1.000000000000000000 ) ) ;
#176 = ADVANCED_FACE ( 'NONE', ( #1583 ), #744, .T. ) ;
#177 = CYLINDRICAL_SURFACE ( 'NONE', #818, 0.005000000000000013115 ) ;
#178 = FACE_OUTER_BOUND ( 'NONE', #810, .T. ) ;
#179 = ORIENTED_EDGE ( 'NONE', *, *, #1231, .T. ) ;
#180 = FILL_AREA_STYLE ('',( #467 ) ) ;
#181 = ORIENTED_EDGE ( 'NONE', *, *, #246, .F. ) ;
#182 = LINE ( 'NONE', #1173, #299 ) ;
#183 = DIRECTION ( 'NONE',  ( 0.0000000000000000000, 1.000000000000000000, 3.388131789017192284E-15 ) ) ;
#184 = ORIENTED_EDGE ( 'NONE', *, *, #997, .T. ) ;
#185 =( GEOMETRIC_REPRESENTATION_CONTEXT ( 3 ) GLOBAL_UNCERTAINTY_ASSIGNED_CONTEXT ( ( #1118 ) ) GLOBAL_UNIT_ASSIGNED_CONTEXT ( ( #1533, #1127, #864 ) ) REPRESENTATION_CONTEXT ( 'NONE', 'WORKASPACE' ) );
#186 = CARTESIAN_POINT ( 'NONE',  ( 1.100000000000000089, -1.250000000000009104, 2.499999999999995559 ) ) ;
#187 = DIRECTION ( 'NONE',  ( -0.0000000000000000000, 1.000000000000000000, 3.491481338843133355E-15 ) ) ;
#188 = AXIS2_PLACEMENT_3D ( 'NONE', #588, #1154, #1006 ) ;
#189 = ADVANCED_FACE ( 'NONE', ( #1105 ), #1313, .T. ) ;
#190 = ORIENTED_EDGE ( 'NONE', *, *, #1468, .F. ) ;
#191 = CARTESIAN_POINT ( 'NONE',  ( 1.594999999999999973, 0.0000000000000000000, 0.0000000000000000000 ) ) ;
#192 = DIRECTION ( 'NONE',  ( 0.0000000000000000000, -1.000000000000000000, 0.0000000000000000000 ) ) ;
#193 = CARTESIAN_POINT ( 'NONE',  ( 1.100000000000000089, 1.250000000000000000, 0.005000000000004133083 ) ) ;
#194 = CARTESIAN_POINT ( 'NONE',  ( -1.595000000035092791, -1.245000000000009432, 2.494999999999997886 ) ) ;
#195 = ORIENTED_EDGE ( 'NONE', *, *, #585, .F. ) ;
#196 = CARTESIAN_POINT ( 'NONE',  ( 1.599999963478350828, 1.250000002439594526, 2.496379840002570738 ) ) ;
#197 =( BOUNDED_SURFACE ( )  B_SPLINE_SURFACE ( 3, 2, ( 
 ( #1374, #113, #671 ),
 ( #1233, #161, #1561 ),
 ( #712, #1708, #427 ),
 ( #859, #1108, #301 ) ),
 .UNSPECIFIED., .F., .F., .T. ) 
 B_SPLINE_SURFACE_WITH_KNOTS ( ( 4, 4 ),
 ( 3, 3 ),
 ( 0.002500588083271349654, 0.005010555617869060473 ),
 ( 0.0000000000000000000, 1.000000000000000000 ),
 .UNSPECIFIED. ) 
 GEOMETRIC_REPRESENTATION_ITEM ( )  RATIONAL_B_SPLINE_SURFACE ( (
 ( 1.000000000000000000, 0.7065667754556261837, 1.000000000000000000),
 ( 1.000000000000000000, 0.7366697431491243675, 1.000000000000000000),
 ( 1.000000000000000000, 0.7368833512562898980, 1.000000000000000000),
 ( 1.000000000000000000, 0.7072866019659960202, 1.000000000000000000) ) ) 
 REPRESENTATION_ITEM ( '' )  SURFACE ( )  );
#198 = DIRECTION ( 'NONE',  ( 0.0000000000000000000, 1.000000000000000000, 3.491481338843133355E-15 ) ) ;
#199 = ORIENTED_EDGE ( 'NONE', *, *, #16, .F. ) ;
#200 = DIRECTION ( 'NONE',  ( 1.000000000000000000, 0.0000000000000000000, -0.0000000000000000000 ) ) ;
#201 = EDGE_CURVE ( 'NONE', #376, #1483, #693, .T. ) ;
#202 = VERTEX_POINT ( 'NONE', #832 ) ;
#203 = CARTESIAN_POINT ( 'NONE',  ( 1.100000000000000089, 1.245000000000000107, 0.005000000000004133083 ) ) ;
#204 = CARTESIAN_POINT ( 'NONE',  ( -1.595002548475836113, -1.250027796409392211, 0.002074358808178432267 ) ) ;
#205 = ORIENTED_EDGE ( 'NONE', *, *, #1722, .T. ) ;
#206 = CARTESIAN_POINT ( 'NONE',  ( 1.595002548475835891, 1.244999999999991669, 2.499999999999838352 ) ) ;
#207 = CARTESIAN_POINT ( 'NONE',  ( 1.671111111111111658, -0.4166666666666725694, 1.666666666666665408 ) ) ;
#208 = ORIENTED_EDGE ( 'NONE', *, *, #1702, .F. ) ;
#209 = CARTESIAN_POINT ( 'NONE',  ( -1.100000000000000089, -1.250000000000000000, 0.004999999999995634672 ) ) ;
#210 = B_SPLINE_CURVE_WITH_KNOTS ( 'NONE', 3,
 ( #1227, #1479, #1086, #1756 ),
 .UNSPECIFIED., .F., .F.,
 ( 4, 4 ),
 ( 0.0000000000000000000, 1.000000000000000000 ),
 .UNSPECIFIED. ) ;
#211 = CLOSED_SHELL ( 'NONE', ( #623, #889, #189, #806, #642, #253, #74, #1565, #921, #176, #1275, #1578, #866, #403, #753, #1357, #168, #1626, #1370, #935, #857, #814, #762, #984, #1432, #305, #696, #76 ) ) ;
#212 = EDGE_CURVE ( 'NONE', #220, #1771, #867, .T. ) ;
#213 = ORIENTED_EDGE ( 'NONE', *, *, #60, .F. ) ;
#214 = VECTOR ( 'NONE', #1377, 1000.000000000000000 ) ;
#215 = CARTESIAN_POINT ( 'NONE',  ( 1.105000000000000204, 1.247928932188125950, 2.500000000000004885 ) ) ;
#216 = AXIS2_PLACEMENT_3D ( 'NONE', #1250, #400, #1111 ) ;
#217 = DIRECTION ( 'NONE',  ( 0.0000000000000000000, -1.000000000000000000, -3.318008991245452646E-15 ) ) ;
#218 = LINE ( 'NONE', #243, #1705 ) ;
#219 = CIRCLE ( 'NONE', #417, 0.005000000000000013115 ) ;
#220 = VERTEX_POINT ( 'NONE', #1126 ) ;
#221 = DIRECTION ( 'NONE',  ( 0.0000000000000000000, 1.000000000000000000, 3.557538378468051958E-15 ) ) ;
#222 = CARTESIAN_POINT ( 'NONE',  ( -1.595002548475836335, -1.250000000000000000, -4.364351673553916694E-15 ) ) ;
#223 = EDGE_CURVE ( 'NONE', #1333, #853, #674, .T. ) ;
#224 = CARTESIAN_POINT ( 'NONE',  ( -1.100000000000000089, -1.245000000000009432, 2.499999999999995559 ) ) ;
#225 = PLANE ( 'NONE',  #618 ) ;
#226 = LINE ( 'NONE', #1189, #476 ) ;
#227 = VERTEX_POINT ( 'NONE', #1135 ) ;
#228 = PLANE ( 'NONE',  #1793 ) ;
#229 = CARTESIAN_POINT ( 'NONE',  ( -1.100000000000000089, -1.245000000000000329, 0.004999999999995676306 ) ) ;
#230 = CARTESIAN_POINT ( 'NONE',  ( 1.104999999999999982, 1.244999999999991447, 2.500000000000004885 ) ) ;
#231 = ADVANCED_FACE ( 'NONE', ( #130 ), #711, .T. ) ;
#232 = B_SPLINE_CURVE_WITH_KNOTS ( 'NONE', 3,
 ( #1181, #58, #451, #470 ),
 .UNSPECIFIED., .F., .F.,
 ( 4, 4 ),
 ( 0.0000000000000000000, 1.000000000000000000 ),
 .UNSPECIFIED. ) ;
#233 = DIRECTION ( 'NONE',  ( 0.0000000000000000000, 3.318008991245452646E-15, -1.000000000000000000 ) ) ;
#234 = EDGE_LOOP ( 'NONE', ( #1178, #1506, #517, #1429 ) ) ;
#235 = DIRECTION ( 'NONE',  ( 0.0000000000000000000, -3.491481338843133355E-15, 1.000000000000000000 ) ) ;
#236 = ORIENTED_EDGE ( 'NONE', *, *, #1022, .F. ) ;
#237 = CARTESIAN_POINT ( 'NONE',  ( -1.600425376678061617, -0.4133352623437083762, 2.495425002463286024 ) ) ;
#238 = CARTESIAN_POINT ( 'NONE',  ( -1.600000822579366710, -0.4419488585274431447, 2.500000000000691891 ) ) ;
#239 = EDGE_LOOP ( 'NONE', ( #205, #458, #404, #422 ) ) ;
#240 = CARTESIAN_POINT ( 'NONE',  ( 1.102071067811865479, -1.247928932188143492, 2.499999999999996003 ) ) ;
#241 = AXIS2_PLACEMENT_3D ( 'NONE', #1096, #1818, #562 ) ;
#242 = CIRCLE ( 'NONE', #1444, 0.005000000000000013115 ) ;
#243 = CARTESIAN_POINT ( 'NONE',  ( -1.104999999999999982, 1.249999999999991784, 2.500000000000004441 ) ) ;
#244 = VECTOR ( 'NONE', #285, 1000.000000000000000 ) ;
#245 = DIRECTION ( 'NONE',  ( -0.0000000000000000000, -3.665650362535584184E-15, 1.000000000000000000 ) ) ;
#246 = EDGE_CURVE ( 'NONE', #77, #1333, #1552, .T. ) ;
#247 = VECTOR ( 'NONE', #1239, 1000.000000000000000 ) ;
#248 = DIRECTION ( 'NONE',  ( -1.000000000000000000, 0.0000000000000000000, 0.0000000000000000000 ) ) ;
#249 = CARTESIAN_POINT ( 'NONE',  ( 1.100000000000000089, -1.745740669421567356E-17, 0.005000000000000000971 ) ) ;
#250 = VERTEX_POINT ( 'NONE', #1400 ) ;
#251 =( NAMED_UNIT ( * ) SI_UNIT ( $, .STERADIAN. ) SOLID_ANGLE_UNIT ( ) );
#252 = FACE_OUTER_BOUND ( 'NONE', #1678, .T. ) ;
#253 = ADVANCED_FACE ( 'NONE', ( #1259 ), #1116, .F. ) ;
#254 = CARTESIAN_POINT ( 'NONE',  ( -1.595002548475836113, -1.250000000000009104, 2.494999999999998330 ) ) ;
#255 = CARTESIAN_POINT ( 'NONE',  ( -1.100000000000000089, 1.249999999999991784, 2.495000000000004547 ) ) ;
#256 = CARTESIAN_POINT ( 'NONE',  ( 1.100000000000000089, -1.250000000000009104, 2.499999999999995559 ) ) ;
#257 = CARTESIAN_POINT ( 'NONE',  ( 1.100000000000000089, -1.245000000000000329, -4.346894266859702447E-15 ) ) ;
#258 = PLANE ( 'NONE',  #869 ) ;
#259 = CARTESIAN_POINT ( 'NONE',  ( 1.594999999999999973, 0.0000000000000000000, 0.0000000000000000000 ) ) ;
#260 = CARTESIAN_POINT ( 'NONE',  ( 0.0000000000000000000, 0.0000000000000000000, 0.0000000000000000000 ) ) ;
#261 = CARTESIAN_POINT ( 'NONE',  ( -1.600002547182086676, -1.245002543373206816, 0.004997456626789830922 ) ) ;
#262 = LINE ( 'NONE', #706, #528 ) ;
#263 = DIRECTION ( 'NONE',  ( -0.0000000000000000000, 1.000000000000000000, 3.664953686440814065E-15 ) ) ;
#264 = ORIENTED_EDGE ( 'NONE', *, *, #1174, .T. ) ;
#265 = EDGE_CURVE ( 'NONE', #1483, #1282, #158, .T. ) ;
#266 = CARTESIAN_POINT ( 'NONE',  ( -1.600000000000000089, -0.4166666666666755670, 2.499999999999998668 ) ) ;
#267 = AXIS2_PLACEMENT_3D ( 'NONE', #1048, #1367, #897 ) ;
#268 = ORIENTED_EDGE ( 'NONE', *, *, #60, .T. ) ;
#269 = AXIS2_PLACEMENT_3D ( 'NONE', #660, #490, #1201 ) ;
#270 = CARTESIAN_POINT ( 'NONE',  ( -1.100000000000000089, 1.244999999999991891, 2.495000000000004103 ) ) ;
#271 = CARTESIAN_POINT ( 'NONE',  ( -1.100000000000000089, 1.245000000000000551, 0.005000000000004347321 ) ) ;
#272 = ORIENTED_EDGE ( 'NONE', *, *, #1113, .T. ) ;
#273 = VECTOR ( 'NONE', #372, 1000.000000000000000 ) ;
#274 = DIRECTION ( 'NONE',  ( 0.0000000000000000000, 1.000000000000000000, 0.0000000000000000000 ) ) ;
#275 = EDGE_CURVE ( 'NONE', #30, #1323, #1267, .T. ) ;
#276 = LINE ( 'NONE', #564, #1332 ) ;
#277 = UNCERTAINTY_MEASURE_WITH_UNIT (LENGTH_MEASURE( 1.000000000000000082E-05 ), #511, 'distance_accuracy_value', 'NONE');
#278 = CARTESIAN_POINT ( 'NONE',  ( 1.600002548475836006, -1.245000000000000329, 0.004999999999995653754 ) ) ;
#279 = ORIENTED_EDGE ( 'NONE', *, *, #1754, .F. ) ;
#280 = CARTESIAN_POINT ( 'NONE',  ( -1.600000005102630407, -1.250000000000000888, 0.004997457919881501988 ) ) ;
#281 = CARTESIAN_POINT ( 'NONE',  ( -1.099999999999999867, 1.245000000000000329, 0.005000000000004473956 ) ) ;
#282 = EDGE_LOOP ( 'NONE', ( #1362, #47, #541, #1573 ) ) ;
#283 = CARTESIAN_POINT ( 'NONE',  ( 1.600000005102629519, -1.250000000000009104, 2.495002542080113184 ) ) ;
#284 = CARTESIAN_POINT ( 'NONE',  ( -1.671111111111111658, 0.4166666666666610785, 1.666666666666668295 ) ) ;
#285 = DIRECTION ( 'NONE',  ( 0.0000000000000000000, -3.664953686440814065E-15, 1.000000000000000000 ) ) ;
#286 = EDGE_CURVE ( 'NONE', #306, #724, #1433, .T. ) ;
#287 = ORIENTED_EDGE ( 'NONE', *, *, #1345, .T. ) ;
#288 = CARTESIAN_POINT ( 'NONE',  ( -1.102071067811865479, 1.250000000000000444, 0.002071067811870025855 ) ) ;
#289 = ORIENTED_EDGE ( 'NONE', *, *, #1036, .T. ) ;
#290 = CARTESIAN_POINT ( 'NONE',  ( 1.100000000000000089, -1.250000000000000000, -4.364351673553916694E-15 ) ) ;
#291 = DIRECTION ( 'NONE',  ( 0.0000000000000000000, 1.000000000000000000, 3.318008991245506288E-15 ) ) ;
#292 = CARTESIAN_POINT ( 'NONE',  ( 1.600002548475836006, -1.245000000000000551, 0.004999999999995676306 ) ) ;
#293 = VECTOR ( 'NONE', #1291, 1000.000000000000000 ) ;
#294 = EDGE_LOOP ( 'NONE', ( #333, #510, #1287, #1180 ) ) ;
#295 = CLOSED_SHELL ( 'NONE', ( #960, #1663, #380, #1681, #657, #1059 ) ) ;
#296 = EDGE_CURVE ( 'NONE', #1142, #1330, #1146, .T. ) ;
#297 = CARTESIAN_POINT ( 'NONE',  ( 1.100000000000000089, 1.247928932188134610, 0.005000000000004222421 ) ) ;
#298 = CARTESIAN_POINT ( 'NONE',  ( 1.595424748448150298, -1.250000000000003775, 0.8349998929829359762 ) ) ;
#299 = VECTOR ( 'NONE', #1458, 1000.000000000000000 ) ;
#300 = MECHANICAL_DESIGN_GEOMETRIC_PRESENTATION_REPRESENTATION (  '', ( #533 ), #966 ) ;
#301 = CARTESIAN_POINT ( 'NONE',  ( 1.600002547182086454, -1.245002543373216364, 2.495002543373201487 ) ) ;
#302 = CARTESIAN_POINT ( 'NONE',  ( 1.100000000000000089, 1.244999999999991669, 2.495000000000004547 ) ) ;
#303 = ORIENTED_EDGE ( 'NONE', *, *, #1284, .F. ) ;
#304 = DIRECTION ( 'NONE',  ( -0.0000000000000000000, -3.318008991245452646E-15, 1.000000000000000000 ) ) ;
#305 = ADVANCED_FACE ( 'NONE', ( #884 ), #737, .T. ) ;
#306 = VERTEX_POINT ( 'NONE', #1032 ) ;
#307 = CARTESIAN_POINT ( 'NONE',  ( -1.598334189936679639, 1.248333336856903397, 2.499999957080275337 ) ) ;
#308 = CARTESIAN_POINT ( 'NONE',  ( -1.595002559205575654, -1.245000000005458629, 6.472606912230336655E-14 ) ) ;
#309 = DIRECTION ( 'NONE',  ( 0.0000000000000000000, 3.318008991245452646E-15, -1.000000000000000000 ) ) ;
#310 = CARTESIAN_POINT ( 'NONE',  ( 1.595002548475836113, -1.250000000000000444, 0.004999999999995666765 ) ) ;
#311 = EDGE_LOOP ( 'NONE', ( #1110, #1241, #1731, #1727 ) ) ;
#312 = FACE_OUTER_BOUND ( 'NONE', #999, .T. ) ;
#313 = DIRECTION ( 'NONE',  ( 1.000000000000000000, 0.0000000000000000000, 0.0000000000000000000 ) ) ;
#314 = EDGE_CURVE ( 'NONE', #1152, #1034, #616, .T. ) ;
#315 = DIRECTION ( 'NONE',  ( 0.0000000000000000000, -3.491481338843133355E-15, 1.000000000000000000 ) ) ;
#316 = CARTESIAN_POINT ( 'NONE',  ( -500000.0000000000582, 1.239999999999991775, 2.495000000000004547 ) ) ;
#317 = ORIENTED_EDGE ( 'NONE', *, *, #335, .T. ) ;
#318 = DIRECTION ( 'NONE',  ( -0.0000000000000000000, 1.000000000000000000, 3.491481338843133355E-15 ) ) ;
#319 = ORIENTED_EDGE ( 'NONE', *, *, #1492, .T. ) ;
#320 = ORIENTED_EDGE ( 'NONE', *, *, #212, .F. ) ;
#321 = VECTOR ( 'NONE', #367, 1000.000000000000000 ) ;
#322 = CARTESIAN_POINT ( 'NONE',  ( -1.600000005102629519, -1.245002542080115182, -4.344431986467306439E-15 ) ) ;
#323 = DIRECTION ( 'NONE',  ( 0.0000000000000000000, 0.0000000000000000000, 1.000000000000000000 ) ) ;
#324 = CARTESIAN_POINT ( 'NONE',  ( -500000.0000000000582, -1.245000000000000329, 0.004999999999995459465 ) ) ;
#325 = ORIENTED_EDGE ( 'NONE', *, *, #1713, .T. ) ;
#326 = AXIS2_PLACEMENT_3D ( 'NONE', #873, #617, #1595 ) ;
#327 = ADVANCED_FACE ( 'NONE', ( #1450 ), #1733, .T. ) ;
#328 = CARTESIAN_POINT ( 'NONE',  ( 1.590000000000000080, 1.244999999999991669, 2.500000000000004441 ) ) ;
#329 = CARTESIAN_POINT ( 'NONE',  ( 1.600000000000000089, -0.4166666666666755670, 2.499999999999998668 ) ) ;
#330 = ORIENTED_EDGE ( 'NONE', *, *, #1050, .F. ) ;
#331 = ORIENTED_EDGE ( 'NONE', *, *, #1435, .T. ) ;
#332 = CARTESIAN_POINT ( 'NONE',  ( -1.100000000000000089, 1.244999999999991447, 2.495000000000004992 ) ) ;
#333 = ORIENTED_EDGE ( 'NONE', *, *, #1589, .F. ) ;
#334 = DIRECTION ( 'NONE',  ( 1.000000000000000000, 0.0000000000000000000, 0.0000000000000000000 ) ) ;
#335 = EDGE_CURVE ( 'NONE', #202, #1021, #608, .T. ) ;
#336 = FACE_OUTER_BOUND ( 'NONE', #234, .T. ) ;
#337 = EDGE_LOOP ( 'NONE', ( #1199, #1478, #925, #1564 ) ) ;
#338 = ORIENTED_EDGE ( 'NONE', *, *, #428, .F. ) ;
#339 = DIRECTION ( 'NONE',  ( 1.000000000000000000, -0.0000000000000000000, -0.0000000000000000000 ) ) ;
#340 = CARTESIAN_POINT ( 'NONE',  ( -1.100000000000000089, -1.245000000000000329, 0.004999999999995653754 ) ) ;
#341 = LINE ( 'NONE', #620, #591 ) ;
#342 = EDGE_LOOP ( 'NONE', ( #1040, #1011, #499, #179 ) ) ;
#343 = CARTESIAN_POINT ( 'NONE',  ( 1.100000000000000089, 1.247928932188126616, 2.496715728752543662 ) ) ;
#344 = CARTESIAN_POINT ( 'NONE',  ( 1.600000000000000089, 0.4166666666666666852, 1.454783891184639358E-15 ) ) ;
#345 = CARTESIAN_POINT ( 'NONE',  ( 1.100000000000000089, -8.711245940413618353E-15, 2.495000000000000107 ) ) ;
#346 = CARTESIAN_POINT ( 'NONE',  ( 1.600424748106044515, -1.245002543373208814, 0.8349991522037202296 ) ) ;
#347 = EDGE_LOOP ( 'NONE', ( #279, #1805, #669, #1575, #1729 ) ) ;
#348 = ADVANCED_FACE ( 'NONE', ( #443 ), #1073, .T. ) ;
#349 = CARTESIAN_POINT ( 'NONE',  ( -1.100000000000000089, -1.245000000000009432, 2.494999999999996554 ) ) ;
#350 = CARTESIAN_POINT ( 'NONE',  ( -1.594999999999999973, 1.239999999999991775, 2.495000000000004992 ) ) ;
#351 = VECTOR ( 'NONE', #522, 1000.000000000000000 ) ;
#352 = ORIENTED_EDGE ( 'NONE', *, *, #1295, .F. ) ;
#353 = VECTOR ( 'NONE', #631, 1000.000000000000000 ) ;
#354 = DIRECTION ( 'NONE',  ( 1.000000000000000000, 0.0000000000000000000, 0.0000000000000000000 ) ) ;
#355 = COLOUR_RGB ( '',0.7921568627450980005, 0.7882352941176470340, 0.8039215686274510109 ) ;
#356 = CIRCLE ( 'NONE', #1419, 0.004999999999999796274 ) ;
#357 = CARTESIAN_POINT ( 'NONE',  ( -1.600002547828960564, -1.245001271687254052, 0.004998728312741365816 ) ) ;
#358 = CARTESIAN_POINT ( 'NONE',  ( -1.595002548475836113, -1.244952876807843722, 2.499999777935541623 ) ) ;
#359 = CARTESIAN_POINT ( 'NONE',  ( -1.595000000091936210, -1.245000000000002549, 0.004999999999995604315 ) ) ;
#360 = EDGE_CURVE ( 'NONE', #30, #88, #1570, .T. ) ;
#361 = CARTESIAN_POINT ( 'NONE',  ( -1.099999999999999867, -1.245000000000000329, 0.004999999999995676306 ) ) ;
#362 = ORIENTED_EDGE ( 'NONE', *, *, #667, .F. ) ;
#363 = CARTESIAN_POINT ( 'NONE',  ( 1.590000000000000080, 1.239999999999999991, 4.114331149144360965E-15 ) ) ;
#364 = DIRECTION ( 'NONE',  ( -0.0000000000000000000, -1.000000000000000000, -3.491481338843133355E-15 ) ) ;
#365 = ORIENTED_EDGE ( 'NONE', *, *, #572, .F. ) ;
#366 = CARTESIAN_POINT ( 'NONE',  ( -1.600002548475836006, -1.245000000000008544, 2.494999999999996554 ) ) ;
#367 = DIRECTION ( 'NONE',  ( -1.000000000000000000, -0.0000000000000000000, -0.0000000000000000000 ) ) ;
#368 = PLANE ( 'NONE',  #1182 ) ;
#369 = EDGE_LOOP ( 'NONE', ( #684, #1202, #494 ) ) ;
#370 = ADVANCED_FACE ( 'NONE', ( #1019 ), #33, .T. ) ;
#371 = CARTESIAN_POINT ( 'NONE',  ( -1.104999999999999982, -1.247928932188143047, 2.499999999999996003 ) ) ;
#372 = DIRECTION ( 'NONE',  ( -0.0000000000000000000, -3.318008991245452646E-15, 1.000000000000000000 ) ) ;
#373 = EDGE_LOOP ( 'NONE', ( #709, #338, #1687, #399 ) ) ;
#374 = CARTESIAN_POINT ( 'NONE',  ( 1.100000000000000089, -1.245000000000000329, 0.004999999999995653754 ) ) ;
#375 = DIRECTION ( 'NONE',  ( 0.0000000000000000000, 1.000000000000000000, 3.491481338843133355E-15 ) ) ;
#376 = VERTEX_POINT ( 'NONE', #856 ) ;
#377 = B_SPLINE_CURVE_WITH_KNOTS ( 'NONE', 3,
 ( #668, #1229, #1222, #939 ),
 .UNSPECIFIED., .F., .F.,
 ( 4, 4 ),
 ( 0.0000000000000000000, 1.000000000000000000 ),
 .UNSPECIFIED. ) ;
#378 = CARTESIAN_POINT ( 'NONE',  ( 1.099999999999999867, -1.246715728752546992, 2.497928932188131057 ) ) ;
#379 = CARTESIAN_POINT ( 'NONE',  ( 1.595000000061290946, -1.245000000000004770, 2.494999999999996554 ) ) ;
#380 = ADVANCED_FACE ( 'NONE', ( #1577 ), #1315, .T. ) ;
#381 = ORIENTED_EDGE ( 'NONE', *, *, #1402, .T. ) ;
#382 = CIRCLE ( 'NONE', #1418, 0.005000000000000013115 ) ;
#383 = AXIS2_PLACEMENT_3D ( 'NONE', #1143, #1449, #1739 ) ;
#384 = ORIENTED_EDGE ( 'NONE', *, *, #721, .T. ) ;
#385 = CARTESIAN_POINT ( 'NONE',  ( -1.595424748448150298, -1.250000000000003775, 0.8349998929829359762 ) ) ;
#386 = DIRECTION ( 'NONE',  ( 0.0000000000000000000, 1.000000000000000000, 3.491481338843133355E-15 ) ) ;
#387 = ORIENTED_EDGE ( 'NONE', *, *, #1311, .T. ) ;
#388 = CARTESIAN_POINT ( 'NONE',  ( 1.600002547878311088, -1.245001525560375688, 2.495001174668120658 ) ) ;
#389 = SHAPE_DEFINITION_REPRESENTATION ( #796, #961 ) ;
#390 = EDGE_CURVE ( 'NONE', #596, #1746, #863, .T. ) ;
#391 = EDGE_LOOP ( 'NONE', ( #531, #1101, #362 ) ) ;
#392 = EDGE_CURVE ( 'NONE', #747, #1302, #82, .T. ) ;
#393 = DIRECTION ( 'NONE',  ( 0.0000000000000000000, -3.664953686440814065E-15, 1.000000000000000000 ) ) ;
#394 = CARTESIAN_POINT ( 'NONE',  ( -1.104999999999999982, 1.247928932188135054, 4.476536369808360272E-15 ) ) ;
#395 = CARTESIAN_POINT ( 'NONE',  ( 1.600002547182086232, -1.245002543373215254, 2.495002543373204595 ) ) ;
#396 = CARTESIAN_POINT ( 'NONE',  ( 1.100000000000000089, -1.245000000000009210, 2.494999999999996554 ) ) ;
#397 = DIRECTION ( 'NONE',  ( 0.0000000000000000000, -3.491481338843133355E-15, 1.000000000000000000 ) ) ;
#398 = DIRECTION ( 'NONE',  ( 0.0000000000000000000, 0.0000000000000000000, 1.000000000000000000 ) ) ;
#399 = ORIENTED_EDGE ( 'NONE', *, *, #881, .F. ) ;
#400 = DIRECTION ( 'NONE',  ( 0.0000000000000000000, 3.318008991245452646E-15, -1.000000000000000000 ) ) ;
#401 = CARTESIAN_POINT ( 'NONE',  ( -1.590000000000000080, 1.245000000000000107, 0.005000000000004231095 ) ) ;
#402 = CARTESIAN_POINT ( 'NONE',  ( 1.102071067811865701, 1.245000000000000107, 4.336808689942017736E-15 ) ) ;
#403 = ADVANCED_FACE ( 'NONE', ( #1342 ), #1192, .T. ) ;
#404 = ORIENTED_EDGE ( 'NONE', *, *, #1491, .T. ) ;
#405 = CARTESIAN_POINT ( 'NONE',  ( 1.595002548475836557, -1.250000000000000666, 0.004999999999995907891 ) ) ;
#406 = PRESENTATION_STYLE_ASSIGNMENT (( #1668 ) ) ;
#407 = CARTESIAN_POINT ( 'NONE',  ( 1.099999999999999867, -1.245000000000000329, 0.004999999999995652887 ) ) ;
#408 = AXIS2_PLACEMENT_3D ( 'NONE', #259, #1804, #398 ) ;
#409 = LINE ( 'NONE', #963, #122 ) ;
#410 = EDGE_LOOP ( 'NONE', ( #303, #952, #112, #915 ) ) ;
#411 = CIRCLE ( 'NONE', #1447, 0.005000000000000013115 ) ;
#412 = CARTESIAN_POINT ( 'NONE',  ( -1.595002548475836335, -1.250000000000009104, 2.499999999999995559 ) ) ;
#413 = VECTOR ( 'NONE', #1574, 1000.000000000000000 ) ;
#414 = CARTESIAN_POINT ( 'NONE',  ( -1.104999999999999982, 1.249999999999991562, 2.497928932188139495 ) ) ;
#415 = CARTESIAN_POINT ( 'NONE',  ( 1.104999999999999982, 1.250000000000000222, 0.005000000000004133083 ) ) ;
#416 = VERTEX_POINT ( 'NONE', #359 ) ;
#417 = AXIS2_PLACEMENT_3D ( 'NONE', #1621, #924, #628 ) ;
#418 = EDGE_CURVE ( 'NONE', #1302, #598, #1087, .T. ) ;
#419 = CARTESIAN_POINT ( 'NONE',  ( 1.600002548475836006, -1.245000000000009210, 2.494999999999996554 ) ) ;
#420 = DIRECTION ( 'NONE',  ( 0.0000000000000000000, 0.0000000000000000000, -1.000000000000000000 ) ) ;
#421 = CARTESIAN_POINT ( 'NONE',  ( 1.595002548475836113, -1.247925641191817592, -2.779640939642658967E-05 ) ) ;
#422 = ORIENTED_EDGE ( 'NONE', *, *, #1521, .T. ) ;
#423 = CARTESIAN_POINT ( 'NONE',  ( -1.102071067811865701, 1.244999999999991447, 2.500000000000004885 ) ) ;
#424 = CARTESIAN_POINT ( 'NONE',  ( 1.104999999999999982, 1.249999999999991784, 2.495000000000004547 ) ) ;
#425 = ORIENTED_EDGE ( 'NONE', *, *, #246, .T. ) ;
#426 = CARTESIAN_POINT ( 'NONE',  ( -1.600000000000000089, 1.249999999999997335, 0.8333333333333377002 ) ) ;
#427 = CARTESIAN_POINT ( 'NONE',  ( 1.600427917627919916, -0.4083449570173415810, 2.495427494352266962 ) ) ;
#428 = EDGE_CURVE ( 'NONE', #2, #1034, #1748, .T. ) ;
#429 = CARTESIAN_POINT ( 'NONE',  ( 1.600002548475836006, -1.245000000000000107, 0.004999999999995654622 ) ) ;
#430 = ORIENTED_EDGE ( 'NONE', *, *, #87, .T. ) ;
#431 = CARTESIAN_POINT ( 'NONE',  ( -1.599999988871320111, 1.249999999990609068, 0.004999583553259404588 ) ) ;
#432 = CARTESIAN_POINT ( 'NONE',  ( 1.100000000000000089, 1.245000000000000329, 0.005000000000004244105 ) ) ;
#433 = CARTESIAN_POINT ( 'NONE',  ( 1.597931480663970394, -1.249999777935553613, 2.494952876807829956 ) ) ;
#434 = CARTESIAN_POINT ( 'NONE',  ( 1.104999999999999982, -1.250000000000009104, 2.499999999999995559 ) ) ;
#435 = ADVANCED_FACE ( 'NONE', ( #71 ), #926, .T. ) ;
#436 = VECTOR ( 'NONE', #1604, 1000.000000000000000 ) ;
#437 = AXIS2_PLACEMENT_3D ( 'NONE', #639, #1200, #1757 ) ;
#438 = CARTESIAN_POINT ( 'NONE',  ( 1.671111111111111658, 0.4166666666666610785, 1.666666666666668295 ) ) ;
#439 = AXIS2_PLACEMENT_3D ( 'NONE', #651, #554, #274 ) ;
#440 = ORIENTED_EDGE ( 'NONE', *, *, #903, .T. ) ;
#441 = CARTESIAN_POINT ( 'NONE',  ( -1.595420507917076014, 0.4283117208532534192, 1.491026831717586130E-15 ) ) ;
#442 = AXIS2_PLACEMENT_3D ( 'NONE', #1724, #1041, #192 ) ;
#443 = FACE_OUTER_BOUND ( 'NONE', #369, .T. ) ;
#444 = CARTESIAN_POINT ( 'NONE',  ( -1.104999999999999982, -1.245000000000009432, 2.494999999999996110 ) ) ;
#445 = CARTESIAN_POINT ( 'NONE',  ( 1.102071067811865479, -1.245000000000000551, -4.323923850361747510E-15 ) ) ;
#446 = EDGE_LOOP ( 'NONE', ( #751, #1634, #536, #181 ) ) ;
#447 = EDGE_CURVE ( 'NONE', #1771, #20, #1651, .T. ) ;
#448 =( NAMED_UNIT ( * ) PLANE_ANGLE_UNIT ( ) SI_UNIT ( $, .RADIAN. ) );
#449 = EDGE_LOOP ( 'NONE', ( #594, #1395, #1471, #940 ) ) ;
#450 = EDGE_CURVE ( 'NONE', #1581, #77, #779, .T. ) ;
#451 = CARTESIAN_POINT ( 'NONE',  ( 1.600001348529592526, -1.245002542763491649, 2.497358966117226409 ) ) ;
#452 = DIRECTION ( 'NONE',  ( 0.0000000000000000000, -1.000000000000000000, -3.318008991245452646E-15 ) ) ;
#453 = CARTESIAN_POINT ( 'NONE',  ( 1.597358971219861479, -1.250000000000000888, 0.004998801347191878311 ) ) ;
#454 = ORIENTED_EDGE ( 'NONE', *, *, #275, .F. ) ;
#455 = DIRECTION ( 'NONE',  ( 1.000000000000000000, 0.0000000000000000000, 0.0000000000000000000 ) ) ;
#456 = CARTESIAN_POINT ( 'NONE',  ( 1.100000000000000089, -1.245000000000009432, 2.494999999999996554 ) ) ;
#457 = ORIENTED_EDGE ( 'NONE', *, *, #142, .F. ) ;
#458 = ORIENTED_EDGE ( 'NONE', *, *, #201, .T. ) ;
#459 = DIRECTION ( 'NONE',  ( 0.0000000000000000000, 1.000000000000000000, 0.0000000000000000000 ) ) ;
#460 = DIRECTION ( 'NONE',  ( 1.000000000000000000, -0.0000000000000000000, 0.0000000000000000000 ) ) ;
#461 = ADVANCED_FACE ( 'NONE', ( #901 ), #228, .F. ) ;
#462 = CARTESIAN_POINT ( 'NONE',  ( -1.104999999999999982, -1.250000000000000000, -4.364351673553916694E-15 ) ) ;
#463 = ORIENTED_EDGE ( 'NONE', *, *, #1481, .F. ) ;
#464 = CARTESIAN_POINT ( 'NONE',  ( 1.600425595466079542, -0.4133350289258793109, 0.004997456626788516001 ) ) ;
#465 = LINE ( 'NONE', #328, #1356 ) ;
#466 = ORIENTED_EDGE ( 'NONE', *, *, #1046, .F. ) ;
#467 = FILL_AREA_STYLE_COLOUR ( '', #39 ) ;
#468 = VERTEX_POINT ( 'NONE', #666 ) ;
#469 = AXIS2_PLACEMENT_3D ( 'NONE', #994, #1014, #1278 ) ;
#470 = CARTESIAN_POINT ( 'NONE',  ( 1.600002547878311088, -1.245001525560375688, 2.495001174668120658 ) ) ;
#471 = CARTESIAN_POINT ( 'NONE',  ( -1.595002548475836113, -1.247925641191817592, -2.779640939632409868E-05 ) ) ;
#472 = CIRCLE ( 'NONE', #792, 0.004999999999999796274 ) ;
#473 = EDGE_CURVE ( 'NONE', #1718, #724, #1228, .T. ) ;
#474 = CARTESIAN_POINT ( 'NONE',  ( 1.599992339040356315, 1.264969987339727320, 0.005007633918282093644 ) ) ;
#475 = CIRCLE ( 'NONE', #1507, 0.005000000000000013115 ) ;
#476 = VECTOR ( 'NONE', #1774, 1000.000000000000000 ) ;
#477 = FACE_OUTER_BOUND ( 'NONE', #1121, .T. ) ;
#478 = EDGE_LOOP ( 'NONE', ( #190, #272, #947, #184 ) ) ;
#479 =( NAMED_UNIT ( * ) PLANE_ANGLE_UNIT ( ) SI_UNIT ( $, .RADIAN. ) );
#480 = ORIENTED_EDGE ( 'NONE', *, *, #1777, .F. ) ;
#481 = CARTESIAN_POINT ( 'NONE',  ( -1.594992345522761923, 1.264967428570128227, 4.412194622247650466E-15 ) ) ;
#482 = CARTESIAN_POINT ( 'NONE',  ( -1.600002548475836006, -1.245000000000000107, 0.004999999999995652887 ) ) ;
#483 = CARTESIAN_POINT ( 'NONE',  ( 1.595002548475836113, -1.250000000000000444, 0.004999999999995666765 ) ) ;
#484 = CARTESIAN_POINT ( 'NONE',  ( 1.102071067811865701, 1.247928932188125950, 2.500000000000004885 ) ) ;
#485 = EDGE_CURVE ( 'NONE', #1038, #1235, #515, .T. ) ;
#486 = CARTESIAN_POINT ( 'NONE',  ( -1.594999999999999973, -1.250000000000009104, 2.494999999999996554 ) ) ;
#487 = LINE ( 'NONE', #1763, #934 ) ;
#488 = CARTESIAN_POINT ( 'NONE',  ( -1.600002547875937875, -1.245001526265462566, 2.495001179296219007 ) ) ;
#489 = CARTESIAN_POINT ( 'NONE',  ( -1.594999999999999973, 1.239999999999999991, 4.114331149144360965E-15 ) ) ;
#490 = DIRECTION ( 'NONE',  ( 0.0000000000000000000, 1.000000000000000000, 3.491481338843133355E-15 ) ) ;
#491 = ORIENTED_EDGE ( 'NONE', *, *, #134, .T. ) ;
#492 = CARTESIAN_POINT ( 'NONE',  ( 1.594992345522761923, 1.264967428570124897, 4.415582754036667668E-15 ) ) ;
#493 = CARTESIAN_POINT ( 'NONE',  ( -1.600425380629916461, -0.4133349572566781260, 0.004575040144798303392 ) ) ;
#494 = ORIENTED_EDGE ( 'NONE', *, *, #1545, .F. ) ;
#495 = EDGE_CURVE ( 'NONE', #1666, #468, #1613, .T. ) ;
#496 =( BOUNDED_SURFACE ( )  B_SPLINE_SURFACE ( 3, 3, ( 
 ( #703, #421, #1234, #1546 ),
 ( #943, #975, #1109, #1403 ),
 ( #1092, #545, #1271, #1694 ),
 ( #278, #429, #1410, #292 ) ),
 .UNSPECIFIED., .F., .F., .T. ) 
 B_SPLINE_SURFACE_WITH_KNOTS ( ( 4, 4 ),
 ( 4, 4 ),
 ( 0.0000000000000000000, 1.000000000000000000 ),
 ( 0.0000000000000000000, 1.000000000000000000 ),
 .UNSPECIFIED. ) 
 GEOMETRIC_REPRESENTATION_ITEM ( )  RATIONAL_B_SPLINE_SURFACE ( (
 ( 1.000000000000000000, 0.8002741005225383342, 0.8002741005225383342, 1.000000000000000000),
 ( 0.8047378541243761507, 0.6440108623658228337, 0.6440108623658228337, 0.8047378541243761507),
 ( 0.8047378541243761507, 0.6440108623658228337, 0.6440108623658228337, 0.8047378541243761507),
 ( 1.000000000000000000, 0.8002741005225383342, 0.8002741005225383342, 1.000000000000000000) ) ) 
 REPRESENTATION_ITEM ( '' )  SURFACE ( )  );
#497 = FACE_OUTER_BOUND ( 'NONE', #239, .T. ) ;
#498 = DIRECTION ( 'NONE',  ( 0.0000000000000000000, 1.000000000000000000, 3.491481338843133355E-15 ) ) ;
#499 = ORIENTED_EDGE ( 'NONE', *, *, #1391, .T. ) ;
#500 = PRESENTATION_LAYER_ASSIGNMENT (  '', '', ( #1210 ) ) ;
#501 = VECTOR ( 'NONE', #1652, 1000.000000000000000 ) ;
#502 = CARTESIAN_POINT ( 'NONE',  ( -1.102071067811865701, -1.250000000000009104, 2.494999999999996554 ) ) ;
#503 = LINE ( 'NONE', #1206, #273 ) ;
#504 = EDGE_CURVE ( 'NONE', #1093, #20, #242, .T. ) ;
#505 = ORIENTED_EDGE ( 'NONE', *, *, #1102, .F. ) ;
#506 = CARTESIAN_POINT ( 'NONE',  ( -1.600002548475836006, -1.246713800931538163, 2.497945214947767667 ) ) ;
#507 = CARTESIAN_POINT ( 'NONE',  ( -1.600421153772149774, 0.4283124476795310276, 2.495419014491649712 ) ) ;
#508 = CARTESIAN_POINT ( 'NONE',  ( -1.100000000000000089, -1.247928932188134832, 0.003284271247457538900 ) ) ;
#509 = ADVANCED_FACE ( 'NONE', ( #1489 ), #771, .T. ) ;
#510 = ORIENTED_EDGE ( 'NONE', *, *, #447, .F. ) ;
#511 =( LENGTH_UNIT ( ) NAMED_UNIT ( * ) SI_UNIT ( .MILLI., .METRE. ) );
#512 = DIRECTION ( 'NONE',  ( -0.0000000000000000000, -1.000000000000000000, -3.491481338843133355E-15 ) ) ;
#513 = LINE ( 'NONE', #655, #1365 ) ;
#514 = FACE_OUTER_BOUND ( 'NONE', #547, .T. ) ;
#515 = LINE ( 'NONE', #489, #353 ) ;
#516 = CARTESIAN_POINT ( 'NONE',  ( -1.100000000000000089, -1.245000000000009432, 2.494999999999996554 ) ) ;
#517 = ORIENTED_EDGE ( 'NONE', *, *, #360, .F. ) ;
#518 = ADVANCED_FACE ( 'NONE', ( #497 ), #1129, .T. ) ;
#519 = CARTESIAN_POINT ( 'NONE',  ( -1.598334189936774008, 1.248333336856979114, 4.291972956323488202E-08 ) ) ;
#520 = ORIENTED_EDGE ( 'NONE', *, *, #1186, .T. ) ;
#521 = FACE_OUTER_BOUND ( 'NONE', #147, .T. ) ;
#522 = DIRECTION ( 'NONE',  ( -1.000000000000000000, -0.0000000000000000000, -0.0000000000000000000 ) ) ;
#523 = PLANE ( 'NONE',  #1799 ) ;
#524 = AXIS2_PLACEMENT_3D ( 'NONE', #852, #595, #1428 ) ;
#525 = EDGE_CURVE ( 'NONE', #1114, #2, #127, .T. ) ;
#526 = CIRCLE ( 'NONE', #64, 0.005000000000000013115 ) ;
#527 = DIRECTION ( 'NONE',  ( 1.000000000000000000, 0.0000000000000000000, 0.0000000000000000000 ) ) ;
#528 = VECTOR ( 'NONE', #954, 1000.000000000000000 ) ;
#529 = EDGE_CURVE ( 'NONE', #629, #80, #567, .T. ) ;
#530 = CIRCLE ( 'NONE', #326, 0.005000000000000229955 ) ;
#531 = ORIENTED_EDGE ( 'NONE', *, *, #1743, .T. ) ;
#532 = CYLINDRICAL_SURFACE ( 'NONE', #216, 0.005000000000000013115 ) ;
#533 = STYLED_ITEM ( 'NONE', ( #996 ), #1683 ) ;
#534 = CARTESIAN_POINT ( 'NONE',  ( 1.104999999999999982, -1.245000000000000329, -4.353074664951979966E-15 ) ) ;
#535 = CARTESIAN_POINT ( 'NONE',  ( -1.100000000000000089, -1.245000000000009432, 2.499999999999995559 ) ) ;
#536 = ORIENTED_EDGE ( 'NONE', *, *, #223, .F. ) ;
#537 = CARTESIAN_POINT ( 'NONE',  ( -1.595002548475836113, -1.250000000000009104, 2.499999999999995559 ) ) ;
#538 = CARTESIAN_POINT ( 'NONE',  ( 1.104999999999999982, -1.245000000000009210, 2.499999999999996003 ) ) ;
#539 = DIRECTION ( 'NONE',  ( 0.0000000000000000000, 3.491481338843132961E-15, -1.000000000000000000 ) ) ;
#540 = EDGE_CURVE ( 'NONE', #596, #1330, #262, .T. ) ;
#541 = ORIENTED_EDGE ( 'NONE', *, *, #1734, .F. ) ;
#542 = CARTESIAN_POINT ( 'NONE',  ( 1.102071067811865701, 1.250000000000000222, 0.005000000000004131348 ) ) ;
#543 = DIRECTION ( 'NONE',  ( -0.0000000000000000000, 1.000000000000000000, 3.317312315150682921E-15 ) ) ;
#544 = DIRECTION ( 'NONE',  ( 0.0000000000000000000, 3.318008991245452646E-15, -1.000000000000000000 ) ) ;
#545 = CARTESIAN_POINT ( 'NONE',  ( 1.600002548475836006, -1.246713800931529281, 0.002054785052224561859 ) ) ;
#546 =( LENGTH_UNIT ( ) NAMED_UNIT ( * ) SI_UNIT ( .MILLI., .METRE. ) );
#547 = EDGE_LOOP ( 'NONE', ( #1216, #1662, #977, #745 ) ) ;
#548 = ADVANCED_FACE ( 'NONE', ( #804 ), #1500, .T. ) ;
#549 = CYLINDRICAL_SURFACE ( 'NONE', #1796, 0.005000000000000229955 ) ;
#550 = CARTESIAN_POINT ( 'NONE',  ( -1.102071067811865479, 1.247928932188126616, 2.500000000000004885 ) ) ;
#551 = DIRECTION ( 'NONE',  ( 0.0000000000000000000, 1.000000000000000000, 3.491481338843133355E-15 ) ) ;
#552 = ORIENTED_EDGE ( 'NONE', *, *, #826, .T. ) ;
#553 = CARTESIAN_POINT ( 'NONE',  ( 1.600000816326138553, -1.249999999999913847, 0.8019079017734259685 ) ) ;
#554 = DIRECTION ( 'NONE',  ( 0.0000000000000000000, 3.318008991245452646E-15, -1.000000000000000000 ) ) ;
#555 = B_SPLINE_CURVE_WITH_KNOTS ( 'NONE', 3,
 ( #1463, #196, #53, #206 ),
 .UNSPECIFIED., .F., .F.,
 ( 4, 4 ),
 ( 0.0000000000000000000, 1.000000000000000000 ),
 .UNSPECIFIED. ) ;
#556 = CARTESIAN_POINT ( 'NONE',  ( 1.100000000000000089, -1.246715728752538555, 0.002071067811861139734 ) ) ;
#557 = VECTOR ( 'NONE', #1083, 1000.000000000000000 ) ;
#558 = ORIENTED_EDGE ( 'NONE', *, *, #1138, .T. ) ;
#559 = AXIS2_PLACEMENT_3D ( 'NONE', #1786, #1758, #375 ) ;
#560 = VERTEX_POINT ( 'NONE', #1397 ) ;
#561 = STYLED_ITEM ( 'NONE', ( #951 ), #961 ) ;
#562 = DIRECTION ( 'NONE',  ( 0.0000000000000000000, 0.0000000000000000000, 1.000000000000000000 ) ) ;
#563 = EDGE_CURVE ( 'NONE', #640, #1499, #1488, .T. ) ;
#564 = CARTESIAN_POINT ( 'NONE',  ( -500000.0000000000582, 1.239999999999999991, 0.005000000000004329107 ) ) ;
#565 = ORIENTED_EDGE ( 'NONE', *, *, #903, .F. ) ;
#566 = CARTESIAN_POINT ( 'NONE',  ( -1.600424533697435647, -1.245424113758131890, 1.665000781697230758 ) ) ;
#567 = LINE ( 'NONE', #812, #1179 ) ;
#568 = FACE_OUTER_BOUND ( 'NONE', #342, .T. ) ;
#569 = ORIENTED_EDGE ( 'NONE', *, *, #844, .T. ) ;
#570 = CARTESIAN_POINT ( 'NONE',  ( 1.600002548475835784, -1.245000000000008988, 2.494999999999995666 ) ) ;
#571 = CARTESIAN_POINT ( 'NONE',  ( -1.671111111111111658, -0.4166666666666696273, 0.8333333333333322601 ) ) ;
#572 = EDGE_CURVE ( 'NONE', #1581, #853, #1797, .T. ) ;
#573 = CARTESIAN_POINT ( 'NONE',  ( 1.100000000000000089, -1.245000000000000329, 0.004999999999995676306 ) ) ;
#574 =( BOUNDED_SURFACE ( )  B_SPLINE_SURFACE ( 3, 2, ( 
 ( #1544, #1409, #701 ),
 ( #1417, #63, #611 ),
 ( #1607, #1158, #1591 ),
 ( #492, #741, #474 ) ),
 .UNSPECIFIED., .F., .F., .T. ) 
 B_SPLINE_SURFACE_WITH_KNOTS ( ( 4, 4 ),
 ( 3, 3 ),
 ( 0.002520555514335981202, 0.005030523048898123684 ),
 ( 0.0000000000000000000, 1.000000000000000000 ),
 .UNSPECIFIED. ) 
 GEOMETRIC_REPRESENTATION_ITEM ( )  RATIONAL_B_SPLINE_SURFACE ( (
 ( 1.000000000000000000, 0.7072866019659991288, 1.000000000000000000),
 ( 1.000000000000000000, 0.7368833512202820346, 1.000000000000000000),
 ( 1.000000000000000000, 0.7366697431883875158, 1.000000000000000000),
 ( 1.000000000000000000, 0.7065667754517135357, 1.000000000000000000) ) ) 
 REPRESENTATION_ITEM ( '' )  SURFACE ( )  );
#575 = EDGE_LOOP ( 'NONE', ( #785, #199, #1005 ) ) ;
#576 = SURFACE_STYLE_USAGE ( .BOTH. , #1721 ) ;
#577 = CARTESIAN_POINT ( 'NONE',  ( 1.600000000000000089, 1.249999999999997335, 0.8333333333333377002 ) ) ;
#578 = CARTESIAN_POINT ( 'NONE',  ( -1.600421153774259198, 0.4283124435727632684, 0.004580985506133005390 ) ) ;
#579 = DIRECTION ( 'NONE',  ( -1.000000000000000000, 0.0000000000000000000, 0.0000000000000000000 ) ) ;
#580 = CARTESIAN_POINT ( 'NONE',  ( -1.671111111111111658, 0.4166666666666638541, 0.8333333333333350357 ) ) ;
#581 = CARTESIAN_POINT ( 'NONE',  ( -1.597358971219861479, -1.250000000000000888, 0.004998801347191589479 ) ) ;
#582 = EDGE_CURVE ( 'NONE', #1142, #602, #1112, .T. ) ;
#583 = CYLINDRICAL_SURFACE ( 'NONE', #1646, 0.004999999999999796274 ) ;
#584 = VECTOR ( 'NONE', #460, 1000.000000000000000 ) ;
#585 = EDGE_CURVE ( 'NONE', #717, #1746, #145, .T. ) ;
#586 = ORIENTED_EDGE ( 'NONE', *, *, #676, .T. ) ;
#587 = VECTOR ( 'NONE', #527, 1000.000000000000000 ) ;
#588 = CARTESIAN_POINT ( 'NONE',  ( 1.104999999999999982, 1.245000000000000329, 0.005000000000004143491 ) ) ;
#589 = AXIS2_PLACEMENT_3D ( 'NONE', #444, #972, #720 ) ;
#590 = CARTESIAN_POINT ( 'NONE',  ( -1.104999999999999982, -1.245000000000009432, 2.494999999999996554 ) ) ;
#591 = VECTOR ( 'NONE', #61, 1000.000000000000000 ) ;
#592 = CARTESIAN_POINT ( 'NONE',  ( -1.600002548475836006, -1.247945214947770998, 0.003286199068466715001 ) ) ;
#593 = CARTESIAN_POINT ( 'NONE',  ( 1.600002547826966381, -1.245001271740198368, 0.004998724425976487119 ) ) ;
#594 = ORIENTED_EDGE ( 'NONE', *, *, #826, .F. ) ;
#595 = DIRECTION ( 'NONE',  ( -1.000000000000000000, -0.0000000000000000000, -0.0000000000000000000 ) ) ;
#596 = VERTEX_POINT ( 'NONE', #116 ) ;
#597 = LINE ( 'NONE', #1712, #793 ) ;
#598 = VERTEX_POINT ( 'NONE', #534 ) ;
#599 = CARTESIAN_POINT ( 'NONE',  ( -1.600002547182086454, -1.245002543373207038, 0.004997456626789560305 ) ) ;
#600 = DIRECTION ( 'NONE',  ( 0.0000000000000000000, -3.122502256758252770E-15, 1.000000000000000000 ) ) ;
#601 = CARTESIAN_POINT ( 'NONE',  ( -1.100000000000000089, -1.250000000000009104, 2.499999999999995559 ) ) ;
#602 = VERTEX_POINT ( 'NONE', #401 ) ;
#603 = CARTESIAN_POINT ( 'NONE',  ( 1.104999999999999982, 1.244999999999991447, 2.500000000000004441 ) ) ;
#604 = CARTESIAN_POINT ( 'NONE',  ( 1.595002548475836113, -1.249999777935553613, 2.494952876807830400 ) ) ;
#605 = ORIENTED_EDGE ( 'NONE', *, *, #6, .T. ) ;
#606 = DIRECTION ( 'NONE',  ( 0.0000000000000000000, 1.000000000000000000, 3.388131789017192284E-15 ) ) ;
#607 = EDGE_CURVE ( 'NONE', #139, #227, #526, .T. ) ;
#608 = LINE ( 'NONE', #1304, #1177 ) ;
#609 = CARTESIAN_POINT ( 'NONE',  ( 1.595002548475836113, -1.250000000000009104, 2.499999999999995559 ) ) ;
#610 = ORIENTED_EDGE ( 'NONE', *, *, #1197, .T. ) ;
#611 = CARTESIAN_POINT ( 'NONE',  ( 1.600427917625778740, -0.4083449612298170051, 0.004572505650726386116 ) ) ;
#612 = CARTESIAN_POINT ( 'NONE',  ( -1.100000000000000089, -1.245000000000009210, 2.494999999999996554 ) ) ;
#613 = ORIENTED_EDGE ( 'NONE', *, *, #1701, .F. ) ;
#614 = DIRECTION ( 'NONE',  ( -1.000000000000000000, 0.0000000000000000000, 0.0000000000000000000 ) ) ;
#615 = ORIENTED_EDGE ( 'NONE', *, *, #1245, .T. ) ;
#616 = CIRCLE ( 'NONE', #1673, 0.005000000000000229955 ) ;
#617 = DIRECTION ( 'NONE',  ( -0.0000000000000000000, -1.000000000000000000, -3.491481338843133355E-15 ) ) ;
#618 = AXIS2_PLACEMENT_3D ( 'NONE', #896, #1188, #776 ) ;
#619 = DIRECTION ( 'NONE',  ( -0.0000000000000000000, -3.318008991245452646E-15, 1.000000000000000000 ) ) ;
#620 = CARTESIAN_POINT ( 'NONE',  ( -1.590000000000000080, 1.244999999999991669, 2.500000000000004441 ) ) ;
#621 = EDGE_LOOP ( 'NONE', ( #463, #894, #988 ) ) ;
#622 = VECTOR ( 'NONE', #1137, 1000.000000000000000 ) ;
#623 = ADVANCED_FACE ( 'NONE', ( #66 ), #1107, .T. ) ;
#624 = CARTESIAN_POINT ( 'NONE',  ( -1.104999999999999982, -1.245000000000000329, 0.004999999999995653754 ) ) ;
#625 = VECTOR ( 'NONE', #1496, 1000.000000000000000 ) ;
#626 = PRODUCT_DEFINITION_FORMATION_WITH_SPECIFIED_SOURCE ( 'ANY', '', #908, .NOT_KNOWN. ) ;
#627 = CARTESIAN_POINT ( 'NONE',  ( 1.600000000000000089, 1.249999999999991784, 2.500000000000004441 ) ) ;
#628 = DIRECTION ( 'NONE',  ( 1.000000000000000000, 0.0000000000000000000, 0.0000000000000000000 ) ) ;
#629 = VERTEX_POINT ( 'NONE', #1196 ) ;
#630 = CARTESIAN_POINT ( 'NONE',  ( -1.597931480663970838, -1.244952876807843722, 2.499999777935542067 ) ) ;
#631 = DIRECTION ( 'NONE',  ( -0.0000000000000000000, -3.318008991245452646E-15, 1.000000000000000000 ) ) ;
#632 = DIRECTION ( 'NONE',  ( 0.0000000000000000000, -1.000000000000000000, -3.726944967918912026E-15 ) ) ;
#633 = EDGE_LOOP ( 'NONE', ( #287, #1327, #28, #552 ) ) ;
#634 = FACE_OUTER_BOUND ( 'NONE', #1306, .T. ) ;
#635 = ADVANCED_FACE ( 'NONE', ( #998 ), #225, .F. ) ;
#636 = DIRECTION ( 'NONE',  ( 0.0000000000000000000, -1.000000000000000000, -3.726944967918912026E-15 ) ) ;
#637 = CARTESIAN_POINT ( 'NONE',  ( -1.600002547875937875, -1.245001526265462566, 2.495001179296219007 ) ) ;
#638 = CARTESIAN_POINT ( 'NONE',  ( 1.100000000000000089, -1.245000000000000329, -4.562867339618813353E-15 ) ) ;
#639 = CARTESIAN_POINT ( 'NONE',  ( -1.104999999999999982, -1.245000000000000329, -4.562867339618813353E-15 ) ) ;
#640 = VERTEX_POINT ( 'NONE', #643 ) ;
#641 = SURFACE_STYLE_FILL_AREA ( #104 ) ;
#642 = ADVANCED_FACE ( 'NONE', ( #336 ), #1599, .F. ) ;
#643 = CARTESIAN_POINT ( 'NONE',  ( 1.600002547878311088, -1.245001525560375688, 2.495001174668120658 ) ) ;
#644 = CARTESIAN_POINT ( 'NONE',  ( -1.597358971219861257, -1.245001198652814001, 2.499999999999994671 ) ) ;
#645 = EDGE_CURVE ( 'NONE', #724, #1142, #54, .T. ) ;
#646 = CARTESIAN_POINT ( 'NONE',  ( -1.594992345522817434, 1.264967428462071108, 2.500000000000003997 ) ) ;
#647 = CARTESIAN_POINT ( 'NONE',  ( -1.100000000000000089, -1.245000000000000329, 0.002071067811861134964 ) ) ;
#648 = CIRCLE ( 'NONE', #267, 0.005000000000000013115 ) ;
#649 = ORIENTED_EDGE ( 'NONE', *, *, #1082, .F. ) ;
#650 = VECTOR ( 'NONE', #687, 1000.000000000000000 ) ;
#651 = CARTESIAN_POINT ( 'NONE',  ( -1.590000000000000080, 1.239999999999991775, 2.495000000000004547 ) ) ;
#652 = VECTOR ( 'NONE', #927, 1000.000000000000000 ) ;
#653 = FACE_OUTER_BOUND ( 'NONE', #1312, .T. ) ;
#654 = AXIS2_PLACEMENT_3D ( 'NONE', #191, #614, #1171 ) ;
#655 = CARTESIAN_POINT ( 'NONE',  ( 1.595000000122581696, -1.245000000000009432, 2.494999999999996554 ) ) ;
#656 = ORIENTED_EDGE ( 'NONE', *, *, #1491, .F. ) ;
#657 = ADVANCED_FACE ( 'NONE', ( #1454 ), #1751, .T. ) ;
#658 = CARTESIAN_POINT ( 'NONE',  ( 1.100000000000000089, 1.249999999999991784, 2.495000000000004547 ) ) ;
#659 = DIRECTION ( 'NONE',  ( 0.0000000000000000000, -1.000000000000000000, -3.491481338843133355E-15 ) ) ;
#660 = CARTESIAN_POINT ( 'NONE',  ( -1.104999999999999982, -8.711245940413618353E-15, 2.495000000000000107 ) ) ;
#661 = SURFACE_STYLE_USAGE ( .BOTH. , #1760 ) ;
#662 = CARTESIAN_POINT ( 'NONE',  ( 1.595002548475836335, -1.250000000000000000, -4.364351673553916694E-15 ) ) ;
#663 = CARTESIAN_POINT ( 'NONE',  ( 1.100000000000000089, -1.245000000000000329, 0.004999999999995652887 ) ) ;
#664 = ORIENTED_EDGE ( 'NONE', *, *, #99, .T. ) ;
#665 = CARTESIAN_POINT ( 'NONE',  ( -1.600002548475836228, -1.244972395873140236, 2.497928802105784829 ) ) ;
#666 = CARTESIAN_POINT ( 'NONE',  ( 1.595000000035092791, 1.239999999999997993, 0.005000000000004329974 ) ) ;
#667 = EDGE_CURVE ( 'NONE', #1282, #717, #1358, .T. ) ;
#668 = CARTESIAN_POINT ( 'NONE',  ( 1.600002547826966381, -1.245001271740198368, 0.004998724425976487119 ) ) ;
#669 = ORIENTED_EDGE ( 'NONE', *, *, #450, .T. ) ;
#670 = CARTESIAN_POINT ( 'NONE',  ( 1.104999999999999982, -1.250000000000009326, 2.497928932188130169 ) ) ;
#671 = CARTESIAN_POINT ( 'NONE',  ( 1.599992339040412048, 1.264969987231669979, 2.494992366081781654 ) ) ;
#672 = CARTESIAN_POINT ( 'NONE',  ( 1.100000000000000089, 1.244999999999991447, 2.495000000000004547 ) ) ;
#673 = LINE ( 'NONE', #91, #652 ) ;
#674 = LINE ( 'NONE', #948, #153 ) ;
#675 = AXIS2_PLACEMENT_3D ( 'NONE', #1628, #1790, #817 ) ;
#676 = EDGE_CURVE ( 'NONE', #899, #596, #878, .T. ) ;
#677 = CARTESIAN_POINT ( 'NONE',  ( -1.104999999999999982, -1.245000000000009210, 2.499999999999996003 ) ) ;
#678 = VECTOR ( 'NONE', #949, 1000.000000000000000 ) ;
#679 = AXIS2_PLACEMENT_3D ( 'NONE', #1000, #726, #1585 ) ;
#680 = ORIENTED_EDGE ( 'NONE', *, *, #1082, .T. ) ;
#681 = DIRECTION ( 'NONE',  ( 0.0000000000000000000, 0.0000000000000000000, -1.000000000000000000 ) ) ;
#682 = CARTESIAN_POINT ( 'NONE',  ( -1.100000000000000089, 1.244999999999991669, 2.495000000000004547 ) ) ;
#683 = CARTESIAN_POINT ( 'NONE',  ( -1.600002547828960564, -1.245001271687254052, 0.004998728312741365816 ) ) ;
#684 = ORIENTED_EDGE ( 'NONE', *, *, #504, .T. ) ;
#685 = DIRECTION ( 'NONE',  ( 0.0000000000000000000, -1.000000000000000000, -3.491481338843133355E-15 ) ) ;
#686 = SURFACE_SIDE_STYLE ('',( #1276 ) ) ;
#687 = DIRECTION ( 'NONE',  ( 0.0000000000000000000, 3.318008991245452646E-15, -1.000000000000000000 ) ) ;
#688 = ADVANCED_FACE ( 'NONE', ( #477 ), #807, .T. ) ;
#689 = EDGE_LOOP ( 'NONE', ( #1080, #586, #882, #936 ) ) ;
#690 = CARTESIAN_POINT ( 'NONE',  ( 1.594999999999999973, 1.239999999999991775, 2.495000000000004992 ) ) ;
#691 = CYLINDRICAL_SURFACE ( 'NONE', #1153, 0.005000000000000229955 ) ;
#692 = ORIENTED_EDGE ( 'NONE', *, *, #447, .T. ) ;
#693 = LINE ( 'NONE', #537, #1025 ) ;
#694 = ORIENTED_EDGE ( 'NONE', *, *, #1502, .T. ) ;
#695 = LINE ( 'NONE', #412, #766 ) ;
#696 = ADVANCED_FACE ( 'NONE', ( #914 ), #942, .F. ) ;
#697 = CARTESIAN_POINT ( 'NONE',  ( 1.600001348529592304, -1.247358966117240398, 2.495002542763480324 ) ) ;
#698 = CARTESIAN_POINT ( 'NONE',  ( -1.104999999999999982, 1.250000000000000222, 0.005000000000004190329 ) ) ;
#699 = ORIENTED_EDGE ( 'NONE', *, *, #708, .F. ) ;
#700 = DIRECTION ( 'NONE',  ( 0.0000000000000000000, 1.000000000000000000, 3.491481338843133355E-15 ) ) ;
#701 = CARTESIAN_POINT ( 'NONE',  ( 1.600002547182086454, -1.245002543373207038, 0.004997456626789560305 ) ) ;
#702 = AXIS2_PLACEMENT_3D ( 'NONE', #1283, #1156, #23 ) ;
#703 = CARTESIAN_POINT ( 'NONE',  ( 1.595002548475836335, -1.244952876807834619, 2.220644509264672341E-07 ) ) ;
#704 = ORIENTED_EDGE ( 'NONE', *, *, #1643, .F. ) ;
#705 = CIRCLE ( 'NONE', #736, 0.005000000000000013115 ) ;
#706 = CARTESIAN_POINT ( 'NONE',  ( -1.100000000000000089, 1.250000000000000000, 0.005000000000004133083 ) ) ;
#707 = CARTESIAN_POINT ( 'NONE',  ( -1.102071067811865479, 1.247928932188134832, 4.476715715179815993E-15 ) ) ;
#708 = EDGE_CURVE ( 'NONE', #227, #598, #1475, .T. ) ;
#709 = ORIENTED_EDGE ( 'NONE', *, *, #1264, .F. ) ;
#710 = AXIS2_PLACEMENT_3D ( 'NONE', #260, #135, #114 ) ;
#711 = CYLINDRICAL_SURFACE ( 'NONE', #1208, 0.005000000000000013115 ) ;
#712 = CARTESIAN_POINT ( 'NONE',  ( 1.595428134094297068, -0.4083442892161897597, 2.499999999999998224 ) ) ;
#713 = CARTESIAN_POINT ( 'NONE',  ( 1.599999963478350162, 1.250000002439625835, 0.003620159997556127943 ) ) ;
#714 = ORIENTED_EDGE ( 'NONE', *, *, #848, .F. ) ;
#715 = CARTESIAN_POINT ( 'NONE',  ( -1.590000000000000080, 1.239999999999999991, 0.005000000000004223288 ) ) ;
#716 = CARTESIAN_POINT ( 'NONE',  ( 1.100000000000000089, 1.245000000000000329, 0.005000000000004347321 ) ) ;
#717 = VERTEX_POINT ( 'NONE', #1660 ) ;
#718 = CARTESIAN_POINT ( 'NONE',  ( -1.599999988871334766, 1.249999999994354738, 2.494999999999978790 ) ) ;
#719 = CARTESIAN_POINT ( 'NONE',  ( -1.597931480663970616, -1.250027796409392211, 0.002074358808178561071 ) ) ;
#720 = DIRECTION ( 'NONE',  ( 0.0000000000000000000, 0.0000000000000000000, 1.000000000000000000 ) ) ;
#721 = EDGE_CURVE ( 'NONE', #1224, #1499, #1654, .T. ) ;
#722 = CARTESIAN_POINT ( 'NONE',  ( 1.104999999999999982, -1.250000000000000222, 0.002071067811861152311 ) ) ;
#723 = CARTESIAN_POINT ( 'NONE',  ( 1.104999999999999982, -1.245000000000000329, 0.004999999999995653754 ) ) ;
#724 = VERTEX_POINT ( 'NONE', #1493 ) ;
#725 = ORIENTED_EDGE ( 'NONE', *, *, #1643, .T. ) ;
#726 = DIRECTION ( 'NONE',  ( 0.0000000000000000000, 3.318008991245452646E-15, -1.000000000000000000 ) ) ;
#727 = DIRECTION ( 'NONE',  ( -0.0000000000000000000, -3.318008991245452646E-15, 1.000000000000000000 ) ) ;
#728 = DIRECTION ( 'NONE',  ( 0.0000000000000000000, 1.000000000000000000, 3.307784318971030633E-15 ) ) ;
#729 = LINE ( 'NONE', #1484, #1650 ) ;
#730 = ADVANCED_FACE ( 'NONE', ( #653 ), #1517, .T. ) ;
#731 = CARTESIAN_POINT ( 'NONE',  ( 1.595000000091936210, -1.245000000000000329, 0.004999999999997773587 ) ) ;
#732 = AXIS2_PLACEMENT_3D ( 'NONE', #723, #187, #1720 ) ;
#733 = ORIENTED_EDGE ( 'NONE', *, *, #645, .F. ) ;
#734 = EDGE_LOOP ( 'NONE', ( #457, #970, #1509, #289 ) ) ;
#735 = CARTESIAN_POINT ( 'NONE',  ( -1.599999984621885529, 1.264969991252392179, 4.412194622247650466E-15 ) ) ;
#736 = AXIS2_PLACEMENT_3D ( 'NONE', #813, #1385, #1133 ) ;
#737 = PLANE ( 'NONE',  #702 ) ;
#738 = LINE ( 'NONE', #1175, #1679 ) ;
#739 = ORIENTED_EDGE ( 'NONE', *, *, #1412, .T. ) ;
#740 = CIRCLE ( 'NONE', #188, 0.005000000000000013115 ) ;
#741 = CARTESIAN_POINT ( 'NONE',  ( 1.599999984621885751, 1.264969991252389292, 4.415452059499884289E-15 ) ) ;
#742 = CARTESIAN_POINT ( 'NONE',  ( 1.595002535600112070, 1.244999999993514184, 8.719604911806849135E-14 ) ) ;
#743 = EDGE_CURVE ( 'NONE', #1347, #30, #121, .T. ) ;
#744 =( BOUNDED_SURFACE ( )  B_SPLINE_SURFACE ( 3, 3, ( 
 ( #604, #1169, #17, #849 ),
 ( #433, #1532, #148, #815 ),
 ( #971, #1559, #8, #1800 ),
 ( #1254, #570, #1810, #419 ) ),
 .UNSPECIFIED., .F., .F., .F. ) 
 B_SPLINE_SURFACE_WITH_KNOTS ( ( 4, 4 ),
 ( 4, 4 ),
 ( 0.0000000000000000000, 1.000000000000000000 ),
 ( 0.0000000000000000000, 1.000000000000000000 ),
 .UNSPECIFIED. ) 
 GEOMETRIC_REPRESENTATION_ITEM ( )  RATIONAL_B_SPLINE_SURFACE ( (
 ( 1.000000000000000000, 0.8002741005225687543, 0.8002741005225687543, 1.000000000000000000),
 ( 0.8047378541243546124, 0.6440108623658300502, 0.6440108623658300502, 0.8047378541243546124),
 ( 0.8047378541243546124, 0.6440108623658300502, 0.6440108623658300502, 0.8047378541243546124),
 ( 1.000000000000000000, 0.8002741005225687543, 0.8002741005225687543, 1.000000000000000000) ) ) 
 REPRESENTATION_ITEM ( '' )  SURFACE ( )  );
#745 = ORIENTED_EDGE ( 'NONE', *, *, #360, .T. ) ;
#746 = DIRECTION ( 'NONE',  ( 0.0000000000000000000, 1.000000000000000000, 0.0000000000000000000 ) ) ;
#747 = VERTEX_POINT ( 'NONE', #1366 ) ;
#748 = CARTESIAN_POINT ( 'NONE',  ( -1.595428134091428696, -0.4083442934286601322, -1.423264199936855245E-15 ) ) ;
#749 = CARTESIAN_POINT ( 'NONE',  ( -1.595002548475836335, -1.249999777935544953, 0.005047123192161355118 ) ) ;
#750 = LINE ( 'NONE', #1157, #37 ) ;
#751 = ORIENTED_EDGE ( 'NONE', *, *, #450, .F. ) ;
#752 = CARTESIAN_POINT ( 'NONE',  ( -1.600002547828960564, -1.245001271687254052, 0.004998728312741365816 ) ) ;
#753 = ADVANCED_FACE ( 'NONE', ( #252 ), #950, .T. ) ;
#754 = PLANE ( 'NONE',  #383 ) ;
#755 = CARTESIAN_POINT ( 'NONE',  ( -1.597931480663970394, -1.249999777935544731, 0.005047123192161355118 ) ) ;
#756 = VERTEX_POINT ( 'NONE', #1772 ) ;
#757 = FACE_OUTER_BOUND ( 'NONE', #449, .T. ) ;
#758 = DIRECTION ( 'NONE',  ( 0.0000000000000000000, 3.491481338843133355E-15, -1.000000000000000000 ) ) ;
#759 = CARTESIAN_POINT ( 'NONE',  ( -1.104999999999999982, -1.250000000000000222, 0.004999999999995547936 ) ) ;
#760 = ORIENTED_EDGE ( 'NONE', *, *, #540, .F. ) ;
#761 =( BOUNDED_SURFACE ( )  B_SPLINE_SURFACE ( 3, 3, ( 
 ( #772, #103, #361, #229 ),
 ( #1351, #508, #1071, #647 ),
 ( #1211, #1770, #1633, #1498 ),
 ( #788, #1361, #969, #1273 ) ),
 .UNSPECIFIED., .F., .F., .F. ) 
 B_SPLINE_SURFACE_WITH_KNOTS ( ( 4, 4 ),
 ( 4, 4 ),
 ( 0.0000000000000000000, 1.000000000000000000 ),
 ( 0.0000000000000000000, 1.000000000000000000 ),
 .UNSPECIFIED. ) 
 GEOMETRIC_REPRESENTATION_ITEM ( )  RATIONAL_B_SPLINE_SURFACE ( (
 ( 1.000000000000000000, 0.8047378541243658256, 0.8047378541243658256, 1.000000000000000000),
 ( 0.8047378541243649375, 0.6476030138606884146, 0.6476030138606884146, 0.8047378541243649375),
 ( 0.8047378541243649375, 0.6476030138606884146, 0.6476030138606884146, 0.8047378541243649375),
 ( 1.000000000000000000, 0.8047378541243658256, 0.8047378541243658256, 1.000000000000000000) ) ) 
 REPRESENTATION_ITEM ( '' )  SURFACE ( )  );
#762 = ADVANCED_FACE ( 'NONE', ( #1393 ), #258, .T. ) ;
#763 = CYLINDRICAL_SURFACE ( 'NONE', #1622, 0.005000000000000013115 ) ;
#764 = ORIENTED_EDGE ( 'NONE', *, *, #473, .T. ) ;
#765 = CARTESIAN_POINT ( 'NONE',  ( 1.104999999999999982, 1.249999999999991784, 2.495000000000004992 ) ) ;
#766 = VECTOR ( 'NONE', #811, 1000.000000000000000 ) ;
#767 = COLOUR_RGB ( '',0.7921568627450980005, 0.7882352941176470340, 0.8039215686274510109 ) ;
#768 = ORIENTED_EDGE ( 'NONE', *, *, #1655, .T. ) ;
#769 = ORIENTED_EDGE ( 'NONE', *, *, #824, .F. ) ;
#770 = CARTESIAN_POINT ( 'NONE',  ( -1.600001348529592304, -1.247358966117240398, 2.495002542763480324 ) ) ;
#771 = CYLINDRICAL_SURFACE ( 'NONE', #437, 0.005000000000000013115 ) ;
#772 = CARTESIAN_POINT ( 'NONE',  ( -1.100000000000000089, -1.245000000000000329, 0.004999999999995653754 ) ) ;
#773 = EDGE_LOOP ( 'NONE', ( #1539, #854, #1567 ) ) ;
#774 = CARTESIAN_POINT ( 'NONE',  ( 1.099999999999999867, -1.247928932188143936, 2.496715728752534780 ) ) ;
#775 = EDGE_CURVE ( 'NONE', #1093, #220, #105, .T. ) ;
#776 = DIRECTION ( 'NONE',  ( 0.0000000000000000000, 3.318008991245452646E-15, -1.000000000000000000 ) ) ;
#777 = ORIENTED_EDGE ( 'NONE', *, *, #1802, .F. ) ;
#778 = CARTESIAN_POINT ( 'NONE',  ( -1.595002548475836113, -1.247925641191826474, 2.500027796409388436 ) ) ;
#779 = LINE ( 'NONE', #798, #789 ) ;
#780 = FACE_OUTER_BOUND ( 'NONE', #1656, .T. ) ;
#781 = CARTESIAN_POINT ( 'NONE',  ( 1.102071067811865479, -1.250000000000009326, 2.497928932188131057 ) ) ;
#782 = CARTESIAN_POINT ( 'NONE',  ( -1.594999999999999973, 0.0000000000000000000, 0.0000000000000000000 ) ) ;
#783 = EDGE_CURVE ( 'NONE', #596, #1021, #874, .T. ) ;
#784 = FACE_OUTER_BOUND ( 'NONE', #162, .T. ) ;
#785 = ORIENTED_EDGE ( 'NONE', *, *, #1161, .T. ) ;
#786 = CARTESIAN_POINT ( 'NONE',  ( -1.597931480663970838, -1.249999777935554057, 2.494952876807829956 ) ) ;
#787 = DIRECTION ( 'NONE',  ( 0.0000000000000000000, 0.0000000000000000000, -1.000000000000000000 ) ) ;
#788 = CARTESIAN_POINT ( 'NONE',  ( -1.104999999999999982, -1.250000000000000222, 0.004999999999995636407 ) ) ;
#789 = VECTOR ( 'NONE', #1776, 1000.000000000000000 ) ;
#790 = EDGE_LOOP ( 'NONE', ( #558, #491, #1714, #1765 ) ) ;
#791 = CARTESIAN_POINT ( 'NONE',  ( 1.102071067811865479, -1.245000000000009210, 2.499999999999996447 ) ) ;
#792 = AXIS2_PLACEMENT_3D ( 'NONE', #1443, #354, #906 ) ;
#793 = VECTOR ( 'NONE', #746, 1000.000000000000000 ) ;
#794 = CARTESIAN_POINT ( 'NONE',  ( -1.104999999999999982, -1.250000000000009104, 2.497928932188130169 ) ) ;
#795 = EDGE_CURVE ( 'NONE', #136, #747, #801, .T. ) ;
#796 = PRODUCT_DEFINITION_SHAPE ( 'NONE', 'NONE',  #1518 ) ;
#797 = B_SPLINE_CURVE_WITH_KNOTS ( 'NONE', 3,
 ( #742, #38, #713, #1159 ),
 .UNSPECIFIED., .F., .F.,
 ( 4, 4 ),
 ( 0.0000000000000000000, 1.000000000000000000 ),
 .UNSPECIFIED. ) ;
#798 = CARTESIAN_POINT ( 'NONE',  ( 1.594999999999999973, -1.250000000000009104, 2.494999999999996554 ) ) ;
#799 = DIRECTION ( 'NONE',  ( -0.0000000000000000000, 1.000000000000000000, 3.491481338843133355E-15 ) ) ;
#800 = ORIENTED_EDGE ( 'NONE', *, *, #835, .F. ) ;
#801 = LINE ( 'NONE', #662, #557 ) ;
#802 = FILL_AREA_STYLE_COLOUR ( '', #767 ) ;
#803 = VERTEX_POINT ( 'NONE', #379 ) ;
#804 = FACE_OUTER_BOUND ( 'NONE', #391, .T. ) ;
#805 = PLANE ( 'NONE',  #559 ) ;
#806 = ADVANCED_FACE ( 'NONE', ( #932 ), #197, .T. ) ;
#807 =( BOUNDED_SURFACE ( )  B_SPLINE_SURFACE ( 3, 3, ( 
 ( #1557, #1281, #612, #21 ),
 ( #1736, #1047, #1141, #1704 ),
 ( #1037, #1636, #1098, #502 ),
 ( #677, #371, #794, #1075 ) ),
 .UNSPECIFIED., .F., .F., .T. ) 
 B_SPLINE_SURFACE_WITH_KNOTS ( ( 4, 4 ),
 ( 4, 4 ),
 ( 0.0000000000000000000, 1.000000000000000000 ),
 ( 0.0000000000000000000, 1.000000000000000000 ),
 .UNSPECIFIED. ) 
 GEOMETRIC_REPRESENTATION_ITEM ( )  RATIONAL_B_SPLINE_SURFACE ( (
 ( 1.000000000000000000, 0.8047378541243649375, 0.8047378541243649375, 1.000000000000000000),
 ( 0.8047378541243649375, 0.6476030138606876374, 0.6476030138606876374, 0.8047378541243649375),
 ( 0.8047378541243649375, 0.6476030138606876374, 0.6476030138606876374, 0.8047378541243649375),
 ( 1.000000000000000000, 0.8047378541243649375, 0.8047378541243649375, 1.000000000000000000) ) ) 
 REPRESENTATION_ITEM ( '' )  SURFACE ( )  );
#808 = CARTESIAN_POINT ( 'NONE',  ( 1.599999988871320111, 1.249999999990600852, 2.494999992551214074 ) ) ;
#809 = DIRECTION ( 'NONE',  ( 0.0000000000000000000, 1.000000000000000000, 3.318008991245506288E-15 ) ) ;
#810 = EDGE_LOOP ( 'NONE', ( #929, #1703, #1337, #384 ) ) ;
#811 = DIRECTION ( 'NONE',  ( 0.0000000000000000000, -3.664953686440814065E-15, 1.000000000000000000 ) ) ;
#812 = CARTESIAN_POINT ( 'NONE',  ( -1.100000000000000089, -1.245000000000000329, 0.004999999999995652887 ) ) ;
#813 = CARTESIAN_POINT ( 'NONE',  ( 1.104999999999999982, -1.245000000000009432, 2.494999999999996554 ) ) ;
#814 = ADVANCED_FACE ( 'NONE', ( #1117 ), #1637, .T. ) ;
#815 = CARTESIAN_POINT ( 'NONE',  ( 1.597931480663970394, -1.244952876807843944, 2.499999777935540290 ) ) ;
#816 = CARTESIAN_POINT ( 'NONE',  ( -1.600000000000000089, -1.250000000000009104, 2.499999999999995559 ) ) ;
#817 = DIRECTION ( 'NONE',  ( 0.0000000000000000000, 0.0000000000000000000, -1.000000000000000000 ) ) ;
#818 = AXIS2_PLACEMENT_3D ( 'NONE', #1255, #544, #291 ) ;
#819 = CARTESIAN_POINT ( 'NONE',  ( 1.594999999999999973, -1.245000000000009432, 2.494999999999996554 ) ) ;
#820 = DIRECTION ( 'NONE',  ( 0.0000000000000000000, -3.664953686440814065E-15, 1.000000000000000000 ) ) ;
#821 = CARTESIAN_POINT ( 'NONE',  ( -1.104999999999999982, 1.249999999999991784, 2.495000000000004547 ) ) ;
#822 = CARTESIAN_POINT ( 'NONE',  ( 1.100000000000000089, 1.245000000000000329, 0.005000000000004348188 ) ) ;
#823 = CARTESIAN_POINT ( 'NONE',  ( 1.594999999999999973, -1.245000000000009432, 2.499999999999995559 ) ) ;
#824 = EDGE_CURVE ( 'NONE', #1399, #468, #276, .T. ) ;
#825 = DIRECTION ( 'NONE',  ( 0.0000000000000000000, -1.000000000000000000, -3.491481338843133355E-15 ) ) ;
#826 = EDGE_CURVE ( 'NONE', #227, #1224, #1685, .T. ) ;
#827 = VERTEX_POINT ( 'NONE', #1285 ) ;
#828 = CARTESIAN_POINT ( 'NONE',  ( -1.600000816326138553, -1.249999999999913847, 0.8019079017734259685 ) ) ;
#829 = CARTESIAN_POINT ( 'NONE',  ( -1.099999999999999867, 1.247928932188126172, 2.496715728752542329 ) ) ;
#830 = DIRECTION ( 'NONE',  ( 0.0000000000000000000, -3.491481338843093123E-15, 1.000000000000000000 ) ) ;
#831 = ORIENTED_EDGE ( 'NONE', *, *, #485, .T. ) ;
#832 = CARTESIAN_POINT ( 'NONE',  ( -1.104999999999999982, 1.245000000000000329, 4.239168438158618096E-15 ) ) ;
#833 = CARTESIAN_POINT ( 'NONE',  ( -1.104999999999999982, -1.245000000000000329, 0.004999999999995653754 ) ) ;
#834 = CARTESIAN_POINT ( 'NONE',  ( -1.600001348529592970, -1.247358966117231738, 0.004997457236514107198 ) ) ;
#835 = EDGE_CURVE ( 'NONE', #1323, #1302, #382, .T. ) ;
#836 = EDGE_LOOP ( 'NONE', ( #613, #800, #454 ) ) ;
#837 = FACE_OUTER_BOUND ( 'NONE', #575, .T. ) ;
#838 = EDGE_LOOP ( 'NONE', ( #381, #236, #1594, #1352 ) ) ;
#839 = DIRECTION ( 'NONE',  ( -0.0000000000000000000, 3.664953686440814065E-15, -1.000000000000000000 ) ) ;
#840 = FACE_OUTER_BOUND ( 'NONE', #1067, .T. ) ;
#841 = VECTOR ( 'NONE', #1566, 1000.000000000000000 ) ;
#842 = ORIENTED_EDGE ( 'NONE', *, *, #913, .T. ) ;
#843 = AXIS2_PLACEMENT_3D ( 'NONE', #186, #1294, #36 ) ;
#844 = EDGE_CURVE ( 'NONE', #899, #20, #1218, .T. ) ;
#845 = AXIS2_PLACEMENT_3D ( 'NONE', #1220, #1359, #891 ) ;
#846 = CARTESIAN_POINT ( 'NONE',  ( 1.671111111111111658, -0.4166666666666696273, 0.8333333333333322601 ) ) ;
#847 = CARTESIAN_POINT ( 'NONE',  ( 1.100000000000000089, 1.247928932188134832, 0.003284271247466171318 ) ) ;
#848 = EDGE_CURVE ( 'NONE', #1190, #416, #1148, .T. ) ;
#849 = CARTESIAN_POINT ( 'NONE',  ( 1.595002548475836113, -1.244952876807843944, 2.499999777935540735 ) ) ;
#850 = DIRECTION ( 'NONE',  ( 0.0000000000000000000, -3.317312315150682921E-15, 1.000000000000000000 ) ) ;
#851 = CARTESIAN_POINT ( 'NONE',  ( 1.104999999999999982, -1.245000000000000329, -4.324103195733203231E-15 ) ) ;
#852 = CARTESIAN_POINT ( 'NONE',  ( -1.595002548475836113, -1.245000000000008766, 2.494999999999996554 ) ) ;
#853 = VERTEX_POINT ( 'NONE', #962 ) ;
#854 = ORIENTED_EDGE ( 'NONE', *, *, #314, .F. ) ;
#855 = CARTESIAN_POINT ( 'NONE',  ( -1.600000822579014104, -0.4419488625315081132, -6.725171442224883692E-15 ) ) ;
#856 = CARTESIAN_POINT ( 'NONE',  ( -1.595002548475836113, -1.245000000000009432, 2.499999999999995559 ) ) ;
#857 = ADVANCED_FACE ( 'NONE', ( #1700 ), #983, .T. ) ;
#858 = PLANE ( 'NONE',  #931 ) ;
#859 = CARTESIAN_POINT ( 'NONE',  ( 1.595002548475836335, -1.245000000000009877, 2.499999999999995115 ) ) ;
#860 = EDGE_LOOP ( 'NONE', ( #1723, #872, #777, #480 ) ) ;
#861 = ORIENTED_EDGE ( 'NONE', *, *, #504, .F. ) ;
#862 = CARTESIAN_POINT ( 'NONE',  ( -1.595002548475836113, -1.250000000000008882, 2.494999999999997442 ) ) ;
#863 = LINE ( 'NONE', #1442, #1473 ) ;
#864 =( NAMED_UNIT ( * ) SI_UNIT ( $, .STERADIAN. ) SOLID_ANGLE_UNIT ( ) );
#865 = EDGE_LOOP ( 'NONE', ( #84, #101, #904, #1343 ) ) ;
#866 = ADVANCED_FACE ( 'NONE', ( #1811 ), #177, .T. ) ;
#867 = CIRCLE ( 'NONE', #241, 0.005000000000000012247 ) ;
#868 = ORIENTED_EDGE ( 'NONE', *, *, #1161, .F. ) ;
#869 = AXIS2_PLACEMENT_3D ( 'NONE', #133, #397, #922 ) ;
#870 = LINE ( 'NONE', #1456, #413 ) ;
#871 = AXIS2_PLACEMENT_3D ( 'NONE', #1318, #1195, #1176 ) ;
#872 = ORIENTED_EDGE ( 'NONE', *, *, #1163, .F. ) ;
#873 = CARTESIAN_POINT ( 'NONE',  ( 1.104999999999999982, 1.244999999999991447, 2.495000000000004547 ) ) ;
#874 = B_SPLINE_CURVE_WITH_KNOTS ( 'NONE', 3,
 ( #1225, #1781, #519, #1644 ),
 .UNSPECIFIED., .F., .F.,
 ( 4, 4 ),
 ( 0.0000000000000000000, 1.000000000000000000 ),
 .UNSPECIFIED. ) ;
#875 = CARTESIAN_POINT ( 'NONE',  ( 1.104999999999999982, 1.245000000000000329, 0.005000000000004143491 ) ) ;
#876 = CARTESIAN_POINT ( 'NONE',  ( 1.600424746405386900, 0.4183324855370603723, 0.004997456626791417326 ) ) ;
#877 = PRODUCT_RELATED_PRODUCT_CATEGORY ( 'part', '', ( #908 ) ) ;
#878 = B_SPLINE_CURVE_WITH_KNOTS ( 'NONE', 3,
 ( #357, #493, #1055, #431 ),
 .UNSPECIFIED., .F., .F.,
 ( 4, 4 ),
 ( 0.0000000000000000000, 1.000000000000000000 ),
 .UNSPECIFIED. ) ;
#879 = DIRECTION ( 'NONE',  ( 0.0000000000000000000, 3.318008991245452646E-15, -1.000000000000000000 ) ) ;
#880 = CARTESIAN_POINT ( 'NONE',  ( 1.100000000000000089, 1.249999999999991784, 2.500000000000004441 ) ) ;
#881 = EDGE_CURVE ( 'NONE', #1026, #1114, #1401, .T. ) ;
#882 = ORIENTED_EDGE ( 'NONE', *, *, #783, .T. ) ;
#883 = CARTESIAN_POINT ( 'NONE',  ( -1.600427917625778740, -0.4083449612298171161, 0.004572505650726386983 ) ) ;
#884 = FACE_OUTER_BOUND ( 'NONE', #347, .T. ) ;
#885 = ORIENTED_EDGE ( 'NONE', *, *, #1391, .F. ) ;
#886 = CARTESIAN_POINT ( 'NONE',  ( -1.100000000000000089, 1.245000000000000107, 4.130921194100588386E-15 ) ) ;
#887 = EDGE_LOOP ( 'NONE', ( #57, #157, #1438, #610 ) ) ;
#888 =( NAMED_UNIT ( * ) SI_UNIT ( $, .STERADIAN. ) SOLID_ANGLE_UNIT ( ) );
#889 = ADVANCED_FACE ( 'NONE', ( #840 ), #574, .T. ) ;
#890 = ORIENTED_EDGE ( 'NONE', *, *, #1402, .F. ) ;
#891 = DIRECTION ( 'NONE',  ( 0.0000000000000000000, 0.0000000000000000000, -1.000000000000000000 ) ) ;
#892 = CARTESIAN_POINT ( 'NONE',  ( 1.104999999999999982, -1.245000000000009432, 2.494999999999996110 ) ) ;
#893 = CARTESIAN_POINT ( 'NONE',  ( 1.100000000000000089, -1.250000000000000000, 0.004999999999995459465 ) ) ;
#894 = ORIENTED_EDGE ( 'NONE', *, *, #1445, .F. ) ;
#895 = CARTESIAN_POINT ( 'NONE',  ( 1.102071067811865701, 1.249999999999991562, 2.497928932188139495 ) ) ;
#896 = CARTESIAN_POINT ( 'NONE',  ( -1.100000000000000089, 1.249999999999991784, 2.500000000000004441 ) ) ;
#897 = DIRECTION ( 'NONE',  ( 0.0000000000000000000, 0.0000000000000000000, 1.000000000000000000 ) ) ;
#898 = EDGE_CURVE ( 'NONE', #1034, #1224, #472, .T. ) ;
#899 = VERTEX_POINT ( 'NONE', #752 ) ;
#900 = CARTESIAN_POINT ( 'NONE',  ( -1.600421215167303179, 0.4183327686400034051, 2.495419142883314123 ) ) ;
#901 = FACE_OUTER_BOUND ( 'NONE', #410, .T. ) ;
#902 = CARTESIAN_POINT ( 'NONE',  ( -1.104999999999999982, 1.244999999999991447, 2.500000000000004885 ) ) ;
#903 = EDGE_CURVE ( 'NONE', #80, #220, #1150, .T. ) ;
#904 = ORIENTED_EDGE ( 'NONE', *, *, #1635, .T. ) ;
#905 = VECTOR ( 'NONE', #1193, 1000.000000000000000 ) ;
#906 = DIRECTION ( 'NONE',  ( 0.0000000000000000000, 0.0000000000000000000, -1.000000000000000000 ) ) ;
#907 = VECTOR ( 'NONE', #1629, 1000.000000000000000 ) ;
#908 = PRODUCT ( '7EAE8DFB-6C8B-492A-82F0-C63B5E9F02B5', '7EAE8DFB-6C8B-492A-82F0-C63B5E9F02B5', '', ( #1792 ) ) ;
#909 = DIRECTION ( 'NONE',  ( 0.0000000000000000000, 3.318008991245452646E-15, -1.000000000000000000 ) ) ;
#910 = UNCERTAINTY_MEASURE_WITH_UNIT (LENGTH_MEASURE( 1.000000000000000082E-05 ), #107, 'distance_accuracy_value', 'NONE');
#911 = CARTESIAN_POINT ( 'NONE',  ( -1.599999988871334766, 1.249999999994354738, 2.494999999999978790 ) ) ;
#912 = DIRECTION ( 'NONE',  ( 1.000000000000000000, 0.0000000000000000000, 0.0000000000000000000 ) ) ;
#913 = EDGE_CURVE ( 'NONE', #1152, #77, #729, .T. ) ;
#914 = FACE_OUTER_BOUND ( 'NONE', #1759, .T. ) ;
#915 = ORIENTED_EDGE ( 'NONE', *, *, #775, .F. ) ;
#916 = LINE ( 'NONE', #78, #1684 ) ;
#917 = ORIENTED_EDGE ( 'NONE', *, *, #495, .T. ) ;
#918 = CARTESIAN_POINT ( 'NONE',  ( -1.600002548475836006, -1.245000000000008544, 2.494999999999996554 ) ) ;
#919 = CARTESIAN_POINT ( 'NONE',  ( -1.595420507914340202, 0.4283117249600121856, 2.500000000000000888 ) ) ;
#920 = ORIENTED_EDGE ( 'NONE', *, *, #1102, .T. ) ;
#921 = ADVANCED_FACE ( 'NONE', ( #757 ), #1187, .F. ) ;
#922 = DIRECTION ( 'NONE',  ( 0.0000000000000000000, -1.000000000000000000, -3.491481338843133355E-15 ) ) ;
#923 = CARTESIAN_POINT ( 'NONE',  ( 1.104999999999999982, 1.250000000000000222, 0.005000000000004140022 ) ) ;
#924 = DIRECTION ( 'NONE',  ( -0.0000000000000000000, 1.000000000000000000, 4.695099156419190217E-14 ) ) ;
#925 = ORIENTED_EDGE ( 'NONE', *, *, #1445, .T. ) ;
#926 = CYLINDRICAL_SURFACE ( 'NONE', #1590, 0.004999999999999796274 ) ;
#927 = DIRECTION ( 'NONE',  ( 0.0000000000000000000, 1.000000000000000000, 3.491481338843133355E-15 ) ) ;
#928 = AXIS2_PLACEMENT_3D ( 'NONE', #1716, #452, #1725 ) ;
#929 = ORIENTED_EDGE ( 'NONE', *, *, #1435, .F. ) ;
#930 = AXIS2_PLACEMENT_3D ( 'NONE', #624, #318, #1719 ) ;
#931 = AXIS2_PLACEMENT_3D ( 'NONE', #601, #1434, #1002 ) ;
#932 = FACE_OUTER_BOUND ( 'NONE', #838, .T. ) ;
#933 = ORIENTED_EDGE ( 'NONE', *, *, #392, .F. ) ;
#934 = VECTOR ( 'NONE', #1355, 1000.000000000000000 ) ;
#935 = ADVANCED_FACE ( 'NONE', ( #1013 ), #1203, .T. ) ;
#936 = ORIENTED_EDGE ( 'NONE', *, *, #1284, .T. ) ;
#937 = DIRECTION ( 'NONE',  ( -1.000000000000000000, -0.0000000000000000000, -0.0000000000000000000 ) ) ;
#938 = DIRECTION ( 'NONE',  ( 0.0000000000000000000, 3.318008991245452646E-15, -1.000000000000000000 ) ) ;
#939 = CARTESIAN_POINT ( 'NONE',  ( 1.595002548475836113, -1.245000000000000551, -4.350334944281630648E-15 ) ) ;
#940 = ORIENTED_EDGE ( 'NONE', *, *, #721, .F. ) ;
#941 = CARTESIAN_POINT ( 'NONE',  ( 1.099999999999999867, -1.245000000000009210, 2.497928932188130613 ) ) ;
#942 = CYLINDRICAL_SURFACE ( 'NONE', #1618, 0.005000000000000013115 ) ;
#943 = CARTESIAN_POINT ( 'NONE',  ( 1.597931480663970616, -1.244952876807834619, 2.220644510537515369E-07 ) ) ;
#944 = ORIENTED_EDGE ( 'NONE', *, *, #1091, .F. ) ;
#945 = EDGE_CURVE ( 'NONE', #827, #88, #1459, .T. ) ;
#946 = CARTESIAN_POINT ( 'NONE',  ( -1.102071067811865479, 1.250000000000000000, 0.005000000000004567631 ) ) ;
#947 = ORIENTED_EDGE ( 'NONE', *, *, #708, .T. ) ;
#948 = CARTESIAN_POINT ( 'NONE',  ( 1.594999999999999973, -1.250000000000000000, 0.004999999999995634672 ) ) ;
#949 = DIRECTION ( 'NONE',  ( 1.000000000000000000, 0.0000000000000000000, 0.0000000000000000000 ) ) ;
#950 = CYLINDRICAL_SURFACE ( 'NONE', #1296, 0.005000000000000013115 ) ;
#951 = PRESENTATION_STYLE_ASSIGNMENT (( #1645 ) ) ;
#952 = ORIENTED_EDGE ( 'NONE', *, *, #335, .F. ) ;
#953 = FACE_OUTER_BOUND ( 'NONE', #633, .T. ) ;
#954 = DIRECTION ( 'NONE',  ( 1.000000000000000000, 0.0000000000000000000, 0.0000000000000000000 ) ) ;
#955 = EDGE_CURVE ( 'NONE', #1430, #1114, #555, .T. ) ;
#956 = CARTESIAN_POINT ( 'NONE',  ( 1.105000000000000204, 1.247928932188134610, 4.209786504284494439E-15 ) ) ;
#957 = ORIENTED_EDGE ( 'NONE', *, *, #645, .T. ) ;
#958 = AXIS2_PLACEMENT_3D ( 'NONE', #290, #1680, #1416 ) ;
#959 = CARTESIAN_POINT ( 'NONE',  ( 1.600000816326135444, -1.250000000000527578, 1.698092100584238207 ) ) ;
#960 = ADVANCED_FACE ( 'NONE', ( #634 ), #1453, .T. ) ;
#961 = ADVANCED_BREP_SHAPE_REPRESENTATION ( '7EAE8DFB-6C8B-492A-82F0-C63B5E9F02B5', ( #1072, #1044, #1683, #710 ), #1301 ) ;
#962 = CARTESIAN_POINT ( 'NONE',  ( 1.594999999999999973, 1.239999999999999991, 0.005000000000004329974 ) ) ;
#963 = CARTESIAN_POINT ( 'NONE',  ( -1.104999999999999982, -1.250000000000009104, 2.499999999999995559 ) ) ;
#964 = B_SPLINE_CURVE_WITH_KNOTS ( 'NONE', 3,
 ( #1265, #146, #1798, #683 ),
 .UNSPECIFIED., .F., .F.,
 ( 4, 4 ),
 ( 0.0000000000000000000, 1.000000000000000000 ),
 .UNSPECIFIED. ) ;
#965 = CIRCLE ( 'NONE', #1119, 0.005000000000000013115 ) ;
#966 =( GEOMETRIC_REPRESENTATION_CONTEXT ( 3 ) GLOBAL_UNCERTAINTY_ASSIGNED_CONTEXT ( ( #1215 ) ) GLOBAL_UNIT_ASSIGNED_CONTEXT ( ( #1028, #448, #1280 ) ) REPRESENTATION_CONTEXT ( 'NONE', 'WORKASPACE' ) );
#967 = ORIENTED_EDGE ( 'NONE', *, *, #1589, .T. ) ;
#968 = CARTESIAN_POINT ( 'NONE',  ( -1.100000000000000089, 1.244999999999991447, 2.497928932188139495 ) ) ;
#969 = CARTESIAN_POINT ( 'NONE',  ( -1.104999999999999982, -1.247928932188134610, -4.336808689942017736E-15 ) ) ;
#970 = ORIENTED_EDGE ( 'NONE', *, *, #973, .T. ) ;
#971 = CARTESIAN_POINT ( 'NONE',  ( 1.600002548475836450, -1.247928802105797264, 2.494972395873127358 ) ) ;
#972 = DIRECTION ( 'NONE',  ( 0.0000000000000000000, 1.000000000000000000, 3.491481338843133355E-15 ) ) ;
#973 = EDGE_CURVE ( 'NONE', #1194, #250, #1735, .T. ) ;
#974 = CARTESIAN_POINT ( 'NONE',  ( 1.100000000000000089, 1.244999999999991669, 2.500000000000004441 ) ) ;
#975 = CARTESIAN_POINT ( 'NONE',  ( 1.597931480663970838, -1.247925641191817370, -2.779640939629931111E-05 ) ) ;
#976 = APPLICATION_PROTOCOL_DEFINITION ( 'draft international standard', 'automotive_design', 1998, #1289 ) ;
#977 = ORIENTED_EDGE ( 'NONE', *, *, #1701, .T. ) ;
#978 = DIRECTION ( 'NONE',  ( -0.0000000000000000000, 3.664953686440814065E-15, -1.000000000000000000 ) ) ;
#979 = CARTESIAN_POINT ( 'NONE',  ( -1.104999999999999982, 1.247928932188126616, 2.500000000000004441 ) ) ;
#980 = CARTESIAN_POINT ( 'NONE',  ( 1.100000000000000089, 1.245000000000000107, 0.005000000000004349923 ) ) ;
#981 = ORIENTED_EDGE ( 'NONE', *, *, #286, .F. ) ;
#982 = CARTESIAN_POINT ( 'NONE',  ( 1.595424748446971464, -1.250000000000005995, 1.665000109508974591 ) ) ;
#983 = PLANE ( 'NONE',  #1270 ) ;
#984 = ADVANCED_FACE ( 'NONE', ( #1653 ), #1568, .T. ) ;
#985 = ORIENTED_EDGE ( 'NONE', *, *, #1777, .T. ) ;
#986 = PLANE ( 'NONE',  #654 ) ;
#987 = CARTESIAN_POINT ( 'NONE',  ( -1.104999999999999982, 1.250000000000000222, 0.005000000000004566764 ) ) ;
#988 = ORIENTED_EDGE ( 'NONE', *, *, #1692, .F. ) ;
#989 = B_SPLINE_CURVE_WITH_KNOTS ( 'NONE', 3,
 ( #808, #1243, #1788, #388 ),
 .UNSPECIFIED., .F., .F.,
 ( 4, 4 ),
 ( 0.0000000000000000000, 1.000000000000000000 ),
 .UNSPECIFIED. ) ;
#990 = DIRECTION ( 'NONE',  ( 0.0000000000000000000, 3.491481338843132961E-15, -1.000000000000000000 ) ) ;
#991 = PLANE ( 'NONE',  #1060 ) ;
#992 = CIRCLE ( 'NONE', #732, 0.005000000000000013115 ) ;
#993 = VECTOR ( 'NONE', #1769, 1000.000000000000000 ) ;
#994 = CARTESIAN_POINT ( 'NONE',  ( -1.100000000000000089, 1.245000000000000329, 0.005000000000004143491 ) ) ;
#995 = VECTOR ( 'NONE', #937, 1000.000000000000000 ) ;
#996 = PRESENTATION_STYLE_ASSIGNMENT (( #576 ) ) ;
#997 = EDGE_CURVE ( 'NONE', #598, #136, #1516, .T. ) ;
#998 = FACE_OUTER_BOUND ( 'NONE', #1063, .T. ) ;
#999 = EDGE_LOOP ( 'NONE', ( #714, #1448, #352, #1787 ) ) ;
#1000 = CARTESIAN_POINT ( 'NONE',  ( -1.104999999999999982, 1.244999999999991891, 2.495000000000004547 ) ) ;
#1001 = CARTESIAN_POINT ( 'NONE',  ( -1.600002548475835784, -1.247928802105788382, 0.005027604126864006033 ) ) ;
#1002 = DIRECTION ( 'NONE',  ( 0.0000000000000000000, -3.664953686440814065E-15, 1.000000000000000000 ) ) ;
#1003 = CARTESIAN_POINT ( 'NONE',  ( 1.102071067811865257, -1.247928932188134832, -4.323923850361746721E-15 ) ) ;
#1004 = CARTESIAN_POINT ( 'NONE',  ( 1.595002548475836113, -1.245000000000000551, -4.350334944281630648E-15 ) ) ;
#1005 = ORIENTED_EDGE ( 'NONE', *, *, #296, .F. ) ;
#1006 = DIRECTION ( 'NONE',  ( 0.0000000000000000000, 0.0000000000000000000, -1.000000000000000000 ) ) ;
#1007 = ORIENTED_EDGE ( 'NONE', *, *, #152, .T. ) ;
#1008 = CARTESIAN_POINT ( 'NONE',  ( -1.600000811482420238, 0.4625010107593919284, 3.052759822344124598E-15 ) ) ;
#1009 = CARTESIAN_POINT ( 'NONE',  ( -1.104999999999999982, 1.245000000000000329, 0.005000000000004346454 ) ) ;
#1010 = FACE_OUTER_BOUND ( 'NONE', #1054, .T. ) ;
#1011 = ORIENTED_EDGE ( 'NONE', *, *, #529, .F. ) ;
#1012 = B_SPLINE_CURVE_WITH_KNOTS ( 'NONE', 3,
 ( #1639, #1745, #346, #1066 ),
 .UNSPECIFIED., .F., .F.,
 ( 4, 4 ),
 ( 0.0000000000000000000, 1.000000000000000000 ),
 .UNSPECIFIED. ) ;
#1013 = FACE_OUTER_BOUND ( 'NONE', #621, .T. ) ;
#1014 = DIRECTION ( 'NONE',  ( -1.000000000000000000, 0.0000000000000000000, 0.0000000000000000000 ) ) ;
#1015 = EDGE_LOOP ( 'NONE', ( #1690, #842, #425, #213 ) ) ;
#1016 = SURFACE_STYLE_FILL_AREA ( #180 ) ;
#1017 = ORIENTED_EDGE ( 'NONE', *, *, #1380, .F. ) ;
#1018 = CARTESIAN_POINT ( 'NONE',  ( -1.595000000091936210, 1.239999999999999991, 0.005000000000002160702 ) ) ;
#1019 = FACE_OUTER_BOUND ( 'NONE', #1212, .T. ) ;
#1020 = DIRECTION ( 'NONE',  ( -0.0000000000000000000, 1.000000000000000000, 3.491481338843133355E-15 ) ) ;
#1021 = VERTEX_POINT ( 'NONE', #1364 ) ;
#1022 = EDGE_CURVE ( 'NONE', #1430, #640, #989, .T. ) ;
#1023 = CARTESIAN_POINT ( 'NONE',  ( 1.099999999999999867, 1.244999999999991669, 2.495000000000004547 ) ) ;
#1024 = CYLINDRICAL_SURFACE ( 'NONE', #469, 0.005000000000000013115 ) ;
#1025 = VECTOR ( 'NONE', #700, 1000.000000000000000 ) ;
#1026 = VERTEX_POINT ( 'NONE', #230 ) ;
#1027 = VECTOR ( 'NONE', #386, 1000.000000000000000 ) ;
#1028 =( LENGTH_UNIT ( ) NAMED_UNIT ( * ) SI_UNIT ( .MILLI., .METRE. ) );
#1029 = ORIENTED_EDGE ( 'NONE', *, *, #418, .F. ) ;
#1030 = CARTESIAN_POINT ( 'NONE',  ( 1.599999988871320111, 1.249999999990600852, 2.494999992551214074 ) ) ;
#1031 = AXIS2_PLACEMENT_3D ( 'NONE', #1732, #1155, #1715 ) ;
#1032 = CARTESIAN_POINT ( 'NONE',  ( -1.590000000000000080, 1.244999999999991669, 2.495000000000004992 ) ) ;
#1033 = LINE ( 'NONE', #609, #1563 ) ;
#1034 = VERTEX_POINT ( 'NONE', #1353 ) ;
#1035 = CARTESIAN_POINT ( 'NONE',  ( 1.099999999999999867, 1.244999999999991669, 2.495000000000004992 ) ) ;
#1036 = EDGE_CURVE ( 'NONE', #756, #376, #1097, .T. ) ;
#1037 = CARTESIAN_POINT ( 'NONE',  ( -1.102071067811865701, -1.245000000000009210, 2.499999999999996003 ) ) ;
#1038 = VERTEX_POINT ( 'NONE', #85 ) ;
#1039 = CARTESIAN_POINT ( 'NONE',  ( -1.100000000000000089, -1.245000000000009432, 2.494999999999996554 ) ) ;
#1040 = ORIENTED_EDGE ( 'NONE', *, *, #1713, .F. ) ;
#1041 = DIRECTION ( 'NONE',  ( -0.0000000000000000000, 3.664953686440814065E-15, -1.000000000000000000 ) ) ;
#1042 = CARTESIAN_POINT ( 'NONE',  ( -1.600002548475836006, -1.245000000000000329, 0.004999999999995676306 ) ) ;
#1043 = ORIENTED_EDGE ( 'NONE', *, *, #1812, .F. ) ;
#1044 = MANIFOLD_SOLID_BREP ( 'Rotate for export to Altium[1]', #1504 ) ;
#1045 = CARTESIAN_POINT ( 'NONE',  ( 1.102071067811865701, 1.249999999999991784, 2.495000000000004992 ) ) ;
#1046 = EDGE_CURVE ( 'NONE', #1235, #306, #1560, .T. ) ;
#1047 = CARTESIAN_POINT ( 'NONE',  ( -1.100000000000000089, -1.246715728752547436, 2.497928932188131057 ) ) ;
#1048 = CARTESIAN_POINT ( 'NONE',  ( -1.104999999999999982, 1.245000000000000329, 0.005000000000004143491 ) ) ;
#1049 = CARTESIAN_POINT ( 'NONE',  ( -1.100000000000000089, -1.745740669421567047E-17, 0.005000000000000000104 ) ) ;
#1050 = EDGE_CURVE ( 'NONE', #756, #1718, #1476, .T. ) ;
#1051 = EDGE_LOOP ( 'NONE', ( #1641, #1462, #1809, #1172 ) ) ;
#1052 = CARTESIAN_POINT ( 'NONE',  ( -1.595002548475836335, -1.245000000000000329, 0.004999999999995653754 ) ) ;
#1053 = LINE ( 'NONE', #222, #501 ) ;
#1054 = EDGE_LOOP ( 'NONE', ( #505, #466, #1340, #704 ) ) ;
#1055 = CARTESIAN_POINT ( 'NONE',  ( -1.600421219084470659, 0.4183324536281263772, 0.004580899772848805174 ) ) ;
#1056 = AXIS2_PLACEMENT_3D ( 'NONE', #374, #1505, #787 ) ;
#1057 = ORIENTED_EDGE ( 'NONE', *, *, #418, .T. ) ;
#1058 = AXIS2_PLACEMENT_3D ( 'NONE', #782, #1354, #1382 ) ;
#1059 = ADVANCED_FACE ( 'NONE', ( #1268 ), #991, .T. ) ;
#1060 = AXIS2_PLACEMENT_3D ( 'NONE', #159, #543, #850 ) ;
#1061 = CARTESIAN_POINT ( 'NONE',  ( 1.104999999999999982, -1.250000000000000000, -4.364351673553916694E-15 ) ) ;
#1062 = DIRECTION ( 'NONE',  ( 0.0000000000000000000, 3.491481338843133355E-15, -1.000000000000000000 ) ) ;
#1063 = EDGE_LOOP ( 'NONE', ( #760, #1299, #195, #1162 ) ) ;
#1064 = FILL_AREA_STYLE_COLOUR ( '', #355 ) ;
#1065 = CARTESIAN_POINT ( 'NONE',  ( 1.100000000000000089, -1.250000000000009104, 2.494999999999996554 ) ) ;
#1066 = CARTESIAN_POINT ( 'NONE',  ( 1.600002547826966381, -1.245001271740198368, 0.004998724425976487119 ) ) ;
#1067 = EDGE_LOOP ( 'NONE', ( #615, #1209, #1697, #1124 ) ) ;
#1068 = CARTESIAN_POINT ( 'NONE',  ( -1.600002548475836006, -1.247945214947779879, 2.496713800931525729 ) ) ;
#1069 = CARTESIAN_POINT ( 'NONE',  ( -1.600000811482417129, 0.4625010146466858596, 2.500000000000352163 ) ) ;
#1070 = ADVANCED_FACE ( 'NONE', ( #1389 ), #1198, .F. ) ;
#1071 = CARTESIAN_POINT ( 'NONE',  ( -1.100000000000000089, -1.246715728752538332, 0.002071067811861134964 ) ) ;
#1072 = MANIFOLD_SOLID_BREP ( 'NONE', #211 ) ;
#1073 =( BOUNDED_SURFACE ( )  B_SPLINE_SURFACE ( 3, 3, ( 
 ( #749, #204, #471, #1144 ),
 ( #755, #719, #1596, #1183 ),
 ( #1001, #592, #59, #1740 ),
 ( #174, #482, #1707, #1042 ) ),
 .UNSPECIFIED., .F., .F., .T. ) 
 B_SPLINE_SURFACE_WITH_KNOTS ( ( 4, 4 ),
 ( 4, 4 ),
 ( 0.0000000000000000000, 1.000000000000000000 ),
 ( 0.0000000000000000000, 1.000000000000000000 ),
 .UNSPECIFIED. ) 
 GEOMETRIC_REPRESENTATION_ITEM ( )  RATIONAL_B_SPLINE_SURFACE ( (
 ( 1.000000000000000000, 0.8002741005225383342, 0.8002741005225383342, 1.000000000000000000),
 ( 0.8047378541243752625, 0.6440108623658220566, 0.6440108623658220566, 0.8047378541243752625),
 ( 0.8047378541243752625, 0.6440108623658220566, 0.6440108623658220566, 0.8047378541243752625),
 ( 1.000000000000000000, 0.8002741005225383342, 0.8002741005225383342, 1.000000000000000000) ) ) 
 REPRESENTATION_ITEM ( '' )  SURFACE ( )  );
#1074 = CARTESIAN_POINT ( 'NONE',  ( 1.102071067811865479, -1.250000000000009548, 2.494999999999996554 ) ) ;
#1075 = CARTESIAN_POINT ( 'NONE',  ( -1.104999999999999982, -1.250000000000008882, 2.494999999999996554 ) ) ;
#1076 = LINE ( 'NONE', #1049, #1185 ) ;
#1077 = CARTESIAN_POINT ( 'NONE',  ( -1.597931480663971060, -1.247925641191826474, 2.500027796409388436 ) ) ;
#1078 = CARTESIAN_POINT ( 'NONE',  ( 1.594999999999999973, 1.239999999999991775, 0.0000000000000000000 ) ) ;
#1079 = LINE ( 'NONE', #249, #1300 ) ;
#1080 = ORIENTED_EDGE ( 'NONE', *, *, #1545, .T. ) ;
#1081 = B_SPLINE_CURVE_WITH_KNOTS ( 'NONE', 3,
 ( #1426, #307, #166, #718 ),
 .UNSPECIFIED., .F., .F.,
 ( 4, 4 ),
 ( 0.0000000000000000000, 1.000000000000000000 ),
 .UNSPECIFIED. ) ;
#1082 = EDGE_CURVE ( 'NONE', #1771, #80, #411, .T. ) ;
#1083 = DIRECTION ( 'NONE',  ( -0.0000000000000000000, 1.000000000000000000, 3.491481338843133355E-15 ) ) ;
#1084 = ORIENTED_EDGE ( 'NONE', *, *, #1207, .F. ) ;
#1085 = CIRCLE ( 'NONE', #1525, 0.005000000000000013115 ) ;
#1086 = CARTESIAN_POINT ( 'NONE',  ( -1.600001348529592526, -1.245002542763482545, 0.002641033882764509157 ) ) ;
#1087 = LINE ( 'NONE', #1061, #31 ) ;
#1088 = DIRECTION ( 'NONE',  ( 0.0000000000000000000, 3.491481338843133355E-15, -1.000000000000000000 ) ) ;
#1089 = AXIS2_PLACEMENT_3D ( 'NONE', #1346, #758, #198 ) ;
#1090 = MECHANICAL_DESIGN_GEOMETRIC_PRESENTATION_REPRESENTATION (  '', ( #1620 ), #1387 ) ;
#1091 = EDGE_CURVE ( 'NONE', #123, #827, #79, .T. ) ;
#1092 = CARTESIAN_POINT ( 'NONE',  ( 1.600002548475836228, -1.244972395873132021, 0.002071197894207403752 ) ) ;
#1093 = VERTEX_POINT ( 'NONE', #308 ) ;
#1094 = CARTESIAN_POINT ( 'NONE',  ( 1.597358971219860813, -1.250000000000009104, 2.495001198652802898 ) ) ;
#1095 = ORIENTED_EDGE ( 'NONE', *, *, #296, .T. ) ;
#1096 = CARTESIAN_POINT ( 'NONE',  ( -1.104999999999999982, -1.245000000000000329, 0.004999999999995653754 ) ) ;
#1097 = LINE ( 'NONE', #224, #124 ) ;
#1098 = CARTESIAN_POINT ( 'NONE',  ( -1.102071067811865257, -1.250000000000009104, 2.497928932188130169 ) ) ;
#1099 = FACE_OUTER_BOUND ( 'NONE', #446, .T. ) ;
#1100 = EDGE_CURVE ( 'NONE', #1038, #629, #738, .T. ) ;
#1101 = ORIENTED_EDGE ( 'NONE', *, *, #1492, .F. ) ;
#1102 = EDGE_CURVE ( 'NONE', #306, #602, #341, .T. ) ;
#1103 = CARTESIAN_POINT ( 'NONE',  ( 1.102071067811865479, 1.249999999999999778, 0.002071067811869700161 ) ) ;
#1104 = ORIENTED_EDGE ( 'NONE', *, *, #667, .T. ) ;
#1105 = FACE_OUTER_BOUND ( 'NONE', #887, .T. ) ;
#1106 = FILL_AREA_STYLE ('',( #9 ) ) ;
#1107 = B_SPLINE_SURFACE_WITH_KNOTS ( 'NONE', 3, 3, ( 
 ( #1423, #344, #1474, #1608 ),
 ( #577, #1339, #846, #1319 ),
 ( #1485, #438, #207, #163 ),
 ( #627, #86, #329, #1617 ) ),
 .UNSPECIFIED., .F., .F., .F.,
 ( 4, 4 ),
 ( 4, 4 ),
 ( 0.0000000000000000000, 1.000000000000000000 ),
 ( 0.0000000000000000000, 1.000000000000000000 ),
 .UNSPECIFIED. ) ;
#1108 = CARTESIAN_POINT ( 'NONE',  ( 1.600000005102629741, -1.245002542080124286, 2.499999999999994671 ) ) ;
#1109 = CARTESIAN_POINT ( 'NONE',  ( 1.597931480663970838, -1.250027796409392211, 0.002074358808178620919 ) ) ;
#1110 = ORIENTED_EDGE ( 'NONE', *, *, #676, .F. ) ;
#1111 = DIRECTION ( 'NONE',  ( 0.0000000000000000000, 1.000000000000000000, 3.318008991245506288E-15 ) ) ;
#1112 = LINE ( 'NONE', #1238, #156 ) ;
#1113 = EDGE_CURVE ( 'NONE', #123, #227, #1605, .T. ) ;
#1114 = VERTEX_POINT ( 'NONE', #1184 ) ;
#1115 = VECTOR ( 'NONE', #1226, 1000.000000000000000 ) ;
#1116 = PLANE ( 'NONE',  #958 ) ;
#1117 = FACE_OUTER_BOUND ( 'NONE', #1511, .T. ) ;
#1118 = UNCERTAINTY_MEASURE_WITH_UNIT (LENGTH_MEASURE( 1.000000000000000082E-05 ), #1533, 'distance_accuracy_value', 'NONE');
#1119 = AXIS2_PLACEMENT_3D ( 'NONE', #173, #1441, #459 ) ;
#1120 = AXIS2_PLACEMENT_3D ( 'NONE', #209, #235, #1494 ) ;
#1121 = EDGE_LOOP ( 'NONE', ( #330, #1405, #1017 ) ) ;
#1122 = CARTESIAN_POINT ( 'NONE',  ( -1.595428134094298178, -0.4083442892161931459, 2.499999999999998224 ) ) ;
#1123 = CARTESIAN_POINT ( 'NONE',  ( -1.099999999999999867, 1.245000000000000107, 0.002071067811869823326 ) ) ;
#1124 = ORIENTED_EDGE ( 'NONE', *, *, #945, .F. ) ;
#1125 = ADVANCED_FACE ( 'NONE', ( #1010 ), #763, .F. ) ;
#1126 = CARTESIAN_POINT ( 'NONE',  ( -1.104999999999999982, -1.245000000000000329, -4.353074664951979966E-15 ) ) ;
#1127 =( NAMED_UNIT ( * ) PLANE_ANGLE_UNIT ( ) SI_UNIT ( $, .RADIAN. ) );
#1128 = DIRECTION ( 'NONE',  ( 1.000000000000000000, -0.0000000000000000000, 0.0000000000000000000 ) ) ;
#1129 =( BOUNDED_SURFACE ( )  B_SPLINE_SURFACE ( 3, 2, ( 
 ( #1350, #90, #646 ),
 ( #507, #1069, #919 ),
 ( #1497, #238, #1122 ),
 ( #1675, #1413, #137 ) ),
 .UNSPECIFIED., .F., .F., .T. ) 
 B_SPLINE_SURFACE_WITH_KNOTS ( ( 4, 4 ),
 ( 3, 3 ),
 ( 0.002500588083271346185, 0.005010555617869060473 ),
 ( 0.0000000000000000000, 1.000000000000000000 ),
 .UNSPECIFIED. ) 
 GEOMETRIC_REPRESENTATION_ITEM ( )  RATIONAL_B_SPLINE_SURFACE ( (
 ( 1.000000000000000000, 0.7065667754556261837, 1.000000000000000000),
 ( 1.000000000000000000, 0.7366697431490861758, 1.000000000000000000),
 ( 1.000000000000000000, 0.7368833512562832366, 1.000000000000000000),
 ( 1.000000000000000000, 0.7072866019659960202, 1.000000000000000000) ) ) 
 REPRESENTATION_ITEM ( '' )  SURFACE ( )  );
#1130 = ORIENTED_EDGE ( 'NONE', *, *, #223, .T. ) ;
#1131 = CARTESIAN_POINT ( 'NONE',  ( -1.600424533698709739, -1.245424113759299400, 0.8349992207946849154 ) ) ;
#1132 = CARTESIAN_POINT ( 'NONE',  ( -1.104999999999999982, 1.244999999999991669, 2.500000000000004885 ) ) ;
#1133 = DIRECTION ( 'NONE',  ( 0.0000000000000000000, -1.000000000000000000, 0.0000000000000000000 ) ) ;
#1134 = ORIENTED_EDGE ( 'NONE', *, *, #795, .F. ) ;
#1135 = CARTESIAN_POINT ( 'NONE',  ( 1.104999999999999982, -1.250000000000000222, 0.004999999999995547936 ) ) ;
#1136 = CARTESIAN_POINT ( 'NONE',  ( -1.600000000000000089, -1.250000000000003109, 0.8333333333333290405 ) ) ;
#1137 = DIRECTION ( 'NONE',  ( 0.0000000000000000000, 3.665650362535584184E-15, -1.000000000000000000 ) ) ;
#1138 = EDGE_CURVE ( 'NONE', #1666, #1630, #1316, .T. ) ;
#1139 = EDGE_LOOP ( 'NONE', ( #1029, #933, #1134, #1487 ) ) ;
#1140 = DIRECTION ( 'NONE',  ( -0.0000000000000000000, 0.0000000000000000000, -1.000000000000000000 ) ) ;
#1141 = CARTESIAN_POINT ( 'NONE',  ( -1.100000000000000089, -1.247928932188143714, 2.496715728752533892 ) ) ;
#1142 = VERTEX_POINT ( 'NONE', #1749 ) ;
#1143 = CARTESIAN_POINT ( 'NONE',  ( 1.100000000000000089, -1.245000000000009432, 2.499999999999995559 ) ) ;
#1144 = CARTESIAN_POINT ( 'NONE',  ( -1.595002548475836335, -1.244952876807834619, 2.220644510289582207E-07 ) ) ;
#1145 = CARTESIAN_POINT ( 'NONE',  ( -1.671111111111111658, -0.4166666666666725694, 1.666666666666665408 ) ) ;
#1146 = CIRCLE ( 'NONE', #1616, 0.005000000000000013115 ) ;
#1147 = B_SPLINE_CURVE_WITH_KNOTS ( 'NONE', 3,
 ( #862, #1314, #770, #1469 ),
 .UNSPECIFIED., .F., .F.,
 ( 4, 4 ),
 ( 0.0000000000000000000, 1.000000000000000000 ),
 .UNSPECIFIED. ) ;
#1148 = LINE ( 'NONE', #1693, #622 ) ;
#1149 = DIRECTION ( 'NONE',  ( 0.0000000000000000000, 0.0000000000000000000, -1.000000000000000000 ) ) ;
#1150 = CIRCLE ( 'NONE', #930, 0.005000000000000013115 ) ;
#1151 = ADVANCED_FACE ( 'NONE', ( #44 ), #858, .F. ) ;
#1152 = VERTEX_POINT ( 'NONE', #1571 ) ;
#1153 = AXIS2_PLACEMENT_3D ( 'NONE', #1258, #551, #830 ) ;
#1154 = DIRECTION ( 'NONE',  ( 1.000000000000000000, 0.0000000000000000000, 0.0000000000000000000 ) ) ;
#1155 = DIRECTION ( 'NONE',  ( -0.0000000000000000000, -3.318008991245452646E-15, 1.000000000000000000 ) ) ;
#1156 = DIRECTION ( 'NONE',  ( 0.0000000000000000000, 3.491481338843133355E-15, -1.000000000000000000 ) ) ;
#1157 = CARTESIAN_POINT ( 'NONE',  ( 1.595000000122581696, 1.239999999999991775, 2.495000000000004547 ) ) ;
#1158 = CARTESIAN_POINT ( 'NONE',  ( 1.600000811482420904, 0.4625010107594057507, 2.557181687270936056E-15 ) ) ;
#1159 = CARTESIAN_POINT ( 'NONE',  ( 1.599999988871334322, 1.249999999994363176, 0.004999152208959500507 ) ) ;
#1160 = ORIENTED_EDGE ( 'NONE', *, *, #1481, .T. ) ;
#1161 = EDGE_CURVE ( 'NONE', #1142, #202, #475, .T. ) ;
#1162 = ORIENTED_EDGE ( 'NONE', *, *, #48, .F. ) ;
#1163 = EDGE_CURVE ( 'NONE', #803, #1666, #750, .T. ) ;
#1164 = CARTESIAN_POINT ( 'NONE',  ( 1.595002548475836113, -1.245000000000008766, 2.494999999999996554 ) ) ;
#1165 = DIRECTION ( 'NONE',  ( 0.0000000000000000000, 1.000000000000000000, 3.388131789017192284E-15 ) ) ;
#1166 = DIRECTION ( 'NONE',  ( -0.0000000000000000000, 1.000000000000000000, 3.491481338843133355E-15 ) ) ;
#1167 = ORIENTED_EDGE ( 'NONE', *, *, #1812, .T. ) ;
#1168 = CARTESIAN_POINT ( 'NONE',  ( 1.105000000000000204, 1.249999999999991784, 2.497928932188140383 ) ) ;
#1169 = CARTESIAN_POINT ( 'NONE',  ( 1.595002548475836113, -1.250027796409401093, 2.497925641191812929 ) ) ;
#1170 = ORIENTED_EDGE ( 'NONE', *, *, #1380, .T. ) ;
#1171 = DIRECTION ( 'NONE',  ( 0.0000000000000000000, 0.0000000000000000000, 1.000000000000000000 ) ) ;
#1172 = ORIENTED_EDGE ( 'NONE', *, *, #881, .T. ) ;
#1173 = CARTESIAN_POINT ( 'NONE',  ( -1.594999999999999973, -1.245000000000009432, 2.499999999999995559 ) ) ;
#1174 = EDGE_CURVE ( 'NONE', #220, #202, #1726, .T. ) ;
#1175 = CARTESIAN_POINT ( 'NONE',  ( -1.594999999999999973, -1.250000000000000000, 0.004999999999995634672 ) ) ;
#1176 = DIRECTION ( 'NONE',  ( 0.0000000000000000000, 3.665650362535584184E-15, -1.000000000000000000 ) ) ;
#1177 = VECTOR ( 'NONE', #1586, 1000.000000000000000 ) ;
#1178 = ORIENTED_EDGE ( 'NONE', *, *, #1555, .F. ) ;
#1179 = VECTOR ( 'NONE', #154, 1000.000000000000000 ) ;
#1180 = ORIENTED_EDGE ( 'NONE', *, *, #973, .F. ) ;
#1181 = CARTESIAN_POINT ( 'NONE',  ( 1.595002559205577874, -1.245000000005467511, 2.499999999999926281 ) ) ;
#1182 = AXIS2_PLACEMENT_3D ( 'NONE', #256, #1062, #1490 ) ;
#1183 = CARTESIAN_POINT ( 'NONE',  ( -1.597931480663970394, -1.244952876807834619, 2.220644512457986552E-07 ) ) ;
#1184 = CARTESIAN_POINT ( 'NONE',  ( 1.595002548475835891, 1.244999999999991669, 2.499999999999838352 ) ) ;
#1185 = VECTOR ( 'NONE', #1486, 1000.000000000000000 ) ;
#1186 = EDGE_CURVE ( 'NONE', #416, #172, #1587, .T. ) ;
#1187 = PLANE ( 'NONE',  #843 ) ;
#1188 = DIRECTION ( 'NONE',  ( 0.0000000000000000000, -1.000000000000000000, -3.318008991245452646E-15 ) ) ;
#1189 = CARTESIAN_POINT ( 'NONE',  ( 1.594999999999999973, 0.0000000000000000000, 0.005000000000004329974 ) ) ;
#1190 = VERTEX_POINT ( 'NONE', #194 ) ;
#1191 = CARTESIAN_POINT ( 'NONE',  ( -1.597931480663971060, -1.250027796409401759, 2.497925641191813373 ) ) ;
#1192 = CYLINDRICAL_SURFACE ( 'NONE', #1056, 0.005000000000000013115 ) ;
#1193 = DIRECTION ( 'NONE',  ( -1.000000000000000000, -0.0000000000000000000, -0.0000000000000000000 ) ) ;
#1194 = VERTEX_POINT ( 'NONE', #51 ) ;
#1195 = DIRECTION ( 'NONE',  ( 0.0000000000000000000, -1.000000000000000000, -3.665650362535584184E-15 ) ) ;
#1196 = CARTESIAN_POINT ( 'NONE',  ( -1.594999999999999973, -1.245000000000000329, 0.004999999999995587835 ) ) ;
#1197 = EDGE_CURVE ( 'NONE', #1499, #123, #1033, .T. ) ;
#1198 = B_SPLINE_SURFACE_WITH_KNOTS ( 'NONE', 3, 3, ( 
 ( #131, #1543, #169, #24 ),
 ( #426, #580, #571, #1136 ),
 ( #1699, #284, #1145, #1523 ),
 ( #149, #1553, #266, #816 ) ),
 .UNSPECIFIED., .F., .F., .F.,
 ( 4, 4 ),
 ( 4, 4 ),
 ( 0.0000000000000000000, 1.000000000000000000 ),
 ( 0.0000000000000000000, 1.000000000000000000 ),
 .UNSPECIFIED. ) ;
#1199 = ORIENTED_EDGE ( 'NONE', *, *, #314, .T. ) ;
#1200 = DIRECTION ( 'NONE',  ( 0.0000000000000000000, -3.664953686440814065E-15, 1.000000000000000000 ) ) ;
#1201 = DIRECTION ( 'NONE',  ( 0.0000000000000000000, -3.491481338843093123E-15, 1.000000000000000000 ) ) ;
#1202 = ORIENTED_EDGE ( 'NONE', *, *, #844, .F. ) ;
#1203 =( BOUNDED_SURFACE ( )  B_SPLINE_SURFACE ( 3, 3, ( 
 ( #1472, #1023, #1035, #1328 ),
 ( #1582, #1742, #343, #1307 ),
 ( #46, #484, #895, #1045 ),
 ( #603, #215, #1168, #765 ) ),
 .UNSPECIFIED., .F., .F., .T. ) 
 B_SPLINE_SURFACE_WITH_KNOTS ( ( 4, 4 ),
 ( 4, 4 ),
 ( 0.0000000000000000000, 1.000000000000000000 ),
 ( 0.0000000000000000000, 1.000000000000000000 ),
 .UNSPECIFIED. ) 
 GEOMETRIC_REPRESENTATION_ITEM ( )  RATIONAL_B_SPLINE_SURFACE ( (
 ( 1.000000000000000000, 0.8047378541243457306, 0.8047378541243457306, 1.000000000000000000),
 ( 0.8047378541243649375, 0.6476030138606722053, 0.6476030138606722053, 0.8047378541243649375),
 ( 0.8047378541243649375, 0.6476030138606722053, 0.6476030138606722053, 0.8047378541243649375),
 ( 1.000000000000000000, 0.8047378541243457306, 0.8047378541243457306, 1.000000000000000000) ) ) 
 REPRESENTATION_ITEM ( '' )  SURFACE ( )  );
#1204 = CARTESIAN_POINT ( 'NONE',  ( 1.100000000000000089, -1.245000000000009432, 2.494999999999996554 ) ) ;
#1205 = CARTESIAN_POINT ( 'NONE',  ( -1.104999999999999982, 1.244999999999991447, 2.495000000000004547 ) ) ;
#1206 = CARTESIAN_POINT ( 'NONE',  ( 1.100000000000000089, 1.245000000000000329, 4.130921194100589175E-15 ) ) ;
#1207 = EDGE_CURVE ( 'NONE', #139, #1323, #1079, .T. ) ;
#1208 = AXIS2_PLACEMENT_3D ( 'NONE', #1691, #685, #990 ) ;
#1209 = ORIENTED_EDGE ( 'NONE', *, *, #795, .T. ) ;
#1210 = STYLED_ITEM ( 'NONE', ( #406 ), #1072 ) ;
#1211 = CARTESIAN_POINT ( 'NONE',  ( -1.102071067811865701, -1.250000000000000222, 0.004999999999995636407 ) ) ;
#1212 = EDGE_LOOP ( 'NONE', ( #861, #165, #1266, #692 ) ) ;
#1213 = VECTOR ( 'NONE', #1336, 1000.000000000000000 ) ;
#1214 = DIRECTION ( 'NONE',  ( 0.0000000000000000000, -1.000000000000000000, -3.491481338843133355E-15 ) ) ;
#1215 = UNCERTAINTY_MEASURE_WITH_UNIT (LENGTH_MEASURE( 1.000000000000000082E-05 ), #1028, 'distance_accuracy_value', 'NONE');
#1216 = ORIENTED_EDGE ( 'NONE', *, *, #111, .F. ) ;
#1217 = CARTESIAN_POINT ( 'NONE',  ( -1.595002548475836113, -1.245000000000009432, 2.499999999999995559 ) ) ;
#1218 = B_SPLINE_CURVE_WITH_KNOTS ( 'NONE', 3,
 ( #1572, #834, #581, #1260 ),
 .UNSPECIFIED., .F., .F.,
 ( 4, 4 ),
 ( 0.0000000000000000000, 1.000000000000000000 ),
 .UNSPECIFIED. ) ;
#1219 = ORIENTED_EDGE ( 'NONE', *, *, #585, .T. ) ;
#1220 = CARTESIAN_POINT ( 'NONE',  ( 1.100000000000000089, 1.245000000000000329, 0.005000000000004143491 ) ) ;
#1221 = DIRECTION ( 'NONE',  ( 0.0000000000000000000, -1.000000000000000000, -3.491481338843133355E-15 ) ) ;
#1222 = CARTESIAN_POINT ( 'NONE',  ( 1.597358971219861257, -1.245001198652804897, -4.344350078940253396E-15 ) ) ;
#1223 = ADVANCED_FACE ( 'NONE', ( #1640 ), #805, .T. ) ;
#1224 = VERTEX_POINT ( 'NONE', #1372 ) ;
#1225 = CARTESIAN_POINT ( 'NONE',  ( -1.599999988871320111, 1.249999999990609068, 0.004999583553259404588 ) ) ;
#1226 = DIRECTION ( 'NONE',  ( 0.0000000000000000000, 1.000000000000000000, 3.491481338843133355E-15 ) ) ;
#1227 = CARTESIAN_POINT ( 'NONE',  ( -1.595002559205575654, -1.245000000005458629, 6.472606912230336655E-14 ) ) ;
#1228 = LINE ( 'NONE', #1785, #1027 ) ;
#1229 = CARTESIAN_POINT ( 'NONE',  ( 1.600001348529592526, -1.245002542763482545, 0.002641033882764534310 ) ) ;
#1230 = VERTEX_POINT ( 'NONE', #1514 ) ;
#1231 = EDGE_CURVE ( 'NONE', #1230, #1718, #110, .T. ) ;
#1232 = CARTESIAN_POINT ( 'NONE',  ( 1.104999999999999982, -1.247928932188143047, 2.499999999999996003 ) ) ;
#1233 = CARTESIAN_POINT ( 'NONE',  ( 1.595420507914339980, 0.4283117249600067455, 2.500000000000000888 ) ) ;
#1234 = CARTESIAN_POINT ( 'NONE',  ( 1.595002548475836113, -1.250027796409392433, 0.002074358808178492115 ) ) ;
#1235 = VERTEX_POINT ( 'NONE', #350 ) ;
#1236 = VECTOR ( 'NONE', #512, 1000.000000000000000 ) ;
#1237 = CARTESIAN_POINT ( 'NONE',  ( -1.595424748446971464, -1.250000000000005995, 1.665000109508974591 ) ) ;
#1238 = CARTESIAN_POINT ( 'NONE',  ( -1.100000000000000089, 1.245000000000000329, 0.005000000000004345586 ) ) ;
#1239 = DIRECTION ( 'NONE',  ( 0.0000000000000000000, -0.0000000000000000000, 1.000000000000000000 ) ) ;
#1240 = AXIS2_PLACEMENT_3D ( 'NONE', #1205, #1464, #1744 ) ;
#1241 = ORIENTED_EDGE ( 'NONE', *, *, #1311, .F. ) ;
#1242 = VECTOR ( 'NONE', #334, 1000.000000000000000 ) ;
#1243 = CARTESIAN_POINT ( 'NONE',  ( 1.600424962139870511, 0.4183324855368269479, 2.495000000000000107 ) ) ;
#1244 = VECTOR ( 'NONE', #1020, 1000.000000000000000 ) ;
#1245 = EDGE_CURVE ( 'NONE', #827, #136, #377, .T. ) ;
#1246 = MECHANICAL_DESIGN_GEOMETRIC_PRESENTATION_REPRESENTATION (  '', ( #561 ), #1535 ) ;
#1247 = CARTESIAN_POINT ( 'NONE',  ( 1.104999999999999982, -1.745740669421567047E-17, 0.005000000000000000104 ) ) ;
#1248 = ADVANCED_FACE ( 'NONE', ( #780 ), #1778, .T. ) ;
#1249 = ORIENTED_EDGE ( 'NONE', *, *, #286, .T. ) ;
#1250 = CARTESIAN_POINT ( 'NONE',  ( -1.104999999999999982, 1.245000000000000329, 4.130921194100589175E-15 ) ) ;
#1251 = CARTESIAN_POINT ( 'NONE',  ( -1.102071067811865701, 1.249999999999991784, 2.495000000000004547 ) ) ;
#1252 = CARTESIAN_POINT ( 'NONE',  ( 1.100000000000000089, 1.245000000000000107, 0.002071067811869808581 ) ) ;
#1253 = ORIENTED_EDGE ( 'NONE', *, *, #1610, .T. ) ;
#1254 = CARTESIAN_POINT ( 'NONE',  ( 1.600002548475836006, -1.245000000000008766, 2.494999999999996110 ) ) ;
#1255 = CARTESIAN_POINT ( 'NONE',  ( 1.104999999999999982, 1.245000000000000329, 4.130921194100589175E-15 ) ) ;
#1256 = ADVANCED_FACE ( 'NONE', ( #1482 ), #523, .F. ) ;
#1257 = ORIENTED_EDGE ( 'NONE', *, *, #540, .T. ) ;
#1258 = CARTESIAN_POINT ( 'NONE',  ( 1.104999999999999982, -8.711245940413618353E-15, 2.495000000000000107 ) ) ;
#1259 = FACE_OUTER_BOUND ( 'NONE', #1139, .T. ) ;
#1260 = CARTESIAN_POINT ( 'NONE',  ( -1.595002548475836557, -1.250000000000000222, 0.004999999999995667632 ) ) ;
#1261 =( NAMED_UNIT ( * ) PLANE_ANGLE_UNIT ( ) SI_UNIT ( $, .RADIAN. ) );
#1262 =( BOUNDED_SURFACE ( )  B_SPLINE_SURFACE ( 3, 2, ( 
 ( #599, #322, #22 ),
 ( #883, #855, #748 ),
 ( #578, #1008, #441 ),
 ( #1303, #735, #481 ) ),
 .UNSPECIFIED., .F., .F., .T. ) 
 B_SPLINE_SURFACE_WITH_KNOTS ( ( 4, 4 ),
 ( 3, 3 ),
 ( 0.002520555514335981202, 0.005030523048898127153 ),
 ( 0.0000000000000000000, 1.000000000000000000 ),
 .UNSPECIFIED. ) 
 GEOMETRIC_REPRESENTATION_ITEM ( )  RATIONAL_B_SPLINE_SURFACE ( (
 ( 1.000000000000000000, 0.7072866019659991288, 1.000000000000000000),
 ( 1.000000000000000000, 0.7368833512203014635, 1.000000000000000000),
 ( 1.000000000000000000, 0.7366697431883723057, 1.000000000000000000),
 ( 1.000000000000000000, 0.7065667754517133137, 1.000000000000000000) ) ) 
 REPRESENTATION_ITEM ( '' )  SURFACE ( )  );
#1263 = ORIENTED_EDGE ( 'NONE', *, *, #1231, .F. ) ;
#1264 = EDGE_CURVE ( 'NONE', #1034, #1026, #673, .T. ) ;
#1265 = CARTESIAN_POINT ( 'NONE',  ( -1.600002547875937875, -1.245001526265462566, 2.495001179296219007 ) ) ;
#1266 = ORIENTED_EDGE ( 'NONE', *, *, #212, .T. ) ;
#1267 = CIRCLE ( 'NONE', #1384, 0.005000000000000013115 ) ;
#1268 = FACE_OUTER_BOUND ( 'NONE', #1556, .T. ) ;
#1269 = CARTESIAN_POINT ( 'NONE',  ( 1.100000000000000089, -1.247928932188134832, 0.004999999999995676306 ) ) ;
#1270 = AXIS2_PLACEMENT_3D ( 'NONE', #974, #1554, #309 ) ;
#1271 = CARTESIAN_POINT ( 'NONE',  ( 1.600002548475836006, -1.247945214947771220, 0.003286199068466332928 ) ) ;
#1272 = FACE_OUTER_BOUND ( 'NONE', #1051, .T. ) ;
#1273 = CARTESIAN_POINT ( 'NONE',  ( -1.104999999999999982, -1.245000000000000329, -4.336808689942017736E-15 ) ) ;
#1274 = ORIENTED_EDGE ( 'NONE', *, *, #1754, .T. ) ;
#1275 = ADVANCED_FACE ( 'NONE', ( #1614 ), #368, .F. ) ;
#1276 = SURFACE_STYLE_FILL_AREA ( #1106 ) ;
#1277 = CARTESIAN_POINT ( 'NONE',  ( 1.100000000000000089, -1.245000000000000551, 0.002071067811861139734 ) ) ;
#1278 = DIRECTION ( 'NONE',  ( 0.0000000000000000000, 0.0000000000000000000, 1.000000000000000000 ) ) ;
#1279 = EDGE_LOOP ( 'NONE', ( #440, #264, #868, #1167 ) ) ;
#1280 =( NAMED_UNIT ( * ) SI_UNIT ( $, .STERADIAN. ) SOLID_ANGLE_UNIT ( ) );
#1281 = CARTESIAN_POINT ( 'NONE',  ( -1.100000000000000089, -1.245000000000009210, 2.494999999999996554 ) ) ;
#1282 = VERTEX_POINT ( 'NONE', #902 ) ;
#1283 = CARTESIAN_POINT ( 'NONE',  ( 1.100000000000000089, -1.250000000000009104, 2.494999999999996554 ) ) ;
#1284 = EDGE_CURVE ( 'NONE', #1021, #1093, #1053, .T. ) ;
#1285 = CARTESIAN_POINT ( 'NONE',  ( 1.600002547826966381, -1.245001271740198368, 0.004998724425976487119 ) ) ;
#1286 = LINE ( 'NONE', #1562, #3 ) ;
#1287 = ORIENTED_EDGE ( 'NONE', *, *, #87, .F. ) ;
#1288 = CARTESIAN_POINT ( 'NONE',  ( 1.104999999999999982, 1.244999999999991447, 2.495000000000004547 ) ) ;
#1289 = APPLICATION_CONTEXT ( 'automotive_design' ) ;
#1290 = DIRECTION ( 'NONE',  ( 1.000000000000000000, -0.0000000000000000000, -0.0000000000000000000 ) ) ;
#1291 = DIRECTION ( 'NONE',  ( 1.000000000000000000, -0.0000000000000000000, -0.0000000000000000000 ) ) ;
#1292 = CARTESIAN_POINT ( 'NONE',  ( -1.104999999999999982, 1.245000000000000329, 0.005000000000004349923 ) ) ;
#1293 = VECTOR ( 'NONE', #1335, 1000.000000000000000 ) ;
#1294 = DIRECTION ( 'NONE',  ( -0.0000000000000000000, 1.000000000000000000, 3.664953686440814065E-15 ) ) ;
#1295 = EDGE_CURVE ( 'NONE', #1399, #1630, #1379, .T. ) ;
#1296 = AXIS2_PLACEMENT_3D ( 'NONE', #1247, #1214, #539 ) ;
#1297 = COLOUR_RGB ( '',0.8274509803921568096, 0.8392156862745098200, 0.8274509803921568096 ) ;
#1298 = ADVANCED_FACE ( 'NONE', ( #1625 ), #761, .T. ) ;
#1299 = ORIENTED_EDGE ( 'NONE', *, *, #390, .T. ) ;
#1300 = VECTOR ( 'NONE', #799, 1000.000000000000000 ) ;
#1301 =( GEOMETRIC_REPRESENTATION_CONTEXT ( 3 ) GLOBAL_UNCERTAINTY_ASSIGNED_CONTEXT ( ( #910 ) ) GLOBAL_UNIT_ASSIGNED_CONTEXT ( ( #107, #479, #888 ) ) REPRESENTATION_CONTEXT ( 'NONE', 'WORKASPACE' ) );
#1302 = VERTEX_POINT ( 'NONE', #1408 ) ;
#1303 = CARTESIAN_POINT ( 'NONE',  ( -1.599992339040356315, 1.264969987339730650, 0.005007633918282094511 ) ) ;
#1304 = CARTESIAN_POINT ( 'NONE',  ( -1.100000000000000089, 1.245000000000000329, 4.130132650811968453E-15 ) ) ;
#1305 = DIRECTION ( 'NONE',  ( 0.0000000000000000000, 3.318008991245452646E-15, -1.000000000000000000 ) ) ;
#1306 = EDGE_LOOP ( 'NONE', ( #1253, #1611, #520, #52 ) ) ;
#1307 = CARTESIAN_POINT ( 'NONE',  ( 1.100000000000000089, 1.247928932188127060, 2.495000000000004992 ) ) ;
#1308 = DIRECTION ( 'NONE',  ( -0.0000000000000000000, -1.000000000000000000, -0.0000000000000000000 ) ) ;
#1309 = ORIENTED_EDGE ( 'NONE', *, *, #16, .T. ) ;
#1310 = CARTESIAN_POINT ( 'NONE',  ( 1.595000000032869236, 1.239999999999991775, 2.495000000000000551 ) ) ;
#1311 = EDGE_CURVE ( 'NONE', #560, #899, #964, .T. ) ;
#1312 = EDGE_LOOP ( 'NONE', ( #118, #885, #1495, #831 ) ) ;
#1313 =( BOUNDED_SURFACE ( )  B_SPLINE_SURFACE ( 3, 2, ( 
 ( #1542, #283, #395 ),
 ( #982, #959, #1667 ),
 ( #298, #553, #1698 ),
 ( #405, #1388, #1427 ) ),
 .UNSPECIFIED., .F., .F., .T. ) 
 B_SPLINE_SURFACE_WITH_KNOTS ( ( 4, 4 ),
 ( 3, 3 ),
 ( 0.002520555514335977298, 0.005010555617869058738 ),
 ( 0.0000000000000000000, 1.000000000000000000 ),
 .UNSPECIFIED. ) 
 GEOMETRIC_REPRESENTATION_ITEM ( )  RATIONAL_B_SPLINE_SURFACE ( (
 ( 1.000000000000000000, 0.7072866019659960202, 1.000000000000000000),
 ( 1.000000000000000000, 0.7366565833975249333, 1.000000000000000000),
 ( 1.000000000000000000, 0.7366565834297538196, 1.000000000000000000),
 ( 1.000000000000000000, 0.7072866019659653780, 1.000000000000000000) ) ) 
 REPRESENTATION_ITEM ( '' )  SURFACE ( )  );
#1314 = CARTESIAN_POINT ( 'NONE',  ( -1.597358971219860813, -1.250000000000009104, 2.495001198652802898 ) ) ;
#1315 = PLANE ( 'NONE',  #93 ) ;
#1316 = LINE ( 'NONE', #316, #1213 ) ;
#1317 = ORIENTED_EDGE ( 'NONE', *, *, #265, .T. ) ;
#1318 = CARTESIAN_POINT ( 'NONE',  ( -500000.0000000000582, -1.245000000000009432, 2.494999999999996554 ) ) ;
#1319 = CARTESIAN_POINT ( 'NONE',  ( 1.600000000000000089, -1.250000000000003109, 0.8333333333333290405 ) ) ;
#1320 = EDGE_LOOP ( 'NONE', ( #12, #768, #1750, #985 ) ) ;
#1321 = PLANE ( 'NONE',  #1768 ) ;
#1322 = ADVANCED_FACE ( 'NONE', ( #568 ), #1424, .T. ) ;
#1323 = VERTEX_POINT ( 'NONE', #432 ) ;
#1324 = DIRECTION ( 'NONE',  ( 0.0000000000000000000, 1.000000000000000000, 0.0000000000000000000 ) ) ;
#1325 = DIRECTION ( 'NONE',  ( 0.0000000000000000000, 1.000000000000000000, 3.491481338843133355E-15 ) ) ;
#1326 =( BOUNDED_SURFACE ( )  B_SPLINE_SURFACE ( 3, 3, ( 
 ( #271, #281, #5, #1414 ),
 ( #1123, #155, #1808, #1658 ),
 ( #1689, #707, #288, #946 ),
 ( #15, #394, #1550, #987 ) ),
 .UNSPECIFIED., .F., .F., .T. ) 
 B_SPLINE_SURFACE_WITH_KNOTS ( ( 4, 4 ),
 ( 4, 4 ),
 ( 0.0000000000000000000, 1.000000000000000000 ),
 ( 0.0000000000000000000, 1.000000000000000000 ),
 .UNSPECIFIED. ) 
 GEOMETRIC_REPRESENTATION_ITEM ( )  RATIONAL_B_SPLINE_SURFACE ( (
 ( 1.000000000000000000, 0.8047378541243640493, 0.8047378541243640493, 1.000000000000000000),
 ( 0.8047378541243650485, 0.6476030138606870823, 0.6476030138606870823, 0.8047378541243650485),
 ( 0.8047378541243650485, 0.6476030138606870823, 0.6476030138606870823, 0.8047378541243650485),
 ( 1.000000000000000000, 0.8047378541243640493, 0.8047378541243640493, 1.000000000000000000) ) ) 
 REPRESENTATION_ITEM ( '' )  SURFACE ( )  );
#1327 = ORIENTED_EDGE ( 'NONE', *, *, #1569, .T. ) ;
#1328 = CARTESIAN_POINT ( 'NONE',  ( 1.100000000000000089, 1.244999999999991891, 2.495000000000004992 ) ) ;
#1329 = AXIS2_PLACEMENT_3D ( 'NONE', #340, #579, #323 ) ;
#1330 = VERTEX_POINT ( 'NONE', #698 ) ;
#1331 = CARTESIAN_POINT ( 'NONE',  ( 1.590000000000000080, 1.245000000000000107, 0.005000000000004239768 ) ) ;
#1332 = VECTOR ( 'NONE', #1128, 1000.000000000000000 ) ;
#1333 = VERTEX_POINT ( 'NONE', #164 ) ;
#1334 = VECTOR ( 'NONE', #912, 1000.000000000000000 ) ;
#1335 = DIRECTION ( 'NONE',  ( -1.000000000000000000, 0.0000000000000000000, -0.0000000000000000000 ) ) ;
#1336 = DIRECTION ( 'NONE',  ( -1.000000000000000000, -0.0000000000000000000, -0.0000000000000000000 ) ) ;
#1337 = ORIENTED_EDGE ( 'NONE', *, *, #898, .T. ) ;
#1338 = ADVANCED_FACE ( 'NONE', ( #837 ), #1326, .T. ) ;
#1339 = CARTESIAN_POINT ( 'NONE',  ( 1.671111111111111658, 0.4166666666666638541, 0.8333333333333350357 ) ) ;
#1340 = ORIENTED_EDGE ( 'NONE', *, *, #485, .F. ) ;
#1341 = LINE ( 'NONE', #638, #68 ) ;
#1342 = FACE_OUTER_BOUND ( 'NONE', #478, .T. ) ;
#1343 = ORIENTED_EDGE ( 'NONE', *, *, #1022, .T. ) ;
#1344 = DIRECTION ( 'NONE',  ( -1.000000000000000000, 0.0000000000000000000, -0.0000000000000000000 ) ) ;
#1345 = EDGE_CURVE ( 'NONE', #1224, #1152, #705, .T. ) ;
#1346 = CARTESIAN_POINT ( 'NONE',  ( -500000.0000000000582, -1.245000000000000329, 0.004999999999995652887 ) ) ;
#1347 = VERTEX_POINT ( 'NONE', #424 ) ;
#1348 = APPLICATION_PROTOCOL_DEFINITION ( 'draft international standard', 'automotive_design', 1998, #1783 ) ;
#1349 = CARTESIAN_POINT ( 'NONE',  ( -1.595002548475836113, -1.250027796409401759, 2.497925641191813373 ) ) ;
#1350 = CARTESIAN_POINT ( 'NONE',  ( -1.599992339040412048, 1.264969987231673532, 2.494992366081781654 ) ) ;
#1351 = CARTESIAN_POINT ( 'NONE',  ( -1.100000000000000089, -1.247928932188134610, 0.004999999999995642479 ) ) ;
#1352 = ORIENTED_EDGE ( 'NONE', *, *, #525, .T. ) ;
#1353 = CARTESIAN_POINT ( 'NONE',  ( 1.104999999999999982, -1.245000000000009432, 2.499999999999996003 ) ) ;
#1354 = DIRECTION ( 'NONE',  ( 1.000000000000000000, 0.0000000000000000000, -0.0000000000000000000 ) ) ;
#1355 = DIRECTION ( 'NONE',  ( -1.000000000000000000, -0.0000000000000000000, -0.0000000000000000000 ) ) ;
#1356 = VECTOR ( 'NONE', #1592, 1000.000000000000000 ) ;
#1357 = ADVANCED_FACE ( 'NONE', ( #128 ), #1394, .T. ) ;
#1358 = CIRCLE ( 'NONE', #1240, 0.005000000000000229955 ) ;
#1359 = DIRECTION ( 'NONE',  ( 1.000000000000000000, 0.0000000000000000000, 0.0000000000000000000 ) ) ;
#1360 = CARTESIAN_POINT ( 'NONE',  ( 1.100000000000000089, -1.245000000000009432, 2.499999999999995559 ) ) ;
#1361 = CARTESIAN_POINT ( 'NONE',  ( -1.104999999999999982, -1.250000000000000222, 0.002071067811861112412 ) ) ;
#1362 = ORIENTED_EDGE ( 'NONE', *, *, #201, .F. ) ;
#1363 = VECTOR ( 'NONE', #313, 1000.000000000000000 ) ;
#1364 = CARTESIAN_POINT ( 'NONE',  ( -1.595002548475836557, 1.245000000000000773, 1.700442614423474891E-13 ) ) ;
#1365 = VECTOR ( 'NONE', #245, 1000.000000000000000 ) ;
#1366 = CARTESIAN_POINT ( 'NONE',  ( 1.595002535600112070, 1.244999999993514184, 8.719604911806849135E-14 ) ) ;
#1367 = DIRECTION ( 'NONE',  ( -1.000000000000000000, 0.0000000000000000000, 0.0000000000000000000 ) ) ;
#1368 = CYLINDRICAL_SURFACE ( 'NONE', #1392, 0.005000000000000229955 ) ;
#1369 = ORIENTED_EDGE ( 'NONE', *, *, #1412, .F. ) ;
#1370 = ADVANCED_FACE ( 'NONE', ( #1398 ), #691, .T. ) ;
#1371 = CARTESIAN_POINT ( 'NONE',  ( -1.100000000000000089, -1.250000000000000000, -4.364351673553916694E-15 ) ) ;
#1372 = CARTESIAN_POINT ( 'NONE',  ( 1.104999999999999982, -1.250000000000009326, 2.494999999999996554 ) ) ;
#1373 = EDGE_LOOP ( 'NONE', ( #1421, #1257, #1309, #317 ) ) ;
#1374 = CARTESIAN_POINT ( 'NONE',  ( 1.594992345522817434, 1.264967428462067556, 2.500000000000003997 ) ) ;
#1375 = FILL_AREA_STYLE ('',( #802 ) ) ;
#1376 = EDGE_LOOP ( 'NONE', ( #1440, #1263, #605, #1541, #1249 ) ) ;
#1377 = DIRECTION ( 'NONE',  ( -1.000000000000000000, -0.0000000000000000000, -0.0000000000000000000 ) ) ;
#1378 = ADVANCED_FACE ( 'NONE', ( #1540 ), #1262, .T. ) ;
#1379 = LINE ( 'NONE', #117, #247 ) ;
#1380 = EDGE_CURVE ( 'NONE', #1718, #250, #1738, .T. ) ;
#1381 = CARTESIAN_POINT ( 'NONE',  ( 1.099999999999999867, -1.247928932188143936, 2.494999999999996554 ) ) ;
#1382 = DIRECTION ( 'NONE',  ( -0.0000000000000000000, 0.0000000000000000000, -1.000000000000000000 ) ) ;
#1383 = ORIENTED_EDGE ( 'NONE', *, *, #1245, .F. ) ;
#1384 = AXIS2_PLACEMENT_3D ( 'NONE', #875, #619, #1165 ) ;
#1385 = DIRECTION ( 'NONE',  ( -0.0000000000000000000, 3.664953686440814065E-15, -1.000000000000000000 ) ) ;
#1386 = VECTOR ( 'NONE', #938, 1000.000000000000000 ) ;
#1387 =( GEOMETRIC_REPRESENTATION_CONTEXT ( 3 ) GLOBAL_UNCERTAINTY_ASSIGNED_CONTEXT ( ( #277 ) ) GLOBAL_UNIT_ASSIGNED_CONTEXT ( ( #511, #1780, #251 ) ) REPRESENTATION_CONTEXT ( 'NONE', 'WORKASPACE' ) );
#1388 = CARTESIAN_POINT ( 'NONE',  ( 1.600000005102630407, -1.250000000000000888, 0.004997457919881501988 ) ) ;
#1389 = FACE_OUTER_BOUND ( 'NONE', #311, .T. ) ;
#1390 = AXIS2_PLACEMENT_3D ( 'NONE', #1526, #820, #1396 ) ;
#1391 = EDGE_CURVE ( 'NONE', #629, #1230, #182, .T. ) ;
#1392 = AXIS2_PLACEMENT_3D ( 'NONE', #69, #1609, #98 ) ;
#1393 = FACE_OUTER_BOUND ( 'NONE', #151, .T. ) ;
#1394 =( BOUNDED_SURFACE ( )  B_SPLINE_SURFACE ( 3, 3, ( 
 ( #716, #822, #1558, #980 ),
 ( #297, #847, #1676, #1252 ),
 ( #542, #1103, #1665, #402 ),
 ( #415, #1817, #956, #1528 ) ),
 .UNSPECIFIED., .F., .F., .T. ) 
 B_SPLINE_SURFACE_WITH_KNOTS ( ( 4, 4 ),
 ( 4, 4 ),
 ( 0.0000000000000000000, 1.000000000000000000 ),
 ( 0.0000000000000000000, 1.000000000000000000 ),
 .UNSPECIFIED. ) 
 GEOMETRIC_REPRESENTATION_ITEM ( )  RATIONAL_B_SPLINE_SURFACE ( (
 ( 1.000000000000000000, 0.8047378541243750405, 0.8047378541243750405, 1.000000000000000000),
 ( 0.8047378541243649375, 0.6476030138606957420, 0.6476030138606957420, 0.8047378541243649375),
 ( 0.8047378541243649375, 0.6476030138606957420, 0.6476030138606957420, 0.8047378541243649375),
 ( 1.000000000000000000, 0.8047378541243750405, 0.8047378541243750405, 1.000000000000000000) ) ) 
 REPRESENTATION_ITEM ( '' )  SURFACE ( )  );
#1395 = ORIENTED_EDGE ( 'NONE', *, *, #1113, .F. ) ;
#1396 = DIRECTION ( 'NONE',  ( 0.0000000000000000000, -1.000000000000000000, -3.664953686440828264E-15 ) ) ;
#1397 = CARTESIAN_POINT ( 'NONE',  ( -1.600002547875937875, -1.245001526265462566, 2.495001179296219007 ) ) ;
#1398 = FACE_OUTER_BOUND ( 'NONE', #337, .T. ) ;
#1399 = VERTEX_POINT ( 'NONE', #1018 ) ;
#1400 = CARTESIAN_POINT ( 'NONE',  ( -1.104999999999999982, -1.250000000000009326, 2.494999999999996554 ) ) ;
#1401 = LINE ( 'NONE', #1, #1794 ) ;
#1402 = EDGE_CURVE ( 'NONE', #2, #640, #232, .T. ) ;
#1403 = CARTESIAN_POINT ( 'NONE',  ( 1.597931480663970616, -1.249999777935544953, 0.005047123192161544203 ) ) ;
#1404 =( NAMED_UNIT ( * ) SI_UNIT ( $, .STERADIAN. ) SOLID_ANGLE_UNIT ( ) );
#1405 = ORIENTED_EDGE ( 'NONE', *, *, #1510, .F. ) ;
#1406 = CARTESIAN_POINT ( 'NONE',  ( -1.600000816326135444, -1.250000000000527578, 1.698092100584238207 ) ) ;
#1407 = CARTESIAN_POINT ( 'NONE',  ( -1.100000000000000089, 1.247928932188126394, 2.495000000000004547 ) ) ;
#1408 = CARTESIAN_POINT ( 'NONE',  ( 1.104999999999999982, 1.245000000000000329, 4.289758952144721015E-15 ) ) ;
#1409 = CARTESIAN_POINT ( 'NONE',  ( 1.600000005102629519, -1.245002542080115182, -4.344258278538670303E-15 ) ) ;
#1410 = CARTESIAN_POINT ( 'NONE',  ( 1.600002548475836006, -1.245000000000000551, 0.004999999999995547936 ) ) ;
#1411 = ORIENTED_EDGE ( 'NONE', *, *, #1425, .T. ) ;
#1412 = EDGE_CURVE ( 'NONE', #853, #1779, #10, .T. ) ;
#1413 = CARTESIAN_POINT ( 'NONE',  ( -1.600000005102629741, -1.245002542080124286, 2.499999999999994671 ) ) ;
#1414 = CARTESIAN_POINT ( 'NONE',  ( -1.100000000000000089, 1.245000000000000329, 0.005000000000004566764 ) ) ;
#1415 = CIRCLE ( 'NONE', #524, 0.005000000000000013115 ) ;
#1416 = DIRECTION ( 'NONE',  ( 0.0000000000000000000, -1.000000000000000000, -3.491481338843133355E-15 ) ) ;
#1417 = CARTESIAN_POINT ( 'NONE',  ( 1.595428134091428696, -0.4083442934286610759, -1.423264199936858598E-15 ) ) ;
#1418 = AXIS2_PLACEMENT_3D ( 'NONE', #1436, #825, #420 ) ;
#1419 = AXIS2_PLACEMENT_3D ( 'NONE', #590, #1767, #1784 ) ;
#1420 = CIRCLE ( 'NONE', #1711, 0.005000000000000229955 ) ;
#1421 = ORIENTED_EDGE ( 'NONE', *, *, #783, .F. ) ;
#1422 = DIRECTION ( 'NONE',  ( 1.000000000000000000, 0.0000000000000000000, 0.0000000000000000000 ) ) ;
#1423 = CARTESIAN_POINT ( 'NONE',  ( 1.600000000000000089, 1.250000000000000000, 4.364351673553916694E-15 ) ) ;
#1424 = PLANE ( 'NONE',  #1534 ) ;
#1425 = EDGE_CURVE ( 'NONE', #1323, #1779, #42, .T. ) ;
#1426 = CARTESIAN_POINT ( 'NONE',  ( -1.595002535600108740, 1.244999999993505302, 2.499999999999921396 ) ) ;
#1427 = CARTESIAN_POINT ( 'NONE',  ( 1.600002547182086676, -1.245002543373206816, 0.004997456626789830922 ) ) ;
#1428 = DIRECTION ( 'NONE',  ( 0.0000000000000000000, 1.000000000000000000, 0.0000000000000000000 ) ) ;
#1429 = ORIENTED_EDGE ( 'NONE', *, *, #743, .F. ) ;
#1430 = VERTEX_POINT ( 'NONE', #1030 ) ;
#1431 = DIRECTION ( 'NONE',  ( 0.0000000000000000000, 1.000000000000000000, 3.557538378468051958E-15 ) ) ;
#1432 = ADVANCED_FACE ( 'NONE', ( #49 ), #754, .T. ) ;
#1433 = LINE ( 'NONE', #332, #584 ) ;
#1434 = DIRECTION ( 'NONE',  ( -0.0000000000000000000, 1.000000000000000000, 3.664953686440814065E-15 ) ) ;
#1435 = EDGE_CURVE ( 'NONE', #2, #1499, #1764, .T. ) ;
#1436 = CARTESIAN_POINT ( 'NONE',  ( 1.104999999999999982, 1.245000000000000329, 0.005000000000004347321 ) ) ;
#1437 = FACE_OUTER_BOUND ( 'NONE', #1373, .T. ) ;
#1438 = ORIENTED_EDGE ( 'NONE', *, *, #563, .T. ) ;
#1439 = CARTESIAN_POINT ( 'NONE',  ( -1.594999999999999973, 0.0000000000000000000, 0.0000000000000000000 ) ) ;
#1440 = ORIENTED_EDGE ( 'NONE', *, *, #473, .F. ) ;
#1441 = DIRECTION ( 'NONE',  ( 0.0000000000000000000, 3.318008991245452646E-15, -1.000000000000000000 ) ) ;
#1442 = CARTESIAN_POINT ( 'NONE',  ( -1.600000000000000089, 1.249999999999996003, 1.250000000000004441 ) ) ;
#1443 = CARTESIAN_POINT ( 'NONE',  ( 1.104999999999999982, -1.245000000000009432, 2.494999999999996554 ) ) ;
#1444 = AXIS2_PLACEMENT_3D ( 'NONE', #1052, #1470, #221 ) ;
#1445 = EDGE_CURVE ( 'NONE', #1026, #92, #530, .T. ) ;
#1446 = DIRECTION ( 'NONE',  ( 0.0000000000000000000, 1.000000000000000000, 0.0000000000000000000 ) ) ;
#1447 = AXIS2_PLACEMENT_3D ( 'NONE', #833, #175, #632 ) ;
#1448 = ORIENTED_EDGE ( 'NONE', *, *, #134, .F. ) ;
#1449 = DIRECTION ( 'NONE',  ( -0.0000000000000000000, 1.000000000000000000, 3.664953686440814065E-15 ) ) ;
#1450 = FACE_OUTER_BOUND ( 'NONE', #7, .T. ) ;
#1451 = DIRECTION ( 'NONE',  ( 1.000000000000000000, 0.0000000000000000000, 0.0000000000000000000 ) ) ;
#1452 =( BOUNDED_CURVE ( )  B_SPLINE_CURVE ( 3, ( #108, #900, #237, #488 ),
 .UNSPECIFIED., .F., .T. ) 
 B_SPLINE_CURVE_WITH_KNOTS ( ( 4, 4 ),
 ( 0.0000000000000000000, 1.000000000000000000 ),
 .UNSPECIFIED. ) 
 CURVE ( )  GEOMETRIC_REPRESENTATION_ITEM ( )  RATIONAL_B_SPLINE_CURVE ( ( 0.9999962975252133512, 0.9999966713025829623, 0.9999966717525902160, 0.9999962998561275906 ) ) 
 REPRESENTATION_ITEM ( '' )  );
#1453 = PLANE ( 'NONE',  #871 ) ;
#1454 = FACE_OUTER_BOUND ( 'NONE', #1320, .T. ) ;
#1455 = VERTEX_POINT ( 'NONE', #1706 ) ;
#1456 = CARTESIAN_POINT ( 'NONE',  ( 1.600000000000000089, 1.249999999999996003, 1.250000000000004441 ) ) ;
#1457 = EDGE_LOOP ( 'NONE', ( #1737, #1775, #1160, #1601 ) ) ;
#1458 = DIRECTION ( 'NONE',  ( 0.0000000000000000000, -3.664953686440814065E-15, 1.000000000000000000 ) ) ;
#1459 = B_SPLINE_CURVE_WITH_KNOTS ( 'NONE', 3,
 ( #1728, #464, #876, #75 ),
 .UNSPECIFIED., .F., .F.,
 ( 4, 4 ),
 ( 0.0000000000000000000, 1.000000000000000000 ),
 .UNSPECIFIED. ) ;
#1460 = DIRECTION ( 'NONE',  ( 0.0000000000000000000, 0.0000000000000000000, 1.000000000000000000 ) ) ;
#1461 = CARTESIAN_POINT ( 'NONE',  ( 1.600001348529592970, -1.247358966117231738, 0.004997457236514107198 ) ) ;
#1462 = ORIENTED_EDGE ( 'NONE', *, *, #1555, .T. ) ;
#1463 = CARTESIAN_POINT ( 'NONE',  ( 1.599999988871320111, 1.249999999990600852, 2.494999992551214074 ) ) ;
#1464 = DIRECTION ( 'NONE',  ( -1.000000000000000000, 0.0000000000000000000, 0.0000000000000000000 ) ) ;
#1465 = ORIENTED_EDGE ( 'NONE', *, *, #582, .F. ) ;
#1466 = LINE ( 'NONE', #89, #907 ) ;
#1467 = EDGE_LOOP ( 'NONE', ( #1095, #1741, #319, #957 ) ) ;
#1468 = EDGE_CURVE ( 'NONE', #123, #136, #1709, .T. ) ;
#1469 = CARTESIAN_POINT ( 'NONE',  ( -1.600002547875937875, -1.245001526265462566, 2.495001179296219007 ) ) ;
#1470 = DIRECTION ( 'NONE',  ( -1.000000000000000000, -0.0000000000000000000, -0.0000000000000000000 ) ) ;
#1471 = ORIENTED_EDGE ( 'NONE', *, *, #1197, .F. ) ;
#1472 = CARTESIAN_POINT ( 'NONE',  ( 1.100000000000000089, 1.244999999999991669, 2.495000000000004547 ) ) ;
#1473 = VECTOR ( 'NONE', #600, 1000.000000000000000 ) ;
#1474 = CARTESIAN_POINT ( 'NONE',  ( 1.600000000000000089, -0.4166666666666666297, -1.454783891184639161E-15 ) ) ;
#1475 = CIRCLE ( 'NONE', #675, 0.005000000000000013115 ) ;
#1476 = CIRCLE ( 'NONE', #589, 0.005000000000000229955 ) ;
#1477 = AXIS2_PLACEMENT_3D ( 'NONE', #1603, #339, #1431 ) ;
#1478 = ORIENTED_EDGE ( 'NONE', *, *, #1264, .T. ) ;
#1479 = CARTESIAN_POINT ( 'NONE',  ( -1.597358971219861257, -1.245001198652804897, -4.344431986467306439E-15 ) ) ;
#1480 = PRESENTATION_LAYER_ASSIGNMENT (  '', '', ( #533 ) ) ;
#1481 = EDGE_CURVE ( 'NONE', #92, #1347, #965, .T. ) ;
#1482 = FACE_OUTER_BOUND ( 'NONE', #282, .T. ) ;
#1483 = VERTEX_POINT ( 'NONE', #32 ) ;
#1484 = CARTESIAN_POINT ( 'NONE',  ( 1.100000000000000089, -1.245000000000009432, 2.494999999999996554 ) ) ;
#1485 = CARTESIAN_POINT ( 'NONE',  ( 1.600000000000000089, 1.249999999999994449, 1.666666666666671182 ) ) ;
#1486 = DIRECTION ( 'NONE',  ( 0.0000000000000000000, -1.000000000000000000, -3.491481338843133355E-15 ) ) ;
#1487 = ORIENTED_EDGE ( 'NONE', *, *, #997, .F. ) ;
#1488 = B_SPLINE_CURVE_WITH_KNOTS ( 'NONE', 3,
 ( #1664, #697, #1094, #1688 ),
 .UNSPECIFIED., .F., .F.,
 ( 4, 4 ),
 ( 0.0000000000000000000, 1.000000000000000000 ),
 .UNSPECIFIED. ) ;
#1489 = FACE_OUTER_BOUND ( 'NONE', #115, .T. ) ;
#1490 = DIRECTION ( 'NONE',  ( 0.0000000000000000000, 1.000000000000000000, 3.491481338843133355E-15 ) ) ;
#1491 = EDGE_CURVE ( 'NONE', #1483, #1746, #1081, .T. ) ;
#1492 = EDGE_CURVE ( 'NONE', #717, #724, #100, .T. ) ;
#1493 = CARTESIAN_POINT ( 'NONE',  ( -1.100000000000000089, 1.244999999999991669, 2.495000000000004547 ) ) ;
#1494 = DIRECTION ( 'NONE',  ( 0.0000000000000000000, -1.000000000000000000, -3.491481338843133355E-15 ) ) ;
#1495 = ORIENTED_EDGE ( 'NONE', *, *, #1100, .F. ) ;
#1496 = DIRECTION ( 'NONE',  ( -1.000000000000000000, -0.0000000000000000000, -0.0000000000000000000 ) ) ;
#1497 = CARTESIAN_POINT ( 'NONE',  ( -1.600427917627920360, -0.4083449570173433574, 2.495427494351542652 ) ) ;
#1498 = CARTESIAN_POINT ( 'NONE',  ( -1.102071067811865701, -1.245000000000000329, -4.336808689942017736E-15 ) ) ;
#1499 = VERTEX_POINT ( 'NONE', #1576 ) ;
#1500 =( BOUNDED_SURFACE ( )  B_SPLINE_SURFACE ( 3, 3, ( 
 ( #682, #1527, #270, #1549 ),
 ( #1407, #829, #14, #968 ),
 ( #1251, #1807, #550, #423 ),
 ( #821, #414, #979, #1132 ) ),
 .UNSPECIFIED., .F., .F., .T. ) 
 B_SPLINE_SURFACE_WITH_KNOTS ( ( 4, 4 ),
 ( 4, 4 ),
 ( 0.0000000000000000000, 1.000000000000000000 ),
 ( 0.0000000000000000000, 1.000000000000000000 ),
 .UNSPECIFIED. ) 
 GEOMETRIC_REPRESENTATION_ITEM ( )  RATIONAL_B_SPLINE_SURFACE ( (
 ( 1.000000000000000000, 0.8047378541243547234, 0.8047378541243547234, 1.000000000000000000),
 ( 0.8047378541243649375, 0.6476030138606794218, 0.6476030138606794218, 0.8047378541243649375),
 ( 0.8047378541243649375, 0.6476030138606794218, 0.6476030138606794218, 0.8047378541243649375),
 ( 1.000000000000000000, 0.8047378541243547234, 0.8047378541243547234, 1.000000000000000000) ) ) 
 REPRESENTATION_ITEM ( '' )  SURFACE ( )  );
#1501 = DIRECTION ( 'NONE',  ( 1.000000000000000000, 0.0000000000000000000, 0.0000000000000000000 ) ) ;
#1502 = EDGE_CURVE ( 'NONE', #1194, #560, #1147, .T. ) ;
#1503 = FACE_OUTER_BOUND ( 'NONE', #1515, .T. ) ;
#1504 = CLOSED_SHELL ( 'NONE', ( #1070, #635, #1378, #1600, #518, #1623, #132, #1789, #348, #461, #1151, #1531, #1256, #1338, #327, #548, #370, #231, #435, #509, #1248, #1125, #1298, #1766, #688, #1322, #1223, #730 ) ) ;
#1505 = DIRECTION ( 'NONE',  ( 1.000000000000000000, 0.0000000000000000000, 0.0000000000000000000 ) ) ;
#1506 = ORIENTED_EDGE ( 'NONE', *, *, #1635, .F. ) ;
#1507 = AXIS2_PLACEMENT_3D ( 'NONE', #1292, #728, #34 ) ;
#1508 =( BOUNDED_SURFACE ( )  B_SPLINE_SURFACE ( 3, 3, ( 
 ( #358, #778, #1349, #70 ),
 ( #630, #1077, #1191, #786 ),
 ( #665, #506, #1068, #81 ),
 ( #1631, #1747, #366, #918 ) ),
 .UNSPECIFIED., .F., .F., .T. ) 
 B_SPLINE_SURFACE_WITH_KNOTS ( ( 4, 4 ),
 ( 4, 4 ),
 ( 0.0000000000000000000, 1.000000000000000000 ),
 ( 0.0000000000000000000, 1.000000000000000000 ),
 .UNSPECIFIED. ) 
 GEOMETRIC_REPRESENTATION_ITEM ( )  RATIONAL_B_SPLINE_SURFACE ( (
 ( 1.000000000000000000, 0.8002741005225688653, 0.8002741005225688653, 1.000000000000000000),
 ( 0.8047378541243445094, 0.6440108623658220566, 0.6440108623658220566, 0.8047378541243445094),
 ( 0.8047378541243445094, 0.6440108623658220566, 0.6440108623658220566, 0.8047378541243445094),
 ( 1.000000000000000000, 0.8002741005225688653, 0.8002741005225688653, 1.000000000000000000) ) ) 
 REPRESENTATION_ITEM ( '' )  SURFACE ( )  );
#1509 = ORIENTED_EDGE ( 'NONE', *, *, #1510, .T. ) ;
#1510 = EDGE_CURVE ( 'NONE', #250, #756, #356, .T. ) ;
#1511 = EDGE_LOOP ( 'NONE', ( #699, #55, #41 ) ) ;
#1512 = FACE_OUTER_BOUND ( 'NONE', #1467, .T. ) ;
#1513 = DIRECTION ( 'NONE',  ( -1.000000000000000000, -0.0000000000000000000, -0.0000000000000000000 ) ) ;
#1514 = CARTESIAN_POINT ( 'NONE',  ( -1.594999999999999973, -1.245000000000009432, 2.494999999999996554 ) ) ;
#1515 = EDGE_LOOP ( 'NONE', ( #1519, #1043, #1615, #725, #1672 ) ) ;
#1516 = LINE ( 'NONE', #257, #678 ) ;
#1517 = PLANE ( 'NONE',  #1058 ) ;
#1518 = PRODUCT_DEFINITION ( 'UNKNOWN', '', #626, #1803 ) ;
#1519 = ORIENTED_EDGE ( 'NONE', *, *, #529, .T. ) ;
#1520 = DIRECTION ( 'NONE',  ( -0.0000000000000000000, -1.000000000000000000, -3.491481338843133355E-15 ) ) ;
#1521 = EDGE_CURVE ( 'NONE', #1746, #560, #1452, .T. ) ;
#1522 = DIRECTION ( 'NONE',  ( -0.0000000000000000000, 1.000000000000000000, 3.491481338843133355E-15 ) ) ;
#1523 = CARTESIAN_POINT ( 'NONE',  ( -1.600000000000000089, -1.250000000000005995, 1.666666666666662744 ) ) ;
#1524 = ORIENTED_EDGE ( 'NONE', *, *, #1468, .T. ) ;
#1525 = AXIS2_PLACEMENT_3D ( 'NONE', #1710, #879, #1446 ) ;
#1526 = CARTESIAN_POINT ( 'NONE',  ( 1.104999999999999982, -1.245000000000000329, -4.562867339618813353E-15 ) ) ;
#1527 = CARTESIAN_POINT ( 'NONE',  ( -1.100000000000000089, 1.244999999999991891, 2.495000000000004103 ) ) ;
#1528 = CARTESIAN_POINT ( 'NONE',  ( 1.104999999999999982, 1.245000000000000107, 4.336808689942017736E-15 ) ) ;
#1529 = ORIENTED_EDGE ( 'NONE', *, *, #563, .F. ) ;
#1530 = MECHANICAL_DESIGN_GEOMETRIC_PRESENTATION_REPRESENTATION (  '', ( #1210 ), #185 ) ;
#1531 = ADVANCED_FACE ( 'NONE', ( #521 ), #1508, .T. ) ;
#1532 = CARTESIAN_POINT ( 'NONE',  ( 1.597931480663970616, -1.250027796409401093, 2.497925641191812929 ) ) ;
#1533 =( LENGTH_UNIT ( ) NAMED_UNIT ( * ) SI_UNIT ( .MILLI., .METRE. ) );
#1534 = AXIS2_PLACEMENT_3D ( 'NONE', #535, #263, #138 ) ;
#1535 =( GEOMETRIC_REPRESENTATION_CONTEXT ( 3 ) GLOBAL_UNCERTAINTY_ASSIGNED_CONTEXT ( ( #96 ) ) GLOBAL_UNIT_ASSIGNED_CONTEXT ( ( #546, #1261, #1404 ) ) REPRESENTATION_CONTEXT ( 'NONE', 'WORKASPACE' ) );
#1536 = CARTESIAN_POINT ( 'NONE',  ( 1.099999999999999867, -1.245000000000000329, 0.004999999999995676306 ) ) ;
#1537 = DIRECTION ( 'NONE',  ( -0.0000000000000000000, 3.664953686440814065E-15, -1.000000000000000000 ) ) ;
#1538 = SURFACE_STYLE_FILL_AREA ( #1375 ) ;
#1539 = ORIENTED_EDGE ( 'NONE', *, *, #898, .F. ) ;
#1540 = FACE_OUTER_BOUND ( 'NONE', #689, .T. ) ;
#1541 = ORIENTED_EDGE ( 'NONE', *, *, #1046, .T. ) ;
#1542 = CARTESIAN_POINT ( 'NONE',  ( 1.595002548475836113, -1.250000000000009104, 2.494999999999998330 ) ) ;
#1543 = CARTESIAN_POINT ( 'NONE',  ( -1.600000000000000089, 0.4166666666666666852, 1.454783891184639358E-15 ) ) ;
#1544 = CARTESIAN_POINT ( 'NONE',  ( 1.595002548475836335, -1.245000000000000773, -4.344431986467306439E-15 ) ) ;
#1545 = EDGE_CURVE ( 'NONE', #1093, #899, #210, .T. ) ;
#1546 = CARTESIAN_POINT ( 'NONE',  ( 1.595002548475836335, -1.249999777935545175, 0.005047123192161544203 ) ) ;
#1547 = ORIENTED_EDGE ( 'NONE', *, *, #835, .T. ) ;
#1548 = FACE_OUTER_BOUND ( 'NONE', #35, .T. ) ;
#1549 = CARTESIAN_POINT ( 'NONE',  ( -1.100000000000000089, 1.244999999999991669, 2.495000000000004547 ) ) ;
#1550 = CARTESIAN_POINT ( 'NONE',  ( -1.104999999999999982, 1.250000000000000222, 0.002071067811870025855 ) ) ;
#1551 = ORIENTED_EDGE ( 'NONE', *, *, #1295, .T. ) ;
#1552 = LINE ( 'NONE', #823, #1791 ) ;
#1553 = CARTESIAN_POINT ( 'NONE',  ( -1.600000000000000089, 0.4166666666666580809, 2.500000000000001332 ) ) ;
#1554 = DIRECTION ( 'NONE',  ( 0.0000000000000000000, -1.000000000000000000, -3.318008991245452646E-15 ) ) ;
#1555 = EDGE_CURVE ( 'NONE', #1430, #1347, #1649, .T. ) ;
#1556 = EDGE_LOOP ( 'NONE', ( #1813, #917, #769, #1551 ) ) ;
#1557 = CARTESIAN_POINT ( 'NONE',  ( -1.100000000000000089, -1.245000000000009210, 2.494999999999996554 ) ) ;
#1558 = CARTESIAN_POINT ( 'NONE',  ( 1.100000000000000089, 1.245000000000000107, 0.005000000000004222421 ) ) ;
#1559 = CARTESIAN_POINT ( 'NONE',  ( 1.600002548475836450, -1.247945214947780102, 2.496713800931524840 ) ) ;
#1560 = CIRCLE ( 'NONE', #439, 0.005000000000000013115 ) ;
#1561 = CARTESIAN_POINT ( 'NONE',  ( 1.600421153772149774, 0.4283124476795272528, 2.495419014491649268 ) ) ;
#1562 = CARTESIAN_POINT ( 'NONE',  ( -1.594999999999999973, 0.0000000000000000000, 2.495000000000004547 ) ) ;
#1563 = VECTOR ( 'NONE', #1597, 1000.000000000000000 ) ;
#1564 = ORIENTED_EDGE ( 'NONE', *, *, #26, .T. ) ;
#1565 = ADVANCED_FACE ( 'NONE', ( #514 ), #1612, .T. ) ;
#1566 = DIRECTION ( 'NONE',  ( 0.0000000000000000000, 3.318008991245452646E-15, -1.000000000000000000 ) ) ;
#1567 = ORIENTED_EDGE ( 'NONE', *, *, #1345, .F. ) ;
#1568 =( BOUNDED_SURFACE ( )  B_SPLINE_SURFACE ( 3, 3, ( 
 ( #1204, #1659, #1642, #396 ),
 ( #1381, #774, #378, #941 ),
 ( #1074, #781, #240, #791 ),
 ( #120, #670, #1232, #538 ) ),
 .UNSPECIFIED., .F., .F., .F. ) 
 B_SPLINE_SURFACE_WITH_KNOTS ( ( 4, 4 ),
 ( 4, 4 ),
 ( 0.0000000000000000000, 1.000000000000000000 ),
 ( 0.0000000000000000000, 1.000000000000000000 ),
 .UNSPECIFIED. ) 
 GEOMETRIC_REPRESENTATION_ITEM ( )  RATIONAL_B_SPLINE_SURFACE ( (
 ( 1.000000000000000000, 0.8047378541243649375, 0.8047378541243649375, 1.000000000000000000),
 ( 0.8047378541243547234, 0.6476030138606794218, 0.6476030138606794218, 0.8047378541243547234),
 ( 0.8047378541243547234, 0.6476030138606794218, 0.6476030138606794218, 0.8047378541243547234),
 ( 1.000000000000000000, 0.8047378541243649375, 0.8047378541243649375, 1.000000000000000000) ) ) 
 REPRESENTATION_ITEM ( '' )  SURFACE ( )  );
#1569 = EDGE_CURVE ( 'NONE', #1152, #139, #1341, .T. ) ;
#1570 = LINE ( 'NONE', #193, #436 ) ;
#1571 = CARTESIAN_POINT ( 'NONE',  ( 1.100000000000000089, -1.245000000000009432, 2.494999999999996554 ) ) ;
#1572 = CARTESIAN_POINT ( 'NONE',  ( -1.600002547828960564, -1.245001271687254052, 0.004998728312741365816 ) ) ;
#1573 = ORIENTED_EDGE ( 'NONE', *, *, #265, .F. ) ;
#1574 = DIRECTION ( 'NONE',  ( 0.0000000000000000000, -3.122502256758252770E-15, 1.000000000000000000 ) ) ;
#1575 = ORIENTED_EDGE ( 'NONE', *, *, #913, .F. ) ;
#1576 = CARTESIAN_POINT ( 'NONE',  ( 1.595002548475836113, -1.250000000000009104, 2.494999999999997442 ) ) ;
#1577 = FACE_OUTER_BOUND ( 'NONE', #790, .T. ) ;
#1578 = ADVANCED_FACE ( 'NONE', ( #1272 ), #549, .T. ) ;
#1579 = CARTESIAN_POINT ( 'NONE',  ( -1.590000000000000080, 1.239999999999999991, 4.114331149144360965E-15 ) ) ;
#1580 =( BOUNDED_SURFACE ( )  B_SPLINE_SURFACE ( 3, 2, ( 
 ( #1674, #13, #254 ),
 ( #566, #1406, #1237 ),
 ( #1131, #828, #385 ),
 ( #261, #280, #1795 ) ),
 .UNSPECIFIED., .F., .F., .F. ) 
 B_SPLINE_SURFACE_WITH_KNOTS ( ( 4, 4 ),
 ( 3, 3 ),
 ( 0.002520555514335977298, 0.005010555617869058738 ),
 ( 0.0000000000000000000, 1.000000000000000000 ),
 .UNSPECIFIED. ) 
 GEOMETRIC_REPRESENTATION_ITEM ( )  RATIONAL_B_SPLINE_SURFACE ( (
 ( 1.000000000000000000, 0.7072866019659960202, 1.000000000000000000),
 ( 1.000000000000000000, 0.7366565833975249333, 1.000000000000000000),
 ( 1.000000000000000000, 0.7366565834297538196, 1.000000000000000000),
 ( 1.000000000000000000, 0.7072866019659653780, 1.000000000000000000) ) ) 
 REPRESENTATION_ITEM ( '' )  SURFACE ( )  );
#1581 = VERTEX_POINT ( 'NONE', #690 ) ;
#1582 = CARTESIAN_POINT ( 'NONE',  ( 1.100000000000000089, 1.244999999999991447, 2.497928932188139495 ) ) ;
#1583 = FACE_OUTER_BOUND ( 'NONE', #129, .T. ) ;
#1584 = ORIENTED_EDGE ( 'NONE', *, *, #1425, .F. ) ;
#1585 = DIRECTION ( 'NONE',  ( 0.0000000000000000000, 1.000000000000000000, 0.0000000000000000000 ) ) ;
#1586 = DIRECTION ( 'NONE',  ( -1.000000000000000000, 0.0000000000000000000, 0.0000000000000000000 ) ) ;
#1587 = LINE ( 'NONE', #324, #160 ) ;
#1588 = EDGE_LOOP ( 'NONE', ( #1411, #664, #1274, #208 ) ) ;
#1589 = EDGE_CURVE ( 'NONE', #20, #1194, #695, .T. ) ;
#1590 = AXIS2_PLACEMENT_3D ( 'NONE', #349, #248, #102 ) ;
#1591 = CARTESIAN_POINT ( 'NONE',  ( 1.600421153774259198, 0.4283124435727598267, 0.004580985506133561369 ) ) ;
#1592 = DIRECTION ( 'NONE',  ( -0.0000000000000000000, -3.318008991245452646E-15, 1.000000000000000000 ) ) ;
#1593 = AXIS2_PLACEMENT_3D ( 'NONE', #1164, #1290, #1324 ) ;
#1594 = ORIENTED_EDGE ( 'NONE', *, *, #955, .T. ) ;
#1595 = DIRECTION ( 'NONE',  ( 0.0000000000000000000, 0.0000000000000000000, 1.000000000000000000 ) ) ;
#1596 = CARTESIAN_POINT ( 'NONE',  ( -1.597931480663970616, -1.247925641191817370, -2.779640939610726163E-05 ) ) ;
#1597 = DIRECTION ( 'NONE',  ( -0.0000000000000000000, 3.664953686440814065E-15, -1.000000000000000000 ) ) ;
#1598 = CARTESIAN_POINT ( 'NONE',  ( -1.100000000000000089, -1.250000000000009104, 2.494999999999996554 ) ) ;
#1599 = PLANE ( 'NONE',  #1648 ) ;
#1600 = ADVANCED_FACE ( 'NONE', ( #1548 ), #1580, .T. ) ;
#1601 = ORIENTED_EDGE ( 'NONE', *, *, #743, .T. ) ;
#1602 = PLANE ( 'NONE',  #1120 ) ;
#1603 = CARTESIAN_POINT ( 'NONE',  ( 1.595002548475836335, -1.245000000000000329, 0.004999999999995653754 ) ) ;
#1604 = DIRECTION ( 'NONE',  ( 1.000000000000000000, 0.0000000000000000000, 0.0000000000000000000 ) ) ;
#1605 = LINE ( 'NONE', #893, #905 ) ;
#1606 = ORIENTED_EDGE ( 'NONE', *, *, #142, .T. ) ;
#1607 = CARTESIAN_POINT ( 'NONE',  ( 1.595420507917075570, 0.4283117208532508102, 1.494414963506606881E-15 ) ) ;
#1608 = CARTESIAN_POINT ( 'NONE',  ( 1.600000000000000089, -1.250000000000000000, -4.364351673553916694E-15 ) ) ;
#1609 = DIRECTION ( 'NONE',  ( -1.000000000000000000, 0.0000000000000000000, 0.0000000000000000000 ) ) ;
#1610 = EDGE_CURVE ( 'NONE', #803, #1190, #144, .T. ) ;
#1611 = ORIENTED_EDGE ( 'NONE', *, *, #848, .T. ) ;
#1612 = CYLINDRICAL_SURFACE ( 'NONE', #845, 0.005000000000000013115 ) ;
#1613 = LINE ( 'NONE', #1078, #993 ) ;
#1614 = FACE_OUTER_BOUND ( 'NONE', #373, .T. ) ;
#1615 = ORIENTED_EDGE ( 'NONE', *, *, #582, .T. ) ;
#1616 = AXIS2_PLACEMENT_3D ( 'NONE', #1009, #727, #183 ) ;
#1617 = CARTESIAN_POINT ( 'NONE',  ( 1.600000000000000089, -1.250000000000009104, 2.499999999999995559 ) ) ;
#1618 = AXIS2_PLACEMENT_3D ( 'NONE', #363, #233, #809 ) ;
#1619 = DIRECTION ( 'NONE',  ( 1.000000000000000000, 0.0000000000000000000, 0.0000000000000000000 ) ) ;
#1620 = STYLED_ITEM ( 'NONE', ( #1627 ), #1044 ) ;
#1621 = CARTESIAN_POINT ( 'NONE',  ( -1.104999999999999982, 1.244999999999991669, 2.495000000000004547 ) ) ;
#1622 = AXIS2_PLACEMENT_3D ( 'NONE', #1579, #1305, #1717 ) ;
#1623 = ADVANCED_FACE ( 'NONE', ( #1512 ), #532, .T. ) ;
#1624 = CARTESIAN_POINT ( 'NONE',  ( -1.100000000000000089, -1.250000000000000000, 0.004999999999995459465 ) ) ;
#1625 = FACE_OUTER_BOUND ( 'NONE', #73, .T. ) ;
#1626 = ADVANCED_FACE ( 'NONE', ( #953 ), #1814, .T. ) ;
#1627 = PRESENTATION_STYLE_ASSIGNMENT (( #661 ) ) ;
#1628 = CARTESIAN_POINT ( 'NONE',  ( 1.104999999999999982, -1.245000000000000329, 0.004999999999995653754 ) ) ;
#1629 = DIRECTION ( 'NONE',  ( 0.0000000000000000000, -3.664953686440814065E-15, 1.000000000000000000 ) ) ;
#1630 = VERTEX_POINT ( 'NONE', #1730 ) ;
#1631 = CARTESIAN_POINT ( 'NONE',  ( -1.600002548475836006, -1.245000000000008766, 2.494999999999996554 ) ) ;
#1632 = CARTESIAN_POINT ( 'NONE',  ( 1.100000000000000089, 1.245000000000000329, 4.346894266859702447E-15 ) ) ;
#1633 = CARTESIAN_POINT ( 'NONE',  ( -1.102071067811865479, -1.247928932188134832, -4.336808689942017736E-15 ) ) ;
#1634 = ORIENTED_EDGE ( 'NONE', *, *, #572, .T. ) ;
#1635 = EDGE_CURVE ( 'NONE', #88, #1430, #870, .T. ) ;
#1636 = CARTESIAN_POINT ( 'NONE',  ( -1.102071067811865257, -1.247928932188143269, 2.499999999999995559 ) ) ;
#1637 =( BOUNDED_SURFACE ( )  B_SPLINE_SURFACE ( 3, 3, ( 
 ( #170, #407, #1536, #573 ),
 ( #1277, #556, #1669, #1269 ),
 ( #445, #1003, #18, #25 ),
 ( #851, #11, #722, #150 ) ),
 .UNSPECIFIED., .F., .F., .T. ) 
 B_SPLINE_SURFACE_WITH_KNOTS ( ( 4, 4 ),
 ( 4, 4 ),
 ( 0.0000000000000000000, 1.000000000000000000 ),
 ( 0.0000000000000000000, 1.000000000000000000 ),
 .UNSPECIFIED. ) 
 GEOMETRIC_REPRESENTATION_ITEM ( )  RATIONAL_B_SPLINE_SURFACE ( (
 ( 1.000000000000000000, 0.8047378541243658256, 0.8047378541243658256, 1.000000000000000000),
 ( 0.8047378541243661587, 0.6476030138606894138, 0.6476030138606894138, 0.8047378541243661587),
 ( 0.8047378541243661587, 0.6476030138606894138, 0.6476030138606894138, 0.8047378541243661587),
 ( 1.000000000000000000, 0.8047378541243658256, 0.8047378541243658256, 1.000000000000000000) ) ) 
 REPRESENTATION_ITEM ( '' )  SURFACE ( )  );
#1638 = ORIENTED_EDGE ( 'NONE', *, *, #1050, .T. ) ;
#1639 = CARTESIAN_POINT ( 'NONE',  ( 1.600002547878311088, -1.245001525560375688, 2.495001174668120658 ) ) ;
#1640 = FACE_OUTER_BOUND ( 'NONE', #1376, .T. ) ;
#1641 = ORIENTED_EDGE ( 'NONE', *, *, #955, .F. ) ;
#1642 = CARTESIAN_POINT ( 'NONE',  ( 1.100000000000000089, -1.245000000000009210, 2.494999999999996554 ) ) ;
#1643 = EDGE_CURVE ( 'NONE', #602, #1038, #126, .T. ) ;
#1644 = CARTESIAN_POINT ( 'NONE',  ( -1.595002548475836557, 1.245000000000000773, 1.700442614423474891E-13 ) ) ;
#1645 = SURFACE_STYLE_USAGE ( .BOTH. , #1671 ) ;
#1646 = AXIS2_PLACEMENT_3D ( 'NONE', #456, #27, #1149 ) ;
#1647 = EDGE_LOOP ( 'NONE', ( #944, #1524, #1383 ) ) ;
#1648 = AXIS2_PLACEMENT_3D ( 'NONE', #880, #217, #909 ) ;
#1649 = LINE ( 'NONE', #658, #625 ) ;
#1650 = VECTOR ( 'NONE', #455, 1000.000000000000000 ) ;
#1651 = LINE ( 'NONE', #1624, #321 ) ;
#1652 = DIRECTION ( 'NONE',  ( 0.0000000000000000000, -1.000000000000000000, -3.491481338843133355E-15 ) ) ;
#1653 = FACE_OUTER_BOUND ( 'NONE', #773, .T. ) ;
#1654 = LINE ( 'NONE', #1065, #587 ) ;
#1655 = EDGE_CURVE ( 'NONE', #416, #1399, #597, .T. ) ;
#1656 = EDGE_LOOP ( 'NONE', ( #1638, #764, #171, #62 ) ) ;
#1657 = CARTESIAN_POINT ( 'NONE',  ( 1.104999999999999982, -1.245000000000000329, 0.004999999999995652887 ) ) ;
#1658 = CARTESIAN_POINT ( 'NONE',  ( -1.099999999999999867, 1.247928932188134832, 0.005000000000004567631 ) ) ;
#1659 = CARTESIAN_POINT ( 'NONE',  ( 1.100000000000000089, -1.245000000000009210, 2.494999999999996554 ) ) ;
#1660 = CARTESIAN_POINT ( 'NONE',  ( -1.104999999999999982, 1.249999999999991784, 2.495000000000004547 ) ) ;
#1661 = PLANE ( 'NONE',  #408 ) ;
#1662 = ORIENTED_EDGE ( 'NONE', *, *, #392, .T. ) ;
#1663 = ADVANCED_FACE ( 'NONE', ( #312 ), #1321, .F. ) ;
#1664 = CARTESIAN_POINT ( 'NONE',  ( 1.600002547878311088, -1.245001525560375688, 2.495001174668120658 ) ) ;
#1665 = CARTESIAN_POINT ( 'NONE',  ( 1.102071067811865479, 1.247928932188134166, 4.209786504284494439E-15 ) ) ;
#1666 = VERTEX_POINT ( 'NONE', #1310 ) ;
#1667 = CARTESIAN_POINT ( 'NONE',  ( 1.600424533697435647, -1.245424113758131890, 1.665000781697230758 ) ) ;
#1668 = SURFACE_STYLE_USAGE ( .BOTH. , #686 ) ;
#1669 = CARTESIAN_POINT ( 'NONE',  ( 1.100000000000000089, -1.247928932188134832, 0.003284271247457572727 ) ) ;
#1670 = CARTESIAN_POINT ( 'NONE',  ( -1.100000000000000089, -1.245000000000000329, 0.004999999999995652887 ) ) ;
#1671 = SURFACE_SIDE_STYLE ('',( #1538 ) ) ;
#1672 = ORIENTED_EDGE ( 'NONE', *, *, #1100, .T. ) ;
#1673 = AXIS2_PLACEMENT_3D ( 'NONE', #892, #1325, #1460 ) ;
#1674 = CARTESIAN_POINT ( 'NONE',  ( -1.600002547182086232, -1.245002543373215254, 2.495002543373204595 ) ) ;
#1675 = CARTESIAN_POINT ( 'NONE',  ( -1.600002547182086454, -1.245002543373216364, 2.495002543373201487 ) ) ;
#1676 = CARTESIAN_POINT ( 'NONE',  ( 1.100000000000000089, 1.246715728752537888, 0.002071067811869681512 ) ) ;
#1677 = VECTOR ( 'NONE', #1520, 1000.000000000000000 ) ;
#1678 = EDGE_LOOP ( 'NONE', ( #1007, #1695, #1547, #1057 ) ) ;
#1679 = VECTOR ( 'NONE', #72, 1000.000000000000000 ) ;
#1680 = DIRECTION ( 'NONE',  ( 0.0000000000000000000, -3.491481338843133355E-15, 1.000000000000000000 ) ) ;
#1681 = ADVANCED_FACE ( 'NONE', ( #56 ), #986, .F. ) ;
#1682 = AXIS2_PLACEMENT_3D ( 'NONE', #715, #304, #606 ) ;
#1683 = MANIFOLD_SOLID_BREP ( 'Rotate for export to Altium[3]', #295 ) ;
#1684 = VECTOR ( 'NONE', #364, 1000.000000000000000 ) ;
#1685 = LINE ( 'NONE', #434, #244 ) ;
#1686 = FACE_OUTER_BOUND ( 'NONE', #1647, .T. ) ;
#1687 = ORIENTED_EDGE ( 'NONE', *, *, #525, .F. ) ;
#1688 = CARTESIAN_POINT ( 'NONE',  ( 1.595002548475836113, -1.250000000000009104, 2.494999999999997442 ) ) ;
#1689 = CARTESIAN_POINT ( 'NONE',  ( -1.102071067811865479, 1.245000000000000107, 4.349693529522287174E-15 ) ) ;
#1690 = ORIENTED_EDGE ( 'NONE', *, *, #1569, .F. ) ;
#1691 = CARTESIAN_POINT ( 'NONE',  ( -1.104999999999999982, -1.745740669421567047E-17, 0.005000000000000000104 ) ) ;
#1692 = EDGE_CURVE ( 'NONE', #1347, #1026, #1420, .T. ) ;
#1693 = CARTESIAN_POINT ( 'NONE',  ( -1.595000000122581696, -1.245000000000009432, 2.494999999999996554 ) ) ;
#1694 = CARTESIAN_POINT ( 'NONE',  ( 1.600002548475836228, -1.247928802105788604, 0.005027604126863881133 ) ) ;
#1695 = ORIENTED_EDGE ( 'NONE', *, *, #1207, .T. ) ;
#1696 = CARTESIAN_POINT ( 'NONE',  ( 1.594999999999999973, 1.239999999999999991, 4.114331149144360965E-15 ) ) ;
#1697 = ORIENTED_EDGE ( 'NONE', *, *, #111, .T. ) ;
#1698 = CARTESIAN_POINT ( 'NONE',  ( 1.600424533698709739, -1.245424113759299400, 0.8349992207946849154 ) ) ;
#1699 = CARTESIAN_POINT ( 'NONE',  ( -1.600000000000000089, 1.249999999999994449, 1.666666666666671182 ) ) ;
#1700 = FACE_OUTER_BOUND ( 'NONE', #1588, .T. ) ;
#1701 = EDGE_CURVE ( 'NONE', #1302, #30, #740, .T. ) ;
#1702 = EDGE_CURVE ( 'NONE', #1323, #92, #503, .T. ) ;
#1703 = ORIENTED_EDGE ( 'NONE', *, *, #428, .T. ) ;
#1704 = CARTESIAN_POINT ( 'NONE',  ( -1.100000000000000089, -1.247928932188143492, 2.494999999999996554 ) ) ;
#1705 = VECTOR ( 'NONE', #106, 1000.000000000000000 ) ;
#1706 = CARTESIAN_POINT ( 'NONE',  ( 1.590000000000000080, 1.244999999999991669, 2.495000000000004547 ) ) ;
#1707 = CARTESIAN_POINT ( 'NONE',  ( -1.600002548475836006, -1.245000000000000107, 0.004999999999995675438 ) ) ;
#1708 = CARTESIAN_POINT ( 'NONE',  ( 1.600000822579366933, -0.4419488585274493619, 2.500000000001388667 ) ) ;
#1709 = CIRCLE ( 'NONE', #1477, 0.005000000000000013115 ) ;
#1710 = CARTESIAN_POINT ( 'NONE',  ( 1.590000000000000080, 1.239999999999991775, 2.495000000000004547 ) ) ;
#1711 = AXIS2_PLACEMENT_3D ( 'NONE', #1288, #1422, #29 ) ;
#1712 = CARTESIAN_POINT ( 'NONE',  ( -1.594999999999999973, 0.0000000000000000000, 0.004999999999995652887 ) ) ;
#1713 = EDGE_CURVE ( 'NONE', #80, #1718, #1466, .T. ) ;
#1714 = ORIENTED_EDGE ( 'NONE', *, *, #1610, .F. ) ;
#1715 = DIRECTION ( 'NONE',  ( 0.0000000000000000000, 1.000000000000000000, 3.388131789017192284E-15 ) ) ;
#1716 = CARTESIAN_POINT ( 'NONE',  ( -1.100000000000000089, 1.244999999999991669, 2.500000000000004441 ) ) ;
#1717 = DIRECTION ( 'NONE',  ( 0.0000000000000000000, 1.000000000000000000, 3.318008991245506288E-15 ) ) ;
#1718 = VERTEX_POINT ( 'NONE', #1039 ) ;
#1719 = DIRECTION ( 'NONE',  ( 0.0000000000000000000, 0.0000000000000000000, -1.000000000000000000 ) ) ;
#1720 = DIRECTION ( 'NONE',  ( 0.0000000000000000000, 0.0000000000000000000, -1.000000000000000000 ) ) ;
#1721 = SURFACE_SIDE_STYLE ('',( #1016 ) ) ;
#1722 = EDGE_CURVE ( 'NONE', #560, #376, #1806, .T. ) ;
#1723 = ORIENTED_EDGE ( 'NONE', *, *, #495, .F. ) ;
#1724 = CARTESIAN_POINT ( 'NONE',  ( -1.104999999999999982, -1.245000000000009432, 2.494999999999996554 ) ) ;
#1725 = DIRECTION ( 'NONE',  ( 0.0000000000000000000, 3.318008991245452646E-15, -1.000000000000000000 ) ) ;
#1726 = LINE ( 'NONE', #462, #1244 ) ;
#1727 = ORIENTED_EDGE ( 'NONE', *, *, #390, .F. ) ;
#1728 = CARTESIAN_POINT ( 'NONE',  ( 1.600002547826966381, -1.245001271740198368, 0.004998724425976487119 ) ) ;
#1729 = ORIENTED_EDGE ( 'NONE', *, *, #26, .F. ) ;
#1730 = CARTESIAN_POINT ( 'NONE',  ( -1.595000000063514500, 1.239999999999993774, 2.495000000000004547 ) ) ;
#1731 = ORIENTED_EDGE ( 'NONE', *, *, #1521, .F. ) ;
#1732 = CARTESIAN_POINT ( 'NONE',  ( 1.590000000000000080, 1.239999999999999991, 0.005000000000004329974 ) ) ;
#1733 = PLANE ( 'NONE',  #928 ) ;
#1734 = EDGE_CURVE ( 'NONE', #1282, #756, #916, .T. ) ;
#1735 = LINE ( 'NONE', #1598, #1242 ) ;
#1736 = CARTESIAN_POINT ( 'NONE',  ( -1.100000000000000089, -1.245000000000009210, 2.497928932188130169 ) ) ;
#1737 = ORIENTED_EDGE ( 'NONE', *, *, #275, .T. ) ;
#1738 = CIRCLE ( 'NONE', #442, 0.005000000000000013115 ) ;
#1739 = DIRECTION ( 'NONE',  ( 0.0000000000000000000, -3.664953686440814065E-15, 1.000000000000000000 ) ) ;
#1740 = CARTESIAN_POINT ( 'NONE',  ( -1.600002548475835784, -1.244972395873132021, 0.002071197894207722073 ) ) ;
#1741 = ORIENTED_EDGE ( 'NONE', *, *, #48, .T. ) ;
#1742 = CARTESIAN_POINT ( 'NONE',  ( 1.100000000000000089, 1.246715728752529673, 2.497928932188139939 ) ) ;
#1743 = EDGE_CURVE ( 'NONE', #1282, #724, #219, .T. ) ;
#1744 = DIRECTION ( 'NONE',  ( 0.0000000000000000000, 0.0000000000000000000, 1.000000000000000000 ) ) ;
#1745 = CARTESIAN_POINT ( 'NONE',  ( 1.600424748106044293, -1.245002543373211701, 1.665000847796268113 ) ) ;
#1746 = VERTEX_POINT ( 'NONE', #911 ) ;
#1747 = CARTESIAN_POINT ( 'NONE',  ( -1.600002548475836006, -1.245000000000008766, 2.494999999999996554 ) ) ;
#1748 = LINE ( 'NONE', #1360, #1293 ) ;
#1749 = CARTESIAN_POINT ( 'NONE',  ( -1.100000000000000089, 1.245000000000000329, 0.005000000000004346454 ) ) ;
#1750 = ORIENTED_EDGE ( 'NONE', *, *, #824, .T. ) ;
#1751 = PLANE ( 'NONE',  #1089 ) ;
#1752 = LINE ( 'NONE', #663, #1761 ) ;
#1753 = CARTESIAN_POINT ( 'NONE',  ( -1.600001348529592526, -1.245002542763491649, 2.497358966117226409 ) ) ;
#1754 = EDGE_CURVE ( 'NONE', #1455, #92, #487, .T. ) ;
#1755 = ORIENTED_EDGE ( 'NONE', *, *, #119, .F. ) ;
#1756 = CARTESIAN_POINT ( 'NONE',  ( -1.600002547828960564, -1.245001271687254052, 0.004998728312741365816 ) ) ;
#1757 = DIRECTION ( 'NONE',  ( 0.0000000000000000000, -1.000000000000000000, -3.664953686440828264E-15 ) ) ;
#1758 = DIRECTION ( 'NONE',  ( 0.0000000000000000000, 3.491481338843133355E-15, -1.000000000000000000 ) ) ;
#1759 = EDGE_LOOP ( 'NONE', ( #365, #1755, #40, #1369 ) ) ;
#1760 = SURFACE_SIDE_STYLE ('',( #641 ) ) ;
#1761 = VECTOR ( 'NONE', #1619, 1000.000000000000000 ) ;
#1762 = CARTESIAN_POINT ( 'NONE',  ( -1.100000000000000089, -1.245000000000000329, -4.346894266859702447E-15 ) ) ;
#1763 = CARTESIAN_POINT ( 'NONE',  ( 1.100000000000000089, 1.244999999999991669, 2.495000000000004547 ) ) ;
#1764 = CIRCLE ( 'NONE', #1593, 0.005000000000000013115 ) ;
#1765 = ORIENTED_EDGE ( 'NONE', *, *, #1163, .T. ) ;
#1766 = ADVANCED_FACE ( 'NONE', ( #1503 ), #1602, .T. ) ;
#1767 = DIRECTION ( 'NONE',  ( -1.000000000000000000, 0.0000000000000000000, 0.0000000000000000000 ) ) ;
#1768 = AXIS2_PLACEMENT_3D ( 'NONE', #1439, #200, #1140 ) ;
#1769 = DIRECTION ( 'NONE',  ( -0.0000000000000000000, -0.0000000000000000000, -1.000000000000000000 ) ) ;
#1770 = CARTESIAN_POINT ( 'NONE',  ( -1.102071067811865479, -1.250000000000000222, 0.002071067811861112412 ) ) ;
#1771 = VERTEX_POINT ( 'NONE', #759 ) ;
#1772 = CARTESIAN_POINT ( 'NONE',  ( -1.104999999999999982, -1.245000000000009432, 2.499999999999995559 ) ) ;
#1773 = CARTESIAN_POINT ( 'NONE',  ( -1.595002548475836557, -1.250000000000000222, 0.004999999999995667632 ) ) ;
#1774 = DIRECTION ( 'NONE',  ( -0.0000000000000000000, -1.000000000000000000, 0.0000000000000000000 ) ) ;
#1775 = ORIENTED_EDGE ( 'NONE', *, *, #1702, .T. ) ;
#1776 = DIRECTION ( 'NONE',  ( -0.0000000000000000000, -1.000000000000000000, -3.491481338843133355E-15 ) ) ;
#1777 = EDGE_CURVE ( 'NONE', #468, #172, #226, .T. ) ;
#1778 = CYLINDRICAL_SURFACE ( 'NONE', #269, 0.005000000000000229955 ) ;
#1779 = VERTEX_POINT ( 'NONE', #1331 ) ;
#1780 =( NAMED_UNIT ( * ) PLANE_ANGLE_UNIT ( ) SI_UNIT ( $, .RADIAN. ) );
#1781 = CARTESIAN_POINT ( 'NONE',  ( -1.599999963478349940, 1.250000002439625169, 0.003620159997555692094 ) ) ;
#1782 = LINE ( 'NONE', #345, #1236 ) ;
#1783 = APPLICATION_CONTEXT ( 'automotive_design' ) ;
#1784 = DIRECTION ( 'NONE',  ( 0.0000000000000000000, 0.0000000000000000000, 1.000000000000000000 ) ) ;
#1785 = CARTESIAN_POINT ( 'NONE',  ( -1.100000000000000089, -8.711245940413619930E-15, 2.495000000000000551 ) ) ;
#1786 = CARTESIAN_POINT ( 'NONE',  ( -1.100000000000000089, -1.250000000000009104, 2.494999999999996554 ) ) ;
#1787 = ORIENTED_EDGE ( 'NONE', *, *, #1655, .F. ) ;
#1788 = CARTESIAN_POINT ( 'NONE',  ( 1.600425811631812412, -0.4133350289263378330, 2.494999999999997442 ) ) ;
#1789 = ADVANCED_FACE ( 'NONE', ( #784 ), #1368, .T. ) ;
#1790 = DIRECTION ( 'NONE',  ( 1.000000000000000000, 0.0000000000000000000, 0.0000000000000000000 ) ) ;
#1791 = VECTOR ( 'NONE', #839, 1000.000000000000000 ) ;
#1792 = PRODUCT_CONTEXT ( 'NONE', #1783, 'mechanical' ) ;
#1793 = AXIS2_PLACEMENT_3D ( 'NONE', #1371, #109, #659 ) ;
#1794 = VECTOR ( 'NONE', #140, 1000.000000000000000 ) ;
#1795 = CARTESIAN_POINT ( 'NONE',  ( -1.595002548475836557, -1.250000000000000666, 0.004999999999995907891 ) ) ;
#1796 = AXIS2_PLACEMENT_3D ( 'NONE', #672, #4, #681 ) ;
#1797 = LINE ( 'NONE', #1696, #1386 ) ;
#1798 = CARTESIAN_POINT ( 'NONE',  ( -1.600424533698709739, -1.245424113759299400, 0.8349992207946849154 ) ) ;
#1799 = AXIS2_PLACEMENT_3D ( 'NONE', #83, #1088, #498 ) ;
#1800 = CARTESIAN_POINT ( 'NONE',  ( 1.600002548475836450, -1.244972395873141346, 2.497928802105784385 ) ) ;
#1801 = PRESENTATION_LAYER_ASSIGNMENT (  '', '', ( #561 ) ) ;
#1802 = EDGE_CURVE ( 'NONE', #172, #803, #513, .T. ) ;
#1803 = PRODUCT_DEFINITION_CONTEXT ( 'detailed design', #1289, 'design' ) ;
#1804 = DIRECTION ( 'NONE',  ( -1.000000000000000000, 0.0000000000000000000, 0.0000000000000000000 ) ) ;
#1805 = ORIENTED_EDGE ( 'NONE', *, *, #119, .T. ) ;
#1806 = B_SPLINE_CURVE_WITH_KNOTS ( 'NONE', 3,
 ( #637, #1753, #644, #1217 ),
 .UNSPECIFIED., .F., .F.,
 ( 4, 4 ),
 ( 0.0000000000000000000, 1.000000000000000000 ),
 .UNSPECIFIED. ) ;
#1807 = CARTESIAN_POINT ( 'NONE',  ( -1.102071067811865479, 1.249999999999991784, 2.497928932188139051 ) ) ;
#1808 = CARTESIAN_POINT ( 'NONE',  ( -1.100000000000000089, 1.247928932188134832, 0.003284271247466453211 ) ) ;
#1809 = ORIENTED_EDGE ( 'NONE', *, *, #1692, .T. ) ;
#1810 = CARTESIAN_POINT ( 'NONE',  ( 1.600002548475835784, -1.245000000000009210, 2.494999999999995666 ) ) ;
#1811 = FACE_OUTER_BOUND ( 'NONE', #1457, .T. ) ;
#1812 = EDGE_CURVE ( 'NONE', #1142, #80, #1076, .T. ) ;
#1813 = ORIENTED_EDGE ( 'NONE', *, *, #1138, .F. ) ;
#1814 = CYLINDRICAL_SURFACE ( 'NONE', #1390, 0.005000000000000013115 ) ;
#1815 = EDGE_CURVE ( 'NONE', #640, #827, #1012, .T. ) ;
#1816 = CARTESIAN_POINT ( 'NONE',  ( 1.595002548475836335, -1.250000000000009104, 2.499999999999995559 ) ) ;
#1817 = CARTESIAN_POINT ( 'NONE',  ( 1.105000000000000204, 1.250000000000000000, 0.002071067811869699727 ) ) ;
#1818 = DIRECTION ( 'NONE',  ( -1.000000000000000000, 0.0000000000000000000, 0.0000000000000000000 ) ) ;
ENDSEC;
END-ISO-10303-21;
