ISO-10303-21;
HEADER;
FILE_DESCRIPTION (( 'STEP AP214' ),
    '1' );
FILE_NAME ('87AFD693-0A62-4FDE-B86C-72A56E643AFC.STEP',
    '2026-08-27T16:47:56',
    ( '' ),
    ( '' ),
    'SwSTEP 2.0',
    'SolidWorks 2022',
    '' );
FILE_SCHEMA (( 'AUTOMOTIVE_DESIGN' ));
ENDSEC;

DATA;
#1 = PRESENTATION_STYLE_ASSIGNMENT (( #175 ) ) ;
#2 = VERTEX_POINT ( 'NONE', #51 ) ;
#3 =( LENGTH_UNIT ( ) NAMED_UNIT ( * ) SI_UNIT ( .MILLI., .METRE. ) );
#4 = ORIENTED_EDGE ( 'NONE', *, *, #804, .T. ) ;
#5 = EDGE_CURVE ( 'NONE', #737, #2098, #895, .T. ) ;
#6 = LINE ( 'NONE', #860, #894 ) ;
#7 = AXIS2_PLACEMENT_3D ( 'NONE', #83, #398, #1756 ) ;
#8 = CIRCLE ( 'NONE', #1178, 0.1000000000000000472 ) ;
#9 = LINE ( 'NONE', #548, #2094 ) ;
#10 = ORIENTED_EDGE ( 'NONE', *, *, #1761, .T. ) ;
#11 =( LENGTH_UNIT ( ) NAMED_UNIT ( * ) SI_UNIT ( .MILLI., .METRE. ) );
#12 = ORIENTED_EDGE ( 'NONE', *, *, #431, .T. ) ;
#13 = DIRECTION ( 'NONE',  ( 1.000000000000000000, 0.0000000000000000000, -0.0000000000000000000 ) ) ;
#14 =( LENGTH_UNIT ( ) NAMED_UNIT ( * ) SI_UNIT ( .MILLI., .METRE. ) );
#15 = DIRECTION ( 'NONE',  ( -0.0000000000000000000, 1.000000000000000000, 0.0000000000000000000 ) ) ;
#16 = DIRECTION ( 'NONE',  ( 0.0000000000000000000, -0.0000000000000000000, 1.000000000000000000 ) ) ;
#17 = ADVANCED_FACE ( 'NONE', ( #1898 ), #1722, .T. ) ;
#18 = COLOUR_RGB ( '',0.9803921568627450567, 0.9803921568627450567, 0.5019607843137254832 ) ;
#19 = DIRECTION ( 'NONE',  ( -0.0000000000000000000, 1.000000000000000000, 0.0000000000000000000 ) ) ;
#20 = CARTESIAN_POINT ( 'NONE',  ( 0.5499999999999994893, 0.4500000000000001221, 1.099999999999999867 ) ) ;
#21 = EDGE_LOOP ( 'NONE', ( #1286, #322, #2212, #535 ) ) ;
#22 =( GEOMETRIC_REPRESENTATION_CONTEXT ( 3 ) GLOBAL_UNCERTAINTY_ASSIGNED_CONTEXT ( ( #478 ) ) GLOBAL_UNIT_ASSIGNED_CONTEXT ( ( #3, #683, #823 ) ) REPRESENTATION_CONTEXT ( 'NONE', 'WORKASPACE' ) );
#23 = CARTESIAN_POINT ( 'NONE',  ( -0.6499999999999998002, -0.4843145750507620306, 1.058578643762690286 ) ) ;
#24 = ORIENTED_EDGE ( 'NONE', *, *, #804, .F. ) ;
#25 = PLANE ( 'NONE',  #957 ) ;
#26 = PLANE ( 'NONE',  #955 ) ;
#27 = VECTOR ( 'NONE', #389, 1000.000000000000000 ) ;
#28 = STYLED_ITEM ( 'NONE', ( #1891 ), #1067 ) ;
#29 =( GEOMETRIC_REPRESENTATION_CONTEXT ( 3 ) GLOBAL_UNCERTAINTY_ASSIGNED_CONTEXT ( ( #64 ) ) GLOBAL_UNIT_ASSIGNED_CONTEXT ( ( #682, #1010, #303 ) ) REPRESENTATION_CONTEXT ( 'NONE', 'WORKASPACE' ) );
#30 = DIRECTION ( 'NONE',  ( 0.0000000000000000000, 0.0000000000000000000, -1.000000000000000000 ) ) ;
#31 = ADVANCED_FACE ( 'NONE', ( #1388 ), #26, .F. ) ;
#32 = CARTESIAN_POINT ( 'NONE',  ( -0.9899999999999999911, 0.6149999999999999911, 0.5010000000000000009 ) ) ;
#33 = ORIENTED_EDGE ( 'NONE', *, *, #968, .T. ) ;
#34 = LINE ( 'NONE', #1228, #666 ) ;
#35 = EDGE_CURVE ( 'NONE', #1695, #1538, #1269, .T. ) ;
#36 = CARTESIAN_POINT ( 'NONE',  ( -0.7099999999999998535, 0.6149999999999999911, 0.5010000000000000009 ) ) ;
#37 = VERTEX_POINT ( 'NONE', #1289 ) ;
#38 = FILL_AREA_STYLE_COLOUR ( '', #882 ) ;
#39 = VERTEX_POINT ( 'NONE', #606 ) ;
#40 = CARTESIAN_POINT ( 'NONE',  ( 1.010000000000000009, 0.5000000000000000000, 0.5100000000000000089 ) ) ;
#41 = PLANE ( 'NONE',  #1696 ) ;
#42 = SURFACE_STYLE_FILL_AREA ( #1050 ) ;
#43 = DIRECTION ( 'NONE',  ( 0.0000000000000000000, -0.0000000000000000000, -1.000000000000000000 ) ) ;
#44 = VERTEX_POINT ( 'NONE', #429 ) ;
#45 = SURFACE_STYLE_USAGE ( .BOTH. , #1017 ) ;
#46 = FACE_OUTER_BOUND ( 'NONE', #1941, .T. ) ;
#47 = ORIENTED_EDGE ( 'NONE', *, *, #35, .T. ) ;
#48 = VECTOR ( 'NONE', #19, 1000.000000000000000 ) ;
#49 = EDGE_CURVE ( 'NONE', #669, #44, #1410, .T. ) ;
#50 = DIRECTION ( 'NONE',  ( 0.0000000000000000000, 0.0000000000000000000, 1.000000000000000000 ) ) ;
#51 = CARTESIAN_POINT ( 'NONE',  ( 1.010000000000000009, 0.5000000000000000000, 0.0000000000000000000 ) ) ;
#52 =( BOUNDED_SURFACE ( )  B_SPLINE_SURFACE ( 3, 3, ( 
 ( #1147, #1179, #2192, #1489 ),
 ( #635, #508, #1642, #1157 ),
 ( #843, #1001, #1862, #969 ),
 ( #646, #1834, #993, #338 ) ),
 .UNSPECIFIED., .F., .F., .T. ) 
 B_SPLINE_SURFACE_WITH_KNOTS ( ( 4, 4 ),
 ( 4, 4 ),
 ( 0.0000000000000000000, 1.000000000000000000 ),
 ( 0.0000000000000000000, 1.000000000000000000 ),
 .UNSPECIFIED. ) 
 GEOMETRIC_REPRESENTATION_ITEM ( )  RATIONAL_B_SPLINE_SURFACE ( (
 ( 1.000000000000000000, 0.8047378541234614380, 0.8047378541234614380, 1.000000000000000000),
 ( 0.8047378541243649375, 0.6476030138599605523, 0.6476030138599605523, 0.8047378541243649375),
 ( 0.8047378541243649375, 0.6476030138599605523, 0.6476030138599605523, 0.8047378541243649375),
 ( 1.000000000000000000, 0.8047378541234614380, 0.8047378541234614380, 1.000000000000000000) ) ) 
 REPRESENTATION_ITEM ( '' )  SURFACE ( )  );
#53 = SURFACE_STYLE_USAGE ( .BOTH. , #1739 ) ;
#54 = SURFACE_SIDE_STYLE ('',( #1382 ) ) ;
#55 = PLANE ( 'NONE',  #898 ) ;
#56 = CARTESIAN_POINT ( 'NONE',  ( 0.6085786437626901080, 0.5500000000008984369, 1.058578643761869609 ) ) ;
#57 = ORIENTED_EDGE ( 'NONE', *, *, #730, .T. ) ;
#58 =( NAMED_UNIT ( * ) PLANE_ANGLE_UNIT ( ) SI_UNIT ( $, .RADIAN. ) );
#59 = CARTESIAN_POINT ( 'NONE',  ( -0.5499999999999999334, -0.4500000000000001221, 1.099999999999999867 ) ) ;
#60 = PRESENTATION_LAYER_ASSIGNMENT (  '', '', ( #1434 ) ) ;
#61 = VERTEX_POINT ( 'NONE', #1139 ) ;
#62 = EDGE_CURVE ( 'NONE', #799, #1698, #113, .T. ) ;
#63 = EDGE_LOOP ( 'NONE', ( #903, #2063, #33, #901 ) ) ;
#64 = UNCERTAINTY_MEASURE_WITH_UNIT (LENGTH_MEASURE( 1.000000000000000082E-05 ), #682, 'distance_accuracy_value', 'NONE');
#65 =( NAMED_UNIT ( * ) PLANE_ANGLE_UNIT ( ) SI_UNIT ( $, .RADIAN. ) );
#66 = DIRECTION ( 'NONE',  ( 0.0000000000000000000, 1.000000000000000000, 0.0000000000000000000 ) ) ;
#67 = DIRECTION ( 'NONE',  ( 0.0000000000000000000, 0.0000000000000000000, 1.000000000000000000 ) ) ;
#68 =( GEOMETRIC_REPRESENTATION_CONTEXT ( 3 ) GLOBAL_UNCERTAINTY_ASSIGNED_CONTEXT ( ( #1668 ) ) GLOBAL_UNIT_ASSIGNED_CONTEXT ( ( #11, #209, #2213 ) ) REPRESENTATION_CONTEXT ( 'NONE', 'WORKASPACE' ) );
#69 = AXIS2_PLACEMENT_3D ( 'NONE', #935, #1629, #97 ) ;
#70 = ORIENTED_EDGE ( 'NONE', *, *, #345, .T. ) ;
#71 = PLANE ( 'NONE',  #1908 ) ;
#72 = COLOUR_RGB ( '',0.3490196078431372362, 0.3490196078431372362, 0.3490196078431372362 ) ;
#73 = CARTESIAN_POINT ( 'NONE',  ( -0.5500000000000001554, 0.4500000000000001221, 1.099999999999999867 ) ) ;
#74 = VERTEX_POINT ( 'NONE', #1802 ) ;
#75 = SURFACE_STYLE_USAGE ( .BOTH. , #1771 ) ;
#76 =( NAMED_UNIT ( * ) PLANE_ANGLE_UNIT ( ) SI_UNIT ( $, .RADIAN. ) );
#77 = CARTESIAN_POINT ( 'NONE',  ( 0.0000000000000000000, 0.0000000000000000000, 0.0000000000000000000 ) ) ;
#78 = PRESENTATION_LAYER_ASSIGNMENT (  '', '', ( #746 ) ) ;
#79 = CARTESIAN_POINT ( 'NONE',  ( 0.6500000000000000222, -0.4500000000000000666, 0.9999999999999998890 ) ) ;
#80 = CARTESIAN_POINT ( 'NONE',  ( 0.5999999999999999778, 0.5000000000000000000, 0.5100000000000000089 ) ) ;
#81 = LINE ( 'NONE', #580, #1547 ) ;
#82 = VERTEX_POINT ( 'NONE', #1299 ) ;
#83 = CARTESIAN_POINT ( 'NONE',  ( -1.000000000000000000, 0.0000000000000000000, 0.0000000000000000000 ) ) ;
#84 = CARTESIAN_POINT ( 'NONE',  ( 0.5499999999999994893, 0.4500000000000001221, 0.5100000000000000089 ) ) ;
#85 = VERTEX_POINT ( 'NONE', #265 ) ;
#86 = CARTESIAN_POINT ( 'NONE',  ( -1.010000000000000009, 0.5000000000000000000, 0.5100000000000000089 ) ) ;
#87 = FILL_AREA_STYLE ('',( #416 ) ) ;
#88 = VECTOR ( 'NONE', #1704, 1000.000000000000000 ) ;
#89 = VECTOR ( 'NONE', #1120, 1000.000000000000000 ) ;
#90 = SURFACE_STYLE_FILL_AREA ( #1444 ) ;
#91 = LINE ( 'NONE', #1612, #1764 ) ;
#92 = FILL_AREA_STYLE_COLOUR ( '', #526 ) ;
#93 = DIRECTION ( 'NONE',  ( 0.0000000000000000000, 0.0000000000000000000, -1.000000000000000000 ) ) ;
#94 = EDGE_CURVE ( 'NONE', #1682, #1308, #1611, .T. ) ;
#95 = ORIENTED_EDGE ( 'NONE', *, *, #1632, .F. ) ;
#96 = CARTESIAN_POINT ( 'NONE',  ( -0.6500000000000000222, -0.4500000000000001221, 1.099999999999999867 ) ) ;
#97 = DIRECTION ( 'NONE',  ( -1.734723475976807094E-16, 1.000000000000000000, 0.0000000000000000000 ) ) ;
#98 = ORIENTED_EDGE ( 'NONE', *, *, #355, .T. ) ;
#99 = DIRECTION ( 'NONE',  ( -1.000000000000000000, 0.0000000000000000000, 0.0000000000000000000 ) ) ;
#100 = CARTESIAN_POINT ( 'NONE',  ( 0.6500000000000000222, -0.4843145750504013747, 1.058578643763085081 ) ) ;
#101 = CARTESIAN_POINT ( 'NONE',  ( -0.5999999999999998668, -0.5000000000000000000, 0.0000000000000000000 ) ) ;
#102 = STYLED_ITEM ( 'NONE', ( #2106 ), #544 ) ;
#103 = CARTESIAN_POINT ( 'NONE',  ( 1.000000000000000222, -0.5500000000000000444, 0.5000000000000000000 ) ) ;
#104 =( LENGTH_UNIT ( ) NAMED_UNIT ( * ) SI_UNIT ( .MILLI., .METRE. ) );
#105 = VERTEX_POINT ( 'NONE', #1456 ) ;
#106 = CARTESIAN_POINT ( 'NONE',  ( -1.000000000000000000, 0.6250000000000000000, 0.01000000000000001929 ) ) ;
#107 = ADVANCED_FACE ( 'NONE', ( #1584 ), #1795, .T. ) ;
#108 = STYLED_ITEM ( 'NONE', ( #1336 ), #855 ) ;
#109 = CARTESIAN_POINT ( 'NONE',  ( -0.6500000000000000222, -0.4500000000000001221, 0.9999999999999995559 ) ) ;
#110 = ORIENTED_EDGE ( 'NONE', *, *, #1821, .T. ) ;
#111 = CARTESIAN_POINT ( 'NONE',  ( 1.010000000000000009, 0.1997498435543819950, 0.5100000000000000089 ) ) ;
#112 = EDGE_CURVE ( 'NONE', #876, #1690, #1106, .T. ) ;
#113 = CIRCLE ( 'NONE', #598, 0.09999999999999999167 ) ;
#114 = PLANE ( 'NONE',  #2137 ) ;
#115 = VECTOR ( 'NONE', #1210, 1000.000000000000000 ) ;
#116 = VECTOR ( 'NONE', #1943, 1000.000000000000000 ) ;
#117 = CARTESIAN_POINT ( 'NONE',  ( 0.5500000000000001554, -0.5499999999999997113, 1.099999999999999867 ) ) ;
#118 = DIRECTION ( 'NONE',  ( 0.0000000000000000000, -1.000000000000000000, -0.0000000000000000000 ) ) ;
#119 = COLOUR_RGB ( '',0.3490196078431372362, 0.3490196078431372362, 0.3490196078431372362 ) ;
#120 = LINE ( 'NONE', #609, #1603 ) ;
#121 = CARTESIAN_POINT ( 'NONE',  ( -0.9899999999999999911, -0.5100000000000000089, 0.5010000000000000009 ) ) ;
#122 = LINE ( 'NONE', #1608, #807 ) ;
#123 = ORIENTED_EDGE ( 'NONE', *, *, #719, .T. ) ;
#124 = CARTESIAN_POINT ( 'NONE',  ( 0.5499999999999999334, -0.4500000000000000666, 0.5100000000000000089 ) ) ;
#125 = CIRCLE ( 'NONE', #1458, 0.2000000000000002054 ) ;
#126 = UNCERTAINTY_MEASURE_WITH_UNIT (LENGTH_MEASURE( 1.000000000000000082E-05 ), #1048, 'distance_accuracy_value', 'NONE');
#127 = ADVANCED_FACE ( 'NONE', ( #1623 ), #114, .F. ) ;
#128 = CIRCLE ( 'NONE', #1284, 0.1000000000000000472 ) ;
#129 = CARTESIAN_POINT ( 'NONE',  ( -0.6366025403784437708, -0.5000000000000000000, 0.5100000000000000089 ) ) ;
#130 = DIRECTION ( 'NONE',  ( -0.0000000000000000000, 0.0000000000000000000, 1.000000000000000000 ) ) ;
#131 = EDGE_LOOP ( 'NONE', ( #1031, #921, #240, #1988 ) ) ;
#132 = CARTESIAN_POINT ( 'NONE',  ( -0.9899999999999999911, -0.6149999999999999911, 0.5010000000000000009 ) ) ;
#133 =( LENGTH_UNIT ( ) NAMED_UNIT ( * ) SI_UNIT ( .MILLI., .METRE. ) );
#134 = ORIENTED_EDGE ( 'NONE', *, *, #764, .T. ) ;
#135 = EDGE_LOOP ( 'NONE', ( #70, #1672, #1968, #1719, #123, #1298, #98, #134, #184 ) ) ;
#136 = CARTESIAN_POINT ( 'NONE',  ( 0.5499999999999994893, 0.5500000000000001554, 1.099999999999999867 ) ) ;
#137 = EDGE_CURVE ( 'NONE', #737, #888, #296, .T. ) ;
#138 =( NAMED_UNIT ( * ) PLANE_ANGLE_UNIT ( ) SI_UNIT ( $, .RADIAN. ) );
#139 =( NAMED_UNIT ( * ) PLANE_ANGLE_UNIT ( ) SI_UNIT ( $, .RADIAN. ) );
#140 = DIRECTION ( 'NONE',  ( 1.000000000000000000, 0.0000000000000000000, -0.0000000000000000000 ) ) ;
#141 = CARTESIAN_POINT ( 'NONE',  ( -0.7099999999999999645, 0.6149999999999999911, 0.5010000000000000009 ) ) ;
#142 = VERTEX_POINT ( 'NONE', #1997 ) ;
#143 = AXIS2_PLACEMENT_3D ( 'NONE', #436, #1262, #274 ) ;
#144 = MECHANICAL_DESIGN_GEOMETRIC_PRESENTATION_REPRESENTATION (  '', ( #2167 ), #68 ) ;
#145 = ORIENTED_EDGE ( 'NONE', *, *, #956, .T. ) ;
#146 = FILL_AREA_STYLE ('',( #2005 ) ) ;
#147 = VECTOR ( 'NONE', #2042, 1000.000000000000000 ) ;
#148 = CIRCLE ( 'NONE', #1213, 0.2000000000000000944 ) ;
#149 = DIRECTION ( 'NONE',  ( -1.000000000000000000, 0.0000000000000000000, 0.0000000000000000000 ) ) ;
#150 = MECHANICAL_DESIGN_GEOMETRIC_PRESENTATION_REPRESENTATION (  '', ( #391 ), #713 ) ;
#151 = EDGE_CURVE ( 'NONE', #302, #829, #1448, .T. ) ;
#152 = UNCERTAINTY_MEASURE_WITH_UNIT (LENGTH_MEASURE( 1.000000000000000082E-05 ), #1720, 'distance_accuracy_value', 'NONE');
#153 = PLANE ( 'NONE',  #1036 ) ;
#154 = CARTESIAN_POINT ( 'NONE',  ( 0.5499999999999999334, -0.5500000000000000444, 0.5000000000000000000 ) ) ;
#155 = UNCERTAINTY_MEASURE_WITH_UNIT (LENGTH_MEASURE( 1.000000000000000082E-05 ), #1450, 'distance_accuracy_value', 'NONE');
#156 = EDGE_LOOP ( 'NONE', ( #465, #1376, #720, #865 ) ) ;
#157 = MANIFOLD_SOLID_BREP ( '?????-????????2', #1732 ) ;
#158 = MECHANICAL_DESIGN_GEOMETRIC_PRESENTATION_REPRESENTATION (  '', ( #1745 ), #1951 ) ;
#159 = LINE ( 'NONE', #657, #1691 ) ;
#160 = MECHANICAL_DESIGN_GEOMETRIC_PRESENTATION_REPRESENTATION (  '', ( #1969 ), #1180 ) ;
#161 = FILL_AREA_STYLE ('',( #484 ) ) ;
#162 = VECTOR ( 'NONE', #1258, 1000.000000000000000 ) ;
#163 = FILL_AREA_STYLE_COLOUR ( '', #616 ) ;
#164 = EDGE_CURVE ( 'NONE', #2037, #1695, #2015, .T. ) ;
#165 = FACE_OUTER_BOUND ( 'NONE', #945, .T. ) ;
#166 = ORIENTED_EDGE ( 'NONE', *, *, #1839, .F. ) ;
#167 = CARTESIAN_POINT ( 'NONE',  ( -0.7099999999999999645, -0.5100000000000000089, 0.5010000000000000009 ) ) ;
#168 = EDGE_LOOP ( 'NONE', ( #166, #1069, #377, #1515, #1637, #1166, #754, #1175 ) ) ;
#169 = DIRECTION ( 'NONE',  ( -1.000000000000000000, -0.0000000000000000000, 0.0000000000000000000 ) ) ;
#170 = PRESENTATION_LAYER_ASSIGNMENT (  '', '', ( #1794 ) ) ;
#171 = CARTESIAN_POINT ( 'NONE',  ( -0.7099999999999999645, -0.6149999999999999911, 0.5000000000000000000 ) ) ;
#172 = DIRECTION ( 'NONE',  ( -0.0000000000000000000, 1.000000000000000000, 3.216245299353273201E-16 ) ) ;
#173 = ORIENTED_EDGE ( 'NONE', *, *, #1993, .F. ) ;
#174 = EDGE_CURVE ( 'NONE', #142, #853, #1811, .T. ) ;
#175 = SURFACE_STYLE_USAGE ( .BOTH. , #1871 ) ;
#176 = VERTEX_POINT ( 'NONE', #670 ) ;
#177 = ADVANCED_FACE ( 'NONE', ( #1651 ), #52, .T. ) ;
#178 = CIRCLE ( 'NONE', #771, 0.09999999999999999167 ) ;
#179 =( GEOMETRIC_REPRESENTATION_CONTEXT ( 3 ) GLOBAL_UNCERTAINTY_ASSIGNED_CONTEXT ( ( #2113 ) ) GLOBAL_UNIT_ASSIGNED_CONTEXT ( ( #14, #237, #358 ) ) REPRESENTATION_CONTEXT ( 'NONE', 'WORKASPACE' ) );
#180 =( LENGTH_UNIT ( ) NAMED_UNIT ( * ) SI_UNIT ( .MILLI., .METRE. ) );
#181 = VECTOR ( 'NONE', #13, 1000.000000000000000 ) ;
#182 = DIRECTION ( 'NONE',  ( 0.0000000000000000000, -1.000000000000000000, -0.0000000000000000000 ) ) ;
#183 = SURFACE_STYLE_USAGE ( .BOTH. , #1502 ) ;
#184 = ORIENTED_EDGE ( 'NONE', *, *, #1022, .T. ) ;
#185 = CARTESIAN_POINT ( 'NONE',  ( -1.009999999999999787, -0.5000000000000000000, 0.0000000000000000000 ) ) ;
#186 = LINE ( 'NONE', #1497, #1587 ) ;
#187 = ORIENTED_EDGE ( 'NONE', *, *, #35, .F. ) ;
#188 = EDGE_CURVE ( 'NONE', #302, #623, #314, .T. ) ;
#189 = ORIENTED_EDGE ( 'NONE', *, *, #1787, .F. ) ;
#190 = FILL_AREA_STYLE ('',( #1193 ) ) ;
#191 = CARTESIAN_POINT ( 'NONE',  ( 0.5999999999999998668, 0.5000000000000000000, 0.01000000000000002623 ) ) ;
#192 = AXIS2_PLACEMENT_3D ( 'NONE', #344, #1274, #2097 ) ;
#193 = PRESENTATION_LAYER_ASSIGNMENT (  '', '', ( #1750 ) ) ;
#194 = LINE ( 'NONE', #1068, #213 ) ;
#195 = VERTEX_POINT ( 'NONE', #1663 ) ;
#196 = SURFACE_STYLE_FILL_AREA ( #2038 ) ;
#197 =( LENGTH_UNIT ( ) NAMED_UNIT ( * ) SI_UNIT ( .MILLI., .METRE. ) );
#198 = ORIENTED_EDGE ( 'NONE', *, *, #1425, .T. ) ;
#199 = CARTESIAN_POINT ( 'NONE',  ( 0.6500000000000000222, -0.4500000000000000111, 1.099999999999999867 ) ) ;
#200 = DIRECTION ( 'NONE',  ( -1.000000000000000000, 0.0000000000000000000, 0.0000000000000000000 ) ) ;
#201 = EDGE_CURVE ( 'NONE', #1136, #324, #159, .T. ) ;
#202 = CARTESIAN_POINT ( 'NONE',  ( -0.5499999999999999334, -0.4500000000000001221, 0.5100000000000000089 ) ) ;
#203 = DIRECTION ( 'NONE',  ( 0.0000000000000000000, 0.0000000000000000000, 1.000000000000000000 ) ) ;
#204 = ADVANCED_FACE ( 'NONE', ( #1476 ), #1850, .F. ) ;
#205 = AXIS2_PLACEMENT_3D ( 'NONE', #1246, #369, #2091 ) ;
#206 = SURFACE_STYLE_FILL_AREA ( #2025 ) ;
#207 = CARTESIAN_POINT ( 'NONE',  ( -0.6500000000000001332, -0.4500000000000001221, 1.099999999999999867 ) ) ;
#208 = VERTEX_POINT ( 'NONE', #854 ) ;
#209 =( NAMED_UNIT ( * ) PLANE_ANGLE_UNIT ( ) SI_UNIT ( $, .RADIAN. ) );
#210 = DIRECTION ( 'NONE',  ( 0.0000000000000000000, 0.0000000000000000000, -1.000000000000000000 ) ) ;
#211 = ORIENTED_EDGE ( 'NONE', *, *, #1237, .F. ) ;
#212 = ORIENTED_EDGE ( 'NONE', *, *, #1724, .F. ) ;
#213 = VECTOR ( 'NONE', #716, 1000.000000000000000 ) ;
#214 = DIRECTION ( 'NONE',  ( -2.168404344971008868E-16, 1.000000000000000000, 0.0000000000000000000 ) ) ;
#215 = COLOUR_RGB ( '',0.9803921568627450567, 0.9803921568627450567, 0.5019607843137254832 ) ;
#216 = VECTOR ( 'NONE', #169, 1000.000000000000000 ) ;
#217 = AXIS2_PLACEMENT_3D ( 'NONE', #1105, #564, #1782 ) ;
#218 = CARTESIAN_POINT ( 'NONE',  ( -1.000000000000000000, 0.6250000000000000000, 0.5000000000000000000 ) ) ;
#219 = EDGE_CURVE ( 'NONE', #1156, #300, #378, .T. ) ;
#220 = DIRECTION ( 'NONE',  ( -0.0000000000000000000, -1.000000000000000000, -0.0000000000000000000 ) ) ;
#221 = ORIENTED_EDGE ( 'NONE', *, *, #219, .T. ) ;
#222 = MECHANICAL_DESIGN_GEOMETRIC_PRESENTATION_REPRESENTATION (  '', ( #2139 ), #492 ) ;
#223 = AXIS2_PLACEMENT_3D ( 'NONE', #1860, #2201, #2040 ) ;
#224 = PLANE ( 'NONE',  #419 ) ;
#225 = VERTEX_POINT ( 'NONE', #1045 ) ;
#226 = DIRECTION ( 'NONE',  ( 0.0000000000000000000, 0.0000000000000000000, 1.000000000000000000 ) ) ;
#227 = VERTEX_POINT ( 'NONE', #1408 ) ;
#228 = PRESENTATION_STYLE_ASSIGNMENT (( #883 ) ) ;
#229 = VECTOR ( 'NONE', #805, 1000.000000000000000 ) ;
#230 = DIRECTION ( 'NONE',  ( -1.000000000000000000, 0.0000000000000000000, 0.0000000000000000000 ) ) ;
#231 = ORIENTED_EDGE ( 'NONE', *, *, #1543, .F. ) ;
#232 = EDGE_CURVE ( 'NONE', #1986, #964, #1189, .T. ) ;
#233 = DIRECTION ( 'NONE',  ( 0.0000000000000000000, -0.0000000000000000000, 1.000000000000000000 ) ) ;
#234 = ORIENTED_EDGE ( 'NONE', *, *, #467, .F. ) ;
#235 = VECTOR ( 'NONE', #772, 1000.000000000000000 ) ;
#236 = SURFACE_STYLE_FILL_AREA ( #1562 ) ;
#237 =( NAMED_UNIT ( * ) PLANE_ANGLE_UNIT ( ) SI_UNIT ( $, .RADIAN. ) );
#238 = PRESENTATION_STYLE_ASSIGNMENT (( #1065 ) ) ;
#239 = CARTESIAN_POINT ( 'NONE',  ( 0.6085786437626902190, 0.4500000000000000666, 1.100000000000000089 ) ) ;
#240 = ORIENTED_EDGE ( 'NONE', *, *, #1531, .F. ) ;
#241 = FILL_AREA_STYLE ('',( #776 ) ) ;
#242 = CARTESIAN_POINT ( 'NONE',  ( -0.6085786437626903300, -0.5500000000000001554, 1.058578643762690286 ) ) ;
#243 = AXIS2_PLACEMENT_3D ( 'NONE', #80, #907, #554 ) ;
#244 = ORIENTED_EDGE ( 'NONE', *, *, #462, .F. ) ;
#245 = FACE_OUTER_BOUND ( 'NONE', #2043, .T. ) ;
#246 = DIRECTION ( 'NONE',  ( 0.0000000000000000000, 0.0000000000000000000, -1.000000000000000000 ) ) ;
#247 = EDGE_CURVE ( 'NONE', #324, #1729, #1537, .T. ) ;
#248 = DIRECTION ( 'NONE',  ( -0.0000000000000000000, -0.0000000000000000000, 1.000000000000000000 ) ) ;
#249 = PRESENTATION_STYLE_ASSIGNMENT (( #53 ) ) ;
#250 = CARTESIAN_POINT ( 'NONE',  ( 1.000000000000000222, -0.6250000000000000000, 0.5000000000000000000 ) ) ;
#251 =( GEOMETRIC_REPRESENTATION_CONTEXT ( 3 ) GLOBAL_UNCERTAINTY_ASSIGNED_CONTEXT ( ( #1313 ) ) GLOBAL_UNIT_ASSIGNED_CONTEXT ( ( #1007, #496, #630 ) ) REPRESENTATION_CONTEXT ( 'NONE', 'WORKASPACE' ) );
#252 = VERTEX_POINT ( 'NONE', #533 ) ;
#253 =( NAMED_UNIT ( * ) PLANE_ANGLE_UNIT ( ) SI_UNIT ( $, .RADIAN. ) );
#254 = ORIENTED_EDGE ( 'NONE', *, *, #400, .F. ) ;
#255 =( NAMED_UNIT ( * ) PLANE_ANGLE_UNIT ( ) SI_UNIT ( $, .RADIAN. ) );
#256 = MECHANICAL_DESIGN_GEOMETRIC_PRESENTATION_REPRESENTATION (  '', ( #994 ), #494 ) ;
#257 = ADVANCED_FACE ( 'NONE', ( #1397 ), #1529, .T. ) ;
#258 = DIRECTION ( 'NONE',  ( 0.0000000000000000000, -0.0000000000000000000, -1.000000000000000000 ) ) ;
#259 = DIRECTION ( 'NONE',  ( 0.0000000000000000000, 1.000000000000000000, 0.0000000000000000000 ) ) ;
#260 =( NAMED_UNIT ( * ) SI_UNIT ( $, .STERADIAN. ) SOLID_ANGLE_UNIT ( ) );
#261 = ORIENTED_EDGE ( 'NONE', *, *, #1006, .T. ) ;
#262 = CARTESIAN_POINT ( 'NONE',  ( -0.9899999999999999911, 0.5100000000000000089, 0.5010000000000000009 ) ) ;
#263 = VERTEX_POINT ( 'NONE', #704 ) ;
#264 = CARTESIAN_POINT ( 'NONE',  ( -0.5500000000000001554, 0.5500000000000001554, 0.9999999999999997780 ) ) ;
#265 = CARTESIAN_POINT ( 'NONE',  ( 1.010000000000000009, -0.1997498435543819950, 0.0000000000000000000 ) ) ;
#266 = DIRECTION ( 'NONE',  ( -1.000000000000000000, -0.0000000000000000000, 0.0000000000000000000 ) ) ;
#267 = SURFACE_STYLE_USAGE ( .BOTH. , #1922 ) ;
#268 = EDGE_CURVE ( 'NONE', #1101, #272, #1364, .T. ) ;
#269 = FILL_AREA_STYLE_COLOUR ( '', #2033 ) ;
#270 = SURFACE_STYLE_USAGE ( .BOTH. , #909 ) ;
#271 = EDGE_CURVE ( 'NONE', #2160, #1577, #2065, .T. ) ;
#272 = VERTEX_POINT ( 'NONE', #1873 ) ;
#273 =( LENGTH_UNIT ( ) NAMED_UNIT ( * ) SI_UNIT ( .MILLI., .METRE. ) );
#274 = DIRECTION ( 'NONE',  ( -1.000000000000000000, 0.0000000000000000000, 0.0000000000000000000 ) ) ;
#275 = ORIENTED_EDGE ( 'NONE', *, *, #1710, .F. ) ;
#276 = SURFACE_STYLE_USAGE ( .BOTH. , #2147 ) ;
#277 = CARTESIAN_POINT ( 'NONE',  ( 0.6500000000000000222, -0.4500000000000001221, 0.9999999999999997780 ) ) ;
#278 = PRESENTATION_STYLE_ASSIGNMENT (( #1990 ) ) ;
#279 = DIRECTION ( 'NONE',  ( 0.0000000000000000000, -0.0000000000000000000, 1.000000000000000000 ) ) ;
#280 = DIRECTION ( 'NONE',  ( 1.000000000000000000, 0.0000000000000000000, -0.0000000000000000000 ) ) ;
#281 = DIRECTION ( 'NONE',  ( 0.0000000000000000000, -0.0000000000000000000, 1.000000000000000000 ) ) ;
#282 = COLOUR_RGB ( '',0.3490196078431372362, 0.3490196078431372362, 0.3490196078431372362 ) ;
#283 = CARTESIAN_POINT ( 'NONE',  ( 0.5499999999999994893, 0.4500000000000001221, 0.9999999999999997780 ) ) ;
#284 = ORIENTED_EDGE ( 'NONE', *, *, #1694, .F. ) ;
#285 = DIRECTION ( 'NONE',  ( -1.000000000000000000, -0.0000000000000000000, -0.0000000000000000000 ) ) ;
#286 = MECHANICAL_DESIGN_GEOMETRIC_PRESENTATION_REPRESENTATION (  '', ( #1915 ), #420 ) ;
#287 = CARTESIAN_POINT ( 'NONE',  ( 0.5999999999999998668, 0.5000000000000000000, 0.5100000000000000089 ) ) ;
#288 = VECTOR ( 'NONE', #118, 1000.000000000000000 ) ;
#289 = LINE ( 'NONE', #129, #371 ) ;
#290 = SURFACE_STYLE_USAGE ( .BOTH. , #1311 ) ;
#291 = SURFACE_STYLE_USAGE ( .BOTH. , #407 ) ;
#292 = ORIENTED_EDGE ( 'NONE', *, *, #641, .F. ) ;
#293 = VERTEX_POINT ( 'NONE', #1918 ) ;
#294 = ADVANCED_FACE ( 'NONE', ( #1220 ), #25, .F. ) ;
#295 = UNCERTAINTY_MEASURE_WITH_UNIT (LENGTH_MEASURE( 1.000000000000000082E-05 ), #180, 'distance_accuracy_value', 'NONE');
#296 = LINE ( 'NONE', #2180, #216 ) ;
#297 = DIRECTION ( 'NONE',  ( 0.0000000000000000000, 0.0000000000000000000, 1.000000000000000000 ) ) ;
#298 = DIRECTION ( 'NONE',  ( -0.0000000000000000000, 0.0000000000000000000, -1.000000000000000000 ) ) ;
#299 = SURFACE_STYLE_FILL_AREA ( #87 ) ;
#300 = VERTEX_POINT ( 'NONE', #111 ) ;
#301 = CARTESIAN_POINT ( 'NONE',  ( -0.9899999999999999911, -0.6149999999999999911, 0.5010000000000000009 ) ) ;
#302 = VERTEX_POINT ( 'NONE', #1287 ) ;
#303 =( NAMED_UNIT ( * ) SI_UNIT ( $, .STERADIAN. ) SOLID_ANGLE_UNIT ( ) );
#304 = VECTOR ( 'NONE', #258, 1000.000000000000000 ) ;
#305 =( NAMED_UNIT ( * ) PLANE_ANGLE_UNIT ( ) SI_UNIT ( $, .RADIAN. ) );
#306 = EDGE_CURVE ( 'NONE', #1437, #2169, #2134, .T. ) ;
#307 = CARTESIAN_POINT ( 'NONE',  ( 1.010000000000000009, -0.1997498435543819950, 0.5100000000000000089 ) ) ;
#308 = SURFACE_SIDE_STYLE ('',( #1984 ) ) ;
#309 = DIRECTION ( 'NONE',  ( -1.000000000000000000, -1.734723475976807094E-16, 0.0000000000000000000 ) ) ;
#310 = ORIENTED_EDGE ( 'NONE', *, *, #618, .F. ) ;
#311 = DIRECTION ( 'NONE',  ( 1.000000000000000000, 0.0000000000000000000, 0.0000000000000000000 ) ) ;
#312 = MECHANICAL_DESIGN_GEOMETRIC_PRESENTATION_REPRESENTATION (  '', ( #2205 ), #1837 ) ;
#313 = AXIS2_PLACEMENT_3D ( 'NONE', #744, #1797, #281 ) ;
#314 = LINE ( 'NONE', #136, #1234 ) ;
#315 = STYLED_ITEM ( 'NONE', ( #1201 ), #31 ) ;
#316 =( NAMED_UNIT ( * ) PLANE_ANGLE_UNIT ( ) SI_UNIT ( $, .RADIAN. ) );
#317 = ADVANCED_FACE ( 'NONE', ( #789 ), #1621, .F. ) ;
#318 = AXIS2_PLACEMENT_3D ( 'NONE', #668, #655, #498 ) ;
#319 = FACE_OUTER_BOUND ( 'NONE', #135, .T. ) ;
#320 = AXIS2_PLACEMENT_3D ( 'NONE', #2023, #836, #796 ) ;
#321 = UNCERTAINTY_MEASURE_WITH_UNIT (LENGTH_MEASURE( 1.000000000000000082E-05 ), #925, 'distance_accuracy_value', 'NONE');
#322 = ORIENTED_EDGE ( 'NONE', *, *, #1208, .F. ) ;
#323 = SURFACE_STYLE_USAGE ( .BOTH. , #1765 ) ;
#324 = VERTEX_POINT ( 'NONE', #1942 ) ;
#325 = CARTESIAN_POINT ( 'NONE',  ( 1.000000000000000000, -0.6250000000000000000, 0.01000000000000000021 ) ) ;
#326 = VECTOR ( 'NONE', #130, 1000.000000000000000 ) ;
#327 = SURFACE_SIDE_STYLE ('',( #2016 ) ) ;
#328 = SURFACE_STYLE_USAGE ( .BOTH. , #1181 ) ;
#329 = EDGE_CURVE ( 'NONE', #2133, #82, #946, .T. ) ;
#330 = STYLED_ITEM ( 'NONE', ( #238 ), #1796 ) ;
#331 = PLANE ( 'NONE',  #715 ) ;
#332 = CARTESIAN_POINT ( 'NONE',  ( 0.6000000000000000888, -0.6250000000000000000, 0.01000000000000000021 ) ) ;
#333 = EDGE_CURVE ( 'NONE', #601, #1779, #1431, .T. ) ;
#334 = PLANE ( 'NONE',  #521 ) ;
#335 = ORIENTED_EDGE ( 'NONE', *, *, #1107, .T. ) ;
#336 = DIRECTION ( 'NONE',  ( 1.000000000000000000, 0.0000000000000000000, -0.0000000000000000000 ) ) ;
#337 = CARTESIAN_POINT ( 'NONE',  ( -0.7099999999999999645, 0.5100000000000000089, 0.5010000000000000009 ) ) ;
#338 = CARTESIAN_POINT ( 'NONE',  ( -0.6500000000000001332, 0.4500000000000002887, 0.9999999999999997780 ) ) ;
#339 = COLOUR_RGB ( '',0.9803921568627450567, 0.9803921568627450567, 0.5019607843137254832 ) ;
#340 = CARTESIAN_POINT ( 'NONE',  ( 1.000000000000000222, -0.6250000000000000000, 0.5000000000000000000 ) ) ;
#341 = DIRECTION ( 'NONE',  ( -0.0000000000000000000, 1.000000000000000000, 0.0000000000000000000 ) ) ;
#342 = CARTESIAN_POINT ( 'NONE',  ( 1.000000000000000000, 0.6250000000000000000, 0.5000000000000000000 ) ) ;
#343 = EDGE_LOOP ( 'NONE', ( #1339, #958, #2122, #863 ) ) ;
#344 = CARTESIAN_POINT ( 'NONE',  ( -0.9899999999999999911, -0.5100000000000000089, 0.5010000000000000009 ) ) ;
#345 = EDGE_CURVE ( 'NONE', #1986, #39, #2057, .T. ) ;
#346 = DIRECTION ( 'NONE',  ( 0.0000000000000000000, 0.0000000000000000000, 1.000000000000000000 ) ) ;
#347 = ORIENTED_EDGE ( 'NONE', *, *, #1606, .F. ) ;
#348 = DIRECTION ( 'NONE',  ( 0.0000000000000000000, -1.000000000000000000, -0.0000000000000000000 ) ) ;
#349 = CIRCLE ( 'NONE', #1333, 0.09999999999999999167 ) ;
#350 = SURFACE_SIDE_STYLE ('',( #523 ) ) ;
#351 =( GEOMETRIC_REPRESENTATION_CONTEXT ( 3 ) GLOBAL_UNCERTAINTY_ASSIGNED_CONTEXT ( ( #417 ) ) GLOBAL_UNIT_ASSIGNED_CONTEXT ( ( #1959, #2138, #1278 ) ) REPRESENTATION_CONTEXT ( 'NONE', 'WORKASPACE' ) );
#352 = FILL_AREA_STYLE ('',( #2047 ) ) ;
#353 = ORIENTED_EDGE ( 'NONE', *, *, #1222, .T. ) ;
#354 = CARTESIAN_POINT ( 'NONE',  ( -0.5499999999999999334, -0.4500000000000001221, 0.9999999999999997780 ) ) ;
#355 = EDGE_CURVE ( 'NONE', #208, #1363, #1929, .T. ) ;
#356 = ORIENTED_EDGE ( 'NONE', *, *, #1606, .T. ) ;
#357 = DIRECTION ( 'NONE',  ( 1.000000000000000000, 0.0000000000000000000, -0.0000000000000000000 ) ) ;
#358 =( NAMED_UNIT ( * ) SI_UNIT ( $, .STERADIAN. ) SOLID_ANGLE_UNIT ( ) );
#359 = FACE_OUTER_BOUND ( 'NONE', #168, .T. ) ;
#360 = VECTOR ( 'NONE', #1788, 1000.000000000000000 ) ;
#361 = LINE ( 'NONE', #2095, #1622 ) ;
#362 = ORIENTED_EDGE ( 'NONE', *, *, #452, .F. ) ;
#363 = LINE ( 'NONE', #2050, #1910 ) ;
#364 = CARTESIAN_POINT ( 'NONE',  ( -0.5999999999999999778, 0.5000000000000000000, 0.5100000000000000089 ) ) ;
#365 = VERTEX_POINT ( 'NONE', #1127 ) ;
#366 = APPLICATION_PROTOCOL_DEFINITION ( 'draft international standard', 'automotive_design', 1998, #1356 ) ;
#367 = VERTEX_POINT ( 'NONE', #264 ) ;
#368 = ADVANCED_FACE ( 'NONE', ( #245 ), #1800, .T. ) ;
#369 = DIRECTION ( 'NONE',  ( 0.0000000000000000000, -1.000000000000000000, 0.0000000000000000000 ) ) ;
#370 =( NAMED_UNIT ( * ) SI_UNIT ( $, .STERADIAN. ) SOLID_ANGLE_UNIT ( ) );
#371 = VECTOR ( 'NONE', #769, 1000.000000000000000 ) ;
#372 = FILL_AREA_STYLE_COLOUR ( '', #2111 ) ;
#373 = CARTESIAN_POINT ( 'NONE',  ( 0.5499999999999994893, 0.5500000000000001554, 0.9999999999984663379 ) ) ;
#374 = ORIENTED_EDGE ( 'NONE', *, *, #5, .T. ) ;
#375 = DIRECTION ( 'NONE',  ( 1.000000000000000000, 0.0000000000000000000, -0.0000000000000000000 ) ) ;
#376 = LINE ( 'NONE', #702, #27 ) ;
#377 = ORIENTED_EDGE ( 'NONE', *, *, #1094, .F. ) ;
#378 = LINE ( 'NONE', #866, #1956 ) ;
#379 = FILL_AREA_STYLE_COLOUR ( '', #1338 ) ;
#380 = VECTOR ( 'NONE', #1315, 1000.000000000000000 ) ;
#381 = FILL_AREA_STYLE ('',( #393 ) ) ;
#382 = CARTESIAN_POINT ( 'NONE',  ( 1.010000000000000009, -0.1997498435543819950, 0.5100000000000000089 ) ) ;
#383 = AXIS2_PLACEMENT_3D ( 'NONE', #1628, #931, #1805 ) ;
#384 = ADVANCED_FACE ( 'NONE', ( #937 ), #1610, .F. ) ;
#385 = STYLED_ITEM ( 'NONE', ( #947 ), #127 ) ;
#386 = ORIENTED_EDGE ( 'NONE', *, *, #2189, .F. ) ;
#387 =( NAMED_UNIT ( * ) SI_UNIT ( $, .STERADIAN. ) SOLID_ANGLE_UNIT ( ) );
#388 = MECHANICAL_DESIGN_GEOMETRIC_PRESENTATION_REPRESENTATION (  '', ( #1845 ), #674 ) ;
#389 = DIRECTION ( 'NONE',  ( 0.0000000000000000000, 0.0000000000000000000, -1.000000000000000000 ) ) ;
#390 = ORIENTED_EDGE ( 'NONE', *, *, #859, .F. ) ;
#391 = STYLED_ITEM ( 'NONE', ( #228 ), #1291 ) ;
#392 = VERTEX_POINT ( 'NONE', #1496 ) ;
#393 = FILL_AREA_STYLE_COLOUR ( '', #18 ) ;
#394 = PRESENTATION_LAYER_ASSIGNMENT (  '', '', ( #1072 ) ) ;
#395 = DIRECTION ( 'NONE',  ( 1.000000000000000000, 2.168404344971008868E-16, -0.0000000000000000000 ) ) ;
#396 = CARTESIAN_POINT ( 'NONE',  ( 0.5499999999999994893, 0.5500000000008984369, 1.058578643761868943 ) ) ;
#397 = ORIENTED_EDGE ( 'NONE', *, *, #1265, .F. ) ;
#398 = DIRECTION ( 'NONE',  ( 0.0000000000000000000, 0.0000000000000000000, -1.000000000000000000 ) ) ;
#399 = VECTOR ( 'NONE', #1414, 1000.000000000000000 ) ;
#400 = EDGE_CURVE ( 'NONE', #252, #1831, #1505, .T. ) ;
#401 = CARTESIAN_POINT ( 'NONE',  ( -0.6085786437626903300, -0.5085786437626906853, 1.099999999999999645 ) ) ;
#402 = VERTEX_POINT ( 'NONE', #301 ) ;
#403 = SURFACE_STYLE_USAGE ( .BOTH. , #308 ) ;
#404 = SURFACE_SIDE_STYLE ('',( #2076 ) ) ;
#405 = SURFACE_STYLE_FILL_AREA ( #381 ) ;
#406 = FACE_OUTER_BOUND ( 'NONE', #1399, .T. ) ;
#407 = SURFACE_SIDE_STYLE ('',( #1936 ) ) ;
#408 = EDGE_LOOP ( 'NONE', ( #1965, #362, #1711, #932 ) ) ;
#409 = PLANE ( 'NONE',  #1928 ) ;
#410 = MECHANICAL_DESIGN_GEOMETRIC_PRESENTATION_REPRESENTATION (  '', ( #1434 ), #696 ) ;
#411 = FILL_AREA_STYLE ('',( #1940 ) ) ;
#412 =( GEOMETRIC_REPRESENTATION_CONTEXT ( 3 ) GLOBAL_UNCERTAINTY_ASSIGNED_CONTEXT ( ( #1165 ) ) GLOBAL_UNIT_ASSIGNED_CONTEXT ( ( #1643, #138, #928 ) ) REPRESENTATION_CONTEXT ( 'NONE', 'WORKASPACE' ) );
#413 = ORIENTED_EDGE ( 'NONE', *, *, #1506, .F. ) ;
#414 = CARTESIAN_POINT ( 'NONE',  ( -1.010000000000000009, 0.1997498435543817730, 0.5100000000000000089 ) ) ;
#415 = EDGE_CURVE ( 'NONE', #829, #1503, #1486, .T. ) ;
#416 = FILL_AREA_STYLE_COLOUR ( '', #2183 ) ;
#417 = UNCERTAINTY_MEASURE_WITH_UNIT (LENGTH_MEASURE( 1.000000000000000082E-05 ), #1959, 'distance_accuracy_value', 'NONE');
#418 = DIRECTION ( 'NONE',  ( -1.000000000000000000, 0.0000000000000000000, 0.0000000000000000000 ) ) ;
#419 = AXIS2_PLACEMENT_3D ( 'NONE', #747, #562, #233 ) ;
#420 =( GEOMETRIC_REPRESENTATION_CONTEXT ( 3 ) GLOBAL_UNCERTAINTY_ASSIGNED_CONTEXT ( ( #961 ) ) GLOBAL_UNIT_ASSIGNED_CONTEXT ( ( #104, #1111, #595 ) ) REPRESENTATION_CONTEXT ( 'NONE', 'WORKASPACE' ) );
#421 = ORIENTED_EDGE ( 'NONE', *, *, #1571, .F. ) ;
#422 = CARTESIAN_POINT ( 'NONE',  ( 0.5999999999999999778, 0.5000000000000000000, 0.5100000000000000089 ) ) ;
#423 = VECTOR ( 'NONE', #588, 1000.000000000000000 ) ;
#424 = AXIS2_PLACEMENT_3D ( 'NONE', #591, #757, #624 ) ;
#425 = CARTESIAN_POINT ( 'NONE',  ( -0.6499999999999998002, -0.5085786437626906853, 1.034314575050761187 ) ) ;
#426 = ORIENTED_EDGE ( 'NONE', *, *, #2149, .T. ) ;
#427 = PRESENTATION_STYLE_ASSIGNMENT (( #75 ) ) ;
#428 = EDGE_CURVE ( 'NONE', #227, #44, #989, .T. ) ;
#429 = CARTESIAN_POINT ( 'NONE',  ( 0.5499999999999999334, -0.5500000000000001554, 0.9999999999999997780 ) ) ;
#430 = DIRECTION ( 'NONE',  ( 0.0000000000000000000, -1.000000000000000000, 0.0000000000000000000 ) ) ;
#431 = EDGE_CURVE ( 'NONE', #731, #2037, #1008, .T. ) ;
#432 = DIRECTION ( 'NONE',  ( -1.000000000000000000, 1.084202172485503842E-15, 0.0000000000000000000 ) ) ;
#433 = PLANE ( 'NONE',  #501 ) ;
#434 = PRESENTATION_LAYER_ASSIGNMENT (  '', '', ( #1969 ) ) ;
#435 = ORIENTED_EDGE ( 'NONE', *, *, #268, .F. ) ;
#436 = CARTESIAN_POINT ( 'NONE',  ( -0.5499999999999999334, -0.4500000000000001221, 0.5000000000000000000 ) ) ;
#437 = ORIENTED_EDGE ( 'NONE', *, *, #1237, .T. ) ;
#438 =( LENGTH_UNIT ( ) NAMED_UNIT ( * ) SI_UNIT ( .MILLI., .METRE. ) );
#439 = PRESENTATION_LAYER_ASSIGNMENT (  '', '', ( #330 ) ) ;
#440 = ADVANCED_FACE ( 'NONE', ( #691 ), #1360, .F. ) ;
#441 = CARTESIAN_POINT ( 'NONE',  ( -1.010000000000000009, 0.5000000000000000000, 0.0000000000000000000 ) ) ;
#442 = PRESENTATION_STYLE_ASSIGNMENT (( #267 ) ) ;
#443 = EDGE_CURVE ( 'NONE', #1695, #653, #34, .T. ) ;
#444 = DIRECTION ( 'NONE',  ( 0.0000000000000000000, 0.0000000000000000000, -1.000000000000000000 ) ) ;
#445 = PLANE ( 'NONE',  #313 ) ;
#446 = DIRECTION ( 'NONE',  ( -1.000000000000000000, 0.0000000000000000000, 0.0000000000000000000 ) ) ;
#447 = ORIENTED_EDGE ( 'NONE', *, *, #1644, .F. ) ;
#448 = MECHANICAL_DESIGN_GEOMETRIC_PRESENTATION_REPRESENTATION (  '', ( #1794 ), #1471 ) ;
#449 = DIRECTION ( 'NONE',  ( 0.0000000000000000000, -0.0000000000000000000, 1.000000000000000000 ) ) ;
#450 = FACE_OUTER_BOUND ( 'NONE', #643, .T. ) ;
#451 =( NAMED_UNIT ( * ) SI_UNIT ( $, .STERADIAN. ) SOLID_ANGLE_UNIT ( ) );
#452 = EDGE_CURVE ( 'NONE', #964, #1091, #363, .T. ) ;
#453 = FACE_OUTER_BOUND ( 'NONE', #1520, .T. ) ;
#454 = VECTOR ( 'NONE', #1718, 1000.000000000000000 ) ;
#455 = PLANE ( 'NONE',  #629 ) ;
#456 = ORIENTED_EDGE ( 'NONE', *, *, #49, .F. ) ;
#457 = VECTOR ( 'NONE', #449, 1000.000000000000000 ) ;
#458 = ORIENTED_EDGE ( 'NONE', *, *, #1182, .T. ) ;
#459 = CARTESIAN_POINT ( 'NONE',  ( 0.5499999999999999334, -0.5085786437620748446, 1.100000000000673772 ) ) ;
#460 =( NAMED_UNIT ( * ) PLANE_ANGLE_UNIT ( ) SI_UNIT ( $, .RADIAN. ) );
#461 = CARTESIAN_POINT ( 'NONE',  ( -0.7099999999999999645, -0.6149999999999999911, 0.5010000000000000009 ) ) ;
#462 = EDGE_CURVE ( 'NONE', #679, #518, #1384, .T. ) ;
#463 =( NAMED_UNIT ( * ) SI_UNIT ( $, .STERADIAN. ) SOLID_ANGLE_UNIT ( ) );
#464 = DIRECTION ( 'NONE',  ( -2.168404344971008868E-16, 1.000000000000000000, 0.0000000000000000000 ) ) ;
#465 = ORIENTED_EDGE ( 'NONE', *, *, #1923, .F. ) ;
#466 = DIRECTION ( 'NONE',  ( 1.000000000000000000, 1.734723475976807094E-16, -0.0000000000000000000 ) ) ;
#467 = EDGE_CURVE ( 'NONE', #1675, #1894, #1029, .T. ) ;
#468 = UNCERTAINTY_MEASURE_WITH_UNIT (LENGTH_MEASURE( 1.000000000000000082E-05 ), #506, 'distance_accuracy_value', 'NONE');
#469 = ORIENTED_EDGE ( 'NONE', *, *, #201, .F. ) ;
#470 = SURFACE_SIDE_STYLE ('',( #2031 ) ) ;
#471 = VECTOR ( 'NONE', #1417, 1000.000000000000000 ) ;
#472 = AXIS2_PLACEMENT_3D ( 'NONE', #1224, #259, #1215 ) ;
#473 = DIRECTION ( 'NONE',  ( 1.000000000000000000, 0.0000000000000000000, 0.0000000000000000000 ) ) ;
#474 = PRESENTATION_STYLE_ASSIGNMENT (( #291 ) ) ;
#475 = UNCERTAINTY_MEASURE_WITH_UNIT (LENGTH_MEASURE( 1.000000000000000082E-05 ), #1619, 'distance_accuracy_value', 'NONE');
#476 = LINE ( 'NONE', #848, #1002 ) ;
#477 = CARTESIAN_POINT ( 'NONE',  ( -0.9999999999999997780, -0.5000000000000000000, 0.01000000000000001929 ) ) ;
#478 = UNCERTAINTY_MEASURE_WITH_UNIT (LENGTH_MEASURE( 1.000000000000000082E-05 ), #3, 'distance_accuracy_value', 'NONE');
#479 = ORIENTED_EDGE ( 'NONE', *, *, #1531, .T. ) ;
#480 =( NAMED_UNIT ( * ) SI_UNIT ( $, .STERADIAN. ) SOLID_ANGLE_UNIT ( ) );
#481 = ORIENTED_EDGE ( 'NONE', *, *, #556, .F. ) ;
#482 = DIRECTION ( 'NONE',  ( -0.0000000000000000000, -0.0000000000000000000, 1.000000000000000000 ) ) ;
#483 = MECHANICAL_DESIGN_GEOMETRIC_PRESENTATION_REPRESENTATION (  '', ( #2195 ), #1294 ) ;
#484 = FILL_AREA_STYLE_COLOUR ( '', #899 ) ;
#485 = CARTESIAN_POINT ( 'NONE',  ( 0.6000000000000000888, -0.5000000000000000000, 0.0000000000000000000 ) ) ;
#486 = CARTESIAN_POINT ( 'NONE',  ( 0.5499999999999996003, 0.4500000000000001221, 0.9999999999999995559 ) ) ;
#487 = CARTESIAN_POINT ( 'NONE',  ( 1.000000000000000000, 0.6250000000000000000, 0.5000000000000000000 ) ) ;
#488 = ORIENTED_EDGE ( 'NONE', *, *, #1839, .T. ) ;
#489 = PRESENTATION_LAYER_ASSIGNMENT (  '', '', ( #1266 ) ) ;
#490 = VECTOR ( 'NONE', #230, 1000.000000000000000 ) ;
#491 = EDGE_CURVE ( 'NONE', #1503, #1905, #1206, .T. ) ;
#492 =( GEOMETRIC_REPRESENTATION_CONTEXT ( 3 ) GLOBAL_UNCERTAINTY_ASSIGNED_CONTEXT ( ( #152 ) ) GLOBAL_UNIT_ASSIGNED_CONTEXT ( ( #1720, #738, #1906 ) ) REPRESENTATION_CONTEXT ( 'NONE', 'WORKASPACE' ) );
#493 = SURFACE_STYLE_FILL_AREA ( #1183 ) ;
#494 =( GEOMETRIC_REPRESENTATION_CONTEXT ( 3 ) GLOBAL_UNCERTAINTY_ASSIGNED_CONTEXT ( ( #295 ) ) GLOBAL_UNIT_ASSIGNED_CONTEXT ( ( #180, #1391, #1700 ) ) REPRESENTATION_CONTEXT ( 'NONE', 'WORKASPACE' ) );
#495 = DIRECTION ( 'NONE',  ( -0.0000000000000000000, 0.0000000000000000000, -1.000000000000000000 ) ) ;
#496 =( NAMED_UNIT ( * ) PLANE_ANGLE_UNIT ( ) SI_UNIT ( $, .RADIAN. ) );
#497 = ORIENTED_EDGE ( 'NONE', *, *, #1049, .F. ) ;
#498 = DIRECTION ( 'NONE',  ( -1.000000000000000000, 0.0000000000000000000, 0.0000000000000000000 ) ) ;
#499 = EDGE_CURVE ( 'NONE', #74, #1690, #1730, .T. ) ;
#500 = SURFACE_STYLE_FILL_AREA ( #1852 ) ;
#501 = AXIS2_PLACEMENT_3D ( 'NONE', #1025, #1665, #2044 ) ;
#502 = ADVANCED_FACE ( 'NONE', ( #1350 ), #889, .F. ) ;
#503 = CARTESIAN_POINT ( 'NONE',  ( -1.010000000000000009, -0.5000000000000000000, 0.5100000000000000089 ) ) ;
#504 = LINE ( 'NONE', #1689, #1511 ) ;
#505 = VERTEX_POINT ( 'NONE', #106 ) ;
#506 =( LENGTH_UNIT ( ) NAMED_UNIT ( * ) SI_UNIT ( .MILLI., .METRE. ) );
#507 = ORIENTED_EDGE ( 'NONE', *, *, #1983, .T. ) ;
#508 = CARTESIAN_POINT ( 'NONE',  ( -0.6085786437626905521, 0.5500000000000003775, 1.058578643762867921 ) ) ;
#509 = FILL_AREA_STYLE ('',( #2193 ) ) ;
#510 = ORIENTED_EDGE ( 'NONE', *, *, #976, .F. ) ;
#511 = SURFACE_STYLE_USAGE ( .BOTH. , #1521 ) ;
#512 = CYLINDRICAL_SURFACE ( 'NONE', #847, 0.1000000000000000472 ) ;
#513 = CARTESIAN_POINT ( 'NONE',  ( 1.000000000000000222, -0.6250000000000000000, 0.01000000000000000021 ) ) ;
#514 = EDGE_CURVE ( 'NONE', #653, #731, #1261, .T. ) ;
#515 = CARTESIAN_POINT ( 'NONE',  ( 0.6499999999999996891, 0.4500000000000001221, 0.9999999999999997780 ) ) ;
#516 = ORIENTED_EDGE ( 'NONE', *, *, #428, .T. ) ;
#517 = PRESENTATION_STYLE_ASSIGNMENT (( #1053 ) ) ;
#518 = VERTEX_POINT ( 'NONE', #922 ) ;
#519 = CARTESIAN_POINT ( 'NONE',  ( 1.000000000000000222, -0.6250000000000000000, 0.01000000000000000021 ) ) ;
#520 = AXIS2_PLACEMENT_3D ( 'NONE', #1285, #1135, #446 ) ;
#521 = AXIS2_PLACEMENT_3D ( 'NONE', #1679, #1305, #838 ) ;
#522 = EDGE_LOOP ( 'NONE', ( #173, #284, #1059, #1617, #421, #1822, #1177, #1768, #1536, #1937, #447, #1371 ) ) ;
#523 = SURFACE_STYLE_FILL_AREA ( #161 ) ;
#524 =( GEOMETRIC_REPRESENTATION_CONTEXT ( 3 ) GLOBAL_UNCERTAINTY_ASSIGNED_CONTEXT ( ( #1491 ) ) GLOBAL_UNIT_ASSIGNED_CONTEXT ( ( #1697, #729, #2099 ) ) REPRESENTATION_CONTEXT ( 'NONE', 'WORKASPACE' ) );
#525 = DIRECTION ( 'NONE',  ( -1.971276677246371272E-16, 1.000000000000000000, 0.0000000000000000000 ) ) ;
#526 = COLOUR_RGB ( '',0.9803921568627450567, 0.9803921568627450567, 0.5019607843137254832 ) ;
#527 = LINE ( 'NONE', #1014, #1461 ) ;
#528 =( GEOMETRIC_REPRESENTATION_CONTEXT ( 3 ) GLOBAL_UNCERTAINTY_ASSIGNED_CONTEXT ( ( #621 ) ) GLOBAL_UNIT_ASSIGNED_CONTEXT ( ( #2184, #139, #1636 ) ) REPRESENTATION_CONTEXT ( 'NONE', 'WORKASPACE' ) );
#529 = SURFACE_STYLE_USAGE ( .BOTH. , #1370 ) ;
#530 = ORIENTED_EDGE ( 'NONE', *, *, #1602, .F. ) ;
#531 = CARTESIAN_POINT ( 'NONE',  ( -0.6500000000000000222, -0.4500000000000000666, 0.9999999999999997780 ) ) ;
#532 = ORIENTED_EDGE ( 'NONE', *, *, #415, .T. ) ;
#533 = CARTESIAN_POINT ( 'NONE',  ( -0.9899999999999999911, 0.5100000000000000089, 0.5010000000000000009 ) ) ;
#534 = EDGE_CURVE ( 'NONE', #888, #74, #1405, .T. ) ;
#535 = ORIENTED_EDGE ( 'NONE', *, *, #2149, .F. ) ;
#536 = SURFACE_STYLE_FILL_AREA ( #881 ) ;
#537 = FILL_AREA_STYLE ('',( #1865 ) ) ;
#538 = CARTESIAN_POINT ( 'NONE',  ( 1.000000000000000222, -0.6149999999999999911, 0.5000000000000000000 ) ) ;
#539 = STYLED_ITEM ( 'NONE', ( #1583 ), #1586 ) ;
#540 = DIRECTION ( 'NONE',  ( -0.0000000000000000000, -0.0000000000000000000, 1.000000000000000000 ) ) ;
#541 = DIRECTION ( 'NONE',  ( -0.0000000000000000000, 1.000000000000000000, 0.0000000000000000000 ) ) ;
#542 = DIRECTION ( 'NONE',  ( -1.000000000000000000, -0.0000000000000000000, 0.0000000000000000000 ) ) ;
#543 = EDGE_LOOP ( 'NONE', ( #728, #1567, #892, #571 ) ) ;
#544 = ADVANCED_FACE ( 'NONE', ( #1123 ), #71, .F. ) ;
#545 = PLANE ( 'NONE',  #205 ) ;
#546 = SURFACE_SIDE_STYLE ('',( #687 ) ) ;
#547 = AXIS2_PLACEMENT_3D ( 'NONE', #1310, #1998, #1011 ) ;
#548 = CARTESIAN_POINT ( 'NONE',  ( -0.9999999999999997780, -0.6250000000000000000, 0.01000000000000000021 ) ) ;
#549 = EDGE_LOOP ( 'NONE', ( #4, #906, #1868, #2081, #1680, #765, #801, #1254 ) ) ;
#550 = DIRECTION ( 'NONE',  ( -1.000000000000000000, 0.0000000000000000000, 0.0000000000000000000 ) ) ;
#551 = EDGE_LOOP ( 'NONE', ( #690, #1418, #426, #745 ) ) ;
#552 = ADVANCED_FACE ( 'NONE', ( #572 ), #409, .T. ) ;
#553 = VECTOR ( 'NONE', #1493, 1000.000000000000000 ) ;
#554 = DIRECTION ( 'NONE',  ( 0.0000000000000000000, -0.0000000000000000000, -1.000000000000000000 ) ) ;
#555 = CARTESIAN_POINT ( 'NONE',  ( 1.000000000000000000, 0.0000000000000000000, 0.5100000000000000089 ) ) ;
#556 = EDGE_CURVE ( 'NONE', #1779, #991, #1561, .T. ) ;
#557 = PRESENTATION_LAYER_ASSIGNMENT (  '', '', ( #813 ) ) ;
#558 = FACE_OUTER_BOUND ( 'NONE', #1759, .T. ) ;
#559 = DIRECTION ( 'NONE',  ( 0.0000000000000000000, -1.000000000000000000, -0.0000000000000000000 ) ) ;
#560 = ORIENTED_EDGE ( 'NONE', *, *, #188, .F. ) ;
#561 = VECTOR ( 'NONE', #751, 1000.000000000000000 ) ;
#562 = DIRECTION ( 'NONE',  ( 0.0000000000000000000, 1.000000000000000000, 0.0000000000000000000 ) ) ;
#563 = ORIENTED_EDGE ( 'NONE', *, *, #271, .F. ) ;
#564 = DIRECTION ( 'NONE',  ( 0.0000000000000000000, -1.000000000000000000, 0.0000000000000000000 ) ) ;
#565 = ORIENTED_EDGE ( 'NONE', *, *, #345, .F. ) ;
#566 = PLANE ( 'NONE',  #1153 ) ;
#567 = FILL_AREA_STYLE ('',( #2102 ) ) ;
#568 = DIRECTION ( 'NONE',  ( 1.000000000000000000, 0.0000000000000000000, -0.0000000000000000000 ) ) ;
#569 = ADVANCED_FACE ( 'NONE', ( #1938 ), #1054, .F. ) ;
#570 = FILL_AREA_STYLE ('',( #2104 ) ) ;
#571 = ORIENTED_EDGE ( 'NONE', *, *, #1897, .F. ) ;
#572 = FACE_OUTER_BOUND ( 'NONE', #2027, .T. ) ;
#573 = PRESENTATION_LAYER_ASSIGNMENT (  '', '', ( #684 ) ) ;
#574 = CARTESIAN_POINT ( 'NONE',  ( -0.6499999999999998002, -0.4500000000000002331, 0.9999999999999995559 ) ) ;
#575 = ORIENTED_EDGE ( 'NONE', *, *, #1835, .F. ) ;
#576 = CARTESIAN_POINT ( 'NONE',  ( -1.009999999999999787, -0.5000000000000000000, 0.5100000000000000089 ) ) ;
#577 = DIRECTION ( 'NONE',  ( 1.000000000000000000, 0.0000000000000000000, 0.0000000000000000000 ) ) ;
#578 = CARTESIAN_POINT ( 'NONE',  ( -0.5500000000000001554, 0.4500000000000001221, 0.5000000000000000000 ) ) ;
#579 = FILL_AREA_STYLE_COLOUR ( '', #1389 ) ;
#580 = CARTESIAN_POINT ( 'NONE',  ( 1.000000000000000222, -0.5000000000000001110, 0.01000000000000000021 ) ) ;
#581 = ORIENTED_EDGE ( 'NONE', *, *, #2087, .T. ) ;
#582 = FILL_AREA_STYLE ('',( #1428 ) ) ;
#583 = COLOUR_RGB ( '',0.9803921568627450567, 0.9803921568627450567, 0.5019607843137254832 ) ;
#584 = EDGE_CURVE ( 'NONE', #1858, #653, #178, .T. ) ;
#585 =( BOUNDED_SURFACE ( )  B_SPLINE_SURFACE ( 3, 3, ( 
 ( #59, #1758, #736, #1242 ),
 ( #1926, #401, #242, #1883 ),
 ( #864, #23, #425, #611 ),
 ( #798, #1473, #574, #109 ) ),
 .UNSPECIFIED., .F., .F., .T. ) 
 B_SPLINE_SURFACE_WITH_KNOTS ( ( 4, 4 ),
 ( 4, 4 ),
 ( 0.0000000000000000000, 1.000000000000000000 ),
 ( 0.0000000000000000000, 1.000000000000000000 ),
 .UNSPECIFIED. ) 
 GEOMETRIC_REPRESENTATION_ITEM ( )  RATIONAL_B_SPLINE_SURFACE ( (
 ( 1.000000000000000000, 0.8047378541243649375, 0.8047378541243649375, 1.000000000000000000),
 ( 0.8047378541243649375, 0.6476030138606876374, 0.6476030138606876374, 0.8047378541243649375),
 ( 0.8047378541243649375, 0.6476030138606876374, 0.6476030138606876374, 0.8047378541243649375),
 ( 1.000000000000000000, 0.8047378541243649375, 0.8047378541243649375, 1.000000000000000000) ) ) 
 REPRESENTATION_ITEM ( '' )  SURFACE ( )  );
#586 = DIRECTION ( 'NONE',  ( 1.000000000000000000, 0.0000000000000000000, -0.0000000000000000000 ) ) ;
#587 = ORIENTED_EDGE ( 'NONE', *, *, #232, .T. ) ;
#588 = DIRECTION ( 'NONE',  ( -1.000000000000000000, -0.0000000000000000000, -0.0000000000000000000 ) ) ;
#589 = EDGE_CURVE ( 'NONE', #39, #820, #1579, .T. ) ;
#590 = STYLED_ITEM ( 'NONE', ( #1791 ), #552 ) ;
#591 = CARTESIAN_POINT ( 'NONE',  ( -0.5500000000000001554, 0.4500000000000001776, 0.9999999999999997780 ) ) ;
#592 = MECHANICAL_DESIGN_GEOMETRIC_PRESENTATION_REPRESENTATION (  '', ( #108 ), #251 ) ;
#593 = CYLINDRICAL_SURFACE ( 'NONE', #2155, 0.2000000000000002054 ) ;
#594 = COLOUR_RGB ( '',0.3490196078431372362, 0.3490196078431372362, 0.3490196078431372362 ) ;
#595 =( NAMED_UNIT ( * ) SI_UNIT ( $, .STERADIAN. ) SOLID_ANGLE_UNIT ( ) );
#596 = VERTEX_POINT ( 'NONE', #1374 ) ;
#597 =( NAMED_UNIT ( * ) SI_UNIT ( $, .STERADIAN. ) SOLID_ANGLE_UNIT ( ) );
#598 = AXIS2_PLACEMENT_3D ( 'NONE', #1783, #248, #2112 ) ;
#599 = LINE ( 'NONE', #2121, #1652 ) ;
#600 = EDGE_CURVE ( 'NONE', #1831, #1101, #1916, .T. ) ;
#601 = VERTEX_POINT ( 'NONE', #2072 ) ;
#602 = DIRECTION ( 'NONE',  ( -1.000000000000000000, 0.0000000000000000000, 0.0000000000000000000 ) ) ;
#603 = PRESENTATION_LAYER_ASSIGNMENT (  '', '', ( #1919 ) ) ;
#604 = MECHANICAL_DESIGN_GEOMETRIC_PRESENTATION_REPRESENTATION (  '', ( #2142 ), #817 ) ;
#605 = ADVANCED_FACE ( 'NONE', ( #46 ), #1406, .T. ) ;
#606 = CARTESIAN_POINT ( 'NONE',  ( 0.6366025403784437708, -0.5000000000000000000, 0.5100000000000000089 ) ) ;
#607 = DIRECTION ( 'NONE',  ( -1.000000000000000000, -0.0000000000000000000, -0.0000000000000000000 ) ) ;
#608 =( NAMED_UNIT ( * ) SI_UNIT ( $, .STERADIAN. ) SOLID_ANGLE_UNIT ( ) );
#609 = CARTESIAN_POINT ( 'NONE',  ( -0.5499999999999999334, -0.5500000000000000444, 1.099999999999999867 ) ) ;
#610 = ORIENTED_EDGE ( 'NONE', *, *, #151, .F. ) ;
#611 = CARTESIAN_POINT ( 'NONE',  ( -0.6499999999999998002, -0.5085786437626904632, 0.9999999999999995559 ) ) ;
#612 = APPLICATION_CONTEXT ( 'automotive_design' ) ;
#613 = ORIENTED_EDGE ( 'NONE', *, *, #1866, .T. ) ;
#614 = CARTESIAN_POINT ( 'NONE',  ( 0.5999999999999999778, 0.5000000000000000000, 0.5100000000000000089 ) ) ;
#615 =( GEOMETRIC_REPRESENTATION_CONTEXT ( 3 ) GLOBAL_UNCERTAINTY_ASSIGNED_CONTEXT ( ( #800 ) ) GLOBAL_UNIT_ASSIGNED_CONTEXT ( ( #1935, #1392, #1741 ) ) REPRESENTATION_CONTEXT ( 'NONE', 'WORKASPACE' ) );
#616 = COLOUR_RGB ( '',0.9803921568627450567, 0.9803921568627450567, 0.5019607843137254832 ) ;
#617 = DIRECTION ( 'NONE',  ( 1.000000000000000000, 0.0000000000000000000, 0.0000000000000000000 ) ) ;
#618 = EDGE_CURVE ( 'NONE', #2098, #2101, #727, .T. ) ;
#619 = PLANE ( 'NONE',  #69 ) ;
#620 = ORIENTED_EDGE ( 'NONE', *, *, #841, .T. ) ;
#621 = UNCERTAINTY_MEASURE_WITH_UNIT (LENGTH_MEASURE( 1.000000000000000082E-05 ), #2184, 'distance_accuracy_value', 'NONE');
#622 = VECTOR ( 'NONE', #607, 1000.000000000000000 ) ;
#623 = VERTEX_POINT ( 'NONE', #1030 ) ;
#624 = DIRECTION ( 'NONE',  ( 1.000000000000000000, 0.0000000000000000000, 0.0000000000000000000 ) ) ;
#625 = LINE ( 'NONE', #2152, #1535 ) ;
#626 =( LENGTH_UNIT ( ) NAMED_UNIT ( * ) SI_UNIT ( .MILLI., .METRE. ) );
#627 = EDGE_CURVE ( 'NONE', #1091, #1016, #376, .T. ) ;
#628 = PRESENTATION_STYLE_ASSIGNMENT (( #403 ) ) ;
#629 = AXIS2_PLACEMENT_3D ( 'NONE', #342, #309, #2164 ) ;
#630 =( NAMED_UNIT ( * ) SI_UNIT ( $, .STERADIAN. ) SOLID_ANGLE_UNIT ( ) );
#631 = ORIENTED_EDGE ( 'NONE', *, *, #329, .F. ) ;
#632 = MECHANICAL_DESIGN_GEOMETRIC_PRESENTATION_REPRESENTATION (  '', ( #1585 ), #524 ) ;
#633 = EDGE_LOOP ( 'NONE', ( #1326, #620, #1028, #734, #1580, #1034, #532, #791 ) ) ;
#634 = VECTOR ( 'NONE', #1459, 1000.000000000000000 ) ;
#635 = CARTESIAN_POINT ( 'NONE',  ( -0.6085786437626906631, 0.5500000000000001554, 0.9999999999999994449 ) ) ;
#636 = COLOUR_RGB ( '',0.0000000000000000000, 0.5019607843137254832, 0.0000000000000000000 ) ;
#637 = DIRECTION ( 'NONE',  ( 2.956915015869557278E-16, -1.000000000000000000, 0.0000000000000000000 ) ) ;
#638 = CARTESIAN_POINT ( 'NONE',  ( -0.6500000000000001332, 0.5500000000000000444, 0.9999999999999997780 ) ) ;
#639 = CARTESIAN_POINT ( 'NONE',  ( -1.009999999999999787, -0.5000000000000000000, 0.5100000000000000089 ) ) ;
#640 = CARTESIAN_POINT ( 'NONE',  ( -0.9900000000000002132, -0.6250000000000000000, 0.5000000000000000000 ) ) ;
#641 = EDGE_CURVE ( 'NONE', #365, #272, #912, .T. ) ;
#642 = CARTESIAN_POINT ( 'NONE',  ( 1.000000000000000000, 0.6250000000000000000, 0.01000000000000001929 ) ) ;
#643 = EDGE_LOOP ( 'NONE', ( #1453, #1260, #95, #1755 ) ) ;
#644 = COLOUR_RGB ( '',0.9803921568627450567, 0.9803921568627450567, 0.5019607843137254832 ) ;
#645 = ORIENTED_EDGE ( 'NONE', *, *, #1670, .F. ) ;
#646 = CARTESIAN_POINT ( 'NONE',  ( -0.6500000000000001332, 0.4500000000000001221, 0.9999999999999995559 ) ) ;
#647 = AXIS2_PLACEMENT_3D ( 'NONE', #1542, #1512, #2058 ) ;
#648 = SURFACE_SIDE_STYLE ('',( #1518 ) ) ;
#649 = LINE ( 'NONE', #1323, #1171 ) ;
#650 = UNCERTAINTY_MEASURE_WITH_UNIT (LENGTH_MEASURE( 1.000000000000000082E-05 ), #438, 'distance_accuracy_value', 'NONE');
#651 = LINE ( 'NONE', #487, #1801 ) ;
#652 = UNCERTAINTY_MEASURE_WITH_UNIT (LENGTH_MEASURE( 1.000000000000000082E-05 ), #1685, 'distance_accuracy_value', 'NONE');
#653 = VERTEX_POINT ( 'NONE', #531 ) ;
#654 = ADVANCED_FACE ( 'NONE', ( #2107 ), #2083, .T. ) ;
#655 = DIRECTION ( 'NONE',  ( 0.0000000000000000000, 0.0000000000000000000, -1.000000000000000000 ) ) ;
#656 = ORIENTED_EDGE ( 'NONE', *, *, #1481, .F. ) ;
#657 = CARTESIAN_POINT ( 'NONE',  ( -0.9899999999999999911, -0.5100000000000000089, 0.5010000000000000009 ) ) ;
#658 = ADVANCED_FACE ( 'NONE', ( #1070 ), #224, .F. ) ;
#659 = AXIS2_PLACEMENT_3D ( 'NONE', #1290, #1980, #637 ) ;
#660 = PRESENTATION_LAYER_ASSIGNMENT (  '', '', ( #2197 ) ) ;
#661 = FILL_AREA_STYLE_COLOUR ( '', #339 ) ;
#662 = CARTESIAN_POINT ( 'NONE',  ( -0.7099999999999999645, -0.6250000000000000000, 0.5000000000000000000 ) ) ;
#663 = PRESENTATION_STYLE_ASSIGNMENT (( #1844 ) ) ;
#664 = LINE ( 'NONE', #810, #950 ) ;
#665 = ORIENTED_EDGE ( 'NONE', *, *, #1344, .F. ) ;
#666 = VECTOR ( 'NONE', #680, 1000.000000000000000 ) ;
#667 = CIRCLE ( 'NONE', #840, 0.1000000000000000472 ) ;
#668 = CARTESIAN_POINT ( 'NONE',  ( -0.5500000000000001554, 0.4500000000000001221, 0.9999999999999997780 ) ) ;
#669 = VERTEX_POINT ( 'NONE', #1198 ) ;
#670 = CARTESIAN_POINT ( 'NONE',  ( -0.7099999999999999645, -0.5100000000000000089, 0.5010000000000000009 ) ) ;
#671 = COLOUR_RGB ( '',0.7960784313725489669, 0.8235294117647058432, 0.9372549019607843146 ) ;
#672 = FILL_AREA_STYLE_COLOUR ( '', #1504 ) ;
#673 = ADVANCED_FACE ( 'NONE', ( #1207 ), #585, .T. ) ;
#674 =( GEOMETRIC_REPRESENTATION_CONTEXT ( 3 ) GLOBAL_UNCERTAINTY_ASSIGNED_CONTEXT ( ( #1987 ) ) GLOBAL_UNIT_ASSIGNED_CONTEXT ( ( #2186, #255, #463 ) ) REPRESENTATION_CONTEXT ( 'NONE', 'WORKASPACE' ) );
#675 = SURFACE_STYLE_FILL_AREA ( #1875 ) ;
#676 = CARTESIAN_POINT ( 'NONE',  ( 1.000000000000000222, 0.6250000000000000000, 0.01000000000000000021 ) ) ;
#677 = CARTESIAN_POINT ( 'NONE',  ( 1.010000000000000009, -0.5000000000000000000, 0.0000000000000000000 ) ) ;
#678 = DIRECTION ( 'NONE',  ( 0.0000000000000000000, -1.000000000000000000, -0.0000000000000000000 ) ) ;
#679 = VERTEX_POINT ( 'NONE', #1975 ) ;
#680 = DIRECTION ( 'NONE',  ( 1.971276677246371272E-16, -1.000000000000000000, -0.0000000000000000000 ) ) ;
#681 = ORIENTED_EDGE ( 'NONE', *, *, #1369, .T. ) ;
#682 =( LENGTH_UNIT ( ) NAMED_UNIT ( * ) SI_UNIT ( .MILLI., .METRE. ) );
#683 =( NAMED_UNIT ( * ) PLANE_ANGLE_UNIT ( ) SI_UNIT ( $, .RADIAN. ) );
#684 = STYLED_ITEM ( 'NONE', ( #517 ), #502 ) ;
#685 = EDGE_CURVE ( 'NONE', #913, #1913, #878, .T. ) ;
#686 = CIRCLE ( 'NONE', #2075, 0.1000000000000000472 ) ;
#687 = SURFACE_STYLE_FILL_AREA ( #537 ) ;
#688 = DIRECTION ( 'NONE',  ( -0.0000000000000000000, 1.000000000000000000, 0.0000000000000000000 ) ) ;
#689 = FACE_OUTER_BOUND ( 'NONE', #1199, .T. ) ;
#690 = ORIENTED_EDGE ( 'NONE', *, *, #268, .T. ) ;
#691 = FACE_OUTER_BOUND ( 'NONE', #2048, .T. ) ;
#692 =( NAMED_UNIT ( * ) SI_UNIT ( $, .STERADIAN. ) SOLID_ANGLE_UNIT ( ) );
#693 = VERTEX_POINT ( 'NONE', #1103 ) ;
#694 = DIRECTION ( 'NONE',  ( 1.000000000000000000, 0.0000000000000000000, 0.0000000000000000000 ) ) ;
#695 =( LENGTH_UNIT ( ) NAMED_UNIT ( * ) SI_UNIT ( .MILLI., .METRE. ) );
#696 =( GEOMETRIC_REPRESENTATION_CONTEXT ( 3 ) GLOBAL_UNCERTAINTY_ASSIGNED_CONTEXT ( ( #652 ) ) GLOBAL_UNIT_ASSIGNED_CONTEXT ( ( #1685, #1713, #1588 ) ) REPRESENTATION_CONTEXT ( 'NONE', 'WORKASPACE' ) );
#697 = MECHANICAL_DESIGN_GEOMETRIC_PRESENTATION_REPRESENTATION (  '', ( #2197 ), #1154 ) ;
#698 = CARTESIAN_POINT ( 'NONE',  ( 1.000000000000000222, -0.5000000000000000000, 0.01000000000000001929 ) ) ;
#699 = CARTESIAN_POINT ( 'NONE',  ( 1.000000000000000000, 0.0000000000000000000, 0.0000000000000000000 ) ) ;
#700 = ORIENTED_EDGE ( 'NONE', *, *, #112, .F. ) ;
#701 = SURFACE_STYLE_FILL_AREA ( #1394 ) ;
#702 = CARTESIAN_POINT ( 'NONE',  ( 0.6499999999999995781, 0.4500000000000001776, 1.099999999999999867 ) ) ;
#703 = VERTEX_POINT ( 'NONE', #965 ) ;
#704 = CARTESIAN_POINT ( 'NONE',  ( -0.9899999999999999911, 0.6149999999999999911, 0.5010000000000000009 ) ) ;
#705 = VECTOR ( 'NONE', #678, 1000.000000000000000 ) ;
#706 = VECTOR ( 'NONE', #311, 1000.000000000000000 ) ;
#707 = PRESENTATION_LAYER_ASSIGNMENT (  '', '', ( #28 ) ) ;
#708 = EDGE_LOOP ( 'NONE', ( #1620, #510, #1071, #1735 ) ) ;
#709 = VECTOR ( 'NONE', #1886, 1000.000000000000000 ) ;
#710 = COLOUR_RGB ( '',0.3490196078431372362, 0.3490196078431372362, 0.3490196078431372362 ) ;
#711 = MECHANICAL_DESIGN_GEOMETRIC_PRESENTATION_REPRESENTATION (  '', ( #385 ), #351 ) ;
#712 = CARTESIAN_POINT ( 'NONE',  ( -0.6500000000000001332, 0.5500000000000000444, 1.099999999999999867 ) ) ;
#713 =( GEOMETRIC_REPRESENTATION_CONTEXT ( 3 ) GLOBAL_UNCERTAINTY_ASSIGNED_CONTEXT ( ( #126 ) ) GLOBAL_UNIT_ASSIGNED_CONTEXT ( ( #1048, #1038, #370 ) ) REPRESENTATION_CONTEXT ( 'NONE', 'WORKASPACE' ) );
#714 = CARTESIAN_POINT ( 'NONE',  ( 1.010000000000000009, -0.5000000000000000000, 0.5100000000000000089 ) ) ;
#715 = AXIS2_PLACEMENT_3D ( 'NONE', #1490, #149, #980 ) ;
#716 = DIRECTION ( 'NONE',  ( 0.0000000000000000000, 0.0000000000000000000, -1.000000000000000000 ) ) ;
#717 = ORIENTED_EDGE ( 'NONE', *, *, #1094, .T. ) ;
#718 = DIRECTION ( 'NONE',  ( -2.956915015869557278E-16, 1.000000000000000000, -0.0000000000000000000 ) ) ;
#719 = EDGE_CURVE ( 'NONE', #703, #300, #1231, .T. ) ;
#720 = ORIENTED_EDGE ( 'NONE', *, *, #1320, .T. ) ;
#721 = EDGE_LOOP ( 'NONE', ( #1407, #1186, #1416, #1552, #2012, #1337 ) ) ;
#722 = CARTESIAN_POINT ( 'NONE',  ( 0.5999999999999998668, 0.5000000000000000000, 0.0000000000000000000 ) ) ;
#723 = VECTOR ( 'NONE', #930, 1000.000000000000000 ) ;
#724 = FACE_OUTER_BOUND ( 'NONE', #2187, .T. ) ;
#725 = ORIENTED_EDGE ( 'NONE', *, *, #1329, .T. ) ;
#726 =( NAMED_UNIT ( * ) PLANE_ANGLE_UNIT ( ) SI_UNIT ( $, .RADIAN. ) );
#727 = LINE ( 'NONE', #1395, #1687 ) ;
#728 = ORIENTED_EDGE ( 'NONE', *, *, #1761, .F. ) ;
#729 =( NAMED_UNIT ( * ) PLANE_ANGLE_UNIT ( ) SI_UNIT ( $, .RADIAN. ) );
#730 = EDGE_CURVE ( 'NONE', #623, #1091, #981, .T. ) ;
#731 = VERTEX_POINT ( 'NONE', #1792 ) ;
#732 = CARTESIAN_POINT ( 'NONE',  ( -1.010000000000000009, 0.5000000000000000000, 0.5100000000000000089 ) ) ;
#733 = DIRECTION ( 'NONE',  ( -1.000000000000000000, 0.0000000000000000000, 0.0000000000000000000 ) ) ;
#734 = ORIENTED_EDGE ( 'NONE', *, *, #1355, .F. ) ;
#735 =( NAMED_UNIT ( * ) SI_UNIT ( $, .STERADIAN. ) SOLID_ANGLE_UNIT ( ) );
#736 = CARTESIAN_POINT ( 'NONE',  ( -0.5499999999999999334, -0.5500000000000002665, 1.058578643762690286 ) ) ;
#737 = VERTEX_POINT ( 'NONE', #1780 ) ;
#738 =( NAMED_UNIT ( * ) PLANE_ANGLE_UNIT ( ) SI_UNIT ( $, .RADIAN. ) );
#739 = ORIENTED_EDGE ( 'NONE', *, *, #818, .T. ) ;
#740 =( GEOMETRIC_REPRESENTATION_CONTEXT ( 3 ) GLOBAL_UNCERTAINTY_ASSIGNED_CONTEXT ( ( #650 ) ) GLOBAL_UNIT_ASSIGNED_CONTEXT ( ( #438, #1327, #2188 ) ) REPRESENTATION_CONTEXT ( 'NONE', 'WORKASPACE' ) );
#741 = ADVANCED_FACE ( 'NONE', ( #1253 ), #619, .F. ) ;
#742 = FACE_OUTER_BOUND ( 'NONE', #1953, .T. ) ;
#743 = MECHANICAL_DESIGN_GEOMETRIC_PRESENTATION_REPRESENTATION (  '', ( #813 ), #29 ) ;
#744 = CARTESIAN_POINT ( 'NONE',  ( -0.9899999999999999911, 0.5100000000000000089, 0.5010000000000000009 ) ) ;
#745 = ORIENTED_EDGE ( 'NONE', *, *, #600, .T. ) ;
#746 = STYLED_ITEM ( 'NONE', ( #442 ), #1439 ) ;
#747 = CARTESIAN_POINT ( 'NONE',  ( -0.6500000000000001332, -0.5500000000000000444, 1.099999999999999867 ) ) ;
#748 = EDGE_LOOP ( 'NONE', ( #2105, #374, #2074, #665 ) ) ;
#749 = CARTESIAN_POINT ( 'NONE',  ( 0.6500000000000000222, -0.4500000000000000666, 0.9999999999999998890 ) ) ;
#750 = PRESENTATION_LAYER_ASSIGNMENT (  '', '', ( #1745 ) ) ;
#751 = DIRECTION ( 'NONE',  ( -0.0000000000000000000, -0.0000000000000000000, -1.000000000000000000 ) ) ;
#752 = EDGE_CURVE ( 'NONE', #1690, #1675, #122, .T. ) ;
#753 = PLANE ( 'NONE',  #472 ) ;
#754 = ORIENTED_EDGE ( 'NONE', *, *, #2120, .T. ) ;
#755 = ORIENTED_EDGE ( 'NONE', *, *, #534, .T. ) ;
#756 = FILL_AREA_STYLE ('',( #1465 ) ) ;
#757 = DIRECTION ( 'NONE',  ( -0.0000000000000000000, 1.000000000000000000, 3.832811505535975478E-12 ) ) ;
#758 = SURFACE_STYLE_FILL_AREA ( #1446 ) ;
#759 = CARTESIAN_POINT ( 'NONE',  ( -1.000000000000000000, 0.6250000000000000000, 0.5000000000000000000 ) ) ;
#760 = DIRECTION ( 'NONE',  ( -1.000000000000000000, 0.0000000000000000000, 0.0000000000000000000 ) ) ;
#761 = FILL_AREA_STYLE_COLOUR ( '', #1268 ) ;
#762 = ORIENTED_EDGE ( 'NONE', *, *, #1602, .T. ) ;
#763 = DIRECTION ( 'NONE',  ( -1.084202172485504434E-16, 1.000000000000000000, 0.0000000000000000000 ) ) ;
#764 = EDGE_CURVE ( 'NONE', #1363, #1016, #349, .T. ) ;
#765 = ORIENTED_EDGE ( 'NONE', *, *, #499, .T. ) ;
#766 = SURFACE_STYLE_FILL_AREA ( #1581 ) ;
#767 =( GEOMETRIC_REPRESENTATION_CONTEXT ( 3 ) GLOBAL_UNCERTAINTY_ASSIGNED_CONTEXT ( ( #1164 ) ) GLOBAL_UNIT_ASSIGNED_CONTEXT ( ( #273, #944, #735 ) ) REPRESENTATION_CONTEXT ( 'NONE', 'WORKASPACE' ) );
#768 = CARTESIAN_POINT ( 'NONE',  ( 0.6085786437626905521, -0.5500000000000003775, 1.058578643763224525 ) ) ;
#769 = DIRECTION ( 'NONE',  ( -0.0000000000000000000, 0.0000000000000000000, -1.000000000000000000 ) ) ;
#770 = LINE ( 'NONE', #940, #884 ) ;
#771 = AXIS2_PLACEMENT_3D ( 'NONE', #354, #1705, #1548 ) ;
#772 = DIRECTION ( 'NONE',  ( -1.000000000000000000, -0.0000000000000000000, 0.0000000000000000000 ) ) ;
#773 = VECTOR ( 'NONE', #1789, 1000.000000000000000 ) ;
#774 = CARTESIAN_POINT ( 'NONE',  ( -0.6500000000000001332, -0.4500000000000001221, 0.9999999999999997780 ) ) ;
#775 = EDGE_LOOP ( 'NONE', ( #234, #189, #811, #335 ) ) ;
#776 = FILL_AREA_STYLE_COLOUR ( '', #1225 ) ;
#777 = COLOUR_RGB ( '',0.0000000000000000000, 0.5019607843137254832, 0.0000000000000000000 ) ;
#778 = SURFACE_SIDE_STYLE ('',( #1090 ) ) ;
#779 = EDGE_LOOP ( 'NONE', ( #386, #1146, #1662, #1276 ) ) ;
#780 = DIRECTION ( 'NONE',  ( 0.0000000000000000000, 1.000000000000000000, 0.0000000000000000000 ) ) ;
#781 = EDGE_CURVE ( 'NONE', #1577, #392, #599, .T. ) ;
#782 = VECTOR ( 'NONE', #16, 1000.000000000000000 ) ;
#783 = CARTESIAN_POINT ( 'NONE',  ( -0.9999999999999997780, -0.6250000000000000000, 0.5000000000000000000 ) ) ;
#784 = FACE_OUTER_BOUND ( 'NONE', #408, .T. ) ;
#785 = FILL_AREA_STYLE ('',( #92 ) ) ;
#786 = CARTESIAN_POINT ( 'NONE',  ( 1.000000000000000000, 0.0000000000000000000, 0.0000000000000000000 ) ) ;
#787 = FACE_BOUND ( 'NONE', #1467, .T. ) ;
#788 = ORIENTED_EDGE ( 'NONE', *, *, #556, .T. ) ;
#789 = FACE_OUTER_BOUND ( 'NONE', #1847, .T. ) ;
#790 = VECTOR ( 'NONE', #280, 1000.000000000000000 ) ;
#791 = ORIENTED_EDGE ( 'NONE', *, *, #491, .T. ) ;
#792 = SURFACE_STYLE_USAGE ( .BOTH. , #2125 ) ;
#793 = LINE ( 'NONE', #1625, #304 ) ;
#794 = ADVANCED_FACE ( 'NONE', ( #1985 ), #455, .F. ) ;
#795 = DIRECTION ( 'NONE',  ( -1.971276677246371272E-16, 1.000000000000000000, 0.0000000000000000000 ) ) ;
#796 = DIRECTION ( 'NONE',  ( 1.000000000000000000, 0.0000000000000000000, -0.0000000000000000000 ) ) ;
#797 = LINE ( 'NONE', #1324, #116 ) ;
#798 = CARTESIAN_POINT ( 'NONE',  ( -0.6500000000000000222, -0.4500000000000001221, 0.9999999999999997780 ) ) ;
#799 = VERTEX_POINT ( 'NONE', #154 ) ;
#800 = UNCERTAINTY_MEASURE_WITH_UNIT (LENGTH_MEASURE( 1.000000000000000082E-05 ), #1935, 'distance_accuracy_value', 'NONE');
#801 = ORIENTED_EDGE ( 'NONE', *, *, #752, .T. ) ;
#802 = DIRECTION ( 'NONE',  ( 0.0000000000000000000, 0.0000000000000000000, -1.000000000000000000 ) ) ;
#803 = DIRECTION ( 'NONE',  ( 2.956915015869557278E-16, -1.000000000000000000, 0.0000000000000000000 ) ) ;
#804 = EDGE_CURVE ( 'NONE', #1894, #1698, #664, .T. ) ;
#805 = DIRECTION ( 'NONE',  ( 0.0000000000000000000, 0.0000000000000000000, -1.000000000000000000 ) ) ;
#806 =( NAMED_UNIT ( * ) SI_UNIT ( $, .STERADIAN. ) SOLID_ANGLE_UNIT ( ) );
#807 = VECTOR ( 'NONE', #1594, 1000.000000000000000 ) ;
#808 = LINE ( 'NONE', #1255, #934 ) ;
#809 = VECTOR ( 'NONE', #43, 1000.000000000000000 ) ;
#810 = CARTESIAN_POINT ( 'NONE',  ( 1.000000000000000222, -0.5000000000000001110, 0.5000000000000000000 ) ) ;
#811 = ORIENTED_EDGE ( 'NONE', *, *, #1993, .T. ) ;
#812 = AXIS2_PLACEMENT_3D ( 'NONE', #1954, #914, #602 ) ;
#813 = STYLED_ITEM ( 'NONE', ( #1507 ), #157 ) ;
#814 = ORIENTED_EDGE ( 'NONE', *, *, #514, .T. ) ;
#815 = CIRCLE ( 'NONE', #2061, 0.1000000000000000472 ) ;
#816 = DIRECTION ( 'NONE',  ( 0.0000000000000000000, -0.0000000000000000000, 1.000000000000000000 ) ) ;
#817 =( GEOMETRIC_REPRESENTATION_CONTEXT ( 3 ) GLOBAL_UNCERTAINTY_ASSIGNED_CONTEXT ( ( #1307 ) ) GLOBAL_UNIT_ASSIGNED_CONTEXT ( ( #626, #1826, #806 ) ) REPRESENTATION_CONTEXT ( 'NONE', 'WORKASPACE' ) );
#818 = EDGE_CURVE ( 'NONE', #2160, #1949, #504, .T. ) ;
#819 =( LENGTH_UNIT ( ) NAMED_UNIT ( * ) SI_UNIT ( .MILLI., .METRE. ) );
#820 = VERTEX_POINT ( 'NONE', #1325 ) ;
#821 = PLANE ( 'NONE',  #2100 ) ;
#822 = ORIENTED_EDGE ( 'NONE', *, *, #916, .T. ) ;
#823 =( NAMED_UNIT ( * ) SI_UNIT ( $, .STERADIAN. ) SOLID_ANGLE_UNIT ( ) );
#824 = PRESENTATION_STYLE_ASSIGNMENT (( #511 ) ) ;
#825 = UNCERTAINTY_MEASURE_WITH_UNIT (LENGTH_MEASURE( 1.000000000000000082E-05 ), #197, 'distance_accuracy_value', 'NONE');
#826 = CARTESIAN_POINT ( 'NONE',  ( 0.6366025403784437708, -0.5000000000000000000, 0.5000000000000000000 ) ) ;
#827 = DIRECTION ( 'NONE',  ( -1.000000000000000000, -0.0000000000000000000, 0.0000000000000000000 ) ) ;
#828 = UNCERTAINTY_MEASURE_WITH_UNIT (LENGTH_MEASURE( 1.000000000000000082E-05 ), #896, 'distance_accuracy_value', 'NONE');
#829 = VERTEX_POINT ( 'NONE', #2177 ) ;
#830 = CARTESIAN_POINT ( 'NONE',  ( -0.9899999999999999911, 0.5100000000000000089, 0.5010000000000000009 ) ) ;
#831 = DIRECTION ( 'NONE',  ( -0.0000000000000000000, 1.000000000000000000, 0.0000000000000000000 ) ) ;
#832 = CARTESIAN_POINT ( 'NONE',  ( 0.5499999999999994893, 0.4500000000000001221, 0.5000000000000000000 ) ) ;
#833 = VECTOR ( 'NONE', #15, 1000.000000000000000 ) ;
#834 = LINE ( 'NONE', #845, #2049 ) ;
#835 = DIRECTION ( 'NONE',  ( 1.000000000000000000, 0.0000000000000000000, -0.0000000000000000000 ) ) ;
#836 = DIRECTION ( 'NONE',  ( 0.0000000000000000000, 0.0000000000000000000, 1.000000000000000000 ) ) ;
#837 = DIRECTION ( 'NONE',  ( 1.000000000000000000, 0.0000000000000000000, 0.0000000000000000000 ) ) ;
#838 = DIRECTION ( 'NONE',  ( 0.0000000000000000000, 0.0000000000000000000, 1.000000000000000000 ) ) ;
#839 = ORIENTED_EDGE ( 'NONE', *, *, #905, .F. ) ;
#840 = AXIS2_PLACEMENT_3D ( 'NONE', #1879, #1040, #1027 ) ;
#841 = EDGE_CURVE ( 'NONE', #105, #1577, #1857, .T. ) ;
#842 = ORIENTED_EDGE ( 'NONE', *, *, #1329, .F. ) ;
#843 = CARTESIAN_POINT ( 'NONE',  ( -0.6500000000000002442, 0.5085786437626905743, 0.9999999999999994449 ) ) ;
#844 = PRESENTATION_LAYER_ASSIGNMENT (  '', '', ( #385 ) ) ;
#845 = CARTESIAN_POINT ( 'NONE',  ( -1.010000000000000009, -0.5000000000000000000, 0.5100000000000000089 ) ) ;
#846 = EDGE_LOOP ( 'NONE', ( #292, #1126, #413, #390 ) ) ;
#847 = AXIS2_PLACEMENT_3D ( 'NONE', #868, #1541, #897 ) ;
#848 = CARTESIAN_POINT ( 'NONE',  ( 1.010000000000000009, -0.5000000000000000000, 0.5100000000000000089 ) ) ;
#849 = LINE ( 'NONE', #1513, #2131 ) ;
#850 = ORIENTED_EDGE ( 'NONE', *, *, #1344, .T. ) ;
#851 = PRESENTATION_STYLE_ASSIGNMENT (( #45 ) ) ;
#852 = DIRECTION ( 'NONE',  ( -0.0000000000000000000, 1.000000000000000000, 0.0000000000000000000 ) ) ;
#853 = VERTEX_POINT ( 'NONE', #642 ) ;
#854 = CARTESIAN_POINT ( 'NONE',  ( 1.010000000000000009, 0.5000000000000000000, 0.5100000000000000089 ) ) ;
#855 = ADVANCED_FACE ( 'NONE', ( #165 ), #334, .F. ) ;
#856 = DIRECTION ( 'NONE',  ( 0.0000000000000000000, 0.0000000000000000000, -1.000000000000000000 ) ) ;
#857 = DIRECTION ( 'NONE',  ( -0.0000000000000000000, 0.0000000000000000000, -1.000000000000000000 ) ) ;
#858 =( GEOMETRIC_REPRESENTATION_CONTEXT ( 3 ) GLOBAL_UNCERTAINTY_ASSIGNED_CONTEXT ( ( #1639 ) ) GLOBAL_UNIT_ASSIGNED_CONTEXT ( ( #1099, #1777, #1239 ) ) REPRESENTATION_CONTEXT ( 'NONE', 'WORKASPACE' ) );
#859 = EDGE_CURVE ( 'NONE', #272, #195, #849, .T. ) ;
#860 = CARTESIAN_POINT ( 'NONE',  ( -0.5999999999999999778, 0.5000000000000000000, 0.0000000000000000000 ) ) ;
#861 = FACE_OUTER_BOUND ( 'NONE', #1427, .T. ) ;
#862 = LINE ( 'NONE', #207, #490 ) ;
#863 = ORIENTED_EDGE ( 'NONE', *, *, #534, .F. ) ;
#864 = CARTESIAN_POINT ( 'NONE',  ( -0.6499999999999998002, -0.4500000000000000111, 1.058578643762690286 ) ) ;
#865 = ORIENTED_EDGE ( 'NONE', *, *, #1887, .T. ) ;
#866 = CARTESIAN_POINT ( 'NONE',  ( 1.010000000000000009, 0.1997498435543819950, 0.5100000000000000089 ) ) ;
#867 = AXIS2_PLACEMENT_3D ( 'NONE', #1775, #1457, #970 ) ;
#868 = CARTESIAN_POINT ( 'NONE',  ( -0.5499999999999999334, -0.5500000000000000444, 0.9999999999999997780 ) ) ;
#869 = EDGE_CURVE ( 'NONE', #2101, #991, #1867, .T. ) ;
#870 = DIRECTION ( 'NONE',  ( -1.000000000000000000, -0.0000000000000000000, 0.0000000000000000000 ) ) ;
#871 = PRESENTATION_LAYER_ASSIGNMENT (  '', '', ( #102 ) ) ;
#872 = CARTESIAN_POINT ( 'NONE',  ( 0.6085786437626901080, 0.5085786437634032264, 1.100000000000000089 ) ) ;
#873 = ORIENTED_EDGE ( 'NONE', *, *, #1455, .F. ) ;
#874 = DIRECTION ( 'NONE',  ( -0.0000000000000000000, 1.000000000000000000, 0.0000000000000000000 ) ) ;
#875 = DIRECTION ( 'NONE',  ( -0.0000000000000000000, 1.000000000000000000, 0.0000000000000000000 ) ) ;
#876 = VERTEX_POINT ( 'NONE', #1142 ) ;
#877 = CARTESIAN_POINT ( 'NONE',  ( -1.000000000000000000, 0.5000000000000000000, 0.5100000000000000089 ) ) ;
#878 = CIRCLE ( 'NONE', #143, 0.1000000000000000472 ) ;
#879 = PRESENTATION_LAYER_ASSIGNMENT (  '', '', ( #1838 ) ) ;
#880 = ORIENTED_EDGE ( 'NONE', *, *, #2013, .T. ) ;
#881 = FILL_AREA_STYLE ('',( #1723 ) ) ;
#882 = COLOUR_RGB ( '',0.9803921568627450567, 0.9803921568627450567, 0.5019607843137254832 ) ;
#883 = SURFACE_STYLE_USAGE ( .BOTH. , #546 ) ;
#884 = VECTOR ( 'NONE', #279, 1000.000000000000000 ) ;
#885 = EDGE_CURVE ( 'NONE', #225, #365, #1817, .T. ) ;
#886 = VECTOR ( 'NONE', #1500, 1000.000000000000000 ) ;
#887 = CARTESIAN_POINT ( 'NONE',  ( 0.6499999999999996891, 0.4500000000000001776, 1.000000000000000000 ) ) ;
#888 = VERTEX_POINT ( 'NONE', #477 ) ;
#889 = PLANE ( 'NONE',  #192 ) ;
#890 = EDGE_CURVE ( 'NONE', #991, #693, #1829, .T. ) ;
#891 = DIRECTION ( 'NONE',  ( -1.000000000000000000, -1.084202172485504434E-16, 0.0000000000000000000 ) ) ;
#892 = ORIENTED_EDGE ( 'NONE', *, *, #1033, .F. ) ;
#893 = CARTESIAN_POINT ( 'NONE',  ( 1.000000000000000222, -0.5100000000000000089, 0.5000000000000000000 ) ) ;
#894 = VECTOR ( 'NONE', #1161, 1000.000000000000000 ) ;
#895 = LINE ( 'NONE', #1212, #987 ) ;
#896 =( LENGTH_UNIT ( ) NAMED_UNIT ( * ) SI_UNIT ( .MILLI., .METRE. ) );
#897 = DIRECTION ( 'NONE',  ( -1.000000000000000000, 0.0000000000000000000, 0.0000000000000000000 ) ) ;
#898 = AXIS2_PLACEMENT_3D ( 'NONE', #732, #395, #920 ) ;
#899 = COLOUR_RGB ( '',0.3490196078431372362, 0.3490196078431372362, 0.3490196078431372362 ) ;
#900 = CARTESIAN_POINT ( 'NONE',  ( 0.6499999999999996891, 0.4500000000000001221, 0.5100000000000000089 ) ) ;
#901 = ORIENTED_EDGE ( 'NONE', *, *, #271, .T. ) ;
#902 = SURFACE_SIDE_STYLE ('',( #933 ) ) ;
#903 = ORIENTED_EDGE ( 'NONE', *, *, #841, .F. ) ;
#904 = SURFACE_STYLE_USAGE ( .BOTH. , #1569 ) ;
#905 = EDGE_CURVE ( 'NONE', #853, #1905, #651, .T. ) ;
#906 = ORIENTED_EDGE ( 'NONE', *, *, #62, .F. ) ;
#907 = DIRECTION ( 'NONE',  ( 0.0000000000000000000, -1.000000000000000000, 0.0000000000000000000 ) ) ;
#908 = PRESENTATION_LAYER_ASSIGNMENT (  '', '', ( #2084 ) ) ;
#909 = SURFACE_SIDE_STYLE ('',( #1436 ) ) ;
#910 = ORIENTED_EDGE ( 'NONE', *, *, #600, .F. ) ;
#911 = DIRECTION ( 'NONE',  ( 1.000000000000000000, 0.0000000000000000000, -0.0000000000000000000 ) ) ;
#912 = LINE ( 'NONE', #36, #1093 ) ;
#913 = VERTEX_POINT ( 'NONE', #1924 ) ;
#914 = DIRECTION ( 'NONE',  ( 0.0000000000000000000, 0.0000000000000000000, -1.000000000000000000 ) ) ;
#915 = CARTESIAN_POINT ( 'NONE',  ( -1.000000000000000000, 0.0000000000000000000, 0.5100000000000000089 ) ) ;
#916 = EDGE_CURVE ( 'NONE', #263, #1101, #194, .T. ) ;
#917 = CARTESIAN_POINT ( 'NONE',  ( 0.6500000000000001332, -0.5085786437626906853, 1.000000000000000000 ) ) ;
#918 = CARTESIAN_POINT ( 'NONE',  ( 0.5999999999999999778, 0.5000000000000000000, 0.0000000000000000000 ) ) ;
#919 = AXIS2_PLACEMENT_3D ( 'NONE', #938, #617, #1419 ) ;
#920 = DIRECTION ( 'NONE',  ( -2.168404344971008868E-16, 1.000000000000000000, 0.0000000000000000000 ) ) ;
#921 = ORIENTED_EDGE ( 'NONE', *, *, #2162, .T. ) ;
#922 = CARTESIAN_POINT ( 'NONE',  ( 0.6000000000000000888, -0.5000000000000000000, 0.01000000000000001929 ) ) ;
#923 = VECTOR ( 'NONE', #1141, 1000.000000000000000 ) ;
#924 = ORIENTED_EDGE ( 'NONE', *, *, #1747, .F. ) ;
#925 =( LENGTH_UNIT ( ) NAMED_UNIT ( * ) SI_UNIT ( .MILLI., .METRE. ) );
#926 = CARTESIAN_POINT ( 'NONE',  ( -0.9999999999999997780, 0.5000000000000001110, 0.5000000000000000000 ) ) ;
#927 = CARTESIAN_POINT ( 'NONE',  ( 0.6085786437626905521, -0.5500000000000004885, 1.000000000000000000 ) ) ;
#928 =( NAMED_UNIT ( * ) SI_UNIT ( $, .STERADIAN. ) SOLID_ANGLE_UNIT ( ) );
#929 = DIRECTION ( 'NONE',  ( 0.0000000000000000000, -0.0000000000000000000, 1.000000000000000000 ) ) ;
#930 = DIRECTION ( 'NONE',  ( 0.0000000000000000000, 0.0000000000000000000, 1.000000000000000000 ) ) ;
#931 = DIRECTION ( 'NONE',  ( 0.0000000000000000000, -1.000000000000000000, 0.0000000000000000000 ) ) ;
#932 = ORIENTED_EDGE ( 'NONE', *, *, #1022, .F. ) ;
#933 = SURFACE_STYLE_FILL_AREA ( #241 ) ;
#934 = VECTOR ( 'NONE', #1992, 1000.000000000000000 ) ;
#935 = CARTESIAN_POINT ( 'NONE',  ( -1.000000000000000000, 0.6250000000000000000, 0.5000000000000000000 ) ) ;
#936 = EDGE_LOOP ( 'NONE', ( #469, #1495, #1000, #1530 ) ) ;
#937 = FACE_OUTER_BOUND ( 'NONE', #63, .T. ) ;
#938 = CARTESIAN_POINT ( 'NONE',  ( 0.5500000000000001554, -0.4500000000000001221, 0.9999999999999997780 ) ) ;
#939 = FACE_OUTER_BOUND ( 'NONE', #708, .T. ) ;
#940 = CARTESIAN_POINT ( 'NONE',  ( 0.6366025403784437708, -0.5000000000000000000, 0.5100000000000000089 ) ) ;
#941 = EDGE_CURVE ( 'NONE', #1251, #1169, #361, .T. ) ;
#942 = LINE ( 'NONE', #1767, #773 ) ;
#943 = ORIENTED_EDGE ( 'NONE', *, *, #941, .T. ) ;
#944 =( NAMED_UNIT ( * ) PLANE_ANGLE_UNIT ( ) SI_UNIT ( $, .RADIAN. ) );
#945 = EDGE_LOOP ( 'NONE', ( #656, #356, #2130, #1191 ) ) ;
#946 = LINE ( 'NONE', #1760, #1449 ) ;
#947 = PRESENTATION_STYLE_ASSIGNMENT (( #792 ) ) ;
#948 = LINE ( 'NONE', #117, #1614 ) ;
#949 = LINE ( 'NONE', #1934, #634 ) ;
#950 = VECTOR ( 'NONE', #827, 1000.000000000000000 ) ;
#951 = DIRECTION ( 'NONE',  ( 0.0000000000000000000, -0.0000000000000000000, -1.000000000000000000 ) ) ;
#952 = PRESENTATION_LAYER_ASSIGNMENT (  '', '', ( #1915 ) ) ;
#953 = FILL_AREA_STYLE ('',( #761 ) ) ;
#954 = PRODUCT_DEFINITION_SHAPE ( 'NONE', 'NONE',  #1881 ) ;
#955 = AXIS2_PLACEMENT_3D ( 'NONE', #2053, #1945, #1256 ) ;
#956 = EDGE_CURVE ( 'NONE', #2037, #1437, #667, .T. ) ;
#957 = AXIS2_PLACEMENT_3D ( 'NONE', #576, #780, #2109 ) ;
#958 = ORIENTED_EDGE ( 'NONE', *, *, #112, .T. ) ;
#959 = MECHANICAL_DESIGN_GEOMETRIC_PRESENTATION_REPRESENTATION (  '', ( #1919 ), #1024 ) ;
#960 = ADVANCED_FACE ( 'NONE', ( #724 ), #2030, .T. ) ;
#961 = UNCERTAINTY_MEASURE_WITH_UNIT (LENGTH_MEASURE( 1.000000000000000082E-05 ), #104, 'distance_accuracy_value', 'NONE');
#962 = CARTESIAN_POINT ( 'NONE',  ( 0.6500000000000000222, -0.5085786437626905743, 1.034314575051074936 ) ) ;
#963 = LINE ( 'NONE', #2143, #1319 ) ;
#964 = VERTEX_POINT ( 'NONE', #1556 ) ;
#965 = CARTESIAN_POINT ( 'NONE',  ( 0.7999999999999998224, 0.0000000000000000000, 0.5100000000000000089 ) ) ;
#966 = EDGE_LOOP ( 'NONE', ( #1351, #1549, #1046, #2085 ) ) ;
#967 = PRESENTATION_LAYER_ASSIGNMENT (  '', '', ( #1528 ) ) ;
#968 = EDGE_CURVE ( 'NONE', #505, #2160, #9, .T. ) ;
#969 = CARTESIAN_POINT ( 'NONE',  ( -0.6500000000000002442, 0.4499999999997761346, 1.058578643762690508 ) ) ;
#970 = DIRECTION ( 'NONE',  ( 1.000000000000000000, 0.0000000000000000000, -0.0000000000000000000 ) ) ;
#971 = CARTESIAN_POINT ( 'NONE',  ( -0.9899999999999999911, 0.5100000000000000089, 0.5000000000000000000 ) ) ;
#972 = SURFACE_SIDE_STYLE ('',( #299 ) ) ;
#973 = ORIENTED_EDGE ( 'NONE', *, *, #2090, .F. ) ;
#974 =( GEOMETRIC_REPRESENTATION_CONTEXT ( 3 ) GLOBAL_UNCERTAINTY_ASSIGNED_CONTEXT ( ( #1316 ) ) GLOBAL_UNIT_ASSIGNED_CONTEXT ( ( #1061, #65, #1381 ) ) REPRESENTATION_CONTEXT ( 'NONE', 'WORKASPACE' ) );
#975 = CARTESIAN_POINT ( 'NONE',  ( -0.6500000000000001332, 0.4500000000000001221, 1.099999999999999867 ) ) ;
#976 = EDGE_CURVE ( 'NONE', #669, #1858, #862, .T. ) ;
#977 =( NAMED_UNIT ( * ) SI_UNIT ( $, .STERADIAN. ) SOLID_ANGLE_UNIT ( ) );
#978 = MECHANICAL_DESIGN_GEOMETRIC_PRESENTATION_REPRESENTATION (  '', ( #102 ), #1539 ) ;
#979 = CARTESIAN_POINT ( 'NONE',  ( -0.9899999999999999911, -0.6149999999999999911, 0.5010000000000000009 ) ) ;
#980 = DIRECTION ( 'NONE',  ( 0.0000000000000000000, 0.0000000000000000000, 1.000000000000000000 ) ) ;
#981 = CIRCLE ( 'NONE', #1443, 0.09999999999999999167 ) ;
#982 = UNCERTAINTY_MEASURE_WITH_UNIT (LENGTH_MEASURE( 1.000000000000000082E-05 ), #1558, 'distance_accuracy_value', 'NONE');
#983 = DIRECTION ( 'NONE',  ( 0.0000000000000000000, -1.000000000000000000, 1.149936846453743554E-11 ) ) ;
#984 = CARTESIAN_POINT ( 'NONE',  ( -1.009999999999999787, -0.1997498435543817730, 0.5100000000000000089 ) ) ;
#985 = UNCERTAINTY_MEASURE_WITH_UNIT (LENGTH_MEASURE( 1.000000000000000082E-05 ), #1699, 'distance_accuracy_value', 'NONE');
#986 = ORIENTED_EDGE ( 'NONE', *, *, #62, .T. ) ;
#987 = VECTOR ( 'NONE', #857, 1000.000000000000000 ) ;
#988 = PRESENTATION_LAYER_ASSIGNMENT (  '', '', ( #1841 ) ) ;
#989 = LINE ( 'NONE', #1176, #1478 ) ;
#990 = FILL_AREA_STYLE_COLOUR ( '', #1451 ) ;
#991 = VERTEX_POINT ( 'NONE', #1912 ) ;
#992 = PRESENTATION_LAYER_ASSIGNMENT (  '', '', ( #2026 ) ) ;
#993 = CARTESIAN_POINT ( 'NONE',  ( -0.6500000000000000222, 0.4500000000000002331, 0.9999999999999995559 ) ) ;
#994 = STYLED_ITEM ( 'NONE', ( #1203 ), #1252 ) ;
#995 = PRESENTATION_STYLE_ASSIGNMENT (( #2182 ) ) ;
#996 = FILL_AREA_STYLE_COLOUR ( '', #1553 ) ;
#997 = EDGE_CURVE ( 'NONE', #176, #1729, #1051, .T. ) ;
#998 = ORIENTED_EDGE ( 'NONE', *, *, #1385, .T. ) ;
#999 = FACE_OUTER_BOUND ( 'NONE', #1229, .T. ) ;
#1000 = ORIENTED_EDGE ( 'NONE', *, *, #997, .T. ) ;
#1001 = CARTESIAN_POINT ( 'NONE',  ( -0.6500000000000001332, 0.5085786437626907963, 1.034314575050865548 ) ) ;
#1002 = VECTOR ( 'NONE', #495, 1000.000000000000000 ) ;
#1003 = PRESENTATION_STYLE_ASSIGNMENT (( #328 ) ) ;
#1004 = DIRECTION ( 'NONE',  ( 1.000000000000000000, 0.0000000000000000000, -0.0000000000000000000 ) ) ;
#1005 = DIRECTION ( 'NONE',  ( 0.0000000000000000000, 1.000000000000000000, -0.0000000000000000000 ) ) ;
#1006 = EDGE_CURVE ( 'NONE', #365, #263, #1544, .T. ) ;
#1007 =( LENGTH_UNIT ( ) NAMED_UNIT ( * ) SI_UNIT ( .MILLI., .METRE. ) );
#1008 = LINE ( 'NONE', #1217, #1332 ) ;
#1009 = DIRECTION ( 'NONE',  ( 0.0000000000000000000, -0.0000000000000000000, 1.000000000000000000 ) ) ;
#1010 =( NAMED_UNIT ( * ) PLANE_ANGLE_UNIT ( ) SI_UNIT ( $, .RADIAN. ) );
#1011 = DIRECTION ( 'NONE',  ( 0.0000000000000000000, 0.0000000000000000000, -1.000000000000000000 ) ) ;
#1012 = SURFACE_STYLE_USAGE ( .BOTH. , #1150 ) ;
#1013 = DIRECTION ( 'NONE',  ( 0.0000000000000000000, 0.0000000000000000000, -1.000000000000000000 ) ) ;
#1014 = CARTESIAN_POINT ( 'NONE',  ( -1.009999999999999787, -0.5000000000000000000, 0.5000000000000000000 ) ) ;
#1015 = DIRECTION ( 'NONE',  ( 1.000000000000000000, 0.0000000000000000000, -0.0000000000000000000 ) ) ;
#1016 = VERTEX_POINT ( 'NONE', #900 ) ;
#1017 = SURFACE_SIDE_STYLE ('',( #701 ) ) ;
#1018 = COLOUR_RGB ( '',0.9803921568627450567, 0.9803921568627450567, 0.5019607843137254832 ) ;
#1019 =( NAMED_UNIT ( * ) PLANE_ANGLE_UNIT ( ) SI_UNIT ( $, .RADIAN. ) );
#1020 = ORIENTED_EDGE ( 'NONE', *, *, #1742, .F. ) ;
#1021 = SURFACE_SIDE_STYLE ('',( #1676 ) ) ;
#1022 = EDGE_CURVE ( 'NONE', #1016, #1986, #1524, .T. ) ;
#1023 = FILL_AREA_STYLE ('',( #672 ) ) ;
#1024 =( GEOMETRIC_REPRESENTATION_CONTEXT ( 3 ) GLOBAL_UNCERTAINTY_ASSIGNED_CONTEXT ( ( #468 ) ) GLOBAL_UNIT_ASSIGNED_CONTEXT ( ( #506, #1019, #480 ) ) REPRESENTATION_CONTEXT ( 'NONE', 'WORKASPACE' ) );
#1025 = CARTESIAN_POINT ( 'NONE',  ( 1.000000000000000000, 0.6250000000000000000, 0.5000000000000000000 ) ) ;
#1026 =( NAMED_UNIT ( * ) SI_UNIT ( $, .STERADIAN. ) SOLID_ANGLE_UNIT ( ) );
#1027 = DIRECTION ( 'NONE',  ( -1.000000000000000000, 0.0000000000000000000, 0.0000000000000000000 ) ) ;
#1028 = ORIENTED_EDGE ( 'NONE', *, *, #781, .T. ) ;
#1029 = LINE ( 'NONE', #1717, #1035 ) ;
#1030 = CARTESIAN_POINT ( 'NONE',  ( 0.5499999999999994893, 0.5500000000000001554, 0.9999999999996164179 ) ) ;
#1031 = ORIENTED_EDGE ( 'NONE', *, *, #1712, .F. ) ;
#1032 = DIRECTION ( 'NONE',  ( 2.956915015869557278E-16, -1.000000000000000000, 0.0000000000000000000 ) ) ;
#1033 = EDGE_CURVE ( 'NONE', #913, #227, #1534, .T. ) ;
#1034 = ORIENTED_EDGE ( 'NONE', *, *, #151, .T. ) ;
#1035 = VECTOR ( 'NONE', #541, 1000.000000000000000 ) ;
#1036 = AXIS2_PLACEMENT_3D ( 'NONE', #132, #1295, #140 ) ;
#1037 = DIRECTION ( 'NONE',  ( 0.0000000000000000000, 0.0000000000000000000, 1.000000000000000000 ) ) ;
#1038 =( NAMED_UNIT ( * ) PLANE_ANGLE_UNIT ( ) SI_UNIT ( $, .RADIAN. ) );
#1039 = CARTESIAN_POINT ( 'NONE',  ( 1.000000000000000222, -0.6250000000000000000, 0.5000000000000000000 ) ) ;
#1040 = DIRECTION ( 'NONE',  ( 0.0000000000000000000, 0.0000000000000000000, -1.000000000000000000 ) ) ;
#1041 = ORIENTED_EDGE ( 'NONE', *, *, #584, .T. ) ;
#1042 = CARTESIAN_POINT ( 'NONE',  ( 0.6000000000000000888, -0.5000000000000000000, 0.5100000000000000089 ) ) ;
#1043 = DIRECTION ( 'NONE',  ( 1.084202172485504434E-16, -1.000000000000000000, 0.0000000000000000000 ) ) ;
#1044 = EDGE_LOOP ( 'NONE', ( #1781, #717, #275, #1872 ) ) ;
#1045 = CARTESIAN_POINT ( 'NONE',  ( -0.7099999999999999645, 0.5100000000000000089, 0.5010000000000000009 ) ) ;
#1046 = ORIENTED_EDGE ( 'NONE', *, *, #1369, .F. ) ;
#1047 = EDGE_CURVE ( 'NONE', #1409, #1156, #2019, .T. ) ;
#1048 =( LENGTH_UNIT ( ) NAMED_UNIT ( * ) SI_UNIT ( .MILLI., .METRE. ) );
#1049 = EDGE_CURVE ( 'NONE', #1136, #402, #1240, .T. ) ;
#1050 = FILL_AREA_STYLE ('',( #372 ) ) ;
#1051 = LINE ( 'NONE', #1077, #809 ) ;
#1052 = ORIENTED_EDGE ( 'NONE', *, *, #2120, .F. ) ;
#1053 = SURFACE_STYLE_USAGE ( .BOTH. , #1870 ) ;
#1054 = PLANE ( 'NONE',  #2168 ) ;
#1055 = ORIENTED_EDGE ( 'NONE', *, *, #1134, .T. ) ;
#1056 = DIRECTION ( 'NONE',  ( 0.0000000000000000000, 0.0000000000000000000, 1.000000000000000000 ) ) ;
#1057 = PRESENTATION_LAYER_ASSIGNMENT (  '', '', ( #2205 ) ) ;
#1058 = VECTOR ( 'NONE', #220, 1000.000000000000000 ) ;
#1059 = ORIENTED_EDGE ( 'NONE', *, *, #1413, .F. ) ;
#1060 = MECHANICAL_DESIGN_GEOMETRIC_PRESENTATION_REPRESENTATION (  '', ( #315 ), #179 ) ;
#1061 =( LENGTH_UNIT ( ) NAMED_UNIT ( * ) SI_UNIT ( .MILLI., .METRE. ) );
#1062 = PRODUCT_RELATED_PRODUCT_CATEGORY ( 'part', '', ( #1640 ) ) ;
#1063 = FACE_OUTER_BOUND ( 'NONE', #633, .T. ) ;
#1064 = CIRCLE ( 'NONE', #318, 0.1000000000000000472 ) ;
#1065 = SURFACE_STYLE_USAGE ( .BOTH. , #1591 ) ;
#1066 = AXIS2_PLACEMENT_3D ( 'NONE', #555, #1013, #2068 ) ;
#1067 = ADVANCED_FACE ( 'NONE', ( #689 ), #1358, .F. ) ;
#1068 = CARTESIAN_POINT ( 'NONE',  ( -0.9899999999999999911, 0.6149999999999999911, 0.5010000000000000009 ) ) ;
#1069 = ORIENTED_EDGE ( 'NONE', *, *, #355, .F. ) ;
#1070 = FACE_OUTER_BOUND ( 'NONE', #543, .T. ) ;
#1071 = ORIENTED_EDGE ( 'NONE', *, *, #2162, .F. ) ;
#1072 = STYLED_ITEM ( 'NONE', ( #2156 ), #1907 ) ;
#1073 = FILL_AREA_STYLE ('',( #379 ) ) ;
#1074 = DIRECTION ( 'NONE',  ( -1.000000000000000000, 0.0000000000000000000, 0.0000000000000000000 ) ) ;
#1075 = VECTOR ( 'NONE', #67, 1000.000000000000000 ) ;
#1076 = LINE ( 'NONE', #1470, #790 ) ;
#1077 = CARTESIAN_POINT ( 'NONE',  ( -0.7099999999999998535, -0.5100000000000000089, 0.5010000000000000009 ) ) ;
#1078 = ORIENTED_EDGE ( 'NONE', *, *, #1921, .T. ) ;
#1079 = SURFACE_STYLE_FILL_AREA ( #1966 ) ;
#1080 = EDGE_CURVE ( 'NONE', #1682, #142, #1778, .T. ) ;
#1081 =( NAMED_UNIT ( * ) PLANE_ANGLE_UNIT ( ) SI_UNIT ( $, .RADIAN. ) );
#1082 = ORIENTED_EDGE ( 'NONE', *, *, #1724, .T. ) ;
#1083 = PLANE ( 'NONE',  #2210 ) ;
#1084 = ORIENTED_EDGE ( 'NONE', *, *, #1821, .F. ) ;
#1085 = DIRECTION ( 'NONE',  ( -0.0000000000000000000, -0.0000000000000000000, 1.000000000000000000 ) ) ;
#1086 = AXIS2_PLACEMENT_3D ( 'NONE', #2204, #856, #1863 ) ;
#1087 = FILL_AREA_STYLE ('',( #579 ) ) ;
#1088 = CYLINDRICAL_SURFACE ( 'NONE', #1095, 0.1000000000000000472 ) ;
#1089 = EDGE_LOOP ( 'NONE', ( #254, #1243, #822, #910 ) ) ;
#1090 = SURFACE_STYLE_FILL_AREA ( #411 ) ;
#1091 = VERTEX_POINT ( 'NONE', #2117 ) ;
#1092 = DIRECTION ( 'NONE',  ( 0.0000000000000000000, 0.0000000000000000000, -1.000000000000000000 ) ) ;
#1093 = VECTOR ( 'NONE', #1733, 1000.000000000000000 ) ;
#1094 = EDGE_CURVE ( 'NONE', #2, #208, #942, .T. ) ;
#1095 = AXIS2_PLACEMENT_3D ( 'NONE', #774, #1282, #1132 ) ;
#1096 = CARTESIAN_POINT ( 'NONE',  ( -0.6366025403784439929, 0.5000000000000000000, 0.5100000000000000089 ) ) ;
#1097 = MECHANICAL_DESIGN_GEOMETRIC_PRESENTATION_REPRESENTATION (  '', ( #2024 ), #1270 ) ;
#1098 = VECTOR ( 'NONE', #1116, 1000.000000000000000 ) ;
#1099 =( LENGTH_UNIT ( ) NAMED_UNIT ( * ) SI_UNIT ( .MILLI., .METRE. ) );
#1100 = CIRCLE ( 'NONE', #1378, 0.09999999999999999167 ) ;
#1101 = VERTEX_POINT ( 'NONE', #1605 ) ;
#1102 = AXIS2_PLACEMENT_3D ( 'NONE', #712, #1565, #525 ) ;
#1103 = CARTESIAN_POINT ( 'NONE',  ( -1.010000000000000009, -0.1997498435543818285, 0.5100000000000000089 ) ) ;
#1104 = EDGE_LOOP ( 'NONE', ( #47, #1568, #873 ) ) ;
#1105 = CARTESIAN_POINT ( 'NONE',  ( -0.9899999999999999911, 0.6149999999999999911, 0.5010000000000000009 ) ) ;
#1106 = LINE ( 'NONE', #783, #457 ) ;
#1107 = EDGE_CURVE ( 'NONE', #1638, #1894, #1272, .T. ) ;
#1108 = DIRECTION ( 'NONE',  ( 0.0000000000000000000, -0.0000000000000000000, -1.000000000000000000 ) ) ;
#1109 = PRESENTATION_LAYER_ASSIGNMENT (  '', '', ( #2039 ) ) ;
#1110 = DIRECTION ( 'NONE',  ( -1.084202172485504434E-16, 1.000000000000000000, 0.0000000000000000000 ) ) ;
#1111 =( NAMED_UNIT ( * ) PLANE_ANGLE_UNIT ( ) SI_UNIT ( $, .RADIAN. ) );
#1112 = ORIENTED_EDGE ( 'NONE', *, *, #781, .F. ) ;
#1113 = DIRECTION ( 'NONE',  ( 0.0000000000000000000, 0.0000000000000000000, 1.000000000000000000 ) ) ;
#1114 = VECTOR ( 'NONE', #2035, 1000.000000000000000 ) ;
#1115 = ORIENTED_EDGE ( 'NONE', *, *, #491, .F. ) ;
#1116 = DIRECTION ( 'NONE',  ( 0.0000000000000000000, -0.0000000000000000000, -1.000000000000000000 ) ) ;
#1117 = PLANE ( 'NONE',  #1221 ) ;
#1118 = DIRECTION ( 'NONE',  ( -1.000000000000000000, -0.0000000000000000000, -0.0000000000000000000 ) ) ;
#1119 = ADVANCED_FACE ( 'NONE', ( #453 ), #1088, .T. ) ;
#1120 = DIRECTION ( 'NONE',  ( -1.000000000000000000, -0.0000000000000000000, -0.0000000000000000000 ) ) ;
#1121 = CARTESIAN_POINT ( 'NONE',  ( 1.000000000000000222, 0.5000000000000001110, 0.01000000000000000021 ) ) ;
#1122 = ADVANCED_FACE ( 'NONE', ( #1426 ), #445, .F. ) ;
#1123 = FACE_OUTER_BOUND ( 'NONE', #966, .T. ) ;
#1124 = PRESENTATION_STYLE_ASSIGNMENT (( #1952 ) ) ;
#1125 = PRODUCT_DEFINITION_FORMATION_WITH_SPECIFIED_SOURCE ( 'ANY', '', #1640, .NOT_KNOWN. ) ;
#1126 = ORIENTED_EDGE ( 'NONE', *, *, #885, .F. ) ;
#1127 = CARTESIAN_POINT ( 'NONE',  ( -0.7099999999999999645, 0.6149999999999999911, 0.5010000000000000009 ) ) ;
#1128 = CARTESIAN_POINT ( 'NONE',  ( -0.9999999999999997780, -0.6250000000000000000, 0.5000000000000000000 ) ) ;
#1129 = CYLINDRICAL_SURFACE ( 'NONE', #547, 0.1000000000000000472 ) ;
#1130 = MECHANICAL_DESIGN_GEOMETRIC_PRESENTATION_REPRESENTATION (  '', ( #1266 ), #2017 ) ;
#1131 = CARTESIAN_POINT ( 'NONE',  ( 1.000000000000000222, -0.5000000000000000000, 0.5000000000000000000 ) ) ;
#1132 = DIRECTION ( 'NONE',  ( 0.0000000000000000000, 0.0000000000000000000, 1.000000000000000000 ) ) ;
#1133 = AXIS2_PLACEMENT_3D ( 'NONE', #1737, #2089, #200 ) ;
#1134 = EDGE_CURVE ( 'NONE', #1638, #518, #81, .T. ) ;
#1135 = DIRECTION ( 'NONE',  ( 0.0000000000000000000, 0.0000000000000000000, -1.000000000000000000 ) ) ;
#1136 = VERTEX_POINT ( 'NONE', #121 ) ;
#1137 = CIRCLE ( 'NONE', #1238, 0.1000000000000000472 ) ;
#1138 = UNCERTAINTY_MEASURE_WITH_UNIT (LENGTH_MEASURE( 1.000000000000000082E-05 ), #819, 'distance_accuracy_value', 'NONE');
#1139 = CARTESIAN_POINT ( 'NONE',  ( 1.010000000000000009, -0.5000000000000000000, 0.0000000000000000000 ) ) ;
#1140 = LINE ( 'NONE', #638, #89 ) ;
#1141 = DIRECTION ( 'NONE',  ( -1.000000000000000000, -0.0000000000000000000, 0.0000000000000000000 ) ) ;
#1142 = CARTESIAN_POINT ( 'NONE',  ( -0.9999999999999997780, -0.6250000000000000000, 0.01000000000000001929 ) ) ;
#1143 = EDGE_LOOP ( 'NONE', ( #231, #1557, #788, #1317 ) ) ;
#1144 = ADVANCED_FACE ( 'NONE', ( #787, #1415 ), #1948, .T. ) ;
#1145 = VECTOR ( 'NONE', #688, 1000.000000000000000 ) ;
#1146 = ORIENTED_EDGE ( 'NONE', *, *, #2103, .T. ) ;
#1147 = CARTESIAN_POINT ( 'NONE',  ( -0.5500000000000001554, 0.5500000000000001554, 0.9999999999999993339 ) ) ;
#1148 = FACE_OUTER_BOUND ( 'NONE', #156, .T. ) ;
#1149 = SURFACE_SIDE_STYLE ('',( #493 ) ) ;
#1150 = SURFACE_SIDE_STYLE ('',( #2119 ) ) ;
#1151 = FILL_AREA_STYLE_COLOUR ( '', #636 ) ;
#1152 = ORIENTED_EDGE ( 'NONE', *, *, #164, .F. ) ;
#1153 = AXIS2_PLACEMENT_3D ( 'NONE', #40, #418, #1223 ) ;
#1154 =( GEOMETRIC_REPRESENTATION_CONTEXT ( 3 ) GLOBAL_UNCERTAINTY_ASSIGNED_CONTEXT ( ( #1830 ) ) GLOBAL_UNIT_ASSIGNED_CONTEXT ( ( #695, #305, #977 ) ) REPRESENTATION_CONTEXT ( 'NONE', 'WORKASPACE' ) );
#1155 =( NAMED_UNIT ( * ) PLANE_ANGLE_UNIT ( ) SI_UNIT ( $, .RADIAN. ) );
#1156 = VERTEX_POINT ( 'NONE', #2208 ) ;
#1157 = CARTESIAN_POINT ( 'NONE',  ( -0.6085786437626906631, 0.4499999999996172062, 1.099999999999999867 ) ) ;
#1158 =( LENGTH_UNIT ( ) NAMED_UNIT ( * ) SI_UNIT ( .MILLI., .METRE. ) );
#1159 = MECHANICAL_DESIGN_GEOMETRIC_PRESENTATION_REPRESENTATION (  '', ( #590 ), #767 ) ;
#1160 = ADVANCED_FACE ( 'NONE', ( #2001 ), #331, .F. ) ;
#1161 = DIRECTION ( 'NONE',  ( 1.084202172485504434E-16, -1.000000000000000000, 0.0000000000000000000 ) ) ;
#1162 = DIRECTION ( 'NONE',  ( -1.000000000000000000, -0.0000000000000000000, 0.0000000000000000000 ) ) ;
#1163 = VECTOR ( 'NONE', #464, 1000.000000000000000 ) ;
#1164 = UNCERTAINTY_MEASURE_WITH_UNIT (LENGTH_MEASURE( 1.000000000000000082E-05 ), #273, 'distance_accuracy_value', 'NONE');
#1165 = UNCERTAINTY_MEASURE_WITH_UNIT (LENGTH_MEASURE( 1.000000000000000082E-05 ), #1643, 'distance_accuracy_value', 'NONE');
#1166 = ORIENTED_EDGE ( 'NONE', *, *, #1080, .T. ) ;
#1167 = PRESENTATION_LAYER_ASSIGNMENT (  '', '', ( #2139 ) ) ;
#1168 = LINE ( 'NONE', #337, #1551 ) ;
#1169 = VERTEX_POINT ( 'NONE', #461 ) ;
#1170 = CIRCLE ( 'NONE', #1882, 0.1000000000000000472 ) ;
#1171 = VECTOR ( 'NONE', #2009, 1000.000000000000000 ) ;
#1172 =( NAMED_UNIT ( * ) PLANE_ANGLE_UNIT ( ) SI_UNIT ( $, .RADIAN. ) );
#1173 = PLANE ( 'NONE',  #647 ) ;
#1174 =( GEOMETRIC_REPRESENTATION_CONTEXT ( 3 ) GLOBAL_UNCERTAINTY_ASSIGNED_CONTEXT ( ( #155 ) ) GLOBAL_UNIT_ASSIGNED_CONTEXT ( ( #1450, #460, #451 ) ) REPRESENTATION_CONTEXT ( 'NONE', 'WORKASPACE' ) );
#1175 = ORIENTED_EDGE ( 'NONE', *, *, #415, .F. ) ;
#1176 = CARTESIAN_POINT ( 'NONE',  ( -0.6500000000000001332, -0.5500000000000000444, 0.9999999999999997780 ) ) ;
#1177 = ORIENTED_EDGE ( 'NONE', *, *, #968, .F. ) ;
#1178 = AXIS2_PLACEMENT_3D ( 'NONE', #2209, #1184, #1533 ) ;
#1179 = CARTESIAN_POINT ( 'NONE',  ( -0.5500000000000000444, 0.5500000000000002665, 1.058578643762867921 ) ) ;
#1180 =( GEOMETRIC_REPRESENTATION_CONTEXT ( 3 ) GLOBAL_UNCERTAINTY_ASSIGNED_CONTEXT ( ( #1671 ) ) GLOBAL_UNIT_ASSIGNED_CONTEXT ( ( #1532, #1864, #1354 ) ) REPRESENTATION_CONTEXT ( 'NONE', 'WORKASPACE' ) );
#1181 = SURFACE_SIDE_STYLE ('',( #500 ) ) ;
#1182 = EDGE_CURVE ( 'NONE', #853, #505, #1646, .T. ) ;
#1183 = FILL_AREA_STYLE ('',( #996 ) ) ;
#1184 = DIRECTION ( 'NONE',  ( 0.0000000000000000000, 0.0000000000000000000, -1.000000000000000000 ) ) ;
#1185 = SURFACE_STYLE_FILL_AREA ( #2011 ) ;
#1186 = ORIENTED_EDGE ( 'NONE', *, *, #1909, .T. ) ;
#1187 = DIRECTION ( 'NONE',  ( -1.000000000000000000, 0.0000000000000000000, 0.0000000000000000000 ) ) ;
#1188 = VERTEX_POINT ( 'NONE', #2196 ) ;
#1189 = LINE ( 'NONE', #199, #709 ) ;
#1190 = SURFACE_STYLE_USAGE ( .BOTH. , #327 ) ;
#1191 = ORIENTED_EDGE ( 'NONE', *, *, #1320, .F. ) ;
#1192 = PLANE ( 'NONE',  #2148 ) ;
#1193 = FILL_AREA_STYLE_COLOUR ( '', #1202 ) ;
#1194 = LINE ( 'NONE', #503, #2000 ) ;
#1195 = DIRECTION ( 'NONE',  ( -1.000000000000000000, -0.0000000000000000000, -0.0000000000000000000 ) ) ;
#1196 = ORIENTED_EDGE ( 'NONE', *, *, #1681, .F. ) ;
#1197 = EDGE_CURVE ( 'NONE', #1321, #1188, #1480, .T. ) ;
#1198 = CARTESIAN_POINT ( 'NONE',  ( 0.5500000000000001554, -0.4499999999991376454, 1.099999999999999867 ) ) ;
#1199 = EDGE_LOOP ( 'NONE', ( #1799, #1112, #563, #739, #850, #631, #1607, #1996 ) ) ;
#1200 = VECTOR ( 'NONE', #2115, 1000.000000000000000 ) ;
#1201 = PRESENTATION_STYLE_ASSIGNMENT (( #1233 ) ) ;
#1202 = COLOUR_RGB ( '',0.9803921568627450567, 0.9803921568627450567, 0.5019607843137254832 ) ;
#1203 = PRESENTATION_STYLE_ASSIGNMENT (( #2078 ) ) ;
#1204 =( LENGTH_UNIT ( ) NAMED_UNIT ( * ) SI_UNIT ( .MILLI., .METRE. ) );
#1205 = EDGE_LOOP ( 'NONE', ( #973, #1379, #397, #310, #1744, #2014, #755, #2041 ) ) ;
#1206 = LINE ( 'NONE', #1546, #88 ) ;
#1207 = FACE_OUTER_BOUND ( 'NONE', #1660, .T. ) ;
#1208 = EDGE_CURVE ( 'NONE', #252, #225, #1346, .T. ) ;
#1209 = ORIENTED_EDGE ( 'NONE', *, *, #1033, .T. ) ;
#1210 = DIRECTION ( 'NONE',  ( 1.000000000000000000, 0.0000000000000000000, -0.0000000000000000000 ) ) ;
#1211 = EDGE_CURVE ( 'NONE', #1729, #1251, #1312, .T. ) ;
#1212 = CARTESIAN_POINT ( 'NONE',  ( -0.5999999999999998668, -0.5000000000000000000, 0.5100000000000000089 ) ) ;
#1213 = AXIS2_PLACEMENT_3D ( 'NONE', #915, #1304, #1828 ) ;
#1214 = CARTESIAN_POINT ( 'NONE',  ( -0.6500000000000001332, 0.4500000000000001221, 0.5100000000000000089 ) ) ;
#1215 = DIRECTION ( 'NONE',  ( 0.0000000000000000000, -0.0000000000000000000, 1.000000000000000000 ) ) ;
#1216 = CARTESIAN_POINT ( 'NONE',  ( 0.6499999999999996891, 0.4500000000000001221, 1.000000000000000000 ) ) ;
#1217 = CARTESIAN_POINT ( 'NONE',  ( -0.6500000000000001332, -0.5000000000000000000, 0.5100000000000000089 ) ) ;
#1218 = DIRECTION ( 'NONE',  ( 0.0000000000000000000, 0.0000000000000000000, -1.000000000000000000 ) ) ;
#1219 = ORIENTED_EDGE ( 'NONE', *, *, #1398, .F. ) ;
#1220 = FACE_OUTER_BOUND ( 'NONE', #1205, .T. ) ;
#1221 = AXIS2_PLACEMENT_3D ( 'NONE', #1962, #430, #1108 ) ;
#1222 = EDGE_CURVE ( 'NONE', #1308, #2, #649, .T. ) ;
#1223 = DIRECTION ( 'NONE',  ( 0.0000000000000000000, 0.0000000000000000000, 1.000000000000000000 ) ) ;
#1224 = CARTESIAN_POINT ( 'NONE',  ( -0.9899999999999999911, -0.6149999999999999911, 0.5010000000000000009 ) ) ;
#1225 = COLOUR_RGB ( '',0.0000000000000000000, 0.5019607843137254832, 0.0000000000000000000 ) ;
#1226 = CARTESIAN_POINT ( 'NONE',  ( 0.6499999999999996891, 0.4500000000000001221, 0.9999999999999997780 ) ) ;
#1227 = ORIENTED_EDGE ( 'NONE', *, *, #618, .T. ) ;
#1228 = CARTESIAN_POINT ( 'NONE',  ( -0.6500000000000001332, 0.5500000000000000444, 0.9999999999999997780 ) ) ;
#1229 = EDGE_LOOP ( 'NONE', ( #1976, #645, #1241, #2060 ) ) ;
#1230 = VECTOR ( 'NONE', #1819, 1000.000000000000000 ) ;
#1231 = CIRCLE ( 'NONE', #520, 0.2000000000000002054 ) ;
#1232 = VECTOR ( 'NONE', #540, 1000.000000000000000 ) ;
#1233 = SURFACE_STYLE_USAGE ( .BOTH. , #404 ) ;
#1234 = VECTOR ( 'NONE', #1499, 1000.000000000000000 ) ;
#1235 = FACE_OUTER_BOUND ( 'NONE', #1044, .T. ) ;
#1236 = LINE ( 'NONE', #918, #2172 ) ;
#1237 = EDGE_CURVE ( 'NONE', #61, #679, #1667, .T. ) ;
#1238 = AXIS2_PLACEMENT_3D ( 'NONE', #578, #1085, #432 ) ;
#1239 =( NAMED_UNIT ( * ) SI_UNIT ( $, .STERADIAN. ) SOLID_ANGLE_UNIT ( ) );
#1240 = LINE ( 'NONE', #1754, #1058 ) ;
#1241 = ORIENTED_EDGE ( 'NONE', *, *, #941, .F. ) ;
#1242 = CARTESIAN_POINT ( 'NONE',  ( -0.5499999999999999334, -0.5500000000000001554, 0.9999999999999995559 ) ) ;
#1243 = ORIENTED_EDGE ( 'NONE', *, *, #1854, .F. ) ;
#1244 =( NAMED_UNIT ( * ) PLANE_ANGLE_UNIT ( ) SI_UNIT ( $, .RADIAN. ) );
#1245 = ORIENTED_EDGE ( 'NONE', *, *, #1712, .T. ) ;
#1246 = CARTESIAN_POINT ( 'NONE',  ( -0.6500000000000001332, 0.5500000000000000444, 1.099999999999999867 ) ) ;
#1247 = SURFACE_STYLE_FILL_AREA ( #567 ) ;
#1248 = VECTOR ( 'NONE', #1005, 1000.000000000000000 ) ;
#1249 = CARTESIAN_POINT ( 'NONE',  ( -1.010000000000000009, -0.5000000000000000000, 0.0000000000000000000 ) ) ;
#1250 =( LENGTH_UNIT ( ) NAMED_UNIT ( * ) SI_UNIT ( .MILLI., .METRE. ) );
#1251 = VERTEX_POINT ( 'NONE', #171 ) ;
#1252 = ADVANCED_FACE ( 'NONE', ( #1510 ), #1842, .F. ) ;
#1253 = FACE_OUTER_BOUND ( 'NONE', #343, .T. ) ;
#1254 = ORIENTED_EDGE ( 'NONE', *, *, #467, .T. ) ;
#1255 = CARTESIAN_POINT ( 'NONE',  ( -0.6000000000000000888, -0.6250000000000000000, 0.01000000000000000021 ) ) ;
#1256 = DIRECTION ( 'NONE',  ( 1.000000000000000000, 0.0000000000000000000, -0.0000000000000000000 ) ) ;
#1257 = LINE ( 'NONE', #759, #1412 ) ;
#1258 = DIRECTION ( 'NONE',  ( 0.0000000000000000000, -1.000000000000000000, -0.0000000000000000000 ) ) ;
#1259 = DIRECTION ( 'NONE',  ( -1.000000000000000000, -0.0000000000000000000, 0.0000000000000000000 ) ) ;
#1260 = ORIENTED_EDGE ( 'NONE', *, *, #1835, .T. ) ;
#1261 = LINE ( 'NONE', #96, #1422 ) ;
#1262 = DIRECTION ( 'NONE',  ( 0.0000000000000000000, 0.0000000000000000000, -1.000000000000000000 ) ) ;
#1263 = ORIENTED_EDGE ( 'NONE', *, *, #752, .F. ) ;
#1264 = FILL_AREA_STYLE_COLOUR ( '', #710 ) ;
#1265 = EDGE_CURVE ( 'NONE', #2101, #1321, #1889, .T. ) ;
#1266 = STYLED_ITEM ( 'NONE', ( #1124 ), #741 ) ;
#1267 = CARTESIAN_POINT ( 'NONE',  ( 0.6500000000000000222, -0.4500000000000001221, 0.9999999999999997780 ) ) ;
#1268 = COLOUR_RGB ( '',0.0000000000000000000, 0.5019607843137254832, 0.0000000000000000000 ) ;
#1269 = CIRCLE ( 'NONE', #424, 0.09999999999999999167 ) ;
#1270 =( GEOMETRIC_REPRESENTATION_CONTEXT ( 3 ) GLOBAL_UNCERTAINTY_ASSIGNED_CONTEXT ( ( #321 ) ) GLOBAL_UNIT_ASSIGNED_CONTEXT ( ( #925, #1244, #1596 ) ) REPRESENTATION_CONTEXT ( 'NONE', 'WORKASPACE' ) );
#1271 = LINE ( 'NONE', #1964, #360 ) ;
#1272 = LINE ( 'NONE', #1293, #2056 ) ;
#1273 = ORIENTED_EDGE ( 'NONE', *, *, #1854, .T. ) ;
#1274 = DIRECTION ( 'NONE',  ( 1.000000000000000000, -0.0000000000000000000, 0.0000000000000000000 ) ) ;
#1275 = SURFACE_STYLE_FILL_AREA ( #1452 ) ;
#1276 = ORIENTED_EDGE ( 'NONE', *, *, #333, .F. ) ;
#1277 = ADVANCED_FACE ( 'NONE', ( #1876 ), #2055, .F. ) ;
#1278 =( NAMED_UNIT ( * ) SI_UNIT ( $, .STERADIAN. ) SOLID_ANGLE_UNIT ( ) );
#1279 = FILL_AREA_STYLE_COLOUR ( '', #1869 ) ;
#1280 = MECHANICAL_DESIGN_GEOMETRIC_PRESENTATION_REPRESENTATION (  '', ( #1072 ), #1174 ) ;
#1281 = EDGE_CURVE ( 'NONE', #1901, #703, #2029, .T. ) ;
#1282 = DIRECTION ( 'NONE',  ( -1.000000000000000000, 0.0000000000000000000, 0.0000000000000000000 ) ) ;
#1283 = DIRECTION ( 'NONE',  ( 1.000000000000000000, 1.084202172485504434E-16, -0.0000000000000000000 ) ) ;
#1284 = AXIS2_PLACEMENT_3D ( 'NONE', #486, #172, #837 ) ;
#1285 = CARTESIAN_POINT ( 'NONE',  ( 1.000000000000000000, 0.0000000000000000000, 0.5100000000000000089 ) ) ;
#1286 = ORIENTED_EDGE ( 'NONE', *, *, #1506, .T. ) ;
#1287 = CARTESIAN_POINT ( 'NONE',  ( 0.5499999999999994893, 0.5500000000000001554, 0.5000000000000000000 ) ) ;
#1288 = ORIENTED_EDGE ( 'NONE', *, *, #1618, .F. ) ;
#1289 = CARTESIAN_POINT ( 'NONE',  ( -0.5500000000000001554, 0.5500000000000001554, 0.5000000000000000000 ) ) ;
#1290 = CARTESIAN_POINT ( 'NONE',  ( 0.6499999999999998002, 0.5500000000000000444, 1.099999999999999867 ) ) ;
#1291 = ADVANCED_FACE ( 'NONE', ( #2092, #1063 ), #41, .T. ) ;
#1292 = LINE ( 'NONE', #1981, #229 ) ;
#1293 = CARTESIAN_POINT ( 'NONE',  ( 1.000000000000000222, -0.5000000000000000000, 0.5100000000000000089 ) ) ;
#1294 =( GEOMETRIC_REPRESENTATION_CONTEXT ( 3 ) GLOBAL_UNCERTAINTY_ASSIGNED_CONTEXT ( ( #828 ) ) GLOBAL_UNIT_ASSIGNED_CONTEXT ( ( #896, #1401, #1574 ) ) REPRESENTATION_CONTEXT ( 'NONE', 'WORKASPACE' ) );
#1295 = DIRECTION ( 'NONE',  ( 0.0000000000000000000, 0.0000000000000000000, 1.000000000000000000 ) ) ;
#1296 = DIRECTION ( 'NONE',  ( -1.000000000000000000, 0.0000000000000000000, 0.0000000000000000000 ) ) ;
#1297 = EDGE_LOOP ( 'NONE', ( #1152, #2003, #2179, #1488 ) ) ;
#1298 = ORIENTED_EDGE ( 'NONE', *, *, #1710, .T. ) ;
#1299 = CARTESIAN_POINT ( 'NONE',  ( -0.5999999999999999778, 0.5000000000000000000, 0.0000000000000000000 ) ) ;
#1300 = FACE_OUTER_BOUND ( 'NONE', #936, .T. ) ;
#1301 = LINE ( 'NONE', #1615, #326 ) ;
#1302 = ADVANCED_FACE ( 'NONE', ( #2045 ), #512, .T. ) ;
#1303 = PRESENTATION_LAYER_ASSIGNMENT (  '', '', ( #315 ) ) ;
#1304 = DIRECTION ( 'NONE',  ( 0.0000000000000000000, 0.0000000000000000000, -1.000000000000000000 ) ) ;
#1305 = DIRECTION ( 'NONE',  ( -1.000000000000000000, 0.0000000000000000000, 0.0000000000000000000 ) ) ;
#1306 = EDGE_LOOP ( 'NONE', ( #1630, #2051, #212, #1917 ) ) ;
#1307 = UNCERTAINTY_MEASURE_WITH_UNIT (LENGTH_MEASURE( 1.000000000000000082E-05 ), #626, 'distance_accuracy_value', 'NONE');
#1308 = VERTEX_POINT ( 'NONE', #722 ) ;
#1309 = FILL_AREA_STYLE ('',( #1823 ) ) ;
#1310 = CARTESIAN_POINT ( 'NONE',  ( -0.6500000000000001332, 0.4500000000000000666, 0.9999999999999997780 ) ) ;
#1311 = SURFACE_SIDE_STYLE ('',( #1991 ) ) ;
#1312 = LINE ( 'NONE', #662, #2064 ) ;
#1313 = UNCERTAINTY_MEASURE_WITH_UNIT (LENGTH_MEASURE( 1.000000000000000082E-05 ), #1007, 'distance_accuracy_value', 'NONE');
#1314 = DIRECTION ( 'NONE',  ( -0.0000000000000000000, 1.000000000000000000, 0.0000000000000000000 ) ) ;
#1315 = DIRECTION ( 'NONE',  ( 0.0000000000000000000, 1.000000000000000000, -0.0000000000000000000 ) ) ;
#1316 = UNCERTAINTY_MEASURE_WITH_UNIT (LENGTH_MEASURE( 1.000000000000000082E-05 ), #1061, 'distance_accuracy_value', 'NONE');
#1317 = ORIENTED_EDGE ( 'NONE', *, *, #890, .T. ) ;
#1318 = VECTOR ( 'NONE', #2082, 1000.000000000000000 ) ;
#1319 = VECTOR ( 'NONE', #951, 1000.000000000000000 ) ;
#1320 = EDGE_CURVE ( 'NONE', #1901, #85, #1555, .T. ) ;
#1321 = VERTEX_POINT ( 'NONE', #1963 ) ;
#1322 = SURFACE_STYLE_USAGE ( .BOTH. , #470 ) ;
#1323 = CARTESIAN_POINT ( 'NONE',  ( 0.5999999999999999778, 0.5000000000000000000, 0.0000000000000000000 ) ) ;
#1324 = CARTESIAN_POINT ( 'NONE',  ( -0.6500000000000001332, 0.4500000000000000666, 1.099999999999999867 ) ) ;
#1325 = CARTESIAN_POINT ( 'NONE',  ( 1.010000000000000009, -0.5000000000000000000, 0.5100000000000000089 ) ) ;
#1326 = ORIENTED_EDGE ( 'NONE', *, *, #1398, .T. ) ;
#1327 =( NAMED_UNIT ( * ) PLANE_ANGLE_UNIT ( ) SI_UNIT ( $, .RADIAN. ) );
#1328 = CARTESIAN_POINT ( 'NONE',  ( 1.000000000000000000, 0.5000000000000000000, 0.5000000000000000000 ) ) ;
#1329 = EDGE_CURVE ( 'NONE', #1698, #39, #770, .T. ) ;
#1330 = ORIENTED_EDGE ( 'NONE', *, *, #1747, .T. ) ;
#1331 = DIRECTION ( 'NONE',  ( 0.0000000000000000000, 0.0000000000000000000, -1.000000000000000000 ) ) ;
#1332 = VECTOR ( 'NONE', #874, 1000.000000000000000 ) ;
#1333 = AXIS2_PLACEMENT_3D ( 'NONE', #84, #1429, #1440 ) ;
#1334 = LINE ( 'NONE', #332, #48 ) ;
#1335 = AXIS2_PLACEMENT_3D ( 'NONE', #699, #1566, #733 ) ;
#1336 = PRESENTATION_STYLE_ASSIGNMENT (( #183 ) ) ;
#1337 = ORIENTED_EDGE ( 'NONE', *, *, #1341, .T. ) ;
#1338 = COLOUR_RGB ( '',0.9803921568627450567, 0.9803921568627450567, 0.5019607843137254832 ) ;
#1339 = ORIENTED_EDGE ( 'NONE', *, *, #1413, .T. ) ;
#1340 = PRESENTATION_LAYER_ASSIGNMENT (  '', '', ( #1845 ) ) ;
#1341 = EDGE_CURVE ( 'NONE', #367, #37, #949, .T. ) ;
#1342 = VECTOR ( 'NONE', #1004, 1000.000000000000000 ) ;
#1343 = PRESENTATION_STYLE_ASSIGNMENT (( #2007 ) ) ;
#1344 = EDGE_CURVE ( 'NONE', #1949, #82, #1752, .T. ) ;
#1345 =( NAMED_UNIT ( * ) SI_UNIT ( $, .STERADIAN. ) SOLID_ANGLE_UNIT ( ) );
#1346 = LINE ( 'NONE', #1677, #886 ) ;
#1347 = CIRCLE ( 'NONE', #1746, 0.1000000000000000472 ) ;
#1348 = DIRECTION ( 'NONE',  ( 0.0000000000000000000, -1.000000000000000000, -0.0000000000000000000 ) ) ;
#1349 = ORIENTED_EDGE ( 'NONE', *, *, #1211, .T. ) ;
#1350 = FACE_OUTER_BOUND ( 'NONE', #1920, .T. ) ;
#1351 = ORIENTED_EDGE ( 'NONE', *, *, #1644, .T. ) ;
#1352 = MECHANICAL_DESIGN_GEOMETRIC_PRESENTATION_REPRESENTATION (  '', ( #1528 ), #1786 ) ;
#1353 = APPLICATION_PROTOCOL_DEFINITION ( 'draft international standard', 'automotive_design', 1998, #612 ) ;
#1354 =( NAMED_UNIT ( * ) SI_UNIT ( $, .STERADIAN. ) SOLID_ANGLE_UNIT ( ) );
#1355 = EDGE_CURVE ( 'NONE', #37, #392, #1137, .T. ) ;
#1356 = APPLICATION_CONTEXT ( 'automotive_design' ) ;
#1357 = LINE ( 'NONE', #714, #1813 ) ;
#1358 = PLANE ( 'NONE',  #383 ) ;
#1359 = EDGE_LOOP ( 'NONE', ( #1365, #2146, #437, #681, #353, #1196, #1978 ) ) ;
#1360 = PLANE ( 'NONE',  #1726 ) ;
#1361 = PRESENTATION_LAYER_ASSIGNMENT (  '', '', ( #2195 ) ) ;
#1362 = FILL_AREA_STYLE ('',( #990 ) ) ;
#1363 = VERTEX_POINT ( 'NONE', #1613 ) ;
#1364 = LINE ( 'NONE', #1550, #115 ) ;
#1365 = ORIENTED_EDGE ( 'NONE', *, *, #1887, .F. ) ;
#1366 = CARTESIAN_POINT ( 'NONE',  ( -0.9899999999999999911, -0.6149999999999999911, 0.5000000000000000000 ) ) ;
#1367 = CARTESIAN_POINT ( 'NONE',  ( -1.010000000000000009, 0.5000000000000000000, 0.5100000000000000089 ) ) ;
#1368 = SURFACE_SIDE_STYLE ('',( #206 ) ) ;
#1369 = EDGE_CURVE ( 'NONE', #679, #1308, #1236, .T. ) ;
#1370 = SURFACE_SIDE_STYLE ('',( #1702 ) ) ;
#1371 = ORIENTED_EDGE ( 'NONE', *, *, #1134, .F. ) ;
#1372 = FILL_AREA_STYLE_COLOUR ( '', #1893 ) ;
#1373 = AXIS2_PLACEMENT_3D ( 'NONE', #1673, #466, #2028 ) ;
#1374 = CARTESIAN_POINT ( 'NONE',  ( 0.5499999999999997113, 0.4500000000000000666, 1.099999999999999867 ) ) ;
#1375 = AXIS2_PLACEMENT_3D ( 'NONE', #124, #1092, #99 ) ;
#1376 = ORIENTED_EDGE ( 'NONE', *, *, #1281, .F. ) ;
#1377 = PRESENTATION_STYLE_ASSIGNMENT (( #2052 ) ) ;
#1378 = AXIS2_PLACEMENT_3D ( 'NONE', #1575, #1626, #1074 ) ;
#1379 = ORIENTED_EDGE ( 'NONE', *, *, #1197, .F. ) ;
#1380 = VECTOR ( 'NONE', #1162, 1000.000000000000000 ) ;
#1381 =( NAMED_UNIT ( * ) SI_UNIT ( $, .STERADIAN. ) SOLID_ANGLE_UNIT ( ) );
#1382 = SURFACE_STYLE_FILL_AREA ( #190 ) ;
#1383 = CARTESIAN_POINT ( 'NONE',  ( 0.6499999999999998002, -0.5000000000000000000, 0.5100000000000000089 ) ) ;
#1384 = LINE ( 'NONE', #1042, #1601 ) ;
#1385 = EDGE_CURVE ( 'NONE', #964, #44, #1100, .T. ) ;
#1386 =( NAMED_UNIT ( * ) SI_UNIT ( $, .STERADIAN. ) SOLID_ANGLE_UNIT ( ) );
#1387 = EDGE_LOOP ( 'NONE', ( #2191, #479, #2200 ) ) ;
#1388 = FACE_OUTER_BOUND ( 'NONE', #1359, .T. ) ;
#1389 = COLOUR_RGB ( '',0.0000000000000000000, 0.5019607843137254832, 0.0000000000000000000 ) ;
#1390 = FACE_OUTER_BOUND ( 'NONE', #1143, .T. ) ;
#1391 =( NAMED_UNIT ( * ) PLANE_ANGLE_UNIT ( ) SI_UNIT ( $, .RADIAN. ) );
#1392 =( NAMED_UNIT ( * ) PLANE_ANGLE_UNIT ( ) SI_UNIT ( $, .RADIAN. ) );
#1393 = CARTESIAN_POINT ( 'NONE',  ( 0.6499999999999998002, 0.4500000000000003442, 1.058578643762690508 ) ) ;
#1394 = FILL_AREA_STYLE ('',( #1902 ) ) ;
#1395 = CARTESIAN_POINT ( 'NONE',  ( -1.009999999999999787, -0.5000000000000000000, 0.0000000000000000000 ) ) ;
#1396 = ORIENTED_EDGE ( 'NONE', *, *, #641, .T. ) ;
#1397 = FACE_OUTER_BOUND ( 'NONE', #131, .T. ) ;
#1398 = EDGE_CURVE ( 'NONE', #1905, #105, #1257, .T. ) ;
#1399 = EDGE_LOOP ( 'NONE', ( #842, #24, #2004, #1055, #244, #211, #347, #1790 ) ) ;
#1400 = CIRCLE ( 'NONE', #2008, 0.1000000000000000472 ) ;
#1401 =( NAMED_UNIT ( * ) PLANE_ANGLE_UNIT ( ) SI_UNIT ( $, .RADIAN. ) );
#1402 = CARTESIAN_POINT ( 'NONE',  ( -1.010000000000000009, 0.1997498435543818285, 0.0000000000000000000 ) ) ;
#1403 = CARTESIAN_POINT ( 'NONE',  ( 0.6499999999999996891, 0.4843145750511796410, 1.058578643762690286 ) ) ;
#1404 = EDGE_LOOP ( 'NONE', ( #1475, #1263, #700, #2066 ) ) ;
#1405 = LINE ( 'NONE', #1974, #471 ) ;
#1406 = CYLINDRICAL_SURFACE ( 'NONE', #2054, 0.09999999999999999167 ) ;
#1407 = ORIENTED_EDGE ( 'NONE', *, *, #1355, .T. ) ;
#1408 = CARTESIAN_POINT ( 'NONE',  ( -0.5499999999999999334, -0.5500000000000001554, 0.9999999999999997780 ) ) ;
#1409 = VERTEX_POINT ( 'NONE', #1600 ) ;
#1410 = CIRCLE ( 'NONE', #919, 0.1000000000000000472 ) ;
#1411 = PLANE ( 'NONE',  #223 ) ;
#1412 = VECTOR ( 'NONE', #1118, 1000.000000000000000 ) ;
#1413 = EDGE_CURVE ( 'NONE', #888, #876, #1946, .T. ) ;
#1414 = DIRECTION ( 'NONE',  ( -1.000000000000000000, -0.0000000000000000000, 0.0000000000000000000 ) ) ;
#1415 = FACE_OUTER_BOUND ( 'NONE', #549, .T. ) ;
#1416 = ORIENTED_EDGE ( 'NONE', *, *, #956, .F. ) ;
#1417 = DIRECTION ( 'NONE',  ( 0.0000000000000000000, 0.0000000000000000000, 1.000000000000000000 ) ) ;
#1418 = ORIENTED_EDGE ( 'NONE', *, *, #859, .T. ) ;
#1419 = DIRECTION ( 'NONE',  ( 0.0000000000000000000, 0.0000000000000000000, -1.000000000000000000 ) ) ;
#1420 = DIRECTION ( 'NONE',  ( -1.000000000000000000, 0.0000000000000000000, 0.0000000000000000000 ) ) ;
#1421 = CARTESIAN_POINT ( 'NONE',  ( -0.5999999999999999778, 0.5000000000000000000, 0.5100000000000000089 ) ) ;
#1422 = VECTOR ( 'NONE', #1578, 1000.000000000000000 ) ;
#1423 = VECTOR ( 'NONE', #568, 1000.000000000000000 ) ;
#1424 = SURFACE_STYLE_FILL_AREA ( #1087 ) ;
#1425 = EDGE_CURVE ( 'NONE', #227, #1858, #1170, .T. ) ;
#1426 = FACE_OUTER_BOUND ( 'NONE', #21, .T. ) ;
#1427 = EDGE_LOOP ( 'NONE', ( #145, #1572, #2118, #1749, #1082, #1609, #2096, #12 ) ) ;
#1428 = FILL_AREA_STYLE_COLOUR ( '', #644 ) ;
#1429 = DIRECTION ( 'NONE',  ( 0.0000000000000000000, 0.0000000000000000000, -1.000000000000000000 ) ) ;
#1430 = ORIENTED_EDGE ( 'NONE', *, *, #329, .T. ) ;
#1431 = LINE ( 'NONE', #414, #2022 ) ;
#1432 = CARTESIAN_POINT ( 'NONE',  ( 0.6085786437626905521, -0.5085786437620750666, 1.100000000000673550 ) ) ;
#1433 = DIRECTION ( 'NONE',  ( -1.000000000000000000, -0.0000000000000000000, -0.0000000000000000000 ) ) ;
#1434 = STYLED_ITEM ( 'NONE', ( #1003 ), #2006 ) ;
#1435 = DIRECTION ( 'NONE',  ( 0.0000000000000000000, 0.0000000000000000000, -1.000000000000000000 ) ) ;
#1436 = SURFACE_STYLE_FILL_AREA ( #953 ) ;
#1437 = VERTEX_POINT ( 'NONE', #1096 ) ;
#1438 = FILL_AREA_STYLE_COLOUR ( '', #1706 ) ;
#1439 = ADVANCED_FACE ( 'NONE', ( #406 ), #1776, .F. ) ;
#1440 = DIRECTION ( 'NONE',  ( -1.000000000000000000, 0.0000000000000000000, 0.0000000000000000000 ) ) ;
#1441 = ORIENTED_EDGE ( 'NONE', *, *, #2090, .T. ) ;
#1442 = ADVANCED_FACE ( 'NONE', ( #742 ), #1411, .F. ) ;
#1443 = AXIS2_PLACEMENT_3D ( 'NONE', #283, #1967, #1296 ) ;
#1444 = FILL_AREA_STYLE ('',( #2150 ) ) ;
#1445 = VECTOR ( 'NONE', #2059, 1000.000000000000000 ) ;
#1446 = FILL_AREA_STYLE ('',( #1279 ) ) ;
#1447 = CARTESIAN_POINT ( 'NONE',  ( -0.9999999999999997780, -0.6250000000000000000, 0.01000000000000000021 ) ) ;
#1448 = CIRCLE ( 'NONE', #2171, 0.09999999999999999167 ) ;
#1449 = VECTOR ( 'NONE', #1977, 1000.000000000000000 ) ;
#1450 =( LENGTH_UNIT ( ) NAMED_UNIT ( * ) SI_UNIT ( .MILLI., .METRE. ) );
#1451 = COLOUR_RGB ( '',0.0000000000000000000, 0.5019607843137254832, 0.0000000000000000000 ) ;
#1452 = FILL_AREA_STYLE ('',( #2132 ) ) ;
#1453 = ORIENTED_EDGE ( 'NONE', *, *, #1939, .F. ) ;
#1454 = SURFACE_STYLE_FILL_AREA ( #756 ) ;
#1455 = EDGE_CURVE ( 'NONE', #1695, #367, #1064, .T. ) ;
#1456 = CARTESIAN_POINT ( 'NONE',  ( -1.000000000000000000, 0.6250000000000000000, 0.5000000000000000000 ) ) ;
#1457 = DIRECTION ( 'NONE',  ( 0.0000000000000000000, 0.0000000000000000000, 1.000000000000000000 ) ) ;
#1458 = AXIS2_PLACEMENT_3D ( 'NONE', #786, #1479, #760 ) ;
#1459 = DIRECTION ( 'NONE',  ( 0.0000000000000000000, 0.0000000000000000000, -1.000000000000000000 ) ) ;
#1460 = LINE ( 'NONE', #103, #235 ) ;
#1461 = VECTOR ( 'NONE', #870, 1000.000000000000000 ) ;
#1462 =( NAMED_UNIT ( * ) SI_UNIT ( $, .STERADIAN. ) SOLID_ANGLE_UNIT ( ) );
#1463 = SURFACE_SIDE_STYLE ('',( #1275 ) ) ;
#1464 = EDGE_LOOP ( 'NONE', ( #1474, #1861, #1115, #1052 ) ) ;
#1465 = FILL_AREA_STYLE_COLOUR ( '', #777 ) ;
#1466 = UNCERTAINTY_MEASURE_WITH_UNIT (LENGTH_MEASURE( 1.000000000000000082E-05 ), #1204, 'distance_accuracy_value', 'NONE');
#1467 = EDGE_LOOP ( 'NONE', ( #2071, #1349, #1330, #762 ) ) ;
#1468 = ADVANCED_FACE ( 'NONE', ( #999 ), #821, .F. ) ;
#1469 = PLANE ( 'NONE',  #867 ) ;
#1470 = CARTESIAN_POINT ( 'NONE',  ( -0.9899999999999999911, -0.6149999999999999911, 0.5010000000000000009 ) ) ;
#1471 =( GEOMETRIC_REPRESENTATION_CONTEXT ( 3 ) GLOBAL_UNCERTAINTY_ASSIGNED_CONTEXT ( ( #2178 ) ) GLOBAL_UNIT_ASSIGNED_CONTEXT ( ( #1158, #316, #1684 ) ) REPRESENTATION_CONTEXT ( 'NONE', 'WORKASPACE' ) );
#1472 = FACE_OUTER_BOUND ( 'NONE', #1089, .T. ) ;
#1473 = CARTESIAN_POINT ( 'NONE',  ( -0.6499999999999998002, -0.4500000000000000111, 0.9999999999999998890 ) ) ;
#1474 = ORIENTED_EDGE ( 'NONE', *, *, #174, .T. ) ;
#1475 = ORIENTED_EDGE ( 'NONE', *, *, #1787, .T. ) ;
#1476 = FACE_OUTER_BOUND ( 'NONE', #522, .T. ) ;
#1477 = CARTESIAN_POINT ( 'NONE',  ( -1.010000000000000009, 0.5000000000000000000, 0.5100000000000000089 ) ) ;
#1478 = VECTOR ( 'NONE', #336, 1000.000000000000000 ) ;
#1479 = DIRECTION ( 'NONE',  ( 0.0000000000000000000, 0.0000000000000000000, -1.000000000000000000 ) ) ;
#1480 = LINE ( 'NONE', #639, #1342 ) ;
#1481 = EDGE_CURVE ( 'NONE', #820, #1901, #186, .T. ) ;
#1482 = LINE ( 'NONE', #640, #1564 ) ;
#1483 = MECHANICAL_DESIGN_GEOMETRIC_PRESENTATION_REPRESENTATION (  '', ( #2026 ), #1516 ) ;
#1484 =( NAMED_UNIT ( * ) PLANE_ANGLE_UNIT ( ) SI_UNIT ( $, .RADIAN. ) );
#1485 = ORIENTED_EDGE ( 'NONE', *, *, #764, .F. ) ;
#1486 = LINE ( 'NONE', #1832, #706 ) ;
#1487 = AXIS2_PLACEMENT_3D ( 'NONE', #1367, #1522, #214 ) ;
#1488 = ORIENTED_EDGE ( 'NONE', *, *, #443, .F. ) ;
#1489 = CARTESIAN_POINT ( 'NONE',  ( -0.5500000000000001554, 0.4499999999996171507, 1.099999999999999867 ) ) ;
#1490 = CARTESIAN_POINT ( 'NONE',  ( -0.7099999999999999645, 0.6149999999999999911, 0.5010000000000000009 ) ) ;
#1491 = UNCERTAINTY_MEASURE_WITH_UNIT (LENGTH_MEASURE( 1.000000000000000082E-05 ), #1697, 'distance_accuracy_value', 'NONE');
#1492 = EDGE_CURVE ( 'NONE', #61, #85, #1526, .T. ) ;
#1493 = DIRECTION ( 'NONE',  ( 0.0000000000000000000, 0.0000000000000000000, 1.000000000000000000 ) ) ;
#1494 = PRODUCT_DEFINITION_CONTEXT ( 'detailed design', #1356, 'design' ) ;
#1495 = ORIENTED_EDGE ( 'NONE', *, *, #2087, .F. ) ;
#1496 = CARTESIAN_POINT ( 'NONE',  ( -0.6366025403784439929, 0.5000000000000000000, 0.5000000000000000000 ) ) ;
#1497 = CARTESIAN_POINT ( 'NONE',  ( 1.010000000000000009, -0.5000000000000000000, 0.5100000000000000089 ) ) ;
#1498 = ORIENTED_EDGE ( 'NONE', *, *, #1047, .T. ) ;
#1499 = DIRECTION ( 'NONE',  ( -0.0000000000000000000, -0.0000000000000000000, 1.000000000000000000 ) ) ;
#1500 = DIRECTION ( 'NONE',  ( 1.000000000000000000, 0.0000000000000000000, -0.0000000000000000000 ) ) ;
#1501 = CARTESIAN_POINT ( 'NONE',  ( -0.7099999999999999645, -0.5100000000000000089, 0.5000000000000000000 ) ) ;
#1502 = SURFACE_SIDE_STYLE ('',( #1185 ) ) ;
#1503 = VERTEX_POINT ( 'NONE', #1328 ) ;
#1504 = COLOUR_RGB ( '',0.9803921568627450567, 0.9803921568627450567, 0.5019607843137254832 ) ;
#1505 = LINE ( 'NONE', #830, #1230 ) ;
#1506 = EDGE_CURVE ( 'NONE', #195, #225, #1168, .T. ) ;
#1507 = PRESENTATION_STYLE_ASSIGNMENT (( #1322 ) ) ;
#1508 = EDGE_CURVE ( 'NONE', #1538, #596, #797, .T. ) ;
#1509 = FACE_OUTER_BOUND ( 'NONE', #1560, .T. ) ;
#1510 = FACE_OUTER_BOUND ( 'NONE', #779, .T. ) ;
#1511 = VECTOR ( 'NONE', #1015, 1000.000000000000000 ) ;
#1512 = DIRECTION ( 'NONE',  ( 0.0000000000000000000, 0.0000000000000000000, 1.000000000000000000 ) ) ;
#1513 = CARTESIAN_POINT ( 'NONE',  ( -0.7099999999999999645, -0.6250000000000000000, 0.5000000000000000000 ) ) ;
#1514 = ORIENTED_EDGE ( 'NONE', *, *, #1923, .T. ) ;
#1515 = ORIENTED_EDGE ( 'NONE', *, *, #1222, .F. ) ;
#1516 =( GEOMETRIC_REPRESENTATION_CONTEXT ( 3 ) GLOBAL_UNCERTAINTY_ASSIGNED_CONTEXT ( ( #2166 ) ) GLOBAL_UNIT_ASSIGNED_CONTEXT ( ( #1848, #1155, #692 ) ) REPRESENTATION_CONTEXT ( 'NONE', 'WORKASPACE' ) );
#1517 = DIRECTION ( 'NONE',  ( 0.0000000000000000000, 1.000000000000000000, 0.0000000000000000000 ) ) ;
#1518 = SURFACE_STYLE_FILL_AREA ( #1023 ) ;
#1519 = ADVANCED_FACE ( 'NONE', ( #1472 ), #1083, .F. ) ;
#1520 = EDGE_LOOP ( 'NONE', ( #456, #2165, #1716, #516 ) ) ;
#1521 = SURFACE_SIDE_STYLE ('',( #675 ) ) ;
#1522 = DIRECTION ( 'NONE',  ( 1.000000000000000000, 2.168404344971008868E-16, -0.0000000000000000000 ) ) ;
#1523 =( NAMED_UNIT ( * ) PLANE_ANGLE_UNIT ( ) SI_UNIT ( $, .RADIAN. ) );
#1524 = LINE ( 'NONE', #1383, #1445 ) ;
#1525 = CARTESIAN_POINT ( 'NONE',  ( -1.000000000000000000, 0.6250000000000000000, 0.5000000000000000000 ) ) ;
#1526 = LINE ( 'NONE', #2190, #1590 ) ;
#1527 = ORIENTED_EDGE ( 'NONE', *, *, #1208, .T. ) ;
#1528 = STYLED_ITEM ( 'NONE', ( #663 ), #1654 ) ;
#1529 = CYLINDRICAL_SURFACE ( 'NONE', #1692, 0.1000000000000000472 ) ;
#1530 = ORIENTED_EDGE ( 'NONE', *, *, #247, .F. ) ;
#1531 = EDGE_CURVE ( 'NONE', #964, #669, #815, .T. ) ;
#1532 =( LENGTH_UNIT ( ) NAMED_UNIT ( * ) SI_UNIT ( .MILLI., .METRE. ) );
#1533 = DIRECTION ( 'NONE',  ( -1.000000000000000000, 0.0000000000000000000, 0.0000000000000000000 ) ) ;
#1534 = LINE ( 'NONE', #2070, #1232 ) ;
#1535 = VECTOR ( 'NONE', #297, 1000.000000000000000 ) ;
#1536 = ORIENTED_EDGE ( 'NONE', *, *, #174, .F. ) ;
#1537 = LINE ( 'NONE', #893, #181 ) ;
#1538 = VERTEX_POINT ( 'NONE', #1807 ) ;
#1539 =( GEOMETRIC_REPRESENTATION_CONTEXT ( 3 ) GLOBAL_UNCERTAINTY_ASSIGNED_CONTEXT ( ( #2010 ) ) GLOBAL_UNIT_ASSIGNED_CONTEXT ( ( #2144, #58, #597 ) ) REPRESENTATION_CONTEXT ( 'NONE', 'WORKASPACE' ) );
#1540 = CYLINDRICAL_SURFACE ( 'NONE', #1573, 0.2000000000000000944 ) ;
#1541 = DIRECTION ( 'NONE',  ( -1.971276677246371272E-16, 1.000000000000000000, 0.0000000000000000000 ) ) ;
#1542 = CARTESIAN_POINT ( 'NONE',  ( -1.009999999999999787, -0.5000000000000000000, 0.5100000000000000089 ) ) ;
#1543 = EDGE_CURVE ( 'NONE', #601, #693, #148, .T. ) ;
#1544 = LINE ( 'NONE', #32, #1653 ) ;
#1545 = ORIENTED_EDGE ( 'NONE', *, *, #1341, .F. ) ;
#1546 = CARTESIAN_POINT ( 'NONE',  ( 1.000000000000000000, 0.6250000000000000000, 0.5000000000000000000 ) ) ;
#1547 = VECTOR ( 'NONE', #1259, 1000.000000000000000 ) ;
#1548 = DIRECTION ( 'NONE',  ( 1.000000000000000000, 0.0000000000000000000, 0.0000000000000000000 ) ) ;
#1549 = ORIENTED_EDGE ( 'NONE', *, *, #94, .T. ) ;
#1550 = CARTESIAN_POINT ( 'NONE',  ( 1.000000000000000222, 0.6149999999999999911, 0.5000000000000000000 ) ) ;
#1551 = VECTOR ( 'NONE', #1009, 1000.000000000000000 ) ;
#1552 = ORIENTED_EDGE ( 'NONE', *, *, #164, .T. ) ;
#1553 = COLOUR_RGB ( '',0.0000000000000000000, 0.5019607843137254832, 0.0000000000000000000 ) ;
#1554 = SURFACE_SIDE_STYLE ('',( #536 ) ) ;
#1555 = LINE ( 'NONE', #382, #561 ) ;
#1556 = CARTESIAN_POINT ( 'NONE',  ( 0.6500000000000000222, -0.4500000000000000111, 0.9999999999999997780 ) ) ;
#1557 = ORIENTED_EDGE ( 'NONE', *, *, #333, .T. ) ;
#1558 =( LENGTH_UNIT ( ) NAMED_UNIT ( * ) SI_UNIT ( .MILLI., .METRE. ) );
#1559 = CARTESIAN_POINT ( 'NONE',  ( 0.6000000000000000888, -0.5000000000000000000, 0.5100000000000000089 ) ) ;
#1560 = EDGE_LOOP ( 'NONE', ( #2159, #1514, #1498, #221 ) ) ;
#1561 = CIRCLE ( 'NONE', #7, 0.2000000000000000944 ) ;
#1562 = FILL_AREA_STYLE ('',( #38 ) ) ;
#1563 = PRODUCT_CONTEXT ( 'NONE', #612, 'mechanical' ) ;
#1564 = VECTOR ( 'NONE', #1314, 1000.000000000000000 ) ;
#1565 = DIRECTION ( 'NONE',  ( 1.000000000000000000, 1.971276677246371272E-16, -0.0000000000000000000 ) ) ;
#1566 = DIRECTION ( 'NONE',  ( 0.0000000000000000000, 0.0000000000000000000, -1.000000000000000000 ) ) ;
#1567 = ORIENTED_EDGE ( 'NONE', *, *, #428, .F. ) ;
#1568 = ORIENTED_EDGE ( 'NONE', *, *, #1632, .T. ) ;
#1569 = SURFACE_SIDE_STYLE ('',( #236 ) ) ;
#1570 = PRESENTATION_STYLE_ASSIGNMENT (( #1012 ) ) ;
#1571 = EDGE_CURVE ( 'NONE', #1949, #737, #808, .T. ) ;
#1572 = ORIENTED_EDGE ( 'NONE', *, *, #306, .T. ) ;
#1573 = AXIS2_PLACEMENT_3D ( 'NONE', #1599, #1634, #2126 ) ;
#1574 =( NAMED_UNIT ( * ) SI_UNIT ( $, .STERADIAN. ) SOLID_ANGLE_UNIT ( ) );
#1575 = CARTESIAN_POINT ( 'NONE',  ( 0.5499999999999999334, -0.4500000000000000666, 0.9999999999999997780 ) ) ;
#1576 = PRESENTATION_STYLE_ASSIGNMENT (( #270 ) ) ;
#1577 = VERTEX_POINT ( 'NONE', #926 ) ;
#1578 = DIRECTION ( 'NONE',  ( 0.0000000000000000000, 0.0000000000000000000, -1.000000000000000000 ) ) ;
#1579 = LINE ( 'NONE', #1559, #454 ) ;
#1580 = ORIENTED_EDGE ( 'NONE', *, *, #1742, .T. ) ;
#1581 = FILL_AREA_STYLE ('',( #1264 ) ) ;
#1582 = COLOUR_RGB ( '',0.9803921568627450567, 0.9803921568627450567, 0.5019607843137254832 ) ;
#1583 = PRESENTATION_STYLE_ASSIGNMENT (( #1648 ) ) ;
#1584 = FACE_OUTER_BOUND ( 'NONE', #1387, .T. ) ;
#1585 = STYLED_ITEM ( 'NONE', ( #1377 ), #204 ) ;
#1586 = ADVANCED_FACE ( 'NONE', ( #1597 ), #153, .T. ) ;
#1587 = VECTOR ( 'NONE', #852, 1000.000000000000000 ) ;
#1588 =( NAMED_UNIT ( * ) SI_UNIT ( $, .STERADIAN. ) SOLID_ANGLE_UNIT ( ) );
#1589 =( LENGTH_UNIT ( ) NAMED_UNIT ( * ) SI_UNIT ( .MILLI., .METRE. ) );
#1590 = VECTOR ( 'NONE', #831, 1000.000000000000000 ) ;
#1591 = SURFACE_SIDE_STYLE ('',( #1424 ) ) ;
#1592 = ORIENTED_EDGE ( 'NONE', *, *, #188, .T. ) ;
#1593 = SURFACE_STYLE_USAGE ( .BOTH. , #902 ) ;
#1594 = DIRECTION ( 'NONE',  ( 1.000000000000000000, 0.0000000000000000000, -0.0000000000000000000 ) ) ;
#1595 = ORIENTED_EDGE ( 'NONE', *, *, #627, .T. ) ;
#1596 =( NAMED_UNIT ( * ) SI_UNIT ( $, .STERADIAN. ) SOLID_ANGLE_UNIT ( ) );
#1597 = FACE_OUTER_BOUND ( 'NONE', #1815, .T. ) ;
#1598 = CARTESIAN_POINT ( 'NONE',  ( 0.5499999999999999334, -0.4499999999988501531, 1.100000000000000089 ) ) ;
#1599 = CARTESIAN_POINT ( 'NONE',  ( -1.000000000000000000, 0.0000000000000000000, 0.5200000000000000178 ) ) ;
#1600 = CARTESIAN_POINT ( 'NONE',  ( 0.7999999999999998224, 0.0000000000000000000, 0.0000000000000000000 ) ) ;
#1601 = VECTOR ( 'NONE', #1914, 1000.000000000000000 ) ;
#1602 = EDGE_CURVE ( 'NONE', #1995, #324, #1482, .T. ) ;
#1603 = VECTOR ( 'NONE', #795, 1000.000000000000000 ) ;
#1604 = LINE ( 'NONE', #538, #399 ) ;
#1605 = CARTESIAN_POINT ( 'NONE',  ( -0.9899999999999999911, 0.6149999999999999911, 0.5000000000000000000 ) ) ;
#1606 = EDGE_CURVE ( 'NONE', #820, #61, #476, .T. ) ;
#1607 = ORIENTED_EDGE ( 'NONE', *, *, #2103, .F. ) ;
#1608 = CARTESIAN_POINT ( 'NONE',  ( -0.9999999999999997780, -0.6250000000000000000, 0.5000000000000000000 ) ) ;
#1609 = ORIENTED_EDGE ( 'NONE', *, *, #1197, .T. ) ;
#1610 = PLANE ( 'NONE',  #1373 ) ;
#1611 = LINE ( 'NONE', #287, #1098 ) ;
#1612 = CARTESIAN_POINT ( 'NONE',  ( 1.000000000000000222, 0.5100000000000001199, 0.5000000000000000000 ) ) ;
#1613 = CARTESIAN_POINT ( 'NONE',  ( 0.6366025403784434378, 0.5000000000000000000, 0.5100000000000000089 ) ) ;
#1614 = VECTOR ( 'NONE', #803, 1000.000000000000000 ) ;
#1615 = CARTESIAN_POINT ( 'NONE',  ( -0.6366025403784439929, 0.5000000000000000000, 0.5100000000000000089 ) ) ;
#1616 = DIRECTION ( 'NONE',  ( 0.0000000000000000000, -0.0000000000000000000, 1.000000000000000000 ) ) ;
#1617 = ORIENTED_EDGE ( 'NONE', *, *, #137, .F. ) ;
#1618 = EDGE_CURVE ( 'NONE', #227, #653, #8, .T. ) ;
#1619 =( LENGTH_UNIT ( ) NAMED_UNIT ( * ) SI_UNIT ( .MILLI., .METRE. ) );
#1620 = ORIENTED_EDGE ( 'NONE', *, *, #1866, .F. ) ;
#1621 = PLANE ( 'NONE',  #217 ) ;
#1622 = VECTOR ( 'NONE', #1900, 1000.000000000000000 ) ;
#1623 = FACE_OUTER_BOUND ( 'NONE', #1404, .T. ) ;
#1624 = VECTOR ( 'NONE', #1982, 1000.000000000000000 ) ;
#1625 = CARTESIAN_POINT ( 'NONE',  ( -1.010000000000000009, 0.5000000000000000000, 0.5100000000000000089 ) ) ;
#1626 = DIRECTION ( 'NONE',  ( 0.0000000000000000000, 0.0000000000000000000, -1.000000000000000000 ) ) ;
#1627 = CARTESIAN_POINT ( 'NONE',  ( -0.6366025403784437708, -0.5000000000000000000, 0.5000000000000000000 ) ) ;
#1628 = CARTESIAN_POINT ( 'NONE',  ( -1.010000000000000009, 0.5000000000000000000, 0.5100000000000000089 ) ) ;
#1629 = DIRECTION ( 'NONE',  ( 1.000000000000000000, 1.734723475976807094E-16, -0.0000000000000000000 ) ) ;
#1630 = ORIENTED_EDGE ( 'NONE', *, *, #869, .F. ) ;
#1631 = PRESENTATION_STYLE_ASSIGNMENT (( #276 ) ) ;
#1632 = EDGE_CURVE ( 'NONE', #1538, #367, #686, .T. ) ;
#1633 = CARTESIAN_POINT ( 'NONE',  ( 0.5499999999999999334, -0.5500000000000003775, 0.9999999999999997780 ) ) ;
#1634 = DIRECTION ( 'NONE',  ( 0.0000000000000000000, 0.0000000000000000000, -1.000000000000000000 ) ) ;
#1635 = DIRECTION ( 'NONE',  ( -1.000000000000000000, 0.0000000000000000000, 0.0000000000000000000 ) ) ;
#1636 =( NAMED_UNIT ( * ) SI_UNIT ( $, .STERADIAN. ) SOLID_ANGLE_UNIT ( ) );
#1637 = ORIENTED_EDGE ( 'NONE', *, *, #94, .F. ) ;
#1638 = VERTEX_POINT ( 'NONE', #698 ) ;
#1639 = UNCERTAINTY_MEASURE_WITH_UNIT (LENGTH_MEASURE( 1.000000000000000082E-05 ), #1099, 'distance_accuracy_value', 'NONE');
#1640 = PRODUCT ( '87AFD693-0A62-4FDE-B86C-72A56E643AFC', '87AFD693-0A62-4FDE-B86C-72A56E643AFC', '', ( #1563 ) ) ;
#1641 = ORIENTED_EDGE ( 'NONE', *, *, #1921, .F. ) ;
#1642 = CARTESIAN_POINT ( 'NONE',  ( -0.6085786437626905521, 0.5085786437624858491, 1.100000000000224132 ) ) ;
#1643 =( LENGTH_UNIT ( ) NAMED_UNIT ( * ) SI_UNIT ( .MILLI., .METRE. ) );
#1644 = EDGE_CURVE ( 'NONE', #518, #1682, #1334, .T. ) ;
#1645 = FILL_AREA_STYLE ('',( #269 ) ) ;
#1646 = LINE ( 'NONE', #676, #923 ) ;
#1647 = AXIS2_PLACEMENT_3D ( 'NONE', #77, #50, #2088 ) ;
#1648 = SURFACE_STYLE_USAGE ( .BOTH. , #972 ) ;
#1649 = ORIENTED_EDGE ( 'NONE', *, *, #1618, .T. ) ;
#1650 = ORIENTED_EDGE ( 'NONE', *, *, #1939, .T. ) ;
#1651 = FACE_OUTER_BOUND ( 'NONE', #1104, .T. ) ;
#1652 = VECTOR ( 'NONE', #586, 1000.000000000000000 ) ;
#1653 = VECTOR ( 'NONE', #1195, 1000.000000000000000 ) ;
#1654 = ADVANCED_FACE ( 'NONE', ( #861 ), #1173, .T. ) ;
#1655 = CARTESIAN_POINT ( 'NONE',  ( -0.6000000000000000888, 0.5000000000000000000, 0.01000000000000001929 ) ) ;
#1656 = DIRECTION ( 'NONE',  ( 0.0000000000000000000, -1.000000000000000000, -0.0000000000000000000 ) ) ;
#1657 = COLOUR_RGB ( '',0.3490196078431372362, 0.3490196078431372362, 0.3490196078431372362 ) ;
#1658 = CARTESIAN_POINT ( 'NONE',  ( 0.5499999999999999334, -0.4500000000000001221, 0.9999999999999997780 ) ) ;
#1659 =( GEOMETRIC_REPRESENTATION_CONTEXT ( 3 ) GLOBAL_UNCERTAINTY_ASSIGNED_CONTEXT ( ( #1820 ) ) GLOBAL_UNIT_ASSIGNED_CONTEXT ( ( #1589, #2141, #608 ) ) REPRESENTATION_CONTEXT ( 'NONE', 'WORKASPACE' ) );
#1660 = EDGE_LOOP ( 'NONE', ( #1288, #198, #1041 ) ) ;
#1661 = PRESENTATION_LAYER_ASSIGNMENT (  '', '', ( #2142 ) ) ;
#1662 = ORIENTED_EDGE ( 'NONE', *, *, #1772, .T. ) ;
#1663 = CARTESIAN_POINT ( 'NONE',  ( -0.7099999999999999645, 0.5100000000000000089, 0.5000000000000000000 ) ) ;
#1664 = MECHANICAL_DESIGN_GEOMETRIC_PRESENTATION_REPRESENTATION (  '', ( #2039 ), #1851 ) ;
#1665 = DIRECTION ( 'NONE',  ( -1.000000000000000000, -1.734723475976807094E-16, 0.0000000000000000000 ) ) ;
#1666 = EDGE_CURVE ( 'NONE', #1913, #74, #527, .T. ) ;
#1667 = LINE ( 'NONE', #485, #1380 ) ;
#1668 = UNCERTAINTY_MEASURE_WITH_UNIT (LENGTH_MEASURE( 1.000000000000000082E-05 ), #11, 'distance_accuracy_value', 'NONE');
#1669 = LINE ( 'NONE', #677, #1145 ) ;
#1670 = EDGE_CURVE ( 'NONE', #1169, #176, #1855, .T. ) ;
#1671 = UNCERTAINTY_MEASURE_WITH_UNIT (LENGTH_MEASURE( 1.000000000000000082E-05 ), #1532, 'distance_accuracy_value', 'NONE');
#1672 = ORIENTED_EDGE ( 'NONE', *, *, #589, .T. ) ;
#1673 = CARTESIAN_POINT ( 'NONE',  ( -1.000000000000000000, 0.6250000000000000000, 0.5000000000000000000 ) ) ;
#1674 = MECHANICAL_DESIGN_GEOMETRIC_PRESENTATION_REPRESENTATION (  '', ( #330 ), #858 ) ;
#1675 = VERTEX_POINT ( 'NONE', #1039 ) ;
#1676 = SURFACE_STYLE_FILL_AREA ( #1309 ) ;
#1677 = CARTESIAN_POINT ( 'NONE',  ( -0.9899999999999999911, 0.5100000000000000089, 0.5010000000000000009 ) ) ;
#1678 = LINE ( 'NONE', #513, #1114 ) ;
#1679 = CARTESIAN_POINT ( 'NONE',  ( 1.010000000000000009, 0.5000000000000000000, 0.5100000000000000089 ) ) ;
#1680 = ORIENTED_EDGE ( 'NONE', *, *, #1666, .T. ) ;
#1681 = EDGE_CURVE ( 'NONE', #1156, #2, #1669, .T. ) ;
#1682 = VERTEX_POINT ( 'NONE', #191 ) ;
#1683 = DIRECTION ( 'NONE',  ( -1.000000000000000000, 0.0000000000000000000, 0.0000000000000000000 ) ) ;
#1684 =( NAMED_UNIT ( * ) SI_UNIT ( $, .STERADIAN. ) SOLID_ANGLE_UNIT ( ) );
#1685 =( LENGTH_UNIT ( ) NAMED_UNIT ( * ) SI_UNIT ( .MILLI., .METRE. ) );
#1686 = DIRECTION ( 'NONE',  ( 1.000000000000000000, 0.0000000000000000000, -0.0000000000000000000 ) ) ;
#1687 = VECTOR ( 'NONE', #542, 1000.000000000000000 ) ;
#1688 = DIRECTION ( 'NONE',  ( -1.000000000000000000, -0.0000000000000000000, -0.0000000000000000000 ) ) ;
#1689 = CARTESIAN_POINT ( 'NONE',  ( 1.000000000000000222, 0.5000000000000001110, 0.01000000000000000021 ) ) ;
#1690 = VERTEX_POINT ( 'NONE', #1714 ) ;
#1691 = VECTOR ( 'NONE', #802, 1000.000000000000000 ) ;
#1692 = AXIS2_PLACEMENT_3D ( 'NONE', #1709, #1032, #694 ) ;
#1693 = SURFACE_STYLE_FILL_AREA ( #1362 ) ;
#1694 = EDGE_CURVE ( 'NONE', #876, #293, #1678, .T. ) ;
#1695 = VERTEX_POINT ( 'NONE', #1701 ) ;
#1696 = AXIS2_PLACEMENT_3D ( 'NONE', #340, #203, #1686 ) ;
#1697 =( LENGTH_UNIT ( ) NAMED_UNIT ( * ) SI_UNIT ( .MILLI., .METRE. ) );
#1698 = VERTEX_POINT ( 'NONE', #826 ) ;
#1699 =( LENGTH_UNIT ( ) NAMED_UNIT ( * ) SI_UNIT ( .MILLI., .METRE. ) );
#1700 =( NAMED_UNIT ( * ) SI_UNIT ( $, .STERADIAN. ) SOLID_ANGLE_UNIT ( ) );
#1701 = CARTESIAN_POINT ( 'NONE',  ( -0.6500000000000001332, 0.4500000000000001221, 0.9999999999999997780 ) ) ;
#1702 = SURFACE_STYLE_FILL_AREA ( #352 ) ;
#1703 = ORIENTED_EDGE ( 'NONE', *, *, #1772, .F. ) ;
#1704 = DIRECTION ( 'NONE',  ( -1.734723475976807094E-16, 1.000000000000000000, -0.0000000000000000000 ) ) ;
#1705 = DIRECTION ( 'NONE',  ( 0.0000000000000000000, -1.000000000000000000, 1.224646799147353207E-16 ) ) ;
#1706 = COLOUR_RGB ( '',0.9803921568627450567, 0.9803921568627450567, 0.5019607843137254832 ) ;
#1707 = ORIENTED_EDGE ( 'NONE', *, *, #916, .F. ) ;
#1708 = MECHANICAL_DESIGN_GEOMETRIC_PRESENTATION_REPRESENTATION (  '', ( #1750 ), #615 ) ;
#1709 = CARTESIAN_POINT ( 'NONE',  ( 0.5500000000000001554, -0.5499999999999997113, 0.9999999999999997780 ) ) ;
#1710 = EDGE_CURVE ( 'NONE', #300, #208, #1357, .T. ) ;
#1711 = ORIENTED_EDGE ( 'NONE', *, *, #232, .F. ) ;
#1712 = EDGE_CURVE ( 'NONE', #596, #1091, #128, .T. ) ;
#1713 =( NAMED_UNIT ( * ) PLANE_ANGLE_UNIT ( ) SI_UNIT ( $, .RADIAN. ) );
#1714 = CARTESIAN_POINT ( 'NONE',  ( -0.9999999999999997780, -0.6250000000000000000, 0.5000000000000000000 ) ) ;
#1715 = CARTESIAN_POINT ( 'NONE',  ( 0.6499999999999998002, 0.5085786437626906853, 0.9999999999991016075 ) ) ;
#1716 = ORIENTED_EDGE ( 'NONE', *, *, #1425, .F. ) ;
#1717 = CARTESIAN_POINT ( 'NONE',  ( 1.000000000000000222, -0.6250000000000000000, 0.5000000000000000000 ) ) ;
#1718 = DIRECTION ( 'NONE',  ( 1.000000000000000000, 0.0000000000000000000, -0.0000000000000000000 ) ) ;
#1719 = ORIENTED_EDGE ( 'NONE', *, *, #1281, .T. ) ;
#1720 =( LENGTH_UNIT ( ) NAMED_UNIT ( * ) SI_UNIT ( .MILLI., .METRE. ) );
#1721 = COLOUR_RGB ( '',0.7529411764705882248, 0.0000000000000000000, 0.0000000000000000000 ) ;
#1722 = CYLINDRICAL_SURFACE ( 'NONE', #1133, 0.1000000000000000472 ) ;
#1723 = FILL_AREA_STYLE_COLOUR ( '', #583 ) ;
#1724 = EDGE_CURVE ( 'NONE', #693, #1321, #1194, .T. ) ;
#1725 = PRESENTATION_STYLE_ASSIGNMENT (( #1753 ) ) ;
#1726 = AXIS2_PLACEMENT_3D ( 'NONE', #185, #1892, #375 ) ;
#1727 = VECTOR ( 'NONE', #875, 1000.000000000000000 ) ;
#1728 = CARTESIAN_POINT ( 'NONE',  ( 0.6499999999999996891, 0.5085786437632170420, 1.034314575050280682 ) ) ;
#1729 = VERTEX_POINT ( 'NONE', #1501 ) ;
#1730 = LINE ( 'NONE', #1525, #1318 ) ;
#1731 = MECHANICAL_DESIGN_GEOMETRIC_PRESENTATION_REPRESENTATION (  '', ( #28 ), #2206 ) ;
#1732 = CLOSED_SHELL ( 'NONE', ( #2202, #204, #1439, #794, #127, #741, #294, #569, #1067, #384, #1442, #1958, #2006, #544, #1970, #605, #31, #855, #1144, #17, #1654, #1810, #440, #654, #1252, #1291, #368, #2032, #2174, #1907, #658, #107, #1468, #2153, #502, #1796, #1277, #673, #2073, #2018, #177, #1160, #317, #1519, #1122, #960, #257, #1119, #1586, #1302, #2185, #552, #2136 ) ) ;
#1733 = DIRECTION ( 'NONE',  ( 0.0000000000000000000, -0.0000000000000000000, -1.000000000000000000 ) ) ;
#1734 = PRESENTATION_LAYER_ASSIGNMENT (  '', '', ( #2024 ) ) ;
#1735 = ORIENTED_EDGE ( 'NONE', *, *, #1508, .F. ) ;
#1736 = VECTOR ( 'NONE', #285, 1000.000000000000000 ) ;
#1737 = CARTESIAN_POINT ( 'NONE',  ( -0.5499999999999999334, -0.4500000000000001221, 1.099999999999999867 ) ) ;
#1738 = PRESENTATION_LAYER_ASSIGNMENT (  '', '', ( #994 ) ) ;
#1739 = SURFACE_SIDE_STYLE ('',( #405 ) ) ;
#1740 = CARTESIAN_POINT ( 'NONE',  ( -1.009999999999999787, -0.5000000000000000000, 0.5100000000000000089 ) ) ;
#1741 =( NAMED_UNIT ( * ) SI_UNIT ( $, .STERADIAN. ) SOLID_ANGLE_UNIT ( ) );
#1742 = EDGE_CURVE ( 'NONE', #37, #302, #1878, .T. ) ;
#1743 = CARTESIAN_POINT ( 'NONE',  ( 0.6085786437626902190, 0.5500000000000002665, 0.9999999999984665600 ) ) ;
#1744 = ORIENTED_EDGE ( 'NONE', *, *, #5, .F. ) ;
#1745 = STYLED_ITEM ( 'NONE', ( #1570 ), #569 ) ;
#1746 = AXIS2_PLACEMENT_3D ( 'NONE', #1999, #473, #1435 ) ;
#1747 = EDGE_CURVE ( 'NONE', #1251, #1995, #1604, .T. ) ;
#1748 = CARTESIAN_POINT ( 'NONE',  ( -0.9900000000000002132, -0.6250000000000000000, 0.5000000000000000000 ) ) ;
#1749 = ORIENTED_EDGE ( 'NONE', *, *, #1543, .T. ) ;
#1750 = STYLED_ITEM ( 'NONE', ( #1725 ), #1810 ) ;
#1751 = COLOUR_RGB ( '',0.9803921568627450567, 0.9803921568627450567, 0.5019607843137254832 ) ;
#1752 = LINE ( 'NONE', #1421, #1200 ) ;
#1753 = SURFACE_STYLE_USAGE ( .BOTH. , #2093 ) ;
#1754 = CARTESIAN_POINT ( 'NONE',  ( -0.9899999999999999911, -0.5100000000000000089, 0.5010000000000000009 ) ) ;
#1755 = ORIENTED_EDGE ( 'NONE', *, *, #1508, .T. ) ;
#1756 = DIRECTION ( 'NONE',  ( -1.000000000000000000, 0.0000000000000000000, 0.0000000000000000000 ) ) ;
#1757 = EDGE_CURVE ( 'NONE', #505, #105, #2116, .T. ) ;
#1758 = CARTESIAN_POINT ( 'NONE',  ( -0.5499999999999999334, -0.5085786437626905743, 1.099999999999999867 ) ) ;
#1759 = EDGE_LOOP ( 'NONE', ( #943, #1084, #1078, #924 ) ) ;
#1760 = CARTESIAN_POINT ( 'NONE',  ( -1.010000000000000009, 0.5000000000000000000, 0.0000000000000000000 ) ) ;
#1761 = EDGE_CURVE ( 'NONE', #44, #799, #1766, .T. ) ;
#1762 = SHAPE_DEFINITION_REPRESENTATION ( #954, #2181 ) ;
#1763 = EDGE_LOOP ( 'NONE', ( #187, #1818, #1809, #613 ) ) ;
#1764 = VECTOR ( 'NONE', #266, 1000.000000000000000 ) ;
#1765 = SURFACE_SIDE_STYLE ('',( #1247 ) ) ;
#1766 = LINE ( 'NONE', #2079, #1895 ) ;
#1767 = CARTESIAN_POINT ( 'NONE',  ( 1.010000000000000009, 0.5000000000000000000, 0.5100000000000000089 ) ) ;
#1768 = ORIENTED_EDGE ( 'NONE', *, *, #1182, .F. ) ;
#1769 = PRESENTATION_LAYER_ASSIGNMENT (  '', '', ( #108 ) ) ;
#1770 = ORIENTED_EDGE ( 'NONE', *, *, #1670, .T. ) ;
#1771 = SURFACE_SIDE_STYLE ('',( #766 ) ) ;
#1772 = EDGE_CURVE ( 'NONE', #2133, #1779, #2069, .T. ) ;
#1773 = AXIS2_PLACEMENT_3D ( 'NONE', #519, #226, #357 ) ;
#1774 = AXIS2_PLACEMENT_3D ( 'NONE', #1972, #66, #929 ) ;
#1775 = CARTESIAN_POINT ( 'NONE',  ( -0.6500000000000001332, -0.5500000000000000444, 1.099999999999999867 ) ) ;
#1776 = PLANE ( 'NONE',  #1774 ) ;
#1777 =( NAMED_UNIT ( * ) PLANE_ANGLE_UNIT ( ) SI_UNIT ( $, .RADIAN. ) );
#1778 = LINE ( 'NONE', #1121, #1624 ) ;
#1779 = VERTEX_POINT ( 'NONE', #1402 ) ;
#1780 = CARTESIAN_POINT ( 'NONE',  ( -0.5999999999999998668, -0.5000000000000000000, 0.01000000000000002623 ) ) ;
#1781 = ORIENTED_EDGE ( 'NONE', *, *, #1681, .T. ) ;
#1782 = DIRECTION ( 'NONE',  ( 0.0000000000000000000, -0.0000000000000000000, -1.000000000000000000 ) ) ;
#1783 = CARTESIAN_POINT ( 'NONE',  ( 0.5499999999999999334, -0.4500000000000000666, 0.5000000000000000000 ) ) ;
#1784 = LINE ( 'NONE', #1803, #622 ) ;
#1785 = DIRECTION ( 'NONE',  ( 0.0000000000000000000, 0.0000000000000000000, -1.000000000000000000 ) ) ;
#1786 =( GEOMETRIC_REPRESENTATION_CONTEXT ( 3 ) GLOBAL_UNCERTAINTY_ASSIGNED_CONTEXT ( ( #1466 ) ) GLOBAL_UNIT_ASSIGNED_CONTEXT ( ( #1204, #1523, #1026 ) ) REPRESENTATION_CONTEXT ( 'NONE', 'WORKASPACE' ) );
#1787 = EDGE_CURVE ( 'NONE', #293, #1675, #1947, .T. ) ;
#1788 = DIRECTION ( 'NONE',  ( -0.0000000000000000000, -1.000000000000000000, -0.0000000000000000000 ) ) ;
#1789 = DIRECTION ( 'NONE',  ( -0.0000000000000000000, 0.0000000000000000000, 1.000000000000000000 ) ) ;
#1790 = ORIENTED_EDGE ( 'NONE', *, *, #589, .F. ) ;
#1791 = PRESENTATION_STYLE_ASSIGNMENT (( #1593 ) ) ;
#1792 = CARTESIAN_POINT ( 'NONE',  ( -0.6500000000000000222, -0.4500000000000001221, 0.5100000000000000089 ) ) ;
#1793 = EDGE_LOOP ( 'NONE', ( #560, #1020, #1545, #575 ) ) ;
#1794 = STYLED_ITEM ( 'NONE', ( #1343 ), #2202 ) ;
#1795 =( BOUNDED_SURFACE ( )  B_SPLINE_SURFACE ( 3, 3, ( 
 ( #277, #79, #749, #1267 ),
 ( #1989, #100, #962, #917 ),
 ( #2161, #1432, #768, #927 ),
 ( #1598, #459, #1979, #1633 ) ),
 .UNSPECIFIED., .F., .F., .T. ) 
 B_SPLINE_SURFACE_WITH_KNOTS ( ( 4, 4 ),
 ( 4, 4 ),
 ( 0.0000000000000000000, 1.000000000000000000 ),
 ( 0.0000000000000000000, 1.000000000000000000 ),
 .UNSPECIFIED. ) 
 GEOMETRIC_REPRESENTATION_ITEM ( )  RATIONAL_B_SPLINE_SURFACE ( (
 ( 1.000000000000000000, 0.8047378541216545500, 0.8047378541216545500, 1.000000000000000000),
 ( 0.8047378541243646044, 0.6476030138585062712, 0.6476030138585062712, 0.8047378541243646044),
 ( 0.8047378541243646044, 0.6476030138585062712, 0.6476030138585062712, 0.8047378541243646044),
 ( 1.000000000000000000, 0.8047378541216545500, 0.8047378541216545500, 1.000000000000000000) ) ) 
 REPRESENTATION_ITEM ( '' )  SURFACE ( )  );
#1796 = ADVANCED_FACE ( 'NONE', ( #558 ), #753, .F. ) ;
#1797 = DIRECTION ( 'NONE',  ( 0.0000000000000000000, 1.000000000000000000, 0.0000000000000000000 ) ) ;
#1798 = SURFACE_STYLE_USAGE ( .BOTH. , #1950 ) ;
#1799 = ORIENTED_EDGE ( 'NONE', *, *, #1909, .F. ) ;
#1800 = CYLINDRICAL_SURFACE ( 'NONE', #812, 0.09999999999999999167 ) ;
#1801 = VECTOR ( 'NONE', #1846, 1000.000000000000000 ) ;
#1802 = CARTESIAN_POINT ( 'NONE',  ( -0.9999999999999997780, -0.5000000000000000000, 0.5000000000000000000 ) ) ;
#1803 = CARTESIAN_POINT ( 'NONE',  ( -0.9899999999999999911, -0.5100000000000000089, 0.5010000000000000009 ) ) ;
#1804 = LINE ( 'NONE', #979, #1859 ) ;
#1805 = DIRECTION ( 'NONE',  ( 0.0000000000000000000, -0.0000000000000000000, -1.000000000000000000 ) ) ;
#1806 = MECHANICAL_DESIGN_GEOMETRIC_PRESENTATION_REPRESENTATION (  '', ( #746 ), #1659 ) ;
#1807 = CARTESIAN_POINT ( 'NONE',  ( -0.5500000000000001554, 0.4499999999998084421, 1.099999999999999867 ) ) ;
#1808 = PRESENTATION_STYLE_ASSIGNMENT (( #2158 ) ) ;
#1809 = ORIENTED_EDGE ( 'NONE', *, *, #584, .F. ) ;
#1810 = ADVANCED_FACE ( 'NONE', ( #1899 ), #55, .F. ) ;
#1811 = LINE ( 'NONE', #325, #147 ) ;
#1812 = CARTESIAN_POINT ( 'NONE',  ( -1.000000000000000000, 0.5000000000000000000, 0.01000000000000001929 ) ) ;
#1813 = VECTOR ( 'NONE', #341, 1000.000000000000000 ) ;
#1814 = SURFACE_STYLE_USAGE ( .BOTH. , #1149 ) ;
#1815 = EDGE_LOOP ( 'NONE', ( #1770, #581, #1932, #110 ) ) ;
#1816 = DIRECTION ( 'NONE',  ( 1.000000000000000000, -0.0000000000000000000, 0.0000000000000000000 ) ) ;
#1817 = LINE ( 'NONE', #141, #380 ) ;
#1818 = ORIENTED_EDGE ( 'NONE', *, *, #443, .T. ) ;
#1819 = DIRECTION ( 'NONE',  ( -0.0000000000000000000, 0.0000000000000000000, -1.000000000000000000 ) ) ;
#1820 = UNCERTAINTY_MEASURE_WITH_UNIT (LENGTH_MEASURE( 1.000000000000000082E-05 ), #1589, 'distance_accuracy_value', 'NONE');
#1821 = EDGE_CURVE ( 'NONE', #402, #1169, #1076, .T. ) ;
#1822 = ORIENTED_EDGE ( 'NONE', *, *, #818, .F. ) ;
#1823 = FILL_AREA_STYLE_COLOUR ( '', #72 ) ;
#1824 = CARTESIAN_POINT ( 'NONE',  ( 1.000000000000000000, 0.0000000000000000000, 0.5200000000000000178 ) ) ;
#1825 = PRESENTATION_LAYER_ASSIGNMENT (  '', '', ( #1944 ) ) ;
#1826 =( NAMED_UNIT ( * ) PLANE_ANGLE_UNIT ( ) SI_UNIT ( $, .RADIAN. ) );
#1827 = UNCERTAINTY_MEASURE_WITH_UNIT (LENGTH_MEASURE( 1.000000000000000082E-05 ), #1250, 'distance_accuracy_value', 'NONE');
#1828 = DIRECTION ( 'NONE',  ( -1.000000000000000000, 0.0000000000000000000, 0.0000000000000000000 ) ) ;
#1829 = LINE ( 'NONE', #984, #553 ) ;
#1830 = UNCERTAINTY_MEASURE_WITH_UNIT (LENGTH_MEASURE( 1.000000000000000082E-05 ), #695, 'distance_accuracy_value', 'NONE');
#1831 = VERTEX_POINT ( 'NONE', #971 ) ;
#1832 = CARTESIAN_POINT ( 'NONE',  ( 0.5999999999999999778, 0.5000000000000000000, 0.5000000000000000000 ) ) ;
#1833 = PRESENTATION_STYLE_ASSIGNMENT (( #323 ) ) ;
#1834 = CARTESIAN_POINT ( 'NONE',  ( -0.6500000000000000222, 0.4500000000000001776, 0.9999999999999995559 ) ) ;
#1835 = EDGE_CURVE ( 'NONE', #623, #367, #1140, .T. ) ;
#1836 = CYLINDRICAL_SURFACE ( 'NONE', #1086, 0.2000000000000002054 ) ;
#1837 =( GEOMETRIC_REPRESENTATION_CONTEXT ( 3 ) GLOBAL_UNCERTAINTY_ASSIGNED_CONTEXT ( ( #2176 ) ) GLOBAL_UNIT_ASSIGNED_CONTEXT ( ( #133, #1484, #2199 ) ) REPRESENTATION_CONTEXT ( 'NONE', 'WORKASPACE' ) );
#1838 = STYLED_ITEM ( 'NONE', ( #474 ), #1144 ) ;
#1839 = EDGE_CURVE ( 'NONE', #1363, #829, #963, .T. ) ;
#1840 = LINE ( 'NONE', #2207, #833 ) ;
#1841 = STYLED_ITEM ( 'NONE', ( #427 ), #384 ) ;
#1842 = PLANE ( 'NONE',  #1487 ) ;
#1843 = VECTOR ( 'NONE', #2086, 1000.000000000000000 ) ;
#1844 = SURFACE_STYLE_USAGE ( .BOTH. , #1368 ) ;
#1845 = STYLED_ITEM ( 'NONE', ( #628 ), #1519 ) ;
#1846 = DIRECTION ( 'NONE',  ( -0.0000000000000000000, 0.0000000000000000000, 1.000000000000000000 ) ) ;
#1847 = EDGE_LOOP ( 'NONE', ( #1707, #2203, #1396, #435 ) ) ;
#1848 =( LENGTH_UNIT ( ) NAMED_UNIT ( * ) SI_UNIT ( .MILLI., .METRE. ) );
#1849 = ORIENTED_EDGE ( 'NONE', *, *, #869, .T. ) ;
#1850 = PLANE ( 'NONE',  #1773 ) ;
#1851 =( GEOMETRIC_REPRESENTATION_CONTEXT ( 3 ) GLOBAL_UNCERTAINTY_ASSIGNED_CONTEXT ( ( #985 ) ) GLOBAL_UNIT_ASSIGNED_CONTEXT ( ( #1699, #1172, #1345 ) ) REPRESENTATION_CONTEXT ( 'NONE', 'WORKASPACE' ) );
#1852 = FILL_AREA_STYLE ('',( #661 ) ) ;
#1853 = PRESENTATION_STYLE_ASSIGNMENT (( #1814 ) ) ;
#1854 = EDGE_CURVE ( 'NONE', #263, #252, #1271, .T. ) ;
#1855 = LINE ( 'NONE', #1890, #1248 ) ;
#1856 = PRESENTATION_LAYER_ASSIGNMENT (  '', '', ( #539 ) ) ;
#1857 = LINE ( 'NONE', #2036, #705 ) ;
#1858 = VERTEX_POINT ( 'NONE', #1973 ) ;
#1859 = VECTOR ( 'NONE', #298, 1000.000000000000000 ) ;
#1860 = CARTESIAN_POINT ( 'NONE',  ( -1.000000000000000000, 0.6250000000000000000, 0.5000000000000000000 ) ) ;
#1861 = ORIENTED_EDGE ( 'NONE', *, *, #905, .T. ) ;
#1862 = CARTESIAN_POINT ( 'NONE',  ( -0.6500000000000001332, 0.4843145750506424596, 1.058578643762821736 ) ) ;
#1863 = DIRECTION ( 'NONE',  ( -1.000000000000000000, 0.0000000000000000000, 0.0000000000000000000 ) ) ;
#1864 =( NAMED_UNIT ( * ) PLANE_ANGLE_UNIT ( ) SI_UNIT ( $, .RADIAN. ) );
#1865 = FILL_AREA_STYLE_COLOUR ( '', #119 ) ;
#1866 = EDGE_CURVE ( 'NONE', #1858, #1538, #120, .T. ) ;
#1867 = LINE ( 'NONE', #1994, #1163 ) ;
#1868 = ORIENTED_EDGE ( 'NONE', *, *, #1897, .T. ) ;
#1869 = COLOUR_RGB ( '',0.0000000000000000000, 0.5019607843137254832, 0.0000000000000000000 ) ;
#1870 = SURFACE_SIDE_STYLE ('',( #196 ) ) ;
#1871 = SURFACE_SIDE_STYLE ('',( #1693 ) ) ;
#1872 = ORIENTED_EDGE ( 'NONE', *, *, #219, .F. ) ;
#1873 = CARTESIAN_POINT ( 'NONE',  ( -0.7099999999999999645, 0.6149999999999999911, 0.5000000000000000000 ) ) ;
#1874 = PRESENTATION_STYLE_ASSIGNMENT (( #1190 ) ) ;
#1875 = FILL_AREA_STYLE ('',( #2020 ) ) ;
#1876 = FACE_OUTER_BOUND ( 'NONE', #1297, .T. ) ;
#1877 = COLOUR_RGB ( '',0.3490196078431372362, 0.3490196078431372362, 0.3490196078431372362 ) ;
#1878 = LINE ( 'NONE', #2198, #1423 ) ;
#1879 = CARTESIAN_POINT ( 'NONE',  ( -0.5500000000000001554, 0.4500000000000001221, 0.5100000000000000089 ) ) ;
#1880 = EDGE_LOOP ( 'NONE', ( #1925, #1209, #1649, #814, #880, #1441 ) ) ;
#1881 = PRODUCT_DEFINITION ( 'UNKNOWN', '', #1125, #1494 ) ;
#1882 = AXIS2_PLACEMENT_3D ( 'NONE', #2154, #1433, #1785 ) ;
#1883 = CARTESIAN_POINT ( 'NONE',  ( -0.6085786437626904410, -0.5500000000000001554, 0.9999999999999995559 ) ) ;
#1884 = ORIENTED_EDGE ( 'NONE', *, *, #1757, .T. ) ;
#1885 = PRESENTATION_LAYER_ASSIGNMENT (  '', '', ( #391 ) ) ;
#1886 = DIRECTION ( 'NONE',  ( -0.0000000000000000000, -0.0000000000000000000, 1.000000000000000000 ) ) ;
#1887 = EDGE_CURVE ( 'NONE', #85, #1409, #125, .T. ) ;
#1888 = CARTESIAN_POINT ( 'NONE',  ( 0.6499999999999999112, -0.4500000000000000111, 0.5100000000000000089 ) ) ;
#1889 = LINE ( 'NONE', #1740, #782 ) ;
#1890 = CARTESIAN_POINT ( 'NONE',  ( -0.7099999999999999645, -0.5100000000000000089, 0.5010000000000000009 ) ) ;
#1891 = PRESENTATION_STYLE_ASSIGNMENT (( #529 ) ) ;
#1892 = DIRECTION ( 'NONE',  ( 0.0000000000000000000, 0.0000000000000000000, 1.000000000000000000 ) ) ;
#1893 = COLOUR_RGB ( '',0.0000000000000000000, 0.5019607843137254832, 0.0000000000000000000 ) ;
#1894 = VERTEX_POINT ( 'NONE', #1131 ) ;
#1895 = VECTOR ( 'NONE', #93, 1000.000000000000000 ) ;
#1896 = PRESENTATION_STYLE_ASSIGNMENT (( #904 ) ) ;
#1897 = EDGE_CURVE ( 'NONE', #799, #913, #1460, .T. ) ;
#1898 = FACE_OUTER_BOUND ( 'NONE', #1880, .T. ) ;
#1899 = FACE_OUTER_BOUND ( 'NONE', #1306, .T. ) ;
#1900 = DIRECTION ( 'NONE',  ( 0.0000000000000000000, -0.0000000000000000000, 1.000000000000000000 ) ) ;
#1901 = VERTEX_POINT ( 'NONE', #307 ) ;
#1902 = FILL_AREA_STYLE_COLOUR ( '', #1018 ) ;
#1903 = DIRECTION ( 'NONE',  ( -1.000000000000000000, 0.0000000000000000000, 0.0000000000000000000 ) ) ;
#1904 = MECHANICAL_DESIGN_GEOMETRIC_PRESENTATION_REPRESENTATION (  '', ( #1944 ), #974 ) ;
#1905 = VERTEX_POINT ( 'NONE', #2173 ) ;
#1906 =( NAMED_UNIT ( * ) SI_UNIT ( $, .STERADIAN. ) SOLID_ANGLE_UNIT ( ) );
#1907 = ADVANCED_FACE ( 'NONE', ( #1148 ), #593, .F. ) ;
#1908 = AXIS2_PLACEMENT_3D ( 'NONE', #422, #1283, #763 ) ;
#1909 = EDGE_CURVE ( 'NONE', #392, #1437, #1301, .T. ) ;
#1910 = VECTOR ( 'NONE', #718, 1000.000000000000000 ) ;
#1911 = AXIS2_PLACEMENT_3D ( 'NONE', #73, #1218, #550 ) ;
#1912 = CARTESIAN_POINT ( 'NONE',  ( -1.010000000000000009, -0.1997498435543818285, 0.0000000000000000000 ) ) ;
#1913 = VERTEX_POINT ( 'NONE', #1627 ) ;
#1914 = DIRECTION ( 'NONE',  ( 0.0000000000000000000, -0.0000000000000000000, 1.000000000000000000 ) ) ;
#1915 = STYLED_ITEM ( 'NONE', ( #1576 ), #1122 ) ;
#1916 = LINE ( 'NONE', #1748, #1727 ) ;
#1917 = ORIENTED_EDGE ( 'NONE', *, *, #890, .F. ) ;
#1918 = CARTESIAN_POINT ( 'NONE',  ( 1.000000000000000222, -0.6250000000000000000, 0.01000000000000001929 ) ) ;
#1919 = STYLED_ITEM ( 'NONE', ( #1 ), #1468 ) ;
#1920 = EDGE_LOOP ( 'NONE', ( #1641, #497, #2108, #530 ) ) ;
#1921 = EDGE_CURVE ( 'NONE', #402, #1995, #1804, .T. ) ;
#1922 = SURFACE_SIDE_STYLE ('',( #2127 ) ) ;
#1923 = EDGE_CURVE ( 'NONE', #703, #1409, #1292, .T. ) ;
#1924 = CARTESIAN_POINT ( 'NONE',  ( -0.5499999999999999334, -0.5500000000000001554, 0.5000000000000000000 ) ) ;
#1925 = ORIENTED_EDGE ( 'NONE', *, *, #685, .F. ) ;
#1926 = CARTESIAN_POINT ( 'NONE',  ( -0.6085786437626904410, -0.4500000000000000111, 1.099999999999999867 ) ) ;
#1927 = ORIENTED_EDGE ( 'NONE', *, *, #730, .F. ) ;
#1928 = AXIS2_PLACEMENT_3D ( 'NONE', #262, #1113, #911 ) ;
#1929 = LINE ( 'NONE', #614, #423 ) ;
#1930 = MECHANICAL_DESIGN_GEOMETRIC_PRESENTATION_REPRESENTATION (  '', ( #684 ), #2110 ) ;
#1931 = MECHANICAL_DESIGN_GEOMETRIC_PRESENTATION_REPRESENTATION (  '', ( #539 ), #2151 ) ;
#1932 = ORIENTED_EDGE ( 'NONE', *, *, #1049, .T. ) ;
#1933 = PRESENTATION_STYLE_ASSIGNMENT (( #2114 ) ) ;
#1934 = CARTESIAN_POINT ( 'NONE',  ( -0.5500000000000001554, 0.5500000000000001554, 1.099999999999999867 ) ) ;
#1935 =( LENGTH_UNIT ( ) NAMED_UNIT ( * ) SI_UNIT ( .MILLI., .METRE. ) );
#1936 = SURFACE_STYLE_FILL_AREA ( #570 ) ;
#1937 = ORIENTED_EDGE ( 'NONE', *, *, #1080, .F. ) ;
#1938 = FACE_OUTER_BOUND ( 'NONE', #748, .T. ) ;
#1939 = EDGE_CURVE ( 'NONE', #623, #596, #1347, .T. ) ;
#1940 = FILL_AREA_STYLE_COLOUR ( '', #1877 ) ;
#1941 = EDGE_LOOP ( 'NONE', ( #986, #725, #565, #587, #998, #10 ) ) ;
#1942 = CARTESIAN_POINT ( 'NONE',  ( -0.9899999999999999911, -0.5100000000000000089, 0.5000000000000000000 ) ) ;
#1943 = DIRECTION ( 'NONE',  ( 1.000000000000000000, 0.0000000000000000000, 0.0000000000000000000 ) ) ;
#1944 = STYLED_ITEM ( 'NONE', ( #1933 ), #2032 ) ;
#1945 = DIRECTION ( 'NONE',  ( 0.0000000000000000000, 0.0000000000000000000, 1.000000000000000000 ) ) ;
#1946 = LINE ( 'NONE', #1447, #288 ) ;
#1947 = LINE ( 'NONE', #250, #1075 ) ;
#1948 = PLANE ( 'NONE',  #320 ) ;
#1949 = VERTEX_POINT ( 'NONE', #1655 ) ;
#1950 = SURFACE_SIDE_STYLE ('',( #1079 ) ) ;
#1951 =( GEOMETRIC_REPRESENTATION_CONTEXT ( 3 ) GLOBAL_UNCERTAINTY_ASSIGNED_CONTEXT ( ( #825 ) ) GLOBAL_UNIT_ASSIGNED_CONTEXT ( ( #197, #1081, #1386 ) ) REPRESENTATION_CONTEXT ( 'NONE', 'WORKASPACE' ) );
#1952 = SURFACE_STYLE_USAGE ( .BOTH. , #778 ) ;
#1953 = EDGE_LOOP ( 'NONE', ( #1884, #1219, #839, #458 ) ) ;
#1954 = CARTESIAN_POINT ( 'NONE',  ( 0.5499999999999994893, 0.4500000000000001221, 1.099999999999999867 ) ) ;
#1955 = PRESENTATION_LAYER_ASSIGNMENT (  '', '', ( #2167 ) ) ;
#1956 = VECTOR ( 'NONE', #1056, 1000.000000000000000 ) ;
#1957 = MECHANICAL_DESIGN_GEOMETRIC_PRESENTATION_REPRESENTATION (  '', ( #1841 ), #740 ) ;
#1958 = ADVANCED_FACE ( 'NONE', ( #2129 ), #433, .F. ) ;
#1959 =( LENGTH_UNIT ( ) NAMED_UNIT ( * ) SI_UNIT ( .MILLI., .METRE. ) );
#1960 = PRESENTATION_LAYER_ASSIGNMENT (  '', '', ( #1585 ) ) ;
#1961 = COLOUR_RGB ( '',0.3490196078431372362, 0.3490196078431372362, 0.3490196078431372362 ) ;
#1962 = CARTESIAN_POINT ( 'NONE',  ( -0.9899999999999999911, -0.5100000000000000089, 0.5010000000000000009 ) ) ;
#1963 = CARTESIAN_POINT ( 'NONE',  ( -1.009999999999999787, -0.5000000000000000000, 0.5100000000000000089 ) ) ;
#1964 = CARTESIAN_POINT ( 'NONE',  ( -0.9899999999999999911, 0.6149999999999999911, 0.5010000000000000009 ) ) ;
#1965 = ORIENTED_EDGE ( 'NONE', *, *, #627, .F. ) ;
#1966 = FILL_AREA_STYLE ('',( #1438 ) ) ;
#1967 = DIRECTION ( 'NONE',  ( 0.0000000000000000000, 0.0000000000000000000, -1.000000000000000000 ) ) ;
#1968 = ORIENTED_EDGE ( 'NONE', *, *, #1481, .T. ) ;
#1969 = STYLED_ITEM ( 'NONE', ( #995 ), #1958 ) ;
#1970 = ADVANCED_FACE ( 'NONE', ( #319 ), #1192, .T. ) ;
#1971 = SURFACE_SIDE_STYLE ('',( #758 ) ) ;
#1972 = CARTESIAN_POINT ( 'NONE',  ( 0.6000000000000000888, -0.5000000000000000000, 0.5100000000000000089 ) ) ;
#1973 = CARTESIAN_POINT ( 'NONE',  ( -0.5499999999999999334, -0.4500000000000001221, 1.099999999999999867 ) ) ;
#1974 = CARTESIAN_POINT ( 'NONE',  ( -0.9999999999999997780, -0.5000000000000001110, 0.5000000000000000000 ) ) ;
#1975 = CARTESIAN_POINT ( 'NONE',  ( 0.6000000000000000888, -0.5000000000000000000, 0.0000000000000000000 ) ) ;
#1976 = ORIENTED_EDGE ( 'NONE', *, *, #997, .F. ) ;
#1977 = DIRECTION ( 'NONE',  ( 1.000000000000000000, 0.0000000000000000000, 0.0000000000000000000 ) ) ;
#1978 = ORIENTED_EDGE ( 'NONE', *, *, #1047, .F. ) ;
#1979 = CARTESIAN_POINT ( 'NONE',  ( 0.5499999999999999334, -0.5500000000000003775, 1.058578643763224525 ) ) ;
#1980 = DIRECTION ( 'NONE',  ( -1.000000000000000000, -2.956915015869557278E-16, 0.0000000000000000000 ) ) ;
#1981 = CARTESIAN_POINT ( 'NONE',  ( 0.7999999999999998224, 0.0000000000000000000, 0.5200000000000000178 ) ) ;
#1982 = DIRECTION ( 'NONE',  ( 1.000000000000000000, 0.0000000000000000000, -0.0000000000000000000 ) ) ;
#1983 = EDGE_CURVE ( 'NONE', #82, #2098, #6, .T. ) ;
#1984 = SURFACE_STYLE_FILL_AREA ( #2163 ) ;
#1985 = FACE_OUTER_BOUND ( 'NONE', #775, .T. ) ;
#1986 = VERTEX_POINT ( 'NONE', #1888 ) ;
#1987 = UNCERTAINTY_MEASURE_WITH_UNIT (LENGTH_MEASURE( 1.000000000000000082E-05 ), #2186, 'distance_accuracy_value', 'NONE');
#1988 = ORIENTED_EDGE ( 'NONE', *, *, #452, .T. ) ;
#1989 = CARTESIAN_POINT ( 'NONE',  ( 0.6500000000000001332, -0.4499999999993264943, 1.058578643762690508 ) ) ;
#1990 = SURFACE_STYLE_USAGE ( .BOTH. , #1971 ) ;
#1991 = SURFACE_STYLE_FILL_AREA ( #1645 ) ;
#1992 = DIRECTION ( 'NONE',  ( 0.0000000000000000000, -1.000000000000000000, -0.0000000000000000000 ) ) ;
#1993 = EDGE_CURVE ( 'NONE', #293, #1638, #1840, .T. ) ;
#1994 = CARTESIAN_POINT ( 'NONE',  ( -1.010000000000000009, 0.5000000000000000000, 0.0000000000000000000 ) ) ;
#1995 = VERTEX_POINT ( 'NONE', #1366 ) ;
#1996 = ORIENTED_EDGE ( 'NONE', *, *, #306, .F. ) ;
#1997 = CARTESIAN_POINT ( 'NONE',  ( 1.000000000000000000, 0.5000000000000000000, 0.01000000000000001929 ) ) ;
#1998 = DIRECTION ( 'NONE',  ( 1.000000000000000000, 0.0000000000000000000, 0.0000000000000000000 ) ) ;
#1999 = CARTESIAN_POINT ( 'NONE',  ( 0.5499999999999994893, 0.4500000000000001221, 0.9999999999999997780 ) ) ;
#2000 = VECTOR ( 'NONE', #182, 1000.000000000000000 ) ;
#2001 = FACE_OUTER_BOUND ( 'NONE', #846, .T. ) ;
#2002 = CARTESIAN_POINT ( 'NONE',  ( -0.9899999999999999911, 0.6149999999999999911, 0.5010000000000000009 ) ) ;
#2003 = ORIENTED_EDGE ( 'NONE', *, *, #431, .F. ) ;
#2004 = ORIENTED_EDGE ( 'NONE', *, *, #1107, .F. ) ;
#2005 = FILL_AREA_STYLE_COLOUR ( '', #671 ) ;
#2006 = ADVANCED_FACE ( 'NONE', ( #359 ), #2034, .F. ) ;
#2007 = SURFACE_STYLE_USAGE ( .BOTH. , #648 ) ;
#2008 = AXIS2_PLACEMENT_3D ( 'NONE', #202, #2077, #1420 ) ;
#2009 = DIRECTION ( 'NONE',  ( 1.000000000000000000, 0.0000000000000000000, 0.0000000000000000000 ) ) ;
#2010 = UNCERTAINTY_MEASURE_WITH_UNIT (LENGTH_MEASURE( 1.000000000000000082E-05 ), #2144, 'distance_accuracy_value', 'NONE');
#2011 = FILL_AREA_STYLE ('',( #2211 ) ) ;
#2012 = ORIENTED_EDGE ( 'NONE', *, *, #1455, .T. ) ;
#2013 = EDGE_CURVE ( 'NONE', #731, #1188, #1400, .T. ) ;
#2014 = ORIENTED_EDGE ( 'NONE', *, *, #137, .T. ) ;
#2015 = LINE ( 'NONE', #975, #2021 ) ;
#2016 = SURFACE_STYLE_FILL_AREA ( #509 ) ;
#2017 =( GEOMETRIC_REPRESENTATION_CONTEXT ( 3 ) GLOBAL_UNCERTAINTY_ASSIGNED_CONTEXT ( ( #475 ) ) GLOBAL_UNIT_ASSIGNED_CONTEXT ( ( #1619, #253, #2145 ) ) REPRESENTATION_CONTEXT ( 'NONE', 'WORKASPACE' ) );
#2018 = ADVANCED_FACE ( 'NONE', ( #2067 ), #545, .F. ) ;
#2019 = CIRCLE ( 'NONE', #1335, 0.2000000000000002054 ) ;
#2020 = FILL_AREA_STYLE_COLOUR ( '', #1751 ) ;
#2021 = VECTOR ( 'NONE', #482, 1000.000000000000000 ) ;
#2022 = VECTOR ( 'NONE', #2123, 1000.000000000000000 ) ;
#2023 = CARTESIAN_POINT ( 'NONE',  ( 1.000000000000000222, -0.6250000000000000000, 0.5000000000000000000 ) ) ;
#2024 = STYLED_ITEM ( 'NONE', ( #1631 ), #317 ) ;
#2025 = FILL_AREA_STYLE ('',( #163 ) ) ;
#2026 = STYLED_ITEM ( 'NONE', ( #1833 ), #1442 ) ;
#2027 = EDGE_LOOP ( 'NONE', ( #2175, #261, #1273, #1527 ) ) ;
#2028 = DIRECTION ( 'NONE',  ( -1.734723475976807094E-16, 1.000000000000000000, 0.0000000000000000000 ) ) ;
#2029 = CIRCLE ( 'NONE', #1066, 0.2000000000000002054 ) ;
#2030 =( BOUNDED_SURFACE ( )  B_SPLINE_SURFACE ( 3, 3, ( 
 ( #1226, #515, #887, #1216 ),
 ( #1715, #1728, #1403, #1393 ),
 ( #1743, #56, #872, #239 ),
 ( #373, #396, #2080, #20 ) ),
 .UNSPECIFIED., .F., .F., .T. ) 
 B_SPLINE_SURFACE_WITH_KNOTS ( ( 4, 4 ),
 ( 4, 4 ),
 ( 0.0000000000000000000, 1.000000000000000000 ),
 ( 0.0000000000000000000, 1.000000000000000000 ),
 .UNSPECIFIED. ) 
 GEOMETRIC_REPRESENTATION_ITEM ( )  RATIONAL_B_SPLINE_SURFACE ( (
 ( 1.000000000000000000, 0.8047378541207503844, 0.8047378541207503844, 1.000000000000000000),
 ( 0.8047378541243646044, 0.6476030138577786310, 0.6476030138577786310, 0.8047378541243646044),
 ( 0.8047378541243646044, 0.6476030138577786310, 0.6476030138577786310, 0.8047378541243646044),
 ( 1.000000000000000000, 0.8047378541207503844, 0.8047378541207503844, 1.000000000000000000) ) ) 
 REPRESENTATION_ITEM ( '' )  SURFACE ( )  );
#2031 = SURFACE_STYLE_FILL_AREA ( #146 ) ;
#2032 = ADVANCED_FACE ( 'NONE', ( #1235 ), #566, .F. ) ;
#2033 = COLOUR_RGB ( '',0.9803921568627450567, 0.9803921568627450567, 0.5019607843137254832 ) ;
#2034 = PLANE ( 'NONE',  #243 ) ;
#2035 = DIRECTION ( 'NONE',  ( 1.000000000000000000, 0.0000000000000000000, -0.0000000000000000000 ) ) ;
#2036 = CARTESIAN_POINT ( 'NONE',  ( -0.9999999999999997780, -0.6250000000000000000, 0.5000000000000000000 ) ) ;
#2037 = VERTEX_POINT ( 'NONE', #1214 ) ;
#2038 = FILL_AREA_STYLE ('',( #1372 ) ) ;
#2039 = STYLED_ITEM ( 'NONE', ( #824 ), #1970 ) ;
#2040 = DIRECTION ( 'NONE',  ( 0.0000000000000000000, -0.0000000000000000000, -1.000000000000000000 ) ) ;
#2041 = ORIENTED_EDGE ( 'NONE', *, *, #1666, .F. ) ;
#2042 = DIRECTION ( 'NONE',  ( -0.0000000000000000000, 1.000000000000000000, 0.0000000000000000000 ) ) ;
#2043 = EDGE_LOOP ( 'NONE', ( #610, #1592, #57, #1595, #1485, #488 ) ) ;
#2044 = DIRECTION ( 'NONE',  ( 1.734723475976807094E-16, -1.000000000000000000, 0.0000000000000000000 ) ) ;
#2045 = FACE_OUTER_BOUND ( 'NONE', #1763, .T. ) ;
#2046 = CARTESIAN_POINT ( 'NONE',  ( -0.5500000000000001554, 0.4500000000000001221, 0.9999999999999997780 ) ) ;
#2047 = FILL_AREA_STYLE_COLOUR ( '', #215 ) ;
#2048 = EDGE_LOOP ( 'NONE', ( #1703, #1430, #507, #1227, #1849, #481 ) ) ;
#2049 = VECTOR ( 'NONE', #348, 1000.000000000000000 ) ;
#2050 = CARTESIAN_POINT ( 'NONE',  ( 0.6499999999999998002, 0.5500000000000000444, 0.9999999999999997780 ) ) ;
#2051 = ORIENTED_EDGE ( 'NONE', *, *, #1265, .T. ) ;
#2052 = SURFACE_STYLE_USAGE ( .BOTH. , #1021 ) ;
#2053 = CARTESIAN_POINT ( 'NONE',  ( 0.6000000000000000888, -0.5000000000000000000, 0.0000000000000000000 ) ) ;
#2054 = AXIS2_PLACEMENT_3D ( 'NONE', #2062, #210, #1903 ) ;
#2055 = PLANE ( 'NONE',  #1102 ) ;
#2056 = VECTOR ( 'NONE', #1616, 1000.000000000000000 ) ;
#2057 = CIRCLE ( 'NONE', #1375, 0.09999999999999999167 ) ;
#2058 = DIRECTION ( 'NONE',  ( 1.000000000000000000, 0.0000000000000000000, -0.0000000000000000000 ) ) ;
#2059 = DIRECTION ( 'NONE',  ( 0.0000000000000000000, -1.000000000000000000, -0.0000000000000000000 ) ) ;
#2060 = ORIENTED_EDGE ( 'NONE', *, *, #1211, .F. ) ;
#2061 = AXIS2_PLACEMENT_3D ( 'NONE', #1658, #983, #577 ) ;
#2062 = CARTESIAN_POINT ( 'NONE',  ( 0.5499999999999999334, -0.4500000000000000666, 1.099999999999999867 ) ) ;
#2063 = ORIENTED_EDGE ( 'NONE', *, *, #1757, .F. ) ;
#2064 = VECTOR ( 'NONE', #1656, 1000.000000000000000 ) ;
#2065 = LINE ( 'NONE', #877, #1843 ) ;
#2066 = ORIENTED_EDGE ( 'NONE', *, *, #1694, .T. ) ;
#2067 = FACE_OUTER_BOUND ( 'NONE', #1793, .T. ) ;
#2068 = DIRECTION ( 'NONE',  ( -1.000000000000000000, 0.0000000000000000000, 0.0000000000000000000 ) ) ;
#2069 = LINE ( 'NONE', #1249, #162 ) ;
#2070 = CARTESIAN_POINT ( 'NONE',  ( -0.5499999999999999334, -0.5500000000000001554, 1.099999999999999867 ) ) ;
#2071 = ORIENTED_EDGE ( 'NONE', *, *, #247, .T. ) ;
#2072 = CARTESIAN_POINT ( 'NONE',  ( -1.010000000000000009, 0.1997498435543818285, 0.5100000000000000089 ) ) ;
#2073 = ADVANCED_FACE ( 'NONE', ( #1390 ), #1540, .F. ) ;
#2074 = ORIENTED_EDGE ( 'NONE', *, *, #1983, .F. ) ;
#2075 = AXIS2_PLACEMENT_3D ( 'NONE', #2046, #1688, #30 ) ;
#2076 = SURFACE_STYLE_FILL_AREA ( #1073 ) ;
#2077 = DIRECTION ( 'NONE',  ( -0.0000000000000000000, -0.0000000000000000000, 1.000000000000000000 ) ) ;
#2078 = SURFACE_STYLE_USAGE ( .BOTH. , #54 ) ;
#2079 = CARTESIAN_POINT ( 'NONE',  ( 0.5499999999999999334, -0.5500000000000000444, 1.099999999999999867 ) ) ;
#2080 = CARTESIAN_POINT ( 'NONE',  ( 0.5499999999999994893, 0.5085786437634028934, 1.099999999999999645 ) ) ;
#2081 = ORIENTED_EDGE ( 'NONE', *, *, #685, .T. ) ;
#2082 = DIRECTION ( 'NONE',  ( 1.734723475976807094E-16, -1.000000000000000000, -0.0000000000000000000 ) ) ;
#2083 = CYLINDRICAL_SURFACE ( 'NONE', #1911, 0.1000000000000000472 ) ;
#2084 = STYLED_ITEM ( 'NONE', ( #278 ), #2153 ) ;
#2085 = ORIENTED_EDGE ( 'NONE', *, *, #462, .T. ) ;
#2086 = DIRECTION ( 'NONE',  ( -0.0000000000000000000, 0.0000000000000000000, 1.000000000000000000 ) ) ;
#2087 = EDGE_CURVE ( 'NONE', #176, #1136, #1784, .T. ) ;
#2088 = DIRECTION ( 'NONE',  ( 1.000000000000000000, 0.0000000000000000000, 0.0000000000000000000 ) ) ;
#2089 = DIRECTION ( 'NONE',  ( 0.0000000000000000000, 0.0000000000000000000, -1.000000000000000000 ) ) ;
#2090 = EDGE_CURVE ( 'NONE', #1188, #1913, #289, .T. ) ;
#2091 = DIRECTION ( 'NONE',  ( 0.0000000000000000000, -0.0000000000000000000, -1.000000000000000000 ) ) ;
#2092 = FACE_BOUND ( 'NONE', #551, .T. ) ;
#2093 = SURFACE_SIDE_STYLE ('',( #42 ) ) ;
#2094 = VECTOR ( 'NONE', #559, 1000.000000000000000 ) ;
#2095 = CARTESIAN_POINT ( 'NONE',  ( -0.7099999999999999645, -0.6149999999999999911, 0.5010000000000000009 ) ) ;
#2096 = ORIENTED_EDGE ( 'NONE', *, *, #2013, .F. ) ;
#2097 = DIRECTION ( 'NONE',  ( 0.0000000000000000000, 0.0000000000000000000, -1.000000000000000000 ) ) ;
#2098 = VERTEX_POINT ( 'NONE', #101 ) ;
#2099 =( NAMED_UNIT ( * ) SI_UNIT ( $, .STERADIAN. ) SOLID_ANGLE_UNIT ( ) );
#2100 = AXIS2_PLACEMENT_3D ( 'NONE', #167, #1187, #346 ) ;
#2101 = VERTEX_POINT ( 'NONE', #2140 ) ;
#2102 = FILL_AREA_STYLE_COLOUR ( '', #1961 ) ;
#2103 = EDGE_CURVE ( 'NONE', #2169, #2133, #793, .T. ) ;
#2104 = FILL_AREA_STYLE_COLOUR ( '', #594 ) ;
#2105 = ORIENTED_EDGE ( 'NONE', *, *, #1571, .T. ) ;
#2106 = PRESENTATION_STYLE_ASSIGNMENT (( #1798 ) ) ;
#2107 = FACE_OUTER_BOUND ( 'NONE', #721, .T. ) ;
#2108 = ORIENTED_EDGE ( 'NONE', *, *, #201, .T. ) ;
#2109 = DIRECTION ( 'NONE',  ( 0.0000000000000000000, -0.0000000000000000000, 1.000000000000000000 ) ) ;
#2110 =( GEOMETRIC_REPRESENTATION_CONTEXT ( 3 ) GLOBAL_UNCERTAINTY_ASSIGNED_CONTEXT ( ( #982 ) ) GLOBAL_UNIT_ASSIGNED_CONTEXT ( ( #1558, #726, #387 ) ) REPRESENTATION_CONTEXT ( 'NONE', 'WORKASPACE' ) );
#2111 = COLOUR_RGB ( '',0.9803921568627450567, 0.9803921568627450567, 0.5019607843137254832 ) ;
#2112 = DIRECTION ( 'NONE',  ( -1.000000000000000000, 0.0000000000000000000, 0.0000000000000000000 ) ) ;
#2113 = UNCERTAINTY_MEASURE_WITH_UNIT (LENGTH_MEASURE( 1.000000000000000082E-05 ), #14, 'distance_accuracy_value', 'NONE');
#2114 = SURFACE_STYLE_USAGE ( .BOTH. , #1554 ) ;
#2115 = DIRECTION ( 'NONE',  ( -0.0000000000000000000, -0.0000000000000000000, -1.000000000000000000 ) ) ;
#2116 = LINE ( 'NONE', #218, #723 ) ;
#2117 = CARTESIAN_POINT ( 'NONE',  ( 0.6499999999999995781, 0.4500000000000001221, 0.9999999999999997780 ) ) ;
#2118 = ORIENTED_EDGE ( 'NONE', *, *, #2189, .T. ) ;
#2119 = SURFACE_STYLE_FILL_AREA ( #582 ) ;
#2120 = EDGE_CURVE ( 'NONE', #142, #1503, #625, .T. ) ;
#2121 = CARTESIAN_POINT ( 'NONE',  ( 1.000000000000000222, 0.5000000000000001110, 0.5000000000000000000 ) ) ;
#2122 = ORIENTED_EDGE ( 'NONE', *, *, #499, .F. ) ;
#2123 = DIRECTION ( 'NONE',  ( -0.0000000000000000000, -0.0000000000000000000, -1.000000000000000000 ) ) ;
#2124 = MECHANICAL_DESIGN_GEOMETRIC_PRESENTATION_REPRESENTATION (  '', ( #2084 ), #412 ) ;
#2125 = SURFACE_SIDE_STYLE ('',( #90 ) ) ;
#2126 = DIRECTION ( 'NONE',  ( -1.000000000000000000, 0.0000000000000000000, 0.0000000000000000000 ) ) ;
#2127 = SURFACE_STYLE_FILL_AREA ( #785 ) ;
#2128 = PRESENTATION_LAYER_ASSIGNMENT (  '', '', ( #590 ) ) ;
#2129 = FACE_OUTER_BOUND ( 'NONE', #1464, .T. ) ;
#2130 = ORIENTED_EDGE ( 'NONE', *, *, #1492, .T. ) ;
#2131 = VECTOR ( 'NONE', #1348, 1000.000000000000000 ) ;
#2132 = FILL_AREA_STYLE_COLOUR ( '', #282 ) ;
#2133 = VERTEX_POINT ( 'NONE', #441 ) ;
#2134 = LINE ( 'NONE', #86, #1736 ) ;
#2135 = MECHANICAL_DESIGN_GEOMETRIC_PRESENTATION_REPRESENTATION (  '', ( #1838 ), #528 ) ;
#2136 = ADVANCED_FACE ( 'NONE', ( #939 ), #1469, .T. ) ;
#2137 = AXIS2_PLACEMENT_3D ( 'NONE', #1128, #1517, #816 ) ;
#2138 =( NAMED_UNIT ( * ) PLANE_ANGLE_UNIT ( ) SI_UNIT ( $, .RADIAN. ) );
#2139 = STYLED_ITEM ( 'NONE', ( #1896 ), #294 ) ;
#2140 = CARTESIAN_POINT ( 'NONE',  ( -1.009999999999999787, -0.5000000000000000000, 0.0000000000000000000 ) ) ;
#2141 =( NAMED_UNIT ( * ) PLANE_ANGLE_UNIT ( ) SI_UNIT ( $, .RADIAN. ) );
#2142 = STYLED_ITEM ( 'NONE', ( #1853 ), #1160 ) ;
#2143 = CARTESIAN_POINT ( 'NONE',  ( 0.6366025403784434378, 0.5000000000000000000, 0.5100000000000000089 ) ) ;
#2144 =( LENGTH_UNIT ( ) NAMED_UNIT ( * ) SI_UNIT ( .MILLI., .METRE. ) );
#2145 =( NAMED_UNIT ( * ) SI_UNIT ( $, .STERADIAN. ) SOLID_ANGLE_UNIT ( ) );
#2146 = ORIENTED_EDGE ( 'NONE', *, *, #1492, .F. ) ;
#2147 = SURFACE_SIDE_STYLE ('',( #1454 ) ) ;
#2148 = AXIS2_PLACEMENT_3D ( 'NONE', #2194, #1037, #835 ) ;
#2149 = EDGE_CURVE ( 'NONE', #195, #1831, #91, .T. ) ;
#2150 = FILL_AREA_STYLE_COLOUR ( '', #1657 ) ;
#2151 =( GEOMETRIC_REPRESENTATION_CONTEXT ( 3 ) GLOBAL_UNCERTAINTY_ASSIGNED_CONTEXT ( ( #1138 ) ) GLOBAL_UNIT_ASSIGNED_CONTEXT ( ( #819, #76, #1462 ) ) REPRESENTATION_CONTEXT ( 'NONE', 'WORKASPACE' ) );
#2152 = CARTESIAN_POINT ( 'NONE',  ( 1.000000000000000000, 0.5000000000000000000, 0.5000000000000000000 ) ) ;
#2153 = ADVANCED_FACE ( 'NONE', ( #1300 ), #1117, .F. ) ;
#2154 = CARTESIAN_POINT ( 'NONE',  ( -0.5499999999999999334, -0.4500000000000001221, 0.9999999999999997780 ) ) ;
#2155 = AXIS2_PLACEMENT_3D ( 'NONE', #1824, #444, #1635 ) ;
#2156 = PRESENTATION_STYLE_ASSIGNMENT (( #290 ) ) ;
#2157 =( NAMED_UNIT ( * ) PLANE_ANGLE_UNIT ( ) SI_UNIT ( $, .RADIAN. ) );
#2158 = SURFACE_STYLE_USAGE ( .BOTH. , #1463 ) ;
#2159 = ORIENTED_EDGE ( 'NONE', *, *, #719, .F. ) ;
#2160 = VERTEX_POINT ( 'NONE', #1812 ) ;
#2161 = CARTESIAN_POINT ( 'NONE',  ( 0.6085786437626905521, -0.4499999999988501531, 1.100000000000000089 ) ) ;
#2162 = EDGE_CURVE ( 'NONE', #596, #669, #948, .T. ) ;
#2163 = FILL_AREA_STYLE ('',( #1151 ) ) ;
#2164 = DIRECTION ( 'NONE',  ( 1.734723475976807094E-16, -1.000000000000000000, 0.0000000000000000000 ) ) ;
#2165 = ORIENTED_EDGE ( 'NONE', *, *, #976, .T. ) ;
#2166 = UNCERTAINTY_MEASURE_WITH_UNIT (LENGTH_MEASURE( 1.000000000000000082E-05 ), #1848, 'distance_accuracy_value', 'NONE');
#2167 = STYLED_ITEM ( 'NONE', ( #851 ), #440 ) ;
#2168 = AXIS2_PLACEMENT_3D ( 'NONE', #364, #891, #1043 ) ;
#2169 = VERTEX_POINT ( 'NONE', #1477 ) ;
#2170 = PLANE ( 'NONE',  #659 ) ;
#2171 = AXIS2_PLACEMENT_3D ( 'NONE', #832, #1331, #1683 ) ;
#2172 = VECTOR ( 'NONE', #1110, 1000.000000000000000 ) ;
#2173 = CARTESIAN_POINT ( 'NONE',  ( 1.000000000000000000, 0.6250000000000000000, 0.5000000000000000000 ) ) ;
#2174 = ADVANCED_FACE ( 'NONE', ( #784 ), #2170, .F. ) ;
#2175 = ORIENTED_EDGE ( 'NONE', *, *, #885, .T. ) ;
#2176 = UNCERTAINTY_MEASURE_WITH_UNIT (LENGTH_MEASURE( 1.000000000000000082E-05 ), #133, 'distance_accuracy_value', 'NONE');
#2177 = CARTESIAN_POINT ( 'NONE',  ( 0.6366025403784434378, 0.5000000000000000000, 0.5000000000000000000 ) ) ;
#2178 = UNCERTAINTY_MEASURE_WITH_UNIT (LENGTH_MEASURE( 1.000000000000000082E-05 ), #1158, 'distance_accuracy_value', 'NONE');
#2179 = ORIENTED_EDGE ( 'NONE', *, *, #514, .F. ) ;
#2180 = CARTESIAN_POINT ( 'NONE',  ( 1.000000000000000222, -0.5000000000000000000, 0.01000000000000000021 ) ) ;
#2181 = ADVANCED_BREP_SHAPE_REPRESENTATION ( '87AFD693-0A62-4FDE-B86C-72A56E643AFC', ( #157, #1647 ), #22 ) ;
#2182 = SURFACE_STYLE_USAGE ( .BOTH. , #350 ) ;
#2183 = COLOUR_RGB ( '',0.0000000000000000000, 0.5019607843137254832, 0.0000000000000000000 ) ;
#2184 =( LENGTH_UNIT ( ) NAMED_UNIT ( * ) SI_UNIT ( .MILLI., .METRE. ) );
#2185 = ADVANCED_FACE ( 'NONE', ( #450 ), #1129, .T. ) ;
#2186 =( LENGTH_UNIT ( ) NAMED_UNIT ( * ) SI_UNIT ( .MILLI., .METRE. ) );
#2187 = EDGE_LOOP ( 'NONE', ( #1245, #1927, #1650 ) ) ;
#2188 =( NAMED_UNIT ( * ) SI_UNIT ( $, .STERADIAN. ) SOLID_ANGLE_UNIT ( ) );
#2189 = EDGE_CURVE ( 'NONE', #2169, #601, #834, .T. ) ;
#2190 = CARTESIAN_POINT ( 'NONE',  ( 1.010000000000000009, -0.5000000000000000000, 0.0000000000000000000 ) ) ;
#2191 = ORIENTED_EDGE ( 'NONE', *, *, #1385, .F. ) ;
#2192 = CARTESIAN_POINT ( 'NONE',  ( -0.5500000000000000444, 0.5085786437624857381, 1.100000000000223910 ) ) ;
#2193 = FILL_AREA_STYLE_COLOUR ( '', #1721 ) ;
#2194 = CARTESIAN_POINT ( 'NONE',  ( 0.6000000000000000888, -0.5000000000000000000, 0.5100000000000000089 ) ) ;
#2195 = STYLED_ITEM ( 'NONE', ( #249 ), #2073 ) ;
#2196 = CARTESIAN_POINT ( 'NONE',  ( -0.6366025403784437708, -0.5000000000000000000, 0.5100000000000000089 ) ) ;
#2197 = STYLED_ITEM ( 'NONE', ( #1874 ), #2181 ) ;
#2198 = CARTESIAN_POINT ( 'NONE',  ( 1.000000000000000222, 0.5500000000000000444, 0.5000000000000000000 ) ) ;
#2199 =( NAMED_UNIT ( * ) SI_UNIT ( $, .STERADIAN. ) SOLID_ANGLE_UNIT ( ) );
#2200 = ORIENTED_EDGE ( 'NONE', *, *, #49, .T. ) ;
#2201 = DIRECTION ( 'NONE',  ( 0.0000000000000000000, -1.000000000000000000, 0.0000000000000000000 ) ) ;
#2202 = ADVANCED_FACE ( 'NONE', ( #1509 ), #1836, .F. ) ;
#2203 = ORIENTED_EDGE ( 'NONE', *, *, #1006, .F. ) ;
#2204 = CARTESIAN_POINT ( 'NONE',  ( 1.000000000000000000, 0.0000000000000000000, 0.5200000000000000178 ) ) ;
#2205 = STYLED_ITEM ( 'NONE', ( #1808 ), #794 ) ;
#2206 =( GEOMETRIC_REPRESENTATION_CONTEXT ( 3 ) GLOBAL_UNCERTAINTY_ASSIGNED_CONTEXT ( ( #1827 ) ) GLOBAL_UNIT_ASSIGNED_CONTEXT ( ( #1250, #2157, #260 ) ) REPRESENTATION_CONTEXT ( 'NONE', 'WORKASPACE' ) );
#2207 = CARTESIAN_POINT ( 'NONE',  ( 1.000000000000000222, -0.6250000000000000000, 0.01000000000000000021 ) ) ;
#2208 = CARTESIAN_POINT ( 'NONE',  ( 1.010000000000000009, 0.1997498435543819950, 0.0000000000000000000 ) ) ;
#2209 = CARTESIAN_POINT ( 'NONE',  ( -0.5499999999999999334, -0.4500000000000001221, 0.9999999999999997780 ) ) ;
#2210 = AXIS2_PLACEMENT_3D ( 'NONE', #2002, #1816, #246 ) ;
#2211 = FILL_AREA_STYLE_COLOUR ( '', #1582 ) ;
#2212 = ORIENTED_EDGE ( 'NONE', *, *, #400, .T. ) ;
#2213 =( NAMED_UNIT ( * ) SI_UNIT ( $, .STERADIAN. ) SOLID_ANGLE_UNIT ( ) );
ENDSEC;
END-ISO-10303-21;
