ISO-10303-21;
HEADER;
FILE_DESCRIPTION (( 'STEP AP214' ),
    '1' );
FILE_NAME ('012E0C0D-5A8E-4AAC-9131-D6E6F4F66FAE.STEP',
    '2026-03-18T17:11:31',
    ( '' ),
    ( '' ),
    'SwSTEP 2.0',
    'SolidWorks 2022',
    '' );
FILE_SCHEMA (( 'AUTOMOTIVE_DESIGN' ));
ENDSEC;

DATA;
#1 = EDGE_CURVE ( 'NONE', #4175, #7843, #4427, .T. ) ;
#2 = CARTESIAN_POINT ( 'NONE',  ( 2.499999999999999556, 1.479237732262165705, 0.1356907255745092300 ) ) ;
#3 = ORIENTED_EDGE ( 'NONE', *, *, #2028, .T. ) ;
#4 = SURFACE_STYLE_FILL_AREA ( #6535 ) ;
#5 = CARTESIAN_POINT ( 'NONE',  ( -1.533493266032704971, -1.565654437701495150, 1.456092013667703799 ) ) ;
#6 = CARTESIAN_POINT ( 'NONE',  ( -2.662866016697494675, -1.959517723355645336, 0.3864410810002315011 ) ) ;
#7 = CARTESIAN_POINT ( 'NONE',  ( -0.1670664863060850047, 0.5463014593454009749, 2.790000000000000036 ) ) ;
#8 = LINE ( 'NONE', #8396, #4597 ) ;
#9 = ORIENTED_EDGE ( 'NONE', *, *, #3895, .T. ) ;
#10 = CARTESIAN_POINT ( 'NONE',  ( 0.5999999999999999778, -0.2311618268099679963, 2.790000000000000036 ) ) ;
#11 = CARTESIAN_POINT ( 'NONE',  ( -0.5999999999999999778, -0.1802689696671105068, 2.799999999999999822 ) ) ;
#12 = CARTESIAN_POINT ( 'NONE',  ( 2.905341484062619717, 1.439758845980581903, 0.4943233719848720287 ) ) ;
#13 = CARTESIAN_POINT ( 'NONE',  ( -2.601019822358364930, 1.232665626325562203, 0.8038699641214709368 ) ) ;
#14 =( GEOMETRIC_REPRESENTATION_CONTEXT ( 3 ) GLOBAL_UNCERTAINTY_ASSIGNED_CONTEXT ( ( #389 ) ) GLOBAL_UNIT_ASSIGNED_CONTEXT ( ( #9336, #8470, #1871 ) ) REPRESENTATION_CONTEXT ( 'NONE', 'WORKASPACE' ) );
#15 = EDGE_CURVE ( 'NONE', #5674, #5959, #8397, .T. ) ;
#16 = DIRECTION ( 'NONE',  ( 1.000000000000000000, 0.0000000000000000000, 0.0000000000000000000 ) ) ;
#17 = VERTEX_POINT ( 'NONE', #3553 ) ;
#18 = CARTESIAN_POINT ( 'NONE',  ( 1.149999999999999911, -3.010000000000000231, 0.3499999999999999778 ) ) ;
#19 = CARTESIAN_POINT ( 'NONE',  ( -3.000000000000000000, 0.8138064294421359923, 2.399999999999999911 ) ) ;
#20 = ORIENTED_EDGE ( 'NONE', *, *, #5218, .F. ) ;
#21 = CARTESIAN_POINT ( 'NONE',  ( 0.0000000000000000000, 0.0000000000000000000, 0.5000000000000000000 ) ) ;
#22 = CARTESIAN_POINT ( 'NONE',  ( -0.6036923868358979872, 2.907943016401369984, 0.4886969928942820340 ) ) ;
#23 = DIRECTION ( 'NONE',  ( 1.000000000000000000, 0.0000000000000000000, 0.0000000000000000000 ) ) ;
#24 = EDGE_CURVE ( 'NONE', #8321, #6847, #6911, .T. ) ;
#25 = FACE_OUTER_BOUND ( 'NONE', #4562, .T. ) ;
#26 = ORIENTED_EDGE ( 'NONE', *, *, #5281, .F. ) ;
#27 = FILL_AREA_STYLE ('',( #5571 ) ) ;
#28 = CARTESIAN_POINT ( 'NONE',  ( -2.414079633698734906, 2.335920366301265094, 2.399999999999999911 ) ) ;
#29 = EDGE_LOOP ( 'NONE', ( #8686, #9150, #2054, #8522 ) ) ;
#30 = CARTESIAN_POINT ( 'NONE',  ( -0.1207400502135406034, -1.667323764346694936, 2.790000000000000036 ) ) ;
#31 = DIRECTION ( 'NONE',  ( 1.000000000000000000, 0.0000000000000000000, 0.0000000000000000000 ) ) ;
#32 = CARTESIAN_POINT ( 'NONE',  ( 2.055303757027874934, 1.099255923140851854, 1.461864220076825926 ) ) ;
#33 = CARTESIAN_POINT ( 'NONE',  ( 2.892260077618209912, -1.497151807020844050, 0.4886477139791799429 ) ) ;
#34 = CARTESIAN_POINT ( 'NONE',  ( -2.700000000000000178, 1.625735931288069924, 2.700000000000000178 ) ) ;
#35 = CARTESIAN_POINT ( 'NONE',  ( -2.698918072242594945, -1.337622581510270026, 2.124273007406564773 ) ) ;
#36 = LINE ( 'NONE', #3373, #7770 ) ;
#37 = ORIENTED_EDGE ( 'NONE', *, *, #4705, .T. ) ;
#38 = CARTESIAN_POINT ( 'NONE',  ( 2.456039009914615434, -2.911542791038849831, 0.4886738444840639795 ) ) ;
#39 = CARTESIAN_POINT ( 'NONE',  ( 2.976026747630165392, -1.746701245583689888, 2.399999999999999911 ) ) ;
#40 = CARTESIAN_POINT ( 'NONE',  ( 1.918062981879369966, -2.748290566000604951, 2.399999999999999911 ) ) ;
#41 = CARTESIAN_POINT ( 'NONE',  ( 3.000000000000000000, -1.429843788128353888, 0.5000000000000000000 ) ) ;
#42 = CARTESIAN_POINT ( 'NONE',  ( -2.500000000000000000, 1.499952333801978011, 0.1568365928198499903 ) ) ;
#43 = CARTESIAN_POINT ( 'NONE',  ( 0.1825647064104334860, 0.5703211649189821042, 2.790000000000000036 ) ) ;
#44 = CARTESIAN_POINT ( 'NONE',  ( 0.2737454707871014858, 0.5066438607409730066, 2.799999999999999822 ) ) ;
#45 = ORIENTED_EDGE ( 'NONE', *, *, #6455, .F. ) ;
#46 = CARTESIAN_POINT ( 'NONE',  ( -0.8476819515273620320, -2.280429042759045011, 1.451315661373530075 ) ) ;
#47 = ADVANCED_FACE ( 'NONE', ( #165 ), #1141, .T. ) ;
#48 =( LENGTH_UNIT ( ) NAMED_UNIT ( * ) SI_UNIT ( .MILLI., .METRE. ) );
#49 = CARTESIAN_POINT ( 'NONE',  ( -2.075359855208842141, 2.674640144777711726, 2.399999999999999911 ) ) ;
#50 = CARTESIAN_POINT ( 'NONE',  ( -0.1463446132156273893, -1.634313628761324910, 2.790000000000000036 ) ) ;
#51 = ORIENTED_EDGE ( 'NONE', *, *, #2641, .T. ) ;
#52 = DIRECTION ( 'NONE',  ( 0.0000000000000000000, 0.0000000000000000000, 1.000000000000000000 ) ) ;
#53 = DIRECTION ( 'NONE',  ( 0.0000000000000000000, 0.0000000000000000000, 1.000000000000000000 ) ) ;
#54 = CARTESIAN_POINT ( 'NONE',  ( 2.882338975574755047, 1.486998174595735911, 0.5000000000000000000 ) ) ;
#55 = B_SPLINE_CURVE_WITH_KNOTS ( 'NONE', 3,
 ( #8592, #5550, #10612, #6557, #3147, #3194, #8102 ),
 .UNSPECIFIED., .F., .F.,
 ( 4, 1, 1, 1, 4 ),
 ( 0.0000000000000000000, 0.2500000000000263678, 0.5000000000000000000, 0.7500000000000321965, 1.000000000000000000 ),
 .UNSPECIFIED. ) ;
#56 = CARTESIAN_POINT ( 'NONE',  ( -2.283336667340184700, 0.7156941372456170347, 1.463746073971285977 ) ) ;
#57 = CARTESIAN_POINT ( 'NONE',  ( -2.362025455556955311, 2.048777031487380107, 0.6764954946037350370 ) ) ;
#58 = CIRCLE ( 'NONE', #7536, 0.5350103769104849194 ) ;
#59 = CARTESIAN_POINT ( 'NONE',  ( -0.1860053306754375080, 0.6375233852177519811, 2.799999999999999822 ) ) ;
#60 = ORIENTED_EDGE ( 'NONE', *, *, #4257, .F. ) ;
#61 = FACE_OUTER_BOUND ( 'NONE', #4969, .T. ) ;
#62 = CARTESIAN_POINT ( 'NONE',  ( -2.916024452187704785, -1.448466002716390033, 0.4829701159550930378 ) ) ;
#63 = EDGE_CURVE ( 'NONE', #8835, #5240, #3360, .T. ) ;
#64 = LINE ( 'NONE', #9177, #5536 ) ;
#65 = ORIENTED_EDGE ( 'NONE', *, *, #3015, .F. ) ;
#66 = COLOUR_RGB ( '',0.8431372549019607865, 0.8156862745098039102, 0.7529411764705882248 ) ;
#67 = CARTESIAN_POINT ( 'NONE',  ( -2.208192420065824724, 2.908332164593435021, 0.4943389081216100212 ) ) ;
#68 = CARTESIAN_POINT ( 'NONE',  ( -1.149999999999999911, -2.990000000000000213, 0.1100000000000000006 ) ) ;
#69 = CARTESIAN_POINT ( 'NONE',  ( 2.438084870674417814, 1.350751409716546947, 0.1000000000000000056 ) ) ;
#70 = STYLED_ITEM ( 'NONE', ( #2392 ), #4956 ) ;
#71 = SURFACE_STYLE_USAGE ( .BOTH. , #10115 ) ;
#72 = ORIENTED_EDGE ( 'NONE', *, *, #8599, .F. ) ;
#73 = CARTESIAN_POINT ( 'NONE',  ( -2.331531846620825021, 1.961733003781545248, 0.7275713938347200260 ) ) ;
#74 = CARTESIAN_POINT ( 'NONE',  ( -2.500000000000000000, 2.813619399608419780, 0.5000000000000000000 ) ) ;
#75 = ORIENTED_EDGE ( 'NONE', *, *, #3883, .F. ) ;
#76 = DIRECTION ( 'NONE',  ( 0.0000000000000000000, 0.0000000000000000000, 1.000000000000000000 ) ) ;
#77 = CARTESIAN_POINT ( 'NONE',  ( -0.5435340141134449299, -1.344619709246519967, 2.799999999999999822 ) ) ;
#78 = CARTESIAN_POINT ( 'NONE',  ( -2.976026747630170277, 1.746701245583689888, 2.399999999999999911 ) ) ;
#79 = CARTESIAN_POINT ( 'NONE',  ( 2.500000000000000000, 2.053483384199764838, 0.5000000000000000000 ) ) ;
#80 = CARTESIAN_POINT ( 'NONE',  ( 2.991220537596175344, -1.702390443120259889, 2.399999999999999911 ) ) ;
#81 =( GEOMETRIC_REPRESENTATION_CONTEXT ( 3 ) GLOBAL_UNCERTAINTY_ASSIGNED_CONTEXT ( ( #5636 ) ) GLOBAL_UNIT_ASSIGNED_CONTEXT ( ( #4050, #8953, #9974 ) ) REPRESENTATION_CONTEXT ( 'NONE', 'WORKASPACE' ) );
#82 = LINE ( 'NONE', #956, #3653 ) ;
#83 = CARTESIAN_POINT ( 'NONE',  ( -2.502745270276269807, -2.021312443512779833, 0.5000000000000000000 ) ) ;
#84 = CARTESIAN_POINT ( 'NONE',  ( 1.149999999999999911, -2.681881587960845081, -0.2100000000000000200 ) ) ;
#85 = ORIENTED_EDGE ( 'NONE', *, *, #378, .T. ) ;
#86 = EDGE_CURVE ( 'NONE', #10232, #1236, #263, .T. ) ;
#87 = CARTESIAN_POINT ( 'NONE',  ( 2.202783587066335258, -2.899999999999999911, 0.5000000000000000000 ) ) ;
#88 = PLANE ( 'NONE',  #2416 ) ;
#89 = CARTESIAN_POINT ( 'NONE',  ( -2.399999999999999911, -2.674999999999999822, 0.1000000000000000056 ) ) ;
#90 = CARTESIAN_POINT ( 'NONE',  ( 2.897609316784814926, -1.501742763052299923, 0.4829715709687699698 ) ) ;
#91 = CARTESIAN_POINT ( 'NONE',  ( 0.2000000001021064733, -2.899999999999999911, 0.5000000000000000000 ) ) ;
#92 = FACE_OUTER_BOUND ( 'NONE', #6249, .T. ) ;
#93 = CARTESIAN_POINT ( 'NONE',  ( 0.2238433465168739867, -0.4991503583457800874, 2.799999999999999822 ) ) ;
#94 = CARTESIAN_POINT ( 'NONE',  ( 0.2296077742320664916, 0.5382787922413869719, 2.790000000000000036 ) ) ;
#95 = DIRECTION ( 'NONE',  ( -0.8104513319715728192, 0.5858059734293459275, 0.0000000000000000000 ) ) ;
#96 = EDGE_LOOP ( 'NONE', ( #4844, #2112, #1082, #2158 ) ) ;
#97 = DIRECTION ( 'NONE',  ( 0.0000000000000000000, 0.0000000000000000000, 1.000000000000000000 ) ) ;
#98 = CARTESIAN_POINT ( 'NONE',  ( -0.4532578487692079938, -2.608207906439974799, 2.113696463438989870 ) ) ;
#99 = VECTOR ( 'NONE', #6757, 1000.000000000000000 ) ;
#100 = DIRECTION ( 'NONE',  ( 1.000000000000000000, 0.0000000000000000000, 0.0000000000000000000 ) ) ;
#101 = CARTESIAN_POINT ( 'NONE',  ( 2.075359855208873672, 2.674640144777685080, 2.399999999999999911 ) ) ;
#102 = FILL_AREA_STYLE ('',( #7570 ) ) ;
#103 = ORIENTED_EDGE ( 'NONE', *, *, #3737, .F. ) ;
#104 =( NAMED_UNIT ( * ) SI_UNIT ( $, .STERADIAN. ) SOLID_ANGLE_UNIT ( ) );
#105 = DIRECTION ( 'NONE',  ( -1.000000000000000000, 0.0000000000000000000, 0.0000000000000000000 ) ) ;
#106 = CARTESIAN_POINT ( 'NONE',  ( 2.719129180349934671, 1.691010418626754941, 0.5000000000000000000 ) ) ;
#107 = CARTESIAN_POINT ( 'NONE',  ( -3.000000000000000000, 1.223318888510404046, 2.399999999999999911 ) ) ;
#108 = CARTESIAN_POINT ( 'NONE',  ( -2.339732807983589957, 2.053956901699149906, 0.7029171870900959851 ) ) ;
#109 = MECHANICAL_DESIGN_GEOMETRIC_PRESENTATION_REPRESENTATION (  '', ( #4843 ), #2564 ) ;
#110 = AXIS2_PLACEMENT_3D ( 'NONE', #7007, #7840, #365 ) ;
#111 = EDGE_CURVE ( 'NONE', #3574, #5804, #2630, .T. ) ;
#112 = LINE ( 'NONE', #1148, #1831 ) ;
#113 = ORIENTED_EDGE ( 'NONE', *, *, #797, .F. ) ;
#114 = LINE ( 'NONE', #8462, #9326 ) ;
#115 = CARTESIAN_POINT ( 'NONE',  ( -2.863323362174239772, -1.533065447350490107, 0.4886481291994929643 ) ) ;
#116 = DIRECTION ( 'NONE',  ( 1.000000000000000000, 0.0000000000000000000, 0.0000000000000000000 ) ) ;
#117 = SURFACE_STYLE_USAGE ( .BOTH. , #275 ) ;
#118 = VECTOR ( 'NONE', #7530, 1000.000000000000000 ) ;
#119 = ORIENTED_EDGE ( 'NONE', *, *, #5569, .F. ) ;
#120 = MECHANICAL_DESIGN_GEOMETRIC_PRESENTATION_REPRESENTATION (  '', ( #4853 ), #2917 ) ;
#121 = CARTESIAN_POINT ( 'NONE',  ( -0.4532578488921489845, 2.608207906495854989, 2.113696463461929742 ) ) ;
#122 = CARTESIAN_POINT ( 'NONE',  ( -0.1103230765775711913, 0.5872334725168649738, 2.790000000000000036 ) ) ;
#123 = DIRECTION ( 'NONE',  ( 0.0000000000000000000, 0.0000000000000000000, 1.000000000000000000 ) ) ;
#124 = ADVANCED_FACE ( 'NONE', ( #977 ), #6803, .T. ) ;
#125 = AXIS2_PLACEMENT_3D ( 'NONE', #752, #7399, #10734 ) ;
#126 = VECTOR ( 'NONE', #1586, 1000.000000000000114 ) ;
#127 =( GEOMETRIC_REPRESENTATION_CONTEXT ( 3 ) GLOBAL_UNCERTAINTY_ASSIGNED_CONTEXT ( ( #4759 ) ) GLOBAL_UNIT_ASSIGNED_CONTEXT ( ( #211, #7630, #10143 ) ) REPRESENTATION_CONTEXT ( 'NONE', 'WORKASPACE' ) );
#128 = ORIENTED_EDGE ( 'NONE', *, *, #9862, .T. ) ;
#129 = ADVANCED_FACE ( 'NONE', ( #6310 ), #6193, .T. ) ;
#130 = CARTESIAN_POINT ( 'NONE',  ( -2.554864190261604939, 1.644184833545160096, 2.122644347862614911 ) ) ;
#131 = ORIENTED_EDGE ( 'NONE', *, *, #5249, .F. ) ;
#132 = VERTEX_POINT ( 'NONE', #9646 ) ;
#133 = CARTESIAN_POINT ( 'NONE',  ( 0.5100350800582691413, -0.7883975071997799677, 2.790000000000000036 ) ) ;
#134 = CARTESIAN_POINT ( 'NONE',  ( -0.5999999999999999778, -1.302346891745032043, 2.790000000000000036 ) ) ;
#135 = CARTESIAN_POINT ( 'NONE',  ( 3.000000000000000000, 1.429843788128356108, 0.1000000000000000056 ) ) ;
#136 = VECTOR ( 'NONE', #5967, 1000.000000000000000 ) ;
#137 = CARTESIAN_POINT ( 'NONE',  ( 1.990671209642794759, 1.209392801811834062, 1.461183922154239978 ) ) ;
#138 = CARTESIAN_POINT ( 'NONE',  ( 3.000000000000000000, -1.492686379662224061, 2.399999999999999911 ) ) ;
#139 = VECTOR ( 'NONE', #2441, 1000.000000000000000 ) ;
#140 = ORIENTED_EDGE ( 'NONE', *, *, #2219, .T. ) ;
#141 = COLOUR_RGB ( '',0.2000000000000000111, 0.2000000000000000111, 0.2000000000000000111 ) ;
#142 = CARTESIAN_POINT ( 'NONE',  ( -2.500000000000000000, -2.253276997764924960, 0.5000000000000000000 ) ) ;
#143 = COLOUR_RGB ( '',0.7686274509803920907, 0.7686274509803920907, 0.7686274509803920907 ) ;
#144 = ORIENTED_EDGE ( 'NONE', *, *, #9656, .F. ) ;
#145 = AXIS2_PLACEMENT_3D ( 'NONE', #8723, #1256, #429 ) ;
#146 = CARTESIAN_POINT ( 'NONE',  ( 0.6048303823489590281, -2.911914524601289855, 0.4830454893425749630 ) ) ;
#147 = CARTESIAN_POINT ( 'NONE',  ( -2.399999999999999911, 2.979999999999999982, 0.1000000000000000056 ) ) ;
#148 = PLANE ( 'NONE',  #1710 ) ;
#149 = CARTESIAN_POINT ( 'NONE',  ( -0.1871921107803055095, -0.5897407648998560514, 2.799999999999999822 ) ) ;
#150 = CARTESIAN_POINT ( 'NONE',  ( 2.862526700554115067, -1.534127085345834862, 0.4886482582973550315 ) ) ;
#151 = CARTESIAN_POINT ( 'NONE',  ( 2.480821679977809779, -2.879636800488039938, 0.4943365330032309934 ) ) ;
#152 =( LENGTH_UNIT ( ) NAMED_UNIT ( * ) SI_UNIT ( .MILLI., .METRE. ) );
#153 =( GEOMETRIC_REPRESENTATION_CONTEXT ( 3 ) GLOBAL_UNCERTAINTY_ASSIGNED_CONTEXT ( ( #10447 ) ) GLOBAL_UNIT_ASSIGNED_CONTEXT ( ( #2191, #3010, #7302 ) ) REPRESENTATION_CONTEXT ( 'NONE', 'WORKASPACE' ) );
#154 = SURFACE_STYLE_USAGE ( .BOTH. , #9257 ) ;
#155 = CIRCLE ( 'NONE', #1026, 0.2999999999999999334 ) ;
#156 = CARTESIAN_POINT ( 'NONE',  ( -0.1090909090909091966, 0.5836109004627600960, 2.790000000000000036 ) ) ;
#157 = EDGE_CURVE ( 'NONE', #3160, #2485, #2957, .T. ) ;
#158 = CARTESIAN_POINT ( 'NONE',  ( 0.5999999999999999778, -1.047639099537239993, 2.790000000000000036 ) ) ;
#159 = ORIENTED_EDGE ( 'NONE', *, *, #8692, .T. ) ;
#160 = FILL_AREA_STYLE_COLOUR ( '', #10738 ) ;
#161 =( GEOMETRIC_REPRESENTATION_CONTEXT ( 3 ) GLOBAL_UNCERTAINTY_ASSIGNED_CONTEXT ( ( #7038 ) ) GLOBAL_UNIT_ASSIGNED_CONTEXT ( ( #6676, #5125, #10070 ) ) REPRESENTATION_CONTEXT ( 'NONE', 'WORKASPACE' ) );
#162 = CARTESIAN_POINT ( 'NONE',  ( -0.1422628036281948227, -2.495562771045445327, 1.449528787345573999 ) ) ;
#163 = DIRECTION ( 'NONE',  ( 0.0000000000000000000, 0.0000000000000000000, -1.000000000000000000 ) ) ;
#164 = PRESENTATION_STYLE_ASSIGNMENT (( #6101 ) ) ;
#165 = FACE_OUTER_BOUND ( 'NONE', #820, .T. ) ;
#166 = DIRECTION ( 'NONE',  ( 0.0000000000000000000, 0.0000000000000000000, 1.000000000000000000 ) ) ;
#167 = DIRECTION ( 'NONE',  ( 0.0000000000000000000, 0.0000000000000000000, 1.000000000000000000 ) ) ;
#168 = CARTESIAN_POINT ( 'NONE',  ( 2.572566925392024917, 1.623767430287144986, 2.122770708684825092 ) ) ;
#169 = CARTESIAN_POINT ( 'NONE',  ( -2.903774920883254840, 0.7164659636156549549, 0.4943190865082040530 ) ) ;
#170 = CARTESIAN_POINT ( 'NONE',  ( -2.385719743701229856, 2.012603323229814833, 0.6507384022544899782 ) ) ;
#171 = CARTESIAN_POINT ( 'NONE',  ( -2.644525323184695242, 1.975692646691000087, 0.3864410810002315011 ) ) ;
#172 = VERTEX_POINT ( 'NONE', #2133 ) ;
#173 = CARTESIAN_POINT ( 'NONE',  ( -2.600000000000000089, -2.799999999999999822, 0.5000000000000000000 ) ) ;
#174 = CARTESIAN_POINT ( 'NONE',  ( -2.894215292365830194, -1.481277601611452166, 0.4943236962484490737 ) ) ;
#175 = CARTESIAN_POINT ( 'NONE',  ( -2.454164653166566623, 1.382209187935723671, 0.1000000000000000333 ) ) ;
#176 = CARTESIAN_POINT ( 'NONE',  ( -0.1103230765775711913, 0.5872334725168649738, 2.790000000000000036 ) ) ;
#177 = EDGE_LOOP ( 'NONE', ( #924, #601, #4233, #1861, #6997, #10573, #72, #2669, #8774, #7247 ) ) ;
#178 = VECTOR ( 'NONE', #8797, 1000.000000000000000 ) ;
#179 = CARTESIAN_POINT ( 'NONE',  ( -2.507906120746274947, 2.857183729432470010, 0.4886722839472210089 ) ) ;
#180 =( LENGTH_UNIT ( ) NAMED_UNIT ( * ) SI_UNIT ( .MILLI., .METRE. ) );
#181 = DIRECTION ( 'NONE',  ( -1.000000000000000000, 0.0000000000000000000, 0.0000000000000000000 ) ) ;
#182 = EDGE_LOOP ( 'NONE', ( #2141, #7531 ) ) ;
#183 =( LENGTH_UNIT ( ) NAMED_UNIT ( * ) SI_UNIT ( .MILLI., .METRE. ) );
#184 = CARTESIAN_POINT ( 'NONE',  ( -2.023957274232500048, 1.152080217332674072, 1.461567410586282145 ) ) ;
#185 = VERTEX_POINT ( 'NONE', #8779 ) ;
#186 = ORIENTED_EDGE ( 'NONE', *, *, #5381, .F. ) ;
#187 = LINE ( 'NONE', #7541, #3730 ) ;
#188 = CARTESIAN_POINT ( 'NONE',  ( 0.1633928571428575061, -0.5396845540826950005, 2.799999999999999822 ) ) ;
#189 = EDGE_CURVE ( 'NONE', #9569, #4619, #8640, .T. ) ;
#190 = CARTESIAN_POINT ( 'NONE',  ( 2.902182749312355536, 1.847817250687644908, 2.399999999999999911 ) ) ;
#191 = CARTESIAN_POINT ( 'NONE',  ( 2.914956244151360121, -1.321479869838443788, 0.4829678784023770377 ) ) ;
#192 = DIRECTION ( 'NONE',  ( -0.8104513319715728192, 0.5858059734293459275, 0.0000000000000000000 ) ) ;
#193 = CARTESIAN_POINT ( 'NONE',  ( -2.594081101690389968, -1.857837385306595035, 0.4943266888699190398 ) ) ;
#194 = LINE ( 'NONE', #4459, #3778 ) ;
#195 = EDGE_CURVE ( 'NONE', #6890, #6236, #7055, .T. ) ;
#196 = ORIENTED_EDGE ( 'NONE', *, *, #10151, .T. ) ;
#197 = CARTESIAN_POINT ( 'NONE',  ( 0.2011281643929704877, 2.911222584788879963, 0.4830475427319890214 ) ) ;
#198 = CARTESIAN_POINT ( 'NONE',  ( 1.394212631658720003, -2.750000000000000000, 2.399999999999999911 ) ) ;
#199 = ADVANCED_FACE ( 'NONE', ( #10580 ), #8817, .T. ) ;
#200 =( NAMED_UNIT ( * ) PLANE_ANGLE_UNIT ( ) SI_UNIT ( $, .RADIAN. ) );
#201 = PRESENTATION_STYLE_ASSIGNMENT (( #3428 ) ) ;
#202 = CARTESIAN_POINT ( 'NONE',  ( 2.905332556359419893, -1.438614237954058073, 0.4943235401878789959 ) ) ;
#203 = CARTESIAN_POINT ( 'NONE',  ( 0.6048303823489590281, -2.911914524601289855, 0.4830454893425749630 ) ) ;
#204 = CARTESIAN_POINT ( 'NONE',  ( -1.149999999999999911, -3.000000000000000000, 0.1200000000000000094 ) ) ;
#205 =( NAMED_UNIT ( * ) PLANE_ANGLE_UNIT ( ) SI_UNIT ( $, .RADIAN. ) );
#206 = CARTESIAN_POINT ( 'NONE',  ( 2.500000000000000000, 2.674999999999999822, 0.1000000000000000056 ) ) ;
#207 = CARTESIAN_POINT ( 'NONE',  ( 0.1957044358701695019, 0.5616631671116549818, 2.799999999999999822 ) ) ;
#208 = VERTEX_POINT ( 'NONE', #5522 ) ;
#209 = SURFACE_SIDE_STYLE ('',( #8392 ) ) ;
#210 = CARTESIAN_POINT ( 'NONE',  ( -0.2011281643929700158, -2.911222584788094814, 0.4830475427331750171 ) ) ;
#211 =( LENGTH_UNIT ( ) NAMED_UNIT ( * ) SI_UNIT ( .MILLI., .METRE. ) );
#212 = CARTESIAN_POINT ( 'NONE',  ( -0.1337711258411732052, 0.5684396866568829365, 2.790000000000000036 ) ) ;
#213 = CARTESIAN_POINT ( 'NONE',  ( -1.875735931288069924, 2.449999999999999734, 2.799999999999999822 ) ) ;
#214 = ADVANCED_FACE ( 'NONE', ( #8841 ), #1369, .T. ) ;
#215 = CARTESIAN_POINT ( 'NONE',  ( -2.399999999999999911, -2.979999999999999982, 0.1000000000000000056 ) ) ;
#216 = VERTEX_POINT ( 'NONE', #4048 ) ;
#217 = CARTESIAN_POINT ( 'NONE',  ( 0.0000000000000000000, -2.619532199182979859, 2.113405993156165064 ) ) ;
#218 = LINE ( 'NONE', #5992, #9909 ) ;
#219 = CARTESIAN_POINT ( 'NONE',  ( 2.055303757027874934, 1.099255923140851854, 1.461864220076825926 ) ) ;
#220 = CARTESIAN_POINT ( 'NONE',  ( -2.903397378093055092, 0.3597942069320815284, 0.4943178386097900057 ) ) ;
#221 = CARTESIAN_POINT ( 'NONE',  ( 2.600000000000000089, -2.799999999999999822, 0.1200000000000000094 ) ) ;
#222 = CARTESIAN_POINT ( 'NONE',  ( -2.648148418099659729, 1.971518461337644856, 0.3864410810002315011 ) ) ;
#223 = EDGE_LOOP ( 'NONE', ( #1975, #702, #4031, #2155 ) ) ;
#224 = CARTESIAN_POINT ( 'NONE',  ( -2.653355883858349973, -1.805059004714959947, 0.4829784230751779650 ) ) ;
#225 = CARTESIAN_POINT ( 'NONE',  ( -2.599999999999999645, 2.030452379896435566, 0.3674621669475529595 ) ) ;
#226 = CARTESIAN_POINT ( 'NONE',  ( -0.1463446132156279722, 0.6098422153945179947, 2.790000000000000036 ) ) ;
#227 = EDGE_CURVE ( 'NONE', #132, #6504, #4520, .T. ) ;
#228 = ORIENTED_EDGE ( 'NONE', *, *, #8532, .T. ) ;
#229 = CARTESIAN_POINT ( 'NONE',  ( -2.240702688305220125, 1.913565653978740233, 0.8035114884697580617 ) ) ;
#230 = VECTOR ( 'NONE', #10484, 1000.000000000000000 ) ;
#231 = PLANE ( 'NONE',  #1225 ) ;
#232 = CARTESIAN_POINT ( 'NONE',  ( 2.448022212396126829, 1.368606470606795300, 0.09999999999999999167 ) ) ;
#233 = ORIENTED_EDGE ( 'NONE', *, *, #739, .T. ) ;
#234 = DIRECTION ( 'NONE',  ( 0.0000000000000000000, 0.0000000000000000000, -1.000000000000000000 ) ) ;
#235 = CARTESIAN_POINT ( 'NONE',  ( -2.390371073986230055, 1.533976070991309948, 0.8037432388319040166 ) ) ;
#236 = ORIENTED_EDGE ( 'NONE', *, *, #4735, .T. ) ;
#237 = ORIENTED_EDGE ( 'NONE', *, *, #2629, .T. ) ;
#238 = LINE ( 'NONE', #848, #10334 ) ;
#239 = DIRECTION ( 'NONE',  ( 0.0000000000000000000, 0.0000000000000000000, -1.000000000000000000 ) ) ;
#240 = CARTESIAN_POINT ( 'NONE',  ( -2.579999999999999627, -2.799999999999999822, 0.1200000000000000094 ) ) ;
#241 = CARTESIAN_POINT ( 'NONE',  ( 2.653355883858480091, 1.805059004715169779, 0.4829784230746229645 ) ) ;
#242 = CARTESIAN_POINT ( 'NONE',  ( 2.664404656874330257, -0.8978836584133130794, 0.8040196820551469559 ) ) ;
#243 = CARTESIAN_POINT ( 'NONE',  ( -2.481506066827329882, -1.721697075901220009, 2.122259087756074969 ) ) ;
#244 =( NAMED_UNIT ( * ) PLANE_ANGLE_UNIT ( ) SI_UNIT ( $, .RADIAN. ) );
#245 = EDGE_CURVE ( 'NONE', #4506, #2485, #3330, .T. ) ;
#246 = EDGE_LOOP ( 'NONE', ( #6280, #522, #9769, #8118, #10555, #9494, #5574, #837 ) ) ;
#247 = CARTESIAN_POINT ( 'NONE',  ( 1.712896288290954860, 2.750000000000000000, 2.399999999999999911 ) ) ;
#248 = CIRCLE ( 'NONE', #7740, 0.3194015293830334556 ) ;
#249 = CARTESIAN_POINT ( 'NONE',  ( 4.065758146820640395E-17, -2.899999999999999911, 0.5000000000000000000 ) ) ;
#250 = CARTESIAN_POINT ( 'NONE',  ( -0.2517973613883850437, -0.6358536280694090381, 2.799999999999999822 ) ) ;
#251 = CARTESIAN_POINT ( 'NONE',  ( 2.881561599284995445, -1.487969894957932082, 0.5000000000000000000 ) ) ;
#252 = CARTESIAN_POINT ( 'NONE',  ( 0.1798682869810885043, -2.699736777583944924, 0.8025108550506721006 ) ) ;
#253 = CARTESIAN_POINT ( 'NONE',  ( 2.399999999999999911, -2.000000000000000000, 2.328125000000000000 ) ) ;
#254 = MECHANICAL_DESIGN_GEOMETRIC_PRESENTATION_REPRESENTATION (  '', ( #4456 ), #5165 ) ;
#255 = ADVANCED_FACE ( 'NONE', ( #3219 ), #4475, .T. ) ;
#256 = CARTESIAN_POINT ( 'NONE',  ( -2.500000000000000000, -2.052769545406004870, 0.1770374763807484875 ) ) ;
#257 = EDGE_LOOP ( 'NONE', ( #7927, #9496, #5350, #2334, #10550, #885, #5963 ) ) ;
#258 = EDGE_CURVE ( 'NONE', #6890, #4605, #8612, .T. ) ;
#259 = CARTESIAN_POINT ( 'NONE',  ( -1.602478115250064894, -2.394548523488334801, 2.117765524154259893 ) ) ;
#260 = DIRECTION ( 'NONE',  ( 1.516532339388919979E-16, 1.000000000000000000, 0.0000000000000000000 ) ) ;
#261 = CARTESIAN_POINT ( 'NONE',  ( 0.5999999999999999778, -2.169717021615165109, 2.799999999999999822 ) ) ;
#262 = FILL_AREA_STYLE_COLOUR ( '', #8678 ) ;
#263 = LINE ( 'NONE', #9221, #99 ) ;
#264 = MECHANICAL_DESIGN_GEOMETRIC_PRESENTATION_REPRESENTATION (  '', ( #8116 ), #4461 ) ;
#265 = DIRECTION ( 'NONE',  ( 0.0000000000000000000, 0.0000000000000000000, -1.000000000000000000 ) ) ;
#266 = CARTESIAN_POINT ( 'NONE',  ( 2.502745270276275136, 2.021312443512779833, 0.5000000000000000000 ) ) ;
#267 = CARTESIAN_POINT ( 'NONE',  ( -2.224489458603414960, -0.7983316146241590250, 1.463346749394629942 ) ) ;
#268 = DIRECTION ( 'NONE',  ( 0.0000000000000000000, 0.0000000000000000000, 1.000000000000000000 ) ) ;
#269 = CONICAL_SURFACE ( 'NONE', #1146, 0.04999999999999991257, 0.7853981633974476129 ) ;
#270 = VECTOR ( 'NONE', #6430, 1000.000000000000000 ) ;
#271 = CARTESIAN_POINT ( 'NONE',  ( -2.736981910144454133, 2.004042075554153257, 0.3864410810002315011 ) ) ;
#272 = VERTEX_POINT ( 'NONE', #1033 ) ;
#273 = CARTESIAN_POINT ( 'NONE',  ( -2.695915908094149938, -1.359181478205039983, 2.124186236002880257 ) ) ;
#274 = DIRECTION ( 'NONE',  ( 1.000000000000000000, 0.0000000000000000000, 0.0000000000000000000 ) ) ;
#275 = SURFACE_SIDE_STYLE ('',( #7586 ) ) ;
#276 = ORIENTED_EDGE ( 'NONE', *, *, #9423, .F. ) ;
#277 = CARTESIAN_POINT ( 'NONE',  ( -2.500000000000000000, 2.618701491572074769, 0.5000000000000000000 ) ) ;
#278 = CONICAL_SURFACE ( 'NONE', #3262, 0.04999999999999991257, 0.7853981633974476129 ) ;
#279 = CARTESIAN_POINT ( 'NONE',  ( -2.500000000000000000, -1.499952333801978011, 0.1568365928198499903 ) ) ;
#280 = VECTOR ( 'NONE', #6521, 1000.000000000000000 ) ;
#281 = CARTESIAN_POINT ( 'NONE',  ( -0.2345856926139839871, 0.4988310055543719868, 2.799999999999999822 ) ) ;
#282 = EDGE_CURVE ( 'NONE', #4644, #436, #4371, .T. ) ;
#283 = UNCERTAINTY_MEASURE_WITH_UNIT (LENGTH_MEASURE( 1.000000000000000082E-05 ), #152, 'distance_accuracy_value', 'NONE');
#284 = CIRCLE ( 'NONE', #9339, 0.2000000000000000944 ) ;
#285 = MECHANICAL_DESIGN_GEOMETRIC_PRESENTATION_REPRESENTATION (  '', ( #9515 ), #10213 ) ;
#286 = EDGE_LOOP ( 'NONE', ( #131, #9050, #767, #4933 ) ) ;
#287 = CARTESIAN_POINT ( 'NONE',  ( -2.414282326247679578, -2.004042074047625022, 0.4249999999999999889 ) ) ;
#288 = AXIS2_PLACEMENT_3D ( 'NONE', #8907, #10534, #7970 ) ;
#289 = CARTESIAN_POINT ( 'NONE',  ( -2.727109065353599870, 1.702616006829235085, 0.4886507561783389741 ) ) ;
#290 = ORIENTED_EDGE ( 'NONE', *, *, #7351, .F. ) ;
#291 = ORIENTED_EDGE ( 'NONE', *, *, #3777, .T. ) ;
#292 = CARTESIAN_POINT ( 'NONE',  ( -0.1090909090909091966, 0.5836109004627600960, 2.790000000000000036 ) ) ;
#293 = CARTESIAN_POINT ( 'NONE',  ( 1.539048788492239916, 1.549902671380805064, 1.456300410087664199 ) ) ;
#294 = CARTESIAN_POINT ( 'NONE',  ( 2.906624447344849926, -0.1208245306372769945, 0.4886350659649029704 ) ) ;
#295 = CARTESIAN_POINT ( 'NONE',  ( 2.998981725600580184, -1.449999999999999956, 0.1000000000000000056 ) ) ;
#296 = CARTESIAN_POINT ( 'NONE',  ( -2.506397692296944868, -2.748272631935420041, 0.4943351688379610254 ) ) ;
#297 = CARTESIAN_POINT ( 'NONE',  ( -1.449999999999999956, -1.815039362631929887, 2.799999999999999822 ) ) ;
#298 = VECTOR ( 'NONE', #2620, 1000.000000000000000 ) ;
#299 = STYLED_ITEM ( 'NONE', ( #8120 ), #1589 ) ;
#300 = VERTEX_POINT ( 'NONE', #2727 ) ;
#301 = CARTESIAN_POINT ( 'NONE',  ( 2.443292956677309835, 2.892897529834719705, 0.5000000000000000000 ) ) ;
#302 = VECTOR ( 'NONE', #8382, 1000.000000000000000 ) ;
#303 = MECHANICAL_DESIGN_GEOMETRIC_PRESENTATION_REPRESENTATION (  '', ( #8328 ), #3288 ) ;
#304 = CARTESIAN_POINT ( 'NONE',  ( 2.474268881899805095, -2.870371900546480060, 0.5000000000000000000 ) ) ;
#305 = VECTOR ( 'NONE', #8136, 1000.000000000000000 ) ;
#306 = SURFACE_STYLE_FILL_AREA ( #5338 ) ;
#307 = CARTESIAN_POINT ( 'NONE',  ( -2.310018428004629865, -1.993797432820054727, 0.7491798490490469975 ) ) ;
#308 = CARTESIAN_POINT ( 'NONE',  ( -2.456263056706778691, -2.612547719110208444, 0.1000000000000000056 ) ) ;
#309 = CARTESIAN_POINT ( 'NONE',  ( 2.568761605869020137, -0.06933440793220670140, 1.466472920347475783 ) ) ;
#310 = CARTESIAN_POINT ( 'NONE',  ( 1.882930494612120143, -2.285425013708514808, 2.119050485318270116 ) ) ;
#311 = ADVANCED_FACE ( 'NONE', ( #6042 ), #6907, .T. ) ;
#312 = PRESENTATION_STYLE_ASSIGNMENT (( #154 ) ) ;
#313 = DIRECTION ( 'NONE',  ( 0.0000000000000000000, 1.000000000000000000, 0.0000000000000000000 ) ) ;
#314 = AXIS2_PLACEMENT_3D ( 'NONE', #1805, #7636, #105 ) ;
#315 = PRESENTATION_LAYER_ASSIGNMENT (  '', '', ( #7635 ) ) ;
#316 = ORIENTED_EDGE ( 'NONE', *, *, #5743, .F. ) ;
#317 = ORIENTED_EDGE ( 'NONE', *, *, #6391, .F. ) ;
#318 = CARTESIAN_POINT ( 'NONE',  ( 2.087867965644039536, -2.662132034355964905, 2.399999999999999911 ) ) ;
#319 = DIRECTION ( 'NONE',  ( 0.0000000000000000000, 0.0000000000000000000, -1.000000000000000000 ) ) ;
#320 = AXIS2_PLACEMENT_3D ( 'NONE', #354, #2932, #2168 ) ;
#321 = FACE_OUTER_BOUND ( 'NONE', #9114, .T. ) ;
#322 = FILL_AREA_STYLE ('',( #10254 ) ) ;
#323 = VERTEX_POINT ( 'NONE', #9694 ) ;
#324 =( NAMED_UNIT ( * ) PLANE_ANGLE_UNIT ( ) SI_UNIT ( $, .RADIAN. ) );
#325 = VECTOR ( 'NONE', #6900, 1000.000000000000000 ) ;
#326 = CARTESIAN_POINT ( 'NONE',  ( -0.1090909090909085999, -1.657379359277499908, 2.799999999999999822 ) ) ;
#327 = EDGE_CURVE ( 'NONE', #4618, #3833, #3049, .T. ) ;
#328 = CARTESIAN_POINT ( 'NONE',  ( 1.951039452977745059, 1.262055402779407975, 1.460533545293135838 ) ) ;
#329 = CARTESIAN_POINT ( 'NONE',  ( -2.903312223672364745, -0.1184703704579024020, 0.4943175329825580389 ) ) ;
#330 = CARTESIAN_POINT ( 'NONE',  ( -1.875735931288069924, 2.750000000000000000, 2.399999999999999911 ) ) ;
#331 = ADVANCED_FACE ( 'NONE', ( #3108 ), #6300, .T. ) ;
#332 = AXIS2_PLACEMENT_3D ( 'NONE', #8222, #794, #10624 ) ;
#333 = CARTESIAN_POINT ( 'NONE',  ( -2.705343432513379831, 1.957286497858095053, 0.3864410810002315011 ) ) ;
#334 = VERTEX_POINT ( 'NONE', #581 ) ;
#335 = CARTESIAN_POINT ( 'NONE',  ( -2.648710707377134987, -1.800254820158575075, 0.4886522820501189579 ) ) ;
#336 = CARTESIAN_POINT ( 'NONE',  ( -2.459351447815273151, 1.395523385414104034, 0.1000000000000000472 ) ) ;
#337 = CARTESIAN_POINT ( 'NONE',  ( -0.3918581830457265047, 0.7873498388791929647, 2.799999999999999822 ) ) ;
#338 = ORIENTED_EDGE ( 'NONE', *, *, #2447, .T. ) ;
#339 = CARTESIAN_POINT ( 'NONE',  ( -2.513306381216535268, 2.831510201904865021, 0.4886717604840539741 ) ) ;
#340 = CARTESIAN_POINT ( 'NONE',  ( 2.600000000000000089, -2.799999999999999822, 0.5000000000000000000 ) ) ;
#341 = CARTESIAN_POINT ( 'NONE',  ( 2.399999999999999911, 2.979999999999999982, 0.1000000000000000056 ) ) ;
#342 = ORIENTED_EDGE ( 'NONE', *, *, #3279, .F. ) ;
#343 =( LENGTH_UNIT ( ) NAMED_UNIT ( * ) SI_UNIT ( .MILLI., .METRE. ) );
#344 = CARTESIAN_POINT ( 'NONE',  ( -2.638639096053830180, 1.791623023996894881, 0.5000000000000000000 ) ) ;
#345 = ORIENTED_EDGE ( 'NONE', *, *, #4339, .F. ) ;
#346 = VERTEX_POINT ( 'NONE', #10570 ) ;
#347 = SURFACE_STYLE_USAGE ( .BOTH. , #8748 ) ;
#348 = EDGE_CURVE ( 'NONE', #498, #2760, #5511, .T. ) ;
#349 = CARTESIAN_POINT ( 'NONE',  ( 2.501233425742495076, 2.848089735507250086, 0.4943361419735770590 ) ) ;
#350 = CARTESIAN_POINT ( 'NONE',  ( 2.904993885185080060, 1.314539917868762009, 0.4943224730859380189 ) ) ;
#351 = CARTESIAN_POINT ( 'NONE',  ( -2.579999999999999627, -2.550000000000000266, 0.1000000000000000056 ) ) ;
#352 = CARTESIAN_POINT ( 'NONE',  ( -2.157506047063665111, -2.281269921724109917, 0.8032609771386549635 ) ) ;
#353 = CARTESIAN_POINT ( 'NONE',  ( -0.5999999999999999778, 0.01210116020301920010, 2.799999999999999822 ) ) ;
#354 = CARTESIAN_POINT ( 'NONE',  ( -3.000000000000000000, 1.429843788128356108, 0.5000000000000000000 ) ) ;
#355 = ORIENTED_EDGE ( 'NONE', *, *, #1265, .F. ) ;
#356 = CARTESIAN_POINT ( 'NONE',  ( 2.456039009938860040, 2.911542791029594568, 0.4886738444836019601 ) ) ;
#357 = CARTESIAN_POINT ( 'NONE',  ( 2.509687204106455294, -2.265968425620250137, 0.4886609787113860293 ) ) ;
#358 = CARTESIAN_POINT ( 'NONE',  ( 2.500000000000000000, -2.500047666198019769, 0.1568365928198499903 ) ) ;
#359 = SURFACE_STYLE_FILL_AREA ( #4633 ) ;
#360 = CARTESIAN_POINT ( 'NONE',  ( -0.1090909090909090023, -0.5353014371995779008, 2.799999999999999822 ) ) ;
#361 = EDGE_CURVE ( 'NONE', #2379, #9811, #1191, .T. ) ;
#362 = CARTESIAN_POINT ( 'NONE',  ( 2.697913448265380154, -0.6033137254067280075, 0.8041219283165029763 ) ) ;
#363 = CARTESIAN_POINT ( 'NONE',  ( 1.543123040379615007, -1.542667026551240106, 1.456509765149019753 ) ) ;
#364 = CARTESIAN_POINT ( 'NONE',  ( -2.044085076647543797, -2.701844355035084799, 2.399999999999999911 ) ) ;
#365 = DIRECTION ( 'NONE',  ( 0.0000000000000000000, 0.0000000000000000000, 1.000000000000000000 ) ) ;
#366 = CARTESIAN_POINT ( 'NONE',  ( -0.1859858810939215013, -1.710988208587259862, 2.790000000000000036 ) ) ;
#367 = CARTESIAN_POINT ( 'NONE',  ( -3.000000000000000000, -2.000000000000000000, -0.3330127018922190429 ) ) ;
#368 = ORIENTED_EDGE ( 'NONE', *, *, #8571, .T. ) ;
#369 = PLANE ( 'NONE',  #1684 ) ;
#370 = ORIENTED_EDGE ( 'NONE', *, *, #1335, .T. ) ;
#371 = CARTESIAN_POINT ( 'NONE',  ( -2.399999999999999911, 2.674999999999999822, 0.1000000000000000056 ) ) ;
#372 = CARTESIAN_POINT ( 'NONE',  ( -0.2399940192235975045, -0.4455790184769179985, 2.790000000000000036 ) ) ;
#373 = DIRECTION ( 'NONE',  ( 0.0000000000000000000, 0.0000000000000000000, 1.000000000000000000 ) ) ;
#374 = PLANE ( 'NONE',  #2954 ) ;
#375 = CARTESIAN_POINT ( 'NONE',  ( 2.493927276152180017, 2.898166600360329692, 0.4830095990090140234 ) ) ;
#376 = CARTESIAN_POINT ( 'NONE',  ( -2.908814219294125092, -1.077966861934199772, 0.4886417787706119897 ) ) ;
#377 = CARTESIAN_POINT ( 'NONE',  ( -2.499999999990380140, 2.813619399653314979, 0.5000000000000000000 ) ) ;
#378 = EDGE_CURVE ( 'NONE', #7668, #6229, #4757, .T. ) ;
#379 = VERTEX_POINT ( 'NONE', #3760 ) ;
#380 = CARTESIAN_POINT ( 'NONE',  ( -2.637449484053859816, -2.017291189999995016, 0.3864410810002315011 ) ) ;
#381 = CARTESIAN_POINT ( 'NONE',  ( -2.481506066827329882, -1.721697075901220009, 2.122259087756074969 ) ) ;
#382 = CARTESIAN_POINT ( 'NONE',  ( 2.587342002738774571, 2.548969894646419654, 0.1013057083957832061 ) ) ;
#383 = CARTESIAN_POINT ( 'NONE',  ( -2.700000000000000178, -1.625735931288069924, 2.700000000000000178 ) ) ;
#384 = EDGE_LOOP ( 'NONE', ( #955, #10679, #8605, #5105, #5720 ) ) ;
#385 = CARTESIAN_POINT ( 'NONE',  ( -2.312166124803729961, -2.035827981294719979, 0.7389301709500191162 ) ) ;
#386 = CARTESIAN_POINT ( 'NONE',  ( -2.514530806159579690, 2.272314139548239798, 0.4829914680667830029 ) ) ;
#387 = CARTESIAN_POINT ( 'NONE',  ( -0.2345856926139834875, -1.745324838601475026, 2.799999999999999822 ) ) ;
#388 = LINE ( 'NONE', #2912, #3614 ) ;
#389 = UNCERTAINTY_MEASURE_WITH_UNIT (LENGTH_MEASURE( 1.000000000000000082E-05 ), #9336, 'distance_accuracy_value', 'NONE');
#390 = CARTESIAN_POINT ( 'NONE',  ( -2.500000000000000000, 2.053860553953705370, 0.1560296750731320070 ) ) ;
#391 = ADVANCED_FACE ( 'NONE', ( #5344 ), #9751, .T. ) ;
#392 = ORIENTED_EDGE ( 'NONE', *, *, #562, .F. ) ;
#393 = SURFACE_SIDE_STYLE ('',( #4559 ) ) ;
#394 = CARTESIAN_POINT ( 'NONE',  ( -2.911324762649770026, 0.7206157517385070044, 0.4829572595246129918 ) ) ;
#395 = EDGE_LOOP ( 'NONE', ( #9291, #10119, #7191, #5271, #7013, #656, #2906, #4995 ) ) ;
#396 = ORIENTED_EDGE ( 'NONE', *, *, #10118, .T. ) ;
#397 = AXIS2_PLACEMENT_3D ( 'NONE', #9981, #9113, #9827 ) ;
#398 = CARTESIAN_POINT ( 'NONE',  ( 1.666257421854810072, 1.484380974371469986, 1.457656876243386135 ) ) ;
#399 = CARTESIAN_POINT ( 'NONE',  ( 3.000000000000000000, -0.1336020817907004055, 2.399999999999999911 ) ) ;
#400 = CARTESIAN_POINT ( 'NONE',  ( -2.596420269017150062, -2.543373247255450220, 0.1082937951943860055 ) ) ;
#401 = CARTESIAN_POINT ( 'NONE',  ( -2.174790356150934745, -2.022494745256960158, 2.120596060557049967 ) ) ;
#402 = UNCERTAINTY_MEASURE_WITH_UNIT (LENGTH_MEASURE( 1.000000000000000082E-05 ), #4246, 'distance_accuracy_value', 'NONE');
#403 = CIRCLE ( 'NONE', #4608, 0.3250000000000000666 ) ;
#404 = CARTESIAN_POINT ( 'NONE',  ( -0.5999999999999999778, 0.9418089524108110844, 2.790000000000000036 ) ) ;
#405 = ORIENTED_EDGE ( 'NONE', *, *, #9673, .F. ) ;
#406 = CARTESIAN_POINT ( 'NONE',  ( 0.8957003623139050408, 2.556527785925569951, 2.114822345400630077 ) ) ;
#407 = CARTESIAN_POINT ( 'NONE',  ( 2.574589024893939815, -2.175410975106060185, 2.399999999999999911 ) ) ;
#408 = CARTESIAN_POINT ( 'NONE',  ( -2.735634556224419978, 2.016822722055224837, 0.3864410810002315011 ) ) ;
#409 = LINE ( 'NONE', #3755, #2936 ) ;
#410 = PLANE ( 'NONE',  #7909 ) ;
#411 = CARTESIAN_POINT ( 'NONE',  ( 2.906624447344849926, 0.1187958658482849983, 0.4886350659649029704 ) ) ;
#412 = CARTESIAN_POINT ( 'NONE',  ( 2.501233425739394889, -2.848089735512354892, 0.4943361419737979934 ) ) ;
#413 = VECTOR ( 'NONE', #705, 1000.000000000000000 ) ;
#414 = DIRECTION ( 'NONE',  ( 0.5766424049155629561, -0.8169966565740621744, 0.0000000000000000000 ) ) ;
#415 = ORIENTED_EDGE ( 'NONE', *, *, #7693, .F. ) ;
#416 = CARTESIAN_POINT ( 'NONE',  ( -2.643826238111394833, 1.945217202360755016, 0.3648403235241770015 ) ) ;
#417 = CARTESIAN_POINT ( 'NONE',  ( 0.2464285714285714968, -1.602833904732045012, 2.790000000000000036 ) ) ;
#418 = EDGE_CURVE ( 'NONE', #3885, #9930, #3091, .T. ) ;
#419 = CIRCLE ( 'NONE', #2359, 0.05000000000000002359 ) ;
#420 = FILL_AREA_STYLE_COLOUR ( '', #9311 ) ;
#421 = ORIENTED_EDGE ( 'NONE', *, *, #10054, .F. ) ;
#422 = CARTESIAN_POINT ( 'NONE',  ( 1.911091270347400117, 2.485355339059324820, 2.799999999999999822 ) ) ;
#423 = ORIENTED_EDGE ( 'NONE', *, *, #9457, .F. ) ;
#424 = SURFACE_STYLE_USAGE ( .BOTH. , #7900 ) ;
#425 = CARTESIAN_POINT ( 'NONE',  ( -0.3918581830457260051, -0.3347280831987289873, 2.790000000000000036 ) ) ;
#426 = CARTESIAN_POINT ( 'NONE',  ( -2.500000000000000000, -1.963191493478630312, 0.1328720042704541748 ) ) ;
#427 = PRESENTATION_STYLE_ASSIGNMENT (( #4717 ) ) ;
#428 = FILL_AREA_STYLE_COLOUR ( '', #9861 ) ;
#429 = DIRECTION ( 'NONE',  ( 1.000000000000000000, 0.0000000000000000000, 0.0000000000000000000 ) ) ;
#430 = CARTESIAN_POINT ( 'NONE',  ( -0.4892917872147509728, -1.384660365403052040, 2.799999999999999822 ) ) ;
#431 = CARTESIAN_POINT ( 'NONE',  ( 2.506397692296969737, 2.748272631935564814, 0.4943351688376930175 ) ) ;
#432 = CARTESIAN_POINT ( 'NONE',  ( -2.906794756186104944, 0.3607998309023319750, 0.4886356772195799558 ) ) ;
#433 = STYLED_ITEM ( 'NONE', ( #4659 ), #5449 ) ;
#434 = FACE_OUTER_BOUND ( 'NONE', #8669, .T. ) ;
#435 = CYLINDRICAL_SURFACE ( 'NONE', #2368, 0.7000000000000000666 ) ;
#436 = VERTEX_POINT ( 'NONE', #3880 ) ;
#437 = CARTESIAN_POINT ( 'NONE',  ( -2.390745553987405181, -1.533459314969000120, 0.8037442719242470224 ) ) ;
#438 = CARTESIAN_POINT ( 'NONE',  ( -2.912132034355960020, -1.837867965644034873, 2.799999999999999822 ) ) ;
#439 = CARTESIAN_POINT ( 'NONE',  ( 0.5000000000000000000, 6.123233995736766036E-17, 0.1000000000000000056 ) ) ;
#440 = CARTESIAN_POINT ( 'NONE',  ( -0.5999999999999999778, -2.200885852783994956, 2.790000000000000036 ) ) ;
#441 = ORIENTED_EDGE ( 'NONE', *, *, #4098, .T. ) ;
#442 = CARTESIAN_POINT ( 'NONE',  ( -2.378867446644475248, -2.030880877121324701, 0.6575542128684859211 ) ) ;
#443 =( LENGTH_UNIT ( ) NAMED_UNIT ( * ) SI_UNIT ( .MILLI., .METRE. ) );
#444 = CARTESIAN_POINT ( 'NONE',  ( -2.036066979398775345, 2.150157591658320211, 2.119848661519875055 ) ) ;
#445 = CARTESIAN_POINT ( 'NONE',  ( -0.1126768240424882023, -1.662631644685024890, 2.799999999999999822 ) ) ;
#446 = ADVANCED_FACE ( 'NONE', ( #7064 ), #1413, .F. ) ;
#447 =( LENGTH_UNIT ( ) NAMED_UNIT ( * ) SI_UNIT ( .MILLI., .METRE. ) );
#448 = CIRCLE ( 'NONE', #6007, 0.2000000000000000944 ) ;
#449 = VECTOR ( 'NONE', #7732, 1000.000000000000000 ) ;
#450 = CARTESIAN_POINT ( 'NONE',  ( -2.500000000000000000, 2.049695478125604708, 0.1860275742670080001 ) ) ;
#451 = DIRECTION ( 'NONE',  ( 0.0000000000000000000, 0.0000000000000000000, 1.000000000000000000 ) ) ;
#452 = VERTEX_POINT ( 'NONE', #2179 ) ;
#453 = CARTESIAN_POINT ( 'NONE',  ( 0.02897727272727309775, -1.756973515121655005, 2.790000000000000036 ) ) ;
#454 = CARTESIAN_POINT ( 'NONE',  ( -2.905332556359375040, 1.438614237954110253, 0.4943235401878899316 ) ) ;
#455 = ORIENTED_EDGE ( 'NONE', *, *, #8692, .F. ) ;
#456 = ORIENTED_EDGE ( 'NONE', *, *, #5726, .T. ) ;
#457 = CARTESIAN_POINT ( 'NONE',  ( 2.500000000000000000, -2.799999999999999822, 0.5000000000000000000 ) ) ;
#458 = PRESENTATION_LAYER_ASSIGNMENT (  '', '', ( #5007 ) ) ;
#459 = CARTESIAN_POINT ( 'NONE',  ( 2.514530806164720023, 2.272314139548770040, 0.4829914680666220206 ) ) ;
#460 = LINE ( 'NONE', #10280, #1212 ) ;
#461 = EDGE_CURVE ( 'NONE', #300, #4711, #8472, .T. ) ;
#462 = CARTESIAN_POINT ( 'NONE',  ( -2.519959571832069756, -2.840455603053384959, 0.4830076407268020233 ) ) ;
#463 = CARTESIAN_POINT ( 'NONE',  ( 0.5999999999999999778, -0.8552689696671109676, 2.790000000000000036 ) ) ;
#464 = STYLED_ITEM ( 'NONE', ( #7235 ), #6833 ) ;
#465 = EDGE_CURVE ( 'NONE', #2126, #4795, #1635, .T. ) ;
#466 = AXIS2_PLACEMENT_3D ( 'NONE', #7086, #7028, #8083 ) ;
#467 = CARTESIAN_POINT ( 'NONE',  ( -0.5999999999999999778, -2.004132606030744945, 2.799999999999999822 ) ) ;
#468 = EDGE_LOOP ( 'NONE', ( #626, #1629, #2495, #8833 ) ) ;
#469 = CARTESIAN_POINT ( 'NONE',  ( -1.211950971291044121, 2.915076103051430056, 0.4830375302643930002 ) ) ;
#470 = CARTESIAN_POINT ( 'NONE',  ( 1.882930494612120143, -2.285425013708514808, 2.119050485318270116 ) ) ;
#471 = FILL_AREA_STYLE_COLOUR ( '', #141 ) ;
#472 = CARTESIAN_POINT ( 'NONE',  ( -2.315979419167195186, -1.980265071694999879, 0.7442165886605290881 ) ) ;
#473 = VECTOR ( 'NONE', #6215, 1000.000000000000000 ) ;
#474 = DIRECTION ( 'NONE',  ( -0.8169522701909389673, -0.5767052871526938684, 0.0000000000000000000 ) ) ;
#475 = CARTESIAN_POINT ( 'NONE',  ( 2.553975299655655284, -0.2060319878451264963, 1.466309289146743966 ) ) ;
#476 = CARTESIAN_POINT ( 'NONE',  ( 2.507906120746319800, -2.857183729432159591, 0.4886722839475969860 ) ) ;
#477 =( GEOMETRIC_REPRESENTATION_CONTEXT ( 3 ) GLOBAL_UNCERTAINTY_ASSIGNED_CONTEXT ( ( #5434 ) ) GLOBAL_UNIT_ASSIGNED_CONTEXT ( ( #8246, #7421, #3295 ) ) REPRESENTATION_CONTEXT ( 'NONE', 'WORKASPACE' ) );
#478 = CARTESIAN_POINT ( 'NONE',  ( 0.0000000000000000000, -2.899999999999999911, 0.5000000000000000000 ) ) ;
#479 = TOROIDAL_SURFACE ( 'NONE', #3625, 2.228124999999999911, 0.1000000000000000056 ) ;
#480 = ADVANCED_FACE ( 'NONE', ( #3926 ), #2461, .F. ) ;
#481 = DIRECTION ( 'NONE',  ( 0.0000000000000000000, 0.0000000000000000000, -1.000000000000000000 ) ) ;
#482 = B_SPLINE_CURVE_WITH_KNOTS ( 'NONE', 3,
 ( #7219, #10557, #6132, #9458, #4953, #10716, #783, #4911, #3151, #7379, #6456, #2448, #4073, #6618, #3971, #5756, #9793, #8160, #8978 ),
 .UNSPECIFIED., .F., .F.,
 ( 4, 1, 1, 1, 1, 1, 1, 1, 1, 1, 1, 1, 1, 1, 1, 1, 4 ),
 ( 0.0000000000000000000, 0.01681894172984575025, 0.04000885950673779834, 0.06933925779684610435, 0.1044390419415416049, 0.1456839376965950172, 0.1929665541798580020, 0.2467636342673185101, 0.3057092442526634923, 0.3716976109959455044, 0.4432015931487109928, 0.5204873727434039532, 0.6045517168100760230, 0.6940355353249040293, 0.7900294905600779849, 0.8918067042967169344, 1.000000000000000000 ),
 .UNSPECIFIED. ) ;
#483 = CARTESIAN_POINT ( 'NONE',  ( 0.1957044358701700015, -1.682492677044189922, 2.790000000000000036 ) ) ;
#484 = PRESENTATION_LAYER_ASSIGNMENT (  '', '', ( #4317 ) ) ;
#485 =( GEOMETRIC_REPRESENTATION_CONTEXT ( 3 ) GLOBAL_UNCERTAINTY_ASSIGNED_CONTEXT ( ( #7453 ) ) GLOBAL_UNIT_ASSIGNED_CONTEXT ( ( #2872, #1124, #9414 ) ) REPRESENTATION_CONTEXT ( 'NONE', 'WORKASPACE' ) );
#486 = CARTESIAN_POINT ( 'NONE',  ( -2.383144956605505183, 1.976803420125975208, 0.6578563719926009412 ) ) ;
#487 = ORIENTED_EDGE ( 'NONE', *, *, #1550, .T. ) ;
#488 = VERTEX_POINT ( 'NONE', #6466 ) ;
#489 = CARTESIAN_POINT ( 'NONE',  ( -2.438084870674419147, 2.649248590283458160, 0.09999999999999999167 ) ) ;
#490 = DIRECTION ( 'NONE',  ( 0.0000000000000000000, 1.000000000000000000, 0.0000000000000000000 ) ) ;
#491 = CARTESIAN_POINT ( 'NONE',  ( -2.499999999999999556, -2.001658767796969496, 0.1115119622799113364 ) ) ;
#492 = DIRECTION ( 'NONE',  ( 0.0000000000000000000, 1.000000000000000000, 0.0000000000000000000 ) ) ;
#493 = CARTESIAN_POINT ( 'NONE',  ( -2.799999999999999822, 2.070156211871640117, 0.5000000000000000000 ) ) ;
#494 = CARTESIAN_POINT ( 'NONE',  ( 2.506653190610714788, 2.822564800756894865, 0.4943358802419940412 ) ) ;
#495 = AXIS2_PLACEMENT_3D ( 'NONE', #6672, #8422, #4078 ) ;
#496 = CARTESIAN_POINT ( 'NONE',  ( -2.858060408214860182, -1.528495261797659932, 0.4943240645997470928 ) ) ;
#497 = VECTOR ( 'NONE', #2105, 1000.000000000000000 ) ;
#498 = VERTEX_POINT ( 'NONE', #7340 ) ;
#499 = CARTESIAN_POINT ( 'NONE',  ( -2.735022470289724783, -2.018959070809500211, 0.3864410810002315011 ) ) ;
#500 = AXIS2_PLACEMENT_3D ( 'NONE', #6529, #1685, #708 ) ;
#501 = CARTESIAN_POINT ( 'NONE',  ( -2.500000000000000000, -2.053483384199759509, 0.5000000000000000000 ) ) ;
#502 = CARTESIAN_POINT ( 'NONE',  ( -2.467983458059699764, -1.420488413739009914, 0.1000000000000000056 ) ) ;
#503 = DIRECTION ( 'NONE',  ( 0.0000000000000000000, 0.0000000000000000000, 1.000000000000000000 ) ) ;
#504 = CARTESIAN_POINT ( 'NONE',  ( 2.500000000000000000, 1.324999999999999956, 0.1000000000000000056 ) ) ;
#505 = ORIENTED_EDGE ( 'NONE', *, *, #6920, .T. ) ;
#506 = CARTESIAN_POINT ( 'NONE',  ( -2.345834684213374821, -2.053844828425185121, 0.6955631479167511122 ) ) ;
#507 = CARTESIAN_POINT ( 'NONE',  ( -2.348303986367215046, 1.591583517576470097, 0.8037145940233760832 ) ) ;
#508 = EDGE_CURVE ( 'NONE', #2773, #1590, #3964, .T. ) ;
#509 = PRESENTATION_STYLE_ASSIGNMENT (( #7259 ) ) ;
#510 = CARTESIAN_POINT ( 'NONE',  ( 0.02556818181818170180, 0.6819875238393829919, 2.799999999999999822 ) ) ;
#511 = VECTOR ( 'NONE', #7905, 999.9999999999998863 ) ;
#512 = VECTOR ( 'NONE', #7229, 1000.000000000000000 ) ;
#513 = DIRECTION ( 'NONE',  ( 1.000000000000000000, 0.0000000000000000000, 0.0000000000000000000 ) ) ;
#514 = ORIENTED_EDGE ( 'NONE', *, *, #4896, .F. ) ;
#515 = FACE_OUTER_BOUND ( 'NONE', #2971, .T. ) ;
#516 = CARTESIAN_POINT ( 'NONE',  ( -2.999269425349195384, 1.646765773452540049, 2.399999999999999911 ) ) ;
#517 = ORIENTED_EDGE ( 'NONE', *, *, #1999, .F. ) ;
#518 =( NAMED_UNIT ( * ) SI_UNIT ( $, .STERADIAN. ) SOLID_ANGLE_UNIT ( ) );
#519 = AXIS2_PLACEMENT_3D ( 'NONE', #6286, #9619, #6341 ) ;
#520 = CARTESIAN_POINT ( 'NONE',  ( 2.493927276152180017, 2.898166600360329692, 0.4830095990090140234 ) ) ;
#521 = DIRECTION ( 'NONE',  ( 0.0000000000000000000, 0.0000000000000000000, 1.000000000000000000 ) ) ;
#522 = ORIENTED_EDGE ( 'NONE', *, *, #10019, .T. ) ;
#523 = CARTESIAN_POINT ( 'NONE',  ( -1.596236349080794925, -1.519601992104034904, 1.457030776931961924 ) ) ;
#524 = CARTESIAN_POINT ( 'NONE',  ( -2.579999999999999627, 2.799999999999999822, 0.1000000000000000056 ) ) ;
#525 = ORIENTED_EDGE ( 'NONE', *, *, #6814, .T. ) ;
#526 = CARTESIAN_POINT ( 'NONE',  ( -1.602478115404560199, 2.394548523488339686, 2.117765524174259895 ) ) ;
#527 = EDGE_CURVE ( 'NONE', #1653, #6074, #9805, .T. ) ;
#528 = CARTESIAN_POINT ( 'NONE',  ( 2.519959571824884836, -2.840455603052635336, 0.4830076407266350458 ) ) ;
#529 = CARTESIAN_POINT ( 'NONE',  ( -2.731273227521600511, 2.027173805110495053, 0.3864410810002315011 ) ) ;
#530 = CARTESIAN_POINT ( 'NONE',  ( -2.339019571077899595, -1.957235767364689849, 0.7185342253604690699 ) ) ;
#531 = FACE_OUTER_BOUND ( 'NONE', #1981, .T. ) ;
#532 = CARTESIAN_POINT ( 'NONE',  ( 2.903312223672425141, 0.1184703704579029987, 0.4943175329824510134 ) ) ;
#533 = CARTESIAN_POINT ( 'NONE',  ( 1.917498029988685015, -1.296171336552246034, 1.460149104312261858 ) ) ;
#534 = CARTESIAN_POINT ( 'NONE',  ( -1.875735931288069924, 2.449999999999999734, 2.700000000000000178 ) ) ;
#535 = PRESENTATION_LAYER_ASSIGNMENT (  '', '', ( #2102 ) ) ;
#536 = CARTESIAN_POINT ( 'NONE',  ( 0.5999999999999999778, -1.977346891745034974, 2.790000000000000036 ) ) ;
#537 = CARTESIAN_POINT ( 'NONE',  ( -2.352162306040714856, 1.954070960977435156, 0.7016993700380800281 ) ) ;
#538 = EDGE_CURVE ( 'NONE', #4462, #4680, #3209, .T. ) ;
#539 = ORIENTED_EDGE ( 'NONE', *, *, #2766, .T. ) ;
#540 = DIRECTION ( 'NONE',  ( -1.000000000000000000, 0.0000000000000000000, 0.0000000000000000000 ) ) ;
#541 = ORIENTED_EDGE ( 'NONE', *, *, #24, .F. ) ;
#542 = CARTESIAN_POINT ( 'NONE',  ( 0.2016960644758674925, 0.6073769074756670827, 2.790000000000000036 ) ) ;
#543 = DIRECTION ( 'NONE',  ( 0.0000000000000000000, -1.000000000000000000, 0.0000000000000000000 ) ) ;
#544 = CARTESIAN_POINT ( 'NONE',  ( 0.3194015293830334556, 4.199238496073973749E-17, 0.5000000000000000000 ) ) ;
#545 = SURFACE_STYLE_USAGE ( .BOTH. , #3934 ) ;
#546 = CARTESIAN_POINT ( 'NONE',  ( -0.3086466781300214457, -1.517716298297540067, 2.799999999999999822 ) ) ;
#547 = CARTESIAN_POINT ( 'NONE',  ( 2.505984300577894786, 2.626665369674709982, 0.4943339994214019928 ) ) ;
#548 = CARTESIAN_POINT ( 'NONE',  ( 0.1660045177501129898, 0.5808741237481990227, 2.799999999999999822 ) ) ;
#549 =( NAMED_UNIT ( * ) SI_UNIT ( $, .STERADIAN. ) SOLID_ANGLE_UNIT ( ) );
#550 = ADVANCED_FACE ( 'NONE', ( #8276 ), #4808, .T. ) ;
#551 = ORIENTED_EDGE ( 'NONE', *, *, #3777, .F. ) ;
#552 = SURFACE_SIDE_STYLE ('',( #8732 ) ) ;
#553 = CARTESIAN_POINT ( 'NONE',  ( -2.301698508441004876, -1.659824637235985056, 0.8036762491026639976 ) ) ;
#554 =( NAMED_UNIT ( * ) SI_UNIT ( $, .STERADIAN. ) SOLID_ANGLE_UNIT ( ) );
#555 = CARTESIAN_POINT ( 'NONE',  ( 0.2502590124535895022, 0.5232100187596681051, 2.790000000000000036 ) ) ;
#556 = CARTESIAN_POINT ( 'NONE',  ( 0.5999999999999999778, -0.2311618268099679963, 2.799999999999999822 ) ) ;
#557 = VERTEX_POINT ( 'NONE', #1513 ) ;
#558 = CARTESIAN_POINT ( 'NONE',  ( 0.3932563306956449733, -0.7023559241827369570, 2.799999999999999822 ) ) ;
#559 = CARTESIAN_POINT ( 'NONE',  ( -2.813826459735865093, 1.605676986238910198, 0.4829738559365799877 ) ) ;
#560 = CARTESIAN_POINT ( 'NONE',  ( -0.2097610860950374911, -1.727527378903239930, 2.790000000000000036 ) ) ;
#561 = CARTESIAN_POINT ( 'NONE',  ( -2.500000000000000000, -2.000000000000000000, -0.3330127018922190429 ) ) ;
#562 = EDGE_CURVE ( 'NONE', #3833, #9214, #10360, .T. ) ;
#563 = ORIENTED_EDGE ( 'NONE', *, *, #9597, .T. ) ;
#564 = SURFACE_SIDE_STYLE ('',( #9614 ) ) ;
#565 = CARTESIAN_POINT ( 'NONE',  ( -2.224917844806864942, 0.7767116098763069409, 1.463256694444875938 ) ) ;
#566 = ORIENTED_EDGE ( 'NONE', *, *, #2667, .F. ) ;
#567 = LINE ( 'NONE', #3912, #9719 ) ;
#568 = CARTESIAN_POINT ( 'NONE',  ( 2.082132551729724668, 2.403481102298345107, 0.8031532906314480247 ) ) ;
#569 = CARTESIAN_POINT ( 'NONE',  ( -2.494560730721069763, -2.838995741605645051, 0.5000000000000000000 ) ) ;
#570 = EDGE_LOOP ( 'NONE', ( #8538, #2537, #5142, #2725 ) ) ;
#571 = CARTESIAN_POINT ( 'NONE',  ( -0.4532578487692079938, -2.608207906439974799, 2.113696463438989870 ) ) ;
#572 = EDGE_LOOP ( 'NONE', ( #5647, #103, #2440, #6123 ) ) ;
#573 = CARTESIAN_POINT ( 'NONE',  ( -2.434576125276390002, 2.927824506971580032, 0.4830115411764629996 ) ) ;
#574 = CARTESIAN_POINT ( 'NONE',  ( 1.951039453241679933, -1.262055402758605949, 1.460533545281652135 ) ) ;
#575 = CARTESIAN_POINT ( 'NONE',  ( -0.1860053306754375080, -1.606632458938090258, 2.790000000000000036 ) ) ;
#576 = DIRECTION ( 'NONE',  ( 0.0000000000000000000, 0.0000000000000000000, 1.000000000000000000 ) ) ;
#577 = CARTESIAN_POINT ( 'NONE',  ( -0.5999999999999999778, -0.1802689696671105068, 2.799999999999999822 ) ) ;
#578 = CARTESIAN_POINT ( 'NONE',  ( 2.905341484062619717, 1.439758845980581903, 0.4943233719848720287 ) ) ;
#579 = CARTESIAN_POINT ( 'NONE',  ( 2.526909588585465105, -1.990842291294645072, 0.4829835898721360210 ) ) ;
#580 = SURFACE_STYLE_FILL_AREA ( #1573 ) ;
#581 = CARTESIAN_POINT ( 'NONE',  ( -2.998981725600585069, 1.449999999999999956, 0.1000000000000000056 ) ) ;
#582 =( NAMED_UNIT ( * ) PLANE_ANGLE_UNIT ( ) SI_UNIT ( $, .RADIAN. ) );
#583 = EDGE_CURVE ( 'NONE', #5747, #2325, #36, .T. ) ;
#584 = SURFACE_STYLE_USAGE ( .BOTH. , #6721 ) ;
#585 = EDGE_LOOP ( 'NONE', ( #1664, #1796, #4938, #2989, #7587, #1223, #9447, #5818, #563, #2878, #5065, #3055, #9863, #3577, #8227 ) ) ;
#586 = AXIS2_PLACEMENT_3D ( 'NONE', #4425, #3605, #10190 ) ;
#587 = DIRECTION ( 'NONE',  ( -1.000000000000000000, 0.0000000000000000000, 0.0000000000000000000 ) ) ;
#588 = ORIENTED_EDGE ( 'NONE', *, *, #9423, .T. ) ;
#589 = CARTESIAN_POINT ( 'NONE',  ( -0.1644771634263625104, -0.4999113369544799790, 2.790000000000000036 ) ) ;
#590 = PRESENTATION_STYLE_ASSIGNMENT (( #8898 ) ) ;
#591 = DIRECTION ( 'NONE',  ( -1.000000000000000000, 0.0000000000000000000, 0.0000000000000000000 ) ) ;
#592 = DIRECTION ( 'NONE',  ( -1.000000000000000000, 0.0000000000000000000, 0.0000000000000000000 ) ) ;
#593 = CARTESIAN_POINT ( 'NONE',  ( -0.5999999999999999778, -1.109976761874901907, 2.790000000000000036 ) ) ;
#594 = SURFACE_SIDE_STYLE ('',( #6432 ) ) ;
#595 = CARTESIAN_POINT ( 'NONE',  ( 2.137344787162690274, 2.352158022435729912, 0.8032088813127230553 ) ) ;
#596 = CARTESIAN_POINT ( 'NONE',  ( 2.643826238111394833, -1.945217202360755016, 0.5000000000000000000 ) ) ;
#597 = EDGE_CURVE ( 'NONE', #436, #7063, #8172, .T. ) ;
#598 = AXIS2_PLACEMENT_3D ( 'NONE', #1509, #4861, #4961 ) ;
#599 = ADVANCED_FACE ( 'NONE', ( #1575 ), #9859, .T. ) ;
#600 = LINE ( 'NONE', #2472, #7564 ) ;
#601 = ORIENTED_EDGE ( 'NONE', *, *, #1221, .T. ) ;
#602 = CARTESIAN_POINT ( 'NONE',  ( -2.736981910144455021, -2.004042072541096342, 0.3864410810002315011 ) ) ;
#603 = CARTESIAN_POINT ( 'NONE',  ( -2.268438336388810317, -1.756762681113989810, 0.8036112180806419536 ) ) ;
#604 = CARTESIAN_POINT ( 'NONE',  ( 0.2464285714285714968, 0.6413219394237980042, 2.799999999999999822 ) ) ;
#605 = CARTESIAN_POINT ( 'NONE',  ( -0.1670664863060850047, -0.5757764627325210327, 2.790000000000000036 ) ) ;
#606 = DIRECTION ( 'NONE',  ( 1.000000000000000000, 0.0000000000000000000, 0.0000000000000000000 ) ) ;
#607 = VERTEX_POINT ( 'NONE', #6831 ) ;
#608 = AXIS2_PLACEMENT_3D ( 'NONE', #6040, #6195, #2182 ) ;
#609 = CARTESIAN_POINT ( 'NONE',  ( -2.382691661702170283, -2.022992602572570409, 0.6535435261754969360 ) ) ;
#610 = LINE ( 'NONE', #720, #7455 ) ;
#611 = CARTESIAN_POINT ( 'NONE',  ( 2.722683473051674685, 0.1007198102566269904, 0.8042050947339319800 ) ) ;
#612 = CARTESIAN_POINT ( 'NONE',  ( -2.522618806645425149, 1.985646736335825002, 0.4886557265813079587 ) ) ;
#613 = LINE ( 'NONE', #5634, #2514 ) ;
#614 = PRESENTATION_LAYER_ASSIGNMENT (  '', '', ( #9667 ) ) ;
#615 = UNCERTAINTY_MEASURE_WITH_UNIT (LENGTH_MEASURE( 1.000000000000000082E-05 ), #2146, 'distance_accuracy_value', 'NONE');
#616 = CARTESIAN_POINT ( 'NONE',  ( 0.3595554346461874995, -1.799669026757134915, 2.790000000000000036 ) ) ;
#617 = ORIENTED_EDGE ( 'NONE', *, *, #8464, .F. ) ;
#618 = SURFACE_STYLE_USAGE ( .BOTH. , #6394 ) ;
#619 = CARTESIAN_POINT ( 'NONE',  ( -2.719295251495589927, 1.238181275668192249, 2.124675218183854852 ) ) ;
#620 = EDGE_LOOP ( 'NONE', ( #5110, #6057, #8802, #8617 ) ) ;
#621 = DIRECTION ( 'NONE',  ( 0.0000000000000000000, 0.0000000000000000000, 1.000000000000000000 ) ) ;
#622 = B_SPLINE_CURVE_WITH_KNOTS ( 'NONE', 3,
 ( #4937, #7413, #6379, #4008, #8958, #605, #1480, #6486, #3900, #7201, #10535 ),
 .UNSPECIFIED., .F., .F.,
 ( 4, 1, 1, 1, 1, 1, 1, 1, 4 ),
 ( 0.0000000000000000000, 0.1818627159604200016, 0.3478693513041130059, 0.4980370164793330168, 0.6302069238042270483, 0.7473112184362139532, 0.8479049363245800830, 0.9323595851926930189, 1.000000000000000000 ),
 .UNSPECIFIED. ) ;
#623 = CARTESIAN_POINT ( 'NONE',  ( 0.9278325047096319667, 2.750000000000000000, 2.399999999999999911 ) ) ;
#624 = AXIS2_PLACEMENT_3D ( 'NONE', #2156, #3030, #6227 ) ;
#625 = CARTESIAN_POINT ( 'NONE',  ( -2.415873556419330104, -2.899999999986704768, 0.5000000000000000000 ) ) ;
#626 = ORIENTED_EDGE ( 'NONE', *, *, #8807, .F. ) ;
#627 = CARTESIAN_POINT ( 'NONE',  ( -0.8476819515273620320, -2.280429042759045011, 1.451315661373530075 ) ) ;
#628 = EDGE_CURVE ( 'NONE', #6770, #2071, #10382, .T. ) ;
#629 = STYLED_ITEM ( 'NONE', ( #7731 ), #6590 ) ;
#630 = ORIENTED_EDGE ( 'NONE', *, *, #9509, .T. ) ;
#631 = CARTESIAN_POINT ( 'NONE',  ( -2.480821679977780025, 2.879636800488194925, 0.4943365330030349836 ) ) ;
#632 = CARTESIAN_POINT ( 'NONE',  ( 2.929555348542610016, -1.820444651457389984, 2.399999999999999911 ) ) ;
#633 = CARTESIAN_POINT ( 'NONE',  ( -0.1321134603316792000, -1.644332388357850006, 2.799999999999999822 ) ) ;
#634 = DIRECTION ( 'NONE',  ( 0.8169966565740621744, 0.5766424049155629561, 0.0000000000000000000 ) ) ;
#635 = CARTESIAN_POINT ( 'NONE',  ( -0.5999999999999999778, 0.01210116020301920010, 2.790000000000000036 ) ) ;
#636 = CARTESIAN_POINT ( 'NONE',  ( 2.909811549738355207, 1.454923861597979817, 0.4886469048140620330 ) ) ;
#637 = CARTESIAN_POINT ( 'NONE',  ( 2.522492145220790238, -1.679156082309134934, 2.122452691660455582 ) ) ;
#638 =( LENGTH_UNIT ( ) NAMED_UNIT ( * ) SI_UNIT ( .MILLI., .METRE. ) );
#639 = CARTESIAN_POINT ( 'NONE',  ( 2.998947751294765318, -1.650946559077680176, 2.399999999999999911 ) ) ;
#640 = PRESENTATION_LAYER_ASSIGNMENT (  '', '', ( #8301 ) ) ;
#641 = ORIENTED_EDGE ( 'NONE', *, *, #1335, .F. ) ;
#642 = MECHANICAL_DESIGN_GEOMETRIC_PRESENTATION_REPRESENTATION (  '', ( #10049 ), #4143 ) ;
#643 = COLOUR_RGB ( '',0.7686274509803920907, 0.7686274509803920907, 0.7686274509803920907 ) ;
#644 = VERTEX_POINT ( 'NONE', #1833 ) ;
#645 = ORIENTED_EDGE ( 'NONE', *, *, #4272, .T. ) ;
#646 = DIRECTION ( 'NONE',  ( 0.0000000000000000000, -1.000000000000000000, 7.508278481122140539E-12 ) ) ;
#647 = CARTESIAN_POINT ( 'NONE',  ( -0.1141190710410199954, -0.5334365869413509875, 2.790000000000000036 ) ) ;
#648 = DIRECTION ( 'NONE',  ( 0.0000000000000000000, 1.000000000000000000, 0.0000000000000000000 ) ) ;
#649 = LINE ( 'NONE', #5722, #10210 ) ;
#650 = CARTESIAN_POINT ( 'NONE',  ( -2.500000000000000000, 1.957171293647724797, 0.1831093332765559856 ) ) ;
#651 = DIRECTION ( 'NONE',  ( -0.7071067811865470176, 0.7071067811865480168, 0.0000000000000000000 ) ) ;
#652 = SURFACE_STYLE_USAGE ( .BOTH. , #3063 ) ;
#653 = LINE ( 'NONE', #3939, #3809 ) ;
#654 = PRESENTATION_LAYER_ASSIGNMENT (  '', '', ( #1175 ) ) ;
#655 = MECHANICAL_DESIGN_GEOMETRIC_PRESENTATION_REPRESENTATION (  '', ( #3984 ), #2929 ) ;
#656 = ORIENTED_EDGE ( 'NONE', *, *, #10347, .T. ) ;
#657 = ORIENTED_EDGE ( 'NONE', *, *, #1527, .F. ) ;
#658 = CYLINDRICAL_SURFACE ( 'NONE', #8123, 0.4000000000000000222 ) ;
#659 = CARTESIAN_POINT ( 'NONE',  ( -2.075359855312185253, -2.674640144687814747, 2.399999999999999911 ) ) ;
#660 = EDGE_CURVE ( 'NONE', #8476, #5197, #194, .T. ) ;
#661 = LINE ( 'NONE', #8192, #8310 ) ;
#662 =( NAMED_UNIT ( * ) PLANE_ANGLE_UNIT ( ) SI_UNIT ( $, .RADIAN. ) );
#663 =( GEOMETRIC_REPRESENTATION_CONTEXT ( 3 ) GLOBAL_UNCERTAINTY_ASSIGNED_CONTEXT ( ( #4570 ) ) GLOBAL_UNIT_ASSIGNED_CONTEXT ( ( #2938, #6185, #2000 ) ) REPRESENTATION_CONTEXT ( 'NONE', 'WORKASPACE' ) );
#664 = CYLINDRICAL_SURFACE ( 'NONE', #5136, 0.2999999999999999889 ) ;
#665 = PRESENTATION_LAYER_ASSIGNMENT (  '', '', ( #10069 ) ) ;
#666 = EDGE_LOOP ( 'NONE', ( #2088, #7707 ) ) ;
#667 = DIRECTION ( 'NONE',  ( 1.000000000000000000, 0.0000000000000000000, 0.0000000000000000000 ) ) ;
#668 = AXIS2_PLACEMENT_3D ( 'NONE', #7475, #52, #1699 ) ;
#669 = CARTESIAN_POINT ( 'NONE',  ( -0.1090909090909091966, 0.5867764848783439957, 2.799999999999999822 ) ) ;
#670 = CARTESIAN_POINT ( 'NONE',  ( 2.697977444843644879, 0.6056907272300159351, 0.8041245869083969433 ) ) ;
#671 = CARTESIAN_POINT ( 'NONE',  ( -2.798569552357979884, 1.591709953616710083, 0.5000000000000000000 ) ) ;
#672 = DIRECTION ( 'NONE',  ( 1.000000000000000000, 0.0000000000000000000, 0.0000000000000000000 ) ) ;
#673 = EDGE_CURVE ( 'NONE', #8161, #4795, #3485, .T. ) ;
#674 = CARTESIAN_POINT ( 'NONE',  ( 2.700000000000000178, -1.625735931288069924, 2.700000000000000178 ) ) ;
#675 = STYLED_ITEM ( 'NONE', ( #7153 ), #9975 ) ;
#676 = VECTOR ( 'NONE', #10581, 1000.000000000000000 ) ;
#677 = CARTESIAN_POINT ( 'NONE',  ( -2.514130216684504759, -1.974957799319654983, 0.4999999999980700438 ) ) ;
#678 = ORIENTED_EDGE ( 'NONE', *, *, #9137, .T. ) ;
#679 = CARTESIAN_POINT ( 'NONE',  ( -3.000000000000000000, 0.4038401147490955356, 2.399999999999999911 ) ) ;
#680 = EDGE_CURVE ( 'NONE', #7924, #7043, #2558, .T. ) ;
#681 = EDGE_LOOP ( 'NONE', ( #8205, #1935, #5690, #7647, #9518 ) ) ;
#682 = PLANE ( 'NONE',  #4696 ) ;
#683 = CARTESIAN_POINT ( 'NONE',  ( 0.4658324881611000112, 2.750000000000000000, 2.399999999999999911 ) ) ;
#684 = CARTESIAN_POINT ( 'NONE',  ( 2.552809863651909872, -1.898909564511435111, 0.4999999999999749645 ) ) ;
#685 = PRESENTATION_LAYER_ASSIGNMENT (  '', '', ( #2774 ) ) ;
#686 = CARTESIAN_POINT ( 'NONE',  ( -1.913227211128649907, -2.453946039357945086, 0.8030607983751869572 ) ) ;
#687 = ORIENTED_EDGE ( 'NONE', *, *, #8548, .F. ) ;
#688 = ORIENTED_EDGE ( 'NONE', *, *, #6479, .F. ) ;
#689 = CIRCLE ( 'NONE', #4353, 0.05000000000000012768 ) ;
#690 = CARTESIAN_POINT ( 'NONE',  ( -1.813745466222625113, 2.913523276464290213, 0.4886839822511390152 ) ) ;
#691 = EDGE_CURVE ( 'NONE', #1504, #3885, #8302, .T. ) ;
#692 = CARTESIAN_POINT ( 'NONE',  ( 2.541965463879420017, -1.939802689167530181, 0.4886548233449369838 ) ) ;
#693 = CARTESIAN_POINT ( 'NONE',  ( -2.707133708081975065, 2.049700573110834867, 0.3864410810002315011 ) ) ;
#694 = CARTESIAN_POINT ( 'NONE',  ( -2.387044952756789407, -2.003075415063091391, 0.6500009819118012233 ) ) ;
#695 = CARTESIAN_POINT ( 'NONE',  ( -0.4000000000000000222, 1.800000000000000044, 2.799999999999999822 ) ) ;
#696 = CARTESIAN_POINT ( 'NONE',  ( 2.206728321161609774, 0.8169145276201400518, 1.463173140499087976 ) ) ;
#697 = CARTESIAN_POINT ( 'NONE',  ( 2.348303986364860041, -1.591583517580525076, 0.8037145940212889750 ) ) ;
#698 = CARTESIAN_POINT ( 'NONE',  ( -2.105702903052999897, -1.010392261741158038, 1.462292711738926165 ) ) ;
#699 = ORIENTED_EDGE ( 'NONE', *, *, #892, .F. ) ;
#700 = EDGE_CURVE ( 'NONE', #3710, #6679, #10228, .T. ) ;
#701 =( NAMED_UNIT ( * ) PLANE_ANGLE_UNIT ( ) SI_UNIT ( $, .RADIAN. ) );
#702 = ORIENTED_EDGE ( 'NONE', *, *, #9596, .T. ) ;
#703 = CARTESIAN_POINT ( 'NONE',  ( 0.1957044358701700015, -0.5604147549662670258, 2.799999999999999822 ) ) ;
#704 = CARTESIAN_POINT ( 'NONE',  ( -0.5999999999999999778, -0.1802689696671105068, 2.790000000000000036 ) ) ;
#705 = DIRECTION ( 'NONE',  ( 0.0000000000000000000, 1.000000000000000000, 0.0000000000000000000 ) ) ;
#706 = LINE ( 'NONE', #863, #7427 ) ;
#707 = CARTESIAN_POINT ( 'NONE',  ( -2.500000000000000000, 1.958293386699995198, 0.1417404801294429861 ) ) ;
#708 = DIRECTION ( 'NONE',  ( 0.0000000000000000000, 0.0000000000000000000, -1.000000000000000000 ) ) ;
#709 = PLANE ( 'NONE',  #10433 ) ;
#710 = VECTOR ( 'NONE', #10005, 999.9999999999998863 ) ;
#711 = PRESENTATION_STYLE_ASSIGNMENT (( #9651 ) ) ;
#712 = LINE ( 'NONE', #1588, #10015 ) ;
#713 = EDGE_LOOP ( 'NONE', ( #5446, #2300, #3624, #4509, #6226, #5583, #2642, #2104, #6470, #3362, #8697, #1449, #6197, #3972, #10152, #3074 ) ) ;
#714 = CARTESIAN_POINT ( 'NONE',  ( -2.600000000000000089, 2.533647347903380087, 0.1200000000000000094 ) ) ;
#715 = CARTESIAN_POINT ( 'NONE',  ( -2.501233425742464878, -2.848089735507095099, 0.4943361419738540596 ) ) ;
#716 = FILL_AREA_STYLE_COLOUR ( '', #3615 ) ;
#717 = CARTESIAN_POINT ( 'NONE',  ( 0.5100350800582680311, 0.3336804148781429835, 2.790000000000000036 ) ) ;
#718 = ORIENTED_EDGE ( 'NONE', *, *, #5078, .T. ) ;
#719 = DIRECTION ( 'NONE',  ( 0.0000000000000000000, 0.0000000000000000000, 1.000000000000000000 ) ) ;
#720 = CARTESIAN_POINT ( 'NONE',  ( -2.750000000000000000, 1.625735931288069924, 2.799999999999999822 ) ) ;
#721 = CARTESIAN_POINT ( 'NONE',  ( 2.899587956184325410, 1.485790864957944102, 0.4886473924965730187 ) ) ;
#722 = CARTESIAN_POINT ( 'NONE',  ( -2.055581015056910044, 1.099017361363531897, 1.461853888028854076 ) ) ;
#723 = CARTESIAN_POINT ( 'NONE',  ( -2.579999999999999627, 2.799999999999999822, 0.1200000000000000094 ) ) ;
#724 =( NAMED_UNIT ( * ) SI_UNIT ( $, .STERADIAN. ) SOLID_ANGLE_UNIT ( ) );
#725 = B_SPLINE_CURVE_WITH_KNOTS ( 'NONE', 3,
 ( #1046, #10108, #4386, #336, #2639, #175, #5312, #8627, #4494, #7585 ),
 .UNSPECIFIED., .F., .F.,
 ( 4, 1, 1, 2, 2, 4 ),
 ( 0.0000000000000000000, 0.2499999999999975020, 0.3749999999999982792, 0.4374999999999981126, 0.4999999999999978906, 1.000000000000000000 ),
 .UNSPECIFIED. ) ;
#726 = EDGE_CURVE ( 'NONE', #3780, #5086, #10171, .T. ) ;
#727 = UNCERTAINTY_MEASURE_WITH_UNIT (LENGTH_MEASURE( 1.000000000000000082E-05 ), #10768, 'distance_accuracy_value', 'NONE');
#728 = DIRECTION ( 'NONE',  ( 0.0000000000000000000, 0.0000000000000000000, 1.000000000000000000 ) ) ;
#729 = VERTEX_POINT ( 'NONE', #1942 ) ;
#730 = CARTESIAN_POINT ( 'NONE',  ( -2.913221328941185018, -1.081075386782229808, 0.4829626681559179846 ) ) ;
#731 = ORIENTED_EDGE ( 'NONE', *, *, #3762, .F. ) ;
#732 = DIRECTION ( 'NONE',  ( 1.000000000000000000, 0.0000000000000000000, 0.0000000000000000000 ) ) ;
#733 = CARTESIAN_POINT ( 'NONE',  ( -0.2003760549341825348, 2.903740861596295186, 0.4943491809106630441 ) ) ;
#734 = FILL_AREA_STYLE ('',( #8874 ) ) ;
#735 = CARTESIAN_POINT ( 'NONE',  ( -1.209504431544712100, -2.910050735370265151, 0.4886916868436430028 ) ) ;
#736 = EDGE_CURVE ( 'NONE', #729, #5097, #2728, .T. ) ;
#737 = CARTESIAN_POINT ( 'NONE',  ( -2.087867965644035095, 2.662132034355964905, 2.799999999999999822 ) ) ;
#738 = EDGE_LOOP ( 'NONE', ( #4348, #7172, #3029, #5314, #5251 ) ) ;
#739 = EDGE_CURVE ( 'NONE', #9584, #6815, #3420, .T. ) ;
#740 = CARTESIAN_POINT ( 'NONE',  ( -2.240702688305220125, 1.913565653978740233, 0.8035114884697580617 ) ) ;
#741 = CARTESIAN_POINT ( 'NONE',  ( 2.572763945685050402, -1.623597747644449862, 2.122770708680850049 ) ) ;
#742 = SURFACE_STYLE_FILL_AREA ( #5706 ) ;
#743 = CARTESIAN_POINT ( 'NONE',  ( -3.000000000000000000, 1.625735931288069924, 2.399999999999999911 ) ) ;
#744 = CARTESIAN_POINT ( 'NONE',  ( 0.5999999999999999778, 1.087425835527694007, 2.790000000000000036 ) ) ;
#745 = CARTESIAN_POINT ( 'NONE',  ( 2.904993885185080060, 1.314539917868762009, 0.4943224730859380189 ) ) ;
#746 = CARTESIAN_POINT ( 'NONE',  ( 2.390371073983814654, -1.533976070995124896, 0.8037432388302699904 ) ) ;
#747 = CARTESIAN_POINT ( 'NONE',  ( -2.695915908094149938, -1.359181478205039983, 2.124186236002880257 ) ) ;
#748 = CARTESIAN_POINT ( 'NONE',  ( 2.999269425349199825, -1.646765773452540049, 2.399999999999999911 ) ) ;
#749 = EDGE_LOOP ( 'NONE', ( #9448, #4450, #7371, #6180, #7873, #3740, #423, #4653, #6198, #3084, #2560, #2198, #5352, #8461, #9935 ) ) ;
#750 = VERTEX_POINT ( 'NONE', #10074 ) ;
#751 = CARTESIAN_POINT ( 'NONE',  ( 0.3595554346461869999, -0.6775911046792129078, 2.799999999999999822 ) ) ;
#752 = CARTESIAN_POINT ( 'NONE',  ( 2.799999999999999822, -1.429843788128356108, 0.5000000000000000000 ) ) ;
#753 = FILL_AREA_STYLE_COLOUR ( '', #7551 ) ;
#754 = CARTESIAN_POINT ( 'NONE',  ( -0.1090909090909085999, -1.660544943693085029, 2.790000000000000036 ) ) ;
#755 =( LENGTH_UNIT ( ) NAMED_UNIT ( * ) SI_UNIT ( .MILLI., .METRE. ) );
#756 = VECTOR ( 'NONE', #9402, 1000.000000000000000 ) ;
#757 = DIRECTION ( 'NONE',  ( 0.0000000000000000000, 0.0000000000000000000, 1.000000000000000000 ) ) ;
#758 = LINE ( 'NONE', #1688, #9895 ) ;
#759 = ADVANCED_FACE ( 'NONE', ( #5127 ), #1015, .T. ) ;
#760 = COLOUR_RGB ( '',0.8431372549019607865, 0.8156862745098039102, 0.7529411764705882248 ) ;
#761 = VERTEX_POINT ( 'NONE', #353 ) ;
#762 = CARTESIAN_POINT ( 'NONE',  ( 2.500000000000000000, 2.799999999999999822, 0.5000000000000000000 ) ) ;
#763 = CARTESIAN_POINT ( 'NONE',  ( -2.494560730733039744, -2.838995741587140298, 0.5000000000000000000 ) ) ;
#764 = DIRECTION ( 'NONE',  ( -0.7071067811865474617, 0.0000000000000000000, 0.7071067811865474617 ) ) ;
#765 = CARTESIAN_POINT ( 'NONE',  ( 0.3282910536466944751, 0.4670829541148799890, 2.790000000000000036 ) ) ;
#766 = CARTESIAN_POINT ( 'NONE',  ( 1.149999999999999911, 2.681881587960845081, 0.09000000000000001055 ) ) ;
#767 = ORIENTED_EDGE ( 'NONE', *, *, #3573, .T. ) ;
#768 = DIRECTION ( 'NONE',  ( 0.0000000000000000000, -1.000000000000000000, 0.0000000000000000000 ) ) ;
#769 = CARTESIAN_POINT ( 'NONE',  ( 2.910682968125235082, 1.444112424348559909, 0.4886467439697429471 ) ) ;
#770 = CARTESIAN_POINT ( 'NONE',  ( -2.913202567510785101, 1.079890169295389946, 0.4829629893201549673 ) ) ;
#771 = MECHANICAL_DESIGN_GEOMETRIC_PRESENTATION_REPRESENTATION (  '', ( #8772 ), #5983 ) ;
#772 = CARTESIAN_POINT ( 'NONE',  ( -2.600000000000000089, -2.070156211871640117, 0.3634627865033320249 ) ) ;
#773 =( GEOMETRIC_REPRESENTATION_CONTEXT ( 3 ) GLOBAL_UNCERTAINTY_ASSIGNED_CONTEXT ( ( #9891 ) ) GLOBAL_UNIT_ASSIGNED_CONTEXT ( ( #2022, #9598, #3669 ) ) REPRESENTATION_CONTEXT ( 'NONE', 'WORKASPACE' ) );
#774 = EDGE_LOOP ( 'NONE', ( #9189, #2206, #5624, #10106 ) ) ;
#775 = CARTESIAN_POINT ( 'NONE',  ( -2.906624447344730022, -0.1187958658482842073, 0.4886350659651150785 ) ) ;
#776 = VERTEX_POINT ( 'NONE', #7828 ) ;
#777 = CARTESIAN_POINT ( 'NONE',  ( -1.765698779334879731, -2.004042074047625022, 0.7500000000000000000 ) ) ;
#778 = EDGE_CURVE ( 'NONE', #5097, #8321, #4845, .T. ) ;
#779 = CARTESIAN_POINT ( 'NONE',  ( 2.415873556368010266, 2.899999999999999911, 0.5000000000000000000 ) ) ;
#780 = CARTESIAN_POINT ( 'NONE',  ( -2.307797728174930008, -2.004042074047625022, 0.7500000000000000000 ) ) ;
#781 = FILL_AREA_STYLE ('',( #9739 ) ) ;
#782 = COLOUR_RGB ( '',0.8431372549019607865, 0.8156862745098039102, 0.7529411764705882248 ) ;
#783 = CARTESIAN_POINT ( 'NONE',  ( 0.2296077742320664916, -1.705877051914459930, 2.799999999999999822 ) ) ;
#784 = VERTEX_POINT ( 'NONE', #2817 ) ;
#785 = CARTESIAN_POINT ( 'NONE',  ( -0.1090909090909091966, 0.5836109004627600960, 2.799999999999999822 ) ) ;
#786 = CARTESIAN_POINT ( 'NONE',  ( -2.252571269120984709, 2.497428730879015291, 2.399999999999999911 ) ) ;
#787 = CARTESIAN_POINT ( 'NONE',  ( 2.643276674027850159, -1.796435797806235080, 0.4943261603229689993 ) ) ;
#788 = CARTESIAN_POINT ( 'NONE',  ( -0.1141190710410199954, -1.655514509019274882, 2.799999999999999822 ) ) ;
#789 = EDGE_CURVE ( 'NONE', #1476, #1226, #2911, .T. ) ;
#790 = CARTESIAN_POINT ( 'NONE',  ( -2.997147200504454823, 1.670498782292965112, 2.399999999999999911 ) ) ;
#791 = CARTESIAN_POINT ( 'NONE',  ( 2.858060408214905035, 1.528495261797714999, 0.4943240645995811144 ) ) ;
#792 = CARTESIAN_POINT ( 'NONE',  ( 2.457636968351410101, -1.440232106444152116, 0.8037851149204979784 ) ) ;
#793 = ORIENTED_EDGE ( 'NONE', *, *, #5021, .F. ) ;
#794 = DIRECTION ( 'NONE',  ( -1.000000000000000000, 2.794185464660644935E-16, 0.0000000000000000000 ) ) ;
#795 = CARTESIAN_POINT ( 'NONE',  ( -2.895291832134079701, -1.461569719053530170, 0.5000000000000000000 ) ) ;
#796 = DIRECTION ( 'NONE',  ( -0.5000000000000002220, 0.5000000000000002220, 0.7071067811865473507 ) ) ;
#797 = EDGE_CURVE ( 'NONE', #10232, #208, #9877, .T. ) ;
#798 = MECHANICAL_DESIGN_GEOMETRIC_PRESENTATION_REPRESENTATION (  '', ( #1677 ), #6368 ) ;
#799 = STYLED_ITEM ( 'NONE', ( #9055 ), #255 ) ;
#800 = EDGE_LOOP ( 'NONE', ( #7186, #3727 ) ) ;
#801 = SURFACE_STYLE_USAGE ( .BOTH. , #2510 ) ;
#802 = CARTESIAN_POINT ( 'NONE',  ( 0.4296522000915025119, -0.7289067366209449617, 2.799999999999999822 ) ) ;
#803 = EDGE_CURVE ( 'NONE', #4128, #8550, #8645, .T. ) ;
#804 = CARTESIAN_POINT ( 'NONE',  ( -0.2607954545454544970, -0.6424442943424348851, 2.790000000000000036 ) ) ;
#805 = DIRECTION ( 'NONE',  ( 1.000000000000000000, 0.0000000000000000000, 0.0000000000000000000 ) ) ;
#806 = DIRECTION ( 'NONE',  ( -0.0000000000000000000, 1.000000000000000000, 0.0000000000000000000 ) ) ;
#807 = FACE_BOUND ( 'NONE', #3225, .T. ) ;
#808 = CARTESIAN_POINT ( 'NONE',  ( 0.4684256701484629803, 0.3641833521950575414, 2.790000000000000036 ) ) ;
#809 = AXIS2_PLACEMENT_3D ( 'NONE', #9475, #591, #373 ) ;
#810 =( GEOMETRIC_REPRESENTATION_CONTEXT ( 3 ) GLOBAL_UNCERTAINTY_ASSIGNED_CONTEXT ( ( #1274 ) ) GLOBAL_UNIT_ASSIGNED_CONTEXT ( ( #3396, #1808, #3348 ) ) REPRESENTATION_CONTEXT ( 'NONE', 'WORKASPACE' ) );
#811 = VECTOR ( 'NONE', #5782, 1000.000000000000000 ) ;
#812 = CARTESIAN_POINT ( 'NONE',  ( -2.500000000000000000, -2.049790761395260397, 0.1417404801294429861 ) ) ;
#813 = EDGE_LOOP ( 'NONE', ( #5515, #8979, #5441, #9139 ) ) ;
#814 = FACE_OUTER_BOUND ( 'NONE', #9954, .T. ) ;
#815 = CARTESIAN_POINT ( 'NONE',  ( -2.044085076721784855, -2.701844354998010012, 2.399999999999999911 ) ) ;
#816 = CARTESIAN_POINT ( 'NONE',  ( -2.701977212571589959, -1.956101749195594985, 0.3864410810002315011 ) ) ;
#817 = CARTESIAN_POINT ( 'NONE',  ( -0.2097610860950379907, 0.5166284652526029753, 2.790000000000000036 ) ) ;
#818 = LINE ( 'NONE', #4105, #9634 ) ;
#819 = ADVANCED_FACE ( 'NONE', ( #8754 ), #2927, .T. ) ;
#820 = EDGE_LOOP ( 'NONE', ( #4183, #10463, #1418, #6436, #51 ) ) ;
#821 = CARTESIAN_POINT ( 'NONE',  ( -2.643826238111394833, 1.945217202360755016, 0.3648403235241770015 ) ) ;
#822 = LINE ( 'NONE', #9936, #7803 ) ;
#823 = CARTESIAN_POINT ( 'NONE',  ( 2.105702903054325059, 1.010392261741141828, 1.462292711758482078 ) ) ;
#824 = STYLED_ITEM ( 'NONE', ( #2314 ), #8988 ) ;
#825 = CARTESIAN_POINT ( 'NONE',  ( -2.899999999999999911, 1.434122318179414046, 0.5000000000000000000 ) ) ;
#826 = VECTOR ( 'NONE', #2511, 1000.000000000000000 ) ;
#827 = CARTESIAN_POINT ( 'NONE',  ( -2.383112120733960282, 2.022002172739679970, 0.6531129122350970428 ) ) ;
#828 = UNCERTAINTY_MEASURE_WITH_UNIT (LENGTH_MEASURE( 1.000000000000000082E-05 ), #6902, 'distance_accuracy_value', 'NONE');
#829 = CARTESIAN_POINT ( 'NONE',  ( -0.2112331112459774896, 0.6556441314885669280, 2.799999999999999822 ) ) ;
#830 = VECTOR ( 'NONE', #9205, 1000.000000000000000 ) ;
#831 = VECTOR ( 'NONE', #8784, 1000.000000000000000 ) ;
#832 = VERTEX_POINT ( 'NONE', #9566 ) ;
#833 = DIRECTION ( 'NONE',  ( 0.0000000000000000000, 0.0000000000000000000, -1.000000000000000000 ) ) ;
#834 = CIRCLE ( 'NONE', #5555, 0.02000000000000005246 ) ;
#835 = CARTESIAN_POINT ( 'NONE',  ( -2.697977444846799688, -0.6056907272306799594, 0.8041245869019789660 ) ) ;
#836 = EDGE_CURVE ( 'NONE', #4745, #3424, #8478, .T. ) ;
#837 = ORIENTED_EDGE ( 'NONE', *, *, #8256, .F. ) ;
#838 = CARTESIAN_POINT ( 'NONE',  ( -2.414282326247679578, 2.004042074047625022, 0.4249999999999999889 ) ) ;
#839 = CARTESIAN_POINT ( 'NONE',  ( -0.8957003624394540564, 2.556527786000895475, 2.114822345401659920 ) ) ;
#840 = CARTESIAN_POINT ( 'NONE',  ( -0.3086466781300220008, 0.7264395458583020604, 2.790000000000000036 ) ) ;
#841 = CARTESIAN_POINT ( 'NONE',  ( -2.643826238111394833, -1.945217202360755016, 0.5000000000000000000 ) ) ;
#842 = AXIS2_PLACEMENT_3D ( 'NONE', #3447, #2678, #5203 ) ;
#843 = CARTESIAN_POINT ( 'NONE',  ( 0.02897727272727265019, 0.4871823290341880108, 2.790000000000000036 ) ) ;
#844 = ORIENTED_EDGE ( 'NONE', *, *, #6043, .T. ) ;
#845 = CARTESIAN_POINT ( 'NONE',  ( -2.500000000000000000, 2.436265413492429754, 0.5000000000000000000 ) ) ;
#846 = AXIS2_PLACEMENT_3D ( 'NONE', #5303, #7795, #8618 ) ;
#847 = ORIENTED_EDGE ( 'NONE', *, *, #2417, .F. ) ;
#848 = CARTESIAN_POINT ( 'NONE',  ( -2.912132034355964905, 1.837867965644034873, 2.799999999999999822 ) ) ;
#849 = COLOUR_RGB ( '',0.8431372549019607865, 0.8156862745098039102, 0.7529411764705882248 ) ;
#850 = SURFACE_STYLE_FILL_AREA ( #1061 ) ;
#851 = DIRECTION ( 'NONE',  ( 0.0000000000000000000, 0.0000000000000000000, 1.000000000000000000 ) ) ;
#852 = CARTESIAN_POINT ( 'NONE',  ( 2.644065530895959970, 1.795450635602259926, 0.4943261410248739884 ) ) ;
#853 = CARTESIAN_POINT ( 'NONE',  ( 2.382216320561020062, -0.5945365743555189875, 1.464618603558283993 ) ) ;
#854 = DIRECTION ( 'NONE',  ( -0.5766211040409849886, 0.8170116904760639231, 0.0000000000000000000 ) ) ;
#855 = CARTESIAN_POINT ( 'NONE',  ( -2.723994460176399901, -1.695716454265709938, 0.4943253406964650543 ) ) ;
#856 = CARTESIAN_POINT ( 'NONE',  ( 2.929555348566670769, -1.820444651425634719, 2.399999999999999911 ) ) ;
#857 = CIRCLE ( 'NONE', #7127, 0.01999999999999999695 ) ;
#858 = EDGE_CURVE ( 'NONE', #10120, #5703, #10446, .T. ) ;
#859 = ORIENTED_EDGE ( 'NONE', *, *, #3405, .T. ) ;
#860 = SURFACE_SIDE_STYLE ('',( #1577 ) ) ;
#861 =( NAMED_UNIT ( * ) SI_UNIT ( $, .STERADIAN. ) SOLID_ANGLE_UNIT ( ) );
#862 = DIRECTION ( 'NONE',  ( 1.000000000000000000, 0.0000000000000000000, 0.0000000000000000000 ) ) ;
#863 = CARTESIAN_POINT ( 'NONE',  ( 2.500000000000000000, -2.604044926314895037, 0.07972651605231809158 ) ) ;
#864 = CARTESIAN_POINT ( 'NONE',  ( 4.293599859243420510E-17, -2.911222584788094814, 0.4830475427331750171 ) ) ;
#865 = LINE ( 'NONE', #3331, #2601 ) ;
#866 = CARTESIAN_POINT ( 'NONE',  ( 0.5541885429659979545, 0.3009656919439829825, 2.790000000000000036 ) ) ;
#867 = EDGE_CURVE ( 'NONE', #8195, #379, #2829, .T. ) ;
#868 = CARTESIAN_POINT ( 'NONE',  ( -2.500000000000000000, -2.027455804934175099, 0.2111119077131690114 ) ) ;
#869 = VERTEX_POINT ( 'NONE', #5332 ) ;
#870 = CARTESIAN_POINT ( 'NONE',  ( 2.415873556419330104, 2.899999999986704768, 0.5000000000000000000 ) ) ;
#871 = CARTESIAN_POINT ( 'NONE',  ( -2.422107746012049478, -2.909274835657164715, 0.4943371803924110353 ) ) ;
#872 = CARTESIAN_POINT ( 'NONE',  ( -2.636689789354077273, -1.994274263262160174, 0.3864410810002315011 ) ) ;
#873 = CARTESIAN_POINT ( 'NONE',  ( -0.1871921107803060091, 0.5323371571780660672, 2.790000000000000036 ) ) ;
#874 = CARTESIAN_POINT ( 'NONE',  ( -0.4892917872147509728, -1.384660365403052040, 2.790000000000000036 ) ) ;
#875 = ORIENTED_EDGE ( 'NONE', *, *, #8213, .F. ) ;
#876 = SURFACE_SIDE_STYLE ('',( #4166 ) ) ;
#877 = CARTESIAN_POINT ( 'NONE',  ( 2.909811549738355207, 1.454923861597979817, 0.4886469048140620330 ) ) ;
#878 = CARTESIAN_POINT ( 'NONE',  ( -2.904814180518615174, 1.447989441286213985, 0.4943236030439980278 ) ) ;
#879 = CIRCLE ( 'NONE', #4922, 0.7000000000000000666 ) ;
#880 = CARTESIAN_POINT ( 'NONE',  ( -2.912132034355960020, -1.837867965644034873, 2.700000000000000178 ) ) ;
#881 = PRESENTATION_LAYER_ASSIGNMENT (  '', '', ( #3332 ) ) ;
#882 = EDGE_CURVE ( 'NONE', #9899, #3465, #6062, .T. ) ;
#883 = B_SPLINE_CURVE_WITH_KNOTS ( 'NONE', 3,
 ( #2208, #1326, #10487, #2268 ),
 .UNSPECIFIED., .F., .F.,
 ( 4, 4 ),
 ( 0.0000000000000000000, 1.000000000000000000 ),
 .UNSPECIFIED. ) ;
#884 = CARTESIAN_POINT ( 'NONE',  ( -0.5435340141134460401, 0.8995361349093230485, 2.799999999999999822 ) ) ;
#885 = ORIENTED_EDGE ( 'NONE', *, *, #8256, .T. ) ;
#886 = CARTESIAN_POINT ( 'NONE',  ( 2.500000000000000000, 2.799999999999999822, 0.5000000000000000000 ) ) ;
#887 = CARTESIAN_POINT ( 'NONE',  ( -2.777483482969140383, -0.6611796258738690257, 2.126198427784910194 ) ) ;
#888 = FILL_AREA_STYLE ('',( #5109 ) ) ;
#889 = EDGE_LOOP ( 'NONE', ( #1655, #7595, #641, #10173 ) ) ;
#890 = CARTESIAN_POINT ( 'NONE',  ( -1.805634623080750067, 2.899999999999999911, 0.5000000000000000000 ) ) ;
#891 = CARTESIAN_POINT ( 'NONE',  ( -0.1644771634263625104, 0.6221665851234419176, 2.790000000000000036 ) ) ;
#892 = EDGE_CURVE ( 'NONE', #6824, #5784, #5108, .T. ) ;
#893 =( NAMED_UNIT ( * ) SI_UNIT ( $, .STERADIAN. ) SOLID_ANGLE_UNIT ( ) );
#894 = VERTEX_POINT ( 'NONE', #5264 ) ;
#895 = CARTESIAN_POINT ( 'NONE',  ( -2.500000000000000000, 2.618701491572074769, 0.5000000000000000000 ) ) ;
#896 = ORIENTED_EDGE ( 'NONE', *, *, #10731, .T. ) ;
#897 = CARTESIAN_POINT ( 'NONE',  ( -0.1090909090909091966, 0.5836109004627600960, 2.790000000000000036 ) ) ;
#898 = CARTESIAN_POINT ( 'NONE',  ( -0.4386870883860755077, -1.422029789886436246, 2.799999999999999822 ) ) ;
#899 = DIRECTION ( 'NONE',  ( 0.0000000000000000000, 0.0000000000000000000, 1.000000000000000000 ) ) ;
#900 = CARTESIAN_POINT ( 'NONE',  ( 2.784110154683240079, 1.965889845316764584, 2.399999999999999911 ) ) ;
#901 = CARTESIAN_POINT ( 'NONE',  ( 2.608243080017679461, -1.216510116159096100, 0.8038750655769779652 ) ) ;
#902 = DIRECTION ( 'NONE',  ( 1.445602896647339903E-16, -1.000000000000000000, 0.0000000000000000000 ) ) ;
#903 = CARTESIAN_POINT ( 'NONE',  ( -2.902182749312355536, -1.847817250687644908, 2.399999999999999911 ) ) ;
#904 = CARTESIAN_POINT ( 'NONE',  ( -1.765698779334879731, 2.004042074047625022, 0.7500000000000000000 ) ) ;
#905 = UNCERTAINTY_MEASURE_WITH_UNIT (LENGTH_MEASURE( 1.000000000000000082E-05 ), #4358, 'distance_accuracy_value', 'NONE');
#906 = ORIENTED_EDGE ( 'NONE', *, *, #508, .F. ) ;
#907 = ORIENTED_EDGE ( 'NONE', *, *, #86, .F. ) ;
#908 = CARTESIAN_POINT ( 'NONE',  ( 0.8476819514297109226, -2.280429042977714538, 1.451315661376734178 ) ) ;
#909 = FILL_AREA_STYLE ('',( #3426 ) ) ;
#910 = SURFACE_STYLE_FILL_AREA ( #9305 ) ;
#911 = CARTESIAN_POINT ( 'NONE',  ( 0.02897727272727265019, 0.4871823290341880108, 2.799999999999999822 ) ) ;
#912 = CARTESIAN_POINT ( 'NONE',  ( 2.915997669078269627, -1.447598077503349900, 0.4829706205636359884 ) ) ;
#913 = CARTESIAN_POINT ( 'NONE',  ( 0.1563113276871415103, -2.750000000000000000, 2.399999999999999911 ) ) ;
#914 = EDGE_CURVE ( 'NONE', #6777, #3846, #4273, .T. ) ;
#915 =( NAMED_UNIT ( * ) SI_UNIT ( $, .STERADIAN. ) SOLID_ANGLE_UNIT ( ) );
#916 = CARTESIAN_POINT ( 'NONE',  ( 0.2502590124535895022, 0.5232100187596681051, 2.790000000000000036 ) ) ;
#917 = CARTESIAN_POINT ( 'NONE',  ( -2.500000000000000000, -2.004534890596214147, 0.2169673383105654996 ) ) ;
#918 = VERTEX_POINT ( 'NONE', #10204 ) ;
#919 = PRESENTATION_STYLE_ASSIGNMENT (( #7789 ) ) ;
#920 = CARTESIAN_POINT ( 'NONE',  ( -2.208192420084320151, -2.908332164593139701, 0.4943389081218870218 ) ) ;
#921 = DIRECTION ( 'NONE',  ( 0.0000000000000000000, 0.0000000000000000000, 1.000000000000000000 ) ) ;
#922 = CARTESIAN_POINT ( 'NONE',  ( 2.700000000000000178, 1.625735931288069924, 2.799999999999999822 ) ) ;
#923 = LINE ( 'NONE', #1697, #2853 ) ;
#924 = ORIENTED_EDGE ( 'NONE', *, *, #8065, .F. ) ;
#925 = CARTESIAN_POINT ( 'NONE',  ( -0.5999999999999999778, -2.200885852783994956, 2.790000000000000036 ) ) ;
#926 = EDGE_CURVE ( 'NONE', #832, #9637, #2801, .T. ) ;
#927 = CARTESIAN_POINT ( 'NONE',  ( 2.679458114946164926, 1.431002296733309809, 2.123852666390144694 ) ) ;
#928 = CARTESIAN_POINT ( 'NONE',  ( -2.202143254935164940, 0.8170546082248598685, 1.463087080490679925 ) ) ;
#929 = CARTESIAN_POINT ( 'NONE',  ( -2.386316513458627497, 2.009825949450451343, 0.6502557181742850689 ) ) ;
#930 = MECHANICAL_DESIGN_GEOMETRIC_PRESENTATION_REPRESENTATION (  '', ( #7715 ), #2343 ) ;
#931 = EDGE_CURVE ( 'NONE', #1001, #2310, #3620, .T. ) ;
#932 = CARTESIAN_POINT ( 'NONE',  ( -2.636247147950124603, 1.996341267080105064, 0.3864410810002315011 ) ) ;
#933 = ORIENTED_EDGE ( 'NONE', *, *, #3642, .T. ) ;
#934 = CARTESIAN_POINT ( 'NONE',  ( -2.915175410641319687, -1.459321755749505956, 0.4829703572215719998 ) ) ;
#935 = DIRECTION ( 'NONE',  ( -0.5000000000000002220, 0.5000000000000002220, -0.7071067811865472397 ) ) ;
#936 = CARTESIAN_POINT ( 'NONE',  ( -0.1103230765775711913, 0.5872334725168649738, 2.799999999999999822 ) ) ;
#937 = ORIENTED_EDGE ( 'NONE', *, *, #348, .F. ) ;
#938 = AXIS2_PLACEMENT_3D ( 'NONE', #6583, #5773, #10735 ) ;
#939 = CARTESIAN_POINT ( 'NONE',  ( -1.073638351633733778, 2.630972050061149758, 0.8026895241630239708 ) ) ;
#940 = CARTESIAN_POINT ( 'NONE',  ( -2.750000000000000000, -1.625735931288069924, 2.799999999999999822 ) ) ;
#941 = DIRECTION ( 'NONE',  ( -1.000000000000000000, 0.0000000000000000000, 0.0000000000000000000 ) ) ;
#942 = AXIS2_PLACEMENT_3D ( 'NONE', #10396, #10455, #4576 ) ;
#943 = ORIENTED_EDGE ( 'NONE', *, *, #7663, .T. ) ;
#944 = PRESENTATION_STYLE_ASSIGNMENT (( #8416 ) ) ;
#945 = CARTESIAN_POINT ( 'NONE',  ( -2.155356275561205237, 0.9149469123340869814, 1.462679293942934056 ) ) ;
#946 = EDGE_LOOP ( 'NONE', ( #7891, #3441, #678, #9346 ) ) ;
#947 = ORIENTED_EDGE ( 'NONE', *, *, #2073, .T. ) ;
#948 = CARTESIAN_POINT ( 'NONE',  ( -0.1126768240424882023, -1.662631644685024890, 2.799999999999999822 ) ) ;
#949 = FILL_AREA_STYLE_COLOUR ( '', #9360 ) ;
#950 = CARTESIAN_POINT ( 'NONE',  ( 1.149999999999999911, 2.799999999999999822, 0.1000000000000000056 ) ) ;
#951 = EDGE_CURVE ( 'NONE', #10371, #2126, #2747, .T. ) ;
#952 = CARTESIAN_POINT ( 'NONE',  ( 2.002928960857474738, 1.189059847300691919, 1.461343339329078006 ) ) ;
#953 = CARTESIAN_POINT ( 'NONE',  ( 2.202143254936570038, -0.8170546082248699715, 1.463087080490689917 ) ) ;
#954 = VECTOR ( 'NONE', #9260, 1000.000000000000000 ) ;
#955 = ORIENTED_EDGE ( 'NONE', *, *, #8787, .T. ) ;
#956 = CARTESIAN_POINT ( 'NONE',  ( 3.000000000000000000, 1.429843788128356108, 0.5000000000000000000 ) ) ;
#957 = CARTESIAN_POINT ( 'NONE',  ( -2.508651015638974968, -2.064568705503690094, 0.4886572528681019656 ) ) ;
#958 =( LENGTH_UNIT ( ) NAMED_UNIT ( * ) SI_UNIT ( .MILLI., .METRE. ) );
#959 = ORIENTED_EDGE ( 'NONE', *, *, #9789, .T. ) ;
#960 = CARTESIAN_POINT ( 'NONE',  ( 0.0000000000000000000, -2.495562771045445327, 1.449528787345573999 ) ) ;
#961 = DIRECTION ( 'NONE',  ( -1.000000000000000000, 0.0000000000000000000, 0.0000000000000000000 ) ) ;
#962 = PRESENTATION_STYLE_ASSIGNMENT (( #5929 ) ) ;
#963 = CARTESIAN_POINT ( 'NONE',  ( -2.419677459141406750, -2.674428034117647179, 0.1000000000000000194 ) ) ;
#964 = CARTESIAN_POINT ( 'NONE',  ( 2.719295251498954791, -1.238181275666502046, 2.124675218184729708 ) ) ;
#965 = CARTESIAN_POINT ( 'NONE',  ( 0.4532578488922350268, -2.608207906485574767, 2.113696463439460160 ) ) ;
#966 = PRESENTATION_STYLE_ASSIGNMENT (( #2618 ) ) ;
#967 = CIRCLE ( 'NONE', #7232, 0.2000000000000000944 ) ;
#968 = STYLED_ITEM ( 'NONE', ( #7018 ), #129 ) ;
#969 = DIRECTION ( 'NONE',  ( -1.000000000000000000, 0.0000000000000000000, 0.0000000000000000000 ) ) ;
#970 = CARTESIAN_POINT ( 'NONE',  ( -2.500000000000000000, -2.011104949952350562, 0.2167655158355845102 ) ) ;
#971 = VECTOR ( 'NONE', #1535, 1000.000000000000000 ) ;
#972 = ORIENTED_EDGE ( 'NONE', *, *, #8225, .F. ) ;
#973 = CARTESIAN_POINT ( 'NONE',  ( -0.6036923864232041081, -2.907943016402735115, 0.4886969928950570252 ) ) ;
#974 = VECTOR ( 'NONE', #5972, 1000.000000000000000 ) ;
#975 = CARTESIAN_POINT ( 'NONE',  ( 0.0000000000000000000, 1.800000000000000044, 2.790000000000000036 ) ) ;
#976 = CARTESIAN_POINT ( 'NONE',  ( 0.5999999999999999778, 0.8909160952679540113, 2.790000000000000036 ) ) ;
#977 = FACE_OUTER_BOUND ( 'NONE', #3410, .T. ) ;
#978 = PRESENTATION_STYLE_ASSIGNMENT (( #1804 ) ) ;
#979 = DIRECTION ( 'NONE',  ( 0.8167728209858042820, 0.5769594083632672010, 0.0000000000000000000 ) ) ;
#980 = CARTESIAN_POINT ( 'NONE',  ( 1.990671209642794759, 1.209392801811834062, 1.461183922154239978 ) ) ;
#981 = CARTESIAN_POINT ( 'NONE',  ( -2.382216320559459977, 0.5945365743555099947, 1.464618603553194065 ) ) ;
#982 = CARTESIAN_POINT ( 'NONE',  ( -2.307531137528895382, 2.021342158492714702, 0.7471163270711149718 ) ) ;
#983 = AXIS2_PLACEMENT_3D ( 'NONE', #5754, #6558, #7217 ) ;
#984 = MECHANICAL_DESIGN_GEOMETRIC_PRESENTATION_REPRESENTATION (  '', ( #5695 ), #127 ) ;
#985 = CARTESIAN_POINT ( 'NONE',  ( -2.736980930572215698, 2.000875193101188110, 0.3864410810002315011 ) ) ;
#986 = ADVANCED_FACE ( 'NONE', ( #8576 ), #6034, .T. ) ;
#987 = ORIENTED_EDGE ( 'NONE', *, *, #7480, .T. ) ;
#988 =( NAMED_UNIT ( * ) SI_UNIT ( $, .STERADIAN. ) SOLID_ANGLE_UNIT ( ) );
#989 = CARTESIAN_POINT ( 'NONE',  ( -2.691134961476949972, -1.386668582530510063, 2.124064767116520258 ) ) ;
#990 = DIRECTION ( 'NONE',  ( 3.203166744464219909E-16, 1.000000000000000000, 0.0000000000000000000 ) ) ;
#991 = VECTOR ( 'NONE', #8364, 1000.000000000000000 ) ;
#992 = PRESENTATION_LAYER_ASSIGNMENT (  '', '', ( #10760 ) ) ;
#993 = EDGE_LOOP ( 'NONE', ( #2037, #6381, #5630, #7967 ) ) ;
#994 = EDGE_CURVE ( 'NONE', #4087, #2427, #2399, .T. ) ;
#995 = VECTOR ( 'NONE', #1522, 1000.000000000000000 ) ;
#996 = CARTESIAN_POINT ( 'NONE',  ( -1.325537781015686090, 2.471451082084609840, 2.116457169524785353 ) ) ;
#997 = CARTESIAN_POINT ( 'NONE',  ( 2.423408091292947208, 1.331972171824349127, 0.1000000000000000194 ) ) ;
#998 = STYLED_ITEM ( 'NONE', ( #10023 ), #1704 ) ;
#999 = EDGE_CURVE ( 'NONE', #5959, #2126, #8144, .T. ) ;
#1000 = DIRECTION ( 'NONE',  ( 1.000000000000000000, 0.0000000000000000000, 0.0000000000000000000 ) ) ;
#1001 = VERTEX_POINT ( 'NONE', #1973 ) ;
#1002 = FILL_AREA_STYLE ('',( #3630 ) ) ;
#1003 = CARTESIAN_POINT ( 'NONE',  ( -2.813826459735865093, 1.605676986238910198, 0.4829738559365799877 ) ) ;
#1004 = ORIENTED_EDGE ( 'NONE', *, *, #9991, .F. ) ;
#1005 = VERTEX_POINT ( 'NONE', #6812 ) ;
#1006 = CARTESIAN_POINT ( 'NONE',  ( 2.591481442298679827, -2.547242125213439845, 0.1034822046102755883 ) ) ;
#1007 = DIRECTION ( 'NONE',  ( 0.0000000000000000000, -1.000000000000000000, 0.0000000000000000000 ) ) ;
#1008 = VECTOR ( 'NONE', #899, 1000.000000000000000 ) ;
#1009 = CARTESIAN_POINT ( 'NONE',  ( 2.105702903054325059, 1.010392261741141828, 1.462292711758482078 ) ) ;
#1010 = CARTESIAN_POINT ( 'NONE',  ( 2.904814180518664912, -1.447989441286161805, 0.4943236030439880913 ) ) ;
#1011 = COLOUR_RGB ( '',0.8431372549019607865, 0.8156862745098039102, 0.7529411764705882248 ) ;
#1012 = LINE ( 'NONE', #6020, #8699 ) ;
#1013 = STYLED_ITEM ( 'NONE', ( #4077 ), #1818 ) ;
#1014 = CARTESIAN_POINT ( 'NONE',  ( -2.880117441595860139, -1.869882558404140083, 2.399999999999999911 ) ) ;
#1015 = PLANE ( 'NONE',  #1160 ) ;
#1016 = VECTOR ( 'NONE', #7573, 1000.000000000000000 ) ;
#1017 = ORIENTED_EDGE ( 'NONE', *, *, #6871, .F. ) ;
#1018 = CARTESIAN_POINT ( 'NONE',  ( 0.4658324881611000112, 2.750000000000000000, 2.399999999999999911 ) ) ;
#1019 = CARTESIAN_POINT ( 'NONE',  ( 1.325537781016600025, -2.471451082076490113, 2.116457169508190184 ) ) ;
#1020 = CARTESIAN_POINT ( 'NONE',  ( 0.5999999999999999778, -1.047639099537239993, 2.790000000000000036 ) ) ;
#1021 = CARTESIAN_POINT ( 'NONE',  ( -1.911091270347400117, 2.485355339059324820, 2.799999999999999822 ) ) ;
#1022 = CARTESIAN_POINT ( 'NONE',  ( 2.701300487363849978, -1.354856304321430116, 2.124260640532609656 ) ) ;
#1023 = CARTESIAN_POINT ( 'NONE',  ( 1.207057892422422007, -2.905025367683570003, 0.4943458434218069852 ) ) ;
#1024 = PRESENTATION_STYLE_ASSIGNMENT (( #1744 ) ) ;
#1025 = CARTESIAN_POINT ( 'NONE',  ( -0.2517973613883844886, -1.757931550147330046, 2.799999999999999822 ) ) ;
#1026 = AXIS2_PLACEMENT_3D ( 'NONE', #4096, #8341, #2357 ) ;
#1027 = DIRECTION ( 'NONE',  ( 0.0000000000000000000, -1.000000000000000000, 7.508278481101809991E-12 ) ) ;
#1028 = EDGE_CURVE ( 'NONE', #8198, #2245, #725, .T. ) ;
#1029 = CARTESIAN_POINT ( 'NONE',  ( -2.500000000000000000, -2.016741433407539752, 0.2155344721394065188 ) ) ;
#1030 = ORIENTED_EDGE ( 'NONE', *, *, #9204, .F. ) ;
#1031 = DIRECTION ( 'NONE',  ( -1.000000000000000000, 0.0000000000000000000, 0.0000000000000000000 ) ) ;
#1032 = AXIS2_PLACEMENT_3D ( 'NONE', #6080, #1781, #2706 ) ;
#1033 = CARTESIAN_POINT ( 'NONE',  ( 0.02556818181818194813, -0.4400903982385390156, 2.799999999999999822 ) ) ;
#1034 = LINE ( 'NONE', #1084, #2050 ) ;
#1035 = CARTESIAN_POINT ( 'NONE',  ( 1.875735931288069924, 2.500000000000000000, 2.799999999999999822 ) ) ;
#1036 = SURFACE_STYLE_USAGE ( .BOTH. , #8309 ) ;
#1037 = ORIENTED_EDGE ( 'NONE', *, *, #2347, .T. ) ;
#1038 = FACE_OUTER_BOUND ( 'NONE', #9165, .T. ) ;
#1039 = CARTESIAN_POINT ( 'NONE',  ( 2.301698508438730251, 1.659824637231609890, 0.8036762491131740349 ) ) ;
#1040 = CARTESIAN_POINT ( 'NONE',  ( -2.799614232161160121, 0.1132133058026614097, 2.126836632393594773 ) ) ;
#1041 = SURFACE_STYLE_USAGE ( .BOTH. , #4267 ) ;
#1042 = CARTESIAN_POINT ( 'NONE',  ( -2.682608040326399657, 1.953876932259839938, 0.3864410810002315011 ) ) ;
#1043 = ORIENTED_EDGE ( 'NONE', *, *, #1613, .F. ) ;
#1044 = DIRECTION ( 'NONE',  ( 0.0000000000000000000, -1.000000000000000000, 0.0000000000000000000 ) ) ;
#1045 = CARTESIAN_POINT ( 'NONE',  ( -2.899587956184225046, -1.485790864957842183, 0.4886473924968969818 ) ) ;
#1046 = CARTESIAN_POINT ( 'NONE',  ( -2.474345596219860166, 1.449999999999999956, 0.1000000000000000056 ) ) ;
#1047 = CARTESIAN_POINT ( 'NONE',  ( -0.1210968959524503924, 0.5933136864792570853, 2.799999999999999822 ) ) ;
#1048 = ORIENTED_EDGE ( 'NONE', *, *, #3561, .F. ) ;
#1049 = VECTOR ( 'NONE', #2444, 1000.000000000000000 ) ;
#1050 = CARTESIAN_POINT ( 'NONE',  ( -1.976660526382914895, 2.735515474110040035, 2.399999999999999911 ) ) ;
#1051 = ADVANCED_FACE ( 'NONE', ( #3674 ), #8406, .F. ) ;
#1052 = CARTESIAN_POINT ( 'NONE',  ( -1.765698779334879731, 2.004042074047625022, 0.6999999999999999556 ) ) ;
#1053 = PRESENTATION_STYLE_ASSIGNMENT (( #71 ) ) ;
#1054 = ORIENTED_EDGE ( 'NONE', *, *, #9064, .T. ) ;
#1055 =( NAMED_UNIT ( * ) SI_UNIT ( $, .STERADIAN. ) SOLID_ANGLE_UNIT ( ) );
#1056 = CARTESIAN_POINT ( 'NONE',  ( -2.589376507015315187, 1.853201260295034958, 0.5000000000000000000 ) ) ;
#1057 = ORIENTED_EDGE ( 'NONE', *, *, #5688, .T. ) ;
#1058 = ORIENTED_EDGE ( 'NONE', *, *, #8763, .T. ) ;
#1059 = CARTESIAN_POINT ( 'NONE',  ( 2.584347347168849840, -2.549623176091910359, 0.1004782026290224062 ) ) ;
#1060 = CARTESIAN_POINT ( 'NONE',  ( 0.5999999999999999778, -1.977346891745034974, 2.799999999999999822 ) ) ;
#1061 = FILL_AREA_STYLE ('',( #949 ) ) ;
#1062 = DIRECTION ( 'NONE',  ( 1.000000000000000000, 0.0000000000000000000, 0.0000000000000000000 ) ) ;
#1063 = CARTESIAN_POINT ( 'NONE',  ( 2.507026083478605116, 2.026715873892189990, 0.4943283194983809081 ) ) ;
#1064 = CARTESIAN_POINT ( 'NONE',  ( 2.881561599284995445, -1.487969894957932082, 0.5000000000000000000 ) ) ;
#1065 = FACE_OUTER_BOUND ( 'NONE', #4850, .T. ) ;
#1066 = EDGE_CURVE ( 'NONE', #216, #9010, #10314, .T. ) ;
#1067 = CARTESIAN_POINT ( 'NONE',  ( -2.509035538964564882, -2.142875362175820086, 0.4886586889711259096 ) ) ;
#1068 = PRESENTATION_STYLE_ASSIGNMENT (( #8594 ) ) ;
#1069 = EDGE_CURVE ( 'NONE', #3281, #7911, #9276, .T. ) ;
#1070 = VERTEX_POINT ( 'NONE', #5160 ) ;
#1071 = CARTESIAN_POINT ( 'NONE',  ( 0.1518544646982250002, 2.619532199193490118, 2.113405993179249709 ) ) ;
#1072 = CARTESIAN_POINT ( 'NONE',  ( 1.211950971291062107, -2.915076103050724843, 0.4830375302654210112 ) ) ;
#1073 = CARTESIAN_POINT ( 'NONE',  ( 0.0000000000000000000, -2.990000000000000213, 0.1100000000000000006 ) ) ;
#1074 = CARTESIAN_POINT ( 'NONE',  ( -3.000000000000000000, -1.449999999999999956, 0.1000000000000000056 ) ) ;
#1075 = CARTESIAN_POINT ( 'NONE',  ( 2.850000000000000089, -1.625735931288069924, 2.700000000000000178 ) ) ;
#1076 = CARTESIAN_POINT ( 'NONE',  ( 2.999269425349199825, -1.646765773452540049, 2.399999999999999911 ) ) ;
#1077 = CARTESIAN_POINT ( 'NONE',  ( 1.809690044651699914, -2.906761638231945000, 0.4943419911258510324 ) ) ;
#1078 = CARTESIAN_POINT ( 'NONE',  ( 3.000000000000000000, -1.429843788128353888, 0.5000000000000000000 ) ) ;
#1079 = DIRECTION ( 'NONE',  ( 3.203166744464219909E-16, 1.000000000000000000, 0.0000000000000000000 ) ) ;
#1080 =( LENGTH_UNIT ( ) NAMED_UNIT ( * ) SI_UNIT ( .MILLI., .METRE. ) );
#1081 = CARTESIAN_POINT ( 'NONE',  ( 0.1633928571428569787, 0.5823933679952270071, 2.799999999999999822 ) ) ;
#1082 = ORIENTED_EDGE ( 'NONE', *, *, #5336, .T. ) ;
#1083 = CARTESIAN_POINT ( 'NONE',  ( -1.207057892113170050, -2.905025367685135418, 0.4943458434218209741 ) ) ;
#1084 = CARTESIAN_POINT ( 'NONE',  ( -2.735355339059324820, 1.661091270347400117, 2.799999999999999822 ) ) ;
#1085 = CARTESIAN_POINT ( 'NONE',  ( -0.1860053306754375080, -0.4845545368601700265, 2.790000000000000036 ) ) ;
#1086 = PLANE ( 'NONE',  #2349 ) ;
#1087 = CYLINDRICAL_SURFACE ( 'NONE', #9511, 0.05000000000000002359 ) ;
#1088 = DIRECTION ( 'NONE',  ( 3.203166744464219909E-16, -1.000000000000000000, 0.0000000000000000000 ) ) ;
#1089 = PRESENTATION_STYLE_ASSIGNMENT (( #3503 ) ) ;
#1090 = CARTESIAN_POINT ( 'NONE',  ( -1.449999999999999956, 1.184960637368067893, 2.790000000000000036 ) ) ;
#1091 = CARTESIAN_POINT ( 'NONE',  ( 2.284679555967584985, 1.696626440192115171, 0.8036520721899719222 ) ) ;
#1092 = CARTESIAN_POINT ( 'NONE',  ( -2.910682968125135162, -1.444112424348461987, 0.4886467439700620252 ) ) ;
#1093 = EDGE_CURVE ( 'NONE', #6073, #185, #10222, .T. ) ;
#1094 = CARTESIAN_POINT ( 'NONE',  ( -0.5807795887813820279, 0.9274197422873819985, 2.799999999999999822 ) ) ;
#1095 = ORIENTED_EDGE ( 'NONE', *, *, #6314, .T. ) ;
#1096 = SURFACE_STYLE_USAGE ( .BOTH. , #1971 ) ;
#1097 = CARTESIAN_POINT ( 'NONE',  ( -2.601222533120369551, -1.235151373401730091, 0.8038751505546160026 ) ) ;
#1098 = DIRECTION ( 'NONE',  ( -1.000000000000000000, 0.0000000000000000000, 0.0000000000000000000 ) ) ;
#1099 = CARTESIAN_POINT ( 'NONE',  ( -0.2112331112459774896, 0.6556441314885669280, 2.790000000000000036 ) ) ;
#1100 = ORIENTED_EDGE ( 'NONE', *, *, #1414, .T. ) ;
#1101 = CARTESIAN_POINT ( 'NONE',  ( -2.504517769480759881, 2.137023792731529870, 0.4943293444854069407 ) ) ;
#1102 = VECTOR ( 'NONE', #1079, 1000.000000000000000 ) ;
#1103 = CARTESIAN_POINT ( 'NONE',  ( -2.474345596219860166, -1.449999999999999956, 0.1000000000000000056 ) ) ;
#1104 =( NAMED_UNIT ( * ) PLANE_ANGLE_UNIT ( ) SI_UNIT ( $, .RADIAN. ) );
#1105 = FILL_AREA_STYLE ('',( #8582 ) ) ;
#1106 = AXIS2_PLACEMENT_3D ( 'NONE', #1423, #7189, #10411 ) ;
#1107 = ORIENTED_EDGE ( 'NONE', *, *, #7126, .F. ) ;
#1108 = DIRECTION ( 'NONE',  ( 0.0000000000000000000, 0.0000000000000000000, 1.000000000000000000 ) ) ;
#1109 = CARTESIAN_POINT ( 'NONE',  ( -2.522492145218085291, 1.679156082312565079, 2.122452691664300506 ) ) ;
#1110 = EDGE_CURVE ( 'NONE', #4043, #7756, #1516, .T. ) ;
#1111 = EDGE_LOOP ( 'NONE', ( #6337, #8099, #10547, #7730 ) ) ;
#1112 = ORIENTED_EDGE ( 'NONE', *, *, #4750, .T. ) ;
#1113 = LINE ( 'NONE', #504, #6832 ) ;
#1114 = CARTESIAN_POINT ( 'NONE',  ( 2.507906120751944634, 2.857183729427359875, 0.4886722839471549507 ) ) ;
#1115 = CARTESIAN_POINT ( 'NONE',  ( 2.911324762649944997, -0.7206157517384680355, 0.4829572595243679656 ) ) ;
#1116 = CARTESIAN_POINT ( 'NONE',  ( -2.585576019897299904, -2.549374729929129835, 0.1007930220437304042 ) ) ;
#1117 = CARTESIAN_POINT ( 'NONE',  ( -2.572566925389224934, -1.623767430283959756, 2.122770708674019957 ) ) ;
#1118 = AXIS2_PLACEMENT_3D ( 'NONE', #7122, #1241, #10339 ) ;
#1119 = ORIENTED_EDGE ( 'NONE', *, *, #7260, .F. ) ;
#1120 = CARTESIAN_POINT ( 'NONE',  ( 0.2003760547295860006, 2.903740861596295186, 0.4943491809106630441 ) ) ;
#1121 = EDGE_CURVE ( 'NONE', #5598, #7703, #3791, .T. ) ;
#1122 = COLOUR_RGB ( '',0.7686274509803920907, 0.7686274509803920907, 0.7686274509803920907 ) ;
#1123 = CARTESIAN_POINT ( 'NONE',  ( 2.510783547440430308, -2.450521337214639939, 0.4886644765042420513 ) ) ;
#1124 =( NAMED_UNIT ( * ) PLANE_ANGLE_UNIT ( ) SI_UNIT ( $, .RADIAN. ) );
#1125 = LINE ( 'NONE', #4466, #8156 ) ;
#1126 = CARTESIAN_POINT ( 'NONE',  ( -2.466143194322392151, -2.584198781709583947, 0.1000000000000000056 ) ) ;
#1127 = CARTESIAN_POINT ( 'NONE',  ( 2.904814180518664912, -1.447989441286161805, 0.4943236030439880913 ) ) ;
#1128 = CARTESIAN_POINT ( 'NONE',  ( 2.428341935635309756, -2.918549671314059957, 0.4886743607847189863 ) ) ;
#1129 = FILL_AREA_STYLE ('',( #3432 ) ) ;
#1130 = EDGE_CURVE ( 'NONE', #1534, #452, #2091, .T. ) ;
#1131 = DIRECTION ( 'NONE',  ( 0.0000000000000000000, 1.000000000000000000, 0.0000000000000000000 ) ) ;
#1132 = COLOUR_RGB ( '',0.7686274509803920907, 0.7686274509803920907, 0.7686274509803920907 ) ;
#1133 = SURFACE_STYLE_USAGE ( .BOTH. , #8609 ) ;
#1134 = ORIENTED_EDGE ( 'NONE', *, *, #2531, .T. ) ;
#1135 = SURFACE_STYLE_FILL_AREA ( #3498 ) ;
#1136 = ORIENTED_EDGE ( 'NONE', *, *, #660, .F. ) ;
#1137 = B_SPLINE_CURVE_WITH_KNOTS ( 'NONE', 3,
 ( #1383, #4730, #8032, #10644, #9066, #3177, #4777, #555, #5587, #8084, #765, #10591, #4104, #1433, #3229, #717, #5734, #4055, #2423 ),
 .UNSPECIFIED., .F., .F.,
 ( 4, 1, 1, 1, 1, 1, 1, 1, 1, 1, 1, 1, 1, 1, 1, 1, 4 ),
 ( 0.0000000000000000000, 0.01681894172984564964, 0.04000885950673790242, 0.06933925779684629864, 0.1044390419415417992, 0.1456839376965947952, 0.1929665541798580020, 0.2467636342673185101, 0.3057092442526634923, 0.3716976109959455044, 0.4432015931487114924, 0.5204873727434039532, 0.6045517168100760230, 0.6940355353249040293, 0.7900294905600779849, 0.8918067042967169344, 1.000000000000000000 ),
 .UNSPECIFIED. ) ;
#1138 = DIRECTION ( 'NONE',  ( 0.0000000000000000000, 0.0000000000000000000, 1.000000000000000000 ) ) ;
#1139 = CARTESIAN_POINT ( 'NONE',  ( -0.5999999999999999778, 0.2400232381250970159, 2.790000000000000036 ) ) ;
#1140 = PRESENTATION_STYLE_ASSIGNMENT (( #6102 ) ) ;
#1141 = CYLINDRICAL_SURFACE ( 'NONE', #3597, 0.2000000000000000944 ) ;
#1142 = PLANE ( 'NONE',  #5213 ) ;
#1143 = CARTESIAN_POINT ( 'NONE',  ( 2.784110154683240079, 1.965889845316764584, 2.399999999999999911 ) ) ;
#1144 = CARTESIAN_POINT ( 'NONE',  ( -2.905341484062569979, -1.439758845980532165, 0.4943233719850309571 ) ) ;
#1145 = CARTESIAN_POINT ( 'NONE',  ( 0.0000000000000000000, 1.800000000000000044, 2.790000000000000036 ) ) ;
#1146 = AXIS2_PLACEMENT_3D ( 'NONE', #2967, #3781, #7084 ) ;
#1147 = AXIS2_PLACEMENT_3D ( 'NONE', #1204, #10471, #8021 ) ;
#1148 = CARTESIAN_POINT ( 'NONE',  ( -0.5999999999999999778, 0.04326999137185034983, 2.799999999999999822 ) ) ;
#1149 = EDGE_CURVE ( 'NONE', #6815, #894, #5586, .T. ) ;
#1150 = ORIENTED_EDGE ( 'NONE', *, *, #8548, .T. ) ;
#1151 = DIRECTION ( 'NONE',  ( -1.000000000000000000, 0.0000000000000000000, 0.0000000000000000000 ) ) ;
#1152 = B_SPLINE_CURVE_WITH_KNOTS ( 'NONE', 3,
 ( #6147, #1201, #2010, #7848, #9643, #10354, #9528, #5413, #8720, #1254 ),
 .UNSPECIFIED., .F., .F.,
 ( 4, 1, 1, 2, 2, 4 ),
 ( 0.0000000000000000000, 0.2500000000000048295, 0.3750000000000072164, 0.4375000000000084377, 0.5000000000000096589, 1.000000000000000000 ),
 .UNSPECIFIED. ) ;
#1153 = CARTESIAN_POINT ( 'NONE',  ( -2.105702903052999897, -1.010392261741158038, 1.462292711738926165 ) ) ;
#1154 = CARTESIAN_POINT ( 'NONE',  ( -1.149999999999999911, 3.010000000000000231, 0.3499999999999999778 ) ) ;
#1155 = CARTESIAN_POINT ( 'NONE',  ( -0.5435340141134460401, 0.8995361349093230485, 2.790000000000000036 ) ) ;
#1156 = ORIENTED_EDGE ( 'NONE', *, *, #2307, .T. ) ;
#1157 = CARTESIAN_POINT ( 'NONE',  ( -2.502744041586359991, 2.021407763775580069, 0.5000000000000000000 ) ) ;
#1158 = AXIS2_PLACEMENT_3D ( 'NONE', #1052, #181, #123 ) ;
#1159 = CARTESIAN_POINT ( 'NONE',  ( 0.02556818181818214936, -1.562168320316460024, 2.790000000000000036 ) ) ;
#1160 = AXIS2_PLACEMENT_3D ( 'NONE', #9504, #5448, #4626 ) ;
#1161 = DIRECTION ( 'NONE',  ( 0.0000000000000000000, 0.0000000000000000000, -1.000000000000000000 ) ) ;
#1162 = VECTOR ( 'NONE', #8577, 1000.000000000000000 ) ;
#1163 = ADVANCED_FACE ( 'NONE', ( #6158 ), #8143, .F. ) ;
#1164 = AXIS2_PLACEMENT_3D ( 'NONE', #10114, #1720, #10002 ) ;
#1165 = ORIENTED_EDGE ( 'NONE', *, *, #1490, .T. ) ;
#1166 = VECTOR ( 'NONE', #6485, 1000.000000000000000 ) ;
#1167 = CARTESIAN_POINT ( 'NONE',  ( -1.962092985215305063, 1.249886640630992085, 1.460697876909359927 ) ) ;
#1168 = ORIENTED_EDGE ( 'NONE', *, *, #4130, .T. ) ;
#1169 = EDGE_LOOP ( 'NONE', ( #5638, #7831, #7328, #3336 ) ) ;
#1170 = CYLINDRICAL_SURFACE ( 'NONE', #4325, 0.2000000000000000944 ) ;
#1171 = CARTESIAN_POINT ( 'NONE',  ( 2.157506047062199617, 2.281269921716305049, 0.8032609771529569676 ) ) ;
#1172 = CARTESIAN_POINT ( 'NONE',  ( 2.777436754495669735, -0.6814065518171319447, 2.126177352510480123 ) ) ;
#1173 = DIRECTION ( 'NONE',  ( 0.0000000000000000000, -1.000000000000000000, 0.0000000000000000000 ) ) ;
#1174 = CARTESIAN_POINT ( 'NONE',  ( -2.514578815761320030, -2.866277723347005146, 0.4830084259215609577 ) ) ;
#1175 = STYLED_ITEM ( 'NONE', ( #2248 ), #9251 ) ;
#1176 = AXIS2_PLACEMENT_3D ( 'NONE', #1145, #268, #3611 ) ;
#1177 = VECTOR ( 'NONE', #2467, 1000.000000000000000 ) ;
#1178 =( LENGTH_UNIT ( ) NAMED_UNIT ( * ) SI_UNIT ( .MILLI., .METRE. ) );
#1179 = ORIENTED_EDGE ( 'NONE', *, *, #7801, .F. ) ;
#1180 = CARTESIAN_POINT ( 'NONE',  ( 0.8476819515275439976, 2.280429042759004599, 1.451315661414926073 ) ) ;
#1181 = MECHANICAL_DESIGN_GEOMETRIC_PRESENTATION_REPRESENTATION (  '', ( #5885 ), #663 ) ;
#1182 = COLOUR_RGB ( '',0.8431372549019607865, 0.8156862745098039102, 0.7529411764705882248 ) ;
#1183 = CARTESIAN_POINT ( 'NONE',  ( 2.143239352941129994, -2.606760647058870006, 2.399999999999999911 ) ) ;
#1184 = CIRCLE ( 'NONE', #7274, 0.3194015293830334556 ) ;
#1185 = CARTESIAN_POINT ( 'NONE',  ( 2.499999999999999556, -2.520762267737834517, 0.1356907255745092300 ) ) ;
#1186 = CARTESIAN_POINT ( 'NONE',  ( -0.2517973613883850437, 0.4862242940085130249, 2.790000000000000036 ) ) ;
#1187 = CARTESIAN_POINT ( 'NONE',  ( -2.956173761888604812, 1.554782797639240099, 0.2071554596297830175 ) ) ;
#1188 = CARTESIAN_POINT ( 'NONE',  ( 3.000000000000000000, -1.492686379662224061, 2.399999999999999911 ) ) ;
#1189 = CARTESIAN_POINT ( 'NONE',  ( 1.976660526382919780, -2.735515474110040035, 2.399999999999999911 ) ) ;
#1190 = ORIENTED_EDGE ( 'NONE', *, *, #628, .F. ) ;
#1191 = LINE ( 'NONE', #4582, #3421 ) ;
#1192 = DIRECTION ( 'NONE',  ( -5.451252396331770228E-12, 7.508278481101809991E-12, 1.000000000000000000 ) ) ;
#1193 = ADVANCED_FACE ( 'NONE', ( #5482 ), #5370, .T. ) ;
#1194 = AXIS2_PLACEMENT_3D ( 'NONE', #2764, #2149, #5277 ) ;
#1195 = CIRCLE ( 'NONE', #9039, 0.1499999999999999667 ) ;
#1196 = CYLINDRICAL_SURFACE ( 'NONE', #9847, 0.2000000000000000944 ) ;
#1197 = ORIENTED_EDGE ( 'NONE', *, *, #2830, .F. ) ;
#1198 = PLANE ( 'NONE',  #2909 ) ;
#1199 = VERTEX_POINT ( 'NONE', #4663 ) ;
#1200 =( NAMED_UNIT ( * ) SI_UNIT ( $, .STERADIAN. ) SOLID_ANGLE_UNIT ( ) );
#1201 = CARTESIAN_POINT ( 'NONE',  ( 2.471254120906692719, 2.564340200982237583, 0.09999999999999997780 ) ) ;
#1202 = DIRECTION ( 'NONE',  ( 0.0000000000000000000, -1.000000000000000000, 0.0000000000000000000 ) ) ;
#1203 = FILL_AREA_STYLE_COLOUR ( '', #4851 ) ;
#1204 = CARTESIAN_POINT ( 'NONE',  ( -2.799999999999999822, -2.070156211871640117, 0.5000000000000000000 ) ) ;
#1205 = DIRECTION ( 'NONE',  ( -1.000000000000000000, 0.0000000000000000000, 0.0000000000000000000 ) ) ;
#1206 = VECTOR ( 'NONE', #9693, 1000.000000000000000 ) ;
#1207 = CARTESIAN_POINT ( 'NONE',  ( -0.3918581830457260051, -1.456806005276649829, 2.799999999999999822 ) ) ;
#1208 = CARTESIAN_POINT ( 'NONE',  ( 2.512976523458580580, 2.070111366155930277, 0.4829858793015310292 ) ) ;
#1209 = CARTESIAN_POINT ( 'NONE',  ( -2.909936671017094856, 0.1211555844789792002, 0.4829525989476729508 ) ) ;
#1210 = LINE ( 'NONE', #1260, #8494 ) ;
#1211 = EDGE_CURVE ( 'NONE', #3342, #9161, #7082, .T. ) ;
#1212 = VECTOR ( 'NONE', #2815, 1000.000000000000114 ) ;
#1213 = SURFACE_STYLE_FILL_AREA ( #6320 ) ;
#1214 = ORIENTED_EDGE ( 'NONE', *, *, #9259, .F. ) ;
#1215 = CARTESIAN_POINT ( 'NONE',  ( -1.975499308428680045, -1.232172765953956306, 1.460942128122322048 ) ) ;
#1216 = CARTESIAN_POINT ( 'NONE',  ( -0.5435340141134460401, 0.8995361349093230485, 2.799999999999999822 ) ) ;
#1217 = ORIENTED_EDGE ( 'NONE', *, *, #8589, .T. ) ;
#1218 = CARTESIAN_POINT ( 'NONE',  ( -2.505984300575714752, 2.626665369674485273, 0.4943339994214420163 ) ) ;
#1219 = CARTESIAN_POINT ( 'NONE',  ( 0.2238433465168739867, -0.4991503583457800874, 2.790000000000000036 ) ) ;
#1220 = CARTESIAN_POINT ( 'NONE',  ( 2.956173761888604812, 1.554782797639240099, 0.5000000000000000000 ) ) ;
#1221 = EDGE_CURVE ( 'NONE', #9559, #3281, #2306, .T. ) ;
#1222 = CARTESIAN_POINT ( 'NONE',  ( -2.600000000000000089, 2.799999999999999822, 0.5000000000000000000 ) ) ;
#1223 = ORIENTED_EDGE ( 'NONE', *, *, #10383, .T. ) ;
#1224 = CARTESIAN_POINT ( 'NONE',  ( -2.908801711673859813, 1.076670751520774072, 0.4886419928801040147 ) ) ;
#1225 = AXIS2_PLACEMENT_3D ( 'NONE', #5001, #5432, #4670 ) ;
#1226 = VERTEX_POINT ( 'NONE', #9882 ) ;
#1227 = ORIENTED_EDGE ( 'NONE', *, *, #7319, .T. ) ;
#1228 =( NAMED_UNIT ( * ) SI_UNIT ( $, .STERADIAN. ) SOLID_ANGLE_UNIT ( ) );
#1229 = CARTESIAN_POINT ( 'NONE',  ( 2.574589024893939815, 2.175410975106060185, 2.399999999999999911 ) ) ;
#1230 = CARTESIAN_POINT ( 'NONE',  ( 2.282893580832145108, 0.7366583574700080739, 1.463828015134820193 ) ) ;
#1231 = CARTESIAN_POINT ( 'NONE',  ( -2.600000000002574918, -2.535732550609750113, 0.1175436386456553961 ) ) ;
#1232 = CARTESIAN_POINT ( 'NONE',  ( -2.449665983308060291, -2.902220160431995044, 0.4943369222420849751 ) ) ;
#1233 =( NAMED_UNIT ( * ) PLANE_ANGLE_UNIT ( ) SI_UNIT ( $, .RADIAN. ) );
#1234 = EDGE_CURVE ( 'NONE', #4451, #8835, #8238, .T. ) ;
#1235 = DIRECTION ( 'NONE',  ( 0.0000000000000000000, 0.0000000000000000000, -1.000000000000000000 ) ) ;
#1236 = VERTEX_POINT ( 'NONE', #3176 ) ;
#1237 = CARTESIAN_POINT ( 'NONE',  ( 1.325537780865424065, 2.471451082036465241, 2.116457169522774961 ) ) ;
#1238 = CARTESIAN_POINT ( 'NONE',  ( 2.512795384589305403, -2.756836149240639688, 0.4886703376758050332 ) ) ;
#1239 = SURFACE_SIDE_STYLE ('',( #8598 ) ) ;
#1240 = CARTESIAN_POINT ( 'NONE',  ( -0.5999999999999999778, -0.1802689696671105068, 2.790000000000000036 ) ) ;
#1241 = DIRECTION ( 'NONE',  ( -0.0000000000000000000, 1.000000000000000000, 0.0000000000000000000 ) ) ;
#1242 = CARTESIAN_POINT ( 'NONE',  ( 2.903394843988834850, 0.3563792261703029873, 0.4943178284327759964 ) ) ;
#1243 = CARTESIAN_POINT ( 'NONE',  ( 1.596236349499535079, -1.519601992082119990, 1.457030776942829897 ) ) ;
#1244 = CARTESIAN_POINT ( 'NONE',  ( -2.533300653862899932, 1.929736843048329931, 0.5000000000000000000 ) ) ;
#1245 = ORIENTED_EDGE ( 'NONE', *, *, #8663, .F. ) ;
#1246 = CARTESIAN_POINT ( 'NONE',  ( -1.875735931288069924, 2.449999999999999734, 2.799999999999999822 ) ) ;
#1247 =( NAMED_UNIT ( * ) SI_UNIT ( $, .STERADIAN. ) SOLID_ANGLE_UNIT ( ) );
#1248 = CARTESIAN_POINT ( 'NONE',  ( -2.374782903973735149, 1.963728266877579953, 0.6704230333718370627 ) ) ;
#1249 = ORIENTED_EDGE ( 'NONE', *, *, #4042, .T. ) ;
#1250 = DIRECTION ( 'NONE',  ( -1.000000000000000000, 0.0000000000000000000, 0.0000000000000000000 ) ) ;
#1251 = ORIENTED_EDGE ( 'NONE', *, *, #8360, .F. ) ;
#1252 = EDGE_CURVE ( 'NONE', #4948, #346, #1691, .T. ) ;
#1253 = LINE ( 'NONE', #7014, #10058 ) ;
#1254 = CARTESIAN_POINT ( 'NONE',  ( 2.399999999999999911, 2.674999999999999822, 0.1000000000000000056 ) ) ;
#1255 = CARTESIAN_POINT ( 'NONE',  ( -2.500000000000000000, -1.971101169793890051, 0.1239133726916736011 ) ) ;
#1256 = DIRECTION ( 'NONE',  ( 0.0000000000000000000, 0.0000000000000000000, 1.000000000000000000 ) ) ;
#1257 = FILL_AREA_STYLE ('',( #3716 ) ) ;
#1258 = CARTESIAN_POINT ( 'NONE',  ( 2.500000000000000000, 2.813619399608419780, 0.5000000000000000000 ) ) ;
#1259 = CARTESIAN_POINT ( 'NONE',  ( -2.899999999999999911, -1.071749812238142141, 0.5000000000000000000 ) ) ;
#1260 = CARTESIAN_POINT ( 'NONE',  ( 1.875735931288069924, -2.750000000000000000, 2.399999999999999911 ) ) ;
#1261 = FILL_AREA_STYLE_COLOUR ( '', #6691 ) ;
#1262 = ORIENTED_EDGE ( 'NONE', *, *, #7650, .F. ) ;
#1263 = CARTESIAN_POINT ( 'NONE',  ( -2.682608040326399657, -2.054207215835415212, 0.3864410810002315011 ) ) ;
#1264 = CARTESIAN_POINT ( 'NONE',  ( -1.951039452976605082, -1.262055402779421964, 1.460533545270079836 ) ) ;
#1265 = EDGE_CURVE ( 'NONE', #7642, #9290, #10095, .T. ) ;
#1266 = CARTESIAN_POINT ( 'NONE',  ( 2.583804430264324825, 2.549780850517089803, 0.1002787079717404051 ) ) ;
#1267 = ORIENTED_EDGE ( 'NONE', *, *, #10347, .F. ) ;
#1268 = CARTESIAN_POINT ( 'NONE',  ( -2.386968197601435637, -2.004042074047435840, 0.6500019154969439716 ) ) ;
#1269 =( NAMED_UNIT ( * ) PLANE_ANGLE_UNIT ( ) SI_UNIT ( $, .RADIAN. ) );
#1270 = CARTESIAN_POINT ( 'NONE',  ( -2.509687204106385128, 2.265968425620469962, 0.4886609787111880765 ) ) ;
#1271 = CARTESIAN_POINT ( 'NONE',  ( 0.2386309232327600005, -0.4871067217318140186, 2.790000000000000036 ) ) ;
#1272 = EDGE_CURVE ( 'NONE', #7869, #3989, #2521, .T. ) ;
#1273 = SURFACE_STYLE_USAGE ( .BOTH. , #9492 ) ;
#1274 = UNCERTAINTY_MEASURE_WITH_UNIT (LENGTH_MEASURE( 1.000000000000000082E-05 ), #3396, 'distance_accuracy_value', 'NONE');
#1275 = CARTESIAN_POINT ( 'NONE',  ( -2.500000000000000000, 2.036495093090625375, 0.2044777508500409957 ) ) ;
#1276 = ORIENTED_EDGE ( 'NONE', *, *, #5150, .F. ) ;
#1277 = DIRECTION ( 'NONE',  ( 0.0000000000000000000, -1.000000000000000000, 0.0000000000000000000 ) ) ;
#1278 = CARTESIAN_POINT ( 'NONE',  ( -2.915522580744370096, 1.457016711664802067, 0.4829708091319940277 ) ) ;
#1279 = ORIENTED_EDGE ( 'NONE', *, *, #2977, .F. ) ;
#1280 = ORIENTED_EDGE ( 'NONE', *, *, #1265, .T. ) ;
#1281 = MECHANICAL_DESIGN_GEOMETRIC_PRESENTATION_REPRESENTATION (  '', ( #7154 ), #7893 ) ;
#1282 = CARTESIAN_POINT ( 'NONE',  ( 3.000000000000000000, 1.429843788128356108, 0.5000000000000000000 ) ) ;
#1283 = CARTESIAN_POINT ( 'NONE',  ( 1.861057775551750115, 1.348554746565345797, 1.459536146894414133 ) ) ;
#1284 = CARTESIAN_POINT ( 'NONE',  ( 2.899999999999999911, 0.3553984691504925575, 0.5000000000000000000 ) ) ;
#1285 = CARTESIAN_POINT ( 'NONE',  ( -2.598606685463240140, -2.539787661519334883, 0.1126657477457685963 ) ) ;
#1286 = CARTESIAN_POINT ( 'NONE',  ( -2.501233425742464878, -2.848089735507095099, 0.4943361419738540596 ) ) ;
#1287 = ORIENTED_EDGE ( 'NONE', *, *, #10184, .T. ) ;
#1288 = MECHANICAL_DESIGN_GEOMETRIC_PRESENTATION_REPRESENTATION (  '', ( #8252 ), #3038 ) ;
#1289 = SURFACE_STYLE_FILL_AREA ( #2053 ) ;
#1290 = ORIENTED_EDGE ( 'NONE', *, *, #6920, .F. ) ;
#1291 = CARTESIAN_POINT ( 'NONE',  ( -2.493927276133740101, 2.898166600371629986, 0.4830095990091050062 ) ) ;
#1292 = EDGE_CURVE ( 'NONE', #7756, #3281, #2227, .T. ) ;
#1293 = CARTESIAN_POINT ( 'NONE',  ( 1.553023190823050070, -1.538699533929049901, 1.456649894851562266 ) ) ;
#1294 = SURFACE_SIDE_STYLE ('',( #306 ) ) ;
#1295 = DIRECTION ( 'NONE',  ( -0.6246950475544241765, -0.7808688094430303872, 0.0000000000000000000 ) ) ;
#1296 = CARTESIAN_POINT ( 'NONE',  ( 3.000000000000000000, -0.4038401147490970344, 2.399999999999999911 ) ) ;
#1297 = CARTESIAN_POINT ( 'NONE',  ( 2.510783547440430308, -2.450521337214639939, 0.4886644765042420513 ) ) ;
#1298 = AXIS2_PLACEMENT_3D ( 'NONE', #7335, #10672, #3204 ) ;
#1299 = CARTESIAN_POINT ( 'NONE',  ( 2.399999999999999911, -3.000000000000000000, 0.5000000000000000000 ) ) ;
#1300 = CARTESIAN_POINT ( 'NONE',  ( 2.087867965644039536, -2.662132034355964905, 2.799999999999999822 ) ) ;
#1301 = CIRCLE ( 'NONE', #8271, 0.02000000000000001082 ) ;
#1302 = LINE ( 'NONE', #6142, #8277 ) ;
#1303 = ORIENTED_EDGE ( 'NONE', *, *, #189, .T. ) ;
#1304 = DIRECTION ( 'NONE',  ( 0.0000000000000000000, -1.000000000000000000, 0.0000000000000000000 ) ) ;
#1305 = EDGE_LOOP ( 'NONE', ( #4581, #10732, #6449, #3413 ) ) ;
#1306 = CARTESIAN_POINT ( 'NONE',  ( -0.3485302928463295258, -0.3666504984521389843, 2.790000000000000036 ) ) ;
#1307 = CARTESIAN_POINT ( 'NONE',  ( -2.500000000000000000, -1.956632749441654884, 0.1804745552948679999 ) ) ;
#1308 = CARTESIAN_POINT ( 'NONE',  ( 2.579999999999999627, 2.799999999999999822, 0.1200000000000000094 ) ) ;
#1309 = DIRECTION ( 'NONE',  ( 1.000000000000000000, 0.0000000000000000000, 0.0000000000000000000 ) ) ;
#1310 = ORIENTED_EDGE ( 'NONE', *, *, #5222, .T. ) ;
#1311 = FACE_OUTER_BOUND ( 'NONE', #2489, .T. ) ;
#1312 = CARTESIAN_POINT ( 'NONE',  ( -0.3485302928463295258, -1.488728420530059937, 2.799999999999999822 ) ) ;
#1313 = CARTESIAN_POINT ( 'NONE',  ( 2.514578815761400410, 2.866277723347470108, 0.4830084259207320097 ) ) ;
#1314 = CARTESIAN_POINT ( 'NONE',  ( -2.644065530895920446, -1.795450635602189982, 0.4943261410250600063 ) ) ;
#1315 = AXIS2_PLACEMENT_3D ( 'NONE', #7441, #10782, #8066 ) ;
#1316 = CARTESIAN_POINT ( 'NONE',  ( -2.415873556404330547, 2.899999999986704768, 0.5000000000000000000 ) ) ;
#1317 = CONICAL_SURFACE ( 'NONE', #7937, 0.05000000000000012768, 0.7853981633974476129 ) ;
#1318 = ORIENTED_EDGE ( 'NONE', *, *, #7611, .F. ) ;
#1319 = CARTESIAN_POINT ( 'NONE',  ( -2.716616502304249892, -2.044365438863979811, 0.3864410810002315011 ) ) ;
#1320 = CARTESIAN_POINT ( 'NONE',  ( -2.512976523458460232, -2.070111366155655386, 0.4829858793021540309 ) ) ;
#1321 = CARTESIAN_POINT ( 'NONE',  ( 2.579999999999999627, 2.550000000000000266, 0.1000000000000000056 ) ) ;
#1322 =( NAMED_UNIT ( * ) PLANE_ANGLE_UNIT ( ) SI_UNIT ( $, .RADIAN. ) );
#1323 = FACE_OUTER_BOUND ( 'NONE', #1607, .T. ) ;
#1324 = VERTEX_POINT ( 'NONE', #5040 ) ;
#1325 = CARTESIAN_POINT ( 'NONE',  ( -2.307687980192400179, -2.004763166717769884, 0.7500000000000000000 ) ) ;
#1326 = CARTESIAN_POINT ( 'NONE',  ( -2.491448532073286870, 2.537090975938359083, 0.1163966627373209245 ) ) ;
#1327 = CARTESIAN_POINT ( 'NONE',  ( -1.917498029987585006, 1.296171336552229825, 1.460149104321995850 ) ) ;
#1328 = LINE ( 'NONE', #7979, #6617 ) ;
#1329 = DIRECTION ( 'NONE',  ( 0.0000000000000000000, 0.0000000000000000000, -1.000000000000000000 ) ) ;
#1330 = VECTOR ( 'NONE', #1044, 1000.000000000000000 ) ;
#1331 = COLOUR_RGB ( '',0.5372549019607842924, 0.3490196078431372362, 0.3372549019607843368 ) ;
#1332 = ADVANCED_FACE ( 'NONE', ( #8133 ), #3284, .F. ) ;
#1333 = CARTESIAN_POINT ( 'NONE',  ( -2.500000000000000000, 2.027121016853110191, 0.1173637369811093983 ) ) ;
#1334 = VERTEX_POINT ( 'NONE', #4888 ) ;
#1335 = EDGE_CURVE ( 'NONE', #2916, #869, #661, .T. ) ;
#1336 = CARTESIAN_POINT ( 'NONE',  ( -2.909970829434135098, 1.317435189232653903, 0.4886452522683019661 ) ) ;
#1337 = PRESENTATION_LAYER_ASSIGNMENT (  '', '', ( #6024 ) ) ;
#1338 = ORIENTED_EDGE ( 'NONE', *, *, #3887, .F. ) ;
#1339 = DIRECTION ( 'NONE',  ( 1.000000000000000000, 0.0000000000000000000, 0.0000000000000000000 ) ) ;
#1340 = CARTESIAN_POINT ( 'NONE',  ( 2.500000000000000000, 2.436265413492429754, 0.5000000000000000000 ) ) ;
#1341 = CARTESIAN_POINT ( 'NONE',  ( -2.590492147873824980, -2.547646206949729653, 0.1029731144066747955 ) ) ;
#1342 = CARTESIAN_POINT ( 'NONE',  ( -2.493927276152110295, -2.898166600359860290, 0.4830095990098519643 ) ) ;
#1343 = DIRECTION ( 'NONE',  ( -1.000000000000000000, 0.0000000000000000000, 0.0000000000000000000 ) ) ;
#1344 = ADVANCED_FACE ( 'NONE', ( #10696 ), #9065, .F. ) ;
#1345 = AXIS2_PLACEMENT_3D ( 'NONE', #3693, #1991, #5394 ) ;
#1346 = CARTESIAN_POINT ( 'NONE',  ( -0.5999999999999999778, -2.004132606030744945, 2.790000000000000036 ) ) ;
#1347 = ORIENTED_EDGE ( 'NONE', *, *, #3349, .F. ) ;
#1348 = CARTESIAN_POINT ( 'NONE',  ( -2.102119455243249835, 2.393819978617655497, 0.8031671104450349707 ) ) ;
#1349 = CARTESIAN_POINT ( 'NONE',  ( 2.506397692294650259, -2.748272631935175347, 0.4943351688379030162 ) ) ;
#1350 = LINE ( 'NONE', #4699, #1361 ) ;
#1351 = CARTESIAN_POINT ( 'NONE',  ( -2.376681355029395259, -1.965538895153305043, 0.6676808718592870395 ) ) ;
#1352 = VECTOR ( 'NONE', #10410, 1000.000000000000000 ) ;
#1353 = FACE_OUTER_BOUND ( 'NONE', #6862, .T. ) ;
#1354 = CARTESIAN_POINT ( 'NONE',  ( 2.907547450889874874, 0.7171788776647259889, 0.4886380736927230517 ) ) ;
#1355 = CARTESIAN_POINT ( 'NONE',  ( 1.858962551935640084, -2.304846004913975399, 2.118939412566310132 ) ) ;
#1356 = MECHANICAL_DESIGN_GEOMETRIC_PRESENTATION_REPRESENTATION (  '', ( #8489 ), #7258 ) ;
#1357 = FACE_OUTER_BOUND ( 'NONE', #7818, .T. ) ;
#1358 = PRESENTATION_STYLE_ASSIGNMENT (( #6301 ) ) ;
#1359 = VECTOR ( 'NONE', #4189, 1000.000000000000000 ) ;
#1360 = CONICAL_SURFACE ( 'NONE', #2928, 0.05000000000000012768, 0.7853981633974476129 ) ;
#1361 = VECTOR ( 'NONE', #8003, 1000.000000000000000 ) ;
#1362 =( LENGTH_UNIT ( ) NAMED_UNIT ( * ) SI_UNIT ( .MILLI., .METRE. ) );
#1363 = ORIENTED_EDGE ( 'NONE', *, *, #858, .F. ) ;
#1364 = DIRECTION ( 'NONE',  ( 0.0000000000000000000, 0.0000000000000000000, -1.000000000000000000 ) ) ;
#1365 = EDGE_LOOP ( 'NONE', ( #3617, #5373, #1190, #5296 ) ) ;
#1366 = LINE ( 'NONE', #7187, #7438 ) ;
#1367 = FACE_OUTER_BOUND ( 'NONE', #9266, .T. ) ;
#1368 = SURFACE_STYLE_FILL_AREA ( #8840 ) ;
#1369 = CYLINDRICAL_SURFACE ( 'NONE', #2021, 0.02000000000000001082 ) ;
#1370 = FACE_BOUND ( 'NONE', #10297, .T. ) ;
#1371 = SURFACE_SIDE_STYLE ('',( #3772 ) ) ;
#1372 = CARTESIAN_POINT ( 'NONE',  ( 1.596236349081574746, 1.519601992104009813, 1.457030776961989904 ) ) ;
#1373 = CARTESIAN_POINT ( 'NONE',  ( -3.000000000000000000, -1.647676829771244966, 2.399999999999999911 ) ) ;
#1374 = AXIS2_PLACEMENT_3D ( 'NONE', #4832, #5737, #9069 ) ;
#1375 = DIRECTION ( 'NONE',  ( 0.0000000000000000000, 0.0000000000000000000, 1.000000000000000000 ) ) ;
#1376 = EDGE_CURVE ( 'NONE', #5717, #1476, #6851, .T. ) ;
#1377 = CARTESIAN_POINT ( 'NONE',  ( -1.449999999999999956, 1.184960637368067893, 2.799999999999999822 ) ) ;
#1378 = ORIENTED_EDGE ( 'NONE', *, *, #5343, .T. ) ;
#1379 = CARTESIAN_POINT ( 'NONE',  ( -2.736681044287159636, -2.010379105459116911, 0.3864410810002315011 ) ) ;
#1380 = AXIS2_PLACEMENT_3D ( 'NONE', #8124, #5032, #2469 ) ;
#1381 = CARTESIAN_POINT ( 'NONE',  ( -1.917498029706679930, -1.296171336573279875, 1.460149104300729972 ) ) ;
#1382 = CARTESIAN_POINT ( 'NONE',  ( 2.594665509701730155, 2.544899326706434817, 0.1064013667889001924 ) ) ;
#1383 = CARTESIAN_POINT ( 'NONE',  ( 0.1633928571428569787, 0.5823933679952270071, 2.790000000000000036 ) ) ;
#1384 = CARTESIAN_POINT ( 'NONE',  ( 0.0000000000000000000, 0.0000000000000000000, 0.1328989928337164228 ) ) ;
#1385 = VERTEX_POINT ( 'NONE', #4311 ) ;
#1386 = CARTESIAN_POINT ( 'NONE',  ( 0.4296522000915025119, -0.7289067366209449617, 2.790000000000000036 ) ) ;
#1387 = CARTESIAN_POINT ( 'NONE',  ( -2.902601501589404887, 1.847398498410595113, 2.399999999999999911 ) ) ;
#1388 = CARTESIAN_POINT ( 'NONE',  ( 3.000000000000000000, -1.625735931288069924, 2.399999999999999911 ) ) ;
#1389 = FILL_AREA_STYLE ('',( #4942 ) ) ;
#1390 = CIRCLE ( 'NONE', #3486, 0.1499999999999999667 ) ;
#1391 = UNCERTAINTY_MEASURE_WITH_UNIT (LENGTH_MEASURE( 1.000000000000000082E-05 ), #2278, 'distance_accuracy_value', 'NONE');
#1392 = CARTESIAN_POINT ( 'NONE',  ( -2.500000000000000000, 2.036982978301364877, 0.1239133726916736011 ) ) ;
#1393 = ORIENTED_EDGE ( 'NONE', *, *, #1986, .T. ) ;
#1394 =( LENGTH_UNIT ( ) NAMED_UNIT ( * ) SI_UNIT ( .MILLI., .METRE. ) );
#1395 = CARTESIAN_POINT ( 'NONE',  ( -2.910168380631494855, 1.452503076475510024, 0.4886472060879960000 ) ) ;
#1396 = ORIENTED_EDGE ( 'NONE', *, *, #9385, .F. ) ;
#1397 = SURFACE_STYLE_USAGE ( .BOTH. , #3089 ) ;
#1398 = EDGE_CURVE ( 'NONE', #10407, #9356, #9712, .T. ) ;
#1399 = CARTESIAN_POINT ( 'NONE',  ( 0.8476819515275439976, 2.280429042759004599, 1.451315661414926073 ) ) ;
#1400 = CARTESIAN_POINT ( 'NONE',  ( -2.574589024893939815, -2.175410975106065070, 2.399999999999999911 ) ) ;
#1401 = CARTESIAN_POINT ( 'NONE',  ( -2.500000000000000000, 1.479237732266015515, 0.1356907255784395028 ) ) ;
#1402 = ORIENTED_EDGE ( 'NONE', *, *, #10086, .T. ) ;
#1403 = CARTESIAN_POINT ( 'NONE',  ( -1.888842569811610028, 2.750000000000000000, 2.399999999999999911 ) ) ;
#1404 = CARTESIAN_POINT ( 'NONE',  ( 2.512976523454295119, -2.070111366155225063, 0.4829858793019229934 ) ) ;
#1405 = CARTESIAN_POINT ( 'NONE',  ( -2.639753966922740336, 2.023848505623315308, 0.3864410810002315011 ) ) ;
#1406 = ADVANCED_FACE ( 'NONE', ( #7515 ), #5094, .F. ) ;
#1407 = CARTESIAN_POINT ( 'NONE',  ( -2.373705551902954625, -1.962626530496944799, 0.6719865612178420600 ) ) ;
#1408 = CYLINDRICAL_SURFACE ( 'NONE', #598, 0.7000000000000000666 ) ;
#1409 = CARTESIAN_POINT ( 'NONE',  ( 2.910682968125235082, 1.444112424348559909, 0.4886467439697429471 ) ) ;
#1410 = CARTESIAN_POINT ( 'NONE',  ( 1.951039453241679933, -1.262055402758605949, 1.460533545281652135 ) ) ;
#1411 = CARTESIAN_POINT ( 'NONE',  ( 1.149999999999999911, -3.010000000000000231, 0.3499999999999999778 ) ) ;
#1412 = VECTOR ( 'NONE', #3078, 1000.000000000000114 ) ;
#1413 = PLANE ( 'NONE',  #2032 ) ;
#1414 = EDGE_CURVE ( 'NONE', #4711, #6824, #1034, .T. ) ;
#1415 =( GEOMETRIC_REPRESENTATION_CONTEXT ( 3 ) GLOBAL_UNCERTAINTY_ASSIGNED_CONTEXT ( ( #6289 ) ) GLOBAL_UNIT_ASSIGNED_CONTEXT ( ( #2695, #5958, #893 ) ) REPRESENTATION_CONTEXT ( 'NONE', 'WORKASPACE' ) );
#1416 = CARTESIAN_POINT ( 'NONE',  ( 0.1722171299342414863, -1.666895695092385221, 2.799999999999999822 ) ) ;
#1417 = DIRECTION ( 'NONE',  ( 1.000000000000000000, 0.0000000000000000000, 0.0000000000000000000 ) ) ;
#1418 = ORIENTED_EDGE ( 'NONE', *, *, #882, .F. ) ;
#1419 = SURFACE_SIDE_STYLE ('',( #8834 ) ) ;
#1420 = ORIENTED_EDGE ( 'NONE', *, *, #9064, .F. ) ;
#1421 = CARTESIAN_POINT ( 'NONE',  ( -0.1090909090909090023, -0.5353014371995779008, 2.799999999999999822 ) ) ;
#1422 = CARTESIAN_POINT ( 'NONE',  ( -0.1210968959524501981, -0.5287642355986649223, 2.790000000000000036 ) ) ;
#1423 = CARTESIAN_POINT ( 'NONE',  ( 2.399999999999999911, -2.799999999999999822, 0.1200000000000000094 ) ) ;
#1424 =( NAMED_UNIT ( * ) PLANE_ANGLE_UNIT ( ) SI_UNIT ( $, .RADIAN. ) );
#1425 = PRESENTATION_STYLE_ASSIGNMENT (( #8842 ) ) ;
#1426 = FILL_AREA_STYLE ('',( #8125 ) ) ;
#1427 = CARTESIAN_POINT ( 'NONE',  ( 2.494560730733045073, 2.838995741587145183, 0.5000000000000000000 ) ) ;
#1428 = DIRECTION ( 'NONE',  ( -1.000000000000000000, 0.0000000000000000000, 0.0000000000000000000 ) ) ;
#1429 = FACE_OUTER_BOUND ( 'NONE', #8992, .T. ) ;
#1430 = VERTEX_POINT ( 'NONE', #1851 ) ;
#1431 = CARTESIAN_POINT ( 'NONE',  ( 3.000000000000000000, 1.625735931288069924, 2.399999999999999911 ) ) ;
#1432 = CARTESIAN_POINT ( 'NONE',  ( -2.504843602054870111, -2.259622711692764963, 0.4943304893557649571 ) ) ;
#1433 = CARTESIAN_POINT ( 'NONE',  ( 0.4296522000915020123, 0.3931711854569770459, 2.790000000000000036 ) ) ;
#1434 = CARTESIAN_POINT ( 'NONE',  ( -1.149999999999999911, -2.990000000000000213, 0.09000000000000001055 ) ) ;
#1435 = EDGE_CURVE ( 'NONE', #6549, #10495, #2960, .T. ) ;
#1436 = ORIENTED_EDGE ( 'NONE', *, *, #5797, .F. ) ;
#1437 = CARTESIAN_POINT ( 'NONE',  ( -2.385266288158344850, -2.014564124449439664, 0.6511196721027601164 ) ) ;
#1438 = DIRECTION ( 'NONE',  ( -0.7071067811865474617, 0.0000000000000000000, -0.7071067811865474617 ) ) ;
#1439 = CARTESIAN_POINT ( 'NONE',  ( -2.457636968353894780, 1.440232106440680004, 0.8037851149214679802 ) ) ;
#1440 = FACE_OUTER_BOUND ( 'NONE', #2803, .T. ) ;
#1441 = CARTESIAN_POINT ( 'NONE',  ( 0.1660045177501135172, -1.663281720407644881, 2.790000000000000036 ) ) ;
#1442 = B_SPLINE_CURVE_WITH_KNOTS ( 'NONE', 3,
 ( #1081, #4368, #2622, #5196, #207, #4308, #3496, #3546, #44, #5888, #4208, #9424, #10247, #10031, #8345, #5936, #6795, #1795, #6750 ),
 .UNSPECIFIED., .F., .F.,
 ( 4, 1, 1, 1, 1, 1, 1, 1, 1, 1, 1, 1, 1, 1, 1, 1, 4 ),
 ( 0.0000000000000000000, 0.01681894172984564964, 0.04000885950673790242, 0.06933925779684629864, 0.1044390419415417992, 0.1456839376965947952, 0.1929665541798580020, 0.2467636342673185101, 0.3057092442526634923, 0.3716976109959455044, 0.4432015931487114924, 0.5204873727434039532, 0.6045517168100760230, 0.6940355353249040293, 0.7900294905600779849, 0.8918067042967169344, 1.000000000000000000 ),
 .UNSPECIFIED. ) ;
#1443 = ORIENTED_EDGE ( 'NONE', *, *, #4352, .T. ) ;
#1444 = CARTESIAN_POINT ( 'NONE',  ( -2.899999999999999911, 1.434122318179414046, 0.5000000000000000000 ) ) ;
#1445 = ORIENTED_EDGE ( 'NONE', *, *, #803, .T. ) ;
#1446 = FACE_OUTER_BOUND ( 'NONE', #2882, .T. ) ;
#1447 = CARTESIAN_POINT ( 'NONE',  ( 1.525943831382674976, 1.581481019035050117, 1.455953801384725965 ) ) ;
#1448 = CARTESIAN_POINT ( 'NONE',  ( 2.514037242765615243, -1.975255626417675048, 0.4999999999999749645 ) ) ;
#1449 = ORIENTED_EDGE ( 'NONE', *, *, #3264, .T. ) ;
#1450 = CARTESIAN_POINT ( 'NONE',  ( 0.0000000000000000000, -2.495562771045445327, 1.449528787345573999 ) ) ;
#1451 = ORIENTED_EDGE ( 'NONE', *, *, #6931, .F. ) ;
#1452 = CARTESIAN_POINT ( 'NONE',  ( -0.4305299667704209909, 2.456475915002075183, 1.449895245532089927 ) ) ;
#1453 = CARTESIAN_POINT ( 'NONE',  ( 2.593879675013309960, -1.858088207357774913, 0.4943266954000770652 ) ) ;
#1454 = CARTESIAN_POINT ( 'NONE',  ( -2.387099976928700240, -2.002108688921127477, 0.6500280788426637812 ) ) ;
#1455 = CARTESIAN_POINT ( 'NONE',  ( 3.000000000000000000, 1.424356074374703907, 2.399999999999999911 ) ) ;
#1456 = CARTESIAN_POINT ( 'NONE',  ( 2.155356275562569923, -0.9149469123340969734, 1.462679293941592240 ) ) ;
#1457 = FILL_AREA_STYLE_COLOUR ( '', #6773 ) ;
#1458 = DIRECTION ( 'NONE',  ( 0.0000000000000000000, 0.0000000000000000000, -1.000000000000000000 ) ) ;
#1459 = AXIS2_PLACEMENT_3D ( 'NONE', #3434, #5247, #6958 ) ;
#1460 = CARTESIAN_POINT ( 'NONE',  ( 0.2998446361318245490, -1.756202492345455113, 2.799999999999999822 ) ) ;
#1461 = ADVANCED_FACE ( 'NONE', ( #10252 ), #4944, .T. ) ;
#1462 = CARTESIAN_POINT ( 'NONE',  ( -2.309631309221479967, 1.995041238389964722, 0.7494228093863500861 ) ) ;
#1463 = ORIENTED_EDGE ( 'NONE', *, *, #5218, .T. ) ;
#1464 = DIRECTION ( 'NONE',  ( -0.5766211040409849886, 0.8170116904760639231, 0.0000000000000000000 ) ) ;
#1465 = EDGE_CURVE ( 'NONE', #4462, #5954, #6039, .T. ) ;
#1466 = EDGE_LOOP ( 'NONE', ( #8419, #4558, #9233, #5285 ) ) ;
#1467 = CARTESIAN_POINT ( 'NONE',  ( -0.1859858810939220009, -0.5889102865093359673, 2.790000000000000036 ) ) ;
#1468 = CARTESIAN_POINT ( 'NONE',  ( -0.1090909090909090023, -0.5353014371995779008, 2.790000000000000036 ) ) ;
#1469 = CARTESIAN_POINT ( 'NONE',  ( -1.875735931288069924, -2.750000000000000000, 2.799999999999999822 ) ) ;
#1470 = CARTESIAN_POINT ( 'NONE',  ( -2.500000000000000000, 1.977029901287154612, 0.1196213842253189968 ) ) ;
#1471 = DIRECTION ( 'NONE',  ( 1.000000000000000000, 0.0000000000000000000, 0.0000000000000000000 ) ) ;
#1472 = DIRECTION ( 'NONE',  ( -0.7071067811865489050, 1.533293416683374828E-15, -0.7071067811865460184 ) ) ;
#1473 = AXIS2_PLACEMENT_3D ( 'NONE', #561, #513, #3858 ) ;
#1474 = EDGE_CURVE ( 'NONE', #7043, #5973, #4678, .T. ) ;
#1475 = SURFACE_STYLE_USAGE ( .BOTH. , #9929 ) ;
#1476 = VERTEX_POINT ( 'NONE', #7134 ) ;
#1477 = DIRECTION ( 'NONE',  ( -1.000000000000000000, 0.0000000000000000000, 0.0000000000000000000 ) ) ;
#1478 = CARTESIAN_POINT ( 'NONE',  ( -2.506397692296944868, -2.748272631935420041, 0.4943351688379610254 ) ) ;
#1479 = CARTESIAN_POINT ( 'NONE',  ( -2.735634556224419978, -1.991261426040029869, 0.3864410810002315011 ) ) ;
#1480 = CARTESIAN_POINT ( 'NONE',  ( -0.1494761574587941955, -0.5634789736910439384, 2.790000000000000036 ) ) ;
#1481 = DIRECTION ( 'NONE',  ( 0.0000000000000000000, 1.000000000000000000, 0.0000000000000000000 ) ) ;
#1482 = EDGE_LOOP ( 'NONE', ( #588, #10437, #505, #6834, #7696, #6482, #3269, #6712, #8746, #9174, #3796, #3687, #9086, #1785, #8922, #6648 ) ) ;
#1483 = STYLED_ITEM ( 'NONE', ( #2309 ), #5541 ) ;
#1484 = CARTESIAN_POINT ( 'NONE',  ( -2.333951364742020473, -2.053603355079745008, 0.7099210789293168844 ) ) ;
#1485 = DIRECTION ( 'NONE',  ( -1.000000000000000000, 0.0000000000000000000, 0.0000000000000000000 ) ) ;
#1486 = CARTESIAN_POINT ( 'NONE',  ( 2.903312223672425141, 0.1184703704579029987, 0.4943175329824510134 ) ) ;
#1487 = CARTESIAN_POINT ( 'NONE',  ( -2.541965463879334752, 1.939802689167695160, 0.4886548233448380074 ) ) ;
#1488 = FILL_AREA_STYLE_COLOUR ( '', #1587 ) ;
#1489 = FACE_OUTER_BOUND ( 'NONE', #9329, .T. ) ;
#1490 = EDGE_CURVE ( 'NONE', #4528, #8445, #1366, .T. ) ;
#1491 = AXIS2_PLACEMENT_3D ( 'NONE', #7704, #234, #6984 ) ;
#1492 = DIRECTION ( 'NONE',  ( 1.000000000000000000, 0.0000000000000000000, 0.0000000000000000000 ) ) ;
#1493 = B_SPLINE_CURVE_WITH_KNOTS ( 'NONE', 3,
 ( #1709, #5054, #9944, #2484, #5790, #9122, #7525, #59, #829, #4994, #3397, #8303, #4173, #7481, #9990, #8359, #884, #1094, #6860 ),
 .UNSPECIFIED., .F., .F.,
 ( 4, 1, 1, 1, 1, 1, 1, 1, 1, 1, 1, 1, 1, 1, 1, 1, 4 ),
 ( 0.0000000000000000000, 0.006491022190099359802, 0.01999718752723544934, 0.04129174943302810208, 0.06993138171736230924, 0.1060405829517207937, 0.1498516436044682043, 0.2008085873982295155, 0.2597997561993690141, 0.3257033864952474933, 0.3998780143702789780, 0.4809647925942789892, 0.5697627338811119824, 0.6662729348137089724, 0.7696947132029710037, 0.8811519930212949880, 1.000000000000000000 ),
 .UNSPECIFIED. ) ;
#1494 = ORIENTED_EDGE ( 'NONE', *, *, #691, .F. ) ;
#1495 = CARTESIAN_POINT ( 'NONE',  ( -3.000000000000000000, -1.166354171412796070, 2.399999999999999911 ) ) ;
#1496 = ORIENTED_EDGE ( 'NONE', *, *, #8518, .F. ) ;
#1497 = CARTESIAN_POINT ( 'NONE',  ( 1.602478115251370072, 2.394548523495434900, 2.117765524171629998 ) ) ;
#1498 =( GEOMETRIC_REPRESENTATION_CONTEXT ( 3 ) GLOBAL_UNCERTAINTY_ASSIGNED_CONTEXT ( ( #727 ) ) GLOBAL_UNIT_ASSIGNED_CONTEXT ( ( #10768, #9993, #1713 ) ) REPRESENTATION_CONTEXT ( 'NONE', 'WORKASPACE' ) );
#1499 = CARTESIAN_POINT ( 'NONE',  ( 2.799999999999999822, -2.070156211871640117, 0.5000000000000000000 ) ) ;
#1500 = VECTOR ( 'NONE', #6149, 1000.000000000000000 ) ;
#1501 = CARTESIAN_POINT ( 'NONE',  ( -1.394212631594723861, -2.750000000000000000, 2.399999999999999911 ) ) ;
#1502 = EDGE_CURVE ( 'NONE', #7899, #8369, #7956, .T. ) ;
#1503 = FILL_AREA_STYLE ('',( #5646 ) ) ;
#1504 = VERTEX_POINT ( 'NONE', #3057 ) ;
#1505 = CARTESIAN_POINT ( 'NONE',  ( -1.812421266974825196, 2.329515860045834774, 2.118773468850864816 ) ) ;
#1506 = CARTESIAN_POINT ( 'NONE',  ( 2.597086072751039865, -1.594004897675719956, 2.122948317076865266 ) ) ;
#1507 = CARTESIAN_POINT ( 'NONE',  ( -0.2399940192235975045, -1.567656940554840173, 2.799999999999999822 ) ) ;
#1508 = CARTESIAN_POINT ( 'NONE',  ( 2.600000000000000089, 2.799999999999999822, 0.5000000000000000000 ) ) ;
#1509 = CARTESIAN_POINT ( 'NONE',  ( -3.000000000000000000, 2.000000000000000000, -0.3330127018922190429 ) ) ;
#1510 = CARTESIAN_POINT ( 'NONE',  ( 2.899999999999999911, 1.435405267612604119, 0.5000000000000000000 ) ) ;
#1511 = CARTESIAN_POINT ( 'NONE',  ( 1.990086586845065009, -1.210049061881254051, 1.461183922144108083 ) ) ;
#1512 = DIRECTION ( 'NONE',  ( 0.0000000000000000000, 0.0000000000000000000, -1.000000000000000000 ) ) ;
#1513 = CARTESIAN_POINT ( 'NONE',  ( -0.2607954545454539974, -1.764522216420359779, 2.790000000000000036 ) ) ;
#1514 = STYLED_ITEM ( 'NONE', ( #5856 ), #6914 ) ;
#1515 = AXIS2_PLACEMENT_3D ( 'NONE', #3746, #9621, #9456 ) ;
#1516 = B_SPLINE_CURVE_WITH_KNOTS ( 'NONE', 3,
 ( #8684, #3783, #6269, #8791 ),
 .UNSPECIFIED., .F., .F.,
 ( 4, 4 ),
 ( 0.0000000000000000000, 1.000000000000000000 ),
 .UNSPECIFIED. ) ;
#1517 = ORIENTED_EDGE ( 'NONE', *, *, #5739, .F. ) ;
#1518 = AXIS2_PLACEMENT_3D ( 'NONE', #1924, #4387, #6003 ) ;
#1519 = CIRCLE ( 'NONE', #5871, 0.02000000000000005246 ) ;
#1520 = ORIENTED_EDGE ( 'NONE', *, *, #6131, .F. ) ;
#1521 = COLOUR_RGB ( '',0.8431372549019607865, 0.8156862745098039102, 0.7529411764705882248 ) ;
#1522 = DIRECTION ( 'NONE',  ( 0.0000000000000000000, 0.0000000000000000000, -1.000000000000000000 ) ) ;
#1523 = CARTESIAN_POINT ( 'NONE',  ( -0.1860053306754375080, -0.4845545368601700265, 2.790000000000000036 ) ) ;
#1524 = CARTESIAN_POINT ( 'NONE',  ( 0.2386309232327600005, -0.4871067217318140186, 2.790000000000000036 ) ) ;
#1525 = CARTESIAN_POINT ( 'NONE',  ( -2.500000000000000000, 2.004042075671720990, 0.1115127683155178462 ) ) ;
#1526 =( LENGTH_UNIT ( ) NAMED_UNIT ( * ) SI_UNIT ( .MILLI., .METRE. ) );
#1527 = EDGE_CURVE ( 'NONE', #10781, #7030, #4640, .T. ) ;
#1528 = B_SPLINE_SURFACE_WITH_KNOTS ( 'NONE', 3, 1, ( 
 ( #7658, #188 ),
 ( #6623, #2500 ),
 ( #3314, #3526 ),
 ( #2701, #2551 ),
 ( #6727, #9348 ),
 ( #4286, #10011 ),
 ( #1882, #5231 ),
 ( #2602, #8421 ),
 ( #5864, #5071 ),
 ( #8540, #4551 ),
 ( #8374, #7255 ),
 ( #3786, #9721 ),
 ( #8036, #558 ),
 ( #1386, #8087 ),
 ( #4733, #5590 ),
 ( #7918, #3902 ),
 ( #7204, #8858 ),
 ( #8736, #10538 ),
 ( #2148, #2972 ) ),
 .UNSPECIFIED., .F., .F., .F.,
 ( 4, 1, 1, 1, 1, 1, 1, 1, 1, 1, 1, 1, 1, 1, 1, 1, 4 ),
 ( 2, 2 ),
 ( 0.0000000000000000000, 0.01681894172984564964, 0.04000885950673790242, 0.06933925779684629864, 0.1044390419415417992, 0.1456839376965947952, 0.1929665541798580020, 0.2467636342673185101, 0.3057092442526634923, 0.3716976109959455044, 0.4432015931487114924, 0.5204873727434039532, 0.6045517168100760230, 0.6940355353249040293, 0.7900294905600779849, 0.8918067042967169344, 1.000000000000000000 ),
 ( 0.0000000000000000000, 1.000000000000000000 ),
 .UNSPECIFIED. ) ;
#1529 = CARTESIAN_POINT ( 'NONE',  ( -2.750000000000000000, -1.625735931288069924, 2.799999999999999822 ) ) ;
#1530 = VECTOR ( 'NONE', #8338, 1000.000000000000000 ) ;
#1531 = CIRCLE ( 'NONE', #5711, 0.6999999999999999556 ) ;
#1532 = CIRCLE ( 'NONE', #5374, 2.228124999999999467 ) ;
#1533 = DIRECTION ( 'NONE',  ( 1.000000000000000000, 0.0000000000000000000, 0.0000000000000000000 ) ) ;
#1534 = VERTEX_POINT ( 'NONE', #8719 ) ;
#1535 = DIRECTION ( 'NONE',  ( -1.000000000000000000, 0.0000000000000000000, 0.0000000000000000000 ) ) ;
#1536 = CARTESIAN_POINT ( 'NONE',  ( -2.500000000000000000, -2.436265413492429754, 0.5000000000000000000 ) ) ;
#1537 = CARTESIAN_POINT ( 'NONE',  ( -2.639753966922740336, -1.984235642471940286, 0.3864410810002315011 ) ) ;
#1538 = CARTESIAN_POINT ( 'NONE',  ( -3.000000000000000000, -2.550000000000000266, 0.1000000000000000056 ) ) ;
#1539 = AXIS2_PLACEMENT_3D ( 'NONE', #5401, #9415, #3590 ) ;
#1540 = DIRECTION ( 'NONE',  ( -1.000000000000000000, 0.0000000000000000000, 0.0000000000000000000 ) ) ;
#1541 = MECHANICAL_DESIGN_GEOMETRIC_PRESENTATION_REPRESENTATION (  '', ( #8333 ), #4164 ) ;
#1542 = ORIENTED_EDGE ( 'NONE', *, *, #4724, .F. ) ;
#1543 = DIRECTION ( 'NONE',  ( 0.0000000000000000000, 0.0000000000000000000, 1.000000000000000000 ) ) ;
#1544 =( GEOMETRIC_REPRESENTATION_CONTEXT ( 3 ) GLOBAL_UNCERTAINTY_ASSIGNED_CONTEXT ( ( #6576 ) ) GLOBAL_UNIT_ASSIGNED_CONTEXT ( ( #4522, #7175, #4632 ) ) REPRESENTATION_CONTEXT ( 'NONE', 'WORKASPACE' ) );
#1545 = DIRECTION ( 'NONE',  ( 0.0000000000000000000, 0.0000000000000000000, 1.000000000000000000 ) ) ;
#1546 = EDGE_CURVE ( 'NONE', #10219, #9524, #7791, .T. ) ;
#1547 = CARTESIAN_POINT ( 'NONE',  ( 2.868586316133764580, 1.537635632903484817, 0.4829721937987420111 ) ) ;
#1548 = CARTESIAN_POINT ( 'NONE',  ( -2.676702242782414753, 1.441437613493854020, 2.123829643038294801 ) ) ;
#1549 = DIRECTION ( 'NONE',  ( 0.0000000000000000000, 0.0000000000000000000, -1.000000000000000000 ) ) ;
#1550 = EDGE_CURVE ( 'NONE', #2901, #4619, #1253, .T. ) ;
#1551 = VECTOR ( 'NONE', #1062, 1000.000000000000000 ) ;
#1552 = CIRCLE ( 'NONE', #10422, 0.02000000000000001082 ) ;
#1553 = CARTESIAN_POINT ( 'NONE',  ( 1.149999999999999911, -2.604044926314895037, 0.07972651605231850791 ) ) ;
#1554 = ORIENTED_EDGE ( 'NONE', *, *, #1093, .F. ) ;
#1555 = CARTESIAN_POINT ( 'NONE',  ( -2.399999999999999911, -2.799999999999999822, 0.1200000000000000094 ) ) ;
#1556 = CARTESIAN_POINT ( 'NONE',  ( -3.000000000000000000, -0.1313588797055340041, 2.399999999999999911 ) ) ;
#1557 = ORIENTED_EDGE ( 'NONE', *, *, #9942, .T. ) ;
#1558 = CARTESIAN_POINT ( 'NONE',  ( 0.0000000000000000000, 0.0000000000000000000, 0.4671010071662839991 ) ) ;
#1559 = CARTESIAN_POINT ( 'NONE',  ( -0.2007521097662585130, 2.907481723192585132, 0.4886983618213269764 ) ) ;
#1560 = FACE_OUTER_BOUND ( 'NONE', #8534, .T. ) ;
#1561 =( GEOMETRIC_REPRESENTATION_CONTEXT ( 3 ) GLOBAL_UNCERTAINTY_ASSIGNED_CONTEXT ( ( #8430 ) ) GLOBAL_UNIT_ASSIGNED_CONTEXT ( ( #1526, #7402, #3997 ) ) REPRESENTATION_CONTEXT ( 'NONE', 'WORKASPACE' ) );
#1562 = CARTESIAN_POINT ( 'NONE',  ( -1.817800887730764980, -2.920284914698854983, 0.4830259733776480213 ) ) ;
#1563 = LINE ( 'NONE', #737, #2470 ) ;
#1564 = EDGE_LOOP ( 'NONE', ( #6070, #7069, #1347, #2280 ) ) ;
#1565 = TOROIDAL_SURFACE ( 'NONE', #8880, 0.2750000000000000222, 0.05000000000000000278 ) ;
#1566 = CARTESIAN_POINT ( 'NONE',  ( -2.075359855312190138, 2.674640144687814747, 2.399999999999999911 ) ) ;
#1567 = CARTESIAN_POINT ( 'NONE',  ( 1.974683639255925272, -1.233022982912550081, 1.460942128133934093 ) ) ;
#1568 = CARTESIAN_POINT ( 'NONE',  ( -0.1103230765775705946, -1.656922371638979818, 2.799999999999999822 ) ) ;
#1569 = FACE_BOUND ( 'NONE', #10439, .T. ) ;
#1570 = EDGE_CURVE ( 'NONE', #7468, #1236, #9845, .T. ) ;
#1571 = CARTESIAN_POINT ( 'NONE',  ( 3.000000000000000000, 1.597397890880380089, 2.399999999999999911 ) ) ;
#1572 = CARTESIAN_POINT ( 'NONE',  ( 2.552809863688535241, -1.898909564453510113, 0.5000000000000000000 ) ) ;
#1573 = FILL_AREA_STYLE ('',( #1457 ) ) ;
#1574 = CARTESIAN_POINT ( 'NONE',  ( -2.899587956184225046, -1.485790864957842183, 0.4886473924968969818 ) ) ;
#1575 = FACE_OUTER_BOUND ( 'NONE', #7416, .T. ) ;
#1576 = EDGE_LOOP ( 'NONE', ( #6930, #7457, #8159, #8747 ) ) ;
#1577 = SURFACE_STYLE_FILL_AREA ( #3213 ) ;
#1578 = ORIENTED_EDGE ( 'NONE', *, *, #673, .F. ) ;
#1579 = AXIS2_PLACEMENT_3D ( 'NONE', #9678, #8925, #7326 ) ;
#1580 = LINE ( 'NONE', #6473, #4499 ) ;
#1581 = CARTESIAN_POINT ( 'NONE',  ( -0.3918581830457260051, -0.3347280831987289873, 2.799999999999999822 ) ) ;
#1582 = LINE ( 'NONE', #3272, #9466 ) ;
#1583 = CARTESIAN_POINT ( 'NONE',  ( 2.399999999999999911, 2.799999999999999822, 0.5000000000000000000 ) ) ;
#1584 = CARTESIAN_POINT ( 'NONE',  ( -2.500000000000000000, 1.964077594136935279, 0.1316973936913629906 ) ) ;
#1585 = DIRECTION ( 'NONE',  ( -1.000000000000000000, 0.0000000000000000000, 0.0000000000000000000 ) ) ;
#1586 = DIRECTION ( 'NONE',  ( -0.7071067811865474617, 0.0000000000000000000, 0.7071067811865474617 ) ) ;
#1587 = COLOUR_RGB ( '',0.7686274509803920907, 0.7686274509803920907, 0.7686274509803920907 ) ;
#1588 = CARTESIAN_POINT ( 'NONE',  ( 2.643826238111394833, -1.945217202360755016, 0.5000000000000000000 ) ) ;
#1589 = ADVANCED_FACE ( 'NONE', ( #6200 ), #2009, .T. ) ;
#1590 = VERTEX_POINT ( 'NONE', #3931 ) ;
#1591 = CARTESIAN_POINT ( 'NONE',  ( 2.443292956696629492, 2.892897529820669611, 0.5000000000000000000 ) ) ;
#1592 = CARTESIAN_POINT ( 'NONE',  ( -2.487374478071294970, -2.888901700418285312, 0.4886730660065679577 ) ) ;
#1593 = CARTESIAN_POINT ( 'NONE',  ( 2.600000000002574918, 2.535732550609750113, 0.1175436386456552018 ) ) ;
#1594 = LINE ( 'NONE', #1538, #3266 ) ;
#1595 = CARTESIAN_POINT ( 'NONE',  ( -2.399999999999999911, 2.899999999999999911, 0.5000000000000000000 ) ) ;
#1596 = VERTEX_POINT ( 'NONE', #3215 ) ;
#1597 = CARTESIAN_POINT ( 'NONE',  ( 0.5999999999999999778, 1.087425835527694007, 2.799999999999999822 ) ) ;
#1598 = VERTEX_POINT ( 'NONE', #1421 ) ;
#1599 = CARTESIAN_POINT ( 'NONE',  ( 2.906047044380169808, 1.470499506218789998, 0.4886471478052560324 ) ) ;
#1600 = CARTESIAN_POINT ( 'NONE',  ( -2.206425842622444566, 0.8081854922219730009, 1.463121270801935880 ) ) ;
#1601 = CARTESIAN_POINT ( 'NONE',  ( 2.579999999999999627, 2.799999999999999822, 0.1000000000000000056 ) ) ;
#1602 = CARTESIAN_POINT ( 'NONE',  ( -2.399999999999999911, -2.979999999999999982, 0.1200000000000000094 ) ) ;
#1603 = EDGE_CURVE ( 'NONE', #2920, #869, #1580, .T. ) ;
#1604 = ORIENTED_EDGE ( 'NONE', *, *, #8209, .F. ) ;
#1605 =( NAMED_UNIT ( * ) PLANE_ANGLE_UNIT ( ) SI_UNIT ( $, .RADIAN. ) );
#1606 = CARTESIAN_POINT ( 'NONE',  ( -2.568761605867265096, -0.06817027121844661253, 1.466472920336237884 ) ) ;
#1607 = EDGE_LOOP ( 'NONE', ( #6611, #6693, #119, #1604 ) ) ;
#1608 = EDGE_CURVE ( 'NONE', #5023, #3766, #1532, .T. ) ;
#1609 = CARTESIAN_POINT ( 'NONE',  ( -0.1422628037734545992, 2.495562771045400030, 1.449528787390530038 ) ) ;
#1610 = CARTESIAN_POINT ( 'NONE',  ( 2.500000000000000000, -2.070156211871640117, 0.5000000000000000000 ) ) ;
#1611 = CARTESIAN_POINT ( 'NONE',  ( -0.8957003623134810466, -2.556527785916165474, 2.114822345379399948 ) ) ;
#1612 = UNCERTAINTY_MEASURE_WITH_UNIT (LENGTH_MEASURE( 1.000000000000000082E-05 ), #5577, 'distance_accuracy_value', 'NONE');
#1613 = EDGE_CURVE ( 'NONE', #9965, #323, #3992, .T. ) ;
#1614 = PLANE ( 'NONE',  #7142 ) ;
#1615 = ORIENTED_EDGE ( 'NONE', *, *, #5058, .F. ) ;
#1616 = CARTESIAN_POINT ( 'NONE',  ( -1.882930494610435268, 2.285425013714610376, 2.119050485329350142 ) ) ;
#1617 = CARTESIAN_POINT ( 'NONE',  ( 2.722256683429670421, -1.697891262005625013, 0.4943253780891870286 ) ) ;
#1618 = B_SPLINE_SURFACE_WITH_KNOTS ( 'NONE', 3, 1, ( 
 ( #9645, #5774 ),
 ( #1524, #7400 ),
 ( #10685, #9869 ),
 ( #9761, #8121 ),
 ( #8339, #1682 ),
 ( #10579, #4876 ),
 ( #7346, #3995 ) ),
 .UNSPECIFIED., .F., .F., .F.,
 ( 4, 1, 1, 1, 4 ),
 ( 2, 2 ),
 ( 0.0000000000000000000, 0.2958783195951245060, 0.5611080725506880640, 0.7963677377324659412, 1.000000000000000000 ),
 ( 0.0000000000000000000, 1.000000000000000000 ),
 .UNSPECIFIED. ) ;
#1619 = SURFACE_SIDE_STYLE ('',( #742 ) ) ;
#1620 = CARTESIAN_POINT ( 'NONE',  ( -2.999999999999996447, 1.630460131675841584, 2.399999999999999911 ) ) ;
#1621 =( NAMED_UNIT ( * ) SI_UNIT ( $, .STERADIAN. ) SOLID_ANGLE_UNIT ( ) );
#1622 = CARTESIAN_POINT ( 'NONE',  ( 2.868586316133764580, 1.537635632903484817, 0.4829721937987420111 ) ) ;
#1623 = CARTESIAN_POINT ( 'NONE',  ( 2.301369756597660299, -1.660304422956340176, 0.8036762491069640024 ) ) ;
#1624 = CARTESIAN_POINT ( 'NONE',  ( -2.648710707377134987, -1.800254820158575075, 0.4886522820501189579 ) ) ;
#1625 = CARTESIAN_POINT ( 'NONE',  ( -2.956173761888604812, 1.554782797639240099, 0.2071554596297830175 ) ) ;
#1626 = EDGE_CURVE ( 'NONE', #2348, #8586, #8993, .T. ) ;
#1627 = ORIENTED_EDGE ( 'NONE', *, *, #1763, .F. ) ;
#1628 =( LENGTH_UNIT ( ) NAMED_UNIT ( * ) SI_UNIT ( .MILLI., .METRE. ) );
#1629 = ORIENTED_EDGE ( 'NONE', *, *, #9509, .F. ) ;
#1630 = DIRECTION ( 'NONE',  ( -1.000000000000000000, 0.0000000000000000000, 0.0000000000000000000 ) ) ;
#1631 = FILL_AREA_STYLE ('',( #5082 ) ) ;
#1632 = CARTESIAN_POINT ( 'NONE',  ( -2.643826238111394833, -1.945217202360755016, 0.3648403235241770015 ) ) ;
#1633 = LINE ( 'NONE', #2355, #2035 ) ;
#1634 = CARTESIAN_POINT ( 'NONE',  ( -2.500000000000000000, 1.956220389504045087, 0.1473126203933600165 ) ) ;
#1635 =( BOUNDED_CURVE ( )  B_SPLINE_CURVE ( 3, ( #416, #2945, #6250, #1625 ),
 .UNSPECIFIED., .F., .F. ) 
 B_SPLINE_CURVE_WITH_KNOTS ( ( 4, 4 ),
 ( 1.649137576321684895, 2.260131860556945149 ),
 .UNSPECIFIED. ) 
 CURVE ( )  GEOMETRIC_REPRESENTATION_ITEM ( )  RATIONAL_B_SPLINE_CURVE ( ( 1.000000000000000000, 0.9691316975447150650, 0.9691316975447150650, 1.000000000000000000 ) ) 
 REPRESENTATION_ITEM ( '' )  );
#1636 = B_SPLINE_CURVE_WITH_KNOTS ( 'NONE', 3,
 ( #4575, #6183, #2059, #7884, #408, #3754, #529, #4959, #9090, #3921, #3043, #9745, #693, #7383, #4034, #4916, #4132, #10620, #8218, #7282, #7224, #10563, #8110, #7333, #9853, #10670, #1405, #3101, #6351, #9798, #4858 ),
 .UNSPECIFIED., .F., .F.,
 ( 4, 3, 3, 3, 3, 3, 3, 3, 3, 3, 4 ),
 ( 4.299752354018744144E-05, 5.027529256606299885E-05, 6.694668019364990487E-05, 8.364416037443229513E-05, 0.0001004295382076654026, 0.0001173451377401607846, 0.0001343966122253576010, 0.0001515345789836689949, 0.0001686491063354759784, 0.0001856048939788864901, 0.0002001461013107792960 ),
 .UNSPECIFIED. ) ;
#1637 = CARTESIAN_POINT ( 'NONE',  ( 0.4296522000915020123, 0.3931711854569770459, 2.790000000000000036 ) ) ;
#1638 = EDGE_CURVE ( 'NONE', #8972, #2310, #10682, .T. ) ;
#1639 = CARTESIAN_POINT ( 'NONE',  ( -2.500000000000000000, -2.044006553958320094, 0.1316973936913629906 ) ) ;
#1640 = ORIENTED_EDGE ( 'NONE', *, *, #1252, .F. ) ;
#1641 = CARTESIAN_POINT ( 'NONE',  ( -2.252571269120990038, -2.497428730879015291, 2.399999999999999911 ) ) ;
#1642 = CARTESIAN_POINT ( 'NONE',  ( -2.736981910144455021, -2.004042072541096342, 0.3864410810002315011 ) ) ;
#1643 = CARTESIAN_POINT ( 'NONE',  ( -0.1090909090909085999, -1.657379359277499908, 2.790000000000000036 ) ) ;
#1644 = ORIENTED_EDGE ( 'NONE', *, *, #1943, .T. ) ;
#1645 = DIRECTION ( 'NONE',  ( -1.224646799147353207E-16, 1.000000000000000000, 0.0000000000000000000 ) ) ;
#1646 = CARTESIAN_POINT ( 'NONE',  ( 2.500000000000000000, 2.000000000000000000, 2.328125000000000000 ) ) ;
#1647 = CARTESIAN_POINT ( 'NONE',  ( 2.458671371098894998, 1.439077585058572195, 0.8037871167113699311 ) ) ;
#1648 = CARTESIAN_POINT ( 'NONE',  ( -2.886910838451555161, 1.492560850989440135, 0.4943238569895960222 ) ) ;
#1649 = AXIS2_PLACEMENT_3D ( 'NONE', #2615, #8436, #2778 ) ;
#1650 = CARTESIAN_POINT ( 'NONE',  ( -2.329080776694559596, 2.051912058555840357, 0.7160130557936580376 ) ) ;
#1651 = DIRECTION ( 'NONE',  ( 1.000000000000000000, 0.0000000000000000000, 0.0000000000000000000 ) ) ;
#1652 = MECHANICAL_DESIGN_GEOMETRIC_PRESENTATION_REPRESENTATION (  '', ( #1483 ), #81 ) ;
#1653 = VERTEX_POINT ( 'NONE', #10577 ) ;
#1654 = CARTESIAN_POINT ( 'NONE',  ( -2.903394843988774898, -0.3563792261702989905, 0.4943178284328849648 ) ) ;
#1655 = ORIENTED_EDGE ( 'NONE', *, *, #7706, .T. ) ;
#1656 = DIRECTION ( 'NONE',  ( 1.000000000000000000, 0.0000000000000000000, 0.0000000000000000000 ) ) ;
#1657 = CARTESIAN_POINT ( 'NONE',  ( -1.209504431856730067, 2.910050735367620156, 0.4886916868429290739 ) ) ;
#1658 = CARTESIAN_POINT ( 'NONE',  ( -0.2726693823799065108, 0.6999443788406309874, 2.790000000000000036 ) ) ;
#1659 = ADVANCED_BREP_SHAPE_REPRESENTATION ( '012E0C0D-5A8E-4AAC-9131-D6E6F4F66FAE', ( #1769, #4544 ), #5600 ) ;
#1660 = EDGE_CURVE ( 'NONE', #3144, #10285, #6313, .T. ) ;
#1661 = CARTESIAN_POINT ( 'NONE',  ( 4.065758146820640395E-17, -2.750000000000000000, 2.399999999999999911 ) ) ;
#1662 = MECHANICAL_DESIGN_GEOMETRIC_PRESENTATION_REPRESENTATION (  '', ( #2542 ), #5504 ) ;
#1663 = LINE ( 'NONE', #7492, #710 ) ;
#1664 = ORIENTED_EDGE ( 'NONE', *, *, #3086, .T. ) ;
#1665 = CARTESIAN_POINT ( 'NONE',  ( -2.336823180722884974, 1.958734981306370138, 0.7211486961143011021 ) ) ;
#1666 = CARTESIAN_POINT ( 'NONE',  ( -2.143239352941129994, 2.606760647058875335, 2.399999999999999911 ) ) ;
#1667 = ORIENTED_EDGE ( 'NONE', *, *, #9309, .F. ) ;
#1668 = CARTESIAN_POINT ( 'NONE',  ( 0.1957044358701700015, -0.5604147549662670258, 2.790000000000000036 ) ) ;
#1669 = CARTESIAN_POINT ( 'NONE',  ( -0.3918581830457260051, -1.456806005276649829, 2.799999999999999822 ) ) ;
#1670 = CARTESIAN_POINT ( 'NONE',  ( -2.399999999999999911, -2.899999999999999911, 0.5000000000000000000 ) ) ;
#1671 = CARTESIAN_POINT ( 'NONE',  ( 2.561784479503494971, 1.908574892713959859, 0.4886542278319910282 ) ) ;
#1672 = CARTESIAN_POINT ( 'NONE',  ( 2.719295251498954791, -1.238181275666502046, 2.124675218184729708 ) ) ;
#1673 = CARTESIAN_POINT ( 'NONE',  ( -0.5999999999999999778, -1.078807930706071838, 2.790000000000000036 ) ) ;
#1674 = ADVANCED_FACE ( 'NONE', ( #4765 ), #479, .T. ) ;
#1675 = CARTESIAN_POINT ( 'NONE',  ( -2.904447688835185115, -1.450525967446254061, 0.4943234524071900005 ) ) ;
#1676 = CARTESIAN_POINT ( 'NONE',  ( 2.991220537596175344, -1.702390443120259889, 2.399999999999999911 ) ) ;
#1677 = STYLED_ITEM ( 'NONE', ( #2902 ), #6421 ) ;
#1678 = ORIENTED_EDGE ( 'NONE', *, *, #3852, .F. ) ;
#1679 = FILL_AREA_STYLE ('',( #9049 ) ) ;
#1680 =( NAMED_UNIT ( * ) PLANE_ANGLE_UNIT ( ) SI_UNIT ( $, .RADIAN. ) );
#1681 = SURFACE_SIDE_STYLE ('',( #910 ) ) ;
#1682 = CARTESIAN_POINT ( 'NONE',  ( 0.1822658279807364834, -0.5286891631401450242, 2.799999999999999822 ) ) ;
#1683 = CARTESIAN_POINT ( 'NONE',  ( -2.500000000000000000, 1.991342714687709625, 0.2155344721394065188 ) ) ;
#1684 = AXIS2_PLACEMENT_3D ( 'NONE', #6362, #7844, #2127 ) ;
#1685 = DIRECTION ( 'NONE',  ( 0.5766424049155629561, -0.8169966565740621744, 0.0000000000000000000 ) ) ;
#1686 = VECTOR ( 'NONE', #6630, 1000.000000000000000 ) ;
#1687 = ADVANCED_FACE ( 'NONE', ( #7459 ), #5243, .T. ) ;
#1688 = CARTESIAN_POINT ( 'NONE',  ( 2.643826238111394833, 1.945217202360755016, 0.5000000000000000000 ) ) ;
#1689 = B_SPLINE_CURVE_WITH_KNOTS ( 'NONE', 3,
 ( #5063, #1873, #997, #69, #7534, #232, #2541, #4277, #2644, #2593 ),
 .UNSPECIFIED., .F., .F.,
 ( 4, 1, 1, 2, 2, 4 ),
 ( 0.0000000000000000000, 0.2500000000000094924, 0.3750000000000142109, 0.4375000000000131561, 0.5000000000000121014, 1.000000000000000000 ),
 .UNSPECIFIED. ) ;
#1690 = VECTOR ( 'NONE', #5663, 1000.000000000000000 ) ;
#1691 = CIRCLE ( 'NONE', #1859, 0.4000000000000000222 ) ;
#1692 = EDGE_LOOP ( 'NONE', ( #5224, #3289, #2200, #1824 ) ) ;
#1693 = CYLINDRICAL_SURFACE ( 'NONE', #7590, 0.2000000000000000944 ) ;
#1694 = CARTESIAN_POINT ( 'NONE',  ( -2.506653190610689919, -2.822564800756739878, 0.4943358802422679887 ) ) ;
#1695 = CARTESIAN_POINT ( 'NONE',  ( -2.736449743306955007, -1.996758785897440047, 0.3864410810002315011 ) ) ;
#1696 = CARTESIAN_POINT ( 'NONE',  ( -0.2607954545454544970, 0.4796336277354870115, 2.799999999999999822 ) ) ;
#1697 = CARTESIAN_POINT ( 'NONE',  ( 0.5999999999999999778, -1.156730008628150230, 2.790000000000000036 ) ) ;
#1698 = VERTEX_POINT ( 'NONE', #9361 ) ;
#1699 = DIRECTION ( 'NONE',  ( -1.000000000000000000, 0.0000000000000000000, 0.0000000000000000000 ) ) ;
#1700 = DIRECTION ( 'NONE',  ( 0.0000000000000000000, 0.0000000000000000000, 1.000000000000000000 ) ) ;
#1701 = CARTESIAN_POINT ( 'NONE',  ( 2.895291832134079701, 1.461569719053531946, 0.5000000000000000000 ) ) ;
#1702 = VECTOR ( 'NONE', #8350, 999.9999999999998863 ) ;
#1703 = CARTESIAN_POINT ( 'NONE',  ( -2.697913448268530079, 0.6033137254060410015, 0.8041219283121380235 ) ) ;
#1704 = ADVANCED_FACE ( 'NONE', ( #5131, #9304 ), #88, .T. ) ;
#1705 = COLOUR_RGB ( '',0.8431372549019607865, 0.8156862745098039102, 0.7529411764705882248 ) ;
#1706 = MECHANICAL_DESIGN_GEOMETRIC_PRESENTATION_REPRESENTATION (  '', ( #299 ), #4145 ) ;
#1707 = LINE ( 'NONE', #880, #6392 ) ;
#1708 = UNCERTAINTY_MEASURE_WITH_UNIT (LENGTH_MEASURE( 1.000000000000000082E-05 ), #447, 'distance_accuracy_value', 'NONE');
#1709 = CARTESIAN_POINT ( 'NONE',  ( -0.1090909090909091966, 0.5867764848783439957, 2.799999999999999822 ) ) ;
#1710 = AXIS2_PLACEMENT_3D ( 'NONE', #1020, #9462, #3701 ) ;
#1711 =( GEOMETRIC_REPRESENTATION_CONTEXT ( 3 ) GLOBAL_UNCERTAINTY_ASSIGNED_CONTEXT ( ( #5103 ) ) GLOBAL_UNIT_ASSIGNED_CONTEXT ( ( #10327, #2763, #1228 ) ) REPRESENTATION_CONTEXT ( 'NONE', 'WORKASPACE' ) );
#1712 = VERTEX_POINT ( 'NONE', #7616 ) ;
#1713 =( NAMED_UNIT ( * ) SI_UNIT ( $, .STERADIAN. ) SOLID_ANGLE_UNIT ( ) );
#1714 = CIRCLE ( 'NONE', #4689, 0.2000000000000000944 ) ;
#1715 = CARTESIAN_POINT ( 'NONE',  ( -2.718124817715205310, 0.3049535260768470035, 0.8041887332850728987 ) ) ;
#1716 = FACE_OUTER_BOUND ( 'NONE', #286, .T. ) ;
#1717 = VERTEX_POINT ( 'NONE', #147 ) ;
#1718 = CARTESIAN_POINT ( 'NONE',  ( -2.493927276133740101, 2.898166600371629986, 0.4830095990091050062 ) ) ;
#1719 = CARTESIAN_POINT ( 'NONE',  ( -0.1860053306754375080, 0.6375233852177519811, 2.790000000000000036 ) ) ;
#1720 = DIRECTION ( 'NONE',  ( 1.000000000000000000, 0.0000000000000000000, 0.0000000000000000000 ) ) ;
#1721 = AXIS2_PLACEMENT_3D ( 'NONE', #10, #2428, #1543 ) ;
#1722 = CARTESIAN_POINT ( 'NONE',  ( 0.1633928571428575061, -1.661762476160615121, 2.790000000000000036 ) ) ;
#1723 = VERTEX_POINT ( 'NONE', #6790 ) ;
#1724 = FILL_AREA_STYLE_COLOUR ( '', #8108 ) ;
#1725 = CARTESIAN_POINT ( 'NONE',  ( -1.767096991959904884, 1.420831037882662073, 1.458599797030969869 ) ) ;
#1726 = EDGE_CURVE ( 'NONE', #8445, #894, #3700, .T. ) ;
#1727 = STYLED_ITEM ( 'NONE', ( #2892 ), #10319 ) ;
#1728 = ORIENTED_EDGE ( 'NONE', *, *, #8931, .T. ) ;
#1729 = CARTESIAN_POINT ( 'NONE',  ( 0.3595554346461869999, -0.6775911046792129078, 2.790000000000000036 ) ) ;
#1730 =( LENGTH_UNIT ( ) NAMED_UNIT ( * ) SI_UNIT ( .MILLI., .METRE. ) );
#1731 = LINE ( 'NONE', #4960, #1008 ) ;
#1732 = CARTESIAN_POINT ( 'NONE',  ( 2.566172465642075018, 1.913531709055309893, 0.4829813417479870141 ) ) ;
#1733 = CARTESIAN_POINT ( 'NONE',  ( 2.696740996565279769, -1.370887572815416178, 2.124179972662739946 ) ) ;
#1734 = DIRECTION ( 'NONE',  ( -0.8170116904760639231, -0.5766211040409849886, 0.0000000000000000000 ) ) ;
#1735 = CARTESIAN_POINT ( 'NONE',  ( -2.837604137455330022, -1.912395862544669978, 2.399999999999999911 ) ) ;
#1736 = DIRECTION ( 'NONE',  ( -0.5767052871526938684, 0.8169522701909389673, 0.0000000000000000000 ) ) ;
#1737 = VECTOR ( 'NONE', #7766, 1000.000000000000000 ) ;
#1738 = ORIENTED_EDGE ( 'NONE', *, *, #9927, .T. ) ;
#1739 = EDGE_CURVE ( 'NONE', #9755, #7642, #8158, .T. ) ;
#1740 = CARTESIAN_POINT ( 'NONE',  ( 0.4658324884678110012, -2.750000000000000000, 2.399999999999999911 ) ) ;
#1741 = LINE ( 'NONE', #804, #302 ) ;
#1742 = CARTESIAN_POINT ( 'NONE',  ( 2.888402768801745069, -1.477899322808184035, 0.5000000000000000000 ) ) ;
#1743 = CARTESIAN_POINT ( 'NONE',  ( 2.219010086064865384, -2.924996493779774998, 0.4830167243655260068 ) ) ;
#1744 = SURFACE_STYLE_USAGE ( .BOTH. , #10180 ) ;
#1745 = ADVANCED_FACE ( 'NONE', ( #3874 ), #5456, .T. ) ;
#1746 = DIRECTION ( 'NONE',  ( 0.0000000000000000000, 1.000000000000000000, 0.0000000000000000000 ) ) ;
#1747 = CARTESIAN_POINT ( 'NONE',  ( 0.5844215701555139919, 0.2784241335245435378, 2.790000000000000036 ) ) ;
#1748 = COLOUR_RGB ( '',0.8431372549019607865, 0.8156862745098039102, 0.7529411764705882248 ) ;
#1749 = CARTESIAN_POINT ( 'NONE',  ( -2.500000000000000000, -2.032641898328099828, 0.2077147695446115161 ) ) ;
#1750 = ORIENTED_EDGE ( 'NONE', *, *, #3015, .T. ) ;
#1751 = DIRECTION ( 'NONE',  ( 0.0000000000000000000, 0.0000000000000000000, 1.000000000000000000 ) ) ;
#1752 = CARTESIAN_POINT ( 'NONE',  ( -1.394212631594723861, -2.750000000000000000, 2.399999999999999911 ) ) ;
#1753 = STYLED_ITEM ( 'NONE', ( #1053 ), #10766 ) ;
#1754 = CARTESIAN_POINT ( 'NONE',  ( 1.875735931288069924, 2.750000000000000000, 2.399999999999999911 ) ) ;
#1755 = CARTESIAN_POINT ( 'NONE',  ( 2.700000000000000178, -1.625735931288069924, 2.799999999999999822 ) ) ;
#1756 = ORIENTED_EDGE ( 'NONE', *, *, #8188, .T. ) ;
#1757 = LINE ( 'NONE', #4262, #8503 ) ;
#1758 = CARTESIAN_POINT ( 'NONE',  ( 0.5999999999999999778, -0.8552689696671109676, 2.799999999999999822 ) ) ;
#1759 = CARTESIAN_POINT ( 'NONE',  ( 2.185463732090439759, 0.8573133857333430363, 1.462975927169176016 ) ) ;
#1760 = CARTESIAN_POINT ( 'NONE',  ( -2.702598219224610077, 1.350167445884226103, 2.124287315192344927 ) ) ;
#1761 = CARTESIAN_POINT ( 'NONE',  ( -2.309554111660335085, 2.029094301300984782, 0.7432710747896680292 ) ) ;
#1762 = CARTESIAN_POINT ( 'NONE',  ( -2.688475225098109878, 1.953758883363749588, 0.3864410810002315011 ) ) ;
#1763 = EDGE_CURVE ( 'NONE', #7276, #10285, #1998, .T. ) ;
#1764 = ORIENTED_EDGE ( 'NONE', *, *, #4112, .T. ) ;
#1765 = DIRECTION ( 'NONE',  ( -1.000000000000000000, 0.0000000000000000000, 0.0000000000000000000 ) ) ;
#1766 = CARTESIAN_POINT ( 'NONE',  ( -2.995452513928384963, -1.685878662838235176, 2.399999999999999911 ) ) ;
#1767 = DIRECTION ( 'NONE',  ( -1.000000000000000000, 0.0000000000000000000, 0.0000000000000000000 ) ) ;
#1768 = CARTESIAN_POINT ( 'NONE',  ( -0.1090909090909091966, 0.5867764848783439957, 2.799999999999999822 ) ) ;
#1769 = MANIFOLD_SOLID_BREP ( 'NONE', #6345 ) ;
#1770 = ORIENTED_EDGE ( 'NONE', *, *, #8902, .F. ) ;
#1771 = CARTESIAN_POINT ( 'NONE',  ( -0.5404949629556190516, 2.687389346089484654, 0.8025474971306310046 ) ) ;
#1772 = CARTESIAN_POINT ( 'NONE',  ( 0.1693741817512280090, -1.658277757035669930, 2.799999999999999822 ) ) ;
#1773 = ORIENTED_EDGE ( 'NONE', *, *, #10183, .F. ) ;
#1774 = DIRECTION ( 'NONE',  ( -1.000000000000000000, 0.0000000000000000000, 0.0000000000000000000 ) ) ;
#1775 = CARTESIAN_POINT ( 'NONE',  ( -2.505391773720179849, 2.443393375353649866, 0.4943322382519939606 ) ) ;
#1776 = EDGE_LOOP ( 'NONE', ( #1048, #7102, #5846, #9919, #6498, #5836, #345, #5005, #5437, #6342, #6114, #2586, #1338, #6983, #2351 ) ) ;
#1777 = LINE ( 'NONE', #1826, #5803 ) ;
#1778 = CARTESIAN_POINT ( 'NONE',  ( -2.399999999999999911, -2.799999999999999822, 0.1000000000000000056 ) ) ;
#1779 = CARTESIAN_POINT ( 'NONE',  ( 2.733725019829480463, 1.705128525543810003, 0.4829760220888639766 ) ) ;
#1780 = CARTESIAN_POINT ( 'NONE',  ( 2.702598219227865251, -1.350167445882231920, 2.124287315192399994 ) ) ;
#1781 = DIRECTION ( 'NONE',  ( 0.0000000000000000000, 0.0000000000000000000, -1.000000000000000000 ) ) ;
#1782 = CARTESIAN_POINT ( 'NONE',  ( -2.240702688215415073, -1.913565653975075165, 0.8035114884606150421 ) ) ;
#1783 = CARTESIAN_POINT ( 'NONE',  ( 1.149999999999999911, 2.990000000000000213, 0.1100000000000000006 ) ) ;
#1784 = UNCERTAINTY_MEASURE_WITH_UNIT (LENGTH_MEASURE( 1.000000000000000082E-05 ), #3838, 'distance_accuracy_value', 'NONE');
#1785 = ORIENTED_EDGE ( 'NONE', *, *, #2139, .F. ) ;
#1786 = CARTESIAN_POINT ( 'NONE',  ( 1.817800887793604936, -2.920284914695834733, 0.4830259733775519870 ) ) ;
#1787 = SURFACE_STYLE_USAGE ( .BOTH. , #4199 ) ;
#1788 = CARTESIAN_POINT ( 'NONE',  ( -0.2517973613883850437, -0.6358536280694090381, 2.790000000000000036 ) ) ;
#1789 = CARTESIAN_POINT ( 'NONE',  ( 2.998947751294765318, -1.650946559077680176, 2.399999999999999911 ) ) ;
#1790 = CARTESIAN_POINT ( 'NONE',  ( 2.462412036542450444, -2.920865421636070103, 0.4830107667260959969 ) ) ;
#1791 = DIRECTION ( 'NONE',  ( 1.000000000000000000, 0.0000000000000000000, 0.0000000000000000000 ) ) ;
#1792 = CARTESIAN_POINT ( 'NONE',  ( 0.5999999999999999778, 0.2668089524108114841, 2.790000000000000036 ) ) ;
#1793 = EDGE_CURVE ( 'NONE', #9468, #2449, #1350, .T. ) ;
#1794 = EDGE_CURVE ( 'NONE', #3459, #10407, #10477, .T. ) ;
#1795 = CARTESIAN_POINT ( 'NONE',  ( 0.5844215701555139919, 0.2784241335245435378, 2.799999999999999822 ) ) ;
#1796 = ORIENTED_EDGE ( 'NONE', *, *, #3398, .T. ) ;
#1797 = STYLED_ITEM ( 'NONE', ( #8033 ), #4152 ) ;
#1798 = DIRECTION ( 'NONE',  ( -0.5858245293447210678, -0.8104379191634829560, 0.0000000000000000000 ) ) ;
#1799 = CARTESIAN_POINT ( 'NONE',  ( -0.4658324881611000112, -2.750000000000000000, 2.399999999999999911 ) ) ;
#1800 = B_SPLINE_CURVE_WITH_KNOTS ( 'NONE', 3,
 ( #8407, #7748, #4330, #5057, #6711, #2536, #2640 ),
 .UNSPECIFIED., .F., .F.,
 ( 4, 1, 1, 1, 4 ),
 ( 0.0000000000000000000, 0.2958783195951245060, 0.5611080725506880640, 0.7963677377324659412, 1.000000000000000000 ),
 .UNSPECIFIED. ) ;
#1801 = CARTESIAN_POINT ( 'NONE',  ( -2.399999999999999911, -2.799999999999999822, 0.5000000000000000000 ) ) ;
#1802 = PRESENTATION_STYLE_ASSIGNMENT (( #7686 ) ) ;
#1803 = CARTESIAN_POINT ( 'NONE',  ( -0.2345856926139834875, -0.6232469165235499098, 2.799999999999999822 ) ) ;
#1804 = SURFACE_STYLE_USAGE ( .BOTH. , #4428 ) ;
#1805 = CARTESIAN_POINT ( 'NONE',  ( -1.875735931288069924, -2.449999999999999734, 2.799999999999999822 ) ) ;
#1806 = CARTESIAN_POINT ( 'NONE',  ( 2.390745553984989780, 1.533459314965190057, 0.8037442719341370001 ) ) ;
#1807 = CARTESIAN_POINT ( 'NONE',  ( -2.899999999999999911, 1.070231915971542103, 0.5000000000000000000 ) ) ;
#1808 =( NAMED_UNIT ( * ) PLANE_ANGLE_UNIT ( ) SI_UNIT ( $, .RADIAN. ) );
#1809 = EDGE_CURVE ( 'NONE', #5973, #10559, #1636, .T. ) ;
#1810 = PRESENTATION_LAYER_ASSIGNMENT (  '', '', ( #10158 ) ) ;
#1811 = CARTESIAN_POINT ( 'NONE',  ( -2.713584216227694856, 1.961662406543824844, 0.3864410810002315011 ) ) ;
#1812 = ORIENTED_EDGE ( 'NONE', *, *, #6669, .T. ) ;
#1813 = FILL_AREA_STYLE_COLOUR ( '', #7577 ) ;
#1814 = CARTESIAN_POINT ( 'NONE',  ( -2.185463732089049760, -0.8573133857333520291, 1.462975927150979905 ) ) ;
#1815 = DIRECTION ( 'NONE',  ( 0.0000000000000000000, 1.000000000000000000, 0.0000000000000000000 ) ) ;
#1816 = ORIENTED_EDGE ( 'NONE', *, *, #6061, .F. ) ;
#1817 = CARTESIAN_POINT ( 'NONE',  ( -1.539048788981600024, 1.549902671333154958, 1.456300410089290009 ) ) ;
#1818 = ADVANCED_FACE ( 'NONE', ( #6412 ), #9972, .T. ) ;
#1819 = AXIS2_PLACEMENT_3D ( 'NONE', #3734, #2914, #7099 ) ;
#1820 = CARTESIAN_POINT ( 'NONE',  ( -2.399999999999999911, 2.674999999999999822, 0.1000000000000000056 ) ) ;
#1821 = ORIENTED_EDGE ( 'NONE', *, *, #2546, .F. ) ;
#1822 = CARTESIAN_POINT ( 'NONE',  ( 0.02556818181818214936, -1.562168320316460024, 2.790000000000000036 ) ) ;
#1823 = CARTESIAN_POINT ( 'NONE',  ( -2.533300653874960062, 1.929736843019830062, 0.5000000000000000000 ) ) ;
#1824 = ORIENTED_EDGE ( 'NONE', *, *, #7859, .T. ) ;
#1825 = ORIENTED_EDGE ( 'NONE', *, *, #7329, .F. ) ;
#1826 = CARTESIAN_POINT ( 'NONE',  ( -2.750000000000000000, -1.625735931288069924, 2.799999999999999822 ) ) ;
#1827 = CARTESIAN_POINT ( 'NONE',  ( -0.5807795887813811397, -1.316736101868462017, 2.799999999999999822 ) ) ;
#1828 = CARTESIAN_POINT ( 'NONE',  ( -2.998947751294765318, 1.650946559077680176, 2.399999999999999911 ) ) ;
#1829 = CARTESIAN_POINT ( 'NONE',  ( 2.572566925392024917, 1.623767430287144986, 2.122770708684825092 ) ) ;
#1830 = CARTESIAN_POINT ( 'NONE',  ( 2.905332556359419893, -1.438614237954058073, 0.4943235401878789959 ) ) ;
#1831 = VECTOR ( 'NONE', #2797, 1000.000000000000000 ) ;
#1832 = CARTESIAN_POINT ( 'NONE',  ( -2.526988441290999976, -1.990555257699100133, 0.4829835898723729981 ) ) ;
#1833 = CARTESIAN_POINT ( 'NONE',  ( -2.735355339059324820, -1.661091270347400117, 2.799999999999999822 ) ) ;
#1834 = VECTOR ( 'NONE', #6335, 1000.000000000000000 ) ;
#1835 = EDGE_LOOP ( 'NONE', ( #8317, #9445, #8929, #6534 ) ) ;
#1836 = CARTESIAN_POINT ( 'NONE',  ( 1.809690044585305024, 2.906761638233155143, 0.4943419911255529930 ) ) ;
#1837 = CARTESIAN_POINT ( 'NONE',  ( 0.1422628037734548212, -2.495562771045445327, 1.449528787345573999 ) ) ;
#1838 = SURFACE_STYLE_FILL_AREA ( #6030 ) ;
#1839 = CARTESIAN_POINT ( 'NONE',  ( 2.206425842623854994, -0.8081854922219839921, 1.463121270802062002 ) ) ;
#1840 = CARTESIAN_POINT ( 'NONE',  ( 0.2007521097662595122, -2.907481723192060219, 0.4886983618221160675 ) ) ;
#1841 = CARTESIAN_POINT ( 'NONE',  ( 2.494560730720499997, -2.838995741611059831, 0.5000000000000000000 ) ) ;
#1842 = CARTESIAN_POINT ( 'NONE',  ( -0.2607954545454544970, -1.764522216420359779, 2.799999999999999822 ) ) ;
#1843 = VECTOR ( 'NONE', #481, 1000.000000000000000 ) ;
#1844 = CARTESIAN_POINT ( 'NONE',  ( 0.5999999999999999778, 0.07443882254068159843, 2.790000000000000036 ) ) ;
#1845 = DIRECTION ( 'NONE',  ( -1.000000000000000000, 0.0000000000000000000, 0.0000000000000000000 ) ) ;
#1846 = STYLED_ITEM ( 'NONE', ( #5831 ), #6575 ) ;
#1847 = VERTEX_POINT ( 'NONE', #10786 ) ;
#1848 =( NAMED_UNIT ( * ) SI_UNIT ( $, .STERADIAN. ) SOLID_ANGLE_UNIT ( ) );
#1849 = CARTESIAN_POINT ( 'NONE',  ( -1.209504431544712100, -2.910050735370265151, 0.4886916868436430028 ) ) ;
#1850 = EDGE_CURVE ( 'NONE', #172, #2346, #6826, .T. ) ;
#1851 = CARTESIAN_POINT ( 'NONE',  ( 2.399999999999999911, -2.899999999999999911, 0.5000000000000000000 ) ) ;
#1852 = CARTESIAN_POINT ( 'NONE',  ( -0.1126768240424886047, 0.5815241994708190143, 2.790000000000000036 ) ) ;
#1853 = CARTESIAN_POINT ( 'NONE',  ( -0.5999999999999999778, -0.8820546839528250471, 2.799999999999999822 ) ) ;
#1854 = ORIENTED_EDGE ( 'NONE', *, *, #9204, .T. ) ;
#1855 = CARTESIAN_POINT ( 'NONE',  ( -2.399999999999999911, 1.324999999999999956, 0.1000000000000000056 ) ) ;
#1856 = SURFACE_SIDE_STYLE ('',( #1914 ) ) ;
#1857 = CARTESIAN_POINT ( 'NONE',  ( 2.455619438750855199, 1.748071640380435054, 2.122128831548550032 ) ) ;
#1858 = CARTESIAN_POINT ( 'NONE',  ( -2.899999999999999911, -0.7131637451747110390, 0.5000000000000000000 ) ) ;
#1859 = AXIS2_PLACEMENT_3D ( 'NONE', #10643, #4103, #9825 ) ;
#1860 = CARTESIAN_POINT ( 'NONE',  ( 2.399999999999999911, 2.799999999999999822, 0.1000000000000000056 ) ) ;
#1861 = ORIENTED_EDGE ( 'NONE', *, *, #1110, .F. ) ;
#1862 = DIRECTION ( 'NONE',  ( -1.000000000000000000, 0.0000000000000000000, 0.0000000000000000000 ) ) ;
#1863 = CARTESIAN_POINT ( 'NONE',  ( -2.882338975574755047, -1.486998174595735911, 0.5000000000000000000 ) ) ;
#1864 = EDGE_CURVE ( 'NONE', #4693, #2916, #6780, .T. ) ;
#1865 = CARTESIAN_POINT ( 'NONE',  ( -2.399999999999999911, -1.324999999999999956, 0.1000000000000000056 ) ) ;
#1866 = CARTESIAN_POINT ( 'NONE',  ( -0.1210968959524503924, 0.5933136864792570853, 2.790000000000000036 ) ) ;
#1867 = VECTOR ( 'NONE', #2145, 1000.000000000000114 ) ;
#1868 = ORIENTED_EDGE ( 'NONE', *, *, #10103, .F. ) ;
#1869 = PRESENTATION_LAYER_ASSIGNMENT (  '', '', ( #8150 ) ) ;
#1870 = CARTESIAN_POINT ( 'NONE',  ( -2.434576125276390002, 2.927824506971580032, 0.4830115411764629996 ) ) ;
#1871 =( NAMED_UNIT ( * ) SI_UNIT ( $, .STERADIAN. ) SOLID_ANGLE_UNIT ( ) );
#1872 = ADVANCED_FACE ( 'NONE', ( #10122 ), #1528, .T. ) ;
#1873 = CARTESIAN_POINT ( 'NONE',  ( 2.409671606656773601, 1.325280829460838916, 0.09999999999999997780 ) ) ;
#1874 = TOROIDAL_SURFACE ( 'NONE', #5035, 0.2750000000000000222, 0.05000000000000000278 ) ;
#1875 = CIRCLE ( 'NONE', #6737, 0.02000000000000005246 ) ;
#1876 = DIRECTION ( 'NONE',  ( 0.0000000000000000000, 0.0000000000000000000, 1.000000000000000000 ) ) ;
#1877 = ORIENTED_EDGE ( 'NONE', *, *, #5249, .T. ) ;
#1878 = CARTESIAN_POINT ( 'NONE',  ( -2.881345509011500106, 1.868654490988495009, 2.399999999999999911 ) ) ;
#1879 = ORIENTED_EDGE ( 'NONE', *, *, #9030, .T. ) ;
#1880 = ORIENTED_EDGE ( 'NONE', *, *, #3056, .T. ) ;
#1881 = CARTESIAN_POINT ( 'NONE',  ( 2.587998244160389927, -2.548753666683994723, 0.1015797981315064019 ) ) ;
#1882 = CARTESIAN_POINT ( 'NONE',  ( 0.2296077742320664916, -0.5837991298365350357, 2.790000000000000036 ) ) ;
#1883 = SURFACE_SIDE_STYLE ('',( #7919 ) ) ;
#1884 = VECTOR ( 'NONE', #5072, 1000.000000000000000 ) ;
#1885 = CARTESIAN_POINT ( 'NONE',  ( 2.511306896680934653, 2.032119304271594817, 0.4886566389967620383 ) ) ;
#1886 = CARTESIAN_POINT ( 'NONE',  ( 2.701300487363849978, -1.354856304321430116, 2.124260640532609656 ) ) ;
#1887 = FILL_AREA_STYLE_COLOUR ( '', #6596 ) ;
#1888 = AXIS2_PLACEMENT_3D ( 'NONE', #9222, #10040, #7359 ) ;
#1889 = CARTESIAN_POINT ( 'NONE',  ( -2.268438336388810317, -1.756762681113989810, 0.8036112180806419536 ) ) ;
#1890 =( NAMED_UNIT ( * ) SI_UNIT ( $, .STERADIAN. ) SOLID_ANGLE_UNIT ( ) );
#1891 = VECTOR ( 'NONE', #9831, 1000.000000000000000 ) ;
#1892 = ORIENTED_EDGE ( 'NONE', *, *, #1474, .F. ) ;
#1893 = PRESENTATION_LAYER_ASSIGNMENT (  '', '', ( #8691 ) ) ;
#1894 = CARTESIAN_POINT ( 'NONE',  ( 0.6025543909145549826, 2.903971508201625085, 0.4943484964471389631 ) ) ;
#1895 = EDGE_CURVE ( 'NONE', #2064, #4764, #2267, .T. ) ;
#1896 = SURFACE_SIDE_STYLE ('',( #6739 ) ) ;
#1897 = FILL_AREA_STYLE_COLOUR ( '', #3276 ) ;
#1898 = FILL_AREA_STYLE_COLOUR ( '', #7372 ) ;
#1899 = B_SPLINE_CURVE_WITH_KNOTS ( 'NONE', 3,
 ( #7270, #8211, #569, #10714, #2386, #625, #6502 ),
 .UNSPECIFIED., .F., .F.,
 ( 4, 1, 1, 1, 4 ),
 ( 0.0000000000000000000, 3.897436614261350524E-05, 7.794873228522500471E-05, 0.0001169230984278404005, 0.0001558974645704539939 ),
 .UNSPECIFIED. ) ;
#1900 = CARTESIAN_POINT ( 'NONE',  ( 2.852020077958945077, -1.524896796615500039, 0.5000000000000000000 ) ) ;
#1901 = CARTESIAN_POINT ( 'NONE',  ( 0.6014163958097910045, -2.899999999999999911, 0.5000000000000000000 ) ) ;
#1902 = AXIS2_PLACEMENT_3D ( 'NONE', #6291, #1235, #6178 ) ;
#1903 = SURFACE_SIDE_STYLE ('',( #6744 ) ) ;
#1904 = VECTOR ( 'NONE', #4349, 1000.000000000000000 ) ;
#1905 = CARTESIAN_POINT ( 'NONE',  ( -2.500000000000000000, -2.004042074541589891, 0.2169669516854684510 ) ) ;
#1906 = ORIENTED_EDGE ( 'NONE', *, *, #8336, .T. ) ;
#1907 = CARTESIAN_POINT ( 'NONE',  ( 0.0000000000000000000, -2.619532199182979859, 2.113405993156165064 ) ) ;
#1908 = CARTESIAN_POINT ( 'NONE',  ( -2.582939614118270111, 2.549870428074020534, 0.1001647118076794130 ) ) ;
#1909 = CARTESIAN_POINT ( 'NONE',  ( -0.1871921107803060091, 0.5323371571780660672, 2.799999999999999822 ) ) ;
#1910 = FILL_AREA_STYLE ('',( #5146 ) ) ;
#1911 = LINE ( 'NONE', #6910, #9728 ) ;
#1912 = ORIENTED_EDGE ( 'NONE', *, *, #9937, .F. ) ;
#1913 = CARTESIAN_POINT ( 'NONE',  ( 2.168404344971008868E-16, -2.750000000000000000, 2.399999999999999911 ) ) ;
#1914 = SURFACE_STYLE_FILL_AREA ( #5204 ) ;
#1915 = CARTESIAN_POINT ( 'NONE',  ( 2.597834456855160123, 1.593225456524224981, 2.122951088361450189 ) ) ;
#1916 = CARTESIAN_POINT ( 'NONE',  ( -2.899999999999999911, -1.310628777465196126, 0.5000000000000000000 ) ) ;
#1917 = CARTESIAN_POINT ( 'NONE',  ( -2.399999999999999911, 2.899999999999999911, 0.5000000000000000000 ) ) ;
#1918 = EDGE_CURVE ( 'NONE', #8161, #776, #1714, .T. ) ;
#1919 = LINE ( 'NONE', #6921, #9482 ) ;
#1920 = ORIENTED_EDGE ( 'NONE', *, *, #2543, .T. ) ;
#1921 = DIRECTION ( 'NONE',  ( 0.0000000000000000000, 0.0000000000000000000, 1.000000000000000000 ) ) ;
#1922 = CARTESIAN_POINT ( 'NONE',  ( -2.893050673459794719, -1.496066098610123962, 0.4886475567414639287 ) ) ;
#1923 = DIRECTION ( 'NONE',  ( 0.0000000000000000000, 0.0000000000000000000, -1.000000000000000000 ) ) ;
#1924 = CARTESIAN_POINT ( 'NONE',  ( -1.149999999999999911, 2.990000000000000213, 0.1100000000000000006 ) ) ;
#1925 = ORIENTED_EDGE ( 'NONE', *, *, #8725, .F. ) ;
#1926 = CARTESIAN_POINT ( 'NONE',  ( -2.174790356241934841, 2.022494745270435157, 2.120596060571950048 ) ) ;
#1927 = AXIS2_PLACEMENT_3D ( 'NONE', #7275, #9953, #9906 ) ;
#1928 = LINE ( 'NONE', #341, #9889 ) ;
#1929 = B_SPLINE_CURVE_WITH_KNOTS ( 'NONE', 3,
 ( #1754, #5095, #5941, #4259, #7569, #101, #9264 ),
 .UNSPECIFIED., .F., .F.,
 ( 4, 1, 1, 1, 4 ),
 ( 0.0000000000000000000, 0.2500000000000049960, 0.5000000000000033307, 0.7500000000000016653, 1.000000000000000000 ),
 .UNSPECIFIED. ) ;
#1930 = EDGE_CURVE ( 'NONE', #2100, #3530, #9289, .T. ) ;
#1931 = ORIENTED_EDGE ( 'NONE', *, *, #2174, .T. ) ;
#1932 = FILL_AREA_STYLE_COLOUR ( '', #1132 ) ;
#1933 = CARTESIAN_POINT ( 'NONE',  ( -2.784823967674205036, 1.965176032325790301, 2.399999999999999911 ) ) ;
#1934 = VERTEX_POINT ( 'NONE', #7975 ) ;
#1935 = ORIENTED_EDGE ( 'NONE', *, *, #867, .T. ) ;
#1936 = SURFACE_STYLE_FILL_AREA ( #3851 ) ;
#1937 = FILL_AREA_STYLE ('',( #9349 ) ) ;
#1938 = CARTESIAN_POINT ( 'NONE',  ( 1.882930494496805052, 2.285425013703900277, 2.119050485326885003 ) ) ;
#1939 = CARTESIAN_POINT ( 'NONE',  ( 2.903774920883314792, -0.7164659636156419653, 0.4943190865081229513 ) ) ;
#1940 = LINE ( 'NONE', #3865, #6606 ) ;
#1941 = CARTESIAN_POINT ( 'NONE',  ( -2.509687204109739778, -2.265968425620605409, 0.4886609787115310244 ) ) ;
#1942 = CARTESIAN_POINT ( 'NONE',  ( 1.149999999999999911, -2.681881587960845081, 0.09000000000000001055 ) ) ;
#1943 = EDGE_CURVE ( 'NONE', #3670, #2555, #834, .T. ) ;
#1944 = ORIENTED_EDGE ( 'NONE', *, *, #8138, .F. ) ;
#1945 = CARTESIAN_POINT ( 'NONE',  ( 0.6048303819318640029, 2.911914524604869658, 0.4830454893414179440 ) ) ;
#1946 = CARTESIAN_POINT ( 'NONE',  ( 0.2011281645983355182, -2.911222584788094814, 0.4830475427331750171 ) ) ;
#1947 = FILL_AREA_STYLE_COLOUR ( '', #5718 ) ;
#1948 = CARTESIAN_POINT ( 'NONE',  ( -0.1337711258411732052, 0.5684396866568829365, 2.790000000000000036 ) ) ;
#1949 =( LENGTH_UNIT ( ) NAMED_UNIT ( * ) SI_UNIT ( .MILLI., .METRE. ) );
#1950 = CARTESIAN_POINT ( 'NONE',  ( 2.901278706909614868, -1.464684887114480194, 0.4943236978358079847 ) ) ;
#1951 = CARTESIAN_POINT ( 'NONE',  ( 0.8476819514297109226, -2.280429042977714538, 1.451315661376734178 ) ) ;
#1952 = CARTESIAN_POINT ( 'NONE',  ( 0.5999999999999999778, 0.07443882254068159843, 2.790000000000000036 ) ) ;
#1953 = FILL_AREA_STYLE ('',( #2827 ) ) ;
#1954 = CARTESIAN_POINT ( 'NONE',  ( 0.1633928571428575061, -1.661762476160615121, 2.790000000000000036 ) ) ;
#1955 = EDGE_CURVE ( 'NONE', #2259, #5784, #9662, .T. ) ;
#1956 = CARTESIAN_POINT ( 'NONE',  ( -2.087867965644035095, 2.662132034355964905, 2.399999999999999911 ) ) ;
#1957 = VERTEX_POINT ( 'NONE', #4939 ) ;
#1958 = FACE_OUTER_BOUND ( 'NONE', #6397, .T. ) ;
#1959 = CARTESIAN_POINT ( 'NONE',  ( -0.8957003623134810466, -2.556527785916165474, 2.114822345379399948 ) ) ;
#1960 = SURFACE_SIDE_STYLE ('',( #6099 ) ) ;
#1961 = CARTESIAN_POINT ( 'NONE',  ( -0.1141190710410199954, -0.5334365869413509875, 2.790000000000000036 ) ) ;
#1962 =( NAMED_UNIT ( * ) SI_UNIT ( $, .STERADIAN. ) SOLID_ANGLE_UNIT ( ) );
#1963 = ORIENTED_EDGE ( 'NONE', *, *, #5114, .F. ) ;
#1964 =( NAMED_UNIT ( * ) SI_UNIT ( $, .STERADIAN. ) SOLID_ANGLE_UNIT ( ) );
#1965 =( NAMED_UNIT ( * ) PLANE_ANGLE_UNIT ( ) SI_UNIT ( $, .RADIAN. ) );
#1966 = CARTESIAN_POINT ( 'NONE',  ( 2.980388000377945268, 1.737163522619419975, 2.399999999999999911 ) ) ;
#1967 = CARTESIAN_POINT ( 'NONE',  ( -3.000000000000000000, -0.7799574553199050131, 2.399999999999999911 ) ) ;
#1968 = SURFACE_STYLE_FILL_AREA ( #6859 ) ;
#1969 = CARTESIAN_POINT ( 'NONE',  ( -2.736681044287159636, 1.997705042636133133, 0.3864410810002315011 ) ) ;
#1970 = EDGE_LOOP ( 'NONE', ( #10214, #1627, #3212, #7745 ) ) ;
#1971 = SURFACE_SIDE_STYLE ('',( #3618 ) ) ;
#1972 = CARTESIAN_POINT ( 'NONE',  ( -2.733725019829334801, -1.705128525543615048, 0.4829760220893949962 ) ) ;
#1973 = CARTESIAN_POINT ( 'NONE',  ( -1.149999999999999911, 3.000000000000000000, 0.3499999999999999778 ) ) ;
#1974 = PRESENTATION_STYLE_ASSIGNMENT (( #10266 ) ) ;
#1975 = ORIENTED_EDGE ( 'NONE', *, *, #882, .T. ) ;
#1976 = CARTESIAN_POINT ( 'NONE',  ( -2.510783547440359698, 2.450521337214875306, 0.4886644765039880323 ) ) ;
#1977 = VECTOR ( 'NONE', #3366, 1000.000000000000000 ) ;
#1978 = CARTESIAN_POINT ( 'NONE',  ( -2.491448532073286870, -1.462909024061641139, 0.1163966627373209245 ) ) ;
#1979 = CARTESIAN_POINT ( 'NONE',  ( -0.2097610860950379907, 0.5166284652526029753, 2.799999999999999822 ) ) ;
#1980 =( GEOMETRIC_REPRESENTATION_CONTEXT ( 3 ) GLOBAL_UNCERTAINTY_ASSIGNED_CONTEXT ( ( #9782 ) ) GLOBAL_UNIT_ASSIGNED_CONTEXT ( ( #8230, #4148, #9968 ) ) REPRESENTATION_CONTEXT ( 'NONE', 'WORKASPACE' ) );
#1981 = EDGE_LOOP ( 'NONE', ( #7246, #5227, #8694, #1738, #7716, #8055, #1963, #5859, #4074, #5037 ) ) ;
#1982 = CARTESIAN_POINT ( 'NONE',  ( -2.105748805673279822, 1.009876620037855943, 1.462272691842209982 ) ) ;
#1983 = ORIENTED_EDGE ( 'NONE', *, *, #3309, .T. ) ;
#1984 = EDGE_LOOP ( 'NONE', ( #5484, #3, #1107, #9945 ) ) ;
#1985 = FACE_OUTER_BOUND ( 'NONE', #681, .T. ) ;
#1986 = EDGE_CURVE ( 'NONE', #6469, #5517, #7312, .T. ) ;
#1987 = CARTESIAN_POINT ( 'NONE',  ( 2.504517769482319967, 2.137023792731689742, 0.4943293444853489316 ) ) ;
#1988 = CARTESIAN_POINT ( 'NONE',  ( 2.903312223672425141, -0.1204934767955742059, 0.4943175329824510134 ) ) ;
#1989 = CARTESIAN_POINT ( 'NONE',  ( -2.599543727092854972, -2.537824885513815243, 0.1150429824336171997 ) ) ;
#1990 = CARTESIAN_POINT ( 'NONE',  ( -2.462412036569565199, -2.920865421626550162, 0.4830107667262540372 ) ) ;
#1991 = DIRECTION ( 'NONE',  ( 0.0000000000000000000, 0.0000000000000000000, 1.000000000000000000 ) ) ;
#1992 = AXIS2_PLACEMENT_3D ( 'NONE', #2824, #4300, #10081 ) ;
#1993 = SURFACE_STYLE_USAGE ( .BOTH. , #8648 ) ;
#1994 = EDGE_LOOP ( 'NONE', ( #4441, #8043, #1227, #3962, #3928 ) ) ;
#1995 = CARTESIAN_POINT ( 'NONE',  ( 0.4532578487692970337, 2.608207906450254576, 2.113696463461700148 ) ) ;
#1996 = AXIS2_PLACEMENT_3D ( 'NONE', #2842, #10365, #6972 ) ;
#1997 = CARTESIAN_POINT ( 'NONE',  ( 2.179636552585989762, -2.192363373802250326, 0.8033235806547599500 ) ) ;
#1998 = LINE ( 'NONE', #9572, #4505 ) ;
#1999 = EDGE_CURVE ( 'NONE', #8481, #3390, #9032, .T. ) ;
#2000 =( NAMED_UNIT ( * ) SI_UNIT ( $, .STERADIAN. ) SOLID_ANGLE_UNIT ( ) );
#2001 = CARTESIAN_POINT ( 'NONE',  ( -0.3485302928463295258, -0.3666504984521389843, 2.799999999999999822 ) ) ;
#2002 = CARTESIAN_POINT ( 'NONE',  ( 2.899999999999999911, 0.3553984691504925575, 0.5000000000000000000 ) ) ;
#2003 = CARTESIAN_POINT ( 'NONE',  ( 2.494560730732464648, -2.838995741592549749, 0.5000000000000000000 ) ) ;
#2004 = CARTESIAN_POINT ( 'NONE',  ( -2.552809863651885003, 1.898909564511419790, 0.5000000000000000000 ) ) ;
#2005 = FACE_OUTER_BOUND ( 'NONE', #6255, .T. ) ;
#2006 = ORIENTED_EDGE ( 'NONE', *, *, #8663, .T. ) ;
#2007 = CARTESIAN_POINT ( 'NONE',  ( 1.149999999999999911, -3.010000000000000231, 0.09000000000000001055 ) ) ;
#2008 = ORIENTED_EDGE ( 'NONE', *, *, #836, .T. ) ;
#2009 = PLANE ( 'NONE',  #10231 ) ;
#2010 = CARTESIAN_POINT ( 'NONE',  ( 2.466143194322404142, 2.584198781709547976, 0.1000000000000000056 ) ) ;
#2011 = DIRECTION ( 'NONE',  ( 0.0000000000000000000, 0.0000000000000000000, -1.000000000000000000 ) ) ;
#2012 = PRODUCT_RELATED_PRODUCT_CATEGORY ( 'part', '', ( #9107 ) ) ;
#2013 = DIRECTION ( 'NONE',  ( 0.0000000000000000000, 0.0000000000000000000, 1.000000000000000000 ) ) ;
#2014 =( GEOMETRIC_REPRESENTATION_CONTEXT ( 3 ) GLOBAL_UNCERTAINTY_ASSIGNED_CONTEXT ( ( #10545 ) ) GLOBAL_UNIT_ASSIGNED_CONTEXT ( ( #2380, #1605, #988 ) ) REPRESENTATION_CONTEXT ( 'NONE', 'WORKASPACE' ) );
#2015 = FACE_BOUND ( 'NONE', #4003, .T. ) ;
#2016 = CARTESIAN_POINT ( 'NONE',  ( -0.5807795887813811397, -1.316736101868462017, 2.799999999999999822 ) ) ;
#2017 = CARTESIAN_POINT ( 'NONE',  ( 2.504517769482319967, 2.137023792731689742, 0.4943293444853489316 ) ) ;
#2018 = CARTESIAN_POINT ( 'NONE',  ( -2.914981655555084927, -1.322362198675771872, 0.4829674192582680270 ) ) ;
#2019 = DIRECTION ( 'NONE',  ( 0.0000000000000000000, -1.000000000000000000, 0.0000000000000000000 ) ) ;
#2020 = CONICAL_SURFACE ( 'NONE', #5181, 0.5000000000000000000, 0.3490658503988667838 ) ;
#2021 = AXIS2_PLACEMENT_3D ( 'NONE', #7190, #3061, #8948 ) ;
#2022 =( LENGTH_UNIT ( ) NAMED_UNIT ( * ) SI_UNIT ( .MILLI., .METRE. ) );
#2023 = ORIENTED_EDGE ( 'NONE', *, *, #3507, .F. ) ;
#2024 = DIRECTION ( 'NONE',  ( -1.000000000000000000, 0.0000000000000000000, 0.0000000000000000000 ) ) ;
#2025 = CARTESIAN_POINT ( 'NONE',  ( -2.502745270276269807, -2.021312443512779833, 0.5000000000000000000 ) ) ;
#2026 = CARTESIAN_POINT ( 'NONE',  ( 0.2016960644758674925, 0.6073769074756670827, 2.799999999999999822 ) ) ;
#2027 = CARTESIAN_POINT ( 'NONE',  ( -0.2607954545454544970, -0.6424442943424348851, 2.799999999999999822 ) ) ;
#2028 = EDGE_CURVE ( 'NONE', #4764, #8491, #7799, .T. ) ;
#2029 = VERTEX_POINT ( 'NONE', #6540 ) ;
#2030 = CARTESIAN_POINT ( 'NONE',  ( -1.553023190822315103, 1.538699533929020147, 1.456649894872902085 ) ) ;
#2031 = CARTESIAN_POINT ( 'NONE',  ( -0.2607954545454539974, -1.764522216420359779, 2.799999999999999822 ) ) ;
#2032 = AXIS2_PLACEMENT_3D ( 'NONE', #1300, #9633, #10401 ) ;
#2033 = PLANE ( 'NONE',  #2036 ) ;
#2034 = PLANE ( 'NONE',  #9300 ) ;
#2035 = VECTOR ( 'NONE', #7462, 1000.000000000000000 ) ;
#2036 = AXIS2_PLACEMENT_3D ( 'NONE', #5318, #7157, #1329 ) ;
#2037 = ORIENTED_EDGE ( 'NONE', *, *, #7292, .F. ) ;
#2038 = VECTOR ( 'NONE', #7808, 1000.000000000000000 ) ;
#2039 = CARTESIAN_POINT ( 'NONE',  ( -2.572763945682249975, 1.623597747647629763, 2.122770708684020402 ) ) ;
#2040 = ORIENTED_EDGE ( 'NONE', *, *, #3150, .F. ) ;
#2041 = VERTEX_POINT ( 'NONE', #5785 ) ;
#2042 = PRESENTATION_STYLE_ASSIGNMENT (( #347 ) ) ;
#2043 = CARTESIAN_POINT ( 'NONE',  ( 2.513306381221430019, 2.831510201905365065, 0.4886717604839879159 ) ) ;
#2044 = CARTESIAN_POINT ( 'NONE',  ( 2.568761605869020137, -0.06933440793220670140, 1.466472920347475783 ) ) ;
#2045 = DIRECTION ( 'NONE',  ( 0.0000000000000000000, 0.0000000000000000000, -1.000000000000000000 ) ) ;
#2046 = CARTESIAN_POINT ( 'NONE',  ( -2.443292956677304950, -2.892897529834719705, 0.5000000000000000000 ) ) ;
#2047 = MECHANICAL_DESIGN_GEOMETRIC_PRESENTATION_REPRESENTATION (  '', ( #824 ), #5708 ) ;
#2048 = PRESENTATION_STYLE_ASSIGNMENT (( #6177 ) ) ;
#2049 = VECTOR ( 'NONE', #6971, 1000.000000000000000 ) ;
#2050 = VECTOR ( 'NONE', #10188, 1000.000000000000114 ) ;
#2051 = UNCERTAINTY_MEASURE_WITH_UNIT (LENGTH_MEASURE( 1.000000000000000082E-05 ), #10303, 'distance_accuracy_value', 'NONE');
#2052 = EDGE_CURVE ( 'NONE', #172, #9243, #3290, .T. ) ;
#2053 = FILL_AREA_STYLE ('',( #5500 ) ) ;
#2054 = ORIENTED_EDGE ( 'NONE', *, *, #7398, .T. ) ;
#2055 = CARTESIAN_POINT ( 'NONE',  ( -0.2007521097662585130, 2.907481723192585132, 0.4886983618213269764 ) ) ;
#2056 = PRESENTATION_LAYER_ASSIGNMENT (  '', '', ( #8328 ) ) ;
#2057 = CARTESIAN_POINT ( 'NONE',  ( 2.504517769480799849, -2.137023792731434835, 0.4943293444854879315 ) ) ;
#2058 = MECHANICAL_DESIGN_GEOMETRIC_PRESENTATION_REPRESENTATION (  '', ( #998 ), #10417 ) ;
#2059 = CARTESIAN_POINT ( 'NONE',  ( -2.736805570534504906, 2.008925777662159629, 0.3864410810002315011 ) ) ;
#2060 = CARTESIAN_POINT ( 'NONE',  ( -0.5435340141134460401, -0.2225417871685995141, 2.799999999999999822 ) ) ;
#2061 = CARTESIAN_POINT ( 'NONE',  ( 2.795658348225490197, 0.3327763185038210003, 2.126711250203650039 ) ) ;
#2062 = CARTESIAN_POINT ( 'NONE',  ( 2.516175321160650125, -2.457649299075744587, 0.4829967147563619667 ) ) ;
#2063 = CARTESIAN_POINT ( 'NONE',  ( 2.474345596219860166, 1.449999999999999956, 0.1000000000000000056 ) ) ;
#2064 = VERTEX_POINT ( 'NONE', #6602 ) ;
#2065 = CARTESIAN_POINT ( 'NONE',  ( 2.474345596219860166, -1.449999999999999956, 0.1000000000000000056 ) ) ;
#2066 = COLOUR_RGB ( '',0.7686274509803920907, 0.7686274509803920907, 0.7686274509803920907 ) ;
#2067 = CIRCLE ( 'NONE', #145, 0.2999999999999999334 ) ;
#2068 = B_SPLINE_CURVE_WITH_KNOTS ( 'NONE', 3,
 ( #7885, #1186, #6894, #6837, #10237, #2777, #7058, #1948, #10395, #5288, #8709 ),
 .UNSPECIFIED., .F., .F.,
 ( 4, 1, 1, 1, 1, 1, 1, 1, 4 ),
 ( 0.0000000000000000000, 0.1818627159604200016, 0.3478693513041130059, 0.4980370164793330168, 0.6302069238042270483, 0.7473112184362139532, 0.8479049363245800830, 0.9323595851926930189, 1.000000000000000000 ),
 .UNSPECIFIED. ) ;
#2069 = EDGE_CURVE ( 'NONE', #6553, #8481, #1184, .T. ) ;
#2070 = CARTESIAN_POINT ( 'NONE',  ( -2.379564224146454521, 1.969661295584494987, 0.6633823744252950183 ) ) ;
#2071 = VERTEX_POINT ( 'NONE', #9983 ) ;
#2072 = CARTESIAN_POINT ( 'NONE',  ( -1.875735931288069924, 2.449999999999999734, 2.799999999999999822 ) ) ;
#2073 = EDGE_CURVE ( 'NONE', #776, #7100, #4108, .T. ) ;
#2074 = ORIENTED_EDGE ( 'NONE', *, *, #4849, .T. ) ;
#2075 = FILL_AREA_STYLE ('',( #9527 ) ) ;
#2076 = CARTESIAN_POINT ( 'NONE',  ( 2.087867965644039536, -2.662132034355964905, 2.799999999999999822 ) ) ;
#2077 = AXIS2_PLACEMENT_3D ( 'NONE', #2734, #6048, #5257 ) ;
#2078 = CARTESIAN_POINT ( 'NONE',  ( -2.087867965644035095, -2.662132034355964905, 2.700000000000000178 ) ) ;
#2079 = FACE_OUTER_BOUND ( 'NONE', #8792, .T. ) ;
#2080 = CARTESIAN_POINT ( 'NONE',  ( 2.399999999999999911, -2.000000000000000000, 2.328125000000000000 ) ) ;
#2081 = SURFACE_STYLE_FILL_AREA ( #6369 ) ;
#2082 = CARTESIAN_POINT ( 'NONE',  ( -0.1860053306754375080, -1.606632458938090258, 2.799999999999999822 ) ) ;
#2083 = CARTESIAN_POINT ( 'NONE',  ( 2.252571269120984709, 2.497428730879009962, 2.399999999999999911 ) ) ;
#2084 = CARTESIAN_POINT ( 'NONE',  ( -3.000000000000000000, -1.424356074374703907, 2.399999999999999911 ) ) ;
#2085 = FACE_OUTER_BOUND ( 'NONE', #6124, .T. ) ;
#2086 = STYLED_ITEM ( 'NONE', ( #9915 ), #2943 ) ;
#2087 = DIRECTION ( 'NONE',  ( 0.0000000000000000000, -1.000000000000000000, 0.0000000000000000000 ) ) ;
#2088 = ORIENTED_EDGE ( 'NONE', *, *, #2830, .T. ) ;
#2089 = DIRECTION ( 'NONE',  ( 0.0000000000000000000, 0.0000000000000000000, 1.000000000000000000 ) ) ;
#2090 = CARTESIAN_POINT ( 'NONE',  ( -2.504325507819485264, -2.059026044851725246, 0.4943286264340510661 ) ) ;
#2091 = LINE ( 'NONE', #438, #8660 ) ;
#2092 = CARTESIAN_POINT ( 'NONE',  ( -0.2726693823799065108, 0.6999443788406309874, 2.799999999999999822 ) ) ;
#2093 = VERTEX_POINT ( 'NONE', #8295 ) ;
#2094 = CARTESIAN_POINT ( 'NONE',  ( -2.380892841854810094, -2.026703059386754990, 0.6554300578469780536 ) ) ;
#2095 = CARTESIAN_POINT ( 'NONE',  ( -1.941555537557170030, 2.234139756551440037, 2.119352388645999952 ) ) ;
#2096 = DIRECTION ( 'NONE',  ( 0.8169966565740621744, 0.5766424049155629561, 0.0000000000000000000 ) ) ;
#2097 = CARTESIAN_POINT ( 'NONE',  ( -0.1207400502135409920, 0.5768320798091510770, 2.799999999999999822 ) ) ;
#2098 = EDGE_CURVE ( 'NONE', #3601, #644, #5379, .T. ) ;
#2099 = CARTESIAN_POINT ( 'NONE',  ( -2.500000000000000000, 2.032270503847394938, 0.1201452034607896069 ) ) ;
#2100 = VERTEX_POINT ( 'NONE', #6489 ) ;
#2101 = CARTESIAN_POINT ( 'NONE',  ( -2.893771002742730136, 1.482480220419621908, 0.4943237931295850762 ) ) ;
#2102 = STYLED_ITEM ( 'NONE', ( #6933 ), #3673 ) ;
#2103 = ORIENTED_EDGE ( 'NONE', *, *, #1638, .F. ) ;
#2104 = ORIENTED_EDGE ( 'NONE', *, *, #2965, .T. ) ;
#2105 = DIRECTION ( 'NONE',  ( 0.0000000000000000000, 0.0000000000000000000, 1.000000000000000000 ) ) ;
#2106 = PRODUCT_DEFINITION_FORMATION_WITH_SPECIFIED_SOURCE ( 'ANY', '', #9107, .NOT_KNOWN. ) ;
#2107 = CARTESIAN_POINT ( 'NONE',  ( 2.519959571832144807, 2.840455603053840150, 0.4830076407259820126 ) ) ;
#2108 = CARTESIAN_POINT ( 'NONE',  ( 3.000000000000000000, 0.1313588797055343926, 2.399999999999999911 ) ) ;
#2109 = CARTESIAN_POINT ( 'NONE',  ( -2.597734742832265020, -2.541614077785354642, 0.1104536664436581994 ) ) ;
#2110 = CARTESIAN_POINT ( 'NONE',  ( -2.252571269120990038, -2.497428730879015291, 2.399999999999999911 ) ) ;
#2111 =( NAMED_UNIT ( * ) SI_UNIT ( $, .STERADIAN. ) SOLID_ANGLE_UNIT ( ) );
#2112 = ORIENTED_EDGE ( 'NONE', *, *, #4020, .F. ) ;
#2113 = CARTESIAN_POINT ( 'NONE',  ( -1.149999999999999911, -3.000000000000000000, 0.5000000000000000000 ) ) ;
#2114 = VERTEX_POINT ( 'NONE', #9830 ) ;
#2115 = CARTESIAN_POINT ( 'NONE',  ( -0.8476819514295280689, 2.280429042977679899, 1.451315661415768066 ) ) ;
#2116 = CARTESIAN_POINT ( 'NONE',  ( 2.123471498661899659, -2.374384901287365235, 0.8031879479378130071 ) ) ;
#2117 = DIRECTION ( 'NONE',  ( 0.0000000000000000000, 0.0000000000000000000, 1.000000000000000000 ) ) ;
#2118 = CARTESIAN_POINT ( 'NONE',  ( -2.308579885570694934, -1.998902954840250157, 0.7500000000000000000 ) ) ;
#2119 = CARTESIAN_POINT ( 'NONE',  ( -0.4892917872147509728, -0.2625824433251295331, 2.799999999999999822 ) ) ;
#2120 = CARTESIAN_POINT ( 'NONE',  ( 2.903397378093115044, -0.3597942069320775316, 0.4943178386096889199 ) ) ;
#2121 = CARTESIAN_POINT ( 'NONE',  ( 2.310674057217589894, -1.892726241284794941, 2.121338251223130023 ) ) ;
#2122 = CARTESIAN_POINT ( 'NONE',  ( 2.500000000000000000, -2.000000000000000000, -0.3330127018922190429 ) ) ;
#2123 = FILL_AREA_STYLE_COLOUR ( '', #9499 ) ;
#2124 = CARTESIAN_POINT ( 'NONE',  ( 0.1660045177501135172, -1.663281720407644881, 2.799999999999999822 ) ) ;
#2125 = CARTESIAN_POINT ( 'NONE',  ( -2.806066017177979877, 1.731801948466054952, 2.700000000000000178 ) ) ;
#2126 = VERTEX_POINT ( 'NONE', #821 ) ;
#2127 = DIRECTION ( 'NONE',  ( 1.000000000000000000, 0.0000000000000000000, 0.0000000000000000000 ) ) ;
#2128 = ORIENTED_EDGE ( 'NONE', *, *, #9158, .F. ) ;
#2129 = CARTESIAN_POINT ( 'NONE',  ( -1.875735931288069924, -2.449999999999999734, 2.700000000000000178 ) ) ;
#2130 = CARTESIAN_POINT ( 'NONE',  ( -0.1090909090909090023, -0.5384670216151629107, 2.790000000000000036 ) ) ;
#2131 = DIRECTION ( 'NONE',  ( 0.0000000000000000000, 0.0000000000000000000, -1.000000000000000000 ) ) ;
#2132 = LINE ( 'NONE', #2188, #6029 ) ;
#2133 = CARTESIAN_POINT ( 'NONE',  ( -0.5999999999999999778, 0.2400232381250970159, 2.790000000000000036 ) ) ;
#2134 = CARTESIAN_POINT ( 'NONE',  ( -2.500000000000000000, -2.070156211871640117, 0.5000000000000000000 ) ) ;
#2135 = ADVANCED_FACE ( 'NONE', ( #4057 ), #6700, .T. ) ;
#2136 = CARTESIAN_POINT ( 'NONE',  ( 1.553023190388445052, 1.538699533950914855, 1.456649894871612005 ) ) ;
#2137 = CARTESIAN_POINT ( 'NONE',  ( -2.733725019829334801, -1.705128525543615048, 0.4829760220893949962 ) ) ;
#2138 =( NAMED_UNIT ( * ) PLANE_ANGLE_UNIT ( ) SI_UNIT ( $, .RADIAN. ) );
#2139 = EDGE_CURVE ( 'NONE', #9720, #8195, #7108, .T. ) ;
#2140 = DIRECTION ( 'NONE',  ( 0.0000000000000000000, 0.0000000000000000000, -1.000000000000000000 ) ) ;
#2141 = ORIENTED_EDGE ( 'NONE', *, *, #4474, .F. ) ;
#2142 = CARTESIAN_POINT ( 'NONE',  ( -2.651810767298375282, -2.040785097163054562, 0.3864410810002315011 ) ) ;
#2143 = CARTESIAN_POINT ( 'NONE',  ( -2.507026083478559819, -2.026715873892094955, 0.4943283194985849671 ) ) ;
#2144 = SURFACE_SIDE_STYLE ('',( #10369 ) ) ;
#2145 = DIRECTION ( 'NONE',  ( 0.3420201433256694901, 4.188538737677001626E-17, -0.9396926207859080948 ) ) ;
#2146 =( LENGTH_UNIT ( ) NAMED_UNIT ( * ) SI_UNIT ( .MILLI., .METRE. ) );
#2147 = ORIENTED_EDGE ( 'NONE', *, *, #4082, .T. ) ;
#2148 = CARTESIAN_POINT ( 'NONE',  ( 0.5999999999999999778, -0.8552689696671109676, 2.790000000000000036 ) ) ;
#2149 = DIRECTION ( 'NONE',  ( 0.0000000000000000000, -1.000000000000000000, 0.0000000000000000000 ) ) ;
#2150 = EDGE_CURVE ( 'NONE', #2916, #10485, #1195, .T. ) ;
#2151 = CARTESIAN_POINT ( 'NONE',  ( -1.861057775858655061, 1.348554746544005978, 1.459536146892592035 ) ) ;
#2152 = CARTESIAN_POINT ( 'NONE',  ( -2.399999999999999911, 3.000000000000000000, 0.1200000000000000094 ) ) ;
#2153 = UNCERTAINTY_MEASURE_WITH_UNIT (LENGTH_MEASURE( 1.000000000000000082E-05 ), #2331, 'distance_accuracy_value', 'NONE');
#2154 = DIRECTION ( 'NONE',  ( 1.000000000000000000, 0.0000000000000000000, 0.0000000000000000000 ) ) ;
#2155 = ORIENTED_EDGE ( 'NONE', *, *, #5155, .F. ) ;
#2156 = CARTESIAN_POINT ( 'NONE',  ( 0.5999999999999999778, -2.169717021615165109, 2.790000000000000036 ) ) ;
#2157 = CARTESIAN_POINT ( 'NONE',  ( -2.899139236683710319, 1.487061118031060003, 0.4886475862591710406 ) ) ;
#2158 = ORIENTED_EDGE ( 'NONE', *, *, #4564, .T. ) ;
#2159 = COLOUR_RGB ( '',0.8431372549019607865, 0.8156862745098039102, 0.7529411764705882248 ) ;
#2160 = DIRECTION ( 'NONE',  ( 0.0000000000000000000, 0.0000000000000000000, 1.000000000000000000 ) ) ;
#2161 = EDGE_CURVE ( 'NONE', #9077, #8391, #2435, .T. ) ;
#2162 = CARTESIAN_POINT ( 'NONE',  ( 2.240702688213460192, 1.913565653969345082, 0.8035114884726310969 ) ) ;
#2163 = CARTESIAN_POINT ( 'NONE',  ( -2.600000000000000089, -2.533647347903380087, 0.1200000000000000094 ) ) ;
#2164 = CARTESIAN_POINT ( 'NONE',  ( -2.500000000000000000, -2.813619399608419780, 0.5000000000000000000 ) ) ;
#2165 = SURFACE_SIDE_STYLE ('',( #2865 ) ) ;
#2166 = UNCERTAINTY_MEASURE_WITH_UNIT (LENGTH_MEASURE( 1.000000000000000082E-05 ), #7850, 'distance_accuracy_value', 'NONE');
#2167 = STYLED_ITEM ( 'NONE', ( #590 ), #4543 ) ;
#2168 = DIRECTION ( 'NONE',  ( 0.0000000000000000000, 1.000000000000000000, 0.0000000000000000000 ) ) ;
#2169 = VERTEX_POINT ( 'NONE', #1597 ) ;
#2170 = CARTESIAN_POINT ( 'NONE',  ( -2.415873556353010265, 2.899999999999999911, 0.5000000000000000000 ) ) ;
#2171 = CARTESIAN_POINT ( 'NONE',  ( 2.513306381216590335, -2.831510201904559487, 0.4886717604844230123 ) ) ;
#2172 = CARTESIAN_POINT ( 'NONE',  ( -2.385891635703484948, -1.986365694822215255, 0.6532287949964989959 ) ) ;
#2173 = CARTESIAN_POINT ( 'NONE',  ( -2.735355339059324820, -1.661091270347400117, 2.799999999999999822 ) ) ;
#2174 = EDGE_CURVE ( 'NONE', #2751, #4955, #3066, .T. ) ;
#2175 = CARTESIAN_POINT ( 'NONE',  ( 2.795537272771035031, -0.3406055053189049886, 2.126706931361800113 ) ) ;
#2176 = CARTESIAN_POINT ( 'NONE',  ( 2.508651015636195414, -2.064568705503404988, 0.4886572528679489769 ) ) ;
#2177 = VECTOR ( 'NONE', #1295, 999.9999999999998863 ) ;
#2178 = DIRECTION ( 'NONE',  ( 0.0000000000000000000, 0.0000000000000000000, -1.000000000000000000 ) ) ;
#2179 = CARTESIAN_POINT ( 'NONE',  ( -2.912132034355960020, -1.837867965644034873, 2.399999999999999911 ) ) ;
#2180 = CARTESIAN_POINT ( 'NONE',  ( 0.5541885429659989537, -1.943190152211860200, 2.790000000000000036 ) ) ;
#2181 = CIRCLE ( 'NONE', #10707, 0.1800000000000000488 ) ;
#2182 = DIRECTION ( 'NONE',  ( 0.0000000000000000000, 2.607906433683253552E-15, 1.000000000000000000 ) ) ;
#2183 = EDGE_LOOP ( 'NONE', ( #10325, #9470, #7169, #3897 ) ) ;
#2184 = FILL_AREA_STYLE ('',( #9639 ) ) ;
#2185 = ORIENTED_EDGE ( 'NONE', *, *, #7126, .T. ) ;
#2186 = CARTESIAN_POINT ( 'NONE',  ( -0.2726693823799065108, -0.4221335432372904650, 2.790000000000000036 ) ) ;
#2187 = DIRECTION ( 'NONE',  ( 0.6246950475544248427, 0.7808688094430298321, 0.0000000000000000000 ) ) ;
#2188 = CARTESIAN_POINT ( 'NONE',  ( 1.875735931288069924, -2.600000000000000089, 2.700000000000000178 ) ) ;
#2189 = CARTESIAN_POINT ( 'NONE',  ( 2.399999999999999911, 2.979999999999999982, 0.1200000000000000094 ) ) ;
#2190 = FILL_AREA_STYLE_COLOUR ( '', #8865 ) ;
#2191 =( LENGTH_UNIT ( ) NAMED_UNIT ( * ) SI_UNIT ( .MILLI., .METRE. ) );
#2192 = CARTESIAN_POINT ( 'NONE',  ( 2.211356875304384850, 2.054677221846299862, 0.8034178630815279609 ) ) ;
#2193 = CARTESIAN_POINT ( 'NONE',  ( -2.219687133763794673, -0.8026822139205630480, 1.463303691796804085 ) ) ;
#2194 = AXIS2_PLACEMENT_3D ( 'NONE', #5805, #4760, #1417 ) ;
#2195 = CARTESIAN_POINT ( 'NONE',  ( 0.1722171299342409867, 0.5772601490634609034, 2.790000000000000036 ) ) ;
#2196 = CARTESIAN_POINT ( 'NONE',  ( -3.000000000000000000, -2.000000000000000000, -0.3330127018922190429 ) ) ;
#2197 = EDGE_CURVE ( 'NONE', #9486, #7063, #1757, .T. ) ;
#2198 = ORIENTED_EDGE ( 'NONE', *, *, #4002, .F. ) ;
#2199 = PRESENTATION_LAYER_ASSIGNMENT (  '', '', ( #6870 ) ) ;
#2200 = ORIENTED_EDGE ( 'NONE', *, *, #2629, .F. ) ;
#2201 = CARTESIAN_POINT ( 'NONE',  ( -2.665987599061470092, -2.050052473681529985, 0.3864410810002315011 ) ) ;
#2202 = CARTESIAN_POINT ( 'NONE',  ( -2.504517769482285328, -2.137023792731590266, 0.4943293444855629826 ) ) ;
#2203 = CARTESIAN_POINT ( 'NONE',  ( 2.593483409287254737, 2.545927376043845225, 0.1051265250582757993 ) ) ;
#2204 = DIRECTION ( 'NONE',  ( 1.000000000000000000, 0.0000000000000000000, 0.0000000000000000000 ) ) ;
#2205 = DIRECTION ( 'NONE',  ( 0.0000000000000000000, 0.0000000000000000000, -1.000000000000000000 ) ) ;
#2206 = ORIENTED_EDGE ( 'NONE', *, *, #2863, .F. ) ;
#2207 = CARTESIAN_POINT ( 'NONE',  ( -1.981801948466055396, 2.556066017177979877, 2.700000000000000178 ) ) ;
#2208 = CARTESIAN_POINT ( 'NONE',  ( -2.474345596219860166, 2.550000000000000266, 0.1000000000000000056 ) ) ;
#2209 = CARTESIAN_POINT ( 'NONE',  ( -2.526909588585340316, 1.990842291294910193, 0.4829835898719619935 ) ) ;
#2210 = SURFACE_SIDE_STYLE ('',( #10029 ) ) ;
#2211 = CARTESIAN_POINT ( 'NONE',  ( -2.500000000000000000, 2.023129197537109736, 0.2131883784015955186 ) ) ;
#2212 = ADVANCED_FACE ( 'NONE', ( #9321 ), #5148, .F. ) ;
#2213 = PRESENTATION_STYLE_ASSIGNMENT (( #5436 ) ) ;
#2214 = ORIENTED_EDGE ( 'NONE', *, *, #3437, .T. ) ;
#2215 = LINE ( 'NONE', #8044, #9493 ) ;
#2216 = CARTESIAN_POINT ( 'NONE',  ( -2.206425842622444566, 0.8081854922219730009, 1.463121270801935880 ) ) ;
#2217 = VERTEX_POINT ( 'NONE', #5098 ) ;
#2218 = FACE_OUTER_BOUND ( 'NONE', #9808, .T. ) ;
#2219 = EDGE_CURVE ( 'NONE', #17, #9290, #6926, .T. ) ;
#2220 = AXIS2_PLACEMENT_3D ( 'NONE', #5238, #1736, #6082 ) ;
#2221 = CARTESIAN_POINT ( 'NONE',  ( 2.434576125300190075, 2.927824506971985041, 0.4830115411763780120 ) ) ;
#2222 = SURFACE_STYLE_USAGE ( .BOTH. , #3966 ) ;
#2223 = CARTESIAN_POINT ( 'NONE',  ( -2.123471498521084744, -2.374384901275200299, 0.8031879479349299800 ) ) ;
#2224 = B_SPLINE_CURVE_WITH_KNOTS ( 'NONE', 3,
 ( #417, #3761, #7066, #7726, #6252, #9581, #4365 ),
 .UNSPECIFIED., .F., .F.,
 ( 4, 1, 1, 1, 4 ),
 ( 0.0000000000000000000, 0.2958783195951240064, 0.5611080725506870648, 0.7963677377324649420, 1.000000000000000000 ),
 .UNSPECIFIED. ) ;
#2225 = TOROIDAL_SURFACE ( 'NONE', #9178, 0.2750000000000000222, 0.05000000000000000278 ) ;
#2226 = AXIS2_PLACEMENT_3D ( 'NONE', #8581, #7752, #2975 ) ;
#2227 = CIRCLE ( 'NONE', #9016, 0.6999999999999999556 ) ;
#2228 = ORIENTED_EDGE ( 'NONE', *, *, #5927, .T. ) ;
#2229 = CARTESIAN_POINT ( 'NONE',  ( -2.202783587066335258, 2.899999999999999911, 0.5000000000000000000 ) ) ;
#2230 = CARTESIAN_POINT ( 'NONE',  ( 2.519193076883955218, -2.765399666546100033, 0.4830055065137069947 ) ) ;
#2231 =( LENGTH_UNIT ( ) NAMED_UNIT ( * ) SI_UNIT ( .MILLI., .METRE. ) );
#2232 = CARTESIAN_POINT ( 'NONE',  ( -2.383431783343594734, -1.977436322903884935, 0.6574080348110660221 ) ) ;
#2233 = AXIS2_PLACEMENT_3D ( 'NONE', #1801, #4312, #7631 ) ;
#2234 = CARTESIAN_POINT ( 'NONE',  ( -0.1463446132156278057, -0.5122357066834039019, 2.799999999999999822 ) ) ;
#2235 = CARTESIAN_POINT ( 'NONE',  ( 2.908814219294229897, 1.077966861934255727, 0.4886417787703379867 ) ) ;
#2236 = CARTESIAN_POINT ( 'NONE',  ( 2.514578815753250041, -2.866277723351965179, 0.4830084259213959785 ) ) ;
#2237 = VECTOR ( 'NONE', #7680, 1000.000000000000000 ) ;
#2238 = CARTESIAN_POINT ( 'NONE',  ( -2.700000000000000178, 1.625735931288069924, 2.799999999999999822 ) ) ;
#2239 = STYLED_ITEM ( 'NONE', ( #2301 ), #1674 ) ;
#2240 = UNCERTAINTY_MEASURE_WITH_UNIT (LENGTH_MEASURE( 1.000000000000000082E-05 ), #7076, 'distance_accuracy_value', 'NONE');
#2241 = VECTOR ( 'NONE', #9142, 1000.000000000000000 ) ;
#2242 = EDGE_CURVE ( 'NONE', #3888, #10335, #5943, .T. ) ;
#2243 = VECTOR ( 'NONE', #8716, 1000.000000000000000 ) ;
#2244 = CARTESIAN_POINT ( 'NONE',  ( -2.318524171458525185, 1.976057914455309872, 0.7417633756058069627 ) ) ;
#2245 = VERTEX_POINT ( 'NONE', #1855 ) ;
#2246 = LINE ( 'NONE', #8773, #7594 ) ;
#2247 = VERTEX_POINT ( 'NONE', #3554 ) ;
#2248 = PRESENTATION_STYLE_ASSIGNMENT (( #9703 ) ) ;
#2249 = FILL_AREA_STYLE ('',( #9704 ) ) ;
#2250 = CARTESIAN_POINT ( 'NONE',  ( -1.149999999999999911, 2.674999999999999822, 0.1000000000000000056 ) ) ;
#2251 = SURFACE_SIDE_STYLE ('',( #3769 ) ) ;
#2252 = CARTESIAN_POINT ( 'NONE',  ( -0.2607954545454544970, 0.4796336277354870115, 2.790000000000000036 ) ) ;
#2253 = CARTESIAN_POINT ( 'NONE',  ( 1.882930494496805052, 2.285425013703900277, 2.119050485326885003 ) ) ;
#2254 = PRESENTATION_LAYER_ASSIGNMENT (  '', '', ( #6922 ) ) ;
#2255 = VECTOR ( 'NONE', #4119, 1000.000000000000000 ) ;
#2256 = STYLED_ITEM ( 'NONE', ( #978 ), #2284 ) ;
#2257 = DIRECTION ( 'NONE',  ( 0.4999999999999998335, 0.5000000000000005551, 0.7071067811865473507 ) ) ;
#2258 = VECTOR ( 'NONE', #4485, 1000.000000000000000 ) ;
#2259 = VERTEX_POINT ( 'NONE', #10305 ) ;
#2260 = FILL_AREA_STYLE ('',( #7248 ) ) ;
#2261 = VECTOR ( 'NONE', #9763, 1000.000000000000000 ) ;
#2262 = CARTESIAN_POINT ( 'NONE',  ( -2.930759942061285095, -1.819240057938714905, 2.399999999999999911 ) ) ;
#2263 = DIRECTION ( 'NONE',  ( 0.0000000000000000000, 0.0000000000000000000, 1.000000000000000000 ) ) ;
#2264 = CARTESIAN_POINT ( 'NONE',  ( 1.911091270347400117, -2.485355339059324820, 2.799999999999999822 ) ) ;
#2265 = CARTESIAN_POINT ( 'NONE',  ( 0.0000000000000000000, 0.0000000000000000000, 0.1000000000000000056 ) ) ;
#2266 = ORIENTED_EDGE ( 'NONE', *, *, #691, .T. ) ;
#2267 = LINE ( 'NONE', #4606, #7093 ) ;
#2268 = CARTESIAN_POINT ( 'NONE',  ( -2.500000000000000000, 2.500047666198019769, 0.1568365928198499903 ) ) ;
#2269 = CARTESIAN_POINT ( 'NONE',  ( -2.284334593813359682, 1.697116873717055219, 0.8036520721865499928 ) ) ;
#2270 = DIRECTION ( 'NONE',  ( 0.0000000000000000000, 0.0000000000000000000, 1.000000000000000000 ) ) ;
#2271 = EDGE_CURVE ( 'NONE', #869, #9907, #9729, .T. ) ;
#2272 = CARTESIAN_POINT ( 'NONE',  ( 0.0000000000000000000, 1.800000000000000044, 2.799999999999999822 ) ) ;
#2273 = ORIENTED_EDGE ( 'NONE', *, *, #3071, .T. ) ;
#2274 = VECTOR ( 'NONE', #192, 1000.000000000000000 ) ;
#2275 = UNCERTAINTY_MEASURE_WITH_UNIT (LENGTH_MEASURE( 1.000000000000000082E-05 ), #6752, 'distance_accuracy_value', 'NONE');
#2276 = CARTESIAN_POINT ( 'NONE',  ( -2.500000000000000000, 2.022182294351980048, 0.1146961137587252100 ) ) ;
#2277 = VERTEX_POINT ( 'NONE', #6855 ) ;
#2278 =( LENGTH_UNIT ( ) NAMED_UNIT ( * ) SI_UNIT ( .MILLI., .METRE. ) );
#2279 = CARTESIAN_POINT ( 'NONE',  ( -2.595195518779540134, 1.242197731182695941, 0.8038665454407170063 ) ) ;
#2280 = ORIENTED_EDGE ( 'NONE', *, *, #7663, .F. ) ;
#2281 = FILL_AREA_STYLE_COLOUR ( '', #1182 ) ;
#2282 = CARTESIAN_POINT ( 'NONE',  ( 1.209504431544725866, 2.910050735370730113, 0.4886916868429150851 ) ) ;
#2283 = SURFACE_STYLE_FILL_AREA ( #734 ) ;
#2284 = ADVANCED_FACE ( 'NONE', ( #1038 ), #1142, .T. ) ;
#2285 = CARTESIAN_POINT ( 'NONE',  ( -1.204611352681630221, -2.899999999999999911, 0.5000000000000000000 ) ) ;
#2286 = UNCERTAINTY_MEASURE_WITH_UNIT (LENGTH_MEASURE( 1.000000000000000082E-05 ), #9842, 'distance_accuracy_value', 'NONE');
#2287 = EDGE_CURVE ( 'NONE', #3160, #5949, #9477, .T. ) ;
#2288 = ORIENTED_EDGE ( 'NONE', *, *, #3936, .F. ) ;
#2289 = CARTESIAN_POINT ( 'NONE',  ( -1.588531752203864889, 2.538022571426389540, 0.8028957529073510457 ) ) ;
#2290 = CARTESIAN_POINT ( 'NONE',  ( 2.515591799687705077, -2.037614573682914987, 0.4829849584955220321 ) ) ;
#2291 = CARTESIAN_POINT ( 'NONE',  ( -2.759333839047557468, -1.800832701190552942, 0.3535058639434786043 ) ) ;
#2292 = CARTESIAN_POINT ( 'NONE',  ( -1.765698779334879731, -2.004042074047625022, 0.6500000000000000222 ) ) ;
#2293 = CARTESIAN_POINT ( 'NONE',  ( 2.282893580832145108, 0.7366583574700080739, 1.463828015134820193 ) ) ;
#2294 = CARTESIAN_POINT ( 'NONE',  ( 2.593879675013309960, -1.858088207357774913, 0.4943266954000770652 ) ) ;
#2295 = EDGE_CURVE ( 'NONE', #8391, #10655, #4719, .T. ) ;
#2296 = CARTESIAN_POINT ( 'NONE',  ( 0.2112822484499475018, -1.693337811376705027, 2.799999999999999822 ) ) ;
#2297 = CARTESIAN_POINT ( 'NONE',  ( 2.399999999999999911, -1.324999999999999956, 0.1000000000000000056 ) ) ;
#2298 = ORIENTED_EDGE ( 'NONE', *, *, #7925, .F. ) ;
#2299 = CARTESIAN_POINT ( 'NONE',  ( 4.293599859243420510E-17, -2.911222584788094814, 0.4830475427331750171 ) ) ;
#2300 = ORIENTED_EDGE ( 'NONE', *, *, #7292, .T. ) ;
#2301 = PRESENTATION_STYLE_ASSIGNMENT (( #9758 ) ) ;
#2302 =( NAMED_UNIT ( * ) SI_UNIT ( $, .STERADIAN. ) SOLID_ANGLE_UNIT ( ) );
#2303 = CARTESIAN_POINT ( 'NONE',  ( 0.0000000000000000000, -2.495562771045445327, 1.449528787345573999 ) ) ;
#2304 = DIRECTION ( 'NONE',  ( 0.0000000000000000000, 0.0000000000000000000, -1.000000000000000000 ) ) ;
#2305 = FILL_AREA_STYLE_COLOUR ( '', #3126 ) ;
#2306 = B_SPLINE_CURVE_WITH_KNOTS ( 'NONE', 3,
 ( #1321, #7148, #1266, #10482, #382, #4603, #7914, #9657, #2203, #1382, #4729, #8031, #3131, #6537, #1593, #4984 ),
 .UNSPECIFIED., .F., .F.,
 ( 4, 3, 3, 3, 3, 4 ),
 ( 1.751791922465515026E-18, 5.666731378775250713E-06, 1.130172163947180071E-05, 1.733875863550570227E-05, 2.635191653712144866E-05, 3.602595401310479688E-05 ),
 .UNSPECIFIED. ) ;
#2307 = EDGE_CURVE ( 'NONE', #9755, #17, #2770, .T. ) ;
#2308 = CARTESIAN_POINT ( 'NONE',  ( 2.459351447815288250, -1.395523385414161988, 0.1000000000000000194 ) ) ;
#2309 = PRESENTATION_STYLE_ASSIGNMENT (( #1475 ) ) ;
#2310 = VERTEX_POINT ( 'NONE', #6204 ) ;
#2311 = ORIENTED_EDGE ( 'NONE', *, *, #6153, .F. ) ;
#2312 = CARTESIAN_POINT ( 'NONE',  ( -2.157506047063665111, -2.281269921724109917, 0.8032609771386549635 ) ) ;
#2313 = CARTESIAN_POINT ( 'NONE',  ( -2.679253640990189922, -1.954250077715595113, 0.3864410810002315011 ) ) ;
#2314 = PRESENTATION_STYLE_ASSIGNMENT (( #3132 ) ) ;
#2315 = CARTESIAN_POINT ( 'NONE',  ( 2.995452513925551230, 1.685878662847898779, 2.399999999999999911 ) ) ;
#2316 = EDGE_LOOP ( 'NONE', ( #3303, #2420, #6601, #4331, #7599, #1136, #405, #8755, #1436, #5937, #3523, #8046, #7133, #4396, #7804 ) ) ;
#2317 = CARTESIAN_POINT ( 'NONE',  ( -2.328461499148925196, -2.051104553245850504, 0.7168855871001450497 ) ) ;
#2318 = CARTESIAN_POINT ( 'NONE',  ( -1.875735931288069924, -2.449999999999999734, 2.799999999999999822 ) ) ;
#2319 = CARTESIAN_POINT ( 'NONE',  ( 2.489018577014225020, -0.4041649248997760124, 1.465641170948529970 ) ) ;
#2320 = CARTESIAN_POINT ( 'NONE',  ( -2.105748805673279822, 1.009876620037855943, 1.462272691842209982 ) ) ;
#2321 = ADVANCED_FACE ( 'NONE', ( #10358, #3009, #2015, #3771, #1370, #6311 ), #2958, .F. ) ;
#2322 = DIRECTION ( 'NONE',  ( -1.000000000000000000, 0.0000000000000000000, 0.0000000000000000000 ) ) ;
#2323 = LINE ( 'NONE', #10542, #3795 ) ;
#2324 = DIRECTION ( 'NONE',  ( 0.0000000000000000000, 0.0000000000000000000, 1.000000000000000000 ) ) ;
#2325 = VERTEX_POINT ( 'NONE', #7851 ) ;
#2326 = PRESENTATION_STYLE_ASSIGNMENT (( #618 ) ) ;
#2327 = CARTESIAN_POINT ( 'NONE',  ( -3.000000000000000000, 1.492686379662224061, 2.399999999999999911 ) ) ;
#2328 = ORIENTED_EDGE ( 'NONE', *, *, #5927, .F. ) ;
#2329 =( NAMED_UNIT ( * ) PLANE_ANGLE_UNIT ( ) SI_UNIT ( $, .RADIAN. ) );
#2330 = CARTESIAN_POINT ( 'NONE',  ( 0.8957003623139050408, 2.556527785925569951, 2.114822345400630077 ) ) ;
#2331 =( LENGTH_UNIT ( ) NAMED_UNIT ( * ) SI_UNIT ( .MILLI., .METRE. ) );
#2332 = ORIENTED_EDGE ( 'NONE', *, *, #2069, .T. ) ;
#2333 = DIRECTION ( 'NONE',  ( 0.0000000000000000000, 0.0000000000000000000, 1.000000000000000000 ) ) ;
#2334 = ORIENTED_EDGE ( 'NONE', *, *, #9582, .T. ) ;
#2335 = CARTESIAN_POINT ( 'NONE',  ( -2.123471498663219492, 2.374384901278959958, 0.8031879479482399997 ) ) ;
#2336 = ADVANCED_FACE ( 'NONE', ( #8899 ), #9532, .F. ) ;
#2337 = CARTESIAN_POINT ( 'NONE',  ( 2.561586897983135103, -1.908821659518014968, 0.4886542278322170141 ) ) ;
#2338 = CARTESIAN_POINT ( 'NONE',  ( -0.2112331112459769900, -1.588511712667280085, 2.790000000000000036 ) ) ;
#2339 = CARTESIAN_POINT ( 'NONE',  ( 2.448022212396130826, -2.631393529393200925, 0.1000000000000000194 ) ) ;
#2340 = FILL_AREA_STYLE_COLOUR ( '', #9133 ) ;
#2341 = CARTESIAN_POINT ( 'NONE',  ( 2.800372670603985092, 1.589456055809199908, 0.5000000000000000000 ) ) ;
#2342 = CARTESIAN_POINT ( 'NONE',  ( 2.526315210482164897, -1.342472989646976034, 0.8038257709644850424 ) ) ;
#2343 =( GEOMETRIC_REPRESENTATION_CONTEXT ( 3 ) GLOBAL_UNCERTAINTY_ASSIGNED_CONTEXT ( ( #7922 ) ) GLOBAL_UNIT_ASSIGNED_CONTEXT ( ( #6487, #7517, #7357 ) ) REPRESENTATION_CONTEXT ( 'NONE', 'WORKASPACE' ) );
#2344 = CARTESIAN_POINT ( 'NONE',  ( 0.3932563306956449733, -1.824433846260659964, 2.790000000000000036 ) ) ;
#2345 = UNCERTAINTY_MEASURE_WITH_UNIT (LENGTH_MEASURE( 1.000000000000000082E-05 ), #5186, 'distance_accuracy_value', 'NONE');
#2346 = VERTEX_POINT ( 'NONE', #2252 ) ;
#2347 = EDGE_CURVE ( 'NONE', #9637, #5736, #8074, .T. ) ;
#2348 = VERTEX_POINT ( 'NONE', #4769 ) ;
#2349 = AXIS2_PLACEMENT_3D ( 'NONE', #1139, #8614, #6801 ) ;
#2350 =( NAMED_UNIT ( * ) PLANE_ANGLE_UNIT ( ) SI_UNIT ( $, .RADIAN. ) );
#2351 = ORIENTED_EDGE ( 'NONE', *, *, #4219, .F. ) ;
#2352 =( LENGTH_UNIT ( ) NAMED_UNIT ( * ) SI_UNIT ( .MILLI., .METRE. ) );
#2353 = CARTESIAN_POINT ( 'NONE',  ( -0.1644771634263625104, -0.4999113369544799790, 2.799999999999999822 ) ) ;
#2354 = CARTESIAN_POINT ( 'NONE',  ( -0.1090909090909085999, -1.657379359277499908, 2.790000000000000036 ) ) ;
#2355 = CARTESIAN_POINT ( 'NONE',  ( 2.600000000000000089, -2.799999999999999822, 0.5000000000000000000 ) ) ;
#2356 = FILL_AREA_STYLE ('',( #5622 ) ) ;
#2357 = DIRECTION ( 'NONE',  ( 0.0000000000000000000, -1.000000000000000000, 0.0000000000000000000 ) ) ;
#2358 = CARTESIAN_POINT ( 'NONE',  ( 0.1660045177501129898, 0.5808741237481990227, 2.790000000000000036 ) ) ;
#2359 = AXIS2_PLACEMENT_3D ( 'NONE', #3256, #8167, #10788 ) ;
#2360 = DIRECTION ( 'NONE',  ( 0.7071067811865480168, -0.7071067811865470176, 0.0000000000000000000 ) ) ;
#2361 = ORIENTED_EDGE ( 'NONE', *, *, #2935, .T. ) ;
#2362 = CARTESIAN_POINT ( 'NONE',  ( -2.600000000000000089, -2.000000000000000000, -0.3330127018922190429 ) ) ;
#2363 = CARTESIAN_POINT ( 'NONE',  ( -2.310674057135595483, -1.892726241277430166, 2.121338251216074777 ) ) ;
#2364 = CARTESIAN_POINT ( 'NONE',  ( -2.725209300606874496, -1.971435332985875144, 0.3864410810002315011 ) ) ;
#2365 = FILL_AREA_STYLE_COLOUR ( '', #9019 ) ;
#2366 = CARTESIAN_POINT ( 'NONE',  ( -0.1860053306754375080, -1.606632458938090258, 2.790000000000000036 ) ) ;
#2367 = EDGE_LOOP ( 'NONE', ( #5115, #6962, #6334, #6522 ) ) ;
#2368 = AXIS2_PLACEMENT_3D ( 'NONE', #2196, #5365, #4725 ) ;
#2369 = PRESENTATION_STYLE_ASSIGNMENT (( #9115 ) ) ;
#2370 = LINE ( 'NONE', #4892, #4162 ) ;
#2371 = CARTESIAN_POINT ( 'NONE',  ( 2.611934987625040172, 1.210691280980934037, 0.8038882043570230174 ) ) ;
#2372 = CARTESIAN_POINT ( 'NONE',  ( -2.598382843011219911, 1.862975154420664969, 0.4886533908000749715 ) ) ;
#2373 = CARTESIAN_POINT ( 'NONE',  ( -2.500000000000000000, 2.799999999999999822, 0.5000000000000000000 ) ) ;
#2374 = FACE_OUTER_BOUND ( 'NONE', #8805, .T. ) ;
#2375 =( GEOMETRIC_REPRESENTATION_CONTEXT ( 3 ) GLOBAL_UNCERTAINTY_ASSIGNED_CONTEXT ( ( #10653 ) ) GLOBAL_UNIT_ASSIGNED_CONTEXT ( ( #5617, #4184, #8941 ) ) REPRESENTATION_CONTEXT ( 'NONE', 'WORKASPACE' ) );
#2376 = UNCERTAINTY_MEASURE_WITH_UNIT (LENGTH_MEASURE( 1.000000000000000082E-05 ), #183, 'distance_accuracy_value', 'NONE');
#2377 = CARTESIAN_POINT ( 'NONE',  ( 1.875735931288069924, -2.600000000000000089, 2.700000000000000178 ) ) ;
#2378 = ADVANCED_FACE ( 'NONE', ( #3121 ), #6262, .F. ) ;
#2379 = VERTEX_POINT ( 'NONE', #5417 ) ;
#2380 =( LENGTH_UNIT ( ) NAMED_UNIT ( * ) SI_UNIT ( .MILLI., .METRE. ) );
#2381 = CARTESIAN_POINT ( 'NONE',  ( -2.904993885185030322, -1.314539917868722041, 0.4943224730860890093 ) ) ;
#2382 = ORIENTED_EDGE ( 'NONE', *, *, #3698, .T. ) ;
#2383 = PLANE ( 'NONE',  #3111 ) ;
#2384 = CARTESIAN_POINT ( 'NONE',  ( 0.1518544646982250002, 2.619532199193490118, 2.113405993179249709 ) ) ;
#2385 = STYLED_ITEM ( 'NONE', ( #4436 ), #6184 ) ;
#2386 = CARTESIAN_POINT ( 'NONE',  ( -2.443292956696629492, -2.892897529820669611, 0.5000000000000000000 ) ) ;
#2387 = CARTESIAN_POINT ( 'NONE',  ( -0.2003760547295855010, -2.903740861596030509, 0.4943491809110580060 ) ) ;
#2388 = ORIENTED_EDGE ( 'NONE', *, *, #2073, .F. ) ;
#2389 = CARTESIAN_POINT ( 'NONE',  ( -2.500000000000000000, 2.739709114629715003, 0.5000000000000000000 ) ) ;
#2390 = CARTESIAN_POINT ( 'NONE',  ( 2.390371073983814654, -1.533976070995124896, 0.8037432388302699904 ) ) ;
#2391 = CARTESIAN_POINT ( 'NONE',  ( 2.467983458059688218, -2.579511586261038936, 0.1000000000000000056 ) ) ;
#2392 = PRESENTATION_STYLE_ASSIGNMENT (( #9747 ) ) ;
#2393 = CARTESIAN_POINT ( 'NONE',  ( 2.899999999999999911, 1.310628777465196126, 0.5000000000000000000 ) ) ;
#2394 = CARTESIAN_POINT ( 'NONE',  ( 2.284334593811125025, -1.697116873721620012, 0.8036520721834730097 ) ) ;
#2395 = CARTESIAN_POINT ( 'NONE',  ( 2.866765926474732495, 1.666542591906586823, 0.2992700759372707298 ) ) ;
#2396 = CARTESIAN_POINT ( 'NONE',  ( -2.206728321160199791, -0.8169145276201500439, 1.463173140481283996 ) ) ;
#2397 = FILL_AREA_STYLE_COLOUR ( '', #3433 ) ;
#2398 = PRESENTATION_LAYER_ASSIGNMENT (  '', '', ( #1514 ) ) ;
#2399 = CIRCLE ( 'NONE', #5022, 0.4880257458711900198 ) ;
#2400 = EDGE_CURVE ( 'NONE', #2093, #7184, #2067, .T. ) ;
#2401 = VERTEX_POINT ( 'NONE', #2134 ) ;
#2402 = MECHANICAL_DESIGN_GEOMETRIC_PRESENTATION_REPRESENTATION (  '', ( #3793 ), #7080 ) ;
#2403 = VECTOR ( 'NONE', #9237, 1000.000000000000000 ) ;
#2404 = VERTEX_POINT ( 'NONE', #8780 ) ;
#2405 = COLOUR_RGB ( '',0.8431372549019607865, 0.8156862745098039102, 0.7529411764705882248 ) ;
#2406 =( NAMED_UNIT ( * ) SI_UNIT ( $, .STERADIAN. ) SOLID_ANGLE_UNIT ( ) );
#2407 = CARTESIAN_POINT ( 'NONE',  ( -0.1321134603316792000, -0.5222544662799279980, 2.799999999999999822 ) ) ;
#2408 = CARTESIAN_POINT ( 'NONE',  ( -0.1090909090909091966, 0.5836109004627600960, 2.790000000000000036 ) ) ;
#2409 = DIRECTION ( 'NONE',  ( -0.4999999999999998335, 0.4999999999999998335, 0.7071067811865477948 ) ) ;
#2410 = SURFACE_STYLE_USAGE ( .BOTH. , #9870 ) ;
#2411 = DIRECTION ( 'NONE',  ( 1.000000000000000000, 0.0000000000000000000, 0.0000000000000000000 ) ) ;
#2412 = CARTESIAN_POINT ( 'NONE',  ( 2.399999999999999911, -1.324999999999999956, 0.1000000000000000056 ) ) ;
#2413 = ADVANCED_FACE ( 'NONE', ( #1311 ), #7348, .T. ) ;
#2414 =( GEOMETRIC_REPRESENTATION_CONTEXT ( 3 ) GLOBAL_UNCERTAINTY_ASSIGNED_CONTEXT ( ( #4797 ) ) GLOBAL_UNIT_ASSIGNED_CONTEXT ( ( #6365, #8071, #2302 ) ) REPRESENTATION_CONTEXT ( 'NONE', 'WORKASPACE' ) );
#2415 = MECHANICAL_DESIGN_GEOMETRIC_PRESENTATION_REPRESENTATION (  '', ( #10404 ), #3106 ) ;
#2416 = AXIS2_PLACEMENT_3D ( 'NONE', #2612, #961, #6683 ) ;
#2417 = EDGE_CURVE ( 'NONE', #8945, #7652, #1552, .T. ) ;
#2418 = B_SPLINE_CURVE_WITH_KNOTS ( 'NONE', 3,
 ( #7838, #8888, #5342, #3705, #364, #7125, #6248 ),
 .UNSPECIFIED., .F., .F.,
 ( 4, 1, 1, 1, 4 ),
 ( 0.0000000000000000000, 0.2499999999999303613, 0.4999999999999933942, 0.7500000000000563993, 1.000000000000000000 ),
 .UNSPECIFIED. ) ;
#2419 = CARTESIAN_POINT ( 'NONE',  ( -2.500000000000000000, -2.033521969611439939, 0.1213744663279290037 ) ) ;
#2420 = ORIENTED_EDGE ( 'NONE', *, *, #5629, .F. ) ;
#2421 = CARTESIAN_POINT ( 'NONE',  ( -1.882930494495120177, -2.285425013697805152, 2.119050485311200216 ) ) ;
#2422 = DIRECTION ( 'NONE',  ( 0.0000000000000000000, 0.0000000000000000000, -1.000000000000000000 ) ) ;
#2423 = CARTESIAN_POINT ( 'NONE',  ( 0.5999999999999999778, 0.2668089524108114841, 2.790000000000000036 ) ) ;
#2424 = CONICAL_SURFACE ( 'NONE', #8502, 0.04999999999999991257, 0.7853981633974476129 ) ;
#2425 = CARTESIAN_POINT ( 'NONE',  ( -0.1644771634263619831, -1.621989259032400099, 2.790000000000000036 ) ) ;
#2426 = VECTOR ( 'NONE', #10243, 1000.000000000000000 ) ;
#2427 = VERTEX_POINT ( 'NONE', #10636 ) ;
#2428 = DIRECTION ( 'NONE',  ( -0.5767052871526938684, 0.8169522701909389673, 0.0000000000000000000 ) ) ;
#2429 =( GEOMETRIC_REPRESENTATION_CONTEXT ( 3 ) GLOBAL_UNCERTAINTY_ASSIGNED_CONTEXT ( ( #10320 ) ) GLOBAL_UNIT_ASSIGNED_CONTEXT ( ( #1730, #5965, #6015 ) ) REPRESENTATION_CONTEXT ( 'NONE', 'WORKASPACE' ) );
#2430 = CARTESIAN_POINT ( 'NONE',  ( 2.899083827932119828, 1.446128073294630001, 0.5000000000000000000 ) ) ;
#2431 = CARTESIAN_POINT ( 'NONE',  ( -2.565975415130305137, 1.913777707050509980, 0.4829813417481880200 ) ) ;
#2432 = DIRECTION ( 'NONE',  ( 0.0000000000000000000, 0.0000000000000000000, 1.000000000000000000 ) ) ;
#2433 = EDGE_CURVE ( 'NONE', #4680, #452, #3168, .T. ) ;
#2434 = AXIS2_PLACEMENT_3D ( 'NONE', #8795, #8037, #8737 ) ;
#2435 = CIRCLE ( 'NONE', #1374, 2.328125000000000444 ) ;
#2436 = CARTESIAN_POINT ( 'NONE',  ( -2.500000000007625012, -2.053483384129534794, 0.4999999999980700438 ) ) ;
#2437 = ORIENTED_EDGE ( 'NONE', *, *, #7706, .F. ) ;
#2438 = DIRECTION ( 'NONE',  ( 0.0000000000000000000, 0.0000000000000000000, -1.000000000000000000 ) ) ;
#2439 = CARTESIAN_POINT ( 'NONE',  ( -2.899999999999999911, 0.1201624229538710009, 0.5000000000000000000 ) ) ;
#2440 = ORIENTED_EDGE ( 'NONE', *, *, #189, .F. ) ;
#2441 = DIRECTION ( 'NONE',  ( -1.000000000000000000, 0.0000000000000000000, 0.0000000000000000000 ) ) ;
#2442 = AXIS2_PLACEMENT_3D ( 'NONE', #404, #3749, #4692 ) ;
#2443 = CARTESIAN_POINT ( 'NONE',  ( 1.073638351475279862, 2.630972049977809757, 0.8026895241634198763 ) ) ;
#2444 = DIRECTION ( 'NONE',  ( 0.0000000000000000000, 0.0000000000000000000, 1.000000000000000000 ) ) ;
#2445 = AXIS2_PLACEMENT_3D ( 'NONE', #534, #4527, #3652 ) ;
#2446 = CARTESIAN_POINT ( 'NONE',  ( 1.149999999999999911, -2.979999999999999982, 0.1000000000000000056 ) ) ;
#2447 = EDGE_CURVE ( 'NONE', #1005, #4282, #155, .T. ) ;
#2448 = CARTESIAN_POINT ( 'NONE',  ( 0.3595554346461874995, -1.799669026757134915, 2.799999999999999822 ) ) ;
#2449 = VERTEX_POINT ( 'NONE', #5665 ) ;
#2450 = VECTOR ( 'NONE', #7168, 1000.000000000000000 ) ;
#2451 = CARTESIAN_POINT ( 'NONE',  ( -2.512795384589250336, 2.756836149240934564, 0.4886703376754590877 ) ) ;
#2452 = CARTESIAN_POINT ( 'NONE',  ( 2.731961447277730048, -1.707340751652594912, 0.4829761342675619740 ) ) ;
#2453 = CARTESIAN_POINT ( 'NONE',  ( -0.1463446132156273893, -1.634313628761324910, 2.790000000000000036 ) ) ;
#2454 = CARTESIAN_POINT ( 'NONE',  ( 1.149999999999999911, 3.010000000000000231, 0.09000000000000001055 ) ) ;
#2455 =( NAMED_UNIT ( * ) PLANE_ANGLE_UNIT ( ) SI_UNIT ( $, .RADIAN. ) );
#2456 = CARTESIAN_POINT ( 'NONE',  ( 2.882338975574755047, 1.486998174595735911, 0.5000000000000000000 ) ) ;
#2457 = CARTESIAN_POINT ( 'NONE',  ( 2.514037242765595259, -1.975255626417655064, 0.5000000000000000000 ) ) ;
#2458 = ORIENTED_EDGE ( 'NONE', *, *, #63, .F. ) ;
#2459 = CARTESIAN_POINT ( 'NONE',  ( 0.1633928571428575061, -1.661762476160615121, 2.799999999999999822 ) ) ;
#2460 = CARTESIAN_POINT ( 'NONE',  ( -2.805472533785889677, -1.594079699666315131, 0.4943245643934510158 ) ) ;
#2461 = PLANE ( 'NONE',  #7597 ) ;
#2462 = ADVANCED_FACE ( 'NONE', ( #4879 ), #4151, .T. ) ;
#2463 = ORIENTED_EDGE ( 'NONE', *, *, #9864, .T. ) ;
#2464 = FACE_BOUND ( 'NONE', #10116, .T. ) ;
#2465 = ORIENTED_EDGE ( 'NONE', *, *, #2161, .T. ) ;
#2466 = MECHANICAL_DESIGN_GEOMETRIC_PRESENTATION_REPRESENTATION (  '', ( #10110 ), #14 ) ;
#2467 = DIRECTION ( 'NONE',  ( 0.0000000000000000000, 0.0000000000000000000, 1.000000000000000000 ) ) ;
#2468 =( NAMED_UNIT ( * ) PLANE_ANGLE_UNIT ( ) SI_UNIT ( $, .RADIAN. ) );
#2469 = DIRECTION ( 'NONE',  ( 0.0000000000000000000, 0.0000000000000000000, 1.000000000000000000 ) ) ;
#2470 = VECTOR ( 'NONE', #4182, 1000.000000000000000 ) ;
#2471 = DIRECTION ( 'NONE',  ( -0.4999999999999995004, -0.4999999999999995004, 0.7071067811865483499 ) ) ;
#2472 = CARTESIAN_POINT ( 'NONE',  ( -3.000000000000000000, -2.550000000000000266, 0.1000000000000000056 ) ) ;
#2473 = ORIENTED_EDGE ( 'NONE', *, *, #4540, .F. ) ;
#2474 = CARTESIAN_POINT ( 'NONE',  ( 2.499999999990374810, 2.813619399653314979, 0.5000000000000000000 ) ) ;
#2475 = CARTESIAN_POINT ( 'NONE',  ( -2.449665983308060291, -2.902220160431995044, 0.4943369222420849751 ) ) ;
#2476 = EDGE_CURVE ( 'NONE', #208, #7540, #8283, .T. ) ;
#2477 = CARTESIAN_POINT ( 'NONE',  ( -2.712250853519159843, -1.960647987781864776, 0.3864410810002315011 ) ) ;
#2478 =( NAMED_UNIT ( * ) SI_UNIT ( $, .STERADIAN. ) SOLID_ANGLE_UNIT ( ) );
#2479 = ORIENTED_EDGE ( 'NONE', *, *, #926, .F. ) ;
#2480 = CARTESIAN_POINT ( 'NONE',  ( 2.733725019829480463, 1.705128525543810003, 0.4829760220888639766 ) ) ;
#2481 = CARTESIAN_POINT ( 'NONE',  ( -2.899459980405740378, 1.443475806096920167, 0.5000000000000000000 ) ) ;
#2482 = CARTESIAN_POINT ( 'NONE',  ( -2.307797728255124969, 2.004042074047625022, 0.7500000000000000000 ) ) ;
#2483 = UNCERTAINTY_MEASURE_WITH_UNIT (LENGTH_MEASURE( 1.000000000000000082E-05 ), #6689, 'distance_accuracy_value', 'NONE');
#2484 = CARTESIAN_POINT ( 'NONE',  ( -0.1210968959524503924, 0.5933136864792570853, 2.799999999999999822 ) ) ;
#2485 = VERTEX_POINT ( 'NONE', #3220 ) ;
#2486 = DIRECTION ( 'NONE',  ( 0.0000000000000000000, -1.000000000000000000, 0.0000000000000000000 ) ) ;
#2487 = CARTESIAN_POINT ( 'NONE',  ( -2.718260478411365089, -0.3028946391765839907, 0.8041892780953360242 ) ) ;
#2488 = ADVANCED_FACE ( 'NONE', ( #9872, #807 ), #3274, .F. ) ;
#2489 = EDGE_LOOP ( 'NONE', ( #4275, #1267, #1276, #4209 ) ) ;
#2490 = CARTESIAN_POINT ( 'NONE',  ( -2.700000000000000178, 2.500000000000000000, 2.799999999999999822 ) ) ;
#2491 = CARTESIAN_POINT ( 'NONE',  ( -0.4658324884678129996, 2.750000000000000000, 2.399999999999999911 ) ) ;
#2492 = LINE ( 'NONE', #7488, #7141 ) ;
#2493 = CARTESIAN_POINT ( 'NONE',  ( -1.588531752039365141, -2.538022571383184545, 0.8028957528905910079 ) ) ;
#2494 = LINE ( 'NONE', #5802, #8027 ) ;
#2495 = ORIENTED_EDGE ( 'NONE', *, *, #4339, .T. ) ;
#2496 = FACE_OUTER_BOUND ( 'NONE', #5382, .T. ) ;
#2497 = CARTESIAN_POINT ( 'NONE',  ( -2.515591799687585173, 2.037614573683174779, 0.4829849584953290198 ) ) ;
#2498 = EDGE_CURVE ( 'NONE', #1236, #4955, #865, .T. ) ;
#2499 = CARTESIAN_POINT ( 'NONE',  ( 2.652116407931450315, -1.500613362403170115, 2.123507352947485050 ) ) ;
#2500 = CARTESIAN_POINT ( 'NONE',  ( 0.1660045177501129898, -0.5412037983297230959, 2.799999999999999822 ) ) ;
#2501 = DIRECTION ( 'NONE',  ( 1.000000000000000000, 0.0000000000000000000, 0.0000000000000000000 ) ) ;
#2502 = CARTESIAN_POINT ( 'NONE',  ( 2.700762448289840467, 1.320183461661259994, 2.124324567300089672 ) ) ;
#2503 = CARTESIAN_POINT ( 'NONE',  ( 2.808740823943329801, -1.601021308698054924, 0.4886492372910660187 ) ) ;
#2504 = SURFACE_STYLE_USAGE ( .BOTH. , #4137 ) ;
#2505 = CARTESIAN_POINT ( 'NONE',  ( -3.000000000000000000, -1.597397890880380089, 2.399999999999999911 ) ) ;
#2506 = MECHANICAL_DESIGN_GEOMETRIC_PRESENTATION_REPRESENTATION (  '', ( #9057 ), #8547 ) ;
#2507 = CARTESIAN_POINT ( 'NONE',  ( 2.999630619546635124, -1.641312997385570016, 2.399999999999999911 ) ) ;
#2508 = ORIENTED_EDGE ( 'NONE', *, *, #5778, .F. ) ;
#2509 = EDGE_CURVE ( 'NONE', #7999, #1712, #3477, .T. ) ;
#2510 = SURFACE_SIDE_STYLE ('',( #4089 ) ) ;
#2511 = DIRECTION ( 'NONE',  ( 0.0000000000000000000, 0.0000000000000000000, -1.000000000000000000 ) ) ;
#2512 = CARTESIAN_POINT ( 'NONE',  ( 2.806066017177979877, -1.731801948466054952, 2.700000000000000178 ) ) ;
#2513 = CARTESIAN_POINT ( 'NONE',  ( 4.141705384294900639E-17, -2.903740861596030509, 0.4943491809110580060 ) ) ;
#2514 = VECTOR ( 'NONE', #1746, 1000.000000000000000 ) ;
#2515 = DIRECTION ( 'NONE',  ( 0.0000000000000000000, 1.000000000000000000, 0.0000000000000000000 ) ) ;
#2516 = CARTESIAN_POINT ( 'NONE',  ( 0.3282910536466944751, 0.4670829541148799890, 2.790000000000000036 ) ) ;
#2517 = LINE ( 'NONE', #10747, #3927 ) ;
#2518 = ORIENTED_EDGE ( 'NONE', *, *, #5494, .T. ) ;
#2519 = CARTESIAN_POINT ( 'NONE',  ( -2.399999999999999911, 2.799999999999999822, 0.5000000000000000000 ) ) ;
#2520 = CARTESIAN_POINT ( 'NONE',  ( -2.434576125300119909, -2.927824506971495211, 0.4830115411772339939 ) ) ;
#2521 = LINE ( 'NONE', #3228, #811 ) ;
#2522 = CARTESIAN_POINT ( 'NONE',  ( -2.579999999999999627, 2.799999999999999822, 0.1000000000000000056 ) ) ;
#2523 = CARTESIAN_POINT ( 'NONE',  ( -0.1141190710410199954, -1.655514509019274882, 2.790000000000000036 ) ) ;
#2524 = ORIENTED_EDGE ( 'NONE', *, *, #4761, .F. ) ;
#2525 = DIRECTION ( 'NONE',  ( -1.000000000000000000, -1.224646799147353207E-16, 0.0000000000000000000 ) ) ;
#2526 = CARTESIAN_POINT ( 'NONE',  ( -0.5999999999999999778, 0.9418089524108110844, 2.799999999999999822 ) ) ;
#2527 = CARTESIAN_POINT ( 'NONE',  ( 2.899999999999999911, 1.435405267612604119, 0.5000000000000000000 ) ) ;
#2528 = CARTESIAN_POINT ( 'NONE',  ( -2.895905257019049994, 1.460134059251072092, 0.5000000000000000000 ) ) ;
#2529 = PRESENTATION_LAYER_ASSIGNMENT (  '', '', ( #70 ) ) ;
#2530 = FILL_AREA_STYLE ('',( #4170 ) ) ;
#2531 = EDGE_CURVE ( 'NONE', #9811, #7043, #6934, .T. ) ;
#2532 = CARTESIAN_POINT ( 'NONE',  ( 2.799999999999999822, -1.429843788128356108, 0.5000000000000000000 ) ) ;
#2533 = VECTOR ( 'NONE', #4434, 1000.000000000000000 ) ;
#2534 = ORIENTED_EDGE ( 'NONE', *, *, #2641, .F. ) ;
#2535 = CARTESIAN_POINT ( 'NONE',  ( -2.718847230583870012, -1.198420039273518034, 2.124740168218135050 ) ) ;
#2536 = CARTESIAN_POINT ( 'NONE',  ( 0.1693741817512275094, 0.5858780871201740847, 2.790000000000000036 ) ) ;
#2537 = ORIENTED_EDGE ( 'NONE', *, *, #999, .T. ) ;
#2538 = FACE_OUTER_BOUND ( 'NONE', #7822, .T. ) ;
#2539 = CARTESIAN_POINT ( 'NONE',  ( -1.771433112894994943, 2.342623441195904821, 2.118608285025409543 ) ) ;
#2540 = CARTESIAN_POINT ( 'NONE',  ( -0.1090909090909085999, -1.660544943693085029, 2.799999999999999822 ) ) ;
#2541 = CARTESIAN_POINT ( 'NONE',  ( 2.450783891162832795, 1.374438523937591805, 0.1000000000000000333 ) ) ;
#2542 = STYLED_ITEM ( 'NONE', ( #7653 ), #5997 ) ;
#2543 = EDGE_CURVE ( 'NONE', #918, #2757, #5775, .T. ) ;
#2544 = ORIENTED_EDGE ( 'NONE', *, *, #583, .T. ) ;
#2545 = CARTESIAN_POINT ( 'NONE',  ( -2.307797728255124969, 2.004042074047625022, 0.7500000000000000000 ) ) ;
#2546 = EDGE_CURVE ( 'NONE', #2648, #4508, #7509, .T. ) ;
#2547 = CARTESIAN_POINT ( 'NONE',  ( -1.951039453240539956, 1.262055402758589961, 1.460533545290109814 ) ) ;
#2548 = ORIENTED_EDGE ( 'NONE', *, *, #1398, .F. ) ;
#2549 = PRESENTATION_LAYER_ASSIGNMENT (  '', '', ( #8116 ) ) ;
#2550 = CARTESIAN_POINT ( 'NONE',  ( -0.1337711258411727888, -1.675716157498960079, 2.799999999999999822 ) ) ;
#2551 = CARTESIAN_POINT ( 'NONE',  ( 0.1825647064104334860, -0.5517567571589410136, 2.799999999999999822 ) ) ;
#2552 = CARTESIAN_POINT ( 'NONE',  ( -2.414282326247679578, -2.004042074047625022, 0.7500000000000000000 ) ) ;
#2553 = CARTESIAN_POINT ( 'NONE',  ( 2.514130216683039709, 1.974957799317885065, 0.5000000000000000000 ) ) ;
#2554 = CARTESIAN_POINT ( 'NONE',  ( 2.695291017517814858, -1.376455337656459887, 2.124152871970274692 ) ) ;
#2555 = VERTEX_POINT ( 'NONE', #8949 ) ;
#2556 = CARTESIAN_POINT ( 'NONE',  ( 0.02897727272727309775, -1.756973515121655005, 2.799999999999999822 ) ) ;
#2557 = CARTESIAN_POINT ( 'NONE',  ( -2.553008507226334878, -1.898661260031260012, 0.5000000000000000000 ) ) ;
#2558 = LINE ( 'NONE', #904, #974 ) ;
#2559 = VECTOR ( 'NONE', #9654, 1000.000000000000000 ) ;
#2560 = ORIENTED_EDGE ( 'NONE', *, *, #3573, .F. ) ;
#2561 = DIRECTION ( 'NONE',  ( 0.0000000000000000000, 0.0000000000000000000, 1.000000000000000000 ) ) ;
#2562 = CARTESIAN_POINT ( 'NONE',  ( 2.893771002742774989, -1.482480220419569950, 0.4943237931295780263 ) ) ;
#2563 = CARTESIAN_POINT ( 'NONE',  ( 1.325537781016600025, -2.471451082076490113, 2.116457169508190184 ) ) ;
#2564 =( GEOMETRIC_REPRESENTATION_CONTEXT ( 3 ) GLOBAL_UNCERTAINTY_ASSIGNED_CONTEXT ( ( #9989 ) ) GLOBAL_UNIT_ASSIGNED_CONTEXT ( ( #9282, #7591, #6818 ) ) REPRESENTATION_CONTEXT ( 'NONE', 'WORKASPACE' ) );
#2565 = CARTESIAN_POINT ( 'NONE',  ( -3.000000000000000000, -1.429843788128356108, 0.5000000000000000000 ) ) ;
#2566 = FILL_AREA_STYLE ('',( #1488 ) ) ;
#2567 = FACE_OUTER_BOUND ( 'NONE', #1466, .T. ) ;
#2568 = EDGE_CURVE ( 'NONE', #5795, #8035, #5053, .T. ) ;
#2569 = CARTESIAN_POINT ( 'NONE',  ( -2.500000000000000000, -2.005518596592615221, 0.2169440134087630145 ) ) ;
#2570 = VERTEX_POINT ( 'NONE', #204 ) ;
#2571 =( LENGTH_UNIT ( ) NAMED_UNIT ( * ) SI_UNIT ( .MILLI., .METRE. ) );
#2572 = CARTESIAN_POINT ( 'NONE',  ( -1.325537780864512127, -2.471451082028345070, 2.116457169503690228 ) ) ;
#2573 = DIRECTION ( 'NONE',  ( -0.3420201433256694901, 0.0000000000000000000, -0.9396926207859080948 ) ) ;
#2574 = DIRECTION ( 'NONE',  ( 1.000000000000000000, 0.0000000000000000000, 0.0000000000000000000 ) ) ;
#2575 = EDGE_LOOP ( 'NONE', ( #113, #3497, #3664, #9526 ) ) ;
#2576 = DIRECTION ( 'NONE',  ( 0.0000000000000000000, 0.0000000000000000000, 1.000000000000000000 ) ) ;
#2577 = CARTESIAN_POINT ( 'NONE',  ( 2.852797454255475262, 1.523925076244829979, 0.5000000000000000000 ) ) ;
#2578 =( GEOMETRIC_REPRESENTATION_CONTEXT ( 3 ) GLOBAL_UNCERTAINTY_ASSIGNED_CONTEXT ( ( #8052 ) ) GLOBAL_UNIT_ASSIGNED_CONTEXT ( ( #7015, #4589, #2834 ) ) REPRESENTATION_CONTEXT ( 'NONE', 'WORKASPACE' ) );
#2579 = CARTESIAN_POINT ( 'NONE',  ( -2.695291017514599652, 1.376455337658559985, 2.124152871970504730 ) ) ;
#2580 = COLOUR_RGB ( '',0.7686274509803920907, 0.7686274509803920907, 0.7686274509803920907 ) ;
#2581 = CARTESIAN_POINT ( 'NONE',  ( -2.314375032344110128, 2.039010067331069820, 0.7357384869380750869 ) ) ;
#2582 = UNCERTAINTY_MEASURE_WITH_UNIT (LENGTH_MEASURE( 1.000000000000000082E-05 ), #4432, 'distance_accuracy_value', 'NONE');
#2583 = DIRECTION ( 'NONE',  ( 1.000000000000000000, 2.168404344971008237E-14, 0.0000000000000000000 ) ) ;
#2584 = VECTOR ( 'NONE', #8005, 1000.000000000000000 ) ;
#2585 = CIRCLE ( 'NONE', #6748, 0.3663861604223290214 ) ;
#2586 = ORIENTED_EDGE ( 'NONE', *, *, #5336, .F. ) ;
#2587 = SURFACE_SIDE_STYLE ('',( #6709 ) ) ;
#2588 = STYLED_ITEM ( 'NONE', ( #3819 ), #1769 ) ;
#2589 = CARTESIAN_POINT ( 'NONE',  ( -2.858060408214860182, -1.528495261797659932, 0.4943240645997470928 ) ) ;
#2590 =( LENGTH_UNIT ( ) NAMED_UNIT ( * ) SI_UNIT ( .MILLI., .METRE. ) );
#2591 = ORIENTED_EDGE ( 'NONE', *, *, #7666, .T. ) ;
#2592 = CARTESIAN_POINT ( 'NONE',  ( -2.202783587066335258, 2.899999999999999911, 0.5000000000000000000 ) ) ;
#2593 = CARTESIAN_POINT ( 'NONE',  ( 2.474345596219860166, 1.449999999999999956, 0.1000000000000000056 ) ) ;
#2594 = VECTOR ( 'NONE', #9663, 1000.000000000000000 ) ;
#2595 = STYLED_ITEM ( 'NONE', ( #1089 ), #2212 ) ;
#2596 = ORIENTED_EDGE ( 'NONE', *, *, #7666, .F. ) ;
#2597 = CARTESIAN_POINT ( 'NONE',  ( -2.311246100620670152, 1.990324955447484889, 0.7482992546293699698 ) ) ;
#2598 = CARTESIAN_POINT ( 'NONE',  ( -2.750555127830119684, 1.999444872169884979, 2.399999999999999911 ) ) ;
#2599 = ORIENTED_EDGE ( 'NONE', *, *, #10527, .T. ) ;
#2600 = CARTESIAN_POINT ( 'NONE',  ( 2.597577402033925065, -2.541838924080060291, 0.1101784073421051974 ) ) ;
#2601 = VECTOR ( 'NONE', #9156, 1000.000000000000000 ) ;
#2602 = CARTESIAN_POINT ( 'NONE',  ( 0.2502590124535895022, -0.5988679033182549016, 2.790000000000000036 ) ) ;
#2603 = CARTESIAN_POINT ( 'NONE',  ( -2.912132034355964905, 1.837867965644034873, 2.399999999999999911 ) ) ;
#2604 = CARTESIAN_POINT ( 'NONE',  ( 2.518416291552400210, 1.980156952111710167, 0.4943278632905900860 ) ) ;
#2605 = CARTESIAN_POINT ( 'NONE',  ( 2.689425209650880166, -1.400377206542430031, 2.124037374031489733 ) ) ;
#2606 = PLANE ( 'NONE',  #9742 ) ;
#2607 = CARTESIAN_POINT ( 'NONE',  ( -2.513553308446850210, -2.148726931620049907, 0.4829880334566889477 ) ) ;
#2608 = DIRECTION ( 'NONE',  ( 0.0000000000000000000, 0.0000000000000000000, -1.000000000000000000 ) ) ;
#2609 = EDGE_CURVE ( 'NONE', #10186, #10771, #7290, .T. ) ;
#2610 = VERTEX_POINT ( 'NONE', #6688 ) ;
#2611 = CARTESIAN_POINT ( 'NONE',  ( 2.102119455241964641, -2.393819978626235301, 0.8031671104342770207 ) ) ;
#2612 = CARTESIAN_POINT ( 'NONE',  ( -2.500000000000000000, 2.000000000000000000, 0.9130914106034929700 ) ) ;
#2613 = EDGE_CURVE ( 'NONE', #1430, #8028, #5033, .T. ) ;
#2614 = CARTESIAN_POINT ( 'NONE',  ( -2.635954822247849272, -2.004042074978013677, 0.3864410810002315011 ) ) ;
#2615 = CARTESIAN_POINT ( 'NONE',  ( -1.149999999999999911, -2.979999999999999982, 0.1200000000000000094 ) ) ;
#2616 = CARTESIAN_POINT ( 'NONE',  ( 2.633110891514930163, -1.092817963788802027, 0.8039324380369829992 ) ) ;
#2617 = CARTESIAN_POINT ( 'NONE',  ( 1.712896288278569878, -2.750000000000000000, 2.399999999999999911 ) ) ;
#2618 = SURFACE_STYLE_USAGE ( .BOTH. , #7780 ) ;
#2619 = LINE ( 'NONE', #8558, #1102 ) ;
#2620 = DIRECTION ( 'NONE',  ( 0.0000000000000000000, 0.0000000000000000000, 1.000000000000000000 ) ) ;
#2621 = VECTOR ( 'NONE', #2096, 999.9999999999998863 ) ;
#2622 = CARTESIAN_POINT ( 'NONE',  ( 0.1722171299342409867, 0.5772601490634609034, 2.799999999999999822 ) ) ;
#2623 = ORIENTED_EDGE ( 'NONE', *, *, #10626, .T. ) ;
#2624 = SURFACE_STYLE_USAGE ( .BOTH. , #4370 ) ;
#2625 = CARTESIAN_POINT ( 'NONE',  ( -1.588531752039365141, -2.538022571383184545, 0.8028957528905910079 ) ) ;
#2626 =( GEOMETRIC_REPRESENTATION_CONTEXT ( 3 ) GLOBAL_UNCERTAINTY_ASSIGNED_CONTEXT ( ( #4125 ) ) GLOBAL_UNIT_ASSIGNED_CONTEXT ( ( #8633, #9612, #4613 ) ) REPRESENTATION_CONTEXT ( 'NONE', 'WORKASPACE' ) );
#2627 = CARTESIAN_POINT ( 'NONE',  ( -0.2345856926139839871, 0.4988310055543719868, 2.790000000000000036 ) ) ;
#2628 = SURFACE_SIDE_STYLE ('',( #6756 ) ) ;
#2629 = EDGE_CURVE ( 'NONE', #9179, #8943, #7620, .T. ) ;
#2630 = LINE ( 'NONE', #3502, #6370 ) ;
#2631 = FILL_AREA_STYLE ('',( #8513 ) ) ;
#2632 = SURFACE_STYLE_FILL_AREA ( #4263 ) ;
#2633 = CARTESIAN_POINT ( 'NONE',  ( 2.522702366421759823, 1.985356104905535490, 0.4886557265811799500 ) ) ;
#2634 = CARTESIAN_POINT ( 'NONE',  ( -3.000000000000000000, 1.630460131675739888, 2.399999999999999911 ) ) ;
#2635 = CARTESIAN_POINT ( 'NONE',  ( -2.635954822247848828, 2.004042073117235923, 0.3864410810002313901 ) ) ;
#2636 = EDGE_LOOP ( 'NONE', ( #3127, #2147, #5183, #5895 ) ) ;
#2637 = FILL_AREA_STYLE ('',( #1813 ) ) ;
#2638 = CARTESIAN_POINT ( 'NONE',  ( -2.909811549738254843, -1.454923861597879897, 0.4886469048143810001 ) ) ;
#2639 = CARTESIAN_POINT ( 'NONE',  ( -2.456263056706776471, 1.387452280889771794, 0.1000000000000000333 ) ) ;
#2640 = CARTESIAN_POINT ( 'NONE',  ( 0.1633928571428569787, 0.5823933679952270071, 2.790000000000000036 ) ) ;
#2641 = EDGE_CURVE ( 'NONE', #7100, #1957, #2782, .T. ) ;
#2642 = ORIENTED_EDGE ( 'NONE', *, *, #4642, .T. ) ;
#2643 = CARTESIAN_POINT ( 'NONE',  ( -2.474268881899800210, 2.870371900546480060, 0.5000000000000000000 ) ) ;
#2644 = CARTESIAN_POINT ( 'NONE',  ( 2.467983458059682000, 1.420488413738929534, 0.1000000000000000333 ) ) ;
#2645 = EDGE_LOOP ( 'NONE', ( #9714, #6823, #7115, #7025 ) ) ;
#2646 = CARTESIAN_POINT ( 'NONE',  ( -1.990086586843860195, 1.210049061881236065, 1.461183922150405934 ) ) ;
#2647 = ORIENTED_EDGE ( 'NONE', *, *, #327, .F. ) ;
#2648 = VERTEX_POINT ( 'NONE', #1078 ) ;
#2649 = CARTESIAN_POINT ( 'NONE',  ( 0.4684256701484629803, -0.7578945698828639665, 2.790000000000000036 ) ) ;
#2650 = SURFACE_SIDE_STYLE ('',( #850 ) ) ;
#2651 = DIRECTION ( 'NONE',  ( 1.000000000000000000, 0.0000000000000000000, 0.0000000000000000000 ) ) ;
#2652 = CARTESIAN_POINT ( 'NONE',  ( 2.458671371098894998, 1.439077585058572195, 0.8037871167113699311 ) ) ;
#2653 = CARTESIAN_POINT ( 'NONE',  ( 2.601019822355705280, -1.232665626328331987, 0.8038699641218449710 ) ) ;
#2654 = CARTESIAN_POINT ( 'NONE',  ( 1.875735931288069924, 2.750000000000000000, 2.700000000000000178 ) ) ;
#2655 = CARTESIAN_POINT ( 'NONE',  ( -2.533492427778849976, -1.929351531069035008, 0.5000000000000000000 ) ) ;
#2656 = DIRECTION ( 'NONE',  ( -0.8169522701909389673, -0.5767052871526938684, 0.0000000000000000000 ) ) ;
#2657 = ADVANCED_FACE ( 'NONE', ( #6033 ), #4250, .T. ) ;
#2658 = ORIENTED_EDGE ( 'NONE', *, *, #5089, .T. ) ;
#2659 = CARTESIAN_POINT ( 'NONE',  ( 2.422107746012069907, 2.909274835657329916, 0.4943371803921259855 ) ) ;
#2660 = CARTESIAN_POINT ( 'NONE',  ( 0.9278325049507391009, -2.750000000000000000, 2.399999999999999911 ) ) ;
#2661 =( NAMED_UNIT ( * ) SI_UNIT ( $, .STERADIAN. ) SOLID_ANGLE_UNIT ( ) );
#2662 = CARTESIAN_POINT ( 'NONE',  ( -0.1670664863060850047, -0.5757764627325210327, 2.790000000000000036 ) ) ;
#2663 = CARTESIAN_POINT ( 'NONE',  ( 2.702598219227865251, -1.350167445882231920, 2.124287315192399994 ) ) ;
#2664 = CARTESIAN_POINT ( 'NONE',  ( 2.123471498661899659, -2.374384901287365235, 0.8031879479378130071 ) ) ;
#2665 =( NAMED_UNIT ( * ) SI_UNIT ( $, .STERADIAN. ) SOLID_ANGLE_UNIT ( ) );
#2666 = CARTESIAN_POINT ( 'NONE',  ( 0.02897727272727265019, 0.4871823290341880108, 2.790000000000000036 ) ) ;
#2667 = EDGE_CURVE ( 'NONE', #8491, #5211, #6743, .T. ) ;
#2668 = CARTESIAN_POINT ( 'NONE',  ( 0.5999999999999999778, -1.047639099537239993, 2.799999999999999822 ) ) ;
#2669 = ORIENTED_EDGE ( 'NONE', *, *, #5556, .T. ) ;
#2670 = COLOUR_RGB ( '',0.8431372549019607865, 0.8156862745098039102, 0.7529411764705882248 ) ;
#2671 = DIRECTION ( 'NONE',  ( 1.000000000000000000, 0.0000000000000000000, 0.0000000000000000000 ) ) ;
#2672 = EDGE_CURVE ( 'NONE', #10444, #10640, #6092, .T. ) ;
#2673 = CARTESIAN_POINT ( 'NONE',  ( 0.0000000000000000000, -2.495562771045445327, 1.449528787345573999 ) ) ;
#2674 = DIRECTION ( 'NONE',  ( 1.000000000000000000, 0.0000000000000000000, 0.0000000000000000000 ) ) ;
#2675 = CARTESIAN_POINT ( 'NONE',  ( -0.1090909090909091966, 0.5836109004627600960, 2.790000000000000036 ) ) ;
#2676 = LINE ( 'NONE', #8671, #8091 ) ;
#2677 = DIRECTION ( 'NONE',  ( 0.0000000000000000000, 0.0000000000000000000, -1.000000000000000000 ) ) ;
#2678 = DIRECTION ( 'NONE',  ( 1.000000000000000000, 3.203166744464219909E-16, 0.0000000000000000000 ) ) ;
#2679 = DIRECTION ( 'NONE',  ( 2.794185464660628665E-16, 1.000000000000000000, 0.0000000000000000000 ) ) ;
#2680 = CARTESIAN_POINT ( 'NONE',  ( 2.902182749312355536, 1.847817250687644908, 2.399999999999999911 ) ) ;
#2681 = CARTESIAN_POINT ( 'NONE',  ( -2.701300487360605018, 1.354856304323442062, 2.124260640532609656 ) ) ;
#2682 = CARTESIAN_POINT ( 'NONE',  ( -2.317184810661029992, 2.043184430979715138, 0.7316541192847570985 ) ) ;
#2683 = TOROIDAL_SURFACE ( 'NONE', #1106, 0.1800000000000000211, 0.02000000000000000042 ) ;
#2684 = CARTESIAN_POINT ( 'NONE',  ( -2.723638928019314509, 1.969684563528945054, 0.3864410810002315011 ) ) ;
#2685 = ORIENTED_EDGE ( 'NONE', *, *, #461, .F. ) ;
#2686 = DIRECTION ( 'NONE',  ( 0.0000000000000000000, 0.0000000000000000000, -1.000000000000000000 ) ) ;
#2687 = CARTESIAN_POINT ( 'NONE',  ( -2.887694824517274661, -1.491532136602929937, 0.4943237783707319921 ) ) ;
#2688 = CARTESIAN_POINT ( 'NONE',  ( -2.448022212396136155, -1.368606470606791081, 0.09999999999999997780 ) ) ;
#2689 = CARTESIAN_POINT ( 'NONE',  ( -0.1141190710410202036, 0.5886413351365709090, 2.799999999999999822 ) ) ;
#2690 = EDGE_LOOP ( 'NONE', ( #342, #7109, #6025, #5261 ) ) ;
#2691 = CARTESIAN_POINT ( 'NONE',  ( -2.494560730732469978, 2.838995741592555078, 0.5000000000000000000 ) ) ;
#2692 = DIRECTION ( 'NONE',  ( -1.000000000000000000, 0.0000000000000000000, 0.0000000000000000000 ) ) ;
#2693 = PLANE ( 'NONE',  #1164 ) ;
#2694 = ADVANCED_FACE ( 'NONE', ( #92 ), #8606, .T. ) ;
#2695 =( LENGTH_UNIT ( ) NAMED_UNIT ( * ) SI_UNIT ( .MILLI., .METRE. ) );
#2696 = ORIENTED_EDGE ( 'NONE', *, *, #2052, .T. ) ;
#2697 = CARTESIAN_POINT ( 'NONE',  ( -2.598382843011219911, 1.862975154420664969, 0.4886533908000749715 ) ) ;
#2698 = ORIENTED_EDGE ( 'NONE', *, *, #4822, .F. ) ;
#2699 = VERTEX_POINT ( 'NONE', #5405 ) ;
#2700 = CARTESIAN_POINT ( 'NONE',  ( 0.2296077742320664916, -0.5837991298365350357, 2.790000000000000036 ) ) ;
#2701 = CARTESIAN_POINT ( 'NONE',  ( 0.1825647064104334860, -0.5517567571589410136, 2.790000000000000036 ) ) ;
#2702 = FACE_OUTER_BOUND ( 'NONE', #6159, .T. ) ;
#2703 = CARTESIAN_POINT ( 'NONE',  ( 2.522702366421759823, 1.985356104905535490, 0.4886557265811799500 ) ) ;
#2704 = CARTESIAN_POINT ( 'NONE',  ( 2.909970829434239903, -1.317435189232569970, 0.4886452522682510069 ) ) ;
#2705 = AXIS2_PLACEMENT_3D ( 'NONE', #6936, #4448, #9287 ) ;
#2706 = DIRECTION ( 'NONE',  ( -1.000000000000000000, 0.0000000000000000000, 0.0000000000000000000 ) ) ;
#2707 = CARTESIAN_POINT ( 'NONE',  ( -2.518416291552365127, -1.980156952111625124, 0.4943278632907910919 ) ) ;
#2708 = DIRECTION ( 'NONE',  ( -1.000000000000000000, 0.0000000000000000000, 0.0000000000000000000 ) ) ;
#2709 =( GEOMETRIC_REPRESENTATION_CONTEXT ( 3 ) GLOBAL_UNCERTAINTY_ASSIGNED_CONTEXT ( ( #7366 ) ) GLOBAL_UNIT_ASSIGNED_CONTEXT ( ( #10262, #9487, #7697 ) ) REPRESENTATION_CONTEXT ( 'NONE', 'WORKASPACE' ) );
#2710 = ORIENTED_EDGE ( 'NONE', *, *, #1638, .T. ) ;
#2711 = CARTESIAN_POINT ( 'NONE',  ( 1.888842569823995010, 2.750000000000000000, 2.399999999999999911 ) ) ;
#2712 = CARTESIAN_POINT ( 'NONE',  ( 1.813745466222654867, -2.913523276463890088, 0.4886839822517020093 ) ) ;
#2713 =( NAMED_UNIT ( * ) SI_UNIT ( $, .STERADIAN. ) SOLID_ANGLE_UNIT ( ) );
#2714 = CARTESIAN_POINT ( 'NONE',  ( -0.5999999999999999778, 1.134179082280940110, 2.799999999999999822 ) ) ;
#2715 = LINE ( 'NONE', #5930, #5654 ) ;
#2716 = CARTESIAN_POINT ( 'NONE',  ( 2.914956244151360121, -1.321479869838443788, 0.4829678784023770377 ) ) ;
#2717 = CARTESIAN_POINT ( 'NONE',  ( 1.817800887793604936, -2.920284914695834733, 0.4830259733775519870 ) ) ;
#2718 = CARTESIAN_POINT ( 'NONE',  ( 2.500000000000000000, -2.799999999999999822, 0.5000000000000000000 ) ) ;
#2719 = ADVANCED_FACE ( 'NONE', ( #1357 ), #8174, .T. ) ;
#2720 = CARTESIAN_POINT ( 'NONE',  ( 0.1693741817512275094, -0.5361998349577480338, 2.799999999999999822 ) ) ;
#2721 = AXIS2_PLACEMENT_3D ( 'NONE', #2080, #9591, #2013 ) ;
#2723 = DIRECTION ( 'NONE',  ( 0.0000000000000000000, 0.0000000000000000000, 1.000000000000000000 ) ) ;
#2722 = APPLICATION_CONTEXT ( 'automotive_design' ) ;
#2724 = DIRECTION ( 'NONE',  ( -0.8104513319715728192, 0.5858059734293459275, 0.0000000000000000000 ) ) ;
#2725 = ORIENTED_EDGE ( 'NONE', *, *, #2851, .F. ) ;
#2726 = PRESENTATION_STYLE_ASSIGNMENT (( #9426 ) ) ;
#2727 = CARTESIAN_POINT ( 'NONE',  ( -1.875735931288069924, 2.500000000000000000, 2.799999999999999822 ) ) ;
#2728 = CIRCLE ( 'NONE', #8827, 0.2999999999999999334 ) ;
#2729 = CARTESIAN_POINT ( 'NONE',  ( -2.600000000000000089, 2.533647347903380087, 0.1200000000000000094 ) ) ;
#2730 = DIRECTION ( 'NONE',  ( 1.000000000000000000, 0.0000000000000000000, 0.0000000000000000000 ) ) ;
#2731 = DIRECTION ( 'NONE',  ( 0.0000000000000000000, 0.0000000000000000000, -1.000000000000000000 ) ) ;
#2732 = SURFACE_STYLE_FILL_AREA ( #9180 ) ;
#2733 = CARTESIAN_POINT ( 'NONE',  ( 0.5999999999999999778, 0.07443882254068159843, 2.799999999999999822 ) ) ;
#2734 = CARTESIAN_POINT ( 'NONE',  ( -3.000000000000000000, 2.000000000000000000, -0.3330127018922190429 ) ) ;
#2735 = EDGE_CURVE ( 'NONE', #784, #3710, #3129, .T. ) ;
#2736 = CARTESIAN_POINT ( 'NONE',  ( 2.533492427778849976, 1.929351531069035008, 0.5000000000000000000 ) ) ;
#2737 = CARTESIAN_POINT ( 'NONE',  ( -3.000000000000000000, 0.4038401147490955356, 2.399999999999999911 ) ) ;
#2738 = PRESENTATION_STYLE_ASSIGNMENT (( #10197 ) ) ;
#2739 = CIRCLE ( 'NONE', #809, 0.05000000000000002359 ) ;
#2740 = AXIS2_PLACEMENT_3D ( 'NONE', #3832, #6144, #7132 ) ;
#2741 = EDGE_CURVE ( 'NONE', #2071, #10520, #6957, .T. ) ;
#2742 = VECTOR ( 'NONE', #1923, 1000.000000000000000 ) ;
#2743 = CARTESIAN_POINT ( 'NONE',  ( -2.677002624343355119, 1.954946142110944862, 0.3864410810002315011 ) ) ;
#2744 = ORIENTED_EDGE ( 'NONE', *, *, #4952, .F. ) ;
#2745 = PLANE ( 'NONE',  #3244 ) ;
#2746 = CARTESIAN_POINT ( 'NONE',  ( -2.700762448286575079, -1.320183461659294011, 2.124324567291325128 ) ) ;
#2747 = LINE ( 'NONE', #9331, #5192 ) ;
#2748 = CARTESIAN_POINT ( 'NONE',  ( -0.1644771634263625104, 0.6221665851234419176, 2.790000000000000036 ) ) ;
#2749 =( GEOMETRIC_REPRESENTATION_CONTEXT ( 3 ) GLOBAL_UNCERTAINTY_ASSIGNED_CONTEXT ( ( #2930 ) ) GLOBAL_UNIT_ASSIGNED_CONTEXT ( ( #4604, #1322, #7915 ) ) REPRESENTATION_CONTEXT ( 'NONE', 'WORKASPACE' ) );
#2750 = COLOUR_RGB ( '',0.7686274509803920907, 0.7686274509803920907, 0.7686274509803920907 ) ;
#2751 = VERTEX_POINT ( 'NONE', #478 ) ;
#2752 = EDGE_CURVE ( 'NONE', #3088, #10091, #9211, .T. ) ;
#2753 = CARTESIAN_POINT ( 'NONE',  ( -2.506397692294624946, 2.748272631935325006, 0.4943351688377289888 ) ) ;
#2754 = CARTESIAN_POINT ( 'NONE',  ( 0.5999999999999999778, 0.2668089524108114841, 2.799999999999999822 ) ) ;
#2755 = AXIS2_PLACEMENT_3D ( 'NONE', #4133, #851, #2651 ) ;
#2756 = VECTOR ( 'NONE', #2471, 999.9999999999998863 ) ;
#2757 = VERTEX_POINT ( 'NONE', #7005 ) ;
#2758 = LINE ( 'NONE', #7819, #6699 ) ;
#2759 = CARTESIAN_POINT ( 'NONE',  ( -2.647914252001795088, 1.801248571615724936, 0.4886523206458770474 ) ) ;
#2760 = VERTEX_POINT ( 'NONE', #4704 ) ;
#2761 = ORIENTED_EDGE ( 'NONE', *, *, #4685, .T. ) ;
#2762 = FILL_AREA_STYLE_COLOUR ( '', #2159 ) ;
#2763 =( NAMED_UNIT ( * ) PLANE_ANGLE_UNIT ( ) SI_UNIT ( $, .RADIAN. ) );
#2764 = CARTESIAN_POINT ( 'NONE',  ( -1.449999999999999956, -1.815039362631929887, 2.790000000000000036 ) ) ;
#2765 = TOROIDAL_SURFACE ( 'NONE', #3999, 0.2750000000000000222, 0.05000000000000000278 ) ;
#2766 = EDGE_CURVE ( 'NONE', #7612, #4680, #2418, .T. ) ;
#2767 = CARTESIAN_POINT ( 'NONE',  ( 2.268438336386660037, 1.756762681109079960, 0.8036112180917469594 ) ) ;
#2768 = CARTESIAN_POINT ( 'NONE',  ( 2.899999999999999911, -1.309345828020819891, 0.5000000000000000000 ) ) ;
#2769 = CARTESIAN_POINT ( 'NONE',  ( -1.449999999999999956, -1.815039362631929887, 2.790000000000000036 ) ) ;
#2770 = CIRCLE ( 'NONE', #3291, 0.05000000000000002359 ) ;
#2771 = CARTESIAN_POINT ( 'NONE',  ( -1.990671209641589945, -1.209392801811849827, 1.461183922132481827 ) ) ;
#2772 = CARTESIAN_POINT ( 'NONE',  ( -2.087867965644035095, 2.662132034355964905, 2.700000000000000178 ) ) ;
#2773 = VERTEX_POINT ( 'NONE', #10343 ) ;
#2774 = STYLED_ITEM ( 'NONE', ( #966 ), #2694 ) ;
#2775 = CARTESIAN_POINT ( 'NONE',  ( 1.525943831382674976, 1.581481019035050117, 1.455953801384725965 ) ) ;
#2776 = CARTESIAN_POINT ( 'NONE',  ( 1.749606358633975178, -2.348405715793974835, 2.118498732064039825 ) ) ;
#2777 = CARTESIAN_POINT ( 'NONE',  ( -0.1670664863060850047, 0.5463014593454009749, 2.790000000000000036 ) ) ;
#2778 = DIRECTION ( 'NONE',  ( 0.0000000000000000000, 1.000000000000000000, 0.0000000000000000000 ) ) ;
#2779 = EDGE_CURVE ( 'NONE', #5954, #7612, #10294, .T. ) ;
#2780 = CARTESIAN_POINT ( 'NONE',  ( 2.991220537596175344, -1.702390443120259889, 2.399999999999999911 ) ) ;
#2781 = CARTESIAN_POINT ( 'NONE',  ( 0.9278325049507391009, -2.750000000000000000, 2.399999999999999911 ) ) ;
#2782 = LINE ( 'NONE', #2565, #4709 ) ;
#2783 = CARTESIAN_POINT ( 'NONE',  ( -2.500000000000000000, -2.021907818925235301, 0.2134019464242025155 ) ) ;
#2784 = APPLICATION_CONTEXT ( 'automotive_design' ) ;
#2785 = VERTEX_POINT ( 'NONE', #2063 ) ;
#2786 = CARTESIAN_POINT ( 'NONE',  ( -1.875735931288069924, 2.500000000000000000, 2.799999999999999822 ) ) ;
#2787 = DIRECTION ( 'NONE',  ( 0.0000000000000000000, -1.000000000000000000, 0.0000000000000000000 ) ) ;
#2788 = FILL_AREA_STYLE ('',( #6695 ) ) ;
#2789 = FACE_OUTER_BOUND ( 'NONE', #8346, .T. ) ;
#2790 = SURFACE_SIDE_STYLE ('',( #8616 ) ) ;
#2791 = CARTESIAN_POINT ( 'NONE',  ( -0.1871921107803055095, -0.5897407648998560514, 2.799999999999999822 ) ) ;
#2792 = FILL_AREA_STYLE_COLOUR ( '', #2948 ) ;
#2793 =( NAMED_UNIT ( * ) SI_UNIT ( $, .STERADIAN. ) SOLID_ANGLE_UNIT ( ) );
#2794 = CARTESIAN_POINT ( 'NONE',  ( 2.481506066829980206, 1.721697075904805141, 2.122259087767555119 ) ) ;
#2795 = CARTESIAN_POINT ( 'NONE',  ( -2.795537272767059989, 0.3406055053190050197, 2.126706931356600272 ) ) ;
#2796 = DIRECTION ( 'NONE',  ( -1.000000000000000000, 0.0000000000000000000, 0.0000000000000000000 ) ) ;
#2797 = DIRECTION ( 'NONE',  ( 0.0000000000000000000, 1.000000000000000000, 0.0000000000000000000 ) ) ;
#2798 = EDGE_LOOP ( 'NONE', ( #10201, #1262, #3116, #396 ) ) ;
#2799 = CARTESIAN_POINT ( 'NONE',  ( -2.700000000000000178, 1.625735931288069924, 2.799999999999999822 ) ) ;
#2800 = CARTESIAN_POINT ( 'NONE',  ( -2.810572396967790265, -1.598703343523425024, 0.4886491287868999223 ) ) ;
#2801 = LINE ( 'NONE', #5215, #6735 ) ;
#2802 = FILL_AREA_STYLE_COLOUR ( '', #7436 ) ;
#2803 = EDGE_LOOP ( 'NONE', ( #5009, #1773, #1037, #4587, #1290, #3859, #9123, #7493 ) ) ;
#2804 = AXIS2_PLACEMENT_3D ( 'NONE', #4015, #2270, #672 ) ;
#2805 = CARTESIAN_POINT ( 'NONE',  ( -2.505391773720179849, 2.443393375353649866, 0.4943322382519939606 ) ) ;
#2806 = EDGE_CURVE ( 'NONE', #10335, #2247, #3866, .T. ) ;
#2807 = SHAPE_DEFINITION_REPRESENTATION ( #4235, #1659 ) ;
#2808 = VERTEX_POINT ( 'NONE', #1299 ) ;
#2809 =( NAMED_UNIT ( * ) PLANE_ANGLE_UNIT ( ) SI_UNIT ( $, .RADIAN. ) );
#2810 = CARTESIAN_POINT ( 'NONE',  ( -2.002648789474265278, 1.189426189995770100, 1.461343339325042123 ) ) ;
#2811 = ORIENTED_EDGE ( 'NONE', *, *, #7392, .F. ) ;
#2812 = ORIENTED_EDGE ( 'NONE', *, *, #9192, .T. ) ;
#2813 = CARTESIAN_POINT ( 'NONE',  ( 1.767096991611694978, 1.420831037904350058, 1.458599797031715939 ) ) ;
#2814 = CARTESIAN_POINT ( 'NONE',  ( 2.904407109647114904, 1.074858337086199933, 0.4943208893851690489 ) ) ;
#2815 = DIRECTION ( 'NONE',  ( -0.4999999999999998335, -0.4999999999999998335, 0.7071067811865477948 ) ) ;
#2816 = CARTESIAN_POINT ( 'NONE',  ( -2.179636552472089761, -2.192363373790064962, 0.8033235806514659183 ) ) ;
#2817 = CARTESIAN_POINT ( 'NONE',  ( -1.875735931288069924, 2.750000000000000000, 2.700000000000000178 ) ) ;
#2818 = B_SPLINE_SURFACE_WITH_KNOTS ( 'NONE', 3, 1, ( 
 ( #1954, #4641 ),
 ( #8940, #2124 ),
 ( #7231, #1416 ),
 ( #9752, #10572 ),
 ( #483, #3109 ),
 ( #3828, #2296 ),
 ( #4707, #3882 ),
 ( #7128, #9635 ),
 ( #5616, #3050 ),
 ( #7288, #1460 ),
 ( #4809, #8115 ),
 ( #10625, #3158 ),
 ( #2344, #10515 ),
 ( #6467, #9807 ),
 ( #5463, #6358 ),
 ( #10460, #2998 ),
 ( #2180, #5512 ),
 ( #8828, #8012 ),
 ( #536, #1060 ) ),
 .UNSPECIFIED., .F., .F., .F.,
 ( 4, 1, 1, 1, 1, 1, 1, 1, 1, 1, 1, 1, 1, 1, 1, 1, 4 ),
 ( 2, 2 ),
 ( 0.0000000000000000000, 0.01681894172984575025, 0.04000885950673779834, 0.06933925779684610435, 0.1044390419415416049, 0.1456839376965950172, 0.1929665541798580020, 0.2467636342673185101, 0.3057092442526634923, 0.3716976109959455044, 0.4432015931487109928, 0.5204873727434039532, 0.6045517168100760230, 0.6940355353249040293, 0.7900294905600779849, 0.8918067042967169344, 1.000000000000000000 ),
 ( 0.0000000000000000000, 1.000000000000000000 ),
 .UNSPECIFIED. ) ;
#2819 = EDGE_CURVE ( 'NONE', #2310, #10520, #7890, .T. ) ;
#2820 = ORIENTED_EDGE ( 'NONE', *, *, #195, .F. ) ;
#2821 = CARTESIAN_POINT ( 'NONE',  ( 2.082132551729724668, 2.403481102298345107, 0.8031532906314480247 ) ) ;
#2822 = CARTESIAN_POINT ( 'NONE',  ( 2.505391773720214932, -2.443393375353540176, 0.4943322382521210256 ) ) ;
#2823 = DIRECTION ( 'NONE',  ( 0.0000000000000000000, 0.0000000000000000000, 1.000000000000000000 ) ) ;
#2824 = CARTESIAN_POINT ( 'NONE',  ( -0.3194015293830334556, 0.0000000000000000000, 0.4500000000000000111 ) ) ;
#2825 = CARTESIAN_POINT ( 'NONE',  ( 2.568761605869020137, 0.06817027121844669579, 1.466472920347475783 ) ) ;
#2826 = CARTESIAN_POINT ( 'NONE',  ( 2.519959571824884836, -2.840455603052635336, 0.4830076407266350458 ) ) ;
#2827 = FILL_AREA_STYLE_COLOUR ( '', #9817 ) ;
#2828 = PRESENTATION_STYLE_ASSIGNMENT (( #8501 ) ) ;
#2829 = B_SPLINE_CURVE_WITH_KNOTS ( 'NONE', 3,
 ( #6947, #3565, #10265, #6865 ),
 .UNSPECIFIED., .F., .F.,
 ( 4, 4 ),
 ( 0.0000000000000000000, 1.000000000000000000 ),
 .UNSPECIFIED. ) ;
#2830 = EDGE_CURVE ( 'NONE', #9356, #10407, #9911, .T. ) ;
#2831 = ORIENTED_EDGE ( 'NONE', *, *, #7829, .T. ) ;
#2832 = LINE ( 'NONE', #9585, #10745 ) ;
#2833 = ORIENTED_EDGE ( 'NONE', *, *, #7754, .T. ) ;
#2834 =( NAMED_UNIT ( * ) SI_UNIT ( $, .STERADIAN. ) SOLID_ANGLE_UNIT ( ) );
#2835 = CARTESIAN_POINT ( 'NONE',  ( -0.1090909090909091966, 0.5836109004627600960, 2.799999999999999822 ) ) ;
#2836 = CARTESIAN_POINT ( 'NONE',  ( 2.500000000000000000, 2.500047666198019769, 0.1568365928198499903 ) ) ;
#2837 = CARTESIAN_POINT ( 'NONE',  ( -0.1126768240424884104, -0.5405537226071029933, 2.799999999999999822 ) ) ;
#2838 = CARTESIAN_POINT ( 'NONE',  ( -0.2112331112459769900, -1.588511712667280085, 2.799999999999999822 ) ) ;
#2839 = CARTESIAN_POINT ( 'NONE',  ( 2.598587052826015320, 1.862721814742730020, 0.4886533777394589939 ) ) ;
#2840 = CARTESIAN_POINT ( 'NONE',  ( -2.904993885185030322, -1.314539917868722041, 0.4943224730860890093 ) ) ;
#2841 = LINE ( 'NONE', #7741, #831 ) ;
#2842 = CARTESIAN_POINT ( 'NONE',  ( 3.000000000000000000, 1.429843788128356108, 0.5000000000000000000 ) ) ;
#2843 = ORIENTED_EDGE ( 'NONE', *, *, #3916, .T. ) ;
#2844 = DIRECTION ( 'NONE',  ( 0.0000000000000000000, 0.0000000000000000000, -1.000000000000000000 ) ) ;
#2845 = CARTESIAN_POINT ( 'NONE',  ( -2.002928960856254825, -1.189059847300706130, 1.461343339307632050 ) ) ;
#2846 = CARTESIAN_POINT ( 'NONE',  ( -2.450783891162833683, -1.374438523937578038, 0.09999999999999997780 ) ) ;
#2847 = ORIENTED_EDGE ( 'NONE', *, *, #10794, .F. ) ;
#2848 = CARTESIAN_POINT ( 'NONE',  ( -2.268438336465255389, 1.756762681116759817, 0.8036112180884850131 ) ) ;
#2849 = TOROIDAL_SURFACE ( 'NONE', #1459, 2.228124999999999911, 0.1000000000000000056 ) ;
#2850 = LINE ( 'NONE', #7812, #2621 ) ;
#2851 = EDGE_CURVE ( 'NONE', #5674, #10371, #10613, .T. ) ;
#2852 = CARTESIAN_POINT ( 'NONE',  ( -1.875735931288069924, -2.500000000000000000, 2.799999999999999822 ) ) ;
#2853 = VECTOR ( 'NONE', #5043, 1000.000000000000000 ) ;
#2854 = ORIENTED_EDGE ( 'NONE', *, *, #9622, .F. ) ;
#2855 = SURFACE_STYLE_USAGE ( .BOTH. , #6120 ) ;
#2856 = CARTESIAN_POINT ( 'NONE',  ( -2.522618806645425149, 1.985646736335825002, 0.4886557265813079587 ) ) ;
#2857 = ORIENTED_EDGE ( 'NONE', *, *, #4978, .T. ) ;
#2858 = VERTEX_POINT ( 'NONE', #1411 ) ;
#2859 = CARTESIAN_POINT ( 'NONE',  ( 0.2464285714285714968, -0.4807559826541240033, 2.799999999999999822 ) ) ;
#2860 = CARTESIAN_POINT ( 'NONE',  ( 2.137344787162690274, 2.352158022435729912, 0.8032088813127230553 ) ) ;
#2861 = CARTESIAN_POINT ( 'NONE',  ( 2.909936671017274712, -0.1211555844789796027, 0.4829525989473539838 ) ) ;
#2862 = CARTESIAN_POINT ( 'NONE',  ( 2.981603813104616751, -1.522995233619227839, 0.1809555253667596841 ) ) ;
#2863 = EDGE_CURVE ( 'NONE', #7708, #6675, #10512, .T. ) ;
#2864 = CARTESIAN_POINT ( 'NONE',  ( -2.075359855312185253, -2.674640144687814747, 2.399999999999999911 ) ) ;
#2865 = SURFACE_STYLE_FILL_AREA ( #10501 ) ;
#2866 = TOROIDAL_SURFACE ( 'NONE', #7917, 0.1800000000000000211, 0.02000000000000000042 ) ;
#2867 = EDGE_CURVE ( 'NONE', #6824, #8050, #689, .T. ) ;
#2868 = VERTEX_POINT ( 'NONE', #3107 ) ;
#2869 = CARTESIAN_POINT ( 'NONE',  ( 1.204611352681630221, 2.899999999999999911, 0.5000000000000000000 ) ) ;
#2870 = VECTOR ( 'NONE', #10090, 1000.000000000000000 ) ;
#2871 = CARTESIAN_POINT ( 'NONE',  ( 2.137344787297215110, -2.352158022457475184, 0.8032088813008929629 ) ) ;
#2872 =( LENGTH_UNIT ( ) NAMED_UNIT ( * ) SI_UNIT ( .MILLI., .METRE. ) );
#2873 = CARTESIAN_POINT ( 'NONE',  ( 2.399999999999999911, 2.799999999999999822, 0.1000000000000000056 ) ) ;
#2874 = CARTESIAN_POINT ( 'NONE',  ( -0.1103230765775710109, -0.5348444495610580329, 2.799999999999999822 ) ) ;
#2875 = CARTESIAN_POINT ( 'NONE',  ( 3.000000000000000000, -0.1336020817907004055, 2.399999999999999911 ) ) ;
#2876 = CARTESIAN_POINT ( 'NONE',  ( 2.504843602053229645, -2.259622711692584662, 0.4943304893556929591 ) ) ;
#2877 = DIRECTION ( 'NONE',  ( 0.0000000000000000000, 0.0000000000000000000, 1.000000000000000000 ) ) ;
#2878 = ORIENTED_EDGE ( 'NONE', *, *, #8807, .T. ) ;
#2879 = SURFACE_SIDE_STYLE ('',( #5248 ) ) ;
#2880 = PRESENTATION_LAYER_ASSIGNMENT (  '', '', ( #5667 ) ) ;
#2881 = CARTESIAN_POINT ( 'NONE',  ( -2.385531550711999849, 1.984752738212814949, 0.6538706002309599974 ) ) ;
#2882 = EDGE_LOOP ( 'NONE', ( #7044, #5429, #26, #5466, #6423 ) ) ;
#2883 =( NAMED_UNIT ( * ) PLANE_ANGLE_UNIT ( ) SI_UNIT ( $, .RADIAN. ) );
#2884 = ORIENTED_EDGE ( 'NONE', *, *, #3852, .T. ) ;
#2885 = CARTESIAN_POINT ( 'NONE',  ( -2.448022212396128605, 2.631393529393208031, 0.1000000000000000056 ) ) ;
#2886 = CARTESIAN_POINT ( 'NONE',  ( 1.981801948466055396, -2.556066017177979877, 2.700000000000000178 ) ) ;
#2887 = CARTESIAN_POINT ( 'NONE',  ( -2.500000000000000000, -1.989916868372445080, 0.2147664594499839874 ) ) ;
#2888 = CARTESIAN_POINT ( 'NONE',  ( -1.149999999999999911, 1.184960637368067893, 2.790000000000000036 ) ) ;
#2889 = DIRECTION ( 'NONE',  ( 0.0000000000000000000, 0.0000000000000000000, 1.000000000000000000 ) ) ;
#2890 =( GEOMETRIC_REPRESENTATION_CONTEXT ( 3 ) GLOBAL_UNCERTAINTY_ASSIGNED_CONTEXT ( ( #9017 ) ) GLOBAL_UNIT_ASSIGNED_CONTEXT ( ( #1394, #4841, #5438 ) ) REPRESENTATION_CONTEXT ( 'NONE', 'WORKASPACE' ) );
#2891 = DIRECTION ( 'NONE',  ( 0.0000000000000000000, -1.000000000000000000, 0.0000000000000000000 ) ) ;
#2892 = PRESENTATION_STYLE_ASSIGNMENT (( #6804 ) ) ;
#2893 =( GEOMETRIC_REPRESENTATION_CONTEXT ( 3 ) GLOBAL_UNCERTAINTY_ASSIGNED_CONTEXT ( ( #9200 ) ) GLOBAL_UNIT_ASSIGNED_CONTEXT ( ( #755, #2468, #4975 ) ) REPRESENTATION_CONTEXT ( 'NONE', 'WORKASPACE' ) );
#2894 = CARTESIAN_POINT ( 'NONE',  ( 2.519193076890914984, 2.765399666547270208, 0.4830055065130799408 ) ) ;
#2895 = CARTESIAN_POINT ( 'NONE',  ( -2.909987770370059845, -1.318451058272247955, 0.4886449461721790177 ) ) ;
#2896 = EDGE_CURVE ( 'NONE', #1957, #4342, #5406, .T. ) ;
#2897 = DIRECTION ( 'NONE',  ( -1.000000000000000000, 0.0000000000000000000, 0.0000000000000000000 ) ) ;
#2898 =( GEOMETRIC_REPRESENTATION_CONTEXT ( 3 ) GLOBAL_UNCERTAINTY_ASSIGNED_CONTEXT ( ( #6389 ) ) GLOBAL_UNIT_ASSIGNED_CONTEXT ( ( #7469, #5038, #4210 ) ) REPRESENTATION_CONTEXT ( 'NONE', 'WORKASPACE' ) );
#2899 =( GEOMETRIC_REPRESENTATION_CONTEXT ( 3 ) GLOBAL_UNCERTAINTY_ASSIGNED_CONTEXT ( ( #8892 ) ) GLOBAL_UNIT_ASSIGNED_CONTEXT ( ( #7947, #8767, #4706 ) ) REPRESENTATION_CONTEXT ( 'NONE', 'WORKASPACE' ) );
#2900 = FACE_OUTER_BOUND ( 'NONE', #1835, .T. ) ;
#2901 = VERTEX_POINT ( 'NONE', #7286 ) ;
#2902 = PRESENTATION_STYLE_ASSIGNMENT (( #8682 ) ) ;
#2903 = CARTESIAN_POINT ( 'NONE',  ( -2.955335420281954839, -1.786220465086054920, 2.399999999999999911 ) ) ;
#2904 = LINE ( 'NONE', #3675, #473 ) ;
#2905 = B_SPLINE_SURFACE_WITH_KNOTS ( 'NONE', 3, 1, ( 
 ( #3361, #5270 ),
 ( #9284, #5064 ),
 ( #3409, #4392 ),
 ( #6872, #5857 ),
 ( #6008, #6719 ),
 ( #9239, #1772 ),
 ( #1722, #8368 ) ),
 .UNSPECIFIED., .F., .F., .F.,
 ( 4, 1, 1, 1, 4 ),
 ( 2, 2 ),
 ( 0.0000000000000000000, 0.2958783195951240064, 0.5611080725506870648, 0.7963677377324649420, 1.000000000000000000 ),
 ( 0.0000000000000000000, 1.000000000000000000 ),
 .UNSPECIFIED. ) ;
#2906 = ORIENTED_EDGE ( 'NONE', *, *, #10527, .F. ) ;
#2907 = CARTESIAN_POINT ( 'NONE',  ( -2.360592436662099836, -2.049037298318610478, 0.6781956473807160268 ) ) ;
#2908 = CARTESIAN_POINT ( 'NONE',  ( -2.750555127830119684, 1.999444872169884979, 2.399999999999999911 ) ) ;
#2909 = AXIS2_PLACEMENT_3D ( 'NONE', #9100, #5719, #7395 ) ;
#2910 = CARTESIAN_POINT ( 'NONE',  ( -0.2097610860950374911, -1.727527378903239930, 2.799999999999999822 ) ) ;
#2911 = CIRCLE ( 'NONE', #1345, 0.09999999999999982514 ) ;
#2912 = CARTESIAN_POINT ( 'NONE',  ( -1.449999999999999956, 1.184960637368067893, 2.790000000000000036 ) ) ;
#2913 = UNCERTAINTY_MEASURE_WITH_UNIT (LENGTH_MEASURE( 1.000000000000000082E-05 ), #9920, 'distance_accuracy_value', 'NONE');
#2914 = DIRECTION ( 'NONE',  ( 0.0000000000000000000, 0.0000000000000000000, 1.000000000000000000 ) ) ;
#2915 = CARTESIAN_POINT ( 'NONE',  ( 0.0000000000000000000, 0.0000000000000000000, 0.0000000000000000000 ) ) ;
#2916 = VERTEX_POINT ( 'NONE', #4921 ) ;
#2917 =( GEOMETRIC_REPRESENTATION_CONTEXT ( 3 ) GLOBAL_UNCERTAINTY_ASSIGNED_CONTEXT ( ( #7817 ) ) GLOBAL_UNIT_ASSIGNED_CONTEXT ( ( #4548, #8734, #554 ) ) REPRESENTATION_CONTEXT ( 'NONE', 'WORKASPACE' ) );
#2918 = CARTESIAN_POINT ( 'NONE',  ( -2.185805210535759713, 0.8517289528496990725, 1.462941367960224115 ) ) ;
#2919 = ORIENTED_EDGE ( 'NONE', *, *, #9079, .F. ) ;
#2920 = VERTEX_POINT ( 'NONE', #8273 ) ;
#2921 = CARTESIAN_POINT ( 'NONE',  ( 2.600000000000000089, 2.799999999999999822, 0.1200000000000000094 ) ) ;
#2922 = CARTESIAN_POINT ( 'NONE',  ( 2.494560730733045073, 2.838995741587145183, 0.5000000000000000000 ) ) ;
#2923 = CARTESIAN_POINT ( 'NONE',  ( 2.553975299655655284, -0.2060319878451264963, 1.466309289146743966 ) ) ;
#2924 = CARTESIAN_POINT ( 'NONE',  ( -2.594665509701735040, -2.544899326706434817, 0.1064013667889001924 ) ) ;
#2925 = CARTESIAN_POINT ( 'NONE',  ( -2.510783547444194852, -2.450521337215040507, 0.4886644765043740013 ) ) ;
#2926 = CIRCLE ( 'NONE', #5206, 2.328125000000000000 ) ;
#2927 = PLANE ( 'NONE',  #6555 ) ;
#2928 = AXIS2_PLACEMENT_3D ( 'NONE', #10309, #6265, #6107 ) ;
#2929 =( GEOMETRIC_REPRESENTATION_CONTEXT ( 3 ) GLOBAL_UNCERTAINTY_ASSIGNED_CONTEXT ( ( #905 ) ) GLOBAL_UNIT_ASSIGNED_CONTEXT ( ( #4358, #3489, #2713 ) ) REPRESENTATION_CONTEXT ( 'NONE', 'WORKASPACE' ) );
#2930 = UNCERTAINTY_MEASURE_WITH_UNIT (LENGTH_MEASURE( 1.000000000000000082E-05 ), #4604, 'distance_accuracy_value', 'NONE');
#2931 = EDGE_LOOP ( 'NONE', ( #2458, #1396, #1728, #9921 ) ) ;
#2932 = DIRECTION ( 'NONE',  ( 1.000000000000000000, 0.0000000000000000000, 0.0000000000000000000 ) ) ;
#2933 = ORIENTED_EDGE ( 'NONE', *, *, #9523, .T. ) ;
#2934 = CARTESIAN_POINT ( 'NONE',  ( -1.805634623080750067, 2.899999999999999911, 0.5000000000000000000 ) ) ;
#2935 = EDGE_CURVE ( 'NONE', #5905, #1005, #6251, .T. ) ;
#2936 = VECTOR ( 'NONE', #6244, 1000.000000000000000 ) ;
#2937 = CARTESIAN_POINT ( 'NONE',  ( 1.941555537558949940, -2.234139756545584721, 2.119352388635559858 ) ) ;
#2938 =( LENGTH_UNIT ( ) NAMED_UNIT ( * ) SI_UNIT ( .MILLI., .METRE. ) );
#2939 = CARTESIAN_POINT ( 'NONE',  ( -0.2112331112459769900, -0.4664337905893550240, 2.799999999999999822 ) ) ;
#2940 = CARTESIAN_POINT ( 'NONE',  ( 2.899999999999999911, -0.1201624229538714034, 0.5000000000000000000 ) ) ;
#2941 = CARTESIAN_POINT ( 'NONE',  ( 1.553023190823050070, -1.538699533929049901, 1.456649894851562266 ) ) ;
#2942 = CARTESIAN_POINT ( 'NONE',  ( -2.514037242765595259, 1.975255626417655064, 0.5000000000000000000 ) ) ;
#2943 = ADVANCED_FACE ( 'NONE', ( #4807 ), #1565, .T. ) ;
#2944 = ORIENTED_EDGE ( 'NONE', *, *, #4926, .F. ) ;
#2945 = CARTESIAN_POINT ( 'NONE',  ( -2.759333839047557468, 1.800832701190552942, 0.3535058639434786043 ) ) ;
#2946 = FACE_OUTER_BOUND ( 'NONE', #1776, .T. ) ;
#2947 = AXIS2_PLACEMENT_3D ( 'NONE', #1646, #4989, #8296 ) ;
#2948 = COLOUR_RGB ( '',0.7686274509803920907, 0.7686274509803920907, 0.7686274509803920907 ) ;
#2949 = CARTESIAN_POINT ( 'NONE',  ( 2.399999999999999911, 2.799999999999999822, 0.5000000000000000000 ) ) ;
#2950 = EDGE_CURVE ( 'NONE', #379, #4043, #4571, .T. ) ;
#2951 = ORIENTED_EDGE ( 'NONE', *, *, #6901, .T. ) ;
#2952 = EDGE_LOOP ( 'NONE', ( #1303, #3023, #9301, #7495 ) ) ;
#2953 = CARTESIAN_POINT ( 'NONE',  ( 0.1822658279807364834, 0.5933887589377769833, 2.799999999999999822 ) ) ;
#2954 = AXIS2_PLACEMENT_3D ( 'NONE', #4880, #7240, #8900 ) ;
#2955 = CARTESIAN_POINT ( 'NONE',  ( -2.500000000000000000, -1.975993282114424821, 0.2076860315366450271 ) ) ;
#2956 = DIRECTION ( 'NONE',  ( 0.0000000000000000000, 0.0000000000000000000, 1.000000000000000000 ) ) ;
#2957 = LINE ( 'NONE', #8673, #1500 ) ;
#2958 = PLANE ( 'NONE',  #10246 ) ;
#2959 = PRESENTATION_LAYER_ASSIGNMENT (  '', '', ( #5221 ) ) ;
#2960 = B_SPLINE_CURVE_WITH_KNOTS ( 'NONE', 3,
 ( #2729, #4423, #5199, #9428, #3444, #10036, #8394, #8507, #7568, #3387, #4372, #7733, #9373, #1908, #5940, #6754 ),
 .UNSPECIFIED., .F., .F.,
 ( 4, 3, 3, 3, 3, 4 ),
 ( 9.486769009248160186E-20, 1.011648155089282083E-05, 1.889962284714654924E-05, 2.581398955553334870E-05, 3.160338613511940527E-05, 3.595485637125469993E-05 ),
 .UNSPECIFIED. ) ;
#2961 = CARTESIAN_POINT ( 'NONE',  ( 2.399523619706339872, 1.804663465816640056, 2.121824107313704744 ) ) ;
#2962 = CARTESIAN_POINT ( 'NONE',  ( -2.911321176334634941, -0.7191864439096959938, 0.4829571105394439567 ) ) ;
#2963 = CARTESIAN_POINT ( 'NONE',  ( 2.956173761888604812, -1.554782797639240099, 0.2071554596297824902 ) ) ;
#2964 = VECTOR ( 'NONE', #9804, 1000.000000000000000 ) ;
#2965 = EDGE_CURVE ( 'NONE', #4618, #2093, #4865, .T. ) ;
#2966 = EDGE_LOOP ( 'NONE', ( #1517, #10261, #3232, #9731 ) ) ;
#2967 = CARTESIAN_POINT ( 'NONE',  ( 1.875735931288069924, 2.449999999999999734, 2.799999999999999822 ) ) ;
#2968 = CARTESIAN_POINT ( 'NONE',  ( -2.598587052825924726, -1.862721814742575033, 0.4886533777398380241 ) ) ;
#2969 = FILL_AREA_STYLE ('',( #7860 ) ) ;
#2970 = DIRECTION ( 'NONE',  ( -0.8169522701909389673, -0.5767052871526938684, 0.0000000000000000000 ) ) ;
#2971 = EDGE_LOOP ( 'NONE', ( #8578, #10693, #368, #7661 ) ) ;
#2972 = CARTESIAN_POINT ( 'NONE',  ( 0.5999999999999999778, -0.8552689696671109676, 2.799999999999999822 ) ) ;
#2973 = CARTESIAN_POINT ( 'NONE',  ( -2.273480152138794619, 1.732202733164185160, 0.8036276495663909891 ) ) ;
#2974 = LINE ( 'NONE', #10374, #4910 ) ;
#2975 = DIRECTION ( 'NONE',  ( -1.000000000000000000, 0.0000000000000000000, 0.0000000000000000000 ) ) ;
#2976 = DIRECTION ( 'NONE',  ( 0.0000000000000000000, 0.0000000000000000000, 1.000000000000000000 ) ) ;
#2977 = EDGE_CURVE ( 'NONE', #8369, #5517, #3323, .T. ) ;
#2978 = VERTEX_POINT ( 'NONE', #5614 ) ;
#2979 =( NAMED_UNIT ( * ) SI_UNIT ( $, .STERADIAN. ) SOLID_ANGLE_UNIT ( ) );
#2980 = CARTESIAN_POINT ( 'NONE',  ( -2.664404656877279898, 0.8978836584117820818, 0.8040196820524019294 ) ) ;
#2981 = AXIS2_PLACEMENT_3D ( 'NONE', #1499, #4122, #9737 ) ;
#2982 = ORIENTED_EDGE ( 'NONE', *, *, #9656, .T. ) ;
#2983 = CARTESIAN_POINT ( 'NONE',  ( 2.799999999999999822, 1.429843788128356108, 0.5000000000000000000 ) ) ;
#2984 = PRESENTATION_LAYER_ASSIGNMENT (  '', '', ( #1753 ) ) ;
#2985 = CARTESIAN_POINT ( 'NONE',  ( 2.143239352941129994, 2.606760647058875335, 2.399999999999999911 ) ) ;
#2986 = CARTESIAN_POINT ( 'NONE',  ( -2.592078844922424796, -2.546867820126330173, 0.1039508539923201941 ) ) ;
#2987 = ORIENTED_EDGE ( 'NONE', *, *, #7846, .F. ) ;
#2988 = CARTESIAN_POINT ( 'NONE',  ( -2.505984300577869472, -2.626665369674570094, 0.4943339994216590649 ) ) ;
#2989 = ORIENTED_EDGE ( 'NONE', *, *, #3733, .T. ) ;
#2990 = CARTESIAN_POINT ( 'NONE',  ( -2.219010086064804987, 2.924996493780304796, 0.4830167243648280095 ) ) ;
#2991 = CARTESIAN_POINT ( 'NONE',  ( 2.500000000000000000, -2.739709114629715003, 0.5000000000000000000 ) ) ;
#2992 = DIRECTION ( 'NONE',  ( -1.000000000000000000, 0.0000000000000000000, 0.0000000000000000000 ) ) ;
#2993 = DIRECTION ( 'NONE',  ( 0.0000000000000000000, 0.0000000000000000000, -1.000000000000000000 ) ) ;
#2994 = CARTESIAN_POINT ( 'NONE',  ( 2.909936671017274712, 0.1191213612386665954, 0.4829525989473539838 ) ) ;
#2995 = CARTESIAN_POINT ( 'NONE',  ( 2.258145803812319663, -1.817914402066574953, 0.8035727779269710158 ) ) ;
#2996 = CARTESIAN_POINT ( 'NONE',  ( 1.875735931288069924, 2.449999999999999734, 2.700000000000000178 ) ) ;
#2997 = CARTESIAN_POINT ( 'NONE',  ( -2.491448532073286870, -2.537090975934957360, 0.1163966627416411770 ) ) ;
#2998 = CARTESIAN_POINT ( 'NONE',  ( 0.5100350800582691413, -1.910475429277699977, 2.799999999999999822 ) ) ;
#2999 = EDGE_CURVE ( 'NONE', #2978, #7985, #9045, .T. ) ;
#3000 = DIRECTION ( 'NONE',  ( 0.8104379191634829560, -0.5858245293447210678, 0.0000000000000000000 ) ) ;
#3001 = EDGE_LOOP ( 'NONE', ( #9775, #7537, #6938, #5255 ) ) ;
#3002 = PLANE ( 'NONE',  #2740 ) ;
#3003 = VERTEX_POINT ( 'NONE', #9750 ) ;
#3004 = DIRECTION ( 'NONE',  ( 0.0000000000000000000, 0.0000000000000000000, 1.000000000000000000 ) ) ;
#3005 = CARTESIAN_POINT ( 'NONE',  ( -0.1321134603316792000, -0.5222544662799279980, 2.790000000000000036 ) ) ;
#3006 = CARTESIAN_POINT ( 'NONE',  ( -2.500000000000000000, -1.954060944096174923, 0.1622552162422215005 ) ) ;
#3007 = CARTESIAN_POINT ( 'NONE',  ( -1.875735931288069924, -2.600000000000000089, 2.700000000000000178 ) ) ;
#3008 = DIRECTION ( 'NONE',  ( -1.000000000000000000, 0.0000000000000000000, 0.0000000000000000000 ) ) ;
#3009 = FACE_BOUND ( 'NONE', #585, .T. ) ;
#3010 =( NAMED_UNIT ( * ) PLANE_ANGLE_UNIT ( ) SI_UNIT ( $, .RADIAN. ) );
#3011 = CARTESIAN_POINT ( 'NONE',  ( 2.509687204109814829, 2.265968425620825233, 0.4886609787110810510 ) ) ;
#3012 = CARTESIAN_POINT ( 'NONE',  ( -2.868586316133619807, -1.537635632903319838, 0.4829721937992400016 ) ) ;
#3013 = DIRECTION ( 'NONE',  ( 0.0000000000000000000, 0.0000000000000000000, -1.000000000000000000 ) ) ;
#3014 = EDGE_CURVE ( 'NONE', #2404, #3390, #10795, .T. ) ;
#3015 = EDGE_CURVE ( 'NONE', #1590, #6847, #9962, .T. ) ;
#3016 = DIRECTION ( 'NONE',  ( -1.000000000000000000, 0.0000000000000000000, 0.0000000000000000000 ) ) ;
#3017 = VERTEX_POINT ( 'NONE', #1673 ) ;
#3018 = CARTESIAN_POINT ( 'NONE',  ( -2.705343432513379831, -2.050797650237154990, 0.3864410810002315011 ) ) ;
#3019 = CARTESIAN_POINT ( 'NONE',  ( -2.902182749312355536, -1.847817250687644908, 2.399999999999999911 ) ) ;
#3020 = CARTESIAN_POINT ( 'NONE',  ( 0.1693741817512275094, 0.5858780871201740847, 2.799999999999999822 ) ) ;
#3021 = CARTESIAN_POINT ( 'NONE',  ( -0.2399940192235980041, 0.6764989036010039536, 2.799999999999999822 ) ) ;
#3022 = DIRECTION ( 'NONE',  ( 0.0000000000000000000, 0.0000000000000000000, 1.000000000000000000 ) ) ;
#3023 = ORIENTED_EDGE ( 'NONE', *, *, #6511, .F. ) ;
#3024 = CARTESIAN_POINT ( 'NONE',  ( -2.309024174217569669, -2.027990449886854840, 0.7441018220747139811 ) ) ;
#3025 = FACE_OUTER_BOUND ( 'NONE', #4532, .T. ) ;
#3026 = CARTESIAN_POINT ( 'NONE',  ( -2.731961447277584831, 1.707340751652784760, 0.4829761342675080171 ) ) ;
#3027 = CARTESIAN_POINT ( 'NONE',  ( -2.643826238111394833, 1.945217202360755016, 0.5000000000000000000 ) ) ;
#3028 = CARTESIAN_POINT ( 'NONE',  ( -2.500000000000000000, 2.044892654616624839, 0.1328720042704541748 ) ) ;
#3029 = ORIENTED_EDGE ( 'NONE', *, *, #3114, .F. ) ;
#3030 = DIRECTION ( 'NONE',  ( 0.5858059734293458165, 0.8104513319715728192, 0.0000000000000000000 ) ) ;
#3031 = CARTESIAN_POINT ( 'NONE',  ( -2.999872961780435165, 1.634518634795035119, 2.399999999999999911 ) ) ;
#3032 = EDGE_LOOP ( 'NONE', ( #1880, #1983, #7627, #1821, #7938 ) ) ;
#3033 = CARTESIAN_POINT ( 'NONE',  ( 0.6014163954059009720, 2.899999999999999911, 0.5000000000000000000 ) ) ;
#3034 = DIRECTION ( 'NONE',  ( 0.0000000000000000000, -1.000000000000000000, 0.0000000000000000000 ) ) ;
#3035 = EDGE_LOOP ( 'NONE', ( #10316, #7165, #6292, #10155 ) ) ;
#3036 = CARTESIAN_POINT ( 'NONE',  ( -2.422107746012049478, -2.909274835657164715, 0.4943371803924110353 ) ) ;
#3037 = EDGE_CURVE ( 'NONE', #3846, #4261, #8063, .T. ) ;
#3038 =( GEOMETRIC_REPRESENTATION_CONTEXT ( 3 ) GLOBAL_UNCERTAINTY_ASSIGNED_CONTEXT ( ( #8247 ) ) GLOBAL_UNIT_ASSIGNED_CONTEXT ( ( #4313, #6965, #10302 ) ) REPRESENTATION_CONTEXT ( 'NONE', 'WORKASPACE' ) );
#3039 = CYLINDRICAL_SURFACE ( 'NONE', #1902, 0.2999999999999999334 ) ;
#3040 = VERTEX_POINT ( 'NONE', #6417 ) ;
#3041 = CARTESIAN_POINT ( 'NONE',  ( -2.494560730732469978, 2.838995741592555078, 0.5000000000000000000 ) ) ;
#3042 = CARTESIAN_POINT ( 'NONE',  ( 2.399523619778620276, -1.804663465819219992, 2.121824107308645235 ) ) ;
#3043 = CARTESIAN_POINT ( 'NONE',  ( -2.717051907063360083, 2.044268073205540048, 0.3864410810002315011 ) ) ;
#3044 = DIRECTION ( 'NONE',  ( 0.0000000000000000000, 0.0000000000000000000, -1.000000000000000000 ) ) ;
#3045 = PLANE ( 'NONE',  #1118 ) ;
#3046 = CARTESIAN_POINT ( 'NONE',  ( 3.000000000000000000, -0.8138064294421369915, 2.399999999999999911 ) ) ;
#3047 = CARTESIAN_POINT ( 'NONE',  ( 2.500000000000000000, -2.053483384199759509, 0.5000000000000000000 ) ) ;
#3048 = CARTESIAN_POINT ( 'NONE',  ( 2.579999999999999627, 2.799999999999999822, 0.1000000000000000056 ) ) ;
#3049 = LINE ( 'NONE', #7230, #1843 ) ;
#3050 = CARTESIAN_POINT ( 'NONE',  ( 0.2737454707871019854, -1.737511983414869787, 2.799999999999999822 ) ) ;
#3051 = AXIS2_PLACEMENT_3D ( 'NONE', #5036, #4823, #9821 ) ;
#3052 = CARTESIAN_POINT ( 'NONE',  ( -2.387068742795845022, 1.993235727873290175, 0.6509748492299820555 ) ) ;
#3053 = ORIENTED_EDGE ( 'NONE', *, *, #6328, .T. ) ;
#3054 = CYLINDRICAL_SURFACE ( 'NONE', #5692, 0.2999999999999999334 ) ;
#3055 = ORIENTED_EDGE ( 'NONE', *, *, #2977, .T. ) ;
#3056 = EDGE_CURVE ( 'NONE', #3300, #7408, #8544, .T. ) ;
#3057 = CARTESIAN_POINT ( 'NONE',  ( -2.500000000000000000, -1.499952333801978011, 0.1568365928198499903 ) ) ;
#3058 = DIRECTION ( 'NONE',  ( 0.0000000000000000000, 0.0000000000000000000, 1.000000000000000000 ) ) ;
#3059 = CARTESIAN_POINT ( 'NONE',  ( -2.500000000000000000, -1.980201857033480284, 0.2107517884320780077 ) ) ;
#3060 = CARTESIAN_POINT ( 'NONE',  ( 2.474345596219860166, 2.550000000000000266, 0.1000000000000000056 ) ) ;
#3061 = DIRECTION ( 'NONE',  ( 0.0000000000000000000, 1.000000000000000000, 0.0000000000000000000 ) ) ;
#3062 = DIRECTION ( 'NONE',  ( -1.000000000000000000, 0.0000000000000000000, 0.0000000000000000000 ) ) ;
#3063 = SURFACE_SIDE_STYLE ('',( #3935 ) ) ;
#3064 = CARTESIAN_POINT ( 'NONE',  ( 2.514530806164720023, 2.272314139548770040, 0.4829914680666220206 ) ) ;
#3065 = CARTESIAN_POINT ( 'NONE',  ( 2.600000000000000089, -2.000000000000000000, -0.3330127018922190429 ) ) ;
#3066 = B_SPLINE_CURVE_WITH_KNOTS ( 'NONE', 3,
 ( #7417, #8453, #3607, #217, #1913 ),
 .UNSPECIFIED., .F., .F.,
 ( 4, 1, 4 ),
 ( -8.179221189230645450E-15, 0.5353398335520201945, 1.000000000000000000 ),
 .UNSPECIFIED. ) ;
#3067 = FACE_OUTER_BOUND ( 'NONE', #7655, .T. ) ;
#3068 = VERTEX_POINT ( 'NONE', #2654 ) ;
#3069 = CARTESIAN_POINT ( 'NONE',  ( -2.688475225098109878, -2.054325264731505118, 0.3864410810002315011 ) ) ;
#3070 = CARTESIAN_POINT ( 'NONE',  ( -2.514530806164609888, -2.272314139548444967, 0.4829914680672950378 ) ) ;
#3071 = EDGE_CURVE ( 'NONE', #5784, #10711, #1390, .T. ) ;
#3072 = CARTESIAN_POINT ( 'NONE',  ( 0.1633928571428569787, 0.5823933679952270071, 2.799999999999999822 ) ) ;
#3073 = CARTESIAN_POINT ( 'NONE',  ( 1.149999999999999911, 2.979999999999999982, 0.1200000000000000094 ) ) ;
#3074 = ORIENTED_EDGE ( 'NONE', *, *, #7724, .T. ) ;
#3075 = CARTESIAN_POINT ( 'NONE',  ( -2.386684850650915291, -2.007610562367810214, 0.6500053618908976372 ) ) ;
#3076 = SURFACE_STYLE_USAGE ( .BOTH. , #1883 ) ;
#3077 = CARTESIAN_POINT ( 'NONE',  ( -2.717404301505629949, 1.693166517182134845, 0.5000000000000000000 ) ) ;
#3078 = DIRECTION ( 'NONE',  ( 1.533293416683373842E-15, -0.7071067811865474617, 0.7071067811865474617 ) ) ;
#3079 = ADVANCED_FACE ( 'NONE', ( #4290 ), #10169, .F. ) ;
#3080 = DIRECTION ( 'NONE',  ( 0.0000000000000000000, 1.000000000000000000, 0.0000000000000000000 ) ) ;
#3081 = COLOUR_RGB ( '',0.8431372549019607865, 0.8156862745098039102, 0.7529411764705882248 ) ;
#3082 = ORIENTED_EDGE ( 'NONE', *, *, #9686, .T. ) ;
#3083 = CARTESIAN_POINT ( 'NONE',  ( -2.500000000000000000, 2.050354991474444777, 0.1439358664218336192 ) ) ;
#3084 = ORIENTED_EDGE ( 'NONE', *, *, #10664, .F. ) ;
#3085 = CARTESIAN_POINT ( 'NONE',  ( -2.904507470624695387, 1.491642015642499874, 0.4829713793887560058 ) ) ;
#3086 = EDGE_CURVE ( 'NONE', #4666, #9768, #5016, .T. ) ;
#3087 =( GEOMETRIC_REPRESENTATION_CONTEXT ( 3 ) GLOBAL_UNCERTAINTY_ASSIGNED_CONTEXT ( ( #9552 ) ) GLOBAL_UNIT_ASSIGNED_CONTEXT ( ( #1628, #701, #7458 ) ) REPRESENTATION_CONTEXT ( 'NONE', 'WORKASPACE' ) );
#3088 = VERTEX_POINT ( 'NONE', #3584 ) ;
#3089 = SURFACE_SIDE_STYLE ('',( #7166 ) ) ;
#3090 = CARTESIAN_POINT ( 'NONE',  ( 0.2007521095612780082, 2.907481723192585132, 0.4886983618213260328 ) ) ;
#3091 = B_SPLINE_CURVE_WITH_KNOTS ( 'NONE', 3,
 ( #10459, #8715, #2997, #3706 ),
 .UNSPECIFIED., .F., .F.,
 ( 4, 4 ),
 ( 0.0000000000000000000, 1.000000000000000000 ),
 .UNSPECIFIED. ) ;
#3092 = CARTESIAN_POINT ( 'NONE',  ( -0.6048303819318570085, -2.911914524604100052, 0.4830454893425850105 ) ) ;
#3093 = CIRCLE ( 'NONE', #5698, 0.2000000000000000944 ) ;
#3094 = AXIS2_PLACEMENT_3D ( 'NONE', #2272, #2432, #5742 ) ;
#3095 = VECTOR ( 'NONE', #1815, 1000.000000000000000 ) ;
#3096 = LINE ( 'NONE', #9848, #3304 ) ;
#3097 = ORIENTED_EDGE ( 'NONE', *, *, #5175, .T. ) ;
#3098 = CARTESIAN_POINT ( 'NONE',  ( -0.1798682869810880047, 2.699736777569939683, 0.8025108550718229594 ) ) ;
#3099 = ADVANCED_FACE ( 'NONE', ( #1065 ), #2606, .T. ) ;
#3100 = CARTESIAN_POINT ( 'NONE',  ( 2.348303986364860041, -1.591583517580525076, 0.8037145940212889750 ) ) ;
#3101 = CARTESIAN_POINT ( 'NONE',  ( -2.638104590685184991, 2.018444947174689919, 0.3864410810002315011 ) ) ;
#3102 = DIRECTION ( 'NONE',  ( 1.000000000000000000, 0.0000000000000000000, 0.0000000000000000000 ) ) ;
#3103 =( NAMED_UNIT ( * ) SI_UNIT ( $, .STERADIAN. ) SOLID_ANGLE_UNIT ( ) );
#3104 = CARTESIAN_POINT ( 'NONE',  ( 2.679458114946164926, 1.431002296733309809, 2.123852666390144694 ) ) ;
#3105 = CARTESIAN_POINT ( 'NONE',  ( 2.002648789475485192, -1.189426189995790084, 1.461343339319270074 ) ) ;
#3106 =( GEOMETRIC_REPRESENTATION_CONTEXT ( 3 ) GLOBAL_UNCERTAINTY_ASSIGNED_CONTEXT ( ( #9226 ) ) GLOBAL_UNIT_ASSIGNED_CONTEXT ( ( #3222, #5526, #4772 ) ) REPRESENTATION_CONTEXT ( 'NONE', 'WORKASPACE' ) );
#3107 = CARTESIAN_POINT ( 'NONE',  ( 2.878086880944300319, -1.492313292883800102, 0.5000000000000000000 ) ) ;
#3108 = FACE_OUTER_BOUND ( 'NONE', #9546, .T. ) ;
#3109 = CARTESIAN_POINT ( 'NONE',  ( 0.1957044358701700015, -1.682492677044189922, 2.799999999999999822 ) ) ;
#3110 = VECTOR ( 'NONE', #3155, 1000.000000000000000 ) ;
#3111 = AXIS2_PLACEMENT_3D ( 'NONE', #9788, #3191, #9900 ) ;
#3112 = AXIS2_PLACEMENT_3D ( 'NONE', #4988, #719, #667 ) ;
#3113 = CARTESIAN_POINT ( 'NONE',  ( -2.308268658274315044, 2.001258567051140247, 0.7499414739566560018 ) ) ;
#3114 = EDGE_CURVE ( 'NONE', #9021, #7652, #10225, .T. ) ;
#3115 = ORIENTED_EDGE ( 'NONE', *, *, #3680, .T. ) ;
#3116 = ORIENTED_EDGE ( 'NONE', *, *, #4002, .T. ) ;
#3117 = CARTESIAN_POINT ( 'NONE',  ( 0.2112822484499475018, -0.5712598892987850174, 2.799999999999999822 ) ) ;
#3118 = CARTESIAN_POINT ( 'NONE',  ( -0.2399940192235975045, -0.4455790184769179985, 2.799999999999999822 ) ) ;
#3119 = CARTESIAN_POINT ( 'NONE',  ( 1.875735931288075031, -2.449999999999999734, 2.799999999999999822 ) ) ;
#3120 = CARTESIAN_POINT ( 'NONE',  ( 0.0000000000000000000, -2.699736777583944924, 0.8025108550506721006 ) ) ;
#3121 = FACE_OUTER_BOUND ( 'NONE', #570, .T. ) ;
#3122 =( NAMED_UNIT ( * ) SI_UNIT ( $, .STERADIAN. ) SOLID_ANGLE_UNIT ( ) );
#3123 =( GEOMETRIC_REPRESENTATION_CONTEXT ( 3 ) GLOBAL_UNCERTAINTY_ASSIGNED_CONTEXT ( ( #7552 ) ) GLOBAL_UNIT_ASSIGNED_CONTEXT ( ( #4376, #324, #104 ) ) REPRESENTATION_CONTEXT ( 'NONE', 'WORKASPACE' ) );
#3124 = CARTESIAN_POINT ( 'NONE',  ( 2.466143194322400589, -1.415801218290444030, 0.09999999999999997780 ) ) ;
#3125 = DIRECTION ( 'NONE',  ( 0.0000000000000000000, -1.000000000000000000, 0.0000000000000000000 ) ) ;
#3126 = COLOUR_RGB ( '',0.8431372549019607865, 0.8156862745098039102, 0.7529411764705882248 ) ;
#3127 = ORIENTED_EDGE ( 'NONE', *, *, #9875, .F. ) ;
#3128 = CARTESIAN_POINT ( 'NONE',  ( -2.636002227222250305, -2.006227488567974948, 0.3864410810002315011 ) ) ;
#3129 = CIRCLE ( 'NONE', #2445, 0.2999999999999999334 ) ;
#3130 = CARTESIAN_POINT ( 'NONE',  ( -2.415873556368010266, -2.899999999999999911, 0.5000000000000000000 ) ) ;
#3131 = CARTESIAN_POINT ( 'NONE',  ( 2.598606685463240140, 2.539787661519334883, 0.1126657477457679996 ) ) ;
#3132 = SURFACE_STYLE_USAGE ( .BOTH. , #5678 ) ;
#3133 = ORIENTED_EDGE ( 'NONE', *, *, #2741, .T. ) ;
#3134 = CARTESIAN_POINT ( 'NONE',  ( -2.355830170425819770, -2.051711416697175050, 0.6837139289032969636 ) ) ;
#3135 = LINE ( 'NONE', #5681, #10076 ) ;
#3136 = CARTESIAN_POINT ( 'NONE',  ( 2.718260478408085046, 0.3028946391764549828, 0.8041892781011611424 ) ) ;
#3137 = CARTESIAN_POINT ( 'NONE',  ( -2.518328024705509982, 1.980451181376739811, 0.4943278632906540349 ) ) ;
#3138 = CARTESIAN_POINT ( 'NONE',  ( -1.875735931288069924, 2.500000000000000000, 2.799999999999999822 ) ) ;
#3139 = EDGE_CURVE ( 'NONE', #5478, #9584, #10017, .T. ) ;
#3140 = UNCERTAINTY_MEASURE_WITH_UNIT (LENGTH_MEASURE( 1.000000000000000082E-05 ), #6428, 'distance_accuracy_value', 'NONE');
#3141 = CARTESIAN_POINT ( 'NONE',  ( -2.500000000000000000, 2.018167279722805407, 0.2147664594499839874 ) ) ;
#3142 = ORIENTED_EDGE ( 'NONE', *, *, #3423, .T. ) ;
#3143 = CARTESIAN_POINT ( 'NONE',  ( -2.888402768801745069, 1.477899322808184035, 0.5000000000000000000 ) ) ;
#3144 = VERTEX_POINT ( 'NONE', #8486 ) ;
#3145 = CARTESIAN_POINT ( 'NONE',  ( -2.878086880944305204, 1.492313292883800102, 0.5000000000000000000 ) ) ;
#3146 = CARTESIAN_POINT ( 'NONE',  ( 1.749606358508090098, 2.348405715795479853, 2.118498732073450075 ) ) ;
#3147 = CARTESIAN_POINT ( 'NONE',  ( -2.995452513925546345, -1.685878662847898779, 2.399999999999999911 ) ) ;
#3148 = SURFACE_STYLE_USAGE ( .BOTH. , #6615 ) ;
#3149 = UNCERTAINTY_MEASURE_WITH_UNIT (LENGTH_MEASURE( 1.000000000000000082E-05 ), #8950, 'distance_accuracy_value', 'NONE');
#3150 = EDGE_CURVE ( 'NONE', #10485, #3088, #1012, .T. ) ;
#3151 = CARTESIAN_POINT ( 'NONE',  ( 0.2737454707871019854, -1.737511983414869787, 2.799999999999999822 ) ) ;
#3152 = ORIENTED_EDGE ( 'NONE', *, *, #5581, .F. ) ;
#3153 = CARTESIAN_POINT ( 'NONE',  ( -1.207057892422418011, 2.905025367683810256, 0.4943458434214639263 ) ) ;
#3154 = CARTESIAN_POINT ( 'NONE',  ( 2.750555127830119684, -1.999444872169884979, 2.399999999999999911 ) ) ;
#3155 = DIRECTION ( 'NONE',  ( 1.000000000000000000, 0.0000000000000000000, 0.0000000000000000000 ) ) ;
#3156 = CARTESIAN_POINT ( 'NONE',  ( 2.863323362174334807, 1.533065447350600019, 0.4886481291991619513 ) ) ;
#3157 = CARTESIAN_POINT ( 'NONE',  ( 2.881345509011509876, -1.868654490988495009, 2.399999999999999911 ) ) ;
#3158 = CARTESIAN_POINT ( 'NONE',  ( 0.3595554346461874995, -1.799669026757134915, 2.799999999999999822 ) ) ;
#3159 = EDGE_CURVE ( 'NONE', #323, #6549, #7500, .T. ) ;
#3160 = VERTEX_POINT ( 'NONE', #6885 ) ;
#3161 = ORIENTED_EDGE ( 'NONE', *, *, #10690, .T. ) ;
#3162 = EDGE_LOOP ( 'NONE', ( #5768, #1217, #5641, #5529 ) ) ;
#3163 = CARTESIAN_POINT ( 'NONE',  ( -0.1860053306754375080, -0.4845545368601700265, 2.799999999999999822 ) ) ;
#3164 = CARTESIAN_POINT ( 'NONE',  ( -2.087867965644035095, -2.662132034355964905, 2.399999999999999911 ) ) ;
#3165 = CARTESIAN_POINT ( 'NONE',  ( 1.875735931288069924, -2.500000000000000000, 2.799999999999999822 ) ) ;
#3166 = CARTESIAN_POINT ( 'NONE',  ( -2.500000000000000000, 2.000933211029547909, 0.1115138197361250777 ) ) ;
#3167 = ORIENTED_EDGE ( 'NONE', *, *, #8532, .F. ) ;
#3168 = LINE ( 'NONE', #6586, #5728 ) ;
#3169 = PRESENTATION_STYLE_ASSIGNMENT (( #652 ) ) ;
#3170 = DIRECTION ( 'NONE',  ( -0.7808688094430307203, 0.6246950475544237324, 0.0000000000000000000 ) ) ;
#3171 = EDGE_CURVE ( 'NONE', #6608, #2259, #9561, .T. ) ;
#3172 = CARTESIAN_POINT ( 'NONE',  ( 2.500000000000000000, 1.499952333801978011, 0.1568365928198499903 ) ) ;
#3173 = ORIENTED_EDGE ( 'NONE', *, *, #9641, .F. ) ;
#3174 = LINE ( 'NONE', #4884, #5853 ) ;
#3175 = CARTESIAN_POINT ( 'NONE',  ( -1.941555537446685076, -2.234139756535235222, 2.119352388628465089 ) ) ;
#3176 = CARTESIAN_POINT ( 'NONE',  ( 1.875735931288069924, -2.750000000000000000, 2.399999999999999911 ) ) ;
#3177 = CARTESIAN_POINT ( 'NONE',  ( 0.2112822484499470022, 0.5508180327791369901, 2.790000000000000036 ) ) ;
#3178 = B_SPLINE_CURVE_WITH_KNOTS ( 'NONE', 3,
 ( #6647, #7414, #10753, #8293 ),
 .UNSPECIFIED., .F., .F.,
 ( 4, 4 ),
 ( 0.0000000000000000000, 1.000000000000000000 ),
 .UNSPECIFIED. ) ;
#3179 = PRESENTATION_STYLE_ASSIGNMENT (( #8351 ) ) ;
#3180 = ORIENTED_EDGE ( 'NONE', *, *, #8004, .F. ) ;
#3181 = DIRECTION ( 'NONE',  ( 0.0000000000000000000, 0.0000000000000000000, 1.000000000000000000 ) ) ;
#3182 = FACE_OUTER_BOUND ( 'NONE', #246, .T. ) ;
#3183 = CARTESIAN_POINT ( 'NONE',  ( 2.909987770370160209, 1.318451058272329890, 0.4886449461718759824 ) ) ;
#3184 = CARTESIAN_POINT ( 'NONE',  ( -1.974683639254745104, 1.233022982912532095, 1.460942128141041740 ) ) ;
#3185 = DIRECTION ( 'NONE',  ( -1.000000000000000000, 0.0000000000000000000, 0.0000000000000000000 ) ) ;
#3186 = DIRECTION ( 'NONE',  ( -1.000000000000000000, 0.0000000000000000000, 0.0000000000000000000 ) ) ;
#3187 = ORIENTED_EDGE ( 'NONE', *, *, #5089, .F. ) ;
#3188 = SURFACE_STYLE_USAGE ( .BOTH. , #8206 ) ;
#3189 = CARTESIAN_POINT ( 'NONE',  ( -2.747061367152280109, -0.9853709195971609436, 2.125412253719120237 ) ) ;
#3190 = EDGE_LOOP ( 'NONE', ( #5962, #7396, #6876, #8148 ) ) ;
#3191 = DIRECTION ( 'NONE',  ( 0.7071067811865475727, -0.7071067811865475727, 0.0000000000000000000 ) ) ;
#3192 = EDGE_CURVE ( 'NONE', #8017, #9720, #82, .T. ) ;
#3193 = CARTESIAN_POINT ( 'NONE',  ( 1.712896288290954860, 2.750000000000000000, 2.399999999999999911 ) ) ;
#3194 = CARTESIAN_POINT ( 'NONE',  ( -2.999999999997429168, -1.647676829792840580, 2.399999999999999911 ) ) ;
#3195 = CARTESIAN_POINT ( 'NONE',  ( -0.4305299670377235044, -2.456475914862500165, 1.449895245487661910 ) ) ;
#3196 = FACE_OUTER_BOUND ( 'NONE', #5618, .T. ) ;
#3197 = COLOUR_RGB ( '',0.7686274509803920907, 0.7686274509803920907, 0.7686274509803920907 ) ;
#3198 = ORIENTED_EDGE ( 'NONE', *, *, #3423, .F. ) ;
#3199 = CARTESIAN_POINT ( 'NONE',  ( -2.511309213653844630, 2.032212303713980095, 0.4886566389968859947 ) ) ;
#3200 = CARTESIAN_POINT ( 'NONE',  ( 2.589376507015315187, -1.853201260295034958, 0.5000000000000000000 ) ) ;
#3201 = FILL_AREA_STYLE_COLOUR ( '', #7450 ) ;
#3202 = EDGE_CURVE ( 'NONE', #4375, #4666, #6785, .T. ) ;
#3203 = PLANE ( 'NONE',  #9029 ) ;
#3204 = DIRECTION ( 'NONE',  ( 1.000000000000000000, 0.0000000000000000000, 0.0000000000000000000 ) ) ;
#3205 = CARTESIAN_POINT ( 'NONE',  ( 3.000000000000000000, 1.166354171412794072, 2.399999999999999911 ) ) ;
#3206 = CARTESIAN_POINT ( 'NONE',  ( 2.023957274233744830, -1.152080217332690060, 1.461567410581249948 ) ) ;
#3207 =( NAMED_UNIT ( * ) SI_UNIT ( $, .STERADIAN. ) SOLID_ANGLE_UNIT ( ) );
#3208 = CARTESIAN_POINT ( 'NONE',  ( -2.900669438257074795, -1.466034612636109902, 0.4943235739027899700 ) ) ;
#3209 = LINE ( 'NONE', #6574, #10045 ) ;
#3210 = PRESENTATION_LAYER_ASSIGNMENT (  '', '', ( #8252 ) ) ;
#3211 = EDGE_CURVE ( 'NONE', #2114, #4528, #5236, .T. ) ;
#3212 = ORIENTED_EDGE ( 'NONE', *, *, #9220, .T. ) ;
#3213 = FILL_AREA_STYLE ('',( #6424 ) ) ;
#3214 = ORIENTED_EDGE ( 'NONE', *, *, #1603, .T. ) ;
#3215 = CARTESIAN_POINT ( 'NONE',  ( -1.149999999999999911, -3.010000000000000231, 0.1100000000000000006 ) ) ;
#3216 = CARTESIAN_POINT ( 'NONE',  ( -0.1103230765775710109, -0.5348444495610580329, 2.790000000000000036 ) ) ;
#3217 = DIRECTION ( 'NONE',  ( 0.0000000000000000000, 0.0000000000000000000, 1.000000000000000000 ) ) ;
#3218 = CARTESIAN_POINT ( 'NONE',  ( 4.336808689942017736E-16, 2.899999999999999911, 0.5000000000000000000 ) ) ;
#3219 = FACE_OUTER_BOUND ( 'NONE', #9005, .T. ) ;
#3220 = CARTESIAN_POINT ( 'NONE',  ( -0.5999999999999999778, -1.109976761874901907, 2.799999999999999822 ) ) ;
#3221 = PLANE ( 'NONE',  #2442 ) ;
#3222 =( LENGTH_UNIT ( ) NAMED_UNIT ( * ) SI_UNIT ( .MILLI., .METRE. ) );
#3223 = MECHANICAL_DESIGN_GEOMETRIC_PRESENTATION_REPRESENTATION (  '', ( #8621 ), #6344 ) ;
#3224 = CARTESIAN_POINT ( 'NONE',  ( -2.500000000000000000, -2.013292903871350070, 0.1124026136533644027 ) ) ;
#3225 = EDGE_LOOP ( 'NONE', ( #7955, #8893 ) ) ;
#3226 = LINE ( 'NONE', #10694, #9160 ) ;
#3227 = CARTESIAN_POINT ( 'NONE',  ( -2.474268881909654993, -2.870371900535130028, 0.5000000000000000000 ) ) ;
#3228 = CARTESIAN_POINT ( 'NONE',  ( -3.000000000000000000, -1.625735931288069924, 2.799999999999999822 ) ) ;
#3229 = CARTESIAN_POINT ( 'NONE',  ( 0.4684256701484629803, 0.3641833521950575414, 2.790000000000000036 ) ) ;
#3230 = CARTESIAN_POINT ( 'NONE',  ( -0.1210968959524500038, -1.650842157676590150, 2.790000000000000036 ) ) ;
#3231 = EDGE_CURVE ( 'NONE', #7211, #7911, #857, .T. ) ;
#3232 = ORIENTED_EDGE ( 'NONE', *, *, #5629, .T. ) ;
#3233 = CARTESIAN_POINT ( 'NONE',  ( 2.916024452187854887, 1.448466002716535916, 0.4829701159546140321 ) ) ;
#3234 = CARTESIAN_POINT ( 'NONE',  ( -2.857273389256480112, 1.529511940980720075, 0.4943241291486790145 ) ) ;
#3235 = DIRECTION ( 'NONE',  ( 0.0000000000000000000, -0.7071067811865474617, -0.7071067811865474617 ) ) ;
#3236 = UNCERTAINTY_MEASURE_WITH_UNIT (LENGTH_MEASURE( 1.000000000000000082E-05 ), #9801, 'distance_accuracy_value', 'NONE');
#3237 = CARTESIAN_POINT ( 'NONE',  ( -2.565739357167094781, -1.882747697605315018, 0.5000000000000000000 ) ) ;
#3238 = ORIENTED_EDGE ( 'NONE', *, *, #1211, .T. ) ;
#3239 = DIRECTION ( 'NONE',  ( -2.667597244102225114E-16, 1.000000000000000000, 0.0000000000000000000 ) ) ;
#3240 = CARTESIAN_POINT ( 'NONE',  ( -2.904407109647064722, -1.074858337086171955, 0.4943208893853061059 ) ) ;
#3241 = ORIENTED_EDGE ( 'NONE', *, *, #5699, .F. ) ;
#3242 = PLANE ( 'NONE',  #10245 ) ;
#3243 = CARTESIAN_POINT ( 'NONE',  ( 0.1422628036281955999, 2.495562771045400030, 1.449528787390530038 ) ) ;
#3244 = AXIS2_PLACEMENT_3D ( 'NONE', #6111, #5310, #6000 ) ;
#3245 = AXIS2_PLACEMENT_3D ( 'NONE', #10250, #2787, #10345 ) ;
#3246 = CYLINDRICAL_SURFACE ( 'NONE', #983, 0.2000000000000000944 ) ;
#3247 = UNCERTAINTY_MEASURE_WITH_UNIT (LENGTH_MEASURE( 1.000000000000000082E-05 ), #10212, 'distance_accuracy_value', 'NONE');
#3248 = CARTESIAN_POINT ( 'NONE',  ( 2.600000000000000089, 2.799999999999999822, 0.5000000000000000000 ) ) ;
#3249 = MECHANICAL_DESIGN_GEOMETRIC_PRESENTATION_REPRESENTATION (  '', ( #9871 ), #5686 ) ;
#3250 = ORIENTED_EDGE ( 'NONE', *, *, #3171, .T. ) ;
#3251 = CARTESIAN_POINT ( 'NONE',  ( -2.310674057215215349, 1.892726241289099942, 2.121338251229345051 ) ) ;
#3252 = CARTESIAN_POINT ( 'NONE',  ( 2.500000000000000000, -2.053483384199759509, 0.5000000000000000000 ) ) ;
#3253 = CARTESIAN_POINT ( 'NONE',  ( -0.1141190710410199954, -1.655514509019274882, 2.790000000000000036 ) ) ;
#3254 = B_SPLINE_CURVE_WITH_KNOTS ( 'NONE', 3,
 ( #8128, #7303, #3124, #2308, #10638, #10476, #8846, #3843, #9059, #2412 ),
 .UNSPECIFIED., .F., .F.,
 ( 4, 1, 1, 2, 2, 4 ),
 ( 0.0000000000000000000, 0.2499999999999951150, 0.3749999999999926725, 0.4374999999999914513, 0.4999999999999902300, 1.000000000000000000 ),
 .UNSPECIFIED. ) ;
#3255 = DIRECTION ( 'NONE',  ( 0.0000000000000000000, -1.000000000000000000, 0.0000000000000000000 ) ) ;
#3256 = CARTESIAN_POINT ( 'NONE',  ( -2.414282326247679578, 2.004042074047625022, 0.6999999999999999556 ) ) ;
#3257 = CARTESIAN_POINT ( 'NONE',  ( 2.219687133765209985, 0.8026822139205549433, 1.463303691814350271 ) ) ;
#3258 = CARTESIAN_POINT ( 'NONE',  ( 2.722256683429670421, -1.697891262005625013, 0.4943253780891870286 ) ) ;
#3259 = CARTESIAN_POINT ( 'NONE',  ( 0.2238433465168744863, -1.621228280423699930, 2.799999999999999822 ) ) ;
#3260 = CARTESIAN_POINT ( 'NONE',  ( -2.894215292365830194, -1.481277601611452166, 0.4943236962484490737 ) ) ;
#3261 = CIRCLE ( 'NONE', #6732, 0.3250000000000000666 ) ;
#3262 = AXIS2_PLACEMENT_3D ( 'NONE', #2072, #1364, #587 ) ;
#3263 = AXIS2_PLACEMENT_3D ( 'NONE', #10283, #10388, #6235 ) ;
#3264 = EDGE_CURVE ( 'NONE', #3068, #784, #6128, .T. ) ;
#3265 = ORIENTED_EDGE ( 'NONE', *, *, #9698, .T. ) ;
#3266 = VECTOR ( 'NONE', #8193, 1000.000000000000000 ) ;
#3267 = PLANE ( 'NONE',  #4303 ) ;
#3268 = EDGE_CURVE ( 'NONE', #4087, #5598, #6941, .T. ) ;
#3269 = ORIENTED_EDGE ( 'NONE', *, *, #6328, .F. ) ;
#3270 = AXIS2_PLACEMENT_3D ( 'NONE', #8448, #6799, #9316 ) ;
#3271 = CARTESIAN_POINT ( 'NONE',  ( -0.4386870883860755077, -0.2999518678085135170, 2.799999999999999822 ) ) ;
#3272 = CARTESIAN_POINT ( 'NONE',  ( -3.000000000000000000, 2.550000000000000266, 0.1000000000000000056 ) ) ;
#3273 = DIRECTION ( 'NONE',  ( 1.000000000000000000, 0.0000000000000000000, 0.0000000000000000000 ) ) ;
#3274 = PLANE ( 'NONE',  #7816 ) ;
#3275 = CARTESIAN_POINT ( 'NONE',  ( -0.5999999999999999778, 0.9418089524108110844, 2.790000000000000036 ) ) ;
#3276 = COLOUR_RGB ( '',0.7686274509803920907, 0.7686274509803920907, 0.7686274509803920907 ) ;
#3277 = COLOUR_RGB ( '',0.8431372549019607865, 0.8156862745098039102, 0.7529411764705882248 ) ;
#3278 = MECHANICAL_DESIGN_GEOMETRIC_PRESENTATION_REPRESENTATION (  '', ( #10597 ), #2429 ) ;
#3279 = EDGE_CURVE ( 'NONE', #6305, #6632, #4381, .T. ) ;
#3280 = CARTESIAN_POINT ( 'NONE',  ( -2.499999999999999556, -2.007150937065703022, 0.1115138197361249528 ) ) ;
#3281 = VERTEX_POINT ( 'NONE', #10330 ) ;
#3282 = DIRECTION ( 'NONE',  ( 0.0000000000000000000, 0.0000000000000000000, -1.000000000000000000 ) ) ;
#3283 = CARTESIAN_POINT ( 'NONE',  ( -2.456039009938810302, -2.911542791029275268, 0.4886738444841700058 ) ) ;
#3284 = PLANE ( 'NONE',  #10390 ) ;
#3285 = FILL_AREA_STYLE ('',( #2365 ) ) ;
#3286 = COLOUR_RGB ( '',0.7686274509803920907, 0.7686274509803920907, 0.7686274509803920907 ) ;
#3287 = CARTESIAN_POINT ( 'NONE',  ( -0.2726693823799060112, -1.544211465315210141, 2.790000000000000036 ) ) ;
#3288 =( GEOMETRIC_REPRESENTATION_CONTEXT ( 3 ) GLOBAL_UNCERTAINTY_ASSIGNED_CONTEXT ( ( #3455 ) ) GLOBAL_UNIT_ASSIGNED_CONTEXT ( ( #7950, #582, #5567 ) ) REPRESENTATION_CONTEXT ( 'NONE', 'WORKASPACE' ) );
#3289 = ORIENTED_EDGE ( 'NONE', *, *, #4206, .F. ) ;
#3290 = LINE ( 'NONE', #10647, #5887 ) ;
#3291 = AXIS2_PLACEMENT_3D ( 'NONE', #7138, #3062, #10472 ) ;
#3292 = SURFACE_SIDE_STYLE ('',( #4109 ) ) ;
#3293 = CARTESIAN_POINT ( 'NONE',  ( 2.700762448289840467, 1.320183461661259994, 2.124324567300089672 ) ) ;
#3294 = CARTESIAN_POINT ( 'NONE',  ( -2.905332556359375040, 1.438614237954110253, 0.4943235401878899316 ) ) ;
#3295 =( NAMED_UNIT ( * ) SI_UNIT ( $, .STERADIAN. ) SOLID_ANGLE_UNIT ( ) );
#3296 = MECHANICAL_DESIGN_GEOMETRIC_PRESENTATION_REPRESENTATION (  '', ( #6922 ), #9538 ) ;
#3297 = EDGE_CURVE ( 'NONE', #8480, #2277, #5445, .T. ) ;
#3298 = MECHANICAL_DESIGN_GEOMETRIC_PRESENTATION_REPRESENTATION (  '', ( #8691 ), #8520 ) ;
#3299 = CARTESIAN_POINT ( 'NONE',  ( 2.500000000006090239, 2.053483384128894862, 0.4999999999999479861 ) ) ;
#3300 = VERTEX_POINT ( 'NONE', #6945 ) ;
#3301 = FILL_AREA_STYLE_COLOUR ( '', #5673 ) ;
#3302 = CARTESIAN_POINT ( 'NONE',  ( -2.632657433626894861, -1.101249852203001867, 0.8039406313080140754 ) ) ;
#3303 = ORIENTED_EDGE ( 'NONE', *, *, #3333, .F. ) ;
#3304 = VECTOR ( 'NONE', #9034, 1000.000000000000000 ) ;
#3305 = CARTESIAN_POINT ( 'NONE',  ( -0.6025543913228429416, 2.903971508200684948, 0.4943484964471410170 ) ) ;
#3306 = SURFACE_STYLE_USAGE ( .BOTH. , #10774 ) ;
#3307 =( GEOMETRIC_REPRESENTATION_CONTEXT ( 3 ) GLOBAL_UNCERTAINTY_ASSIGNED_CONTEXT ( ( #4556 ) ) GLOBAL_UNIT_ASSIGNED_CONTEXT ( ( #638, #8938, #3207 ) ) REPRESENTATION_CONTEXT ( 'NONE', 'WORKASPACE' ) );
#3308 = CARTESIAN_POINT ( 'NONE',  ( -0.1798682867974309985, -2.699736777583944924, 0.8025108550506721006 ) ) ;
#3309 = EDGE_CURVE ( 'NONE', #7408, #1070, #8013, .T. ) ;
#3310 = EDGE_LOOP ( 'NONE', ( #4748, #4779, #9640, #1854, #5605, #3385, #10616 ) ) ;
#3311 = CARTESIAN_POINT ( 'NONE',  ( -1.449999999999999956, 1.184960637368067893, 2.790000000000000036 ) ) ;
#3312 = CARTESIAN_POINT ( 'NONE',  ( -2.504517769480759881, 2.137023792731529870, 0.4943293444854069407 ) ) ;
#3313 = CARTESIAN_POINT ( 'NONE',  ( 2.457636968351410101, -1.440232106444152116, 0.8037851149204979784 ) ) ;
#3314 = CARTESIAN_POINT ( 'NONE',  ( 0.1722171299342409867, -0.5448177730144609932, 2.790000000000000036 ) ) ;
#3315 = CARTESIAN_POINT ( 'NONE',  ( 1.911091270347400117, 2.485355339059324820, 2.799999999999999822 ) ) ;
#3316 = DIRECTION ( 'NONE',  ( 0.0000000000000000000, -1.000000000000000000, 0.0000000000000000000 ) ) ;
#3317 = B_SPLINE_CURVE_WITH_KNOTS ( 'NONE', 3,
 ( #3713, #5520, #10355, #2887, #8839, #3059, #2955, #5470, #8777, #6202, #7902, #9529, #1307, #7958, #10469, #3006, #4716, #3933, #4649, #7238, #426, #3890, #1255, #3836, #4767, #8721, #7849, #9760, #8020, #491, #5414 ),
 .UNSPECIFIED., .F., .F.,
 ( 4, 3, 3, 3, 3, 3, 3, 3, 3, 3, 4 ),
 ( 0.0001261699958572444643, 0.0001404305151617839817, 0.0001560143090828020236, 0.0001723226661476895080, 0.0001897681271263104989, 0.0002081609893748595042, 0.0002268531952819340201, 0.0002451603384005170442, 0.0002627235218342299870, 0.0002795558719831110045, 0.0002866475043391305795 ),
 .UNSPECIFIED. ) ;
#3318 = CARTESIAN_POINT ( 'NONE',  ( 2.702124418022505026, 1.309070644158859986, 2.124358696580259664 ) ) ;
#3319 = CARTESIAN_POINT ( 'NONE',  ( 2.273480152136609700, -1.732202733168960007, 0.8036276495629279815 ) ) ;
#3320 = CARTESIAN_POINT ( 'NONE',  ( 0.1693741817512280090, -1.658277757035669930, 2.799999999999999822 ) ) ;
#3321 = CARTESIAN_POINT ( 'NONE',  ( -2.810572396967790265, -1.598703343523425024, 0.4886491287868999223 ) ) ;
#3322 = CARTESIAN_POINT ( 'NONE',  ( 3.000000000000000000, -1.625735931288069924, 2.399999999999999911 ) ) ;
#3323 = B_SPLINE_CURVE_WITH_KNOTS ( 'NONE', 3,
 ( #5712, #10726, #3259, #8986, #6571, #3320, #2459 ),
 .UNSPECIFIED., .F., .F.,
 ( 4, 1, 1, 1, 4 ),
 ( 0.0000000000000000000, 0.2958783195951240064, 0.5611080725506870648, 0.7963677377324649420, 1.000000000000000000 ),
 .UNSPECIFIED. ) ;
#3324 = ORIENTED_EDGE ( 'NONE', *, *, #4724, .T. ) ;
#3325 = VECTOR ( 'NONE', #7434, 1000.000000000000000 ) ;
#3326 = SURFACE_STYLE_FILL_AREA ( #10797 ) ;
#3327 = CARTESIAN_POINT ( 'NONE',  ( -2.878086880944305204, -1.492313292883800102, 0.5000000000000000000 ) ) ;
#3328 = SURFACE_STYLE_USAGE ( .BOTH. , #7506 ) ;
#3329 = CARTESIAN_POINT ( 'NONE',  ( 2.500000000000000000, -2.070156211871640117, 0.5000000000000000000 ) ) ;
#3330 = LINE ( 'NONE', #10686, #270 ) ;
#3331 = CARTESIAN_POINT ( 'NONE',  ( 1.875735931288069924, -2.750000000000000000, 2.399999999999999911 ) ) ;
#3332 = STYLED_ITEM ( 'NONE', ( #10780 ), #10661 ) ;
#3333 = EDGE_CURVE ( 'NONE', #5119, #3017, #5280, .T. ) ;
#3334 = CARTESIAN_POINT ( 'NONE',  ( 2.806066017177979877, 1.731801948466054952, 2.700000000000000178 ) ) ;
#3335 = CARTESIAN_POINT ( 'NONE',  ( -2.500000000000000000, -2.051863758591209841, 0.1473126203933600165 ) ) ;
#3336 = ORIENTED_EDGE ( 'NONE', *, *, #10803, .T. ) ;
#3337 = CARTESIAN_POINT ( 'NONE',  ( 2.474268881909649664, 2.870371900535134913, 0.5000000000000000000 ) ) ;
#3338 = CARTESIAN_POINT ( 'NONE',  ( -2.102119455104354717, -2.393819978613390020, 0.8031671104314560550 ) ) ;
#3339 = CARTESIAN_POINT ( 'NONE',  ( -2.658125821972565195, -1.962703346606424981, 0.3864410810002315011 ) ) ;
#3340 = CARTESIAN_POINT ( 'NONE',  ( -0.1207400502135409920, 0.5768320798091510770, 2.799999999999999822 ) ) ;
#3341 = CARTESIAN_POINT ( 'NONE',  ( -0.2399940192235975045, -1.567656940554840173, 2.790000000000000036 ) ) ;
#3342 = VERTEX_POINT ( 'NONE', #8752 ) ;
#3343 = CARTESIAN_POINT ( 'NONE',  ( 2.700000000000000178, 1.625735931288069924, 2.700000000000000178 ) ) ;
#3344 = FACE_OUTER_BOUND ( 'NONE', #10666, .T. ) ;
#3345 = ADVANCED_FACE ( 'NONE', ( #4567 ), #5498, .T. ) ;
#3346 = CARTESIAN_POINT ( 'NONE',  ( 2.206728321161609774, 0.8169145276201400518, 1.463173140499087976 ) ) ;
#3347 = CARTESIAN_POINT ( 'NONE',  ( -2.664404656877279898, 0.8978836584117820818, 0.8040196820524019294 ) ) ;
#3348 =( NAMED_UNIT ( * ) SI_UNIT ( $, .STERADIAN. ) SOLID_ANGLE_UNIT ( ) );
#3349 = EDGE_CURVE ( 'NONE', #1934, #4043, #9502, .T. ) ;
#3350 = UNCERTAINTY_MEASURE_WITH_UNIT (LENGTH_MEASURE( 1.000000000000000082E-05 ), #2571, 'distance_accuracy_value', 'NONE');
#3351 = CARTESIAN_POINT ( 'NONE',  ( -2.399999999999999911, -2.799999999999999822, 0.1200000000000000094 ) ) ;
#3352 = ORIENTED_EDGE ( 'NONE', *, *, #8034, .F. ) ;
#3353 = FILL_AREA_STYLE ('',( #3301 ) ) ;
#3354 = CARTESIAN_POINT ( 'NONE',  ( -2.489480336324545018, -0.4130080832200870300, 1.465667759571099849 ) ) ;
#3355 = ORIENTED_EDGE ( 'NONE', *, *, #2863, .T. ) ;
#3356 = CARTESIAN_POINT ( 'NONE',  ( 2.878086880944305204, 1.492313292883800102, 0.5000000000000000000 ) ) ;
#3357 = CARTESIAN_POINT ( 'NONE',  ( -1.749606358632449954, 2.348405715800499838, 2.118498732076294910 ) ) ;
#3358 = CARTESIAN_POINT ( 'NONE',  ( -0.1210968959524503924, 0.5933136864792570853, 2.790000000000000036 ) ) ;
#3359 = SURFACE_STYLE_FILL_AREA ( #5164 ) ;
#3360 = B_SPLINE_CURVE_WITH_KNOTS ( 'NONE', 3,
 ( #5991, #3446, #1803, #6967, #2791, #10304, #6103, #6854, #7736, #2837, #5202 ),
 .UNSPECIFIED., .F., .F.,
 ( 4, 1, 1, 1, 1, 1, 1, 1, 4 ),
 ( 0.0000000000000000000, 0.1818627159604200016, 0.3478693513041130059, 0.4980370164793330168, 0.6302069238042270483, 0.7473112184362139532, 0.8479049363245800830, 0.9323595851926930189, 1.000000000000000000 ),
 .UNSPECIFIED. ) ;
#3361 = CARTESIAN_POINT ( 'NONE',  ( 0.2464285714285714968, -1.602833904732045012, 2.790000000000000036 ) ) ;
#3362 = ORIENTED_EDGE ( 'NONE', *, *, #3936, .T. ) ;
#3363 = PRESENTATION_STYLE_ASSIGNMENT (( #584 ) ) ;
#3364 = CARTESIAN_POINT ( 'NONE',  ( -2.513553308442280088, 2.148726931619870051, 0.4829880334562209887 ) ) ;
#3365 = ORIENTED_EDGE ( 'NONE', *, *, #1234, .F. ) ;
#3366 = DIRECTION ( 'NONE',  ( 0.0000000000000000000, 1.000000000000000000, 0.0000000000000000000 ) ) ;
#3367 = CARTESIAN_POINT ( 'NONE',  ( -0.2726693823799060112, -1.544211465315210141, 2.799999999999999822 ) ) ;
#3368 = DIRECTION ( 'NONE',  ( -0.8169522701909389673, -0.5767052871526938684, 0.0000000000000000000 ) ) ;
#3369 = EDGE_CURVE ( 'NONE', #3088, #6658, #460, .T. ) ;
#3370 = CARTESIAN_POINT ( 'NONE',  ( 2.546481966655614659, 1.944455594522469966, 0.4829822350170590028 ) ) ;
#3371 = CARTESIAN_POINT ( 'NONE',  ( 2.206425842623854994, -0.8081854922219839921, 1.463121270802062002 ) ) ;
#3372 = CARTESIAN_POINT ( 'NONE',  ( -2.455619438748245287, -1.748071640376750002, 2.122128831536900240 ) ) ;
#3373 = CARTESIAN_POINT ( 'NONE',  ( -0.1090909090909090023, -0.5384670216151629107, 2.790000000000000036 ) ) ;
#3374 = EDGE_LOOP ( 'NONE', ( #4585, #8294, #9061, #1245 ) ) ;
#3375 = CARTESIAN_POINT ( 'NONE',  ( 2.208192420065844708, -2.908332164593259606, 0.4943389081218420023 ) ) ;
#3376 =( LENGTH_UNIT ( ) NAMED_UNIT ( * ) SI_UNIT ( .MILLI., .METRE. ) );
#3377 = CARTESIAN_POINT ( 'NONE',  ( 2.087867965644035095, 2.662132034355964905, 2.399999999999999911 ) ) ;
#3378 = DIRECTION ( 'NONE',  ( -1.000000000000000000, 0.0000000000000000000, 0.0000000000000000000 ) ) ;
#3379 = CARTESIAN_POINT ( 'NONE',  ( 2.601019822355705280, -1.232665626328331987, 0.8038699641218449710 ) ) ;
#3380 = CARTESIAN_POINT ( 'NONE',  ( 1.749606358633975178, -2.348405715793974835, 2.118498732064039825 ) ) ;
#3381 = CARTESIAN_POINT ( 'NONE',  ( 1.981801948466055396, -2.556066017177979877, 2.700000000000000178 ) ) ;
#3382 = CARTESIAN_POINT ( 'NONE',  ( 0.2502590124535895022, 0.5232100187596681051, 2.799999999999999822 ) ) ;
#3383 = AXIS2_PLACEMENT_3D ( 'NONE', #7074, #7016, #4590 ) ;
#3384 = LINE ( 'NONE', #10140, #4269 ) ;
#3385 = ORIENTED_EDGE ( 'NONE', *, *, #9789, .F. ) ;
#3386 = CARTESIAN_POINT ( 'NONE',  ( -0.1798682867974309985, -2.699736777583944924, 0.8025108550506721006 ) ) ;
#3387 = CARTESIAN_POINT ( 'NONE',  ( -2.589586673712330089, 2.548064364196604981, 0.1024473452966978004 ) ) ;
#3388 = CARTESIAN_POINT ( 'NONE',  ( -1.888842569921119097, 2.749999999993592681, 2.399999999999999023 ) ) ;
#3389 = CARTESIAN_POINT ( 'NONE',  ( -2.998981725600585069, -1.449999999999999956, 0.1000000000000000056 ) ) ;
#3390 = VERTEX_POINT ( 'NONE', #7877 ) ;
#3391 = CARTESIAN_POINT ( 'NONE',  ( -2.500000000000000000, 2.000000000000000000, -0.3330127018922190429 ) ) ;
#3392 = B_SPLINE_CURVE_WITH_KNOTS ( 'NONE', 3,
 ( #2635, #9227, #7579, #5209, #932, #5904, #7641, #3616, #171, #222, #8460, #3456, #10105, #7742, #7802, #2743, #1042, #1762, #5947, #10046, #333, #5104, #1811, #4268, #3509, #2684, #4383, #6055, #9384, #9435, #6808, #1969, #985, #271 ),
 .UNSPECIFIED., .F., .F.,
 ( 4, 3, 3, 3, 3, 3, 3, 3, 3, 3, 3, 4 ),
 ( 0.0002001461013107792960, 0.0002023289412972870149, 0.0002188893448122935159, 0.0002354660596296565033, 0.0002522233053344404984, 0.0002692041539340999973, 0.0002863269633350305028, 0.0003034595555169395330, 0.0003142338884193805141, 0.0003310126246500214270, 0.0003477964933254314920, 0.0003572314119595679759 ),
 .UNSPECIFIED. ) ;
#3393 = CARTESIAN_POINT ( 'NONE',  ( 2.691134961480139864, 1.386668582532678107, 2.124064767125630304 ) ) ;
#3394 = CARTESIAN_POINT ( 'NONE',  ( -2.892260077618109992, 1.497151807020949965, 0.4886477139791919888 ) ) ;
#3395 = MECHANICAL_DESIGN_GEOMETRIC_PRESENTATION_REPRESENTATION (  '', ( #70 ), #8432 ) ;
#3396 =( LENGTH_UNIT ( ) NAMED_UNIT ( * ) SI_UNIT ( .MILLI., .METRE. ) );
#3397 = CARTESIAN_POINT ( 'NONE',  ( -0.2726693823799065108, 0.6999443788406309874, 2.799999999999999822 ) ) ;
#3398 = EDGE_CURVE ( 'NONE', #9768, #10531, #3744, .T. ) ;
#3399 = TOROIDAL_SURFACE ( 'NONE', #4811, 0.2750000000000000222, 0.05000000000000000278 ) ;
#3400 = ORIENTED_EDGE ( 'NONE', *, *, #6942, .T. ) ;
#3401 = FILL_AREA_STYLE ('',( #4222 ) ) ;
#3402 = CARTESIAN_POINT ( 'NONE',  ( -2.910682968125135162, -1.444112424348461987, 0.4886467439700620252 ) ) ;
#3403 = DIRECTION ( 'NONE',  ( 0.0000000000000000000, 0.0000000000000000000, -1.000000000000000000 ) ) ;
#3404 = VERTEX_POINT ( 'NONE', #5391 ) ;
#3405 = EDGE_CURVE ( 'NONE', #750, #1001, #1940, .T. ) ;
#3406 = CARTESIAN_POINT ( 'NONE',  ( -2.487374478055759841, 2.888901700429914676, 0.4886730660060699671 ) ) ;
#3407 = TOROIDAL_SURFACE ( 'NONE', #7222, 0.2750000000000000222, 0.05000000000000000278 ) ;
#3408 = ADVANCED_FACE ( 'NONE', ( #3804 ), #10443, .T. ) ;
#3409 = CARTESIAN_POINT ( 'NONE',  ( 0.2238433465168744863, -1.621228280423699930, 2.790000000000000036 ) ) ;
#3410 = EDGE_LOOP ( 'NONE', ( #4741, #8380, #10275, #4309 ) ) ;
#3411 = FACE_OUTER_BOUND ( 'NONE', #10681, .T. ) ;
#3412 = CARTESIAN_POINT ( 'NONE',  ( -2.512976523454175215, 2.070111366155495070, 0.4829858793017140495 ) ) ;
#3413 = ORIENTED_EDGE ( 'NONE', *, *, #8725, .T. ) ;
#3414 = TOROIDAL_SURFACE ( 'NONE', #8632, 0.2750000000000000222, 0.05000000000000000278 ) ;
#3415 = DIRECTION ( 'NONE',  ( 2.667597244102220184E-16, -1.000000000000000000, 0.0000000000000000000 ) ) ;
#3416 = CARTESIAN_POINT ( 'NONE',  ( 0.5999999999999999778, -0.03465208655022754963, 2.790000000000000036 ) ) ;
#3417 = CARTESIAN_POINT ( 'NONE',  ( 1.951039452977745059, 1.262055402779407975, 1.460533545293135838 ) ) ;
#3418 = CARTESIAN_POINT ( 'NONE',  ( 2.220702636113594863, -0.7830685070676449699, 1.463223041618125997 ) ) ;
#3419 = CARTESIAN_POINT ( 'NONE',  ( -2.258145803732819701, -1.817914402058219858, 0.8035727779229590029 ) ) ;
#3420 = LINE ( 'NONE', #297, #9003 ) ;
#3421 = VECTOR ( 'NONE', #8825, 1000.000000000000000 ) ;
#3422 = UNCERTAINTY_MEASURE_WITH_UNIT (LENGTH_MEASURE( 1.000000000000000082E-05 ), #7634, 'distance_accuracy_value', 'NONE');
#3423 = EDGE_CURVE ( 'NONE', #452, #3989, #55, .T. ) ;
#3424 = VERTEX_POINT ( 'NONE', #5753 ) ;
#3425 = CARTESIAN_POINT ( 'NONE',  ( 1.712896288278569878, -2.750000000000000000, 2.399999999999999911 ) ) ;
#3426 = FILL_AREA_STYLE_COLOUR ( '', #4320 ) ;
#3427 = FILL_AREA_STYLE_COLOUR ( '', #6746 ) ;
#3428 = SURFACE_STYLE_USAGE ( .BOTH. , #6896 ) ;
#3429 = CARTESIAN_POINT ( 'NONE',  ( 2.526315210482164897, -1.342472989646976034, 0.8038257709644850424 ) ) ;
#3430 = CARTESIAN_POINT ( 'NONE',  ( 1.394212631658720003, -2.750000000000000000, 2.399999999999999911 ) ) ;
#3431 = MECHANICAL_DESIGN_GEOMETRIC_PRESENTATION_REPRESENTATION (  '', ( #8301 ), #8475 ) ;
#3432 = FILL_AREA_STYLE_COLOUR ( '', #849 ) ;
#3433 = COLOUR_RGB ( '',0.8431372549019607865, 0.8156862745098039102, 0.7529411764705882248 ) ;
#3434 = CARTESIAN_POINT ( 'NONE',  ( 2.399999999999999911, 2.000000000000000000, 2.328125000000000000 ) ) ;
#3435 = CARTESIAN_POINT ( 'NONE',  ( 0.3595554346461869999, 0.4444868173987089888, 2.790000000000000036 ) ) ;
#3436 = VECTOR ( 'NONE', #5415, 1000.000000000000000 ) ;
#3437 = EDGE_CURVE ( 'NONE', #7677, #3404, #1899, .T. ) ;
#3438 = MECHANICAL_DESIGN_GEOMETRIC_PRESENTATION_REPRESENTATION (  '', ( #10760 ), #477 ) ;
#3439 = PRESENTATION_LAYER_ASSIGNMENT (  '', '', ( #4853 ) ) ;
#3440 = CARTESIAN_POINT ( 'NONE',  ( -2.600000000000000089, 2.070156211871640117, 0.5000000000000000000 ) ) ;
#3441 = ORIENTED_EDGE ( 'NONE', *, *, #5726, .F. ) ;
#3442 =( NAMED_UNIT ( * ) PLANE_ANGLE_UNIT ( ) SI_UNIT ( $, .RADIAN. ) );
#3443 = CARTESIAN_POINT ( 'NONE',  ( -0.2003760547295855010, -2.903740861596030509, 0.4943491809110580060 ) ) ;
#3444 = CARTESIAN_POINT ( 'NONE',  ( -2.597577402033925065, 2.541838924080060291, 0.1101784073421051974 ) ) ;
#3445 = CARTESIAN_POINT ( 'NONE',  ( -1.918062981952577184, 2.748290565984645717, 2.399999999999999467 ) ) ;
#3446 = CARTESIAN_POINT ( 'NONE',  ( -0.2517973613883850437, -0.6358536280694090381, 2.799999999999999822 ) ) ;
#3447 = CARTESIAN_POINT ( 'NONE',  ( -1.149999999999999911, 3.010000000000000231, 0.09000000000000001055 ) ) ;
#3448 = CARTESIAN_POINT ( 'NONE',  ( -0.5999999999999999778, -2.004132606030744945, 2.790000000000000036 ) ) ;
#3449 = CARTESIAN_POINT ( 'NONE',  ( 2.526988441291119880, 1.990555257699359926, 0.4829835898717710352 ) ) ;
#3450 = AXIS2_PLACEMENT_3D ( 'NONE', #8897, #4715, #3058 ) ;
#3451 = CARTESIAN_POINT ( 'NONE',  ( -2.997147200504454823, 1.670498782292965112, 2.399999999999999911 ) ) ;
#3452 = CIRCLE ( 'NONE', #3623, 0.2000000000000000944 ) ;
#3453 = VECTOR ( 'NONE', #3004, 1000.000000000000000 ) ;
#3454 = CARTESIAN_POINT ( 'NONE',  ( -2.308340596691275337, 2.025437097356365346, 0.7453884500750729281 ) ) ;
#3455 = UNCERTAINTY_MEASURE_WITH_UNIT (LENGTH_MEASURE( 1.000000000000000082E-05 ), #7950, 'distance_accuracy_value', 'NONE');
#3456 = CARTESIAN_POINT ( 'NONE',  ( -2.656244020622560154, 1.963650522239694940, 0.3864410810002315011 ) ) ;
#3457 =( GEOMETRIC_REPRESENTATION_CONTEXT ( 3 ) GLOBAL_UNCERTAINTY_ASSIGNED_CONTEXT ( ( #402 ) ) GLOBAL_UNIT_ASSIGNED_CONTEXT ( ( #4246, #200, #3538 ) ) REPRESENTATION_CONTEXT ( 'NONE', 'WORKASPACE' ) );
#3458 = AXIS2_PLACEMENT_3D ( 'NONE', #8100, #9675, #621 ) ;
#3459 = VERTEX_POINT ( 'NONE', #7376 ) ;
#3460 = LINE ( 'NONE', #6810, #2559 ) ;
#3461 = PRESENTATION_LAYER_ASSIGNMENT (  '', '', ( #2588 ) ) ;
#3462 = CARTESIAN_POINT ( 'NONE',  ( -2.571050564594799859, -1.279264838929405901, 0.8038554312423720205 ) ) ;
#3463 = DIRECTION ( 'NONE',  ( 0.0000000000000000000, 1.000000000000000000, 0.0000000000000000000 ) ) ;
#3464 = LINE ( 'NONE', #6769, #118 ) ;
#3465 = VERTEX_POINT ( 'NONE', #10554 ) ;
#3466 = CARTESIAN_POINT ( 'NONE',  ( -1.394212631658720003, 2.750000000000000000, 2.399999999999999911 ) ) ;
#3467 = DIRECTION ( 'NONE',  ( 0.0000000000000000000, 1.000000000000000000, 0.0000000000000000000 ) ) ;
#3468 = ADVANCED_FACE ( 'NONE', ( #4847 ), #6401, .T. ) ;
#3469 = CARTESIAN_POINT ( 'NONE',  ( 0.5999999999999999778, -1.156730008628150230, 2.790000000000000036 ) ) ;
#3470 = LINE ( 'NONE', #8533, #8549 ) ;
#3471 = ORIENTED_EDGE ( 'NONE', *, *, #8629, .T. ) ;
#3472 =( LENGTH_UNIT ( ) NAMED_UNIT ( * ) SI_UNIT ( .MILLI., .METRE. ) );
#3473 = CARTESIAN_POINT ( 'NONE',  ( -2.537633058877144965, 1.934769766093760168, 0.4943274116724190592 ) ) ;
#3474 = ORIENTED_EDGE ( 'NONE', *, *, #3297, .T. ) ;
#3475 = ORIENTED_EDGE ( 'NONE', *, *, #931, .F. ) ;
#3476 = CARTESIAN_POINT ( 'NONE',  ( -0.1670664863060850047, -1.697854384810445039, 2.799999999999999822 ) ) ;
#3477 = CIRCLE ( 'NONE', #1380, 2.328125000000000000 ) ;
#3478 = CARTESIAN_POINT ( 'NONE',  ( -0.5999999999999999778, -1.302346891745032043, 2.799999999999999822 ) ) ;
#3479 = CARTESIAN_POINT ( 'NONE',  ( -0.5999999999999999778, -1.302346891745032043, 2.790000000000000036 ) ) ;
#3480 = CARTESIAN_POINT ( 'NONE',  ( 2.533492427778849976, 1.929351531069035008, 0.5000000000000000000 ) ) ;
#3481 = CARTESIAN_POINT ( 'NONE',  ( 2.852020077958945077, -1.524896796615500039, 0.5000000000000000000 ) ) ;
#3482 = CARTESIAN_POINT ( 'NONE',  ( 0.02897727272727285142, -0.6348955930437339967, 2.790000000000000036 ) ) ;
#3483 = EDGE_CURVE ( 'NONE', #8666, #10099, #10211, .T. ) ;
#3484 = CARTESIAN_POINT ( 'NONE',  ( -2.348353637465555366, -1.591469991745199986, 0.8037149436066410857 ) ) ;
#3485 = LINE ( 'NONE', #7550, #10742 ) ;
#3486 = AXIS2_PLACEMENT_3D ( 'NONE', #34, #5970, #6829 ) ;
#3487 = ORIENTED_EDGE ( 'NONE', *, *, #3333, .T. ) ;
#3488 = CARTESIAN_POINT ( 'NONE',  ( 0.0000000000000000000, -2.619532199182979859, 2.113405993156165064 ) ) ;
#3489 =( NAMED_UNIT ( * ) PLANE_ANGLE_UNIT ( ) SI_UNIT ( $, .RADIAN. ) );
#3490 = DIRECTION ( 'NONE',  ( 0.0000000000000000000, 2.607906433683253552E-15, 1.000000000000000000 ) ) ;
#3491 =( NAMED_UNIT ( * ) PLANE_ANGLE_UNIT ( ) SI_UNIT ( $, .RADIAN. ) );
#3492 = CARTESIAN_POINT ( 'NONE',  ( 2.910665112718845204, -1.443106157728704098, 0.4886470803757580472 ) ) ;
#3493 = CARTESIAN_POINT ( 'NONE',  ( 1.073638351633381838, -2.630972050073669521, 0.8026895241447019602 ) ) ;
#3494 = FILL_AREA_STYLE ('',( #8607 ) ) ;
#3495 = CARTESIAN_POINT ( 'NONE',  ( -2.600000000000000089, -2.799999999999999822, 0.1200000000000000094 ) ) ;
#3496 = CARTESIAN_POINT ( 'NONE',  ( 0.2296077742320664916, 0.5382787922413869719, 2.799999999999999822 ) ) ;
#3497 = ORIENTED_EDGE ( 'NONE', *, *, #86, .T. ) ;
#3498 = FILL_AREA_STYLE ('',( #160 ) ) ;
#3499 = CARTESIAN_POINT ( 'NONE',  ( -0.6025543909145509858, -2.903971508201365292, 0.4943484964475289289 ) ) ;
#3500 = SURFACE_SIDE_STYLE ('',( #6598 ) ) ;
#3501 = FACE_OUTER_BOUND ( 'NONE', #7353, .T. ) ;
#3502 = CARTESIAN_POINT ( 'NONE',  ( -0.1090909090909085999, -1.660544943693085029, 2.799999999999999822 ) ) ;
#3503 = SURFACE_STYLE_USAGE ( .BOTH. , #6912 ) ;
#3504 =( LENGTH_UNIT ( ) NAMED_UNIT ( * ) SI_UNIT ( .MILLI., .METRE. ) );
#3505 = CARTESIAN_POINT ( 'NONE',  ( 2.508651015639055348, 2.064568705503875279, 0.4886572528676879079 ) ) ;
#3506 = CARTESIAN_POINT ( 'NONE',  ( -2.489018577012554800, 0.4041649248997734589, 1.465641170940049864 ) ) ;
#3507 = EDGE_CURVE ( 'NONE', #3780, #2978, #8714, .T. ) ;
#3508 = CARTESIAN_POINT ( 'NONE',  ( 0.0000000000000000000, 0.0000000000000000000, 0.3499999999999999778 ) ) ;
#3509 = CARTESIAN_POINT ( 'NONE',  ( -2.719376507822069744, 1.966063453262494987, 0.3864410810002315011 ) ) ;
#3510 = ORIENTED_EDGE ( 'NONE', *, *, #8011, .F. ) ;
#3511 = FACE_OUTER_BOUND ( 'NONE', #1111, .T. ) ;
#3512 = CARTESIAN_POINT ( 'NONE',  ( -2.888842628547434899, -1.476764338265059928, 0.5000000000000000000 ) ) ;
#3513 = CARTESIAN_POINT ( 'NONE',  ( 2.600000000000000089, 2.799999999999999822, 0.1200000000000000094 ) ) ;
#3514 = DIRECTION ( 'NONE',  ( 0.0000000000000000000, 0.0000000000000000000, 1.000000000000000000 ) ) ;
#3515 = ORIENTED_EDGE ( 'NONE', *, *, #6465, .F. ) ;
#3516 = CARTESIAN_POINT ( 'NONE',  ( -2.501233425739370020, 2.848089735512510323, 0.4943361419736100326 ) ) ;
#3517 = CARTESIAN_POINT ( 'NONE',  ( -0.4892917872147509728, 0.8594954787527919748, 2.790000000000000036 ) ) ;
#3518 = DIRECTION ( 'NONE',  ( 0.0000000000000000000, 1.000000000000000000, 0.0000000000000000000 ) ) ;
#3519 = VERTEX_POINT ( 'NONE', #4026 ) ;
#3520 =( NAMED_UNIT ( * ) SI_UNIT ( $, .STERADIAN. ) SOLID_ANGLE_UNIT ( ) );
#3521 = CARTESIAN_POINT ( 'NONE',  ( -2.621576183403279803, 1.557511646209974954, 2.123175391264364720 ) ) ;
#3522 = EDGE_CURVE ( 'NONE', #7321, #4375, #4794, .T. ) ;
#3523 = ORIENTED_EDGE ( 'NONE', *, *, #9137, .F. ) ;
#3524 = ORIENTED_EDGE ( 'NONE', *, *, #628, .T. ) ;
#3525 = CARTESIAN_POINT ( 'NONE',  ( -0.1494761574587940012, -1.685556895768965058, 2.790000000000000036 ) ) ;
#3526 = CARTESIAN_POINT ( 'NONE',  ( 0.1722171299342409867, -0.5448177730144609932, 2.799999999999999822 ) ) ;
#3527 = CARTESIAN_POINT ( 'NONE',  ( -2.956173761888604812, -1.554782797639240099, 0.5000000000000000000 ) ) ;
#3528 = CARTESIAN_POINT ( 'NONE',  ( 2.526988441291119880, 1.990555257699359926, 0.4829835898717710352 ) ) ;
#3529 = CARTESIAN_POINT ( 'NONE',  ( 2.224917844808284695, -0.7767116098763199306, 1.463256694445446149 ) ) ;
#3530 = VERTEX_POINT ( 'NONE', #780 ) ;
#3531 = CARTESIAN_POINT ( 'NONE',  ( 2.956173761888604812, -1.554782797639240099, 0.5000000000000000000 ) ) ;
#3532 = CARTESIAN_POINT ( 'NONE',  ( -2.561784479503410150, -1.908574892713799986, 0.4886542278323789956 ) ) ;
#3533 = DIRECTION ( 'NONE',  ( -0.7071067811865474617, -0.7071067811865474617, 0.0000000000000000000 ) ) ;
#3534 = ORIENTED_EDGE ( 'NONE', *, *, #8902, .T. ) ;
#3535 = CARTESIAN_POINT ( 'NONE',  ( 2.428341935656129991, 2.918549671314654592, 0.4886743607842520265 ) ) ;
#3536 = EDGE_CURVE ( 'NONE', #4528, #6815, #4744, .T. ) ;
#3537 = CARTESIAN_POINT ( 'NONE',  ( 2.213601253065354602, -2.916664329186519744, 0.4886778162436839490 ) ) ;
#3538 =( NAMED_UNIT ( * ) SI_UNIT ( $, .STERADIAN. ) SOLID_ANGLE_UNIT ( ) );
#3539 = CARTESIAN_POINT ( 'NONE',  ( -0.2345856926139834875, -0.6232469165235499098, 2.799999999999999822 ) ) ;
#3540 = CARTESIAN_POINT ( 'NONE',  ( 2.614527016613985122, -1.193651959730628098, 0.8038835050985739805 ) ) ;
#3541 = CARTESIAN_POINT ( 'NONE',  ( 0.6025543913228470494, -2.903971508200430041, 0.4943484964475250432 ) ) ;
#3542 = CARTESIAN_POINT ( 'NONE',  ( 2.499999999990374810, -2.813619399653314979, 0.5000000000000000000 ) ) ;
#3543 = ADVANCED_FACE ( 'NONE', ( #1560 ), #8049, .T. ) ;
#3544 = CARTESIAN_POINT ( 'NONE',  ( -0.2097610860950374911, -1.727527378903239930, 2.790000000000000036 ) ) ;
#3545 = FILL_AREA_STYLE_COLOUR ( '', #3277 ) ;
#3546 = CARTESIAN_POINT ( 'NONE',  ( 0.2502590124535895022, 0.5232100187596681051, 2.799999999999999822 ) ) ;
#3547 = ORIENTED_EDGE ( 'NONE', *, *, #8188, .F. ) ;
#3548 =( LENGTH_UNIT ( ) NAMED_UNIT ( * ) SI_UNIT ( .MILLI., .METRE. ) );
#3549 = CARTESIAN_POINT ( 'NONE',  ( -0.5999999999999999778, 1.134179082280940110, 2.790000000000000036 ) ) ;
#3550 = CARTESIAN_POINT ( 'NONE',  ( 2.799999999999999822, -1.429843788128356108, 0.1000000000000000056 ) ) ;
#3551 = FACE_OUTER_BOUND ( 'NONE', #1365, .T. ) ;
#3552 = CARTESIAN_POINT ( 'NONE',  ( 0.5999999999999999778, -0.03465208655022754963, 2.790000000000000036 ) ) ;
#3553 = CARTESIAN_POINT ( 'NONE',  ( -2.414282326247679578, -2.004042074047625022, 0.6500000000000000222 ) ) ;
#3554 = CARTESIAN_POINT ( 'NONE',  ( -2.565739357167094781, 1.882747697605315018, 0.5000000000000000000 ) ) ;
#3555 = DIRECTION ( 'NONE',  ( 0.0000000000000000000, 0.0000000000000000000, -1.000000000000000000 ) ) ;
#3556 = CARTESIAN_POINT ( 'NONE',  ( 2.594081101690429936, 1.857837385306674971, 0.4943266888697289696 ) ) ;
#3557 = CARTESIAN_POINT ( 'NONE',  ( -3.000000000000000000, -0.3921761887411550074, 2.399999999999999911 ) ) ;
#3558 = SURFACE_SIDE_STYLE ('',( #1968 ) ) ;
#3559 = AXIS2_PLACEMENT_3D ( 'NONE', #2408, #862, #648 ) ;
#3560 = LINE ( 'NONE', #10150, #8793 ) ;
#3561 = EDGE_CURVE ( 'NONE', #5572, #3040, #2492, .T. ) ;
#3562 = ORIENTED_EDGE ( 'NONE', *, *, #7925, .T. ) ;
#3563 = DIRECTION ( 'NONE',  ( -1.445602896647339903E-16, 1.000000000000000000, 0.0000000000000000000 ) ) ;
#3564 = CARTESIAN_POINT ( 'NONE',  ( -2.607407155454814607, -1.222546180320974063, 0.8038817002051259486 ) ) ;
#3565 = CARTESIAN_POINT ( 'NONE',  ( 2.995374047026428510, 1.485614931648302273, 0.1452370388234996423 ) ) ;
#3566 = CARTESIAN_POINT ( 'NONE',  ( -0.1463446132156279722, 0.6098422153945179947, 2.799999999999999822 ) ) ;
#3567 = ORIENTED_EDGE ( 'NONE', *, *, #10183, .T. ) ;
#3568 = VECTOR ( 'NONE', #728, 1000.000000000000000 ) ;
#3569 = CARTESIAN_POINT ( 'NONE',  ( -2.414079633698734906, 2.335920366301265094, 2.399999999999999911 ) ) ;
#3570 = LINE ( 'NONE', #2152, #178 ) ;
#3571 = LINE ( 'NONE', #2754, #4490 ) ;
#3572 = CIRCLE ( 'NONE', #9661, 0.2999999999999999334 ) ;
#3573 = EDGE_CURVE ( 'NONE', #8771, #9702, #5290, .T. ) ;
#3574 = VERTEX_POINT ( 'NONE', #2540 ) ;
#3575 = CARTESIAN_POINT ( 'NONE',  ( -0.5999999999999999778, 0.04326999137185034983, 2.790000000000000036 ) ) ;
#3576 = CARTESIAN_POINT ( 'NONE',  ( -2.273480152138794619, 1.732202733164185160, 0.8036276495663909891 ) ) ;
#3577 = ORIENTED_EDGE ( 'NONE', *, *, #5021, .T. ) ;
#3578 = EDGE_LOOP ( 'NONE', ( #7656, #2273, #3958, #4337 ) ) ;
#3579 = CARTESIAN_POINT ( 'NONE',  ( -0.1670664863060850047, -1.697854384810445039, 2.790000000000000036 ) ) ;
#3580 = CARTESIAN_POINT ( 'NONE',  ( 1.875735931288075031, -2.449999999999999734, 2.799999999999999822 ) ) ;
#3581 = DIRECTION ( 'NONE',  ( 0.0000000000000000000, 0.0000000000000000000, -1.000000000000000000 ) ) ;
#3582 = CARTESIAN_POINT ( 'NONE',  ( 2.284679555967584985, 1.696626440192115171, 0.8036520721899719222 ) ) ;
#3583 = CARTESIAN_POINT ( 'NONE',  ( 2.910168380631589891, -1.452503076475404109, 0.4886472060879759605 ) ) ;
#3584 = CARTESIAN_POINT ( 'NONE',  ( 1.981801948466055396, 2.556066017177979877, 2.700000000000000178 ) ) ;
#3585 = CARTESIAN_POINT ( 'NONE',  ( -2.681866455437455166, -2.068133544562544834, 2.399999999999999911 ) ) ;
#3586 = CIRCLE ( 'NONE', #6179, 0.2250000000000000333 ) ;
#3587 = ORIENTED_EDGE ( 'NONE', *, *, #9481, .T. ) ;
#3588 = CARTESIAN_POINT ( 'NONE',  ( 0.1563113275275370140, 2.750000000000000000, 2.399999999999999911 ) ) ;
#3589 = CARTESIAN_POINT ( 'NONE',  ( 0.0000000000000000000, -2.699736777583944924, 0.8025108550506721006 ) ) ;
#3590 = DIRECTION ( 'NONE',  ( 0.0000000000000000000, 0.0000000000000000000, 1.000000000000000000 ) ) ;
#3591 = CARTESIAN_POINT ( 'NONE',  ( -0.1207400502135409920, -0.5452458422687709305, 2.790000000000000036 ) ) ;
#3592 = CARTESIAN_POINT ( 'NONE',  ( 2.608243080017679461, -1.216510116159096100, 0.8038750655769779652 ) ) ;
#3593 = CARTESIAN_POINT ( 'NONE',  ( 0.1518544648532779706, -2.619532199182979859, 2.113405993156165064 ) ) ;
#3594 = DIRECTION ( 'NONE',  ( 0.0000000000000000000, 0.0000000000000000000, 1.000000000000000000 ) ) ;
#3595 = CARTESIAN_POINT ( 'NONE',  ( -0.1871921107803055095, -1.711818686977774950, 2.799999999999999822 ) ) ;
#3596 = AXIS2_PLACEMENT_3D ( 'NONE', #5479, #2089, #5584 ) ;
#3597 = AXIS2_PLACEMENT_3D ( 'NONE', #9319, #2677, #4484 ) ;
#3598 = LINE ( 'NONE', #6903, #2426 ) ;
#3599 = EDGE_CURVE ( 'NONE', #4215, #1596, #4029, .T. ) ;
#3600 = CARTESIAN_POINT ( 'NONE',  ( 1.149999999999999911, -3.010000000000000231, 0.3499999999999999778 ) ) ;
#3601 = VERTEX_POINT ( 'NONE', #940 ) ;
#3602 = CARTESIAN_POINT ( 'NONE',  ( -0.6048303819318570085, -2.911914524604100052, 0.4830454893425850105 ) ) ;
#3603 = MECHANICAL_DESIGN_GEOMETRIC_PRESENTATION_REPRESENTATION (  '', ( #10209 ), #9874 ) ;
#3604 = CARTESIAN_POINT ( 'NONE',  ( -0.5999999999999999778, -0.1802689696671105068, 2.790000000000000036 ) ) ;
#3605 = DIRECTION ( 'NONE',  ( 1.000000000000000000, 0.0000000000000000000, 0.0000000000000000000 ) ) ;
#3606 = ORIENTED_EDGE ( 'NONE', *, *, #1603, .F. ) ;
#3607 = CARTESIAN_POINT ( 'NONE',  ( 0.0000000000000000000, -2.495562771045444439, 1.449528787345568670 ) ) ;
#3608 = CARTESIAN_POINT ( 'NONE',  ( -1.149999999999999911, -2.604044926314895037, 0.07972651605231850791 ) ) ;
#3609 = CARTESIAN_POINT ( 'NONE',  ( 2.603093003961594931, 1.867606244178785069, 0.4829800666091879635 ) ) ;
#3610 = CARTESIAN_POINT ( 'NONE',  ( -2.718124817715205310, 0.3049535260768470035, 0.8041887332850728987 ) ) ;
#3611 = DIRECTION ( 'NONE',  ( 1.000000000000000000, 0.0000000000000000000, 0.0000000000000000000 ) ) ;
#3612 = ADVANCED_FACE ( 'NONE', ( #6817 ), #231, .T. ) ;
#3613 = CIRCLE ( 'NONE', #3638, 0.04999999999999991257 ) ;
#3614 = VECTOR ( 'NONE', #6222, 1000.000000000000000 ) ;
#3615 = COLOUR_RGB ( '',0.8431372549019607865, 0.8156862745098039102, 0.7529411764705882248 ) ;
#3616 = CARTESIAN_POINT ( 'NONE',  ( -2.641560278879584889, 1.980538120955770198, 0.3864410810002315011 ) ) ;
#3617 = ORIENTED_EDGE ( 'NONE', *, *, #8738, .F. ) ;
#3618 = SURFACE_STYLE_FILL_AREA ( #2637 ) ;
#3619 = CARTESIAN_POINT ( 'NONE',  ( -2.697141137596184901, -1.351270183026819893, 2.124221086775579970 ) ) ;
#3620 = LINE ( 'NONE', #1154, #2038 ) ;
#3621 = CARTESIAN_POINT ( 'NONE',  ( -0.5807795887813820279, 0.9274197422873819985, 2.799999999999999822 ) ) ;
#3622 = COLOUR_RGB ( '',0.8431372549019607865, 0.8156862745098039102, 0.7529411764705882248 ) ;
#3623 = AXIS2_PLACEMENT_3D ( 'NONE', #6208, #10259, #6054 ) ;
#3624 = ORIENTED_EDGE ( 'NONE', *, *, #1465, .T. ) ;
#3625 = AXIS2_PLACEMENT_3D ( 'NONE', #9152, #4198, #7505 ) ;
#3626 = CARTESIAN_POINT ( 'NONE',  ( -2.516175321160544875, 2.457649299076099858, 0.4829967147559819374 ) ) ;
#3627 = SURFACE_STYLE_USAGE ( .BOTH. , #5376 ) ;
#3628 = CARTESIAN_POINT ( 'NONE',  ( -2.735355339059324820, -1.661091270347400117, 2.799999999999999822 ) ) ;
#3629 = ORIENTED_EDGE ( 'NONE', *, *, #2242, .F. ) ;
#3630 = FILL_AREA_STYLE_COLOUR ( '', #10720 ) ;
#3631 = CARTESIAN_POINT ( 'NONE',  ( -1.974683639254745104, 1.233022982912532095, 1.460942128141041740 ) ) ;
#3632 = ORIENTED_EDGE ( 'NONE', *, *, #1465, .F. ) ;
#3633 = ORIENTED_EDGE ( 'NONE', *, *, #2287, .T. ) ;
#3634 = DIRECTION ( 'NONE',  ( -1.000000000000000000, 0.0000000000000000000, 0.0000000000000000000 ) ) ;
#3635 = VECTOR ( 'NONE', #979, 1000.000000000000000 ) ;
#3636 = CARTESIAN_POINT ( 'NONE',  ( 1.553023190388445052, 1.538699533950914855, 1.456649894871612005 ) ) ;
#3637 = CARTESIAN_POINT ( 'NONE',  ( 2.899999999999999911, -0.1201624229538714034, 0.5000000000000000000 ) ) ;
#3638 = AXIS2_PLACEMENT_3D ( 'NONE', #3119, #8947, #4816 ) ;
#3639 = CARTESIAN_POINT ( 'NONE',  ( -2.399999999999999911, 2.979999999999999982, 0.1200000000000000094 ) ) ;
#3640 =( GEOMETRIC_REPRESENTATION_CONTEXT ( 3 ) GLOBAL_UNCERTAINTY_ASSIGNED_CONTEXT ( ( #5816 ) ) GLOBAL_UNIT_ASSIGNED_CONTEXT ( ( #4011, #9884, #8353 ) ) REPRESENTATION_CONTEXT ( 'NONE', 'WORKASPACE' ) );
#3641 = CARTESIAN_POINT ( 'NONE',  ( -1.749606358506569981, -2.348405715788954407, 2.118498732057044975 ) ) ;
#3642 = EDGE_CURVE ( 'NONE', #185, #1504, #4635, .T. ) ;
#3643 = AXIS2_PLACEMENT_3D ( 'NONE', #9431, #8674, #3840 ) ;
#3644 = ORIENTED_EDGE ( 'NONE', *, *, #1, .F. ) ;
#3645 = AXIS2_PLACEMENT_3D ( 'NONE', #8824, #414, #6357 ) ;
#3646 = CARTESIAN_POINT ( 'NONE',  ( 1.533493266033379987, 1.565654437701470059, 1.456092013699602061 ) ) ;
#3647 = CARTESIAN_POINT ( 'NONE',  ( 1.858962551935640084, -2.304846004913975399, 2.118939412566310132 ) ) ;
#3648 = CARTESIAN_POINT ( 'NONE',  ( -2.311865612498055000, -1.989158660487074792, 0.7477334683559409001 ) ) ;
#3649 = CARTESIAN_POINT ( 'NONE',  ( -2.454164653166567511, -2.617790812064267225, 0.1000000000000000056 ) ) ;
#3650 = CARTESIAN_POINT ( 'NONE',  ( 2.899999999999999911, 0.1181448750675211934, 0.5000000000000000000 ) ) ;
#3651 = CARTESIAN_POINT ( 'NONE',  ( 2.512795384589305403, -2.756836149240639688, 0.4886703376758050332 ) ) ;
#3652 = DIRECTION ( 'NONE',  ( 1.000000000000000000, 0.0000000000000000000, 0.0000000000000000000 ) ) ;
#3653 = VECTOR ( 'NONE', #7607, 1000.000000000000000 ) ;
#3654 = DIRECTION ( 'NONE',  ( -1.000000000000000000, 0.0000000000000000000, 0.0000000000000000000 ) ) ;
#3655 =( NAMED_UNIT ( * ) PLANE_ANGLE_UNIT ( ) SI_UNIT ( $, .RADIAN. ) );
#3656 = ORIENTED_EDGE ( 'NONE', *, *, #1252, .T. ) ;
#3657 = DIRECTION ( 'NONE',  ( -0.8104379191634829560, 0.5858245293447210678, 0.0000000000000000000 ) ) ;
#3658 = ORIENTED_EDGE ( 'NONE', *, *, #7519, .F. ) ;
#3659 = EDGE_CURVE ( 'NONE', #5197, #5910, #6434, .T. ) ;
#3660 = CARTESIAN_POINT ( 'NONE',  ( 0.2238433465168739867, 0.6229275637321419756, 2.790000000000000036 ) ) ;
#3661 = SURFACE_SIDE_STYLE ('',( #6100 ) ) ;
#3662 =( NAMED_UNIT ( * ) PLANE_ANGLE_UNIT ( ) SI_UNIT ( $, .RADIAN. ) );
#3663 = CARTESIAN_POINT ( 'NONE',  ( -1.149999999999999911, 2.681881587960845081, 0.09000000000000001055 ) ) ;
#3664 = ORIENTED_EDGE ( 'NONE', *, *, #1570, .F. ) ;
#3665 = CARTESIAN_POINT ( 'NONE',  ( 2.513553308446964785, 2.148726931620339897, 0.4829880334560469612 ) ) ;
#3666 = CARTESIAN_POINT ( 'NONE',  ( -2.697977444846799688, -0.6056907272306799594, 0.8041245869019789660 ) ) ;
#3667 = CARTESIAN_POINT ( 'NONE',  ( -2.443292956678265071, 2.892897529830369852, 0.5000000000000000000 ) ) ;
#3668 = B_SPLINE_CURVE_WITH_KNOTS ( 'NONE', 3,
 ( #6481, #8129, #2, #3172 ),
 .UNSPECIFIED., .F., .F.,
 ( 4, 4 ),
 ( 0.0000000000000000000, 1.000000000000000000 ),
 .UNSPECIFIED. ) ;
#3669 =( NAMED_UNIT ( * ) SI_UNIT ( $, .STERADIAN. ) SOLID_ANGLE_UNIT ( ) );
#3670 = VERTEX_POINT ( 'NONE', #9393 ) ;
#3671 = CARTESIAN_POINT ( 'NONE',  ( 1.875735931288069924, 2.750000000000000000, 2.399999999999999911 ) ) ;
#3672 = CARTESIAN_POINT ( 'NONE',  ( -2.644065530895920446, -1.795450635602189982, 0.4943261410250600063 ) ) ;
#3673 = ADVANCED_FACE ( 'NONE', ( #10431 ), #6116, .T. ) ;
#3674 = FACE_OUTER_BOUND ( 'NONE', #738, .T. ) ;
#3675 = CARTESIAN_POINT ( 'NONE',  ( 0.5999999999999999778, -1.156730008628150230, 2.799999999999999822 ) ) ;
#3676 = EDGE_LOOP ( 'NONE', ( #2006, #6441, #4762, #4354, #4028, #4343, #8630, #947, #4090, #8870, #5235, #6321, #9616, #8304, #10344, #9397, #3764, #4986, #3097, #5830, #6725, #943, #10299, #2933 ) ) ;
#3677 = PRESENTATION_LAYER_ASSIGNMENT (  '', '', ( #9940 ) ) ;
#3678 = CARTESIAN_POINT ( 'NONE',  ( -2.157506047187899956, 2.281269921729269790, 0.8032609771510330621 ) ) ;
#3679 =( NAMED_UNIT ( * ) SI_UNIT ( $, .STERADIAN. ) SOLID_ANGLE_UNIT ( ) );
#3680 = EDGE_CURVE ( 'NONE', #436, #3910, #2850, .T. ) ;
#3681 = DIRECTION ( 'NONE',  ( 1.000000000000000000, 0.0000000000000000000, 0.0000000000000000000 ) ) ;
#3682 = UNCERTAINTY_MEASURE_WITH_UNIT (LENGTH_MEASURE( 1.000000000000000082E-05 ), #6261, 'distance_accuracy_value', 'NONE');
#3683 = SURFACE_STYLE_FILL_AREA ( #1105 ) ;
#3684 = ORIENTED_EDGE ( 'NONE', *, *, #2819, .F. ) ;
#3685 = CARTESIAN_POINT ( 'NONE',  ( -2.055581015056910044, 1.099017361363531897, 1.461853888028854076 ) ) ;
#3686 = VERTEX_POINT ( 'NONE', #340 ) ;
#3687 = ORIENTED_EDGE ( 'NONE', *, *, #6931, .T. ) ;
#3688 = CARTESIAN_POINT ( 'NONE',  ( 2.912132034355964905, -1.837867965644034873, 2.399999999999999911 ) ) ;
#3689 = CARTESIAN_POINT ( 'NONE',  ( 2.474268881909649664, 2.870371900535134913, 0.5000000000000000000 ) ) ;
#3690 = CARTESIAN_POINT ( 'NONE',  ( 2.777483482972965323, 0.6611796258743709576, 2.126198427791225143 ) ) ;
#3691 = CARTESIAN_POINT ( 'NONE',  ( -2.581888910459569697, -2.550000000000000266, 0.1000000000000000056 ) ) ;
#3692 = CARTESIAN_POINT ( 'NONE',  ( -1.553023190387705199, -1.538699533950939946, 1.456649894840826187 ) ) ;
#3693 = CARTESIAN_POINT ( 'NONE',  ( 2.799999999999999822, 1.429843788128356108, 0.5000000000000000000 ) ) ;
#3694 = B_SPLINE_SURFACE_WITH_KNOTS ( 'NONE', 3, 1, ( 
 ( #4932, #8077 ),
 ( #2358, #548 ),
 ( #2195, #6372 ),
 ( #43, #5088 ),
 ( #5935, #8344 ),
 ( #8284, #4977 ),
 ( #94, #4153 ),
 ( #916, #3382 ),
 ( #9258, #6690 ),
 ( #5776, #4205 ),
 ( #2516, #5827 ),
 ( #3435, #8387 ),
 ( #4252, #10089 ),
 ( #1637, #7563 ),
 ( #808, #9108 ),
 ( #9212, #6794 ),
 ( #866, #10030 ),
 ( #1747, #6745 ),
 ( #1792, #5884 ) ),
 .UNSPECIFIED., .F., .F., .F.,
 ( 4, 1, 1, 1, 1, 1, 1, 1, 1, 1, 1, 1, 1, 1, 1, 1, 4 ),
 ( 2, 2 ),
 ( 0.0000000000000000000, 0.01681894172984564964, 0.04000885950673790242, 0.06933925779684629864, 0.1044390419415417992, 0.1456839376965947952, 0.1929665541798580020, 0.2467636342673185101, 0.3057092442526634923, 0.3716976109959455044, 0.4432015931487114924, 0.5204873727434039532, 0.6045517168100760230, 0.6940355353249040293, 0.7900294905600779849, 0.8918067042967169344, 1.000000000000000000 ),
 ( 0.0000000000000000000, 1.000000000000000000 ),
 .UNSPECIFIED. ) ;
#3695 = FACE_OUTER_BOUND ( 'NONE', #6155, .T. ) ;
#3696 = VERTEX_POINT ( 'NONE', #8688 ) ;
#3697 = CARTESIAN_POINT ( 'NONE',  ( 2.219010086090340117, 2.924996493779954854, 0.4830167243647560116 ) ) ;
#3698 = EDGE_CURVE ( 'NONE', #4508, #9720, #2974, .T. ) ;
#3699 = CARTESIAN_POINT ( 'NONE',  ( 2.500000000000000000, -2.253276997764920075, 0.5000000000000000000 ) ) ;
#3700 = LINE ( 'NONE', #8760, #10769 ) ;
#3701 = DIRECTION ( 'NONE',  ( 0.0000000000000000000, 0.0000000000000000000, -1.000000000000000000 ) ) ;
#3702 = CARTESIAN_POINT ( 'NONE',  ( -0.2399940192235975045, -0.4455790184769179985, 2.799999999999999822 ) ) ;
#3703 = CARTESIAN_POINT ( 'NONE',  ( 2.913202567510950303, -1.079890169295302016, 0.4829629893200009794 ) ) ;
#3704 = CARTESIAN_POINT ( 'NONE',  ( 1.767096991960839913, -1.420831037882688053, 1.458599797016093769 ) ) ;
#3705 = CARTESIAN_POINT ( 'NONE',  ( -1.976660526444884880, -2.735515474086174681, 2.399999999999999911 ) ) ;
#3706 = CARTESIAN_POINT ( 'NONE',  ( -2.474345596219860166, -2.550000000000000266, 0.1000000000000000056 ) ) ;
#3707 = CARTESIAN_POINT ( 'NONE',  ( -0.5999999999999999778, -2.004132606030744945, 2.799999999999999822 ) ) ;
#3708 = ORIENTED_EDGE ( 'NONE', *, *, #803, .F. ) ;
#3709 = FACE_OUTER_BOUND ( 'NONE', #3032, .T. ) ;
#3710 = VERTEX_POINT ( 'NONE', #6162 ) ;
#3711 = DIRECTION ( 'NONE',  ( 0.0000000000000000000, -1.000000000000000000, 0.0000000000000000000 ) ) ;
#3712 = CARTESIAN_POINT ( 'NONE',  ( -0.5807795887813820279, -0.1946581797905399813, 2.790000000000000036 ) ) ;
#3713 = CARTESIAN_POINT ( 'NONE',  ( -2.500000000000000000, -2.004042074541589891, 0.2169669516854684510 ) ) ;
#3714 =( NAMED_UNIT ( * ) SI_UNIT ( $, .STERADIAN. ) SOLID_ANGLE_UNIT ( ) );
#3715 = CARTESIAN_POINT ( 'NONE',  ( 2.500000000000000000, -2.674999999999999822, 0.1000000000000000056 ) ) ;
#3716 = FILL_AREA_STYLE_COLOUR ( '', #6069 ) ;
#3717 = CARTESIAN_POINT ( 'NONE',  ( 2.474268881909649664, 2.870371900535134913, 0.5000000000000000000 ) ) ;
#3718 = CARTESIAN_POINT ( 'NONE',  ( -2.909936671017094856, -0.1191213612386659987, 0.4829525989476729508 ) ) ;
#3719 = DIRECTION ( 'NONE',  ( 0.0000000000000000000, -1.000000000000000000, 0.0000000000000000000 ) ) ;
#3720 = B_SPLINE_CURVE_WITH_KNOTS ( 'NONE', 3,
 ( #9780, #5684, #93, #4470, #9420, #2720, #9367 ),
 .UNSPECIFIED., .F., .F.,
 ( 4, 1, 1, 1, 4 ),
 ( 0.0000000000000000000, 0.2958783195951245060, 0.5611080725506880640, 0.7963677377324659412, 1.000000000000000000 ),
 .UNSPECIFIED. ) ;
#3721 = SURFACE_SIDE_STYLE ('',( #1213 ) ) ;
#3722 = ORIENTED_EDGE ( 'NONE', *, *, #10004, .F. ) ;
#3723 = CARTESIAN_POINT ( 'NONE',  ( -2.723638928019314509, -2.038399584566304767, 0.3864410810002315011 ) ) ;
#3724 = CARTESIAN_POINT ( 'NONE',  ( -2.318102130323000054, -1.633303136522844978, 0.8036921891866789514 ) ) ;
#3725 = DIRECTION ( 'NONE',  ( 0.0000000000000000000, 0.0000000000000000000, -1.000000000000000000 ) ) ;
#3726 = CARTESIAN_POINT ( 'NONE',  ( -0.2399940192235980041, 0.6764989036010039536, 2.790000000000000036 ) ) ;
#3727 = ORIENTED_EDGE ( 'NONE', *, *, #227, .F. ) ;
#3728 = CARTESIAN_POINT ( 'NONE',  ( -2.799999999999999822, 1.429843788128356108, 0.5000000000000000000 ) ) ;
#3729 = CARTESIAN_POINT ( 'NONE',  ( -2.512976523454175215, 2.070111366155495070, 0.4829858793017140495 ) ) ;
#3730 = VECTOR ( 'NONE', #76, 1000.000000000000000 ) ;
#3731 = CARTESIAN_POINT ( 'NONE',  ( 0.2464285714285714968, -0.4807559826541240033, 2.790000000000000036 ) ) ;
#3732 = DIRECTION ( 'NONE',  ( 0.0000000000000000000, 0.0000000000000000000, 1.000000000000000000 ) ) ;
#3733 = EDGE_CURVE ( 'NONE', #1723, #3574, #3979, .T. ) ;
#3734 = CARTESIAN_POINT ( 'NONE',  ( -2.700000000000000178, -1.625735931288069924, 2.700000000000000178 ) ) ;
#3735 = CIRCLE ( 'NONE', #3383, 0.04999999999999999584 ) ;
#3736 = ORIENTED_EDGE ( 'NONE', *, *, #461, .T. ) ;
#3737 = EDGE_CURVE ( 'NONE', #4619, #5397, #3570, .T. ) ;
#3738 = CARTESIAN_POINT ( 'NONE',  ( -2.570789398396934988, 1.277829734985850063, 0.8038519756808879535 ) ) ;
#3739 = ORIENTED_EDGE ( 'NONE', *, *, #8388, .T. ) ;
#3740 = ORIENTED_EDGE ( 'NONE', *, *, #9002, .F. ) ;
#3741 = CARTESIAN_POINT ( 'NONE',  ( 2.399999999999999911, 2.674999999999999822, 0.1000000000000000056 ) ) ;
#3742 = CARTESIAN_POINT ( 'NONE',  ( 2.500000000000000000, 2.131172223287365330, 0.5000000000000000000 ) ) ;
#3743 = CARTESIAN_POINT ( 'NONE',  ( 2.568761605869020137, 0.06817027121844669579, 1.466472920347475783 ) ) ;
#3744 = LINE ( 'NONE', #7993, #4017 ) ;
#3745 = CARTESIAN_POINT ( 'NONE',  ( -2.511968601155734948, -2.634629247777069416, 0.4886679988433180744 ) ) ;
#3746 = CARTESIAN_POINT ( 'NONE',  ( 1.149999999999999911, -2.000000000000000000, 2.328125000000000000 ) ) ;
#3747 = AXIS2_PLACEMENT_3D ( 'NONE', #6625, #7447, #3316 ) ;
#3748 = EDGE_CURVE ( 'NONE', #5119, #8910, #1328, .T. ) ;
#3749 = DIRECTION ( 'NONE',  ( 1.000000000000000000, 0.0000000000000000000, 0.0000000000000000000 ) ) ;
#3750 = ORIENTED_EDGE ( 'NONE', *, *, #2295, .T. ) ;
#3751 = CARTESIAN_POINT ( 'NONE',  ( -0.2000000001021060014, 2.899999999999999911, 0.5000000000000000000 ) ) ;
#3752 = AXIS2_PLACEMENT_3D ( 'NONE', #7143, #10478, #3016 ) ;
#3753 = CARTESIAN_POINT ( 'NONE',  ( 2.513553308442394663, -2.148726931619579616, 0.4829880334564640165 ) ) ;
#3754 = CARTESIAN_POINT ( 'NONE',  ( -2.733859166552525366, 2.022254616690670304, 0.3864410810002315011 ) ) ;
#3755 = CARTESIAN_POINT ( 'NONE',  ( 0.5999999999999999778, -1.977346891745034974, 2.790000000000000036 ) ) ;
#3756 = CARTESIAN_POINT ( 'NONE',  ( 2.087867965644035095, 2.662132034355964905, 2.799999999999999822 ) ) ;
#3757 = CARTESIAN_POINT ( 'NONE',  ( 2.899999999999999911, 0.7131637451747120382, 0.5000000000000000000 ) ) ;
#3758 = CARTESIAN_POINT ( 'NONE',  ( 2.513306381216590335, -2.831510201904559487, 0.4886717604844230123 ) ) ;
#3759 = EDGE_LOOP ( 'NONE', ( #5167, #6653, #1095, #1150, #2599, #236, #9883, #3567, #9332 ) ) ;
#3760 = CARTESIAN_POINT ( 'NONE',  ( 2.956173761888604812, 1.554782797639240099, 0.2071554596297830175 ) ) ;
#3761 = CARTESIAN_POINT ( 'NONE',  ( 0.2386309232327600005, -1.609184643809735249, 2.790000000000000036 ) ) ;
#3762 = EDGE_CURVE ( 'NONE', #10091, #9101, #10208, .T. ) ;
#3763 = FACE_OUTER_BOUND ( 'NONE', #3374, .T. ) ;
#3764 = ORIENTED_EDGE ( 'NONE', *, *, #3507, .T. ) ;
#3765 = CARTESIAN_POINT ( 'NONE',  ( 2.579999999999999627, 2.799999999999999822, 0.1000000000000000056 ) ) ;
#3766 = VERTEX_POINT ( 'NONE', #42 ) ;
#3767 = CARTESIAN_POINT ( 'NONE',  ( 1.875735931288069924, -2.750000000000000000, 2.399999999999999911 ) ) ;
#3768 = CARTESIAN_POINT ( 'NONE',  ( -0.5435340141134460401, -0.2225417871685995141, 2.790000000000000036 ) ) ;
#3769 = SURFACE_STYLE_FILL_AREA ( #5416 ) ;
#3770 = AXIS2_PLACEMENT_3D ( 'NONE', #5950, #1862, #6863 ) ;
#3771 = FACE_BOUND ( 'NONE', #3035, .T. ) ;
#3772 = SURFACE_STYLE_FILL_AREA ( #1257 ) ;
#3773 = MECHANICAL_DESIGN_GEOMETRIC_PRESENTATION_REPRESENTATION (  '', ( #799 ), #2893 ) ;
#3774 = CARTESIAN_POINT ( 'NONE',  ( 2.511968601155790015, 2.634629247777344752, 0.4886679988428050403 ) ) ;
#3775 = CARTESIAN_POINT ( 'NONE',  ( -2.702124418019229868, -1.309070644156920205, 2.124358696571535088 ) ) ;
#3776 = CARTESIAN_POINT ( 'NONE',  ( -2.474268881899805095, 2.870371900546480060, 0.5000000000000000000 ) ) ;
#3777 = EDGE_CURVE ( 'NONE', #750, #1698, #8142, .T. ) ;
#3778 = VECTOR ( 'NONE', #2656, 999.9999999999998863 ) ;
#3779 = SURFACE_STYLE_FILL_AREA ( #9484 ) ;
#3780 = VERTEX_POINT ( 'NONE', #8965 ) ;
#3781 = DIRECTION ( 'NONE',  ( 0.0000000000000000000, 0.0000000000000000000, -1.000000000000000000 ) ) ;
#3782 = CARTESIAN_POINT ( 'NONE',  ( -2.055303757026599953, -1.099255923140859847, 1.461864220056416031 ) ) ;
#3783 = CARTESIAN_POINT ( 'NONE',  ( 2.612428048650002665, 1.984464939187493782, 0.3679213459545014331 ) ) ;
#3784 = FILL_AREA_STYLE ('',( #2762 ) ) ;
#3785 = ORIENTED_EDGE ( 'NONE', *, *, #1794, .F. ) ;
#3786 = CARTESIAN_POINT ( 'NONE',  ( 0.3595554346461869999, -0.6775911046792129078, 2.790000000000000036 ) ) ;
#3787 =( NAMED_UNIT ( * ) SI_UNIT ( $, .STERADIAN. ) SOLID_ANGLE_UNIT ( ) );
#3788 = CARTESIAN_POINT ( 'NONE',  ( -2.500000000000000000, 2.813619399608419780, 0.5000000000000000000 ) ) ;
#3789 = AXIS2_PLACEMENT_3D ( 'NONE', #7012, #8068, #1250 ) ;
#3790 = CARTESIAN_POINT ( 'NONE',  ( -0.1090909090909085999, -1.660544943693085029, 2.799999999999999822 ) ) ;
#3791 = CIRCLE ( 'NONE', #9181, 0.5350103769104849194 ) ;
#3792 = CARTESIAN_POINT ( 'NONE',  ( -2.500000000000000000, 2.051451398653594715, 0.1804745552948679999 ) ) ;
#3793 = STYLED_ITEM ( 'NONE', ( #1140 ), #8342 ) ;
#3794 = APPLICATION_PROTOCOL_DEFINITION ( 'draft international standard', 'automotive_design', 1998, #2722 ) ;
#3795 = VECTOR ( 'NONE', #7209, 1000.000000000000000 ) ;
#3796 = ORIENTED_EDGE ( 'NONE', *, *, #4194, .F. ) ;
#3797 = DIRECTION ( 'NONE',  ( 0.8167728209858042820, 0.5769594083632672010, 0.0000000000000000000 ) ) ;
#3798 = CARTESIAN_POINT ( 'NONE',  ( -2.614527016616670085, 1.193651959727970002, 0.8038835050979858954 ) ) ;
#3799 = ORIENTED_EDGE ( 'NONE', *, *, #4503, .F. ) ;
#3800 = ORIENTED_EDGE ( 'NONE', *, *, #8260, .F. ) ;
#3801 = DIRECTION ( 'NONE',  ( -1.000000000000000000, 0.0000000000000000000, 0.0000000000000000000 ) ) ;
#3802 = ADVANCED_FACE ( 'NONE', ( #5883 ), #8903, .T. ) ;
#3803 = CARTESIAN_POINT ( 'NONE',  ( 2.510783547444260133, 2.450521337215280315, 0.4886644765038940519 ) ) ;
#3804 = FACE_OUTER_BOUND ( 'NONE', #2183, .T. ) ;
#3805 = ORIENTED_EDGE ( 'NONE', *, *, #6290, .F. ) ;
#3806 = CARTESIAN_POINT ( 'NONE',  ( -1.666257421853964971, -1.484380974371493966, 1.457656876214604047 ) ) ;
#3807 = CIRCLE ( 'NONE', #3450, 0.02000000000000001082 ) ;
#3808 = DIRECTION ( 'NONE',  ( 1.000000000000000000, 0.0000000000000000000, 0.0000000000000000000 ) ) ;
#3809 = VECTOR ( 'NONE', #6433, 1000.000000000000000 ) ;
#3810 = PRESENTATION_LAYER_ASSIGNMENT (  '', '', ( #8496 ) ) ;
#3811 = UNCERTAINTY_MEASURE_WITH_UNIT (LENGTH_MEASURE( 1.000000000000000082E-05 ), #3504, 'distance_accuracy_value', 'NONE');
#3812 = CARTESIAN_POINT ( 'NONE',  ( -2.635954822247848828, 2.004042073117235923, 0.3864410810002313901 ) ) ;
#3813 = EDGE_LOOP ( 'NONE', ( #8215, #10050, #3400, #1906 ) ) ;
#3814 = CARTESIAN_POINT ( 'NONE',  ( -0.1518544648532779706, 2.619532199193490118, 2.113405993179249709 ) ) ;
#3815 = VECTOR ( 'NONE', #3368, 999.9999999999998863 ) ;
#3816 = PRESENTATION_LAYER_ASSIGNMENT (  '', '', ( #8333 ) ) ;
#3817 = CARTESIAN_POINT ( 'NONE',  ( 2.493927276133820037, -2.898166600371160140, 0.4830095990096909819 ) ) ;
#3818 = AXIS2_PLACEMENT_3D ( 'NONE', #8398, #6758, #10100 ) ;
#3819 = PRESENTATION_STYLE_ASSIGNMENT (( #10453 ) ) ;
#3820 = EDGE_CURVE ( 'NONE', #323, #10595, #4197, .T. ) ;
#3821 = CARTESIAN_POINT ( 'NONE',  ( -2.384929092646939974, -1.981745817468659743, 0.6549747988480190131 ) ) ;
#3822 = FACE_OUTER_BOUND ( 'NONE', #3190, .T. ) ;
#3823 = CARTESIAN_POINT ( 'NONE',  ( 2.907549841766629672, -0.7185408576770550004, 0.4886381730162450143 ) ) ;
#3824 = CARTESIAN_POINT ( 'NONE',  ( 2.505391773720214932, -2.443393375353540176, 0.4943322382521210256 ) ) ;
#3825 = DIRECTION ( 'NONE',  ( 0.0000000000000000000, 0.0000000000000000000, 1.000000000000000000 ) ) ;
#3826 = CARTESIAN_POINT ( 'NONE',  ( 0.5999999999999999778, -1.977346891745034974, 2.790000000000000036 ) ) ;
#3827 = EDGE_CURVE ( 'NONE', #6549, #5959, #879, .T. ) ;
#3828 = CARTESIAN_POINT ( 'NONE',  ( 0.2112822484499475018, -1.693337811376705027, 2.790000000000000036 ) ) ;
#3829 = VECTOR ( 'NONE', #4781, 1000.000000000000000 ) ;
#3830 = CARTESIAN_POINT ( 'NONE',  ( -2.371826124468459973, 1.960570303480525078, 0.6747273803672358961 ) ) ;
#3831 = EDGE_LOOP ( 'NONE', ( #1892, #8467, #2982, #6668 ) ) ;
#3832 = CARTESIAN_POINT ( 'NONE',  ( -3.000000000000000000, 1.625735931288069924, 2.799999999999999822 ) ) ;
#3833 = VERTEX_POINT ( 'NONE', #1388 ) ;
#3834 = CARTESIAN_POINT ( 'NONE',  ( 0.1693741817512275094, 0.5858780871201740847, 2.790000000000000036 ) ) ;
#3835 = CARTESIAN_POINT ( 'NONE',  ( -0.4386870883860755077, -0.2999518678085135170, 2.790000000000000036 ) ) ;
#3836 = CARTESIAN_POINT ( 'NONE',  ( -2.500000000000000000, -1.975813644247855105, 0.1201452034607896069 ) ) ;
#3837 = DIRECTION ( 'NONE',  ( 0.0000000000000000000, 0.0000000000000000000, 1.000000000000000000 ) ) ;
#3838 =( LENGTH_UNIT ( ) NAMED_UNIT ( * ) SI_UNIT ( .MILLI., .METRE. ) );
#3839 = VECTOR ( 'NONE', #9467, 1000.000000000000000 ) ;
#3840 = DIRECTION ( 'NONE',  ( 0.0000000000000000000, 1.000000000000000000, 0.0000000000000000000 ) ) ;
#3841 = CARTESIAN_POINT ( 'NONE',  ( 2.574589024893939815, 2.175410975106060185, 2.399999999999999911 ) ) ;
#3842 = CARTESIAN_POINT ( 'NONE',  ( -2.527356679910260251, -1.341933982522158120, 0.8038286752945860147 ) ) ;
#3843 = CARTESIAN_POINT ( 'NONE',  ( 2.437013137616262259, -1.342962819240654637, 0.1000000000000000056 ) ) ;
#3844 = AXIS2_PLACEMENT_3D ( 'NONE', #3639, #4624, #521 ) ;
#3845 = FACE_OUTER_BOUND ( 'NONE', #6594, .T. ) ;
#3846 = VERTEX_POINT ( 'NONE', #9210 ) ;
#3847 = CARTESIAN_POINT ( 'NONE',  ( -2.641560278879584889, -2.027546027139485396, 0.3864410810002315011 ) ) ;
#3848 = CARTESIAN_POINT ( 'NONE',  ( -2.750555127830114799, -1.999444872169880094, 2.399999999999999911 ) ) ;
#3849 = DIRECTION ( 'NONE',  ( -1.445602896647339903E-16, 1.000000000000000000, 0.0000000000000000000 ) ) ;
#3850 = CARTESIAN_POINT ( 'NONE',  ( -2.998981725600585069, -1.449999999999999956, 0.1000000000000000056 ) ) ;
#3851 = FILL_AREA_STYLE ('',( #9605 ) ) ;
#3852 = EDGE_CURVE ( 'NONE', #300, #6608, #7316, .T. ) ;
#3853 = ORIENTED_EDGE ( 'NONE', *, *, #3405, .F. ) ;
#3854 = DIRECTION ( 'NONE',  ( 1.000000000000000000, 1.470822036273236109E-46, -2.170550214488384949E-31 ) ) ;
#3855 = SURFACE_SIDE_STYLE ('',( #6882 ) ) ;
#3856 = CARTESIAN_POINT ( 'NONE',  ( -2.554864190261604939, 1.644184833545160096, 2.122644347862614911 ) ) ;
#3857 = FACE_OUTER_BOUND ( 'NONE', #10267, .T. ) ;
#3858 = DIRECTION ( 'NONE',  ( 0.0000000000000000000, 0.0000000000000000000, 1.000000000000000000 ) ) ;
#3859 = ORIENTED_EDGE ( 'NONE', *, *, #7846, .T. ) ;
#3860 = FILL_AREA_STYLE ('',( #10605 ) ) ;
#3861 = CARTESIAN_POINT ( 'NONE',  ( -2.904814180518615174, 1.447989441286213985, 0.4943236030439980278 ) ) ;
#3862 = EDGE_LOOP ( 'NONE', ( #5324, #5228, #6347, #6698 ) ) ;
#3863 = LINE ( 'NONE', #7214, #139 ) ;
#3864 = CARTESIAN_POINT ( 'NONE',  ( 2.075359855312190138, 2.674640144687814747, 2.399999999999999911 ) ) ;
#3865 = CARTESIAN_POINT ( 'NONE',  ( -1.149999999999999911, 3.000000000000000000, 0.5000000000000000000 ) ) ;
#3866 = B_SPLINE_CURVE_WITH_KNOTS ( 'NONE', 3,
 ( #9577, #10400, #8009, #2942, #1244, #2004, #8659 ),
 .UNSPECIFIED., .F., .F.,
 ( 4, 1, 1, 1, 4 ),
 ( 0.0000000000000000000, 5.036102267624799935E-05, 0.0001007220453524959987, 0.0001510830680287439777, 0.0002014440907049919974 ),
 .UNSPECIFIED. ) ;
#3867 = CARTESIAN_POINT ( 'NONE',  ( -2.143239352941129994, -2.606760647058870006, 2.399999999999999911 ) ) ;
#3868 = DIRECTION ( 'NONE',  ( 0.7071067811865474617, 0.7071067811865474617, 0.0000000000000000000 ) ) ;
#3869 = ADVANCED_FACE ( 'NONE', ( #4061 ), #8039, .F. ) ;
#3870 = CARTESIAN_POINT ( 'NONE',  ( -2.491448532073286870, 1.462909024065042640, 0.1163966627416411770 ) ) ;
#3871 = ORIENTED_EDGE ( 'NONE', *, *, #7718, .T. ) ;
#3872 = CARTESIAN_POINT ( 'NONE',  ( -1.771433112894994943, 2.342623441195904821, 2.118608285025409543 ) ) ;
#3873 = CARTESIAN_POINT ( 'NONE',  ( 2.240702688303259915, -1.913565653984464987, 0.8035114884644549704 ) ) ;
#3874 = FACE_OUTER_BOUND ( 'NONE', #2367, .T. ) ;
#3875 = CARTESIAN_POINT ( 'NONE',  ( 0.5999999999999999778, -1.047639099537239993, 2.799999999999999822 ) ) ;
#3876 = LINE ( 'NONE', #8060, #2177 ) ;
#3877 = CARTESIAN_POINT ( 'NONE',  ( 2.903773725444939835, 0.7151713114197189025, 0.4943190368463620255 ) ) ;
#3878 = CARTESIAN_POINT ( 'NONE',  ( 2.511968601151475244, -2.634629247776609784, 0.4886679988431950061 ) ) ;
#3879 = CARTESIAN_POINT ( 'NONE',  ( 0.0000000000000000000, 0.0000000000000000000, 0.1499999999999999944 ) ) ;
#3880 = CARTESIAN_POINT ( 'NONE',  ( 0.02556818181818170180, 0.6819875238393829919, 2.790000000000000036 ) ) ;
#3881 =( BOUNDED_CURVE ( )  B_SPLINE_CURVE ( 3, ( #5824, #4149, #4930, #4094 ),
 .UNSPECIFIED., .F., .F. ) 
 B_SPLINE_CURVE_WITH_KNOTS ( ( 4, 4 ),
 ( 4.790730229911480009, 5.401724514146740042 ),
 .UNSPECIFIED. ) 
 CURVE ( )  GEOMETRIC_REPRESENTATION_ITEM ( )  RATIONAL_B_SPLINE_CURVE ( ( 1.000000000000000000, 0.9691316975447150650, 0.9691316975447150650, 1.000000000000000000 ) ) 
 REPRESENTATION_ITEM ( '' )  );
#3882 = CARTESIAN_POINT ( 'NONE',  ( 0.2296077742320664916, -1.705877051914459930, 2.799999999999999822 ) ) ;
#3883 = EDGE_CURVE ( 'NONE', #2648, #8017, #613, .T. ) ;
#3884 = FACE_OUTER_BOUND ( 'NONE', #7600, .T. ) ;
#3885 = VERTEX_POINT ( 'NONE', #5087 ) ;
#3886 = CARTESIAN_POINT ( 'NONE',  ( 2.579999999999999627, -2.799999999999999822, 0.1000000000000000056 ) ) ;
#3887 = EDGE_CURVE ( 'NONE', #557, #8583, #4782, .T. ) ;
#3888 = VERTEX_POINT ( 'NONE', #2373 ) ;
#3889 = DIRECTION ( 'NONE',  ( 0.0000000000000000000, 0.0000000000000000000, -1.000000000000000000 ) ) ;
#3890 = CARTESIAN_POINT ( 'NONE',  ( -2.500000000000000000, -1.967227538248064844, 0.1283007125154312089 ) ) ;
#3891 =( NAMED_UNIT ( * ) PLANE_ANGLE_UNIT ( ) SI_UNIT ( $, .RADIAN. ) );
#3892 = CARTESIAN_POINT ( 'NONE',  ( -0.4386870883860755077, -1.422029789886436246, 2.799999999999999822 ) ) ;
#3893 = CARTESIAN_POINT ( 'NONE',  ( 2.500000000000000000, 2.618701491572074769, 0.5000000000000000000 ) ) ;
#3894 = LINE ( 'NONE', #9709, #126 ) ;
#3895 = EDGE_CURVE ( 'NONE', #7988, #3144, #3720, .T. ) ;
#3896 = FACE_OUTER_BOUND ( 'NONE', #4964, .T. ) ;
#3897 = ORIENTED_EDGE ( 'NONE', *, *, #6121, .F. ) ;
#3898 =( LENGTH_UNIT ( ) NAMED_UNIT ( * ) SI_UNIT ( .MILLI., .METRE. ) );
#3899 = CARTESIAN_POINT ( 'NONE',  ( -2.533492427778849976, -1.929351531069035008, 0.5000000000000000000 ) ) ;
#3900 = CARTESIAN_POINT ( 'NONE',  ( -0.1207400502135409920, -0.5452458422687709305, 2.790000000000000036 ) ) ;
#3901 = ORIENTED_EDGE ( 'NONE', *, *, #5984, .F. ) ;
#3902 = CARTESIAN_POINT ( 'NONE',  ( 0.5100350800582691413, -0.7883975071997799677, 2.799999999999999822 ) ) ;
#3903 = CARTESIAN_POINT ( 'NONE',  ( -2.808740823943234766, 1.601021308698175050, 0.4886492372910529736 ) ) ;
#3904 = CARTESIAN_POINT ( 'NONE',  ( -2.600000000000000089, 2.000000000000000000, -0.3330127018922190429 ) ) ;
#3905 = DIRECTION ( 'NONE',  ( 1.000000000000000000, 0.0000000000000000000, 0.0000000000000000000 ) ) ;
#3906 = ADVANCED_FACE ( 'NONE', ( #8441 ), #2849, .T. ) ;
#3907 = CARTESIAN_POINT ( 'NONE',  ( -2.500000000000000000, 2.013631808323988359, 0.2162089141072037202 ) ) ;
#3908 = ORIENTED_EDGE ( 'NONE', *, *, #3037, .F. ) ;
#3909 = CARTESIAN_POINT ( 'NONE',  ( -2.904985414717070391, 1.313390508626737896, 0.4943226261341510663 ) ) ;
#3910 = VERTEX_POINT ( 'NONE', #10087 ) ;
#3911 =( GEOMETRIC_REPRESENTATION_CONTEXT ( 3 ) GLOBAL_UNCERTAINTY_ASSIGNED_CONTEXT ( ( #828 ) ) GLOBAL_UNIT_ASSIGNED_CONTEXT ( ( #6902, #10138, #2665 ) ) REPRESENTATION_CONTEXT ( 'NONE', 'WORKASPACE' ) );
#3912 = CARTESIAN_POINT ( 'NONE',  ( -0.5999999999999999778, -2.004132606030744945, 2.790000000000000036 ) ) ;
#3913 = CARTESIAN_POINT ( 'NONE',  ( 0.5404949627873110174, 2.687389346039249727, 0.8025474971307090533 ) ) ;
#3914 = FILL_AREA_STYLE_COLOUR ( '', #1748 ) ;
#3915 = CARTESIAN_POINT ( 'NONE',  ( -0.1518544646982245006, -2.619532199182979859, 2.113405993156165064 ) ) ;
#3916 = EDGE_CURVE ( 'NONE', #4215, #10771, #2619, .T. ) ;
#3917 = VECTOR ( 'NONE', #2574, 1000.000000000000000 ) ;
#3918 = ORIENTED_EDGE ( 'NONE', *, *, #5058, .T. ) ;
#3919 = CARTESIAN_POINT ( 'NONE',  ( -1.749606358632449954, 2.348405715800499838, 2.118498732076294910 ) ) ;
#3920 = CARTESIAN_POINT ( 'NONE',  ( 2.598382843011309618, -1.862975154420515089, 0.4886533908001539639 ) ) ;
#3921 = CARTESIAN_POINT ( 'NONE',  ( -2.721141307462734638, 2.040448446637915136, 0.3864410810002315011 ) ) ;
#3922 = SURFACE_STYLE_FILL_AREA ( #8885 ) ;
#3923 = CARTESIAN_POINT ( 'NONE',  ( 2.695915908097375357, 1.359181478207113880, 2.124186236011829987 ) ) ;
#3924 = CARTESIAN_POINT ( 'NONE',  ( 2.537633058877190262, -1.934769766093680010, 0.4943274116724690193 ) ) ;
#3925 = DIRECTION ( 'NONE',  ( 0.0000000000000000000, 0.0000000000000000000, -1.000000000000000000 ) ) ;
#3926 = FACE_OUTER_BOUND ( 'NONE', #2645, .T. ) ;
#3927 = VECTOR ( 'NONE', #3125, 1000.000000000000000 ) ;
#3928 = ORIENTED_EDGE ( 'NONE', *, *, #1918, .F. ) ;
#3929 = DIRECTION ( 'NONE',  ( 0.0000000000000000000, -1.000000000000000000, 0.0000000000000000000 ) ) ;
#3930 = ORIENTED_EDGE ( 'NONE', *, *, #7859, .F. ) ;
#3931 = CARTESIAN_POINT ( 'NONE',  ( 2.399999999999999911, -2.979999999999999982, 0.1000000000000000056 ) ) ;
#3932 = CARTESIAN_POINT ( 'NONE',  ( -0.2112331112459769900, -0.4664337905893550240, 2.790000000000000036 ) ) ;
#3933 = CARTESIAN_POINT ( 'NONE',  ( -2.500000000000000000, -1.955470409369610252, 0.1497394755351783846 ) ) ;
#3934 = SURFACE_SIDE_STYLE ('',( #9476 ) ) ;
#3935 = SURFACE_STYLE_FILL_AREA ( #1426 ) ;
#3936 = EDGE_CURVE ( 'NONE', #7184, #498, #8386, .T. ) ;
#3937 = CARTESIAN_POINT ( 'NONE',  ( 2.487374478071339823, 2.888901700418600171, 0.4886730660060099041 ) ) ;
#3938 = MECHANICAL_DESIGN_GEOMETRIC_PRESENTATION_REPRESENTATION (  '', ( #5667 ), #8452 ) ;
#3939 = CARTESIAN_POINT ( 'NONE',  ( 2.399999999999999911, -2.979999999999999982, 0.1000000000000000056 ) ) ;
#3940 = PLANE ( 'NONE',  #3051 ) ;
#3941 = AXIS2_PLACEMENT_3D ( 'NONE', #5793, #4176, #8362 ) ;
#3942 = ORIENTED_EDGE ( 'NONE', *, *, #5239, .T. ) ;
#3943 = CARTESIAN_POINT ( 'NONE',  ( -2.643826238111394833, 1.945217202360755016, 0.5000000000000000000 ) ) ;
#3944 = CARTESIAN_POINT ( 'NONE',  ( -2.500000000000000000, -2.253276997764924960, 0.5000000000000000000 ) ) ;
#3945 = CARTESIAN_POINT ( 'NONE',  ( 0.2238433465168739867, 0.6229275637321419756, 2.799999999999999822 ) ) ;
#3946 = DIRECTION ( 'NONE',  ( -1.000000000000000000, 0.0000000000000000000, 0.0000000000000000000 ) ) ;
#3947 = CARTESIAN_POINT ( 'NONE',  ( 2.980388000377945268, 1.737163522619419975, 2.399999999999999911 ) ) ;
#3948 = ORIENTED_EDGE ( 'NONE', *, *, #789, .F. ) ;
#3949 = CARTESIAN_POINT ( 'NONE',  ( -2.373784892101114430, -2.037851443379015137, 0.6631635161090240205 ) ) ;
#3950 = PRESENTATION_STYLE_ASSIGNMENT (( #10701 ) ) ;
#3951 = ADVANCED_FACE ( 'NONE', ( #7725 ), #10669, .T. ) ;
#3952 = CARTESIAN_POINT ( 'NONE',  ( 2.899999999999999911, -0.7143910695542280420, 0.5000000000000000000 ) ) ;
#3953 = CARTESIAN_POINT ( 'NONE',  ( -2.301369756599940253, 1.660304422951970116, 0.8036762491096569594 ) ) ;
#3954 = CARTESIAN_POINT ( 'NONE',  ( -2.399999999999999911, 3.000000000000000000, 0.1200000000000000094 ) ) ;
#3955 =( LENGTH_UNIT ( ) NAMED_UNIT ( * ) SI_UNIT ( .MILLI., .METRE. ) );
#3956 = PRESENTATION_LAYER_ASSIGNMENT (  '', '', ( #799 ) ) ;
#3957 = CARTESIAN_POINT ( 'NONE',  ( 0.4296522000915025119, -1.850984658698869856, 2.790000000000000036 ) ) ;
#3958 = ORIENTED_EDGE ( 'NONE', *, *, #10086, .F. ) ;
#3959 =( NAMED_UNIT ( * ) SI_UNIT ( $, .STERADIAN. ) SOLID_ANGLE_UNIT ( ) );
#3960 = CARTESIAN_POINT ( 'NONE',  ( -2.895905257019049994, 1.460134059251072092, 0.5000000000000000000 ) ) ;
#3961 = STYLED_ITEM ( 'NONE', ( #3990 ), #6802 ) ;
#3962 = ORIENTED_EDGE ( 'NONE', *, *, #8204, .F. ) ;
#3963 = DIRECTION ( 'NONE',  ( -2.667597244102220184E-16, 1.000000000000000000, 0.0000000000000000000 ) ) ;
#3964 = CIRCLE ( 'NONE', #6199, 0.01999999999999999695 ) ;
#3965 = CARTESIAN_POINT ( 'NONE',  ( 1.976660526444884880, 2.735515474086174681, 2.399999999999999911 ) ) ;
#3966 = SURFACE_SIDE_STYLE ('',( #2283 ) ) ;
#3967 = CARTESIAN_POINT ( 'NONE',  ( -0.2007521095612775086, -2.907481723192060219, 0.4886983618221160675 ) ) ;
#3968 = COLOUR_RGB ( '',0.8431372549019607865, 0.8156862745098039102, 0.7529411764705882248 ) ;
#3969 = AXIS2_PLACEMENT_3D ( 'NONE', #674, #9781, #4897 ) ;
#3970 = AXIS2_PLACEMENT_3D ( 'NONE', #6976, #116, #3463 ) ;
#3971 = CARTESIAN_POINT ( 'NONE',  ( 0.4684256701484629803, -1.879972491960784975, 2.799999999999999822 ) ) ;
#3972 = ORIENTED_EDGE ( 'NONE', *, *, #700, .T. ) ;
#3973 = CARTESIAN_POINT ( 'NONE',  ( -1.712896288278569878, 2.750000000000000000, 2.399999999999999911 ) ) ;
#3974 = CARTESIAN_POINT ( 'NONE',  ( 2.502744041586359991, -2.021407763775584510, 0.5000000000000000000 ) ) ;
#3975 = CARTESIAN_POINT ( 'NONE',  ( -0.1860053306754375080, -1.606632458938090258, 2.799999999999999822 ) ) ;
#3976 = LINE ( 'NONE', #10621, #3110 ) ;
#3977 = AXIS2_PLACEMENT_3D ( 'NONE', #6324, #9489, #503 ) ;
#3978 = SURFACE_STYLE_FILL_AREA ( #5611 ) ;
#3979 = B_SPLINE_CURVE_WITH_KNOTS ( 'NONE', 3,
 ( #2031, #7865, #387, #2910, #6221, #6275, #9549, #9609, #8740, #445, #3790 ),
 .UNSPECIFIED., .F., .F.,
 ( 4, 1, 1, 1, 1, 1, 1, 1, 4 ),
 ( 0.0000000000000000000, 0.1818627159604200016, 0.3478693513041130059, 0.4980370164793330168, 0.6302069238042260491, 0.7473112184362129540, 0.8479049363245790838, 0.9323595851926930189, 1.000000000000000000 ),
 .UNSPECIFIED. ) ;
#3980 = EDGE_CURVE ( 'NONE', #5910, #7276, #9952, .T. ) ;
#3981 = CARTESIAN_POINT ( 'NONE',  ( 2.888842628547434899, 1.476764338265061927, 0.5000000000000000000 ) ) ;
#3982 = CARTESIAN_POINT ( 'NONE',  ( 2.572763945685050402, -1.623597747644449862, 2.122770708680850049 ) ) ;
#3983 =( GEOMETRIC_REPRESENTATION_CONTEXT ( 3 ) GLOBAL_UNCERTAINTY_ASSIGNED_CONTEXT ( ( #7578 ) ) GLOBAL_UNIT_ASSIGNED_CONTEXT ( ( #1080, #5346, #1247 ) ) REPRESENTATION_CONTEXT ( 'NONE', 'WORKASPACE' ) );
#3984 = STYLED_ITEM ( 'NONE', ( #6893 ), #1687 ) ;
#3985 = CARTESIAN_POINT ( 'NONE',  ( 2.997147200504454823, -1.670498782292965112, 2.399999999999999911 ) ) ;
#3986 = PRESENTATION_LAYER_ASSIGNMENT (  '', '', ( #9369 ) ) ;
#3987 = ORIENTED_EDGE ( 'NONE', *, *, #5284, .F. ) ;
#3988 = PRESENTATION_LAYER_ASSIGNMENT (  '', '', ( #1013 ) ) ;
#3989 = VERTEX_POINT ( 'NONE', #8373 ) ;
#3990 = PRESENTATION_STYLE_ASSIGNMENT (( #801 ) ) ;
#3991 = EDGE_LOOP ( 'NONE', ( #10350, #3180, #8573, #5118 ) ) ;
#3992 = LINE ( 'NONE', #9812, #826 ) ;
#3993 = SURFACE_SIDE_STYLE ('',( #7188 ) ) ;
#3994 = PLANE ( 'NONE',  #8429 ) ;
#3995 = CARTESIAN_POINT ( 'NONE',  ( 0.1633928571428575061, -0.5396845540826950005, 2.799999999999999822 ) ) ;
#3996 = CARTESIAN_POINT ( 'NONE',  ( -2.500000000000000000, 1.971070381800190008, 0.2036024470216530047 ) ) ;
#3997 =( NAMED_UNIT ( * ) SI_UNIT ( $, .STERADIAN. ) SOLID_ANGLE_UNIT ( ) );
#3998 =( NAMED_UNIT ( * ) PLANE_ANGLE_UNIT ( ) SI_UNIT ( $, .RADIAN. ) );
#3999 = AXIS2_PLACEMENT_3D ( 'NONE', #9777, #8962, #7418 ) ;
#4000 = FACE_OUTER_BOUND ( 'NONE', #3162, .T. ) ;
#4001 = LINE ( 'NONE', #7245, #5320 ) ;
#4002 = EDGE_CURVE ( 'NONE', #7889, #8771, #9244, .T. ) ;
#4003 = EDGE_LOOP ( 'NONE', ( #5045, #1640 ) ) ;
#4004 = FILL_AREA_STYLE_COLOUR ( '', #3081 ) ;
#4005 = MECHANICAL_DESIGN_GEOMETRIC_PRESENTATION_REPRESENTATION (  '', ( #5221 ), #1561 ) ;
#4006 = CARTESIAN_POINT ( 'NONE',  ( -1.543123039928625095, -1.542667026583330214, 1.456509765138330081 ) ) ;
#4007 = CARTESIAN_POINT ( 'NONE',  ( -2.642379037551405130, -1.979047326008824825, 0.3864410810002315011 ) ) ;
#4008 = CARTESIAN_POINT ( 'NONE',  ( -0.2097610860950374911, -0.6054494568253190323, 2.790000000000000036 ) ) ;
#4009 = CARTESIAN_POINT ( 'NONE',  ( 2.500000000000000000, 2.681881587960845081, -0.2100000000000000200 ) ) ;
#4010 = ORIENTED_EDGE ( 'NONE', *, *, #1955, .T. ) ;
#4011 =( LENGTH_UNIT ( ) NAMED_UNIT ( * ) SI_UNIT ( .MILLI., .METRE. ) );
#4012 = LINE ( 'NONE', #7476, #7105 ) ;
#4013 = CARTESIAN_POINT ( 'NONE',  ( 2.664069865506759616, 0.9053380947630459419, 0.8040254131267119408 ) ) ;
#4014 = CARTESIAN_POINT ( 'NONE',  ( -1.990086586843860195, 1.210049061881236065, 1.461183922150405934 ) ) ;
#4015 = CARTESIAN_POINT ( 'NONE',  ( 2.399999999999999911, 2.799999999999999822, 0.1200000000000000094 ) ) ;
#4016 = SURFACE_STYLE_FILL_AREA ( #1389 ) ;
#4017 = VECTOR ( 'NONE', #7107, 1000.000000000000000 ) ;
#4018 = UNCERTAINTY_MEASURE_WITH_UNIT (LENGTH_MEASURE( 1.000000000000000082E-05 ), #9469, 'distance_accuracy_value', 'NONE');
#4019 = CARTESIAN_POINT ( 'NONE',  ( -0.2607954545454539974, -1.764522216420359779, 2.790000000000000036 ) ) ;
#4020 = EDGE_CURVE ( 'NONE', #8583, #3574, #187, .T. ) ;
#4021 = ORIENTED_EDGE ( 'NONE', *, *, #3139, .T. ) ;
#4022 = CARTESIAN_POINT ( 'NONE',  ( -2.568761605867265096, 0.06933440793220679854, 1.466472920336237884 ) ) ;
#4023 = ORIENTED_EDGE ( 'NONE', *, *, #3369, .F. ) ;
#4024 = EDGE_CURVE ( 'NONE', #2093, #6393, #7601, .T. ) ;
#4025 = CARTESIAN_POINT ( 'NONE',  ( 1.888842569823995010, 2.750000000000000000, 2.399999999999999911 ) ) ;
#4026 = CARTESIAN_POINT ( 'NONE',  ( -1.149999999999999911, -3.000000000000000000, 0.3499999999999999778 ) ) ;
#4027 = CARTESIAN_POINT ( 'NONE',  ( -1.207057892113170050, -2.905025367685135418, 0.4943458434218209741 ) ) ;
#4028 = ORIENTED_EDGE ( 'NONE', *, *, #2851, .T. ) ;
#4029 = CIRCLE ( 'NONE', #5755, 0.02000000000000005246 ) ;
#4030 =( LENGTH_UNIT ( ) NAMED_UNIT ( * ) SI_UNIT ( .MILLI., .METRE. ) );
#4031 = ORIENTED_EDGE ( 'NONE', *, *, #258, .F. ) ;
#4032 = CARTESIAN_POINT ( 'NONE',  ( -2.506397692294624946, 2.748272631935325006, 0.4943351688377289888 ) ) ;
#4033 = CARTESIAN_POINT ( 'NONE',  ( 2.455619438818554823, -1.748071640382689917, 2.122128831543844907 ) ) ;
#4034 = CARTESIAN_POINT ( 'NONE',  ( -2.696359272984149680, 2.053409274584920396, 0.3864410810002315011 ) ) ;
#4035 = CARTESIAN_POINT ( 'NONE',  ( -1.449999999999999956, -1.815039362631929887, 2.799999999999999822 ) ) ;
#4036 =( NAMED_UNIT ( * ) PLANE_ANGLE_UNIT ( ) SI_UNIT ( $, .RADIAN. ) );
#4037 = CARTESIAN_POINT ( 'NONE',  ( 2.213104127458634718, 0.8084894586259681049, 1.463238643715963905 ) ) ;
#4038 = CARTESIAN_POINT ( 'NONE',  ( 2.652551829975905218, -1.806061345424920139, 0.4829784809689069425 ) ) ;
#4039 = CARTESIAN_POINT ( 'NONE',  ( 3.000000000000000000, -1.625735931288069924, 2.700000000000000178 ) ) ;
#4040 = CARTESIAN_POINT ( 'NONE',  ( -2.055303757026599953, -1.099255923140859847, 1.461864220056416031 ) ) ;
#4041 = DIRECTION ( 'NONE',  ( 1.000000000000000000, 0.0000000000000000000, 0.0000000000000000000 ) ) ;
#4042 = EDGE_CURVE ( 'NONE', #8050, #3601, #1777, .T. ) ;
#4043 = VERTEX_POINT ( 'NONE', #5172 ) ;
#4044 = ORIENTED_EDGE ( 'NONE', *, *, #157, .F. ) ;
#4045 = CARTESIAN_POINT ( 'NONE',  ( -2.500000000000000000, 2.000000000000000000, 2.328125000000000000 ) ) ;
#4046 = CARTESIAN_POINT ( 'NONE',  ( -0.4386870883860755077, -0.2999518678085135170, 2.790000000000000036 ) ) ;
#4047 = SURFACE_STYLE_FILL_AREA ( #5721 ) ;
#4048 = CARTESIAN_POINT ( 'NONE',  ( 0.5999999999999999778, -1.353239748887890004, 2.790000000000000036 ) ) ;
#4049 = DIRECTION ( 'NONE',  ( 1.000000000000000000, 0.0000000000000000000, 0.0000000000000000000 ) ) ;
#4050 =( LENGTH_UNIT ( ) NAMED_UNIT ( * ) SI_UNIT ( .MILLI., .METRE. ) );
#4051 = ORIENTED_EDGE ( 'NONE', *, *, #6453, .T. ) ;
#4052 = CARTESIAN_POINT ( 'NONE',  ( -0.3194015293830334556, 0.0000000000000000000, 0.5000000000000000000 ) ) ;
#4053 = CARTESIAN_POINT ( 'NONE',  ( -2.137344787164054960, -2.352158022443965102, 0.8032088812979429893 ) ) ;
#4054 = CARTESIAN_POINT ( 'NONE',  ( -2.653392790958829739, -1.965884155522290122, 0.3864410810002315011 ) ) ;
#4055 = CARTESIAN_POINT ( 'NONE',  ( 0.5844215701555139919, 0.2784241335245435378, 2.790000000000000036 ) ) ;
#4056 = ORIENTED_EDGE ( 'NONE', *, *, #1376, .T. ) ;
#4057 = FACE_OUTER_BOUND ( 'NONE', #1169, .T. ) ;
#4058 = CARTESIAN_POINT ( 'NONE',  ( -2.912132034355964905, 1.837867965644034873, 2.399999999999999911 ) ) ;
#4059 = CARTESIAN_POINT ( 'NONE',  ( 2.695915908097375357, 1.359181478207113880, 2.124186236011829987 ) ) ;
#4060 = CARTESIAN_POINT ( 'NONE',  ( -2.155356275561205237, 0.9149469123340869814, 1.462679293942934056 ) ) ;
#4061 = FACE_OUTER_BOUND ( 'NONE', #6991, .T. ) ;
#4062 = CARTESIAN_POINT ( 'NONE',  ( -2.399999999999999911, -3.000000000000000000, 0.5000000000000000000 ) ) ;
#4063 = CARTESIAN_POINT ( 'NONE',  ( -2.533492427768134991, -1.929351531099454897, 0.4999999999980690446 ) ) ;
#4064 = EDGE_LOOP ( 'NONE', ( #2761, #8308 ) ) ;
#4065 = PRESENTATION_STYLE_ASSIGNMENT (( #3188 ) ) ;
#4066 = CARTESIAN_POINT ( 'NONE',  ( -2.903312223672364745, 0.1204934767955739977, 0.4943175329825580389 ) ) ;
#4067 = ORIENTED_EDGE ( 'NONE', *, *, #7523, .T. ) ;
#4068 = CARTESIAN_POINT ( 'NONE',  ( 2.750000000000000000, -1.625735931288069924, 2.799999999999999822 ) ) ;
#4069 = CARTESIAN_POINT ( 'NONE',  ( 2.202783587081335259, 2.899999999999999911, 0.5000000000000000000 ) ) ;
#4070 = CARTESIAN_POINT ( 'NONE',  ( 2.533300653862919916, -1.929736843048354800, 0.4999999999999739653 ) ) ;
#4071 = FACE_OUTER_BOUND ( 'NONE', #1994, .T. ) ;
#4072 = EDGE_CURVE ( 'NONE', #8119, #7708, #8655, .T. ) ;
#4073 = CARTESIAN_POINT ( 'NONE',  ( 0.3932563306956449733, -1.824433846260659964, 2.799999999999999822 ) ) ;
#4074 = ORIENTED_EDGE ( 'NONE', *, *, #465, .F. ) ;
#4075 = CARTESIAN_POINT ( 'NONE',  ( -2.500000000000000000, 2.253276997764924960, 0.5000000000000000000 ) ) ;
#4076 = CARTESIAN_POINT ( 'NONE',  ( 2.652551829975905218, -1.806061345424920139, 0.4829784809689069425 ) ) ;
#4077 = PRESENTATION_STYLE_ASSIGNMENT (( #6513 ) ) ;
#4078 = DIRECTION ( 'NONE',  ( 1.000000000000000000, 0.0000000000000000000, 0.0000000000000000000 ) ) ;
#4079 = CARTESIAN_POINT ( 'NONE',  ( 2.718847230587254860, 1.198420039275160054, 2.124740168226360471 ) ) ;
#4080 = CARTESIAN_POINT ( 'NONE',  ( 2.055581015058189909, -1.099017361363543888, 1.461853888024772230 ) ) ;
#4081 = CARTESIAN_POINT ( 'NONE',  ( -2.414282326247679578, -2.004042074047625022, 0.4249999999999999889 ) ) ;
#4082 = EDGE_CURVE ( 'NONE', #6679, #10120, #238, .T. ) ;
#4083 = CARTESIAN_POINT ( 'NONE',  ( -2.700762448286575079, -1.320183461659294011, 2.124324567291325128 ) ) ;
#4084 = SURFACE_STYLE_FILL_AREA ( #4924 ) ;
#4085 = VECTOR ( 'NONE', #7793, 1000.000000000000000 ) ;
#4086 = UNCERTAINTY_MEASURE_WITH_UNIT (LENGTH_MEASURE( 1.000000000000000082E-05 ), #8704, 'distance_accuracy_value', 'NONE');
#4087 = VERTEX_POINT ( 'NONE', #8855 ) ;
#4088 = MECHANICAL_DESIGN_GEOMETRIC_PRESENTATION_REPRESENTATION (  '', ( #8259 ), #6160 ) ;
#4089 = SURFACE_STYLE_FILL_AREA ( #1679 ) ;
#4090 = ORIENTED_EDGE ( 'NONE', *, *, #8428, .T. ) ;
#4091 = CARTESIAN_POINT ( 'NONE',  ( 0.3932563306956449733, -0.7023559241827369570, 2.799999999999999822 ) ) ;
#4092 = CARTESIAN_POINT ( 'NONE',  ( -0.3086466781300214457, -0.3956383762196200027, 2.799999999999999822 ) ) ;
#4093 = PRESENTATION_STYLE_ASSIGNMENT (( #3328 ) ) ;
#4094 = CARTESIAN_POINT ( 'NONE',  ( 2.956173761888604812, -1.554782797639240099, 0.2071554596297824902 ) ) ;
#4095 = CARTESIAN_POINT ( 'NONE',  ( -2.500000000000000000, 1.984296507570875168, 0.1153995267486128129 ) ) ;
#4096 = CARTESIAN_POINT ( 'NONE',  ( 1.149999999999999911, 2.681881587960845081, -0.2100000000000000200 ) ) ;
#4097 = CARTESIAN_POINT ( 'NONE',  ( 2.500000000000000000, -2.500047666198019769, 0.1568365928198499903 ) ) ;
#4098 = EDGE_CURVE ( 'NONE', #1596, #3670, #4778, .T. ) ;
#4099 = CARTESIAN_POINT ( 'NONE',  ( -2.500000000000000000, -2.799999999999999822, 0.5000000000000000000 ) ) ;
#4100 = ORIENTED_EDGE ( 'NONE', *, *, #1435, .F. ) ;
#4101 = CARTESIAN_POINT ( 'NONE',  ( 2.494560730721075092, 2.838995741605649936, 0.5000000000000000000 ) ) ;
#4102 = CARTESIAN_POINT ( 'NONE',  ( -2.511968601155734948, -2.634629247777069416, 0.4886679988433180744 ) ) ;
#4103 = DIRECTION ( 'NONE',  ( 0.0000000000000000000, 0.0000000000000000000, 1.000000000000000000 ) ) ;
#4104 = CARTESIAN_POINT ( 'NONE',  ( 0.3932563306956445293, 0.4197219978951854946, 2.790000000000000036 ) ) ;
#4105 = CARTESIAN_POINT ( 'NONE',  ( 0.02556818181818194813, -0.4400903982385390156, 2.790000000000000036 ) ) ;
#4106 = EDGE_LOOP ( 'NONE', ( #6488, #5079, #718, #85 ) ) ;
#4107 = COLOUR_RGB ( '',0.8431372549019607865, 0.8156862745098039102, 0.7529411764705882248 ) ;
#4108 = LINE ( 'NONE', #4891, #10071 ) ;
#4109 = SURFACE_STYLE_FILL_AREA ( #7360 ) ;
#4110 = CARTESIAN_POINT ( 'NONE',  ( 3.000000000000000000, 1.597397890880380089, 2.399999999999999911 ) ) ;
#4111 = CARTESIAN_POINT ( 'NONE',  ( -2.608243080020349769, 1.216510116156370058, 0.8038750655765249942 ) ) ;
#4112 = EDGE_CURVE ( 'NONE', #7688, #6393, #9422, .T. ) ;
#4113 = VECTOR ( 'NONE', #5368, 999.9999999999998863 ) ;
#4114 = CARTESIAN_POINT ( 'NONE',  ( -2.500000000000000000, -2.070156211871640117, 0.5000000000000000000 ) ) ;
#4115 = ORIENTED_EDGE ( 'NONE', *, *, #5381, .T. ) ;
#4116 = SURFACE_STYLE_USAGE ( .BOTH. , #2587 ) ;
#4117 = CARTESIAN_POINT ( 'NONE',  ( -2.903312223672364745, -0.1184703704579024020, 0.4943175329825580389 ) ) ;
#4118 = ORIENTED_EDGE ( 'NONE', *, *, #7392, .T. ) ;
#4119 = DIRECTION ( 'NONE',  ( 0.0000000000000000000, 0.0000000000000000000, 1.000000000000000000 ) ) ;
#4120 = CARTESIAN_POINT ( 'NONE',  ( 1.771433112788334929, 2.342623441190294642, 2.118608285022634874 ) ) ;
#4121 = MECHANICAL_DESIGN_GEOMETRIC_PRESENTATION_REPRESENTATION (  '', ( #629 ), #4838 ) ;
#4122 = DIRECTION ( 'NONE',  ( 0.0000000000000000000, 0.0000000000000000000, -1.000000000000000000 ) ) ;
#4123 = STYLED_ITEM ( 'NONE', ( #10525 ), #124 ) ;
#4124 = CARTESIAN_POINT ( 'NONE',  ( -1.602478115250064894, -2.394548523488334801, 2.117765524154259893 ) ) ;
#4125 = UNCERTAINTY_MEASURE_WITH_UNIT (LENGTH_MEASURE( 1.000000000000000082E-05 ), #8633, 'distance_accuracy_value', 'NONE');
#4126 = CARTESIAN_POINT ( 'NONE',  ( -2.850000000000000089, 1.625735931288069924, 2.700000000000000178 ) ) ;
#4127 = PRESENTATION_LAYER_ASSIGNMENT (  '', '', ( #3961 ) ) ;
#4128 = VERTEX_POINT ( 'NONE', #7089 ) ;
#4129 = CARTESIAN_POINT ( 'NONE',  ( -2.509687204106385128, 2.265968425620469962, 0.4886609787111880765 ) ) ;
#4130 = EDGE_CURVE ( 'NONE', #2427, #4087, #6664, .T. ) ;
#4131 = CARTESIAN_POINT ( 'NONE',  ( 2.902601501589404887, -1.847398498410595113, 2.399999999999999911 ) ) ;
#4132 = CARTESIAN_POINT ( 'NONE',  ( -2.685075126711049975, 2.054336280249850155, 0.3864410810002315011 ) ) ;
#4133 = CARTESIAN_POINT ( 'NONE',  ( -2.399999999999999911, 2.799999999999999822, 0.1200000000000000094 ) ) ;
#4134 = PLANE ( 'NONE',  #3747 ) ;
#4135 = CARTESIAN_POINT ( 'NONE',  ( 2.691134961480139864, 1.386668582532678107, 2.124064767125630304 ) ) ;
#4136 = CARTESIAN_POINT ( 'NONE',  ( 2.647914252001875024, -1.801248571615579941, 0.4886523206459379987 ) ) ;
#4137 = SURFACE_SIDE_STYLE ('',( #580 ) ) ;
#4138 = CARTESIAN_POINT ( 'NONE',  ( -2.601222533120369551, -1.235151373401730091, 0.8038751505546160026 ) ) ;
#4139 = AXIS2_PLACEMENT_3D ( 'NONE', #1469, #806, #3273 ) ;
#4140 = FILL_AREA_STYLE_COLOUR ( '', #5182 ) ;
#4141 = EDGE_LOOP ( 'NONE', ( #3053, #2534, #2388, #7553 ) ) ;
#4142 = EDGE_CURVE ( 'NONE', #2277, #7988, #4731, .T. ) ;
#4143 =( GEOMETRIC_REPRESENTATION_CONTEXT ( 3 ) GLOBAL_UNCERTAINTY_ASSIGNED_CONTEXT ( ( #9681 ) ) GLOBAL_UNIT_ASSIGNED_CONTEXT ( ( #2590, #6813, #5161 ) ) REPRESENTATION_CONTEXT ( 'NONE', 'WORKASPACE' ) );
#4144 = VECTOR ( 'NONE', #6163, 1000.000000000000114 ) ;
#4145 =( GEOMETRIC_REPRESENTATION_CONTEXT ( 3 ) GLOBAL_UNCERTAINTY_ASSIGNED_CONTEXT ( ( #6468 ) ) GLOBAL_UNIT_ASSIGNED_CONTEXT ( ( #2352, #10631, #2406 ) ) REPRESENTATION_CONTEXT ( 'NONE', 'WORKASPACE' ) );
#4146 = CARTESIAN_POINT ( 'NONE',  ( 0.5100350800582691413, -0.7883975071997799677, 2.799999999999999822 ) ) ;
#4147 = PRESENTATION_STYLE_ASSIGNMENT (( #1787 ) ) ;
#4148 =( NAMED_UNIT ( * ) PLANE_ANGLE_UNIT ( ) SI_UNIT ( $, .RADIAN. ) );
#4149 = CARTESIAN_POINT ( 'NONE',  ( 2.759333839047557468, -1.800832701190552942, 0.3535058639434786043 ) ) ;
#4150 = CARTESIAN_POINT ( 'NONE',  ( -2.500000000000000000, 1.953927866001684777, 0.1588550978528434909 ) ) ;
#4151 = PLANE ( 'NONE',  #500 ) ;
#4152 = ADVANCED_FACE ( 'NONE', ( #1323 ), #664, .F. ) ;
#4153 = CARTESIAN_POINT ( 'NONE',  ( 0.2296077742320664916, 0.5382787922413869719, 2.799999999999999822 ) ) ;
#4154 = CIRCLE ( 'NONE', #10414, 0.1800000000000000488 ) ;
#4155 = AXIS2_PLACEMENT_3D ( 'NONE', #9819, #4882, #1428 ) ;
#4156 = SURFACE_STYLE_FILL_AREA ( #9004 ) ;
#4157 = ORIENTED_EDGE ( 'NONE', *, *, #7160, .T. ) ;
#4158 = CARTESIAN_POINT ( 'NONE',  ( 2.399999999999999911, 2.799999999999999822, 0.1200000000000000094 ) ) ;
#4159 = CARTESIAN_POINT ( 'NONE',  ( -2.240702688215415073, -1.913565653975075165, 0.8035114884606150421 ) ) ;
#4160 = CARTESIAN_POINT ( 'NONE',  ( -2.736982665752506261, -2.001599249246216239, 0.3864410810002315011 ) ) ;
#4161 = CARTESIAN_POINT ( 'NONE',  ( -0.1670664863060850047, 0.5463014593454009749, 2.799999999999999822 ) ) ;
#4162 = VECTOR ( 'NONE', #1545, 1000.000000000000000 ) ;
#4163 = CARTESIAN_POINT ( 'NONE',  ( -0.1103230765775705946, -1.656922371638979818, 2.790000000000000036 ) ) ;
#4164 =( GEOMETRIC_REPRESENTATION_CONTEXT ( 3 ) GLOBAL_UNCERTAINTY_ASSIGNED_CONTEXT ( ( #2286 ) ) GLOBAL_UNIT_ASSIGNED_CONTEXT ( ( #9842, #2329, #518 ) ) REPRESENTATION_CONTEXT ( 'NONE', 'WORKASPACE' ) );
#4165 = VERTEX_POINT ( 'NONE', #9718 ) ;
#4166 = SURFACE_STYLE_FILL_AREA ( #5046 ) ;
#4167 = AXIS2_PLACEMENT_3D ( 'NONE', #9378, #166, #9267 ) ;
#4168 = CARTESIAN_POINT ( 'NONE',  ( 2.614049081099704797, 1.202340875725764091, 0.8038925096755680233 ) ) ;
#4169 = CARTESIAN_POINT ( 'NONE',  ( -2.909970829434135098, 1.317435189232653903, 0.4886452522683019661 ) ) ;
#4170 = FILL_AREA_STYLE_COLOUR ( '', #2750 ) ;
#4171 = MECHANICAL_DESIGN_GEOMETRIC_PRESENTATION_REPRESENTATION (  '', ( #8872 ), #8519 ) ;
#4172 = VECTOR ( 'NONE', #10028, 1000.000000000000114 ) ;
#4173 = CARTESIAN_POINT ( 'NONE',  ( -0.3485302928463300254, 0.7554274236257839670, 2.799999999999999822 ) ) ;
#4174 = EDGE_CURVE ( 'NONE', #7703, #5598, #58, .T. ) ;
#4175 = VERTEX_POINT ( 'NONE', #10536 ) ;
#4176 = DIRECTION ( 'NONE',  ( 0.0000000000000000000, 0.0000000000000000000, -1.000000000000000000 ) ) ;
#4177 = CARTESIAN_POINT ( 'NONE',  ( -2.906624447344730022, 0.1208245306372765920, 0.4886350659651150785 ) ) ;
#4178 = ORIENTED_EDGE ( 'NONE', *, *, #9942, .F. ) ;
#4179 = DIRECTION ( 'NONE',  ( -1.000000000000000000, 0.0000000000000000000, 0.0000000000000000000 ) ) ;
#4180 = CARTESIAN_POINT ( 'NONE',  ( -1.207057892422418011, 2.905025367683810256, 0.4943458434214639263 ) ) ;
#4181 = FILL_AREA_STYLE_COLOUR ( '', #9578 ) ;
#4182 = DIRECTION ( 'NONE',  ( 0.0000000000000000000, 0.0000000000000000000, -1.000000000000000000 ) ) ;
#4183 = ORIENTED_EDGE ( 'NONE', *, *, #2896, .T. ) ;
#4184 =( NAMED_UNIT ( * ) PLANE_ANGLE_UNIT ( ) SI_UNIT ( $, .RADIAN. ) );
#4185 = CARTESIAN_POINT ( 'NONE',  ( -2.211356875408674760, 2.054677221857159619, 0.8034178630790149711 ) ) ;
#4186 = ORIENTED_EDGE ( 'NONE', *, *, #7260, .T. ) ;
#4187 = DIRECTION ( 'NONE',  ( 0.0000000000000000000, 0.0000000000000000000, -1.000000000000000000 ) ) ;
#4188 = SURFACE_STYLE_USAGE ( .BOTH. , #2650 ) ;
#4189 = DIRECTION ( 'NONE',  ( -3.203166744464219909E-16, -1.000000000000000000, 0.0000000000000000000 ) ) ;
#4190 = CARTESIAN_POINT ( 'NONE',  ( 2.597834456855160123, 1.593225456524224981, 2.122951088361450189 ) ) ;
#4191 = CARTESIAN_POINT ( 'NONE',  ( 2.997147200504454823, -1.670498782292965112, 2.399999999999999911 ) ) ;
#4192 = DIRECTION ( 'NONE',  ( 0.0000000000000000000, 0.0000000000000000000, 1.000000000000000000 ) ) ;
#4193 = CARTESIAN_POINT ( 'NONE',  ( -2.728859740002864687, -1.700422489904660051, 0.4886506813929299975 ) ) ;
#4194 = EDGE_CURVE ( 'NONE', #1712, #2245, #1113, .T. ) ;
#4195 = ORIENTED_EDGE ( 'NONE', *, *, #3159, .F. ) ;
#4196 = CARTESIAN_POINT ( 'NONE',  ( 1.429894934282486041, -1.735488937613379967, 1.455028784168241884 ) ) ;
#4197 = CIRCLE ( 'NONE', #10284, 0.01999999999999999695 ) ;
#4198 = DIRECTION ( 'NONE',  ( -1.000000000000000000, 0.0000000000000000000, 0.0000000000000000000 ) ) ;
#4199 = SURFACE_SIDE_STYLE ('',( #10024 ) ) ;
#4200 = FACE_OUTER_BOUND ( 'NONE', #6145, .T. ) ;
#4201 = CARTESIAN_POINT ( 'NONE',  ( 0.5999999999999999778, -2.169717021615165109, 2.790000000000000036 ) ) ;
#4202 = CARTESIAN_POINT ( 'NONE',  ( -2.500000000000000000, 1.975442249767154879, 0.2077147695446115161 ) ) ;
#4203 = DIRECTION ( 'NONE',  ( 0.7071067811865470176, 0.7071067811865480168, 0.0000000000000000000 ) ) ;
#4204 = STYLED_ITEM ( 'NONE', ( #2213 ), #1659 ) ;
#4205 = CARTESIAN_POINT ( 'NONE',  ( 0.2998446361318240494, 0.4879533518103890133, 2.799999999999999822 ) ) ;
#4206 = EDGE_CURVE ( 'NONE', #8943, #1385, #7150, .T. ) ;
#4207 = EDGE_CURVE ( 'NONE', #9356, #7761, #8526, .T. ) ;
#4208 = CARTESIAN_POINT ( 'NONE',  ( 0.3282910536466944751, 0.4670829541148799890, 2.799999999999999822 ) ) ;
#4209 = ORIENTED_EDGE ( 'NONE', *, *, #7480, .F. ) ;
#4210 =( NAMED_UNIT ( * ) SI_UNIT ( $, .STERADIAN. ) SOLID_ANGLE_UNIT ( ) );
#4211 = CARTESIAN_POINT ( 'NONE',  ( -1.223268771548668088, -1.993170211086870092, 1.453378160178570022 ) ) ;
#4212 = CARTESIAN_POINT ( 'NONE',  ( -2.643826238111394833, -1.945217202360755016, 0.5000000000000000000 ) ) ;
#4213 = CARTESIAN_POINT ( 'NONE',  ( -0.1337711258411732052, 0.5684396866568829365, 2.799999999999999822 ) ) ;
#4214 = CARTESIAN_POINT ( 'NONE',  ( -0.4386870883860755077, -1.422029789886436246, 2.790000000000000036 ) ) ;
#4215 = VERTEX_POINT ( 'NONE', #1434 ) ;
#4216 = CARTESIAN_POINT ( 'NONE',  ( 2.887694824517324843, 1.491532136602982117, 0.4943237783705690114 ) ) ;
#4217 = CARTESIAN_POINT ( 'NONE',  ( -2.612828320682564875, 1.201842935001814050, 0.8038801401601279872 ) ) ;
#4218 = DIRECTION ( 'NONE',  ( 0.7071067811865470176, -0.7071067811865480168, 0.0000000000000000000 ) ) ;
#4219 = EDGE_CURVE ( 'NONE', #3040, #10543, #8959, .T. ) ;
#4220 = CARTESIAN_POINT ( 'NONE',  ( 2.600000000000000089, -2.070156211871640117, 0.3634627865033320249 ) ) ;
#4221 = ORIENTED_EDGE ( 'NONE', *, *, #6705, .F. ) ;
#4222 = FILL_AREA_STYLE_COLOUR ( '', #4283 ) ;
#4223 = CARTESIAN_POINT ( 'NONE',  ( -2.914981655555084927, -1.322362198675771872, 0.4829674192582680270 ) ) ;
#4224 = PRESENTATION_STYLE_ASSIGNMENT (( #117 ) ) ;
#4225 = ORIENTED_EDGE ( 'NONE', *, *, #9596, .F. ) ;
#4226 = CARTESIAN_POINT ( 'NONE',  ( -2.415873556353010265, 2.899999999999999911, 0.5000000000000000000 ) ) ;
#4227 = SURFACE_STYLE_FILL_AREA ( #8312 ) ;
#4228 = CARTESIAN_POINT ( 'NONE',  ( -0.5999999999999999778, -1.078807930706071838, 2.799999999999999822 ) ) ;
#4229 = ADVANCED_FACE ( 'NONE', ( #4830 ), #7310, .T. ) ;
#4230 = ORIENTED_EDGE ( 'NONE', *, *, #9516, .F. ) ;
#4231 = SURFACE_STYLE_FILL_AREA ( #5116 ) ;
#4232 = CARTESIAN_POINT ( 'NONE',  ( -2.514530806159579690, 2.272314139548239798, 0.4829914680667830029 ) ) ;
#4233 = ORIENTED_EDGE ( 'NONE', *, *, #1292, .F. ) ;
#4234 = CARTESIAN_POINT ( 'NONE',  ( 0.2998446361318245490, -0.6341245702675329943, 2.790000000000000036 ) ) ;
#4235 = PRODUCT_DEFINITION_SHAPE ( 'NONE', 'NONE',  #10552 ) ;
#4236 = CARTESIAN_POINT ( 'NONE',  ( -0.3918581830457260051, -1.456806005276649829, 2.790000000000000036 ) ) ;
#4237 = DIRECTION ( 'NONE',  ( 0.0000000000000000000, 0.0000000000000000000, -1.000000000000000000 ) ) ;
#4238 = CARTESIAN_POINT ( 'NONE',  ( 2.508651015639055348, 2.064568705503875279, 0.4886572528676879079 ) ) ;
#4239 = CARTESIAN_POINT ( 'NONE',  ( 2.612828320679884797, -1.201842935004500124, 0.8038801401606640029 ) ) ;
#4240 = DIRECTION ( 'NONE',  ( 1.000000000000000000, 0.0000000000000000000, 0.0000000000000000000 ) ) ;
#4241 = CARTESIAN_POINT ( 'NONE',  ( -2.504325507819485264, -2.059026044851725246, 0.4943286264340510661 ) ) ;
#4242 = SURFACE_STYLE_USAGE ( .BOTH. , #7391 ) ;
#4243 = EDGE_CURVE ( 'NONE', #607, #9795, #5024, .T. ) ;
#4244 = ORIENTED_EDGE ( 'NONE', *, *, #5801, .T. ) ;
#4245 = CARTESIAN_POINT ( 'NONE',  ( 0.1563113276871415103, -2.750000000000000000, 2.399999999999999911 ) ) ;
#4246 =( LENGTH_UNIT ( ) NAMED_UNIT ( * ) SI_UNIT ( .MILLI., .METRE. ) );
#4247 = CARTESIAN_POINT ( 'NONE',  ( 2.224917844808284695, -0.7767116098763199306, 1.463256694445446149 ) ) ;
#4248 = CARTESIAN_POINT ( 'NONE',  ( 0.4305299667704600153, -2.456475915002124921, 1.449895245488353801 ) ) ;
#4249 = STYLED_ITEM ( 'NONE', ( #10242 ), #3906 ) ;
#4250 = CYLINDRICAL_SURFACE ( 'NONE', #9379, 0.05000000000000002359 ) ;
#4251 = CARTESIAN_POINT ( 'NONE',  ( -0.2607954545454544970, -1.764522216420359779, 2.790000000000000036 ) ) ;
#4252 = CARTESIAN_POINT ( 'NONE',  ( 0.3932563306956445293, 0.4197219978951854946, 2.790000000000000036 ) ) ;
#4253 = STYLED_ITEM ( 'NONE', ( #4093 ), #4577 ) ;
#4254 = CARTESIAN_POINT ( 'NONE',  ( -2.500000000000000000, -2.050912854447529909, 0.1831093332765559856 ) ) ;
#4255 = ORIENTED_EDGE ( 'NONE', *, *, #6718, .F. ) ;
#4256 = CARTESIAN_POINT ( 'NONE',  ( -1.813745466158029895, -2.913523276465905365, 0.4886839822517660137 ) ) ;
#4257 = EDGE_CURVE ( 'NONE', #9965, #5674, #8, .T. ) ;
#4258 = SURFACE_STYLE_USAGE ( .BOTH. , #3500 ) ;
#4259 = CARTESIAN_POINT ( 'NONE',  ( 1.976660526444884880, 2.735515474086174681, 2.399999999999999911 ) ) ;
#4260 = DIRECTION ( 'NONE',  ( 0.0000000000000000000, 0.0000000000000000000, 1.000000000000000000 ) ) ;
#4261 = VERTEX_POINT ( 'NONE', #1595 ) ;
#4262 = CARTESIAN_POINT ( 'NONE',  ( -0.5999999999999999778, 1.134179082280940110, 2.799999999999999822 ) ) ;
#4263 = FILL_AREA_STYLE ('',( #6913 ) ) ;
#4264 = CARTESIAN_POINT ( 'NONE',  ( 2.595619047430229642, 1.244277127966699981, 0.8038707542303950015 ) ) ;
#4265 = CARTESIAN_POINT ( 'NONE',  ( -2.904507470624695387, 1.491642015642499874, 0.4829713793887560058 ) ) ;
#4266 = AXIS2_PLACEMENT_3D ( 'NONE', #1602, #3186, #2324 ) ;
#4267 = SURFACE_SIDE_STYLE ('',( #6605 ) ) ;
#4268 = CARTESIAN_POINT ( 'NONE',  ( -2.716616502304249892, 1.963718709231274895, 0.3864410810002315011 ) ) ;
#4269 = VECTOR ( 'NONE', #6905, 1000.000000000000000 ) ;
#4270 = ORIENTED_EDGE ( 'NONE', *, *, #378, .F. ) ;
#4271 = CARTESIAN_POINT ( 'NONE',  ( -2.698918072242594945, -1.337622581510270026, 2.124273007406564773 ) ) ;
#4272 = EDGE_CURVE ( 'NONE', #1385, #2920, #6493, .T. ) ;
#4273 = LINE ( 'NONE', #6002, #10746 ) ;
#4274 = CARTESIAN_POINT ( 'NONE',  ( -0.1141190710410202036, 0.5886413351365709090, 2.790000000000000036 ) ) ;
#4275 = ORIENTED_EDGE ( 'NONE', *, *, #4735, .F. ) ;
#4276 = CARTESIAN_POINT ( 'NONE',  ( -2.480821679977780025, 2.879636800488194925, 0.4943365330030349836 ) ) ;
#4277 = CARTESIAN_POINT ( 'NONE',  ( 2.460489005035973786, 1.396103667786608771, 0.1000000000000000333 ) ) ;
#4278 = B_SPLINE_CURVE_WITH_KNOTS ( 'NONE', 3,
 ( #3850, #5371, #8685, #9604 ),
 .UNSPECIFIED., .F., .F.,
 ( 4, 4 ),
 ( 0.0000000000000000000, 1.000000000000000000 ),
 .UNSPECIFIED. ) ;
#4279 = PRESENTATION_LAYER_ASSIGNMENT (  '', '', ( #9851 ) ) ;
#4280 = ORIENTED_EDGE ( 'NONE', *, *, #8213, .T. ) ;
#4281 = CARTESIAN_POINT ( 'NONE',  ( -2.991220537596175344, 1.702390443120259889, 2.399999999999999911 ) ) ;
#4282 = VERTEX_POINT ( 'NONE', #766 ) ;
#4283 = COLOUR_RGB ( '',0.8431372549019607865, 0.8156862745098039102, 0.7529411764705882248 ) ;
#4284 = EDGE_LOOP ( 'NONE', ( #10366, #4713, #8561, #7513 ) ) ;
#4285 = CARTESIAN_POINT ( 'NONE',  ( 0.1722171299342409867, -0.5448177730144609932, 2.790000000000000036 ) ) ;
#4286 = CARTESIAN_POINT ( 'NONE',  ( 0.2112822484499475018, -0.5712598892987850174, 2.790000000000000036 ) ) ;
#4287 = CARTESIAN_POINT ( 'NONE',  ( -1.149999999999999911, -2.674999999999999822, 0.1000000000000000056 ) ) ;
#4288 = CARTESIAN_POINT ( 'NONE',  ( 2.723994460176450083, 1.695716454265774997, 0.4943253406962889729 ) ) ;
#4289 = CARTESIAN_POINT ( 'NONE',  ( 2.998947751294765318, -1.650946559077680176, 2.399999999999999911 ) ) ;
#4290 = FACE_OUTER_BOUND ( 'NONE', #3001, .T. ) ;
#4291 = CARTESIAN_POINT ( 'NONE',  ( -2.500000000000000000, -2.053483384199759509, 0.5000000000000000000 ) ) ;
#4292 = DIRECTION ( 'NONE',  ( -1.000000000000000000, 0.0000000000000000000, 0.0000000000000000000 ) ) ;
#4293 = COLOUR_RGB ( '',0.8431372549019607865, 0.8156862745098039102, 0.7529411764705882248 ) ;
#4294 = AXIS2_PLACEMENT_3D ( 'NONE', #7452, #796, #5815 ) ;
#4295 = UNCERTAINTY_MEASURE_WITH_UNIT (LENGTH_MEASURE( 1.000000000000000082E-05 ), #5137, 'distance_accuracy_value', 'NONE');
#4296 = EDGE_LOOP ( 'NONE', ( #9401, #10657, #10378, #7821, #60 ) ) ;
#4297 = EDGE_CURVE ( 'NONE', #5086, #7985, #3178, .T. ) ;
#4298 = CARTESIAN_POINT ( 'NONE',  ( 2.422107745994159789, -2.909274835657030156, 0.4943371803923599650 ) ) ;
#4299 =( NAMED_UNIT ( * ) PLANE_ANGLE_UNIT ( ) SI_UNIT ( $, .RADIAN. ) );
#4300 = DIRECTION ( 'NONE',  ( -0.0000000000000000000, -1.000000000000000000, -0.0000000000000000000 ) ) ;
#4301 = CARTESIAN_POINT ( 'NONE',  ( 2.699091624707929515, -1.362980820058391940, 2.124220413105839977 ) ) ;
#4302 = CARTESIAN_POINT ( 'NONE',  ( 2.208192420065844708, -2.908332164593259606, 0.4943389081218420023 ) ) ;
#4303 = AXIS2_PLACEMENT_3D ( 'NONE', #9966, #1464, #6471 ) ;
#4304 = DIRECTION ( 'NONE',  ( 1.000000000000000000, 0.0000000000000000000, 0.0000000000000000000 ) ) ;
#4305 = CARTESIAN_POINT ( 'NONE',  ( -2.399999999999999911, -2.799999999999999822, 0.5000000000000000000 ) ) ;
#4306 = VECTOR ( 'NONE', #6584, 1000.000000000000000 ) ;
#4307 = VECTOR ( 'NONE', #935, 1000.000000000000114 ) ;
#4308 = CARTESIAN_POINT ( 'NONE',  ( 0.2112822484499470022, 0.5508180327791369901, 2.799999999999999822 ) ) ;
#4309 = ORIENTED_EDGE ( 'NONE', *, *, #2531, .F. ) ;
#4310 = CARTESIAN_POINT ( 'NONE',  ( 4.141705384294900639E-17, -2.903740861596030509, 0.4943491809110580060 ) ) ;
#4311 = CARTESIAN_POINT ( 'NONE',  ( 2.735355339059324820, -1.661091270347400117, 2.799999999999999822 ) ) ;
#4312 = DIRECTION ( 'NONE',  ( 0.0000000000000000000, 0.0000000000000000000, 1.000000000000000000 ) ) ;
#4313 =( LENGTH_UNIT ( ) NAMED_UNIT ( * ) SI_UNIT ( .MILLI., .METRE. ) );
#4314 = CARTESIAN_POINT ( 'NONE',  ( 1.149999999999999911, 2.799999999999999822, 0.1000000000000000056 ) ) ;
#4315 = CARTESIAN_POINT ( 'NONE',  ( -2.806066017177979877, -1.731801948466054952, 2.700000000000000178 ) ) ;
#4316 = CARTESIAN_POINT ( 'NONE',  ( 2.837604137455325137, 1.912395862544674863, 2.399999999999999911 ) ) ;
#4317 = STYLED_ITEM ( 'NONE', ( #9588 ), #9132 ) ;
#4318 = CARTESIAN_POINT ( 'NONE',  ( -2.911324762649770026, 0.7206157517385070044, 0.4829572595246129918 ) ) ;
#4319 = COLOUR_RGB ( '',0.8431372549019607865, 0.8156862745098039102, 0.7529411764705882248 ) ;
#4320 = COLOUR_RGB ( '',0.7686274509803920907, 0.7686274509803920907, 0.7686274509803920907 ) ;
#4321 = CARTESIAN_POINT ( 'NONE',  ( -2.378862628183380235, 2.031019716863560198, 0.6575484335052000917 ) ) ;
#4322 = EDGE_CURVE ( 'NONE', #7527, #272, #818, .T. ) ;
#4323 = DIRECTION ( 'NONE',  ( 0.0000000000000000000, 0.0000000000000000000, 1.000000000000000000 ) ) ;
#4324 = CIRCLE ( 'NONE', #7446, 0.2250000000000000333 ) ;
#4325 = AXIS2_PLACEMENT_3D ( 'NONE', #2983, #7104, #5326 ) ;
#4326 = ORIENTED_EDGE ( 'NONE', *, *, #508, .T. ) ;
#4327 = FACE_OUTER_BOUND ( 'NONE', #8816, .T. ) ;
#4328 = CARTESIAN_POINT ( 'NONE',  ( -2.911424650503064981, -1.474964399801270032, 0.4829707217083679671 ) ) ;
#4329 = CARTESIAN_POINT ( 'NONE',  ( -2.423408091292976074, -1.331972171824347795, 0.1000000000000000333 ) ) ;
#4330 = CARTESIAN_POINT ( 'NONE',  ( 0.2238433465168739867, 0.6229275637321419756, 2.790000000000000036 ) ) ;
#4331 = ORIENTED_EDGE ( 'NONE', *, *, #3980, .F. ) ;
#4332 = CARTESIAN_POINT ( 'NONE',  ( -2.514578815753180319, 2.866277723352425255, 0.4830084259208309860 ) ) ;
#4333 = FACE_OUTER_BOUND ( 'NONE', #7425, .T. ) ;
#4334 = AXIS2_PLACEMENT_3D ( 'NONE', #5839, #8454, #2679 ) ;
#4335 = AXIS2_PLACEMENT_3D ( 'NONE', #10688, #1471, #9818 ) ;
#4336 = EDGE_CURVE ( 'NONE', #7145, #2808, #10038, .T. ) ;
#4337 = ORIENTED_EDGE ( 'NONE', *, *, #2867, .F. ) ;
#4338 = CYLINDRICAL_SURFACE ( 'NONE', #1491, 0.2999999999999999334 ) ;
#4339 = EDGE_CURVE ( 'NONE', #6866, #216, #923, .T. ) ;
#4340 = CARTESIAN_POINT ( 'NONE',  ( -2.317875059773235158, 1.633592598350019909, 0.8036921891934638573 ) ) ;
#4341 = PRESENTATION_LAYER_ASSIGNMENT (  '', '', ( #8872 ) ) ;
#4342 = VERTEX_POINT ( 'NONE', #3389 ) ;
#4343 = ORIENTED_EDGE ( 'NONE', *, *, #6375, .T. ) ;
#4344 = CARTESIAN_POINT ( 'NONE',  ( 2.589586673712330089, -2.548064364196604981, 0.1024473452966978004 ) ) ;
#4345 = LINE ( 'NONE', #4401, #2594 ) ;
#4346 = CARTESIAN_POINT ( 'NONE',  ( 2.598587052826015320, 1.862721814742730020, 0.4886533777394589939 ) ) ;
#4347 = CARTESIAN_POINT ( 'NONE',  ( 2.910665112718845204, -1.443106157728704098, 0.4886470803757580472 ) ) ;
#4348 = ORIENTED_EDGE ( 'NONE', *, *, #6548, .T. ) ;
#4349 = DIRECTION ( 'NONE',  ( 0.0000000000000000000, -1.000000000000000000, 0.0000000000000000000 ) ) ;
#4350 = CARTESIAN_POINT ( 'NONE',  ( -2.542152120363270207, -1.939420906704500069, 0.4886548233450979661 ) ) ;
#4351 = FILL_AREA_STYLE ('',( #5283 ) ) ;
#4352 = EDGE_CURVE ( 'NONE', #4798, #4165, #5894, .T. ) ;
#4353 = AXIS2_PLACEMENT_3D ( 'NONE', #2238, #5566, #4756 ) ;
#4354 = ORIENTED_EDGE ( 'NONE', *, *, #4257, .T. ) ;
#4355 = CARTESIAN_POINT ( 'NONE',  ( 1.749606358508090098, 2.348405715795479853, 2.118498732073450075 ) ) ;
#4356 = B_SPLINE_CURVE_WITH_KNOTS ( 'NONE', 3,
 ( #7320, #5845, #6652, #7424, #10764, #3299, #6607 ),
 .UNSPECIFIED., .F., .F.,
 ( 4, 1, 1, 1, 4 ),
 ( 0.0000000000000000000, 5.036490915088450050E-05, 0.0001007298183017711965, 0.0001510947274526569777, 0.0002014596366035414986 ),
 .UNSPECIFIED. ) ;
#4357 = CARTESIAN_POINT ( 'NONE',  ( 0.6014163958097910045, -2.899999999999999911, 0.5000000000000000000 ) ) ;
#4358 =( LENGTH_UNIT ( ) NAMED_UNIT ( * ) SI_UNIT ( .MILLI., .METRE. ) );
#4359 = CARTESIAN_POINT ( 'NONE',  ( 2.500000000000000000, -1.499952333801978011, 0.1568365928198499903 ) ) ;
#4360 = CARTESIAN_POINT ( 'NONE',  ( -0.1494761574587941955, -0.5634789736910439384, 2.790000000000000036 ) ) ;
#4361 = CARTESIAN_POINT ( 'NONE',  ( 2.570789398394315306, -1.277829734988765953, 0.8038519756809759942 ) ) ;
#4362 = CARTESIAN_POINT ( 'NONE',  ( 1.429894934282486041, -1.735488937613379967, 1.455028784168241884 ) ) ;
#4363 = CARTESIAN_POINT ( 'NONE',  ( 2.474268881899805095, -2.870371900546480060, 0.5000000000000000000 ) ) ;
#4364 = CARTESIAN_POINT ( 'NONE',  ( -0.2345856926139834875, -1.745324838601475026, 2.790000000000000036 ) ) ;
#4365 = CARTESIAN_POINT ( 'NONE',  ( 0.1633928571428575061, -1.661762476160615121, 2.790000000000000036 ) ) ;
#4366 = ADVANCED_FACE ( 'NONE', ( #10645 ), #8510, .T. ) ;
#4367 = PRESENTATION_LAYER_ASSIGNMENT (  '', '', ( #10110 ) ) ;
#4368 = CARTESIAN_POINT ( 'NONE',  ( 0.1660045177501129898, 0.5808741237481990227, 2.799999999999999822 ) ) ;
#4369 = ORIENTED_EDGE ( 'NONE', *, *, #2609, .F. ) ;
#4370 = SURFACE_SIDE_STYLE ('',( #8611 ) ) ;
#4371 = LINE ( 'NONE', #3549, #8126 ) ;
#4372 = CARTESIAN_POINT ( 'NONE',  ( -2.587998244160395256, 2.548753666683994723, 0.1015797981315064019 ) ) ;
#4373 = DIRECTION ( 'NONE',  ( -1.000000000000000000, 0.0000000000000000000, 0.0000000000000000000 ) ) ;
#4374 = PLANE ( 'NONE',  #5886 ) ;
#4375 = VERTEX_POINT ( 'NONE', #261 ) ;
#4376 =( LENGTH_UNIT ( ) NAMED_UNIT ( * ) SI_UNIT ( .MILLI., .METRE. ) );
#4377 = DIRECTION ( 'NONE',  ( -1.000000000000000000, 0.0000000000000000000, 0.0000000000000000000 ) ) ;
#4378 = CARTESIAN_POINT ( 'NONE',  ( 2.653355883858480091, 1.805059004715169779, 0.4829784230746229645 ) ) ;
#4379 = CARTESIAN_POINT ( 'NONE',  ( -2.910184531966330201, -0.3583407402099155203, 0.4829534852986560045 ) ) ;
#4380 = DIRECTION ( 'NONE',  ( 0.0000000000000000000, 0.0000000000000000000, 1.000000000000000000 ) ) ;
#4381 = B_SPLINE_CURVE_WITH_KNOTS ( 'NONE', 3,
 ( #351, #3691, #9453, #1116, #7932, #4457, #1341, #2986, #7049, #2924, #400, #2109, #1285, #1989, #1231, #2163 ),
 .UNSPECIFIED., .F., .F.,
 ( 4, 3, 3, 3, 3, 4 ),
 ( 0.0000000000000000000, 5.666731378775250713E-06, 1.130172163947180071E-05, 1.733875863550570227E-05, 2.635191653712224826E-05, 3.602595401310479688E-05 ),
 .UNSPECIFIED. ) ;
#4382 = ADVANCED_FACE ( 'NONE', ( #3551 ), #9318, .T. ) ;
#4383 = CARTESIAN_POINT ( 'NONE',  ( -2.727338452596190344, 1.974087869357679770, 0.3864410810002315011 ) ) ;
#4384 = ORIENTED_EDGE ( 'NONE', *, *, #9991, .T. ) ;
#4385 = CARTESIAN_POINT ( 'NONE',  ( -2.611934987627730465, -1.210691280983551943, 0.8038882043484469886 ) ) ;
#4386 = CARTESIAN_POINT ( 'NONE',  ( -2.466143194322385046, 1.415801218290366315, 0.09999999999999999167 ) ) ;
#4387 = DIRECTION ( 'NONE',  ( -1.000000000000000000, -1.470822036273236109E-46, -2.170550214488384949E-31 ) ) ;
#4388 = EDGE_LOOP ( 'NONE', ( #8251, #3355, #4115, #1750, #541, #290, #9048 ) ) ;
#4389 = CARTESIAN_POINT ( 'NONE',  ( -2.137344787298585125, 2.352158022449239994, 0.8032088813109898862 ) ) ;
#4390 =( NAMED_UNIT ( * ) SI_UNIT ( $, .STERADIAN. ) SOLID_ANGLE_UNIT ( ) );
#4391 = FILL_AREA_STYLE_COLOUR ( '', #7068 ) ;
#4392 = CARTESIAN_POINT ( 'NONE',  ( 0.2238433465168744863, -1.621228280423699930, 2.799999999999999822 ) ) ;
#4393 = ORIENTED_EDGE ( 'NONE', *, *, #1234, .T. ) ;
#4394 = FACE_OUTER_BOUND ( 'NONE', #9425, .T. ) ;
#4395 = CARTESIAN_POINT ( 'NONE',  ( -2.526909588585340316, 1.990842291294910193, 0.4829835898719619935 ) ) ;
#4396 = ORIENTED_EDGE ( 'NONE', *, *, #2543, .F. ) ;
#4397 = ORIENTED_EDGE ( 'NONE', *, *, #4042, .F. ) ;
#4398 = CARTESIAN_POINT ( 'NONE',  ( 2.579999999999999627, -2.550000000000000266, 0.1000000000000000056 ) ) ;
#4399 = CARTESIAN_POINT ( 'NONE',  ( 1.875735931288069924, 2.449999999999999734, 2.799999999999999822 ) ) ;
#4400 = ADVANCED_FACE ( 'NONE', ( #9265 ), #1086, .T. ) ;
#4401 = CARTESIAN_POINT ( 'NONE',  ( 2.912132034355964905, -1.837867965644034873, 2.799999999999999822 ) ) ;
#4402 = CARTESIAN_POINT ( 'NONE',  ( 2.502745270276275136, 2.021312443512779833, 0.5000000000000000000 ) ) ;
#4403 = CARTESIAN_POINT ( 'NONE',  ( 2.904400855836985151, -1.073451333746126002, 0.4943209964399999934 ) ) ;
#4404 = FILL_AREA_STYLE ('',( #1887 ) ) ;
#4405 = CARTESIAN_POINT ( 'NONE',  ( -2.554211194782084693, -1.644815102260150042, 2.122644347852319591 ) ) ;
#4406 = EDGE_CURVE ( 'NONE', #5850, #9992, #4483, .T. ) ;
#4407 = ORIENTED_EDGE ( 'NONE', *, *, #6453, .F. ) ;
#4408 = B_SPLINE_CURVE_WITH_KNOTS ( 'NONE', 3,
 ( #9573, #2118, #307, #3648, #7942, #472, #6028, #9041, #7283, #7225, #8820, #530, #7176, #8166, #4859, #10671, #9628, #10564, #1407, #1351, #4752, #9689, #2232, #3821, #2172, #4700, #10454, #5610, #1454, #694, #8059 ),
 .UNSPECIFIED., .F., .F.,
 ( 4, 3, 3, 3, 3, 3, 3, 3, 3, 3, 4 ),
 ( 0.0000000000000000000, 1.559489813286040079E-05, 3.103622628891250003E-05, 5.290599898721719735E-05, 7.502189762047320194E-05, 0.0001008195606899279969, 0.0001273322148323729943, 0.0001452662007210340199, 0.0001603135380024495106, 0.0001754702170844950186, 0.0001783545190213585863 ),
 .UNSPECIFIED. ) ;
#4409 = CARTESIAN_POINT ( 'NONE',  ( 0.6014163954059009720, 2.899999999999999911, 0.5000000000000000000 ) ) ;
#4410 = CARTESIAN_POINT ( 'NONE',  ( 2.443292956658934756, -2.892897529844415061, 0.5000000000000000000 ) ) ;
#4411 = SURFACE_STYLE_USAGE ( .BOTH. , #1896 ) ;
#4412 = ADVANCED_FACE ( 'NONE', ( #321 ), #10145, .F. ) ;
#4413 = FACE_OUTER_BOUND ( 'NONE', #10575, .T. ) ;
#4414 = DIRECTION ( 'NONE',  ( 0.8169966565740621744, 0.5766424049155629561, 0.0000000000000000000 ) ) ;
#4415 = CARTESIAN_POINT ( 'NONE',  ( 2.899999999999999911, -1.434122318179412048, 0.5000000000000000000 ) ) ;
#4416 = CARTESIAN_POINT ( 'NONE',  ( 2.434576125276454839, -2.927824506971095087, 0.4830115411770790068 ) ) ;
#4417 = CARTESIAN_POINT ( 'NONE',  ( 2.415873556404330547, -2.899999999986704768, 0.5000000000000000000 ) ) ;
#4418 = CARTESIAN_POINT ( 'NONE',  ( 2.600000000000000089, 2.070156211871640117, 0.5000000000000000000 ) ) ;
#4419 = ORIENTED_EDGE ( 'NONE', *, *, #1066, .F. ) ;
#4420 = PRESENTATION_LAYER_ASSIGNMENT (  '', '', ( #1797 ) ) ;
#4421 = FACE_OUTER_BOUND ( 'NONE', #4064, .T. ) ;
#4422 = CARTESIAN_POINT ( 'NONE',  ( -2.082132551730980108, -2.403481102307035044, 0.8031532906161619190 ) ) ;
#4423 = CARTESIAN_POINT ( 'NONE',  ( -2.600000000000000089, 2.535829678684789812, 0.1174292221191994001 ) ) ;
#4424 = FILL_AREA_STYLE ('',( #4482 ) ) ;
#4425 = CARTESIAN_POINT ( 'NONE',  ( 0.0000000000000000000, 2.990000000000000213, 0.1100000000000000006 ) ) ;
#4426 = DIRECTION ( 'NONE',  ( 0.0000000000000000000, -1.000000000000000000, 0.0000000000000000000 ) ) ;
#4427 = LINE ( 'NONE', #2733, #4446 ) ;
#4428 = SURFACE_SIDE_STYLE ('',( #10147 ) ) ;
#4429 = FACE_OUTER_BOUND ( 'NONE', #9896, .T. ) ;
#4430 = CARTESIAN_POINT ( 'NONE',  ( 2.655004383468010154, 1.494323825594406019, 2.123523221582180209 ) ) ;
#4431 = CARTESIAN_POINT ( 'NONE',  ( -2.614049081102404859, -1.202340875728346026, 0.8038925096670319626 ) ) ;
#4432 =( LENGTH_UNIT ( ) NAMED_UNIT ( * ) SI_UNIT ( .MILLI., .METRE. ) );
#4433 = VECTOR ( 'NONE', #8995, 1000.000000000000000 ) ;
#4434 = DIRECTION ( 'NONE',  ( 0.0000000000000000000, 0.0000000000000000000, 1.000000000000000000 ) ) ;
#4435 = ORIENTED_EDGE ( 'NONE', *, *, #5366, .F. ) ;
#4436 = PRESENTATION_STYLE_ASSIGNMENT (( #1096 ) ) ;
#4437 = CARTESIAN_POINT ( 'NONE',  ( -2.202346251181510173, -0.8244113161808400703, 1.463129172646473908 ) ) ;
#4438 = CARTESIAN_POINT ( 'NONE',  ( -2.643826238111394833, 1.945217202360755016, 0.3648403235241770015 ) ) ;
#4439 = LINE ( 'NONE', #7646, #991 ) ;
#4440 = EDGE_CURVE ( 'NONE', #7440, #10444, #2676, .T. ) ;
#4441 = ORIENTED_EDGE ( 'NONE', *, *, #673, .T. ) ;
#4442 = CARTESIAN_POINT ( 'NONE',  ( -2.508651015636120363, 2.064568705503584845, 0.4886572528678089222 ) ) ;
#4443 = CARTESIAN_POINT ( 'NONE',  ( 0.1633928571428575061, -0.5396845540826950005, 2.790000000000000036 ) ) ;
#4444 = CARTESIAN_POINT ( 'NONE',  ( -0.1126768240424886047, 0.5815241994708190143, 2.799999999999999822 ) ) ;
#4445 = CIRCLE ( 'NONE', #608, 2.328125000000000000 ) ;
#4446 = VECTOR ( 'NONE', #9377, 1000.000000000000000 ) ;
#4447 = ORIENTED_EDGE ( 'NONE', *, *, #63, .T. ) ;
#4448 = DIRECTION ( 'NONE',  ( -1.000000000000000000, 3.203166744464219909E-16, 0.0000000000000000000 ) ) ;
#4449 = CARTESIAN_POINT ( 'NONE',  ( -2.643276674027815076, 1.796435797806310131, 0.4943261603229390788 ) ) ;
#4450 = ORIENTED_EDGE ( 'NONE', *, *, #2672, .F. ) ;
#4451 = VERTEX_POINT ( 'NONE', #1853 ) ;
#4452 = DIRECTION ( 'NONE',  ( -1.000000000000000000, 0.0000000000000000000, 0.0000000000000000000 ) ) ;
#4453 = DIRECTION ( 'NONE',  ( 0.5769594083632673120, -0.8167728209858042820, 0.0000000000000000000 ) ) ;
#4454 = CARTESIAN_POINT ( 'NONE',  ( 2.480821679990495188, 2.879636800476864877, 0.4943365330030049520 ) ) ;
#4455 = CARTESIAN_POINT ( 'NONE',  ( 2.899999999999999911, -0.3587885829618295275, 0.5000000000000000000 ) ) ;
#4456 = STYLED_ITEM ( 'NONE', ( #10462 ), #5791 ) ;
#4457 = CARTESIAN_POINT ( 'NONE',  ( -2.589012947679925070, -2.548371858983385252, 0.1020616155254295970 ) ) ;
#4458 = CARTESIAN_POINT ( 'NONE',  ( -2.566172465641950229, -1.913531709055070085, 0.4829813417485679938 ) ) ;
#4459 = CARTESIAN_POINT ( 'NONE',  ( 0.5999999999999999778, -0.2311618268099679963, 2.790000000000000036 ) ) ;
#4460 = EDGE_CURVE ( 'NONE', #10099, #2868, #5201, .T. ) ;
#4461 =( GEOMETRIC_REPRESENTATION_CONTEXT ( 3 ) GLOBAL_UNCERTAINTY_ASSIGNED_CONTEXT ( ( #1391 ) ) GLOBAL_UNIT_ASSIGNED_CONTEXT ( ( #2278, #5639, #3959 ) ) REPRESENTATION_CONTEXT ( 'NONE', 'WORKASPACE' ) );
#4462 = VERTEX_POINT ( 'NONE', #2078 ) ;
#4463 = CARTESIAN_POINT ( 'NONE',  ( 2.449665983308085160, 2.902220160432159801, 0.4943369222418009801 ) ) ;
#4464 = CARTESIAN_POINT ( 'NONE',  ( 2.514578815753250041, -2.866277723351965179, 0.4830084259213959785 ) ) ;
#4465 = CARTESIAN_POINT ( 'NONE',  ( 2.491448532073286426, -2.537090975938360859, 0.1163966627373182877 ) ) ;
#4466 = CARTESIAN_POINT ( 'NONE',  ( 0.5999999999999999778, -1.156730008628150230, 2.790000000000000036 ) ) ;
#4467 = CARTESIAN_POINT ( 'NONE',  ( 2.381855898892525136, 0.6125055450578841265, 1.464675920129189901 ) ) ;
#4468 = CARTESIAN_POINT ( 'NONE',  ( 0.8957003624398779396, -2.556527785991495438, 2.114822345381584867 ) ) ;
#4469 = FILL_AREA_STYLE ('',( #6841 ) ) ;
#4470 = CARTESIAN_POINT ( 'NONE',  ( 0.2016960644758679921, -0.5147010146022549248, 2.799999999999999822 ) ) ;
#4471 = MECHANICAL_DESIGN_GEOMETRIC_PRESENTATION_REPRESENTATION (  '', ( #1846 ), #2898 ) ;
#4472 = PRESENTATION_LAYER_ASSIGNMENT (  '', '', ( #968 ) ) ;
#4473 = DIRECTION ( 'NONE',  ( 0.0000000000000000000, 0.0000000000000000000, 1.000000000000000000 ) ) ;
#4474 = EDGE_CURVE ( 'NONE', #5492, #3003, #3317, .T. ) ;
#4475 = B_SPLINE_SURFACE_WITH_KNOTS ( 'NONE', 3, 3, ( 
 ( #864, #9970, #2513, #8340, #3120, #2303, #10135, #8556 ),
 ( #6839, #1840, #7560, #91, #252, #10083, #3593, #913 ),
 ( #203, #5246, #3541, #1901, #5085, #4248, #965, #6898 ),
 ( #10240, #5880, #1023, #9418, #3493, #1951, #4468, #2781 ),
 ( #2717, #10179, #1077, #8499, #5292, #6742, #2563, #3430 ),
 ( #1743, #6687, #4302, #7722, #7619, #4362, #9256, #2617 ),
 ( #4416, #1128, #7676, #5190, #10027, #5932, #3380, #8603 ),
 ( #1790, #5135, #8438, #9207, #6032, #8385, #6091, #40 ),
 ( #9365, #9308, #151, #6793, #2664, #5978, #8008, #1189 ),
 ( #2236, #476, #412, #2003, #4526, #363, #1355, #8823 ),
 ( #2826, #3758, #5404, #5341, #8712, #2941, #310, #7778 ),
 ( #8657, #3651, #9576, #5460, #4703, #1243, #10293, #6956 ),
 ( #6140, #3878, #7179, #4579, #7061, #7837, #10398, #5565 ),
 ( #2062, #1297, #3824, #8765, #9465, #3704, #7004, #6247 ),
 ( #10341, #8887, #2876, #6188, #9514, #7124, #2121, #4637 ),
 ( #9692, #10457, #7945, #7888, #2995, #533, #6298, #10511 ),
 ( #9631, #2176, #5509, #3047, #6356, #1410, #8937, #5653 ),
 ( #7337, #4963, #10568, #5710, #3319, #8170, #6627, #9144 ),
 ( #579, #7387, #4920, #2457, #2394, #9961, #637, #7228 ),
 ( #10674, #6416, #3924, #8985, #1623, #1511, #9044, #3157 ),
 ( #8113, #6569, #5812, #1572, #9857, #3105, #3982, #8062 ),
 ( #9749, #7285, #2294, #4863, #697, #3206, #6517, #8221 ),
 ( #4038, #4136, #10623, #9914, #746, #4080, #10725, #6463 ),
 ( #8270, #5764, #3258, #9093, #792, #4805, #7449, #9803 ),
 ( #10790, #2503, #5613, #4755, #2342, #1456, #7546, #80 ),
 ( #7499, #6674, #8327, #3481, #10125, #6019, #2605, #4191 ),
 ( #6884, #33, #8543, #1064, #9248, #953, #2554, #4289 ),
 ( #9195, #6730, #5969, #8485, #2653, #3371, #1733, #5015 ),
 ( #5074, #8377, #10224, #10014, #901, #5867, #5177, #7605 ),
 ( #10168, #3583, #1010, #6784, #4239, #3418, #1886, #10068 ),
 ( #5922, #4347, #1830, #6828, #7660, #3529, #1780, #5124 ),
 ( #191, #2704, #9351, #2768, #6079, #8424, #1672, #138 ),
 ( #9296, #5234, #4403, #7713, #242, #853, #8751, #4566 ),
 ( #1115, #10599, #1939, #3952, #6232, #2319, #1172, #10329 ),
 ( #5632, #8591, #10385, #4455, #7765, #2923, #8089, #7825 ),
 ( #2861, #294, #1988, #3637, #6174, #2044, #7876, #399 ),
 ( #8963, #9501, #1486, #5328, #611, #3743, #9563, #2108 ),
 ( #5444, #9778, #7256, #1284, #3136, #7047, #9452, #4623 ),
 ( #6444, #4834, #8139, #10279, #670, #8642, #3690, #4512 ),
 ( #9405, #6944, #2814, #5279, #4013, #7314, #10649, #5389 ),
 ( #6127, #3183, #350, #6990, #8701, #1230, #5787, #7361 ),
 ( #3233, #769, #12, #2527, #4168, #4893, #6543, #9832 ),
 ( #8297, #877, #6650, #2430, #2371, #8244, #3293, #10702 ),
 ( #7477, #1599, #8199, #1701, #9224, #9886, #4990, #4110 ),
 ( #5049, #721, #7520, #9985, #7419, #3346, #5840, #6603 ),
 ( #9071, #8355, #4216, #54, #4264, #8400, #4059, #6490 ),
 ( #1547, #5740, #4940, #2577, #9168, #1759, #3393, #6702 ),
 ( #5682, #9012, #10042, #10757, #5898, #5100, #927, #9938 ),
 ( #2480, #7574, #9116, #106, #1647, #823, #4430, #1966 ),
 ( #4378, #7691, #9269, #6805, #1806, #219, #6857, #9381 ),
 ( #3609, #2839, #3556, #6150, #10148, #5304, #1915, #6915 ),
 ( #7637, #6760, #8675, #10257, #10195, #8455, #168, #2680 ),
 ( #4486, #10307, #5151, #2736, #1039, #980, #6049, #5258 ),
 ( #3449, #2633, #8569, #5993, #1091, #5359, #9479, #4316 ),
 ( #9324, #7738, #7796, #266, #8619, #4541, #2794, #1143 ),
 ( #1208, #3505, #8515, #6105, #9432, #328, #1857, #5205 ),
 ( #3665, #6969, #2017, #7853, #10101, #5945, #2961, #5474 ),
 ( #3064, #3011, #7077, #6206, #4722, #5579, #4594, #3841 ),
 ( #6263, #8024, #9534, #7194, #2192, #9594, #9649, #5524 ),
 ( #4656, #3774, #547, #3893, #10528, #8076, #4771, #2083 ),
 ( #2894, #5418, #431, #10413, #9708, #1372, #8901, #6371 ),
 ( #10361, #8726, #494, #1258, #7021, #2136, #2253, #8782 ),
 ( #1313, #7906, #7963, #1427, #595, #8844, #7139, #10474 ),
 ( #375, #3937, #6315, #3717, #8551, #6835, #9302, #5335 ),
 ( #6181, #356, #4463, #301, #8596, #3646, #9460, #10174 ),
 ( #10336, #3535, #2659, #4573, #2821, #2775, #4355, #2711 ),
 ( #3697, #6998, #9508, #5184, #6084, #7717, #7669, #247 ),
 ( #5974, #10130, #1836, #10233, #6026, #9412, #1237, #5399 ),
 ( #8492, #9357, #7772, #2869, #6949, #1180, #406, #6891 ),
 ( #1945, #7881, #1894, #4409, #10286, #6134, #1995, #1018 ),
 ( #197, #5286, #1120, #4519, #8650, #5241, #1071, #3588 ),
 ( #7832, #2055, #8706, #3751, #3098, #8881, #3814, #7117 ),
 ( #6293, #10618, #7940, #9743, #7221, #1452, #10561, #8930 ),
 ( #469, #8001, #3153, #9685, #7277, #2115, #8056, #5648 ),
 ( #8980, #690, #6458, #2934, #2289, #6408, #4799, #4749 ),
 ( #2990, #9570, #10451, #2229, #8758, #6241, #526, #3973 ),
 ( #573, #5502, #9625, #2170, #8107, #8162, #3919, #1403 ),
 ( #8818, #10392, #4856, #4629, #1348, #4694, #3872, #5454 ),
 ( #1291, #9796, #631, #5606, #2335, #5558, #1505, #7056 ),
 ( #6348, #7173, #10505, #3041, #9242, #7494, #7442, #9036 ),
 ( #7381, #8371, #5067, #74, #9850, #10783, #1616, #1566 ),
 ( #9908, #2451, #4032, #2389, #4913, #10667, #5806, #1666 ),
 ( #7331, #10718, #5008, #895, #8319, #5861, #5117, #786 ),
 ( #8264, #8216, #1775, #845, #4185, #1725, #6620, #28 ),
 ( #4232, #4129, #10062, #4075, #740, #8417, #3251, #6564 ),
 ( #3364, #9956, #3312, #7539, #5915, #6667, #9138, #5758 ),
 ( #3412, #9087, #6724, #4957, #10008, #2547, #9188, #2598 ),
 ( #2497, #3199, #6510, #5704, #3576, #1167, #6776, #1933 ),
 ( #4395, #2856, #5383, #4507, #7598, #3631, #1109, #9446 ),
 ( #6168, #7654, #3473, #1823, #6875, #2646, #130, #1878 ),
 ( #5225, #5272, #10161, #5169, #4340, #2810, #2039, #8585 ),
 ( #10274, #2697, #8536, #1056, #10117, #184, #5961, #7705 ),
 ( #10217, #2759, #4449, #344, #235, #3685, #3521, #6122 ),
 ( #7758, #289, #6010, #6937, #7820, #1982, #5323, #8636 ),
 ( #1003, #6985, #6822, #10324, #9495, #945, #8479, #4281 ),
 ( #9344, #6072, #9399, #9288, #3738, #2918, #4560, #10494 ),
 ( #9557, #8695, #4617, #6336, #2279, #9672, #10549, #9786 ),
 ( #3085, #2157, #2101, #3143, #5546, #2216, #6396, #516 ),
 ( #7987, #9732, #8804, #3960, #8745, #5439, #6448, #6228 ),
 ( #1278, #1395, #3861, #7164, #5596, #10606, #4740, #3031 ),
 ( #7926, #8921, #454, #1444, #3798, #565, #8869, #4789 ),
 ( #8045, #1336, #3909, #7101, #7212, #8098, #619, #2327 ),
 ( #10379, #1224, #7042, #10438, #2980, #6282, #7266, #7871 ),
 ( #394, #9615, #5493, #4679, #8151, #6655, #8971, #19 ),
 ( #9176, #8207, #6551, #9898, #1715, #4842, #6610, #679 ),
 ( #9946, #4177, #4066, #2439, #5749, #4022, #9023, #7322 ),
 ( #9078, #775, #4117, #5794, #5056, #1606, #8363, #1556 ),
 ( #7426, #9125, #1654, #7370, #2487, #5848, #7484, #4996 ),
 ( #10770, #5691, #8306, #4904, #835, #3354, #887, #6497 ),
 ( #730, #10710, #3240, #4947, #5640, #10656, #3189, #1495 ),
 ( #4223, #9840, #2381, #8250, #3302, #9994, #2535, #7529 ),
 ( #62, #3402, #6710, #10048, #10107, #7644, #6864, #9388 ),
 ( #934, #2638, #5907, #9330, #4385, #7746, #2746, #9275 ),
 ( #4328, #10153, #6767, #10263, #3564, #8463, #4271, #8575 ),
 ( #5951, #1045, #174, #3512, #1097, #7584, #3619, #6060 ),
 ( #10203, #1922, #2687, #1863, #5159, #4437, #273, #6927 ),
 ( #4493, #115, #2589, #8405, #3462, #1814, #989, #9438 ),
 ( #8626, #2800, #5263, #8524, #9230, #5107, #6112, #1766 ),
 ( #1972, #5311, #6811, #6001, #5214, #1153, #7698, #7807 ),
 ( #224, #335, #3672, #6975, #437, #3782, #5369, #2903 ),
 ( #7085, #2968, #5480, #8790, #10481, #9716, #10423, #2262 ),
 ( #9655, #7027, #9602, #10533, #3724, #2845, #4776, #3019 ),
 ( #4547, #10368, #6213, #3899, #553, #6378, #8683, #6268 ),
 ( #9543, #4602, #5426, #8733, #10313, #1215, #7858, #6157 ),
 ( #7969, #7199, #2143, #2025, #9488, #8082, #381, #5585 ),
 ( #1320, #4662, #2090, #501, #603, #1264, #7913, #3848 ),
 ( #7147, #6323, #2202, #5531, #8851, #1381, #4728, #8030 ),
 ( #3070, #8906, #1432, #3944, #4159, #8237, #2363, #5626 ),
 ( #9978, #10642, #5732, #1536, #4886, #5781, #8956, #8289 ),
 ( #9007, #4102, #10750, #7354, #6536, #9824, #9111, #1641 ),
 ( #5039, #9162, #1478, #7249, #2312, #4827, #3175, #6484 ),
 ( #4983, #4935, #1694, #5675, #9771, #8132, #2421, #659 ),
 ( #8191, #7470, #715, #763, #4053, #4006, #10695, #815 ),
 ( #7410, #1592, #6437, #3227, #10589, #8348, #7307, #9881 ),
 ( #9063, #3283, #2475, #6597, #3338, #5, #9932, #6643 ),
 ( #2520, #5832, #871, #3130, #4422, #8393, #7514, #9427 ),
 ( #7629, #9216, #920, #7567, #8563, #5252, #259, #10035 ),
 ( #6850, #4256, #9263, #10094, #2625, #4211, #2572, #1752 ),
 ( #5988, #1849, #1083, #5143, #6694, #46, #1959, #5891 ),
 ( #3602, #973, #3499, #5093, #6798, #5298, #98, #1799 ),
 ( #210, #5198, #3443, #6753, #3386, #162, #9315, #9372 ),
 ( #5939, #8446, #4310, #7684, #10142, #2673, #1907, #6098 ) ),
 .UNSPECIFIED., .T., .F., .F.,
 ( 4, 1, 1, 1, 2, 1, 1, 1, 2, 1, 1, 1, 2, 1, 1, 1, 2, 1, 1, 1, 2, 1, 1, 1, 2, 1, 1, 1, 2, 1, 1, 1, 2, 1, 1, 1, 2, 1, 1, 1, 2, 1, 1, 1, 2, 1, 1, 1, 2, 1, 1, 1, 2, 1, 1, 1, 2, 1, 1, 1, 2, 1, 1, 1, 2, 1, 1, 1, 2, 1, 1, 1, 2, 1, 1, 1, 2, 1, 1, 1, 2, 1, 1, 1, 2, 1, 1, 1, 2, 1, 1, 1, 2, 1, 1, 1, 2, 1, 1, 1, 2, 1, 1, 1, 2, 1, 1, 1, 2, 1, 1, 1, 4 ),
 ( 4, 3, 1, 4 ),
 ( 0.0000000000000000000, 0.02599725674244664914, 0.05199451348489329827, 0.07799177022734000986, 0.1039890269697865965, 0.1060814944093442097, 0.1081739618489017951, 0.1102664292884594083, 0.1123588967280170076, 0.1216219125250252026, 0.1308849283220334114, 0.1401479441190418007, 0.1494109599160499957, 0.1519421097547304922, 0.1544732595934104891, 0.1570044094320909855, 0.1595355592707715098, 0.1641628996691270048, 0.1687902400674824999, 0.1734175804658384945, 0.1780449208641940173, 0.1786617477416600208, 0.1792785746191254970, 0.1798954014965910009, 0.1805122283740570044, 0.1978841712935134889, 0.2152561142129705007, 0.2326280571324270130, 0.2500000000518834975, 0.2670802650419399904, 0.2841605300319960392, 0.3012407950220520325, 0.3183210600121079703, 0.3191178685987740016, 0.3199146771854394777, 0.3207114857721050094, 0.3215082943587709852, 0.3262473309779305164, 0.3309863675970899921, 0.3357254042162490237, 0.3404644408354084995, 0.3429955906740890237, 0.3455267405127689928, 0.3480578903514494615, 0.3505890401901300413, 0.3598520559871379865, 0.3691150717841465423, 0.3783780875811544875, 0.3876411033781629878, 0.3897335708177204761, 0.3918260382572779643, 0.3939185056968354526, 0.3960109731363929964, 0.4220082298522950248, 0.4480054865681964982, 0.4740027432840980270, 0.5000000000000000000, 0.5259972567424470169, 0.5519945134848930346, 0.5779917702273400515, 0.6039890269697870684, 0.6060814944093440015, 0.6081739618489019339, 0.6102664292884590891, 0.6123588967280170214, 0.6216219125250250777, 0.6308849283220339110, 0.6401479441190419672, 0.6494109599160500235, 0.6519421097547299926, 0.6544732595934109609, 0.6570044094320910411, 0.6595355592707710102, 0.6641628996691270048, 0.6687902400674829995, 0.6734175804658379949, 0.6780449208641941006, 0.6786617477416599931, 0.6792785746191249974, 0.6798954014965910009, 0.6805122283740570044, 0.6978841712935129893, 0.7152561142129699734, 0.7326280571324269575, 0.7500000000518840526, 0.7670802650419400459, 0.7841605300319959282, 0.8012407950220520325, 0.8183210600121080258, 0.8191178685987740016, 0.8199146771854389781, 0.8207114857721050649, 0.8215082943587710407, 0.8262473309779299058, 0.8309863675970899921, 0.8357254042162489682, 0.8404644408354089435, 0.8429955906740890237, 0.8455267405127691038, 0.8480578903514489619, 0.8505890401901300413, 0.8598520559871379865, 0.8691150717841459317, 0.8783780875811539879, 0.8876411033781629323, 0.8897335708177199765, 0.8918260382572780198, 0.8939185056968360632, 0.8960109731363929964, 0.9220082298522950248, 0.9480054865681970533, 0.9740027432840979715, 1.000000000000000000 ),
 ( -0.01000000000000000021, 0.0000000000000000000, 0.5353398335520239693, 1.000000000000000000 ),
 .UNSPECIFIED. ) ;
#4476 = CARTESIAN_POINT ( 'NONE',  ( -0.1090909090909090023, -0.5384670216151629107, 2.790000000000000036 ) ) ;
#4477 = ORIENTED_EDGE ( 'NONE', *, *, #778, .T. ) ;
#4478 = SURFACE_SIDE_STYLE ('',( #1135 ) ) ;
#4479 = ADVANCED_FACE ( 'NONE', ( #1367 ), #2683, .T. ) ;
#4480 = ORIENTED_EDGE ( 'NONE', *, *, #1660, .F. ) ;
#4481 = CARTESIAN_POINT ( 'NONE',  ( -2.474345596219860166, 2.550000000000000266, 0.1000000000000000056 ) ) ;
#4482 = FILL_AREA_STYLE_COLOUR ( '', #3622 ) ;
#4483 = LINE ( 'NONE', #2835, #4085 ) ;
#4484 = DIRECTION ( 'NONE',  ( -1.000000000000000000, 0.0000000000000000000, 0.0000000000000000000 ) ) ;
#4485 = DIRECTION ( 'NONE',  ( 1.000000000000000000, 0.0000000000000000000, 0.0000000000000000000 ) ) ;
#4486 = CARTESIAN_POINT ( 'NONE',  ( 2.546481966655614659, 1.944455594522469966, 0.4829822350170590028 ) ) ;
#4487 = CARTESIAN_POINT ( 'NONE',  ( -2.553975299653925113, 0.2060319878451244979, 1.466309289136050076 ) ) ;
#4488 = CARTESIAN_POINT ( 'NONE',  ( 0.5999999999999999778, 0.2668089524108114841, 2.790000000000000036 ) ) ;
#4489 = COLOUR_RGB ( '',0.5372549019607842924, 0.3490196078431372362, 0.3372549019607843368 ) ;
#4490 = VECTOR ( 'NONE', #9395, 1000.000000000000000 ) ;
#4491 = CARTESIAN_POINT ( 'NONE',  ( -2.399999999999999911, -3.000000000000000000, 0.1200000000000000094 ) ) ;
#4492 = ORIENTED_EDGE ( 'NONE', *, *, #1130, .F. ) ;
#4493 = CARTESIAN_POINT ( 'NONE',  ( -2.868586316133619807, -1.537635632903319838, 0.4829721937992400016 ) ) ;
#4494 = CARTESIAN_POINT ( 'NONE',  ( -2.419677459141386766, 1.325571965882357484, 0.1000000000000000194 ) ) ;
#4495 = SURFACE_STYLE_FILL_AREA ( #10315 ) ;
#4496 = AXIS2_PLACEMENT_3D ( 'NONE', #5200, #4373, #8508 ) ;
#4497 = VECTOR ( 'NONE', #6589, 1000.000000000000000 ) ;
#4498 = ORIENTED_EDGE ( 'NONE', *, *, #9806, .T. ) ;
#4499 = VECTOR ( 'NONE', #9922, 1000.000000000000000 ) ;
#4500 = CARTESIAN_POINT ( 'NONE',  ( -2.513553308442280088, 2.148726931619870051, 0.4829880334562209887 ) ) ;
#4501 = DIRECTION ( 'NONE',  ( 0.5766424049155629561, -0.8169966565740621744, 0.0000000000000000000 ) ) ;
#4502 = VECTOR ( 'NONE', #6634, 1000.000000000000000 ) ;
#4503 = EDGE_CURVE ( 'NONE', #2427, #7703, #3735, .T. ) ;
#4504 = AXIS2_PLACEMENT_3D ( 'NONE', #7989, #6338, #1339 ) ;
#4505 = VECTOR ( 'NONE', #2117, 1000.000000000000000 ) ;
#4506 = VERTEX_POINT ( 'NONE', #6260 ) ;
#4507 = CARTESIAN_POINT ( 'NONE',  ( -2.514037242765595259, 1.975255626417655064, 0.5000000000000000000 ) ) ;
#4508 = VERTEX_POINT ( 'NONE', #6308 ) ;
#4509 = ORIENTED_EDGE ( 'NONE', *, *, #6391, .T. ) ;
#4510 = CARTESIAN_POINT ( 'NONE',  ( 0.02556818181818194813, -0.4400903982385390156, 2.799999999999999822 ) ) ;
#4511 = CARTESIAN_POINT ( 'NONE',  ( 1.543123039929340079, 1.542667026583310230, 1.456509765169397896 ) ) ;
#4512 = CARTESIAN_POINT ( 'NONE',  ( 3.000000000000000000, 0.7799574553199080107, 2.399999999999999911 ) ) ;
#4513 = CARTESIAN_POINT ( 'NONE',  ( 2.643826238111394833, 1.945217202360755016, 0.5000000000000000000 ) ) ;
#4514 = MECHANICAL_DESIGN_GEOMETRIC_PRESENTATION_REPRESENTATION (  '', ( #7281 ), #9542 ) ;
#4515 = CARTESIAN_POINT ( 'NONE',  ( -2.512795384593890180, -2.756836149241124634, 0.4886703376759210515 ) ) ;
#4516 = VECTOR ( 'NONE', #8756, 1000.000000000000000 ) ;
#4517 = ORIENTED_EDGE ( 'NONE', *, *, #527, .T. ) ;
#4518 = AXIS2_PLACEMENT_3D ( 'NONE', #2122, #5461, #4638 ) ;
#4519 = CARTESIAN_POINT ( 'NONE',  ( 0.1999999998978935212, 2.899999999999999911, 0.5000000000000000000 ) ) ;
#4520 = B_SPLINE_CURVE_WITH_KNOTS ( 'NONE', 3,
 ( #1525, #3166, #4877, #7299, #10800, #4095, #8997, #1470, #9106, #5825, #6476, #1584, #8183, #707, #1634, #4817, #4150, #6585, #7347, #8122, #650, #10737, #5723, #9816, #3996, #4202, #10635, #7401, #1683, #6528, #5031, #7508, #6637, #9762 ),
 .UNSPECIFIED., .F., .F.,
 ( 4, 3, 3, 3, 3, 3, 3, 3, 3, 3, 3, 4 ),
 ( 0.0002866475043391324769, 0.0002958980738388170104, 0.0003120768620921445229, 0.0003209825099290584895, 0.0003383777591157476950, 0.0003557371520062276591, 0.0003736569893476758206, 0.0003921896094103838998, 0.0004108667866368854787, 0.0004289015832925685209, 0.0004456793273326907241, 0.0004471525057863040380 ),
 .UNSPECIFIED. ) ;
#4521 = CARTESIAN_POINT ( 'NONE',  ( 2.517952901727209980, -2.642593125878879956, 0.4830019982647920096 ) ) ;
#4522 =( LENGTH_UNIT ( ) NAMED_UNIT ( * ) SI_UNIT ( .MILLI., .METRE. ) );
#4523 = CARTESIAN_POINT ( 'NONE',  ( 0.5999999999999999778, 1.087425835527694007, 2.790000000000000036 ) ) ;
#4524 = DIRECTION ( 'NONE',  ( -0.7071067811865480168, 0.7071067811865470176, 0.0000000000000000000 ) ) ;
#4525 = CARTESIAN_POINT ( 'NONE',  ( 2.903774920883314792, -0.7164659636156419653, 0.4943190865081229513 ) ) ;
#4526 = CARTESIAN_POINT ( 'NONE',  ( 2.137344787297215110, -2.352158022457475184, 0.8032088813008929629 ) ) ;
#4527 = DIRECTION ( 'NONE',  ( 0.0000000000000000000, 0.0000000000000000000, 1.000000000000000000 ) ) ;
#4528 = VERTEX_POINT ( 'NONE', #9644 ) ;
#4529 = VECTOR ( 'NONE', #1512, 1000.000000000000000 ) ;
#4530 = DIRECTION ( 'NONE',  ( 1.000000000000000000, 0.0000000000000000000, 0.0000000000000000000 ) ) ;
#4531 = CARTESIAN_POINT ( 'NONE',  ( -2.387132592945149678, 2.001919746319012816, 0.6500051864337544894 ) ) ;
#4532 = EDGE_LOOP ( 'NONE', ( #1378, #6809, #6619, #5779 ) ) ;
#4533 = CARTESIAN_POINT ( 'NONE',  ( -1.911091270347400117, -2.485355339059324820, 2.799999999999999822 ) ) ;
#4534 = ORIENTED_EDGE ( 'NONE', *, *, #5659, .F. ) ;
#4535 = CARTESIAN_POINT ( 'NONE',  ( 0.1693741817512275094, 0.5858780871201740847, 2.799999999999999822 ) ) ;
#4536 = PLANE ( 'NONE',  #9183 ) ;
#4537 = SURFACE_SIDE_STYLE ('',( #1368 ) ) ;
#4538 = DIRECTION ( 'NONE',  ( 0.0000000000000000000, 0.0000000000000000000, -1.000000000000000000 ) ) ;
#4539 = DIRECTION ( 'NONE',  ( 0.8104379191634829560, -0.5858245293447210678, 0.0000000000000000000 ) ) ;
#4540 = EDGE_CURVE ( 'NONE', #7642, #3003, #403, .T. ) ;
#4541 = CARTESIAN_POINT ( 'NONE',  ( 1.962366403737179743, 1.249613158008775926, 1.460697876912585791 ) ) ;
#4542 = CARTESIAN_POINT ( 'NONE',  ( -2.722683473054984926, -0.1007198102566263936, 0.8042050947282509687 ) ) ;
#4543 = ADVANCED_FACE ( 'NONE', ( #10523 ), #6366, .T. ) ;
#4544 = AXIS2_PLACEMENT_3D ( 'NONE', #2915, #451, #7161 ) ;
#4545 = ORIENTED_EDGE ( 'NONE', *, *, #2779, .F. ) ;
#4546 = CARTESIAN_POINT ( 'NONE',  ( -2.648148418099659729, -2.036565686757604965, 0.3864410810002315011 ) ) ;
#4547 = CARTESIAN_POINT ( 'NONE',  ( -2.546481966655484985, -1.944455594522229935, 0.4829822350176470325 ) ) ;
#4548 =( LENGTH_UNIT ( ) NAMED_UNIT ( * ) SI_UNIT ( .MILLI., .METRE. ) );
#4549 = FACE_BOUND ( 'NONE', #8717, .T. ) ;
#4550 = ORIENTED_EDGE ( 'NONE', *, *, #9740, .F. ) ;
#4551 = CARTESIAN_POINT ( 'NONE',  ( 0.2998446361318245490, -0.6341245702675329943, 2.799999999999999822 ) ) ;
#4552 = EDGE_CURVE ( 'NONE', #9795, #3160, #10684, .T. ) ;
#4553 = CARTESIAN_POINT ( 'NONE',  ( -2.143239352941129994, 2.606760647058875335, 2.399999999999999911 ) ) ;
#4554 = DIRECTION ( 'NONE',  ( 0.0000000000000000000, 1.000000000000000000, 0.0000000000000000000 ) ) ;
#4555 = CARTESIAN_POINT ( 'NONE',  ( -0.1670664863060850047, 0.5463014593454009749, 2.799999999999999822 ) ) ;
#4556 = UNCERTAINTY_MEASURE_WITH_UNIT (LENGTH_MEASURE( 1.000000000000000082E-05 ), #638, 'distance_accuracy_value', 'NONE');
#4557 = CARTESIAN_POINT ( 'NONE',  ( -2.500000000000000000, 2.032090865980824557, 0.2076860315366450271 ) ) ;
#4558 = ORIENTED_EDGE ( 'NONE', *, *, #6118, .T. ) ;
#4559 = SURFACE_STYLE_FILL_AREA ( #10160 ) ;
#4560 = CARTESIAN_POINT ( 'NONE',  ( -2.689425209647700488, 1.400377206544619835, 2.124037374031969794 ) ) ;
#4561 = ORIENTED_EDGE ( 'NONE', *, *, #9079, .T. ) ;
#4562 = EDGE_LOOP ( 'NONE', ( #1279, #8130, #2831, #1393 ) ) ;
#4563 = FILL_AREA_STYLE_COLOUR ( '', #7623 ) ;
#4564 = EDGE_CURVE ( 'NONE', #607, #5804, #6635, .T. ) ;
#4565 = CARTESIAN_POINT ( 'NONE',  ( 2.505984300577894786, 2.626665369674709982, 0.4943339994214019928 ) ) ;
#4566 = CARTESIAN_POINT ( 'NONE',  ( 3.000000000000000000, -1.223318888510404046, 2.399999999999999911 ) ) ;
#4567 = FACE_OUTER_BOUND ( 'NONE', #9126, .T. ) ;
#4568 = CARTESIAN_POINT ( 'NONE',  ( -1.771433112786774844, -2.342623441183854904, 2.118608285006374992 ) ) ;
#4569 = B_SPLINE_SURFACE_WITH_KNOTS ( 'NONE', 3, 1, ( 
 ( #8466, #1768 ),
 ( #176, #936 ),
 ( #4274, #2689 ),
 ( #1866, #1047 ),
 ( #5216, #7700 ),
 ( #226, #3566 ),
 ( #2748, #6063 ),
 ( #9390, #5265 ),
 ( #1099, #10483 ),
 ( #3726, #3021 ),
 ( #5483, #2092 ),
 ( #5532, #7149 ),
 ( #8853, #7087 ),
 ( #8628, #337 ),
 ( #7971, #4664 ),
 ( #9440, #7029 ),
 ( #1155, #1216 ),
 ( #6929, #3621 ),
 ( #10370, #6977 ) ),
 .UNSPECIFIED., .F., .F., .F.,
 ( 4, 1, 1, 1, 1, 1, 1, 1, 1, 1, 1, 1, 1, 1, 1, 1, 4 ),
 ( 2, 2 ),
 ( 0.0000000000000000000, 0.006491022190099359802, 0.01999718752723544934, 0.04129174943302810208, 0.06993138171736230924, 0.1060405829517207937, 0.1498516436044682043, 0.2008085873982295155, 0.2597997561993690141, 0.3257033864952474933, 0.3998780143702789780, 0.4809647925942789892, 0.5697627338811119824, 0.6662729348137089724, 0.7696947132029710037, 0.8811519930212949880, 1.000000000000000000 ),
 ( 0.0000000000000000000, 1.000000000000000000 ),
 .UNSPECIFIED. ) ;
#4570 = UNCERTAINTY_MEASURE_WITH_UNIT (LENGTH_MEASURE( 1.000000000000000082E-05 ), #2938, 'distance_accuracy_value', 'NONE');
#4571 =( BOUNDED_CURVE ( )  B_SPLINE_CURVE ( 3, ( #6519, #2395, #7389, #10791 ),
 .UNSPECIFIED., .F., .F. ) 
 B_SPLINE_CURVE_WITH_KNOTS ( ( 4, 4 ),
 ( 0.8814607930328510754, 1.492455077268106001 ),
 .UNSPECIFIED. ) 
 CURVE ( )  GEOMETRIC_REPRESENTATION_ITEM ( )  RATIONAL_B_SPLINE_CURVE ( ( 1.000000000000000000, 0.9691316975447150650, 0.9691316975447150650, 1.000000000000000000 ) ) 
 REPRESENTATION_ITEM ( '' )  );
#4572 = ORIENTED_EDGE ( 'NONE', *, *, #10664, .T. ) ;
#4573 = CARTESIAN_POINT ( 'NONE',  ( 2.415873556368010266, 2.899999999999999911, 0.5000000000000000000 ) ) ;
#4574 = CARTESIAN_POINT ( 'NONE',  ( 1.917498029988685015, -1.296171336552246034, 1.460149104312261858 ) ) ;
#4575 = CARTESIAN_POINT ( 'NONE',  ( -2.736981910144454133, 2.004042075554153257, 0.3864410810002315011 ) ) ;
#4576 = DIRECTION ( 'NONE',  ( -0.7071067811865470176, -0.7071067811865480168, 0.0000000000000000000 ) ) ;
#4577 = ADVANCED_FACE ( 'NONE', ( #4200 ), #5823, .T. ) ;
#4578 = CARTESIAN_POINT ( 'NONE',  ( 3.000000000000000000, 0.3921761887411540082, 2.399999999999999911 ) ) ;
#4579 = CARTESIAN_POINT ( 'NONE',  ( 2.500000000000000000, -2.618701491572070328, 0.5000000000000000000 ) ) ;
#4580 = DIRECTION ( 'NONE',  ( 1.000000000000000000, 0.0000000000000000000, 0.0000000000000000000 ) ) ;
#4581 = ORIENTED_EDGE ( 'NONE', *, *, #3895, .F. ) ;
#4582 = CARTESIAN_POINT ( 'NONE',  ( -1.765698779334879731, 2.004042074047625022, 0.6500000000000000222 ) ) ;
#4583 = LINE ( 'NONE', #3707, #5716 ) ;
#4584 = LINE ( 'NONE', #9583, #8443 ) ;
#4585 = ORIENTED_EDGE ( 'NONE', *, *, #5281, .T. ) ;
#4586 = LINE ( 'NONE', #3765, #6888 ) ;
#4587 = ORIENTED_EDGE ( 'NONE', *, *, #9309, .T. ) ;
#4588 = SURFACE_STYLE_FILL_AREA ( #2075 ) ;
#4589 =( NAMED_UNIT ( * ) PLANE_ANGLE_UNIT ( ) SI_UNIT ( $, .RADIAN. ) );
#4590 = DIRECTION ( 'NONE',  ( 0.0000000000000000000, 0.0000000000000000000, -1.000000000000000000 ) ) ;
#4591 = DIRECTION ( 'NONE',  ( 0.0000000000000000000, 0.0000000000000000000, -1.000000000000000000 ) ) ;
#4592 = DIRECTION ( 'NONE',  ( 0.0000000000000000000, 0.0000000000000000000, 1.000000000000000000 ) ) ;
#4593 = PRESENTATION_STYLE_ASSIGNMENT (( #8843 ) ) ;
#4594 = CARTESIAN_POINT ( 'NONE',  ( 2.310674057137965143, 1.892726241281724953, 2.121338251228760186 ) ) ;
#4595 = CARTESIAN_POINT ( 'NONE',  ( -2.906624447344730022, 0.1208245306372765920, 0.4886350659651150785 ) ) ;
#4596 = CARTESIAN_POINT ( 'NONE',  ( -2.500000000000000000, 2.799999999999999822, 0.5000000000000000000 ) ) ;
#4597 = VECTOR ( 'NONE', #9009, 1000.000000000000000 ) ;
#4598 = SURFACE_STYLE_USAGE ( .BOTH. , #3721 ) ;
#4599 = EDGE_CURVE ( 'NONE', #7030, #10495, #1582, .T. ) ;
#4600 = ORIENTED_EDGE ( 'NONE', *, *, #4130, .F. ) ;
#4601 = CARTESIAN_POINT ( 'NONE',  ( -2.636247147950124603, -2.011742881015144757, 0.3864410810002315011 ) ) ;
#4602 = CARTESIAN_POINT ( 'NONE',  ( -2.522702366421679887, -1.985356104905360297, 0.4886557265815819617 ) ) ;
#4603 = CARTESIAN_POINT ( 'NONE',  ( 2.589012947679925070, 2.548371858983385252, 0.1020616155254295970 ) ) ;
#4604 =( LENGTH_UNIT ( ) NAMED_UNIT ( * ) SI_UNIT ( .MILLI., .METRE. ) );
#4605 = VERTEX_POINT ( 'NONE', #1632 ) ;
#4606 = CARTESIAN_POINT ( 'NONE',  ( -1.911091270347400117, -2.485355339059324820, 2.799999999999999822 ) ) ;
#4607 = CARTESIAN_POINT ( 'NONE',  ( -2.455619438815950240, 1.748071640386374970, 2.122128831548379946 ) ) ;
#4608 = AXIS2_PLACEMENT_3D ( 'NONE', #9589, #543, #2131 ) ;
#4609 = FILL_AREA_STYLE ('',( #6980 ) ) ;
#4610 = LINE ( 'NONE', #3628, #4144 ) ;
#4611 = CARTESIAN_POINT ( 'NONE',  ( -2.500000000000000000, 2.016699387910445118, 0.1128601174818334024 ) ) ;
#4612 = EDGE_CURVE ( 'NONE', #918, #4451, #4973, .T. ) ;
#4613 =( NAMED_UNIT ( * ) SI_UNIT ( $, .STERADIAN. ) SOLID_ANGLE_UNIT ( ) );
#4614 = VECTOR ( 'NONE', #6494, 1000.000000000000114 ) ;
#4615 = ORIENTED_EDGE ( 'NONE', *, *, #4612, .T. ) ;
#4616 = FILL_AREA_STYLE_COLOUR ( '', #5843 ) ;
#4617 = CARTESIAN_POINT ( 'NONE',  ( -2.886910838451555161, 1.492560850989440135, 0.4943238569895960222 ) ) ;
#4618 = VERTEX_POINT ( 'NONE', #8281 ) ;
#4619 = VERTEX_POINT ( 'NONE', #6685 ) ;
#4620 = FACE_OUTER_BOUND ( 'NONE', #2575, .T. ) ;
#4621 = ADVANCED_FACE ( 'NONE', ( #9154 ), #3994, .F. ) ;
#4622 = CARTESIAN_POINT ( 'NONE',  ( 1.596236349081574746, 1.519601992104009813, 1.457030776961989904 ) ) ;
#4623 = CARTESIAN_POINT ( 'NONE',  ( 3.000000000000000000, 0.3921761887411540082, 2.399999999999999911 ) ) ;
#4624 = DIRECTION ( 'NONE',  ( -1.000000000000000000, 0.0000000000000000000, 0.0000000000000000000 ) ) ;
#4625 = CARTESIAN_POINT ( 'NONE',  ( -1.858962551820690035, -2.304846004898295053, 2.118939412559254887 ) ) ;
#4626 = DIRECTION ( 'NONE',  ( -0.8104379191634829560, 0.5858245293447210678, 0.0000000000000000000 ) ) ;
#4627 = COLOUR_RGB ( '',0.5372549019607842924, 0.3490196078431372362, 0.3372549019607843368 ) ;
#4628 = EDGE_LOOP ( 'NONE', ( #6361, #3161, #1363, #6986 ) ) ;
#4629 = CARTESIAN_POINT ( 'NONE',  ( -2.443292956658934756, 2.892897529844419946, 0.5000000000000000000 ) ) ;
#4630 = MECHANICAL_DESIGN_GEOMETRIC_PRESENTATION_REPRESENTATION (  '', ( #7931 ), #2890 ) ;
#4631 = CARTESIAN_POINT ( 'NONE',  ( 2.157506047186429576, -2.281269921737070216, 0.8032609771417609235 ) ) ;
#4632 =( NAMED_UNIT ( * ) SI_UNIT ( $, .STERADIAN. ) SOLID_ANGLE_UNIT ( ) );
#4633 = FILL_AREA_STYLE ('',( #1897 ) ) ;
#4634 = CARTESIAN_POINT ( 'NONE',  ( -0.3086466781300214457, -0.3956383762196200027, 2.799999999999999822 ) ) ;
#4635 = B_SPLINE_CURVE_WITH_KNOTS ( 'NONE', 3,
 ( #1103, #1978, #5317, #279 ),
 .UNSPECIFIED., .F., .F.,
 ( 4, 4 ),
 ( 0.0000000000000000000, 1.000000000000000000 ),
 .UNSPECIFIED. ) ;
#4636 = CARTESIAN_POINT ( 'NONE',  ( 2.664404656874330257, -0.8978836584133130794, 0.8040196820551469559 ) ) ;
#4637 = CARTESIAN_POINT ( 'NONE',  ( 2.574589024893939815, -2.175410975106060185, 2.399999999999999911 ) ) ;
#4638 = DIRECTION ( 'NONE',  ( 0.0000000000000000000, 0.0000000000000000000, 1.000000000000000000 ) ) ;
#4639 = SURFACE_STYLE_FILL_AREA ( #5462 ) ;
#4640 = B_SPLINE_CURVE_WITH_KNOTS ( 'NONE', 3,
 ( #371, #6306, #6259, #489, #9642, #2885, #6364, #5575, #8896, #4481 ),
 .UNSPECIFIED., .F., .F.,
 ( 4, 1, 1, 2, 2, 4 ),
 ( 0.0000000000000000000, 0.2499999999999936717, 0.3749999999999905076, 0.4374999999999907851, 0.4999999999999911182, 1.000000000000000000 ),
 .UNSPECIFIED. ) ;
#4641 = CARTESIAN_POINT ( 'NONE',  ( 0.1633928571428575061, -1.661762476160615121, 2.799999999999999822 ) ) ;
#4642 = EDGE_CURVE ( 'NONE', #7540, #4618, #9834, .T. ) ;
#4643 = LINE ( 'NONE', #5347, #6861 ) ;
#4644 = VERTEX_POINT ( 'NONE', #5878 ) ;
#4645 = FACE_OUTER_BOUND ( 'NONE', #9787, .T. ) ;
#4646 = ORIENTED_EDGE ( 'NONE', *, *, #1999, .T. ) ;
#4647 = DIRECTION ( 'NONE',  ( -1.445602896647339903E-16, 1.000000000000000000, 0.0000000000000000000 ) ) ;
#4648 = CARTESIAN_POINT ( 'NONE',  ( 2.912132034355964905, -1.837867965644034873, 2.399999999999999911 ) ) ;
#4649 = CARTESIAN_POINT ( 'NONE',  ( -2.500000000000000000, -1.957729156620804822, 0.1439358664218336192 ) ) ;
#4650 = CARTESIAN_POINT ( 'NONE',  ( 0.5999999999999999778, -0.2311618268099679963, 2.790000000000000036 ) ) ;
#4651 = CARTESIAN_POINT ( 'NONE',  ( 2.700000000000000178, 1.625735931288069924, 2.799999999999999822 ) ) ;
#4652 = TOROIDAL_SURFACE ( 'NONE', #6012, 0.2750000000000000222, 0.05000000000000000278 ) ;
#4653 = ORIENTED_EDGE ( 'NONE', *, *, #3680, .F. ) ;
#4654 = CARTESIAN_POINT ( 'NONE',  ( -1.149999999999999911, 2.799999999999999822, 0.1000000000000000056 ) ) ;
#4655 = PRESENTATION_LAYER_ASSIGNMENT (  '', '', ( #8290 ) ) ;
#4656 = CARTESIAN_POINT ( 'NONE',  ( 2.517952901733684801, 2.642593125879979965, 0.4830019982642079768 ) ) ;
#4657 = CARTESIAN_POINT ( 'NONE',  ( -2.639420354414705017, -1.790646451045804888, 0.5000000000000000000 ) ) ;
#4658 = VECTOR ( 'NONE', #6097, 1000.000000000000000 ) ;
#4659 = PRESENTATION_STYLE_ASSIGNMENT (( #5582 ) ) ;
#4660 = ORIENTED_EDGE ( 'NONE', *, *, #2347, .F. ) ;
#4661 = CARTESIAN_POINT ( 'NONE',  ( -2.719376507822069744, -2.042020694832760164, 0.3864410810002315011 ) ) ;
#4662 = CARTESIAN_POINT ( 'NONE',  ( -2.508651015638974968, -2.064568705503690094, 0.4886572528681019656 ) ) ;
#4663 = CARTESIAN_POINT ( 'NONE',  ( -3.000000000000000000, 1.429843788128356108, 0.1000000000000000056 ) ) ;
#4664 = CARTESIAN_POINT ( 'NONE',  ( -0.4386870883860760073, 0.8221260542694088791, 2.799999999999999822 ) ) ;
#4665 = DIRECTION ( 'NONE',  ( 0.0000000000000000000, 0.0000000000000000000, 1.000000000000000000 ) ) ;
#4666 = VERTEX_POINT ( 'NONE', #10633 ) ;
#4667 = CARTESIAN_POINT ( 'NONE',  ( -2.307797728174930008, -2.004042074047625022, 0.7500000000000000000 ) ) ;
#4668 = CARTESIAN_POINT ( 'NONE',  ( 2.565739357167089896, 1.882747697605315018, 0.5000000000000000000 ) ) ;
#4669 = CARTESIAN_POINT ( 'NONE',  ( -2.552809863688535241, 1.898909564453510113, 0.5000000000000000000 ) ) ;
#4670 = DIRECTION ( 'NONE',  ( 0.0000000000000000000, 1.000000000000000000, 0.0000000000000000000 ) ) ;
#4671 = STYLED_ITEM ( 'NONE', ( #2048 ), #819 ) ;
#4672 = EDGE_CURVE ( 'NONE', #3017, #918, #8181, .T. ) ;
#4673 = CARTESIAN_POINT ( 'NONE',  ( -0.5999999999999999778, -0.1802689696671105068, 2.790000000000000036 ) ) ;
#4674 = LINE ( 'NONE', #10602, #5315 ) ;
#4675 = PRESENTATION_LAYER_ASSIGNMENT (  '', '', ( #8489 ) ) ;
#4676 = EDGE_LOOP ( 'NONE', ( #317, #10466, #1825, #5757, #907 ) ) ;
#4677 = PLANE ( 'NONE',  #624 ) ;
#4678 = CIRCLE ( 'NONE', #6395, 0.3250000000000000666 ) ;
#4679 = CARTESIAN_POINT ( 'NONE',  ( -2.899999999999999911, 0.7143910695542290412, 0.5000000000000000000 ) ) ;
#4680 = VERTEX_POINT ( 'NONE', #3164 ) ;
#4681 = CARTESIAN_POINT ( 'NONE',  ( 0.5999999999999999778, 0.8909160952679540113, 2.799999999999999822 ) ) ;
#4682 = CARTESIAN_POINT ( 'NONE',  ( 2.123471498519759582, 2.374384901266795023, 0.8031879479498990060 ) ) ;
#4683 = CARTESIAN_POINT ( 'NONE',  ( 0.5999999999999999778, -0.03465208655022754963, 2.799999999999999822 ) ) ;
#4684 = ORIENTED_EDGE ( 'NONE', *, *, #914, .T. ) ;
#4685 = EDGE_CURVE ( 'NONE', #8035, #5795, #6840, .T. ) ;
#4686 = CARTESIAN_POINT ( 'NONE',  ( -2.487374478071294970, -2.888901700418285312, 0.4886730660065679577 ) ) ;
#4687 =( GEOMETRIC_REPRESENTATION_CONTEXT ( 3 ) GLOBAL_UNCERTAINTY_ASSIGNED_CONTEXT ( ( #5450 ) ) GLOBAL_UNIT_ASSIGNED_CONTEXT ( ( #10133, #8435, #2661 ) ) REPRESENTATION_CONTEXT ( 'NONE', 'WORKASPACE' ) );
#4688 = CARTESIAN_POINT ( 'NONE',  ( 0.0000000000000000000, 1.800000000000000044, 2.790000000000000036 ) ) ;
#4689 = AXIS2_PLACEMENT_3D ( 'NONE', #3728, #10372, #8911 ) ;
#4690 = UNCERTAINTY_MEASURE_WITH_UNIT (LENGTH_MEASURE( 1.000000000000000082E-05 ), #6443, 'distance_accuracy_value', 'NONE');
#4691 = ADVANCED_FACE ( 'NONE', ( #6526 ), #9892, .T. ) ;
#4692 = DIRECTION ( 'NONE',  ( 0.0000000000000000000, 1.000000000000000000, 0.0000000000000000000 ) ) ;
#4693 = VERTEX_POINT ( 'NONE', #1075 ) ;
#4694 = CARTESIAN_POINT ( 'NONE',  ( -1.533493266529959875, 1.565654437658275056, 1.456092013701421939 ) ) ;
#4695 = CIRCLE ( 'NONE', #4334, 2.328125000000000000 ) ;
#4696 = AXIS2_PLACEMENT_3D ( 'NONE', #4068, #6500, #8153 ) ;
#4697 = CARTESIAN_POINT ( 'NONE',  ( 2.500000000000000000, -2.618701491572070328, 0.5000000000000000000 ) ) ;
#4698 = MECHANICAL_DESIGN_GEOMETRIC_PRESENTATION_REPRESENTATION (  '', ( #7635 ), #3640 ) ;
#4699 = CARTESIAN_POINT ( 'NONE',  ( -0.5999999999999999778, -0.1802689696671105068, 2.790000000000000036 ) ) ;
#4700 = CARTESIAN_POINT ( 'NONE',  ( -2.386858409378175061, -1.991005877695429804, 0.6514751170201449337 ) ) ;
#4701 = LINE ( 'NONE', #5402, #4806 ) ;
#4702 = CARTESIAN_POINT ( 'NONE',  ( 2.777483482972965323, 0.6611796258743709576, 2.126198427791225143 ) ) ;
#4703 = CARTESIAN_POINT ( 'NONE',  ( 2.157506047186429576, -2.281269921737070216, 0.8032609771417609235 ) ) ;
#4704 = CARTESIAN_POINT ( 'NONE',  ( 2.087867965644035095, 2.662132034355964905, 2.399999999999999911 ) ) ;
#4705 = EDGE_CURVE ( 'NONE', #7843, #3696, #8497, .T. ) ;
#4706 =( NAMED_UNIT ( * ) SI_UNIT ( $, .STERADIAN. ) SOLID_ANGLE_UNIT ( ) );
#4707 = CARTESIAN_POINT ( 'NONE',  ( 0.2296077742320664916, -1.705877051914459930, 2.790000000000000036 ) ) ;
#4708 = STYLED_ITEM ( 'NONE', ( #7193 ), #10448 ) ;
#4709 = VECTOR ( 'NONE', #10136, 1000.000000000000000 ) ;
#4710 = CARTESIAN_POINT ( 'NONE',  ( -2.360965987414850087, 1.954697097183155208, 0.6899311264421469359 ) ) ;
#4711 = VERTEX_POINT ( 'NONE', #1021 ) ;
#4712 = FACE_OUTER_BOUND ( 'NONE', #5501, .T. ) ;
#4713 = ORIENTED_EDGE ( 'NONE', *, *, #10719, .F. ) ;
#4714 = CARTESIAN_POINT ( 'NONE',  ( 0.1633928571428569787, 0.5823933679952270071, 2.790000000000000036 ) ) ;
#4715 = DIRECTION ( 'NONE',  ( -1.000000000000000000, 0.0000000000000000000, 0.0000000000000000000 ) ) ;
#4716 = CARTESIAN_POINT ( 'NONE',  ( -2.500000000000000000, -1.954223594141545117, 0.1560296750731320070 ) ) ;
#4717 = SURFACE_STYLE_USAGE ( .BOTH. , #4537 ) ;
#4718 = SURFACE_STYLE_USAGE ( .BOTH. , #2251 ) ;
#4719 = LINE ( 'NONE', #4654, #9202 ) ;
#4720 = AXIS2_PLACEMENT_3D ( 'NONE', #7338, #5765, #8171 ) ;
#4721 = CARTESIAN_POINT ( 'NONE',  ( -0.1141190710410199954, -1.655514509019274882, 2.799999999999999822 ) ) ;
#4722 = CARTESIAN_POINT ( 'NONE',  ( 2.240702688213460192, 1.913565653969345082, 0.8035114884726310969 ) ) ;
#4723 = CARTESIAN_POINT ( 'NONE',  ( -2.155278941782539981, -0.9173200032472609289, 1.462708340254283979 ) ) ;
#4724 = EDGE_CURVE ( 'NONE', #7063, #2169, #2715, .T. ) ;
#4725 = DIRECTION ( 'NONE',  ( 0.0000000000000000000, 0.0000000000000000000, -1.000000000000000000 ) ) ;
#4726 = ORIENTED_EDGE ( 'NONE', *, *, #8875, .T. ) ;
#4727 = CARTESIAN_POINT ( 'NONE',  ( -2.736980930572215698, -2.007208954994061045, 0.3864410810002315011 ) ) ;
#4728 = CARTESIAN_POINT ( 'NONE',  ( -2.399523619703824995, -1.804663465812714973, 2.121824107301660156 ) ) ;
#4729 = CARTESIAN_POINT ( 'NONE',  ( 2.596420269017150062, 2.543373247255450220, 0.1082937951943856031 ) ) ;
#4730 = CARTESIAN_POINT ( 'NONE',  ( 0.1660045177501129898, 0.5808741237481990227, 2.790000000000000036 ) ) ;
#4731 = LINE ( 'NONE', #556, #8079 ) ;
#4732 = ORIENTED_EDGE ( 'NONE', *, *, #3561, .T. ) ;
#4733 = CARTESIAN_POINT ( 'NONE',  ( 0.4684256701484629803, -0.7578945698828639665, 2.790000000000000036 ) ) ;
#4734 = CARTESIAN_POINT ( 'NONE',  ( -2.652116407928434949, 1.500613362405775142, 2.123507352949094873 ) ) ;
#4735 = EDGE_CURVE ( 'NONE', #2570, #832, #4971, .T. ) ;
#4736 = DIRECTION ( 'NONE',  ( 0.0000000000000000000, 0.0000000000000000000, -1.000000000000000000 ) ) ;
#4737 = CYLINDRICAL_SURFACE ( 'NONE', #10399, 0.2999999999999999889 ) ;
#4738 = CARTESIAN_POINT ( 'NONE',  ( 0.1825647064104339856, -1.673834679236865020, 2.790000000000000036 ) ) ;
#4739 = EDGE_LOOP ( 'NONE', ( #6083, #4726, #1168, #8735 ) ) ;
#4740 = CARTESIAN_POINT ( 'NONE',  ( -2.701300487360605018, 1.354856304323442062, 2.124260640532609656 ) ) ;
#4741 = ORIENTED_EDGE ( 'NONE', *, *, #361, .F. ) ;
#4742 = COLOUR_RGB ( '',0.8431372549019607865, 0.8156862745098039102, 0.7529411764705882248 ) ;
#4743 = CARTESIAN_POINT ( 'NONE',  ( 0.6025543909145549826, 2.903971508201625085, 0.4943484964471389631 ) ) ;
#4744 = LINE ( 'NONE', #10660, #3325 ) ;
#4745 = VERTEX_POINT ( 'NONE', #7720 ) ;
#4746 = CARTESIAN_POINT ( 'NONE',  ( -2.428341935656084694, -2.918549671314329963, 0.4886743607848230697 ) ) ;
#4747 = CARTESIAN_POINT ( 'NONE',  ( -2.981603813104617196, 1.522995233619227395, 0.1809555253667606556 ) ) ;
#4748 = ORIENTED_EDGE ( 'NONE', *, *, #5268, .T. ) ;
#4749 = CARTESIAN_POINT ( 'NONE',  ( -1.394212631658720003, 2.750000000000000000, 2.399999999999999911 ) ) ;
#4750 = EDGE_CURVE ( 'NONE', #9930, #5736, #6017, .T. ) ;
#4751 = CARTESIAN_POINT ( 'NONE',  ( 1.990086586845065009, -1.210049061881254051, 1.461183922144108083 ) ) ;
#4752 = CARTESIAN_POINT ( 'NONE',  ( -2.379406726446149811, -1.969279401699870036, 0.6636317734941089563 ) ) ;
#4753 = SURFACE_SIDE_STYLE ('',( #3922 ) ) ;
#4754 = CARTESIAN_POINT ( 'NONE',  ( 2.916024452187854887, 1.448466002716535916, 0.4829701159546140321 ) ) ;
#4755 = CARTESIAN_POINT ( 'NONE',  ( 2.798569552357974999, -1.591709953616705198, 0.5000000000000000000 ) ) ;
#4756 = DIRECTION ( 'NONE',  ( -1.000000000000000000, 9.540979117872415038E-14, 0.0000000000000000000 ) ) ;
#4757 = LINE ( 'NONE', #3826, #5345 ) ;
#4758 = FILL_AREA_STYLE ('',( #8891 ) ) ;
#4759 = UNCERTAINTY_MEASURE_WITH_UNIT (LENGTH_MEASURE( 1.000000000000000082E-05 ), #211, 'distance_accuracy_value', 'NONE');
#4760 = DIRECTION ( 'NONE',  ( 0.0000000000000000000, 0.0000000000000000000, 1.000000000000000000 ) ) ;
#4761 = EDGE_CURVE ( 'NONE', #6553, #2404, #5819, .T. ) ;
#4762 = ORIENTED_EDGE ( 'NONE', *, *, #5855, .T. ) ;
#4763 = SURFACE_STYLE_USAGE ( .BOTH. , #1419 ) ;
#4764 = VERTEX_POINT ( 'NONE', #7002 ) ;
#4765 = FACE_OUTER_BOUND ( 'NONE', #9507, .T. ) ;
#4766 = CARTESIAN_POINT ( 'NONE',  ( -0.1210968959524501981, -0.5287642355986649223, 2.799999999999999822 ) ) ;
#4767 = CARTESIAN_POINT ( 'NONE',  ( -2.500000000000000000, -1.980963131242144737, 0.1173637369811093983 ) ) ;
#4768 = DIRECTION ( 'NONE',  ( -1.000000000000000000, 0.0000000000000000000, 0.0000000000000000000 ) ) ;
#4769 = CARTESIAN_POINT ( 'NONE',  ( -3.000000000000000000, 1.625735931288069924, 2.700000000000000178 ) ) ;
#4770 = DIRECTION ( 'NONE',  ( 0.0000000000000000000, 0.0000000000000000000, 1.000000000000000000 ) ) ;
#4771 = CARTESIAN_POINT ( 'NONE',  ( 2.036066979298070123, 2.150157591648614641, 2.119848661518004995 ) ) ;
#4772 =( NAMED_UNIT ( * ) SI_UNIT ( $, .STERADIAN. ) SOLID_ANGLE_UNIT ( ) );
#4773 = ADVANCED_FACE ( 'NONE', ( #6138 ), #3045, .F. ) ;
#4774 = EDGE_LOOP ( 'NONE', ( #9794, #4646, #6906, #2524 ) ) ;
#4775 = FACE_OUTER_BOUND ( 'NONE', #5464, .T. ) ;
#4776 = CARTESIAN_POINT ( 'NONE',  ( -2.572566925389224934, -1.623767430283959756, 2.122770708674019957 ) ) ;
#4777 = CARTESIAN_POINT ( 'NONE',  ( 0.2296077742320664916, 0.5382787922413869719, 2.790000000000000036 ) ) ;
#4778 = LINE ( 'NONE', #9774, #230 ) ;
#4779 = ORIENTED_EDGE ( 'NONE', *, *, #6747, .T. ) ;
#4780 = CARTESIAN_POINT ( 'NONE',  ( -2.384198637430085199, -2.018872516107169890, 0.6520471027507029893 ) ) ;
#4781 = DIRECTION ( 'NONE',  ( 0.0000000000000000000, 1.000000000000000000, 0.0000000000000000000 ) ) ;
#4782 = B_SPLINE_CURVE_WITH_KNOTS ( 'NONE', 3,
 ( #10651, #6492, #6330, #560, #9835, #7208, #8915, #6387, #8092, #8862, #10541 ),
 .UNSPECIFIED., .F., .F.,
 ( 4, 1, 1, 1, 1, 1, 1, 1, 4 ),
 ( 0.0000000000000000000, 0.1818627159604200016, 0.3478693513041130059, 0.4980370164793330168, 0.6302069238042260491, 0.7473112184362129540, 0.8479049363245790838, 0.9323595851926930189, 1.000000000000000000 ),
 .UNSPECIFIED. ) ;
#4783 = CARTESIAN_POINT ( 'NONE',  ( -2.533300653874960062, 1.929736843019830062, 0.5000000000000000000 ) ) ;
#4784 = DIRECTION ( 'NONE',  ( 0.0000000000000000000, -1.000000000000000000, 0.0000000000000000000 ) ) ;
#4785 = PRESENTATION_STYLE_ASSIGNMENT (( #7364 ) ) ;
#4786 = CARTESIAN_POINT ( 'NONE',  ( 0.2998446361318245490, -1.756202492345455113, 2.790000000000000036 ) ) ;
#4787 = ADVANCED_FACE ( 'NONE', ( #7886 ), #6353, .T. ) ;
#4788 = EDGE_LOOP ( 'NONE', ( #2508, #4044, #3633, #3471 ) ) ;
#4789 = CARTESIAN_POINT ( 'NONE',  ( -3.000000000000000000, 1.630460131675739888, 2.399999999999999911 ) ) ;
#4790 = ORIENTED_EDGE ( 'NONE', *, *, #9457, .T. ) ;
#4791 = MECHANICAL_DESIGN_GEOMETRIC_PRESENTATION_REPRESENTATION (  '', ( #4249 ), #9119 ) ;
#4792 = LINE ( 'NONE', #6398, #7798 ) ;
#4793 = CARTESIAN_POINT ( 'NONE',  ( 0.1999999998978935212, 2.899999999999999911, 0.5000000000000000000 ) ) ;
#4794 = LINE ( 'NONE', #8255, #1049 ) ;
#4795 = VERTEX_POINT ( 'NONE', #1187 ) ;
#4796 = CARTESIAN_POINT ( 'NONE',  ( -1.073638351475629804, -2.630972049990340178, 0.8026895241438999351 ) ) ;
#4797 = UNCERTAINTY_MEASURE_WITH_UNIT (LENGTH_MEASURE( 1.000000000000000082E-05 ), #6365, 'distance_accuracy_value', 'NONE');
#4798 = VERTEX_POINT ( 'NONE', #5339 ) ;
#4799 = CARTESIAN_POINT ( 'NONE',  ( -1.325537781015686090, 2.471451082084609840, 2.116457169524785353 ) ) ;
#4800 = CARTESIAN_POINT ( 'NONE',  ( 2.602886011009304834, -1.867862101483254822, 0.4829800862002300299 ) ) ;
#4801 = CARTESIAN_POINT ( 'NONE',  ( -0.1103230765775705946, -1.656922371638979818, 2.790000000000000036 ) ) ;
#4802 = LINE ( 'NONE', #1508, #2584 ) ;
#4803 = LINE ( 'NONE', #635, #7554 ) ;
#4804 = CARTESIAN_POINT ( 'NONE',  ( 2.909987770370160209, 1.318451058272329890, 0.4886449461718759824 ) ) ;
#4805 = CARTESIAN_POINT ( 'NONE',  ( 2.105748805674594770, -1.009876620037871930, 1.462272691839520133 ) ) ;
#4806 = VECTOR ( 'NONE', #5563, 1000.000000000000000 ) ;
#4807 = FACE_OUTER_BOUND ( 'NONE', #620, .T. ) ;
#4808 = PLANE ( 'NONE',  #4294 ) ;
#4809 = CARTESIAN_POINT ( 'NONE',  ( 0.3282910536466949747, -1.777072890040964914, 2.790000000000000036 ) ) ;
#4810 = ADVANCED_FACE ( 'NONE', ( #1353 ), #410, .F. ) ;
#4811 = AXIS2_PLACEMENT_3D ( 'NONE', #5528, #2087, #2140 ) ;
#4812 = ORIENTED_EDGE ( 'NONE', *, *, #3211, .F. ) ;
#4813 = ORIENTED_EDGE ( 'NONE', *, *, #9385, .T. ) ;
#4814 = CARTESIAN_POINT ( 'NONE',  ( -0.3086466781300214457, -0.3956383762196200027, 2.790000000000000036 ) ) ;
#4815 = DIRECTION ( 'NONE',  ( 0.0000000000000000000, 0.0000000000000000000, 1.000000000000000000 ) ) ;
#4816 = DIRECTION ( 'NONE',  ( -1.000000000000000000, 0.0000000000000000000, 0.0000000000000000000 ) ) ;
#4817 = CARTESIAN_POINT ( 'NONE',  ( -2.500000000000000000, 1.955092188478225079, 0.1529929263517754989 ) ) ;
#4818 = DIRECTION ( 'NONE',  ( 0.0000000000000000000, 0.0000000000000000000, 1.000000000000000000 ) ) ;
#4819 = CARTESIAN_POINT ( 'NONE',  ( 2.806066017177979877, -1.731801948466054952, 2.700000000000000178 ) ) ;
#4820 = FACE_OUTER_BOUND ( 'NONE', #8649, .T. ) ;
#4821 = ADVANCED_FACE ( 'NONE', ( #5458 ), #7177, .T. ) ;
#4822 = EDGE_CURVE ( 'NONE', #2247, #8178, #3876, .T. ) ;
#4823 = DIRECTION ( 'NONE',  ( 1.000000000000000000, -3.203166744464219909E-16, 0.0000000000000000000 ) ) ;
#4824 = MECHANICAL_DESIGN_GEOMETRIC_PRESENTATION_REPRESENTATION (  '', ( #6870 ), #1498 ) ;
#4825 = ORIENTED_EDGE ( 'NONE', *, *, #5348, .F. ) ;
#4826 = CARTESIAN_POINT ( 'NONE',  ( -2.899999999999999911, 1.429843788128356108, 0.5000000000000000000 ) ) ;
#4827 = CARTESIAN_POINT ( 'NONE',  ( -1.596236349080794925, -1.519601992104034904, 1.457030776931961924 ) ) ;
#4828 = DIRECTION ( 'NONE',  ( -1.000000000000000000, 0.0000000000000000000, 0.0000000000000000000 ) ) ;
#4829 =( LENGTH_UNIT ( ) NAMED_UNIT ( * ) SI_UNIT ( .MILLI., .METRE. ) );
#4830 = FACE_OUTER_BOUND ( 'NONE', #7518, .T. ) ;
#4831 = ORIENTED_EDGE ( 'NONE', *, *, #8004, .T. ) ;
#4832 = CARTESIAN_POINT ( 'NONE',  ( -1.149999999999999911, 2.000000000000000000, 2.328125000000000000 ) ) ;
#4833 = DIRECTION ( 'NONE',  ( -1.000000000000000000, 0.0000000000000000000, 0.0000000000000000000 ) ) ;
#4834 = CARTESIAN_POINT ( 'NONE',  ( 2.907547450889874874, 0.7171788776647259889, 0.4886380736927230517 ) ) ;
#4835 = CARTESIAN_POINT ( 'NONE',  ( -2.652551829975780429, 1.806061345425139963, 0.4829784809688160152 ) ) ;
#4836 = DIRECTION ( 'NONE',  ( 0.0000000000000000000, 0.0000000000000000000, -1.000000000000000000 ) ) ;
#4837 = FILL_AREA_STYLE_COLOUR ( '', #8658 ) ;
#4838 =( GEOMETRIC_REPRESENTATION_CONTEXT ( 3 ) GLOBAL_UNCERTAINTY_ASSIGNED_CONTEXT ( ( #2275 ) ) GLOBAL_UNIT_ASSIGNED_CONTEXT ( ( #6752, #3442, #10092 ) ) REPRESENTATION_CONTEXT ( 'NONE', 'WORKASPACE' ) );
#4839 =( GEOMETRIC_REPRESENTATION_CONTEXT ( 3 ) GLOBAL_UNCERTAINTY_ASSIGNED_CONTEXT ( ( #2240 ) ) GLOBAL_UNIT_ASSIGNED_CONTEXT ( ( #7076, #6203, #8073 ) ) REPRESENTATION_CONTEXT ( 'NONE', 'WORKASPACE' ) );
#4840 = ORIENTED_EDGE ( 'NONE', *, *, #6616, .F. ) ;
#4841 =( NAMED_UNIT ( * ) PLANE_ANGLE_UNIT ( ) SI_UNIT ( $, .RADIAN. ) );
#4842 = CARTESIAN_POINT ( 'NONE',  ( -2.553975299653925113, 0.2060319878451244979, 1.466309289136050076 ) ) ;
#4843 = STYLED_ITEM ( 'NONE', ( #9791 ), #6849 ) ;
#4844 = ORIENTED_EDGE ( 'NONE', *, *, #111, .F. ) ;
#4845 = CIRCLE ( 'NONE', #1515, 2.328125000000000444 ) ;
#4846 = CARTESIAN_POINT ( 'NONE',  ( 0.4305299670377645271, 2.456475914862454868, 1.449895245531890087 ) ) ;
#4847 = FACE_OUTER_BOUND ( 'NONE', #9841, .T. ) ;
#4848 = CARTESIAN_POINT ( 'NONE',  ( 4.065758146820640395E-17, -2.899999999999999911, 0.5000000000000000000 ) ) ;
#4849 = EDGE_CURVE ( 'NONE', #1598, #2029, #4901, .T. ) ;
#4850 = EDGE_LOOP ( 'NONE', ( #4883, #9809, #3487, #9135 ) ) ;
#4851 = COLOUR_RGB ( '',0.8431372549019607865, 0.8156862745098039102, 0.7529411764705882248 ) ;
#4852 = CIRCLE ( 'NONE', #2226, 0.2000000000000000944 ) ;
#4853 = STYLED_ITEM ( 'NONE', ( #5427 ), #1193 ) ;
#4854 = SURFACE_STYLE_USAGE ( .BOTH. , #7439 ) ;
#4855 = ORIENTED_EDGE ( 'NONE', *, *, #4207, .T. ) ;
#4856 = CARTESIAN_POINT ( 'NONE',  ( -2.449665983286750226, 2.902220160441794761, 0.4943369222418320108 ) ) ;
#4857 = CARTESIAN_POINT ( 'NONE',  ( 2.508651015636195414, -2.064568705503404988, 0.4886572528679489769 ) ) ;
#4858 = CARTESIAN_POINT ( 'NONE',  ( -2.635954822247848828, 2.004042073117235923, 0.3864410810002313901 ) ) ;
#4859 = CARTESIAN_POINT ( 'NONE',  ( -2.354048596417955164, -1.953568593489590111, 0.6992768432776430565 ) ) ;
#4860 = MECHANICAL_DESIGN_GEOMETRIC_PRESENTATION_REPRESENTATION (  '', ( #4317 ), #2578 ) ;
#4861 = DIRECTION ( 'NONE',  ( 1.000000000000000000, 0.0000000000000000000, 0.0000000000000000000 ) ) ;
#4862 = CARTESIAN_POINT ( 'NONE',  ( 2.224489458604840042, 0.7983316146241530298, 1.463346749412089975 ) ) ;
#4863 = CARTESIAN_POINT ( 'NONE',  ( 2.589376507015315187, -1.853201260295034958, 0.5000000000000000000 ) ) ;
#4864 =( GEOMETRIC_REPRESENTATION_CONTEXT ( 3 ) GLOBAL_UNCERTAINTY_ASSIGNED_CONTEXT ( ( #2582 ) ) GLOBAL_UNIT_ASSIGNED_CONTEXT ( ( #4432, #2138, #6152 ) ) REPRESENTATION_CONTEXT ( 'NONE', 'WORKASPACE' ) );
#4865 = LINE ( 'NONE', #4039, #2964 ) ;
#4866 = CARTESIAN_POINT ( 'NONE',  ( 2.976026747630165392, -1.746701245583689888, 2.399999999999999911 ) ) ;
#4867 = CIRCLE ( 'NONE', #2755, 0.2000000000000000944 ) ;
#4868 = VECTOR ( 'NONE', #3634, 1000.000000000000000 ) ;
#4869 = ORIENTED_EDGE ( 'NONE', *, *, #10103, .T. ) ;
#4870 = MECHANICAL_DESIGN_GEOMETRIC_PRESENTATION_REPRESENTATION (  '', ( #8496 ), #1544 ) ;
#4871 =( NAMED_UNIT ( * ) SI_UNIT ( $, .STERADIAN. ) SOLID_ANGLE_UNIT ( ) );
#4872 = ORIENTED_EDGE ( 'NONE', *, *, #1, .T. ) ;
#4873 = CARTESIAN_POINT ( 'NONE',  ( 0.1722171299342409867, -0.5448177730144609932, 2.799999999999999822 ) ) ;
#4874 = CARTESIAN_POINT ( 'NONE',  ( -0.2112331112459769900, -0.4664337905893550240, 2.799999999999999822 ) ) ;
#4875 = CARTESIAN_POINT ( 'NONE',  ( -0.5999999999999999778, -0.8820546839528250471, 2.790000000000000036 ) ) ;
#4876 = CARTESIAN_POINT ( 'NONE',  ( 0.1693741817512275094, -0.5361998349577480338, 2.799999999999999822 ) ) ;
#4877 = CARTESIAN_POINT ( 'NONE',  ( -2.500000000000000000, 1.997820999435561129, 0.1118111547315812776 ) ) ;
#4878 = ORIENTED_EDGE ( 'NONE', *, *, #9673, .T. ) ;
#4879 = FACE_OUTER_BOUND ( 'NONE', #5411, .T. ) ;
#4880 = CARTESIAN_POINT ( 'NONE',  ( 0.5999999999999999778, -1.977346891745034974, 2.790000000000000036 ) ) ;
#4881 = AXIS2_PLACEMENT_3D ( 'NONE', #493, #5357, #1205 ) ;
#4882 = DIRECTION ( 'NONE',  ( 0.0000000000000000000, 0.0000000000000000000, -1.000000000000000000 ) ) ;
#4883 = ORIENTED_EDGE ( 'NONE', *, *, #9698, .F. ) ;
#4884 = CARTESIAN_POINT ( 'NONE',  ( 1.149999999999999911, 3.010000000000000231, 0.3499999999999999778 ) ) ;
#4885 = MECHANICAL_DESIGN_GEOMETRIC_PRESENTATION_REPRESENTATION (  '', ( #2774 ), #6764 ) ;
#4886 = CARTESIAN_POINT ( 'NONE',  ( -2.211356875306154546, -2.054677221852809765, 0.8034178630686590328 ) ) ;
#4887 = EDGE_CURVE ( 'NONE', #10495, #10595, #4701, .T. ) ;
#4888 = CARTESIAN_POINT ( 'NONE',  ( -2.565739357167094781, -1.882747697605315018, 0.5000000000000000000 ) ) ;
#4889 = CARTESIAN_POINT ( 'NONE',  ( -1.149999999999999911, 3.010000000000000231, 0.1100000000000000006 ) ) ;
#4890 = ORIENTED_EDGE ( 'NONE', *, *, #5514, .T. ) ;
#4891 = CARTESIAN_POINT ( 'NONE',  ( -3.000000000000000000, 1.429843788128356108, 0.5000000000000000000 ) ) ;
#4892 = CARTESIAN_POINT ( 'NONE',  ( -0.1090909090909091966, 0.5867764848783439957, 2.790000000000000036 ) ) ;
#4893 = CARTESIAN_POINT ( 'NONE',  ( 2.224489458604840042, 0.7983316146241530298, 1.463346749412089975 ) ) ;
#4894 = CARTESIAN_POINT ( 'NONE',  ( -2.867780011851550181, 1.538742229711165033, 0.4829723874460379873 ) ) ;
#4895 = DIRECTION ( 'NONE',  ( 1.000000000000000000, 0.0000000000000000000, 0.0000000000000000000 ) ) ;
#4896 = EDGE_CURVE ( 'NONE', #9010, #8369, #7943, .T. ) ;
#4897 = DIRECTION ( 'NONE',  ( 1.000000000000000000, 0.0000000000000000000, 0.0000000000000000000 ) ) ;
#4898 = AXIS2_PLACEMENT_3D ( 'NONE', #9352, #9198, #4240 ) ;
#4899 = UNCERTAINTY_MEASURE_WITH_UNIT (LENGTH_MEASURE( 1.000000000000000082E-05 ), #8268, 'distance_accuracy_value', 'NONE');
#4900 = CARTESIAN_POINT ( 'NONE',  ( 0.5541885429659989537, -1.943190152211860200, 2.790000000000000036 ) ) ;
#4901 = B_SPLINE_CURVE_WITH_KNOTS ( 'NONE', 3,
 ( #360, #2874, #9512, #10509, #9690, #2234, #7835, #9574, #2939, #3702, #6245, #4634, #2001, #8654, #6186, #2119, #2060, #8762, #577 ),
 .UNSPECIFIED., .F., .F.,
 ( 4, 1, 1, 1, 1, 1, 1, 1, 1, 1, 1, 1, 1, 1, 1, 1, 4 ),
 ( 0.0000000000000000000, 0.006491022190099359802, 0.01999718752723544934, 0.04129174943302810208, 0.06993138171736230924, 0.1060405829517207937, 0.1498516436044682043, 0.2008085873982295155, 0.2597997561993690141, 0.3257033864952474933, 0.3998780143702789780, 0.4809647925942789892, 0.5697627338811119824, 0.6662729348137089724, 0.7696947132029710037, 0.8811519930212949880, 1.000000000000000000 ),
 .UNSPECIFIED. ) ;
#4902 = ORIENTED_EDGE ( 'NONE', *, *, #4474, .T. ) ;
#4903 = CARTESIAN_POINT ( 'NONE',  ( -2.750000000000000000, -1.625735931288069924, 2.799999999999999822 ) ) ;
#4904 = CARTESIAN_POINT ( 'NONE',  ( -2.899999999999999911, -0.7131637451747110390, 0.5000000000000000000 ) ) ;
#4905 = ADVANCED_FACE ( 'NONE', ( #3822 ), #8710, .T. ) ;
#4906 = ORIENTED_EDGE ( 'NONE', *, *, #5982, .T. ) ;
#4907 = CARTESIAN_POINT ( 'NONE',  ( 1.533493266033379987, 1.565654437701470059, 1.456092013699602061 ) ) ;
#4908 = FILL_AREA_STYLE ('',( #3914 ) ) ;
#4909 = CARTESIAN_POINT ( 'NONE',  ( -1.809690044585289925, -2.906761638232949974, 0.4943419911258830068 ) ) ;
#4910 = VECTOR ( 'NONE', #4554, 1000.000000000000000 ) ;
#4911 = CARTESIAN_POINT ( 'NONE',  ( 0.2502590124535895022, -1.720945825396174911, 2.799999999999999822 ) ) ;
#4912 = ORIENTED_EDGE ( 'NONE', *, *, #6479, .T. ) ;
#4913 = CARTESIAN_POINT ( 'NONE',  ( -2.157506047187899956, 2.281269921729269790, 0.8032609771510330621 ) ) ;
#4914 = ADVANCED_FACE ( 'NONE', ( #531 ), #1408, .F. ) ;
#4915 = CARTESIAN_POINT ( 'NONE',  ( 2.055581015058189909, -1.099017361363543888, 1.461853888024772230 ) ) ;
#4916 = CARTESIAN_POINT ( 'NONE',  ( -2.690739395142744961, 2.053870954048224728, 0.3864410810002315011 ) ) ;
#4917 = CARTESIAN_POINT ( 'NONE',  ( 2.438084870674429361, -2.649248590283447058, 0.09999999999999999167 ) ) ;
#4918 = DIRECTION ( 'NONE',  ( 0.0000000000000000000, 0.0000000000000000000, 1.000000000000000000 ) ) ;
#4919 = CARTESIAN_POINT ( 'NONE',  ( 2.898406522402465324, 1.500600060617474973, 0.4829713351117069786 ) ) ;
#4920 = CARTESIAN_POINT ( 'NONE',  ( 2.518328024705550394, -1.980451181376650105, 0.4943278632907120440 ) ) ;
#4921 = CARTESIAN_POINT ( 'NONE',  ( 2.850000000000000089, 1.625735931288069924, 2.700000000000000178 ) ) ;
#4922 = AXIS2_PLACEMENT_3D ( 'NONE', #3904, #4895, #1549 ) ;
#4923 = CARTESIAN_POINT ( 'NONE',  ( -2.898406522402315222, -1.500600060617319986, 0.4829713351121970311 ) ) ;
#4924 = FILL_AREA_STYLE ('',( #2397 ) ) ;
#4925 = ORIENTED_EDGE ( 'NONE', *, *, #538, .T. ) ;
#4926 = EDGE_CURVE ( 'NONE', #3910, #2169, #10723, .T. ) ;
#4927 = ORIENTED_EDGE ( 'NONE', *, *, #8011, .T. ) ;
#4928 = CARTESIAN_POINT ( 'NONE',  ( 0.1633928571428575061, -0.5396845540826950005, 2.799999999999999822 ) ) ;
#4929 = CARTESIAN_POINT ( 'NONE',  ( -0.5435340141134460401, -0.2225417871685995141, 2.799999999999999822 ) ) ;
#4930 = CARTESIAN_POINT ( 'NONE',  ( 2.866765926474732495, -1.666542591906581938, 0.2992700759372707298 ) ) ;
#4931 = DIRECTION ( 'NONE',  ( 0.0000000000000000000, 0.0000000000000000000, 1.000000000000000000 ) ) ;
#4932 = CARTESIAN_POINT ( 'NONE',  ( 0.1633928571428569787, 0.5823933679952270071, 2.790000000000000036 ) ) ;
#4933 = ORIENTED_EDGE ( 'NONE', *, *, #7693, .T. ) ;
#4934 = DIRECTION ( 'NONE',  ( 0.0000000000000000000, 0.0000000000000000000, 1.000000000000000000 ) ) ;
#4935 = CARTESIAN_POINT ( 'NONE',  ( -2.513306381221380281, -2.831510201905059532, 0.4886717604845350338 ) ) ;
#4936 = CARTESIAN_POINT ( 'NONE',  ( -2.635954822247849272, -2.004042074978013677, 0.3864410810002315011 ) ) ;
#4937 = CARTESIAN_POINT ( 'NONE',  ( -0.2607954545454544970, -0.6424442943424348851, 2.790000000000000036 ) ) ;
#4938 = ORIENTED_EDGE ( 'NONE', *, *, #7801, .T. ) ;
#4939 = CARTESIAN_POINT ( 'NONE',  ( -3.000000000000000000, -1.429843788128356108, 0.1000000000000000056 ) ) ;
#4940 = CARTESIAN_POINT ( 'NONE',  ( 2.858060408214905035, 1.528495261797714999, 0.4943240645995811144 ) ) ;
#4941 = CARTESIAN_POINT ( 'NONE',  ( -2.213661367544139669, 0.7945253413845109192, 1.463172290580813995 ) ) ;
#4942 = FILL_AREA_STYLE_COLOUR ( '', #643 ) ;
#4943 = EDGE_CURVE ( 'NONE', #7043, #9811, #419, .T. ) ;
#4944 = B_SPLINE_SURFACE_WITH_KNOTS ( 'NONE', 3, 1, ( 
 ( #10096, #5412 ),
 ( #10300, #7847 ),
 ( #3660, #10467 ),
 ( #542, #5518 ),
 ( #5468, #2953 ),
 ( #3834, #4535 ),
 ( #4714, #8670 ) ),
 .UNSPECIFIED., .F., .F., .F.,
 ( 4, 1, 1, 1, 4 ),
 ( 2, 2 ),
 ( 0.0000000000000000000, 0.2958783195951245060, 0.5611080725506880640, 0.7963677377324659412, 1.000000000000000000 ),
 ( 0.0000000000000000000, 1.000000000000000000 ),
 .UNSPECIFIED. ) ;
#4945 = CARTESIAN_POINT ( 'NONE',  ( 0.02897727272727285142, -0.6348955930437339967, 2.790000000000000036 ) ) ;
#4946 = EDGE_LOOP ( 'NONE', ( #1816, #10767, #8372, #4831 ) ) ;
#4947 = CARTESIAN_POINT ( 'NONE',  ( -2.899999999999999911, -1.071749812238142141, 0.5000000000000000000 ) ) ;
#4948 = VERTEX_POINT ( 'NONE', #695 ) ;
#4949 = CARTESIAN_POINT ( 'NONE',  ( -0.1518544648532779706, 2.619532199193490118, 2.113405993179249709 ) ) ;
#4950 = CARTESIAN_POINT ( 'NONE',  ( 2.502744041594969993, -2.021407763740489916, 0.4999999999999739653 ) ) ;
#4951 = CARTESIAN_POINT ( 'NONE',  ( -0.9278325047096299683, -2.750000000000000000, 2.399999999999999911 ) ) ;
#4952 = EDGE_CURVE ( 'NONE', #7869, #1534, #9837, .T. ) ;
#4953 = CARTESIAN_POINT ( 'NONE',  ( 0.1957044358701700015, -1.682492677044189922, 2.799999999999999822 ) ) ;
#4954 = VECTOR ( 'NONE', #5964, 1000.000000000000000 ) ;
#4955 = VERTEX_POINT ( 'NONE', #6515 ) ;
#4956 = ADVANCED_FACE ( 'NONE', ( #9042 ), #4134, .T. ) ;
#4957 = CARTESIAN_POINT ( 'NONE',  ( -2.500000000000000000, 2.053483384199759509, 0.5000000000000000000 ) ) ;
#4958 = CARTESIAN_POINT ( 'NONE',  ( 1.962092985216459917, -1.249886640631010071, 1.460697876901447811 ) ) ;
#4959 = CARTESIAN_POINT ( 'NONE',  ( -2.728683094148194765, 2.032100972357639979, 0.3864410810002315011 ) ) ;
#4960 = CARTESIAN_POINT ( 'NONE',  ( 0.4000000000000000222, 1.800000000000000044, 2.790000000000000036 ) ) ;
#4961 = DIRECTION ( 'NONE',  ( 0.0000000000000000000, 0.0000000000000000000, -1.000000000000000000 ) ) ;
#4962 = CARTESIAN_POINT ( 'NONE',  ( 2.632657433624100207, 1.101249852200815837, 0.8039406313161110429 ) ) ;
#4963 = CARTESIAN_POINT ( 'NONE',  ( 2.511309213653924566, -2.032212303713804680, 0.4886566389970140034 ) ) ;
#4964 = EDGE_LOOP ( 'NONE', ( #6119, #5731, #3152, #9094, #1197, #4855, #276, #9371, #10646, #9411 ) ) ;
#4965 = DIRECTION ( 'NONE',  ( 0.0000000000000000000, 0.0000000000000000000, 1.000000000000000000 ) ) ;
#4966 = CARTESIAN_POINT ( 'NONE',  ( -2.390745553987405181, -1.533459314969000120, 0.8037442719242470224 ) ) ;
#4967 = CARTESIAN_POINT ( 'NONE',  ( 2.399999999999999911, -2.979999999999999982, 0.1200000000000000094 ) ) ;
#4968 = COLOUR_RGB ( '',0.7686274509803920907, 0.7686274509803920907, 0.7686274509803920907 ) ;
#4969 = EDGE_LOOP ( 'NONE', ( #9110, #1156, #140, #355 ) ) ;
#4970 = B_SPLINE_CURVE_WITH_KNOTS ( 'NONE', 3,
 ( #8850, #9715, #6322, #3128, #4601, #380, #9541, #3847, #10367, #4546, #2142, #8905, #8789, #2201, #10421, #5425, #1263, #3069, #9770, #5530, #3018, #7198, #6267, #1319, #4661, #3723, #7912, #7026, #7968, #499, #10480, #1379, #4727, #602 ),
 .UNSPECIFIED., .F., .F.,
 ( 4, 3, 3, 3, 3, 3, 3, 3, 3, 3, 3, 4 ),
 ( 0.0002001461013107733058, 0.0002023289412972870149, 0.0002188893448122935159, 0.0002354660596296565033, 0.0002522233053344404984, 0.0002692041539340999973, 0.0002863269633350305028, 0.0003034595555169395330, 0.0003142338884193805141, 0.0003310126246500214270, 0.0003477964933254314920, 0.0003572314119595692227 ),
 .UNSPECIFIED. ) ;
#4971 = CIRCLE ( 'NONE', #1649, 0.02000000000000005246 ) ;
#4972 = CARTESIAN_POINT ( 'NONE',  ( 0.5844215701555149911, -0.8436537885533789138, 2.799999999999999822 ) ) ;
#4973 = LINE ( 'NONE', #4875, #7024 ) ;
#4974 = CARTESIAN_POINT ( 'NONE',  ( 0.02556818181818214936, -1.562168320316460024, 2.790000000000000036 ) ) ;
#4975 =( NAMED_UNIT ( * ) SI_UNIT ( $, .STERADIAN. ) SOLID_ANGLE_UNIT ( ) );
#4976 = CARTESIAN_POINT ( 'NONE',  ( -0.5999999999999999778, -0.8820546839528250471, 2.790000000000000036 ) ) ;
#4977 = CARTESIAN_POINT ( 'NONE',  ( 0.2112822484499470022, 0.5508180327791369901, 2.799999999999999822 ) ) ;
#4978 = EDGE_CURVE ( 'NONE', #2100, #17, #6414, .T. ) ;
#4979 = PRESENTATION_LAYER_ASSIGNMENT (  '', '', ( #8621 ) ) ;
#4980 = CARTESIAN_POINT ( 'NONE',  ( -2.500000000000000000, -2.046900443041935080, 0.1367220368297419886 ) ) ;
#4981 = EDGE_LOOP ( 'NONE', ( #3644, #1318, #8365, #2591 ) ) ;
#4982 = DIRECTION ( 'NONE',  ( 1.000000000000000000, 0.0000000000000000000, 0.0000000000000000000 ) ) ;
#4983 = CARTESIAN_POINT ( 'NONE',  ( -2.519959571832069756, -2.840455603053384959, 0.4830076407268020233 ) ) ;
#4984 = CARTESIAN_POINT ( 'NONE',  ( 2.600000000000000089, 2.533647347903380087, 0.1200000000000000094 ) ) ;
#4985 = CARTESIAN_POINT ( 'NONE',  ( -0.1321134603316792000, -1.644332388357850006, 2.790000000000000036 ) ) ;
#4986 = ORIENTED_EDGE ( 'NONE', *, *, #5503, .T. ) ;
#4987 =( GEOMETRIC_REPRESENTATION_CONTEXT ( 3 ) GLOBAL_UNCERTAINTY_ASSIGNED_CONTEXT ( ( #9668 ) ) GLOBAL_UNIT_ASSIGNED_CONTEXT ( ( #3472, #2809, #3520 ) ) REPRESENTATION_CONTEXT ( 'NONE', 'WORKASPACE' ) );
#4988 = CARTESIAN_POINT ( 'NONE',  ( -1.875735931288069924, -2.449999999999999734, 2.700000000000000178 ) ) ;
#4989 = DIRECTION ( 'NONE',  ( -1.000000000000000000, 0.0000000000000000000, 0.0000000000000000000 ) ) ;
#4990 = CARTESIAN_POINT ( 'NONE',  ( 2.698918072245844790, 1.337622581512275977, 2.124273007415404813 ) ) ;
#4991 = CARTESIAN_POINT ( 'NONE',  ( -2.595195518779540134, 1.242197731182695941, 0.8038665454407170063 ) ) ;
#4992 = CARTESIAN_POINT ( 'NONE',  ( -2.334394026468064709, 2.053577728726910134, 0.7094050649584310309 ) ) ;
#4993 = UNCERTAINTY_MEASURE_WITH_UNIT (LENGTH_MEASURE( 1.000000000000000082E-05 ), #9810, 'distance_accuracy_value', 'NONE');
#4994 = CARTESIAN_POINT ( 'NONE',  ( -0.2399940192235980041, 0.6764989036010039536, 2.799999999999999822 ) ) ;
#4995 = ORIENTED_EDGE ( 'NONE', *, *, #7718, .F. ) ;
#4996 = CARTESIAN_POINT ( 'NONE',  ( -3.000000000000000000, -0.3921761887411550074, 2.399999999999999911 ) ) ;
#4997 = ORIENTED_EDGE ( 'NONE', *, *, #6006, .F. ) ;
#4998 = LINE ( 'NONE', #3356, #6578 ) ;
#4999 = EDGE_CURVE ( 'NONE', #2449, #761, #4803, .T. ) ;
#5000 = CARTESIAN_POINT ( 'NONE',  ( -1.223268771936081967, 1.993170211200559816, 1.453378160217425830 ) ) ;
#5001 = CARTESIAN_POINT ( 'NONE',  ( -0.5999999999999999778, 0.04326999137185034983, 2.790000000000000036 ) ) ;
#5002 =( GEOMETRIC_REPRESENTATION_CONTEXT ( 3 ) GLOBAL_UNCERTAINTY_ASSIGNED_CONTEXT ( ( #3682 ) ) GLOBAL_UNIT_ASSIGNED_CONTEXT ( ( #6261, #6367, #10357 ) ) REPRESENTATION_CONTEXT ( 'NONE', 'WORKASPACE' ) );
#5003 = CARTESIAN_POINT ( 'NONE',  ( -0.5999999999999999778, 0.9418089524108110844, 2.790000000000000036 ) ) ;
#5004 = PRESENTATION_LAYER_ASSIGNMENT (  '', '', ( #464 ) ) ;
#5005 = ORIENTED_EDGE ( 'NONE', *, *, #10731, .F. ) ;
#5006 = CARTESIAN_POINT ( 'NONE',  ( -2.326294107391710053, 1.966235739156159568, 0.7335828853199689581 ) ) ;
#5007 = STYLED_ITEM ( 'NONE', ( #7287 ), #480 ) ;
#5008 = CARTESIAN_POINT ( 'NONE',  ( -2.505984300575714752, 2.626665369674485273, 0.4943339994214420163 ) ) ;
#5009 = ORIENTED_EDGE ( 'NONE', *, *, #8518, .T. ) ;
#5010 = CARTESIAN_POINT ( 'NONE',  ( 0.5541885429659979545, -0.8211122301339389695, 2.790000000000000036 ) ) ;
#5011 = CARTESIAN_POINT ( 'NONE',  ( -0.4386870883860755077, -1.422029789886436246, 2.790000000000000036 ) ) ;
#5012 = ADVANCED_FACE ( 'NONE', ( #7984 ), #2034, .F. ) ;
#5013 = LINE ( 'NONE', #8324, #3815 ) ;
#5014 = CARTESIAN_POINT ( 'NONE',  ( 2.623518412389510335, 1.554751304506524878, 2.123183580881785382 ) ) ;
#5015 = CARTESIAN_POINT ( 'NONE',  ( 2.999269425349199825, -1.646765773452540049, 2.399999999999999911 ) ) ;
#5016 = LINE ( 'NONE', #2556, #9215 ) ;
#5017 = CARTESIAN_POINT ( 'NONE',  ( -2.697141137596184901, -1.351270183026819893, 2.124221086775579970 ) ) ;
#5018 = VECTOR ( 'NONE', #9054, 1000.000000000000000 ) ;
#5019 = CARTESIAN_POINT ( 'NONE',  ( 2.952305103605497916, -1.790418708202897946, 2.399999999999999911 ) ) ;
#5020 = COLOUR_RGB ( '',0.8431372549019607865, 0.8156862745098039102, 0.7529411764705882248 ) ;
#5021 = EDGE_CURVE ( 'NONE', #6229, #4375, #4674, .T. ) ;
#5022 = AXIS2_PLACEMENT_3D ( 'NONE', #6928, #9231, #274 ) ;
#5023 = VERTEX_POINT ( 'NONE', #7039 ) ;
#5024 = B_SPLINE_CURVE_WITH_KNOTS ( 'NONE', 3,
 ( #1643, #4163, #2523, #3230, #4985, #50, #2425, #2366, #5096, #3341, #3287, #8194, #5735, #9067, #4214, #874, #6697, #5679, #6600 ),
 .UNSPECIFIED., .F., .F.,
 ( 4, 1, 1, 1, 1, 1, 1, 1, 1, 1, 1, 1, 1, 1, 1, 1, 4 ),
 ( 0.0000000000000000000, 0.006491022190099359802, 0.01999718752723544934, 0.04129174943302810208, 0.06993138171736230924, 0.1060405829517207937, 0.1498516436044682043, 0.2008085873982295155, 0.2597997561993690141, 0.3257033864952474933, 0.3998780143702789780, 0.4809647925942789892, 0.5697627338811119824, 0.6662729348137089724, 0.7696947132029710037, 0.8811519930212949880, 1.000000000000000000 ),
 .UNSPECIFIED. ) ;
#5025 = AXIS2_PLACEMENT_3D ( 'NONE', #596, #3170, #7242 ) ;
#5026 = PRESENTATION_LAYER_ASSIGNMENT (  '', '', ( #2239 ) ) ;
#5027 = SURFACE_SIDE_STYLE ('',( #7556 ) ) ;
#5028 = EDGE_CURVE ( 'NONE', #6504, #132, #10066, .T. ) ;
#5029 = DIRECTION ( 'NONE',  ( 0.0000000000000000000, 1.000000000000000000, 0.0000000000000000000 ) ) ;
#5030 = LINE ( 'NONE', #2512, #6552 ) ;
#5031 = CARTESIAN_POINT ( 'NONE',  ( -2.500000000000000000, 2.002565551502634822, 0.2169440134087630145 ) ) ;
#5032 = DIRECTION ( 'NONE',  ( -1.000000000000000000, 0.0000000000000000000, 0.0000000000000000000 ) ) ;
#5033 = B_SPLINE_CURVE_WITH_KNOTS ( 'NONE', 3,
 ( #10241, #4417, #8500, #4363, #1841, #3542, #2718 ),
 .UNSPECIFIED., .F., .F.,
 ( 4, 1, 1, 1, 4 ),
 ( 0.0000000000000000000, 3.895708863946489495E-05, 7.791417727893008805E-05, 0.0001168712659183949966, 0.0001558283545578605014 ),
 .UNSPECIFIED. ) ;
#5034 = CARTESIAN_POINT ( 'NONE',  ( 2.600000000000000089, 2.070156211871640117, 0.5000000000000000000 ) ) ;
#5035 = AXIS2_PLACEMENT_3D ( 'NONE', #5772, #9103, #5877 ) ;
#5036 = CARTESIAN_POINT ( 'NONE',  ( -1.149999999999999911, -3.010000000000000231, 0.09000000000000001055 ) ) ;
#5037 = ORIENTED_EDGE ( 'NONE', *, *, #999, .F. ) ;
#5038 =( NAMED_UNIT ( * ) PLANE_ANGLE_UNIT ( ) SI_UNIT ( $, .RADIAN. ) );
#5039 = CARTESIAN_POINT ( 'NONE',  ( -2.519193076890835048, -2.765399666546829671, 0.4830055065138820214 ) ) ;
#5040 = CARTESIAN_POINT ( 'NONE',  ( -0.2607954545454544970, 0.4796336277354870115, 2.799999999999999822 ) ) ;
#5041 = CYLINDRICAL_SURFACE ( 'NONE', #5372, 0.2999999999999999334 ) ;
#5042 = CONICAL_SURFACE ( 'NONE', #314, 0.04999999999999991257, 0.7853981633974476129 ) ;
#5043 = DIRECTION ( 'NONE',  ( 0.0000000000000000000, -1.000000000000000000, 0.0000000000000000000 ) ) ;
#5044 = EDGE_CURVE ( 'NONE', #1504, #3885, #5153, .T. ) ;
#5045 = ORIENTED_EDGE ( 'NONE', *, *, #7144, .F. ) ;
#5046 = FILL_AREA_STYLE ('',( #10700 ) ) ;
#5047 = MECHANICAL_DESIGN_GEOMETRIC_PRESENTATION_REPRESENTATION (  '', ( #2256 ), #5897 ) ;
#5048 = CARTESIAN_POINT ( 'NONE',  ( 1.875735931288069924, -2.750000000000000000, 2.700000000000000178 ) ) ;
#5049 = CARTESIAN_POINT ( 'NONE',  ( 2.904960620002770000, 1.490304128304386078, 0.4829710887448589451 ) ) ;
#5050 = CARTESIAN_POINT ( 'NONE',  ( -2.777436754491850124, 0.6814065518176469771, 2.126177352506410045 ) ) ;
#5051 = CARTESIAN_POINT ( 'NONE',  ( -2.350753861859515403, 2.053414855632380132, 0.6896785815504069550 ) ) ;
#5052 = AXIS2_PLACEMENT_3D ( 'NONE', #5396, #8814, #7114 ) ;
#5053 = CIRCLE ( 'NONE', #5570, 2.228124999999999467 ) ;
#5054 = CARTESIAN_POINT ( 'NONE',  ( -0.1103230765775711913, 0.5872334725168649738, 2.799999999999999822 ) ) ;
#5055 = VERTEX_POINT ( 'NONE', #5594 ) ;
#5056 = CARTESIAN_POINT ( 'NONE',  ( -2.722683473054984926, -0.1007198102566263936, 0.8042050947282509687 ) ) ;
#5057 = CARTESIAN_POINT ( 'NONE',  ( 0.2016960644758674925, 0.6073769074756670827, 2.790000000000000036 ) ) ;
#5058 = EDGE_CURVE ( 'NONE', #9567, #10255, #6518, .T. ) ;
#5059 = ORIENTED_EDGE ( 'NONE', *, *, #10184, .F. ) ;
#5060 = CARTESIAN_POINT ( 'NONE',  ( -1.211950971291044121, 2.915076103051430056, 0.4830375302643930002 ) ) ;
#5061 = CARTESIAN_POINT ( 'NONE',  ( -0.2112331112459774896, 0.6556441314885669280, 2.790000000000000036 ) ) ;
#5062 = VECTOR ( 'NONE', #5178, 1000.000000000000000 ) ;
#5063 = CARTESIAN_POINT ( 'NONE',  ( 2.399999999999999911, 1.324999999999999956, 0.1000000000000000056 ) ) ;
#5064 = CARTESIAN_POINT ( 'NONE',  ( 0.2386309232327600005, -1.609184643809735249, 2.799999999999999822 ) ) ;
#5065 = ORIENTED_EDGE ( 'NONE', *, *, #4896, .T. ) ;
#5066 = CARTESIAN_POINT ( 'NONE',  ( -2.308009947080479574, 2.002647702725394829, 0.7500000000000000000 ) ) ;
#5067 = CARTESIAN_POINT ( 'NONE',  ( -2.506653190608269632, 2.822564800756639958, 0.4943358802420270148 ) ) ;
#5068 = B_SPLINE_CURVE_WITH_KNOTS ( 'NONE', 3,
 ( #3218, #6527, #8231, #10205, #9995 ),
 .UNSPECIFIED., .F., .F.,
 ( 4, 1, 4 ),
 ( -8.895661984809066780E-15, 0.5353398335520198614, 1.000000000000000000 ),
 .UNSPECIFIED. ) ;
#5069 = ORIENTED_EDGE ( 'NONE', *, *, #6237, .T. ) ;
#5070 = CARTESIAN_POINT ( 'NONE',  ( 0.5844215701555149911, -0.8436537885533789138, 2.790000000000000036 ) ) ;
#5071 = CARTESIAN_POINT ( 'NONE',  ( 0.2737454707871014858, -0.6154340613369498891, 2.799999999999999822 ) ) ;
#5072 = DIRECTION ( 'NONE',  ( -0.8170116904760639231, -0.5766211040409849886, 0.0000000000000000000 ) ) ;
#5073 = CARTESIAN_POINT ( 'NONE',  ( 2.648710707377220253, 1.800254820158715185, 0.4886522820497490316 ) ) ;
#5074 = CARTESIAN_POINT ( 'NONE',  ( 2.912025606690735291, -1.473786542841289959, 0.4829710935074230105 ) ) ;
#5075 = CARTESIAN_POINT ( 'NONE',  ( -2.600000000000000089, -2.799999999999999822, 0.5000000000000000000 ) ) ;
#5076 = CARTESIAN_POINT ( 'NONE',  ( -1.951039452976605082, -1.262055402779421964, 1.460533545270079836 ) ) ;
#5077 = UNCERTAINTY_MEASURE_WITH_UNIT (LENGTH_MEASURE( 1.000000000000000082E-05 ), #958, 'distance_accuracy_value', 'NONE');
#5078 = EDGE_CURVE ( 'NONE', #6469, #7668, #7581, .T. ) ;
#5079 = ORIENTED_EDGE ( 'NONE', *, *, #1986, .F. ) ;
#5080 = CARTESIAN_POINT ( 'NONE',  ( 4.065758146820640395E-17, -2.750000000000000000, 2.399999999999999911 ) ) ;
#5081 = FILL_AREA_STYLE ('',( #7672 ) ) ;
#5082 = FILL_AREA_STYLE_COLOUR ( '', #7972 ) ;
#5083 = CARTESIAN_POINT ( 'NONE',  ( -0.2097610860950374911, -0.6054494568253190323, 2.799999999999999822 ) ) ;
#5084 = CARTESIAN_POINT ( 'NONE',  ( 2.999872961780435165, -1.634518634795035119, 2.399999999999999911 ) ) ;
#5085 = CARTESIAN_POINT ( 'NONE',  ( 0.5404949629555489965, -2.687389346103184806, 0.8025474971100610144 ) ) ;
#5086 = VERTEX_POINT ( 'NONE', #4220 ) ;
#5087 = CARTESIAN_POINT ( 'NONE',  ( -2.500000000000000000, -2.500047666198019769, 0.1568365928198499903 ) ) ;
#5088 = CARTESIAN_POINT ( 'NONE',  ( 0.1825647064104334860, 0.5703211649189821042, 2.799999999999999822 ) ) ;
#5089 = EDGE_CURVE ( 'NONE', #557, #1723, #5689, .T. ) ;
#5090 = CARTESIAN_POINT ( 'NONE',  ( -2.500000000000000000, -2.045348716688450086, 0.1941848830952009886 ) ) ;
#5091 = EDGE_LOOP ( 'NONE', ( #237, #3167, #1251, #128 ) ) ;
#5092 = PLANE ( 'NONE',  #10199 ) ;
#5093 = CARTESIAN_POINT ( 'NONE',  ( -0.6014163954058988626, -2.899999999999999911, 0.5000000000000000000 ) ) ;
#5094 = CYLINDRICAL_SURFACE ( 'NONE', #3270, 0.2000000000000000944 ) ;
#5095 = CARTESIAN_POINT ( 'NONE',  ( 1.888842569933543158, 2.749999999993591793, 2.399999999999999911 ) ) ;
#5096 = CARTESIAN_POINT ( 'NONE',  ( -0.2112331112459769900, -1.588511712667280085, 2.790000000000000036 ) ) ;
#5097 = VERTEX_POINT ( 'NONE', #1553 ) ;
#5098 = CARTESIAN_POINT ( 'NONE',  ( -2.899999999999999911, -1.429843788128356108, 0.5000000000000000000 ) ) ;
#5099 =( NAMED_UNIT ( * ) PLANE_ANGLE_UNIT ( ) SI_UNIT ( $, .RADIAN. ) );
#5100 = CARTESIAN_POINT ( 'NONE',  ( 2.155278941783905111, 0.9173200032472540455, 1.462708340273014107 ) ) ;
#5101 = CARTESIAN_POINT ( 'NONE',  ( -2.899999999999999911, 1.309345828020819891, 0.5000000000000000000 ) ) ;
#5102 = CARTESIAN_POINT ( 'NONE',  ( -2.386964792605075214, 2.004042074047624578, 0.6500063205291333190 ) ) ;
#5103 = UNCERTAINTY_MEASURE_WITH_UNIT (LENGTH_MEASURE( 1.000000000000000082E-05 ), #10327, 'distance_accuracy_value', 'NONE');
#5104 = CARTESIAN_POINT ( 'NONE',  ( -2.710385666345950018, 1.959963956166470123, 0.3864410810002315011 ) ) ;
#5105 = ORIENTED_EDGE ( 'NONE', *, *, #726, .F. ) ;
#5106 = PLANE ( 'NONE',  #6359 ) ;
#5107 = CARTESIAN_POINT ( 'NONE',  ( -2.155278941782539981, -0.9173200032472609289, 1.462708340254283979 ) ) ;
#5108 = LINE ( 'NONE', #7747, #4307 ) ;
#5109 = FILL_AREA_STYLE_COLOUR ( '', #3968 ) ;
#5110 = ORIENTED_EDGE ( 'NONE', *, *, #6399, .T. ) ;
#5111 = CARTESIAN_POINT ( 'NONE',  ( -1.533493266529959875, 1.565654437658275056, 1.456092013701421939 ) ) ;
#5112 = DIRECTION ( 'NONE',  ( 0.0000000000000000000, 1.000000000000000000, 0.0000000000000000000 ) ) ;
#5113 = PRESENTATION_LAYER_ASSIGNMENT (  '', '', ( #7154 ) ) ;
#5114 = EDGE_CURVE ( 'NONE', #334, #8198, #5637, .T. ) ;
#5115 = ORIENTED_EDGE ( 'NONE', *, *, #6237, .F. ) ;
#5116 = FILL_AREA_STYLE ('',( #1724 ) ) ;
#5117 = CARTESIAN_POINT ( 'NONE',  ( -2.036066979398775345, 2.150157591658320211, 2.119848661519875055 ) ) ;
#5118 = ORIENTED_EDGE ( 'NONE', *, *, #7650, .T. ) ;
#5119 = VERTEX_POINT ( 'NONE', #4945 ) ;
#5120 = CARTESIAN_POINT ( 'NONE',  ( 2.594521098235329948, -2.545023560078454761, 0.1062472655068193994 ) ) ;
#5121 = PRESENTATION_STYLE_ASSIGNMENT (( #4188 ) ) ;
#5122 = LINE ( 'NONE', #1670, #10234 ) ;
#5123 = CARTESIAN_POINT ( 'NONE',  ( 2.728859740002965051, 1.700422489904795054, 0.4886506813925770021 ) ) ;
#5124 = CARTESIAN_POINT ( 'NONE',  ( 3.000000000000000000, -1.630460131675739888, 2.399999999999999911 ) ) ;
#5125 =( NAMED_UNIT ( * ) PLANE_ANGLE_UNIT ( ) SI_UNIT ( $, .RADIAN. ) );
#5126 = CARTESIAN_POINT ( 'NONE',  ( -1.861057775550715165, -1.348554746565363782, 1.459536146869369944 ) ) ;
#5127 = FACE_OUTER_BOUND ( 'NONE', #1576, .T. ) ;
#5128 = STYLED_ITEM ( 'NONE', ( #312 ), #3951 ) ;
#5129 = ORIENTED_EDGE ( 'NONE', *, *, #4440, .T. ) ;
#5130 = CARTESIAN_POINT ( 'NONE',  ( 1.223268771936481869, -1.993170211200605113, 1.453378160185240020 ) ) ;
#5131 = FACE_OUTER_BOUND ( 'NONE', #8418, .T. ) ;
#5132 = CARTESIAN_POINT ( 'NONE',  ( -0.4000000000000000222, 1.800000000000000044, 2.790000000000000036 ) ) ;
#5133 = CARTESIAN_POINT ( 'NONE',  ( -0.2097610860950374911, -0.6054494568253190323, 2.790000000000000036 ) ) ;
#5134 = CARTESIAN_POINT ( 'NONE',  ( 3.000000000000000000, -1.630460131675739888, 2.399999999999999911 ) ) ;
#5135 = CARTESIAN_POINT ( 'NONE',  ( 2.456039009914615434, -2.911542791038849831, 0.4886738444840639795 ) ) ;
#5136 = AXIS2_PLACEMENT_3D ( 'NONE', #4009, #8085, #4665 ) ;
#5137 =( LENGTH_UNIT ( ) NAMED_UNIT ( * ) SI_UNIT ( .MILLI., .METRE. ) );
#5138 = ADVANCED_FACE ( 'NONE', ( #9173 ), #2866, .T. ) ;
#5139 = CARTESIAN_POINT ( 'NONE',  ( -1.875735931288069924, -2.750000000000000000, 2.399999999999999911 ) ) ;
#5140 = AXIS2_PLACEMENT_3D ( 'NONE', #7345, #3217, #7297 ) ;
#5141 = LINE ( 'NONE', #2668, #9145 ) ;
#5142 = ORIENTED_EDGE ( 'NONE', *, *, #951, .F. ) ;
#5143 = CARTESIAN_POINT ( 'NONE',  ( -1.204611352681630221, -2.899999999999999911, 0.5000000000000000000 ) ) ;
#5144 =( NAMED_UNIT ( * ) PLANE_ANGLE_UNIT ( ) SI_UNIT ( $, .RADIAN. ) );
#5145 = CARTESIAN_POINT ( 'NONE',  ( -0.1090909090909091966, 0.5836109004627600960, 2.799999999999999822 ) ) ;
#5146 = FILL_AREA_STYLE_COLOUR ( '', #66 ) ;
#5147 = ORIENTED_EDGE ( 'NONE', *, *, #2766, .F. ) ;
#5148 = PLANE ( 'NONE',  #842 ) ;
#5149 =( NAMED_UNIT ( * ) SI_UNIT ( $, .STERADIAN. ) SOLID_ANGLE_UNIT ( ) );
#5150 = EDGE_CURVE ( 'NONE', #8334, #5325, #8969, .T. ) ;
#5151 = CARTESIAN_POINT ( 'NONE',  ( 2.537822274071105166, 1.934386218886845032, 0.4943274116723530009 ) ) ;
#5152 = CARTESIAN_POINT ( 'NONE',  ( -2.998947751294765318, 1.650946559077680176, 2.399999999999999911 ) ) ;
#5153 = CIRCLE ( 'NONE', #1473, 0.6999999999999999556 ) ;
#5154 = CARTESIAN_POINT ( 'NONE',  ( -2.345154695634020126, 2.054341977066930003, 0.6963283156801060025 ) ) ;
#5155 = EDGE_CURVE ( 'NONE', #9899, #6890, #9018, .T. ) ;
#5156 = DIRECTION ( 'NONE',  ( 0.0000000000000000000, 1.000000000000000000, 0.0000000000000000000 ) ) ;
#5157 = ORIENTED_EDGE ( 'NONE', *, *, #951, .T. ) ;
#5158 = CARTESIAN_POINT ( 'NONE',  ( 0.5999999999999999778, 0.8909160952679540113, 2.799999999999999822 ) ) ;
#5159 = CARTESIAN_POINT ( 'NONE',  ( -2.595619047432884852, -1.244277127969461771, 0.8038707542216599888 ) ) ;
#5160 = CARTESIAN_POINT ( 'NONE',  ( 2.998981725600580184, -1.449999999999999956, 0.1000000000000000056 ) ) ;
#5161 =( NAMED_UNIT ( * ) SI_UNIT ( $, .STERADIAN. ) SOLID_ANGLE_UNIT ( ) );
#5162 = ORIENTED_EDGE ( 'NONE', *, *, #914, .F. ) ;
#5163 = CARTESIAN_POINT ( 'NONE',  ( -0.4305299667704209909, 2.456475915002075183, 1.449895245532089927 ) ) ;
#5164 = FILL_AREA_STYLE ('',( #4391 ) ) ;
#5165 =( GEOMETRIC_REPRESENTATION_CONTEXT ( 3 ) GLOBAL_UNCERTAINTY_ASSIGNED_CONTEXT ( ( #8799 ) ) GLOBAL_UNIT_ASSIGNED_CONTEXT ( ( #1362, #3655, #10296 ) ) REPRESENTATION_CONTEXT ( 'NONE', 'WORKASPACE' ) );
#5166 = DIRECTION ( 'NONE',  ( 0.0000000000000000000, 0.0000000000000000000, -1.000000000000000000 ) ) ;
#5167 = ORIENTED_EDGE ( 'NONE', *, *, #3916, .F. ) ;
#5168 = FACE_OUTER_BOUND ( 'NONE', #96, .T. ) ;
#5169 = CARTESIAN_POINT ( 'NONE',  ( -2.552809863688535241, 1.898909564453510113, 0.5000000000000000000 ) ) ;
#5170 = ORIENTED_EDGE ( 'NONE', *, *, #836, .F. ) ;
#5171 = VERTEX_POINT ( 'NONE', #772 ) ;
#5172 = CARTESIAN_POINT ( 'NONE',  ( 2.643826238111394833, 1.945217202360755016, 0.3648403235241770015 ) ) ;
#5173 = CARTESIAN_POINT ( 'NONE',  ( -0.5999999999999999778, 0.2400232381250970159, 2.790000000000000036 ) ) ;
#5174 = CARTESIAN_POINT ( 'NONE',  ( -2.414282326247679578, 2.004042074047625022, 0.6500000000000000222 ) ) ;
#5175 = EDGE_CURVE ( 'NONE', #3300, #2648, #10348, .T. ) ;
#5176 = CARTESIAN_POINT ( 'NONE',  ( 2.301698508438730251, 1.659824637231609890, 0.8036762491131740349 ) ) ;
#5177 = CARTESIAN_POINT ( 'NONE',  ( 2.699091624707929515, -1.362980820058391940, 2.124220413105839977 ) ) ;
#5178 = DIRECTION ( 'NONE',  ( 0.0000000000000000000, 0.0000000000000000000, -1.000000000000000000 ) ) ;
#5179 = CARTESIAN_POINT ( 'NONE',  ( -2.511306896680849832, -2.032119304271414517, 0.4886566389971700453 ) ) ;
#5180 = DIRECTION ( 'NONE',  ( 0.0000000000000000000, -1.000000000000000000, 0.0000000000000000000 ) ) ;
#5181 = AXIS2_PLACEMENT_3D ( 'NONE', #5262, #2844, #6156 ) ;
#5182 = COLOUR_RGB ( '',0.8431372549019607865, 0.8156862745098039102, 0.7529411764705882248 ) ;
#5183 = ORIENTED_EDGE ( 'NONE', *, *, #9799, .F. ) ;
#5184 = CARTESIAN_POINT ( 'NONE',  ( 2.202783587081335259, 2.899999999999999911, 0.5000000000000000000 ) ) ;
#5185 = CARTESIAN_POINT ( 'NONE',  ( 1.209504431856741835, -2.910050735367144981, 0.4886916868436140815 ) ) ;
#5186 =( LENGTH_UNIT ( ) NAMED_UNIT ( * ) SI_UNIT ( .MILLI., .METRE. ) );
#5187 = PRESENTATION_LAYER_ASSIGNMENT (  '', '', ( #6895 ) ) ;
#5188 = CARTESIAN_POINT ( 'NONE',  ( -0.1670664863060850047, -0.5757764627325210327, 2.799999999999999822 ) ) ;
#5189 = CARTESIAN_POINT ( 'NONE',  ( 2.696740996565279769, -1.370887572815416178, 2.124179972662739946 ) ) ;
#5190 = CARTESIAN_POINT ( 'NONE',  ( 2.415873556353010265, -2.899999999999999911, 0.5000000000000000000 ) ) ;
#5191 = VECTOR ( 'NONE', #8177, 1000.000000000000000 ) ;
#5192 = VECTOR ( 'NONE', #7699, 1000.000000000000000 ) ;
#5193 = CARTESIAN_POINT ( 'NONE',  ( -0.2517973613883844886, -1.757931550147330046, 2.790000000000000036 ) ) ;
#5194 = LINE ( 'NONE', #206, #2243 ) ;
#5195 = COLOUR_RGB ( '',0.7686274509803920907, 0.7686274509803920907, 0.7686274509803920907 ) ;
#5196 = CARTESIAN_POINT ( 'NONE',  ( 0.1825647064104334860, 0.5703211649189821042, 2.799999999999999822 ) ) ;
#5197 = VERTEX_POINT ( 'NONE', #6547 ) ;
#5198 = CARTESIAN_POINT ( 'NONE',  ( -0.2007521095612775086, -2.907481723192060219, 0.4886983618221160675 ) ) ;
#5199 = CARTESIAN_POINT ( 'NONE',  ( -2.599499723682810348, 2.538021401874529737, 0.1148078918138570048 ) ) ;
#5200 = CARTESIAN_POINT ( 'NONE',  ( 3.000000000000000000, 1.625735931288069924, 2.799999999999999822 ) ) ;
#5201 = LINE ( 'NONE', #7136, #10518 ) ;
#5202 = CARTESIAN_POINT ( 'NONE',  ( -0.1090909090909090023, -0.5384670216151629107, 2.799999999999999822 ) ) ;
#5203 = DIRECTION ( 'NONE',  ( -3.203166744464219909E-16, 1.000000000000000000, 0.0000000000000000000 ) ) ;
#5204 = FILL_AREA_STYLE ('',( #6701 ) ) ;
#5205 = CARTESIAN_POINT ( 'NONE',  ( 2.750555127830114799, 1.999444872169884979, 2.399999999999999911 ) ) ;
#5206 = AXIS2_PLACEMENT_3D ( 'NONE', #5822, #7557, #3490 ) ;
#5207 = CARTESIAN_POINT ( 'NONE',  ( -2.568761605867265096, 0.06933440793220679854, 1.466472920336237884 ) ) ;
#5208 = VECTOR ( 'NONE', #1131, 1000.000000000000000 ) ;
#5209 = CARTESIAN_POINT ( 'NONE',  ( -2.636002227222250305, 2.001856659527280424, 0.3864410810002315011 ) ) ;
#5210 = AXIS2_PLACEMENT_3D ( 'NONE', #6075, #4453, #7763 ) ;
#5211 = VERTEX_POINT ( 'NONE', #2377 ) ;
#5212 = CARTESIAN_POINT ( 'NONE',  ( -2.600000000000000089, -2.070156211871640117, 0.5000000000000000000 ) ) ;
#5213 = AXIS2_PLACEMENT_3D ( 'NONE', #7019, #5473, #7961 ) ;
#5214 = CARTESIAN_POINT ( 'NONE',  ( -2.458671371101389891, -1.439077585062025877, 0.8037871167018709739 ) ) ;
#5215 = CARTESIAN_POINT ( 'NONE',  ( -1.149999999999999911, 2.799999999999999822, 0.1000000000000000056 ) ) ;
#5216 = CARTESIAN_POINT ( 'NONE',  ( -0.1321134603316795886, 0.5998234557979940096, 2.790000000000000036 ) ) ;
#5217 = ORIENTED_EDGE ( 'NONE', *, *, #6871, .T. ) ;
#5218 = EDGE_CURVE ( 'NONE', #1334, #2401, #6538, .T. ) ;
#5219 = CARTESIAN_POINT ( 'NONE',  ( -2.456039009914564808, 2.911542791039174904, 0.4886738444836630224 ) ) ;
#5220 =( GEOMETRIC_REPRESENTATION_CONTEXT ( 3 ) GLOBAL_UNCERTAINTY_ASSIGNED_CONTEXT ( ( #9033 ) ) GLOBAL_UNIT_ASSIGNED_CONTEXT ( ( #9403, #1269, #10539 ) ) REPRESENTATION_CONTEXT ( 'NONE', 'WORKASPACE' ) );
#5221 = STYLED_ITEM ( 'NONE', ( #10739 ), #2462 ) ;
#5222 = EDGE_CURVE ( 'NONE', #9386, #1334, #7367, .T. ) ;
#5223 = CARTESIAN_POINT ( 'NONE',  ( -1.149999999999999911, -2.681881587960845081, 0.09000000000000001055 ) ) ;
#5224 = ORIENTED_EDGE ( 'NONE', *, *, #8559, .T. ) ;
#5225 = CARTESIAN_POINT ( 'NONE',  ( -2.565975415130305137, 1.913777707050509980, 0.4829813417481880200 ) ) ;
#5226 = VECTOR ( 'NONE', #9568, 999.9999999999998863 ) ;
#5227 = ORIENTED_EDGE ( 'NONE', *, *, #1435, .T. ) ;
#5228 = ORIENTED_EDGE ( 'NONE', *, *, #1726, .F. ) ;
#5229 = CARTESIAN_POINT ( 'NONE',  ( 2.582939614118270111, -2.549870428074020534, 0.1001647118076794130 ) ) ;
#5230 = VECTOR ( 'NONE', #7062, 1000.000000000000000 ) ;
#5231 = CARTESIAN_POINT ( 'NONE',  ( 0.2296077742320664916, -0.5837991298365350357, 2.799999999999999822 ) ) ;
#5232 = CARTESIAN_POINT ( 'NONE',  ( -2.474345596219860166, -2.550000000000000266, 0.1000000000000000056 ) ) ;
#5233 = CARTESIAN_POINT ( 'NONE',  ( 2.589575150554849881, 1.852952955870619922, 0.5000000000000000000 ) ) ;
#5234 = CARTESIAN_POINT ( 'NONE',  ( 2.908801711673969947, -1.076670751520713898, 0.4886419928800010415 ) ) ;
#5235 = ORIENTED_EDGE ( 'NONE', *, *, #195, .T. ) ;
#5236 = LINE ( 'NONE', #2769, #7823 ) ;
#5237 = CARTESIAN_POINT ( 'NONE',  ( -2.537822274071059869, -1.934386218886769981, 0.4943274116725490663 ) ) ;
#5238 = CARTESIAN_POINT ( 'NONE',  ( 0.5999999999999999778, -1.353239748887890004, 2.790000000000000036 ) ) ;
#5239 = EDGE_CURVE ( 'NONE', #9982, #1653, #4356, .T. ) ;
#5240 = VERTEX_POINT ( 'NONE', #9076 ) ;
#5241 = CARTESIAN_POINT ( 'NONE',  ( 0.1422628036281955999, 2.495562771045400030, 1.449528787390530038 ) ) ;
#5242 = CARTESIAN_POINT ( 'NONE',  ( 1.805634623080750067, -2.899999999999999911, 0.5000000000000000000 ) ) ;
#5243 = CYLINDRICAL_SURFACE ( 'NONE', #5713, 0.01999999999999999695 ) ;
#5244 = CARTESIAN_POINT ( 'NONE',  ( -0.1494761574587941955, -0.5634789736910439384, 2.799999999999999822 ) ) ;
#5245 = CARTESIAN_POINT ( 'NONE',  ( 2.185805210537150156, -0.8517289528497090645, 1.462941367959750050 ) ) ;
#5246 = CARTESIAN_POINT ( 'NONE',  ( 0.6036923868359029832, -2.907943016400859726, 0.4886969928950499753 ) ) ;
#5247 = DIRECTION ( 'NONE',  ( -1.000000000000000000, 0.0000000000000000000, 0.0000000000000000000 ) ) ;
#5248 = SURFACE_STYLE_FILL_AREA ( #6959 ) ;
#5249 = EDGE_CURVE ( 'NONE', #9992, #10272, #1493, .T. ) ;
#5250 = DIRECTION ( 'NONE',  ( 0.0000000000000000000, 0.0000000000000000000, -1.000000000000000000 ) ) ;
#5251 = ORIENTED_EDGE ( 'NONE', *, *, #6153, .T. ) ;
#5252 = CARTESIAN_POINT ( 'NONE',  ( -1.429894933702550164, -1.735488937687180044, 1.455028784159037913 ) ) ;
#5253 = CARTESIAN_POINT ( 'NONE',  ( 2.500000000000000000, -2.000000000000000000, 2.328125000000000000 ) ) ;
#5254 = FACE_OUTER_BOUND ( 'NONE', #9670, .T. ) ;
#5255 = ORIENTED_EDGE ( 'NONE', *, *, #6108, .F. ) ;
#5256 = FILL_AREA_STYLE ('',( #2792 ) ) ;
#5257 = DIRECTION ( 'NONE',  ( 0.0000000000000000000, 0.0000000000000000000, -1.000000000000000000 ) ) ;
#5258 = CARTESIAN_POINT ( 'NONE',  ( 2.880117441595865024, 1.869882558404140083, 2.399999999999999911 ) ) ;
#5259 = CARTESIAN_POINT ( 'NONE',  ( -2.913221328941185018, -1.081075386782229808, 0.4829626681559179846 ) ) ;
#5260 = DIRECTION ( 'NONE',  ( 1.000000000000000000, 0.0000000000000000000, 0.0000000000000000000 ) ) ;
#5261 = ORIENTED_EDGE ( 'NONE', *, *, #6644, .F. ) ;
#5262 = CARTESIAN_POINT ( 'NONE',  ( 0.0000000000000000000, 0.0000000000000000000, 0.1000000000000000056 ) ) ;
#5263 = CARTESIAN_POINT ( 'NONE',  ( -2.805472533785889677, -1.594079699666315131, 0.4943245643934510158 ) ) ;
#5264 = CARTESIAN_POINT ( 'NONE',  ( -1.149999999999999911, 1.184960637368067893, 2.799999999999999822 ) ) ;
#5265 = CARTESIAN_POINT ( 'NONE',  ( -0.1860053306754375080, 0.6375233852177519811, 2.799999999999999822 ) ) ;
#5266 = VERTEX_POINT ( 'NONE', #8572 ) ;
#5267 = CARTESIAN_POINT ( 'NONE',  ( -2.310674057215215349, 1.892726241289099942, 2.121338251229345051 ) ) ;
#5268 = EDGE_CURVE ( 'NONE', #9569, #7211, #8785, .T. ) ;
#5269 = CARTESIAN_POINT ( 'NONE',  ( -0.1871921107803060091, 0.5323371571780660672, 2.799999999999999822 ) ) ;
#5270 = CARTESIAN_POINT ( 'NONE',  ( 0.2464285714285714968, -1.602833904732045012, 2.799999999999999822 ) ) ;
#5271 = ORIENTED_EDGE ( 'NONE', *, *, #4336, .F. ) ;
#5272 = CARTESIAN_POINT ( 'NONE',  ( -2.561586897983050282, 1.908821659518174840, 0.4886542278321249766 ) ) ;
#5273 = EDGE_LOOP ( 'NONE', ( #4480, #1925, #10504, #6472 ) ) ;
#5274 = ORIENTED_EDGE ( 'NONE', *, *, #10151, .F. ) ;
#5275 = CARTESIAN_POINT ( 'NONE',  ( 2.500000000000000000, -1.499952333801978011, 0.1568365928198499903 ) ) ;
#5276 = FILL_AREA_STYLE ('',( #4563 ) ) ;
#5277 = DIRECTION ( 'NONE',  ( 0.0000000000000000000, 0.0000000000000000000, -1.000000000000000000 ) ) ;
#5278 = CARTESIAN_POINT ( 'NONE',  ( 2.143828204586984754, 2.334736443420440288, 0.8032228928469770102 ) ) ;
#5279 = CARTESIAN_POINT ( 'NONE',  ( 2.899999999999999911, 1.071749812238143917, 0.5000000000000000000 ) ) ;
#5280 = LINE ( 'NONE', #6175, #1737 ) ;
#5281 = EDGE_CURVE ( 'NONE', #10630, #7911, #3560, .T. ) ;
#5282 = CARTESIAN_POINT ( 'NONE',  ( -2.504517769482285328, -2.137023792731590266, 0.4943293444855629826 ) ) ;
#5283 = FILL_AREA_STYLE_COLOUR ( '', #7065 ) ;
#5284 = EDGE_CURVE ( 'NONE', #3696, #9243, #112, .T. ) ;
#5285 = ORIENTED_EDGE ( 'NONE', *, *, #9088, .F. ) ;
#5286 = CARTESIAN_POINT ( 'NONE',  ( 0.2007521095612780082, 2.907481723192585132, 0.4886983618213260328 ) ) ;
#5287 = CARTESIAN_POINT ( 'NONE',  ( 0.2007521097662595122, -2.907481723192060219, 0.4886983618221160675 ) ) ;
#5288 = CARTESIAN_POINT ( 'NONE',  ( -0.1126768240424886047, 0.5815241994708190143, 2.790000000000000036 ) ) ;
#5289 = CARTESIAN_POINT ( 'NONE',  ( -2.471254120906686946, -2.564340200982257123, 0.1000000000000000056 ) ) ;
#5290 = B_SPLINE_CURVE_WITH_KNOTS ( 'NONE', 3,
 ( #5956, #122, #10157, #3358, #9281, #6661, #891, #1719, #5061, #6614, #1658, #840, #5799, #8410, #6772, #3517, #7533, #9130, #9950 ),
 .UNSPECIFIED., .F., .F.,
 ( 4, 1, 1, 1, 1, 1, 1, 1, 1, 1, 1, 1, 1, 1, 1, 1, 4 ),
 ( 0.0000000000000000000, 0.006491022190099359802, 0.01999718752723544934, 0.04129174943302810208, 0.06993138171736230924, 0.1060405829517207937, 0.1498516436044682043, 0.2008085873982295155, 0.2597997561993690141, 0.3257033864952474933, 0.3998780143702789780, 0.4809647925942789892, 0.5697627338811119824, 0.6662729348137089724, 0.7696947132029710037, 0.8811519930212949880, 1.000000000000000000 ),
 .UNSPECIFIED. ) ;
#5291 = CARTESIAN_POINT ( 'NONE',  ( 2.867780011851700284, -1.538742229711000054, 0.4829723874460329913 ) ) ;
#5292 = CARTESIAN_POINT ( 'NONE',  ( 1.588531752203115044, -2.538022571437214658, 0.8028957528922969766 ) ) ;
#5293 = DIRECTION ( 'NONE',  ( -0.8104513319715728192, 0.5858059734293459275, 0.0000000000000000000 ) ) ;
#5294 = CARTESIAN_POINT ( 'NONE',  ( -2.399999999999999911, -3.000000000000000000, 0.3499999999999999778 ) ) ;
#5295 = DIRECTION ( 'NONE',  ( 0.0000000000000000000, 0.0000000000000000000, -1.000000000000000000 ) ) ;
#5296 = ORIENTED_EDGE ( 'NONE', *, *, #8336, .F. ) ;
#5297 = PLANE ( 'NONE',  #8826 ) ;
#5298 = CARTESIAN_POINT ( 'NONE',  ( -0.4305299670377235044, -2.456475914862500165, 1.449895245487661910 ) ) ;
#5299 = SURFACE_STYLE_USAGE ( .BOTH. , #1960 ) ;
#5300 = CARTESIAN_POINT ( 'NONE',  ( -0.3086466781300214457, -0.3956383762196200027, 2.790000000000000036 ) ) ;
#5301 = PLANE ( 'NONE',  #8140 ) ;
#5302 = ORIENTED_EDGE ( 'NONE', *, *, #10566, .F. ) ;
#5303 = CARTESIAN_POINT ( 'NONE',  ( 2.643826238111394833, 1.945217202360755016, 0.5000000000000000000 ) ) ;
#5304 = CARTESIAN_POINT ( 'NONE',  ( 2.023765195756119795, 1.152183394502217961, 1.461570906846413997 ) ) ;
#5305 = CARTESIAN_POINT ( 'NONE',  ( -2.568761605867265096, -0.06817027121844661253, 1.466472920336237884 ) ) ;
#5306 = EDGE_CURVE ( 'NONE', #8476, #2277, #9272, .T. ) ;
#5307 = CARTESIAN_POINT ( 'NONE',  ( -2.414282326247679578, 2.004042074047625022, 0.4249999999999999889 ) ) ;
#5308 = CARTESIAN_POINT ( 'NONE',  ( 2.399999999999999911, -2.799999999999999822, 0.1000000000000000056 ) ) ;
#5309 = ORIENTED_EDGE ( 'NONE', *, *, #7743, .T. ) ;
#5310 = DIRECTION ( 'NONE',  ( 0.7071067811865480168, 0.7071067811865470176, 0.0000000000000000000 ) ) ;
#5311 = CARTESIAN_POINT ( 'NONE',  ( -2.728859740002864687, -1.700422489904660051, 0.4886506813929299975 ) ) ;
#5312 = CARTESIAN_POINT ( 'NONE',  ( -2.453881272650579426, 1.381448777679219697, 0.1000000000000000194 ) ) ;
#5313 = LINE ( 'NONE', #439, #1867 ) ;
#5314 = ORIENTED_EDGE ( 'NONE', *, *, #6277, .F. ) ;
#5315 = VECTOR ( 'NONE', #9669, 1000.000000000000000 ) ;
#5316 = CARTESIAN_POINT ( 'NONE',  ( -2.511309213653844630, 2.032212303713980095, 0.4886566389968859947 ) ) ;
#5317 = CARTESIAN_POINT ( 'NONE',  ( -2.500000000000000000, -1.479237732262168592, 0.1356907255745127272 ) ) ;
#5318 = CARTESIAN_POINT ( 'NONE',  ( 0.5999999999999999778, 0.07443882254068159843, 2.790000000000000036 ) ) ;
#5319 = B_SPLINE_CURVE_WITH_KNOTS ( 'NONE', 3,
 ( #743, #1620, #8267, #6782, #6624, #1828, #790, #6728, #78, #5920, #10065, #2603 ),
 .UNSPECIFIED., .F., .F.,
 ( 4, 1, 1, 1, 2, 1, 1, 1, 4 ),
 ( 0.0000000000000000000, 0.02940537768073853142, 0.05881075536147706284, 0.08821613304216796569, 0.1176215107229011958, 0.3382161330421917800, 0.5588107553614294343, 0.7794053776807147171, 1.000000000000000000 ),
 .UNSPECIFIED. ) ;
#5320 = VECTOR ( 'NONE', #5829, 1000.000000000000000 ) ;
#5321 = VERTEX_POINT ( 'NONE', #7695 ) ;
#5322 = DIRECTION ( 'NONE',  ( 0.0000000000000000000, -1.000000000000000000, 0.0000000000000000000 ) ) ;
#5323 = CARTESIAN_POINT ( 'NONE',  ( -2.652116407928434949, 1.500613362405775142, 2.123507352949094873 ) ) ;
#5324 = ORIENTED_EDGE ( 'NONE', *, *, #1149, .T. ) ;
#5325 = VERTEX_POINT ( 'NONE', #4491 ) ;
#5326 = DIRECTION ( 'NONE',  ( -1.000000000000000000, 0.0000000000000000000, 0.0000000000000000000 ) ) ;
#5327 = CARTESIAN_POINT ( 'NONE',  ( 2.519193076890914984, 2.765399666547270208, 0.4830055065130799408 ) ) ;
#5328 = CARTESIAN_POINT ( 'NONE',  ( 2.899999999999999911, 0.1181448750675211934, 0.5000000000000000000 ) ) ;
#5329 = CIRCLE ( 'NONE', #7393, 0.2000000000000000944 ) ;
#5330 = CARTESIAN_POINT ( 'NONE',  ( 2.995374047026428510, -1.485614931648303161, 0.1452370388234989762 ) ) ;
#5331 = CARTESIAN_POINT ( 'NONE',  ( -2.500000000000000000, -2.739709114629715003, 0.5000000000000000000 ) ) ;
#5332 = CARTESIAN_POINT ( 'NONE',  ( 2.750000000000000000, 1.625735931288069924, 2.799999999999999822 ) ) ;
#5333 = FACE_OUTER_BOUND ( 'NONE', #10063, .T. ) ;
#5334 = ORIENTED_EDGE ( 'NONE', *, *, #8863, .F. ) ;
#5335 = CARTESIAN_POINT ( 'NONE',  ( 1.976660526444884880, 2.735515474086174681, 2.399999999999999911 ) ) ;
#5336 = EDGE_CURVE ( 'NONE', #8583, #607, #10200, .T. ) ;
#5337 = CARTESIAN_POINT ( 'NONE',  ( 2.514530806159684939, -2.272314139547915168, 0.4829914680670790439 ) ) ;
#5338 = FILL_AREA_STYLE ('',( #471 ) ) ;
#5339 = CARTESIAN_POINT ( 'NONE',  ( 1.149999999999999911, -3.000000000000000000, 0.1200000000000000094 ) ) ;
#5340 = CARTESIAN_POINT ( 'NONE',  ( 2.904400855836985151, -1.073451333746126002, 0.4943209964399999934 ) ) ;
#5341 = CARTESIAN_POINT ( 'NONE',  ( 2.500000000000000000, -2.813619399608419780, 0.5000000000000000000 ) ) ;
#5342 = CARTESIAN_POINT ( 'NONE',  ( -1.918062981991242699, -2.748290565982905331, 2.399999999999999911 ) ) ;
#5343 = EDGE_CURVE ( 'NONE', #10559, #5973, #3392, .T. ) ;
#5344 = FACE_OUTER_BOUND ( 'NONE', #10206, .T. ) ;
#5345 = VECTOR ( 'NONE', #7181, 1000.000000000000000 ) ;
#5346 =( NAMED_UNIT ( * ) PLANE_ANGLE_UNIT ( ) SI_UNIT ( $, .RADIAN. ) );
#5347 = CARTESIAN_POINT ( 'NONE',  ( -1.875735931288069924, 2.750000000000000000, 2.799999999999999822 ) ) ;
#5348 = EDGE_CURVE ( 'NONE', #5266, #6675, #1301, .T. ) ;
#5349 = COLOUR_RGB ( '',0.8431372549019607865, 0.8156862745098039102, 0.7529411764705882248 ) ;
#5350 = ORIENTED_EDGE ( 'NONE', *, *, #10794, .T. ) ;
#5351 = DIRECTION ( 'NONE',  ( 0.0000000000000000000, 0.0000000000000000000, -1.000000000000000000 ) ) ;
#5352 = ORIENTED_EDGE ( 'NONE', *, *, #9454, .F. ) ;
#5353 = MECHANICAL_DESIGN_GEOMETRIC_PRESENTATION_REPRESENTATION (  '', ( #5007 ), #6723 ) ;
#5354 = CARTESIAN_POINT ( 'NONE',  ( 1.976660526382919780, -2.735515474110040035, 2.399999999999999911 ) ) ;
#5355 = DIRECTION ( 'NONE',  ( 1.000000000000000000, 0.0000000000000000000, 0.0000000000000000000 ) ) ;
#5356 = DIRECTION ( 'NONE',  ( 0.0000000000000000000, 0.7071067811865474617, 0.7071067811865474617 ) ) ;
#5357 = DIRECTION ( 'NONE',  ( 0.0000000000000000000, 0.0000000000000000000, -1.000000000000000000 ) ) ;
#5358 = CARTESIAN_POINT ( 'NONE',  ( -0.5999999999999999778, -1.302346891745032043, 2.799999999999999822 ) ) ;
#5359 = CARTESIAN_POINT ( 'NONE',  ( 1.975499308429860212, 1.232172765953944094, 1.460942128144572028 ) ) ;
#5360 = CARTESIAN_POINT ( 'NONE',  ( -2.632657433626894861, -1.101249852203001867, 0.8039406313080140754 ) ) ;
#5361 = FACE_OUTER_BOUND ( 'NONE', #572, .T. ) ;
#5362 = PRESENTATION_LAYER_ASSIGNMENT (  '', '', ( #10049 ) ) ;
#5363 = AXIS2_PLACEMENT_3D ( 'NONE', #6388, #8916, #5685 ) ;
#5364 = MECHANICAL_DESIGN_GEOMETRIC_PRESENTATION_REPRESENTATION (  '', ( #4671 ), #9343 ) ;
#5365 = DIRECTION ( 'NONE',  ( 1.000000000000000000, 0.0000000000000000000, 0.0000000000000000000 ) ) ;
#5366 = EDGE_CURVE ( 'NONE', #761, #272, #1919, .T. ) ;
#5367 = EDGE_LOOP ( 'NONE', ( #9035, #5170, #3082, #10006 ) ) ;
#5368 = DIRECTION ( 'NONE',  ( -0.8169522701909389673, -0.5767052871526938684, 0.0000000000000000000 ) ) ;
#5369 = CARTESIAN_POINT ( 'NONE',  ( -2.623518412386590004, -1.554751304503660059, 2.123183580871525145 ) ) ;
#5370 = PLANE ( 'NONE',  #288 ) ;
#5371 = CARTESIAN_POINT ( 'NONE',  ( -2.995374047026428510, -1.485614931648304271, 0.1452370388234999754 ) ) ;
#5372 = AXIS2_PLACEMENT_3D ( 'NONE', #922, #163, #7516 ) ;
#5373 = ORIENTED_EDGE ( 'NONE', *, *, #5514, .F. ) ;
#5374 = AXIS2_PLACEMENT_3D ( 'NONE', #4045, #1630, #7237 ) ;
#5375 = CARTESIAN_POINT ( 'NONE',  ( -2.517952901727124715, 2.642593125879294735, 0.4830019982643279919 ) ) ;
#5376 = SURFACE_SIDE_STYLE ('',( #8580 ) ) ;
#5377 = LINE ( 'NONE', #4673, #7610 ) ;
#5378 = MECHANICAL_DESIGN_GEOMETRIC_PRESENTATION_REPRESENTATION (  '', ( #10069 ), #8832 ) ;
#5379 = CIRCLE ( 'NONE', #668, 0.05000000000000012768 ) ;
#5380 = CARTESIAN_POINT ( 'NONE',  ( -2.500000000000000000, 2.040417341807499785, 0.2005035256727810133 ) ) ;
#5381 = EDGE_CURVE ( 'NONE', #6675, #1590, #2181, .T. ) ;
#5382 = EDGE_LOOP ( 'NONE', ( #10159, #4600, #7342, #7341 ) ) ;
#5383 = CARTESIAN_POINT ( 'NONE',  ( -2.518328024705509982, 1.980451181376739811, 0.4943278632906540349 ) ) ;
#5384 = EDGE_LOOP ( 'NONE', ( #3265, #5217, #4393, #4447, #5309, #2074, #4869, #6240, #10663, #3474, #7197, #9, #5680, #2518, #7547 ) ) ;
#5385 = ORIENTED_EDGE ( 'NONE', *, *, #5150, .T. ) ;
#5386 = LINE ( 'NONE', #6880, #4868 ) ;
#5387 = AXIS2_PLACEMENT_3D ( 'NONE', #2318, #5786, #4833 ) ;
#5388 = CARTESIAN_POINT ( 'NONE',  ( 2.516175321166389978, 2.457649299076709593, 0.4829967147558409390 ) ) ;
#5389 = CARTESIAN_POINT ( 'NONE',  ( 3.000000000000000000, 1.166354171412794072, 2.399999999999999911 ) ) ;
#5390 = PRESENTATION_LAYER_ASSIGNMENT (  '', '', ( #9057 ) ) ;
#5391 = CARTESIAN_POINT ( 'NONE',  ( -2.399999999999999911, -2.899999999999999911, 0.5000000000000000000 ) ) ;
#5392 = COLOUR_RGB ( '',0.8431372549019607865, 0.8156862745098039102, 0.7529411764705882248 ) ;
#5393 = CARTESIAN_POINT ( 'NONE',  ( -2.102119455104354717, -2.393819978613390020, 0.8031671104314560550 ) ) ;
#5394 = DIRECTION ( 'NONE',  ( 1.000000000000000000, 0.0000000000000000000, 0.0000000000000000000 ) ) ;
#5395 =( GEOMETRIC_REPRESENTATION_CONTEXT ( 3 ) GLOBAL_UNCERTAINTY_ASSIGNED_CONTEXT ( ( #7489 ) ) GLOBAL_UNIT_ASSIGNED_CONTEXT ( ( #9707, #6478, #3122 ) ) REPRESENTATION_CONTEXT ( 'NONE', 'WORKASPACE' ) );
#5396 = CARTESIAN_POINT ( 'NONE',  ( 0.0000000000000000000, 0.0000000000000000000, 2.790000000000000036 ) ) ;
#5397 = VERTEX_POINT ( 'NONE', #8623 ) ;
#5398 = VECTOR ( 'NONE', #2304, 1000.000000000000000 ) ;
#5399 = CARTESIAN_POINT ( 'NONE',  ( 1.394212631594722085, 2.750000000000000000, 2.399999999999999911 ) ) ;
#5400 = CARTESIAN_POINT ( 'NONE',  ( 2.258145803812319663, -1.817914402066574953, 0.8035727779269710158 ) ) ;
#5401 = CARTESIAN_POINT ( 'NONE',  ( -2.500000000000000000, -2.000000000000000000, 0.9130914106034929700 ) ) ;
#5402 = CARTESIAN_POINT ( 'NONE',  ( -2.579999999999999627, 2.799999999999999822, 0.1000000000000000056 ) ) ;
#5403 = CARTESIAN_POINT ( 'NONE',  ( 2.799614232165175132, -0.1132133058026614097, 2.126836632399065063 ) ) ;
#5404 = CARTESIAN_POINT ( 'NONE',  ( 2.506653190608294945, -2.822564800756489856, 0.4943358802422119780 ) ) ;
#5405 = CARTESIAN_POINT ( 'NONE',  ( 0.02556818181818214936, -1.562168320316460024, 2.799999999999999822 ) ) ;
#5406 = CIRCLE ( 'NONE', #4720, 0.2000000000000000944 ) ;
#5407 = ADVANCED_FACE ( 'NONE', ( #3896 ), #435, .F. ) ;
#5408 = CARTESIAN_POINT ( 'NONE',  ( -2.377276444548729994, 1.966391471844625150, 0.6667930488353710494 ) ) ;
#5409 = ORIENTED_EDGE ( 'NONE', *, *, #2174, .F. ) ;
#5410 = CYLINDRICAL_SURFACE ( 'NONE', #3789, 0.2000000000000000944 ) ;
#5411 = EDGE_LOOP ( 'NONE', ( #7220, #6873, #6974, #4280 ) ) ;
#5412 = CARTESIAN_POINT ( 'NONE',  ( 0.2464285714285714968, 0.6413219394237980042, 2.799999999999999822 ) ) ;
#5413 = CARTESIAN_POINT ( 'NONE',  ( 2.437013137616274250, 2.657037180759330042, 0.1000000000000000194 ) ) ;
#5414 = CARTESIAN_POINT ( 'NONE',  ( -2.500000000000000444, -2.004042072423529941, 0.1115127683155178739 ) ) ;
#5415 = DIRECTION ( 'NONE',  ( 0.0000000000000000000, 0.0000000000000000000, 1.000000000000000000 ) ) ;
#5416 = FILL_AREA_STYLE ('',( #428 ) ) ;
#5417 = CARTESIAN_POINT ( 'NONE',  ( -2.386964792605075214, 2.004042074047624578, 0.6500063205291333190 ) ) ;
#5418 = CARTESIAN_POINT ( 'NONE',  ( 2.512795384593945247, 2.756836149241414624, 0.4886703376753870898 ) ) ;
#5419 = CARTESIAN_POINT ( 'NONE',  ( -2.799614232161160121, -0.1113124347964516009, 2.126836632393594773 ) ) ;
#5420 = CARTESIAN_POINT ( 'NONE',  ( 0.5999999999999999778, -2.169717021615165109, 2.790000000000000036 ) ) ;
#5421 = ADVANCED_FACE ( 'NONE', ( #1429 ), #8786, .F. ) ;
#5422 =( GEOMETRIC_REPRESENTATION_CONTEXT ( 3 ) GLOBAL_UNCERTAINTY_ASSIGNED_CONTEXT ( ( #8041 ) ) GLOBAL_UNIT_ASSIGNED_CONTEXT ( ( #180, #6715, #4390 ) ) REPRESENTATION_CONTEXT ( 'NONE', 'WORKASPACE' ) );
#5423 = LINE ( 'NONE', #6154, #10175 ) ;
#5424 = ORIENTED_EDGE ( 'NONE', *, *, #7523, .F. ) ;
#5425 = CARTESIAN_POINT ( 'NONE',  ( -2.677002624343355119, -2.053138005984305181, 0.3864410810002315011 ) ) ;
#5426 = CARTESIAN_POINT ( 'NONE',  ( -2.518416291552365127, -1.980156952111625124, 0.4943278632907910919 ) ) ;
#5427 = PRESENTATION_STYLE_ASSIGNMENT (( #9603 ) ) ;
#5428 = PLANE ( 'NONE',  #3977 ) ;
#5429 = ORIENTED_EDGE ( 'NONE', *, *, #1069, .T. ) ;
#5430 = CARTESIAN_POINT ( 'NONE',  ( -2.307470218080879931, -2.019630526772300261, 0.7475078955716900619 ) ) ;
#5431 = CARTESIAN_POINT ( 'NONE',  ( -2.399523619776104955, 1.804663465823139967, 2.121824107313834862 ) ) ;
#5432 = DIRECTION ( 'NONE',  ( 1.000000000000000000, 0.0000000000000000000, 0.0000000000000000000 ) ) ;
#5433 = FILL_AREA_STYLE ('',( #9550 ) ) ;
#5434 = UNCERTAINTY_MEASURE_WITH_UNIT (LENGTH_MEASURE( 1.000000000000000082E-05 ), #8246, 'distance_accuracy_value', 'NONE');
#5435 = DIRECTION ( 'NONE',  ( 0.0000000000000000000, 1.000000000000000000, 0.0000000000000000000 ) ) ;
#5436 = SURFACE_STYLE_USAGE ( .BOTH. , #7755 ) ;
#5437 = ORIENTED_EDGE ( 'NONE', *, *, #2287, .F. ) ;
#5438 =( NAMED_UNIT ( * ) SI_UNIT ( $, .STERADIAN. ) SOLID_ANGLE_UNIT ( ) );
#5439 = CARTESIAN_POINT ( 'NONE',  ( -2.213661367544139669, 0.7945253413845109192, 1.463172290580813995 ) ) ;
#5440 = ORIENTED_EDGE ( 'NONE', *, *, #3642, .F. ) ;
#5441 = ORIENTED_EDGE ( 'NONE', *, *, #4552, .T. ) ;
#5442 = CARTESIAN_POINT ( 'NONE',  ( -3.000000000000000000, -1.625735931288069924, 2.700000000000000178 ) ) ;
#5443 = CARTESIAN_POINT ( 'NONE',  ( 2.500000000000000000, 2.813619399608419780, 0.5000000000000000000 ) ) ;
#5444 = CARTESIAN_POINT ( 'NONE',  ( 2.910184531966510058, 0.3583407402099239580, 0.4829534852983290438 ) ) ;
#5445 = LINE ( 'NONE', #4683, #8530 ) ;
#5446 = ORIENTED_EDGE ( 'NONE', *, *, #4952, .T. ) ;
#5447 = CARTESIAN_POINT ( 'NONE',  ( -2.519193076890835048, -2.765399666546829671, 0.4830055065138820214 ) ) ;
#5448 = DIRECTION ( 'NONE',  ( -0.5858245293447210678, -0.8104379191634829560, 0.0000000000000000000 ) ) ;
#5449 = ADVANCED_FACE ( 'NONE', ( #2900 ), #3399, .T. ) ;
#5450 = UNCERTAINTY_MEASURE_WITH_UNIT (LENGTH_MEASURE( 1.000000000000000082E-05 ), #10133, 'distance_accuracy_value', 'NONE');
#5451 = ORIENTED_EDGE ( 'NONE', *, *, #7009, .F. ) ;
#5452 = LINE ( 'NONE', #2113, #4516 ) ;
#5453 = EDGE_LOOP ( 'NONE', ( #731, #6987, #1678, #4840 ) ) ;
#5454 = CARTESIAN_POINT ( 'NONE',  ( -1.918062981879375073, 2.748290566000604951, 2.399999999999999911 ) ) ;
#5455 = CARTESIAN_POINT ( 'NONE',  ( 1.976660526382919780, -2.735515474110040035, 2.399999999999999911 ) ) ;
#5456 = PLANE ( 'NONE',  #7624 ) ;
#5457 = SURFACE_STYLE_USAGE ( .BOTH. , #8761 ) ;
#5458 = FACE_OUTER_BOUND ( 'NONE', #9240, .T. ) ;
#5459 = CARTESIAN_POINT ( 'NONE',  ( 2.777436754495669735, -0.6814065518171319447, 2.126177352510480123 ) ) ;
#5460 = CARTESIAN_POINT ( 'NONE',  ( 2.500000000000000000, -2.739709114629715003, 0.5000000000000000000 ) ) ;
#5461 = DIRECTION ( 'NONE',  ( 1.000000000000000000, 0.0000000000000000000, 0.0000000000000000000 ) ) ;
#5462 = FILL_AREA_STYLE ('',( #2123 ) ) ;
#5463 = CARTESIAN_POINT ( 'NONE',  ( 0.4684256701484629803, -1.879972491960784975, 2.790000000000000036 ) ) ;
#5464 = EDGE_LOOP ( 'NONE', ( #3805, #688, #3684, #3475 ) ) ;
#5465 = DIRECTION ( 'NONE',  ( -1.000000000000000000, 0.0000000000000000000, 0.0000000000000000000 ) ) ;
#5466 = ORIENTED_EDGE ( 'NONE', *, *, #9523, .F. ) ;
#5467 = ADVANCED_FACE ( 'NONE', ( #3845 ), #10530, .T. ) ;
#5468 = CARTESIAN_POINT ( 'NONE',  ( 0.1822658279807364834, 0.5933887589377769833, 2.790000000000000036 ) ) ;
#5469 = CARTESIAN_POINT ( 'NONE',  ( -0.4892917872147509728, -0.2625824433251295331, 2.790000000000000036 ) ) ;
#5470 = CARTESIAN_POINT ( 'NONE',  ( -2.500000000000000000, -1.971589055004625113, 0.2044777508500409957 ) ) ;
#5471 = CARTESIAN_POINT ( 'NONE',  ( -2.600000000000000089, -2.030452379896435566, 0.3674621669475531260 ) ) ;
#5472 = CARTESIAN_POINT ( 'NONE',  ( -1.765698779334879731, 2.004042074047625022, 0.6999999999999999556 ) ) ;
#5473 = DIRECTION ( 'NONE',  ( -1.000000000000000000, 0.0000000000000000000, 0.0000000000000000000 ) ) ;
#5474 = CARTESIAN_POINT ( 'NONE',  ( 2.681866455437455166, 2.068133544562544834, 2.399999999999999911 ) ) ;
#5475 = CARTESIAN_POINT ( 'NONE',  ( -2.458671371101389891, -1.439077585062025877, 0.8037871167018709739 ) ) ;
#5476 =( GEOMETRIC_REPRESENTATION_CONTEXT ( 3 ) GLOBAL_UNCERTAINTY_ASSIGNED_CONTEXT ( ( #615 ) ) GLOBAL_UNIT_ASSIGNED_CONTEXT ( ( #2146, #6380, #8134 ) ) REPRESENTATION_CONTEXT ( 'NONE', 'WORKASPACE' ) );
#5477 = SURFACE_SIDE_STYLE ('',( #3779 ) ) ;
#5478 = VERTEX_POINT ( 'NONE', #1377 ) ;
#5479 = CARTESIAN_POINT ( 'NONE',  ( 0.0000000000000000000, 1.800000000000000044, 2.790000000000000036 ) ) ;
#5480 = CARTESIAN_POINT ( 'NONE',  ( -2.594081101690389968, -1.857837385306595035, 0.4943266888699190398 ) ) ;
#5481 = EDGE_CURVE ( 'NONE', #9795, #4506, #5423, .T. ) ;
#5482 = FACE_OUTER_BOUND ( 'NONE', #5595, .T. ) ;
#5483 = CARTESIAN_POINT ( 'NONE',  ( -0.2726693823799065108, 0.6999443788406309874, 2.790000000000000036 ) ) ;
#5484 = ORIENTED_EDGE ( 'NONE', *, *, #1895, .T. ) ;
#5485 = CARTESIAN_POINT ( 'NONE',  ( -2.307590521992549881, -2.005486415540854939, 0.7499843848101559463 ) ) ;
#5486 = CARTESIAN_POINT ( 'NONE',  ( -2.500000000000000000, 2.739709114629715003, 0.5000000000000000000 ) ) ;
#5487 = CARTESIAN_POINT ( 'NONE',  ( 0.2016960644758679921, -0.5147010146022549248, 2.790000000000000036 ) ) ;
#5488 = ADVANCED_FACE ( 'NONE', ( #3067 ), #6374, .T. ) ;
#5489 = CARTESIAN_POINT ( 'NONE',  ( -2.414282326247679578, 2.004042074047625022, 0.7500000000000000000 ) ) ;
#5490 = CARTESIAN_POINT ( 'NONE',  ( -2.500000000000000000, 2.004042075671720990, 0.1115127683155178462 ) ) ;
#5491 = PRESENTATION_LAYER_ASSIGNMENT (  '', '', ( #8772 ) ) ;
#5492 = VERTEX_POINT ( 'NONE', #6435 ) ;
#5493 = CARTESIAN_POINT ( 'NONE',  ( -2.903774920883254840, 0.7164659636156549549, 0.4943190865082040530 ) ) ;
#5494 = EDGE_CURVE ( 'NONE', #10285, #9524, #2517, .T. ) ;
#5495 = ORIENTED_EDGE ( 'NONE', *, *, #4822, .T. ) ;
#5496 = LINE ( 'NONE', #8698, #7982 ) ;
#5497 = CARTESIAN_POINT ( 'NONE',  ( 1.858962551822340048, 2.304846004904474999, 2.118939412575084891 ) ) ;
#5498 = CYLINDRICAL_SURFACE ( 'NONE', #3844, 0.02000000000000001082 ) ;
#5499 = CARTESIAN_POINT ( 'NONE',  ( -2.513306381221380281, -2.831510201905059532, 0.4886717604845350338 ) ) ;
#5500 = FILL_AREA_STYLE_COLOUR ( '', #7113 ) ;
#5501 = EDGE_LOOP ( 'NONE', ( #2884, #3250, #7862, #2685 ) ) ;
#5502 = CARTESIAN_POINT ( 'NONE',  ( -2.428341935635264459, 2.918549671314384586, 0.4886743607843090365 ) ) ;
#5503 = EDGE_CURVE ( 'NONE', #2978, #3300, #712, .T. ) ;
#5504 =( GEOMETRIC_REPRESENTATION_CONTEXT ( 3 ) GLOBAL_UNCERTAINTY_ASSIGNED_CONTEXT ( ( #2376 ) ) GLOBAL_UNIT_ASSIGNED_CONTEXT ( ( #183, #8097, #2979 ) ) REPRESENTATION_CONTEXT ( 'NONE', 'WORKASPACE' ) );
#5505 = CARTESIAN_POINT ( 'NONE',  ( 2.174790356244085121, -2.022494745265550176, 2.120596060564154950 ) ) ;
#5506 = FACE_OUTER_BOUND ( 'NONE', #2636, .T. ) ;
#5507 = DIRECTION ( 'NONE',  ( -0.4999999999999997780, -0.4999999999999990563, 0.7071067811865483499 ) ) ;
#5508 = CARTESIAN_POINT ( 'NONE',  ( 2.722683473051674685, 0.1007198102566269904, 0.8042050947339319800 ) ) ;
#5509 = CARTESIAN_POINT ( 'NONE',  ( 2.504325507818100149, -2.059026044851580028, 0.4943286264339740721 ) ) ;
#5510 = DIRECTION ( 'NONE',  ( 1.000000000000000000, 0.0000000000000000000, 0.0000000000000000000 ) ) ;
#5511 = LINE ( 'NONE', #6418, #9327 ) ;
#5512 = CARTESIAN_POINT ( 'NONE',  ( 0.5541885429659989537, -1.943190152211860200, 2.799999999999999822 ) ) ;
#5513 = CARTESIAN_POINT ( 'NONE',  ( -2.368517945364215116, 1.958191085632144723, 0.6794306910873929573 ) ) ;
#5514 = EDGE_CURVE ( 'NONE', #2071, #8972, #4001, .T. ) ;
#5515 = ORIENTED_EDGE ( 'NONE', *, *, #245, .F. ) ;
#5516 =( NAMED_UNIT ( * ) SI_UNIT ( $, .STERADIAN. ) SOLID_ANGLE_UNIT ( ) );
#5517 = VERTEX_POINT ( 'NONE', #8234 ) ;
#5518 = CARTESIAN_POINT ( 'NONE',  ( 0.2016960644758674925, 0.6073769074756670827, 2.799999999999999822 ) ) ;
#5519 = CARTESIAN_POINT ( 'NONE',  ( -0.3485302928463295258, -0.3666504984521389843, 2.799999999999999822 ) ) ;
#5520 = CARTESIAN_POINT ( 'NONE',  ( -2.500000000000000000, -1.999271564189979866, 0.2169632091145635988 ) ) ;
#5521 = DIRECTION ( 'NONE',  ( 0.0000000000000000000, 0.0000000000000000000, 1.000000000000000000 ) ) ;
#5522 = CARTESIAN_POINT ( 'NONE',  ( 2.087867965644039536, -2.662132034355964905, 2.700000000000000178 ) ) ;
#5523 = AXIS2_PLACEMENT_3D ( 'NONE', #4651, #7960, #3008 ) ;
#5524 = CARTESIAN_POINT ( 'NONE',  ( 2.414079633698734906, 2.335920366301274864, 2.399999999999999911 ) ) ;
#5525 = CARTESIAN_POINT ( 'NONE',  ( -2.887694824517274661, -1.491532136602929937, 0.4943237783707319921 ) ) ;
#5526 =( NAMED_UNIT ( * ) PLANE_ANGLE_UNIT ( ) SI_UNIT ( $, .RADIAN. ) );
#5527 = COLOUR_RGB ( '',0.2980392156862745057, 0.2980392156862745057, 0.2980392156862745057 ) ;
#5528 = CARTESIAN_POINT ( 'NONE',  ( -2.414282326247679578, -2.004042074047625022, 0.4249999999999999889 ) ) ;
#5529 = ORIENTED_EDGE ( 'NONE', *, *, #5503, .F. ) ;
#5530 = CARTESIAN_POINT ( 'NONE',  ( -2.699764601528735319, -2.052633053314765199, 0.3864410810002315011 ) ) ;
#5531 = CARTESIAN_POINT ( 'NONE',  ( -2.500000000000000000, -2.131172223287360001, 0.5000000000000000000 ) ) ;
#5532 = CARTESIAN_POINT ( 'NONE',  ( -0.3086466781300220008, 0.7264395458583020604, 2.790000000000000036 ) ) ;
#5533 = ORIENTED_EDGE ( 'NONE', *, *, #1502, .T. ) ;
#5534 = DIRECTION ( 'NONE',  ( -0.7071067811865474617, -0.7071067811865474617, 0.0000000000000000000 ) ) ;
#5535 = FACE_OUTER_BOUND ( 'NONE', #2690, .T. ) ;
#5536 = VECTOR ( 'NONE', #3403, 1000.000000000000000 ) ;
#5537 = CARTESIAN_POINT ( 'NONE',  ( -2.784823967674205036, 1.965176032325790301, 2.399999999999999911 ) ) ;
#5538 = CIRCLE ( 'NONE', #6734, 0.2000000000000000944 ) ;
#5539 = COLOUR_RGB ( '',0.8431372549019607865, 0.8156862745098039102, 0.7529411764705882248 ) ;
#5540 = SURFACE_SIDE_STYLE ('',( #4016 ) ) ;
#5541 = ADVANCED_FACE ( 'NONE', ( #9159 ), #3940, .F. ) ;
#5542 = UNCERTAINTY_MEASURE_WITH_UNIT (LENGTH_MEASURE( 1.000000000000000082E-05 ), #343, 'distance_accuracy_value', 'NONE');
#5543 = CARTESIAN_POINT ( 'NONE',  ( -2.500000000000000000, 2.006425380298281880, 0.1115119622799112115 ) ) ;
#5544 = CIRCLE ( 'NONE', #10583, 0.02000000000000005246 ) ;
#5545 = ORIENTED_EDGE ( 'NONE', *, *, #9666, .F. ) ;
#5546 = CARTESIAN_POINT ( 'NONE',  ( -2.601019822358364930, 1.232665626325562203, 0.8038699641214709368 ) ) ;
#5547 = EDGE_LOOP ( 'NONE', ( #7474, #415, #4572, #525 ) ) ;
#5548 = FILL_AREA_STYLE ('',( #2281 ) ) ;
#5549 = CARTESIAN_POINT ( 'NONE',  ( 2.462412036569634921, 2.920865421627034664, 0.4830107667254039949 ) ) ;
#5550 = CARTESIAN_POINT ( 'NONE',  ( -2.930759942095936044, -1.819240057892157703, 2.399999999999999911 ) ) ;
#5551 = VERTEX_POINT ( 'NONE', #7406 ) ;
#5552 = CARTESIAN_POINT ( 'NONE',  ( -2.415873556368010266, -2.899999999999999911, 0.5000000000000000000 ) ) ;
#5553 = CIRCLE ( 'NONE', #2434, 0.2999999999999999334 ) ;
#5554 = VECTOR ( 'NONE', #7800, 1000.000000000000000 ) ;
#5555 = AXIS2_PLACEMENT_3D ( 'NONE', #6327, #3854, #7152 ) ;
#5556 = EDGE_CURVE ( 'NONE', #2785, #5795, #3668, .T. ) ;
#5557 = ORIENTED_EDGE ( 'NONE', *, *, #348, .T. ) ;
#5558 = CARTESIAN_POINT ( 'NONE',  ( -1.539048788981600024, 1.549902671333154958, 1.456300410089290009 ) ) ;
#5559 =( GEOMETRIC_REPRESENTATION_CONTEXT ( 3 ) GLOBAL_UNCERTAINTY_ASSIGNED_CONTEXT ( ( #7934 ) ) GLOBAL_UNIT_ASSIGNED_CONTEXT ( ( #443, #8541, #3787 ) ) REPRESENTATION_CONTEXT ( 'NONE', 'WORKASPACE' ) );
#5560 = AXIS2_PLACEMENT_3D ( 'NONE', #366, #1192, #1027 ) ;
#5561 = CARTESIAN_POINT ( 'NONE',  ( 2.504843602053229645, -2.259622711692584662, 0.4943304893556929591 ) ) ;
#5562 = FACE_OUTER_BOUND ( 'NONE', #3676, .T. ) ;
#5563 = DIRECTION ( 'NONE',  ( 0.0000000000000000000, 1.000000000000000000, 0.0000000000000000000 ) ) ;
#5564 = CARTESIAN_POINT ( 'NONE',  ( 2.664069865506759616, 0.9053380947630459419, 0.8040254131267119408 ) ) ;
#5565 = CARTESIAN_POINT ( 'NONE',  ( 2.252571269120990038, -2.497428730879009962, 2.399999999999999911 ) ) ;
#5566 = DIRECTION ( 'NONE',  ( 0.0000000000000000000, 0.0000000000000000000, 1.000000000000000000 ) ) ;
#5567 =( NAMED_UNIT ( * ) SI_UNIT ( $, .STERADIAN. ) SOLID_ANGLE_UNIT ( ) );
#5568 = COLOUR_RGB ( '',0.8431372549019607865, 0.8156862745098039102, 0.7529411764705882248 ) ;
#5569 = EDGE_CURVE ( 'NONE', #5551, #9077, #3572, .T. ) ;
#5570 = AXIS2_PLACEMENT_3D ( 'NONE', #7678, #1791, #7561 ) ;
#5571 = FILL_AREA_STYLE_COLOUR ( '', #782 ) ;
#5572 = VERTEX_POINT ( 'NONE', #5672 ) ;
#5573 = DIRECTION ( 'NONE',  ( -1.000000000000000000, 0.0000000000000000000, 0.0000000000000000000 ) ) ;
#5574 = ORIENTED_EDGE ( 'NONE', *, *, #5743, .T. ) ;
#5575 = CARTESIAN_POINT ( 'NONE',  ( -2.460489005035973786, 2.603896332213383680, 0.1000000000000000056 ) ) ;
#5576 = SURFACE_SIDE_STYLE ('',( #8072 ) ) ;
#5577 =( LENGTH_UNIT ( ) NAMED_UNIT ( * ) SI_UNIT ( .MILLI., .METRE. ) );
#5578 = DIRECTION ( 'NONE',  ( -3.203166744464219909E-16, 1.000000000000000000, 0.0000000000000000000 ) ) ;
#5579 = CARTESIAN_POINT ( 'NONE',  ( 1.861057775551750115, 1.348554746565345797, 1.459536146894414133 ) ) ;
#5580 = DIRECTION ( 'NONE',  ( 0.0000000000000000000, 0.0000000000000000000, 1.000000000000000000 ) ) ;
#5581 = EDGE_CURVE ( 'NONE', #3459, #7708, #600, .T. ) ;
#5582 = SURFACE_STYLE_USAGE ( .BOTH. , #5477 ) ;
#5583 = ORIENTED_EDGE ( 'NONE', *, *, #2476, .T. ) ;
#5584 = DIRECTION ( 'NONE',  ( 1.000000000000000000, 0.0000000000000000000, 0.0000000000000000000 ) ) ;
#5585 = CARTESIAN_POINT ( 'NONE',  ( -2.784110154683235194, -1.965889845316764584, 2.399999999999999911 ) ) ;
#5586 = LINE ( 'NONE', #6214, #10051 ) ;
#5587 = CARTESIAN_POINT ( 'NONE',  ( 0.2737454707871014858, 0.5066438607409730066, 2.790000000000000036 ) ) ;
#5588 = CARTESIAN_POINT ( 'NONE',  ( 2.735355339059324820, -1.661091270347400117, 2.799999999999999822 ) ) ;
#5589 = ORIENTED_EDGE ( 'NONE', *, *, #4112, .F. ) ;
#5590 = CARTESIAN_POINT ( 'NONE',  ( 0.4684256701484629803, -0.7578945698828639665, 2.799999999999999822 ) ) ;
#5591 = DIRECTION ( 'NONE',  ( 0.0000000000000000000, 0.0000000000000000000, 1.000000000000000000 ) ) ;
#5592 = CARTESIAN_POINT ( 'NONE',  ( -2.317875059773235158, 1.633592598350019909, 0.8036921891934638573 ) ) ;
#5593 = CYLINDRICAL_SURFACE ( 'NONE', #5363, 0.2000000000000000944 ) ;
#5594 = CARTESIAN_POINT ( 'NONE',  ( 0.5999999999999999778, -0.03465208655022754963, 2.790000000000000036 ) ) ;
#5595 = EDGE_LOOP ( 'NONE', ( #9674, #2944, #4790, #2463 ) ) ;
#5596 = CARTESIAN_POINT ( 'NONE',  ( -2.612828320682564875, 1.201842935001814050, 0.8038801401601279872 ) ) ;
#5597 = COLOUR_RGB ( '',0.8431372549019607865, 0.8156862745098039102, 0.7529411764705882248 ) ;
#5598 = VERTEX_POINT ( 'NONE', #9060 ) ;
#5599 = PLANE ( 'NONE',  #3458 ) ;
#5600 =( GEOMETRIC_REPRESENTATION_CONTEXT ( 3 ) GLOBAL_UNCERTAINTY_ASSIGNED_CONTEXT ( ( #3247 ) ) GLOBAL_UNIT_ASSIGNED_CONTEXT ( ( #10212, #8413, #6663 ) ) REPRESENTATION_CONTEXT ( 'NONE', 'WORKASPACE' ) );
#5601 = EDGE_CURVE ( 'NONE', #3003, #5492, #6506, .T. ) ;
#5602 = CARTESIAN_POINT ( 'NONE',  ( 0.4532578487692970337, 2.608207906450254576, 2.113696463461700148 ) ) ;
#5603 = CARTESIAN_POINT ( 'NONE',  ( -0.6014163954058988626, -2.899999999999999911, 0.5000000000000000000 ) ) ;
#5604 = CARTESIAN_POINT ( 'NONE',  ( 0.1633928571428569787, 0.5823933679952270071, 2.790000000000000036 ) ) ;
#5605 = ORIENTED_EDGE ( 'NONE', *, *, #7815, .T. ) ;
#5606 = CARTESIAN_POINT ( 'NONE',  ( -2.474268881899800210, 2.870371900546480060, 0.5000000000000000000 ) ) ;
#5607 = CARTESIAN_POINT ( 'NONE',  ( 2.301369756597660299, -1.660304422956340176, 0.8036762491069640024 ) ) ;
#5608 =( NAMED_UNIT ( * ) PLANE_ANGLE_UNIT ( ) SI_UNIT ( $, .RADIAN. ) );
#5609 = EDGE_CURVE ( 'NONE', #7701, #7756, #6095, .T. ) ;
#5610 = CARTESIAN_POINT ( 'NONE',  ( -2.387132543382675554, -2.001145486927285333, 0.6500839726835729859 ) ) ;
#5611 = FILL_AREA_STYLE ('',( #2340 ) ) ;
#5612 = CARTESIAN_POINT ( 'NONE',  ( 2.906047044380169808, 1.470499506218789998, 0.4886471478052560324 ) ) ;
#5613 = CARTESIAN_POINT ( 'NONE',  ( 2.803655188150649735, -1.596365631157379950, 0.4943246186455330093 ) ) ;
#5614 = CARTESIAN_POINT ( 'NONE',  ( 2.643826238111394833, -1.945217202360755016, 0.5000000000000000000 ) ) ;
#5615 =( NAMED_UNIT ( * ) SI_UNIT ( $, .STERADIAN. ) SOLID_ANGLE_UNIT ( ) );
#5616 = CARTESIAN_POINT ( 'NONE',  ( 0.2737454707871019854, -1.737511983414869787, 2.790000000000000036 ) ) ;
#5617 =( LENGTH_UNIT ( ) NAMED_UNIT ( * ) SI_UNIT ( .MILLI., .METRE. ) );
#5618 = EDGE_LOOP ( 'NONE', ( #2128, #1644, #2328, #10391, #4477, #10754, #8176, #1443, #7682 ) ) ;
#5619 = ORIENTED_EDGE ( 'NONE', *, *, #9516, .T. ) ;
#5620 = FILL_AREA_STYLE_COLOUR ( '', #7088 ) ;
#5621 = DIRECTION ( 'NONE',  ( -1.000000000000000000, 0.0000000000000000000, 0.0000000000000000000 ) ) ;
#5622 = FILL_AREA_STYLE_COLOUR ( '', #8459 ) ;
#5623 = CARTESIAN_POINT ( 'NONE',  ( -2.399999999999999911, -3.000000000000000000, 0.5000000000000000000 ) ) ;
#5624 = ORIENTED_EDGE ( 'NONE', *, *, #4072, .F. ) ;
#5625 = DIRECTION ( 'NONE',  ( 1.000000000000000000, 0.0000000000000000000, 0.0000000000000000000 ) ) ;
#5626 = CARTESIAN_POINT ( 'NONE',  ( -2.574589024893939815, -2.175410975106065070, 2.399999999999999911 ) ) ;
#5627 = CARTESIAN_POINT ( 'NONE',  ( -2.731273227521600511, -1.980910342984760097, 0.3864410810002315011 ) ) ;
#5628 = CARTESIAN_POINT ( 'NONE',  ( -2.799999999999999822, 1.429843788128356108, 0.5000000000000000000 ) ) ;
#5629 = EDGE_CURVE ( 'NONE', #10219, #5119, #7565, .T. ) ;
#5630 = ORIENTED_EDGE ( 'NONE', *, *, #2433, .F. ) ;
#5631 = CARTESIAN_POINT ( 'NONE',  ( -2.320402491474804929, -2.046381965698609751, 0.7272750953975710697 ) ) ;
#5632 = CARTESIAN_POINT ( 'NONE',  ( 2.910192134279339982, -0.3618054548725734842, 0.4829535158290670371 ) ) ;
#5633 = CARTESIAN_POINT ( 'NONE',  ( -2.952305103597135272, 1.790418708218310062, 2.399999999999999911 ) ) ;
#5634 = CARTESIAN_POINT ( 'NONE',  ( 3.000000000000000000, 1.429843788128356108, 0.5000000000000000000 ) ) ;
#5635 = CYLINDRICAL_SURFACE ( 'NONE', #6038, 2.328125000000000000 ) ;
#5636 = UNCERTAINTY_MEASURE_WITH_UNIT (LENGTH_MEASURE( 1.000000000000000082E-05 ), #4050, 'distance_accuracy_value', 'NONE');
#5637 = LINE ( 'NONE', #10654, #6681 ) ;
#5638 = ORIENTED_EDGE ( 'NONE', *, *, #4142, .F. ) ;
#5639 =( NAMED_UNIT ( * ) PLANE_ANGLE_UNIT ( ) SI_UNIT ( $, .RADIAN. ) );
#5640 = CARTESIAN_POINT ( 'NONE',  ( -2.664069865509715029, -0.9053380947645309762, 0.8040254131193899090 ) ) ;
#5641 = ORIENTED_EDGE ( 'NONE', *, *, #3056, .F. ) ;
#5642 = MECHANICAL_DESIGN_GEOMETRIC_PRESENTATION_REPRESENTATION (  '', ( #1797 ), #5476 ) ;
#5643 = CARTESIAN_POINT ( 'NONE',  ( 1.809690044585305024, 2.906761638233155143, 0.4943419911255529930 ) ) ;
#5644 = CARTESIAN_POINT ( 'NONE',  ( -0.6025543909145509858, -2.903971508201365292, 0.4943484964475289289 ) ) ;
#5645 = ORIENTED_EDGE ( 'NONE', *, *, #4406, .T. ) ;
#5646 = FILL_AREA_STYLE_COLOUR ( '', #10610 ) ;
#5647 = ORIENTED_EDGE ( 'NONE', *, *, #8968, .F. ) ;
#5648 = CARTESIAN_POINT ( 'NONE',  ( -0.9278325049507379907, 2.750000000000000000, 2.399999999999999911 ) ) ;
#5649 = CARTESIAN_POINT ( 'NONE',  ( 2.552809863688535241, -1.898909564453510113, 0.5000000000000000000 ) ) ;
#5650 = CARTESIAN_POINT ( 'NONE',  ( -0.2112331112459769900, -1.588511712667280085, 2.799999999999999822 ) ) ;
#5651 = CARTESIAN_POINT ( 'NONE',  ( 2.450783891162831907, -2.625561476062410193, 0.1000000000000000194 ) ) ;
#5652 = CARTESIAN_POINT ( 'NONE',  ( 2.911424650503215084, 1.474964399801419912, 0.4829707217078839654 ) ) ;
#5653 = CARTESIAN_POINT ( 'NONE',  ( 2.750555127830119684, -1.999444872169884979, 2.399999999999999911 ) ) ;
#5654 = VECTOR ( 'NONE', #4414, 999.9999999999998863 ) ;
#5655 = CARTESIAN_POINT ( 'NONE',  ( 2.500000000000000000, 2.070156211871645446, 0.5000000000000000000 ) ) ;
#5656 = PRESENTATION_LAYER_ASSIGNMENT (  '', '', ( #433 ) ) ;
#5657 = VERTEX_POINT ( 'NONE', #7512 ) ;
#5658 = CARTESIAN_POINT ( 'NONE',  ( -2.735355339059324820, 1.661091270347400117, 2.799999999999999822 ) ) ;
#5659 = EDGE_CURVE ( 'NONE', #4165, #2858, #9370, .T. ) ;
#5660 = ORIENTED_EDGE ( 'NONE', *, *, #3599, .F. ) ;
#5661 = CARTESIAN_POINT ( 'NONE',  ( -0.4892917872147509728, -0.2625824433251295331, 2.799999999999999822 ) ) ;
#5662 = CARTESIAN_POINT ( 'NONE',  ( -0.5999999999999999778, -1.302346891745032043, 2.790000000000000036 ) ) ;
#5663 = DIRECTION ( 'NONE',  ( 0.0000000000000000000, 0.0000000000000000000, 1.000000000000000000 ) ) ;
#5664 = SURFACE_STYLE_FILL_AREA ( #2356 ) ;
#5665 = CARTESIAN_POINT ( 'NONE',  ( -0.5999999999999999778, 0.01210116020301920010, 2.790000000000000036 ) ) ;
#5666 = CARTESIAN_POINT ( 'NONE',  ( 0.0000000000000000000, 0.0000000000000000000, 0.09000000000000001055 ) ) ;
#5667 = STYLED_ITEM ( 'NONE', ( #6167 ), #5933 ) ;
#5668 = VECTOR ( 'NONE', #7571, 1000.000000000000000 ) ;
#5669 = FILL_AREA_STYLE_COLOUR ( '', #4319 ) ;
#5670 = EDGE_CURVE ( 'NONE', #8481, #6553, #248, .T. ) ;
#5671 =( BOUNDED_CURVE ( )  B_SPLINE_CURVE ( 3, ( #7121, #6295, #2291, #8934 ),
 .UNSPECIFIED., .F., .F. ) 
 B_SPLINE_CURVE_WITH_KNOTS ( ( 4, 4 ),
 ( 4.023053446622640195, 4.634047730857900227 ),
 .UNSPECIFIED. ) 
 CURVE ( )  GEOMETRIC_REPRESENTATION_ITEM ( )  RATIONAL_B_SPLINE_CURVE ( ( 1.000000000000000000, 0.9691316975447150650, 0.9691316975447150650, 1.000000000000000000 ) ) 
 REPRESENTATION_ITEM ( '' )  );
#5672 = CARTESIAN_POINT ( 'NONE',  ( 0.02897727272727309775, -1.756973515121655005, 2.790000000000000036 ) ) ;
#5673 = COLOUR_RGB ( '',0.5372549019607842924, 0.3490196078431372362, 0.3372549019607843368 ) ;
#5674 = VERTEX_POINT ( 'NONE', #3440 ) ;
#5675 = CARTESIAN_POINT ( 'NONE',  ( -2.500000000000000000, -2.813619399608419780, 0.5000000000000000000 ) ) ;
#5676 = VECTOR ( 'NONE', #1088, 1000.000000000000000 ) ;
#5677 = CARTESIAN_POINT ( 'NONE',  ( -2.721141307462734638, -1.967635701457335129, 0.3864410810002315011 ) ) ;
#5678 = SURFACE_SIDE_STYLE ('',( #7252 ) ) ;
#5679 = CARTESIAN_POINT ( 'NONE',  ( -0.5807795887813811397, -1.316736101868462017, 2.790000000000000036 ) ) ;
#5680 = ORIENTED_EDGE ( 'NONE', *, *, #1660, .T. ) ;
#5681 = CARTESIAN_POINT ( 'NONE',  ( -2.500000000000000000, -2.070156211871640117, 0.5000000000000000000 ) ) ;
#5682 = CARTESIAN_POINT ( 'NONE',  ( 2.815672260149834738, 1.603326987380714996, 0.4829736931798380151 ) ) ;
#5683 = CARTESIAN_POINT ( 'NONE',  ( -2.839759803283409934, 1.910240196716599836, 2.399999999999999911 ) ) ;
#5684 = CARTESIAN_POINT ( 'NONE',  ( 0.2386309232327600005, -0.4871067217318140186, 2.799999999999999822 ) ) ;
#5685 = DIRECTION ( 'NONE',  ( -1.000000000000000000, 0.0000000000000000000, 0.0000000000000000000 ) ) ;
#5686 =( GEOMETRIC_REPRESENTATION_CONTEXT ( 3 ) GLOBAL_UNCERTAINTY_ASSIGNED_CONTEXT ( ( #9121 ) ) GLOBAL_UNIT_ASSIGNED_CONTEXT ( ( #3548, #6848, #1848 ) ) REPRESENTATION_CONTEXT ( 'NONE', 'WORKASPACE' ) );
#5687 = AXIS2_PLACEMENT_3D ( 'NONE', #1783, #7665, #6887 ) ;
#5688 = EDGE_CURVE ( 'NONE', #9161, #5657, #1442, .T. ) ;
#5689 = LINE ( 'NONE', #4019, #3568 ) ;
#5690 = ORIENTED_EDGE ( 'NONE', *, *, #7374, .F. ) ;
#5691 = CARTESIAN_POINT ( 'NONE',  ( -2.907547450889754526, -0.7171788776647011199, 0.4886380736929630819 ) ) ;
#5692 = AXIS2_PLACEMENT_3D ( 'NONE', #8894, #5351, #5465 ) ;
#5693 = ORIENTED_EDGE ( 'NONE', *, *, #931, .T. ) ;
#5694 = CARTESIAN_POINT ( 'NONE',  ( -3.000000000000000000, 1.429843788128356108, 0.5000000000000000000 ) ) ;
#5695 = STYLED_ITEM ( 'NONE', ( #5989 ), #1344 ) ;
#5696 = CARTESIAN_POINT ( 'NONE',  ( 1.813745466158054986, 2.913523276466310374, 0.4886839822511060416 ) ) ;
#5697 = CARTESIAN_POINT ( 'NONE',  ( 0.0000000000000000000, -2.699736777583944924, 0.8025108550506721006 ) ) ;
#5698 = AXIS2_PLACEMENT_3D ( 'NONE', #1583, #8282, #9924 ) ;
#5699 = EDGE_CURVE ( 'NONE', #2751, #1430, #3384, .T. ) ;
#5700 = CIRCLE ( 'NONE', #3969, 0.1499999999999999667 ) ;
#5701 = AXIS2_PLACEMENT_3D ( 'NONE', #2129, #8837, #8775 ) ;
#5702 = DIRECTION ( 'NONE',  ( 0.0000000000000000000, 1.000000000000000000, 0.0000000000000000000 ) ) ;
#5703 = VERTEX_POINT ( 'NONE', #1956 ) ;
#5704 = CARTESIAN_POINT ( 'NONE',  ( -2.502744041586359991, 2.021407763775580069, 0.5000000000000000000 ) ) ;
#5705 = CARTESIAN_POINT ( 'NONE',  ( 2.839759803283405049, -1.910240196716590066, 2.399999999999999911 ) ) ;
#5706 = FILL_AREA_STYLE ('',( #3201 ) ) ;
#5707 = CARTESIAN_POINT ( 'NONE',  ( 2.474345596219860166, -2.550000000000000266, 0.1000000000000000056 ) ) ;
#5708 =( GEOMETRIC_REPRESENTATION_CONTEXT ( 3 ) GLOBAL_UNCERTAINTY_ASSIGNED_CONTEXT ( ( #8927 ) ) GLOBAL_UNIT_ASSIGNED_CONTEXT ( ( #4829, #662, #2478 ) ) REPRESENTATION_CONTEXT ( 'NONE', 'WORKASPACE' ) );
#5709 = CARTESIAN_POINT ( 'NONE',  ( 2.914981655555239914, 1.322362198675895995, 0.4829674192578140013 ) ) ;
#5710 = CARTESIAN_POINT ( 'NONE',  ( 2.502744041586359991, -2.021407763775584510, 0.5000000000000000000 ) ) ;
#5711 = AXIS2_PLACEMENT_3D ( 'NONE', #3065, #6317, #5580 ) ;
#5712 = CARTESIAN_POINT ( 'NONE',  ( 0.2464285714285714968, -1.602833904732045012, 2.799999999999999822 ) ) ;
#5713 = AXIS2_PLACEMENT_3D ( 'NONE', #1073, #9254, #8434 ) ;
#5714 = CARTESIAN_POINT ( 'NONE',  ( -2.888842628547434899, -1.476764338265059928, 0.5000000000000000000 ) ) ;
#5715 = SURFACE_SIDE_STYLE ('',( #9917 ) ) ;
#5716 = VECTOR ( 'NONE', #7894, 1000.000000000000000 ) ;
#5717 = VERTEX_POINT ( 'NONE', #9213 ) ;
#5718 = COLOUR_RGB ( '',0.8431372549019607865, 0.8156862745098039102, 0.7529411764705882248 ) ;
#5719 = DIRECTION ( 'NONE',  ( -5.451252396351150003E-12, 7.508278481128410633E-12, 1.000000000000000000 ) ) ;
#5720 = ORIENTED_EDGE ( 'NONE', *, *, #8615, .F. ) ;
#5721 = FILL_AREA_STYLE ('',( #753 ) ) ;
#5722 = CARTESIAN_POINT ( 'NONE',  ( -1.149999999999999911, -3.010000000000000231, 0.3499999999999999778 ) ) ;
#5723 = CARTESIAN_POINT ( 'NONE',  ( -2.500000000000000000, 1.962735431406800179, 0.1941848830952009886 ) ) ;
#5724 = FILL_AREA_STYLE_COLOUR ( '', #9551 ) ;
#5725 = CARTESIAN_POINT ( 'NONE',  ( 1.875735931288069924, 2.449999999999999734, 2.700000000000000178 ) ) ;
#5726 = EDGE_CURVE ( 'NONE', #2325, #1598, #6692, .T. ) ;
#5727 = AXIS2_PLACEMENT_3D ( 'NONE', #3391, #9380, #53 ) ;
#5728 = VECTOR ( 'NONE', #651, 1000.000000000000000 ) ;
#5729 = CARTESIAN_POINT ( 'NONE',  ( 0.02556818181818194813, -0.4400903982385390156, 2.790000000000000036 ) ) ;
#5730 = CARTESIAN_POINT ( 'NONE',  ( -2.500000000000000000, -2.035803928021575171, 0.1233256922286996016 ) ) ;
#5731 = ORIENTED_EDGE ( 'NONE', *, *, #4072, .T. ) ;
#5732 = CARTESIAN_POINT ( 'NONE',  ( -2.505391773722095206, -2.443393375353735131, 0.4943322382521870839 ) ) ;
#5733 = CARTESIAN_POINT ( 'NONE',  ( -2.690739395142744961, -1.954213194047029978, 0.3864410810002315011 ) ) ;
#5734 = CARTESIAN_POINT ( 'NONE',  ( 0.5541885429659979545, 0.3009656919439829825, 2.790000000000000036 ) ) ;
#5735 = CARTESIAN_POINT ( 'NONE',  ( -0.3485302928463295258, -1.488728420530059937, 2.790000000000000036 ) ) ;
#5736 = VERTEX_POINT ( 'NONE', #10185 ) ;
#5737 = DIRECTION ( 'NONE',  ( 1.000000000000000000, 2.794185464660644935E-16, 0.0000000000000000000 ) ) ;
#5738 =( NAMED_UNIT ( * ) PLANE_ANGLE_UNIT ( ) SI_UNIT ( $, .RADIAN. ) );
#5739 = EDGE_CURVE ( 'NONE', #9524, #8910, #5141, .T. ) ;
#5740 = CARTESIAN_POINT ( 'NONE',  ( 2.863323362174334807, 1.533065447350600019, 0.4886481291991619513 ) ) ;
#5741 = CARTESIAN_POINT ( 'NONE',  ( -2.570789398396934988, 1.277829734985850063, 0.8038519756808879535 ) ) ;
#5742 = DIRECTION ( 'NONE',  ( 1.000000000000000000, 0.0000000000000000000, 0.0000000000000000000 ) ) ;
#5743 = EDGE_CURVE ( 'NONE', #2245, #10781, #4445, .T. ) ;
#5744 = VECTOR ( 'NONE', #902, 1000.000000000000000 ) ;
#5745 = UNCERTAINTY_MEASURE_WITH_UNIT (LENGTH_MEASURE( 1.000000000000000082E-05 ), #3898, 'distance_accuracy_value', 'NONE');
#5746 = CARTESIAN_POINT ( 'NONE',  ( -2.878086880944305204, -1.492313292883800102, 0.5000000000000000000 ) ) ;
#5747 = VERTEX_POINT ( 'NONE', #4476 ) ;
#5748 = DIRECTION ( 'NONE',  ( 0.0000000000000000000, 0.0000000000000000000, -1.000000000000000000 ) ) ;
#5749 = CARTESIAN_POINT ( 'NONE',  ( -2.722683473054984926, 0.1024397921024808034, 0.8042050947282509687 ) ) ;
#5750 = ORIENTED_EDGE ( 'NONE', *, *, #8559, .F. ) ;
#5751 = LINE ( 'NONE', #3552, #2255 ) ;
#5752 = CARTESIAN_POINT ( 'NONE',  ( -0.1798682869810880047, 2.699736777569939683, 0.8025108550718229594 ) ) ;
#5753 = CARTESIAN_POINT ( 'NONE',  ( -0.4000000000000000222, 1.800000000000000044, 2.790000000000000036 ) ) ;
#5754 = CARTESIAN_POINT ( 'NONE',  ( -2.799999999999999822, 1.429843788128356108, 0.5000000000000000000 ) ) ;
#5755 = AXIS2_PLACEMENT_3D ( 'NONE', #68, #2692, #5112 ) ;
#5756 = CARTESIAN_POINT ( 'NONE',  ( 0.5100350800582691413, -1.910475429277699977, 2.799999999999999822 ) ) ;
#5757 = ORIENTED_EDGE ( 'NONE', *, *, #2498, .F. ) ;
#5758 = CARTESIAN_POINT ( 'NONE',  ( -2.681866455437460051, 2.068133544562544834, 2.399999999999999911 ) ) ;
#5759 = CARTESIAN_POINT ( 'NONE',  ( 2.511309213653924566, -2.032212303713804680, 0.4886566389970140034 ) ) ;
#5760 = CARTESIAN_POINT ( 'NONE',  ( -0.1463446132156273893, -1.634313628761324910, 2.799999999999999822 ) ) ;
#5761 = CARTESIAN_POINT ( 'NONE',  ( -0.5999999999999999778, 0.9418089524108110844, 2.790000000000000036 ) ) ;
#5762 = ADVANCED_FACE ( 'NONE', ( #3763 ), #1196, .T. ) ;
#5763 = CARTESIAN_POINT ( 'NONE',  ( 2.899083827932119828, 1.446128073294630001, 0.5000000000000000000 ) ) ;
#5764 = CARTESIAN_POINT ( 'NONE',  ( 2.727109065353699791, -1.702616006829110074, 0.4886507561783750009 ) ) ;
#5765 = DIRECTION ( 'NONE',  ( 0.0000000000000000000, 0.0000000000000000000, 1.000000000000000000 ) ) ;
#5766 = CARTESIAN_POINT ( 'NONE',  ( -2.679458114943045199, -1.431002296730973899, 2.123852666380754872 ) ) ;
#5767 = FILL_AREA_STYLE ('',( #4140 ) ) ;
#5768 = ORIENTED_EDGE ( 'NONE', *, *, #2999, .T. ) ;
#5769 = SURFACE_STYLE_USAGE ( .BOTH. , #860 ) ;
#5770 = ORIENTED_EDGE ( 'NONE', *, *, #9766, .T. ) ;
#5771 = CARTESIAN_POINT ( 'NONE',  ( 0.5541885429659979545, -0.8211122301339389695, 2.799999999999999822 ) ) ;
#5772 = CARTESIAN_POINT ( 'NONE',  ( -2.414282326247679578, 2.004042074047625022, 0.4249999999999999889 ) ) ;
#5773 = DIRECTION ( 'NONE',  ( -0.5858245293447210678, -0.8104379191634829560, 0.0000000000000000000 ) ) ;
#5774 = CARTESIAN_POINT ( 'NONE',  ( 0.2464285714285714968, -0.4807559826541240033, 2.799999999999999822 ) ) ;
#5775 = LINE ( 'NONE', #4976, #2261 ) ;
#5776 = CARTESIAN_POINT ( 'NONE',  ( 0.2998446361318240494, 0.4879533518103890133, 2.790000000000000036 ) ) ;
#5777 = CARTESIAN_POINT ( 'NONE',  ( -2.500000000000000000, -2.023787640524374876, 0.1153995267486128129 ) ) ;
#5778 = EDGE_CURVE ( 'NONE', #2485, #2699, #4584, .T. ) ;
#5779 = ORIENTED_EDGE ( 'NONE', *, *, #7398, .F. ) ;
#5780 = SURFACE_STYLE_USAGE ( .BOTH. , #9880 ) ;
#5781 = CARTESIAN_POINT ( 'NONE',  ( -1.767096991610755063, -1.420831037904374039, 1.458599797004814125 ) ) ;
#5782 = DIRECTION ( 'NONE',  ( 0.0000000000000000000, 0.0000000000000000000, -1.000000000000000000 ) ) ;
#5783 = CARTESIAN_POINT ( 'NONE',  ( -0.2607954545454544970, 0.4796336277354870115, 2.790000000000000036 ) ) ;
#5784 = VERTEX_POINT ( 'NONE', #2125 ) ;
#5785 = CARTESIAN_POINT ( 'NONE',  ( -1.149999999999999911, -3.010000000000000231, 0.3499999999999999778 ) ) ;
#5786 = DIRECTION ( 'NONE',  ( 0.0000000000000000000, 0.0000000000000000000, 1.000000000000000000 ) ) ;
#5787 = CARTESIAN_POINT ( 'NONE',  ( 2.718847230587254860, 1.198420039275160054, 2.124740168226360471 ) ) ;
#5788 = CARTESIAN_POINT ( 'NONE',  ( -2.908801711673859813, 1.076670751520774072, 0.4886419928801040147 ) ) ;
#5789 = CARTESIAN_POINT ( 'NONE',  ( -2.320629144596275228, 2.046464136609499551, 0.7269970664207959787 ) ) ;
#5790 = CARTESIAN_POINT ( 'NONE',  ( -0.1321134603316795886, 0.5998234557979940096, 2.799999999999999822 ) ) ;
#5791 = ADVANCED_FACE ( 'NONE', ( #3884 ), #10349, .F. ) ;
#5792 = ORIENTED_EDGE ( 'NONE', *, *, #4564, .F. ) ;
#5793 = CARTESIAN_POINT ( 'NONE',  ( 2.799999999999999822, 2.070156211871640117, 0.5000000000000000000 ) ) ;
#5794 = CARTESIAN_POINT ( 'NONE',  ( -2.899999999999999911, -0.1181448750675205966, 0.5000000000000000000 ) ) ;
#5795 = VERTEX_POINT ( 'NONE', #8770 ) ;
#5796 = CARTESIAN_POINT ( 'NONE',  ( 1.149999999999999911, -2.674999999999999822, 0.1000000000000000056 ) ) ;
#5797 = EDGE_CURVE ( 'NONE', #2449, #7527, #1302, .T. ) ;
#5798 = CARTESIAN_POINT ( 'NONE',  ( -2.443292956658934756, 2.892897529844419946, 0.5000000000000000000 ) ) ;
#5799 = CARTESIAN_POINT ( 'NONE',  ( -0.3485302928463300254, 0.7554274236257839670, 2.790000000000000036 ) ) ;
#5800 = CARTESIAN_POINT ( 'NONE',  ( -1.888842569823995010, -2.750000000000000000, 2.399999999999999911 ) ) ;
#5801 = EDGE_CURVE ( 'NONE', #784, #7311, #4643, .T. ) ;
#5802 = CARTESIAN_POINT ( 'NONE',  ( 0.2464285714285714968, 0.6413219394237980042, 2.790000000000000036 ) ) ;
#5803 = VECTOR ( 'NONE', #3415, 1000.000000000000000 ) ;
#5804 = VERTEX_POINT ( 'NONE', #7787 ) ;
#5805 = CARTESIAN_POINT ( 'NONE',  ( 0.0000000000000000000, 0.0000000000000000000, 0.1499999999999999944 ) ) ;
#5806 = CARTESIAN_POINT ( 'NONE',  ( -1.941555537557170030, 2.234139756551440037, 2.119352388645999952 ) ) ;
#5807 = EDGE_LOOP ( 'NONE', ( #2103, #7213, #8241, #8287, #2465, #3750, #4157, #859, #5693 ) ) ;
#5808 = CARTESIAN_POINT ( 'NONE',  ( 2.596259265771875047, -2.543544423122504838, 0.1080825442697556094 ) ) ;
#5809 = CARTESIAN_POINT ( 'NONE',  ( -0.3086466781300214457, -1.517716298297540067, 2.790000000000000036 ) ) ;
#5810 = DIRECTION ( 'NONE',  ( 0.0000000000000000000, -1.000000000000000000, 0.0000000000000000000 ) ) ;
#5811 = CARTESIAN_POINT ( 'NONE',  ( 2.900669438257124977, 1.466034612636159862, 0.4943235739026279885 ) ) ;
#5812 = CARTESIAN_POINT ( 'NONE',  ( 2.557198380835834950, -1.903865611985765094, 0.4943271139161080074 ) ) ;
#5813 = CARTESIAN_POINT ( 'NONE',  ( 2.399999999999999911, -2.979999999999999982, 0.1000000000000000056 ) ) ;
#5814 = CARTESIAN_POINT ( 'NONE',  ( -2.800372670603989977, -1.589456055809199908, 0.5000000000000000000 ) ) ;
#5815 = DIRECTION ( 'NONE',  ( 0.7071067811865475727, 0.7071067811865475727, 0.0000000000000000000 ) ) ;
#5816 = UNCERTAINTY_MEASURE_WITH_UNIT (LENGTH_MEASURE( 1.000000000000000082E-05 ), #4011, 'distance_accuracy_value', 'NONE');
#5817 = EDGE_CURVE ( 'NONE', #2379, #7924, #10282, .T. ) ;
#5818 = ORIENTED_EDGE ( 'NONE', *, *, #5778, .T. ) ;
#5819 = CIRCLE ( 'NONE', #1992, 0.05000000000000002359 ) ;
#5820 = PRESENTATION_STYLE_ASSIGNMENT (( #4763 ) ) ;
#5821 = FILL_AREA_STYLE_COLOUR ( '', #5195 ) ;
#5822 = CARTESIAN_POINT ( 'NONE',  ( -2.399999999999999911, -2.000000000000000000, 2.328125000000000000 ) ) ;
#5823 = PLANE ( 'NONE',  #938 ) ;
#5824 = CARTESIAN_POINT ( 'NONE',  ( 2.643826238111394833, -1.945217202360755016, 0.3648403235241770015 ) ) ;
#5825 = CARTESIAN_POINT ( 'NONE',  ( -2.500000000000000000, 1.972280220073679979, 0.1233256922286996016 ) ) ;
#5826 = ORIENTED_EDGE ( 'NONE', *, *, #5670, .T. ) ;
#5827 = CARTESIAN_POINT ( 'NONE',  ( 0.3282910536466944751, 0.4670829541148799890, 2.799999999999999822 ) ) ;
#5828 = VECTOR ( 'NONE', #9312, 1000.000000000000000 ) ;
#5829 = DIRECTION ( 'NONE',  ( -1.000000000000000000, 0.0000000000000000000, 0.0000000000000000000 ) ) ;
#5830 = ORIENTED_EDGE ( 'NONE', *, *, #3883, .T. ) ;
#5831 = PRESENTATION_STYLE_ASSIGNMENT (( #5780 ) ) ;
#5832 = CARTESIAN_POINT ( 'NONE',  ( -2.428341935656084694, -2.918549671314329963, 0.4886743607848230697 ) ) ;
#5833 = CARTESIAN_POINT ( 'NONE',  ( -2.707133708081975065, -1.958383574984414954, 0.3864410810002315011 ) ) ;
#5834 = CARTESIAN_POINT ( 'NONE',  ( -2.044085076637526921, 2.701844355046943758, 2.399999999999999911 ) ) ;
#5835 = CARTESIAN_POINT ( 'NONE',  ( -2.399999999999999911, -3.000000000000000000, 0.5000000000000000000 ) ) ;
#5836 = ORIENTED_EDGE ( 'NONE', *, *, #9828, .F. ) ;
#5837 = MECHANICAL_DESIGN_GEOMETRIC_PRESENTATION_REPRESENTATION (  '', ( #9851 ), #2375 ) ;
#5838 = DIRECTION ( 'NONE',  ( -1.000000000000000000, 0.0000000000000000000, 0.0000000000000000000 ) ) ;
#5839 = CARTESIAN_POINT ( 'NONE',  ( -1.149999999999999911, -2.000000000000000000, 2.328125000000000000 ) ) ;
#5840 = CARTESIAN_POINT ( 'NONE',  ( 2.697141137599415206, 1.351270183028866034, 2.124221086784479962 ) ) ;
#5841 = CARTESIAN_POINT ( 'NONE',  ( -2.899999999999999911, 0.7143910695542290412, 0.5000000000000000000 ) ) ;
#5842 = DIRECTION ( 'NONE',  ( 0.0000000000000000000, -1.000000000000000000, 0.0000000000000000000 ) ) ;
#5843 = COLOUR_RGB ( '',0.5372549019607842924, 0.3490196078431372362, 0.3372549019607843368 ) ;
#5844 = UNCERTAINTY_MEASURE_WITH_UNIT (LENGTH_MEASURE( 1.000000000000000082E-05 ), #8313, 'distance_accuracy_value', 'NONE');
#5845 = CARTESIAN_POINT ( 'NONE',  ( 2.553008507189415077, 1.898661260089430147, 0.4999999999999479861 ) ) ;
#5846 = ORIENTED_EDGE ( 'NONE', *, *, #9481, .F. ) ;
#5847 = DIRECTION ( 'NONE',  ( 0.0000000000000000000, -1.000000000000000000, 0.0000000000000000000 ) ) ;
#5848 = CARTESIAN_POINT ( 'NONE',  ( -2.554421384652290072, -0.2064051579579254947, 1.466314737798603884 ) ) ;
#5849 = CARTESIAN_POINT ( 'NONE',  ( 2.912132034355964905, 1.837867965644034873, 2.799999999999999822 ) ) ;
#5850 = VERTEX_POINT ( 'NONE', #785 ) ;
#5851 = FACE_OUTER_BOUND ( 'NONE', #29, .T. ) ;
#5852 = CARTESIAN_POINT ( 'NONE',  ( -0.8476819514295280689, 2.280429042977679899, 1.451315661415768066 ) ) ;
#5853 = VECTOR ( 'NONE', #7409, 1000.000000000000000 ) ;
#5854 = PRESENTATION_STYLE_ASSIGNMENT (( #10053 ) ) ;
#5855 = EDGE_CURVE ( 'NONE', #9400, #9965, #5329, .T. ) ;
#5856 = PRESENTATION_STYLE_ASSIGNMENT (( #8411 ) ) ;
#5857 = CARTESIAN_POINT ( 'NONE',  ( 0.2016960644758679921, -1.636778936680179930, 2.799999999999999822 ) ) ;
#5858 = COLOUR_RGB ( '',0.5372549019607842924, 0.3490196078431372362, 0.3372549019607843368 ) ;
#5859 = ORIENTED_EDGE ( 'NONE', *, *, #10586, .F. ) ;
#5860 = DIRECTION ( 'NONE',  ( 0.0000000000000000000, 0.0000000000000000000, 1.000000000000000000 ) ) ;
#5861 = CARTESIAN_POINT ( 'NONE',  ( -1.666257422244515007, 1.484380974349579940, 1.457656876243666133 ) ) ;
#5862 = VERTEX_POINT ( 'NONE', #2297 ) ;
#5863 = CARTESIAN_POINT ( 'NONE',  ( -0.1337711258411727888, -1.675716157498960079, 2.790000000000000036 ) ) ;
#5864 = CARTESIAN_POINT ( 'NONE',  ( 0.2737454707871014858, -0.6154340613369498891, 2.790000000000000036 ) ) ;
#5865 = DIRECTION ( 'NONE',  ( -0.7071067811865480168, 0.7071067811865470176, 0.0000000000000000000 ) ) ;
#5866 = CARTESIAN_POINT ( 'NONE',  ( 2.837604137455325137, 1.912395862544674863, 2.399999999999999911 ) ) ;
#5867 = CARTESIAN_POINT ( 'NONE',  ( 2.213661367545550096, -0.7945253413845230206, 1.463172290581101986 ) ) ;
#5868 = CARTESIAN_POINT ( 'NONE',  ( -2.600000000000000089, 2.799999999999999822, 0.1200000000000000094 ) ) ;
#5869 = ADVANCED_FACE ( 'NONE', ( #8370 ), #8263, .F. ) ;
#5870 = CARTESIAN_POINT ( 'NONE',  ( -2.955335420281954839, -1.786220465086054920, 2.399999999999999911 ) ) ;
#5871 = AXIS2_PLACEMENT_3D ( 'NONE', #7262, #3905, #3080 ) ;
#5872 = ORIENTED_EDGE ( 'NONE', *, *, #3211, .T. ) ;
#5873 = VECTOR ( 'NONE', #319, 1000.000000000000000 ) ;
#5874 = PRESENTATION_LAYER_ASSIGNMENT (  '', '', ( #10404 ) ) ;
#5875 = CARTESIAN_POINT ( 'NONE',  ( 4.141705384294900639E-17, -2.903740861596030509, 0.4943491809110580060 ) ) ;
#5876 =( NAMED_UNIT ( * ) SI_UNIT ( $, .STERADIAN. ) SOLID_ANGLE_UNIT ( ) );
#5877 = DIRECTION ( 'NONE',  ( 0.0000000000000000000, 0.0000000000000000000, -1.000000000000000000 ) ) ;
#5878 = CARTESIAN_POINT ( 'NONE',  ( -0.5999999999999999778, 1.134179082280940110, 2.790000000000000036 ) ) ;
#5879 = CARTESIAN_POINT ( 'NONE',  ( 2.895905257019049994, -1.460134059251072092, 0.5000000000000000000 ) ) ;
#5880 = CARTESIAN_POINT ( 'NONE',  ( 1.209504431856741835, -2.910050735367144981, 0.4886916868436140815 ) ) ;
#5881 = DIRECTION ( 'NONE',  ( 0.0000000000000000000, 1.000000000000000000, 0.0000000000000000000 ) ) ;
#5882 = EDGE_CURVE ( 'NONE', #8445, #6004, #6666, .T. ) ;
#5883 = FACE_OUTER_BOUND ( 'NONE', #2952, .T. ) ;
#5884 = CARTESIAN_POINT ( 'NONE',  ( 0.5999999999999999778, 0.2668089524108114841, 2.799999999999999822 ) ) ;
#5885 = STYLED_ITEM ( 'NONE', ( #8553 ), #9410 ) ;
#5886 = AXIS2_PLACEMENT_3D ( 'NONE', #21, #6659, #4426 ) ;
#5887 = VECTOR ( 'NONE', #3181, 1000.000000000000000 ) ;
#5888 = CARTESIAN_POINT ( 'NONE',  ( 0.2998446361318240494, 0.4879533518103890133, 2.799999999999999822 ) ) ;
#5889 = ORIENTED_EDGE ( 'NONE', *, *, #5882, .T. ) ;
#5890 = CARTESIAN_POINT ( 'NONE',  ( -1.875735931288069924, 2.600000000000000089, 2.700000000000000178 ) ) ;
#5891 = CARTESIAN_POINT ( 'NONE',  ( -0.9278325047096299683, -2.750000000000000000, 2.399999999999999911 ) ) ;
#5892 = DIRECTION ( 'NONE',  ( 0.0000000000000000000, 0.0000000000000000000, 1.000000000000000000 ) ) ;
#5893 = FACE_OUTER_BOUND ( 'NONE', #7131, .T. ) ;
#5894 = LINE ( 'NONE', #9219, #9638 ) ;
#5895 = ORIENTED_EDGE ( 'NONE', *, *, #1626, .F. ) ;
#5896 = DIRECTION ( 'NONE',  ( 1.000000000000000000, 0.0000000000000000000, 0.0000000000000000000 ) ) ;
#5897 =( GEOMETRIC_REPRESENTATION_CONTEXT ( 3 ) GLOBAL_UNCERTAINTY_ASSIGNED_CONTEXT ( ( #3422 ) ) GLOBAL_UNIT_ASSIGNED_CONTEXT ( ( #7634, #9430, #1964 ) ) REPRESENTATION_CONTEXT ( 'NONE', 'WORKASPACE' ) );
#5898 = CARTESIAN_POINT ( 'NONE',  ( 2.527356679907684978, 1.341933982519047941, 0.8038286753037050536 ) ) ;
#5899 = CARTESIAN_POINT ( 'NONE',  ( -2.881561599284995445, 1.487969894957932082, 0.5000000000000000000 ) ) ;
#5900 = ADVANCED_FACE ( 'NONE', ( #2496 ), #7048, .T. ) ;
#5901 = CARTESIAN_POINT ( 'NONE',  ( -2.381175981615355042, 2.026110715047775290, 0.6551338091163669830 ) ) ;
#5902 = STYLED_ITEM ( 'NONE', ( #4593 ), #10394 ) ;
#5903 = AXIS2_PLACEMENT_3D ( 'NONE', #9632, #2178, #7180 ) ;
#5904 = CARTESIAN_POINT ( 'NONE',  ( -2.637449484053859816, 1.990792958095255027, 0.3864410810002315011 ) ) ;
#5905 = VERTEX_POINT ( 'NONE', #9241 ) ;
#5906 = PRESENTATION_STYLE_ASSIGNMENT (( #4116 ) ) ;
#5907 = CARTESIAN_POINT ( 'NONE',  ( -2.904447688835185115, -1.450525967446254061, 0.4943234524071900005 ) ) ;
#5908 = DIRECTION ( 'NONE',  ( 0.0000000000000000000, 0.0000000000000000000, 1.000000000000000000 ) ) ;
#5909 = LINE ( 'NONE', #5849, #1162 ) ;
#5910 = VERTEX_POINT ( 'NONE', #9136 ) ;
#5911 = CARTESIAN_POINT ( 'NONE',  ( -2.082132551871815007, 2.403481102305534911, 0.8031532906299160279 ) ) ;
#5912 = VECTOR ( 'NONE', #9147, 1000.000000000000000 ) ;
#5913 = VERTEX_POINT ( 'NONE', #10007 ) ;
#5914 = CARTESIAN_POINT ( 'NONE',  ( -2.308569616828430426, 1.999885392029165043, 0.7498269203804269756 ) ) ;
#5915 = CARTESIAN_POINT ( 'NONE',  ( -2.258145803814394892, 1.817914402061350021, 0.8035727779313039942 ) ) ;
#5916 = ADVANCED_FACE ( 'NONE', ( #3411 ), #10061, .F. ) ;
#5917 = ORIENTED_EDGE ( 'NONE', *, *, #4887, .F. ) ;
#5918 = CARTESIAN_POINT ( 'NONE',  ( -0.1494761574587940012, -1.685556895768965058, 2.799999999999999822 ) ) ;
#5919 = CARTESIAN_POINT ( 'NONE',  ( -0.4892917872147509728, -1.384660365403052040, 2.790000000000000036 ) ) ;
#5920 = CARTESIAN_POINT ( 'NONE',  ( -2.952305103605500136, 1.790418708202894837, 2.399999999999999911 ) ) ;
#5921 = CARTESIAN_POINT ( 'NONE',  ( 2.455619438750855199, 1.748071640380435054, 2.122128831548550032 ) ) ;
#5922 = CARTESIAN_POINT ( 'NONE',  ( 2.915997669078269627, -1.447598077503349900, 0.4829706205636359884 ) ) ;
#5923 = PRESENTATION_STYLE_ASSIGNMENT (( #9297 ) ) ;
#5924 = CARTESIAN_POINT ( 'NONE',  ( -1.917498029706679930, -1.296171336573279875, 1.460149104300729972 ) ) ;
#5925 = VECTOR ( 'NONE', #5702, 1000.000000000000000 ) ;
#5926 = ORIENTED_EDGE ( 'NONE', *, *, #10740, .F. ) ;
#5927 = EDGE_CURVE ( 'NONE', #729, #2555, #2758, .T. ) ;
#5928 = CARTESIAN_POINT ( 'NONE',  ( 0.2000000001021064733, -2.899999999999999911, 0.5000000000000000000 ) ) ;
#5929 = SURFACE_STYLE_USAGE ( .BOTH. , #1681 ) ;
#5930 = CARTESIAN_POINT ( 'NONE',  ( 0.02556818181818170180, 0.6819875238393829919, 2.799999999999999822 ) ) ;
#5931 = CARTESIAN_POINT ( 'NONE',  ( 2.904507470624840160, -1.491642015642343999, 0.4829713793887350226 ) ) ;
#5932 = CARTESIAN_POINT ( 'NONE',  ( 1.525943831879560175, -1.581481018993434962, 1.455953801363025990 ) ) ;
#5933 = ADVANCED_FACE ( 'NONE', ( #5960 ), #3407, .T. ) ;
#5934 = DIRECTION ( 'NONE',  ( -0.7071067811865480168, 0.7071067811865470176, 0.0000000000000000000 ) ) ;
#5935 = CARTESIAN_POINT ( 'NONE',  ( 0.1957044358701695019, 0.5616631671116549818, 2.790000000000000036 ) ) ;
#5936 = CARTESIAN_POINT ( 'NONE',  ( 0.5100350800582680311, 0.3336804148781429835, 2.799999999999999822 ) ) ;
#5937 = ORIENTED_EDGE ( 'NONE', *, *, #1793, .F. ) ;
#5938 = CARTESIAN_POINT ( 'NONE',  ( 2.500000000000000000, 2.000000000000000000, 0.9130914106034929700 ) ) ;
#5939 = CARTESIAN_POINT ( 'NONE',  ( 4.293599859243420510E-17, -2.911222584788094814, 0.4830475427331750171 ) ) ;
#5940 = CARTESIAN_POINT ( 'NONE',  ( -2.581463257455819615, 2.550000000002445422, 0.09999999999804980166 ) ) ;
#5941 = CARTESIAN_POINT ( 'NONE',  ( 1.918062981991223159, 2.748290565982910216, 2.399999999999999911 ) ) ;
#5942 = ORIENTED_EDGE ( 'NONE', *, *, #8749, .F. ) ;
#5943 = LINE ( 'NONE', #7689, #7806 ) ;
#5944 = SURFACE_SIDE_STYLE ('',( #2632 ) ) ;
#5945 = CARTESIAN_POINT ( 'NONE',  ( 1.917498029707779938, 1.296171336573261890, 1.460149104324552027 ) ) ;
#5946 = CARTESIAN_POINT ( 'NONE',  ( -2.901278706909565130, 1.464684887114529932, 0.4943236978358159783 ) ) ;
#5947 = CARTESIAN_POINT ( 'NONE',  ( -2.694118656842235282, 1.954604800734444980, 0.3864410810002315011 ) ) ;
#5948 = ADVANCED_FACE ( 'NONE', ( #4394 ), #4338, .T. ) ;
#5949 = VERTEX_POINT ( 'NONE', #1822 ) ;
#5950 = CARTESIAN_POINT ( 'NONE',  ( -2.399999999999999911, -2.000000000000000000, 2.328125000000000000 ) ) ;
#5951 = CARTESIAN_POINT ( 'NONE',  ( -2.904960620002619898, -1.490304128304233977, 0.4829710887453460000 ) ) ;
#5952 = CARTESIAN_POINT ( 'NONE',  ( 0.5999999999999999778, -1.353239748887890004, 2.790000000000000036 ) ) ;
#5953 = DIRECTION ( 'NONE',  ( 1.000000000000000000, 0.0000000000000000000, 0.0000000000000000000 ) ) ;
#5954 = VERTEX_POINT ( 'NONE', #10215 ) ;
#5955 = CARTESIAN_POINT ( 'NONE',  ( -2.123471498663219492, 2.374384901278959958, 0.8031879479482399997 ) ) ;
#5956 = CARTESIAN_POINT ( 'NONE',  ( -0.1090909090909091966, 0.5867764848783439957, 2.790000000000000036 ) ) ;
#5957 = LINE ( 'NONE', #6068, #10389 ) ;
#5958 =( NAMED_UNIT ( * ) PLANE_ANGLE_UNIT ( ) SI_UNIT ( $, .RADIAN. ) );
#5959 = VERTEX_POINT ( 'NONE', #7757 ) ;
#5960 = FACE_OUTER_BOUND ( 'NONE', #8696, .T. ) ;
#5961 = CARTESIAN_POINT ( 'NONE',  ( -2.597086072748184815, 1.594004897678760191, 2.122948317079659919 ) ) ;
#5962 = ORIENTED_EDGE ( 'NONE', *, *, #7009, .T. ) ;
#5963 = ORIENTED_EDGE ( 'NONE', *, *, #1527, .T. ) ;
#5964 = DIRECTION ( 'NONE',  ( 0.0000000000000000000, 0.0000000000000000000, -1.000000000000000000 ) ) ;
#5965 =( NAMED_UNIT ( * ) PLANE_ANGLE_UNIT ( ) SI_UNIT ( $, .RADIAN. ) );
#5966 = B_SPLINE_CURVE_WITH_KNOTS ( 'NONE', 3,
 ( #2482, #9118, #7639, #9941, #982, #3454, #1761, #6704, #9271, #2581, #2682, #5789, #7576, #1650, #4992, #108, #5154, #5051, #7522, #57, #8300, #10044, #6762, #4321, #5901, #827, #5996, #170, #929, #10104, #5102 ),
 .UNSPECIFIED., .F., .F.,
 ( 4, 3, 3, 3, 3, 3, 3, 3, 3, 3, 4 ),
 ( 0.0000000000000000000, 1.319319185513226075E-05, 2.637470386476995095E-05, 3.968840682023825337E-05, 5.917385848712809689E-05, 8.452198459519699866E-05, 0.0001102360907758841846, 0.0001387346301484460140, 0.0001565557881317075010, 0.0001714566721752594969, 0.0001801171534167177624 ),
 .UNSPECIFIED. ) ;
#5967 = DIRECTION ( 'NONE',  ( 1.000000000000000000, 0.0000000000000000000, 0.0000000000000000000 ) ) ;
#5968 = CARTESIAN_POINT ( 'NONE',  ( 2.023765195756119795, 1.152183394502217961, 1.461570906846413997 ) ) ;
#5969 = CARTESIAN_POINT ( 'NONE',  ( 2.893771002742774989, -1.482480220419569950, 0.4943237931295780263 ) ) ;
#5970 = DIRECTION ( 'NONE',  ( 0.0000000000000000000, 0.0000000000000000000, 1.000000000000000000 ) ) ;
#5971 = CARTESIAN_POINT ( 'NONE',  ( -1.975499308428680045, -1.232172765953956306, 1.460942128122322048 ) ) ;
#5972 = DIRECTION ( 'NONE',  ( -1.000000000000000000, 0.0000000000000000000, 0.0000000000000000000 ) ) ;
#5973 = VERTEX_POINT ( 'NONE', #10322 ) ;
#5974 = CARTESIAN_POINT ( 'NONE',  ( 1.817800887730804948, 2.920284914699465162, 0.4830259733766589791 ) ) ;
#5975 = CARTESIAN_POINT ( 'NONE',  ( 0.6036923868359029832, -2.907943016400859726, 0.4886969928950499753 ) ) ;
#5976 = CARTESIAN_POINT ( 'NONE',  ( -0.1126768240424884104, -0.5405537226071029933, 2.799999999999999822 ) ) ;
#5977 = CARTESIAN_POINT ( 'NONE',  ( 2.676702242785530039, -1.441437613491500125, 2.123829643037375092 ) ) ;
#5978 = CARTESIAN_POINT ( 'NONE',  ( 1.539048788982305016, -1.549902671333180049, 1.456300410066792228 ) ) ;
#5979 = VECTOR ( 'NONE', #5029, 1000.000000000000000 ) ;
#5980 = SURFACE_STYLE_FILL_AREA ( #1129 ) ;
#5981 = DIRECTION ( 'NONE',  ( 0.0000000000000000000, 0.0000000000000000000, 1.000000000000000000 ) ) ;
#5982 = EDGE_CURVE ( 'NONE', #7330, #172, #9398, .T. ) ;
#5983 =( GEOMETRIC_REPRESENTATION_CONTEXT ( 3 ) GLOBAL_UNCERTAINTY_ASSIGNED_CONTEXT ( ( #7158 ) ) GLOBAL_UNIT_ASSIGNED_CONTEXT ( ( #1949, #3491, #8383 ) ) REPRESENTATION_CONTEXT ( 'NONE', 'WORKASPACE' ) );
#5984 = EDGE_CURVE ( 'NONE', #2114, #9584, #6874, .T. ) ;
#5985 = CARTESIAN_POINT ( 'NONE',  ( 0.0000000000000000000, 0.0000000000000000000, 0.5000000000000000000 ) ) ;
#5986 = ORIENTED_EDGE ( 'NONE', *, *, #4761, .T. ) ;
#5987 = FILL_AREA_STYLE_COLOUR ( '', #6877 ) ;
#5988 = CARTESIAN_POINT ( 'NONE',  ( -1.211950970976254149, -2.915076103055394885, 0.4830375302654639769 ) ) ;
#5989 = PRESENTATION_STYLE_ASSIGNMENT (( #4258 ) ) ;
#5990 = LINE ( 'NONE', #976, #1702 ) ;
#5991 = CARTESIAN_POINT ( 'NONE',  ( -0.2607954545454544970, -0.6424442943424348851, 2.799999999999999822 ) ) ;
#5992 = CARTESIAN_POINT ( 'NONE',  ( 2.399999999999999911, -3.000000000000000000, 0.5000000000000000000 ) ) ;
#5993 = CARTESIAN_POINT ( 'NONE',  ( 2.514130216683039709, 1.974957799317885065, 0.5000000000000000000 ) ) ;
#5994 = CARTESIAN_POINT ( 'NONE',  ( -2.915997669078120413, 1.447598077503500003, 0.4829706205636690175 ) ) ;
#5995 = AXIS2_PLACEMENT_3D ( 'NONE', #1860, #8403, #2583 ) ;
#5996 = CARTESIAN_POINT ( 'NONE',  ( -2.384690182691124871, 2.017394912814009622, 0.6515711400114140295 ) ) ;
#5997 = ADVANCED_FACE ( 'NONE', ( #5168 ), #8477, .T. ) ;
#5998 = CARTESIAN_POINT ( 'NONE',  ( -0.1090909090909085999, -1.660544943693085029, 2.790000000000000036 ) ) ;
#5999 = ORIENTED_EDGE ( 'NONE', *, *, #2819, .T. ) ;
#6000 = DIRECTION ( 'NONE',  ( 0.0000000000000000000, 0.0000000000000000000, -1.000000000000000000 ) ) ;
#6001 = CARTESIAN_POINT ( 'NONE',  ( -2.719129180349930230, -1.691010418626754941, 0.5000000000000000000 ) ) ;
#6002 = CARTESIAN_POINT ( 'NONE',  ( 2.399999999999999911, 2.899999999999999911, 0.5000000000000000000 ) ) ;
#6003 = DIRECTION ( 'NONE',  ( 0.0000000000000000000, 1.000000000000000000, -6.776263578034384963E-16 ) ) ;
#6004 = VERTEX_POINT ( 'NONE', #9671 ) ;
#6005 = CARTESIAN_POINT ( 'NONE',  ( -1.543123040378890032, 1.542667026551209908, 1.456509765170824089 ) ) ;
#6006 = EDGE_CURVE ( 'NONE', #5572, #4666, #10548, .T. ) ;
#6007 = AXIS2_PLACEMENT_3D ( 'NONE', #1555, #6609, #9124 ) ;
#6008 = CARTESIAN_POINT ( 'NONE',  ( 0.1822658279807370107, -1.650767085218064922, 2.790000000000000036 ) ) ;
#6009 = ORIENTED_EDGE ( 'NONE', *, *, #2242, .T. ) ;
#6010 = CARTESIAN_POINT ( 'NONE',  ( -2.722256683429615354, 1.697891262005684965, 0.4943253780891690430 ) ) ;
#6011 = ORIENTED_EDGE ( 'NONE', *, *, #10383, .F. ) ;
#6012 = AXIS2_PLACEMENT_3D ( 'NONE', #9229, #5847, #5748 ) ;
#6013 = ORIENTED_EDGE ( 'NONE', *, *, #6131, .T. ) ;
#6014 = CARTESIAN_POINT ( 'NONE',  ( 2.600000000000000089, -2.535829678684789812, 0.1174292221191994001 ) ) ;
#6015 =( NAMED_UNIT ( * ) SI_UNIT ( $, .STERADIAN. ) SOLID_ANGLE_UNIT ( ) );
#6016 = FILL_AREA_STYLE_COLOUR ( '', #143 ) ;
#6017 = B_SPLINE_CURVE_WITH_KNOTS ( 'NONE', 3,
 ( #6089, #5289, #1126, #7776, #308, #3649, #6953, #10291, #963, #89 ),
 .UNSPECIFIED., .F., .F.,
 ( 4, 1, 1, 2, 2, 4 ),
 ( 0.0000000000000000000, 0.2500000000000012768, 0.3750000000000060507, 0.4375000000000040523, 0.5000000000000021094, 1.000000000000000000 ),
 .UNSPECIFIED. ) ;
#6018 = CARTESIAN_POINT ( 'NONE',  ( 1.975499308429860212, 1.232172765953944094, 1.460942128144572028 ) ) ;
#6019 = CARTESIAN_POINT ( 'NONE',  ( 2.185805210537150156, -0.8517289528497090645, 1.462941367959750050 ) ) ;
#6020 = CARTESIAN_POINT ( 'NONE',  ( 2.806066017177979877, 1.731801948466054952, 2.700000000000000178 ) ) ;
#6021 = CARTESIAN_POINT ( 'NONE',  ( -2.023765195754875013, -1.152183394502229952, 1.461570906825421901 ) ) ;
#6022 = SURFACE_SIDE_STYLE ('',( #9299 ) ) ;
#6023 = ADVANCED_FACE ( 'NONE', ( #515 ), #4677, .T. ) ;
#6024 = STYLED_ITEM ( 'NONE', ( #919 ), #6631 ) ;
#6025 = ORIENTED_EDGE ( 'NONE', *, *, #2417, .T. ) ;
#6026 = CARTESIAN_POINT ( 'NONE',  ( 1.588531752038615075, 2.538022571372364755, 0.8028957529082300093 ) ) ;
#6027 = CARTESIAN_POINT ( 'NONE',  ( 0.2003760549341830066, -2.903740861596030509, 0.4943491809110580060 ) ) ;
#6028 = CARTESIAN_POINT ( 'NONE',  ( -2.318479171625715374, -1.976491120449860084, 0.7417246324839209537 ) ) ;
#6029 = VECTOR ( 'NONE', #5356, 1000.000000000000114 ) ;
#6030 = FILL_AREA_STYLE ('',( #1898 ) ) ;
#6031 = CARTESIAN_POINT ( 'NONE',  ( 2.909970829434239903, -1.317435189232569970, 0.4886452522682510069 ) ) ;
#6032 = CARTESIAN_POINT ( 'NONE',  ( 2.102119455241964641, -2.393819978626235301, 0.8031671104342770207 ) ) ;
#6033 = FACE_OUTER_BOUND ( 'NONE', #8070, .T. ) ;
#6034 = CONICAL_SURFACE ( 'NONE', #10216, 0.05000000000000012768, 0.7853981633974476129 ) ;
#6035 = CARTESIAN_POINT ( 'NONE',  ( -0.1871921107803055095, -1.711818686977774950, 2.790000000000000036 ) ) ;
#6036 = CARTESIAN_POINT ( 'NONE',  ( -3.000000000000000000, 1.625735931288069924, 2.700000000000000178 ) ) ;
#6037 = VECTOR ( 'NONE', #2573, 1000.000000000000114 ) ;
#6038 = AXIS2_PLACEMENT_3D ( 'NONE', #8457, #8357, #4380 ) ;
#6039 = CIRCLE ( 'NONE', #5701, 0.2999999999999999334 ) ;
#6040 = CARTESIAN_POINT ( 'NONE',  ( -2.399999999999999911, 2.000000000000000000, 2.328125000000000000 ) ) ;
#6041 = ORIENTED_EDGE ( 'NONE', *, *, #3171, .F. ) ;
#6042 = FACE_OUTER_BOUND ( 'NONE', #8634, .T. ) ;
#6043 = EDGE_CURVE ( 'NONE', #9290, #5492, #3586, .T. ) ;
#6044 = CARTESIAN_POINT ( 'NONE',  ( -0.2097610860950379907, 0.5166284652526029753, 2.799999999999999822 ) ) ;
#6045 = DIRECTION ( 'NONE',  ( -1.000000000000000000, 0.0000000000000000000, 0.0000000000000000000 ) ) ;
#6046 = ORIENTED_EDGE ( 'NONE', *, *, #2965, .F. ) ;
#6047 = DIRECTION ( 'NONE',  ( 0.0000000000000000000, -1.000000000000000000, 0.0000000000000000000 ) ) ;
#6048 = DIRECTION ( 'NONE',  ( 1.000000000000000000, 0.0000000000000000000, 0.0000000000000000000 ) ) ;
#6049 = CARTESIAN_POINT ( 'NONE',  ( 2.554211194784844707, 1.644815102263429862, 2.122644347863289926 ) ) ;
#6050 = VECTOR ( 'NONE', #10177, 1000.000000000000000 ) ;
#6051 = CARTESIAN_POINT ( 'NONE',  ( -2.664069865509715029, -0.9053380947645309762, 0.8040254131193899090 ) ) ;
#6052 = VECTOR ( 'NONE', #1472, 1000.000000000000114 ) ;
#6053 =( GEOMETRIC_REPRESENTATION_CONTEXT ( 3 ) GLOBAL_UNCERTAINTY_ASSIGNED_CONTEXT ( ( #6165 ) ) GLOBAL_UNIT_ASSIGNED_CONTEXT ( ( #2231, #5608, #8933 ) ) REPRESENTATION_CONTEXT ( 'NONE', 'WORKASPACE' ) );
#6054 = DIRECTION ( 'NONE',  ( 1.000000000000000000, 0.0000000000000000000, 0.0000000000000000000 ) ) ;
#6055 = CARTESIAN_POINT ( 'NONE',  ( -2.730164772895184999, 1.978914107962140179, 0.3864410810002315011 ) ) ;
#6056 = PRESENTATION_LAYER_ASSIGNMENT (  '', '', ( #9368 ) ) ;
#6057 = ORIENTED_EDGE ( 'NONE', *, *, #4540, .T. ) ;
#6058 = LINE ( 'NONE', #173, #1330 ) ;
#6059 = COLOUR_RGB ( '',0.8431372549019607865, 0.8156862745098039102, 0.7529411764705882248 ) ;
#6060 = CARTESIAN_POINT ( 'NONE',  ( -3.000000000000000000, -1.613753875969744955, 2.399999999999999911 ) ) ;
#6061 = EDGE_CURVE ( 'NONE', #9243, #1324, #2215, .T. ) ;
#6062 = LINE ( 'NONE', #9389, #2742 ) ;
#6063 = CARTESIAN_POINT ( 'NONE',  ( -0.1644771634263625104, 0.6221665851234419176, 2.799999999999999822 ) ) ;
#6064 = ORIENTED_EDGE ( 'NONE', *, *, #4999, .T. ) ;
#6065 = CARTESIAN_POINT ( 'NONE',  ( -1.767096991959904884, 1.420831037882662073, 1.458599797030969869 ) ) ;
#6066 = CARTESIAN_POINT ( 'NONE',  ( 0.1693741817512275094, -0.5361998349577480338, 2.790000000000000036 ) ) ;
#6067 = ADVANCED_FACE ( 'NONE', ( #8920 ), #4652, .T. ) ;
#6068 = CARTESIAN_POINT ( 'NONE',  ( -1.875735931288069924, 2.750000000000000000, 2.399999999999999911 ) ) ;
#6069 = COLOUR_RGB ( '',0.8431372549019607865, 0.8156862745098039102, 0.7529411764705882248 ) ;
#6070 = ORIENTED_EDGE ( 'NONE', *, *, #7374, .T. ) ;
#6071 = DIRECTION ( 'NONE',  ( 0.0000000000000000000, 1.000000000000000000, 0.0000000000000000000 ) ) ;
#6072 = CARTESIAN_POINT ( 'NONE',  ( -2.862526700554015147, 1.534127085345944996, 0.4886482582973579736 ) ) ;
#6073 = VERTEX_POINT ( 'NONE', #8744 ) ;
#6074 = VERTEX_POINT ( 'NONE', #886 ) ;
#6075 = CARTESIAN_POINT ( 'NONE',  ( -0.5999999999999999778, -2.004132606030744945, 2.790000000000000036 ) ) ;
#6076 = VECTOR ( 'NONE', #7662, 1000.000000000000000 ) ;
#6077 = CARTESIAN_POINT ( 'NONE',  ( 0.0000000000000000000, -2.681881587960845081, 0.09000000000000001055 ) ) ;
#6078 = CARTESIAN_POINT ( 'NONE',  ( 2.509035538964644818, 2.142875362176015042, 0.4886586889706979742 ) ) ;
#6079 = CARTESIAN_POINT ( 'NONE',  ( 2.633110891514930163, -1.092817963788802027, 0.8039324380369829992 ) ) ;
#6080 = CARTESIAN_POINT ( 'NONE',  ( 2.799999999999999822, 2.070156211871640117, 0.5000000000000000000 ) ) ;
#6081 = CARTESIAN_POINT ( 'NONE',  ( -2.784110154683235194, -1.965889845316764584, 2.399999999999999911 ) ) ;
#6082 = DIRECTION ( 'NONE',  ( 0.0000000000000000000, 0.0000000000000000000, 1.000000000000000000 ) ) ;
#6083 = ORIENTED_EDGE ( 'NONE', *, *, #3014, .T. ) ;
#6084 = CARTESIAN_POINT ( 'NONE',  ( 1.913227211127574989, 2.453946039348485098, 0.8030607983913170544 ) ) ;
#6085 = ADVANCED_FACE ( 'NONE', ( #61 ), #3414, .T. ) ;
#6086 = CARTESIAN_POINT ( 'NONE',  ( 1.602478115405860049, -2.394548523481240032, 2.117765524160439838 ) ) ;
#6087 = DIRECTION ( 'NONE',  ( 0.0000000000000000000, 0.0000000000000000000, -1.000000000000000000 ) ) ;
#6088 = FACE_BOUND ( 'NONE', #182, .T. ) ;
#6089 = CARTESIAN_POINT ( 'NONE',  ( -2.474345596219860166, -2.550000000000000266, 0.1000000000000000056 ) ) ;
#6090 = CARTESIAN_POINT ( 'NONE',  ( 2.213661367545550096, -0.7945253413845230206, 1.463172290581101986 ) ) ;
#6091 = CARTESIAN_POINT ( 'NONE',  ( 1.771433112896545037, -2.342623441189465083, 2.118608285013384940 ) ) ;
#6092 = LINE ( 'NONE', #1952, #10088 ) ;
#6093 = CARTESIAN_POINT ( 'NONE',  ( -0.1090909090909090023, -0.5384670216151629107, 2.799999999999999822 ) ) ;
#6094 = MECHANICAL_DESIGN_GEOMETRIC_PRESENTATION_REPRESENTATION (  '', ( #2102 ), #7841 ) ;
#6095 = LINE ( 'NONE', #4418, #2870 ) ;
#6096 = ORIENTED_EDGE ( 'NONE', *, *, #7182, .F. ) ;
#6097 = DIRECTION ( 'NONE',  ( -1.000000000000000000, 0.0000000000000000000, 0.0000000000000000000 ) ) ;
#6098 = CARTESIAN_POINT ( 'NONE',  ( 4.065758146820640395E-17, -2.750000000000000000, 2.399999999999999911 ) ) ;
#6099 = SURFACE_STYLE_FILL_AREA ( #2788 ) ;
#6100 = SURFACE_STYLE_FILL_AREA ( #4424 ) ;
#6101 = SURFACE_STYLE_USAGE ( .BOTH. , #8450 ) ;
#6102 = SURFACE_STYLE_USAGE ( .BOTH. , #2790 ) ;
#6103 = CARTESIAN_POINT ( 'NONE',  ( -0.1494761574587941955, -0.5634789736910439384, 2.799999999999999822 ) ) ;
#6104 = LINE ( 'NONE', #10359, #511 ) ;
#6105 = CARTESIAN_POINT ( 'NONE',  ( 2.500000000000000000, 2.053483384199764838, 0.5000000000000000000 ) ) ;
#6106 = CARTESIAN_POINT ( 'NONE',  ( -2.795658348221514711, -0.3327763185037229676, 2.126711250198015435 ) ) ;
#6107 = DIRECTION ( 'NONE',  ( -1.000000000000000000, 0.0000000000000000000, 0.0000000000000000000 ) ) ;
#6108 = EDGE_CURVE ( 'NONE', #1934, #7701, #7404, .T. ) ;
#6109 = CARTESIAN_POINT ( 'NONE',  ( 0.5999999999999999778, -0.2311618268099679963, 2.790000000000000036 ) ) ;
#6110 = EDGE_LOOP ( 'NONE', ( #1179, #3547, #7254, #2658 ) ) ;
#6111 = CARTESIAN_POINT ( 'NONE',  ( -2.912132034355960020, -1.837867965644034873, 2.799999999999999822 ) ) ;
#6112 = CARTESIAN_POINT ( 'NONE',  ( -2.679458114943045199, -1.431002296730973899, 2.123852666380754872 ) ) ;
#6113 = CARTESIAN_POINT ( 'NONE',  ( -2.612428048650003110, 1.984464939187493338, 0.3679213459545014331 ) ) ;
#6114 = ORIENTED_EDGE ( 'NONE', *, *, #4243, .F. ) ;
#6115 = CARTESIAN_POINT ( 'NONE',  ( -2.500000000000000000, 2.436265413492429754, 0.5000000000000000000 ) ) ;
#6116 = PLANE ( 'NONE',  #9234 ) ;
#6117 = PRESENTATION_STYLE_ASSIGNMENT (( #1273 ) ) ;
#6118 = EDGE_CURVE ( 'NONE', #7652, #5325, #448, .T. ) ;
#6119 = ORIENTED_EDGE ( 'NONE', *, *, #7580, .F. ) ;
#6120 = SURFACE_SIDE_STYLE ('',( #8635 ) ) ;
#6121 = EDGE_CURVE ( 'NONE', #2808, #3686, #967, .T. ) ;
#6122 = CARTESIAN_POINT ( 'NONE',  ( -2.952305103597135272, 1.790418708218310062, 2.399999999999999911 ) ) ;
#6123 = ORIENTED_EDGE ( 'NONE', *, *, #7118, .F. ) ;
#6124 = EDGE_LOOP ( 'NONE', ( #4067, #3918, #5451, #8152 ) ) ;
#6125 = PLANE ( 'NONE',  #5210 ) ;
#6126 = CARTESIAN_POINT ( 'NONE',  ( 2.211356875304384850, 2.054677221846299862, 0.8034178630815279609 ) ) ;
#6127 = CARTESIAN_POINT ( 'NONE',  ( 2.914981655555239914, 1.322362198675895995, 0.4829674192578140013 ) ) ;
#6128 = LINE ( 'NONE', #6233, #2450 ) ;
#6129 = CARTESIAN_POINT ( 'NONE',  ( -2.507906120751889567, -2.857183729427054786, 0.4886722839477069535 ) ) ;
#6130 = CARTESIAN_POINT ( 'NONE',  ( 1.875735931288069924, -2.500000000000000000, 2.799999999999999822 ) ) ;
#6131 = EDGE_CURVE ( 'NONE', #2858, #2041, #7369, .T. ) ;
#6132 = CARTESIAN_POINT ( 'NONE',  ( 0.1722171299342414863, -1.666895695092385221, 2.799999999999999822 ) ) ;
#6133 = ORIENTED_EDGE ( 'NONE', *, *, #8629, .F. ) ;
#6134 = CARTESIAN_POINT ( 'NONE',  ( 0.4305299670377645271, 2.456475914862454868, 1.449895245531890087 ) ) ;
#6135 = CARTESIAN_POINT ( 'NONE',  ( 2.500000000000000000, -2.436265413492439968, 0.5000000000000000000 ) ) ;
#6136 = DIRECTION ( 'NONE',  ( 0.0000000000000000000, 0.0000000000000000000, 1.000000000000000000 ) ) ;
#6137 = DIRECTION ( 'NONE',  ( 1.000000000000000000, 0.0000000000000000000, 0.0000000000000000000 ) ) ;
#6138 = FACE_OUTER_BOUND ( 'NONE', #395, .T. ) ;
#6139 = CARTESIAN_POINT ( 'NONE',  ( 2.722683473051674685, -0.1024397921024809976, 0.8042050947339319800 ) ) ;
#6140 = CARTESIAN_POINT ( 'NONE',  ( 2.517952901727209980, -2.642593125878879956, 0.4830019982647920096 ) ) ;
#6141 = ADVANCED_FACE ( 'NONE', ( #9022 ), #5106, .T. ) ;
#6142 = CARTESIAN_POINT ( 'NONE',  ( -0.5999999999999999778, 0.01210116020301920010, 2.790000000000000036 ) ) ;
#6143 = ORIENTED_EDGE ( 'NONE', *, *, #361, .T. ) ;
#6144 = DIRECTION ( 'NONE',  ( 1.000000000000000000, 2.667597244102225114E-16, 0.0000000000000000000 ) ) ;
#6145 = EDGE_LOOP ( 'NONE', ( #4435, #9068, #6641, #9741 ) ) ;
#6146 = DIRECTION ( 'NONE',  ( 0.0000000000000000000, 0.0000000000000000000, 1.000000000000000000 ) ) ;
#6147 = CARTESIAN_POINT ( 'NONE',  ( 2.474345596219860166, 2.550000000000000266, 0.1000000000000000056 ) ) ;
#6148 = CARTESIAN_POINT ( 'NONE',  ( -1.875735931288069924, 2.750000000000000000, 2.799999999999999822 ) ) ;
#6149 = DIRECTION ( 'NONE',  ( 0.0000000000000000000, 0.0000000000000000000, 1.000000000000000000 ) ) ;
#6150 = CARTESIAN_POINT ( 'NONE',  ( 2.589575150554849881, 1.852952955870619922, 0.5000000000000000000 ) ) ;
#6151 = CARTESIAN_POINT ( 'NONE',  ( -2.906624447344730022, -0.1187958658482842073, 0.4886350659651150785 ) ) ;
#6152 =( NAMED_UNIT ( * ) SI_UNIT ( $, .STERADIAN. ) SOLID_ANGLE_UNIT ( ) );
#6153 = EDGE_CURVE ( 'NONE', #6236, #5171, #9897, .T. ) ;
#6154 = CARTESIAN_POINT ( 'NONE',  ( -0.5999999999999999778, -1.302346891745032043, 2.790000000000000036 ) ) ;
#6155 = EDGE_LOOP ( 'NONE', ( #1165, #5889, #7974, #5872 ) ) ;
#6156 = DIRECTION ( 'NONE',  ( -1.000000000000000000, 0.0000000000000000000, 0.0000000000000000000 ) ) ;
#6157 = CARTESIAN_POINT ( 'NONE',  ( -2.837604137455330022, -1.912395862544669978, 2.399999999999999911 ) ) ;
#6158 = FACE_OUTER_BOUND ( 'NONE', #4739, .T. ) ;
#6159 = EDGE_LOOP ( 'NONE', ( #233, #7794, #4812, #9976 ) ) ;
#6160 =( GEOMETRIC_REPRESENTATION_CONTEXT ( 3 ) GLOBAL_UNCERTAINTY_ASSIGNED_CONTEXT ( ( #3236 ) ) GLOBAL_UNIT_ASSIGNED_CONTEXT ( ( #9801, #4036, #1621 ) ) REPRESENTATION_CONTEXT ( 'NONE', 'WORKASPACE' ) );
#6161 = CARTESIAN_POINT ( 'NONE',  ( -2.075359855312190138, 2.674640144687814747, 2.399999999999999911 ) ) ;
#6162 = CARTESIAN_POINT ( 'NONE',  ( -2.087867965644035095, 2.662132034355964905, 2.700000000000000178 ) ) ;
#6163 = DIRECTION ( 'NONE',  ( -0.4999999999999998335, -0.4999999999999998335, -0.7071067811865477948 ) ) ;
#6164 = AXIS2_PLACEMENT_3D ( 'NONE', #9713, #2257, #2360 ) ;
#6165 = UNCERTAINTY_MEASURE_WITH_UNIT (LENGTH_MEASURE( 1.000000000000000082E-05 ), #2231, 'distance_accuracy_value', 'NONE');
#6166 = ORIENTED_EDGE ( 'NONE', *, *, #7160, .F. ) ;
#6167 = PRESENTATION_STYLE_ASSIGNMENT (( #7870 ) ) ;
#6168 = CARTESIAN_POINT ( 'NONE',  ( -2.546297868881520099, 1.944835612241625045, 0.4829822350172560119 ) ) ;
#6169 = ORIENTED_EDGE ( 'NONE', *, *, #6118, .F. ) ;
#6170 = ORIENTED_EDGE ( 'NONE', *, *, #5044, .F. ) ;
#6171 = CARTESIAN_POINT ( 'NONE',  ( 0.2464285714285714968, -1.602833904732045012, 2.790000000000000036 ) ) ;
#6172 = ADVANCED_FACE ( 'NONE', ( #9839 ), #9175, .F. ) ;
#6173 = CARTESIAN_POINT ( 'NONE',  ( 2.505391773722129845, 2.443393375353855035, 0.4943322382519470537 ) ) ;
#6174 = CARTESIAN_POINT ( 'NONE',  ( 2.722683473051674685, -0.1024397921024809976, 0.8042050947339319800 ) ) ;
#6175 = CARTESIAN_POINT ( 'NONE',  ( 0.02897727272727285142, -0.6348955930437339967, 2.790000000000000036 ) ) ;
#6176 = CARTESIAN_POINT ( 'NONE',  ( -1.539048788491540032, -1.549902671380835040, 1.456300410056186045 ) ) ;
#6177 = SURFACE_STYLE_USAGE ( .BOTH. , #2165 ) ;
#6178 = DIRECTION ( 'NONE',  ( -1.000000000000000000, 0.0000000000000000000, 0.0000000000000000000 ) ) ;
#6179 = AXIS2_PLACEMENT_3D ( 'NONE', #8149, #1277, #6281 ) ;
#6180 = ORIENTED_EDGE ( 'NONE', *, *, #8889, .F. ) ;
#6181 = CARTESIAN_POINT ( 'NONE',  ( 2.462412036569634921, 2.920865421627034664, 0.4830107667254039949 ) ) ;
#6182 = CARTESIAN_POINT ( 'NONE',  ( 2.252571269120990038, -2.497428730879009962, 2.399999999999999911 ) ) ;
#6183 = CARTESIAN_POINT ( 'NONE',  ( -2.736982665752506261, 2.006484898849034693, 0.3864410810002315011 ) ) ;
#6184 = ADVANCED_FACE ( 'NONE', ( #4327 ), #7753, .T. ) ;
#6185 =( NAMED_UNIT ( * ) PLANE_ANGLE_UNIT ( ) SI_UNIT ( $, .RADIAN. ) );
#6186 = CARTESIAN_POINT ( 'NONE',  ( -0.4386870883860755077, -0.2999518678085135170, 2.799999999999999822 ) ) ;
#6187 = CARTESIAN_POINT ( 'NONE',  ( 2.910184531966510058, 0.3583407402099239580, 0.4829534852983290438 ) ) ;
#6188 = CARTESIAN_POINT ( 'NONE',  ( 2.500000000000000000, -2.253276997764920075, 0.5000000000000000000 ) ) ;
#6189 = CARTESIAN_POINT ( 'NONE',  ( -1.875735931288069924, -2.750000000000000000, 2.799999999999999822 ) ) ;
#6190 = ORIENTED_EDGE ( 'NONE', *, *, #3037, .T. ) ;
#6191 = DIRECTION ( 'NONE',  ( 0.0000000000000000000, -0.7071067811865461294, 0.7071067811865490160 ) ) ;
#6192 = VECTOR ( 'NONE', #10532, 1000.000000000000000 ) ;
#6193 = TOROIDAL_SURFACE ( 'NONE', #2721, 2.228124999999999911, 0.1000000000000000056 ) ;
#6194 = PLANE ( 'NONE',  #5560 ) ;
#6195 = DIRECTION ( 'NONE',  ( 1.000000000000000000, 0.0000000000000000000, 0.0000000000000000000 ) ) ;
#6196 = MECHANICAL_DESIGN_GEOMETRIC_PRESENTATION_REPRESENTATION (  '', ( #3961 ), #3087 ) ;
#6197 = ORIENTED_EDGE ( 'NONE', *, *, #2735, .T. ) ;
#6198 = ORIENTED_EDGE ( 'NONE', *, *, #282, .F. ) ;
#6199 = AXIS2_PLACEMENT_3D ( 'NONE', #4967, #8224, #1458 ) ;
#6200 = FACE_OUTER_BOUND ( 'NONE', #2316, .T. ) ;
#6201 = LINE ( 'NONE', #2076, #5873 ) ;
#6202 = CARTESIAN_POINT ( 'NONE',  ( -2.500000000000000000, -1.964473057013760071, 0.1960887496905119876 ) ) ;
#6203 =( NAMED_UNIT ( * ) PLANE_ANGLE_UNIT ( ) SI_UNIT ( $, .RADIAN. ) );
#6204 = CARTESIAN_POINT ( 'NONE',  ( -1.149999999999999911, 3.010000000000000231, 0.3499999999999999778 ) ) ;
#6205 = FACE_OUTER_BOUND ( 'NONE', #1564, .T. ) ;
#6206 = CARTESIAN_POINT ( 'NONE',  ( 2.500000000000000000, 2.253276997764930289, 0.5000000000000000000 ) ) ;
#6207 = CARTESIAN_POINT ( 'NONE',  ( -2.718847230583870012, -1.198420039273518034, 2.124740168218135050 ) ) ;
#6208 = CARTESIAN_POINT ( 'NONE',  ( -2.799999999999999822, 1.429843788128356108, 0.1000000000000000056 ) ) ;
#6209 = CIRCLE ( 'NONE', #1518, 0.02000000000000005246 ) ;
#6210 = AXIS2_PLACEMENT_3D ( 'NONE', #3027, #6331, #1161 ) ;
#6211 = FILL_AREA_STYLE_COLOUR ( '', #4627 ) ;
#6212 = EDGE_LOOP ( 'NONE', ( #4534, #3871, #687, #1520 ) ) ;
#6213 = CARTESIAN_POINT ( 'NONE',  ( -2.537822274071059869, -1.934386218886769981, 0.4943274116725490663 ) ) ;
#6214 = CARTESIAN_POINT ( 'NONE',  ( -1.149999999999999911, 1.184960637368067893, 2.799999999999999822 ) ) ;
#6215 = DIRECTION ( 'NONE',  ( 0.0000000000000000000, -1.000000000000000000, 0.0000000000000000000 ) ) ;
#6216 = ADVANCED_FACE ( 'NONE', ( #9437 ), #1317, .T. ) ;
#6217 = VECTOR ( 'NONE', #9170, 1000.000000000000000 ) ;
#6218 = ORIENTED_EDGE ( 'NONE', *, *, #5688, .F. ) ;
#6219 = CARTESIAN_POINT ( 'NONE',  ( -2.310463184509710111, -2.031580031597840286, 0.7417332109232290804 ) ) ;
#6220 = CARTESIAN_POINT ( 'NONE',  ( -2.515591799687585173, 2.037614573683174779, 0.4829849584953290198 ) ) ;
#6221 = CARTESIAN_POINT ( 'NONE',  ( -0.1871921107803055095, -1.711818686977774950, 2.799999999999999822 ) ) ;
#6222 = DIRECTION ( 'NONE',  ( 1.445602896647339903E-16, -1.000000000000000000, 0.0000000000000000000 ) ) ;
#6223 = MECHANICAL_DESIGN_GEOMETRIC_PRESENTATION_REPRESENTATION (  '', ( #10592 ), #3457 ) ;
#6224 = AXIS2_PLACEMENT_3D ( 'NONE', #253, #10182, #2723 ) ;
#6225 = CARTESIAN_POINT ( 'NONE',  ( -2.499999999999999556, 2.004042073553660597, 0.2169669516854684510 ) ) ;
#6226 = ORIENTED_EDGE ( 'NONE', *, *, #797, .T. ) ;
#6227 = DIRECTION ( 'NONE',  ( 0.0000000000000000000, 0.0000000000000000000, -1.000000000000000000 ) ) ;
#6228 = CARTESIAN_POINT ( 'NONE',  ( -2.999630619546635124, 1.641312997385574901, 2.399999999999999911 ) ) ;
#6229 = VERTEX_POINT ( 'NONE', #10202 ) ;
#6230 = ORIENTED_EDGE ( 'NONE', *, *, #7454, .F. ) ;
#6231 = CARTESIAN_POINT ( 'NONE',  ( 1.941555537448464985, 2.234139756541094979, 2.119352388643749752 ) ) ;
#6232 = CARTESIAN_POINT ( 'NONE',  ( 2.697913448265380154, -0.6033137254067280075, 0.8041219283165029763 ) ) ;
#6233 = CARTESIAN_POINT ( 'NONE',  ( 1.875735931288069924, 2.750000000000000000, 2.700000000000000178 ) ) ;
#6234 = CARTESIAN_POINT ( 'NONE',  ( -2.505391773722095206, -2.443393375353735131, 0.4943322382521870839 ) ) ;
#6235 = DIRECTION ( 'NONE',  ( 1.000000000000000000, 0.0000000000000000000, 0.0000000000000000000 ) ) ;
#6236 = VERTEX_POINT ( 'NONE', #5212 ) ;
#6237 = EDGE_CURVE ( 'NONE', #8208, #3342, #9274, .T. ) ;
#6238 = PRESENTATION_LAYER_ASSIGNMENT (  '', '', ( #6593 ) ) ;
#6239 = LINE ( 'NONE', #7936, #5226 ) ;
#6240 = ORIENTED_EDGE ( 'NONE', *, *, #5366, .T. ) ;
#6241 = CARTESIAN_POINT ( 'NONE',  ( -1.429894934281916052, 1.735488937613350213, 1.455028784194958069 ) ) ;
#6242 = CARTESIAN_POINT ( 'NONE',  ( 2.506653190608294945, -2.822564800756489856, 0.4943358802422119780 ) ) ;
#6243 = CARTESIAN_POINT ( 'NONE',  ( 0.5999999999999999778, 0.8909160952679540113, 2.790000000000000036 ) ) ;
#6244 = DIRECTION ( 'NONE',  ( 0.0000000000000000000, -1.000000000000000000, 0.0000000000000000000 ) ) ;
#6245 = CARTESIAN_POINT ( 'NONE',  ( -0.2726693823799065108, -0.4221335432372904650, 2.799999999999999822 ) ) ;
#6246 = CARTESIAN_POINT ( 'NONE',  ( 2.911321176334814798, 0.7191864439097339634, 0.4829571105390850216 ) ) ;
#6247 = CARTESIAN_POINT ( 'NONE',  ( 2.414079633698734906, -2.335920366301265094, 2.399999999999999911 ) ) ;
#6248 = CARTESIAN_POINT ( 'NONE',  ( -2.087867965644035095, -2.662132034355964905, 2.399999999999999911 ) ) ;
#6249 = EDGE_LOOP ( 'NONE', ( #1542, #7856, #3115, #9490 ) ) ;
#6250 = CARTESIAN_POINT ( 'NONE',  ( -2.866765926474732495, 1.666542591906586823, 0.2992700759372712849 ) ) ;
#6251 = CIRCLE ( 'NONE', #332, 2.328125000000000000 ) ;
#6252 = CARTESIAN_POINT ( 'NONE',  ( 0.1822658279807370107, -1.650767085218064922, 2.790000000000000036 ) ) ;
#6253 = ADVANCED_FACE ( 'NONE', ( #8523 ), #2745, .F. ) ;
#6254 = DIRECTION ( 'NONE',  ( -1.000000000000000000, 0.0000000000000000000, 0.0000000000000000000 ) ) ;
#6255 = EDGE_LOOP ( 'NONE', ( #7040, #1879, #3534, #1112, #4660, #2479, #987 ) ) ;
#6256 = DIRECTION ( 'NONE',  ( -0.0000000000000000000, 1.000000000000000000, 0.0000000000000000000 ) ) ;
#6257 = EDGE_CURVE ( 'NONE', #9400, #1698, #114, .T. ) ;
#6258 = ORIENTED_EDGE ( 'NONE', *, *, #4024, .T. ) ;
#6259 = CARTESIAN_POINT ( 'NONE',  ( -2.423408091292946764, 2.668027828175660421, 0.1000000000000000472 ) ) ;
#6260 = CARTESIAN_POINT ( 'NONE',  ( -0.5999999999999999778, -1.302346891745032043, 2.799999999999999822 ) ) ;
#6261 =( LENGTH_UNIT ( ) NAMED_UNIT ( * ) SI_UNIT ( .MILLI., .METRE. ) );
#6262 = CYLINDRICAL_SURFACE ( 'NONE', #4881, 0.2000000000000000944 ) ;
#6263 = CARTESIAN_POINT ( 'NONE',  ( 2.516175321166389978, 2.457649299076709593, 0.4829967147558409390 ) ) ;
#6264 = CARTESIAN_POINT ( 'NONE',  ( -2.611934987627730465, -1.210691280983551943, 0.8038882043484469886 ) ) ;
#6265 = DIRECTION ( 'NONE',  ( 0.0000000000000000000, 0.0000000000000000000, -1.000000000000000000 ) ) ;
#6266 = ORIENTED_EDGE ( 'NONE', *, *, #3398, .F. ) ;
#6267 = CARTESIAN_POINT ( 'NONE',  ( -2.713584216227694856, -2.046421741551424756, 0.3864410810002315011 ) ) ;
#6268 = CARTESIAN_POINT ( 'NONE',  ( -2.880117441595860139, -1.869882558404140083, 2.399999999999999911 ) ) ;
#6269 = CARTESIAN_POINT ( 'NONE',  ( 2.600000000000000089, 2.030452379896435566, 0.3674621669475530150 ) ) ;
#6270 = CARTESIAN_POINT ( 'NONE',  ( 2.930759942095936044, 1.819240057892157258, 2.399999999999999911 ) ) ;
#6271 = ORIENTED_EDGE ( 'NONE', *, *, #9766, .F. ) ;
#6272 = CARTESIAN_POINT ( 'NONE',  ( -2.306977884236149912, -2.010722294070120153, 0.7497571304351769994 ) ) ;
#6273 = DIRECTION ( 'NONE',  ( 0.0000000000000000000, 0.0000000000000000000, 1.000000000000000000 ) ) ;
#6274 = CARTESIAN_POINT ( 'NONE',  ( -1.962092985215305063, 1.249886640630992085, 1.460697876909359927 ) ) ;
#6275 = CARTESIAN_POINT ( 'NONE',  ( -0.1670664863060850047, -1.697854384810445039, 2.799999999999999822 ) ) ;
#6276 = CARTESIAN_POINT ( 'NONE',  ( -2.474345596219860166, 2.550000000000000266, 0.1000000000000000056 ) ) ;
#6277 = EDGE_CURVE ( 'NONE', #6236, #9021, #6058, .T. ) ;
#6278 = UNCERTAINTY_MEASURE_WITH_UNIT (LENGTH_MEASURE( 1.000000000000000082E-05 ), #10098, 'distance_accuracy_value', 'NONE');
#6279 = CARTESIAN_POINT ( 'NONE',  ( 0.3932563306956449733, -1.824433846260659964, 2.790000000000000036 ) ) ;
#6280 = ORIENTED_EDGE ( 'NONE', *, *, #2161, .F. ) ;
#6281 = DIRECTION ( 'NONE',  ( 0.0000000000000000000, 0.0000000000000000000, -1.000000000000000000 ) ) ;
#6282 = CARTESIAN_POINT ( 'NONE',  ( -2.382216320559459977, 0.5945365743555099947, 1.464618603553194065 ) ) ;
#6283 = ORIENTED_EDGE ( 'NONE', *, *, #3762, .T. ) ;
#6284 = CARTESIAN_POINT ( 'NONE',  ( -2.307797728255124969, 2.004042074047625022, 0.7500000000000000000 ) ) ;
#6285 = CARTESIAN_POINT ( 'NONE',  ( 2.512795384593945247, 2.756836149241414624, 0.4886703376753870898 ) ) ;
#6286 = CARTESIAN_POINT ( 'NONE',  ( 2.399999999999999911, -2.799999999999999822, 0.5000000000000000000 ) ) ;
#6287 = CARTESIAN_POINT ( 'NONE',  ( -2.516175321166290058, -2.457649299076344995, 0.4829967147565620289 ) ) ;
#6288 = CARTESIAN_POINT ( 'NONE',  ( -2.912132034355964905, 1.837867965644034873, 2.399999999999999911 ) ) ;
#6289 = UNCERTAINTY_MEASURE_WITH_UNIT (LENGTH_MEASURE( 1.000000000000000082E-05 ), #2695, 'distance_accuracy_value', 'NONE');
#6290 = EDGE_CURVE ( 'NONE', #2610, #1001, #7583, .T. ) ;
#6291 = CARTESIAN_POINT ( 'NONE',  ( 1.875735931288069924, 2.449999999999999734, 2.799999999999999822 ) ) ;
#6292 = ORIENTED_EDGE ( 'NONE', *, *, #739, .F. ) ;
#6293 = CARTESIAN_POINT ( 'NONE',  ( -0.6048303823489529218, 2.911914524602054577, 0.4830454893414229955 ) ) ;
#6294 = CARTESIAN_POINT ( 'NONE',  ( 1.666257422245359887, -1.484380974349603921, 1.457656876225666087 ) ) ;
#6295 = CARTESIAN_POINT ( 'NONE',  ( -2.866765926474732495, -1.666542591906581938, 0.2992700759372702302 ) ) ;
#6296 = CARTESIAN_POINT ( 'NONE',  ( 0.5999999999999999778, -1.353239748887890004, 2.799999999999999822 ) ) ;
#6297 = CARTESIAN_POINT ( 'NONE',  ( 3.000000000000000000, -1.223318888510404046, 2.399999999999999911 ) ) ;
#6298 = CARTESIAN_POINT ( 'NONE',  ( 2.399523619778620276, -1.804663465819219992, 2.121824107308645235 ) ) ;
#6299 = DIRECTION ( 'NONE',  ( 0.0000000000000000000, 0.0000000000000000000, -1.000000000000000000 ) ) ;
#6300 = PLANE ( 'NONE',  #7939 ) ;
#6301 = SURFACE_STYLE_USAGE ( .BOTH. , #6419 ) ;
#6302 = FILL_AREA_STYLE ('',( #420 ) ) ;
#6303 = VERTEX_POINT ( 'NONE', #3671 ) ;
#6304 = FACE_OUTER_BOUND ( 'NONE', #749, .T. ) ;
#6305 = VERTEX_POINT ( 'NONE', #10312 ) ;
#6306 = CARTESIAN_POINT ( 'NONE',  ( -2.409671606656773157, 2.674719170539164637, 0.09999999999999999167 ) ) ;
#6307 = LINE ( 'NONE', #8776, #6559 ) ;
#6308 = CARTESIAN_POINT ( 'NONE',  ( 3.000000000000000000, -1.429843788128353888, 0.1000000000000000056 ) ) ;
#6309 = DIRECTION ( 'NONE',  ( 0.0000000000000000000, -1.000000000000000000, 0.0000000000000000000 ) ) ;
#6310 = FACE_OUTER_BOUND ( 'NONE', #7268, .T. ) ;
#6311 = FACE_BOUND ( 'NONE', #5384, .T. ) ;
#6312 = CARTESIAN_POINT ( 'NONE',  ( -0.1321134603316792000, -1.644332388357850006, 2.799999999999999822 ) ) ;
#6313 = B_SPLINE_CURVE_WITH_KNOTS ( 'NONE', 3,
 ( #4928, #10733, #4873, #8179, #703, #3117, #7295, #6426, #6525, #9866, #8228, #751, #4091, #802, #7397, #4146, #5771, #4972, #8279 ),
 .UNSPECIFIED., .F., .F.,
 ( 4, 1, 1, 1, 1, 1, 1, 1, 1, 1, 1, 1, 1, 1, 1, 1, 4 ),
 ( 0.0000000000000000000, 0.01681894172984564964, 0.04000885950673790242, 0.06933925779684629864, 0.1044390419415417992, 0.1456839376965947952, 0.1929665541798580020, 0.2467636342673185101, 0.3057092442526634923, 0.3716976109959455044, 0.4432015931487114924, 0.5204873727434039532, 0.6045517168100760230, 0.6940355353249040293, 0.7900294905600779849, 0.8918067042967169344, 1.000000000000000000 ),
 .UNSPECIFIED. ) ;
#6314 = EDGE_CURVE ( 'NONE', #1596, #2041, #8574, .T. ) ;
#6315 = CARTESIAN_POINT ( 'NONE',  ( 2.480821679990495188, 2.879636800476864877, 0.4943365330030049520 ) ) ;
#6316 = CARTESIAN_POINT ( 'NONE',  ( -3.000000000000000000, -1.613753875969744955, 2.399999999999999911 ) ) ;
#6317 = DIRECTION ( 'NONE',  ( -1.000000000000000000, 0.0000000000000000000, 0.0000000000000000000 ) ) ;
#6318 = ADVANCED_FACE ( 'NONE', ( #3511 ), #2020, .F. ) ;
#6319 = VECTOR ( 'NONE', #5934, 1000.000000000000000 ) ;
#6320 = FILL_AREA_STYLE ('',( #1261 ) ) ;
#6321 = ORIENTED_EDGE ( 'NONE', *, *, #6277, .T. ) ;
#6322 = CARTESIAN_POINT ( 'NONE',  ( -2.635969953997705950, -2.005500724849602623, 0.3864410810002315011 ) ) ;
#6323 = CARTESIAN_POINT ( 'NONE',  ( -2.509035538964564882, -2.142875362175820086, 0.4886586889711259096 ) ) ;
#6324 = CARTESIAN_POINT ( 'NONE',  ( 0.5999999999999999778, -1.156730008628150230, 2.790000000000000036 ) ) ;
#6325 = CARTESIAN_POINT ( 'NONE',  ( 3.000000000000000000, 1.625735931288069924, 2.399999999999999911 ) ) ;
#6326 = ORIENTED_EDGE ( 'NONE', *, *, #2028, .F. ) ;
#6327 = CARTESIAN_POINT ( 'NONE',  ( 1.149999999999999911, -2.990000000000000213, 0.1100000000000000006 ) ) ;
#6328 = EDGE_CURVE ( 'NONE', #1199, #1957, #3460, .T. ) ;
#6329 = CARTESIAN_POINT ( 'NONE',  ( -2.522492145218085291, 1.679156082312565079, 2.122452691664300506 ) ) ;
#6330 = CARTESIAN_POINT ( 'NONE',  ( -0.2345856926139834875, -1.745324838601475026, 2.790000000000000036 ) ) ;
#6331 = DIRECTION ( 'NONE',  ( 0.7808688094430307203, -0.6246950475544237324, 0.0000000000000000000 ) ) ;
#6332 = CARTESIAN_POINT ( 'NONE',  ( -2.500000000000000000, 2.040856609847184977, 0.1283007125154312089 ) ) ;
#6333 = AXIS2_PLACEMENT_3D ( 'NONE', #2173, #5507, #8821 ) ;
#6334 = ORIENTED_EDGE ( 'NONE', *, *, #9002, .T. ) ;
#6335 = DIRECTION ( 'NONE',  ( 0.0000000000000000000, 0.0000000000000000000, 1.000000000000000000 ) ) ;
#6336 = CARTESIAN_POINT ( 'NONE',  ( -2.881561599284995445, 1.487969894957932082, 0.5000000000000000000 ) ) ;
#6337 = ORIENTED_EDGE ( 'NONE', *, *, #8875, .F. ) ;
#6338 = DIRECTION ( 'NONE',  ( 0.0000000000000000000, 0.0000000000000000000, 1.000000000000000000 ) ) ;
#6339 = ADVANCED_FACE ( 'NONE', ( #9601 ), #269, .T. ) ;
#6340 = CARTESIAN_POINT ( 'NONE',  ( 2.422107746012069907, 2.909274835657329916, 0.4943371803921259855 ) ) ;
#6341 = DIRECTION ( 'NONE',  ( -1.000000000000000000, 0.0000000000000000000, 0.0000000000000000000 ) ) ;
#6342 = ORIENTED_EDGE ( 'NONE', *, *, #4552, .F. ) ;
#6343 = CARTESIAN_POINT ( 'NONE',  ( -2.414079633698730021, -2.335920366301265094, 2.399999999999999911 ) ) ;
#6344 =( GEOMETRIC_REPRESENTATION_CONTEXT ( 3 ) GLOBAL_UNCERTAINTY_ASSIGNED_CONTEXT ( ( #10762 ) ) GLOBAL_UNIT_ASSIGNED_CONTEXT ( ( #10310, #7910, #549 ) ) REPRESENTATION_CONTEXT ( 'NONE', 'WORKASPACE' ) );
#6345 = CLOSED_SHELL ( 'NONE', ( #5449, #9333, #9975, #2943, #2719, #7588, #1163, #6575, #2657, #6849, #255, #2321, #5933, #8299, #9554, #7729, #9444, #4773, #7250, #4621, #6680, #10676, #10131, #2488, #5407, #10270, #5762, #6523, #5012, #2378, #7079, #6844, #10491, #47, #1332, #7218, #1051, #7625, #3408, #9999, #1406, #7490, #6722, #5421, #7966, #10333, #3079, #8069, #5791, #4914, #6590, #1704, #2336, #9410, #6184, #129, #1674, #3906, #6421, #10402, #3869, #5916, #2212, #7267, #4956, #5541, #10661, #6631, #6833, #5467, #6253, #5948, #8535, #7935, #446, #6781, #9099, #9000, #4810, #10465, #4412, #4366, #8168, #9539, #6787, #8877, #6067, #124, #6085, #8342, #391, #3612, #4400, #8988, #4543, #8801, #10448, #759, #2694, #1193, #1745, #1461, #7592, #2284, #7050, #6791, #6172, #9905, #5869, #480, #10461, #1344, #7428, #6802, #10319, #7882, #3951, #5997, #1818, #8104, #6591, #3673, #8830, #599, #10766, #7866, #10394, #6023, #7784, #3099, #6914, #4229, #4691, #9132, #9251, #3543, #4577, #2462, #3468, #2135, #8493, #1872, #819, #9396, #1589, #8320, #6656, #6339, #550, #5488, #6216, #199, #6141, #8053, #7415, #986, #4905, #4787, #10264, #9753, #331, #4821, #4479, #214, #2413, #5138, #9959, #7467, #3802, #8447, #3345, #8078, #311, #1687, #4382, #6318, #8274, #10137, #5900, #7130, #4152 ) ) ;
#6346 = CARTESIAN_POINT ( 'NONE',  ( -2.956173761888604812, 1.554782797639240099, 0.2071554596297830175 ) ) ;
#6347 = ORIENTED_EDGE ( 'NONE', *, *, #1490, .F. ) ;
#6348 = CARTESIAN_POINT ( 'NONE',  ( -2.514578815753180319, 2.866277723352425255, 0.4830084259208309860 ) ) ;
#6349 = AXIS2_PLACEMENT_3D ( 'NONE', #7986, #9556, #7041 ) ;
#6350 = CARTESIAN_POINT ( 'NONE',  ( 2.075359855312190138, -2.674640144687814747, 2.399999999999999911 ) ) ;
#6351 = CARTESIAN_POINT ( 'NONE',  ( -2.636689789354076829, 2.013809884833092756, 0.3864410810002315011 ) ) ;
#6352 = CARTESIAN_POINT ( 'NONE',  ( 2.579999999999999627, 2.550000000000000266, 0.1000000000000000056 ) ) ;
#6353 = PLANE ( 'NONE',  #942 ) ;
#6354 = EDGE_CURVE ( 'NONE', #3424, #4745, #10558, .T. ) ;
#6355 = CARTESIAN_POINT ( 'NONE',  ( 2.904407109647114904, 1.074858337086199933, 0.4943208893851690489 ) ) ;
#6356 = CARTESIAN_POINT ( 'NONE',  ( 2.268438336463100224, -1.756762681121669889, 0.8036112180847609920 ) ) ;
#6357 = DIRECTION ( 'NONE',  ( 0.0000000000000000000, 0.0000000000000000000, -1.000000000000000000 ) ) ;
#6358 = CARTESIAN_POINT ( 'NONE',  ( 0.4684256701484629803, -1.879972491960784975, 2.799999999999999822 ) ) ;
#6359 = AXIS2_PLACEMENT_3D ( 'NONE', #4903, #10709, #3239 ) ;
#6360 = CARTESIAN_POINT ( 'NONE',  ( -2.384550593578779853, 1.980636901138054906, 0.6555916667086060245 ) ) ;
#6361 = ORIENTED_EDGE ( 'NONE', *, *, #700, .F. ) ;
#6362 = CARTESIAN_POINT ( 'NONE',  ( 2.399999999999999911, 2.799999999999999822, 0.1000000000000000056 ) ) ;
#6363 = ORIENTED_EDGE ( 'NONE', *, *, #3279, .T. ) ;
#6364 = CARTESIAN_POINT ( 'NONE',  ( -2.450783891162835904, 2.625561476062410193, 0.1000000000000000056 ) ) ;
#6365 =( LENGTH_UNIT ( ) NAMED_UNIT ( * ) SI_UNIT ( .MILLI., .METRE. ) );
#6366 = PLANE ( 'NONE',  #3559 ) ;
#6367 =( NAMED_UNIT ( * ) PLANE_ANGLE_UNIT ( ) SI_UNIT ( $, .RADIAN. ) );
#6368 =( GEOMETRIC_REPRESENTATION_CONTEXT ( 3 ) GLOBAL_UNCERTAINTY_ASSIGNED_CONTEXT ( ( #5745 ) ) GLOBAL_UNIT_ASSIGNED_CONTEXT ( ( #3898, #7857, #8236 ) ) REPRESENTATION_CONTEXT ( 'NONE', 'WORKASPACE' ) );
#6369 = FILL_AREA_STYLE ('',( #2190 ) ) ;
#6370 = VECTOR ( 'NONE', #8451, 1000.000000000000000 ) ;
#6371 = CARTESIAN_POINT ( 'NONE',  ( 2.143239352941129994, 2.606760647058875335, 2.399999999999999911 ) ) ;
#6372 = CARTESIAN_POINT ( 'NONE',  ( 0.1722171299342409867, 0.5772601490634609034, 2.799999999999999822 ) ) ;
#6373 = VECTOR ( 'NONE', #10351, 1000.000000000000000 ) ;
#6374 = PLANE ( 'NONE',  #6164 ) ;
#6375 = EDGE_CURVE ( 'NONE', #10371, #8161, #6377, .T. ) ;
#6376 = ORIENTED_EDGE ( 'NONE', *, *, #3231, .T. ) ;
#6377 = LINE ( 'NONE', #3943, #8469 ) ;
#6378 = CARTESIAN_POINT ( 'NONE',  ( -1.990671209641589945, -1.209392801811849827, 1.461183922132481827 ) ) ;
#6379 = CARTESIAN_POINT ( 'NONE',  ( -0.2345856926139834875, -0.6232469165235499098, 2.790000000000000036 ) ) ;
#6380 =( NAMED_UNIT ( * ) PLANE_ANGLE_UNIT ( ) SI_UNIT ( $, .RADIAN. ) );
#6381 = ORIENTED_EDGE ( 'NONE', *, *, #1130, .T. ) ;
#6382 = CARTESIAN_POINT ( 'NONE',  ( -2.386105360776811679, -2.011178135591903615, 0.6503907992217546896 ) ) ;
#6383 = CARTESIAN_POINT ( 'NONE',  ( -2.600000000000000089, 2.799999999999999822, 0.5000000000000000000 ) ) ;
#6384 =( GEOMETRIC_REPRESENTATION_CONTEXT ( 3 ) GLOBAL_UNCERTAINTY_ASSIGNED_CONTEXT ( ( #1612 ) ) GLOBAL_UNIT_ASSIGNED_CONTEXT ( ( #5577, #1424, #9969 ) ) REPRESENTATION_CONTEXT ( 'NONE', 'WORKASPACE' ) );
#6385 = CARTESIAN_POINT ( 'NONE',  ( -2.546297868881520099, 1.944835612241625045, 0.4829822350172560119 ) ) ;
#6386 = PRESENTATION_LAYER_ASSIGNMENT (  '', '', ( #9515 ) ) ;
#6387 = CARTESIAN_POINT ( 'NONE',  ( -0.1337711258411727888, -1.675716157498960079, 2.790000000000000036 ) ) ;
#6388 = CARTESIAN_POINT ( 'NONE',  ( -2.799999999999999822, -2.070156211871640117, 0.5000000000000000000 ) ) ;
#6389 = UNCERTAINTY_MEASURE_WITH_UNIT (LENGTH_MEASURE( 1.000000000000000082E-05 ), #7469, 'distance_accuracy_value', 'NONE');
#6390 = CARTESIAN_POINT ( 'NONE',  ( 0.2112822484499475018, -1.693337811376705027, 2.790000000000000036 ) ) ;
#6391 = EDGE_CURVE ( 'NONE', #5954, #10232, #8081, .T. ) ;
#6392 = VECTOR ( 'NONE', #4218, 1000.000000000000000 ) ;
#6393 = VERTEX_POINT ( 'NONE', #1431 ) ;
#6394 = SURFACE_SIDE_STYLE ('',( #9785 ) ) ;
#6395 = AXIS2_PLACEMENT_3D ( 'NONE', #8018, #3711, #3889 ) ;
#6396 = CARTESIAN_POINT ( 'NONE',  ( -2.696740996562059678, 1.370887572817494071, 2.124179972662914917 ) ) ;
#6397 = EDGE_LOOP ( 'NONE', ( #7928, #441, #7880, #6013 ) ) ;
#6398 = CARTESIAN_POINT ( 'NONE',  ( -3.000000000000000000, -1.625735931288069924, 2.399999999999999911 ) ) ;
#6399 = EDGE_CURVE ( 'NONE', #9290, #7642, #4970, .T. ) ;
#6400 = CARTESIAN_POINT ( 'NONE',  ( 2.102119455103074852, 2.393819978604815546, 0.8031671104466170386 ) ) ;
#6401 = PLANE ( 'NONE',  #1579 ) ;
#6402 = CARTESIAN_POINT ( 'NONE',  ( 4.293599859243420510E-17, -2.911222584788094814, 0.4830475427331750171 ) ) ;
#6403 = MECHANICAL_DESIGN_GEOMETRIC_PRESENTATION_REPRESENTATION (  '', ( #9535 ), #4687 ) ;
#6404 = CIRCLE ( 'NONE', #7273, 0.04999999999999991257 ) ;
#6405 = AXIS2_PLACEMENT_3D ( 'NONE', #6649, #1645, #2525 ) ;
#6406 = CARTESIAN_POINT ( 'NONE',  ( -1.149999999999999911, 2.979999999999999982, 0.1000000000000000056 ) ) ;
#6407 = ORIENTED_EDGE ( 'NONE', *, *, #527, .F. ) ;
#6408 = CARTESIAN_POINT ( 'NONE',  ( -1.223268771936081967, 1.993170211200559816, 1.453378160217425830 ) ) ;
#6409 = MECHANICAL_DESIGN_GEOMETRIC_PRESENTATION_REPRESENTATION (  '', ( #9368 ), #10253 ) ;
#6410 = CARTESIAN_POINT ( 'NONE',  ( 2.481906682813189935, -1.721296480250660066, 2.122259087762995211 ) ) ;
#6411 = PRESENTATION_LAYER_ASSIGNMENT (  '', '', ( #7281 ) ) ;
#6412 = FACE_OUTER_BOUND ( 'NONE', #6447, .T. ) ;
#6413 = CARTESIAN_POINT ( 'NONE',  ( 2.399999999999999911, 2.979999999999999982, 0.1000000000000000056 ) ) ;
#6414 = LINE ( 'NONE', #2292, #10003 ) ;
#6415 = CARTESIAN_POINT ( 'NONE',  ( 3.000000000000000000, 1.622046848901099736, 2.399999999999999911 ) ) ;
#6416 = CARTESIAN_POINT ( 'NONE',  ( 2.541965463879420017, -1.939802689167530181, 0.4886548233449369838 ) ) ;
#6417 = CARTESIAN_POINT ( 'NONE',  ( -0.5999999999999999778, -2.200885852783994956, 2.790000000000000036 ) ) ;
#6418 = CARTESIAN_POINT ( 'NONE',  ( 2.087867965644035095, 2.662132034355964905, 2.799999999999999822 ) ) ;
#6419 = SURFACE_SIDE_STYLE ('',( #8769 ) ) ;
#6420 = VECTOR ( 'NONE', #167, 1000.000000000000000 ) ;
#6421 = ADVANCED_FACE ( 'NONE', ( #4775 ), #8029, .T. ) ;
#6422 = CARTESIAN_POINT ( 'NONE',  ( -2.321699735072304982, 1.972043603043179827, 0.7384200189143299564 ) ) ;
#6423 = ORIENTED_EDGE ( 'NONE', *, *, #5609, .T. ) ;
#6424 = FILL_AREA_STYLE_COLOUR ( '', #5527 ) ;
#6425 = ORIENTED_EDGE ( 'NONE', *, *, #1930, .T. ) ;
#6426 = CARTESIAN_POINT ( 'NONE',  ( 0.2502590124535895022, -0.5988679033182549016, 2.799999999999999822 ) ) ;
#6427 = CARTESIAN_POINT ( 'NONE',  ( -0.2726693823799065108, -0.4221335432372904650, 2.799999999999999822 ) ) ;
#6428 =( LENGTH_UNIT ( ) NAMED_UNIT ( * ) SI_UNIT ( .MILLI., .METRE. ) );
#6429 = DIRECTION ( 'NONE',  ( 3.203166744464219909E-16, 1.000000000000000000, 0.0000000000000000000 ) ) ;
#6430 = DIRECTION ( 'NONE',  ( 0.0000000000000000000, 1.000000000000000000, 0.0000000000000000000 ) ) ;
#6431 = PRESENTATION_LAYER_ASSIGNMENT (  '', '', ( #8347 ) ) ;
#6432 = SURFACE_STYLE_FILL_AREA ( #6531 ) ;
#6433 = DIRECTION ( 'NONE',  ( -1.000000000000000000, 0.0000000000000000000, 0.0000000000000000000 ) ) ;
#6434 = B_SPLINE_CURVE_WITH_KNOTS ( 'NONE', 3,
 ( #3731, #1271, #1219, #5487, #10269, #6066, #4443 ),
 .UNSPECIFIED., .F., .F.,
 ( 4, 1, 1, 1, 4 ),
 ( 0.0000000000000000000, 0.2958783195951245060, 0.5611080725506880640, 0.7963677377324659412, 1.000000000000000000 ),
 .UNSPECIFIED. ) ;
#6435 = CARTESIAN_POINT ( 'NONE',  ( -2.500000000000000000, -2.004042074541589891, 0.2169669516854684510 ) ) ;
#6436 = ORIENTED_EDGE ( 'NONE', *, *, #8428, .F. ) ;
#6437 = CARTESIAN_POINT ( 'NONE',  ( -2.480821679990475204, -2.879636800476709890, 0.4943365330032840621 ) ) ;
#6438 = CARTESIAN_POINT ( 'NONE',  ( -2.685075126711049975, -1.953747867845400110, 0.3864410810002315011 ) ) ;
#6439 = DIRECTION ( 'NONE',  ( 0.0000000000000000000, 0.0000000000000000000, 1.000000000000000000 ) ) ;
#6440 = CARTESIAN_POINT ( 'NONE',  ( 2.474345596219860166, -1.449999999999999956, 0.1000000000000000056 ) ) ;
#6441 = ORIENTED_EDGE ( 'NONE', *, *, #7921, .T. ) ;
#6442 = CARTESIAN_POINT ( 'NONE',  ( -2.350803629549379714, -2.053315438510079805, 0.6896208547284340407 ) ) ;
#6443 =( LENGTH_UNIT ( ) NAMED_UNIT ( * ) SI_UNIT ( .MILLI., .METRE. ) );
#6444 = CARTESIAN_POINT ( 'NONE',  ( 2.911321176334814798, 0.7191864439097339634, 0.4829571105390850216 ) ) ;
#6445 = CARTESIAN_POINT ( 'NONE',  ( -2.589376507015315187, 1.853201260295034958, 0.5000000000000000000 ) ) ;
#6446 = CARTESIAN_POINT ( 'NONE',  ( -2.500000000000000000, 2.043611091081489750, 0.1960887496905119876 ) ) ;
#6447 = EDGE_LOOP ( 'NONE', ( #6011, #5792, #6509, #8610 ) ) ;
#6448 = CARTESIAN_POINT ( 'NONE',  ( -2.699091624704700099, 1.362980820060442078, 2.124220413105935013 ) ) ;
#6449 = ORIENTED_EDGE ( 'NONE', *, *, #3659, .T. ) ;
#6450 = CARTESIAN_POINT ( 'NONE',  ( -2.474345596219860166, 1.449999999999999956, 0.1000000000000000056 ) ) ;
#6451 = CARTESIAN_POINT ( 'NONE',  ( 2.219010086090340117, 2.924996493779954854, 0.4830167243647560116 ) ) ;
#6452 = PRESENTATION_STYLE_ASSIGNMENT (( #2222 ) ) ;
#6453 = EDGE_CURVE ( 'NONE', #6074, #6777, #9238, .T. ) ;
#6454 = CARTESIAN_POINT ( 'NONE',  ( -2.219010086090280165, -2.924996493779425055, 0.4830167243656599552 ) ) ;
#6455 = EDGE_CURVE ( 'NONE', #6457, #2217, #9823, .T. ) ;
#6456 = CARTESIAN_POINT ( 'NONE',  ( 0.3282910536466949747, -1.777072890040964914, 2.799999999999999822 ) ) ;
#6457 = VERTEX_POINT ( 'NONE', #7306 ) ;
#6458 = CARTESIAN_POINT ( 'NONE',  ( -1.809690044651685037, 2.906761638232144840, 0.4943419911255699795 ) ) ;
#6459 = CARTESIAN_POINT ( 'NONE',  ( 2.526909588585465105, -1.990842291294645072, 0.4829835898721360210 ) ) ;
#6460 = CARTESIAN_POINT ( 'NONE',  ( -0.1090909090909085999, -1.657379359277499908, 2.799999999999999822 ) ) ;
#6461 = CARTESIAN_POINT ( 'NONE',  ( 2.409671606656782927, -2.674719170539156643, 0.1000000000000000056 ) ) ;
#6462 = CARTESIAN_POINT ( 'NONE',  ( 2.852797454255475262, 1.523925076244829979, 0.5000000000000000000 ) ) ;
#6463 = CARTESIAN_POINT ( 'NONE',  ( 2.952305103597135272, -1.790418708218310062, 2.399999999999999911 ) ) ;
#6464 = DIRECTION ( 'NONE',  ( 0.0000000000000000000, -1.000000000000000000, 0.0000000000000000000 ) ) ;
#6465 = EDGE_CURVE ( 'NONE', #2555, #4215, #10749, .T. ) ;
#6466 = CARTESIAN_POINT ( 'NONE',  ( 2.168404344971008868E-16, 2.750000000000000000, 2.399999999999999911 ) ) ;
#6467 = CARTESIAN_POINT ( 'NONE',  ( 0.4296522000915025119, -1.850984658698869856, 2.790000000000000036 ) ) ;
#6468 = UNCERTAINTY_MEASURE_WITH_UNIT (LENGTH_MEASURE( 1.000000000000000082E-05 ), #2352, 'distance_accuracy_value', 'NONE');
#6469 = VERTEX_POINT ( 'NONE', #8288 ) ;
#6470 = ORIENTED_EDGE ( 'NONE', *, *, #2400, .T. ) ;
#6471 = DIRECTION ( 'NONE',  ( 0.0000000000000000000, 0.0000000000000000000, 1.000000000000000000 ) ) ;
#6472 = ORIENTED_EDGE ( 'NONE', *, *, #1763, .T. ) ;
#6473 = CARTESIAN_POINT ( 'NONE',  ( 2.750000000000000000, 1.625735931288069924, 2.799999999999999822 ) ) ;
#6474 = CARTESIAN_POINT ( 'NONE',  ( -0.1141190710410199954, -0.5334365869413509875, 2.799999999999999822 ) ) ;
#6475 = DIRECTION ( 'NONE',  ( 1.000000000000000000, 0.0000000000000000000, 0.0000000000000000000 ) ) ;
#6476 = CARTESIAN_POINT ( 'NONE',  ( -2.500000000000000000, 1.967873215594785341, 0.1270939735636498202 ) ) ;
#6477 = SURFACE_STYLE_USAGE ( .BOTH. , #8184 ) ;
#6478 =( NAMED_UNIT ( * ) PLANE_ANGLE_UNIT ( ) SI_UNIT ( $, .RADIAN. ) );
#6479 = EDGE_CURVE ( 'NONE', #10520, #2610, #3174, .T. ) ;
#6480 = LINE ( 'NONE', #5623, #10057 ) ;
#6481 = CARTESIAN_POINT ( 'NONE',  ( 2.474345596219860166, 1.449999999999999956, 0.1000000000000000056 ) ) ;
#6482 = ORIENTED_EDGE ( 'NONE', *, *, #2896, .F. ) ;
#6483 = DIRECTION ( 'NONE',  ( -1.516532339388919979E-16, -1.000000000000000000, 0.0000000000000000000 ) ) ;
#6484 = CARTESIAN_POINT ( 'NONE',  ( -2.143239352941129994, -2.606760647058870006, 2.399999999999999911 ) ) ;
#6485 = DIRECTION ( 'NONE',  ( 0.8167728209858042820, 0.5769594083632672010, 0.0000000000000000000 ) ) ;
#6486 = CARTESIAN_POINT ( 'NONE',  ( -0.1337711258411730109, -0.5536382354210389600, 2.790000000000000036 ) ) ;
#6487 =( LENGTH_UNIT ( ) NAMED_UNIT ( * ) SI_UNIT ( .MILLI., .METRE. ) );
#6488 = ORIENTED_EDGE ( 'NONE', *, *, #10603, .F. ) ;
#6489 = CARTESIAN_POINT ( 'NONE',  ( -2.386968197601435637, -2.004042074047435840, 0.6500019154969439716 ) ) ;
#6490 = CARTESIAN_POINT ( 'NONE',  ( 3.000000000000000000, 1.622046848901099736, 2.399999999999999911 ) ) ;
#6491 = CARTESIAN_POINT ( 'NONE',  ( -2.722256683429615354, 1.697891262005684965, 0.4943253780891690430 ) ) ;
#6492 = CARTESIAN_POINT ( 'NONE',  ( -0.2517973613883844886, -1.757931550147330046, 2.790000000000000036 ) ) ;
#6493 = CIRCLE ( 'NONE', #9280, 0.05000000000000012768 ) ;
#6494 = DIRECTION ( 'NONE',  ( 0.6246950475544237324, -0.7808688094430306093, 0.0000000000000000000 ) ) ;
#6495 = ORIENTED_EDGE ( 'NONE', *, *, #327, .T. ) ;
#6496 = CARTESIAN_POINT ( 'NONE',  ( -2.600000000000000089, -2.070156211871640117, 0.5000000000000000000 ) ) ;
#6497 = CARTESIAN_POINT ( 'NONE',  ( -3.000000000000000000, -0.7799574553199050131, 2.399999999999999911 ) ) ;
#6498 = ORIENTED_EDGE ( 'NONE', *, *, #7829, .F. ) ;
#6499 =( GEOMETRIC_REPRESENTATION_CONTEXT ( 3 ) GLOBAL_UNCERTAINTY_ASSIGNED_CONTEXT ( ( #6278 ) ) GLOBAL_UNIT_ASSIGNED_CONTEXT ( ( #10098, #3662, #1962 ) ) REPRESENTATION_CONTEXT ( 'NONE', 'WORKASPACE' ) );
#6500 = DIRECTION ( 'NONE',  ( 0.7071067811865475727, 0.0000000000000000000, 0.7071067811865475727 ) ) ;
#6501 = CARTESIAN_POINT ( 'NONE',  ( 1.325537780865424065, 2.471451082036465241, 2.116457169522774961 ) ) ;
#6502 = CARTESIAN_POINT ( 'NONE',  ( -2.399999999999999911, -2.899999999999999911, 0.5000000000000000000 ) ) ;
#6503 = CARTESIAN_POINT ( 'NONE',  ( -1.813745466158029895, -2.913523276465905365, 0.4886839822517660137 ) ) ;
#6504 = VERTEX_POINT ( 'NONE', #6642 ) ;
#6505 = UNCERTAINTY_MEASURE_WITH_UNIT (LENGTH_MEASURE( 1.000000000000000082E-05 ), #7962, 'distance_accuracy_value', 'NONE');
#6506 = B_SPLINE_CURVE_WITH_KNOTS ( 'NONE', 3,
 ( #8187, #3280, #10692, #3224, #6592, #5777, #6532, #9878, #2419, #5730, #9109, #1639, #4980, #812, #3335, #6640, #8504, #7728, #8444, #256, #4254, #7681, #5090, #7626, #8560, #1749, #868, #2783, #1029, #970, #2569, #8390, #917, #1905 ),
 .UNSPECIFIED., .F., .F.,
 ( 4, 3, 3, 3, 3, 3, 3, 3, 3, 3, 3, 4 ),
 ( 0.0002866475043391305795, 0.0002958980738388170104, 0.0003120768620921445229, 0.0003209825099290584895, 0.0003383777591157476950, 0.0003557371520062277675, 0.0003736569893476758206, 0.0003921896094103838998, 0.0004108667866368854787, 0.0004289015832925685209, 0.0004456793273326907241, 0.0004471525057863029538 ),
 .UNSPECIFIED. ) ;
#6507 = AXIS2_PLACEMENT_3D ( 'NONE', #9053, #6475, #9814 ) ;
#6508 = LINE ( 'NONE', #5604, #7997 ) ;
#6509 = ORIENTED_EDGE ( 'NONE', *, *, #4243, .T. ) ;
#6510 = CARTESIAN_POINT ( 'NONE',  ( -2.507026627620099646, 2.026810033744780082, 0.4943283194984429141 ) ) ;
#6511 = EDGE_CURVE ( 'NONE', #7911, #4619, #7239, .T. ) ;
#6512 = CARTESIAN_POINT ( 'NONE',  ( 2.647914252001875024, -1.801248571615579941, 0.4886523206459379987 ) ) ;
#6513 = SURFACE_STYLE_USAGE ( .BOTH. , #1619 ) ;
#6514 = CARTESIAN_POINT ( 'NONE',  ( 2.399999999999999911, 2.799999999999999822, 0.5000000000000000000 ) ) ;
#6515 = CARTESIAN_POINT ( 'NONE',  ( 2.168404344971008868E-16, -2.750000000000000000, 2.399999999999999911 ) ) ;
#6516 = CARTESIAN_POINT ( 'NONE',  ( 2.887694824517324843, 1.491532136602982117, 0.4943237783705690114 ) ) ;
#6517 = CARTESIAN_POINT ( 'NONE',  ( 2.597086072751039865, -1.594004897675719956, 2.122948317076865266 ) ) ;
#6518 = CIRCLE ( 'NONE', #1819, 0.1499999999999999667 ) ;
#6519 = CARTESIAN_POINT ( 'NONE',  ( 2.956173761888604812, 1.554782797639240099, 0.2071554596297830175 ) ) ;
#6520 = CARTESIAN_POINT ( 'NONE',  ( -3.000000000000000000, -1.559834068648709993, 2.399999999999999911 ) ) ;
#6521 = DIRECTION ( 'NONE',  ( 0.0000000000000000000, 0.0000000000000000000, 1.000000000000000000 ) ) ;
#6522 = ORIENTED_EDGE ( 'NONE', *, *, #10719, .T. ) ;
#6523 = ADVANCED_FACE ( 'NONE', ( #814 ), #1693, .T. ) ;
#6524 = ORIENTED_EDGE ( 'NONE', *, *, #4020, .T. ) ;
#6525 = CARTESIAN_POINT ( 'NONE',  ( 0.2737454707871014858, -0.6154340613369498891, 2.799999999999999822 ) ) ;
#6526 = FACE_OUTER_BOUND ( 'NONE', #2931, .T. ) ;
#6527 = CARTESIAN_POINT ( 'NONE',  ( 9.080193194566117384E-16, 2.699736777569941903, 0.8025108550718172973 ) ) ;
#6528 = CARTESIAN_POINT ( 'NONE',  ( -2.500000000000000000, 1.996979198142899925, 0.2167655158355845102 ) ) ;
#6529 = CARTESIAN_POINT ( 'NONE',  ( 0.02556818181818194813, -0.4400903982385390156, 2.790000000000000036 ) ) ;
#6530 = EDGE_CURVE ( 'NONE', #894, #5478, #3226, .T. ) ;
#6531 = FILL_AREA_STYLE ('',( #2305 ) ) ;
#6532 = CARTESIAN_POINT ( 'NONE',  ( -2.500000000000000000, -2.028458167877285057, 0.1181130769335481945 ) ) ;
#6533 = STYLED_ITEM ( 'NONE', ( #5906 ), #6172 ) ;
#6534 = ORIENTED_EDGE ( 'NONE', *, *, #2219, .F. ) ;
#6535 = FILL_AREA_STYLE ('',( #4004 ) ) ;
#6536 = CARTESIAN_POINT ( 'NONE',  ( -2.179636552472089761, -2.192363373790064962, 0.8033235806514659183 ) ) ;
#6537 = CARTESIAN_POINT ( 'NONE',  ( 2.599543727092854972, 2.537824885513815243, 0.1150429824336170054 ) ) ;
#6538 = B_SPLINE_CURVE_WITH_KNOTS ( 'NONE', 3,
 ( #3237, #8145, #4063, #677, #9893, #2436, #4114 ),
 .UNSPECIFIED., .F., .F.,
 ( 4, 1, 1, 1, 4 ),
 ( 0.0000000000000000000, 5.036490915088609970E-05, 0.0001007298183017700039, 0.0001510947274526605014, 0.0002014596366035464859 ),
 .UNSPECIFIED. ) ;
#6539 = ORIENTED_EDGE ( 'NONE', *, *, #5306, .T. ) ;
#6540 = CARTESIAN_POINT ( 'NONE',  ( -0.5999999999999999778, -0.1802689696671105068, 2.799999999999999822 ) ) ;
#6541 = CARTESIAN_POINT ( 'NONE',  ( 2.565739357167089896, -1.882747697605310133, 0.5000000000000000000 ) ) ;
#6542 = ORIENTED_EDGE ( 'NONE', *, *, #4460, .F. ) ;
#6543 = CARTESIAN_POINT ( 'NONE',  ( 2.702124418022505026, 1.309070644158859986, 2.124358696580259664 ) ) ;
#6544 = CARTESIAN_POINT ( 'NONE',  ( -2.561586897983050282, 1.908821659518174840, 0.4886542278321249766 ) ) ;
#6545 = FILL_AREA_STYLE ('',( #4837 ) ) ;
#6546 = AXIS2_PLACEMENT_3D ( 'NONE', #4158, #10641, #9977 ) ;
#6547 = CARTESIAN_POINT ( 'NONE',  ( 0.2464285714285714968, -0.4807559826541240033, 2.790000000000000036 ) ) ;
#6548 = EDGE_CURVE ( 'NONE', #5171, #6632, #6714, .T. ) ;
#6549 = VERTEX_POINT ( 'NONE', #714 ) ;
#6550 = DIRECTION ( 'NONE',  ( -1.000000000000000000, 0.0000000000000000000, 0.0000000000000000000 ) ) ;
#6551 = CARTESIAN_POINT ( 'NONE',  ( -2.903397378093055092, 0.3597942069320815284, 0.4943178386097900057 ) ) ;
#6552 = VECTOR ( 'NONE', #2409, 1000.000000000000114 ) ;
#6553 = VERTEX_POINT ( 'NONE', #4052 ) ;
#6554 = CARTESIAN_POINT ( 'NONE',  ( -2.956173761888604812, 1.554782797639240099, 0.5000000000000000000 ) ) ;
#6555 = AXIS2_PLACEMENT_3D ( 'NONE', #463, #1343, #7111 ) ;
#6556 = CARTESIAN_POINT ( 'NONE',  ( -0.2000000001021060014, 2.899999999999999911, 0.5000000000000000000 ) ) ;
#6557 = CARTESIAN_POINT ( 'NONE',  ( -2.980388000377939939, -1.737163522619419975, 2.399999999999999911 ) ) ;
#6558 = DIRECTION ( 'NONE',  ( 0.0000000000000000000, 0.0000000000000000000, -1.000000000000000000 ) ) ;
#6559 = VECTOR ( 'NONE', #1138, 1000.000000000000000 ) ;
#6560 = PRESENTATION_LAYER_ASSIGNMENT (  '', '', ( #9015 ) ) ;
#6561 = PRESENTATION_LAYER_ASSIGNMENT (  '', '', ( #3984 ) ) ;
#6562 = SURFACE_STYLE_FILL_AREA ( #1503 ) ;
#6563 = EDGE_LOOP ( 'NONE', ( #487, #9700, #3510, #10517, #3853, #291, #10628, #7771 ) ) ;
#6564 = CARTESIAN_POINT ( 'NONE',  ( -2.574589024893939815, 2.175410975106065070, 2.399999999999999911 ) ) ;
#6565 = CARTESIAN_POINT ( 'NONE',  ( 2.952305103597135272, -1.790418708218310062, 2.399999999999999911 ) ) ;
#6566 = LINE ( 'NONE', #3416, #6916 ) ;
#6567 = PRESENTATION_LAYER_ASSIGNMENT (  '', '', ( #5885 ) ) ;
#6568 = CARTESIAN_POINT ( 'NONE',  ( 2.571050564592175292, 1.279264838926515990, 0.8038554312512460331 ) ) ;
#6569 = CARTESIAN_POINT ( 'NONE',  ( 2.561586897983135103, -1.908821659518014968, 0.4886542278322170141 ) ) ;
#6570 = AXIS2_PLACEMENT_3D ( 'NONE', #5307, #3719, #7023 ) ;
#6571 = CARTESIAN_POINT ( 'NONE',  ( 0.1822658279807370107, -1.650767085218064922, 2.799999999999999822 ) ) ;
#6572 = MECHANICAL_DESIGN_GEOMETRIC_PRESENTATION_REPRESENTATION (  '', ( #1013 ), #6053 ) ;
#6573 = CARTESIAN_POINT ( 'NONE',  ( -2.815672260149694850, -1.603326987380540025, 0.4829736931803499389 ) ) ;
#6574 = CARTESIAN_POINT ( 'NONE',  ( -2.087867965644035095, -2.662132034355964905, 2.799999999999999822 ) ) ;
#6575 = ADVANCED_FACE ( 'NONE', ( #8131 ), #658, .F. ) ;
#6576 = UNCERTAINTY_MEASURE_WITH_UNIT (LENGTH_MEASURE( 1.000000000000000082E-05 ), #4522, 'distance_accuracy_value', 'NONE');
#6577 = VECTOR ( 'NONE', #6273, 1000.000000000000000 ) ;
#6578 = VECTOR ( 'NONE', #6612, 999.9999999999998863 ) ;
#6579 = EDGE_LOOP ( 'NONE', ( #8425, #4244, #1420, #7294 ) ) ;
#6580 = FACE_OUTER_BOUND ( 'NONE', #9441, .T. ) ;
#6581 = ORIENTED_EDGE ( 'NONE', *, *, #9862, .F. ) ;
#6582 = CARTESIAN_POINT ( 'NONE',  ( -0.1321134603316792000, -0.5222544662799279980, 2.790000000000000036 ) ) ;
#6583 = CARTESIAN_POINT ( 'NONE',  ( -0.5999999999999999778, 0.01210116020301920010, 2.790000000000000036 ) ) ;
#6584 = DIRECTION ( 'NONE',  ( 0.0000000000000000000, 0.0000000000000000000, 1.000000000000000000 ) ) ;
#6585 = CARTESIAN_POINT ( 'NONE',  ( -2.500000000000000000, 1.953736793621390078, 0.1649875062387765046 ) ) ;
#6586 = CARTESIAN_POINT ( 'NONE',  ( -2.087867965644035095, -2.662132034355964905, 2.399999999999999911 ) ) ;
#6587 = STYLED_ITEM ( 'NONE', ( #9723 ), #9905 ) ;
#6588 = AXIS2_PLACEMENT_3D ( 'NONE', #9056, #1585, #4931 ) ;
#6589 = DIRECTION ( 'NONE',  ( 0.0000000000000000000, 0.0000000000000000000, 1.000000000000000000 ) ) ;
#6590 = ADVANCED_FACE ( 'NONE', ( #4421 ), #5092, .F. ) ;
#6591 = ADVANCED_FACE ( 'NONE', ( #9262 ), #10249, .T. ) ;
#6592 = CARTESIAN_POINT ( 'NONE',  ( -2.500000000000000000, -2.018594419693325204, 0.1134375582653289888 ) ) ;
#6593 = STYLED_ITEM ( 'NONE', ( #3169 ), #10402 ) ;
#6594 = EDGE_LOOP ( 'NONE', ( #2744, #9459, #3198, #4492 ) ) ;
#6595 = CARTESIAN_POINT ( 'NONE',  ( -1.149999999999999911, -2.990000000000000213, 0.09000000000000001055 ) ) ;
#6596 = COLOUR_RGB ( '',0.8431372549019607865, 0.8156862745098039102, 0.7529411764705882248 ) ;
#6597 = CARTESIAN_POINT ( 'NONE',  ( -2.443292956677304950, -2.892897529834719705, 0.5000000000000000000 ) ) ;
#6598 = SURFACE_STYLE_FILL_AREA ( #7355 ) ;
#6599 = CARTESIAN_POINT ( 'NONE',  ( -0.5999999999999999778, -1.078807930706071838, 2.790000000000000036 ) ) ;
#6600 = CARTESIAN_POINT ( 'NONE',  ( -0.5999999999999999778, -1.302346891745032043, 2.790000000000000036 ) ) ;
#6601 = ORIENTED_EDGE ( 'NONE', *, *, #9220, .F. ) ;
#6602 = CARTESIAN_POINT ( 'NONE',  ( -1.911091270347400117, -2.485355339059324820, 2.799999999999999822 ) ) ;
#6603 = CARTESIAN_POINT ( 'NONE',  ( 3.000000000000000000, 1.613753875969744955, 2.399999999999999911 ) ) ;
#6604 = CARTESIAN_POINT ( 'NONE',  ( -2.999269425349195384, 1.646765773452540049, 2.399999999999999911 ) ) ;
#6605 = SURFACE_STYLE_FILL_AREA ( #2530 ) ;
#6606 = VECTOR ( 'NONE', #7826, 1000.000000000000000 ) ;
#6607 = CARTESIAN_POINT ( 'NONE',  ( 2.500000000000000000, 2.070156211871640117, 0.5000000000000000000 ) ) ;
#6608 = VERTEX_POINT ( 'NONE', #5890 ) ;
#6609 = DIRECTION ( 'NONE',  ( 0.0000000000000000000, 0.0000000000000000000, 1.000000000000000000 ) ) ;
#6610 = CARTESIAN_POINT ( 'NONE',  ( -2.795537272767059989, 0.3406055053190050197, 2.126706931356600272 ) ) ;
#6611 = ORIENTED_EDGE ( 'NONE', *, *, #2447, .F. ) ;
#6612 = DIRECTION ( 'NONE',  ( -0.6246950475544241765, 0.7808688094430303872, 0.0000000000000000000 ) ) ;
#6613 = CARTESIAN_POINT ( 'NONE',  ( -1.712896288278569878, 2.750000000000000000, 2.399999999999999911 ) ) ;
#6614 = CARTESIAN_POINT ( 'NONE',  ( -0.2399940192235980041, 0.6764989036010039536, 2.790000000000000036 ) ) ;
#6615 = SURFACE_SIDE_STYLE ('',( #8103 ) ) ;
#6616 = EDGE_CURVE ( 'NONE', #9101, #300, #7628, .T. ) ;
#6617 = VECTOR ( 'NONE', #6868, 1000.000000000000000 ) ;
#6618 = CARTESIAN_POINT ( 'NONE',  ( 0.4296522000915025119, -1.850984658698869856, 2.799999999999999822 ) ) ;
#6619 = ORIENTED_EDGE ( 'NONE', *, *, #227, .T. ) ;
#6620 = CARTESIAN_POINT ( 'NONE',  ( -2.174790356241934841, 2.022494745270435157, 2.120596060571950048 ) ) ;
#6621 = VECTOR ( 'NONE', #1876, 1000.000000000000000 ) ;
#6622 = CARTESIAN_POINT ( 'NONE',  ( 2.554864190264370283, -1.644184833541884938, 2.122644347859169667 ) ) ;
#6623 = CARTESIAN_POINT ( 'NONE',  ( 0.1660045177501129898, -0.5412037983297230959, 2.790000000000000036 ) ) ;
#6624 = CARTESIAN_POINT ( 'NONE',  ( -2.999269425349195384, 1.646765773452540049, 2.399999999999999911 ) ) ;
#6625 = CARTESIAN_POINT ( 'NONE',  ( 0.0000000000000000000, 0.0000000000000000000, 0.09000000000000001055 ) ) ;
#6626 = CARTESIAN_POINT ( 'NONE',  ( 3.000000000000000000, 1.647676829771244966, 2.399999999999999911 ) ) ;
#6627 = CARTESIAN_POINT ( 'NONE',  ( 2.481906682813189935, -1.721296480250660066, 2.122259087762995211 ) ) ;
#6628 = DIRECTION ( 'NONE',  ( 1.000000000000000000, 0.0000000000000000000, 0.0000000000000000000 ) ) ;
#6629 = CARTESIAN_POINT ( 'NONE',  ( -2.571050564594799859, -1.279264838929405901, 0.8038554312423720205 ) ) ;
#6630 = DIRECTION ( 'NONE',  ( 0.0000000000000000000, 1.000000000000000000, 0.0000000000000000000 ) ) ;
#6631 = ADVANCED_FACE ( 'NONE', ( #1958 ), #5297, .F. ) ;
#6632 = VERTEX_POINT ( 'NONE', #8667 ) ;
#6633 = SURFACE_SIDE_STYLE ('',( #3326 ) ) ;
#6634 = DIRECTION ( 'NONE',  ( -0.8170116904760639231, -0.5766211040409849886, 0.0000000000000000000 ) ) ;
#6635 = LINE ( 'NONE', #2354, #4433 ) ;
#6636 = LINE ( 'NONE', #4201, #5018 ) ;
#6637 = CARTESIAN_POINT ( 'NONE',  ( -2.500000000000000000, 2.003549257499036340, 0.2169673383105654996 ) ) ;
#6638 = SURFACE_STYLE_FILL_AREA ( #9925 ) ;
#6639 = CARTESIAN_POINT ( 'NONE',  ( 2.579999999999999627, -2.550000000000000266, 0.1000000000000000056 ) ) ;
#6640 = CARTESIAN_POINT ( 'NONE',  ( -2.500000000000000000, -2.052991959617025408, 0.1529929263517759708 ) ) ;
#6641 = ORIENTED_EDGE ( 'NONE', *, *, #5797, .T. ) ;
#6642 = CARTESIAN_POINT ( 'NONE',  ( -2.499999999999999556, 2.004042073553660597, 0.2169669516854684510 ) ) ;
#6643 = CARTESIAN_POINT ( 'NONE',  ( -1.918062981917995069, -2.748290565998874779, 2.399999999999999911 ) ) ;
#6644 = EDGE_CURVE ( 'NONE', #6632, #7652, #2832, .T. ) ;
#6645 = CARTESIAN_POINT ( 'NONE',  ( -2.717051907063360083, -1.963816074889709995, 0.3864410810002315011 ) ) ;
#6646 = CARTESIAN_POINT ( 'NONE',  ( 0.5999999999999999778, -1.353239748887890004, 2.799999999999999822 ) ) ;
#6647 = CARTESIAN_POINT ( 'NONE',  ( 2.600000000000000089, -2.070156211871640117, 0.3634627865033320249 ) ) ;
#6648 = ORIENTED_EDGE ( 'NONE', *, *, #9120, .F. ) ;
#6649 = CARTESIAN_POINT ( 'NONE',  ( 0.3194015293830334556, 3.911540606017012291E-17, 0.4500000000000000111 ) ) ;
#6650 = CARTESIAN_POINT ( 'NONE',  ( 2.904447688835234853, 1.450525967446304021, 0.4943234524070309610 ) ) ;
#6651 = CARTESIAN_POINT ( 'NONE',  ( -2.893771002742730136, 1.482480220419621908, 0.4943237931295850762 ) ) ;
#6652 = CARTESIAN_POINT ( 'NONE',  ( 2.533492427766670385, 1.929351531097875050, 0.4999999999999479861 ) ) ;
#6653 = ORIENTED_EDGE ( 'NONE', *, *, #3599, .T. ) ;
#6654 = SURFACE_STYLE_FILL_AREA ( #3353 ) ;
#6655 = CARTESIAN_POINT ( 'NONE',  ( -2.489018577012554800, 0.4041649248997734589, 1.465641170940049864 ) ) ;
#6656 = ADVANCED_FACE ( 'NONE', ( #4712 ), #278, .T. ) ;
#6657 = CARTESIAN_POINT ( 'NONE',  ( -0.1090909090909091966, 0.5867764848783439957, 2.790000000000000036 ) ) ;
#6658 = VERTEX_POINT ( 'NONE', #422 ) ;
#6659 = DIRECTION ( 'NONE',  ( 0.0000000000000000000, 0.0000000000000000000, -1.000000000000000000 ) ) ;
#6660 = CARTESIAN_POINT ( 'NONE',  ( -2.449665983286750226, 2.902220160441794761, 0.4943369222418320108 ) ) ;
#6661 = CARTESIAN_POINT ( 'NONE',  ( -0.1463446132156279722, 0.6098422153945179947, 2.790000000000000036 ) ) ;
#6662 =( NAMED_UNIT ( * ) SI_UNIT ( $, .STERADIAN. ) SOLID_ANGLE_UNIT ( ) );
#6663 =( NAMED_UNIT ( * ) SI_UNIT ( $, .STERADIAN. ) SOLID_ANGLE_UNIT ( ) );
#6664 = CIRCLE ( 'NONE', #8768, 0.4880257458711900198 ) ;
#6665 = ORIENTED_EDGE ( 'NONE', *, *, #258, .T. ) ;
#6666 = LINE ( 'NONE', #3311, #10544 ) ;
#6667 = CARTESIAN_POINT ( 'NONE',  ( -1.917498029987585006, 1.296171336552229825, 1.460149104321995850 ) ) ;
#6668 = ORIENTED_EDGE ( 'NONE', *, *, #1809, .F. ) ;
#6669 = EDGE_CURVE ( 'NONE', #644, #2064, #8016, .T. ) ;
#6670 = CARTESIAN_POINT ( 'NONE',  ( 0.1660045177501129898, -0.5412037983297230959, 2.790000000000000036 ) ) ;
#6671 = CARTESIAN_POINT ( 'NONE',  ( -0.5807795887813811397, -1.316736101868462017, 2.790000000000000036 ) ) ;
#6672 = CARTESIAN_POINT ( 'NONE',  ( 1.875735931288075031, -2.449999999999999734, 2.700000000000000178 ) ) ;
#6673 = CARTESIAN_POINT ( 'NONE',  ( 2.553008507226334878, 1.898661260031260012, 0.5000000000000000000 ) ) ;
#6674 = CARTESIAN_POINT ( 'NONE',  ( 2.862526700554115067, -1.534127085345834862, 0.4886482582973550315 ) ) ;
#6675 = VERTEX_POINT ( 'NONE', #3886 ) ;
#6676 =( LENGTH_UNIT ( ) NAMED_UNIT ( * ) SI_UNIT ( .MILLI., .METRE. ) );
#6677 = CARTESIAN_POINT ( 'NONE',  ( -2.603093003961464813, -1.867606244178555253, 0.4829800666097569528 ) ) ;
#6678 = CARTESIAN_POINT ( 'NONE',  ( 0.02556818181818170180, 0.6819875238393829919, 2.790000000000000036 ) ) ;
#6679 = VERTEX_POINT ( 'NONE', #7954 ) ;
#6680 = ADVANCED_FACE ( 'NONE', ( #7185 ), #369, .F. ) ;
#6681 = VECTOR ( 'NONE', #16, 1000.000000000000000 ) ;
#6682 = CARTESIAN_POINT ( 'NONE',  ( 0.5404949629555489965, -2.687389346103184806, 0.8025474971100610144 ) ) ;
#6683 = DIRECTION ( 'NONE',  ( 0.0000000000000000000, 0.0000000000000000000, 1.000000000000000000 ) ) ;
#6684 = FACE_OUTER_BOUND ( 'NONE', #7482, .T. ) ;
#6685 = CARTESIAN_POINT ( 'NONE',  ( 2.399999999999999911, 3.000000000000000000, 0.1200000000000000094 ) ) ;
#6686 = CARTESIAN_POINT ( 'NONE',  ( 2.906652156800174858, -1.469235714977883855, 0.4886473956716149702 ) ) ;
#6687 = CARTESIAN_POINT ( 'NONE',  ( 2.213601253065354602, -2.916664329186519744, 0.4886778162436839490 ) ) ;
#6688 = CARTESIAN_POINT ( 'NONE',  ( 1.149999999999999911, 3.000000000000000000, 0.3499999999999999778 ) ) ;
#6689 =( LENGTH_UNIT ( ) NAMED_UNIT ( * ) SI_UNIT ( .MILLI., .METRE. ) );
#6690 = CARTESIAN_POINT ( 'NONE',  ( 0.2737454707871014858, 0.5066438607409730066, 2.799999999999999822 ) ) ;
#6691 = COLOUR_RGB ( '',0.7686274509803920907, 0.7686274509803920907, 0.7686274509803920907 ) ;
#6692 = LINE ( 'NONE', #6846, #954 ) ;
#6693 = ORIENTED_EDGE ( 'NONE', *, *, #10019, .F. ) ;
#6694 = CARTESIAN_POINT ( 'NONE',  ( -1.073638351475629804, -2.630972049990340178, 0.8026895241438999351 ) ) ;
#6695 = FILL_AREA_STYLE_COLOUR ( '', #2405 ) ;
#6696 = CARTESIAN_POINT ( 'NONE',  ( -1.875735931288069924, 2.750000000000000000, 2.399999999999999911 ) ) ;
#6697 = CARTESIAN_POINT ( 'NONE',  ( -0.5435340141134449299, -1.344619709246519967, 2.790000000000000036 ) ) ;
#6698 = ORIENTED_EDGE ( 'NONE', *, *, #3536, .T. ) ;
#6699 = VECTOR ( 'NONE', #6821, 1000.000000000000000 ) ;
#6700 = PLANE ( 'NONE',  #1721 ) ;
#6701 = FILL_AREA_STYLE_COLOUR ( '', #3286 ) ;
#6702 = CARTESIAN_POINT ( 'NONE',  ( 3.000000000000000000, 1.647676829771244966, 2.399999999999999911 ) ) ;
#6703 = CARTESIAN_POINT ( 'NONE',  ( -2.912025606690590074, 1.473786542841444058, 0.4829710935074479905 ) ) ;
#6704 = CARTESIAN_POINT ( 'NONE',  ( -2.310782614952485048, 2.032796675973384648, 0.7411275474536620500 ) ) ;
#6705 = EDGE_CURVE ( 'NONE', #10091, #6608, #9701, .T. ) ;
#6706 = PRESENTATION_LAYER_ASSIGNMENT (  '', '', ( #6533 ) ) ;
#6707 = CARTESIAN_POINT ( 'NONE',  ( 2.579999999999999627, -2.799999999999999822, 0.1200000000000000094 ) ) ;
#6708 = EDGE_LOOP ( 'NONE', ( #10420, #1445, #228, #7324, #645, #3214, #8431, #5770, #9146, #10060, #3736, #1100, #8096, #1249, #7503, #1812 ) ) ;
#6709 = SURFACE_STYLE_FILL_AREA ( #3401 ) ;
#6710 = CARTESIAN_POINT ( 'NONE',  ( -2.905341484062569979, -1.439758845980532165, 0.4943233719850309571 ) ) ;
#6711 = CARTESIAN_POINT ( 'NONE',  ( 0.1822658279807364834, 0.5933887589377769833, 2.790000000000000036 ) ) ;
#6712 = ORIENTED_EDGE ( 'NONE', *, *, #7319, .F. ) ;
#6713 = CARTESIAN_POINT ( 'NONE',  ( -0.6014163958097880069, 2.899999999999999911, 0.5000000000000000000 ) ) ;
#6714 = CIRCLE ( 'NONE', #7760, 0.7000000000000000666 ) ;
#6715 =( NAMED_UNIT ( * ) PLANE_ANGLE_UNIT ( ) SI_UNIT ( $, .RADIAN. ) );
#6716 = PRESENTATION_LAYER_ASSIGNMENT (  '', '', ( #4123 ) ) ;
#6717 = LINE ( 'NONE', #9338, #2403 ) ;
#6718 = EDGE_CURVE ( 'NONE', #185, #4342, #2246, .T. ) ;
#6719 = CARTESIAN_POINT ( 'NONE',  ( 0.1822658279807370107, -1.650767085218064922, 2.799999999999999822 ) ) ;
#6720 = ORIENTED_EDGE ( 'NONE', *, *, #6954, .F. ) ;
#6721 = SURFACE_SIDE_STYLE ('',( #7596 ) ) ;
#6722 = ADVANCED_FACE ( 'NONE', ( #3709 ), #5410, .T. ) ;
#6723 =( GEOMETRIC_REPRESENTATION_CONTEXT ( 3 ) GLOBAL_UNCERTAINTY_ASSIGNED_CONTEXT ( ( #8117 ) ) GLOBAL_UNIT_ASSIGNED_CONTEXT ( ( #8114, #10678, #5615 ) ) REPRESENTATION_CONTEXT ( 'NONE', 'WORKASPACE' ) );
#6724 = CARTESIAN_POINT ( 'NONE',  ( -2.504325507818060181, 2.059026044851675064, 0.4943286264339050162 ) ) ;
#6725 = ORIENTED_EDGE ( 'NONE', *, *, #6995, .T. ) ;
#6726 = CARTESIAN_POINT ( 'NONE',  ( 0.2112822484499475018, -0.5712598892987850174, 2.790000000000000036 ) ) ;
#6727 = CARTESIAN_POINT ( 'NONE',  ( 0.1957044358701700015, -0.5604147549662670258, 2.790000000000000036 ) ) ;
#6728 = CARTESIAN_POINT ( 'NONE',  ( -2.991220537596175344, 1.702390443120259889, 2.399999999999999911 ) ) ;
#6729 = CARTESIAN_POINT ( 'NONE',  ( 2.481506066829980206, 1.721697075904805141, 2.122259087767555119 ) ) ;
#6730 = CARTESIAN_POINT ( 'NONE',  ( 2.899139236683810239, -1.487061118030958085, 0.4886475862591559416 ) ) ;
#6731 = CARTESIAN_POINT ( 'NONE',  ( -2.318102130323000054, -1.633303136522844978, 0.8036921891866789514 ) ) ;
#6732 = AXIS2_PLACEMENT_3D ( 'NONE', #10524, #6309, #4591 ) ;
#6733 = DIRECTION ( 'NONE',  ( 1.000000000000000000, 0.0000000000000000000, 0.0000000000000000000 ) ) ;
#6734 = AXIS2_PLACEMENT_3D ( 'NONE', #8689, #3732, #7095 ) ;
#6735 = VECTOR ( 'NONE', #990, 1000.000000000000000 ) ;
#6736 = VERTEX_POINT ( 'NONE', #7898 ) ;
#6737 = AXIS2_PLACEMENT_3D ( 'NONE', #10364, #9483, #2019 ) ;
#6738 = CARTESIAN_POINT ( 'NONE',  ( 2.415873556353010265, -2.899999999999999911, 0.5000000000000000000 ) ) ;
#6739 = SURFACE_STYLE_FILL_AREA ( #909 ) ;
#6740 = CARTESIAN_POINT ( 'NONE',  ( -0.1871921107803055095, -0.5897407648998560514, 2.790000000000000036 ) ) ;
#6741 = CARTESIAN_POINT ( 'NONE',  ( 2.695291017517814858, -1.376455337656459887, 2.124152871970274692 ) ) ;
#6742 = CARTESIAN_POINT ( 'NONE',  ( 1.223268771936481869, -1.993170211200605113, 1.453378160185240020 ) ) ;
#6743 = LINE ( 'NONE', #8440, #325 ) ;
#6744 = SURFACE_STYLE_FILL_AREA ( #1953 ) ;
#6745 = CARTESIAN_POINT ( 'NONE',  ( 0.5844215701555139919, 0.2784241335245435378, 2.799999999999999822 ) ) ;
#6746 = COLOUR_RGB ( '',0.8431372549019607865, 0.8156862745098039102, 0.7529411764705882248 ) ;
#6747 = EDGE_CURVE ( 'NONE', #7211, #9559, #4586, .T. ) ;
#6748 = AXIS2_PLACEMENT_3D ( 'NONE', #1558, #8047, #10658 ) ;
#6749 = MECHANICAL_DESIGN_GEOMETRIC_PRESENTATION_REPRESENTATION (  '', ( #2588 ), #485 ) ;
#6750 = CARTESIAN_POINT ( 'NONE',  ( 0.5999999999999999778, 0.2668089524108114841, 2.799999999999999822 ) ) ;
#6751 = EDGE_LOOP ( 'NONE', ( #3987, #421, #4906, #2696 ) ) ;
#6752 =( LENGTH_UNIT ( ) NAMED_UNIT ( * ) SI_UNIT ( .MILLI., .METRE. ) );
#6753 = CARTESIAN_POINT ( 'NONE',  ( -0.1999999998978929938, -2.899999999999999911, 0.5000000000000000000 ) ) ;
#6754 = CARTESIAN_POINT ( 'NONE',  ( -2.579999999999999627, 2.550000000000000266, 0.1000000000000000056 ) ) ;
#6755 = CARTESIAN_POINT ( 'NONE',  ( -0.1207400502135409920, 0.5768320798091510770, 2.790000000000000036 ) ) ;
#6756 = SURFACE_STYLE_FILL_AREA ( #102 ) ;
#6757 = DIRECTION ( 'NONE',  ( 0.0000000000000000000, 0.0000000000000000000, -1.000000000000000000 ) ) ;
#6758 = DIRECTION ( 'NONE',  ( 0.0000000000000000000, -1.000000000000000000, 0.0000000000000000000 ) ) ;
#6759 = CARTESIAN_POINT ( 'NONE',  ( 0.5999999999999999778, -1.047639099537239993, 2.790000000000000036 ) ) ;
#6760 = CARTESIAN_POINT ( 'NONE',  ( 2.561784479503494971, 1.908574892713959859, 0.4886542278319910282 ) ) ;
#6761 = CARTESIAN_POINT ( 'NONE',  ( -2.999872961780435165, 1.634518634795035119, 2.399999999999999911 ) ) ;
#6762 = CARTESIAN_POINT ( 'NONE',  ( -2.375981467617689802, 2.035364798992894908, 0.6607027084511170045 ) ) ;
#6763 = MECHANICAL_DESIGN_GEOMETRIC_PRESENTATION_REPRESENTATION (  '', ( #1727 ), #8173 ) ;
#6764 =( GEOMETRIC_REPRESENTATION_CONTEXT ( 3 ) GLOBAL_UNCERTAINTY_ASSIGNED_CONTEXT ( ( #283 ) ) GLOBAL_UNIT_ASSIGNED_CONTEXT ( ( #152, #10458, #8713 ) ) REPRESENTATION_CONTEXT ( 'NONE', 'WORKASPACE' ) );
#6765 = DIRECTION ( 'NONE',  ( 0.0000000000000000000, 1.000000000000000000, 0.0000000000000000000 ) ) ;
#6766 = ORIENTED_EDGE ( 'NONE', *, *, #7035, .F. ) ;
#6767 = CARTESIAN_POINT ( 'NONE',  ( -2.900669438257074795, -1.466034612636109902, 0.4943235739027899700 ) ) ;
#6768 = DIRECTION ( 'NONE',  ( 0.0000000000000000000, 0.0000000000000000000, -1.000000000000000000 ) ) ;
#6769 = CARTESIAN_POINT ( 'NONE',  ( -2.850000000000000089, 1.625735931288069924, 2.700000000000000178 ) ) ;
#6770 = VERTEX_POINT ( 'NONE', #7070 ) ;
#6771 = CARTESIAN_POINT ( 'NONE',  ( -2.213601253065314634, 2.916664329186869686, 0.4886778162432189321 ) ) ;
#6772 = CARTESIAN_POINT ( 'NONE',  ( -0.4386870883860760073, 0.8221260542694088791, 2.790000000000000036 ) ) ;
#6773 = COLOUR_RGB ( '',0.7686274509803920907, 0.7686274509803920907, 0.7686274509803920907 ) ;
#6774 =( NAMED_UNIT ( * ) PLANE_ANGLE_UNIT ( ) SI_UNIT ( $, .RADIAN. ) );
#6775 = ORIENTED_EDGE ( 'NONE', *, *, #8412, .F. ) ;
#6776 = CARTESIAN_POINT ( 'NONE',  ( -2.481906682810540055, 1.721296480254234984, 2.122259087767255359 ) ) ;
#6777 = VERTEX_POINT ( 'NONE', #10519 ) ;
#6778 = EDGE_LOOP ( 'NONE', ( #4230, #10352 ) ) ;
#6779 = CARTESIAN_POINT ( 'NONE',  ( 3.000000000000000000, 1.625735931288069924, 2.799999999999999822 ) ) ;
#6780 = LINE ( 'NONE', #7602, #8679 ) ;
#6781 = ADVANCED_FACE ( 'NONE', ( #10298 ), #3054, .T. ) ;
#6782 = CARTESIAN_POINT ( 'NONE',  ( -2.999630619546635124, 1.641312997385574901, 2.399999999999999911 ) ) ;
#6783 = CARTESIAN_POINT ( 'NONE',  ( 2.719129180349934671, 1.691010418626754941, 0.5000000000000000000 ) ) ;
#6784 = CARTESIAN_POINT ( 'NONE',  ( 2.899459980405740378, -1.443475806096917946, 0.5000000000000000000 ) ) ;
#6785 = LINE ( 'NONE', #10126, #2274 ) ;
#6786 = CARTESIAN_POINT ( 'NONE',  ( -2.546481966655484985, -1.944455594522229935, 0.4829822350176470325 ) ) ;
#6787 = ADVANCED_FACE ( 'NONE', ( #4645 ), #3002, .F. ) ;
#6788 = ORIENTED_EDGE ( 'NONE', *, *, #9927, .F. ) ;
#6789 = CARTESIAN_POINT ( 'NONE',  ( 0.8957003624398779396, -2.556527785991495438, 2.114822345381584867 ) ) ;
#6790 = CARTESIAN_POINT ( 'NONE',  ( -0.2607954545454539974, -1.764522216420359779, 2.799999999999999822 ) ) ;
#6791 = ADVANCED_FACE ( 'NONE', ( #6304 ), #1198, .T. ) ;
#6792 = CARTESIAN_POINT ( 'NONE',  ( 2.999630619546635124, -1.641312997385570016, 2.399999999999999911 ) ) ;
#6793 = CARTESIAN_POINT ( 'NONE',  ( 2.474268881899805095, -2.870371900546480060, 0.5000000000000000000 ) ) ;
#6794 = CARTESIAN_POINT ( 'NONE',  ( 0.5100350800582680311, 0.3336804148781429835, 2.799999999999999822 ) ) ;
#6795 = CARTESIAN_POINT ( 'NONE',  ( 0.5541885429659979545, 0.3009656919439829825, 2.799999999999999822 ) ) ;
#6796 = ORIENTED_EDGE ( 'NONE', *, *, #10004, .T. ) ;
#6797 = CARTESIAN_POINT ( 'NONE',  ( -0.5999999999999999778, -1.109976761874901907, 2.790000000000000036 ) ) ;
#6798 = CARTESIAN_POINT ( 'NONE',  ( -0.5404949627873800733, -2.687389346052949879, 0.8025474971098920385 ) ) ;
#6799 = DIRECTION ( 'NONE',  ( 0.0000000000000000000, 0.0000000000000000000, -1.000000000000000000 ) ) ;
#6800 = PLANE ( 'NONE',  #4496 ) ;
#6801 = DIRECTION ( 'NONE',  ( 0.0000000000000000000, 0.0000000000000000000, -1.000000000000000000 ) ) ;
#6802 = ADVANCED_FACE ( 'NONE', ( #10629 ), #3267, .T. ) ;
#6803 = CYLINDRICAL_SURFACE ( 'NONE', #7411, 0.05000000000000002359 ) ;
#6804 = SURFACE_STYLE_USAGE ( .BOTH. , #5944 ) ;
#6805 = CARTESIAN_POINT ( 'NONE',  ( 2.639420354414699688, 1.790646451045804888, 0.5000000000000000000 ) ) ;
#6806 = CARTESIAN_POINT ( 'NONE',  ( -2.699091624704700099, 1.362980820060442078, 2.124220413105935013 ) ) ;
#6807 = PRESENTATION_STYLE_ASSIGNMENT (( #1041 ) ) ;
#6808 = CARTESIAN_POINT ( 'NONE',  ( -2.736084171222080030, 1.994617359949150126, 0.3864410810002315011 ) ) ;
#6809 = ORIENTED_EDGE ( 'NONE', *, *, #8389, .T. ) ;
#6810 = CARTESIAN_POINT ( 'NONE',  ( -3.000000000000000000, 1.429843788128356108, 0.1000000000000000056 ) ) ;
#6811 = CARTESIAN_POINT ( 'NONE',  ( -2.723994460176399901, -1.695716454265709938, 0.4943253406964650543 ) ) ;
#6812 = CARTESIAN_POINT ( 'NONE',  ( 1.149999999999999911, 2.604044926314895037, 0.07972651605231850791 ) ) ;
#6813 =( NAMED_UNIT ( * ) PLANE_ANGLE_UNIT ( ) SI_UNIT ( $, .RADIAN. ) );
#6814 = EDGE_CURVE ( 'NONE', #4644, #9486, #8944, .T. ) ;
#6815 = VERTEX_POINT ( 'NONE', #8337 ) ;
#6816 = CARTESIAN_POINT ( 'NONE',  ( -0.9278325049507379907, 2.750000000000000000, 2.399999999999999911 ) ) ;
#6817 = FACE_OUTER_BOUND ( 'NONE', #6751, .T. ) ;
#6818 =( NAMED_UNIT ( * ) SI_UNIT ( $, .STERADIAN. ) SOLID_ANGLE_UNIT ( ) );
#6819 = CARTESIAN_POINT ( 'NONE',  ( -2.399999999999999911, 2.799999999999999822, 0.1000000000000000056 ) ) ;
#6820 = ORIENTED_EDGE ( 'NONE', *, *, #4098, .F. ) ;
#6821 = DIRECTION ( 'NONE',  ( 3.203166744464219909E-16, -1.000000000000000000, 0.0000000000000000000 ) ) ;
#6822 = CARTESIAN_POINT ( 'NONE',  ( -2.803655188150610211, 1.596365631157440124, 0.4943246186455270141 ) ) ;
#6823 = ORIENTED_EDGE ( 'NONE', *, *, #10287, .F. ) ;
#6824 = VERTEX_POINT ( 'NONE', #5658 ) ;
#6825 = CARTESIAN_POINT ( 'NONE',  ( -0.1090909090909085999, -1.660544943693085029, 2.790000000000000036 ) ) ;
#6826 = LINE ( 'NONE', #5173, #7098 ) ;
#6827 = CARTESIAN_POINT ( 'NONE',  ( 2.980388000377945268, 1.737163522619419975, 2.399999999999999911 ) ) ;
#6828 = CARTESIAN_POINT ( 'NONE',  ( 2.899999999999999911, -1.434122318179412048, 0.5000000000000000000 ) ) ;
#6829 = DIRECTION ( 'NONE',  ( 1.000000000000000000, 0.0000000000000000000, 0.0000000000000000000 ) ) ;
#6830 = CARTESIAN_POINT ( 'NONE',  ( -2.515587709883139844, -2.037522734650730083, 0.4829849584957550124 ) ) ;
#6831 = CARTESIAN_POINT ( 'NONE',  ( -0.1090909090909085999, -1.657379359277499908, 2.790000000000000036 ) ) ;
#6832 = VECTOR ( 'NONE', #4452, 1000.000000000000000 ) ;
#6833 = ADVANCED_FACE ( 'NONE', ( #6580, #10680, #2464 ), #8232, .T. ) ;
#6834 = ORIENTED_EDGE ( 'NONE', *, *, #1093, .T. ) ;
#6835 = CARTESIAN_POINT ( 'NONE',  ( 1.539048788492239916, 1.549902671380805064, 1.456300410087664199 ) ) ;
#6836 = CARTESIAN_POINT ( 'NONE',  ( 1.525943831879560175, -1.581481018993434962, 1.455953801363025990 ) ) ;
#6837 = CARTESIAN_POINT ( 'NONE',  ( -0.2097610860950379907, 0.5166284652526029753, 2.790000000000000036 ) ) ;
#6838 = CARTESIAN_POINT ( 'NONE',  ( 2.892260077618209912, -1.497151807020844050, 0.4886477139791799429 ) ) ;
#6839 = CARTESIAN_POINT ( 'NONE',  ( 0.2011281645983355182, -2.911222584788094814, 0.4830475427331750171 ) ) ;
#6840 = CIRCLE ( 'NONE', #6507, 0.6999999999999999556 ) ;
#6841 = FILL_AREA_STYLE_COLOUR ( '', #7465 ) ;
#6842 = SURFACE_STYLE_FILL_AREA ( #3494 ) ;
#6843 = CARTESIAN_POINT ( 'NONE',  ( 0.02897727272727265019, 0.4871823290341880108, 2.799999999999999822 ) ) ;
#6844 = ADVANCED_FACE ( 'NONE', ( #4071 ), #3246, .T. ) ;
#6845 = VECTOR ( 'NONE', #7558, 1000.000000000000000 ) ;
#6846 = CARTESIAN_POINT ( 'NONE',  ( -0.1090909090909090023, -0.5353014371995779008, 2.790000000000000036 ) ) ;
#6847 = VERTEX_POINT ( 'NONE', #2446 ) ;
#6848 =( NAMED_UNIT ( * ) PLANE_ANGLE_UNIT ( ) SI_UNIT ( $, .RADIAN. ) );
#6849 = ADVANCED_FACE ( 'NONE', ( #8257 ), #10614, .T. ) ;
#6850 = CARTESIAN_POINT ( 'NONE',  ( -1.817800887730764980, -2.920284914698854983, 0.4830259733776480213 ) ) ;
#6851 = LINE ( 'NONE', #6908, #9890 ) ;
#6852 = DIRECTION ( 'NONE',  ( 0.0000000000000000000, 0.0000000000000000000, 1.000000000000000000 ) ) ;
#6853 = CARTESIAN_POINT ( 'NONE',  ( 0.5999999999999999778, -1.156730008628150230, 2.799999999999999822 ) ) ;
#6854 = CARTESIAN_POINT ( 'NONE',  ( -0.1337711258411730109, -0.5536382354210389600, 2.799999999999999822 ) ) ;
#6855 = CARTESIAN_POINT ( 'NONE',  ( 0.5999999999999999778, -0.2311618268099679963, 2.799999999999999822 ) ) ;
#6856 = PRESENTATION_STYLE_ASSIGNMENT (( #8514 ) ) ;
#6857 = CARTESIAN_POINT ( 'NONE',  ( 2.623518412389510335, 1.554751304506524878, 2.123183580881785382 ) ) ;
#6858 = CARTESIAN_POINT ( 'NONE',  ( -2.907547450889754526, -0.7171788776647011199, 0.4886380736929630819 ) ) ;
#6859 = FILL_AREA_STYLE ('',( #9434 ) ) ;
#6860 = CARTESIAN_POINT ( 'NONE',  ( -0.5999999999999999778, 0.9418089524108110844, 2.799999999999999822 ) ) ;
#6861 = VECTOR ( 'NONE', #7067, 1000.000000000000000 ) ;
#6862 = EDGE_LOOP ( 'NONE', ( #2288, #10033, #9885, #937 ) ) ;
#6863 = DIRECTION ( 'NONE',  ( 0.0000000000000000000, 0.0000000000000000000, 1.000000000000000000 ) ) ;
#6864 = CARTESIAN_POINT ( 'NONE',  ( -2.702124418019229868, -1.309070644156920205, 2.124358696571535088 ) ) ;
#6865 = CARTESIAN_POINT ( 'NONE',  ( 2.956173761888604812, 1.554782797639240099, 0.2071554596297830175 ) ) ;
#6866 = VERTEX_POINT ( 'NONE', #3469 ) ;
#6867 = CARTESIAN_POINT ( 'NONE',  ( -2.500000000000000000, 2.053483384199759509, 0.5000000000000000000 ) ) ;
#6868 = DIRECTION ( 'NONE',  ( 0.0000000000000000000, 0.0000000000000000000, 1.000000000000000000 ) ) ;
#6869 = CARTESIAN_POINT ( 'NONE',  ( 2.500000000000000000, -1.324999999999999956, 0.1000000000000000056 ) ) ;
#6870 = STYLED_ITEM ( 'NONE', ( #4065 ), #6085 ) ;
#6871 = EDGE_CURVE ( 'NONE', #10428, #4451, #10055, .T. ) ;
#6872 = CARTESIAN_POINT ( 'NONE',  ( 0.2016960644758679921, -1.636778936680179930, 2.790000000000000036 ) ) ;
#6873 = ORIENTED_EDGE ( 'NONE', *, *, #4322, .F. ) ;
#6874 = LINE ( 'NONE', #8584, #7572 ) ;
#6875 = CARTESIAN_POINT ( 'NONE',  ( -2.301369756599940253, 1.660304422951970116, 0.8036762491096569594 ) ) ;
#6876 = ORIENTED_EDGE ( 'NONE', *, *, #1895, .F. ) ;
#6877 = COLOUR_RGB ( '',0.7686274509803920907, 0.7686274509803920907, 0.7686274509803920907 ) ;
#6878 = ORIENTED_EDGE ( 'NONE', *, *, #8763, .F. ) ;
#6879 = CARTESIAN_POINT ( 'NONE',  ( 0.4296522000915025119, -0.7289067366209449617, 2.790000000000000036 ) ) ;
#6880 = CARTESIAN_POINT ( 'NONE',  ( -2.399999999999999911, 3.000000000000000000, 0.5000000000000000000 ) ) ;
#6881 = MECHANICAL_DESIGN_GEOMETRIC_PRESENTATION_REPRESENTATION (  '', ( #4123 ), #5002 ) ;
#6882 = SURFACE_STYLE_FILL_AREA ( #7977 ) ;
#6883 = CARTESIAN_POINT ( 'NONE',  ( 2.557396493364915369, 1.903618076372610046, 0.4943271139159960414 ) ) ;
#6884 = CARTESIAN_POINT ( 'NONE',  ( 2.897609316784814926, -1.501742763052299923, 0.4829715709687699698 ) ) ;
#6885 = CARTESIAN_POINT ( 'NONE',  ( -0.5999999999999999778, -1.109976761874901907, 2.790000000000000036 ) ) ;
#6886 = CARTESIAN_POINT ( 'NONE',  ( -2.514530806164609888, -2.272314139548444967, 0.4829914680672950378 ) ) ;
#6887 = DIRECTION ( 'NONE',  ( 0.0000000000000000000, -1.000000000000000000, 0.0000000000000000000 ) ) ;
#6888 = VECTOR ( 'NONE', #3929, 1000.000000000000000 ) ;
#6889 = PRESENTATION_LAYER_ASSIGNMENT (  '', '', ( #7949 ) ) ;
#6890 = VERTEX_POINT ( 'NONE', #841 ) ;
#6891 = CARTESIAN_POINT ( 'NONE',  ( 0.9278325047096319667, 2.750000000000000000, 2.399999999999999911 ) ) ;
#6892 = CARTESIAN_POINT ( 'NONE',  ( 1.073638351633381838, -2.630972050073669521, 0.8026895241447019602 ) ) ;
#6893 = PRESENTATION_STYLE_ASSIGNMENT (( #10080 ) ) ;
#6894 = CARTESIAN_POINT ( 'NONE',  ( -0.2345856926139839871, 0.4988310055543719868, 2.790000000000000036 ) ) ;
#6895 = STYLED_ITEM ( 'NONE', ( #427 ), #8493 ) ;
#6896 = SURFACE_SIDE_STYLE ('',( #1838 ) ) ;
#6897 = CARTESIAN_POINT ( 'NONE',  ( 2.808740823943329801, -1.601021308698054924, 0.4886492372910660187 ) ) ;
#6898 = CARTESIAN_POINT ( 'NONE',  ( 0.4658324884678110012, -2.750000000000000000, 2.399999999999999911 ) ) ;
#6899 = AXIS2_PLACEMENT_3D ( 'NONE', #3508, #9987, #5842 ) ;
#6900 = DIRECTION ( 'NONE',  ( 1.000000000000000000, 0.0000000000000000000, 0.0000000000000000000 ) ) ;
#6901 = EDGE_CURVE ( 'NONE', #7311, #488, #5957, .T. ) ;
#6902 =( LENGTH_UNIT ( ) NAMED_UNIT ( * ) SI_UNIT ( .MILLI., .METRE. ) );
#6903 = CARTESIAN_POINT ( 'NONE',  ( 1.981801948466055396, -2.556066017177979877, 2.700000000000000178 ) ) ;
#6904 = CIRCLE ( 'NONE', #2233, 0.2000000000000000944 ) ;
#6905 = DIRECTION ( 'NONE',  ( 1.000000000000000000, 0.0000000000000000000, 0.0000000000000000000 ) ) ;
#6906 = ORIENTED_EDGE ( 'NONE', *, *, #3014, .F. ) ;
#6907 = CYLINDRICAL_SURFACE ( 'NONE', #3245, 0.01999999999999999695 ) ;
#6908 = CARTESIAN_POINT ( 'NONE',  ( 2.899999999999999911, -1.429843788128356108, 0.5000000000000000000 ) ) ;
#6909 = CARTESIAN_POINT ( 'NONE',  ( -0.1644771634263625104, -0.4999113369544799790, 2.790000000000000036 ) ) ;
#6910 = CARTESIAN_POINT ( 'NONE',  ( 0.0000000000000000000, 2.990000000000000213, 0.09000000000000001055 ) ) ;
#6911 = LINE ( 'NONE', #4314, #5676 ) ;
#6912 = SURFACE_SIDE_STYLE ('',( #8567 ) ) ;
#6913 = FILL_AREA_STYLE_COLOUR ( '', #5568 ) ;
#6914 = ADVANCED_FACE ( 'NONE', ( #4333 ), #2693, .T. ) ;
#6915 = CARTESIAN_POINT ( 'NONE',  ( 2.930759942061285095, 1.819240057938714905, 2.399999999999999911 ) ) ;
#6916 = VECTOR ( 'NONE', #5810, 1000.000000000000000 ) ;
#6917 = CARTESIAN_POINT ( 'NONE',  ( -2.916024452187704785, -1.448466002716390033, 0.4829701159550930378 ) ) ;
#6918 = AXIS2_PLACEMENT_3D ( 'NONE', #4305, #8442, #969 ) ;
#6919 = CARTESIAN_POINT ( 'NONE',  ( -0.5999999999999999778, 0.04326999137185034983, 2.790000000000000036 ) ) ;
#6920 = EDGE_CURVE ( 'NONE', #5862, #6073, #8473, .T. ) ;
#6921 = CARTESIAN_POINT ( 'NONE',  ( -0.5999999999999999778, 0.01210116020301920010, 2.799999999999999822 ) ) ;
#6922 = STYLED_ITEM ( 'NONE', ( #3950 ), #10131 ) ;
#6923 = VECTOR ( 'NONE', #9025, 1000.000000000000000 ) ;
#6924 = ORIENTED_EDGE ( 'NONE', *, *, #7196, .T. ) ;
#6925 = DIRECTION ( 'NONE',  ( 1.000000000000000000, 1.445602896647339903E-16, 0.0000000000000000000 ) ) ;
#6926 = CIRCLE ( 'NONE', #3818, 0.2250000000000000333 ) ;
#6927 = CARTESIAN_POINT ( 'NONE',  ( -3.000000000000000000, -1.622046848901099736, 2.399999999999999911 ) ) ;
#6928 = CARTESIAN_POINT ( 'NONE',  ( 0.0000000000000000000, 0.0000000000000000000, 0.1328989928337164228 ) ) ;
#6929 = CARTESIAN_POINT ( 'NONE',  ( -0.5807795887813820279, 0.9274197422873819985, 2.790000000000000036 ) ) ;
#6930 = ORIENTED_EDGE ( 'NONE', *, *, #2197, .F. ) ;
#6931 = EDGE_CURVE ( 'NONE', #1712, #2785, #1689, .T. ) ;
#6932 = CARTESIAN_POINT ( 'NONE',  ( -2.504325507818060181, 2.059026044851675064, 0.4943286264339050162 ) ) ;
#6933 = PRESENTATION_STYLE_ASSIGNMENT (( #3627 ) ) ;
#6934 = CIRCLE ( 'NONE', #6588, 0.05000000000000002359 ) ;
#6935 = ORIENTED_EDGE ( 'NONE', *, *, #7724, .F. ) ;
#6936 = CARTESIAN_POINT ( 'NONE',  ( 1.149999999999999911, 3.010000000000000231, 0.09000000000000001055 ) ) ;
#6937 = CARTESIAN_POINT ( 'NONE',  ( -2.717404301505629949, 1.693166517182134845, 0.5000000000000000000 ) ) ;
#6938 = ORIENTED_EDGE ( 'NONE', *, *, #5609, .F. ) ;
#6939 = ORIENTED_EDGE ( 'NONE', *, *, #5222, .F. ) ;
#6940 = CYLINDRICAL_SURFACE ( 'NONE', #9031, 0.2999999999999999334 ) ;
#6941 = CIRCLE ( 'NONE', #9926, 0.05000000000000002359 ) ;
#6942 = EDGE_CURVE ( 'NONE', #5551, #5321, #6717, .T. ) ;
#6943 = CARTESIAN_POINT ( 'NONE',  ( 2.513553308446964785, 2.148726931620339897, 0.4829880334560469612 ) ) ;
#6944 = CARTESIAN_POINT ( 'NONE',  ( 2.908814219294229897, 1.077966861934255727, 0.4886417787703379867 ) ) ;
#6945 = CARTESIAN_POINT ( 'NONE',  ( 2.956173761888604812, -1.554782797639240099, 0.5000000000000000000 ) ) ;
#6946 = CARTESIAN_POINT ( 'NONE',  ( -2.456039009938810302, -2.911542791029275268, 0.4886738444841700058 ) ) ;
#6947 = CARTESIAN_POINT ( 'NONE',  ( 2.998981725600580184, 1.449999999999999956, 0.1000000000000000056 ) ) ;
#6948 = ORIENTED_EDGE ( 'NONE', *, *, #7510, .F. ) ;
#6949 = CARTESIAN_POINT ( 'NONE',  ( 1.073638351475279862, 2.630972049977809757, 0.8026895241634198763 ) ) ;
#6950 = CARTESIAN_POINT ( 'NONE',  ( 1.539048788982305016, -1.549902671333180049, 1.456300410066792228 ) ) ;
#6951 = FILL_AREA_STYLE ('',( #1947 ) ) ;
#6952 = LINE ( 'NONE', #1074, #10765 ) ;
#6953 = CARTESIAN_POINT ( 'NONE',  ( -2.453881272650576317, -2.618551222320786742, 0.09999999999999997780 ) ) ;
#6954 = EDGE_CURVE ( 'NONE', #5657, #4175, #3571, .T. ) ;
#6955 = CARTESIAN_POINT ( 'NONE',  ( 2.906624447344849926, -0.1208245306372769945, 0.4886350659649029704 ) ) ;
#6956 = CARTESIAN_POINT ( 'NONE',  ( 2.143239352941129994, -2.606760647058870006, 2.399999999999999911 ) ) ;
#6957 = LINE ( 'NONE', #8766, #3839 ) ;
#6958 = DIRECTION ( 'NONE',  ( 0.0000000000000000000, 0.0000000000000000000, 1.000000000000000000 ) ) ;
#6959 = FILL_AREA_STYLE ('',( #3545 ) ) ;
#6960 = SURFACE_STYLE_FILL_AREA ( #6302 ) ;
#6961 = ORIENTED_EDGE ( 'NONE', *, *, #2613, .T. ) ;
#6962 = ORIENTED_EDGE ( 'NONE', *, *, #9864, .F. ) ;
#6963 = MECHANICAL_DESIGN_GEOMETRIC_PRESENTATION_REPRESENTATION (  '', ( #4204 ), #2626 ) ;
#6964 = CARTESIAN_POINT ( 'NONE',  ( 1.918062981952580071, -2.748290565984643941, 2.399999999999999911 ) ) ;
#6965 =( NAMED_UNIT ( * ) PLANE_ANGLE_UNIT ( ) SI_UNIT ( $, .RADIAN. ) );
#6966 = LINE ( 'NONE', #9998, #9196 ) ;
#6967 = CARTESIAN_POINT ( 'NONE',  ( -0.2097610860950374911, -0.6054494568253190323, 2.799999999999999822 ) ) ;
#6968 = CARTESIAN_POINT ( 'NONE',  ( -2.399999999999999911, -3.000000000000000000, 0.1200000000000000094 ) ) ;
#6969 = CARTESIAN_POINT ( 'NONE',  ( 2.509035538964644818, 2.142875362176015042, 0.4886586889706979742 ) ) ;
#6970 = CARTESIAN_POINT ( 'NONE',  ( -2.904407109647064722, -1.074858337086171955, 0.4943208893853061059 ) ) ;
#6971 = DIRECTION ( 'NONE',  ( 1.000000000000000000, 0.0000000000000000000, 0.0000000000000000000 ) ) ;
#6972 = DIRECTION ( 'NONE',  ( 0.0000000000000000000, 0.0000000000000000000, 1.000000000000000000 ) ) ;
#6973 = EDGE_CURVE ( 'NONE', #2773, #5266, #5538, .T. ) ;
#6974 = ORIENTED_EDGE ( 'NONE', *, *, #10502, .T. ) ;
#6975 = CARTESIAN_POINT ( 'NONE',  ( -2.639420354414705017, -1.790646451045804888, 0.5000000000000000000 ) ) ;
#6976 = CARTESIAN_POINT ( 'NONE',  ( -2.600000000000000089, -2.799999999999999822, 0.5000000000000000000 ) ) ;
#6977 = CARTESIAN_POINT ( 'NONE',  ( -0.5999999999999999778, 0.9418089524108110844, 2.799999999999999822 ) ) ;
#6978 = VERTEX_POINT ( 'NONE', #1220 ) ;
#6979 = CARTESIAN_POINT ( 'NONE',  ( -2.509035538961519762, 2.142875362175700182, 0.4886586889708139925 ) ) ;
#6980 = FILL_AREA_STYLE_COLOUR ( '', #5597 ) ;
#6981 = PLANE ( 'NONE',  #6210 ) ;
#6982 = EDGE_CURVE ( 'NONE', #1324, #5850, #7670, .T. ) ;
#6983 = ORIENTED_EDGE ( 'NONE', *, *, #10229, .F. ) ;
#6984 = DIRECTION ( 'NONE',  ( -1.000000000000000000, 0.0000000000000000000, 0.0000000000000000000 ) ) ;
#6985 = CARTESIAN_POINT ( 'NONE',  ( -2.808740823943234766, 1.601021308698175050, 0.4886492372910529736 ) ) ;
#6986 = ORIENTED_EDGE ( 'NONE', *, *, #4082, .F. ) ;
#6987 = ORIENTED_EDGE ( 'NONE', *, *, #6705, .T. ) ;
#6988 = SURFACE_STYLE_FILL_AREA ( #5276 ) ;
#6989 = CARTESIAN_POINT ( 'NONE',  ( 1.812421266886220073, 2.329515860026699858, 2.118773468848205166 ) ) ;
#6990 = CARTESIAN_POINT ( 'NONE',  ( 2.899999999999999911, 1.310628777465196126, 0.5000000000000000000 ) ) ;
#6991 = EDGE_LOOP ( 'NONE', ( #10248, #4890, #2710, #5999 ) ) ;
#6992 = CARTESIAN_POINT ( 'NONE',  ( 2.956173761888604812, -1.554782797639240099, 0.2071554596297824902 ) ) ;
#6993 = CARTESIAN_POINT ( 'NONE',  ( -2.500000000000000000, -2.618701491572070328, 0.5000000000000000000 ) ) ;
#6994 = DIRECTION ( 'NONE',  ( 1.000000000000000000, 0.0000000000000000000, 0.0000000000000000000 ) ) ;
#6995 = EDGE_CURVE ( 'NONE', #8017, #6978, #4852, .T. ) ;
#6996 = PRESENTATION_STYLE_ASSIGNMENT (( #1993 ) ) ;
#6997 = ORIENTED_EDGE ( 'NONE', *, *, #2950, .F. ) ;
#6998 = CARTESIAN_POINT ( 'NONE',  ( 2.213601253087339682, 2.916664329186634763, 0.4886778162431710260 ) ) ;
#6999 = CARTESIAN_POINT ( 'NONE',  ( 2.509035538961594813, -2.142875362175505227, 0.4886586889709759740 ) ) ;
#7000 = DIRECTION ( 'NONE',  ( 0.0000000000000000000, 0.0000000000000000000, 1.000000000000000000 ) ) ;
#7001 = PLANE ( 'NONE',  #1539 ) ;
#7002 = CARTESIAN_POINT ( 'NONE',  ( -1.981801948466055396, -2.556066017177979877, 2.700000000000000178 ) ) ;
#7003 = CARTESIAN_POINT ( 'NONE',  ( 2.909936671017274712, -0.1211555844789796027, 0.4829525989473539838 ) ) ;
#7004 = CARTESIAN_POINT ( 'NONE',  ( 2.174790356244085121, -2.022494745265550176, 2.120596060564154950 ) ) ;
#7005 = CARTESIAN_POINT ( 'NONE',  ( -0.2607954545454544970, -0.6424442943424348851, 2.790000000000000036 ) ) ;
#7006 = ORIENTED_EDGE ( 'NONE', *, *, #5699, .T. ) ;
#7007 = CARTESIAN_POINT ( 'NONE',  ( 0.02897727272727265019, 0.4871823290341880108, 2.790000000000000036 ) ) ;
#7008 = CARTESIAN_POINT ( 'NONE',  ( -0.5999999999999999778, 0.9418089524108110844, 2.799999999999999822 ) ) ;
#7009 = EDGE_CURVE ( 'NONE', #644, #10255, #4610, .T. ) ;
#7010 = DIRECTION ( 'NONE',  ( 1.000000000000000000, 0.0000000000000000000, 0.0000000000000000000 ) ) ;
#7011 = ORIENTED_EDGE ( 'NONE', *, *, #4297, .T. ) ;
#7012 = CARTESIAN_POINT ( 'NONE',  ( 2.799999999999999822, -1.429843788128356108, 0.5000000000000000000 ) ) ;
#7013 = ORIENTED_EDGE ( 'NONE', *, *, #7544, .T. ) ;
#7014 = CARTESIAN_POINT ( 'NONE',  ( 2.399999999999999911, 3.000000000000000000, 0.5000000000000000000 ) ) ;
#7015 =( LENGTH_UNIT ( ) NAMED_UNIT ( * ) SI_UNIT ( .MILLI., .METRE. ) );
#7016 = DIRECTION ( 'NONE',  ( 0.0000000000000000000, -1.000000000000000000, 0.0000000000000000000 ) ) ;
#7017 = CARTESIAN_POINT ( 'NONE',  ( -2.600000000000000089, -2.070156211871640117, 0.3634627865033320249 ) ) ;
#7018 = PRESENTATION_STYLE_ASSIGNMENT (( #4718 ) ) ;
#7019 = CARTESIAN_POINT ( 'NONE',  ( 0.5999999999999999778, 0.2668089524108114841, 2.790000000000000036 ) ) ;
#7020 = CARTESIAN_POINT ( 'NONE',  ( -0.1644771634263619831, -1.621989259032400099, 2.799999999999999822 ) ) ;
#7021 = CARTESIAN_POINT ( 'NONE',  ( 2.143828204586984754, 2.334736443420440288, 0.8032228928469770102 ) ) ;
#7022 = CARTESIAN_POINT ( 'NONE',  ( -2.903312223672364745, 0.1204934767955739977, 0.4943175329825580389 ) ) ;
#7023 = DIRECTION ( 'NONE',  ( 0.0000000000000000000, 0.0000000000000000000, -1.000000000000000000 ) ) ;
#7024 = VECTOR ( 'NONE', #4815, 1000.000000000000000 ) ;
#7025 = ORIENTED_EDGE ( 'NONE', *, *, #1726, .T. ) ;
#7026 = CARTESIAN_POINT ( 'NONE',  ( -2.730164772895184999, -2.029170040133110309, 0.3864410810002315011 ) ) ;
#7027 = CARTESIAN_POINT ( 'NONE',  ( -2.561784479503410150, -1.908574892713799986, 0.4886542278323789956 ) ) ;
#7028 = DIRECTION ( 'NONE',  ( 0.0000000000000000000, 0.0000000000000000000, -1.000000000000000000 ) ) ;
#7029 = CARTESIAN_POINT ( 'NONE',  ( -0.4892917872147509728, 0.8594954787527919748, 2.799999999999999822 ) ) ;
#7030 = VERTEX_POINT ( 'NONE', #6276 ) ;
#7031 = VECTOR ( 'NONE', #474, 999.9999999999998863 ) ;
#7032 = CARTESIAN_POINT ( 'NONE',  ( -2.324342184564099689, -2.049229580049440003, 0.7221113981145961258 ) ) ;
#7033 = CARTESIAN_POINT ( 'NONE',  ( -2.179636552587584930, 2.192363373794969927, 0.8033235806630399933 ) ) ;
#7034 = DIRECTION ( 'NONE',  ( 0.0000000000000000000, 0.0000000000000000000, -1.000000000000000000 ) ) ;
#7035 = EDGE_CURVE ( 'NONE', #6004, #2114, #388, .T. ) ;
#7036 = CARTESIAN_POINT ( 'NONE',  ( -0.1494761574587945840, 0.5585989483868789574, 2.799999999999999822 ) ) ;
#7037 = VECTOR ( 'NONE', #5156, 1000.000000000000000 ) ;
#7038 = UNCERTAINTY_MEASURE_WITH_UNIT (LENGTH_MEASURE( 1.000000000000000082E-05 ), #6676, 'distance_accuracy_value', 'NONE');
#7039 = CARTESIAN_POINT ( 'NONE',  ( -2.500000000000000000, 2.500047666198019769, 0.1568365928198499903 ) ) ;
#7040 = ORIENTED_EDGE ( 'NONE', *, *, #9740, .T. ) ;
#7041 = DIRECTION ( 'NONE',  ( 0.0000000000000000000, 1.000000000000000000, 0.0000000000000000000 ) ) ;
#7042 = CARTESIAN_POINT ( 'NONE',  ( -2.904400855836930084, 1.073451333746157976, 0.4943209964400518963 ) ) ;
#7043 = VERTEX_POINT ( 'NONE', #5489 ) ;
#7044 = ORIENTED_EDGE ( 'NONE', *, *, #1292, .T. ) ;
#7045 = FACE_OUTER_BOUND ( 'NONE', #6110, .T. ) ;
#7046 = CARTESIAN_POINT ( 'NONE',  ( 1.917498029707779938, 1.296171336573261890, 1.460149104324552027 ) ) ;
#7047 = CARTESIAN_POINT ( 'NONE',  ( 2.554421384654030458, 0.2064051579579264939, 1.466314737810153979 ) ) ;
#7048 = TOROIDAL_SURFACE ( 'NONE', #2194, 0.5350103769104849194, 0.05000000000000000278 ) ;
#7049 = CARTESIAN_POINT ( 'NONE',  ( -2.593483409287254737, -2.545927376043845225, 0.1051265250582757993 ) ) ;
#7050 = ADVANCED_FACE ( 'NONE', ( #9610 ), #2033, .T. ) ;
#7051 = CARTESIAN_POINT ( 'NONE',  ( -2.137344787164054960, -2.352158022443965102, 0.8032088812979429893 ) ) ;
#7052 = EDGE_CURVE ( 'NONE', #9468, #2029, #5377, .T. ) ;
#7053 = FACE_OUTER_BOUND ( 'NONE', #4141, .T. ) ;
#7054 = ORIENTED_EDGE ( 'NONE', *, *, #2197, .T. ) ;
#7055 = CIRCLE ( 'NONE', #1147, 0.2000000000000000944 ) ;
#7056 = CARTESIAN_POINT ( 'NONE',  ( -1.976660526382914895, 2.735515474110040035, 2.399999999999999911 ) ) ;
#7057 = CARTESIAN_POINT ( 'NONE',  ( 1.918062981879369966, -2.748290566000604951, 2.399999999999999911 ) ) ;
#7058 = CARTESIAN_POINT ( 'NONE',  ( -0.1494761574587945840, 0.5585989483868789574, 2.790000000000000036 ) ) ;
#7059 = DIRECTION ( 'NONE',  ( 1.000000000000000000, 0.0000000000000000000, 0.0000000000000000000 ) ) ;
#7060 = CARTESIAN_POINT ( 'NONE',  ( 2.489480336326205467, 0.4130080832200865304, 1.465667759583941798 ) ) ;
#7061 = CARTESIAN_POINT ( 'NONE',  ( 2.179636552585989762, -2.192363373802250326, 0.8033235806547599500 ) ) ;
#7062 = DIRECTION ( 'NONE',  ( 1.000000000000000000, 0.0000000000000000000, 0.0000000000000000000 ) ) ;
#7063 = VERTEX_POINT ( 'NONE', #510 ) ;
#7064 = FACE_OUTER_BOUND ( 'NONE', #9579, .T. ) ;
#7065 = COLOUR_RGB ( '',0.8431372549019607865, 0.8156862745098039102, 0.7529411764705882248 ) ;
#7066 = CARTESIAN_POINT ( 'NONE',  ( 0.2238433465168744863, -1.621228280423699930, 2.790000000000000036 ) ) ;
#7067 = DIRECTION ( 'NONE',  ( 0.0000000000000000000, 0.0000000000000000000, -1.000000000000000000 ) ) ;
#7068 = COLOUR_RGB ( '',0.8431372549019607865, 0.8156862745098039102, 0.7529411764705882248 ) ;
#7069 = ORIENTED_EDGE ( 'NONE', *, *, #2950, .T. ) ;
#7070 = CARTESIAN_POINT ( 'NONE',  ( 1.149999999999999911, 2.990000000000000213, 0.09000000000000001055 ) ) ;
#7071 = EDGE_LOOP ( 'NONE', ( #6283, #3352, #4023, #10109 ) ) ;
#7072 = CARTESIAN_POINT ( 'NONE',  ( 0.5999999999999999778, -1.047639099537239993, 2.790000000000000036 ) ) ;
#7073 = CARTESIAN_POINT ( 'NONE',  ( 0.5999999999999999778, -0.8552689696671109676, 2.790000000000000036 ) ) ;
#7074 = CARTESIAN_POINT ( 'NONE',  ( 0.5350103769104849194, 0.0000000000000000000, 0.1499999999999999944 ) ) ;
#7075 = CARTESIAN_POINT ( 'NONE',  ( 0.5999999999999999778, -0.03465208655022754963, 2.799999999999999822 ) ) ;
#7076 =( LENGTH_UNIT ( ) NAMED_UNIT ( * ) SI_UNIT ( .MILLI., .METRE. ) );
#7077 = CARTESIAN_POINT ( 'NONE',  ( 2.504843602054910079, 2.259622711692879982, 0.4943304893555409696 ) ) ;
#7078 = CARTESIAN_POINT ( 'NONE',  ( -2.910192134279160125, 0.3618054548725825326, 0.4829535158293700170 ) ) ;
#7079 = ADVANCED_FACE ( 'NONE', ( #3857 ), #6981, .F. ) ;
#7080 =( GEOMETRIC_REPRESENTATION_CONTEXT ( 3 ) GLOBAL_UNCERTAINTY_ASSIGNED_CONTEXT ( ( #2166 ) ) GLOBAL_UNIT_ASSIGNED_CONTEXT ( ( #7850, #3891, #3714 ) ) REPRESENTATION_CONTEXT ( 'NONE', 'WORKASPACE' ) );
#7081 = PRESENTATION_LAYER_ASSIGNMENT (  '', '', ( #998 ) ) ;
#7082 = B_SPLINE_CURVE_WITH_KNOTS ( 'NONE', 3,
 ( #604, #7251, #3945, #2026, #8852, #3020, #3072 ),
 .UNSPECIFIED., .F., .F.,
 ( 4, 1, 1, 1, 4 ),
 ( 0.0000000000000000000, 0.2958783195951245060, 0.5611080725506880640, 0.7963677377324659412, 1.000000000000000000 ),
 .UNSPECIFIED. ) ;
#7083 = ORIENTED_EDGE ( 'NONE', *, *, #3369, .T. ) ;
#7084 = DIRECTION ( 'NONE',  ( -1.000000000000000000, 0.0000000000000000000, 0.0000000000000000000 ) ) ;
#7085 = CARTESIAN_POINT ( 'NONE',  ( -2.603093003961464813, -1.867606244178555253, 0.4829800666097569528 ) ) ;
#7086 = CARTESIAN_POINT ( 'NONE',  ( 0.0000000000000000000, 0.0000000000000000000, 0.1000000000000000056 ) ) ;
#7087 = CARTESIAN_POINT ( 'NONE',  ( -0.3485302928463300254, 0.7554274236257839670, 2.799999999999999822 ) ) ;
#7088 = COLOUR_RGB ( '',0.8431372549019607865, 0.8156862745098039102, 0.7529411764705882248 ) ;
#7089 = CARTESIAN_POINT ( 'NONE',  ( -1.875735931288069924, -2.500000000000000000, 2.799999999999999822 ) ) ;
#7090 = CIRCLE ( 'NONE', #6570, 0.2250000000000000333 ) ;
#7091 = EDGE_LOOP ( 'NONE', ( #5385, #6169, #847, #4550 ) ) ;
#7092 = DIRECTION ( 'NONE',  ( -0.5000000000000002220, -0.5000000000000002220, -0.7071067811865472397 ) ) ;
#7093 = VECTOR ( 'NONE', #7092, 1000.000000000000114 ) ;
#7094 = CARTESIAN_POINT ( 'NONE',  ( -2.512795384589250336, 2.756836149240934564, 0.4886703376754590877 ) ) ;
#7095 = DIRECTION ( 'NONE',  ( 1.000000000000000000, 0.0000000000000000000, 0.0000000000000000000 ) ) ;
#7096 = VECTOR ( 'NONE', #5865, 1000.000000000000000 ) ;
#7097 = VECTOR ( 'NONE', #10221, 1000.000000000000000 ) ;
#7098 = VECTOR ( 'NONE', #7542, 1000.000000000000000 ) ;
#7099 = DIRECTION ( 'NONE',  ( 1.000000000000000000, 0.0000000000000000000, 0.0000000000000000000 ) ) ;
#7100 = VERTEX_POINT ( 'NONE', #7813 ) ;
#7101 = CARTESIAN_POINT ( 'NONE',  ( -2.899999999999999911, 1.309345828020819891, 0.5000000000000000000 ) ) ;
#7102 = ORIENTED_EDGE ( 'NONE', *, *, #8571, .F. ) ;
#7103 = ORIENTED_EDGE ( 'NONE', *, *, #3522, .T. ) ;
#7104 = DIRECTION ( 'NONE',  ( 0.0000000000000000000, 0.0000000000000000000, -1.000000000000000000 ) ) ;
#7105 = VECTOR ( 'NONE', #9984, 1000.000000000000000 ) ;
#7106 = CARTESIAN_POINT ( 'NONE',  ( 2.179636552470499922, 2.192363373782780123, 0.8033235806651959354 ) ) ;
#7107 = DIRECTION ( 'NONE',  ( 0.0000000000000000000, 1.000000000000000000, 0.0000000000000000000 ) ) ;
#7108 = CIRCLE ( 'NONE', #1888, 0.2000000000000000944 ) ;
#7109 = ORIENTED_EDGE ( 'NONE', *, *, #9030, .F. ) ;
#7110 = CARTESIAN_POINT ( 'NONE',  ( -2.506653190610689919, -2.822564800756739878, 0.4943358802422679887 ) ) ;
#7111 = DIRECTION ( 'NONE',  ( 0.0000000000000000000, 0.0000000000000000000, 1.000000000000000000 ) ) ;
#7112 = EDGE_LOOP ( 'NONE', ( #8637, #3187, #9341, #6524 ) ) ;
#7113 = COLOUR_RGB ( '',0.8431372549019607865, 0.8156862745098039102, 0.7529411764705882248 ) ;
#7114 = DIRECTION ( 'NONE',  ( 1.000000000000000000, 0.0000000000000000000, 0.0000000000000000000 ) ) ;
#7115 = ORIENTED_EDGE ( 'NONE', *, *, #5882, .F. ) ;
#7116 = AXIS2_PLACEMENT_3D ( 'NONE', #7723, #4304, #5881 ) ;
#7117 = CARTESIAN_POINT ( 'NONE',  ( -0.1563113276871415103, 2.750000000000000000, 2.399999999999999911 ) ) ;
#7118 = EDGE_CURVE ( 'NONE', #6736, #9569, #1928, .T. ) ;
#7119 = CARTESIAN_POINT ( 'NONE',  ( 2.044085076711789739, -2.701844355009850318, 2.399999999999999911 ) ) ;
#7120 = SURFACE_STYLE_USAGE ( .BOTH. , #1239 ) ;
#7121 = CARTESIAN_POINT ( 'NONE',  ( -2.956173761888604812, -1.554782797639240099, 0.2071554596297824902 ) ) ;
#7122 = CARTESIAN_POINT ( 'NONE',  ( -2.399999999999999911, -3.000000000000000000, 0.5000000000000000000 ) ) ;
#7123 = CARTESIAN_POINT ( 'NONE',  ( 2.899999999999999911, -1.070231915971539882, 0.5000000000000000000 ) ) ;
#7124 = CARTESIAN_POINT ( 'NONE',  ( 1.861057775859690011, -1.348554746544023963, 1.459536146880828111 ) ) ;
#7125 = CARTESIAN_POINT ( 'NONE',  ( -2.075359855208875448, -2.674640144777678863, 2.399999999999999911 ) ) ;
#7126 = EDGE_CURVE ( 'NONE', #4128, #8491, #10318, .T. ) ;
#7127 = AXIS2_PLACEMENT_3D ( 'NONE', #8643, #1173, #8810 ) ;
#7128 = CARTESIAN_POINT ( 'NONE',  ( 0.2502590124535895022, -1.720945825396174911, 2.790000000000000036 ) ) ;
#7129 = CARTESIAN_POINT ( 'NONE',  ( -2.386497962453530075, 1.988807546665259940, 0.6521750533047779852 ) ) ;
#7130 = ADVANCED_FACE ( 'NONE', ( #1489 ), #4737, .F. ) ;
#7131 = EDGE_LOOP ( 'NONE', ( #10708, #6258, #5589, #5942 ) ) ;
#7132 = DIRECTION ( 'NONE',  ( -2.667597244102225114E-16, 1.000000000000000000, 0.0000000000000000000 ) ) ;
#7133 = ORIENTED_EDGE ( 'NONE', *, *, #8931, .F. ) ;
#7134 = CARTESIAN_POINT ( 'NONE',  ( 2.899999999999999911, 1.429843788128356108, 0.5000000000000000000 ) ) ;
#7135 = SURFACE_STYLE_USAGE ( .BOTH. , #3661 ) ;
#7136 = CARTESIAN_POINT ( 'NONE',  ( 2.565739357167089896, -1.882747697605315018, 0.5000000000000000000 ) ) ;
#7137 = CARTESIAN_POINT ( 'NONE',  ( -0.1090909090909090023, -0.5384670216151629107, 2.790000000000000036 ) ) ;
#7138 = CARTESIAN_POINT ( 'NONE',  ( -2.414282326247679578, -2.004042074047625022, 0.6999999999999999556 ) ) ;
#7139 = CARTESIAN_POINT ( 'NONE',  ( 1.858962551822340048, 2.304846004904474999, 2.118939412575084891 ) ) ;
#7140 = CARTESIAN_POINT ( 'NONE',  ( -2.899083827932119828, -1.446128073294630001, 0.5000000000000000000 ) ) ;
#7141 = VECTOR ( 'NONE', #7649, 1000.000000000000000 ) ;
#7142 = AXIS2_PLACEMENT_3D ( 'NONE', #10665, #10615, #8316 ) ;
#7143 = CARTESIAN_POINT ( 'NONE',  ( -2.700000000000000178, -1.625735931288069924, 2.799999999999999822 ) ) ;
#7144 = EDGE_CURVE ( 'NONE', #346, #4948, #7779, .T. ) ;
#7145 = VERTEX_POINT ( 'NONE', #4062 ) ;
#7146 = CARTESIAN_POINT ( 'NONE',  ( -1.875735931288069924, -2.750000000000000000, 2.700000000000000178 ) ) ;
#7147 = CARTESIAN_POINT ( 'NONE',  ( -2.513553308446850210, -2.148726931620049907, 0.4829880334566889477 ) ) ;
#7148 = CARTESIAN_POINT ( 'NONE',  ( 2.581888910459569697, 2.550000000000000266, 0.1000000000000000056 ) ) ;
#7149 = CARTESIAN_POINT ( 'NONE',  ( -0.3086466781300220008, 0.7264395458583020604, 2.799999999999999822 ) ) ;
#7150 = LINE ( 'NONE', #5588, #756 ) ;
#7151 = ORIENTED_EDGE ( 'NONE', *, *, #1474, .T. ) ;
#7152 = DIRECTION ( 'NONE',  ( 0.0000000000000000000, -1.000000000000000000, -6.776263578034384963E-16 ) ) ;
#7153 = PRESENTATION_STYLE_ASSIGNMENT (( #8860 ) ) ;
#7154 = STYLED_ITEM ( 'NONE', ( #509 ), #3869 ) ;
#7155 = CARTESIAN_POINT ( 'NONE',  ( -2.023957274232500048, 1.152080217332674072, 1.461567410586282145 ) ) ;
#7156 =( NAMED_UNIT ( * ) PLANE_ANGLE_UNIT ( ) SI_UNIT ( $, .RADIAN. ) );
#7157 = DIRECTION ( 'NONE',  ( 0.5858059734293458165, 0.8104513319715728192, 0.0000000000000000000 ) ) ;
#7158 = UNCERTAINTY_MEASURE_WITH_UNIT (LENGTH_MEASURE( 1.000000000000000082E-05 ), #1949, 'distance_accuracy_value', 'NONE');
#7159 = CARTESIAN_POINT ( 'NONE',  ( -2.500000000000000000, 2.027882291061775089, 0.2107517884320780077 ) ) ;
#7160 = EDGE_CURVE ( 'NONE', #10655, #750, #1519, .T. ) ;
#7161 = DIRECTION ( 'NONE',  ( 1.000000000000000000, 0.0000000000000000000, 0.0000000000000000000 ) ) ;
#7162 = ORIENTED_EDGE ( 'NONE', *, *, #4219, .T. ) ;
#7163 = SURFACE_STYLE_USAGE ( .BOTH. , #564 ) ;
#7164 = CARTESIAN_POINT ( 'NONE',  ( -2.899459980405740378, 1.443475806096920167, 0.5000000000000000000 ) ) ;
#7165 = ORIENTED_EDGE ( 'NONE', *, *, #1149, .F. ) ;
#7166 = SURFACE_STYLE_FILL_AREA ( #5548 ) ;
#7167 = CARTESIAN_POINT ( 'NONE',  ( 2.681866455437455166, 2.068133544562544834, 2.399999999999999911 ) ) ;
#7168 = DIRECTION ( 'NONE',  ( -1.000000000000000000, 0.0000000000000000000, 0.0000000000000000000 ) ) ;
#7169 = ORIENTED_EDGE ( 'NONE', *, *, #8787, .F. ) ;
#7170 = CARTESIAN_POINT ( 'NONE',  ( -2.474268881909654993, -2.870371900535130028, 0.5000000000000000000 ) ) ;
#7171 = CARTESIAN_POINT ( 'NONE',  ( -2.500000000000000000, 1.499952333801978011, 0.1568365928198499903 ) ) ;
#7172 = ORIENTED_EDGE ( 'NONE', *, *, #6644, .T. ) ;
#7173 = CARTESIAN_POINT ( 'NONE',  ( -2.507906120746274947, 2.857183729432470010, 0.4886722839472210089 ) ) ;
#7174 = CARTESIAN_POINT ( 'NONE',  ( 1.861057775859690011, -1.348554746544023963, 1.459536146880828111 ) ) ;
#7175 =( NAMED_UNIT ( * ) PLANE_ANGLE_UNIT ( ) SI_UNIT ( $, .RADIAN. ) );
#7176 = CARTESIAN_POINT ( 'NONE',  ( -2.343504896845375107, -1.955727101348554875, 0.7128710299998449740 ) ) ;
#7177 = CYLINDRICAL_SURFACE ( 'NONE', #8095, 0.01999999999999999695 ) ;
#7178 = CARTESIAN_POINT ( 'NONE',  ( 2.697977444843644879, 0.6056907272300159351, 0.8041245869083969433 ) ) ;
#7179 = CARTESIAN_POINT ( 'NONE',  ( 2.505984300575739621, -2.626665369674340056, 0.4943339994215970590 ) ) ;
#7180 = DIRECTION ( 'NONE',  ( -1.000000000000000000, 0.0000000000000000000, 0.0000000000000000000 ) ) ;
#7181 = DIRECTION ( 'NONE',  ( 0.0000000000000000000, 0.0000000000000000000, 1.000000000000000000 ) ) ;
#7182 = EDGE_CURVE ( 'NONE', #10408, #4693, #5700, .T. ) ;
#7183 = CARTESIAN_POINT ( 'NONE',  ( -2.347083230611895388, 1.954298432678319930, 0.7083883276107989513 ) ) ;
#7184 = VERTEX_POINT ( 'NONE', #9074 ) ;
#7185 = FACE_OUTER_BOUND ( 'NONE', #257, .T. ) ;
#7186 = ORIENTED_EDGE ( 'NONE', *, *, #5028, .F. ) ;
#7187 = CARTESIAN_POINT ( 'NONE',  ( -1.149999999999999911, 1.184960637368067893, 2.790000000000000036 ) ) ;
#7188 = SURFACE_STYLE_FILL_AREA ( #10683 ) ;
#7189 = DIRECTION ( 'NONE',  ( 0.0000000000000000000, 0.0000000000000000000, 1.000000000000000000 ) ) ;
#7190 = CARTESIAN_POINT ( 'NONE',  ( 2.579999999999999627, -2.799999999999999822, 0.1200000000000000094 ) ) ;
#7191 = ORIENTED_EDGE ( 'NONE', *, *, #10251, .F. ) ;
#7192 = DIRECTION ( 'NONE',  ( -1.000000000000000000, 0.0000000000000000000, 0.0000000000000000000 ) ) ;
#7193 = PRESENTATION_STYLE_ASSIGNMENT (( #9764 ) ) ;
#7194 = CARTESIAN_POINT ( 'NONE',  ( 2.500000000000000000, 2.436265413492429754, 0.5000000000000000000 ) ) ;
#7195 = LINE ( 'NONE', #1529, #6052 ) ;
#7196 = EDGE_CURVE ( 'NONE', #2169, #8208, #2323, .T. ) ;
#7197 = ORIENTED_EDGE ( 'NONE', *, *, #4142, .T. ) ;
#7198 = CARTESIAN_POINT ( 'NONE',  ( -2.710385666345950018, -2.048120191928780365, 0.3864410810002315011 ) ) ;
#7199 = CARTESIAN_POINT ( 'NONE',  ( -2.511306896680849832, -2.032119304271414517, 0.4886566389971700453 ) ) ;
#7200 = CARTESIAN_POINT ( 'NONE',  ( -2.474345596219860166, -1.449999999999999956, 0.1000000000000000056 ) ) ;
#7201 = CARTESIAN_POINT ( 'NONE',  ( -0.1126768240424884104, -0.5405537226071029933, 2.790000000000000036 ) ) ;
#7202 = DIRECTION ( 'NONE',  ( 1.000000000000000000, 0.0000000000000000000, 0.0000000000000000000 ) ) ;
#7203 = ORIENTED_EDGE ( 'NONE', *, *, #9686, .F. ) ;
#7204 = CARTESIAN_POINT ( 'NONE',  ( 0.5541885429659979545, -0.8211122301339389695, 2.790000000000000036 ) ) ;
#7205 = CYLINDRICAL_SURFACE ( 'NONE', #10419, 0.01999999999999999695 ) ;
#7206 = CARTESIAN_POINT ( 'NONE',  ( -2.803655188150610211, 1.596365631157440124, 0.4943246186455270141 ) ) ;
#7207 = PRESENTATION_LAYER_ASSIGNMENT (  '', '', ( #2167 ) ) ;
#7208 = CARTESIAN_POINT ( 'NONE',  ( -0.1670664863060850047, -1.697854384810445039, 2.790000000000000036 ) ) ;
#7209 = DIRECTION ( 'NONE',  ( 0.0000000000000000000, -1.000000000000000000, 0.0000000000000000000 ) ) ;
#7210 = CARTESIAN_POINT ( 'NONE',  ( 0.1722171299342414863, -1.666895695092385221, 2.790000000000000036 ) ) ;
#7211 = VERTEX_POINT ( 'NONE', #1601 ) ;
#7212 = CARTESIAN_POINT ( 'NONE',  ( -2.633110891517710161, 1.092817963786550273, 0.8039324380356200894 ) ) ;
#7213 = ORIENTED_EDGE ( 'NONE', *, *, #8738, .T. ) ;
#7214 = CARTESIAN_POINT ( 'NONE',  ( -3.000000000000000000, 2.550000000000000266, 0.1000000000000000056 ) ) ;
#7215 = CARTESIAN_POINT ( 'NONE',  ( 2.443292956677309835, 2.892897529834719705, 0.5000000000000000000 ) ) ;
#7216 = SURFACE_STYLE_FILL_AREA ( #4908 ) ;
#7217 = DIRECTION ( 'NONE',  ( -1.000000000000000000, 0.0000000000000000000, 0.0000000000000000000 ) ) ;
#7218 = ADVANCED_FACE ( 'NONE', ( #2374 ), #5593, .F. ) ;
#7219 = CARTESIAN_POINT ( 'NONE',  ( 0.1633928571428575061, -1.661762476160615121, 2.799999999999999822 ) ) ;
#7220 = ORIENTED_EDGE ( 'NONE', *, *, #7990, .F. ) ;
#7221 = CARTESIAN_POINT ( 'NONE',  ( -0.5404949629556190516, 2.687389346089484654, 0.8025474971306310046 ) ) ;
#7222 = AXIS2_PLACEMENT_3D ( 'NONE', #287, #5322, #10273 ) ;
#7223 = CARTESIAN_POINT ( 'NONE',  ( 2.681866455437460051, -2.068133544562544834, 2.399999999999999911 ) ) ;
#7224 = CARTESIAN_POINT ( 'NONE',  ( -2.662866016697494675, 2.048566424739604930, 0.3864410810002315011 ) ) ;
#7225 = CARTESIAN_POINT ( 'NONE',  ( -2.330260095574049561, -1.963263350066440038, 0.7289326056783510532 ) ) ;
#7226 = SURFACE_STYLE_USAGE ( .BOTH. , #4753 ) ;
#7227 = CARTESIAN_POINT ( 'NONE',  ( 2.527356679907684978, 1.341933982519047941, 0.8038286753037050536 ) ) ;
#7228 = CARTESIAN_POINT ( 'NONE',  ( 2.839759803283405049, -1.910240196716590066, 2.399999999999999911 ) ) ;
#7229 = DIRECTION ( 'NONE',  ( -1.000000000000000000, 0.0000000000000000000, 0.0000000000000000000 ) ) ;
#7230 = CARTESIAN_POINT ( 'NONE',  ( 3.000000000000000000, -1.625735931288069924, 2.799999999999999822 ) ) ;
#7231 = CARTESIAN_POINT ( 'NONE',  ( 0.1722171299342414863, -1.666895695092385221, 2.790000000000000036 ) ) ;
#7232 = AXIS2_PLACEMENT_3D ( 'NONE', #7483, #7528, #6550 ) ;
#7233 = CARTESIAN_POINT ( 'NONE',  ( -2.315578675372679918, 1.980800775094294641, 0.7446263764701930299 ) ) ;
#7234 = ORIENTED_EDGE ( 'NONE', *, *, #3297, .F. ) ;
#7235 = PRESENTATION_STYLE_ASSIGNMENT (( #5769 ) ) ;
#7236 = ORIENTED_EDGE ( 'NONE', *, *, #2498, .T. ) ;
#7237 = DIRECTION ( 'NONE',  ( 0.0000000000000000000, 0.0000000000000000000, 1.000000000000000000 ) ) ;
#7238 = CARTESIAN_POINT ( 'NONE',  ( -2.500000000000000000, -1.959940897400865190, 0.1382530354009195994 ) ) ;
#7239 = CIRCLE ( 'NONE', #6546, 0.2000000000000000944 ) ;
#7240 = DIRECTION ( 'NONE',  ( -1.000000000000000000, 0.0000000000000000000, 0.0000000000000000000 ) ) ;
#7241 = MECHANICAL_DESIGN_GEOMETRIC_PRESENTATION_REPRESENTATION (  '', ( #968 ), #4839 ) ;
#7242 = DIRECTION ( 'NONE',  ( 0.0000000000000000000, 0.0000000000000000000, 1.000000000000000000 ) ) ;
#7243 = MECHANICAL_DESIGN_GEOMETRIC_PRESENTATION_REPRESENTATION (  '', ( #1514 ), #8848 ) ;
#7244 = MECHANICAL_DESIGN_GEOMETRIC_PRESENTATION_REPRESENTATION (  '', ( #7949 ), #8646 ) ;
#7245 = CARTESIAN_POINT ( 'NONE',  ( 1.149999999999999911, 3.010000000000000231, 0.1100000000000000006 ) ) ;
#7246 = ORIENTED_EDGE ( 'NONE', *, *, #3827, .F. ) ;
#7247 = ORIENTED_EDGE ( 'NONE', *, *, #8471, .T. ) ;
#7248 = FILL_AREA_STYLE_COLOUR ( '', #8815 ) ;
#7249 = CARTESIAN_POINT ( 'NONE',  ( -2.500000000000000000, -2.739709114629715003, 0.5000000000000000000 ) ) ;
#7250 = ADVANCED_FACE ( 'NONE', ( #1440 ), #5635, .T. ) ;
#7251 = CARTESIAN_POINT ( 'NONE',  ( 0.2386309232327595009, 0.6349712003461089882, 2.799999999999999822 ) ) ;
#7252 = SURFACE_STYLE_FILL_AREA ( #3285 ) ;
#7253 = CARTESIAN_POINT ( 'NONE',  ( 2.955335420293729420, 1.786220465062998031, 2.399999999999999911 ) ) ;
#7254 = ORIENTED_EDGE ( 'NONE', *, *, #10229, .T. ) ;
#7255 = CARTESIAN_POINT ( 'NONE',  ( 0.3282910536466949747, -0.6549949679630430177, 2.799999999999999822 ) ) ;
#7256 = CARTESIAN_POINT ( 'NONE',  ( 2.903394843988834850, 0.3563792261703029873, 0.4943178284327759964 ) ) ;
#7257 = CARTESIAN_POINT ( 'NONE',  ( -2.390371073986230055, 1.533976070991309948, 0.8037432388319040166 ) ) ;
#7258 =( GEOMETRIC_REPRESENTATION_CONTEXT ( 3 ) GLOBAL_UNCERTAINTY_ASSIGNED_CONTEXT ( ( #1708 ) ) GLOBAL_UNIT_ASSIGNED_CONTEXT ( ( #447, #1104, #10271 ) ) REPRESENTATION_CONTEXT ( 'NONE', 'WORKASPACE' ) );
#7259 = SURFACE_STYLE_USAGE ( .BOTH. , #2210 ) ;
#7260 = EDGE_CURVE ( 'NONE', #7924, #2379, #5966, .T. ) ;
#7261 = PRESENTATION_LAYER_ASSIGNMENT (  '', '', ( #4671 ) ) ;
#7262 = CARTESIAN_POINT ( 'NONE',  ( -1.149999999999999911, 2.979999999999999982, 0.1200000000000000094 ) ) ;
#7263 = CARTESIAN_POINT ( 'NONE',  ( -2.500000000000000000, 2.008806717922194007, 0.1116852820187546613 ) ) ;
#7264 = VECTOR ( 'NONE', #313, 1000.000000000000000 ) ;
#7265 = ORIENTED_EDGE ( 'NONE', *, *, #10609, .F. ) ;
#7266 = CARTESIAN_POINT ( 'NONE',  ( -2.747390768519520243, 1.018394809548079927, 2.125366822177749970 ) ) ;
#7267 = ADVANCED_FACE ( 'NONE', ( #7479 ), #8402, .F. ) ;
#7268 = EDGE_LOOP ( 'NONE', ( #2854, #2987, #6948, #8505, #2548, #3785 ) ) ;
#7269 = CARTESIAN_POINT ( 'NONE',  ( 1.805634623012555062, 2.899999999999999911, 0.5000000000000000000 ) ) ;
#7270 = CARTESIAN_POINT ( 'NONE',  ( -2.500000000000000000, -2.799999999999999822, 0.5000000000000000000 ) ) ;
#7271 = CARTESIAN_POINT ( 'NONE',  ( -0.1563113275275370140, -2.750000000000000000, 2.399999999999999911 ) ) ;
#7272 = PRESENTATION_LAYER_ASSIGNMENT (  '', '', ( #9535 ) ) ;
#7273 = AXIS2_PLACEMENT_3D ( 'NONE', #4399, #2160, #3801 ) ;
#7274 = AXIS2_PLACEMENT_3D ( 'NONE', #8196, #9166, #5838 ) ;
#7275 = CARTESIAN_POINT ( 'NONE',  ( 1.149999999999999911, -3.010000000000000231, 0.09000000000000001055 ) ) ;
#7276 = VERTEX_POINT ( 'NONE', #8517 ) ;
#7277 = CARTESIAN_POINT ( 'NONE',  ( -1.073638351633733778, 2.630972050061149758, 0.8026895241630239708 ) ) ;
#7278 = MECHANICAL_DESIGN_GEOMETRIC_PRESENTATION_REPRESENTATION (  '', ( #6587 ), #5559 ) ;
#7279 = EDGE_CURVE ( 'NONE', #5266, #8119, #7694, .T. ) ;
#7280 = CARTESIAN_POINT ( 'NONE',  ( 2.638639096053824851, -1.791623023996889996, 0.5000000000000000000 ) ) ;
#7281 = STYLED_ITEM ( 'NONE', ( #1425 ), #2336 ) ;
#7282 = CARTESIAN_POINT ( 'NONE',  ( -2.668223973668614857, 2.050973672212344834, 0.3864410810002315011 ) ) ;
#7283 = CARTESIAN_POINT ( 'NONE',  ( -2.326061885307684651, -1.966707155625305070, 0.7337864372997080498 ) ) ;
#7284 = CARTESIAN_POINT ( 'NONE',  ( 3.000000000000000000, 1.613753875969744955, 2.399999999999999911 ) ) ;
#7285 = CARTESIAN_POINT ( 'NONE',  ( 2.598382843011309618, -1.862975154420515089, 0.4886533908001539639 ) ) ;
#7286 = CARTESIAN_POINT ( 'NONE',  ( 2.399999999999999911, 3.000000000000000000, 0.5000000000000000000 ) ) ;
#7287 = PRESENTATION_STYLE_ASSIGNMENT (( #10793 ) ) ;
#7288 = CARTESIAN_POINT ( 'NONE',  ( 0.2998446361318245490, -1.756202492345455113, 2.790000000000000036 ) ) ;
#7289 = CIRCLE ( 'NONE', #8343, 0.2999999999999999334 ) ;
#7290 = CIRCLE ( 'NONE', #7116, 0.2999999999999999334 ) ;
#7291 = ORIENTED_EDGE ( 'NONE', *, *, #8260, .T. ) ;
#7292 = EDGE_CURVE ( 'NONE', #1534, #4462, #1707, .T. ) ;
#7293 = ORIENTED_EDGE ( 'NONE', *, *, #9363, .T. ) ;
#7294 = ORIENTED_EDGE ( 'NONE', *, *, #10690, .F. ) ;
#7295 = CARTESIAN_POINT ( 'NONE',  ( 0.2296077742320664916, -0.5837991298365350357, 2.799999999999999822 ) ) ;
#7296 = CARTESIAN_POINT ( 'NONE',  ( -0.1103230765775710109, -0.5348444495610580329, 2.799999999999999822 ) ) ;
#7297 = DIRECTION ( 'NONE',  ( 1.000000000000000000, 0.0000000000000000000, 0.0000000000000000000 ) ) ;
#7298 = FACE_OUTER_BOUND ( 'NONE', #4676, .T. ) ;
#7299 = CARTESIAN_POINT ( 'NONE',  ( -2.500000000000000000, 1.994791244223899973, 0.1124026136533644027 ) ) ;
#7300 = EDGE_LOOP ( 'NONE', ( #8537, #4010, #699, #8757 ) ) ;
#7301 = MECHANICAL_DESIGN_GEOMETRIC_PRESENTATION_REPRESENTATION (  '', ( #2086 ), #3307 ) ;
#7302 =( NAMED_UNIT ( * ) SI_UNIT ( $, .STERADIAN. ) SOLID_ANGLE_UNIT ( ) );
#7303 = CARTESIAN_POINT ( 'NONE',  ( 2.471254120906693608, -1.435659799017758642, 0.1000000000000000194 ) ) ;
#7304 = DIRECTION ( 'NONE',  ( 0.6246950475544237324, 0.7808688094430306093, 0.0000000000000000000 ) ) ;
#7305 = ORIENTED_EDGE ( 'NONE', *, *, #9232, .F. ) ;
#7306 = CARTESIAN_POINT ( 'NONE',  ( -2.899999999999999911, 1.429843788128356108, 0.5000000000000000000 ) ) ;
#7307 = CARTESIAN_POINT ( 'NONE',  ( -1.812421266884615134, -2.329515860020389795, 2.118773468832159779 ) ) ;
#7308 = DIRECTION ( 'NONE',  ( 0.7808688094430307203, 0.6246950475544237324, 0.0000000000000000000 ) ) ;
#7309 = LINE ( 'NONE', #6599, #10227 ) ;
#7310 = PLANE ( 'NONE',  #397 ) ;
#7311 = VERTEX_POINT ( 'NONE', #330 ) ;
#7312 = LINE ( 'NONE', #10755, #305 ) ;
#7313 = LINE ( 'NONE', #8912, #1891 ) ;
#7314 = CARTESIAN_POINT ( 'NONE',  ( 2.381855898892525136, 0.6125055450578841265, 1.464675920129189901 ) ) ;
#7315 = CARTESIAN_POINT ( 'NONE',  ( -2.593879675013269992, 1.858088207357849964, 0.4943266954000380409 ) ) ;
#7316 = LINE ( 'NONE', #3138, #7323 ) ;
#7317 = PRESENTATION_STYLE_ASSIGNMENT (( #8093 ) ) ;
#7318 = AXIS2_PLACEMENT_3D ( 'NONE', #6819, #5166, #1000 ) ;
#7319 = EDGE_CURVE ( 'NONE', #334, #1199, #3452, .T. ) ;
#7320 = CARTESIAN_POINT ( 'NONE',  ( 2.565739357167089896, 1.882747697605315018, 0.5000000000000000000 ) ) ;
#7321 = VERTEX_POINT ( 'NONE', #5420 ) ;
#7322 = CARTESIAN_POINT ( 'NONE',  ( -3.000000000000000000, 0.1336020817906999891, 2.399999999999999911 ) ) ;
#7323 = VECTOR ( 'NONE', #9665, 1000.000000000000114 ) ;
#7324 = ORIENTED_EDGE ( 'NONE', *, *, #4206, .T. ) ;
#7325 = CARTESIAN_POINT ( 'NONE',  ( 1.429894933703117932, 1.735488937687150068, 1.455028784193050040 ) ) ;
#7326 = DIRECTION ( 'NONE',  ( 0.0000000000000000000, 0.0000000000000000000, 1.000000000000000000 ) ) ;
#7327 = CARTESIAN_POINT ( 'NONE',  ( -0.6036923864232041081, -2.907943016402735115, 0.4886969928950570252 ) ) ;
#7328 = ORIENTED_EDGE ( 'NONE', *, *, #660, .T. ) ;
#7329 = EDGE_CURVE ( 'NONE', #4955, #7612, #1210, .T. ) ;
#7330 = VERTEX_POINT ( 'NONE', #6919 ) ;
#7331 = CARTESIAN_POINT ( 'NONE',  ( -2.517952901727124715, 2.642593125879294735, 0.4830019982643279919 ) ) ;
#7332 = CARTESIAN_POINT ( 'NONE',  ( 2.557198380835834950, -1.903865611985765094, 0.4943271139161080074 ) ) ;
#7333 = CARTESIAN_POINT ( 'NONE',  ( -2.649143806264265155, 2.038153353016464830, 0.3864410810002315011 ) ) ;
#7334 = CARTESIAN_POINT ( 'NONE',  ( 2.460489005035979559, -2.603896332213358367, 0.09999999999999999167 ) ) ;
#7335 = CARTESIAN_POINT ( 'NONE',  ( -2.700000000000000178, -1.625735931288069924, 2.700000000000000178 ) ) ;
#7336 = CARTESIAN_POINT ( 'NONE',  ( 2.698918072245844790, 1.337622581512275977, 2.124273007415404813 ) ) ;
#7337 = CARTESIAN_POINT ( 'NONE',  ( 2.515591799687705077, -2.037614573682914987, 0.4829849584955220321 ) ) ;
#7338 = CARTESIAN_POINT ( 'NONE',  ( -2.799999999999999822, -1.429843788128356108, 0.1000000000000000056 ) ) ;
#7339 = CARTESIAN_POINT ( 'NONE',  ( -2.623518412386590004, -1.554751304503660059, 2.123183580871525145 ) ) ;
#7340 = CARTESIAN_POINT ( 'NONE',  ( 2.087867965644035095, 2.662132034355964905, 2.700000000000000178 ) ) ;
#7341 = ORIENTED_EDGE ( 'NONE', *, *, #1121, .F. ) ;
#7342 = ORIENTED_EDGE ( 'NONE', *, *, #4503, .T. ) ;
#7343 = CARTESIAN_POINT ( 'NONE',  ( -3.000000000000000000, 1.625735931288069924, 2.799999999999999822 ) ) ;
#7344 = CARTESIAN_POINT ( 'NONE',  ( -0.4892917872147509728, -0.2625824433251295331, 2.790000000000000036 ) ) ;
#7345 = CARTESIAN_POINT ( 'NONE',  ( 2.700000000000000178, -1.625735931288069924, 2.700000000000000178 ) ) ;
#7346 = CARTESIAN_POINT ( 'NONE',  ( 0.1633928571428575061, -0.5396845540826950005, 2.790000000000000036 ) ) ;
#7347 = CARTESIAN_POINT ( 'NONE',  ( -2.500000000000000000, 1.954512749516529757, 0.1709136005669250058 ) ) ;
#7348 = CYLINDRICAL_SURFACE ( 'NONE', #4335, 0.01999999999999999695 ) ;
#7349 = DIRECTION ( 'NONE',  ( 1.000000000000000000, 0.0000000000000000000, 0.0000000000000000000 ) ) ;
#7350 = CARTESIAN_POINT ( 'NONE',  ( 2.912132034355964905, -1.837867965644034873, 2.700000000000000178 ) ) ;
#7351 = EDGE_CURVE ( 'NONE', #9261, #8321, #9537, .T. ) ;
#7352 = DIRECTION ( 'NONE',  ( 1.000000000000000000, 0.0000000000000000000, 0.0000000000000000000 ) ) ;
#7353 = EDGE_LOOP ( 'NONE', ( #6046, #6495, #1004, #8970 ) ) ;
#7354 = CARTESIAN_POINT ( 'NONE',  ( -2.500000000000000000, -2.618701491572070328, 0.5000000000000000000 ) ) ;
#7355 = FILL_AREA_STYLE ('',( #716 ) ) ;
#7356 = CARTESIAN_POINT ( 'NONE',  ( -2.579999999999999627, -2.799999999999999822, 0.1000000000000000056 ) ) ;
#7357 =( NAMED_UNIT ( * ) SI_UNIT ( $, .STERADIAN. ) SOLID_ANGLE_UNIT ( ) );
#7358 = ORIENTED_EDGE ( 'NONE', *, *, #789, .T. ) ;
#7359 = DIRECTION ( 'NONE',  ( -1.000000000000000000, 0.0000000000000000000, 0.0000000000000000000 ) ) ;
#7360 = FILL_AREA_STYLE ('',( #8197 ) ) ;
#7361 = CARTESIAN_POINT ( 'NONE',  ( 3.000000000000000000, 1.424356074374703907, 2.399999999999999911 ) ) ;
#7362 = CARTESIAN_POINT ( 'NONE',  ( -2.991220537596175344, 1.702390443120259889, 2.399999999999999911 ) ) ;
#7363 = DIRECTION ( 'NONE',  ( 0.0000000000000000000, -1.000000000000000000, 0.0000000000000000000 ) ) ;
#7364 = SURFACE_STYLE_USAGE ( .BOTH. , #10652 ) ;
#7365 = B_SPLINE_CURVE_WITH_KNOTS ( 'NONE', 3,
 ( #7171, #1401, #3870, #10503 ),
 .UNSPECIFIED., .F., .F.,
 ( 4, 4 ),
 ( 0.0000000000000000000, 1.000000000000000000 ),
 .UNSPECIFIED. ) ;
#7366 = UNCERTAINTY_MEASURE_WITH_UNIT (LENGTH_MEASURE( 1.000000000000000082E-05 ), #10262, 'distance_accuracy_value', 'NONE');
#7367 = LINE ( 'NONE', #5746, #7378 ) ;
#7368 = ORIENTED_EDGE ( 'NONE', *, *, #6455, .T. ) ;
#7369 = LINE ( 'NONE', #18, #9860 ) ;
#7370 = CARTESIAN_POINT ( 'NONE',  ( -2.899999999999999911, -0.3553984691504910032, 0.5000000000000000000 ) ) ;
#7371 = ORIENTED_EDGE ( 'NONE', *, *, #4440, .F. ) ;
#7372 = COLOUR_RGB ( '',0.8431372549019607865, 0.8156862745098039102, 0.7529411764705882248 ) ;
#7373 = DIRECTION ( 'NONE',  ( 0.0000000000000000000, 1.000000000000000000, 0.0000000000000000000 ) ) ;
#7374 = EDGE_CURVE ( 'NONE', #6978, #379, #2841, .T. ) ;
#7375 = CARTESIAN_POINT ( 'NONE',  ( 1.207057892113177822, 2.905025367685365012, 0.4943458434214569874 ) ) ;
#7376 = CARTESIAN_POINT ( 'NONE',  ( 2.474345596219860166, -2.550000000000000266, 0.1000000000000000056 ) ) ;
#7377 = CARTESIAN_POINT ( 'NONE',  ( -1.805634623012555062, -2.899999999999999911, 0.5000000000000000000 ) ) ;
#7378 = VECTOR ( 'NONE', #8967, 999.9999999999998863 ) ;
#7379 = CARTESIAN_POINT ( 'NONE',  ( 0.2998446361318245490, -1.756202492345455113, 2.799999999999999822 ) ) ;
#7380 = ORIENTED_EDGE ( 'NONE', *, *, #9582, .F. ) ;
#7381 = CARTESIAN_POINT ( 'NONE',  ( -2.519959571824804900, 2.840455603053090083, 0.4830076407260820437 ) ) ;
#7382 = CARTESIAN_POINT ( 'NONE',  ( 2.518328024705550394, -1.980451181376650105, 0.4943278632907120440 ) ) ;
#7383 = CARTESIAN_POINT ( 'NONE',  ( -2.701977212571589959, 2.051982398899654836, 0.3864410810002315011 ) ) ;
#7384 = EDGE_CURVE ( 'NONE', #4261, #3888, #7526, .T. ) ;
#7385 = LINE ( 'NONE', #10722, #6577 ) ;
#7386 = CARTESIAN_POINT ( 'NONE',  ( 2.607407155452134528, 1.222546180318302200, 0.8038817002137600420 ) ) ;
#7387 = CARTESIAN_POINT ( 'NONE',  ( 2.522618806645510414, -1.985646736335649809, 0.4886557265814239770 ) ) ;
#7388 = MECHANICAL_DESIGN_GEOMETRIC_PRESENTATION_REPRESENTATION (  '', ( #433 ), #773 ) ;
#7389 = CARTESIAN_POINT ( 'NONE',  ( 2.759333839047557468, 1.800832701190552942, 0.3535058639434786043 ) ) ;
#7390 = CARTESIAN_POINT ( 'NONE',  ( -2.655004383464985018, -1.494323825591816091, 2.123523221572360065 ) ) ;
#7391 = SURFACE_SIDE_STYLE ('',( #4084 ) ) ;
#7392 = EDGE_CURVE ( 'NONE', #488, #6303, #7908, .T. ) ;
#7393 = AXIS2_PLACEMENT_3D ( 'NONE', #8318, #5860, #1774 ) ;
#7394 = EDGE_LOOP ( 'NONE', ( #8080, #6133, #896, #630 ) ) ;
#7395 = DIRECTION ( 'NONE',  ( 0.0000000000000000000, -1.000000000000000000, 7.508278481128410633E-12 ) ) ;
#7396 = ORIENTED_EDGE ( 'NONE', *, *, #10740, .T. ) ;
#7397 = CARTESIAN_POINT ( 'NONE',  ( 0.4684256701484629803, -0.7578945698828639665, 2.799999999999999822 ) ) ;
#7398 = EDGE_CURVE ( 'NONE', #10559, #6504, #7090, .T. ) ;
#7399 = DIRECTION ( 'NONE',  ( 0.0000000000000000000, 0.0000000000000000000, 1.000000000000000000 ) ) ;
#7400 = CARTESIAN_POINT ( 'NONE',  ( 0.2386309232327600005, -0.4871067217318140186, 2.799999999999999822 ) ) ;
#7401 = CARTESIAN_POINT ( 'NONE',  ( -2.500000000000000000, 1.986176329170015187, 0.2134019464242025155 ) ) ;
#7402 =( NAMED_UNIT ( * ) PLANE_ANGLE_UNIT ( ) SI_UNIT ( $, .RADIAN. ) );
#7403 =( NAMED_UNIT ( * ) SI_UNIT ( $, .STERADIAN. ) SOLID_ANGLE_UNIT ( ) );
#7404 = CIRCLE ( 'NONE', #3941, 0.2000000000000000944 ) ;
#7405 = CARTESIAN_POINT ( 'NONE',  ( 2.912132034355964905, 1.837867965644034873, 2.399999999999999911 ) ) ;
#7406 = CARTESIAN_POINT ( 'NONE',  ( -1.149999999999999911, 2.681881587960845081, 0.09000000000000001055 ) ) ;
#7407 = PRESENTATION_LAYER_ASSIGNMENT (  '', '', ( #1677 ) ) ;
#7408 = VERTEX_POINT ( 'NONE', #2963 ) ;
#7409 = DIRECTION ( 'NONE',  ( -3.203166744464219909E-16, -1.000000000000000000, 0.0000000000000000000 ) ) ;
#7410 = CARTESIAN_POINT ( 'NONE',  ( -2.493927276152110295, -2.898166600359860290, 0.4830095990098519643 ) ) ;
#7411 = AXIS2_PLACEMENT_3D ( 'NONE', #5472, #592, #2889 ) ;
#7412 = CARTESIAN_POINT ( 'NONE',  ( -2.649143806264265155, -1.969930795078789654, 0.3864410810002315011 ) ) ;
#7413 = CARTESIAN_POINT ( 'NONE',  ( -0.2517973613883850437, -0.6358536280694090381, 2.790000000000000036 ) ) ;
#7414 = CARTESIAN_POINT ( 'NONE',  ( 2.600000000000000089, -2.030452379896433790, 0.3674621669475531260 ) ) ;
#7415 = ADVANCED_FACE ( 'NONE', ( #2085 ), #1360, .T. ) ;
#7416 = EDGE_LOOP ( 'NONE', ( #514, #4419, #7788, #5533 ) ) ;
#7417 = CARTESIAN_POINT ( 'NONE',  ( 0.0000000000000000000, -2.899999999999999911, 0.5000000000000000000 ) ) ;
#7418 = DIRECTION ( 'NONE',  ( 0.0000000000000000000, 0.0000000000000000000, -1.000000000000000000 ) ) ;
#7419 = CARTESIAN_POINT ( 'NONE',  ( 2.601222533117700131, 1.235151373399001828, 0.8038751505633099370 ) ) ;
#7420 = CARTESIAN_POINT ( 'NONE',  ( -2.696740996562059678, 1.370887572817494071, 2.124179972662914917 ) ) ;
#7421 =( NAMED_UNIT ( * ) PLANE_ANGLE_UNIT ( ) SI_UNIT ( $, .RADIAN. ) );
#7422 = MECHANICAL_DESIGN_GEOMETRIC_PRESENTATION_REPRESENTATION (  '', ( #6024 ), #9001 ) ;
#7423 = VECTOR ( 'NONE', #3533, 1000.000000000000114 ) ;
#7424 = CARTESIAN_POINT ( 'NONE',  ( 2.514130216683074792, 1.974957799317935025, 0.4999999999999469869 ) ) ;
#7425 = EDGE_LOOP ( 'NONE', ( #1017, #8904, #7810, #4615 ) ) ;
#7426 = CARTESIAN_POINT ( 'NONE',  ( -2.910184531966330201, -0.3583407402099155203, 0.4829534852986560045 ) ) ;
#7427 = VECTOR ( 'NONE', #5621, 1000.000000000000000 ) ;
#7428 = ADVANCED_FACE ( 'NONE', ( #434 ), #8622, .T. ) ;
#7429 = PRESENTATION_LAYER_ASSIGNMENT (  '', '', ( #4843 ) ) ;
#7430 = ORIENTED_EDGE ( 'NONE', *, *, #9232, .T. ) ;
#7431 =( NAMED_UNIT ( * ) SI_UNIT ( $, .STERADIAN. ) SOLID_ANGLE_UNIT ( ) );
#7432 = VECTOR ( 'NONE', #6994, 1000.000000000000000 ) ;
#7433 = CARTESIAN_POINT ( 'NONE',  ( 1.223268771549067990, 1.993170211086839672, 1.453378160215869963 ) ) ;
#7434 = DIRECTION ( 'NONE',  ( 0.0000000000000000000, 0.0000000000000000000, 1.000000000000000000 ) ) ;
#7435 = CARTESIAN_POINT ( 'NONE',  ( 4.217652621769160266E-17, -2.907481723192060219, 0.4886983618221160675 ) ) ;
#7436 = COLOUR_RGB ( '',0.8431372549019607865, 0.8156862745098039102, 0.7529411764705882248 ) ;
#7437 = VECTOR ( 'NONE', #3235, 1000.000000000000114 ) ;
#7438 = VECTOR ( 'NONE', #4647, 1000.000000000000000 ) ;
#7439 = SURFACE_SIDE_STYLE ('',( #6562 ) ) ;
#7440 = VERTEX_POINT ( 'NONE', #4488 ) ;
#7441 = CARTESIAN_POINT ( 'NONE',  ( -1.449999999999999956, 1.184960637368067893, 2.790000000000000036 ) ) ;
#7442 = CARTESIAN_POINT ( 'NONE',  ( -1.858962551933985186, 2.304846004920160230, 2.118939412577629966 ) ) ;
#7443 = CARTESIAN_POINT ( 'NONE',  ( 2.717404301505635278, -1.693166517182139952, 0.5000000000000000000 ) ) ;
#7444 = CARTESIAN_POINT ( 'NONE',  ( -0.1644771634263619831, -1.621989259032400099, 2.799999999999999822 ) ) ;
#7445 = CARTESIAN_POINT ( 'NONE',  ( 0.02897727272727285142, -0.6348955930437339967, 2.799999999999999822 ) ) ;
#7446 = AXIS2_PLACEMENT_3D ( 'NONE', #7497, #3255, #7603 ) ;
#7447 = DIRECTION ( 'NONE',  ( 0.0000000000000000000, 0.0000000000000000000, -1.000000000000000000 ) ) ;
#7448 = CARTESIAN_POINT ( 'NONE',  ( 3.000000000000000000, 1.559834068648709993, 2.399999999999999911 ) ) ;
#7449 = CARTESIAN_POINT ( 'NONE',  ( 2.652116407931450315, -1.500613362403170115, 2.123507352947485050 ) ) ;
#7450 = COLOUR_RGB ( '',0.8431372549019607865, 0.8156862745098039102, 0.7529411764705882248 ) ;
#7451 = CARTESIAN_POINT ( 'NONE',  ( -3.000000000000000000, -1.622046848901099736, 2.399999999999999911 ) ) ;
#7452 = CARTESIAN_POINT ( 'NONE',  ( -4.361091270347399629, 0.03535533905932874282, 2.799999999999999822 ) ) ;
#7453 = UNCERTAINTY_MEASURE_WITH_UNIT (LENGTH_MEASURE( 1.000000000000000082E-05 ), #2872, 'distance_accuracy_value', 'NONE');
#7454 = EDGE_CURVE ( 'NONE', #6847, #4798, #1875, .T. ) ;
#7455 = VECTOR ( 'NONE', #1438, 1000.000000000000114 ) ;
#7456 = MECHANICAL_DESIGN_GEOMETRIC_PRESENTATION_REPRESENTATION (  '', ( #9369 ), #1711 ) ;
#7457 = ORIENTED_EDGE ( 'NONE', *, *, #6814, .F. ) ;
#7458 =( NAMED_UNIT ( * ) SI_UNIT ( $, .STERADIAN. ) SOLID_ANGLE_UNIT ( ) );
#7459 = FACE_OUTER_BOUND ( 'NONE', #9606, .T. ) ;
#7460 = CARTESIAN_POINT ( 'NONE',  ( 0.02897727272727265019, 0.4871823290341880108, 2.790000000000000036 ) ) ;
#7461 = CARTESIAN_POINT ( 'NONE',  ( -0.5999999999999999778, -1.078807930706071838, 2.790000000000000036 ) ) ;
#7462 = DIRECTION ( 'NONE',  ( 0.0000000000000000000, 1.000000000000000000, 0.0000000000000000000 ) ) ;
#7463 = CARTESIAN_POINT ( 'NONE',  ( -2.579999999999999627, -2.799999999999999822, 0.1200000000000000094 ) ) ;
#7464 = PRESENTATION_LAYER_ASSIGNMENT (  '', '', ( #4708 ) ) ;
#7465 = COLOUR_RGB ( '',0.5372549019607842924, 0.3490196078431372362, 0.3372549019607843368 ) ;
#7466 = DIRECTION ( 'NONE',  ( -0.6246950475544237324, 0.7808688094430306093, 0.0000000000000000000 ) ) ;
#7467 = ADVANCED_FACE ( 'NONE', ( #5361 ), #8680, .T. ) ;
#7468 = VERTEX_POINT ( 'NONE', #10582 ) ;
#7469 =( LENGTH_UNIT ( ) NAMED_UNIT ( * ) SI_UNIT ( .MILLI., .METRE. ) );
#7470 = CARTESIAN_POINT ( 'NONE',  ( -2.507906120751889567, -2.857183729427054786, 0.4886722839477069535 ) ) ;
#7471 = CARTESIAN_POINT ( 'NONE',  ( -2.673752279567189749, -1.955676782952779913, 0.3864410810002315011 ) ) ;
#7472 = CARTESIAN_POINT ( 'NONE',  ( -0.2345856926139839871, 0.4988310055543719868, 2.799999999999999822 ) ) ;
#7473 = DIRECTION ( 'NONE',  ( 0.0000000000000000000, 0.0000000000000000000, 1.000000000000000000 ) ) ;
#7474 = ORIENTED_EDGE ( 'NONE', *, *, #7754, .F. ) ;
#7475 = CARTESIAN_POINT ( 'NONE',  ( -2.700000000000000178, -1.625735931288069924, 2.799999999999999822 ) ) ;
#7476 = CARTESIAN_POINT ( 'NONE',  ( 3.000000000000000000, 1.625735931288069924, 2.399999999999999911 ) ) ;
#7477 = CARTESIAN_POINT ( 'NONE',  ( 2.911424650503215084, 1.474964399801419912, 0.4829707217078839654 ) ) ;
#7478 = CARTESIAN_POINT ( 'NONE',  ( -2.888402768801745069, 1.477899322808184035, 0.5000000000000000000 ) ) ;
#7479 = FACE_OUTER_BOUND ( 'NONE', #6212, .T. ) ;
#7480 = EDGE_CURVE ( 'NONE', #832, #8334, #653, .T. ) ;
#7481 = CARTESIAN_POINT ( 'NONE',  ( -0.3918581830457265047, 0.7873498388791929647, 2.799999999999999822 ) ) ;
#7482 = EDGE_LOOP ( 'NONE', ( #1134, #7151, #7749, #144 ) ) ;
#7483 = CARTESIAN_POINT ( 'NONE',  ( 2.399999999999999911, -2.799999999999999822, 0.5000000000000000000 ) ) ;
#7484 = CARTESIAN_POINT ( 'NONE',  ( -2.795658348221514711, -0.3327763185037229676, 2.126711250198015435 ) ) ;
#7485 = ORIENTED_EDGE ( 'NONE', *, *, #1626, .T. ) ;
#7486 = DIRECTION ( 'NONE',  ( 0.0000000000000000000, -1.000000000000000000, 0.0000000000000000000 ) ) ;
#7487 = CARTESIAN_POINT ( 'NONE',  ( -2.428341935635264459, 2.918549671314384586, 0.4886743607843090365 ) ) ;
#7488 = CARTESIAN_POINT ( 'NONE',  ( 0.02897727272727309775, -1.756973515121655005, 2.790000000000000036 ) ) ;
#7489 = UNCERTAINTY_MEASURE_WITH_UNIT (LENGTH_MEASURE( 1.000000000000000082E-05 ), #9707, 'distance_accuracy_value', 'NONE');
#7490 = ADVANCED_FACE ( 'NONE', ( #4000 ), #9765, .F. ) ;
#7491 = VECTOR ( 'NONE', #2322, 1000.000000000000000 ) ;
#7492 = CARTESIAN_POINT ( 'NONE',  ( 0.02556818181818214936, -1.562168320316460024, 2.790000000000000036 ) ) ;
#7493 = ORIENTED_EDGE ( 'NONE', *, *, #778, .F. ) ;
#7494 = CARTESIAN_POINT ( 'NONE',  ( -1.543123040378890032, 1.542667026551209908, 1.456509765170824089 ) ) ;
#7495 = ORIENTED_EDGE ( 'NONE', *, *, #5268, .F. ) ;
#7496 = CARTESIAN_POINT ( 'NONE',  ( 0.1825647064104334860, -0.5517567571589410136, 2.790000000000000036 ) ) ;
#7497 = CARTESIAN_POINT ( 'NONE',  ( -2.414282326247679578, 2.004042074047625022, 0.4249999999999999889 ) ) ;
#7498 = CARTESIAN_POINT ( 'NONE',  ( 2.930759942061285095, 1.819240057938714905, 2.399999999999999911 ) ) ;
#7499 = CARTESIAN_POINT ( 'NONE',  ( 2.867780011851700284, -1.538742229711000054, 0.4829723874460329913 ) ) ;
#7500 = LINE ( 'NONE', #5868, #1904 ) ;
#7501 = CARTESIAN_POINT ( 'NONE',  ( -2.906047044380069888, -1.470499506218690078, 0.4886471478055789963 ) ) ;
#7502 = CARTESIAN_POINT ( 'NONE',  ( 2.912132034355964905, -1.837867965644034873, 2.399999999999999911 ) ) ;
#7503 = ORIENTED_EDGE ( 'NONE', *, *, #2098, .T. ) ;
#7504 = CARTESIAN_POINT ( 'NONE',  ( 1.913227211299544983, -2.453946039351645236, 0.8030607983775880365 ) ) ;
#7505 = DIRECTION ( 'NONE',  ( 0.0000000000000000000, 0.0000000000000000000, 1.000000000000000000 ) ) ;
#7506 = SURFACE_SIDE_STYLE ('',( #4047 ) ) ;
#7507 = CARTESIAN_POINT ( 'NONE',  ( 2.899139236683810239, -1.487061118030958085, 0.4886475862591559416 ) ) ;
#7508 = CARTESIAN_POINT ( 'NONE',  ( -2.500000000000000000, 2.003056961301302952, 0.2169597151467036467 ) ) ;
#7509 = LINE ( 'NONE', #41, #5398 ) ;
#7510 = EDGE_CURVE ( 'NONE', #7761, #5862, #3254, .T. ) ;
#7511 = LINE ( 'NONE', #1844, #298 ) ;
#7512 = CARTESIAN_POINT ( 'NONE',  ( 0.5999999999999999778, 0.2668089524108114841, 2.799999999999999822 ) ) ;
#7513 = ORIENTED_EDGE ( 'NONE', *, *, #10609, .T. ) ;
#7514 = CARTESIAN_POINT ( 'NONE',  ( -1.749606358506569981, -2.348405715788954407, 2.118498732057044975 ) ) ;
#7515 = FACE_OUTER_BOUND ( 'NONE', #9660, .T. ) ;
#7516 = DIRECTION ( 'NONE',  ( -1.000000000000000000, 0.0000000000000000000, 0.0000000000000000000 ) ) ;
#7517 =( NAMED_UNIT ( * ) PLANE_ANGLE_UNIT ( ) SI_UNIT ( $, .RADIAN. ) );
#7518 = EDGE_LOOP ( 'NONE', ( #3365, #8404, #1920, #4813 ) ) ;
#7519 = EDGE_CURVE ( 'NONE', #4693, #2920, #3894, .T. ) ;
#7520 = CARTESIAN_POINT ( 'NONE',  ( 2.894215292365879932, 1.481277601611503902, 0.4943236962482859820 ) ) ;
#7521 = CARTESIAN_POINT ( 'NONE',  ( -2.633110891517710161, 1.092817963786550273, 0.8039324380356200894 ) ) ;
#7522 = CARTESIAN_POINT ( 'NONE',  ( -2.356116243323254977, 2.051208443398690129, 0.6834068206108890875 ) ) ;
#7523 = EDGE_CURVE ( 'NONE', #3601, #9567, #7195, .T. ) ;
#7524 = B_SPLINE_SURFACE_WITH_KNOTS ( 'NONE', 3, 1, ( 
 ( #1468, #10522 ),
 ( #3216, #7296 ),
 ( #647, #6474 ),
 ( #1422, #4766 ),
 ( #6582, #2407 ),
 ( #9813, #9867 ),
 ( #589, #2353 ),
 ( #1523, #3163 ),
 ( #3932, #4874 ),
 ( #10578, #3118 ),
 ( #2186, #6427 ),
 ( #4814, #4092 ),
 ( #9759, #5519 ),
 ( #10632, #1581 ),
 ( #4046, #3271 ),
 ( #7344, #5661 ),
 ( #8838, #4929 ),
 ( #8994, #8180 ),
 ( #704, #8229 ) ),
 .UNSPECIFIED., .F., .F., .F.,
 ( 4, 1, 1, 1, 1, 1, 1, 1, 1, 1, 1, 1, 1, 1, 1, 1, 4 ),
 ( 2, 2 ),
 ( 0.0000000000000000000, 0.006491022190099359802, 0.01999718752723544934, 0.04129174943302810208, 0.06993138171736230924, 0.1060405829517207937, 0.1498516436044682043, 0.2008085873982295155, 0.2597997561993690141, 0.3257033864952474933, 0.3998780143702789780, 0.4809647925942789892, 0.5697627338811119824, 0.6662729348137089724, 0.7696947132029710037, 0.8811519930212949880, 1.000000000000000000 ),
 ( 0.0000000000000000000, 1.000000000000000000 ),
 .UNSPECIFIED. ) ;
#7525 = CARTESIAN_POINT ( 'NONE',  ( -0.1644771634263625104, 0.6221665851234419176, 2.799999999999999822 ) ) ;
#7526 = B_SPLINE_CURVE_WITH_KNOTS ( 'NONE', 3,
 ( #1917, #1316, #3667, #3776, #8728, #377, #4596 ),
 .UNSPECIFIED., .F., .F.,
 ( 4, 1, 1, 1, 4 ),
 ( 0.0000000000000000000, 3.895708863946534896E-05, 7.791417727892869214E-05, 0.0001168712659183960130, 0.0001558283545578615043 ),
 .UNSPECIFIED. ) ;
#7527 = VERTEX_POINT ( 'NONE', #5729 ) ;
#7528 = DIRECTION ( 'NONE',  ( 0.0000000000000000000, 0.0000000000000000000, 1.000000000000000000 ) ) ;
#7529 = CARTESIAN_POINT ( 'NONE',  ( -3.000000000000000000, -1.424356074374703907, 2.399999999999999911 ) ) ;
#7530 = DIRECTION ( 'NONE',  ( 2.667597244102220184E-16, -1.000000000000000000, 0.0000000000000000000 ) ) ;
#7531 = ORIENTED_EDGE ( 'NONE', *, *, #5601, .F. ) ;
#7532 = CARTESIAN_POINT ( 'NONE',  ( -1.525943831878895152, 1.581481018993409871, 1.455953801386673963 ) ) ;
#7533 = CARTESIAN_POINT ( 'NONE',  ( -0.5435340141134460401, 0.8995361349093230485, 2.790000000000000036 ) ) ;
#7534 = CARTESIAN_POINT ( 'NONE',  ( 2.444085821974891548, 1.361150941342083476, 0.09999999999999997780 ) ) ;
#7535 = DIRECTION ( 'NONE',  ( 0.7071067811865470176, -0.7071067811865480168, 0.0000000000000000000 ) ) ;
#7536 = AXIS2_PLACEMENT_3D ( 'NONE', #2265, #3022, #7202 ) ;
#7537 = ORIENTED_EDGE ( 'NONE', *, *, #1110, .T. ) ;
#7538 = SURFACE_SIDE_STYLE ('',( #4231 ) ) ;
#7539 = CARTESIAN_POINT ( 'NONE',  ( -2.500000000000000000, 2.131172223287360001, 0.5000000000000000000 ) ) ;
#7540 = VERTEX_POINT ( 'NONE', #7350 ) ;
#7541 = CARTESIAN_POINT ( 'NONE',  ( -0.1090909090909085999, -1.660544943693085029, 2.790000000000000036 ) ) ;
#7542 = DIRECTION ( 'NONE',  ( 0.8167728209858042820, 0.5769594083632672010, 0.0000000000000000000 ) ) ;
#7543 = DIRECTION ( 'NONE',  ( -1.000000000000000000, 0.0000000000000000000, 0.0000000000000000000 ) ) ;
#7544 = EDGE_CURVE ( 'NONE', #7145, #5325, #6480, .T. ) ;
#7545 = CARTESIAN_POINT ( 'NONE',  ( 2.318102130320695231, 1.633303136518604814, 0.8036921891970439935 ) ) ;
#7546 = CARTESIAN_POINT ( 'NONE',  ( 2.676702242785530039, -1.441437613491500125, 2.123829643037375092 ) ) ;
#7547 = ORIENTED_EDGE ( 'NONE', *, *, #5739, .T. ) ;
#7548 = SURFACE_SIDE_STYLE ('',( #9249 ) ) ;
#7549 = CARTESIAN_POINT ( 'NONE',  ( -2.750555127830114799, -1.999444872169880094, 2.399999999999999911 ) ) ;
#7550 = CARTESIAN_POINT ( 'NONE',  ( -2.956173761888604812, 1.554782797639240099, 0.5000000000000000000 ) ) ;
#7551 = COLOUR_RGB ( '',0.8431372549019607865, 0.8156862745098039102, 0.7529411764705882248 ) ;
#7552 = UNCERTAINTY_MEASURE_WITH_UNIT (LENGTH_MEASURE( 1.000000000000000082E-05 ), #4376, 'distance_accuracy_value', 'NONE');
#7553 = ORIENTED_EDGE ( 'NONE', *, *, #8204, .T. ) ;
#7554 = VECTOR ( 'NONE', #2976, 1000.000000000000000 ) ;
#7555 = CARTESIAN_POINT ( 'NONE',  ( 1.809690044651699914, -2.906761638231945000, 0.4943419911258510324 ) ) ;
#7556 = SURFACE_STYLE_FILL_AREA ( #5081 ) ;
#7557 = DIRECTION ( 'NONE',  ( 1.000000000000000000, 0.0000000000000000000, 0.0000000000000000000 ) ) ;
#7558 = DIRECTION ( 'NONE',  ( -0.8170116904760639231, -0.5766211040409849886, 0.0000000000000000000 ) ) ;
#7559 = CARTESIAN_POINT ( 'NONE',  ( 2.997147200504454823, -1.670498782292965112, 2.399999999999999911 ) ) ;
#7560 = CARTESIAN_POINT ( 'NONE',  ( 0.2003760549341830066, -2.903740861596030509, 0.4943491809110580060 ) ) ;
#7561 = DIRECTION ( 'NONE',  ( 0.0000000000000000000, 3.503508843487521541E-15, 1.000000000000000000 ) ) ;
#7562 = CARTESIAN_POINT ( 'NONE',  ( 2.912132034355964905, 1.837867965644034873, 2.700000000000000178 ) ) ;
#7563 = CARTESIAN_POINT ( 'NONE',  ( 0.4296522000915020123, 0.3931711854569770459, 2.799999999999999822 ) ) ;
#7564 = VECTOR ( 'NONE', #7352, 1000.000000000000000 ) ;
#7565 = LINE ( 'NONE', #158, #8977 ) ;
#7566 = ORIENTED_EDGE ( 'NONE', *, *, #3264, .F. ) ;
#7567 = CARTESIAN_POINT ( 'NONE',  ( -2.202783587081335259, -2.899999999999999911, 0.5000000000000000000 ) ) ;
#7568 = CARTESIAN_POINT ( 'NONE',  ( -2.591481442298679827, 2.547242125213439845, 0.1034822046102755883 ) ) ;
#7569 = CARTESIAN_POINT ( 'NONE',  ( 2.044085076647538912, 2.701844355035087464, 2.399999999999999911 ) ) ;
#7570 = FILL_AREA_STYLE_COLOUR ( '', #4968 ) ;
#7571 = DIRECTION ( 'NONE',  ( 0.0000000000000000000, 0.0000000000000000000, -1.000000000000000000 ) ) ;
#7572 = VECTOR ( 'NONE', #1108, 1000.000000000000000 ) ;
#7573 = DIRECTION ( 'NONE',  ( 0.0000000000000000000, 0.0000000000000000000, -1.000000000000000000 ) ) ;
#7574 = CARTESIAN_POINT ( 'NONE',  ( 2.728859740002965051, 1.700422489904795054, 0.4886506813925770021 ) ) ;
#7575 = CARTESIAN_POINT ( 'NONE',  ( -2.914956244151205134, 1.321479869838571908, 0.4829678784024529770 ) ) ;
#7576 = CARTESIAN_POINT ( 'NONE',  ( -2.324307355826825461, 2.048835111523354957, 0.7222167457945070090 ) ) ;
#7577 = COLOUR_RGB ( '',0.7686274509803920907, 0.7686274509803920907, 0.7686274509803920907 ) ;
#7578 = UNCERTAINTY_MEASURE_WITH_UNIT (LENGTH_MEASURE( 1.000000000000000082E-05 ), #1080, 'distance_accuracy_value', 'NONE');
#7579 = CARTESIAN_POINT ( 'NONE',  ( -2.635969953997706394, 2.002583423245650973, 0.3864410810002315011 ) ) ;
#7580 = EDGE_CURVE ( 'NONE', #8119, #5086, #1531, .T. ) ;
#7581 = B_SPLINE_CURVE_WITH_KNOTS ( 'NONE', 3,
 ( #8866, #1441, #7210, #4738, #10546, #6390, #7923, #9730, #10435, #4786, #8094, #616, #6279, #3957, #9611, #8800, #4900, #8203, #9783 ),
 .UNSPECIFIED., .F., .F.,
 ( 4, 1, 1, 1, 1, 1, 1, 1, 1, 1, 1, 1, 1, 1, 1, 1, 4 ),
 ( 0.0000000000000000000, 0.01681894172984575025, 0.04000885950673779834, 0.06933925779684610435, 0.1044390419415416049, 0.1456839376965950172, 0.1929665541798580020, 0.2467636342673185101, 0.3057092442526634923, 0.3716976109959455044, 0.4432015931487109928, 0.5204873727434039532, 0.6045517168100760230, 0.6940355353249040293, 0.7900294905600779849, 0.8918067042967169344, 1.000000000000000000 ),
 .UNSPECIFIED. ) ;
#7582 = ORIENTED_EDGE ( 'NONE', *, *, #736, .F. ) ;
#7583 = LINE ( 'NONE', #8625, #8809 ) ;
#7584 = CARTESIAN_POINT ( 'NONE',  ( -2.206728321160199791, -0.8169145276201500439, 1.463173140481283996 ) ) ;
#7585 = CARTESIAN_POINT ( 'NONE',  ( -2.399999999999999911, 1.324999999999999956, 0.1000000000000000056 ) ) ;
#7586 = SURFACE_STYLE_FILL_AREA ( #888 ) ;
#7587 = ORIENTED_EDGE ( 'NONE', *, *, #111, .T. ) ;
#7588 = ADVANCED_FACE ( 'NONE', ( #8951 ), #9020, .F. ) ;
#7589 = CARTESIAN_POINT ( 'NONE',  ( -2.219010086064804987, 2.924996493780304796, 0.4830167243648280095 ) ) ;
#7590 = AXIS2_PLACEMENT_3D ( 'NONE', #2519, #3282, #9931 ) ;
#7591 =( NAMED_UNIT ( * ) PLANE_ANGLE_UNIT ( ) SI_UNIT ( $, .RADIAN. ) );
#7592 = ADVANCED_FACE ( 'NONE', ( #4820 ), #3694, .T. ) ;
#7593 = APPLICATION_PROTOCOL_DEFINITION ( 'draft international standard', 'automotive_design', 1998, #2784 ) ;
#7594 = VECTOR ( 'NONE', #540, 1000.000000000000000 ) ;
#7595 = ORIENTED_EDGE ( 'NONE', *, *, #2271, .F. ) ;
#7596 = SURFACE_STYLE_FILL_AREA ( #27 ) ;
#7597 = AXIS2_PLACEMENT_3D ( 'NONE', #8987, #8939, #4041 ) ;
#7598 = CARTESIAN_POINT ( 'NONE',  ( -2.284334593813359682, 1.697116873717055219, 0.8036520721865499928 ) ) ;
#7599 = ORIENTED_EDGE ( 'NONE', *, *, #3659, .F. ) ;
#7600 = EDGE_LOOP ( 'NONE', ( #1770, #6363, #10276, #8638, #4225, #5334, #4255, #933, #8955, #7790 ) ) ;
#7601 = LINE ( 'NONE', #6779, #4954 ) ;
#7602 = CARTESIAN_POINT ( 'NONE',  ( 2.850000000000000089, -1.625735931288069924, 2.700000000000000178 ) ) ;
#7603 = DIRECTION ( 'NONE',  ( 0.0000000000000000000, 0.0000000000000000000, -1.000000000000000000 ) ) ;
#7604 = CARTESIAN_POINT ( 'NONE',  ( 2.390745553984989780, 1.533459314965190057, 0.8037442719341370001 ) ) ;
#7605 = CARTESIAN_POINT ( 'NONE',  ( 2.999630619546635124, -1.641312997385570016, 2.399999999999999911 ) ) ;
#7606 = EDGE_LOOP ( 'NONE', ( #10326, #7293, #3656, #7203 ) ) ;
#7607 = DIRECTION ( 'NONE',  ( 0.0000000000000000000, 0.0000000000000000000, -1.000000000000000000 ) ) ;
#7608 = CARTESIAN_POINT ( 'NONE',  ( -2.521279128797994762, -1.680358138524999934, 2.122452691653565093 ) ) ;
#7609 = DIRECTION ( 'NONE',  ( 0.0000000000000000000, 0.0000000000000000000, 1.000000000000000000 ) ) ;
#7610 = VECTOR ( 'NONE', #7980, 1000.000000000000000 ) ;
#7611 = EDGE_CURVE ( 'NONE', #10444, #4175, #7511, .T. ) ;
#7612 = VERTEX_POINT ( 'NONE', #5139 ) ;
#7613 = AXIS2_PLACEMENT_3D ( 'NONE', #7855, #2897, #1375 ) ;
#7614 = CARTESIAN_POINT ( 'NONE',  ( 1.771433112896545037, -2.342623441189465083, 2.118608285013384940 ) ) ;
#7615 =( GEOMETRIC_REPRESENTATION_CONTEXT ( 3 ) GLOBAL_UNCERTAINTY_ASSIGNED_CONTEXT ( ( #2345 ) ) GLOBAL_UNIT_ASSIGNED_CONTEXT ( ( #5186, #1680, #5876 ) ) REPRESENTATION_CONTEXT ( 'NONE', 'WORKASPACE' ) );
#7616 = CARTESIAN_POINT ( 'NONE',  ( 2.399999999999999911, 1.324999999999999956, 0.1000000000000000056 ) ) ;
#7617 = CARTESIAN_POINT ( 'NONE',  ( -0.2607954545454544970, -0.6424442943424348851, 2.799999999999999822 ) ) ;
#7618 = CARTESIAN_POINT ( 'NONE',  ( 2.803655188150649735, -1.596365631157379950, 0.4943246186455330093 ) ) ;
#7619 = CARTESIAN_POINT ( 'NONE',  ( 1.913227211299544983, -2.453946039351645236, 0.8030607983775880365 ) ) ;
#7620 = LINE ( 'NONE', #3381, #4172 ) ;
#7621 = LINE ( 'NONE', #156, #7973 ) ;
#7622 = AXIS2_PLACEMENT_3D ( 'NONE', #2873, #2823, #6137 ) ;
#7623 = COLOUR_RGB ( '',0.8431372549019607865, 0.8156862745098039102, 0.7529411764705882248 ) ;
#7624 = AXIS2_PLACEMENT_3D ( 'NONE', #6243, #9627, #6136 ) ;
#7625 = ADVANCED_FACE ( 'NONE', ( #2567 ), #9310, .T. ) ;
#7626 = CARTESIAN_POINT ( 'NONE',  ( -2.500000000000000000, -2.041543309518394800, 0.1993418099766244844 ) ) ;
#7627 = ORIENTED_EDGE ( 'NONE', *, *, #9120, .T. ) ;
#7628 = LINE ( 'NONE', #2786, #4658 ) ;
#7629 = CARTESIAN_POINT ( 'NONE',  ( -2.219010086090280165, -2.924996493779425055, 0.4830167243656599552 ) ) ;
#7630 =( NAMED_UNIT ( * ) PLANE_ANGLE_UNIT ( ) SI_UNIT ( $, .RADIAN. ) );
#7631 = DIRECTION ( 'NONE',  ( 1.000000000000000000, 0.0000000000000000000, 0.0000000000000000000 ) ) ;
#7632 = TOROIDAL_SURFACE ( 'NONE', #8332, 0.3194015293830334556, 0.05000000000000000278 ) ;
#7633 = CARTESIAN_POINT ( 'NONE',  ( -2.600000000000000089, 2.070156211871640117, 0.5000000000000000000 ) ) ;
#7634 =( LENGTH_UNIT ( ) NAMED_UNIT ( * ) SI_UNIT ( .MILLI., .METRE. ) );
#7635 = STYLED_ITEM ( 'NONE', ( #2369 ), #2135 ) ;
#7636 = DIRECTION ( 'NONE',  ( 0.0000000000000000000, 0.0000000000000000000, -1.000000000000000000 ) ) ;
#7637 = CARTESIAN_POINT ( 'NONE',  ( 2.566172465642075018, 1.913531709055309893, 0.4829813417479870141 ) ) ;
#7638 = CARTESIAN_POINT ( 'NONE',  ( -2.907549841766509768, 0.7185408576770809796, 0.4886381730164079396 ) ) ;
#7639 = CARTESIAN_POINT ( 'NONE',  ( -2.306931605051179890, 2.012873057205830207, 0.7494091478407119977 ) ) ;
#7640 =( GEOMETRIC_REPRESENTATION_CONTEXT ( 3 ) GLOBAL_UNCERTAINTY_ASSIGNED_CONTEXT ( ( #3149 ) ) GLOBAL_UNIT_ASSIGNED_CONTEXT ( ( #8950, #3998, #7403 ) ) REPRESENTATION_CONTEXT ( 'NONE', 'WORKASPACE' ) );
#7641 = CARTESIAN_POINT ( 'NONE',  ( -2.639503684198035049, 1.985668526246070043, 0.3864410810002315011 ) ) ;
#7642 = VERTEX_POINT ( 'NONE', #9157 ) ;
#7643 = DIRECTION ( 'NONE',  ( 0.0000000000000000000, 0.0000000000000000000, -1.000000000000000000 ) ) ;
#7644 = CARTESIAN_POINT ( 'NONE',  ( -2.224489458603414960, -0.7983316146241590250, 1.463346749394629942 ) ) ;
#7645 = CARTESIAN_POINT ( 'NONE',  ( -2.438084870674440019, -1.350751409716544948, 0.1000000000000000056 ) ) ;
#7646 = CARTESIAN_POINT ( 'NONE',  ( 0.1633928571428575061, -0.5396845540826950005, 2.790000000000000036 ) ) ;
#7647 = ORIENTED_EDGE ( 'NONE', *, *, #6995, .F. ) ;
#7648 = CARTESIAN_POINT ( 'NONE',  ( -1.204611352988103956, 2.899999999999999911, 0.5000000000000000000 ) ) ;
#7649 = DIRECTION ( 'NONE',  ( -0.8170116904760639231, -0.5766211040409849886, 0.0000000000000000000 ) ) ;
#7650 = EDGE_CURVE ( 'NONE', #7889, #5850, #7621, .T. ) ;
#7651 = FILL_AREA_STYLE ('',( #8474 ) ) ;
#7652 = VERTEX_POINT ( 'NONE', #3495 ) ;
#7653 = PRESENTATION_STYLE_ASSIGNMENT (( #2855 ) ) ;
#7654 = CARTESIAN_POINT ( 'NONE',  ( -2.541965463879334752, 1.939802689167695160, 0.4886548233448380074 ) ) ;
#7655 = EDGE_LOOP ( 'NONE', ( #7083, #6271, #2437, #9391 ) ) ;
#7656 = ORIENTED_EDGE ( 'NONE', *, *, #892, .T. ) ;
#7657 = CARTESIAN_POINT ( 'NONE',  ( 0.3932563306956449733, -0.7023559241827369570, 2.790000000000000036 ) ) ;
#7658 = CARTESIAN_POINT ( 'NONE',  ( 0.1633928571428575061, -0.5396845540826950005, 2.790000000000000036 ) ) ;
#7659 = CARTESIAN_POINT ( 'NONE',  ( 2.880117441595865024, 1.869882558404140083, 2.399999999999999911 ) ) ;
#7660 = CARTESIAN_POINT ( 'NONE',  ( 2.614527016613985122, -1.193651959730628098, 0.8038835050985739805 ) ) ;
#7661 = ORIENTED_EDGE ( 'NONE', *, *, #6006, .T. ) ;
#7662 = DIRECTION ( 'NONE',  ( 0.0000000000000000000, 0.0000000000000000000, -1.000000000000000000 ) ) ;
#7663 = EDGE_CURVE ( 'NONE', #6978, #1934, #758, .T. ) ;
#7664 = CARTESIAN_POINT ( 'NONE',  ( -2.522702366421679887, -1.985356104905360297, 0.4886557265815819617 ) ) ;
#7665 = DIRECTION ( 'NONE',  ( 1.000000000000000000, 0.0000000000000000000, 0.0000000000000000000 ) ) ;
#7666 = EDGE_CURVE ( 'NONE', #10640, #7843, #10139, .T. ) ;
#7667 =( GEOMETRIC_REPRESENTATION_CONTEXT ( 3 ) GLOBAL_UNCERTAINTY_ASSIGNED_CONTEXT ( ( #10779 ) ) GLOBAL_UNIT_ASSIGNED_CONTEXT ( ( #4030, #8928, #8214 ) ) REPRESENTATION_CONTEXT ( 'NONE', 'WORKASPACE' ) );
#7668 = VERTEX_POINT ( 'NONE', #8233 ) ;
#7669 = CARTESIAN_POINT ( 'NONE',  ( 1.602478115251370072, 2.394548523495434900, 2.117765524171629998 ) ) ;
#7670 = B_SPLINE_CURVE_WITH_KNOTS ( 'NONE', 3,
 ( #10490, #10375, #281, #1979, #5269, #4555, #7036, #10432, #2097, #4444, #7867 ),
 .UNSPECIFIED., .F., .F.,
 ( 4, 1, 1, 1, 1, 1, 1, 1, 4 ),
 ( 0.0000000000000000000, 0.1818627159604200016, 0.3478693513041130059, 0.4980370164793330168, 0.6302069238042270483, 0.7473112184362139532, 0.8479049363245800830, 0.9323595851926930189, 1.000000000000000000 ),
 .UNSPECIFIED. ) ;
#7671 = CARTESIAN_POINT ( 'NONE',  ( 1.588531752203115044, -2.538022571437214658, 0.8028957528922969766 ) ) ;
#7672 = FILL_AREA_STYLE_COLOUR ( '', #2580 ) ;
#7673 = LINE ( 'NONE', #3377, #1530 ) ;
#7674 = CARTESIAN_POINT ( 'NONE',  ( -0.1207400502135409920, -0.5452458422687709305, 2.799999999999999822 ) ) ;
#7675 = CARTESIAN_POINT ( 'NONE',  ( 2.813826459736004981, -1.605676986238730120, 0.4829738559365980288 ) ) ;
#7676 = CARTESIAN_POINT ( 'NONE',  ( 2.422107745994159789, -2.909274835657030156, 0.4943371803923599650 ) ) ;
#7677 = VERTEX_POINT ( 'NONE', #4099 ) ;
#7678 = CARTESIAN_POINT ( 'NONE',  ( 2.500000000000000000, 2.000000000000000000, 2.328125000000000000 ) ) ;
#7679 = CARTESIAN_POINT ( 'NONE',  ( -0.2345856926139834875, -1.745324838601475026, 2.799999999999999822 ) ) ;
#7680 = DIRECTION ( 'NONE',  ( 2.667597244102225114E-16, -1.000000000000000000, 0.0000000000000000000 ) ) ;
#7681 = CARTESIAN_POINT ( 'NONE',  ( -2.500000000000000000, -2.048140292285070441, 0.1886281848372544923 ) ) ;
#7682 = ORIENTED_EDGE ( 'NONE', *, *, #5659, .T. ) ;
#7683 = FILL_AREA_STYLE ('',( #8562 ) ) ;
#7684 = CARTESIAN_POINT ( 'NONE',  ( 4.065758146820640395E-17, -2.899999999999999911, 0.5000000000000000000 ) ) ;
#7685 = CARTESIAN_POINT ( 'NONE',  ( -0.1494761574587945840, 0.5585989483868789574, 2.799999999999999822 ) ) ;
#7686 = SURFACE_STYLE_USAGE ( .BOTH. , #2628 ) ;
#7687 = FACE_OUTER_BOUND ( 'NONE', #5453, .T. ) ;
#7688 = VERTEX_POINT ( 'NONE', #7405 ) ;
#7689 = CARTESIAN_POINT ( 'NONE',  ( -2.500000000000000000, 2.799999999999999822, 0.5000000000000000000 ) ) ;
#7690 = LINE ( 'NONE', #3448, #3635 ) ;
#7691 = CARTESIAN_POINT ( 'NONE',  ( 2.648710707377220253, 1.800254820158715185, 0.4886522820497490316 ) ) ;
#7692 = CARTESIAN_POINT ( 'NONE',  ( -2.906789687977554770, -0.3573599831901074775, 0.4886356568657700961 ) ) ;
#7693 = EDGE_CURVE ( 'NONE', #9702, #10272, #10743, .T. ) ;
#7694 = LINE ( 'NONE', #221, #6217 ) ;
#7695 = CARTESIAN_POINT ( 'NONE',  ( -1.149999999999999911, 2.990000000000000213, 0.09000000000000001055 ) ) ;
#7696 = ORIENTED_EDGE ( 'NONE', *, *, #6718, .T. ) ;
#7697 =( NAMED_UNIT ( * ) SI_UNIT ( $, .STERADIAN. ) SOLID_ANGLE_UNIT ( ) );
#7698 = CARTESIAN_POINT ( 'NONE',  ( -2.655004383464985018, -1.494323825591816091, 2.123523221572360065 ) ) ;
#7699 = DIRECTION ( 'NONE',  ( 0.0000000000000000000, 0.0000000000000000000, -1.000000000000000000 ) ) ;
#7700 = CARTESIAN_POINT ( 'NONE',  ( -0.1321134603316795886, 0.5998234557979940096, 2.799999999999999822 ) ) ;
#7701 = VERTEX_POINT ( 'NONE', #5034 ) ;
#7702 = CARTESIAN_POINT ( 'NONE',  ( -2.211356875408674760, 2.054677221857159619, 0.8034178630790149711 ) ) ;
#7703 = VERTEX_POINT ( 'NONE', #10802 ) ;
#7704 = CARTESIAN_POINT ( 'NONE',  ( -1.875735931288069924, -2.449999999999999734, 2.799999999999999822 ) ) ;
#7705 = CARTESIAN_POINT ( 'NONE',  ( -2.929555348542610016, 1.820444651457395091, 2.399999999999999911 ) ) ;
#7706 = EDGE_CURVE ( 'NONE', #10485, #9907, #9928, .T. ) ;
#7707 = ORIENTED_EDGE ( 'NONE', *, *, #1398, .T. ) ;
#7708 = VERTEX_POINT ( 'NONE', #6639 ) ;
#7709 = CARTESIAN_POINT ( 'NONE',  ( 2.598470916481829818, -2.540064501340864922, 0.1123302383139166000 ) ) ;
#7710 = CARTESIAN_POINT ( 'NONE',  ( -2.750000000000000000, 1.625735931288069924, 2.799999999999999822 ) ) ;
#7711 = LINE ( 'NONE', #6077, #1551 ) ;
#7712 = CARTESIAN_POINT ( 'NONE',  ( 1.962366403737179743, 1.249613158008775926, 1.460697876912585791 ) ) ;
#7713 = CARTESIAN_POINT ( 'NONE',  ( 2.899999999999999911, -1.070231915971539882, 0.5000000000000000000 ) ) ;
#7714 = CARTESIAN_POINT ( 'NONE',  ( -1.962366403736024667, -1.249613158008793912, 1.460697876889859970 ) ) ;
#7715 = STYLED_ITEM ( 'NONE', ( #3179 ), #4229 ) ;
#7716 = ORIENTED_EDGE ( 'NONE', *, *, #10198, .T. ) ;
#7717 = CARTESIAN_POINT ( 'NONE',  ( 1.429894933703117932, 1.735488937687150068, 1.455028784193050040 ) ) ;
#7718 = EDGE_CURVE ( 'NONE', #4165, #3519, #10295, .T. ) ;
#7719 = CARTESIAN_POINT ( 'NONE',  ( 1.533493266530639998, -1.565654437658310139, 1.456092013678233821 ) ) ;
#7720 = CARTESIAN_POINT ( 'NONE',  ( 0.4000000000000000222, 1.800000000000000044, 2.790000000000000036 ) ) ;
#7721 = CARTESIAN_POINT ( 'NONE',  ( 2.857273389256529850, -1.529511940980665008, 0.4943241291486780709 ) ) ;
#7722 = CARTESIAN_POINT ( 'NONE',  ( 2.202783587066335258, -2.899999999999999911, 0.5000000000000000000 ) ) ;
#7723 = CARTESIAN_POINT ( 'NONE',  ( -1.149999999999999911, -2.681881587960845081, -0.2100000000000000200 ) ) ;
#7724 = EDGE_CURVE ( 'NONE', #2348, #7869, #9520, .T. ) ;
#7725 = FACE_OUTER_BOUND ( 'NONE', #7112, .T. ) ;
#7726 = CARTESIAN_POINT ( 'NONE',  ( 0.2016960644758679921, -1.636778936680179930, 2.790000000000000036 ) ) ;
#7727 = PRESENTATION_LAYER_ASSIGNMENT (  '', '', ( #8259 ) ) ;
#7728 = CARTESIAN_POINT ( 'NONE',  ( -2.500000000000000000, -2.054347354473860410, 0.1649875062387765046 ) ) ;
#7729 = ADVANCED_FACE ( 'NONE', ( #2005 ), #8662, .F. ) ;
#7730 = ORIENTED_EDGE ( 'NONE', *, *, #994, .T. ) ;
#7731 = PRESENTATION_STYLE_ASSIGNMENT (( #2624 ) ) ;
#7732 = DIRECTION ( 'NONE',  ( 0.0000000000000000000, 0.0000000000000000000, -1.000000000000000000 ) ) ;
#7733 = CARTESIAN_POINT ( 'NONE',  ( -2.586210576893590130, 2.549295921402259690, 0.1008931288939992066 ) ) ;
#7734 = CARTESIAN_POINT ( 'NONE',  ( -0.1103230765775710109, -0.5348444495610580329, 2.790000000000000036 ) ) ;
#7735 = SURFACE_STYLE_FILL_AREA ( #1910 ) ;
#7736 = CARTESIAN_POINT ( 'NONE',  ( -0.1207400502135409920, -0.5452458422687709305, 2.799999999999999822 ) ) ;
#7737 = CARTESIAN_POINT ( 'NONE',  ( 0.0000000000000000000, 0.0000000000000000000, 0.4500000000000000111 ) ) ;
#7738 = CARTESIAN_POINT ( 'NONE',  ( 2.511306896680934653, 2.032119304271594817, 0.4886566389967620383 ) ) ;
#7739 = CARTESIAN_POINT ( 'NONE',  ( -2.718260478411365089, -0.3028946391765839907, 0.8041892780953360242 ) ) ;
#7740 = AXIS2_PLACEMENT_3D ( 'NONE', #5985, #5250, #1845 ) ;
#7741 = CARTESIAN_POINT ( 'NONE',  ( 2.956173761888604812, 1.554782797639240099, 0.5000000000000000000 ) ) ;
#7742 = CARTESIAN_POINT ( 'NONE',  ( -2.665987599061470092, 1.958031674413720058, 0.3864410810002315011 ) ) ;
#7743 = EDGE_CURVE ( 'NONE', #5240, #1598, #10346, .T. ) ;
#7744 = PRESENTATION_LAYER_ASSIGNMENT (  '', '', ( #7931 ) ) ;
#7745 = ORIENTED_EDGE ( 'NONE', *, *, #1546, .T. ) ;
#7746 = CARTESIAN_POINT ( 'NONE',  ( -2.219687133763794673, -0.8026822139205630480, 1.463303691796804085 ) ) ;
#7747 = CARTESIAN_POINT ( 'NONE',  ( -2.735355339059324820, 1.661091270347400117, 2.799999999999999822 ) ) ;
#7748 = CARTESIAN_POINT ( 'NONE',  ( 0.2386309232327595009, 0.6349712003461089882, 2.790000000000000036 ) ) ;
#7749 = ORIENTED_EDGE ( 'NONE', *, *, #5343, .F. ) ;
#7750 = CARTESIAN_POINT ( 'NONE',  ( -2.511968601151420177, 2.634629247776889560, 0.4886679988428860311 ) ) ;
#7751 =( LENGTH_UNIT ( ) NAMED_UNIT ( * ) SI_UNIT ( .MILLI., .METRE. ) );
#7752 = DIRECTION ( 'NONE',  ( 0.0000000000000000000, 0.0000000000000000000, 1.000000000000000000 ) ) ;
#7753 = TOROIDAL_SURFACE ( 'NONE', #3770, 2.228124999999999911, 0.1000000000000000056 ) ;
#7754 = EDGE_CURVE ( 'NONE', #10272, #9486, #10403, .T. ) ;
#7755 = SURFACE_SIDE_STYLE ('',( #3683 ) ) ;
#7756 = VERTEX_POINT ( 'NONE', #7783 ) ;
#7757 = CARTESIAN_POINT ( 'NONE',  ( -2.600000000000000089, 2.070156211871640117, 0.3634627865033314698 ) ) ;
#7758 = CARTESIAN_POINT ( 'NONE',  ( -2.731961447277584831, 1.707340751652784760, 0.4829761342675080171 ) ) ;
#7759 = ORIENTED_EDGE ( 'NONE', *, *, #8914, .T. ) ;
#7760 = AXIS2_PLACEMENT_3D ( 'NONE', #2362, #5625, #8190 ) ;
#7761 = VERTEX_POINT ( 'NONE', #2065 ) ;
#7762 = CARTESIAN_POINT ( 'NONE',  ( 2.491448532073286426, -1.462909024065038865, 0.1163966627416366389 ) ) ;
#7763 = DIRECTION ( 'NONE',  ( 0.0000000000000000000, 0.0000000000000000000, -1.000000000000000000 ) ) ;
#7764 = CARTESIAN_POINT ( 'NONE',  ( 2.514578815761400410, 2.866277723347470108, 0.4830084259207320097 ) ) ;
#7765 = CARTESIAN_POINT ( 'NONE',  ( 2.718124817711924823, -0.3049535260769820066, 0.8041887332904960051 ) ) ;
#7766 = DIRECTION ( 'NONE',  ( -0.8170116904760639231, -0.5766211040409849886, 0.0000000000000000000 ) ) ;
#7767 = CARTESIAN_POINT ( 'NONE',  ( -2.504843602054870111, -2.259622711692764963, 0.4943304893557649571 ) ) ;
#7768 =( LENGTH_UNIT ( ) NAMED_UNIT ( * ) SI_UNIT ( .MILLI., .METRE. ) );
#7769 = COLOUR_RGB ( '',0.8431372549019607865, 0.8156862745098039102, 0.7529411764705882248 ) ;
#7770 = VECTOR ( 'NONE', #9047, 1000.000000000000000 ) ;
#7771 = ORIENTED_EDGE ( 'NONE', *, *, #7921, .F. ) ;
#7772 = CARTESIAN_POINT ( 'NONE',  ( 1.207057892113177822, 2.905025367685365012, 0.4943458434214569874 ) ) ;
#7773 = CARTESIAN_POINT ( 'NONE',  ( 2.211356875406900180, -2.054677221863674852, 0.8034178630722279557 ) ) ;
#7774 = PRESENTATION_STYLE_ASSIGNMENT (( #7120 ) ) ;
#7775 = DIRECTION ( 'NONE',  ( 0.0000000000000000000, 0.0000000000000000000, 1.000000000000000000 ) ) ;
#7776 = CARTESIAN_POINT ( 'NONE',  ( -2.459351447815278480, -2.604476614585860883, 0.09999999999999999167 ) ) ;
#7777 = CARTESIAN_POINT ( 'NONE',  ( 2.747061367155870126, 0.9853709195982748303, 2.125412253726460143 ) ) ;
#7778 = CARTESIAN_POINT ( 'NONE',  ( 2.075359855312190138, -2.674640144687814747, 2.399999999999999911 ) ) ;
#7779 = CIRCLE ( 'NONE', #3094, 0.4000000000000000222 ) ;
#7780 = SURFACE_SIDE_STYLE ('',( #5980 ) ) ;
#7781 = AXIS2_PLACEMENT_3D ( 'NONE', #4688, #7996, #3808 ) ;
#7782 = SURFACE_STYLE_USAGE ( .BOTH. , #1903 ) ;
#7783 = CARTESIAN_POINT ( 'NONE',  ( 2.600000000000000089, 2.070156211871640117, 0.3634627865033314698 ) ) ;
#7784 = ADVANCED_FACE ( 'NONE', ( #2946 ), #6194, .T. ) ;
#7785 = MECHANICAL_DESIGN_GEOMETRIC_PRESENTATION_REPRESENTATION (  '', ( #9894 ), #2749 ) ;
#7786 = VECTOR ( 'NONE', #5981, 1000.000000000000000 ) ;
#7787 = CARTESIAN_POINT ( 'NONE',  ( -0.1090909090909085999, -1.657379359277499908, 2.799999999999999822 ) ) ;
#7788 = ORIENTED_EDGE ( 'NONE', *, *, #9828, .T. ) ;
#7789 = SURFACE_STYLE_USAGE ( .BOTH. , #4478 ) ;
#7790 = ORIENTED_EDGE ( 'NONE', *, *, #418, .T. ) ;
#7791 = LINE ( 'NONE', #7072, #10585 ) ;
#7792 = CARTESIAN_POINT ( 'NONE',  ( 0.1633928571428569787, 0.5823933679952270071, 2.799999999999999822 ) ) ;
#7793 = DIRECTION ( 'NONE',  ( 0.0000000000000000000, 1.000000000000000000, 0.0000000000000000000 ) ) ;
#7794 = ORIENTED_EDGE ( 'NONE', *, *, #3536, .F. ) ;
#7795 = DIRECTION ( 'NONE',  ( -0.7808688094430307203, -0.6246950475544237324, 0.0000000000000000000 ) ) ;
#7796 = CARTESIAN_POINT ( 'NONE',  ( 2.507026083478605116, 2.026715873892189990, 0.4943283194983809081 ) ) ;
#7797 = CARTESIAN_POINT ( 'NONE',  ( -2.722683473054984926, 0.1024397921024808034, 0.8042050947282509687 ) ) ;
#7798 = VECTOR ( 'NONE', #3963, 1000.000000000000000 ) ;
#7799 = CIRCLE ( 'NONE', #3112, 0.1499999999999999667 ) ;
#7800 = DIRECTION ( 'NONE',  ( -1.000000000000000000, 0.0000000000000000000, 0.0000000000000000000 ) ) ;
#7801 = EDGE_CURVE ( 'NONE', #10531, #1723, #4583, .T. ) ;
#7802 = CARTESIAN_POINT ( 'NONE',  ( -2.671442408481139896, 1.956006730226464985, 0.3864410810002315011 ) ) ;
#7803 = VECTOR ( 'NONE', #5591, 1000.000000000000000 ) ;
#7804 = ORIENTED_EDGE ( 'NONE', *, *, #4672, .F. ) ;
#7805 = CARTESIAN_POINT ( 'NONE',  ( -1.149999999999999911, 1.184960637368067893, 2.790000000000000036 ) ) ;
#7806 = VECTOR ( 'NONE', #6047, 1000.000000000000000 ) ;
#7807 = CARTESIAN_POINT ( 'NONE',  ( -2.980388000377939939, -1.737163522619419975, 2.399999999999999911 ) ) ;
#7808 = DIRECTION ( 'NONE',  ( -3.203166744464219909E-16, 1.000000000000000000, 0.0000000000000000000 ) ) ;
#7809 = SURFACE_SIDE_STYLE ('',( #4495 ) ) ;
#7810 = ORIENTED_EDGE ( 'NONE', *, *, #4672, .T. ) ;
#7811 = CARTESIAN_POINT ( 'NONE',  ( -2.044085076711795068, 2.701844355009854759, 2.399999999999999911 ) ) ;
#7812 = CARTESIAN_POINT ( 'NONE',  ( 0.02556818181818170180, 0.6819875238393829919, 2.790000000000000036 ) ) ;
#7813 = CARTESIAN_POINT ( 'NONE',  ( -3.000000000000000000, -1.429843788128356108, 0.5000000000000000000 ) ) ;
#7814 = COLOUR_RGB ( '',0.7686274509803920907, 0.7686274509803920907, 0.7686274509803920907 ) ;
#7815 = EDGE_CURVE ( 'NONE', #7999, #5905, #5194, .T. ) ;
#7816 = AXIS2_PLACEMENT_3D ( 'NONE', #10801, #757, #2411 ) ;
#7817 = UNCERTAINTY_MEASURE_WITH_UNIT (LENGTH_MEASURE( 1.000000000000000082E-05 ), #4548, 'distance_accuracy_value', 'NONE');
#7818 = EDGE_LOOP ( 'NONE', ( #9278, #10493, #9555, #3799 ) ) ;
#7819 = CARTESIAN_POINT ( 'NONE',  ( 1.149999999999999911, -3.010000000000000231, 0.09000000000000001055 ) ) ;
#7820 = CARTESIAN_POINT ( 'NONE',  ( -2.457636968353894780, 1.440232106440680004, 0.8037851149214679802 ) ) ;
#7821 = ORIENTED_EDGE ( 'NONE', *, *, #15, .F. ) ;
#7822 = EDGE_LOOP ( 'NONE', ( #2332, #5826 ) ) ;
#7823 = VECTOR ( 'NONE', #8702, 1000.000000000000000 ) ;
#7824 = CARTESIAN_POINT ( 'NONE',  ( 2.487374478071339823, 2.888901700418600171, 0.4886730660060099041 ) ) ;
#7825 = CARTESIAN_POINT ( 'NONE',  ( 3.000000000000000000, -0.4038401147490970344, 2.399999999999999911 ) ) ;
#7826 = DIRECTION ( 'NONE',  ( 0.0000000000000000000, 0.0000000000000000000, 1.000000000000000000 ) ) ;
#7827 = CARTESIAN_POINT ( 'NONE',  ( -2.517952901733594651, -2.642593125879564742, 0.4830019982649779720 ) ) ;
#7828 = CARTESIAN_POINT ( 'NONE',  ( -3.000000000000000000, 1.429843788128356108, 0.5000000000000000000 ) ) ;
#7829 = EDGE_CURVE ( 'NONE', #7899, #6469, #2224, .T. ) ;
#7830 =( NAMED_UNIT ( * ) SI_UNIT ( $, .STERADIAN. ) SOLID_ANGLE_UNIT ( ) );
#7831 = ORIENTED_EDGE ( 'NONE', *, *, #5306, .F. ) ;
#7832 = CARTESIAN_POINT ( 'NONE',  ( -0.2011281645983350186, 2.911222584788879963, 0.4830475427319900206 ) ) ;
#7833 = CARTESIAN_POINT ( 'NONE',  ( 2.036066979400700028, -2.150157591652850364, 2.119848661510490118 ) ) ;
#7834 = CARTESIAN_POINT ( 'NONE',  ( -2.399999999999999911, 3.000000000000000000, 0.5000000000000000000 ) ) ;
#7835 = CARTESIAN_POINT ( 'NONE',  ( -0.1644771634263625104, -0.4999113369544799790, 2.799999999999999822 ) ) ;
#7836 = CARTESIAN_POINT ( 'NONE',  ( 2.899999999999999911, -0.7143910695542280420, 0.5000000000000000000 ) ) ;
#7837 = CARTESIAN_POINT ( 'NONE',  ( 1.666257422245359887, -1.484380974349603921, 1.457656876225666087 ) ) ;
#7838 = CARTESIAN_POINT ( 'NONE',  ( -1.875735931288069924, -2.750000000000000000, 2.399999999999999911 ) ) ;
#7839 = MECHANICAL_DESIGN_GEOMETRIC_PRESENTATION_REPRESENTATION (  '', ( #9940 ), #5422 ) ;
#7840 = DIRECTION ( 'NONE',  ( -0.5766211040409849886, 0.8170116904760639231, 0.0000000000000000000 ) ) ;
#7841 =( GEOMETRIC_REPRESENTATION_CONTEXT ( 3 ) GLOBAL_UNCERTAINTY_ASSIGNED_CONTEXT ( ( #8917 ) ) GLOBAL_UNIT_ASSIGNED_CONTEXT ( ( #7751, #9443, #3679 ) ) REPRESENTATION_CONTEXT ( 'NONE', 'WORKASPACE' ) );
#7842 = CARTESIAN_POINT ( 'NONE',  ( -2.381461265494149604, 1.973445131914214778, 0.6604547457286080725 ) ) ;
#7843 = VERTEX_POINT ( 'NONE', #6843 ) ;
#7844 = DIRECTION ( 'NONE',  ( 0.0000000000000000000, 0.0000000000000000000, 1.000000000000000000 ) ) ;
#7845 = EDGE_LOOP ( 'NONE', ( #4021, #3901, #6766, #8857 ) ) ;
#7846 = EDGE_CURVE ( 'NONE', #5862, #9261, #8157, .T. ) ;
#7847 = CARTESIAN_POINT ( 'NONE',  ( 0.2386309232327595009, 0.6349712003461089882, 2.799999999999999822 ) ) ;
#7848 = CARTESIAN_POINT ( 'NONE',  ( 2.459351447815289582, 2.604476614585833349, 0.1000000000000000333 ) ) ;
#7849 = CARTESIAN_POINT ( 'NONE',  ( -2.500000000000000000, -1.991384760184804925, 0.1128601174818334024 ) ) ;
#7850 =( LENGTH_UNIT ( ) NAMED_UNIT ( * ) SI_UNIT ( .MILLI., .METRE. ) );
#7851 = CARTESIAN_POINT ( 'NONE',  ( -0.1090909090909090023, -0.5353014371995779008, 2.790000000000000036 ) ) ;
#7852 = FACE_OUTER_BOUND ( 'NONE', #10218, .T. ) ;
#7853 = CARTESIAN_POINT ( 'NONE',  ( 2.500000000000000000, 2.131172223287365330, 0.5000000000000000000 ) ) ;
#7854 = CARTESIAN_POINT ( 'NONE',  ( -2.899999999999999911, -0.3553984691504910032, 0.5000000000000000000 ) ) ;
#7855 = CARTESIAN_POINT ( 'NONE',  ( -2.399999999999999911, 2.979999999999999982, 0.1200000000000000094 ) ) ;
#7856 = ORIENTED_EDGE ( 'NONE', *, *, #597, .F. ) ;
#7857 =( NAMED_UNIT ( * ) PLANE_ANGLE_UNIT ( ) SI_UNIT ( $, .RADIAN. ) );
#7858 = CARTESIAN_POINT ( 'NONE',  ( -2.521279128797994762, -1.680358138524999934, 2.122452691653565093 ) ) ;
#7859 = EDGE_CURVE ( 'NONE', #9179, #10408, #3598, .T. ) ;
#7860 = FILL_AREA_STYLE_COLOUR ( '', #5539 ) ;
#7861 = PLANE ( 'NONE',  #7965 ) ;
#7862 = ORIENTED_EDGE ( 'NONE', *, *, #10323, .F. ) ;
#7863 = CARTESIAN_POINT ( 'NONE',  ( -2.314458890911244904, -2.039519585714699712, 0.7355443535497719898 ) ) ;
#7864 = CARTESIAN_POINT ( 'NONE',  ( -1.666257422244515007, 1.484380974349579940, 1.457656876243666133 ) ) ;
#7865 = CARTESIAN_POINT ( 'NONE',  ( -0.2517973613883844886, -1.757931550147330046, 2.799999999999999822 ) ) ;
#7866 = ADVANCED_FACE ( 'NONE', ( #9421 ), #2818, .T. ) ;
#7867 = CARTESIAN_POINT ( 'NONE',  ( -0.1090909090909091966, 0.5836109004627600960, 2.799999999999999822 ) ) ;
#7868 = CARTESIAN_POINT ( 'NONE',  ( -2.500000000000000000, 2.054183389983459840, 0.1683864438001509978 ) ) ;
#7869 = VERTEX_POINT ( 'NONE', #5442 ) ;
#7870 = SURFACE_STYLE_USAGE ( .BOTH. , #393 ) ;
#7871 = CARTESIAN_POINT ( 'NONE',  ( -3.000000000000000000, 1.223318888510404046, 2.399999999999999911 ) ) ;
#7872 = ORIENTED_EDGE ( 'NONE', *, *, #2568, .F. ) ;
#7873 = ORIENTED_EDGE ( 'NONE', *, *, #8729, .F. ) ;
#7874 = LINE ( 'NONE', #4510, #10777 ) ;
#7875 = CARTESIAN_POINT ( 'NONE',  ( 2.500000000000000000, 2.618701491572074769, 0.5000000000000000000 ) ) ;
#7876 = CARTESIAN_POINT ( 'NONE',  ( 2.799614232165175132, -0.1132133058026614097, 2.126836632399065063 ) ) ;
#7877 = CARTESIAN_POINT ( 'NONE',  ( 0.3663861604223290214, 5.231764030978732775E-17, 0.4671010071662839991 ) ) ;
#7878 = CARTESIAN_POINT ( 'NONE',  ( -1.918062981917995069, -2.748290565998874779, 2.399999999999999911 ) ) ;
#7879 = CARTESIAN_POINT ( 'NONE',  ( 2.806066017177979877, 1.731801948466054952, 2.700000000000000178 ) ) ;
#7880 = ORIENTED_EDGE ( 'NONE', *, *, #9158, .T. ) ;
#7881 = CARTESIAN_POINT ( 'NONE',  ( 0.6036923864232089931, 2.907943016403249814, 0.4886969928942789809 ) ) ;
#7882 = ADVANCED_FACE ( 'NONE', ( #7045 ), #6125, .T. ) ;
#7883 = CARTESIAN_POINT ( 'NONE',  ( 2.487374478055814908, -2.888901700429599817, 0.4886730660064609322 ) ) ;
#7884 = CARTESIAN_POINT ( 'NONE',  ( -2.736449743306955007, 2.011325362197814659, 0.3864410810002315011 ) ) ;
#7885 = CARTESIAN_POINT ( 'NONE',  ( -0.2607954545454544970, 0.4796336277354870115, 2.790000000000000036 ) ) ;
#7886 = FACE_OUTER_BOUND ( 'NONE', #1692, .T. ) ;
#7887 = CARTESIAN_POINT ( 'NONE',  ( 2.910192134279339982, -0.3618054548725734842, 0.4829535158290670371 ) ) ;
#7888 = CARTESIAN_POINT ( 'NONE',  ( 2.500000000000000000, -2.131172223287360001, 0.5000000000000000000 ) ) ;
#7889 = VERTEX_POINT ( 'NONE', #292 ) ;
#7890 = LINE ( 'NONE', #7946, #5230 ) ;
#7891 = ORIENTED_EDGE ( 'NONE', *, *, #4849, .F. ) ;
#7892 = DIRECTION ( 'NONE',  ( 0.0000000000000000000, 0.0000000000000000000, 1.000000000000000000 ) ) ;
#7893 =( GEOMETRIC_REPRESENTATION_CONTEXT ( 3 ) GLOBAL_UNCERTAINTY_ASSIGNED_CONTEXT ( ( #2483 ) ) GLOBAL_UNIT_ASSIGNED_CONTEXT ( ( #6689, #7156, #10489 ) ) REPRESENTATION_CONTEXT ( 'NONE', 'WORKASPACE' ) );
#7894 = DIRECTION ( 'NONE',  ( 0.8167728209858042820, 0.5769594083632672010, 0.0000000000000000000 ) ) ;
#7895 = DIRECTION ( 'NONE',  ( 0.8104379191634829560, -0.5858245293447210678, 0.0000000000000000000 ) ) ;
#7896 = ORIENTED_EDGE ( 'NONE', *, *, #1793, .T. ) ;
#7897 = AXIS2_PLACEMENT_3D ( 'NONE', #213, #2731, #6045 ) ;
#7898 = CARTESIAN_POINT ( 'NONE',  ( 1.149999999999999911, 2.979999999999999982, 0.1000000000000000056 ) ) ;
#7899 = VERTEX_POINT ( 'NONE', #6171 ) ;
#7900 = SURFACE_SIDE_STYLE ('',( #4588 ) ) ;
#7901 = CARTESIAN_POINT ( 'NONE',  ( -0.1090909090909090023, -0.5353014371995779008, 2.790000000000000036 ) ) ;
#7902 = CARTESIAN_POINT ( 'NONE',  ( -2.500000000000000000, -1.961059423036159766, 0.1913700232020889846 ) ) ;
#7903 = CARTESIAN_POINT ( 'NONE',  ( 2.491448532073286426, 2.537090975934960912, 0.1163966627416366389 ) ) ;
#7904 = DIRECTION ( 'NONE',  ( 0.0000000000000000000, 0.0000000000000000000, -1.000000000000000000 ) ) ;
#7905 = DIRECTION ( 'NONE',  ( -0.4999999999999995004, 0.4999999999999995004, -0.7071067811865483499 ) ) ;
#7906 = CARTESIAN_POINT ( 'NONE',  ( 2.507906120751944634, 2.857183729427359875, 0.4886722839471549507 ) ) ;
#7907 = CARTESIAN_POINT ( 'NONE',  ( -2.899999999999999911, -1.435405267612604119, 0.5000000000000000000 ) ) ;
#7908 = LINE ( 'NONE', #10418, #2049 ) ;
#7909 = AXIS2_PLACEMENT_3D ( 'NONE', #3756, #9463, #4524 ) ;
#7910 =( NAMED_UNIT ( * ) PLANE_ANGLE_UNIT ( ) SI_UNIT ( $, .RADIAN. ) );
#7911 = VERTEX_POINT ( 'NONE', #2921 ) ;
#7912 = CARTESIAN_POINT ( 'NONE',  ( -2.727338452596190344, -2.033996278737570051, 0.3864410810002315011 ) ) ;
#7913 = CARTESIAN_POINT ( 'NONE',  ( -2.455619438748245287, -1.748071640376750002, 2.122128831536900240 ) ) ;
#7914 = CARTESIAN_POINT ( 'NONE',  ( 2.590492147873824980, 2.547646206949729653, 0.1029731144066747955 ) ) ;
#7915 =( NAMED_UNIT ( * ) SI_UNIT ( $, .STERADIAN. ) SOLID_ANGLE_UNIT ( ) );
#7916 = ORIENTED_EDGE ( 'NONE', *, *, #8914, .F. ) ;
#7917 = AXIS2_PLACEMENT_3D ( 'NONE', #3351, #10706, #1492 ) ;
#7918 = CARTESIAN_POINT ( 'NONE',  ( 0.5100350800582691413, -0.7883975071997799677, 2.790000000000000036 ) ) ;
#7919 = SURFACE_STYLE_FILL_AREA ( #1937 ) ;
#7920 = CARTESIAN_POINT ( 'NONE',  ( -1.596236349498754814, 1.519601992082089792, 1.457030776962905838 ) ) ;
#7921 = EDGE_CURVE ( 'NONE', #2901, #9400, #5386, .T. ) ;
#7922 = UNCERTAINTY_MEASURE_WITH_UNIT (LENGTH_MEASURE( 1.000000000000000082E-05 ), #6487, 'distance_accuracy_value', 'NONE');
#7923 = CARTESIAN_POINT ( 'NONE',  ( 0.2296077742320664916, -1.705877051914459930, 2.790000000000000036 ) ) ;
#7924 = VERTEX_POINT ( 'NONE', #6284 ) ;
#7925 = EDGE_CURVE ( 'NONE', #9214, #7468, #9617, .T. ) ;
#7926 = CARTESIAN_POINT ( 'NONE',  ( -2.915997669078120413, 1.447598077503500003, 0.4829706205636690175 ) ) ;
#7927 = ORIENTED_EDGE ( 'NONE', *, *, #4599, .T. ) ;
#7928 = ORIENTED_EDGE ( 'NONE', *, *, #6314, .F. ) ;
#7929 = CARTESIAN_POINT ( 'NONE',  ( -0.2607954545454544970, 0.4796336277354870115, 2.790000000000000036 ) ) ;
#7930 = CARTESIAN_POINT ( 'NONE',  ( 2.399523619706339872, 1.804663465816640056, 2.121824107313704744 ) ) ;
#7931 = STYLED_ITEM ( 'NONE', ( #8803 ), #6023 ) ;
#7932 = CARTESIAN_POINT ( 'NONE',  ( -2.587342002738774571, -2.548969894646419654, 0.1013057083957832061 ) ) ;
#7933 = CARTESIAN_POINT ( 'NONE',  ( -2.500000000000000000, -2.436265413492429754, 0.5000000000000000000 ) ) ;
#7934 = UNCERTAINTY_MEASURE_WITH_UNIT (LENGTH_MEASURE( 1.000000000000000082E-05 ), #443, 'distance_accuracy_value', 'NONE');
#7935 = ADVANCED_FACE ( 'NONE', ( #4620 ), #6940, .T. ) ;
#7936 = CARTESIAN_POINT ( 'NONE',  ( 0.02556818181818194813, -0.4400903982385390156, 2.790000000000000036 ) ) ;
#7937 = AXIS2_PLACEMENT_3D ( 'NONE', #2799, #2686, #2024 ) ;
#7938 = ORIENTED_EDGE ( 'NONE', *, *, #5175, .F. ) ;
#7939 = AXIS2_PLACEMENT_3D ( 'NONE', #8890, #6191, #8010 ) ;
#7940 = CARTESIAN_POINT ( 'NONE',  ( -0.6025543913228429416, 2.903971508200684948, 0.4943484964471410170 ) ) ;
#7941 = CARTESIAN_POINT ( 'NONE',  ( 2.505984300575739621, -2.626665369674340056, 0.4943339994215970590 ) ) ;
#7942 = CARTESIAN_POINT ( 'NONE',  ( -2.313701792780134880, -1.984547522660175201, 0.7462957041702199534 ) ) ;
#7943 = LINE ( 'NONE', #6296, #7031 ) ;
#7944 = CARTESIAN_POINT ( 'NONE',  ( 2.747390768523095161, -1.018394809546929958, 2.125366822180099646 ) ) ;
#7945 = CARTESIAN_POINT ( 'NONE',  ( 2.504517769480799849, -2.137023792731434835, 0.4943293444854879315 ) ) ;
#7946 = CARTESIAN_POINT ( 'NONE',  ( 1.149999999999999911, 3.010000000000000231, 0.3499999999999999778 ) ) ;
#7947 =( LENGTH_UNIT ( ) NAMED_UNIT ( * ) SI_UNIT ( .MILLI., .METRE. ) );
#7948 = PRESENTATION_LAYER_ASSIGNMENT (  '', '', ( #9871 ) ) ;
#7949 = STYLED_ITEM ( 'NONE', ( #10128 ), #599 ) ;
#7950 =( LENGTH_UNIT ( ) NAMED_UNIT ( * ) SI_UNIT ( .MILLI., .METRE. ) );
#7951 = CARTESIAN_POINT ( 'NONE',  ( -2.387198300417711749, 1.999792148567834493, 0.6501362553150424883 ) ) ;
#7952 = VECTOR ( 'NONE', #3518, 1000.000000000000000 ) ;
#7953 = ORIENTED_EDGE ( 'NONE', *, *, #9726, .F. ) ;
#7954 = CARTESIAN_POINT ( 'NONE',  ( -2.912132034355964905, 1.837867965644034873, 2.700000000000000178 ) ) ;
#7955 = ORIENTED_EDGE ( 'NONE', *, *, #4174, .T. ) ;
#7956 = LINE ( 'NONE', #10521, #3453 ) ;
#7957 = LINE ( 'NONE', #7073, #1352 ) ;
#7958 = CARTESIAN_POINT ( 'NONE',  ( -2.500000000000000000, -1.954783578030740321, 0.1746266346379385104 ) ) ;
#7959 = LINE ( 'NONE', #7137, #3436 ) ;
#7960 = DIRECTION ( 'NONE',  ( 0.0000000000000000000, 0.0000000000000000000, -1.000000000000000000 ) ) ;
#7961 = DIRECTION ( 'NONE',  ( 0.0000000000000000000, 0.0000000000000000000, 1.000000000000000000 ) ) ;
#7962 =( LENGTH_UNIT ( ) NAMED_UNIT ( * ) SI_UNIT ( .MILLI., .METRE. ) );
#7963 = CARTESIAN_POINT ( 'NONE',  ( 2.501233425742495076, 2.848089735507250086, 0.4943361419735770590 ) ) ;
#7964 = CARTESIAN_POINT ( 'NONE',  ( -2.719129180349930230, -1.691010418626754941, 0.5000000000000000000 ) ) ;
#7965 = AXIS2_PLACEMENT_3D ( 'NONE', #383, #9658, #2204 ) ;
#7966 = ADVANCED_FACE ( 'NONE', ( #1985 ), #1170, .T. ) ;
#7967 = ORIENTED_EDGE ( 'NONE', *, *, #538, .F. ) ;
#7968 = CARTESIAN_POINT ( 'NONE',  ( -2.732991622265414478, -2.024342898083980380, 0.3864410810002315011 ) ) ;
#7969 = CARTESIAN_POINT ( 'NONE',  ( -2.515587709883139844, -2.037522734650730083, 0.4829849584957550124 ) ) ;
#7970 = DIRECTION ( 'NONE',  ( 0.0000000000000000000, 0.0000000000000000000, 1.000000000000000000 ) ) ;
#7971 = CARTESIAN_POINT ( 'NONE',  ( -0.4386870883860760073, 0.8221260542694088791, 2.790000000000000036 ) ) ;
#7972 = COLOUR_RGB ( '',0.5372549019607842924, 0.3490196078431372362, 0.3372549019607843368 ) ;
#7973 = VECTOR ( 'NONE', #9973, 1000.000000000000000 ) ;
#7974 = ORIENTED_EDGE ( 'NONE', *, *, #7035, .T. ) ;
#7975 = CARTESIAN_POINT ( 'NONE',  ( 2.643826238111394833, 1.945217202360755016, 0.5000000000000000000 ) ) ;
#7976 = PRESENTATION_LAYER_ASSIGNMENT (  '', '', ( #10597 ) ) ;
#7977 = FILL_AREA_STYLE ('',( #6016 ) ) ;
#7978 = CARTESIAN_POINT ( 'NONE',  ( -2.929555348542610016, 1.820444651457395091, 2.399999999999999911 ) ) ;
#7979 = CARTESIAN_POINT ( 'NONE',  ( 0.02897727272727285142, -0.6348955930437339967, 2.790000000000000036 ) ) ;
#7980 = DIRECTION ( 'NONE',  ( 0.0000000000000000000, 0.0000000000000000000, 1.000000000000000000 ) ) ;
#7981 = VECTOR ( 'NONE', #1700, 1000.000000000000000 ) ;
#7982 = VECTOR ( 'NONE', #239, 1000.000000000000000 ) ;
#7983 = VECTOR ( 'NONE', #4539, 1000.000000000000114 ) ;
#7984 = FACE_OUTER_BOUND ( 'NONE', #4296, .T. ) ;
#7985 = VERTEX_POINT ( 'NONE', #8639 ) ;
#7986 = CARTESIAN_POINT ( 'NONE',  ( -0.1090909090909085999, -1.660544943693085029, 2.790000000000000036 ) ) ;
#7987 = CARTESIAN_POINT ( 'NONE',  ( -2.912025606690590074, 1.473786542841444058, 0.4829710935074479905 ) ) ;
#7988 = VERTEX_POINT ( 'NONE', #2859 ) ;
#7989 = CARTESIAN_POINT ( 'NONE',  ( -2.399999999999999911, 2.799999999999999822, 0.1200000000000000094 ) ) ;
#7990 = EDGE_CURVE ( 'NONE', #272, #8480, #7874, .T. ) ;
#7991 = COLOUR_RGB ( '',0.8431372549019607865, 0.8156862745098039102, 0.7529411764705882248 ) ;
#7992 = CARTESIAN_POINT ( 'NONE',  ( 2.750555127830114799, 1.999444872169884979, 2.399999999999999911 ) ) ;
#7993 = CARTESIAN_POINT ( 'NONE',  ( -0.5999999999999999778, -2.200885852783994956, 2.799999999999999822 ) ) ;
#7994 = VECTOR ( 'NONE', #4203, 1000.000000000000000 ) ;
#7995 = CARTESIAN_POINT ( 'NONE',  ( -2.480821679990475204, -2.879636800476709890, 0.4943365330032840621 ) ) ;
#7996 = DIRECTION ( 'NONE',  ( 0.0000000000000000000, 0.0000000000000000000, 1.000000000000000000 ) ) ;
#7997 = VECTOR ( 'NONE', #2333, 1000.000000000000000 ) ;
#7998 = CARTESIAN_POINT ( 'NONE',  ( 1.149999999999999911, 3.010000000000000231, 0.3499999999999999778 ) ) ;
#7999 = VERTEX_POINT ( 'NONE', #3741 ) ;
#8000 = MECHANICAL_DESIGN_GEOMETRIC_PRESENTATION_REPRESENTATION (  '', ( #8347 ), #161 ) ;
#8001 = CARTESIAN_POINT ( 'NONE',  ( -1.209504431856730067, 2.910050735367620156, 0.4886916868429290739 ) ) ;
#8002 = CARTESIAN_POINT ( 'NONE',  ( 2.480821679977809779, -2.879636800488039938, 0.4943365330032309934 ) ) ;
#8003 = DIRECTION ( 'NONE',  ( 0.0000000000000000000, 1.000000000000000000, 0.0000000000000000000 ) ) ;
#8004 = EDGE_CURVE ( 'NONE', #2346, #1324, #9560, .T. ) ;
#8005 = DIRECTION ( 'NONE',  ( 0.0000000000000000000, 1.000000000000000000, 0.0000000000000000000 ) ) ;
#8006 = FILL_AREA_STYLE_COLOUR ( '', #10529 ) ;
#8007 = CARTESIAN_POINT ( 'NONE',  ( 2.908801711673969947, -1.076670751520713898, 0.4886419928800010415 ) ) ;
#8008 = CARTESIAN_POINT ( 'NONE',  ( 1.812421266976430134, -2.329515860039524711, 2.118773468839195040 ) ) ;
#8009 = CARTESIAN_POINT ( 'NONE',  ( -2.502744041594950009, 2.021407763740469932, 0.5000000000000000000 ) ) ;
#8010 = DIRECTION ( 'NONE',  ( -1.000000000000000000, 0.0000000000000000000, 0.0000000000000000000 ) ) ;
#8011 = EDGE_CURVE ( 'NONE', #2610, #5397, #5496, .T. ) ;
#8012 = CARTESIAN_POINT ( 'NONE',  ( 0.5844215701555149911, -1.965731710631299922, 2.799999999999999822 ) ) ;
#8013 = B_SPLINE_CURVE_WITH_KNOTS ( 'NONE', 3,
 ( #6992, #2862, #5330, #295 ),
 .UNSPECIFIED., .F., .F.,
 ( 4, 4 ),
 ( 0.0000000000000000000, 1.000000000000000000 ),
 .UNSPECIFIED. ) ;
#8014 = CARTESIAN_POINT ( 'NONE',  ( -2.356572306827899865, 1.953873454483584959, 0.6958915594287490292 ) ) ;
#8015 = ORIENTED_EDGE ( 'NONE', *, *, #6901, .F. ) ;
#8016 = LINE ( 'NONE', #4533, #6373 ) ;
#8017 = VERTEX_POINT ( 'NONE', #1282 ) ;
#8018 = CARTESIAN_POINT ( 'NONE',  ( -2.414282326247679578, 2.004042074047625022, 0.4249999999999999889 ) ) ;
#8019 = CARTESIAN_POINT ( 'NONE',  ( -0.5999999999999999778, 0.2400232381250970159, 2.799999999999999822 ) ) ;
#8020 = CARTESIAN_POINT ( 'NONE',  ( -2.499999999999999556, -1.999277430173058479, 0.1116852820187548556 ) ) ;
#8021 = DIRECTION ( 'NONE',  ( -1.000000000000000000, 0.0000000000000000000, 0.0000000000000000000 ) ) ;
#8022 =( NAMED_UNIT ( * ) SI_UNIT ( $, .STERADIAN. ) SOLID_ANGLE_UNIT ( ) );
#8023 = CARTESIAN_POINT ( 'NONE',  ( -0.2726693823799060112, -1.544211465315210141, 2.799999999999999822 ) ) ;
#8024 = CARTESIAN_POINT ( 'NONE',  ( 2.510783547444260133, 2.450521337215280315, 0.4886644765038940519 ) ) ;
#8025 = CARTESIAN_POINT ( 'NONE',  ( -2.995452513928384963, -1.685878662838235176, 2.399999999999999911 ) ) ;
#8026 = FILL_AREA_STYLE ('',( #5669 ) ) ;
#8027 = VECTOR ( 'NONE', #9134, 1000.000000000000000 ) ;
#8028 = VERTEX_POINT ( 'NONE', #457 ) ;
#8029 = PLANE ( 'NONE',  #8286 ) ;
#8030 = CARTESIAN_POINT ( 'NONE',  ( -2.681866455437455166, -2.068133544562544834, 2.399999999999999911 ) ) ;
#8031 = CARTESIAN_POINT ( 'NONE',  ( 2.597734742832265020, 2.541614077785354642, 0.1104536664436580051 ) ) ;
#8032 = CARTESIAN_POINT ( 'NONE',  ( 0.1722171299342409867, 0.5772601490634609034, 2.790000000000000036 ) ) ;
#8033 = PRESENTATION_STYLE_ASSIGNMENT (( #8909 ) ) ;
#8034 = EDGE_CURVE ( 'NONE', #6658, #9101, #6404, .T. ) ;
#8035 = VERTEX_POINT ( 'NONE', #10440 ) ;
#8036 = CARTESIAN_POINT ( 'NONE',  ( 0.3932563306956449733, -0.7023559241827369570, 2.790000000000000036 ) ) ;
#8037 = DIRECTION ( 'NONE',  ( 0.0000000000000000000, 0.0000000000000000000, 1.000000000000000000 ) ) ;
#8038 = CARTESIAN_POINT ( 'NONE',  ( -2.976026747630170277, 1.746701245583689888, 2.399999999999999911 ) ) ;
#8039 = PLANE ( 'NONE',  #9988 ) ;
#8040 = CARTESIAN_POINT ( 'NONE',  ( 2.500000000000000000, -2.681881587960845081, -0.2100000000000000200 ) ) ;
#8041 = UNCERTAINTY_MEASURE_WITH_UNIT (LENGTH_MEASURE( 1.000000000000000082E-05 ), #180, 'distance_accuracy_value', 'NONE');
#8042 = CARTESIAN_POINT ( 'NONE',  ( -2.500000000000000000, 2.054023203999080227, 0.1622552162422215005 ) ) ;
#8043 = ORIENTED_EDGE ( 'NONE', *, *, #10586, .T. ) ;
#8044 = CARTESIAN_POINT ( 'NONE',  ( -0.5999999999999999778, 0.2400232381250970159, 2.799999999999999822 ) ) ;
#8045 = CARTESIAN_POINT ( 'NONE',  ( -2.914956244151205134, 1.321479869838571908, 0.4829678784024529770 ) ) ;
#8046 = ORIENTED_EDGE ( 'NONE', *, *, #583, .F. ) ;
#8047 = DIRECTION ( 'NONE',  ( 0.0000000000000000000, 0.0000000000000000000, 1.000000000000000000 ) ) ;
#8048 = CARTESIAN_POINT ( 'NONE',  ( 2.449665983308085160, 2.902220160432159801, 0.4943369222418009801 ) ) ;
#8049 = PLANE ( 'NONE',  #9409 ) ;
#8050 = VERTEX_POINT ( 'NONE', #7710 ) ;
#8051 = CARTESIAN_POINT ( 'NONE',  ( -0.4658324881611000112, -2.750000000000000000, 2.399999999999999911 ) ) ;
#8052 = UNCERTAINTY_MEASURE_WITH_UNIT (LENGTH_MEASURE( 1.000000000000000082E-05 ), #7015, 'distance_accuracy_value', 'NONE');
#8053 = ADVANCED_FACE ( 'NONE', ( #2218 ), #682, .T. ) ;
#8054 = CARTESIAN_POINT ( 'NONE',  ( -2.998981725600585069, 1.449999999999999956, 0.1000000000000000056 ) ) ;
#8055 = ORIENTED_EDGE ( 'NONE', *, *, #10566, .T. ) ;
#8056 = CARTESIAN_POINT ( 'NONE',  ( -0.8957003624394540564, 2.556527786000895475, 2.114822345401659920 ) ) ;
#8057 = CARTESIAN_POINT ( 'NONE',  ( 2.533300653874960062, -1.929736843019830062, 0.5000000000000000000 ) ) ;
#8058 = CARTESIAN_POINT ( 'NONE',  ( -0.1210968959524500038, -1.650842157676590150, 2.790000000000000036 ) ) ;
#8059 = CARTESIAN_POINT ( 'NONE',  ( -2.386968197601435637, -2.004042074047435840, 0.6500019154969439716 ) ) ;
#8060 = CARTESIAN_POINT ( 'NONE',  ( -2.565739357167094781, 1.882747697605315018, 0.5000000000000000000 ) ) ;
#8061 = CARTESIAN_POINT ( 'NONE',  ( 2.915175410641469789, 1.459321755749654059, 0.4829703572210929940 ) ) ;
#8062 = CARTESIAN_POINT ( 'NONE',  ( 2.902601501589404887, -1.847398498410595113, 2.399999999999999911 ) ) ;
#8063 = LINE ( 'NONE', #10569, #512 ) ;
#8064 = DIRECTION ( 'NONE',  ( -1.000000000000000000, 1.734723475976810250E-14, 0.0000000000000000000 ) ) ;
#8065 = EDGE_CURVE ( 'NONE', #9559, #1847, #3863, .T. ) ;
#8066 = DIRECTION ( 'NONE',  ( -1.445602896647339903E-16, 1.000000000000000000, 0.0000000000000000000 ) ) ;
#8067 = ORIENTED_EDGE ( 'NONE', *, *, #9259, .T. ) ;
#8068 = DIRECTION ( 'NONE',  ( 0.0000000000000000000, 0.0000000000000000000, -1.000000000000000000 ) ) ;
#8069 = ADVANCED_FACE ( 'NONE', ( #1446 ), #5599, .F. ) ;
#8070 = EDGE_LOOP ( 'NONE', ( #5619, #2857, #9879, #3800 ) ) ;
#8071 =( NAMED_UNIT ( * ) PLANE_ANGLE_UNIT ( ) SI_UNIT ( $, .RADIAN. ) );
#8072 = SURFACE_STYLE_FILL_AREA ( #2249 ) ;
#8073 =( NAMED_UNIT ( * ) SI_UNIT ( $, .STERADIAN. ) SOLID_ANGLE_UNIT ( ) );
#8074 = LINE ( 'NONE', #3715, #676 ) ;
#8075 = FACE_OUTER_BOUND ( 'NONE', #3813, .T. ) ;
#8076 = CARTESIAN_POINT ( 'NONE',  ( 1.666257421854810072, 1.484380974371469986, 1.457656876243386135 ) ) ;
#8077 = CARTESIAN_POINT ( 'NONE',  ( 0.1633928571428569787, 0.5823933679952270071, 2.799999999999999822 ) ) ;
#8078 = ADVANCED_FACE ( 'NONE', ( #8871 ), #9904, .T. ) ;
#8079 = VECTOR ( 'NONE', #2970, 999.9999999999998863 ) ;
#8080 = ORIENTED_EDGE ( 'NONE', *, *, #9597, .F. ) ;
#8081 = LINE ( 'NONE', #7146, #6192 ) ;
#8082 = CARTESIAN_POINT ( 'NONE',  ( -1.962366403736024667, -1.249613158008793912, 1.460697876889859970 ) ) ;
#8083 = DIRECTION ( 'NONE',  ( -1.000000000000000000, 0.0000000000000000000, 0.0000000000000000000 ) ) ;
#8084 = CARTESIAN_POINT ( 'NONE',  ( 0.2998446361318240494, 0.4879533518103890133, 2.790000000000000036 ) ) ;
#8085 = DIRECTION ( 'NONE',  ( -1.000000000000000000, 0.0000000000000000000, 0.0000000000000000000 ) ) ;
#8086 = ORIENTED_EDGE ( 'NONE', *, *, #3483, .F. ) ;
#8087 = CARTESIAN_POINT ( 'NONE',  ( 0.4296522000915025119, -0.7289067366209449617, 2.799999999999999822 ) ) ;
#8088 = DIRECTION ( 'NONE',  ( 0.0000000000000000000, 0.0000000000000000000, 1.000000000000000000 ) ) ;
#8089 = CARTESIAN_POINT ( 'NONE',  ( 2.795537272771035031, -0.3406055053189049886, 2.126706931361800113 ) ) ;
#8090 = CARTESIAN_POINT ( 'NONE',  ( -2.643276674027815076, 1.796435797806310131, 0.4943261603229390788 ) ) ;
#8091 = VECTOR ( 'NONE', #1202, 1000.000000000000000 ) ;
#8092 = CARTESIAN_POINT ( 'NONE',  ( -0.1207400502135406034, -1.667323764346694936, 2.790000000000000036 ) ) ;
#8093 = SURFACE_STYLE_USAGE ( .BOTH. , #5540 ) ;
#8094 = CARTESIAN_POINT ( 'NONE',  ( 0.3282910536466949747, -1.777072890040964914, 2.790000000000000036 ) ) ;
#8095 = AXIS2_PLACEMENT_3D ( 'NONE', #9629, #7059, #2993 ) ;
#8096 = ORIENTED_EDGE ( 'NONE', *, *, #2867, .T. ) ;
#8097 =( NAMED_UNIT ( * ) PLANE_ANGLE_UNIT ( ) SI_UNIT ( $, .RADIAN. ) );
#8098 = CARTESIAN_POINT ( 'NONE',  ( -2.283336667340184700, 0.7156941372456170347, 1.463746073971285977 ) ) ;
#8099 = ORIENTED_EDGE ( 'NONE', *, *, #8127, .T. ) ;
#8100 = CARTESIAN_POINT ( 'NONE',  ( 2.600000000000000089, 2.799999999999999822, 0.5000000000000000000 ) ) ;
#8101 = CARTESIAN_POINT ( 'NONE',  ( 2.456039009938860040, 2.911542791029594568, 0.4886738444836019601 ) ) ;
#8102 = CARTESIAN_POINT ( 'NONE',  ( -3.000000000000000000, -1.625735931288069924, 2.399999999999999911 ) ) ;
#8103 = SURFACE_STYLE_FILL_AREA ( #781 ) ;
#8104 = ADVANCED_FACE ( 'NONE', ( #8973 ), #3242, .T. ) ;
#8105 = PLANE ( 'NONE',  #1927 ) ;
#8106 = ORIENTED_EDGE ( 'NONE', *, *, #8360, .T. ) ;
#8107 = CARTESIAN_POINT ( 'NONE',  ( -2.082132551871815007, 2.403481102305534911, 0.8031532906299160279 ) ) ;
#8108 = COLOUR_RGB ( '',0.7686274509803920907, 0.7686274509803920907, 0.7686274509803920907 ) ;
#8109 = CARTESIAN_POINT ( 'NONE',  ( 2.023957274233744830, -1.152080217332690060, 1.461567410581249948 ) ) ;
#8110 = CARTESIAN_POINT ( 'NONE',  ( -2.653392790958829739, 2.042199992572960365, 0.3864410810002315011 ) ) ;
#8111 = CARTESIAN_POINT ( 'NONE',  ( 0.02556818181818214936, -1.562168320316460024, 2.799999999999999822 ) ) ;
#8112 = CARTESIAN_POINT ( 'NONE',  ( 2.614049081099704797, 1.202340875725764091, 0.8038925096755680233 ) ) ;
#8113 = CARTESIAN_POINT ( 'NONE',  ( 2.565975415130435255, -1.913777707050269949, 0.4829813417483250215 ) ) ;
#8114 =( LENGTH_UNIT ( ) NAMED_UNIT ( * ) SI_UNIT ( .MILLI., .METRE. ) );
#8115 = CARTESIAN_POINT ( 'NONE',  ( 0.3282910536466949747, -1.777072890040964914, 2.799999999999999822 ) ) ;
#8116 = STYLED_ITEM ( 'NONE', ( #2326 ), #6067 ) ;
#8117 = UNCERTAINTY_MEASURE_WITH_UNIT (LENGTH_MEASURE( 1.000000000000000082E-05 ), #8114, 'distance_accuracy_value', 'NONE');
#8118 = ORIENTED_EDGE ( 'NONE', *, *, #7815, .F. ) ;
#8119 = VERTEX_POINT ( 'NONE', #10712 ) ;
#8120 = PRESENTATION_STYLE_ASSIGNMENT (( #424 ) ) ;
#8121 = CARTESIAN_POINT ( 'NONE',  ( 0.2016960644758679921, -0.5147010146022549248, 2.799999999999999822 ) ) ;
#8122 = CARTESIAN_POINT ( 'NONE',  ( -2.500000000000000000, 1.955314602689249837, 0.1770374763807484875 ) ) ;
#8123 = AXIS2_PLACEMENT_3D ( 'NONE', #10034, #1751, #2671 ) ;
#8124 = CARTESIAN_POINT ( 'NONE',  ( 2.399999999999999911, 2.000000000000000000, 2.328125000000000000 ) ) ;
#8125 = FILL_AREA_STYLE_COLOUR ( '', #7814 ) ;
#8126 = VECTOR ( 'NONE', #10187, 1000.000000000000114 ) ;
#8127 = EDGE_CURVE ( 'NONE', #3390, #2404, #2585, .T. ) ;
#8128 = CARTESIAN_POINT ( 'NONE',  ( 2.474345596219860166, -1.449999999999999956, 0.1000000000000000056 ) ) ;
#8129 = CARTESIAN_POINT ( 'NONE',  ( 2.491448532073286426, 1.462909024061639141, 0.1163966627373182877 ) ) ;
#8130 = ORIENTED_EDGE ( 'NONE', *, *, #1502, .F. ) ;
#8131 = FACE_OUTER_BOUND ( 'NONE', #7606, .T. ) ;
#8132 = CARTESIAN_POINT ( 'NONE',  ( -1.553023190387705199, -1.538699533950939946, 1.456649894840826187 ) ) ;
#8133 = FACE_OUTER_BOUND ( 'NONE', #223, .T. ) ;
#8134 =( NAMED_UNIT ( * ) SI_UNIT ( $, .STERADIAN. ) SOLID_ANGLE_UNIT ( ) );
#8135 = ORIENTED_EDGE ( 'NONE', *, *, #1570, .T. ) ;
#8136 = DIRECTION ( 'NONE',  ( 0.0000000000000000000, 0.0000000000000000000, 1.000000000000000000 ) ) ;
#8137 = CARTESIAN_POINT ( 'NONE',  ( 1.875735931288069924, 2.600000000000000089, 2.700000000000000178 ) ) ;
#8138 = EDGE_CURVE ( 'NONE', #3989, #8586, #4792, .T. ) ;
#8139 = CARTESIAN_POINT ( 'NONE',  ( 2.903773725444939835, 0.7151713114197189025, 0.4943190368463620255 ) ) ;
#8140 = AXIS2_PLACEMENT_3D ( 'NONE', #2490, #8565, #9376 ) ;
#8141 = CARTESIAN_POINT ( 'NONE',  ( -2.537633058877144965, 1.934769766093760168, 0.4943274116724190592 ) ) ;
#8142 = LINE ( 'NONE', #3954, #7491 ) ;
#8143 = CONICAL_SURFACE ( 'NONE', #466, 0.5000000000000000000, 0.3490658503988667838 ) ;
#8144 = B_SPLINE_CURVE_WITH_KNOTS ( 'NONE', 3,
 ( #8525, #225, #6113, #4438 ),
 .UNSPECIFIED., .F., .F.,
 ( 4, 4 ),
 ( 0.0000000000000000000, 1.000000000000000000 ),
 .UNSPECIFIED. ) ;
#8145 = CARTESIAN_POINT ( 'NONE',  ( -2.553008507190980048, -1.898661260090890091, 0.4999999999980690446 ) ) ;
#8146 = CIRCLE ( 'NONE', #8314, 0.2000000000000000944 ) ;
#8147 = PRESENTATION_LAYER_ASSIGNMENT (  '', '', ( #9711 ) ) ;
#8148 = ORIENTED_EDGE ( 'NONE', *, *, #6669, .F. ) ;
#8149 = CARTESIAN_POINT ( 'NONE',  ( -2.414282326247679578, -2.004042074047625022, 0.4249999999999999889 ) ) ;
#8150 = STYLED_ITEM ( 'NONE', ( #8613 ), #1461 ) ;
#8151 = CARTESIAN_POINT ( 'NONE',  ( -2.697913448268530079, 0.6033137254060410015, 0.8041219283121380235 ) ) ;
#8152 = ORIENTED_EDGE ( 'NONE', *, *, #2098, .F. ) ;
#8153 = DIRECTION ( 'NONE',  ( 0.0000000000000000000, -1.000000000000000000, 0.0000000000000000000 ) ) ;
#8154 = CARTESIAN_POINT ( 'NONE',  ( 1.913227211127574989, 2.453946039348485098, 0.8030607983913170544 ) ) ;
#8155 = CARTESIAN_POINT ( 'NONE',  ( -2.213601253087299714, -2.916664329186279936, 0.4886778162437739326 ) ) ;
#8156 = VECTOR ( 'NONE', #7775, 1000.000000000000000 ) ;
#8157 = CIRCLE ( 'NONE', #6224, 2.328125000000000000 ) ;
#8158 = CIRCLE ( 'NONE', #8859, 0.3250000000000000666 ) ;
#8159 = ORIENTED_EDGE ( 'NONE', *, *, #282, .T. ) ;
#8160 = CARTESIAN_POINT ( 'NONE',  ( 0.5844215701555149911, -1.965731710631299922, 2.799999999999999822 ) ) ;
#8161 = VERTEX_POINT ( 'NONE', #6554 ) ;
#8162 = CARTESIAN_POINT ( 'NONE',  ( -1.525943831878895152, 1.581481018993409871, 1.455953801386673963 ) ) ;
#8163 = CARTESIAN_POINT ( 'NONE',  ( 2.784823967674209921, -1.965176032325795186, 2.399999999999999911 ) ) ;
#8164 = PRESENTATION_LAYER_ASSIGNMENT (  '', '', ( #2595 ) ) ;
#8165 = CARTESIAN_POINT ( 'NONE',  ( -0.2726693823799060112, -1.544211465315210141, 2.790000000000000036 ) ) ;
#8166 = CARTESIAN_POINT ( 'NONE',  ( -2.348719870508895191, -1.953973013920115021, 0.7062865774565789678 ) ) ;
#8167 = DIRECTION ( 'NONE',  ( -1.000000000000000000, 0.0000000000000000000, 0.0000000000000000000 ) ) ;
#8168 = ADVANCED_FACE ( 'NONE', ( #10608 ), #2383, .F. ) ;
#8169 = CARTESIAN_POINT ( 'NONE',  ( 2.899587956184325410, 1.485790864957944102, 0.4886473924965730187 ) ) ;
#8170 = CARTESIAN_POINT ( 'NONE',  ( 1.962092985216459917, -1.249886640631010071, 1.460697876901447811 ) ) ;
#8171 = DIRECTION ( 'NONE',  ( -1.000000000000000000, 0.0000000000000000000, 0.0000000000000000000 ) ) ;
#8172 = LINE ( 'NONE', #6678, #280 ) ;
#8173 =( GEOMETRIC_REPRESENTATION_CONTEXT ( 3 ) GLOBAL_UNCERTAINTY_ASSIGNED_CONTEXT ( ( #6505 ) ) GLOBAL_UNIT_ASSIGNED_CONTEXT ( ( #7962, #1965, #2793 ) ) REPRESENTATION_CONTEXT ( 'NONE', 'WORKASPACE' ) );
#8174 = TOROIDAL_SURFACE ( 'NONE', #10434, 0.5350103769104849194, 0.05000000000000000278 ) ;
#8175 = B_SPLINE_CURVE_WITH_KNOTS ( 'NONE', 3,
 ( #326, #10256, #4721, #10306, #6312, #9648, #7020, #2082, #2838, #8724, #8023, #546, #1312, #1207, #3892, #430, #9478, #2016, #5358 ),
 .UNSPECIFIED., .F., .F.,
 ( 4, 1, 1, 1, 1, 1, 1, 1, 1, 1, 1, 1, 1, 1, 1, 1, 4 ),
 ( 0.0000000000000000000, 0.006491022190099359802, 0.01999718752723544934, 0.04129174943302810208, 0.06993138171736230924, 0.1060405829517207937, 0.1498516436044682043, 0.2008085873982295155, 0.2597997561993690141, 0.3257033864952474933, 0.3998780143702789780, 0.4809647925942789892, 0.5697627338811119824, 0.6662729348137089724, 0.7696947132029710037, 0.8811519930212949880, 1.000000000000000000 ),
 .UNSPECIFIED. ) ;
#8176 = ORIENTED_EDGE ( 'NONE', *, *, #7454, .T. ) ;
#8177 = DIRECTION ( 'NONE',  ( 0.0000000000000000000, 0.0000000000000000000, 1.000000000000000000 ) ) ;
#8178 = VERTEX_POINT ( 'NONE', #3145 ) ;
#8179 = CARTESIAN_POINT ( 'NONE',  ( 0.1825647064104334860, -0.5517567571589410136, 2.799999999999999822 ) ) ;
#8180 = CARTESIAN_POINT ( 'NONE',  ( -0.5807795887813820279, -0.1946581797905399813, 2.799999999999999822 ) ) ;
#8181 = LINE ( 'NONE', #7461, #413 ) ;
#8182 = LINE ( 'NONE', #4974, #1690 ) ;
#8183 = CARTESIAN_POINT ( 'NONE',  ( -2.500000000000000000, 1.961183705053314741, 0.1367220368297419886 ) ) ;
#8184 = SURFACE_SIDE_STYLE ('',( #6638 ) ) ;
#8185 = PRESENTATION_LAYER_ASSIGNMENT (  '', '', ( #2086 ) ) ;
#8186 = SURFACE_SIDE_STYLE ('',( #8999 ) ) ;
#8187 = CARTESIAN_POINT ( 'NONE',  ( -2.500000000000000444, -2.004042072423529941, 0.1115127683155178739 ) ) ;
#8188 = EDGE_CURVE ( 'NONE', #10543, #10531, #567, .T. ) ;
#8189 = ORIENTED_EDGE ( 'NONE', *, *, #2150, .F. ) ;
#8190 = DIRECTION ( 'NONE',  ( 0.0000000000000000000, 0.0000000000000000000, -1.000000000000000000 ) ) ;
#8191 = CARTESIAN_POINT ( 'NONE',  ( -2.514578815761320030, -2.866277723347005146, 0.4830084259215609577 ) ) ;
#8192 = CARTESIAN_POINT ( 'NONE',  ( 2.850000000000000089, 1.625735931288069924, 2.700000000000000178 ) ) ;
#8193 = DIRECTION ( 'NONE',  ( 1.000000000000000000, 0.0000000000000000000, 0.0000000000000000000 ) ) ;
#8194 = CARTESIAN_POINT ( 'NONE',  ( -0.3086466781300214457, -1.517716298297540067, 2.790000000000000036 ) ) ;
#8195 = VERTEX_POINT ( 'NONE', #8806 ) ;
#8196 = CARTESIAN_POINT ( 'NONE',  ( 0.0000000000000000000, 0.0000000000000000000, 0.5000000000000000000 ) ) ;
#8197 = FILL_AREA_STYLE_COLOUR ( '', #2066 ) ;
#8198 = VERTEX_POINT ( 'NONE', #6450 ) ;
#8199 = CARTESIAN_POINT ( 'NONE',  ( 2.900669438257124977, 1.466034612636159862, 0.4943235739026279885 ) ) ;
#8200 = CARTESIAN_POINT ( 'NONE',  ( -2.862526700554015147, 1.534127085345944996, 0.4886482582973579736 ) ) ;
#8201 = CARTESIAN_POINT ( 'NONE',  ( 1.875735931288069924, 2.600000000000000089, 2.700000000000000178 ) ) ;
#8202 = DIRECTION ( 'NONE',  ( 0.0000000000000000000, 0.0000000000000000000, 1.000000000000000000 ) ) ;
#8203 = CARTESIAN_POINT ( 'NONE',  ( 0.5844215701555149911, -1.965731710631299922, 2.790000000000000036 ) ) ;
#8204 = EDGE_CURVE ( 'NONE', #776, #1199, #9734, .T. ) ;
#8205 = ORIENTED_EDGE ( 'NONE', *, *, #2139, .T. ) ;
#8206 = SURFACE_SIDE_STYLE ('',( #6654 ) ) ;
#8207 = CARTESIAN_POINT ( 'NONE',  ( -2.906794756186104944, 0.3607998309023319750, 0.4886356772195799558 ) ) ;
#8208 = VERTEX_POINT ( 'NONE', #4681 ) ;
#8209 = EDGE_CURVE ( 'NONE', #4282, #5551, #8511, .T. ) ;
#8210 = CARTESIAN_POINT ( 'NONE',  ( 0.1563113275275370140, 2.750000000000000000, 2.399999999999999911 ) ) ;
#8211 = CARTESIAN_POINT ( 'NONE',  ( -2.499999999990374810, -2.813619399653314979, 0.5000000000000000000 ) ) ;
#8212 = CARTESIAN_POINT ( 'NONE',  ( 0.0000000000000000000, -2.619532199182979859, 2.113405993156165064 ) ) ;
#8213 = EDGE_CURVE ( 'NONE', #5055, #8480, #5751, .T. ) ;
#8214 =( NAMED_UNIT ( * ) SI_UNIT ( $, .STERADIAN. ) SOLID_ANGLE_UNIT ( ) );
#8215 = ORIENTED_EDGE ( 'NONE', *, *, #9641, .T. ) ;
#8216 = CARTESIAN_POINT ( 'NONE',  ( -2.510783547440359698, 2.450521337214875306, 0.4886644765039880323 ) ) ;
#8217 = CARTESIAN_POINT ( 'NONE',  ( 2.537633058877190262, -1.934769766093680010, 0.4943274116724690193 ) ) ;
#8218 = CARTESIAN_POINT ( 'NONE',  ( -2.673752279567189749, 2.052407365142475015, 0.3864410810002315011 ) ) ;
#8219 = CARTESIAN_POINT ( 'NONE',  ( -2.700000000000000178, 1.625735931288069924, 2.799999999999999822 ) ) ;
#8220 = CARTESIAN_POINT ( 'NONE',  ( 2.595619047430229642, 1.244277127966699981, 0.8038707542303950015 ) ) ;
#8221 = CARTESIAN_POINT ( 'NONE',  ( 2.929555348542610016, -1.820444651457389984, 2.399999999999999911 ) ) ;
#8222 = CARTESIAN_POINT ( 'NONE',  ( 1.149999999999999911, 2.000000000000000000, 2.328125000000000000 ) ) ;
#8223 = CARTESIAN_POINT ( 'NONE',  ( -2.202346251181510173, -0.8244113161808400703, 1.463129172646473908 ) ) ;
#8224 = DIRECTION ( 'NONE',  ( 1.000000000000000000, 0.0000000000000000000, 0.0000000000000000000 ) ) ;
#8225 = EDGE_CURVE ( 'NONE', #1226, #9982, #4998, .T. ) ;
#8226 = VERTEX_POINT ( 'NONE', #6853 ) ;
#8227 = ORIENTED_EDGE ( 'NONE', *, *, #3202, .T. ) ;
#8228 = CARTESIAN_POINT ( 'NONE',  ( 0.3282910536466949747, -0.6549949679630430177, 2.799999999999999822 ) ) ;
#8229 = CARTESIAN_POINT ( 'NONE',  ( -0.5999999999999999778, -0.1802689696671105068, 2.799999999999999822 ) ) ;
#8230 =( LENGTH_UNIT ( ) NAMED_UNIT ( * ) SI_UNIT ( .MILLI., .METRE. ) );
#8231 = CARTESIAN_POINT ( 'NONE',  ( 7.182839392716474764E-16, 2.495562771045398698, 1.449528787390524043 ) ) ;
#8232 = B_SPLINE_SURFACE_WITH_KNOTS ( 'NONE', 3, 3, ( 
 ( #2299, #9413, #5875, #249, #3589, #960, #3488, #5080 ),
 ( #1946, #5287, #6027, #5928, #8597, #1837, #9203, #4245 ),
 ( #146, #5975, #9359, #4357, #6682, #10132, #9253, #1740 ),
 ( #1072, #5185, #10079, #8381, #6892, #908, #6789, #2660 ),
 ( #1786, #2712, #7555, #5242, #7671, #5130, #1019, #198 ),
 ( #9303, #3537, #3375, #87, #7504, #4196, #6086, #3425 ),
 ( #8433, #8495, #4298, #6738, #10236, #6836, #2776, #8552 ),
 ( #10176, #38, #10022, #4410, #2611, #7719, #7614, #7057 ),
 ( #3817, #7883, #8002, #304, #2116, #6950, #10288, #5455 ),
 ( #4464, #9687, #9461, #10337, #2871, #8651, #3647, #7119 ),
 ( #528, #2171, #6242, #8759, #10393, #1293, #470, #6350 ),
 ( #2230, #1238, #1349, #2991, #4631, #9626, #2937, #1183 ),
 ( #4521, #10452, #7941, #4697, #1997, #6294, #7833, #6182 ),
 ( #9510, #1123, #2822, #6135, #7773, #9571, #5505, #8819 ),
 ( #5337, #357, #5561, #3699, #3873, #7174, #8707, #407 ),
 ( #3753, #6999, #2057, #10506, #5400, #4574, #3042, #7223 ),
 ( #1404, #4857, #10668, #3252, #9038, #574, #4033, #3154 ),
 ( #2290, #5759, #9852, #3974, #9744, #4958, #6410, #8163 ),
 ( #6459, #9797, #7382, #10562, #9910, #1567, #10619, #5705 ),
 ( #8981, #692, #8217, #8057, #5607, #4751, #6622, #10784 ),
 ( #8882, #2337, #7332, #5649, #8932, #8265, #741, #4131 ),
 ( #4800, #3920, #1453, #3200, #3100, #8109, #1506, #632 ),
 ( #4076, #6512, #787, #7280, #2390, #4915, #10721, #6565 ),
 ( #2452, #9089, #1617, #7443, #3313, #9957, #2499, #39 ),
 ( #7675, #6897, #7618, #10239, #3429, #9364, #5977, #2780 ),
 ( #5291, #150, #7721, #1900, #4361, #5245, #9307, #7559 ),
 ( #90, #6838, #8498, #251, #8384, #10178, #6741, #1789 ),
 ( #5931, #7507, #2562, #1742, #3379, #1839, #5189, #1076 ),
 ( #10026, #6686, #1950, #5879, #3592, #6090, #4301, #6792 ),
 ( #10134, #8602, #1127, #8555, #9255, #9206, #1022, #5084 ),
 ( #912, #3492, #202, #4415, #3540, #4247, #2663, #5134 ),
 ( #2716, #6031, #9417, #10082, #2616, #8437, #964, #1188 ),
 ( #3703, #8007, #5340, #7123, #4636, #9630, #7944, #6297 ),
 ( #8656, #3823, #4525, #7836, #362, #10292, #5459, #3046 ),
 ( #7887, #10397, #2120, #8764, #10456, #475, #2175, #1296 ),
 ( #7003, #6955, #10340, #2940, #6139, #309, #5403, #2875 ),
 ( #2994, #411, #532, #3650, #5508, #2825, #9464, #8822 ),
 ( #6187, #8711, #1242, #2002, #9513, #8886, #2061, #4578 ),
 ( #6246, #1354, #3877, #3757, #7178, #7060, #4702, #9575 ),
 ( #10510, #2235, #6355, #9691, #5564, #4467, #7777, #3205 ),
 ( #5709, #4804, #745, #2393, #4962, #2293, #4079, #1455 ),
 ( #4754, #1409, #578, #1510, #8112, #4862, #3318, #7448 ),
 ( #8061, #636, #9856, #5763, #9043, #3257, #2502, #8984 ),
 ( #5652, #5612, #5811, #8269, #7386, #4037, #7336, #1571 ),
 ( #9913, #8169, #10789, #3981, #8936, #696, #10724, #7284 ),
 ( #4919, #10673, #6516, #2456, #8220, #10622, #3923, #6415 ),
 ( #1622, #3156, #791, #6462, #6568, #9092, #4135, #6626 ),
 ( #9748, #9802, #9960, #2341, #7227, #10567, #3104, #10124 ),
 ( #1779, #5123, #4288, #6783, #2652, #1009, #9295, #6827 ),
 ( #241, #5073, #852, #10013, #7604, #32, #5014, #10067 ),
 ( #9247, #4346, #8423, #5233, #8326, #5968, #4190, #7498 ),
 ( #1732, #1671, #6883, #6673, #7545, #952, #1829, #190 ),
 ( #3370, #8542, #10167, #3480, #5176, #137, #8484, #7659 ),
 ( #3528, #2703, #2604, #2553, #3582, #6018, #9350, #5866 ),
 ( #8376, #1885, #1063, #4402, #9194, #7712, #6729, #900 ),
 ( #10223, #4238, #9143, #79, #2767, #3417, #5921, #7992 ),
 ( #6943, #6078, #1987, #3742, #10442, #7046, #7930, #7167 ),
 ( #459, #10328, #10278, #10497, #2162, #1283, #8700, #1229 ),
 ( #5388, #3803, #6173, #1340, #6126, #2813, #9500, #8750 ),
 ( #8590, #9562, #4565, #7875, #7106, #398, #9451, #9404 ),
 ( #5327, #6285, #8641, #9618, #1171, #4622, #6231, #2985 ),
 ( #2107, #2043, #10384, #5443, #5278, #3636, #1938, #3864 ),
 ( #7764, #1114, #349, #2922, #2860, #4511, #5497, #8808 ),
 ( #520, #7824, #4454, #3689, #4682, #293, #6989, #3965 ),
 ( #5549, #8101, #8048, #7215, #6400, #4907, #4120, #10659 ),
 ( #2221, #9736, #6340, #779, #568, #1447, #3146, #4025 ),
 ( #6451, #8873, #9901, #4069, #8154, #7325, #1497, #3193 ),
 ( #8254, #5696, #5643, #7269, #9676, #7433, #6501, #9790 ),
 ( #10553, #2282, #7375, #10713, #2443, #1399, #2330, #623 ),
 ( #10611, #8974, #4743, #3033, #3913, #4846, #5602, #683 ),
 ( #9082, #3090, #8924, #4793, #9843, #3243, #2384, #8210 ),
 ( #9026, #1559, #733, #6556, #5752, #1609, #4949, #8528 ),
 ( #9129, #22, #3305, #6713, #1771, #5163, #121, #2491 ),
 ( #5060, #1657, #4180, #7648, #939, #5852, #839, #6816 ),
 ( #10052, #9235, #8366, #890, #9279, #5000, #996, #3466 ),
 ( #7589, #6771, #67, #2592, #10111, #9949, #8311, #6613 ),
 ( #1870, #7487, #10773, #4226, #5911, #7532, #3357, #10156 ),
 ( #8409, #5219, #6660, #5798, #10000, #5111, #2539, #9182 ),
 ( #1718, #3406, #4276, #2643, #5955, #1817, #8468, #1050 ),
 ( #4332, #179, #3516, #2691, #4389, #6005, #9334, #7811 ),
 ( #9548, #339, #10207, #3788, #8739, #2030, #8687, #6161 ),
 ( #9491, #7094, #2753, #5486, #3678, #7920, #2095, #4553 ),
 ( #5375, #7750, #1218, #277, #7033, #7864, #444, #8579 ),
 ( #3626, #1976, #2805, #6115, #7702, #6065, #1926, #3569 ),
 ( #386, #1270, #8631, #9392, #229, #2151, #5267, #10430 ),
 ( #4500, #6979, #1101, #10317, #8796, #1327, #5431, #9442 ),
 ( #3729, #4442, #6932, #6867, #2848, #10373, #4607, #2908 ),
 ( #6220, #5316, #10268, #1157, #2973, #6274, #9608, #5537 ),
 ( #2209, #612, #3137, #9724, #2269, #3184, #6329, #5683 ),
 ( #6385, #1487, #8141, #4783, #3953, #4014, #3856, #8861 ),
 ( #2431, #6544, #9664, #4669, #5592, #10600, #8913, #1387 ),
 ( #10703, #2372, #7315, #6445, #507, #7155, #9014, #7978 ),
 ( #4835, #9779, #8090, #10650, #7257, #722, #10488, #5633 ),
 ( #3026, #8964, #6491, #3077, #1439, #2320, #4734, #8038 ),
 ( #559, #3903, #7206, #671, #9833, #4060, #1548, #7362 ),
 ( #4894, #8200, #3234, #10540, #5741, #9888, #9072, #3451 ),
 ( #10102, #3394, #1648, #5899, #4991, #928, #2579, #5152 ),
 ( #4265, #8298, #6651, #7478, #13, #1600, #7420, #6604 ),
 ( #6703, #10043, #5946, #2528, #4111, #4941, #6806, #10759 ),
 ( #8456, #9169, #878, #2481, #4217, #10149, #2681, #6761 ),
 ( #5994, #9225, #3294, #825, #8245, #8356, #1760, #2634 ),
 ( #7575, #4169, #9939, #5101, #7521, #56, #9270, #8401 ),
 ( #770, #5788, #9117, #1807, #3347, #981, #9986, #107 ),
 ( #4318, #7638, #169, #5841, #1703, #3506, #5050, #9382 ),
 ( #7078, #432, #220, #9325, #3610, #4487, #2795, #2737 ),
 ( #1209, #4595, #7022, #8677, #7797, #5207, #1040, #10362 ),
 ( #3718, #6151, #329, #9433, #4542, #5305, #5419, #8516 ),
 ( #4379, #7692, #10308, #7854, #7739, #10258, #6106, #3557 ),
 ( #2962, #6858, #10196, #1858, #3666, #9480, #8727, #1967 ),
 ( #5259, #376, #6970, #1259, #6051, #10415, #8620, #9536 ),
 ( #2018, #2895, #2840, #1916, #5360, #8570, #6207, #2084 ),
 ( #6917, #1092, #1144, #7907, #4431, #267, #3775, #6520 ),
 ( #9858, #8329, #1675, #7140, #6264, #2193, #4083, #10792 ),
 ( #8275, #7501, #3208, #795, #10677, #10475, #35, #2505 ),
 ( #9046, #1574, #3260, #5714, #4138, #2396, #5017, #6316 ),
 ( #4923, #9096, #5525, #8783, #9916, #8223, #747, #7451 ),
 ( #3012, #9595, #496, #9650, #6629, #8845, #9963, #1373 ),
 ( #6573, #3321, #2460, #5814, #3842, #4723, #5766, #8025 ),
 ( #2137, #4193, #855, #7964, #5475, #698, #7390, #10727 ),
 ( #9148, #1624, #1314, #4657, #4966, #4040, #7339, #5870 ),
 ( #6677, #8545, #193, #9298, #3484, #6021, #10127, #10226 ),
 ( #4458, #3532, #8487, #2557, #6731, #10018, #1117, #903 ),
 ( #6786, #4350, #5237, #2655, #9199, #2771, #4405, #1014 ),
 ( #1832, #7664, #2707, #8593, #9353, #5971, #7608, #1735 ),
 ( #6830, #5179, #8378, #83, #10073, #7714, #243, #6081 ),
 ( #10170, #957, #4241, #4291, #1889, #5076, #3372, #7549 ),
 ( #2607, #1067, #5282, #9407, #3419, #5924, #9250, #3585 ),
 ( #6886, #1941, #7767, #142, #1782, #5126, #8427, #1400 ),
 ( #6287, #2925, #6234, #7933, #10387, #8811, #401, #6343 ),
 ( #7827, #3745, #2988, #6993, #2816, #3806, #9565, #2110 ),
 ( #5447, #4515, #296, #5331, #352, #523, #10331, #3867 ),
 ( #462, #5499, #7110, #2164, #8644, #3692, #10445, #2864 ),
 ( #1174, #6129, #1286, #9680, #7051, #8753, #4625, #9620 ),
 ( #1342, #4686, #7995, #7170, #2223, #6176, #9455, #9503 ),
 ( #1990, #6946, #1232, #2046, #5393, #8703, #4568, #7878 ),
 ( #10500, #4746, #3036, #5552, #10281, #8876, #3641, #5800 ),
 ( #6454, #8155, #9028, #9902, #686, #10556, #4124, #9084 ),
 ( #1562, #6503, #4909, #7377, #2493, #10715, #10662, #1501 ),
 ( #9131, #735, #4027, #2285, #4796, #627, #1611, #4951 ),
 ( #3092, #7327, #5644, #5603, #8976, #3195, #571, #8051 ),
 ( #9846, #3967, #2387, #9951, #3308, #8926, #3915, #7271 ),
 ( #6402, #7435, #10775, #4848, #5697, #1450, #8212, #1661 ) ),
 .UNSPECIFIED., .T., .F., .F.,
 ( 4, 1, 1, 1, 2, 1, 1, 1, 2, 1, 1, 1, 2, 1, 1, 1, 2, 1, 1, 1, 2, 1, 1, 1, 2, 1, 1, 1, 2, 1, 1, 1, 2, 1, 1, 1, 2, 1, 1, 1, 2, 1, 1, 1, 2, 1, 1, 1, 2, 1, 1, 1, 2, 1, 1, 1, 2, 1, 1, 1, 2, 1, 1, 1, 2, 1, 1, 1, 2, 1, 1, 1, 2, 1, 1, 1, 2, 1, 1, 1, 2, 1, 1, 1, 2, 1, 1, 1, 2, 1, 1, 1, 2, 1, 1, 1, 2, 1, 1, 1, 2, 1, 1, 1, 2, 1, 1, 1, 2, 1, 1, 1, 4 ),
 ( 4, 3, 1, 4 ),
 ( 0.0000000000000000000, 0.02599725674244664914, 0.05199451348489329827, 0.07799177022734000986, 0.1039890269697865965, 0.1060814944093442097, 0.1081739618489017951, 0.1102664292884594083, 0.1123588967280170076, 0.1216219125250252026, 0.1308849283220334114, 0.1401479441190418007, 0.1494109599160499957, 0.1519421097547304922, 0.1544732595934104891, 0.1570044094320909855, 0.1595355592707715098, 0.1641628996691270048, 0.1687902400674824999, 0.1734175804658384945, 0.1780449208641940173, 0.1786617477416600208, 0.1792785746191254970, 0.1798954014965910009, 0.1805122283740570044, 0.1978841712935134889, 0.2152561142129705007, 0.2326280571324270130, 0.2500000000518834975, 0.2670802650419399904, 0.2841605300319960392, 0.3012407950220520325, 0.3183210600121079703, 0.3191178685987740016, 0.3199146771854394777, 0.3207114857721050094, 0.3215082943587709852, 0.3262473309779305164, 0.3309863675970899921, 0.3357254042162490237, 0.3404644408354084995, 0.3429955906740890237, 0.3455267405127689928, 0.3480578903514494615, 0.3505890401901300413, 0.3598520559871379865, 0.3691150717841465423, 0.3783780875811544875, 0.3876411033781629878, 0.3897335708177204761, 0.3918260382572779643, 0.3939185056968354526, 0.3960109731363929964, 0.4220082298522950248, 0.4480054865681964982, 0.4740027432840980270, 0.5000000000000000000, 0.5259972567424470169, 0.5519945134848930346, 0.5779917702273400515, 0.6039890269697870684, 0.6060814944093440015, 0.6081739618489019339, 0.6102664292884590891, 0.6123588967280170214, 0.6216219125250250777, 0.6308849283220339110, 0.6401479441190419672, 0.6494109599160500235, 0.6519421097547299926, 0.6544732595934109609, 0.6570044094320910411, 0.6595355592707710102, 0.6641628996691270048, 0.6687902400674829995, 0.6734175804658379949, 0.6780449208641941006, 0.6786617477416599931, 0.6792785746191249974, 0.6798954014965910009, 0.6805122283740570044, 0.6978841712935129893, 0.7152561142129699734, 0.7326280571324269575, 0.7500000000518840526, 0.7670802650419400459, 0.7841605300319959282, 0.8012407950220520325, 0.8183210600121080258, 0.8191178685987740016, 0.8199146771854389781, 0.8207114857721050649, 0.8215082943587710407, 0.8262473309779299058, 0.8309863675970899921, 0.8357254042162489682, 0.8404644408354089435, 0.8429955906740890237, 0.8455267405127691038, 0.8480578903514489619, 0.8505890401901300413, 0.8598520559871379865, 0.8691150717841459317, 0.8783780875811539879, 0.8876411033781629323, 0.8897335708177199765, 0.8918260382572780198, 0.8939185056968360632, 0.8960109731363929964, 0.9220082298522950248, 0.9480054865681970533, 0.9740027432840979715, 1.000000000000000000 ),
 ( -0.01000000000000000021, 0.0000000000000000000, 0.5353398335520239693, 1.000000000000000000 ),
 .UNSPECIFIED. ) ;
#8233 = CARTESIAN_POINT ( 'NONE',  ( 0.5999999999999999778, -1.977346891745034974, 2.790000000000000036 ) ) ;
#8234 = CARTESIAN_POINT ( 'NONE',  ( 0.1633928571428575061, -1.661762476160615121, 2.799999999999999822 ) ) ;
#8235 = ORIENTED_EDGE ( 'NONE', *, *, #8138, .T. ) ;
#8236 =( NAMED_UNIT ( * ) SI_UNIT ( $, .STERADIAN. ) SOLID_ANGLE_UNIT ( ) );
#8237 = CARTESIAN_POINT ( 'NONE',  ( -1.861057775550715165, -1.348554746565363782, 1.459536146869369944 ) ) ;
#8238 = LINE ( 'NONE', #8291, #1166 ) ;
#8239 = DIRECTION ( 'NONE',  ( 0.0000000000000000000, 0.0000000000000000000, 1.000000000000000000 ) ) ;
#8240 = DIRECTION ( 'NONE',  ( 0.0000000000000000000, 0.0000000000000000000, 1.000000000000000000 ) ) ;
#8241 = ORIENTED_EDGE ( 'NONE', *, *, #6942, .F. ) ;
#8242 = DIRECTION ( 'NONE',  ( 0.0000000000000000000, -1.000000000000000000, 0.0000000000000000000 ) ) ;
#8243 = CARTESIAN_POINT ( 'NONE',  ( 2.600000000000000089, -2.799999999999999822, 0.5000000000000000000 ) ) ;
#8244 = CARTESIAN_POINT ( 'NONE',  ( 2.219687133765209985, 0.8026822139205549433, 1.463303691814350271 ) ) ;
#8245 = CARTESIAN_POINT ( 'NONE',  ( -2.614527016616670085, 1.193651959727970002, 0.8038835050979858954 ) ) ;
#8246 =( LENGTH_UNIT ( ) NAMED_UNIT ( * ) SI_UNIT ( .MILLI., .METRE. ) );
#8247 = UNCERTAINTY_MEASURE_WITH_UNIT (LENGTH_MEASURE( 1.000000000000000082E-05 ), #4313, 'distance_accuracy_value', 'NONE');
#8248 = CARTESIAN_POINT ( 'NONE',  ( -2.643826238111394833, -1.945217202360755016, 0.5000000000000000000 ) ) ;
#8249 = ORIENTED_EDGE ( 'NONE', *, *, #6061, .T. ) ;
#8250 = CARTESIAN_POINT ( 'NONE',  ( -2.899999999999999911, -1.310628777465196126, 0.5000000000000000000 ) ) ;
#8251 = ORIENTED_EDGE ( 'NONE', *, *, #5581, .T. ) ;
#8252 = STYLED_ITEM ( 'NONE', ( #164 ), #4400 ) ;
#8253 = PRESENTATION_STYLE_ASSIGNMENT (( #1036 ) ) ;
#8254 = CARTESIAN_POINT ( 'NONE',  ( 1.817800887730804948, 2.920284914699465162, 0.4830259733766589791 ) ) ;
#8255 = CARTESIAN_POINT ( 'NONE',  ( 0.5999999999999999778, -2.169717021615165109, 2.790000000000000036 ) ) ;
#8256 = EDGE_CURVE ( 'NONE', #8391, #10781, #6966, .T. ) ;
#8257 = FACE_OUTER_BOUND ( 'NONE', #9228, .T. ) ;
#8258 = UNCERTAINTY_MEASURE_WITH_UNIT (LENGTH_MEASURE( 1.000000000000000082E-05 ), #1178, 'distance_accuracy_value', 'NONE');
#8259 = STYLED_ITEM ( 'NONE', ( #10565 ), #4914 ) ;
#8260 = EDGE_CURVE ( 'NONE', #3530, #9755, #10191, .T. ) ;
#8261 = FACE_OUTER_BOUND ( 'NONE', #6563, .T. ) ;
#8262 = ORIENTED_EDGE ( 'NONE', *, *, #8968, .T. ) ;
#8263 = PLANE ( 'NONE',  #1315 ) ;
#8264 = CARTESIAN_POINT ( 'NONE',  ( -2.516175321160544875, 2.457649299076099858, 0.4829967147559819374 ) ) ;
#8265 = CARTESIAN_POINT ( 'NONE',  ( 2.002648789475485192, -1.189426189995790084, 1.461343339319270074 ) ) ;
#8266 = CARTESIAN_POINT ( 'NONE',  ( -0.1644771634263619831, -1.621989259032400099, 2.790000000000000036 ) ) ;
#8267 = CARTESIAN_POINT ( 'NONE',  ( -2.999872961780432945, 1.634518634795091740, 2.399999999999999911 ) ) ;
#8268 =( LENGTH_UNIT ( ) NAMED_UNIT ( * ) SI_UNIT ( .MILLI., .METRE. ) );
#8269 = CARTESIAN_POINT ( 'NONE',  ( 2.895291832134079701, 1.461569719053531946, 0.5000000000000000000 ) ) ;
#8270 = CARTESIAN_POINT ( 'NONE',  ( 2.731961447277730048, -1.707340751652594912, 0.4829761342675619740 ) ) ;
#8271 = AXIS2_PLACEMENT_3D ( 'NONE', #6707, #6765, #4323 ) ;
#8272 = ORIENTED_EDGE ( 'NONE', *, *, #4460, .T. ) ;
#8273 = CARTESIAN_POINT ( 'NONE',  ( 2.750000000000000000, -1.625735931288069924, 2.799999999999999822 ) ) ;
#8274 = ADVANCED_FACE ( 'NONE', ( #2538 ), #4374, .T. ) ;
#8275 = CARTESIAN_POINT ( 'NONE',  ( -2.911424650503064981, -1.474964399801270032, 0.4829707217083679671 ) ) ;
#8276 = FACE_OUTER_BOUND ( 'NONE', #7300, .T. ) ;
#8277 = VECTOR ( 'NONE', #3000, 1000.000000000000114 ) ;
#8278 = ORIENTED_EDGE ( 'NONE', *, *, #6465, .T. ) ;
#8279 = CARTESIAN_POINT ( 'NONE',  ( 0.5999999999999999778, -0.8552689696671109676, 2.799999999999999822 ) ) ;
#8280 = LINE ( 'NONE', #5132, #830 ) ;
#8281 = CARTESIAN_POINT ( 'NONE',  ( 3.000000000000000000, -1.625735931288069924, 2.700000000000000178 ) ) ;
#8282 = DIRECTION ( 'NONE',  ( 0.0000000000000000000, 0.0000000000000000000, 1.000000000000000000 ) ) ;
#8283 = LINE ( 'NONE', #9971, #7994 ) ;
#8284 = CARTESIAN_POINT ( 'NONE',  ( 0.2112822484499470022, 0.5508180327791369901, 2.790000000000000036 ) ) ;
#8285 = DIRECTION ( 'NONE',  ( 0.0000000000000000000, 1.000000000000000000, 0.0000000000000000000 ) ) ;
#8286 = AXIS2_PLACEMENT_3D ( 'NONE', #9062, #4934, #4982 ) ;
#8287 = ORIENTED_EDGE ( 'NONE', *, *, #5569, .T. ) ;
#8288 = CARTESIAN_POINT ( 'NONE',  ( 0.1633928571428575061, -1.661762476160615121, 2.790000000000000036 ) ) ;
#8289 = CARTESIAN_POINT ( 'NONE',  ( -2.414079633698730021, -2.335920366301265094, 2.399999999999999911 ) ) ;
#8290 = STYLED_ITEM ( 'NONE', ( #9580 ), #391 ) ;
#8291 = CARTESIAN_POINT ( 'NONE',  ( -0.5999999999999999778, -0.8820546839528250471, 2.799999999999999822 ) ) ;
#8292 = CARTESIAN_POINT ( 'NONE',  ( -0.1126768240424886047, 0.5815241994708190143, 2.799999999999999822 ) ) ;
#8293 = CARTESIAN_POINT ( 'NONE',  ( 2.643826238111394833, -1.945217202360755016, 0.3648403235241770015 ) ) ;
#8294 = ORIENTED_EDGE ( 'NONE', *, *, #6511, .T. ) ;
#8295 = CARTESIAN_POINT ( 'NONE',  ( 3.000000000000000000, 1.625735931288069924, 2.700000000000000178 ) ) ;
#8296 = DIRECTION ( 'NONE',  ( 0.0000000000000000000, 0.0000000000000000000, 1.000000000000000000 ) ) ;
#8297 = CARTESIAN_POINT ( 'NONE',  ( 2.915175410641469789, 1.459321755749654059, 0.4829703572210929940 ) ) ;
#8298 = CARTESIAN_POINT ( 'NONE',  ( -2.899139236683710319, 1.487061118031060003, 0.4886475862591710406 ) ) ;
#8299 = ADVANCED_FACE ( 'NONE', ( #5851 ), #2225, .T. ) ;
#8300 = CARTESIAN_POINT ( 'NONE',  ( -2.367853013004844964, 2.044684001092200276, 0.6698007541599241277 ) ) ;
#8301 = STYLED_ITEM ( 'NONE', ( #5820 ), #6791 ) ;
#8302 = CIRCLE ( 'NONE', #9337, 2.228124999999999467 ) ;
#8303 = CARTESIAN_POINT ( 'NONE',  ( -0.3086466781300220008, 0.7264395458583020604, 2.799999999999999822 ) ) ;
#8304 = ORIENTED_EDGE ( 'NONE', *, *, #4336, .T. ) ;
#8305 = CARTESIAN_POINT ( 'NONE',  ( -2.414282326247679578, -2.004042074047625022, 0.4249999999999999889 ) ) ;
#8306 = CARTESIAN_POINT ( 'NONE',  ( -2.903773725444879439, -0.7151713114197060239, 0.4943190368464809303 ) ) ;
#8307 = AXIS2_PLACEMENT_3D ( 'NONE', #1308, #492, #3837 ) ;
#8308 = ORIENTED_EDGE ( 'NONE', *, *, #2568, .T. ) ;
#8309 = SURFACE_SIDE_STYLE ('',( #2732 ) ) ;
#8310 = VECTOR ( 'NONE', #764, 1000.000000000000114 ) ;
#8311 = CARTESIAN_POINT ( 'NONE',  ( -1.602478115404560199, 2.394548523488339686, 2.117765524174259895 ) ) ;
#8312 = FILL_AREA_STYLE ('',( #4181 ) ) ;
#8313 =( LENGTH_UNIT ( ) NAMED_UNIT ( * ) SI_UNIT ( .MILLI., .METRE. ) );
#8314 = AXIS2_PLACEMENT_3D ( 'NONE', #3550, #6852, #2730 ) ;
#8315 = MECHANICAL_DESIGN_GEOMETRIC_PRESENTATION_REPRESENTATION (  '', ( #2239 ), #7615 ) ;
#8316 = DIRECTION ( 'NONE',  ( 0.0000000000000000000, 0.0000000000000000000, -1.000000000000000000 ) ) ;
#8317 = ORIENTED_EDGE ( 'NONE', *, *, #8412, .T. ) ;
#8318 = CARTESIAN_POINT ( 'NONE',  ( -2.399999999999999911, 2.799999999999999822, 0.5000000000000000000 ) ) ;
#8319 = CARTESIAN_POINT ( 'NONE',  ( -2.179636552587584930, 2.192363373794969927, 0.8033235806630399933 ) ) ;
#8320 = ADVANCED_FACE ( 'NONE', ( #7687 ), #5301, .T. ) ;
#8321 = VERTEX_POINT ( 'NONE', #5796 ) ;
#8322 = CARTESIAN_POINT ( 'NONE',  ( 0.1633928571428575061, -0.5396845540826950005, 2.790000000000000036 ) ) ;
#8323 = DIRECTION ( 'NONE',  ( 0.0000000000000000000, 1.000000000000000000, 0.0000000000000000000 ) ) ;
#8324 = CARTESIAN_POINT ( 'NONE',  ( 0.5999999999999999778, -1.353239748887890004, 2.790000000000000036 ) ) ;
#8325 = VECTOR ( 'NONE', #634, 999.9999999999998863 ) ;
#8326 = CARTESIAN_POINT ( 'NONE',  ( 2.348353637463200361, 1.591469991741150114, 0.8037149436167990713 ) ) ;
#8327 = CARTESIAN_POINT ( 'NONE',  ( 2.857273389256529850, -1.529511940980665008, 0.4943241291486780709 ) ) ;
#8328 = STYLED_ITEM ( 'NONE', ( #1358 ), #7866 ) ;
#8329 = CARTESIAN_POINT ( 'NONE',  ( -2.909811549738254843, -1.454923861597879897, 0.4886469048143810001 ) ) ;
#8330 = CARTESIAN_POINT ( 'NONE',  ( 2.999999999999997335, -1.630460131675845359, 2.399999999999999911 ) ) ;
#8331 = UNCERTAINTY_MEASURE_WITH_UNIT (LENGTH_MEASURE( 1.000000000000000082E-05 ), #48, 'distance_accuracy_value', 'NONE');
#8332 = AXIS2_PLACEMENT_3D ( 'NONE', #7737, #265, #4377 ) ;
#8333 = STYLED_ITEM ( 'NONE', ( #8923 ), #8104 ) ;
#8334 = VERTEX_POINT ( 'NONE', #215 ) ;
#8335 = PRESENTATION_LAYER_ASSIGNMENT (  '', '', ( #2256 ) ) ;
#8336 = EDGE_CURVE ( 'NONE', #5321, #6770, #1911, .T. ) ;
#8337 = CARTESIAN_POINT ( 'NONE',  ( -1.149999999999999911, -1.815039362631929887, 2.799999999999999822 ) ) ;
#8338 = DIRECTION ( 'NONE',  ( 0.7071067811865480168, -0.7071067811865470176, 0.0000000000000000000 ) ) ;
#8339 = CARTESIAN_POINT ( 'NONE',  ( 0.1822658279807364834, -0.5286891631401450242, 2.790000000000000036 ) ) ;
#8340 = CARTESIAN_POINT ( 'NONE',  ( 4.065758146820640395E-17, -2.899999999999999911, 0.5000000000000000000 ) ) ;
#8341 = DIRECTION ( 'NONE',  ( -1.000000000000000000, 0.0000000000000000000, 0.0000000000000000000 ) ) ;
#8342 = ADVANCED_FACE ( 'NONE', ( #5254 ), #1087, .T. ) ;
#8343 = AXIS2_PLACEMENT_3D ( 'NONE', #5725, #4770, #7349 ) ;
#8344 = CARTESIAN_POINT ( 'NONE',  ( 0.1957044358701695019, 0.5616631671116549818, 2.799999999999999822 ) ) ;
#8345 = CARTESIAN_POINT ( 'NONE',  ( 0.4684256701484629803, 0.3641833521950575414, 2.799999999999999822 ) ) ;
#8346 = EDGE_LOOP ( 'NONE', ( #9286, #617, #2544, #456 ) ) ;
#8347 = STYLED_ITEM ( 'NONE', ( #5923 ), #3099 ) ;
#8348 = CARTESIAN_POINT ( 'NONE',  ( -1.539048788491540032, -1.549902671380835040, 1.456300410056186045 ) ) ;
#8349 = CARTESIAN_POINT ( 'NONE',  ( -2.736805570534504906, -1.999158370433092635, 0.3864410810002315011 ) ) ;
#8350 = DIRECTION ( 'NONE',  ( -0.8169522701909389673, -0.5767052871526938684, 0.0000000000000000000 ) ) ;
#8351 = SURFACE_STYLE_USAGE ( .BOTH. , #10698 ) ;
#8352 = ORIENTED_EDGE ( 'NONE', *, *, #2433, .T. ) ;
#8353 =( NAMED_UNIT ( * ) SI_UNIT ( $, .STERADIAN. ) SOLID_ANGLE_UNIT ( ) );
#8354 = FACE_OUTER_BOUND ( 'NONE', #1984, .T. ) ;
#8355 = CARTESIAN_POINT ( 'NONE',  ( 2.893050673459895084, 1.496066098610227879, 0.4886475567411380228 ) ) ;
#8356 = CARTESIAN_POINT ( 'NONE',  ( -2.224917844806864942, 0.7767116098763069409, 1.463256694444875938 ) ) ;
#8357 = DIRECTION ( 'NONE',  ( -1.000000000000000000, 0.0000000000000000000, 0.0000000000000000000 ) ) ;
#8358 = UNCERTAINTY_MEASURE_WITH_UNIT (LENGTH_MEASURE( 1.000000000000000082E-05 ), #3955, 'distance_accuracy_value', 'NONE');
#8359 = CARTESIAN_POINT ( 'NONE',  ( -0.4892917872147509728, 0.8594954787527919748, 2.799999999999999822 ) ) ;
#8360 = EDGE_CURVE ( 'NONE', #5211, #8550, #2132, .T. ) ;
#8361 = ORIENTED_EDGE ( 'NONE', *, *, #2509, .F. ) ;
#8362 = DIRECTION ( 'NONE',  ( 1.000000000000000000, 0.0000000000000000000, 0.0000000000000000000 ) ) ;
#8363 = CARTESIAN_POINT ( 'NONE',  ( -2.799614232161160121, -0.1113124347964516009, 2.126836632393594773 ) ) ;
#8364 = DIRECTION ( 'NONE',  ( 0.0000000000000000000, 0.0000000000000000000, 1.000000000000000000 ) ) ;
#8365 = ORIENTED_EDGE ( 'NONE', *, *, #2672, .T. ) ;
#8366 = CARTESIAN_POINT ( 'NONE',  ( -1.809690044651685037, 2.906761638232144840, 0.4943419911255699795 ) ) ;
#8367 = DIRECTION ( 'NONE',  ( 1.000000000000000000, 0.0000000000000000000, 0.0000000000000000000 ) ) ;
#8368 = CARTESIAN_POINT ( 'NONE',  ( 0.1633928571428575061, -1.661762476160615121, 2.799999999999999822 ) ) ;
#8369 = VERTEX_POINT ( 'NONE', #10470 ) ;
#8370 = FACE_OUTER_BOUND ( 'NONE', #7845, .T. ) ;
#8371 = CARTESIAN_POINT ( 'NONE',  ( -2.513306381216535268, 2.831510201904865021, 0.4886717604840539741 ) ) ;
#8372 = ORIENTED_EDGE ( 'NONE', *, *, #1850, .T. ) ;
#8373 = CARTESIAN_POINT ( 'NONE',  ( -3.000000000000000000, -1.625735931288069924, 2.399999999999999911 ) ) ;
#8374 = CARTESIAN_POINT ( 'NONE',  ( 0.3282910536466949747, -0.6549949679630430177, 2.790000000000000036 ) ) ;
#8375 = CARTESIAN_POINT ( 'NONE',  ( 1.875735931288075031, -2.449999999999999734, 2.799999999999999822 ) ) ;
#8376 = CARTESIAN_POINT ( 'NONE',  ( 2.515587709883269962, 2.037522734651000089, 0.4829849584951420027 ) ) ;
#8377 = CARTESIAN_POINT ( 'NONE',  ( 2.906652156800174858, -1.469235714977883855, 0.4886473956716149702 ) ) ;
#8378 = CARTESIAN_POINT ( 'NONE',  ( -2.507026083478559819, -2.026715873892094955, 0.4943283194985849671 ) ) ;
#8379 =( NAMED_UNIT ( * ) PLANE_ANGLE_UNIT ( ) SI_UNIT ( $, .RADIAN. ) );
#8380 = ORIENTED_EDGE ( 'NONE', *, *, #5817, .T. ) ;
#8381 = CARTESIAN_POINT ( 'NONE',  ( 1.204611352988101958, -2.899999999999999911, 0.5000000000000000000 ) ) ;
#8382 = DIRECTION ( 'NONE',  ( 0.0000000000000000000, 0.0000000000000000000, 1.000000000000000000 ) ) ;
#8383 =( NAMED_UNIT ( * ) SI_UNIT ( $, .STERADIAN. ) SOLID_ANGLE_UNIT ( ) );
#8384 = CARTESIAN_POINT ( 'NONE',  ( 2.595195518776889809, -1.242197731185493925, 0.8038665454410369726 ) ) ;
#8385 = CARTESIAN_POINT ( 'NONE',  ( 1.533493266530639998, -1.565654437658310139, 1.456092013678233821 ) ) ;
#8386 = LINE ( 'NONE', #7562, #6319 ) ;
#8387 = CARTESIAN_POINT ( 'NONE',  ( 0.3595554346461869999, 0.4444868173987089888, 2.799999999999999822 ) ) ;
#8388 = EDGE_CURVE ( 'NONE', #4605, #5171, #9217, .T. ) ;
#8389 = EDGE_CURVE ( 'NONE', #5973, #132, #3261, .T. ) ;
#8390 = CARTESIAN_POINT ( 'NONE',  ( -2.500000000000000000, -2.005027186793947536, 0.2169597151467036467 ) ) ;
#8391 = VERTEX_POINT ( 'NONE', #2250 ) ;
#8392 = SURFACE_STYLE_FILL_AREA ( #7683 ) ;
#8393 = CARTESIAN_POINT ( 'NONE',  ( -1.525943831382009952, -1.581481019035074986, 1.455953801352555921 ) ) ;
#8394 = CARTESIAN_POINT ( 'NONE',  ( -2.594521098235329948, 2.545023560078454761, 0.1062472655068193994 ) ) ;
#8395 = LINE ( 'NONE', #2522, #9354 ) ;
#8396 = CARTESIAN_POINT ( 'NONE',  ( -2.600000000000000089, 2.799999999999999822, 0.5000000000000000000 ) ) ;
#8397 = LINE ( 'NONE', #7633, #5668 ) ;
#8398 = CARTESIAN_POINT ( 'NONE',  ( -2.414282326247679578, -2.004042074047625022, 0.4249999999999999889 ) ) ;
#8399 = PLANE ( 'NONE',  #3643 ) ;
#8400 = CARTESIAN_POINT ( 'NONE',  ( 2.202346251182914827, 0.8244113161808329648, 1.463129172664366040 ) ) ;
#8401 = CARTESIAN_POINT ( 'NONE',  ( -3.000000000000000000, 1.492686379662224061, 2.399999999999999911 ) ) ;
#8402 = PLANE ( 'NONE',  #6899 ) ;
#8403 = DIRECTION ( 'NONE',  ( 0.0000000000000000000, 0.0000000000000000000, -1.000000000000000000 ) ) ;
#8404 = ORIENTED_EDGE ( 'NONE', *, *, #4612, .F. ) ;
#8405 = CARTESIAN_POINT ( 'NONE',  ( -2.852797454255480147, -1.523925076244829979, 0.5000000000000000000 ) ) ;
#8406 = PLANE ( 'NONE',  #3970 ) ;
#8407 = CARTESIAN_POINT ( 'NONE',  ( 0.2464285714285714968, 0.6413219394237980042, 2.790000000000000036 ) ) ;
#8408 = ORIENTED_EDGE ( 'NONE', *, *, #5239, .F. ) ;
#8409 = CARTESIAN_POINT ( 'NONE',  ( -2.462412036542379834, 2.920865421636555048, 0.4830107667254939785 ) ) ;
#8410 = CARTESIAN_POINT ( 'NONE',  ( -0.3918581830457265047, 0.7873498388791929647, 2.790000000000000036 ) ) ;
#8411 = SURFACE_STYLE_USAGE ( .BOTH. , #8531 ) ;
#8412 = EDGE_CURVE ( 'NONE', #17, #9755, #2739, .T. ) ;
#8413 =( NAMED_UNIT ( * ) PLANE_ANGLE_UNIT ( ) SI_UNIT ( $, .RADIAN. ) );
#8414 = VECTOR ( 'NONE', #1481, 1000.000000000000000 ) ;
#8415 = EDGE_LOOP ( 'NONE', ( #1451, #8361, #1030, #9996, #7872, #10607 ) ) ;
#8416 = SURFACE_STYLE_USAGE ( .BOTH. , #7538 ) ;
#8417 = CARTESIAN_POINT ( 'NONE',  ( -1.861057775858655061, 1.348554746544005978, 1.459536146892592035 ) ) ;
#8418 = EDGE_LOOP ( 'NONE', ( #10321, #9725 ) ) ;
#8419 = ORIENTED_EDGE ( 'NONE', *, *, #3114, .T. ) ;
#8420 = CARTESIAN_POINT ( 'NONE',  ( -0.1090909090909085999, -1.660544943693085029, 2.799999999999999822 ) ) ;
#8421 = CARTESIAN_POINT ( 'NONE',  ( 0.2502590124535895022, -0.5988679033182549016, 2.799999999999999822 ) ) ;
#8422 = DIRECTION ( 'NONE',  ( 0.0000000000000000000, 0.0000000000000000000, 1.000000000000000000 ) ) ;
#8423 = CARTESIAN_POINT ( 'NONE',  ( 2.594081101690429936, 1.857837385306674971, 0.4943266888697289696 ) ) ;
#8424 = CARTESIAN_POINT ( 'NONE',  ( 2.283336667341649751, -0.7156941372456290251, 1.463746073973480000 ) ) ;
#8425 = ORIENTED_EDGE ( 'NONE', *, *, #2735, .F. ) ;
#8426 = DIRECTION ( 'NONE',  ( -0.7071067811865480168, 0.7071067811865470176, 0.0000000000000000000 ) ) ;
#8427 = CARTESIAN_POINT ( 'NONE',  ( -2.310674057135595483, -1.892726241277430166, 2.121338251216074777 ) ) ;
#8428 = EDGE_CURVE ( 'NONE', #7100, #9899, #284, .T. ) ;
#8429 = AXIS2_PLACEMENT_3D ( 'NONE', #10025, #2561, #805 ) ;
#8430 = UNCERTAINTY_MEASURE_WITH_UNIT (LENGTH_MEASURE( 1.000000000000000082E-05 ), #1526, 'distance_accuracy_value', 'NONE');
#8431 = ORIENTED_EDGE ( 'NONE', *, *, #2271, .T. ) ;
#8432 =( GEOMETRIC_REPRESENTATION_CONTEXT ( 3 ) GLOBAL_UNCERTAINTY_ASSIGNED_CONTEXT ( ( #4899 ) ) GLOBAL_UNIT_ASSIGNED_CONTEXT ( ( #8268, #2455, #3103 ) ) REPRESENTATION_CONTEXT ( 'NONE', 'WORKASPACE' ) );
#8433 = CARTESIAN_POINT ( 'NONE',  ( 2.434576125276454839, -2.927824506971095087, 0.4830115411770790068 ) ) ;
#8434 = DIRECTION ( 'NONE',  ( 0.0000000000000000000, 0.0000000000000000000, -1.000000000000000000 ) ) ;
#8435 =( NAMED_UNIT ( * ) PLANE_ANGLE_UNIT ( ) SI_UNIT ( $, .RADIAN. ) );
#8436 = DIRECTION ( 'NONE',  ( 1.000000000000000000, 0.0000000000000000000, 0.0000000000000000000 ) ) ;
#8437 = CARTESIAN_POINT ( 'NONE',  ( 2.283336667341649751, -0.7156941372456290251, 1.463746073973480000 ) ) ;
#8438 = CARTESIAN_POINT ( 'NONE',  ( 2.449665983286775095, -2.902220160441634889, 0.4943369222420319065 ) ) ;
#8439 = ORIENTED_EDGE ( 'NONE', *, *, #9937, .T. ) ;
#8440 = CARTESIAN_POINT ( 'NONE',  ( -1.875735931288069924, -2.600000000000000089, 2.700000000000000178 ) ) ;
#8441 = FACE_OUTER_BOUND ( 'NONE', #8415, .T. ) ;
#8442 = DIRECTION ( 'NONE',  ( 0.0000000000000000000, 0.0000000000000000000, -1.000000000000000000 ) ) ;
#8443 = VECTOR ( 'NONE', #7895, 1000.000000000000114 ) ;
#8444 = CARTESIAN_POINT ( 'NONE',  ( -2.500000000000000000, -2.053571398578719620, 0.1709136005669250058 ) ) ;
#8445 = VERTEX_POINT ( 'NONE', #2888 ) ;
#8446 = CARTESIAN_POINT ( 'NONE',  ( 4.217652621769160266E-17, -2.907481723192060219, 0.4886983618221160675 ) ) ;
#8447 = ADVANCED_FACE ( 'NONE', ( #2079 ), #8778, .T. ) ;
#8448 = CARTESIAN_POINT ( 'NONE',  ( 2.799999999999999822, -2.070156211871640117, 0.5000000000000000000 ) ) ;
#8449 = CARTESIAN_POINT ( 'NONE',  ( -0.1494761574587945840, 0.5585989483868789574, 2.790000000000000036 ) ) ;
#8450 = SURFACE_SIDE_STYLE ('',( #7735 ) ) ;
#8451 = DIRECTION ( 'NONE',  ( 0.0000000000000000000, 1.000000000000000000, 0.0000000000000000000 ) ) ;
#8452 =( GEOMETRIC_REPRESENTATION_CONTEXT ( 3 ) GLOBAL_UNCERTAINTY_ASSIGNED_CONTEXT ( ( #5542 ) ) GLOBAL_UNIT_ASSIGNED_CONTEXT ( ( #343, #9342, #1055 ) ) REPRESENTATION_CONTEXT ( 'NONE', 'WORKASPACE' ) );
#8453 = CARTESIAN_POINT ( 'NONE',  ( 0.0000000000000000000, -2.699736777583946701, 0.8025108550506668825 ) ) ;
#8454 = DIRECTION ( 'NONE',  ( 1.000000000000000000, -2.794185464660644935E-16, 0.0000000000000000000 ) ) ;
#8455 = CARTESIAN_POINT ( 'NONE',  ( 2.002928960857474738, 1.189059847300691919, 1.461343339329078006 ) ) ;
#8456 = CARTESIAN_POINT ( 'NONE',  ( -2.915522580744370096, 1.457016711664802067, 0.4829708091319940277 ) ) ;
#8457 = CARTESIAN_POINT ( 'NONE',  ( 2.500000000000000000, -2.000000000000000000, 2.328125000000000000 ) ) ;
#8458 = MECHANICAL_DESIGN_GEOMETRIC_PRESENTATION_REPRESENTATION (  '', ( #2385 ), #2709 ) ;
#8459 = COLOUR_RGB ( '',0.2980392156862745057, 0.2980392156862745057, 0.2980392156862745057 ) ;
#8460 = CARTESIAN_POINT ( 'NONE',  ( -2.651810767298375282, 1.967299050932194593, 0.3864410810002315011 ) ) ;
#8461 = ORIENTED_EDGE ( 'NONE', *, *, #1850, .F. ) ;
#8462 = CARTESIAN_POINT ( 'NONE',  ( -2.399999999999999911, 3.000000000000000000, 0.5000000000000000000 ) ) ;
#8463 = CARTESIAN_POINT ( 'NONE',  ( -2.213104127457220294, -0.8084894586259749882, 1.463238643698291819 ) ) ;
#8464 = EDGE_CURVE ( 'NONE', #5747, #5240, #7959, .T. ) ;
#8465 = CARTESIAN_POINT ( 'NONE',  ( -2.409671606656790477, -1.325280829460838694, 0.09999999999999999167 ) ) ;
#8466 = CARTESIAN_POINT ( 'NONE',  ( -0.1090909090909091966, 0.5867764848783439957, 2.790000000000000036 ) ) ;
#8467 = ORIENTED_EDGE ( 'NONE', *, *, #4943, .T. ) ;
#8468 = CARTESIAN_POINT ( 'NONE',  ( -1.812421266974825196, 2.329515860045834774, 2.118773468850864816 ) ) ;
#8469 = VECTOR ( 'NONE', #10588, 1000.000000000000114 ) ;
#8470 =( NAMED_UNIT ( * ) PLANE_ANGLE_UNIT ( ) SI_UNIT ( $, .RADIAN. ) );
#8471 = EDGE_CURVE ( 'NONE', #8035, #1847, #9599, .T. ) ;
#8472 = CIRCLE ( 'NONE', #9695, 0.04999999999999991257 ) ;
#8473 = LINE ( 'NONE', #6869, #9699 ) ;
#8474 = FILL_AREA_STYLE_COLOUR ( '', #4742 ) ;
#8475 =( GEOMETRIC_REPRESENTATION_CONTEXT ( 3 ) GLOBAL_UNCERTAINTY_ASSIGNED_CONTEXT ( ( #2913 ) ) GLOBAL_UNIT_ASSIGNED_CONTEXT ( ( #9920, #9151, #9756 ) ) REPRESENTATION_CONTEXT ( 'NONE', 'WORKASPACE' ) );
#8476 = VERTEX_POINT ( 'NONE', #4650 ) ;
#8477 = PLANE ( 'NONE',  #6349 ) ;
#8478 = CIRCLE ( 'NONE', #7781, 0.4000000000000000222 ) ;
#8479 = CARTESIAN_POINT ( 'NONE',  ( -2.676702242782414753, 1.441437613493854020, 2.123829643038294801 ) ) ;
#8480 = VERTEX_POINT ( 'NONE', #7075 ) ;
#8481 = VERTEX_POINT ( 'NONE', #544 ) ;
#8482 = CARTESIAN_POINT ( 'NONE',  ( 2.593149992740499954, -2.546190336447974989, 0.1047995565009281899 ) ) ;
#8483 = PLANE ( 'NONE',  #1194 ) ;
#8484 = CARTESIAN_POINT ( 'NONE',  ( 2.554211194784844707, 1.644815102263429862, 2.122644347863289926 ) ) ;
#8485 = CARTESIAN_POINT ( 'NONE',  ( 2.888402768801745069, -1.477899322808184035, 0.5000000000000000000 ) ) ;
#8486 = CARTESIAN_POINT ( 'NONE',  ( 0.1633928571428575061, -0.5396845540826950005, 2.799999999999999822 ) ) ;
#8487 = CARTESIAN_POINT ( 'NONE',  ( -2.557396493364874956, -1.903618076372529888, 0.4943271139161889982 ) ) ;
#8488 = CARTESIAN_POINT ( 'NONE',  ( -2.500000000000000000, -2.000000000000000000, 2.328125000000000000 ) ) ;
#8489 = STYLED_ITEM ( 'NONE', ( #6117 ), #7050 ) ;
#8490 = PRESENTATION_LAYER_ASSIGNMENT (  '', '', ( #299 ) ) ;
#8491 = VERTEX_POINT ( 'NONE', #3007 ) ;
#8492 = CARTESIAN_POINT ( 'NONE',  ( 1.211950970976274133, 2.915076103056094770, 0.4830375302643720170 ) ) ;
#8493 = ADVANCED_FACE ( 'NONE', ( #8672 ), #1618, .T. ) ;
#8494 = VECTOR ( 'NONE', #2796, 1000.000000000000000 ) ;
#8495 = CARTESIAN_POINT ( 'NONE',  ( 2.428341935635309756, -2.918549671314059957, 0.4886743607847189863 ) ) ;
#8496 = STYLED_ITEM ( 'NONE', ( #7774 ), #1745 ) ;
#8497 = LINE ( 'NONE', #911, #6845 ) ;
#8498 = CARTESIAN_POINT ( 'NONE',  ( 2.886910838451600014, -1.492560850989389953, 0.4943238569895900270 ) ) ;
#8499 = CARTESIAN_POINT ( 'NONE',  ( 1.805634623080750067, -2.899999999999999911, 0.5000000000000000000 ) ) ;
#8500 = CARTESIAN_POINT ( 'NONE',  ( 2.443292956678259742, -2.892897529830364522, 0.5000000000000000000 ) ) ;
#8501 = SURFACE_STYLE_USAGE ( .BOTH. , #2879 ) ;
#8502 = AXIS2_PLACEMENT_3D ( 'NONE', #8375, #10012, #7543 ) ;
#8503 = VECTOR ( 'NONE', #10194, 1000.000000000000114 ) ;
#8504 = CARTESIAN_POINT ( 'NONE',  ( -2.500000000000000000, -2.054156282093570152, 0.1588550978528434909 ) ) ;
#8505 = ORIENTED_EDGE ( 'NONE', *, *, #4207, .F. ) ;
#8506 = CARTESIAN_POINT ( 'NONE',  ( -2.643826238111394833, -1.945217202360755016, 0.5000000000000000000 ) ) ;
#8507 = CARTESIAN_POINT ( 'NONE',  ( -2.593149992740499954, 2.546190336447974989, 0.1047995565009281899 ) ) ;
#8508 = DIRECTION ( 'NONE',  ( 0.0000000000000000000, 0.0000000000000000000, 1.000000000000000000 ) ) ;
#8509 = PRESENTATION_LAYER_ASSIGNMENT (  '', '', ( #6587 ) ) ;
#8510 = CYLINDRICAL_SURFACE ( 'NONE', #7897, 0.2999999999999999334 ) ;
#8511 = LINE ( 'NONE', #3663, #10416 ) ;
#8512 = ORIENTED_EDGE ( 'NONE', *, *, #2667, .T. ) ;
#8513 = FILL_AREA_STYLE_COLOUR ( '', #5392 ) ;
#8514 = SURFACE_STYLE_USAGE ( .BOTH. , #1856 ) ;
#8515 = CARTESIAN_POINT ( 'NONE',  ( 2.504325507819525232, 2.059026044851819837, 0.4943286264338440650 ) ) ;
#8516 = CARTESIAN_POINT ( 'NONE',  ( -3.000000000000000000, -0.1313588797055340041, 2.399999999999999911 ) ) ;
#8517 = CARTESIAN_POINT ( 'NONE',  ( 0.5999999999999999778, -0.8552689696671109676, 2.790000000000000036 ) ) ;
#8518 = EDGE_CURVE ( 'NONE', #5097, #10186, #706, .T. ) ;
#8519 =( GEOMETRIC_REPRESENTATION_CONTEXT ( 3 ) GLOBAL_UNCERTAINTY_ASSIGNED_CONTEXT ( ( #8258 ) ) GLOBAL_UNIT_ASSIGNED_CONTEXT ( ( #1178, #9506, #7830 ) ) REPRESENTATION_CONTEXT ( 'NONE', 'WORKASPACE' ) );
#8520 =( GEOMETRIC_REPRESENTATION_CONTEXT ( 3 ) GLOBAL_UNCERTAINTY_ASSIGNED_CONTEXT ( ( #4295 ) ) GLOBAL_UNIT_ASSIGNED_CONTEXT ( ( #5137, #9366, #9419 ) ) REPRESENTATION_CONTEXT ( 'NONE', 'WORKASPACE' ) );
#8521 = DIRECTION ( 'NONE',  ( 0.0000000000000000000, 0.0000000000000000000, -1.000000000000000000 ) ) ;
#8522 = ORIENTED_EDGE ( 'NONE', *, *, #5028, .T. ) ;
#8523 = FACE_OUTER_BOUND ( 'NONE', #993, .T. ) ;
#8524 = CARTESIAN_POINT ( 'NONE',  ( -2.800372670603989977, -1.589456055809199908, 0.5000000000000000000 ) ) ;
#8525 = CARTESIAN_POINT ( 'NONE',  ( -2.600000000000000089, 2.070156211871640117, 0.3634627865033314698 ) ) ;
#8526 = B_SPLINE_CURVE_WITH_KNOTS ( 'NONE', 3,
 ( #5275, #10593, #7762, #6440 ),
 .UNSPECIFIED., .F., .F.,
 ( 4, 4 ),
 ( 0.0000000000000000000, 1.000000000000000000 ),
 .UNSPECIFIED. ) ;
#8527 = EDGE_LOOP ( 'NONE', ( #1402, #159, #5424, #4397 ) ) ;
#8528 = CARTESIAN_POINT ( 'NONE',  ( -0.1563113276871415103, 2.750000000000000000, 2.399999999999999911 ) ) ;
#8529 = PRESENTATION_STYLE_ASSIGNMENT (( #3306 ) ) ;
#8530 = VECTOR ( 'NONE', #3034, 1000.000000000000000 ) ;
#8531 = SURFACE_SIDE_STYLE ('',( #3359 ) ) ;
#8532 = EDGE_CURVE ( 'NONE', #8550, #8943, #3613, .T. ) ;
#8533 = CARTESIAN_POINT ( 'NONE',  ( -2.806066017177979877, -1.731801948466054952, 2.700000000000000178 ) ) ;
#8534 = EDGE_LOOP ( 'NONE', ( #1868, #10796, #7896, #6064 ) ) ;
#8535 = ADVANCED_FACE ( 'NONE', ( #7298 ), #9105, .F. ) ;
#8536 = CARTESIAN_POINT ( 'NONE',  ( -2.593879675013269992, 1.858088207357849964, 0.4943266954000380409 ) ) ;
#8537 = ORIENTED_EDGE ( 'NONE', *, *, #10323, .T. ) ;
#8538 = ORIENTED_EDGE ( 'NONE', *, *, #15, .T. ) ;
#8539 = CARTESIAN_POINT ( 'NONE',  ( 2.581463257455819615, -2.550000000002445422, 0.09999999999804980166 ) ) ;
#8540 = CARTESIAN_POINT ( 'NONE',  ( 0.2998446361318245490, -0.6341245702675329943, 2.790000000000000036 ) ) ;
#8541 =( NAMED_UNIT ( * ) PLANE_ANGLE_UNIT ( ) SI_UNIT ( $, .RADIAN. ) );
#8542 = CARTESIAN_POINT ( 'NONE',  ( 2.542152120363359913, 1.939420906704659942, 0.4886548233447060574 ) ) ;
#8543 = CARTESIAN_POINT ( 'NONE',  ( 2.886910838451600014, -1.492560850989389953, 0.4943238569895900270 ) ) ;
#8544 = LINE ( 'NONE', #3531, #6076 ) ;
#8545 = CARTESIAN_POINT ( 'NONE',  ( -2.598587052825924726, -1.862721814742575033, 0.4886533777398380241 ) ) ;
#8546 = DIRECTION ( 'NONE',  ( 0.0000000000000000000, 0.0000000000000000000, -1.000000000000000000 ) ) ;
#8547 =( GEOMETRIC_REPRESENTATION_CONTEXT ( 3 ) GLOBAL_UNCERTAINTY_ASSIGNED_CONTEXT ( ( #2153 ) ) GLOBAL_UNIT_ASSIGNED_CONTEXT ( ( #2331, #9083, #9027 ) ) REPRESENTATION_CONTEXT ( 'NONE', 'WORKASPACE' ) );
#8548 = EDGE_CURVE ( 'NONE', #2041, #3519, #649, .T. ) ;
#8549 = VECTOR ( 'NONE', #7535, 1000.000000000000000 ) ;
#8550 = VERTEX_POINT ( 'NONE', #3165 ) ;
#8551 = CARTESIAN_POINT ( 'NONE',  ( 2.123471498519759582, 2.374384901266795023, 0.8031879479498990060 ) ) ;
#8552 = CARTESIAN_POINT ( 'NONE',  ( 1.888842569811610028, -2.750000000000000000, 2.399999999999999911 ) ) ;
#8553 = PRESENTATION_STYLE_ASSIGNMENT (( #5457 ) ) ;
#8554 = CARTESIAN_POINT ( 'NONE',  ( -0.1126768240424884104, -0.5405537226071029933, 2.790000000000000036 ) ) ;
#8555 = CARTESIAN_POINT ( 'NONE',  ( 2.899459980405740378, -1.443475806096917946, 0.5000000000000000000 ) ) ;
#8556 = CARTESIAN_POINT ( 'NONE',  ( 4.065758146820640395E-17, -2.750000000000000000, 2.399999999999999911 ) ) ;
#8557 = DIRECTION ( 'NONE',  ( -1.000000000000000000, 0.0000000000000000000, 0.0000000000000000000 ) ) ;
#8558 = CARTESIAN_POINT ( 'NONE',  ( -1.149999999999999911, -3.010000000000000231, 0.09000000000000001055 ) ) ;
#8559 = EDGE_CURVE ( 'NONE', #10408, #1385, #5030, .T. ) ;
#8560 = CARTESIAN_POINT ( 'NONE',  ( -2.500000000000000000, -2.037013766295059813, 0.2036024470216530047 ) ) ;
#8561 = ORIENTED_EDGE ( 'NONE', *, *, #8729, .T. ) ;
#8562 = FILL_AREA_STYLE_COLOUR ( '', #4293 ) ;
#8563 = CARTESIAN_POINT ( 'NONE',  ( -1.913227211128649907, -2.453946039357945086, 0.8030607983751869572 ) ) ;
#8564 = CARTESIAN_POINT ( 'NONE',  ( -0.1210968959524501981, -0.5287642355986649223, 2.790000000000000036 ) ) ;
#8565 = DIRECTION ( 'NONE',  ( -0.0000000000000000000, 0.7071067811865475727, 0.7071067811865475727 ) ) ;
#8566 = ORIENTED_EDGE ( 'NONE', *, *, #6354, .T. ) ;
#8567 = SURFACE_STYLE_FILL_AREA ( #5256 ) ;
#8568 = LINE ( 'NONE', #1090, #6420 ) ;
#8569 = CARTESIAN_POINT ( 'NONE',  ( 2.518416291552400210, 1.980156952111710167, 0.4943278632905900860 ) ) ;
#8570 = CARTESIAN_POINT ( 'NONE',  ( -2.282893580830670288, -0.7366583574700130699, 1.463828015118318060 ) ) ;
#8571 = EDGE_CURVE ( 'NONE', #7321, #5572, #6636, .T. ) ;
#8572 = CARTESIAN_POINT ( 'NONE',  ( 2.600000000000000089, -2.799999999999999822, 0.1200000000000000094 ) ) ;
#8573 = ORIENTED_EDGE ( 'NONE', *, *, #9454, .T. ) ;
#8574 = LINE ( 'NONE', #9387, #10193 ) ;
#8575 = CARTESIAN_POINT ( 'NONE',  ( -3.000000000000000000, -1.597397890880380089, 2.399999999999999911 ) ) ;
#8576 = FACE_OUTER_BOUND ( 'NONE', #9098, .T. ) ;
#8577 = DIRECTION ( 'NONE',  ( 0.0000000000000000000, 0.0000000000000000000, -1.000000000000000000 ) ) ;
#8578 = ORIENTED_EDGE ( 'NONE', *, *, #3202, .F. ) ;
#8579 = CARTESIAN_POINT ( 'NONE',  ( -2.252571269120984709, 2.497428730879015291, 2.399999999999999911 ) ) ;
#8580 = SURFACE_STYLE_FILL_AREA ( #4609 ) ;
#8581 = CARTESIAN_POINT ( 'NONE',  ( 2.799999999999999822, 1.429843788128356108, 0.5000000000000000000 ) ) ;
#8582 = FILL_AREA_STYLE_COLOUR ( '', #9943 ) ;
#8583 = VERTEX_POINT ( 'NONE', #754 ) ;
#8584 = CARTESIAN_POINT ( 'NONE',  ( -1.449999999999999956, -1.815039362631929887, 2.790000000000000036 ) ) ;
#8585 = CARTESIAN_POINT ( 'NONE',  ( -2.902601501589404887, 1.847398498410595113, 2.399999999999999911 ) ) ;
#8586 = VERTEX_POINT ( 'NONE', #10634 ) ;
#8587 = ORIENTED_EDGE ( 'NONE', *, *, #562, .T. ) ;
#8588 = CARTESIAN_POINT ( 'NONE',  ( 2.999999999997429168, 1.647676829792840580, 2.399999999999999911 ) ) ;
#8589 = EDGE_CURVE ( 'NONE', #7985, #7408, #3881, .T. ) ;
#8590 = CARTESIAN_POINT ( 'NONE',  ( 2.517952901733684801, 2.642593125879979965, 0.4830019982642079768 ) ) ;
#8591 = CARTESIAN_POINT ( 'NONE',  ( 2.906794756186229733, -0.3607998309023255357, 0.4886356772193779507 ) ) ;
#8592 = CARTESIAN_POINT ( 'NONE',  ( -2.912132034355960020, -1.837867965644034873, 2.399999999999999911 ) ) ;
#8593 = CARTESIAN_POINT ( 'NONE',  ( -2.514130216683045038, -1.974957799317885065, 0.5000000000000000000 ) ) ;
#8594 = SURFACE_STYLE_USAGE ( .BOTH. , #6022 ) ;
#8595 = ORIENTED_EDGE ( 'NONE', *, *, #3437, .F. ) ;
#8596 = CARTESIAN_POINT ( 'NONE',  ( 2.102119455103074852, 2.393819978604815546, 0.8031671104466170386 ) ) ;
#8597 = CARTESIAN_POINT ( 'NONE',  ( 0.1798682869810885043, -2.699736777583944924, 0.8025108550506721006 ) ) ;
#8598 = SURFACE_STYLE_FILL_AREA ( #6951 ) ;
#8599 = EDGE_CURVE ( 'NONE', #2785, #8195, #10736, .T. ) ;
#8600 = LINE ( 'NONE', #4523, #6050 ) ;
#8601 = CARTESIAN_POINT ( 'NONE',  ( -0.1337711258411730109, -0.5536382354210389600, 2.799999999999999822 ) ) ;
#8602 = CARTESIAN_POINT ( 'NONE',  ( 2.910168380631589891, -1.452503076475404109, 0.4886472060879759605 ) ) ;
#8603 = CARTESIAN_POINT ( 'NONE',  ( 1.888842569811610028, -2.750000000000000000, 2.399999999999999911 ) ) ;
#8604 = MECHANICAL_DESIGN_GEOMETRIC_PRESENTATION_REPRESENTATION (  '', ( #10158 ), #6499 ) ;
#8605 = ORIENTED_EDGE ( 'NONE', *, *, #7580, .T. ) ;
#8606 = PLANE ( 'NONE',  #3645 ) ;
#8607 = FILL_AREA_STYLE_COLOUR ( '', #2670 ) ;
#8608 = CARTESIAN_POINT ( 'NONE',  ( 2.399999999999999911, 2.799999999999999822, 0.1000000000000000056 ) ) ;
#8609 = SURFACE_SIDE_STYLE ('',( #6960 ) ) ;
#8610 = ORIENTED_EDGE ( 'NONE', *, *, #5481, .T. ) ;
#8611 = SURFACE_STYLE_FILL_AREA ( #9314 ) ;
#8612 = LINE ( 'NONE', #8506, #449 ) ;
#8613 = PRESENTATION_STYLE_ASSIGNMENT (( #5299 ) ) ;
#8614 = DIRECTION ( 'NONE',  ( 0.5769594083632673120, -0.8167728209858042820, 0.0000000000000000000 ) ) ;
#8615 = EDGE_CURVE ( 'NONE', #3686, #3780, #1633, .T. ) ;
#8616 = SURFACE_STYLE_FILL_AREA ( #322 ) ;
#8617 = ORIENTED_EDGE ( 'NONE', *, *, #6043, .F. ) ;
#8618 = DIRECTION ( 'NONE',  ( -0.6246950475544237324, 0.7808688094430307203, 0.0000000000000000000 ) ) ;
#8619 = CARTESIAN_POINT ( 'NONE',  ( 2.273576287555934883, 1.732045291520704966, 0.8036276495697169953 ) ) ;
#8620 = CARTESIAN_POINT ( 'NONE',  ( -2.747061367152280109, -0.9853709195971609436, 2.125412253719120237 ) ) ;
#8621 = STYLED_ITEM ( 'NONE', ( #8730 ), #5407 ) ;
#8622 = PLANE ( 'NONE',  #1176 ) ;
#8623 = CARTESIAN_POINT ( 'NONE',  ( 1.149999999999999911, 3.000000000000000000, 0.1200000000000000094 ) ) ;
#8624 = ORIENTED_EDGE ( 'NONE', *, *, #5284, .T. ) ;
#8625 = CARTESIAN_POINT ( 'NONE',  ( -2.399999999999999911, 3.000000000000000000, 0.3499999999999999778 ) ) ;
#8626 = CARTESIAN_POINT ( 'NONE',  ( -2.815672260149694850, -1.603326987380540025, 0.4829736931803499389 ) ) ;
#8627 = CARTESIAN_POINT ( 'NONE',  ( -2.437013137616232950, 1.342962819240669514, 0.1000000000000000194 ) ) ;
#8628 = CARTESIAN_POINT ( 'NONE',  ( -0.3918581830457265047, 0.7873498388791929647, 2.790000000000000036 ) ) ;
#8629 = EDGE_CURVE ( 'NONE', #5949, #2699, #8182, .T. ) ;
#8630 = ORIENTED_EDGE ( 'NONE', *, *, #1918, .T. ) ;
#8631 = CARTESIAN_POINT ( 'NONE',  ( -2.504843602053194562, 2.259622711692694796, 0.4943304893555939827 ) ) ;
#8632 = AXIS2_PLACEMENT_3D ( 'NONE', #8305, #2486, #833 ) ;
#8633 =( LENGTH_UNIT ( ) NAMED_UNIT ( * ) SI_UNIT ( .MILLI., .METRE. ) );
#8634 = EDGE_LOOP ( 'NONE', ( #9624, #5917, #4100, #4195 ) ) ;
#8635 = SURFACE_STYLE_FILL_AREA ( #1002 ) ;
#8636 = CARTESIAN_POINT ( 'NONE',  ( -2.976026747630170277, 1.746701245583689888, 2.399999999999999911 ) ) ;
#8637 = ORIENTED_EDGE ( 'NONE', *, *, #3733, .F. ) ;
#8638 = ORIENTED_EDGE ( 'NONE', *, *, #8388, .F. ) ;
#8639 = CARTESIAN_POINT ( 'NONE',  ( 2.643826238111394833, -1.945217202360755016, 0.3648403235241770015 ) ) ;
#8640 = CIRCLE ( 'NONE', #10560, 0.01999999999999999695 ) ;
#8641 = CARTESIAN_POINT ( 'NONE',  ( 2.506397692296969737, 2.748272631935564814, 0.4943351688376930175 ) ) ;
#8642 = CARTESIAN_POINT ( 'NONE',  ( 2.489480336326205467, 0.4130080832200865304, 1.465667759583941798 ) ) ;
#8643 = CARTESIAN_POINT ( 'NONE',  ( 2.579999999999999627, 2.799999999999999822, 0.1200000000000000094 ) ) ;
#8644 = CARTESIAN_POINT ( 'NONE',  ( -2.143828204588374753, -2.334736443428560015, 0.8032228928323259520 ) ) ;
#8645 = LINE ( 'NONE', #6130, #7432 ) ;
#8646 =( GEOMETRIC_REPRESENTATION_CONTEXT ( 3 ) GLOBAL_UNCERTAINTY_ASSIGNED_CONTEXT ( ( #10075 ) ) GLOBAL_UNIT_ASSIGNED_CONTEXT ( ( #7768, #8379, #1890 ) ) REPRESENTATION_CONTEXT ( 'NONE', 'WORKASPACE' ) );
#8647 = EDGE_CURVE ( 'NONE', #7440, #5657, #8996, .T. ) ;
#8648 = SURFACE_SIDE_STYLE ('',( #1289 ) ) ;
#8649 = EDGE_LOOP ( 'NONE', ( #6218, #7265, #9849, #8718 ) ) ;
#8650 = CARTESIAN_POINT ( 'NONE',  ( 0.1798682867974314981, 2.699736777569939683, 0.8025108550718229594 ) ) ;
#8651 = CARTESIAN_POINT ( 'NONE',  ( 1.543123040379615007, -1.542667026551240106, 1.456509765149019753 ) ) ;
#8652 = FACE_OUTER_BOUND ( 'NONE', #4388, .T. ) ;
#8653 = CIRCLE ( 'NONE', #9887, 0.09999999999999982514 ) ;
#8654 = CARTESIAN_POINT ( 'NONE',  ( -0.3918581830457260051, -0.3347280831987289873, 2.799999999999999822 ) ) ;
#8655 = B_SPLINE_CURVE_WITH_KNOTS ( 'NONE', 3,
 ( #10164, #6014, #10220, #7709, #2600, #5808, #5120, #8482, #1006, #4344, #1881, #9347, #1059, #5229, #8539, #4398 ),
 .UNSPECIFIED., .F., .F.,
 ( 4, 3, 3, 3, 3, 4 ),
 ( 9.486769009248160186E-20, 1.011648155089317997E-05, 1.889962284714719976E-05, 2.581398955553424994E-05, 3.160338613512060467E-05, 3.595485637125644821E-05 ),
 .UNSPECIFIED. ) ;
#8656 = CARTESIAN_POINT ( 'NONE',  ( 2.911324762649944997, -0.7206157517384680355, 0.4829572595243679656 ) ) ;
#8657 = CARTESIAN_POINT ( 'NONE',  ( 2.519193076883955218, -2.765399666546100033, 0.4830055065137069947 ) ) ;
#8658 = COLOUR_RGB ( '',0.7686274509803920907, 0.7686274509803920907, 0.7686274509803920907 ) ;
#8659 = CARTESIAN_POINT ( 'NONE',  ( -2.565739357167094781, 1.882747697605315018, 0.5000000000000000000 ) ) ;
#8660 = VECTOR ( 'NONE', #3725, 1000.000000000000000 ) ;
#8661 = DIRECTION ( 'NONE',  ( 0.0000000000000000000, 0.0000000000000000000, -1.000000000000000000 ) ) ;
#8662 = PLANE ( 'NONE',  #9184 ) ;
#8663 = EDGE_CURVE ( 'NONE', #10630, #2901, #3093, .T. ) ;
#8664 = PRESENTATION_LAYER_ASSIGNMENT (  '', '', ( #9894 ) ) ;
#8665 = COLOUR_RGB ( '',0.8431372549019607865, 0.8156862745098039102, 0.7529411764705882248 ) ;
#8666 = VERTEX_POINT ( 'NONE', #3329 ) ;
#8667 = CARTESIAN_POINT ( 'NONE',  ( -2.600000000000000089, -2.533647347903380087, 0.1200000000000000094 ) ) ;
#8668 = EDGE_CURVE ( 'NONE', #3846, #488, #5068, .T. ) ;
#8669 = EDGE_LOOP ( 'NONE', ( #2008, #8566 ) ) ;
#8670 = CARTESIAN_POINT ( 'NONE',  ( 0.1633928571428569787, 0.5823933679952270071, 2.799999999999999822 ) ) ;
#8671 = CARTESIAN_POINT ( 'NONE',  ( 0.5999999999999999778, 0.2668089524108114841, 2.790000000000000036 ) ) ;
#8672 = FACE_OUTER_BOUND ( 'NONE', #1305, .T. ) ;
#8673 = CARTESIAN_POINT ( 'NONE',  ( -0.5999999999999999778, -1.109976761874901907, 2.790000000000000036 ) ) ;
#8674 = DIRECTION ( 'NONE',  ( 1.000000000000000000, 0.0000000000000000000, 0.0000000000000000000 ) ) ;
#8675 = CARTESIAN_POINT ( 'NONE',  ( 2.557396493364915369, 1.903618076372610046, 0.4943271139159960414 ) ) ;
#8676 = AXIS2_PLACEMENT_3D ( 'NONE', #8219, #3044, #2992 ) ;
#8677 = CARTESIAN_POINT ( 'NONE',  ( -2.899999999999999911, 0.1201624229538710009, 0.5000000000000000000 ) ) ;
#8678 = COLOUR_RGB ( '',0.7686274509803920907, 0.7686274509803920907, 0.7686274509803920907 ) ;
#8679 = VECTOR ( 'NONE', #8323, 1000.000000000000000 ) ;
#8680 = CYLINDRICAL_SURFACE ( 'NONE', #7613, 0.02000000000000001082 ) ;
#8681 = ORIENTED_EDGE ( 'NONE', *, *, #6257, .T. ) ;
#8682 = SURFACE_STYLE_USAGE ( .BOTH. , #552 ) ;
#8683 = CARTESIAN_POINT ( 'NONE',  ( -2.554211194782084693, -1.644815102260150042, 2.122644347852319591 ) ) ;
#8684 = CARTESIAN_POINT ( 'NONE',  ( 2.643826238111394833, 1.945217202360755016, 0.3648403235241770015 ) ) ;
#8685 = CARTESIAN_POINT ( 'NONE',  ( -2.981603813104615863, -1.522995233619228728, 0.1809555253667608221 ) ) ;
#8686 = ORIENTED_EDGE ( 'NONE', *, *, #8389, .F. ) ;
#8687 = CARTESIAN_POINT ( 'NONE',  ( -1.882930494610435268, 2.285425013714610376, 2.119050485329350142 ) ) ;
#8688 = CARTESIAN_POINT ( 'NONE',  ( -0.5999999999999999778, 0.04326999137185034983, 2.799999999999999822 ) ) ;
#8689 = CARTESIAN_POINT ( 'NONE',  ( 2.399999999999999911, -2.799999999999999822, 0.1200000000000000094 ) ) ;
#8690 = PRESENTATION_LAYER_ASSIGNMENT (  '', '', ( #1727 ) ) ;
#8691 = STYLED_ITEM ( 'NONE', ( #1024 ), #2657 ) ;
#8692 = EDGE_CURVE ( 'NONE', #10711, #9567, #3464, .T. ) ;
#8693 = CARTESIAN_POINT ( 'NONE',  ( -2.500000000000000000, 2.011147430720620299, 0.1120337005398081981 ) ) ;
#8694 = ORIENTED_EDGE ( 'NONE', *, *, #4599, .F. ) ;
#8695 = CARTESIAN_POINT ( 'NONE',  ( -2.892260077618109992, 1.497151807020949965, 0.4886477139791919888 ) ) ;
#8696 = EDGE_LOOP ( 'NONE', ( #2473, #1280, #844, #4902 ) ) ;
#8697 = ORIENTED_EDGE ( 'NONE', *, *, #10427, .T. ) ;
#8698 = CARTESIAN_POINT ( 'NONE',  ( 1.149999999999999911, 3.000000000000000000, 0.5000000000000000000 ) ) ;
#8699 = VECTOR ( 'NONE', #8426, 1000.000000000000000 ) ;
#8700 = CARTESIAN_POINT ( 'NONE',  ( 2.310674057137965143, 1.892726241281724953, 2.121338251228760186 ) ) ;
#8701 = CARTESIAN_POINT ( 'NONE',  ( 2.632657433624100207, 1.101249852200815837, 0.8039406313161110429 ) ) ;
#8702 = DIRECTION ( 'NONE',  ( 1.000000000000000000, 0.0000000000000000000, 0.0000000000000000000 ) ) ;
#8703 = CARTESIAN_POINT ( 'NONE',  ( -1.533493266032704971, -1.565654437701495150, 1.456092013667703799 ) ) ;
#8704 =( LENGTH_UNIT ( ) NAMED_UNIT ( * ) SI_UNIT ( .MILLI., .METRE. ) );
#8705 = ORIENTED_EDGE ( 'NONE', *, *, #3820, .F. ) ;
#8706 = CARTESIAN_POINT ( 'NONE',  ( -0.2003760549341825348, 2.903740861596295186, 0.4943491809106630441 ) ) ;
#8707 = CARTESIAN_POINT ( 'NONE',  ( 2.310674057217589894, -1.892726241284794941, 2.121338251223130023 ) ) ;
#8708 = CARTESIAN_POINT ( 'NONE',  ( -2.414282326247679578, -2.004042074047625022, 0.4249999999999999889 ) ) ;
#8709 = CARTESIAN_POINT ( 'NONE',  ( -0.1090909090909091966, 0.5836109004627600960, 2.790000000000000036 ) ) ;
#8710 = PLANE ( 'NONE',  #6333 ) ;
#8711 = CARTESIAN_POINT ( 'NONE',  ( 2.906789687977669789, 0.3573599831901134727, 0.4886356568655520483 ) ) ;
#8712 = CARTESIAN_POINT ( 'NONE',  ( 2.143828204716580199, -2.334736443441949749, 0.8032228928353170039 ) ) ;
#8713 =( NAMED_UNIT ( * ) SI_UNIT ( $, .STERADIAN. ) SOLID_ANGLE_UNIT ( ) );
#8714 = CIRCLE ( 'NONE', #2981, 0.2000000000000000944 ) ;
#8715 = CARTESIAN_POINT ( 'NONE',  ( -2.500000000000000000, -2.520762267733984263, 0.1356907255784395028 ) ) ;
#8716 = DIRECTION ( 'NONE',  ( -1.000000000000000000, 0.0000000000000000000, 0.0000000000000000000 ) ) ;
#8717 = EDGE_LOOP ( 'NONE', ( #455, #10016, #9679, #6041, #4221, #10699, #2040, #8189, #9613, #6096, #3930, #6581, #566, #6326, #5926, #1615 ) ) ;
#8718 = ORIENTED_EDGE ( 'NONE', *, *, #8647, .T. ) ;
#8719 = CARTESIAN_POINT ( 'NONE',  ( -2.912132034355960020, -1.837867965644034873, 2.700000000000000178 ) ) ;
#8720 = CARTESIAN_POINT ( 'NONE',  ( 2.419677459141426290, 2.674428034117639630, 0.1000000000000000333 ) ) ;
#8721 = CARTESIAN_POINT ( 'NONE',  ( -2.500000000000000000, -1.985901853743269996, 0.1146961137587252100 ) ) ;
#8722 = CARTESIAN_POINT ( 'NONE',  ( 2.499999999999999556, 2.520762267733987816, 0.1356907255784365052 ) ) ;
#8723 = CARTESIAN_POINT ( 'NONE',  ( 2.700000000000000178, 1.625735931288069924, 2.700000000000000178 ) ) ;
#8724 = CARTESIAN_POINT ( 'NONE',  ( -0.2399940192235975045, -1.567656940554840173, 2.799999999999999822 ) ) ;
#8725 = EDGE_CURVE ( 'NONE', #5910, #3144, #4439, .T. ) ;
#8726 = CARTESIAN_POINT ( 'NONE',  ( 2.513306381221430019, 2.831510201905365065, 0.4886717604839879159 ) ) ;
#8727 = CARTESIAN_POINT ( 'NONE',  ( -2.777483482969140383, -0.6611796258738690257, 2.126198427784910194 ) ) ;
#8728 = CARTESIAN_POINT ( 'NONE',  ( -2.494560730720504882, 2.838995741611059831, 0.5000000000000000000 ) ) ;
#8729 = EDGE_CURVE ( 'NONE', #5913, #8960, #1800, .T. ) ;
#8730 = PRESENTATION_STYLE_ASSIGNMENT (( #4598 ) ) ;
#8731 = ORIENTED_EDGE ( 'NONE', *, *, #7611, .T. ) ;
#8732 = SURFACE_STYLE_FILL_AREA ( #2260 ) ;
#8733 = CARTESIAN_POINT ( 'NONE',  ( -2.514130216683045038, -1.974957799317885065, 0.5000000000000000000 ) ) ;
#8734 =( NAMED_UNIT ( * ) PLANE_ANGLE_UNIT ( ) SI_UNIT ( $, .RADIAN. ) );
#8735 = ORIENTED_EDGE ( 'NONE', *, *, #9073, .F. ) ;
#8736 = CARTESIAN_POINT ( 'NONE',  ( 0.5844215701555149911, -0.8436537885533789138, 2.790000000000000036 ) ) ;
#8737 = DIRECTION ( 'NONE',  ( 1.000000000000000000, 0.0000000000000000000, 0.0000000000000000000 ) ) ;
#8738 = EDGE_CURVE ( 'NONE', #8972, #5321, #6209, .T. ) ;
#8739 = CARTESIAN_POINT ( 'NONE',  ( -2.143828204717975083, 2.334736443433834907, 0.8032228928451919936 ) ) ;
#8740 = CARTESIAN_POINT ( 'NONE',  ( -0.1207400502135406034, -1.667323764346694936, 2.799999999999999822 ) ) ;
#8741 = SURFACE_STYLE_FILL_AREA ( #5433 ) ;
#8742 = CARTESIAN_POINT ( 'NONE',  ( -2.500000000000000000, 2.008812583905270621, 0.2169632091145634600 ) ) ;
#8743 = ORIENTED_EDGE ( 'NONE', *, *, #465, .T. ) ;
#8744 = CARTESIAN_POINT ( 'NONE',  ( -2.399999999999999911, -1.324999999999999956, 0.1000000000000000056 ) ) ;
#8745 = CARTESIAN_POINT ( 'NONE',  ( -2.608243080020349769, 1.216510116156370058, 0.8038750655765249942 ) ) ;
#8746 = ORIENTED_EDGE ( 'NONE', *, *, #5114, .T. ) ;
#8747 = ORIENTED_EDGE ( 'NONE', *, *, #597, .T. ) ;
#8748 = SURFACE_SIDE_STYLE ('',( #6988 ) ) ;
#8749 = EDGE_CURVE ( 'NONE', #7184, #7688, #5909, .T. ) ;
#8750 = CARTESIAN_POINT ( 'NONE',  ( 2.414079633698734906, 2.335920366301274864, 2.399999999999999911 ) ) ;
#8751 = CARTESIAN_POINT ( 'NONE',  ( 2.747390768523095161, -1.018394809546929958, 2.125366822180099646 ) ) ;
#8752 = CARTESIAN_POINT ( 'NONE',  ( 0.2464285714285714968, 0.6413219394237980042, 2.799999999999999822 ) ) ;
#8753 = CARTESIAN_POINT ( 'NONE',  ( -1.543123039928625095, -1.542667026583330214, 1.456509765138330081 ) ) ;
#8754 = FACE_OUTER_BOUND ( 'NONE', #1970, .T. ) ;
#8755 = ORIENTED_EDGE ( 'NONE', *, *, #10502, .F. ) ;
#8756 = DIRECTION ( 'NONE',  ( 0.0000000000000000000, 0.0000000000000000000, -1.000000000000000000 ) ) ;
#8757 = ORIENTED_EDGE ( 'NONE', *, *, #1414, .F. ) ;
#8758 = CARTESIAN_POINT ( 'NONE',  ( -1.913227211300619901, 2.453946039342185248, 0.8030607983900290847 ) ) ;
#8759 = CARTESIAN_POINT ( 'NONE',  ( 2.500000000000000000, -2.813619399608419780, 0.5000000000000000000 ) ) ;
#8760 = CARTESIAN_POINT ( 'NONE',  ( -1.149999999999999911, 1.184960637368067893, 2.790000000000000036 ) ) ;
#8761 = SURFACE_SIDE_STYLE ('',( #359 ) ) ;
#8762 = CARTESIAN_POINT ( 'NONE',  ( -0.5807795887813820279, -0.1946581797905399813, 2.799999999999999822 ) ) ;
#8763 = EDGE_CURVE ( 'NONE', #2217, #9386, #8653, .T. ) ;
#8764 = CARTESIAN_POINT ( 'NONE',  ( 2.899999999999999911, -0.3587885829618295275, 0.5000000000000000000 ) ) ;
#8765 = CARTESIAN_POINT ( 'NONE',  ( 2.500000000000000000, -2.436265413492439968, 0.5000000000000000000 ) ) ;
#8766 = CARTESIAN_POINT ( 'NONE',  ( 1.149999999999999911, 3.010000000000000231, 0.09000000000000001055 ) ) ;
#8767 =( NAMED_UNIT ( * ) PLANE_ANGLE_UNIT ( ) SI_UNIT ( $, .RADIAN. ) );
#8768 = AXIS2_PLACEMENT_3D ( 'NONE', #1384, #2205, #606 ) ;
#8769 = SURFACE_STYLE_FILL_AREA ( #4758 ) ;
#8770 = CARTESIAN_POINT ( 'NONE',  ( 2.500000000000000000, 1.499952333801978011, 0.1568365928198499903 ) ) ;
#8771 = VERTEX_POINT ( 'NONE', #6657 ) ;
#8772 = STYLED_ITEM ( 'NONE', ( #201 ), #4691 ) ;
#8773 = CARTESIAN_POINT ( 'NONE',  ( -3.000000000000000000, -1.449999999999999956, 0.1000000000000000056 ) ) ;
#8774 = ORIENTED_EDGE ( 'NONE', *, *, #4685, .F. ) ;
#8775 = DIRECTION ( 'NONE',  ( 1.000000000000000000, 0.0000000000000000000, 0.0000000000000000000 ) ) ;
#8776 = CARTESIAN_POINT ( 'NONE',  ( 1.149999999999999911, -3.010000000000000231, 0.09000000000000001055 ) ) ;
#8777 = CARTESIAN_POINT ( 'NONE',  ( -2.500000000000000000, -1.967666806287750036, 0.2005035256727810133 ) ) ;
#8778 = CYLINDRICAL_SURFACE ( 'NONE', #8307, 0.02000000000000001082 ) ;
#8779 = CARTESIAN_POINT ( 'NONE',  ( -2.474345596219860166, -1.449999999999999956, 0.1000000000000000056 ) ) ;
#8780 = CARTESIAN_POINT ( 'NONE',  ( -0.3663861604223290214, 0.0000000000000000000, 0.4671010071662839991 ) ) ;
#8781 = CARTESIAN_POINT ( 'NONE',  ( -2.500000000000000000, 2.070156211871640117, 0.5000000000000000000 ) ) ;
#8782 = CARTESIAN_POINT ( 'NONE',  ( 2.075359855312190138, 2.674640144687814747, 2.399999999999999911 ) ) ;
#8783 = CARTESIAN_POINT ( 'NONE',  ( -2.882338975574755047, -1.486998174595735911, 0.5000000000000000000 ) ) ;
#8784 = DIRECTION ( 'NONE',  ( 0.0000000000000000000, 0.0000000000000000000, -1.000000000000000000 ) ) ;
#8785 = CIRCLE ( 'NONE', #5995, 0.1800000000000000488 ) ;
#8786 = PLANE ( 'NONE',  #1996 ) ;
#8787 = EDGE_CURVE ( 'NONE', #3686, #5266, #64, .T. ) ;
#8788 = ORIENTED_EDGE ( 'NONE', *, *, #4272, .F. ) ;
#8789 = CARTESIAN_POINT ( 'NONE',  ( -2.661084054072369920, -2.047224737108739756, 0.3864410810002315011 ) ) ;
#8790 = CARTESIAN_POINT ( 'NONE',  ( -2.589575150554849881, -1.852952955870615037, 0.5000000000000000000 ) ) ;
#8791 = CARTESIAN_POINT ( 'NONE',  ( 2.600000000000000089, 2.070156211871640117, 0.3634627865033314698 ) ) ;
#8792 = EDGE_LOOP ( 'NONE', ( #9757, #10499, #6376, #10077 ) ) ;
#8793 = VECTOR ( 'NONE', #8521, 1000.000000000000000 ) ;
#8794 = CARTESIAN_POINT ( 'NONE',  ( -2.376433245449370180, -2.034635498428755351, 0.6602118481133900652 ) ) ;
#8795 = CARTESIAN_POINT ( 'NONE',  ( -2.700000000000000178, 1.625735931288069924, 2.700000000000000178 ) ) ;
#8796 = CARTESIAN_POINT ( 'NONE',  ( -2.258145803814394892, 1.817914402061350021, 0.8035727779313039942 ) ) ;
#8797 = DIRECTION ( 'NONE',  ( -1.000000000000000000, 0.0000000000000000000, 0.0000000000000000000 ) ) ;
#8798 = VECTOR ( 'NONE', #6071, 1000.000000000000000 ) ;
#8799 = UNCERTAINTY_MEASURE_WITH_UNIT (LENGTH_MEASURE( 1.000000000000000082E-05 ), #1362, 'distance_accuracy_value', 'NONE');
#8800 = CARTESIAN_POINT ( 'NONE',  ( 0.5100350800582691413, -1.910475429277699977, 2.790000000000000036 ) ) ;
#8801 = ADVANCED_FACE ( 'NONE', ( #1716 ), #4569, .T. ) ;
#8802 = ORIENTED_EDGE ( 'NONE', *, *, #5601, .T. ) ;
#8803 = PRESENTATION_STYLE_ASSIGNMENT (( #7163 ) ) ;
#8804 = CARTESIAN_POINT ( 'NONE',  ( -2.901278706909565130, 1.464684887114529932, 0.4943236978358159783 ) ) ;
#8805 = EDGE_LOOP ( 'NONE', ( #6665, #3739, #2311, #2820 ) ) ;
#8806 = CARTESIAN_POINT ( 'NONE',  ( 2.998981725600580184, 1.449999999999999956, 0.1000000000000000056 ) ) ;
#8807 = EDGE_CURVE ( 'NONE', #8226, #9010, #2904, .T. ) ;
#8808 = CARTESIAN_POINT ( 'NONE',  ( 2.044085076721784855, 2.701844354998010012, 2.399999999999999911 ) ) ;
#8809 = VECTOR ( 'NONE', #1151, 1000.000000000000000 ) ;
#8810 = DIRECTION ( 'NONE',  ( 0.0000000000000000000, 0.0000000000000000000, -1.000000000000000000 ) ) ;
#8811 = CARTESIAN_POINT ( 'NONE',  ( -1.767096991610755063, -1.420831037904374039, 1.458599797004814125 ) ) ;
#8812 =( NAMED_UNIT ( * ) SI_UNIT ( $, .STERADIAN. ) SOLID_ANGLE_UNIT ( ) );
#8813 = PRODUCT_DEFINITION_CONTEXT ( 'detailed design', #2722, 'design' ) ;
#8814 = DIRECTION ( 'NONE',  ( 0.0000000000000000000, 0.0000000000000000000, 1.000000000000000000 ) ) ;
#8815 = COLOUR_RGB ( '',0.7686274509803920907, 0.7686274509803920907, 0.7686274509803920907 ) ;
#8816 = EDGE_LOOP ( 'NONE', ( #9586, #1494, #5440, #1554, #1667, #10192 ) ) ;
#8817 = CONICAL_SURFACE ( 'NONE', #5523, 0.05000000000000012768, 0.7853981633974476129 ) ;
#8818 = CARTESIAN_POINT ( 'NONE',  ( -2.462412036542379834, 2.920865421636555048, 0.4830107667254939785 ) ) ;
#8819 = CARTESIAN_POINT ( 'NONE',  ( 2.414079633698734906, -2.335920366301265094, 2.399999999999999911 ) ) ;
#8820 = CARTESIAN_POINT ( 'NONE',  ( -2.334514188477439856, -1.959773703798364686, 0.7240141644034870927 ) ) ;
#8821 = DIRECTION ( 'NONE',  ( -0.7071067811865470176, 0.7071067811865480168, 0.0000000000000000000 ) ) ;
#8822 = CARTESIAN_POINT ( 'NONE',  ( 3.000000000000000000, 0.1313588797055343926, 2.399999999999999911 ) ) ;
#8823 = CARTESIAN_POINT ( 'NONE',  ( 2.044085076711789739, -2.701844355009850318, 2.399999999999999911 ) ) ;
#8824 = CARTESIAN_POINT ( 'NONE',  ( 0.02556818181818170180, 0.6819875238393829919, 2.790000000000000036 ) ) ;
#8825 = DIRECTION ( 'NONE',  ( -1.000000000000000000, 0.0000000000000000000, 0.0000000000000000000 ) ) ;
#8826 = AXIS2_PLACEMENT_3D ( 'NONE', #2007, #6256, #9525 ) ;
#8827 = AXIS2_PLACEMENT_3D ( 'NONE', #84, #2708, #5180 ) ;
#8828 = CARTESIAN_POINT ( 'NONE',  ( 0.5844215701555149911, -1.965731710631299922, 2.790000000000000036 ) ) ;
#8829 = B_SPLINE_CURVE_WITH_KNOTS ( 'NONE', 3,
 ( #7901, #7734, #1961, #8564, #3005, #10468, #6909, #1085, #10301, #372, #9473, #5300, #1306, #425, #3835, #5469, #3768, #3712, #3604 ),
 .UNSPECIFIED., .F., .F.,
 ( 4, 1, 1, 1, 1, 1, 1, 1, 1, 1, 1, 1, 1, 1, 1, 1, 4 ),
 ( 0.0000000000000000000, 0.006491022190099359802, 0.01999718752723544934, 0.04129174943302810208, 0.06993138171736230924, 0.1060405829517207937, 0.1498516436044682043, 0.2008085873982295155, 0.2597997561993690141, 0.3257033864952474933, 0.3998780143702789780, 0.4809647925942789892, 0.5697627338811119824, 0.6662729348137089724, 0.7696947132029710037, 0.8811519930212949880, 1.000000000000000000 ),
 .UNSPECIFIED. ) ;
#8830 = ADVANCED_FACE ( 'NONE', ( #9545 ), #5428, .T. ) ;
#8831 = CARTESIAN_POINT ( 'NONE',  ( -2.365078021640934836, 1.956599570711760272, 0.6842136489539190070 ) ) ;
#8832 =( GEOMETRIC_REPRESENTATION_CONTEXT ( 3 ) GLOBAL_UNCERTAINTY_ASSIGNED_CONTEXT ( ( #2051 ) ) GLOBAL_UNIT_ASSIGNED_CONTEXT ( ( #10303, #9128, #7431 ) ) REPRESENTATION_CONTEXT ( 'NONE', 'WORKASPACE' ) );
#8833 = ORIENTED_EDGE ( 'NONE', *, *, #1066, .T. ) ;
#8834 = SURFACE_STYLE_FILL_AREA ( #2184 ) ;
#8835 = VERTEX_POINT ( 'NONE', #2027 ) ;
#8836 = VECTOR ( 'NONE', #5908, 1000.000000000000000 ) ;
#8837 = DIRECTION ( 'NONE',  ( 0.0000000000000000000, 0.0000000000000000000, 1.000000000000000000 ) ) ;
#8838 = CARTESIAN_POINT ( 'NONE',  ( -0.5435340141134460401, -0.2225417871685995141, 2.790000000000000036 ) ) ;
#8839 = CARTESIAN_POINT ( 'NONE',  ( -2.500000000000000000, -1.984954950558144970, 0.2131883784015955186 ) ) ;
#8840 = FILL_AREA_STYLE ('',( #1203 ) ) ;
#8841 = FACE_OUTER_BOUND ( 'NONE', #774, .T. ) ;
#8842 = SURFACE_STYLE_USAGE ( .BOTH. , #10526 ) ;
#8843 = SURFACE_STYLE_USAGE ( .BOTH. , #1371 ) ;
#8844 = CARTESIAN_POINT ( 'NONE',  ( 1.543123039929340079, 1.542667026583310230, 1.456509765169397896 ) ) ;
#8845 = CARTESIAN_POINT ( 'NONE',  ( -2.185463732089049760, -0.8573133857333520291, 1.462975927150979905 ) ) ;
#8846 = CARTESIAN_POINT ( 'NONE',  ( 2.453881272650580314, -1.381448777679220363, 0.1000000000000000194 ) ) ;
#8847 = CIRCLE ( 'NONE', #9710, 0.09999999999999982514 ) ;
#8848 =( GEOMETRIC_REPRESENTATION_CONTEXT ( 3 ) GLOBAL_UNCERTAINTY_ASSIGNED_CONTEXT ( ( #5844 ) ) GLOBAL_UNIT_ASSIGNED_CONTEXT ( ( #8313, #6774, #6662 ) ) REPRESENTATION_CONTEXT ( 'NONE', 'WORKASPACE' ) );
#8849 = ORIENTED_EDGE ( 'NONE', *, *, #9806, .F. ) ;
#8850 = CARTESIAN_POINT ( 'NONE',  ( -2.635954822247849272, -2.004042074978013677, 0.3864410810002315011 ) ) ;
#8851 = CARTESIAN_POINT ( 'NONE',  ( -2.258145803732819701, -1.817914402058219858, 0.8035727779229590029 ) ) ;
#8852 = CARTESIAN_POINT ( 'NONE',  ( 0.1822658279807364834, 0.5933887589377769833, 2.799999999999999822 ) ) ;
#8853 = CARTESIAN_POINT ( 'NONE',  ( -0.3485302928463300254, 0.7554274236257839670, 2.790000000000000036 ) ) ;
#8854 = PRESENTATION_LAYER_ASSIGNMENT (  '', '', ( #10592 ) ) ;
#8855 = CARTESIAN_POINT ( 'NONE',  ( -0.4880257458711901308, 0.0000000000000000000, 0.1328989928337164228 ) ) ;
#8856 = VECTOR ( 'NONE', #3654, 1000.000000000000000 ) ;
#8857 = ORIENTED_EDGE ( 'NONE', *, *, #10287, .T. ) ;
#8858 = CARTESIAN_POINT ( 'NONE',  ( 0.5541885429659979545, -0.8211122301339389695, 2.799999999999999822 ) ) ;
#8859 = AXIS2_PLACEMENT_3D ( 'NONE', #8708, #10289, #6087 ) ;
#8860 = SURFACE_STYLE_USAGE ( .BOTH. , #3855 ) ;
#8861 = CARTESIAN_POINT ( 'NONE',  ( -2.881345509011500106, 1.868654490988495009, 2.399999999999999911 ) ) ;
#8862 = CARTESIAN_POINT ( 'NONE',  ( -0.1126768240424882023, -1.662631644685024890, 2.790000000000000036 ) ) ;
#8863 = EDGE_CURVE ( 'NONE', #4342, #3465, #4278, .T. ) ;
#8864 = CIRCLE ( 'NONE', #5387, 0.04999999999999991257 ) ;
#8865 = COLOUR_RGB ( '',0.7686274509803920907, 0.7686274509803920907, 0.7686274509803920907 ) ;
#8866 = CARTESIAN_POINT ( 'NONE',  ( 0.1633928571428575061, -1.661762476160615121, 2.790000000000000036 ) ) ;
#8867 = ORIENTED_EDGE ( 'NONE', *, *, #5801, .F. ) ;
#8868 = FILL_AREA_STYLE ('',( #4616 ) ) ;
#8869 = CARTESIAN_POINT ( 'NONE',  ( -2.702598219224610077, 1.350167445884226103, 2.124287315192344927 ) ) ;
#8870 = ORIENTED_EDGE ( 'NONE', *, *, #5155, .T. ) ;
#8871 = FACE_OUTER_BOUND ( 'NONE', #9684, .T. ) ;
#8872 = STYLED_ITEM ( 'NONE', ( #6996 ), #10461 ) ;
#8873 = CARTESIAN_POINT ( 'NONE',  ( 2.213601253087339682, 2.916664329186634763, 0.4886778162431710260 ) ) ;
#8874 = FILL_AREA_STYLE_COLOUR ( '', #10093 ) ;
#8875 = EDGE_CURVE ( 'NONE', #3390, #2427, #5313, .T. ) ;
#8876 = CARTESIAN_POINT ( 'NONE',  ( -1.525943831382009952, -1.581481019035074986, 1.455953801352555921 ) ) ;
#8877 = ADVANCED_FACE ( 'NONE', ( #10425, #4549 ), #7861, .T. ) ;
#8878 = CARTESIAN_POINT ( 'NONE',  ( -2.579999999999999627, 2.550000000000000266, 0.1000000000000000056 ) ) ;
#8879 = EDGE_LOOP ( 'NONE', ( #10141, #4997, #4732, #1287 ) ) ;
#8880 = AXIS2_PLACEMENT_3D ( 'NONE', #4081, #6464, #3925 ) ;
#8881 = CARTESIAN_POINT ( 'NONE',  ( -0.1422628037734545992, 2.495562771045400030, 1.449528787390530038 ) ) ;
#8882 = CARTESIAN_POINT ( 'NONE',  ( 2.565975415130435255, -1.913777707050269949, 0.4829813417483250215 ) ) ;
#8883 = CARTESIAN_POINT ( 'NONE',  ( -0.1321134603316792000, -1.644332388357850006, 2.790000000000000036 ) ) ;
#8884 = CARTESIAN_POINT ( 'NONE',  ( -2.850000000000000089, -1.625735931288069924, 2.700000000000000178 ) ) ;
#8885 = FILL_AREA_STYLE ('',( #8006 ) ) ;
#8886 = CARTESIAN_POINT ( 'NONE',  ( 2.554421384654030458, 0.2064051579579264939, 1.466314737810153979 ) ) ;
#8887 = CARTESIAN_POINT ( 'NONE',  ( 2.509687204106455294, -2.265968425620250137, 0.4886609787113860293 ) ) ;
#8888 = CARTESIAN_POINT ( 'NONE',  ( -1.888842569933572690, -2.749999999993590016, 2.399999999999999911 ) ) ;
#8889 = EDGE_CURVE ( 'NONE', #8960, #7440, #1137, .T. ) ;
#8890 = CARTESIAN_POINT ( 'NONE',  ( -2.700000000000000178, -2.500000000000000000, 2.799999999999999822 ) ) ;
#8891 = FILL_AREA_STYLE_COLOUR ( '', #1011 ) ;
#8892 = UNCERTAINTY_MEASURE_WITH_UNIT (LENGTH_MEASURE( 1.000000000000000082E-05 ), #7947, 'distance_accuracy_value', 'NONE');
#8893 = ORIENTED_EDGE ( 'NONE', *, *, #1121, .T. ) ;
#8894 = CARTESIAN_POINT ( 'NONE',  ( 2.700000000000000178, -1.625735931288069924, 2.799999999999999822 ) ) ;
#8895 = ORIENTED_EDGE ( 'NONE', *, *, #1943, .F. ) ;
#8896 = CARTESIAN_POINT ( 'NONE',  ( -2.467983458059680224, 2.579511586261062472, 0.1000000000000000333 ) ) ;
#8897 = CARTESIAN_POINT ( 'NONE',  ( -2.399999999999999911, 2.979999999999999982, 0.1200000000000000094 ) ) ;
#8898 = SURFACE_STYLE_USAGE ( .BOTH. , #5576 ) ;
#8899 = FACE_OUTER_BOUND ( 'NONE', #666, .T. ) ;
#8900 = DIRECTION ( 'NONE',  ( 0.0000000000000000000, 0.0000000000000000000, 1.000000000000000000 ) ) ;
#8901 = CARTESIAN_POINT ( 'NONE',  ( 1.941555537448464985, 2.234139756541094979, 2.119352388643749752 ) ) ;
#8902 = EDGE_CURVE ( 'NONE', #6305, #9930, #1594, .T. ) ;
#8903 = TOROIDAL_SURFACE ( 'NONE', #2804, 0.1800000000000000211, 0.02000000000000000042 ) ;
#8904 = ORIENTED_EDGE ( 'NONE', *, *, #8942, .F. ) ;
#8905 = CARTESIAN_POINT ( 'NONE',  ( -2.656244020622560154, -2.044433625855559988, 0.3864410810002315011 ) ) ;
#8906 = CARTESIAN_POINT ( 'NONE',  ( -2.509687204109739778, -2.265968425620605409, 0.4886609787115310244 ) ) ;
#8907 = CARTESIAN_POINT ( 'NONE',  ( 0.5999999999999999778, 1.087425835527694007, 2.790000000000000036 ) ) ;
#8908 = CARTESIAN_POINT ( 'NONE',  ( 0.02897727272727274733, -0.6348955930437339967, 2.799999999999999822 ) ) ;
#8909 = SURFACE_STYLE_USAGE ( .BOTH. , #9659 ) ;
#8910 = VERTEX_POINT ( 'NONE', #8908 ) ;
#8911 = DIRECTION ( 'NONE',  ( 1.000000000000000000, 0.0000000000000000000, 0.0000000000000000000 ) ) ;
#8912 = CARTESIAN_POINT ( 'NONE',  ( 2.500000000000000000, 2.604044926314895037, 0.07972651605231809158 ) ) ;
#8913 = CARTESIAN_POINT ( 'NONE',  ( -2.572763945682249975, 1.623597747647629763, 2.122770708684020402 ) ) ;
#8914 = EDGE_CURVE ( 'NONE', #8178, #6457, #8847, .T. ) ;
#8915 = CARTESIAN_POINT ( 'NONE',  ( -0.1494761574587940012, -1.685556895768965058, 2.790000000000000036 ) ) ;
#8916 = DIRECTION ( 'NONE',  ( 0.0000000000000000000, 0.0000000000000000000, -1.000000000000000000 ) ) ;
#8917 = UNCERTAINTY_MEASURE_WITH_UNIT (LENGTH_MEASURE( 1.000000000000000082E-05 ), #7751, 'distance_accuracy_value', 'NONE');
#8918 = CARTESIAN_POINT ( 'NONE',  ( -2.500000000000000000, 2.052613738725645121, 0.1497394755351783846 ) ) ;
#8919 = ORIENTED_EDGE ( 'NONE', *, *, #4978, .F. ) ;
#8920 = FACE_OUTER_BOUND ( 'NONE', #3831, .T. ) ;
#8921 = CARTESIAN_POINT ( 'NONE',  ( -2.910665112718745284, 1.443106157728804018, 0.4886470803757790859 ) ) ;
#8922 = ORIENTED_EDGE ( 'NONE', *, *, #3698, .F. ) ;
#8923 = PRESENTATION_STYLE_ASSIGNMENT (( #1397 ) ) ;
#8924 = CARTESIAN_POINT ( 'NONE',  ( 0.2003760547295860006, 2.903740861596295186, 0.4943491809106630441 ) ) ;
#8925 = DIRECTION ( 'NONE',  ( -1.000000000000000000, 0.0000000000000000000, 0.0000000000000000000 ) ) ;
#8926 = CARTESIAN_POINT ( 'NONE',  ( -0.1422628036281948227, -2.495562771045445327, 1.449528787345573999 ) ) ;
#8927 = UNCERTAINTY_MEASURE_WITH_UNIT (LENGTH_MEASURE( 1.000000000000000082E-05 ), #4829, 'distance_accuracy_value', 'NONE');
#8928 =( NAMED_UNIT ( * ) PLANE_ANGLE_UNIT ( ) SI_UNIT ( $, .RADIAN. ) );
#8929 = ORIENTED_EDGE ( 'NONE', *, *, #6399, .F. ) ;
#8930 = CARTESIAN_POINT ( 'NONE',  ( -0.4658324884678129996, 2.750000000000000000, 2.399999999999999911 ) ) ;
#8931 = EDGE_CURVE ( 'NONE', #2757, #5747, #622, .T. ) ;
#8932 = CARTESIAN_POINT ( 'NONE',  ( 2.317875059770920121, -1.633592598354254966, 0.8036921891910219218 ) ) ;
#8933 =( NAMED_UNIT ( * ) SI_UNIT ( $, .STERADIAN. ) SOLID_ANGLE_UNIT ( ) );
#8934 = CARTESIAN_POINT ( 'NONE',  ( -2.643826238111394833, -1.945217202360755016, 0.3648403235241770015 ) ) ;
#8935 = DIRECTION ( 'NONE',  ( -1.000000000000000000, 0.0000000000000000000, 0.0000000000000000000 ) ) ;
#8936 = CARTESIAN_POINT ( 'NONE',  ( 2.601222533117700131, 1.235151373399001828, 0.8038751505633099370 ) ) ;
#8937 = CARTESIAN_POINT ( 'NONE',  ( 2.455619438818554823, -1.748071640382689917, 2.122128831543844907 ) ) ;
#8938 =( NAMED_UNIT ( * ) PLANE_ANGLE_UNIT ( ) SI_UNIT ( $, .RADIAN. ) );
#8939 = DIRECTION ( 'NONE',  ( -0.0000000000000000000, 1.000000000000000000, 0.0000000000000000000 ) ) ;
#8940 = CARTESIAN_POINT ( 'NONE',  ( 0.1660045177501135172, -1.663281720407644881, 2.790000000000000036 ) ) ;
#8941 =( NAMED_UNIT ( * ) SI_UNIT ( $, .STERADIAN. ) SOLID_ANGLE_UNIT ( ) );
#8942 = EDGE_CURVE ( 'NONE', #3017, #10428, #7309, .T. ) ;
#8943 = VERTEX_POINT ( 'NONE', #2264 ) ;
#8944 = LINE ( 'NONE', #10574, #5191 ) ;
#8945 = VERTEX_POINT ( 'NONE', #7356 ) ;
#8946 =( NAMED_UNIT ( * ) PLANE_ANGLE_UNIT ( ) SI_UNIT ( $, .RADIAN. ) );
#8947 = DIRECTION ( 'NONE',  ( 0.0000000000000000000, 0.0000000000000000000, 1.000000000000000000 ) ) ;
#8948 = DIRECTION ( 'NONE',  ( 0.0000000000000000000, 0.0000000000000000000, 1.000000000000000000 ) ) ;
#8949 = CARTESIAN_POINT ( 'NONE',  ( 1.149999999999999911, -2.990000000000000213, 0.09000000000000001055 ) ) ;
#8950 =( LENGTH_UNIT ( ) NAMED_UNIT ( * ) SI_UNIT ( .MILLI., .METRE. ) );
#8951 = FACE_OUTER_BOUND ( 'NONE', #4774, .T. ) ;
#8952 = PRESENTATION_LAYER_ASSIGNMENT (  '', '', ( #7715 ) ) ;
#8953 =( NAMED_UNIT ( * ) PLANE_ANGLE_UNIT ( ) SI_UNIT ( $, .RADIAN. ) );
#8954 = B_SPLINE_CURVE_WITH_KNOTS ( 'NONE', 3,
 ( #10189, #49, #5834, #9164, #3445, #3388, #6696 ),
 .UNSPECIFIED., .F., .F.,
 ( 4, 1, 1, 1, 4 ),
 ( 0.0000000000000000000, 0.2500000000000530687, 0.5000000000000132117, 0.7500000000000662803, 1.000000000000000000 ),
 .UNSPECIFIED. ) ;
#8955 = ORIENTED_EDGE ( 'NONE', *, *, #5044, .T. ) ;
#8956 = CARTESIAN_POINT ( 'NONE',  ( -2.174790356150934745, -2.022494745256960158, 2.120596060557049967 ) ) ;
#8957 = CARTESIAN_POINT ( 'NONE',  ( -2.728683094148194765, -1.975983175737610065, 0.3864410810002315011 ) ) ;
#8958 = CARTESIAN_POINT ( 'NONE',  ( -0.1871921107803055095, -0.5897407648998560514, 2.790000000000000036 ) ) ;
#8959 = LINE ( 'NONE', #440, #8414 ) ;
#8960 = VERTEX_POINT ( 'NONE', #10697 ) ;
#8961 = CARTESIAN_POINT ( 'NONE',  ( -2.317056430517310250, -2.042518660704589983, 0.7319304287354440053 ) ) ;
#8962 = DIRECTION ( 'NONE',  ( 0.0000000000000000000, -1.000000000000000000, 0.0000000000000000000 ) ) ;
#8963 = CARTESIAN_POINT ( 'NONE',  ( 2.909936671017274712, 0.1191213612386665954, 0.4829525989473539838 ) ) ;
#8964 = CARTESIAN_POINT ( 'NONE',  ( -2.727109065353599870, 1.702616006829235085, 0.4886507561783389741 ) ) ;
#8965 = CARTESIAN_POINT ( 'NONE',  ( 2.600000000000000089, -2.070156211871640117, 0.5000000000000000000 ) ) ;
#8966 = SURFACE_STYLE_FILL_AREA ( #6545 ) ;
#8967 = DIRECTION ( 'NONE',  ( 0.6246950475544241765, -0.7808688094430303872, 0.0000000000000000000 ) ) ;
#8968 = EDGE_CURVE ( 'NONE', #5397, #6736, #5544, .T. ) ;
#8969 = CIRCLE ( 'NONE', #4266, 0.02000000000000001082 ) ;
#8970 = ORIENTED_EDGE ( 'NONE', *, *, #4024, .F. ) ;
#8971 = CARTESIAN_POINT ( 'NONE',  ( -2.777436754491850124, 0.6814065518176469771, 2.126177352506410045 ) ) ;
#8972 = VERTEX_POINT ( 'NONE', #4889 ) ;
#8973 = FACE_OUTER_BOUND ( 'NONE', #813, .T. ) ;
#8974 = CARTESIAN_POINT ( 'NONE',  ( 0.6036923864232089931, 2.907943016403249814, 0.4886969928942789809 ) ) ;
#8975 = CARTESIAN_POINT ( 'NONE',  ( 2.500000000006284750, -2.053483384126564726, 0.4999999999999749645 ) ) ;
#8976 = CARTESIAN_POINT ( 'NONE',  ( -0.5404949627873800733, -2.687389346052949879, 0.8025474971098920385 ) ) ;
#8977 = VECTOR ( 'NONE', #95, 1000.000000000000000 ) ;
#8978 = CARTESIAN_POINT ( 'NONE',  ( 0.5999999999999999778, -1.977346891745034974, 2.799999999999999822 ) ) ;
#8979 = ORIENTED_EDGE ( 'NONE', *, *, #5481, .F. ) ;
#8980 = CARTESIAN_POINT ( 'NONE',  ( -1.817800887793560083, 2.920284914696439582, 0.4830259733767090502 ) ) ;
#8981 = CARTESIAN_POINT ( 'NONE',  ( 2.546297868881644888, -1.944835612241379907, 0.4829822350174060031 ) ) ;
#8982 = CARTESIAN_POINT ( 'NONE',  ( -0.2399940192235975045, -1.567656940554840173, 2.790000000000000036 ) ) ;
#8983 = CARTESIAN_POINT ( 'NONE',  ( 2.399999999999999911, -2.674999999999999822, 0.1000000000000000056 ) ) ;
#8984 = CARTESIAN_POINT ( 'NONE',  ( 3.000000000000000000, 1.574274178373474831, 2.399999999999999911 ) ) ;
#8985 = CARTESIAN_POINT ( 'NONE',  ( 2.533300653874960062, -1.929736843019830062, 0.5000000000000000000 ) ) ;
#8986 = CARTESIAN_POINT ( 'NONE',  ( 0.2016960644758679921, -1.636778936680179930, 2.799999999999999822 ) ) ;
#8987 = CARTESIAN_POINT ( 'NONE',  ( -1.449999999999999956, 1.184960637368067893, 2.790000000000000036 ) ) ;
#8988 = ADVANCED_FACE ( 'NONE', ( #10752 ), #10763, .T. ) ;
#8989 = MECHANICAL_DESIGN_GEOMETRIC_PRESENTATION_REPRESENTATION (  '', ( #6533 ), #2014 ) ;
#8990 = MECHANICAL_DESIGN_GEOMETRIC_PRESENTATION_REPRESENTATION (  '', ( #8290 ), #2899 ) ;
#8991 = ORIENTED_EDGE ( 'NONE', *, *, #9799, .T. ) ;
#8992 = EDGE_LOOP ( 'NONE', ( #2382, #9540, #75, #10162 ) ) ;
#8993 = LINE ( 'NONE', #7343, #995 ) ;
#8994 = CARTESIAN_POINT ( 'NONE',  ( -0.5807795887813820279, -0.1946581797905399813, 2.790000000000000036 ) ) ;
#8995 = DIRECTION ( 'NONE',  ( 0.0000000000000000000, 0.0000000000000000000, 1.000000000000000000 ) ) ;
#8996 = LINE ( 'NONE', #10799, #4306 ) ;
#8997 = CARTESIAN_POINT ( 'NONE',  ( -2.500000000000000000, 1.979625980217970316, 0.1181130769335481945 ) ) ;
#8998 = PRESENTATION_LAYER_ASSIGNMENT (  '', '', ( #629 ) ) ;
#8999 = SURFACE_STYLE_FILL_AREA ( #8026 ) ;
#9000 = ADVANCED_FACE ( 'NONE', ( #5893 ), #5041, .T. ) ;
#9001 =( GEOMETRIC_REPRESENTATION_CONTEXT ( 3 ) GLOBAL_UNCERTAINTY_ASSIGNED_CONTEXT ( ( #3350 ) ) GLOBAL_UNIT_ASSIGNED_CONTEXT ( ( #2571, #2883, #5516 ) ) REPRESENTATION_CONTEXT ( 'NONE', 'WORKASPACE' ) );
#9002 = EDGE_CURVE ( 'NONE', #9313, #5913, #5990, .T. ) ;
#9003 = VECTOR ( 'NONE', #6733, 1000.000000000000000 ) ;
#9004 = FILL_AREA_STYLE ('',( #10639 ) ) ;
#9005 = EDGE_LOOP ( 'NONE', ( #4684, #9822, #4118, #4561, #10380, #1764, #4384, #8587, #3562, #8135, #7236, #5409, #7006, #6961, #2623, #9187, #8272, #8067, #4056, #7358, #10009, #3942, #4517, #4051 ) ) ;
#9006 = CARTESIAN_POINT ( 'NONE',  ( 2.399999999999999911, 2.899999999999999911, 0.5000000000000000000 ) ) ;
#9007 = CARTESIAN_POINT ( 'NONE',  ( -2.517952901733594651, -2.642593125879564742, 0.4830019982649779720 ) ) ;
#9008 = CARTESIAN_POINT ( 'NONE',  ( -2.645745668059590106, -1.974510291194975231, 0.3864410810002315011 ) ) ;
#9009 = DIRECTION ( 'NONE',  ( 0.0000000000000000000, -1.000000000000000000, 0.0000000000000000000 ) ) ;
#9010 = VERTEX_POINT ( 'NONE', #6646 ) ;
#9011 = PLANE ( 'NONE',  #10776 ) ;
#9012 = CARTESIAN_POINT ( 'NONE',  ( 2.810572396967885300, 1.598703343523540044, 0.4886491287865579736 ) ) ;
#9013 = VECTOR ( 'NONE', #9815, 1000.000000000000000 ) ;
#9014 = CARTESIAN_POINT ( 'NONE',  ( -2.597086072748184815, 1.594004897678760191, 2.122948317079659919 ) ) ;
#9015 = STYLED_ITEM ( 'NONE', ( #6807 ), #7267 ) ;
#9016 = AXIS2_PLACEMENT_3D ( 'NONE', #9112, #4828, #9163 ) ;
#9017 = UNCERTAINTY_MEASURE_WITH_UNIT (LENGTH_MEASURE( 1.000000000000000082E-05 ), #1394, 'distance_accuracy_value', 'NONE');
#9018 = LINE ( 'NONE', #8248, #4614 ) ;
#9019 = COLOUR_RGB ( '',0.8431372549019607865, 0.8156862745098039102, 0.7529411764705882248 ) ;
#9020 = TOROIDAL_SURFACE ( 'NONE', #4155, 0.3194015293830334556, 0.05000000000000000278 ) ;
#9021 = VERTEX_POINT ( 'NONE', #9980 ) ;
#9022 = FACE_OUTER_BOUND ( 'NONE', #8527, .T. ) ;
#9023 = CARTESIAN_POINT ( 'NONE',  ( -2.799614232161160121, 0.1132133058026614097, 2.126836632393594773 ) ) ;
#9024 = ORIENTED_EDGE ( 'NONE', *, *, #7519, .T. ) ;
#9025 = DIRECTION ( 'NONE',  ( 0.0000000000000000000, 0.0000000000000000000, -1.000000000000000000 ) ) ;
#9026 = CARTESIAN_POINT ( 'NONE',  ( -0.2011281645983350186, 2.911222584788879963, 0.4830475427319900206 ) ) ;
#9027 =( NAMED_UNIT ( * ) SI_UNIT ( $, .STERADIAN. ) SOLID_ANGLE_UNIT ( ) );
#9028 = CARTESIAN_POINT ( 'NONE',  ( -2.208192420084320151, -2.908332164593139701, 0.4943389081218870218 ) ) ;
#9029 = AXIS2_PLACEMENT_3D ( 'NONE', #6514, #576, #3102 ) ;
#9030 = EDGE_CURVE ( 'NONE', #8945, #6305, #8395, .T. ) ;
#9031 = AXIS2_PLACEMENT_3D ( 'NONE', #3580, #9449, #10277 ) ;
#9032 = CIRCLE ( 'NONE', #6405, 0.05000000000000002359 ) ;
#9033 = UNCERTAINTY_MEASURE_WITH_UNIT (LENGTH_MEASURE( 1.000000000000000082E-05 ), #9403, 'distance_accuracy_value', 'NONE');
#9034 = DIRECTION ( 'NONE',  ( 0.0000000000000000000, 1.000000000000000000, 0.0000000000000000000 ) ) ;
#9035 = ORIENTED_EDGE ( 'NONE', *, *, #9363, .F. ) ;
#9036 = CARTESIAN_POINT ( 'NONE',  ( -2.044085076711795068, 2.701844355009854759, 2.399999999999999911 ) ) ;
#9037 = PRESENTATION_LAYER_ASSIGNMENT (  '', '', ( #675 ) ) ;
#9038 = CARTESIAN_POINT ( 'NONE',  ( 2.268438336463100224, -1.756762681121669889, 0.8036112180847609920 ) ) ;
#9039 = AXIS2_PLACEMENT_3D ( 'NONE', #3343, #2576, #5896 ) ;
#9040 = CARTESIAN_POINT ( 'NONE',  ( -0.1090909090909085999, -1.657379359277499908, 2.790000000000000036 ) ) ;
#9041 = CARTESIAN_POINT ( 'NONE',  ( -2.322002479844089695, -1.971171876381354826, 0.7382123128352560126 ) ) ;
#9042 = FACE_OUTER_BOUND ( 'NONE', #9436, .T. ) ;
#9043 = CARTESIAN_POINT ( 'NONE',  ( 2.611934987625040172, 1.210691280980934037, 0.8038882043570230174 ) ) ;
#9044 = CARTESIAN_POINT ( 'NONE',  ( 2.554864190264370283, -1.644184833541884938, 2.122644347859169667 ) ) ;
#9045 = LINE ( 'NONE', #9095, #4529 ) ;
#9046 = CARTESIAN_POINT ( 'NONE',  ( -2.904960620002619898, -1.490304128304233977, 0.4829710887453460000 ) ) ;
#9047 = DIRECTION ( 'NONE',  ( 0.0000000000000000000, 1.000000000000000000, 0.0000000000000000000 ) ) ;
#9048 = ORIENTED_EDGE ( 'NONE', *, *, #9622, .T. ) ;
#9049 = FILL_AREA_STYLE_COLOUR ( '', #5349 ) ;
#9050 = ORIENTED_EDGE ( 'NONE', *, *, #10118, .F. ) ;
#9051 = DIRECTION ( 'NONE',  ( -5.451252396346569814E-12, 7.508278481122140539E-12, 1.000000000000000000 ) ) ;
#9052 = FACE_OUTER_BOUND ( 'NONE', #946, .T. ) ;
#9053 = CARTESIAN_POINT ( 'NONE',  ( 2.500000000000000000, 2.000000000000000000, -0.3330127018922190429 ) ) ;
#9054 = DIRECTION ( 'NONE',  ( -0.8104513319715728192, 0.5858059734293459275, 0.0000000000000000000 ) ) ;
#9055 = PRESENTATION_STYLE_ASSIGNMENT (( #2410 ) ) ;
#9056 = CARTESIAN_POINT ( 'NONE',  ( -2.414282326247679578, 2.004042074047625022, 0.6999999999999999556 ) ) ;
#9057 = STYLED_ITEM ( 'NONE', ( #6452 ), #3468 ) ;
#9058 = CARTESIAN_POINT ( 'NONE',  ( -0.5999999999999999778, -1.078807930706071838, 2.799999999999999822 ) ) ;
#9059 = CARTESIAN_POINT ( 'NONE',  ( 2.419677459141414744, -1.325571965882343273, 0.1000000000000000056 ) ) ;
#9060 = CARTESIAN_POINT ( 'NONE',  ( -0.5350103769104849194, 6.551987455940443397E-17, 0.09999999999999999167 ) ) ;
#9061 = ORIENTED_EDGE ( 'NONE', *, *, #1550, .F. ) ;
#9062 = CARTESIAN_POINT ( 'NONE',  ( 0.0000000000000000000, 0.0000000000000000000, 0.3499999999999999778 ) ) ;
#9063 = CARTESIAN_POINT ( 'NONE',  ( -2.462412036569565199, -2.920865421626550162, 0.4830107667262540372 ) ) ;
#9064 = EDGE_CURVE ( 'NONE', #5703, #7311, #8954, .T. ) ;
#9065 = CYLINDRICAL_SURFACE ( 'NONE', #10405, 0.4000000000000000222 ) ;
#9066 = CARTESIAN_POINT ( 'NONE',  ( 0.1957044358701695019, 0.5616631671116549818, 2.790000000000000036 ) ) ;
#9067 = CARTESIAN_POINT ( 'NONE',  ( -0.3918581830457260051, -1.456806005276649829, 2.790000000000000036 ) ) ;
#9068 = ORIENTED_EDGE ( 'NONE', *, *, #4999, .F. ) ;
#9069 = DIRECTION ( 'NONE',  ( -2.794185464660628172E-16, 1.000000000000000000, 0.0000000000000000000 ) ) ;
#9070 =( NAMED_UNIT ( * ) SI_UNIT ( $, .STERADIAN. ) SOLID_ANGLE_UNIT ( ) );
#9071 = CARTESIAN_POINT ( 'NONE',  ( 2.898406522402465324, 1.500600060617474973, 0.4829713351117069786 ) ) ;
#9072 = CARTESIAN_POINT ( 'NONE',  ( -2.689425209647700488, 1.400377206544619835, 2.124037374031969794 ) ) ;
#9073 = EDGE_CURVE ( 'NONE', #2404, #4087, #10097, .T. ) ;
#9074 = CARTESIAN_POINT ( 'NONE',  ( 2.912132034355964905, 1.837867965644034873, 2.700000000000000178 ) ) ;
#9075 = MECHANICAL_DESIGN_GEOMETRIC_PRESENTATION_REPRESENTATION (  '', ( #3332 ), #7667 ) ;
#9076 = CARTESIAN_POINT ( 'NONE',  ( -0.1090909090909090023, -0.5384670216151629107, 2.799999999999999822 ) ) ;
#9077 = VERTEX_POINT ( 'NONE', #9218 ) ;
#9078 = CARTESIAN_POINT ( 'NONE',  ( -2.909936671017094856, -0.1191213612386659987, 0.4829525989476729508 ) ) ;
#9079 = EDGE_CURVE ( 'NONE', #6303, #2760, #1929, .T. ) ;
#9080 = ORIENTED_EDGE ( 'NONE', *, *, #10427, .F. ) ;
#9081 = DIRECTION ( 'NONE',  ( -1.000000000000000000, 0.0000000000000000000, 0.0000000000000000000 ) ) ;
#9082 = CARTESIAN_POINT ( 'NONE',  ( 0.2011281643929704877, 2.911222584788879963, 0.4830475427319890214 ) ) ;
#9083 =( NAMED_UNIT ( * ) PLANE_ANGLE_UNIT ( ) SI_UNIT ( $, .RADIAN. ) );
#9084 = CARTESIAN_POINT ( 'NONE',  ( -1.712896288290954860, -2.750000000000000000, 2.399999999999999911 ) ) ;
#9085 = LINE ( 'NONE', #5003, #5925 ) ;
#9086 = ORIENTED_EDGE ( 'NONE', *, *, #8599, .T. ) ;
#9087 = CARTESIAN_POINT ( 'NONE',  ( -2.508651015636120363, 2.064568705503584845, 0.4886572528678089222 ) ) ;
#9088 = EDGE_CURVE ( 'NONE', #9021, #7145, #6904, .T. ) ;
#9089 = CARTESIAN_POINT ( 'NONE',  ( 2.727109065353699791, -1.702616006829110074, 0.4886507561783750009 ) ) ;
#9090 = CARTESIAN_POINT ( 'NONE',  ( -2.725209300606874496, 2.036648815109380006, 0.3864410810002315011 ) ) ;
#9091 = LINE ( 'NONE', #3315, #7096 ) ;
#9092 = CARTESIAN_POINT ( 'NONE',  ( 2.185463732090439759, 0.8573133857333430363, 1.462975927169176016 ) ) ;
#9093 = CARTESIAN_POINT ( 'NONE',  ( 2.717404301505635278, -1.693166517182139952, 0.5000000000000000000 ) ) ;
#9094 = ORIENTED_EDGE ( 'NONE', *, *, #1794, .T. ) ;
#9095 = CARTESIAN_POINT ( 'NONE',  ( 2.643826238111394833, -1.945217202360755016, 0.5000000000000000000 ) ) ;
#9096 = CARTESIAN_POINT ( 'NONE',  ( -2.893050673459794719, -1.496066098610123962, 0.4886475567414639287 ) ) ;
#9097 = DIRECTION ( 'NONE',  ( 0.0000000000000000000, 0.0000000000000000000, -1.000000000000000000 ) ) ;
#9098 = EDGE_LOOP ( 'NONE', ( #9024, #8788, #5750, #10021 ) ) ;
#9099 = ADVANCED_FACE ( 'NONE', ( #3501 ), #6800, .F. ) ;
#9100 = CARTESIAN_POINT ( 'NONE',  ( -0.1859858810939220009, 0.5331676355685870394, 2.790000000000000036 ) ) ;
#9101 = VERTEX_POINT ( 'NONE', #1035 ) ;
#9102 = CARTESIAN_POINT ( 'NONE',  ( -1.149999999999999911, 3.010000000000000231, 0.09000000000000001055 ) ) ;
#9103 = DIRECTION ( 'NONE',  ( 0.0000000000000000000, -1.000000000000000000, 0.0000000000000000000 ) ) ;
#9104 =( NAMED_UNIT ( * ) SI_UNIT ( $, .STERADIAN. ) SOLID_ANGLE_UNIT ( ) );
#9105 = PLANE ( 'NONE',  #4139 ) ;
#9106 = CARTESIAN_POINT ( 'NONE',  ( -2.500000000000000000, 1.974562178483810104, 0.1213744663279290037 ) ) ;
#9107 = PRODUCT ( '012E0C0D-5A8E-4AAC-9131-D6E6F4F66FAE', '012E0C0D-5A8E-4AAC-9131-D6E6F4F66FAE', '', ( #10436 ) ) ;
#9108 = CARTESIAN_POINT ( 'NONE',  ( 0.4684256701484629803, 0.3641833521950575414, 2.799999999999999822 ) ) ;
#9109 = CARTESIAN_POINT ( 'NONE',  ( -2.500000000000000000, -2.040210932500469809, 0.1270939735636498202 ) ) ;
#9110 = ORIENTED_EDGE ( 'NONE', *, *, #1739, .F. ) ;
#9111 = CARTESIAN_POINT ( 'NONE',  ( -2.036066979296144996, -2.150157591643150123, 2.119848661503370035 ) ) ;
#9112 = CARTESIAN_POINT ( 'NONE',  ( 2.600000000000000089, 2.000000000000000000, -0.3330127018922190429 ) ) ;
#9113 = DIRECTION ( 'NONE',  ( 0.5769594083632673120, -0.8167728209858042820, 0.0000000000000000000 ) ) ;
#9114 = EDGE_LOOP ( 'NONE', ( #7566, #196, #2811, #8015, #8867 ) ) ;
#9115 = SURFACE_STYLE_USAGE ( .BOTH. , #876 ) ;
#9116 = CARTESIAN_POINT ( 'NONE',  ( 2.723994460176450083, 1.695716454265774997, 0.4943253406962889729 ) ) ;
#9117 = CARTESIAN_POINT ( 'NONE',  ( -2.904400855836930084, 1.073451333746157976, 0.4943209964400518963 ) ) ;
#9118 = CARTESIAN_POINT ( 'NONE',  ( -2.307136027711125248, 2.008389738591019658, 0.7500000000000000000 ) ) ;
#9119 =( GEOMETRIC_REPRESENTATION_CONTEXT ( 3 ) GLOBAL_UNCERTAINTY_ASSIGNED_CONTEXT ( ( #4018 ) ) GLOBAL_UNIT_ASSIGNED_CONTEXT ( ( #9469, #205, #915 ) ) REPRESENTATION_CONTEXT ( 'NONE', 'WORKASPACE' ) );
#9120 = EDGE_CURVE ( 'NONE', #1070, #4508, #8146, .T. ) ;
#9121 = UNCERTAINTY_MEASURE_WITH_UNIT (LENGTH_MEASURE( 1.000000000000000082E-05 ), #3548, 'distance_accuracy_value', 'NONE');
#9122 = CARTESIAN_POINT ( 'NONE',  ( -0.1463446132156279722, 0.6098422153945179947, 2.799999999999999822 ) ) ;
#9123 = ORIENTED_EDGE ( 'NONE', *, *, #7351, .T. ) ;
#9124 = DIRECTION ( 'NONE',  ( 1.000000000000000000, 0.0000000000000000000, 0.0000000000000000000 ) ) ;
#9125 = CARTESIAN_POINT ( 'NONE',  ( -2.906789687977554770, -0.3573599831901074775, 0.4886356568657700961 ) ) ;
#9126 = EDGE_LOOP ( 'NONE', ( #6166, #7380, #7305, #551 ) ) ;
#9127 =( GEOMETRIC_REPRESENTATION_CONTEXT ( 3 ) GLOBAL_UNCERTAINTY_ASSIGNED_CONTEXT ( ( #3140 ) ) GLOBAL_UNIT_ASSIGNED_CONTEXT ( ( #6428, #8946, #9104 ) ) REPRESENTATION_CONTEXT ( 'NONE', 'WORKASPACE' ) );
#9128 =( NAMED_UNIT ( * ) PLANE_ANGLE_UNIT ( ) SI_UNIT ( $, .RADIAN. ) );
#9129 = CARTESIAN_POINT ( 'NONE',  ( -0.6048303823489529218, 2.911914524602054577, 0.4830454893414229955 ) ) ;
#9130 = CARTESIAN_POINT ( 'NONE',  ( -0.5807795887813820279, 0.9274197422873819985, 2.790000000000000036 ) ) ;
#9131 = CARTESIAN_POINT ( 'NONE',  ( -1.211950970976254149, -2.915076103055394885, 0.4830375302654639769 ) ) ;
#9132 = ADVANCED_FACE ( 'NONE', ( #2789 ), #4536, .T. ) ;
#9133 = COLOUR_RGB ( '',0.7686274509803920907, 0.7686274509803920907, 0.7686274509803920907 ) ;
#9134 = DIRECTION ( 'NONE',  ( 0.0000000000000000000, 0.0000000000000000000, 1.000000000000000000 ) ) ;
#9135 = ORIENTED_EDGE ( 'NONE', *, *, #8942, .T. ) ;
#9136 = CARTESIAN_POINT ( 'NONE',  ( 0.1633928571428575061, -0.5396845540826950005, 2.790000000000000036 ) ) ;
#9137 = EDGE_CURVE ( 'NONE', #2325, #9468, #8829, .T. ) ;
#9138 = CARTESIAN_POINT ( 'NONE',  ( -2.399523619776104955, 1.804663465823139967, 2.121824107313834862 ) ) ;
#9139 = ORIENTED_EDGE ( 'NONE', *, *, #157, .T. ) ;
#9140 = CARTESIAN_POINT ( 'NONE',  ( 0.5999999999999999778, -0.8552689696671109676, 2.790000000000000036 ) ) ;
#9141 = CARTESIAN_POINT ( 'NONE',  ( -0.3086466781300214457, -1.517716298297540067, 2.799999999999999822 ) ) ;
#9142 = DIRECTION ( 'NONE',  ( -3.203166744464219909E-16, -1.000000000000000000, 0.0000000000000000000 ) ) ;
#9143 = CARTESIAN_POINT ( 'NONE',  ( 2.504325507819525232, 2.059026044851819837, 0.4943286264338440650 ) ) ;
#9144 = CARTESIAN_POINT ( 'NONE',  ( 2.784823967674209921, -1.965176032325795186, 2.399999999999999911 ) ) ;
#9145 = VECTOR ( 'NONE', #2724, 1000.000000000000000 ) ;
#9146 = ORIENTED_EDGE ( 'NONE', *, *, #8034, .T. ) ;
#9147 = DIRECTION ( 'NONE',  ( -1.000000000000000000, 0.0000000000000000000, 0.0000000000000000000 ) ) ;
#9148 = CARTESIAN_POINT ( 'NONE',  ( -2.653355883858349973, -1.805059004714959947, 0.4829784230751779650 ) ) ;
#9149 = MECHANICAL_DESIGN_GEOMETRIC_PRESENTATION_REPRESENTATION (  '', ( #9667 ), #4987 ) ;
#9150 = ORIENTED_EDGE ( 'NONE', *, *, #1809, .T. ) ;
#9151 =( NAMED_UNIT ( * ) PLANE_ANGLE_UNIT ( ) SI_UNIT ( $, .RADIAN. ) );
#9152 = CARTESIAN_POINT ( 'NONE',  ( -2.399999999999999911, 2.000000000000000000, 2.328125000000000000 ) ) ;
#9153 = FACE_OUTER_BOUND ( 'NONE', #2966, .T. ) ;
#9154 = FACE_OUTER_BOUND ( 'NONE', #3310, .T. ) ;
#9155 = CARTESIAN_POINT ( 'NONE',  ( -3.000000000000000000, 1.449999999999999956, 0.1000000000000000056 ) ) ;
#9156 = DIRECTION ( 'NONE',  ( -1.000000000000000000, 0.0000000000000000000, 0.0000000000000000000 ) ) ;
#9157 = CARTESIAN_POINT ( 'NONE',  ( -2.736981910144455021, -2.004042072541096342, 0.3864410810002315011 ) ) ;
#9158 = EDGE_CURVE ( 'NONE', #3670, #2858, #6307, .T. ) ;
#9159 = FACE_OUTER_BOUND ( 'NONE', #3759, .T. ) ;
#9160 = VECTOR ( 'NONE', #1477, 1000.000000000000000 ) ;
#9161 = VERTEX_POINT ( 'NONE', #7792 ) ;
#9162 = CARTESIAN_POINT ( 'NONE',  ( -2.512795384593890180, -2.756836149241124634, 0.4886703376759210515 ) ) ;
#9163 = DIRECTION ( 'NONE',  ( 0.0000000000000000000, 0.0000000000000000000, 1.000000000000000000 ) ) ;
#9164 = CARTESIAN_POINT ( 'NONE',  ( -1.976660526382914895, 2.735515474110040035, 2.399999999999999911 ) ) ;
#9165 = EDGE_LOOP ( 'NONE', ( #6720, #9784, #5129, #8731 ) ) ;
#9166 = DIRECTION ( 'NONE',  ( 0.0000000000000000000, 0.0000000000000000000, -1.000000000000000000 ) ) ;
#9167 = LINE ( 'NONE', #925, #7981 ) ;
#9168 = CARTESIAN_POINT ( 'NONE',  ( 2.571050564592175292, 1.279264838926515990, 0.8038554312512460331 ) ) ;
#9169 = CARTESIAN_POINT ( 'NONE',  ( -2.910168380631494855, 1.452503076475510024, 0.4886472060879960000 ) ) ;
#9170 = DIRECTION ( 'NONE',  ( 0.0000000000000000000, 1.000000000000000000, 0.0000000000000000000 ) ) ;
#9171 = MECHANICAL_DESIGN_GEOMETRIC_PRESENTATION_REPRESENTATION (  '', ( #464 ), #10571 ) ;
#9172 = PRESENTATION_LAYER_ASSIGNMENT (  '', '', ( #10209 ) ) ;
#9173 = FACE_OUTER_BOUND ( 'NONE', #7091, .T. ) ;
#9174 = ORIENTED_EDGE ( 'NONE', *, *, #1028, .T. ) ;
#9175 = PLANE ( 'NONE',  #10728 ) ;
#9176 = CARTESIAN_POINT ( 'NONE',  ( -2.910192134279160125, 0.3618054548725825326, 0.4829535158293700170 ) ) ;
#9177 = CARTESIAN_POINT ( 'NONE',  ( 2.600000000000000089, -2.799999999999999822, 0.5000000000000000000 ) ) ;
#9178 = AXIS2_PLACEMENT_3D ( 'NONE', #838, #7486, #10772 ) ;
#9179 = VERTEX_POINT ( 'NONE', #2886 ) ;
#9180 = FILL_AREA_STYLE ('',( #262 ) ) ;
#9181 = AXIS2_PLACEMENT_3D ( 'NONE', #9717, #2263, #10424 ) ;
#9182 = CARTESIAN_POINT ( 'NONE',  ( -1.918062981879375073, 2.748290566000604951, 2.399999999999999911 ) ) ;
#9183 = AXIS2_PLACEMENT_3D ( 'NONE', #2130, #5355, #490 ) ;
#9184 = AXIS2_PLACEMENT_3D ( 'NONE', #8608, #4473, #4530 ) ;
#9185 = AXIS2_PLACEMENT_3D ( 'NONE', #5253, #2674, #921 ) ;
#9186 = SURFACE_STYLE_FILL_AREA ( #7651 ) ;
#9187 = ORIENTED_EDGE ( 'NONE', *, *, #3483, .T. ) ;
#9188 = CARTESIAN_POINT ( 'NONE',  ( -2.455619438815950240, 1.748071640386374970, 2.122128831548379946 ) ) ;
#9189 = ORIENTED_EDGE ( 'NONE', *, *, #5348, .T. ) ;
#9190 = CARTESIAN_POINT ( 'NONE',  ( -0.1207400502135406034, -1.667323764346694936, 2.799999999999999822 ) ) ;
#9191 = CARTESIAN_POINT ( 'NONE',  ( -0.3485302928463295258, -1.488728420530059937, 2.799999999999999822 ) ) ;
#9192 = EDGE_CURVE ( 'NONE', #208, #7468, #6201, .T. ) ;
#9193 = LINE ( 'NONE', #950, #2241 ) ;
#9194 = CARTESIAN_POINT ( 'NONE',  ( 2.273576287555934883, 1.732045291520704966, 0.8036276495697169953 ) ) ;
#9195 = CARTESIAN_POINT ( 'NONE',  ( 2.904507470624840160, -1.491642015642343999, 0.4829713793887350226 ) ) ;
#9196 = VECTOR ( 'NONE', #4179, 1000.000000000000000 ) ;
#9197 = EDGE_LOOP ( 'NONE', ( #10381, #1557, #392, #2647 ) ) ;
#9198 = DIRECTION ( 'NONE',  ( 0.0000000000000000000, 0.0000000000000000000, 1.000000000000000000 ) ) ;
#9199 = CARTESIAN_POINT ( 'NONE',  ( -2.301698508441004876, -1.659824637235985056, 0.8036762491026639976 ) ) ;
#9200 = UNCERTAINTY_MEASURE_WITH_UNIT (LENGTH_MEASURE( 1.000000000000000082E-05 ), #755, 'distance_accuracy_value', 'NONE');
#9201 = ORIENTED_EDGE ( 'NONE', *, *, #1376, .F. ) ;
#9202 = VECTOR ( 'NONE', #5578, 1000.000000000000000 ) ;
#9203 = CARTESIAN_POINT ( 'NONE',  ( 0.1518544648532779706, -2.619532199182979859, 2.113405993156165064 ) ) ;
#9204 = EDGE_CURVE ( 'NONE', #1847, #7999, #1152, .T. ) ;
#9205 = DIRECTION ( 'NONE',  ( 0.0000000000000000000, 0.0000000000000000000, 1.000000000000000000 ) ) ;
#9206 = CARTESIAN_POINT ( 'NONE',  ( 2.220702636113594863, -0.7830685070676449699, 1.463223041618125997 ) ) ;
#9207 = CARTESIAN_POINT ( 'NONE',  ( 2.443292956658934756, -2.892897529844415061, 0.5000000000000000000 ) ) ;
#9208 = SURFACE_STYLE_FILL_AREA ( #4469 ) ;
#9209 = MECHANICAL_DESIGN_GEOMETRIC_PRESENTATION_REPRESENTATION (  '', ( #6593 ), #5395 ) ;
#9210 = CARTESIAN_POINT ( 'NONE',  ( 4.336808689942017736E-16, 2.899999999999999911, 0.5000000000000000000 ) ) ;
#9211 = CIRCLE ( 'NONE', #10785, 0.1499999999999999667 ) ;
#9212 = CARTESIAN_POINT ( 'NONE',  ( 0.5100350800582680311, 0.3336804148781429835, 2.790000000000000036 ) ) ;
#9213 = CARTESIAN_POINT ( 'NONE',  ( 2.899999999999999911, -1.429843788128356108, 0.5000000000000000000 ) ) ;
#9214 = VERTEX_POINT ( 'NONE', #4648 ) ;
#9215 = VECTOR ( 'NONE', #1734, 1000.000000000000000 ) ;
#9216 = CARTESIAN_POINT ( 'NONE',  ( -2.213601253087299714, -2.916664329186279936, 0.4886778162437739326 ) ) ;
#9217 = B_SPLINE_CURVE_WITH_KNOTS ( 'NONE', 3,
 ( #9705, #10412, #5471, #7017 ),
 .UNSPECIFIED., .F., .F.,
 ( 4, 4 ),
 ( 0.0000000000000000000, 1.000000000000000000 ),
 .UNSPECIFIED. ) ;
#9218 = CARTESIAN_POINT ( 'NONE',  ( -1.149999999999999911, 2.604044926314895037, 0.07972651605231850791 ) ) ;
#9219 = CARTESIAN_POINT ( 'NONE',  ( 1.149999999999999911, -3.000000000000000000, 0.5000000000000000000 ) ) ;
#9220 = EDGE_CURVE ( 'NONE', #7276, #10219, #7957, .T. ) ;
#9221 = CARTESIAN_POINT ( 'NONE',  ( 1.875735931288069924, -2.750000000000000000, 2.799999999999999822 ) ) ;
#9222 = CARTESIAN_POINT ( 'NONE',  ( 2.799999999999999822, 1.429843788128356108, 0.1000000000000000056 ) ) ;
#9223 = CYLINDRICAL_SURFACE ( 'NONE', #2077, 0.7000000000000000666 ) ;
#9224 = CARTESIAN_POINT ( 'NONE',  ( 2.607407155452134528, 1.222546180318302200, 0.8038817002137600420 ) ) ;
#9225 = CARTESIAN_POINT ( 'NONE',  ( -2.910665112718745284, 1.443106157728804018, 0.4886470803757790859 ) ) ;
#9226 = UNCERTAINTY_MEASURE_WITH_UNIT (LENGTH_MEASURE( 1.000000000000000082E-05 ), #3222, 'distance_accuracy_value', 'NONE');
#9227 = CARTESIAN_POINT ( 'NONE',  ( -2.635954200494962762, 2.003312249839791725, 0.3864410810002315011 ) ) ;
#9228 = EDGE_LOOP ( 'NONE', ( #4186, #6143, #10039, #10129 ) ) ;
#9229 = CARTESIAN_POINT ( 'NONE',  ( -2.414282326247679578, 2.004042074047625022, 0.4249999999999999889 ) ) ;
#9230 = CARTESIAN_POINT ( 'NONE',  ( -2.527356679910260251, -1.341933982522158120, 0.8038286752945860147 ) ) ;
#9231 = DIRECTION ( 'NONE',  ( 0.0000000000000000000, 0.0000000000000000000, -1.000000000000000000 ) ) ;
#9232 = EDGE_CURVE ( 'NONE', #1698, #1717, #3807, .T. ) ;
#9233 = ORIENTED_EDGE ( 'NONE', *, *, #7544, .F. ) ;
#9234 = AXIS2_PLACEMENT_3D ( 'NONE', #1159, #4501, #7034 ) ;
#9235 = CARTESIAN_POINT ( 'NONE',  ( -1.813745466222625113, 2.913523276464290213, 0.4886839822511390152 ) ) ;
#9236 = CIRCLE ( 'NONE', #7318, 0.1800000000000000488 ) ;
#9237 = DIRECTION ( 'NONE',  ( -3.203166744464219909E-16, 1.000000000000000000, 0.0000000000000000000 ) ) ;
#9238 = B_SPLINE_CURVE_WITH_KNOTS ( 'NONE', 3,
 ( #762, #2474, #4101, #3337, #1591, #870, #9006 ),
 .UNSPECIFIED., .F., .F.,
 ( 4, 1, 1, 1, 4 ),
 ( 0.0000000000000000000, 3.897436614261355267E-05, 7.794873228522820310E-05, 0.0001169230984278427993, 0.0001558974645704564875 ),
 .UNSPECIFIED. ) ;
#9239 = CARTESIAN_POINT ( 'NONE',  ( 0.1693741817512280090, -1.658277757035669930, 2.790000000000000036 ) ) ;
#9240 = EDGE_LOOP ( 'NONE', ( #6230, #65, #906, #7953 ) ) ;
#9241 = CARTESIAN_POINT ( 'NONE',  ( 1.149999999999999911, 2.674999999999999822, 0.1000000000000000056 ) ) ;
#9242 = CARTESIAN_POINT ( 'NONE',  ( -2.137344787298585125, 2.352158022449239994, 0.8032088813109898862 ) ) ;
#9243 = VERTEX_POINT ( 'NONE', #8019 ) ;
#9244 = LINE ( 'NONE', #897, #1977 ) ;
#9245 = CARTESIAN_POINT ( 'NONE',  ( -0.4892917872147509728, -1.384660365403052040, 2.799999999999999822 ) ) ;
#9246 = FACE_OUTER_BOUND ( 'NONE', #5091, .T. ) ;
#9247 = CARTESIAN_POINT ( 'NONE',  ( 2.603093003961594931, 1.867606244178785069, 0.4829800666091879635 ) ) ;
#9248 = CARTESIAN_POINT ( 'NONE',  ( 2.595195518776889809, -1.242197731185493925, 0.8038665454410369726 ) ) ;
#9249 = SURFACE_STYLE_FILL_AREA ( #4404 ) ;
#9250 = CARTESIAN_POINT ( 'NONE',  ( -2.399523619703824995, -1.804663465812714973, 2.121824107301660156 ) ) ;
#9251 = ADVANCED_FACE ( 'NONE', ( #9052 ), #7524, .T. ) ;
#9252 = ORIENTED_EDGE ( 'NONE', *, *, #1608, .F. ) ;
#9253 = CARTESIAN_POINT ( 'NONE',  ( 0.4532578488922350268, -2.608207906485574767, 2.113696463439460160 ) ) ;
#9254 = DIRECTION ( 'NONE',  ( 1.000000000000000000, 0.0000000000000000000, 0.0000000000000000000 ) ) ;
#9255 = CARTESIAN_POINT ( 'NONE',  ( 2.612828320679884797, -1.201842935004500124, 0.8038801401606640029 ) ) ;
#9256 = CARTESIAN_POINT ( 'NONE',  ( 1.602478115405860049, -2.394548523481240032, 2.117765524160439838 ) ) ;
#9257 = SURFACE_SIDE_STYLE ('',( #6842 ) ) ;
#9258 = CARTESIAN_POINT ( 'NONE',  ( 0.2737454707871014858, 0.5066438607409730066, 2.790000000000000036 ) ) ;
#9259 = EDGE_CURVE ( 'NONE', #2868, #5717, #10758, .T. ) ;
#9260 = DIRECTION ( 'NONE',  ( 0.0000000000000000000, 0.0000000000000000000, 1.000000000000000000 ) ) ;
#9261 = VERTEX_POINT ( 'NONE', #10798 ) ;
#9262 = FACE_OUTER_BOUND ( 'NONE', #4788, .T. ) ;
#9263 = CARTESIAN_POINT ( 'NONE',  ( -1.809690044585289925, -2.906761638232949974, 0.4943419911258830068 ) ) ;
#9264 = CARTESIAN_POINT ( 'NONE',  ( 2.087867965644035095, 2.662132034355964905, 2.399999999999999911 ) ) ;
#9265 = FACE_OUTER_BOUND ( 'NONE', #4946, .T. ) ;
#9266 = EDGE_LOOP ( 'NONE', ( #4326, #186, #4825, #9558 ) ) ;
#9267 = DIRECTION ( 'NONE',  ( -1.000000000000000000, 0.0000000000000000000, 0.0000000000000000000 ) ) ;
#9268 = LINE ( 'NONE', #10041, #1016 ) ;
#9269 = CARTESIAN_POINT ( 'NONE',  ( 2.644065530895959970, 1.795450635602259926, 0.4943261410248739884 ) ) ;
#9270 = CARTESIAN_POINT ( 'NONE',  ( -2.719295251495589927, 1.238181275668192249, 2.124675218183854852 ) ) ;
#9271 = CARTESIAN_POINT ( 'NONE',  ( -2.312445310672319732, 2.036143165002789690, 0.7385435811082159407 ) ) ;
#9272 = LINE ( 'NONE', #6109, #2533 ) ;
#9273 = ORIENTED_EDGE ( 'NONE', *, *, #2999, .F. ) ;
#9274 = LINE ( 'NONE', #5158, #4113 ) ;
#9275 = CARTESIAN_POINT ( 'NONE',  ( -3.000000000000000000, -1.574274178373474831, 2.399999999999999911 ) ) ;
#9276 = LINE ( 'NONE', #3513, #3095 ) ;
#9277 = CARTESIAN_POINT ( 'NONE',  ( -2.799999999999999822, -1.429843788128356108, 0.5000000000000000000 ) ) ;
#9278 = ORIENTED_EDGE ( 'NONE', *, *, #994, .F. ) ;
#9279 = CARTESIAN_POINT ( 'NONE',  ( -1.588531752203864889, 2.538022571426389540, 0.8028957529073510457 ) ) ;
#9280 = AXIS2_PLACEMENT_3D ( 'NONE', #1755, #8240, #1540 ) ;
#9281 = CARTESIAN_POINT ( 'NONE',  ( -0.1321134603316795886, 0.5998234557979940096, 2.790000000000000036 ) ) ;
#9282 =( LENGTH_UNIT ( ) NAMED_UNIT ( * ) SI_UNIT ( .MILLI., .METRE. ) );
#9283 = EDGE_CURVE ( 'NONE', #2760, #7688, #7673, .T. ) ;
#9284 = CARTESIAN_POINT ( 'NONE',  ( 0.2386309232327600005, -1.609184643809735249, 2.790000000000000036 ) ) ;
#9285 = AXIS2_PLACEMENT_3D ( 'NONE', #6148, #9474, #2011 ) ;
#9286 = ORIENTED_EDGE ( 'NONE', *, *, #7743, .F. ) ;
#9287 = DIRECTION ( 'NONE',  ( 0.0000000000000000000, 0.0000000000000000000, 1.000000000000000000 ) ) ;
#9288 = CARTESIAN_POINT ( 'NONE',  ( -2.852020077958945077, 1.524896796615500039, 0.5000000000000000000 ) ) ;
#9289 = B_SPLINE_CURVE_WITH_KNOTS ( 'NONE', 3,
 ( #1268, #3075, #6382, #1437, #4780, #609, #2094, #442, #8794, #3949, #10486, #10596, #2907, #3134, #6442, #506, #9776, #1484, #2317, #7032, #5631, #8961, #7863, #385, #6219, #3024, #9547, #5430, #10429, #6272, #9607, #5485, #1325, #4667 ),
 .UNSPECIFIED., .F., .F.,
 ( 4, 3, 3, 3, 3, 3, 3, 3, 3, 3, 3, 4 ),
 ( 0.0001783545190213586134, 0.0001890021184611379978, 0.0002025220365764325125, 0.0002177420612467164827, 0.0002406447918783339917, 0.0002638722667637594761, 0.0002915561853720355368, 0.0003122500179248350379, 0.0003282838976197365293, 0.0003418191188707080238, 0.0003554095095098909821, 0.0003575560251095810031 ),
 .UNSPECIFIED. ) ;
#9290 = VERTEX_POINT ( 'NONE', #2614 ) ;
#9291 = ORIENTED_EDGE ( 'NONE', *, *, #4352, .F. ) ;
#9292 = CARTESIAN_POINT ( 'NONE',  ( -0.1126768240424882023, -1.662631644685024890, 2.790000000000000036 ) ) ;
#9293 = CARTESIAN_POINT ( 'NONE',  ( -0.3485302928463295258, -1.488728420530059937, 2.790000000000000036 ) ) ;
#9294 = CARTESIAN_POINT ( 'NONE',  ( -0.5999999999999999778, -2.200885852783994956, 2.799999999999999822 ) ) ;
#9295 = CARTESIAN_POINT ( 'NONE',  ( 2.655004383468010154, 1.494323825594406019, 2.123523221582180209 ) ) ;
#9296 = CARTESIAN_POINT ( 'NONE',  ( 2.913202567510950303, -1.079890169295302016, 0.4829629893200009794 ) ) ;
#9297 = SURFACE_STYLE_USAGE ( .BOTH. , #7548 ) ;
#9298 = CARTESIAN_POINT ( 'NONE',  ( -2.589575150554849881, -1.852952955870615037, 0.5000000000000000000 ) ) ;
#9299 = SURFACE_STYLE_FILL_AREA ( #4351 ) ;
#9300 = AXIS2_PLACEMENT_3D ( 'NONE', #1222, #2154, #5435 ) ;
#9301 = ORIENTED_EDGE ( 'NONE', *, *, #3231, .F. ) ;
#9302 = CARTESIAN_POINT ( 'NONE',  ( 1.812421266886220073, 2.329515860026699858, 2.118773468848205166 ) ) ;
#9303 = CARTESIAN_POINT ( 'NONE',  ( 2.219010086064865384, -2.924996493779774998, 0.4830167243655260068 ) ) ;
#9304 = FACE_BOUND ( 'NONE', #800, .T. ) ;
#9305 = FILL_AREA_STYLE ('',( #3427 ) ) ;
#9306 = CARTESIAN_POINT ( 'NONE',  ( -0.1337711258411730109, -0.5536382354210389600, 2.790000000000000036 ) ) ;
#9307 = CARTESIAN_POINT ( 'NONE',  ( 2.689425209650880166, -1.400377206542430031, 2.124037374031489733 ) ) ;
#9308 = CARTESIAN_POINT ( 'NONE',  ( 2.487374478055814908, -2.888901700429599817, 0.4886730660064609322 ) ) ;
#9309 = EDGE_CURVE ( 'NONE', #5736, #6073, #2926, .T. ) ;
#9310 = CYLINDRICAL_SURFACE ( 'NONE', #6918, 0.2000000000000000944 ) ;
#9311 = COLOUR_RGB ( '',0.7686274509803920907, 0.7686274509803920907, 0.7686274509803920907 ) ;
#9312 = DIRECTION ( 'NONE',  ( 3.203166744464219909E-16, -1.000000000000000000, 0.0000000000000000000 ) ) ;
#9313 = VERTEX_POINT ( 'NONE', #9967 ) ;
#9314 = FILL_AREA_STYLE ('',( #5987 ) ) ;
#9315 = CARTESIAN_POINT ( 'NONE',  ( -0.1518544646982245006, -2.619532199182979859, 2.113405993156165064 ) ) ;
#9316 = DIRECTION ( 'NONE',  ( -1.000000000000000000, 0.0000000000000000000, 0.0000000000000000000 ) ) ;
#9317 = DIRECTION ( 'NONE',  ( 0.0000000000000000000, 1.000000000000000000, 0.0000000000000000000 ) ) ;
#9318 = CYLINDRICAL_SURFACE ( 'NONE', #586, 0.01999999999999999695 ) ;
#9319 = CARTESIAN_POINT ( 'NONE',  ( -2.799999999999999822, -1.429843788128356108, 0.5000000000000000000 ) ) ;
#9320 = PRESENTATION_LAYER_ASSIGNMENT (  '', '', ( #2542 ) ) ;
#9321 = FACE_OUTER_BOUND ( 'NONE', #5807, .T. ) ;
#9322 = FACE_OUTER_BOUND ( 'NONE', #177, .T. ) ;
#9323 = EDGE_CURVE ( 'NONE', #10640, #7330, #9923, .T. ) ;
#9324 = CARTESIAN_POINT ( 'NONE',  ( 2.515587709883269962, 2.037522734651000089, 0.4829849584951420027 ) ) ;
#9325 = CARTESIAN_POINT ( 'NONE',  ( -2.899999999999999911, 0.3587885829618310263, 0.5000000000000000000 ) ) ;
#9326 = VECTOR ( 'NONE', #7643, 1000.000000000000000 ) ;
#9327 = VECTOR ( 'NONE', #8661, 1000.000000000000000 ) ;
#9328 = DIRECTION ( 'NONE',  ( 0.0000000000000000000, 0.0000000000000000000, -1.000000000000000000 ) ) ;
#9329 = EDGE_LOOP ( 'NONE', ( #7582, #1912, #4369, #1496 ) ) ;
#9330 = CARTESIAN_POINT ( 'NONE',  ( -2.899083827932119828, -1.446128073294630001, 0.5000000000000000000 ) ) ;
#9331 = CARTESIAN_POINT ( 'NONE',  ( -2.643826238111394833, 1.945217202360755016, 0.5000000000000000000 ) ) ;
#9332 = ORIENTED_EDGE ( 'NONE', *, *, #2609, .T. ) ;
#9333 = ADVANCED_FACE ( 'NONE', ( #6684 ), #1874, .T. ) ;
#9334 = CARTESIAN_POINT ( 'NONE',  ( -1.858962551933985186, 2.304846004920160230, 2.118939412577629966 ) ) ;
#9335 = AXIS2_PLACEMENT_3D ( 'NONE', #6797, #1798, #3657 ) ;
#9336 =( LENGTH_UNIT ( ) NAMED_UNIT ( * ) SI_UNIT ( .MILLI., .METRE. ) );
#9337 = AXIS2_PLACEMENT_3D ( 'NONE', #8488, #4292, #7609 ) ;
#9338 = CARTESIAN_POINT ( 'NONE',  ( -1.149999999999999911, 3.010000000000000231, 0.09000000000000001055 ) ) ;
#9339 = AXIS2_PLACEMENT_3D ( 'NONE', #9530, #2956, #4768 ) ;
#9340 = CARTESIAN_POINT ( 'NONE',  ( 0.2464285714285714968, -0.4807559826541240033, 2.790000000000000036 ) ) ;
#9341 = ORIENTED_EDGE ( 'NONE', *, *, #3887, .T. ) ;
#9342 =( NAMED_UNIT ( * ) PLANE_ANGLE_UNIT ( ) SI_UNIT ( $, .RADIAN. ) );
#9343 =( GEOMETRIC_REPRESENTATION_CONTEXT ( 3 ) GLOBAL_UNCERTAINTY_ASSIGNED_CONTEXT ( ( #4086 ) ) GLOBAL_UNIT_ASSIGNED_CONTEXT ( ( #8704, #1233, #8812 ) ) REPRESENTATION_CONTEXT ( 'NONE', 'WORKASPACE' ) );
#9344 = CARTESIAN_POINT ( 'NONE',  ( -2.867780011851550181, 1.538742229711165033, 0.4829723874460379873 ) ) ;
#9345 = ORIENTED_EDGE ( 'NONE', *, *, #1864, .T. ) ;
#9346 = ORIENTED_EDGE ( 'NONE', *, *, #7052, .T. ) ;
#9347 = CARTESIAN_POINT ( 'NONE',  ( 2.586210576893590130, -2.549295921402259690, 0.1008931288939992066 ) ) ;
#9348 = CARTESIAN_POINT ( 'NONE',  ( 0.1957044358701700015, -0.5604147549662670258, 2.799999999999999822 ) ) ;
#9349 = FILL_AREA_STYLE_COLOUR ( '', #7991 ) ;
#9350 = CARTESIAN_POINT ( 'NONE',  ( 2.521279128800694824, 1.680358138528434964, 2.122452691664785451 ) ) ;
#9351 = CARTESIAN_POINT ( 'NONE',  ( 2.904985414717120129, -1.313390508626693931, 0.4943226261341260308 ) ) ;
#9352 = CARTESIAN_POINT ( 'NONE',  ( -1.875735931288069924, 2.449999999999999734, 2.700000000000000178 ) ) ;
#9353 = CARTESIAN_POINT ( 'NONE',  ( -2.284679555969814757, -1.696626440196685071, 0.8036520721792390631 ) ) ;
#9354 = VECTOR ( 'NONE', #9317, 1000.000000000000000 ) ;
#9355 =( GEOMETRIC_REPRESENTATION_CONTEXT ( 3 ) GLOBAL_UNCERTAINTY_ASSIGNED_CONTEXT ( ( #8331 ) ) GLOBAL_UNIT_ASSIGNED_CONTEXT ( ( #48, #5144, #1200 ) ) REPRESENTATION_CONTEXT ( 'NONE', 'WORKASPACE' ) );
#9356 = VERTEX_POINT ( 'NONE', #4359 ) ;
#9357 = CARTESIAN_POINT ( 'NONE',  ( 1.209504431544725866, 2.910050735370730113, 0.4886916868429150851 ) ) ;
#9358 = STYLED_ITEM ( 'NONE', ( #2828 ), #7784 ) ;
#9359 = CARTESIAN_POINT ( 'NONE',  ( 0.6025543913228470494, -2.903971508200430041, 0.4943484964475250432 ) ) ;
#9360 = COLOUR_RGB ( '',0.8431372549019607865, 0.8156862745098039102, 0.7529411764705882248 ) ;
#9361 = CARTESIAN_POINT ( 'NONE',  ( -2.399999999999999911, 3.000000000000000000, 0.1200000000000000094 ) ) ;
#9362 = CARTESIAN_POINT ( 'NONE',  ( -0.2345856926139834875, -0.6232469165235499098, 2.790000000000000036 ) ) ;
#9363 = EDGE_CURVE ( 'NONE', #3424, #4948, #8280, .T. ) ;
#9364 = CARTESIAN_POINT ( 'NONE',  ( 2.155356275562569923, -0.9149469123340969734, 1.462679293941592240 ) ) ;
#9365 = CARTESIAN_POINT ( 'NONE',  ( 2.493927276133820037, -2.898166600371160140, 0.4830095990096909819 ) ) ;
#9366 =( NAMED_UNIT ( * ) PLANE_ANGLE_UNIT ( ) SI_UNIT ( $, .RADIAN. ) );
#9367 = CARTESIAN_POINT ( 'NONE',  ( 0.1633928571428575061, -0.5396845540826950005, 2.799999999999999822 ) ) ;
#9368 = STYLED_ITEM ( 'NONE', ( #6856 ), #10270 ) ;
#9369 = STYLED_ITEM ( 'NONE', ( #2042 ), #7882 ) ;
#9370 = LINE ( 'NONE', #3600, #5828 ) ;
#9371 = ORIENTED_EDGE ( 'NONE', *, *, #3309, .F. ) ;
#9372 = CARTESIAN_POINT ( 'NONE',  ( -0.1563113275275370140, -2.750000000000000000, 2.399999999999999911 ) ) ;
#9373 = CARTESIAN_POINT ( 'NONE',  ( -2.584347347168849840, 2.549623176091905474, 0.1004782026290224062 ) ) ;
#9374 = CARTESIAN_POINT ( 'NONE',  ( -0.2517973613883850437, 0.4862242940085130249, 2.799999999999999822 ) ) ;
#9375 = PRESENTATION_LAYER_ASSIGNMENT (  '', '', ( #5902 ) ) ;
#9376 = DIRECTION ( 'NONE',  ( 1.000000000000000000, 0.0000000000000000000, 0.0000000000000000000 ) ) ;
#9377 = DIRECTION ( 'NONE',  ( -0.8104513319715728192, 0.5858059734293459275, 0.0000000000000000000 ) ) ;
#9378 = CARTESIAN_POINT ( 'NONE',  ( 2.700000000000000178, 1.625735931288069924, 2.799999999999999822 ) ) ;
#9379 = AXIS2_PLACEMENT_3D ( 'NONE', #10084, #8557, #3594 ) ;
#9380 = DIRECTION ( 'NONE',  ( 1.000000000000000000, 0.0000000000000000000, 0.0000000000000000000 ) ) ;
#9381 = CARTESIAN_POINT ( 'NONE',  ( 2.955335420281954839, 1.786220465086054920, 2.399999999999999911 ) ) ;
#9382 = CARTESIAN_POINT ( 'NONE',  ( -3.000000000000000000, 0.8138064294421359923, 2.399999999999999911 ) ) ;
#9383 = CARTESIAN_POINT ( 'NONE',  ( 2.500000000000000000, -2.674999999999999822, 0.1000000000000000056 ) ) ;
#9384 = CARTESIAN_POINT ( 'NONE',  ( -2.732991622265414478, 1.983741250011270107, 0.3864410810002315011 ) ) ;
#9385 = EDGE_CURVE ( 'NONE', #2757, #8835, #1741, .T. ) ;
#9386 = VERTEX_POINT ( 'NONE', #3327 ) ;
#9387 = CARTESIAN_POINT ( 'NONE',  ( -1.149999999999999911, -3.010000000000000231, 0.09000000000000001055 ) ) ;
#9388 = CARTESIAN_POINT ( 'NONE',  ( -3.000000000000000000, -1.559834068648709993, 2.399999999999999911 ) ) ;
#9389 = CARTESIAN_POINT ( 'NONE',  ( -2.956173761888604812, -1.554782797639240099, 0.5000000000000000000 ) ) ;
#9390 = CARTESIAN_POINT ( 'NONE',  ( -0.1860053306754375080, 0.6375233852177519811, 2.790000000000000036 ) ) ;
#9391 = ORIENTED_EDGE ( 'NONE', *, *, #3150, .T. ) ;
#9392 = CARTESIAN_POINT ( 'NONE',  ( -2.500000000000000000, 2.253276997764924960, 0.5000000000000000000 ) ) ;
#9393 = CARTESIAN_POINT ( 'NONE',  ( 1.149999999999999911, -3.010000000000000231, 0.1100000000000000006 ) ) ;
#9394 = ORIENTED_EDGE ( 'NONE', *, *, #10626, .F. ) ;
#9395 = DIRECTION ( 'NONE',  ( 0.0000000000000000000, -1.000000000000000000, 0.0000000000000000000 ) ) ;
#9396 = ADVANCED_FACE ( 'NONE', ( #9153 ), #148, .T. ) ;
#9397 = ORIENTED_EDGE ( 'NONE', *, *, #8615, .T. ) ;
#9398 = LINE ( 'NONE', #3575, #8798 ) ;
#9399 = CARTESIAN_POINT ( 'NONE',  ( -2.857273389256480112, 1.529511940980720075, 0.4943241291486790145 ) ) ;
#9400 = VERTEX_POINT ( 'NONE', #7834 ) ;
#9401 = ORIENTED_EDGE ( 'NONE', *, *, #1613, .T. ) ;
#9402 = DIRECTION ( 'NONE',  ( 0.7071067811865470176, 0.7071067811865480168, 0.0000000000000000000 ) ) ;
#9403 =( LENGTH_UNIT ( ) NAMED_UNIT ( * ) SI_UNIT ( .MILLI., .METRE. ) );
#9404 = CARTESIAN_POINT ( 'NONE',  ( 2.252571269120984709, 2.497428730879009962, 2.399999999999999911 ) ) ;
#9405 = CARTESIAN_POINT ( 'NONE',  ( 2.913221328941349775, 1.081075386782313963, 0.4829626681555070356 ) ) ;
#9406 = CARTESIAN_POINT ( 'NONE',  ( -1.449999999999999956, 1.184960637368067893, 2.799999999999999822 ) ) ;
#9407 = CARTESIAN_POINT ( 'NONE',  ( -2.500000000000000000, -2.131172223287360001, 0.5000000000000000000 ) ) ;
#9408 = CARTESIAN_POINT ( 'NONE',  ( 2.600000000000000089, -2.070156211871640117, 0.5000000000000000000 ) ) ;
#9409 = AXIS2_PLACEMENT_3D ( 'NONE', #10112, #8367, #3467 ) ;
#9410 = ADVANCED_FACE ( 'NONE', ( #4413, #6088 ), #7001, .T. ) ;
#9411 = ORIENTED_EDGE ( 'NONE', *, *, #4297, .F. ) ;
#9412 = CARTESIAN_POINT ( 'NONE',  ( 1.223268771549067990, 1.993170211086839672, 1.453378160215869963 ) ) ;
#9413 = CARTESIAN_POINT ( 'NONE',  ( 4.217652621769160266E-17, -2.907481723192060219, 0.4886983618221160675 ) ) ;
#9414 =( NAMED_UNIT ( * ) SI_UNIT ( $, .STERADIAN. ) SOLID_ANGLE_UNIT ( ) );
#9415 = DIRECTION ( 'NONE',  ( -1.000000000000000000, 0.0000000000000000000, 0.0000000000000000000 ) ) ;
#9416 = CARTESIAN_POINT ( 'NONE',  ( -0.1090909090909090023, -0.5384670216151629107, 2.790000000000000036 ) ) ;
#9417 = CARTESIAN_POINT ( 'NONE',  ( 2.904985414717120129, -1.313390508626693931, 0.4943226261341260308 ) ) ;
#9418 = CARTESIAN_POINT ( 'NONE',  ( 1.204611352988101958, -2.899999999999999911, 0.5000000000000000000 ) ) ;
#9419 =( NAMED_UNIT ( * ) SI_UNIT ( $, .STERADIAN. ) SOLID_ANGLE_UNIT ( ) );
#9420 = CARTESIAN_POINT ( 'NONE',  ( 0.1822658279807364834, -0.5286891631401450242, 2.799999999999999822 ) ) ;
#9421 = FACE_OUTER_BOUND ( 'NONE', #4106, .T. ) ;
#9422 = B_SPLINE_CURVE_WITH_KNOTS ( 'NONE', 3,
 ( #10426, #6270, #7253, #3947, #2315, #8588, #6325 ),
 .UNSPECIFIED., .F., .F.,
 ( 4, 1, 1, 1, 4 ),
 ( 0.0000000000000000000, 0.2500000000000051070, 0.4999999999999868439, 0.7499999999999918954, 1.000000000000000000 ),
 .UNSPECIFIED. ) ;
#9423 = EDGE_CURVE ( 'NONE', #1070, #7761, #6952, .T. ) ;
#9424 = CARTESIAN_POINT ( 'NONE',  ( 0.3595554346461869999, 0.4444868173987089888, 2.799999999999999822 ) ) ;
#9425 = EDGE_LOOP ( 'NONE', ( #3632, #4925, #5147, #4545 ) ) ;
#9426 = SURFACE_STYLE_USAGE ( .BOTH. , #209 ) ;
#9427 = CARTESIAN_POINT ( 'NONE',  ( -1.888842569823995010, -2.750000000000000000, 2.399999999999999911 ) ) ;
#9428 = CARTESIAN_POINT ( 'NONE',  ( -2.598470916481829818, 2.540064501340864922, 0.1123302383139166000 ) ) ;
#9429 = ORIENTED_EDGE ( 'NONE', *, *, #2806, .F. ) ;
#9430 =( NAMED_UNIT ( * ) PLANE_ANGLE_UNIT ( ) SI_UNIT ( $, .RADIAN. ) );
#9431 = CARTESIAN_POINT ( 'NONE',  ( -0.5999999999999999778, -2.200885852783994956, 2.790000000000000036 ) ) ;
#9432 = CARTESIAN_POINT ( 'NONE',  ( 2.268438336386660037, 1.756762681109079960, 0.8036112180917469594 ) ) ;
#9433 = CARTESIAN_POINT ( 'NONE',  ( -2.899999999999999911, -0.1181448750675205966, 0.5000000000000000000 ) ) ;
#9434 = FILL_AREA_STYLE_COLOUR ( '', #1705 ) ;
#9435 = CARTESIAN_POINT ( 'NONE',  ( -2.735022470289724783, 1.989125077285755161, 0.3864410810002315011 ) ) ;
#9436 = EDGE_LOOP ( 'NONE', ( #2843, #8439, #2228, #8278 ) ) ;
#9437 = FACE_OUTER_BOUND ( 'NONE', #3578, .T. ) ;
#9438 = CARTESIAN_POINT ( 'NONE',  ( -3.000000000000000000, -1.647676829771244966, 2.399999999999999911 ) ) ;
#9439 = CARTESIAN_POINT ( 'NONE',  ( 2.700000000000000178, -1.625735931288069924, 2.799999999999999822 ) ) ;
#9440 = CARTESIAN_POINT ( 'NONE',  ( -0.4892917872147509728, 0.8594954787527919748, 2.790000000000000036 ) ) ;
#9441 = EDGE_LOOP ( 'NONE', ( #9838, #6190, #9792, #6009, #10311, #5495, #7759, #7368, #1058, #1310, #1463, #6796, #2214, #4498, #1931, #10730, #539, #8352, #3142, #8235, #8991, #9865, #1054, #2951 ) ) ;
#9442 = CARTESIAN_POINT ( 'NONE',  ( -2.681866455437460051, 2.068133544562544834, 2.399999999999999911 ) ) ;
#9443 =( NAMED_UNIT ( * ) PLANE_ANGLE_UNIT ( ) SI_UNIT ( $, .RADIAN. ) );
#9444 = ADVANCED_FACE ( 'NONE', ( #8652 ), #10338, .F. ) ;
#9445 = ORIENTED_EDGE ( 'NONE', *, *, #1739, .T. ) ;
#9446 = CARTESIAN_POINT ( 'NONE',  ( -2.839759803283409934, 1.910240196716599836, 2.399999999999999911 ) ) ;
#9447 = ORIENTED_EDGE ( 'NONE', *, *, #245, .T. ) ;
#9448 = ORIENTED_EDGE ( 'NONE', *, *, #9323, .F. ) ;
#9449 = DIRECTION ( 'NONE',  ( 0.0000000000000000000, 0.0000000000000000000, -1.000000000000000000 ) ) ;
#9450 = B_SPLINE_CURVE_WITH_KNOTS ( 'NONE', 3,
 ( #6346, #4747, #9682, #8054 ),
 .UNSPECIFIED., .F., .F.,
 ( 4, 4 ),
 ( 0.0000000000000000000, 1.000000000000000000 ),
 .UNSPECIFIED. ) ;
#9451 = CARTESIAN_POINT ( 'NONE',  ( 2.036066979298070123, 2.150157591648614641, 2.119848661518004995 ) ) ;
#9452 = CARTESIAN_POINT ( 'NONE',  ( 2.795658348225490197, 0.3327763185038210003, 2.126711250203650039 ) ) ;
#9453 = CARTESIAN_POINT ( 'NONE',  ( -2.583804430264324825, -2.549780850517089803, 0.1002787079717404051 ) ) ;
#9454 = EDGE_CURVE ( 'NONE', #2346, #7889, #2068, .T. ) ;
#9455 = CARTESIAN_POINT ( 'NONE',  ( -1.812421266884615134, -2.329515860020389795, 2.118773468832159779 ) ) ;
#9456 = DIRECTION ( 'NONE',  ( 2.794185464660628172E-16, -1.000000000000000000, 0.0000000000000000000 ) ) ;
#9457 = EDGE_CURVE ( 'NONE', #3910, #9313, #8600, .T. ) ;
#9458 = CARTESIAN_POINT ( 'NONE',  ( 0.1825647064104339856, -1.673834679236865020, 2.799999999999999822 ) ) ;
#9459 = ORIENTED_EDGE ( 'NONE', *, *, #1272, .T. ) ;
#9460 = CARTESIAN_POINT ( 'NONE',  ( 1.771433112788334929, 2.342623441190294642, 2.118608285022634874 ) ) ;
#9461 = CARTESIAN_POINT ( 'NONE',  ( 2.501233425739394889, -2.848089735512354892, 0.4943361419737979934 ) ) ;
#9462 = DIRECTION ( 'NONE',  ( 0.5858059734293458165, 0.8104513319715728192, 0.0000000000000000000 ) ) ;
#9463 = DIRECTION ( 'NONE',  ( -0.7071067811865470176, -0.7071067811865480168, 0.0000000000000000000 ) ) ;
#9464 = CARTESIAN_POINT ( 'NONE',  ( 2.799614232165175132, 0.1113124347964521976, 2.126836632399065063 ) ) ;
#9465 = CARTESIAN_POINT ( 'NONE',  ( 2.211356875406900180, -2.054677221863674852, 0.8034178630722279557 ) ) ;
#9466 = VECTOR ( 'NONE', #3378, 1000.000000000000000 ) ;
#9467 = DIRECTION ( 'NONE',  ( 0.0000000000000000000, 0.0000000000000000000, 1.000000000000000000 ) ) ;
#9468 = VERTEX_POINT ( 'NONE', #1240 ) ;
#9469 =( LENGTH_UNIT ( ) NAMED_UNIT ( * ) SI_UNIT ( .MILLI., .METRE. ) );
#9470 = ORIENTED_EDGE ( 'NONE', *, *, #6973, .T. ) ;
#9471 = ORIENTED_EDGE ( 'NONE', *, *, #7384, .F. ) ;
#9472 = CARTESIAN_POINT ( 'NONE',  ( 2.075359855208969595, -2.674640144777600703, 2.399999999999999911 ) ) ;
#9473 = CARTESIAN_POINT ( 'NONE',  ( -0.2726693823799065108, -0.4221335432372904650, 2.790000000000000036 ) ) ;
#9474 = DIRECTION ( 'NONE',  ( 0.0000000000000000000, -1.000000000000000000, 0.0000000000000000000 ) ) ;
#9475 = CARTESIAN_POINT ( 'NONE',  ( -2.414282326247679578, -2.004042074047625022, 0.6999999999999999556 ) ) ;
#9476 = SURFACE_STYLE_FILL_AREA ( #9531 ) ;
#9477 = LINE ( 'NONE', #593, #7983 ) ;
#9478 = CARTESIAN_POINT ( 'NONE',  ( -0.5435340141134449299, -1.344619709246519967, 2.799999999999999822 ) ) ;
#9479 = CARTESIAN_POINT ( 'NONE',  ( 2.521279128800694824, 1.680358138528434964, 2.122452691664785451 ) ) ;
#9480 = CARTESIAN_POINT ( 'NONE',  ( -2.489480336324545018, -0.4130080832200870300, 1.465667759571099849 ) ) ;
#9481 = EDGE_CURVE ( 'NONE', #7668, #7321, #409, .T. ) ;
#9482 = VECTOR ( 'NONE', #10260, 1000.000000000000114 ) ;
#9483 = DIRECTION ( 'NONE',  ( -1.000000000000000000, 0.0000000000000000000, 0.0000000000000000000 ) ) ;
#9484 = FILL_AREA_STYLE ('',( #6211 ) ) ;
#9485 = PRESENTATION_LAYER_ASSIGNMENT (  '', '', ( #4456 ) ) ;
#9486 = VERTEX_POINT ( 'NONE', #2714 ) ;
#9487 =( NAMED_UNIT ( * ) PLANE_ANGLE_UNIT ( ) SI_UNIT ( $, .RADIAN. ) );
#9488 = CARTESIAN_POINT ( 'NONE',  ( -2.273576287558115361, -1.732045291525480035, 0.8036276495587629798 ) ) ;
#9489 = DIRECTION ( 'NONE',  ( -1.000000000000000000, 0.0000000000000000000, 0.0000000000000000000 ) ) ;
#9490 = ORIENTED_EDGE ( 'NONE', *, *, #4926, .T. ) ;
#9491 = CARTESIAN_POINT ( 'NONE',  ( -2.519193076883874838, 2.765399666546539681, 0.4830055065131880210 ) ) ;
#9492 = SURFACE_SIDE_STYLE ('',( #8741 ) ) ;
#9493 = VECTOR ( 'NONE', #3797, 1000.000000000000000 ) ;
#9494 = ORIENTED_EDGE ( 'NONE', *, *, #4194, .T. ) ;
#9495 = CARTESIAN_POINT ( 'NONE',  ( -2.526315210484734841, 1.342472989643844095, 0.8038257709648111149 ) ) ;
#9496 = ORIENTED_EDGE ( 'NONE', *, *, #4887, .T. ) ;
#9497 = ORIENTED_EDGE ( 'NONE', *, *, #2613, .F. ) ;
#9498 = DIRECTION ( 'NONE',  ( 0.8169966565740621744, 0.5766424049155629561, 0.0000000000000000000 ) ) ;
#9499 = COLOUR_RGB ( '',0.8431372549019607865, 0.8156862745098039102, 0.7529411764705882248 ) ;
#9500 = CARTESIAN_POINT ( 'NONE',  ( 2.174790356153090354, 2.022494745261850024, 2.120596060570710151 ) ) ;
#9501 = CARTESIAN_POINT ( 'NONE',  ( 2.906624447344849926, 0.1187958658482849983, 0.4886350659649029704 ) ) ;
#9502 = LINE ( 'NONE', #4513, #10617 ) ;
#9503 = CARTESIAN_POINT ( 'NONE',  ( -1.976660526444884880, -2.735515474086174681, 2.399999999999999911 ) ) ;
#9504 = CARTESIAN_POINT ( 'NONE',  ( -0.5999999999999999778, 1.134179082280940110, 2.790000000000000036 ) ) ;
#9505 = VECTOR ( 'NONE', #8546, 1000.000000000000000 ) ;
#9506 =( NAMED_UNIT ( * ) PLANE_ANGLE_UNIT ( ) SI_UNIT ( $, .RADIAN. ) );
#9507 = EDGE_LOOP ( 'NONE', ( #5302, #9252, #6788, #657, #316, #10479 ) ) ;
#9508 = CARTESIAN_POINT ( 'NONE',  ( 2.208192420084340135, 2.908332164593320002, 0.4943389081215850966 ) ) ;
#9509 = EDGE_CURVE ( 'NONE', #6866, #8226, #1125, .T. ) ;
#9510 = CARTESIAN_POINT ( 'NONE',  ( 2.516175321160650125, -2.457649299075744587, 0.4829967147563619667 ) ) ;
#9511 = AXIS2_PLACEMENT_3D ( 'NONE', #10356, #9590, #5521 ) ;
#9512 = CARTESIAN_POINT ( 'NONE',  ( -0.1141190710410199954, -0.5334365869413509875, 2.799999999999999822 ) ) ;
#9513 = CARTESIAN_POINT ( 'NONE',  ( 2.718260478408085046, 0.3028946391764549828, 0.8041892781011611424 ) ) ;
#9514 = CARTESIAN_POINT ( 'NONE',  ( 2.240702688303259915, -1.913565653984464987, 0.8035114884644549704 ) ) ;
#9515 = STYLED_ITEM ( 'NONE', ( #4785 ), #7130 ) ;
#9516 = EDGE_CURVE ( 'NONE', #3530, #2100, #4408, .T. ) ;
#9517 = VECTOR ( 'NONE', #3868, 1000.000000000000114 ) ;
#9518 = ORIENTED_EDGE ( 'NONE', *, *, #3192, .T. ) ;
#9519 = SURFACE_STYLE_USAGE ( .BOTH. , #10513 ) ;
#9520 = LINE ( 'NONE', #6036, #2237 ) ;
#9521 = MECHANICAL_DESIGN_GEOMETRIC_PRESENTATION_REPRESENTATION (  '', ( #1175 ), #2414 ) ;
#9522 = MECHANICAL_DESIGN_GEOMETRIC_PRESENTATION_REPRESENTATION (  '', ( #9711 ), #4864 ) ;
#9523 = EDGE_CURVE ( 'NONE', #7701, #10630, #4802, .T. ) ;
#9524 = VERTEX_POINT ( 'NONE', #3875 ) ;
#9525 = DIRECTION ( 'NONE',  ( 1.000000000000000000, 0.0000000000000000000, 0.0000000000000000000 ) ) ;
#9526 = ORIENTED_EDGE ( 'NONE', *, *, #9192, .F. ) ;
#9527 = FILL_AREA_STYLE_COLOUR ( '', #8665 ) ;
#9528 = CARTESIAN_POINT ( 'NONE',  ( 2.453881272650579426, 2.618551222320784966, 0.09999999999999997780 ) ) ;
#9529 = CARTESIAN_POINT ( 'NONE',  ( -2.500000000000000000, -1.958388669969650220, 0.1860275742670080001 ) ) ;
#9530 = CARTESIAN_POINT ( 'NONE',  ( -2.799999999999999822, -1.429843788128356108, 0.5000000000000000000 ) ) ;
#9531 = FILL_AREA_STYLE ('',( #10146 ) ) ;
#9532 = PLANE ( 'NONE',  #10078 ) ;
#9533 = LINE ( 'NONE', #6968, #2258 ) ;
#9534 = CARTESIAN_POINT ( 'NONE',  ( 2.505391773722129845, 2.443393375353855035, 0.4943322382519470537 ) ) ;
#9535 = STYLED_ITEM ( 'NONE', ( #962 ), #9396 ) ;
#9536 = CARTESIAN_POINT ( 'NONE',  ( -3.000000000000000000, -1.166354171412796070, 2.399999999999999911 ) ) ;
#9537 = LINE ( 'NONE', #9383, #5554 ) ;
#9538 =( GEOMETRIC_REPRESENTATION_CONTEXT ( 3 ) GLOBAL_UNCERTAINTY_ASSIGNED_CONTEXT ( ( #4690 ) ) GLOBAL_UNIT_ASSIGNED_CONTEXT ( ( #6443, #5738, #9070 ) ) REPRESENTATION_CONTEXT ( 'NONE', 'WORKASPACE' ) );
#9539 = ADVANCED_FACE ( 'NONE', ( #5506 ), #10508, .T. ) ;
#9540 = ORIENTED_EDGE ( 'NONE', *, *, #3192, .F. ) ;
#9541 = CARTESIAN_POINT ( 'NONE',  ( -2.639503684198035049, -2.022415621849180223, 0.3864410810002315011 ) ) ;
#9542 =( GEOMETRIC_REPRESENTATION_CONTEXT ( 3 ) GLOBAL_UNCERTAINTY_ASSIGNED_CONTEXT ( ( #1784 ) ) GLOBAL_UNIT_ASSIGNED_CONTEXT ( ( #3838, #9592, #8022 ) ) REPRESENTATION_CONTEXT ( 'NONE', 'WORKASPACE' ) );
#9543 = CARTESIAN_POINT ( 'NONE',  ( -2.526988441290999976, -1.990555257699100133, 0.4829835898723729981 ) ) ;
#9544 = CARTESIAN_POINT ( 'NONE',  ( -2.460489005035992882, -1.396103667786688485, 0.09999999999999999167 ) ) ;
#9545 = FACE_OUTER_BOUND ( 'NONE', #468, .T. ) ;
#9546 = EDGE_LOOP ( 'NONE', ( #2185, #8512, #8106, #3708 ) ) ;
#9547 = CARTESIAN_POINT ( 'NONE',  ( -2.307979664895424943, -2.023912211826679908, 0.7461029744685990783 ) ) ;
#9548 = CARTESIAN_POINT ( 'NONE',  ( -2.519959571824804900, 2.840455603053090083, 0.4830076407260820437 ) ) ;
#9549 = CARTESIAN_POINT ( 'NONE',  ( -0.1494761574587940012, -1.685556895768965058, 2.799999999999999822 ) ) ;
#9550 = FILL_AREA_STYLE_COLOUR ( '', #5020 ) ;
#9551 = COLOUR_RGB ( '',0.8431372549019607865, 0.8156862745098039102, 0.7529411764705882248 ) ;
#9552 = UNCERTAINTY_MEASURE_WITH_UNIT (LENGTH_MEASURE( 1.000000000000000082E-05 ), #1628, 'distance_accuracy_value', 'NONE');
#9553 = CARTESIAN_POINT ( 'NONE',  ( -2.500000000000000000, 2.053300570064514829, 0.1746266346379385104 ) ) ;
#9554 = ADVANCED_FACE ( 'NONE', ( #5562, #1569 ), #3203, .T. ) ;
#9555 = ORIENTED_EDGE ( 'NONE', *, *, #4174, .F. ) ;
#9556 = DIRECTION ( 'NONE',  ( 1.000000000000000000, 0.0000000000000000000, 0.0000000000000000000 ) ) ;
#9557 = CARTESIAN_POINT ( 'NONE',  ( -2.897609316784664824, 1.501742763052459795, 0.4829715709687880110 ) ) ;
#9558 = ORIENTED_EDGE ( 'NONE', *, *, #6973, .F. ) ;
#9559 = VERTEX_POINT ( 'NONE', #6352 ) ;
#9560 = LINE ( 'NONE', #7929, #497 ) ;
#9561 = CIRCLE ( 'NONE', #4898, 0.1499999999999999667 ) ;
#9562 = CARTESIAN_POINT ( 'NONE',  ( 2.511968601155790015, 2.634629247777344752, 0.4886679988428050403 ) ) ;
#9563 = CARTESIAN_POINT ( 'NONE',  ( 2.799614232165175132, 0.1113124347964521976, 2.126836632399065063 ) ) ;
#9564 = DIRECTION ( 'NONE',  ( 1.224646799147353207E-16, 1.000000000000000000, -0.0000000000000000000 ) ) ;
#9565 = CARTESIAN_POINT ( 'NONE',  ( -2.036066979296144996, -2.150157591643150123, 2.119848661503370035 ) ) ;
#9566 = CARTESIAN_POINT ( 'NONE',  ( -1.149999999999999911, -2.979999999999999982, 0.1000000000000000056 ) ) ;
#9567 = VERTEX_POINT ( 'NONE', #8884 ) ;
#9568 = DIRECTION ( 'NONE',  ( 0.8169966565740621744, 0.5766424049155629561, 0.0000000000000000000 ) ) ;
#9569 = VERTEX_POINT ( 'NONE', #6413 ) ;
#9570 = CARTESIAN_POINT ( 'NONE',  ( -2.213601253065314634, 2.916664329186869686, 0.4886778162432189321 ) ) ;
#9571 = CARTESIAN_POINT ( 'NONE',  ( 1.767096991960839913, -1.420831037882688053, 1.458599797016093769 ) ) ;
#9572 = CARTESIAN_POINT ( 'NONE',  ( 0.5999999999999999778, -0.8552689696671109676, 2.790000000000000036 ) ) ;
#9573 = CARTESIAN_POINT ( 'NONE',  ( -2.307797728174930008, -2.004042074047625022, 0.7500000000000000000 ) ) ;
#9574 = CARTESIAN_POINT ( 'NONE',  ( -0.1860053306754375080, -0.4845545368601700265, 2.799999999999999822 ) ) ;
#9575 = CARTESIAN_POINT ( 'NONE',  ( 3.000000000000000000, 0.7799574553199080107, 2.399999999999999911 ) ) ;
#9576 = CARTESIAN_POINT ( 'NONE',  ( 2.506397692294650259, -2.748272631935175347, 0.4943351688379030162 ) ) ;
#9577 = CARTESIAN_POINT ( 'NONE',  ( -2.500000000000000000, 2.070156211871640117, 0.5000000000000000000 ) ) ;
#9578 = COLOUR_RGB ( '',0.8431372549019607865, 0.8156862745098039102, 0.7529411764705882248 ) ;
#9579 = EDGE_LOOP ( 'NONE', ( #10450, #2812, #2298, #4178 ) ) ;
#9580 = PRESENTATION_STYLE_ASSIGNMENT (( #9519 ) ) ;
#9581 = CARTESIAN_POINT ( 'NONE',  ( 0.1693741817512280090, -1.658277757035669930, 2.790000000000000036 ) ) ;
#9582 = EDGE_CURVE ( 'NONE', #1717, #10655, #3976, .T. ) ;
#9583 = CARTESIAN_POINT ( 'NONE',  ( -0.5999999999999999778, -1.109976761874901907, 2.799999999999999822 ) ) ;
#9584 = VERTEX_POINT ( 'NONE', #4035 ) ;
#9585 = CARTESIAN_POINT ( 'NONE',  ( -2.600000000000000089, -2.799999999999999822, 0.1200000000000000094 ) ) ;
#9586 = ORIENTED_EDGE ( 'NONE', *, *, #418, .F. ) ;
#9587 = CARTESIAN_POINT ( 'NONE',  ( 1.888842569921131309, -2.749999999993592681, 2.399999999999999911 ) ) ;
#9588 = PRESENTATION_STYLE_ASSIGNMENT (( #7135 ) ) ;
#9589 = CARTESIAN_POINT ( 'NONE',  ( -2.414282326247679578, -2.004042074047625022, 0.4249999999999999889 ) ) ;
#9590 = DIRECTION ( 'NONE',  ( -1.000000000000000000, 0.0000000000000000000, 0.0000000000000000000 ) ) ;
#9591 = DIRECTION ( 'NONE',  ( -1.000000000000000000, 0.0000000000000000000, 0.0000000000000000000 ) ) ;
#9592 =( NAMED_UNIT ( * ) PLANE_ANGLE_UNIT ( ) SI_UNIT ( $, .RADIAN. ) );
#9593 = PLANE ( 'NONE',  #846 ) ;
#9594 = CARTESIAN_POINT ( 'NONE',  ( 1.767096991611694978, 1.420831037904350058, 1.458599797031715939 ) ) ;
#9595 = CARTESIAN_POINT ( 'NONE',  ( -2.863323362174239772, -1.533065447350490107, 0.4886481291994929643 ) ) ;
#9596 = EDGE_CURVE ( 'NONE', #3465, #4605, #5671, .T. ) ;
#9597 = EDGE_CURVE ( 'NONE', #2699, #8226, #9746, .T. ) ;
#9598 =( NAMED_UNIT ( * ) PLANE_ANGLE_UNIT ( ) SI_UNIT ( $, .RADIAN. ) );
#9599 = B_SPLINE_CURVE_WITH_KNOTS ( 'NONE', 3,
 ( #2836, #8722, #7903, #3060 ),
 .UNSPECIFIED., .F., .F.,
 ( 4, 4 ),
 ( 0.0000000000000000000, 1.000000000000000000 ),
 .UNSPECIFIED. ) ;
#9600 = ORIENTED_EDGE ( 'NONE', *, *, #5855, .F. ) ;
#9601 = FACE_OUTER_BOUND ( 'NONE', #7071, .T. ) ;
#9602 = CARTESIAN_POINT ( 'NONE',  ( -2.557396493364874956, -1.903618076372529888, 0.4943271139161889982 ) ) ;
#9603 = SURFACE_STYLE_USAGE ( .BOTH. , #2144 ) ;
#9604 = CARTESIAN_POINT ( 'NONE',  ( -2.956173761888604812, -1.554782797639240099, 0.2071554596297824902 ) ) ;
#9605 = FILL_AREA_STYLE_COLOUR ( '', #3197 ) ;
#9606 = EDGE_LOOP ( 'NONE', ( #8895, #6820, #5660, #3515 ) ) ;
#9607 = CARTESIAN_POINT ( 'NONE',  ( -2.307505833978100274, -2.006210197501580250, 0.7499529702889470295 ) ) ;
#9608 = CARTESIAN_POINT ( 'NONE',  ( -2.481906682810540055, 1.721296480254234984, 2.122259087767255359 ) ) ;
#9609 = CARTESIAN_POINT ( 'NONE',  ( -0.1337711258411727888, -1.675716157498960079, 2.799999999999999822 ) ) ;
#9610 = FACE_OUTER_BOUND ( 'NONE', #4981, .T. ) ;
#9611 = CARTESIAN_POINT ( 'NONE',  ( 0.4684256701484629803, -1.879972491960784975, 2.790000000000000036 ) ) ;
#9612 =( NAMED_UNIT ( * ) PLANE_ANGLE_UNIT ( ) SI_UNIT ( $, .RADIAN. ) );
#9613 = ORIENTED_EDGE ( 'NONE', *, *, #1864, .F. ) ;
#9614 = SURFACE_STYLE_FILL_AREA ( #3860 ) ;
#9615 = CARTESIAN_POINT ( 'NONE',  ( -2.907549841766509768, 0.7185408576770809796, 0.4886381730164079396 ) ) ;
#9616 = ORIENTED_EDGE ( 'NONE', *, *, #9088, .T. ) ;
#9617 = LINE ( 'NONE', #3688, #7097 ) ;
#9618 = CARTESIAN_POINT ( 'NONE',  ( 2.500000000000000000, 2.739709114629715003, 0.5000000000000000000 ) ) ;
#9619 = DIRECTION ( 'NONE',  ( 0.0000000000000000000, 0.0000000000000000000, -1.000000000000000000 ) ) ;
#9620 = CARTESIAN_POINT ( 'NONE',  ( -2.044085076721784855, -2.701844354998010012, 2.399999999999999911 ) ) ;
#9621 = DIRECTION ( 'NONE',  ( -1.000000000000000000, -2.794185464660644935E-16, 0.0000000000000000000 ) ) ;
#9622 = EDGE_CURVE ( 'NONE', #9261, #3459, #9738, .T. ) ;
#9623 = PLANE ( 'NONE',  #320 ) ;
#9624 = ORIENTED_EDGE ( 'NONE', *, *, #3820, .T. ) ;
#9625 = CARTESIAN_POINT ( 'NONE',  ( -2.422107745994134476, 2.909274835657195357, 0.4943371803921549623 ) ) ;
#9626 = CARTESIAN_POINT ( 'NONE',  ( 1.596236349499535079, -1.519601992082119990, 1.457030776942829897 ) ) ;
#9627 = DIRECTION ( 'NONE',  ( -0.5767052871526938684, 0.8169522701909389673, 0.0000000000000000000 ) ) ;
#9628 = CARTESIAN_POINT ( 'NONE',  ( -2.364276381063755039, -1.955696124537745328, 0.6854016620680409844 ) ) ;
#9629 = CARTESIAN_POINT ( 'NONE',  ( -2.399999999999999911, -2.979999999999999982, 0.1200000000000000094 ) ) ;
#9630 = CARTESIAN_POINT ( 'NONE',  ( 2.382216320561020062, -0.5945365743555189875, 1.464618603558283993 ) ) ;
#9631 = CARTESIAN_POINT ( 'NONE',  ( 2.512976523454295119, -2.070111366155225063, 0.4829858793019229934 ) ) ;
#9632 = CARTESIAN_POINT ( 'NONE',  ( -2.799999999999999822, 2.070156211871640117, 0.5000000000000000000 ) ) ;
#9633 = DIRECTION ( 'NONE',  ( -0.7071067811865480168, 0.7071067811865470176, 0.0000000000000000000 ) ) ;
#9634 = VECTOR ( 'NONE', #7473, 1000.000000000000000 ) ;
#9635 = CARTESIAN_POINT ( 'NONE',  ( 0.2502590124535895022, -1.720945825396174911, 2.799999999999999822 ) ) ;
#9636 = DIRECTION ( 'NONE',  ( 0.0000000000000000000, 0.0000000000000000000, -1.000000000000000000 ) ) ;
#9637 = VERTEX_POINT ( 'NONE', #4287 ) ;
#9638 = VECTOR ( 'NONE', #4260, 1000.000000000000000 ) ;
#9639 = FILL_AREA_STYLE_COLOUR ( '', #7769 ) ;
#9640 = ORIENTED_EDGE ( 'NONE', *, *, #8065, .T. ) ;
#9641 = EDGE_CURVE ( 'NONE', #6770, #4282, #10123, .T. ) ;
#9642 = CARTESIAN_POINT ( 'NONE',  ( -2.444085821974894657, 2.638849058657920743, 0.1000000000000000056 ) ) ;
#9643 = CARTESIAN_POINT ( 'NONE',  ( 2.456263056706787573, 2.612547719110188460, 0.09999999999999996392 ) ) ;
#9644 = CARTESIAN_POINT ( 'NONE',  ( -1.149999999999999911, -1.815039362631929887, 2.790000000000000036 ) ) ;
#9645 = CARTESIAN_POINT ( 'NONE',  ( 0.2464285714285714968, -0.4807559826541240033, 2.790000000000000036 ) ) ;
#9646 = CARTESIAN_POINT ( 'NONE',  ( -2.500000000000000000, 2.004042075671720990, 0.1115127683155178462 ) ) ;
#9647 = CARTESIAN_POINT ( 'NONE',  ( -2.700000000000000178, -1.625735931288069924, 2.799999999999999822 ) ) ;
#9648 = CARTESIAN_POINT ( 'NONE',  ( -0.1463446132156273893, -1.634313628761324910, 2.799999999999999822 ) ) ;
#9649 = CARTESIAN_POINT ( 'NONE',  ( 2.174790356153090354, 2.022494745261850024, 2.120596060570710151 ) ) ;
#9650 = CARTESIAN_POINT ( 'NONE',  ( -2.852797454255480147, -1.523925076244829979, 0.5000000000000000000 ) ) ;
#9651 = SURFACE_STYLE_USAGE ( .BOTH. , #8186 ) ;
#9652 = DIRECTION ( 'NONE',  ( 0.0000000000000000000, 0.0000000000000000000, 1.000000000000000000 ) ) ;
#9653 = ORIENTED_EDGE ( 'NONE', *, *, #6954, .T. ) ;
#9654 = DIRECTION ( 'NONE',  ( 0.0000000000000000000, -1.000000000000000000, 0.0000000000000000000 ) ) ;
#9655 = CARTESIAN_POINT ( 'NONE',  ( -2.566172465641950229, -1.913531709055070085, 0.4829813417485679938 ) ) ;
#9656 = EDGE_CURVE ( 'NONE', #9811, #10559, #4324, .T. ) ;
#9657 = CARTESIAN_POINT ( 'NONE',  ( 2.592078844922419911, 2.546867820126330173, 0.1039508539923201941 ) ) ;
#9658 = DIRECTION ( 'NONE',  ( 0.0000000000000000000, 0.0000000000000000000, 1.000000000000000000 ) ) ;
#9659 = SURFACE_SIDE_STYLE ('',( #1936 ) ) ;
#9660 = EDGE_LOOP ( 'NONE', ( #10717, #7011, #9273, #2023 ) ) ;
#9661 = AXIS2_PLACEMENT_3D ( 'NONE', #9767, #1533, #8285 ) ;
#9662 = LINE ( 'NONE', #2207, #9722 ) ;
#9663 = DIRECTION ( 'NONE',  ( 0.0000000000000000000, 0.0000000000000000000, -1.000000000000000000 ) ) ;
#9664 = CARTESIAN_POINT ( 'NONE',  ( -2.557198380835790097, 1.903865611985845030, 0.4943271139160630434 ) ) ;
#9665 = DIRECTION ( 'NONE',  ( 4.599880250050126654E-15, 0.7071067811865474617, -0.7071067811865474617 ) ) ;
#9666 = EDGE_CURVE ( 'NONE', #1698, #323, #4867, .T. ) ;
#9667 = STYLED_ITEM ( 'NONE', ( #944 ), #5916 ) ;
#9668 = UNCERTAINTY_MEASURE_WITH_UNIT (LENGTH_MEASURE( 1.000000000000000082E-05 ), #3472, 'distance_accuracy_value', 'NONE');
#9669 = DIRECTION ( 'NONE',  ( 0.0000000000000000000, -1.000000000000000000, 0.0000000000000000000 ) ) ;
#9670 = EDGE_LOOP ( 'NONE', ( #8919, #6425, #7291, #6775 ) ) ;
#9671 = CARTESIAN_POINT ( 'NONE',  ( -1.449999999999999956, 1.184960637368067893, 2.790000000000000036 ) ) ;
#9672 = CARTESIAN_POINT ( 'NONE',  ( -2.202143254935164940, 0.8170546082248598685, 1.463087080490679925 ) ) ;
#9673 = EDGE_CURVE ( 'NONE', #5055, #8476, #6566, .T. ) ;
#9674 = ORIENTED_EDGE ( 'NONE', *, *, #7196, .F. ) ;
#9675 = DIRECTION ( 'NONE',  ( -1.000000000000000000, 0.0000000000000000000, 0.0000000000000000000 ) ) ;
#9676 = CARTESIAN_POINT ( 'NONE',  ( 1.588531752038615075, 2.538022571372364755, 0.8028957529082300093 ) ) ;
#9677 = VECTOR ( 'NONE', #2438, 1000.000000000000000 ) ;
#9678 = CARTESIAN_POINT ( 'NONE',  ( 0.5999999999999999778, -0.03465208655022754963, 2.790000000000000036 ) ) ;
#9679 = ORIENTED_EDGE ( 'NONE', *, *, #1955, .F. ) ;
#9680 = CARTESIAN_POINT ( 'NONE',  ( -2.494560730733039744, -2.838995741587140298, 0.5000000000000000000 ) ) ;
#9681 = UNCERTAINTY_MEASURE_WITH_UNIT (LENGTH_MEASURE( 1.000000000000000082E-05 ), #2590, 'distance_accuracy_value', 'NONE');
#9682 = CARTESIAN_POINT ( 'NONE',  ( -2.995374047026428510, 1.485614931648302495, 0.1452370388234996423 ) ) ;
#9683 = VECTOR ( 'NONE', #6483, 1000.000000000000000 ) ;
#9684 = EDGE_LOOP ( 'NONE', ( #7430, #2847, #8705, #5545 ) ) ;
#9685 = CARTESIAN_POINT ( 'NONE',  ( -1.204611352988103956, 2.899999999999999911, 0.5000000000000000000 ) ) ;
#9686 = EDGE_CURVE ( 'NONE', #4745, #346, #1731, .T. ) ;
#9687 = CARTESIAN_POINT ( 'NONE',  ( 2.507906120746319800, -2.857183729432159591, 0.4886722839475969860 ) ) ;
#9688 = CARTESIAN_POINT ( 'NONE',  ( -0.1210968959524500038, -1.650842157676590150, 2.799999999999999822 ) ) ;
#9689 = CARTESIAN_POINT ( 'NONE',  ( -2.381594178171340115, -1.973712350553660233, 0.6602494292773090079 ) ) ;
#9690 = CARTESIAN_POINT ( 'NONE',  ( -0.1321134603316792000, -0.5222544662799279980, 2.799999999999999822 ) ) ;
#9691 = CARTESIAN_POINT ( 'NONE',  ( 2.899999999999999911, 1.071749812238143917, 0.5000000000000000000 ) ) ;
#9692 = CARTESIAN_POINT ( 'NONE',  ( 2.513553308442394663, -2.148726931619579616, 0.4829880334564640165 ) ) ;
#9693 = DIRECTION ( 'NONE',  ( 0.0000000000000000000, -1.000000000000000000, 0.0000000000000000000 ) ) ;
#9694 = CARTESIAN_POINT ( 'NONE',  ( -2.600000000000000089, 2.799999999999999822, 0.1200000000000000094 ) ) ;
#9695 = AXIS2_PLACEMENT_3D ( 'NONE', #1246, #7892, #8064 ) ;
#9696 = CARTESIAN_POINT ( 'NONE',  ( -2.341849294871175324, 1.955887230079789818, 0.7150479262025679628 ) ) ;
#9697 = PRESENTATION_LAYER_ASSIGNMENT (  '', '', ( #3793 ) ) ;
#9698 = EDGE_CURVE ( 'NONE', #8910, #10428, #9958, .T. ) ;
#9699 = VECTOR ( 'NONE', #941, 1000.000000000000000 ) ;
#9700 = ORIENTED_EDGE ( 'NONE', *, *, #3737, .T. ) ;
#9701 = LINE ( 'NONE', #10464, #9876 ) ;
#9702 = VERTEX_POINT ( 'NONE', #5761 ) ;
#9703 = SURFACE_STYLE_USAGE ( .BOTH. , #3993 ) ;
#9704 = FILL_AREA_STYLE_COLOUR ( '', #760 ) ;
#9705 = CARTESIAN_POINT ( 'NONE',  ( -2.643826238111394833, -1.945217202360755016, 0.3648403235241770015 ) ) ;
#9706 = CARTESIAN_POINT ( 'NONE',  ( 2.500000000000000000, -2.000000000000000000, 0.9130914106034929700 ) ) ;
#9707 =( LENGTH_UNIT ( ) NAMED_UNIT ( * ) SI_UNIT ( .MILLI., .METRE. ) );
#9708 = CARTESIAN_POINT ( 'NONE',  ( 2.157506047062199617, 2.281269921716305049, 0.8032609771529569676 ) ) ;
#9709 = CARTESIAN_POINT ( 'NONE',  ( 2.850000000000000089, -1.625735931288069924, 2.700000000000000178 ) ) ;
#9710 = AXIS2_PLACEMENT_3D ( 'NONE', #5628, #6439, #9773 ) ;
#9711 = STYLED_ITEM ( 'NONE', ( #2738 ), #7428 ) ;
#9712 = CIRCLE ( 'NONE', #9185, 2.228124999999999467 ) ;
#9713 = CARTESIAN_POINT ( 'NONE',  ( 1.661091270347395010, 2.735355339059330149, 2.799999999999999822 ) ) ;
#9714 = ORIENTED_EDGE ( 'NONE', *, *, #6530, .T. ) ;
#9715 = CARTESIAN_POINT ( 'NONE',  ( -2.635954200494962318, -2.004771898255459206, 0.3864410810002315011 ) ) ;
#9716 = CARTESIAN_POINT ( 'NONE',  ( -2.023765195754875013, -1.152183394502229952, 1.461570906825421901 ) ) ;
#9717 = CARTESIAN_POINT ( 'NONE',  ( 0.0000000000000000000, 0.0000000000000000000, 0.1000000000000000056 ) ) ;
#9718 = CARTESIAN_POINT ( 'NONE',  ( 1.149999999999999911, -3.000000000000000000, 0.3499999999999999778 ) ) ;
#9719 = VECTOR ( 'NONE', #10551, 1000.000000000000000 ) ;
#9720 = VERTEX_POINT ( 'NONE', #135 ) ;
#9721 = CARTESIAN_POINT ( 'NONE',  ( 0.3595554346461869999, -0.6775911046792129078, 2.799999999999999822 ) ) ;
#9722 = VECTOR ( 'NONE', #5534, 1000.000000000000114 ) ;
#9723 = PRESENTATION_STYLE_ASSIGNMENT (( #3076 ) ) ;
#9724 = CARTESIAN_POINT ( 'NONE',  ( -2.514037242765595259, 1.975255626417655064, 0.5000000000000000000 ) ) ;
#9725 = ORIENTED_EDGE ( 'NONE', *, *, #1608, .T. ) ;
#9726 = EDGE_CURVE ( 'NONE', #4798, #2773, #9912, .T. ) ;
#9727 = CIRCLE ( 'NONE', #5727, 0.6999999999999999556 ) ;
#9728 = VECTOR ( 'NONE', #1656, 1000.000000000000000 ) ;
#9729 = CIRCLE ( 'NONE', #4167, 0.05000000000000012768 ) ;
#9730 = CARTESIAN_POINT ( 'NONE',  ( 0.2502590124535895022, -1.720945825396174911, 2.790000000000000036 ) ) ;
#9731 = ORIENTED_EDGE ( 'NONE', *, *, #3748, .T. ) ;
#9732 = CARTESIAN_POINT ( 'NONE',  ( -2.906652156800074494, 1.469235714977985774, 0.4886473956716320122 ) ) ;
#9733 = ORIENTED_EDGE ( 'NONE', *, *, #6982, .T. ) ;
#9734 = LINE ( 'NONE', #5694, #6923 ) ;
#9735 = MECHANICAL_DESIGN_GEOMETRIC_PRESENTATION_REPRESENTATION (  '', ( #4708 ), #7640 ) ;
#9736 = CARTESIAN_POINT ( 'NONE',  ( 2.428341935656129991, 2.918549671314654592, 0.4886743607842520265 ) ) ;
#9737 = DIRECTION ( 'NONE',  ( 1.000000000000000000, 0.0000000000000000000, 0.0000000000000000000 ) ) ;
#9738 = B_SPLINE_CURVE_WITH_KNOTS ( 'NONE', 3,
 ( #8983, #6461, #9800, #4917, #9854, #2339, #5651, #7334, #2391, #5707 ),
 .UNSPECIFIED., .F., .F.,
 ( 4, 1, 1, 2, 2, 4 ),
 ( 0.0000000000000000000, 0.2499999999999971689, 0.3749999999999988343, 0.4374999999999997224, 0.5000000000000005551, 1.000000000000000000 ),
 .UNSPECIFIED. ) ;
#9739 = FILL_AREA_STYLE_COLOUR ( '', #5858 ) ;
#9740 = EDGE_CURVE ( 'NONE', #8334, #8945, #4154, .T. ) ;
#9741 = ORIENTED_EDGE ( 'NONE', *, *, #4322, .T. ) ;
#9742 = AXIS2_PLACEMENT_3D ( 'NONE', #3482, #854, #4192 ) ;
#9743 = CARTESIAN_POINT ( 'NONE',  ( -0.6014163958097880069, 2.899999999999999911, 0.5000000000000000000 ) ) ;
#9744 = CARTESIAN_POINT ( 'NONE',  ( 2.273480152136609700, -1.732202733168960007, 0.8036276495629279815 ) ) ;
#9745 = CARTESIAN_POINT ( 'NONE',  ( -2.712250853519159843, 2.047436160313389930, 0.3864410810002315011 ) ) ;
#9746 = LINE ( 'NONE', #8111, #8325 ) ;
#9747 = SURFACE_STYLE_USAGE ( .BOTH. , #9855 ) ;
#9748 = CARTESIAN_POINT ( 'NONE',  ( 2.815672260149834738, 1.603326987380714996, 0.4829736931798380151 ) ) ;
#9749 = CARTESIAN_POINT ( 'NONE',  ( 2.602886011009304834, -1.867862101483254822, 0.4829800862002300299 ) ) ;
#9750 = CARTESIAN_POINT ( 'NONE',  ( -2.500000000000000444, -2.004042072423529941, 0.1115127683155178739 ) ) ;
#9751 = PLANE ( 'NONE',  #110 ) ;
#9752 = CARTESIAN_POINT ( 'NONE',  ( 0.1825647064104339856, -1.673834679236865020, 2.790000000000000036 ) ) ;
#9753 = ADVANCED_FACE ( 'NONE', ( #9246 ), #2424, .T. ) ;
#9754 = CARTESIAN_POINT ( 'NONE',  ( -2.313190060617725141, 1.986051601455669946, 0.7466512903992819083 ) ) ;
#9755 = VERTEX_POINT ( 'NONE', #2552 ) ;
#9756 =( NAMED_UNIT ( * ) SI_UNIT ( $, .STERADIAN. ) SOLID_ANGLE_UNIT ( ) );
#9757 = ORIENTED_EDGE ( 'NONE', *, *, #1221, .F. ) ;
#9758 = SURFACE_STYLE_USAGE ( .BOTH. , #6633 ) ;
#9759 = CARTESIAN_POINT ( 'NONE',  ( -0.3485302928463295258, -0.3666504984521389843, 2.790000000000000036 ) ) ;
#9760 = CARTESIAN_POINT ( 'NONE',  ( -2.500000000000000000, -1.996936717374634851, 0.1120337005398083924 ) ) ;
#9761 = CARTESIAN_POINT ( 'NONE',  ( 0.2016960644758679921, -0.5147010146022549248, 2.790000000000000036 ) ) ;
#9762 = CARTESIAN_POINT ( 'NONE',  ( -2.499999999999999556, 2.004042073553660597, 0.2169669516854684510 ) ) ;
#9763 = DIRECTION ( 'NONE',  ( 0.8167728209858042820, 0.5769594083632672010, 0.0000000000000000000 ) ) ;
#9764 = SURFACE_STYLE_USAGE ( .BOTH. , #594 ) ;
#9765 = PLANE ( 'NONE',  #5025 ) ;
#9766 = EDGE_CURVE ( 'NONE', #9907, #6658, #9091, .T. ) ;
#9767 = CARTESIAN_POINT ( 'NONE',  ( -1.149999999999999911, 2.681881587960845081, -0.2100000000000000200 ) ) ;
#9768 = VERTEX_POINT ( 'NONE', #9294 ) ;
#9769 = ORIENTED_EDGE ( 'NONE', *, *, #2935, .F. ) ;
#9770 = CARTESIAN_POINT ( 'NONE',  ( -2.694118656842235282, -2.053479347360804841, 0.3864410810002315011 ) ) ;
#9771 = CARTESIAN_POINT ( 'NONE',  ( -2.143828204588374753, -2.334736443428560015, 0.8032228928323259520 ) ) ;
#9772 = CARTESIAN_POINT ( 'NONE',  ( -2.668223973668614857, -1.957110475882910094, 0.3864410810002315011 ) ) ;
#9773 = DIRECTION ( 'NONE',  ( 1.000000000000000000, 0.0000000000000000000, 0.0000000000000000000 ) ) ;
#9774 = CARTESIAN_POINT ( 'NONE',  ( 1.149999999999999911, -3.010000000000000231, 0.1100000000000000006 ) ) ;
#9775 = ORIENTED_EDGE ( 'NONE', *, *, #3349, .T. ) ;
#9776 = CARTESIAN_POINT ( 'NONE',  ( -2.339938205459009879, -2.054473037466765017, 0.7026146655261880092 ) ) ;
#9777 = CARTESIAN_POINT ( 'NONE',  ( -2.414282326247679578, 2.004042074047625022, 0.4249999999999999889 ) ) ;
#9778 = CARTESIAN_POINT ( 'NONE',  ( 2.906789687977669789, 0.3573599831901134727, 0.4886356568655520483 ) ) ;
#9779 = CARTESIAN_POINT ( 'NONE',  ( -2.647914252001795088, 1.801248571615724936, 0.4886523206458770474 ) ) ;
#9780 = CARTESIAN_POINT ( 'NONE',  ( 0.2464285714285714968, -0.4807559826541240033, 2.799999999999999822 ) ) ;
#9781 = DIRECTION ( 'NONE',  ( 0.0000000000000000000, 0.0000000000000000000, 1.000000000000000000 ) ) ;
#9782 = UNCERTAINTY_MEASURE_WITH_UNIT (LENGTH_MEASURE( 1.000000000000000082E-05 ), #8230, 'distance_accuracy_value', 'NONE');
#9783 = CARTESIAN_POINT ( 'NONE',  ( 0.5999999999999999778, -1.977346891745034974, 2.790000000000000036 ) ) ;
#9784 = ORIENTED_EDGE ( 'NONE', *, *, #8647, .F. ) ;
#9785 = SURFACE_STYLE_FILL_AREA ( #8868 ) ;
#9786 = CARTESIAN_POINT ( 'NONE',  ( -2.998947751294765318, 1.650946559077680176, 2.399999999999999911 ) ) ;
#9787 = EDGE_LOOP ( 'NONE', ( #6935, #7485, #1944, #10047 ) ) ;
#9788 = CARTESIAN_POINT ( 'NONE',  ( -2.912132034355964905, 1.837867965644034873, 2.799999999999999822 ) ) ;
#9789 = EDGE_CURVE ( 'NONE', #6736, #5905, #9193, .T. ) ;
#9790 = CARTESIAN_POINT ( 'NONE',  ( 1.394212631594722085, 2.750000000000000000, 2.399999999999999911 ) ) ;
#9791 = PRESENTATION_STYLE_ASSIGNMENT (( #3148 ) ) ;
#9792 = ORIENTED_EDGE ( 'NONE', *, *, #7384, .T. ) ;
#9793 = CARTESIAN_POINT ( 'NONE',  ( 0.5541885429659989537, -1.943190152211860200, 2.799999999999999822 ) ) ;
#9794 = ORIENTED_EDGE ( 'NONE', *, *, #5670, .F. ) ;
#9795 = VERTEX_POINT ( 'NONE', #3479 ) ;
#9796 = CARTESIAN_POINT ( 'NONE',  ( -2.487374478055759841, 2.888901700429914676, 0.4886730660060699671 ) ) ;
#9797 = CARTESIAN_POINT ( 'NONE',  ( 2.522618806645510414, -1.985646736335649809, 0.4886557265814239770 ) ) ;
#9798 = CARTESIAN_POINT ( 'NONE',  ( -2.635958964117031567, 2.008903864044662146, 0.3864410810002315011 ) ) ;
#9799 = EDGE_CURVE ( 'NONE', #8586, #10120, #5319, .T. ) ;
#9800 = CARTESIAN_POINT ( 'NONE',  ( 2.423408091292961419, -2.668027828175644434, 0.1000000000000000333 ) ) ;
#9801 =( LENGTH_UNIT ( ) NAMED_UNIT ( * ) SI_UNIT ( .MILLI., .METRE. ) );
#9802 = CARTESIAN_POINT ( 'NONE',  ( 2.810572396967885300, 1.598703343523540044, 0.4886491287865579736 ) ) ;
#9803 = CARTESIAN_POINT ( 'NONE',  ( 2.976026747630165392, -1.746701245583689888, 2.399999999999999911 ) ) ;
#9804 = DIRECTION ( 'NONE',  ( 0.0000000000000000000, 1.000000000000000000, 0.0000000000000000000 ) ) ;
#9805 = LINE ( 'NONE', #5655, #1686 ) ;
#9806 = EDGE_CURVE ( 'NONE', #3404, #2751, #5122, .T. ) ;
#9807 = CARTESIAN_POINT ( 'NONE',  ( 0.4296522000915025119, -1.850984658698869856, 2.799999999999999822 ) ) ;
#9808 = EDGE_LOOP ( 'NONE', ( #370, #3606, #3658, #9345 ) ) ;
#9809 = ORIENTED_EDGE ( 'NONE', *, *, #3748, .F. ) ;
#9810 =( LENGTH_UNIT ( ) NAMED_UNIT ( * ) SI_UNIT ( .MILLI., .METRE. ) );
#9811 = VERTEX_POINT ( 'NONE', #5174 ) ;
#9812 = CARTESIAN_POINT ( 'NONE',  ( -2.600000000000000089, 2.799999999999999822, 0.5000000000000000000 ) ) ;
#9813 = CARTESIAN_POINT ( 'NONE',  ( -0.1463446132156278057, -0.5122357066834039019, 2.790000000000000036 ) ) ;
#9814 = DIRECTION ( 'NONE',  ( 0.0000000000000000000, 0.0000000000000000000, 1.000000000000000000 ) ) ;
#9815 = DIRECTION ( 'NONE',  ( 1.000000000000000000, 0.0000000000000000000, 0.0000000000000000000 ) ) ;
#9816 = CARTESIAN_POINT ( 'NONE',  ( -2.500000000000000000, 1.966540838576859906, 0.1993418099766244844 ) ) ;
#9817 = COLOUR_RGB ( '',0.7686274509803920907, 0.7686274509803920907, 0.7686274509803920907 ) ;
#9818 = DIRECTION ( 'NONE',  ( 0.0000000000000000000, 0.0000000000000000000, -1.000000000000000000 ) ) ;
#9819 = CARTESIAN_POINT ( 'NONE',  ( 0.0000000000000000000, 0.0000000000000000000, 0.4500000000000000111 ) ) ;
#9820 = PRESENTATION_LAYER_ASSIGNMENT (  '', '', ( #4249 ) ) ;
#9821 = DIRECTION ( 'NONE',  ( -3.203166744464219909E-16, -1.000000000000000000, 0.0000000000000000000 ) ) ;
#9822 = ORIENTED_EDGE ( 'NONE', *, *, #8668, .T. ) ;
#9823 = LINE ( 'NONE', #4826, #9683 ) ;
#9824 = CARTESIAN_POINT ( 'NONE',  ( -1.666257421853964971, -1.484380974371493966, 1.457656876214604047 ) ) ;
#9825 = DIRECTION ( 'NONE',  ( 1.000000000000000000, 0.0000000000000000000, 0.0000000000000000000 ) ) ;
#9826 = DIRECTION ( 'NONE',  ( 0.0000000000000000000, -1.000000000000000000, 0.0000000000000000000 ) ) ;
#9827 = DIRECTION ( 'NONE',  ( 0.0000000000000000000, 0.0000000000000000000, -1.000000000000000000 ) ) ;
#9828 = EDGE_CURVE ( 'NONE', #216, #7899, #5013, .T. ) ;
#9829 = ORIENTED_EDGE ( 'NONE', *, *, #2069, .F. ) ;
#9830 = CARTESIAN_POINT ( 'NONE',  ( -1.449999999999999956, -1.815039362631929887, 2.790000000000000036 ) ) ;
#9831 = DIRECTION ( 'NONE',  ( 1.000000000000000000, 0.0000000000000000000, 0.0000000000000000000 ) ) ;
#9832 = CARTESIAN_POINT ( 'NONE',  ( 3.000000000000000000, 1.559834068648709993, 2.399999999999999911 ) ) ;
#9833 = CARTESIAN_POINT ( 'NONE',  ( -2.526315210484734841, 1.342472989643844095, 0.8038257709648111149 ) ) ;
#9834 = CIRCLE ( 'NONE', #5140, 0.2999999999999999334 ) ;
#9835 = CARTESIAN_POINT ( 'NONE',  ( -0.1871921107803055095, -1.711818686977774950, 2.790000000000000036 ) ) ;
#9836 = DIRECTION ( 'NONE',  ( 0.0000000000000000000, 0.0000000000000000000, 1.000000000000000000 ) ) ;
#9837 = CIRCLE ( 'NONE', #1298, 0.2999999999999999334 ) ;
#9838 = ORIENTED_EDGE ( 'NONE', *, *, #8668, .F. ) ;
#9839 = FACE_OUTER_BOUND ( 'NONE', #3862, .T. ) ;
#9840 = CARTESIAN_POINT ( 'NONE',  ( -2.909987770370059845, -1.318451058272247955, 0.4886449461721790177 ) ) ;
#9841 = EDGE_LOOP ( 'NONE', ( #7234, #875, #4878, #6539 ) ) ;
#9842 =( LENGTH_UNIT ( ) NAMED_UNIT ( * ) SI_UNIT ( .MILLI., .METRE. ) );
#9843 = CARTESIAN_POINT ( 'NONE',  ( 0.1798682867974314981, 2.699736777569939683, 0.8025108550718229594 ) ) ;
#9844 = CARTESIAN_POINT ( 'NONE',  ( 2.565739357167089896, -1.882747697605310133, 0.5000000000000000000 ) ) ;
#9845 = B_SPLINE_CURVE_WITH_KNOTS ( 'NONE', 3,
 ( #318, #9472, #10353, #5354, #6964, #9587, #3767 ),
 .UNSPECIFIED., .F., .F.,
 ( 4, 1, 1, 1, 4 ),
 ( 0.0000000000000000000, 0.2499999999999995837, 0.5000000000000007772, 0.7499999999999987788, 1.000000000000000000 ),
 .UNSPECIFIED. ) ;
#9846 = CARTESIAN_POINT ( 'NONE',  ( -0.2011281643929700158, -2.911222584788094814, 0.4830475427331750171 ) ) ;
#9847 = AXIS2_PLACEMENT_3D ( 'NONE', #2949, #9636, #6254 ) ;
#9848 = CARTESIAN_POINT ( 'NONE',  ( 2.500000000000000000, -2.799999999999999822, 0.5000000000000000000 ) ) ;
#9849 = ORIENTED_EDGE ( 'NONE', *, *, #8889, .T. ) ;
#9850 = CARTESIAN_POINT ( 'NONE',  ( -2.143828204717975083, 2.334736443433834907, 0.8032228928451919936 ) ) ;
#9851 = STYLED_ITEM ( 'NONE', ( #3363 ), #5869 ) ;
#9852 = CARTESIAN_POINT ( 'NONE',  ( 2.507026627620140058, -2.026810033744694817, 0.4943283194985070295 ) ) ;
#9853 = CARTESIAN_POINT ( 'NONE',  ( -2.645745668059590106, 2.033573856900279697, 0.3864410810002315011 ) ) ;
#9854 = CARTESIAN_POINT ( 'NONE',  ( 2.444085821974900430, -2.638849058657910529, 0.09999999999999999167 ) ) ;
#9855 = SURFACE_SIDE_STYLE ('',( #3978 ) ) ;
#9856 = CARTESIAN_POINT ( 'NONE',  ( 2.904447688835234853, 1.450525967446304021, 0.4943234524070309610 ) ) ;
#9857 = CARTESIAN_POINT ( 'NONE',  ( 2.317875059770920121, -1.633592598354254966, 0.8036921891910219218 ) ) ;
#9858 = CARTESIAN_POINT ( 'NONE',  ( -2.915175410641319687, -1.459321755749505956, 0.4829703572215719998 ) ) ;
#9859 = PLANE ( 'NONE',  #2220 ) ;
#9860 = VECTOR ( 'NONE', #1765, 1000.000000000000000 ) ;
#9861 = COLOUR_RGB ( '',0.7686274509803920907, 0.7686274509803920907, 0.7686274509803920907 ) ;
#9862 = EDGE_CURVE ( 'NONE', #5211, #9179, #9903, .T. ) ;
#9863 = ORIENTED_EDGE ( 'NONE', *, *, #10603, .T. ) ;
#9864 = EDGE_CURVE ( 'NONE', #9313, #8208, #7385, .T. ) ;
#9865 = ORIENTED_EDGE ( 'NONE', *, *, #858, .T. ) ;
#9866 = CARTESIAN_POINT ( 'NONE',  ( 0.2998446361318245490, -0.6341245702675329943, 2.799999999999999822 ) ) ;
#9867 = CARTESIAN_POINT ( 'NONE',  ( -0.1463446132156278057, -0.5122357066834039019, 2.799999999999999822 ) ) ;
#9868 = CARTESIAN_POINT ( 'NONE',  ( -0.2607954545454544970, -0.6424442943424348851, 2.790000000000000036 ) ) ;
#9869 = CARTESIAN_POINT ( 'NONE',  ( 0.2238433465168739867, -0.4991503583457800874, 2.799999999999999822 ) ) ;
#9870 = SURFACE_SIDE_STYLE ('',( #5664 ) ) ;
#9871 = STYLED_ITEM ( 'NONE', ( #2726 ), #6591 ) ;
#9872 = FACE_OUTER_BOUND ( 'NONE', #1482, .T. ) ;
#9873 = FACE_OUTER_BOUND ( 'NONE', #5547, .T. ) ;
#9874 =( GEOMETRIC_REPRESENTATION_CONTEXT ( 3 ) GLOBAL_UNCERTAINTY_ASSIGNED_CONTEXT ( ( #5077 ) ) GLOBAL_UNIT_ASSIGNED_CONTEXT ( ( #958, #244, #2111 ) ) REPRESENTATION_CONTEXT ( 'NONE', 'WORKASPACE' ) );
#9875 = EDGE_CURVE ( 'NONE', #6679, #2348, #5553, .T. ) ;
#9876 = VECTOR ( 'NONE', #5573, 1000.000000000000000 ) ;
#9877 = CIRCLE ( 'NONE', #3263, 0.3000000000000001554 ) ;
#9878 = CARTESIAN_POINT ( 'NONE',  ( -2.500000000000000000, -2.031054246808094987, 0.1196213842253189968 ) ) ;
#9879 = ORIENTED_EDGE ( 'NONE', *, *, #2307, .F. ) ;
#9880 = SURFACE_SIDE_STYLE ('',( #4 ) ) ;
#9881 = CARTESIAN_POINT ( 'NONE',  ( -1.976660526444884880, -2.735515474086174681, 2.399999999999999911 ) ) ;
#9882 = CARTESIAN_POINT ( 'NONE',  ( 2.878086880944305204, 1.492313292883800102, 0.5000000000000000000 ) ) ;
#9883 = ORIENTED_EDGE ( 'NONE', *, *, #926, .T. ) ;
#9884 =( NAMED_UNIT ( * ) PLANE_ANGLE_UNIT ( ) SI_UNIT ( $, .RADIAN. ) );
#9885 = ORIENTED_EDGE ( 'NONE', *, *, #9283, .F. ) ;
#9886 = CARTESIAN_POINT ( 'NONE',  ( 2.213104127458634718, 0.8084894586259681049, 1.463238643715963905 ) ) ;
#9887 = AXIS2_PLACEMENT_3D ( 'NONE', #9277, #3514, #5953 ) ;
#9888 = CARTESIAN_POINT ( 'NONE',  ( -2.185805210535759713, 0.8517289528496990725, 1.462941367960224115 ) ) ;
#9889 = VECTOR ( 'NONE', #3681, 1000.000000000000000 ) ;
#9890 = VECTOR ( 'NONE', #260, 1000.000000000000000 ) ;
#9891 = UNCERTAINTY_MEASURE_WITH_UNIT (LENGTH_MEASURE( 1.000000000000000082E-05 ), #2022, 'distance_accuracy_value', 'NONE');
#9892 = B_SPLINE_SURFACE_WITH_KNOTS ( 'NONE', 3, 1, ( 
 ( #9868, #7617 ),
 ( #1788, #250 ),
 ( #9362, #3539 ),
 ( #5133, #5083 ),
 ( #6740, #149 ),
 ( #2662, #5188 ),
 ( #4360, #5244 ),
 ( #9306, #8601 ),
 ( #3591, #7674 ),
 ( #8554, #5976 ),
 ( #9416, #10238 ) ),
 .UNSPECIFIED., .F., .F., .F.,
 ( 4, 1, 1, 1, 1, 1, 1, 1, 4 ),
 ( 2, 2 ),
 ( 0.0000000000000000000, 0.1818627159604200016, 0.3478693513041130059, 0.4980370164793330168, 0.6302069238042270483, 0.7473112184362139532, 0.8479049363245800830, 0.9323595851926930189, 1.000000000000000000 ),
 ( 0.0000000000000000000, 1.000000000000000000 ),
 .UNSPECIFIED. ) ;
#9893 = CARTESIAN_POINT ( 'NONE',  ( -2.502745270286235169, -2.021312443479984733, 0.4999999999980690446 ) ) ;
#9894 = STYLED_ITEM ( 'NONE', ( #1974 ), #8830 ) ;
#9895 = VECTOR ( 'NONE', #7466, 1000.000000000000114 ) ;
#9896 = EDGE_LOOP ( 'NONE', ( #6266, #5059, #7162, #1756 ) ) ;
#9897 = LINE ( 'NONE', #6496, #9677 ) ;
#9898 = CARTESIAN_POINT ( 'NONE',  ( -2.899999999999999911, 0.3587885829618310263, 0.5000000000000000000 ) ) ;
#9899 = VERTEX_POINT ( 'NONE', #3527 ) ;
#9900 = DIRECTION ( 'NONE',  ( 0.0000000000000000000, 0.0000000000000000000, -1.000000000000000000 ) ) ;
#9901 = CARTESIAN_POINT ( 'NONE',  ( 2.208192420084340135, 2.908332164593320002, 0.4943389081215850966 ) ) ;
#9902 = CARTESIAN_POINT ( 'NONE',  ( -2.202783587081335259, -2.899999999999999911, 0.5000000000000000000 ) ) ;
#9903 = CIRCLE ( 'NONE', #495, 0.1500000000000001887 ) ;
#9904 = TOROIDAL_SURFACE ( 'NONE', #4504, 0.1800000000000000211, 0.02000000000000000042 ) ;
#9905 = ADVANCED_FACE ( 'NONE', ( #2702 ), #8483, .F. ) ;
#9906 = DIRECTION ( 'NONE',  ( -3.203166744464219909E-16, 1.000000000000000000, 0.0000000000000000000 ) ) ;
#9907 = VERTEX_POINT ( 'NONE', #10166 ) ;
#9908 = CARTESIAN_POINT ( 'NONE',  ( -2.519193076883874838, 2.765399666546539681, 0.4830055065131880210 ) ) ;
#9909 = VECTOR ( 'NONE', #3555, 1000.000000000000000 ) ;
#9910 = CARTESIAN_POINT ( 'NONE',  ( 2.284334593811125025, -1.697116873721620012, 0.8036520721834730097 ) ) ;
#9911 = CIRCLE ( 'NONE', #4518, 0.6999999999999999556 ) ;
#9912 = LINE ( 'NONE', #10787, #136 ) ;
#9913 = CARTESIAN_POINT ( 'NONE',  ( 2.904960620002770000, 1.490304128304386078, 0.4829710887448589451 ) ) ;
#9914 = CARTESIAN_POINT ( 'NONE',  ( 2.638639096053824851, -1.791623023996889996, 0.5000000000000000000 ) ) ;
#9915 = PRESENTATION_STYLE_ASSIGNMENT (( #2504 ) ) ;
#9916 = CARTESIAN_POINT ( 'NONE',  ( -2.595619047432884852, -1.244277127969461771, 0.8038707542216599888 ) ) ;
#9917 = SURFACE_STYLE_FILL_AREA ( #5767 ) ;
#9918 = VECTOR ( 'NONE', #6299, 1000.000000000000000 ) ;
#9919 = ORIENTED_EDGE ( 'NONE', *, *, #5078, .F. ) ;
#9920 =( LENGTH_UNIT ( ) NAMED_UNIT ( * ) SI_UNIT ( .MILLI., .METRE. ) );
#9921 = ORIENTED_EDGE ( 'NONE', *, *, #8464, .T. ) ;
#9922 = DIRECTION ( 'NONE',  ( 0.0000000000000000000, 1.000000000000000000, 0.0000000000000000000 ) ) ;
#9923 = LINE ( 'NONE', #7460, #4502 ) ;
#9924 = DIRECTION ( 'NONE',  ( 1.000000000000000000, 0.0000000000000000000, 0.0000000000000000000 ) ) ;
#9925 = FILL_AREA_STYLE ('',( #5724 ) ) ;
#9926 = AXIS2_PLACEMENT_3D ( 'NONE', #10498, #9564, #10386 ) ;
#9927 = EDGE_CURVE ( 'NONE', #7030, #5023, #883, .T. ) ;
#9928 = LINE ( 'NONE', #3334, #2756 ) ;
#9929 = SURFACE_SIDE_STYLE ('',( #4156 ) ) ;
#9930 = VERTEX_POINT ( 'NONE', #5232 ) ;
#9931 = DIRECTION ( 'NONE',  ( -1.000000000000000000, 0.0000000000000000000, 0.0000000000000000000 ) ) ;
#9932 = CARTESIAN_POINT ( 'NONE',  ( -1.771433112786774844, -2.342623441183854904, 2.118608285006374992 ) ) ;
#9933 = CARTESIAN_POINT ( 'NONE',  ( -2.696359272984149680, -1.954674873510330091, 0.3864410810002315011 ) ) ;
#9934 = SURFACE_STYLE_FILL_AREA ( #3784 ) ;
#9935 = ORIENTED_EDGE ( 'NONE', *, *, #5982, .F. ) ;
#9936 = CARTESIAN_POINT ( 'NONE',  ( -0.5999999999999999778, 0.04326999137185034983, 2.790000000000000036 ) ) ;
#9937 = EDGE_CURVE ( 'NONE', #10771, #729, #7711, .T. ) ;
#9938 = CARTESIAN_POINT ( 'NONE',  ( 2.995452513928390292, 1.685878662838235176, 2.399999999999999911 ) ) ;
#9939 = CARTESIAN_POINT ( 'NONE',  ( -2.904985414717070391, 1.313390508626737896, 0.4943226261341510663 ) ) ;
#9940 = STYLED_ITEM ( 'NONE', ( #8529 ), #3543 ) ;
#9941 = CARTESIAN_POINT ( 'NONE',  ( -2.307231406161874609, 2.017108100455010433, 0.7482626040938691325 ) ) ;
#9942 = EDGE_CURVE ( 'NONE', #7540, #9214, #4345, .T. ) ;
#9943 = COLOUR_RGB ( '',0.7921568627450980005, 0.8196078431372548767, 0.9333333333333333481 ) ;
#9944 = CARTESIAN_POINT ( 'NONE',  ( -0.1141190710410202036, 0.5886413351365709090, 2.799999999999999822 ) ) ;
#9945 = ORIENTED_EDGE ( 'NONE', *, *, #10072, .F. ) ;
#9946 = CARTESIAN_POINT ( 'NONE',  ( -2.909936671017094856, 0.1211555844789792002, 0.4829525989476729508 ) ) ;
#9947 = ORIENTED_EDGE ( 'NONE', *, *, #9666, .T. ) ;
#9948 = DIRECTION ( 'NONE',  ( -1.000000000000000000, 0.0000000000000000000, 0.0000000000000000000 ) ) ;
#9949 = CARTESIAN_POINT ( 'NONE',  ( -1.429894934281916052, 1.735488937613350213, 1.455028784194958069 ) ) ;
#9950 = CARTESIAN_POINT ( 'NONE',  ( -0.5999999999999999778, 0.9418089524108110844, 2.790000000000000036 ) ) ;
#9951 = CARTESIAN_POINT ( 'NONE',  ( -0.1999999998978929938, -2.899999999999999911, 0.5000000000000000000 ) ) ;
#9952 = B_SPLINE_CURVE_WITH_KNOTS ( 'NONE', 3,
 ( #8322, #6670, #4285, #7496, #1668, #6726, #2700, #10064, #10121, #4234, #10010, #1729, #7657, #6879, #2649, #133, #5010, #5070, #9140 ),
 .UNSPECIFIED., .F., .F.,
 ( 4, 1, 1, 1, 1, 1, 1, 1, 1, 1, 1, 1, 1, 1, 1, 1, 4 ),
 ( 0.0000000000000000000, 0.01681894172984564964, 0.04000885950673790242, 0.06933925779684629864, 0.1044390419415417992, 0.1456839376965947952, 0.1929665541798580020, 0.2467636342673185101, 0.3057092442526634923, 0.3716976109959455044, 0.4432015931487114924, 0.5204873727434039532, 0.6045517168100760230, 0.6940355353249040293, 0.7900294905600779849, 0.8918067042967169344, 1.000000000000000000 ),
 .UNSPECIFIED. ) ;
#9953 = DIRECTION ( 'NONE',  ( -1.000000000000000000, -3.203166744464219909E-16, 0.0000000000000000000 ) ) ;
#9954 = EDGE_LOOP ( 'NONE', ( #8681, #9947, #1043, #9600 ) ) ;
#9955 = DIRECTION ( 'NONE',  ( -1.000000000000000000, 0.0000000000000000000, 0.0000000000000000000 ) ) ;
#9956 = CARTESIAN_POINT ( 'NONE',  ( -2.509035538961519762, 2.142875362175700182, 0.4886586889708139925 ) ) ;
#9957 = CARTESIAN_POINT ( 'NONE',  ( 2.105748805674594770, -1.009876620037871930, 1.462272691839520133 ) ) ;
#9958 = LINE ( 'NONE', #7445, #1884 ) ;
#9959 = ADVANCED_FACE ( 'NONE', ( #5535 ), #7205, .T. ) ;
#9960 = CARTESIAN_POINT ( 'NONE',  ( 2.805472533785934974, 1.594079699666369976, 0.4943245643932790423 ) ) ;
#9961 = CARTESIAN_POINT ( 'NONE',  ( 1.974683639255925272, -1.233022982912550081, 1.460942128133934093 ) ) ;
#9962 = LINE ( 'NONE', #5813, #5912 ) ;
#9963 = CARTESIAN_POINT ( 'NONE',  ( -2.691134961476949972, -1.386668582530510063, 2.124064767116520258 ) ) ;
#9964 = CARTESIAN_POINT ( 'NONE',  ( 2.999872961780433389, -1.634518634795093739, 2.399999999999999911 ) ) ;
#9965 = VERTEX_POINT ( 'NONE', #6383 ) ;
#9966 = CARTESIAN_POINT ( 'NONE',  ( 0.02897727272727309775, -1.756973515121655005, 2.790000000000000036 ) ) ;
#9967 = CARTESIAN_POINT ( 'NONE',  ( 0.5999999999999999778, 0.8909160952679540113, 2.790000000000000036 ) ) ;
#9968 =( NAMED_UNIT ( * ) SI_UNIT ( $, .STERADIAN. ) SOLID_ANGLE_UNIT ( ) );
#9969 =( NAMED_UNIT ( * ) SI_UNIT ( $, .STERADIAN. ) SOLID_ANGLE_UNIT ( ) );
#9970 = CARTESIAN_POINT ( 'NONE',  ( 4.217652621769160266E-17, -2.907481723192060219, 0.4886983618221160675 ) ) ;
#9971 = CARTESIAN_POINT ( 'NONE',  ( 2.087867965644039536, -2.662132034355964905, 2.700000000000000178 ) ) ;
#9972 = B_SPLINE_SURFACE_WITH_KNOTS ( 'NONE', 3, 1, ( 
 ( #9040, #6460 ),
 ( #4801, #1568 ),
 ( #3253, #788 ),
 ( #8058, #9688 ),
 ( #8883, #633 ),
 ( #2453, #5760 ),
 ( #8266, #7444 ),
 ( #575, #3975 ),
 ( #2338, #5650 ),
 ( #8982, #1507 ),
 ( #8165, #3367 ),
 ( #5809, #9141 ),
 ( #9293, #9191 ),
 ( #4236, #1669 ),
 ( #5011, #898 ),
 ( #5919, #9245 ),
 ( #10165, #77 ),
 ( #6671, #1827 ),
 ( #134, #3478 ) ),
 .UNSPECIFIED., .F., .F., .F.,
 ( 4, 1, 1, 1, 1, 1, 1, 1, 1, 1, 1, 1, 1, 1, 1, 1, 4 ),
 ( 2, 2 ),
 ( 0.0000000000000000000, 0.006491022190099359802, 0.01999718752723544934, 0.04129174943302810208, 0.06993138171736230924, 0.1060405829517207937, 0.1498516436044682043, 0.2008085873982295155, 0.2597997561993690141, 0.3257033864952474933, 0.3998780143702789780, 0.4809647925942789892, 0.5697627338811119824, 0.6662729348137089724, 0.7696947132029710037, 0.8811519930212949880, 1.000000000000000000 ),
 ( 0.0000000000000000000, 1.000000000000000000 ),
 .UNSPECIFIED. ) ;
#9973 = DIRECTION ( 'NONE',  ( 0.0000000000000000000, 0.0000000000000000000, 1.000000000000000000 ) ) ;
#9974 =( NAMED_UNIT ( * ) SI_UNIT ( $, .STERADIAN. ) SOLID_ANGLE_UNIT ( ) );
#9975 = ADVANCED_FACE ( 'NONE', ( #3025 ), #2765, .T. ) ;
#9976 = ORIENTED_EDGE ( 'NONE', *, *, #5984, .T. ) ;
#9977 = DIRECTION ( 'NONE',  ( 1.000000000000000000, 0.0000000000000000000, 0.0000000000000000000 ) ) ;
#9978 = CARTESIAN_POINT ( 'NONE',  ( -2.516175321166290058, -2.457649299076344995, 0.4829967147565620289 ) ) ;
#9979 = CARTESIAN_POINT ( 'NONE',  ( -2.638104590685184991, -1.989639200920565010, 0.3864410810002315011 ) ) ;
#9980 = CARTESIAN_POINT ( 'NONE',  ( -2.600000000000000089, -2.799999999999999822, 0.5000000000000000000 ) ) ;
#9981 = CARTESIAN_POINT ( 'NONE',  ( -0.5999999999999999778, -0.8820546839528250471, 2.790000000000000036 ) ) ;
#9982 = VERTEX_POINT ( 'NONE', #4668 ) ;
#9983 = CARTESIAN_POINT ( 'NONE',  ( 1.149999999999999911, 3.010000000000000231, 0.1100000000000000006 ) ) ;
#9984 = DIRECTION ( 'NONE',  ( 0.0000000000000000000, -1.000000000000000000, 0.0000000000000000000 ) ) ;
#9985 = CARTESIAN_POINT ( 'NONE',  ( 2.888842628547434899, 1.476764338265061927, 0.5000000000000000000 ) ) ;
#9986 = CARTESIAN_POINT ( 'NONE',  ( -2.747390768519520243, 1.018394809548079927, 2.125366822177749970 ) ) ;
#9987 = DIRECTION ( 'NONE',  ( 0.0000000000000000000, 0.0000000000000000000, -1.000000000000000000 ) ) ;
#9988 = AXIS2_PLACEMENT_3D ( 'NONE', #10601, #7363, #4736 ) ;
#9989 = UNCERTAINTY_MEASURE_WITH_UNIT (LENGTH_MEASURE( 1.000000000000000082E-05 ), #9282, 'distance_accuracy_value', 'NONE');
#9990 = CARTESIAN_POINT ( 'NONE',  ( -0.4386870883860760073, 0.8221260542694088791, 2.799999999999999822 ) ) ;
#9991 = EDGE_CURVE ( 'NONE', #6393, #3833, #4012, .T. ) ;
#9992 = VERTEX_POINT ( 'NONE', #669 ) ;
#9993 =( NAMED_UNIT ( * ) PLANE_ANGLE_UNIT ( ) SI_UNIT ( $, .RADIAN. ) );
#9994 = CARTESIAN_POINT ( 'NONE',  ( -2.282893580830670288, -0.7366583574700130699, 1.463828015118318060 ) ) ;
#9995 = CARTESIAN_POINT ( 'NONE',  ( 2.168404344971008868E-16, 2.750000000000000000, 2.399999999999999911 ) ) ;
#9996 = ORIENTED_EDGE ( 'NONE', *, *, #8471, .F. ) ;
#9997 = MECHANICAL_DESIGN_GEOMETRIC_PRESENTATION_REPRESENTATION (  '', ( #4253 ), #1980 ) ;
#9998 = CARTESIAN_POINT ( 'NONE',  ( 2.500000000000000000, 2.674999999999999822, 0.1000000000000000056 ) ) ;
#9999 = ADVANCED_FACE ( 'NONE', ( #10598 ), #9011, .F. ) ;
#10000 = CARTESIAN_POINT ( 'NONE',  ( -2.102119455243249835, 2.393819978617655497, 0.8031671104450349707 ) ) ;
#10001 = SURFACE_SIDE_STYLE ('',( #4227 ) ) ;
#10002 = DIRECTION ( 'NONE',  ( 0.0000000000000000000, 1.000000000000000000, 0.0000000000000000000 ) ) ;
#10003 = VECTOR ( 'NONE', #8935, 1000.000000000000000 ) ;
#10004 = EDGE_CURVE ( 'NONE', #2401, #7677, #3135, .T. ) ;
#10005 = DIRECTION ( 'NONE',  ( 0.8169966565740621744, 0.5766424049155629561, 0.0000000000000000000 ) ) ;
#10006 = ORIENTED_EDGE ( 'NONE', *, *, #7144, .T. ) ;
#10007 = CARTESIAN_POINT ( 'NONE',  ( 0.2464285714285714968, 0.6413219394237980042, 2.790000000000000036 ) ) ;
#10008 = CARTESIAN_POINT ( 'NONE',  ( -2.268438336465255389, 1.756762681116759817, 0.8036112180884850131 ) ) ;
#10009 = ORIENTED_EDGE ( 'NONE', *, *, #8225, .T. ) ;
#10010 = CARTESIAN_POINT ( 'NONE',  ( 0.3282910536466949747, -0.6549949679630430177, 2.790000000000000036 ) ) ;
#10011 = CARTESIAN_POINT ( 'NONE',  ( 0.2112822484499475018, -0.5712598892987850174, 2.799999999999999822 ) ) ;
#10012 = DIRECTION ( 'NONE',  ( 0.0000000000000000000, 0.0000000000000000000, -1.000000000000000000 ) ) ;
#10013 = CARTESIAN_POINT ( 'NONE',  ( 2.639420354414699688, 1.790646451045804888, 0.5000000000000000000 ) ) ;
#10014 = CARTESIAN_POINT ( 'NONE',  ( 2.895905257019049994, -1.460134059251072092, 0.5000000000000000000 ) ) ;
#10015 = VECTOR ( 'NONE', #7304, 1000.000000000000114 ) ;
#10016 = ORIENTED_EDGE ( 'NONE', *, *, #3071, .F. ) ;
#10017 = LINE ( 'NONE', #9406, #5744 ) ;
#10018 = CARTESIAN_POINT ( 'NONE',  ( -2.002928960856254825, -1.189059847300706130, 1.461343339307632050 ) ) ;
#10019 = EDGE_CURVE ( 'NONE', #9077, #1005, #7313, .T. ) ;
#10020 = AXIS2_PLACEMENT_3D ( 'NONE', #367, #7010, #5295 ) ;
#10021 = ORIENTED_EDGE ( 'NONE', *, *, #7182, .T. ) ;
#10022 = CARTESIAN_POINT ( 'NONE',  ( 2.449665983286775095, -2.902220160441634889, 0.4943369222420319065 ) ) ;
#10023 = PRESENTATION_STYLE_ASSIGNMENT (( #4411 ) ) ;
#10024 = SURFACE_STYLE_FILL_AREA ( #1631 ) ;
#10025 = CARTESIAN_POINT ( 'NONE',  ( 2.399999999999999911, 2.799999999999999822, 0.1000000000000000056 ) ) ;
#10026 = CARTESIAN_POINT ( 'NONE',  ( 2.912025606690735291, -1.473786542841289959, 0.4829710935074230105 ) ) ;
#10027 = CARTESIAN_POINT ( 'NONE',  ( 2.082132551870554682, -2.403481102314225293, 0.8031532906189390308 ) ) ;
#10028 = DIRECTION ( 'NONE',  ( -0.5000000000000057732, 0.4999999999999997224, 0.7071067811865435759 ) ) ;
#10029 = SURFACE_STYLE_FILL_AREA ( #2566 ) ;
#10030 = CARTESIAN_POINT ( 'NONE',  ( 0.5541885429659979545, 0.3009656919439829825, 2.799999999999999822 ) ) ;
#10031 = CARTESIAN_POINT ( 'NONE',  ( 0.4296522000915020123, 0.3931711854569770459, 2.799999999999999822 ) ) ;
#10032 = PRESENTATION_LAYER_ASSIGNMENT (  '', '', ( #1846 ) ) ;
#10033 = ORIENTED_EDGE ( 'NONE', *, *, #8749, .T. ) ;
#10034 = CARTESIAN_POINT ( 'NONE',  ( 0.0000000000000000000, 1.800000000000000044, 2.790000000000000036 ) ) ;
#10035 = CARTESIAN_POINT ( 'NONE',  ( -1.712896288290954860, -2.750000000000000000, 2.399999999999999911 ) ) ;
#10036 = CARTESIAN_POINT ( 'NONE',  ( -2.596259265771875047, 2.543544423122504838, 0.1080825442697556094 ) ) ;
#10037 = CARTESIAN_POINT ( 'NONE',  ( -0.5000000000000000000, 0.0000000000000000000, 0.1000000000000000056 ) ) ;
#10038 = LINE ( 'NONE', #5835, #3917 ) ;
#10039 = ORIENTED_EDGE ( 'NONE', *, *, #4943, .F. ) ;
#10040 = DIRECTION ( 'NONE',  ( 0.0000000000000000000, 0.0000000000000000000, 1.000000000000000000 ) ) ;
#10041 = CARTESIAN_POINT ( 'NONE',  ( 1.875735931288069924, 2.750000000000000000, 2.799999999999999822 ) ) ;
#10042 = CARTESIAN_POINT ( 'NONE',  ( 2.805472533785934974, 1.594079699666369976, 0.4943245643932790423 ) ) ;
#10043 = CARTESIAN_POINT ( 'NONE',  ( -2.906652156800074494, 1.469235714977985774, 0.4886473956716320122 ) ) ;
#10044 = CARTESIAN_POINT ( 'NONE',  ( -2.372836615825775208, 2.038970344058605111, 0.6642226893962079881 ) ) ;
#10045 = VECTOR ( 'NONE', #9097, 1000.000000000000000 ) ;
#10046 = CARTESIAN_POINT ( 'NONE',  ( -2.699764601528735319, 1.955451094780489951, 0.3864410810002315011 ) ) ;
#10047 = ORIENTED_EDGE ( 'NONE', *, *, #1272, .F. ) ;
#10048 = CARTESIAN_POINT ( 'NONE',  ( -2.899999999999999911, -1.435405267612604119, 0.5000000000000000000 ) ) ;
#10049 = STYLED_ITEM ( 'NONE', ( #4224 ), #8801 ) ;
#10050 = ORIENTED_EDGE ( 'NONE', *, *, #8209, .T. ) ;
#10051 = VECTOR ( 'NONE', #3849, 1000.000000000000000 ) ;
#10052 = CARTESIAN_POINT ( 'NONE',  ( -1.817800887793560083, 2.920284914696439582, 0.4830259733767090502 ) ) ;
#10053 = SURFACE_STYLE_USAGE ( .BOTH. , #10001 ) ;
#10054 = EDGE_CURVE ( 'NONE', #7330, #3696, #822, .T. ) ;
#10055 = LINE ( 'NONE', #4228, #7952 ) ;
#10056 = PRESENTATION_LAYER_ASSIGNMENT (  '', '', ( #824 ) ) ;
#10057 = VECTOR ( 'NONE', #3013, 1000.000000000000000 ) ;
#10058 = VECTOR ( 'NONE', #10409, 1000.000000000000000 ) ;
#10059 = LINE ( 'NONE', #9340, #6621 ) ;
#10060 = ORIENTED_EDGE ( 'NONE', *, *, #6616, .T. ) ;
#10061 = PLANE ( 'NONE',  #2705 ) ;
#10062 = CARTESIAN_POINT ( 'NONE',  ( -2.504843602053194562, 2.259622711692694796, 0.4943304893555939827 ) ) ;
#10063 = EDGE_LOOP ( 'NONE', ( #9080, #5557, #2919, #5274 ) ) ;
#10064 = CARTESIAN_POINT ( 'NONE',  ( 0.2502590124535895022, -0.5988679033182549016, 2.790000000000000036 ) ) ;
#10065 = CARTESIAN_POINT ( 'NONE',  ( -2.929555348566675210, 1.820444651425632276, 2.399999999999999911 ) ) ;
#10066 = B_SPLINE_CURVE_WITH_KNOTS ( 'NONE', 3,
 ( #6225, #8742, #3907, #3141, #2211, #7159, #4557, #1275, #5380, #6446, #10377, #450, #3792, #9553, #7868, #8042, #390, #8918, #3083, #10492, #3028, #6332, #1392, #2099, #1333, #2276, #4611, #8693, #7263, #5543, #5490 ),
 .UNSPECIFIED., .F., .F.,
 ( 4, 3, 3, 3, 3, 3, 3, 3, 3, 3, 4 ),
 ( 0.0001261699958572455485, 0.0001404305151617839817, 0.0001560143090828020236, 0.0001723226661476895080, 0.0001897681271263104989, 0.0002081609893748595042, 0.0002268531952819340201, 0.0002451603384005170442, 0.0002627235218342299870, 0.0002795558719831114924, 0.0002866475043391324769 ),
 .UNSPECIFIED. ) ;
#10067 = CARTESIAN_POINT ( 'NONE',  ( 2.955335420281954839, 1.786220465086054920, 2.399999999999999911 ) ) ;
#10068 = CARTESIAN_POINT ( 'NONE',  ( 2.999872961780435165, -1.634518634795035119, 2.399999999999999911 ) ) ;
#10069 = STYLED_ITEM ( 'NONE', ( #8253 ), #8299 ) ;
#10070 =( NAMED_UNIT ( * ) SI_UNIT ( $, .STERADIAN. ) SOLID_ANGLE_UNIT ( ) );
#10071 = VECTOR ( 'NONE', #8242, 1000.000000000000000 ) ;
#10072 = EDGE_CURVE ( 'NONE', #2064, #4128, #8864, .T. ) ;
#10073 = CARTESIAN_POINT ( 'NONE',  ( -2.273576287558115361, -1.732045291525480035, 0.8036276495587629798 ) ) ;
#10074 = CARTESIAN_POINT ( 'NONE',  ( -1.149999999999999911, 3.000000000000000000, 0.1200000000000000094 ) ) ;
#10075 = UNCERTAINTY_MEASURE_WITH_UNIT (LENGTH_MEASURE( 1.000000000000000082E-05 ), #7768, 'distance_accuracy_value', 'NONE');
#10076 = VECTOR ( 'NONE', #768, 1000.000000000000000 ) ;
#10077 = ORIENTED_EDGE ( 'NONE', *, *, #1069, .F. ) ;
#10078 = AXIS2_PLACEMENT_3D ( 'NONE', #9706, #7192, #4592 ) ;
#10079 = CARTESIAN_POINT ( 'NONE',  ( 1.207057892422422007, -2.905025367683570003, 0.4943458434218069852 ) ) ;
#10080 = SURFACE_STYLE_USAGE ( .BOTH. , #5027 ) ;
#10081 = DIRECTION ( 'NONE',  ( 0.0000000000000000000, 0.0000000000000000000, -1.000000000000000000 ) ) ;
#10082 = CARTESIAN_POINT ( 'NONE',  ( 2.899999999999999911, -1.309345828020819891, 0.5000000000000000000 ) ) ;
#10083 = CARTESIAN_POINT ( 'NONE',  ( 0.1422628037734548212, -2.495562771045445327, 1.449528787345573999 ) ) ;
#10084 = CARTESIAN_POINT ( 'NONE',  ( -1.765698779334879731, -2.004042074047625022, 0.6999999999999999556 ) ) ;
#10085 = MECHANICAL_DESIGN_GEOMETRIC_PRESENTATION_REPRESENTATION (  '', ( #5902 ), #153 ) ;
#10086 = EDGE_CURVE ( 'NONE', #8050, #10711, #610, .T. ) ;
#10087 = CARTESIAN_POINT ( 'NONE',  ( 0.5999999999999999778, 1.087425835527694007, 2.790000000000000036 ) ) ;
#10088 = VECTOR ( 'NONE', #5293, 1000.000000000000000 ) ;
#10089 = CARTESIAN_POINT ( 'NONE',  ( 0.3932563306956445293, 0.4197219978951854946, 2.799999999999999822 ) ) ;
#10090 = DIRECTION ( 'NONE',  ( 0.0000000000000000000, 0.0000000000000000000, -1.000000000000000000 ) ) ;
#10091 = VERTEX_POINT ( 'NONE', #8137 ) ;
#10092 =( NAMED_UNIT ( * ) SI_UNIT ( $, .STERADIAN. ) SOLID_ANGLE_UNIT ( ) );
#10093 = COLOUR_RGB ( '',0.8431372549019607865, 0.8156862745098039102, 0.7529411764705882248 ) ;
#10094 = CARTESIAN_POINT ( 'NONE',  ( -1.805634623012555062, -2.899999999999999911, 0.5000000000000000000 ) ) ;
#10095 = B_SPLINE_CURVE_WITH_KNOTS ( 'NONE', 3,
 ( #1642, #4160, #8349, #1695, #1479, #10590, #5627, #8957, #2364, #5677, #6645, #2477, #5833, #816, #9933, #5733, #6438, #2313, #7471, #9772, #6, #3339, #4054, #7412, #9008, #4007, #1537, #9979, #872, #10751, #4936 ),
 .UNSPECIFIED., .F., .F.,
 ( 4, 3, 3, 3, 3, 3, 3, 3, 3, 3, 4 ),
 ( 4.299752354018870860E-05, 5.027529256606299885E-05, 6.694668019364990487E-05, 8.364416037443229513E-05, 0.0001004295382076653891, 0.0001173451377401607982, 0.0001343966122253576010, 0.0001515345789836689949, 0.0001686491063354759784, 0.0001856048939788864901, 0.0002001461013107733058 ),
 .UNSPECIFIED. ) ;
#10096 = CARTESIAN_POINT ( 'NONE',  ( 0.2464285714285714968, 0.6413219394237980042, 2.790000000000000036 ) ) ;
#10097 = LINE ( 'NONE', #10037, #6037 ) ;
#10098 =( LENGTH_UNIT ( ) NAMED_UNIT ( * ) SI_UNIT ( .MILLI., .METRE. ) );
#10099 = VERTEX_POINT ( 'NONE', #6541 ) ;
#10100 = DIRECTION ( 'NONE',  ( 0.0000000000000000000, 0.0000000000000000000, -1.000000000000000000 ) ) ;
#10101 = CARTESIAN_POINT ( 'NONE',  ( 2.258145803730744916, 1.817914402052994927, 0.8035727779344150612 ) ) ;
#10102 = CARTESIAN_POINT ( 'NONE',  ( -2.897609316784664824, 1.501742763052459795, 0.4829715709687880110 ) ) ;
#10103 = EDGE_CURVE ( 'NONE', #2029, #761, #10648, .T. ) ;
#10104 = CARTESIAN_POINT ( 'NONE',  ( -2.386735755456512731, 2.006938920925654735, 0.6500078684996064560 ) ) ;
#10105 = CARTESIAN_POINT ( 'NONE',  ( -2.661084054072369920, 1.960859410986509621, 0.3864410810002315011 ) ) ;
#10106 = ORIENTED_EDGE ( 'NONE', *, *, #7279, .F. ) ;
#10107 = CARTESIAN_POINT ( 'NONE',  ( -2.614049081102404859, -1.202340875728346026, 0.8038925096670319626 ) ) ;
#10108 = CARTESIAN_POINT ( 'NONE',  ( -2.471254120906682505, 1.435659799017713789, 0.1000000000000000056 ) ) ;
#10109 = ORIENTED_EDGE ( 'NONE', *, *, #2752, .T. ) ;
#10110 = STYLED_ITEM ( 'NONE', ( #5854 ), #3612 ) ;
#10111 = CARTESIAN_POINT ( 'NONE',  ( -1.913227211300619901, 2.453946039342185248, 0.8030607983900290847 ) ) ;
#10112 = CARTESIAN_POINT ( 'NONE',  ( -0.5999999999999999778, -0.1802689696671105068, 2.790000000000000036 ) ) ;
#10113 = MECHANICAL_DESIGN_GEOMETRIC_PRESENTATION_REPRESENTATION (  '', ( #1753 ), #1415 ) ;
#10114 = CARTESIAN_POINT ( 'NONE',  ( -0.5999999999999999778, -1.078807930706071838, 2.790000000000000036 ) ) ;
#10115 = SURFACE_SIDE_STYLE ('',( #9186 ) ) ;
#10116 = EDGE_LOOP ( 'NONE', ( #1119, #10748 ) ) ;
#10117 = CARTESIAN_POINT ( 'NONE',  ( -2.348303986367215046, 1.591583517576470097, 0.8037145940233760832 ) ) ;
#10118 = EDGE_CURVE ( 'NONE', #8771, #9992, #2370, .T. ) ;
#10119 = ORIENTED_EDGE ( 'NONE', *, *, #9726, .T. ) ;
#10120 = VERTEX_POINT ( 'NONE', #4058 ) ;
#10121 = CARTESIAN_POINT ( 'NONE',  ( 0.2737454707871014858, -0.6154340613369498891, 2.790000000000000036 ) ) ;
#10122 = FACE_OUTER_BOUND ( 'NONE', #5273, .T. ) ;
#10123 = LINE ( 'NONE', #2454, #1359 ) ;
#10124 = CARTESIAN_POINT ( 'NONE',  ( 2.995452513928390292, 1.685878662838235176, 2.399999999999999911 ) ) ;
#10125 = CARTESIAN_POINT ( 'NONE',  ( 2.570789398394315306, -1.277829734988765953, 0.8038519756809759942 ) ) ;
#10126 = CARTESIAN_POINT ( 'NONE',  ( 0.5999999999999999778, -2.169717021615165109, 2.799999999999999822 ) ) ;
#10127 = CARTESIAN_POINT ( 'NONE',  ( -2.597834456852305518, -1.593225456521180083, 2.122951088350879978 ) ) ;
#10128 = PRESENTATION_STYLE_ASSIGNMENT (( #4242 ) ) ;
#10129 = ORIENTED_EDGE ( 'NONE', *, *, #680, .F. ) ;
#10130 = CARTESIAN_POINT ( 'NONE',  ( 1.813745466158054986, 2.913523276466310374, 0.4886839822511060416 ) ) ;
#10131 = ADVANCED_FACE ( 'NONE', ( #3182 ), #10756, .T. ) ;
#10132 = CARTESIAN_POINT ( 'NONE',  ( 0.4305299667704600153, -2.456475915002124921, 1.449895245488353801 ) ) ;
#10133 =( LENGTH_UNIT ( ) NAMED_UNIT ( * ) SI_UNIT ( .MILLI., .METRE. ) );
#10134 = CARTESIAN_POINT ( 'NONE',  ( 2.915522580744520198, -1.457016711664649966, 0.4829708091319650509 ) ) ;
#10135 = CARTESIAN_POINT ( 'NONE',  ( 0.0000000000000000000, -2.619532199182979859, 2.113405993156165064 ) ) ;
#10136 = DIRECTION ( 'NONE',  ( 0.0000000000000000000, 0.0000000000000000000, -1.000000000000000000 ) ) ;
#10137 = ADVANCED_FACE ( 'NONE', ( #3344 ), #7632, .F. ) ;
#10138 =( NAMED_UNIT ( * ) PLANE_ANGLE_UNIT ( ) SI_UNIT ( $, .RADIAN. ) );
#10139 = LINE ( 'NONE', #2666, #7786 ) ;
#10140 = CARTESIAN_POINT ( 'NONE',  ( -2.399999999999999911, -2.899999999999999911, 0.5000000000000000000 ) ) ;
#10141 = ORIENTED_EDGE ( 'NONE', *, *, #3086, .F. ) ;
#10142 = CARTESIAN_POINT ( 'NONE',  ( 0.0000000000000000000, -2.699736777583944924, 0.8025108550506721006 ) ) ;
#10143 =( NAMED_UNIT ( * ) SI_UNIT ( $, .STERADIAN. ) SOLID_ANGLE_UNIT ( ) );
#10144 = CARTESIAN_POINT ( 'NONE',  ( -0.2517973613883850437, 0.4862242940085130249, 2.790000000000000036 ) ) ;
#10145 = PLANE ( 'NONE',  #9285 ) ;
#10146 = FILL_AREA_STYLE_COLOUR ( '', #1331 ) ;
#10147 = SURFACE_STYLE_FILL_AREA ( #2631 ) ;
#10148 = CARTESIAN_POINT ( 'NONE',  ( 2.348353637463200361, 1.591469991741150114, 0.8037149436167990713 ) ) ;
#10149 = CARTESIAN_POINT ( 'NONE',  ( -2.220702636112174666, 0.7830685070676299819, 1.463223041617662146 ) ) ;
#10150 = CARTESIAN_POINT ( 'NONE',  ( 2.600000000000000089, 2.799999999999999822, 0.5000000000000000000 ) ) ;
#10151 = EDGE_CURVE ( 'NONE', #3068, #6303, #9268, .T. ) ;
#10152 = ORIENTED_EDGE ( 'NONE', *, *, #9875, .T. ) ;
#10153 = CARTESIAN_POINT ( 'NONE',  ( -2.906047044380069888, -1.470499506218690078, 0.4886471478055789963 ) ) ;
#10154 = CARTESIAN_POINT ( 'NONE',  ( -2.444085821974907535, -1.361150941342079479, 0.09999999999999996392 ) ) ;
#10155 = ORIENTED_EDGE ( 'NONE', *, *, #3139, .F. ) ;
#10156 = CARTESIAN_POINT ( 'NONE',  ( -1.888842569811610028, 2.750000000000000000, 2.399999999999999911 ) ) ;
#10157 = CARTESIAN_POINT ( 'NONE',  ( -0.1141190710410202036, 0.5886413351365709090, 2.790000000000000036 ) ) ;
#10158 = STYLED_ITEM ( 'NONE', ( #1802 ), #4382 ) ;
#10159 = ORIENTED_EDGE ( 'NONE', *, *, #3268, .F. ) ;
#10160 = FILL_AREA_STYLE ('',( #1932 ) ) ;
#10161 = CARTESIAN_POINT ( 'NONE',  ( -2.557198380835790097, 1.903865611985845030, 0.4943271139160630434 ) ) ;
#10162 = ORIENTED_EDGE ( 'NONE', *, *, #2546, .T. ) ;
#10163 = ORIENTED_EDGE ( 'NONE', *, *, #10054, .T. ) ;
#10164 = CARTESIAN_POINT ( 'NONE',  ( 2.600000000000000089, -2.533647347903380087, 0.1200000000000000094 ) ) ;
#10165 = CARTESIAN_POINT ( 'NONE',  ( -0.5435340141134449299, -1.344619709246519967, 2.790000000000000036 ) ) ;
#10166 = CARTESIAN_POINT ( 'NONE',  ( 2.735355339059330149, 1.661091270347400117, 2.799999999999999822 ) ) ;
#10167 = CARTESIAN_POINT ( 'NONE',  ( 2.537822274071105166, 1.934386218886845032, 0.4943274116723530009 ) ) ;
#10168 = CARTESIAN_POINT ( 'NONE',  ( 2.915522580744520198, -1.457016711664649966, 0.4829708091319650509 ) ) ;
#10169 = CYLINDRICAL_SURFACE ( 'NONE', #1032, 0.2000000000000000944 ) ;
#10170 = CARTESIAN_POINT ( 'NONE',  ( -2.512976523458460232, -2.070111366155655386, 0.4829858793021540309 ) ) ;
#10171 = LINE ( 'NONE', #9408, #9505 ) ;
#10172 = VECTOR ( 'NONE', #4918, 1000.000000000000000 ) ;
#10173 = ORIENTED_EDGE ( 'NONE', *, *, #2150, .T. ) ;
#10174 = CARTESIAN_POINT ( 'NONE',  ( 1.918062981917995069, 2.748290565998874779, 2.399999999999999911 ) ) ;
#10175 = VECTOR ( 'NONE', #9652, 1000.000000000000000 ) ;
#10176 = CARTESIAN_POINT ( 'NONE',  ( 2.462412036542450444, -2.920865421636070103, 0.4830107667260959969 ) ) ;
#10177 = DIRECTION ( 'NONE',  ( 0.0000000000000000000, -1.000000000000000000, 0.0000000000000000000 ) ) ;
#10178 = CARTESIAN_POINT ( 'NONE',  ( 2.202143254936570038, -0.8170546082248699715, 1.463087080490689917 ) ) ;
#10179 = CARTESIAN_POINT ( 'NONE',  ( 1.813745466222654867, -2.913523276463890088, 0.4886839822517020093 ) ) ;
#10180 = SURFACE_SIDE_STYLE ('',( #9208 ) ) ;
#10181 = CARTESIAN_POINT ( 'NONE',  ( -0.2097610860950374911, -1.727527378903239930, 2.799999999999999822 ) ) ;
#10182 = DIRECTION ( 'NONE',  ( -1.000000000000000000, 0.0000000000000000000, 0.0000000000000000000 ) ) ;
#10183 = EDGE_CURVE ( 'NONE', #9637, #10186, #4695, .T. ) ;
#10184 = EDGE_CURVE ( 'NONE', #3040, #9768, #9167, .T. ) ;
#10185 = CARTESIAN_POINT ( 'NONE',  ( -2.399999999999999911, -2.674999999999999822, 0.1000000000000000056 ) ) ;
#10186 = VERTEX_POINT ( 'NONE', #3608 ) ;
#10187 = DIRECTION ( 'NONE',  ( 0.8104379191634829560, -0.5858245293447210678, 0.0000000000000000000 ) ) ;
#10188 = DIRECTION ( 'NONE',  ( -0.7071067811865474617, -0.7071067811865474617, 0.0000000000000000000 ) ) ;
#10189 = CARTESIAN_POINT ( 'NONE',  ( -2.087867965644035095, 2.662132034355964905, 2.399999999999999911 ) ) ;
#10190 = DIRECTION ( 'NONE',  ( 0.0000000000000000000, 0.0000000000000000000, -1.000000000000000000 ) ) ;
#10191 = LINE ( 'NONE', #777, #10594 ) ;
#10192 = ORIENTED_EDGE ( 'NONE', *, *, #4750, .F. ) ;
#10193 = VECTOR ( 'NONE', #1921, 1000.000000000000000 ) ;
#10194 = DIRECTION ( 'NONE',  ( 0.8104379191634829560, -0.5858245293447210678, 0.0000000000000000000 ) ) ;
#10195 = CARTESIAN_POINT ( 'NONE',  ( 2.318102130320695231, 1.633303136518604814, 0.8036921891970439935 ) ) ;
#10196 = CARTESIAN_POINT ( 'NONE',  ( -2.903773725444879439, -0.7151713114197060239, 0.4943190368464809303 ) ) ;
#10197 = SURFACE_STYLE_USAGE ( .BOTH. , #3558 ) ;
#10198 = EDGE_CURVE ( 'NONE', #5023, #3766, #9727, .T. ) ;
#10199 = AXIS2_PLACEMENT_3D ( 'NONE', #5938, #1031, #97 ) ;
#10200 = LINE ( 'NONE', #5998, #7037 ) ;
#10201 = ORIENTED_EDGE ( 'NONE', *, *, #4406, .F. ) ;
#10202 = CARTESIAN_POINT ( 'NONE',  ( 0.5999999999999999778, -1.977346891745034974, 2.799999999999999822 ) ) ;
#10203 = CARTESIAN_POINT ( 'NONE',  ( -2.898406522402315222, -1.500600060617319986, 0.4829713351121970311 ) ) ;
#10204 = CARTESIAN_POINT ( 'NONE',  ( -0.5999999999999999778, -0.8820546839528250471, 2.790000000000000036 ) ) ;
#10205 = CARTESIAN_POINT ( 'NONE',  ( 6.234162491791650496E-16, 2.619532199193490563, 2.113405993179249709 ) ) ;
#10206 = EDGE_LOOP ( 'NONE', ( #10587, #2596, #10604, #10163 ) ) ;
#10207 = CARTESIAN_POINT ( 'NONE',  ( -2.506653190608269632, 2.822564800756639958, 0.4943358802420270148 ) ) ;
#10208 = LINE ( 'NONE', #8201, #1412 ) ;
#10209 = STYLED_ITEM ( 'NONE', ( #1068 ), #759 ) ;
#10210 = VECTOR ( 'NONE', #6429, 1000.000000000000000 ) ;
#10211 = B_SPLINE_CURVE_WITH_KNOTS ( 'NONE', 3,
 ( #1610, #8975, #4950, #1448, #4070, #684, #9844 ),
 .UNSPECIFIED., .F., .F.,
 ( 4, 1, 1, 1, 4 ),
 ( 0.0000000000000000000, 5.036102267624729462E-05, 0.0001007220453524943995, 0.0001510830680287414841, 0.0002014440907049895038 ),
 .UNSPECIFIED. ) ;
#10212 =( LENGTH_UNIT ( ) NAMED_UNIT ( * ) SI_UNIT ( .MILLI., .METRE. ) );
#10213 =( GEOMETRIC_REPRESENTATION_CONTEXT ( 3 ) GLOBAL_UNCERTAINTY_ASSIGNED_CONTEXT ( ( #8358 ) ) GLOBAL_UNIT_ASSIGNED_CONTEXT ( ( #3955, #10705, #724 ) ) REPRESENTATION_CONTEXT ( 'NONE', 'WORKASPACE' ) );
#10214 = ORIENTED_EDGE ( 'NONE', *, *, #5494, .F. ) ;
#10215 = CARTESIAN_POINT ( 'NONE',  ( -1.875735931288069924, -2.750000000000000000, 2.700000000000000178 ) ) ;
#10216 = AXIS2_PLACEMENT_3D ( 'NONE', #9439, #6768, #1098 ) ;
#10217 = CARTESIAN_POINT ( 'NONE',  ( -2.652551829975780429, 1.806061345425139963, 0.4829784809688160152 ) ) ;
#10218 = EDGE_LOOP ( 'NONE', ( #793, #4270, #3587, #7103 ) ) ;
#10219 = VERTEX_POINT ( 'NONE', #6759 ) ;
#10220 = CARTESIAN_POINT ( 'NONE',  ( 2.599499723682810348, -2.538021401874529737, 0.1148078918138570048 ) ) ;
#10221 = DIRECTION ( 'NONE',  ( -0.7071067811865470176, -0.7071067811865480168, 0.0000000000000000000 ) ) ;
#10222 = B_SPLINE_CURVE_WITH_KNOTS ( 'NONE', 3,
 ( #1865, #8465, #4329, #7645, #10154, #2688, #2846, #9544, #502, #7200 ),
 .UNSPECIFIED., .F., .F.,
 ( 4, 1, 1, 2, 2, 4 ),
 ( 0.0000000000000000000, 0.2500000000000075495, 0.3750000000000097700, 0.4375000000000104916, 0.5000000000000112133, 1.000000000000000000 ),
 .UNSPECIFIED. ) ;
#10223 = CARTESIAN_POINT ( 'NONE',  ( 2.512976523458580580, 2.070111366155930277, 0.4829858793015310292 ) ) ;
#10224 = CARTESIAN_POINT ( 'NONE',  ( 2.901278706909614868, -1.464684887114480194, 0.4943236978358079847 ) ) ;
#10225 = LINE ( 'NONE', #5075, #5062 ) ;
#10226 = CARTESIAN_POINT ( 'NONE',  ( -2.930759942061285095, -1.819240057938714905, 2.399999999999999911 ) ) ;
#10227 = VECTOR ( 'NONE', #8239, 1000.000000000000000 ) ;
#10228 = LINE ( 'NONE', #2772, #7423 ) ;
#10229 = EDGE_CURVE ( 'NONE', #10543, #557, #7690, .T. ) ;
#10230 = MECHANICAL_DESIGN_GEOMETRIC_PRESENTATION_REPRESENTATION (  '', ( #9015 ), #810 ) ;
#10231 = AXIS2_PLACEMENT_3D ( 'NONE', #1467, #9051, #646 ) ;
#10232 = VERTEX_POINT ( 'NONE', #5048 ) ;
#10233 = CARTESIAN_POINT ( 'NONE',  ( 1.805634623012555062, 2.899999999999999911, 0.5000000000000000000 ) ) ;
#10234 = VECTOR ( 'NONE', #31, 1000.000000000000000 ) ;
#10235 = PRESENTATION_LAYER_ASSIGNMENT (  '', '', ( #9358 ) ) ;
#10236 = CARTESIAN_POINT ( 'NONE',  ( 2.082132551870554682, -2.403481102314225293, 0.8031532906189390308 ) ) ;
#10237 = CARTESIAN_POINT ( 'NONE',  ( -0.1871921107803060091, 0.5323371571780660672, 2.790000000000000036 ) ) ;
#10238 = CARTESIAN_POINT ( 'NONE',  ( -0.1090909090909090023, -0.5384670216151629107, 2.799999999999999822 ) ) ;
#10239 = CARTESIAN_POINT ( 'NONE',  ( 2.798569552357974999, -1.591709953616705198, 0.5000000000000000000 ) ) ;
#10240 = CARTESIAN_POINT ( 'NONE',  ( 1.211950971291062107, -2.915076103050724843, 0.4830375302654210112 ) ) ;
#10241 = CARTESIAN_POINT ( 'NONE',  ( 2.399999999999999911, -2.899999999999999911, 0.5000000000000000000 ) ) ;
#10242 = PRESENTATION_STYLE_ASSIGNMENT (( #7782 ) ) ;
#10243 = DIRECTION ( 'NONE',  ( 0.7071067811865470176, 0.7071067811865480168, 0.0000000000000000000 ) ) ;
#10244 = MECHANICAL_DESIGN_GEOMETRIC_PRESENTATION_REPRESENTATION (  '', ( #675 ), #5220 ) ;
#10245 = AXIS2_PLACEMENT_3D ( 'NONE', #10496, #732, #7373 ) ;
#10246 = AXIS2_PLACEMENT_3D ( 'NONE', #9647, #7904, #2891 ) ;
#10247 = CARTESIAN_POINT ( 'NONE',  ( 0.3932563306956445293, 0.4197219978951854946, 2.799999999999999822 ) ) ;
#10248 = ORIENTED_EDGE ( 'NONE', *, *, #2741, .F. ) ;
#10249 = PLANE ( 'NONE',  #9335 ) ;
#10250 = CARTESIAN_POINT ( 'NONE',  ( -2.579999999999999627, 2.799999999999999822, 0.1200000000000000094 ) ) ;
#10251 = EDGE_CURVE ( 'NONE', #2808, #2773, #218, .T. ) ;
#10252 = FACE_OUTER_BOUND ( 'NONE', #4284, .T. ) ;
#10253 =( GEOMETRIC_REPRESENTATION_CONTEXT ( 3 ) GLOBAL_UNCERTAINTY_ASSIGNED_CONTEXT ( ( #3811 ) ) GLOBAL_UNIT_ASSIGNED_CONTEXT ( ( #3504, #5099, #5149 ) ) REPRESENTATION_CONTEXT ( 'NONE', 'WORKASPACE' ) );
#10254 = FILL_AREA_STYLE_COLOUR ( '', #4489 ) ;
#10255 = VERTEX_POINT ( 'NONE', #4315 ) ;
#10256 = CARTESIAN_POINT ( 'NONE',  ( -0.1103230765775705946, -1.656922371638979818, 2.799999999999999822 ) ) ;
#10257 = CARTESIAN_POINT ( 'NONE',  ( 2.553008507226334878, 1.898661260031260012, 0.5000000000000000000 ) ) ;
#10258 = CARTESIAN_POINT ( 'NONE',  ( -2.554421384652290072, -0.2064051579579254947, 1.466314737798603884 ) ) ;
#10259 = DIRECTION ( 'NONE',  ( 0.0000000000000000000, 0.0000000000000000000, 1.000000000000000000 ) ) ;
#10260 = DIRECTION ( 'NONE',  ( 0.8104379191634829560, -0.5858245293447210678, 0.0000000000000000000 ) ) ;
#10261 = ORIENTED_EDGE ( 'NONE', *, *, #1546, .F. ) ;
#10262 =( LENGTH_UNIT ( ) NAMED_UNIT ( * ) SI_UNIT ( .MILLI., .METRE. ) );
#10263 = CARTESIAN_POINT ( 'NONE',  ( -2.895291832134079701, -1.461569719053530170, 0.5000000000000000000 ) ) ;
#10264 = ADVANCED_FACE ( 'NONE', ( #8354 ), #5042, .T. ) ;
#10265 = CARTESIAN_POINT ( 'NONE',  ( 2.981603813104617196, 1.522995233619227395, 0.1809555253667606556 ) ) ;
#10266 = SURFACE_STYLE_USAGE ( .BOTH. , #7809 ) ;
#10267 = EDGE_LOOP ( 'NONE', ( #5157, #8743, #1578, #10537 ) ) ;
#10268 = CARTESIAN_POINT ( 'NONE',  ( -2.507026627620099646, 2.026810033744780082, 0.4943283194984429141 ) ) ;
#10269 = CARTESIAN_POINT ( 'NONE',  ( 0.1822658279807364834, -0.5286891631401450242, 2.790000000000000036 ) ) ;
#10270 = ADVANCED_FACE ( 'NONE', ( #9322 ), #9223, .F. ) ;
#10271 =( NAMED_UNIT ( * ) SI_UNIT ( $, .STERADIAN. ) SOLID_ANGLE_UNIT ( ) );
#10272 = VERTEX_POINT ( 'NONE', #2526 ) ;
#10273 = DIRECTION ( 'NONE',  ( 0.0000000000000000000, 0.0000000000000000000, -1.000000000000000000 ) ) ;
#10274 = CARTESIAN_POINT ( 'NONE',  ( -2.602886011009174716, 1.867862101483484860, 0.4829800862001130124 ) ) ;
#10275 = ORIENTED_EDGE ( 'NONE', *, *, #680, .T. ) ;
#10276 = ORIENTED_EDGE ( 'NONE', *, *, #6548, .F. ) ;
#10277 = DIRECTION ( 'NONE',  ( -1.000000000000000000, 0.0000000000000000000, 0.0000000000000000000 ) ) ;
#10278 = CARTESIAN_POINT ( 'NONE',  ( 2.504843602054910079, 2.259622711692879982, 0.4943304893555409696 ) ) ;
#10279 = CARTESIAN_POINT ( 'NONE',  ( 2.899999999999999911, 0.7131637451747120382, 0.5000000000000000000 ) ) ;
#10280 = CARTESIAN_POINT ( 'NONE',  ( 1.981801948466055396, 2.556066017177979877, 2.700000000000000178 ) ) ;
#10281 = CARTESIAN_POINT ( 'NONE',  ( -2.082132551730980108, -2.403481102307035044, 0.8031532906161619190 ) ) ;
#10282 = B_SPLINE_CURVE_WITH_KNOTS ( 'NONE', 3,
 ( #10406, #4531, #7951, #10516, #3052, #7129, #2881, #6360, #486, #7842, #2070, #5408, #1248, #3830, #5513, #8831, #4710, #8014, #537, #7183, #9696, #1665, #73, #5006, #6422, #2244, #7233, #9754, #2597, #1462, #5914, #3113, #5066, #2545 ),
 .UNSPECIFIED., .F., .F.,
 ( 4, 3, 3, 3, 3, 3, 3, 3, 3, 3, 3, 4 ),
 ( 0.0001801171534167177624, 0.0001864621140783725127, 0.0001999358468880525134, 0.0002135890234093569767, 0.0002289735727405405052, 0.0002472346832940035028, 0.0002691016963249039844, 0.0002943503092253574771, 0.0003210263159347680108, 0.0003393407916755545261, 0.0003542232197612125099, 0.0003583868710295360217 ),
 .UNSPECIFIED. ) ;
#10283 = CARTESIAN_POINT ( 'NONE',  ( 1.875735931288075031, -2.449999999999999734, 2.700000000000000178 ) ) ;
#10284 = AXIS2_PLACEMENT_3D ( 'NONE', #723, #4784, #4836 ) ;
#10285 = VERTEX_POINT ( 'NONE', #1758 ) ;
#10286 = CARTESIAN_POINT ( 'NONE',  ( 0.5404949627873110174, 2.687389346039249727, 0.8025474971307090533 ) ) ;
#10287 = EDGE_CURVE ( 'NONE', #6004, #5478, #8568, .T. ) ;
#10288 = CARTESIAN_POINT ( 'NONE',  ( 1.812421266976430134, -2.329515860039524711, 2.118773468839195040 ) ) ;
#10289 = DIRECTION ( 'NONE',  ( 0.0000000000000000000, -1.000000000000000000, 0.0000000000000000000 ) ) ;
#10290 = DIRECTION ( 'NONE',  ( -1.000000000000000000, 0.0000000000000000000, 0.0000000000000000000 ) ) ;
#10291 = CARTESIAN_POINT ( 'NONE',  ( -2.437013137616254266, -2.657037180759338479, 0.1000000000000000333 ) ) ;
#10292 = CARTESIAN_POINT ( 'NONE',  ( 2.489018577014225020, -0.4041649248997760124, 1.465641170948529970 ) ) ;
#10293 = CARTESIAN_POINT ( 'NONE',  ( 1.941555537558949940, -2.234139756545584721, 2.119352388635559858 ) ) ;
#10294 = LINE ( 'NONE', #6189, #9918 ) ;
#10295 = LINE ( 'NONE', #5294, #8856 ) ;
#10296 =( NAMED_UNIT ( * ) SI_UNIT ( $, .STERADIAN. ) SOLID_ANGLE_UNIT ( ) );
#10297 = EDGE_LOOP ( 'NONE', ( #37, #8624, #8249, #9733, #5645, #1877, #2833, #7054, #3324, #6924, #5069, #3238, #1057, #9653, #4872 ) ) ;
#10298 = FACE_OUTER_BOUND ( 'NONE', #9197, .T. ) ;
#10299 = ORIENTED_EDGE ( 'NONE', *, *, #6108, .T. ) ;
#10300 = CARTESIAN_POINT ( 'NONE',  ( 0.2386309232327595009, 0.6349712003461089882, 2.790000000000000036 ) ) ;
#10301 = CARTESIAN_POINT ( 'NONE',  ( -0.2112331112459769900, -0.4664337905893550240, 2.790000000000000036 ) ) ;
#10302 =( NAMED_UNIT ( * ) SI_UNIT ( $, .STERADIAN. ) SOLID_ANGLE_UNIT ( ) );
#10303 =( LENGTH_UNIT ( ) NAMED_UNIT ( * ) SI_UNIT ( .MILLI., .METRE. ) );
#10304 = CARTESIAN_POINT ( 'NONE',  ( -0.1670664863060850047, -0.5757764627325210327, 2.799999999999999822 ) ) ;
#10305 = CARTESIAN_POINT ( 'NONE',  ( -1.981801948466055396, 2.556066017177979877, 2.700000000000000178 ) ) ;
#10306 = CARTESIAN_POINT ( 'NONE',  ( -0.1210968959524500038, -1.650842157676590150, 2.799999999999999822 ) ) ;
#10307 = CARTESIAN_POINT ( 'NONE',  ( 2.542152120363359913, 1.939420906704659942, 0.4886548233447060574 ) ) ;
#10308 = CARTESIAN_POINT ( 'NONE',  ( -2.903394843988774898, -0.3563792261702989905, 0.4943178284328849648 ) ) ;
#10309 = CARTESIAN_POINT ( 'NONE',  ( -2.700000000000000178, -1.625735931288069924, 2.799999999999999822 ) ) ;
#10310 =( LENGTH_UNIT ( ) NAMED_UNIT ( * ) SI_UNIT ( .MILLI., .METRE. ) );
#10311 = ORIENTED_EDGE ( 'NONE', *, *, #2806, .T. ) ;
#10312 = CARTESIAN_POINT ( 'NONE',  ( -2.579999999999999627, -2.550000000000000266, 0.1000000000000000056 ) ) ;
#10313 = CARTESIAN_POINT ( 'NONE',  ( -2.284679555969814757, -1.696626440196685071, 0.8036520721792390631 ) ) ;
#10314 = LINE ( 'NONE', #5952, #8836 ) ;
#10315 = FILL_AREA_STYLE ('',( #2802 ) ) ;
#10316 = ORIENTED_EDGE ( 'NONE', *, *, #6530, .F. ) ;
#10317 = CARTESIAN_POINT ( 'NONE',  ( -2.500000000000000000, 2.131172223287360001, 0.5000000000000000000 ) ) ;
#10318 = LINE ( 'NONE', #2852, #7437 ) ;
#10319 = ADVANCED_FACE ( 'NONE', ( #4429 ), #8399, .T. ) ;
#10320 = UNCERTAINTY_MEASURE_WITH_UNIT (LENGTH_MEASURE( 1.000000000000000082E-05 ), #1730, 'distance_accuracy_value', 'NONE');
#10321 = ORIENTED_EDGE ( 'NONE', *, *, #10198, .F. ) ;
#10322 = CARTESIAN_POINT ( 'NONE',  ( -2.736981910144454133, 2.004042075554153257, 0.3864410810002315011 ) ) ;
#10323 = EDGE_CURVE ( 'NONE', #4711, #2259, #6104, .T. ) ;
#10324 = CARTESIAN_POINT ( 'NONE',  ( -2.798569552357979884, 1.591709953616710083, 0.5000000000000000000 ) ) ;
#10325 = ORIENTED_EDGE ( 'NONE', *, *, #10251, .T. ) ;
#10326 = ORIENTED_EDGE ( 'NONE', *, *, #6354, .F. ) ;
#10327 =( LENGTH_UNIT ( ) NAMED_UNIT ( * ) SI_UNIT ( .MILLI., .METRE. ) );
#10328 = CARTESIAN_POINT ( 'NONE',  ( 2.509687204109814829, 2.265968425620825233, 0.4886609787110810510 ) ) ;
#10329 = CARTESIAN_POINT ( 'NONE',  ( 3.000000000000000000, -0.8138064294421369915, 2.399999999999999911 ) ) ;
#10330 = CARTESIAN_POINT ( 'NONE',  ( 2.600000000000000089, 2.533647347903380087, 0.1200000000000000094 ) ) ;
#10331 = CARTESIAN_POINT ( 'NONE',  ( -1.941555537446685076, -2.234139756535235222, 2.119352388628465089 ) ) ;
#10332 = FILL_AREA_STYLE_COLOUR ( '', #1521 ) ;
#10333 = ADVANCED_FACE ( 'NONE', ( #6205 ), #9593, .F. ) ;
#10334 = VECTOR ( 'NONE', #4187, 1000.000000000000000 ) ;
#10335 = VERTEX_POINT ( 'NONE', #8781 ) ;
#10336 = CARTESIAN_POINT ( 'NONE',  ( 2.434576125300190075, 2.927824506971985041, 0.4830115411763780120 ) ) ;
#10337 = CARTESIAN_POINT ( 'NONE',  ( 2.494560730732464648, -2.838995741592549749, 0.5000000000000000000 ) ) ;
#10338 = PLANE ( 'NONE',  #7622 ) ;
#10339 = DIRECTION ( 'NONE',  ( 1.000000000000000000, 0.0000000000000000000, 0.0000000000000000000 ) ) ;
#10340 = CARTESIAN_POINT ( 'NONE',  ( 2.903312223672425141, -0.1204934767955742059, 0.4943175329824510134 ) ) ;
#10341 = CARTESIAN_POINT ( 'NONE',  ( 2.514530806159684939, -2.272314139547915168, 0.4829914680670790439 ) ) ;
#10342 = PRESENTATION_LAYER_ASSIGNMENT (  '', '', ( #4253 ) ) ;
#10343 = CARTESIAN_POINT ( 'NONE',  ( 2.399999999999999911, -3.000000000000000000, 0.1200000000000000094 ) ) ;
#10344 = ORIENTED_EDGE ( 'NONE', *, *, #6121, .T. ) ;
#10345 = DIRECTION ( 'NONE',  ( 0.0000000000000000000, 0.0000000000000000000, -1.000000000000000000 ) ) ;
#10346 = LINE ( 'NONE', #6093, #7264 ) ;
#10347 = EDGE_CURVE ( 'NONE', #5325, #2570, #9533, .T. ) ;
#10348 = CIRCLE ( 'NONE', #10704, 0.2000000000000000944 ) ;
#10349 = CYLINDRICAL_SURFACE ( 'NONE', #10020, 0.7000000000000000666 ) ;
#10350 = ORIENTED_EDGE ( 'NONE', *, *, #6982, .F. ) ;
#10351 = DIRECTION ( 'NONE',  ( 0.7071067811865470176, -0.7071067811865480168, 0.0000000000000000000 ) ) ;
#10352 = ORIENTED_EDGE ( 'NONE', *, *, #1930, .F. ) ;
#10353 = CARTESIAN_POINT ( 'NONE',  ( 2.044085076637613518, -2.701844355046893131, 2.399999999999999911 ) ) ;
#10354 = CARTESIAN_POINT ( 'NONE',  ( 2.454164653166574173, 2.617790812064254791, 0.1000000000000000056 ) ) ;
#10355 = CARTESIAN_POINT ( 'NONE',  ( -2.500000000000000000, -1.994452339771262128, 0.2162089141072038312 ) ) ;
#10356 = CARTESIAN_POINT ( 'NONE',  ( -1.765698779334879731, -2.004042074047625022, 0.6999999999999999556 ) ) ;
#10357 =( NAMED_UNIT ( * ) SI_UNIT ( $, .STERADIAN. ) SOLID_ANGLE_UNIT ( ) );
#10358 = FACE_OUTER_BOUND ( 'NONE', #6708, .T. ) ;
#10359 = CARTESIAN_POINT ( 'NONE',  ( -1.911091270347400117, 2.485355339059324820, 2.799999999999999822 ) ) ;
#10360 = B_SPLINE_CURVE_WITH_KNOTS ( 'NONE', 3,
 ( #3322, #8330, #9964, #2507, #748, #639, #3985, #1676, #4866, #5019, #856, #7502 ),
 .UNSPECIFIED., .F., .F.,
 ( 4, 1, 1, 1, 2, 1, 1, 1, 4 ),
 ( 0.0000000000000000000, 0.02940537768073923225, 0.05881075536145464328, 0.08821613304216874285, 0.1176215107229079682, 0.3382161330421760148, 0.5588107553614665157, 0.7794053776807332579, 1.000000000000000000 ),
 .UNSPECIFIED. ) ;
#10361 = CARTESIAN_POINT ( 'NONE',  ( 2.519959571832144807, 2.840455603053840150, 0.4830076407259820126 ) ) ;
#10362 = CARTESIAN_POINT ( 'NONE',  ( -3.000000000000000000, 0.1336020817906999891, 2.399999999999999911 ) ) ;
#10363 = PRESENTATION_LAYER_ASSIGNMENT (  '', '', ( #1483 ) ) ;
#10364 = CARTESIAN_POINT ( 'NONE',  ( 1.149999999999999911, -2.979999999999999982, 0.1200000000000000094 ) ) ;
#10365 = DIRECTION ( 'NONE',  ( -1.000000000000000000, 0.0000000000000000000, 0.0000000000000000000 ) ) ;
#10366 = ORIENTED_EDGE ( 'NONE', *, *, #1211, .F. ) ;
#10367 = CARTESIAN_POINT ( 'NONE',  ( -2.644525323184695242, -2.032391501404255063, 0.3864410810002315011 ) ) ;
#10368 = CARTESIAN_POINT ( 'NONE',  ( -2.542152120363270207, -1.939420906704500069, 0.4886548233450979661 ) ) ;
#10369 = SURFACE_STYLE_FILL_AREA ( #2969 ) ;
#10370 = CARTESIAN_POINT ( 'NONE',  ( -0.5999999999999999778, 0.9418089524108110844, 2.790000000000000036 ) ) ;
#10371 = VERTEX_POINT ( 'NONE', #10473 ) ;
#10372 = DIRECTION ( 'NONE',  ( 0.0000000000000000000, 0.0000000000000000000, 1.000000000000000000 ) ) ;
#10373 = CARTESIAN_POINT ( 'NONE',  ( -1.951039453240539956, 1.262055402758589961, 1.460533545290109814 ) ) ;
#10374 = CARTESIAN_POINT ( 'NONE',  ( 3.000000000000000000, 1.429843788128356108, 0.1000000000000000056 ) ) ;
#10375 = CARTESIAN_POINT ( 'NONE',  ( -0.2517973613883850437, 0.4862242940085130249, 2.799999999999999822 ) ) ;
#10376 = PRESENTATION_LAYER_ASSIGNMENT (  '', '', ( #2385 ) ) ;
#10377 = CARTESIAN_POINT ( 'NONE',  ( -2.500000000000000000, 2.047024725059089612, 0.1913700232020889846 ) ) ;
#10378 = ORIENTED_EDGE ( 'NONE', *, *, #3827, .T. ) ;
#10379 = CARTESIAN_POINT ( 'NONE',  ( -2.913202567510785101, 1.079890169295389946, 0.4829629893201549673 ) ) ;
#10380 = ORIENTED_EDGE ( 'NONE', *, *, #9283, .T. ) ;
#10381 = ORIENTED_EDGE ( 'NONE', *, *, #4642, .F. ) ;
#10382 = CIRCLE ( 'NONE', #5687, 0.02000000000000005246 ) ;
#10383 = EDGE_CURVE ( 'NONE', #5804, #4506, #8175, .T. ) ;
#10384 = CARTESIAN_POINT ( 'NONE',  ( 2.506653190610714788, 2.822564800756894865, 0.4943358802419940412 ) ) ;
#10385 = CARTESIAN_POINT ( 'NONE',  ( 2.903397378093115044, -0.3597942069320775316, 0.4943178386096889199 ) ) ;
#10386 = DIRECTION ( 'NONE',  ( -1.000000000000000000, 1.224646799147353207E-16, 0.0000000000000000000 ) ) ;
#10387 = CARTESIAN_POINT ( 'NONE',  ( -2.211356875306154546, -2.054677221852809765, 0.8034178630686590328 ) ) ;
#10388 = DIRECTION ( 'NONE',  ( 0.0000000000000000000, 0.0000000000000000000, 1.000000000000000000 ) ) ;
#10389 = VECTOR ( 'NONE', #23, 1000.000000000000000 ) ;
#10390 = AXIS2_PLACEMENT_3D ( 'NONE', #4212, #7308, #2422 ) ;
#10391 = ORIENTED_EDGE ( 'NONE', *, *, #736, .T. ) ;
#10392 = CARTESIAN_POINT ( 'NONE',  ( -2.456039009914564808, 2.911542791039174904, 0.4886738444836630224 ) ) ;
#10393 = CARTESIAN_POINT ( 'NONE',  ( 2.143828204716580199, -2.334736443441949749, 0.8032228928353170039 ) ) ;
#10394 = ADVANCED_FACE ( 'NONE', ( #7852 ), #374, .T. ) ;
#10395 = CARTESIAN_POINT ( 'NONE',  ( -0.1207400502135409920, 0.5768320798091510770, 2.790000000000000036 ) ) ;
#10396 = CARTESIAN_POINT ( 'NONE',  ( 0.03535533905932914528, -4.361091270347399629, 2.799999999999999822 ) ) ;
#10397 = CARTESIAN_POINT ( 'NONE',  ( 2.906794756186229733, -0.3607998309023255357, 0.4886356772193779507 ) ) ;
#10398 = CARTESIAN_POINT ( 'NONE',  ( 2.036066979400700028, -2.150157591652850364, 2.119848661510490118 ) ) ;
#10399 = AXIS2_PLACEMENT_3D ( 'NONE', #8040, #3185, #8202 ) ;
#10400 = CARTESIAN_POINT ( 'NONE',  ( -2.500000000006265211, 2.053483384126554956, 0.5000000000000000000 ) ) ;
#10401 = DIRECTION ( 'NONE',  ( 0.0000000000000000000, 0.0000000000000000000, 1.000000000000000000 ) ) ;
#10402 = ADVANCED_FACE ( 'NONE', ( #8075 ), #709, .F. ) ;
#10403 = LINE ( 'NONE', #7008, #5208 ) ;
#10404 = STYLED_ITEM ( 'NONE', ( #711 ), #7592 ) ;
#10405 = AXIS2_PLACEMENT_3D ( 'NONE', #975, #5892, #100 ) ;
#10406 = CARTESIAN_POINT ( 'NONE',  ( -2.386964792605075214, 2.004042074047624578, 0.6500063205291333190 ) ) ;
#10407 = VERTEX_POINT ( 'NONE', #4097 ) ;
#10408 = VERTEX_POINT ( 'NONE', #4819 ) ;
#10409 = DIRECTION ( 'NONE',  ( 0.0000000000000000000, 0.0000000000000000000, -1.000000000000000000 ) ) ;
#10410 = DIRECTION ( 'NONE',  ( 0.0000000000000000000, -1.000000000000000000, 0.0000000000000000000 ) ) ;
#10411 = DIRECTION ( 'NONE',  ( 1.000000000000000000, 0.0000000000000000000, 0.0000000000000000000 ) ) ;
#10412 = CARTESIAN_POINT ( 'NONE',  ( -2.612428048650002221, -1.984464939187493782, 0.3679213459545014331 ) ) ;
#10413 = CARTESIAN_POINT ( 'NONE',  ( 2.500000000000000000, 2.739709114629715003, 0.5000000000000000000 ) ) ;
#10414 = AXIS2_PLACEMENT_3D ( 'NONE', #1778, #4237, #2501 ) ;
#10415 = CARTESIAN_POINT ( 'NONE',  ( -2.381855898890949952, -0.6125055450578881233, 1.464675920114375973 ) ) ;
#10416 = VECTOR ( 'NONE', #9081, 1000.000000000000000 ) ;
#10417 =( GEOMETRIC_REPRESENTATION_CONTEXT ( 3 ) GLOBAL_UNCERTAINTY_ASSIGNED_CONTEXT ( ( #10729 ) ) GLOBAL_UNIT_ASSIGNED_CONTEXT ( ( #3376, #4299, #861 ) ) REPRESENTATION_CONTEXT ( 'NONE', 'WORKASPACE' ) );
#10418 = CARTESIAN_POINT ( 'NONE',  ( -1.875735931288069924, 2.750000000000000000, 2.399999999999999911 ) ) ;
#10419 = AXIS2_PLACEMENT_3D ( 'NONE', #240, #1007, #3581 ) ;
#10420 = ORIENTED_EDGE ( 'NONE', *, *, #10072, .T. ) ;
#10421 = CARTESIAN_POINT ( 'NONE',  ( -2.671442408481139896, -2.052077417868789944, 0.3864410810002315011 ) ) ;
#10422 = AXIS2_PLACEMENT_3D ( 'NONE', #7463, #2515, #4818 ) ;
#10423 = CARTESIAN_POINT ( 'NONE',  ( -2.597834456852305518, -1.593225456521180083, 2.122951088350879978 ) ) ;
#10424 = DIRECTION ( 'NONE',  ( 1.000000000000000000, 0.0000000000000000000, 0.0000000000000000000 ) ) ;
#10425 = FACE_OUTER_BOUND ( 'NONE', #713, .T. ) ;
#10426 = CARTESIAN_POINT ( 'NONE',  ( 2.912132034355964905, 1.837867965644034873, 2.399999999999999911 ) ) ;
#10427 = EDGE_CURVE ( 'NONE', #498, #3068, #7289, .T. ) ;
#10428 = VERTEX_POINT ( 'NONE', #9058 ) ;
#10429 = CARTESIAN_POINT ( 'NONE',  ( -2.306959411495289825, -2.015337413417275236, 0.7489165665677679495 ) ) ;
#10430 = CARTESIAN_POINT ( 'NONE',  ( -2.574589024893939815, 2.175410975106065070, 2.399999999999999911 ) ) ;
#10431 = FACE_OUTER_BOUND ( 'NONE', #7394, .T. ) ;
#10432 = CARTESIAN_POINT ( 'NONE',  ( -0.1337711258411732052, 0.5684396866568829365, 2.799999999999999822 ) ) ;
#10433 = AXIS2_PLACEMENT_3D ( 'NONE', #5666, #10689, #4049 ) ;
#10434 = AXIS2_PLACEMENT_3D ( 'NONE', #3879, #2877, #4580 ) ;
#10435 = CARTESIAN_POINT ( 'NONE',  ( 0.2737454707871019854, -1.737511983414869787, 2.790000000000000036 ) ) ;
#10436 = PRODUCT_CONTEXT ( 'NONE', #2784, 'mechanical' ) ;
#10437 = ORIENTED_EDGE ( 'NONE', *, *, #7510, .T. ) ;
#10438 = CARTESIAN_POINT ( 'NONE',  ( -2.899999999999999911, 1.070231915971542103, 0.5000000000000000000 ) ) ;
#10439 = EDGE_LOOP ( 'NONE', ( #5162, #4407, #6407, #8408, #972, #3948, #9201, #1214, #6542, #8086, #9394, #9497, #3241, #8849, #8595, #3722, #20, #6939, #6878, #45, #7916, #2698, #9429, #3629, #9471, #3908 ) ) ;
#10440 = CARTESIAN_POINT ( 'NONE',  ( 2.500000000000000000, 2.500047666198019769, 0.1568365928198499903 ) ) ;
#10441 = AXIS2_PLACEMENT_3D ( 'NONE', #10675, #4965, #6628 ) ;
#10442 = CARTESIAN_POINT ( 'NONE',  ( 2.258145803730744916, 1.817914402052994927, 0.8035727779344150612 ) ) ;
#10443 = CYLINDRICAL_SURFACE ( 'NONE', #519, 0.2000000000000000944 ) ;
#10444 = VERTEX_POINT ( 'NONE', #10741 ) ;
#10445 = CARTESIAN_POINT ( 'NONE',  ( -1.882930494495120177, -2.285425013697805152, 2.119050485311200216 ) ) ;
#10446 = LINE ( 'NONE', #6288, #9517 ) ;
#10447 = UNCERTAINTY_MEASURE_WITH_UNIT (LENGTH_MEASURE( 1.000000000000000082E-05 ), #2191, 'distance_accuracy_value', 'NONE');
#10448 = ADVANCED_FACE ( 'NONE', ( #9873 ), #3221, .T. ) ;
#10449 = PLANE ( 'NONE',  #5052 ) ;
#10450 = ORIENTED_EDGE ( 'NONE', *, *, #2476, .F. ) ;
#10451 = CARTESIAN_POINT ( 'NONE',  ( -2.208192420065824724, 2.908332164593435021, 0.4943389081216100212 ) ) ;
#10452 = CARTESIAN_POINT ( 'NONE',  ( 2.511968601151475244, -2.634629247776609784, 0.4886679988431950061 ) ) ;
#10453 = SURFACE_STYLE_USAGE ( .BOTH. , #1294 ) ;
#10454 = CARTESIAN_POINT ( 'NONE',  ( -2.387303032885809806, -1.996103002735639675, 0.6503765840060139469 ) ) ;
#10455 = DIRECTION ( 'NONE',  ( 0.4999999999999991118, -0.4999999999999984457, 0.7071067811865492381 ) ) ;
#10456 = CARTESIAN_POINT ( 'NONE',  ( 2.718124817711924823, -0.3049535260769820066, 0.8041887332904960051 ) ) ;
#10457 = CARTESIAN_POINT ( 'NONE',  ( 2.509035538961594813, -2.142875362175505227, 0.4886586889709759740 ) ) ;
#10458 =( NAMED_UNIT ( * ) PLANE_ANGLE_UNIT ( ) SI_UNIT ( $, .RADIAN. ) );
#10459 = CARTESIAN_POINT ( 'NONE',  ( -2.500000000000000000, -2.500047666198019769, 0.1568365928198499903 ) ) ;
#10460 = CARTESIAN_POINT ( 'NONE',  ( 0.5100350800582691413, -1.910475429277699977, 2.790000000000000036 ) ) ;
#10461 = ADVANCED_FACE ( 'NONE', ( #3695 ), #10449, .T. ) ;
#10462 = PRESENTATION_STYLE_ASSIGNMENT (( #1133 ) ) ;
#10463 = ORIENTED_EDGE ( 'NONE', *, *, #8863, .T. ) ;
#10464 = CARTESIAN_POINT ( 'NONE',  ( 1.875735931288069924, 2.600000000000000089, 2.700000000000000178 ) ) ;
#10465 = ADVANCED_FACE ( 'NONE', ( #5333 ), #3039, .T. ) ;
#10466 = ORIENTED_EDGE ( 'NONE', *, *, #2779, .T. ) ;
#10467 = CARTESIAN_POINT ( 'NONE',  ( 0.2238433465168739867, 0.6229275637321419756, 2.799999999999999822 ) ) ;
#10468 = CARTESIAN_POINT ( 'NONE',  ( -0.1463446132156278057, -0.5122357066834039019, 2.790000000000000036 ) ) ;
#10469 = CARTESIAN_POINT ( 'NONE',  ( -2.500000000000000000, -1.953900758111790203, 0.1683864438001509978 ) ) ;
#10470 = CARTESIAN_POINT ( 'NONE',  ( 0.2464285714285714968, -1.602833904732045012, 2.799999999999999822 ) ) ;
#10471 = DIRECTION ( 'NONE',  ( 0.0000000000000000000, 0.0000000000000000000, -1.000000000000000000 ) ) ;
#10472 = DIRECTION ( 'NONE',  ( 0.0000000000000000000, 0.0000000000000000000, 1.000000000000000000 ) ) ;
#10473 = CARTESIAN_POINT ( 'NONE',  ( -2.643826238111394833, 1.945217202360755016, 0.5000000000000000000 ) ) ;
#10474 = CARTESIAN_POINT ( 'NONE',  ( 2.044085076721784855, 2.701844354998010012, 2.399999999999999911 ) ) ;
#10475 = CARTESIAN_POINT ( 'NONE',  ( -2.213104127457220294, -0.8084894586259749882, 1.463238643698291819 ) ) ;
#10476 = CARTESIAN_POINT ( 'NONE',  ( 2.454164653166574617, -1.382209187935744099, 0.1000000000000000194 ) ) ;
#10477 = B_SPLINE_CURVE_WITH_KNOTS ( 'NONE', 3,
 ( #10507, #4465, #1185, #358 ),
 .UNSPECIFIED., .F., .F.,
 ( 4, 4 ),
 ( 0.0000000000000000000, 1.000000000000000000 ),
 .UNSPECIFIED. ) ;
#10478 = DIRECTION ( 'NONE',  ( 0.0000000000000000000, 0.0000000000000000000, -1.000000000000000000 ) ) ;
#10479 = ORIENTED_EDGE ( 'NONE', *, *, #1028, .F. ) ;
#10480 = CARTESIAN_POINT ( 'NONE',  ( -2.736084171222080030, -2.013466788146100139, 0.3864410810002315011 ) ) ;
#10481 = CARTESIAN_POINT ( 'NONE',  ( -2.348353637465555366, -1.591469991745199986, 0.8037149436066410857 ) ) ;
#10482 = CARTESIAN_POINT ( 'NONE',  ( 2.585576019897299904, 2.549374729929129835, 0.1007930220437304042 ) ) ;
#10483 = CARTESIAN_POINT ( 'NONE',  ( -0.2112331112459774896, 0.6556441314885669280, 2.799999999999999822 ) ) ;
#10484 = DIRECTION ( 'NONE',  ( 1.000000000000000000, 0.0000000000000000000, 0.0000000000000000000 ) ) ;
#10485 = VERTEX_POINT ( 'NONE', #7879 ) ;
#10486 = CARTESIAN_POINT ( 'NONE',  ( -2.369822746844649775, -2.042662750389129922, 0.6675794439742650521 ) ) ;
#10487 = CARTESIAN_POINT ( 'NONE',  ( -2.500000000000000000, 2.520762267737831852, 0.1356907255745127272 ) ) ;
#10488 = CARTESIAN_POINT ( 'NONE',  ( -2.621576183403279803, 1.557511646209974954, 2.123175391264364720 ) ) ;
#10489 =( NAMED_UNIT ( * ) SI_UNIT ( $, .STERADIAN. ) SOLID_ANGLE_UNIT ( ) );
#10490 = CARTESIAN_POINT ( 'NONE',  ( -0.2607954545454544970, 0.4796336277354870115, 2.799999999999999822 ) ) ;
#10491 = ADVANCED_FACE ( 'NONE', ( #7053 ), #9623, .F. ) ;
#10492 = CARTESIAN_POINT ( 'NONE',  ( -2.500000000000000000, 2.048143250694389739, 0.1382530354009195994 ) ) ;
#10493 = ORIENTED_EDGE ( 'NONE', *, *, #3268, .T. ) ;
#10494 = CARTESIAN_POINT ( 'NONE',  ( -2.997147200504454823, 1.670498782292965112, 2.399999999999999911 ) ) ;
#10495 = VERTEX_POINT ( 'NONE', #8878 ) ;
#10496 = CARTESIAN_POINT ( 'NONE',  ( -0.5999999999999999778, -1.302346891745032043, 2.790000000000000036 ) ) ;
#10497 = CARTESIAN_POINT ( 'NONE',  ( 2.500000000000000000, 2.253276997764930289, 0.5000000000000000000 ) ) ;
#10498 = CARTESIAN_POINT ( 'NONE',  ( -0.5350103769104849194, 6.551987455940443397E-17, 0.1499999999999999944 ) ) ;
#10499 = ORIENTED_EDGE ( 'NONE', *, *, #6747, .F. ) ;
#10500 = CARTESIAN_POINT ( 'NONE',  ( -2.434576125300119909, -2.927824506971495211, 0.4830115411772339939 ) ) ;
#10501 = FILL_AREA_STYLE ('',( #10332 ) ) ;
#10502 = EDGE_CURVE ( 'NONE', #7527, #5055, #6239, .T. ) ;
#10503 = CARTESIAN_POINT ( 'NONE',  ( -2.474345596219860166, 1.449999999999999956, 0.1000000000000000056 ) ) ;
#10504 = ORIENTED_EDGE ( 'NONE', *, *, #3980, .T. ) ;
#10505 = CARTESIAN_POINT ( 'NONE',  ( -2.501233425739370020, 2.848089735512510323, 0.4943361419736100326 ) ) ;
#10506 = CARTESIAN_POINT ( 'NONE',  ( 2.500000000000000000, -2.131172223287360001, 0.5000000000000000000 ) ) ;
#10507 = CARTESIAN_POINT ( 'NONE',  ( 2.474345596219860166, -2.550000000000000266, 0.1000000000000000056 ) ) ;
#10508 = CYLINDRICAL_SURFACE ( 'NONE', #8676, 0.2999999999999999334 ) ;
#10509 = CARTESIAN_POINT ( 'NONE',  ( -0.1210968959524501981, -0.5287642355986649223, 2.799999999999999822 ) ) ;
#10510 = CARTESIAN_POINT ( 'NONE',  ( 2.913221328941349775, 1.081075386782313963, 0.4829626681555070356 ) ) ;
#10511 = CARTESIAN_POINT ( 'NONE',  ( 2.681866455437460051, -2.068133544562544834, 2.399999999999999911 ) ) ;
#10512 = LINE ( 'NONE', #3048, #1206 ) ;
#10513 = SURFACE_SIDE_STYLE ('',( #4639 ) ) ;
#10514 = MECHANICAL_DESIGN_GEOMETRIC_PRESENTATION_REPRESENTATION (  '', ( #5128 ), #3911 ) ;
#10515 = CARTESIAN_POINT ( 'NONE',  ( 0.3932563306956449733, -1.824433846260659964, 2.799999999999999822 ) ) ;
#10516 = CARTESIAN_POINT ( 'NONE',  ( -2.387156929849075127, 1.997698540731784878, 0.6504040366050750643 ) ) ;
#10517 = ORIENTED_EDGE ( 'NONE', *, *, #6290, .T. ) ;
#10518 = VECTOR ( 'NONE', #2187, 1000.000000000000114 ) ;
#10519 = CARTESIAN_POINT ( 'NONE',  ( 2.399999999999999911, 2.899999999999999911, 0.5000000000000000000 ) ) ;
#10520 = VERTEX_POINT ( 'NONE', #7998 ) ;
#10521 = CARTESIAN_POINT ( 'NONE',  ( 0.2464285714285714968, -1.602833904732045012, 2.790000000000000036 ) ) ;
#10522 = CARTESIAN_POINT ( 'NONE',  ( -0.1090909090909090023, -0.5353014371995779008, 2.799999999999999822 ) ) ;
#10523 = FACE_OUTER_BOUND ( 'NONE', #2798, .T. ) ;
#10524 = CARTESIAN_POINT ( 'NONE',  ( -2.414282326247679578, 2.004042074047625022, 0.4249999999999999889 ) ) ;
#10525 = PRESENTATION_STYLE_ASSIGNMENT (( #545 ) ) ;
#10526 = SURFACE_SIDE_STYLE ('',( #2081 ) ) ;
#10527 = EDGE_CURVE ( 'NONE', #3519, #2570, #5452, .T. ) ;
#10528 = CARTESIAN_POINT ( 'NONE',  ( 2.179636552470499922, 2.192363373782780123, 0.8033235806651959354 ) ) ;
#10529 = COLOUR_RGB ( '',0.7686274509803920907, 0.7686274509803920907, 0.7686274509803920907 ) ;
#10530 = CYLINDRICAL_SURFACE ( 'NONE', #3752, 0.2999999999999999334 ) ;
#10531 = VERTEX_POINT ( 'NONE', #467 ) ;
#10532 = DIRECTION ( 'NONE',  ( 1.000000000000000000, 0.0000000000000000000, 0.0000000000000000000 ) ) ;
#10533 = CARTESIAN_POINT ( 'NONE',  ( -2.553008507226334878, -1.898661260031260012, 0.5000000000000000000 ) ) ;
#10534 = DIRECTION ( 'NONE',  ( -1.000000000000000000, 0.0000000000000000000, 0.0000000000000000000 ) ) ;
#10535 = CARTESIAN_POINT ( 'NONE',  ( -0.1090909090909090023, -0.5384670216151629107, 2.790000000000000036 ) ) ;
#10536 = CARTESIAN_POINT ( 'NONE',  ( 0.5999999999999999778, 0.07443882254068159843, 2.799999999999999822 ) ) ;
#10537 = ORIENTED_EDGE ( 'NONE', *, *, #6375, .F. ) ;
#10538 = CARTESIAN_POINT ( 'NONE',  ( 0.5844215701555149911, -0.8436537885533789138, 2.799999999999999822 ) ) ;
#10539 =( NAMED_UNIT ( * ) SI_UNIT ( $, .STERADIAN. ) SOLID_ANGLE_UNIT ( ) );
#10540 = CARTESIAN_POINT ( 'NONE',  ( -2.852020077958945077, 1.524896796615500039, 0.5000000000000000000 ) ) ;
#10541 = CARTESIAN_POINT ( 'NONE',  ( -0.1090909090909085999, -1.660544943693085029, 2.790000000000000036 ) ) ;
#10542 = CARTESIAN_POINT ( 'NONE',  ( 0.5999999999999999778, 1.087425835527694007, 2.799999999999999822 ) ) ;
#10543 = VERTEX_POINT ( 'NONE', #1346 ) ;
#10544 = VECTOR ( 'NONE', #9955, 1000.000000000000000 ) ;
#10545 = UNCERTAINTY_MEASURE_WITH_UNIT (LENGTH_MEASURE( 1.000000000000000082E-05 ), #2380, 'distance_accuracy_value', 'NONE');
#10546 = CARTESIAN_POINT ( 'NONE',  ( 0.1957044358701700015, -1.682492677044189922, 2.790000000000000036 ) ) ;
#10547 = ORIENTED_EDGE ( 'NONE', *, *, #9073, .T. ) ;
#10548 = LINE ( 'NONE', #453, #1834 ) ;
#10549 = CARTESIAN_POINT ( 'NONE',  ( -2.695291017514599652, 1.376455337658559985, 2.124152871970504730 ) ) ;
#10550 = ORIENTED_EDGE ( 'NONE', *, *, #2295, .F. ) ;
#10551 = DIRECTION ( 'NONE',  ( 0.0000000000000000000, 0.0000000000000000000, 1.000000000000000000 ) ) ;
#10552 = PRODUCT_DEFINITION ( 'UNKNOWN', '', #2106, #8813 ) ;
#10553 = CARTESIAN_POINT ( 'NONE',  ( 1.211950970976274133, 2.915076103056094770, 0.4830375302643720170 ) ) ;
#10554 = CARTESIAN_POINT ( 'NONE',  ( -2.956173761888604812, -1.554782797639240099, 0.2071554596297824902 ) ) ;
#10555 = ORIENTED_EDGE ( 'NONE', *, *, #2509, .T. ) ;
#10556 = CARTESIAN_POINT ( 'NONE',  ( -1.429894933702550164, -1.735488937687180044, 1.455028784159037913 ) ) ;
#10557 = CARTESIAN_POINT ( 'NONE',  ( 0.1660045177501135172, -1.663281720407644881, 2.799999999999999822 ) ) ;
#10558 = CIRCLE ( 'NONE', #3596, 0.4000000000000000222 ) ;
#10559 = VERTEX_POINT ( 'NONE', #3812 ) ;
#10560 = AXIS2_PLACEMENT_3D ( 'NONE', #2189, #1309, #4538 ) ;
#10561 = CARTESIAN_POINT ( 'NONE',  ( -0.4532578488921489845, 2.608207906495854989, 2.113696463461929742 ) ) ;
#10562 = CARTESIAN_POINT ( 'NONE',  ( 2.514037242765595259, -1.975255626417655064, 0.5000000000000000000 ) ) ;
#10563 = CARTESIAN_POINT ( 'NONE',  ( -2.658125821972565195, 2.045380801488830169, 0.3864410810002315011 ) ) ;
#10564 = CARTESIAN_POINT ( 'NONE',  ( -2.369339707351600044, -1.958353757458439981, 0.6783035014276619368 ) ) ;
#10565 = PRESENTATION_STYLE_ASSIGNMENT (( #7226 ) ) ;
#10566 = EDGE_CURVE ( 'NONE', #3766, #8198, #7365, .T. ) ;
#10567 = CARTESIAN_POINT ( 'NONE',  ( 2.155278941783905111, 0.9173200032472540455, 1.462708340273014107 ) ) ;
#10568 = CARTESIAN_POINT ( 'NONE',  ( 2.507026627620140058, -2.026810033744694817, 0.4943283194985070295 ) ) ;
#10569 = CARTESIAN_POINT ( 'NONE',  ( 2.399999999999999911, 2.899999999999999911, 0.5000000000000000000 ) ) ;
#10570 = CARTESIAN_POINT ( 'NONE',  ( 0.4000000000000000222, 1.800000000000000044, 2.799999999999999822 ) ) ;
#10571 =( GEOMETRIC_REPRESENTATION_CONTEXT ( 3 ) GLOBAL_UNCERTAINTY_ASSIGNED_CONTEXT ( ( #4993 ) ) GLOBAL_UNIT_ASSIGNED_CONTEXT ( ( #9810, #2350, #4871 ) ) REPRESENTATION_CONTEXT ( 'NONE', 'WORKASPACE' ) );
#10572 = CARTESIAN_POINT ( 'NONE',  ( 0.1825647064104339856, -1.673834679236865020, 2.799999999999999822 ) ) ;
#10573 = ORIENTED_EDGE ( 'NONE', *, *, #867, .F. ) ;
#10574 = CARTESIAN_POINT ( 'NONE',  ( -0.5999999999999999778, 1.134179082280940110, 2.790000000000000036 ) ) ;
#10575 = EDGE_LOOP ( 'NONE', ( #6170, #2266 ) ) ;
#10576 = PRESENTATION_LAYER_ASSIGNMENT (  '', '', ( #5695 ) ) ;
#10577 = CARTESIAN_POINT ( 'NONE',  ( 2.500000000000000000, 2.070156211871640117, 0.5000000000000000000 ) ) ;
#10578 = CARTESIAN_POINT ( 'NONE',  ( -0.2399940192235975045, -0.4455790184769179985, 2.790000000000000036 ) ) ;
#10579 = CARTESIAN_POINT ( 'NONE',  ( 0.1693741817512275094, -0.5361998349577480338, 2.790000000000000036 ) ) ;
#10580 = FACE_OUTER_BOUND ( 'NONE', #889, .T. ) ;
#10581 = DIRECTION ( 'NONE',  ( -1.000000000000000000, 0.0000000000000000000, 0.0000000000000000000 ) ) ;
#10582 = CARTESIAN_POINT ( 'NONE',  ( 2.087867965644039536, -2.662132034355964905, 2.399999999999999911 ) ) ;
#10583 = AXIS2_PLACEMENT_3D ( 'NONE', #3073, #3946, #9826 ) ;
#10584 = MECHANICAL_DESIGN_GEOMETRIC_PRESENTATION_REPRESENTATION (  '', ( #9358 ), #3983 ) ;
#10585 = VECTOR ( 'NONE', #6146, 1000.000000000000000 ) ;
#10586 = EDGE_CURVE ( 'NONE', #4795, #334, #9450, .T. ) ;
#10587 = ORIENTED_EDGE ( 'NONE', *, *, #4705, .F. ) ;
#10588 = DIRECTION ( 'NONE',  ( -0.6246950475544237324, -0.7808688094430306093, 0.0000000000000000000 ) ) ;
#10589 = CARTESIAN_POINT ( 'NONE',  ( -2.123471498521084744, -2.374384901275200299, 0.8031879479349299800 ) ) ;
#10590 = CARTESIAN_POINT ( 'NONE',  ( -2.733859166552525366, -1.985829531404585069, 0.3864410810002315011 ) ) ;
#10591 = CARTESIAN_POINT ( 'NONE',  ( 0.3595554346461869999, 0.4444868173987089888, 2.790000000000000036 ) ) ;
#10592 = STYLED_ITEM ( 'NONE', ( #4147 ), #9333 ) ;
#10593 = CARTESIAN_POINT ( 'NONE',  ( 2.499999999999999556, -1.479237732266012406, 0.1356907255784365052 ) ) ;
#10594 = VECTOR ( 'NONE', #9948, 1000.000000000000000 ) ;
#10595 = VERTEX_POINT ( 'NONE', #524 ) ;
#10596 = CARTESIAN_POINT ( 'NONE',  ( -2.365277693517235047, -2.046406422419825066, 0.6727666005678258898 ) ) ;
#10597 = STYLED_ITEM ( 'NONE', ( #5121 ), #1872 ) ;
#10598 = FACE_OUTER_BOUND ( 'NONE', #384, .T. ) ;
#10599 = CARTESIAN_POINT ( 'NONE',  ( 2.907549841766629672, -0.7185408576770550004, 0.4886381730162450143 ) ) ;
#10600 = CARTESIAN_POINT ( 'NONE',  ( -2.002648789474265278, 1.189426189995770100, 1.461343339325042123 ) ) ;
#10601 = CARTESIAN_POINT ( 'NONE',  ( 1.149999999999999911, 3.010000000000000231, 0.09000000000000001055 ) ) ;
#10602 = CARTESIAN_POINT ( 'NONE',  ( 0.5999999999999999778, -1.977346891745034974, 2.799999999999999822 ) ) ;
#10603 = EDGE_CURVE ( 'NONE', #5517, #6229, #482, .T. ) ;
#10604 = ORIENTED_EDGE ( 'NONE', *, *, #9323, .T. ) ;
#10605 = FILL_AREA_STYLE_COLOUR ( '', #4107 ) ;
#10606 = CARTESIAN_POINT ( 'NONE',  ( -2.220702636112174666, 0.7830685070676299819, 1.463223041617662146 ) ) ;
#10607 = ORIENTED_EDGE ( 'NONE', *, *, #5556, .F. ) ;
#10608 = FACE_OUTER_BOUND ( 'NONE', #4628, .T. ) ;
#10609 = EDGE_CURVE ( 'NONE', #8960, #9161, #6508, .T. ) ;
#10610 = COLOUR_RGB ( '',0.7686274509803920907, 0.7686274509803920907, 0.7686274509803920907 ) ;
#10611 = CARTESIAN_POINT ( 'NONE',  ( 0.6048303819318640029, 2.911914524604869658, 0.4830454893414179440 ) ) ;
#10612 = CARTESIAN_POINT ( 'NONE',  ( -2.955335420293729864, -1.786220465062998253, 2.399999999999999911 ) ) ;
#10613 = CIRCLE ( 'NONE', #5903, 0.2000000000000000944 ) ;
#10614 = CYLINDRICAL_SURFACE ( 'NONE', #1158, 0.05000000000000002359 ) ;
#10615 = DIRECTION ( 'NONE',  ( 0.0000000000000000000, -1.000000000000000000, 0.0000000000000000000 ) ) ;
#10616 = ORIENTED_EDGE ( 'NONE', *, *, #7118, .T. ) ;
#10617 = VECTOR ( 'NONE', #2045, 1000.000000000000000 ) ;
#10618 = CARTESIAN_POINT ( 'NONE',  ( -0.6036923868358979872, 2.907943016401369984, 0.4886969928942820340 ) ) ;
#10619 = CARTESIAN_POINT ( 'NONE',  ( 2.522492145220790238, -1.679156082309134934, 2.122452691660455582 ) ) ;
#10620 = CARTESIAN_POINT ( 'NONE',  ( -2.679253640990189922, 2.053834070379655152, 0.3864410810002315011 ) ) ;
#10621 = CARTESIAN_POINT ( 'NONE',  ( 2.399999999999999911, 2.979999999999999982, 0.1000000000000000056 ) ) ;
#10622 = CARTESIAN_POINT ( 'NONE',  ( 2.202346251182914827, 0.8244113161808329648, 1.463129172664366040 ) ) ;
#10623 = CARTESIAN_POINT ( 'NONE',  ( 2.643276674027850159, -1.796435797806235080, 0.4943261603229689993 ) ) ;
#10624 = DIRECTION ( 'NONE',  ( -2.794185464660628665E-16, -1.000000000000000000, 0.0000000000000000000 ) ) ;
#10625 = CARTESIAN_POINT ( 'NONE',  ( 0.3595554346461874995, -1.799669026757134915, 2.790000000000000036 ) ) ;
#10626 = EDGE_CURVE ( 'NONE', #8028, #8666, #3096, .T. ) ;
#10627 = ORIENTED_EDGE ( 'NONE', *, *, #8127, .F. ) ;
#10628 = ORIENTED_EDGE ( 'NONE', *, *, #6257, .F. ) ;
#10629 = FACE_OUTER_BOUND ( 'NONE', #8879, .T. ) ;
#10630 = VERTEX_POINT ( 'NONE', #3248 ) ;
#10631 =( NAMED_UNIT ( * ) PLANE_ANGLE_UNIT ( ) SI_UNIT ( $, .RADIAN. ) );
#10632 = CARTESIAN_POINT ( 'NONE',  ( -0.3918581830457260051, -0.3347280831987289873, 2.790000000000000036 ) ) ;
#10633 = CARTESIAN_POINT ( 'NONE',  ( 0.02897727272727294856, -1.756973515121655005, 2.799999999999999822 ) ) ;
#10634 = CARTESIAN_POINT ( 'NONE',  ( -3.000000000000000000, 1.625735931288069924, 2.399999999999999911 ) ) ;
#10635 = CARTESIAN_POINT ( 'NONE',  ( -2.500000000000000000, 1.980628343161079830, 0.2111119077131690114 ) ) ;
#10636 = CARTESIAN_POINT ( 'NONE',  ( 0.4880257458711901308, 5.976591675826525412E-17, 0.1328989928337164228 ) ) ;
#10637 = PRESENTATION_LAYER_ASSIGNMENT (  '', '', ( #4204 ) ) ;
#10638 = CARTESIAN_POINT ( 'NONE',  ( 2.456263056706787129, -1.387452280889807987, 0.1000000000000000056 ) ) ;
#10639 = FILL_AREA_STYLE_COLOUR ( '', #1122 ) ;
#10640 = VERTEX_POINT ( 'NONE', #843 ) ;
#10641 = DIRECTION ( 'NONE',  ( 0.0000000000000000000, 0.0000000000000000000, 1.000000000000000000 ) ) ;
#10642 = CARTESIAN_POINT ( 'NONE',  ( -2.510783547444194852, -2.450521337215040507, 0.4886644765043740013 ) ) ;
#10643 = CARTESIAN_POINT ( 'NONE',  ( 0.0000000000000000000, 1.800000000000000044, 2.799999999999999822 ) ) ;
#10644 = CARTESIAN_POINT ( 'NONE',  ( 0.1825647064104334860, 0.5703211649189821042, 2.790000000000000036 ) ) ;
#10645 = FACE_OUTER_BOUND ( 'NONE', #6579, .T. ) ;
#10646 = ORIENTED_EDGE ( 'NONE', *, *, #8589, .F. ) ;
#10647 = CARTESIAN_POINT ( 'NONE',  ( -0.5999999999999999778, 0.2400232381250970159, 2.790000000000000036 ) ) ;
#10648 = LINE ( 'NONE', #11, #3829 ) ;
#10649 = CARTESIAN_POINT ( 'NONE',  ( 2.747061367155870126, 0.9853709195982748303, 2.125412253726460143 ) ) ;
#10650 = CARTESIAN_POINT ( 'NONE',  ( -2.638639096053830180, 1.791623023996894881, 0.5000000000000000000 ) ) ;
#10651 = CARTESIAN_POINT ( 'NONE',  ( -0.2607954545454539974, -1.764522216420359779, 2.790000000000000036 ) ) ;
#10652 = SURFACE_SIDE_STYLE ('',( #8966 ) ) ;
#10653 = UNCERTAINTY_MEASURE_WITH_UNIT (LENGTH_MEASURE( 1.000000000000000082E-05 ), #5617, 'distance_accuracy_value', 'NONE');
#10654 = CARTESIAN_POINT ( 'NONE',  ( -3.000000000000000000, 1.449999999999999956, 0.1000000000000000056 ) ) ;
#10655 = VERTEX_POINT ( 'NONE', #6406 ) ;
#10656 = CARTESIAN_POINT ( 'NONE',  ( -2.381855898890949952, -0.6125055450578881233, 1.464675920114375973 ) ) ;
#10657 = ORIENTED_EDGE ( 'NONE', *, *, #3159, .T. ) ;
#10658 = DIRECTION ( 'NONE',  ( 1.000000000000000000, 0.0000000000000000000, 0.0000000000000000000 ) ) ;
#10659 = CARTESIAN_POINT ( 'NONE',  ( 1.918062981917995069, 2.748290565998874779, 2.399999999999999911 ) ) ;
#10660 = CARTESIAN_POINT ( 'NONE',  ( -1.149999999999999911, -1.815039362631929887, 2.790000000000000036 ) ) ;
#10661 = ADVANCED_FACE ( 'NONE', ( #3196 ), #8105, .F. ) ;
#10662 = CARTESIAN_POINT ( 'NONE',  ( -1.325537780864512127, -2.471451082028345070, 2.116457169503690228 ) ) ;
#10663 = ORIENTED_EDGE ( 'NONE', *, *, #7990, .T. ) ;
#10664 = EDGE_CURVE ( 'NONE', #9702, #4644, #9085, .T. ) ;
#10665 = CARTESIAN_POINT ( 'NONE',  ( -2.399999999999999911, 3.000000000000000000, 0.5000000000000000000 ) ) ;
#10666 = EDGE_LOOP ( 'NONE', ( #517, #9829, #5986, #10627 ) ) ;
#10667 = CARTESIAN_POINT ( 'NONE',  ( -1.596236349498754814, 1.519601992082089792, 1.457030776962905838 ) ) ;
#10668 = CARTESIAN_POINT ( 'NONE',  ( 2.504325507818100149, -2.059026044851580028, 0.4943286264339740721 ) ) ;
#10669 = B_SPLINE_SURFACE_WITH_KNOTS ( 'NONE', 3, 1, ( 
 ( #4251, #1842 ),
 ( #5193, #1025 ),
 ( #4364, #7679 ),
 ( #3544, #10181 ),
 ( #6035, #3595 ),
 ( #3579, #3476 ),
 ( #3525, #5918 ),
 ( #5863, #2550 ),
 ( #30, #9190 ),
 ( #9292, #948 ),
 ( #6825, #8420 ) ),
 .UNSPECIFIED., .F., .F., .F.,
 ( 4, 1, 1, 1, 1, 1, 1, 1, 4 ),
 ( 2, 2 ),
 ( 0.0000000000000000000, 0.1818627159604200016, 0.3478693513041130059, 0.4980370164793330168, 0.6302069238042260491, 0.7473112184362129540, 0.8479049363245790838, 0.9323595851926930189, 1.000000000000000000 ),
 ( 0.0000000000000000000, 1.000000000000000000 ),
 .UNSPECIFIED. ) ;
#10670 = CARTESIAN_POINT ( 'NONE',  ( -2.642379037551405130, 2.029036822086429659, 0.3864410810002315011 ) ) ;
#10671 = CARTESIAN_POINT ( 'NONE',  ( -2.359101575046909982, -1.954619688061000060, 0.6924218891939389886 ) ) ;
#10672 = DIRECTION ( 'NONE',  ( 0.0000000000000000000, 0.0000000000000000000, 1.000000000000000000 ) ) ;
#10673 = CARTESIAN_POINT ( 'NONE',  ( 2.893050673459895084, 1.496066098610227879, 0.4886475567411380228 ) ) ;
#10674 = CARTESIAN_POINT ( 'NONE',  ( 2.546297868881644888, -1.944835612241379907, 0.4829822350174060031 ) ) ;
#10675 = CARTESIAN_POINT ( 'NONE',  ( 0.0000000000000000000, 0.0000000000000000000, 0.4671010071662839991 ) ) ;
#10676 = ADVANCED_FACE ( 'NONE', ( #8261 ), #1614, .F. ) ;
#10677 = CARTESIAN_POINT ( 'NONE',  ( -2.607407155454814607, -1.222546180320974063, 0.8038817002051259486 ) ) ;
#10678 =( NAMED_UNIT ( * ) PLANE_ANGLE_UNIT ( ) SI_UNIT ( $, .RADIAN. ) );
#10679 = ORIENTED_EDGE ( 'NONE', *, *, #7279, .T. ) ;
#10680 = FACE_BOUND ( 'NONE', #6778, .T. ) ;
#10681 = EDGE_LOOP ( 'NONE', ( #3173, #3524, #3133, #4912, #4927, #8262, #959, #2361, #338 ) ) ;
#10682 = LINE ( 'NONE', #9102, #1177 ) ;
#10683 = FILL_AREA_STYLE ('',( #5620 ) ) ;
#10684 = LINE ( 'NONE', #5662, #5979 ) ;
#10685 = CARTESIAN_POINT ( 'NONE',  ( 0.2238433465168739867, -0.4991503583457800874, 2.790000000000000036 ) ) ;
#10686 = CARTESIAN_POINT ( 'NONE',  ( -0.5999999999999999778, -1.302346891745032043, 2.799999999999999822 ) ) ;
#10687 = PRESENTATION_LAYER_ASSIGNMENT (  '', '', ( #5128 ) ) ;
#10688 = CARTESIAN_POINT ( 'NONE',  ( -2.399999999999999911, -2.979999999999999982, 0.1200000000000000094 ) ) ;
#10689 = DIRECTION ( 'NONE',  ( 0.0000000000000000000, 0.0000000000000000000, 1.000000000000000000 ) ) ;
#10690 = EDGE_CURVE ( 'NONE', #3710, #5703, #1563, .T. ) ;
#10691 = MECHANICAL_DESIGN_GEOMETRIC_PRESENTATION_REPRESENTATION (  '', ( #2167 ), #9127 ) ;
#10692 = CARTESIAN_POINT ( 'NONE',  ( -2.499999999999999556, -2.010263148659690913, 0.1118111547315811666 ) ) ;
#10693 = ORIENTED_EDGE ( 'NONE', *, *, #3522, .F. ) ;
#10694 = CARTESIAN_POINT ( 'NONE',  ( -1.449999999999999956, 1.184960637368067893, 2.799999999999999822 ) ) ;
#10695 = CARTESIAN_POINT ( 'NONE',  ( -1.858962551820690035, -2.304846004898295053, 2.118939412559254887 ) ) ;
#10696 = FACE_OUTER_BOUND ( 'NONE', #5367, .T. ) ;
#10697 = CARTESIAN_POINT ( 'NONE',  ( 0.1633928571428569787, 0.5823933679952270071, 2.790000000000000036 ) ) ;
#10698 = SURFACE_SIDE_STYLE ('',( #9934 ) ) ;
#10699 = ORIENTED_EDGE ( 'NONE', *, *, #2752, .F. ) ;
#10700 = FILL_AREA_STYLE_COLOUR ( '', #6059 ) ;
#10701 = SURFACE_STYLE_USAGE ( .BOTH. , #3292 ) ;
#10702 = CARTESIAN_POINT ( 'NONE',  ( 3.000000000000000000, 1.574274178373474831, 2.399999999999999911 ) ) ;
#10703 = CARTESIAN_POINT ( 'NONE',  ( -2.602886011009174716, 1.867862101483484860, 0.4829800862001130124 ) ) ;
#10704 = AXIS2_PLACEMENT_3D ( 'NONE', #2532, #9836, #1651 ) ;
#10705 =( NAMED_UNIT ( * ) PLANE_ANGLE_UNIT ( ) SI_UNIT ( $, .RADIAN. ) );
#10706 = DIRECTION ( 'NONE',  ( 0.0000000000000000000, 0.0000000000000000000, 1.000000000000000000 ) ) ;
#10707 = AXIS2_PLACEMENT_3D ( 'NONE', #5308, #9328, #5260 ) ;
#10708 = ORIENTED_EDGE ( 'NONE', *, *, #2400, .F. ) ;
#10709 = DIRECTION ( 'NONE',  ( -0.7071067811865461294, -1.886276100779225529E-16, 0.7071067811865490160 ) ) ;
#10710 = CARTESIAN_POINT ( 'NONE',  ( -2.908814219294125092, -1.077966861934199772, 0.4886417787706119897 ) ) ;
#10711 = VERTEX_POINT ( 'NONE', #4126 ) ;
#10712 = CARTESIAN_POINT ( 'NONE',  ( 2.600000000000000089, -2.533647347903380087, 0.1200000000000000094 ) ) ;
#10713 = CARTESIAN_POINT ( 'NONE',  ( 1.204611352681630221, 2.899999999999999911, 0.5000000000000000000 ) ) ;
#10714 = CARTESIAN_POINT ( 'NONE',  ( -2.474268881909654993, -2.870371900535130028, 0.5000000000000000000 ) ) ;
#10715 = CARTESIAN_POINT ( 'NONE',  ( -1.223268771548668088, -1.993170211086870092, 1.453378160178570022 ) ) ;
#10716 = CARTESIAN_POINT ( 'NONE',  ( 0.2112822484499475018, -1.693337811376705027, 2.799999999999999822 ) ) ;
#10717 = ORIENTED_EDGE ( 'NONE', *, *, #726, .T. ) ;
#10718 = CARTESIAN_POINT ( 'NONE',  ( -2.511968601151420177, 2.634629247776889560, 0.4886679988428860311 ) ) ;
#10719 = EDGE_CURVE ( 'NONE', #5913, #3342, #2494, .T. ) ;
#10720 = COLOUR_RGB ( '',0.8431372549019607865, 0.8156862745098039102, 0.7529411764705882248 ) ;
#10721 = CARTESIAN_POINT ( 'NONE',  ( 2.621576183406205018, -1.557511646207114797, 2.123175391262055012 ) ) ;
#10722 = CARTESIAN_POINT ( 'NONE',  ( 0.5999999999999999778, 0.8909160952679540113, 2.790000000000000036 ) ) ;
#10723 = LINE ( 'NONE', #744, #10172 ) ;
#10724 = CARTESIAN_POINT ( 'NONE',  ( 2.697141137599415206, 1.351270183028866034, 2.124221086784479962 ) ) ;
#10725 = CARTESIAN_POINT ( 'NONE',  ( 2.621576183406205018, -1.557511646207114797, 2.123175391262055012 ) ) ;
#10726 = CARTESIAN_POINT ( 'NONE',  ( 0.2386309232327600005, -1.609184643809735249, 2.799999999999999822 ) ) ;
#10727 = CARTESIAN_POINT ( 'NONE',  ( -2.980388000377939939, -1.737163522619419975, 2.399999999999999911 ) ) ;
#10728 = AXIS2_PLACEMENT_3D ( 'NONE', #7805, #6925, #3563 ) ;
#10729 = UNCERTAINTY_MEASURE_WITH_UNIT (LENGTH_MEASURE( 1.000000000000000082E-05 ), #3376, 'distance_accuracy_value', 'NONE');
#10730 = ORIENTED_EDGE ( 'NONE', *, *, #7329, .T. ) ;
#10731 = EDGE_CURVE ( 'NONE', #5949, #6866, #1663, .T. ) ;
#10732 = ORIENTED_EDGE ( 'NONE', *, *, #10803, .F. ) ;
#10733 = CARTESIAN_POINT ( 'NONE',  ( 0.1660045177501129898, -0.5412037983297230959, 2.799999999999999822 ) ) ;
#10734 = DIRECTION ( 'NONE',  ( 1.000000000000000000, 0.0000000000000000000, 0.0000000000000000000 ) ) ;
#10735 = DIRECTION ( 'NONE',  ( -0.8104379191634829560, 0.5858245293447210678, 0.0000000000000000000 ) ) ;
#10736 = LINE ( 'NONE', #9155, #9013 ) ;
#10737 = CARTESIAN_POINT ( 'NONE',  ( -2.500000000000000000, 1.959943855810184932, 0.1886281848372544923 ) ) ;
#10738 = COLOUR_RGB ( '',0.7686274509803920907, 0.7686274509803920907, 0.7686274509803920907 ) ;
#10739 = PRESENTATION_STYLE_ASSIGNMENT (( #6477 ) ) ;
#10740 = EDGE_CURVE ( 'NONE', #10255, #4764, #3470, .T. ) ;
#10741 = CARTESIAN_POINT ( 'NONE',  ( 0.5999999999999999778, 0.07443882254068159843, 2.790000000000000036 ) ) ;
#10742 = VECTOR ( 'NONE', #2608, 1000.000000000000000 ) ;
#10743 = LINE ( 'NONE', #3275, #4497 ) ;
#10744 = MECHANICAL_DESIGN_GEOMETRIC_PRESENTATION_REPRESENTATION (  '', ( #6895 ), #6384 ) ;
#10745 = VECTOR ( 'NONE', #1304, 1000.000000000000000 ) ;
#10746 = VECTOR ( 'NONE', #1767, 1000.000000000000000 ) ;
#10747 = CARTESIAN_POINT ( 'NONE',  ( 0.5999999999999999778, -0.8552689696671109676, 2.799999999999999822 ) ) ;
#10748 = ORIENTED_EDGE ( 'NONE', *, *, #5817, .F. ) ;
#10749 = LINE ( 'NONE', #6595, #971 ) ;
#10750 = CARTESIAN_POINT ( 'NONE',  ( -2.505984300577869472, -2.626665369674570094, 0.4943339994216590649 ) ) ;
#10751 = CARTESIAN_POINT ( 'NONE',  ( -2.635958964117032455, -1.999180284050589229, 0.3864410810002315011 ) ) ;
#10752 = FACE_OUTER_BOUND ( 'NONE', #3991, .T. ) ;
#10753 = CARTESIAN_POINT ( 'NONE',  ( 2.612428048650003554, -1.984464939187492449, 0.3679213459545015441 ) ) ;
#10754 = ORIENTED_EDGE ( 'NONE', *, *, #24, .T. ) ;
#10755 = CARTESIAN_POINT ( 'NONE',  ( 0.1633928571428575061, -1.661762476160615121, 2.790000000000000036 ) ) ;
#10756 = CYLINDRICAL_SURFACE ( 'NONE', #2947, 2.328125000000000000 ) ;
#10757 = CARTESIAN_POINT ( 'NONE',  ( 2.800372670603985092, 1.589456055809199908, 0.5000000000000000000 ) ) ;
#10758 = CIRCLE ( 'NONE', #125, 0.09999999999999982514 ) ;
#10759 = CARTESIAN_POINT ( 'NONE',  ( -2.999630619546635124, 1.641312997385574901, 2.399999999999999911 ) ) ;
#10760 = STYLED_ITEM ( 'NONE', ( #7317 ), #7250 ) ;
#10761 = MECHANICAL_DESIGN_GEOMETRIC_PRESENTATION_REPRESENTATION (  '', ( #8150 ), #9355 ) ;
#10762 = UNCERTAINTY_MEASURE_WITH_UNIT (LENGTH_MEASURE( 1.000000000000000082E-05 ), #10310, 'distance_accuracy_value', 'NONE');
#10763 = B_SPLINE_SURFACE_WITH_KNOTS ( 'NONE', 3, 1, ( 
 ( #5783, #1696 ),
 ( #10144, #9374 ),
 ( #2627, #7472 ),
 ( #817, #6044 ),
 ( #873, #1909 ),
 ( #7, #4161 ),
 ( #8449, #7685 ),
 ( #212, #4213 ),
 ( #6755, #3340 ),
 ( #1852, #8292 ),
 ( #2675, #5145 ) ),
 .UNSPECIFIED., .F., .F., .F.,
 ( 4, 1, 1, 1, 1, 1, 1, 1, 4 ),
 ( 2, 2 ),
 ( 0.0000000000000000000, 0.1818627159604200016, 0.3478693513041130059, 0.4980370164793330168, 0.6302069238042270483, 0.7473112184362139532, 0.8479049363245800830, 0.9323595851926930189, 1.000000000000000000 ),
 ( 0.0000000000000000000, 1.000000000000000000 ),
 .UNSPECIFIED. ) ;
#10764 = CARTESIAN_POINT ( 'NONE',  ( 2.502745270284675083, 2.021312443478769705, 0.4999999999999479861 ) ) ;
#10765 = VECTOR ( 'NONE', #10290, 1000.000000000000000 ) ;
#10766 = ADVANCED_FACE ( 'NONE', ( #25 ), #2905, .T. ) ;
#10767 = ORIENTED_EDGE ( 'NONE', *, *, #2052, .F. ) ;
#10768 =( LENGTH_UNIT ( ) NAMED_UNIT ( * ) SI_UNIT ( .MILLI., .METRE. ) );
#10769 = VECTOR ( 'NONE', #7000, 1000.000000000000000 ) ;
#10770 = CARTESIAN_POINT ( 'NONE',  ( -2.911321176334634941, -0.7191864439096959938, 0.4829571105394439567 ) ) ;
#10771 = VERTEX_POINT ( 'NONE', #5223 ) ;
#10772 = DIRECTION ( 'NONE',  ( 0.0000000000000000000, 0.0000000000000000000, -1.000000000000000000 ) ) ;
#10773 = CARTESIAN_POINT ( 'NONE',  ( -2.422107745994134476, 2.909274835657195357, 0.4943371803921549623 ) ) ;
#10774 = SURFACE_SIDE_STYLE ('',( #7216 ) ) ;
#10775 = CARTESIAN_POINT ( 'NONE',  ( 4.141705384294900639E-17, -2.903740861596030509, 0.4943491809110580060 ) ) ;
#10776 = AXIS2_PLACEMENT_3D ( 'NONE', #8243, #1485, #8088 ) ;
#10777 = VECTOR ( 'NONE', #9498, 999.9999999999998863 ) ;
#10778 = MECHANICAL_DESIGN_GEOMETRIC_PRESENTATION_REPRESENTATION (  '', ( #2595 ), #3123 ) ;
#10779 = UNCERTAINTY_MEASURE_WITH_UNIT (LENGTH_MEASURE( 1.000000000000000082E-05 ), #4030, 'distance_accuracy_value', 'NONE');
#10780 = PRESENTATION_STYLE_ASSIGNMENT (( #4854 ) ) ;
#10781 = VERTEX_POINT ( 'NONE', #1820 ) ;
#10782 = DIRECTION ( 'NONE',  ( -1.000000000000000000, -1.445602896647339903E-16, 0.0000000000000000000 ) ) ;
#10783 = CARTESIAN_POINT ( 'NONE',  ( -1.553023190822315103, 1.538699533929020147, 1.456649894872902085 ) ) ;
#10784 = CARTESIAN_POINT ( 'NONE',  ( 2.881345509011509876, -1.868654490988495009, 2.399999999999999911 ) ) ;
#10785 = AXIS2_PLACEMENT_3D ( 'NONE', #2996, #3825, #5510 ) ;
#10786 = CARTESIAN_POINT ( 'NONE',  ( 2.474345596219860166, 2.550000000000000266, 0.1000000000000000056 ) ) ;
#10787 = CARTESIAN_POINT ( 'NONE',  ( -2.399999999999999911, -3.000000000000000000, 0.1200000000000000094 ) ) ;
#10788 = DIRECTION ( 'NONE',  ( 0.0000000000000000000, 0.0000000000000000000, 1.000000000000000000 ) ) ;
#10789 = CARTESIAN_POINT ( 'NONE',  ( 2.894215292365879932, 1.481277601611503902, 0.4943236962482859820 ) ) ;
#10790 = CARTESIAN_POINT ( 'NONE',  ( 2.813826459736004981, -1.605676986238730120, 0.4829738559365980288 ) ) ;
#10791 = CARTESIAN_POINT ( 'NONE',  ( 2.643826238111394833, 1.945217202360755016, 0.3648403235241770015 ) ) ;
#10792 = CARTESIAN_POINT ( 'NONE',  ( -3.000000000000000000, -1.574274178373474831, 2.399999999999999911 ) ) ;
#10793 = SURFACE_STYLE_USAGE ( .BOTH. , #5715 ) ;
#10794 = EDGE_CURVE ( 'NONE', #10595, #1717, #9236, .T. ) ;
#10795 = CIRCLE ( 'NONE', #10441, 0.3663861604223290214 ) ;
#10796 = ORIENTED_EDGE ( 'NONE', *, *, #7052, .F. ) ;
#10797 = FILL_AREA_STYLE ('',( #5821 ) ) ;
#10798 = CARTESIAN_POINT ( 'NONE',  ( 2.399999999999999911, -2.674999999999999822, 0.1000000000000000056 ) ) ;
#10799 = CARTESIAN_POINT ( 'NONE',  ( 0.5999999999999999778, 0.2668089524108114841, 2.790000000000000036 ) ) ;
#10800 = CARTESIAN_POINT ( 'NONE',  ( -2.500000000000000000, 1.989489728401929503, 0.1134375582653289888 ) ) ;
#10801 = CARTESIAN_POINT ( 'NONE',  ( 2.399999999999999911, 2.799999999999999822, 0.1000000000000000056 ) ) ;
#10802 = CARTESIAN_POINT ( 'NONE',  ( 0.5350103769104849194, 0.0000000000000000000, 0.09999999999999999167 ) ) ;
#10803 = EDGE_CURVE ( 'NONE', #5197, #7988, #10059, .T. ) ;
ENDSEC;
END-ISO-10303-21;
