ISO-10303-21;
HEADER;
FILE_DESCRIPTION (( 'STEP AP214' ),
    '1' );
FILE_NAME ('User Library-Antenne 3216.STEP',
    '2026-09-01T05:05:13',
    ( '' ),
    ( '' ),
    'SwSTEP 2.0',
    'SolidWorks 2022',
    '' );
FILE_SCHEMA (( 'AUTOMOTIVE_DESIGN' ));
ENDSEC;

DATA;
#1 = ADVANCED_FACE ( 'NONE', ( #289 ), #714, .T. ) ;
#2 = FACE_OUTER_BOUND ( 'NONE', #43, .T. ) ;
#3 = VERTEX_POINT ( 'NONE', #25 ) ;
#4 = EDGE_LOOP ( 'NONE', ( #628, #521, #1272, #176 ) ) ;
#5 = CARTESIAN_POINT ( 'NONE',  ( 0.5000000000000000000, -0.1250000000000000000, 0.0000000000000000000 ) ) ;
#6 = ADVANCED_FACE ( 'NONE', ( #448 ), #1219, .T. ) ;
#7 = ORIENTED_EDGE ( 'NONE', *, *, #1067, .F. ) ;
#8 = SHAPE_REPRESENTATION_RELATIONSHIP ( 'NONE' , 'NONE' ,  #537, #1208 ) ;
#9 = CARTESIAN_POINT ( 'NONE',  ( 4.599999999999999645, -0.7999999999999999334, 2.227777777777780077 ) ) ;
#10 = CARTESIAN_POINT ( 'NONE',  ( -1.100000000000000089, 0.7500000000000000000, 0.04999999999999993339 ) ) ;
#11 = ORIENTED_EDGE ( 'NONE', *, *, #588, .T. ) ;
#12 = ADVANCED_FACE ( 'NONE', ( #115 ), #992, .F. ) ;
#13 = CARTESIAN_POINT ( 'NONE',  ( 4.500000000000000000, -0.6999999999999995115, 2.169199134015089570 ) ) ;
#14 = EDGE_LOOP ( 'NONE', ( #1068, #1070, #752 ) ) ;
#15 = CARTESIAN_POINT ( 'NONE',  ( 1.100000000000000089, 0.7500000000000000000, 1.250000000000000000 ) ) ;
#16 = AXIS2_PLACEMENT_3D ( 'NONE', #1111, #1329, #53 ) ;
#17 = VECTOR ( 'NONE', #755, 1000.000000000000000 ) ;
#18 = VECTOR ( 'NONE', #367, 1000.000000000000000 ) ;
#19 = PRODUCT_DEFINITION_SHAPE ( 'NONE', 'NONE',  #1360 ) ;
#20 = DIRECTION ( 'NONE',  ( 1.000000000000000000, 0.0000000000000000000, 0.0000000000000000000 ) ) ;
#21 = DIRECTION ( 'NONE',  ( 0.0000000000000000000, 0.0000000000000000000, 1.000000000000000000 ) ) ;
#22 = ORIENTED_EDGE ( 'NONE', *, *, #581, .T. ) ;
#23 = LINE ( 'NONE', #428, #443 ) ;
#24 = EDGE_CURVE ( 'NONE', #580, #321, #559, .T. ) ;
#25 = CARTESIAN_POINT ( 'NONE',  ( 0.5000000000000000000, -0.1250000000000000000, 0.01428571430615870053 ) ) ;
#26 = DIRECTION ( 'NONE',  ( 0.0000000000000000000, 0.0000000000000000000, 1.000000000000000000 ) ) ;
#27 = CARTESIAN_POINT ( 'NONE',  ( 1.100000000000000089, 0.7500000000000000000, 1.250000000000000000 ) ) ;
#28 = DIRECTION ( 'NONE',  ( 1.000000000000000000, 0.0000000000000000000, -0.0000000000000000000 ) ) ;
#29 = CARTESIAN_POINT ( 'NONE',  ( 4.900000000000000355, -0.7000000000000000666, 2.127777777777779988 ) ) ;
#30 = CARTESIAN_POINT ( 'NONE',  ( 0.0000000000000000000, 0.0000000000000000000, 0.0000000000000000000 ) ) ;
#31 = EDGE_LOOP ( 'NONE', ( #516, #735, #427, #1179 ) ) ;
#32 = CARTESIAN_POINT ( 'NONE',  ( 4.500000000000000888, -0.8000000000000000444, 3.327777777777780166 ) ) ;
#33 = DIRECTION ( 'NONE',  ( 0.0000000000000000000, -1.000000000000000000, -0.0000000000000000000 ) ) ;
#34 = VECTOR ( 'NONE', #46, 1000.000000000000000 ) ;
#35 = AXIS2_PLACEMENT_3D ( 'NONE', #1113, #1200, #657 ) ;
#36 = EDGE_CURVE ( 'NONE', #168, #1268, #1106, .T. ) ;
#37 = VECTOR ( 'NONE', #1148, 1000.000000000000000 ) ;
#38 = CARTESIAN_POINT ( 'NONE',  ( 4.541421356237309581, 0.7343145750507616976, 2.127777777777779988 ) ) ;
#39 = AXIS2_PLACEMENT_3D ( 'NONE', #1301, #892, #1292 ) ;
#40 = CARTESIAN_POINT ( 'NONE',  ( 4.599999999999999645, 0.7000000000000000666, 3.427777777777779811 ) ) ;
#41 = CARTESIAN_POINT ( 'NONE',  ( 5.000000000000000888, -0.7585786437626912404, 2.227777777777779633 ) ) ;
#42 = EDGE_CURVE ( 'NONE', #622, #295, #439, .T. ) ;
#43 = EDGE_LOOP ( 'NONE', ( #586, #1185, #928, #129 ) ) ;
#44 = CARTESIAN_POINT ( 'NONE',  ( 4.541421356237308693, 0.7000000000000000666, 3.427777777777780255 ) ) ;
#45 = CARTESIAN_POINT ( 'NONE',  ( -0.5000000000000000000, -0.1250000000000000000, 0.0000000000000000000 ) ) ;
#46 = DIRECTION ( 'NONE',  ( 0.0000000000000000000, -0.0000000000000000000, 1.000000000000000000 ) ) ;
#47 = EDGE_CURVE ( 'NONE', #275, #824, #523, .T. ) ;
#48 = EDGE_CURVE ( 'NONE', #810, #275, #544, .T. ) ;
#49 = CARTESIAN_POINT ( 'NONE',  ( 5.000000000000000000, -0.8000000000000000444, 2.227777777777780077 ) ) ;
#50 = DIRECTION ( 'NONE',  ( 0.0000000000000000000, 1.000000000000000000, 0.0000000000000000000 ) ) ;
#51 = AXIS2_PLACEMENT_3D ( 'NONE', #917, #1028, #66 ) ;
#52 = DIRECTION ( 'NONE',  ( 0.0000000000000000000, 0.0000000000000000000, 1.000000000000000000 ) ) ;
#53 = DIRECTION ( 'NONE',  ( 1.000000000000000000, 0.0000000000000000000, 0.0000000000000000000 ) ) ;
#54 = VECTOR ( 'NONE', #91, 1000.000000000000000 ) ;
#55 = VECTOR ( 'NONE', #240, 1000.000000000000000 ) ;
#56 = ORIENTED_EDGE ( 'NONE', *, *, #447, .T. ) ;
#57 = DIRECTION ( 'NONE',  ( 0.0000000000000000000, -0.0000000000000000000, 1.000000000000000000 ) ) ;
#58 = DIRECTION ( 'NONE',  ( 0.0000000000000000000, -1.000000000000000000, 0.0000000000000000000 ) ) ;
#59 = LINE ( 'NONE', #563, #570 ) ;
#60 = CARTESIAN_POINT ( 'NONE',  ( 4.599999999999999645, -0.8000000000000000444, 3.427777777777779811 ) ) ;
#61 = ORIENTED_EDGE ( 'NONE', *, *, #250, .F. ) ;
#62 = DIRECTION ( 'NONE',  ( -0.0000000000000000000, -0.0000000000000000000, -1.000000000000000000 ) ) ;
#63 = CARTESIAN_POINT ( 'NONE',  ( 5.000000000000000000, 0.8000000000000000444, 3.427777777777779811 ) ) ;
#64 = ORIENTED_EDGE ( 'NONE', *, *, #1256, .F. ) ;
#65 = DIRECTION ( 'NONE',  ( 0.0000000000000000000, 1.000000000000000000, -0.0000000000000000000 ) ) ;
#66 = DIRECTION ( 'NONE',  ( 1.000000000000000000, 0.0000000000000000000, 0.0000000000000000000 ) ) ;
#67 = SHAPE_REPRESENTATION ( 'User Library-Antenne 3216', ( #1345, #225, #535, #1257, #1276 ), #888 ) ;
#68 = ORIENTED_EDGE ( 'NONE', *, *, #244, .T. ) ;
#69 = LINE ( 'NONE', #49, #842 ) ;
#70 = LINE ( 'NONE', #179, #573 ) ;
#71 = EDGE_LOOP ( 'NONE', ( #1162, #1338, #524, #68 ) ) ;
#72 = DIRECTION ( 'NONE',  ( 0.0000000000000000000, 0.0000000000000000000, -1.000000000000000000 ) ) ;
#73 = CARTESIAN_POINT ( 'NONE',  ( 4.900000000000000355, 0.7000000000000000666, 2.127777777777779988 ) ) ;
#74 = ADVANCED_FACE ( 'NONE', ( #341 ), #424, .T. ) ;
#75 = ORIENTED_EDGE ( 'NONE', *, *, #116, .T. ) ;
#76 = CARTESIAN_POINT ( 'NONE',  ( 0.0000000000000000000, 0.0000000000000000000, 0.0000000000000000000 ) ) ;
#77 = AXIS2_PLACEMENT_3D ( 'NONE', #590, #1346, #1142 ) ;
#78 = CARTESIAN_POINT ( 'NONE',  ( 4.599999999999999645, 0.7000000000000000666, 3.427777777777779811 ) ) ;
#79 = VERTEX_POINT ( 'NONE', #868 ) ;
#80 = CARTESIAN_POINT ( 'NONE',  ( 4.599999999999999645, -0.8000000000000000444, 3.327777777777780166 ) ) ;
#81 = EDGE_CURVE ( 'NONE', #545, #1268, #599, .T. ) ;
#82 = ORIENTED_EDGE ( 'NONE', *, *, #633, .F. ) ;
#83 = LINE ( 'NONE', #1249, #1275 ) ;
#84 = DIRECTION ( 'NONE',  ( 0.0000000000000000000, 0.0000000000000000000, 1.000000000000000000 ) ) ;
#85 = EDGE_LOOP ( 'NONE', ( #604, #11, #228, #777 ) ) ;
#86 = DIRECTION ( 'NONE',  ( 0.0000000000000000000, 0.0000000000000000000, 1.000000000000000000 ) ) ;
#87 = EDGE_LOOP ( 'NONE', ( #678, #945, #22, #365 ) ) ;
#88 = SURFACE_SIDE_STYLE ('',( #1048 ) ) ;
#89 = CARTESIAN_POINT ( 'NONE',  ( 4.541421356237309581, -0.7343145750507616976, 2.127777777777779988 ) ) ;
#90 = ORIENTED_EDGE ( 'NONE', *, *, #234, .F. ) ;
#91 = DIRECTION ( 'NONE',  ( 1.000000000000000000, 0.0000000000000000000, -0.0000000000000000000 ) ) ;
#92 = ORIENTED_EDGE ( 'NONE', *, *, #866, .F. ) ;
#93 = ORIENTED_EDGE ( 'NONE', *, *, #48, .T. ) ;
#94 = DIRECTION ( 'NONE',  ( 1.000000000000000000, 1.224646799147353207E-16, -0.0000000000000000000 ) ) ;
#95 = VECTOR ( 'NONE', #707, 1000.000000000000000 ) ;
#96 = EDGE_CURVE ( 'NONE', #503, #168, #1202, .T. ) ;
#97 = UNCERTAINTY_MEASURE_WITH_UNIT (LENGTH_MEASURE( 1.000000000000000082E-05 ), #205, 'distance_accuracy_value', 'NONE');
#98 = EDGE_LOOP ( 'NONE', ( #769, #82, #700 ) ) ;
#99 = FILL_AREA_STYLE ('',( #1173 ) ) ;
#100 = FACE_OUTER_BOUND ( 'NONE', #1001, .T. ) ;
#101 = EDGE_CURVE ( 'NONE', #490, #1316, #441, .T. ) ;
#102 = VERTEX_POINT ( 'NONE', #1323 ) ;
#103 = PLANE ( 'NONE',  #840 ) ;
#104 = CARTESIAN_POINT ( 'NONE',  ( 4.900000000000000355, -0.8000000000000000444, 2.127777777777779988 ) ) ;
#105 = EDGE_LOOP ( 'NONE', ( #1060, #567, #90 ) ) ;
#106 = ADVANCED_FACE ( 'NONE', ( #252 ), #1312, .T. ) ;
#107 = APPLICATION_CONTEXT ( 'automotive_design' ) ;
#108 = CARTESIAN_POINT ( 'NONE',  ( 4.599999999999999645, -0.6999999999999992895, 3.427777777777779811 ) ) ;
#109 = ORIENTED_EDGE ( 'NONE', *, *, #852, .F. ) ;
#110 = LINE ( 'NONE', #15, #331 ) ;
#111 = CARTESIAN_POINT ( 'NONE',  ( 1.100000000000000089, 0.7500000000000000000, 0.04999999999999993339 ) ) ;
#112 = AXIS2_PLACEMENT_3D ( 'NONE', #118, #1186, #742 ) ;
#113 = CARTESIAN_POINT ( 'NONE',  ( 4.500000000000000888, -0.8000000000000000444, 2.227777777777780077 ) ) ;
#114 = AXIS2_PLACEMENT_3D ( 'NONE', #878, #664, #28 ) ;
#115 = FACE_OUTER_BOUND ( 'NONE', #1035, .T. ) ;
#116 = EDGE_CURVE ( 'NONE', #194, #1133, #1074, .T. ) ;
#117 = CARTESIAN_POINT ( 'NONE',  ( 4.599999999999999645, 0.6999999999999999556, 2.227777777777780077 ) ) ;
#118 = CARTESIAN_POINT ( 'NONE',  ( 4.500000000000000888, -0.6999999999999999556, 2.227777777777780077 ) ) ;
#119 = PLANE ( 'NONE',  #574 ) ;
#120 = CARTESIAN_POINT ( 'NONE',  ( 4.900000000000001243, -0.7000000000000001776, 2.127777777777779988 ) ) ;
#121 = DIRECTION ( 'NONE',  ( 0.0000000000000000000, 0.0000000000000000000, 1.000000000000000000 ) ) ;
#122 = ORIENTED_EDGE ( 'NONE', *, *, #1122, .F. ) ;
#123 = CARTESIAN_POINT ( 'NONE',  ( 4.900000000000000355, -0.7000000000000000666, 3.427777777777779367 ) ) ;
#124 = PLANE ( 'NONE',  #931 ) ;
#125 = FACE_OUTER_BOUND ( 'NONE', #803, .T. ) ;
#126 = EDGE_CURVE ( 'NONE', #1065, #1244, #1137, .T. ) ;
#127 = CARTESIAN_POINT ( 'NONE',  ( 4.958578643762690419, -0.7000000000000000666, 2.127777777777779988 ) ) ;
#128 = DIRECTION ( 'NONE',  ( 1.000000000000000000, 0.0000000000000000000, 0.0000000000000000000 ) ) ;
#129 = ORIENTED_EDGE ( 'NONE', *, *, #429, .T. ) ;
#130 = CARTESIAN_POINT ( 'NONE',  ( 4.500000000000000000, 0.7000000000000000666, 3.386356421540470674 ) ) ;
#131 = SURFACE_STYLE_USAGE ( .BOTH. , #1197 ) ;
#132 = VECTOR ( 'NONE', #703, 1000.000000000000000 ) ;
#133 = AXIS2_PLACEMENT_3D ( 'NONE', #872, #214, #513 ) ;
#134 = VECTOR ( 'NONE', #121, 1000.000000000000000 ) ;
#135 = CARTESIAN_POINT ( 'NONE',  ( 4.900000000000000355, -0.8000000000000012657, 2.169199134015089125 ) ) ;
#136 = COLOUR_RGB ( '',1.000000000000000000, 1.000000000000000000, 1.000000000000000000 ) ;
#137 =( NAMED_UNIT ( * ) SI_UNIT ( $, .STERADIAN. ) SOLID_ANGLE_UNIT ( ) );
#138 = EDGE_LOOP ( 'NONE', ( #1327, #960, #494, #1085 ) ) ;
#139 = CARTESIAN_POINT ( 'NONE',  ( 4.599999999999999645, 0.6999999999999999556, 2.227777777777780077 ) ) ;
#140 = CARTESIAN_POINT ( 'NONE',  ( 4.900000000000000355, 0.7000000000000000666, 2.127777777777779988 ) ) ;
#141 = CARTESIAN_POINT ( 'NONE',  ( 5.000000000000000000, -0.8000000000000000444, 3.427777777777779811 ) ) ;
#142 = DIRECTION ( 'NONE',  ( 0.0000000000000000000, 0.0000000000000000000, -1.000000000000000000 ) ) ;
#143 = EDGE_CURVE ( 'NONE', #1291, #1042, #274, .T. ) ;
#144 = APPLICATION_PROTOCOL_DEFINITION ( 'draft international standard', 'automotive_design', 1998, #711 ) ;
#145 = DIRECTION ( 'NONE',  ( 0.0000000000000000000, 0.0000000000000000000, -1.000000000000000000 ) ) ;
#146 = DIRECTION ( 'NONE',  ( 0.0000000000000000000, 0.0000000000000000000, 1.000000000000000000 ) ) ;
#147 = CARTESIAN_POINT ( 'NONE',  ( 4.900000000000000355, -0.6999999999999999556, 2.227777777777780077 ) ) ;
#148 = CARTESIAN_POINT ( 'NONE',  ( 4.599999999999999645, 0.0000000000000000000, 3.327777777777780166 ) ) ;
#149 = ADVANCED_FACE ( 'NONE', ( #165 ), #1347, .T. ) ;
#150 = VERTEX_POINT ( 'NONE', #1211 ) ;
#151 = CARTESIAN_POINT ( 'NONE',  ( 4.900000000000000355, -0.6999999999999999556, 2.227777777777780077 ) ) ;
#152 = FILL_AREA_STYLE_COLOUR ( '', #136 ) ;
#153 = FACE_OUTER_BOUND ( 'NONE', #796, .T. ) ;
#154 = CARTESIAN_POINT ( 'NONE',  ( 1.100000000000000089, -0.7500000000000000000, 1.250000000000000000 ) ) ;
#155 = VECTOR ( 'NONE', #648, 1000.000000000000000 ) ;
#156 = CIRCLE ( 'NONE', #35, 0.09999999999999982514 ) ;
#157 = CARTESIAN_POINT ( 'NONE',  ( -1.100000000000000089, 0.1250000000000000000, 1.235714285714279992 ) ) ;
#158 = CARTESIAN_POINT ( 'NONE',  ( -0.1000000000000000056, -0.1250000000000000000, 1.235714285714279992 ) ) ;
#159 = VECTOR ( 'NONE', #1161, 1000.000000000000000 ) ;
#160 =( GEOMETRIC_REPRESENTATION_CONTEXT ( 3 ) GLOBAL_UNCERTAINTY_ASSIGNED_CONTEXT ( ( #526 ) ) GLOBAL_UNIT_ASSIGNED_CONTEXT ( ( #270, #1140, #698 ) ) REPRESENTATION_CONTEXT ( 'NONE', 'WORKASPACE' ) );
#161 = FACE_OUTER_BOUND ( 'NONE', #469, .T. ) ;
#162 = DIRECTION ( 'NONE',  ( 0.0000000000000000000, -1.000000000000000000, -0.0000000000000000000 ) ) ;
#163 = ORIENTED_EDGE ( 'NONE', *, *, #36, .F. ) ;
#164 = CARTESIAN_POINT ( 'NONE',  ( 1.100000000000000089, -0.7500000000000000000, 1.250000000000000000 ) ) ;
#165 = FACE_OUTER_BOUND ( 'NONE', #924, .T. ) ;
#166 = ORIENTED_EDGE ( 'NONE', *, *, #1000, .T. ) ;
#167 = DIRECTION ( 'NONE',  ( -1.000000000000000000, 0.0000000000000000000, 0.0000000000000000000 ) ) ;
#168 = VERTEX_POINT ( 'NONE', #584 ) ;
#169 = ITEM_DEFINED_TRANSFORMATION ( 'NONE', 'NONE', #1276,  #334 ) ;
#170 = CARTESIAN_POINT ( 'NONE',  ( -1.100000000000000089, -0.7500000000000000000, 0.05000000000000000278 ) ) ;
#171 = ORIENTED_EDGE ( 'NONE', *, *, #101, .T. ) ;
#172 = DIRECTION ( 'NONE',  ( 0.0000000000000000000, 0.0000000000000000000, 1.000000000000000000 ) ) ;
#173 = DIRECTION ( 'NONE',  ( 0.0000000000000000000, 0.0000000000000000000, -1.000000000000000000 ) ) ;
#174 = VECTOR ( 'NONE', #895, 1000.000000000000000 ) ;
#175 = PRESENTATION_LAYER_ASSIGNMENT (  '', '', ( #378 ) ) ;
#176 = ORIENTED_EDGE ( 'NONE', *, *, #749, .T. ) ;
#177 = DIRECTION ( 'NONE',  ( 0.0000000000000000000, 1.000000000000000000, 0.0000000000000000000 ) ) ;
#178 = VECTOR ( 'NONE', #1051, 1000.000000000000000 ) ;
#179 = CARTESIAN_POINT ( 'NONE',  ( 4.500000000000000888, 0.6999999999999999556, 3.427777777777779811 ) ) ;
#180 = APPLICATION_CONTEXT ( 'automotive_design' ) ;
#181 = EDGE_LOOP ( 'NONE', ( #555, #61, #617, #279 ) ) ;
#182 = CYLINDRICAL_SURFACE ( 'NONE', #930, 0.1000000000000002554 ) ;
#183 = CARTESIAN_POINT ( 'NONE',  ( 4.599999999999999645, 0.7999999999999999334, 2.227777777777780077 ) ) ;
#184 = EDGE_CURVE ( 'NONE', #1268, #1291, #1118, .T. ) ;
#185 = DIRECTION ( 'NONE',  ( 0.0000000000000000000, 1.000000000000000000, 0.0000000000000000000 ) ) ;
#186 = FILL_AREA_STYLE_COLOUR ( '', #624 ) ;
#187 = CARTESIAN_POINT ( 'NONE',  ( 4.500000000000000000, -0.7000000000000000666, 3.327777777777780166 ) ) ;
#188 = ORIENTED_EDGE ( 'NONE', *, *, #397, .F. ) ;
#189 = CARTESIAN_POINT ( 'NONE',  ( -1.100000000000000089, -0.1250000000000000000, 1.235714285714279992 ) ) ;
#190 = ORIENTED_EDGE ( 'NONE', *, *, #47, .T. ) ;
#191 = EDGE_CURVE ( 'NONE', #708, #748, #372, .T. ) ;
#192 =( LENGTH_UNIT ( ) NAMED_UNIT ( * ) SI_UNIT ( .MILLI., .METRE. ) );
#193 = CARTESIAN_POINT ( 'NONE',  ( 4.599999999999999645, -0.7000000000000000666, 3.427777777777779811 ) ) ;
#194 = VERTEX_POINT ( 'NONE', #73 ) ;
#195 = DIRECTION ( 'NONE',  ( 0.0000000000000000000, 0.0000000000000000000, 1.000000000000000000 ) ) ;
#196 = EDGE_LOOP ( 'NONE', ( #715, #1232, #964, #264 ) ) ;
#197 = VECTOR ( 'NONE', #655, 1000.000000000000000 ) ;
#198 = CARTESIAN_POINT ( 'NONE',  ( 4.541421356237308693, -0.6999999999999995115, 2.127777777777779988 ) ) ;
#199 = VERTEX_POINT ( 'NONE', #1006 ) ;
#200 = LINE ( 'NONE', #104, #266 ) ;
#201 = ADVANCED_FACE ( 'NONE', ( #1011 ), #282, .F. ) ;
#202 = AXIS2_PLACEMENT_3D ( 'NONE', #285, #596, #1319 ) ;
#203 = VECTOR ( 'NONE', #1239, 1000.000000000000000 ) ;
#204 = ORIENTED_EDGE ( 'NONE', *, *, #1078, .F. ) ;
#205 =( LENGTH_UNIT ( ) NAMED_UNIT ( * ) SI_UNIT ( .MILLI., .METRE. ) );
#206 = CARTESIAN_POINT ( 'NONE',  ( 4.541421356237309581, -0.7999999999999999334, 2.169199134015089570 ) ) ;
#207 = ORIENTED_EDGE ( 'NONE', *, *, #227, .T. ) ;
#208 = DIRECTION ( 'NONE',  ( 0.0000000000000000000, 3.252606517456518824E-15, -1.000000000000000000 ) ) ;
#209 = ORIENTED_EDGE ( 'NONE', *, *, #474, .F. ) ;
#210 = PRODUCT_DEFINITION_SHAPE ( 'NONE', 'NONE',  #1238 ) ;
#211 = DIRECTION ( 'NONE',  ( 1.000000000000000000, 0.0000000000000000000, 0.0000000000000000000 ) ) ;
#212 = CARTESIAN_POINT ( 'NONE',  ( 4.599999999999999645, -0.6999999999999996225, 2.127777777777779988 ) ) ;
#213 = ORIENTED_EDGE ( 'NONE', *, *, #479, .T. ) ;
#214 = DIRECTION ( 'NONE',  ( 0.0000000000000000000, -1.000000000000000000, 0.0000000000000000000 ) ) ;
#215 = DIRECTION ( 'NONE',  ( 0.0000000000000000000, 0.0000000000000000000, 1.000000000000000000 ) ) ;
#216 = DIRECTION ( 'NONE',  ( 0.0000000000000000000, 0.0000000000000000000, -1.000000000000000000 ) ) ;
#217 = EDGE_CURVE ( 'NONE', #275, #1130, #694, .T. ) ;
#218 = CARTESIAN_POINT ( 'NONE',  ( 4.500000000000000888, 0.8000000000000000444, 3.427777777777779811 ) ) ;
#219 = CARTESIAN_POINT ( 'NONE',  ( 5.000000000000000000, 0.7000000000000000666, 3.386356421540470674 ) ) ;
#220 = EDGE_LOOP ( 'NONE', ( #1063, #955, #805, #918 ) ) ;
#221 = FACE_OUTER_BOUND ( 'NONE', #31, .T. ) ;
#222 = AXIS2_PLACEMENT_3D ( 'NONE', #380, #488, #900 ) ;
#223 = CARTESIAN_POINT ( 'NONE',  ( 4.499999999999999112, 0.7585786437612662692, 3.386356421540471562 ) ) ;
#224 = VECTOR ( 'NONE', #654, 1000.000000000000000 ) ;
#225 = AXIS2_PLACEMENT_3D ( 'NONE', #1183, #642, #211 ) ;
#226 = CARTESIAN_POINT ( 'NONE',  ( -1.100000000000000089, -0.7500000000000000000, 1.250000000000000000 ) ) ;
#227 = EDGE_CURVE ( 'NONE', #843, #580, #363, .T. ) ;
#228 = ORIENTED_EDGE ( 'NONE', *, *, #890, .T. ) ;
#229 = DIRECTION ( 'NONE',  ( 0.0000000000000000000, -0.0000000000000000000, 1.000000000000000000 ) ) ;
#230 = LINE ( 'NONE', #1188, #1151 ) ;
#231 = DIRECTION ( 'NONE',  ( -0.0000000000000000000, -0.0000000000000000000, -1.000000000000000000 ) ) ;
#232 = CARTESIAN_POINT ( 'NONE',  ( -0.5999999999999999778, -1.084202172485499997E-16, 1.235714285657599998 ) ) ;
#233 = ORIENTED_EDGE ( 'NONE', *, *, #998, .T. ) ;
#234 = EDGE_CURVE ( 'NONE', #1300, #102, #638, .T. ) ;
#235 = PRESENTATION_STYLE_ASSIGNMENT (( #131 ) ) ;
#236 = DIRECTION ( 'NONE',  ( 0.0000000000000000000, 1.000000000000000000, 0.0000000000000000000 ) ) ;
#237 = DIRECTION ( 'NONE',  ( 0.0000000000000000000, 0.0000000000000000000, 1.000000000000000000 ) ) ;
#238 = ORIENTED_EDGE ( 'NONE', *, *, #325, .T. ) ;
#239 = CARTESIAN_POINT ( 'NONE',  ( 4.900000000000000355, -0.7000000000000000666, 3.427777777777779811 ) ) ;
#240 = DIRECTION ( 'NONE',  ( 1.000000000000000000, 0.0000000000000000000, -0.0000000000000000000 ) ) ;
#241 = EDGE_CURVE ( 'NONE', #79, #949, #1235, .T. ) ;
#242 = SURFACE_STYLE_FILL_AREA ( #893 ) ;
#243 = AXIS2_PLACEMENT_3D ( 'NONE', #923, #676, #267 ) ;
#244 = EDGE_CURVE ( 'NONE', #413, #374, #801, .T. ) ;
#245 = AXIS2_PLACEMENT_3D ( 'NONE', #605, #1237, #911 ) ;
#246 = VECTOR ( 'NONE', #458, 1000.000000000000000 ) ;
#247 = CARTESIAN_POINT ( 'NONE',  ( 4.500000000000000000, 0.0000000000000000000, 3.327777777777780166 ) ) ;
#248 =( BOUNDED_SURFACE ( )  B_SPLINE_SURFACE ( 3, 3, ( 
 ( #412, #1064, #849, #212 ),
 ( #1267, #636, #89, #198 ),
 ( #300, #206, #520, #13 ),
 ( #9, #304, #1164, #625 ) ),
 .UNSPECIFIED., .F., .F., .T. ) 
 B_SPLINE_SURFACE_WITH_KNOTS ( ( 4, 4 ),
 ( 4, 4 ),
 ( 0.0000000000000000000, 1.000000000000000000 ),
 ( 0.0000000000000000000, 1.000000000000000000 ),
 .UNSPECIFIED. ) 
 GEOMETRIC_REPRESENTATION_ITEM ( )  RATIONAL_B_SPLINE_SURFACE ( (
 ( 1.000000000000000000, 0.8047378541243651595, 0.8047378541243651595, 1.000000000000000000),
 ( 0.8047378541243649375, 0.6476030138606878594, 0.6476030138606878594, 0.8047378541243649375),
 ( 0.8047378541243649375, 0.6476030138606878594, 0.6476030138606878594, 0.8047378541243649375),
 ( 1.000000000000000000, 0.8047378541243651595, 0.8047378541243651595, 1.000000000000000000) ) ) 
 REPRESENTATION_ITEM ( '' )  SURFACE ( )  );
#249 = CONTEXT_DEPENDENT_SHAPE_REPRESENTATION ( #836, #19 ) ;
#250 = EDGE_CURVE ( 'NONE', #1133, #810, #1034, .T. ) ;
#251 = CARTESIAN_POINT ( 'NONE',  ( 4.900000000000000355, 0.6999999999999996225, 3.427777777777779811 ) ) ;
#252 = FACE_OUTER_BOUND ( 'NONE', #461, .T. ) ;
#253 = ORIENTED_EDGE ( 'NONE', *, *, #42, .T. ) ;
#254 = DIRECTION ( 'NONE',  ( -0.0000000000000000000, -1.000000000000000000, 0.0000000000000000000 ) ) ;
#255 = DIRECTION ( 'NONE',  ( 0.0000000000000000000, 0.0000000000000000000, 1.000000000000000000 ) ) ;
#256 = PLANE ( 'NONE',  #417 ) ;
#257 = DIRECTION ( 'NONE',  ( 1.000000000000000000, 0.0000000000000000000, 0.0000000000000000000 ) ) ;
#258 = DIRECTION ( 'NONE',  ( 0.0000000000000000000, 0.0000000000000000000, 1.000000000000000000 ) ) ;
#259 = PRODUCT_RELATED_PRODUCT_CATEGORY ( 'part', '', ( #522 ) ) ;
#260 = ORIENTED_EDGE ( 'NONE', *, *, #96, .F. ) ;
#261 = PLANE ( 'NONE',  #641 ) ;
#262 =( BOUNDED_SURFACE ( )  B_SPLINE_SURFACE ( 3, 3, ( 
 ( #568, #123, #462, #679 ),
 ( #706, #394, #811, #716 ),
 ( #498, #686, #1036, #821 ),
 ( #483, #577, #925, #1023 ) ),
 .UNSPECIFIED., .F., .F., .T. ) 
 B_SPLINE_SURFACE_WITH_KNOTS ( ( 4, 4 ),
 ( 4, 4 ),
 ( 0.0000000000000000000, 1.000000000000000000 ),
 ( 0.0000000000000000000, 1.000000000000000000 ),
 .UNSPECIFIED. ) 
 GEOMETRIC_REPRESENTATION_ITEM ( )  RATIONAL_B_SPLINE_SURFACE ( (
 ( 1.000000000000000000, 0.8047378541243651595, 0.8047378541243651595, 1.000000000000000000),
 ( 0.8047378541243649375, 0.6476030138606878594, 0.6476030138606878594, 0.8047378541243649375),
 ( 0.8047378541243649375, 0.6476030138606878594, 0.6476030138606878594, 0.8047378541243649375),
 ( 1.000000000000000000, 0.8047378541243651595, 0.8047378541243651595, 1.000000000000000000) ) ) 
 REPRESENTATION_ITEM ( '' )  SURFACE ( )  );
#263 = LINE ( 'NONE', #607, #882 ) ;
#264 = ORIENTED_EDGE ( 'NONE', *, *, #217, .T. ) ;
#265 = CLOSED_SHELL ( 'NONE', ( #776, #491, #408, #201, #589, #280 ) ) ;
#266 = VECTOR ( 'NONE', #968, 1000.000000000000000 ) ;
#267 = DIRECTION ( 'NONE',  ( 0.0000000000000000000, 0.0000000000000000000, 1.000000000000000000 ) ) ;
#268 = PRESENTATION_LAYER_ASSIGNMENT (  '', '', ( #531 ) ) ;
#269 = ORIENTED_EDGE ( 'NONE', *, *, #418, .F. ) ;
#270 =( LENGTH_UNIT ( ) NAMED_UNIT ( * ) SI_UNIT ( .MILLI., .METRE. ) );
#271 = CYLINDRICAL_SURFACE ( 'NONE', #691, 0.09999999999999982514 ) ;
#272 = VERTEX_POINT ( 'NONE', #826 ) ;
#273 = DIRECTION ( 'NONE',  ( 1.000000000000000000, 0.0000000000000000000, 0.0000000000000000000 ) ) ;
#274 = LINE ( 'NONE', #60, #970 ) ;
#275 = VERTEX_POINT ( 'NONE', #1143 ) ;
#276 = CARTESIAN_POINT ( 'NONE',  ( 4.599999999999999645, -0.6999999999999999556, 3.327777777777780166 ) ) ;
#277 = DIRECTION ( 'NONE',  ( 1.000000000000000000, 0.0000000000000000000, -0.0000000000000000000 ) ) ;
#278 =( REPRESENTATION_RELATIONSHIP ('NONE','NONE', #67, #537 ) REPRESENTATION_RELATIONSHIP_WITH_TRANSFORMATION ( #1212 )SHAPE_REPRESENTATION_RELATIONSHIP( ) );
#279 = ORIENTED_EDGE ( 'NONE', *, *, #217, .F. ) ;
#280 = ADVANCED_FACE ( 'NONE', ( #1243 ), #1274, .T. ) ;
#281 = LINE ( 'NONE', #1258, #54 ) ;
#282 = PLANE ( 'NONE',  #508 ) ;
#283 = VERTEX_POINT ( 'NONE', #318 ) ;
#284 =( LENGTH_UNIT ( ) NAMED_UNIT ( * ) SI_UNIT ( .MILLI., .METRE. ) );
#285 = CARTESIAN_POINT ( 'NONE',  ( 4.900000000000000355, 0.6999999999999999556, 3.327777777777780166 ) ) ;
#286 = EDGE_CURVE ( 'NONE', #194, #456, #637, .T. ) ;
#287 = UNCERTAINTY_MEASURE_WITH_UNIT (LENGTH_MEASURE( 1.000000000000000082E-05 ), #861, 'distance_accuracy_value', 'NONE');
#288 = FACE_OUTER_BOUND ( 'NONE', #87, .T. ) ;
#289 = FACE_OUTER_BOUND ( 'NONE', #396, .T. ) ;
#290 = DIRECTION ( 'NONE',  ( 0.0000000000000000000, 1.000000000000000000, -0.0000000000000000000 ) ) ;
#291 = VECTOR ( 'NONE', #84, 1000.000000000000000 ) ;
#292 = PRODUCT_DEFINITION_SHAPE ( 'NONE', 'NONE',  #1362 ) ;
#293 =( NAMED_UNIT ( * ) PLANE_ANGLE_UNIT ( ) SI_UNIT ( $, .RADIAN. ) );
#294 = CARTESIAN_POINT ( 'NONE',  ( 4.541421356237310469, -0.7999999999999993783, 3.386356421540470674 ) ) ;
#295 = VERTEX_POINT ( 'NONE', #833 ) ;
#296 = CARTESIAN_POINT ( 'NONE',  ( -0.5000000000000000000, -0.1250000000000000000, 0.0000000000000000000 ) ) ;
#297 = EDGE_CURVE ( 'NONE', #580, #1080, #772, .T. ) ;
#298 = CARTESIAN_POINT ( 'NONE',  ( 4.499999999999999112, 0.7585786437626902412, 2.227777777777780077 ) ) ;
#299 = PRESENTATION_STYLE_ASSIGNMENT (( #1155 ) ) ;
#300 = CARTESIAN_POINT ( 'NONE',  ( 4.600000000000000533, -0.8000000000000000444, 2.169199134015089570 ) ) ;
#301 = DIRECTION ( 'NONE',  ( 0.0000000000000000000, 0.0000000000000000000, -1.000000000000000000 ) ) ;
#302 = ADVANCED_FACE ( 'NONE', ( #940 ), #350, .F. ) ;
#303 = ORIENTED_EDGE ( 'NONE', *, *, #1095, .F. ) ;
#304 = CARTESIAN_POINT ( 'NONE',  ( 4.541421356237308693, -0.7999999999999999334, 2.227777777777780077 ) ) ;
#305 = ORIENTED_EDGE ( 'NONE', *, *, #449, .T. ) ;
#306 = CYLINDRICAL_SURFACE ( 'NONE', #112, 0.09999999999999982514 ) ;
#307 = ORIENTED_EDGE ( 'NONE', *, *, #965, .T. ) ;
#308 = STYLED_ITEM ( 'NONE', ( #235 ), #333 ) ;
#309 = ORIENTED_EDGE ( 'NONE', *, *, #518, .F. ) ;
#310 = EDGE_CURVE ( 'NONE', #949, #1244, #558, .T. ) ;
#311 = DIRECTION ( 'NONE',  ( 1.000000000000000000, 0.0000000000000000000, -0.0000000000000000000 ) ) ;
#312 = ORIENTED_EDGE ( 'NONE', *, *, #684, .F. ) ;
#313 = FACE_OUTER_BOUND ( 'NONE', #1013, .T. ) ;
#314 = VERTEX_POINT ( 'NONE', #340 ) ;
#315 = DIRECTION ( 'NONE',  ( 0.0000000000000000000, -1.084202172485506406E-15, 1.000000000000000000 ) ) ;
#316 = PRODUCT_DEFINITION_SHAPE ( 'NONE', 'NONE',  #1112 ) ;
#317 = EDGE_CURVE ( 'NONE', #194, #314, #991, .T. ) ;
#318 = CARTESIAN_POINT ( 'NONE',  ( -0.1000000000000000333, 0.1250000000000000000, 1.250000000000000000 ) ) ;
#319 = CARTESIAN_POINT ( 'NONE',  ( 4.900000000000000355, -0.7000000000000007327, 2.127777777777779988 ) ) ;
#320 = PRESENTATION_STYLE_ASSIGNMENT (( #875 ) ) ;
#321 = VERTEX_POINT ( 'NONE', #154 ) ;
#322 = CARTESIAN_POINT ( 'NONE',  ( -1.100000000000000089, 0.7500000000000000000, 1.250000000000000000 ) ) ;
#323 = CARTESIAN_POINT ( 'NONE',  ( -1.100000000000000089, -0.1250000000000000000, 1.250000000000000000 ) ) ;
#324 = CARTESIAN_POINT ( 'NONE',  ( 5.000000000000002665, 0.6999999999999999556, 2.169199134015088681 ) ) ;
#325 = EDGE_CURVE ( 'NONE', #1300, #314, #59, .T. ) ;
#326 = CARTESIAN_POINT ( 'NONE',  ( 4.565685424949237792, 0.7585786437626903522, 2.127777777777779988 ) ) ;
#327 = CARTESIAN_POINT ( 'NONE',  ( 4.599999999999999645, 0.6999999999999999556, 3.427777777777779811 ) ) ;
#328 = ORIENTED_EDGE ( 'NONE', *, *, #361, .F. ) ;
#329 = AXIS2_PLACEMENT_3D ( 'NONE', #148, #1117, #258 ) ;
#330 = PLANE ( 'NONE',  #114 ) ;
#331 = VECTOR ( 'NONE', #982, 1000.000000000000000 ) ;
#332 = AXIS2_PLACEMENT_3D ( 'NONE', #612, #177, #476 ) ;
#333 = MANIFOLD_SOLID_BREP ( 'Imported1', #598 ) ;
#334 = AXIS2_PLACEMENT_3D ( 'NONE', #76, #1266, #717 ) ;
#335 = CARTESIAN_POINT ( 'NONE',  ( 4.958578643762690419, -0.7343145750507616976, 2.127777777777779544 ) ) ;
#336 = ADVANCED_FACE ( 'NONE', ( #125 ), #256, .T. ) ;
#337 = CARTESIAN_POINT ( 'NONE',  ( 6.099999999999999645, 3.469446951953620500E-15, -2.127777777834459982 ) ) ;
#338 = CARTESIAN_POINT ( 'NONE',  ( -0.1000000000000000194, -0.1250000000000000000, 1.235714285714279992 ) ) ;
#339 = CARTESIAN_POINT ( 'NONE',  ( 4.958578643762691307, 0.7343145750524312509, 2.127777777777779988 ) ) ;
#340 = CARTESIAN_POINT ( 'NONE',  ( 5.000000000000000888, 0.7000000000000000666, 2.227777777777780077 ) ) ;
#341 = FACE_OUTER_BOUND ( 'NONE', #1236, .T. ) ;
#342 = CARTESIAN_POINT ( 'NONE',  ( 4.599999999999999645, 0.7000000000000000666, 2.127777777777779988 ) ) ;
#343 = ADVANCED_FACE ( 'NONE', ( #346 ), #1019, .T. ) ;
#344 = CARTESIAN_POINT ( 'NONE',  ( 4.599999999996932765, 0.8000000000000003775, 3.327777777777780166 ) ) ;
#345 = CARTESIAN_POINT ( 'NONE',  ( 4.958578643762691307, 0.6999999999999999556, 2.127777777777779544 ) ) ;
#346 = FACE_OUTER_BOUND ( 'NONE', #837, .T. ) ;
#347 = CARTESIAN_POINT ( 'NONE',  ( 4.958578643762690419, -0.8000000000000018208, 2.169199134015089125 ) ) ;
#348 = CONTEXT_DEPENDENT_SHAPE_REPRESENTATION ( #757, #615 ) ;
#349 = CARTESIAN_POINT ( 'NONE',  ( 4.499999999999999112, 0.7585786437612661581, 3.327777777777780610 ) ) ;
#350 = PLANE ( 'NONE',  #856 ) ;
#351 = EDGE_CURVE ( 'NONE', #1130, #1133, #464, .T. ) ;
#352 = CIRCLE ( 'NONE', #1341, 0.09999999999999982514 ) ;
#353 = AXIS2_PLACEMENT_3D ( 'NONE', #170, #1214, #1132 ) ;
#354 = CARTESIAN_POINT ( 'NONE',  ( 5.000000000000000888, 0.7585786437626901302, 3.386356421540470674 ) ) ;
#355 = DIRECTION ( 'NONE',  ( 0.0000000000000000000, -0.0000000000000000000, 1.000000000000000000 ) ) ;
#356 = MECHANICAL_DESIGN_GEOMETRIC_PRESENTATION_REPRESENTATION (  '', ( #1171 ), #1206 ) ;
#357 = PRODUCT_DEFINITION_FORMATION_WITH_SPECIFIED_SOURCE ( 'ANY', '', #522, .NOT_KNOWN. ) ;
#358 = FACE_OUTER_BOUND ( 'NONE', #220, .T. ) ;
#359 =( NAMED_UNIT ( * ) PLANE_ANGLE_UNIT ( ) SI_UNIT ( $, .RADIAN. ) );
#360 = CARTESIAN_POINT ( 'NONE',  ( -0.5000000000000000000, 0.1250000000000000000, 0.01428571430615870053 ) ) ;
#361 = EDGE_CURVE ( 'NONE', #1259, #150, #887, .T. ) ;
#362 = CARTESIAN_POINT ( 'NONE',  ( 5.000000000000000000, 0.7585786437626902412, 3.327777777777780166 ) ) ;
#363 = LINE ( 'NONE', #460, #838 ) ;
#364 = APPLICATION_PROTOCOL_DEFINITION ( 'draft international standard', 'automotive_design', 1998, #556 ) ;
#365 = ORIENTED_EDGE ( 'NONE', *, *, #36, .T. ) ;
#366 = CARTESIAN_POINT ( 'NONE',  ( 4.900000000000000355, -0.7999999999999999334, 3.327777777777780166 ) ) ;
#367 = DIRECTION ( 'NONE',  ( -1.000000000000000000, -0.0000000000000000000, 0.0000000000000000000 ) ) ;
#368 = ORIENTED_EDGE ( 'NONE', *, *, #1167, .T. ) ;
#369 = MANIFOLD_SOLID_BREP ( 'Imported1', #265 ) ;
#370 = UNCERTAINTY_MEASURE_WITH_UNIT (LENGTH_MEASURE( 1.000000000000000082E-05 ), #284, 'distance_accuracy_value', 'NONE');
#371 = CYLINDRICAL_SURFACE ( 'NONE', #1075, 0.1000000000000002554 ) ;
#372 = LINE ( 'NONE', #565, #620 ) ;
#373 = EDGE_CURVE ( 'NONE', #168, #1343, #421, .T. ) ;
#374 = VERTEX_POINT ( 'NONE', #618 ) ;
#375 = DIRECTION ( 'NONE',  ( 1.000000000000000000, 0.0000000000000000000, 0.0000000000000000000 ) ) ;
#376 = CARTESIAN_POINT ( 'NONE',  ( -0.5000000000000000000, -0.1250000000000000000, 0.0000000000000000000 ) ) ;
#377 = ORIENTED_EDGE ( 'NONE', *, *, #627, .T. ) ;
#378 = STYLED_ITEM ( 'NONE', ( #1126 ), #369 ) ;
#379 = DIRECTION ( 'NONE',  ( 0.0000000000000000000, -1.000000000000000000, 0.0000000000000000000 ) ) ;
#380 = CARTESIAN_POINT ( 'NONE',  ( 4.900000000000000355, 0.6999999999999999556, 3.327777777777780166 ) ) ;
#381 = ADVANCED_FACE ( 'NONE', ( #631 ), #306, .T. ) ;
#382 = VERTEX_POINT ( 'NONE', #10 ) ;
#383 = CARTESIAN_POINT ( 'NONE',  ( 4.500000000000000000, 0.0000000000000000000, 2.227777777777780077 ) ) ;
#384 = CARTESIAN_POINT ( 'NONE',  ( -1.100000000000000089, 0.1250000000000000000, 1.235714285714279992 ) ) ;
#385 = ORIENTED_EDGE ( 'NONE', *, *, #101, .F. ) ;
#386 = DIRECTION ( 'NONE',  ( 0.0000000000000000000, 0.0000000000000000000, 1.000000000000000000 ) ) ;
#387 = EDGE_CURVE ( 'NONE', #3, #827, #23, .T. ) ;
#388 = CARTESIAN_POINT ( 'NONE',  ( 5.000000000000000888, 0.7000000000000000666, 3.327777777777780166 ) ) ;
#389 = ORIENTED_EDGE ( 'NONE', *, *, #1000, .F. ) ;
#390 =( BOUNDED_SURFACE ( )  B_SPLINE_SURFACE ( 3, 3, ( 
 ( #807, #651, #362, #1084 ),
 ( #1110, #800, #354, #219 ),
 ( #1216, #693, #795, #1225 ),
 ( #1079, #1210, #251, #675 ) ),
 .UNSPECIFIED., .F., .F., .T. ) 
 B_SPLINE_SURFACE_WITH_KNOTS ( ( 4, 4 ),
 ( 4, 4 ),
 ( 0.0000000000000000000, 1.000000000000000000 ),
 ( 0.0000000000000000000, 1.000000000000000000 ),
 .UNSPECIFIED. ) 
 GEOMETRIC_REPRESENTATION_ITEM ( )  RATIONAL_B_SPLINE_SURFACE ( (
 ( 1.000000000000000000, 0.8047378541243652705, 0.8047378541243652705, 1.000000000000000000),
 ( 0.8047378541243649375, 0.6476030138606879705, 0.6476030138606879705, 0.8047378541243649375),
 ( 0.8047378541243649375, 0.6476030138606879705, 0.6476030138606879705, 0.8047378541243649375),
 ( 1.000000000000000000, 0.8047378541243652705, 0.8047378541243652705, 1.000000000000000000) ) ) 
 REPRESENTATION_ITEM ( '' )  SURFACE ( )  );
#391 = EDGE_CURVE ( 'NONE', #295, #733, #509, .T. ) ;
#392 = LINE ( 'NONE', #189, #178 ) ;
#393 = ORIENTED_EDGE ( 'NONE', *, *, #1176, .T. ) ;
#394 = CARTESIAN_POINT ( 'NONE',  ( 4.934314575050763096, -0.7585786437626903522, 3.427777777777779811 ) ) ;
#395 = CARTESIAN_POINT ( 'NONE',  ( 4.500000000000000000, -0.7000000000000000666, 3.386356421540470674 ) ) ;
#396 = EDGE_LOOP ( 'NONE', ( #434, #1213, #1107 ) ) ;
#397 = EDGE_CURVE ( 'NONE', #1080, #272, #958, .T. ) ;
#398 = DIRECTION ( 'NONE',  ( 0.0000000000000000000, 0.0000000000000000000, 1.000000000000000000 ) ) ;
#399 = AXIS2_PLACEMENT_3D ( 'NONE', #1293, #867, #311 ) ;
#400 = VECTOR ( 'NONE', #760, 1000.000000000000000 ) ;
#401 = VERTEX_POINT ( 'NONE', #1273 ) ;
#402 = AXIS2_PLACEMENT_3D ( 'NONE', #376, #255, #804 ) ;
#403 = SURFACE_SIDE_STYLE ('',( #728 ) ) ;
#404 =( GEOMETRIC_REPRESENTATION_CONTEXT ( 3 ) GLOBAL_UNCERTAINTY_ASSIGNED_CONTEXT ( ( #916 ) ) GLOBAL_UNIT_ASSIGNED_CONTEXT ( ( #1108, #359, #1123 ) ) REPRESENTATION_CONTEXT ( 'NONE', 'WORKASPACE' ) );
#405 = CARTESIAN_POINT ( 'NONE',  ( 4.599999999999999645, -0.7999999999999994893, 3.327777777777780166 ) ) ;
#406 = EDGE_LOOP ( 'NONE', ( #1262, #871, #500, #730 ) ) ;
#407 = CIRCLE ( 'NONE', #39, 0.1000000000000002554 ) ;
#408 = ADVANCED_FACE ( 'NONE', ( #221 ), #977, .F. ) ;
#409 = CYLINDRICAL_SURFACE ( 'NONE', #952, 0.09999999999999982514 ) ;
#410 = ORIENTED_EDGE ( 'NONE', *, *, #286, .F. ) ;
#411 =( NAMED_UNIT ( * ) SI_UNIT ( $, .STERADIAN. ) SOLID_ANGLE_UNIT ( ) );
#412 = CARTESIAN_POINT ( 'NONE',  ( 4.599999999999999645, -0.6999999999999999556, 2.127777777777779988 ) ) ;
#413 = VERTEX_POINT ( 'NONE', #5 ) ;
#414 = CARTESIAN_POINT ( 'NONE',  ( -0.5000000000000000000, -0.1250000000000000000, 0.0000000000000000000 ) ) ;
#415 = ORIENTED_EDGE ( 'NONE', *, *, #1209, .T. ) ;
#416 = ORIENTED_EDGE ( 'NONE', *, *, #1067, .T. ) ;
#417 = AXIS2_PLACEMENT_3D ( 'NONE', #673, #50, #572 ) ;
#418 = EDGE_CURVE ( 'NONE', #374, #708, #530, .T. ) ;
#419 = SURFACE_SIDE_STYLE ('',( #1192 ) ) ;
#420 = DIRECTION ( 'NONE',  ( 0.0000000000000000000, 1.000000000000000000, 0.0000000000000000000 ) ) ;
#421 = CIRCLE ( 'NONE', #600, 0.09999999999999982514 ) ;
#422 = EDGE_LOOP ( 'NONE', ( #626, #1163, #1177, #1052 ) ) ;
#423 = VECTOR ( 'NONE', #65, 1000.000000000000000 ) ;
#424 = CYLINDRICAL_SURFACE ( 'NONE', #486, 0.09999999999999982514 ) ;
#425 =( NAMED_UNIT ( * ) SI_UNIT ( $, .STERADIAN. ) SOLID_ANGLE_UNIT ( ) );
#426 = DIRECTION ( 'NONE',  ( 0.0000000000000000000, -0.0000000000000000000, -1.000000000000000000 ) ) ;
#427 = ORIENTED_EDGE ( 'NONE', *, *, #432, .F. ) ;
#428 = CARTESIAN_POINT ( 'NONE',  ( 0.5000000000000000000, -0.1250000000000000000, 0.01428571430615870053 ) ) ;
#429 = EDGE_CURVE ( 'NONE', #733, #194, #200, .T. ) ;
#430 = FACE_OUTER_BOUND ( 'NONE', #994, .T. ) ;
#431 = PRODUCT ( 'Imported', 'Imported', '', ( #1129 ) ) ;
#432 = EDGE_CURVE ( 'NONE', #374, #827, #1071, .T. ) ;
#433 = CARTESIAN_POINT ( 'NONE',  ( 4.599999999999999645, 0.6999999999999996225, 2.127777777777779988 ) ) ;
#434 = ORIENTED_EDGE ( 'NONE', *, *, #985, .F. ) ;
#435 = DIRECTION ( 'NONE',  ( -1.000000000000000000, 0.0000000000000000000, -0.0000000000000000000 ) ) ;
#436 = DIRECTION ( 'NONE',  ( -1.000000000000000000, -0.0000000000000000000, 0.0000000000000000000 ) ) ;
#437 = UNCERTAINTY_MEASURE_WITH_UNIT (LENGTH_MEASURE( 1.000000000000000082E-05 ), #758, 'distance_accuracy_value', 'NONE');
#438 = EDGE_CURVE ( 'NONE', #1149, #440, #110, .T. ) ;
#439 = LINE ( 'NONE', #1195, #1056 ) ;
#440 = VERTEX_POINT ( 'NONE', #27 ) ;
#441 = CIRCLE ( 'NONE', #1337, 0.09999999999999982514 ) ;
#442 = FACE_OUTER_BOUND ( 'NONE', #947, .T. ) ;
#443 = VECTOR ( 'NONE', #1054, 1000.000000000000000 ) ;
#444 = CARTESIAN_POINT ( 'NONE',  ( 4.899999999993866595, 0.8000000000000012657, 2.227777777777780077 ) ) ;
#445 = CARTESIAN_POINT ( 'NONE',  ( 4.599999999999999645, -0.6999999999999999556, 3.327777777777780166 ) ) ;
#446 = AXIS2_PLACEMENT_3D ( 'NONE', #147, #564, #257 ) ;
#447 = EDGE_CURVE ( 'NONE', #1050, #413, #1280, .T. ) ;
#448 = FACE_OUTER_BOUND ( 'NONE', #482, .T. ) ;
#449 = EDGE_CURVE ( 'NONE', #1343, #1042, #951, .T. ) ;
#450 =( NAMED_UNIT ( * ) PLANE_ANGLE_UNIT ( ) SI_UNIT ( $, .RADIAN. ) );
#451 = CARTESIAN_POINT ( 'NONE',  ( 4.599999999999999645, 0.7000000000000001776, 3.427777777777779811 ) ) ;
#452 = FILL_AREA_STYLE_COLOUR ( '', #744 ) ;
#453 = CARTESIAN_POINT ( 'NONE',  ( 5.000000000000000000, 0.8000000000000000444, 3.327777777777780166 ) ) ;
#454 = PRODUCT_CONTEXT ( 'NONE', #632, 'mechanical' ) ;
#455 = EDGE_CURVE ( 'NONE', #382, #1259, #1180, .T. ) ;
#456 = VERTEX_POINT ( 'NONE', #342 ) ;
#457 = FACE_OUTER_BOUND ( 'NONE', #891, .T. ) ;
#458 = DIRECTION ( 'NONE',  ( 0.0000000000000000000, -1.000000000000000000, -0.0000000000000000000 ) ) ;
#459 = SURFACE_STYLE_USAGE ( .BOTH. , #666 ) ;
#460 = CARTESIAN_POINT ( 'NONE',  ( -1.100000000000000089, -0.7500000000000000000, 1.250000000000000000 ) ) ;
#461 = EDGE_LOOP ( 'NONE', ( #696, #515, #213, #883 ) ) ;
#462 = CARTESIAN_POINT ( 'NONE',  ( 4.900000000000003020, -0.6999999999999991784, 3.427777777777779367 ) ) ;
#463 = CARTESIAN_POINT ( 'NONE',  ( 4.599999999999999645, 0.6999999999999999556, 2.227777777777780077 ) ) ;
#464 = LINE ( 'NONE', #990, #224 ) ;
#465 = CIRCLE ( 'NONE', #721, 0.1000000000000002554 ) ;
#466 = CIRCLE ( 'NONE', #446, 0.1000000000000002554 ) ;
#467 = CIRCLE ( 'NONE', #1358, 0.1000000000000002554 ) ;
#468 = LINE ( 'NONE', #1184, #134 ) ;
#469 = EDGE_LOOP ( 'NONE', ( #1330, #1025, #685, #745 ) ) ;
#470 = DIRECTION ( 'NONE',  ( 0.0000000000000000000, -1.000000000000000000, 0.0000000000000000000 ) ) ;
#471 = CARTESIAN_POINT ( 'NONE',  ( 4.599999999999999645, -0.7999999999999999334, 2.227777777777780077 ) ) ;
#472 = DIRECTION ( 'NONE',  ( 0.0000000000000000000, -0.0000000000000000000, -1.000000000000000000 ) ) ;
#473 = ORIENTED_EDGE ( 'NONE', *, *, #701, .F. ) ;
#474 = EDGE_CURVE ( 'NONE', #314, #1133, #791, .T. ) ;
#475 = ORIENTED_EDGE ( 'NONE', *, *, #455, .F. ) ;
#476 = DIRECTION ( 'NONE',  ( 0.0000000000000000000, -0.0000000000000000000, 1.000000000000000000 ) ) ;
#477 = DIRECTION ( 'NONE',  ( -0.0000000000000000000, -1.000000000000000000, -0.0000000000000000000 ) ) ;
#478 = CARTESIAN_POINT ( 'NONE',  ( 1.100000000000000089, 0.7500000000000000000, 1.250000000000000000 ) ) ;
#479 = EDGE_CURVE ( 'NONE', #824, #503, #156, .T. ) ;
#480 = FACE_OUTER_BOUND ( 'NONE', #1138, .T. ) ;
#481 = DIRECTION ( 'NONE',  ( 0.0000000000000000000, -0.0000000000000000000, -1.000000000000000000 ) ) ;
#482 = EDGE_LOOP ( 'NONE', ( #1046, #987, #914 ) ) ;
#483 = CARTESIAN_POINT ( 'NONE',  ( 4.900000000000000355, -0.7999999999999999334, 3.327777777777780166 ) ) ;
#484 = DIRECTION ( 'NONE',  ( 0.0000000000000000000, 0.0000000000000000000, 1.000000000000000000 ) ) ;
#485 = FACE_OUTER_BOUND ( 'NONE', #422, .T. ) ;
#486 = AXIS2_PLACEMENT_3D ( 'NONE', #1089, #782, #1306 ) ;
#487 = FACE_OUTER_BOUND ( 'NONE', #1172, .T. ) ;
#488 = DIRECTION ( 'NONE',  ( 0.0000000000000000000, -1.000000000000000000, 0.0000000000000000000 ) ) ;
#489 = CIRCLE ( 'NONE', #1058, 0.1000000000000002554 ) ;
#490 = VERTEX_POINT ( 'NONE', #239 ) ;
#491 = ADVANCED_FACE ( 'NONE', ( #358 ), #652, .F. ) ;
#492 = CARTESIAN_POINT ( 'NONE',  ( 1.100000000000000089, 0.7500000000000000000, 1.250000000000000000 ) ) ;
#493 = LINE ( 'NONE', #938, #904 ) ;
#494 = ORIENTED_EDGE ( 'NONE', *, *, #297, .T. ) ;
#495 = CARTESIAN_POINT ( 'NONE',  ( 5.000000000000000000, -0.8000000000000000444, 3.327777777777780166 ) ) ;
#496 = DIRECTION ( 'NONE',  ( 0.0000000000000000000, 0.0000000000000000000, -1.000000000000000000 ) ) ;
#497 = ORIENTED_EDGE ( 'NONE', *, *, #227, .F. ) ;
#498 = CARTESIAN_POINT ( 'NONE',  ( 4.900000000000001243, -0.8000000000000000444, 3.386356421540470674 ) ) ;
#499 = LINE ( 'NONE', #383, #95 ) ;
#500 = ORIENTED_EDGE ( 'NONE', *, *, #1282, .T. ) ;
#501 = PRODUCT ( 'Body', 'Body', '', ( #1007 ) ) ;
#502 = FACE_OUTER_BOUND ( 'NONE', #896, .T. ) ;
#503 = VERTEX_POINT ( 'NONE', #662 ) ;
#504 = PRESENTATION_STYLE_ASSIGNMENT (( #623 ) ) ;
#505 = CARTESIAN_POINT ( 'NONE',  ( -1.100000000000000089, 0.7500000000000000000, 1.235714285714279992 ) ) ;
#506 = EDGE_LOOP ( 'NONE', ( #1253, #75, #209 ) ) ;
#507 = CARTESIAN_POINT ( 'NONE',  ( 4.599999999999999645, 0.7999999999999999334, 2.227777777777780077 ) ) ;
#508 = AXIS2_PLACEMENT_3D ( 'NONE', #908, #1226, #713 ) ;
#509 = CIRCLE ( 'NONE', #1203, 0.09999999999999982514 ) ;
#510 = ORIENTED_EDGE ( 'NONE', *, *, #1078, .T. ) ;
#511 = VECTOR ( 'NONE', #1308, 1000.000000000000000 ) ;
#512 = ORIENTED_EDGE ( 'NONE', *, *, #234, .T. ) ;
#513 = DIRECTION ( 'NONE',  ( 0.0000000000000000000, -0.0000000000000000000, -1.000000000000000000 ) ) ;
#514 = EDGE_CURVE ( 'NONE', #1018, #733, #815, .T. ) ;
#515 = ORIENTED_EDGE ( 'NONE', *, *, #1181, .F. ) ;
#516 = ORIENTED_EDGE ( 'NONE', *, *, #191, .T. ) ;
#517 = CARTESIAN_POINT ( 'NONE',  ( 0.5000000000000000000, 0.1250000000000000000, 0.01428571430615870053 ) ) ;
#518 = EDGE_CURVE ( 'NONE', #150, #79, #1101, .T. ) ;
#519 = ORIENTED_EDGE ( 'NONE', *, *, #734, .F. ) ;
#520 = CARTESIAN_POINT ( 'NONE',  ( 4.500000000000000000, -0.7585786437626902412, 2.169199134015089570 ) ) ;
#521 = ORIENTED_EDGE ( 'NONE', *, *, #763, .T. ) ;
#522 = PRODUCT ( 'User Library-Antenne 3216', 'User Library-Antenne 3216', '', ( #560 ) ) ;
#523 = CIRCLE ( 'NONE', #720, 0.09999999999999982514 ) ;
#524 = ORIENTED_EDGE ( 'NONE', *, *, #1105, .F. ) ;
#525 = AXIS2_PLACEMENT_3D ( 'NONE', #897, #1086, #884 ) ;
#526 = UNCERTAINTY_MEASURE_WITH_UNIT (LENGTH_MEASURE( 1.000000000000000082E-05 ), #270, 'distance_accuracy_value', 'NONE');
#527 =( NAMED_UNIT ( * ) SI_UNIT ( $, .STERADIAN. ) SOLID_ANGLE_UNIT ( ) );
#528 = ADVANCED_FACE ( 'NONE', ( #671 ), #262, .T. ) ;
#529 = ORIENTED_EDGE ( 'NONE', *, *, #822, .F. ) ;
#530 = LINE ( 'NONE', #1285, #17 ) ;
#531 = STYLED_ITEM ( 'NONE', ( #299 ), #765 ) ;
#532 = LINE ( 'NONE', #771, #511 ) ;
#533 = DIRECTION ( 'NONE',  ( -1.000000000000000000, -0.0000000000000000000, 0.0000000000000000000 ) ) ;
#534 =( GEOMETRIC_REPRESENTATION_CONTEXT ( 3 ) GLOBAL_UNCERTAINTY_ASSIGNED_CONTEXT ( ( #1283 ) ) GLOBAL_UNIT_ASSIGNED_CONTEXT ( ( #192, #293, #527 ) ) REPRESENTATION_CONTEXT ( 'NONE', 'WORKASPACE' ) );
#535 = AXIS2_PLACEMENT_3D ( 'NONE', #881, #1098, #1299 ) ;
#536 = CARTESIAN_POINT ( 'NONE',  ( 4.500000000000000000, 0.6999999999999995115, 2.169199134015089570 ) ) ;
#537 = SHAPE_REPRESENTATION ( 'Imported', ( #334 ), #1233 ) ;
#538 = DIRECTION ( 'NONE',  ( -1.000000000000000000, -1.209802949635449939E-15, 0.0000000000000000000 ) ) ;
#539 = DIRECTION ( 'NONE',  ( 1.000000000000000000, 0.0000000000000000000, 0.0000000000000000000 ) ) ;
#540 = CARTESIAN_POINT ( 'NONE',  ( 4.900000000000000355, -0.6999999999999999556, 2.227777777777780077 ) ) ;
#541 = ADVANCED_FACE ( 'NONE', ( #1339 ), #1229, .F. ) ;
#542 = CARTESIAN_POINT ( 'NONE',  ( 4.500000000000000000, 0.7000000000000000666, 3.327777777777780166 ) ) ;
#543 = PRODUCT_DEFINITION_SHAPE ( 'NONE', 'NONE',  #650 ) ;
#544 = LINE ( 'NONE', #453, #174 ) ;
#545 = VERTEX_POINT ( 'NONE', #1139 ) ;
#546 = DIRECTION ( 'NONE',  ( -0.0000000000000000000, 1.000000000000000000, -0.0000000000000000000 ) ) ;
#547 = DIRECTION ( 'NONE',  ( -0.0000000000000000000, 0.0000000000000000000, -1.000000000000000000 ) ) ;
#548 = DIRECTION ( 'NONE',  ( 0.0000000000000000000, 0.0000000000000000000, -1.000000000000000000 ) ) ;
#549 = CARTESIAN_POINT ( 'NONE',  ( 4.599999999999999645, 0.6999999999999997335, 2.127777777777779988 ) ) ;
#550 = AXIS2_PLACEMENT_3D ( 'NONE', #799, #1215, #1010 ) ;
#551 = CARTESIAN_POINT ( 'NONE',  ( 4.541421356237308693, 0.7343145750499278090, 3.427777777777779811 ) ) ;
#552 = EDGE_CURVE ( 'NONE', #102, #490, #1044, .T. ) ;
#553 = CARTESIAN_POINT ( 'NONE',  ( 4.958578643762691307, -0.8000000000000017097, 2.227777777777779633 ) ) ;
#554 = DIRECTION ( 'NONE',  ( 1.000000000000000000, 0.0000000000000000000, 0.0000000000000000000 ) ) ;
#555 = ORIENTED_EDGE ( 'NONE', *, *, #48, .F. ) ;
#556 = APPLICATION_CONTEXT ( 'automotive_design' ) ;
#557 = LINE ( 'NONE', #45, #246 ) ;
#558 = LINE ( 'NONE', #792, #1295 ) ;
#559 = LINE ( 'NONE', #226, #155 ) ;
#560 = PRODUCT_CONTEXT ( 'NONE', #180, 'mechanical' ) ;
#561 = EDGE_LOOP ( 'NONE', ( #645, #510, #820, #910 ) ) ;
#562 = DIRECTION ( 'NONE',  ( 0.0000000000000000000, 0.0000000000000000000, 1.000000000000000000 ) ) ;
#563 = CARTESIAN_POINT ( 'NONE',  ( 5.000000000000000000, 0.6999999999999999556, 3.427777777777779811 ) ) ;
#564 = DIRECTION ( 'NONE',  ( 0.0000000000000000000, 0.0000000000000000000, 1.000000000000000000 ) ) ;
#565 = CARTESIAN_POINT ( 'NONE',  ( -0.5000000000000000000, 0.1250000000000000000, 0.01428571430615870053 ) ) ;
#566 = SHAPE_DEFINITION_REPRESENTATION ( #316, #67 ) ;
#567 = ORIENTED_EDGE ( 'NONE', *, *, #740, .T. ) ;
#568 = CARTESIAN_POINT ( 'NONE',  ( 4.900000000000000355, -0.6999999999999999556, 3.427777777777779811 ) ) ;
#569 = SURFACE_STYLE_USAGE ( .BOTH. , #595 ) ;
#570 = VECTOR ( 'NONE', #1309, 1000.000000000000000 ) ;
#571 = ORIENTED_EDGE ( 'NONE', *, *, #297, .F. ) ;
#572 = DIRECTION ( 'NONE',  ( 0.0000000000000000000, -0.0000000000000000000, 1.000000000000000000 ) ) ;
#573 = VECTOR ( 'NONE', #1017, 1000.000000000000000 ) ;
#574 = AXIS2_PLACEMENT_3D ( 'NONE', #983, #898, #435 ) ;
#575 = CARTESIAN_POINT ( 'NONE',  ( 4.900000000000000355, -0.6999999999999999556, 3.327777777777780166 ) ) ;
#576 = ORIENTED_EDGE ( 'NONE', *, *, #1349, .F. ) ;
#577 = CARTESIAN_POINT ( 'NONE',  ( 4.958578643762693083, -0.7999999999999999334, 3.327777777777780166 ) ) ;
#578 = CARTESIAN_POINT ( 'NONE',  ( 5.000000000000000888, -0.7000000000000000666, 3.327777777777780166 ) ) ;
#579 = CARTESIAN_POINT ( 'NONE',  ( 0.5000000000000000000, 0.1250000000000000000, 0.01428571430615870053 ) ) ;
#580 = VERTEX_POINT ( 'NONE', #697 ) ;
#581 = EDGE_CURVE ( 'NONE', #1042, #168, #465, .T. ) ;
#582 =( BOUNDED_SURFACE ( )  B_SPLINE_SURFACE ( 3, 3, ( 
 ( #542, #349, #761, #344 ),
 ( #130, #223, #1092, #786 ),
 ( #44, #551, #995, #978 ),
 ( #40, #451, #1102, #647 ) ),
 .UNSPECIFIED., .F., .F., .T. ) 
 B_SPLINE_SURFACE_WITH_KNOTS ( ( 4, 4 ),
 ( 4, 4 ),
 ( 0.0000000000000000000, 1.000000000000000000 ),
 ( 0.0000000000000000000, 1.000000000000000000 ),
 .UNSPECIFIED. ) 
 GEOMETRIC_REPRESENTATION_ITEM ( )  RATIONAL_B_SPLINE_SURFACE ( (
 ( 1.000000000000000000, 0.8047378541315941547, 0.8047378541315941547, 1.000000000000000000),
 ( 0.8047378541243649375, 0.6476030138665053171, 0.6476030138665053171, 0.8047378541243649375),
 ( 0.8047378541243649375, 0.6476030138665053171, 0.6476030138665053171, 0.8047378541243649375),
 ( 1.000000000000000000, 0.8047378541315941547, 0.8047378541315941547, 1.000000000000000000) ) ) 
 REPRESENTATION_ITEM ( '' )  SURFACE ( )  );
#583 = CARTESIAN_POINT ( 'NONE',  ( -1.100000000000000089, -0.7500000000000000000, 0.04999999999999993339 ) ) ;
#584 = CARTESIAN_POINT ( 'NONE',  ( 4.500000000000000000, -0.7000000000000000666, 3.327777777777780166 ) ) ;
#585 = APPLICATION_PROTOCOL_DEFINITION ( 'draft international standard', 'automotive_design', 1998, #649 ) ;
#586 = ORIENTED_EDGE ( 'NONE', *, *, #317, .T. ) ;
#587 = LINE ( 'NONE', #1031, #816 ) ;
#588 = EDGE_CURVE ( 'NONE', #827, #748, #1120, .T. ) ;
#589 = ADVANCED_FACE ( 'NONE', ( #594 ), #261, .F. ) ;
#590 = CARTESIAN_POINT ( 'NONE',  ( 4.900000000000000355, -0.6999999999999999556, 3.327777777777780166 ) ) ;
#591 = DIRECTION ( 'NONE',  ( -0.0000000000000000000, 1.000000000000000000, 0.0000000000000000000 ) ) ;
#592 = SHAPE_DEFINITION_REPRESENTATION ( #543, #1260 ) ;
#593 = ORIENTED_EDGE ( 'NONE', *, *, #866, .T. ) ;
#594 = FACE_OUTER_BOUND ( 'NONE', #656, .T. ) ;
#595 = SURFACE_SIDE_STYLE ('',( #920 ) ) ;
#596 = DIRECTION ( 'NONE',  ( 1.000000000000000000, 0.0000000000000000000, 0.0000000000000000000 ) ) ;
#597 = ORIENTED_EDGE ( 'NONE', *, *, #250, .T. ) ;
#598 = CLOSED_SHELL ( 'NONE', ( #751, #541, #794, #1287, #619, #1270, #975, #336, #1015, #1227 ) ) ;
#599 = CIRCLE ( 'NONE', #1146, 0.09999999999999982514 ) ;
#600 = AXIS2_PLACEMENT_3D ( 'NONE', #445, #963, #195 ) ;
#601 = DIRECTION ( 'NONE',  ( -0.0000000000000000000, 0.0000000000000000000, 1.000000000000000000 ) ) ;
#602 = VECTOR ( 'NONE', #1158, 1000.000000000000000 ) ;
#603 = AXIS2_PLACEMENT_3D ( 'NONE', #63, #797, #1131 ) ;
#604 = ORIENTED_EDGE ( 'NONE', *, *, #387, .T. ) ;
#605 = CARTESIAN_POINT ( 'NONE',  ( -1.100000000000000089, 0.7500000000000000000, 1.250000000000000000 ) ) ;
#606 = AXIS2_PLACEMENT_3D ( 'NONE', #1004, #915, #548 ) ;
#607 = CARTESIAN_POINT ( 'NONE',  ( -0.1000000000000000472, -0.7500000000000000000, 1.250000000000000000 ) ) ;
#608 = ORIENTED_EDGE ( 'NONE', *, *, #126, .F. ) ;
#609 = PLANE ( 'NONE',  #974 ) ;
#610 = ADVANCED_FACE ( 'NONE', ( #1154 ), #1331, .T. ) ;
#611 = ORIENTED_EDGE ( 'NONE', *, *, #391, .F. ) ;
#612 = CARTESIAN_POINT ( 'NONE',  ( -1.100000000000000089, -0.7500000000000000000, 1.250000000000000000 ) ) ;
#613 = FILL_AREA_STYLE ('',( #186 ) ) ;
#614 = CARTESIAN_POINT ( 'NONE',  ( 4.499999999999999112, -0.7585786437626906853, 3.327777777777780166 ) ) ;
#615 = PRODUCT_DEFINITION_SHAPE ( 'NONE', 'NONE',  #1359 ) ;
#616 = CARTESIAN_POINT ( 'NONE',  ( 0.5000000000000000000, -0.1250000000000000000, 0.01428571430615870053 ) ) ;
#617 = ORIENTED_EDGE ( 'NONE', *, *, #351, .F. ) ;
#618 = CARTESIAN_POINT ( 'NONE',  ( 0.5000000000000000000, 0.1250000000000000000, 0.0000000000000000000 ) ) ;
#619 = ADVANCED_FACE ( 'NONE', ( #828 ), #1145, .F. ) ;
#620 = VECTOR ( 'NONE', #819, 1000.000000000000000 ) ;
#621 = AXIS2_PLACEMENT_3D ( 'NONE', #778, #229, #784 ) ;
#622 = VERTEX_POINT ( 'NONE', #366 ) ;
#623 = SURFACE_STYLE_USAGE ( .BOTH. , #88 ) ;
#624 = COLOUR_RGB ( '',0.7921568627450980005, 0.8196078431372548767, 0.9333333333333333481 ) ;
#625 = CARTESIAN_POINT ( 'NONE',  ( 4.500000000000000000, -0.6999999999999996225, 2.227777777777780077 ) ) ;
#626 = ORIENTED_EDGE ( 'NONE', *, *, #455, .T. ) ;
#627 = EDGE_CURVE ( 'NONE', #321, #440, #83, .T. ) ;
#628 = ORIENTED_EDGE ( 'NONE', *, *, #552, .F. ) ;
#629 = DIRECTION ( 'NONE',  ( 0.0000000000000000000, -1.000000000000000000, -0.0000000000000000000 ) ) ;
#630 = ORIENTED_EDGE ( 'NONE', *, *, #1122, .T. ) ;
#631 = FACE_OUTER_BOUND ( 'NONE', #864, .T. ) ;
#632 = APPLICATION_CONTEXT ( 'automotive_design' ) ;
#633 = EDGE_CURVE ( 'NONE', #1291, #545, #644, .T. ) ;
#634 = ORIENTED_EDGE ( 'NONE', *, *, #667, .F. ) ;
#635 = APPLICATION_PROTOCOL_DEFINITION ( 'draft international standard', 'automotive_design', 1998, #180 ) ;
#636 = CARTESIAN_POINT ( 'NONE',  ( 4.565685424949237792, -0.7585786437626903522, 2.127777777777779988 ) ) ;
#637 = LINE ( 'NONE', #984, #1189 ) ;
#638 = CIRCLE ( 'NONE', #222, 0.09999999999999982514 ) ;
#639 = CARTESIAN_POINT ( 'NONE',  ( 4.500000000000000000, -0.6999999999999999556, 3.427777777777779811 ) ) ;
#640 = EDGE_CURVE ( 'NONE', #295, #1291, #1073, .T. ) ;
#641 = AXIS2_PLACEMENT_3D ( 'NONE', #1325, #185, #57 ) ;
#642 = DIRECTION ( 'NONE',  ( 0.0000000000000000000, 0.0000000000000000000, 1.000000000000000000 ) ) ;
#643 = CARTESIAN_POINT ( 'NONE',  ( -0.1000000000000000333, 0.1250000000000000000, 1.235714285714279992 ) ) ;
#644 = CIRCLE ( 'NONE', #1170, 0.09999999999999982514 ) ;
#645 = ORIENTED_EDGE ( 'NONE', *, *, #241, .T. ) ;
#646 = STYLED_ITEM ( 'NONE', ( #680 ), #1288 ) ;
#647 = CARTESIAN_POINT ( 'NONE',  ( 4.599999999999999645, 0.7000000000000000666, 3.427777777777779811 ) ) ;
#648 = DIRECTION ( 'NONE',  ( 1.000000000000000000, 0.0000000000000000000, -0.0000000000000000000 ) ) ;
#649 = APPLICATION_CONTEXT ( 'automotive_design' ) ;
#650 = PRODUCT_DEFINITION ( 'UNKNOWN', '', #1321, #773 ) ;
#651 = CARTESIAN_POINT ( 'NONE',  ( 4.958578643762691307, 0.7999999999999999334, 3.327777777777780166 ) ) ;
#652 = PLANE ( 'NONE',  #525 ) ;
#653 = DIRECTION ( 'NONE',  ( -0.0000000000000000000, -0.0000000000000000000, 1.000000000000000000 ) ) ;
#654 = DIRECTION ( 'NONE',  ( 1.000000000000000000, 0.0000000000000000000, 0.0000000000000000000 ) ) ;
#655 = DIRECTION ( 'NONE',  ( -0.0000000000000000000, -0.0000000000000000000, -1.000000000000000000 ) ) ;
#656 = EDGE_LOOP ( 'NONE', ( #1248, #1157, #233, #56 ) ) ;
#657 = DIRECTION ( 'NONE',  ( 0.0000000000000000000, 0.0000000000000000000, 1.000000000000000000 ) ) ;
#658 = DIRECTION ( 'NONE',  ( 0.0000000000000000000, -1.000000000000000000, -0.0000000000000000000 ) ) ;
#659 = CARTESIAN_POINT ( 'NONE',  ( 4.899999999996408562, 0.7585786437626909073, 2.127777777777779544 ) ) ;
#660 = CARTESIAN_POINT ( 'NONE',  ( 4.500000000000000000, 0.6999999999999996225, 2.227777777777780077 ) ) ;
#661 = ORIENTED_EDGE ( 'NONE', *, *, #116, .F. ) ;
#662 = CARTESIAN_POINT ( 'NONE',  ( 4.500000000000000000, 0.7000000000000000666, 3.327777777777780166 ) ) ;
#663 =( GEOMETRIC_REPRESENTATION_CONTEXT ( 3 ) GLOBAL_UNCERTAINTY_ASSIGNED_CONTEXT ( ( #753 ) ) GLOBAL_UNIT_ASSIGNED_CONTEXT ( ( #1104, #1109, #1201 ) ) REPRESENTATION_CONTEXT ( 'NONE', 'WORKASPACE' ) );
#664 = DIRECTION ( 'NONE',  ( 0.0000000000000000000, 0.0000000000000000000, 1.000000000000000000 ) ) ;
#665 = CARTESIAN_POINT ( 'NONE',  ( 4.900000000000000355, 0.7000000000000000666, 2.127777777777779988 ) ) ;
#666 = SURFACE_SIDE_STYLE ('',( #242 ) ) ;
#667 = EDGE_CURVE ( 'NONE', #490, #622, #352, .T. ) ;
#668 = PRESENTATION_LAYER_ASSIGNMENT (  '', '', ( #1171 ) ) ;
#669 = CARTESIAN_POINT ( 'NONE',  ( 4.541421356237308693, 0.6999999999999995115, 2.127777777777779988 ) ) ;
#670 = ORIENTED_EDGE ( 'NONE', *, *, #667, .T. ) ;
#671 = FACE_OUTER_BOUND ( 'NONE', #1279, .T. ) ;
#672 = FACE_OUTER_BOUND ( 'NONE', #181, .T. ) ;
#673 = CARTESIAN_POINT ( 'NONE',  ( -0.1000000000000000056, -0.1250000000000000000, 1.235714285714279992 ) ) ;
#674 = PRODUCT_DEFINITION_CONTEXT ( 'detailed design', #107, 'design' ) ;
#675 = CARTESIAN_POINT ( 'NONE',  ( 4.899999999999999467, 0.7000000000000000666, 3.427777777777779811 ) ) ;
#676 = DIRECTION ( 'NONE',  ( 1.000000000000000000, 6.132948559403342680E-11, -0.0000000000000000000 ) ) ;
#677 = ADVANCED_FACE ( 'NONE', ( #989 ), #894, .T. ) ;
#678 = ORIENTED_EDGE ( 'NONE', *, *, #184, .T. ) ;
#679 = CARTESIAN_POINT ( 'NONE',  ( 4.900000000000000355, -0.6999999999999992895, 3.427777777777779811 ) ) ;
#680 = PRESENTATION_STYLE_ASSIGNMENT (( #569 ) ) ;
#681 = CARTESIAN_POINT ( 'NONE',  ( -0.5000000000000000000, 0.1250000000000000000, 0.0000000000000000000 ) ) ;
#682 = FACE_OUTER_BOUND ( 'NONE', #561, .T. ) ;
#683 = DIRECTION ( 'NONE',  ( -0.0000000000000000000, 1.000000000000000000, -0.0000000000000000000 ) ) ;
#684 = EDGE_CURVE ( 'NONE', #708, #1050, #557, .T. ) ;
#685 = ORIENTED_EDGE ( 'NONE', *, *, #1043, .F. ) ;
#686 = CARTESIAN_POINT ( 'NONE',  ( 4.958578643762692195, -0.7999999999999999334, 3.386356421540470674 ) ) ;
#687 = FILL_AREA_STYLE ('',( #152 ) ) ;
#688 = CARTESIAN_POINT ( 'NONE',  ( 5.000000000000000000, -0.6999999999999999556, 3.427777777777779811 ) ) ;
#689 = PRESENTATION_LAYER_ASSIGNMENT (  '', '', ( #308 ) ) ;
#690 =( GEOMETRIC_REPRESENTATION_CONTEXT ( 3 ) GLOBAL_UNCERTAINTY_ASSIGNED_CONTEXT ( ( #817 ) ) GLOBAL_UNIT_ASSIGNED_CONTEXT ( ( #1134, #736, #1175 ) ) REPRESENTATION_CONTEXT ( 'NONE', 'WORKASPACE' ) );
#691 = AXIS2_PLACEMENT_3D ( 'NONE', #699, #167, #1240 ) ;
#692 = AXIS2_PLACEMENT_3D ( 'NONE', #937, #1318, #562 ) ;
#693 = CARTESIAN_POINT ( 'NONE',  ( 4.934314575050762208, 0.7585786437626904632, 3.427777777777779811 ) ) ;
#694 = LINE ( 'NONE', #1128, #1250 ) ;
#695 = CARTESIAN_POINT ( 'NONE',  ( 4.541421356237309581, -0.7999999999999994893, 3.327777777777780166 ) ) ;
#696 = ORIENTED_EDGE ( 'NONE', *, *, #373, .T. ) ;
#697 = CARTESIAN_POINT ( 'NONE',  ( -1.100000000000000089, -0.7500000000000000000, 1.250000000000000000 ) ) ;
#698 =( NAMED_UNIT ( * ) SI_UNIT ( $, .STERADIAN. ) SOLID_ANGLE_UNIT ( ) );
#699 = CARTESIAN_POINT ( 'NONE',  ( 4.500000000000000888, -0.6999999999999999556, 3.327777777777780166 ) ) ;
#700 = ORIENTED_EDGE ( 'NONE', *, *, #184, .F. ) ;
#701 = EDGE_CURVE ( 'NONE', #283, #1065, #263, .T. ) ;
#702 = LINE ( 'NONE', #1356, #768 ) ;
#703 = DIRECTION ( 'NONE',  ( 1.000000000000000000, -0.0000000000000000000, 0.0000000000000000000 ) ) ;
#704 = CONTEXT_DEPENDENT_SHAPE_REPRESENTATION ( #907, #292 ) ;
#705 = ORIENTED_EDGE ( 'NONE', *, *, #740, .F. ) ;
#706 = CARTESIAN_POINT ( 'NONE',  ( 4.900000000000001243, -0.7585786437626904632, 3.427777777777780255 ) ) ;
#707 = DIRECTION ( 'NONE',  ( 0.0000000000000000000, 1.000000000000000000, 0.0000000000000000000 ) ) ;
#708 = VERTEX_POINT ( 'NONE', #681 ) ;
#709 = PRODUCT_RELATED_PRODUCT_CATEGORY ( 'part', '', ( #501 ) ) ;
#710 = EDGE_CURVE ( 'NONE', #1018, #1316, #718, .T. ) ;
#711 = APPLICATION_CONTEXT ( 'automotive_design' ) ;
#712 = CYLINDRICAL_SURFACE ( 'NONE', #1016, 0.1000000000000002554 ) ;
#713 = DIRECTION ( 'NONE',  ( 0.0000000000000000000, 0.0000000000000000000, 1.000000000000000000 ) ) ;
#714 =( BOUNDED_SURFACE ( )  B_SPLINE_SURFACE ( 3, 3, ( 
 ( #183, #1357, #298, #660 ),
 ( #1289, #999, #1097, #536 ),
 ( #756, #326, #38, #669 ),
 ( #880, #1297, #549, #433 ) ),
 .UNSPECIFIED., .F., .F., .T. ) 
 B_SPLINE_SURFACE_WITH_KNOTS ( ( 4, 4 ),
 ( 4, 4 ),
 ( 0.0000000000000000000, 1.000000000000000000 ),
 ( 0.0000000000000000000, 1.000000000000000000 ),
 .UNSPECIFIED. ) 
 GEOMETRIC_REPRESENTATION_ITEM ( )  RATIONAL_B_SPLINE_SURFACE ( (
 ( 1.000000000000000000, 0.8047378541243651595, 0.8047378541243651595, 1.000000000000000000),
 ( 0.8047378541243649375, 0.6476030138606878594, 0.6476030138606878594, 0.8047378541243649375),
 ( 0.8047378541243649375, 0.6476030138606878594, 0.6476030138606878594, 0.8047378541243649375),
 ( 1.000000000000000000, 0.8047378541243651595, 0.8047378541243651595, 1.000000000000000000) ) ) 
 REPRESENTATION_ITEM ( '' )  SURFACE ( )  );
#715 = ORIENTED_EDGE ( 'NONE', *, *, #985, .T. ) ;
#716 = CARTESIAN_POINT ( 'NONE',  ( 4.958578643762691307, -0.6999999999999992895, 3.427777777777780255 ) ) ;
#717 = DIRECTION ( 'NONE',  ( 1.000000000000000000, 0.0000000000000000000, 0.0000000000000000000 ) ) ;
#718 = LINE ( 'NONE', #688, #291 ) ;
#719 = ORIENTED_EDGE ( 'NONE', *, *, #42, .F. ) ;
#720 = AXIS2_PLACEMENT_3D ( 'NONE', #1083, #20, #889 ) ;
#721 = AXIS2_PLACEMENT_3D ( 'NONE', #276, #62, #919 ) ;
#722 = DIRECTION ( 'NONE',  ( 1.000000000000000000, 0.0000000000000000000, -0.0000000000000000000 ) ) ;
#723 = PRODUCT_DEFINITION_SHAPE ( 'NONE', 'NONE',  #1336 ) ;
#724 = CIRCLE ( 'NONE', #1255, 0.09999999999999982514 ) ;
#725 = ORIENTED_EDGE ( 'NONE', *, *, #474, .T. ) ;
#726 = DIRECTION ( 'NONE',  ( 1.000000000000000000, 0.0000000000000000000, -0.0000000000000000000 ) ) ;
#727 = PRODUCT_DEFINITION_FORMATION_WITH_SPECIFIED_SOURCE ( 'ANY', '', #431, .NOT_KNOWN. ) ;
#728 = SURFACE_STYLE_FILL_AREA ( #99 ) ;
#729 = LINE ( 'NONE', #505, #993 ) ;
#730 = ORIENTED_EDGE ( 'NONE', *, *, #822, .T. ) ;
#731 =( BOUNDED_SURFACE ( )  B_SPLINE_SURFACE ( 3, 3, ( 
 ( #193, #754, #1178, #108 ),
 ( #1251, #944, #1354, #1049 ),
 ( #395, #835, #294, #1156 ),
 ( #187, #614, #695, #405 ) ),
 .UNSPECIFIED., .F., .F., .T. ) 
 B_SPLINE_SURFACE_WITH_KNOTS ( ( 4, 4 ),
 ( 4, 4 ),
 ( 0.0000000000000000000, 1.000000000000000000 ),
 ( 0.0000000000000000000, 1.000000000000000000 ),
 .UNSPECIFIED. ) 
 GEOMETRIC_REPRESENTATION_ITEM ( )  RATIONAL_B_SPLINE_SURFACE ( (
 ( 1.000000000000000000, 0.8047378541243651595, 0.8047378541243651595, 1.000000000000000000),
 ( 0.8047378541243649375, 0.6476030138606878594, 0.6476030138606878594, 0.8047378541243649375),
 ( 0.8047378541243649375, 0.6476030138606878594, 0.6476030138606878594, 0.8047378541243649375),
 ( 1.000000000000000000, 0.8047378541243651595, 0.8047378541243651595, 1.000000000000000000) ) ) 
 REPRESENTATION_ITEM ( '' )  SURFACE ( )  );
#732 = LINE ( 'NONE', #939, #1039 ) ;
#733 = VERTEX_POINT ( 'NONE', #1333 ) ;
#734 = EDGE_CURVE ( 'NONE', #1268, #401, #499, .T. ) ;
#735 = ORIENTED_EDGE ( 'NONE', *, *, #588, .F. ) ;
#736 =( NAMED_UNIT ( * ) PLANE_ANGLE_UNIT ( ) SI_UNIT ( $, .RADIAN. ) );
#737 = PRODUCT_DEFINITION_SHAPE ( 'NONE', 'NONE',  #1361 ) ;
#738 = FACE_OUTER_BOUND ( 'NONE', #406, .T. ) ;
#739 = ORIENTED_EDGE ( 'NONE', *, *, #310, .F. ) ;
#740 = EDGE_CURVE ( 'NONE', #810, #102, #1190, .T. ) ;
#741 = ORIENTED_EDGE ( 'NONE', *, *, #143, .F. ) ;
#742 = DIRECTION ( 'NONE',  ( 0.0000000000000000000, 0.0000000000000000000, -1.000000000000000000 ) ) ;
#743 = VECTOR ( 'NONE', #1020, 1000.000000000000000 ) ;
#744 = COLOUR_RGB ( '',0.5450980392156862253, 0.0000000000000000000, 0.0000000000000000000 ) ;
#745 = ORIENTED_EDGE ( 'NONE', *, *, #1328, .T. ) ;
#746 = VECTOR ( 'NONE', #629, 1000.000000000000000 ) ;
#747 = CIRCLE ( 'NONE', #1344, 0.09999999999999982514 ) ;
#748 = VERTEX_POINT ( 'NONE', #360 ) ;
#749 = EDGE_CURVE ( 'NONE', #1343, #490, #1141, .T. ) ;
#750 = COLOUR_RGB ( '',1.000000000000000000, 0.9803921568627450567, 0.9411764705882352811 ) ;
#751 = ADVANCED_FACE ( 'NONE', ( #1114 ), #798, .F. ) ;
#752 = ORIENTED_EDGE ( 'NONE', *, *, #1159, .F. ) ;
#753 = UNCERTAINTY_MEASURE_WITH_UNIT (LENGTH_MEASURE( 1.000000000000000082E-05 ), #1104, 'distance_accuracy_value', 'NONE');
#754 = CARTESIAN_POINT ( 'NONE',  ( 4.599999999999999645, -0.7000000000000001776, 3.427777777777779367 ) ) ;
#755 = DIRECTION ( 'NONE',  ( -1.000000000000000000, -0.0000000000000000000, 0.0000000000000000000 ) ) ;
#756 = CARTESIAN_POINT ( 'NONE',  ( 4.600000000000000533, 0.7585786437626904632, 2.127777777777779988 ) ) ;
#757 =( REPRESENTATION_RELATIONSHIP ('NONE','NONE', #67, #1115 ) REPRESENTATION_RELATIONSHIP_WITH_TRANSFORMATION ( #809 )SHAPE_REPRESENTATION_RELATIONSHIP( ) );
#758 =( LENGTH_UNIT ( ) NAMED_UNIT ( * ) SI_UNIT ( .MILLI., .METRE. ) );
#759 = ORIENTED_EDGE ( 'NONE', *, *, #633, .T. ) ;
#760 = DIRECTION ( 'NONE',  ( -0.0000000000000000000, -0.0000000000000000000, 1.000000000000000000 ) ) ;
#761 = CARTESIAN_POINT ( 'NONE',  ( 4.541421356235666451, 0.7999999999982037036, 3.327777777777780610 ) ) ;
#762 = CARTESIAN_POINT ( 'NONE',  ( 4.899999999993866595, 0.8000000000000011546, 2.169199134015088681 ) ) ;
#763 = EDGE_CURVE ( 'NONE', #102, #824, #70, .T. ) ;
#764 = CARTESIAN_POINT ( 'NONE',  ( 5.000000000000001776, -0.7585786437626913514, 2.169199134015089125 ) ) ;
#765 = ADVANCED_BREP_SHAPE_REPRESENTATION ( '', ( #333, #334 ), #160 ) ;
#766 = FILL_AREA_STYLE_COLOUR ( '', #1150 ) ;
#767 = DIRECTION ( 'NONE',  ( 1.000000000000000000, 0.0000000000000000000, 0.0000000000000000000 ) ) ;
#768 = VECTOR ( 'NONE', #72, 1000.000000000000000 ) ;
#769 = ORIENTED_EDGE ( 'NONE', *, *, #81, .F. ) ;
#770 = MECHANICAL_DESIGN_GEOMETRIC_PRESENTATION_REPRESENTATION (  '', ( #646 ), #404 ) ;
#771 = CARTESIAN_POINT ( 'NONE',  ( 4.500000000000000888, -0.6999999999999999556, 2.127777777777779988 ) ) ;
#772 = LINE ( 'NONE', #1041, #927 ) ;
#773 = PRODUCT_DEFINITION_CONTEXT ( 'detailed design', #649, 'design' ) ;
#774 = CARTESIAN_POINT ( 'NONE',  ( 5.000000000000001776, -0.7000000000000002887, 2.169199134015089125 ) ) ;
#775 = DIRECTION ( 'NONE',  ( 0.0000000000000000000, 0.0000000000000000000, 1.000000000000000000 ) ) ;
#776 = ADVANCED_FACE ( 'NONE', ( #153 ), #1037, .F. ) ;
#777 = ORIENTED_EDGE ( 'NONE', *, *, #785, .T. ) ;
#778 = CARTESIAN_POINT ( 'NONE',  ( 4.900000000000000355, 0.6999999999999999556, 2.227777777777780077 ) ) ;
#779 = CARTESIAN_POINT ( 'NONE',  ( -1.100000000000000089, 0.7500000000000000000, 1.250000000000000000 ) ) ;
#780 = CARTESIAN_POINT ( 'NONE',  ( 5.000000000000002665, 0.7585786437655402947, 2.227777777777780077 ) ) ;
#781 = SURFACE_STYLE_FILL_AREA ( #1320 ) ;
#782 = DIRECTION ( 'NONE',  ( -1.000000000000000000, 0.0000000000000000000, 0.0000000000000000000 ) ) ;
#783 = ORIENTED_EDGE ( 'NONE', *, *, #126, .T. ) ;
#784 = DIRECTION ( 'NONE',  ( 1.000000000000000000, 0.0000000000000000000, 0.0000000000000000000 ) ) ;
#785 = EDGE_CURVE ( 'NONE', #830, #3, #587, .T. ) ;
#786 = CARTESIAN_POINT ( 'NONE',  ( 4.599999999996931876, 0.8000000000000003775, 3.386356421540470674 ) ) ;
#787 = FILL_AREA_STYLE_COLOUR ( '', #750 ) ;
#788 = DIRECTION ( 'NONE',  ( 0.0000000000000000000, 0.0000000000000000000, 1.000000000000000000 ) ) ;
#789 = CARTESIAN_POINT ( 'NONE',  ( -1.100000000000000089, 0.1250000000000000000, 1.250000000000000000 ) ) ;
#790 = LINE ( 'NONE', #323, #1298 ) ;
#791 = CIRCLE ( 'NONE', #621, 0.1000000000000002554 ) ;
#792 = CARTESIAN_POINT ( 'NONE',  ( -0.1000000000000000472, 0.1250000000000000000, 1.235714285714279992 ) ) ;
#793 = AXIS2_PLACEMENT_3D ( 'NONE', #157, #1127, #426 ) ;
#794 = ADVANCED_FACE ( 'NONE', ( #485 ), #813, .F. ) ;
#795 = CARTESIAN_POINT ( 'NONE',  ( 4.958578643762691307, 0.7343145750507615865, 3.427777777777779811 ) ) ;
#796 = EDGE_LOOP ( 'NONE', ( #269, #1091, #848, #312 ) ) ;
#797 = DIRECTION ( 'NONE',  ( 0.0000000000000000000, -1.000000000000000000, 0.0000000000000000000 ) ) ;
#798 = PLANE ( 'NONE',  #353 ) ;
#799 = CARTESIAN_POINT ( 'NONE',  ( 4.900000000000000355, 0.6999999999999999556, 2.227777777777780077 ) ) ;
#800 = CARTESIAN_POINT ( 'NONE',  ( 4.958578643762691307, 0.7999999999999999334, 3.386356421540470674 ) ) ;
#801 = LINE ( 'NONE', #1217, #1012 ) ;
#802 = APPLICATION_PROTOCOL_DEFINITION ( 'draft international standard', 'automotive_design', 1998, #860 ) ;
#803 = EDGE_LOOP ( 'NONE', ( #630, #368, #166, #783 ) ) ;
#804 = DIRECTION ( 'NONE',  ( 1.000000000000000000, 0.0000000000000000000, -0.0000000000000000000 ) ) ;
#805 = ORIENTED_EDGE ( 'NONE', *, *, #191, .F. ) ;
#806 = DIRECTION ( 'NONE',  ( -0.0000000000000000000, -1.000000000000000000, -0.0000000000000000000 ) ) ;
#807 = CARTESIAN_POINT ( 'NONE',  ( 4.900000000000000355, 0.7999999999999999334, 3.327777777777780166 ) ) ;
#808 = EDGE_CURVE ( 'NONE', #1149, #382, #1231, .T. ) ;
#809 = ITEM_DEFINED_TRANSFORMATION ( 'NONE', 'NONE', #225,  #334 ) ;
#810 = VERTEX_POINT ( 'NONE', #823 ) ;
#811 = CARTESIAN_POINT ( 'NONE',  ( 4.958578643762692195, -0.7343145750507610314, 3.427777777777779811 ) ) ;
#812 = DIRECTION ( 'NONE',  ( -1.000000000000000000, -0.0000000000000000000, -0.0000000000000000000 ) ) ;
#813 = PLANE ( 'NONE',  #1313 ) ;
#814 = ORIENTED_EDGE ( 'NONE', *, *, #852, .T. ) ;
#815 = CIRCLE ( 'NONE', #929, 0.09999999999999982514 ) ;
#816 = VECTOR ( 'NONE', #277, 1000.000000000000000 ) ;
#817 = UNCERTAINTY_MEASURE_WITH_UNIT (LENGTH_MEASURE( 1.000000000000000082E-05 ), #1134, 'distance_accuracy_value', 'NONE');
#818 = DIRECTION ( 'NONE',  ( 0.0000000000000000000, -1.000000000000000000, 0.0000000000000000000 ) ) ;
#819 = DIRECTION ( 'NONE',  ( -0.0000000000000000000, -0.0000000000000000000, 1.000000000000000000 ) ) ;
#820 = ORIENTED_EDGE ( 'NONE', *, *, #839, .T. ) ;
#821 = CARTESIAN_POINT ( 'NONE',  ( 5.000000000000000000, -0.6999999999999992895, 3.386356421540470674 ) ) ;
#822 = EDGE_CURVE ( 'NONE', #456, #545, #913, .T. ) ;
#823 = CARTESIAN_POINT ( 'NONE',  ( 4.900000000000000355, 0.7999999999999999334, 3.327777777777780166 ) ) ;
#824 = VERTEX_POINT ( 'NONE', #78 ) ;
#825 = CARTESIAN_POINT ( 'NONE',  ( -1.100000000000000089, -0.7500000000000000000, 1.250000000000000000 ) ) ;
#826 = CARTESIAN_POINT ( 'NONE',  ( 1.100000000000000089, -0.7500000000000000000, 0.04999999999999993339 ) ) ;
#827 = VERTEX_POINT ( 'NONE', #579 ) ;
#828 = FACE_OUTER_BOUND ( 'NONE', #138, .T. ) ;
#829 = CARTESIAN_POINT ( 'NONE',  ( -1.100000000000000089, -0.1250000000000000000, 1.250000000000000000 ) ) ;
#830 = VERTEX_POINT ( 'NONE', #1024 ) ;
#831 = ADVANCED_FACE ( 'NONE', ( #921 ), #271, .T. ) ;
#832 = LINE ( 'NONE', #616, #602 ) ;
#833 = CARTESIAN_POINT ( 'NONE',  ( 4.900000000000000355, -0.7999999999999999334, 2.227777777777780077 ) ) ;
#834 = ORIENTED_EDGE ( 'NONE', *, *, #710, .T. ) ;
#835 = CARTESIAN_POINT ( 'NONE',  ( 4.500000000000000000, -0.7585786437626905743, 3.386356421540470674 ) ) ;
#836 =( REPRESENTATION_RELATIONSHIP ('NONE','NONE', #67, #537 ) REPRESENTATION_RELATIONSHIP_WITH_TRANSFORMATION ( #1220 )SHAPE_REPRESENTATION_RELATIONSHIP( ) );
#837 = EDGE_LOOP ( 'NONE', ( #705, #93, #190, #1022 ) ) ;
#838 = VECTOR ( 'NONE', #1335, 1000.000000000000000 ) ;
#839 = EDGE_CURVE ( 'NONE', #283, #150, #493, .T. ) ;
#840 = AXIS2_PLACEMENT_3D ( 'NONE', #1069, #420, #863 ) ;
#841 = CYLINDRICAL_SURFACE ( 'NONE', #1296, 0.09999999999999982514 ) ;
#842 = VECTOR ( 'NONE', #254, 1000.000000000000000 ) ;
#843 = VERTEX_POINT ( 'NONE', #829 ) ;
#844 = LINE ( 'NONE', #1261, #159 ) ;
#845 = ORIENTED_EDGE ( 'NONE', *, *, #552, .T. ) ;
#846 = CARTESIAN_POINT ( 'NONE',  ( 4.900000000000000355, 0.6999999999999999556, 3.427777777777779811 ) ) ;
#847 = ADVANCED_FACE ( 'NONE', ( #1246 ), #248, .T. ) ;
#848 = ORIENTED_EDGE ( 'NONE', *, *, #447, .F. ) ;
#849 = CARTESIAN_POINT ( 'NONE',  ( 4.599999999999999645, -0.6999999999999997335, 2.127777777777779988 ) ) ;
#850 = ORIENTED_EDGE ( 'NONE', *, *, #310, .T. ) ;
#851 = DIRECTION ( 'NONE',  ( 1.000000000000000000, -0.0000000000000000000, -0.0000000000000000000 ) ) ;
#852 = EDGE_CURVE ( 'NONE', #382, #1080, #1174, .T. ) ;
#853 = ORIENTED_EDGE ( 'NONE', *, *, #286, .T. ) ;
#854 = ADVANCED_FACE ( 'NONE', ( #100 ), #103, .F. ) ;
#855 = DIRECTION ( 'NONE',  ( 1.000000000000000000, 0.0000000000000000000, -0.0000000000000000000 ) ) ;
#856 = AXIS2_PLACEMENT_3D ( 'NONE', #141, #1303, #146 ) ;
#857 = VECTOR ( 'NONE', #1205, 1000.000000000000000 ) ;
#858 = ORIENTED_EDGE ( 'NONE', *, *, #24, .T. ) ;
#859 = VECTOR ( 'NONE', #533, 1000.000000000000000 ) ;
#860 = APPLICATION_CONTEXT ( 'automotive_design' ) ;
#861 =( LENGTH_UNIT ( ) NAMED_UNIT ( * ) SI_UNIT ( .MILLI., .METRE. ) );
#862 =( GEOMETRIC_REPRESENTATION_CONTEXT ( 3 ) GLOBAL_UNCERTAINTY_ASSIGNED_CONTEXT ( ( #370 ) ) GLOBAL_UNIT_ASSIGNED_CONTEXT ( ( #284, #1147, #966 ) ) REPRESENTATION_CONTEXT ( 'NONE', 'WORKASPACE' ) );
#863 = DIRECTION ( 'NONE',  ( 0.0000000000000000000, -0.0000000000000000000, 1.000000000000000000 ) ) ;
#864 = EDGE_LOOP ( 'NONE', ( #611, #973, #759, #393 ) ) ;
#865 = CARTESIAN_POINT ( 'NONE',  ( 4.599999999999999645, -0.6999999999999999556, 3.327777777777780166 ) ) ;
#866 = EDGE_CURVE ( 'NONE', #79, #199, #729, .T. ) ;
#867 = DIRECTION ( 'NONE',  ( 0.0000000000000000000, 0.0000000000000000000, 1.000000000000000000 ) ) ;
#868 = CARTESIAN_POINT ( 'NONE',  ( -1.100000000000000089, 0.1250000000000000000, 1.235714285714279992 ) ) ;
#869 = PRODUCT ( 'Inlay', 'Inlay', '', ( #454 ) ) ;
#870 = DIRECTION ( 'NONE',  ( 0.0000000000000000000, 0.0000000000000000000, 1.000000000000000000 ) ) ;
#871 = ORIENTED_EDGE ( 'NONE', *, *, #734, .T. ) ;
#872 = CARTESIAN_POINT ( 'NONE',  ( 0.5000000000000000000, 0.1250000000000000000, 0.01428571430615870053 ) ) ;
#873 = FACE_OUTER_BOUND ( 'NONE', #14, .T. ) ;
#874 = DIRECTION ( 'NONE',  ( 1.000000000000000000, 0.0000000000000000000, 0.0000000000000000000 ) ) ;
#875 = SURFACE_STYLE_USAGE ( .BOTH. , #419 ) ;
#876 = FACE_OUTER_BOUND ( 'NONE', #105, .T. ) ;
#877 = ORIENTED_EDGE ( 'NONE', *, *, #429, .F. ) ;
#878 = CARTESIAN_POINT ( 'NONE',  ( 4.500000000000000888, -0.8000000000000000444, 2.127777777777779988 ) ) ;
#879 = ADVANCED_FACE ( 'NONE', ( #313 ), #731, .T. ) ;
#880 = CARTESIAN_POINT ( 'NONE',  ( 4.599999999999999645, 0.6999999999999999556, 2.127777777777779988 ) ) ;
#881 = CARTESIAN_POINT ( 'NONE',  ( -6.099999999999999645, 0.0000000000000000000, -2.127777777834459982 ) ) ;
#882 = VECTOR ( 'NONE', #1045, 1000.000000000000000 ) ;
#883 = ORIENTED_EDGE ( 'NONE', *, *, #96, .T. ) ;
#884 = DIRECTION ( 'NONE',  ( 0.0000000000000000000, 0.0000000000000000000, -1.000000000000000000 ) ) ;
#885 = COLOUR_RGB ( '',0.7921568627450980005, 0.8196078431372548767, 0.9333333333333333481 ) ;
#886 = CARTESIAN_POINT ( 'NONE',  ( 5.000000000000001776, 0.7585786437655402947, 2.169199134015089125 ) ) ;
#887 = LINE ( 'NONE', #1088, #1014 ) ;
#888 =( GEOMETRIC_REPRESENTATION_CONTEXT ( 3 ) GLOBAL_UNCERTAINTY_ASSIGNED_CONTEXT ( ( #287 ) ) GLOBAL_UNIT_ASSIGNED_CONTEXT ( ( #861, #450, #137 ) ) REPRESENTATION_CONTEXT ( 'NONE', 'WORKASPACE' ) );
#889 = DIRECTION ( 'NONE',  ( 0.0000000000000000000, 0.0000000000000000000, -1.000000000000000000 ) ) ;
#890 = EDGE_CURVE ( 'NONE', #748, #830, #844, .T. ) ;
#891 = EDGE_LOOP ( 'NONE', ( #122, #739, #1008, #593 ) ) ;
#892 = DIRECTION ( 'NONE',  ( -0.0000000000000000000, -0.0000000000000000000, -1.000000000000000000 ) ) ;
#893 = FILL_AREA_STYLE ('',( #452 ) ) ;
#894 =( BOUNDED_SURFACE ( )  B_SPLINE_SURFACE ( 3, 3, ( 
 ( #1103, #780, #905, #444 ),
 ( #324, #886, #1302, #762 ),
 ( #345, #339, #1003, #659 ),
 ( #665, #899, #1093, #140 ) ),
 .UNSPECIFIED., .F., .F., .T. ) 
 B_SPLINE_SURFACE_WITH_KNOTS ( ( 4, 4 ),
 ( 4, 4 ),
 ( 0.0000000000000000000, 1.000000000000000000 ),
 ( 0.0000000000000000000, 1.000000000000000000 ),
 .UNSPECIFIED. ) 
 GEOMETRIC_REPRESENTATION_ITEM ( )  RATIONAL_B_SPLINE_SURFACE ( (
 ( 1.000000000000000000, 0.8047378541099070581, 0.8047378541099070581, 1.000000000000000000),
 ( 0.8047378541243630501, 0.6476030138490513899, 0.6476030138490513899, 0.8047378541243630501),
 ( 0.8047378541243630501, 0.6476030138490513899, 0.6476030138490513899, 0.8047378541243630501),
 ( 1.000000000000000000, 0.8047378541099070581, 0.8047378541099070581, 1.000000000000000000) ) ) 
 REPRESENTATION_ITEM ( '' )  SURFACE ( )  );
#895 = DIRECTION ( 'NONE',  ( -1.000000000000000000, -0.0000000000000000000, -0.0000000000000000000 ) ) ;
#896 = EDGE_LOOP ( 'NONE', ( #512, #845, #171, #1228 ) ) ;
#897 = CARTESIAN_POINT ( 'NONE',  ( -0.5000000000000000000, 0.1250000000000000000, 0.01428571430615870053 ) ) ;
#898 = DIRECTION ( 'NONE',  ( 0.0000000000000000000, 0.0000000000000000000, -1.000000000000000000 ) ) ;
#899 = CARTESIAN_POINT ( 'NONE',  ( 4.900000000000001243, 0.7000000000000001776, 2.127777777777779988 ) ) ;
#900 = DIRECTION ( 'NONE',  ( 0.0000000000000000000, 0.0000000000000000000, -1.000000000000000000 ) ) ;
#901 = APPLICATION_PROTOCOL_DEFINITION ( 'draft international standard', 'automotive_design', 1998, #1187 ) ;
#902 = ADVANCED_BREP_SHAPE_REPRESENTATION ( '', ( #369, #334 ), #534 ) ;
#903 = PLANE ( 'NONE',  #692 ) ;
#904 = VECTOR ( 'NONE', #1350, 1000.000000000000000 ) ;
#905 = CARTESIAN_POINT ( 'NONE',  ( 4.958578643759405935, 0.8000000000035943915, 2.227777777777780077 ) ) ;
#906 = PRESENTATION_LAYER_ASSIGNMENT (  '', '', ( #1315 ) ) ;
#907 =( REPRESENTATION_RELATIONSHIP ('NONE','NONE', #67, #1260 ) REPRESENTATION_RELATIONSHIP_WITH_TRANSFORMATION ( #169 )SHAPE_REPRESENTATION_RELATIONSHIP( ) );
#908 = CARTESIAN_POINT ( 'NONE',  ( 0.5000000000000000000, -0.1250000000000000000, 0.01428571430615870053 ) ) ;
#909 = APPLICATION_PROTOCOL_DEFINITION ( 'draft international standard', 'automotive_design', 1998, #632 ) ;
#910 = ORIENTED_EDGE ( 'NONE', *, *, #518, .T. ) ;
#911 = DIRECTION ( 'NONE',  ( 0.0000000000000000000, 0.0000000000000000000, -1.000000000000000000 ) ) ;
#912 = CARTESIAN_POINT ( 'NONE',  ( 4.599999999999999645, -0.7000000000000000666, 3.427777777777779811 ) ) ;
#913 = LINE ( 'NONE', #1326, #1124 ) ;
#914 = ORIENTED_EDGE ( 'NONE', *, *, #514, .F. ) ;
#915 = DIRECTION ( 'NONE',  ( 1.000000000000000000, 0.0000000000000000000, 0.0000000000000000000 ) ) ;
#916 = UNCERTAINTY_MEASURE_WITH_UNIT (LENGTH_MEASURE( 1.000000000000000082E-05 ), #1108, 'distance_accuracy_value', 'NONE');
#917 = CARTESIAN_POINT ( 'NONE',  ( 4.900000000000000355, -0.6999999999999999556, 3.427777777777779811 ) ) ;
#918 = ORIENTED_EDGE ( 'NONE', *, *, #684, .T. ) ;
#919 = DIRECTION ( 'NONE',  ( 1.000000000000000000, 0.0000000000000000000, 0.0000000000000000000 ) ) ;
#920 = SURFACE_STYLE_FILL_AREA ( #687 ) ;
#921 = FACE_OUTER_BOUND ( 'NONE', #1160, .T. ) ;
#922 = DIRECTION ( 'NONE',  ( 0.0000000000000000000, 1.000000000000000000, 0.0000000000000000000 ) ) ;
#923 = CARTESIAN_POINT ( 'NONE',  ( 4.900000000000000355, 0.6999999999999998446, 2.227777777777780077 ) ) ;
#924 = EDGE_LOOP ( 'NONE', ( #307, #834, #416, #253 ) ) ;
#925 = CARTESIAN_POINT ( 'NONE',  ( 5.000000000000000888, -0.7585786437626895751, 3.327777777777780166 ) ) ;
#926 = CARTESIAN_POINT ( 'NONE',  ( -1.100000000000000089, 0.7500000000000000000, 0.05000000000000000278 ) ) ;
#927 = VECTOR ( 'NONE', #496, 1000.000000000000000 ) ;
#928 = ORIENTED_EDGE ( 'NONE', *, *, #514, .T. ) ;
#929 = AXIS2_PLACEMENT_3D ( 'NONE', #151, #546, #145 ) ;
#930 = AXIS2_PLACEMENT_3D ( 'NONE', #846, #1351, #1040 ) ;
#931 = AXIS2_PLACEMENT_3D ( 'NONE', #1286, #1087, #215 ) ;
#932 = CYLINDRICAL_SURFACE ( 'NONE', #1099, 0.09999999999999982514 ) ;
#933 = CARTESIAN_POINT ( 'NONE',  ( 4.900000000000000355, 0.8000000000000000444, 3.427777777777779811 ) ) ;
#934 = ADVANCED_FACE ( 'NONE', ( #1005 ), #371, .T. ) ;
#935 = ORIENTED_EDGE ( 'NONE', *, *, #1256, .T. ) ;
#936 = DIRECTION ( 'NONE',  ( -1.000000000000000000, -0.0000000000000000000, -0.0000000000000000000 ) ) ;
#937 = CARTESIAN_POINT ( 'NONE',  ( 1.100000000000000089, -0.7500000000000000000, 1.250000000000000000 ) ) ;
#938 = CARTESIAN_POINT ( 'NONE',  ( -1.100000000000000089, 0.1250000000000000000, 1.250000000000000000 ) ) ;
#939 = CARTESIAN_POINT ( 'NONE',  ( -0.1000000000000000472, 0.1250000000000000000, 1.235714285714279992 ) ) ;
#940 = FACE_OUTER_BOUND ( 'NONE', #1047, .T. ) ;
#941 = ORIENTED_EDGE ( 'NONE', *, *, #1328, .F. ) ;
#942 = CARTESIAN_POINT ( 'NONE',  ( 4.900000000000000355, -0.8000000000000000444, 3.427777777777779811 ) ) ;
#943 = EDGE_CURVE ( 'NONE', #401, #503, #468, .T. ) ;
#944 = CARTESIAN_POINT ( 'NONE',  ( 4.541421356237309581, -0.7343145750507621417, 3.427777777777779811 ) ) ;
#945 = ORIENTED_EDGE ( 'NONE', *, *, #143, .T. ) ;
#946 = LINE ( 'NONE', #495, #423 ) ;
#947 = EDGE_LOOP ( 'NONE', ( #410, #877, #1224, #529 ) ) ;
#948 = SHAPE_REPRESENTATION_RELATIONSHIP ( 'NONE' , 'NONE' ,  #1115, #765 ) ;
#949 = VERTEX_POINT ( 'NONE', #643 ) ;
#950 = ADVANCED_FACE ( 'NONE', ( #876 ), #390, .T. ) ;
#951 = CIRCLE ( 'NONE', #971, 0.09999999999999982514 ) ;
#952 = AXIS2_PLACEMENT_3D ( 'NONE', #1263, #818, #301 ) ;
#953 = CARTESIAN_POINT ( 'NONE',  ( 4.899999999998468247, 0.7999999999999999334, 2.227777777777780077 ) ) ;
#954 = VECTOR ( 'NONE', #812, 1000.000000000000000 ) ;
#955 = ORIENTED_EDGE ( 'NONE', *, *, #890, .F. ) ;
#956 =( NAMED_UNIT ( * ) SI_UNIT ( $, .STERADIAN. ) SOLID_ANGLE_UNIT ( ) );
#957 = ORIENTED_EDGE ( 'NONE', *, *, #449, .F. ) ;
#958 = LINE ( 'NONE', #1066, #1121 ) ;
#959 = PRODUCT_RELATED_PRODUCT_CATEGORY ( 'part', '', ( #869 ) ) ;
#960 = ORIENTED_EDGE ( 'NONE', *, *, #24, .F. ) ;
#961 =( NAMED_UNIT ( * ) PLANE_ANGLE_UNIT ( ) SI_UNIT ( $, .RADIAN. ) );
#962 = ORIENTED_EDGE ( 'NONE', *, *, #749, .F. ) ;
#963 = DIRECTION ( 'NONE',  ( 0.0000000000000000000, 1.000000000000000000, 0.0000000000000000000 ) ) ;
#964 = ORIENTED_EDGE ( 'NONE', *, *, #1159, .T. ) ;
#965 = EDGE_CURVE ( 'NONE', #295, #1018, #466, .T. ) ;
#966 =( NAMED_UNIT ( * ) SI_UNIT ( $, .STERADIAN. ) SOLID_ANGLE_UNIT ( ) );
#967 = ORIENTED_EDGE ( 'NONE', *, *, #361, .T. ) ;
#968 = DIRECTION ( 'NONE',  ( -0.0000000000000000000, 1.000000000000000000, -0.0000000000000000000 ) ) ;
#969 = UNCERTAINTY_MEASURE_WITH_UNIT (LENGTH_MEASURE( 1.000000000000000082E-05 ), #1053, 'distance_accuracy_value', 'NONE');
#970 = VECTOR ( 'NONE', #355, 1000.000000000000000 ) ;
#971 = AXIS2_PLACEMENT_3D ( 'NONE', #865, #851, #315 ) ;
#972 = CIRCLE ( 'NONE', #77, 0.1000000000000002554 ) ;
#973 = ORIENTED_EDGE ( 'NONE', *, *, #640, .T. ) ;
#974 = AXIS2_PLACEMENT_3D ( 'NONE', #825, #172, #722 ) ;
#975 = ADVANCED_FACE ( 'NONE', ( #682 ), #1116, .T. ) ;
#976 = PRESENTATION_LAYER_ASSIGNMENT (  '', '', ( #646 ) ) ;
#977 = PLANE ( 'NONE',  #133 ) ;
#978 = CARTESIAN_POINT ( 'NONE',  ( 4.599999999998202860, 0.7585786437626909073, 3.427777777777780255 ) ) ;
#979 = CARTESIAN_POINT ( 'NONE',  ( 4.900000000000000355, -0.6999999999999999556, 3.327777777777780166 ) ) ;
#980 = CARTESIAN_POINT ( 'NONE',  ( 4.899999999999999467, -0.8000000000000012657, 2.227777777777780077 ) ) ;
#981 = DIRECTION ( 'NONE',  ( 1.000000000000000000, 0.0000000000000000000, 0.0000000000000000000 ) ) ;
#982 = DIRECTION ( 'NONE',  ( -0.0000000000000000000, 0.0000000000000000000, 1.000000000000000000 ) ) ;
#983 = CARTESIAN_POINT ( 'NONE',  ( -1.100000000000000089, 0.1250000000000000000, 1.235714285714279992 ) ) ;
#984 = CARTESIAN_POINT ( 'NONE',  ( 4.500000000000000888, 0.6999999999999999556, 2.127777777777779988 ) ) ;
#985 = EDGE_CURVE ( 'NONE', #1130, #401, #489, .T. ) ;
#986 = SHAPE_REPRESENTATION_RELATIONSHIP ( 'NONE' , 'NONE' ,  #1260, #902 ) ;
#987 = ORIENTED_EDGE ( 'NONE', *, *, #391, .T. ) ;
#988 = DIRECTION ( 'NONE',  ( 1.000000000000000000, -3.252606517456505019E-15, 0.0000000000000000000 ) ) ;
#989 = FACE_OUTER_BOUND ( 'NONE', #506, .T. ) ;
#990 = CARTESIAN_POINT ( 'NONE',  ( 5.000000000000000000, 0.8000000000000000444, 2.227777777777780077 ) ) ;
#991 = CIRCLE ( 'NONE', #550, 0.09999999999999982514 ) ;
#992 = PLANE ( 'NONE',  #1168 ) ;
#993 = VECTOR ( 'NONE', #1278, 1000.000000000000000 ) ;
#994 = EDGE_LOOP ( 'NONE', ( #850, #608, #473, #204 ) ) ;
#995 = CARTESIAN_POINT ( 'NONE',  ( 4.565685424948276783, 0.7585786437616381939, 3.427777777777779811 ) ) ;
#996 = DIRECTION ( 'NONE',  ( 1.000000000000000000, 0.0000000000000000000, 0.0000000000000000000 ) ) ;
#997 = PRODUCT_DEFINITION_FORMATION_WITH_SPECIFIED_SOURCE ( 'ANY', '', #501, .NOT_KNOWN. ) ;
#998 = EDGE_CURVE ( 'NONE', #830, #1050, #702, .T. ) ;
#999 = CARTESIAN_POINT ( 'NONE',  ( 4.541421356237309581, 0.7999999999999999334, 2.169199134015089570 ) ) ;
#1000 = EDGE_CURVE ( 'NONE', #843, #1065, #281, .T. ) ;
#1001 = EDGE_LOOP ( 'NONE', ( #1307, #719, #64, #741 ) ) ;
#1002 = CARTESIAN_POINT ( 'NONE',  ( 4.500000000000000888, -0.7000000000000000666, 2.227777777777780077 ) ) ;
#1003 = CARTESIAN_POINT ( 'NONE',  ( 4.934314575048840190, 0.7585786437647953351, 2.127777777777779988 ) ) ;
#1004 = CARTESIAN_POINT ( 'NONE',  ( 4.500000000000000888, 0.6999999999999999556, 3.327777777777780166 ) ) ;
#1005 = FACE_OUTER_BOUND ( 'NONE', #196, .T. ) ;
#1006 = CARTESIAN_POINT ( 'NONE',  ( -1.100000000000000089, -0.1250000000000000000, 1.235714285714279992 ) ) ;
#1007 = PRODUCT_CONTEXT ( 'NONE', #711, 'mechanical' ) ;
#1008 = ORIENTED_EDGE ( 'NONE', *, *, #241, .F. ) ;
#1009 = DIRECTION ( 'NONE',  ( 0.0000000000000000000, 0.0000000000000000000, 1.000000000000000000 ) ) ;
#1010 = DIRECTION ( 'NONE',  ( 0.0000000000000000000, 0.0000000000000000000, -1.000000000000000000 ) ) ;
#1011 = FACE_OUTER_BOUND ( 'NONE', #71, .T. ) ;
#1012 = VECTOR ( 'NONE', #591, 1000.000000000000000 ) ;
#1013 = EDGE_LOOP ( 'NONE', ( #1352, #957, #1264 ) ) ;
#1014 = VECTOR ( 'NONE', #33, 1000.000000000000000 ) ;
#1015 = ADVANCED_FACE ( 'NONE', ( #480 ), #609, .T. ) ;
#1016 = AXIS2_PLACEMENT_3D ( 'NONE', #1027, #398, #273 ) ;
#1017 = DIRECTION ( 'NONE',  ( -1.000000000000000000, -0.0000000000000000000, 0.0000000000000000000 ) ) ;
#1018 = VERTEX_POINT ( 'NONE', #1334 ) ;
#1019 = CYLINDRICAL_SURFACE ( 'NONE', #606, 0.09999999999999982514 ) ;
#1020 = DIRECTION ( 'NONE',  ( -0.0000000000000000000, 0.0000000000000000000, -1.000000000000000000 ) ) ;
#1021 = CONTEXT_DEPENDENT_SHAPE_REPRESENTATION ( #278, #737 ) ;
#1022 = ORIENTED_EDGE ( 'NONE', *, *, #763, .F. ) ;
#1023 = CARTESIAN_POINT ( 'NONE',  ( 5.000000000000000000, -0.6999999999999992895, 3.327777777777780166 ) ) ;
#1024 = CARTESIAN_POINT ( 'NONE',  ( -0.5000000000000000000, -0.1250000000000000000, 0.01428571430615870053 ) ) ;
#1025 = ORIENTED_EDGE ( 'NONE', *, *, #627, .F. ) ;
#1026 = ADVANCED_FACE ( 'NONE', ( #487 ), #182, .T. ) ;
#1027 = CARTESIAN_POINT ( 'NONE',  ( 4.599999999999999645, -0.6999999999999999556, 3.427777777777779811 ) ) ;
#1028 = DIRECTION ( 'NONE',  ( 0.0000000000000000000, 0.0000000000000000000, 1.000000000000000000 ) ) ;
#1029 = SHAPE_DEFINITION_REPRESENTATION ( #210, #1115 ) ;
#1030 = LINE ( 'NONE', #1340, #203 ) ;
#1031 = CARTESIAN_POINT ( 'NONE',  ( -0.5000000000000000000, -0.1250000000000000000, 0.01428571430615870053 ) ) ;
#1032 = ADVANCED_FACE ( 'NONE', ( #738 ), #841, .T. ) ;
#1033 = CARTESIAN_POINT ( 'NONE',  ( 4.900000000000000355, -0.8000000000000000444, 3.327777777777780166 ) ) ;
#1034 = LINE ( 'NONE', #933, #34 ) ;
#1035 = EDGE_LOOP ( 'NONE', ( #1144, #519, #163, #260 ) ) ;
#1036 = CARTESIAN_POINT ( 'NONE',  ( 5.000000000000001776, -0.7585786437626894640, 3.386356421540470674 ) ) ;
#1037 = PLANE ( 'NONE',  #402 ) ;
#1038 = EDGE_LOOP ( 'NONE', ( #1165, #941, #188, #109 ) ) ;
#1039 = VECTOR ( 'NONE', #601, 1000.000000000000000 ) ;
#1040 = DIRECTION ( 'NONE',  ( 1.000000000000000000, 0.0000000000000000000, 0.0000000000000000000 ) ) ;
#1041 = CARTESIAN_POINT ( 'NONE',  ( -1.100000000000000089, -0.7500000000000000000, 1.250000000000000000 ) ) ;
#1042 = VERTEX_POINT ( 'NONE', #80 ) ;
#1043 = EDGE_CURVE ( 'NONE', #272, #321, #1136, .T. ) ;
#1044 = LINE ( 'NONE', #942, #1311 ) ;
#1045 = DIRECTION ( 'NONE',  ( 0.0000000000000000000, -1.000000000000000000, -0.0000000000000000000 ) ) ;
#1046 = ORIENTED_EDGE ( 'NONE', *, *, #965, .F. ) ;
#1047 = EDGE_LOOP ( 'NONE', ( #303, #1241, #576, #1355 ) ) ;
#1048 = SURFACE_STYLE_FILL_AREA ( #613 ) ;
#1049 = CARTESIAN_POINT ( 'NONE',  ( 4.600000000000000533, -0.7585786437626899081, 3.427777777777780255 ) ) ;
#1050 = VERTEX_POINT ( 'NONE', #296 ) ;
#1051 = DIRECTION ( 'NONE',  ( -1.000000000000000000, 0.0000000000000000000, -0.0000000000000000000 ) ) ;
#1052 = ORIENTED_EDGE ( 'NONE', *, *, #808, .T. ) ;
#1053 =( LENGTH_UNIT ( ) NAMED_UNIT ( * ) SI_UNIT ( .MILLI., .METRE. ) );
#1054 = DIRECTION ( 'NONE',  ( 0.0000000000000000000, 1.000000000000000000, -0.0000000000000000000 ) ) ;
#1055 = ADVANCED_FACE ( 'NONE', ( #502 ), #932, .T. ) ;
#1056 = VECTOR ( 'NONE', #231, 1000.000000000000000 ) ;
#1057 = VECTOR ( 'NONE', #855, 1000.000000000000000 ) ;
#1058 = AXIS2_PLACEMENT_3D ( 'NONE', #117, #870, #539 ) ;
#1059 = MECHANICAL_DESIGN_GEOMETRIC_PRESENTATION_REPRESENTATION (  '', ( #531 ), #862 ) ;
#1060 = ORIENTED_EDGE ( 'NONE', *, *, #1209, .F. ) ;
#1061 = CARTESIAN_POINT ( 'NONE',  ( -1.100000000000000089, -0.7500000000000000000, 0.05000000000000000278 ) ) ;
#1062 = ADVANCED_FACE ( 'NONE', ( #288 ), #712, .T. ) ;
#1063 = ORIENTED_EDGE ( 'NONE', *, *, #998, .F. ) ;
#1064 = CARTESIAN_POINT ( 'NONE',  ( 4.599999999999999645, -0.7000000000000000666, 2.127777777777779988 ) ) ;
#1065 = VERTEX_POINT ( 'NONE', #1152 ) ;
#1066 = CARTESIAN_POINT ( 'NONE',  ( -1.100000000000000089, -0.7500000000000000000, 0.05000000000000000278 ) ) ;
#1067 = EDGE_CURVE ( 'NONE', #1316, #622, #972, .T. ) ;
#1068 = ORIENTED_EDGE ( 'NONE', *, *, #479, .F. ) ;
#1069 = CARTESIAN_POINT ( 'NONE',  ( 4.500000000000000888, -0.8000000000000000444, 3.427777777777779811 ) ) ;
#1070 = ORIENTED_EDGE ( 'NONE', *, *, #47, .F. ) ;
#1071 = LINE ( 'NONE', #517, #1230 ) ;
#1072 = LINE ( 'NONE', #32, #55 ) ;
#1073 = LINE ( 'NONE', #113, #859 ) ;
#1074 = CIRCLE ( 'NONE', #243, 0.09999999999999982514 ) ;
#1075 = AXIS2_PLACEMENT_3D ( 'NONE', #327, #52, #767 ) ;
#1076 = CARTESIAN_POINT ( 'NONE',  ( 4.934314575050761320, -0.7585786437626905743, 2.127777777777779544 ) ) ;
#1077 = MECHANICAL_DESIGN_GEOMETRIC_PRESENTATION_REPRESENTATION (  '', ( #1315 ), #1207 ) ;
#1078 = EDGE_CURVE ( 'NONE', #949, #283, #732, .T. ) ;
#1079 = CARTESIAN_POINT ( 'NONE',  ( 4.900000000000000355, 0.6999999999999999556, 3.427777777777779811 ) ) ;
#1080 = VERTEX_POINT ( 'NONE', #583 ) ;
#1081 = DIRECTION ( 'NONE',  ( -0.0000000000000000000, 0.0000000000000000000, 1.000000000000000000 ) ) ;
#1082 = DIRECTION ( 'NONE',  ( 1.000000000000000000, -0.0000000000000000000, -0.0000000000000000000 ) ) ;
#1083 = CARTESIAN_POINT ( 'NONE',  ( 4.599999999999999645, 0.6999999999999999556, 3.327777777777780166 ) ) ;
#1084 = CARTESIAN_POINT ( 'NONE',  ( 5.000000000000000000, 0.7000000000000000666, 3.327777777777780166 ) ) ;
#1085 = ORIENTED_EDGE ( 'NONE', *, *, #397, .T. ) ;
#1086 = DIRECTION ( 'NONE',  ( 1.000000000000000000, 0.0000000000000000000, 0.0000000000000000000 ) ) ;
#1087 = DIRECTION ( 'NONE',  ( -1.000000000000000000, 0.0000000000000000000, 0.0000000000000000000 ) ) ;
#1088 = CARTESIAN_POINT ( 'NONE',  ( -1.100000000000000089, -0.7500000000000000000, 1.250000000000000000 ) ) ;
#1089 = CARTESIAN_POINT ( 'NONE',  ( 5.000000000000000000, 0.6999999999999999556, 2.227777777777780077 ) ) ;
#1090 = FILL_AREA_STYLE ('',( #766 ) ) ;
#1091 = ORIENTED_EDGE ( 'NONE', *, *, #244, .F. ) ;
#1092 = CARTESIAN_POINT ( 'NONE',  ( 4.541421356235666451, 0.7999999999982033705, 3.386356421540471562 ) ) ;
#1093 = CARTESIAN_POINT ( 'NONE',  ( 4.900000000000001243, 0.7000000000000001776, 2.127777777777779988 ) ) ;
#1094 = PRODUCT_RELATED_PRODUCT_CATEGORY ( 'part', '', ( #431 ) ) ;
#1095 = EDGE_CURVE ( 'NONE', #1316, #1300, #946, .T. ) ;
#1096 = MECHANICAL_DESIGN_GEOMETRIC_PRESENTATION_REPRESENTATION (  '', ( #308 ), #663 ) ;
#1097 = CARTESIAN_POINT ( 'NONE',  ( 4.500000000000000000, 0.7585786437626902412, 2.169199134015089570 ) ) ;
#1098 = DIRECTION ( 'NONE',  ( 0.0000000000000000000, 0.0000000000000000000, 1.000000000000000000 ) ) ;
#1099 = AXIS2_PLACEMENT_3D ( 'NONE', #1033, #379, #1247 ) ;
#1100 = ORIENTED_EDGE ( 'NONE', *, *, #701, .T. ) ;
#1101 = LINE ( 'NONE', #789, #857 ) ;
#1102 = CARTESIAN_POINT ( 'NONE',  ( 4.599999999999999645, 0.7000000000000001776, 3.427777777777779811 ) ) ;
#1103 = CARTESIAN_POINT ( 'NONE',  ( 5.000000000000001776, 0.7000000000000000666, 2.227777777777780077 ) ) ;
#1104 =( LENGTH_UNIT ( ) NAMED_UNIT ( * ) SI_UNIT ( .MILLI., .METRE. ) );
#1105 = EDGE_CURVE ( 'NONE', #413, #3, #832, .T. ) ;
#1106 = LINE ( 'NONE', #639, #197 ) ;
#1107 = ORIENTED_EDGE ( 'NONE', *, *, #1282, .F. ) ;
#1108 =( LENGTH_UNIT ( ) NAMED_UNIT ( * ) SI_UNIT ( .MILLI., .METRE. ) );
#1109 =( NAMED_UNIT ( * ) PLANE_ANGLE_UNIT ( ) SI_UNIT ( $, .RADIAN. ) );
#1110 = CARTESIAN_POINT ( 'NONE',  ( 4.900000000000001243, 0.8000000000000000444, 3.386356421540470674 ) ) ;
#1111 = CARTESIAN_POINT ( 'NONE',  ( 4.599999999999999645, -0.6999999999999999556, 2.227777777777780077 ) ) ;
#1112 = PRODUCT_DEFINITION ( 'UNKNOWN', '', #357, #1294 ) ;
#1113 = CARTESIAN_POINT ( 'NONE',  ( 4.599999999999999645, 0.6999999999999999556, 3.327777777777780166 ) ) ;
#1114 = FACE_OUTER_BOUND ( 'NONE', #1038, .T. ) ;
#1115 = SHAPE_REPRESENTATION ( 'Body', ( #334 ), #160 ) ;
#1116 = PLANE ( 'NONE',  #793 ) ;
#1117 = DIRECTION ( 'NONE',  ( 0.0000000000000000000, 1.000000000000000000, 0.0000000000000000000 ) ) ;
#1118 = CIRCLE ( 'NONE', #16, 0.1000000000000002554 ) ;
#1119 = ORIENTED_EDGE ( 'NONE', *, *, #351, .T. ) ;
#1120 = LINE ( 'NONE', #1353, #1252 ) ;
#1121 = VECTOR ( 'NONE', #1166, 1000.000000000000000 ) ;
#1122 = EDGE_CURVE ( 'NONE', #1244, #199, #392, .T. ) ;
#1123 =( NAMED_UNIT ( * ) SI_UNIT ( $, .STERADIAN. ) SOLID_ANGLE_UNIT ( ) );
#1124 = VECTOR ( 'NONE', #162, 1000.000000000000000 ) ;
#1125 = CARTESIAN_POINT ( 'NONE',  ( 4.500000000000000888, -0.6999999999999999556, 3.427777777777779811 ) ) ;
#1126 = PRESENTATION_STYLE_ASSIGNMENT (( #459 ) ) ;
#1127 = DIRECTION ( 'NONE',  ( 0.0000000000000000000, -1.000000000000000000, 0.0000000000000000000 ) ) ;
#1128 = CARTESIAN_POINT ( 'NONE',  ( 4.599999999999999645, 0.8000000000000000444, 3.427777777777779811 ) ) ;
#1129 = PRODUCT_CONTEXT ( 'NONE', #556, 'mechanical' ) ;
#1130 = VERTEX_POINT ( 'NONE', #507 ) ;
#1131 = DIRECTION ( 'NONE',  ( 0.0000000000000000000, -0.0000000000000000000, -1.000000000000000000 ) ) ;
#1132 = DIRECTION ( 'NONE',  ( 1.000000000000000000, 0.0000000000000000000, -0.0000000000000000000 ) ) ;
#1133 = VERTEX_POINT ( 'NONE', #953 ) ;
#1134 =( LENGTH_UNIT ( ) NAMED_UNIT ( * ) SI_UNIT ( .MILLI., .METRE. ) );
#1135 = ADVANCED_FACE ( 'NONE', ( #2 ), #409, .T. ) ;
#1136 = LINE ( 'NONE', #164, #1204 ) ;
#1137 = LINE ( 'NONE', #158, #743 ) ;
#1138 = EDGE_LOOP ( 'NONE', ( #967, #1269, #1100, #389, #207, #858, #377, #1221 ) ) ;
#1139 = CARTESIAN_POINT ( 'NONE',  ( 4.599999999999999645, -0.7000000000000000666, 2.127777777777779988 ) ) ;
#1140 =( NAMED_UNIT ( * ) PLANE_ANGLE_UNIT ( ) SI_UNIT ( $, .RADIAN. ) );
#1141 = LINE ( 'NONE', #1125, #37 ) ;
#1142 = DIRECTION ( 'NONE',  ( 1.000000000000000000, -1.084202172485501673E-15, 0.0000000000000000000 ) ) ;
#1143 = CARTESIAN_POINT ( 'NONE',  ( 4.599999999996932765, 0.7999999999999999334, 3.327777777777780166 ) ) ;
#1144 = ORIENTED_EDGE ( 'NONE', *, *, #943, .F. ) ;
#1145 = PLANE ( 'NONE',  #332 ) ;
#1146 = AXIS2_PLACEMENT_3D ( 'NONE', #1198, #236, #788 ) ;
#1147 =( NAMED_UNIT ( * ) PLANE_ANGLE_UNIT ( ) SI_UNIT ( $, .RADIAN. ) );
#1148 = DIRECTION ( 'NONE',  ( 1.000000000000000000, 0.0000000000000000000, -0.0000000000000000000 ) ) ;
#1149 = VERTEX_POINT ( 'NONE', #111 ) ;
#1150 = COLOUR_RGB ( '',0.7921568627450980005, 0.8196078431372548767, 0.9333333333333333481 ) ;
#1151 = VECTOR ( 'NONE', #658, 1000.000000000000000 ) ;
#1152 = CARTESIAN_POINT ( 'NONE',  ( -0.1000000000000000194, -0.1250000000000000000, 1.250000000000000000 ) ) ;
#1153 = ADVANCED_FACE ( 'NONE', ( #442 ), #330, .F. ) ;
#1154 = FACE_OUTER_BOUND ( 'NONE', #4, .T. ) ;
#1155 = SURFACE_STYLE_USAGE ( .BOTH. , #403 ) ;
#1156 = CARTESIAN_POINT ( 'NONE',  ( 4.600000000000000533, -0.7999999999999994893, 3.386356421540470674 ) ) ;
#1157 = ORIENTED_EDGE ( 'NONE', *, *, #785, .F. ) ;
#1158 = DIRECTION ( 'NONE',  ( 0.0000000000000000000, 0.0000000000000000000, 1.000000000000000000 ) ) ;
#1159 = EDGE_CURVE ( 'NONE', #503, #275, #407, .T. ) ;
#1160 = EDGE_LOOP ( 'NONE', ( #634, #962, #305, #935 ) ) ;
#1161 = DIRECTION ( 'NONE',  ( 0.0000000000000000000, -1.000000000000000000, -0.0000000000000000000 ) ) ;
#1162 = ORIENTED_EDGE ( 'NONE', *, *, #432, .T. ) ;
#1163 = ORIENTED_EDGE ( 'NONE', *, *, #1281, .F. ) ;
#1164 = CARTESIAN_POINT ( 'NONE',  ( 4.499999999999999112, -0.7585786437626902412, 2.227777777777780077 ) ) ;
#1165 = ORIENTED_EDGE ( 'NONE', *, *, #808, .F. ) ;
#1166 = DIRECTION ( 'NONE',  ( 1.000000000000000000, 0.0000000000000000000, -0.0000000000000000000 ) ) ;
#1167 = EDGE_CURVE ( 'NONE', #199, #843, #790, .T. ) ;
#1168 = AXIS2_PLACEMENT_3D ( 'NONE', #218, #874, #142 ) ;
#1169 = MECHANICAL_DESIGN_GEOMETRIC_PRESENTATION_REPRESENTATION (  '', ( #378 ), #690 ) ;
#1170 = AXIS2_PLACEMENT_3D ( 'NONE', #1222, #375, #216 ) ;
#1171 = STYLED_ITEM ( 'NONE', ( #504 ), #1208 ) ;
#1172 = EDGE_LOOP ( 'NONE', ( #725, #597, #415, #238 ) ) ;
#1173 = FILL_AREA_STYLE_COLOUR ( '', #885 ) ;
#1174 = LINE ( 'NONE', #1061, #746 ) ;
#1175 =( NAMED_UNIT ( * ) SI_UNIT ( $, .STERADIAN. ) SOLID_ANGLE_UNIT ( ) );
#1176 = EDGE_CURVE ( 'NONE', #545, #733, #532, .T. ) ;
#1177 = ORIENTED_EDGE ( 'NONE', *, *, #438, .F. ) ;
#1178 = CARTESIAN_POINT ( 'NONE',  ( 4.600000000000001421, -0.6999999999999991784, 3.427777777777779367 ) ) ;
#1179 = ORIENTED_EDGE ( 'NONE', *, *, #418, .T. ) ;
#1180 = LINE ( 'NONE', #322, #400 ) ;
#1181 = EDGE_CURVE ( 'NONE', #824, #1343, #230, .T. ) ;
#1182 = CARTESIAN_POINT ( 'NONE',  ( 4.899999999999999467, -0.7000000000000000666, 2.127777777777779988 ) ) ;
#1183 = CARTESIAN_POINT ( 'NONE',  ( 0.0000000000000000000, 0.0000000000000000000, 0.0000000000000000000 ) ) ;
#1184 = CARTESIAN_POINT ( 'NONE',  ( 4.500000000000000000, 0.6999999999999999556, 3.427777777777779811 ) ) ;
#1185 = ORIENTED_EDGE ( 'NONE', *, *, #1349, .T. ) ;
#1186 = DIRECTION ( 'NONE',  ( 1.000000000000000000, 0.0000000000000000000, 0.0000000000000000000 ) ) ;
#1187 = APPLICATION_CONTEXT ( 'automotive_design' ) ;
#1188 = CARTESIAN_POINT ( 'NONE',  ( 4.599999999999999645, -0.8000000000000000444, 3.427777777777779811 ) ) ;
#1189 = VECTOR ( 'NONE', #436, 1000.000000000000000 ) ;
#1190 = CIRCLE ( 'NONE', #202, 0.09999999999999982514 ) ;
#1191 = CARTESIAN_POINT ( 'NONE',  ( 5.000000000000001776, -0.7000000000000001776, 2.227777777777780077 ) ) ;
#1192 = SURFACE_STYLE_FILL_AREA ( #1090 ) ;
#1193 = ORIENTED_EDGE ( 'NONE', *, *, #1218, .T. ) ;
#1194 = DIRECTION ( 'NONE',  ( 0.0000000000000000000, 0.0000000000000000000, 1.000000000000000000 ) ) ;
#1195 = CARTESIAN_POINT ( 'NONE',  ( 4.900000000000000355, -0.8000000000000000444, 3.427777777777779811 ) ) ;
#1196 = CARTESIAN_POINT ( 'NONE',  ( 4.900000000000000355, 0.6999999999999999556, 3.327777777777780166 ) ) ;
#1197 = SURFACE_SIDE_STYLE ('',( #781 ) ) ;
#1198 = CARTESIAN_POINT ( 'NONE',  ( 4.599999999999999645, -0.6999999999999999556, 2.227777777777780077 ) ) ;
#1199 = CARTESIAN_POINT ( 'NONE',  ( 0.0000000000000000000, 0.0000000000000000000, 0.0000000000000000000 ) ) ;
#1200 = DIRECTION ( 'NONE',  ( -0.0000000000000000000, -1.000000000000000000, -0.0000000000000000000 ) ) ;
#1201 =( NAMED_UNIT ( * ) SI_UNIT ( $, .STERADIAN. ) SOLID_ANGLE_UNIT ( ) );
#1202 = LINE ( 'NONE', #247, #1310 ) ;
#1203 = AXIS2_PLACEMENT_3D ( 'NONE', #540, #94, #208 ) ;
#1204 = VECTOR ( 'NONE', #1242, 1000.000000000000000 ) ;
#1205 = DIRECTION ( 'NONE',  ( 0.0000000000000000000, 0.0000000000000000000, -1.000000000000000000 ) ) ;
#1206 =( GEOMETRIC_REPRESENTATION_CONTEXT ( 3 ) GLOBAL_UNCERTAINTY_ASSIGNED_CONTEXT ( ( #969 ) ) GLOBAL_UNIT_ASSIGNED_CONTEXT ( ( #1053, #961, #411 ) ) REPRESENTATION_CONTEXT ( 'NONE', 'WORKASPACE' ) );
#1207 =( GEOMETRIC_REPRESENTATION_CONTEXT ( 3 ) GLOBAL_UNCERTAINTY_ASSIGNED_CONTEXT ( ( #437 ) ) GLOBAL_UNIT_ASSIGNED_CONTEXT ( ( #758, #1290, #425 ) ) REPRESENTATION_CONTEXT ( 'NONE', 'WORKASPACE' ) );
#1208 = ADVANCED_BREP_SHAPE_REPRESENTATION ( '', ( #1288, #334 ), #1233 ) ;
#1209 = EDGE_CURVE ( 'NONE', #810, #1300, #467, .T. ) ;
#1210 = CARTESIAN_POINT ( 'NONE',  ( 4.900000000000001243, 0.7000000000000000666, 3.427777777777779811 ) ) ;
#1211 = CARTESIAN_POINT ( 'NONE',  ( -1.100000000000000089, 0.1250000000000000000, 1.250000000000000000 ) ) ;
#1212 = ITEM_DEFINED_TRANSFORMATION ( 'NONE', 'NONE', #1257,  #334 ) ;
#1213 = ORIENTED_EDGE ( 'NONE', *, *, #1218, .F. ) ;
#1214 = DIRECTION ( 'NONE',  ( 0.0000000000000000000, 0.0000000000000000000, 1.000000000000000000 ) ) ;
#1215 = DIRECTION ( 'NONE',  ( 0.0000000000000000000, -1.000000000000000000, 0.0000000000000000000 ) ) ;
#1216 = CARTESIAN_POINT ( 'NONE',  ( 4.900000000000001243, 0.7585786437626904632, 3.427777777777780255 ) ) ;
#1217 = CARTESIAN_POINT ( 'NONE',  ( 0.5000000000000000000, -0.1250000000000000000, 0.0000000000000000000 ) ) ;
#1218 = EDGE_CURVE ( 'NONE', #456, #1130, #724, .T. ) ;
#1219 =( BOUNDED_SURFACE ( )  B_SPLINE_SURFACE ( 3, 3, ( 
 ( #29, #120, #319, #1182 ),
 ( #127, #335, #1076, #1304 ),
 ( #774, #764, #347, #135 ),
 ( #1191, #41, #553, #980 ) ),
 .UNSPECIFIED., .F., .F., .F. ) 
 B_SPLINE_SURFACE_WITH_KNOTS ( ( 4, 4 ),
 ( 4, 4 ),
 ( 0.0000000000000000000, 1.000000000000000000 ),
 ( 0.0000000000000000000, 1.000000000000000000 ),
 .UNSPECIFIED. ) 
 GEOMETRIC_REPRESENTATION_ITEM ( )  RATIONAL_B_SPLINE_SURFACE ( (
 ( 1.000000000000000000, 0.8047378541243652705, 0.8047378541243652705, 1.000000000000000000),
 ( 0.8047378541243628280, 0.6476030138606861941, 0.6476030138606861941, 0.8047378541243628280),
 ( 0.8047378541243628280, 0.6476030138606861941, 0.6476030138606861941, 0.8047378541243628280),
 ( 1.000000000000000000, 0.8047378541243652705, 0.8047378541243652705, 1.000000000000000000) ) ) 
 REPRESENTATION_ITEM ( '' )  SURFACE ( )  );
#1220 = ITEM_DEFINED_TRANSFORMATION ( 'NONE', 'NONE', #535,  #334 ) ;
#1221 = ORIENTED_EDGE ( 'NONE', *, *, #1281, .T. ) ;
#1222 = CARTESIAN_POINT ( 'NONE',  ( 4.599999999999999645, -0.6999999999999999556, 2.227777777777780077 ) ) ;
#1223 = LINE ( 'NONE', #492, #954 ) ;
#1224 = ORIENTED_EDGE ( 'NONE', *, *, #1176, .F. ) ;
#1225 = CARTESIAN_POINT ( 'NONE',  ( 4.958578643762691307, 0.7000000000000000666, 3.427777777777780255 ) ) ;
#1226 = DIRECTION ( 'NONE',  ( -1.000000000000000000, 0.0000000000000000000, 0.0000000000000000000 ) ) ;
#1227 = ADVANCED_FACE ( 'NONE', ( #430 ), #124, .T. ) ;
#1228 = ORIENTED_EDGE ( 'NONE', *, *, #1095, .T. ) ;
#1229 = PLANE ( 'NONE',  #245 ) ;
#1230 = VECTOR ( 'NONE', #1081, 1000.000000000000000 ) ;
#1231 = LINE ( 'NONE', #926, #18 ) ;
#1232 = ORIENTED_EDGE ( 'NONE', *, *, #943, .T. ) ;
#1233 =( GEOMETRIC_REPRESENTATION_CONTEXT ( 3 ) GLOBAL_UNCERTAINTY_ASSIGNED_CONTEXT ( ( #97 ) ) GLOBAL_UNIT_ASSIGNED_CONTEXT ( ( #205, #1271, #956 ) ) REPRESENTATION_CONTEXT ( 'NONE', 'WORKASPACE' ) );
#1234 = CARTESIAN_POINT ( 'NONE',  ( 4.599999999999999645, 0.0000000000000000000, 2.227777777777780077 ) ) ;
#1235 = LINE ( 'NONE', #384, #132 ) ;
#1236 = EDGE_LOOP ( 'NONE', ( #661, #853, #1193, #1119 ) ) ;
#1237 = DIRECTION ( 'NONE',  ( 1.000000000000000000, 0.0000000000000000000, 0.0000000000000000000 ) ) ;
#1238 = PRODUCT_DEFINITION ( 'UNKNOWN', '', #997, #1305 ) ;
#1239 = DIRECTION ( 'NONE',  ( -0.0000000000000000000, 1.000000000000000000, 0.0000000000000000000 ) ) ;
#1240 = DIRECTION ( 'NONE',  ( 0.0000000000000000000, 0.0000000000000000000, 1.000000000000000000 ) ) ;
#1241 = ORIENTED_EDGE ( 'NONE', *, *, #710, .F. ) ;
#1242 = DIRECTION ( 'NONE',  ( 0.0000000000000000000, 0.0000000000000000000, 1.000000000000000000 ) ) ;
#1243 = FACE_OUTER_BOUND ( 'NONE', #85, .T. ) ;
#1244 = VERTEX_POINT ( 'NONE', #338 ) ;
#1245 = CARTESIAN_POINT ( 'NONE',  ( 4.500000000000000888, -0.8000000000000000444, 3.427777777777779811 ) ) ;
#1246 = FACE_OUTER_BOUND ( 'NONE', #98, .T. ) ;
#1247 = DIRECTION ( 'NONE',  ( 0.0000000000000000000, 0.0000000000000000000, -1.000000000000000000 ) ) ;
#1248 = ORIENTED_EDGE ( 'NONE', *, *, #1105, .T. ) ;
#1249 = CARTESIAN_POINT ( 'NONE',  ( 1.100000000000000089, -0.7500000000000000000, 1.250000000000000000 ) ) ;
#1250 = VECTOR ( 'NONE', #481, 1000.000000000000000 ) ;
#1251 = CARTESIAN_POINT ( 'NONE',  ( 4.541421356237308693, -0.7000000000000000666, 3.427777777777780255 ) ) ;
#1252 = VECTOR ( 'NONE', #936, 1000.000000000000000 ) ;
#1253 = ORIENTED_EDGE ( 'NONE', *, *, #317, .F. ) ;
#1254 = AXIS2_PLACEMENT_3D ( 'NONE', #1245, #386, #726 ) ;
#1255 = AXIS2_PLACEMENT_3D ( 'NONE', #139, #1082, #1194 ) ;
#1256 = EDGE_CURVE ( 'NONE', #1042, #622, #1072, .T. ) ;
#1257 = AXIS2_PLACEMENT_3D ( 'NONE', #337, #775, #538 ) ;
#1258 = CARTESIAN_POINT ( 'NONE',  ( -0.1000000000000000056, -0.1250000000000000000, 1.250000000000000000 ) ) ;
#1259 = VERTEX_POINT ( 'NONE', #779 ) ;
#1260 = SHAPE_REPRESENTATION ( 'Inlay', ( #334 ), #534 ) ;
#1261 = CARTESIAN_POINT ( 'NONE',  ( -0.5000000000000000000, 0.1250000000000000000, 0.01428571430615870053 ) ) ;
#1262 = ORIENTED_EDGE ( 'NONE', *, *, #81, .T. ) ;
#1263 = CARTESIAN_POINT ( 'NONE',  ( 4.900000000000000355, -0.8000000000000000444, 2.227777777777780077 ) ) ;
#1264 = ORIENTED_EDGE ( 'NONE', *, *, #373, .F. ) ;
#1265 = ADVANCED_FACE ( 'NONE', ( #873 ), #582, .T. ) ;
#1266 = DIRECTION ( 'NONE',  ( 0.0000000000000000000, 0.0000000000000000000, 1.000000000000000000 ) ) ;
#1267 = CARTESIAN_POINT ( 'NONE',  ( 4.600000000000000533, -0.7585786437626904632, 2.127777777777779988 ) ) ;
#1268 = VERTEX_POINT ( 'NONE', #1002 ) ;
#1269 = ORIENTED_EDGE ( 'NONE', *, *, #839, .F. ) ;
#1270 = ADVANCED_FACE ( 'NONE', ( #457 ), #119, .F. ) ;
#1271 =( NAMED_UNIT ( * ) PLANE_ANGLE_UNIT ( ) SI_UNIT ( $, .RADIAN. ) );
#1272 = ORIENTED_EDGE ( 'NONE', *, *, #1181, .T. ) ;
#1273 = CARTESIAN_POINT ( 'NONE',  ( 4.500000000000000888, 0.7000000000000000666, 2.227777777777780077 ) ) ;
#1274 = PLANE ( 'NONE',  #399 ) ;
#1275 = VECTOR ( 'NONE', #290, 1000.000000000000000 ) ;
#1276 = AXIS2_PLACEMENT_3D ( 'NONE', #232, #26, #128 ) ;
#1277 = EDGE_LOOP ( 'NONE', ( #309, #328, #475, #814, #571, #497, #1348, #92 ) ) ;
#1278 = DIRECTION ( 'NONE',  ( 0.0000000000000000000, -1.000000000000000000, -0.0000000000000000000 ) ) ;
#1279 = EDGE_LOOP ( 'NONE', ( #385, #670, #7 ) ) ;
#1280 = LINE ( 'NONE', #414, #1057 ) ;
#1281 = EDGE_CURVE ( 'NONE', #440, #1259, #1223, .T. ) ;
#1282 = EDGE_CURVE ( 'NONE', #401, #456, #747, .T. ) ;
#1283 = UNCERTAINTY_MEASURE_WITH_UNIT (LENGTH_MEASURE( 1.000000000000000082E-05 ), #192, 'distance_accuracy_value', 'NONE');
#1284 = DIRECTION ( 'NONE',  ( -0.0000000000000000000, -1.000000000000000000, -0.0000000000000000000 ) ) ;
#1285 = CARTESIAN_POINT ( 'NONE',  ( -0.5000000000000000000, 0.1250000000000000000, 0.0000000000000000000 ) ) ;
#1286 = CARTESIAN_POINT ( 'NONE',  ( -0.1000000000000000056, 0.1250000000000000000, 1.235714285714279992 ) ) ;
#1287 = ADVANCED_FACE ( 'NONE', ( #161 ), #903, .F. ) ;
#1288 = MANIFOLD_SOLID_BREP ( 'Imported1', #1342 ) ;
#1289 = CARTESIAN_POINT ( 'NONE',  ( 4.600000000000000533, 0.8000000000000000444, 2.169199134015089570 ) ) ;
#1290 =( NAMED_UNIT ( * ) PLANE_ANGLE_UNIT ( ) SI_UNIT ( $, .RADIAN. ) );
#1291 = VERTEX_POINT ( 'NONE', #471 ) ;
#1292 = DIRECTION ( 'NONE',  ( 1.000000000000000000, 0.0000000000000000000, 0.0000000000000000000 ) ) ;
#1293 = CARTESIAN_POINT ( 'NONE',  ( -0.5000000000000000000, -0.1250000000000000000, 0.01428571430615870053 ) ) ;
#1294 = PRODUCT_DEFINITION_CONTEXT ( 'detailed design', #1187, 'design' ) ;
#1295 = VECTOR ( 'NONE', #806, 1000.000000000000000 ) ;
#1296 = AXIS2_PLACEMENT_3D ( 'NONE', #1234, #922, #86 ) ;
#1297 = CARTESIAN_POINT ( 'NONE',  ( 4.599999999999999645, 0.7000000000000000666, 2.127777777777779988 ) ) ;
#1298 = VECTOR ( 'NONE', #653, 1000.000000000000000 ) ;
#1299 = DIRECTION ( 'NONE',  ( 1.000000000000000000, 0.0000000000000000000, 0.0000000000000000000 ) ) ;
#1300 = VERTEX_POINT ( 'NONE', #388 ) ;
#1301 = CARTESIAN_POINT ( 'NONE',  ( 4.599999999999999645, 0.6999999999999999556, 3.327777777777780166 ) ) ;
#1302 = CARTESIAN_POINT ( 'NONE',  ( 4.958578643759406823, 0.8000000000035943915, 2.169199134015089125 ) ) ;
#1303 = DIRECTION ( 'NONE',  ( -1.000000000000000000, 0.0000000000000000000, 0.0000000000000000000 ) ) ;
#1304 = CARTESIAN_POINT ( 'NONE',  ( 4.900000000000000355, -0.7585786437626900192, 2.127777777777779988 ) ) ;
#1305 = PRODUCT_DEFINITION_CONTEXT ( 'detailed design', #860, 'design' ) ;
#1306 = DIRECTION ( 'NONE',  ( 0.0000000000000000000, 0.0000000000000000000, 1.000000000000000000 ) ) ;
#1307 = ORIENTED_EDGE ( 'NONE', *, *, #640, .F. ) ;
#1308 = DIRECTION ( 'NONE',  ( 1.000000000000000000, 0.0000000000000000000, -0.0000000000000000000 ) ) ;
#1309 = DIRECTION ( 'NONE',  ( -0.0000000000000000000, -0.0000000000000000000, -1.000000000000000000 ) ) ;
#1310 = VECTOR ( 'NONE', #1284, 1000.000000000000000 ) ;
#1311 = VECTOR ( 'NONE', #470, 1000.000000000000000 ) ;
#1312 = CYLINDRICAL_SURFACE ( 'NONE', #329, 0.09999999999999982514 ) ;
#1313 = AXIS2_PLACEMENT_3D ( 'NONE', #478, #58, #472 ) ;
#1314 = APPLICATION_PROTOCOL_DEFINITION ( 'draft international standard', 'automotive_design', 1998, #107 ) ;
#1315 = STYLED_ITEM ( 'NONE', ( #320 ), #902 ) ;
#1316 = VERTEX_POINT ( 'NONE', #578 ) ;
#1317 = AXIS2_PLACEMENT_3D ( 'NONE', #30, #21, #981 ) ;
#1318 = DIRECTION ( 'NONE',  ( -1.000000000000000000, 0.0000000000000000000, 0.0000000000000000000 ) ) ;
#1319 = DIRECTION ( 'NONE',  ( 0.0000000000000000000, 0.0000000000000000000, -1.000000000000000000 ) ) ;
#1320 = FILL_AREA_STYLE ('',( #787 ) ) ;
#1321 = PRODUCT_DEFINITION_FORMATION_WITH_SPECIFIED_SOURCE ( 'ANY', '', #869, .NOT_KNOWN. ) ;
#1322 = ADVANCED_FACE ( 'NONE', ( #672 ), #1332, .F. ) ;
#1323 = CARTESIAN_POINT ( 'NONE',  ( 4.900000000000000355, 0.7000000000000000666, 3.427777777777779811 ) ) ;
#1324 = SHAPE_DEFINITION_REPRESENTATION ( #723, #537 ) ;
#1325 = CARTESIAN_POINT ( 'NONE',  ( -0.5000000000000000000, -0.1250000000000000000, 0.01428571430615870053 ) ) ;
#1326 = CARTESIAN_POINT ( 'NONE',  ( 4.599999999999999645, -0.8000000000000000444, 2.127777777777779988 ) ) ;
#1327 = ORIENTED_EDGE ( 'NONE', *, *, #1043, .T. ) ;
#1328 = EDGE_CURVE ( 'NONE', #272, #1149, #1030, .T. ) ;
#1329 = DIRECTION ( 'NONE',  ( 0.0000000000000000000, 0.0000000000000000000, 1.000000000000000000 ) ) ;
#1330 = ORIENTED_EDGE ( 'NONE', *, *, #438, .T. ) ;
#1331 = PLANE ( 'NONE',  #1254 ) ;
#1332 = PLANE ( 'NONE',  #603 ) ;
#1333 = CARTESIAN_POINT ( 'NONE',  ( 4.900000000000000355, -0.7000000000000000666, 2.127777777777779988 ) ) ;
#1334 = CARTESIAN_POINT ( 'NONE',  ( 5.000000000000000888, -0.7000000000000000666, 2.227777777777780077 ) ) ;
#1335 = DIRECTION ( 'NONE',  ( 0.0000000000000000000, -1.000000000000000000, -0.0000000000000000000 ) ) ;
#1336 = PRODUCT_DEFINITION ( 'UNKNOWN', '', #727, #674 ) ;
#1337 = AXIS2_PLACEMENT_3D ( 'NONE', #575, #683, #173 ) ;
#1338 = ORIENTED_EDGE ( 'NONE', *, *, #387, .F. ) ;
#1339 = FACE_OUTER_BOUND ( 'NONE', #1277, .T. ) ;
#1340 = CARTESIAN_POINT ( 'NONE',  ( 1.100000000000000089, -0.7500000000000000000, 0.05000000000000000278 ) ) ;
#1341 = AXIS2_PLACEMENT_3D ( 'NONE', #979, #996, #1009 ) ;
#1342 = CLOSED_SHELL ( 'NONE', ( #302, #1026, #1055, #149, #1135, #1322, #677, #950, #610, #528, #6, #854, #1153, #934, #343, #74, #831, #106, #381, #1062, #1032, #12, #1, #1265, #879, #847 ) ) ;
#1343 = VERTEX_POINT ( 'NONE', #912 ) ;
#1344 = AXIS2_PLACEMENT_3D ( 'NONE', #463, #477, #484 ) ;
#1345 = AXIS2_PLACEMENT_3D ( 'NONE', #1199, #237, #554 ) ;
#1346 = DIRECTION ( 'NONE',  ( -0.0000000000000000000, -0.0000000000000000000, -1.000000000000000000 ) ) ;
#1347 = CYLINDRICAL_SURFACE ( 'NONE', #51, 0.1000000000000002554 ) ;
#1348 = ORIENTED_EDGE ( 'NONE', *, *, #1167, .F. ) ;
#1349 = EDGE_CURVE ( 'NONE', #314, #1018, #69, .T. ) ;
#1350 = DIRECTION ( 'NONE',  ( -1.000000000000000000, -0.0000000000000000000, -0.0000000000000000000 ) ) ;
#1351 = DIRECTION ( 'NONE',  ( 0.0000000000000000000, -0.0000000000000000000, 1.000000000000000000 ) ) ;
#1352 = ORIENTED_EDGE ( 'NONE', *, *, #581, .F. ) ;
#1353 = CARTESIAN_POINT ( 'NONE',  ( 0.5000000000000000000, 0.1250000000000000000, 0.01428571430615870053 ) ) ;
#1354 = CARTESIAN_POINT ( 'NONE',  ( 4.565685424949237792, -0.7585786437626901302, 3.427777777777779811 ) ) ;
#1355 = ORIENTED_EDGE ( 'NONE', *, *, #325, .F. ) ;
#1356 = CARTESIAN_POINT ( 'NONE',  ( -0.5000000000000000000, -0.1250000000000000000, 0.01428571430615870053 ) ) ;
#1357 = CARTESIAN_POINT ( 'NONE',  ( 4.541421356237308693, 0.7999999999999999334, 2.227777777777780077 ) ) ;
#1358 = AXIS2_PLACEMENT_3D ( 'NONE', #1196, #547, #988 ) ;
#1359 = NEXT_ASSEMBLY_USAGE_OCCURRENCE ( 'NAUO1', ' ', ' ', #1112, #1238, $ ) ;
#1360 = NEXT_ASSEMBLY_USAGE_OCCURRENCE ( 'NAUO2', ' ', ' ', #1112, #1336, $ ) ;
#1361 = NEXT_ASSEMBLY_USAGE_OCCURRENCE ( 'NAUO3', ' ', ' ', #1112, #1336, $ ) ;
#1362 = NEXT_ASSEMBLY_USAGE_OCCURRENCE ( 'NAUO4', ' ', ' ', #1112, #650, $ ) ;
ENDSEC;
END-ISO-10303-21;
