ISO-10303-21;
HEADER;
FILE_DESCRIPTION (( 'STEP AP214' ),
    '1' );
FILE_NAME ('User Library-VH-2AW.STEP',
    '2026-08-17T07:38:31',
    ( '' ),
    ( '' ),
    'SwSTEP 2.0',
    'SolidWorks 2022',
    '' );
FILE_SCHEMA (( 'AUTOMOTIVE_DESIGN' ));
ENDSEC;

DATA;
#1 = DIRECTION ( 'NONE',  ( 0.0000000000000000000, -1.000000000000000000, 0.0000000000000000000 ) ) ;
#2 = FACE_OUTER_BOUND ( 'NONE', #661, .T. ) ;
#3 = ORIENTED_EDGE ( 'NONE', *, *, #1011, .F. ) ;
#4 = ADVANCED_FACE ( 'NONE', ( #450 ), #968, .F. ) ;
#5 = EDGE_LOOP ( 'NONE', ( #192, #1518, #912, #835 ) ) ;
#6 = CARTESIAN_POINT ( 'NONE',  ( -2.500000000000000000, 6.764041066276149650, 7.900000000000000355 ) ) ;
#7 = LINE ( 'NONE', #279, #862 ) ;
#8 = DIRECTION ( 'NONE',  ( 0.0000000000000000000, 1.000000000000000000, 0.0000000000000000000 ) ) ;
#9 = EDGE_CURVE ( 'NONE', #607, #616, #942, .T. ) ;
#10 = ORIENTED_EDGE ( 'NONE', *, *, #1284, .F. ) ;
#11 = LINE ( 'NONE', #537, #806 ) ;
#12 = EDGE_CURVE ( 'NONE', #1451, #28, #41, .T. ) ;
#13 = CARTESIAN_POINT ( 'NONE',  ( -2.929999999999999716, 8.099999999999999645, -1.500000000000000000 ) ) ;
#14 = CARTESIAN_POINT ( 'NONE',  ( 2.929999999999999716, 6.764041066276149650, -1.500000000000000000 ) ) ;
#15 = VECTOR ( 'NONE', #1422, 1000.000000000000000 ) ;
#16 = CARTESIAN_POINT ( 'NONE',  ( 1.129999999999999893, 8.884999999999999787, 0.5649999999999999467 ) ) ;
#17 = ORIENTED_EDGE ( 'NONE', *, *, #927, .T. ) ;
#18 = VECTOR ( 'NONE', #1201, 1000.000000000000114 ) ;
#19 = VECTOR ( 'NONE', #1460, 1000.000000000000000 ) ;
#20 =( GEOMETRIC_REPRESENTATION_CONTEXT ( 3 ) GLOBAL_UNCERTAINTY_ASSIGNED_CONTEXT ( ( #249 ) ) GLOBAL_UNIT_ASSIGNED_CONTEXT ( ( #1025, #263, #797 ) ) REPRESENTATION_CONTEXT ( 'NONE', 'WORKASPACE' ) );
#21 = ORIENTED_EDGE ( 'NONE', *, *, #223, .F. ) ;
#22 = DIRECTION ( 'NONE',  ( 0.0000000000000000000, 0.0000000000000000000, -1.000000000000000000 ) ) ;
#23 = CARTESIAN_POINT ( 'NONE',  ( 3.959999999999999964, 8.099999999999999645, -1.500000000000000000 ) ) ;
#24 = EDGE_CURVE ( 'NONE', #555, #26, #956, .T. ) ;
#25 = FACE_OUTER_BOUND ( 'NONE', #1581, .T. ) ;
#26 = VERTEX_POINT ( 'NONE', #426 ) ;
#27 = ORIENTED_EDGE ( 'NONE', *, *, #1651, .F. ) ;
#28 = VERTEX_POINT ( 'NONE', #719 ) ;
#29 = PLANE ( 'NONE',  #833 ) ;
#30 = DIRECTION ( 'NONE',  ( 1.000000000000000000, 0.0000000000000000000, 0.0000000000000000000 ) ) ;
#31 = CARTESIAN_POINT ( 'NONE',  ( -2.500000000000000000, 6.764041066276149650, 5.700000000000000178 ) ) ;
#32 = ADVANCED_FACE ( 'NONE', ( #334 ), #1207, .F. ) ;
#33 = ORIENTED_EDGE ( 'NONE', *, *, #1662, .F. ) ;
#34 = ORIENTED_EDGE ( 'NONE', *, *, #1274, .T. ) ;
#35 = EDGE_CURVE ( 'NONE', #403, #1381, #818, .T. ) ;
#36 = ORIENTED_EDGE ( 'NONE', *, *, #987, .T. ) ;
#37 = CARTESIAN_POINT ( 'NONE',  ( 0.5649999999999999467, 1.500000000000060174, -0.5649999999999999467 ) ) ;
#38 = CARTESIAN_POINT ( 'NONE',  ( -0.5649999999999999467, 0.0000000000000000000, 0.4337670047111135130 ) ) ;
#39 = DIRECTION ( 'NONE',  ( 0.0000000000000000000, 1.000000000000000000, 0.0000000000000000000 ) ) ;
#40 = EDGE_LOOP ( 'NONE', ( #496, #1254, #1145, #698 ) ) ;
#41 = LINE ( 'NONE', #1328, #1587 ) ;
#42 = DIRECTION ( 'NONE',  ( 0.0000000000000000000, 0.0000000000000000000, 1.000000000000000000 ) ) ;
#43 = VECTOR ( 'NONE', #951, 1000.000000000000000 ) ;
#44 = ADVANCED_FACE ( 'NONE', ( #1342 ), #682, .F. ) ;
#45 = DIRECTION ( 'NONE',  ( 0.0000000000000000000, 1.000000000000000000, 0.0000000000000000000 ) ) ;
#46 = VECTOR ( 'NONE', #1243, 1000.000000000000000 ) ;
#47 = EDGE_CURVE ( 'NONE', #1574, #531, #1352, .T. ) ;
#48 = AXIS2_PLACEMENT_3D ( 'NONE', #587, #58, #165 ) ;
#49 = ORIENTED_EDGE ( 'NONE', *, *, #337, .T. ) ;
#50 = PLANE ( 'NONE',  #153 ) ;
#51 = VECTOR ( 'NONE', #376, 1000.000000000000227 ) ;
#52 =( NAMED_UNIT ( * ) SI_UNIT ( $, .STERADIAN. ) SOLID_ANGLE_UNIT ( ) );
#53 = DIRECTION ( 'NONE',  ( -0.08682659386424437797, 0.9924325091389676334, 0.08682659386424437797 ) ) ;
#54 = ORIENTED_EDGE ( 'NONE', *, *, #145, .F. ) ;
#55 = EDGE_LOOP ( 'NONE', ( #109, #813, #598, #789 ) ) ;
#56 = EDGE_LOOP ( 'NONE', ( #825, #900, #788, #205 ) ) ;
#57 = EDGE_CURVE ( 'NONE', #974, #280, #441, .T. ) ;
#58 = DIRECTION ( 'NONE',  ( 0.0000000000000000000, 0.0000000000000000000, 1.000000000000000000 ) ) ;
#59 =( NAMED_UNIT ( * ) PLANE_ANGLE_UNIT ( ) SI_UNIT ( $, .RADIAN. ) );
#60 = LINE ( 'NONE', #696, #1450 ) ;
#61 = DIRECTION ( 'NONE',  ( 0.0000000000000000000, 0.0000000000000000000, 1.000000000000000000 ) ) ;
#62 = CARTESIAN_POINT ( 'NONE',  ( -2.544999999999999929, 5.264999999999999680, 1.500000000000000000 ) ) ;
#63 = PLANE ( 'NONE',  #1333 ) ;
#64 = CARTESIAN_POINT ( 'NONE',  ( 3.959999999999999964, 0.0000000000000000000, 1.500000000000000000 ) ) ;
#65 = ORIENTED_EDGE ( 'NONE', *, *, #1231, .F. ) ;
#66 = ORIENTED_EDGE ( 'NONE', *, *, #776, .T. ) ;
#67 = LINE ( 'NONE', #188, #1038 ) ;
#68 = EDGE_CURVE ( 'NONE', #1318, #510, #1056, .T. ) ;
#69 = LINE ( 'NONE', #588, #1129 ) ;
#70 = ADVANCED_FACE ( 'NONE', ( #1579 ), #932, .F. ) ;
#71 = PLANE ( 'NONE',  #277 ) ;
#72 = VERTEX_POINT ( 'NONE', #565 ) ;
#73 = CARTESIAN_POINT ( 'NONE',  ( -2.929999999999999716, 0.0000000000000000000, -1.000000000000000000 ) ) ;
#74 = FACE_BOUND ( 'NONE', #1378, .T. ) ;
#75 = LINE ( 'NONE', #595, #360 ) ;
#76 = VECTOR ( 'NONE', #898, 1000.000000000000000 ) ;
#77 = EDGE_LOOP ( 'NONE', ( #1059, #1286, #1531, #792 ) ) ;
#78 = DIRECTION ( 'NONE',  ( -1.000000000000000000, 0.0000000000000000000, 0.0000000000000000000 ) ) ;
#79 = VECTOR ( 'NONE', #715, 1000.000000000000000 ) ;
#80 = VECTOR ( 'NONE', #1434, 1000.000000000000000 ) ;
#81 = AXIS2_PLACEMENT_3D ( 'NONE', #1141, #350, #753 ) ;
#82 = LINE ( 'NONE', #1015, #412 ) ;
#83 = AXIS2_PLACEMENT_3D ( 'NONE', #716, #1613, #1324 ) ;
#84 = LINE ( 'NONE', #1138, #777 ) ;
#85 = EDGE_CURVE ( 'NONE', #1273, #72, #1311, .T. ) ;
#86 = DIRECTION ( 'NONE',  ( -0.08715574274765486296, 0.0000000000000000000, 0.9961946980917458783 ) ) ;
#87 = CARTESIAN_POINT ( 'NONE',  ( 2.544999999999999929, 5.264999999999999680, -1.000000000000000000 ) ) ;
#88 = ORIENTED_EDGE ( 'NONE', *, *, #129, .F. ) ;
#89 = DIRECTION ( 'NONE',  ( -1.918941898204434823E-16, -1.000000000000000000, 0.0000000000000000000 ) ) ;
#90 = EDGE_LOOP ( 'NONE', ( #1133, #379, #10, #1557 ) ) ;
#91 = CARTESIAN_POINT ( 'NONE',  ( 0.5649999999999999467, 7.190000000000000391, -0.5649999999999999467 ) ) ;
#92 = LINE ( 'NONE', #1384, #594 ) ;
#93 = ADVANCED_FACE ( 'NONE', ( #1069 ), #312, .T. ) ;
#94 = PRODUCT_DEFINITION_SHAPE ( 'NONE', 'NONE',  #1688 ) ;
#95 = EDGE_CURVE ( 'NONE', #1403, #967, #228, .T. ) ;
#96 = VERTEX_POINT ( 'NONE', #1010 ) ;
#97 = SURFACE_SIDE_STYLE ('',( #1113 ) ) ;
#98 = PLANE ( 'NONE',  #433 ) ;
#99 = VERTEX_POINT ( 'NONE', #73 ) ;
#100 = CARTESIAN_POINT ( 'NONE',  ( -1.415000000000000036, 5.264999999999999680, 1.500000000000000000 ) ) ;
#101 = FACE_OUTER_BOUND ( 'NONE', #542, .T. ) ;
#102 = DIRECTION ( 'NONE',  ( 0.0000000000000000000, -1.000000000000000000, 0.0000000000000000000 ) ) ;
#103 = ORIENTED_EDGE ( 'NONE', *, *, #47, .F. ) ;
#104 = FILL_AREA_STYLE ('',( #752 ) ) ;
#105 = EDGE_CURVE ( 'NONE', #429, #173, #983, .T. ) ;
#106 = VECTOR ( 'NONE', #764, 1000.000000000000000 ) ;
#107 = VECTOR ( 'NONE', #796, 1000.000000000000000 ) ;
#108 = LINE ( 'NONE', #1380, #737 ) ;
#109 = ORIENTED_EDGE ( 'NONE', *, *, #1534, .T. ) ;
#110 = CARTESIAN_POINT ( 'NONE',  ( 1.415000000000000036, 5.264999999999999680, 1.500000000000000000 ) ) ;
#111 = CARTESIAN_POINT ( 'NONE',  ( -0.5649999999999999467, 0.0000000000000000000, 0.5649999999999999467 ) ) ;
#112 = STYLED_ITEM ( 'NONE', ( #1176 ), #378 ) ;
#113 = CARTESIAN_POINT ( 'NONE',  ( 2.500000000000000000, 7.700000000000000178, 5.700000000000000178 ) ) ;
#114 = VERTEX_POINT ( 'NONE', #1665 ) ;
#115 = PRESENTATION_STYLE_ASSIGNMENT (( #1257 ) ) ;
#116 = APPLICATION_PROTOCOL_DEFINITION ( 'draft international standard', 'automotive_design', 1998, #500 ) ;
#117 = EDGE_CURVE ( 'NONE', #655, #1668, #1502, .T. ) ;
#118 = LINE ( 'NONE', #478, #563 ) ;
#119 = CARTESIAN_POINT ( 'NONE',  ( -2.929999999999999716, 8.000000000000000000, -1.000000000000000000 ) ) ;
#120 = ORIENTED_EDGE ( 'NONE', *, *, #526, .T. ) ;
#121 = ORIENTED_EDGE ( 'NONE', *, *, #240, .T. ) ;
#122 = DIRECTION ( 'NONE',  ( 0.0000000000000000000, 0.0000000000000000000, -1.000000000000000000 ) ) ;
#123 = ADVANCED_FACE ( 'NONE', ( #1656 ), #885, .F. ) ;
#124 = PRODUCT_DEFINITION_CONTEXT ( 'detailed design', #566, 'design' ) ;
#125 = LINE ( 'NONE', #915, #128 ) ;
#126 = VECTOR ( 'NONE', #1468, 1000.000000000000000 ) ;
#127 = DIRECTION ( 'NONE',  ( -1.000000000000000000, 0.0000000000000000000, 0.0000000000000000000 ) ) ;
#128 = VECTOR ( 'NONE', #527, 1000.000000000000000 ) ;
#129 = EDGE_CURVE ( 'NONE', #377, #1125, #84, .T. ) ;
#130 = VECTOR ( 'NONE', #1071, 1000.000000000000114 ) ;
#131 = EDGE_LOOP ( 'NONE', ( #658, #36, #1072, #224 ) ) ;
#132 = AXIS2_PLACEMENT_3D ( 'NONE', #310, #61, #573 ) ;
#133 = ORIENTED_EDGE ( 'NONE', *, *, #287, .F. ) ;
#134 = CARTESIAN_POINT ( 'NONE',  ( 2.929999999999999716, 6.764041066276149650, -1.000000000000000000 ) ) ;
#135 = PRODUCT_DEFINITION_CONTEXT ( 'detailed design', #500, 'design' ) ;
#136 = LINE ( 'NONE', #1162, #392 ) ;
#137 = EDGE_CURVE ( 'NONE', #96, #1574, #221, .T. ) ;
#138 = ORIENTED_EDGE ( 'NONE', *, *, #35, .F. ) ;
#139 = CARTESIAN_POINT ( 'NONE',  ( -3.959999999999999964, 0.0000000000000000000, 1.500000000000000000 ) ) ;
#140 = SURFACE_STYLE_USAGE ( .BOTH. , #1421 ) ;
#141 = CARTESIAN_POINT ( 'NONE',  ( -3.959999999999999964, 6.764041066276149650, -1.500000000000000000 ) ) ;
#142 = CARTESIAN_POINT ( 'NONE',  ( 1.415000000000000036, 5.264999999999999680, -1.000000000000000000 ) ) ;
#143 = ORIENTED_EDGE ( 'NONE', *, *, #57, .T. ) ;
#144 = ORIENTED_EDGE ( 'NONE', *, *, #1307, .F. ) ;
#145 = EDGE_CURVE ( 'NONE', #510, #72, #1382, .T. ) ;
#146 = DIRECTION ( 'NONE',  ( 0.0000000000000000000, 0.0000000000000000000, 1.000000000000000000 ) ) ;
#147 =( LENGTH_UNIT ( ) NAMED_UNIT ( * ) SI_UNIT ( .MILLI., .METRE. ) );
#148 = CYLINDRICAL_SURFACE ( 'NONE', #1020, 0.5649999999999999467 ) ;
#149 = AXIS2_PLACEMENT_3D ( 'NONE', #826, #1400, #1126 ) ;
#150 = DIRECTION ( 'NONE',  ( 0.0000000000000000000, -1.000000000000000000, 0.0000000000000000000 ) ) ;
#151 = ORIENTED_EDGE ( 'NONE', *, *, #68, .F. ) ;
#152 = ORIENTED_EDGE ( 'NONE', *, *, #255, .F. ) ;
#153 = AXIS2_PLACEMENT_3D ( 'NONE', #822, #1074, #465 ) ;
#154 = CIRCLE ( 'NONE', #1100, 1.694999999999999840 ) ;
#155 = ORIENTED_EDGE ( 'NONE', *, *, #714, .F. ) ;
#156 = CARTESIAN_POINT ( 'NONE',  ( 0.5649999999999999467, 1.500000000000060174, -0.5649999999999999467 ) ) ;
#157 = EDGE_CURVE ( 'NONE', #402, #721, #1096, .T. ) ;
#158 = DIRECTION ( 'NONE',  ( -1.000000000000000000, 0.0000000000000000000, 0.0000000000000000000 ) ) ;
#159 = EDGE_CURVE ( 'NONE', #99, #974, #1373, .T. ) ;
#160 = DIRECTION ( 'NONE',  ( 1.000000000000000000, 0.0000000000000000000, 0.0000000000000000000 ) ) ;
#161 = ORIENTED_EDGE ( 'NONE', *, *, #1547, .F. ) ;
#162 = DIRECTION ( 'NONE',  ( 1.485208455459593825E-16, 0.0000000000000000000, 1.000000000000000000 ) ) ;
#163 = DIRECTION ( 'NONE',  ( 0.0000000000000000000, 0.0000000000000000000, -1.000000000000000000 ) ) ;
#164 = ORIENTED_EDGE ( 'NONE', *, *, #309, .F. ) ;
#165 = DIRECTION ( 'NONE',  ( 1.000000000000000000, 0.0000000000000000000, 0.0000000000000000000 ) ) ;
#166 = CARTESIAN_POINT ( 'NONE',  ( 3.962394429816999963, -2.586558200011999986, 0.1653855638639999959 ) ) ;
#167 = ADVANCED_FACE ( 'NONE', ( #210 ), #613, .T. ) ;
#168 = DIRECTION ( 'NONE',  ( -0.08682659386424437797, 0.9924325091389676334, -0.08682659386424437797 ) ) ;
#169 = DIRECTION ( 'NONE',  ( -1.000000000000000000, 0.0000000000000000000, 0.0000000000000000000 ) ) ;
#170 = EDGE_CURVE ( 'NONE', #851, #338, #1513, .T. ) ;
#171 = CARTESIAN_POINT ( 'NONE',  ( -1.415000000000000036, 4.134999999999999787, 1.500000000000000000 ) ) ;
#172 = ORIENTED_EDGE ( 'NONE', *, *, #1461, .F. ) ;
#173 = VERTEX_POINT ( 'NONE', #237 ) ;
#174 = DIRECTION ( 'NONE',  ( 0.0000000000000000000, 0.0000000000000000000, -1.000000000000000000 ) ) ;
#175 = PRESENTATION_STYLE_ASSIGNMENT (( #1349 ) ) ;
#176 = FACE_OUTER_BOUND ( 'NONE', #1372, .T. ) ;
#177 = CARTESIAN_POINT ( 'NONE',  ( 2.544999999999999929, 5.264999999999999680, 1.500000000000000000 ) ) ;
#178 = VECTOR ( 'NONE', #1196, 1000.000000000000000 ) ;
#179 = ORIENTED_EDGE ( 'NONE', *, *, #761, .F. ) ;
#180 = EDGE_LOOP ( 'NONE', ( #950, #214, #1340, #1431 ) ) ;
#181 = CARTESIAN_POINT ( 'NONE',  ( 1.129999999999999893, 7.190000000000000391, -0.5649999999999999467 ) ) ;
#182 = VECTOR ( 'NONE', #871, 1000.000000000000000 ) ;
#183 = LINE ( 'NONE', #1354, #970 ) ;
#184 = EDGE_CURVE ( 'NONE', #1636, #1215, #468, .T. ) ;
#185 = VECTOR ( 'NONE', #1586, 1000.000000000000000 ) ;
#186 = VECTOR ( 'NONE', #817, 1000.000000000000000 ) ;
#187 = VERTEX_POINT ( 'NONE', #1647 ) ;
#188 = CARTESIAN_POINT ( 'NONE',  ( -0.5649999999999999467, 7.190000000000000391, -0.5649999999999999467 ) ) ;
#189 = COLOUR_RGB ( '',0.4980392156862745168, 0.4980392156862745168, 0.4980392156862745168 ) ;
#190 = PLANE ( 'NONE',  #1232 ) ;
#191 = DIRECTION ( 'NONE',  ( -1.000000000000000000, 0.0000000000000000000, 0.0000000000000000000 ) ) ;
#192 = ORIENTED_EDGE ( 'NONE', *, *, #1573, .T. ) ;
#193 = ORIENTED_EDGE ( 'NONE', *, *, #401, .F. ) ;
#194 = CARTESIAN_POINT ( 'NONE',  ( -3.959999999999999964, 6.764041066276149650, -1.500000000000000000 ) ) ;
#195 = FACE_OUTER_BOUND ( 'NONE', #5, .T. ) ;
#196 = VERTEX_POINT ( 'NONE', #1251 ) ;
#197 = ORIENTED_EDGE ( 'NONE', *, *, #1553, .T. ) ;
#198 = LINE ( 'NONE', #856, #1132 ) ;
#199 = CARTESIAN_POINT ( 'NONE',  ( 2.544999999999999929, 4.134999999999999787, 1.500000000000000000 ) ) ;
#200 = CARTESIAN_POINT ( 'NONE',  ( -1.415000000000000036, 5.264999999999999680, 1.500000000000000000 ) ) ;
#201 = VERTEX_POINT ( 'NONE', #91 ) ;
#202 = VERTEX_POINT ( 'NONE', #1005 ) ;
#203 = LINE ( 'NONE', #1080, #185 ) ;
#204 = LINE ( 'NONE', #212, #865 ) ;
#205 = ORIENTED_EDGE ( 'NONE', *, *, #688, .T. ) ;
#206 = DIRECTION ( 'NONE',  ( 0.0000000000000000000, 0.1129096880442861800, 0.9936052547897187281 ) ) ;
#207 = CONTEXT_DEPENDENT_SHAPE_REPRESENTATION ( #891, #390 ) ;
#208 = EDGE_CURVE ( 'NONE', #1158, #413, #852, .T. ) ;
#209 = ORIENTED_EDGE ( 'NONE', *, *, #1525, .F. ) ;
#210 = FACE_OUTER_BOUND ( 'NONE', #288, .T. ) ;
#211 = CARTESIAN_POINT ( 'NONE',  ( 0.0000000000000000000, 0.0000000000000000000, 0.0000000000000000000 ) ) ;
#212 = CARTESIAN_POINT ( 'NONE',  ( -2.500000000000000000, 7.514041066276149650, 7.900000000000000355 ) ) ;
#213 = VECTOR ( 'NONE', #1539, 1000.000000000000000 ) ;
#214 = ORIENTED_EDGE ( 'NONE', *, *, #1383, .T. ) ;
#215 = DIRECTION ( 'NONE',  ( 0.0000000000000000000, -1.000000000000000000, 0.0000000000000000000 ) ) ;
#216 = AXIS2_PLACEMENT_3D ( 'NONE', #424, #931, #1027 ) ;
#217 = ADVANCED_FACE ( 'NONE', ( #372 ), #755, .T. ) ;
#218 = CARTESIAN_POINT ( 'NONE',  ( 1.129999999999999893, 7.190000000000000391, 0.5649999999999999467 ) ) ;
#219 = ORIENTED_EDGE ( 'NONE', *, *, #1284, .T. ) ;
#220 = AXIS2_PLACEMENT_3D ( 'NONE', #823, #552, #816 ) ;
#221 = LINE ( 'NONE', #246, #106 ) ;
#222 = DIRECTION ( 'NONE',  ( -0.08682659386424437797, -0.9924325091389676334, -0.08682659386424437797 ) ) ;
#223 = EDGE_CURVE ( 'NONE', #892, #399, #1106, .T. ) ;
#224 = ORIENTED_EDGE ( 'NONE', *, *, #688, .F. ) ;
#225 = EDGE_LOOP ( 'NONE', ( #668, #1470, #1411, #1345 ) ) ;
#226 = CARTESIAN_POINT ( 'NONE',  ( -1.030000000000000027, 8.099999999999999645, -1.500000000000000000 ) ) ;
#227 = ORIENTED_EDGE ( 'NONE', *, *, #208, .F. ) ;
#228 = LINE ( 'NONE', #383, #1560 ) ;
#229 = FACE_OUTER_BOUND ( 'NONE', #712, .T. ) ;
#230 = DIRECTION ( 'NONE',  ( 0.0000000000000000000, 0.0000000000000000000, -1.000000000000000000 ) ) ;
#231 = EDGE_CURVE ( 'NONE', #579, #1381, #1261, .T. ) ;
#232 = ORIENTED_EDGE ( 'NONE', *, *, #558, .T. ) ;
#233 = VERTEX_POINT ( 'NONE', #665 ) ;
#234 = CARTESIAN_POINT ( 'NONE',  ( 2.500000000000000000, 8.099999999999999645, -1.000000000000000000 ) ) ;
#235 = PRESENTATION_STYLE_ASSIGNMENT (( #620 ) ) ;
#236 = ORIENTED_EDGE ( 'NONE', *, *, #656, .F. ) ;
#237 = CARTESIAN_POINT ( 'NONE',  ( 1.030000000000000027, 0.0000000000000000000, -1.500000000000000000 ) ) ;
#238 = CARTESIAN_POINT ( 'NONE',  ( 11.22737750083780028, 8.750496897116880390, 0.4304968971168754432 ) ) ;
#239 = FACE_OUTER_BOUND ( 'NONE', #1250, .T. ) ;
#240 = EDGE_CURVE ( 'NONE', #1246, #974, #1166, .T. ) ;
#241 = EDGE_LOOP ( 'NONE', ( #709, #1441, #998, #1091, #278, #1475 ) ) ;
#242 = LINE ( 'NONE', #1247, #1453 ) ;
#243 = VECTOR ( 'NONE', #977, 1000.000000000000000 ) ;
#244 = VECTOR ( 'NONE', #609, 1000.000000000000000 ) ;
#245 = DIRECTION ( 'NONE',  ( 1.000000000000000000, 0.0000000000000000000, 0.0000000000000000000 ) ) ;
#246 = CARTESIAN_POINT ( 'NONE',  ( 1.030000000000000027, 7.700000000000000178, 5.700000000000000178 ) ) ;
#247 = CARTESIAN_POINT ( 'NONE',  ( 2.544999999999999929, 5.264999999999999680, -1.000000000000000000 ) ) ;
#248 = STYLED_ITEM ( 'NONE', ( #175 ), #1052 ) ;
#249 = UNCERTAINTY_MEASURE_WITH_UNIT (LENGTH_MEASURE( 1.000000000000000082E-05 ), #1025, 'distance_accuracy_value', 'NONE');
#250 = LINE ( 'NONE', #766, #520 ) ;
#251 = AXIS2_PLACEMENT_3D ( 'NONE', #805, #1203, #318 ) ;
#252 = VERTEX_POINT ( 'NONE', #513 ) ;
#253 = ORIENTED_EDGE ( 'NONE', *, *, #1274, .F. ) ;
#254 = ADVANCED_FACE ( 'NONE', ( #1569, #271 ), #416, .F. ) ;
#255 = EDGE_CURVE ( 'NONE', #510, #196, #1561, .T. ) ;
#256 = CARTESIAN_POINT ( 'NONE',  ( -3.959999999999999964, 8.099999999999999645, -1.500000000000000000 ) ) ;
#257 = DIRECTION ( 'NONE',  ( 0.0000000000000000000, 0.0000000000000000000, 1.000000000000000000 ) ) ;
#258 = LINE ( 'NONE', #1277, #51 ) ;
#259 = ORIENTED_EDGE ( 'NONE', *, *, #159, .F. ) ;
#260 = ORIENTED_EDGE ( 'NONE', *, *, #492, .F. ) ;
#261 = DIRECTION ( 'NONE',  ( 1.000000000000000000, 0.0000000000000000000, 0.0000000000000000000 ) ) ;
#262 = EDGE_CURVE ( 'NONE', #1182, #403, #897, .T. ) ;
#263 =( NAMED_UNIT ( * ) PLANE_ANGLE_UNIT ( ) SI_UNIT ( $, .RADIAN. ) );
#264 = CARTESIAN_POINT ( 'NONE',  ( -2.500000000000000000, 6.764041066276149650, -1.500000000000000000 ) ) ;
#265 = PRODUCT_DEFINITION_CONTEXT ( 'detailed design', #1046, 'design' ) ;
#266 = EDGE_LOOP ( 'NONE', ( #551, #952, #1028, #1564 ) ) ;
#267 = ORIENTED_EDGE ( 'NONE', *, *, #145, .T. ) ;
#268 = DIRECTION ( 'NONE',  ( 0.0000000000000000000, 0.0000000000000000000, 1.000000000000000000 ) ) ;
#269 = AXIS2_PLACEMENT_3D ( 'NONE', #62, #1216, #1487 ) ;
#270 = VECTOR ( 'NONE', #1154, 1000.000000000000000 ) ;
#271 = FACE_BOUND ( 'NONE', #866, .T. ) ;
#272 = DIRECTION ( 'NONE',  ( 0.0000000000000000000, 0.0000000000000000000, 1.000000000000000000 ) ) ;
#273 = VECTOR ( 'NONE', #431, 1000.000000000000000 ) ;
#274 = DIRECTION ( 'NONE',  ( 1.918941898204434823E-16, 1.000000000000000000, 0.0000000000000000000 ) ) ;
#275 = AXIS2_PLACEMENT_3D ( 'NONE', #925, #785, #1439 ) ;
#276 = EDGE_CURVE ( 'NONE', #28, #1130, #758, .T. ) ;
#277 = AXIS2_PLACEMENT_3D ( 'NONE', #1339, #834, #939 ) ;
#278 = ORIENTED_EDGE ( 'NONE', *, *, #890, .F. ) ;
#279 = CARTESIAN_POINT ( 'NONE',  ( -2.500000000000000000, 8.099999999999999645, 7.900000000000000355 ) ) ;
#280 = VERTEX_POINT ( 'NONE', #442 ) ;
#281 = ADVANCED_FACE ( 'NONE', ( #576 ), #957, .T. ) ;
#282 = ORIENTED_EDGE ( 'NONE', *, *, #903, .F. ) ;
#283 = CARTESIAN_POINT ( 'NONE',  ( -3.959999999999999964, 0.0000000000000000000, -1.500000000000000000 ) ) ;
#284 = DIRECTION ( 'NONE',  ( 0.0000000000000000000, -1.000000000000000000, 0.0000000000000000000 ) ) ;
#285 = LINE ( 'NONE', #16, #917 ) ;
#286 = EDGE_LOOP ( 'NONE', ( #311, #926, #704, #1632 ) ) ;
#287 = EDGE_CURVE ( 'NONE', #338, #99, #557, .T. ) ;
#288 = EDGE_LOOP ( 'NONE', ( #425, #739, #778, #564 ) ) ;
#289 = VECTOR ( 'NONE', #162, 1000.000000000000000 ) ;
#290 = DIRECTION ( 'NONE',  ( -1.000000000000000000, 0.0000000000000000000, 0.0000000000000000000 ) ) ;
#291 = VECTOR ( 'NONE', #417, 1000.000000000000000 ) ;
#292 = LINE ( 'NONE', #653, #999 ) ;
#293 = DIRECTION ( 'NONE',  ( -0.08715574274765508500, 0.9961946980917458783, 1.911639744937363935E-16 ) ) ;
#294 = VECTOR ( 'NONE', #158, 1000.000000000000000 ) ;
#295 = AXIS2_PLACEMENT_3D ( 'NONE', #1264, #906, #660 ) ;
#296 = EDGE_LOOP ( 'NONE', ( #511, #1205, #1310, #301 ) ) ;
#297 = CARTESIAN_POINT ( 'NONE',  ( 2.500000000000000000, 6.764041066276149650, 7.900000000000000355 ) ) ;
#298 = EDGE_CURVE ( 'NONE', #556, #1033, #1608, .T. ) ;
#299 = CARTESIAN_POINT ( 'NONE',  ( 11.18999999999999950, 7.886232995288890990, 0.4337670047111139571 ) ) ;
#300 = CARTESIAN_POINT ( 'NONE',  ( 9.690000000000001279, 7.754999999999999893, -0.5649999999999999467 ) ) ;
#301 = ORIENTED_EDGE ( 'NONE', *, *, #1369, .T. ) ;
#302 = CARTESIAN_POINT ( 'NONE',  ( 2.500000000000000000, 7.700000000000000178, -1.500000000000000000 ) ) ;
#303 = FACE_BOUND ( 'NONE', #674, .T. ) ;
#304 = FACE_OUTER_BOUND ( 'NONE', #266, .T. ) ;
#305 = ORIENTED_EDGE ( 'NONE', *, *, #741, .F. ) ;
#306 = FACE_OUTER_BOUND ( 'NONE', #1301, .T. ) ;
#307 = SHAPE_REPRESENTATION_RELATIONSHIP ( 'NONE' , 'NONE' ,  #820, #1052 ) ;
#308 = LINE ( 'NONE', #1053, #864 ) ;
#309 = EDGE_CURVE ( 'NONE', #386, #202, #203, .T. ) ;
#310 = CARTESIAN_POINT ( 'NONE',  ( -3.959999999999999964, 8.099999999999999645, -1.500000000000000000 ) ) ;
#311 = ORIENTED_EDGE ( 'NONE', *, *, #1212, .T. ) ;
#312 = CYLINDRICAL_SURFACE ( 'NONE', #149, 1.694999999999999840 ) ;
#313 = FACE_OUTER_BOUND ( 'NONE', #296, .T. ) ;
#314 = DIRECTION ( 'NONE',  ( 0.0000000000000000000, -0.08715574274765486296, 0.9961946980917458783 ) ) ;
#315 = VERTEX_POINT ( 'NONE', #1458 ) ;
#316 = VERTEX_POINT ( 'NONE', #1227 ) ;
#317 = PLANE ( 'NONE',  #759 ) ;
#318 = DIRECTION ( 'NONE',  ( 1.000000000000000000, 0.0000000000000000000, 0.0000000000000000000 ) ) ;
#319 = LINE ( 'NONE', #1350, #273 ) ;
#320 = EDGE_LOOP ( 'NONE', ( #502, #1627, #452, #1677 ) ) ;
#321 = CARTESIAN_POINT ( 'NONE',  ( -3.959999999999999964, 0.0000000000000000000, -1.500000000000000000 ) ) ;
#322 = CARTESIAN_POINT ( 'NONE',  ( 1.129999999999999893, 7.754999999999999893, 0.5649999999999999467 ) ) ;
#323 = VECTOR ( 'NONE', #272, 1000.000000000000000 ) ;
#324 = PLANE ( 'NONE',  #327 ) ;
#325 = ADVANCED_FACE ( 'NONE', ( #846, #303, #74 ), #592, .F. ) ;
#326 = AXIS2_PLACEMENT_3D ( 'NONE', #975, #1313, #960 ) ;
#327 = AXIS2_PLACEMENT_3D ( 'NONE', #985, #731, #1496 ) ;
#328 = ORIENTED_EDGE ( 'NONE', *, *, #95, .T. ) ;
#329 = LINE ( 'NONE', #1060, #18 ) ;
#330 = VECTOR ( 'NONE', #1095, 1000.000000000000000 ) ;
#331 = DIRECTION ( 'NONE',  ( 0.0000000000000000000, -1.000000000000000000, -1.918941898204434823E-16 ) ) ;
#332 = DIRECTION ( 'NONE',  ( -0.9924325091389676334, 0.08682659386424447512, -0.08682659386424429471 ) ) ;
#333 = ORIENTED_EDGE ( 'NONE', *, *, #427, .T. ) ;
#334 = FACE_OUTER_BOUND ( 'NONE', #524, .T. ) ;
#335 = CARTESIAN_POINT ( 'NONE',  ( -0.5649999999999999467, 1.500000000000060174, 0.5649999999999999467 ) ) ;
#336 = DIRECTION ( 'NONE',  ( 0.0000000000000000000, 0.0000000000000000000, -1.000000000000000000 ) ) ;
#337 = EDGE_CURVE ( 'NONE', #967, #1246, #1070, .T. ) ;
#338 = VERTEX_POINT ( 'NONE', #1629 ) ;
#339 = DIRECTION ( 'NONE',  ( 0.0000000000000000000, 0.0000000000000000000, 1.000000000000000000 ) ) ;
#340 = ORIENTED_EDGE ( 'NONE', *, *, #593, .T. ) ;
#341 = DIRECTION ( 'NONE',  ( 0.0000000000000000000, -1.000000000000000000, 0.0000000000000000000 ) ) ;
#342 = CARTESIAN_POINT ( 'NONE',  ( -2.929999999999999716, 6.764041066276149650, -1.500000000000000000 ) ) ;
#343 = CARTESIAN_POINT ( 'NONE',  ( 2.500000000000000000, 7.700000000000000178, -1.000000000000000000 ) ) ;
#344 = VERTEX_POINT ( 'NONE', #171 ) ;
#345 = EDGE_LOOP ( 'NONE', ( #232, #472, #490, #676 ) ) ;
#346 = EDGE_CURVE ( 'NONE', #556, #280, #691, .T. ) ;
#347 = PLANE ( 'NONE',  #631 ) ;
#348 = CONTEXT_DEPENDENT_SHAPE_REPRESENTATION ( #802, #94 ) ;
#349 = ADVANCED_FACE ( 'NONE', ( #313 ), #63, .F. ) ;
#350 = DIRECTION ( 'NONE',  ( -1.000000000000000000, 0.0000000000000000000, 0.0000000000000000000 ) ) ;
#351 = ORIENTED_EDGE ( 'NONE', *, *, #85, .F. ) ;
#352 = DIRECTION ( 'NONE',  ( 0.0000000000000000000, 1.000000000000000000, 0.0000000000000000000 ) ) ;
#353 = LINE ( 'NONE', #1374, #996 ) ;
#354 = PLANE ( 'NONE',  #781 ) ;
#355 = ORIENTED_EDGE ( 'NONE', *, *, #287, .T. ) ;
#356 = VECTOR ( 'NONE', #341, 1000.000000000000000 ) ;
#357 = VERTEX_POINT ( 'NONE', #322 ) ;
#358 = LINE ( 'NONE', #988, #244 ) ;
#359 = AXIS2_PLACEMENT_3D ( 'NONE', #6, #534, #404 ) ;
#360 = VECTOR ( 'NONE', #1516, 1000.000000000000000 ) ;
#361 = AXIS2_PLACEMENT_3D ( 'NONE', #512, #1645, #1406 ) ;
#362 = EDGE_CURVE ( 'NONE', #1210, #1481, #469, .T. ) ;
#363 = SURFACE_STYLE_FILL_AREA ( #1114 ) ;
#364 = ORIENTED_EDGE ( 'NONE', *, *, #9, .F. ) ;
#365 = CARTESIAN_POINT ( 'NONE',  ( -2.500000000000000000, 8.099999999999999645, 5.700000000000000178 ) ) ;
#366 = CARTESIAN_POINT ( 'NONE',  ( 1.129999999999999893, 8.884999999999999787, -0.5649999999999999467 ) ) ;
#367 = ORIENTED_EDGE ( 'NONE', *, *, #1412, .T. ) ;
#368 =( NAMED_UNIT ( * ) SI_UNIT ( $, .STERADIAN. ) SOLID_ANGLE_UNIT ( ) );
#369 = CARTESIAN_POINT ( 'NONE',  ( 0.0000000000000000000, 0.0000000000000000000, 0.0000000000000000000 ) ) ;
#370 = LINE ( 'NONE', #634, #1594 ) ;
#371 = ORIENTED_EDGE ( 'NONE', *, *, #1676, .T. ) ;
#372 = FACE_OUTER_BOUND ( 'NONE', #585, .T. ) ;
#373 = EDGE_CURVE ( 'NONE', #201, #1210, #962, .T. ) ;
#374 = DIRECTION ( 'NONE',  ( -0.0000000000000000000, 1.000000000000000000, 0.0000000000000000000 ) ) ;
#375 = UNCERTAINTY_MEASURE_WITH_UNIT (LENGTH_MEASURE( 1.000000000000000082E-05 ), #1034, 'distance_accuracy_value', 'NONE');
#376 = DIRECTION ( 'NONE',  ( 0.0000000000000000000, 0.1129096880442861800, 0.9936052547897187281 ) ) ;
#377 = VERTEX_POINT ( 'NONE', #1057 ) ;
#378 = ADVANCED_BREP_SHAPE_REPRESENTATION ( '', ( #1110, #541 ), #1206 ) ;
#379 = ORIENTED_EDGE ( 'NONE', *, *, #1307, .T. ) ;
#380 = SHAPE_DEFINITION_REPRESENTATION ( #475, #786 ) ;
#381 = PLANE ( 'NONE',  #81 ) ;
#382 = ORIENTED_EDGE ( 'NONE', *, *, #1615, .F. ) ;
#383 = CARTESIAN_POINT ( 'NONE',  ( -3.959999999999999964, 6.764041066276149650, -1.000000000000000000 ) ) ;
#384 = CARTESIAN_POINT ( 'NONE',  ( 9.690000000000001279, 8.884999999999999787, -0.5649999999999999467 ) ) ;
#385 =( REPRESENTATION_RELATIONSHIP ('NONE','NONE', #786, #820 ) REPRESENTATION_RELATIONSHIP_WITH_TRANSFORMATION ( #601 )SHAPE_REPRESENTATION_RELATIONSHIP( ) );
#386 = VERTEX_POINT ( 'NONE', #366 ) ;
#387 = VECTOR ( 'NONE', #1017, 1000.000000000000000 ) ;
#388 = VECTOR ( 'NONE', #720, 1000.000000000000000 ) ;
#389 = FACE_OUTER_BOUND ( 'NONE', #1490, .T. ) ;
#390 = PRODUCT_DEFINITION_SHAPE ( 'NONE', 'NONE',  #1689 ) ;
#391 = DIRECTION ( 'NONE',  ( 0.0000000000000000000, -1.000000000000000000, 0.0000000000000000000 ) ) ;
#392 = VECTOR ( 'NONE', #8, 1000.000000000000000 ) ;
#393 = CARTESIAN_POINT ( 'NONE',  ( 9.690000000000001279, 8.884999999999999787, 0.5649999999999999467 ) ) ;
#394 = PRODUCT_DEFINITION_FORMATION_WITH_SPECIFIED_SOURCE ( 'ANY', '', #1388, .NOT_KNOWN. ) ;
#395 = ORIENTED_EDGE ( 'NONE', *, *, #68, .T. ) ;
#396 = EDGE_CURVE ( 'NONE', #607, #315, #1252, .T. ) ;
#397 = CARTESIAN_POINT ( 'NONE',  ( -0.5649999999999999467, 0.0000000000000000000, 0.5649999999999999467 ) ) ;
#398 = CARTESIAN_POINT ( 'NONE',  ( -0.4337670047111139571, 0.0000000000000000000, -0.5649999999999999467 ) ) ;
#399 = VERTEX_POINT ( 'NONE', #1540 ) ;
#400 = EDGE_CURVE ( 'NONE', #795, #402, #118, .T. ) ;
#401 = EDGE_CURVE ( 'NONE', #1033, #892, #749, .T. ) ;
#402 = VERTEX_POINT ( 'NONE', #1270 ) ;
#403 = VERTEX_POINT ( 'NONE', #1514 ) ;
#404 = DIRECTION ( 'NONE',  ( 1.000000000000000000, 0.0000000000000000000, 0.0000000000000000000 ) ) ;
#405 = VECTOR ( 'NONE', #1146, 1000.000000000000000 ) ;
#406 = VECTOR ( 'NONE', #168, 1000.000000000000114 ) ;
#407 = CARTESIAN_POINT ( 'NONE',  ( -1.030000000000000027, 8.000000000000000000, -1.000000000000000000 ) ) ;
#408 = CARTESIAN_POINT ( 'NONE',  ( -1.030000000000000027, 7.700000000000000178, -1.500000000000000000 ) ) ;
#409 = ADVANCED_FACE ( 'NONE', ( #1666 ), #1363, .F. ) ;
#410 = VECTOR ( 'NONE', #1519, 1000.000000000000000 ) ;
#411 = ORIENTED_EDGE ( 'NONE', *, *, #1290, .F. ) ;
#412 = VECTOR ( 'NONE', #1537, 1000.000000000000000 ) ;
#413 = VERTEX_POINT ( 'NONE', #742 ) ;
#414 = CARTESIAN_POINT ( 'NONE',  ( -0.5649999999999999467, 7.190000000000000391, -0.5649999999999999467 ) ) ;
#415 =( NAMED_UNIT ( * ) SI_UNIT ( $, .STERADIAN. ) SOLID_ANGLE_UNIT ( ) );
#416 = PLANE ( 'NONE',  #1399 ) ;
#417 = DIRECTION ( 'NONE',  ( 1.918941898204434823E-16, 0.0000000000000000000, 1.000000000000000000 ) ) ;
#418 = EDGE_CURVE ( 'NONE', #1381, #1187, #1673, .T. ) ;
#419 = VERTEX_POINT ( 'NONE', #1006 ) ;
#420 = ORIENTED_EDGE ( 'NONE', *, *, #656, .T. ) ;
#421 = DIRECTION ( 'NONE',  ( 0.0000000000000000000, 2.193360626243765133E-15, -1.000000000000000000 ) ) ;
#422 = FILL_AREA_STYLE ('',( #1298 ) ) ;
#423 = CARTESIAN_POINT ( 'NONE',  ( -2.544999999999999929, 4.134999999999999787, 1.500000000000000000 ) ) ;
#424 = CARTESIAN_POINT ( 'NONE',  ( -0.5649999999999999467, 7.190000000000000391, -0.5649999999999999467 ) ) ;
#425 = ORIENTED_EDGE ( 'NONE', *, *, #839, .F. ) ;
#426 = CARTESIAN_POINT ( 'NONE',  ( 0.4337670047111130134, 0.0000000000000000000, -0.4337670047111135130 ) ) ;
#427 = EDGE_CURVE ( 'NONE', #945, #202, #643, .T. ) ;
#428 = EDGE_CURVE ( 'NONE', #616, #1067, #1117, .T. ) ;
#429 = VERTEX_POINT ( 'NONE', #984 ) ;
#430 = PLANE ( 'NONE',  #627 ) ;
#431 = DIRECTION ( 'NONE',  ( 0.0000000000000000000, 0.0000000000000000000, 1.000000000000000000 ) ) ;
#432 = AXIS2_PLACEMENT_3D ( 'NONE', #1142, #1234, #878 ) ;
#433 = AXIS2_PLACEMENT_3D ( 'NONE', #1390, #495, #991 ) ;
#434 = ORIENTED_EDGE ( 'NONE', *, *, #471, .T. ) ;
#435 = ADVANCED_FACE ( 'NONE', ( #101 ), #995, .F. ) ;
#436 = LINE ( 'NONE', #1591, #1483 ) ;
#437 = SURFACE_SIDE_STYLE ('',( #1086 ) ) ;
#438 = DIRECTION ( 'NONE',  ( -1.918941898204434823E-16, -1.000000000000000000, 0.0000000000000000000 ) ) ;
#439 = CARTESIAN_POINT ( 'NONE',  ( -0.5649999999999999467, 0.0000000000000000000, -0.5649999999999999467 ) ) ;
#440 = ORIENTED_EDGE ( 'NONE', *, *, #571, .F. ) ;
#441 = LINE ( 'NONE', #321, #43 ) ;
#442 = CARTESIAN_POINT ( 'NONE',  ( -3.959999999999999964, 0.0000000000000000000, -1.500000000000000000 ) ) ;
#443 = DIRECTION ( 'NONE',  ( 0.0000000000000000000, -1.000000000000000000, 0.0000000000000000000 ) ) ;
#444 = ORIENTED_EDGE ( 'NONE', *, *, #231, .F. ) ;
#445 = PLANE ( 'NONE',  #597 ) ;
#446 = DIRECTION ( 'NONE',  ( 0.0000000000000000000, -1.000000000000000000, 0.0000000000000000000 ) ) ;
#447 = EDGE_CURVE ( 'NONE', #252, #1083, #853, .T. ) ;
#448 = DIRECTION ( 'NONE',  ( 0.0000000000000000000, -0.08715574274765486296, -0.9961946980917458783 ) ) ;
#449 = ORIENTED_EDGE ( 'NONE', *, *, #1452, .F. ) ;
#450 = FACE_OUTER_BOUND ( 'NONE', #180, .T. ) ;
#451 = DIRECTION ( 'NONE',  ( 0.0000000000000000000, -1.000000000000000000, 0.0000000000000000000 ) ) ;
#452 = ORIENTED_EDGE ( 'NONE', *, *, #505, .F. ) ;
#453 = CARTESIAN_POINT ( 'NONE',  ( 2.544999999999999929, 4.134999999999999787, 1.500000000000000000 ) ) ;
#454 = DIRECTION ( 'NONE',  ( -1.000000000000000000, 0.0000000000000000000, 0.0000000000000000000 ) ) ;
#455 = DIRECTION ( 'NONE',  ( 0.0000000000000000000, 1.918941898204434823E-16, -1.000000000000000000 ) ) ;
#456 = FACE_OUTER_BOUND ( 'NONE', #1395, .T. ) ;
#457 = CARTESIAN_POINT ( 'NONE',  ( 1.415000000000000036, 5.264999999999999680, -1.000000000000000000 ) ) ;
#458 = ADVANCED_FACE ( 'NONE', ( #623 ), #729, .F. ) ;
#459 = CARTESIAN_POINT ( 'NONE',  ( 0.5649999999999999467, 0.0000000000000000000, -0.5649999999999999467 ) ) ;
#460 = AXIS2_PLACEMENT_3D ( 'NONE', #1233, #748, #498 ) ;
#461 = PLANE ( 'NONE',  #1173 ) ;
#462 = APPLICATION_CONTEXT ( 'automotive_design' ) ;
#463 = CIRCLE ( 'NONE', #1065, 1.694999999999999840 ) ;
#464 = ORIENTED_EDGE ( 'NONE', *, *, #1281, .T. ) ;
#465 = DIRECTION ( 'NONE',  ( -0.9961946980917457672, 0.0000000000000000000, 0.08715574274765484908 ) ) ;
#466 = LINE ( 'NONE', #1360, #1175 ) ;
#467 = ORIENTED_EDGE ( 'NONE', *, *, #1440, .T. ) ;
#468 = LINE ( 'NONE', #976, #356 ) ;
#469 = LINE ( 'NONE', #584, #889 ) ;
#470 = LINE ( 'NONE', #479, #701 ) ;
#471 = EDGE_CURVE ( 'NONE', #880, #795, #1393, .T. ) ;
#472 = ORIENTED_EDGE ( 'NONE', *, *, #170, .F. ) ;
#473 = CARTESIAN_POINT ( 'NONE',  ( 2.500000000000000000, 6.764041066276149650, -1.000000000000000000 ) ) ;
#474 = PLANE ( 'NONE',  #361 ) ;
#475 = PRODUCT_DEFINITION_SHAPE ( 'NONE', 'NONE',  #868 ) ;
#476 = ORIENTED_EDGE ( 'NONE', *, *, #589, .T. ) ;
#477 = CARTESIAN_POINT ( 'NONE',  ( -1.030000000000000027, 8.000000000000000000, -1.000000000000000000 ) ) ;
#478 = CARTESIAN_POINT ( 'NONE',  ( 11.18999999999999950, 8.753767004711111355, 0.0000000000000000000 ) ) ;
#479 = CARTESIAN_POINT ( 'NONE',  ( 2.929999999999999716, 0.0000000000000000000, -1.000000000000000000 ) ) ;
#480 = EDGE_LOOP ( 'NONE', ( #1007, #1278, #1567, #844 ) ) ;
#481 = ORIENTED_EDGE ( 'NONE', *, *, #662, .T. ) ;
#482 = EDGE_CURVE ( 'NONE', #945, #402, #765, .T. ) ;
#483 = CARTESIAN_POINT ( 'NONE',  ( -0.5649999999999999467, 7.190000000000000391, -0.5649999999999999467 ) ) ;
#484 = ORIENTED_EDGE ( 'NONE', *, *, #137, .T. ) ;
#485 = DIRECTION ( 'NONE',  ( 0.0000000000000000000, 1.000000000000000000, 0.0000000000000000000 ) ) ;
#486 = CARTESIAN_POINT ( 'NONE',  ( -3.959999999999999964, 6.764041066276149650, 1.500000000000000000 ) ) ;
#487 = LINE ( 'NONE', #501, #938 ) ;
#488 = VECTOR ( 'NONE', #1467, 1000.000000000000114 ) ;
#489 = VECTOR ( 'NONE', #42, 1000.000000000000000 ) ;
#490 = ORIENTED_EDGE ( 'NONE', *, *, #670, .F. ) ;
#491 = CARTESIAN_POINT ( 'NONE',  ( -2.544999999999999929, 4.134999999999999787, -1.000000000000000000 ) ) ;
#492 = EDGE_CURVE ( 'NONE', #233, #1318, #1638, .T. ) ;
#493 = COLOUR_RGB ( '',0.4980392156862745168, 0.4980392156862745168, 0.4980392156862745168 ) ;
#494 = PRESENTATION_LAYER_ASSIGNMENT (  '', '', ( #112 ) ) ;
#495 = DIRECTION ( 'NONE',  ( 0.0000000000000000000, -0.9663122884377127741, -0.2573724173532794812 ) ) ;
#496 = ORIENTED_EDGE ( 'NONE', *, *, #1544, .T. ) ;
#497 = PRODUCT_DEFINITION_FORMATION_WITH_SPECIFIED_SOURCE ( 'ANY', '', #1554, .NOT_KNOWN. ) ;
#498 = DIRECTION ( 'NONE',  ( 0.0000000000000000000, -1.000000000000000000, 0.0000000000000000000 ) ) ;
#499 = DIRECTION ( 'NONE',  ( 1.000000000000000000, 0.0000000000000000000, 0.0000000000000000000 ) ) ;
#500 = APPLICATION_CONTEXT ( 'automotive_design' ) ;
#501 = CARTESIAN_POINT ( 'NONE',  ( 0.5649999999999999467, 1.500000000000060174, -0.5649999999999999467 ) ) ;
#502 = ORIENTED_EDGE ( 'NONE', *, *, #815, .F. ) ;
#503 = FACE_OUTER_BOUND ( 'NONE', #55, .T. ) ;
#504 = SHAPE_DEFINITION_REPRESENTATION ( #1131, #820 ) ;
#505 = EDGE_CURVE ( 'NONE', #419, #940, #353, .T. ) ;
#506 = DIRECTION ( 'NONE',  ( 0.0000000000000000000, -1.000000000000000000, 0.0000000000000000000 ) ) ;
#507 = ORIENTED_EDGE ( 'NONE', *, *, #117, .T. ) ;
#508 = CARTESIAN_POINT ( 'NONE',  ( 11.18999999999999950, 8.319999999999998508, 0.4337670047111139571 ) ) ;
#509 = CARTESIAN_POINT ( 'NONE',  ( 3.959999999999999964, 6.764041066276149650, -1.000000000000000000 ) ) ;
#510 = VERTEX_POINT ( 'NONE', #1244 ) ;
#511 = ORIENTED_EDGE ( 'NONE', *, *, #538, .F. ) ;
#512 = CARTESIAN_POINT ( 'NONE',  ( -1.415000000000000036, 4.134999999999999787, 1.500000000000000000 ) ) ;
#513 = CARTESIAN_POINT ( 'NONE',  ( 3.959999999999999964, 0.0000000000000000000, -1.500000000000000000 ) ) ;
#514 = DIRECTION ( 'NONE',  ( 1.000000000000000000, 0.0000000000000000000, 0.0000000000000000000 ) ) ;
#515 = DIRECTION ( 'NONE',  ( 1.000000000000000000, 0.0000000000000000000, 0.0000000000000000000 ) ) ;
#516 = EDGE_CURVE ( 'NONE', #419, #1291, #92, .T. ) ;
#517 = ORIENTED_EDGE ( 'NONE', *, *, #400, .T. ) ;
#518 = AXIS2_PLACEMENT_3D ( 'NONE', #636, #1523, #485 ) ;
#519 = VECTOR ( 'NONE', #53, 1000.000000000000114 ) ;
#520 = VECTOR ( 'NONE', #772, 1000.000000000000000 ) ;
#521 = LINE ( 'NONE', #397, #1304 ) ;
#522 = PRODUCT_DEFINITION_CONTEXT ( 'detailed design', #544, 'design' ) ;
#523 = LINE ( 'NONE', #637, #808 ) ;
#524 = EDGE_LOOP ( 'NONE', ( #1584, #1225, #444, #821 ) ) ;
#525 = ADVANCED_FACE ( 'NONE', ( #229 ), #1262, .T. ) ;
#526 = EDGE_CURVE ( 'NONE', #1302, #1291, #775, .T. ) ;
#527 = DIRECTION ( 'NONE',  ( 1.000000000000000000, 0.0000000000000000000, 0.0000000000000000000 ) ) ;
#528 =( NAMED_UNIT ( * ) PLANE_ANGLE_UNIT ( ) SI_UNIT ( $, .RADIAN. ) );
#529 = DIRECTION ( 'NONE',  ( 0.0000000000000000000, 0.0000000000000000000, -1.000000000000000000 ) ) ;
#530 = PLANE ( 'NONE',  #1202 ) ;
#531 = VERTEX_POINT ( 'NONE', #408 ) ;
#532 = PRODUCT_DEFINITION ( 'UNKNOWN', '', #497, #135 ) ;
#533 = EDGE_CURVE ( 'NONE', #1083, #607, #540, .T. ) ;
#534 = DIRECTION ( 'NONE',  ( -0.0000000000000000000, 1.000000000000000000, 0.0000000000000000000 ) ) ;
#535 = CARTESIAN_POINT ( 'NONE',  ( 3.959999999999999964, 6.764041066276149650, -1.500000000000000000 ) ) ;
#536 = ORIENTED_EDGE ( 'NONE', *, *, #482, .F. ) ;
#537 = CARTESIAN_POINT ( 'NONE',  ( -1.415000000000000036, 4.134999999999999787, 1.500000000000000000 ) ) ;
#538 = EDGE_CURVE ( 'NONE', #315, #252, #1177, .T. ) ;
#539 = VECTOR ( 'NONE', #1323, 1000.000000000000000 ) ;
#540 = LINE ( 'NONE', #1562, #405 ) ;
#541 = AXIS2_PLACEMENT_3D ( 'NONE', #790, #782, #904 ) ;
#542 = EDGE_LOOP ( 'NONE', ( #751, #1546, #773, #66 ) ) ;
#543 =( GEOMETRIC_REPRESENTATION_CONTEXT ( 3 ) GLOBAL_UNCERTAINTY_ASSIGNED_CONTEXT ( ( #1018 ) ) GLOBAL_UNIT_ASSIGNED_CONTEXT ( ( #1462, #830, #52 ) ) REPRESENTATION_CONTEXT ( 'NONE', 'WORKASPACE' ) );
#544 = APPLICATION_CONTEXT ( 'automotive_design' ) ;
#545 = ORIENTED_EDGE ( 'NONE', *, *, #1356, .T. ) ;
#546 = DIRECTION ( 'NONE',  ( -1.000000000000000000, 0.0000000000000000000, 0.0000000000000000000 ) ) ;
#547 = CARTESIAN_POINT ( 'NONE',  ( 1.129999999999999893, 7.190000000000000391, 0.0000000000000000000 ) ) ;
#548 = LINE ( 'NONE', #809, #1375 ) ;
#549 = DIRECTION ( 'NONE',  ( -1.000000000000000000, 1.918941898204434823E-16, 0.0000000000000000000 ) ) ;
#550 = ADVANCED_FACE ( 'NONE', ( #1288 ), #530, .F. ) ;
#551 = ORIENTED_EDGE ( 'NONE', *, *, #1222, .T. ) ;
#552 = DIRECTION ( 'NONE',  ( 0.0000000000000000000, 0.0000000000000000000, 1.000000000000000000 ) ) ;
#553 = DIRECTION ( 'NONE',  ( 0.0000000000000000000, 1.000000000000000000, 0.0000000000000000000 ) ) ;
#554 = CARTESIAN_POINT ( 'NONE',  ( 11.22737750083780028, 7.889503102883129948, 0.4304968971168754432 ) ) ;
#555 = VERTEX_POINT ( 'NONE', #919 ) ;
#556 = VERTEX_POINT ( 'NONE', #141 ) ;
#557 = LINE ( 'NONE', #1478, #1149 ) ;
#558 = EDGE_CURVE ( 'NONE', #569, #338, #1555, .T. ) ;
#559 = VERTEX_POINT ( 'NONE', #909 ) ;
#560 = DIRECTION ( 'NONE',  ( -0.9961946980917458783, -0.08715574274765486296, 0.0000000000000000000 ) ) ;
#561 = CARTESIAN_POINT ( 'NONE',  ( 0.0000000000000000000, 0.0000000000000000000, 0.0000000000000000000 ) ) ;
#562 = CARTESIAN_POINT ( 'NONE',  ( -2.500000000000000000, 7.014041066276149650, 7.900000000000000355 ) ) ;
#563 = VECTOR ( 'NONE', #1657, 1000.000000000000000 ) ;
#564 = ORIENTED_EDGE ( 'NONE', *, *, #944, .F. ) ;
#565 = CARTESIAN_POINT ( 'NONE',  ( -2.500000000000000000, 8.099999999999999645, 5.700000000000000178 ) ) ;
#566 = APPLICATION_CONTEXT ( 'automotive_design' ) ;
#567 = LINE ( 'NONE', #1479, #130 ) ;
#568 = VECTOR ( 'NONE', #750, 1000.000000000000000 ) ;
#569 = VERTEX_POINT ( 'NONE', #1433 ) ;
#570 = LINE ( 'NONE', #946, #19 ) ;
#571 = EDGE_CURVE ( 'NONE', #1403, #892, #783, .T. ) ;
#572 = LINE ( 'NONE', #38, #294 ) ;
#573 = DIRECTION ( 'NONE',  ( 1.000000000000000000, 0.0000000000000000000, 0.0000000000000000000 ) ) ;
#574 = ORIENTED_EDGE ( 'NONE', *, *, #815, .T. ) ;
#575 = ORIENTED_EDGE ( 'NONE', *, *, #693, .F. ) ;
#576 = FACE_OUTER_BOUND ( 'NONE', #131, .T. ) ;
#577 = FACE_OUTER_BOUND ( 'NONE', #1019, .T. ) ;
#578 = ORIENTED_EDGE ( 'NONE', *, *, #1111, .T. ) ;
#579 = VERTEX_POINT ( 'NONE', #1570 ) ;
#580 = DIRECTION ( 'NONE',  ( -1.000000000000000000, 0.0000000000000000000, 0.0000000000000000000 ) ) ;
#581 = ADVANCED_FACE ( 'NONE', ( #1042 ), #148, .F. ) ;
#582 = CARTESIAN_POINT ( 'NONE',  ( 9.690000000000001279, 7.754999999999999893, -0.5649999999999999467 ) ) ;
#583 = CARTESIAN_POINT ( 'NONE',  ( 2.500000000000000000, 7.700000000000000178, 5.700000000000000178 ) ) ;
#584 = CARTESIAN_POINT ( 'NONE',  ( 1.129999999999999893, 7.754999999999999893, -0.5649999999999999467 ) ) ;
#585 = EDGE_LOOP ( 'NONE', ( #219, #333, #164, #767 ) ) ;
#586 = ORIENTED_EDGE ( 'NONE', *, *, #850, .F. ) ;
#587 = CARTESIAN_POINT ( 'NONE',  ( 1.129999999999999893, 8.884999999999999787, 0.5649999999999999467 ) ) ;
#588 = CARTESIAN_POINT ( 'NONE',  ( -1.415000000000000036, 4.134999999999999787, 1.500000000000000000 ) ) ;
#589 = EDGE_CURVE ( 'NONE', #114, #1102, #1549, .T. ) ;
#590 = CARTESIAN_POINT ( 'NONE',  ( 1.129999999999999893, 7.190000000000000391, 0.5649999999999999467 ) ) ;
#591 = ORIENTED_EDGE ( 'NONE', *, *, #1231, .T. ) ;
#592 = PLANE ( 'NONE',  #1093 ) ;
#593 = EDGE_CURVE ( 'NONE', #1273, #800, #7, .T. ) ;
#594 = VECTOR ( 'NONE', #756, 1000.000000000000000 ) ;
#595 = CARTESIAN_POINT ( 'NONE',  ( 9.690000000000001279, 8.884999999999999787, -0.5649999999999999467 ) ) ;
#596 = VECTOR ( 'NONE', #1184, 1000.000000000000000 ) ;
#597 = AXIS2_PLACEMENT_3D ( 'NONE', #705, #580, #842 ) ;
#598 = ORIENTED_EDGE ( 'NONE', *, *, #482, .T. ) ;
#599 = LINE ( 'NONE', #453, #1170 ) ;
#600 = VECTOR ( 'NONE', #955, 1000.000000000000000 ) ;
#601 = ITEM_DEFINED_TRANSFORMATION ( 'NONE', 'NONE', #83,  #541 ) ;
#602 = DIRECTION ( 'NONE',  ( 0.0000000000000000000, 0.0000000000000000000, 1.000000000000000000 ) ) ;
#603 = CARTESIAN_POINT ( 'NONE',  ( 1.129999999999999893, 8.884999999999999787, -0.5649999999999999467 ) ) ;
#604 = DIRECTION ( 'NONE',  ( 0.0000000000000000000, 1.000000000000000000, 0.0000000000000000000 ) ) ;
#605 = DIRECTION ( 'NONE',  ( 1.000000000000000000, 0.0000000000000000000, 0.0000000000000000000 ) ) ;
#606 = EDGE_CURVE ( 'NONE', #26, #940, #1047, .T. ) ;
#607 = VERTEX_POINT ( 'NONE', #14 ) ;
#608 = EDGE_LOOP ( 'NONE', ( #612, #484, #841, #1332, #713, #152, #151, #464 ) ) ;
#609 = DIRECTION ( 'NONE',  ( 0.0000000000000000000, 0.0000000000000000000, -1.000000000000000000 ) ) ;
#610 = ITEM_DEFINED_TRANSFORMATION ( 'NONE', 'NONE', #1178,  #541 ) ;
#611 = FILL_AREA_STYLE_COLOUR ( '', #784 ) ;
#612 = ORIENTED_EDGE ( 'NONE', *, *, #1120, .T. ) ;
#613 = PLANE ( 'NONE',  #460 ) ;
#614 = CARTESIAN_POINT ( 'NONE',  ( -3.959999999999999964, 0.0000000000000000000, -1.500000000000000000 ) ) ;
#615 = LINE ( 'NONE', #1394, #568 ) ;
#616 = VERTEX_POINT ( 'NONE', #134 ) ;
#617 = EDGE_CURVE ( 'NONE', #1083, #1137, #771, .T. ) ;
#618 = ORIENTED_EDGE ( 'NONE', *, *, #159, .T. ) ;
#619 =( NAMED_UNIT ( * ) PLANE_ANGLE_UNIT ( ) SI_UNIT ( $, .RADIAN. ) );
#620 = SURFACE_STYLE_USAGE ( .BOTH. , #746 ) ;
#621 = ORIENTED_EDGE ( 'NONE', *, *, #978, .T. ) ;
#622 = DIRECTION ( 'NONE',  ( 1.000000000000000000, 0.0000000000000000000, 0.0000000000000000000 ) ) ;
#623 = FACE_OUTER_BOUND ( 'NONE', #286, .T. ) ;
#624 = CLOSED_SHELL ( 'NONE', ( #1435, #680, #954, #217, #1424, #581, #632, #93, #167, #281, #525, #879, #1179, #435, #1147, #827, #990, #1559, #70, #458, #1029, #1109 ) ) ;
#625 = CARTESIAN_POINT ( 'NONE',  ( 0.5649999999999999467, 7.190000000000000391, 0.5649999999999999467 ) ) ;
#626 = VECTOR ( 'NONE', #529, 1000.000000000000000 ) ;
#627 = AXIS2_PLACEMENT_3D ( 'NONE', #156, #929, #421 ) ;
#628 = EDGE_LOOP ( 'NONE', ( #760, #395, #267, #1000 ) ) ;
#629 =( LENGTH_UNIT ( ) NAMED_UNIT ( * ) SI_UNIT ( .MILLI., .METRE. ) );
#630 = STYLED_ITEM ( 'NONE', ( #115 ), #1110 ) ;
#631 = AXIS2_PLACEMENT_3D ( 'NONE', #736, #1498, #1001 ) ;
#632 = ADVANCED_FACE ( 'NONE', ( #791 ), #1167, .T. ) ;
#633 = AXIS2_PLACEMENT_3D ( 'NONE', #218, #738, #1242 ) ;
#634 = CARTESIAN_POINT ( 'NONE',  ( 2.544999999999999929, 5.264999999999999680, -1.000000000000000000 ) ) ;
#635 = EDGE_LOOP ( 'NONE', ( #1485, #801, #1459, #1049, #1492, #1355 ) ) ;
#636 = CARTESIAN_POINT ( 'NONE',  ( -1.030000000000000027, 8.000000000000000000, -3.919999999999999929 ) ) ;
#637 = CARTESIAN_POINT ( 'NONE',  ( 1.129999999999999893, 8.884999999999999787, 0.5649999999999999467 ) ) ;
#638 = ORIENTED_EDGE ( 'NONE', *, *, #571, .T. ) ;
#639 = ORIENTED_EDGE ( 'NONE', *, *, #346, .F. ) ;
#640 = APPLICATION_PROTOCOL_DEFINITION ( 'draft international standard', 'automotive_design', 1998, #566 ) ;
#641 = ADVANCED_FACE ( 'NONE', ( #1026 ), #905, .F. ) ;
#642 = CARTESIAN_POINT ( 'NONE',  ( 2.544999999999999929, 5.264999999999999680, 1.500000000000000000 ) ) ;
#643 = LINE ( 'NONE', #384, #1510 ) ;
#644 = EDGE_LOOP ( 'NONE', ( #1649, #33, #1501, #138 ) ) ;
#645 = EDGE_CURVE ( 'NONE', #1668, #344, #798, .T. ) ;
#646 = CARTESIAN_POINT ( 'NONE',  ( -1.415000000000000036, 5.264999999999999680, 1.500000000000000000 ) ) ;
#647 = CARTESIAN_POINT ( 'NONE',  ( -3.959999999999999964, 6.764041066276149650, -1.500000000000000000 ) ) ;
#648 = EDGE_CURVE ( 'NONE', #1130, #1302, #521, .T. ) ;
#649 = VECTOR ( 'NONE', #1050, 1000.000000000000000 ) ;
#650 = AXIS2_PLACEMENT_3D ( 'NONE', #211, #374, #861 ) ;
#651 = PRODUCT_DEFINITION_SHAPE ( 'NONE', 'NONE',  #532 ) ;
#652 = CARTESIAN_POINT ( 'NONE',  ( -1.415000000000000036, 4.134999999999999787, -1.000000000000000000 ) ) ;
#653 = CARTESIAN_POINT ( 'NONE',  ( 3.959999999999999964, 0.0000000000000000000, -1.500000000000000000 ) ) ;
#654 = SHAPE_REPRESENTATION ( 'User Library-VH-2AW', ( #895, #812 ), #1101 ) ;
#655 = VERTEX_POINT ( 'NONE', #1035 ) ;
#656 = EDGE_CURVE ( 'NONE', #1033, #848, #706, .T. ) ;
#657 = APPLICATION_CONTEXT ( 'automotive_design' ) ;
#658 = ORIENTED_EDGE ( 'NONE', *, *, #516, .F. ) ;
#659 = CARTESIAN_POINT ( 'NONE',  ( 2.929999999999999716, 0.0000000000000000000, -3.919999999999999929 ) ) ;
#660 = DIRECTION ( 'NONE',  ( -1.485208455459593825E-16, 0.0000000000000000000, -1.000000000000000000 ) ) ;
#661 = EDGE_LOOP ( 'NONE', ( #1156, #993, #618, #1621 ) ) ;
#662 = EDGE_CURVE ( 'NONE', #1481, #1655, #807, .T. ) ;
#663 = ORIENTED_EDGE ( 'NONE', *, *, #1174, .F. ) ;
#664 = LINE ( 'NONE', #907, #1682 ) ;
#665 = CARTESIAN_POINT ( 'NONE',  ( 2.500000000000000000, 8.099999999999999645, 5.700000000000000178 ) ) ;
#666 = DIRECTION ( 'NONE',  ( 1.000000000000000000, 0.0000000000000000000, 0.0000000000000000000 ) ) ;
#667 = EDGE_LOOP ( 'NONE', ( #545, #3, #1190, #1590 ) ) ;
#668 = ORIENTED_EDGE ( 'NONE', *, *, #505, .T. ) ;
#669 = VECTOR ( 'NONE', #1401, 1000.000000000000000 ) ;
#670 = EDGE_CURVE ( 'NONE', #531, #851, #1223, .T. ) ;
#671 = CARTESIAN_POINT ( 'NONE',  ( -0.5649999999999999467, 7.190000000000000391, 0.5649999999999999467 ) ) ;
#672 = VECTOR ( 'NONE', #744, 1000.000000000000000 ) ;
#673 = DIRECTION ( 'NONE',  ( 0.0000000000000000000, -1.000000000000000000, 0.0000000000000000000 ) ) ;
#674 = EDGE_LOOP ( 'NONE', ( #1237, #1088, #507, #1266 ) ) ;
#675 = ORIENTED_EDGE ( 'NONE', *, *, #1573, .F. ) ;
#676 = ORIENTED_EDGE ( 'NONE', *, *, #1073, .F. ) ;
#677 = CARTESIAN_POINT ( 'NONE',  ( 0.5649999999999999467, 0.0000000000000000000, -0.5649999999999999467 ) ) ;
#678 = CARTESIAN_POINT ( 'NONE',  ( 0.0000000000000000000, 0.0000000000000000000, 0.0000000000000000000 ) ) ;
#679 = DIRECTION ( 'NONE',  ( 0.0000000000000000000, -1.000000000000000000, 0.0000000000000000000 ) ) ;
#680 = ADVANCED_FACE ( 'NONE', ( #949 ), #953, .T. ) ;
#681 = CARTESIAN_POINT ( 'NONE',  ( -2.500000000000000000, 6.764041066276149650, 5.700000000000000178 ) ) ;
#682 = PLANE ( 'NONE',  #1507 ) ;
#683 = CARTESIAN_POINT ( 'NONE',  ( 3.959999999999999964, 8.099999999999999645, -1.500000000000000000 ) ) ;
#684 = EDGE_LOOP ( 'NONE', ( #727, #1543, #65, #1471 ) ) ;
#685 = DIRECTION ( 'NONE',  ( 0.0000000000000000000, 0.0000000000000000000, 1.000000000000000000 ) ) ;
#686 = DIRECTION ( 'NONE',  ( 1.000000000000000000, 0.0000000000000000000, 0.0000000000000000000 ) ) ;
#687 = PLANE ( 'NONE',  #1306 ) ;
#688 = EDGE_CURVE ( 'NONE', #1291, #201, #60, .T. ) ;
#689 = ORIENTED_EDGE ( 'NONE', *, *, #533, .F. ) ;
#690 = EDGE_LOOP ( 'NONE', ( #21, #193, #420, #197, #1032, #859 ) ) ;
#691 = LINE ( 'NONE', #1599, #126 ) ;
#692 = CARTESIAN_POINT ( 'NONE',  ( 2.544999999999999929, 4.134999999999999787, -1.000000000000000000 ) ) ;
#693 = EDGE_CURVE ( 'NONE', #555, #28, #1087, .T. ) ;
#694 = EDGE_LOOP ( 'NONE', ( #1168, #1379, #1239, #1312 ) ) ;
#695 = CARTESIAN_POINT ( 'NONE',  ( -0.5649999999999999467, 1.500000000000060174, -0.5649999999999999467 ) ) ;
#696 = CARTESIAN_POINT ( 'NONE',  ( 0.5649999999999999467, 7.190000000000000391, -0.5649999999999999467 ) ) ;
#697 = VECTOR ( 'NONE', #1107, 1000.000000000000114 ) ;
#698 = ORIENTED_EDGE ( 'NONE', *, *, #645, .F. ) ;
#699 = DIRECTION ( 'NONE',  ( 1.918941898204434823E-16, 1.000000000000000000, 0.0000000000000000000 ) ) ;
#700 = FACE_OUTER_BOUND ( 'NONE', #1220, .T. ) ;
#701 = VECTOR ( 'NONE', #1108, 1000.000000000000000 ) ;
#702 = MECHANICAL_DESIGN_GEOMETRIC_PRESENTATION_REPRESENTATION (  '', ( #867 ), #1566 ) ;
#703 = EDGE_CURVE ( 'NONE', #357, #1210, #963, .T. ) ;
#704 = ORIENTED_EDGE ( 'NONE', *, *, #1534, .F. ) ;
#705 = CARTESIAN_POINT ( 'NONE',  ( 1.030000000000000027, 8.000000000000000000, -3.919999999999999929 ) ) ;
#706 = LINE ( 'NONE', #1213, #732 ) ;
#707 = DIRECTION ( 'NONE',  ( 1.000000000000000000, 0.0000000000000000000, 0.0000000000000000000 ) ) ;
#708 = ORIENTED_EDGE ( 'NONE', *, *, #157, .F. ) ;
#709 = ORIENTED_EDGE ( 'NONE', *, *, #9, .T. ) ;
#710 = CARTESIAN_POINT ( 'NONE',  ( -3.959999999999999964, 8.099999999999999645, 1.500000000000000000 ) ) ;
#711 = CARTESIAN_POINT ( 'NONE',  ( 1.129999999999999893, 7.754999999999999893, -0.5649999999999999467 ) ) ;
#712 = EDGE_LOOP ( 'NONE', ( #928, #578, #1260, #1305 ) ) ;
#713 = ORIENTED_EDGE ( 'NONE', *, *, #1651, .T. ) ;
#714 = EDGE_CURVE ( 'NONE', #1067, #399, #319, .T. ) ;
#715 = DIRECTION ( 'NONE',  ( 0.0000000000000000000, 0.0000000000000000000, 1.000000000000000000 ) ) ;
#716 = CARTESIAN_POINT ( 'NONE',  ( 7.922394429817000372, -2.586558200011999986, 0.1653855638639999959 ) ) ;
#717 = DIRECTION ( 'NONE',  ( 0.0000000000000000000, 0.0000000000000000000, 1.000000000000000000 ) ) ;
#718 = VERTEX_POINT ( 'NONE', #199 ) ;
#719 = CARTESIAN_POINT ( 'NONE',  ( -0.5649999999999999467, 1.500000000000060174, -0.5649999999999999467 ) ) ;
#720 = DIRECTION ( 'NONE',  ( 0.0000000000000000000, 0.0000000000000000000, -1.000000000000000000 ) ) ;
#721 = VERTEX_POINT ( 'NONE', #299 ) ;
#722 = ORIENTED_EDGE ( 'NONE', *, *, #1011, .T. ) ;
#723 = LINE ( 'NONE', #37, #539 ) ;
#724 = CONTEXT_DEPENDENT_SHAPE_REPRESENTATION ( #1643, #1654 ) ;
#725 = ADVANCED_FACE ( 'NONE', ( #176 ), #1444, .T. ) ;
#726 = LINE ( 'NONE', #1616, #330 ) ;
#727 = ORIENTED_EDGE ( 'NONE', *, *, #1525, .T. ) ;
#728 = DIRECTION ( 'NONE',  ( 0.0000000000000000000, 0.0000000000000000000, -1.000000000000000000 ) ) ;
#729 = PLANE ( 'NONE',  #1303 ) ;
#730 = AXIS2_PLACEMENT_3D ( 'NONE', #603, #877, #1116 ) ;
#731 = DIRECTION ( 'NONE',  ( -0.0000000000000000000, 1.000000000000000000, 0.0000000000000000000 ) ) ;
#732 = VECTOR ( 'NONE', #446, 1000.000000000000000 ) ;
#733 = PRODUCT_DEFINITION_SHAPE ( 'NONE', 'NONE',  #1691 ) ;
#734 = MECHANICAL_DESIGN_GEOMETRIC_PRESENTATION_REPRESENTATION (  '', ( #630 ), #1098 ) ;
#735 = ORIENTED_EDGE ( 'NONE', *, *, #1580, .F. ) ;
#736 = CARTESIAN_POINT ( 'NONE',  ( 11.18999999999999950, 8.753767004711111355, 0.0000000000000000000 ) ) ;
#737 = VECTOR ( 'NONE', #89, 1000.000000000000000 ) ;
#738 = DIRECTION ( 'NONE',  ( 0.0000000000000000000, 0.0000000000000000000, -1.000000000000000000 ) ) ;
#739 = ORIENTED_EDGE ( 'NONE', *, *, #12, .T. ) ;
#740 = DIRECTION ( 'NONE',  ( 1.000000000000000000, 0.0000000000000000000, 0.0000000000000000000 ) ) ;
#741 = EDGE_CURVE ( 'NONE', #344, #1572, #69, .T. ) ;
#742 = CARTESIAN_POINT ( 'NONE',  ( 2.500000000000000000, 7.514041066276149650, 7.900000000000000355 ) ) ;
#743 = ORIENTED_EDGE ( 'NONE', *, *, #648, .T. ) ;
#744 = DIRECTION ( 'NONE',  ( 0.0000000000000000000, 1.000000000000000000, 0.0000000000000000000 ) ) ;
#745 = DIRECTION ( 'NONE',  ( 1.000000000000000000, 0.0000000000000000000, 0.0000000000000000000 ) ) ;
#746 = SURFACE_SIDE_STYLE ('',( #363 ) ) ;
#747 = ORIENTED_EDGE ( 'NONE', *, *, #1290, .T. ) ;
#748 = DIRECTION ( 'NONE',  ( 0.0000000000000000000, 0.0000000000000000000, -1.000000000000000000 ) ) ;
#749 = LINE ( 'NONE', #486, #669 ) ;
#750 = DIRECTION ( 'NONE',  ( 0.0000000000000000000, 0.0000000000000000000, -1.000000000000000000 ) ) ;
#751 = ORIENTED_EDGE ( 'NONE', *, *, #1452, .T. ) ;
#752 = FILL_AREA_STYLE_COLOUR ( '', #493 ) ;
#753 = DIRECTION ( 'NONE',  ( 0.0000000000000000000, 0.0000000000000000000, 1.000000000000000000 ) ) ;
#754 = EDGE_LOOP ( 'NONE', ( #1256, #476, #1347, #305 ) ) ;
#755 = PLANE ( 'NONE',  #730 ) ;
#756 = DIRECTION ( 'NONE',  ( 0.0000000000000000000, 1.000000000000000000, 0.0000000000000000000 ) ) ;
#757 = PLANE ( 'NONE',  #295 ) ;
#758 = LINE ( 'NONE', #335, #489 ) ;
#759 = AXIS2_PLACEMENT_3D ( 'NONE', #695, #560, #1211 ) ;
#760 = ORIENTED_EDGE ( 'NONE', *, *, #492, .T. ) ;
#761 = EDGE_CURVE ( 'NONE', #721, #880, #1193, .T. ) ;
#762 = PRODUCT_CONTEXT ( 'NONE', #910, 'mechanical' ) ;
#763 = AXIS2_PLACEMENT_3D ( 'NONE', #678, #685, #961 ) ;
#764 = DIRECTION ( 'NONE',  ( 0.0000000000000000000, 0.0000000000000000000, -1.000000000000000000 ) ) ;
#765 = LINE ( 'NONE', #238, #697 ) ;
#766 = CARTESIAN_POINT ( 'NONE',  ( -3.959999999999999964, 0.0000000000000000000, -1.500000000000000000 ) ) ;
#767 = ORIENTED_EDGE ( 'NONE', *, *, #921, .T. ) ;
#768 = FACE_OUTER_BOUND ( 'NONE', #1022, .T. ) ;
#769 = EDGE_CURVE ( 'NONE', #1572, #1102, #930, .T. ) ;
#770 = CARTESIAN_POINT ( 'NONE',  ( -2.500000000000000000, 7.700000000000000178, 5.700000000000000178 ) ) ;
#771 = LINE ( 'NONE', #659, #1094 ) ;
#772 = DIRECTION ( 'NONE',  ( -2.891205793294680298E-16, 0.0000000000000000000, 1.000000000000000000 ) ) ;
#773 = ORIENTED_EDGE ( 'NONE', *, *, #606, .T. ) ;
#774 = PLANE ( 'NONE',  #359 ) ;
#775 = LINE ( 'NONE', #671, #270 ) ;
#776 = EDGE_CURVE ( 'NONE', #940, #1055, #572, .T. ) ;
#777 = VECTOR ( 'NONE', #740, 1000.000000000000000 ) ;
#778 = ORIENTED_EDGE ( 'NONE', *, *, #1547, .T. ) ;
#779 = CARTESIAN_POINT ( 'NONE',  ( -2.500000000000000000, 6.764041066276149650, 1.500000000000000000 ) ) ;
#780 = VECTOR ( 'NONE', #146, 1000.000000000000000 ) ;
#781 = AXIS2_PLACEMENT_3D ( 'NONE', #1542, #1409, #515 ) ;
#782 = DIRECTION ( 'NONE',  ( 0.0000000000000000000, 0.0000000000000000000, 1.000000000000000000 ) ) ;
#783 = LINE ( 'NONE', #264, #1259 ) ;
#784 = COLOUR_RGB ( '',0.3176470588235293935, 0.2470588235294117752, 0.2078431372549019440 ) ;
#785 = DIRECTION ( 'NONE',  ( -1.000000000000000000, 0.0000000000000000000, 0.0000000000000000000 ) ) ;
#786 = SHAPE_REPRESENTATION ( 'VH-2AW.STEP', ( #220, #251, #1178, #83 ), #1486 ) ;
#787 = EDGE_CURVE ( 'NONE', #616, #1137, #308, .T. ) ;
#788 = ORIENTED_EDGE ( 'NONE', *, *, #1676, .F. ) ;
#789 = ORIENTED_EDGE ( 'NONE', *, *, #400, .F. ) ;
#790 = CARTESIAN_POINT ( 'NONE',  ( 0.0000000000000000000, 0.0000000000000000000, 0.0000000000000000000 ) ) ;
#791 = FACE_OUTER_BOUND ( 'NONE', #1446, .T. ) ;
#792 = ORIENTED_EDGE ( 'NONE', *, *, #12, .F. ) ;
#793 = PRODUCT_RELATED_PRODUCT_CATEGORY ( 'part', '', ( #1554 ) ) ;
#794 = ADVANCED_FACE ( 'NONE', ( #1186 ), #1338, .F. ) ;
#795 = VERTEX_POINT ( 'NONE', #1583 ) ;
#796 = DIRECTION ( 'NONE',  ( -1.000000000000000000, 0.0000000000000000000, 0.0000000000000000000 ) ) ;
#797 =( NAMED_UNIT ( * ) SI_UNIT ( $, .STERADIAN. ) SOLID_ANGLE_UNIT ( ) );
#798 = LINE ( 'NONE', #646, #1653 ) ;
#799 = PLANE ( 'NONE',  #216 ) ;
#800 = VERTEX_POINT ( 'NONE', #562 ) ;
#801 = ORIENTED_EDGE ( 'NONE', *, *, #1157, .T. ) ;
#802 =( REPRESENTATION_RELATIONSHIP ('NONE','NONE', #654, #786 ) REPRESENTATION_RELATIONSHIP_WITH_TRANSFORMATION ( #1358 )SHAPE_REPRESENTATION_RELATIONSHIP( ) );
#803 = ORIENTED_EDGE ( 'NONE', *, *, #1208, .F. ) ;
#804 = ADVANCED_FACE ( 'NONE', ( #937 ), #190, .F. ) ;
#805 = CARTESIAN_POINT ( 'NONE',  ( 5.942394429816999946, 1.033441799988000120, 2.055385563864000176 ) ) ;
#806 = VECTOR ( 'NONE', #22, 1000.000000000000000 ) ;
#807 = LINE ( 'NONE', #582, #916 ) ;
#808 = VECTOR ( 'NONE', #1667, 1000.000000000000000 ) ;
#809 = CARTESIAN_POINT ( 'NONE',  ( 1.415000000000000036, 5.264999999999999680, 1.500000000000000000 ) ) ;
#810 = ORIENTED_EDGE ( 'NONE', *, *, #85, .T. ) ;
#811 = DIRECTION ( 'NONE',  ( 2.193360626243755272E-15, 0.0000000000000000000, 1.000000000000000000 ) ) ;
#812 = AXIS2_PLACEMENT_3D ( 'NONE', #561, #1603, #1192 ) ;
#813 = ORIENTED_EDGE ( 'NONE', *, *, #427, .F. ) ;
#814 = PLANE ( 'NONE',  #326 ) ;
#815 = EDGE_CURVE ( 'NONE', #1055, #1130, #1325, .T. ) ;
#816 = DIRECTION ( 'NONE',  ( 1.000000000000000000, 0.0000000000000000000, 0.0000000000000000000 ) ) ;
#817 = DIRECTION ( 'NONE',  ( 0.0000000000000000000, 0.0000000000000000000, 1.000000000000000000 ) ) ;
#818 = LINE ( 'NONE', #457, #1678 ) ;
#819 = PLANE ( 'NONE',  #1265 ) ;
#820 = SHAPE_REPRESENTATION ( 'VH-2AW-Pin.STEP', ( #541 ), #20 ) ;
#821 = ORIENTED_EDGE ( 'NONE', *, *, #1440, .F. ) ;
#822 = CARTESIAN_POINT ( 'NONE',  ( 11.18999999999999950, 8.319999999999998508, 0.4337670047111139571 ) ) ;
#823 = CARTESIAN_POINT ( 'NONE',  ( 0.0000000000000000000, 0.0000000000000000000, 0.0000000000000000000 ) ) ;
#824 = CARTESIAN_POINT ( 'NONE',  ( -2.500000000000000000, 8.099999999999999645, -1.500000000000000000 ) ) ;
#825 = ORIENTED_EDGE ( 'NONE', *, *, #373, .T. ) ;
#826 = CARTESIAN_POINT ( 'NONE',  ( 1.129999999999999893, 7.190000000000000391, 0.0000000000000000000 ) ) ;
#827 = ADVANCED_FACE ( 'NONE', ( #1172 ), #430, .T. ) ;
#828 = CARTESIAN_POINT ( 'NONE',  ( 2.929999999999999716, 0.0000000000000000000, -1.000000000000000000 ) ) ;
#829 = ORIENTED_EDGE ( 'NONE', *, *, #105, .T. ) ;
#830 =( NAMED_UNIT ( * ) PLANE_ANGLE_UNIT ( ) SI_UNIT ( $, .RADIAN. ) );
#831 = VECTOR ( 'NONE', #1, 1000.000000000000000 ) ;
#832 = CARTESIAN_POINT ( 'NONE',  ( 11.18999999999999950, 7.886232995288890990, -8.323736793987950600E-17 ) ) ;
#833 = AXIS2_PLACEMENT_3D ( 'NONE', #1582, #1413, #261 ) ;
#834 = DIRECTION ( 'NONE',  ( -0.0000000000000000000, 1.000000000000000000, 0.0000000000000000000 ) ) ;
#835 = ORIENTED_EDGE ( 'NONE', *, *, #1164, .F. ) ;
#836 = CARTESIAN_POINT ( 'NONE',  ( -2.500000000000000000, 8.099999999999999645, 5.700000000000000178 ) ) ;
#837 = VECTOR ( 'NONE', #215, 1000.000000000000000 ) ;
#838 = CARTESIAN_POINT ( 'NONE',  ( -2.544999999999999929, 5.264999999999999680, 1.500000000000000000 ) ) ;
#839 = EDGE_CURVE ( 'NONE', #1451, #201, #1687, .T. ) ;
#840 = MANIFOLD_SOLID_BREP ( 'NONE', #624 ) ;
#841 = ORIENTED_EDGE ( 'NONE', *, *, #47, .T. ) ;
#842 = DIRECTION ( 'NONE',  ( 0.0000000000000000000, 0.0000000000000000000, 1.000000000000000000 ) ) ;
#843 = CARTESIAN_POINT ( 'NONE',  ( 1.129999999999999893, 7.754999999999999893, -0.5649999999999999467 ) ) ;
#844 = ORIENTED_EDGE ( 'NONE', *, *, #1461, .T. ) ;
#845 = CARTESIAN_POINT ( 'NONE',  ( 1.415000000000000036, 5.264999999999999680, 1.500000000000000000 ) ) ;
#846 = FACE_OUTER_BOUND ( 'NONE', #690, .T. ) ;
#847 = DIRECTION ( 'NONE',  ( -1.000000000000000000, 0.0000000000000000000, 0.0000000000000000000 ) ) ;
#848 = VERTEX_POINT ( 'NONE', #139 ) ;
#849 = DIRECTION ( 'NONE',  ( 0.0000000000000000000, 0.0000000000000000000, -1.000000000000000000 ) ) ;
#850 = EDGE_CURVE ( 'NONE', #72, #233, #125, .T. ) ;
#851 = VERTEX_POINT ( 'NONE', #1159 ) ;
#852 = LINE ( 'NONE', #1392, #1620 ) ;
#853 = LINE ( 'NONE', #614, #1128 ) ;
#854 = CARTESIAN_POINT ( 'NONE',  ( -0.5649999999999999467, 1.500000000000060174, 0.5649999999999999467 ) ) ;
#855 = ORIENTED_EDGE ( 'NONE', *, *, #362, .T. ) ;
#856 = CARTESIAN_POINT ( 'NONE',  ( -3.959999999999999964, 6.764041066276149650, -1.500000000000000000 ) ) ;
#857 = ADVANCED_FACE ( 'NONE', ( #1165 ), #29, .F. ) ;
#858 = CARTESIAN_POINT ( 'NONE',  ( -1.415000000000000036, 5.264999999999999680, 1.500000000000000000 ) ) ;
#859 = ORIENTED_EDGE ( 'NONE', *, *, #1593, .F. ) ;
#860 = DIRECTION ( 'NONE',  ( 1.000000000000000000, 0.0000000000000000000, 0.0000000000000000000 ) ) ;
#861 = DIRECTION ( 'NONE',  ( 1.000000000000000000, 0.0000000000000000000, 0.0000000000000000000 ) ) ;
#862 = VECTOR ( 'NONE', #391, 1000.000000000000000 ) ;
#863 = DIRECTION ( 'NONE',  ( 0.0000000000000000000, 1.000000000000000000, 0.0000000000000000000 ) ) ;
#864 = VECTOR ( 'NONE', #679, 1000.000000000000000 ) ;
#865 = VECTOR ( 'NONE', #605, 1000.000000000000000 ) ;
#866 = EDGE_LOOP ( 'NONE', ( #873, #803, #88, #1685 ) ) ;
#867 = STYLED_ITEM ( 'NONE', ( #235 ), #840 ) ;
#868 = PRODUCT_DEFINITION ( 'UNKNOWN', '', #973, #124 ) ;
#869 = PLANE ( 'NONE',  #1377 ) ;
#870 = DIRECTION ( 'NONE',  ( 0.0000000000000000000, -1.000000000000000000, 0.0000000000000000000 ) ) ;
#871 = DIRECTION ( 'NONE',  ( 0.0000000000000000000, -1.000000000000000000, 0.0000000000000000000 ) ) ;
#872 = ADVANCED_FACE ( 'NONE', ( #1287 ), #774, .F. ) ;
#873 = ORIENTED_EDGE ( 'NONE', *, *, #589, .F. ) ;
#874 = DIRECTION ( 'NONE',  ( 1.000000000000000000, 0.0000000000000000000, 0.0000000000000000000 ) ) ;
#875 = PRODUCT_CONTEXT ( 'NONE', #1530, 'mechanical' ) ;
#876 = DIRECTION ( 'NONE',  ( 0.0000000000000000000, -1.000000000000000000, 0.0000000000000000000 ) ) ;
#877 = DIRECTION ( 'NONE',  ( -0.0000000000000000000, 1.000000000000000000, 0.0000000000000000000 ) ) ;
#878 = DIRECTION ( 'NONE',  ( -2.891205793294680298E-16, 0.0000000000000000000, 1.000000000000000000 ) ) ;
#879 = ADVANCED_FACE ( 'NONE', ( #1279 ), #1432, .T. ) ;
#880 = VERTEX_POINT ( 'NONE', #923 ) ;
#881 = DIRECTION ( 'NONE',  ( 1.000000000000000000, 0.0000000000000000000, 0.0000000000000000000 ) ) ;
#882 = ITEM_DEFINED_TRANSFORMATION ( 'NONE', 'NONE', #251,  #541 ) ;
#883 = PLANE ( 'NONE',  #1002 ) ;
#884 = EDGE_LOOP ( 'NONE', ( #959, #1229, #747, #920 ) ) ;
#885 = PLANE ( 'NONE',  #518 ) ;
#886 = CARTESIAN_POINT ( 'NONE',  ( 11.18999999999999950, 8.319999999999998508, -0.4337670047111139571 ) ) ;
#887 = UNCERTAINTY_MEASURE_WITH_UNIT (LENGTH_MEASURE( 1.000000000000000082E-05 ), #629, 'distance_accuracy_value', 'NONE');
#888 = DIRECTION ( 'NONE',  ( 0.0000000000000000000, 0.0000000000000000000, -1.000000000000000000 ) ) ;
#889 = VECTOR ( 'NONE', #1090, 1000.000000000000000 ) ;
#890 = EDGE_CURVE ( 'NONE', #315, #1636, #664, .T. ) ;
#891 =( REPRESENTATION_RELATIONSHIP ('NONE','NONE', #786, #1504 ) REPRESENTATION_RELATIONSHIP_WITH_TRANSFORMATION ( #882 )SHAPE_REPRESENTATION_RELATIONSHIP( ) );
#892 = VERTEX_POINT ( 'NONE', #779 ) ;
#893 = AXIS2_PLACEMENT_3D ( 'NONE', #1099, #1197, #45 ) ;
#894 = EDGE_CURVE ( 'NONE', #344, #114, #11, .T. ) ;
#895 = AXIS2_PLACEMENT_3D ( 'NONE', #369, #339, #745 ) ;
#896 = LINE ( 'NONE', #1635, #1404 ) ;
#897 = LINE ( 'NONE', #1407, #1449 ) ;
#898 = DIRECTION ( 'NONE',  ( -1.000000000000000000, 0.0000000000000000000, 0.0000000000000000000 ) ) ;
#899 = DIRECTION ( 'NONE',  ( 0.0000000000000000000, -1.000000000000000000, 0.0000000000000000000 ) ) ;
#900 = ORIENTED_EDGE ( 'NONE', *, *, #703, .F. ) ;
#901 = ORIENTED_EDGE ( 'NONE', *, *, #276, .T. ) ;
#902 = PRODUCT_RELATED_PRODUCT_CATEGORY ( 'part', '', ( #1686 ) ) ;
#903 = EDGE_CURVE ( 'NONE', #173, #569, #1297, .T. ) ;
#904 = DIRECTION ( 'NONE',  ( 1.000000000000000000, 0.0000000000000000000, 0.0000000000000000000 ) ) ;
#905 = PLANE ( 'NONE',  #997 ) ;
#906 = DIRECTION ( 'NONE',  ( 1.000000000000000000, 0.0000000000000000000, -1.485208455459593825E-16 ) ) ;
#907 = CARTESIAN_POINT ( 'NONE',  ( 3.959999999999999964, 6.764041066276149650, -1.500000000000000000 ) ) ;
#908 = EDGE_CURVE ( 'NONE', #1618, #1302, #1568, .T. ) ;
#909 = CARTESIAN_POINT ( 'NONE',  ( 2.544999999999999929, 5.264999999999999680, 1.500000000000000000 ) ) ;
#910 = APPLICATION_CONTEXT ( 'automotive_design' ) ;
#911 = PLANE ( 'NONE',  #1150 ) ;
#912 = ORIENTED_EDGE ( 'NONE', *, *, #935, .F. ) ;
#913 = VECTOR ( 'NONE', #1493, 1000.000000000000000 ) ;
#914 = ORIENTED_EDGE ( 'NONE', *, *, #1553, .F. ) ;
#915 = CARTESIAN_POINT ( 'NONE',  ( 2.500000000000000000, 8.099999999999999645, 5.700000000000000178 ) ) ;
#916 = VECTOR ( 'NONE', #1455, 1000.000000000000000 ) ;
#917 = VECTOR ( 'NONE', #150, 1000.000000000000000 ) ;
#918 = SHAPE_REPRESENTATION_RELATIONSHIP ( 'NONE' , 'NONE' ,  #1504, #378 ) ;
#919 = CARTESIAN_POINT ( 'NONE',  ( -0.4337670047111139571, 0.0000000000000000000, -0.4337670047111135130 ) ) ;
#920 = ORIENTED_EDGE ( 'NONE', *, *, #223, .T. ) ;
#921 = EDGE_CURVE ( 'NONE', #386, #1163, #1575, .T. ) ;
#922 = ORIENTED_EDGE ( 'NONE', *, *, #170, .T. ) ;
#923 = CARTESIAN_POINT ( 'NONE',  ( 11.18999999999999950, 7.886232995288890990, -0.4337670047111139571 ) ) ;
#924 = DIRECTION ( 'NONE',  ( 1.000000000000000000, 0.0000000000000000000, 0.0000000000000000000 ) ) ;
#925 = CARTESIAN_POINT ( 'NONE',  ( -2.929999999999999716, 8.000000000000000000, -3.919999999999999929 ) ) ;
#926 = ORIENTED_EDGE ( 'NONE', *, *, #1255, .F. ) ;
#927 = EDGE_CURVE ( 'NONE', #196, #1403, #436, .T. ) ;
#928 = ORIENTED_EDGE ( 'NONE', *, *, #648, .F. ) ;
#929 = DIRECTION ( 'NONE',  ( 0.9961946980917458783, -0.08715574274765486296, -1.911639744937367633E-16 ) ) ;
#930 = LINE ( 'NONE', #423, #1336 ) ;
#931 = DIRECTION ( 'NONE',  ( 0.0000000000000000000, 0.0000000000000000000, -1.000000000000000000 ) ) ;
#932 = PLANE ( 'NONE',  #1199 ) ;
#933 = EDGE_CURVE ( 'NONE', #187, #399, #1335, .T. ) ;
#934 = CARTESIAN_POINT ( 'NONE',  ( 9.690000000000001279, 8.884999999999999787, 0.5649999999999999467 ) ) ;
#935 = EDGE_CURVE ( 'NONE', #718, #1182, #599, .T. ) ;
#936 =( NAMED_UNIT ( * ) PLANE_ANGLE_UNIT ( ) SI_UNIT ( $, .RADIAN. ) );
#937 = FACE_OUTER_BOUND ( 'NONE', #40, .T. ) ;
#938 = VECTOR ( 'NONE', #1526, 1000.000000000000114 ) ;
#939 = DIRECTION ( 'NONE',  ( 1.000000000000000000, 0.0000000000000000000, 0.0000000000000000000 ) ) ;
#940 = VERTEX_POINT ( 'NONE', #1084 ) ;
#941 = PRESENTATION_LAYER_ASSIGNMENT (  '', '', ( #867 ) ) ;
#942 = LINE ( 'NONE', #1607, #289 ) ;
#943 = MECHANICAL_DESIGN_GEOMETRIC_PRESENTATION_REPRESENTATION (  '', ( #248 ), #543 ) ;
#944 = EDGE_CURVE ( 'NONE', #201, #1618, #67, .T. ) ;
#945 = VERTEX_POINT ( 'NONE', #934 ) ;
#946 = CARTESIAN_POINT ( 'NONE',  ( -2.500000000000000000, 7.014041066276149650, 7.900000000000000355 ) ) ;
#947 = DIRECTION ( 'NONE',  ( 0.0000000000000000000, 0.0000000000000000000, 1.000000000000000000 ) ) ;
#948 = ADVANCED_FACE ( 'NONE', ( #1103, #1633 ), #814, .F. ) ;
#949 = FACE_OUTER_BOUND ( 'NONE', #1410, .T. ) ;
#950 = ORIENTED_EDGE ( 'NONE', *, *, #769, .T. ) ;
#951 = DIRECTION ( 'NONE',  ( -1.000000000000000000, 0.0000000000000000000, 0.0000000000000000000 ) ) ;
#952 = ORIENTED_EDGE ( 'NONE', *, *, #129, .T. ) ;
#953 = PLANE ( 'NONE',  #964 ) ;
#954 = ADVANCED_FACE ( 'NONE', ( #1482 ), #1491, .T. ) ;
#955 = DIRECTION ( 'NONE',  ( 0.0000000000000000000, 0.0000000000000000000, -1.000000000000000000 ) ) ;
#956 = LINE ( 'NONE', #1226, #178 ) ;
#957 = PLANE ( 'NONE',  #1680 ) ;
#958 = DIRECTION ( 'NONE',  ( 0.0000000000000000000, 1.000000000000000000, 0.0000000000000000000 ) ) ;
#959 = ORIENTED_EDGE ( 'NONE', *, *, #933, .F. ) ;
#960 = DIRECTION ( 'NONE',  ( 1.000000000000000000, 0.0000000000000000000, 0.0000000000000000000 ) ) ;
#961 = DIRECTION ( 'NONE',  ( 1.000000000000000000, 0.0000000000000000000, 0.0000000000000000000 ) ) ;
#962 = CIRCLE ( 'NONE', #1169, 0.5649999999999999467 ) ;
#963 = LINE ( 'NONE', #843, #1565 ) ;
#964 = AXIS2_PLACEMENT_3D ( 'NONE', #1315, #331, #455 ) ;
#965 = PLANE ( 'NONE',  #132 ) ;
#966 = PRODUCT_RELATED_PRODUCT_CATEGORY ( 'part', '', ( #1151 ) ) ;
#967 = VERTEX_POINT ( 'NONE', #1622 ) ;
#968 = PLANE ( 'NONE',  #269 ) ;
#969 = DIRECTION ( 'NONE',  ( -2.891205793294680298E-16, 0.0000000000000000000, 1.000000000000000000 ) ) ;
#970 = VECTOR ( 'NONE', #443, 1000.000000000000000 ) ;
#971 = CARTESIAN_POINT ( 'NONE',  ( -2.544999999999999929, 5.264999999999999680, 1.500000000000000000 ) ) ;
#972 = COLOUR_RGB ( '',0.3176470588235293935, 0.2470588235294117752, 0.2078431372549019440 ) ;
#973 = PRODUCT_DEFINITION_FORMATION_WITH_SPECIFIED_SOURCE ( 'ANY', '', #1151, .NOT_KNOWN. ) ;
#974 = VERTEX_POINT ( 'NONE', #1191 ) ;
#975 = CARTESIAN_POINT ( 'NONE',  ( 2.929999999999999716, 8.000000000000000000, -1.000000000000000000 ) ) ;
#976 = CARTESIAN_POINT ( 'NONE',  ( 3.959999999999999964, 8.099999999999999645, 1.500000000000000000 ) ) ;
#977 = DIRECTION ( 'NONE',  ( 0.0000000000000000000, 0.0000000000000000000, 1.000000000000000000 ) ) ;
#978 = EDGE_CURVE ( 'NONE', #1396, #800, #1230, .T. ) ;
#979 = ORIENTED_EDGE ( 'NONE', *, *, #935, .T. ) ;
#980 = DIRECTION ( 'NONE',  ( -1.000000000000000000, 0.0000000000000000000, 0.0000000000000000000 ) ) ;
#981 = CARTESIAN_POINT ( 'NONE',  ( 3.959999999999999964, 6.764041066276149650, 1.500000000000000000 ) ) ;
#982 = ORIENTED_EDGE ( 'NONE', *, *, #157, .T. ) ;
#983 = LINE ( 'NONE', #1637, #1480 ) ;
#984 = CARTESIAN_POINT ( 'NONE',  ( 1.030000000000000027, 0.0000000000000000000, -1.000000000000000000 ) ) ;
#985 = CARTESIAN_POINT ( 'NONE',  ( -1.415000000000000036, 5.264999999999999680, 1.500000000000000000 ) ) ;
#986 = ORIENTED_EDGE ( 'NONE', *, *, #447, .F. ) ;
#987 = EDGE_CURVE ( 'NONE', #419, #1451, #723, .T. ) ;
#988 = CARTESIAN_POINT ( 'NONE',  ( 1.415000000000000036, 4.134999999999999787, 1.500000000000000000 ) ) ;
#989 = APPLICATION_PROTOCOL_DEFINITION ( 'draft international standard', 'automotive_design', 1998, #462 ) ;
#990 = ADVANCED_FACE ( 'NONE', ( #1357 ), #317, .T. ) ;
#991 = DIRECTION ( 'NONE',  ( 0.0000000000000000000, 0.2573724173532794812, -0.9663122884377127741 ) ) ;
#992 = VECTOR ( 'NONE', #169, 1000.000000000000000 ) ;
#993 = ORIENTED_EDGE ( 'NONE', *, *, #1316, .T. ) ;
#994 = CARTESIAN_POINT ( 'NONE',  ( -2.500000000000000000, 6.764041066276149650, 1.500000000000000000 ) ) ;
#995 = PLANE ( 'NONE',  #650 ) ;
#996 = VECTOR ( 'NONE', #222, 1000.000000000000114 ) ;
#997 = AXIS2_PLACEMENT_3D ( 'NONE', #535, #284, #122 ) ;
#998 = ORIENTED_EDGE ( 'NONE', *, *, #714, .T. ) ;
#999 = VECTOR ( 'NONE', #1426, 1000.000000000000000 ) ;
#1000 = ORIENTED_EDGE ( 'NONE', *, *, #850, .T. ) ;
#1001 = DIRECTION ( 'NONE',  ( -0.9961946980917457672, 0.08715574274765507112, 0.0000000000000000000 ) ) ;
#1002 = AXIS2_PLACEMENT_3D ( 'NONE', #1370, #1663, #506 ) ;
#1003 = EDGE_CURVE ( 'NONE', #413, #233, #329, .T. ) ;
#1004 = CARTESIAN_POINT ( 'NONE',  ( 2.500000000000000000, 7.700000000000000178, -1.000000000000000000 ) ) ;
#1005 = CARTESIAN_POINT ( 'NONE',  ( 9.690000000000001279, 8.884999999999999787, -0.5649999999999999467 ) ) ;
#1006 = CARTESIAN_POINT ( 'NONE',  ( 0.5649999999999999467, 1.500000000000060174, 0.5649999999999999467 ) ) ;
#1007 = ORIENTED_EDGE ( 'NONE', *, *, #309, .T. ) ;
#1008 = ORIENTED_EDGE ( 'NONE', *, *, #1281, .F. ) ;
#1009 = ORIENTED_EDGE ( 'NONE', *, *, #908, .F. ) ;
#1010 = CARTESIAN_POINT ( 'NONE',  ( 1.030000000000000027, 7.700000000000000178, -1.000000000000000000 ) ) ;
#1011 = EDGE_CURVE ( 'NONE', #800, #1158, #570, .T. ) ;
#1012 = CARTESIAN_POINT ( 'NONE',  ( 3.959999999999999964, 6.764041066276149650, -1.500000000000000000 ) ) ;
#1013 = ORIENTED_EDGE ( 'NONE', *, *, #105, .F. ) ;
#1014 = LINE ( 'NONE', #234, #410 ) ;
#1015 = CARTESIAN_POINT ( 'NONE',  ( 2.544999999999999929, 4.134999999999999787, 1.500000000000000000 ) ) ;
#1016 = DIRECTION ( 'NONE',  ( 0.0000000000000000000, 0.0000000000000000000, 1.000000000000000000 ) ) ;
#1017 = DIRECTION ( 'NONE',  ( -1.000000000000000000, 0.0000000000000000000, 0.0000000000000000000 ) ) ;
#1018 = UNCERTAINTY_MEASURE_WITH_UNIT (LENGTH_MEASURE( 1.000000000000000082E-05 ), #1462, 'distance_accuracy_value', 'NONE');
#1019 = EDGE_LOOP ( 'NONE', ( #979, #1535, #1386, #382 ) ) ;
#1020 = AXIS2_PLACEMENT_3D ( 'NONE', #547, #1282, #127 ) ;
#1021 = VECTOR ( 'NONE', #849, 1000.000000000000000 ) ;
#1022 = EDGE_LOOP ( 'NONE', ( #155, #1296, #1008, #260, #1140, #227, #1112, #1610 ) ) ;
#1023 = VECTOR ( 'NONE', #1155, 1000.000000000000000 ) ;
#1024 = VECTOR ( 'NONE', #1500, 1000.000000000000000 ) ;
#1025 =( LENGTH_UNIT ( ) NAMED_UNIT ( * ) SI_UNIT ( .MILLI., .METRE. ) );
#1026 = FACE_OUTER_BOUND ( 'NONE', #241, .T. ) ;
#1027 = DIRECTION ( 'NONE',  ( 0.0000000000000000000, -1.000000000000000000, 0.0000000000000000000 ) ) ;
#1028 = ORIENTED_EDGE ( 'NONE', *, *, #1544, .F. ) ;
#1029 = ADVANCED_FACE ( 'NONE', ( #306 ), #50, .F. ) ;
#1030 = DIRECTION ( 'NONE',  ( -1.000000000000000000, 0.0000000000000000000, 0.0000000000000000000 ) ) ;
#1031 = LINE ( 'NONE', #1043, #80 ) ;
#1032 = ORIENTED_EDGE ( 'NONE', *, *, #184, .F. ) ;
#1033 = VERTEX_POINT ( 'NONE', #1602 ) ;
#1034 =( LENGTH_UNIT ( ) NAMED_UNIT ( * ) SI_UNIT ( .MILLI., .METRE. ) );
#1035 = CARTESIAN_POINT ( 'NONE',  ( -2.544999999999999929, 5.264999999999999680, 1.500000000000000000 ) ) ;
#1036 = ORIENTED_EDGE ( 'NONE', *, *, #1464, .F. ) ;
#1037 = VECTOR ( 'NONE', #1628, 1000.000000000000000 ) ;
#1038 = VECTOR ( 'NONE', #78, 1000.000000000000000 ) ;
#1039 = ORIENTED_EDGE ( 'NONE', *, *, #944, .T. ) ;
#1040 = VECTOR ( 'NONE', #881, 1000.000000000000000 ) ;
#1041 = CIRCLE ( 'NONE', #633, 0.5649999999999999467 ) ;
#1042 = FACE_OUTER_BOUND ( 'NONE', #56, .T. ) ;
#1043 = CARTESIAN_POINT ( 'NONE',  ( -2.544999999999999929, 5.264999999999999680, -1.000000000000000000 ) ) ;
#1044 = ORIENTED_EDGE ( 'NONE', *, *, #1615, .T. ) ;
#1045 = ORIENTED_EDGE ( 'NONE', *, *, #1123, .F. ) ;
#1046 = APPLICATION_CONTEXT ( 'automotive_design' ) ;
#1047 = LINE ( 'NONE', #1408, #291 ) ;
#1048 = ADVANCED_FACE ( 'NONE', ( #1612 ), #445, .F. ) ;
#1049 = ORIENTED_EDGE ( 'NONE', *, *, #1120, .F. ) ;
#1050 = DIRECTION ( 'NONE',  ( -1.000000000000000000, 0.0000000000000000000, 0.0000000000000000000 ) ) ;
#1051 = ORIENTED_EDGE ( 'NONE', *, *, #1073, .T. ) ;
#1052 = ADVANCED_BREP_SHAPE_REPRESENTATION ( '', ( #840, #541 ), #20 ) ;
#1053 = CARTESIAN_POINT ( 'NONE',  ( 2.929999999999999716, 8.000000000000000000, -1.000000000000000000 ) ) ;
#1054 = FACE_OUTER_BOUND ( 'NONE', #77, .T. ) ;
#1055 = VERTEX_POINT ( 'NONE', #1348 ) ;
#1056 = LINE ( 'NONE', #1089, #992 ) ;
#1057 = CARTESIAN_POINT ( 'NONE',  ( -2.544999999999999929, 5.264999999999999680, -1.000000000000000000 ) ) ;
#1058 = EDGE_CURVE ( 'NONE', #556, #1246, #198, .T. ) ;
#1059 = ORIENTED_EDGE ( 'NONE', *, *, #1346, .T. ) ;
#1060 = CARTESIAN_POINT ( 'NONE',  ( 2.500000000000000000, 8.099999999999999645, 5.700000000000000178 ) ) ;
#1061 = VECTOR ( 'NONE', #860, 1000.000000000000000 ) ;
#1062 =( LENGTH_UNIT ( ) NAMED_UNIT ( * ) SI_UNIT ( .MILLI., .METRE. ) );
#1063 = AXIS2_PLACEMENT_3D ( 'NONE', #824, #30, #553 ) ;
#1064 = CARTESIAN_POINT ( 'NONE',  ( -1.415000000000000036, 5.264999999999999680, 1.500000000000000000 ) ) ;
#1065 = AXIS2_PLACEMENT_3D ( 'NONE', #1081, #1609, #1630 ) ;
#1066 = CARTESIAN_POINT ( 'NONE',  ( -0.5649999999999999467, 1.500000000000060174, -0.5649999999999999467 ) ) ;
#1067 = VERTEX_POINT ( 'NONE', #473 ) ;
#1068 = VECTOR ( 'NONE', #1670, 1000.000000000000000 ) ;
#1069 = FACE_OUTER_BOUND ( 'NONE', #684, .T. ) ;
#1070 = LINE ( 'NONE', #342, #1285 ) ;
#1071 = DIRECTION ( 'NONE',  ( -0.9924325091389676334, -0.08682659386424457226, -0.08682659386424429471 ) ) ;
#1072 = ORIENTED_EDGE ( 'NONE', *, *, #839, .T. ) ;
#1073 = EDGE_CURVE ( 'NONE', #569, #531, #1650, .T. ) ;
#1074 = DIRECTION ( 'NONE',  ( -0.08715574274765486296, 0.0000000000000000000, -0.9961946980917458783 ) ) ;
#1075 =( LENGTH_UNIT ( ) NAMED_UNIT ( * ) SI_UNIT ( .MILLI., .METRE. ) );
#1076 = DIRECTION ( 'NONE',  ( -1.918941898204434823E-16, 0.0000000000000000000, -1.000000000000000000 ) ) ;
#1077 = LINE ( 'NONE', #1456, #1545 ) ;
#1078 = ORIENTED_EDGE ( 'NONE', *, *, #1316, .F. ) ;
#1079 = EDGE_LOOP ( 'NONE', ( #1551, #1427, #675, #735 ) ) ;
#1080 = CARTESIAN_POINT ( 'NONE',  ( 1.129999999999999893, 8.884999999999999787, -0.5649999999999999467 ) ) ;
#1081 = CARTESIAN_POINT ( 'NONE',  ( 1.129999999999999893, 7.190000000000000391, -0.5649999999999999467 ) ) ;
#1082 = ORIENTED_EDGE ( 'NONE', *, *, #1058, .F. ) ;
#1083 = VERTEX_POINT ( 'NONE', #1267 ) ;
#1084 = CARTESIAN_POINT ( 'NONE',  ( 0.4337670047111135130, 0.0000000000000000000, 0.4337670047111135130 ) ) ;
#1085 = EDGE_CURVE ( 'NONE', #1067, #1171, #1014, .T. ) ;
#1086 = SURFACE_STYLE_FILL_AREA ( #422 ) ;
#1087 = LINE ( 'NONE', #1614, #406 ) ;
#1088 = ORIENTED_EDGE ( 'NONE', *, *, #1245, .T. ) ;
#1089 = CARTESIAN_POINT ( 'NONE',  ( 2.500000000000000000, 7.700000000000000178, 5.700000000000000178 ) ) ;
#1090 = DIRECTION ( 'NONE',  ( 1.000000000000000000, 0.0000000000000000000, 0.0000000000000000000 ) ) ;
#1091 = ORIENTED_EDGE ( 'NONE', *, *, #1593, .T. ) ;
#1092 =( NAMED_UNIT ( * ) SI_UNIT ( $, .STERADIAN. ) SOLID_ANGLE_UNIT ( ) );
#1093 = AXIS2_PLACEMENT_3D ( 'NONE', #710, #1494, #1217 ) ;
#1094 = VECTOR ( 'NONE', #1276, 1000.000000000000000 ) ;
#1095 = DIRECTION ( 'NONE',  ( 1.000000000000000000, 0.0000000000000000000, 0.0000000000000000000 ) ) ;
#1096 = LINE ( 'NONE', #508, #913 ) ;
#1097 = EDGE_CURVE ( 'NONE', #316, #403, #358, .T. ) ;
#1098 =( GEOMETRIC_REPRESENTATION_CONTEXT ( 3 ) GLOBAL_UNCERTAINTY_ASSIGNED_CONTEXT ( ( #887 ) ) GLOBAL_UNIT_ASSIGNED_CONTEXT ( ( #629, #619, #368 ) ) REPRESENTATION_CONTEXT ( 'NONE', 'WORKASPACE' ) );
#1099 = CARTESIAN_POINT ( 'NONE',  ( 2.544999999999999929, 5.264999999999999680, 1.500000000000000000 ) ) ;
#1100 = AXIS2_PLACEMENT_3D ( 'NONE', #590, #1484, #191 ) ;
#1101 =( GEOMETRIC_REPRESENTATION_CONTEXT ( 3 ) GLOBAL_UNCERTAINTY_ASSIGNED_CONTEXT ( ( #1674 ) ) GLOBAL_UNIT_ASSIGNED_CONTEXT ( ( #1062, #936, #1092 ) ) REPRESENTATION_CONTEXT ( 'NONE', 'WORKASPACE' ) );
#1102 = VERTEX_POINT ( 'NONE', #491 ) ;
#1103 = FACE_OUTER_BOUND ( 'NONE', #635, .T. ) ;
#1104 = LINE ( 'NONE', #1004, #1024 ) ;
#1105 = ORIENTED_EDGE ( 'NONE', *, *, #1212, .F. ) ;
#1106 = LINE ( 'NONE', #994, #1061 ) ;
#1107 = DIRECTION ( 'NONE',  ( 0.9924325091389676334, -0.08682659386424447512, -0.08682659386424429471 ) ) ;
#1108 = DIRECTION ( 'NONE',  ( -1.000000000000000000, 0.0000000000000000000, 0.0000000000000000000 ) ) ;
#1109 = ADVANCED_FACE ( 'NONE', ( #503 ), #347, .F. ) ;
#1110 = MANIFOLD_SOLID_BREP ( 'NONE', #1367 ) ;
#1111 = EDGE_CURVE ( 'NONE', #1130, #419, #1529, .T. ) ;
#1112 = ORIENTED_EDGE ( 'NONE', *, *, #1356, .F. ) ;
#1113 = SURFACE_STYLE_FILL_AREA ( #104 ) ;
#1114 = FILL_AREA_STYLE ('',( #611 ) ) ;
#1115 = EDGE_LOOP ( 'NONE', ( #328, #49, #1082, #1528, #1283, #440 ) ) ;
#1116 = DIRECTION ( 'NONE',  ( 1.000000000000000000, 0.0000000000000000000, 0.0000000000000000000 ) ) ;
#1117 = LINE ( 'NONE', #509, #387 ) ;
#1118 = UNCERTAINTY_MEASURE_WITH_UNIT (LENGTH_MEASURE( 1.000000000000000082E-05 ), #1398, 'distance_accuracy_value', 'NONE');
#1119 = LINE ( 'NONE', #393, #1235 ) ;
#1120 = EDGE_CURVE ( 'NONE', #1171, #96, #242, .T. ) ;
#1121 = ORIENTED_EDGE ( 'NONE', *, *, #1058, .T. ) ;
#1122 = LINE ( 'NONE', #1366, #837 ) ;
#1123 = EDGE_CURVE ( 'NONE', #1574, #173, #1122, .T. ) ;
#1124 = VECTOR ( 'NONE', #622, 1000.000000000000000 ) ;
#1125 = VERTEX_POINT ( 'NONE', #1240 ) ;
#1126 = DIRECTION ( 'NONE',  ( -1.000000000000000000, 0.0000000000000000000, 0.0000000000000000000 ) ) ;
#1127 = DIRECTION ( 'NONE',  ( 0.0000000000000000000, 1.000000000000000000, 0.0000000000000000000 ) ) ;
#1128 = VECTOR ( 'NONE', #1524, 1000.000000000000000 ) ;
#1129 = VECTOR ( 'NONE', #290, 1000.000000000000000 ) ;
#1130 = VERTEX_POINT ( 'NONE', #854 ) ;
#1131 = PRODUCT_DEFINITION_SHAPE ( 'NONE', 'NONE',  #1626 ) ;
#1132 = VECTOR ( 'NONE', #874, 1000.000000000000000 ) ;
#1133 = ORIENTED_EDGE ( 'NONE', *, *, #1499, .T. ) ;
#1134 = VECTOR ( 'NONE', #1625, 1000.000000000000000 ) ;
#1135 = ADVANCED_FACE ( 'NONE', ( #304 ), #324, .F. ) ;
#1136 = FACE_OUTER_BOUND ( 'NONE', #628, .T. ) ;
#1137 = VERTEX_POINT ( 'NONE', #828 ) ;
#1138 = CARTESIAN_POINT ( 'NONE',  ( -1.415000000000000036, 5.264999999999999680, -1.000000000000000000 ) ) ;
#1139 = DIRECTION ( 'NONE',  ( 0.0000000000000000000, 0.0000000000000000000, 1.000000000000000000 ) ) ;
#1140 = ORIENTED_EDGE ( 'NONE', *, *, #1003, .F. ) ;
#1141 = CARTESIAN_POINT ( 'NONE',  ( 2.500000000000000000, 8.099999999999999645, -1.500000000000000000 ) ) ;
#1142 = CARTESIAN_POINT ( 'NONE',  ( -3.959999999999999964, 8.099999999999999645, -1.500000000000000000 ) ) ;
#1143 = ADVANCED_FACE ( 'NONE', ( #577 ), #1236, .F. ) ;
#1144 = FACE_OUTER_BOUND ( 'NONE', #694, .T. ) ;
#1145 = ORIENTED_EDGE ( 'NONE', *, *, #894, .F. ) ;
#1146 = DIRECTION ( 'NONE',  ( 0.0000000000000000000, 1.000000000000000000, 0.0000000000000000000 ) ) ;
#1147 = ADVANCED_FACE ( 'NONE', ( #1619 ), #819, .T. ) ;
#1148 = ORIENTED_EDGE ( 'NONE', *, *, #662, .F. ) ;
#1149 = VECTOR ( 'NONE', #1353, 1000.000000000000000 ) ;
#1150 = AXIS2_PLACEMENT_3D ( 'NONE', #1445, #1300, #673 ) ;
#1151 = PRODUCT ( 'VH-2AW.STEP', 'VH-2AW.STEP', '', ( #762 ) ) ;
#1152 = VECTOR ( 'NONE', #1289, 1000.000000000000000 ) ;
#1153 = CARTESIAN_POINT ( 'NONE',  ( -0.5649999999999999467, 0.0000000000000000000, -0.5649999999999999467 ) ) ;
#1154 = DIRECTION ( 'NONE',  ( 1.000000000000000000, 0.0000000000000000000, 0.0000000000000000000 ) ) ;
#1155 = DIRECTION ( 'NONE',  ( 0.0000000000000000000, -1.000000000000000000, 0.0000000000000000000 ) ) ;
#1156 = ORIENTED_EDGE ( 'NONE', *, *, #337, .F. ) ;
#1157 = EDGE_CURVE ( 'NONE', #1137, #429, #470, .T. ) ;
#1158 = VERTEX_POINT ( 'NONE', #1321 ) ;
#1159 = CARTESIAN_POINT ( 'NONE',  ( -1.030000000000000027, 7.700000000000000178, -1.000000000000000000 ) ) ;
#1160 = FILL_AREA_STYLE ('',( #1437 ) ) ;
#1161 = CARTESIAN_POINT ( 'NONE',  ( -1.030000000000000027, 0.0000000000000000000, -3.919999999999999929 ) ) ;
#1162 = CARTESIAN_POINT ( 'NONE',  ( 1.129999999999999893, 8.884999999999999787, -0.5649999999999999467 ) ) ;
#1163 = VERTEX_POINT ( 'NONE', #1228 ) ;
#1164 = EDGE_CURVE ( 'NONE', #559, #718, #183, .T. ) ;
#1165 = FACE_OUTER_BOUND ( 'NONE', #1505, .T. ) ;
#1166 = LINE ( 'NONE', #13, #15 ) ;
#1167 = PLANE ( 'NONE',  #1511 ) ;
#1168 = ORIENTED_EDGE ( 'NONE', *, *, #447, .T. ) ;
#1169 = AXIS2_PLACEMENT_3D ( 'NONE', #181, #1488, #1189 ) ;
#1170 = VECTOR ( 'NONE', #174, 1000.000000000000000 ) ;
#1171 = VERTEX_POINT ( 'NONE', #343 ) ;
#1172 = FACE_OUTER_BOUND ( 'NONE', #225, .T. ) ;
#1173 = AXIS2_PLACEMENT_3D ( 'NONE', #1330, #1469, #1364 ) ;
#1174 = EDGE_CURVE ( 'NONE', #1273, #413, #204, .T. ) ;
#1175 = VECTOR ( 'NONE', #707, 1000.000000000000000 ) ;
#1176 = PRESENTATION_STYLE_ASSIGNMENT (( #140 ) ) ;
#1177 = LINE ( 'NONE', #23, #831 ) ;
#1178 = AXIS2_PLACEMENT_3D ( 'NONE', #166, #454, #947 ) ;
#1179 = ADVANCED_FACE ( 'NONE', ( #700 ), #461, .T. ) ;
#1180 = LINE ( 'NONE', #31, #1658 ) ;
#1181 = ORIENTED_EDGE ( 'NONE', *, *, #276, .F. ) ;
#1182 = VERTEX_POINT ( 'NONE', #692 ) ;
#1183 = ORIENTED_EDGE ( 'NONE', *, *, #1464, .T. ) ;
#1184 = DIRECTION ( 'NONE',  ( 0.0000000000000000000, 1.000000000000000000, 0.0000000000000000000 ) ) ;
#1185 = PRODUCT_DEFINITION ( 'UNKNOWN', '', #394, #265 ) ;
#1186 = FACE_OUTER_BOUND ( 'NONE', #1319, .T. ) ;
#1187 = VERTEX_POINT ( 'NONE', #87 ) ;
#1188 = DIRECTION ( 'NONE',  ( 0.0000000000000000000, -1.000000000000000000, 0.0000000000000000000 ) ) ;
#1189 = DIRECTION ( 'NONE',  ( -1.000000000000000000, 0.0000000000000000000, 0.0000000000000000000 ) ) ;
#1190 = ORIENTED_EDGE ( 'NONE', *, *, #978, .F. ) ;
#1191 = CARTESIAN_POINT ( 'NONE',  ( -2.929999999999999716, 0.0000000000000000000, -1.500000000000000000 ) ) ;
#1192 = DIRECTION ( 'NONE',  ( 1.000000000000000000, 0.0000000000000000000, 0.0000000000000000000 ) ) ;
#1193 = LINE ( 'NONE', #832, #1337 ) ;
#1194 = DIRECTION ( 'NONE',  ( 0.0000000000000000000, -0.9961946980917457672, 0.08715574274765484908 ) ) ;
#1195 = ORIENTED_EDGE ( 'NONE', *, *, #1369, .F. ) ;
#1196 = DIRECTION ( 'NONE',  ( 1.000000000000000000, 0.0000000000000000000, 0.0000000000000000000 ) ) ;
#1197 = DIRECTION ( 'NONE',  ( 1.000000000000000000, 0.0000000000000000000, 0.0000000000000000000 ) ) ;
#1198 = ADVANCED_FACE ( 'NONE', ( #195 ), #1639, .F. ) ;
#1199 = AXIS2_PLACEMENT_3D ( 'NONE', #1447, #293, #811 ) ;
#1200 = ORIENTED_EDGE ( 'NONE', *, *, #298, .F. ) ;
#1201 = DIRECTION ( 'NONE',  ( 0.0000000000000000000, 0.2573724173532794812, -0.9663122884377126631 ) ) ;
#1202 = AXIS2_PLACEMENT_3D ( 'NONE', #1423, #1299, #1030 ) ;
#1203 = DIRECTION ( 'NONE',  ( 0.0000000000000000000, 0.0000000000000000000, 1.000000000000000000 ) ) ;
#1204 = CARTESIAN_POINT ( 'NONE',  ( -0.5564810911356650180, 1.402628426118250005, 0.5564810911356650180 ) ) ;
#1205 = ORIENTED_EDGE ( 'NONE', *, *, #890, .T. ) ;
#1206 =( GEOMETRIC_REPRESENTATION_CONTEXT ( 3 ) GLOBAL_UNCERTAINTY_ASSIGNED_CONTEXT ( ( #1495 ) ) GLOBAL_UNIT_ASSIGNED_CONTEXT ( ( #147, #1443, #415 ) ) REPRESENTATION_CONTEXT ( 'NONE', 'WORKASPACE' ) );
#1207 = PLANE ( 'NONE',  #1448 ) ;
#1208 = EDGE_CURVE ( 'NONE', #1125, #114, #108, .T. ) ;
#1209 = LINE ( 'NONE', #971, #388 ) ;
#1210 = VERTEX_POINT ( 'NONE', #711 ) ;
#1211 = DIRECTION ( 'NONE',  ( -0.08715574274765484908, 0.9961946980917457672, 0.0000000000000000000 ) ) ;
#1212 = EDGE_CURVE ( 'NONE', #880, #1481, #567, .T. ) ;
#1213 = CARTESIAN_POINT ( 'NONE',  ( -3.959999999999999964, 8.099999999999999645, 1.500000000000000000 ) ) ;
#1214 = LINE ( 'NONE', #642, #1068 ) ;
#1215 = VERTEX_POINT ( 'NONE', #64 ) ;
#1216 = DIRECTION ( 'NONE',  ( -1.000000000000000000, 0.0000000000000000000, 0.0000000000000000000 ) ) ;
#1217 = DIRECTION ( 'NONE',  ( 0.0000000000000000000, -1.000000000000000000, 0.0000000000000000000 ) ) ;
#1218 = LINE ( 'NONE', #838, #1402 ) ;
#1219 = EDGE_LOOP ( 'NONE', ( #161, #901, #743, #1009 ) ) ;
#1220 = EDGE_LOOP ( 'NONE', ( #434, #517, #982, #1466 ) ) ;
#1221 = DIRECTION ( 'NONE',  ( 0.0000000000000000000, -1.000000000000000000, 0.0000000000000000000 ) ) ;
#1222 = EDGE_CURVE ( 'NONE', #655, #377, #1209, .T. ) ;
#1223 = LINE ( 'NONE', #1605, #186 ) ;
#1224 = DIRECTION ( 'NONE',  ( 0.9924325091389676334, 0.08682659386424457226, -0.08682659386424429471 ) ) ;
#1225 = ORIENTED_EDGE ( 'NONE', *, *, #35, .T. ) ;
#1226 = CARTESIAN_POINT ( 'NONE',  ( 0.5649999999999999467, 0.0000000000000000000, -0.4337670047111135130 ) ) ;
#1227 = CARTESIAN_POINT ( 'NONE',  ( 1.415000000000000036, 4.134999999999999787, 1.500000000000000000 ) ) ;
#1228 = CARTESIAN_POINT ( 'NONE',  ( 1.129999999999999893, 8.884999999999999787, 0.5649999999999999467 ) ) ;
#1229 = ORIENTED_EDGE ( 'NONE', *, *, #1405, .F. ) ;
#1230 = LINE ( 'NONE', #1472, #1263 ) ;
#1231 = EDGE_CURVE ( 'NONE', #1618, #386, #463, .T. ) ;
#1232 = AXIS2_PLACEMENT_3D ( 'NONE', #1064, #1595, #438 ) ;
#1233 = CARTESIAN_POINT ( 'NONE',  ( -0.5649999999999999467, 0.0000000000000000000, -0.5649999999999999467 ) ) ;
#1234 = DIRECTION ( 'NONE',  ( 1.000000000000000000, 0.0000000000000000000, 2.891205793294680298E-16 ) ) ;
#1235 = VECTOR ( 'NONE', #863, 1000.000000000000000 ) ;
#1236 = PLANE ( 'NONE',  #1592 ) ;
#1237 = ORIENTED_EDGE ( 'NONE', *, *, #741, .T. ) ;
#1238 = PRODUCT_DEFINITION_FORMATION_WITH_SPECIFIED_SOURCE ( 'ANY', '', #1686, .NOT_KNOWN. ) ;
#1239 = ORIENTED_EDGE ( 'NONE', *, *, #396, .T. ) ;
#1240 = CARTESIAN_POINT ( 'NONE',  ( -1.415000000000000036, 5.264999999999999680, -1.000000000000000000 ) ) ;
#1241 = APPLICATION_PROTOCOL_DEFINITION ( 'draft international standard', 'automotive_design', 1998, #1530 ) ;
#1242 = DIRECTION ( 'NONE',  ( -1.000000000000000000, 0.0000000000000000000, 0.0000000000000000000 ) ) ;
#1243 = DIRECTION ( 'NONE',  ( 0.0000000000000000000, 1.000000000000000000, 0.0000000000000000000 ) ) ;
#1244 = CARTESIAN_POINT ( 'NONE',  ( -2.500000000000000000, 7.700000000000000178, 5.700000000000000178 ) ) ;
#1245 = EDGE_CURVE ( 'NONE', #1572, #655, #1218, .T. ) ;
#1246 = VERTEX_POINT ( 'NONE', #1344 ) ;
#1247 = CARTESIAN_POINT ( 'NONE',  ( 2.500000000000000000, 7.700000000000000178, -1.000000000000000000 ) ) ;
#1248 = APPLICATION_PROTOCOL_DEFINITION ( 'draft international standard', 'automotive_design', 1998, #1046 ) ;
#1249 = DIRECTION ( 'NONE',  ( 1.000000000000000000, 0.0000000000000000000, 0.0000000000000000000 ) ) ;
#1250 = EDGE_LOOP ( 'NONE', ( #1365, #1597, #364, #689 ) ) ;
#1251 = CARTESIAN_POINT ( 'NONE',  ( -2.500000000000000000, 7.700000000000000178, -1.000000000000000000 ) ) ;
#1252 = LINE ( 'NONE', #1012, #1563 ) ;
#1253 = CARTESIAN_POINT ( 'NONE',  ( -0.5649999999999999467, 7.190000000000000391, 0.5649999999999999467 ) ) ;
#1254 = ORIENTED_EDGE ( 'NONE', *, *, #1208, .T. ) ;
#1255 = EDGE_CURVE ( 'NONE', #202, #1481, #75, .T. ) ;
#1256 = ORIENTED_EDGE ( 'NONE', *, *, #894, .T. ) ;
#1257 = SURFACE_STYLE_USAGE ( .BOTH. , #97 ) ;
#1258 = FACE_OUTER_BOUND ( 'NONE', #754, .T. ) ;
#1259 = VECTOR ( 'NONE', #257, 1000.000000000000000 ) ;
#1260 = ORIENTED_EDGE ( 'NONE', *, *, #516, .T. ) ;
#1261 = LINE ( 'NONE', #110, #626 ) ;
#1262 = PLANE ( 'NONE',  #1538 ) ;
#1263 = VECTOR ( 'NONE', #206, 1000.000000000000227 ) ;
#1264 = CARTESIAN_POINT ( 'NONE',  ( 2.929999999999999716, 8.000000000000000000, -3.919999999999999929 ) ) ;
#1265 = AXIS2_PLACEMENT_3D ( 'NONE', #1489, #314, #847 ) ;
#1266 = ORIENTED_EDGE ( 'NONE', *, *, #645, .T. ) ;
#1267 = CARTESIAN_POINT ( 'NONE',  ( 2.929999999999999716, 0.0000000000000000000, -1.500000000000000000 ) ) ;
#1268 = APPLICATION_PROTOCOL_DEFINITION ( 'draft international standard', 'automotive_design', 1998, #910 ) ;
#1269 = ADVANCED_FACE ( 'NONE', ( #1385 ), #1675, .F. ) ;
#1270 = CARTESIAN_POINT ( 'NONE',  ( 11.18999999999999950, 8.753767004711111355, 0.4337670047111139571 ) ) ;
#1271 = LINE ( 'NONE', #1376, #1623 ) ;
#1272 = ORIENTED_EDGE ( 'NONE', *, *, #208, .T. ) ;
#1273 = VERTEX_POINT ( 'NONE', #1683 ) ;
#1274 = EDGE_CURVE ( 'NONE', #280, #848, #250, .T. ) ;
#1275 =( NAMED_UNIT ( * ) PLANE_ANGLE_UNIT ( ) SI_UNIT ( $, .RADIAN. ) );
#1276 = DIRECTION ( 'NONE',  ( 1.485208455459593825E-16, 0.0000000000000000000, 1.000000000000000000 ) ) ;
#1277 = CARTESIAN_POINT ( 'NONE',  ( 2.500000000000000000, 7.014041066276149650, 7.900000000000000355 ) ) ;
#1278 = ORIENTED_EDGE ( 'NONE', *, *, #1255, .T. ) ;
#1279 = FACE_OUTER_BOUND ( 'NONE', #1219, .T. ) ;
#1280 = SURFACE_STYLE_FILL_AREA ( #1160 ) ;
#1281 = EDGE_CURVE ( 'NONE', #1318, #1171, #1271, .T. ) ;
#1282 = DIRECTION ( 'NONE',  ( 0.0000000000000000000, 0.0000000000000000000, -1.000000000000000000 ) ) ;
#1283 = ORIENTED_EDGE ( 'NONE', *, *, #401, .T. ) ;
#1284 = EDGE_CURVE ( 'NONE', #1163, #945, #523, .T. ) ;
#1285 = VECTOR ( 'NONE', #163, 1000.000000000000000 ) ;
#1286 = ORIENTED_EDGE ( 'NONE', *, *, #24, .F. ) ;
#1287 = FACE_OUTER_BOUND ( 'NONE', #884, .T. ) ;
#1288 = FACE_OUTER_BOUND ( 'NONE', #667, .T. ) ;
#1289 = DIRECTION ( 'NONE',  ( 0.0000000000000000000, 0.0000000000000000000, -1.000000000000000000 ) ) ;
#1290 = EDGE_CURVE ( 'NONE', #1396, #892, #615, .T. ) ;
#1291 = VERTEX_POINT ( 'NONE', #625 ) ;
#1292 = DIRECTION ( 'NONE',  ( 0.0000000000000000000, 0.0000000000000000000, 1.000000000000000000 ) ) ;
#1293 = DIRECTION ( 'NONE',  ( 0.0000000000000000000, 0.0000000000000000000, 1.000000000000000000 ) ) ;
#1294 = CARTESIAN_POINT ( 'NONE',  ( 1.030000000000000027, 8.000000000000000000, -1.000000000000000000 ) ) ;
#1295 = ORIENTED_EDGE ( 'NONE', *, *, #593, .F. ) ;
#1296 = ORIENTED_EDGE ( 'NONE', *, *, #1085, .T. ) ;
#1297 = LINE ( 'NONE', #283, #107 ) ;
#1298 = FILL_AREA_STYLE_COLOUR ( '', #972 ) ;
#1299 = DIRECTION ( 'NONE',  ( 0.0000000000000000000, 0.9936052547897188392, -0.1129096880442861939 ) ) ;
#1300 = DIRECTION ( 'NONE',  ( 0.0000000000000000000, 0.0000000000000000000, -1.000000000000000000 ) ) ;
#1301 = EDGE_LOOP ( 'NONE', ( #1183, #708, #536, #144 ) ) ;
#1302 = VERTEX_POINT ( 'NONE', #1253 ) ;
#1303 = AXIS2_PLACEMENT_3D ( 'NONE', #886, #86, #604 ) ;
#1304 = VECTOR ( 'NONE', #1416, 1000.000000000000000 ) ;
#1305 = ORIENTED_EDGE ( 'NONE', *, *, #526, .F. ) ;
#1306 = AXIS2_PLACEMENT_3D ( 'NONE', #1066, #448, #1194 ) ;
#1307 = EDGE_CURVE ( 'NONE', #1655, #945, #1119, .T. ) ;
#1308 = DIRECTION ( 'NONE',  ( 0.0000000000000000000, 0.0000000000000000000, -1.000000000000000000 ) ) ;
#1309 = CARTESIAN_POINT ( 'NONE',  ( 0.5649999999999999467, 1.500000000000060174, -0.5649999999999999467 ) ) ;
#1310 = ORIENTED_EDGE ( 'NONE', *, *, #184, .T. ) ;
#1311 = LINE ( 'NONE', #836, #488 ) ;
#1312 = ORIENTED_EDGE ( 'NONE', *, *, #538, .T. ) ;
#1313 = DIRECTION ( 'NONE',  ( 0.0000000000000000000, 0.0000000000000000000, 1.000000000000000000 ) ) ;
#1314 =( NAMED_UNIT ( * ) SI_UNIT ( $, .STERADIAN. ) SOLID_ANGLE_UNIT ( ) );
#1315 = CARTESIAN_POINT ( 'NONE',  ( 1.129999999999999893, 7.754999999999999893, -0.5649999999999999467 ) ) ;
#1316 = EDGE_CURVE ( 'NONE', #967, #99, #1659, .T. ) ;
#1317 = LINE ( 'NONE', #554, #1430 ) ;
#1318 = VERTEX_POINT ( 'NONE', #113 ) ;
#1319 = EDGE_LOOP ( 'NONE', ( #1522, #17, #638, #411, #621, #1295, #810, #54 ) ) ;
#1320 = DIRECTION ( 'NONE',  ( 1.000000000000000000, 0.0000000000000000000, -1.918941898204434823E-16 ) ) ;
#1321 = CARTESIAN_POINT ( 'NONE',  ( 2.500000000000000000, 7.014041066276149650, 7.900000000000000355 ) ) ;
#1322 = ORIENTED_EDGE ( 'NONE', *, *, #1164, .T. ) ;
#1323 = DIRECTION ( 'NONE',  ( -1.918941898204434823E-16, 0.0000000000000000000, -1.000000000000000000 ) ) ;
#1324 = DIRECTION ( 'NONE',  ( 0.0000000000000000000, 0.0000000000000000000, 1.000000000000000000 ) ) ;
#1325 = LINE ( 'NONE', #1204, #519 ) ;
#1326 = LINE ( 'NONE', #439, #1660 ) ;
#1327 = EDGE_LOOP ( 'NONE', ( #1121, #121, #143, #639 ) ) ;
#1328 = CARTESIAN_POINT ( 'NONE',  ( -0.5649999999999999467, 1.500000000000060174, -0.5649999999999999467 ) ) ;
#1329 = DIRECTION ( 'NONE',  ( -1.000000000000000000, 0.0000000000000000000, -2.891205793294680298E-16 ) ) ;
#1330 = CARTESIAN_POINT ( 'NONE',  ( 11.18999999999999950, 8.319999999999998508, 0.0000000000000000000 ) ) ;
#1331 = ADVANCED_FACE ( 'NONE', ( #1144 ), #354, .F. ) ;
#1332 = ORIENTED_EDGE ( 'NONE', *, *, #670, .T. ) ;
#1333 = AXIS2_PLACEMENT_3D ( 'NONE', #683, #1329, #969 ) ;
#1334 = ORIENTED_EDGE ( 'NONE', *, *, #1123, .T. ) ;
#1335 = LINE ( 'NONE', #297, #1021 ) ;
#1336 = VECTOR ( 'NONE', #1308, 1000.000000000000000 ) ;
#1337 = VECTOR ( 'NONE', #1576, 1000.000000000000000 ) ;
#1338 = PLANE ( 'NONE',  #1063 ) ;
#1339 = CARTESIAN_POINT ( 'NONE',  ( 2.544999999999999929, 5.264999999999999680, 1.500000000000000000 ) ) ;
#1340 = ORIENTED_EDGE ( 'NONE', *, *, #1222, .F. ) ;
#1341 = MECHANICAL_DESIGN_GEOMETRIC_PRESENTATION_REPRESENTATION (  '', ( #112 ), #1454 ) ;
#1342 = FACE_OUTER_BOUND ( 'NONE', #608, .T. ) ;
#1343 = DIRECTION ( 'NONE',  ( -1.918941898204434823E-16, 0.0000000000000000000, -1.000000000000000000 ) ) ;
#1344 = CARTESIAN_POINT ( 'NONE',  ( -2.929999999999999716, 6.764041066276149650, -1.500000000000000000 ) ) ;
#1345 = ORIENTED_EDGE ( 'NONE', *, *, #987, .F. ) ;
#1346 = EDGE_CURVE ( 'NONE', #1451, #26, #487, .T. ) ;
#1347 = ORIENTED_EDGE ( 'NONE', *, *, #769, .F. ) ;
#1348 = CARTESIAN_POINT ( 'NONE',  ( -0.4337670047111139571, 0.0000000000000000000, 0.4337670047111135130 ) ) ;
#1349 = SURFACE_STYLE_USAGE ( .BOTH. , #437 ) ;
#1350 = CARTESIAN_POINT ( 'NONE',  ( 2.500000000000000000, 6.764041066276149650, -1.500000000000000000 ) ) ;
#1351 = LINE ( 'NONE', #200, #1134 ) ;
#1352 = LINE ( 'NONE', #302, #649 ) ;
#1353 = DIRECTION ( 'NONE',  ( -1.000000000000000000, 0.0000000000000000000, 0.0000000000000000000 ) ) ;
#1354 = CARTESIAN_POINT ( 'NONE',  ( 2.544999999999999929, 5.264999999999999680, 1.500000000000000000 ) ) ;
#1355 = ORIENTED_EDGE ( 'NONE', *, *, #428, .F. ) ;
#1356 = EDGE_CURVE ( 'NONE', #187, #1158, #258, .T. ) ;
#1357 = FACE_OUTER_BOUND ( 'NONE', #1527, .T. ) ;
#1358 = ITEM_DEFINED_TRANSFORMATION ( 'NONE', 'NONE', #812,  #220 ) ;
#1359 = ADVANCED_FACE ( 'NONE', ( #239 ), #757, .F. ) ;
#1360 = CARTESIAN_POINT ( 'NONE',  ( -3.959999999999999964, 0.0000000000000000000, 1.500000000000000000 ) ) ;
#1361 = ORIENTED_EDGE ( 'NONE', *, *, #346, .T. ) ;
#1362 = DIRECTION ( 'NONE',  ( -1.000000000000000000, 0.0000000000000000000, 0.0000000000000000000 ) ) ;
#1363 = PLANE ( 'NONE',  #432 ) ;
#1364 = DIRECTION ( 'NONE',  ( 0.0000000000000000000, 1.000000000000000000, 0.0000000000000000000 ) ) ;
#1365 = ORIENTED_EDGE ( 'NONE', *, *, #617, .T. ) ;
#1366 = CARTESIAN_POINT ( 'NONE',  ( 1.030000000000000027, 8.099999999999999645, -1.500000000000000000 ) ) ;
#1367 = CLOSED_SHELL ( 'NONE', ( #1509, #1641, #325, #349, #1331, #409, #857, #794, #1269, #641, #1589, #872, #725, #44, #1672, #1631, #550, #32, #1143, #1198, #1477, #4, #1604, #804, #1135, #1415, #123, #254, #1359, #1048, #948 ) ) ;
#1368 = VECTOR ( 'NONE', #499, 1000.000000000000000 ) ;
#1369 = EDGE_CURVE ( 'NONE', #1215, #252, #292, .T. ) ;
#1370 = CARTESIAN_POINT ( 'NONE',  ( 0.0000000000000000000, 0.0000000000000000000, 5.700000000000000178 ) ) ;
#1371 = PRODUCT_DEFINITION_SHAPE ( 'NONE', 'NONE',  #1185 ) ;
#1372 = EDGE_LOOP ( 'NONE', ( #663, #340, #722, #1272 ) ) ;
#1373 = LINE ( 'NONE', #1532, #1037 ) ;
#1374 = CARTESIAN_POINT ( 'NONE',  ( 0.5564810911356650180, 1.402628426118250005, 0.5564810911356650180 ) ) ;
#1375 = VECTOR ( 'NONE', #274, 1000.000000000000000 ) ;
#1376 = CARTESIAN_POINT ( 'NONE',  ( 2.500000000000000000, 7.700000000000000178, 5.700000000000000178 ) ) ;
#1377 = AXIS2_PLACEMENT_3D ( 'NONE', #256, #602, #245 ) ;
#1378 = EDGE_LOOP ( 'NONE', ( #1044, #467, #1391, #1322 ) ) ;
#1379 = ORIENTED_EDGE ( 'NONE', *, *, #533, .T. ) ;
#1380 = CARTESIAN_POINT ( 'NONE',  ( -1.415000000000000036, 5.264999999999999680, -1.000000000000000000 ) ) ;
#1381 = VERTEX_POINT ( 'NONE', #142 ) ;
#1382 = LINE ( 'NONE', #365, #46 ) ;
#1383 = EDGE_CURVE ( 'NONE', #1102, #377, #1031, .T. ) ;
#1384 = CARTESIAN_POINT ( 'NONE',  ( 0.5649999999999999467, 0.0000000000000000000, 0.5649999999999999467 ) ) ;
#1385 = FACE_OUTER_BOUND ( 'NONE', #1115, .T. ) ;
#1386 = ORIENTED_EDGE ( 'NONE', *, *, #1097, .F. ) ;
#1387 = ORIENTED_EDGE ( 'NONE', *, *, #1174, .T. ) ;
#1388 = PRODUCT ( 'User Library-VH-2AW', 'User Library-VH-2AW', '', ( #1520 ) ) ;
#1389 = SHAPE_DEFINITION_REPRESENTATION ( #651, #1504 ) ;
#1390 = CARTESIAN_POINT ( 'NONE',  ( -2.500000000000000000, 8.099999999999999645, 5.700000000000000178 ) ) ;
#1391 = ORIENTED_EDGE ( 'NONE', *, *, #1580, .T. ) ;
#1392 = CARTESIAN_POINT ( 'NONE',  ( 2.500000000000000000, 8.099999999999999645, 7.900000000000000355 ) ) ;
#1393 = LINE ( 'NONE', #1648, #1588 ) ;
#1394 = CARTESIAN_POINT ( 'NONE',  ( -2.500000000000000000, 6.764041066276149650, 7.900000000000000355 ) ) ;
#1395 = EDGE_LOOP ( 'NONE', ( #103, #1334, #1436, #1051 ) ) ;
#1396 = VERTEX_POINT ( 'NONE', #681 ) ;
#1397 = APPLICATION_PROTOCOL_DEFINITION ( 'draft international standard', 'automotive_design', 1998, #657 ) ;
#1398 =( LENGTH_UNIT ( ) NAMED_UNIT ( * ) SI_UNIT ( .MILLI., .METRE. ) );
#1399 = AXIS2_PLACEMENT_3D ( 'NONE', #407, #1016, #1671 ) ;
#1400 = DIRECTION ( 'NONE',  ( 0.0000000000000000000, 0.0000000000000000000, -1.000000000000000000 ) ) ;
#1401 = DIRECTION ( 'NONE',  ( 1.000000000000000000, 0.0000000000000000000, 0.0000000000000000000 ) ) ;
#1402 = VECTOR ( 'NONE', #958, 1000.000000000000000 ) ;
#1403 = VERTEX_POINT ( 'NONE', #1571 ) ;
#1404 = VECTOR ( 'NONE', #1249, 1000.000000000000000 ) ;
#1405 = EDGE_CURVE ( 'NONE', #1396, #187, #1180, .T. ) ;
#1406 = DIRECTION ( 'NONE',  ( 0.0000000000000000000, 0.0000000000000000000, -1.000000000000000000 ) ) ;
#1407 = CARTESIAN_POINT ( 'NONE',  ( 2.544999999999999929, 4.134999999999999787, -1.000000000000000000 ) ) ;
#1408 = CARTESIAN_POINT ( 'NONE',  ( 0.4337670047111135130, 0.0000000000000000000, 0.5649999999999999467 ) ) ;
#1409 = DIRECTION ( 'NONE',  ( 0.0000000000000000000, 0.0000000000000000000, 1.000000000000000000 ) ) ;
#1410 = EDGE_LOOP ( 'NONE', ( #855, #481, #1578, #1661 ) ) ;
#1411 = ORIENTED_EDGE ( 'NONE', *, *, #1346, .F. ) ;
#1412 = EDGE_CURVE ( 'NONE', #96, #429, #1577, .T. ) ;
#1413 = DIRECTION ( 'NONE',  ( -0.0000000000000000000, 1.000000000000000000, 0.0000000000000000000 ) ) ;
#1414 =( NAMED_UNIT ( * ) SI_UNIT ( $, .STERADIAN. ) SOLID_ANGLE_UNIT ( ) );
#1415 = ADVANCED_FACE ( 'NONE', ( #2 ), #1417, .F. ) ;
#1416 = DIRECTION ( 'NONE',  ( 0.0000000000000000000, 1.000000000000000000, 0.0000000000000000000 ) ) ;
#1417 = PLANE ( 'NONE',  #275 ) ;
#1418 = ORIENTED_EDGE ( 'NONE', *, *, #1003, .T. ) ;
#1419 = ORIENTED_EDGE ( 'NONE', *, *, #617, .F. ) ;
#1420 = EDGE_CURVE ( 'NONE', #1163, #357, #285, .T. ) ;
#1421 = SURFACE_SIDE_STYLE ('',( #1280 ) ) ;
#1422 = DIRECTION ( 'NONE',  ( 0.0000000000000000000, -1.000000000000000000, 0.0000000000000000000 ) ) ;
#1423 = CARTESIAN_POINT ( 'NONE',  ( -2.500000000000000000, 7.014041066276149650, 7.900000000000000355 ) ) ;
#1424 = ADVANCED_FACE ( 'NONE', ( #25 ), #799, .T. ) ;
#1425 = UNCERTAINTY_MEASURE_WITH_UNIT (LENGTH_MEASURE( 1.000000000000000082E-05 ), #1075, 'distance_accuracy_value', 'NONE');
#1426 = DIRECTION ( 'NONE',  ( 2.891205793294680298E-16, 0.0000000000000000000, -1.000000000000000000 ) ) ;
#1427 = ORIENTED_EDGE ( 'NONE', *, *, #418, .T. ) ;
#1428 = AXIS2_PLACEMENT_3D ( 'NONE', #1463, #717, #686 ) ;
#1429 = PRESENTATION_LAYER_ASSIGNMENT (  '', '', ( #630 ) ) ;
#1430 = VECTOR ( 'NONE', #1224, 1000.000000000000114 ) ;
#1431 = ORIENTED_EDGE ( 'NONE', *, *, #1245, .F. ) ;
#1432 = PLANE ( 'NONE',  #1541 ) ;
#1433 = CARTESIAN_POINT ( 'NONE',  ( -1.030000000000000027, 0.0000000000000000000, -1.500000000000000000 ) ) ;
#1434 = DIRECTION ( 'NONE',  ( 0.0000000000000000000, 1.000000000000000000, 0.0000000000000000000 ) ) ;
#1435 = ADVANCED_FACE ( 'NONE', ( #1556 ), #911, .T. ) ;
#1436 = ORIENTED_EDGE ( 'NONE', *, *, #903, .T. ) ;
#1437 = FILL_AREA_STYLE_COLOUR ( '', #189 ) ;
#1438 = CARTESIAN_POINT ( 'NONE',  ( -0.5649999999999999467, 7.190000000000000391, 0.5649999999999999467 ) ) ;
#1439 = DIRECTION ( 'NONE',  ( 0.0000000000000000000, 0.0000000000000000000, 1.000000000000000000 ) ) ;
#1440 = EDGE_CURVE ( 'NONE', #316, #579, #548, .T. ) ;
#1441 = ORIENTED_EDGE ( 'NONE', *, *, #428, .T. ) ;
#1442 = CARTESIAN_POINT ( 'NONE',  ( 1.129999999999999893, 8.884999999999999787, -0.5649999999999999467 ) ) ;
#1443 =( NAMED_UNIT ( * ) PLANE_ANGLE_UNIT ( ) SI_UNIT ( $, .RADIAN. ) );
#1444 = PLANE ( 'NONE',  #1428 ) ;
#1445 = CARTESIAN_POINT ( 'NONE',  ( 1.129999999999999893, 8.884999999999999787, -0.5649999999999999467 ) ) ;
#1446 = EDGE_LOOP ( 'NONE', ( #371, #1664, #209, #120 ) ) ;
#1447 = CARTESIAN_POINT ( 'NONE',  ( 11.18999999999999950, 7.886232995288890990, -8.323736793987950600E-17 ) ) ;
#1448 = AXIS2_PLACEMENT_3D ( 'NONE', #845, #549, #1457 ) ;
#1449 = VECTOR ( 'NONE', #1548, 1000.000000000000000 ) ;
#1450 = VECTOR ( 'NONE', #1076, 1000.000000000000000 ) ;
#1451 = VERTEX_POINT ( 'NONE', #1309 ) ;
#1452 = EDGE_CURVE ( 'NONE', #1055, #555, #1550, .T. ) ;
#1453 = VECTOR ( 'NONE', #980, 1000.000000000000000 ) ;
#1454 =( GEOMETRIC_REPRESENTATION_CONTEXT ( 3 ) GLOBAL_UNCERTAINTY_ASSIGNED_CONTEXT ( ( #375 ) ) GLOBAL_UNIT_ASSIGNED_CONTEXT ( ( #1034, #1275, #1414 ) ) REPRESENTATION_CONTEXT ( 'NONE', 'WORKASPACE' ) );
#1455 = DIRECTION ( 'NONE',  ( 0.0000000000000000000, -1.918941898204434823E-16, 1.000000000000000000 ) ) ;
#1456 = CARTESIAN_POINT ( 'NONE',  ( 11.22737750083780028, 8.750496897116880390, -0.4304968971168754432 ) ) ;
#1457 = DIRECTION ( 'NONE',  ( 0.0000000000000000000, 0.0000000000000000000, 1.000000000000000000 ) ) ;
#1458 = CARTESIAN_POINT ( 'NONE',  ( 3.959999999999999964, 6.764041066276149650, -1.500000000000000000 ) ) ;
#1459 = ORIENTED_EDGE ( 'NONE', *, *, #1412, .F. ) ;
#1460 = DIRECTION ( 'NONE',  ( 1.000000000000000000, 0.0000000000000000000, 0.0000000000000000000 ) ) ;
#1461 = EDGE_CURVE ( 'NONE', #1210, #386, #136, .T. ) ;
#1462 =( LENGTH_UNIT ( ) NAMED_UNIT ( * ) SI_UNIT ( .MILLI., .METRE. ) );
#1463 = CARTESIAN_POINT ( 'NONE',  ( 0.0000000000000000000, 0.0000000000000000000, 7.900000000000000355 ) ) ;
#1464 = EDGE_CURVE ( 'NONE', #1655, #721, #1317, .T. ) ;
#1465 = LINE ( 'NONE', #177, #600 ) ;
#1466 = ORIENTED_EDGE ( 'NONE', *, *, #761, .T. ) ;
#1467 = DIRECTION ( 'NONE',  ( 0.0000000000000000000, 0.2573724173532794812, -0.9663122884377126631 ) ) ;
#1468 = DIRECTION ( 'NONE',  ( 0.0000000000000000000, -1.000000000000000000, 0.0000000000000000000 ) ) ;
#1469 = DIRECTION ( 'NONE',  ( 1.000000000000000000, 0.0000000000000000000, 0.0000000000000000000 ) ) ;
#1470 = ORIENTED_EDGE ( 'NONE', *, *, #606, .F. ) ;
#1471 = ORIENTED_EDGE ( 'NONE', *, *, #908, .T. ) ;
#1472 = CARTESIAN_POINT ( 'NONE',  ( -2.500000000000000000, 7.014041066276149650, 7.900000000000000355 ) ) ;
#1473 = DIRECTION ( 'NONE',  ( 0.0000000000000000000, 1.918941898204434823E-16, -1.000000000000000000 ) ) ;
#1474 = CARTESIAN_POINT ( 'NONE',  ( 1.030000000000000027, 7.700000000000000178, -1.500000000000000000 ) ) ;
#1475 = ORIENTED_EDGE ( 'NONE', *, *, #396, .F. ) ;
#1476 = DIRECTION ( 'NONE',  ( 0.0000000000000000000, 0.0000000000000000000, -1.000000000000000000 ) ) ;
#1477 = ADVANCED_FACE ( 'NONE', ( #1606 ), #71, .F. ) ;
#1478 = CARTESIAN_POINT ( 'NONE',  ( -1.030000000000000027, 0.0000000000000000000, -1.000000000000000000 ) ) ;
#1479 = CARTESIAN_POINT ( 'NONE',  ( 11.22737750083780028, 7.889503102883129948, -0.4304968971168754432 ) ) ;
#1480 = VECTOR ( 'NONE', #728, 1000.000000000000000 ) ;
#1481 = VERTEX_POINT ( 'NONE', #300 ) ;
#1482 = FACE_OUTER_BOUND ( 'NONE', #90, .T. ) ;
#1483 = VECTOR ( 'NONE', #1221, 1000.000000000000000 ) ;
#1484 = DIRECTION ( 'NONE',  ( 0.0000000000000000000, 0.0000000000000000000, -1.000000000000000000 ) ) ;
#1485 = ORIENTED_EDGE ( 'NONE', *, *, #787, .T. ) ;
#1486 =( GEOMETRIC_REPRESENTATION_CONTEXT ( 3 ) GLOBAL_UNCERTAINTY_ASSIGNED_CONTEXT ( ( #1425 ) ) GLOBAL_UNIT_ASSIGNED_CONTEXT ( ( #1075, #59, #1314 ) ) REPRESENTATION_CONTEXT ( 'NONE', 'WORKASPACE' ) );
#1487 = DIRECTION ( 'NONE',  ( 0.0000000000000000000, 0.0000000000000000000, 1.000000000000000000 ) ) ;
#1488 = DIRECTION ( 'NONE',  ( 0.0000000000000000000, 0.0000000000000000000, -1.000000000000000000 ) ) ;
#1489 = CARTESIAN_POINT ( 'NONE',  ( -0.5649999999999999467, 1.500000000000060174, 0.5649999999999999467 ) ) ;
#1490 = EDGE_LOOP ( 'NONE', ( #1418, #586, #351, #1387 ) ) ;
#1491 = PLANE ( 'NONE',  #48 ) ;
#1492 = ORIENTED_EDGE ( 'NONE', *, *, #1085, .F. ) ;
#1493 = DIRECTION ( 'NONE',  ( 0.0000000000000000000, -1.000000000000000000, 0.0000000000000000000 ) ) ;
#1494 = DIRECTION ( 'NONE',  ( 0.0000000000000000000, 0.0000000000000000000, -1.000000000000000000 ) ) ;
#1495 = UNCERTAINTY_MEASURE_WITH_UNIT (LENGTH_MEASURE( 1.000000000000000082E-05 ), #147, 'distance_accuracy_value', 'NONE');
#1496 = DIRECTION ( 'NONE',  ( 1.000000000000000000, 0.0000000000000000000, 0.0000000000000000000 ) ) ;
#1497 = ORIENTED_EDGE ( 'NONE', *, *, #95, .F. ) ;
#1498 = DIRECTION ( 'NONE',  ( -0.08715574274765508500, -0.9961946980917458783, 0.0000000000000000000 ) ) ;
#1499 = EDGE_CURVE ( 'NONE', #357, #1655, #726, .T. ) ;
#1500 = DIRECTION ( 'NONE',  ( -1.000000000000000000, 0.0000000000000000000, 0.0000000000000000000 ) ) ;
#1501 = ORIENTED_EDGE ( 'NONE', *, *, #418, .F. ) ;
#1502 = LINE ( 'NONE', #100, #1124 ) ;
#1503 = CARTESIAN_POINT ( 'NONE',  ( 2.500000000000000000, 8.099999999999999645, 5.700000000000000178 ) ) ;
#1504 = SHAPE_REPRESENTATION ( 'VH-2AW-Body.STEP', ( #541 ), #1206 ) ;
#1505 = EDGE_LOOP ( 'NONE', ( #282, #1013, #1646, #1419, #986, #1195, #914, #253, #1601, #259, #133, #1640 ) ) ;
#1506 = CARTESIAN_POINT ( 'NONE',  ( 0.5649999999999999467, 1.500000000000060174, 0.5649999999999999467 ) ) ;
#1507 = AXIS2_PLACEMENT_3D ( 'NONE', #583, #1188, #1476 ) ;
#1508 = APPLICATION_PROTOCOL_DEFINITION ( 'draft international standard', 'automotive_design', 1998, #544 ) ;
#1509 = ADVANCED_FACE ( 'NONE', ( #456 ), #965, .F. ) ;
#1510 = VECTOR ( 'NONE', #1533, 1000.000000000000000 ) ;
#1511 = AXIS2_PLACEMENT_3D ( 'NONE', #1438, #1293, #666 ) ;
#1512 = FACE_OUTER_BOUND ( 'NONE', #1327, .T. ) ;
#1513 = LINE ( 'NONE', #477, #1652 ) ;
#1514 = CARTESIAN_POINT ( 'NONE',  ( 1.415000000000000036, 4.134999999999999787, -1.000000000000000000 ) ) ;
#1515 = AXIS2_PLACEMENT_3D ( 'NONE', #647, #102, #888 ) ;
#1516 = DIRECTION ( 'NONE',  ( 0.0000000000000000000, -1.000000000000000000, 0.0000000000000000000 ) ) ;
#1517 = ORIENTED_EDGE ( 'NONE', *, *, #927, .F. ) ;
#1518 = ORIENTED_EDGE ( 'NONE', *, *, #1662, .T. ) ;
#1519 = DIRECTION ( 'NONE',  ( 0.0000000000000000000, 1.000000000000000000, 0.0000000000000000000 ) ) ;
#1520 = PRODUCT_CONTEXT ( 'NONE', #462, 'mechanical' ) ;
#1521 = CARTESIAN_POINT ( 'NONE',  ( 9.690000000000001279, 7.754999999999999893, 0.5649999999999999467 ) ) ;
#1522 = ORIENTED_EDGE ( 'NONE', *, *, #255, .T. ) ;
#1523 = DIRECTION ( 'NONE',  ( 1.000000000000000000, 0.0000000000000000000, 0.0000000000000000000 ) ) ;
#1524 = DIRECTION ( 'NONE',  ( -1.000000000000000000, 0.0000000000000000000, 0.0000000000000000000 ) ) ;
#1525 = EDGE_CURVE ( 'NONE', #1302, #1163, #154, .T. ) ;
#1526 = DIRECTION ( 'NONE',  ( -0.08682659386424429471, -0.9924325091389676334, 0.08682659386424437797 ) ) ;
#1527 = EDGE_LOOP ( 'NONE', ( #574, #1181, #575, #449 ) ) ;
#1528 = ORIENTED_EDGE ( 'NONE', *, *, #298, .T. ) ;
#1529 = LINE ( 'NONE', #1506, #1040 ) ;
#1530 = APPLICATION_CONTEXT ( 'automotive_design' ) ;
#1531 = ORIENTED_EDGE ( 'NONE', *, *, #693, .T. ) ;
#1532 = CARTESIAN_POINT ( 'NONE',  ( -2.929999999999999716, 0.0000000000000000000, -3.919999999999999929 ) ) ;
#1533 = DIRECTION ( 'NONE',  ( 0.0000000000000000000, 0.0000000000000000000, -1.000000000000000000 ) ) ;
#1534 = EDGE_CURVE ( 'NONE', #795, #202, #1077, .T. ) ;
#1535 = ORIENTED_EDGE ( 'NONE', *, *, #262, .T. ) ;
#1536 = EDGE_LOOP ( 'NONE', ( #1517, #27, #922, #355, #1078, #1497 ) ) ;
#1537 = DIRECTION ( 'NONE',  ( -1.000000000000000000, 0.0000000000000000000, 0.0000000000000000000 ) ) ;
#1538 = AXIS2_PLACEMENT_3D ( 'NONE', #111, #1139, #924 ) ;
#1539 = DIRECTION ( 'NONE',  ( 0.0000000000000000000, 0.0000000000000000000, -1.000000000000000000 ) ) ;
#1540 = CARTESIAN_POINT ( 'NONE',  ( 2.500000000000000000, 6.764041066276149650, 1.500000000000000000 ) ) ;
#1541 = AXIS2_PLACEMENT_3D ( 'NONE', #1153, #546, #1292 ) ;
#1542 = CARTESIAN_POINT ( 'NONE',  ( -3.959999999999999964, 8.099999999999999645, -1.500000000000000000 ) ) ;
#1543 = ORIENTED_EDGE ( 'NONE', *, *, #921, .F. ) ;
#1544 = EDGE_CURVE ( 'NONE', #1668, #1125, #1351, .T. ) ;
#1545 = VECTOR ( 'NONE', #332, 1000.000000000000114 ) ;
#1546 = ORIENTED_EDGE ( 'NONE', *, *, #24, .T. ) ;
#1547 = EDGE_CURVE ( 'NONE', #28, #1618, #1326, .T. ) ;
#1548 = DIRECTION ( 'NONE',  ( -1.000000000000000000, 0.0000000000000000000, 0.0000000000000000000 ) ) ;
#1549 = LINE ( 'NONE', #652, #76 ) ;
#1550 = LINE ( 'NONE', #398, #1152 ) ;
#1551 = ORIENTED_EDGE ( 'NONE', *, *, #231, .T. ) ;
#1552 = PRODUCT_RELATED_PRODUCT_CATEGORY ( 'part', '', ( #1388 ) ) ;
#1553 = EDGE_CURVE ( 'NONE', #848, #1215, #466, .T. ) ;
#1554 = PRODUCT ( 'VH-2AW-Body.STEP', 'VH-2AW-Body.STEP', '', ( #1669 ) ) ;
#1555 = LINE ( 'NONE', #1161, #323 ) ;
#1556 = FACE_OUTER_BOUND ( 'NONE', #480, .T. ) ;
#1557 = ORIENTED_EDGE ( 'NONE', *, *, #1420, .T. ) ;
#1558 = EDGE_LOOP ( 'NONE', ( #236, #1200, #1361, #34 ) ) ;
#1559 = ADVANCED_FACE ( 'NONE', ( #1054 ), #687, .T. ) ;
#1560 = VECTOR ( 'NONE', #1362, 1000.000000000000000 ) ;
#1561 = LINE ( 'NONE', #770, #213 ) ;
#1562 = CARTESIAN_POINT ( 'NONE',  ( 2.929999999999999716, 8.099999999999999645, -1.500000000000000000 ) ) ;
#1563 = VECTOR ( 'NONE', #514, 1000.000000000000000 ) ;
#1564 = ORIENTED_EDGE ( 'NONE', *, *, #117, .F. ) ;
#1565 = VECTOR ( 'NONE', #1473, 1000.000000000000000 ) ;
#1566 =( GEOMETRIC_REPRESENTATION_CONTEXT ( 3 ) GLOBAL_UNCERTAINTY_ASSIGNED_CONTEXT ( ( #1118 ) ) GLOBAL_UNIT_ASSIGNED_CONTEXT ( ( #1398, #528, #1679 ) ) REPRESENTATION_CONTEXT ( 'NONE', 'WORKASPACE' ) );
#1567 = ORIENTED_EDGE ( 'NONE', *, *, #362, .F. ) ;
#1568 = LINE ( 'NONE', #414, #780 ) ;
#1569 = FACE_OUTER_BOUND ( 'NONE', #1536, .T. ) ;
#1570 = CARTESIAN_POINT ( 'NONE',  ( 1.415000000000000036, 5.264999999999999680, 1.500000000000000000 ) ) ;
#1571 = CARTESIAN_POINT ( 'NONE',  ( -2.500000000000000000, 6.764041066276149650, -1.000000000000000000 ) ) ;
#1572 = VERTEX_POINT ( 'NONE', #1596 ) ;
#1573 = EDGE_CURVE ( 'NONE', #559, #1187, #1465, .T. ) ;
#1574 = VERTEX_POINT ( 'NONE', #1474 ) ;
#1575 = LINE ( 'NONE', #1442, #79 ) ;
#1576 = DIRECTION ( 'NONE',  ( 0.0000000000000000000, 1.918941898204434823E-16, -1.000000000000000000 ) ) ;
#1577 = LINE ( 'NONE', #1294, #1023 ) ;
#1578 = ORIENTED_EDGE ( 'NONE', *, *, #1499, .F. ) ;
#1579 = FACE_OUTER_BOUND ( 'NONE', #1611, .T. ) ;
#1580 = EDGE_CURVE ( 'NONE', #579, #559, #1214, .T. ) ;
#1581 = EDGE_LOOP ( 'NONE', ( #172, #1585, #1039, #591 ) ) ;
#1582 = CARTESIAN_POINT ( 'NONE',  ( 0.0000000000000000000, 0.0000000000000000000, 0.0000000000000000000 ) ) ;
#1583 = CARTESIAN_POINT ( 'NONE',  ( 11.18999999999999950, 8.753767004711111355, -0.4337670047111139571 ) ) ;
#1584 = ORIENTED_EDGE ( 'NONE', *, *, #1097, .T. ) ;
#1585 = ORIENTED_EDGE ( 'NONE', *, *, #373, .F. ) ;
#1586 = DIRECTION ( 'NONE',  ( 1.000000000000000000, 0.0000000000000000000, 0.0000000000000000000 ) ) ;
#1587 = VECTOR ( 'NONE', #1598, 1000.000000000000000 ) ;
#1588 = VECTOR ( 'NONE', #1127, 1000.000000000000000 ) ;
#1589 = ADVANCED_FACE ( 'NONE', ( #768 ), #381, .F. ) ;
#1590 = ORIENTED_EDGE ( 'NONE', *, *, #1405, .T. ) ;
#1591 = CARTESIAN_POINT ( 'NONE',  ( -2.500000000000000000, 8.099999999999999645, -1.000000000000000000 ) ) ;
#1592 = AXIS2_PLACEMENT_3D ( 'NONE', #1600, #451, #336 ) ;
#1593 = EDGE_CURVE ( 'NONE', #399, #1636, #896, .T. ) ;
#1594 = VECTOR ( 'NONE', #876, 1000.000000000000000 ) ;
#1595 = DIRECTION ( 'NONE',  ( 1.000000000000000000, -1.918941898204434823E-16, 0.0000000000000000000 ) ) ;
#1596 = CARTESIAN_POINT ( 'NONE',  ( -2.544999999999999929, 4.134999999999999787, 1.500000000000000000 ) ) ;
#1597 = ORIENTED_EDGE ( 'NONE', *, *, #787, .F. ) ;
#1598 = DIRECTION ( 'NONE',  ( -1.000000000000000000, 0.0000000000000000000, 0.0000000000000000000 ) ) ;
#1599 = CARTESIAN_POINT ( 'NONE',  ( -3.959999999999999964, 8.099999999999999645, -1.500000000000000000 ) ) ;
#1600 = CARTESIAN_POINT ( 'NONE',  ( 2.544999999999999929, 4.134999999999999787, 1.500000000000000000 ) ) ;
#1601 = ORIENTED_EDGE ( 'NONE', *, *, #57, .F. ) ;
#1602 = CARTESIAN_POINT ( 'NONE',  ( -3.959999999999999964, 6.764041066276149650, 1.500000000000000000 ) ) ;
#1603 = DIRECTION ( 'NONE',  ( 0.0000000000000000000, 0.0000000000000000000, 1.000000000000000000 ) ) ;
#1604 = ADVANCED_FACE ( 'NONE', ( #1258 ), #474, .F. ) ;
#1605 = CARTESIAN_POINT ( 'NONE',  ( -1.030000000000000027, 7.700000000000000178, 5.700000000000000178 ) ) ;
#1606 = FACE_OUTER_BOUND ( 'NONE', #1079, .T. ) ;
#1607 = CARTESIAN_POINT ( 'NONE',  ( 2.929999999999999716, 6.764041066276149650, -1.500000000000000000 ) ) ;
#1608 = LINE ( 'NONE', #194, #243 ) ;
#1609 = DIRECTION ( 'NONE',  ( 0.0000000000000000000, 0.0000000000000000000, -1.000000000000000000 ) ) ;
#1610 = ORIENTED_EDGE ( 'NONE', *, *, #933, .T. ) ;
#1611 = EDGE_LOOP ( 'NONE', ( #1036, #1148, #1105, #179 ) ) ;
#1612 = FACE_OUTER_BOUND ( 'NONE', #1642, .T. ) ;
#1613 = DIRECTION ( 'NONE',  ( -1.000000000000000000, 0.0000000000000000000, 0.0000000000000000000 ) ) ;
#1614 = CARTESIAN_POINT ( 'NONE',  ( -0.5649999999999999467, 1.500000000000060174, -0.5649999999999999467 ) ) ;
#1615 = EDGE_CURVE ( 'NONE', #718, #316, #82, .T. ) ;
#1616 = CARTESIAN_POINT ( 'NONE',  ( 1.129999999999999893, 7.754999999999999893, 0.5649999999999999467 ) ) ;
#1617 = ORIENTED_EDGE ( 'NONE', *, *, #137, .F. ) ;
#1618 = VERTEX_POINT ( 'NONE', #483 ) ;
#1619 = FACE_OUTER_BOUND ( 'NONE', #320, .T. ) ;
#1620 = VECTOR ( 'NONE', #352, 1000.000000000000000 ) ;
#1621 = ORIENTED_EDGE ( 'NONE', *, *, #240, .F. ) ;
#1622 = CARTESIAN_POINT ( 'NONE',  ( -2.929999999999999716, 6.764041066276149650, -1.000000000000000000 ) ) ;
#1623 = VECTOR ( 'NONE', #230, 1000.000000000000000 ) ;
#1624 = PRESENTATION_LAYER_ASSIGNMENT (  '', '', ( #248 ) ) ;
#1625 = DIRECTION ( 'NONE',  ( 0.0000000000000000000, 0.0000000000000000000, -1.000000000000000000 ) ) ;
#1626 = PRODUCT_DEFINITION ( 'UNKNOWN', '', #1238, #522 ) ;
#1627 = ORIENTED_EDGE ( 'NONE', *, *, #776, .F. ) ;
#1628 = DIRECTION ( 'NONE',  ( 0.0000000000000000000, 0.0000000000000000000, -1.000000000000000000 ) ) ;
#1629 = CARTESIAN_POINT ( 'NONE',  ( -1.030000000000000027, 0.0000000000000000000, -1.000000000000000000 ) ) ;
#1630 = DIRECTION ( 'NONE',  ( -1.000000000000000000, 0.0000000000000000000, 0.0000000000000000000 ) ) ;
#1631 = ADVANCED_FACE ( 'NONE', ( #389 ), #98, .F. ) ;
#1632 = ORIENTED_EDGE ( 'NONE', *, *, #471, .F. ) ;
#1633 = FACE_BOUND ( 'NONE', #644, .T. ) ;
#1634 = CONTEXT_DEPENDENT_SHAPE_REPRESENTATION ( #385, #733 ) ;
#1635 = CARTESIAN_POINT ( 'NONE',  ( 3.959999999999999964, 6.764041066276149650, 1.500000000000000000 ) ) ;
#1636 = VERTEX_POINT ( 'NONE', #981 ) ;
#1637 = CARTESIAN_POINT ( 'NONE',  ( 1.030000000000000027, 0.0000000000000000000, -3.919999999999999929 ) ) ;
#1638 = LINE ( 'NONE', #1503, #182 ) ;
#1639 = PLANE ( 'NONE',  #893 ) ;
#1640 = ORIENTED_EDGE ( 'NONE', *, *, #558, .F. ) ;
#1641 = ADVANCED_FACE ( 'NONE', ( #1512 ), #869, .F. ) ;
#1642 = EDGE_LOOP ( 'NONE', ( #1617, #367, #829, #1045 ) ) ;
#1643 =( REPRESENTATION_RELATIONSHIP ('NONE','NONE', #786, #820 ) REPRESENTATION_RELATIONSHIP_WITH_TRANSFORMATION ( #610 )SHAPE_REPRESENTATION_RELATIONSHIP( ) );
#1644 = SHAPE_DEFINITION_REPRESENTATION ( #1371, #654 ) ;
#1645 = DIRECTION ( 'NONE',  ( 0.0000000000000000000, -1.000000000000000000, 0.0000000000000000000 ) ) ;
#1646 = ORIENTED_EDGE ( 'NONE', *, *, #1157, .F. ) ;
#1647 = CARTESIAN_POINT ( 'NONE',  ( 2.500000000000000000, 6.764041066276149650, 5.700000000000000178 ) ) ;
#1648 = CARTESIAN_POINT ( 'NONE',  ( 11.18999999999999950, 8.319999999999998508, -0.4337670047111139571 ) ) ;
#1649 = ORIENTED_EDGE ( 'NONE', *, *, #262, .F. ) ;
#1650 = LINE ( 'NONE', #226, #672 ) ;
#1651 = EDGE_CURVE ( 'NONE', #851, #196, #1104, .T. ) ;
#1652 = VECTOR ( 'NONE', #870, 1000.000000000000000 ) ;
#1653 = VECTOR ( 'NONE', #1681, 1000.000000000000000 ) ;
#1654 = PRODUCT_DEFINITION_SHAPE ( 'NONE', 'NONE',  #1690 ) ;
#1655 = VERTEX_POINT ( 'NONE', #1521 ) ;
#1656 = FACE_OUTER_BOUND ( 'NONE', #345, .T. ) ;
#1657 = DIRECTION ( 'NONE',  ( 0.0000000000000000000, 0.0000000000000000000, 1.000000000000000000 ) ) ;
#1658 = VECTOR ( 'NONE', #160, 1000.000000000000000 ) ;
#1659 = LINE ( 'NONE', #119, #1684 ) ;
#1660 = VECTOR ( 'NONE', #39, 1000.000000000000000 ) ;
#1661 = ORIENTED_EDGE ( 'NONE', *, *, #703, .T. ) ;
#1662 = EDGE_CURVE ( 'NONE', #1187, #1182, #370, .T. ) ;
#1663 = DIRECTION ( 'NONE',  ( 0.0000000000000000000, 0.0000000000000000000, -1.000000000000000000 ) ) ;
#1664 = ORIENTED_EDGE ( 'NONE', *, *, #1420, .F. ) ;
#1665 = CARTESIAN_POINT ( 'NONE',  ( -1.415000000000000036, 4.134999999999999787, -1.000000000000000000 ) ) ;
#1666 = FACE_OUTER_BOUND ( 'NONE', #1558, .T. ) ;
#1667 = DIRECTION ( 'NONE',  ( 1.000000000000000000, 0.0000000000000000000, 0.0000000000000000000 ) ) ;
#1668 = VERTEX_POINT ( 'NONE', #858 ) ;
#1669 = PRODUCT_CONTEXT ( 'NONE', #657, 'mechanical' ) ;
#1670 = DIRECTION ( 'NONE',  ( 1.000000000000000000, 0.0000000000000000000, 0.0000000000000000000 ) ) ;
#1671 = DIRECTION ( 'NONE',  ( 1.000000000000000000, 0.0000000000000000000, 0.0000000000000000000 ) ) ;
#1672 = ADVANCED_FACE ( 'NONE', ( #1136 ), #883, .T. ) ;
#1673 = LINE ( 'NONE', #247, #1368 ) ;
#1674 = UNCERTAINTY_MEASURE_WITH_UNIT (LENGTH_MEASURE( 1.000000000000000082E-05 ), #1062, 'distance_accuracy_value', 'NONE');
#1675 = PLANE ( 'NONE',  #1515 ) ;
#1676 = EDGE_CURVE ( 'NONE', #1291, #357, #1041, .T. ) ;
#1677 = ORIENTED_EDGE ( 'NONE', *, *, #1111, .F. ) ;
#1678 = VECTOR ( 'NONE', #699, 1000.000000000000000 ) ;
#1679 =( NAMED_UNIT ( * ) SI_UNIT ( $, .STERADIAN. ) SOLID_ANGLE_UNIT ( ) );
#1680 = AXIS2_PLACEMENT_3D ( 'NONE', #459, #1320, #1343 ) ;
#1681 = DIRECTION ( 'NONE',  ( -1.918941898204434823E-16, -1.000000000000000000, 0.0000000000000000000 ) ) ;
#1682 = VECTOR ( 'NONE', #268, 1000.000000000000000 ) ;
#1683 = CARTESIAN_POINT ( 'NONE',  ( -2.500000000000000000, 7.514041066276149650, 7.900000000000000355 ) ) ;
#1684 = VECTOR ( 'NONE', #899, 1000.000000000000000 ) ;
#1685 = ORIENTED_EDGE ( 'NONE', *, *, #1383, .F. ) ;
#1686 = PRODUCT ( 'VH-2AW-Pin.STEP', 'VH-2AW-Pin.STEP', '', ( #875 ) ) ;
#1687 = LINE ( 'NONE', #677, #596 ) ;
#1688 = NEXT_ASSEMBLY_USAGE_OCCURRENCE ( 'NAUO1', ' ', ' ', #1185, #868, $ ) ;
#1689 = NEXT_ASSEMBLY_USAGE_OCCURRENCE ( 'NAUO2', ' ', ' ', #868, #532, $ ) ;
#1690 = NEXT_ASSEMBLY_USAGE_OCCURRENCE ( 'NAUO3', ' ', ' ', #868, #1626, $ ) ;
#1691 = NEXT_ASSEMBLY_USAGE_OCCURRENCE ( 'NAUO4', ' ', ' ', #868, #1626, $ ) ;
ENDSEC;
END-ISO-10303-21;
