ISO-10303-21;
HEADER;
FILE_DESCRIPTION (( 'STEP AP214' ),
    '1' );
FILE_NAME ('7072E834-A8BD-4FD3-B0B2-1684E9A67912.STEP',
    '2026-08-17T09:01:23',
    ( '' ),
    ( '' ),
    'SwSTEP 2.0',
    'SolidWorks 2022',
    '' );
FILE_SCHEMA (( 'AUTOMOTIVE_DESIGN' ));
ENDSEC;

DATA;
#1 = LINE ( 'NONE', #1303, #761 ) ;
#2 = EDGE_CURVE ( 'NONE', #556, #1523, #347, .T. ) ;
#3 = VECTOR ( 'NONE', #855, 1000.000000000000000 ) ;
#4 = VECTOR ( 'NONE', #1589, 1000.000000000000000 ) ;
#5 = ORIENTED_EDGE ( 'NONE', *, *, #82, .F. ) ;
#6 = DIRECTION ( 'NONE',  ( -0.8660254037844354880, -0.5000000000000055511, 2.934208200658502563E-16 ) ) ;
#7 = CARTESIAN_POINT ( 'NONE',  ( 3.700000000000000178, 0.0000000000000000000, -2.875000000000001332 ) ) ;
#8 = CARTESIAN_POINT ( 'NONE',  ( 5.166900978251233301E-17, 6.799999999999999822, 0.3050000000000001599 ) ) ;
#9 = DIRECTION ( 'NONE',  ( 0.0000000000000000000, 1.000000000000000000, -0.0000000000000000000 ) ) ;
#10 = ORIENTED_EDGE ( 'NONE', *, *, #1130, .F. ) ;
#11 = ADVANCED_FACE ( 'NONE', ( #508 ), #1673, .F. ) ;
#12 = CARTESIAN_POINT ( 'NONE',  ( 1.569999999999999840, -3.400000000000001243, 0.1799999999999999933 ) ) ;
#13 = LINE ( 'NONE', #1429, #24 ) ;
#14 = DIRECTION ( 'NONE',  ( 1.694065894508600185E-16, -0.0000000000000000000, 1.000000000000000000 ) ) ;
#15 = CARTESIAN_POINT ( 'NONE',  ( -1.570000000000000284, -3.183493649053891428, 0.8199999999999999512 ) ) ;
#16 = VERTEX_POINT ( 'NONE', #499 ) ;
#17 = ADVANCED_FACE ( 'NONE', ( #1144 ), #1259, .T. ) ;
#18 = DIRECTION ( 'NONE',  ( 0.0000000000000000000, -1.000000000000000000, 0.0000000000000000000 ) ) ;
#19 = DIRECTION ( 'NONE',  ( 0.0000000000000000000, 0.0000000000000000000, -1.000000000000000000 ) ) ;
#20 = FACE_OUTER_BOUND ( 'NONE', #791, .T. ) ;
#21 = FILL_AREA_STYLE ('',( #1588 ) ) ;
#22 = VERTEX_POINT ( 'NONE', #857 ) ;
#23 = CARTESIAN_POINT ( 'NONE',  ( -1.570000000000000284, 0.0000000000000000000, 0.8199999999999999512 ) ) ;
#24 = VECTOR ( 'NONE', #406, 1000.000000000000000 ) ;
#25 = AXIS2_PLACEMENT_3D ( 'NONE', #473, #1525, #1250 ) ;
#26 = VERTEX_POINT ( 'NONE', #76 ) ;
#27 = CARTESIAN_POINT ( 'NONE',  ( -3.700000000000000178, 7.000000000000000000, 2.874999999999999556 ) ) ;
#28 = LINE ( 'NONE', #597, #53 ) ;
#29 = ADVANCED_FACE ( 'NONE', ( #1121 ), #200, .F. ) ;
#30 = EDGE_CURVE ( 'NONE', #104, #1082, #1024, .T. ) ;
#31 = EDGE_LOOP ( 'NONE', ( #240, #442, #381, #1307 ) ) ;
#32 = LINE ( 'NONE', #1313, #588 ) ;
#33 = PRODUCT_RELATED_PRODUCT_CATEGORY ( 'part', '', ( #926 ) ) ;
#34 = CLOSED_SHELL ( 'NONE', ( #1579, #1126, #29, #11, #1385, #1197, #733, #853, #774, #1688 ) ) ;
#35 = EDGE_LOOP ( 'NONE', ( #768, #899, #293, #277 ) ) ;
#36 = LINE ( 'NONE', #712, #1080 ) ;
#37 = CARTESIAN_POINT ( 'NONE',  ( -1.194000000000001949, 7.040755062252073593, 0.5559999999999979403 ) ) ;
#38 = CARTESIAN_POINT ( 'NONE',  ( 2.850000000000000089, 2.299999999999998934, 2.049999999999998934 ) ) ;
#39 = CARTESIAN_POINT ( 'NONE',  ( -1.570000000000000284, -3.400000000000001243, 0.8199999999999999512 ) ) ;
#40 = ADVANCED_FACE ( 'NONE', ( #1654 ), #337, .F. ) ;
#41 = ORIENTED_EDGE ( 'NONE', *, *, #797, .T. ) ;
#42 = FACE_OUTER_BOUND ( 'NONE', #336, .T. ) ;
#43 = LINE ( 'NONE', #818, #4 ) ;
#44 = VERTEX_POINT ( 'NONE', #758 ) ;
#45 = PLANE ( 'NONE',  #392 ) ;
#46 = FACE_OUTER_BOUND ( 'NONE', #769, .T. ) ;
#47 = DIRECTION ( 'NONE',  ( -0.0000000000000000000, 1.000000000000000000, -0.0000000000000000000 ) ) ;
#48 = LINE ( 'NONE', #39, #276 ) ;
#49 = ORIENTED_EDGE ( 'NONE', *, *, #1255, .T. ) ;
#50 = CARTESIAN_POINT ( 'NONE',  ( 3.700000000000000178, 7.000000000000000000, 2.050000000000000266 ) ) ;
#51 = EDGE_CURVE ( 'NONE', #1171, #104, #1524, .T. ) ;
#52 = DIRECTION ( 'NONE',  ( -0.0000000000000000000, 1.398970545142586295E-16, -1.000000000000000000 ) ) ;
#53 = VECTOR ( 'NONE', #571, 1000.000000000000000 ) ;
#54 = VECTOR ( 'NONE', #1230, 1000.000000000000000 ) ;
#55 = ADVANCED_FACE ( 'NONE', ( #97 ), #892, .F. ) ;
#56 = VECTOR ( 'NONE', #464, 1000.000000000000000 ) ;
#57 = FACE_OUTER_BOUND ( 'NONE', #731, .T. ) ;
#58 = DIRECTION ( 'NONE',  ( -1.000000000000000000, 0.0000000000000000000, 1.694065894508599446E-16 ) ) ;
#59 = VERTEX_POINT ( 'NONE', #147 ) ;
#60 = CARTESIAN_POINT ( 'NONE',  ( 3.700000000000000178, 7.000000000000000000, -2.875000000000001332 ) ) ;
#61 = DIRECTION ( 'NONE',  ( 1.000000000000000000, 0.0000000000000000000, 0.0000000000000000000 ) ) ;
#62 = VERTEX_POINT ( 'NONE', #1439 ) ;
#63 = PLANE ( 'NONE',  #1315 ) ;
#64 = FACE_OUTER_BOUND ( 'NONE', #358, .T. ) ;
#65 = CARTESIAN_POINT ( 'NONE',  ( 1.506000000000000005, -3.294344900738299220, 0.2439999999999997449 ) ) ;
#66 = ORIENTED_EDGE ( 'NONE', *, *, #215, .F. ) ;
#67 = ORIENTED_EDGE ( 'NONE', *, *, #730, .T. ) ;
#68 = DIRECTION ( 'NONE',  ( -0.8660254037844363761, -0.5000000000000041078, 4.401312300987758281E-16 ) ) ;
#69 = EDGE_LOOP ( 'NONE', ( #646, #1175, #221, #237 ) ) ;
#70 = ORIENTED_EDGE ( 'NONE', *, *, #1097, .F. ) ;
#71 = CARTESIAN_POINT ( 'NONE',  ( 1.194000000000003281, 7.040755062252074481, 0.5559999999999968301 ) ) ;
#72 = EDGE_CURVE ( 'NONE', #263, #340, #1, .T. ) ;
#73 = DIRECTION ( 'NONE',  ( 0.0000000000000000000, -0.0000000000000000000, -1.000000000000000000 ) ) ;
#74 = CARTESIAN_POINT ( 'NONE',  ( 0.9299999999999998268, 2.299999999999998934, 0.1799999999999998823 ) ) ;
#75 = ORIENTED_EDGE ( 'NONE', *, *, #647, .F. ) ;
#76 = CARTESIAN_POINT ( 'NONE',  ( -3.700000000000000178, 0.0000000000000000000, -2.875000000000001332 ) ) ;
#77 = CARTESIAN_POINT ( 'NONE',  ( 3.700000000000000178, 3.899999999999999911, 2.049999999999999822 ) ) ;
#78 = VERTEX_POINT ( 'NONE', #900 ) ;
#79 = ORIENTED_EDGE ( 'NONE', *, *, #1427, .T. ) ;
#80 = CARTESIAN_POINT ( 'NONE',  ( -3.700000000000000178, 0.0000000000000000000, 2.874999999999999556 ) ) ;
#81 = VECTOR ( 'NONE', #671, 1000.000000000000000 ) ;
#82 = EDGE_CURVE ( 'NONE', #1503, #1206, #681, .T. ) ;
#83 = CARTESIAN_POINT ( 'NONE',  ( 1.177375796683475746E-16, 6.799999999999999822, 0.6949999999999991740 ) ) ;
#84 = DIRECTION ( 'NONE',  ( 0.0000000000000000000, -1.000000000000000000, -1.398970545142586295E-16 ) ) ;
#85 = VECTOR ( 'NONE', #19, 1000.000000000000000 ) ;
#86 = AXIS2_PLACEMENT_3D ( 'NONE', #738, #1240, #463 ) ;
#87 = EDGE_CURVE ( 'NONE', #1367, #437, #1432, .T. ) ;
#88 = ADVANCED_FACE ( 'NONE', ( #1420 ), #653, .F. ) ;
#89 = ORIENTED_EDGE ( 'NONE', *, *, #1606, .F. ) ;
#90 = DIRECTION ( 'NONE',  ( 0.0000000000000000000, 0.0000000000000000000, -1.000000000000000000 ) ) ;
#91 = ORIENTED_EDGE ( 'NONE', *, *, #1243, .T. ) ;
#92 = ORIENTED_EDGE ( 'NONE', *, *, #484, .F. ) ;
#93 = CARTESIAN_POINT ( 'NONE',  ( 3.700000000000000178, 6.999999999999999112, 1.050000000000000044 ) ) ;
#94 = LINE ( 'NONE', #1141, #1269 ) ;
#95 = AXIS2_PLACEMENT_3D ( 'NONE', #831, #572, #705 ) ;
#96 = ORIENTED_EDGE ( 'NONE', *, *, #1202, .F. ) ;
#97 = FACE_OUTER_BOUND ( 'NONE', #1535, .T. ) ;
#98 = DIRECTION ( 'NONE',  ( 0.0000000000000000000, -1.000000000000000000, 0.0000000000000000000 ) ) ;
#99 = EDGE_CURVE ( 'NONE', #1410, #1402, #1550, .T. ) ;
#100 = EDGE_LOOP ( 'NONE', ( #317, #491, #1540, #1368 ) ) ;
#101 = EDGE_LOOP ( 'NONE', ( #1669, #1472, #953, #764 ) ) ;
#102 = CARTESIAN_POINT ( 'NONE',  ( 1.444999999999998730, 6.799999999999999822, -4.895850435129850043E-16 ) ) ;
#103 = LINE ( 'NONE', #1274, #1104 ) ;
#104 = VERTEX_POINT ( 'NONE', #251 ) ;
#105 = ORIENTED_EDGE ( 'NONE', *, *, #1500, .T. ) ;
#106 = FACE_OUTER_BOUND ( 'NONE', #291, .T. ) ;
#107 = ORIENTED_EDGE ( 'NONE', *, *, #1050, .F. ) ;
#108 = ADVANCED_FACE ( 'NONE', ( #1694 ), #1057, .F. ) ;
#109 = ORIENTED_EDGE ( 'NONE', *, *, #976, .T. ) ;
#110 = PRODUCT_DEFINITION ( 'UNKNOWN', '', #1571, #470 ) ;
#111 = FACE_OUTER_BOUND ( 'NONE', #1270, .T. ) ;
#112 = ADVANCED_FACE ( 'NONE', ( #923 ), #1703, .F. ) ;
#113 = VERTEX_POINT ( 'NONE', #1311 ) ;
#114 = CARTESIAN_POINT ( 'NONE',  ( -1.570000000000000284, 2.299999999999998934, 0.1799999999999998823 ) ) ;
#115 = LINE ( 'NONE', #645, #667 ) ;
#116 = VECTOR ( 'NONE', #657, 1000.000000000000114 ) ;
#117 = VECTOR ( 'NONE', #1359, 1000.000000000000000 ) ;
#118 =( GEOMETRIC_REPRESENTATION_CONTEXT ( 3 ) GLOBAL_UNCERTAINTY_ASSIGNED_CONTEXT ( ( #1419 ) ) GLOBAL_UNIT_ASSIGNED_CONTEXT ( ( #1496, #315, #846 ) ) REPRESENTATION_CONTEXT ( 'NONE', 'WORKASPACE' ) );
#119 = EDGE_LOOP ( 'NONE', ( #544, #1284, #1125, #180 ) ) ;
#120 = LINE ( 'NONE', #649, #886 ) ;
#121 = DIRECTION ( 'NONE',  ( 1.185846126156020672E-15, -0.0000000000000000000, 1.000000000000000000 ) ) ;
#122 = ORIENTED_EDGE ( 'NONE', *, *, #1353, .F. ) ;
#123 = VECTOR ( 'NONE', #737, 1000.000000000000000 ) ;
#124 = LINE ( 'NONE', #114, #979 ) ;
#125 = CARTESIAN_POINT ( 'NONE',  ( 0.9299999999999998268, -3.400000000000001243, 0.8199999999999999512 ) ) ;
#126 = SURFACE_STYLE_FILL_AREA ( #1560 ) ;
#127 = CARTESIAN_POINT ( 'NONE',  ( 0.9299999999999998268, -3.183493649053891872, 0.1799999999999998823 ) ) ;
#128 = EDGE_CURVE ( 'NONE', #1685, #612, #124, .T. ) ;
#129 = DIRECTION ( 'NONE',  ( -0.4472135954999590379, -0.7745966692414824051, -0.4472135954999583718 ) ) ;
#130 = SURFACE_STYLE_FILL_AREA ( #682 ) ;
#131 = PRESENTATION_STYLE_ASSIGNMENT (( #1660 ) ) ;
#132 = ORIENTED_EDGE ( 'NONE', *, *, #1702, .F. ) ;
#133 = CARTESIAN_POINT ( 'NONE',  ( 1.054999999999999938, -3.400000000000001243, 0.0000000000000000000 ) ) ;
#134 = EDGE_CURVE ( 'NONE', #1546, #78, #792, .T. ) ;
#135 = DIRECTION ( 'NONE',  ( 0.0000000000000000000, 0.0000000000000000000, 1.000000000000000000 ) ) ;
#136 = LINE ( 'NONE', #816, #137 ) ;
#137 = VECTOR ( 'NONE', #950, 1000.000000000000000 ) ;
#138 = ADVANCED_FACE ( 'NONE', ( #267 ), #523, .T. ) ;
#139 = LINE ( 'NONE', #697, #228 ) ;
#140 = AXIS2_PLACEMENT_3D ( 'NONE', #922, #6, #929 ) ;
#141 = VECTOR ( 'NONE', #1366, 1000.000000000000000 ) ;
#142 =( GEOMETRIC_REPRESENTATION_CONTEXT ( 3 ) GLOBAL_UNCERTAINTY_ASSIGNED_CONTEXT ( ( #1142 ) ) GLOBAL_UNIT_ASSIGNED_CONTEXT ( ( #1520, #1296, #775 ) ) REPRESENTATION_CONTEXT ( 'NONE', 'WORKASPACE' ) );
#143 = VECTOR ( 'NONE', #98, 1000.000000000000000 ) ;
#144 = ORIENTED_EDGE ( 'NONE', *, *, #1666, .T. ) ;
#145 = FACE_OUTER_BOUND ( 'NONE', #496, .T. ) ;
#146 = CARTESIAN_POINT ( 'NONE',  ( 1.177375796683475499E-16, 6.799999999999999822, 0.6949999999999992850 ) ) ;
#147 = CARTESIAN_POINT ( 'NONE',  ( 1.570000000000000062, 6.583493649053891339, 0.8199999999999998401 ) ) ;
#148 = AXIS2_PLACEMENT_3D ( 'NONE', #296, #440, #1072 ) ;
#149 = CARTESIAN_POINT ( 'NONE',  ( 1.570000000000000284, -3.183493649053891872, 0.8199999999999999512 ) ) ;
#150 = EDGE_CURVE ( 'NONE', #1552, #494, #907, .T. ) ;
#151 = ORIENTED_EDGE ( 'NONE', *, *, #587, .T. ) ;
#152 = LINE ( 'NONE', #27, #586 ) ;
#153 = CARTESIAN_POINT ( 'NONE',  ( 3.700000000000000178, 0.0000000000000000000, 2.874999999999999556 ) ) ;
#154 = SURFACE_SIDE_STYLE ('',( #1492 ) ) ;
#155 = DIRECTION ( 'NONE',  ( -1.000000000000000000, 0.0000000000000000000, -0.0000000000000000000 ) ) ;
#156 = ORIENTED_EDGE ( 'NONE', *, *, #632, .F. ) ;
#157 = CARTESIAN_POINT ( 'NONE',  ( 1.570000000000000284, -3.400000000000001243, 0.8199999999999999512 ) ) ;
#158 = ORIENTED_EDGE ( 'NONE', *, *, #1131, .F. ) ;
#159 = ORIENTED_EDGE ( 'NONE', *, *, #748, .T. ) ;
#160 = DIRECTION ( 'NONE',  ( -0.0000000000000000000, -0.0000000000000000000, 1.000000000000000000 ) ) ;
#161 = CARTESIAN_POINT ( 'NONE',  ( -2.849999999999999645, 2.299999999999998934, -2.049999999999999378 ) ) ;
#162 = LINE ( 'NONE', #183, #708 ) ;
#163 = EDGE_CURVE ( 'NONE', #187, #1171, #274, .T. ) ;
#164 = SURFACE_SIDE_STYLE ('',( #130 ) ) ;
#165 = VERTEX_POINT ( 'NONE', #1066 ) ;
#166 = CARTESIAN_POINT ( 'NONE',  ( -3.700000000000000178, 3.899999999999999911, 2.049999999999999822 ) ) ;
#167 = COLOUR_RGB ( '',0.8274509803921568096, 0.8392156862745098200, 0.8274509803921568096 ) ;
#168 = AXIS2_PLACEMENT_3D ( 'NONE', #1462, #295, #398 ) ;
#169 = ORIENTED_EDGE ( 'NONE', *, *, #1506, .F. ) ;
#170 = PRODUCT_DEFINITION_SHAPE ( 'NONE', 'NONE',  #110 ) ;
#171 = CARTESIAN_POINT ( 'NONE',  ( 1.569999999999999840, 0.0000000000000000000, 0.1799999999999999933 ) ) ;
#172 = FACE_OUTER_BOUND ( 'NONE', #882, .T. ) ;
#173 = EDGE_CURVE ( 'NONE', #1164, #1291, #1582, .T. ) ;
#174 = DIRECTION ( 'NONE',  ( -0.4472135954999610363, -0.7745966692414798516, -0.4472135954999609808 ) ) ;
#175 = DIRECTION ( 'NONE',  ( 0.0000000000000000000, 0.0000000000000000000, 1.000000000000000000 ) ) ;
#176 = EDGE_LOOP ( 'NONE', ( #962, #1634, #1286, #375 ) ) ;
#177 = CARTESIAN_POINT ( 'NONE',  ( -1.750000000000000666, 7.000000000000000000, 2.050000000000000266 ) ) ;
#178 = DIRECTION ( 'NONE',  ( -0.4472135954999585383, 0.7745966692414827381, 0.4472135954999585383 ) ) ;
#179 = VECTOR ( 'NONE', #1587, 1000.000000000000000 ) ;
#180 = ORIENTED_EDGE ( 'NONE', *, *, #647, .T. ) ;
#181 = CARTESIAN_POINT ( 'NONE',  ( 3.700000000000000178, 7.000000000000000000, 2.050000000000000266 ) ) ;
#182 = LINE ( 'NONE', #301, #1052 ) ;
#183 = CARTESIAN_POINT ( 'NONE',  ( 2.850000000000000533, 6.999999999999999112, -2.049999999999999378 ) ) ;
#184 = CARTESIAN_POINT ( 'NONE',  ( -3.700000000000000178, 7.000000000000000000, -2.875000000000001332 ) ) ;
#185 = ORIENTED_EDGE ( 'NONE', *, *, #2, .T. ) ;
#186 = CARTESIAN_POINT ( 'NONE',  ( -3.700000000000000178, 6.999999999999999112, 1.050000000000000044 ) ) ;
#187 = VERTEX_POINT ( 'NONE', #1320 ) ;
#188 = DIRECTION ( 'NONE',  ( 0.0000000000000000000, 0.0000000000000000000, 1.000000000000000000 ) ) ;
#189 = ORIENTED_EDGE ( 'NONE', *, *, #954, .F. ) ;
#190 = CARTESIAN_POINT ( 'NONE',  ( -1.055000000000000604, 6.799999999999999822, 5.361718556119722132E-16 ) ) ;
#191 = CARTESIAN_POINT ( 'NONE',  ( 0.0000000000000000000, 0.0000000000000000000, 0.0000000000000000000 ) ) ;
#192 = VERTEX_POINT ( 'NONE', #1195 ) ;
#193 = VECTOR ( 'NONE', #1633, 1000.000000000000227 ) ;
#194 = ORIENTED_EDGE ( 'NONE', *, *, #495, .T. ) ;
#195 = LINE ( 'NONE', #1611, #753 ) ;
#196 = AXIS2_PLACEMENT_3D ( 'NONE', #1176, #412, #520 ) ;
#197 = VECTOR ( 'NONE', #946, 1000.000000000000000 ) ;
#198 = CARTESIAN_POINT ( 'NONE',  ( -1.750000000000000666, 3.299999999999999822, 2.875000000000000000 ) ) ;
#199 = CARTESIAN_POINT ( 'NONE',  ( -1.055000000000000604, 6.799999999999999822, 5.361718556119722132E-16 ) ) ;
#200 = PLANE ( 'NONE',  #1248 ) ;
#201 = LINE ( 'NONE', #1106, #280 ) ;
#202 = ADVANCED_FACE ( 'NONE', ( #661 ), #390, .F. ) ;
#203 = VECTOR ( 'NONE', #1412, 1000.000000000000000 ) ;
#204 = EDGE_LOOP ( 'NONE', ( #629, #1619, #1706, #1116 ) ) ;
#205 =( NAMED_UNIT ( * ) SI_UNIT ( $, .STERADIAN. ) SOLID_ANGLE_UNIT ( ) );
#206 = CARTESIAN_POINT ( 'NONE',  ( 1.569999999999999840, 2.299999999999998934, 0.1799999999999997713 ) ) ;
#207 = CARTESIAN_POINT ( 'NONE',  ( -0.9299999999999997158, 6.583493649053891339, 0.8199999999999998401 ) ) ;
#208 = EDGE_LOOP ( 'NONE', ( #531, #105, #887, #701 ) ) ;
#209 = DIRECTION ( 'NONE',  ( 1.000000000000000000, 0.0000000000000000000, 1.694065894508600925E-16 ) ) ;
#210 = CARTESIAN_POINT ( 'NONE',  ( -1.570000000000000284, 6.583493649053891339, 0.1799999999999998823 ) ) ;
#211 = LINE ( 'NONE', #595, #56 ) ;
#212 = EDGE_LOOP ( 'NONE', ( #604, #1400, #1390, #869 ) ) ;
#213 = EDGE_CURVE ( 'NONE', #395, #44, #1178, .T. ) ;
#214 = VERTEX_POINT ( 'NONE', #686 ) ;
#215 = EDGE_CURVE ( 'NONE', #1699, #427, #1612, .T. ) ;
#216 = DIRECTION ( 'NONE',  ( -1.000000000000000000, 0.0000000000000000000, -1.694065894508600925E-16 ) ) ;
#217 = LINE ( 'NONE', #225, #1159 ) ;
#218 = CARTESIAN_POINT ( 'NONE',  ( -0.9299999999999994937, -3.400000000000001243, 0.8199999999999999512 ) ) ;
#219 = CARTESIAN_POINT ( 'NONE',  ( -1.570000000000000284, 6.583493649053891339, 0.8199999999999999512 ) ) ;
#220 = ORIENTED_EDGE ( 'NONE', *, *, #1570, .F. ) ;
#221 = ORIENTED_EDGE ( 'NONE', *, *, #420, .T. ) ;
#222 = DIRECTION ( 'NONE',  ( -1.000000000000000000, 0.0000000000000000000, 3.388131789017200370E-16 ) ) ;
#223 = VECTOR ( 'NONE', #1440, 1000.000000000000000 ) ;
#224 = FACE_OUTER_BOUND ( 'NONE', #1518, .T. ) ;
#225 = CARTESIAN_POINT ( 'NONE',  ( -1.750000000000000666, 7.000000000000000000, 2.875000000000000444 ) ) ;
#226 = STYLED_ITEM ( 'NONE', ( #131 ), #1456 ) ;
#227 = ADVANCED_FACE ( 'NONE', ( #20 ), #302, .T. ) ;
#228 = VECTOR ( 'NONE', #800, 1000.000000000000000 ) ;
#229 = CARTESIAN_POINT ( 'NONE',  ( 1.749999999999999778, 7.000000000000000000, 2.875000000000000444 ) ) ;
#230 = FACE_OUTER_BOUND ( 'NONE', #610, .T. ) ;
#231 = VERTEX_POINT ( 'NONE', #38 ) ;
#232 = ORIENTED_EDGE ( 'NONE', *, *, #1310, .T. ) ;
#233 = DIRECTION ( 'NONE',  ( 0.0000000000000000000, 1.000000000000000000, -0.0000000000000000000 ) ) ;
#234 = CARTESIAN_POINT ( 'NONE',  ( -1.444999999999999840, -3.400000000000001243, 0.6949999999999996181 ) ) ;
#235 = EDGE_CURVE ( 'NONE', #1082, #62, #721, .T. ) ;
#236 = ORIENTED_EDGE ( 'NONE', *, *, #574, .T. ) ;
#237 = ORIENTED_EDGE ( 'NONE', *, *, #1447, .T. ) ;
#238 = PLANE ( 'NONE',  #777 ) ;
#239 = ORIENTED_EDGE ( 'NONE', *, *, #1491, .T. ) ;
#240 = ORIENTED_EDGE ( 'NONE', *, *, #30, .T. ) ;
#241 = CARTESIAN_POINT ( 'NONE',  ( 1.177375796683475746E-16, 6.799999999999999822, 0.6949999999999991740 ) ) ;
#242 = ORIENTED_EDGE ( 'NONE', *, *, #1232, .F. ) ;
#243 = CARTESIAN_POINT ( 'NONE',  ( -1.750000000000000666, 3.299999999999999822, 2.875000000000000000 ) ) ;
#244 = PLANE ( 'NONE',  #888 ) ;
#245 = ORIENTED_EDGE ( 'NONE', *, *, #1474, .T. ) ;
#246 = ORIENTED_EDGE ( 'NONE', *, *, #601, .T. ) ;
#247 = CARTESIAN_POINT ( 'NONE',  ( -1.055000000000000382, 6.799999999999999822, 0.6949999999999993960 ) ) ;
#248 = DIRECTION ( 'NONE',  ( -0.0000000000000000000, 1.000000000000000000, -0.0000000000000000000 ) ) ;
#249 = EDGE_LOOP ( 'NONE', ( #1377, #569, #1114, #465 ) ) ;
#250 = AXIS2_PLACEMENT_3D ( 'NONE', #985, #1228, #743 ) ;
#251 = CARTESIAN_POINT ( 'NONE',  ( -1.444999999999999840, -3.400000000000001243, 0.3050000000000002154 ) ) ;
#252 = DIRECTION ( 'NONE',  ( 0.0000000000000000000, -1.000000000000000000, 0.0000000000000000000 ) ) ;
#253 = AXIS2_PLACEMENT_3D ( 'NONE', #1100, #562, #1352 ) ;
#254 = ORIENTED_EDGE ( 'NONE', *, *, #1301, .T. ) ;
#255 = STYLED_ITEM ( 'NONE', ( #1577 ), #1487 ) ;
#256 = LINE ( 'NONE', #80, #1686 ) ;
#257 = ADVANCED_FACE ( 'NONE', ( #1219 ), #1081, .T. ) ;
#258 = ORIENTED_EDGE ( 'NONE', *, *, #1617, .F. ) ;
#259 = CARTESIAN_POINT ( 'NONE',  ( 1.749999999999999778, 3.299999999999999822, 2.049999999999999822 ) ) ;
#260 = AXIS2_PLACEMENT_3D ( 'NONE', #407, #14, #1035 ) ;
#261 = CARTESIAN_POINT ( 'NONE',  ( -2.850000000000000089, 2.299999999999998934, 1.049999999999999822 ) ) ;
#262 =( NAMED_UNIT ( * ) PLANE_ANGLE_UNIT ( ) SI_UNIT ( $, .RADIAN. ) );
#263 = VERTEX_POINT ( 'NONE', #414 ) ;
#264 = EDGE_CURVE ( 'NONE', #1699, #1367, #965, .T. ) ;
#265 = LINE ( 'NONE', #1065, #116 ) ;
#266 = EDGE_CURVE ( 'NONE', #1171, #944, #1604, .T. ) ;
#267 = FACE_OUTER_BOUND ( 'NONE', #1059, .T. ) ;
#268 = DIRECTION ( 'NONE',  ( -0.4472135954999616470, 0.7745966692414787413, 0.4472135954999620910 ) ) ;
#269 = DIRECTION ( 'NONE',  ( -1.000000000000000000, 0.0000000000000000000, -0.0000000000000000000 ) ) ;
#270 = ORIENTED_EDGE ( 'NONE', *, *, #827, .F. ) ;
#271 = CARTESIAN_POINT ( 'NONE',  ( -1.570000000000000284, 6.583493649053891339, 0.1799999999999998823 ) ) ;
#272 = FACE_OUTER_BOUND ( 'NONE', #1045, .T. ) ;
#273 = EDGE_CURVE ( 'NONE', #22, #1685, #1597, .T. ) ;
#274 = LINE ( 'NONE', #1048, #566 ) ;
#275 = PLANE ( 'NONE',  #530 ) ;
#276 = VECTOR ( 'NONE', #607, 1000.000000000000000 ) ;
#277 = ORIENTED_EDGE ( 'NONE', *, *, #273, .T. ) ;
#278 = CARTESIAN_POINT ( 'NONE',  ( -0.9300000000000000488, 2.299999999999998934, 0.1799999999999997713 ) ) ;
#279 = MECHANICAL_DESIGN_GEOMETRIC_PRESENTATION_REPRESENTATION (  '', ( #226 ), #142 ) ;
#280 = VECTOR ( 'NONE', #1133, 1000.000000000000227 ) ;
#281 = APPLICATION_CONTEXT ( 'automotive_design' ) ;
#282 = LINE ( 'NONE', #839, #915 ) ;
#283 = PLANE ( 'NONE',  #1452 ) ;
#284 = APPLICATION_PROTOCOL_DEFINITION ( 'draft international standard', 'automotive_design', 1998, #281 ) ;
#285 = DIRECTION ( 'NONE',  ( -0.0000000000000000000, -0.0000000000000000000, 1.000000000000000000 ) ) ;
#286 = FACE_OUTER_BOUND ( 'NONE', #507, .T. ) ;
#287 = EDGE_CURVE ( 'NONE', #589, #1150, #162, .T. ) ;
#288 = CLOSED_SHELL ( 'NONE', ( #88, #757, #690, #1011, #563, #17, #1037, #394, #1340, #1101 ) ) ;
#289 = ORIENTED_EDGE ( 'NONE', *, *, #1109, .F. ) ;
#290 = DIRECTION ( 'NONE',  ( -6.776263578034403699E-16, 0.0000000000000000000, -1.000000000000000000 ) ) ;
#291 = EDGE_LOOP ( 'NONE', ( #1056, #1134, #185, #144 ) ) ;
#292 = EDGE_CURVE ( 'NONE', #1442, #113, #1235, .T. ) ;
#293 = ORIENTED_EDGE ( 'NONE', *, *, #1020, .T. ) ;
#294 = CARTESIAN_POINT ( 'NONE',  ( 2.850000000000000089, 3.899999999999999911, 1.050000000000000044 ) ) ;
#295 = DIRECTION ( 'NONE',  ( 1.000000000000000000, -0.0000000000000000000, 0.0000000000000000000 ) ) ;
#296 = CARTESIAN_POINT ( 'NONE',  ( 0.0000000000000000000, 0.0000000000000000000, -2.049999999999999378 ) ) ;
#297 = ORIENTED_EDGE ( 'NONE', *, *, #1088, .F. ) ;
#298 = CARTESIAN_POINT ( 'NONE',  ( -2.849999999999999645, 3.899999999999999911, 1.050000000000000044 ) ) ;
#299 = EDGE_CURVE ( 'NONE', #26, #1204, #548, .T. ) ;
#300 = DIRECTION ( 'NONE',  ( 0.0000000000000000000, 1.000000000000000000, 1.172110456741085828E-16 ) ) ;
#301 = CARTESIAN_POINT ( 'NONE',  ( 0.9299999999999998268, 6.799999999999999822, 0.8199999999999999512 ) ) ;
#302 = PLANE ( 'NONE',  #95 ) ;
#303 = DIRECTION ( 'NONE',  ( -5.082197683525800062E-16, 0.0000000000000000000, -1.000000000000000000 ) ) ;
#304 = EDGE_LOOP ( 'NONE', ( #1347, #1526, #1261, #10 ) ) ;
#305 = LINE ( 'NONE', #166, #364 ) ;
#306 = ORIENTED_EDGE ( 'NONE', *, *, #876, .T. ) ;
#307 = AXIS2_PLACEMENT_3D ( 'NONE', #1111, #693, #1630 ) ;
#308 = ORIENTED_EDGE ( 'NONE', *, *, #1201, .F. ) ;
#309 = CARTESIAN_POINT ( 'NONE',  ( -1.055000000000000604, -3.400000000000001243, 0.3050000000000003264 ) ) ;
#310 = FACE_OUTER_BOUND ( 'NONE', #35, .T. ) ;
#311 = DIRECTION ( 'NONE',  ( 1.000000000000000000, 0.0000000000000000000, 1.694065894508600925E-16 ) ) ;
#312 = CARTESIAN_POINT ( 'NONE',  ( -3.700000000000000178, 0.0000000000000000000, -2.875000000000001332 ) ) ;
#313 = EDGE_LOOP ( 'NONE', ( #1544, #656, #1298, #306 ) ) ;
#314 = DIRECTION ( 'NONE',  ( -1.694065894508599446E-16, 0.0000000000000000000, -1.000000000000000000 ) ) ;
#315 =( NAMED_UNIT ( * ) PLANE_ANGLE_UNIT ( ) SI_UNIT ( $, .RADIAN. ) );
#316 = COLOUR_RGB ( '',0.8274509803921568096, 0.8392156862745098200, 0.8274509803921568096 ) ;
#317 = ORIENTED_EDGE ( 'NONE', *, *, #1265, .T. ) ;
#318 = PLANE ( 'NONE',  #1290 ) ;
#319 = LINE ( 'NONE', #74, #1314 ) ;
#320 = ORIENTED_EDGE ( 'NONE', *, *, #1696, .F. ) ;
#321 = ORIENTED_EDGE ( 'NONE', *, *, #730, .F. ) ;
#322 = MANIFOLD_SOLID_BREP ( 'Chamfer2', #1693 ) ;
#323 = ORIENTED_EDGE ( 'NONE', *, *, #1508, .F. ) ;
#324 = LINE ( 'NONE', #37, #3 ) ;
#325 = LINE ( 'NONE', #994, #1028 ) ;
#326 = ADVANCED_FACE ( 'NONE', ( #224 ), #1355, .F. ) ;
#327 = ORIENTED_EDGE ( 'NONE', *, *, #1427, .F. ) ;
#328 = CARTESIAN_POINT ( 'NONE',  ( 1.569999999999999840, -3.400000000000001243, 0.1799999999999999933 ) ) ;
#329 = DIRECTION ( 'NONE',  ( 1.000000000000000000, 0.0000000000000000000, -1.694065894508600185E-16 ) ) ;
#330 = CARTESIAN_POINT ( 'NONE',  ( 3.700000000000000178, 7.000000000000000000, 2.874999999999999556 ) ) ;
#331 = AXIS2_PLACEMENT_3D ( 'NONE', #356, #759, #1157 ) ;
#332 = AXIS2_PLACEMENT_3D ( 'NONE', #1483, #1113, #581 ) ;
#333 = DIRECTION ( 'NONE',  ( -1.000000000000000000, 0.0000000000000000000, 0.0000000000000000000 ) ) ;
#334 = DIRECTION ( 'NONE',  ( 0.8660254037844382635, 0.5000000000000007772, 0.0000000000000000000 ) ) ;
#335 = PLANE ( 'NONE',  #250 ) ;
#336 = EDGE_LOOP ( 'NONE', ( #1030, #107, #873, #1477 ) ) ;
#337 = PLANE ( 'NONE',  #815 ) ;
#338 = CARTESIAN_POINT ( 'NONE',  ( -1.570000000000000284, 0.0000000000000000000, 0.1799999999999998823 ) ) ;
#339 = EDGE_CURVE ( 'NONE', #1204, #1331, #1529, .T. ) ;
#340 = VERTEX_POINT ( 'NONE', #871 ) ;
#341 = VECTOR ( 'NONE', #129, 1000.000000000000000 ) ;
#342 = VERTEX_POINT ( 'NONE', #93 ) ;
#343 = EDGE_CURVE ( 'NONE', #78, #1206, #1661, .T. ) ;
#344 =( NAMED_UNIT ( * ) SI_UNIT ( $, .STERADIAN. ) SOLID_ANGLE_UNIT ( ) );
#345 = DIRECTION ( 'NONE',  ( 0.0000000000000000000, 1.000000000000000000, 0.0000000000000000000 ) ) ;
#346 = ORIENTED_EDGE ( 'NONE', *, *, #1629, .T. ) ;
#347 = LINE ( 'NONE', #218, #123 ) ;
#348 = CARTESIAN_POINT ( 'NONE',  ( -0.9299999999999997158, 6.799999999999999822, 0.8199999999999998401 ) ) ;
#349 = VERTEX_POINT ( 'NONE', #353 ) ;
#350 = EDGE_CURVE ( 'NONE', #457, #16, #626, .T. ) ;
#351 = ORIENTED_EDGE ( 'NONE', *, *, #827, .T. ) ;
#352 = CARTESIAN_POINT ( 'NONE',  ( 3.700000000000000178, 6.999999999999999112, 1.050000000000000044 ) ) ;
#353 = CARTESIAN_POINT ( 'NONE',  ( 1.055000000000000826, 6.799999999999999822, 0.6949999999999990630 ) ) ;
#354 = CARTESIAN_POINT ( 'NONE',  ( 2.850000000000000089, 2.299999999999998934, -2.049999999999999378 ) ) ;
#355 = CARTESIAN_POINT ( 'NONE',  ( -1.506000000000000227, -3.294344900738299220, 0.2440000000000000224 ) ) ;
#356 = CARTESIAN_POINT ( 'NONE',  ( -1.570000000000000284, -3.400000000000001243, 0.8199999999999999512 ) ) ;
#357 = ORIENTED_EDGE ( 'NONE', *, *, #1170, .T. ) ;
#358 = EDGE_LOOP ( 'NONE', ( #1675, #920, #1350, #1233 ) ) ;
#359 = ADVANCED_FACE ( 'NONE', ( #57 ), #742, .F. ) ;
#360 = VECTOR ( 'NONE', #1421, 1000.000000000000000 ) ;
#361 = DIRECTION ( 'NONE',  ( 0.0000000000000000000, 0.0000000000000000000, -1.000000000000000000 ) ) ;
#362 = CARTESIAN_POINT ( 'NONE',  ( 0.9299999999999998268, -3.400000000000001243, 0.8199999999999999512 ) ) ;
#363 = VECTOR ( 'NONE', #1621, 1000.000000000000000 ) ;
#364 = VECTOR ( 'NONE', #1349, 1000.000000000000000 ) ;
#365 = ADVANCED_FACE ( 'NONE', ( #64 ), #489, .T. ) ;
#366 = VECTOR ( 'NONE', #1283, 1000.000000000000000 ) ;
#367 = VERTEX_POINT ( 'NONE', #618 ) ;
#368 = CARTESIAN_POINT ( 'NONE',  ( -1.444999999999999840, -3.400000000000001243, 0.0000000000000000000 ) ) ;
#369 = LINE ( 'NONE', #1018, #1511 ) ;
#370 = ORIENTED_EDGE ( 'NONE', *, *, #1476, .T. ) ;
#371 = EDGE_LOOP ( 'NONE', ( #1039, #1561, #1254, #297, #1468, #945 ) ) ;
#372 = APPLICATION_CONTEXT ( 'automotive_design' ) ;
#373 = VECTOR ( 'NONE', #1004, 1000.000000000000000 ) ;
#374 = CARTESIAN_POINT ( 'NONE',  ( 0.0000000000000000000, 2.299999999999998934, 0.0000000000000000000 ) ) ;
#375 = ORIENTED_EDGE ( 'NONE', *, *, #986, .T. ) ;
#376 = DIRECTION ( 'NONE',  ( -1.000000000000000000, 0.0000000000000000000, 0.0000000000000000000 ) ) ;
#377 = DIRECTION ( 'NONE',  ( 1.694065894508600925E-16, -0.0000000000000000000, 1.000000000000000000 ) ) ;
#378 = EDGE_LOOP ( 'NONE', ( #1329, #884, #537, #1584 ) ) ;
#379 = ORIENTED_EDGE ( 'NONE', *, *, #1050, .T. ) ;
#380 = LINE ( 'NONE', #241, #1569 ) ;
#381 = ORIENTED_EDGE ( 'NONE', *, *, #810, .T. ) ;
#382 = CARTESIAN_POINT ( 'NONE',  ( -2.850000000000000089, 3.899999999999999911, 1.049999999999999822 ) ) ;
#383 = PLANE ( 'NONE',  #331 ) ;
#384 = LINE ( 'NONE', #352, #970 ) ;
#385 = ORIENTED_EDGE ( 'NONE', *, *, #660, .F. ) ;
#386 = DIRECTION ( 'NONE',  ( 1.000000000000000000, 0.0000000000000000000, 1.694065894508600925E-16 ) ) ;
#387 = AXIS2_PLACEMENT_3D ( 'NONE', #1704, #1566, #517 ) ;
#388 = ORIENTED_EDGE ( 'NONE', *, *, #264, .F. ) ;
#389 = COLOUR_RGB ( '',0.8274509803921568096, 0.8392156862745098200, 0.8274509803921568096 ) ;
#390 = PLANE ( 'NONE',  #260 ) ;
#391 = CARTESIAN_POINT ( 'NONE',  ( 1.749999999999999778, 3.299999999999999822, 2.875000000000000000 ) ) ;
#392 = AXIS2_PLACEMENT_3D ( 'NONE', #545, #1099, #678 ) ;
#393 = VECTOR ( 'NONE', #1231, 1000.000000000000000 ) ;
#394 = ADVANCED_FACE ( 'NONE', ( #1670 ), #880, .F. ) ;
#395 = VERTEX_POINT ( 'NONE', #198 ) ;
#396 = ADVANCED_FACE ( 'NONE', ( #889 ), #1403, .T. ) ;
#397 = ADVANCED_FACE ( 'NONE', ( #863 ), #591, .F. ) ;
#398 = DIRECTION ( 'NONE',  ( 0.0000000000000000000, 0.0000000000000000000, -1.000000000000000000 ) ) ;
#399 = VERTEX_POINT ( 'NONE', #206 ) ;
#400 = CARTESIAN_POINT ( 'NONE',  ( -3.700000000000000178, 3.899999999999999911, 1.050000000000000044 ) ) ;
#401 = CARTESIAN_POINT ( 'NONE',  ( -0.9300000000000002709, 0.0000000000000000000, 0.1799999999999999933 ) ) ;
#402 = LINE ( 'NONE', #909, #1212 ) ;
#403 = ORIENTED_EDGE ( 'NONE', *, *, #525, .F. ) ;
#404 = EDGE_CURVE ( 'NONE', #919, #395, #984, .T. ) ;
#405 = DIRECTION ( 'NONE',  ( -3.388131789017200370E-16, 0.0000000000000000000, -1.000000000000000000 ) ) ;
#406 = DIRECTION ( 'NONE',  ( 1.000000000000000000, 0.0000000000000000000, -1.694065894508600925E-16 ) ) ;
#407 = CARTESIAN_POINT ( 'NONE',  ( -1.570000000000000284, 6.799999999999999822, 0.1799999999999998823 ) ) ;
#408 =( NAMED_UNIT ( * ) SI_UNIT ( $, .STERADIAN. ) SOLID_ANGLE_UNIT ( ) );
#409 = PLANE ( 'NONE',  #699 ) ;
#410 = ORIENTED_EDGE ( 'NONE', *, *, #801, .F. ) ;
#411 = DIRECTION ( 'NONE',  ( 0.8660254037844362651, -0.5000000000000043299, 0.0000000000000000000 ) ) ;
#412 = DIRECTION ( 'NONE',  ( -1.000000000000000000, 0.0000000000000000000, 0.0000000000000000000 ) ) ;
#413 = ADVANCED_FACE ( 'NONE', ( #1127 ), #1246, .F. ) ;
#414 = CARTESIAN_POINT ( 'NONE',  ( 0.9299999999999998268, 0.0000000000000000000, 0.8199999999999999512 ) ) ;
#415 = SURFACE_SIDE_STYLE ('',( #565 ) ) ;
#416 = EDGE_CURVE ( 'NONE', #589, #165, #1040, .T. ) ;
#417 = AXIS2_PLACEMENT_3D ( 'NONE', #1379, #832, #453 ) ;
#418 = CARTESIAN_POINT ( 'NONE',  ( 3.700000000000000178, 7.000000000000000000, -2.875000000000001332 ) ) ;
#419 = AXIS2_PLACEMENT_3D ( 'NONE', #619, #750, #84 ) ;
#420 = EDGE_CURVE ( 'NONE', #1034, #1215, #1308, .T. ) ;
#421 = STYLED_ITEM ( 'NONE', ( #1360 ), #749 ) ;
#422 = ORIENTED_EDGE ( 'NONE', *, *, #484, .T. ) ;
#423 = LINE ( 'NONE', #813, #197 ) ;
#424 = CARTESIAN_POINT ( 'NONE',  ( 1.444999999999998730, 6.799999999999999822, 0.3050000000000007705 ) ) ;
#425 = LINE ( 'NONE', #401, #223 ) ;
#426 = VECTOR ( 'NONE', #1188, 1000.000000000000000 ) ;
#427 = VERTEX_POINT ( 'NONE', #271 ) ;
#428 = LINE ( 'NONE', #826, #506 ) ;
#429 = ORIENTED_EDGE ( 'NONE', *, *, #343, .F. ) ;
#430 = EDGE_LOOP ( 'NONE', ( #1365, #1047, #1556, #1658 ) ) ;
#431 = LINE ( 'NONE', #579, #1624 ) ;
#432 = FILL_AREA_STYLE ('',( #1603 ) ) ;
#433 = LINE ( 'NONE', #1103, #640 ) ;
#434 = EDGE_LOOP ( 'NONE', ( #258, #1386, #1627, #955 ) ) ;
#435 = LINE ( 'NONE', #149, #1137 ) ;
#436 = EDGE_CURVE ( 'NONE', #867, #972, #1554, .T. ) ;
#437 = VERTEX_POINT ( 'NONE', #247 ) ;
#438 = DIRECTION ( 'NONE',  ( 0.0000000000000000000, -1.000000000000000000, 0.0000000000000000000 ) ) ;
#439 = PLANE ( 'NONE',  #698 ) ;
#440 = DIRECTION ( 'NONE',  ( 0.0000000000000000000, 0.0000000000000000000, 1.000000000000000000 ) ) ;
#441 = DIRECTION ( 'NONE',  ( 0.0000000000000000000, -1.000000000000000000, 0.0000000000000000000 ) ) ;
#442 = ORIENTED_EDGE ( 'NONE', *, *, #904, .F. ) ;
#443 = LINE ( 'NONE', #338, #1515 ) ;
#444 = LINE ( 'NONE', #483, #393 ) ;
#445 = VECTOR ( 'NONE', #843, 1000.000000000000000 ) ;
#446 = ADVANCED_FACE ( 'NONE', ( #778 ), #528, .F. ) ;
#447 = VECTOR ( 'NONE', #763, 1000.000000000000000 ) ;
#448 = AXIS2_PLACEMENT_3D ( 'NONE', #1292, #921, #538 ) ;
#449 = EDGE_CURVE ( 'NONE', #1038, #1143, #120, .T. ) ;
#450 = LINE ( 'NONE', #171, #861 ) ;
#451 = DIRECTION ( 'NONE',  ( 0.0000000000000000000, 0.0000000000000000000, -1.000000000000000000 ) ) ;
#452 = DIRECTION ( 'NONE',  ( 0.0000000000000000000, 1.000000000000000000, 1.172110456741085828E-16 ) ) ;
#453 = DIRECTION ( 'NONE',  ( 0.0000000000000000000, 0.0000000000000000000, 1.000000000000000000 ) ) ;
#454 = DIRECTION ( 'NONE',  ( -0.0000000000000000000, 1.398970545142586295E-16, -1.000000000000000000 ) ) ;
#455 = DIRECTION ( 'NONE',  ( 1.000000000000000000, 0.0000000000000000000, 1.694065894508600925E-16 ) ) ;
#456 =( GEOMETRIC_REPRESENTATION_CONTEXT ( 3 ) GLOBAL_UNCERTAINTY_ASSIGNED_CONTEXT ( ( #1438 ) ) GLOBAL_UNIT_ASSIGNED_CONTEXT ( ( #564, #1140, #344 ) ) REPRESENTATION_CONTEXT ( 'NONE', 'WORKASPACE' ) );
#457 = VERTEX_POINT ( 'NONE', #692 ) ;
#458 = ORIENTED_EDGE ( 'NONE', *, *, #1474, .F. ) ;
#459 = CARTESIAN_POINT ( 'NONE',  ( 3.700000000000000178, 3.899999999999999911, 2.049999999999999822 ) ) ;
#460 = DIRECTION ( 'NONE',  ( -1.467104100329251281E-16, -0.5000000000000055511, -0.8660254037844354880 ) ) ;
#461 = CARTESIAN_POINT ( 'NONE',  ( 3.700000000000000178, 7.000000000000000000, -2.875000000000001332 ) ) ;
#462 = VERTEX_POINT ( 'NONE', #570 ) ;
#463 = DIRECTION ( 'NONE',  ( -0.0000000000000000000, 0.0000000000000000000, -1.000000000000000000 ) ) ;
#464 = DIRECTION ( 'NONE',  ( -1.000000000000000000, 0.0000000000000000000, 0.0000000000000000000 ) ) ;
#465 = ORIENTED_EDGE ( 'NONE', *, *, #1559, .F. ) ;
#466 = ORIENTED_EDGE ( 'NONE', *, *, #495, .F. ) ;
#467 = DIRECTION ( 'NONE',  ( 5.082197683525800062E-16, 0.0000000000000000000, 1.000000000000000000 ) ) ;
#468 = CARTESIAN_POINT ( 'NONE',  ( 3.700000000000000178, 7.000000000000000000, -2.875000000000001332 ) ) ;
#469 = LINE ( 'NONE', #1257, #1618 ) ;
#470 = PRODUCT_DEFINITION_CONTEXT ( 'detailed design', #281, 'design' ) ;
#471 = ORIENTED_EDGE ( 'NONE', *, *, #1218, .T. ) ;
#472 = ORIENTED_EDGE ( 'NONE', *, *, #655, .F. ) ;
#473 = CARTESIAN_POINT ( 'NONE',  ( 0.0000000000000000000, 0.0000000000000000000, -2.875000000000001332 ) ) ;
#474 = ORIENTED_EDGE ( 'NONE', *, *, #1631, .T. ) ;
#475 = ADVANCED_FACE ( 'NONE', ( #1334 ), #1208, .F. ) ;
#476 = VECTOR ( 'NONE', #706, 1000.000000000000000 ) ;
#477 = CARTESIAN_POINT ( 'NONE',  ( -0.9299999999999994937, 0.0000000000000000000, 0.8199999999999999512 ) ) ;
#478 = VECTOR ( 'NONE', #333, 1000.000000000000000 ) ;
#479 = VECTOR ( 'NONE', #943, 1000.000000000000000 ) ;
#480 = PLANE ( 'NONE',  #1399 ) ;
#481 = DIRECTION ( 'NONE',  ( 0.0000000000000000000, 0.0000000000000000000, -1.000000000000000000 ) ) ;
#482 = PLANE ( 'NONE',  #1453 ) ;
#483 = CARTESIAN_POINT ( 'NONE',  ( 0.9299999999999998268, 6.583493649053891339, 0.8199999999999999512 ) ) ;
#484 = EDGE_CURVE ( 'NONE', #1042, #719, #152, .T. ) ;
#485 = EDGE_LOOP ( 'NONE', ( #357, #1464, #664, #709 ) ) ;
#486 = AXIS2_PLACEMENT_3D ( 'NONE', #930, #772, #670 ) ;
#487 = ORIENTED_EDGE ( 'NONE', *, *, #879, .T. ) ;
#488 = FILL_AREA_STYLE_COLOUR ( '', #672 ) ;
#489 = PLANE ( 'NONE',  #1238 ) ;
#490 = LINE ( 'NONE', #1015, #1622 ) ;
#491 = ORIENTED_EDGE ( 'NONE', *, *, #971, .F. ) ;
#492 = DIRECTION ( 'NONE',  ( 0.0000000000000000000, 1.000000000000000000, 0.0000000000000000000 ) ) ;
#493 = LINE ( 'NONE', #883, #1650 ) ;
#494 = VERTEX_POINT ( 'NONE', #294 ) ;
#495 = EDGE_CURVE ( 'NONE', #192, #1528, #561, .T. ) ;
#496 = EDGE_LOOP ( 'NONE', ( #1262, #1252, #1019, #388 ) ) ;
#497 = CARTESIAN_POINT ( 'NONE',  ( -1.444999999999999840, -3.400000000000001243, 0.0000000000000000000 ) ) ;
#498 = DIRECTION ( 'NONE',  ( 9.227252531791526626E-17, 1.000000000000000000, 0.0000000000000000000 ) ) ;
#499 = CARTESIAN_POINT ( 'NONE',  ( 0.9299999999999998268, -3.183493649053891872, 0.1799999999999998823 ) ) ;
#500 = CARTESIAN_POINT ( 'NONE',  ( 0.0000000000000000000, -3.400000000000001243, 0.6949999999999998401 ) ) ;
#501 = ORIENTED_EDGE ( 'NONE', *, *, #1063, .T. ) ;
#502 = VERTEX_POINT ( 'NONE', #309 ) ;
#503 = VECTOR ( 'NONE', #303, 1000.000000000000000 ) ;
#504 = EDGE_CURVE ( 'NONE', #340, #367, #450, .T. ) ;
#505 = LINE ( 'NONE', #1155, #727 ) ;
#506 = VECTOR ( 'NONE', #1090, 1000.000000000000000 ) ;
#507 = EDGE_LOOP ( 'NONE', ( #847, #968, #723, #169 ) ) ;
#508 = FACE_OUTER_BOUND ( 'NONE', #552, .T. ) ;
#509 = PLANE ( 'NONE',  #387 ) ;
#510 = ORIENTED_EDGE ( 'NONE', *, *, #1130, .T. ) ;
#511 = VERTEX_POINT ( 'NONE', #684 ) ;
#512 = CLOSED_SHELL ( 'NONE', ( #1364, #202, #1258, #598, #767, #1179, #1430, #578, #726, #1299 ) ) ;
#513 = FACE_OUTER_BOUND ( 'NONE', #788, .T. ) ;
#514 = EDGE_CURVE ( 'NONE', #494, #1150, #282, .T. ) ;
#515 = ORIENTED_EDGE ( 'NONE', *, *, #1629, .F. ) ;
#516 = DIRECTION ( 'NONE',  ( 1.467104100329251774E-16, -0.5000000000000057732, 0.8660254037844353769 ) ) ;
#517 = DIRECTION ( 'NONE',  ( 0.0000000000000000000, 0.0000000000000000000, -1.000000000000000000 ) ) ;
#518 = DIRECTION ( 'NONE',  ( 1.000000000000000000, 0.0000000000000000000, 0.0000000000000000000 ) ) ;
#519 = ORIENTED_EDGE ( 'NONE', *, *, #1020, .F. ) ;
#520 = DIRECTION ( 'NONE',  ( 0.0000000000000000000, 0.0000000000000000000, 1.000000000000000000 ) ) ;
#521 = EDGE_CURVE ( 'NONE', #522, #602, #1351, .T. ) ;
#522 = VERTEX_POINT ( 'NONE', #803 ) ;
#523 = PLANE ( 'NONE',  #1522 ) ;
#524 = DIRECTION ( 'NONE',  ( -0.4472135954999580387, -0.7745966692414829602, 0.4472135954999584828 ) ) ;
#525 = EDGE_CURVE ( 'NONE', #602, #1168, #1602, .T. ) ;
#526 = FACE_OUTER_BOUND ( 'NONE', #1282, .T. ) ;
#527 = ORIENTED_EDGE ( 'NONE', *, *, #587, .F. ) ;
#528 = PLANE ( 'NONE',  #448 ) ;
#529 = CARTESIAN_POINT ( 'NONE',  ( 0.9299999999999998268, 2.299999999999998934, 0.8199999999999999512 ) ) ;
#530 = AXIS2_PLACEMENT_3D ( 'NONE', #1576, #931, #155 ) ;
#531 = ORIENTED_EDGE ( 'NONE', *, *, #2, .F. ) ;
#532 = AXIS2_PLACEMENT_3D ( 'NONE', #1671, #872, #1032 ) ;
#533 = DIRECTION ( 'NONE',  ( -1.000000000000000000, 0.0000000000000000000, 1.694065894508600925E-16 ) ) ;
#534 = PRESENTATION_LAYER_ASSIGNMENT (  '', '', ( #421 ) ) ;
#535 = CARTESIAN_POINT ( 'NONE',  ( -0.9299999999999994937, -3.183493649053891428, 0.8199999999999999512 ) ) ;
#536 = EDGE_CURVE ( 'NONE', #1697, #26, #431, .T. ) ;
#537 = ORIENTED_EDGE ( 'NONE', *, *, #961, .T. ) ;
#538 = DIRECTION ( 'NONE',  ( -1.000000000000000000, 0.0000000000000000000, 1.694065894508600185E-16 ) ) ;
#539 = DIRECTION ( 'NONE',  ( -1.000000000000000000, -0.0000000000000000000, -0.0000000000000000000 ) ) ;
#540 = PRESENTATION_LAYER_ASSIGNMENT (  '', '', ( #1278 ) ) ;
#541 = DIRECTION ( 'NONE',  ( 0.0000000000000000000, 0.0000000000000000000, -1.000000000000000000 ) ) ;
#542 = CARTESIAN_POINT ( 'NONE',  ( 0.8439999999999994174, -3.034537279602967708, 0.9060000000000003606 ) ) ;
#543 = EDGE_CURVE ( 'NONE', #457, #367, #956, .T. ) ;
#544 = ORIENTED_EDGE ( 'NONE', *, *, #797, .F. ) ;
#545 = CARTESIAN_POINT ( 'NONE',  ( 0.0000000000000000000, -3.400000000000001243, 0.0000000000000000000 ) ) ;
#546 = CARTESIAN_POINT ( 'NONE',  ( 3.700000000000000178, 0.0000000000000000000, -2.875000000000001332 ) ) ;
#547 = ADVANCED_FACE ( 'NONE', ( #1488 ), #702, .T. ) ;
#548 = LINE ( 'NONE', #694, #1601 ) ;
#549 = EDGE_CURVE ( 'NONE', #1143, #1198, #36, .T. ) ;
#550 = DIRECTION ( 'NONE',  ( 1.185846126156020672E-15, 0.0000000000000000000, 1.000000000000000000 ) ) ;
#551 = DIRECTION ( 'NONE',  ( 1.000000000000000000, 0.0000000000000000000, 0.0000000000000000000 ) ) ;
#552 = EDGE_LOOP ( 'NONE', ( #1094, #1531, #109, #1026 ) ) ;
#553 = DIRECTION ( 'NONE',  ( 0.0000000000000000000, 0.0000000000000000000, 1.000000000000000000 ) ) ;
#554 = DIRECTION ( 'NONE',  ( -0.4472135954999619800, -0.7745966692414786303, -0.4472135954999619245 ) ) ;
#555 = CARTESIAN_POINT ( 'NONE',  ( -1.155999999999999250, -3.900562683387406970, 0.4059999999999989728 ) ) ;
#556 = VERTEX_POINT ( 'NONE', #1076 ) ;
#557 = FACE_OUTER_BOUND ( 'NONE', #1509, .T. ) ;
#558 = AXIS2_PLACEMENT_3D ( 'NONE', #362, #1662, #1690 ) ;
#559 = VECTOR ( 'NONE', #1123, 1000.000000000000000 ) ;
#560 = ORIENTED_EDGE ( 'NONE', *, *, #910, .F. ) ;
#561 = LINE ( 'NONE', #963, #673 ) ;
#562 = DIRECTION ( 'NONE',  ( -0.8660254037844382635, 0.5000000000000007772, 1.026972870230479792E-15 ) ) ;
#563 = ADVANCED_FACE ( 'NONE', ( #1225 ), #45, .F. ) ;
#564 =( LENGTH_UNIT ( ) NAMED_UNIT ( * ) SI_UNIT ( .MILLI., .METRE. ) );
#565 = SURFACE_STYLE_FILL_AREA ( #21 ) ;
#566 = VECTOR ( 'NONE', #807, 1000.000000000000000 ) ;
#567 = ORIENTED_EDGE ( 'NONE', *, *, #707, .T. ) ;
#568 = DIRECTION ( 'NONE',  ( 0.0000000000000000000, 1.000000000000000000, 1.398970545142586295E-16 ) ) ;
#569 = ORIENTED_EDGE ( 'NONE', *, *, #536, .F. ) ;
#570 = CARTESIAN_POINT ( 'NONE',  ( 2.850000000000000089, 2.299999999999998934, -2.049999999999999378 ) ) ;
#571 = DIRECTION ( 'NONE',  ( -1.000000000000000000, 0.0000000000000000000, 1.694065894508600925E-16 ) ) ;
#572 = DIRECTION ( 'NONE',  ( 0.0000000000000000000, 1.000000000000000000, 0.0000000000000000000 ) ) ;
#573 = DIRECTION ( 'NONE',  ( 6.776263578034403699E-16, -0.0000000000000000000, 1.000000000000000000 ) ) ;
#574 = EDGE_CURVE ( 'NONE', #1697, #687, #973, .T. ) ;
#575 = VERTEX_POINT ( 'NONE', #1594 ) ;
#576 = CARTESIAN_POINT ( 'NONE',  ( 0.9299999999999998268, 0.0000000000000000000, 0.8199999999999999512 ) ) ;
#577 = LINE ( 'NONE', #23, #1623 ) ;
#578 = ADVANCED_FACE ( 'NONE', ( #145 ), #1070, .F. ) ;
#579 = CARTESIAN_POINT ( 'NONE',  ( -3.700000000000000178, 7.000000000000000000, -2.875000000000001332 ) ) ;
#580 = DIRECTION ( 'NONE',  ( 1.000000000000000000, 0.0000000000000000000, 0.0000000000000000000 ) ) ;
#581 = DIRECTION ( 'NONE',  ( -1.000000000000000000, 0.0000000000000000000, 0.0000000000000000000 ) ) ;
#582 = AXIS2_PLACEMENT_3D ( 'NONE', #1674, #636, #1151 ) ;
#583 = ORIENTED_EDGE ( 'NONE', *, *, #521, .F. ) ;
#584 = DIRECTION ( 'NONE',  ( -1.000000000000000000, -0.0000000000000000000, -0.0000000000000000000 ) ) ;
#585 = STYLED_ITEM ( 'NONE', ( #1598 ), #894 ) ;
#586 = VECTOR ( 'NONE', #438, 1000.000000000000000 ) ;
#587 = EDGE_CURVE ( 'NONE', #1528, #919, #423, .T. ) ;
#588 = VECTOR ( 'NONE', #675, 1000.000000000000000 ) ;
#589 = VERTEX_POINT ( 'NONE', #1461 ) ;
#590 = CARTESIAN_POINT ( 'NONE',  ( -2.850000000000000089, 2.299999999999998934, 2.049999999999999822 ) ) ;
#591 = PLANE ( 'NONE',  #1572 ) ;
#592 = CARTESIAN_POINT ( 'NONE',  ( -0.9299999999999997158, 6.799999999999999822, 0.8199999999999998401 ) ) ;
#593 = EDGE_LOOP ( 'NONE', ( #1415, #70, #820, #691 ) ) ;
#594 = PLANE ( 'NONE',  #942 ) ;
#595 = CARTESIAN_POINT ( 'NONE',  ( 1.749999999999999778, 3.299999999999999822, 2.049999999999999822 ) ) ;
#596 = VECTOR ( 'NONE', #216, 1000.000000000000000 ) ;
#597 = CARTESIAN_POINT ( 'NONE',  ( 5.166900978251249941E-17, 6.799999999999999822, 0.3050000000000009925 ) ) ;
#598 = ADVANCED_FACE ( 'NONE', ( #822 ), #1687, .F. ) ;
#599 = DIRECTION ( 'NONE',  ( 1.000000000000000000, -0.0000000000000000000, 0.0000000000000000000 ) ) ;
#600 = LINE ( 'NONE', #592, #1237 ) ;
#601 = EDGE_CURVE ( 'NONE', #1436, #1548, #1095, .T. ) ;
#602 = VERTEX_POINT ( 'NONE', #177 ) ;
#603 = DIRECTION ( 'NONE',  ( -5.082197683525800062E-16, 0.0000000000000000000, -1.000000000000000000 ) ) ;
#604 = ORIENTED_EDGE ( 'NONE', *, *, #173, .T. ) ;
#605 = DIRECTION ( 'NONE',  ( -0.4472135954999620355, -0.7745966692414787413, 0.4472135954999619245 ) ) ;
#606 = CARTESIAN_POINT ( 'NONE',  ( 2.850000000000000089, 2.299999999999998934, 2.049999999999998934 ) ) ;
#607 = DIRECTION ( 'NONE',  ( -0.0000000000000000000, 1.000000000000000000, -0.0000000000000000000 ) ) ;
#608 = UNCERTAINTY_MEASURE_WITH_UNIT (LENGTH_MEASURE( 1.000000000000000082E-05 ), #924, 'distance_accuracy_value', 'NONE');
#609 = ORIENTED_EDGE ( 'NONE', *, *, #1491, .F. ) ;
#610 = EDGE_LOOP ( 'NONE', ( #1161, #875, #379, #1021 ) ) ;
#611 = LINE ( 'NONE', #50, #117 ) ;
#612 = VERTEX_POINT ( 'NONE', #997 ) ;
#613 = VECTOR ( 'NONE', #268, 1000.000000000000227 ) ;
#614 = ORIENTED_EDGE ( 'NONE', *, *, #971, .T. ) ;
#615 =( LENGTH_UNIT ( ) NAMED_UNIT ( * ) SI_UNIT ( .MILLI., .METRE. ) );
#616 = VECTOR ( 'NONE', #454, 1000.000000000000000 ) ;
#617 = AXIS2_PLACEMENT_3D ( 'NONE', #191, #1241, #61 ) ;
#618 = CARTESIAN_POINT ( 'NONE',  ( 1.569999999999999840, 0.0000000000000000000, 0.1799999999999999933 ) ) ;
#619 = CARTESIAN_POINT ( 'NONE',  ( 3.700000000000000178, 3.899999999999999911, 2.049999999999999822 ) ) ;
#620 = EDGE_CURVE ( 'NONE', #996, #22, #718, .T. ) ;
#621 = ORIENTED_EDGE ( 'NONE', *, *, #1500, .F. ) ;
#622 = ORIENTED_EDGE ( 'NONE', *, *, #1609, .T. ) ;
#623 = DIRECTION ( 'NONE',  ( -1.000000000000000000, 0.0000000000000000000, 0.0000000000000000000 ) ) ;
#624 = VECTOR ( 'NONE', #798, 1000.000000000000000 ) ;
#625 = ORIENTED_EDGE ( 'NONE', *, *, #1078, .T. ) ;
#626 = LINE ( 'NONE', #1388, #596 ) ;
#627 = FACE_OUTER_BOUND ( 'NONE', #1341, .T. ) ;
#628 = ORIENTED_EDGE ( 'NONE', *, *, #128, .F. ) ;
#629 = ORIENTED_EDGE ( 'NONE', *, *, #235, .F. ) ;
#630 = DIRECTION ( 'NONE',  ( 0.0000000000000000000, -1.000000000000000000, 0.0000000000000000000 ) ) ;
#631 = EDGE_LOOP ( 'NONE', ( #1553, #1384, #1664, #1138, #622, #159 ) ) ;
#632 = EDGE_CURVE ( 'NONE', #933, #192, #1504, .T. ) ;
#633 = ORIENTED_EDGE ( 'NONE', *, *, #1255, .F. ) ;
#634 = CARTESIAN_POINT ( 'NONE',  ( 0.9299999999999998268, 2.299999999999998934, 0.1799999999999998823 ) ) ;
#635 = ORIENTED_EDGE ( 'NONE', *, *, #1691, .T. ) ;
#636 = DIRECTION ( 'NONE',  ( -0.8660254037844380415, 0.5000000000000011102, 5.868416401317025833E-16 ) ) ;
#637 = EDGE_LOOP ( 'NONE', ( #1002, #91, #1016, #1636 ) ) ;
#638 = EDGE_CURVE ( 'NONE', #427, #867, #1122, .T. ) ;
#639 = ORIENTED_EDGE ( 'NONE', *, *, #1676, .F. ) ;
#640 = VECTOR ( 'NONE', #175, 1000.000000000000000 ) ;
#641 = LINE ( 'NONE', #354, #914 ) ;
#642 = VECTOR ( 'NONE', #1053, 1000.000000000000000 ) ;
#643 = VECTOR ( 'NONE', #665, 1000.000000000000000 ) ;
#644 = CARTESIAN_POINT ( 'NONE',  ( -2.850000000000000089, 2.299999999999998934, 1.049999999999999822 ) ) ;
#645 = CARTESIAN_POINT ( 'NONE',  ( -1.194000000000000172, -3.640755062252075014, 0.5559999999999994946 ) ) ;
#646 = ORIENTED_EDGE ( 'NONE', *, *, #651, .T. ) ;
#647 = EDGE_CURVE ( 'NONE', #1229, #263, #1644, .T. ) ;
#648 = VECTOR ( 'NONE', #452, 1000.000000000000000 ) ;
#649 = CARTESIAN_POINT ( 'NONE',  ( 0.9299999999999998268, 6.799999999999999822, 0.1799999999999998823 ) ) ;
#650 = LINE ( 'NONE', #127, #642 ) ;
#651 = EDGE_CURVE ( 'NONE', #736, #349, #858, .T. ) ;
#652 = ORIENTED_EDGE ( 'NONE', *, *, #961, .F. ) ;
#653 = PLANE ( 'NONE',  #486 ) ;
#654 = FACE_OUTER_BOUND ( 'NONE', #212, .T. ) ;
#655 = EDGE_CURVE ( 'NONE', #1528, #765, #724, .T. ) ;
#656 = ORIENTED_EDGE ( 'NONE', *, *, #1414, .F. ) ;
#657 = DIRECTION ( 'NONE',  ( -0.4472135954999611474, -0.7745966692414799626, 0.4472135954999605922 ) ) ;
#658 = UNCERTAINTY_MEASURE_WITH_UNIT (LENGTH_MEASURE( 1.000000000000000082E-05 ), #1374, 'distance_accuracy_value', 'NONE');
#659 = EDGE_LOOP ( 'NONE', ( #786, #1192, #487, #1667 ) ) ;
#660 = EDGE_CURVE ( 'NONE', #687, #1503, #1517, .T. ) ;
#661 = FACE_OUTER_BOUND ( 'NONE', #659, .T. ) ;
#662 =( NAMED_UNIT ( * ) PLANE_ANGLE_UNIT ( ) SI_UNIT ( $, .RADIAN. ) );
#663 = CARTESIAN_POINT ( 'NONE',  ( 1.570000000000000062, 6.583493649053891339, 0.8199999999999998401 ) ) ;
#664 = ORIENTED_EDGE ( 'NONE', *, *, #1033, .T. ) ;
#665 = DIRECTION ( 'NONE',  ( -1.000000000000000000, 0.0000000000000000000, 0.0000000000000000000 ) ) ;
#666 = CARTESIAN_POINT ( 'NONE',  ( 3.700000000000000178, 3.899999999999999911, 1.050000000000000044 ) ) ;
#667 = VECTOR ( 'NONE', #1049, 1000.000000000000114 ) ;
#668 = VECTOR ( 'NONE', #386, 1000.000000000000000 ) ;
#669 = VECTOR ( 'NONE', #1373, 1000.000000000000000 ) ;
#670 = DIRECTION ( 'NONE',  ( 1.185846126156020672E-15, 0.0000000000000000000, 1.000000000000000000 ) ) ;
#671 = DIRECTION ( 'NONE',  ( -1.000000000000000000, 0.0000000000000000000, -1.694065894508600925E-16 ) ) ;
#672 = COLOUR_RGB ( '',0.8431372549019607865, 0.8156862745098039102, 0.7529411764705882248 ) ;
#673 = VECTOR ( 'NONE', #1325, 1000.000000000000000 ) ;
#674 = EDGE_CURVE ( 'NONE', #933, #765, #611, .T. ) ;
#675 = DIRECTION ( 'NONE',  ( -1.000000000000000000, -0.0000000000000000000, -0.0000000000000000000 ) ) ;
#676 = EDGE_CURVE ( 'NONE', #59, #1034, #201, .T. ) ;
#677 = ORIENTED_EDGE ( 'NONE', *, *, #1088, .T. ) ;
#678 = DIRECTION ( 'NONE',  ( 0.0000000000000000000, -0.0000000000000000000, 1.000000000000000000 ) ) ;
#679 = DIRECTION ( 'NONE',  ( -1.467104100329252514E-16, -0.5000000000000038858, -0.8660254037844364872 ) ) ;
#680 = AXIS2_PLACEMENT_3D ( 'NONE', #1273, #993, #1537 ) ;
#681 = LINE ( 'NONE', #400, #203 ) ;
#682 = FILL_AREA_STYLE ('',( #1463 ) ) ;
#683 = FACE_OUTER_BOUND ( 'NONE', #1484, .T. ) ;
#684 = CARTESIAN_POINT ( 'NONE',  ( 1.569999999999999840, 6.583493649053891339, 0.1799999999999997713 ) ) ;
#685 = LINE ( 'NONE', #1169, #85 ) ;
#686 = CARTESIAN_POINT ( 'NONE',  ( -0.9300000000000002709, -3.183493649053891428, 0.1799999999999999933 ) ) ;
#687 = VERTEX_POINT ( 'NONE', #186 ) ;
#688 = PLANE ( 'NONE',  #783 ) ;
#689 = EDGE_LOOP ( 'NONE', ( #1497, #990, #928, #75 ) ) ;
#690 = ADVANCED_FACE ( 'NONE', ( #1007 ), #1628, .F. ) ;
#691 = ORIENTED_EDGE ( 'NONE', *, *, #1414, .T. ) ;
#692 = CARTESIAN_POINT ( 'NONE',  ( 1.569999999999999840, -3.183493649053891872, 0.1799999999999999933 ) ) ;
#693 = DIRECTION ( 'NONE',  ( 1.467104100329252760E-16, -0.5000000000000043299, 0.8660254037844362651 ) ) ;
#694 = CARTESIAN_POINT ( 'NONE',  ( -3.700000000000000178, 0.0000000000000000000, -2.875000000000001332 ) ) ;
#695 = LINE ( 'NONE', #1189, #613 ) ;
#696 = EDGE_LOOP ( 'NONE', ( #519, #614, #1338, #795 ) ) ;
#697 = CARTESIAN_POINT ( 'NONE',  ( -2.849999999999999645, 6.999999999999999112, -2.049999999999999378 ) ) ;
#698 = AXIS2_PLACEMENT_3D ( 'NONE', #992, #974, #188 ) ;
#699 = AXIS2_PLACEMENT_3D ( 'NONE', #811, #1321, #455 ) ;
#700 = ORIENTED_EDGE ( 'NONE', *, *, #1177, .F. ) ;
#701 = ORIENTED_EDGE ( 'NONE', *, *, #1136, .T. ) ;
#702 = PLANE ( 'NONE',  #1543 ) ;
#703 = CARTESIAN_POINT ( 'NONE',  ( 0.0000000000000000000, -3.400000000000001243, 0.6949999999999998401 ) ) ;
#704 = EDGE_CURVE ( 'NONE', #1305, #62, #443, .T. ) ;
#705 = DIRECTION ( 'NONE',  ( 0.0000000000000000000, -0.0000000000000000000, 1.000000000000000000 ) ) ;
#706 = DIRECTION ( 'NONE',  ( -1.000000000000000000, 0.0000000000000000000, 0.0000000000000000000 ) ) ;
#707 = EDGE_CURVE ( 'NONE', #1402, #78, #710, .T. ) ;
#708 = VECTOR ( 'NONE', #285, 1000.000000000000000 ) ;
#709 = ORIENTED_EDGE ( 'NONE', *, *, #292, .F. ) ;
#710 = LINE ( 'NONE', #852, #141 ) ;
#711 = CARTESIAN_POINT ( 'NONE',  ( 3.700000000000000178, 3.899999999999999911, 1.050000000000000044 ) ) ;
#712 = CARTESIAN_POINT ( 'NONE',  ( 0.9299999999999998268, 2.299999999999998934, 0.8199999999999999512 ) ) ;
#713 = CARTESIAN_POINT ( 'NONE',  ( -1.750000000000000666, 3.299999999999999822, 2.875000000000000000 ) ) ;
#714 = FILL_AREA_STYLE_COLOUR ( '', #316 ) ;
#715 = DIRECTION ( 'NONE',  ( -1.000000000000000000, -0.0000000000000000000, 1.694065894508600925E-16 ) ) ;
#716 = ADVANCED_FACE ( 'NONE', ( #1655 ), #1222, .F. ) ;
#717 = ORIENTED_EDGE ( 'NONE', *, *, #601, .F. ) ;
#718 = LINE ( 'NONE', #1260, #1029 ) ;
#719 = VERTEX_POINT ( 'NONE', #969 ) ;
#720 = CARTESIAN_POINT ( 'NONE',  ( 2.850000000000000089, 3.899999999999999911, 2.049999999999998934 ) ) ;
#721 = LINE ( 'NONE', #842, #1064 ) ;
#722 = LINE ( 'NONE', #207, #1591 ) ;
#723 = ORIENTED_EDGE ( 'NONE', *, *, #150, .F. ) ;
#724 = LINE ( 'NONE', #1382, #616 ) ;
#725 = SURFACE_SIDE_STYLE ('',( #1656 ) ) ;
#726 = ADVANCED_FACE ( 'NONE', ( #42 ), #482, .F. ) ;
#727 = VECTOR ( 'NONE', #248, 1000.000000000000000 ) ;
#728 = VECTOR ( 'NONE', #745, 1000.000000000000000 ) ;
#729 = VECTOR ( 'NONE', #1647, 1000.000000000000000 ) ;
#730 = EDGE_CURVE ( 'NONE', #1645, #342, #865, .T. ) ;
#731 = EDGE_LOOP ( 'NONE', ( #902, #458, #1084, #1659 ) ) ;
#732 = CARTESIAN_POINT ( 'NONE',  ( 3.700000000000000178, 0.0000000000000000000, 2.874999999999999556 ) ) ;
#733 = ADVANCED_FACE ( 'NONE', ( #1485 ), #594, .F. ) ;
#734 = DIRECTION ( 'NONE',  ( -1.000000000000000000, 0.0000000000000000000, 0.0000000000000000000 ) ) ;
#735 = PLANE ( 'NONE',  #1027 ) ;
#736 = VERTEX_POINT ( 'NONE', #1398 ) ;
#737 = DIRECTION ( 'NONE',  ( -0.0000000000000000000, 1.000000000000000000, -0.0000000000000000000 ) ) ;
#738 = CARTESIAN_POINT ( 'NONE',  ( -1.570000000000000284, -3.400000000000001243, 0.1799999999999998823 ) ) ;
#739 =( NAMED_UNIT ( * ) PLANE_ANGLE_UNIT ( ) SI_UNIT ( $, .RADIAN. ) );
#740 = CLOSED_SHELL ( 'NONE', ( #1062, #939, #475, #1653, #365, #1275, #396, #138, #716, #1154, #1118, #326, #1668, #413, #112, #227, #257, #995, #108, #40 ) ) ;
#741 = EDGE_LOOP ( 'NONE', ( #1646, #1068, #1416, #1614 ) ) ;
#742 = PLANE ( 'NONE',  #1549 ) ;
#743 = DIRECTION ( 'NONE',  ( 0.0000000000000000000, 0.0000000000000000000, 1.000000000000000000 ) ) ;
#744 = DIRECTION ( 'NONE',  ( 0.0000000000000000000, 0.0000000000000000000, -1.000000000000000000 ) ) ;
#745 = DIRECTION ( 'NONE',  ( 0.0000000000000000000, 0.0000000000000000000, 1.000000000000000000 ) ) ;
#746 = ORIENTED_EDGE ( 'NONE', *, *, #1395, .T. ) ;
#747 = ORIENTED_EDGE ( 'NONE', *, *, #660, .T. ) ;
#748 = EDGE_CURVE ( 'NONE', #1564, #1546, #752, .T. ) ;
#749 = ADVANCED_BREP_SHAPE_REPRESENTATION ( '7072E834-A8BD-4FD3-B0B2-1684E9A67912', ( #1487, #322, #927, #894, #1456, #617 ), #917 ) ;
#750 = DIRECTION ( 'NONE',  ( 0.0000000000000000000, -1.398970545142586295E-16, 1.000000000000000000 ) ) ;
#751 = ORIENTED_EDGE ( 'NONE', *, *, #1466, .T. ) ;
#752 = LINE ( 'NONE', #1145, #143 ) ;
#753 = VECTOR ( 'NONE', #1245, 1000.000000000000000 ) ;
#754 = EDGE_LOOP ( 'NONE', ( #1358, #5, #385, #1152, #911, #625, #92, #652 ) ) ;
#755 = VECTOR ( 'NONE', #584, 1000.000000000000000 ) ;
#756 = CARTESIAN_POINT ( 'NONE',  ( 1.569999999999999840, 2.299999999999998934, 0.1799999999999997713 ) ) ;
#757 = ADVANCED_FACE ( 'NONE', ( #106 ), #383, .F. ) ;
#758 = CARTESIAN_POINT ( 'NONE',  ( -1.750000000000000666, 7.000000000000000000, 2.875000000000000444 ) ) ;
#759 = DIRECTION ( 'NONE',  ( 0.0000000000000000000, 0.0000000000000000000, -1.000000000000000000 ) ) ;
#760 = ORIENTED_EDGE ( 'NONE', *, *, #986, .F. ) ;
#761 = VECTOR ( 'NONE', #918, 1000.000000000000000 ) ;
#762 = DIRECTION ( 'NONE',  ( 0.0000000000000000000, 0.0000000000000000000, 1.000000000000000000 ) ) ;
#763 = DIRECTION ( 'NONE',  ( 0.0000000000000000000, 0.0000000000000000000, 1.000000000000000000 ) ) ;
#764 = ORIENTED_EDGE ( 'NONE', *, *, #549, .T. ) ;
#765 = VERTEX_POINT ( 'NONE', #1413 ) ;
#766 = DIRECTION ( 'NONE',  ( 0.0000000000000000000, -0.0000000000000000000, -1.000000000000000000 ) ) ;
#767 = ADVANCED_FACE ( 'NONE', ( #230 ), #244, .F. ) ;
#768 = ORIENTED_EDGE ( 'NONE', *, *, #879, .F. ) ;
#769 = EDGE_LOOP ( 'NONE', ( #1434, #1120, #66, #560 ) ) ;
#770 = DIRECTION ( 'NONE',  ( -0.0000000000000000000, 1.398970545142586295E-16, -1.000000000000000000 ) ) ;
#771 = ORIENTED_EDGE ( 'NONE', *, *, #655, .T. ) ;
#772 = DIRECTION ( 'NONE',  ( -1.000000000000000000, 0.0000000000000000000, 1.185846126156020672E-15 ) ) ;
#773 = PLANE ( 'NONE',  #582 ) ;
#774 = ADVANCED_FACE ( 'NONE', ( #654 ), #773, .F. ) ;
#775 =( NAMED_UNIT ( * ) SI_UNIT ( $, .STERADIAN. ) SOLID_ANGLE_UNIT ( ) );
#776 = ORIENTED_EDGE ( 'NONE', *, *, #1136, .F. ) ;
#777 = AXIS2_PLACEMENT_3D ( 'NONE', #1695, #252, #766 ) ;
#778 = FACE_OUTER_BOUND ( 'NONE', #1279, .T. ) ;
#779 = CARTESIAN_POINT ( 'NONE',  ( -5.166900978251241313E-17, -3.400000000000001243, 0.3050000000000004929 ) ) ;
#780 = VECTOR ( 'NONE', #1404, 1000.000000000000000 ) ;
#781 = VECTOR ( 'NONE', #329, 1000.000000000000000 ) ;
#782 = ADVANCED_FACE ( 'NONE', ( #1533 ), #1036, .F. ) ;
#783 = AXIS2_PLACEMENT_3D ( 'NONE', #157, #1448, #1473 ) ;
#784 = DIRECTION ( 'NONE',  ( 1.000000000000000000, 0.0000000000000000000, 0.0000000000000000000 ) ) ;
#785 = DIRECTION ( 'NONE',  ( 0.0000000000000000000, 0.5000000000000008882, -0.8660254037844382635 ) ) ;
#786 = ORIENTED_EDGE ( 'NONE', *, *, #1466, .F. ) ;
#787 = CARTESIAN_POINT ( 'NONE',  ( -3.700000000000000178, 3.899999999999999911, 1.050000000000000044 ) ) ;
#788 = EDGE_LOOP ( 'NONE', ( #1494, #1679, #515, #628 ) ) ;
#789 = VECTOR ( 'NONE', #1227, 1000.000000000000227 ) ;
#790 = CARTESIAN_POINT ( 'NONE',  ( 1.570000000000000062, 2.299999999999998934, 0.8199999999999998401 ) ) ;
#791 = EDGE_LOOP ( 'NONE', ( #980, #1110, #1207, #79 ) ) ;
#792 = LINE ( 'NONE', #382, #426 ) ;
#793 = DIRECTION ( 'NONE',  ( -1.000000000000000000, 0.0000000000000000000, 1.694065894508600185E-16 ) ) ;
#794 = LINE ( 'NONE', #535, #1185 ) ;
#795 = ORIENTED_EDGE ( 'NONE', *, *, #620, .T. ) ;
#796 = LINE ( 'NONE', #666, #1000 ) ;
#797 = EDGE_CURVE ( 'NONE', #1677, #263, #1288, .T. ) ;
#798 = DIRECTION ( 'NONE',  ( 1.000000000000000000, 0.0000000000000000000, -1.694065894508599446E-16 ) ) ;
#799 = SURFACE_STYLE_USAGE ( .BOTH. , #164 ) ;
#800 = DIRECTION ( 'NONE',  ( -0.0000000000000000000, -0.0000000000000000000, 1.000000000000000000 ) ) ;
#801 = EDGE_CURVE ( 'NONE', #59, #1244, #1541, .T. ) ;
#802 = ORIENTED_EDGE ( 'NONE', *, *, #150, .T. ) ;
#803 = CARTESIAN_POINT ( 'NONE',  ( -1.750000000000000666, 3.299999999999999822, 2.049999999999999822 ) ) ;
#804 = FACE_OUTER_BOUND ( 'NONE', #754, .T. ) ;
#805 = VECTOR ( 'NONE', #52, 1000.000000000000000 ) ;
#806 = VECTOR ( 'NONE', #553, 1000.000000000000000 ) ;
#807 = DIRECTION ( 'NONE',  ( -1.000000000000000000, 0.0000000000000000000, 0.0000000000000000000 ) ) ;
#808 = LINE ( 'NONE', #1203, #1181 ) ;
#809 = AXIS2_PLACEMENT_3D ( 'NONE', #1698, #222, #1289 ) ;
#810 = EDGE_CURVE ( 'NONE', #214, #502, #369, .T. ) ;
#811 = CARTESIAN_POINT ( 'NONE',  ( -5.166900978251229603E-17, -3.400000000000001243, 0.3049999999999998268 ) ) ;
#812 = ORIENTED_EDGE ( 'NONE', *, *, #416, .T. ) ;
#813 = CARTESIAN_POINT ( 'NONE',  ( 1.749999999999999778, 7.000000000000000000, 2.875000000000000444 ) ) ;
#814 = FACE_OUTER_BOUND ( 'NONE', #304, .T. ) ;
#815 = AXIS2_PLACEMENT_3D ( 'NONE', #229, #1381, #744 ) ;
#816 = CARTESIAN_POINT ( 'NONE',  ( -0.9300000000000000488, 6.799999999999999822, 0.1799999999999997713 ) ) ;
#817 = ORIENTED_EDGE ( 'NONE', *, *, #748, .F. ) ;
#818 = CARTESIAN_POINT ( 'NONE',  ( -0.9300000000000002709, -3.400000000000001243, 0.1799999999999999933 ) ) ;
#819 = EDGE_CURVE ( 'NONE', #113, #1291, #908, .T. ) ;
#820 = ORIENTED_EDGE ( 'NONE', *, *, #213, .F. ) ;
#821 = EDGE_LOOP ( 'NONE', ( #158, #1459, #825, #760 ) ) ;
#822 = FACE_OUTER_BOUND ( 'NONE', #696, .T. ) ;
#823 = CARTESIAN_POINT ( 'NONE',  ( 0.9299999999999998268, -3.183493649053891872, 0.8199999999999999512 ) ) ;
#824 = CARTESIAN_POINT ( 'NONE',  ( -0.9300000000000000488, 2.299999999999998934, 0.1799999999999997713 ) ) ;
#825 = ORIENTED_EDGE ( 'NONE', *, *, #549, .F. ) ;
#826 = CARTESIAN_POINT ( 'NONE',  ( 3.700000000000000178, 0.0000000000000000000, -2.875000000000001332 ) ) ;
#827 = EDGE_CURVE ( 'NONE', #556, #187, #115, .T. ) ;
#828 = VERTEX_POINT ( 'NONE', #893 ) ;
#829 = DIRECTION ( 'NONE',  ( -1.000000000000000000, -0.0000000000000000000, -0.0000000000000000000 ) ) ;
#830 = CARTESIAN_POINT ( 'NONE',  ( -0.9300000000000000488, 6.799999999999999822, 0.1799999999999997713 ) ) ;
#831 = CARTESIAN_POINT ( 'NONE',  ( 0.0000000000000000000, 2.299999999999998934, 0.0000000000000000000 ) ) ;
#832 = DIRECTION ( 'NONE',  ( 0.0000000000000000000, 1.000000000000000000, -0.0000000000000000000 ) ) ;
#833 = VECTOR ( 'NONE', #554, 1000.000000000000114 ) ;
#834 = ORIENTED_EDGE ( 'NONE', *, *, #343, .T. ) ;
#835 = CARTESIAN_POINT ( 'NONE',  ( 0.9299999999999998268, -3.183493649053891872, 0.8199999999999999512 ) ) ;
#836 = VECTOR ( 'NONE', #1003, 1000.000000000000000 ) ;
#837 = VECTOR ( 'NONE', #1637, 1000.000000000000000 ) ;
#838 = PRESENTATION_LAYER_ASSIGNMENT (  '', '', ( #255 ) ) ;
#839 = CARTESIAN_POINT ( 'NONE',  ( 2.850000000000000089, 2.299999999999998934, 1.050000000000000044 ) ) ;
#840 = PLANE ( 'NONE',  #253 ) ;
#841 = EDGE_CURVE ( 'NONE', #867, #1006, #1166, .T. ) ;
#842 = CARTESIAN_POINT ( 'NONE',  ( -1.570000000000000284, -3.400000000000001243, 0.1799999999999998823 ) ) ;
#843 = DIRECTION ( 'NONE',  ( 0.0000000000000000000, 0.0000000000000000000, 1.000000000000000000 ) ) ;
#844 = ORIENTED_EDGE ( 'NONE', *, *, #213, .T. ) ;
#845 = DIRECTION ( 'NONE',  ( -1.000000000000000000, -0.0000000000000000000, -0.0000000000000000000 ) ) ;
#846 =( NAMED_UNIT ( * ) SI_UNIT ( $, .STERADIAN. ) SOLID_ANGLE_UNIT ( ) );
#847 = ORIENTED_EDGE ( 'NONE', *, *, #1676, .T. ) ;
#848 = CARTESIAN_POINT ( 'NONE',  ( 0.0000000000000000000, -3.400000000000001243, 0.0000000000000000000 ) ) ;
#849 = ADVANCED_FACE ( 'NONE', ( #1682 ), #238, .F. ) ;
#850 = CARTESIAN_POINT ( 'NONE',  ( 1.444999999999998952, 6.799999999999999822, 0.6949999999999989519 ) ) ;
#851 = ORIENTED_EDGE ( 'NONE', *, *, #404, .T. ) ;
#852 = CARTESIAN_POINT ( 'NONE',  ( -2.850000000000000089, 2.299999999999998934, 2.049999999999999822 ) ) ;
#853 = ADVANCED_FACE ( 'NONE', ( #1268 ), #509, .F. ) ;
#854 = ORIENTED_EDGE ( 'NONE', *, *, #632, .T. ) ;
#855 = DIRECTION ( 'NONE',  ( -0.4472135954999610918, 0.7745966692414800736, -0.4472135954999605367 ) ) ;
#856 = DIRECTION ( 'NONE',  ( -0.0000000000000000000, 1.000000000000000000, -0.0000000000000000000 ) ) ;
#857 = CARTESIAN_POINT ( 'NONE',  ( -0.9299999999999997158, 2.299999999999998934, 0.8199999999999998401 ) ) ;
#858 = LINE ( 'NONE', #1348, #669 ) ;
#859 = CARTESIAN_POINT ( 'NONE',  ( -3.700000000000000178, 7.000000000000000000, -2.875000000000001332 ) ) ;
#860 = VECTOR ( 'NONE', #913, 1000.000000000000000 ) ;
#861 = VECTOR ( 'NONE', #1193, 1000.000000000000000 ) ;
#862 = DIRECTION ( 'NONE',  ( -0.0000000000000000000, -1.000000000000000000, -0.0000000000000000000 ) ) ;
#863 = FACE_OUTER_BOUND ( 'NONE', #101, .T. ) ;
#864 = CARTESIAN_POINT ( 'NONE',  ( 1.570000000000000284, 0.0000000000000000000, 0.8199999999999999512 ) ) ;
#865 = LINE ( 'NONE', #60, #728 ) ;
#866 = VECTOR ( 'NONE', #481, 1000.000000000000000 ) ;
#867 = VERTEX_POINT ( 'NONE', #1295 ) ;
#868 = EDGE_CURVE ( 'NONE', #575, #427, #874, .T. ) ;
#869 = ORIENTED_EDGE ( 'NONE', *, *, #1562, .F. ) ;
#870 =( NAMED_UNIT ( * ) PLANE_ANGLE_UNIT ( ) SI_UNIT ( $, .RADIAN. ) );
#871 = CARTESIAN_POINT ( 'NONE',  ( 0.9299999999999998268, 0.0000000000000000000, 0.1799999999999998823 ) ) ;
#872 = DIRECTION ( 'NONE',  ( 0.0000000000000000000, 0.0000000000000000000, 1.000000000000000000 ) ) ;
#873 = ORIENTED_EDGE ( 'NONE', *, *, #1444, .F. ) ;
#874 = LINE ( 'NONE', #219, #1266 ) ;
#875 = ORIENTED_EDGE ( 'NONE', *, *, #87, .T. ) ;
#876 = EDGE_CURVE ( 'NONE', #919, #1224, #493, .T. ) ;
#877 = ORIENTED_EDGE ( 'NONE', *, *, #1449, .F. ) ;
#878 = PLANE ( 'NONE',  #809 ) ;
#879 = EDGE_CURVE ( 'NONE', #867, #1685, #136, .T. ) ;
#880 = PLANE ( 'NONE',  #1316 ) ;
#881 = FACE_OUTER_BOUND ( 'NONE', #119, .T. ) ;
#882 = EDGE_LOOP ( 'NONE', ( #254, #320, #323, #1281 ) ) ;
#883 = CARTESIAN_POINT ( 'NONE',  ( 1.749999999999999778, 3.299999999999999822, 2.875000000000000000 ) ) ;
#884 = ORIENTED_EDGE ( 'NONE', *, *, #525, .T. ) ;
#885 = STYLED_ITEM ( 'NONE', ( #1211 ), #927 ) ;
#886 = VECTOR ( 'NONE', #1620, 1000.000000000000000 ) ;
#887 = ORIENTED_EDGE ( 'NONE', *, *, #1617, .T. ) ;
#888 = AXIS2_PLACEMENT_3D ( 'NONE', #1277, #630, #1551 ) ;
#889 = FACE_OUTER_BOUND ( 'NONE', #903, .T. ) ;
#890 = PLANE ( 'NONE',  #558 ) ;
#891 = EDGE_CURVE ( 'NONE', #511, #1215, #695, .T. ) ;
#892 = PLANE ( 'NONE',  #1146 ) ;
#893 = CARTESIAN_POINT ( 'NONE',  ( 1.054999999999999938, -3.400000000000001243, 0.6949999999999998401 ) ) ;
#894 = MANIFOLD_SOLID_BREP ( 'Chamfer4', #34 ) ;
#895 = ORIENTED_EDGE ( 'NONE', *, *, #1031, .T. ) ;
#896 = ORIENTED_EDGE ( 'NONE', *, *, #868, .T. ) ;
#897 = DIRECTION ( 'NONE',  ( 0.0000000000000000000, -0.0000000000000000000, -1.000000000000000000 ) ) ;
#898 = EDGE_CURVE ( 'NONE', #62, #1692, #425, .T. ) ;
#899 = ORIENTED_EDGE ( 'NONE', *, *, #436, .T. ) ;
#900 = CARTESIAN_POINT ( 'NONE',  ( -2.850000000000000089, 3.899999999999999911, 2.049999999999999822 ) ) ;
#901 = CARTESIAN_POINT ( 'NONE',  ( 1.444999999999999396, -3.400000000000001243, -9.791700870259709947E-16 ) ) ;
#902 = ORIENTED_EDGE ( 'NONE', *, *, #1508, .T. ) ;
#903 = EDGE_LOOP ( 'NONE', ( #1098, #639, #321, #501, #236, #609, #999, #1158 ) ) ;
#904 = EDGE_CURVE ( 'NONE', #214, #1082, #1457, .T. ) ;
#905 = DIRECTION ( 'NONE',  ( -3.388131789017200370E-16, -0.0000000000000000000, -1.000000000000000000 ) ) ;
#906 = ORIENTED_EDGE ( 'NONE', *, *, #674, .F. ) ;
#907 = LINE ( 'NONE', #1445, #1380 ) ;
#908 = LINE ( 'NONE', #901, #360 ) ;
#909 = CARTESIAN_POINT ( 'NONE',  ( 3.700000000000000178, 6.999999999999999112, 1.050000000000000044 ) ) ;
#910 = EDGE_CURVE ( 'NONE', #1006, #1699, #1433, .T. ) ;
#911 = ORIENTED_EDGE ( 'NONE', *, *, #536, .T. ) ;
#912 =( GEOMETRIC_REPRESENTATION_CONTEXT ( 3 ) GLOBAL_UNCERTAINTY_ASSIGNED_CONTEXT ( ( #608 ) ) GLOBAL_UNIT_ASSIGNED_CONTEXT ( ( #924, #262, #1304 ) ) REPRESENTATION_CONTEXT ( 'NONE', 'WORKASPACE' ) );
#913 = DIRECTION ( 'NONE',  ( 0.0000000000000000000, 0.0000000000000000000, -1.000000000000000000 ) ) ;
#914 = VECTOR ( 'NONE', #498, 1000.000000000000000 ) ;
#915 = VECTOR ( 'NONE', #1085, 1000.000000000000000 ) ;
#916 = UNCERTAINTY_MEASURE_WITH_UNIT (LENGTH_MEASURE( 1.000000000000000082E-05 ), #941, 'distance_accuracy_value', 'NONE');
#917 =( GEOMETRIC_REPRESENTATION_CONTEXT ( 3 ) GLOBAL_UNCERTAINTY_ASSIGNED_CONTEXT ( ( #658 ) ) GLOBAL_UNIT_ASSIGNED_CONTEXT ( ( #1374, #739, #989 ) ) REPRESENTATION_CONTEXT ( 'NONE', 'WORKASPACE' ) );
#918 = DIRECTION ( 'NONE',  ( -0.0000000000000000000, -0.0000000000000000000, -1.000000000000000000 ) ) ;
#919 = VERTEX_POINT ( 'NONE', #391 ) ;
#920 = ORIENTED_EDGE ( 'NONE', *, *, #1078, .F. ) ;
#921 = DIRECTION ( 'NONE',  ( -1.694065894508600185E-16, 0.0000000000000000000, -1.000000000000000000 ) ) ;
#922 = CARTESIAN_POINT ( 'NONE',  ( 1.444999999999998730, 6.799999999999999822, -4.895850435129850043E-16 ) ) ;
#923 = FACE_OUTER_BOUND ( 'NONE', #631, .T. ) ;
#924 =( LENGTH_UNIT ( ) NAMED_UNIT ( * ) SI_UNIT ( .MILLI., .METRE. ) );
#925 = DIRECTION ( 'NONE',  ( 0.0000000000000000000, 0.0000000000000000000, 1.000000000000000000 ) ) ;
#926 = PRODUCT ( '7072E834-A8BD-4FD3-B0B2-1684E9A67912', '7072E834-A8BD-4FD3-B0B2-1684E9A67912', '', ( #975 ) ) ;
#927 = MANIFOLD_SOLID_BREP ( 'Chamfer1', #512 ) ;
#928 = ORIENTED_EDGE ( 'NONE', *, *, #72, .F. ) ;
#929 = DIRECTION ( 'NONE',  ( -3.388131789017200370E-16, 0.0000000000000000000, -1.000000000000000000 ) ) ;
#930 = CARTESIAN_POINT ( 'NONE',  ( -0.9299999999999994937, -3.400000000000001243, 0.8199999999999999512 ) ) ;
#931 = DIRECTION ( 'NONE',  ( 0.0000000000000000000, 0.0000000000000000000, -1.000000000000000000 ) ) ;
#932 = CARTESIAN_POINT ( 'NONE',  ( -2.849999999999999645, 6.999999999999999112, 1.050000000000000044 ) ) ;
#933 = VERTEX_POINT ( 'NONE', #1058 ) ;
#934 = DIRECTION ( 'NONE',  ( -0.0000000000000000000, 1.000000000000000000, -0.0000000000000000000 ) ) ;
#935 = FACE_OUTER_BOUND ( 'NONE', #100, .T. ) ;
#936 =( GEOMETRIC_REPRESENTATION_CONTEXT ( 3 ) GLOBAL_UNCERTAINTY_ASSIGNED_CONTEXT ( ( #916 ) ) GLOBAL_UNIT_ASSIGNED_CONTEXT ( ( #941, #662, #408 ) ) REPRESENTATION_CONTEXT ( 'NONE', 'WORKASPACE' ) );
#937 = VECTOR ( 'NONE', #905, 1000.000000000000000 ) ;
#938 = VECTOR ( 'NONE', #1417, 1000.000000000000000 ) ;
#939 = ADVANCED_FACE ( 'NONE', ( #286 ), #275, .F. ) ;
#940 = CARTESIAN_POINT ( 'NONE',  ( -1.444999999999999618, 6.799999999999999822, 0.0000000000000000000 ) ) ;
#941 =( LENGTH_UNIT ( ) NAMED_UNIT ( * ) SI_UNIT ( .MILLI., .METRE. ) );
#942 = AXIS2_PLACEMENT_3D ( 'NONE', #500, #785, #623 ) ;
#943 = DIRECTION ( 'NONE',  ( 0.0000000000000000000, 0.0000000000000000000, 1.000000000000000000 ) ) ;
#944 = VERTEX_POINT ( 'NONE', #1446 ) ;
#945 = ORIENTED_EDGE ( 'NONE', *, *, #1177, .T. ) ;
#946 = DIRECTION ( 'NONE',  ( 0.0000000000000000000, -1.000000000000000000, -1.172110456741085828E-16 ) ) ;
#947 = CARTESIAN_POINT ( 'NONE',  ( -5.166900978251241313E-17, -3.400000000000001243, 0.3050000000000004929 ) ) ;
#948 = AXIS2_PLACEMENT_3D ( 'NONE', #328, #1397, #209 ) ;
#949 = CARTESIAN_POINT ( 'NONE',  ( -1.155999999999995698, 7.300562683387405549, 0.5940000000000043023 ) ) ;
#950 = DIRECTION ( 'NONE',  ( -0.0000000000000000000, -1.000000000000000000, -0.0000000000000000000 ) ) ;
#951 = ORIENTED_EDGE ( 'NONE', *, *, #1447, .F. ) ;
#952 = CARTESIAN_POINT ( 'NONE',  ( -1.570000000000000284, -3.183493649053891428, 0.1799999999999998823 ) ) ;
#953 = ORIENTED_EDGE ( 'NONE', *, *, #449, .T. ) ;
#954 = EDGE_CURVE ( 'NONE', #502, #187, #808, .T. ) ;
#955 = ORIENTED_EDGE ( 'NONE', *, *, #898, .T. ) ;
#956 = LINE ( 'NONE', #12, #1345 ) ;
#957 = SURFACE_STYLE_FILL_AREA ( #432 ) ;
#958 = FACE_OUTER_BOUND ( 'NONE', #1426, .T. ) ;
#959 = ORIENTED_EDGE ( 'NONE', *, *, #976, .F. ) ;
#960 = CARTESIAN_POINT ( 'NONE',  ( -1.570000000000000284, 6.799999999999999822, 0.8199999999999999512 ) ) ;
#961 = EDGE_CURVE ( 'NONE', #1168, #1042, #1073, .T. ) ;
#962 = ORIENTED_EDGE ( 'NONE', *, *, #449, .F. ) ;
#963 = CARTESIAN_POINT ( 'NONE',  ( 3.700000000000000178, 7.000000000000000000, 2.874999999999999556 ) ) ;
#964 = FACE_OUTER_BOUND ( 'NONE', #1061, .T. ) ;
#965 = LINE ( 'NONE', #940, #179 ) ;
#966 = LINE ( 'NONE', #312, #447 ) ;
#967 = COLOUR_RGB ( '',0.8274509803921568096, 0.8392156862745098200, 0.8274509803921568096 ) ;
#968 = ORIENTED_EDGE ( 'NONE', *, *, #514, .F. ) ;
#969 = CARTESIAN_POINT ( 'NONE',  ( -3.700000000000000178, 0.0000000000000000000, 2.874999999999999556 ) ) ;
#970 = VECTOR ( 'NONE', #1263, 1000.000000000000000 ) ;
#971 = EDGE_CURVE ( 'NONE', #972, #575, #722, .T. ) ;
#972 = VERTEX_POINT ( 'NONE', #1513 ) ;
#973 = LINE ( 'NONE', #1317, #806 ) ;
#974 = DIRECTION ( 'NONE',  ( 0.8660254037844353769, -0.5000000000000057732, 0.0000000000000000000 ) ) ;
#975 = PRODUCT_CONTEXT ( 'NONE', #372, 'mechanical' ) ;
#976 = EDGE_CURVE ( 'NONE', #16, #340, #469, .T. ) ;
#977 = SURFACE_STYLE_USAGE ( .BOTH. , #154 ) ;
#978 = LINE ( 'NONE', #461, #476 ) ;
#979 = VECTOR ( 'NONE', #1165, 1000.000000000000000 ) ;
#980 = ORIENTED_EDGE ( 'NONE', *, *, #1332, .T. ) ;
#981 = CARTESIAN_POINT ( 'NONE',  ( 3.700000000000000178, 7.000000000000000000, -2.875000000000001332 ) ) ;
#982 = EDGE_LOOP ( 'NONE', ( #812, #1573, #1580, #677 ) ) ;
#983 = CARTESIAN_POINT ( 'NONE',  ( 1.054999999999999938, -3.400000000000001243, 0.3049999999999999933 ) ) ;
#984 = LINE ( 'NONE', #1501, #1425 ) ;
#985 = CARTESIAN_POINT ( 'NONE',  ( -1.750000000000000666, 3.299999999999999822, 2.875000000000000000 ) ) ;
#986 = EDGE_CURVE ( 'NONE', #399, #1143, #319, .T. ) ;
#987 = ORIENTED_EDGE ( 'NONE', *, *, #1310, .F. ) ;
#988 = DIRECTION ( 'NONE',  ( 1.000000000000000000, -0.0000000000000000000, -1.694065894508599446E-16 ) ) ;
#989 =( NAMED_UNIT ( * ) SI_UNIT ( $, .STERADIAN. ) SOLID_ANGLE_UNIT ( ) );
#990 = ORIENTED_EDGE ( 'NONE', *, *, #504, .F. ) ;
#991 = ORIENTED_EDGE ( 'NONE', *, *, #1301, .F. ) ;
#992 = CARTESIAN_POINT ( 'NONE',  ( 1.055000000000000826, 6.799999999999999822, 0.0000000000000000000 ) ) ;
#993 = DIRECTION ( 'NONE',  ( 0.0000000000000000000, -1.000000000000000000, 0.0000000000000000000 ) ) ;
#994 = CARTESIAN_POINT ( 'NONE',  ( -2.849999999999999645, 6.999999999999999112, -2.049999999999999378 ) ) ;
#995 = ADVANCED_FACE ( 'NONE', ( #1236 ), #335, .F. ) ;
#996 = VERTEX_POINT ( 'NONE', #1605 ) ;
#997 = CARTESIAN_POINT ( 'NONE',  ( -1.570000000000000284, 2.299999999999998934, 0.1799999999999998823 ) ) ;
#998 = FILL_AREA_STYLE_COLOUR ( '', #1162 ) ;
#999 = ORIENTED_EDGE ( 'NONE', *, *, #1609, .F. ) ;
#1000 = VECTOR ( 'NONE', #539, 1000.000000000000000 ) ;
#1001 = VECTOR ( 'NONE', #1616, 1000.000000000000000 ) ;
#1002 = ORIENTED_EDGE ( 'NONE', *, *, #51, .T. ) ;
#1003 = DIRECTION ( 'NONE',  ( -0.0000000000000000000, -1.000000000000000000, -0.0000000000000000000 ) ) ;
#1004 = DIRECTION ( 'NONE',  ( -1.000000000000000000, -0.0000000000000000000, -0.0000000000000000000 ) ) ;
#1005 = CARTESIAN_POINT ( 'NONE',  ( 0.0000000000000000000, 0.0000000000000000000, 0.0000000000000000000 ) ) ;
#1006 = VERTEX_POINT ( 'NONE', #1502 ) ;
#1007 = FACE_OUTER_BOUND ( 'NONE', #204, .T. ) ;
#1008 = FILL_AREA_STYLE ('',( #998 ) ) ;
#1009 = AXIS2_PLACEMENT_3D ( 'NONE', #261, #376, #135 ) ;
#1010 = ORIENTED_EDGE ( 'NONE', *, *, #876, .F. ) ;
#1011 = ADVANCED_FACE ( 'NONE', ( #1247 ), #735, .F. ) ;
#1012 = EDGE_CURVE ( 'NONE', #944, #1305, #48, .T. ) ;
#1013 = EDGE_LOOP ( 'NONE', ( #351, #189, #1392, #621 ) ) ;
#1014 = DIRECTION ( 'NONE',  ( 0.0000000000000000000, 0.0000000000000000000, 1.000000000000000000 ) ) ;
#1015 = CARTESIAN_POINT ( 'NONE',  ( -0.9299999999999994937, 0.0000000000000000000, 0.8199999999999999512 ) ) ;
#1016 = ORIENTED_EDGE ( 'NONE', *, *, #954, .T. ) ;
#1017 = DIRECTION ( 'NONE',  ( 0.0000000000000000000, -0.0000000000000000000, 1.000000000000000000 ) ) ;
#1018 = CARTESIAN_POINT ( 'NONE',  ( -0.9940000000000005498, -3.294344900738300108, 0.2440000000000004388 ) ) ;
#1019 = ORIENTED_EDGE ( 'NONE', *, *, #1265, .F. ) ;
#1020 = EDGE_CURVE ( 'NONE', #972, #22, #600, .T. ) ;
#1021 = ORIENTED_EDGE ( 'NONE', *, *, #910, .T. ) ;
#1022 = CARTESIAN_POINT ( 'NONE',  ( 3.700000000000000178, 3.899999999999999911, 2.049999999999999822 ) ) ;
#1023 = CARTESIAN_POINT ( 'NONE',  ( -3.700000000000000178, 7.000000000000000000, 2.050000000000000266 ) ) ;
#1024 = LINE ( 'NONE', #355, #1354 ) ;
#1025 = CARTESIAN_POINT ( 'NONE',  ( 0.9299999999999998268, 6.799999999999999822, 0.1799999999999998823 ) ) ;
#1026 = ORIENTED_EDGE ( 'NONE', *, *, #504, .T. ) ;
#1027 = AXIS2_PLACEMENT_3D ( 'NONE', #1356, #1370, #1220 ) ;
#1028 = VECTOR ( 'NONE', #441, 1000.000000000000000 ) ;
#1029 = VECTOR ( 'NONE', #988, 1000.000000000000000 ) ;
#1030 = ORIENTED_EDGE ( 'NONE', *, *, #841, .T. ) ;
#1031 = EDGE_CURVE ( 'NONE', #1552, #1436, #433, .T. ) ;
#1032 = DIRECTION ( 'NONE',  ( 1.000000000000000000, 0.0000000000000000000, -0.0000000000000000000 ) ) ;
#1033 = EDGE_CURVE ( 'NONE', #457, #113, #1493, .T. ) ;
#1034 = VERTEX_POINT ( 'NONE', #850 ) ;
#1035 = DIRECTION ( 'NONE',  ( 1.000000000000000000, 0.0000000000000000000, -1.694065894508600185E-16 ) ) ;
#1036 = PLANE ( 'NONE',  #1108 ) ;
#1037 = ADVANCED_FACE ( 'NONE', ( #958 ), #1093, .F. ) ;
#1038 = VERTEX_POINT ( 'NONE', #1642 ) ;
#1039 = ORIENTED_EDGE ( 'NONE', *, *, #1376, .T. ) ;
#1040 = LINE ( 'NONE', #1707, #643 ) ;
#1041 = LINE ( 'NONE', #756, #937 ) ;
#1042 = VERTEX_POINT ( 'NONE', #1363 ) ;
#1043 = CARTESIAN_POINT ( 'NONE',  ( 1.749999999999999778, 3.299999999999999822, 2.875000000000000000 ) ) ;
#1044 = CARTESIAN_POINT ( 'NONE',  ( 1.749999999999999778, 7.000000000000000000, 2.875000000000000444 ) ) ;
#1045 = EDGE_LOOP ( 'NONE', ( #220, #896, #751, #346 ) ) ;
#1046 = DIRECTION ( 'NONE',  ( 1.000000000000000000, 0.0000000000000000000, -1.694065894508599446E-16 ) ) ;
#1047 = ORIENTED_EDGE ( 'NONE', *, *, #1324, .F. ) ;
#1048 = CARTESIAN_POINT ( 'NONE',  ( 0.0000000000000000000, -3.400000000000001243, 0.6949999999999996181 ) ) ;
#1049 = DIRECTION ( 'NONE',  ( -0.4472135954999588714, -0.7745966692414826271, -0.4472135954999583718 ) ) ;
#1050 = EDGE_CURVE ( 'NONE', #437, #1006, #1471, .T. ) ;
#1051 = LINE ( 'NONE', #663, #729 ) ;
#1052 = VECTOR ( 'NONE', #862, 1000.000000000000000 ) ;
#1053 = DIRECTION ( 'NONE',  ( 0.0000000000000000000, 0.0000000000000000000, 1.000000000000000000 ) ) ;
#1054 = AXIS2_PLACEMENT_3D ( 'NONE', #1214, #1441, #269 ) ;
#1055 = AXIS2_PLACEMENT_3D ( 'NONE', #348, #314, #1615 ) ;
#1056 = ORIENTED_EDGE ( 'NONE', *, *, #1012, .F. ) ;
#1057 = PLANE ( 'NONE',  #1578 ) ;
#1058 = CARTESIAN_POINT ( 'NONE',  ( 3.700000000000000178, 7.000000000000000000, 2.050000000000000266 ) ) ;
#1059 = EDGE_LOOP ( 'NONE', ( #1681, #854, #122, #1590, #1267, #67, #1129, #895 ) ) ;
#1060 = EDGE_CURVE ( 'NONE', #367, #1229, #1346, .T. ) ;
#1061 = EDGE_LOOP ( 'NONE', ( #1409, #1213, #1431, #1322 ) ) ;
#1062 = ADVANCED_FACE ( 'NONE', ( #1626 ), #1613, .T. ) ;
#1063 = EDGE_CURVE ( 'NONE', #1645, #1697, #978, .T. ) ;
#1064 = VECTOR ( 'NONE', #47, 1000.000000000000000 ) ;
#1065 = CARTESIAN_POINT ( 'NONE',  ( -1.305999999999997829, 7.040755062252073593, 0.5559999999999980513 ) ) ;
#1066 = CARTESIAN_POINT ( 'NONE',  ( -2.849999999999999645, 6.999999999999999112, -2.049999999999999378 ) ) ;
#1067 = CARTESIAN_POINT ( 'NONE',  ( 3.700000000000000178, 3.899999999999999911, 2.049999999999999822 ) ) ;
#1068 = ORIENTED_EDGE ( 'NONE', *, *, #1596, .F. ) ;
#1069 = EDGE_CURVE ( 'NONE', #165, #1410, #325, .T. ) ;
#1070 = PLANE ( 'NONE',  #1482 ) ;
#1071 = CARTESIAN_POINT ( 'NONE',  ( 1.445000000000000062, -3.400000000000001243, 0.6949999999999998401 ) ) ;
#1072 = DIRECTION ( 'NONE',  ( 1.000000000000000000, 0.0000000000000000000, -0.0000000000000000000 ) ) ;
#1073 = LINE ( 'NONE', #184, #445 ) ;
#1074 = LINE ( 'NONE', #960, #1401 ) ;
#1075 = ORIENTED_EDGE ( 'NONE', *, *, #163, .F. ) ;
#1076 = CARTESIAN_POINT ( 'NONE',  ( -0.9299999999999994937, -3.183493649053891428, 0.8199999999999999512 ) ) ;
#1077 = FACE_OUTER_BOUND ( 'NONE', #1013, .T. ) ;
#1078 = EDGE_CURVE ( 'NONE', #26, #719, #966, .T. ) ;
#1079 = VECTOR ( 'NONE', #793, 1000.000000000000000 ) ;
#1080 = VECTOR ( 'NONE', #160, 1000.000000000000000 ) ;
#1081 = PLANE ( 'NONE',  #148 ) ;
#1082 = VERTEX_POINT ( 'NONE', #1547 ) ;
#1083 = PLANE ( 'NONE',  #1545 ) ;
#1084 = ORIENTED_EDGE ( 'NONE', *, *, #676, .T. ) ;
#1085 = DIRECTION ( 'NONE',  ( 9.227252531791526626E-17, 1.000000000000000000, 0.0000000000000000000 ) ) ;
#1086 = LINE ( 'NONE', #1378, #836 ) ;
#1087 = SHAPE_DEFINITION_REPRESENTATION ( #170, #749 ) ;
#1088 = EDGE_CURVE ( 'NONE', #462, #589, #641, .T. ) ;
#1089 = ORIENTED_EDGE ( 'NONE', *, *, #1536, .F. ) ;
#1090 = DIRECTION ( 'NONE',  ( 0.0000000000000000000, 1.000000000000000000, 0.0000000000000000000 ) ) ;
#1091 = DIRECTION ( 'NONE',  ( 0.0000000000000000000, -1.000000000000000000, 0.0000000000000000000 ) ) ;
#1092 = CARTESIAN_POINT ( 'NONE',  ( -2.850000000000000089, 2.299999999999998934, 2.049999999999999822 ) ) ;
#1093 = PLANE ( 'NONE',  #332 ) ;
#1094 = ORIENTED_EDGE ( 'NONE', *, *, #543, .F. ) ;
#1095 = LINE ( 'NONE', #77, #1160 ) ;
#1096 = LINE ( 'NONE', #952, #479 ) ;
#1097 = EDGE_CURVE ( 'NONE', #44, #602, #217, .T. ) ;
#1098 = ORIENTED_EDGE ( 'NONE', *, *, #287, .T. ) ;
#1099 = DIRECTION ( 'NONE',  ( 0.0000000000000000000, 1.000000000000000000, 0.0000000000000000000 ) ) ;
#1100 = CARTESIAN_POINT ( 'NONE',  ( -1.055000000000000826, -3.400000000000001243, 1.251067663094602784E-15 ) ) ;
#1101 = ADVANCED_FACE ( 'NONE', ( #1264 ), #1280, .F. ) ;
#1102 = FILL_AREA_STYLE ('',( #714 ) ) ;
#1103 = CARTESIAN_POINT ( 'NONE',  ( 3.700000000000000178, 3.899999999999999911, 1.050000000000000044 ) ) ;
#1104 = VECTOR ( 'NONE', #1389, 1000.000000000000000 ) ;
#1105 = EDGE_LOOP ( 'NONE', ( #1124, #1010, #527, #771 ) ) ;
#1106 = CARTESIAN_POINT ( 'NONE',  ( 1.305999999999996719, 7.040755062252074481, 0.5559999999999966080 ) ) ;
#1107 =( GEOMETRIC_REPRESENTATION_CONTEXT ( 3 ) GLOBAL_UNCERTAINTY_ASSIGNED_CONTEXT ( ( #1187 ) ) GLOBAL_UNIT_ASSIGNED_CONTEXT ( ( #615, #870, #205 ) ) REPRESENTATION_CONTEXT ( 'NONE', 'WORKASPACE' ) );
#1108 = AXIS2_PLACEMENT_3D ( 'NONE', #1025, #377, #1558 ) ;
#1109 = EDGE_CURVE ( 'NONE', #511, #399, #103, .T. ) ;
#1110 = ORIENTED_EDGE ( 'NONE', *, *, #1422, .F. ) ;
#1111 = CARTESIAN_POINT ( 'NONE',  ( 5.166900978251233301E-17, 6.799999999999999822, 0.3050000000000001599 ) ) ;
#1112 = CARTESIAN_POINT ( 'NONE',  ( 0.9299999999999998268, 6.799999999999999822, 0.8199999999999999512 ) ) ;
#1113 = DIRECTION ( 'NONE',  ( 0.0000000000000000000, 0.5000000000000007772, -0.8660254037844382635 ) ) ;
#1114 = ORIENTED_EDGE ( 'NONE', *, *, #1063, .F. ) ;
#1115 = CARTESIAN_POINT ( 'NONE',  ( -3.700000000000000178, 6.999999999999999112, 1.050000000000000044 ) ) ;
#1116 = ORIENTED_EDGE ( 'NONE', *, *, #704, .T. ) ;
#1117 = LINE ( 'NONE', #720, #1542 ) ;
#1118 = ADVANCED_FACE ( 'NONE', ( #111 ), #1163, .F. ) ;
#1119 = DIRECTION ( 'NONE',  ( -0.0000000000000000000, -1.000000000000000000, -0.0000000000000000000 ) ) ;
#1120 = ORIENTED_EDGE ( 'NONE', *, *, #638, .F. ) ;
#1121 = FACE_OUTER_BOUND ( 'NONE', #1672, .T. ) ;
#1122 = LINE ( 'NONE', #210, #781 ) ;
#1123 = DIRECTION ( 'NONE',  ( -1.000000000000000000, 0.0000000000000000000, 0.0000000000000000000 ) ) ;
#1124 = ORIENTED_EDGE ( 'NONE', *, *, #1232, .T. ) ;
#1125 = ORIENTED_EDGE ( 'NONE', *, *, #1449, .T. ) ;
#1126 = ADVANCED_FACE ( 'NONE', ( #881 ), #890, .F. ) ;
#1127 = FACE_OUTER_BOUND ( 'NONE', #371, .T. ) ;
#1128 = DIRECTION ( 'NONE',  ( -1.467104100329256705E-16, 0.5000000000000007772, 0.8660254037844382635 ) ) ;
#1129 = ORIENTED_EDGE ( 'NONE', *, *, #1506, .T. ) ;
#1130 = EDGE_CURVE ( 'NONE', #511, #59, #94, .T. ) ;
#1131 = EDGE_CURVE ( 'NONE', #1244, #399, #1041, .T. ) ;
#1132 = CARTESIAN_POINT ( 'NONE',  ( 0.9299999999999998268, -3.400000000000001243, 0.1799999999999998823 ) ) ;
#1133 = DIRECTION ( 'NONE',  ( -0.4472135954999619800, 0.7745966692414787413, -0.4472135954999617025 ) ) ;
#1134 = ORIENTED_EDGE ( 'NONE', *, *, #1606, .T. ) ;
#1135 = VECTOR ( 'NONE', #829, 1000.000000000000000 ) ;
#1136 = EDGE_CURVE ( 'NONE', #1692, #1523, #490, .T. ) ;
#1137 = VECTOR ( 'NONE', #290, 1000.000000000000000 ) ;
#1138 = ORIENTED_EDGE ( 'NONE', *, *, #1069, .F. ) ;
#1139 = SURFACE_STYLE_USAGE ( .BOTH. , #1387 ) ;
#1140 =( NAMED_UNIT ( * ) PLANE_ANGLE_UNIT ( ) SI_UNIT ( $, .RADIAN. ) );
#1141 = CARTESIAN_POINT ( 'NONE',  ( 1.569999999999999840, 6.583493649053891339, 0.1799999999999997713 ) ) ;
#1142 = UNCERTAINTY_MEASURE_WITH_UNIT (LENGTH_MEASURE( 1.000000000000000082E-05 ), #1520, 'distance_accuracy_value', 'NONE');
#1143 = VERTEX_POINT ( 'NONE', #634 ) ;
#1144 = FACE_OUTER_BOUND ( 'NONE', #1239, .T. ) ;
#1145 = CARTESIAN_POINT ( 'NONE',  ( -2.849999999999999645, 6.999999999999999112, 1.050000000000000044 ) ) ;
#1146 = AXIS2_PLACEMENT_3D ( 'NONE', #1407, #516, #533 ) ;
#1147 = ORIENTED_EDGE ( 'NONE', *, *, #1170, .F. ) ;
#1148 = DIRECTION ( 'NONE',  ( 0.0000000000000000000, -1.000000000000000000, 0.0000000000000000000 ) ) ;
#1149 = PLANE ( 'NONE',  #532 ) ;
#1150 = VERTEX_POINT ( 'NONE', #1555 ) ;
#1151 = DIRECTION ( 'NONE',  ( 6.776263578034403699E-16, 0.0000000000000000000, 1.000000000000000000 ) ) ;
#1152 = ORIENTED_EDGE ( 'NONE', *, *, #574, .F. ) ;
#1153 = ORIENTED_EDGE ( 'NONE', *, *, #1635, .T. ) ;
#1154 = ADVANCED_FACE ( 'NONE', ( #627 ), #1149, .T. ) ;
#1155 = CARTESIAN_POINT ( 'NONE',  ( 2.850000000000000089, 2.299999999999998934, 2.049999999999998934 ) ) ;
#1156 = EDGE_LOOP ( 'NONE', ( #474, #633, #1147, #308 ) ) ;
#1157 = DIRECTION ( 'NONE',  ( -1.000000000000000000, 0.0000000000000000000, -0.0000000000000000000 ) ) ;
#1158 = ORIENTED_EDGE ( 'NONE', *, *, #416, .F. ) ;
#1159 = VECTOR ( 'NONE', #770, 1000.000000000000000 ) ;
#1160 = VECTOR ( 'NONE', #845, 1000.000000000000000 ) ;
#1161 = ORIENTED_EDGE ( 'NONE', *, *, #264, .T. ) ;
#1162 = COLOUR_RGB ( '',0.7921568627450980005, 0.8196078431372548767, 0.9333333333333333481 ) ;
#1163 = PLANE ( 'NONE',  #419 ) ;
#1164 = VERTEX_POINT ( 'NONE', #1411 ) ;
#1165 = DIRECTION ( 'NONE',  ( -1.000000000000000000, -0.0000000000000000000, 1.694065894508600185E-16 ) ) ;
#1166 = LINE ( 'NONE', #1391, #1680 ) ;
#1167 = VECTOR ( 'NONE', #1287, 1000.000000000000000 ) ;
#1168 = VERTEX_POINT ( 'NONE', #1023 ) ;
#1169 = CARTESIAN_POINT ( 'NONE',  ( 2.850000000000000089, 2.299999999999998934, 2.049999999999998934 ) ) ;
#1170 = EDGE_CURVE ( 'NONE', #1442, #16, #1530, .T. ) ;
#1171 = VERTEX_POINT ( 'NONE', #234 ) ;
#1172 = CARTESIAN_POINT ( 'NONE',  ( 1.177375796683475499E-16, 6.799999999999999822, 0.6949999999999992850 ) ) ;
#1173 = CARTESIAN_POINT ( 'NONE',  ( 1.570000000000000062, 6.799999999999999822, 0.8199999999999998401 ) ) ;
#1174 = DIRECTION ( 'NONE',  ( -1.185846126156020672E-15, 0.0000000000000000000, -1.000000000000000000 ) ) ;
#1175 = ORIENTED_EDGE ( 'NONE', *, *, #1191, .T. ) ;
#1176 = CARTESIAN_POINT ( 'NONE',  ( -3.700000000000000178, 7.000000000000000000, -2.875000000000001332 ) ) ;
#1177 = EDGE_CURVE ( 'NONE', #231, #1548, #505, .T. ) ;
#1178 = LINE ( 'NONE', #243, #648 ) ;
#1179 = ADVANCED_FACE ( 'NONE', ( #513 ), #1678, .T. ) ;
#1180 = ORIENTED_EDGE ( 'NONE', *, *, #1562, .T. ) ;
#1181 = VECTOR ( 'NONE', #550, 1000.000000000000000 ) ;
#1182 = PRESENTATION_LAYER_ASSIGNMENT (  '', '', ( #226 ) ) ;
#1183 = CARTESIAN_POINT ( 'NONE',  ( -0.9300000000000000488, 6.583493649053891339, 0.1799999999999997713 ) ) ;
#1184 = CARTESIAN_POINT ( 'NONE',  ( -3.700000000000000178, 3.899999999999999911, 2.049999999999999822 ) ) ;
#1185 = VECTOR ( 'NONE', #1174, 1000.000000000000000 ) ;
#1186 = VECTOR ( 'NONE', #405, 1000.000000000000000 ) ;
#1187 = UNCERTAINTY_MEASURE_WITH_UNIT (LENGTH_MEASURE( 1.000000000000000082E-05 ), #615, 'distance_accuracy_value', 'NONE');
#1188 = DIRECTION ( 'NONE',  ( 0.0000000000000000000, 0.0000000000000000000, 1.000000000000000000 ) ) ;
#1189 = CARTESIAN_POINT ( 'NONE',  ( 1.506000000000000227, 6.694344900738297355, 0.2439999999999994118 ) ) ;
#1190 = CARTESIAN_POINT ( 'NONE',  ( 3.700000000000000178, 7.000000000000000000, -2.875000000000001332 ) ) ;
#1191 = EDGE_CURVE ( 'NONE', #349, #1034, #380, .T. ) ;
#1192 = ORIENTED_EDGE ( 'NONE', *, *, #638, .T. ) ;
#1193 = DIRECTION ( 'NONE',  ( 1.000000000000000000, -0.0000000000000000000, 1.694065894508600925E-16 ) ) ;
#1194 = CARTESIAN_POINT ( 'NONE',  ( 0.8439999999999967528, 6.434537279602965398, 0.09399999999999694711 ) ) ;
#1195 = CARTESIAN_POINT ( 'NONE',  ( 3.700000000000000178, 7.000000000000000000, 2.874999999999999556 ) ) ;
#1196 = LINE ( 'NONE', #15, #1242 ) ;
#1197 = ADVANCED_FACE ( 'NONE', ( #1649 ), #480, .T. ) ;
#1198 = VERTEX_POINT ( 'NONE', #529 ) ;
#1199 = CARTESIAN_POINT ( 'NONE',  ( -1.750000000000000666, 3.299999999999999822, 2.049999999999999822 ) ) ;
#1200 = LINE ( 'NONE', #1194, #833 ) ;
#1201 = EDGE_CURVE ( 'NONE', #828, #1442, #1335, .T. ) ;
#1202 = EDGE_CURVE ( 'NONE', #1038, #511, #13, .T. ) ;
#1203 = CARTESIAN_POINT ( 'NONE',  ( -1.055000000000000826, -3.400000000000001243, 1.251067663094602784E-15 ) ) ;
#1204 = VERTEX_POINT ( 'NONE', #546 ) ;
#1205 = CARTESIAN_POINT ( 'NONE',  ( 2.850000000000000089, 3.899999999999999911, 2.049999999999998934 ) ) ;
#1206 = VERTEX_POINT ( 'NONE', #1184 ) ;
#1207 = ORIENTED_EDGE ( 'NONE', *, *, #99, .T. ) ;
#1208 = PLANE ( 'NONE',  #1593 ) ;
#1209 = PLANE ( 'NONE',  #307 ) ;
#1210 = AXIS2_PLACEMENT_3D ( 'NONE', #779, #1128, #1418 ) ;
#1211 = PRESENTATION_STYLE_ASSIGNMENT (( #799 ) ) ;
#1212 = VECTOR ( 'NONE', #1394, 1000.000000000000000 ) ;
#1213 = ORIENTED_EDGE ( 'NONE', *, *, #292, .T. ) ;
#1214 = CARTESIAN_POINT ( 'NONE',  ( 3.700000000000000178, 6.999999999999999112, 1.050000000000000044 ) ) ;
#1215 = VERTEX_POINT ( 'NONE', #424 ) ;
#1216 = DIRECTION ( 'NONE',  ( 0.0000000000000000000, -0.0000000000000000000, -1.000000000000000000 ) ) ;
#1217 = LINE ( 'NONE', #590, #1651 ) ;
#1218 = EDGE_CURVE ( 'NONE', #1198, #1244, #1595, .T. ) ;
#1219 = FACE_OUTER_BOUND ( 'NONE', #982, .T. ) ;
#1220 = DIRECTION ( 'NONE',  ( 1.000000000000000000, 0.0000000000000000000, 1.694065894508600925E-16 ) ) ;
#1221 = ORIENTED_EDGE ( 'NONE', *, *, #898, .F. ) ;
#1222 = PLANE ( 'NONE',  #25 ) ;
#1223 = LINE ( 'NONE', #542, #1428 ) ;
#1224 = VERTEX_POINT ( 'NONE', #259 ) ;
#1225 = FACE_OUTER_BOUND ( 'NONE', #637, .T. ) ;
#1226 = DIRECTION ( 'NONE',  ( 1.000000000000000000, 0.0000000000000000000, -1.521687259628778015E-16 ) ) ;
#1227 = DIRECTION ( 'NONE',  ( -0.4472135954999584828, 0.7745966692414827381, 0.4472135954999584828 ) ) ;
#1228 = DIRECTION ( 'NONE',  ( -1.000000000000000000, 0.0000000000000000000, 0.0000000000000000000 ) ) ;
#1229 = VERTEX_POINT ( 'NONE', #1563 ) ;
#1230 = DIRECTION ( 'NONE',  ( 0.0000000000000000000, 0.0000000000000000000, 1.000000000000000000 ) ) ;
#1231 = DIRECTION ( 'NONE',  ( 0.0000000000000000000, 0.0000000000000000000, -1.000000000000000000 ) ) ;
#1232 = EDGE_CURVE ( 'NONE', #765, #1224, #1581, .T. ) ;
#1233 = ORIENTED_EDGE ( 'NONE', *, *, #339, .T. ) ;
#1234 = CARTESIAN_POINT ( 'NONE',  ( -2.849999999999999645, 2.299999999999998934, -2.049999999999999378 ) ) ;
#1235 = LINE ( 'NONE', #1327, #1663 ) ;
#1236 = FACE_OUTER_BOUND ( 'NONE', #593, .T. ) ;
#1237 = VECTOR ( 'NONE', #1119, 1000.000000000000000 ) ;
#1238 = AXIS2_PLACEMENT_3D ( 'NONE', #1512, #1148, #73 ) ;
#1239 = EDGE_LOOP ( 'NONE', ( #776, #1221, #1450, #1372 ) ) ;
#1240 = DIRECTION ( 'NONE',  ( 1.000000000000000000, 0.0000000000000000000, -0.0000000000000000000 ) ) ;
#1241 = DIRECTION ( 'NONE',  ( 0.0000000000000000000, 0.0000000000000000000, 1.000000000000000000 ) ) ;
#1242 = VECTOR ( 'NONE', #551, 1000.000000000000000 ) ;
#1243 = EDGE_CURVE ( 'NONE', #104, #502, #1437, .T. ) ;
#1244 = VERTEX_POINT ( 'NONE', #790 ) ;
#1245 = DIRECTION ( 'NONE',  ( -0.0000000000000000000, 1.000000000000000000, -0.0000000000000000000 ) ) ;
#1246 = PLANE ( 'NONE',  #1652 ) ;
#1247 = FACE_OUTER_BOUND ( 'NONE', #434, .T. ) ;
#1248 = AXIS2_PLACEMENT_3D ( 'NONE', #1132, #1643, #1532 ) ;
#1249 = ORIENTED_EDGE ( 'NONE', *, *, #1060, .T. ) ;
#1250 = DIRECTION ( 'NONE',  ( 1.000000000000000000, 0.0000000000000000000, -0.0000000000000000000 ) ) ;
#1251 = APPLICATION_PROTOCOL_DEFINITION ( 'draft international standard', 'automotive_design', 1998, #372 ) ;
#1252 = ORIENTED_EDGE ( 'NONE', *, *, #868, .F. ) ;
#1253 = ADVANCED_FACE ( 'NONE', ( #814 ), #1300, .F. ) ;
#1254 = ORIENTED_EDGE ( 'NONE', *, *, #287, .F. ) ;
#1255 = EDGE_CURVE ( 'NONE', #16, #1677, #650, .T. ) ;
#1256 = DIRECTION ( 'NONE',  ( 1.000000000000000000, 0.0000000000000000000, -1.694065894508600185E-16 ) ) ;
#1257 = CARTESIAN_POINT ( 'NONE',  ( 0.9299999999999998268, -3.400000000000001243, 0.1799999999999998823 ) ) ;
#1258 = ADVANCED_FACE ( 'NONE', ( #272 ), #1586, .F. ) ;
#1259 = PLANE ( 'NONE',  #1323 ) ;
#1260 = CARTESIAN_POINT ( 'NONE',  ( -0.9299999999999997158, 2.299999999999998934, 0.8199999999999998401 ) ) ;
#1261 = ORIENTED_EDGE ( 'NONE', *, *, #676, .F. ) ;
#1262 = ORIENTED_EDGE ( 'NONE', *, *, #215, .T. ) ;
#1263 = DIRECTION ( 'NONE',  ( 0.0000000000000000000, -1.000000000000000000, 0.0000000000000000000 ) ) ;
#1264 = FACE_OUTER_BOUND ( 'NONE', #31, .T. ) ;
#1265 = EDGE_CURVE ( 'NONE', #1367, #575, #265, .T. ) ;
#1266 = VECTOR ( 'NONE', #90, 1000.000000000000000 ) ;
#1267 = ORIENTED_EDGE ( 'NONE', *, *, #1559, .T. ) ;
#1268 = FACE_OUTER_BOUND ( 'NONE', #1156, .T. ) ;
#1269 = VECTOR ( 'NONE', #1396, 1000.000000000000000 ) ;
#1270 = EDGE_LOOP ( 'NONE', ( #403, #583, #132, #242, #906, #1089, #246, #700, #327, #567, #834, #1153 ) ) ;
#1271 = VECTOR ( 'NONE', #300, 1000.000000000000000 ) ;
#1272 = ORIENTED_EDGE ( 'NONE', *, *, #1353, .T. ) ;
#1273 = CARTESIAN_POINT ( 'NONE',  ( 3.700000000000000178, 3.899999999999999911, 1.050000000000000044 ) ) ;
#1274 = CARTESIAN_POINT ( 'NONE',  ( 1.569999999999999840, 6.799999999999999822, 0.1799999999999997713 ) ) ;
#1275 = ADVANCED_FACE ( 'NONE', ( #804 ), #1318, .T. ) ;
#1276 = CARTESIAN_POINT ( 'NONE',  ( 0.0000000000000000000, 0.0000000000000000000, 0.0000000000000000000 ) ) ;
#1277 = CARTESIAN_POINT ( 'NONE',  ( 0.0000000000000000000, 6.799999999999999822, 0.0000000000000000000 ) ) ;
#1278 = STYLED_ITEM ( 'NONE', ( #1625 ), #322 ) ;
#1279 = EDGE_LOOP ( 'NONE', ( #410, #245, #746, #471 ) ) ;
#1280 = PLANE ( 'NONE',  #1210 ) ;
#1281 = ORIENTED_EDGE ( 'NONE', *, *, #651, .F. ) ;
#1282 = EDGE_LOOP ( 'NONE', ( #289, #510, #1507, #1701 ) ) ;
#1283 = DIRECTION ( 'NONE',  ( -0.0000000000000000000, 1.000000000000000000, -0.0000000000000000000 ) ) ;
#1284 = ORIENTED_EDGE ( 'NONE', *, *, #1324, .T. ) ;
#1285 = DIRECTION ( 'NONE',  ( 0.0000000000000000000, -1.000000000000000000, 0.0000000000000000000 ) ) ;
#1286 = ORIENTED_EDGE ( 'NONE', *, *, #1109, .T. ) ;
#1287 = DIRECTION ( 'NONE',  ( 0.0000000000000000000, 0.0000000000000000000, 1.000000000000000000 ) ) ;
#1288 = LINE ( 'NONE', #125, #366 ) ;
#1289 = DIRECTION ( 'NONE',  ( 3.388131789017200370E-16, 0.0000000000000000000, 1.000000000000000000 ) ) ;
#1290 = AXIS2_PLACEMENT_3D ( 'NONE', #848, #1489, #1362 ) ;
#1291 = VERTEX_POINT ( 'NONE', #1071 ) ;
#1292 = CARTESIAN_POINT ( 'NONE',  ( 1.570000000000000062, 6.799999999999999822, 0.8199999999999998401 ) ) ;
#1293 = DIRECTION ( 'NONE',  ( 1.000000000000000000, 0.0000000000000000000, -1.694065894508600185E-16 ) ) ;
#1294 = DIRECTION ( 'NONE',  ( -1.000000000000000000, -0.0000000000000000000, -0.0000000000000000000 ) ) ;
#1295 = CARTESIAN_POINT ( 'NONE',  ( -0.9300000000000000488, 6.583493649053891339, 0.1799999999999997713 ) ) ;
#1296 =( NAMED_UNIT ( * ) PLANE_ANGLE_UNIT ( ) SI_UNIT ( $, .RADIAN. ) );
#1297 = VECTOR ( 'NONE', #174, 1000.000000000000000 ) ;
#1298 = ORIENTED_EDGE ( 'NONE', *, *, #404, .F. ) ;
#1299 = ADVANCED_FACE ( 'NONE', ( #935 ), #283, .F. ) ;
#1300 = PLANE ( 'NONE',  #140 ) ;
#1301 = EDGE_CURVE ( 'NONE', #736, #1038, #1200, .T. ) ;
#1302 = ORIENTED_EDGE ( 'NONE', *, *, #82, .T. ) ;
#1303 = CARTESIAN_POINT ( 'NONE',  ( 0.9299999999999998268, 0.0000000000000000000, 0.1799999999999998823 ) ) ;
#1304 =( NAMED_UNIT ( * ) SI_UNIT ( $, .STERADIAN. ) SOLID_ANGLE_UNIT ( ) );
#1305 = VERTEX_POINT ( 'NONE', #1708 ) ;
#1306 = CARTESIAN_POINT ( 'NONE',  ( 0.9299999999999998268, 6.583493649053891339, 0.8199999999999999512 ) ) ;
#1307 = ORIENTED_EDGE ( 'NONE', *, *, #1243, .F. ) ;
#1308 = LINE ( 'NONE', #102, #1186 ) ;
#1309 = CARTESIAN_POINT ( 'NONE',  ( 1.570000000000000062, 2.299999999999998934, 0.8199999999999998401 ) ) ;
#1310 = EDGE_CURVE ( 'NONE', #1546, #1503, #796, .T. ) ;
#1311 = CARTESIAN_POINT ( 'NONE',  ( 1.444999999999999618, -3.400000000000001243, 0.3050000000000001044 ) ) ;
#1312 = DIRECTION ( 'NONE',  ( -0.0000000000000000000, 1.398970545142586295E-16, -1.000000000000000000 ) ) ;
#1313 = CARTESIAN_POINT ( 'NONE',  ( 3.700000000000000178, 6.999999999999999112, 1.050000000000000044 ) ) ;
#1314 = VECTOR ( 'NONE', #715, 1000.000000000000000 ) ;
#1315 = AXIS2_PLACEMENT_3D ( 'NONE', #830, #1640, #467 ) ;
#1316 = AXIS2_PLACEMENT_3D ( 'NONE', #497, #334, #361 ) ;
#1317 = CARTESIAN_POINT ( 'NONE',  ( -3.700000000000000178, 7.000000000000000000, -2.875000000000001332 ) ) ;
#1318 = PLANE ( 'NONE',  #196 ) ;
#1319 = VECTOR ( 'NONE', #605, 1000.000000000000000 ) ;
#1320 = CARTESIAN_POINT ( 'NONE',  ( -1.055000000000000160, -3.400000000000001243, 0.6949999999999996181 ) ) ;
#1321 = DIRECTION ( 'NONE',  ( -1.467104100329256705E-16, 0.5000000000000008882, 0.8660254037844382635 ) ) ;
#1322 = ORIENTED_EDGE ( 'NONE', *, *, #1357, .T. ) ;
#1323 = AXIS2_PLACEMENT_3D ( 'NONE', #1276, #492, #1017 ) ;
#1324 = EDGE_CURVE ( 'NONE', #1677, #1164, #1455, .T. ) ;
#1325 = DIRECTION ( 'NONE',  ( -1.000000000000000000, 0.0000000000000000000, 0.0000000000000000000 ) ) ;
#1326 = DIRECTION ( 'NONE',  ( 1.000000000000000000, 0.0000000000000000000, 0.0000000000000000000 ) ) ;
#1327 = CARTESIAN_POINT ( 'NONE',  ( -5.166900978251229603E-17, -3.400000000000001243, 0.3049999999999998268 ) ) ;
#1328 = SURFACE_STYLE_USAGE ( .BOTH. , #415 ) ;
#1329 = ORIENTED_EDGE ( 'NONE', *, *, #1097, .T. ) ;
#1330 = CARTESIAN_POINT ( 'NONE',  ( -1.570000000000000284, 2.299999999999998934, 0.8199999999999999512 ) ) ;
#1331 = VERTEX_POINT ( 'NONE', #153 ) ;
#1332 = EDGE_CURVE ( 'NONE', #231, #462, #685, .T. ) ;
#1333 = ORIENTED_EDGE ( 'NONE', *, *, #674, .T. ) ;
#1334 = FACE_OUTER_BOUND ( 'NONE', #1607, .T. ) ;
#1335 = LINE ( 'NONE', #133, #860 ) ;
#1336 = DIRECTION ( 'NONE',  ( -5.082197683525800062E-16, -0.0000000000000000000, -1.000000000000000000 ) ) ;
#1337 = CARTESIAN_POINT ( 'NONE',  ( -0.9300000000000002709, -3.183493649053891428, 0.1799999999999999933 ) ) ;
#1338 = ORIENTED_EDGE ( 'NONE', *, *, #1570, .T. ) ;
#1339 = LINE ( 'NONE', #1330, #1001 ) ;
#1340 = ADVANCED_FACE ( 'NONE', ( #1077 ), #840, .F. ) ;
#1341 = EDGE_LOOP ( 'NONE', ( #844, #635, #422, #370, #1272, #194, #151, #851 ) ) ;
#1342 = DIRECTION ( 'NONE',  ( 0.0000000000000000000, -1.000000000000000000, 0.0000000000000000000 ) ) ;
#1343 = CARTESIAN_POINT ( 'NONE',  ( -1.444999999999999618, 6.799999999999999822, 0.6949999999999995071 ) ) ;
#1344 = VECTOR ( 'NONE', #1326, 1000.000000000000000 ) ;
#1345 = VECTOR ( 'NONE', #934, 1000.000000000000000 ) ;
#1346 = LINE ( 'NONE', #864, #1451 ) ;
#1347 = ORIENTED_EDGE ( 'NONE', *, *, #891, .T. ) ;
#1348 = CARTESIAN_POINT ( 'NONE',  ( 1.055000000000000826, 6.799999999999999822, 0.0000000000000000000 ) ) ;
#1349 = DIRECTION ( 'NONE',  ( 0.0000000000000000000, 1.000000000000000000, 1.398970545142586295E-16 ) ) ;
#1350 = ORIENTED_EDGE ( 'NONE', *, *, #299, .T. ) ;
#1351 = LINE ( 'NONE', #1199, #1271 ) ;
#1352 = DIRECTION ( 'NONE',  ( 1.185846126156020672E-15, 0.0000000000000000000, 1.000000000000000000 ) ) ;
#1353 = EDGE_CURVE ( 'NONE', #1331, #192, #1479, .T. ) ;
#1354 = VECTOR ( 'NONE', #1516, 1000.000000000000227 ) ;
#1355 = PLANE ( 'NONE',  #680 ) ;
#1356 = CARTESIAN_POINT ( 'NONE',  ( -0.9300000000000002709, -3.400000000000001243, 0.1799999999999999933 ) ) ;
#1357 = EDGE_CURVE ( 'NONE', #1291, #828, #1510, .T. ) ;
#1358 = ORIENTED_EDGE ( 'NONE', *, *, #1635, .F. ) ;
#1359 = DIRECTION ( 'NONE',  ( -1.000000000000000000, -0.0000000000000000000, -0.0000000000000000000 ) ) ;
#1360 = PRESENTATION_STYLE_ASSIGNMENT (( #1486 ) ) ;
#1361 = ORIENTED_EDGE ( 'NONE', *, *, #891, .F. ) ;
#1362 = DIRECTION ( 'NONE',  ( 0.0000000000000000000, -0.0000000000000000000, 1.000000000000000000 ) ) ;
#1363 = CARTESIAN_POINT ( 'NONE',  ( -3.700000000000000178, 7.000000000000000000, 2.874999999999999556 ) ) ;
#1364 = ADVANCED_FACE ( 'NONE', ( #310 ), #63, .F. ) ;
#1365 = ORIENTED_EDGE ( 'NONE', *, *, #173, .F. ) ;
#1366 = DIRECTION ( 'NONE',  ( -0.0000000000000000000, 1.000000000000000000, -0.0000000000000000000 ) ) ;
#1367 = VERTEX_POINT ( 'NONE', #1343 ) ;
#1368 = ORIENTED_EDGE ( 'NONE', *, *, #87, .F. ) ;
#1369 = DIRECTION ( 'NONE',  ( 1.000000000000000000, 0.0000000000000000000, 0.0000000000000000000 ) ) ;
#1370 = DIRECTION ( 'NONE',  ( -1.694065894508600925E-16, 0.0000000000000000000, 1.000000000000000000 ) ) ;
#1371 = MECHANICAL_DESIGN_GEOMETRIC_PRESENTATION_REPRESENTATION (  '', ( #585 ), #912 ) ;
#1372 = ORIENTED_EDGE ( 'NONE', *, *, #1666, .F. ) ;
#1373 = DIRECTION ( 'NONE',  ( 0.0000000000000000000, 0.0000000000000000000, 1.000000000000000000 ) ) ;
#1374 =( LENGTH_UNIT ( ) NAMED_UNIT ( * ) SI_UNIT ( .MILLI., .METRE. ) );
#1375 = MECHANICAL_DESIGN_GEOMETRIC_PRESENTATION_REPRESENTATION (  '', ( #421 ), #118 ) ;
#1376 = EDGE_CURVE ( 'NONE', #1548, #494, #1117, .T. ) ;
#1377 = ORIENTED_EDGE ( 'NONE', *, *, #299, .F. ) ;
#1378 = CARTESIAN_POINT ( 'NONE',  ( -1.570000000000000284, 6.799999999999999822, 0.1799999999999998823 ) ) ;
#1379 = CARTESIAN_POINT ( 'NONE',  ( 3.700000000000000178, 7.000000000000000000, -2.875000000000001332 ) ) ;
#1380 = VECTOR ( 'NONE', #1294, 1000.000000000000000 ) ;
#1381 = DIRECTION ( 'NONE',  ( 1.000000000000000000, 0.0000000000000000000, 0.0000000000000000000 ) ) ;
#1382 = CARTESIAN_POINT ( 'NONE',  ( 1.749999999999999778, 7.000000000000000000, 2.875000000000000444 ) ) ;
#1383 = CARTESIAN_POINT ( 'NONE',  ( -0.9300000000000002709, 0.0000000000000000000, 0.1799999999999999933 ) ) ;
#1384 = ORIENTED_EDGE ( 'NONE', *, *, #707, .F. ) ;
#1385 = ADVANCED_FACE ( 'NONE', ( #964 ), #318, .F. ) ;
#1386 = ORIENTED_EDGE ( 'NONE', *, *, #904, .T. ) ;
#1387 = SURFACE_SIDE_STYLE ('',( #126 ) ) ;
#1388 = CARTESIAN_POINT ( 'NONE',  ( 1.569999999999999840, -3.183493649053891872, 0.1799999999999999933 ) ) ;
#1389 = DIRECTION ( 'NONE',  ( -0.0000000000000000000, -1.000000000000000000, -0.0000000000000000000 ) ) ;
#1390 = ORIENTED_EDGE ( 'NONE', *, *, #1033, .F. ) ;
#1391 = CARTESIAN_POINT ( 'NONE',  ( -0.9939999999999996616, 6.694344900738298243, 0.2439999999999995506 ) ) ;
#1392 = ORIENTED_EDGE ( 'NONE', *, *, #810, .F. ) ;
#1393 = EDGE_LOOP ( 'NONE', ( #472, #466, #156, #1333 ) ) ;
#1394 = DIRECTION ( 'NONE',  ( -1.000000000000000000, -0.0000000000000000000, -0.0000000000000000000 ) ) ;
#1395 = EDGE_CURVE ( 'NONE', #1467, #1198, #182, .T. ) ;
#1396 = DIRECTION ( 'NONE',  ( 3.388131789017200370E-16, 0.0000000000000000000, 1.000000000000000000 ) ) ;
#1397 = DIRECTION ( 'NONE',  ( -1.694065894508600925E-16, 0.0000000000000000000, 1.000000000000000000 ) ) ;
#1398 = CARTESIAN_POINT ( 'NONE',  ( 1.055000000000000826, 6.799999999999999822, 0.3050000000000008815 ) ) ;
#1399 = AXIS2_PLACEMENT_3D ( 'NONE', #1005, #345, #1521 ) ;
#1400 = ORIENTED_EDGE ( 'NONE', *, *, #819, .F. ) ;
#1401 = VECTOR ( 'NONE', #1608, 1000.000000000000000 ) ;
#1402 = VERTEX_POINT ( 'NONE', #1092 ) ;
#1403 = PLANE ( 'NONE',  #1684 ) ;
#1404 = DIRECTION ( 'NONE',  ( -0.4472135954999584828, 0.7745966692414827381, -0.4472135954999585383 ) ) ;
#1405 = VECTOR ( 'NONE', #1014, 1000.000000000000000 ) ;
#1406 = ADVANCED_FACE ( 'NONE', ( #172 ), #439, .F. ) ;
#1407 = CARTESIAN_POINT ( 'NONE',  ( 5.166900978251249941E-17, 6.799999999999999822, 0.3050000000000009925 ) ) ;
#1408 = DIRECTION ( 'NONE',  ( -0.4472135954999605922, 0.7745966692414799626, 0.4472135954999612029 ) ) ;
#1409 = ORIENTED_EDGE ( 'NONE', *, *, #1201, .T. ) ;
#1410 = VERTEX_POINT ( 'NONE', #1234 ) ;
#1411 = CARTESIAN_POINT ( 'NONE',  ( 1.570000000000000284, -3.183493649053891872, 0.8199999999999999512 ) ) ;
#1412 = DIRECTION ( 'NONE',  ( 0.0000000000000000000, 0.0000000000000000000, 1.000000000000000000 ) ) ;
#1413 = CARTESIAN_POINT ( 'NONE',  ( 1.749999999999999778, 7.000000000000000000, 2.050000000000000266 ) ) ;
#1414 = EDGE_CURVE ( 'NONE', #395, #522, #1470, .T. ) ;
#1415 = ORIENTED_EDGE ( 'NONE', *, *, #521, .T. ) ;
#1416 = ORIENTED_EDGE ( 'NONE', *, *, #30, .F. ) ;
#1417 = DIRECTION ( 'NONE',  ( 5.082197683525800062E-16, 0.0000000000000000000, 1.000000000000000000 ) ) ;
#1418 = DIRECTION ( 'NONE',  ( 1.000000000000000000, 0.0000000000000000000, 1.694065894508600925E-16 ) ) ;
#1419 = UNCERTAINTY_MEASURE_WITH_UNIT (LENGTH_MEASURE( 1.000000000000000082E-05 ), #1496, 'distance_accuracy_value', 'NONE');
#1420 = FACE_OUTER_BOUND ( 'NONE', #208, .T. ) ;
#1421 = DIRECTION ( 'NONE',  ( 6.776263578034403699E-16, 0.0000000000000000000, 1.000000000000000000 ) ) ;
#1422 = EDGE_CURVE ( 'NONE', #1410, #462, #1499, .T. ) ;
#1423 = LINE ( 'NONE', #1067, #1657 ) ;
#1424 = VECTOR ( 'NONE', #1369, 1000.000000000000000 ) ;
#1425 = VECTOR ( 'NONE', #734, 1000.000000000000000 ) ;
#1426 = EDGE_LOOP ( 'NONE', ( #270, #89, #1639, #1075 ) ) ;
#1427 = EDGE_CURVE ( 'NONE', #1402, #231, #1217, .T. ) ;
#1428 = VECTOR ( 'NONE', #178, 999.9999999999998863 ) ;
#1429 = CARTESIAN_POINT ( 'NONE',  ( 0.9299999999999998268, 6.583493649053891339, 0.1799999999999998823 ) ) ;
#1430 = ADVANCED_FACE ( 'NONE', ( #46 ), #1209, .F. ) ;
#1431 = ORIENTED_EDGE ( 'NONE', *, *, #819, .T. ) ;
#1432 = LINE ( 'NONE', #1172, #624 ) ;
#1433 = LINE ( 'NONE', #8, #1079 ) ;
#1434 = ORIENTED_EDGE ( 'NONE', *, *, #841, .F. ) ;
#1435 = VECTOR ( 'NONE', #1336, 1000.000000000000000 ) ;
#1436 = VERTEX_POINT ( 'NONE', #459 ) ;
#1437 = LINE ( 'NONE', #947, #668 ) ;
#1438 = UNCERTAINTY_MEASURE_WITH_UNIT (LENGTH_MEASURE( 1.000000000000000082E-05 ), #564, 'distance_accuracy_value', 'NONE');
#1439 = CARTESIAN_POINT ( 'NONE',  ( -1.570000000000000284, 0.0000000000000000000, 0.1799999999999998823 ) ) ;
#1440 = DIRECTION ( 'NONE',  ( 1.000000000000000000, -0.0000000000000000000, 1.694065894508600925E-16 ) ) ;
#1441 = DIRECTION ( 'NONE',  ( 0.0000000000000000000, 0.0000000000000000000, -1.000000000000000000 ) ) ;
#1442 = VERTEX_POINT ( 'NONE', #983 ) ;
#1443 = CARTESIAN_POINT ( 'NONE',  ( 1.749999999999999778, 7.000000000000000000, 2.050000000000000266 ) ) ;
#1444 = EDGE_CURVE ( 'NONE', #972, #437, #324, .T. ) ;
#1445 = CARTESIAN_POINT ( 'NONE',  ( 3.700000000000000178, 3.899999999999999911, 1.050000000000000044 ) ) ;
#1446 = CARTESIAN_POINT ( 'NONE',  ( -1.570000000000000284, -3.183493649053891428, 0.8199999999999999512 ) ) ;
#1447 = EDGE_CURVE ( 'NONE', #1215, #736, #28, .T. ) ;
#1448 = DIRECTION ( 'NONE',  ( -1.000000000000000000, 0.0000000000000000000, 6.776263578034403699E-16 ) ) ;
#1449 = EDGE_CURVE ( 'NONE', #1164, #1229, #195, .T. ) ;
#1450 = ORIENTED_EDGE ( 'NONE', *, *, #704, .F. ) ;
#1451 = VECTOR ( 'NONE', #573, 1000.000000000000000 ) ;
#1452 = AXIS2_PLACEMENT_3D ( 'NONE', #146, #679, #1046 ) ;
#1453 = AXIS2_PLACEMENT_3D ( 'NONE', #190, #68, #603 ) ;
#1454 = DIRECTION ( 'NONE',  ( 0.0000000000000000000, 0.0000000000000000000, 1.000000000000000000 ) ) ;
#1455 = LINE ( 'NONE', #823, #1344 ) ;
#1456 = MANIFOLD_SOLID_BREP ( 'Chamfer3', #288 ) ;
#1457 = LINE ( 'NONE', #1337, #81 ) ;
#1458 = DIRECTION ( 'NONE',  ( -1.000000000000000000, -0.0000000000000000000, -0.0000000000000000000 ) ) ;
#1459 = ORIENTED_EDGE ( 'NONE', *, *, #1218, .F. ) ;
#1460 = ORIENTED_EDGE ( 'NONE', *, *, #1031, .F. ) ;
#1461 = CARTESIAN_POINT ( 'NONE',  ( 2.850000000000000533, 6.999999999999999112, -2.049999999999999378 ) ) ;
#1462 = CARTESIAN_POINT ( 'NONE',  ( -1.570000000000000284, 6.799999999999999822, 0.8199999999999999512 ) ) ;
#1463 = FILL_AREA_STYLE_COLOUR ( '', #167 ) ;
#1464 = ORIENTED_EDGE ( 'NONE', *, *, #350, .F. ) ;
#1465 = FACE_OUTER_BOUND ( 'NONE', #485, .T. ) ;
#1466 = EDGE_CURVE ( 'NONE', #427, #612, #1086, .T. ) ;
#1467 = VERTEX_POINT ( 'NONE', #1306 ) ;
#1468 = ORIENTED_EDGE ( 'NONE', *, *, #1332, .F. ) ;
#1469 = CARTESIAN_POINT ( 'NONE',  ( 0.0000000000000000000, 2.299999999999998934, 0.0000000000000000000 ) ) ;
#1470 = LINE ( 'NONE', #713, #805 ) ;
#1471 = LINE ( 'NONE', #199, #503 ) ;
#1472 = ORIENTED_EDGE ( 'NONE', *, *, #1696, .T. ) ;
#1473 = DIRECTION ( 'NONE',  ( 6.776263578034403699E-16, 0.0000000000000000000, 1.000000000000000000 ) ) ;
#1474 = EDGE_CURVE ( 'NONE', #59, #1467, #1051, .T. ) ;
#1475 = PRESENTATION_LAYER_ASSIGNMENT (  '', '', ( #885 ) ) ;
#1476 = EDGE_CURVE ( 'NONE', #719, #1331, #256, .T. ) ;
#1477 = ORIENTED_EDGE ( 'NONE', *, *, #436, .F. ) ;
#1478 = CARTESIAN_POINT ( 'NONE',  ( 3.700000000000000178, 3.899999999999999911, 1.050000000000000044 ) ) ;
#1479 = LINE ( 'NONE', #732, #363 ) ;
#1480 = VECTOR ( 'NONE', #1574, 1000.000000000000000 ) ;
#1481 = MECHANICAL_DESIGN_GEOMETRIC_PRESENTATION_REPRESENTATION (  '', ( #255 ), #1107 ) ;
#1482 = AXIS2_PLACEMENT_3D ( 'NONE', #1585, #411, #1454 ) ;
#1483 = CARTESIAN_POINT ( 'NONE',  ( 0.0000000000000000000, -3.400000000000001243, 0.6949999999999996181 ) ) ;
#1484 = EDGE_LOOP ( 'NONE', ( #877, #1180, #1534, #1249 ) ) ;
#1485 = FACE_OUTER_BOUND ( 'NONE', #430, .T. ) ;
#1486 = SURFACE_STYLE_USAGE ( .BOTH. , #725 ) ;
#1487 = MANIFOLD_SOLID_BREP ( 'Cut-Extrude4', #740 ) ;
#1488 = FACE_OUTER_BOUND ( 'NONE', #821, .T. ) ;
#1489 = DIRECTION ( 'NONE',  ( 0.0000000000000000000, 1.000000000000000000, 0.0000000000000000000 ) ) ;
#1490 = MECHANICAL_DESIGN_GEOMETRIC_PRESENTATION_REPRESENTATION (  '', ( #1278 ), #456 ) ;
#1491 = EDGE_CURVE ( 'NONE', #1564, #687, #402, .T. ) ;
#1492 = SURFACE_STYLE_FILL_AREA ( #1102 ) ;
#1493 = LINE ( 'NONE', #65, #193 ) ;
#1494 = ORIENTED_EDGE ( 'NONE', *, *, #273, .F. ) ;
#1495 = DIRECTION ( 'NONE',  ( -0.0000000000000000000, -0.0000000000000000000, -1.000000000000000000 ) ) ;
#1496 =( LENGTH_UNIT ( ) NAMED_UNIT ( * ) SI_UNIT ( .MILLI., .METRE. ) );
#1497 = ORIENTED_EDGE ( 'NONE', *, *, #1060, .F. ) ;
#1498 = ORIENTED_EDGE ( 'NONE', *, *, #72, .T. ) ;
#1499 = LINE ( 'NONE', #161, #1424 ) ;
#1500 = EDGE_CURVE ( 'NONE', #556, #214, #794, .T. ) ;
#1501 = CARTESIAN_POINT ( 'NONE',  ( 1.749999999999999778, 3.299999999999999822, 2.875000000000000000 ) ) ;
#1502 = CARTESIAN_POINT ( 'NONE',  ( -1.055000000000000604, 6.799999999999999822, 0.3050000000000003264 ) ) ;
#1503 = VERTEX_POINT ( 'NONE', #787 ) ;
#1504 = LINE ( 'NONE', #981, #54 ) ;
#1505 = CARTESIAN_POINT ( 'NONE',  ( -1.444999999999999618, 6.799999999999999822, 0.3050000000000004374 ) ) ;
#1506 = EDGE_CURVE ( 'NONE', #342, #1552, #384, .T. ) ;
#1507 = ORIENTED_EDGE ( 'NONE', *, *, #801, .T. ) ;
#1508 = EDGE_CURVE ( 'NONE', #349, #1467, #1705, .T. ) ;
#1509 = EDGE_LOOP ( 'NONE', ( #987, #817, #239, #747 ) ) ;
#1510 = LINE ( 'NONE', #703, #478 ) ;
#1511 = VECTOR ( 'NONE', #524, 1000.000000000000114 ) ;
#1512 = CARTESIAN_POINT ( 'NONE',  ( -3.700000000000000178, 0.0000000000000000000, -2.875000000000001332 ) ) ;
#1513 = CARTESIAN_POINT ( 'NONE',  ( -0.9299999999999997158, 6.583493649053891339, 0.8199999999999998401 ) ) ;
#1514 = PRESENTATION_LAYER_ASSIGNMENT (  '', '', ( #585 ) ) ;
#1515 = VECTOR ( 'NONE', #1495, 1000.000000000000000 ) ;
#1516 = DIRECTION ( 'NONE',  ( -0.4472135954999584828, 0.7745966692414827381, -0.4472135954999585383 ) ) ;
#1517 = LINE ( 'NONE', #1115, #837 ) ;
#1518 = EDGE_LOOP ( 'NONE', ( #429, #1599, #232, #1302 ) ) ;
#1519 = ORIENTED_EDGE ( 'NONE', *, *, #1376, .F. ) ;
#1520 =( LENGTH_UNIT ( ) NAMED_UNIT ( * ) SI_UNIT ( .MILLI., .METRE. ) );
#1521 = DIRECTION ( 'NONE',  ( 0.0000000000000000000, -0.0000000000000000000, 1.000000000000000000 ) ) ;
#1522 = AXIS2_PLACEMENT_3D ( 'NONE', #7, #784, #541 ) ;
#1523 = VERTEX_POINT ( 'NONE', #477 ) ;
#1524 = LINE ( 'NONE', #368, #866 ) ;
#1525 = DIRECTION ( 'NONE',  ( 0.0000000000000000000, 0.0000000000000000000, 1.000000000000000000 ) ) ;
#1526 = ORIENTED_EDGE ( 'NONE', *, *, #420, .F. ) ;
#1527 = ADVANCED_FACE ( 'NONE', ( #526 ), #878, .F. ) ;
#1528 = VERTEX_POINT ( 'NONE', #1044 ) ;
#1529 = LINE ( 'NONE', #1641, #1405 ) ;
#1530 = LINE ( 'NONE', #1538, #780 ) ;
#1531 = ORIENTED_EDGE ( 'NONE', *, *, #350, .T. ) ;
#1532 = DIRECTION ( 'NONE',  ( -0.0000000000000000000, 0.0000000000000000000, -1.000000000000000000 ) ) ;
#1533 = FACE_OUTER_BOUND ( 'NONE', #176, .T. ) ;
#1534 = ORIENTED_EDGE ( 'NONE', *, *, #543, .T. ) ;
#1535 = EDGE_LOOP ( 'NONE', ( #1361, #96, #991, #951 ) ) ;
#1536 = EDGE_CURVE ( 'NONE', #1436, #933, #1423, .T. ) ;
#1537 = DIRECTION ( 'NONE',  ( 0.0000000000000000000, -0.0000000000000000000, -1.000000000000000000 ) ) ;
#1538 = CARTESIAN_POINT ( 'NONE',  ( 0.9939999999999998836, -3.294344900738299220, 0.2439999999999998559 ) ) ;
#1539 = VECTOR ( 'NONE', #1665, 1000.000000000000000 ) ;
#1540 = ORIENTED_EDGE ( 'NONE', *, *, #1444, .T. ) ;
#1541 = LINE ( 'NONE', #1173, #1539 ) ;
#1542 = VECTOR ( 'NONE', #451, 1000.000000000000000 ) ;
#1543 = AXIS2_PLACEMENT_3D ( 'NONE', #1469, #1342, #1216 ) ;
#1544 = ORIENTED_EDGE ( 'NONE', *, *, #1702, .T. ) ;
#1545 = AXIS2_PLACEMENT_3D ( 'NONE', #1190, #9, #925 ) ;
#1546 = VERTEX_POINT ( 'NONE', #298 ) ;
#1547 = CARTESIAN_POINT ( 'NONE',  ( -1.570000000000000284, -3.183493649053891428, 0.1799999999999998823 ) ) ;
#1548 = VERTEX_POINT ( 'NONE', #1205 ) ;
#1549 = AXIS2_PLACEMENT_3D ( 'NONE', #83, #460, #1256 ) ;
#1550 = LINE ( 'NONE', #644, #1167 ) ;
#1551 = DIRECTION ( 'NONE',  ( 0.0000000000000000000, -0.0000000000000000000, -1.000000000000000000 ) ) ;
#1552 = VERTEX_POINT ( 'NONE', #711 ) ;
#1553 = ORIENTED_EDGE ( 'NONE', *, *, #134, .T. ) ;
#1554 = LINE ( 'NONE', #1183, #938 ) ;
#1555 = CARTESIAN_POINT ( 'NONE',  ( 2.850000000000000533, 6.999999999999999112, 1.050000000000000044 ) ) ;
#1556 = ORIENTED_EDGE ( 'NONE', *, *, #1631, .F. ) ;
#1557 = DIRECTION ( 'NONE',  ( 0.0000000000000000000, -1.000000000000000000, -1.398970545142586295E-16 ) ) ;
#1558 = DIRECTION ( 'NONE',  ( 1.000000000000000000, 0.0000000000000000000, -1.694065894508600925E-16 ) ) ;
#1559 = EDGE_CURVE ( 'NONE', #1204, #1645, #428, .T. ) ;
#1560 = FILL_AREA_STYLE ('',( #488 ) ) ;
#1561 = ORIENTED_EDGE ( 'NONE', *, *, #514, .T. ) ;
#1562 = EDGE_CURVE ( 'NONE', #1164, #457, #435, .T. ) ;
#1563 = CARTESIAN_POINT ( 'NONE',  ( 1.570000000000000284, 0.0000000000000000000, 0.8199999999999999512 ) ) ;
#1564 = VERTEX_POINT ( 'NONE', #932 ) ;
#1565 = CARTESIAN_POINT ( 'NONE',  ( 1.305999999999999162, -3.640755062252075458, 0.5559999999999992726 ) ) ;
#1566 = DIRECTION ( 'NONE',  ( 0.8660254037844382635, 0.5000000000000008882, 0.0000000000000000000 ) ) ;
#1567 = MECHANICAL_DESIGN_GEOMETRIC_PRESENTATION_REPRESENTATION (  '', ( #885 ), #936 ) ;
#1568 = SURFACE_SIDE_STYLE ('',( #957 ) ) ;
#1569 = VECTOR ( 'NONE', #1293, 1000.000000000000000 ) ;
#1570 = EDGE_CURVE ( 'NONE', #575, #996, #1074, .T. ) ;
#1571 = PRODUCT_DEFINITION_FORMATION_WITH_SPECIFIED_SOURCE ( 'ANY', '', #926, .NOT_KNOWN. ) ;
#1572 = AXIS2_PLACEMENT_3D ( 'NONE', #1112, #599, #1632 ) ;
#1573 = ORIENTED_EDGE ( 'NONE', *, *, #1069, .T. ) ;
#1574 = DIRECTION ( 'NONE',  ( 1.000000000000000000, -0.0000000000000000000, -1.694065894508600185E-16 ) ) ;
#1575 = DIRECTION ( 'NONE',  ( 0.0000000000000000000, 1.398970545142586295E-16, -1.000000000000000000 ) ) ;
#1576 = CARTESIAN_POINT ( 'NONE',  ( 3.700000000000000178, 6.999999999999999112, 1.050000000000000044 ) ) ;
#1577 = PRESENTATION_STYLE_ASSIGNMENT (( #1139 ) ) ;
#1578 = AXIS2_PLACEMENT_3D ( 'NONE', #1043, #1557, #1575 ) ;
#1579 = ADVANCED_FACE ( 'NONE', ( #683 ), #688, .F. ) ;
#1580 = ORIENTED_EDGE ( 'NONE', *, *, #1422, .T. ) ;
#1581 = LINE ( 'NONE', #1443, #1683 ) ;
#1582 = LINE ( 'NONE', #1565, #341 ) ;
#1583 = FACE_OUTER_BOUND ( 'NONE', #1393, .T. ) ;
#1584 = ORIENTED_EDGE ( 'NONE', *, *, #1691, .F. ) ;
#1585 = CARTESIAN_POINT ( 'NONE',  ( -1.444999999999999618, 6.799999999999999822, 0.0000000000000000000 ) ) ;
#1586 = PLANE ( 'NONE',  #168 ) ;
#1587 = DIRECTION ( 'NONE',  ( 0.0000000000000000000, 0.0000000000000000000, 1.000000000000000000 ) ) ;
#1588 = FILL_AREA_STYLE_COLOUR ( '', #389 ) ;
#1589 = DIRECTION ( 'NONE',  ( -0.0000000000000000000, 1.000000000000000000, -0.0000000000000000000 ) ) ;
#1590 = ORIENTED_EDGE ( 'NONE', *, *, #339, .F. ) ;
#1591 = VECTOR ( 'NONE', #58, 1000.000000000000000 ) ;
#1592 = AXIS2_PLACEMENT_3D ( 'NONE', #374, #1285, #897 ) ;
#1593 = AXIS2_PLACEMENT_3D ( 'NONE', #1478, #1091, #1610 ) ;
#1594 = CARTESIAN_POINT ( 'NONE',  ( -1.570000000000000284, 6.583493649053891339, 0.8199999999999999512 ) ) ;
#1595 = LINE ( 'NONE', #1309, #1480 ) ;
#1596 = EDGE_CURVE ( 'NONE', #1082, #944, #1096, .T. ) ;
#1597 = LINE ( 'NONE', #824, #1435 ) ;
#1598 = PRESENTATION_STYLE_ASSIGNMENT (( #1328 ) ) ;
#1599 = ORIENTED_EDGE ( 'NONE', *, *, #134, .F. ) ;
#1600 = PLANE ( 'NONE',  #1054 ) ;
#1601 = VECTOR ( 'NONE', #580, 1000.000000000000000 ) ;
#1602 = LINE ( 'NONE', #181, #1135 ) ;
#1603 = FILL_AREA_STYLE_COLOUR ( '', #967 ) ;
#1604 = LINE ( 'NONE', #555, #789 ) ;
#1605 = CARTESIAN_POINT ( 'NONE',  ( -1.570000000000000284, 2.299999999999998934, 0.8199999999999999512 ) ) ;
#1606 = EDGE_CURVE ( 'NONE', #944, #556, #1196, .T. ) ;
#1607 = EDGE_LOOP ( 'NONE', ( #802, #1519, #717, #1460 ) ) ;
#1608 = DIRECTION ( 'NONE',  ( -0.0000000000000000000, -1.000000000000000000, -0.0000000000000000000 ) ) ;
#1609 = EDGE_CURVE ( 'NONE', #165, #1564, #139, .T. ) ;
#1610 = DIRECTION ( 'NONE',  ( 0.0000000000000000000, -0.0000000000000000000, -1.000000000000000000 ) ) ;
#1611 = CARTESIAN_POINT ( 'NONE',  ( 1.570000000000000284, -3.400000000000001243, 0.8199999999999999512 ) ) ;
#1612 = LINE ( 'NONE', #949, #1297 ) ;
#1613 = PLANE ( 'NONE',  #417 ) ;
#1614 = ORIENTED_EDGE ( 'NONE', *, *, #51, .F. ) ;
#1615 = DIRECTION ( 'NONE',  ( -1.000000000000000000, 0.0000000000000000000, 1.694065894508599446E-16 ) ) ;
#1616 = DIRECTION ( 'NONE',  ( -0.0000000000000000000, -0.0000000000000000000, 1.000000000000000000 ) ) ;
#1617 = EDGE_CURVE ( 'NONE', #214, #1692, #43, .T. ) ;
#1618 = VECTOR ( 'NONE', #856, 1000.000000000000000 ) ;
#1619 = ORIENTED_EDGE ( 'NONE', *, *, #1596, .T. ) ;
#1620 = DIRECTION ( 'NONE',  ( -0.0000000000000000000, -1.000000000000000000, -0.0000000000000000000 ) ) ;
#1621 = DIRECTION ( 'NONE',  ( 0.0000000000000000000, 1.000000000000000000, 0.0000000000000000000 ) ) ;
#1622 = VECTOR ( 'NONE', #121, 1000.000000000000000 ) ;
#1623 = VECTOR ( 'NONE', #1458, 1000.000000000000000 ) ;
#1624 = VECTOR ( 'NONE', #18, 1000.000000000000000 ) ;
#1625 = PRESENTATION_STYLE_ASSIGNMENT (( #977 ) ) ;
#1626 = FACE_OUTER_BOUND ( 'NONE', #378, .T. ) ;
#1627 = ORIENTED_EDGE ( 'NONE', *, *, #235, .T. ) ;
#1628 = PLANE ( 'NONE',  #86 ) ;
#1629 = EDGE_CURVE ( 'NONE', #612, #996, #1339, .T. ) ;
#1630 = DIRECTION ( 'NONE',  ( -1.000000000000000000, 0.0000000000000000000, 1.694065894508600185E-16 ) ) ;
#1631 = EDGE_CURVE ( 'NONE', #828, #1677, #1223, .T. ) ;
#1632 = DIRECTION ( 'NONE',  ( 0.0000000000000000000, 0.0000000000000000000, -1.000000000000000000 ) ) ;
#1633 = DIRECTION ( 'NONE',  ( -0.4472135954999585383, -0.7745966692414827381, 0.4472135954999584828 ) ) ;
#1634 = ORIENTED_EDGE ( 'NONE', *, *, #1202, .T. ) ;
#1635 = EDGE_CURVE ( 'NONE', #1206, #1168, #305, .T. ) ;
#1636 = ORIENTED_EDGE ( 'NONE', *, *, #163, .T. ) ;
#1637 = DIRECTION ( 'NONE',  ( 0.0000000000000000000, -1.000000000000000000, 0.0000000000000000000 ) ) ;
#1638 = LINE ( 'NONE', #330, #559 ) ;
#1639 = ORIENTED_EDGE ( 'NONE', *, *, #266, .F. ) ;
#1640 = DIRECTION ( 'NONE',  ( -1.000000000000000000, 0.0000000000000000000, 5.082197683525800062E-16 ) ) ;
#1641 = CARTESIAN_POINT ( 'NONE',  ( 3.700000000000000178, 0.0000000000000000000, -2.875000000000001332 ) ) ;
#1642 = CARTESIAN_POINT ( 'NONE',  ( 0.9299999999999998268, 6.583493649053891339, 0.1799999999999998823 ) ) ;
#1643 = DIRECTION ( 'NONE',  ( 1.000000000000000000, 0.0000000000000000000, -0.0000000000000000000 ) ) ;
#1644 = LINE ( 'NONE', #576, #755 ) ;
#1645 = VERTEX_POINT ( 'NONE', #418 ) ;
#1646 = ORIENTED_EDGE ( 'NONE', *, *, #266, .T. ) ;
#1647 = DIRECTION ( 'NONE',  ( -1.000000000000000000, 0.0000000000000000000, 1.694065894508600185E-16 ) ) ;
#1648 = DIRECTION ( 'NONE',  ( 1.000000000000000000, 0.0000000000000000000, 0.0000000000000000000 ) ) ;
#1649 = FACE_OUTER_BOUND ( 'NONE', #689, .T. ) ;
#1650 = VECTOR ( 'NONE', #1312, 1000.000000000000000 ) ;
#1651 = VECTOR ( 'NONE', #1226, 1000.000000000000000 ) ;
#1652 = AXIS2_PLACEMENT_3D ( 'NONE', #606, #1648, #1689 ) ;
#1653 = ADVANCED_FACE ( 'NONE', ( #1583 ), #1083, .T. ) ;
#1654 = FACE_OUTER_BOUND ( 'NONE', #1105, .T. ) ;
#1655 = FACE_OUTER_BOUND ( 'NONE', #249, .T. ) ;
#1656 = SURFACE_STYLE_FILL_AREA ( #1008 ) ;
#1657 = VECTOR ( 'NONE', #568, 1000.000000000000000 ) ;
#1658 = ORIENTED_EDGE ( 'NONE', *, *, #1357, .F. ) ;
#1659 = ORIENTED_EDGE ( 'NONE', *, *, #1191, .F. ) ;
#1660 = SURFACE_STYLE_USAGE ( .BOTH. , #1568 ) ;
#1661 = LINE ( 'NONE', #1022, #373 ) ;
#1662 = DIRECTION ( 'NONE',  ( 0.0000000000000000000, 0.0000000000000000000, -1.000000000000000000 ) ) ;
#1663 = VECTOR ( 'NONE', #311, 1000.000000000000000 ) ;
#1664 = ORIENTED_EDGE ( 'NONE', *, *, #99, .F. ) ;
#1665 = DIRECTION ( 'NONE',  ( -0.0000000000000000000, -1.000000000000000000, -0.0000000000000000000 ) ) ;
#1666 = EDGE_CURVE ( 'NONE', #1523, #1305, #577, .T. ) ;
#1667 = ORIENTED_EDGE ( 'NONE', *, *, #128, .T. ) ;
#1668 = ADVANCED_FACE ( 'NONE', ( #557 ), #1600, .F. ) ;
#1669 = ORIENTED_EDGE ( 'NONE', *, *, #1395, .F. ) ;
#1670 = FACE_OUTER_BOUND ( 'NONE', #741, .T. ) ;
#1671 = CARTESIAN_POINT ( 'NONE',  ( 0.0000000000000000000, 0.0000000000000000000, 2.874999999999999556 ) ) ;
#1672 = EDGE_LOOP ( 'NONE', ( #959, #49, #41, #1498 ) ) ;
#1673 = PLANE ( 'NONE',  #948 ) ;
#1674 = CARTESIAN_POINT ( 'NONE',  ( 1.444999999999999396, -3.400000000000001243, -9.791700870259709947E-16 ) ) ;
#1675 = ORIENTED_EDGE ( 'NONE', *, *, #1476, .F. ) ;
#1676 = EDGE_CURVE ( 'NONE', #342, #1150, #32, .T. ) ;
#1677 = VERTEX_POINT ( 'NONE', #835 ) ;
#1678 = PLANE ( 'NONE',  #1592 ) ;
#1679 = ORIENTED_EDGE ( 'NONE', *, *, #620, .F. ) ;
#1680 = VECTOR ( 'NONE', #1408, 1000.000000000000114 ) ;
#1681 = ORIENTED_EDGE ( 'NONE', *, *, #1536, .T. ) ;
#1682 = FACE_OUTER_BOUND ( 'NONE', #69, .T. ) ;
#1683 = VECTOR ( 'NONE', #1700, 1000.000000000000000 ) ;
#1684 = AXIS2_PLACEMENT_3D ( 'NONE', #468, #233, #762 ) ;
#1685 = VERTEX_POINT ( 'NONE', #278 ) ;
#1686 = VECTOR ( 'NONE', #518, 1000.000000000000000 ) ;
#1687 = PLANE ( 'NONE',  #1055 ) ;
#1688 = ADVANCED_FACE ( 'NONE', ( #1465 ), #409, .F. ) ;
#1689 = DIRECTION ( 'NONE',  ( 0.0000000000000000000, 0.0000000000000000000, -1.000000000000000000 ) ) ;
#1690 = DIRECTION ( 'NONE',  ( -1.000000000000000000, 0.0000000000000000000, -0.0000000000000000000 ) ) ;
#1691 = EDGE_CURVE ( 'NONE', #44, #1042, #1638, .T. ) ;
#1692 = VERTEX_POINT ( 'NONE', #1383 ) ;
#1693 = CLOSED_SHELL ( 'NONE', ( #1527, #782, #397, #446, #849, #547, #55, #1406, #1253, #359 ) ) ;
#1694 = FACE_OUTER_BOUND ( 'NONE', #313, .T. ) ;
#1695 = CARTESIAN_POINT ( 'NONE',  ( 0.0000000000000000000, 6.799999999999999822, 0.0000000000000000000 ) ) ;
#1696 = EDGE_CURVE ( 'NONE', #1467, #1038, #444, .T. ) ;
#1697 = VERTEX_POINT ( 'NONE', #859 ) ;
#1698 = CARTESIAN_POINT ( 'NONE',  ( 1.569999999999999840, 6.799999999999999822, 0.1799999999999997713 ) ) ;
#1699 = VERTEX_POINT ( 'NONE', #1505 ) ;
#1700 = DIRECTION ( 'NONE',  ( 0.0000000000000000000, -1.000000000000000000, -1.172110456741085828E-16 ) ) ;
#1701 = ORIENTED_EDGE ( 'NONE', *, *, #1131, .T. ) ;
#1702 = EDGE_CURVE ( 'NONE', #1224, #522, #211, .T. ) ;
#1703 = PLANE ( 'NONE',  #1009 ) ;
#1704 = CARTESIAN_POINT ( 'NONE',  ( 1.054999999999999938, -3.400000000000001243, 0.0000000000000000000 ) ) ;
#1705 = LINE ( 'NONE', #71, #1319 ) ;
#1706 = ORIENTED_EDGE ( 'NONE', *, *, #1012, .T. ) ;
#1707 = CARTESIAN_POINT ( 'NONE',  ( 2.850000000000000533, 6.999999999999999112, -2.049999999999999378 ) ) ;
#1708 = CARTESIAN_POINT ( 'NONE',  ( -1.570000000000000284, 0.0000000000000000000, 0.8199999999999999512 ) ) ;
ENDSEC;
END-ISO-10303-21;
