ISO-10303-21;
HEADER;
FILE_DESCRIPTION (( 'STEP AP214' ),
    '1' );
FILE_NAME ('9157B6FC-CE5F-430F-BAE4-FF0EF043D8B8.STEP',
    '2026-03-18T16:34:48',
    ( '' ),
    ( '' ),
    'SwSTEP 2.0',
    'SolidWorks 2022',
    '' );
FILE_SCHEMA (( 'AUTOMOTIVE_DESIGN' ));
ENDSEC;

DATA;
#1 = EDGE_LOOP ( 'NONE', ( #2591, #3897, #32, #3151, #3297, #1928, #4399 ) ) ;
#2 = CARTESIAN_POINT ( 'NONE',  ( 0.6949879377428108684, 0.4868854958565307922, 0.5999999999999994227 ) ) ;
#3 = CARTESIAN_POINT ( 'NONE',  ( 0.8142972537612663819, 0.2792012820467528744, 0.5989999999999993108 ) ) ;
#4 = UNCERTAINTY_MEASURE_WITH_UNIT (LENGTH_MEASURE( 1.000000000000000082E-05 ), #5292, 'distance_accuracy_value', 'NONE');
#5 = CARTESIAN_POINT ( 'NONE',  ( 0.6875122381135930771, 0.4866923438396086321, 0.5999999999999994227 ) ) ;
#6 = VECTOR ( 'NONE', #5439, 1000.000000000000000 ) ;
#7 =( LENGTH_UNIT ( ) NAMED_UNIT ( * ) SI_UNIT ( .MILLI., .METRE. ) );
#8 = ORIENTED_EDGE ( 'NONE', *, *, #3845, .F. ) ;
#9 = CARTESIAN_POINT ( 'NONE',  ( 0.5939687804603469568, 0.4636822575454032092, 0.5989999999999993108 ) ) ;
#10 =( GEOMETRIC_REPRESENTATION_CONTEXT ( 3 ) GLOBAL_UNCERTAINTY_ASSIGNED_CONTEXT ( ( #4863 ) ) GLOBAL_UNIT_ASSIGNED_CONTEXT ( ( #4156, #1626, #3328 ) ) REPRESENTATION_CONTEXT ( 'NONE', 'WORKASPACE' ) );
#11 = SURFACE_STYLE_FILL_AREA ( #1670 ) ;
#12 = CARTESIAN_POINT ( 'NONE',  ( 0.4716113143661876395, -0.3235041145330797008, 0.5989999999999994218 ) ) ;
#13 = STYLED_ITEM ( 'NONE', ( #434 ), #3902 ) ;
#14 =( GEOMETRIC_REPRESENTATION_CONTEXT ( 3 ) GLOBAL_UNCERTAINTY_ASSIGNED_CONTEXT ( ( #3402 ) ) GLOBAL_UNIT_ASSIGNED_CONTEXT ( ( #1093, #4594, #695 ) ) REPRESENTATION_CONTEXT ( 'NONE', 'WORKASPACE' ) );
#15 = B_SPLINE_SURFACE_WITH_KNOTS ( 'NONE', 3, 1, ( 
 ( #1953, #2238 ),
 ( #4436, #2267 ),
 ( #201, #626 ),
 ( #3551, #1792 ),
 ( #5197, #3503 ),
 ( #5299, #3527 ),
 ( #1000, #974 ),
 ( #1411, #3107 ),
 ( #2648, #4365 ),
 ( #3190, #537 ),
 ( #4802, #1839 ),
 ( #2318, #1441 ),
 ( #4834, #4026 ),
 ( #4885, #1074 ),
 ( #2757, #3941 ),
 ( #120, #1292 ),
 ( #738, #1101 ),
 ( #2419, #2361 ),
 ( #4128, #5105 ) ),
 .UNSPECIFIED., .F., .F., .F.,
 ( 4, 1, 1, 1, 1, 1, 1, 1, 1, 1, 1, 1, 1, 1, 1, 1, 4 ),
 ( 2, 2 ),
 ( 0.0000000000000000000, 0.07278041585726051366, 0.1421477661410811000, 0.2091827705192677578, 0.2742917701525877106, 0.3377688011273005109, 0.4007572236760685302, 0.4628012679375338445, 0.5255951311873973131, 0.5875404891381657002, 0.6475290235975744713, 0.7063226117617446009, 0.7636995326185601618, 0.8213742411629880724, 0.8796189551866803180, 0.9389099248298984346, 1.000000000000000000 ),
 ( 0.0000000000000000000, 1.000000000000000000 ),
 .UNSPECIFIED. ) ;
#16 =( LENGTH_UNIT ( ) NAMED_UNIT ( * ) SI_UNIT ( .MILLI., .METRE. ) );
#17 = CARTESIAN_POINT ( 'NONE',  ( -1.000137408964721253, -0.1570443995873251619, 0.5989999999999991998 ) ) ;
#18 = EDGE_CURVE ( 'NONE', #454, #4493, #3870, .T. ) ;
#19 = ORIENTED_EDGE ( 'NONE', *, *, #4476, .T. ) ;
#20 = ADVANCED_FACE ( 'NONE', ( #5207 ), #1614, .T. ) ;
#21 = PRESENTATION_STYLE_ASSIGNMENT (( #1741 ) ) ;
#22 = PRESENTATION_STYLE_ASSIGNMENT (( #2543 ) ) ;
#23 = SURFACE_STYLE_USAGE ( .BOTH. , #4679 ) ;
#24 = VERTEX_POINT ( 'NONE', #3120 ) ;
#25 = ORIENTED_EDGE ( 'NONE', *, *, #2456, .F. ) ;
#26 = CARTESIAN_POINT ( 'NONE',  ( -0.3410510232961501687, -0.2507768418058070048, 0.5989999999999994218 ) ) ;
#27 = CARTESIAN_POINT ( 'NONE',  ( -0.8828416285883217141, -0.01742567407984661754, 0.5989999999999994218 ) ) ;
#28 = B_SPLINE_CURVE_WITH_KNOTS ( 'NONE', 3,
 ( #2183, #3056, #1280, #3358, #41, #3890, #2992, #3863, #2573, #67, #3444, #1767, #1336, #3476, #4754, #949, #2628, #4342, #509 ),
 .UNSPECIFIED., .F., .F.,
 ( 4, 1, 1, 1, 1, 1, 1, 1, 1, 1, 1, 1, 1, 1, 1, 1, 4 ),
 ( 0.0000000000000000000, 0.07152128527813915448, 0.1409085920610134435, 0.2081481640820325996, 0.2739483020399252067, 0.3386781189449243334, 0.4025137052908072111, 0.4663027642352127744, 0.5299468537417456604, 0.5923596431366302539, 0.6518067656789378050, 0.7096549910940238570, 0.7661428078629993754, 0.8225137027642707155, 0.8796980306125233851, 0.9385876062756592919, 1.000000000000000000 ),
 .UNSPECIFIED. ) ;
#29 = CARTESIAN_POINT ( 'NONE',  ( -0.6301263308066837876, 0.2840300874361456618, 0.5999999999999996447 ) ) ;
#30 = CARTESIAN_POINT ( 'NONE',  ( 0.05764116356589651935, 0.2085066440133323262, 0.5989999999999991998 ) ) ;
#31 = FILL_AREA_STYLE ('',( #1753 ) ) ;
#32 = ORIENTED_EDGE ( 'NONE', *, *, #3421, .T. ) ;
#33 = LINE ( 'NONE', #55, #4056 ) ;
#34 = LINE ( 'NONE', #3463, #3922 ) ;
#35 = CARTESIAN_POINT ( 'NONE',  ( -1.045271802516929416, 0.2479244568954917793, 0.5999999999999994227 ) ) ;
#36 = MECHANICAL_DESIGN_GEOMETRIC_PRESENTATION_REPRESENTATION (  '', ( #4757 ), #2168 ) ;
#37 =( NAMED_UNIT ( * ) SI_UNIT ( $, .STERADIAN. ) SOLID_ANGLE_UNIT ( ) );
#38 = CARTESIAN_POINT ( 'NONE',  ( -0.3389406336857606616, 0.1232491322201671041, 0.5999999999999995337 ) ) ;
#39 = PRESENTATION_LAYER_ASSIGNMENT (  '', '', ( #2173 ) ) ;
#40 = CARTESIAN_POINT ( 'NONE',  ( -0.8917003739455009459, -0.02658853011749527998, 0.5989999999999994218 ) ) ;
#41 = CARTESIAN_POINT ( 'NONE',  ( -0.1286828690472077152, -0.1336120859153790696, 0.5999999999999992006 ) ) ;
#42 = STYLED_ITEM ( 'NONE', ( #3353 ), #4959 ) ;
#43 = ORIENTED_EDGE ( 'NONE', *, *, #2563, .F. ) ;
#44 = SURFACE_SIDE_STYLE ('',( #425 ) ) ;
#45 = SURFACE_SIDE_STYLE ('',( #2577 ) ) ;
#46 = CARTESIAN_POINT ( 'NONE',  ( 0.7830005377784967635, 0.1530822246272082188, 0.5989999999999991998 ) ) ;
#47 = CARTESIAN_POINT ( 'NONE',  ( -0.3402393349844617942, -0.3338937249226900938, 0.5989999999999994218 ) ) ;
#48 = CARTESIAN_POINT ( 'NONE',  ( 0.8945424975563011083, 0.3050103214907983751, 0.5999999999999992006 ) ) ;
#49 = FILL_AREA_STYLE ('',( #1293 ) ) ;
#50 = CARTESIAN_POINT ( 'NONE',  ( 0.8975853403402136443, 0.2626971841682190778, 0.5999999999999994227 ) ) ;
#51 = EDGE_CURVE ( 'NONE', #4980, #4506, #1450, .T. ) ;
#52 = ADVANCED_FACE ( 'NONE', ( #157 ), #4840, .T. ) ;
#53 = CARTESIAN_POINT ( 'NONE',  ( 0.6919035221583953454, 0.4037686127396476476, 0.5999999999999994227 ) ) ;
#54 = SURFACE_STYLE_USAGE ( .BOTH. , #1727 ) ;
#55 = CARTESIAN_POINT ( 'NONE',  ( 0.8975853403402136443, -0.2299976210265861909, 0.5989999999999994218 ) ) ;
#56 = CARTESIAN_POINT ( 'NONE',  ( -0.7211013571338922290, 0.2078815365224028766, 0.5999999999999993117 ) ) ;
#57 = SURFACE_STYLE_FILL_AREA ( #2174 ) ;
#58 = UNCERTAINTY_MEASURE_WITH_UNIT (LENGTH_MEASURE( 1.000000000000000082E-05 ), #7, 'distance_accuracy_value', 'NONE');
#59 = CARTESIAN_POINT ( 'NONE',  ( -0.7988295081255604169, 0.3984312917504232443, 0.5999999999999993117 ) ) ;
#60 = FILL_AREA_STYLE ('',( #473 ) ) ;
#61 = CARTESIAN_POINT ( 'NONE',  ( -0.2250046014768710689, 0.1793051118886736517, 0.5989999999999993108 ) ) ;
#62 = B_SPLINE_CURVE_WITH_KNOTS ( 'NONE', 3,
 ( #63, #3080, #92, #1276, #504, #2964, #3470, #4749, #2152, #3050, #3886, #944, #2623 ),
 .UNSPECIFIED., .F., .F.,
 ( 4, 1, 1, 1, 1, 1, 1, 1, 1, 1, 4 ),
 ( 0.0000000000000000000, 0.1227496676134339215, 0.2345844757249740953, 0.3360613725792332973, 0.4265798447320827691, 0.5068085108969699881, 0.5755457069859369890, 0.6345771878879880035, 0.6821573405218308572, 0.8461889169654402965, 1.000000000000000000 ),
 .UNSPECIFIED. ) ;
#63 = CARTESIAN_POINT ( 'NONE',  ( -0.8178367375818644813, -0.07464047816944333058, 0.5989999999999994218 ) ) ;
#64 = ORIENTED_EDGE ( 'NONE', *, *, #2422, .F. ) ;
#65 = CARTESIAN_POINT ( 'NONE',  ( 0.5021116384199095783, 0.3519313413877854235, 0.5989999999999995328 ) ) ;
#66 = CARTESIAN_POINT ( 'NONE',  ( -3.180000000000000604, -1.600000000000000089, 0.5800000000000001821 ) ) ;
#67 = CARTESIAN_POINT ( 'NONE',  ( -0.1797545830463826433, -0.2508763903744602453, 0.5999999999999993117 ) ) ;
#68 = VERTEX_POINT ( 'NONE', #2717 ) ;
#69 = DIRECTION ( 'NONE',  ( 1.000000000000000000, 0.0000000000000000000, 0.0000000000000000000 ) ) ;
#70 = MECHANICAL_DESIGN_GEOMETRIC_PRESENTATION_REPRESENTATION (  '', ( #1669 ), #334 ) ;
#71 = CARTESIAN_POINT ( 'NONE',  ( -0.4609658886920791065, -0.1136402095270459267, 0.5999999999999994227 ) ) ;
#72 =( NAMED_UNIT ( * ) PLANE_ANGLE_UNIT ( ) SI_UNIT ( $, .RADIAN. ) );
#73 = ORIENTED_EDGE ( 'NONE', *, *, #4590, .T. ) ;
#74 = EDGE_LOOP ( 'NONE', ( #3681, #3172, #589, #2083 ) ) ;
#75 = COLOUR_RGB ( '',1.000000000000000000, 1.000000000000000000, 1.000000000000000000 ) ;
#76 = PLANE ( 'NONE',  #1944 ) ;
#77 = CARTESIAN_POINT ( 'NONE',  ( -0.2060872843534532484, -0.09820236518677413762, 0.5999999999999994227 ) ) ;
#78 = CARTESIAN_POINT ( 'NONE',  ( 0.6119061571153961987, 0.4723541777077954196, 0.5999999999999995337 ) ) ;
#79 = VECTOR ( 'NONE', #4120, 1000.000000000000000 ) ;
#80 = CARTESIAN_POINT ( 'NONE',  ( 0.1466538527269783676, 0.2748909207182292369, 0.5989999999999993108 ) ) ;
#81 = CARTESIAN_POINT ( 'NONE',  ( 0.7182332261308967958, -0.06509061353557854535, 0.5999999999999994227 ) ) ;
#82 = ORIENTED_EDGE ( 'NONE', *, *, #1650, .T. ) ;
#83 = DIRECTION ( 'NONE',  ( -0.7071067811865552333, 0.0000000000000000000, 0.7071067811865398012 ) ) ;
#84 = DIRECTION ( 'NONE',  ( -0.0000000000000000000, -0.0000000000000000000, 1.000000000000000000 ) ) ;
#85 = ADVANCED_FACE ( 'NONE', ( #5334 ), #1424, .F. ) ;
#86 = EDGE_CURVE ( 'NONE', #2519, #1030, #2013, .T. ) ;
#87 = VECTOR ( 'NONE', #685, 1000.000000000000000 ) ;
#88 = CARTESIAN_POINT ( 'NONE',  ( 0.5923583511377197297, -0.07296912346077934208, 0.5989999999999996438 ) ) ;
#89 = SURFACE_STYLE_USAGE ( .BOTH. , #3046 ) ;
#90 =( NAMED_UNIT ( * ) SI_UNIT ( $, .STERADIAN. ) SOLID_ANGLE_UNIT ( ) );
#91 = LINE ( 'NONE', #3911, #1808 ) ;
#92 = CARTESIAN_POINT ( 'NONE',  ( -0.8340944995343259061, -0.09193794521547518639, 0.5989999999999993108 ) ) ;
#93 = ORIENTED_EDGE ( 'NONE', *, *, #4421, .F. ) ;
#94 = VECTOR ( 'NONE', #3088, 1000.000000000000000 ) ;
#95 = CARTESIAN_POINT ( 'NONE',  ( 0.1466538527269783676, 0.2748909207182292369, 0.5989999999999994218 ) ) ;
#96 =( GEOMETRIC_REPRESENTATION_CONTEXT ( 3 ) GLOBAL_UNCERTAINTY_ASSIGNED_CONTEXT ( ( #2112 ) ) GLOBAL_UNIT_ASSIGNED_CONTEXT ( ( #969, #4746, #443 ) ) REPRESENTATION_CONTEXT ( 'NONE', 'WORKASPACE' ) );
#97 = CARTESIAN_POINT ( 'NONE',  ( -1.030048086590753975, -0.2120101229100117002, 0.5989999999999994218 ) ) ;
#98 = PRESENTATION_LAYER_ASSIGNMENT (  '', '', ( #13 ) ) ;
#99 =( GEOMETRIC_REPRESENTATION_CONTEXT ( 3 ) GLOBAL_UNCERTAINTY_ASSIGNED_CONTEXT ( ( #2552 ) ) GLOBAL_UNIT_ASSIGNED_CONTEXT ( ( #5364, #5336, #2016 ) ) REPRESENTATION_CONTEXT ( 'NONE', 'WORKASPACE' ) );
#100 = VERTEX_POINT ( 'NONE', #2045 ) ;
#101 = CARTESIAN_POINT ( 'NONE',  ( -0.9413756986208254851, -0.2299976210265861909, 0.5989999999999994218 ) ) ;
#102 = FACE_OUTER_BOUND ( 'NONE', #3270, .T. ) ;
#103 = CARTESIAN_POINT ( 'NONE',  ( 2.640000000000000568, 1.600000000000000089, 0.6000000000000000888 ) ) ;
#104 = SURFACE_SIDE_STYLE ('',( #3488 ) ) ;
#105 = ORIENTED_EDGE ( 'NONE', *, *, #1052, .T. ) ;
#106 = CARTESIAN_POINT ( 'NONE',  ( 0.1805994379961249063, 0.4310012648690739190, 0.5989999999999995328 ) ) ;
#107 = CARTESIAN_POINT ( 'NONE',  ( -0.2343523156347147030, -0.1849631293548023026, 0.5999999999999995337 ) ) ;
#108 = CARTESIAN_POINT ( 'NONE',  ( 0.1807022234570966335, 0.3102621192331541655, 0.5989999999999994218 ) ) ;
#109 = CARTESIAN_POINT ( 'NONE',  ( 0.8471730499670537817, 0.09500904247475640274, 0.5989999999999993108 ) ) ;
#110 = ORIENTED_EDGE ( 'NONE', *, *, #3195, .T. ) ;
#111 = DIRECTION ( 'NONE',  ( -0.0000000000000000000, -0.0000000000000000000, 1.000000000000000000 ) ) ;
#112 = CARTESIAN_POINT ( 'NONE',  ( -0.7838929459334267325, 0.09439854205510410379, 0.5999999999999994227 ) ) ;
#113 = CARTESIAN_POINT ( 'NONE',  ( -0.3341730978150681541, 0.1230668875759320657, 0.5989999999999994218 ) ) ;
#114 = PRESENTATION_LAYER_ASSIGNMENT (  '', '', ( #1549 ) ) ;
#115 = LINE ( 'NONE', #3166, #2073 ) ;
#116 = DIRECTION ( 'NONE',  ( 0.0000000000000000000, 0.0000000000000000000, 1.000000000000000000 ) ) ;
#117 = EDGE_CURVE ( 'NONE', #2896, #1615, #3169, .T. ) ;
#118 = CARTESIAN_POINT ( 'NONE',  ( -0.3470664758681836770, -0.3336982129504051375, 0.5999999999999995337 ) ) ;
#119 = SURFACE_STYLE_FILL_AREA ( #4491 ) ;
#120 = CARTESIAN_POINT ( 'NONE',  ( 0.7167221027205045170, 0.4015845363015858038, 0.5989999999999995328 ) ) ;
#121 = PRESENTATION_LAYER_ASSIGNMENT (  '', '', ( #4309 ) ) ;
#122 = VERTEX_POINT ( 'NONE', #2828 ) ;
#123 = CARTESIAN_POINT ( 'NONE',  ( -0.4424038131161381893, -0.1776122302067664194, 0.5999999999999995337 ) ) ;
#124 = CARTESIAN_POINT ( 'NONE',  ( -0.2853871420587245633, 0.1118844203733763698, 0.5999999999999992006 ) ) ;
#125 = PRESENTATION_LAYER_ASSIGNMENT (  '', '', ( #5365 ) ) ;
#126 = EDGE_CURVE ( 'NONE', #3033, #3477, #4533, .T. ) ;
#127 = PRESENTATION_STYLE_ASSIGNMENT (( #1005 ) ) ;
#128 = ORIENTED_EDGE ( 'NONE', *, *, #1981, .F. ) ;
#129 = COLOUR_RGB ( '',1.000000000000000000, 1.000000000000000000, 1.000000000000000000 ) ;
#130 = DIRECTION ( 'NONE',  ( 0.0000000000000000000, 0.0000000000000000000, -1.000000000000000000 ) ) ;
#131 = CARTESIAN_POINT ( 'NONE',  ( 3.180000000000000604, -1.600000000000000089, 0.5799999999999995159 ) ) ;
#132 =( NAMED_UNIT ( * ) SI_UNIT ( $, .STERADIAN. ) SOLID_ANGLE_UNIT ( ) );
#133 = ORIENTED_EDGE ( 'NONE', *, *, #3196, .T. ) ;
#134 = CARTESIAN_POINT ( 'NONE',  ( -0.4195074785896298342, 0.09123797559754277808, 0.5999999999999993117 ) ) ;
#135 =( NAMED_UNIT ( * ) PLANE_ANGLE_UNIT ( ) SI_UNIT ( $, .RADIAN. ) );
#136 = CARTESIAN_POINT ( 'NONE',  ( -0.2133901205494594111, -0.1364716312289790123, 0.5999999999999996447 ) ) ;
#137 = CARTESIAN_POINT ( 'NONE',  ( -0.9535041984945639149, 0.3083447744437438631, 0.5999999999999994227 ) ) ;
#138 = CARTESIAN_POINT ( 'NONE',  ( -0.6449915258030597398, 0.1683365304416480357, 0.5999999999999994227 ) ) ;
#139 = CARTESIAN_POINT ( 'NONE',  ( 0.8339180724832953029, 0.07512048296998236063, 0.5999999999999994227 ) ) ;
#140 = ORIENTED_EDGE ( 'NONE', *, *, #3676, .T. ) ;
#141 =( GEOMETRIC_REPRESENTATION_CONTEXT ( 3 ) GLOBAL_UNCERTAINTY_ASSIGNED_CONTEXT ( ( #3024 ) ) GLOBAL_UNIT_ASSIGNED_CONTEXT ( ( #3626, #2306, #1458 ) ) REPRESENTATION_CONTEXT ( 'NONE', 'WORKASPACE' ) );
#142 = SURFACE_STYLE_FILL_AREA ( #876 ) ;
#143 = CARTESIAN_POINT ( 'NONE',  ( 0.4728801387029463177, -0.2937120445264359558, 0.5989999999999993108 ) ) ;
#144 = LINE ( 'NONE', #1026, #3220 ) ;
#145 =( NAMED_UNIT ( * ) PLANE_ANGLE_UNIT ( ) SI_UNIT ( $, .RADIAN. ) );
#146 = CARTESIAN_POINT ( 'NONE',  ( -0.4738432310883579079, 0.4661062750773100061, 0.5989999999999994218 ) ) ;
#147 = CARTESIAN_POINT ( 'NONE',  ( -0.4667102583828598994, -0.2875615973438552797, 0.5999999999999997558 ) ) ;
#148 = CARTESIAN_POINT ( 'NONE',  ( -0.8617850467415897331, 0.4011674935311634882, 0.5989999999999994218 ) ) ;
#149 = VERTEX_POINT ( 'NONE', #4117 ) ;
#150 = CARTESIAN_POINT ( 'NONE',  ( 0.7038512032577539657, -0.08058241898320976648, 0.5999999999999996447 ) ) ;
#151 = DIRECTION ( 'NONE',  ( 0.0000000000000000000, 0.0000000000000000000, -1.000000000000000000 ) ) ;
#152 = CARTESIAN_POINT ( 'NONE',  ( -0.2060872843534532484, -0.09820236518677413762, 0.5989999999999993108 ) ) ;
#153 = ORIENTED_EDGE ( 'NONE', *, *, #5131, .T. ) ;
#154 = EDGE_CURVE ( 'NONE', #2518, #3057, #294, .T. ) ;
#155 = ADVANCED_FACE ( 'NONE', ( #1583 ), #1196, .T. ) ;
#156 = PRESENTATION_STYLE_ASSIGNMENT (( #4086 ) ) ;
#157 = FACE_OUTER_BOUND ( 'NONE', #4033, .T. ) ;
#158 = VERTEX_POINT ( 'NONE', #5444 ) ;
#159 = DIRECTION ( 'NONE',  ( 0.0000000000000000000, -1.000000000000000000, 2.851281041648723895E-13 ) ) ;
#160 = CARTESIAN_POINT ( 'NONE',  ( -0.2766272643534075093, -0.2304491690621881805, 0.5989999999999991998 ) ) ;
#161 = UNCERTAINTY_MEASURE_WITH_UNIT (LENGTH_MEASURE( 1.000000000000000082E-05 ), #3608, 'distance_accuracy_value', 'NONE');
#162 = CARTESIAN_POINT ( 'NONE',  ( 3.180000000000000604, -1.600000000000000089, 0.5799999999999995159 ) ) ;
#163 = CARTESIAN_POINT ( 'NONE',  ( -0.6933546547894317014, 0.07512048296998234675, 0.5989999999999994218 ) ) ;
#164 = SURFACE_SIDE_STYLE ('',( #3130 ) ) ;
#165 = ORIENTED_EDGE ( 'NONE', *, *, #1286, .F. ) ;
#166 = CARTESIAN_POINT ( 'NONE',  ( -0.7457989493385002167, 0.006421835696647671711, 0.5989999999999994218 ) ) ;
#167 = DIRECTION ( 'NONE',  ( 1.000000000000000000, 0.0000000000000000000, 7.803232871773135619E-14 ) ) ;
#168 = PLANE ( 'NONE',  #2044 ) ;
#169 = VECTOR ( 'NONE', #5096, 1000.000000000000000 ) ;
#170 = CARTESIAN_POINT ( 'NONE',  ( 2.620000000000000995, 1.600000000000000089, 0.5799999999999994049 ) ) ;
#171 = CARTESIAN_POINT ( 'NONE',  ( 3.180000000000000604, 1.600000000000000089, 0.5800000000000001821 ) ) ;
#172 =( NAMED_UNIT ( * ) SI_UNIT ( $, .STERADIAN. ) SOLID_ANGLE_UNIT ( ) );
#173 = CARTESIAN_POINT ( 'NONE',  ( 0.6784522527461921415, 0.4034864214212003364, 0.5999999999999992006 ) ) ;
#174 = ORIENTED_EDGE ( 'NONE', *, *, #246, .F. ) ;
#175 = CARTESIAN_POINT ( 'NONE',  ( 0.5858970286519020743, -0.2299976210265862187, 0.5999999999999994227 ) ) ;
#176 = FILL_AREA_STYLE_COLOUR ( '', #4632 ) ;
#177 = PRESENTATION_LAYER_ASSIGNMENT (  '', '', ( #4723 ) ) ;
#178 = MECHANICAL_DESIGN_GEOMETRIC_PRESENTATION_REPRESENTATION (  '', ( #1681 ), #2315 ) ;
#179 = CARTESIAN_POINT ( 'NONE',  ( -0.6515891170994717596, 0.1500081165400486416, 0.5999999999999992006 ) ) ;
#180 = CARTESIAN_POINT ( 'NONE',  ( -2.620000000000000107, 1.600000000000000089, 0.5800000000000001821 ) ) ;
#181 = VERTEX_POINT ( 'NONE', #1656 ) ;
#182 = STYLED_ITEM ( 'NONE', ( #4883 ), #1886 ) ;
#183 =( NAMED_UNIT ( * ) SI_UNIT ( $, .STERADIAN. ) SOLID_ANGLE_UNIT ( ) );
#184 = COLOUR_RGB ( '',1.000000000000000000, 1.000000000000000000, 1.000000000000000000 ) ;
#185 = FILL_AREA_STYLE_COLOUR ( '', #3063 ) ;
#186 = EDGE_CURVE ( 'NONE', #481, #2110, #1308, .T. ) ;
#187 = EDGE_CURVE ( 'NONE', #3819, #1851, #2212, .T. ) ;
#188 = ORIENTED_EDGE ( 'NONE', *, *, #4589, .T. ) ;
#189 =( NAMED_UNIT ( * ) SI_UNIT ( $, .STERADIAN. ) SOLID_ANGLE_UNIT ( ) );
#190 =( GEOMETRIC_REPRESENTATION_CONTEXT ( 3 ) GLOBAL_UNCERTAINTY_ASSIGNED_CONTEXT ( ( #4406 ) ) GLOBAL_UNIT_ASSIGNED_CONTEXT ( ( #3586, #4058, #4474 ) ) REPRESENTATION_CONTEXT ( 'NONE', 'WORKASPACE' ) );
#191 = FACE_OUTER_BOUND ( 'NONE', #74, .T. ) ;
#192 = ORIENTED_EDGE ( 'NONE', *, *, #807, .F. ) ;
#193 = CARTESIAN_POINT ( 'NONE',  ( 0.4715915914895517647, -0.3186320349971067944, 0.5989999999999994218 ) ) ;
#194 = SURFACE_STYLE_FILL_AREA ( #220 ) ;
#195 = CARTESIAN_POINT ( 'NONE',  ( 0.6253011609488066114, -0.1680150325793639265, 0.5989999999999993108 ) ) ;
#196 = CARTESIAN_POINT ( 'NONE',  ( -0.4116376649526924947, -0.2214367592382607830, 0.5989999999999994218 ) ) ;
#197 = CARTESIAN_POINT ( 'NONE',  ( -0.3992056025518821438, -0.3258093435062885401, 0.5999999999999994227 ) ) ;
#198 = LINE ( 'NONE', #245, #3214 ) ;
#199 = CARTESIAN_POINT ( 'NONE',  ( -0.9620992959896705887, 0.2440338272302541023, 0.5989999999999994218 ) ) ;
#200 = B_SPLINE_CURVE_WITH_KNOTS ( 'NONE', 3,
 ( #2091, #3797, #3437, #5486, #2985, #5137, #3377, #5111, #1327, #1668, #5084, #1272, #9, #2959, #2530, #4660, #1701, #1301, #3857 ),
 .UNSPECIFIED., .F., .F.,
 ( 4, 1, 1, 1, 1, 1, 1, 1, 1, 1, 1, 1, 1, 1, 1, 1, 4 ),
 ( 0.0000000000000000000, 0.08100969503787953940, 0.1571624851194886596, 0.2293186239864792864, 0.2971995747160035561, 0.3619501700138806344, 0.4237206412699676683, 0.4831222440402864748, 0.5409816837709602311, 0.5976614915012095075, 0.6531809217988240324, 0.7078518819289706387, 0.7635482905380024388, 0.8195365889150290073, 0.8776400206428153217, 0.9374543783683156883, 1.000000000000000000 ),
 .UNSPECIFIED. ) ;
#201 = CARTESIAN_POINT ( 'NONE',  ( 0.8142972537612663819, 0.2792012820467528744, 0.5989999999999993108 ) ) ;
#202 = ORIENTED_EDGE ( 'NONE', *, *, #3196, .F. ) ;
#203 = CARTESIAN_POINT ( 'NONE',  ( -0.3410510232961501687, -0.2507768418058070048, 0.5989999999999994218 ) ) ;
#204 = DIRECTION ( 'NONE',  ( 0.0000000000000000000, 1.000000000000000000, 0.0000000000000000000 ) ) ;
#205 = DIRECTION ( 'NONE',  ( 0.0000000000000000000, 1.000000000000000000, 0.0000000000000000000 ) ) ;
#206 = ORIENTED_EDGE ( 'NONE', *, *, #5494, .F. ) ;
#207 = CARTESIAN_POINT ( 'NONE',  ( -0.8234215240149733717, -0.08058241898320972485, 0.5989999999999993108 ) ) ;
#208 = CARTESIAN_POINT ( 'NONE',  ( -0.3465524558955050960, 0.2052599599961105470, 0.5989999999999991998 ) ) ;
#209 = STYLED_ITEM ( 'NONE', ( #127 ), #4445 ) ;
#210 = ORIENTED_EDGE ( 'NONE', *, *, #5160, .F. ) ;
#211 = PLANE ( 'NONE',  #613 ) ;
#212 = CARTESIAN_POINT ( 'NONE',  ( -0.8090395011418305415, -0.06509061353557854535, 0.5989999999999995328 ) ) ;
#213 = ORIENTED_EDGE ( 'NONE', *, *, #5495, .T. ) ;
#214 =( NAMED_UNIT ( * ) PLANE_ANGLE_UNIT ( ) SI_UNIT ( $, .RADIAN. ) );
#215 = CARTESIAN_POINT ( 'NONE',  ( -3.200000000000000622, -1.600000000000000089, 0.6000000000000000888 ) ) ;
#216 = STYLED_ITEM ( 'NONE', ( #2444 ), #5263 ) ;
#217 = CARTESIAN_POINT ( 'NONE',  ( -0.7129754735114607334, 0.2792012820467528744, 0.5999999999999993117 ) ) ;
#218 = UNCERTAINTY_MEASURE_WITH_UNIT (LENGTH_MEASURE( 1.000000000000000082E-05 ), #2564, 'distance_accuracy_value', 'NONE');
#219 = ADVANCED_FACE ( 'NONE', ( #1739 ), #4671, .T. ) ;
#220 = FILL_AREA_STYLE ('',( #1516 ) ) ;
#221 = ADVANCED_FACE ( 'NONE', ( #2508 ), #400, .F. ) ;
#222 = PRESENTATION_STYLE_ASSIGNMENT (( #1098 ) ) ;
#223 = CARTESIAN_POINT ( 'NONE',  ( -3.200000000000000178, -1.600000000000000089, 2.510525938252074186E-16 ) ) ;
#224 =( NAMED_UNIT ( * ) PLANE_ANGLE_UNIT ( ) SI_UNIT ( $, .RADIAN. ) );
#225 = CARTESIAN_POINT ( 'NONE',  ( 0.6530652392539876283, 0.3980652263424302451, 0.5999999999999993117 ) ) ;
#226 = VERTEX_POINT ( 'NONE', #5093 ) ;
#227 = CARTESIAN_POINT ( 'NONE',  ( -0.4025393813215543681, -0.2291954529845501853, 0.5989999999999993108 ) ) ;
#228 = DIRECTION ( 'NONE',  ( 1.000000000000000000, 0.0000000000000000000, 0.0000000000000000000 ) ) ;
#229 = FACE_OUTER_BOUND ( 'NONE', #4427, .T. ) ;
#230 = CARTESIAN_POINT ( 'NONE',  ( -0.1212084454386107291, -0.02280251385401481021, 0.5999999999999996447 ) ) ;
#231 = ORIENTED_EDGE ( 'NONE', *, *, #1749, .F. ) ;
#232 = CARTESIAN_POINT ( 'NONE',  ( -0.9019715663239212811, -0.1680150325793638710, 0.5999999999999993117 ) ) ;
#233 = CARTESIAN_POINT ( 'NONE',  ( 0.7094359896908629670, -0.07464047816944333058, 0.5999999999999994227 ) ) ;
#234 = CARTESIAN_POINT ( 'NONE',  ( -0.3768538047486300613, 0.1991695675494296325, 0.5989999999999996438 ) ) ;
#235 = CARTESIAN_POINT ( 'NONE',  ( -0.3260361668797057133, 0.2059960941554443148, 0.5989999999999994218 ) ) ;
#236 = CARTESIAN_POINT ( 'NONE',  ( 0.6645011332477133159, -0.1233171453104228016, 0.5999999999999994227 ) ) ;
#237 = ORIENTED_EDGE ( 'NONE', *, *, #2950, .F. ) ;
#238 = FILL_AREA_STYLE ('',( #1991 ) ) ;
#239 = ORIENTED_EDGE ( 'NONE', *, *, #4284, .F. ) ;
#240 = FACE_OUTER_BOUND ( 'NONE', #1065, .T. ) ;
#241 = COLOUR_RGB ( '',1.000000000000000000, 1.000000000000000000, 1.000000000000000000 ) ;
#242 = LINE ( 'NONE', #2777, #5424 ) ;
#243 = CARTESIAN_POINT ( 'NONE',  ( 0.8975853403402136443, 0.2626971841682190778, 0.5999999999999994227 ) ) ;
#244 = PRESENTATION_LAYER_ASSIGNMENT (  '', '', ( #2650 ) ) ;
#245 = CARTESIAN_POINT ( 'NONE',  ( 0.1807022234570966057, -0.3235041145330797008, 0.5989999999999994218 ) ) ;
#246 = EDGE_CURVE ( 'NONE', #1980, #4493, #28, .T. ) ;
#247 = CARTESIAN_POINT ( 'NONE',  ( -2.600000000000000533, -1.600000000000000089, 0.5999999999999994227 ) ) ;
#248 = EDGE_CURVE ( 'NONE', #4202, #505, #5276, .T. ) ;
#249 = ORIENTED_EDGE ( 'NONE', *, *, #4993, .F. ) ;
#250 = COLOUR_RGB ( '',0.7921568627450980005, 0.8196078431372548767, 0.9333333333333333481 ) ;
#251 = CARTESIAN_POINT ( 'NONE',  ( -0.7128042700493969486, 0.2643205607915956046, 0.5989999999999994218 ) ) ;
#252 = CARTESIAN_POINT ( 'NONE',  ( -1.055661412906539809, -0.3235041145330797008, 0.5989999999999994218 ) ) ;
#253 = B_SPLINE_CURVE_WITH_KNOTS ( 'NONE', 3,
 ( #2762, #4398, #3977, #1844, #4001, #3556, #3148, #179, #2734, #629, #4471, #370, #1216, #5057, #4077, #684, #3284, #2068, #746 ),
 .UNSPECIFIED., .F., .F.,
 ( 4, 1, 1, 1, 1, 1, 1, 1, 1, 1, 1, 1, 1, 1, 1, 1, 4 ),
 ( 0.0000000000000000000, 0.04878347937587418359, 0.09693138956973625098, 0.1450915008017279184, 0.1933977841194992053, 0.2422569075037526998, 0.2911229018096241350, 0.3408352192596668662, 0.3915951061367907715, 0.4457719150393740781, 0.5061126198317954517, 0.5725064867171756333, 0.6449505620533899641, 0.7242299195761305874, 0.8096884027761079849, 0.9016917347513256908, 1.000000000000000000 ),
 .UNSPECIFIED. ) ;
#254 = DIRECTION ( 'NONE',  ( -0.9899881280612247147, 0.1411506510712295104, 0.0000000000000000000 ) ) ;
#255 = VECTOR ( 'NONE', #955, 1000.000000000000000 ) ;
#256 = CARTESIAN_POINT ( 'NONE',  ( -0.1282332377673777724, 0.03042685219779760891, 0.5999999999999993117 ) ) ;
#257 = CARTESIAN_POINT ( 'NONE',  ( -0.1648654115453548896, 0.1187097981505158412, 0.5999999999999994227 ) ) ;
#258 = ORIENTED_EDGE ( 'NONE', *, *, #1185, .F. ) ;
#259 = CARTESIAN_POINT ( 'NONE',  ( -0.7319738159882027695, 0.1783859920615025740, 0.5989999999999994218 ) ) ;
#260 = FACE_OUTER_BOUND ( 'NONE', #1259, .T. ) ;
#261 =( NAMED_UNIT ( * ) SI_UNIT ( $, .STERADIAN. ) SOLID_ANGLE_UNIT ( ) );
#262 = VECTOR ( 'NONE', #1186, 1000.000000000000000 ) ;
#263 = VECTOR ( 'NONE', #3383, 1000.000000000000227 ) ;
#264 = CARTESIAN_POINT ( 'NONE',  ( 0.0000000000000000000, -1.600000000000000089, 0.0000000000000000000 ) ) ;
#265 = EDGE_LOOP ( 'NONE', ( #379, #2325, #669, #1679 ) ) ;
#266 = CARTESIAN_POINT ( 'NONE',  ( -1.021690001304250028, -0.1943313268563209573, 0.5999999999999994227 ) ) ;
#267 = CARTESIAN_POINT ( 'NONE',  ( 0.6931782277384013202, -0.09193794521547524190, 0.5999999999999995337 ) ) ;
#268 = AXIS2_PLACEMENT_3D ( 'NONE', #758, #4600, #4041 ) ;
#269 =( GEOMETRIC_REPRESENTATION_CONTEXT ( 3 ) GLOBAL_UNCERTAINTY_ASSIGNED_CONTEXT ( ( #4 ) ) GLOBAL_UNIT_ASSIGNED_CONTEXT ( ( #5292, #2643, #1068 ) ) REPRESENTATION_CONTEXT ( 'NONE', 'WORKASPACE' ) );
#270 = VERTEX_POINT ( 'NONE', #3979 ) ;
#271 = SURFACE_SIDE_STYLE ('',( #1202 ) ) ;
#272 = ORIENTED_EDGE ( 'NONE', *, *, #875, .F. ) ;
#273 = DIRECTION ( 'NONE',  ( 1.000000000000000000, 0.0000000000000000000, 0.0000000000000000000 ) ) ;
#274 = VECTOR ( 'NONE', #2509, 1000.000000000000000 ) ;
#275 = CARTESIAN_POINT ( 'NONE',  ( -0.7264039184812207672, 0.3325618825413506618, 0.5999999999999993117 ) ) ;
#276 = CARTESIAN_POINT ( 'NONE',  ( 0.8688848474296059221, 0.3831355704167093146, 0.5999999999999993117 ) ) ;
#277 = CARTESIAN_POINT ( 'NONE',  ( 0.6279493835961503789, -0.03449872810790512861, 0.5999999999999996447 ) ) ;
#278 = DIRECTION ( 'NONE',  ( 0.0000000000000000000, 1.000000000000000000, 0.0000000000000000000 ) ) ;
#279 = UNCERTAINTY_MEASURE_WITH_UNIT (LENGTH_MEASURE( 1.000000000000000082E-05 ), #1039, 'distance_accuracy_value', 'NONE');
#280 = CARTESIAN_POINT ( 'NONE',  ( 0.6949879377428108684, 0.4868854958565307922, 0.5999999999999994227 ) ) ;
#281 = VERTEX_POINT ( 'NONE', #3558 ) ;
#282 = CARTESIAN_POINT ( 'NONE',  ( -0.9806962932156807478, 0.4269606415826426860, 0.5989999999999995328 ) ) ;
#283 = CARTESIAN_POINT ( 'NONE',  ( -0.7397688252816260190, 0.3549146129755175183, 0.5989999999999993108 ) ) ;
#284 = EDGE_CURVE ( 'NONE', #3585, #3458, #4369, .T. ) ;
#285 = EDGE_CURVE ( 'NONE', #496, #2489, #3947, .T. ) ;
#286 = FACE_BOUND ( 'NONE', #1, .T. ) ;
#287 = UNCERTAINTY_MEASURE_WITH_UNIT (LENGTH_MEASURE( 1.000000000000000082E-05 ), #3621, 'distance_accuracy_value', 'NONE');
#288 = CARTESIAN_POINT ( 'NONE',  ( -0.9270405294518604400, -0.2021045449102878699, 0.5999999999999993117 ) ) ;
#289 = ORIENTED_EDGE ( 'NONE', *, *, #484, .F. ) ;
#290 = EDGE_CURVE ( 'NONE', #4599, #424, #5252, .T. ) ;
#291 = SURFACE_STYLE_USAGE ( .BOTH. , #4115 ) ;
#292 = EDGE_CURVE ( 'NONE', #4837, #1980, #4289, .T. ) ;
#293 = AXIS2_PLACEMENT_3D ( 'NONE', #1866, #5270, #1464 ) ;
#294 = LINE ( 'NONE', #1986, #3194 ) ;
#295 = DIRECTION ( 'NONE',  ( -1.000000000000000000, 0.0000000000000000000, -0.0000000000000000000 ) ) ;
#296 = CARTESIAN_POINT ( 'NONE',  ( 0.6780640156081807479, -0.1083695336467523501, 0.5989999999999990887 ) ) ;
#297 = PRESENTATION_LAYER_ASSIGNMENT (  '', '', ( #209 ) ) ;
#298 = EDGE_LOOP ( 'NONE', ( #1448, #1387, #1957, #3533 ) ) ;
#299 = DIRECTION ( 'NONE',  ( -0.0000000000000000000, -0.0000000000000000000, 1.000000000000000000 ) ) ;
#300 =( GEOMETRIC_REPRESENTATION_CONTEXT ( 3 ) GLOBAL_UNCERTAINTY_ASSIGNED_CONTEXT ( ( #2843 ) ) GLOBAL_UNIT_ASSIGNED_CONTEXT ( ( #2378, #2436, #4093 ) ) REPRESENTATION_CONTEXT ( 'NONE', 'WORKASPACE' ) );
#301 = CARTESIAN_POINT ( 'NONE',  ( 0.8974381993840550020, 0.2698483120667990454, 0.5999999999999995337 ) ) ;
#302 = DIRECTION ( 'NONE',  ( -3.872150616019661792E-16, 0.0000000000000000000, -1.000000000000000000 ) ) ;
#303 = CARTESIAN_POINT ( 'NONE',  ( 0.5055827259684774200, -0.1943313268563209850, 0.5989999999999993108 ) ) ;
#304 = SURFACE_STYLE_USAGE ( .BOTH. , #1099 ) ;
#305 = CARTESIAN_POINT ( 'NONE',  ( -0.9940490243610120569, 0.4109848974171834146, 0.5999999999999996447 ) ) ;
#306 = COLOUR_RGB ( '',1.000000000000000000, 1.000000000000000000, 1.000000000000000000 ) ;
#307 = DIRECTION ( 'NONE',  ( -0.0000000000000000000, -0.0000000000000000000, 1.000000000000000000 ) ) ;
#308 = DIRECTION ( 'NONE',  ( 1.000000000000000000, -0.0000000000000000000, -2.453474743771075841E-16 ) ) ;
#309 = ORIENTED_EDGE ( 'NONE', *, *, #3015, .T. ) ;
#310 = CARTESIAN_POINT ( 'NONE',  ( -0.5465705038156307705, -0.1053222963512614879, 0.5989999999999994218 ) ) ;
#311 = VECTOR ( 'NONE', #5161, 1000.000000000000000 ) ;
#312 = CARTESIAN_POINT ( 'NONE',  ( -1.042753477467316392, 0.2762813519349802682, 0.5999999999999993117 ) ) ;
#313 = DIRECTION ( 'NONE',  ( 0.0000000000000000000, -1.000000000000000000, 0.0000000000000000000 ) ) ;
#314 = DIRECTION ( 'NONE',  ( 0.7071067811865552333, 0.0000000000000000000, -0.7071067811865398012 ) ) ;
#315 = CARTESIAN_POINT ( 'NONE',  ( -2.920500000000001428, -1.450000000000000178, 0.2795000000000061879 ) ) ;
#316 = ORIENTED_EDGE ( 'NONE', *, *, #3195, .F. ) ;
#317 = CARTESIAN_POINT ( 'NONE',  ( -0.7856166100845065614, 0.4831473017083331989, 0.5989999999999993108 ) ) ;
#318 = PRESENTATION_STYLE_ASSIGNMENT (( #2373 ) ) ;
#319 = ADVANCED_FACE ( 'NONE', ( #5441 ), #1136, .F. ) ;
#320 = CARTESIAN_POINT ( 'NONE',  ( -0.9865926607053662201, -0.1371732999891079885, 0.5999999999999994227 ) ) ;
#321 = CARTESIAN_POINT ( 'NONE',  ( 0.6142148757871180864, -0.1821659835189275156, 0.5989999999999996438 ) ) ;
#322 = B_SPLINE_CURVE_WITH_KNOTS ( 'NONE', 3,
 ( #2597, #4306, #474, #2177, #2205, #502, #61, #4747, #3048, #4337, #4882, #533, #971, #2264, #622, #1466, #4465, #1490, #3632 ),
 .UNSPECIFIED., .F., .F.,
 ( 4, 1, 1, 1, 1, 1, 1, 1, 1, 1, 1, 1, 1, 1, 1, 1, 4 ),
 ( 0.0000000000000000000, 0.05381367553717603808, 0.1069528195400320791, 0.1592297411669637286, 0.2119878441294312799, 0.2664171771063161831, 0.3219455670150592197, 0.3804321554930927274, 0.4418041305516811068, 0.5050050872753483189, 0.5687997946032428143, 0.6342267874690949991, 0.7013374851512621522, 0.7709830105630250952, 0.8438657153438673397, 0.9200500377805955754, 0.9999999999999998890 ),
 .UNSPECIFIED. ) ;
#323 = ORIENTED_EDGE ( 'NONE', *, *, #4212, .F. ) ;
#324 = SURFACE_SIDE_STYLE ('',( #1261 ) ) ;
#325 = CARTESIAN_POINT ( 'NONE',  ( -0.6807064370440908396, 0.4185715134532381754, 0.5989999999999995328 ) ) ;
#326 = CARTESIAN_POINT ( 'NONE',  ( 0.7073055042061184849, 0.05047991222936447364, 0.5989999999999993108 ) ) ;
#327 = PLANE ( 'NONE',  #5370 ) ;
#328 = VECTOR ( 'NONE', #956, 1000.000000000000000 ) ;
#329 =( LENGTH_UNIT ( ) NAMED_UNIT ( * ) SI_UNIT ( .MILLI., .METRE. ) );
#330 = CARTESIAN_POINT ( 'NONE',  ( 0.04800559579957239947, 0.2992772144506731236, 0.5989999999999991998 ) ) ;
#331 = UNCERTAINTY_MEASURE_WITH_UNIT (LENGTH_MEASURE( 1.000000000000000082E-05 ), #5231, 'distance_accuracy_value', 'NONE');
#332 = PRESENTATION_STYLE_ASSIGNMENT (( #2446 ) ) ;
#333 = CARTESIAN_POINT ( 'NONE',  ( -0.7325590096229374071, 0.3440786106546512291, 0.5999999999999995337 ) ) ;
#334 =( GEOMETRIC_REPRESENTATION_CONTEXT ( 3 ) GLOBAL_UNCERTAINTY_ASSIGNED_CONTEXT ( ( #2071 ) ) GLOBAL_UNIT_ASSIGNED_CONTEXT ( ( #1729, #5215, #3934 ) ) REPRESENTATION_CONTEXT ( 'NONE', 'WORKASPACE' ) );
#335 = CARTESIAN_POINT ( 'NONE',  ( -1.045271802516929416, 0.2479244568954917793, 0.5999999999999994227 ) ) ;
#336 = LINE ( 'NONE', #2822, #2971 ) ;
#337 = CARTESIAN_POINT ( 'NONE',  ( -2.640000000000000568, 1.600000000000000089, 0.5799999999999999600 ) ) ;
#338 = FILL_AREA_STYLE ('',( #748 ) ) ;
#339 = STYLED_ITEM ( 'NONE', ( #801 ), #882 ) ;
#340 = UNCERTAINTY_MEASURE_WITH_UNIT (LENGTH_MEASURE( 1.000000000000000082E-05 ), #2646, 'distance_accuracy_value', 'NONE');
#341 = CARTESIAN_POINT ( 'NONE',  ( -0.8492087116645462563, -0.1083695336467524195, 0.5999999999999993117 ) ) ;
#342 = DIRECTION ( 'NONE',  ( -0.0000000000000000000, -1.000000000000000000, -0.0000000000000000000 ) ) ;
#343 = STYLED_ITEM ( 'NONE', ( #4711 ), #1361 ) ;
#344 = CARTESIAN_POINT ( 'NONE',  ( -0.7571722483045564278, 0.1318272022723512849, 0.5989999999999995328 ) ) ;
#345 = EDGE_LOOP ( 'NONE', ( #1700, #854, #3519, #2886 ) ) ;
#346 = CARTESIAN_POINT ( 'NONE',  ( 0.6530652392539876283, 0.3980652263424302451, 0.5999999999999994227 ) ) ;
#347 = PRESENTATION_LAYER_ASSIGNMENT (  '', '', ( #4988 ) ) ;
#348 = CARTESIAN_POINT ( 'NONE',  ( 2.600000000000000533, -1.600000000000000089, 0.01999999999999942449 ) ) ;
#349 = SURFACE_SIDE_STYLE ('',( #2515 ) ) ;
#350 = EDGE_CURVE ( 'NONE', #1035, #2001, #2414, .T. ) ;
#351 = ADVANCED_FACE ( 'NONE', ( #2825 ), #3259, .F. ) ;
#352 = MECHANICAL_DESIGN_GEOMETRIC_PRESENTATION_REPRESENTATION (  '', ( #2750 ), #4096 ) ;
#353 = FILL_AREA_STYLE ('',( #4650 ) ) ;
#354 = ORIENTED_EDGE ( 'NONE', *, *, #285, .T. ) ;
#355 =( LENGTH_UNIT ( ) NAMED_UNIT ( * ) SI_UNIT ( .MILLI., .METRE. ) );
#356 = VECTOR ( 'NONE', #2811, 1000.000000000000000 ) ;
#357 = MECHANICAL_DESIGN_GEOMETRIC_PRESENTATION_REPRESENTATION (  '', ( #634 ), #269 ) ;
#358 = CARTESIAN_POINT ( 'NONE',  ( 0.7875039019911008742, 0.3549146129755175738, 0.5989999999999993108 ) ) ;
#359 = CARTESIAN_POINT ( 'NONE',  ( 0.7264873233896532723, 0.07329409115209413461, 0.5989999999999996438 ) ) ;
#360 = CARTESIAN_POINT ( 'NONE',  ( 0.6355723533272266135, -0.02658853011749528344, 0.5989999999999995328 ) ) ;
#361 = COLOUR_RGB ( '',1.000000000000000000, 1.000000000000000000, 1.000000000000000000 ) ;
#362 = CARTESIAN_POINT ( 'NONE',  ( -0.3402393349844617942, -0.3338937249226900938, 0.5989999999999994218 ) ) ;
#363 = CARTESIAN_POINT ( 'NONE',  ( -0.9940490243610120569, 0.4109848974171834146, 0.5989999999999996438 ) ) ;
#364 = B_SPLINE_SURFACE_WITH_KNOTS ( 'NONE', 3, 1, ( 
 ( #108, #2113 ),
 ( #3903, #2225 ),
 ( #963, #4272 ),
 ( #80, #871 ),
 ( #466, #4740 ),
 ( #5189, #2554 ),
 ( #1320, #3853 ),
 ( #30, #1693 ),
 ( #3517, #1266 ),
 ( #3404, #2589 ),
 ( #4685, #3005 ) ),
 .UNSPECIFIED., .F., .F., .F.,
 ( 4, 1, 1, 1, 1, 1, 1, 1, 4 ),
 ( 2, 2 ),
 ( 0.0000000000000000000, 0.1115694784847084259, 0.2312276298721086809, 0.3616269854306233822, 0.5010346984701855577, 0.6401569435219188753, 0.7693287052360807676, 0.8892759623006157854, 1.000000000000000000 ),
 ( 0.0000000000000000000, 1.000000000000000000 ),
 .UNSPECIFIED. ) ;
#365 = DIRECTION ( 'NONE',  ( -1.000000000000000000, 0.0000000000000000000, -0.0000000000000000000 ) ) ;
#366 = CARTESIAN_POINT ( 'NONE',  ( 3.200000000000000622, -1.600000000000000089, 0.5999999999999993117 ) ) ;
#367 = PRESENTATION_LAYER_ASSIGNMENT (  '', '', ( #2764 ) ) ;
#368 = CARTESIAN_POINT ( 'NONE',  ( -1.021690001304250028, -0.1943313268563209573, 0.5999999999999994227 ) ) ;
#369 = FILL_AREA_STYLE ('',( #5465 ) ) ;
#370 = CARTESIAN_POINT ( 'NONE',  ( -0.6933546547894317014, 0.07512048296998234675, 0.5999999999999994227 ) ) ;
#371 =( NAMED_UNIT ( * ) SI_UNIT ( $, .STERADIAN. ) SOLID_ANGLE_UNIT ( ) );
#372 =( LENGTH_UNIT ( ) NAMED_UNIT ( * ) SI_UNIT ( .MILLI., .METRE. ) );
#373 = CARTESIAN_POINT ( 'NONE',  ( -0.2038261441424171760, -0.06301137194706285527, 0.5999999999999994227 ) ) ;
#374 = CARTESIAN_POINT ( 'NONE',  ( 0.2638191065739796670, -0.3235041145330797008, 0.5989999999999994218 ) ) ;
#375 = ORIENTED_EDGE ( 'NONE', *, *, #3771, .T. ) ;
#376 = LINE ( 'NONE', #2866, #4547 ) ;
#377 = STYLED_ITEM ( 'NONE', ( #4043 ), #4210 ) ;
#378 = PLANE ( 'NONE',  #2864 ) ;
#379 = ORIENTED_EDGE ( 'NONE', *, *, #5394, .F. ) ;
#380 = AXIS2_PLACEMENT_3D ( 'NONE', #3655, #302, #1569 ) ;
#381 = ORIENTED_EDGE ( 'NONE', *, *, #4285, .T. ) ;
#382 = CARTESIAN_POINT ( 'NONE',  ( -0.2979870891386398601, 0.1167673741114904212, 0.5989999999999995328 ) ) ;
#383 = AXIS2_PLACEMENT_3D ( 'NONE', #2580, #3089, #2133 ) ;
#384 = DIRECTION ( 'NONE',  ( -0.9922778767136676281, 0.1240347345892081343, 0.0000000000000000000 ) ) ;
#385 = CARTESIAN_POINT ( 'NONE',  ( -0.8399257973392132426, 0.4036730209610457365, 0.5999999999999994227 ) ) ;
#386 = CARTESIAN_POINT ( 'NONE',  ( -0.8960889189479736006, 0.4788299811653589644, 0.5989999999999991998 ) ) ;
#387 = PRESENTATION_LAYER_ASSIGNMENT (  '', '', ( #4757 ) ) ;
#388 = EDGE_CURVE ( 'NONE', #431, #4506, #631, .T. ) ;
#389 = EDGE_CURVE ( 'NONE', #149, #3684, #3700, .T. ) ;
#390 = CARTESIAN_POINT ( 'NONE',  ( -0.3992056025518821438, -0.3258093435062885401, 0.5989999999999994218 ) ) ;
#391 = CARTESIAN_POINT ( 'NONE',  ( -0.2249326377132906396, 0.05049072060263529865, 0.5989999999999994218 ) ) ;
#392 = FILL_AREA_STYLE ('',( #1733 ) ) ;
#393 = COLOUR_RGB ( '',1.000000000000000000, 1.000000000000000000, 1.000000000000000000 ) ;
#394 = SURFACE_SIDE_STYLE ('',( #1735 ) ) ;
#395 = B_SPLINE_CURVE_WITH_KNOTS ( 'NONE', 3,
 ( #2405, #1582, #4116, #2653, #923, #4697, #3384, #4368, #97, #3838, #3055, #17, #2101, #2182, #2127, #857, #4670, #422, #40 ),
 .UNSPECIFIED., .F., .F.,
 ( 4, 1, 1, 1, 1, 1, 1, 1, 1, 1, 1, 1, 1, 1, 1, 1, 4 ),
 ( 0.0000000000000000000, 0.04201179318334015422, 0.08511657970956422459, 0.1300841362207605378, 0.1769659536804737143, 0.2261453228974997232, 0.2772304004651406917, 0.3308011550515156940, 0.3865502460840022914, 0.4458574538040663837, 0.5099817147460021793, 0.5788566239058999807, 0.6532605220228080434, 0.7319176588047660026, 0.8160112270400410317, 0.9052459153235246081, 1.000000000000000000 ),
 .UNSPECIFIED. ) ;
#396 =( LENGTH_UNIT ( ) NAMED_UNIT ( * ) SI_UNIT ( .MILLI., .METRE. ) );
#397 = COLOUR_RGB ( '',0.7686274509803920907, 0.7686274509803920907, 0.7686274509803920907 ) ;
#398 = CARTESIAN_POINT ( 'NONE',  ( -0.4499670299925606076, 0.05028735057644594109, 0.5999999999999995337 ) ) ;
#399 = CARTESIAN_POINT ( 'NONE',  ( -0.7443822052792958832, 0.4703235106347951611, 0.5989999999999994218 ) ) ;
#400 = PLANE ( 'NONE',  #5148 ) ;
#401 = FILL_AREA_STYLE ('',( #829 ) ) ;
#402 = LINE ( 'NONE', #4698, #169 ) ;
#403 = CARTESIAN_POINT ( 'NONE',  ( -0.4342328414779683676, 0.1750348465058813585, 0.5999999999999994227 ) ) ;
#404 = CARTESIAN_POINT ( 'NONE',  ( -2.600000000000000533, 1.600000000000000089, -1.694065894508600678E-17 ) ) ;
#405 = B_SPLINE_SURFACE_WITH_KNOTS ( 'NONE', 3, 1, ( 
 ( #3876, #2304 ),
 ( #2699, #964 ),
 ( #4013, #1889 ),
 ( #2639, #5265 ),
 ( #3594, #3518 ),
 ( #4788, #2197 ),
 ( #5285, #2255 ),
 ( #1484, #5213 ),
 ( #1063, #3182 ),
 ( #3960, #1019 ),
 ( #109, #4873 ),
 ( #4356, #139 ),
 ( #588, #527 ),
 ( #4409, #1402 ),
 ( #3987, #2746 ),
 ( #4456, #1830 ),
 ( #3542, #3098 ),
 ( #3904, #81 ),
 ( #1781, #3494 ) ),
 .UNSPECIFIED., .F., .F., .F.,
 ( 4, 1, 1, 1, 1, 1, 1, 1, 1, 1, 1, 1, 1, 1, 1, 1, 4 ),
 ( 2, 2 ),
 ( 0.0000000000000000000, 0.04878347937587419053, 0.09693138956973625098, 0.1450915008017280017, 0.1933977841194992053, 0.2422569075037525332, 0.2911229018096243570, 0.3408352192596669772, 0.3915951061367907715, 0.4457719150393740781, 0.5061126198317954517, 0.5725064867171756333, 0.6449505620533899641, 0.7242299195761302544, 0.8096884027761077629, 0.9016917347513255798, 1.000000000000000000 ),
 ( 0.0000000000000000000, 1.000000000000000000 ),
 .UNSPECIFIED. ) ;
#406 = CARTESIAN_POINT ( 'NONE',  ( -0.4530640103091372328, 0.04435302832406316093, 0.5999999999999994227 ) ) ;
#407 = ORIENTED_EDGE ( 'NONE', *, *, #1221, .F. ) ;
#408 = ORIENTED_EDGE ( 'NONE', *, *, #4993, .T. ) ;
#409 = CARTESIAN_POINT ( 'NONE',  ( 0.7416561171882206649, 0.4831473017083331434, 0.5999999999999994227 ) ) ;
#410 = CARTESIAN_POINT ( 'NONE',  ( 0.6514558925121034516, 0.4835299739023969923, 0.5999999999999994227 ) ) ;
#411 = CARTESIAN_POINT ( 'NONE',  ( -0.8971504297437719044, 0.3870908391879087085, 0.5989999999999994218 ) ) ;
#412 = CARTESIAN_POINT ( 'NONE',  ( -0.8397604891591343712, 0.4866923438396087431, 0.5999999999999994227 ) ) ;
#413 = CARTESIAN_POINT ( 'NONE',  ( -0.1797545830463826433, -0.2508763903744602453, 0.5999999999999993117 ) ) ;
#414 = CARTESIAN_POINT ( 'NONE',  ( -0.3470664758681836770, -0.3336982129504051375, 0.5989999999999995328 ) ) ;
#415 = CARTESIAN_POINT ( 'NONE',  ( -0.2624219641509711876, 0.09690198395207499926, 0.5989999999999996438 ) ) ;
#416 = CARTESIAN_POINT ( 'NONE',  ( -1.011923158047664417, -0.1759838316869604125, 0.5999999999999996447 ) ) ;
#417 = EDGE_CURVE ( 'NONE', #1122, #2077, #1580, .T. ) ;
#418 = DIRECTION ( 'NONE',  ( 0.0000000000000000000, 1.000000000000000000, 0.0000000000000000000 ) ) ;
#419 = EDGE_CURVE ( 'NONE', #5127, #1102, #4979, .T. ) ;
#420 = SURFACE_STYLE_FILL_AREA ( #3413 ) ;
#421 = PRESENTATION_STYLE_ASSIGNMENT (( #4775 ) ) ;
#422 = CARTESIAN_POINT ( 'NONE',  ( -0.8993233436765775135, -0.03449872810790511474, 0.5989999999999995328 ) ) ;
#423 = VECTOR ( 'NONE', #3114, 1000.000000000000000 ) ;
#424 = VERTEX_POINT ( 'NONE', #769 ) ;
#425 = SURFACE_STYLE_FILL_AREA ( #4261 ) ;
#426 = CARTESIAN_POINT ( 'NONE',  ( -0.1517653090104358338, 0.4661062750773100061, 0.5989999999999994218 ) ) ;
#427 = PRESENTATION_LAYER_ASSIGNMENT (  '', '', ( #3557 ) ) ;
#428 = CARTESIAN_POINT ( 'NONE',  ( 0.6854937762833451798, 0.02626672796702155324, 0.5989999999999993108 ) ) ;
#429 = COLOUR_RGB ( '',1.000000000000000000, 1.000000000000000000, 1.000000000000000000 ) ;
#430 = EDGE_LOOP ( 'NONE', ( #1814, #2819, #3663, #3783 ) ) ;
#431 = VERTEX_POINT ( 'NONE', #4560 ) ;
#432 = CARTESIAN_POINT ( 'NONE',  ( 0.8974381993840550020, 0.2698483120667990454, 0.5989999999999995328 ) ) ;
#433 = CARTESIAN_POINT ( 'NONE',  ( 0.8144684572233303888, 0.2643205607915956046, 0.5989999999999994218 ) ) ;
#434 = PRESENTATION_STYLE_ASSIGNMENT (( #4209 ) ) ;
#435 = CARTESIAN_POINT ( 'NONE',  ( -0.3341730978150681541, 0.1230668875759320657, 0.5989999999999994218 ) ) ;
#436 = VECTOR ( 'NONE', #5115, 1000.000000000000000 ) ;
#437 = SURFACE_STYLE_USAGE ( .BOTH. , #2981 ) ;
#438 = ORIENTED_EDGE ( 'NONE', *, *, #2708, .T. ) ;
#439 = CARTESIAN_POINT ( 'NONE',  ( -0.2926280839862307470, -0.3291863904779652183, 0.5999999999999995337 ) ) ;
#440 = LINE ( 'NONE', #3497, #2466 ) ;
#441 = STYLED_ITEM ( 'NONE', ( #421 ), #2125 ) ;
#442 = PLANE ( 'NONE',  #3309 ) ;
#443 =( NAMED_UNIT ( * ) SI_UNIT ( $, .STERADIAN. ) SOLID_ANGLE_UNIT ( ) );
#444 = PRESENTATION_LAYER_ASSIGNMENT (  '', '', ( #1608 ) ) ;
#445 = VECTOR ( 'NONE', #1356, 1000.000000000000000 ) ;
#446 = CARTESIAN_POINT ( 'NONE',  ( -0.8917003739455009459, -0.02658853011749527998, 0.5989999999999994218 ) ) ;
#447 = SURFACE_STYLE_USAGE ( .BOTH. , #972 ) ;
#448 =( LENGTH_UNIT ( ) NAMED_UNIT ( * ) SI_UNIT ( .MILLI., .METRE. ) );
#449 = ORIENTED_EDGE ( 'NONE', *, *, #1749, .T. ) ;
#450 = PRESENTATION_LAYER_ASSIGNMENT (  '', '', ( #732 ) ) ;
#451 = EDGE_CURVE ( 'NONE', #122, #2832, #1371, .T. ) ;
#452 = FACE_OUTER_BOUND ( 'NONE', #4561, .T. ) ;
#453 = UNCERTAINTY_MEASURE_WITH_UNIT (LENGTH_MEASURE( 1.000000000000000082E-05 ), #3546, 'distance_accuracy_value', 'NONE');
#454 = VERTEX_POINT ( 'NONE', #4385 ) ;
#455 = CARTESIAN_POINT ( 'NONE',  ( -2.640000000000000568, 1.600000000000000089, -0.001000000000000674828 ) ) ;
#456 = PRESENTATION_STYLE_ASSIGNMENT (( #1284 ) ) ;
#457 = EDGE_CURVE ( 'NONE', #5349, #2541, #1324, .T. ) ;
#458 = EDGE_CURVE ( 'NONE', #2001, #1481, #4332, .T. ) ;
#459 = CARTESIAN_POINT ( 'NONE',  ( 0.8140526830154478644, 0.2551932372005331628, 0.5989999999999993108 ) ) ;
#460 = ORIENTED_EDGE ( 'NONE', *, *, #4354, .T. ) ;
#461 = EDGE_LOOP ( 'NONE', ( #692, #5286, #5266, #4900 ) ) ;
#462 = FACE_OUTER_BOUND ( 'NONE', #4004, .T. ) ;
#463 = SURFACE_STYLE_USAGE ( .BOTH. , #1398 ) ;
#464 = CARTESIAN_POINT ( 'NONE',  ( -0.8417789509893819355, 0.02626672796702154630, 0.5989999999999991998 ) ) ;
#465 = CARTESIAN_POINT ( 'NONE',  ( -0.2328067207120810833, 0.06409506426415624569, 0.5989999999999996438 ) ) ;
#466 = CARTESIAN_POINT ( 'NONE',  ( 0.1261883509289303262, 0.2570325050704856396, 0.5989999999999996438 ) ) ;
#467 = CARTESIAN_POINT ( 'NONE',  ( -0.9619910627187310270, 0.2566796886907410369, 0.5989999999999995328 ) ) ;
#468 = ORIENTED_EDGE ( 'NONE', *, *, #5233, .F. ) ;
#469 = CARTESIAN_POINT ( 'NONE',  ( 2.920500000000000984, -1.450000000000000178, 0.2795000000000058549 ) ) ;
#470 = CARTESIAN_POINT ( 'NONE',  ( -0.7140763569083181661, 0.2363949507436591269, 0.5999999999999994227 ) ) ;
#471 = CARTESIAN_POINT ( 'NONE',  ( -3.180000000000000604, -1.600000000000000089, 0.01999999999999942102 ) ) ;
#472 = FILL_AREA_STYLE_COLOUR ( '', #184 ) ;
#473 = FILL_AREA_STYLE_COLOUR ( '', #250 ) ;
#474 = CARTESIAN_POINT ( 'NONE',  ( -0.2964480406313594330, 0.2056862319272120265, 0.5989999999999994218 ) ) ;
#475 = MECHANICAL_DESIGN_GEOMETRIC_PRESENTATION_REPRESENTATION (  '', ( #3516 ), #4225 ) ;
#476 =( NAMED_UNIT ( * ) PLANE_ANGLE_UNIT ( ) SI_UNIT ( $, .RADIAN. ) );
#477 = EDGE_LOOP ( 'NONE', ( #3896, #1831, #985, #3701 ) ) ;
#478 = CARTESIAN_POINT ( 'NONE',  ( 0.4949295571265764915, 0.3285027329664727547, 0.5989999999999991998 ) ) ;
#479 = LINE ( 'NONE', #66, #3157 ) ;
#480 =( NAMED_UNIT ( * ) SI_UNIT ( $, .STERADIAN. ) SOLID_ANGLE_UNIT ( ) );
#481 = VERTEX_POINT ( 'NONE', #2228 ) ;
#482 = CARTESIAN_POINT ( 'NONE',  ( 0.5846929400152487410, 0.3370397902646605215, 0.5989999999999991998 ) ) ;
#483 = CARTESIAN_POINT ( 'NONE',  ( 0.6195279641889295252, 0.3796724463967944274, 0.5989999999999994218 ) ) ;
#484 = EDGE_CURVE ( 'NONE', #5103, #2832, #5162, .T. ) ;
#485 = CARTESIAN_POINT ( 'NONE',  ( -0.4116376649526924947, -0.2214367592382607830, 0.5999999999999994227 ) ) ;
#486 = EDGE_CURVE ( 'NONE', #2489, #2831, #440, .T. ) ;
#487 = CARTESIAN_POINT ( 'NONE',  ( -0.1348379026978858419, 0.05470036179955635458, 0.5989999999999994218 ) ) ;
#488 = VERTEX_POINT ( 'NONE', #2147 ) ;
#489 = ORIENTED_EDGE ( 'NONE', *, *, #5426, .T. ) ;
#490 = CARTESIAN_POINT ( 'NONE',  ( 0.07928737435328638006, 0.3225539051485744046, 0.5999999999999995337 ) ) ;
#491 = SURFACE_SIDE_STYLE ('',( #1345 ) ) ;
#492 = CARTESIAN_POINT ( 'NONE',  ( -0.2885876162695836245, -0.2377815626152384731, 0.5989999999999994218 ) ) ;
#493 = CARTESIAN_POINT ( 'NONE',  ( 0.4828574846787099251, 0.2575695103935631280, 0.5999999999999993117 ) ) ;
#494 = CARTESIAN_POINT ( 'NONE',  ( 0.8144684572233303888, 0.2643205607915956046, 0.5999999999999994227 ) ) ;
#495 = CARTESIAN_POINT ( 'NONE',  ( -0.9176003912704164822, 0.3708584786421323942, 0.5989999999999994218 ) ) ;
#496 = VERTEX_POINT ( 'NONE', #2559 ) ;
#497 = CARTESIAN_POINT ( 'NONE',  ( -0.2119757016185219167, -0.2873823190699473784, 0.5999999999999994227 ) ) ;
#498 = PRESENTATION_STYLE_ASSIGNMENT (( #557 ) ) ;
#499 = DIRECTION ( 'NONE',  ( 1.000000000000000000, 0.0000000000000000000, 0.0000000000000000000 ) ) ;
#500 = CARTESIAN_POINT ( 'NONE',  ( -0.5465705038156307705, -0.1053222963512614879, 0.5989999999999994218 ) ) ;
#501 = DIRECTION ( 'NONE',  ( -0.0000000000000000000, -0.0000000000000000000, 1.000000000000000000 ) ) ;
#502 = CARTESIAN_POINT ( 'NONE',  ( -0.2418355615795933222, 0.1892356956178786465, 0.5989999999999995328 ) ) ;
#503 = DIRECTION ( 'NONE',  ( 0.7071067811865552333, 0.0000000000000000000, -0.7071067811865398012 ) ) ;
#504 = CARTESIAN_POINT ( 'NONE',  ( -0.8627715940250146875, -0.1233171453104226906, 0.5989999999999995328 ) ) ;
#505 = VERTEX_POINT ( 'NONE', #4359 ) ;
#506 = CARTESIAN_POINT ( 'NONE',  ( 0.08044359651490810836, 0.2231051822642634574, 0.5989999999999994218 ) ) ;
#507 = CARTESIAN_POINT ( 'NONE',  ( 0.7814737779342267876, 0.006421835696647573699, 0.5989999999999993108 ) ) ;
#508 = CLOSED_SHELL ( 'NONE', ( #4515, #3835, #1086, #1790, #85, #1492, #4036, #3271, #4035, #4009, #3902, #2272, #4759, #2770, #1887, #4313, #1422, #2911, #3708, #4690, #3502, #3461, #1947, #2293, #2057, #989, #3534, #155, #5200, #4552, #3161, #20, #4857, #5263, #3232, #2194, #805, #4353, #1361, #2387, #771, #4445, #4959, #2771, #4210, #844, #1249, #4823, #2980, #882, #4992, #2125, #700, #4780, #2733, #1455 ) ) ;
#509 = CARTESIAN_POINT ( 'NONE',  ( -0.3402393349844617942, -0.3338937249226900938, 0.5999999999999994227 ) ) ;
#510 = VERTEX_POINT ( 'NONE', #3856 ) ;
#511 = CARTESIAN_POINT ( 'NONE',  ( -2.920500000000001428, 1.450000000000000178, 0.2795000000000061879 ) ) ;
#512 = LINE ( 'NONE', #101, #2055 ) ;
#513 = COLOUR_RGB ( '',0.7686274509803920907, 0.7686274509803920907, 0.7686274509803920907 ) ;
#514 = PLANE ( 'NONE',  #383 ) ;
#515 =( NAMED_UNIT ( * ) SI_UNIT ( $, .STERADIAN. ) SOLID_ANGLE_UNIT ( ) );
#516 = LINE ( 'NONE', #103, #666 ) ;
#517 =( NAMED_UNIT ( * ) PLANE_ANGLE_UNIT ( ) SI_UNIT ( $, .RADIAN. ) );
#518 = ORIENTED_EDGE ( 'NONE', *, *, #3087, .F. ) ;
#519 = CARTESIAN_POINT ( 'NONE',  ( 0.8971463964660443269, 0.2840300874361457728, 0.5999999999999996447 ) ) ;
#520 = AXIS2_PLACEMENT_3D ( 'NONE', #3379, #1190, #3312 ) ;
#521 =( NAMED_UNIT ( * ) PLANE_ANGLE_UNIT ( ) SI_UNIT ( $, .RADIAN. ) );
#522 = CARTESIAN_POINT ( 'NONE',  ( -0.2343523156347147030, -0.1849631293548023026, 0.5989999999999994218 ) ) ;
#523 = ADVANCED_FACE ( 'NONE', ( #3134 ), #2258, .T. ) ;
#524 = FILL_AREA_STYLE_COLOUR ( '', #4017 ) ;
#525 = EDGE_CURVE ( 'NONE', #1145, #2609, #3352, .T. ) ;
#526 = CARTESIAN_POINT ( 'NONE',  ( 0.7397292317125763184, 0.3942945792464228050, 0.5999999999999993117 ) ) ;
#527 = CARTESIAN_POINT ( 'NONE',  ( 0.8187151332796267500, 0.05364380759707936680, 0.5999999999999995337 ) ) ;
#528 = ORIENTED_EDGE ( 'NONE', *, *, #3844, .F. ) ;
#529 = SURFACE_SIDE_STYLE ('',( #142 ) ) ;
#530 = STYLED_ITEM ( 'NONE', ( #1837 ), #1790 ) ;
#531 = CARTESIAN_POINT ( 'NONE',  ( -0.6296873869325138040, -0.2299976210265861909, 0.5989999999999994218 ) ) ;
#532 = VECTOR ( 'NONE', #2445, 1000.000000000000000 ) ;
#533 = CARTESIAN_POINT ( 'NONE',  ( -0.1529599522146159185, 0.09890643459075901256, 0.5989999999999996438 ) ) ;
#534 = COLOUR_RGB ( '',1.000000000000000000, 1.000000000000000000, 1.000000000000000000 ) ;
#535 = CARTESIAN_POINT ( 'NONE',  ( 2.640000000000000568, -1.600000000000000089, -0.001000000000000674828 ) ) ;
#536 =( NAMED_UNIT ( * ) SI_UNIT ( $, .STERADIAN. ) SOLID_ANGLE_UNIT ( ) );
#537 = CARTESIAN_POINT ( 'NONE',  ( 0.7792764073061704266, 0.3649107585221800232, 0.5999999999999996447 ) ) ;
#538 = VERTEX_POINT ( 'NONE', #4743 ) ;
#539 = CARTESIAN_POINT ( 'NONE',  ( -0.4634536206987475704, -0.09493268596165110873, 0.5999999999999994227 ) ) ;
#540 = STYLED_ITEM ( 'NONE', ( #456 ), #3461 ) ;
#541 = VECTOR ( 'NONE', #1725, 1000.000000000000000 ) ;
#542 = DIRECTION ( 'NONE',  ( 0.0000000000000000000, -0.0000000000000000000, -1.000000000000000000 ) ) ;
#543 = MECHANICAL_DESIGN_GEOMETRIC_PRESENTATION_REPRESENTATION (  '', ( #1612 ), #1088 ) ;
#544 = DIRECTION ( 'NONE',  ( 0.7071067811865474617, 0.0000000000000000000, 0.7071067811865474617 ) ) ;
#545 = ORIENTED_EDGE ( 'NONE', *, *, #3355, .F. ) ;
#546 = CARTESIAN_POINT ( 'NONE',  ( 3.180000000000000604, -1.600000000000000089, 0.5800000000000001821 ) ) ;
#547 = LINE ( 'NONE', #131, #2084 ) ;
#548 = FILL_AREA_STYLE_COLOUR ( '', #2017 ) ;
#549 = VERTEX_POINT ( 'NONE', #4847 ) ;
#550 =( LENGTH_UNIT ( ) NAMED_UNIT ( * ) SI_UNIT ( .MILLI., .METRE. ) );
#551 = CARTESIAN_POINT ( 'NONE',  ( 3.200000000000000178, 1.600000000000000089, -5.327213576290987228E-16 ) ) ;
#552 = CARTESIAN_POINT ( 'NONE',  ( -0.7128042700493969486, 0.2643205607915956046, 0.5989999999999994218 ) ) ;
#553 = CARTESIAN_POINT ( 'NONE',  ( -0.9350820321365912458, 0.3494070746582178533, 0.5999999999999995337 ) ) ;
#554 = CARTESIAN_POINT ( 'NONE',  ( -0.6391635396599427699, 0.1867388797968761172, 0.5999999999999994227 ) ) ;
#555 = VERTEX_POINT ( 'NONE', #5368 ) ;
#556 = LINE ( 'NONE', #4875, #1570 ) ;
#557 = SURFACE_STYLE_USAGE ( .BOTH. , #529 ) ;
#558 = B_SPLINE_CURVE_WITH_KNOTS ( 'NONE', 3,
 ( #1486, #1514, #4430, #2381, #5340, #1022, #4876, #591, #2749, #1915, #647, #5287, #1540, #3241, #166, #615, #3627, #3185, #2307 ),
 .UNSPECIFIED., .F., .F.,
 ( 4, 1, 1, 1, 1, 1, 1, 1, 1, 1, 1, 1, 1, 1, 1, 1, 4 ),
 ( 0.0000000000000000000, 0.04878347937587418359, 0.09693138956973625098, 0.1450915008017279184, 0.1933977841194992053, 0.2422569075037526998, 0.2911229018096241350, 0.3408352192596668662, 0.3915951061367907715, 0.4457719150393740781, 0.5061126198317954517, 0.5725064867171756333, 0.6449505620533899641, 0.7242299195761305874, 0.8096884027761079849, 0.9016917347513256908, 1.000000000000000000 ),
 .UNSPECIFIED. ) ;
#559 = CARTESIAN_POINT ( 'NONE',  ( 0.6131474797846105940, -0.04985835748003256823, 0.5999999999999994227 ) ) ;
#560 = UNCERTAINTY_MEASURE_WITH_UNIT (LENGTH_MEASURE( 1.000000000000000082E-05 ), #4070, 'distance_accuracy_value', 'NONE');
#561 = LINE ( 'NONE', #2261, #2754 ) ;
#562 = AXIS2_PLACEMENT_3D ( 'NONE', #2949, #2107, #3630 ) ;
#563 = CARTESIAN_POINT ( 'NONE',  ( 0.5858970286519020743, -0.2299976210265862187, 0.5989999999999995328 ) ) ;
#564 = DIRECTION ( 'NONE',  ( -0.9922778767136676281, 0.1240347345892081343, 0.0000000000000000000 ) ) ;
#565 =( NAMED_UNIT ( * ) SI_UNIT ( $, .STERADIAN. ) SOLID_ANGLE_UNIT ( ) );
#566 =( NAMED_UNIT ( * ) SI_UNIT ( $, .STERADIAN. ) SOLID_ANGLE_UNIT ( ) );
#567 = ADVANCED_FACE ( 'NONE', ( #4826 ), #2810, .F. ) ;
#568 = EDGE_CURVE ( 'NONE', #1122, #1710, #670, .T. ) ;
#569 = PRESENTATION_STYLE_ASSIGNMENT (( #291 ) ) ;
#570 = PRESENTATION_LAYER_ASSIGNMENT (  '', '', ( #2158 ) ) ;
#571 = ORIENTED_EDGE ( 'NONE', *, *, #4958, .T. ) ;
#572 = CARTESIAN_POINT ( 'NONE',  ( -0.3931221428276703844, -0.2358026438369506261, 0.5999999999999995337 ) ) ;
#573 = CARTESIAN_POINT ( 'NONE',  ( 0.6514558925121034516, 0.4835299739023969923, 0.5989999999999994218 ) ) ;
#574 = VECTOR ( 'NONE', #313, 1000.000000000000000 ) ;
#575 = FACE_OUTER_BOUND ( 'NONE', #925, .T. ) ;
#576 = UNCERTAINTY_MEASURE_WITH_UNIT (LENGTH_MEASURE( 1.000000000000000082E-05 ), #2004, 'distance_accuracy_value', 'NONE');
#577 = ORIENTED_EDGE ( 'NONE', *, *, #1587, .F. ) ;
#578 =( GEOMETRIC_REPRESENTATION_CONTEXT ( 3 ) GLOBAL_UNCERTAINTY_ASSIGNED_CONTEXT ( ( #4858 ) ) GLOBAL_UNIT_ASSIGNED_CONTEXT ( ( #3211, #3273, #3296 ) ) REPRESENTATION_CONTEXT ( 'NONE', 'WORKASPACE' ) );
#579 = SURFACE_STYLE_USAGE ( .BOTH. , #1010 ) ;
#580 = STYLED_ITEM ( 'NONE', ( #3913 ), #5099 ) ;
#581 = CARTESIAN_POINT ( 'NONE',  ( -0.3260361668797057133, 0.2059960941554443148, 0.5999999999999994227 ) ) ;
#582 = ORIENTED_EDGE ( 'NONE', *, *, #5233, .T. ) ;
#583 = SURFACE_STYLE_FILL_AREA ( #3152 ) ;
#584 = CARTESIAN_POINT ( 'NONE',  ( 0.0000000000000000000, 1.600000000000000089, 0.0000000000000000000 ) ) ;
#585 = CARTESIAN_POINT ( 'NONE',  ( -0.8828416285883217141, -0.01742567407984661754, 0.5989999999999994218 ) ) ;
#586 = CARTESIAN_POINT ( 'NONE',  ( -0.9619910627187310270, 0.2566796886907410369, 0.5999999999999995337 ) ) ;
#587 = CARTESIAN_POINT ( 'NONE',  ( -0.6298260216180336934, 0.2562543309334393005, 0.5989999999999994218 ) ) ;
#588 = CARTESIAN_POINT ( 'NONE',  ( 0.8187151332796267500, 0.05364380759707936680, 0.5989999999999995328 ) ) ;
#589 = ORIENTED_EDGE ( 'NONE', *, *, #4072, .T. ) ;
#590 = PRESENTATION_STYLE_ASSIGNMENT (( #3933 ) ) ;
#591 = CARTESIAN_POINT ( 'NONE',  ( -0.6515891170994717596, 0.1500081165400486416, 0.5989999999999991998 ) ) ;
#592 = CARTESIAN_POINT ( 'NONE',  ( 0.6355723533272266135, -0.02658853011749528344, 0.5999999999999995337 ) ) ;
#593 = CARTESIAN_POINT ( 'NONE',  ( 0.7030595301494255711, 0.4866485630126581308, 0.5999999999999994227 ) ) ;
#594 = CARTESIAN_POINT ( 'NONE',  ( -0.9413756986208254851, -0.2299976210265861909, 0.5989999999999994218 ) ) ;
#595 = SURFACE_SIDE_STYLE ('',( #3547 ) ) ;
#596 = DIRECTION ( 'NONE',  ( -0.0000000000000000000, -0.0000000000000000000, 1.000000000000000000 ) ) ;
#597 = CARTESIAN_POINT ( 'NONE',  ( -0.9621549194000463823, 0.2375348465058814140, 0.5989999999999994218 ) ) ;
#598 = ORIENTED_EDGE ( 'NONE', *, *, #921, .T. ) ;
#599 = CARTESIAN_POINT ( 'NONE',  ( -0.4609658886920791065, -0.1136402095270459267, 0.5999999999999994227 ) ) ;
#600 = CARTESIAN_POINT ( 'NONE',  ( 0.5111475243466322427, 0.3733647118311058666, 0.5999999999999994227 ) ) ;
#601 = EDGE_CURVE ( 'NONE', #1396, #5127, #3597, .T. ) ;
#602 = ADVANCED_FACE ( 'NONE', ( #240 ), #3651, .T. ) ;
#603 = CARTESIAN_POINT ( 'NONE',  ( -0.2038261441424171760, -0.06301137194706285527, 0.5989999999999994218 ) ) ;
#604 = ORIENTED_EDGE ( 'NONE', *, *, #3017, .F. ) ;
#605 = CARTESIAN_POINT ( 'NONE',  ( 0.5787887737122910936, 0.3232102118582117489, 0.5989999999999996438 ) ) ;
#606 = CARTESIAN_POINT ( 'NONE',  ( 0.8582342510023639459, 0.1138411151622463757, 0.5999999999999993117 ) ) ;
#607 = STYLED_ITEM ( 'NONE', ( #1823 ), #52 ) ;
#608 = PRESENTATION_STYLE_ASSIGNMENT (( #635 ) ) ;
#609 = ORIENTED_EDGE ( 'NONE', *, *, #1051, .F. ) ;
#610 = CARTESIAN_POINT ( 'NONE',  ( -0.4438918069393757437, 0.06192847440268832437, 0.5999999999999994227 ) ) ;
#611 = CARTESIAN_POINT ( 'NONE',  ( -0.9600638287017508876, 0.2750471012323171260, 0.5999999999999994227 ) ) ;
#612 = CARTESIAN_POINT ( 'NONE',  ( -0.7920092329967859390, -0.04660335829670863433, 0.5999999999999994227 ) ) ;
#613 = AXIS2_PLACEMENT_3D ( 'NONE', #5417, #3294, #3339 ) ;
#614 = ORIENTED_EDGE ( 'NONE', *, *, #1524, .T. ) ;
#615 = CARTESIAN_POINT ( 'NONE',  ( -0.7678366783738288515, -0.01935740238728341292, 0.5989999999999993108 ) ) ;
#616 = LINE ( 'NONE', #2310, #2313 ) ;
#617 = CARTESIAN_POINT ( 'NONE',  ( -0.2853871420587245633, 0.1118844203733763698, 0.5989999999999991998 ) ) ;
#618 = VECTOR ( 'NONE', #5454, 1000.000000000000000 ) ;
#619 = FILL_AREA_STYLE_COLOUR ( '', #4034 ) ;
#620 = B_SPLINE_CURVE_WITH_KNOTS ( 'NONE', 3,
 ( #3030, #4735, #71, #5476, #836, #927, #2517, #2545, #3817, #4762, #485, #3486, #4291, #4234, #1772, #1716, #3364, #4264, #5183 ),
 .UNSPECIFIED., .F., .F.,
 ( 4, 1, 1, 1, 1, 1, 1, 1, 1, 1, 1, 1, 1, 1, 1, 1, 4 ),
 ( 0.0000000000000000000, 0.08820144037149489635, 0.1718893103146721391, 0.2504170396028650436, 0.3244954435711884799, 0.3944548941301318501, 0.4608552762109063838, 0.5235657346858973993, 0.5835685647968407164, 0.6410899172662983814, 0.6961139743723546713, 0.7480632207189562566, 0.7995118824307291261, 0.8496678227294905961, 0.8992658375494765322, 0.9491826341192691752, 1.000000000000000000 ),
 .UNSPECIFIED. ) ;
#621 = DIRECTION ( 'NONE',  ( -0.0000000000000000000, -0.0000000000000000000, 1.000000000000000000 ) ) ;
#622 = CARTESIAN_POINT ( 'NONE',  ( -0.1282332377673777724, 0.03042685219779760891, 0.5989999999999993108 ) ) ;
#623 = CARTESIAN_POINT ( 'NONE',  ( 0.7094359896908629670, -0.07464047816944333058, 0.5999999999999994227 ) ) ;
#624 = MECHANICAL_DESIGN_GEOMETRIC_PRESENTATION_REPRESENTATION (  '', ( #3116 ), #1863 ) ;
#625 = UNCERTAINTY_MEASURE_WITH_UNIT (LENGTH_MEASURE( 1.000000000000000082E-05 ), #973, 'distance_accuracy_value', 'NONE');
#626 = CARTESIAN_POINT ( 'NONE',  ( 0.8142972537612663819, 0.2792012820467528744, 0.5999999999999994227 ) ) ;
#627 = EDGE_LOOP ( 'NONE', ( #3915, #5338, #3511, #2305 ) ) ;
#628 = CARTESIAN_POINT ( 'NONE',  ( -0.3520473827002356115, -0.2503800325017010442, 0.5999999999999994227 ) ) ;
#629 = CARTESIAN_POINT ( 'NONE',  ( -0.6690384762703635024, 0.1138411151622464035, 0.5999999999999994227 ) ) ;
#630 = ORIENTED_EDGE ( 'NONE', *, *, #4720, .F. ) ;
#631 = B_SPLINE_CURVE_WITH_KNOTS ( 'NONE', 3,
 ( #717, #1949, #2885, #341, #5356, #4586, #4950, #1164, #2398, #4112, #288, #2040, #1979 ),
 .UNSPECIFIED., .F., .F.,
 ( 4, 1, 1, 1, 1, 1, 1, 1, 1, 1, 4 ),
 ( 0.0000000000000000000, 0.1227496676134339215, 0.2345844757249740953, 0.3360613725792332973, 0.4265798447320827691, 0.5068085108969699881, 0.5755457069859369890, 0.6345771878879880035, 0.6821573405218308572, 0.8461889169654402965, 1.000000000000000000 ),
 .UNSPECIFIED. ) ;
#632 = MECHANICAL_DESIGN_GEOMETRIC_PRESENTATION_REPRESENTATION (  '', ( #13 ), #4997 ) ;
#633 =( LENGTH_UNIT ( ) NAMED_UNIT ( * ) SI_UNIT ( .MILLI., .METRE. ) );
#634 = STYLED_ITEM ( 'NONE', ( #3601 ), #2387 ) ;
#635 = SURFACE_STYLE_USAGE ( .BOTH. , #1012 ) ;
#636 = EDGE_CURVE ( 'NONE', #158, #181, #558, .T. ) ;
#637 = ORIENTED_EDGE ( 'NONE', *, *, #3803, .T. ) ;
#638 = ADVANCED_FACE ( 'NONE', ( #4459 ), #4040, .F. ) ;
#639 = UNCERTAINTY_MEASURE_WITH_UNIT (LENGTH_MEASURE( 1.000000000000000082E-05 ), #1238, 'distance_accuracy_value', 'NONE');
#640 = SURFACE_SIDE_STYLE ('',( #583 ) ) ;
#641 =( NAMED_UNIT ( * ) PLANE_ANGLE_UNIT ( ) SI_UNIT ( $, .RADIAN. ) );
#642 = CARTESIAN_POINT ( 'NONE',  ( -0.9176003912704164822, 0.3708584786421323942, 0.5999999999999994227 ) ) ;
#643 = CARTESIAN_POINT ( 'NONE',  ( -0.6515891170994717596, 0.1500081165400486416, 0.5999999999999992006 ) ) ;
#644 = SURFACE_STYLE_USAGE ( .BOTH. , #271 ) ;
#645 = VERTEX_POINT ( 'NONE', #3790 ) ;
#646 = DIRECTION ( 'NONE',  ( -0.1502866523315005143, -0.9886424642564117793, 0.0000000000000000000 ) ) ;
#647 = CARTESIAN_POINT ( 'NONE',  ( -0.6800996773056731115, 0.09500904247475643050, 0.5989999999999993108 ) ) ;
#648 = FACE_OUTER_BOUND ( 'NONE', #2634, .T. ) ;
#649 =( NAMED_UNIT ( * ) PLANE_ANGLE_UNIT ( ) SI_UNIT ( $, .RADIAN. ) );
#650 = LINE ( 'NONE', #4391, #3735 ) ;
#651 = CARTESIAN_POINT ( 'NONE',  ( -0.4667102583828598994, -0.2875615973438552797, 0.5989999999999997549 ) ) ;
#652 = DIRECTION ( 'NONE',  ( -0.0000000000000000000, -0.0000000000000000000, 1.000000000000000000 ) ) ;
#653 = CARTESIAN_POINT ( 'NONE',  ( 2.600000000000000533, -1.600000000000000089, 0.5999999999999994227 ) ) ;
#654 = ORIENTED_EDGE ( 'NONE', *, *, #1818, .T. ) ;
#655 = CARTESIAN_POINT ( 'NONE',  ( -2.600000000000000533, 1.450000000000000178, 0.6000000000000000888 ) ) ;
#656 = DIRECTION ( 'NONE',  ( 0.0000000000000000000, 1.000000000000000000, 0.0000000000000000000 ) ) ;
#657 = STYLED_ITEM ( 'NONE', ( #1810 ), #4139 ) ;
#658 = CARTESIAN_POINT ( 'NONE',  ( -0.1208037207513188022, -0.04151805583332440069, 0.5989999999999995328 ) ) ;
#659 = CARTESIAN_POINT ( 'NONE',  ( -0.2775951931577969600, 0.2023446951565619489, 0.5999999999999994227 ) ) ;
#660 = ORIENTED_EDGE ( 'NONE', *, *, #2059, .T. ) ;
#661 = COLOUR_RGB ( '',1.000000000000000000, 1.000000000000000000, 1.000000000000000000 ) ;
#662 = CARTESIAN_POINT ( 'NONE',  ( -0.8945742299441765688, -0.1590135136712891861, 0.5989999999999991998 ) ) ;
#663 = CARTESIAN_POINT ( 'NONE',  ( -0.8242131971233018772, 0.4866485630126581308, 0.5989999999999995328 ) ) ;
#664 = DIRECTION ( 'NONE',  ( -0.0000000000000000000, 1.000000000000000000, 0.0000000000000000000 ) ) ;
#665 = CARTESIAN_POINT ( 'NONE',  ( 0.6780640156081807479, -0.1083695336467523501, 0.5999999999999990896 ) ) ;
#666 = VECTOR ( 'NONE', #1798, 1000.000000000000000 ) ;
#667 = EDGE_CURVE ( 'NONE', #2077, #3051, #5480, .T. ) ;
#668 = ORIENTED_EDGE ( 'NONE', *, *, #2632, .T. ) ;
#669 = ORIENTED_EDGE ( 'NONE', *, *, #2388, .T. ) ;
#670 = LINE ( 'NONE', #2352, #3109 ) ;
#671 = MECHANICAL_DESIGN_GEOMETRIC_PRESENTATION_REPRESENTATION (  '', ( #216 ), #3973 ) ;
#672 = CARTESIAN_POINT ( 'NONE',  ( -0.7666311016981259829, 0.3820298670887027348, 0.5999999999999995337 ) ) ;
#673 = CARTESIAN_POINT ( 'NONE',  ( 0.8179247882967658478, 0.4487176075694082611, 0.5999999999999997558 ) ) ;
#674 = VECTOR ( 'NONE', #4825, 1000.000000000000000 ) ;
#675 = PRESENTATION_STYLE_ASSIGNMENT (( #1867 ) ) ;
#676 = FILL_AREA_STYLE_COLOUR ( '', #5460 ) ;
#677 = LINE ( 'NONE', #5297, #4899 ) ;
#678 = CARTESIAN_POINT ( 'NONE',  ( 0.5787887737122910936, 0.3232102118582117489, 0.5999999999999996447 ) ) ;
#679 = CARTESIAN_POINT ( 'NONE',  ( -0.8311430794365725072, 0.4036318927356682407, 0.5989999999999994218 ) ) ;
#680 = EDGE_LOOP ( 'NONE', ( #2870, #4755, #2714, #4106 ) ) ;
#681 = DIRECTION ( 'NONE',  ( 0.0000000000000000000, 1.000000000000000000, 0.0000000000000000000 ) ) ;
#682 =( NAMED_UNIT ( * ) SI_UNIT ( $, .STERADIAN. ) SOLID_ANGLE_UNIT ( ) );
#683 = PRESENTATION_STYLE_ASSIGNMENT (( #767 ) ) ;
#684 = CARTESIAN_POINT ( 'NONE',  ( -0.7678366783738288515, -0.01935740238728341292, 0.5999999999999993117 ) ) ;
#685 = DIRECTION ( 'NONE',  ( -0.0000000000000000000, -0.0000000000000000000, 1.000000000000000000 ) ) ;
#686 = CARTESIAN_POINT ( 'NONE',  ( -0.1785019510921777297, 0.1367464666554511765, 0.5989999999999995328 ) ) ;
#687 = CARTESIAN_POINT ( 'NONE',  ( -0.3561820380445125389, 0.1224996533456459286, 0.5989999999999993108 ) ) ;
#688 = ORIENTED_EDGE ( 'NONE', *, *, #3772, .T. ) ;
#689 = CARTESIAN_POINT ( 'NONE',  ( -0.6296873869325138040, -0.2299976210265861909, 0.5999999999999994227 ) ) ;
#690 = LINE ( 'NONE', #2371, #5089 ) ;
#691 = CARTESIAN_POINT ( 'NONE',  ( -0.2060872843534532484, -0.09820236518677413762, 0.5999999999999993117 ) ) ;
#692 = ORIENTED_EDGE ( 'NONE', *, *, #2666, .T. ) ;
#693 = DIRECTION ( 'NONE',  ( 0.0000000000000000000, 1.000000000000000000, 0.0000000000000000000 ) ) ;
#694 =( NAMED_UNIT ( * ) PLANE_ANGLE_UNIT ( ) SI_UNIT ( $, .RADIAN. ) );
#695 =( NAMED_UNIT ( * ) SI_UNIT ( $, .STERADIAN. ) SOLID_ANGLE_UNIT ( ) );
#696 = EDGE_LOOP ( 'NONE', ( #1379, #316, #688, #438 ) ) ;
#697 = FILL_AREA_STYLE ('',( #4907 ) ) ;
#698 = ORIENTED_EDGE ( 'NONE', *, *, #4720, .T. ) ;
#699 = DIRECTION ( 'NONE',  ( 0.0000000000000000000, 1.000000000000000000, 0.0000000000000000000 ) ) ;
#700 = ADVANCED_FACE ( 'NONE', ( #2111 ), #728, .T. ) ;
#701 = CARTESIAN_POINT ( 'NONE',  ( -0.7443822052792958832, 0.4703235106347951611, 0.5989999999999994218 ) ) ;
#702 = CARTESIAN_POINT ( 'NONE',  ( -0.7642769620479704651, 0.4777850990219150717, 0.5999999999999994227 ) ) ;
#703 = VECTOR ( 'NONE', #3286, 1000.000000000000000 ) ;
#704 = CARTESIAN_POINT ( 'NONE',  ( -0.9621549194000463823, 0.2375348465058814140, 0.5989999999999994218 ) ) ;
#705 = CARTESIAN_POINT ( 'NONE',  ( 0.6131474797846105940, -0.04985835748003256823, 0.5989999999999994218 ) ) ;
#706 = CARTESIAN_POINT ( 'NONE',  ( -0.1434063649568559640, -0.1837583839445703360, 0.5989999999999994218 ) ) ;
#707 = DIRECTION ( 'NONE',  ( -0.0000000000000000000, -0.0000000000000000000, 1.000000000000000000 ) ) ;
#708 = CARTESIAN_POINT ( 'NONE',  ( 0.1357767850332769477, 0.3749105334686634872, 0.5999999999999995337 ) ) ;
#709 = CARTESIAN_POINT ( 'NONE',  ( -0.7264039184812207672, 0.3325618825413506618, 0.5989999999999993108 ) ) ;
#710 = ORIENTED_EDGE ( 'NONE', *, *, #5226, .F. ) ;
#711 = PRESENTATION_LAYER_ASSIGNMENT (  '', '', ( #2295 ) ) ;
#712 = CARTESIAN_POINT ( 'NONE',  ( -1.016125202926095206, 0.3733647118311058666, 0.5989999999999994218 ) ) ;
#713 = FACE_OUTER_BOUND ( 'NONE', #265, .T. ) ;
#714 = VECTOR ( 'NONE', #564, 1000.000000000000114 ) ;
#715 = SURFACE_STYLE_USAGE ( .BOTH. , #1105 ) ;
#716 = FACE_OUTER_BOUND ( 'NONE', #4312, .T. ) ;
#717 = CARTESIAN_POINT ( 'NONE',  ( -0.8178367375818644813, -0.07464047816944333058, 0.5999999999999994227 ) ) ;
#718 = VERTEX_POINT ( 'NONE', #2220 ) ;
#719 = CARTESIAN_POINT ( 'NONE',  ( 0.7828905219934320092, 0.4703235106347954386, 0.5989999999999997549 ) ) ;
#720 = CARTESIAN_POINT ( 'NONE',  ( 0.2099230026778758085, 0.4868854958565307922, 0.5989999999999994218 ) ) ;
#721 = FILL_AREA_STYLE_COLOUR ( '', #661 ) ;
#722 = STYLED_ITEM ( 'NONE', ( #4434 ), #1887 ) ;
#723 = CARTESIAN_POINT ( 'NONE',  ( -0.2543708621603321118, -0.2106336837126472628, 0.5999999999999994227 ) ) ;
#724 = CARTESIAN_POINT ( 'NONE',  ( 0.7073055042061184849, 0.05047991222936447364, 0.5999999999999993117 ) ) ;
#725 = CARTESIAN_POINT ( 'NONE',  ( 0.5905718731333973182, -0.2209014051802813960, 0.5999999999999994227 ) ) ;
#726 = VECTOR ( 'NONE', #2157, 1000.000000000000000 ) ;
#727 = MECHANICAL_DESIGN_GEOMETRIC_PRESENTATION_REPRESENTATION (  '', ( #4905 ), #96 ) ;
#728 = B_SPLINE_SURFACE_WITH_KNOTS ( 'NONE', 3, 1, ( 
 ( #3737, #2 ),
 ( #4991, #5397 ),
 ( #1590, #1206 ),
 ( #731, #409 ),
 ( #2412, #2898 ),
 ( #4122, #780 ),
 ( #2054, #4180 ),
 ( #3765, #5451 ),
 ( #1640, #3275 ),
 ( #1231, #2923 ),
 ( #4962, #2490 ),
 ( #1147, #4208 ),
 ( #1661, #3368 ),
 ( #5075, #4652 ),
 ( #840, #2520 ),
 ( #2549, #48 ),
 ( #4705, #519 ),
 ( #432, #3399 ),
 ( #1397, #1291 ) ),
 .UNSPECIFIED., .F., .F., .F.,
 ( 4, 1, 1, 1, 1, 1, 1, 1, 1, 1, 1, 1, 1, 1, 1, 1, 4 ),
 ( 2, 2 ),
 ( 0.0000000000000000000, 0.07132852292713297293, 0.1388884808472358734, 0.2034880553541796588, 0.2653888690468833023, 0.3261469149304289661, 0.3858495392516023137, 0.4464210050912528760, 0.5085062454043183244, 0.5707165835193888093, 0.6319861944004557808, 0.6929433797704677156, 0.7531646365281636779, 0.8133972833669926850, 0.8747321709321999039, 0.9368339827764060601, 0.9999999999999998890 ),
 ( 0.0000000000000000000, 1.000000000000000000 ),
 .UNSPECIFIED. ) ;
#729 = ORIENTED_EDGE ( 'NONE', *, *, #2263, .F. ) ;
#730 = VERTEX_POINT ( 'NONE', #26 ) ;
#731 = CARTESIAN_POINT ( 'NONE',  ( 0.7416561171882206649, 0.4831473017083331434, 0.5989999999999994218 ) ) ;
#732 = STYLED_ITEM ( 'NONE', ( #4865 ), #2833 ) ;
#733 = CARTESIAN_POINT ( 'NONE',  ( -0.7570693748978577498, 0.3739285312327009780, 0.5999999999999993117 ) ) ;
#734 = UNCERTAINTY_MEASURE_WITH_UNIT (LENGTH_MEASURE( 1.000000000000000082E-05 ), #329, 'distance_accuracy_value', 'NONE');
#735 = SURFACE_STYLE_FILL_AREA ( #2751 ) ;
#736 = FACE_OUTER_BOUND ( 'NONE', #3649, .T. ) ;
#737 =( NAMED_UNIT ( * ) SI_UNIT ( $, .STERADIAN. ) SOLID_ANGLE_UNIT ( ) );
#738 = CARTESIAN_POINT ( 'NONE',  ( 0.7044574395958557167, 0.4033624791381226204, 0.5989999999999994218 ) ) ;
#739 = ORIENTED_EDGE ( 'NONE', *, *, #1185, .T. ) ;
#740 = CARTESIAN_POINT ( 'NONE',  ( -0.9333039468123806026, 0.4636822575454032647, 0.5989999999999994218 ) ) ;
#741 = CARTESIAN_POINT ( 'NONE',  ( -0.7570693748978577498, 0.3739285312327009780, 0.5999999999999993117 ) ) ;
#742 = CARTESIAN_POINT ( 'NONE',  ( -1.021690001304250028, -0.1943313268563209573, 0.5989999999999994218 ) ) ;
#743 = EDGE_CURVE ( 'NONE', #488, #5127, #3094, .T. ) ;
#744 = LINE ( 'NONE', #3750, #4085 ) ;
#745 = EDGE_CURVE ( 'NONE', #3919, #4202, #2249, .T. ) ;
#746 = CARTESIAN_POINT ( 'NONE',  ( -0.8178367375818644813, -0.07464047816944333058, 0.5999999999999994227 ) ) ;
#747 = LINE ( 'NONE', #2936, #1435 ) ;
#748 = FILL_AREA_STYLE_COLOUR ( '', #306 ) ;
#749 = UNCERTAINTY_MEASURE_WITH_UNIT (LENGTH_MEASURE( 1.000000000000000082E-05 ), #1502, 'distance_accuracy_value', 'NONE');
#750 = CARTESIAN_POINT ( 'NONE',  ( -0.4323977313342504125, 0.07754043249814839001, 0.5989999999999993108 ) ) ;
#751 = ORIENTED_EDGE ( 'NONE', *, *, #154, .F. ) ;
#752 = CARTESIAN_POINT ( 'NONE',  ( -0.3731413078260957805, 0.1184540034199079578, 0.5989999999999995328 ) ) ;
#753 = PRESENTATION_LAYER_ASSIGNMENT (  '', '', ( #377 ) ) ;
#754 = CARTESIAN_POINT ( 'NONE',  ( -0.6327302297164260070, 0.3050103214907985971, 0.5999999999999995337 ) ) ;
#755 = CARTESIAN_POINT ( 'NONE',  ( -0.9538727731547709254, -0.09519566007892760195, 0.5999999999999994227 ) ) ;
#756 = SURFACE_STYLE_FILL_AREA ( #2105 ) ;
#757 = ORIENTED_EDGE ( 'NONE', *, *, #3431, .F. ) ;
#758 = CARTESIAN_POINT ( 'NONE',  ( 2.620000000000000995, -1.600000000000000089, 0.5799999999999994049 ) ) ;
#759 = CARTESIAN_POINT ( 'NONE',  ( -0.7856166100845065614, 0.4831473017083331989, 0.5999999999999993117 ) ) ;
#760 = LINE ( 'NONE', #4602, #4893 ) ;
#761 = PRESENTATION_STYLE_ASSIGNMENT (( #304 ) ) ;
#762 = CARTESIAN_POINT ( 'NONE',  ( -1.038393467938456771, 0.3033696475096696044, 0.5989999999999997549 ) ) ;
#763 = VECTOR ( 'NONE', #652, 1000.000000000000000 ) ;
#764 = SURFACE_SIDE_STYLE ('',( #3348 ) ) ;
#765 = LINE ( 'NONE', #5002, #262 ) ;
#766 = SURFACE_SIDE_STYLE ('',( #1187 ) ) ;
#767 = SURFACE_STYLE_USAGE ( .BOTH. , #3811 ) ;
#768 = CARTESIAN_POINT ( 'NONE',  ( -0.8397604891591343712, 0.4866923438396087431, 0.5999999999999994227 ) ) ;
#769 = CARTESIAN_POINT ( 'NONE',  ( 0.4716113143661876395, -0.3235041145330797008, 0.5999999999999994227 ) ) ;
#770 = ORIENTED_EDGE ( 'NONE', *, *, #1085, .F. ) ;
#771 = ADVANCED_FACE ( 'NONE', ( #462 ), #2051, .T. ) ;
#772 = CARTESIAN_POINT ( 'NONE',  ( -0.4499670299925606076, 0.05028735057644594109, 0.5989999999999994218 ) ) ;
#773 = CARTESIAN_POINT ( 'NONE',  ( -0.6296873869325138040, 0.2626971841682190778, 0.5989999999999994218 ) ) ;
#774 = DIRECTION ( 'NONE',  ( 0.0000000000000000000, 1.000000000000000000, -0.0000000000000000000 ) ) ;
#775 = CARTESIAN_POINT ( 'NONE',  ( 0.8140526830154478644, 0.2551932372005331628, 0.5999999999999993117 ) ) ;
#776 = CARTESIAN_POINT ( 'NONE',  ( 0.6253011609488066114, -0.1680150325793639265, 0.5989999999999991998 ) ) ;
#777 = CARTESIAN_POINT ( 'NONE',  ( 0.8061713701388353304, 0.2078815365224027656, 0.5989999999999994218 ) ) ;
#778 = ORIENTED_EDGE ( 'NONE', *, *, #3940, .F. ) ;
#779 = ORIENTED_EDGE ( 'NONE', *, *, #5458, .F. ) ;
#780 = CARTESIAN_POINT ( 'NONE',  ( 0.7828905219934320092, 0.4703235106347954386, 0.5999999999999997558 ) ) ;
#781 = CARTESIAN_POINT ( 'NONE',  ( -0.6583878798431209711, 0.3831355704167094811, 0.5989999999999993108 ) ) ;
#782 = UNCERTAINTY_MEASURE_WITH_UNIT (LENGTH_MEASURE( 1.000000000000000082E-05 ), #5029, 'distance_accuracy_value', 'NONE');
#783 = CARTESIAN_POINT ( 'NONE',  ( 0.8061713701388353304, 0.2078815365224027656, 0.5989999999999994218 ) ) ;
#784 = LINE ( 'NONE', #2027, #618 ) ;
#785 = CARTESIAN_POINT ( 'NONE',  ( -0.1797545830463826433, -0.2508763903744602453, 0.5989999999999993108 ) ) ;
#786 = COLOUR_RGB ( '',1.000000000000000000, 1.000000000000000000, 1.000000000000000000 ) ;
#787 = CARTESIAN_POINT ( 'NONE',  ( -0.7875434955601507969, 0.3942945792464228605, 0.5989999999999993108 ) ) ;
#788 = CARTESIAN_POINT ( 'NONE',  ( -1.051663058745872403, -0.2782986198866733707, 0.5999999999999993117 ) ) ;
#789 = CARTESIAN_POINT ( 'NONE',  ( -0.9413756986208254851, -0.2299976210265861909, 0.5999999999999994227 ) ) ;
#790 = FILL_AREA_STYLE ('',( #5035 ) ) ;
#791 = PLANE ( 'NONE',  #2977 ) ;
#792 =( GEOMETRIC_REPRESENTATION_CONTEXT ( 3 ) GLOBAL_UNCERTAINTY_ASSIGNED_CONTEXT ( ( #2447 ) ) GLOBAL_UNIT_ASSIGNED_CONTEXT ( ( #5008, #4637, #2094 ) ) REPRESENTATION_CONTEXT ( 'NONE', 'WORKASPACE' ) );
#793 = ORIENTED_EDGE ( 'NONE', *, *, #3771, .F. ) ;
#794 = UNCERTAINTY_MEASURE_WITH_UNIT (LENGTH_MEASURE( 1.000000000000000082E-05 ), #2865, 'distance_accuracy_value', 'NONE');
#795 = CARTESIAN_POINT ( 'NONE',  ( -0.4195074785896298342, 0.09123797559754277808, 0.5989999999999993108 ) ) ;
#796 = B_SPLINE_CURVE_WITH_KNOTS ( 'NONE', 3,
 ( #2274, #5324, #4892, #4422, #1447, #1104, #4441, #3945, #1879, #3530, #1901, #5224, #1415, #1080, #3112, #152, #4808, #603, #2687 ),
 .UNSPECIFIED., .F., .F.,
 ( 4, 1, 1, 1, 1, 1, 1, 1, 1, 1, 1, 1, 1, 1, 1, 1, 4 ),
 ( 0.0000000000000000000, 0.05209732262054703189, 0.1031017125429976727, 0.1538005850222767257, 0.2052543937058745327, 0.2577240493729199278, 0.3121926273023796217, 0.3697360009396615799, 0.4300616318925716830, 0.4928681751518532717, 0.5569346627599202071, 0.6229750124240587272, 0.6914696535390241205, 0.7631504096806910331, 0.8380916681716278349, 0.9167521411516651453, 1.000000000000000000 ),
 .UNSPECIFIED. ) ;
#797 = MECHANICAL_DESIGN_GEOMETRIC_PRESENTATION_REPRESENTATION (  '', ( #2301 ), #2836 ) ;
#798 =( NAMED_UNIT ( * ) PLANE_ANGLE_UNIT ( ) SI_UNIT ( $, .RADIAN. ) );
#799 = LINE ( 'NONE', #374, #2233 ) ;
#800 = ORIENTED_EDGE ( 'NONE', *, *, #5289, .T. ) ;
#801 = PRESENTATION_STYLE_ASSIGNMENT (( #4145 ) ) ;
#802 =( LENGTH_UNIT ( ) NAMED_UNIT ( * ) SI_UNIT ( .MILLI., .METRE. ) );
#803 = PRESENTATION_LAYER_ASSIGNMENT (  '', '', ( #1794 ) ) ;
#804 = VECTOR ( 'NONE', #4470, 1000.000000000000000 ) ;
#805 = ADVANCED_FACE ( 'NONE', ( #4403 ), #4428, .T. ) ;
#806 = FILL_AREA_STYLE ('',( #2052 ) ) ;
#807 = EDGE_CURVE ( 'NONE', #3997, #2808, #4843, .T. ) ;
#808 = CARTESIAN_POINT ( 'NONE',  ( 0.7264873233896532723, 0.07329409115209413461, 0.5999999999999997558 ) ) ;
#809 = EDGE_LOOP ( 'NONE', ( #1260, #5300, #3932, #1251 ) ) ;
#810 = ORIENTED_EDGE ( 'NONE', *, *, #2978, .T. ) ;
#811 = VECTOR ( 'NONE', #2918, 1000.000000000000000 ) ;
#812 = VECTOR ( 'NONE', #2553, 1000.000000000000000 ) ;
#813 = CARTESIAN_POINT ( 'NONE',  ( 0.6961296478361548301, 0.4036318927356682962, 0.5989999999999994218 ) ) ;
#814 = CARTESIAN_POINT ( 'NONE',  ( 0.5465764340570468116, 0.4269606415826426860, 0.5999999999999995337 ) ) ;
#815 = CARTESIAN_POINT ( 'NONE',  ( 0.4728801387029463177, -0.2937120445264359558, 0.5999999999999993117 ) ) ;
#816 = CARTESIAN_POINT ( 'NONE',  ( -0.8488204745265351958, 0.4034864214212003919, 0.5999999999999993117 ) ) ;
#817 = COLOUR_RGB ( '',1.000000000000000000, 1.000000000000000000, 1.000000000000000000 ) ;
#818 = CARTESIAN_POINT ( 'NONE',  ( -1.006022796216620385, 0.3931929067717434556, 0.5999999999999992006 ) ) ;
#819 = B_SPLINE_SURFACE_WITH_KNOTS ( 'NONE', 3, 1, ( 
 ( #4752, #3442 ),
 ( #3888, #920 ),
 ( #946, #3944 ),
 ( #2601, #4308 ),
 ( #478, #2181 ),
 ( #65, #2788 ),
 ( #2732, #600 ),
 ( #3193, #5321 ),
 ( #1077, #2363 ),
 ( #4419, #3111 ),
 ( #1523, #3555 ),
 ( #1877, #2711 ),
 ( #2289, #4806 ),
 ( #5274, #5250 ),
 ( #4495, #3529 ),
 ( #573, #4397 ),
 ( #1033, #4889 ),
 ( #2270, #3611 ),
 ( #4861, #1003 ) ),
 .UNSPECIFIED., .F., .F., .F.,
 ( 4, 1, 1, 1, 1, 1, 1, 1, 1, 1, 1, 1, 1, 1, 1, 1, 4 ),
 ( 2, 2 ),
 ( 0.0000000000000000000, 0.08100969503787953940, 0.1571624851194886596, 0.2293186239864792864, 0.2971995747160035561, 0.3619501700138806344, 0.4237206412699676683, 0.4831222440402864748, 0.5409816837709602311, 0.5976614915012095075, 0.6531809217988240324, 0.7078518819289706387, 0.7635482905380024388, 0.8195365889150290073, 0.8776400206428153217, 0.9374543783683156883, 1.000000000000000000 ),
 ( 0.0000000000000000000, 1.000000000000000000 ),
 .UNSPECIFIED. ) ;
#820 = LINE ( 'NONE', #3007, #311 ) ;
#821 = CARTESIAN_POINT ( 'NONE',  ( -0.4634536206987475704, -0.09493268596165110873, 0.5989999999999994218 ) ) ;
#822 =( NAMED_UNIT ( * ) SI_UNIT ( $, .STERADIAN. ) SOLID_ANGLE_UNIT ( ) );
#823 = CARTESIAN_POINT ( 'NONE',  ( 3.200000000000000178, 1.600000000000000089, -5.327213576290987228E-16 ) ) ;
#824 = SURFACE_STYLE_USAGE ( .BOTH. , #4639 ) ;
#825 = SURFACE_STYLE_FILL_AREA ( #338 ) ;
#826 = CARTESIAN_POINT ( 'NONE',  ( -0.4323977313342504125, 0.07754043249814839001, 0.5989999999999993108 ) ) ;
#827 = CARTESIAN_POINT ( 'NONE',  ( -0.7093479389759622666, 0.4487176075694080946, 0.5989999999999996438 ) ) ;
#828 = DIRECTION ( 'NONE',  ( 0.0000000000000000000, 0.0000000000000000000, 1.000000000000000000 ) ) ;
#829 = FILL_AREA_STYLE_COLOUR ( '', #361 ) ;
#830 = ORIENTED_EDGE ( 'NONE', *, *, #1848, .F. ) ;
#831 = CARTESIAN_POINT ( 'NONE',  ( -0.8917003739455009459, -0.02658853011749527998, 0.5999999999999994227 ) ) ;
#832 = CARTESIAN_POINT ( 'NONE',  ( 0.6444310986844059563, -0.01742567407984662101, 0.5999999999999995337 ) ) ;
#833 = VECTOR ( 'NONE', #2813, 1000.000000000000000 ) ;
#834 = CARTESIAN_POINT ( 'NONE',  ( 0.4820009247557979770, 0.2479244568954917793, 0.5999999999999994227 ) ) ;
#835 = CARTESIAN_POINT ( 'NONE',  ( 0.6355723533272266135, -0.02658853011749528344, 0.5999999999999995337 ) ) ;
#836 = CARTESIAN_POINT ( 'NONE',  ( -0.4532660794531980786, -0.1481148454772890088, 0.5999999999999993117 ) ) ;
#837 = CARTESIAN_POINT ( 'NONE',  ( 0.8144684572233303888, 0.2643205607915956046, 0.5999999999999995337 ) ) ;
#838 = ORIENTED_EDGE ( 'NONE', *, *, #5290, .T. ) ;
#839 = ORIENTED_EDGE ( 'NONE', *, *, #3327, .F. ) ;
#840 = CARTESIAN_POINT ( 'NONE',  ( 0.8908437392644087405, 0.3254888900900889115, 0.5989999999999995328 ) ) ;
#841 = CARTESIAN_POINT ( 'NONE',  ( 0.7606416255746015764, 0.3820298670887026793, 0.5989999999999995328 ) ) ;
#842 = EDGE_CURVE ( 'NONE', #1505, #1481, #2802, .T. ) ;
#843 = CARTESIAN_POINT ( 'NONE',  ( 0.5111475243466322427, 0.3733647118311058666, 0.5999999999999994227 ) ) ;
#844 = ADVANCED_FACE ( 'NONE', ( #4452 ), #211, .T. ) ;
#845 =( GEOMETRIC_REPRESENTATION_CONTEXT ( 3 ) GLOBAL_UNCERTAINTY_ASSIGNED_CONTEXT ( ( #3414 ) ) GLOBAL_UNIT_ASSIGNED_CONTEXT ( ( #3013, #3440, #5168 ) ) REPRESENTATION_CONTEXT ( 'NONE', 'WORKASPACE' ) );
#846 = CARTESIAN_POINT ( 'NONE',  ( -0.9425797872574784853, 0.3370397902646605770, 0.5989999999999993108 ) ) ;
#847 = CARTESIAN_POINT ( 'NONE',  ( -0.9806962932156807478, 0.4269606415826426860, 0.5999999999999995337 ) ) ;
#848 = CARTESIAN_POINT ( 'NONE',  ( -0.1239442524663743467, -0.1070365418291211873, 0.5999999999999997558 ) ) ;
#849 = PRESENTATION_LAYER_ASSIGNMENT (  '', '', ( #2705 ) ) ;
#850 = CARTESIAN_POINT ( 'NONE',  ( -0.3802640875853177116, -0.3305182611999502029, 0.5989999999999994218 ) ) ;
#851 = CARTESIAN_POINT ( 'NONE',  ( -0.2059212808879003764, -0.01585260708288223006, 0.5989999999999994218 ) ) ;
#852 = VECTOR ( 'NONE', #1762, 1000.000000000000000 ) ;
#853 = CARTESIAN_POINT ( 'NONE',  ( -1.025161088852817759, 0.3519313413877854235, 0.5999999999999995337 ) ) ;
#854 = ORIENTED_EDGE ( 'NONE', *, *, #290, .F. ) ;
#855 = PRESENTATION_LAYER_ASSIGNMENT (  '', '', ( #580 ) ) ;
#856 = CARTESIAN_POINT ( 'NONE',  ( 0.02144448868605480091, 0.1889007839028774005, 0.5989999999999995328 ) ) ;
#857 = CARTESIAN_POINT ( 'NONE',  ( -0.9349143761350076076, -0.07296912346077942535, 0.5989999999999994218 ) ) ;
#858 = PRODUCT_DEFINITION_FORMATION_WITH_SPECIFIED_SOURCE ( 'ANY', '', #2115, .NOT_KNOWN. ) ;
#859 = ORIENTED_EDGE ( 'NONE', *, *, #154, .T. ) ;
#860 = PLANE ( 'NONE',  #520 ) ;
#861 = CARTESIAN_POINT ( 'NONE',  ( 0.2638191065739796670, -0.3235041145330797008, 0.5999999999999994227 ) ) ;
#862 = DIRECTION ( 'NONE',  ( 0.0000000000000000000, -1.000000000000000000, 0.0000000000000000000 ) ) ;
#863 = B_SPLINE_SURFACE_WITH_KNOTS ( 'NONE', 3, 1, ( 
 ( #251, #1213 ),
 ( #2448, #2392 ),
 ( #5408, #3254 ),
 ( #1943, #1189 ),
 ( #3308, #4131 ),
 ( #4946, #1132 ),
 ( #3665, #4522 ),
 ( #2003, #333 ),
 ( #283, #1601 ),
 ( #3281, #2849 ),
 ( #3773, #741 ),
 ( #2879, #4580 ),
 ( #4157, #1627 ),
 ( #787, #2065 ),
 ( #5462, #59 ),
 ( #2119, #3464 ),
 ( #3009, #1302 ),
 ( #4770, #2202 ),
 ( #5165, #3829 ) ),
 .UNSPECIFIED., .F., .F., .F.,
 ( 4, 1, 1, 1, 1, 1, 1, 1, 1, 1, 1, 1, 1, 1, 1, 1, 4 ),
 ( 2, 2 ),
 ( 0.0000000000000000000, 0.07278041585726051366, 0.1421477661410811000, 0.2091827705192677578, 0.2742917701525877106, 0.3377688011273006774, 0.4007572236760685302, 0.4628012679375338445, 0.5255951311873973131, 0.5875404891381657002, 0.6475290235975744713, 0.7063226117617446009, 0.7636995326185601618, 0.8213742411629880724, 0.8796189551866803180, 0.9389099248298989897, 1.000000000000000000 ),
 ( 0.0000000000000000000, 1.000000000000000000 ),
 .UNSPECIFIED. ) ;
#864 = DIRECTION ( 'NONE',  ( 1.000000000000000000, 0.0000000000000000000, -7.803232871773159601E-14 ) ) ;
#865 = CARTESIAN_POINT ( 'NONE',  ( 0.7433797813393006049, 0.09439854205510415930, 0.5989999999999994218 ) ) ;
#866 = ORIENTED_EDGE ( 'NONE', *, *, #484, .T. ) ;
#867 = ORIENTED_EDGE ( 'NONE', *, *, #3602, .F. ) ;
#868 = FACE_OUTER_BOUND ( 'NONE', #1290, .T. ) ;
#869 = CARTESIAN_POINT ( 'NONE',  ( 0.7397292317125763184, 0.3942945792464228050, 0.5989999999999993108 ) ) ;
#870 = CARTESIAN_POINT ( 'NONE',  ( -0.3110369421831359338, 0.1206648928603330367, 0.5989999999999994218 ) ) ;
#871 = CARTESIAN_POINT ( 'NONE',  ( 0.1466538527269783676, 0.2748909207182292369, 0.5999999999999994227 ) ) ;
#872 = CARTESIAN_POINT ( 'NONE',  ( -0.8617850467415897331, 0.4011674935311634882, 0.5999999999999994227 ) ) ;
#873 = ORIENTED_EDGE ( 'NONE', *, *, #2195, .T. ) ;
#874 = CARTESIAN_POINT ( 'NONE',  ( -0.2705336710519598564, -0.3227041879676298408, 0.5999999999999995337 ) ) ;
#875 = EDGE_CURVE ( 'NONE', #1824, #1145, #3948, .T. ) ;
#876 = FILL_AREA_STYLE ('',( #3963 ) ) ;
#877 = CARTESIAN_POINT ( 'NONE',  ( 3.180000000000000604, 1.600000000000000089, 0.5799999999999995159 ) ) ;
#878 = PRESENTATION_STYLE_ASSIGNMENT (( #89 ) ) ;
#879 = CARTESIAN_POINT ( 'NONE',  ( -0.9865926607053662201, -0.1371732999891079885, 0.5989999999999994218 ) ) ;
#880 = CARTESIAN_POINT ( 'NONE',  ( 2.600000000000000533, -1.600000000000000089, 0.5999999999999994227 ) ) ;
#881 = FILL_AREA_STYLE_COLOUR ( '', #1900 ) ;
#882 = ADVANCED_FACE ( 'NONE', ( #1227 ), #1219, .T. ) ;
#883 =( NAMED_UNIT ( * ) PLANE_ANGLE_UNIT ( ) SI_UNIT ( $, .RADIAN. ) );
#884 = EDGE_CURVE ( 'NONE', #1314, #4599, #402, .T. ) ;
#885 = B_SPLINE_CURVE_WITH_KNOTS ( 'NONE', 3,
 ( #3156, #1400, #2223, #3931, #3096, #1429, #4787, #962, #642, #988, #553, #2252, #3958, #137, #3124, #611, #586, #1017, #2302 ),
 .UNSPECIFIED., .F., .F.,
 ( 4, 1, 1, 1, 1, 1, 1, 1, 1, 1, 1, 1, 1, 1, 1, 1, 4 ),
 ( 0.0000000000000000000, 0.05804926609053278480, 0.1133148320836877276, 0.1675622724459463475, 0.2211424480951691973, 0.2755171013253206458, 0.3295224528313861478, 0.3857580765321463323, 0.4438934661352176292, 0.5036774965383465918, 0.5646453277561697126, 0.6280046557190155365, 0.6950187707529337233, 0.7646653028278005415, 0.8387700575937288017, 0.9171404580728560463, 0.9999999999999998890 ),
 .UNSPECIFIED. ) ;
#886 = ORIENTED_EDGE ( 'NONE', *, *, #5289, .F. ) ;
#887 = VECTOR ( 'NONE', #966, 1000.000000000000000 ) ;
#888 = CARTESIAN_POINT ( 'NONE',  ( 0.1755977122226002607, 0.3043863890044235521, 0.5989999999999994218 ) ) ;
#889 =( LENGTH_UNIT ( ) NAMED_UNIT ( * ) SI_UNIT ( .MILLI., .METRE. ) );
#890 = VECTOR ( 'NONE', #3813, 1000.000000000000000 ) ;
#891 = EDGE_LOOP ( 'NONE', ( #5277, #3980, #5479, #2955 ) ) ;
#892 = CARTESIAN_POINT ( 'NONE',  ( 0.6003568793725128083, 0.3608359423596929627, 0.5989999999999994218 ) ) ;
#893 = SURFACE_STYLE_FILL_AREA ( #2995 ) ;
#894 = FILL_AREA_STYLE_COLOUR ( '', #1978 ) ;
#895 = SURFACE_STYLE_USAGE ( .BOTH. , #4700 ) ;
#896 = CARTESIAN_POINT ( 'NONE',  ( -0.2593626977648036958, 0.1969957785091744074, 0.5989999999999996438 ) ) ;
#897 = MECHANICAL_DESIGN_GEOMETRIC_PRESENTATION_REPRESENTATION (  '', ( #343 ), #1069 ) ;
#898 = ORIENTED_EDGE ( 'NONE', *, *, #3390, .F. ) ;
#899 = ORIENTED_EDGE ( 'NONE', *, *, #5358, .F. ) ;
#900 = FILL_AREA_STYLE ('',( #1344 ) ) ;
#901 = PLANE ( 'NONE',  #3023 ) ;
#902 = CARTESIAN_POINT ( 'NONE',  ( -0.8007854038830746202, 0.07329409115209419012, 0.5989999999999994218 ) ) ;
#903 = CARTESIAN_POINT ( 'NONE',  ( 0.8975853403402136443, -0.2299976210265861909, 0.5999999999999994227 ) ) ;
#904 = COLOUR_RGB ( '',1.000000000000000000, 1.000000000000000000, 1.000000000000000000 ) ;
#905 = CARTESIAN_POINT ( 'NONE',  ( 0.7702033523748692545, 0.3739285312327010891, 0.5999999999999993117 ) ) ;
#906 = CARTESIAN_POINT ( 'NONE',  ( -0.9350820321365912458, 0.3494070746582178533, 0.5999999999999995337 ) ) ;
#907 = VERTEX_POINT ( 'NONE', #2104 ) ;
#908 =( NAMED_UNIT ( * ) SI_UNIT ( $, .STERADIAN. ) SOLID_ANGLE_UNIT ( ) );
#909 = MECHANICAL_DESIGN_GEOMETRIC_PRESENTATION_REPRESENTATION (  '', ( #2753 ), #4371 ) ;
#910 = CARTESIAN_POINT ( 'NONE',  ( -0.8417789509893819355, 0.02626672796702154630, 0.5999999999999992006 ) ) ;
#911 = COLOUR_RGB ( '',1.000000000000000000, 1.000000000000000000, 1.000000000000000000 ) ;
#912 = CARTESIAN_POINT ( 'NONE',  ( -0.5465705038156307705, -0.1053222963512614879, 0.5989999999999994218 ) ) ;
#913 = CARTESIAN_POINT ( 'NONE',  ( -0.2517197126340890434, 0.08741682341612147522, 0.5989999999999994218 ) ) ;
#914 = AXIS2_PLACEMENT_3D ( 'NONE', #5302, #1816, #4049 ) ;
#915 = FACE_OUTER_BOUND ( 'NONE', #477, .T. ) ;
#916 = FILL_AREA_STYLE_COLOUR ( '', #3914 ) ;
#917 = DIRECTION ( 'NONE',  ( 0.7071067811865474617, 0.0000000000000000000, 0.7071067811865474617 ) ) ;
#918 = ORIENTED_EDGE ( 'NONE', *, *, #3602, .T. ) ;
#919 =( GEOMETRIC_REPRESENTATION_CONTEXT ( 3 ) GLOBAL_UNCERTAINTY_ASSIGNED_CONTEXT ( ( #161 ) ) GLOBAL_UNIT_ASSIGNED_CONTEXT ( ( #3608, #1873, #1469 ) ) REPRESENTATION_CONTEXT ( 'NONE', 'WORKASPACE' ) );
#920 = CARTESIAN_POINT ( 'NONE',  ( 0.4828574846787099251, 0.2575695103935631280, 0.5999999999999993117 ) ) ;
#921 = EDGE_CURVE ( 'NONE', #1396, #5073, #2575, .T. ) ;
#922 = EDGE_CURVE ( 'NONE', #481, #1102, #3058, .T. ) ;
#923 = CARTESIAN_POINT ( 'NONE',  ( -1.051663058745872403, -0.2782986198866733707, 0.5989999999999993108 ) ) ;
#924 =( LENGTH_UNIT ( ) NAMED_UNIT ( * ) SI_UNIT ( .MILLI., .METRE. ) );
#925 = EDGE_LOOP ( 'NONE', ( #1277, #2999, #1874, #1425 ) ) ;
#926 = CARTESIAN_POINT ( 'NONE',  ( -3.180000000000000604, 1.600000000000000089, 0.5800000000000001821 ) ) ;
#927 = CARTESIAN_POINT ( 'NONE',  ( -0.4478739846854871143, -0.1633431166610755936, 0.5999999999999995337 ) ) ;
#928 = FILL_AREA_STYLE_COLOUR ( '', #1118 ) ;
#929 = EDGE_LOOP ( 'NONE', ( #609, #2427, #2399, #110 ) ) ;
#930 = ORIENTED_EDGE ( 'NONE', *, *, #2231, .T. ) ;
#931 = CARTESIAN_POINT ( 'NONE',  ( 0.01446845722333049700, 0.2790932880643229308, 0.5989999999999994218 ) ) ;
#932 = DIRECTION ( 'NONE',  ( 0.0000000000000000000, -1.000000000000000000, 0.0000000000000000000 ) ) ;
#933 = CARTESIAN_POINT ( 'NONE',  ( -0.6298345278886725573, 0.2698483120667990454, 0.5999999999999994227 ) ) ;
#934 = CARTESIAN_POINT ( 'NONE',  ( -0.6296873869325138040, 0.2626971841682190778, 0.5989999999999994218 ) ) ;
#935 = CARTESIAN_POINT ( 'NONE',  ( -0.8860247615558957124, 0.3932538803962949969, 0.5989999999999993108 ) ) ;
#936 = ORIENTED_EDGE ( 'NONE', *, *, #884, .T. ) ;
#937 = LINE ( 'NONE', #2617, #2625 ) ;
#938 = CARTESIAN_POINT ( 'NONE',  ( 0.08044359651490810836, 0.2231051822642634574, 0.5999999999999994227 ) ) ;
#939 = SURFACE_STYLE_USAGE ( .BOTH. , #1755 ) ;
#940 = MECHANICAL_DESIGN_GEOMETRIC_PRESENTATION_REPRESENTATION (  '', ( #4309 ), #4219 ) ;
#941 = SURFACE_STYLE_FILL_AREA ( #392 ) ;
#942 =( NAMED_UNIT ( * ) SI_UNIT ( $, .STERADIAN. ) SOLID_ANGLE_UNIT ( ) );
#943 = COLOUR_RGB ( '',1.000000000000000000, 1.000000000000000000, 1.000000000000000000 ) ;
#944 = CARTESIAN_POINT ( 'NONE',  ( -0.9367008541393303522, -0.2209014051802813683, 0.5989999999999994218 ) ) ;
#945 = ORIENTED_EDGE ( 'NONE', *, *, #3327, .T. ) ;
#946 = CARTESIAN_POINT ( 'NONE',  ( 0.4845192498054106678, 0.2762813519349802682, 0.5989999999999993108 ) ) ;
#947 = VECTOR ( 'NONE', #2921, 1000.000000000000000 ) ;
#948 = CARTESIAN_POINT ( 'NONE',  ( 0.8975853403402136443, 0.2626971841682190778, 0.5989999999999994218 ) ) ;
#949 = CARTESIAN_POINT ( 'NONE',  ( -0.2926280839862307470, -0.3291863904779652183, 0.5999999999999995337 ) ) ;
#950 = STYLED_ITEM ( 'NONE', ( #2397 ), #4992 ) ;
#951 = ORIENTED_EDGE ( 'NONE', *, *, #875, .T. ) ;
#952 = EDGE_CURVE ( 'NONE', #2721, #2616, #2970, .T. ) ;
#953 = CARTESIAN_POINT ( 'NONE',  ( 0.6003568793725128083, 0.3608359423596929627, 0.5999999999999995337 ) ) ;
#954 = VECTOR ( 'NONE', #3160, 1000.000000000000000 ) ;
#955 = DIRECTION ( 'NONE',  ( 0.0000000000000000000, 1.000000000000000000, 0.0000000000000000000 ) ) ;
#956 = DIRECTION ( 'NONE',  ( -0.0000000000000000000, -0.0000000000000000000, 1.000000000000000000 ) ) ;
#957 = ORIENTED_EDGE ( 'NONE', *, *, #2430, .T. ) ;
#958 = CARTESIAN_POINT ( 'NONE',  ( 0.1357767850332769477, 0.3749105334686634872, 0.5989999999999995328 ) ) ;
#959 = B_SPLINE_CURVE_WITH_KNOTS ( 'NONE', 3,
 ( #5348, #1547, #3250, #2339, #5376, #2877, #709, #3636, #3400, #2818, #4492, #4046, #1520, #3223, #4105, #1156, #4519, #679, #4916 ),
 .UNSPECIFIED., .F., .F.,
 ( 4, 1, 1, 1, 1, 1, 1, 1, 1, 1, 1, 1, 1, 1, 1, 1, 4 ),
 ( 0.0000000000000000000, 0.07278041585726051366, 0.1421477661410811000, 0.2091827705192677578, 0.2742917701525877106, 0.3377688011273006774, 0.4007572236760685302, 0.4628012679375338445, 0.5255951311873973131, 0.5875404891381657002, 0.6475290235975744713, 0.7063226117617446009, 0.7636995326185601618, 0.8213742411629880724, 0.8796189551866803180, 0.9389099248298989897, 1.000000000000000000 ),
 .UNSPECIFIED. ) ;
#960 = CARTESIAN_POINT ( 'NONE',  ( -0.3273144076537867209, -0.2503277384763761271, 0.5999999999999994227 ) ) ;
#961 = UNCERTAINTY_MEASURE_WITH_UNIT (LENGTH_MEASURE( 1.000000000000000082E-05 ), #3469, 'distance_accuracy_value', 'NONE');
#962 = CARTESIAN_POINT ( 'NONE',  ( -0.9077447630837978121, 0.3796724463967943719, 0.5999999999999994227 ) ) ;
#963 = CARTESIAN_POINT ( 'NONE',  ( 0.1650186179179700674, 0.2922089441242496921, 0.5989999999999991998 ) ) ;
#964 = CARTESIAN_POINT ( 'NONE',  ( 0.8974467056546936439, 0.2562543309334393005, 0.5999999999999994227 ) ) ;
#965 = EDGE_LOOP ( 'NONE', ( #4292, #3240, #2162, #2362 ) ) ;
#966 = DIRECTION ( 'NONE',  ( -1.000000000000000000, 0.0000000000000000000, 3.872150616019661299E-16 ) ) ;
#967 = CARTESIAN_POINT ( 'NONE',  ( 0.4715516326190994922, -0.3087611222187532922, 0.5999999999999996447 ) ) ;
#968 = UNCERTAINTY_MEASURE_WITH_UNIT (LENGTH_MEASURE( 1.000000000000000082E-05 ), #1539, 'distance_accuracy_value', 'NONE');
#969 =( LENGTH_UNIT ( ) NAMED_UNIT ( * ) SI_UNIT ( .MILLI., .METRE. ) );
#970 = CARTESIAN_POINT ( 'NONE',  ( -2.640000000000000568, -1.600000000000000089, 0.5799999999999999600 ) ) ;
#971 = CARTESIAN_POINT ( 'NONE',  ( -0.1428556922220035330, 0.07760390843950513984, 0.5989999999999994218 ) ) ;
#972 = SURFACE_SIDE_STYLE ('',( #5142 ) ) ;
#973 =( LENGTH_UNIT ( ) NAMED_UNIT ( * ) SI_UNIT ( .MILLI., .METRE. ) );
#974 = CARTESIAN_POINT ( 'NONE',  ( 0.8008688087915065701, 0.3325618825413507174, 0.5999999999999996447 ) ) ;
#975 = VERTEX_POINT ( 'NONE', #1283 ) ;
#976 = CARTESIAN_POINT ( 'NONE',  ( -0.4532660794531980786, -0.1481148454772890088, 0.5999999999999993117 ) ) ;
#977 = CARTESIAN_POINT ( 'NONE',  ( -0.2037133609584878269, -0.05564697167593683075, 0.5999999999999994227 ) ) ;
#978 = SURFACE_STYLE_USAGE ( .BOTH. , #5202 ) ;
#979 = VECTOR ( 'NONE', #2407, 1000.000000000000000 ) ;
#980 = UNCERTAINTY_MEASURE_WITH_UNIT (LENGTH_MEASURE( 1.000000000000000082E-05 ), #802, 'distance_accuracy_value', 'NONE');
#981 = ORIENTED_EDGE ( 'NONE', *, *, #4930, .F. ) ;
#982 = VECTOR ( 'NONE', #205, 1000.000000000000000 ) ;
#983 = PRESENTATION_STYLE_ASSIGNMENT (( #4317 ) ) ;
#984 = LINE ( 'NONE', #2658, #1389 ) ;
#985 = ORIENTED_EDGE ( 'NONE', *, *, #5172, .T. ) ;
#986 = COLOUR_RGB ( '',1.000000000000000000, 1.000000000000000000, 1.000000000000000000 ) ;
#987 = CARTESIAN_POINT ( 'NONE',  ( -0.2038261441424171760, -0.06301137194706285527, 0.5989999999999994218 ) ) ;
#988 = CARTESIAN_POINT ( 'NONE',  ( -0.9269158479002146400, 0.3608359423596929072, 0.5999999999999993117 ) ) ;
#989 = ADVANCED_FACE ( 'NONE', ( #4675 ), #860, .T. ) ;
#990 = FILL_AREA_STYLE ('',( #3069 ) ) ;
#991 = ORIENTED_EDGE ( 'NONE', *, *, #248, .F. ) ;
#992 = APPLICATION_PROTOCOL_DEFINITION ( 'draft international standard', 'automotive_design', 1998, #3342 ) ;
#993 = VECTOR ( 'NONE', #4393, 1000.000000000000000 ) ;
#994 = CARTESIAN_POINT ( 'NONE',  ( -1.002188120984104369, -0.1605117429735937185, 0.5989999999999993108 ) ) ;
#995 = CARTESIAN_POINT ( 'NONE',  ( -0.3389406336857606616, 0.1232491322201671041, 0.5999999999999995337 ) ) ;
#996 = VECTOR ( 'NONE', #4943, 1000.000000000000114 ) ;
#997 = COLOUR_RGB ( '',1.000000000000000000, 1.000000000000000000, 1.000000000000000000 ) ;
#998 = LINE ( 'NONE', #3079, #4807 ) ;
#999 = CARTESIAN_POINT ( 'NONE',  ( -0.8488204745265351958, 0.4034864214212003919, 0.5989999999999993108 ) ) ;
#1000 = CARTESIAN_POINT ( 'NONE',  ( 0.8008688087915065701, 0.3325618825413507174, 0.5989999999999995328 ) ) ;
#1001 = VERTEX_POINT ( 'NONE', #3283 ) ;
#1002 = CARTESIAN_POINT ( 'NONE',  ( -0.4573045295089953610, -0.1314380033785252921, 0.5989999999999993108 ) ) ;
#1003 = CARTESIAN_POINT ( 'NONE',  ( 0.6949879377428108684, 0.4868854958565307922, 0.5999999999999994227 ) ) ;
#1004 = VECTOR ( 'NONE', #5453, 1000.000000000000000 ) ;
#1005 = SURFACE_STYLE_USAGE ( .BOTH. , #1034 ) ;
#1006 = VECTOR ( 'NONE', #4239, 1000.000000000000000 ) ;
#1007 = STYLED_ITEM ( 'NONE', ( #569 ), #2980 ) ;
#1008 = CARTESIAN_POINT ( 'NONE',  ( -0.2418355615795933222, 0.1892356956178786465, 0.5999999999999995337 ) ) ;
#1009 = EDGE_LOOP ( 'NONE', ( #2248, #2184, #770, #5020, #1806, #2226, #4895, #5179 ) ) ;
#1010 = SURFACE_SIDE_STYLE ('',( #1370 ) ) ;
#1011 = CARTESIAN_POINT ( 'NONE',  ( 0.7182332261308967958, -0.06509061353557854535, 0.5999999999999994227 ) ) ;
#1012 = SURFACE_SIDE_STYLE ('',( #4426 ) ) ;
#1013 = ORIENTED_EDGE ( 'NONE', *, *, #2565, .F. ) ;
#1014 = CARTESIAN_POINT ( 'NONE',  ( -0.4499670299925606076, 0.05028735057644594109, 0.5999999999999994227 ) ) ;
#1015 = CARTESIAN_POINT ( 'NONE',  ( -0.2038261441424171760, -0.06301137194706285527, 0.5999999999999995337 ) ) ;
#1016 = UNCERTAINTY_MEASURE_WITH_UNIT (LENGTH_MEASURE( 1.000000000000000082E-05 ), #1478, 'distance_accuracy_value', 'NONE');
#1017 = CARTESIAN_POINT ( 'NONE',  ( -0.9620992959896705887, 0.2440338272302541023, 0.5999999999999994227 ) ) ;
#1018 = PRESENTATION_STYLE_ASSIGNMENT (( #3129 ) ) ;
#1019 = CARTESIAN_POINT ( 'NONE',  ( 0.8582342510023639459, 0.1138411151622463757, 0.5999999999999993117 ) ) ;
#1020 = ORIENTED_EDGE ( 'NONE', *, *, #4855, .T. ) ;
#1021 = CARTESIAN_POINT ( 'NONE',  ( 0.8975853403402136443, -0.2299976210265861909, 0.5999999999999994227 ) ) ;
#1022 = CARTESIAN_POINT ( 'NONE',  ( -0.6391635396599427699, 0.1867388797968761172, 0.5989999999999994218 ) ) ;
#1023 = EDGE_CURVE ( 'NONE', #1075, #2808, #744, .T. ) ;
#1024 = EDGE_CURVE ( 'NONE', #4824, #3997, #2882, .T. ) ;
#1025 = CARTESIAN_POINT ( 'NONE',  ( 0.5271353183080055294, -0.1570443995873252452, 0.5999999999999994227 ) ) ;
#1026 = CARTESIAN_POINT ( 'NONE',  ( 0.2638191065739796670, 0.4868854958565307922, 0.5989999999999994218 ) ) ;
#1027 = CARTESIAN_POINT ( 'NONE',  ( -0.5177590496321098357, -0.2212189112624410314, 0.5999999999999995337 ) ) ;
#1028 = CARTESIAN_POINT ( 'NONE',  ( -0.9535041984945639149, 0.3083447744437438631, 0.5989999999999994218 ) ) ;
#1029 = STYLED_ITEM ( 'NONE', ( #1634 ), #4353 ) ;
#1030 = VERTEX_POINT ( 'NONE', #823 ) ;
#1031 = CARTESIAN_POINT ( 'NONE',  ( -0.4573045295089953610, -0.1314380033785252921, 0.5999999999999993117 ) ) ;
#1032 = UNCERTAINTY_MEASURE_WITH_UNIT (LENGTH_MEASURE( 1.000000000000000082E-05 ), #1480, 'distance_accuracy_value', 'NONE');
#1033 = CARTESIAN_POINT ( 'NONE',  ( 0.6728872903003282335, 0.4863144744350552107, 0.5989999999999995328 ) ) ;
#1034 = SURFACE_SIDE_STYLE ('',( #3175 ) ) ;
#1035 = VERTEX_POINT ( 'NONE', #3722 ) ;
#1036 = CARTESIAN_POINT ( 'NONE',  ( 0.6784522527461921415, 0.4034864214212003364, 0.5989999999999991998 ) ) ;
#1037 = DIRECTION ( 'NONE',  ( 0.0000000000000000000, -0.0000000000000000000, 1.000000000000000000 ) ) ;
#1038 = ORIENTED_EDGE ( 'NONE', *, *, #419, .F. ) ;
#1039 =( LENGTH_UNIT ( ) NAMED_UNIT ( * ) SI_UNIT ( .MILLI., .METRE. ) );
#1040 = EDGE_LOOP ( 'NONE', ( #2298, #3018, #930, #3727 ) ) ;
#1041 =( LENGTH_UNIT ( ) NAMED_UNIT ( * ) SI_UNIT ( .MILLI., .METRE. ) );
#1042 = CARTESIAN_POINT ( 'NONE',  ( 0.0000000000000000000, -1.600000000000000089, 0.0000000000000000000 ) ) ;
#1043 = CARTESIAN_POINT ( 'NONE',  ( 0.5055827259684774200, -0.1943313268563209850, 0.5999999999999993117 ) ) ;
#1044 = CARTESIAN_POINT ( 'NONE',  ( -0.9621549194000463823, 0.2375348465058814140, 0.5999999999999994227 ) ) ;
#1045 = FILL_AREA_STYLE ('',( #1383 ) ) ;
#1046 = CARTESIAN_POINT ( 'NONE',  ( -0.4609658886920791065, -0.1136402095270459267, 0.5989999999999994218 ) ) ;
#1047 = CARTESIAN_POINT ( 'NONE',  ( -0.3802640875853177116, -0.3305182611999502029, 0.5999999999999994227 ) ) ;
#1048 = SURFACE_STYLE_USAGE ( .BOTH. , #2359 ) ;
#1049 = CARTESIAN_POINT ( 'NONE',  ( -0.9600638287017508876, 0.2750471012323171260, 0.5989999999999994218 ) ) ;
#1050 = ORIENTED_EDGE ( 'NONE', *, *, #1948, .T. ) ;
#1051 = EDGE_CURVE ( 'NONE', #1720, #3942, #1673, .T. ) ;
#1052 = EDGE_CURVE ( 'NONE', #4767, #1531, #1628, .T. ) ;
#1053 = FILL_AREA_STYLE_COLOUR ( '', #3740 ) ;
#1054 = ORIENTED_EDGE ( 'NONE', *, *, #186, .F. ) ;
#1055 = CARTESIAN_POINT ( 'NONE',  ( 0.8009467122189440902, 0.03096168355370686534, 0.5999999999999994227 ) ) ;
#1056 = PRESENTATION_LAYER_ASSIGNMENT (  '', '', ( #2556 ) ) ;
#1057 = ORIENTED_EDGE ( 'NONE', *, *, #290, .T. ) ;
#1058 = CARTESIAN_POINT ( 'NONE',  ( -0.4323977313342504125, 0.07754043249814839001, 0.5999999999999993117 ) ) ;
#1059 = FACE_OUTER_BOUND ( 'NONE', #4343, .T. ) ;
#1060 = VECTOR ( 'NONE', #1903, 1000.000000000000000 ) ;
#1061 = DIRECTION ( 'NONE',  ( -0.0000000000000000000, -0.0000000000000000000, 1.000000000000000000 ) ) ;
#1062 = FILL_AREA_STYLE_COLOUR ( '', #429 ) ;
#1063 = CARTESIAN_POINT ( 'NONE',  ( 0.8676812436782675997, 0.1319604073134235944, 0.5989999999999995328 ) ) ;
#1064 = PRESENTATION_LAYER_ASSIGNMENT (  '', '', ( #339 ) ) ;
#1065 = EDGE_LOOP ( 'NONE', ( #231, #2333, #1176, #518, #1914, #779, #2243, #577 ) ) ;
#1066 = FILL_AREA_STYLE ('',( #3573 ) ) ;
#1067 = CARTESIAN_POINT ( 'NONE',  ( -0.7856166100845065614, 0.4831473017083331989, 0.5989999999999993108 ) ) ;
#1068 =( NAMED_UNIT ( * ) SI_UNIT ( $, .STERADIAN. ) SOLID_ANGLE_UNIT ( ) );
#1069 =( GEOMETRIC_REPRESENTATION_CONTEXT ( 3 ) GLOBAL_UNCERTAINTY_ASSIGNED_CONTEXT ( ( #58 ) ) GLOBAL_UNIT_ASSIGNED_CONTEXT ( ( #7, #4328, #2141 ) ) REPRESENTATION_CONTEXT ( 'NONE', 'WORKASPACE' ) );
#1070 = CARTESIAN_POINT ( 'NONE',  ( 0.6002321978208668973, -0.2021045449102878699, 0.5989999999999991998 ) ) ;
#1071 = LINE ( 'NONE', #146, #3206 ) ;
#1072 = SURFACE_SIDE_STYLE ('',( #5244 ) ) ;
#1073 = CARTESIAN_POINT ( 'NONE',  ( 0.6412479657168316249, 0.3932538803962952190, 0.5999999999999995337 ) ) ;
#1074 = CARTESIAN_POINT ( 'NONE',  ( 0.7397292317125763184, 0.3942945792464228050, 0.5999999999999994227 ) ) ;
#1075 = VERTEX_POINT ( 'NONE', #1159 ) ;
#1076 = CARTESIAN_POINT ( 'NONE',  ( 0.5905718731333973182, -0.2209014051802813960, 0.5999999999999995337 ) ) ;
#1077 = CARTESIAN_POINT ( 'NONE',  ( 0.5332237029117157245, 0.4109848974171834146, 0.5989999999999996438 ) ) ;
#1078 = PRESENTATION_LAYER_ASSIGNMENT (  '', '', ( #1092 ) ) ;
#1079 = AXIS2_PLACEMENT_3D ( 'NONE', #4832, #1871, #1467 ) ;
#1080 = CARTESIAN_POINT ( 'NONE',  ( -0.2133901205494594111, -0.1364716312289790123, 0.5989999999999995328 ) ) ;
#1081 = CARTESIAN_POINT ( 'NONE',  ( -0.1785019510921777297, 0.1367464666554511765, 0.5999999999999995337 ) ) ;
#1082 = UNCERTAINTY_MEASURE_WITH_UNIT (LENGTH_MEASURE( 1.000000000000000082E-05 ), #2035, 'distance_accuracy_value', 'NONE');
#1083 = ORIENTED_EDGE ( 'NONE', *, *, #5133, .T. ) ;
#1084 = VECTOR ( 'NONE', #3008, 1000.000000000000000 ) ;
#1085 = EDGE_CURVE ( 'NONE', #1001, #1616, #5056, .T. ) ;
#1086 = ADVANCED_FACE ( 'NONE', ( #2449 ), #5411, .T. ) ;
#1087 = CARTESIAN_POINT ( 'NONE',  ( -0.9413756986208254851, -0.2299976210265861909, 0.5999999999999994227 ) ) ;
#1088 =( GEOMETRIC_REPRESENTATION_CONTEXT ( 3 ) GLOBAL_UNCERTAINTY_ASSIGNED_CONTEXT ( ( #1529 ) ) GLOBAL_UNIT_ASSIGNED_CONTEXT ( ( #4693, #3011, #1758 ) ) REPRESENTATION_CONTEXT ( 'NONE', 'WORKASPACE' ) );
#1089 =( NAMED_UNIT ( * ) SI_UNIT ( $, .STERADIAN. ) SOLID_ANGLE_UNIT ( ) );
#1090 = AXIS2_PLACEMENT_3D ( 'NONE', #3027, #862, #3446 ) ;
#1091 = PRESENTATION_STYLE_ASSIGNMENT (( #3591 ) ) ;
#1092 = STYLED_ITEM ( 'NONE', ( #3490 ), #3232 ) ;
#1093 =( LENGTH_UNIT ( ) NAMED_UNIT ( * ) SI_UNIT ( .MILLI., .METRE. ) );
#1094 = CARTESIAN_POINT ( 'NONE',  ( -0.7678366783738288515, -0.01935740238728341292, 0.5999999999999993117 ) ) ;
#1095 = ORIENTED_EDGE ( 'NONE', *, *, #3233, .F. ) ;
#1096 = CARTESIAN_POINT ( 'NONE',  ( 2.640000000000000568, 1.600000000000000089, -0.001000000000000674828 ) ) ;
#1097 = CARTESIAN_POINT ( 'NONE',  ( -0.7212668361346062929, 0.3203122678291255854, 0.5999999999999995337 ) ) ;
#1098 = SURFACE_STYLE_USAGE ( .BOTH. , #4124 ) ;
#1099 = SURFACE_SIDE_STYLE ('',( #1518 ) ) ;
#1100 = PLANE ( 'NONE',  #4765 ) ;
#1101 = CARTESIAN_POINT ( 'NONE',  ( 0.7044574395958557167, 0.4033624791381226204, 0.5999999999999995337 ) ) ;
#1102 = VERTEX_POINT ( 'NONE', #1704 ) ;
#1103 = CARTESIAN_POINT ( 'NONE',  ( 3.180000000000000604, -1.600000000000000089, 0.01999999999999928224 ) ) ;
#1104 = CARTESIAN_POINT ( 'NONE',  ( -0.2885876162695836245, -0.2377815626152384731, 0.5989999999999994218 ) ) ;
#1105 = SURFACE_SIDE_STYLE ('',( #2855 ) ) ;
#1106 = CARTESIAN_POINT ( 'NONE',  ( -0.1648654115453548896, 0.1187097981505158412, 0.5999999999999994227 ) ) ;
#1107 = CARTESIAN_POINT ( 'NONE',  ( -0.1237728761037477226, 0.004556389034607326652, 0.5999999999999993117 ) ) ;
#1108 = VERTEX_POINT ( 'NONE', #3467 ) ;
#1109 = CARTESIAN_POINT ( 'NONE',  ( -0.8199672230666090744, 0.05047991222936445976, 0.5989999999999996438 ) ) ;
#1110 = AXIS2_PLACEMENT_3D ( 'NONE', #2996, #5206, #4677 ) ;
#1111 = LINE ( 'NONE', #4926, #3139 ) ;
#1112 = CARTESIAN_POINT ( 'NONE',  ( 0.8187151332796267500, 0.05364380759707936680, 0.5999999999999995337 ) ) ;
#1113 = EDGE_CURVE ( 'NONE', #2077, #4014, #2622, .T. ) ;
#1114 = CARTESIAN_POINT ( 'NONE',  ( -0.3364399063772817722, -0.2506260864804361610, 0.5999999999999993117 ) ) ;
#1115 = CARTESIAN_POINT ( 'NONE',  ( 0.2059010806105568414, 0.4776940909616584352, 0.5999999999999993117 ) ) ;
#1116 = CARTESIAN_POINT ( 'NONE',  ( -0.3465524558955050960, 0.2052599599961105470, 0.5989999999999991998 ) ) ;
#1117 = CARTESIAN_POINT ( 'NONE',  ( 0.7038512032577539657, -0.08058241898320976648, 0.5989999999999995328 ) ) ;
#1118 = COLOUR_RGB ( '',0.7921568627450980005, 0.8196078431372548767, 0.9333333333333333481 ) ;
#1119 = EDGE_LOOP ( 'NONE', ( #4247, #4064, #3559, #1175, #2547, #1512, #1337, #5306, #3145, #873, #4702, #1282, #2709, #2922, #3871 ) ) ;
#1120 = EDGE_CURVE ( 'NONE', #549, #1001, #5140, .T. ) ;
#1121 = CARTESIAN_POINT ( 'NONE',  ( 0.6355723533272265025, -0.02658853011749527998, 0.5989999999999994218 ) ) ;
#1122 = VERTEX_POINT ( 'NONE', #1759 ) ;
#1123 = CARTESIAN_POINT ( 'NONE',  ( -2.640000000000000568, 1.450000000000000178, -0.001000000000000674828 ) ) ;
#1124 = PRESENTATION_STYLE_ASSIGNMENT (( #4067 ) ) ;
#1125 =( NAMED_UNIT ( * ) SI_UNIT ( $, .STERADIAN. ) SOLID_ANGLE_UNIT ( ) );
#1126 = LINE ( 'NONE', #3167, #714 ) ;
#1127 = CARTESIAN_POINT ( 'NONE',  ( -0.3320520985437076522, -0.3336561769474344352, 0.5989999999999995328 ) ) ;
#1128 = CARTESIAN_POINT ( 'NONE',  ( 0.1357767850332769477, 0.3749105334686634872, 0.5989999999999995328 ) ) ;
#1129 = FILL_AREA_STYLE ('',( #2390 ) ) ;
#1130 = ORIENTED_EDGE ( 'NONE', *, *, #3462, .T. ) ;
#1131 = CARTESIAN_POINT ( 'NONE',  ( -1.042753477467316392, 0.2762813519349802682, 0.5989999999999993108 ) ) ;
#1132 = CARTESIAN_POINT ( 'NONE',  ( -0.7212668361346062929, 0.3203122678291255854, 0.5999999999999995337 ) ) ;
#1133 = CARTESIAN_POINT ( 'NONE',  ( 0.2099230026778758085, 0.4868854958565307922, 0.5989999999999994218 ) ) ;
#1134 = DIRECTION ( 'NONE',  ( 1.000000000000000000, -0.0000000000000000000, -1.807003620809173153E-16 ) ) ;
#1135 =( NAMED_UNIT ( * ) SI_UNIT ( $, .STERADIAN. ) SOLID_ANGLE_UNIT ( ) );
#1136 = PLANE ( 'NONE',  #5066 ) ;
#1137 = MANIFOLD_SOLID_BREP ( 'Cut-Extrude4', #508 ) ;
#1138 = CARTESIAN_POINT ( 'NONE',  ( 0.7629957652247565392, 0.4777850990219149607, 0.5989999999999991998 ) ) ;
#1139 = FILL_AREA_STYLE ('',( #1557 ) ) ;
#1140 = CARTESIAN_POINT ( 'NONE',  ( -0.3410510232961501687, -0.2507768418058070048, 0.5999999999999994227 ) ) ;
#1141 = SURFACE_STYLE_FILL_AREA ( #2917 ) ;
#1142 = SURFACE_SIDE_STYLE ('',( #756 ) ) ;
#1143 = ORIENTED_EDGE ( 'NONE', *, *, #1624, .T. ) ;
#1144 =( NAMED_UNIT ( * ) SI_UNIT ( $, .STERADIAN. ) SOLID_ANGLE_UNIT ( ) );
#1145 = VERTEX_POINT ( 'NONE', #3439 ) ;
#1146 = ORIENTED_EDGE ( 'NONE', *, *, #1325, .T. ) ;
#1147 = CARTESIAN_POINT ( 'NONE',  ( 0.8688848474296059221, 0.3831355704167093146, 0.5989999999999993108 ) ) ;
#1148 =( GEOMETRIC_REPRESENTATION_CONTEXT ( 3 ) GLOBAL_UNCERTAINTY_ASSIGNED_CONTEXT ( ( #1842 ) ) GLOBAL_UNIT_ASSIGNED_CONTEXT ( ( #4450, #2348, #2297 ) ) REPRESENTATION_CONTEXT ( 'NONE', 'WORKASPACE' ) );
#1149 = CARTESIAN_POINT ( 'NONE',  ( -0.4738432310883579079, 0.4661062750773100061, 0.5999999999999994227 ) ) ;
#1150 = ADVANCED_FACE ( 'NONE', ( #1331 ), #3012, .T. ) ;
#1151 = EDGE_CURVE ( 'NONE', #1697, #4171, #650, .T. ) ;
#1152 =( GEOMETRIC_REPRESENTATION_CONTEXT ( 3 ) GLOBAL_UNCERTAINTY_ASSIGNED_CONTEXT ( ( #4196 ) ) GLOBAL_UNIT_ASSIGNED_CONTEXT ( ( #924, #4644, #480 ) ) REPRESENTATION_CONTEXT ( 'NONE', 'WORKASPACE' ) );
#1153 = CARTESIAN_POINT ( 'NONE',  ( -0.1951841141613213371, -0.2702329330698166610, 0.5989999999999995328 ) ) ;
#1154 = SURFACE_STYLE_FILL_AREA ( #3280 ) ;
#1155 = CARTESIAN_POINT ( 'NONE',  ( 0.1975743451930003225, 0.4586647822395592544, 0.5989999999999994218 ) ) ;
#1156 = CARTESIAN_POINT ( 'NONE',  ( -0.8105506245522231534, 0.4015845363015858593, 0.5989999999999995328 ) ) ;
#1157 = DIRECTION ( 'NONE',  ( 0.9886327584646510402, -0.1503504868318518706, 0.0000000000000000000 ) ) ;
#1158 = CARTESIAN_POINT ( 'NONE',  ( -1.037186204793596023, -0.2291897969665829538, 0.5999999999999994227 ) ) ;
#1159 = CARTESIAN_POINT ( 'NONE',  ( 0.4820009247557979770, 0.2479244568954917793, 0.5989999999999994218 ) ) ;
#1160 = SURFACE_STYLE_FILL_AREA ( #1976 ) ;
#1161 = PRESENTATION_LAYER_ASSIGNMENT (  '', '', ( #3560 ) ) ;
#1162 = LINE ( 'NONE', #4053, #87 ) ;
#1163 = PLANE ( 'NONE',  #1646 ) ;
#1164 = CARTESIAN_POINT ( 'NONE',  ( -0.8945742299441765688, -0.1590135136712891861, 0.5999999999999992006 ) ) ;
#1165 = EDGE_LOOP ( 'NONE', ( #105, #323, #4290, #3022 ) ) ;
#1166 = CARTESIAN_POINT ( 'NONE',  ( -0.3389406336857606061, 0.1232491322201670764, 0.5989999999999994218 ) ) ;
#1167 = AXIS2_PLACEMENT_3D ( 'NONE', #4724, #5196, #917 ) ;
#1168 = CARTESIAN_POINT ( 'NONE',  ( -0.8945742299441765688, -0.1590135136712891861, 0.5999999999999992006 ) ) ;
#1169 = CARTESIAN_POINT ( 'NONE',  ( -0.6583878798431209711, 0.3831355704167094811, 0.5999999999999994227 ) ) ;
#1170 = MECHANICAL_DESIGN_GEOMETRIC_PRESENTATION_REPRESENTATION (  '', ( #1608 ), #10 ) ;
#1171 =( NAMED_UNIT ( * ) PLANE_ANGLE_UNIT ( ) SI_UNIT ( $, .RADIAN. ) );
#1172 = FILL_AREA_STYLE_COLOUR ( '', #4631 ) ;
#1173 = COLOUR_RGB ( '',1.000000000000000000, 1.000000000000000000, 1.000000000000000000 ) ;
#1174 = EDGE_LOOP ( 'NONE', ( #614, #140, #757, #981 ) ) ;
#1175 = ORIENTED_EDGE ( 'NONE', *, *, #1461, .T. ) ;
#1176 = ORIENTED_EDGE ( 'NONE', *, *, #2018, .F. ) ;
#1177 = CARTESIAN_POINT ( 'NONE',  ( -0.7642769620479704651, 0.4777850990219150717, 0.5989999999999994218 ) ) ;
#1178 = UNCERTAINTY_MEASURE_WITH_UNIT (LENGTH_MEASURE( 1.000000000000000082E-05 ), #372, 'distance_accuracy_value', 'NONE');
#1179 = CARTESIAN_POINT ( 'NONE',  ( -0.8322847895299164689, 0.4868854958565307922, 0.5999999999999994227 ) ) ;
#1180 = CARTESIAN_POINT ( 'NONE',  ( 0.8975853403402136443, -0.3235041145330797008, 0.5989999999999994218 ) ) ;
#1181 = CARTESIAN_POINT ( 'NONE',  ( -0.2302584064924191043, -0.3016912547341905615, 0.5989999999999993108 ) ) ;
#1182 = DIRECTION ( 'NONE',  ( -0.0000000000000000000, -0.0000000000000000000, 1.000000000000000000 ) ) ;
#1183 = EDGE_CURVE ( 'NONE', #5249, #3406, #4464, .T. ) ;
#1184 = CARTESIAN_POINT ( 'NONE',  ( 0.2099230026778758085, 0.4868854958565307922, 0.5989999999999994218 ) ) ;
#1185 = EDGE_CURVE ( 'NONE', #5249, #3842, #1071, .T. ) ;
#1186 = DIRECTION ( 'NONE',  ( -1.000000000000000000, 0.0000000000000000000, 0.0000000000000000000 ) ) ;
#1187 = SURFACE_STYLE_FILL_AREA ( #1600 ) ;
#1188 = UNCERTAINTY_MEASURE_WITH_UNIT (LENGTH_MEASURE( 1.000000000000000082E-05 ), #2014, 'distance_accuracy_value', 'NONE');
#1189 = CARTESIAN_POINT ( 'NONE',  ( -0.7148996484359519954, 0.2935740498880893279, 0.5999999999999994227 ) ) ;
#1190 = DIRECTION ( 'NONE',  ( 0.1411506510712295381, 0.9899881280612248258, 0.0000000000000000000 ) ) ;
#1191 =( LENGTH_UNIT ( ) NAMED_UNIT ( * ) SI_UNIT ( .MILLI., .METRE. ) );
#1192 = CARTESIAN_POINT ( 'NONE',  ( -0.7128042700493969486, 0.2643205607915956046, 0.5989999999999994218 ) ) ;
#1193 = CARTESIAN_POINT ( 'NONE',  ( -0.3446975581379092546, 0.1229988803747071174, 0.5989999999999994218 ) ) ;
#1194 = VERTEX_POINT ( 'NONE', #223 ) ;
#1195 = SURFACE_STYLE_USAGE ( .BOTH. , #2914 ) ;
#1196 = PLANE ( 'NONE',  #5060 ) ;
#1197 = ORIENTED_EDGE ( 'NONE', *, *, #4256, .T. ) ;
#1198 = CARTESIAN_POINT ( 'NONE',  ( -0.3465524558955050960, 0.2052599599961105470, 0.5999999999999992006 ) ) ;
#1199 = AXIS2_PLACEMENT_3D ( 'NONE', #2768, #2346, #1954 ) ;
#1200 = PRESENTATION_STYLE_ASSIGNMENT (( #2867 ) ) ;
#1201 =( GEOMETRIC_REPRESENTATION_CONTEXT ( 3 ) GLOBAL_UNCERTAINTY_ASSIGNED_CONTEXT ( ( #2122 ) ) GLOBAL_UNIT_ASSIGNED_CONTEXT ( ( #1191, #5114, #5490 ) ) REPRESENTATION_CONTEXT ( 'NONE', 'WORKASPACE' ) );
#1202 = SURFACE_STYLE_FILL_AREA ( #238 ) ;
#1203 = ORIENTED_EDGE ( 'NONE', *, *, #2124, .T. ) ;
#1204 = PRODUCT_CONTEXT ( 'NONE', #3342, 'mechanical' ) ;
#1205 = VERTEX_POINT ( 'NONE', #2337 ) ;
#1206 = CARTESIAN_POINT ( 'NONE',  ( 0.7187762611480192909, 0.4861872154142798386, 0.5999999999999994227 ) ) ;
#1207 = LINE ( 'NONE', #5342, #356 ) ;
#1208 =( GEOMETRIC_REPRESENTATION_CONTEXT ( 3 ) GLOBAL_UNCERTAINTY_ASSIGNED_CONTEXT ( ( #4970 ) ) GLOBAL_UNIT_ASSIGNED_CONTEXT ( ( #4235, #5044, #5448 ) ) REPRESENTATION_CONTEXT ( 'NONE', 'WORKASPACE' ) );
#1209 = CARTESIAN_POINT ( 'NONE',  ( -0.6327302297164260070, 0.3050103214907985971, 0.5999999999999994227 ) ) ;
#1210 = B_SPLINE_CURVE_WITH_KNOTS ( 'NONE', 3,
 ( #4461, #193, #3498, #143, #4412, #3965, #1807, #1891, #2723, #2259, #2675, #3598, #3990, #5291, #3136, #88, #5268, #3074, #4769 ),
 .UNSPECIFIED., .F., .F.,
 ( 4, 1, 1, 1, 1, 1, 1, 1, 1, 1, 1, 1, 1, 1, 1, 1, 4 ),
 ( 0.0000000000000000000, 0.04201179318334016116, 0.08511657970956418295, 0.1300841362207604823, 0.1769659536804736866, 0.2261453228974996399, 0.2772304004651406362, 0.3308011550515158605, 0.3865502460840024579, 0.4458574538040663282, 0.5099817147460021793, 0.5788566239058998697, 0.6532605220228081544, 0.7319176588047662246, 0.8160112270400410317, 0.9052459153235248301, 1.000000000000000000 ),
 .UNSPECIFIED. ) ;
#1211 = LINE ( 'NONE', #5048, #3827 ) ;
#1212 = CARTESIAN_POINT ( 'NONE',  ( -0.5465705038156307705, -0.1053222963512614879, 0.5989999999999994218 ) ) ;
#1213 = CARTESIAN_POINT ( 'NONE',  ( -0.7128042700493969486, 0.2643205607915956046, 0.5999999999999994227 ) ) ;
#1214 = VECTOR ( 'NONE', #111, 1000.000000000000000 ) ;
#1215 = EDGE_CURVE ( 'NONE', #3650, #730, #2336, .T. ) ;
#1216 = CARTESIAN_POINT ( 'NONE',  ( -0.7085575939931010314, 0.05364380759707939456, 0.5999999999999995337 ) ) ;
#1217 = CARTESIAN_POINT ( 'NONE',  ( -0.5339359957895878361, -0.1789968789445023911, 0.5999999999999994227 ) ) ;
#1218 = CARTESIAN_POINT ( 'NONE',  ( -2.640000000000000568, -1.600000000000000089, -0.001000000000000674828 ) ) ;
#1219 = B_SPLINE_SURFACE_WITH_KNOTS ( 'NONE', 3, 1, ( 
 ( #2408, #3784 ),
 ( #5362, #2435 ),
 ( #1562, #4534 ),
 ( #2893, #2459 ),
 ( #5390, #346 ),
 ( #2047, #3761 ),
 ( #1636, #1769 ),
 ( #4344, #1338 ),
 ( #2130, #2512 ),
 ( #892, #953 ),
 ( #1680, #1369 ),
 ( #482, #2630 ),
 ( #2156, #1711 ),
 ( #4730, #3479 ),
 ( #2603, #4229 ),
 ( #3419, #5499 ),
 ( #5180, #3843 ),
 ( #2994, #5123 ),
 ( #1310, #3391 ) ),
 .UNSPECIFIED., .F., .F., .F.,
 ( 4, 1, 1, 1, 1, 1, 1, 1, 1, 1, 1, 1, 1, 1, 1, 1, 4 ),
 ( 2, 2 ),
 ( 0.0000000000000000000, 0.05804926609053234765, 0.1133148320836873113, 0.1675622724459464308, 0.2211424480951688643, 0.2755171013253203127, 0.3295224528313862034, 0.3857580765321461103, 0.4438934661352176847, 0.5036774965383467029, 0.5646453277561696016, 0.6280046557190154255, 0.6950187707529338343, 0.7646653028278006525, 0.8387700575937290237, 0.9171404580728562683, 1.000000000000000000 ),
 ( 0.0000000000000000000, 1.000000000000000000 ),
 .UNSPECIFIED. ) ;
#1220 = CARTESIAN_POINT ( 'NONE',  ( 0.8849560766861384042, 0.3452295077096059761, 0.5989999999999994218 ) ) ;
#1221 = EDGE_CURVE ( 'NONE', #281, #4485, #1126, .T. ) ;
#1222 = EDGE_CURVE ( 'NONE', #2276, #2718, #1939, .T. ) ;
#1223 =( LENGTH_UNIT ( ) NAMED_UNIT ( * ) SI_UNIT ( .MILLI., .METRE. ) );
#1224 = DIRECTION ( 'NONE',  ( 0.0000000000000000000, -1.000000000000000000, 0.0000000000000000000 ) ) ;
#1225 = FACE_OUTER_BOUND ( 'NONE', #965, .T. ) ;
#1226 = ORIENTED_EDGE ( 'NONE', *, *, #4354, .F. ) ;
#1227 = FACE_OUTER_BOUND ( 'NONE', #5074, .T. ) ;
#1228 = CARTESIAN_POINT ( 'NONE',  ( -0.4248695222919181558, 0.1798233260602715988, 0.5999999999999993117 ) ) ;
#1229 = PRESENTATION_STYLE_ASSIGNMENT (( #1638 ) ) ;
#1230 = EDGE_LOOP ( 'NONE', ( #2369, #793, #4321, #4082 ) ) ;
#1231 = CARTESIAN_POINT ( 'NONE',  ( 0.8465662902286366087, 0.4185715134532380088, 0.5989999999999994218 ) ) ;
#1232 = CARTESIAN_POINT ( 'NONE',  ( -0.8353692051143321029, 0.4037686127396476476, 0.5999999999999994227 ) ) ;
#1233 = UNCERTAINTY_MEASURE_WITH_UNIT (LENGTH_MEASURE( 1.000000000000000082E-05 ), #3170, 'distance_accuracy_value', 'NONE');
#1234 = LINE ( 'NONE', #1319, #4288 ) ;
#1235 = CARTESIAN_POINT ( 'NONE',  ( -0.5361808934260202664, 0.05620367767471252246, 0.5989999999999994218 ) ) ;
#1236 = CARTESIAN_POINT ( 'NONE',  ( -0.9484839535604366878, 0.3232102118582117489, 0.5989999999999993108 ) ) ;
#1237 = CARTESIAN_POINT ( 'NONE',  ( -0.9660764265817005647, 0.4411343841477788907, 0.5999999999999992006 ) ) ;
#1238 =( LENGTH_UNIT ( ) NAMED_UNIT ( * ) SI_UNIT ( .MILLI., .METRE. ) );
#1239 = CARTESIAN_POINT ( 'NONE',  ( -0.3605067364534911833, -0.3333133180288246344, 0.5989999999999994218 ) ) ;
#1240 = FACE_OUTER_BOUND ( 'NONE', #298, .T. ) ;
#1241 = CARTESIAN_POINT ( 'NONE',  ( -0.9333039468123806026, 0.4636822575454032647, 0.5999999999999994227 ) ) ;
#1242 = SURFACE_SIDE_STYLE ('',( #3751 ) ) ;
#1243 = DIRECTION ( 'NONE',  ( 0.0000000000000000000, 0.0000000000000000000, -1.000000000000000000 ) ) ;
#1244 = AXIS2_PLACEMENT_3D ( 'NONE', #3122, #693, #2801 ) ;
#1245 = UNCERTAINTY_MEASURE_WITH_UNIT (LENGTH_MEASURE( 1.000000000000000082E-05 ), #4233, 'distance_accuracy_value', 'NONE');
#1246 = FILL_AREA_STYLE ('',( #5013 ) ) ;
#1247 = CARTESIAN_POINT ( 'NONE',  ( 0.01446845722333049700, 0.2790932880643229308, 0.5989999999999994218 ) ) ;
#1248 = PRESENTATION_STYLE_ASSIGNMENT (( #3021 ) ) ;
#1249 = ADVANCED_FACE ( 'NONE', ( #1919 ), #2485, .T. ) ;
#1250 = CARTESIAN_POINT ( 'NONE',  ( -0.7140763569083181661, 0.2363949507436591269, 0.5989999999999994218 ) ) ;
#1251 = ORIENTED_EDGE ( 'NONE', *, *, #1286, .T. ) ;
#1252 = EDGE_CURVE ( 'NONE', #3212, #1728, #760, .T. ) ;
#1253 = MECHANICAL_DESIGN_GEOMETRIC_PRESENTATION_REPRESENTATION (  '', ( #530 ), #2576 ) ;
#1254 = SURFACE_STYLE_USAGE ( .BOTH. , #1142 ) ;
#1255 =( NAMED_UNIT ( * ) PLANE_ANGLE_UNIT ( ) SI_UNIT ( $, .RADIAN. ) );
#1256 = PLANE ( 'NONE',  #562 ) ;
#1257 = MECHANICAL_DESIGN_GEOMETRIC_PRESENTATION_REPRESENTATION (  '', ( #3652 ), #5082 ) ;
#1258 = LINE ( 'NONE', #4177, #947 ) ;
#1259 = EDGE_LOOP ( 'NONE', ( #1373, #4347, #3595, #2411 ) ) ;
#1260 = ORIENTED_EDGE ( 'NONE', *, *, #292, .F. ) ;
#1261 = SURFACE_STYLE_FILL_AREA ( #2956 ) ;
#1262 = PRESENTATION_LAYER_ASSIGNMENT (  '', '', ( #540 ) ) ;
#1263 =( GEOMETRIC_REPRESENTATION_CONTEXT ( 3 ) GLOBAL_UNCERTAINTY_ASSIGNED_CONTEXT ( ( #5187 ) ) GLOBAL_UNIT_ASSIGNED_CONTEXT ( ( #5261, #1857, #3985 ) ) REPRESENTATION_CONTEXT ( 'NONE', 'WORKASPACE' ) );
#1264 = LINE ( 'NONE', #1641, #1689 ) ;
#1265 = CARTESIAN_POINT ( 'NONE',  ( 0.6919035221583953454, 0.4037686127396476476, 0.5989999999999994218 ) ) ;
#1266 = CARTESIAN_POINT ( 'NONE',  ( 0.03597764917456001965, 0.1958048151226519928, 0.5999999999999996447 ) ) ;
#1267 = CARTESIAN_POINT ( 'NONE',  ( -0.9620992959896705887, 0.2440338272302541023, 0.5999999999999994227 ) ) ;
#1268 = AXIS2_PLACEMENT_3D ( 'NONE', #4119, #1990, #5392 ) ;
#1269 = CARTESIAN_POINT ( 'NONE',  ( -1.016125202926095206, 0.3733647118311058666, 0.5989999999999994218 ) ) ;
#1270 = B_SPLINE_SURFACE_WITH_KNOTS ( 'NONE', 3, 1, ( 
 ( #5106, #2166 ),
 ( #27, #4708 ),
 ( #1748, #1723 ),
 ( #464, #3429 ),
 ( #5130, #2467 ),
 ( #902, #2587 ),
 ( #5155, #3038 ),
 ( #4170, #1281 ),
 ( #344, #5445 ),
 ( #2046, #4615 ),
 ( #3359, #1635 ),
 ( #3338, #3760 ),
 ( #1250, #3388 ),
 ( #2968, #5041 ),
 ( #2481, #5094 ) ),
 .UNSPECIFIED., .F., .F., .F.,
 ( 4, 1, 1, 1, 1, 1, 1, 1, 1, 1, 1, 1, 4 ),
 ( 2, 2 ),
 ( 0.0000000000000000000, 0.1093800741214259048, 0.2106028248854699692, 0.3040152216769061999, 0.3890488990674311198, 0.4663664913632523112, 0.5360298331844517428, 0.5979862717537240968, 0.6521467510862012373, 0.7493520093192573839, 0.8388265501964030646, 0.9217438124469393701, 1.000000000000000000 ),
 ( 0.0000000000000000000, 1.000000000000000000 ),
 .UNSPECIFIED. ) ;
#1271 = CARTESIAN_POINT ( 'NONE',  ( -0.2705336710519598564, -0.3227041879676298408, 0.5989999999999995328 ) ) ;
#1272 = CARTESIAN_POINT ( 'NONE',  ( 0.5770009033622298666, 0.4533688412103442089, 0.5989999999999995328 ) ) ;
#1273 = CARTESIAN_POINT ( 'NONE',  ( -0.2087448669894776121, 0.002511111700478785118, 0.5989999999999993108 ) ) ;
#1274 = PRESENTATION_STYLE_ASSIGNMENT (( #2066 ) ) ;
#1275 = CARTESIAN_POINT ( 'NONE',  ( -0.4667102583828598994, -0.2875615973438552797, 0.5999999999999997558 ) ) ;
#1276 = CARTESIAN_POINT ( 'NONE',  ( -0.8492087116645462563, -0.1083695336467524195, 0.5989999999999993108 ) ) ;
#1277 = ORIENTED_EDGE ( 'NONE', *, *, #187, .F. ) ;
#1278 = CARTESIAN_POINT ( 'NONE',  ( 0.1035303232041753507, 0.2397035333195588758, 0.5989999999999994218 ) ) ;
#1279 = LINE ( 'NONE', #1307, #3861 ) ;
#1280 = CARTESIAN_POINT ( 'NONE',  ( -0.1211833983516168722, -0.07940698003494871260, 0.5999999999999994227 ) ) ;
#1281 = CARTESIAN_POINT ( 'NONE',  ( -0.7691198927114794026, 0.1137630903910496205, 0.5999999999999994227 ) ) ;
#1282 = ORIENTED_EDGE ( 'NONE', *, *, #5394, .T. ) ;
#1283 = CARTESIAN_POINT ( 'NONE',  ( 3.180000000000000604, -1.600000000000000089, 0.01999999999999942102 ) ) ;
#1284 = SURFACE_STYLE_USAGE ( .BOTH. , #45 ) ;
#1285 = SURFACE_SIDE_STYLE ('',( #4648 ) ) ;
#1286 = EDGE_CURVE ( 'NONE', #718, #1980, #784, .T. ) ;
#1287 = FILL_AREA_STYLE ('',( #2217 ) ) ;
#1288 = LINE ( 'NONE', #2135, #3697 ) ;
#1289 = EDGE_LOOP ( 'NONE', ( #354, #237, #3231, #2583 ) ) ;
#1290 = EDGE_LOOP ( 'NONE', ( #4869, #4842, #2288, #1485 ) ) ;
#1291 = CARTESIAN_POINT ( 'NONE',  ( 0.8975853403402136443, 0.2626971841682190778, 0.5999999999999994227 ) ) ;
#1292 = CARTESIAN_POINT ( 'NONE',  ( 0.7167221027205045170, 0.4015845363015858038, 0.5999999999999996447 ) ) ;
#1293 = FILL_AREA_STYLE_COLOUR ( '', #3036 ) ;
#1294 = CARTESIAN_POINT ( 'NONE',  ( -0.2059212808879003764, -0.01585260708288223006, 0.5989999999999994218 ) ) ;
#1295 = EDGE_CURVE ( 'NONE', #975, #2718, #3345, .T. ) ;
#1296 = CARTESIAN_POINT ( 'NONE',  ( 0.8144104831640454067, 0.2693595699672963750, 0.5999999999999994227 ) ) ;
#1297 = FILL_AREA_STYLE_COLOUR ( '', #129 ) ;
#1298 = ORIENTED_EDGE ( 'NONE', *, *, #1717, .F. ) ;
#1299 = CARTESIAN_POINT ( 'NONE',  ( -0.2497332618301693896, -0.3135476104768784578, 0.5999999999999995337 ) ) ;
#1300 = MECHANICAL_DESIGN_GEOMETRIC_PRESENTATION_REPRESENTATION (  '', ( #2173 ), #2522 ) ;
#1301 = CARTESIAN_POINT ( 'NONE',  ( 0.6875122381135930771, 0.4866923438396086321, 0.5989999999999994218 ) ) ;
#1302 = CARTESIAN_POINT ( 'NONE',  ( -0.8228152876768718427, 0.4033624791381225649, 0.5999999999999995337 ) ) ;
#1303 =( GEOMETRIC_REPRESENTATION_CONTEXT ( 3 ) GLOBAL_UNCERTAINTY_ASSIGNED_CONTEXT ( ( #4704 ) ) GLOBAL_UNIT_ASSIGNED_CONTEXT ( ( #3806, #5382, #2008 ) ) REPRESENTATION_CONTEXT ( 'NONE', 'WORKASPACE' ) );
#1304 = DIRECTION ( 'NONE',  ( 0.0000000000000000000, 1.000000000000000000, 0.0000000000000000000 ) ) ;
#1305 = DIRECTION ( 'NONE',  ( 0.0000000000000000000, -0.0000000000000000000, 1.000000000000000000 ) ) ;
#1306 = LINE ( 'NONE', #2424, #2131 ) ;
#1307 = CARTESIAN_POINT ( 'NONE',  ( -0.6296873869325138040, -0.3235041145330797008, 0.5999999999999994227 ) ) ;
#1308 = LINE ( 'NONE', #2128, #4076 ) ;
#1309 = ORIENTED_EDGE ( 'NONE', *, *, #4477, .F. ) ;
#1310 = CARTESIAN_POINT ( 'NONE',  ( 0.5651178078726810661, 0.2375348465058814140, 0.5989999999999994218 ) ) ;
#1311 =( LENGTH_UNIT ( ) NAMED_UNIT ( * ) SI_UNIT ( .MILLI., .METRE. ) );
#1312 = FILL_AREA_STYLE ('',( #5100 ) ) ;
#1313 = CARTESIAN_POINT ( 'NONE',  ( 0.7952989112845245678, 0.1783859920615026295, 0.5989999999999993108 ) ) ;
#1314 = VERTEX_POINT ( 'NONE', #1180 ) ;
#1315 = ORIENTED_EDGE ( 'NONE', *, *, #2529, .T. ) ;
#1316 = CARTESIAN_POINT ( 'NONE',  ( -3.180000000000000604, -1.600000000000000089, 0.5800000000000001821 ) ) ;
#1317 = DIRECTION ( 'NONE',  ( 1.000000000000000000, -0.0000000000000000000, -2.453474743771075841E-16 ) ) ;
#1318 = CARTESIAN_POINT ( 'NONE',  ( -0.8228152876768718427, 0.4033624791381225649, 0.5999999999999995337 ) ) ;
#1319 = CARTESIAN_POINT ( 'NONE',  ( 0.2638191065739796670, -0.3235041145330797008, 0.5989999999999994218 ) ) ;
#1320 = CARTESIAN_POINT ( 'NONE',  ( 0.08044359651490810836, 0.2231051822642634574, 0.5989999999999993108 ) ) ;
#1321 = CARTESIAN_POINT ( 'NONE',  ( -0.9425797872574784853, 0.3370397902646605770, 0.5999999999999993117 ) ) ;
#1322 = ORIENTED_EDGE ( 'NONE', *, *, #5033, .T. ) ;
#1323 = DIRECTION ( 'NONE',  ( -0.0000000000000000000, -0.0000000000000000000, 1.000000000000000000 ) ) ;
#1324 = LINE ( 'NONE', #1434, #887 ) ;
#1325 = EDGE_CURVE ( 'NONE', #3949, #3788, #1621, .T. ) ;
#1326 = EDGE_CURVE ( 'NONE', #3306, #122, #1211, .T. ) ;
#1327 = CARTESIAN_POINT ( 'NONE',  ( 0.5332237029117157245, 0.4109848974171834146, 0.5989999999999996438 ) ) ;
#1328 = CARTESIAN_POINT ( 'NONE',  ( -0.2249326377132906396, 0.05049072060263529865, 0.5999999999999994227 ) ) ;
#1329 = VECTOR ( 'NONE', #3706, 1000.000000000000000 ) ;
#1330 = SURFACE_SIDE_STYLE ('',( #11 ) ) ;
#1331 = FACE_OUTER_BOUND ( 'NONE', #4587, .T. ) ;
#1332 = DIRECTION ( 'NONE',  ( 0.0000000000000000000, -0.0000000000000000000, -1.000000000000000000 ) ) ;
#1333 = MECHANICAL_DESIGN_GEOMETRIC_PRESENTATION_REPRESENTATION (  '', ( #2650 ), #1152 ) ;
#1334 =( NAMED_UNIT ( * ) SI_UNIT ( $, .STERADIAN. ) SOLID_ANGLE_UNIT ( ) );
#1335 = VECTOR ( 'NONE', #69, 1000.000000000000000 ) ;
#1336 = CARTESIAN_POINT ( 'NONE',  ( -0.2302584064924191043, -0.3016912547341905615, 0.5999999999999993117 ) ) ;
#1337 = ORIENTED_EDGE ( 'NONE', *, *, #842, .T. ) ;
#1338 = CARTESIAN_POINT ( 'NONE',  ( 0.6195279641889295252, 0.3796724463967944274, 0.5999999999999995337 ) ) ;
#1339 = CARTESIAN_POINT ( 'NONE',  ( 2.600000000000000533, 1.600000000000000089, -6.537569945017097435E-16 ) ) ;
#1340 = CARTESIAN_POINT ( 'NONE',  ( 0.7581528345612480457, 0.1137630903910495928, 0.5989999999999994218 ) ) ;
#1341 = MECHANICAL_DESIGN_GEOMETRIC_PRESENTATION_REPRESENTATION (  '', ( #3019 ), #4627 ) ;
#1342 = FILL_AREA_STYLE ('',( #5151 ) ) ;
#1343 = VERTEX_POINT ( 'NONE', #4183 ) ;
#1344 = FILL_AREA_STYLE_COLOUR ( '', #3905 ) ;
#1345 = SURFACE_STYLE_FILL_AREA ( #4707 ) ;
#1346 = CARTESIAN_POINT ( 'NONE',  ( -0.2853871420587245633, 0.1118844203733763698, 0.5989999999999991998 ) ) ;
#1347 = PRESENTATION_LAYER_ASSIGNMENT (  '', '', ( #3745 ) ) ;
#1348 = VECTOR ( 'NONE', #1970, 1000.000000000000000 ) ;
#1349 = FACE_OUTER_BOUND ( 'NONE', #3764, .T. ) ;
#1350 = CARTESIAN_POINT ( 'NONE',  ( -0.9077447630837978121, 0.3796724463967943719, 0.5989999999999994218 ) ) ;
#1351 = VERTEX_POINT ( 'NONE', #1235 ) ;
#1352 = CARTESIAN_POINT ( 'NONE',  ( -2.640000000000000568, -1.600000000000000089, 0.5799999999999999600 ) ) ;
#1353 = VECTOR ( 'NONE', #681, 1000.000000000000000 ) ;
#1354 = CARTESIAN_POINT ( 'NONE',  ( -0.7128042700493969486, 0.2643205607915956046, 0.5999999999999994227 ) ) ;
#1355 = CARTESIAN_POINT ( 'NONE',  ( -3.180000000000000604, 1.600000000000000089, 0.5800000000000001821 ) ) ;
#1356 = DIRECTION ( 'NONE',  ( -1.000000000000000000, 0.0000000000000000000, 1.655270492344281308E-16 ) ) ;
#1357 = VECTOR ( 'NONE', #3227, 1000.000000000000000 ) ;
#1358 = MECHANICAL_DESIGN_GEOMETRIC_PRESENTATION_REPRESENTATION (  '', ( #3659 ), #1263 ) ;
#1359 = CARTESIAN_POINT ( 'NONE',  ( -0.9712710006741304136, -0.1164916731929390714, 0.5989999999999994218 ) ) ;
#1360 = EDGE_CURVE ( 'NONE', #4824, #1075, #2928, .T. ) ;
#1361 = ADVANCED_FACE ( 'NONE', ( #2086 ), #364, .T. ) ;
#1362 = DIRECTION ( 'NONE',  ( 1.000000000000000000, -0.0000000000000000000, -1.807003620809173153E-16 ) ) ;
#1363 = ORIENTED_EDGE ( 'NONE', *, *, #126, .T. ) ;
#1364 = AXIS2_PLACEMENT_3D ( 'NONE', #546, #5229, #130 ) ;
#1365 = CARTESIAN_POINT ( 'NONE',  ( -0.3248079709406169191, 0.1227088946291055999, 0.5999999999999994227 ) ) ;
#1366 = CARTESIAN_POINT ( 'NONE',  ( 0.8582342510023639459, 0.1138411151622463757, 0.5989999999999993108 ) ) ;
#1367 = UNCERTAINTY_MEASURE_WITH_UNIT (LENGTH_MEASURE( 1.000000000000000082E-05 ), #3305, 'distance_accuracy_value', 'NONE');
#1368 = ORIENTED_EDGE ( 'NONE', *, *, #5160, .T. ) ;
#1369 = CARTESIAN_POINT ( 'NONE',  ( 0.5921906951361364246, 0.3494070746582180198, 0.5999999999999997558 ) ) ;
#1370 = SURFACE_STYLE_FILL_AREA ( #5181 ) ;
#1371 = B_SPLINE_CURVE_WITH_KNOTS ( 'NONE', 3,
 ( #2426, #2009, #2452, #4162, #2642, #5241, #938, #3545, #2618, #1784, #2200 ),
 .UNSPECIFIED., .F., .F.,
 ( 4, 1, 1, 1, 1, 1, 1, 1, 4 ),
 ( 0.0000000000000000000, 0.1115694784847084259, 0.2312276298721086809, 0.3616269854306233822, 0.5010346984701855577, 0.6401569435219188753, 0.7693287052360807676, 0.8892759623006157854, 1.000000000000000000 ),
 .UNSPECIFIED. ) ;
#1372 =( LENGTH_UNIT ( ) NAMED_UNIT ( * ) SI_UNIT ( .MILLI., .METRE. ) );
#1373 = ORIENTED_EDGE ( 'NONE', *, *, #1393, .F. ) ;
#1374 = CARTESIAN_POINT ( 'NONE',  ( 0.01446845722333049700, 0.2790932880643229308, 0.5999999999999994227 ) ) ;
#1375 = CARTESIAN_POINT ( 'NONE',  ( -0.2037133609584878269, -0.05564697167593683075, 0.5989999999999994218 ) ) ;
#1376 = MECHANICAL_DESIGN_GEOMETRIC_PRESENTATION_REPRESENTATION (  '', ( #657 ), #2505 ) ;
#1377 = CARTESIAN_POINT ( 'NONE',  ( 0.8060058911381209334, 0.3203122678291254188, 0.5999999999999993117 ) ) ;
#1378 = PLANE ( 'NONE',  #2796 ) ;
#1379 = ORIENTED_EDGE ( 'NONE', *, *, #2528, .F. ) ;
#1380 = CARTESIAN_POINT ( 'NONE',  ( -0.2119757016185219167, -0.2873823190699473784, 0.5989999999999994218 ) ) ;
#1381 = CARTESIAN_POINT ( 'NONE',  ( -0.8007854038830746202, 0.07329409115209419012, 0.5999999999999994227 ) ) ;
#1382 = CARTESIAN_POINT ( 'NONE',  ( 0.5858970286519020743, -0.2299976210265862187, 0.5999999999999994227 ) ) ;
#1383 = FILL_AREA_STYLE_COLOUR ( '', #2779 ) ;
#1384 = CARTESIAN_POINT ( 'NONE',  ( -0.3402393349844617942, -0.3338937249226900938, 0.5999999999999994227 ) ) ;
#1385 = DIRECTION ( 'NONE',  ( 2.453474743771075841E-16, -0.0000000000000000000, 1.000000000000000000 ) ) ;
#1386 =( GEOMETRIC_REPRESENTATION_CONTEXT ( 3 ) GLOBAL_UNCERTAINTY_ASSIGNED_CONTEXT ( ( #4585 ) ) GLOBAL_UNIT_ASSIGNED_CONTEXT ( ( #5009, #5353, #2006 ) ) REPRESENTATION_CONTEXT ( 'NONE', 'WORKASPACE' ) );
#1387 = ORIENTED_EDGE ( 'NONE', *, *, #51, .F. ) ;
#1388 = CARTESIAN_POINT ( 'NONE',  ( -0.2129515068650217613, 0.01969287892669269180, 0.5999999999999996447 ) ) ;
#1389 = VECTOR ( 'NONE', #4373, 1000.000000000000000 ) ;
#1390 = FILL_AREA_STYLE ('',( #3505 ) ) ;
#1391 = MECHANICAL_DESIGN_GEOMETRIC_PRESENTATION_REPRESENTATION (  '', ( #5121 ), #4672 ) ;
#1392 = ORIENTED_EDGE ( 'NONE', *, *, #743, .F. ) ;
#1393 = EDGE_CURVE ( 'NONE', #1793, #2574, #3615, .T. ) ;
#1394 = FACE_OUTER_BOUND ( 'NONE', #3927, .T. ) ;
#1395 = CARTESIAN_POINT ( 'NONE',  ( -0.4042003739455008460, 0.3725997815708164684, 0.5999999999999994227 ) ) ;
#1396 = VERTEX_POINT ( 'NONE', #5157 ) ;
#1397 = CARTESIAN_POINT ( 'NONE',  ( 0.8975853403402136443, 0.2626971841682190778, 0.5989999999999994218 ) ) ;
#1398 = SURFACE_SIDE_STYLE ('',( #5235 ) ) ;
#1399 = CARTESIAN_POINT ( 'NONE',  ( -0.7140763569083181661, 0.2363949507436591269, 0.5989999999999994218 ) ) ;
#1400 = CARTESIAN_POINT ( 'NONE',  ( -0.8399257973392132426, 0.4036730209610457365, 0.5999999999999994227 ) ) ;
#1401 = CARTESIAN_POINT ( 'NONE',  ( -0.6391635396599427699, 0.1867388797968761172, 0.5989999999999994218 ) ) ;
#1402 = CARTESIAN_POINT ( 'NONE',  ( 0.8009467122189440902, 0.03096168355370686534, 0.5999999999999994227 ) ) ;
#1403 = ORIENTED_EDGE ( 'NONE', *, *, #388, .F. ) ;
#1404 = CARTESIAN_POINT ( 'NONE',  ( -0.8828416285883217141, -0.01742567407984661754, 0.5999999999999994227 ) ) ;
#1405 = CARTESIAN_POINT ( 'NONE',  ( 0.5560017265985970347, -0.1164916731929391130, 0.5999999999999995337 ) ) ;
#1406 = DIRECTION ( 'NONE',  ( -0.9922778767136676281, 0.1240347345892081343, 0.0000000000000000000 ) ) ;
#1407 = CARTESIAN_POINT ( 'NONE',  ( 0.6521942920654258957, -0.1365703459121403451, 0.5989999999999990887 ) ) ;
#1408 = CARTESIAN_POINT ( 'NONE',  ( 0.8144684572233303888, 0.2643205607915956046, 0.5999999999999994227 ) ) ;
#1409 = CARTESIAN_POINT ( 'NONE',  ( -0.9484839535604366878, 0.3232102118582117489, 0.5989999999999993108 ) ) ;
#1410 = UNCERTAINTY_MEASURE_WITH_UNIT (LENGTH_MEASURE( 1.000000000000000082E-05 ), #1223, 'distance_accuracy_value', 'NONE');
#1411 = CARTESIAN_POINT ( 'NONE',  ( 0.7947137176497899302, 0.3440786106546511736, 0.5989999999999994218 ) ) ;
#1412 = ORIENTED_EDGE ( 'NONE', *, *, #117, .F. ) ;
#1413 = CARTESIAN_POINT ( 'NONE',  ( -0.4609658886920791065, -0.1136402095270459267, 0.5989999999999994218 ) ) ;
#1414 = LINE ( 'NONE', #1843, #3574 ) ;
#1415 = CARTESIAN_POINT ( 'NONE',  ( -0.2193291860640033675, -0.1537449032873899890, 0.5989999999999994218 ) ) ;
#1416 = UNCERTAINTY_MEASURE_WITH_UNIT (LENGTH_MEASURE( 1.000000000000000082E-05 ), #1592, 'distance_accuracy_value', 'NONE');
#1417 = CARTESIAN_POINT ( 'NONE',  ( -0.3157263479714747523, 0.2063660153370502348, 0.5999999999999994227 ) ) ;
#1418 = EDGE_LOOP ( 'NONE', ( #5471, #5004, #1203, #866 ) ) ;
#1419 = CARTESIAN_POINT ( 'NONE',  ( -0.8178367375818644813, -0.07464047816944333058, 0.5989999999999994218 ) ) ;
#1420 = COLOUR_RGB ( '',1.000000000000000000, 1.000000000000000000, 1.000000000000000000 ) ;
#1421 = CARTESIAN_POINT ( 'NONE',  ( 0.8974467056546936439, 0.2562543309334393005, 0.5999999999999994227 ) ) ;
#1422 = ADVANCED_FACE ( 'NONE', ( #1349 ), #1698, .T. ) ;
#1423 = EDGE_CURVE ( 'NONE', #2482, #505, #5308, .T. ) ;
#1424 = PLANE ( 'NONE',  #3363 ) ;
#1425 = ORIENTED_EDGE ( 'NONE', *, *, #2431, .T. ) ;
#1426 = PRESENTATION_LAYER_ASSIGNMENT (  '', '', ( #1593 ) ) ;
#1427 = PRESENTATION_STYLE_ASSIGNMENT (( #463 ) ) ;
#1428 = CARTESIAN_POINT ( 'NONE',  ( -0.2263165924455439182, -0.1698722316338624472, 0.5989999999999993108 ) ) ;
#1429 = CARTESIAN_POINT ( 'NONE',  ( -0.8860247615558957124, 0.3932538803962949969, 0.5999999999999993117 ) ) ;
#1430 = AXIS2_PLACEMENT_3D ( 'NONE', #2645, #5219, #116 ) ;
#1431 = CARTESIAN_POINT ( 'NONE',  ( -0.6595914835944598487, 0.1319604073134235944, 0.5999999999999995337 ) ) ;
#1432 = FACE_OUTER_BOUND ( 'NONE', #1890, .T. ) ;
#1433 = ORIENTED_EDGE ( 'NONE', *, *, #525, .T. ) ;
#1434 = CARTESIAN_POINT ( 'NONE',  ( -2.620000000000000995, -1.600000000000000089, 0.5799999999999999600 ) ) ;
#1435 = VECTOR ( 'NONE', #1671, 1000.000000000000000 ) ;
#1436 = DIRECTION ( 'NONE',  ( -1.000000000000000000, 0.0000000000000000000, 0.0000000000000000000 ) ) ;
#1437 = DIRECTION ( 'NONE',  ( 0.0000000000000000000, -1.000000000000000000, 0.0000000000000000000 ) ) ;
#1438 =( NAMED_UNIT ( * ) PLANE_ANGLE_UNIT ( ) SI_UNIT ( $, .RADIAN. ) );
#1439 = VECTOR ( 'NONE', #3719, 1000.000000000000000 ) ;
#1440 = CARTESIAN_POINT ( 'NONE',  ( -0.5071527224272214251, -0.2400995001683500774, 0.5989999999999994218 ) ) ;
#1441 = CARTESIAN_POINT ( 'NONE',  ( 0.7606416255746015764, 0.3820298670887026793, 0.5999999999999996447 ) ) ;
#1442 = EDGE_LOOP ( 'NONE', ( #4179, #2982, #5304, #3854 ) ) ;
#1443 = CARTESIAN_POINT ( 'NONE',  ( -0.4201788326080309055, -0.2122666693069364119, 0.5989999999999995328 ) ) ;
#1444 = PRESENTATION_LAYER_ASSIGNMENT (  '', '', ( #3133 ) ) ;
#1445 = PLANE ( 'NONE',  #3037 ) ;
#1446 = PRESENTATION_LAYER_ASSIGNMENT (  '', '', ( #3840 ) ) ;
#1447 = CARTESIAN_POINT ( 'NONE',  ( -0.3009285376020100489, -0.2437656936087208015, 0.5989999999999994218 ) ) ;
#1448 = ORIENTED_EDGE ( 'NONE', *, *, #4176, .F. ) ;
#1449 = CARTESIAN_POINT ( 'NONE',  ( 0.5737685287781633114, 0.3083447744437439741, 0.5989999999999993108 ) ) ;
#1450 = LINE ( 'NONE', #3203, #5401 ) ;
#1451 = ORIENTED_EDGE ( 'NONE', *, *, #3844, .T. ) ;
#1452 = CARTESIAN_POINT ( 'NONE',  ( 0.2099230026778758085, 0.4868854958565307922, 0.5999999999999994227 ) ) ;
#1453 = CARTESIAN_POINT ( 'NONE',  ( -0.3139040051919302354, -0.2477827842676675607, 0.5999999999999996447 ) ) ;
#1454 = DIRECTION ( 'NONE',  ( 0.0000000000000000000, 0.0000000000000000000, -1.000000000000000000 ) ) ;
#1455 = ADVANCED_FACE ( 'NONE', ( #1962 ), #4205, .T. ) ;
#1456 = CARTESIAN_POINT ( 'NONE',  ( -0.6800996773056731115, 0.09500904247475643050, 0.5999999999999993117 ) ) ;
#1457 = ORIENTED_EDGE ( 'NONE', *, *, #3162, .T. ) ;
#1458 =( NAMED_UNIT ( * ) SI_UNIT ( $, .STERADIAN. ) SOLID_ANGLE_UNIT ( ) );
#1459 = DIRECTION ( 'NONE',  ( -1.000000000000000000, -0.0000000000000000000, -0.0000000000000000000 ) ) ;
#1460 = CARTESIAN_POINT ( 'NONE',  ( 0.4728801387029463177, -0.2937120445264359558, 0.5999999999999993117 ) ) ;
#1461 = EDGE_CURVE ( 'NONE', #1728, #2896, #620, .T. ) ;
#1462 = DIRECTION ( 'NONE',  ( -0.0000000000000000000, -0.0000000000000000000, 1.000000000000000000 ) ) ;
#1463 = EDGE_CURVE ( 'NONE', #3552, #4149, #3424, .T. ) ;
#1464 = DIRECTION ( 'NONE',  ( -1.000000000000000000, 0.0000000000000000000, 4.466554212838224906E-16 ) ) ;
#1465 = CARTESIAN_POINT ( 'NONE',  ( -0.3834453181169559799, -0.2413591388647113589, 0.5989999999999994218 ) ) ;
#1466 = CARTESIAN_POINT ( 'NONE',  ( -0.1237728761037477226, 0.004556389034607326652, 0.5989999999999993108 ) ) ;
#1467 = DIRECTION ( 'NONE',  ( 0.0000000000000000000, -0.0000000000000000000, -1.000000000000000000 ) ) ;
#1468 = CARTESIAN_POINT ( 'NONE',  ( 0.6195279641889295252, 0.3796724463967944274, 0.5999999999999994227 ) ) ;
#1469 =( NAMED_UNIT ( * ) SI_UNIT ( $, .STERADIAN. ) SOLID_ANGLE_UNIT ( ) );
#1470 = STYLED_ITEM ( 'NONE', ( #156 ), #4313 ) ;
#1471 = EDGE_LOOP ( 'NONE', ( #1658, #3971, #5227, #654 ) ) ;
#1472 = PLANE ( 'NONE',  #3572 ) ;
#1473 = UNCERTAINTY_MEASURE_WITH_UNIT (LENGTH_MEASURE( 1.000000000000000082E-05 ), #550, 'distance_accuracy_value', 'NONE');
#1474 =( LENGTH_UNIT ( ) NAMED_UNIT ( * ) SI_UNIT ( .MILLI., .METRE. ) );
#1475 = DIRECTION ( 'NONE',  ( -1.000000000000000000, -0.0000000000000000000, -1.936075308009830649E-16 ) ) ;
#1476 = ORIENTED_EDGE ( 'NONE', *, *, #1494, .F. ) ;
#1477 = PRESENTATION_LAYER_ASSIGNMENT (  '', '', ( #3867 ) ) ;
#1478 =( LENGTH_UNIT ( ) NAMED_UNIT ( * ) SI_UNIT ( .MILLI., .METRE. ) );
#1479 = PRESENTATION_LAYER_ASSIGNMENT (  '', '', ( #3873 ) ) ;
#1480 =( LENGTH_UNIT ( ) NAMED_UNIT ( * ) SI_UNIT ( .MILLI., .METRE. ) );
#1481 = VERTEX_POINT ( 'NONE', #406 ) ;
#1482 = CARTESIAN_POINT ( 'NONE',  ( -0.4063387541405396597, 0.1893001155039362171, 0.5989999999999993108 ) ) ;
#1483 = SURFACE_STYLE_FILL_AREA ( #5284 ) ;
#1484 = CARTESIAN_POINT ( 'NONE',  ( 0.8756836101732554667, 0.1500081165400488636, 0.5989999999999996438 ) ) ;
#1485 = ORIENTED_EDGE ( 'NONE', *, *, #4614, .T. ) ;
#1486 = CARTESIAN_POINT ( 'NONE',  ( -0.6296873869325138040, 0.2626971841682190778, 0.5989999999999994218 ) ) ;
#1487 = CARTESIAN_POINT ( 'NONE',  ( -0.8322847895299164689, 0.4868854958565307922, 0.5989999999999994218 ) ) ;
#1488 = CARTESIAN_POINT ( 'NONE',  ( -2.640000000000000568, 1.600000000000000089, 0.6000000000000000888 ) ) ;
#1489 = CARTESIAN_POINT ( 'NONE',  ( -0.3410510232961501687, -0.2507768418058070048, 0.5989999999999994218 ) ) ;
#1490 = CARTESIAN_POINT ( 'NONE',  ( -0.1208037207513188022, -0.04151805583332440069, 0.5989999999999995328 ) ) ;
#1491 = SURFACE_STYLE_FILL_AREA ( #2816 ) ;
#1492 = ADVANCED_FACE ( 'NONE', ( #2951 ), #2108, .T. ) ;
#1493 = CARTESIAN_POINT ( 'NONE',  ( -0.9574358400661148183, 0.2922701963039043838, 0.5989999999999995328 ) ) ;
#1494 = EDGE_CURVE ( 'NONE', #3191, #2943, #1578, .T. ) ;
#1495 = ORIENTED_EDGE ( 'NONE', *, *, #4212, .T. ) ;
#1496 = CARTESIAN_POINT ( 'NONE',  ( 0.6417519138999960848, -0.1485748400849935813, 0.5999999999999995337 ) ) ;
#1497 = LINE ( 'NONE', #3974, #4372 ) ;
#1498 = CARTESIAN_POINT ( 'NONE',  ( 3.200000000000000622, 1.600000000000000089, 0.5999999999999993117 ) ) ;
#1499 = CARTESIAN_POINT ( 'NONE',  ( -0.1208037207513188022, -0.04151805583332440069, 0.5999999999999995337 ) ) ;
#1500 = VERTEX_POINT ( 'NONE', #4029 ) ;
#1501 = CARTESIAN_POINT ( 'NONE',  ( -0.9367008541393303522, -0.2209014051802813683, 0.5999999999999994227 ) ) ;
#1502 =( LENGTH_UNIT ( ) NAMED_UNIT ( * ) SI_UNIT ( .MILLI., .METRE. ) );
#1503 = CLOSED_SHELL ( 'NONE', ( #219, #1652, #4140, #1561, #3272, #4254, #4139, #2676, #4243, #52, #3975, #638, #319, #351 ) ) ;
#1504 =( NAMED_UNIT ( * ) SI_UNIT ( $, .STERADIAN. ) SOLID_ANGLE_UNIT ( ) );
#1505 = VERTEX_POINT ( 'NONE', #4949 ) ;
#1506 = CARTESIAN_POINT ( 'NONE',  ( -0.3389406336857606616, 0.1232491322201671041, 0.5999999999999995337 ) ) ;
#1507 = FILL_AREA_STYLE_COLOUR ( '', #904 ) ;
#1508 = STYLED_ITEM ( 'NONE', ( #2585 ), #771 ) ;
#1509 = CARTESIAN_POINT ( 'NONE',  ( 0.6253011609488066114, -0.1680150325793639265, 0.5999999999999992006 ) ) ;
#1510 = CARTESIAN_POINT ( 'NONE',  ( -0.7457989493385002167, 0.006421835696647671711, 0.5999999999999994227 ) ) ;
#1511 = VECTOR ( 'NONE', #2067, 1000.000000000000000 ) ;
#1512 = ORIENTED_EDGE ( 'NONE', *, *, #2097, .T. ) ;
#1513 = LINE ( 'NONE', #2672, #3967 ) ;
#1514 = CARTESIAN_POINT ( 'NONE',  ( -0.6298260216180336934, 0.2562543309334393005, 0.5989999999999994218 ) ) ;
#1515 = CARTESIAN_POINT ( 'NONE',  ( -0.6423166505865886000, 0.3452295077096059761, 0.5989999999999993108 ) ) ;
#1516 = FILL_AREA_STYLE_COLOUR ( '', #1173 ) ;
#1517 = COLOUR_RGB ( '',1.000000000000000000, 1.000000000000000000, 1.000000000000000000 ) ;
#1518 = SURFACE_STYLE_FILL_AREA ( #4490 ) ;
#1519 = CARTESIAN_POINT ( 'NONE',  ( -0.6296873869325138040, -0.3235041145330797008, 0.5989999999999994218 ) ) ;
#1520 = CARTESIAN_POINT ( 'NONE',  ( -0.7769302408889148248, 0.3885867124920613369, 0.5989999999999993108 ) ) ;
#1521 = CARTESIAN_POINT ( 'NONE',  ( -0.4284034943007442586, -0.2020752217397627781, 0.5989999999999993108 ) ) ;
#1522 = UNCERTAINTY_MEASURE_WITH_UNIT (LENGTH_MEASURE( 1.000000000000000082E-05 ), #5267, 'distance_accuracy_value', 'NONE');
#1523 = CARTESIAN_POINT ( 'NONE',  ( 0.5611963006910264395, 0.4411343841477788907, 0.5989999999999993108 ) ) ;
#1524 = EDGE_CURVE ( 'NONE', #3818, #3906, #1162, .T. ) ;
#1525 = VECTOR ( 'NONE', #3898, 1000.000000000000000 ) ;
#1526 = VECTOR ( 'NONE', #3143, 1000.000000000000000 ) ;
#1527 = CARTESIAN_POINT ( 'NONE',  ( 2.620000000000000995, 1.600000000000000089, 0.5799999999999994049 ) ) ;
#1528 = SURFACE_STYLE_USAGE ( .BOTH. , #3062 ) ;
#1529 = UNCERTAINTY_MEASURE_WITH_UNIT (LENGTH_MEASURE( 1.000000000000000082E-05 ), #4693, 'distance_accuracy_value', 'NONE');
#1530 = CARTESIAN_POINT ( 'NONE',  ( -0.1282332377673777724, 0.03042685219779760891, 0.5999999999999993117 ) ) ;
#1531 = VERTEX_POINT ( 'NONE', #2341 ) ;
#1532 = COLOUR_RGB ( '',1.000000000000000000, 1.000000000000000000, 1.000000000000000000 ) ;
#1533 = PRESENTATION_LAYER_ASSIGNMENT (  '', '', ( #634 ) ) ;
#1534 = CARTESIAN_POINT ( 'NONE',  ( -3.180000000000000604, 1.600000000000000089, 0.02000000000000006287 ) ) ;
#1535 = CARTESIAN_POINT ( 'NONE',  ( 0.8822812014696677085, 0.1683365304416478692, 0.5999999999999993117 ) ) ;
#1536 =( GEOMETRIC_REPRESENTATION_CONTEXT ( 3 ) GLOBAL_UNCERTAINTY_ASSIGNED_CONTEXT ( ( #1724 ) ) GLOBAL_UNIT_ASSIGNED_CONTEXT ( ( #2972, #3866, #5474 ) ) REPRESENTATION_CONTEXT ( 'NONE', 'WORKASPACE' ) );
#1537 = CARTESIAN_POINT ( 'NONE',  ( -0.2037133609584878269, -0.05564697167593683075, 0.5999999999999994227 ) ) ;
#1538 = VERTEX_POINT ( 'NONE', #3285 ) ;
#1539 =( LENGTH_UNIT ( ) NAMED_UNIT ( * ) SI_UNIT ( .MILLI., .METRE. ) );
#1540 = CARTESIAN_POINT ( 'NONE',  ( -0.7085575939931010314, 0.05364380759707939456, 0.5989999999999995328 ) ) ;
#1541 = CARTESIAN_POINT ( 'NONE',  ( 0.2099230026778758085, 0.4868854958565307922, 0.5999999999999994227 ) ) ;
#1542 = CARTESIAN_POINT ( 'NONE',  ( 0.8908437392644087405, 0.3254888900900889115, 0.5999999999999995337 ) ) ;
#1543 =( LENGTH_UNIT ( ) NAMED_UNIT ( * ) SI_UNIT ( .MILLI., .METRE. ) );
#1544 = CARTESIAN_POINT ( 'NONE',  ( -0.4201788326080309055, -0.2122666693069364119, 0.5989999999999995328 ) ) ;
#1545 = CARTESIAN_POINT ( 'NONE',  ( -0.5339359957895878361, -0.1789968789445023911, 0.5999999999999994227 ) ) ;
#1546 = CARTESIAN_POINT ( 'NONE',  ( 0.1805994379961249063, 0.4310012648690739190, 0.5999999999999995337 ) ) ;
#1547 = CARTESIAN_POINT ( 'NONE',  ( -0.7128622441086820416, 0.2693595699672963750, 0.5989999999999994218 ) ) ;
#1548 = CARTESIAN_POINT ( 'NONE',  ( -2.620000000000000107, 1.600000000000000089, 0.5800000000000001821 ) ) ;
#1549 = STYLED_ITEM ( 'NONE', ( #222 ), #4140 ) ;
#1550 = CARTESIAN_POINT ( 'NONE',  ( 0.5651178078726810661, 0.2375348465058814140, 0.5999999999999994227 ) ) ;
#1551 = DIRECTION ( 'NONE',  ( 1.000000000000000000, 0.0000000000000000000, -0.0000000000000000000 ) ) ;
#1552 = CARTESIAN_POINT ( 'NONE',  ( -2.620000000000000107, -1.600000000000000089, 0.5800000000000001821 ) ) ;
#1553 = CARTESIAN_POINT ( 'NONE',  ( -0.1205964778416047656, -0.05110151713048226990, 0.5999999999999994227 ) ) ;
#1554 = EDGE_LOOP ( 'NONE', ( #1130, #3450, #668, #309, #3961, #4568, #4266, #1368, #2377, #2633, #3006, #1197 ) ) ;
#1555 = LINE ( 'NONE', #689, #2134 ) ;
#1556 = MECHANICAL_DESIGN_GEOMETRIC_PRESENTATION_REPRESENTATION (  '', ( #209 ), #3954 ) ;
#1557 = FILL_AREA_STYLE_COLOUR ( '', #2679 ) ;
#1558 = CARTESIAN_POINT ( 'NONE',  ( -0.2263165924455439182, -0.1698722316338624472, 0.5999999999999993117 ) ) ;
#1559 = EDGE_CURVE ( 'NONE', #645, #3585, #4862, .T. ) ;
#1560 = EDGE_LOOP ( 'NONE', ( #1922, #2661, #4952, #2993 ) ) ;
#1561 = ADVANCED_FACE ( 'NONE', ( #229 ), #2735, .T. ) ;
#1562 = CARTESIAN_POINT ( 'NONE',  ( 0.6784522527461921415, 0.4034864214212003364, 0.5989999999999991998 ) ) ;
#1563 = CARTESIAN_POINT ( 'NONE',  ( -0.5361808934260202664, 0.05620367767471252246, 0.5989999999999994218 ) ) ;
#1564 = COLOUR_RGB ( '',1.000000000000000000, 1.000000000000000000, 1.000000000000000000 ) ;
#1565 = SURFACE_SIDE_STYLE ('',( #3682 ) ) ;
#1566 = ORIENTED_EDGE ( 'NONE', *, *, #5358, .T. ) ;
#1567 = PRESENTATION_STYLE_ASSIGNMENT (( #2283 ) ) ;
#1568 = CARTESIAN_POINT ( 'NONE',  ( -0.6807064370440908396, 0.4185715134532381754, 0.5999999999999995337 ) ) ;
#1569 = DIRECTION ( 'NONE',  ( -1.000000000000000000, 0.0000000000000000000, 3.872150616019661792E-16 ) ) ;
#1570 = VECTOR ( 'NONE', #3596, 1000.000000000000000 ) ;
#1571 = CARTESIAN_POINT ( 'NONE',  ( -1.025161088852817759, 0.3519313413877854235, 0.5999999999999995337 ) ) ;
#1572 = CARTESIAN_POINT ( 'NONE',  ( 0.01446845722333049700, 0.2790932880643229308, 0.5999999999999994227 ) ) ;
#1573 = SURFACE_STYLE_FILL_AREA ( #1129 ) ;
#1574 = EDGE_LOOP ( 'NONE', ( #2548, #5012, #5222, #698 ) ) ;
#1575 = CARTESIAN_POINT ( 'NONE',  ( -0.9502718239104976927, 0.4533688412103442644, 0.5989999999999996438 ) ) ;
#1576 = CARTESIAN_POINT ( 'NONE',  ( -1.043235908388955968, -0.2459720934360155042, 0.5999999999999994227 ) ) ;
#1577 = CARTESIAN_POINT ( 'NONE',  ( -0.3402393349844617942, -0.3338937249226900938, 0.5999999999999994227 ) ) ;
#1578 = LINE ( 'NONE', #4472, #3917 ) ;
#1579 = CARTESIAN_POINT ( 'NONE',  ( -0.8178367375818644813, -0.07464047816944333058, 0.5989999999999994218 ) ) ;
#1580 = LINE ( 'NONE', #315, #703 ) ;
#1581 = PRESENTATION_STYLE_ASSIGNMENT (( #3808 ) ) ;
#1582 = CARTESIAN_POINT ( 'NONE',  ( -1.055681135783175684, -0.3186320349971067389, 0.5989999999999994218 ) ) ;
#1583 = FACE_OUTER_BOUND ( 'NONE', #3426, .T. ) ;
#1584 = CARTESIAN_POINT ( 'NONE',  ( -0.6296873869325138040, -0.2299976210265861909, 0.5989999999999994218 ) ) ;
#1585 = FACE_OUTER_BOUND ( 'NONE', #3082, .T. ) ;
#1586 = CLOSED_SHELL ( 'NONE', ( #5099, #4781, #2833, #3976, #4649, #1886 ) ) ;
#1587 = EDGE_CURVE ( 'NONE', #549, #2256, #4443, .T. ) ;
#1588 = EDGE_CURVE ( 'NONE', #4493, #3212, #3877, .T. ) ;
#1589 = SURFACE_STYLE_FILL_AREA ( #697 ) ;
#1590 = CARTESIAN_POINT ( 'NONE',  ( 0.7187762611480192909, 0.4861872154142798386, 0.5989999999999994218 ) ) ;
#1591 =( GEOMETRIC_REPRESENTATION_CONTEXT ( 3 ) GLOBAL_UNCERTAINTY_ASSIGNED_CONTEXT ( ( #5407 ) ) GLOBAL_UNIT_ASSIGNED_CONTEXT ( ( #355, #3324, #3712 ) ) REPRESENTATION_CONTEXT ( 'NONE', 'WORKASPACE' ) );
#1592 =( LENGTH_UNIT ( ) NAMED_UNIT ( * ) SI_UNIT ( .MILLI., .METRE. ) );
#1593 = STYLED_ITEM ( 'NONE', ( #4479 ), #844 ) ;
#1594 = CARTESIAN_POINT ( 'NONE',  ( 0.5733999541179566339, -0.09519566007892764359, 0.5999999999999993117 ) ) ;
#1595 = CARTESIAN_POINT ( 'NONE',  ( -0.5397904322351595452, -0.1557782245720789882, 0.5989999999999994218 ) ) ;
#1596 = FILL_AREA_STYLE ('',( #3718 ) ) ;
#1597 = B_SPLINE_CURVE_WITH_KNOTS ( 'NONE', 3,
 ( #1572, #5433, #5001, #2817, #4155, #708, #5403, #1546, #3770, #2030, #2360 ),
 .UNSPECIFIED., .F., .F.,
 ( 4, 1, 1, 1, 1, 1, 1, 1, 4 ),
 ( 0.0000000000000000000, 0.1352840289639604676, 0.2694096554749931260, 0.4028008870521608276, 0.5361909441160791490, 0.6652106699871669360, 0.7853428009871228355, 0.8963177665284697282, 1.000000000000000000 ),
 .UNSPECIFIED. ) ;
#1598 = LINE ( 'NONE', #1921, #996 ) ;
#1599 = ORIENTED_EDGE ( 'NONE', *, *, #5262, .T. ) ;
#1600 = FILL_AREA_STYLE ('',( #4918 ) ) ;
#1601 = CARTESIAN_POINT ( 'NONE',  ( -0.7397688252816260190, 0.3549146129755175183, 0.5999999999999993117 ) ) ;
#1602 = SURFACE_STYLE_USAGE ( .BOTH. , #3802 ) ;
#1603 = SURFACE_STYLE_USAGE ( .BOTH. , #1242 ) ;
#1604 = CARTESIAN_POINT ( 'NONE',  ( 2.600000000000000533, -1.450000000000000178, 0.5999999999999994227 ) ) ;
#1605 = CARTESIAN_POINT ( 'NONE',  ( -0.3894297245517662764, 0.1116819062904768067, 0.5989999999999991998 ) ) ;
#1606 = EDGE_LOOP ( 'NONE', ( #3571, #4680, #3398, #5019 ) ) ;
#1607 = DIRECTION ( 'NONE',  ( 1.000000000000000000, -0.0000000000000000000, 0.0000000000000000000 ) ) ;
#1608 = STYLED_ITEM ( 'NONE', ( #332 ), #3534 ) ;
#1609 =( NAMED_UNIT ( * ) SI_UNIT ( $, .STERADIAN. ) SOLID_ANGLE_UNIT ( ) );
#1610 = CARTESIAN_POINT ( 'NONE',  ( 0.7952989112845245678, 0.1783859920615026295, 0.5999999999999993117 ) ) ;
#1611 = CARTESIAN_POINT ( 'NONE',  ( 0.6002321978208668973, -0.2021045449102878699, 0.5989999999999990887 ) ) ;
#1612 = STYLED_ITEM ( 'NONE', ( #1703 ), #4036 ) ;
#1613 = VECTOR ( 'NONE', #1436, 1000.000000000000000 ) ;
#1614 = B_SPLINE_SURFACE_WITH_KNOTS ( 'NONE', 3, 1, ( 
 ( #3449, #2247 ),
 ( #4060, #3562 ),
 ( #4478, #3982 ),
 ( #234, #2660 ),
 ( #208, #1931 ),
 ( #2769, #581 ),
 ( #1908, #2692 ) ),
 .UNSPECIFIED., .F., .F., .F.,
 ( 4, 1, 1, 1, 4 ),
 ( 2, 2 ),
 ( 0.0000000000000000000, 0.2544048168317900593, 0.5034877679196703149, 0.7504933180397457271, 1.000000000000000000 ),
 ( 0.0000000000000000000, 1.000000000000000000 ),
 .UNSPECIFIED. ) ;
#1615 = VERTEX_POINT ( 'NONE', #2007 ) ;
#1616 = VERTEX_POINT ( 'NONE', #1604 ) ;
#1617 = ORIENTED_EDGE ( 'NONE', *, *, #2354, .F. ) ;
#1618 = COLOUR_RGB ( '',1.000000000000000000, 1.000000000000000000, 1.000000000000000000 ) ;
#1619 =( NAMED_UNIT ( * ) SI_UNIT ( $, .STERADIAN. ) SOLID_ANGLE_UNIT ( ) );
#1620 = CARTESIAN_POINT ( 'NONE',  ( -0.6423166505865886000, 0.3452295077096059761, 0.5999999999999993117 ) ) ;
#1621 = LINE ( 'NONE', #3325, #4985 ) ;
#1622 = CARTESIAN_POINT ( 'NONE',  ( -0.1239442524663743467, -0.1070365418291211873, 0.5989999999999997549 ) ) ;
#1623 = CARTESIAN_POINT ( 'NONE',  ( 0.2059010806105568414, 0.4776940909616584352, 0.5989999999999993108 ) ) ;
#1624 = EDGE_CURVE ( 'NONE', #481, #3818, #2450, .T. ) ;
#1625 = EDGE_CURVE ( 'NONE', #1796, #2609, #3332, .T. ) ;
#1626 =( NAMED_UNIT ( * ) PLANE_ANGLE_UNIT ( ) SI_UNIT ( $, .RADIAN. ) );
#1627 = CARTESIAN_POINT ( 'NONE',  ( -0.7769302408889148248, 0.3885867124920613369, 0.5999999999999993117 ) ) ;
#1628 = LINE ( 'NONE', #4557, #2738 ) ;
#1629 = LINE ( 'NONE', #1133, #3599 ) ;
#1630 = CARTESIAN_POINT ( 'NONE',  ( -0.5071527224272214251, -0.2400995001683500774, 0.5999999999999994227 ) ) ;
#1631 = CARTESIAN_POINT ( 'NONE',  ( -3.200000000000000622, 1.600000000000000089, 0.6000000000000000888 ) ) ;
#1632 = ORIENTED_EDGE ( 'NONE', *, *, #389, .T. ) ;
#1633 = LINE ( 'NONE', #1708, #263 ) ;
#1634 = PRESENTATION_STYLE_ASSIGNMENT (( #1195 ) ) ;
#1635 = CARTESIAN_POINT ( 'NONE',  ( -0.7319738159882027695, 0.1783859920615025740, 0.5999999999999994227 ) ) ;
#1636 = CARTESIAN_POINT ( 'NONE',  ( 0.6301222975289556549, 0.3870908391879086530, 0.5989999999999994218 ) ) ;
#1637 = STYLED_ITEM ( 'NONE', ( #3923 ), #4246 ) ;
#1638 = SURFACE_STYLE_USAGE ( .BOTH. , #1565 ) ;
#1639 = ORIENTED_EDGE ( 'NONE', *, *, #884, .F. ) ;
#1640 = CARTESIAN_POINT ( 'NONE',  ( 0.8330797539130607721, 0.4346165392160176166, 0.5989999999999991998 ) ) ;
#1641 = CARTESIAN_POINT ( 'NONE',  ( 2.640000000000000568, -1.450000000000000178, -0.001000000000000674828 ) ) ;
#1642 = STYLED_ITEM ( 'NONE', ( #2281 ), #4780 ) ;
#1643 = CARTESIAN_POINT ( 'NONE',  ( -2.600000000000000533, 1.600000000000000089, 0.02000000000000006287 ) ) ;
#1644 = SURFACE_STYLE_FILL_AREA ( #3346 ) ;
#1645 = CARTESIAN_POINT ( 'NONE',  ( -1.044415242594016968, 0.2575695103935631280, 0.5999999999999993117 ) ) ;
#1646 = AXIS2_PLACEMENT_3D ( 'NONE', #4161, #5036, #3753 ) ;
#1647 = CARTESIAN_POINT ( 'NONE',  ( -0.8322847895299164689, 0.4868854958565307922, 0.5989999999999994218 ) ) ;
#1648 = VECTOR ( 'NONE', #4742, 1000.000000000000000 ) ;
#1649 = CARTESIAN_POINT ( 'NONE',  ( -0.9712710006741304136, -0.1164916731929390714, 0.5999999999999994227 ) ) ;
#1650 = EDGE_CURVE ( 'NONE', #975, #3919, #747, .T. ) ;
#1651 = SURFACE_STYLE_FILL_AREA ( #369 ) ;
#1652 = ADVANCED_FACE ( 'NONE', ( #2963 ), #2069, .T. ) ;
#1653 = B_SPLINE_SURFACE_WITH_KNOTS ( 'NONE', 3, 1, ( 
 ( #252, #5380 ),
 ( #2821, #3329 ),
 ( #3669, #5352 ),
 ( #2905, #4523 ),
 ( #2880, #788 ),
 ( #4132, #4108 ),
 ( #1925, #1576 ),
 ( #4975, #1158 ),
 ( #2852, #4556 ),
 ( #742, #368 ),
 ( #4719, #416 ),
 ( #4662, #3466 ),
 ( #879, #3411 ),
 ( #1359, #1649 ),
 ( #3378, #3774 ),
 ( #2499, #4250 ),
 ( #4278, #4636 ),
 ( #2562, #4221 ),
 ( #446, #3883 ) ),
 .UNSPECIFIED., .F., .F., .F.,
 ( 4, 1, 1, 1, 1, 1, 1, 1, 1, 1, 1, 1, 1, 1, 1, 1, 4 ),
 ( 2, 2 ),
 ( 0.0000000000000000000, 0.04201179318334015422, 0.08511657970956422459, 0.1300841362207605378, 0.1769659536804737143, 0.2261453228974997232, 0.2772304004651406917, 0.3308011550515156940, 0.3865502460840022914, 0.4458574538040663837, 0.5099817147460021793, 0.5788566239058999807, 0.6532605220228080434, 0.7319176588047660026, 0.8160112270400410317, 0.9052459153235246081, 1.000000000000000000 ),
 ( 0.0000000000000000000, 1.000000000000000000 ),
 .UNSPECIFIED. ) ;
#1654 = CARTESIAN_POINT ( 'NONE',  ( -0.3894297245517662764, 0.1116819062904768067, 0.5999999999999993117 ) ) ;
#1655 = CARTESIAN_POINT ( 'NONE',  ( -0.7642769620479704651, 0.4777850990219150717, 0.5999999999999995337 ) ) ;
#1656 = CARTESIAN_POINT ( 'NONE',  ( -0.8178367375818644813, -0.07464047816944333058, 0.5989999999999994218 ) ) ;
#1657 = PLANE ( 'NONE',  #5429 ) ;
#1658 = ORIENTED_EDGE ( 'NONE', *, *, #3421, .F. ) ;
#1659 = CARTESIAN_POINT ( 'NONE',  ( -0.8993233436765775135, -0.03449872810790511474, 0.5999999999999995337 ) ) ;
#1660 = CARTESIAN_POINT ( 'NONE',  ( -0.3157263479714747523, 0.2063660153370502348, 0.5999999999999994227 ) ) ;
#1661 = CARTESIAN_POINT ( 'NONE',  ( 0.8779058827497163708, 0.3645314167648511239, 0.5989999999999994218 ) ) ;
#1662 =( NAMED_UNIT ( * ) SI_UNIT ( $, .STERADIAN. ) SOLID_ANGLE_UNIT ( ) );
#1663 = CARTESIAN_POINT ( 'NONE',  ( 2.640000000000000568, -1.600000000000000089, 0.5799999999999994049 ) ) ;
#1664 = CARTESIAN_POINT ( 'NONE',  ( -0.9077447630837978121, 0.3796724463967943719, 0.5999999999999994227 ) ) ;
#1665 = PRESENTATION_LAYER_ASSIGNMENT (  '', '', ( #607 ) ) ;
#1666 = CARTESIAN_POINT ( 'NONE',  ( -1.044415242594016968, 0.2575695103935631280, 0.5989999999999993108 ) ) ;
#1667 = CARTESIAN_POINT ( 'NONE',  ( -0.3320520985437076522, -0.3336561769474344352, 0.5999999999999995337 ) ) ;
#1668 = CARTESIAN_POINT ( 'NONE',  ( 0.5465764340570468116, 0.4269606415826426860, 0.5989999999999995328 ) ) ;
#1669 = STYLED_ITEM ( 'NONE', ( #498 ), #523 ) ;
#1670 = FILL_AREA_STYLE ('',( #472 ) ) ;
#1671 = DIRECTION ( 'NONE',  ( -1.000000000000000000, -0.0000000000000000000, -0.0000000000000000000 ) ) ;
#1672 = STYLED_ITEM ( 'NONE', ( #4721 ), #1137 ) ;
#1673 = B_SPLINE_CURVE_WITH_KNOTS ( 'NONE', 3,
 ( #335, #4191, #312, #5489, #3775, #853, #2036, #4663, #5437, #2906, #3330, #4583, #1241, #2500, #2962, #2533, #4608, #768, #2005 ),
 .UNSPECIFIED., .F., .F.,
 ( 4, 1, 1, 1, 1, 1, 1, 1, 1, 1, 1, 1, 1, 1, 1, 1, 4 ),
 ( 0.0000000000000000000, 0.08100969503787953940, 0.1571624851194886596, 0.2293186239864792864, 0.2971995747160035561, 0.3619501700138806344, 0.4237206412699676683, 0.4831222440402864748, 0.5409816837709602311, 0.5976614915012095075, 0.6531809217988240324, 0.7078518819289704167, 0.7635482905380021057, 0.8195365889150293404, 0.8776400206428155437, 0.9374543783683156883, 1.000000000000000000 ),
 .UNSPECIFIED. ) ;
#1674 = EDGE_CURVE ( 'NONE', #3650, #1728, #4253, .T. ) ;
#1675 = FACE_OUTER_BOUND ( 'NONE', #1442, .T. ) ;
#1676 = CARTESIAN_POINT ( 'NONE',  ( 0.8822812014696677085, 0.1683365304416478692, 0.5989999999999993108 ) ) ;
#1677 = DIRECTION ( 'NONE',  ( 1.000000000000000000, 0.0000000000000000000, 0.0000000000000000000 ) ) ;
#1678 = LINE ( 'NONE', #4227, #274 ) ;
#1679 = ORIENTED_EDGE ( 'NONE', *, *, #5359, .T. ) ;
#1680 = CARTESIAN_POINT ( 'NONE',  ( 0.5921906951361364246, 0.3494070746582180198, 0.5989999999999996438 ) ) ;
#1681 = STYLED_ITEM ( 'NONE', ( #1789 ), #1791 ) ;
#1682 = CARTESIAN_POINT ( 'NONE',  ( -0.4634536206987475704, -0.09493268596165110873, 0.5989999999999994218 ) ) ;
#1683 = EDGE_CURVE ( 'NONE', #2943, #4073, #1306, .T. ) ;
#1684 = PRESENTATION_STYLE_ASSIGNMENT (( #5043 ) ) ;
#1685 = AXIS2_PLACEMENT_3D ( 'NONE', #1584, #295, #4118 ) ;
#1686 = CARTESIAN_POINT ( 'NONE',  ( -0.9413756986208254851, -0.2299976210265861909, 0.5999999999999994227 ) ) ;
#1687 = VERTEX_POINT ( 'NONE', #3724 ) ;
#1688 = ORIENTED_EDGE ( 'NONE', *, *, #284, .T. ) ;
#1689 = VECTOR ( 'NONE', #5046, 1000.000000000000000 ) ;
#1690 = AXIS2_PLACEMENT_3D ( 'NONE', #1803, #5238, #1454 ) ;
#1691 = CARTESIAN_POINT ( 'NONE',  ( 0.8144684572233303888, 0.2643205607915956046, 0.5989999999999994218 ) ) ;
#1692 = CARTESIAN_POINT ( 'NONE',  ( 0.2638191065739796670, 0.4868854958565307922, 0.5999999999999994227 ) ) ;
#1693 = CARTESIAN_POINT ( 'NONE',  ( 0.05764116356589651935, 0.2085066440133323262, 0.5999999999999993117 ) ) ;
#1694 = VECTOR ( 'NONE', #4830, 1000.000000000000000 ) ;
#1695 = CARTESIAN_POINT ( 'NONE',  ( -0.8617850467415897331, 0.4011674935311634882, 0.5989999999999994218 ) ) ;
#1696 = PRESENTATION_LAYER_ASSIGNMENT (  '', '', ( #1007 ) ) ;
#1697 = VERTEX_POINT ( 'NONE', #5412 ) ;
#1698 = B_SPLINE_SURFACE_WITH_KNOTS ( 'NONE', 3, 1, ( 
 ( #934, #3593 ),
 ( #587, #2350 ),
 ( #3986, #3181 ),
 ( #4381, #2745 ),
 ( #5212, #4872 ),
 ( #1401, #554 ),
 ( #2254, #138 ),
 ( #4455, #643 ),
 ( #2332, #1431 ),
 ( #1829, #3569 ),
 ( #3097, #1456 ),
 ( #163, #1858 ),
 ( #3158, #4845 ),
 ( #4037, #4483 ),
 ( #2774, #1510 ),
 ( #2720, #1094 ),
 ( #4429, #612 ),
 ( #212, #1934 ),
 ( #1913, #3623 ) ),
 .UNSPECIFIED., .F., .F., .F.,
 ( 4, 1, 1, 1, 1, 1, 1, 1, 1, 1, 1, 1, 1, 1, 1, 1, 4 ),
 ( 2, 2 ),
 ( 0.0000000000000000000, 0.04878347937587418359, 0.09693138956973625098, 0.1450915008017279184, 0.1933977841194992053, 0.2422569075037526998, 0.2911229018096241350, 0.3408352192596668662, 0.3915951061367907715, 0.4457719150393740781, 0.5061126198317954517, 0.5725064867171756333, 0.6449505620533899641, 0.7242299195761305874, 0.8096884027761079849, 0.9016917347513256908, 1.000000000000000000 ),
 ( 0.0000000000000000000, 1.000000000000000000 ),
 .UNSPECIFIED. ) ;
#1699 = CARTESIAN_POINT ( 'NONE',  ( -0.1434063649568559640, -0.1837583839445703360, 0.5989999999999994218 ) ) ;
#1700 = ORIENTED_EDGE ( 'NONE', *, *, #3734, .F. ) ;
#1701 = CARTESIAN_POINT ( 'NONE',  ( 0.6728872903003282335, 0.4863144744350552107, 0.5989999999999995328 ) ) ;
#1702 = FILL_AREA_STYLE_COLOUR ( '', #2401 ) ;
#1703 = PRESENTATION_STYLE_ASSIGNMENT (( #2961 ) ) ;
#1704 = CARTESIAN_POINT ( 'NONE',  ( -2.640000000000000568, 1.600000000000000089, 0.6000000000000000888 ) ) ;
#1705 = CARTESIAN_POINT ( 'NONE',  ( -0.3992056025518821438, -0.3258093435062885401, 0.5999999999999994227 ) ) ;
#1706 = FACE_OUTER_BOUND ( 'NONE', #3445, .T. ) ;
#1707 = ORIENTED_EDGE ( 'NONE', *, *, #1916, .F. ) ;
#1708 = CARTESIAN_POINT ( 'NONE',  ( -0.4530640103091372328, 0.04435302832406316093, 0.5999999999999994227 ) ) ;
#1709 = CARTESIAN_POINT ( 'NONE',  ( 0.8187151332796267500, 0.05364380759707936680, 0.5989999999999995328 ) ) ;
#1710 = VERTEX_POINT ( 'NONE', #3313 ) ;
#1711 = CARTESIAN_POINT ( 'NONE',  ( 0.5787887737122910936, 0.3232102118582117489, 0.5999999999999997558 ) ) ;
#1712 =( LENGTH_UNIT ( ) NAMED_UNIT ( * ) SI_UNIT ( .MILLI., .METRE. ) );
#1713 = VECTOR ( 'NONE', #1918, 1000.000000000000000 ) ;
#1714 =( NAMED_UNIT ( * ) SI_UNIT ( $, .STERADIAN. ) SOLID_ANGLE_UNIT ( ) );
#1715 = EDGE_CURVE ( 'NONE', #1343, #1108, #1812, .T. ) ;
#1716 = CARTESIAN_POINT ( 'NONE',  ( -0.3628219032854441695, -0.2485193051836111777, 0.5999999999999993117 ) ) ;
#1717 = EDGE_CURVE ( 'NONE', #3949, #3477, #4772, .T. ) ;
#1718 = CARTESIAN_POINT ( 'NONE',  ( -0.3157263479714747523, 0.2063660153370502348, 0.5999999999999994227 ) ) ;
#1719 = ORIENTED_EDGE ( 'NONE', *, *, #3900, .F. ) ;
#1720 = VERTEX_POINT ( 'NONE', #35 ) ;
#1721 =( NAMED_UNIT ( * ) PLANE_ANGLE_UNIT ( ) SI_UNIT ( $, .RADIAN. ) );
#1722 = DIRECTION ( 'NONE',  ( -0.0000000000000000000, -0.0000000000000000000, 1.000000000000000000 ) ) ;
#1723 = CARTESIAN_POINT ( 'NONE',  ( -0.8657848034567915407, 0.0002166925124949825327, 0.5999999999999994227 ) ) ;
#1724 = UNCERTAINTY_MEASURE_WITH_UNIT (LENGTH_MEASURE( 1.000000000000000082E-05 ), #2972, 'distance_accuracy_value', 'NONE');
#1725 = DIRECTION ( 'NONE',  ( 0.0000000000000000000, 0.0000000000000000000, -1.000000000000000000 ) ) ;
#1726 = CARTESIAN_POINT ( 'NONE',  ( 0.8123730788367750089, 0.2935740498880893279, 0.5999999999999993117 ) ) ;
#1727 = SURFACE_SIDE_STYLE ('',( #2142 ) ) ;
#1728 = VERTEX_POINT ( 'NONE', #2236 ) ;
#1729 =( LENGTH_UNIT ( ) NAMED_UNIT ( * ) SI_UNIT ( .MILLI., .METRE. ) );
#1730 = COLOUR_RGB ( '',1.000000000000000000, 1.000000000000000000, 1.000000000000000000 ) ;
#1731 = LINE ( 'NONE', #471, #3568 ) ;
#1732 = CARTESIAN_POINT ( 'NONE',  ( -0.2040926603947543494, -0.03537231918239314155, 0.5989999999999993108 ) ) ;
#1733 = FILL_AREA_STYLE_COLOUR ( '', #2049 ) ;
#1734 = VECTOR ( 'NONE', #4045, 1000.000000000000000 ) ;
#1735 = SURFACE_STYLE_FILL_AREA ( #2935 ) ;
#1736 = DIRECTION ( 'NONE',  ( -0.0000000000000000000, -0.0000000000000000000, 1.000000000000000000 ) ) ;
#1737 = SURFACE_SIDE_STYLE ('',( #420 ) ) ;
#1738 = CARTESIAN_POINT ( 'NONE',  ( -3.180000000000000604, 1.600000000000000089, 0.5800000000000001821 ) ) ;
#1739 = FACE_OUTER_BOUND ( 'NONE', #1289, .T. ) ;
#1740 = VERTEX_POINT ( 'NONE', #3525 ) ;
#1741 = SURFACE_STYLE_USAGE ( .BOTH. , #44 ) ;
#1742 = SURFACE_STYLE_FILL_AREA ( #4699 ) ;
#1743 =( NAMED_UNIT ( * ) SI_UNIT ( $, .STERADIAN. ) SOLID_ANGLE_UNIT ( ) );
#1744 = FACE_OUTER_BOUND ( 'NONE', #809, .T. ) ;
#1745 = ORIENTED_EDGE ( 'NONE', *, *, #3356, .F. ) ;
#1746 = CARTESIAN_POINT ( 'NONE',  ( -3.200000000000000178, 1.600000000000000089, 2.510525938252074186E-16 ) ) ;
#1747 = LINE ( 'NONE', #551, #1525 ) ;
#1748 = CARTESIAN_POINT ( 'NONE',  ( -0.8657848034567915407, 0.0002166925124949825327, 0.5989999999999994218 ) ) ;
#1749 = EDGE_CURVE ( 'NONE', #2616, #549, #4799, .T. ) ;
#1750 = CARTESIAN_POINT ( 'NONE',  ( -0.6296873869325138040, 0.2626971841682190778, 0.5999999999999994227 ) ) ;
#1751 = EDGE_CURVE ( 'NONE', #2541, #3150, #998, .T. ) ;
#1752 = CARTESIAN_POINT ( 'NONE',  ( 0.8142972537612663819, 0.2792012820467528744, 0.5999999999999993117 ) ) ;
#1753 = FILL_AREA_STYLE_COLOUR ( '', #393 ) ;
#1754 = ORIENTED_EDGE ( 'NONE', *, *, #4722, .F. ) ;
#1755 = SURFACE_SIDE_STYLE ('',( #57 ) ) ;
#1756 = CARTESIAN_POINT ( 'NONE',  ( -0.2059212808879003764, -0.01585260708288223006, 0.5999999999999994227 ) ) ;
#1757 = PRESENTATION_LAYER_ASSIGNMENT (  '', '', ( #3640 ) ) ;
#1758 =( NAMED_UNIT ( * ) SI_UNIT ( $, .STERADIAN. ) SOLID_ANGLE_UNIT ( ) );
#1759 = CARTESIAN_POINT ( 'NONE',  ( -2.600000000000000533, -1.450000000000000178, 0.6000000000000000888 ) ) ;
#1760 = LINE ( 'NONE', #3468, #4933 ) ;
#1761 = FACE_OUTER_BOUND ( 'NONE', #4207, .T. ) ;
#1762 = DIRECTION ( 'NONE',  ( 1.000000000000000000, 0.0000000000000000000, 0.0000000000000000000 ) ) ;
#1763 = EDGE_LOOP ( 'NONE', ( #2730, #1754, #2610, #1095, #206, #2420, #2239, #3543, #839, #5110, #2809, #2629, #3360, #2775, #2684 ) ) ;
#1764 = STYLED_ITEM ( 'NONE', ( #1567 ), #602 ) ;
#1765 = SURFACE_STYLE_FILL_AREA ( #1390 ) ;
#1766 = PRESENTATION_LAYER_ASSIGNMENT (  '', '', ( #2211 ) ) ;
#1767 = CARTESIAN_POINT ( 'NONE',  ( -0.2119757016185219167, -0.2873823190699473784, 0.5999999999999994227 ) ) ;
#1768 = ORIENTED_EDGE ( 'NONE', *, *, #3299, .T. ) ;
#1769 = CARTESIAN_POINT ( 'NONE',  ( 0.6301222975289556549, 0.3870908391879086530, 0.5999999999999995337 ) ) ;
#1770 = PRESENTATION_LAYER_ASSIGNMENT (  '', '', ( #343 ) ) ;
#1771 = CARTESIAN_POINT ( 'NONE',  ( 0.6873469299335142058, 0.4036730209610457365, 0.5989999999999994218 ) ) ;
#1772 = CARTESIAN_POINT ( 'NONE',  ( -0.3733070382175617818, -0.2456291466887745023, 0.5999999999999995337 ) ) ;
#1773 = PRESENTATION_LAYER_ASSIGNMENT (  '', '', ( #530 ) ) ;
#1774 = EDGE_LOOP ( 'NONE', ( #4236, #4908, #4597, #5052 ) ) ;
#1775 = ORIENTED_EDGE ( 'NONE', *, *, #1683, .F. ) ;
#1776 = CARTESIAN_POINT ( 'NONE',  ( -0.2040454955758463640, -0.07733435609716245163, 0.5989999999999995328 ) ) ;
#1777 = UNCERTAINTY_MEASURE_WITH_UNIT (LENGTH_MEASURE( 1.000000000000000082E-05 ), #1474, 'distance_accuracy_value', 'NONE');
#1778 = CARTESIAN_POINT ( 'NONE',  ( 0.6949879377428108684, 0.4868854958565307922, 0.5999999999999994227 ) ) ;
#1779 = COLOUR_RGB ( '',0.7686274509803920907, 0.7686274509803920907, 0.7686274509803920907 ) ;
#1780 = VECTOR ( 'NONE', #342, 1000.000000000000000 ) ;
#1781 = CARTESIAN_POINT ( 'NONE',  ( 0.7094359896908629670, -0.07464047816944333058, 0.5989999999999994218 ) ) ;
#1782 = ORIENTED_EDGE ( 'NONE', *, *, #3432, .T. ) ;
#1783 = CARTESIAN_POINT ( 'NONE',  ( -0.1659138861554658451, -0.2296658710392157632, 0.5989999999999995328 ) ) ;
#1784 = CARTESIAN_POINT ( 'NONE',  ( 0.02144448868605480091, 0.1889007839028774005, 0.5999999999999995337 ) ) ;
#1785 = VECTOR ( 'NONE', #4361, 1000.000000000000000 ) ;
#1786 =( NAMED_UNIT ( * ) PLANE_ANGLE_UNIT ( ) SI_UNIT ( $, .RADIAN. ) );
#1787 = CARTESIAN_POINT ( 'NONE',  ( -0.2038420079852718558, -0.04877041581272092974, 0.5989999999999994218 ) ) ;
#1788 = LINE ( 'NONE', #3831, #4042 ) ;
#1789 = PRESENTATION_STYLE_ASSIGNMENT (( #5246 ) ) ;
#1790 = ADVANCED_FACE ( 'NONE', ( #3938 ), #5220, .T. ) ;
#1791 = ADVANCED_FACE ( 'NONE', ( #1761 ), #2647, .T. ) ;
#1792 = CARTESIAN_POINT ( 'NONE',  ( 0.8123730788367750089, 0.2935740498880893279, 0.5999999999999994227 ) ) ;
#1793 = VERTEX_POINT ( 'NONE', #1408 ) ;
#1794 = STYLED_ITEM ( 'NONE', ( #5335 ), #3271 ) ;
#1795 = CARTESIAN_POINT ( 'NONE',  ( 0.8881091876127847895, 0.1867388797968761449, 0.5989999999999996438 ) ) ;
#1796 = VERTEX_POINT ( 'NONE', #4280 ) ;
#1797 = B_SPLINE_CURVE_WITH_KNOTS ( 'NONE', 3,
 ( #3909, #414, #1239, #850, #390, #2498, #2619, #2148, #3045, #3881, #2201, #2931, #3349, #2118, #4744, #3409, #5053, #3828, #912 ),
 .UNSPECIFIED., .F., .F.,
 ( 4, 1, 1, 1, 1, 1, 1, 1, 1, 1, 1, 1, 1, 1, 1, 1, 4 ),
 ( 0.0000000000000000000, 0.05991172980839398060, 0.1179453118744474005, 0.1747353202218632218, 0.2309363807107564781, 0.2872236714907134281, 0.3440136798381294159, 0.4021676354599059144, 0.4619625304058108672, 0.5232662706646533657, 0.5850556471251071589, 0.6482099413387869546, 0.7130717256955922956, 0.7802081309692147082, 0.8497849120801862499, 0.9231076765046576371, 0.9999999999999998890 ),
 .UNSPECIFIED. ) ;
#1798 = DIRECTION ( 'NONE',  ( -0.0000000000000000000, 1.000000000000000000, -0.0000000000000000000 ) ) ;
#1799 = ORIENTED_EDGE ( 'NONE', *, *, #4890, .T. ) ;
#1800 = VERTEX_POINT ( 'NONE', #2386 ) ;
#1801 = CARTESIAN_POINT ( 'NONE',  ( 0.1805994379961249063, 0.4310012648690739190, 0.5999999999999995337 ) ) ;
#1802 = CARTESIAN_POINT ( 'NONE',  ( -0.7442721894942299077, 0.1530822246272082743, 0.5989999999999993108 ) ) ;
#1803 = CARTESIAN_POINT ( 'NONE',  ( -2.600000000000000533, -1.600000000000000089, 0.02000000000000006287 ) ) ;
#1804 = SURFACE_STYLE_USAGE ( .BOTH. , #5108 ) ;
#1805 =( NAMED_UNIT ( * ) SI_UNIT ( $, .STERADIAN. ) SOLID_ANGLE_UNIT ( ) );
#1806 = ORIENTED_EDGE ( 'NONE', *, *, #1587, .T. ) ;
#1807 = CARTESIAN_POINT ( 'NONE',  ( 0.4840368188837716468, -0.2459720934360155042, 0.5989999999999995328 ) ) ;
#1808 = VECTOR ( 'NONE', #2501, 1000.000000000000000 ) ;
#1809 = DIRECTION ( 'NONE',  ( 0.0000000000000000000, 0.0000000000000000000, -1.000000000000000000 ) ) ;
#1810 = PRESENTATION_STYLE_ASSIGNMENT (( #4796 ) ) ;
#1811 = CARTESIAN_POINT ( 'NONE',  ( -0.3605067364534911833, -0.3333133180288246344, 0.5989999999999994218 ) ) ;
#1812 = LINE ( 'NONE', #3549, #993 ) ;
#1813 = SURFACE_STYLE_USAGE ( .BOTH. , #4800 ) ;
#1814 = ORIENTED_EDGE ( 'NONE', *, *, #3299, .F. ) ;
#1815 = CARTESIAN_POINT ( 'NONE',  ( -0.4284034943007442586, -0.2020752217397627781, 0.5999999999999993117 ) ) ;
#1816 = DIRECTION ( 'NONE',  ( -1.000000000000000000, 0.0000000000000000000, -0.0000000000000000000 ) ) ;
#1817 = EDGE_CURVE ( 'NONE', #3406, #1343, #2728, .T. ) ;
#1818 = EDGE_CURVE ( 'NONE', #3552, #3306, #198, .T. ) ;
#1819 =( GEOMETRIC_REPRESENTATION_CONTEXT ( 3 ) GLOBAL_UNCERTAINTY_ASSIGNED_CONTEXT ( ( #4025 ) ) GLOBAL_UNIT_ASSIGNED_CONTEXT ( ( #448, #476, #37 ) ) REPRESENTATION_CONTEXT ( 'NONE', 'WORKASPACE' ) );
#1820 = LINE ( 'NONE', #3536, #3577 ) ;
#1821 = VECTOR ( 'NONE', #3544, 1000.000000000000000 ) ;
#1822 = SURFACE_SIDE_STYLE ('',( #3060 ) ) ;
#1823 = PRESENTATION_STYLE_ASSIGNMENT (( #2739 ) ) ;
#1824 = VERTEX_POINT ( 'NONE', #3579 ) ;
#1825 =( LENGTH_UNIT ( ) NAMED_UNIT ( * ) SI_UNIT ( .MILLI., .METRE. ) );
#1826 = DIRECTION ( 'NONE',  ( -0.0000000000000000000, -0.0000000000000000000, 1.000000000000000000 ) ) ;
#1827 = CARTESIAN_POINT ( 'NONE',  ( -0.1517653090104358338, 0.4661062750773100061, 0.5989999999999994218 ) ) ;
#1828 = SURFACE_STYLE_USAGE ( .BOTH. , #2719 ) ;
#1829 = CARTESIAN_POINT ( 'NONE',  ( -0.6690384762703635024, 0.1138411151622464035, 0.5989999999999994218 ) ) ;
#1830 = CARTESIAN_POINT ( 'NONE',  ( 0.7594360488988987079, -0.01935740238728339557, 0.5999999999999995337 ) ) ;
#1831 = ORIENTED_EDGE ( 'NONE', *, *, #3939, .F. ) ;
#1832 = DIRECTION ( 'NONE',  ( 0.0000000000000000000, 0.0000000000000000000, -1.000000000000000000 ) ) ;
#1833 = CARTESIAN_POINT ( 'NONE',  ( -0.3341730978150681541, 0.1230668875759320657, 0.5999999999999994227 ) ) ;
#1834 = CARTESIAN_POINT ( 'NONE',  ( 0.6645011332477133159, -0.1233171453104228016, 0.5989999999999995328 ) ) ;
#1835 = FILL_AREA_STYLE_COLOUR ( '', #4710 ) ;
#1836 = CARTESIAN_POINT ( 'NONE',  ( -0.4951193119263481712, -0.2576184521913514325, 0.5989999999999995328 ) ) ;
#1837 = PRESENTATION_STYLE_ASSIGNMENT (( #447 ) ) ;
#1838 = CARTESIAN_POINT ( 'NONE',  ( -0.8971504297437719044, 0.3870908391879087085, 0.5989999999999994218 ) ) ;
#1839 = CARTESIAN_POINT ( 'NONE',  ( 0.7702033523748692545, 0.3739285312327010891, 0.5999999999999994227 ) ) ;
#1840 = EDGE_LOOP ( 'NONE', ( #1143, #3201, #3418, #3730, #5184, #5190, #2975, #1054 ) ) ;
#1841 = CARTESIAN_POINT ( 'NONE',  ( 0.6645011332477133159, -0.1233171453104228016, 0.5999999999999995337 ) ) ;
#1842 = UNCERTAINTY_MEASURE_WITH_UNIT (LENGTH_MEASURE( 1.000000000000000082E-05 ), #4450, 'distance_accuracy_value', 'NONE');
#1843 = CARTESIAN_POINT ( 'NONE',  ( -0.5465705038156307705, -0.1053222963512614879, 0.5989999999999994218 ) ) ;
#1844 = CARTESIAN_POINT ( 'NONE',  ( -0.6318933959870500772, 0.2243516025251089396, 0.5999999999999995337 ) ) ;
#1845 = CLOSED_SHELL ( 'NONE', ( #1791, #1150, #4420, #2805, #5003, #523, #4758, #4246, #602, #3265, #221, #567, #2230, #2804 ) ) ;
#1846 = UNCERTAINTY_MEASURE_WITH_UNIT (LENGTH_MEASURE( 1.000000000000000082E-05 ), #1543, 'distance_accuracy_value', 'NONE');
#1847 = ORIENTED_EDGE ( 'NONE', *, *, #2847, .T. ) ;
#1848 = EDGE_CURVE ( 'NONE', #1351, #1687, #1940, .T. ) ;
#1849 = AXIS2_PLACEMENT_3D ( 'NONE', #1096, #3686, #2776 ) ;
#1850 = EDGE_CURVE ( 'NONE', #2832, #3238, #3221, .T. ) ;
#1851 = VERTEX_POINT ( 'NONE', #1895 ) ;
#1852 = EDGE_CURVE ( 'NONE', #2256, #4437, #677, .T. ) ;
#1853 =( NAMED_UNIT ( * ) PLANE_ANGLE_UNIT ( ) SI_UNIT ( $, .RADIAN. ) );
#1854 = VECTOR ( 'NONE', #418, 1000.000000000000000 ) ;
#1855 = DIRECTION ( 'NONE',  ( 2.404610920497113549E-14, 2.851281041648723895E-13, 1.000000000000000000 ) ) ;
#1856 = CARTESIAN_POINT ( 'NONE',  ( -0.2651618673483134292, -0.2214330708713043161, 0.5999999999999996447 ) ) ;
#1857 =( NAMED_UNIT ( * ) PLANE_ANGLE_UNIT ( ) SI_UNIT ( $, .RADIAN. ) );
#1858 = CARTESIAN_POINT ( 'NONE',  ( -0.6933546547894317014, 0.07512048296998234675, 0.5999999999999994227 ) ) ;
#1859 =( LENGTH_UNIT ( ) NAMED_UNIT ( * ) SI_UNIT ( .MILLI., .METRE. ) );
#1860 = ORIENTED_EDGE ( 'NONE', *, *, #3868, .T. ) ;
#1861 = LINE ( 'NONE', #4458, #3435 ) ;
#1862 = SURFACE_STYLE_FILL_AREA ( #1066 ) ;
#1863 =( GEOMETRIC_REPRESENTATION_CONTEXT ( 3 ) GLOBAL_UNCERTAINTY_ASSIGNED_CONTEXT ( ( #4793 ) ) GLOBAL_UNIT_ASSIGNED_CONTEXT ( ( #1977, #5354, #3671 ) ) REPRESENTATION_CONTEXT ( 'NONE', 'WORKASPACE' ) );
#1864 =( NAMED_UNIT ( * ) SI_UNIT ( $, .STERADIAN. ) SOLID_ANGLE_UNIT ( ) );
#1865 = LINE ( 'NONE', #3935, #3756 ) ;
#1866 = CARTESIAN_POINT ( 'NONE',  ( -2.600000000000000533, -1.600000000000000089, -1.694065894508600678E-17 ) ) ;
#1867 = SURFACE_STYLE_USAGE ( .BOTH. , #595 ) ;
#1868 = VECTOR ( 'NONE', #4567, 1000.000000000000000 ) ;
#1869 = CARTESIAN_POINT ( 'NONE',  ( -0.3402393349844617942, -0.3338937249226900938, 0.5989999999999994218 ) ) ;
#1870 = PRESENTATION_LAYER_ASSIGNMENT (  '', '', ( #2394 ) ) ;
#1871 = DIRECTION ( 'NONE',  ( 0.0000000000000000000, -1.000000000000000000, 0.0000000000000000000 ) ) ;
#1872 = CARTESIAN_POINT ( 'NONE',  ( -0.8742074880187402641, 0.3980652263424304671, 0.5989999999999996438 ) ) ;
#1873 =( NAMED_UNIT ( * ) PLANE_ANGLE_UNIT ( ) SI_UNIT ( $, .RADIAN. ) );
#1874 = ORIENTED_EDGE ( 'NONE', *, *, #4477, .T. ) ;
#1875 = CARTESIAN_POINT ( 'NONE',  ( 2.620000000000000995, 1.450000000000000178, 0.5799999999999994049 ) ) ;
#1876 = PRESENTATION_LAYER_ASSIGNMENT (  '', '', ( #4287 ) ) ;
#1877 = CARTESIAN_POINT ( 'NONE',  ( 0.5770009033622298666, 0.4533688412103442089, 0.5989999999999995328 ) ) ;
#1878 = VECTOR ( 'NONE', #3430, 1000.000000000000000 ) ;
#1879 = CARTESIAN_POINT ( 'NONE',  ( -0.2543708621603321118, -0.2106336837126472628, 0.5989999999999994218 ) ) ;
#1880 = CARTESIAN_POINT ( 'NONE',  ( -0.1931320658393165524, 0.1531419645470935009, 0.5999999999999993117 ) ) ;
#1881 = VERTEX_POINT ( 'NONE', #623 ) ;
#1882 = CARTESIAN_POINT ( 'NONE',  ( 0.5651178078726810661, 0.2375348465058814140, 0.5989999999999994218 ) ) ;
#1883 = CARTESIAN_POINT ( 'NONE',  ( 0.8676812436782675997, 0.1319604073134235944, 0.5999999999999995337 ) ) ;
#1884 = ORIENTED_EDGE ( 'NONE', *, *, #601, .F. ) ;
#1885 = CARTESIAN_POINT ( 'NONE',  ( 0.7094359896908629670, -0.07464047816944334446, 0.5989999999999994218 ) ) ;
#1886 = ADVANCED_FACE ( 'NONE', ( #3606 ), #2704, .F. ) ;
#1887 = ADVANCED_FACE ( 'NONE', ( #4914 ), #2990, .T. ) ;
#1888 =( LENGTH_UNIT ( ) NAMED_UNIT ( * ) SI_UNIT ( .MILLI., .METRE. ) );
#1889 = CARTESIAN_POINT ( 'NONE',  ( 0.8971712424675257758, 0.2434525643347674184, 0.5999999999999994227 ) ) ;
#1890 = EDGE_LOOP ( 'NONE', ( #918, #630, #2464, #82 ) ) ;
#1891 = CARTESIAN_POINT ( 'NONE',  ( 0.4900865224791312591, -0.2291897969665828982, 0.5989999999999994218 ) ) ;
#1892 = CARTESIAN_POINT ( 'NONE',  ( -3.180000000000000604, 1.600000000000000089, 0.02000000000000006287 ) ) ;
#1893 = LINE ( 'NONE', #970, #1694 ) ;
#1894 = CARTESIAN_POINT ( 'NONE',  ( -0.3931221428276703844, -0.2358026438369506261, 0.5989999999999995328 ) ) ;
#1895 = CARTESIAN_POINT ( 'NONE',  ( 0.2638191065739794450, 0.4868854958565307922, 0.5999999999999994227 ) ) ;
#1896 = CARTESIAN_POINT ( 'NONE',  ( -0.9077447630837978121, 0.3796724463967943719, 0.5989999999999994218 ) ) ;
#1897 = STYLED_ITEM ( 'NONE', ( #4776 ), #4420 ) ;
#1898 = ORIENTED_EDGE ( 'NONE', *, *, #3801, .T. ) ;
#1899 = CARTESIAN_POINT ( 'NONE',  ( -0.3410510232961501687, -0.2507768418058070048, 0.5999999999999994227 ) ) ;
#1900 = COLOUR_RGB ( '',1.000000000000000000, 1.000000000000000000, 1.000000000000000000 ) ;
#1901 = CARTESIAN_POINT ( 'NONE',  ( -0.2343523156347147030, -0.1849631293548023026, 0.5989999999999994218 ) ) ;
#1902 = CARTESIAN_POINT ( 'NONE',  ( 3.200000000000000622, -1.600000000000000089, 0.5999999999999993117 ) ) ;
#1903 = DIRECTION ( 'NONE',  ( -0.0000000000000000000, -0.0000000000000000000, 1.000000000000000000 ) ) ;
#1904 = ORIENTED_EDGE ( 'NONE', *, *, #419, .T. ) ;
#1905 = STYLED_ITEM ( 'NONE', ( #3487 ), #4866 ) ;
#1906 = CARTESIAN_POINT ( 'NONE',  ( -0.9270405294518604400, -0.2021045449102878699, 0.5999999999999993117 ) ) ;
#1907 = AXIS2_PLACEMENT_3D ( 'NONE', #2824, #4525, #4559 ) ;
#1908 = CARTESIAN_POINT ( 'NONE',  ( -0.3157263479714747523, 0.2063660153370502348, 0.5989999999999994218 ) ) ;
#1909 = VERTEX_POINT ( 'NONE', #2088 ) ;
#1910 = CARTESIAN_POINT ( 'NONE',  ( 0.2099230026778758085, 0.4868854958565307922, 0.5989999999999994218 ) ) ;
#1911 = CARTESIAN_POINT ( 'NONE',  ( -0.4248695222919181558, 0.1798233260602715988, 0.5989999999999993108 ) ) ;
#1912 = CARTESIAN_POINT ( 'NONE',  ( 0.5858970286519020743, -0.2299976210265862187, 0.5999999999999994227 ) ) ;
#1913 = CARTESIAN_POINT ( 'NONE',  ( -0.8178367375818644813, -0.07464047816944333058, 0.5989999999999994218 ) ) ;
#1914 = ORIENTED_EDGE ( 'NONE', *, *, #3128, .F. ) ;
#1915 = CARTESIAN_POINT ( 'NONE',  ( -0.6690384762703635024, 0.1138411151622464035, 0.5989999999999994218 ) ) ;
#1916 = EDGE_CURVE ( 'NONE', #730, #2896, #2471, .T. ) ;
#1917 = CARTESIAN_POINT ( 'NONE',  ( -0.7176437753437879818, 0.3072447781359251562, 0.5999999999999994227 ) ) ;
#1918 = DIRECTION ( 'NONE',  ( -0.0000000000000000000, -0.0000000000000000000, 1.000000000000000000 ) ) ;
#1919 = FACE_OUTER_BOUND ( 'NONE', #345, .T. ) ;
#1920 = CARTESIAN_POINT ( 'NONE',  ( 0.6096723360023110772, 0.3708584786421323387, 0.5999999999999995337 ) ) ;
#1921 = CARTESIAN_POINT ( 'NONE',  ( -2.620000000000000107, -1.600000000000000089, 0.5800000000000001821 ) ) ;
#1922 = ORIENTED_EDGE ( 'NONE', *, *, #1559, .T. ) ;
#1923 = CARTESIAN_POINT ( 'NONE',  ( -0.4025393813215543681, -0.2291954529845501853, 0.5999999999999993117 ) ) ;
#1924 = FACE_OUTER_BOUND ( 'NONE', #4402, .T. ) ;
#1925 = CARTESIAN_POINT ( 'NONE',  ( -1.043235908388955968, -0.2459720934360155042, 0.5989999999999994218 ) ) ;
#1926 =( LENGTH_UNIT ( ) NAMED_UNIT ( * ) SI_UNIT ( .MILLI., .METRE. ) );
#1927 = CARTESIAN_POINT ( 'NONE',  ( -0.1237728761037477226, 0.004556389034607326652, 0.5999999999999993117 ) ) ;
#1928 = ORIENTED_EDGE ( 'NONE', *, *, #1850, .T. ) ;
#1929 = CARTESIAN_POINT ( 'NONE',  ( 2.600000000000000533, 1.600000000000000089, 0.5999999999999994227 ) ) ;
#1930 =( GEOMETRIC_REPRESENTATION_CONTEXT ( 3 ) GLOBAL_UNCERTAINTY_ASSIGNED_CONTEXT ( ( #794 ) ) GLOBAL_UNIT_ASSIGNED_CONTEXT ( ( #2865, #2433, #2915 ) ) REPRESENTATION_CONTEXT ( 'NONE', 'WORKASPACE' ) );
#1931 = CARTESIAN_POINT ( 'NONE',  ( -0.3465524558955050960, 0.2052599599961105470, 0.5999999999999992006 ) ) ;
#1932 =( LENGTH_UNIT ( ) NAMED_UNIT ( * ) SI_UNIT ( .MILLI., .METRE. ) );
#1933 = CARTESIAN_POINT ( 'NONE',  ( 0.01446845722333049700, 0.2790932880643229308, 0.5999999999999994227 ) ) ;
#1934 = CARTESIAN_POINT ( 'NONE',  ( -0.8090395011418305415, -0.06509061353557854535, 0.5999999999999995337 ) ) ;
#1935 = VECTOR ( 'NONE', #3865, 1000.000000000000000 ) ;
#1936 = EDGE_LOOP ( 'NONE', ( #4886, #3528, #2380, #213 ) ) ;
#1937 = CARTESIAN_POINT ( 'NONE',  ( -0.7769302408889148248, 0.3885867124920613369, 0.5999999999999993117 ) ) ;
#1938 = CARTESIAN_POINT ( 'NONE',  ( 0.8131963703644090602, 0.2363949507436592101, 0.5989999999999993108 ) ) ;
#1939 = LINE ( 'NONE', #171, #2126 ) ;
#1940 = LINE ( 'NONE', #4103, #1348 ) ;
#1941 = ORIENTED_EDGE ( 'NONE', *, *, #2881, .F. ) ;
#1942 = PLANE ( 'NONE',  #3748 ) ;
#1943 = CARTESIAN_POINT ( 'NONE',  ( -0.7148996484359519954, 0.2935740498880893279, 0.5989999999999994218 ) ) ;
#1944 = AXIS2_PLACEMENT_3D ( 'NONE', #3153, #1855, #159 ) ;
#1945 = STYLED_ITEM ( 'NONE', ( #1998 ), #1947 ) ;
#1946 = CARTESIAN_POINT ( 'NONE',  ( -1.055661412906539809, -0.3235041145330797008, 0.5989999999999994218 ) ) ;
#1947 = ADVANCED_FACE ( 'NONE', ( #736 ), #2099, .T. ) ;
#1948 = EDGE_CURVE ( 'NONE', #5240, #1796, #5143, .T. ) ;
#1949 = CARTESIAN_POINT ( 'NONE',  ( -0.8234215240149733717, -0.08058241898320972485, 0.5999999999999993117 ) ) ;
#1950 = EDGE_LOOP ( 'NONE', ( #2171, #408, #3864, #1961, #1719, #2602, #5449, #3267 ) ) ;
#1951 = COLOUR_RGB ( '',1.000000000000000000, 1.000000000000000000, 1.000000000000000000 ) ;
#1952 = CARTESIAN_POINT ( 'NONE',  ( -0.7691198927114794026, 0.1137630903910496205, 0.5989999999999994218 ) ) ;
#1953 = CARTESIAN_POINT ( 'NONE',  ( 0.8144684572233303888, 0.2643205607915956046, 0.5989999999999994218 ) ) ;
#1954 = DIRECTION ( 'NONE',  ( -7.228014483236699514E-16, 0.0000000000000000000, 1.000000000000000000 ) ) ;
#1955 = COLOUR_RGB ( '',1.000000000000000000, 1.000000000000000000, 1.000000000000000000 ) ;
#1956 = DIRECTION ( 'NONE',  ( 0.0000000000000000000, 0.0000000000000000000, 1.000000000000000000 ) ) ;
#1957 = ORIENTED_EDGE ( 'NONE', *, *, #2845, .T. ) ;
#1958 = CARTESIAN_POINT ( 'NONE',  ( -0.9712710006741304136, -0.1164916731929390714, 0.5999999999999994227 ) ) ;
#1959 = FILL_AREA_STYLE ('',( #3565 ) ) ;
#1960 = SURFACE_SIDE_STYLE ('',( #4091 ) ) ;
#1961 = ORIENTED_EDGE ( 'NONE', *, *, #3635, .F. ) ;
#1962 = FACE_OUTER_BOUND ( 'NONE', #2275, .T. ) ;
#1963 = EDGE_LOOP ( 'NONE', ( #5395, #886, #1083, #637 ) ) ;
#1964 = SHAPE_DEFINITION_REPRESENTATION ( #4215, #5245 ) ;
#1965 = ORIENTED_EDGE ( 'NONE', *, *, #4476, .F. ) ;
#1966 = CARTESIAN_POINT ( 'NONE',  ( -0.7397688252816260190, 0.3549146129755175183, 0.5999999999999993117 ) ) ;
#1967 = CARTESIAN_POINT ( 'NONE',  ( 0.8144684572233303888, 0.2643205607915956046, 0.5989999999999994218 ) ) ;
#1968 = CARTESIAN_POINT ( 'NONE',  ( 3.180000000000000604, -1.600000000000000089, 0.01999999999999942102 ) ) ;
#1969 = CARTESIAN_POINT ( 'NONE',  ( -0.1351832838320703445, -0.1591707000187423116, 0.5989999999999994218 ) ) ;
#1970 = DIRECTION ( 'NONE',  ( -0.0000000000000000000, -0.0000000000000000000, 1.000000000000000000 ) ) ;
#1971 = CARTESIAN_POINT ( 'NONE',  ( 0.02567950251751783056, 0.2858405218039424822, 0.5989999999999994218 ) ) ;
#1972 = SURFACE_STYLE_USAGE ( .BOTH. , #5319 ) ;
#1973 = ORIENTED_EDGE ( 'NONE', *, *, #1463, .F. ) ;
#1974 = SURFACE_STYLE_FILL_AREA ( #4606 ) ;
#1975 = DIRECTION ( 'NONE',  ( -1.000000000000000000, 0.0000000000000000000, 0.0000000000000000000 ) ) ;
#1976 = FILL_AREA_STYLE ('',( #4111 ) ) ;
#1977 =( LENGTH_UNIT ( ) NAMED_UNIT ( * ) SI_UNIT ( .MILLI., .METRE. ) );
#1978 = COLOUR_RGB ( '',0.7686274509803920907, 0.7686274509803920907, 0.7686274509803920907 ) ;
#1979 = CARTESIAN_POINT ( 'NONE',  ( -0.9413756986208254851, -0.2299976210265861909, 0.5999999999999994227 ) ) ;
#1980 = VERTEX_POINT ( 'NONE', #2696 ) ;
#1981 = EDGE_CURVE ( 'NONE', #4864, #5088, #1555, .T. ) ;
#1982 = EDGE_CURVE ( 'NONE', #3406, #3316, #2251, .T. ) ;
#1983 = CARTESIAN_POINT ( 'NONE',  ( 0.8179247882967658478, 0.4487176075694082611, 0.5989999999999997549 ) ) ;
#1984 = CARTESIAN_POINT ( 'NONE',  ( -0.8234215240149733717, -0.08058241898320972485, 0.5999999999999993117 ) ) ;
#1985 = CARTESIAN_POINT ( 'NONE',  ( 0.1807022234570966057, -0.3235041145330797008, 0.5989999999999994218 ) ) ;
#1986 = CARTESIAN_POINT ( 'NONE',  ( 0.6949879377428108684, 0.4868854958565307922, 0.5989999999999994218 ) ) ;
#1987 = COLOUR_RGB ( '',1.000000000000000000, 1.000000000000000000, 1.000000000000000000 ) ;
#1988 = CARTESIAN_POINT ( 'NONE',  ( -1.043235908388955968, -0.2459720934360155042, 0.5999999999999994227 ) ) ;
#1989 = FACE_OUTER_BOUND ( 'NONE', #2268, .T. ) ;
#1990 = DIRECTION ( 'NONE',  ( 0.1240347345892081482, 0.9922778767136677391, 0.0000000000000000000 ) ) ;
#1991 = FILL_AREA_STYLE_COLOUR ( '', #1987 ) ;
#1992 = ORIENTED_EDGE ( 'NONE', *, *, #2631, .T. ) ;
#1993 = DIRECTION ( 'NONE',  ( 0.0000000000000000000, 0.0000000000000000000, 1.000000000000000000 ) ) ;
#1994 = ORIENTED_EDGE ( 'NONE', *, *, #4958, .F. ) ;
#1995 = LINE ( 'NONE', #3243, #1004 ) ;
#1996 = B_SPLINE_CURVE_WITH_KNOTS ( 'NONE', 3,
 ( #4654, #493, #3822, #4211, #4326, #4241, #843, #2193, #4626, #814, #2167, #3901, #3371, #78, #2523, #410, #3874, #5, #1778 ),
 .UNSPECIFIED., .F., .F.,
 ( 4, 1, 1, 1, 1, 1, 1, 1, 1, 1, 1, 1, 1, 1, 1, 1, 4 ),
 ( 0.0000000000000000000, 0.08100969503787953940, 0.1571624851194886596, 0.2293186239864792864, 0.2971995747160035561, 0.3619501700138806344, 0.4237206412699676683, 0.4831222440402864748, 0.5409816837709602311, 0.5976614915012095075, 0.6531809217988240324, 0.7078518819289706387, 0.7635482905380024388, 0.8195365889150290073, 0.8776400206428153217, 0.9374543783683156883, 1.000000000000000000 ),
 .UNSPECIFIED. ) ;
#1997 = CARTESIAN_POINT ( 'NONE',  ( 0.4840368188837716468, -0.2459720934360155042, 0.5989999999999995328 ) ) ;
#1998 = PRESENTATION_STYLE_ASSIGNMENT (( #3794 ) ) ;
#1999 = FACE_OUTER_BOUND ( 'NONE', #4972, .T. ) ;
#2000 = CARTESIAN_POINT ( 'NONE',  ( -0.3389406336857606616, 0.1232491322201671041, 0.5989999999999995328 ) ) ;
#2001 = VERTEX_POINT ( 'NONE', #3541 ) ;
#2002 = CARTESIAN_POINT ( 'NONE',  ( -0.8960889189479736006, 0.4788299811653589644, 0.5989999999999991998 ) ) ;
#2003 = CARTESIAN_POINT ( 'NONE',  ( -0.7325590096229374071, 0.3440786106546512291, 0.5989999999999995328 ) ) ;
#2004 =( LENGTH_UNIT ( ) NAMED_UNIT ( * ) SI_UNIT ( .MILLI., .METRE. ) );
#2005 = CARTESIAN_POINT ( 'NONE',  ( -0.8322847895299164689, 0.4868854958565307922, 0.5999999999999994227 ) ) ;
#2006 =( NAMED_UNIT ( * ) SI_UNIT ( $, .STERADIAN. ) SOLID_ANGLE_UNIT ( ) );
#2007 = CARTESIAN_POINT ( 'NONE',  ( -0.2037133609584878269, -0.05564697167593683075, 0.5999999999999994227 ) ) ;
#2008 =( NAMED_UNIT ( * ) SI_UNIT ( $, .STERADIAN. ) SOLID_ANGLE_UNIT ( ) );
#2009 = CARTESIAN_POINT ( 'NONE',  ( 0.1755977122226002607, 0.3043863890044235521, 0.5999999999999994227 ) ) ;
#2010 = ORIENTED_EDGE ( 'NONE', *, *, #126, .F. ) ;
#2011 = CARTESIAN_POINT ( 'NONE',  ( -0.4195074785896298342, 0.09123797559754277808, 0.5999999999999994227 ) ) ;
#2012 = CARTESIAN_POINT ( 'NONE',  ( -0.6296873869325138040, 0.2626971841682190778, 0.5999999999999995337 ) ) ;
#2013 = LINE ( 'NONE', #3337, #1329 ) ;
#2014 =( LENGTH_UNIT ( ) NAMED_UNIT ( * ) SI_UNIT ( .MILLI., .METRE. ) );
#2015 =( NAMED_UNIT ( * ) SI_UNIT ( $, .STERADIAN. ) SOLID_ANGLE_UNIT ( ) );
#2016 =( NAMED_UNIT ( * ) SI_UNIT ( $, .STERADIAN. ) SOLID_ANGLE_UNIT ( ) );
#2017 = COLOUR_RGB ( '',0.0000000000000000000, 0.0000000000000000000, 0.0000000000000000000 ) ;
#2018 = EDGE_CURVE ( 'NONE', #3983, #2721, #4821, .T. ) ;
#2019 = EDGE_CURVE ( 'NONE', #2518, #4729, #2663, .T. ) ;
#2020 = CARTESIAN_POINT ( 'NONE',  ( 0.6355723533272265025, -0.02658853011749527998, 0.5999999999999995337 ) ) ;
#2021 = ORIENTED_EDGE ( 'NONE', *, *, #3772, .F. ) ;
#2022 = CARTESIAN_POINT ( 'NONE',  ( -2.640000000000000124, -1.450000000000000178, 0.5799999999999999600 ) ) ;
#2023 = VECTOR ( 'NONE', #544, 1000.000000000000114 ) ;
#2024 = CARTESIAN_POINT ( 'NONE',  ( -0.7093479389759622666, 0.4487176075694080946, 0.5989999999999996438 ) ) ;
#2025 = CARTESIAN_POINT ( 'NONE',  ( 3.200000000000000178, -1.600000000000000089, -5.327213576290987228E-16 ) ) ;
#2026 =( GEOMETRIC_REPRESENTATION_CONTEXT ( 3 ) GLOBAL_UNCERTAINTY_ASSIGNED_CONTEXT ( ( #3350 ) ) GLOBAL_UNIT_ASSIGNED_CONTEXT ( ( #3892, #2186, #4158 ) ) REPRESENTATION_CONTEXT ( 'NONE', 'WORKASPACE' ) );
#2027 = CARTESIAN_POINT ( 'NONE',  ( -0.1205964778416047656, -0.05110151713048226990, 0.5989999999999994218 ) ) ;
#2028 = CARTESIAN_POINT ( 'NONE',  ( 2.620000000000000995, -1.600000000000000089, 0.5799999999999994049 ) ) ;
#2029 = CARTESIAN_POINT ( 'NONE',  ( -0.9153665701573316937, 0.4723541777077954751, 0.5989999999999995328 ) ) ;
#2030 = CARTESIAN_POINT ( 'NONE',  ( 0.2059010806105568414, 0.4776940909616584352, 0.5999999999999993117 ) ) ;
#2031 = PRESENTATION_STYLE_ASSIGNMENT (( #1972 ) ) ;
#2032 = VECTOR ( 'NONE', #2312, 1000.000000000000000 ) ;
#2033 = PRESENTATION_STYLE_ASSIGNMENT (( #3307 ) ) ;
#2034 = DIRECTION ( 'NONE',  ( 0.0000000000000000000, 1.000000000000000000, 0.0000000000000000000 ) ) ;
#2035 =( LENGTH_UNIT ( ) NAMED_UNIT ( * ) SI_UNIT ( .MILLI., .METRE. ) );
#2036 = CARTESIAN_POINT ( 'NONE',  ( -1.016125202926095206, 0.3733647118311058666, 0.5999999999999994227 ) ) ;
#2037 = FACE_OUTER_BOUND ( 'NONE', #4237, .T. ) ;
#2038 = COLOUR_RGB ( '',0.7686274509803920907, 0.7686274509803920907, 0.7686274509803920907 ) ;
#2039 = CARTESIAN_POINT ( 'NONE',  ( -0.5465705038156307705, -0.1053222963512614879, 0.5999999999999994227 ) ) ;
#2040 = CARTESIAN_POINT ( 'NONE',  ( -0.9367008541393303522, -0.2209014051802813683, 0.5999999999999994227 ) ) ;
#2041 = CARTESIAN_POINT ( 'NONE',  ( 0.8688848474296059221, 0.3831355704167093146, 0.5989999999999993108 ) ) ;
#2042 = CARTESIAN_POINT ( 'NONE',  ( -0.7642769620479704651, 0.4777850990219150717, 0.5989999999999994218 ) ) ;
#2043 = VECTOR ( 'NONE', #499, 1000.000000000000000 ) ;
#2044 = AXIS2_PLACEMENT_3D ( 'NONE', #4829, #3629, #1809 ) ;
#2045 = CARTESIAN_POINT ( 'NONE',  ( -0.4042003739455008460, 0.3725997815708164684, 0.5999999999999994227 ) ) ;
#2046 = CARTESIAN_POINT ( 'NONE',  ( -0.7442721894942299077, 0.1530822246272082743, 0.5989999999999993108 ) ) ;
#2047 = CARTESIAN_POINT ( 'NONE',  ( 0.6412479657168316249, 0.3932538803962952190, 0.5989999999999995328 ) ) ;
#2048 = DIRECTION ( 'NONE',  ( 0.0000000000000000000, 0.0000000000000000000, 1.000000000000000000 ) ) ;
#2049 = COLOUR_RGB ( '',1.000000000000000000, 1.000000000000000000, 1.000000000000000000 ) ;
#2050 =( GEOMETRIC_REPRESENTATION_CONTEXT ( 3 ) GLOBAL_UNCERTAINTY_ASSIGNED_CONTEXT ( ( #1016 ) ) GLOBAL_UNIT_ASSIGNED_CONTEXT ( ( #1478, #4839, #183 ) ) REPRESENTATION_CONTEXT ( 'NONE', 'WORKASPACE' ) );
#2051 = B_SPLINE_SURFACE_WITH_KNOTS ( 'NONE', 3, 1, ( 
 ( #931, #1374 ),
 ( #2611, #3064 ),
 ( #2164, #3956 ),
 ( #4322, #490 ),
 ( #2190, #4764 ),
 ( #958, #2635 ),
 ( #4349, #3928 ),
 ( #106, #1801 ),
 ( #3512, #5209 ),
 ( #3237, #1115 ),
 ( #1910, #1452 ) ),
 .UNSPECIFIED., .F., .F., .F.,
 ( 4, 1, 1, 1, 1, 1, 1, 1, 4 ),
 ( 2, 2 ),
 ( 0.0000000000000000000, 0.1352840289639604676, 0.2694096554749931260, 0.4028008870521608276, 0.5361909441160791490, 0.6652106699871669360, 0.7853428009871228355, 0.8963177665284697282, 1.000000000000000000 ),
 ( 0.0000000000000000000, 1.000000000000000000 ),
 .UNSPECIFIED. ) ;
#2052 = FILL_AREA_STYLE_COLOUR ( '', #1517 ) ;
#2053 = ORIENTED_EDGE ( 'NONE', *, *, #3707, .T. ) ;
#2054 = CARTESIAN_POINT ( 'NONE',  ( 0.8011014569562898702, 0.4605005352256765772, 0.5989999999999989777 ) ) ;
#2055 = VECTOR ( 'NONE', #2216, 1000.000000000000000 ) ;
#2056 = CARTESIAN_POINT ( 'NONE',  ( 0.8008688087915065701, 0.3325618825413507174, 0.5989999999999995328 ) ) ;
#2057 = ADVANCED_FACE ( 'NONE', ( #1675 ), #2145, .T. ) ;
#2058 = CARTESIAN_POINT ( 'NONE',  ( 0.7581528345612480457, 0.1137630903910495928, 0.5989999999999994218 ) ) ;
#2059 = EDGE_CURVE ( 'NONE', #1710, #5073, #3335, .T. ) ;
#2060 = CARTESIAN_POINT ( 'NONE',  ( 0.4840368188837716468, -0.2459720934360155042, 0.5999999999999995337 ) ) ;
#2061 = CARTESIAN_POINT ( 'NONE',  ( -0.2119757016185219167, -0.2873823190699473784, 0.5989999999999994218 ) ) ;
#2062 = CARTESIAN_POINT ( 'NONE',  ( -0.3410510232961501687, -0.2507768418058070048, 0.5999999999999995337 ) ) ;
#2063 = LINE ( 'NONE', #247, #5038 ) ;
#2064 = UNCERTAINTY_MEASURE_WITH_UNIT (LENGTH_MEASURE( 1.000000000000000082E-05 ), #1859, 'distance_accuracy_value', 'NONE');
#2065 = CARTESIAN_POINT ( 'NONE',  ( -0.7875434955601507969, 0.3942945792464228605, 0.5999999999999993117 ) ) ;
#2066 = SURFACE_STYLE_USAGE ( .BOTH. , #3830 ) ;
#2067 = DIRECTION ( 'NONE',  ( -0.0000000000000000000, -0.0000000000000000000, 1.000000000000000000 ) ) ;
#2068 = CARTESIAN_POINT ( 'NONE',  ( -0.8090395011418305415, -0.06509061353557854535, 0.5999999999999995337 ) ) ;
#2069 = PLANE ( 'NONE',  #5163 ) ;
#2070 = SURFACE_STYLE_FILL_AREA ( #4193 ) ;
#2071 = UNCERTAINTY_MEASURE_WITH_UNIT (LENGTH_MEASURE( 1.000000000000000082E-05 ), #1729, 'distance_accuracy_value', 'NONE');
#2072 =( NAMED_UNIT ( * ) PLANE_ANGLE_UNIT ( ) SI_UNIT ( $, .RADIAN. ) );
#2073 = VECTOR ( 'NONE', #3500, 1000.000000000000000 ) ;
#2074 = CARTESIAN_POINT ( 'NONE',  ( -0.6364289880083193740, 0.3254888900900888005, 0.5989999999999994218 ) ) ;
#2075 = CARTESIAN_POINT ( 'NONE',  ( 2.620000000000000995, -1.600000000000000089, 0.5799999999999994049 ) ) ;
#2076 = CARTESIAN_POINT ( 'NONE',  ( -2.640000000000000568, 1.450000000000000178, 0.6000000000000000888 ) ) ;
#2077 = VERTEX_POINT ( 'NONE', #3757 ) ;
#2078 = LINE ( 'NONE', #1563, #4282 ) ;
#2079 = PRESENTATION_LAYER_ASSIGNMENT (  '', '', ( #1029 ) ) ;
#2080 = PLANE ( 'NONE',  #4641 ) ;
#2081 = COLOUR_RGB ( '',1.000000000000000000, 1.000000000000000000, 1.000000000000000000 ) ;
#2082 = CARTESIAN_POINT ( 'NONE',  ( -0.3157263479714747523, 0.2063660153370502348, 0.5989999999999994218 ) ) ;
#2083 = ORIENTED_EDGE ( 'NONE', *, *, #4066, .T. ) ;
#2084 = VECTOR ( 'NONE', #4473, 1000.000000000000000 ) ;
#2085 = CARTESIAN_POINT ( 'NONE',  ( -2.600000000000000533, -1.600000000000000089, 0.02000000000000006287 ) ) ;
#2086 = FACE_OUTER_BOUND ( 'NONE', #1418, .T. ) ;
#2087 = CARTESIAN_POINT ( 'NONE',  ( -0.8399257973392132426, 0.4036730209610457365, 0.5989999999999994218 ) ) ;
#2088 = CARTESIAN_POINT ( 'NONE',  ( 2.640000000000000568, -1.450000000000000178, 0.5799999999999994049 ) ) ;
#2089 = CARTESIAN_POINT ( 'NONE',  ( -0.1537079277549918133, -0.2072646450404293517, 0.5989999999999994218 ) ) ;
#2090 = EDGE_CURVE ( 'NONE', #1481, #1687, #1633, .T. ) ;
#2091 = CARTESIAN_POINT ( 'NONE',  ( 0.4820009247557979770, 0.2479244568954917793, 0.5989999999999994218 ) ) ;
#2092 = SURFACE_STYLE_FILL_AREA ( #3910 ) ;
#2093 = MECHANICAL_DESIGN_GEOMETRIC_PRESENTATION_REPRESENTATION (  '', ( #4143 ), #141 ) ;
#2094 =( NAMED_UNIT ( * ) SI_UNIT ( $, .STERADIAN. ) SOLID_ANGLE_UNIT ( ) );
#2095 = PRESENTATION_STYLE_ASSIGNMENT (( #2566 ) ) ;
#2096 = CARTESIAN_POINT ( 'NONE',  ( -0.3802640875853177116, -0.3305182611999502029, 0.5999999999999994227 ) ) ;
#2097 = EDGE_CURVE ( 'NONE', #1615, #1505, #2731, .T. ) ;
#2098 = FACE_OUTER_BOUND ( 'NONE', #4859, .T. ) ;
#2099 = B_SPLINE_SURFACE_WITH_KNOTS ( 'NONE', 3, 1, ( 
 ( #4577, #2062 ),
 ( #3123, #3493 ),
 ( #4785, #960 ),
 ( #5260, #1453 ),
 ( #2612, #3566 ),
 ( #492, #4324 ),
 ( #160, #3066 ),
 ( #5186, #1856 ),
 ( #3984, #3675 ),
 ( #3155, #4925 ),
 ( #522, #107 ),
 ( #1428, #2636 ),
 ( #4379, #2192 ),
 ( #4083, #136 ),
 ( #3957, #3095 ),
 ( #3899, #77 ),
 ( #1776, #2370 ),
 ( #987, #1015 ),
 ( #1375, #2664 ) ),
 .UNSPECIFIED., .F., .F., .F.,
 ( 4, 1, 1, 1, 1, 1, 1, 1, 1, 1, 1, 1, 1, 1, 1, 1, 4 ),
 ( 2, 2 ),
 ( 0.0000000000000000000, 0.05209732262054703189, 0.1031017125429976727, 0.1538005850222767257, 0.2052543937058745327, 0.2577240493729199278, 0.3121926273023796217, 0.3697360009396615799, 0.4300616318925716830, 0.4928681751518532717, 0.5569346627599202071, 0.6229750124240587272, 0.6914696535390241205, 0.7631504096806910331, 0.8380916681716278349, 0.9167521411516651453, 1.000000000000000000 ),
 ( 0.0000000000000000000, 1.000000000000000000 ),
 .UNSPECIFIED. ) ;
#2100 = CARTESIAN_POINT ( 'NONE',  ( 0.7416561171882206649, 0.4831473017083331434, 0.5989999999999994218 ) ) ;
#2101 = CARTESIAN_POINT ( 'NONE',  ( -0.9865926607053662201, -0.1371732999891079885, 0.5989999999999994218 ) ) ;
#2102 = CARTESIAN_POINT ( 'NONE',  ( 2.640000000000000568, 1.450000000000000178, -0.001000000000000674828 ) ) ;
#2103 = SURFACE_STYLE_FILL_AREA ( #401 ) ;
#2104 = CARTESIAN_POINT ( 'NONE',  ( 0.2638191065739796670, 0.4868854958565307922, 0.5989999999999994218 ) ) ;
#2105 = FILL_AREA_STYLE ('',( #1172 ) ) ;
#2106 = FILL_AREA_STYLE ('',( #4987 ) ) ;
#2107 = DIRECTION ( 'NONE',  ( -1.000000000000000000, 0.0000000000000000000, -0.0000000000000000000 ) ) ;
#2108 = PLANE ( 'NONE',  #2842 ) ;
#2109 = ORIENTED_EDGE ( 'NONE', *, *, #2978, .F. ) ;
#2110 = VERTEX_POINT ( 'NONE', #1738 ) ;
#2111 = FACE_OUTER_BOUND ( 'NONE', #4681, .T. ) ;
#2112 = UNCERTAINTY_MEASURE_WITH_UNIT (LENGTH_MEASURE( 1.000000000000000082E-05 ), #969, 'distance_accuracy_value', 'NONE');
#2113 = CARTESIAN_POINT ( 'NONE',  ( 0.1807022234570966335, 0.3102621192331541655, 0.5999999999999995337 ) ) ;
#2114 = CARTESIAN_POINT ( 'NONE',  ( -0.9574358400661148183, 0.2922701963039043838, 0.5989999999999995328 ) ) ;
#2115 = PRODUCT ( '9157B6FC-CE5F-430F-BAE4-FF0EF043D8B8', '9157B6FC-CE5F-430F-BAE4-FF0EF043D8B8', '', ( #1204 ) ) ;
#2116 = CARTESIAN_POINT ( 'NONE',  ( -0.3410510232961501687, -0.2507768418058070048, 0.5989999999999994218 ) ) ;
#2117 = CARTESIAN_POINT ( 'NONE',  ( -0.1434063649568559640, -0.1837583839445703360, 0.5999999999999994227 ) ) ;
#2118 = CARTESIAN_POINT ( 'NONE',  ( -0.5266979190260504540, -0.2008206887783183792, 0.5989999999999993108 ) ) ;
#2119 = CARTESIAN_POINT ( 'NONE',  ( -0.8105506245522231534, 0.4015845363015858593, 0.5989999999999995328 ) ) ;
#2120 = PRESENTATION_LAYER_ASSIGNMENT (  '', '', ( #4526 ) ) ;
#2121 = CARTESIAN_POINT ( 'NONE',  ( -0.4634536206987475704, -0.09493268596165110873, 0.5989999999999994218 ) ) ;
#2122 = UNCERTAINTY_MEASURE_WITH_UNIT (LENGTH_MEASURE( 1.000000000000000082E-05 ), #1191, 'distance_accuracy_value', 'NONE');
#2123 = CARTESIAN_POINT ( 'NONE',  ( 0.1261883509289303262, 0.2570325050704856396, 0.5989999999999997549 ) ) ;
#2124 = EDGE_CURVE ( 'NONE', #4149, #5103, #4537, .T. ) ;
#2125 = ADVANCED_FACE ( 'NONE', ( #452 ), #819, .T. ) ;
#2126 = VECTOR ( 'NONE', #2262, 1000.000000000000000 ) ;
#2127 = CARTESIAN_POINT ( 'NONE',  ( -0.9538727731547709254, -0.09519566007892760195, 0.5989999999999994218 ) ) ;
#2128 = CARTESIAN_POINT ( 'NONE',  ( -2.620000000000000995, 1.600000000000000089, 0.5799999999999999600 ) ) ;
#2129 = ORIENTED_EDGE ( 'NONE', *, *, #4387, .T. ) ;
#2130 = CARTESIAN_POINT ( 'NONE',  ( 0.6096723360023110772, 0.3708584786421323387, 0.5989999999999995328 ) ) ;
#2131 = VECTOR ( 'NONE', #314, 1000.000000000000000 ) ;
#2132 = FILL_AREA_STYLE_COLOUR ( '', #1955 ) ;
#2133 = DIRECTION ( 'NONE',  ( 0.0000000000000000000, -0.0000000000000000000, 1.000000000000000000 ) ) ;
#2134 = VECTOR ( 'NONE', #932, 1000.000000000000000 ) ;
#2135 = CARTESIAN_POINT ( 'NONE',  ( 2.600000000000000533, -1.600000000000000089, 0.5999999999999994227 ) ) ;
#2136 = ORIENTED_EDGE ( 'NONE', *, *, #4176, .T. ) ;
#2137 = ORIENTED_EDGE ( 'NONE', *, *, #4589, .F. ) ;
#2138 = CARTESIAN_POINT ( 'NONE',  ( 2.600000000000000533, -1.600000000000000089, 0.5999999999999994227 ) ) ;
#2139 = VECTOR ( 'NONE', #4778, 1000.000000000000000 ) ;
#2140 = CARTESIAN_POINT ( 'NONE',  ( 2.640000000000000568, -1.600000000000000089, 0.5799999999999994049 ) ) ;
#2141 =( NAMED_UNIT ( * ) SI_UNIT ( $, .STERADIAN. ) SOLID_ANGLE_UNIT ( ) );
#2142 = SURFACE_STYLE_FILL_AREA ( #31 ) ;
#2143 = PRESENTATION_LAYER_ASSIGNMENT (  '', '', ( #3041 ) ) ;
#2144 = ORIENTED_EDGE ( 'NONE', *, *, #3387, .F. ) ;
#2145 = B_SPLINE_SURFACE_WITH_KNOTS ( 'NONE', 3, 1, ( 
 ( #1166, #4562 ),
 ( #5467, #5039 ),
 ( #5063, #2827 ),
 ( #752, #2913 ),
 ( #2887, #1654 ),
 ( #3354, #4642 ),
 ( #795, #2011 ),
 ( #826, #5415 ),
 ( #2506, #4588 ),
 ( #772, #398 ),
 ( #5493, #5442 ) ),
 .UNSPECIFIED., .F., .F., .F.,
 ( 4, 1, 1, 1, 1, 1, 1, 1, 4 ),
 ( 2, 2 ),
 ( 0.0000000000000000000, 0.1179223197415589369, 0.2352430577939120526, 0.3551368795786962185, 0.4784261928938942088, 0.6040343206453687719, 0.7311470825726790190, 0.8629462348892494861, 1.000000000000000000 ),
 ( 0.0000000000000000000, 1.000000000000000000 ),
 .UNSPECIFIED. ) ;
#2146 = CARTESIAN_POINT ( 'NONE',  ( -0.3160139569255073222, -0.3331908394558599218, 0.5989999999999993108 ) ) ;
#2147 = CARTESIAN_POINT ( 'NONE',  ( -3.200000000000000178, 1.600000000000000089, 2.510525938252074186E-16 ) ) ;
#2148 = CARTESIAN_POINT ( 'NONE',  ( -0.4511305799956825680, -0.3000110776576915272, 0.5989999999999991998 ) ) ;
#2149 = CARTESIAN_POINT ( 'NONE',  ( -0.2037133609584878269, -0.05564697167593683075, 0.5999999999999994227 ) ) ;
#2150 = DIRECTION ( 'NONE',  ( 0.0000000000000000000, 1.000000000000000000, 0.0000000000000000000 ) ) ;
#2151 =( NAMED_UNIT ( * ) PLANE_ANGLE_UNIT ( ) SI_UNIT ( $, .RADIAN. ) );
#2152 = CARTESIAN_POINT ( 'NONE',  ( -0.9019715663239212811, -0.1680150325793638710, 0.5989999999999993108 ) ) ;
#2153 =( NAMED_UNIT ( * ) PLANE_ANGLE_UNIT ( ) SI_UNIT ( $, .RADIAN. ) );
#2154 = EDGE_CURVE ( 'NONE', #538, #2831, #2761, .T. ) ;
#2155 = EDGE_LOOP ( 'NONE', ( #2219, #5405, #153, #2208 ) ) ;
#2156 = CARTESIAN_POINT ( 'NONE',  ( 0.5787887737122910936, 0.3232102118582117489, 0.5989999999999996438 ) ) ;
#2157 = DIRECTION ( 'NONE',  ( 0.7071067811865552333, 0.0000000000000000000, 0.7071067811865398012 ) ) ;
#2158 = STYLED_ITEM ( 'NONE', ( #4779 ), #4243 ) ;
#2159 = FACE_OUTER_BOUND ( 'NONE', #430, .T. ) ;
#2160 = FACE_OUTER_BOUND ( 'NONE', #1950, .T. ) ;
#2161 = CARTESIAN_POINT ( 'NONE',  ( 0.5651178078726810661, 0.2375348465058814140, 0.5989999999999994218 ) ) ;
#2162 = ORIENTED_EDGE ( 'NONE', *, *, #1524, .F. ) ;
#2163 = COLOUR_RGB ( '',0.7686274509803920907, 0.7686274509803920907, 0.7686274509803920907 ) ;
#2164 = CARTESIAN_POINT ( 'NONE',  ( 0.04800559579957239947, 0.2992772144506731236, 0.5989999999999991998 ) ) ;
#2165 = LINE ( 'NONE', #4323, #3478 ) ;
#2166 = CARTESIAN_POINT ( 'NONE',  ( -0.8917003739455009459, -0.02658853011749527998, 0.5999999999999994227 ) ) ;
#2167 = CARTESIAN_POINT ( 'NONE',  ( 0.5611963006910264395, 0.4411343841477788907, 0.5999999999999993117 ) ) ;
#2168 =( GEOMETRIC_REPRESENTATION_CONTEXT ( 3 ) GLOBAL_UNCERTAINTY_ASSIGNED_CONTEXT ( ( #340 ) ) GLOBAL_UNIT_ASSIGNED_CONTEXT ( ( #2646, #224, #565 ) ) REPRESENTATION_CONTEXT ( 'NONE', 'WORKASPACE' ) );
#2169 = CARTESIAN_POINT ( 'NONE',  ( 0.7503424863838124015, 0.3885867124920613924, 0.5999999999999993117 ) ) ;
#2170 = CARTESIAN_POINT ( 'NONE',  ( -0.9620992959896705887, 0.2440338272302541023, 0.5989999999999994218 ) ) ;
#2171 = ORIENTED_EDGE ( 'NONE', *, *, #457, .F. ) ;
#2172 = CARTESIAN_POINT ( 'NONE',  ( -0.6296873869325138040, -0.2299976210265861909, 0.5989999999999994218 ) ) ;
#2173 = STYLED_ITEM ( 'NONE', ( #2495 ), #4759 ) ;
#2174 = FILL_AREA_STYLE ('',( #4717 ) ) ;
#2175 = CARTESIAN_POINT ( 'NONE',  ( 3.180000000000000604, 1.600000000000000089, 0.5800000000000001821 ) ) ;
#2176 = SURFACE_STYLE_USAGE ( .BOTH. , #4797 ) ;
#2177 = CARTESIAN_POINT ( 'NONE',  ( -0.2775951931577969600, 0.2023446951565619489, 0.5989999999999994218 ) ) ;
#2178 = CARTESIAN_POINT ( 'NONE',  ( 2.920500000000000984, 1.450000000000000178, 0.2795000000000058549 ) ) ;
#2179 = DIRECTION ( 'NONE',  ( 0.0000000000000000000, 0.0000000000000000000, 1.000000000000000000 ) ) ;
#2180 = ORIENTED_EDGE ( 'NONE', *, *, #2059, .F. ) ;
#2181 = CARTESIAN_POINT ( 'NONE',  ( 0.4949295571265764915, 0.3285027329664727547, 0.5999999999999992006 ) ) ;
#2182 = CARTESIAN_POINT ( 'NONE',  ( -0.9712710006741304136, -0.1164916731929390714, 0.5989999999999994218 ) ) ;
#2183 = CARTESIAN_POINT ( 'NONE',  ( -0.1205964778416047656, -0.05110151713048226990, 0.5999999999999994227 ) ) ;
#2184 = ORIENTED_EDGE ( 'NONE', *, *, #3053, .F. ) ;
#2185 = PRODUCT_DEFINITION_CONTEXT ( 'detailed design', #4868, 'design' ) ;
#2186 =( NAMED_UNIT ( * ) PLANE_ANGLE_UNIT ( ) SI_UNIT ( $, .RADIAN. ) );
#2187 = LINE ( 'NONE', #3177, #3666 ) ;
#2188 = FILL_AREA_STYLE_COLOUR ( '', #3685 ) ;
#2189 = VERTEX_POINT ( 'NONE', #655 ) ;
#2190 = CARTESIAN_POINT ( 'NONE',  ( 0.1088388663118925320, 0.3476772659593863057, 0.5989999999999991998 ) ) ;
#2191 = FILL_AREA_STYLE_COLOUR ( '', #3304 ) ;
#2192 = CARTESIAN_POINT ( 'NONE',  ( -0.2193291860640033675, -0.1537449032873899890, 0.5999999999999995337 ) ) ;
#2193 = CARTESIAN_POINT ( 'NONE',  ( 0.5212499310561063970, 0.3931929067717434556, 0.5999999999999992006 ) ) ;
#2194 = ADVANCED_FACE ( 'NONE', ( #4000 ), #4075, .T. ) ;
#2195 = EDGE_CURVE ( 'NONE', #3842, #1343, #1497, .T. ) ;
#2196 = CARTESIAN_POINT ( 'NONE',  ( 0.8096289519289396885, 0.3072447781359252117, 0.5999999999999995337 ) ) ;
#2197 = CARTESIAN_POINT ( 'NONE',  ( 0.8881091876127847895, 0.1867388797968761449, 0.5999999999999996447 ) ) ;
#2198 = ORIENTED_EDGE ( 'NONE', *, *, #1717, .T. ) ;
#2199 = CARTESIAN_POINT ( 'NONE',  ( -0.1205964778416047656, -0.05110151713048226990, 0.5999999999999994227 ) ) ;
#2200 = CARTESIAN_POINT ( 'NONE',  ( 0.01446845722333049700, 0.1855867945578294209, 0.5999999999999994227 ) ) ;
#2201 = CARTESIAN_POINT ( 'NONE',  ( -0.4951193119263481712, -0.2576184521913514325, 0.5989999999999995328 ) ) ;
#2202 = CARTESIAN_POINT ( 'NONE',  ( -0.8311430794365725072, 0.4036318927356682407, 0.5999999999999994227 ) ) ;
#2203 = PRESENTATION_LAYER_ASSIGNMENT (  '', '', ( #4611 ) ) ;
#2204 = CARTESIAN_POINT ( 'NONE',  ( 0.6931782277384013202, -0.09193794521547524190, 0.5989999999999996438 ) ) ;
#2205 = CARTESIAN_POINT ( 'NONE',  ( -0.2593626977648036958, 0.1969957785091744074, 0.5989999999999996438 ) ) ;
#2206 = CARTESIAN_POINT ( 'NONE',  ( 3.180000000000000604, -1.600000000000000089, 0.01999999999999928224 ) ) ;
#2207 = PLANE ( 'NONE',  #2347 ) ;
#2208 = ORIENTED_EDGE ( 'NONE', *, *, #4168, .T. ) ;
#2209 = MECHANICAL_DESIGN_GEOMETRIC_PRESENTATION_REPRESENTATION (  '', ( #1508 ), #3113 ) ;
#2210 = CARTESIAN_POINT ( 'NONE',  ( -0.2979870891386398601, 0.1167673741114904212, 0.5999999999999995337 ) ) ;
#2211 = STYLED_ITEM ( 'NONE', ( #5032 ), #1086 ) ;
#2212 = LINE ( 'NONE', #2540, #2372 ) ;
#2213 = EDGE_LOOP ( 'NONE', ( #1403, #1994, #1322, #3093 ) ) ;
#2214 = FILL_AREA_STYLE_COLOUR ( '', #1532 ) ;
#2215 = PRESENTATION_LAYER_ASSIGNMENT (  '', '', ( #4623 ) ) ;
#2216 = DIRECTION ( 'NONE',  ( 1.000000000000000000, 0.0000000000000000000, 0.0000000000000000000 ) ) ;
#2217 = FILL_AREA_STYLE_COLOUR ( '', #3333 ) ;
#2218 = CARTESIAN_POINT ( 'NONE',  ( -0.2418355615795933222, 0.1892356956178786465, 0.5999999999999995337 ) ) ;
#2219 = ORIENTED_EDGE ( 'NONE', *, *, #2706, .F. ) ;
#2220 = CARTESIAN_POINT ( 'NONE',  ( -0.1205964778416047656, -0.05110151713048226990, 0.5989999999999994218 ) ) ;
#2221 = DIRECTION ( 'NONE',  ( -0.9886424642564118903, 0.1502866523315005698, 0.0000000000000000000 ) ) ;
#2222 = CARTESIAN_POINT ( 'NONE',  ( -0.8417789509893819355, 0.02626672796702154630, 0.5989999999999991998 ) ) ;
#2223 = CARTESIAN_POINT ( 'NONE',  ( -0.8488204745265351958, 0.4034864214212003919, 0.5999999999999993117 ) ) ;
#2224 = VECTOR ( 'NONE', #3065, 1000.000000000000000 ) ;
#2225 = CARTESIAN_POINT ( 'NONE',  ( 0.1755977122226002607, 0.3043863890044235521, 0.5999999999999994227 ) ) ;
#2226 = ORIENTED_EDGE ( 'NONE', *, *, #1852, .T. ) ;
#2227 = SURFACE_SIDE_STYLE ('',( #4039 ) ) ;
#2228 = CARTESIAN_POINT ( 'NONE',  ( -2.640000000000000568, 1.600000000000000089, 0.5799999999999999600 ) ) ;
#2229 = VECTOR ( 'NONE', #2531, 1000.000000000000000 ) ;
#2230 = ADVANCED_FACE ( 'NONE', ( #1924 ), #1445, .F. ) ;
#2231 = EDGE_CURVE ( 'NONE', #2282, #3650, #1414, .T. ) ;
#2232 = CARTESIAN_POINT ( 'NONE',  ( 0.4790949995776423442, -0.2623152309583700603, 0.5999999999999994227 ) ) ;
#2233 = VECTOR ( 'NONE', #2942, 1000.000000000000000 ) ;
#2234 = STYLED_ITEM ( 'NONE', ( #22 ), #2805 ) ;
#2235 = CARTESIAN_POINT ( 'NONE',  ( 0.6780640156081807479, -0.1083695336467523501, 0.5989999999999991998 ) ) ;
#2236 = CARTESIAN_POINT ( 'NONE',  ( -0.4634536206987475704, -0.09493268596165110873, 0.5999999999999994227 ) ) ;
#2237 = CARTESIAN_POINT ( 'NONE',  ( 3.200000000000000622, -1.600000000000000089, 0.5999999999999993117 ) ) ;
#2238 = CARTESIAN_POINT ( 'NONE',  ( 0.8144684572233303888, 0.2643205607915956046, 0.5999999999999995337 ) ) ;
#2239 = ORIENTED_EDGE ( 'NONE', *, *, #1982, .F. ) ;
#2240 =( NAMED_UNIT ( * ) SI_UNIT ( $, .STERADIAN. ) SOLID_ANGLE_UNIT ( ) );
#2241 =( NAMED_UNIT ( * ) PLANE_ANGLE_UNIT ( ) SI_UNIT ( $, .RADIAN. ) );
#2242 = CARTESIAN_POINT ( 'NONE',  ( -3.180000000000000604, -1.600000000000000089, 0.5800000000000001821 ) ) ;
#2243 = ORIENTED_EDGE ( 'NONE', *, *, #4175, .F. ) ;
#2244 = CARTESIAN_POINT ( 'NONE',  ( -0.6296873869325138040, -0.2299976210265861909, 0.5989999999999994218 ) ) ;
#2245 = CARTESIAN_POINT ( 'NONE',  ( 0.6096723360023110772, 0.3708584786421323387, 0.5989999999999995328 ) ) ;
#2246 = SURFACE_STYLE_FILL_AREA ( #3537 ) ;
#2247 = CARTESIAN_POINT ( 'NONE',  ( -0.4342328414779683676, 0.1750348465058813585, 0.5999999999999994227 ) ) ;
#2248 = ORIENTED_EDGE ( 'NONE', *, *, #1325, .F. ) ;
#2249 = LINE ( 'NONE', #1316, #5409 ) ;
#2250 = FILL_AREA_STYLE ('',( #4350 ) ) ;
#2251 = LINE ( 'NONE', #1827, #5254 ) ;
#2252 = CARTESIAN_POINT ( 'NONE',  ( -0.9425797872574784853, 0.3370397902646605770, 0.5999999999999993117 ) ) ;
#2253 =( GEOMETRIC_REPRESENTATION_CONTEXT ( 3 ) GLOBAL_UNCERTAINTY_ASSIGNED_CONTEXT ( ( #3081 ) ) GLOBAL_UNIT_ASSIGNED_CONTEXT ( ( #2657, #3508, #1714 ) ) REPRESENTATION_CONTEXT ( 'NONE', 'WORKASPACE' ) );
#2254 = CARTESIAN_POINT ( 'NONE',  ( -0.6449915258030597398, 0.1683365304416480357, 0.5989999999999994218 ) ) ;
#2255 = CARTESIAN_POINT ( 'NONE',  ( 0.8822812014696677085, 0.1683365304416478692, 0.5999999999999993117 ) ) ;
#2256 = VERTEX_POINT ( 'NONE', #366 ) ;
#2257 = DIRECTION ( 'NONE',  ( -1.000000000000000000, -0.0000000000000000000, -2.017260614543518245E-16 ) ) ;
#2258 = PLANE ( 'NONE',  #2924 ) ;
#2259 = CARTESIAN_POINT ( 'NONE',  ( 0.5055827259684774200, -0.1943313268563209850, 0.5989999999999993108 ) ) ;
#2260 = MECHANICAL_DESIGN_GEOMETRIC_PRESENTATION_REPRESENTATION (  '', ( #5365 ), #1386 ) ;
#2261 = CARTESIAN_POINT ( 'NONE',  ( 0.7094359896908629670, -0.07464047816944333058, 0.5989999999999994218 ) ) ;
#2262 = DIRECTION ( 'NONE',  ( 0.0000000000000000000, 0.0000000000000000000, -1.000000000000000000 ) ) ;
#2263 = EDGE_CURVE ( 'NONE', #1122, #2189, #3351, .T. ) ;
#2264 = CARTESIAN_POINT ( 'NONE',  ( -0.1348379026978858419, 0.05470036179955635458, 0.5989999999999994218 ) ) ;
#2265 = CARTESIAN_POINT ( 'NONE',  ( -0.9621549194000463823, 0.2375348465058814140, 0.5999999999999994227 ) ) ;
#2266 = B_SPLINE_CURVE_WITH_KNOTS ( 'NONE', 3,
 ( #1691, #2976, #3, #4653, #3452, #3766, #2056, #5481, #358, #3872, #4625, #841, #2551, #869, #2925, #2521, #4683, #813, #2492 ),
 .UNSPECIFIED., .F., .F.,
 ( 4, 1, 1, 1, 1, 1, 1, 1, 1, 1, 1, 1, 1, 1, 1, 1, 4 ),
 ( 0.0000000000000000000, 0.07278041585726051366, 0.1421477661410811000, 0.2091827705192677578, 0.2742917701525877106, 0.3377688011273005109, 0.4007572236760685302, 0.4628012679375338445, 0.5255951311873973131, 0.5875404891381657002, 0.6475290235975744713, 0.7063226117617446009, 0.7636995326185601618, 0.8213742411629880724, 0.8796189551866803180, 0.9389099248298984346, 1.000000000000000000 ),
 .UNSPECIFIED. ) ;
#2267 = CARTESIAN_POINT ( 'NONE',  ( 0.8144104831640454067, 0.2693595699672963750, 0.5999999999999995337 ) ) ;
#2268 = EDGE_LOOP ( 'NONE', ( #3848, #1038, #1884, #598, #2180, #3637, #5478, #4674 ) ) ;
#2269 = CARTESIAN_POINT ( 'NONE',  ( -0.3520473827002356115, -0.2503800325017010442, 0.5989999999999994218 ) ) ;
#2270 = CARTESIAN_POINT ( 'NONE',  ( 0.6875122381135930771, 0.4866923438396086321, 0.5989999999999994218 ) ) ;
#2271 = PRESENTATION_LAYER_ASSIGNMENT (  '', '', ( #5121 ) ) ;
#2272 = ADVANCED_FACE ( 'NONE', ( #5351 ), #863, .T. ) ;
#2273 = EDGE_CURVE ( 'NONE', #510, #975, #4661, .T. ) ;
#2274 = CARTESIAN_POINT ( 'NONE',  ( -0.3410510232961501687, -0.2507768418058070048, 0.5989999999999994218 ) ) ;
#2275 = EDGE_LOOP ( 'NONE', ( #2137, #5203, #2736, #3891, #2786, #4737, #1941, #8, #2349, #4539, #1639, #5015 ) ) ;
#2276 = VERTEX_POINT ( 'NONE', #2175 ) ;
#2277 = FILL_AREA_STYLE_COLOUR ( '', #75 ) ;
#2278 = FILL_AREA_STYLE ('',( #1507 ) ) ;
#2279 = CARTESIAN_POINT ( 'NONE',  ( 0.6949879377428108684, 0.4868854958565307922, 0.5989999999999994218 ) ) ;
#2280 = CARTESIAN_POINT ( 'NONE',  ( 3.180000000000000604, 1.600000000000000089, 0.01999999999999942102 ) ) ;
#2281 = PRESENTATION_STYLE_ASSIGNMENT (( #437 ) ) ;
#2282 = VERTEX_POINT ( 'NONE', #500 ) ;
#2283 = SURFACE_STYLE_USAGE ( .BOTH. , #4065 ) ;
#2284 = CARTESIAN_POINT ( 'NONE',  ( 0.7187762611480192909, 0.4861872154142798386, 0.5999999999999994227 ) ) ;
#2285 = CARTESIAN_POINT ( 'NONE',  ( 0.6142148757871180864, -0.1821659835189275156, 0.5989999999999997549 ) ) ;
#2286 = CARTESIAN_POINT ( 'NONE',  ( 0.01446845722333049700, 0.1855867945578294209, 0.5999999999999994227 ) ) ;
#2287 = CARTESIAN_POINT ( 'NONE',  ( 0.8975853403402136443, -0.2299976210265861909, 0.5989999999999994218 ) ) ;
#2288 = ORIENTED_EDGE ( 'NONE', *, *, #5494, .T. ) ;
#2289 = CARTESIAN_POINT ( 'NONE',  ( 0.5939687804603469568, 0.4636822575454032092, 0.5989999999999993108 ) ) ;
#2290 = VECTOR ( 'NONE', #3072, 1000.000000000000000 ) ;
#2291 = EDGE_LOOP ( 'NONE', ( #4816, #3955, #2766, #1599 ) ) ;
#2292 = EDGE_CURVE ( 'NONE', #4073, #3585, #2595, .T. ) ;
#2293 = ADVANCED_FACE ( 'NONE', ( #4718 ), #3394, .T. ) ;
#2294 = CARTESIAN_POINT ( 'NONE',  ( 0.5652816645539967544, 0.2566796886907410369, 0.5989999999999993108 ) ) ;
#2295 = STYLED_ITEM ( 'NONE', ( #1091 ), #805 ) ;
#2296 = CARTESIAN_POINT ( 'NONE',  ( 2.620000000000000995, -1.600000000000000089, 0.5799999999999994049 ) ) ;
#2297 =( NAMED_UNIT ( * ) SI_UNIT ( $, .STERADIAN. ) SOLID_ANGLE_UNIT ( ) );
#2298 = ORIENTED_EDGE ( 'NONE', *, *, #1252, .F. ) ;
#2299 = UNCERTAINTY_MEASURE_WITH_UNIT (LENGTH_MEASURE( 1.000000000000000082E-05 ), #2418, 'distance_accuracy_value', 'NONE');
#2300 = FILL_AREA_STYLE ('',( #2277 ) ) ;
#2301 = STYLED_ITEM ( 'NONE', ( #675 ), #1249 ) ;
#2302 = CARTESIAN_POINT ( 'NONE',  ( -0.9621549194000463823, 0.2375348465058814140, 0.5999999999999994227 ) ) ;
#2303 = VECTOR ( 'NONE', #1134, 1000.000000000000000 ) ;
#2304 = CARTESIAN_POINT ( 'NONE',  ( 0.8975853403402136443, 0.2626971841682190778, 0.5999999999999994227 ) ) ;
#2305 = ORIENTED_EDGE ( 'NONE', *, *, #4387, .F. ) ;
#2306 =( NAMED_UNIT ( * ) PLANE_ANGLE_UNIT ( ) SI_UNIT ( $, .RADIAN. ) );
#2307 = CARTESIAN_POINT ( 'NONE',  ( -0.8178367375818644813, -0.07464047816944333058, 0.5989999999999994218 ) ) ;
#2308 =( GEOMETRIC_REPRESENTATION_CONTEXT ( 3 ) GLOBAL_UNCERTAINTY_ASSIGNED_CONTEXT ( ( #980 ) ) GLOBAL_UNIT_ASSIGNED_CONTEXT ( ( #802, #3362, #2015 ) ) REPRESENTATION_CONTEXT ( 'NONE', 'WORKASPACE' ) );
#2309 = VECTOR ( 'NONE', #1736, 1000.000000000000000 ) ;
#2310 = CARTESIAN_POINT ( 'NONE',  ( -0.2037133609584878269, -0.05564697167593683075, 0.5989999999999994218 ) ) ;
#2311 = LINE ( 'NONE', #1044, #3317 ) ;
#2312 = DIRECTION ( 'NONE',  ( 1.000000000000000000, 0.0000000000000000000, 0.0000000000000000000 ) ) ;
#2313 = VECTOR ( 'NONE', #4018, 1000.000000000000000 ) ;
#2314 = FACE_OUTER_BOUND ( 'NONE', #3563, .T. ) ;
#2315 =( GEOMETRIC_REPRESENTATION_CONTEXT ( 3 ) GLOBAL_UNCERTAINTY_ASSIGNED_CONTEXT ( ( #961 ) ) GLOBAL_UNIT_ASSIGNED_CONTEXT ( ( #3469, #4338, #942 ) ) REPRESENTATION_CONTEXT ( 'NONE', 'WORKASPACE' ) );
#2316 = SURFACE_STYLE_USAGE ( .BOTH. , #5271 ) ;
#2317 = CARTESIAN_POINT ( 'NONE',  ( 0.6003568793725128083, 0.3608359423596929627, 0.5999999999999994227 ) ) ;
#2318 = CARTESIAN_POINT ( 'NONE',  ( 0.7606416255746015764, 0.3820298670887026793, 0.5989999999999995328 ) ) ;
#2319 = VERTEX_POINT ( 'NONE', #1892 ) ;
#2320 = CARTESIAN_POINT ( 'NONE',  ( -0.3447382577658151814, -0.2506437860470583368, 0.5999999999999993117 ) ) ;
#2321 = VECTOR ( 'NONE', #501, 1000.000000000000000 ) ;
#2322 = VECTOR ( 'NONE', #2667, 1000.000000000000000 ) ;
#2323 = DIRECTION ( 'NONE',  ( 0.0000000000000000000, 1.000000000000000000, -0.0000000000000000000 ) ) ;
#2324 = STYLED_ITEM ( 'NONE', ( #1684 ), #2771 ) ;
#2325 = ORIENTED_EDGE ( 'NONE', *, *, #5495, .F. ) ;
#2326 = CARTESIAN_POINT ( 'NONE',  ( -0.8627715940250146875, -0.1233171453104226906, 0.5999999999999995337 ) ) ;
#2327 =( NAMED_UNIT ( * ) PLANE_ANGLE_UNIT ( ) SI_UNIT ( $, .RADIAN. ) );
#2328 = EDGE_CURVE ( 'NONE', #1102, #3906, #4911, .T. ) ;
#2329 =( NAMED_UNIT ( * ) PLANE_ANGLE_UNIT ( ) SI_UNIT ( $, .RADIAN. ) );
#2330 = ORIENTED_EDGE ( 'NONE', *, *, #1024, .F. ) ;
#2331 = PLANE ( 'NONE',  #1685 ) ;
#2332 = CARTESIAN_POINT ( 'NONE',  ( -0.6595914835944598487, 0.1319604073134235944, 0.5989999999999995328 ) ) ;
#2333 = ORIENTED_EDGE ( 'NONE', *, *, #952, .F. ) ;
#2334 = PRESENTATION_STYLE_ASSIGNMENT (( #939 ) ) ;
#2335 = DIRECTION ( 'NONE',  ( 1.000000000000000000, 0.0000000000000000000, 0.0000000000000000000 ) ) ;
#2336 = B_SPLINE_CURVE_WITH_KNOTS ( 'NONE', 3,
 ( #2752, #3141, #1046, #4881, #4414, #2358, #4044, #3246, #4021, #1544, #196, #5295, #1894, #1465, #3631, #3217, #5345, #4939, #1489 ),
 .UNSPECIFIED., .F., .F.,
 ( 4, 1, 1, 1, 1, 1, 1, 1, 1, 1, 1, 1, 1, 1, 1, 1, 4 ),
 ( 0.0000000000000000000, 0.08820144037149489635, 0.1718893103146721391, 0.2504170396028650436, 0.3244954435711884799, 0.3944548941301318501, 0.4608552762109063838, 0.5235657346858973993, 0.5835685647968407164, 0.6410899172662983814, 0.6961139743723546713, 0.7480632207189562566, 0.7995118824307291261, 0.8496678227294905961, 0.8992658375494765322, 0.9491826341192691752, 1.000000000000000000 ),
 .UNSPECIFIED. ) ;
#2337 = CARTESIAN_POINT ( 'NONE',  ( -0.4342328414779683676, 0.1750348465058813585, 0.5989999999999994218 ) ) ;
#2338 = LINE ( 'NONE', #1519, #3964 ) ;
#2339 = CARTESIAN_POINT ( 'NONE',  ( -0.7148996484359519954, 0.2935740498880893279, 0.5989999999999994218 ) ) ;
#2340 = CARTESIAN_POINT ( 'NONE',  ( -0.4356415324764025820, -0.1903969120147324112, 0.5999999999999993117 ) ) ;
#2341 = CARTESIAN_POINT ( 'NONE',  ( 2.600000000000000533, 1.600000000000000089, -6.537569945017097435E-16 ) ) ;
#2342 = CARTESIAN_POINT ( 'NONE',  ( -0.3389406336857606616, 0.1232491322201671041, 0.5989999999999995328 ) ) ;
#2343 = ORIENTED_EDGE ( 'NONE', *, *, #2912, .T. ) ;
#2344 =( GEOMETRIC_REPRESENTATION_CONTEXT ( 3 ) GLOBAL_UNCERTAINTY_ASSIGNED_CONTEXT ( ( #2064 ) ) GLOBAL_UNIT_ASSIGNED_CONTEXT ( ( #1859, #4484, #1144 ) ) REPRESENTATION_CONTEXT ( 'NONE', 'WORKASPACE' ) );
#2345 = CARTESIAN_POINT ( 'NONE',  ( -0.9413756986208254851, -0.2299976210265861909, 0.5989999999999994218 ) ) ;
#2346 = DIRECTION ( 'NONE',  ( -1.000000000000000000, 0.0000000000000000000, -7.228014483236699514E-16 ) ) ;
#2347 = AXIS2_PLACEMENT_3D ( 'NONE', #3016, #4725, #2179 ) ;
#2348 =( NAMED_UNIT ( * ) PLANE_ANGLE_UNIT ( ) SI_UNIT ( $, .RADIAN. ) );
#2349 = ORIENTED_EDGE ( 'NONE', *, *, #2458, .F. ) ;
#2350 = CARTESIAN_POINT ( 'NONE',  ( -0.6298260216180336934, 0.2562543309334393005, 0.5999999999999994227 ) ) ;
#2351 = ORIENTED_EDGE ( 'NONE', *, *, #486, .F. ) ;
#2352 = CARTESIAN_POINT ( 'NONE',  ( -2.640000000000000568, -1.450000000000000178, 0.6000000000000000888 ) ) ;
#2353 =( NAMED_UNIT ( * ) PLANE_ANGLE_UNIT ( ) SI_UNIT ( $, .RADIAN. ) );
#2354 = EDGE_CURVE ( 'NONE', #5128, #1720, #2311, .T. ) ;
#2355 = CARTESIAN_POINT ( 'NONE',  ( 0.8140526830154478644, 0.2551932372005331628, 0.5989999999999993108 ) ) ;
#2356 = EDGE_CURVE ( 'NONE', #1538, #4410, #1865, .T. ) ;
#2357 = FACE_OUTER_BOUND ( 'NONE', #1963, .T. ) ;
#2358 = CARTESIAN_POINT ( 'NONE',  ( -0.4478739846854871143, -0.1633431166610755936, 0.5989999999999995328 ) ) ;
#2359 = SURFACE_SIDE_STYLE ('',( #4023 ) ) ;
#2360 = CARTESIAN_POINT ( 'NONE',  ( 0.2099230026778758085, 0.4868854958565307922, 0.5999999999999994227 ) ) ;
#2361 = CARTESIAN_POINT ( 'NONE',  ( 0.6961296478361548301, 0.4036318927356682962, 0.5999999999999995337 ) ) ;
#2362 = ORIENTED_EDGE ( 'NONE', *, *, #1624, .F. ) ;
#2363 = CARTESIAN_POINT ( 'NONE',  ( 0.5332237029117157245, 0.4109848974171834146, 0.5999999999999996447 ) ) ;
#2364 =( NAMED_UNIT ( * ) PLANE_ANGLE_UNIT ( ) SI_UNIT ( $, .RADIAN. ) );
#2365 = FILL_AREA_STYLE ('',( #3698 ) ) ;
#2366 =( NAMED_UNIT ( * ) PLANE_ANGLE_UNIT ( ) SI_UNIT ( $, .RADIAN. ) );
#2367 = CARTESIAN_POINT ( 'NONE',  ( -0.1529599522146159185, 0.09890643459075901256, 0.5989999999999996438 ) ) ;
#2368 = DIRECTION ( 'NONE',  ( -1.000000000000000000, 0.0000000000000000000, 0.0000000000000000000 ) ) ;
#2369 = ORIENTED_EDGE ( 'NONE', *, *, #2097, .F. ) ;
#2370 = CARTESIAN_POINT ( 'NONE',  ( -0.2040454955758463640, -0.07733435609716245163, 0.5999999999999996447 ) ) ;
#2371 = CARTESIAN_POINT ( 'NONE',  ( 2.640000000000000568, 1.600000000000000089, 0.5799999999999994049 ) ) ;
#2372 = VECTOR ( 'NONE', #1677, 1000.000000000000000 ) ;
#2373 = SURFACE_STYLE_USAGE ( .BOTH. , #4169 ) ;
#2374 = CARTESIAN_POINT ( 'NONE',  ( -0.4050111227144975734, 0.1025878715695205529, 0.5999999999999995337 ) ) ;
#2375 = AXIS2_PLACEMENT_3D ( 'NONE', #3673, #2368, #4081 ) ;
#2376 = CARTESIAN_POINT ( 'NONE',  ( 0.6417519138999960848, -0.1485748400849935813, 0.5999999999999994227 ) ) ;
#2377 = ORIENTED_EDGE ( 'NONE', *, *, #807, .T. ) ;
#2378 =( LENGTH_UNIT ( ) NAMED_UNIT ( * ) SI_UNIT ( .MILLI., .METRE. ) );
#2379 = MECHANICAL_DESIGN_GEOMETRIC_PRESENTATION_REPRESENTATION (  '', ( #1672 ), #2568 ) ;
#2380 = ORIENTED_EDGE ( 'NONE', *, *, #1982, .T. ) ;
#2381 = CARTESIAN_POINT ( 'NONE',  ( -0.6318933959870500772, 0.2243516025251089396, 0.5989999999999995328 ) ) ;
#2382 = SURFACE_STYLE_FILL_AREA ( #5313 ) ;
#2383 = CARTESIAN_POINT ( 'NONE',  ( 0.7952989112845245678, 0.1783859920615026295, 0.5989999999999993108 ) ) ;
#2384 = CARTESIAN_POINT ( 'NONE',  ( 0.5923583511377197297, -0.07296912346077934208, 0.5999999999999996447 ) ) ;
#2385 =( LENGTH_UNIT ( ) NAMED_UNIT ( * ) SI_UNIT ( .MILLI., .METRE. ) );
#2386 = CARTESIAN_POINT ( 'NONE',  ( 2.600000000000000533, -1.600000000000000089, 0.01999999999999942449 ) ) ;
#2387 = ADVANCED_FACE ( 'NONE', ( #648 ), #168, .T. ) ;
#2388 = EDGE_CURVE ( 'NONE', #3316, #5257, #3576, .T. ) ;
#2389 = VECTOR ( 'NONE', #204, 1000.000000000000000 ) ;
#2390 = FILL_AREA_STYLE_COLOUR ( '', #2393 ) ;
#2391 = ORIENTED_EDGE ( 'NONE', *, *, #4256, .F. ) ;
#2392 = CARTESIAN_POINT ( 'NONE',  ( -0.7128622441086820416, 0.2693595699672963750, 0.5999999999999994227 ) ) ;
#2393 = COLOUR_RGB ( '',0.7921568627450980005, 0.8196078431372548767, 0.9333333333333333481 ) ;
#2394 = STYLED_ITEM ( 'NONE', ( #3583 ), #2194 ) ;
#2395 = SURFACE_STYLE_USAGE ( .BOTH. , #5436 ) ;
#2396 = PLANE ( 'NONE',  #3251 ) ;
#2397 = PRESENTATION_STYLE_ASSIGNMENT (( #2451 ) ) ;
#2398 = CARTESIAN_POINT ( 'NONE',  ( -0.9019715663239212811, -0.1680150325793638710, 0.5999999999999993117 ) ) ;
#2399 = ORIENTED_EDGE ( 'NONE', *, *, #3600, .T. ) ;
#2400 = VECTOR ( 'NONE', #2604, 1000.000000000000000 ) ;
#2401 = COLOUR_RGB ( '',1.000000000000000000, 1.000000000000000000, 1.000000000000000000 ) ;
#2402 = CARTESIAN_POINT ( 'NONE',  ( 0.8330797539130607721, 0.4346165392160176166, 0.5989999999999991998 ) ) ;
#2403 = SURFACE_STYLE_FILL_AREA ( #1139 ) ;
#2404 = STYLED_ITEM ( 'NONE', ( #1274 ), #4035 ) ;
#2405 = CARTESIAN_POINT ( 'NONE',  ( -1.055661412906539809, -0.3235041145330797008, 0.5989999999999994218 ) ) ;
#2406 = MECHANICAL_DESIGN_GEOMETRIC_PRESENTATION_REPRESENTATION (  '', ( #1007 ), #919 ) ;
#2407 = DIRECTION ( 'NONE',  ( 0.0000000000000000000, 1.000000000000000000, 0.0000000000000000000 ) ) ;
#2408 = CARTESIAN_POINT ( 'NONE',  ( 0.6919035221583953454, 0.4037686127396476476, 0.5989999999999994218 ) ) ;
#2409 = CARTESIAN_POINT ( 'NONE',  ( 0.7264873233896532723, 0.07329409115209413461, 0.5999999999999996447 ) ) ;
#2410 = CARTESIAN_POINT ( 'NONE',  ( 0.6645011332477133159, -0.1233171453104228016, 0.5989999999999994218 ) ) ;
#2411 = ORIENTED_EDGE ( 'NONE', *, *, #5170, .T. ) ;
#2412 = CARTESIAN_POINT ( 'NONE',  ( 0.7629957652247565392, 0.4777850990219149607, 0.5989999999999991998 ) ) ;
#2413 = CARTESIAN_POINT ( 'NONE',  ( -0.6941929733596660101, 0.4346165392160175056, 0.5989999999999991998 ) ) ;
#2414 = B_SPLINE_CURVE_WITH_KNOTS ( 'NONE', 3,
 ( #2342, #1193, #687, #4136, #1605, #4527, #5413, #750, #3315, #5011, #2984 ),
 .UNSPECIFIED., .F., .F.,
 ( 4, 1, 1, 1, 1, 1, 1, 1, 4 ),
 ( 0.0000000000000000000, 0.1179223197415589369, 0.2352430577939120526, 0.3551368795786962185, 0.4784261928938942088, 0.6040343206453687719, 0.7311470825726790190, 0.8629462348892494861, 1.000000000000000000 ),
 .UNSPECIFIED. ) ;
#2415 = CARTESIAN_POINT ( 'NONE',  ( 0.5055827259684774200, -0.1943313268563209850, 0.5999999999999993117 ) ) ;
#2416 = CARTESIAN_POINT ( 'NONE',  ( -0.5442404718638569339, -0.1311025547603500707, 0.5989999999999995328 ) ) ;
#2417 = CARTESIAN_POINT ( 'NONE',  ( -0.9660764265817005647, 0.4411343841477788907, 0.5989999999999991998 ) ) ;
#2418 =( LENGTH_UNIT ( ) NAMED_UNIT ( * ) SI_UNIT ( .MILLI., .METRE. ) );
#2419 = CARTESIAN_POINT ( 'NONE',  ( 0.6961296478361548301, 0.4036318927356682962, 0.5989999999999994218 ) ) ;
#2420 = ORIENTED_EDGE ( 'NONE', *, *, #2388, .F. ) ;
#2421 = CARTESIAN_POINT ( 'NONE',  ( -0.9153665701573316937, 0.4723541777077954751, 0.5989999999999995328 ) ) ;
#2422 = EDGE_CURVE ( 'NONE', #3397, #3191, #2677, .T. ) ;
#2423 = CARTESIAN_POINT ( 'NONE',  ( -1.045271802516929416, 0.2479244568954917793, 0.5989999999999994218 ) ) ;
#2424 = CARTESIAN_POINT ( 'NONE',  ( 2.600000000000000533, 1.600000000000000089, 0.5999999999999994227 ) ) ;
#2425 = AXIS2_PLACEMENT_3D ( 'NONE', #1985, #1607, #3779 ) ;
#2426 = CARTESIAN_POINT ( 'NONE',  ( 0.1807022234570966057, 0.3102621192331541100, 0.5999999999999994227 ) ) ;
#2427 = ORIENTED_EDGE ( 'NONE', *, *, #3801, .F. ) ;
#2428 =( NAMED_UNIT ( * ) SI_UNIT ( $, .STERADIAN. ) SOLID_ANGLE_UNIT ( ) );
#2429 = MECHANICAL_DESIGN_GEOMETRIC_PRESENTATION_REPRESENTATION (  '', ( #4936 ), #1201 ) ;
#2430 = EDGE_CURVE ( 'NONE', #2747, #1881, #561, .T. ) ;
#2431 = EDGE_CURVE ( 'NONE', #907, #1851, #144, .T. ) ;
#2432 = CARTESIAN_POINT ( 'NONE',  ( -0.6687877305392287974, 0.4012489814747350891, 0.5999999999999996447 ) ) ;
#2433 =( NAMED_UNIT ( * ) PLANE_ANGLE_UNIT ( ) SI_UNIT ( $, .RADIAN. ) );
#2434 = STYLED_ITEM ( 'NONE', ( #2868 ), #4805 ) ;
#2435 = CARTESIAN_POINT ( 'NONE',  ( 0.6873469299335142058, 0.4036730209610457365, 0.5999999999999995337 ) ) ;
#2436 =( NAMED_UNIT ( * ) PLANE_ANGLE_UNIT ( ) SI_UNIT ( $, .RADIAN. ) );
#2437 = ORIENTED_EDGE ( 'NONE', *, *, #486, .T. ) ;
#2438 = CARTESIAN_POINT ( 'NONE',  ( 2.640000000000000568, 1.450000000000000178, 0.6000000000000000888 ) ) ;
#2439 = B_SPLINE_CURVE_WITH_KNOTS ( 'NONE', 3,
 ( #3996, #2729, #173, #3580, #225, #1073, #5272, #1468, #1920, #2317, #3634, #4856, #678, #3607, #3106, #5221, #4467, #5318, #5298 ),
 .UNSPECIFIED., .F., .F.,
 ( 4, 1, 1, 1, 1, 1, 1, 1, 1, 1, 1, 1, 1, 1, 1, 1, 4 ),
 ( 0.0000000000000000000, 0.05804926609053234765, 0.1133148320836873113, 0.1675622724459464308, 0.2211424480951688643, 0.2755171013253203127, 0.3295224528313862034, 0.3857580765321461103, 0.4438934661352176847, 0.5036774965383467029, 0.5646453277561696016, 0.6280046557190154255, 0.6950187707529338343, 0.7646653028278006525, 0.8387700575937290237, 0.9171404580728562683, 1.000000000000000000 ),
 .UNSPECIFIED. ) ;
#2440 = UNCERTAINTY_MEASURE_WITH_UNIT (LENGTH_MEASURE( 1.000000000000000082E-05 ), #3248, 'distance_accuracy_value', 'NONE');
#2441 = CARTESIAN_POINT ( 'NONE',  ( -0.7261712703164366900, 0.4605005352256767992, 0.5999999999999992006 ) ) ;
#2442 = CARTESIAN_POINT ( 'NONE',  ( -0.1286828690472077152, -0.1336120859153790696, 0.5989999999999991998 ) ) ;
#2443 = CARTESIAN_POINT ( 'NONE',  ( -0.9333039468123806026, 0.4636822575454032647, 0.5989999999999994218 ) ) ;
#2444 = PRESENTATION_STYLE_ASSIGNMENT (( #3303 ) ) ;
#2445 = DIRECTION ( 'NONE',  ( 0.0000000000000000000, 1.000000000000000000, 0.0000000000000000000 ) ) ;
#2446 = SURFACE_STYLE_USAGE ( .BOTH. , #766 ) ;
#2447 = UNCERTAINTY_MEASURE_WITH_UNIT (LENGTH_MEASURE( 1.000000000000000082E-05 ), #5008, 'distance_accuracy_value', 'NONE');
#2448 = CARTESIAN_POINT ( 'NONE',  ( -0.7128622441086820416, 0.2693595699672963750, 0.5989999999999994218 ) ) ;
#2449 = FACE_OUTER_BOUND ( 'NONE', #4917, .T. ) ;
#2450 = LINE ( 'NONE', #337, #436 ) ;
#2451 = SURFACE_STYLE_USAGE ( .BOTH. , #4135 ) ;
#2452 = CARTESIAN_POINT ( 'NONE',  ( 0.1650186179179700674, 0.2922089441242496921, 0.5999999999999993117 ) ) ;
#2453 = ORIENTED_EDGE ( 'NONE', *, *, #2019, .T. ) ;
#2454 = CARTESIAN_POINT ( 'NONE',  ( 0.8945424975563011083, 0.3050103214907983751, 0.5989999999999991998 ) ) ;
#2455 = CARTESIAN_POINT ( 'NONE',  ( -0.8242131971233018772, 0.4866485630126581308, 0.5999999999999996447 ) ) ;
#2456 = EDGE_CURVE ( 'NONE', #3057, #2600, #3475, .T. ) ;
#2457 = CARTESIAN_POINT ( 'NONE',  ( -0.8322847895299164689, 0.4868854958565307922, 0.5999999999999994227 ) ) ;
#2458 = EDGE_CURVE ( 'NONE', #1697, #2465, #4005, .T. ) ;
#2459 = CARTESIAN_POINT ( 'NONE',  ( 0.6654876805311376042, 0.4011674935311637658, 0.5999999999999997558 ) ) ;
#2460 = CARTESIAN_POINT ( 'NONE',  ( 0.8144684572233303888, 0.2643205607915956046, 0.5999999999999994227 ) ) ;
#2461 = B_SPLINE_CURVE_WITH_KNOTS ( 'NONE', 3,
 ( #4370, #1771, #1036, #3507, #4760, #4316, #4424, #483, #2245, #3117, #2656, #4345, #605, #1449, #3951, #5205, #2294, #2690, #1882 ),
 .UNSPECIFIED., .F., .F.,
 ( 4, 1, 1, 1, 1, 1, 1, 1, 1, 1, 1, 1, 1, 1, 1, 1, 4 ),
 ( 0.0000000000000000000, 0.05804926609053234765, 0.1133148320836873113, 0.1675622724459464308, 0.2211424480951688643, 0.2755171013253203127, 0.3295224528313862034, 0.3857580765321461103, 0.4438934661352176847, 0.5036774965383467029, 0.5646453277561696016, 0.6280046557190154255, 0.6950187707529338343, 0.7646653028278006525, 0.8387700575937290237, 0.9171404580728562683, 1.000000000000000000 ),
 .UNSPECIFIED. ) ;
#2462 = CARTESIAN_POINT ( 'NONE',  ( 0.6142148757871180864, -0.1821659835189275156, 0.5999999999999996447 ) ) ;
#2463 = CARTESIAN_POINT ( 'NONE',  ( 0.8131963703644090602, 0.2363949507436592101, 0.5999999999999994227 ) ) ;
#2464 = ORIENTED_EDGE ( 'NONE', *, *, #1295, .F. ) ;
#2465 = VERTEX_POINT ( 'NONE', #5427 ) ;
#2466 = VECTOR ( 'NONE', #1832, 1000.000000000000000 ) ;
#2467 = CARTESIAN_POINT ( 'NONE',  ( -0.8199672230666090744, 0.05047991222936445976, 0.5999999999999996447 ) ) ;
#2468 = CARTESIAN_POINT ( 'NONE',  ( 0.6355723533272266135, -0.02658853011749528344, 0.5989999999999995328 ) ) ;
#2469 = DIRECTION ( 'NONE',  ( 0.0000000000000000000, 1.000000000000000000, 0.0000000000000000000 ) ) ;
#2470 = CARTESIAN_POINT ( 'NONE',  ( -0.3160139569255073222, -0.3331908394558599218, 0.5989999999999993108 ) ) ;
#2471 = LINE ( 'NONE', #2116, #2478 ) ;
#2472 =( NAMED_UNIT ( * ) PLANE_ANGLE_UNIT ( ) SI_UNIT ( $, .RADIAN. ) );
#2473 = CARTESIAN_POINT ( 'NONE',  ( 3.180000000000000604, -1.600000000000000089, 0.01999999999999928224 ) ) ;
#2474 =( NAMED_UNIT ( * ) PLANE_ANGLE_UNIT ( ) SI_UNIT ( $, .RADIAN. ) );
#2475 = FILL_AREA_STYLE_COLOUR ( '', #397 ) ;
#2476 = VECTOR ( 'NONE', #1722, 1000.000000000000000 ) ;
#2477 = CARTESIAN_POINT ( 'NONE',  ( 0.8584849967334990950, 0.4012489814747351446, 0.5989999999999995328 ) ) ;
#2478 = VECTOR ( 'NONE', #1182, 1000.000000000000000 ) ;
#2479 = CARTESIAN_POINT ( 'NONE',  ( -0.6807064370440908396, 0.4185715134532381754, 0.5989999999999995328 ) ) ;
#2480 = MECHANICAL_DESIGN_GEOMETRIC_PRESENTATION_REPRESENTATION (  '', ( #4188 ), #2940 ) ;
#2481 = CARTESIAN_POINT ( 'NONE',  ( -0.7128042700493969486, 0.2643205607915956046, 0.5989999999999994218 ) ) ;
#2482 = VERTEX_POINT ( 'NONE', #3767 ) ;
#2483 = CARTESIAN_POINT ( 'NONE',  ( 0.8061713701388353304, 0.2078815365224027656, 0.5999999999999994227 ) ) ;
#2484 = VECTOR ( 'NONE', #4954, 1000.000000000000000 ) ;
#2485 = B_SPLINE_SURFACE_WITH_KNOTS ( 'NONE', 3, 1, ( 
 ( #3994, #3656 ),
 ( #2726, #2781 ),
 ( #4489, #4996 ),
 ( #2838, #815 ),
 ( #3373, #2874 ),
 ( #4575, #3741 ),
 ( #1997, #2060 ),
 ( #3792, #5078 ),
 ( #2814, #4546 ),
 ( #303, #2415 ),
 ( #4125, #4213 ),
 ( #4516, #2494 ),
 ( #3768, #3716 ),
 ( #2901, #5400 ),
 ( #3279, #1594 ),
 ( #3301, #2384 ),
 ( #705, #4100 ),
 ( #4966, #277 ),
 ( #360, #5428 ) ),
 .UNSPECIFIED., .F., .F., .F.,
 ( 4, 1, 1, 1, 1, 1, 1, 1, 1, 1, 1, 1, 1, 1, 1, 1, 4 ),
 ( 2, 2 ),
 ( 0.0000000000000000000, 0.04201179318334016116, 0.08511657970956418295, 0.1300841362207604823, 0.1769659536804736866, 0.2261453228974996399, 0.2772304004651406362, 0.3308011550515158605, 0.3865502460840024579, 0.4458574538040663282, 0.5099817147460021793, 0.5788566239058998697, 0.6532605220228081544, 0.7319176588047662246, 0.8160112270400410317, 0.9052459153235248301, 1.000000000000000000 ),
 ( 0.0000000000000000000, 1.000000000000000000 ),
 .UNSPECIFIED. ) ;
#2486 = EDGE_CURVE ( 'NONE', #4330, #3238, #1995, .T. ) ;
#2487 = CARTESIAN_POINT ( 'NONE',  ( 0.8061713701388353304, 0.2078815365224027656, 0.5999999999999995337 ) ) ;
#2488 = ORIENTED_EDGE ( 'NONE', *, *, #1113, .T. ) ;
#2489 = VERTEX_POINT ( 'NONE', #1643 ) ;
#2490 = CARTESIAN_POINT ( 'NONE',  ( 0.8584849967334990950, 0.4012489814747351446, 0.5999999999999995337 ) ) ;
#2491 = MECHANICAL_DESIGN_GEOMETRIC_PRESENTATION_REPRESENTATION (  '', ( #2764 ), #2308 ) ;
#2492 = CARTESIAN_POINT ( 'NONE',  ( 0.6919035221583953454, 0.4037686127396476476, 0.5989999999999994218 ) ) ;
#2493 = CARTESIAN_POINT ( 'NONE',  ( -0.2736063447962485684, 0.1050248480035876064, 0.5989999999999994218 ) ) ;
#2494 = CARTESIAN_POINT ( 'NONE',  ( 0.5271353183080055294, -0.1570443995873252452, 0.5999999999999994227 ) ) ;
#2495 = PRESENTATION_STYLE_ASSIGNMENT (( #54 ) ) ;
#2496 = CARTESIAN_POINT ( 'NONE',  ( -0.9806962932156807478, 0.4269606415826426860, 0.5989999999999995328 ) ) ;
#2497 = CARTESIAN_POINT ( 'NONE',  ( 2.640000000000000568, 1.450000000000000178, 0.5799999999999994049 ) ) ;
#2498 = CARTESIAN_POINT ( 'NONE',  ( -0.4173433051814026129, -0.3191263887283072864, 0.5989999999999993108 ) ) ;
#2499 = CARTESIAN_POINT ( 'NONE',  ( -0.9349143761350076076, -0.07296912346077942535, 0.5989999999999994218 ) ) ;
#2500 = CARTESIAN_POINT ( 'NONE',  ( -0.9153665701573316937, 0.4723541777077954751, 0.5999999999999995337 ) ) ;
#2501 = DIRECTION ( 'NONE',  ( -0.0000000000000000000, -0.0000000000000000000, 1.000000000000000000 ) ) ;
#2502 = CARTESIAN_POINT ( 'NONE',  ( -0.5397904322351595452, -0.1557782245720789882, 0.5999999999999994227 ) ) ;
#2503 = PLANE ( 'NONE',  #1907 ) ;
#2504 = UNCERTAINTY_MEASURE_WITH_UNIT (LENGTH_MEASURE( 1.000000000000000082E-05 ), #633, 'distance_accuracy_value', 'NONE');
#2505 =( GEOMETRIC_REPRESENTATION_CONTEXT ( 3 ) GLOBAL_UNCERTAINTY_ASSIGNED_CONTEXT ( ( #4922 ) ) GLOBAL_UNIT_ASSIGNED_CONTEXT ( ( #2680, #145, #3140 ) ) REPRESENTATION_CONTEXT ( 'NONE', 'WORKASPACE' ) );
#2506 = CARTESIAN_POINT ( 'NONE',  ( -0.4438918069393757437, 0.06192847440268832437, 0.5989999999999994218 ) ) ;
#2507 = PRESENTATION_LAYER_ASSIGNMENT (  '', '', ( #1470 ) ) ;
#2508 = FACE_OUTER_BOUND ( 'NONE', #5377, .T. ) ;
#2509 = DIRECTION ( 'NONE',  ( -0.0000000000000000000, -0.0000000000000000000, 1.000000000000000000 ) ) ;
#2510 = ORIENTED_EDGE ( 'NONE', *, *, #2458, .T. ) ;
#2511 = UNCERTAINTY_MEASURE_WITH_UNIT (LENGTH_MEASURE( 1.000000000000000082E-05 ), #1041, 'distance_accuracy_value', 'NONE');
#2512 = CARTESIAN_POINT ( 'NONE',  ( 0.6096723360023110772, 0.3708584786421323387, 0.5999999999999996447 ) ) ;
#2513 = CARTESIAN_POINT ( 'NONE',  ( 0.7581528345612480457, 0.1137630903910495928, 0.5999999999999994227 ) ) ;
#2514 = AXIS2_PLACEMENT_3D ( 'NONE', #5438, #5034, #1551 ) ;
#2515 = SURFACE_STYLE_FILL_AREA ( #3393 ) ;
#2516 = COLOUR_RGB ( '',0.7921568627450980005, 0.8196078431372548767, 0.9333333333333333481 ) ;
#2517 = CARTESIAN_POINT ( 'NONE',  ( -0.4424038131161381893, -0.1776122302067664194, 0.5999999999999995337 ) ) ;
#2518 = VERTEX_POINT ( 'NONE', #2812 ) ;
#2519 = VERTEX_POINT ( 'NONE', #2025 ) ;
#2520 = CARTESIAN_POINT ( 'NONE',  ( 0.8908437392644087405, 0.3254888900900889115, 0.5999999999999995337 ) ) ;
#2521 = CARTESIAN_POINT ( 'NONE',  ( 0.7167221027205045170, 0.4015845363015858038, 0.5989999999999995328 ) ) ;
#2522 =( GEOMETRIC_REPRESENTATION_CONTEXT ( 3 ) GLOBAL_UNCERTAINTY_ASSIGNED_CONTEXT ( ( #3860 ) ) GLOBAL_UNIT_ASSIGNED_CONTEXT ( ( #3456, #4686, #5079 ) ) REPRESENTATION_CONTEXT ( 'NONE', 'WORKASPACE' ) );
#2523 = CARTESIAN_POINT ( 'NONE',  ( 0.6311838083247535147, 0.4788299811653591309, 0.5999999999999994227 ) ) ;
#2524 = FILL_AREA_STYLE_COLOUR ( '', #4801 ) ;
#2525 = CARTESIAN_POINT ( 'NONE',  ( -0.8758168347606238857, 0.4835299739023972143, 0.5999999999999994227 ) ) ;
#2526 =( GEOMETRIC_REPRESENTATION_CONTEXT ( 3 ) GLOBAL_UNCERTAINTY_ASSIGNED_CONTEXT ( ( #5459 ) ) GLOBAL_UNIT_ASSIGNED_CONTEXT ( ( #4640, #3258, #1135 ) ) REPRESENTATION_CONTEXT ( 'NONE', 'WORKASPACE' ) );
#2527 = CARTESIAN_POINT ( 'NONE',  ( -0.1659138861554658451, -0.2296658710392157632, 0.5999999999999995337 ) ) ;
#2528 = EDGE_CURVE ( 'NONE', #3942, #4528, #3287, .T. ) ;
#2529 = EDGE_CURVE ( 'NONE', #226, #68, #1234, .T. ) ;
#2530 = CARTESIAN_POINT ( 'NONE',  ( 0.6311838083247535147, 0.4788299811653591309, 0.5989999999999994218 ) ) ;
#2531 = DIRECTION ( 'NONE',  ( 0.0000000000000000000, 0.0000000000000000000, -1.000000000000000000 ) ) ;
#2532 = PRESENTATION_LAYER_ASSIGNMENT (  '', '', ( #4143 ) ) ;
#2533 = CARTESIAN_POINT ( 'NONE',  ( -0.8758168347606238857, 0.4835299739023972143, 0.5999999999999994227 ) ) ;
#2534 = FACE_OUTER_BOUND ( 'NONE', #627, .T. ) ;
#2535 = SURFACE_STYLE_FILL_AREA ( #790 ) ;
#2536 = SURFACE_STYLE_USAGE ( .BOTH. , #1737 ) ;
#2537 = B_SPLINE_SURFACE_WITH_KNOTS ( 'NONE', 3, 1, ( 
 ( #1682, #539 ),
 ( #5320, #4774 ),
 ( #1413, #599 ),
 ( #1002, #1031 ),
 ( #3638, #976 ),
 ( #3554, #3943 ),
 ( #3110, #123 ),
 ( #5273, #2340 ),
 ( #1521, #1815 ),
 ( #1443, #4048 ),
 ( #2651, #3146 ),
 ( #227, #1923 ),
 ( #4439, #572 ),
 ( #4804, #2685 ),
 ( #4028, #4860 ),
 ( #4888, #4396 ),
 ( #2269, #628 ),
 ( #4836, #2320 ),
 ( #203, #1899 ) ),
 .UNSPECIFIED., .F., .F., .F.,
 ( 4, 1, 1, 1, 1, 1, 1, 1, 1, 1, 1, 1, 1, 1, 1, 1, 4 ),
 ( 2, 2 ),
 ( 0.0000000000000000000, 0.08820144037149489635, 0.1718893103146721391, 0.2504170396028650436, 0.3244954435711884799, 0.3944548941301318501, 0.4608552762109063838, 0.5235657346858973993, 0.5835685647968407164, 0.6410899172662983814, 0.6961139743723546713, 0.7480632207189562566, 0.7995118824307291261, 0.8496678227294905961, 0.8992658375494765322, 0.9491826341192691752, 1.000000000000000000 ),
 ( 0.0000000000000000000, 1.000000000000000000 ),
 .UNSPECIFIED. ) ;
#2538 = CARTESIAN_POINT ( 'NONE',  ( -0.2185573139600784365, 0.03559522353058171273, 0.5999999999999992006 ) ) ;
#2539 = CARTESIAN_POINT ( 'NONE',  ( 0.8971712424675257758, 0.2434525643347674184, 0.5989999999999994218 ) ) ;
#2540 = CARTESIAN_POINT ( 'NONE',  ( 0.2099230026778758085, 0.4868854958565307922, 0.5999999999999994227 ) ) ;
#2541 = VERTEX_POINT ( 'NONE', #4296 ) ;
#2542 = FILL_AREA_STYLE_COLOUR ( '', #986 ) ;
#2543 = SURFACE_STYLE_USAGE ( .BOTH. , #349 ) ;
#2544 = DIRECTION ( 'NONE',  ( -1.000000000000000000, -0.0000000000000000000, -2.017260614543518245E-16 ) ) ;
#2545 = CARTESIAN_POINT ( 'NONE',  ( -0.4356415324764025820, -0.1903969120147324112, 0.5999999999999993117 ) ) ;
#2546 = CARTESIAN_POINT ( 'NONE',  ( 0.8140526830154478644, 0.2551932372005331628, 0.5999999999999994227 ) ) ;
#2547 = ORIENTED_EDGE ( 'NONE', *, *, #117, .T. ) ;
#2548 = ORIENTED_EDGE ( 'NONE', *, *, #1423, .T. ) ;
#2549 = CARTESIAN_POINT ( 'NONE',  ( 0.8945424975563011083, 0.3050103214907983751, 0.5989999999999991998 ) ) ;
#2550 =( LENGTH_UNIT ( ) NAMED_UNIT ( * ) SI_UNIT ( .MILLI., .METRE. ) );
#2551 = CARTESIAN_POINT ( 'NONE',  ( 0.7503424863838124015, 0.3885867124920613924, 0.5989999999999993108 ) ) ;
#2552 = UNCERTAINTY_MEASURE_WITH_UNIT (LENGTH_MEASURE( 1.000000000000000082E-05 ), #5364, 'distance_accuracy_value', 'NONE');
#2553 = DIRECTION ( 'NONE',  ( 0.0000000000000000000, -1.000000000000000000, 0.0000000000000000000 ) ) ;
#2554 = CARTESIAN_POINT ( 'NONE',  ( 0.1035303232041753507, 0.2397035333195588758, 0.5999999999999994227 ) ) ;
#2555 = CARTESIAN_POINT ( 'NONE',  ( -0.9176003912704164822, 0.3708584786421323942, 0.5999999999999994227 ) ) ;
#2556 = STYLED_ITEM ( 'NONE', ( #4320 ), #20 ) ;
#2557 = ORIENTED_EDGE ( 'NONE', *, *, #1023, .F. ) ;
#2558 = CARTESIAN_POINT ( 'NONE',  ( -0.1351832838320703445, -0.1591707000187423116, 0.5989999999999994218 ) ) ;
#2559 = CARTESIAN_POINT ( 'NONE',  ( -2.600000000000000533, -1.600000000000000089, 0.02000000000000006287 ) ) ;
#2560 = DIRECTION ( 'NONE',  ( 0.0000000000000000000, 1.000000000000000000, 0.0000000000000000000 ) ) ;
#2561 = AXIS2_PLACEMENT_3D ( 'NONE', #1123, #3213, #4095 ) ;
#2562 = CARTESIAN_POINT ( 'NONE',  ( -0.8993233436765775135, -0.03449872810790511474, 0.5989999999999995328 ) ) ;
#2563 = EDGE_CURVE ( 'NONE', #2808, #3057, #1996, .T. ) ;
#2564 =( LENGTH_UNIT ( ) NAMED_UNIT ( * ) SI_UNIT ( .MILLI., .METRE. ) );
#2565 = EDGE_CURVE ( 'NONE', #1851, #68, #3004, .T. ) ;
#2566 = SURFACE_STYLE_USAGE ( .BOTH. , #394 ) ;
#2567 = LINE ( 'NONE', #3859, #3341 ) ;
#2568 =( GEOMETRIC_REPRESENTATION_CONTEXT ( 3 ) GLOBAL_UNCERTAINTY_ASSIGNED_CONTEXT ( ( #218 ) ) GLOBAL_UNIT_ASSIGNED_CONTEXT ( ( #2564, #4279, #5194 ) ) REPRESENTATION_CONTEXT ( 'NONE', 'WORKASPACE' ) );
#2569 = ORIENTED_EDGE ( 'NONE', *, *, #389, .F. ) ;
#2570 = SURFACE_SIDE_STYLE ('',( #5117 ) ) ;
#2571 = MECHANICAL_DESIGN_GEOMETRIC_PRESENTATION_REPRESENTATION (  '', ( #4276 ), #4535 ) ;
#2572 = UNCERTAINTY_MEASURE_WITH_UNIT (LENGTH_MEASURE( 1.000000000000000082E-05 ), #4605, 'distance_accuracy_value', 'NONE');
#2573 = CARTESIAN_POINT ( 'NONE',  ( -0.1659138861554658451, -0.2296658710392157632, 0.5999999999999995337 ) ) ;
#2574 = VERTEX_POINT ( 'NONE', #5047 ) ;
#2575 = LINE ( 'NONE', #4314, #1335 ) ;
#2576 =( GEOMETRIC_REPRESENTATION_CONTEXT ( 3 ) GLOBAL_UNCERTAINTY_ASSIGNED_CONTEXT ( ( #2900 ) ) GLOBAL_UNIT_ASSIGNED_CONTEXT ( ( #3014, #2151, #566 ) ) REPRESENTATION_CONTEXT ( 'NONE', 'WORKASPACE' ) );
#2577 = SURFACE_STYLE_FILL_AREA ( #3392 ) ;
#2578 = SURFACE_SIDE_STYLE ('',( #893 ) ) ;
#2579 = COLOUR_RGB ( '',1.000000000000000000, 1.000000000000000000, 1.000000000000000000 ) ;
#2580 = CARTESIAN_POINT ( 'NONE',  ( 0.0000000000000000000, -1.600000000000000089, 0.0000000000000000000 ) ) ;
#2581 = MECHANICAL_DESIGN_GEOMETRIC_PRESENTATION_REPRESENTATION (  '', ( #722 ), #3029 ) ;
#2582 = CARTESIAN_POINT ( 'NONE',  ( 0.7073055042061184849, 0.05047991222936447364, 0.5989999999999993108 ) ) ;
#2583 = ORIENTED_EDGE ( 'NONE', *, *, #5031, .T. ) ;
#2584 = ORIENTED_EDGE ( 'NONE', *, *, #1850, .F. ) ;
#2585 = PRESENTATION_STYLE_ASSIGNMENT (( #3034 ) ) ;
#2586 = SURFACE_STYLE_USAGE ( .BOTH. , #491 ) ;
#2587 = CARTESIAN_POINT ( 'NONE',  ( -0.8007854038830746202, 0.07329409115209419012, 0.5999999999999994227 ) ) ;
#2588 = DIRECTION ( 'NONE',  ( 0.0000000000000000000, -1.000000000000000000, 0.0000000000000000000 ) ) ;
#2589 = CARTESIAN_POINT ( 'NONE',  ( 0.02144448868605480091, 0.1889007839028774005, 0.5999999999999995337 ) ) ;
#2590 = MECHANICAL_DESIGN_GEOMETRIC_PRESENTATION_REPRESENTATION (  '', ( #2234 ), #4820 ) ;
#2591 = ORIENTED_EDGE ( 'NONE', *, *, #187, .T. ) ;
#2592 = CARTESIAN_POINT ( 'NONE',  ( -0.1207940833279796816, -0.06063145290353753186, 0.5999999999999995337 ) ) ;
#2593 = CARTESIAN_POINT ( 'NONE',  ( -0.7571722483045564278, 0.1318272022723512849, 0.5999999999999995337 ) ) ;
#2594 = CARTESIAN_POINT ( 'NONE',  ( -2.640000000000000568, 1.450000000000000178, 0.6000000000000000888 ) ) ;
#2595 = LINE ( 'NONE', #4303, #445 ) ;
#2596 = FILL_AREA_STYLE ('',( #916 ) ) ;
#2597 = CARTESIAN_POINT ( 'NONE',  ( -0.3157263479714747523, 0.2063660153370502348, 0.5989999999999994218 ) ) ;
#2598 = LINE ( 'NONE', #3144, #4138 ) ;
#2599 = B_SPLINE_CURVE_WITH_KNOTS ( 'NONE', 3,
 ( #3454, #3403, #5107, #1294, #2926, #4271, #2979, #4709, #465, #5156, #4684, #5482, #2493, #1346, #382, #870, #3852, #435, #5077 ),
 .UNSPECIFIED., .F., .F.,
 ( 4, 1, 1, 1, 1, 1, 1, 1, 1, 1, 1, 1, 1, 1, 1, 1, 4 ),
 ( 0.0000000000000000000, 0.08200255231875204498, 0.1597715690462432614, 0.2336177311362600817, 0.3034280842814591206, 0.3703725193437343299, 0.4345243117234908747, 0.4964024124852130515, 0.5573274680850501817, 0.6162825864692520472, 0.6725038525717204063, 0.7274967451323802736, 0.7809690145094964064, 0.8345385593342700137, 0.8882595021382534428, 0.9431158980645277801, 1.000000000000000000 ),
 .UNSPECIFIED. ) ;
#2600 = VERTEX_POINT ( 'NONE', #50 ) ;
#2601 = CARTESIAN_POINT ( 'NONE',  ( 0.4888792593342711768, 0.3033696475096696044, 0.5989999999999997549 ) ) ;
#2602 = ORIENTED_EDGE ( 'NONE', *, *, #2606, .F. ) ;
#2603 = CARTESIAN_POINT ( 'NONE',  ( 0.5698368872066129631, 0.2922701963039043838, 0.5989999999999993108 ) ) ;
#2604 = DIRECTION ( 'NONE',  ( 0.0000000000000000000, -1.000000000000000000, 0.0000000000000000000 ) ) ;
#2605 = EDGE_CURVE ( 'NONE', #555, #1035, #2599, .T. ) ;
#2606 = EDGE_CURVE ( 'NONE', #496, #538, #3039, .T. ) ;
#2607 = SURFACE_SIDE_STYLE ('',( #1742 ) ) ;
#2608 = CARTESIAN_POINT ( 'NONE',  ( -0.2418355615795933222, 0.1892356956178786465, 0.5989999999999995328 ) ) ;
#2609 = VERTEX_POINT ( 'NONE', #3791 ) ;
#2610 = ORIENTED_EDGE ( 'NONE', *, *, #4655, .F. ) ;
#2611 = CARTESIAN_POINT ( 'NONE',  ( 0.02567950251751783056, 0.2858405218039424822, 0.5989999999999994218 ) ) ;
#2612 = CARTESIAN_POINT ( 'NONE',  ( -0.3009285376020100489, -0.2437656936087208015, 0.5989999999999994218 ) ) ;
#2613 = DIRECTION ( 'NONE',  ( -0.0000000000000000000, -0.0000000000000000000, 1.000000000000000000 ) ) ;
#2614 = SURFACE_STYLE_FILL_AREA ( #3823 ) ;
#2615 = CARTESIAN_POINT ( 'NONE',  ( -0.9621549194000463823, 0.2375348465058814140, 0.5999999999999994227 ) ) ;
#2616 = VERTEX_POINT ( 'NONE', #1663 ) ;
#2617 = CARTESIAN_POINT ( 'NONE',  ( -0.4042003739455008460, 0.3725997815708164684, 0.5989999999999994218 ) ) ;
#2618 = CARTESIAN_POINT ( 'NONE',  ( 0.03597764917456001965, 0.1958048151226519928, 0.5999999999999996447 ) ) ;
#2619 = CARTESIAN_POINT ( 'NONE',  ( -0.4345967321749700241, -0.3104330562972313357, 0.5989999999999995328 ) ) ;
#2620 = CARTESIAN_POINT ( 'NONE',  ( -0.2037133609584878269, -0.05564697167593683075, 0.5989999999999994218 ) ) ;
#2621 = COLOUR_RGB ( '',1.000000000000000000, 1.000000000000000000, 1.000000000000000000 ) ;
#2622 = LINE ( 'NONE', #5113, #4362 ) ;
#2623 = CARTESIAN_POINT ( 'NONE',  ( -0.9413756986208254851, -0.2299976210265861909, 0.5989999999999994218 ) ) ;
#2624 = VERTEX_POINT ( 'NONE', #1265 ) ;
#2625 = VECTOR ( 'NONE', #4217, 1000.000000000000000 ) ;
#2626 = CARTESIAN_POINT ( 'NONE',  ( -0.2419170709483341175, 0.07633881392249902698, 0.5999999999999993117 ) ) ;
#2627 = CARTESIAN_POINT ( 'NONE',  ( 0.8974467056546936439, 0.2562543309334393005, 0.5989999999999994218 ) ) ;
#2628 = CARTESIAN_POINT ( 'NONE',  ( -0.3160139569255073222, -0.3331908394558599218, 0.5999999999999993117 ) ) ;
#2629 = ORIENTED_EDGE ( 'NONE', *, *, #2605, .F. ) ;
#2630 = CARTESIAN_POINT ( 'NONE',  ( 0.5846929400152487410, 0.3370397902646605215, 0.5999999999999993117 ) ) ;
#2631 = EDGE_CURVE ( 'NONE', #2616, #1909, #2957, .T. ) ;
#2632 = EDGE_CURVE ( 'NONE', #5367, #3323, #5132, .T. ) ;
#2633 = ORIENTED_EDGE ( 'NONE', *, *, #2563, .T. ) ;
#2634 = EDGE_LOOP ( 'NONE', ( #2584, #289, #838, #4366 ) ) ;
#2635 = CARTESIAN_POINT ( 'NONE',  ( 0.1357767850332769477, 0.3749105334686634872, 0.5999999999999995337 ) ) ;
#2636 = CARTESIAN_POINT ( 'NONE',  ( -0.2263165924455439182, -0.1698722316338624472, 0.5999999999999994227 ) ) ;
#2637 = CARTESIAN_POINT ( 'NONE',  ( -3.200000000000000178, -1.600000000000000089, 2.510525938252074186E-16 ) ) ;
#2638 = CARTESIAN_POINT ( 'NONE',  ( 0.7284432191471666984, 0.3984312917504233553, 0.5999999999999994227 ) ) ;
#2639 = CARTESIAN_POINT ( 'NONE',  ( 0.8953793312856777042, 0.2243516025251089396, 0.5989999999999995328 ) ) ;
#2640 = ORIENTED_EDGE ( 'NONE', *, *, #4415, .T. ) ;
#2641 = LINE ( 'NONE', #4015, #674 ) ;
#2642 = CARTESIAN_POINT ( 'NONE',  ( 0.1261883509289303262, 0.2570325050704856396, 0.5999999999999997558 ) ) ;
#2643 =( NAMED_UNIT ( * ) PLANE_ANGLE_UNIT ( ) SI_UNIT ( $, .RADIAN. ) );
#2644 = SURFACE_SIDE_STYLE ('',( #3936 ) ) ;
#2645 = CARTESIAN_POINT ( 'NONE',  ( 2.600000000000000533, -1.600000000000000089, 0.01999999999999942449 ) ) ;
#2646 =( LENGTH_UNIT ( ) NAMED_UNIT ( * ) SI_UNIT ( .MILLI., .METRE. ) );
#2647 = PLANE ( 'NONE',  #3837 ) ;
#2648 = CARTESIAN_POINT ( 'NONE',  ( 0.7875039019911008742, 0.3549146129755175738, 0.5989999999999993108 ) ) ;
#2649 = ORIENTED_EDGE ( 'NONE', *, *, #5131, .F. ) ;
#2650 = STYLED_ITEM ( 'NONE', ( #1248 ), #219 ) ;
#2651 = CARTESIAN_POINT ( 'NONE',  ( -0.4116376649526924947, -0.2214367592382607830, 0.5989999999999994218 ) ) ;
#2652 = CARTESIAN_POINT ( 'NONE',  ( -0.2038420079852718558, -0.04877041581272092974, 0.5999999999999994227 ) ) ;
#2653 = CARTESIAN_POINT ( 'NONE',  ( -1.054392588569781353, -0.2937120445264361224, 0.5989999999999995328 ) ) ;
#2654 = ORIENTED_EDGE ( 'NONE', *, *, #3054, .F. ) ;
#2655 = AXIS2_PLACEMENT_3D ( 'NONE', #4678, #3061, #864 ) ;
#2656 = CARTESIAN_POINT ( 'NONE',  ( 0.5921906951361364246, 0.3494070746582180198, 0.5989999999999996438 ) ) ;
#2657 =( LENGTH_UNIT ( ) NAMED_UNIT ( * ) SI_UNIT ( .MILLI., .METRE. ) );
#2658 = CARTESIAN_POINT ( 'NONE',  ( -2.640000000000000124, 1.450000000000000178, 0.5799999999999999600 ) ) ;
#2659 = COLOUR_RGB ( '',0.0000000000000000000, 0.0000000000000000000, 0.0000000000000000000 ) ;
#2660 = CARTESIAN_POINT ( 'NONE',  ( -0.3768538047486300613, 0.1991695675494296325, 0.5999999999999996447 ) ) ;
#2661 = ORIENTED_EDGE ( 'NONE', *, *, #2292, .F. ) ;
#2662 = LINE ( 'NONE', #4377, #5420 ) ;
#2663 = B_SPLINE_CURVE_WITH_KNOTS ( 'NONE', 3,
 ( #2279, #2861, #4529, #2100, #1138, #719, #3703, #1983, #2402, #4141, #2477, #2041, #5385, #1220, #3289, #2454, #4114, #2938, #4612 ),
 .UNSPECIFIED., .F., .F.,
 ( 4, 1, 1, 1, 1, 1, 1, 1, 1, 1, 1, 1, 1, 1, 1, 1, 4 ),
 ( 0.0000000000000000000, 0.07132852292713297293, 0.1388884808472358734, 0.2034880553541796588, 0.2653888690468833023, 0.3261469149304289661, 0.3858495392516023137, 0.4464210050912528760, 0.5085062454043183244, 0.5707165835193888093, 0.6319861944004557808, 0.6929433797704677156, 0.7531646365281636779, 0.8133972833669926850, 0.8747321709321999039, 0.9368339827764060601, 0.9999999999999998890 ),
 .UNSPECIFIED. ) ;
#2664 = CARTESIAN_POINT ( 'NONE',  ( -0.2037133609584878269, -0.05564697167593683075, 0.5999999999999995337 ) ) ;
#2665 = UNCERTAINTY_MEASURE_WITH_UNIT (LENGTH_MEASURE( 1.000000000000000082E-05 ), #396, 'distance_accuracy_value', 'NONE');
#2666 = EDGE_CURVE ( 'NONE', #1194, #488, #4407, .T. ) ;
#2667 = DIRECTION ( 'NONE',  ( 0.0000000000000000000, 1.000000000000000000, 0.0000000000000000000 ) ) ;
#2668 = EDGE_CURVE ( 'NONE', #4729, #2600, #4822, .T. ) ;
#2669 = VECTOR ( 'NONE', #4405, 1000.000000000000000 ) ;
#2670 = PRESENTATION_STYLE_ASSIGNMENT (( #4382 ) ) ;
#2671 = ORIENTED_EDGE ( 'NONE', *, *, #1151, .F. ) ;
#2672 = CARTESIAN_POINT ( 'NONE',  ( -0.4042003739455008460, 0.3725997815708164684, 0.5989999999999994218 ) ) ;
#2673 = COLOUR_RGB ( '',1.000000000000000000, 1.000000000000000000, 1.000000000000000000 ) ;
#2674 = CARTESIAN_POINT ( 'NONE',  ( -0.4530640103091372328, 0.04435302832406316093, 0.5989999999999994218 ) ) ;
#2675 = CARTESIAN_POINT ( 'NONE',  ( 0.5153495692250634752, -0.1759838316869603847, 0.5989999999999996438 ) ) ;
#2676 = ADVANCED_FACE ( 'NONE', ( #3515 ), #4871, .T. ) ;
#2677 = LINE ( 'NONE', #5314, #3135 ) ;
#2678 = MECHANICAL_DESIGN_GEOMETRIC_PRESENTATION_REPRESENTATION (  '', ( #2946 ), #4909 ) ;
#2679 = COLOUR_RGB ( '',1.000000000000000000, 1.000000000000000000, 1.000000000000000000 ) ;
#2680 =( LENGTH_UNIT ( ) NAMED_UNIT ( * ) SI_UNIT ( .MILLI., .METRE. ) );
#2681 = CARTESIAN_POINT ( 'NONE',  ( -0.4815154659814232518, -0.2734566944574052250, 0.5989999999999994218 ) ) ;
#2682 = DIRECTION ( 'NONE',  ( 0.0000000000000000000, 0.0000000000000000000, -1.000000000000000000 ) ) ;
#2683 = CARTESIAN_POINT ( 'NONE',  ( -0.8399257973392132426, 0.4036730209610457365, 0.5989999999999994218 ) ) ;
#2684 = ORIENTED_EDGE ( 'NONE', *, *, #2231, .F. ) ;
#2685 = CARTESIAN_POINT ( 'NONE',  ( -0.3834453181169559799, -0.2413591388647113589, 0.5999999999999994227 ) ) ;
#2686 = SURFACE_STYLE_FILL_AREA ( #4440 ) ;
#2687 = CARTESIAN_POINT ( 'NONE',  ( -0.2037133609584878269, -0.05564697167593683075, 0.5989999999999994218 ) ) ;
#2688 = CARTESIAN_POINT ( 'NONE',  ( -0.2250046014768710689, 0.1793051118886736517, 0.5999999999999993117 ) ) ;
#2689 = ORIENTED_EDGE ( 'NONE', *, *, #1817, .T. ) ;
#2690 = CARTESIAN_POINT ( 'NONE',  ( 0.5651734312830569706, 0.2440338272302541023, 0.5989999999999995328 ) ) ;
#2691 = CARTESIAN_POINT ( 'NONE',  ( 0.7352634942759412873, -0.04660335829670863433, 0.5999999999999993117 ) ) ;
#2692 = CARTESIAN_POINT ( 'NONE',  ( -0.3157263479714747523, 0.2063660153370502348, 0.5999999999999994227 ) ) ;
#2693 = ORIENTED_EDGE ( 'NONE', *, *, #3127, .T. ) ;
#2694 = CARTESIAN_POINT ( 'NONE',  ( -0.4530640103091372328, 0.04435302832406316093, 0.5999999999999994227 ) ) ;
#2695 = PRESENTATION_STYLE_ASSIGNMENT (( #3207 ) ) ;
#2696 = CARTESIAN_POINT ( 'NONE',  ( -0.1205964778416047656, -0.05110151713048226990, 0.5999999999999994227 ) ) ;
#2697 = CARTESIAN_POINT ( 'NONE',  ( -0.6296873869325138040, 0.2626971841682190778, 0.5989999999999994218 ) ) ;
#2698 = SURFACE_SIDE_STYLE ('',( #3210 ) ) ;
#2699 = CARTESIAN_POINT ( 'NONE',  ( 0.8974467056546936439, 0.2562543309334393005, 0.5989999999999994218 ) ) ;
#2700 = EDGE_LOOP ( 'NONE', ( #4293, #2136, #4501, #2640, #951, #1433, #1451, #3260, #5045, #4267, #2740, #19 ) ) ;
#2701 = CARTESIAN_POINT ( 'NONE',  ( 0.6279493835961503789, -0.03449872810790512861, 0.5999999999999996447 ) ) ;
#2702 = PRESENTATION_LAYER_ASSIGNMENT (  '', '', ( #4401 ) ) ;
#2703 = CARTESIAN_POINT ( 'NONE',  ( 0.6949879377428108684, 0.4868854958565307922, 0.5999999999999994227 ) ) ;
#2704 = PLANE ( 'NONE',  #1079 ) ;
#2705 = STYLED_ITEM ( 'NONE', ( #2670 ), #4781 ) ;
#2706 = EDGE_CURVE ( 'NONE', #4047, #5128, #885, .T. ) ;
#2707 = CARTESIAN_POINT ( 'NONE',  ( -3.200000000000000622, 1.600000000000000089, 0.6000000000000000888 ) ) ;
#2708 = EDGE_CURVE ( 'NONE', #158, #4528, #4011, .T. ) ;
#2709 = ORIENTED_EDGE ( 'NONE', *, *, #4891, .T. ) ;
#2710 = CARTESIAN_POINT ( 'NONE',  ( 0.6521942920654258957, -0.1365703459121403451, 0.5999999999999990896 ) ) ;
#2711 = CARTESIAN_POINT ( 'NONE',  ( 0.5770009033622298666, 0.4533688412103442089, 0.5999999999999995337 ) ) ;
#2712 = MECHANICAL_DESIGN_GEOMETRIC_PRESENTATION_REPRESENTATION (  '', ( #950 ), #1303 ) ;
#2713 = DIRECTION ( 'NONE',  ( -1.000000000000000000, 0.0000000000000000000, -2.017260614543518492E-16 ) ) ;
#2714 = ORIENTED_EDGE ( 'NONE', *, *, #1463, .T. ) ;
#2715 = PRESENTATION_STYLE_ASSIGNMENT (( #579 ) ) ;
#2716 = SURFACE_SIDE_STYLE ('',( #4867 ) ) ;
#2717 = CARTESIAN_POINT ( 'NONE',  ( 0.2638191065739796670, -0.3235041145330797008, 0.5999999999999994227 ) ) ;
#2718 = VERTEX_POINT ( 'NONE', #2280 ) ;
#2719 = SURFACE_SIDE_STYLE ('',( #4352 ) ) ;
#2720 = CARTESIAN_POINT ( 'NONE',  ( -0.7678366783738288515, -0.01935740238728341292, 0.5989999999999993108 ) ) ;
#2721 = VERTEX_POINT ( 'NONE', #162 ) ;
#2722 = DIRECTION ( 'NONE',  ( 0.0000000000000000000, 0.0000000000000000000, -1.000000000000000000 ) ) ;
#2723 = CARTESIAN_POINT ( 'NONE',  ( 0.4972246406819736952, -0.2120101229100117834, 0.5989999999999996438 ) ) ;
#2724 = CARTESIAN_POINT ( 'NONE',  ( -0.3110369421831359338, 0.1206648928603330367, 0.5989999999999994218 ) ) ;
#2725 = DIRECTION ( 'NONE',  ( 0.0000000000000000000, -0.0000000000000000000, -1.000000000000000000 ) ) ;
#2726 = CARTESIAN_POINT ( 'NONE',  ( 0.4715915914895517647, -0.3186320349971067944, 0.5989999999999994218 ) ) ;
#2727 = CARTESIAN_POINT ( 'NONE',  ( -0.4173433051814026129, -0.3191263887283072864, 0.5999999999999993117 ) ) ;
#2728 = LINE ( 'NONE', #3188, #5333 ) ;
#2729 = CARTESIAN_POINT ( 'NONE',  ( 0.6873469299335142058, 0.4036730209610457365, 0.5999999999999994227 ) ) ;
#2730 = ORIENTED_EDGE ( 'NONE', *, *, #3633, .F. ) ;
#2731 = B_SPLINE_CURVE_WITH_KNOTS ( 'NONE', 3,
 ( #977, #2652, #5199, #5175, #4696, #1388, #2538, #2966, #4283, #2626, #3472, #4367, #3504, #124, #2210, #5091, #1365, #4340, #38 ),
 .UNSPECIFIED., .F., .F.,
 ( 4, 1, 1, 1, 1, 1, 1, 1, 1, 1, 1, 1, 1, 1, 1, 1, 4 ),
 ( 0.0000000000000000000, 0.08200255231875204498, 0.1597715690462432614, 0.2336177311362600817, 0.3034280842814591206, 0.3703725193437343299, 0.4345243117234908747, 0.4964024124852130515, 0.5573274680850501817, 0.6162825864692520472, 0.6725038525717204063, 0.7274967451323802736, 0.7809690145094964064, 0.8345385593342700137, 0.8882595021382534428, 0.9431158980645277801, 1.000000000000000000 ),
 .UNSPECIFIED. ) ;
#2732 = CARTESIAN_POINT ( 'NONE',  ( 0.5111475243466322427, 0.3733647118311058666, 0.5989999999999994218 ) ) ;
#2733 = ADVANCED_FACE ( 'NONE', ( #191 ), #5475, .T. ) ;
#2734 = CARTESIAN_POINT ( 'NONE',  ( -0.6595914835944598487, 0.1319604073134235944, 0.5999999999999995337 ) ) ;
#2735 = PLANE ( 'NONE',  #3209 ) ;
#2736 = ORIENTED_EDGE ( 'NONE', *, *, #4386, .F. ) ;
#2737 = CARTESIAN_POINT ( 'NONE',  ( -0.8492087116645462563, -0.1083695336467524195, 0.5999999999999993117 ) ) ;
#2738 = VECTOR ( 'NONE', #4251, 1000.000000000000000 ) ;
#2739 = SURFACE_STYLE_USAGE ( .BOTH. , #3589 ) ;
#2740 = ORIENTED_EDGE ( 'NONE', *, *, #2528, .T. ) ;
#2741 = DIRECTION ( 'NONE',  ( -0.9922778767136676281, 0.1240347345892081343, 0.0000000000000000000 ) ) ;
#2742 = VECTOR ( 'NONE', #384, 1000.000000000000114 ) ;
#2743 = SURFACE_STYLE_FILL_AREA ( #2278 ) ;
#2744 = SURFACE_STYLE_USAGE ( .BOTH. , #3180 ) ;
#2745 = CARTESIAN_POINT ( 'NONE',  ( -0.6318933959870500772, 0.2243516025251089396, 0.5999999999999995337 ) ) ;
#2746 = CARTESIAN_POINT ( 'NONE',  ( 0.7814737779342267876, 0.006421835696647573699, 0.5999999999999993117 ) ) ;
#2747 = VERTEX_POINT ( 'NONE', #3648 ) ;
#2748 = CARTESIAN_POINT ( 'NONE',  ( -2.600000000000000533, 1.600000000000000089, -1.694065894508600678E-17 ) ) ;
#2749 = CARTESIAN_POINT ( 'NONE',  ( -0.6595914835944598487, 0.1319604073134235944, 0.5989999999999995328 ) ) ;
#2750 = STYLED_ITEM ( 'NONE', ( #1427 ), #3161 ) ;
#2751 = FILL_AREA_STYLE ('',( #3715 ) ) ;
#2752 = CARTESIAN_POINT ( 'NONE',  ( -0.4634536206987475704, -0.09493268596165110873, 0.5989999999999994218 ) ) ;
#2753 = STYLED_ITEM ( 'NONE', ( #2334 ), #3708 ) ;
#2754 = VECTOR ( 'NONE', #3966, 1000.000000000000000 ) ;
#2755 = FILL_AREA_STYLE ('',( #4854 ) ) ;
#2756 = CARTESIAN_POINT ( 'NONE',  ( 0.8975853403402136443, -0.2299976210265861909, 0.5989999999999994218 ) ) ;
#2757 = CARTESIAN_POINT ( 'NONE',  ( 0.7284432191471666984, 0.3984312917504233553, 0.5989999999999994218 ) ) ;
#2758 = ORIENTED_EDGE ( 'NONE', *, *, #3128, .T. ) ;
#2759 = FILL_AREA_STYLE ('',( #3173 ) ) ;
#2760 = MECHANICAL_DESIGN_GEOMETRIC_PRESENTATION_REPRESENTATION (  '', ( #2404 ), #3929 ) ;
#2761 = LINE ( 'NONE', #3226, #804 ) ;
#2762 = CARTESIAN_POINT ( 'NONE',  ( -0.6296873869325138040, 0.2626971841682190778, 0.5999999999999994227 ) ) ;
#2763 = CARTESIAN_POINT ( 'NONE',  ( 0.0000000000000000000, 1.600000000000000089, 0.0000000000000000000 ) ) ;
#2764 = STYLED_ITEM ( 'NONE', ( #3269 ), #3272 ) ;
#2765 = CARTESIAN_POINT ( 'NONE',  ( -0.1785019510921777297, 0.1367464666554511765, 0.5999999999999995337 ) ) ;
#2766 = ORIENTED_EDGE ( 'NONE', *, *, #3233, .T. ) ;
#2767 = CARTESIAN_POINT ( 'NONE',  ( -0.8340944995343259061, -0.09193794521547518639, 0.5999999999999993117 ) ) ;
#2768 = CARTESIAN_POINT ( 'NONE',  ( -3.200000000000000178, -1.600000000000000089, 2.510525938252074186E-16 ) ) ;
#2769 = CARTESIAN_POINT ( 'NONE',  ( -0.3260361668797057133, 0.2059960941554443148, 0.5989999999999994218 ) ) ;
#2770 = ADVANCED_FACE ( 'NONE', ( #2773 ), #5017, .T. ) ;
#2771 = ADVANCED_FACE ( 'NONE', ( #1585 ), #3295, .T. ) ;
#2772 = FILL_AREA_STYLE_COLOUR ( '', #3998 ) ;
#2773 = FACE_OUTER_BOUND ( 'NONE', #5234, .T. ) ;
#2774 = CARTESIAN_POINT ( 'NONE',  ( -0.7457989493385002167, 0.006421835696647671711, 0.5989999999999994218 ) ) ;
#2775 = ORIENTED_EDGE ( 'NONE', *, *, #1215, .F. ) ;
#2776 = DIRECTION ( 'NONE',  ( 0.0000000000000000000, 0.0000000000000000000, -1.000000000000000000 ) ) ;
#2777 = CARTESIAN_POINT ( 'NONE',  ( -1.045271802516929416, 0.2479244568954917793, 0.5989999999999994218 ) ) ;
#2778 = CARTESIAN_POINT ( 'NONE',  ( 0.8011014569562898702, 0.4605005352256765772, 0.5999999999999989786 ) ) ;
#2779 = COLOUR_RGB ( '',0.7686274509803920907, 0.7686274509803920907, 0.7686274509803920907 ) ;
#2780 = CARTESIAN_POINT ( 'NONE',  ( 3.200000000000000178, -1.600000000000000089, -5.327213576290987228E-16 ) ) ;
#2781 = CARTESIAN_POINT ( 'NONE',  ( 0.4715915914895517647, -0.3186320349971067944, 0.5999999999999994227 ) ) ;
#2782 = CARTESIAN_POINT ( 'NONE',  ( -0.2497332618301693896, -0.3135476104768784578, 0.5989999999999995328 ) ) ;
#2783 = FILL_AREA_STYLE_COLOUR ( '', #1564 ) ;
#2784 = CARTESIAN_POINT ( 'NONE',  ( 2.620000000000000995, -1.450000000000000178, 0.5799999999999994049 ) ) ;
#2785 = AXIS2_PLACEMENT_3D ( 'NONE', #3085, #3584, #2713 ) ;
#2786 = ORIENTED_EDGE ( 'NONE', *, *, #3668, .F. ) ;
#2787 = SURFACE_SIDE_STYLE ('',( #5350 ) ) ;
#2788 = CARTESIAN_POINT ( 'NONE',  ( 0.5021116384199095783, 0.3519313413877854235, 0.5999999999999995337 ) ) ;
#2789 = PRESENTATION_STYLE_ASSIGNMENT (( #2395 ) ) ;
#2790 = MECHANICAL_DESIGN_GEOMETRIC_PRESENTATION_REPRESENTATION (  '', ( #4401 ), #845 ) ;
#2791 = FILL_AREA_STYLE ('',( #3613 ) ) ;
#2792 = CARTESIAN_POINT ( 'NONE',  ( -0.1428556922220035330, 0.07760390843950513984, 0.5999999999999994227 ) ) ;
#2793 = UNCERTAINTY_MEASURE_WITH_UNIT (LENGTH_MEASURE( 1.000000000000000082E-05 ), #5185, 'distance_accuracy_value', 'NONE');
#2794 = CARTESIAN_POINT ( 'NONE',  ( -2.640000000000000568, -1.450000000000000178, -0.001000000000000674828 ) ) ;
#2795 = ORIENTED_EDGE ( 'NONE', *, *, #525, .F. ) ;
#2796 = AXIS2_PLACEMENT_3D ( 'NONE', #2807, #3710, #4540 ) ;
#2797 = DIRECTION ( 'NONE',  ( 0.0000000000000000000, -1.000000000000000000, 0.0000000000000000000 ) ) ;
#2798 = LINE ( 'NONE', #720, #2484 ) ;
#2799 = FACE_OUTER_BOUND ( 'NONE', #696, .T. ) ;
#2800 = CARTESIAN_POINT ( 'NONE',  ( -0.3009285376020100489, -0.2437656936087208015, 0.5999999999999994227 ) ) ;
#2801 = DIRECTION ( 'NONE',  ( 0.0000000000000000000, -0.0000000000000000000, 1.000000000000000000 ) ) ;
#2802 = B_SPLINE_CURVE_WITH_KNOTS ( 'NONE', 3,
 ( #1506, #5258, #4870, #4817, #5282, #2374, #134, #1058, #610, #1014, #2694 ),
 .UNSPECIFIED., .F., .F.,
 ( 4, 1, 1, 1, 1, 1, 1, 1, 4 ),
 ( 0.0000000000000000000, 0.1179223197415589369, 0.2352430577939120526, 0.3551368795786962185, 0.4784261928938942088, 0.6040343206453687719, 0.7311470825726790190, 0.8629462348892494861, 1.000000000000000000 ),
 .UNSPECIFIED. ) ;
#2803 = CARTESIAN_POINT ( 'NONE',  ( 0.6326984973285505465, -0.1590135136712892416, 0.5999999999999993117 ) ) ;
#2804 = ADVANCED_FACE ( 'NONE', ( #2159 ), #2080, .F. ) ;
#2805 = ADVANCED_FACE ( 'NONE', ( #5097 ), #378, .T. ) ;
#2806 = ORIENTED_EDGE ( 'NONE', *, *, #2881, .T. ) ;
#2807 = CARTESIAN_POINT ( 'NONE',  ( -3.180000000000000604, -1.600000000000000089, 0.01999999999999942102 ) ) ;
#2808 = VERTEX_POINT ( 'NONE', #834 ) ;
#2809 = ORIENTED_EDGE ( 'NONE', *, *, #350, .F. ) ;
#2810 = PLANE ( 'NONE',  #1849 ) ;
#2811 = DIRECTION ( 'NONE',  ( -0.0000000000000000000, -0.0000000000000000000, 1.000000000000000000 ) ) ;
#2812 = CARTESIAN_POINT ( 'NONE',  ( 0.6949879377428108684, 0.4868854958565307922, 0.5989999999999994218 ) ) ;
#2813 = DIRECTION ( 'NONE',  ( -7.228014483236698528E-16, -0.0000000000000000000, -1.000000000000000000 ) ) ;
#2814 = CARTESIAN_POINT ( 'NONE',  ( 0.4972246406819736952, -0.2120101229100117834, 0.5989999999999996438 ) ) ;
#2815 = CARTESIAN_POINT ( 'NONE',  ( 0.8975853403402136443, 0.2626971841682190778, 0.5989999999999994218 ) ) ;
#2816 = FILL_AREA_STYLE ('',( #4071 ) ) ;
#2817 = CARTESIAN_POINT ( 'NONE',  ( 0.07928737435328638006, 0.3225539051485744046, 0.5999999999999995337 ) ) ;
#2818 = CARTESIAN_POINT ( 'NONE',  ( -0.7479963199665570217, 0.3649107585221800787, 0.5989999999999995328 ) ) ;
#2819 = ORIENTED_EDGE ( 'NONE', *, *, #3869, .T. ) ;
#2820 = CARTESIAN_POINT ( 'NONE',  ( -1.038393467938456771, 0.3033696475096696044, 0.5989999999999997549 ) ) ;
#2821 = CARTESIAN_POINT ( 'NONE',  ( -1.055681135783175684, -0.3186320349971067389, 0.5989999999999994218 ) ) ;
#2822 = CARTESIAN_POINT ( 'NONE',  ( -0.4530640103091372328, 0.04435302832406316093, 0.5989999999999994218 ) ) ;
#2823 = CARTESIAN_POINT ( 'NONE',  ( -0.3402393349844617942, -0.3338937249226900938, 0.5999999999999994227 ) ) ;
#2824 = CARTESIAN_POINT ( 'NONE',  ( 0.1036033672070377082, 0.2399365476088057003, 0.5989999999999995328 ) ) ;
#2825 = FACE_OUTER_BOUND ( 'NONE', #3590, .T. ) ;
#2826 = VERTEX_POINT ( 'NONE', #4231 ) ;
#2827 = CARTESIAN_POINT ( 'NONE',  ( -0.3561820380445125389, 0.1224996533456459286, 0.5999999999999994227 ) ) ;
#2828 = CARTESIAN_POINT ( 'NONE',  ( 0.1807022234570966057, 0.3102621192331541100, 0.5999999999999994227 ) ) ;
#2829 = CARTESIAN_POINT ( 'NONE',  ( -1.055681135783175684, -0.3186320349971067389, 0.5999999999999994227 ) ) ;
#2830 = CARTESIAN_POINT ( 'NONE',  ( 2.640000000000000568, 1.450000000000000178, -0.001000000000000674828 ) ) ;
#2831 = VERTEX_POINT ( 'NONE', #404 ) ;
#2832 = VERTEX_POINT ( 'NONE', #3815 ) ;
#2833 = ADVANCED_FACE ( 'NONE', ( #4262 ), #5501, .T. ) ;
#2834 = FILL_AREA_STYLE_COLOUR ( '', #4635 ) ;
#2835 = CARTESIAN_POINT ( 'NONE',  ( 0.6444310986844059563, -0.01742567407984662101, 0.5989999999999995328 ) ) ;
#2836 =( GEOMETRIC_REPRESENTATION_CONTEXT ( 3 ) GLOBAL_UNCERTAINTY_ASSIGNED_CONTEXT ( ( #560 ) ) GLOBAL_UNIT_ASSIGNED_CONTEXT ( ( #4070, #1438, #3187 ) ) REPRESENTATION_CONTEXT ( 'NONE', 'WORKASPACE' ) );
#2837 = DIRECTION ( 'NONE',  ( 1.000000000000000000, 0.0000000000000000000, 0.0000000000000000000 ) ) ;
#2838 = CARTESIAN_POINT ( 'NONE',  ( 0.4728801387029463177, -0.2937120445264359558, 0.5989999999999993108 ) ) ;
#2839 = CARTESIAN_POINT ( 'NONE',  ( -0.5457816190783433274, -0.1140507828283561370, 0.5999999999999995337 ) ) ;
#2840 = SURFACE_SIDE_STYLE ('',( #1154 ) ) ;
#2841 = CARTESIAN_POINT ( 'NONE',  ( -0.8917003739455009459, -0.02658853011749527998, 0.5989999999999994218 ) ) ;
#2842 = AXIS2_PLACEMENT_3D ( 'NONE', #2763, #2323, #5381 ) ;
#2843 = UNCERTAINTY_MEASURE_WITH_UNIT (LENGTH_MEASURE( 1.000000000000000082E-05 ), #2378, 'distance_accuracy_value', 'NONE');
#2844 = CARTESIAN_POINT ( 'NONE',  ( 3.180000000000000604, -1.600000000000000089, 0.01999999999999928224 ) ) ;
#2845 = EDGE_CURVE ( 'NONE', #4980, #4057, #512, .T. ) ;
#2846 = ORIENTED_EDGE ( 'NONE', *, *, #1848, .T. ) ;
#2847 = EDGE_CURVE ( 'NONE', #3051, #1710, #2187, .T. ) ;
#2848 = CARTESIAN_POINT ( 'NONE',  ( -0.9940490243610120569, 0.4109848974171834146, 0.5989999999999996438 ) ) ;
#2849 = CARTESIAN_POINT ( 'NONE',  ( -0.7479963199665570217, 0.3649107585221800787, 0.5999999999999995337 ) ) ;
#2850 = MECHANICAL_DESIGN_GEOMETRIC_PRESENTATION_REPRESENTATION (  '', ( #1794 ), #5182 ) ;
#2851 = PRESENTATION_LAYER_ASSIGNMENT (  '', '', ( #3652 ) ) ;
#2852 = CARTESIAN_POINT ( 'NONE',  ( -1.030048086590753975, -0.2120101229100117002, 0.5989999999999994218 ) ) ;
#2853 = CARTESIAN_POINT ( 'NONE',  ( 0.5651178078726810661, 0.2375348465058814140, 0.5989999999999994218 ) ) ;
#2854 = SURFACE_SIDE_STYLE ('',( #1160 ) ) ;
#2855 = SURFACE_STYLE_FILL_AREA ( #5326 ) ;
#2856 = SURFACE_SIDE_STYLE ('',( #4224 ) ) ;
#2857 = DIRECTION ( 'NONE',  ( 1.000000000000000000, 0.0000000000000000000, 0.0000000000000000000 ) ) ;
#2858 = ORIENTED_EDGE ( 'NONE', *, *, #1221, .T. ) ;
#2859 = MECHANICAL_DESIGN_GEOMETRIC_PRESENTATION_REPRESENTATION (  '', ( #3133 ), #4814 ) ;
#2860 = STYLED_ITEM ( 'NONE', ( #4973 ), #2272 ) ;
#2861 = CARTESIAN_POINT ( 'NONE',  ( 0.7030595301494255711, 0.4866485630126581308, 0.5989999999999994218 ) ) ;
#2862 = CARTESIAN_POINT ( 'NONE',  ( -0.8340944995343259061, -0.09193794521547518639, 0.5989999999999993108 ) ) ;
#2863 = CARTESIAN_POINT ( 'NONE',  ( -0.6941929733596660101, 0.4346165392160175056, 0.5999999999999993117 ) ) ;
#2864 = AXIS2_PLACEMENT_3D ( 'NONE', #3786, #2945, #5124 ) ;
#2865 =( LENGTH_UNIT ( ) NAMED_UNIT ( * ) SI_UNIT ( .MILLI., .METRE. ) );
#2866 = CARTESIAN_POINT ( 'NONE',  ( 2.640000000000000568, -1.450000000000000178, 0.5799999999999994049 ) ) ;
#2867 = SURFACE_STYLE_USAGE ( .BOTH. , #1960 ) ;
#2868 = PRESENTATION_STYLE_ASSIGNMENT (( #3239 ) ) ;
#2869 = ORIENTED_EDGE ( 'NONE', *, *, #1559, .F. ) ;
#2870 = ORIENTED_EDGE ( 'NONE', *, *, #1326, .F. ) ;
#2871 = DIRECTION ( 'NONE',  ( -1.000000000000000000, -0.0000000000000000000, 3.872150616019661792E-16 ) ) ;
#2872 = CARTESIAN_POINT ( 'NONE',  ( -0.6327302297164260070, 0.3050103214907985971, 0.5989999999999994218 ) ) ;
#2873 = CARTESIAN_POINT ( 'NONE',  ( 0.8945424975563011083, 0.3050103214907983751, 0.5999999999999992006 ) ) ;
#2874 = CARTESIAN_POINT ( 'NONE',  ( 0.4756096685268547120, -0.2782986198866735372, 0.5999999999999993117 ) ) ;
#2875 = DIRECTION ( 'NONE',  ( -1.000000000000000000, -0.0000000000000000000, -0.0000000000000000000 ) ) ;
#2876 = CARTESIAN_POINT ( 'NONE',  ( -0.8960889189479736006, 0.4788299811653589644, 0.5999999999999992006 ) ) ;
#2877 = CARTESIAN_POINT ( 'NONE',  ( -0.7212668361346062929, 0.3203122678291255854, 0.5989999999999995328 ) ) ;
#2878 = CARTESIAN_POINT ( 'NONE',  ( -1.044415242594016968, 0.2575695103935631280, 0.5989999999999993108 ) ) ;
#2879 = CARTESIAN_POINT ( 'NONE',  ( -0.7666311016981259829, 0.3820298670887027348, 0.5989999999999995328 ) ) ;
#2880 = CARTESIAN_POINT ( 'NONE',  ( -1.051663058745872403, -0.2782986198866733707, 0.5989999999999993108 ) ) ;
#2881 = EDGE_CURVE ( 'NONE', #2624, #4824, #2461, .T. ) ;
#2882 = LINE ( 'NONE', #2853, #1511 ) ;
#2883 = EDGE_CURVE ( 'NONE', #2541, #2110, #1820, .T. ) ;
#2884 = LINE ( 'NONE', #4948, #574 ) ;
#2885 = CARTESIAN_POINT ( 'NONE',  ( -0.8340944995343259061, -0.09193794521547518639, 0.5999999999999993117 ) ) ;
#2886 = ORIENTED_EDGE ( 'NONE', *, *, #1151, .T. ) ;
#2887 = CARTESIAN_POINT ( 'NONE',  ( -0.3894297245517662764, 0.1116819062904768067, 0.5989999999999991998 ) ) ;
#2888 = PRESENTATION_LAYER_ASSIGNMENT (  '', '', ( #3516 ) ) ;
#2889 = CARTESIAN_POINT ( 'NONE',  ( -0.6423166505865886000, 0.3452295077096059761, 0.5989999999999993108 ) ) ;
#2890 = DIRECTION ( 'NONE',  ( 0.0000000000000000000, -0.0000000000000000000, -1.000000000000000000 ) ) ;
#2891 =( GEOMETRIC_REPRESENTATION_CONTEXT ( 3 ) GLOBAL_UNCERTAINTY_ASSIGNED_CONTEXT ( ( #279 ) ) GLOBAL_UNIT_ASSIGNED_CONTEXT ( ( #1039, #3570, #1805 ) ) REPRESENTATION_CONTEXT ( 'NONE', 'WORKASPACE' ) );
#2892 = EDGE_LOOP ( 'NONE', ( #3427, #830, #945, #739 ) ) ;
#2893 = CARTESIAN_POINT ( 'NONE',  ( 0.6654876805311376042, 0.4011674935311637658, 0.5989999999999996438 ) ) ;
#2894 = LINE ( 'NONE', #2830, #1868 ) ;
#2895 = CARTESIAN_POINT ( 'NONE',  ( 0.6417519138999960848, -0.1485748400849935813, 0.5989999999999994218 ) ) ;
#2896 = VERTEX_POINT ( 'NONE', #3482 ) ;
#2897 = ORIENTED_EDGE ( 'NONE', *, *, #2090, .F. ) ;
#2898 = CARTESIAN_POINT ( 'NONE',  ( 0.7629957652247565392, 0.4777850990219149607, 0.5999999999999992006 ) ) ;
#2899 = CARTESIAN_POINT ( 'NONE',  ( -0.7128042700493969486, 0.2643205607915956046, 0.5999999999999994227 ) ) ;
#2900 = UNCERTAINTY_MEASURE_WITH_UNIT (LENGTH_MEASURE( 1.000000000000000082E-05 ), #3014, 'distance_accuracy_value', 'NONE');
#2901 = CARTESIAN_POINT ( 'NONE',  ( 0.5560017265985970347, -0.1164916731929391130, 0.5989999999999995328 ) ) ;
#2902 = CARTESIAN_POINT ( 'NONE',  ( -3.180000000000000604, 1.600000000000000089, 0.01999999999999942102 ) ) ;
#2903 =( NAMED_UNIT ( * ) SI_UNIT ( $, .STERADIAN. ) SOLID_ANGLE_UNIT ( ) );
#2904 = LINE ( 'NONE', #1103, #1353 ) ;
#2905 = CARTESIAN_POINT ( 'NONE',  ( -1.054392588569781353, -0.2937120445264361224, 0.5989999999999995328 ) ) ;
#2906 = CARTESIAN_POINT ( 'NONE',  ( -0.9806962932156807478, 0.4269606415826426860, 0.5999999999999995337 ) ) ;
#2907 = CARTESIAN_POINT ( 'NONE',  ( -0.6296873869325138040, 0.2626971841682190778, 0.5999999999999994227 ) ) ;
#2908 = CARTESIAN_POINT ( 'NONE',  ( -0.4173433051814026129, -0.3191263887283072864, 0.5999999999999993117 ) ) ;
#2909 = DIRECTION ( 'NONE',  ( -0.0000000000000000000, -0.0000000000000000000, 1.000000000000000000 ) ) ;
#2910 = UNCERTAINTY_MEASURE_WITH_UNIT (LENGTH_MEASURE( 1.000000000000000082E-05 ), #1311, 'distance_accuracy_value', 'NONE');
#2911 = ADVANCED_FACE ( 'NONE', ( #3921 ), #3795, .T. ) ;
#2912 = EDGE_CURVE ( 'NONE', #3115, #3819, #2798, .T. ) ;
#2913 = CARTESIAN_POINT ( 'NONE',  ( -0.3731413078260957805, 0.1184540034199079578, 0.5999999999999996447 ) ) ;
#2914 = SURFACE_SIDE_STYLE ('',( #4532 ) ) ;
#2915 =( NAMED_UNIT ( * ) SI_UNIT ( $, .STERADIAN. ) SOLID_ANGLE_UNIT ( ) );
#2916 = CARTESIAN_POINT ( 'NONE',  ( -2.640000000000000568, 1.600000000000000089, -0.001000000000000674828 ) ) ;
#2917 = FILL_AREA_STYLE ('',( #5446 ) ) ;
#2918 = DIRECTION ( 'NONE',  ( 0.0000000000000000000, 1.000000000000000000, 0.0000000000000000000 ) ) ;
#2919 =( NAMED_UNIT ( * ) SI_UNIT ( $, .STERADIAN. ) SOLID_ANGLE_UNIT ( ) );
#2920 = AXIS2_PLACEMENT_3D ( 'NONE', #3953, #664, #1037 ) ;
#2921 = DIRECTION ( 'NONE',  ( -0.0000000000000000000, -0.0000000000000000000, 1.000000000000000000 ) ) ;
#2922 = ORIENTED_EDGE ( 'NONE', *, *, #3298, .T. ) ;
#2923 = CARTESIAN_POINT ( 'NONE',  ( 0.8465662902286366087, 0.4185715134532380088, 0.5999999999999994227 ) ) ;
#2924 = AXIS2_PLACEMENT_3D ( 'NONE', #5136, #3908, #5192 ) ;
#2925 = CARTESIAN_POINT ( 'NONE',  ( 0.7284432191471666984, 0.3984312917504233553, 0.5989999999999994218 ) ) ;
#2926 = CARTESIAN_POINT ( 'NONE',  ( -0.2087448669894776121, 0.002511111700478785118, 0.5989999999999993108 ) ) ;
#2927 = B_SPLINE_CURVE_WITH_KNOTS ( 'NONE', 3,
 ( #2899, #4511, #217, #4150, #1917, #1097, #275, #4486, #1966, #4098, #733, #672, #1937, #3687, #3276, #4963, #1318, #3002, #1232 ),
 .UNSPECIFIED., .F., .F.,
 ( 4, 1, 1, 1, 1, 1, 1, 1, 1, 1, 1, 1, 1, 1, 1, 1, 4 ),
 ( 0.0000000000000000000, 0.07278041585726051366, 0.1421477661410811000, 0.2091827705192677578, 0.2742917701525877106, 0.3377688011273006774, 0.4007572236760685302, 0.4628012679375338445, 0.5255951311873973131, 0.5875404891381657002, 0.6475290235975744713, 0.7063226117617446009, 0.7636995326185601618, 0.8213742411629880724, 0.8796189551866803180, 0.9389099248298989897, 1.000000000000000000 ),
 .UNSPECIFIED. ) ;
#2928 = LINE ( 'NONE', #4628, #2742 ) ;
#2929 = CARTESIAN_POINT ( 'NONE',  ( -0.9600638287017508876, 0.2750471012323171260, 0.5999999999999994227 ) ) ;
#2930 = CARTESIAN_POINT ( 'NONE',  ( -0.1517653090104358338, 0.4661062750773100061, 0.5989999999999994218 ) ) ;
#2931 = CARTESIAN_POINT ( 'NONE',  ( -0.5071527224272214251, -0.2400995001683500774, 0.5989999999999994218 ) ) ;
#2932 = DIRECTION ( 'NONE',  ( 0.9922778767136676281, 0.1240347345892083009, 0.0000000000000000000 ) ) ;
#2933 =( LENGTH_UNIT ( ) NAMED_UNIT ( * ) SI_UNIT ( .MILLI., .METRE. ) );
#2934 = CARTESIAN_POINT ( 'NONE',  ( 2.640000000000000568, -1.450000000000000178, 0.6000000000000000888 ) ) ;
#2935 = FILL_AREA_STYLE ('',( #881 ) ) ;
#2936 = CARTESIAN_POINT ( 'NONE',  ( -3.180000000000000604, -1.600000000000000089, 0.01999999999999942102 ) ) ;
#2937 = CARTESIAN_POINT ( 'NONE',  ( -0.9413756986208254851, -0.2299976210265861909, 0.5989999999999994218 ) ) ;
#2938 = CARTESIAN_POINT ( 'NONE',  ( 0.8974381993840550020, 0.2698483120667990454, 0.5989999999999995328 ) ) ;
#2939 = PLANE ( 'NONE',  #2425 ) ;
#2940 =( GEOMETRIC_REPRESENTATION_CONTEXT ( 3 ) GLOBAL_UNCERTAINTY_ASSIGNED_CONTEXT ( ( #1416 ) ) GLOBAL_UNIT_ASSIGNED_CONTEXT ( ( #1592, #2353, #1619 ) ) REPRESENTATION_CONTEXT ( 'NONE', 'WORKASPACE' ) );
#2941 = PRESENTATION_LAYER_ASSIGNMENT (  '', '', ( #2860 ) ) ;
#2942 = DIRECTION ( 'NONE',  ( -1.000000000000000000, 0.0000000000000000000, 0.0000000000000000000 ) ) ;
#2943 = VERTEX_POINT ( 'NONE', #1929 ) ;
#2944 = CARTESIAN_POINT ( 'NONE',  ( -3.200000000000000622, -1.600000000000000089, 0.6000000000000000888 ) ) ;
#2945 = DIRECTION ( 'NONE',  ( 1.000000000000000000, 0.0000000000000000000, -7.228014483236699514E-16 ) ) ;
#2946 = STYLED_ITEM ( 'NONE', ( #2789 ), #4009 ) ;
#2947 = PRESENTATION_LAYER_ASSIGNMENT (  '', '', ( #2324 ) ) ;
#2948 = B_SPLINE_SURFACE_WITH_KNOTS ( 'NONE', 3, 1, ( 
 ( #3302, #5109 ),
 ( #2087, #385 ),
 ( #5158, #816 ),
 ( #1695, #872 ),
 ( #4657, #4712 ),
 ( #935, #4329 ),
 ( #411, #3793 ),
 ( #1350, #1664 ),
 ( #495, #2555 ),
 ( #5049, #3769 ),
 ( #5483, #906 ),
 ( #846, #1321 ),
 ( #1236, #4298 ),
 ( #5455, #3040 ),
 ( #2114, #3374 ),
 ( #4214, #2929 ),
 ( #467, #4273 ),
 ( #2170, #1267 ),
 ( #4629, #2615 ) ),
 .UNSPECIFIED., .F., .F., .F.,
 ( 4, 1, 1, 1, 1, 1, 1, 1, 1, 1, 1, 1, 1, 1, 1, 1, 4 ),
 ( 2, 2 ),
 ( 0.0000000000000000000, 0.05804926609053278480, 0.1133148320836877276, 0.1675622724459463475, 0.2211424480951691973, 0.2755171013253206458, 0.3295224528313861478, 0.3857580765321463323, 0.4438934661352176292, 0.5036774965383465918, 0.5646453277561697126, 0.6280046557190155365, 0.6950187707529337233, 0.7646653028278005415, 0.8387700575937288017, 0.9171404580728560463, 0.9999999999999998890 ),
 ( 0.0000000000000000000, 1.000000000000000000 ),
 .UNSPECIFIED. ) ;
#2949 = CARTESIAN_POINT ( 'NONE',  ( 0.8975853403402136443, -0.2299976210265861909, 0.5989999999999994218 ) ) ;
#2950 = EDGE_CURVE ( 'NONE', #2319, #2489, #5331, .T. ) ;
#2951 = FACE_OUTER_BOUND ( 'NONE', #5134, .T. ) ;
#2952 = EDGE_CURVE ( 'NONE', #4149, #122, #1111, .T. ) ;
#2953 = PRESENTATION_STYLE_ASSIGNMENT (( #23 ) ) ;
#2954 = EDGE_LOOP ( 'NONE', ( #3625, #3736, #3538, #2693, #1495, #1860, #133, #1632 ) ) ;
#2955 = ORIENTED_EDGE ( 'NONE', *, *, #667, .F. ) ;
#2956 = FILL_AREA_STYLE ('',( #4624 ) ) ;
#2957 = LINE ( 'NONE', #2140, #1878 ) ;
#2958 = CARTESIAN_POINT ( 'NONE',  ( -1.045271802516929416, 0.2479244568954917793, 0.5999999999999994227 ) ) ;
#2959 = CARTESIAN_POINT ( 'NONE',  ( 0.6119061571153961987, 0.4723541777077954196, 0.5989999999999995328 ) ) ;
#2960 = CARTESIAN_POINT ( 'NONE',  ( -0.2419170709483341175, 0.07633881392249902698, 0.5999999999999993117 ) ) ;
#2961 = SURFACE_STYLE_USAGE ( .BOTH. , #1330 ) ;
#2962 = CARTESIAN_POINT ( 'NONE',  ( -0.8960889189479736006, 0.4788299811653589644, 0.5999999999999992006 ) ) ;
#2963 = FACE_OUTER_BOUND ( 'NONE', #4451, .T. ) ;
#2964 = CARTESIAN_POINT ( 'NONE',  ( -0.8750784352073009975, -0.1365703459121404284, 0.5989999999999994218 ) ) ;
#2965 =( GEOMETRIC_REPRESENTATION_CONTEXT ( 3 ) GLOBAL_UNCERTAINTY_ASSIGNED_CONTEXT ( ( #1245 ) ) GLOBAL_UNIT_ASSIGNED_CONTEXT ( ( #4233, #649, #1125 ) ) REPRESENTATION_CONTEXT ( 'NONE', 'WORKASPACE' ) );
#2966 = CARTESIAN_POINT ( 'NONE',  ( -0.2249326377132906396, 0.05049072060263529865, 0.5999999999999994227 ) ) ;
#2967 = DIRECTION ( 'NONE',  ( -1.000000000000000000, 0.0000000000000000000, 0.0000000000000000000 ) ) ;
#2968 = CARTESIAN_POINT ( 'NONE',  ( -0.7132200442572793619, 0.2551932372005331628, 0.5989999999999993108 ) ) ;
#2969 = EDGE_LOOP ( 'NONE', ( #4030, #1799, #4228, #2109 ) ) ;
#2970 = LINE ( 'NONE', #4756, #1935 ) ;
#2971 = VECTOR ( 'NONE', #254, 1000.000000000000227 ) ;
#2972 =( LENGTH_UNIT ( ) NAMED_UNIT ( * ) SI_UNIT ( .MILLI., .METRE. ) );
#2973 = MECHANICAL_DESIGN_GEOMETRIC_PRESENTATION_REPRESENTATION (  '', ( #2705 ), #2344 ) ;
#2974 = CARTESIAN_POINT ( 'NONE',  ( -0.3092732833847977036, 0.2061384701396817287, 0.5999999999999994227 ) ) ;
#2975 = ORIENTED_EDGE ( 'NONE', *, *, #2883, .T. ) ;
#2976 = CARTESIAN_POINT ( 'NONE',  ( 0.8144104831640454067, 0.2693595699672963750, 0.5989999999999994218 ) ) ;
#2977 = AXIS2_PLACEMENT_3D ( 'NONE', #2237, #3382, #5492 ) ;
#2978 = EDGE_CURVE ( 'NONE', #24, #1538, #690, .T. ) ;
#2979 = CARTESIAN_POINT ( 'NONE',  ( -0.2185573139600784365, 0.03559522353058171273, 0.5989999999999991998 ) ) ;
#2980 = ADVANCED_FACE ( 'NONE', ( #260 ), #15, .T. ) ;
#2981 = SURFACE_SIDE_STYLE ('',( #1644 ) ) ;
#2982 = ORIENTED_EDGE ( 'NONE', *, *, #3092, .F. ) ;
#2983 = CARTESIAN_POINT ( 'NONE',  ( -0.1211833983516168722, -0.07940698003494871260, 0.5999999999999994227 ) ) ;
#2984 = CARTESIAN_POINT ( 'NONE',  ( -0.4530640103091372328, 0.04435302832406316093, 0.5989999999999994218 ) ) ;
#2985 = CARTESIAN_POINT ( 'NONE',  ( 0.4949295571265764915, 0.3285027329664727547, 0.5989999999999991998 ) ) ;
#2986 = CARTESIAN_POINT ( 'NONE',  ( -0.2517197126340890434, 0.08741682341612147522, 0.5999999999999994227 ) ) ;
#2987 =( NAMED_UNIT ( * ) PLANE_ANGLE_UNIT ( ) SI_UNIT ( $, .RADIAN. ) );
#2988 = DIRECTION ( 'NONE',  ( 0.7071067811865398012, -0.0000000000000000000, 0.7071067811865552333 ) ) ;
#2989 = DIRECTION ( 'NONE',  ( 1.000000000000000000, 0.0000000000000000000, 0.0000000000000000000 ) ) ;
#2990 = B_SPLINE_SURFACE_WITH_KNOTS ( 'NONE', 3, 1, ( 
 ( #4466, #2958 ),
 ( #1666, #1645 ),
 ( #3375, #4550 ),
 ( #762, #4630 ),
 ( #4658, #5484 ),
 ( #4127, #1571 ),
 ( #1269, #4968 ),
 ( #5456, #818 ),
 ( #363, #305 ),
 ( #2496, #847 ),
 ( #2417, #1237 ),
 ( #4216, #5000 ),
 ( #2443, #5374 ),
 ( #2029, #3347 ),
 ( #386, #2876 ),
 ( #4242, #2525 ),
 ( #5432, #4185 ),
 ( #5402, #412 ),
 ( #3743, #4154 ) ),
 .UNSPECIFIED., .F., .F., .F.,
 ( 4, 1, 1, 1, 1, 1, 1, 1, 1, 1, 1, 1, 1, 1, 1, 1, 4 ),
 ( 2, 2 ),
 ( 0.0000000000000000000, 0.08100969503787953940, 0.1571624851194886596, 0.2293186239864792864, 0.2971995747160035561, 0.3619501700138806344, 0.4237206412699676683, 0.4831222440402864748, 0.5409816837709602311, 0.5976614915012095075, 0.6531809217988240324, 0.7078518819289704167, 0.7635482905380021057, 0.8195365889150293404, 0.8776400206428155437, 0.9374543783683156883, 1.000000000000000000 ),
 ( 0.0000000000000000000, 1.000000000000000000 ),
 .UNSPECIFIED. ) ;
#2991 = B_SPLINE_CURVE_WITH_KNOTS ( 'NONE', 3,
 ( #1487, #3186, #4878, #1067, #1177, #701, #4935, #2024, #2413, #325, #5369, #781, #3713, #1515, #3628, #2872, #3738, #3653, #5021 ),
 .UNSPECIFIED., .F., .F.,
 ( 4, 1, 1, 1, 1, 1, 1, 1, 1, 1, 1, 1, 1, 1, 1, 1, 4 ),
 ( 0.0000000000000000000, 0.07132852292713298681, 0.1388884808472359011, 0.2034880553541793813, 0.2653888690468833578, 0.3261469149304290216, 0.3858495392516023692, 0.4464210050912529315, 0.5085062454043183244, 0.5707165835193889203, 0.6319861944004558918, 0.6929433797704674936, 0.7531646365281635669, 0.8133972833669926850, 0.8747321709322000149, 0.9368339827764059491, 0.9999999999999998890 ),
 .UNSPECIFIED. ) ;
#2992 = CARTESIAN_POINT ( 'NONE',  ( -0.1434063649568559640, -0.1837583839445703360, 0.5999999999999994227 ) ) ;
#2993 = ORIENTED_EDGE ( 'NONE', *, *, #4617, .T. ) ;
#2994 = CARTESIAN_POINT ( 'NONE',  ( 0.5651734312830569706, 0.2440338272302541023, 0.5989999999999995328 ) ) ;
#2995 = FILL_AREA_STYLE ('',( #2132 ) ) ;
#2996 = CARTESIAN_POINT ( 'NONE',  ( 3.180000000000000604, -1.600000000000000089, 0.5799999999999995159 ) ) ;
#2997 = SURFACE_STYLE_FILL_AREA ( #1312 ) ;
#2998 = CARTESIAN_POINT ( 'NONE',  ( -0.2775951931577969600, 0.2023446951565619489, 0.5989999999999994218 ) ) ;
#2999 = ORIENTED_EDGE ( 'NONE', *, *, #2912, .F. ) ;
#3000 = ORIENTED_EDGE ( 'NONE', *, *, #636, .F. ) ;
#3001 = CARTESIAN_POINT ( 'NONE',  ( -0.5465705038156307705, -0.1053222963512614879, 0.5999999999999994227 ) ) ;
#3002 = CARTESIAN_POINT ( 'NONE',  ( -0.8311430794365725072, 0.4036318927356682407, 0.5999999999999994227 ) ) ;
#3003 = COLOUR_RGB ( '',0.7686274509803920907, 0.7686274509803920907, 0.7686274509803920907 ) ;
#3004 = LINE ( 'NONE', #1692, #812 ) ;
#3005 = CARTESIAN_POINT ( 'NONE',  ( 0.01446845722333049700, 0.1855867945578294209, 0.5999999999999994227 ) ) ;
#3006 = ORIENTED_EDGE ( 'NONE', *, *, #2456, .T. ) ;
#3007 = CARTESIAN_POINT ( 'NONE',  ( 0.01446845722333049700, 0.1855867945578294209, 0.5989999999999994218 ) ) ;
#3008 = DIRECTION ( 'NONE',  ( -7.228014483236698528E-16, 0.0000000000000000000, 1.000000000000000000 ) ) ;
#3009 = CARTESIAN_POINT ( 'NONE',  ( -0.8228152876768718427, 0.4033624791381225649, 0.5989999999999995328 ) ) ;
#3010 =( GEOMETRIC_REPRESENTATION_CONTEXT ( 3 ) GLOBAL_UNCERTAINTY_ASSIGNED_CONTEXT ( ( #5028 ) ) GLOBAL_UNIT_ASSIGNED_CONTEXT ( ( #1825, #1853, #3564 ) ) REPRESENTATION_CONTEXT ( 'NONE', 'WORKASPACE' ) );
#3011 =( NAMED_UNIT ( * ) PLANE_ANGLE_UNIT ( ) SI_UNIT ( $, .RADIAN. ) );
#3012 = PLANE ( 'NONE',  #1430 ) ;
#3013 =( LENGTH_UNIT ( ) NAMED_UNIT ( * ) SI_UNIT ( .MILLI., .METRE. ) );
#3014 =( LENGTH_UNIT ( ) NAMED_UNIT ( * ) SI_UNIT ( .MILLI., .METRE. ) );
#3015 = EDGE_CURVE ( 'NONE', #3323, #424, #765, .T. ) ;
#3016 = CARTESIAN_POINT ( 'NONE',  ( -3.180000000000000604, -1.600000000000000089, 0.5800000000000001821 ) ) ;
#3017 = EDGE_CURVE ( 'NONE', #645, #3397, #1598, .T. ) ;
#3018 = ORIENTED_EDGE ( 'NONE', *, *, #5393, .F. ) ;
#3019 = STYLED_ITEM ( 'NONE', ( #3641 ), #1561 ) ;
#3020 = MANIFOLD_SOLID_BREP ( 'Cut-Extrude1[2]', #1845 ) ;
#3021 = SURFACE_STYLE_USAGE ( .BOTH. , #5067 ) ;
#3022 = ORIENTED_EDGE ( 'NONE', *, *, #5458, .T. ) ;
#3023 = AXIS2_PLACEMENT_3D ( 'NONE', #4682, #2221, #4269 ) ;
#3024 = UNCERTAINTY_MEASURE_WITH_UNIT (LENGTH_MEASURE( 1.000000000000000082E-05 ), #3626, 'distance_accuracy_value', 'NONE');
#3025 = MECHANICAL_DESIGN_GEOMETRIC_PRESENTATION_REPRESENTATION (  '', ( #2394 ), #4189 ) ;
#3026 = LINE ( 'NONE', #861, #2139 ) ;
#3027 = CARTESIAN_POINT ( 'NONE',  ( 0.5858970286519019632, -0.2299976210265861909, 0.5989999999999994218 ) ) ;
#3028 = SURFACE_STYLE_USAGE ( .BOTH. , #3846 ) ;
#3029 =( GEOMETRIC_REPRESENTATION_CONTEXT ( 3 ) GLOBAL_UNCERTAINTY_ASSIGNED_CONTEXT ( ( #2440 ) ) GLOBAL_UNIT_ASSIGNED_CONTEXT ( ( #3248, #3660, #5347 ) ) REPRESENTATION_CONTEXT ( 'NONE', 'WORKASPACE' ) );
#3030 = CARTESIAN_POINT ( 'NONE',  ( -0.4634536206987475704, -0.09493268596165110873, 0.5999999999999994227 ) ) ;
#3031 = CARTESIAN_POINT ( 'NONE',  ( -0.1237728761037477226, 0.004556389034607326652, 0.5989999999999993108 ) ) ;
#3032 = SURFACE_STYLE_USAGE ( .BOTH. , #104 ) ;
#3033 = VERTEX_POINT ( 'NONE', #2784 ) ;
#3034 = SURFACE_STYLE_USAGE ( .BOTH. , #4376 ) ;
#3035 = LINE ( 'NONE', #433, #2224 ) ;
#3036 = COLOUR_RGB ( '',1.000000000000000000, 1.000000000000000000, 1.000000000000000000 ) ;
#3037 = AXIS2_PLACEMENT_3D ( 'NONE', #5223, #3639, #151 ) ;
#3038 = CARTESIAN_POINT ( 'NONE',  ( -0.7838929459334267325, 0.09439854205510410379, 0.5999999999999994227 ) ) ;
#3039 = LINE ( 'NONE', #2085, #541 ) ;
#3040 = CARTESIAN_POINT ( 'NONE',  ( -0.9535041984945639149, 0.3083447744437438631, 0.5999999999999994227 ) ) ;
#3041 = STYLED_ITEM ( 'NONE', ( #1200 ), #2770 ) ;
#3042 = ORIENTED_EDGE ( 'NONE', *, *, #86, .T. ) ;
#3043 = LINE ( 'NONE', #2497, #1648 ) ;
#3044 = CARTESIAN_POINT ( 'NONE',  ( -0.8657848034567915407, 0.0002166925124949825327, 0.5999999999999994227 ) ) ;
#3045 = CARTESIAN_POINT ( 'NONE',  ( -0.4667102583828598994, -0.2875615973438552797, 0.5989999999999997549 ) ) ;
#3046 = SURFACE_SIDE_STYLE ('',( #2092 ) ) ;
#3047 =( LENGTH_UNIT ( ) NAMED_UNIT ( * ) SI_UNIT ( .MILLI., .METRE. ) );
#3048 = CARTESIAN_POINT ( 'NONE',  ( -0.1931320658393165524, 0.1531419645470935009, 0.5989999999999993108 ) ) ;
#3049 = SURFACE_SIDE_STYLE ('',( #5169 ) ) ;
#3050 = CARTESIAN_POINT ( 'NONE',  ( -0.9130578514856084738, -0.1821659835189275989, 0.5989999999999993108 ) ) ;
#3051 = VERTEX_POINT ( 'NONE', #3746 ) ;
#3052 = CARTESIAN_POINT ( 'NONE',  ( 0.01446845722333049700, 0.1855867945578294209, 0.5989999999999994218 ) ) ;
#3053 = EDGE_CURVE ( 'NONE', #1616, #3949, #5434, .T. ) ;
#3054 = EDGE_CURVE ( 'NONE', #1796, #4695, #959, .T. ) ;
#3055 = CARTESIAN_POINT ( 'NONE',  ( -1.011923158047664417, -0.1759838316869604125, 0.5989999999999996438 ) ) ;
#3056 = CARTESIAN_POINT ( 'NONE',  ( -0.1207940833279796816, -0.06063145290353753186, 0.5999999999999995337 ) ) ;
#3057 = VERTEX_POINT ( 'NONE', #280 ) ;
#3058 = LINE ( 'NONE', #455, #890 ) ;
#3059 =( NAMED_UNIT ( * ) PLANE_ANGLE_UNIT ( ) SI_UNIT ( $, .RADIAN. ) );
#3060 = SURFACE_STYLE_FILL_AREA ( #4263 ) ;
#3061 = DIRECTION ( 'NONE',  ( 7.803232871773159601E-14, 3.158860567741392635E-16, 1.000000000000000000 ) ) ;
#3062 = SURFACE_SIDE_STYLE ('',( #2246 ) ) ;
#3063 = COLOUR_RGB ( '',1.000000000000000000, 1.000000000000000000, 1.000000000000000000 ) ;
#3064 = CARTESIAN_POINT ( 'NONE',  ( 0.02567950251751783056, 0.2858405218039424822, 0.5999999999999994227 ) ) ;
#3065 = DIRECTION ( 'NONE',  ( -0.0000000000000000000, -0.0000000000000000000, 1.000000000000000000 ) ) ;
#3066 = CARTESIAN_POINT ( 'NONE',  ( -0.2766272643534075093, -0.2304491690621881805, 0.5999999999999993117 ) ) ;
#3067 = VECTOR ( 'NONE', #2989, 1000.000000000000000 ) ;
#3068 = CARTESIAN_POINT ( 'NONE',  ( 0.8008688087915065701, 0.3325618825413507174, 0.5999999999999995337 ) ) ;
#3069 = FILL_AREA_STYLE_COLOUR ( '', #4408 ) ;
#3070 = ORIENTED_EDGE ( 'NONE', *, *, #4109, .F. ) ;
#3071 = DIRECTION ( 'NONE',  ( -0.0000000000000000000, -0.0000000000000000000, 1.000000000000000000 ) ) ;
#3072 = DIRECTION ( 'NONE',  ( -0.0000000000000000000, -0.0000000000000000000, 1.000000000000000000 ) ) ;
#3073 =( GEOMETRIC_REPRESENTATION_CONTEXT ( 3 ) GLOBAL_UNCERTAINTY_ASSIGNED_CONTEXT ( ( #331 ) ) GLOBAL_UNIT_ASSIGNED_CONTEXT ( ( #5231, #72, #3229 ) ) REPRESENTATION_CONTEXT ( 'NONE', 'WORKASPACE' ) );
#3074 = CARTESIAN_POINT ( 'NONE',  ( 0.6279493835961503789, -0.03449872810790512861, 0.5989999999999996438 ) ) ;
#3075 = CARTESIAN_POINT ( 'NONE',  ( -0.2087448669894776121, 0.002511111700478785118, 0.5999999999999993117 ) ) ;
#3076 = PRESENTATION_LAYER_ASSIGNMENT (  '', '', ( #216 ) ) ;
#3077 = PRESENTATION_STYLE_ASSIGNMENT (( #5166 ) ) ;
#3078 = CARTESIAN_POINT ( 'NONE',  ( -0.3605067364534911833, -0.3333133180288246344, 0.5999999999999994227 ) ) ;
#3079 = CARTESIAN_POINT ( 'NONE',  ( -3.180000000000000604, -1.600000000000000089, 0.5800000000000001821 ) ) ;
#3080 = CARTESIAN_POINT ( 'NONE',  ( -0.8234215240149733717, -0.08058241898320972485, 0.5989999999999993108 ) ) ;
#3081 = UNCERTAINTY_MEASURE_WITH_UNIT (LENGTH_MEASURE( 1.000000000000000082E-05 ), #2657, 'distance_accuracy_value', 'NONE');
#3082 = EDGE_LOOP ( 'NONE', ( #239, #3581, #188, #800 ) ) ;
#3083 = VECTOR ( 'NONE', #3071, 1000.000000000000000 ) ;
#3084 = CARTESIAN_POINT ( 'NONE',  ( 0.05764116356589651935, 0.2085066440133323262, 0.5989999999999993108 ) ) ;
#3085 = CARTESIAN_POINT ( 'NONE',  ( 2.600000000000000533, -1.600000000000000089, -6.537569945017097435E-16 ) ) ;
#3086 = ORIENTED_EDGE ( 'NONE', *, *, #1360, .T. ) ;
#3087 = EDGE_CURVE ( 'NONE', #1800, #3983, #3693, .T. ) ;
#3088 = DIRECTION ( 'NONE',  ( 0.0000000000000000000, 0.0000000000000000000, -1.000000000000000000 ) ) ;
#3089 = DIRECTION ( 'NONE',  ( -0.0000000000000000000, 1.000000000000000000, 0.0000000000000000000 ) ) ;
#3090 = DIRECTION ( 'NONE',  ( -0.1502866523315005143, -0.9886424642564117793, 0.0000000000000000000 ) ) ;
#3091 = DIRECTION ( 'NONE',  ( -0.0000000000000000000, -0.0000000000000000000, 1.000000000000000000 ) ) ;
#3092 = EDGE_CURVE ( 'NONE', #1035, #1505, #4553, .T. ) ;
#3093 = ORIENTED_EDGE ( 'NONE', *, *, #51, .T. ) ;
#3094 = LINE ( 'NONE', #1746, #4879 ) ;
#3095 = CARTESIAN_POINT ( 'NONE',  ( -0.2090998697692296460, -0.1179061768656293058, 0.5999999999999994227 ) ) ;
#3096 = CARTESIAN_POINT ( 'NONE',  ( -0.8742074880187402641, 0.3980652263424304671, 0.5999999999999996447 ) ) ;
#3097 = CARTESIAN_POINT ( 'NONE',  ( -0.6800996773056731115, 0.09500904247475643050, 0.5989999999999993108 ) ) ;
#3098 = CARTESIAN_POINT ( 'NONE',  ( 0.7352634942759412873, -0.04660335829670863433, 0.5999999999999993117 ) ) ;
#3099 = ORIENTED_EDGE ( 'NONE', *, *, #3054, .T. ) ;
#3100 = CARTESIAN_POINT ( 'NONE',  ( -0.5465705038156307705, -0.1053222963512614879, 0.5989999999999994218 ) ) ;
#3101 = CARTESIAN_POINT ( 'NONE',  ( -0.8199672230666090744, 0.05047991222936445976, 0.5999999999999996447 ) ) ;
#3102 = CARTESIAN_POINT ( 'NONE',  ( 0.5733999541179566339, -0.09519566007892764359, 0.5999999999999993117 ) ) ;
#3103 = CARTESIAN_POINT ( 'NONE',  ( 0.6326984973285505465, -0.1590135136712892416, 0.5989999999999994218 ) ) ;
#3104 = SURFACE_STYLE_FILL_AREA ( #60 ) ;
#3105 = CARTESIAN_POINT ( 'NONE',  ( -0.4345967321749700241, -0.3104330562972313357, 0.5989999999999995328 ) ) ;
#3106 = CARTESIAN_POINT ( 'NONE',  ( 0.5698368872066129631, 0.2922701963039043838, 0.5999999999999993117 ) ) ;
#3107 = CARTESIAN_POINT ( 'NONE',  ( 0.7947137176497899302, 0.3440786106546511736, 0.5999999999999995337 ) ) ;
#3108 = EDGE_LOOP ( 'NONE', ( #5329, #4616, #991, #2129 ) ) ;
#3109 = VECTOR ( 'NONE', #1459, 1000.000000000000000 ) ;
#3110 = CARTESIAN_POINT ( 'NONE',  ( -0.4424038131161381893, -0.1776122302067664194, 0.5989999999999995328 ) ) ;
#3111 = CARTESIAN_POINT ( 'NONE',  ( 0.5465764340570468116, 0.4269606415826426860, 0.5999999999999995337 ) ) ;
#3112 = CARTESIAN_POINT ( 'NONE',  ( -0.2090998697692296460, -0.1179061768656293058, 0.5989999999999993108 ) ) ;
#3113 =( GEOMETRIC_REPRESENTATION_CONTEXT ( 3 ) GLOBAL_UNCERTAINTY_ASSIGNED_CONTEXT ( ( #1473 ) ) GLOBAL_UNIT_ASSIGNED_CONTEXT ( ( #550, #1721, #4784 ) ) REPRESENTATION_CONTEXT ( 'NONE', 'WORKASPACE' ) );
#3114 = DIRECTION ( 'NONE',  ( 0.0000000000000000000, 1.000000000000000000, 0.0000000000000000000 ) ) ;
#3115 = VERTEX_POINT ( 'NONE', #5404 ) ;
#3116 = STYLED_ITEM ( 'NONE', ( #5275 ), #1492 ) ;
#3117 = CARTESIAN_POINT ( 'NONE',  ( 0.6003568793725128083, 0.3608359423596929627, 0.5989999999999994218 ) ) ;
#3118 = CARTESIAN_POINT ( 'NONE',  ( 0.5858970286519019632, -0.2299976210265861909, 0.5999999999999994227 ) ) ;
#3119 = VECTOR ( 'NONE', #3833, 1000.000000000000000 ) ;
#3120 = CARTESIAN_POINT ( 'NONE',  ( 2.640000000000000568, 1.450000000000000178, 0.5799999999999994049 ) ) ;
#3121 = ORIENTED_EDGE ( 'NONE', *, *, #2124, .F. ) ;
#3122 = CARTESIAN_POINT ( 'NONE',  ( 0.2638191065739796670, -0.3235041145330797008, 0.5989999999999994218 ) ) ;
#3123 = CARTESIAN_POINT ( 'NONE',  ( -0.3364399063772817722, -0.2506260864804361610, 0.5989999999999993108 ) ) ;
#3124 = CARTESIAN_POINT ( 'NONE',  ( -0.9574358400661148183, 0.2922701963039043838, 0.5999999999999995337 ) ) ;
#3125 = MECHANICAL_DESIGN_GEOMETRIC_PRESENTATION_REPRESENTATION (  '', ( #1092 ), #5253 ) ;
#3126 = PRESENTATION_LAYER_ASSIGNMENT (  '', '', ( #182 ) ) ;
#3127 = EDGE_CURVE ( 'NONE', #4437, #1030, #1747, .T. ) ;
#3128 = EDGE_CURVE ( 'NONE', #4767, #1800, #2662, .T. ) ;
#3129 = SURFACE_STYLE_USAGE ( .BOTH. , #2698 ) ;
#3130 = SURFACE_STYLE_FILL_AREA ( #990 ) ;
#3131 = ORIENTED_EDGE ( 'NONE', *, *, #4446, .T. ) ;
#3132 = LINE ( 'NONE', #2748, #954 ) ;
#3133 = STYLED_ITEM ( 'NONE', ( #2033 ), #3502 ) ;
#3134 = FACE_OUTER_BOUND ( 'NONE', #4260, .T. ) ;
#3135 = VECTOR ( 'NONE', #2335, 1000.000000000000000 ) ;
#3136 = CARTESIAN_POINT ( 'NONE',  ( 0.5733999541179566339, -0.09519566007892764359, 0.5989999999999993108 ) ) ;
#3137 = DIRECTION ( 'NONE',  ( -0.0000000000000000000, -0.0000000000000000000, 1.000000000000000000 ) ) ;
#3138 = COLOUR_RGB ( '',1.000000000000000000, 1.000000000000000000, 1.000000000000000000 ) ;
#3139 = VECTOR ( 'NONE', #4503, 1000.000000000000000 ) ;
#3140 =( NAMED_UNIT ( * ) SI_UNIT ( $, .STERADIAN. ) SOLID_ANGLE_UNIT ( ) );
#3141 = CARTESIAN_POINT ( 'NONE',  ( -0.4626099861378585310, -0.1012767428721657037, 0.5989999999999994218 ) ) ;
#3142 = CARTESIAN_POINT ( 'NONE',  ( -0.5071527224272214251, -0.2400995001683500774, 0.5999999999999994227 ) ) ;
#3143 = DIRECTION ( 'NONE',  ( 0.0000000000000000000, 1.000000000000000000, 0.0000000000000000000 ) ) ;
#3144 = CARTESIAN_POINT ( 'NONE',  ( -0.5361808934260202664, 0.05620367767471252246, 0.5999999999999994227 ) ) ;
#3145 = ORIENTED_EDGE ( 'NONE', *, *, #5101, .T. ) ;
#3146 = CARTESIAN_POINT ( 'NONE',  ( -0.4116376649526924947, -0.2214367592382607830, 0.5999999999999994227 ) ) ;
#3147 =( NAMED_UNIT ( * ) PLANE_ANGLE_UNIT ( ) SI_UNIT ( $, .RADIAN. ) );
#3148 = CARTESIAN_POINT ( 'NONE',  ( -0.6449915258030597398, 0.1683365304416480357, 0.5999999999999994227 ) ) ;
#3149 = CARTESIAN_POINT ( 'NONE',  ( -0.2087438675417924439, 0.1672812492768573911, 0.5999999999999994227 ) ) ;
#3150 = VERTEX_POINT ( 'NONE', #3428 ) ;
#3151 = ORIENTED_EDGE ( 'NONE', *, *, #1326, .T. ) ;
#3152 = FILL_AREA_STYLE ('',( #2772 ) ) ;
#3153 = CARTESIAN_POINT ( 'NONE',  ( -0.4898061004352900483, -0.2636372926288911289, 0.5989999999999995328 ) ) ;
#3154 = VECTOR ( 'NONE', #2837, 1000.000000000000000 ) ;
#3155 = CARTESIAN_POINT ( 'NONE',  ( -0.2439730444609505833, -0.1984847713122842860, 0.5989999999999995328 ) ) ;
#3156 = CARTESIAN_POINT ( 'NONE',  ( -0.8353692051143321029, 0.4037686127396476476, 0.5999999999999994227 ) ) ;
#3157 = VECTOR ( 'NONE', #3443, 1000.000000000000000 ) ;
#3158 = CARTESIAN_POINT ( 'NONE',  ( -0.7085575939931010314, 0.05364380759707939456, 0.5989999999999995328 ) ) ;
#3159 = ORIENTED_EDGE ( 'NONE', *, *, #1494, .T. ) ;
#3160 = DIRECTION ( 'NONE',  ( -1.000000000000000000, 0.0000000000000000000, 4.466554212838224906E-16 ) ) ;
#3161 = ADVANCED_FACE ( 'NONE', ( #868 ), #901, .T. ) ;
#3162 = EDGE_CURVE ( 'NONE', #2465, #1793, #3035, .T. ) ;
#3163 = CARTESIAN_POINT ( 'NONE',  ( 0.4840368188837716468, -0.2459720934360155042, 0.5999999999999995337 ) ) ;
#3164 = COLOUR_RGB ( '',0.0000000000000000000, 0.0000000000000000000, 0.0000000000000000000 ) ;
#3165 = CARTESIAN_POINT ( 'NONE',  ( 0.7629957652247565392, 0.4777850990219149607, 0.5999999999999992006 ) ) ;
#3166 = CARTESIAN_POINT ( 'NONE',  ( 3.180000000000000604, -1.600000000000000089, 0.5800000000000001821 ) ) ;
#3167 = CARTESIAN_POINT ( 'NONE',  ( -0.9621549194000463823, 0.2375348465058814140, 0.5989999999999994218 ) ) ;
#3168 = SURFACE_STYLE_USAGE ( .BOTH. , #1072 ) ;
#3169 = B_SPLINE_CURVE_WITH_KNOTS ( 'NONE', 3,
 ( #1140, #1114, #4200, #3236, #2800, #3678, #4087, #4505, #723, #4592, #4144, #1558, #3319, #3266, #4565, #691, #5389, #373, #1537 ),
 .UNSPECIFIED., .F., .F.,
 ( 4, 1, 1, 1, 1, 1, 1, 1, 1, 1, 1, 1, 1, 1, 1, 1, 4 ),
 ( 0.0000000000000000000, 0.05209732262054703189, 0.1031017125429976727, 0.1538005850222767257, 0.2052543937058745327, 0.2577240493729199278, 0.3121926273023796217, 0.3697360009396615799, 0.4300616318925716830, 0.4928681751518532717, 0.5569346627599202071, 0.6229750124240587272, 0.6914696535390241205, 0.7631504096806910331, 0.8380916681716278349, 0.9167521411516651453, 1.000000000000000000 ),
 .UNSPECIFIED. ) ;
#3170 =( LENGTH_UNIT ( ) NAMED_UNIT ( * ) SI_UNIT ( .MILLI., .METRE. ) );
#3171 = DIRECTION ( 'NONE',  ( 0.1503504868318518706, 0.9886327584646510402, 0.0000000000000000000 ) ) ;
#3172 = ORIENTED_EDGE ( 'NONE', *, *, #2430, .F. ) ;
#3173 = FILL_AREA_STYLE_COLOUR ( '', #3218 ) ;
#3174 = SURFACE_SIDE_STYLE ('',( #2686 ) ) ;
#3175 = SURFACE_STYLE_FILL_AREA ( #2791 ) ;
#3176 = ORIENTED_EDGE ( 'NONE', *, *, #4513, .T. ) ;
#3177 = CARTESIAN_POINT ( 'NONE',  ( -2.640000000000000568, -1.450000000000000178, -0.001000000000000674828 ) ) ;
#3178 = ORIENTED_EDGE ( 'NONE', *, *, #5393, .T. ) ;
#3179 = CARTESIAN_POINT ( 'NONE',  ( -0.4342328414779683676, 0.1750348465058813585, 0.5989999999999994218 ) ) ;
#3180 = SURFACE_SIDE_STYLE ('',( #1483 ) ) ;
#3181 = CARTESIAN_POINT ( 'NONE',  ( -0.6301014848052015616, 0.2434525643347674739, 0.5999999999999994227 ) ) ;
#3182 = CARTESIAN_POINT ( 'NONE',  ( 0.8676812436782675997, 0.1319604073134235944, 0.5999999999999995337 ) ) ;
#3183 = ORIENTED_EDGE ( 'NONE', *, *, #1625, .F. ) ;
#3184 = CARTESIAN_POINT ( 'NONE',  ( 0.0000000000000000000, 0.0000000000000000000, 0.0000000000000000000 ) ) ;
#3185 = CARTESIAN_POINT ( 'NONE',  ( -0.8090395011418305415, -0.06509061353557854535, 0.5989999999999995328 ) ) ;
#3186 = CARTESIAN_POINT ( 'NONE',  ( -0.8242131971233018772, 0.4866485630126581308, 0.5989999999999995328 ) ) ;
#3187 =( NAMED_UNIT ( * ) SI_UNIT ( $, .STERADIAN. ) SOLID_ANGLE_UNIT ( ) );
#3188 = CARTESIAN_POINT ( 'NONE',  ( -0.1517653090104358338, 0.4661062750773100061, 0.5989999999999994218 ) ) ;
#3189 = LINE ( 'NONE', #4884, #763 ) ;
#3190 = CARTESIAN_POINT ( 'NONE',  ( 0.7792764073061704266, 0.3649107585221800232, 0.5989999999999995328 ) ) ;
#3191 = VERTEX_POINT ( 'NONE', #2138 ) ;
#3192 = CARTESIAN_POINT ( 'NONE',  ( 0.6002321978208668973, -0.2021045449102878699, 0.5999999999999992006 ) ) ;
#3193 = CARTESIAN_POINT ( 'NONE',  ( 0.5212499310561063970, 0.3931929067717434556, 0.5989999999999991998 ) ) ;
#3194 = VECTOR ( 'NONE', #3759, 1000.000000000000000 ) ;
#3195 = EDGE_CURVE ( 'NONE', #270, #3942, #3850, .T. ) ;
#3196 = EDGE_CURVE ( 'NONE', #1500, #149, #2165, .T. ) ;
#3197 = CARTESIAN_POINT ( 'NONE',  ( 0.2099230026778758085, 0.4868854958565307922, 0.5989999999999994218 ) ) ;
#3198 = CARTESIAN_POINT ( 'NONE',  ( -0.1282332377673777724, 0.03042685219779760891, 0.5989999999999993108 ) ) ;
#3199 = MECHANICAL_DESIGN_GEOMETRIC_PRESENTATION_REPRESENTATION (  '', ( #1764 ), #5239 ) ;
#3200 = UNCERTAINTY_MEASURE_WITH_UNIT (LENGTH_MEASURE( 1.000000000000000082E-05 ), #1712, 'distance_accuracy_value', 'NONE');
#3201 = ORIENTED_EDGE ( 'NONE', *, *, #4930, .T. ) ;
#3202 = MECHANICAL_DESIGN_GEOMETRIC_PRESENTATION_REPRESENTATION (  '', ( #339 ), #3372 ) ;
#3203 = CARTESIAN_POINT ( 'NONE',  ( -0.9413756986208254851, -0.2299976210265861909, 0.5989999999999994218 ) ) ;
#3204 = VERTEX_POINT ( 'NONE', #4739 ) ;
#3205 = SURFACE_STYLE_USAGE ( .BOTH. , #640 ) ;
#3206 = VECTOR ( 'NONE', #5243, 1000.000000000000000 ) ;
#3207 = SURFACE_STYLE_USAGE ( .BOTH. , #4818 ) ;
#3208 = CARTESIAN_POINT ( 'NONE',  ( 0.7094359896908629670, -0.07464047816944334446, 0.5999999999999994227 ) ) ;
#3209 = AXIS2_PLACEMENT_3D ( 'NONE', #4920, #4497, #3257 ) ;
#3210 = SURFACE_STYLE_FILL_AREA ( #4906 ) ;
#3211 =( LENGTH_UNIT ( ) NAMED_UNIT ( * ) SI_UNIT ( .MILLI., .METRE. ) );
#3212 = VERTEX_POINT ( 'NONE', #3001 ) ;
#3213 = DIRECTION ( 'NONE',  ( 0.0000000000000000000, -1.000000000000000000, 0.0000000000000000000 ) ) ;
#3214 = VECTOR ( 'NONE', #707, 1000.000000000000000 ) ;
#3215 = SURFACE_SIDE_STYLE ('',( #2382 ) ) ;
#3216 = CARTESIAN_POINT ( 'NONE',  ( -0.2979870891386398601, 0.1167673741114904212, 0.5999999999999995337 ) ) ;
#3217 = CARTESIAN_POINT ( 'NONE',  ( -0.3628219032854441695, -0.2485193051836111777, 0.5989999999999993108 ) ) ;
#3218 = COLOUR_RGB ( '',1.000000000000000000, 1.000000000000000000, 1.000000000000000000 ) ;
#3219 = CARTESIAN_POINT ( 'NONE',  ( -0.8353692051143321029, 0.4037686127396476476, 0.5989999999999994218 ) ) ;
#3220 = VECTOR ( 'NONE', #3137, 1000.000000000000000 ) ;
#3221 = LINE ( 'NONE', #2286, #1526 ) ;
#3222 = DIRECTION ( 'NONE',  ( -1.000000000000000000, 0.0000000000000000000, 0.0000000000000000000 ) ) ;
#3223 = CARTESIAN_POINT ( 'NONE',  ( -0.7875434955601507969, 0.3942945792464228605, 0.5989999999999993108 ) ) ;
#3224 = CARTESIAN_POINT ( 'NONE',  ( -0.5361808934260202664, 0.05620367767471252246, 0.5989999999999994218 ) ) ;
#3225 = PRESENTATION_LAYER_ASSIGNMENT (  '', '', ( #1612 ) ) ;
#3226 = CARTESIAN_POINT ( 'NONE',  ( -2.600000000000000533, -1.600000000000000089, -1.694065894508600678E-17 ) ) ;
#3227 = DIRECTION ( 'NONE',  ( -0.0000000000000000000, -0.0000000000000000000, 1.000000000000000000 ) ) ;
#3228 = LINE ( 'NONE', #1527, #4129 ) ;
#3229 =( NAMED_UNIT ( * ) SI_UNIT ( $, .STERADIAN. ) SOLID_ANGLE_UNIT ( ) );
#3230 = CARTESIAN_POINT ( 'NONE',  ( -0.1208037207513188022, -0.04151805583332440069, 0.5999999999999995337 ) ) ;
#3231 = ORIENTED_EDGE ( 'NONE', *, *, #3707, .F. ) ;
#3232 = ADVANCED_FACE ( 'NONE', ( #3451 ), #76, .T. ) ;
#3233 = EDGE_CURVE ( 'NONE', #1205, #4924, #3926, .T. ) ;
#3234 = CARTESIAN_POINT ( 'NONE',  ( -0.8627715940250146875, -0.1233171453104226906, 0.5989999999999995328 ) ) ;
#3235 =( NAMED_UNIT ( * ) PLANE_ANGLE_UNIT ( ) SI_UNIT ( $, .RADIAN. ) );
#3236 = CARTESIAN_POINT ( 'NONE',  ( -0.3139040051919302354, -0.2477827842676675607, 0.5999999999999995337 ) ) ;
#3237 = CARTESIAN_POINT ( 'NONE',  ( 0.2059010806105568414, 0.4776940909616584352, 0.5989999999999993108 ) ) ;
#3238 = VERTEX_POINT ( 'NONE', #1933 ) ;
#3239 = SURFACE_STYLE_USAGE ( .BOTH. , #3624 ) ;
#3240 = ORIENTED_EDGE ( 'NONE', *, *, #2328, .T. ) ;
#3241 = CARTESIAN_POINT ( 'NONE',  ( -0.7263260150537831361, 0.03096168355370677860, 0.5989999999999993108 ) ) ;
#3242 = FACE_OUTER_BOUND ( 'NONE', #1560, .T. ) ;
#3243 = CARTESIAN_POINT ( 'NONE',  ( 0.01446845722333049700, 0.2790932880643229308, 0.5989999999999994218 ) ) ;
#3244 = MECHANICAL_DESIGN_GEOMETRIC_PRESENTATION_REPRESENTATION (  '', ( #1470 ), #4574 ) ;
#3245 = SURFACE_SIDE_STYLE ('',( #735 ) ) ;
#3246 = CARTESIAN_POINT ( 'NONE',  ( -0.4356415324764025820, -0.1903969120147324112, 0.5989999999999993108 ) ) ;
#3247 = CARTESIAN_POINT ( 'NONE',  ( -0.1211833983516168722, -0.07940698003494871260, 0.5989999999999994218 ) ) ;
#3248 =( LENGTH_UNIT ( ) NAMED_UNIT ( * ) SI_UNIT ( .MILLI., .METRE. ) );
#3249 = CARTESIAN_POINT ( 'NONE',  ( 0.1805994379961249063, 0.4310012648690739190, 0.5989999999999995328 ) ) ;
#3250 = CARTESIAN_POINT ( 'NONE',  ( -0.7129754735114607334, 0.2792012820467528744, 0.5989999999999993108 ) ) ;
#3251 = AXIS2_PLACEMENT_3D ( 'NONE', #5086, #3804, #1305 ) ;
#3252 = ORIENTED_EDGE ( 'NONE', *, *, #4007, .F. ) ;
#3253 =( NAMED_UNIT ( * ) SI_UNIT ( $, .STERADIAN. ) SOLID_ANGLE_UNIT ( ) );
#3254 = CARTESIAN_POINT ( 'NONE',  ( -0.7129754735114607334, 0.2792012820467528744, 0.5999999999999993117 ) ) ;
#3255 = FACE_OUTER_BOUND ( 'NONE', #4274, .T. ) ;
#3256 = PLANE ( 'NONE',  #2514 ) ;
#3257 = DIRECTION ( 'NONE',  ( -0.7071067811865552333, 0.0000000000000000000, -0.7071067811865398012 ) ) ;
#3258 =( NAMED_UNIT ( * ) PLANE_ANGLE_UNIT ( ) SI_UNIT ( $, .RADIAN. ) );
#3259 = PLANE ( 'NONE',  #2375 ) ;
#3260 = ORIENTED_EDGE ( 'NONE', *, *, #2706, .T. ) ;
#3261 = MECHANICAL_DESIGN_GEOMETRIC_PRESENTATION_REPRESENTATION (  '', ( #580 ), #1819 ) ;
#3262 = CARTESIAN_POINT ( 'NONE',  ( -0.8917003739455009459, -0.02658853011749527998, 0.5989999999999994218 ) ) ;
#3263 = DIRECTION ( 'NONE',  ( 1.000000000000000000, 0.0000000000000000000, 0.0000000000000000000 ) ) ;
#3264 = PRESENTATION_LAYER_ASSIGNMENT (  '', '', ( #950 ) ) ;
#3265 = ADVANCED_FACE ( 'NONE', ( #4902 ), #4404, .F. ) ;
#3266 = CARTESIAN_POINT ( 'NONE',  ( -0.2133901205494594111, -0.1364716312289790123, 0.5999999999999995337 ) ) ;
#3267 = ORIENTED_EDGE ( 'NONE', *, *, #1751, .F. ) ;
#3268 = CARTESIAN_POINT ( 'NONE',  ( -1.048177727695084993, -0.2623152309583701158, 0.5999999999999994227 ) ) ;
#3269 = PRESENTATION_STYLE_ASSIGNMENT (( #1254 ) ) ;
#3270 = EDGE_LOOP ( 'NONE', ( #5357, #2569, #5422, #4803 ) ) ;
#3271 = ADVANCED_FACE ( 'NONE', ( #1059 ), #2331, .T. ) ;
#3272 = ADVANCED_FACE ( 'NONE', ( #1989 ), #4619, .T. ) ;
#3273 =( NAMED_UNIT ( * ) PLANE_ANGLE_UNIT ( ) SI_UNIT ( $, .RADIAN. ) );
#3274 = ORIENTED_EDGE ( 'NONE', *, *, #1625, .T. ) ;
#3275 = CARTESIAN_POINT ( 'NONE',  ( 0.8330797539130607721, 0.4346165392160176166, 0.5999999999999992006 ) ) ;
#3276 = CARTESIAN_POINT ( 'NONE',  ( -0.7988295081255604169, 0.3984312917504232443, 0.5999999999999993117 ) ) ;
#3277 = CARTESIAN_POINT ( 'NONE',  ( -0.6687877305392287974, 0.4012489814747350891, 0.5999999999999995337 ) ) ;
#3278 = SURFACE_STYLE_FILL_AREA ( #5098 ) ;
#3279 = CARTESIAN_POINT ( 'NONE',  ( 0.5733999541179566339, -0.09519566007892764359, 0.5989999999999993108 ) ) ;
#3280 = FILL_AREA_STYLE ('',( #5050 ) ) ;
#3281 = CARTESIAN_POINT ( 'NONE',  ( -0.7479963199665570217, 0.3649107585221800787, 0.5989999999999995328 ) ) ;
#3282 = CARTESIAN_POINT ( 'NONE',  ( -3.180000000000000604, -1.600000000000000089, 0.5800000000000001821 ) ) ;
#3283 = CARTESIAN_POINT ( 'NONE',  ( 2.640000000000000568, -1.450000000000000178, 0.6000000000000000888 ) ) ;
#3284 = CARTESIAN_POINT ( 'NONE',  ( -0.7920092329967859390, -0.04660335829670863433, 0.5999999999999994227 ) ) ;
#3285 = CARTESIAN_POINT ( 'NONE',  ( 2.640000000000000568, 1.600000000000000089, 0.5799999999999994049 ) ) ;
#3286 = DIRECTION ( 'NONE',  ( -0.7071067811865552333, 0.0000000000000000000, -0.7071067811865398012 ) ) ;
#3287 = B_SPLINE_CURVE_WITH_KNOTS ( 'NONE', 3,
 ( #1179, #4514, #4995, #759, #702, #4544, #2441, #4099, #3688, #1568, #3277, #4964, #3739, #1620, #5022, #1209, #29, #933, #1750 ),
 .UNSPECIFIED., .F., .F.,
 ( 4, 1, 1, 1, 1, 1, 1, 1, 1, 1, 1, 1, 1, 1, 1, 1, 4 ),
 ( 0.0000000000000000000, 0.07132852292713298681, 0.1388884808472359011, 0.2034880553541793813, 0.2653888690468833578, 0.3261469149304290216, 0.3858495392516023692, 0.4464210050912529315, 0.5085062454043183244, 0.5707165835193889203, 0.6319861944004558918, 0.6929433797704674936, 0.7531646365281635669, 0.8133972833669926850, 0.8747321709322000149, 0.9368339827764059491, 0.9999999999999998890 ),
 .UNSPECIFIED. ) ;
#3288 = ORIENTED_EDGE ( 'NONE', *, *, #18, .T. ) ;
#3289 = CARTESIAN_POINT ( 'NONE',  ( 0.8908437392644087405, 0.3254888900900889115, 0.5989999999999995328 ) ) ;
#3290 = CARTESIAN_POINT ( 'NONE',  ( -0.8855208133727314745, -0.1485748400849936091, 0.5989999999999995328 ) ) ;
#3291 = CARTESIAN_POINT ( 'NONE',  ( -0.6493668445230116326, 0.3645314167648510129, 0.5999999999999996447 ) ) ;
#3292 = VECTOR ( 'NONE', #5383, 1000.000000000000000 ) ;
#3293 = CARTESIAN_POINT ( 'NONE',  ( -0.4738432310883579079, 0.4661062750773100061, 0.5989999999999994218 ) ) ;
#3294 = DIRECTION ( 'NONE',  ( 0.0000000000000000000, 1.000000000000000000, 0.0000000000000000000 ) ) ;
#3295 = PLANE ( 'NONE',  #1090 ) ;
#3296 =( NAMED_UNIT ( * ) SI_UNIT ( $, .STERADIAN. ) SOLID_ANGLE_UNIT ( ) );
#3297 = ORIENTED_EDGE ( 'NONE', *, *, #451, .T. ) ;
#3298 = EDGE_CURVE ( 'NONE', #4094, #4837, #4596, .T. ) ;
#3299 = EDGE_CURVE ( 'NONE', #1909, #3033, #376, .T. ) ;
#3300 = PRESENTATION_LAYER_ASSIGNMENT (  '', '', ( #4276 ) ) ;
#3301 = CARTESIAN_POINT ( 'NONE',  ( 0.5923583511377197297, -0.07296912346077934208, 0.5989999999999996438 ) ) ;
#3302 = CARTESIAN_POINT ( 'NONE',  ( -0.8353692051143321029, 0.4037686127396476476, 0.5989999999999994218 ) ) ;
#3303 = SURFACE_STYLE_USAGE ( .BOTH. , #764 ) ;
#3304 = COLOUR_RGB ( '',1.000000000000000000, 1.000000000000000000, 1.000000000000000000 ) ;
#3305 =( LENGTH_UNIT ( ) NAMED_UNIT ( * ) SI_UNIT ( .MILLI., .METRE. ) );
#3306 = VERTEX_POINT ( 'NONE', #4204 ) ;
#3307 = SURFACE_STYLE_USAGE ( .BOTH. , #2787 ) ;
#3308 = CARTESIAN_POINT ( 'NONE',  ( -0.7176437753437879818, 0.3072447781359251562, 0.5989999999999994218 ) ) ;
#3309 = AXIS2_PLACEMENT_3D ( 'NONE', #994, #4849, #167 ) ;
#3310 = MECHANICAL_DESIGN_GEOMETRIC_PRESENTATION_REPRESENTATION (  '', ( #1945 ), #4726 ) ;
#3311 = DIRECTION ( 'NONE',  ( 1.000000000000000000, 0.0000000000000000000, -0.0000000000000000000 ) ) ;
#3312 = DIRECTION ( 'NONE',  ( -0.9899881280612247147, 0.1411506510712295104, 0.0000000000000000000 ) ) ;
#3313 = CARTESIAN_POINT ( 'NONE',  ( -2.640000000000000568, -1.450000000000000178, 0.6000000000000000888 ) ) ;
#3314 = FILL_AREA_STYLE_COLOUR ( '', #4232 ) ;
#3315 = CARTESIAN_POINT ( 'NONE',  ( -0.4438918069393757437, 0.06192847440268832437, 0.5989999999999994218 ) ) ;
#3316 = VERTEX_POINT ( 'NONE', #3340 ) ;
#3317 = VECTOR ( 'NONE', #1406, 1000.000000000000114 ) ;
#3318 = FILL_AREA_STYLE ('',( #721 ) ) ;
#3319 = CARTESIAN_POINT ( 'NONE',  ( -0.2193291860640033675, -0.1537449032873899890, 0.5999999999999994227 ) ) ;
#3320 =( NAMED_UNIT ( * ) SI_UNIT ( $, .STERADIAN. ) SOLID_ANGLE_UNIT ( ) );
#3321 = CARTESIAN_POINT ( 'NONE',  ( 0.6326984973285505465, -0.1590135136712892416, 0.5989999999999993108 ) ) ;
#3322 = CARTESIAN_POINT ( 'NONE',  ( 0.6444310986844059563, -0.01742567407984662101, 0.5999999999999996447 ) ) ;
#3323 = VERTEX_POINT ( 'NONE', #3814 ) ;
#3324 =( NAMED_UNIT ( * ) PLANE_ANGLE_UNIT ( ) SI_UNIT ( $, .RADIAN. ) );
#3325 = CARTESIAN_POINT ( 'NONE',  ( 2.640000000000000568, 1.450000000000000178, 0.6000000000000000888 ) ) ;
#3326 =( NAMED_UNIT ( * ) PLANE_ANGLE_UNIT ( ) SI_UNIT ( $, .RADIAN. ) );
#3327 = EDGE_CURVE ( 'NONE', #1351, #5249, #2078, .T. ) ;
#3328 =( NAMED_UNIT ( * ) SI_UNIT ( $, .STERADIAN. ) SOLID_ANGLE_UNIT ( ) );
#3329 = CARTESIAN_POINT ( 'NONE',  ( -1.055681135783175684, -0.3186320349971067389, 0.5999999999999994227 ) ) ;
#3330 = CARTESIAN_POINT ( 'NONE',  ( -0.9660764265817005647, 0.4411343841477788907, 0.5999999999999992006 ) ) ;
#3331 = FACE_BOUND ( 'NONE', #2700, .T. ) ;
#3332 = LINE ( 'NONE', #1192, #6 ) ;
#3333 = COLOUR_RGB ( '',0.7686274509803920907, 0.7686274509803920907, 0.7686274509803920907 ) ;
#3334 = FILL_AREA_STYLE ('',( #3314 ) ) ;
#3335 = LINE ( 'NONE', #4165, #1780 ) ;
#3336 = B_SPLINE_CURVE_WITH_KNOTS ( 'NONE', 3,
 ( #3972, #150, #3610, #5301, #1841, #2710, #1496, #4469, #4418, #3999, #3192, #1076, #175 ),
 .UNSPECIFIED., .F., .F.,
 ( 4, 1, 1, 1, 1, 1, 1, 1, 1, 1, 4 ),
 ( 0.0000000000000000000, 0.1227496676134339632, 0.2345844757249741785, 0.3360613725792329642, 0.4265798447320829356, 0.5068085108969702102, 0.5755457069859367669, 0.6345771878879878924, 0.6821573405218314123, 0.8461889169654406295, 1.000000000000000000 ),
 .UNSPECIFIED. ) ;
#3337 = CARTESIAN_POINT ( 'NONE',  ( 3.200000000000000178, -1.600000000000000089, -5.327213576290987228E-16 ) ) ;
#3338 = CARTESIAN_POINT ( 'NONE',  ( -0.7211013571338922290, 0.2078815365224028766, 0.5989999999999993108 ) ) ;
#3339 = DIRECTION ( 'NONE',  ( 0.0000000000000000000, -0.0000000000000000000, 1.000000000000000000 ) ) ;
#3340 = CARTESIAN_POINT ( 'NONE',  ( -0.1517653090104358338, 0.3725997815708164684, 0.5989999999999994218 ) ) ;
#3341 = VECTOR ( 'NONE', #1362, 1000.000000000000000 ) ;
#3342 = APPLICATION_CONTEXT ( 'automotive_design' ) ;
#3343 = CARTESIAN_POINT ( 'NONE',  ( 0.7701004789681714646, 0.1318272022723513126, 0.5999999999999998668 ) ) ;
#3344 = CARTESIAN_POINT ( 'NONE',  ( -2.600000000000000533, -1.600000000000000089, -1.694065894508600678E-17 ) ) ;
#3345 = LINE ( 'NONE', #1968, #4442 ) ;
#3346 = FILL_AREA_STYLE ('',( #1297 ) ) ;
#3347 = CARTESIAN_POINT ( 'NONE',  ( -0.9153665701573316937, 0.4723541777077954751, 0.5999999999999995337 ) ) ;
#3348 = SURFACE_STYLE_FILL_AREA ( #1596 ) ;
#3349 = CARTESIAN_POINT ( 'NONE',  ( -0.5177590496321098357, -0.2212189112624410314, 0.5989999999999995328 ) ) ;
#3350 = UNCERTAINTY_MEASURE_WITH_UNIT (LENGTH_MEASURE( 1.000000000000000082E-05 ), #3892, 'distance_accuracy_value', 'NONE');
#3351 = LINE ( 'NONE', #3747, #5085 ) ;
#3352 = B_SPLINE_CURVE_WITH_KNOTS ( 'NONE', 3,
 ( #4715, #1404, #3044, #910, #3101, #1381, #112, #4768, #2593, #4791, #4301, #56, #470, #3460, #1354 ),
 .UNSPECIFIED., .F., .F.,
 ( 4, 1, 1, 1, 1, 1, 1, 1, 1, 1, 1, 1, 4 ),
 ( 0.0000000000000000000, 0.1093800741214259048, 0.2106028248854699692, 0.3040152216769061999, 0.3890488990674311198, 0.4663664913632523112, 0.5360298331844517428, 0.5979862717537240968, 0.6521467510862012373, 0.7493520093192573839, 0.8388265501964030646, 0.9217438124469393701, 1.000000000000000000 ),
 .UNSPECIFIED. ) ;
#3353 = PRESENTATION_STYLE_ASSIGNMENT (( #5010 ) ) ;
#3354 = CARTESIAN_POINT ( 'NONE',  ( -0.4050111227144975734, 0.1025878715695205529, 0.5989999999999995328 ) ) ;
#3355 = EDGE_CURVE ( 'NONE', #24, #3788, #2894, .T. ) ;
#3356 = EDGE_CURVE ( 'NONE', #4171, #1793, #3732, .T. ) ;
#3357 = CARTESIAN_POINT ( 'NONE',  ( -0.7261712703164366900, 0.4605005352256767992, 0.5999999999999993117 ) ) ;
#3358 = CARTESIAN_POINT ( 'NONE',  ( -0.1239442524663743467, -0.1070365418291211873, 0.5999999999999997558 ) ) ;
#3359 = CARTESIAN_POINT ( 'NONE',  ( -0.7319738159882027695, 0.1783859920615025740, 0.5989999999999994218 ) ) ;
#3360 = ORIENTED_EDGE ( 'NONE', *, *, #4446, .F. ) ;
#3361 =( NAMED_UNIT ( * ) PLANE_ANGLE_UNIT ( ) SI_UNIT ( $, .RADIAN. ) );
#3362 =( NAMED_UNIT ( * ) PLANE_ANGLE_UNIT ( ) SI_UNIT ( $, .RADIAN. ) );
#3363 = AXIS2_PLACEMENT_3D ( 'NONE', #264, #774, #1956 ) ;
#3364 = CARTESIAN_POINT ( 'NONE',  ( -0.3520473827002356115, -0.2503800325017010442, 0.5999999999999994227 ) ) ;
#3365 = CARTESIAN_POINT ( 'NONE',  ( 0.7581528345612480457, 0.1137630903910495928, 0.5999999999999995337 ) ) ;
#3366 = ORIENTED_EDGE ( 'NONE', *, *, #2195, .F. ) ;
#3367 = ORIENTED_EDGE ( 'NONE', *, *, #5388, .T. ) ;
#3368 = CARTESIAN_POINT ( 'NONE',  ( 0.8779058827497163708, 0.3645314167648511239, 0.5999999999999994227 ) ) ;
#3369 = AXIS2_PLACEMENT_3D ( 'NONE', #5469, #828, #5120 ) ;
#3370 =( LENGTH_UNIT ( ) NAMED_UNIT ( * ) SI_UNIT ( .MILLI., .METRE. ) );
#3371 = CARTESIAN_POINT ( 'NONE',  ( 0.5939687804603469568, 0.4636822575454032092, 0.5999999999999993117 ) ) ;
#3372 =( GEOMETRIC_REPRESENTATION_CONTEXT ( 3 ) GLOBAL_UNCERTAINTY_ASSIGNED_CONTEXT ( ( #1188 ) ) GLOBAL_UNIT_ASSIGNED_CONTEXT ( ( #2014, #1171, #1609 ) ) REPRESENTATION_CONTEXT ( 'NONE', 'WORKASPACE' ) );
#3373 = CARTESIAN_POINT ( 'NONE',  ( 0.4756096685268547120, -0.2782986198866735372, 0.5989999999999993108 ) ) ;
#3374 = CARTESIAN_POINT ( 'NONE',  ( -0.9574358400661148183, 0.2922701963039043838, 0.5999999999999995337 ) ) ;
#3375 = CARTESIAN_POINT ( 'NONE',  ( -1.042753477467316392, 0.2762813519349802682, 0.5989999999999993108 ) ) ;
#3376 = CARTESIAN_POINT ( 'NONE',  ( -0.1286828690472077152, -0.1336120859153790696, 0.5999999999999992006 ) ) ;
#3377 = CARTESIAN_POINT ( 'NONE',  ( 0.5111475243466322427, 0.3733647118311058666, 0.5989999999999994218 ) ) ;
#3378 = CARTESIAN_POINT ( 'NONE',  ( -0.9538727731547709254, -0.09519566007892760195, 0.5989999999999994218 ) ) ;
#3379 = CARTESIAN_POINT ( 'NONE',  ( -0.4530640103091372328, 0.04435302832406316093, 0.5989999999999994218 ) ) ;
#3380 = COLOUR_RGB ( '',0.7686274509803920907, 0.7686274509803920907, 0.7686274509803920907 ) ;
#3381 = CARTESIAN_POINT ( 'NONE',  ( -0.4345967321749700241, -0.3104330562972313357, 0.5999999999999995337 ) ) ;
#3382 = DIRECTION ( 'NONE',  ( 1.807003620809173399E-16, -0.0000000000000000000, 1.000000000000000000 ) ) ;
#3383 = DIRECTION ( 'NONE',  ( -0.9899881280612247147, 0.1411506510712295104, 0.0000000000000000000 ) ) ;
#3384 = CARTESIAN_POINT ( 'NONE',  ( -1.043235908388955968, -0.2459720934360155042, 0.5989999999999994218 ) ) ;
#3385 =( GEOMETRIC_REPRESENTATION_CONTEXT ( 3 ) GLOBAL_UNCERTAINTY_ASSIGNED_CONTEXT ( ( #782 ) ) GLOBAL_UNIT_ASSIGNED_CONTEXT ( ( #5029, #4634, #822 ) ) REPRESENTATION_CONTEXT ( 'NONE', 'WORKASPACE' ) );
#3386 = DIRECTION ( 'NONE',  ( 0.0000000000000000000, 0.0000000000000000000, -1.000000000000000000 ) ) ;
#3387 = EDGE_CURVE ( 'NONE', #1800, #1500, #4173, .T. ) ;
#3388 = CARTESIAN_POINT ( 'NONE',  ( -0.7140763569083181661, 0.2363949507436591269, 0.5999999999999994227 ) ) ;
#3389 = ORIENTED_EDGE ( 'NONE', *, *, #5388, .F. ) ;
#3390 = EDGE_CURVE ( 'NONE', #2110, #2319, #5473, .T. ) ;
#3391 = CARTESIAN_POINT ( 'NONE',  ( 0.5651178078726810661, 0.2375348465058814140, 0.5999999999999995337 ) ) ;
#3392 = FILL_AREA_STYLE ('',( #2214 ) ) ;
#3393 = FILL_AREA_STYLE ('',( #4621 ) ) ;
#3394 = B_SPLINE_SURFACE_WITH_KNOTS ( 'NONE', 3, 1, ( 
 ( #2620, #2149 ),
 ( #1787, #3882 ),
 ( #1732, #4220 ),
 ( #851, #1756 ),
 ( #1273, #3075 ),
 ( #5138, #3438 ),
 ( #4334, #3499 ),
 ( #391, #1328 ),
 ( #4249, #5487 ),
 ( #3410, #2960 ),
 ( #913, #2986 ),
 ( #415, #5112 ),
 ( #4692, #3858 ),
 ( #617, #5242 ),
 ( #4019, #3216 ),
 ( #2724, #4794 ),
 ( #4432, #4389 ),
 ( #113, #1833 ),
 ( #5269, #995 ) ),
 .UNSPECIFIED., .F., .F., .F.,
 ( 4, 1, 1, 1, 1, 1, 1, 1, 1, 1, 1, 1, 1, 1, 1, 1, 4 ),
 ( 2, 2 ),
 ( 0.0000000000000000000, 0.08200255231875204498, 0.1597715690462432614, 0.2336177311362600817, 0.3034280842814591206, 0.3703725193437343299, 0.4345243117234908747, 0.4964024124852130515, 0.5573274680850501817, 0.6162825864692520472, 0.6725038525717204063, 0.7274967451323802736, 0.7809690145094964064, 0.8345385593342700137, 0.8882595021382534428, 0.9431158980645277801, 1.000000000000000000 ),
 ( 0.0000000000000000000, 1.000000000000000000 ),
 .UNSPECIFIED. ) ;
#3395 =( NAMED_UNIT ( * ) PLANE_ANGLE_UNIT ( ) SI_UNIT ( $, .RADIAN. ) );
#3396 = CARTESIAN_POINT ( 'NONE',  ( -0.3092732833847977036, 0.2061384701396817287, 0.5989999999999994218 ) ) ;
#3397 = VERTEX_POINT ( 'NONE', #5204 ) ;
#3398 = ORIENTED_EDGE ( 'NONE', *, *, #4110, .F. ) ;
#3399 = CARTESIAN_POINT ( 'NONE',  ( 0.8974381993840550020, 0.2698483120667990454, 0.5999999999999995337 ) ) ;
#3400 = CARTESIAN_POINT ( 'NONE',  ( -0.7397688252816260190, 0.3549146129755175183, 0.5989999999999993108 ) ) ;
#3401 = SURFACE_SIDE_STYLE ('',( #5076 ) ) ;
#3402 = UNCERTAINTY_MEASURE_WITH_UNIT (LENGTH_MEASURE( 1.000000000000000082E-05 ), #1093, 'distance_accuracy_value', 'NONE');
#3403 = CARTESIAN_POINT ( 'NONE',  ( -0.2038420079852718558, -0.04877041581272092974, 0.5989999999999994218 ) ) ;
#3404 = CARTESIAN_POINT ( 'NONE',  ( 0.02144448868605480091, 0.1889007839028774005, 0.5989999999999994218 ) ) ;
#3405 = FACE_OUTER_BOUND ( 'NONE', #4163, .T. ) ;
#3406 = VERTEX_POINT ( 'NONE', #426 ) ;
#3407 = CARTESIAN_POINT ( 'NONE',  ( -0.1951841141613213371, -0.2702329330698166610, 0.5989999999999995328 ) ) ;
#3408 = ORIENTED_EDGE ( 'NONE', *, *, #2486, .F. ) ;
#3409 = CARTESIAN_POINT ( 'NONE',  ( -0.5397904322351595452, -0.1557782245720789882, 0.5989999999999994218 ) ) ;
#3410 = CARTESIAN_POINT ( 'NONE',  ( -0.2419170709483341175, 0.07633881392249902698, 0.5989999999999993108 ) ) ;
#3411 = CARTESIAN_POINT ( 'NONE',  ( -0.9865926607053662201, -0.1371732999891079885, 0.5999999999999994227 ) ) ;
#3412 = DIRECTION ( 'NONE',  ( 0.7071067811865552333, 0.0000000000000000000, -0.7071067811865398012 ) ) ;
#3413 = FILL_AREA_STYLE ('',( #4667 ) ) ;
#3414 = UNCERTAINTY_MEASURE_WITH_UNIT (LENGTH_MEASURE( 1.000000000000000082E-05 ), #3013, 'distance_accuracy_value', 'NONE');
#3415 = B_SPLINE_SURFACE_WITH_KNOTS ( 'NONE', 3, 1, ( 
 ( #4578, #2199 ),
 ( #4689, #2592 ),
 ( #5080, #2983 ),
 ( #4659, #848 ),
 ( #4331, #3376 ),
 ( #2558, #3436 ),
 ( #1699, #2117 ),
 ( #2089, #3796 ),
 ( #1783, #2527 ),
 ( #3826, #413 ),
 ( #3407, #3907 ),
 ( #1380, #497 ),
 ( #3459, #4245 ),
 ( #4300, #1299 ),
 ( #1271, #874 ),
 ( #4275, #439 ),
 ( #2146, #5485 ),
 ( #3855, #1667 ),
 ( #3879, #5135 ) ),
 .UNSPECIFIED., .F., .F., .F.,
 ( 4, 1, 1, 1, 1, 1, 1, 1, 1, 1, 1, 1, 1, 1, 1, 1, 4 ),
 ( 2, 2 ),
 ( 0.0000000000000000000, 0.07152128527813915448, 0.1409085920610134435, 0.2081481640820325996, 0.2739483020399252067, 0.3386781189449243334, 0.4025137052908072111, 0.4663027642352127744, 0.5299468537417456604, 0.5923596431366302539, 0.6518067656789378050, 0.7096549910940238570, 0.7661428078629993754, 0.8225137027642707155, 0.8796980306125233851, 0.9385876062756592919, 1.000000000000000000 ),
 ( 0.0000000000000000000, 1.000000000000000000 ),
 .UNSPECIFIED. ) ;
#3416 = CARTESIAN_POINT ( 'NONE',  ( 0.1807022234570966057, 0.3102621192331541100, 0.5989999999999994218 ) ) ;
#3417 = CARTESIAN_POINT ( 'NONE',  ( 0.7182332261308967958, -0.06509061353557854535, 0.5989999999999994218 ) ) ;
#3418 = ORIENTED_EDGE ( 'NONE', *, *, #1113, .F. ) ;
#3419 = CARTESIAN_POINT ( 'NONE',  ( 0.5672088985709761166, 0.2750471012323170705, 0.5989999999999994218 ) ) ;
#3420 = DIRECTION ( 'NONE',  ( 0.0000000000000000000, 1.000000000000000000, 0.0000000000000000000 ) ) ;
#3421 = EDGE_CURVE ( 'NONE', #68, #3306, #3026, .T. ) ;
#3422 = PLANE ( 'NONE',  #1110 ) ;
#3423 = PRESENTATION_LAYER_ASSIGNMENT (  '', '', ( #2434 ) ) ;
#3424 = LINE ( 'NONE', #5125, #255 ) ;
#3425 = CARTESIAN_POINT ( 'NONE',  ( -0.2964480406313594330, 0.2056862319272120265, 0.5989999999999994218 ) ) ;
#3426 = EDGE_LOOP ( 'NONE', ( #3366, #258, #4571, #2689 ) ) ;
#3427 = ORIENTED_EDGE ( 'NONE', *, *, #5101, .F. ) ;
#3428 = CARTESIAN_POINT ( 'NONE',  ( -3.180000000000000604, -1.600000000000000089, 0.02000000000000006287 ) ) ;
#3429 = CARTESIAN_POINT ( 'NONE',  ( -0.8417789509893819355, 0.02626672796702154630, 0.5999999999999992006 ) ) ;
#3430 = DIRECTION ( 'NONE',  ( 0.0000000000000000000, 1.000000000000000000, 0.0000000000000000000 ) ) ;
#3431 = EDGE_CURVE ( 'NONE', #4014, #2189, #3481, .T. ) ;
#3432 = EDGE_CURVE ( 'NONE', #4057, #3204, #4731, .T. ) ;
#3433 = CARTESIAN_POINT ( 'NONE',  ( 0.7875039019911008742, 0.3549146129755175738, 0.5999999999999993117 ) ) ;
#3434 = ORIENTED_EDGE ( 'NONE', *, *, #2666, .F. ) ;
#3435 = VECTOR ( 'NONE', #2257, 1000.000000000000000 ) ;
#3436 = CARTESIAN_POINT ( 'NONE',  ( -0.1351832838320703445, -0.1591707000187423116, 0.5999999999999994227 ) ) ;
#3437 = CARTESIAN_POINT ( 'NONE',  ( 0.4845192498054106678, 0.2762813519349802682, 0.5989999999999993108 ) ) ;
#3438 = CARTESIAN_POINT ( 'NONE',  ( -0.2129515068650217613, 0.01969287892669269180, 0.5999999999999996447 ) ) ;
#3439 = CARTESIAN_POINT ( 'NONE',  ( -0.8917003739455009459, -0.02658853011749527998, 0.5999999999999994227 ) ) ;
#3440 =( NAMED_UNIT ( * ) PLANE_ANGLE_UNIT ( ) SI_UNIT ( $, .RADIAN. ) );
#3441 = FILL_AREA_STYLE_COLOUR ( '', #2659 ) ;
#3442 = CARTESIAN_POINT ( 'NONE',  ( 0.4820009247557979770, 0.2479244568954917793, 0.5999999999999994227 ) ) ;
#3443 = DIRECTION ( 'NONE',  ( 1.000000000000000000, 0.0000000000000000000, 0.0000000000000000000 ) ) ;
#3444 = CARTESIAN_POINT ( 'NONE',  ( -0.1951841141613213371, -0.2702329330698166610, 0.5999999999999995337 ) ) ;
#3445 = EDGE_LOOP ( 'NONE', ( #4468, #4990, #867, #3619 ) ) ;
#3446 = DIRECTION ( 'NONE',  ( 0.0000000000000000000, -0.0000000000000000000, -1.000000000000000000 ) ) ;
#3447 = LINE ( 'NONE', #1339, #4570 ) ;
#3448 = CARTESIAN_POINT ( 'NONE',  ( 0.7433797813393006049, 0.09439854205510415930, 0.5999999999999995337 ) ) ;
#3449 = CARTESIAN_POINT ( 'NONE',  ( -0.4342328414779683676, 0.1750348465058813585, 0.5989999999999994218 ) ) ;
#3450 = ORIENTED_EDGE ( 'NONE', *, *, #4284, .T. ) ;
#3451 = FACE_OUTER_BOUND ( 'NONE', #1763, .T. ) ;
#3452 = CARTESIAN_POINT ( 'NONE',  ( 0.8096289519289396885, 0.3072447781359252117, 0.5989999999999995328 ) ) ;
#3453 = MECHANICAL_DESIGN_GEOMETRIC_PRESENTATION_REPRESENTATION (  '', ( #3640 ), #4877 ) ;
#3454 = CARTESIAN_POINT ( 'NONE',  ( -0.2037133609584878269, -0.05564697167593683075, 0.5989999999999994218 ) ) ;
#3455 = CARTESIAN_POINT ( 'NONE',  ( 0.7044574395958557167, 0.4033624791381226204, 0.5999999999999994227 ) ) ;
#3456 =( LENGTH_UNIT ( ) NAMED_UNIT ( * ) SI_UNIT ( .MILLI., .METRE. ) );
#3457 = VECTOR ( 'NONE', #2871, 1000.000000000000000 ) ;
#3458 = VERTEX_POINT ( 'NONE', #5500 ) ;
#3459 = CARTESIAN_POINT ( 'NONE',  ( -0.2302584064924191043, -0.3016912547341905615, 0.5989999999999993108 ) ) ;
#3460 = CARTESIAN_POINT ( 'NONE',  ( -0.7132200442572793619, 0.2551932372005331628, 0.5999999999999993117 ) ) ;
#3461 = ADVANCED_FACE ( 'NONE', ( #4315 ), #2537, .T. ) ;
#3462 = EDGE_CURVE ( 'NONE', #1881, #3711, #3336, .T. ) ;
#3463 = CARTESIAN_POINT ( 'NONE',  ( -3.180000000000000604, -1.600000000000000089, 0.02000000000000006287 ) ) ;
#3464 = CARTESIAN_POINT ( 'NONE',  ( -0.8105506245522231534, 0.4015845363015858593, 0.5999999999999995337 ) ) ;
#3465 = VECTOR ( 'NONE', #1975, 1000.000000000000000 ) ;
#3466 = CARTESIAN_POINT ( 'NONE',  ( -1.000137408964721253, -0.1570443995873251619, 0.5999999999999992006 ) ) ;
#3467 = CARTESIAN_POINT ( 'NONE',  ( -0.1517653090104358338, 0.3725997815708164684, 0.5999999999999994227 ) ) ;
#3468 = CARTESIAN_POINT ( 'NONE',  ( 2.620000000000000995, -1.600000000000000089, 0.5799999999999994049 ) ) ;
#3469 =( LENGTH_UNIT ( ) NAMED_UNIT ( * ) SI_UNIT ( .MILLI., .METRE. ) );
#3470 = CARTESIAN_POINT ( 'NONE',  ( -0.8855208133727314745, -0.1485748400849936091, 0.5989999999999995328 ) ) ;
#3471 = ORIENTED_EDGE ( 'NONE', *, *, #3668, .T. ) ;
#3472 = CARTESIAN_POINT ( 'NONE',  ( -0.2517197126340890434, 0.08741682341612147522, 0.5999999999999994227 ) ) ;
#3473 = VECTOR ( 'NONE', #503, 1000.000000000000000 ) ;
#3474 = CARTESIAN_POINT ( 'NONE',  ( 0.7094359896908629670, -0.07464047816944333058, 0.5989999999999994218 ) ) ;
#3475 = B_SPLINE_CURVE_WITH_KNOTS ( 'NONE', 3,
 ( #2703, #593, #2284, #3991, #3165, #4851, #2778, #673, #5343, #3654, #4068, #276, #4151, #3714, #1542, #2873, #4937, #301, #243 ),
 .UNSPECIFIED., .F., .F.,
 ( 4, 1, 1, 1, 1, 1, 1, 1, 1, 1, 1, 1, 1, 1, 1, 1, 4 ),
 ( 0.0000000000000000000, 0.07132852292713297293, 0.1388884808472358734, 0.2034880553541796588, 0.2653888690468833023, 0.3261469149304289661, 0.3858495392516023137, 0.4464210050912528760, 0.5085062454043183244, 0.5707165835193888093, 0.6319861944004557808, 0.6929433797704677156, 0.7531646365281636779, 0.8133972833669926850, 0.8747321709321999039, 0.9368339827764060601, 0.9999999999999998890 ),
 .UNSPECIFIED. ) ;
#3476 = CARTESIAN_POINT ( 'NONE',  ( -0.2497332618301693896, -0.3135476104768784578, 0.5999999999999995337 ) ) ;
#3477 = VERTEX_POINT ( 'NONE', #1875 ) ;
#3478 = VECTOR ( 'NONE', #1317, 1000.000000000000000 ) ;
#3479 = CARTESIAN_POINT ( 'NONE',  ( 0.5737685287781633114, 0.3083447744437439741, 0.5999999999999994227 ) ) ;
#3480 = MECHANICAL_DESIGN_GEOMETRIC_PRESENTATION_REPRESENTATION (  '', ( #182 ), #3920 ) ;
#3481 = LINE ( 'NONE', #511, #726 ) ;
#3482 = CARTESIAN_POINT ( 'NONE',  ( -0.3410510232961501687, -0.2507768418058070048, 0.5999999999999994227 ) ) ;
#3483 = VECTOR ( 'NONE', #4691, 1000.000000000000000 ) ;
#3484 = PLANE ( 'NONE',  #1199 ) ;
#3485 = VECTOR ( 'NONE', #5211, 1000.000000000000000 ) ;
#3486 = CARTESIAN_POINT ( 'NONE',  ( -0.4025393813215543681, -0.2291954529845501853, 0.5999999999999993117 ) ) ;
#3487 = PRESENTATION_STYLE_ASSIGNMENT (( #1528 ) ) ;
#3488 = SURFACE_STYLE_FILL_AREA ( #1342 ) ;
#3489 = ORIENTED_EDGE ( 'NONE', *, *, #186, .T. ) ;
#3490 = PRESENTATION_STYLE_ASSIGNMENT (( #2586 ) ) ;
#3491 = AXIS2_PLACEMENT_3D ( 'NONE', #5055, #2150, #5139 ) ;
#3492 = PRESENTATION_LAYER_ASSIGNMENT (  '', '', ( #2234 ) ) ;
#3493 = CARTESIAN_POINT ( 'NONE',  ( -0.3364399063772817722, -0.2506260864804361610, 0.5999999999999994227 ) ) ;
#3494 = CARTESIAN_POINT ( 'NONE',  ( 0.7094359896908629670, -0.07464047816944333058, 0.5999999999999994227 ) ) ;
#3495 = PRESENTATION_LAYER_ASSIGNMENT (  '', '', ( #2750 ) ) ;
#3496 = EDGE_LOOP ( 'NONE', ( #1013, #4741, #3849, #1315 ) ) ;
#3497 = CARTESIAN_POINT ( 'NONE',  ( -2.600000000000000533, 1.600000000000000089, 0.02000000000000006287 ) ) ;
#3498 = CARTESIAN_POINT ( 'NONE',  ( 0.4715516326190994922, -0.3087611222187532922, 0.5989999999999996438 ) ) ;
#3499 = CARTESIAN_POINT ( 'NONE',  ( -0.2185573139600784365, 0.03559522353058171273, 0.5999999999999992006 ) ) ;
#3500 = DIRECTION ( 'NONE',  ( 0.0000000000000000000, 1.000000000000000000, 0.0000000000000000000 ) ) ;
#3501 = CARTESIAN_POINT ( 'NONE',  ( 2.640000000000000568, -1.600000000000000089, 0.6000000000000000888 ) ) ;
#3502 = ADVANCED_FACE ( 'NONE', ( #3582 ), #1472, .T. ) ;
#3503 = CARTESIAN_POINT ( 'NONE',  ( 0.8096289519289396885, 0.3072447781359252117, 0.5999999999999996447 ) ) ;
#3504 = CARTESIAN_POINT ( 'NONE',  ( -0.2736063447962485684, 0.1050248480035876064, 0.5999999999999994227 ) ) ;
#3505 = FILL_AREA_STYLE_COLOUR ( '', #2163 ) ;
#3506 = EDGE_LOOP ( 'NONE', ( #3042, #4773, #5214, #5208 ) ) ;
#3507 = CARTESIAN_POINT ( 'NONE',  ( 0.6654876805311376042, 0.4011674935311637658, 0.5989999999999996438 ) ) ;
#3508 =( NAMED_UNIT ( * ) PLANE_ANGLE_UNIT ( ) SI_UNIT ( $, .RADIAN. ) );
#3509 = LINE ( 'NONE', #1395, #3781 ) ;
#3510 = ORIENTED_EDGE ( 'NONE', *, *, #4386, .T. ) ;
#3511 = ORIENTED_EDGE ( 'NONE', *, *, #2273, .F. ) ;
#3512 = CARTESIAN_POINT ( 'NONE',  ( 0.1975743451930003225, 0.4586647822395592544, 0.5989999999999994218 ) ) ;
#3513 =( NAMED_UNIT ( * ) SI_UNIT ( $, .STERADIAN. ) SOLID_ANGLE_UNIT ( ) );
#3514 = CARTESIAN_POINT ( 'NONE',  ( -0.7211013571338922290, 0.2078815365224028766, 0.5989999999999993108 ) ) ;
#3515 = FACE_OUTER_BOUND ( 'NONE', #5281, .T. ) ;
#3516 = STYLED_ITEM ( 'NONE', ( #761 ), #4758 ) ;
#3517 = CARTESIAN_POINT ( 'NONE',  ( 0.03597764917456001965, 0.1958048151226519928, 0.5989999999999995328 ) ) ;
#3518 = CARTESIAN_POINT ( 'NONE',  ( 0.8922162757025233759, 0.2055074383763478563, 0.5999999999999992006 ) ) ;
#3519 = ORIENTED_EDGE ( 'NONE', *, *, #3733, .T. ) ;
#3520 = STYLED_ITEM ( 'NONE', ( #3683 ), #4823 ) ;
#3521 = CARTESIAN_POINT ( 'NONE',  ( 0.4900865224791312591, -0.2291897969665828982, 0.5999999999999994227 ) ) ;
#3522 = CARTESIAN_POINT ( 'NONE',  ( 0.5858970286519020743, -0.2299976210265862187, 0.5989999999999995328 ) ) ;
#3523 = VECTOR ( 'NONE', #307, 1000.000000000000000 ) ;
#3524 = FILL_AREA_STYLE_COLOUR ( '', #2081 ) ;
#3525 = CARTESIAN_POINT ( 'NONE',  ( 0.5858970286519020743, -0.2299976210265862187, 0.5989999999999995328 ) ) ;
#3526 = CARTESIAN_POINT ( 'NONE',  ( -0.9269158479002146400, 0.3608359423596929072, 0.5989999999999993108 ) ) ;
#3527 = CARTESIAN_POINT ( 'NONE',  ( 0.8060058911381209334, 0.3203122678291254188, 0.5999999999999994227 ) ) ;
#3528 = ORIENTED_EDGE ( 'NONE', *, *, #1817, .F. ) ;
#3529 = CARTESIAN_POINT ( 'NONE',  ( 0.6311838083247535147, 0.4788299811653591309, 0.5999999999999994227 ) ) ;
#3530 = CARTESIAN_POINT ( 'NONE',  ( -0.2439730444609505833, -0.1984847713122842860, 0.5989999999999995328 ) ) ;
#3531 = UNCERTAINTY_MEASURE_WITH_UNIT (LENGTH_MEASURE( 1.000000000000000082E-05 ), #2550, 'distance_accuracy_value', 'NONE');
#3532 = CARTESIAN_POINT ( 'NONE',  ( -2.600000000000000533, -1.600000000000000089, 0.02000000000000006287 ) ) ;
#3533 = ORIENTED_EDGE ( 'NONE', *, *, #5323, .T. ) ;
#3534 = ADVANCED_FACE ( 'NONE', ( #3695 ), #1942, .T. ) ;
#3535 = EDGE_CURVE ( 'NONE', #3983, #149, #2904, .T. ) ;
#3536 = CARTESIAN_POINT ( 'NONE',  ( -3.180000000000000604, -1.600000000000000089, 0.5800000000000001821 ) ) ;
#3537 = FILL_AREA_STYLE ('',( #928 ) ) ;
#3538 = ORIENTED_EDGE ( 'NONE', *, *, #5062, .T. ) ;
#3539 = CARTESIAN_POINT ( 'NONE',  ( 0.5651178078726810661, 0.2375348465058814140, 0.5999999999999994227 ) ) ;
#3540 =( NAMED_UNIT ( * ) SI_UNIT ( $, .STERADIAN. ) SOLID_ANGLE_UNIT ( ) );
#3541 = CARTESIAN_POINT ( 'NONE',  ( -0.4530640103091372328, 0.04435302832406316093, 0.5989999999999994218 ) ) ;
#3542 = CARTESIAN_POINT ( 'NONE',  ( 0.7352634942759412873, -0.04660335829670863433, 0.5989999999999993108 ) ) ;
#3543 = ORIENTED_EDGE ( 'NONE', *, *, #1183, .F. ) ;
#3544 = DIRECTION ( 'NONE',  ( 1.000000000000000000, 0.0000000000000000000, 0.0000000000000000000 ) ) ;
#3545 = CARTESIAN_POINT ( 'NONE',  ( 0.05764116356589651935, 0.2085066440133323262, 0.5999999999999993117 ) ) ;
#3546 =( LENGTH_UNIT ( ) NAMED_UNIT ( * ) SI_UNIT ( .MILLI., .METRE. ) );
#3547 = SURFACE_STYLE_FILL_AREA ( #3604 ) ;
#3548 = CARTESIAN_POINT ( 'NONE',  ( -0.4951193119263481712, -0.2576184521913514325, 0.5999999999999995337 ) ) ;
#3549 = CARTESIAN_POINT ( 'NONE',  ( -0.1517653090104358338, 0.4661062750773100061, 0.5999999999999994227 ) ) ;
#3550 = CARTESIAN_POINT ( 'NONE',  ( -0.9176003912704164822, 0.3708584786421323942, 0.5989999999999994218 ) ) ;
#3551 = CARTESIAN_POINT ( 'NONE',  ( 0.8123730788367750089, 0.2935740498880893279, 0.5989999999999993108 ) ) ;
#3552 = VERTEX_POINT ( 'NONE', #4074 ) ;
#3553 = MECHANICAL_DESIGN_GEOMETRIC_PRESENTATION_REPRESENTATION (  '', ( #4526 ), #1591 ) ;
#3554 = CARTESIAN_POINT ( 'NONE',  ( -0.4478739846854871143, -0.1633431166610755936, 0.5989999999999995328 ) ) ;
#3555 = CARTESIAN_POINT ( 'NONE',  ( 0.5611963006910264395, 0.4411343841477788907, 0.5999999999999993117 ) ) ;
#3556 = CARTESIAN_POINT ( 'NONE',  ( -0.6391635396599427699, 0.1867388797968761172, 0.5999999999999994227 ) ) ;
#3557 = STYLED_ITEM ( 'NONE', ( #21 ), #989 ) ;
#3558 = CARTESIAN_POINT ( 'NONE',  ( -0.9621549194000463823, 0.2375348465058814140, 0.5989999999999994218 ) ) ;
#3559 = ORIENTED_EDGE ( 'NONE', *, *, #1252, .T. ) ;
#3560 = STYLED_ITEM ( 'NONE', ( #1018 ), #1422 ) ;
#3561 = LINE ( 'NONE', #3118, #4932 ) ;
#3562 = CARTESIAN_POINT ( 'NONE',  ( -0.4248695222919181558, 0.1798233260602715988, 0.5999999999999993117 ) ) ;
#3563 = EDGE_LOOP ( 'NONE', ( #5095, #4038, #4457, #3178 ) ) ;
#3564 =( NAMED_UNIT ( * ) SI_UNIT ( $, .STERADIAN. ) SOLID_ANGLE_UNIT ( ) );
#3565 = FILL_AREA_STYLE_COLOUR ( '', #1779 ) ;
#3566 = CARTESIAN_POINT ( 'NONE',  ( -0.3009285376020100489, -0.2437656936087208015, 0.5999999999999995337 ) ) ;
#3567 = PRESENTATION_STYLE_ASSIGNMENT (( #1828 ) ) ;
#3568 = VECTOR ( 'NONE', #4218, 1000.000000000000000 ) ;
#3569 = CARTESIAN_POINT ( 'NONE',  ( -0.6690384762703635024, 0.1138411151622464035, 0.5999999999999994227 ) ) ;
#3570 =( NAMED_UNIT ( * ) PLANE_ANGLE_UNIT ( ) SI_UNIT ( $, .RADIAN. ) );
#3571 = ORIENTED_EDGE ( 'NONE', *, *, #1295, .T. ) ;
#3572 = AXIS2_PLACEMENT_3D ( 'NONE', #310, #3664, #5005 ) ;
#3573 = FILL_AREA_STYLE_COLOUR ( '', #513 ) ;
#3574 = VECTOR ( 'NONE', #2932, 1000.000000000000227 ) ;
#3575 = CARTESIAN_POINT ( 'NONE',  ( 0.4716113143661876395, -0.3235041145330797008, 0.5999999999999994227 ) ) ;
#3576 = LINE ( 'NONE', #5217, #1613 ) ;
#3577 = VECTOR ( 'NONE', #3893, 1000.000000000000000 ) ;
#3578 = CARTESIAN_POINT ( 'NONE',  ( -0.3802640875853177116, -0.3305182611999502029, 0.5989999999999994218 ) ) ;
#3579 = CARTESIAN_POINT ( 'NONE',  ( -1.055661412906539809, -0.3235041145330797008, 0.5999999999999994227 ) ) ;
#3580 = CARTESIAN_POINT ( 'NONE',  ( 0.6654876805311376042, 0.4011674935311637658, 0.5999999999999996447 ) ) ;
#3581 = ORIENTED_EDGE ( 'NONE', *, *, #4066, .F. ) ;
#3582 = FACE_OUTER_BOUND ( 'NONE', #1040, .T. ) ;
#3583 = PRESENTATION_STYLE_ASSIGNMENT (( #4919 ) ) ;
#3584 = DIRECTION ( 'NONE',  ( 2.017260614543518492E-16, 0.0000000000000000000, -1.000000000000000000 ) ) ;
#3585 = VERTEX_POINT ( 'NONE', #1548 ) ;
#3586 =( LENGTH_UNIT ( ) NAMED_UNIT ( * ) SI_UNIT ( .MILLI., .METRE. ) );
#3587 = CARTESIAN_POINT ( 'NONE',  ( 0.8922162757025233759, 0.2055074383763478563, 0.5999999999999992006 ) ) ;
#3588 = B_SPLINE_CURVE_WITH_KNOTS ( 'NONE', 3,
 ( #948, #2627, #2539, #3809, #4753, #1795, #1676, #5496, #3889, #1366, #4259, #4310, #1709, #4341, #507, #3918, #5092, #3417, #3474 ),
 .UNSPECIFIED., .F., .F.,
 ( 4, 1, 1, 1, 1, 1, 1, 1, 1, 1, 1, 1, 1, 1, 1, 1, 4 ),
 ( 0.0000000000000000000, 0.04878347937587419053, 0.09693138956973625098, 0.1450915008017280017, 0.1933977841194992053, 0.2422569075037525332, 0.2911229018096243570, 0.3408352192596669772, 0.3915951061367907715, 0.4457719150393740781, 0.5061126198317954517, 0.5725064867171756333, 0.6449505620533899641, 0.7242299195761302544, 0.8096884027761077629, 0.9016917347513255798, 1.000000000000000000 ),
 .UNSPECIFIED. ) ;
#3589 = SURFACE_SIDE_STYLE ('',( #3646 ) ) ;
#3590 = EDGE_LOOP ( 'NONE', ( #1847, #660, #249, #3070 ) ) ;
#3591 = SURFACE_STYLE_USAGE ( .BOTH. , #3620 ) ;
#3592 = FILL_AREA_STYLE_COLOUR ( '', #3749 ) ;
#3593 = CARTESIAN_POINT ( 'NONE',  ( -0.6296873869325138040, 0.2626971841682190778, 0.5999999999999994227 ) ) ;
#3594 = CARTESIAN_POINT ( 'NONE',  ( 0.8922162757025233759, 0.2055074383763478563, 0.5989999999999991998 ) ) ;
#3595 = ORIENTED_EDGE ( 'NONE', *, *, #3845, .T. ) ;
#3596 = DIRECTION ( 'NONE',  ( -1.000000000000000000, 0.0000000000000000000, 0.0000000000000000000 ) ) ;
#3597 = LINE ( 'NONE', #215, #5316 ) ;
#3598 = CARTESIAN_POINT ( 'NONE',  ( 0.5271353183080055294, -0.1570443995873252452, 0.5989999999999994218 ) ) ;
#3599 = VECTOR ( 'NONE', #4159, 1000.000000000000000 ) ;
#3600 = EDGE_CURVE ( 'NONE', #4485, #270, #5315, .T. ) ;
#3601 = PRESENTATION_STYLE_ASSIGNMENT (( #4413 ) ) ;
#3602 = EDGE_CURVE ( 'NONE', #3919, #2482, #1731, .T. ) ;
#3603 = PLANE ( 'NONE',  #293 ) ;
#3604 = FILL_AREA_STYLE ('',( #1835 ) ) ;
#3605 = CARTESIAN_POINT ( 'NONE',  ( -0.4345967321749700241, -0.3104330562972313357, 0.5999999999999995337 ) ) ;
#3606 = FACE_OUTER_BOUND ( 'NONE', #1574, .T. ) ;
#3607 = CARTESIAN_POINT ( 'NONE',  ( 0.5737685287781633114, 0.3083447744437439741, 0.5999999999999993117 ) ) ;
#3608 =( LENGTH_UNIT ( ) NAMED_UNIT ( * ) SI_UNIT ( .MILLI., .METRE. ) );
#3609 = ORIENTED_EDGE ( 'NONE', *, *, #743, .T. ) ;
#3610 = CARTESIAN_POINT ( 'NONE',  ( 0.6931782277384013202, -0.09193794521547524190, 0.5999999999999996447 ) ) ;
#3611 = CARTESIAN_POINT ( 'NONE',  ( 0.6875122381135930771, 0.4866923438396086321, 0.5999999999999994227 ) ) ;
#3612 = COLOUR_RGB ( '',1.000000000000000000, 1.000000000000000000, 1.000000000000000000 ) ;
#3613 = FILL_AREA_STYLE_COLOUR ( '', #5027 ) ;
#3614 = CARTESIAN_POINT ( 'NONE',  ( -0.3092732833847977036, 0.2061384701396817287, 0.5999999999999994227 ) ) ;
#3615 = B_SPLINE_CURVE_WITH_KNOTS ( 'NONE', 3,
 ( #494, #1296, #1752, #1726, #2196, #1377, #3068, #4656, #3433, #4766, #905, #4297, #2169, #526, #2638, #4355, #3455, #3875, #53 ),
 .UNSPECIFIED., .F., .F.,
 ( 4, 1, 1, 1, 1, 1, 1, 1, 1, 1, 1, 1, 1, 1, 1, 1, 4 ),
 ( 0.0000000000000000000, 0.07278041585726051366, 0.1421477661410811000, 0.2091827705192677578, 0.2742917701525877106, 0.3377688011273005109, 0.4007572236760685302, 0.4628012679375338445, 0.5255951311873973131, 0.5875404891381657002, 0.6475290235975744713, 0.7063226117617446009, 0.7636995326185601618, 0.8213742411629880724, 0.8796189551866803180, 0.9389099248298984346, 1.000000000000000000 ),
 .UNSPECIFIED. ) ;
#3616 = ORIENTED_EDGE ( 'NONE', *, *, #2950, .T. ) ;
#3617 = CARTESIAN_POINT ( 'NONE',  ( 0.8339180724832953029, 0.07512048296998236063, 0.5999999999999994227 ) ) ;
#3618 = FILL_AREA_STYLE_COLOUR ( '', #3003 ) ;
#3619 = ORIENTED_EDGE ( 'NONE', *, *, #745, .T. ) ;
#3620 = SURFACE_SIDE_STYLE ('',( #4901 ) ) ;
#3621 =( LENGTH_UNIT ( ) NAMED_UNIT ( * ) SI_UNIT ( .MILLI., .METRE. ) );
#3622 = FILL_AREA_STYLE ('',( #4482 ) ) ;
#3623 = CARTESIAN_POINT ( 'NONE',  ( -0.8178367375818644813, -0.07464047816944333058, 0.5999999999999994227 ) ) ;
#3624 = SURFACE_SIDE_STYLE ('',( #1589 ) ) ;
#3625 = ORIENTED_EDGE ( 'NONE', *, *, #4421, .T. ) ;
#3626 =( LENGTH_UNIT ( ) NAMED_UNIT ( * ) SI_UNIT ( .MILLI., .METRE. ) );
#3627 = CARTESIAN_POINT ( 'NONE',  ( -0.7920092329967859390, -0.04660335829670863433, 0.5989999999999994218 ) ) ;
#3628 = CARTESIAN_POINT ( 'NONE',  ( -0.6364289880083193740, 0.3254888900900888005, 0.5989999999999994218 ) ) ;
#3629 = DIRECTION ( 'NONE',  ( 1.000000000000000000, -0.0000000000000000000, 0.0000000000000000000 ) ) ;
#3630 = DIRECTION ( 'NONE',  ( -0.0000000000000000000, 0.0000000000000000000, 1.000000000000000000 ) ) ;
#3631 = CARTESIAN_POINT ( 'NONE',  ( -0.3733070382175617818, -0.2456291466887745023, 0.5989999999999995328 ) ) ;
#3632 = CARTESIAN_POINT ( 'NONE',  ( -0.1205964778416047656, -0.05110151713048226990, 0.5989999999999994218 ) ) ;
#3633 = EDGE_CURVE ( 'NONE', #454, #2282, #1797, .T. ) ;
#3634 = CARTESIAN_POINT ( 'NONE',  ( 0.5921906951361364246, 0.3494070746582180198, 0.5999999999999996447 ) ) ;
#3635 = EDGE_CURVE ( 'NONE', #1194, #1396, #4633, .T. ) ;
#3636 = CARTESIAN_POINT ( 'NONE',  ( -0.7325590096229374071, 0.3440786106546512291, 0.5989999999999995328 ) ) ;
#3637 = ORIENTED_EDGE ( 'NONE', *, *, #568, .F. ) ;
#3638 = CARTESIAN_POINT ( 'NONE',  ( -0.4532660794531980786, -0.1481148454772890088, 0.5989999999999993108 ) ) ;
#3639 = DIRECTION ( 'NONE',  ( 1.000000000000000000, -0.0000000000000000000, 0.0000000000000000000 ) ) ;
#3640 = STYLED_ITEM ( 'NONE', ( #608 ), #85 ) ;
#3641 = PRESENTATION_STYLE_ASSIGNMENT (( #715 ) ) ;
#3642 = CARTESIAN_POINT ( 'NONE',  ( -0.1205964778416047656, -0.05110151713048226990, 0.5989999999999994218 ) ) ;
#3643 = EDGE_LOOP ( 'NONE', ( #5116, #4444, #3000, #2021, #4554, #407, #2649, #2654, #4113, #1226, #4777, #4783 ) ) ;
#3644 = AXIS2_PLACEMENT_3D ( 'NONE', #880, #2988, #3412 ) ;
#3645 = FILL_AREA_STYLE ('',( #185 ) ) ;
#3646 = SURFACE_STYLE_FILL_AREA ( #5232 ) ;
#3647 = SURFACE_SIDE_STYLE ('',( #2743 ) ) ;
#3648 = CARTESIAN_POINT ( 'NONE',  ( 0.7094359896908629670, -0.07464047816944333058, 0.5989999999999994218 ) ) ;
#3649 = EDGE_LOOP ( 'NONE', ( #1412, #1707, #3131, #375 ) ) ;
#3650 = VERTEX_POINT ( 'NONE', #821 ) ;
#3651 = PLANE ( 'NONE',  #3820 ) ;
#3652 = STYLED_ITEM ( 'NONE', ( #1581 ), #2057 ) ;
#3653 = CARTESIAN_POINT ( 'NONE',  ( -0.6298345278886725573, 0.2698483120667990454, 0.5989999999999994218 ) ) ;
#3654 = CARTESIAN_POINT ( 'NONE',  ( 0.8465662902286366087, 0.4185715134532380088, 0.5999999999999994227 ) ) ;
#3655 = CARTESIAN_POINT ( 'NONE',  ( -2.620000000000000995, -1.600000000000000089, 0.5799999999999999600 ) ) ;
#3656 = CARTESIAN_POINT ( 'NONE',  ( 0.4716113143661876395, -0.3235041145330797008, 0.5999999999999994227 ) ) ;
#3657 = PRESENTATION_LAYER_ASSIGNMENT (  '', '', ( #2753 ) ) ;
#3658 = CARTESIAN_POINT ( 'NONE',  ( -0.5442404718638569339, -0.1311025547603500707, 0.5999999999999995337 ) ) ;
#3659 = STYLED_ITEM ( 'NONE', ( #3567 ), #2676 ) ;
#3660 =( NAMED_UNIT ( * ) PLANE_ANGLE_UNIT ( ) SI_UNIT ( $, .RADIAN. ) );
#3661 = CARTESIAN_POINT ( 'NONE',  ( 0.1088388663118925320, 0.3476772659593863057, 0.5989999999999991998 ) ) ;
#3662 =( NAMED_UNIT ( * ) PLANE_ANGLE_UNIT ( ) SI_UNIT ( $, .RADIAN. ) );
#3663 = ORIENTED_EDGE ( 'NONE', *, *, #1085, .T. ) ;
#3664 = DIRECTION ( 'NONE',  ( 0.1240347345892083147, -0.9922778767136677391, 0.0000000000000000000 ) ) ;
#3665 = CARTESIAN_POINT ( 'NONE',  ( -0.7264039184812207672, 0.3325618825413506618, 0.5989999999999993108 ) ) ;
#3666 = VECTOR ( 'NONE', #5255, 1000.000000000000000 ) ;
#3667 = EDGE_CURVE ( 'NONE', #505, #2276, #5164, .T. ) ;
#3668 = EDGE_CURVE ( 'NONE', #1075, #2518, #200, .T. ) ;
#3669 = CARTESIAN_POINT ( 'NONE',  ( -1.055721094653628178, -0.3087611222187532367, 0.5989999999999994218 ) ) ;
#3670 = FACE_BOUND ( 'NONE', #1119, .T. ) ;
#3671 =( NAMED_UNIT ( * ) SI_UNIT ( $, .STERADIAN. ) SOLID_ANGLE_UNIT ( ) );
#3672 = CARTESIAN_POINT ( 'NONE',  ( -0.1205964778416047656, -0.05110151713048226990, 0.5999999999999994227 ) ) ;
#3673 = CARTESIAN_POINT ( 'NONE',  ( -2.640000000000000568, -1.600000000000000089, -0.001000000000000674828 ) ) ;
#3674 = ORIENTED_EDGE ( 'NONE', *, *, #3803, .F. ) ;
#3675 = CARTESIAN_POINT ( 'NONE',  ( -0.2543708621603321118, -0.2106336837126472628, 0.5999999999999995337 ) ) ;
#3676 = EDGE_CURVE ( 'NONE', #3906, #2189, #4302, .T. ) ;
#3677 = CARTESIAN_POINT ( 'NONE',  ( -0.6298345278886725573, 0.2698483120667990454, 0.5999999999999995337 ) ) ;
#3678 = CARTESIAN_POINT ( 'NONE',  ( -0.2885876162695836245, -0.2377815626152384731, 0.5999999999999994227 ) ) ;
#3679 = ORIENTED_EDGE ( 'NONE', *, *, #1024, .T. ) ;
#3680 = CARTESIAN_POINT ( 'NONE',  ( -1.030048086590753975, -0.2120101229100117002, 0.5999999999999994227 ) ) ;
#3681 = ORIENTED_EDGE ( 'NONE', *, *, #3462, .F. ) ;
#3682 = SURFACE_STYLE_FILL_AREA ( #806 ) ;
#3683 = PRESENTATION_STYLE_ASSIGNMENT (( #644 ) ) ;
#3684 = VERTEX_POINT ( 'NONE', #877 ) ;
#3685 = COLOUR_RGB ( '',0.7686274509803920907, 0.7686274509803920907, 0.7686274509803920907 ) ;
#3686 = DIRECTION ( 'NONE',  ( 1.000000000000000000, 0.0000000000000000000, 0.0000000000000000000 ) ) ;
#3687 = CARTESIAN_POINT ( 'NONE',  ( -0.7875434955601507969, 0.3942945792464228605, 0.5999999999999993117 ) ) ;
#3688 = CARTESIAN_POINT ( 'NONE',  ( -0.6941929733596660101, 0.4346165392160175056, 0.5999999999999992006 ) ) ;
#3689 = MECHANICAL_DESIGN_GEOMETRIC_PRESENTATION_REPRESENTATION (  '', ( #2158 ), #5363 ) ;
#3690 = DIRECTION ( 'NONE',  ( 0.0000000000000000000, 1.000000000000000000, 0.0000000000000000000 ) ) ;
#3691 = CARTESIAN_POINT ( 'NONE',  ( -0.1207940833279796816, -0.06063145290353753186, 0.5989999999999995328 ) ) ;
#3692 = CARTESIAN_POINT ( 'NONE',  ( 0.07928737435328638006, 0.3225539051485744046, 0.5989999999999995328 ) ) ;
#3693 = LINE ( 'NONE', #2844, #5167 ) ;
#3694 = EDGE_LOOP ( 'NONE', ( #1566, #810, #93, #3988, #4811, #1992, #1768, #1363 ) ) ;
#3695 = FACE_OUTER_BOUND ( 'NONE', #2892, .T. ) ;
#3696 = SURFACE_STYLE_FILL_AREA ( #4947 ) ;
#3697 = VECTOR ( 'NONE', #3847, 1000.000000000000000 ) ;
#3698 = FILL_AREA_STYLE_COLOUR ( '', #3164 ) ;
#3699 = UNCERTAINTY_MEASURE_WITH_UNIT (LENGTH_MEASURE( 1.000000000000000082E-05 ), #889, 'distance_accuracy_value', 'NONE');
#3700 = LINE ( 'NONE', #3754, #3292 ) ;
#3701 = ORIENTED_EDGE ( 'NONE', *, *, #4007, .T. ) ;
#3702 = VECTOR ( 'NONE', #2909, 1000.000000000000000 ) ;
#3703 = CARTESIAN_POINT ( 'NONE',  ( 0.8011014569562898702, 0.4605005352256765772, 0.5989999999999989777 ) ) ;
#3704 = CARTESIAN_POINT ( 'NONE',  ( -0.8492087116645462563, -0.1083695336467524195, 0.5989999999999993108 ) ) ;
#3705 = CARTESIAN_POINT ( 'NONE',  ( -0.8084964661247081574, 0.4861872154142798386, 0.5989999999999995328 ) ) ;
#3706 = DIRECTION ( 'NONE',  ( 0.0000000000000000000, 1.000000000000000000, 0.0000000000000000000 ) ) ;
#3707 = EDGE_CURVE ( 'NONE', #3150, #2319, #34, .T. ) ;
#3708 = ADVANCED_FACE ( 'NONE', ( #4277 ), #442, .T. ) ;
#3709 = CARTESIAN_POINT ( 'NONE',  ( 0.7830005377784967635, 0.1530822246272082188, 0.5999999999999992006 ) ) ;
#3710 = DIRECTION ( 'NONE',  ( 0.0000000000000000000, 0.0000000000000000000, -1.000000000000000000 ) ) ;
#3711 = VERTEX_POINT ( 'NONE', #1382 ) ;
#3712 =( NAMED_UNIT ( * ) SI_UNIT ( $, .STERADIAN. ) SOLID_ANGLE_UNIT ( ) );
#3713 = CARTESIAN_POINT ( 'NONE',  ( -0.6493668445230116326, 0.3645314167648510129, 0.5989999999999995328 ) ) ;
#3714 = CARTESIAN_POINT ( 'NONE',  ( 0.8849560766861384042, 0.3452295077096059761, 0.5999999999999994227 ) ) ;
#3715 = FILL_AREA_STYLE_COLOUR ( '', #5450 ) ;
#3716 = CARTESIAN_POINT ( 'NONE',  ( 0.5406800665673610062, -0.1371732999891078775, 0.5999999999999993117 ) ) ;
#3717 = CARTESIAN_POINT ( 'NONE',  ( -0.1659138861554658451, -0.2296658710392157632, 0.5989999999999995328 ) ) ;
#3718 = FILL_AREA_STYLE_COLOUR ( '', #2621 ) ;
#3719 = DIRECTION ( 'NONE',  ( -0.0000000000000000000, -0.0000000000000000000, 1.000000000000000000 ) ) ;
#3720 = ORIENTED_EDGE ( 'NONE', *, *, #5226, .T. ) ;
#3721 = CARTESIAN_POINT ( 'NONE',  ( -0.8758168347606238857, 0.4835299739023972143, 0.5989999999999994218 ) ) ;
#3722 = CARTESIAN_POINT ( 'NONE',  ( -0.3389406336857606616, 0.1232491322201671041, 0.5989999999999995328 ) ) ;
#3723 = PRESENTATION_STYLE_ASSIGNMENT (( #4134 ) ) ;
#3724 = CARTESIAN_POINT ( 'NONE',  ( -0.5361808934260202664, 0.05620367767471252246, 0.5999999999999994227 ) ) ;
#3725 = DIRECTION ( 'NONE',  ( -0.0000000000000000000, -0.0000000000000000000, 1.000000000000000000 ) ) ;
#3726 = DIRECTION ( 'NONE',  ( -0.0000000000000000000, 1.000000000000000000, 0.0000000000000000000 ) ) ;
#3727 = ORIENTED_EDGE ( 'NONE', *, *, #1674, .T. ) ;
#3728 = CARTESIAN_POINT ( 'NONE',  ( -0.6327302297164260070, 0.3050103214907985971, 0.5989999999999994218 ) ) ;
#3729 = VECTOR ( 'NONE', #84, 1000.000000000000000 ) ;
#3730 = ORIENTED_EDGE ( 'NONE', *, *, #667, .T. ) ;
#3731 = CARTESIAN_POINT ( 'NONE',  ( -0.3260361668797057133, 0.2059960941554443148, 0.5999999999999994227 ) ) ;
#3732 = B_SPLINE_CURVE_WITH_KNOTS ( 'NONE', 3,
 ( #5447, #832, #3785, #4536, #724, #2409, #5418, #2513, #4593, #3709, #1610, #2483, #5391, #775, #2460 ),
 .UNSPECIFIED., .F., .F.,
 ( 4, 1, 1, 1, 1, 1, 1, 1, 1, 1, 1, 1, 4 ),
 ( 0.0000000000000000000, 0.1093800741214259464, 0.2106028248854700247, 0.3040152216769062554, 0.3890488990674313974, 0.4663664913632523668, 0.5360298331844518538, 0.5979862717537242078, 0.6521467510862013484, 0.7493520093192573839, 0.8388265501964031756, 0.9217438124469392591, 1.000000000000000000 ),
 .UNSPECIFIED. ) ;
#3733 = EDGE_CURVE ( 'NONE', #4599, #1697, #1210, .T. ) ;
#3734 = EDGE_CURVE ( 'NONE', #424, #4171, #5064, .T. ) ;
#3735 = VECTOR ( 'NONE', #621, 1000.000000000000000 ) ;
#3736 = ORIENTED_EDGE ( 'NONE', *, *, #2356, .T. ) ;
#3737 = CARTESIAN_POINT ( 'NONE',  ( 0.6949879377428108684, 0.4868854958565307922, 0.5989999999999994218 ) ) ;
#3738 = CARTESIAN_POINT ( 'NONE',  ( -0.6301263308066837876, 0.2840300874361456618, 0.5989999999999996438 ) ) ;
#3739 = CARTESIAN_POINT ( 'NONE',  ( -0.6493668445230116326, 0.3645314167648510129, 0.5999999999999995337 ) ) ;
#3740 = COLOUR_RGB ( '',0.7686274509803920907, 0.7686274509803920907, 0.7686274509803920907 ) ;
#3741 = CARTESIAN_POINT ( 'NONE',  ( 0.4790949995776423442, -0.2623152309583700603, 0.5999999999999994227 ) ) ;
#3742 = DIRECTION ( 'NONE',  ( 1.936075308009830896E-16, 0.0000000000000000000, -1.000000000000000000 ) ) ;
#3743 = CARTESIAN_POINT ( 'NONE',  ( -0.8322847895299164689, 0.4868854958565307922, 0.5989999999999994218 ) ) ;
#3744 = LINE ( 'NONE', #5026, #3523 ) ;
#3745 = STYLED_ITEM ( 'NONE', ( #2031 ), #3020 ) ;
#3746 = CARTESIAN_POINT ( 'NONE',  ( -2.640000000000000568, -1.450000000000000178, 0.5799999999999999600 ) ) ;
#3747 = CARTESIAN_POINT ( 'NONE',  ( -2.600000000000000533, -1.600000000000000089, 0.6000000000000000888 ) ) ;
#3748 = AXIS2_PLACEMENT_3D ( 'NONE', #3224, #1157, #4130 ) ;
#3749 = COLOUR_RGB ( '',1.000000000000000000, 1.000000000000000000, 1.000000000000000000 ) ;
#3750 = CARTESIAN_POINT ( 'NONE',  ( 0.4820009247557979770, 0.2479244568954917793, 0.5989999999999994218 ) ) ;
#3751 = SURFACE_STYLE_FILL_AREA ( #2365 ) ;
#3752 = CARTESIAN_POINT ( 'NONE',  ( -0.4951193119263481712, -0.2576184521913514325, 0.5999999999999995337 ) ) ;
#3753 = DIRECTION ( 'NONE',  ( -0.9922778767136676281, 0.1240347345892081343, 0.0000000000000000000 ) ) ;
#3754 = CARTESIAN_POINT ( 'NONE',  ( 3.180000000000000604, 1.600000000000000089, 0.5799999999999995159 ) ) ;
#3755 =( GEOMETRIC_REPRESENTATION_CONTEXT ( 3 ) GLOBAL_UNCERTAINTY_ASSIGNED_CONTEXT ( ( #576 ) ) GLOBAL_UNIT_ASSIGNED_CONTEXT ( ( #2004, #2364, #5007 ) ) REPRESENTATION_CONTEXT ( 'NONE', 'WORKASPACE' ) );
#3756 = VECTOR ( 'NONE', #1462, 1000.000000000000000 ) ;
#3757 = CARTESIAN_POINT ( 'NONE',  ( -2.620000000000000995, -1.450000000000000178, 0.5799999999999999600 ) ) ;
#3758 = CARTESIAN_POINT ( 'NONE',  ( -0.7261712703164366900, 0.4605005352256767992, 0.5989999999999991998 ) ) ;
#3759 = DIRECTION ( 'NONE',  ( -0.0000000000000000000, -0.0000000000000000000, 1.000000000000000000 ) ) ;
#3760 = CARTESIAN_POINT ( 'NONE',  ( -0.7211013571338922290, 0.2078815365224028766, 0.5999999999999993117 ) ) ;
#3761 = CARTESIAN_POINT ( 'NONE',  ( 0.6412479657168316249, 0.3932538803962952190, 0.5999999999999996447 ) ) ;
#3762 = CARTESIAN_POINT ( 'NONE',  ( -0.3157263479714747523, 0.2063660153370502348, 0.5999999999999994227 ) ) ;
#3763 =( LENGTH_UNIT ( ) NAMED_UNIT ( * ) SI_UNIT ( .MILLI., .METRE. ) );
#3764 = EDGE_LOOP ( 'NONE', ( #1965, #4121, #4646, #571 ) ) ;
#3765 = CARTESIAN_POINT ( 'NONE',  ( 0.8179247882967658478, 0.4487176075694082611, 0.5989999999999997549 ) ) ;
#3766 = CARTESIAN_POINT ( 'NONE',  ( 0.8060058911381209334, 0.3203122678291254188, 0.5989999999999993108 ) ) ;
#3767 = CARTESIAN_POINT ( 'NONE',  ( -3.180000000000000604, 1.600000000000000089, 0.01999999999999942102 ) ) ;
#3768 = CARTESIAN_POINT ( 'NONE',  ( 0.5406800665673610062, -0.1371732999891078775, 0.5989999999999993108 ) ) ;
#3769 = CARTESIAN_POINT ( 'NONE',  ( -0.9269158479002146400, 0.3608359423596929072, 0.5999999999999993117 ) ) ;
#3770 = CARTESIAN_POINT ( 'NONE',  ( 0.1975743451930003225, 0.4586647822395592544, 0.5999999999999994227 ) ) ;
#3771 = EDGE_CURVE ( 'NONE', #555, #1615, #616, .T. ) ;
#3772 = EDGE_CURVE ( 'NONE', #270, #158, #2991, .T. ) ;
#3773 = CARTESIAN_POINT ( 'NONE',  ( -0.7570693748978577498, 0.3739285312327009780, 0.5989999999999993108 ) ) ;
#3774 = CARTESIAN_POINT ( 'NONE',  ( -0.9538727731547709254, -0.09519566007892760195, 0.5999999999999994227 ) ) ;
#3775 = CARTESIAN_POINT ( 'NONE',  ( -1.032343170146150735, 0.3285027329664727547, 0.5999999999999992006 ) ) ;
#3776 = CARTESIAN_POINT ( 'NONE',  ( -0.5266979190260504540, -0.2008206887783183792, 0.5999999999999993117 ) ) ;
#3777 = VECTOR ( 'NONE', #4504, 1000.000000000000000 ) ;
#3778 = SURFACE_SIDE_STYLE ('',( #2070 ) ) ;
#3779 = DIRECTION ( 'NONE',  ( 0.0000000000000000000, 0.0000000000000000000, -1.000000000000000000 ) ) ;
#3780 = FILL_AREA_STYLE_COLOUR ( '', #786 ) ;
#3781 = VECTOR ( 'NONE', #3090, 1000.000000000000227 ) ;
#3782 = DIRECTION ( 'NONE',  ( -0.0000000000000000000, 0.0000000000000000000, 1.000000000000000000 ) ) ;
#3783 = ORIENTED_EDGE ( 'NONE', *, *, #5322, .F. ) ;
#3784 = CARTESIAN_POINT ( 'NONE',  ( 0.6919035221583953454, 0.4037686127396476476, 0.5999999999999995337 ) ) ;
#3785 = CARTESIAN_POINT ( 'NONE',  ( 0.6614879238159362407, 0.0002166925124949786567, 0.5999999999999996447 ) ) ;
#3786 = CARTESIAN_POINT ( 'NONE',  ( 3.200000000000000178, -1.600000000000000089, -5.327213576290987228E-16 ) ) ;
#3787 = CARTESIAN_POINT ( 'NONE',  ( 0.7701004789681714646, 0.1318272022723513126, 0.5989999999999997549 ) ) ;
#3788 = VERTEX_POINT ( 'NONE', #2438 ) ;
#3789 = ORIENTED_EDGE ( 'NONE', *, *, #1683, .T. ) ;
#3790 = CARTESIAN_POINT ( 'NONE',  ( -2.620000000000000107, -1.600000000000000089, 0.5800000000000001821 ) ) ;
#3791 = CARTESIAN_POINT ( 'NONE',  ( -0.7128042700493969486, 0.2643205607915956046, 0.5999999999999994227 ) ) ;
#3792 = CARTESIAN_POINT ( 'NONE',  ( 0.4900865224791312591, -0.2291897969665828982, 0.5989999999999994218 ) ) ;
#3793 = CARTESIAN_POINT ( 'NONE',  ( -0.8971504297437719044, 0.3870908391879087085, 0.5999999999999994227 ) ) ;
#3794 = SURFACE_STYLE_USAGE ( .BOTH. , #2840 ) ;
#3795 = B_SPLINE_SURFACE_WITH_KNOTS ( 'NONE', 3, 1, ( 
 ( #1419, #4897 ),
 ( #207, #1984 ),
 ( #2862, #2767 ),
 ( #3704, #2737 ),
 ( #3234, #2326 ),
 ( #4530, #4981 ),
 ( #3290, #5386 ),
 ( #662, #1168 ),
 ( #4031, #232 ),
 ( #5361, #4563 ),
 ( #4447, #1906 ),
 ( #5305, #1501 ),
 ( #2345, #1087 ) ),
 .UNSPECIFIED., .F., .F., .F.,
 ( 4, 1, 1, 1, 1, 1, 1, 1, 1, 1, 4 ),
 ( 2, 2 ),
 ( 0.0000000000000000000, 0.1227496676134339215, 0.2345844757249740953, 0.3360613725792332973, 0.4265798447320827691, 0.5068085108969699881, 0.5755457069859369890, 0.6345771878879880035, 0.6821573405218308572, 0.8461889169654402965, 1.000000000000000000 ),
 ( 0.0000000000000000000, 1.000000000000000000 ),
 .UNSPECIFIED. ) ;
#3796 = CARTESIAN_POINT ( 'NONE',  ( -0.1537079277549918133, -0.2072646450404293517, 0.5999999999999994227 ) ) ;
#3797 = CARTESIAN_POINT ( 'NONE',  ( 0.4828574846787099251, 0.2575695103935631280, 0.5989999999999993108 ) ) ;
#3798 = B_SPLINE_CURVE_WITH_KNOTS ( 'NONE', 3,
 ( #5218, #4020, #2204, #2235, #1834, #1407, #5293, #3103, #195, #2285, #1070, #3993, #563 ),
 .UNSPECIFIED., .F., .F.,
 ( 4, 1, 1, 1, 1, 1, 1, 1, 1, 1, 4 ),
 ( 0.0000000000000000000, 0.1227496676134339632, 0.2345844757249741785, 0.3360613725792329642, 0.4265798447320829356, 0.5068085108969702102, 0.5755457069859367669, 0.6345771878879878924, 0.6821573405218314123, 0.8461889169654406295, 1.000000000000000000 ),
 .UNSPECIFIED. ) ;
#3799 = CARTESIAN_POINT ( 'NONE',  ( 3.180000000000000604, -1.600000000000000089, 0.5800000000000001821 ) ) ;
#3800 =( NAMED_UNIT ( * ) SI_UNIT ( $, .STERADIAN. ) SOLID_ANGLE_UNIT ( ) );
#3801 = EDGE_CURVE ( 'NONE', #4485, #1720, #242, .T. ) ;
#3802 = SURFACE_SIDE_STYLE ('',( #1651 ) ) ;
#3803 = EDGE_CURVE ( 'NONE', #1314, #3323, #1207, .T. ) ;
#3804 = DIRECTION ( 'NONE',  ( 0.0000000000000000000, 1.000000000000000000, 0.0000000000000000000 ) ) ;
#3805 = CARTESIAN_POINT ( 'NONE',  ( -0.5442404718638569339, -0.1311025547603500707, 0.5999999999999995337 ) ) ;
#3806 =( LENGTH_UNIT ( ) NAMED_UNIT ( * ) SI_UNIT ( .MILLI., .METRE. ) );
#3807 = UNCERTAINTY_MEASURE_WITH_UNIT (LENGTH_MEASURE( 1.000000000000000082E-05 ), #1926, 'distance_accuracy_value', 'NONE');
#3808 = SURFACE_STYLE_USAGE ( .BOTH. , #4953 ) ;
#3809 = CARTESIAN_POINT ( 'NONE',  ( 0.8953793312856777042, 0.2243516025251089396, 0.5989999999999995328 ) ) ;
#3810 = DIRECTION ( 'NONE',  ( 0.0000000000000000000, -1.000000000000000000, -0.0000000000000000000 ) ) ;
#3811 = SURFACE_SIDE_STYLE ('',( #2103 ) ) ;
#3812 = ORIENTED_EDGE ( 'NONE', *, *, #4828, .T. ) ;
#3813 = DIRECTION ( 'NONE',  ( -0.0000000000000000000, -0.0000000000000000000, 1.000000000000000000 ) ) ;
#3814 = CARTESIAN_POINT ( 'NONE',  ( 0.8975853403402136443, -0.3235041145330797008, 0.5999999999999994227 ) ) ;
#3815 = CARTESIAN_POINT ( 'NONE',  ( 0.01446845722333049700, 0.1855867945578294209, 0.5999999999999994227 ) ) ;
#3816 = B_SPLINE_SURFACE_WITH_KNOTS ( 'NONE', 3, 1, ( 
 ( #2082, #1718 ),
 ( #3396, #2974 ),
 ( #3425, #5126 ),
 ( #2998, #4701 ),
 ( #896, #5355 ),
 ( #2608, #2218 ),
 ( #3895, #4078 ),
 ( #4498, #5327 ),
 ( #4319, #4736 ),
 ( #686, #1081 ),
 ( #4054, #1106 ),
 ( #2367, #4921 ),
 ( #4346, #2792 ),
 ( #487, #3925 ),
 ( #3198, #256 ),
 ( #3031, #1927 ),
 ( #4894, #230 ),
 ( #658, #1499 ),
 ( #3642, #3672 ) ),
 .UNSPECIFIED., .F., .F., .F.,
 ( 4, 1, 1, 1, 1, 1, 1, 1, 1, 1, 1, 1, 1, 1, 1, 1, 4 ),
 ( 2, 2 ),
 ( 0.0000000000000000000, 0.05381367553717603808, 0.1069528195400320791, 0.1592297411669637286, 0.2119878441294312799, 0.2664171771063161831, 0.3219455670150592197, 0.3804321554930927274, 0.4418041305516811068, 0.5050050872753483189, 0.5687997946032428143, 0.6342267874690949991, 0.7013374851512621522, 0.7709830105630250952, 0.8438657153438673397, 0.9200500377805955754, 0.9999999999999998890 ),
 ( 0.0000000000000000000, 1.000000000000000000 ),
 .UNSPECIFIED. ) ;
#3817 = CARTESIAN_POINT ( 'NONE',  ( -0.4284034943007442586, -0.2020752217397627781, 0.5999999999999993117 ) ) ;
#3818 = VERTEX_POINT ( 'NONE', #5398 ) ;
#3819 = VERTEX_POINT ( 'NONE', #1541 ) ;
#3820 = AXIS2_PLACEMENT_3D ( 'NONE', #1042, #5311, #2722 ) ;
#3821 = FACE_OUTER_BOUND ( 'NONE', #4299, .T. ) ;
#3822 = CARTESIAN_POINT ( 'NONE',  ( 0.4845192498054106678, 0.2762813519349802682, 0.5999999999999993117 ) ) ;
#3823 = FILL_AREA_STYLE ('',( #2524 ) ) ;
#3824 = CARTESIAN_POINT ( 'NONE',  ( 2.600000000000000533, -1.600000000000000089, -6.537569945017097435E-16 ) ) ;
#3825 = EDGE_LOOP ( 'NONE', ( #5498, #4395, #64, #604 ) ) ;
#3826 = CARTESIAN_POINT ( 'NONE',  ( -0.1797545830463826433, -0.2508763903744602453, 0.5989999999999993108 ) ) ;
#3827 = VECTOR ( 'NONE', #2469, 1000.000000000000000 ) ;
#3828 = CARTESIAN_POINT ( 'NONE',  ( -0.5457816190783433274, -0.1140507828283561370, 0.5989999999999995328 ) ) ;
#3829 = CARTESIAN_POINT ( 'NONE',  ( -0.8353692051143321029, 0.4037686127396476476, 0.5999999999999994227 ) ) ;
#3830 = SURFACE_SIDE_STYLE ('',( #941 ) ) ;
#3831 = CARTESIAN_POINT ( 'NONE',  ( -0.4342328414779683676, 0.1750348465058813585, 0.5989999999999994218 ) ) ;
#3832 = PRESENTATION_LAYER_ASSIGNMENT (  '', '', ( #1681 ) ) ;
#3833 = DIRECTION ( 'NONE',  ( -0.0000000000000000000, -0.0000000000000000000, 1.000000000000000000 ) ) ;
#3834 = CARTESIAN_POINT ( 'NONE',  ( -2.640000000000000568, -1.600000000000000089, 0.6000000000000000888 ) ) ;
#3835 = ADVANCED_FACE ( 'NONE', ( #3242 ), #4910, .T. ) ;
#3836 =( GEOMETRIC_REPRESENTATION_CONTEXT ( 3 ) GLOBAL_UNCERTAINTY_ASSIGNED_CONTEXT ( ( #287 ) ) GLOBAL_UNIT_ASSIGNED_CONTEXT ( ( #3621, #641, #4507 ) ) REPRESENTATION_CONTEXT ( 'NONE', 'WORKASPACE' ) );
#3837 = AXIS2_PLACEMENT_3D ( 'NONE', #2206, #1385, #4364 ) ;
#3838 = CARTESIAN_POINT ( 'NONE',  ( -1.021690001304250028, -0.1943313268563209573, 0.5989999999999994218 ) ) ;
#3839 =( GEOMETRIC_REPRESENTATION_CONTEXT ( 3 ) GLOBAL_UNCERTAINTY_ASSIGNED_CONTEXT ( ( #3200 ) ) GLOBAL_UNIT_ASSIGNED_CONTEXT ( ( #1712, #3059, #2240 ) ) REPRESENTATION_CONTEXT ( 'NONE', 'WORKASPACE' ) );
#3840 = STYLED_ITEM ( 'NONE', ( #4454 ), #2733 ) ;
#3841 = SURFACE_STYLE_FILL_AREA ( #5178 ) ;
#3842 = VERTEX_POINT ( 'NONE', #1149 ) ;
#3843 = CARTESIAN_POINT ( 'NONE',  ( 0.5652816645539967544, 0.2566796886907410369, 0.5999999999999994227 ) ) ;
#3844 = EDGE_CURVE ( 'NONE', #2609, #4047, #2927, .T. ) ;
#3845 = EDGE_CURVE ( 'NONE', #2465, #2624, #2266, .T. ) ;
#3846 = SURFACE_SIDE_STYLE ('',( #3952 ) ) ;
#3847 = DIRECTION ( 'NONE',  ( 0.7071067811865552333, 0.0000000000000000000, -0.7071067811865398012 ) ) ;
#3848 = ORIENTED_EDGE ( 'NONE', *, *, #2328, .F. ) ;
#3849 = ORIENTED_EDGE ( 'NONE', *, *, #4551, .T. ) ;
#3850 = LINE ( 'NONE', #5129, #2476 ) ;
#3851 =( NAMED_UNIT ( * ) PLANE_ANGLE_UNIT ( ) SI_UNIT ( $, .RADIAN. ) );
#3852 = CARTESIAN_POINT ( 'NONE',  ( -0.3248079709406169191, 0.1227088946291055999, 0.5989999999999994218 ) ) ;
#3853 = CARTESIAN_POINT ( 'NONE',  ( 0.08044359651490810836, 0.2231051822642634574, 0.5999999999999994227 ) ) ;
#3854 = ORIENTED_EDGE ( 'NONE', *, *, #458, .T. ) ;
#3855 = CARTESIAN_POINT ( 'NONE',  ( -0.3320520985437076522, -0.3336561769474344352, 0.5989999999999995328 ) ) ;
#3856 = CARTESIAN_POINT ( 'NONE',  ( 3.180000000000000604, -1.600000000000000089, 0.5800000000000001821 ) ) ;
#3857 = CARTESIAN_POINT ( 'NONE',  ( 0.6949879377428108684, 0.4868854958565307922, 0.5989999999999994218 ) ) ;
#3858 = CARTESIAN_POINT ( 'NONE',  ( -0.2736063447962485684, 0.1050248480035876064, 0.5999999999999994227 ) ) ;
#3859 = CARTESIAN_POINT ( 'NONE',  ( 3.200000000000000622, 1.600000000000000089, 0.5999999999999993117 ) ) ;
#3860 = UNCERTAINTY_MEASURE_WITH_UNIT (LENGTH_MEASURE( 1.000000000000000082E-05 ), #3456, 'distance_accuracy_value', 'NONE');
#3861 = VECTOR ( 'NONE', #2967, 1000.000000000000000 ) ;
#3862 =( NAMED_UNIT ( * ) SI_UNIT ( $, .STERADIAN. ) SOLID_ANGLE_UNIT ( ) );
#3863 = CARTESIAN_POINT ( 'NONE',  ( -0.1537079277549918133, -0.2072646450404293517, 0.5999999999999994227 ) ) ;
#3864 = ORIENTED_EDGE ( 'NONE', *, *, #921, .F. ) ;
#3865 = DIRECTION ( 'NONE',  ( -1.000000000000000000, -0.0000000000000000000, -1.936075308009830649E-16 ) ) ;
#3866 =( NAMED_UNIT ( * ) PLANE_ANGLE_UNIT ( ) SI_UNIT ( $, .RADIAN. ) );
#3867 = STYLED_ITEM ( 'NONE', ( #2953 ), #4857 ) ;
#3868 = EDGE_CURVE ( 'NONE', #1531, #1500, #4270, .T. ) ;
#3869 = EDGE_CURVE ( 'NONE', #1909, #1001, #1264, .T. ) ;
#3870 = LINE ( 'NONE', #47, #328 ) ;
#3871 = ORIENTED_EDGE ( 'NONE', *, *, #292, .T. ) ;
#3872 = CARTESIAN_POINT ( 'NONE',  ( 0.7792764073061704266, 0.3649107585221800232, 0.5989999999999995328 ) ) ;
#3873 = STYLED_ITEM ( 'NONE', ( #4604 ), #5200 ) ;
#3874 = CARTESIAN_POINT ( 'NONE',  ( 0.6728872903003282335, 0.4863144744350552107, 0.5999999999999995337 ) ) ;
#3875 = CARTESIAN_POINT ( 'NONE',  ( 0.6961296478361548301, 0.4036318927356682962, 0.5999999999999994227 ) ) ;
#3876 = CARTESIAN_POINT ( 'NONE',  ( 0.8975853403402136443, 0.2626971841682190778, 0.5989999999999994218 ) ) ;
#3877 = B_SPLINE_CURVE_WITH_KNOTS ( 'NONE', 3,
 ( #2823, #4524, #4609, #2096, #1705, #2908, #3381, #5087, #1275, #4160, #3752, #1630, #4558, #3776, #1217, #2502, #3805, #5491, #2039 ),
 .UNSPECIFIED., .F., .F.,
 ( 4, 1, 1, 1, 1, 1, 1, 1, 1, 1, 1, 1, 1, 1, 1, 1, 4 ),
 ( 0.0000000000000000000, 0.05991172980839398060, 0.1179453118744474005, 0.1747353202218632218, 0.2309363807107564781, 0.2872236714907134281, 0.3440136798381294159, 0.4021676354599059144, 0.4619625304058108672, 0.5232662706646533657, 0.5850556471251071589, 0.6482099413387869546, 0.7130717256955922956, 0.7802081309692147082, 0.8497849120801862499, 0.9231076765046576371, 0.9999999999999998890 ),
 .UNSPECIFIED. ) ;
#3878 = ORIENTED_EDGE ( 'NONE', *, *, #601, .T. ) ;
#3879 = CARTESIAN_POINT ( 'NONE',  ( -0.3402393349844617942, -0.3338937249226900938, 0.5989999999999994218 ) ) ;
#3880 = CARTESIAN_POINT ( 'NONE',  ( 0.01446845722333049700, 0.1855867945578294209, 0.5989999999999994218 ) ) ;
#3881 = CARTESIAN_POINT ( 'NONE',  ( -0.4815154659814232518, -0.2734566944574052250, 0.5989999999999994218 ) ) ;
#3882 = CARTESIAN_POINT ( 'NONE',  ( -0.2038420079852718558, -0.04877041581272092974, 0.5999999999999994227 ) ) ;
#3883 = CARTESIAN_POINT ( 'NONE',  ( -0.8917003739455009459, -0.02658853011749527998, 0.5999999999999994227 ) ) ;
#3884 = SURFACE_SIDE_STYLE ('',( #4305 ) ) ;
#3885 = LINE ( 'NONE', #4222, #3067 ) ;
#3886 = CARTESIAN_POINT ( 'NONE',  ( -0.9270405294518604400, -0.2021045449102878699, 0.5989999999999993108 ) ) ;
#3887 = ORIENTED_EDGE ( 'NONE', *, *, #3535, .T. ) ;
#3888 = CARTESIAN_POINT ( 'NONE',  ( 0.4828574846787099251, 0.2575695103935631280, 0.5989999999999993108 ) ) ;
#3889 = CARTESIAN_POINT ( 'NONE',  ( 0.8676812436782675997, 0.1319604073134235944, 0.5989999999999995328 ) ) ;
#3890 = CARTESIAN_POINT ( 'NONE',  ( -0.1351832838320703445, -0.1591707000187423116, 0.5999999999999994227 ) ) ;
#3891 = ORIENTED_EDGE ( 'NONE', *, *, #2019, .F. ) ;
#3892 =( LENGTH_UNIT ( ) NAMED_UNIT ( * ) SI_UNIT ( .MILLI., .METRE. ) );
#3893 = DIRECTION ( 'NONE',  ( 0.0000000000000000000, 1.000000000000000000, 0.0000000000000000000 ) ) ;
#3894 = SURFACE_STYLE_USAGE ( .BOTH. , #1822 ) ;
#3895 = CARTESIAN_POINT ( 'NONE',  ( -0.2250046014768710689, 0.1793051118886736517, 0.5989999999999993108 ) ) ;
#3896 = ORIENTED_EDGE ( 'NONE', *, *, #4415, .F. ) ;
#3897 = ORIENTED_EDGE ( 'NONE', *, *, #2565, .T. ) ;
#3898 = DIRECTION ( 'NONE',  ( -7.228014483236698528E-16, -0.0000000000000000000, -1.000000000000000000 ) ) ;
#3899 = CARTESIAN_POINT ( 'NONE',  ( -0.2060872843534532484, -0.09820236518677413762, 0.5989999999999993108 ) ) ;
#3900 = EDGE_CURVE ( 'NONE', #538, #1194, #4295, .T. ) ;
#3901 = CARTESIAN_POINT ( 'NONE',  ( 0.5770009033622298666, 0.4533688412103442089, 0.5999999999999995337 ) ) ;
#3902 = ADVANCED_FACE ( 'NONE', ( #3821 ), #1270, .T. ) ;
#3903 = CARTESIAN_POINT ( 'NONE',  ( 0.1755977122226002607, 0.3043863890044235521, 0.5989999999999993108 ) ) ;
#3904 = CARTESIAN_POINT ( 'NONE',  ( 0.7182332261308967958, -0.06509061353557854535, 0.5989999999999994218 ) ) ;
#3905 = COLOUR_RGB ( '',1.000000000000000000, 1.000000000000000000, 1.000000000000000000 ) ;
#3906 = VERTEX_POINT ( 'NONE', #2076 ) ;
#3907 = CARTESIAN_POINT ( 'NONE',  ( -0.1951841141613213371, -0.2702329330698166610, 0.5999999999999995337 ) ) ;
#3908 = DIRECTION ( 'NONE',  ( -0.7071067811865398012, 0.0000000000000000000, -0.7071067811865552333 ) ) ;
#3909 = CARTESIAN_POINT ( 'NONE',  ( -0.3402393349844617942, -0.3338937249226900938, 0.5989999999999994218 ) ) ;
#3910 = FILL_AREA_STYLE ('',( #1702 ) ) ;
#3911 = CARTESIAN_POINT ( 'NONE',  ( -0.8353692051143321029, 0.4037686127396476476, 0.5989999999999994218 ) ) ;
#3912 = FILL_AREA_STYLE_COLOUR ( '', #3380 ) ;
#3913 = PRESENTATION_STYLE_ASSIGNMENT (( #2536 ) ) ;
#3914 = COLOUR_RGB ( '',0.7686274509803920907, 0.7686274509803920907, 0.7686274509803920907 ) ;
#3915 = ORIENTED_EDGE ( 'NONE', *, *, #745, .F. ) ;
#3916 = CARTESIAN_POINT ( 'NONE',  ( 0.1650186179179700674, 0.2922089441242496921, 0.5989999999999993108 ) ) ;
#3917 = VECTOR ( 'NONE', #656, 1000.000000000000000 ) ;
#3918 = CARTESIAN_POINT ( 'NONE',  ( 0.7594360488988987079, -0.01935740238728339557, 0.5989999999999995328 ) ) ;
#3919 = VERTEX_POINT ( 'NONE', #4673 ) ;
#3920 =( GEOMETRIC_REPRESENTATION_CONTEXT ( 3 ) GLOBAL_UNCERTAINTY_ASSIGNED_CONTEXT ( ( #1233 ) ) GLOBAL_UNIT_ASSIGNED_CONTEXT ( ( #3170, #3995, #172 ) ) REPRESENTATION_CONTEXT ( 'NONE', 'WORKASPACE' ) );
#3921 = FACE_OUTER_BOUND ( 'NONE', #2213, .T. ) ;
#3922 = VECTOR ( 'NONE', #2560, 1000.000000000000000 ) ;
#3923 = PRESENTATION_STYLE_ASSIGNMENT (( #3028 ) ) ;
#3924 =( LENGTH_UNIT ( ) NAMED_UNIT ( * ) SI_UNIT ( .MILLI., .METRE. ) );
#3925 = CARTESIAN_POINT ( 'NONE',  ( -0.1348379026978858419, 0.05470036179955635458, 0.5999999999999994227 ) ) ;
#3926 = B_SPLINE_CURVE_WITH_KNOTS ( 'NONE', 3,
 ( #3179, #1911, #1482, #4844, #1116, #235, #5283 ),
 .UNSPECIFIED., .F., .F.,
 ( 4, 1, 1, 1, 4 ),
 ( 0.0000000000000000000, 0.2544048168317900593, 0.5034877679196703149, 0.7504933180397457271, 1.000000000000000000 ),
 .UNSPECIFIED. ) ;
#3927 = EDGE_LOOP ( 'NONE', ( #3878, #1392, #3434, #5152 ) ) ;
#3928 = CARTESIAN_POINT ( 'NONE',  ( 0.1598967325328770062, 0.4029839553346364345, 0.5999999999999992006 ) ) ;
#3929 =( GEOMETRIC_REPRESENTATION_CONTEXT ( 3 ) GLOBAL_UNCERTAINTY_ASSIGNED_CONTEXT ( ( #3978 ) ) GLOBAL_UNIT_ASSIGNED_CONTEXT ( ( #2933, #2987, #3800 ) ) REPRESENTATION_CONTEXT ( 'NONE', 'WORKASPACE' ) );
#3930 = CARTESIAN_POINT ( 'NONE',  ( -0.7838929459334267325, 0.09439854205510410379, 0.5989999999999994218 ) ) ;
#3931 = CARTESIAN_POINT ( 'NONE',  ( -0.8617850467415897331, 0.4011674935311634882, 0.5999999999999994227 ) ) ;
#3932 = ORIENTED_EDGE ( 'NONE', *, *, #4655, .T. ) ;
#3933 = SURFACE_STYLE_USAGE ( .BOTH. , #2227 ) ;
#3934 =( NAMED_UNIT ( * ) SI_UNIT ( $, .STERADIAN. ) SOLID_ANGLE_UNIT ( ) );
#3935 = CARTESIAN_POINT ( 'NONE',  ( 2.640000000000000568, 1.600000000000000089, -0.001000000000000674828 ) ) ;
#3936 = SURFACE_STYLE_FILL_AREA ( #1045 ) ;
#3937 = CARTESIAN_POINT ( 'NONE',  ( -0.3470664758681836770, -0.3336982129504051375, 0.5989999999999995328 ) ) ;
#3938 = FACE_OUTER_BOUND ( 'NONE', #4835, .T. ) ;
#3939 = EDGE_CURVE ( 'NONE', #3204, #5088, #1678, .T. ) ;
#3940 = EDGE_CURVE ( 'NONE', #226, #3552, #799, .T. ) ;
#3941 = CARTESIAN_POINT ( 'NONE',  ( 0.7284432191471666984, 0.3984312917504233553, 0.5999999999999995337 ) ) ;
#3942 = VERTEX_POINT ( 'NONE', #2457 ) ;
#3943 = CARTESIAN_POINT ( 'NONE',  ( -0.4478739846854871143, -0.1633431166610755936, 0.5999999999999995337 ) ) ;
#3944 = CARTESIAN_POINT ( 'NONE',  ( 0.4845192498054106678, 0.2762813519349802682, 0.5999999999999993117 ) ) ;
#3945 = CARTESIAN_POINT ( 'NONE',  ( -0.2651618673483134292, -0.2214330708713043161, 0.5989999999999995328 ) ) ;
#3946 = MECHANICAL_DESIGN_GEOMETRIC_PRESENTATION_REPRESENTATION (  '', ( #377 ), #2965 ) ;
#3947 = LINE ( 'NONE', #3532, #982 ) ;
#3948 = B_SPLINE_CURVE_WITH_KNOTS ( 'NONE', 3,
 ( #4984, #2829, #4956, #5069, #4203, #3268, #1988, #4172, #3680, #266, #4566, #5472, #320, #1958, #755, #5042, #4647, #1659, #831 ),
 .UNSPECIFIED., .F., .F.,
 ( 4, 1, 1, 1, 1, 1, 1, 1, 1, 1, 1, 1, 1, 1, 1, 1, 4 ),
 ( 0.0000000000000000000, 0.04201179318334015422, 0.08511657970956422459, 0.1300841362207605378, 0.1769659536804737143, 0.2261453228974997232, 0.2772304004651406917, 0.3308011550515156940, 0.3865502460840022914, 0.4458574538040663837, 0.5099817147460021793, 0.5788566239058999807, 0.6532605220228080434, 0.7319176588047660026, 0.8160112270400410317, 0.9052459153235246081, 1.000000000000000000 ),
 .UNSPECIFIED. ) ;
#3949 = VERTEX_POINT ( 'NONE', #4645 ) ;
#3950 = PRESENTATION_LAYER_ASSIGNMENT (  '', '', ( #1637 ) ) ;
#3951 = CARTESIAN_POINT ( 'NONE',  ( 0.5698368872066129631, 0.2922701963039043838, 0.5989999999999993108 ) ) ;
#3952 = SURFACE_STYLE_FILL_AREA ( #1287 ) ;
#3953 = CARTESIAN_POINT ( 'NONE',  ( 0.0000000000000000000, 1.600000000000000089, 0.0000000000000000000 ) ) ;
#3954 =( GEOMETRIC_REPRESENTATION_CONTEXT ( 3 ) GLOBAL_UNCERTAINTY_ASSIGNED_CONTEXT ( ( #3807 ) ) GLOBAL_UNIT_ASSIGNED_CONTEXT ( ( #1926, #2241, #5251 ) ) REPRESENTATION_CONTEXT ( 'NONE', 'WORKASPACE' ) );
#3955 = ORIENTED_EDGE ( 'NONE', *, *, #4614, .F. ) ;
#3956 = CARTESIAN_POINT ( 'NONE',  ( 0.04800559579957239947, 0.2992772144506731236, 0.5999999999999992006 ) ) ;
#3957 = CARTESIAN_POINT ( 'NONE',  ( -0.2090998697692296460, -0.1179061768656293058, 0.5989999999999993108 ) ) ;
#3958 = CARTESIAN_POINT ( 'NONE',  ( -0.9484839535604366878, 0.3232102118582117489, 0.5999999999999993117 ) ) ;
#3959 =( NAMED_UNIT ( * ) SI_UNIT ( $, .STERADIAN. ) SOLID_ANGLE_UNIT ( ) );
#3960 = CARTESIAN_POINT ( 'NONE',  ( 0.8582342510023639459, 0.1138411151622463757, 0.5989999999999993108 ) ) ;
#3961 = ORIENTED_EDGE ( 'NONE', *, *, #3734, .T. ) ;
#3962 = LINE ( 'NONE', #3100, #1214 ) ;
#3963 = FILL_AREA_STYLE_COLOUR ( '', #4167 ) ;
#3964 = VECTOR ( 'NONE', #3222, 1000.000000000000000 ) ;
#3965 = CARTESIAN_POINT ( 'NONE',  ( 0.4790949995776423442, -0.2623152309583700603, 0.5989999999999994218 ) ) ;
#3966 = DIRECTION ( 'NONE',  ( -0.0000000000000000000, -0.0000000000000000000, 1.000000000000000000 ) ) ;
#3967 = VECTOR ( 'NONE', #646, 1000.000000000000227 ) ;
#3968 = CARTESIAN_POINT ( 'NONE',  ( -0.4738432310883579079, 0.4661062750773100061, 0.5989999999999994218 ) ) ;
#3969 = FILL_AREA_STYLE ('',( #3524 ) ) ;
#3970 = CARTESIAN_POINT ( 'NONE',  ( -0.8353692051143321029, 0.4037686127396476476, 0.5989999999999994218 ) ) ;
#3971 = ORIENTED_EDGE ( 'NONE', *, *, #2529, .F. ) ;
#3972 = CARTESIAN_POINT ( 'NONE',  ( 0.7094359896908629670, -0.07464047816944333058, 0.5999999999999994227 ) ) ;
#3973 =( GEOMETRIC_REPRESENTATION_CONTEXT ( 3 ) GLOBAL_UNCERTAINTY_ASSIGNED_CONTEXT ( ( #639 ) ) GLOBAL_UNIT_ASSIGNED_CONTEXT ( ( #1238, #2472, #908 ) ) REPRESENTATION_CONTEXT ( 'NONE', 'WORKASPACE' ) );
#3974 = CARTESIAN_POINT ( 'NONE',  ( -0.4738432310883579079, 0.4661062750773100061, 0.5999999999999994227 ) ) ;
#3975 = ADVANCED_FACE ( 'NONE', ( #1225 ), #5497, .F. ) ;
#3976 = ADVANCED_FACE ( 'NONE', ( #5470 ), #1657, .T. ) ;
#3977 = CARTESIAN_POINT ( 'NONE',  ( -0.6301014848052015616, 0.2434525643347674739, 0.5999999999999994227 ) ) ;
#3978 = UNCERTAINTY_MEASURE_WITH_UNIT (LENGTH_MEASURE( 1.000000000000000082E-05 ), #2933, 'distance_accuracy_value', 'NONE');
#3979 = CARTESIAN_POINT ( 'NONE',  ( -0.8322847895299164689, 0.4868854958565307922, 0.5989999999999994218 ) ) ;
#3980 = ORIENTED_EDGE ( 'NONE', *, *, #568, .T. ) ;
#3981 = CARTESIAN_POINT ( 'NONE',  ( -0.8322847895299164689, 0.4868854958565307922, 0.5989999999999994218 ) ) ;
#3982 = CARTESIAN_POINT ( 'NONE',  ( -0.4063387541405396597, 0.1893001155039362171, 0.5999999999999993117 ) ) ;
#3983 = VERTEX_POINT ( 'NONE', #2473 ) ;
#3984 = CARTESIAN_POINT ( 'NONE',  ( -0.2543708621603321118, -0.2106336837126472628, 0.5989999999999994218 ) ) ;
#3985 =( NAMED_UNIT ( * ) SI_UNIT ( $, .STERADIAN. ) SOLID_ANGLE_UNIT ( ) );
#3986 = CARTESIAN_POINT ( 'NONE',  ( -0.6301014848052015616, 0.2434525643347674739, 0.5989999999999994218 ) ) ;
#3987 = CARTESIAN_POINT ( 'NONE',  ( 0.7814737779342267876, 0.006421835696647573699, 0.5989999999999993108 ) ) ;
#3988 = ORIENTED_EDGE ( 'NONE', *, *, #4931, .F. ) ;
#3989 =( NAMED_UNIT ( * ) PLANE_ANGLE_UNIT ( ) SI_UNIT ( $, .RADIAN. ) );
#3990 = CARTESIAN_POINT ( 'NONE',  ( 0.5406800665673610062, -0.1371732999891078775, 0.5989999999999993108 ) ) ;
#3991 = CARTESIAN_POINT ( 'NONE',  ( 0.7416561171882206649, 0.4831473017083331434, 0.5999999999999994227 ) ) ;
#3992 = PRESENTATION_LAYER_ASSIGNMENT (  '', '', ( #1764 ) ) ;
#3993 = CARTESIAN_POINT ( 'NONE',  ( 0.5905718731333973182, -0.2209014051802813960, 0.5989999999999995328 ) ) ;
#3994 = CARTESIAN_POINT ( 'NONE',  ( 0.4716113143661876395, -0.3235041145330797008, 0.5989999999999994218 ) ) ;
#3995 =( NAMED_UNIT ( * ) PLANE_ANGLE_UNIT ( ) SI_UNIT ( $, .RADIAN. ) );
#3996 = CARTESIAN_POINT ( 'NONE',  ( 0.6919035221583953454, 0.4037686127396476476, 0.5999999999999994227 ) ) ;
#3997 = VERTEX_POINT ( 'NONE', #1550 ) ;
#3998 = COLOUR_RGB ( '',1.000000000000000000, 1.000000000000000000, 1.000000000000000000 ) ;
#3999 = CARTESIAN_POINT ( 'NONE',  ( 0.6142148757871180864, -0.1821659835189275156, 0.5999999999999997558 ) ) ;
#4000 = FACE_OUTER_BOUND ( 'NONE', #3496, .T. ) ;
#4001 = CARTESIAN_POINT ( 'NONE',  ( -0.6350564515702031843, 0.2055074383763478285, 0.5999999999999992006 ) ) ;
#4002 = VECTOR ( 'NONE', #2741, 1000.000000000000114 ) ;
#4003 = CARTESIAN_POINT ( 'NONE',  ( -0.2593626977648036958, 0.1969957785091744074, 0.5999999999999996447 ) ) ;
#4004 = EDGE_LOOP ( 'NONE', ( #4569, #3408, #582, #2343 ) ) ;
#4005 = B_SPLINE_CURVE_WITH_KNOTS ( 'NONE', 3,
 ( #2468, #2835, #4488, #5371, #326, #359, #4182, #2058, #4601, #4573, #2383, #783, #1938, #2355, #1967 ),
 .UNSPECIFIED., .F., .F.,
 ( 4, 1, 1, 1, 1, 1, 1, 1, 1, 1, 1, 1, 4 ),
 ( 0.0000000000000000000, 0.1093800741214259464, 0.2106028248854700247, 0.3040152216769062554, 0.3890488990674313974, 0.4663664913632523668, 0.5360298331844518538, 0.5979862717537242078, 0.6521467510862013484, 0.7493520093192573839, 0.8388265501964031756, 0.9217438124469392591, 1.000000000000000000 ),
 .UNSPECIFIED. ) ;
#4006 = LINE ( 'NONE', #2296, #3777 ) ;
#4007 = EDGE_CURVE ( 'NONE', #2826, #1824, #5410, .T. ) ;
#4008 = ORIENTED_EDGE ( 'NONE', *, *, #1751, .T. ) ;
#4009 = ADVANCED_FACE ( 'NONE', ( #3255 ), #1653, .T. ) ;
#4010 =( LENGTH_UNIT ( ) NAMED_UNIT ( * ) SI_UNIT ( .MILLI., .METRE. ) );
#4011 = LINE ( 'NONE', #2697, #4815 ) ;
#4012 = PRESENTATION_LAYER_ASSIGNMENT (  '', '', ( #722 ) ) ;
#4013 = CARTESIAN_POINT ( 'NONE',  ( 0.8971712424675257758, 0.2434525643347674184, 0.5989999999999994218 ) ) ;
#4014 = VERTEX_POINT ( 'NONE', #5463 ) ;
#4015 = CARTESIAN_POINT ( 'NONE',  ( -0.1517653090104358338, 0.3725997815708164684, 0.5989999999999994218 ) ) ;
#4016 = PRESENTATION_LAYER_ASSIGNMENT (  '', '', ( #2946 ) ) ;
#4017 = COLOUR_RGB ( '',0.7686274509803920907, 0.7686274509803920907, 0.7686274509803920907 ) ;
#4018 = DIRECTION ( 'NONE',  ( -0.0000000000000000000, -0.0000000000000000000, 1.000000000000000000 ) ) ;
#4019 = CARTESIAN_POINT ( 'NONE',  ( -0.2979870891386398601, 0.1167673741114904212, 0.5989999999999995328 ) ) ;
#4020 = CARTESIAN_POINT ( 'NONE',  ( 0.7038512032577539657, -0.08058241898320976648, 0.5989999999999996438 ) ) ;
#4021 = CARTESIAN_POINT ( 'NONE',  ( -0.4284034943007442586, -0.2020752217397627781, 0.5989999999999993108 ) ) ;
#4022 = CARTESIAN_POINT ( 'NONE',  ( -0.3992056025518821438, -0.3258093435062885401, 0.5989999999999994218 ) ) ;
#4023 = SURFACE_STYLE_FILL_AREA ( #2755 ) ;
#4024 = LINE ( 'NONE', #2287, #1734 ) ;
#4025 = UNCERTAINTY_MEASURE_WITH_UNIT (LENGTH_MEASURE( 1.000000000000000082E-05 ), #448, 'distance_accuracy_value', 'NONE');
#4026 = CARTESIAN_POINT ( 'NONE',  ( 0.7503424863838124015, 0.3885867124920613924, 0.5999999999999994227 ) ) ;
#4027 = ORIENTED_EDGE ( 'NONE', *, *, #2292, .T. ) ;
#4028 = CARTESIAN_POINT ( 'NONE',  ( -0.3733070382175617818, -0.2456291466887745023, 0.5989999999999995328 ) ) ;
#4029 = CARTESIAN_POINT ( 'NONE',  ( 2.600000000000000533, 1.600000000000000089, 0.01999999999999942449 ) ) ;
#4030 = ORIENTED_EDGE ( 'NONE', *, *, #3355, .T. ) ;
#4031 = CARTESIAN_POINT ( 'NONE',  ( -0.9019715663239212811, -0.1680150325793638710, 0.5989999999999993108 ) ) ;
#4032 = CARTESIAN_POINT ( 'NONE',  ( 0.8953793312856777042, 0.2243516025251089396, 0.5999999999999995337 ) ) ;
#4033 = EDGE_LOOP ( 'NONE', ( #4874, #3489, #4934, #3616, #2437, #489, #3609, #1904 ) ) ;
#4034 = COLOUR_RGB ( '',0.7686274509803920907, 0.7686274509803920907, 0.7686274509803920907 ) ;
#4035 = ADVANCED_FACE ( 'NONE', ( #915 ), #4304, .T. ) ;
#4036 = ADVANCED_FACE ( 'NONE', ( #1240 ), #5488, .T. ) ;
#4037 = CARTESIAN_POINT ( 'NONE',  ( -0.7263260150537831361, 0.03096168355370677860, 0.5989999999999993108 ) ) ;
#4038 = ORIENTED_EDGE ( 'NONE', *, *, #18, .F. ) ;
#4039 = SURFACE_STYLE_FILL_AREA ( #4358 ) ;
#4040 = PLANE ( 'NONE',  #2561 ) ;
#4041 = DIRECTION ( 'NONE',  ( -1.000000000000000000, 0.0000000000000000000, 1.655270492344281308E-16 ) ) ;
#4042 = VECTOR ( 'NONE', #5195, 1000.000000000000000 ) ;
#4043 = PRESENTATION_STYLE_ASSIGNMENT (( #4938 ) ) ;
#4044 = CARTESIAN_POINT ( 'NONE',  ( -0.4424038131161381893, -0.1776122302067664194, 0.5989999999999995328 ) ) ;
#4045 = DIRECTION ( 'NONE',  ( 0.0000000000000000000, -1.000000000000000000, 0.0000000000000000000 ) ) ;
#4046 = CARTESIAN_POINT ( 'NONE',  ( -0.7666311016981259829, 0.3820298670887027348, 0.5989999999999995328 ) ) ;
#4047 = VERTEX_POINT ( 'NONE', #4363 ) ;
#4048 = CARTESIAN_POINT ( 'NONE',  ( -0.4201788326080309055, -0.2122666693069364119, 0.5999999999999995337 ) ) ;
#4049 = DIRECTION ( 'NONE',  ( -0.0000000000000000000, 0.0000000000000000000, 1.000000000000000000 ) ) ;
#4050 = VECTOR ( 'NONE', #3725, 1000.000000000000000 ) ;
#4051 = B_SPLINE_CURVE_WITH_KNOTS ( 'NONE', 3,
 ( #4126, #3691, #3247, #1622, #2442, #1969, #706, #4603, #3717, #785, #1153, #2061, #1181, #2782, #4913, #4153, #2470, #1127, #362 ),
 .UNSPECIFIED., .F., .F.,
 ( 4, 1, 1, 1, 1, 1, 1, 1, 1, 1, 1, 1, 1, 1, 1, 1, 4 ),
 ( 0.0000000000000000000, 0.07152128527813915448, 0.1409085920610134435, 0.2081481640820325996, 0.2739483020399252067, 0.3386781189449243334, 0.4025137052908072111, 0.4663027642352127744, 0.5299468537417456604, 0.5923596431366302539, 0.6518067656789378050, 0.7096549910940238570, 0.7661428078629993754, 0.8225137027642707155, 0.8796980306125233851, 0.9385876062756592919, 1.000000000000000000 ),
 .UNSPECIFIED. ) ;
#4052 = DIRECTION ( 'NONE',  ( 0.0000000000000000000, -1.000000000000000000, 0.0000000000000000000 ) ) ;
#4053 = CARTESIAN_POINT ( 'NONE',  ( -2.640000000000000568, 1.450000000000000178, -0.001000000000000674828 ) ) ;
#4054 = CARTESIAN_POINT ( 'NONE',  ( -0.1648654115453548896, 0.1187097981505158412, 0.5989999999999994218 ) ) ;
#4055 = CARTESIAN_POINT ( 'NONE',  ( -0.1348379026978858419, 0.05470036179955635458, 0.5999999999999994227 ) ) ;
#4056 = VECTOR ( 'NONE', #1323, 1000.000000000000000 ) ;
#4057 = VERTEX_POINT ( 'NONE', #531 ) ;
#4058 =( NAMED_UNIT ( * ) PLANE_ANGLE_UNIT ( ) SI_UNIT ( $, .RADIAN. ) );
#4059 = CARTESIAN_POINT ( 'NONE',  ( 0.8756836101732554667, 0.1500081165400488636, 0.5999999999999996447 ) ) ;
#4060 = CARTESIAN_POINT ( 'NONE',  ( -0.4248695222919181558, 0.1798233260602715988, 0.5989999999999993108 ) ) ;
#4061 = DIRECTION ( 'NONE',  ( 0.0000000000000000000, 0.0000000000000000000, -1.000000000000000000 ) ) ;
#4062 = UNCERTAINTY_MEASURE_WITH_UNIT (LENGTH_MEASURE( 1.000000000000000082E-05 ), #3763, 'distance_accuracy_value', 'NONE');
#4063 = CARTESIAN_POINT ( 'NONE',  ( 0.6931782277384013202, -0.09193794521547524190, 0.5989999999999995328 ) ) ;
#4064 = ORIENTED_EDGE ( 'NONE', *, *, #1588, .T. ) ;
#4065 = SURFACE_SIDE_STYLE ('',( #1862 ) ) ;
#4066 = EDGE_CURVE ( 'NONE', #1740, #3711, #4880, .T. ) ;
#4067 = SURFACE_STYLE_USAGE ( .BOTH. , #3215 ) ;
#4068 = CARTESIAN_POINT ( 'NONE',  ( 0.8584849967334990950, 0.4012489814747351446, 0.5999999999999995337 ) ) ;
#4069 =( NAMED_UNIT ( * ) PLANE_ANGLE_UNIT ( ) SI_UNIT ( $, .RADIAN. ) );
#4070 =( LENGTH_UNIT ( ) NAMED_UNIT ( * ) SI_UNIT ( .MILLI., .METRE. ) );
#4071 = FILL_AREA_STYLE_COLOUR ( '', #4449 ) ;
#4072 = EDGE_CURVE ( 'NONE', #2747, #1740, #3798, .T. ) ;
#4073 = VERTEX_POINT ( 'NONE', #170 ) ;
#4074 = CARTESIAN_POINT ( 'NONE',  ( 0.1807022234570966057, -0.3235041145330797008, 0.5989999999999994218 ) ) ;
#4075 = PLANE ( 'NONE',  #914 ) ;
#4076 = VECTOR ( 'NONE', #5146, 1000.000000000000000 ) ;
#4077 = CARTESIAN_POINT ( 'NONE',  ( -0.7457989493385002167, 0.006421835696647671711, 0.5999999999999994227 ) ) ;
#4078 = CARTESIAN_POINT ( 'NONE',  ( -0.2250046014768710689, 0.1793051118886736517, 0.5999999999999993117 ) ) ;
#4079 = VECTOR ( 'NONE', #2857, 1000.000000000000000 ) ;
#4080 = UNCERTAINTY_MEASURE_WITH_UNIT (LENGTH_MEASURE( 1.000000000000000082E-05 ), #4010, 'distance_accuracy_value', 'NONE');
#4081 = DIRECTION ( 'NONE',  ( 0.0000000000000000000, 0.0000000000000000000, 1.000000000000000000 ) ) ;
#4082 = ORIENTED_EDGE ( 'NONE', *, *, #3092, .T. ) ;
#4083 = CARTESIAN_POINT ( 'NONE',  ( -0.2133901205494594111, -0.1364716312289790123, 0.5989999999999995328 ) ) ;
#4084 = DIRECTION ( 'NONE',  ( -0.0000000000000000000, 1.000000000000000000, 0.0000000000000000000 ) ) ;
#4085 = VECTOR ( 'NONE', #4976, 1000.000000000000000 ) ;
#4086 = SURFACE_STYLE_USAGE ( .BOTH. , #2716 ) ;
#4087 = CARTESIAN_POINT ( 'NONE',  ( -0.2766272643534075093, -0.2304491690621881805, 0.5999999999999992006 ) ) ;
#4088 = VERTEX_POINT ( 'NONE', #4390 ) ;
#4089 = COLOUR_RGB ( '',0.0000000000000000000, 0.0000000000000000000, 0.0000000000000000000 ) ;
#4090 = SURFACE_STYLE_USAGE ( .BOTH. , #3647 ) ;
#4091 = SURFACE_STYLE_FILL_AREA ( #3622 ) ;
#4092 = MECHANICAL_DESIGN_GEOMETRIC_PRESENTATION_REPRESENTATION (  '', ( #4988 ), #4538 ) ;
#4093 =( NAMED_UNIT ( * ) SI_UNIT ( $, .STERADIAN. ) SOLID_ANGLE_UNIT ( ) );
#4094 = VERTEX_POINT ( 'NONE', #4335 ) ;
#4095 = DIRECTION ( 'NONE',  ( 0.0000000000000000000, -0.0000000000000000000, -1.000000000000000000 ) ) ;
#4096 =( GEOMETRIC_REPRESENTATION_CONTEXT ( 3 ) GLOBAL_UNCERTAINTY_ASSIGNED_CONTEXT ( ( #3531 ) ) GLOBAL_UNIT_ASSIGNED_CONTEXT ( ( #2550, #135, #3540 ) ) REPRESENTATION_CONTEXT ( 'NONE', 'WORKASPACE' ) );
#4097 = MECHANICAL_DESIGN_GEOMETRIC_PRESENTATION_REPRESENTATION (  '', ( #441 ), #4812 ) ;
#4098 = CARTESIAN_POINT ( 'NONE',  ( -0.7479963199665570217, 0.3649107585221800787, 0.5999999999999995337 ) ) ;
#4099 = CARTESIAN_POINT ( 'NONE',  ( -0.7093479389759622666, 0.4487176075694080946, 0.5999999999999996447 ) ) ;
#4100 = CARTESIAN_POINT ( 'NONE',  ( 0.6131474797846105940, -0.04985835748003256823, 0.5999999999999994227 ) ) ;
#4101 = VECTOR ( 'NONE', #4181, 1000.000000000000000 ) ;
#4102 = MECHANICAL_DESIGN_GEOMETRIC_PRESENTATION_REPRESENTATION (  '', ( #2860 ), #3385 ) ;
#4103 = CARTESIAN_POINT ( 'NONE',  ( -0.5361808934260202664, 0.05620367767471252246, 0.5989999999999994218 ) ) ;
#4104 = DIRECTION ( 'NONE',  ( -0.0000000000000000000, 0.0000000000000000000, 1.000000000000000000 ) ) ;
#4105 = CARTESIAN_POINT ( 'NONE',  ( -0.7988295081255604169, 0.3984312917504232443, 0.5989999999999993108 ) ) ;
#4106 = ORIENTED_EDGE ( 'NONE', *, *, #2952, .T. ) ;
#4107 = CARTESIAN_POINT ( 'NONE',  ( -1.006022796216620385, 0.3931929067717434556, 0.5989999999999991998 ) ) ;
#4108 = CARTESIAN_POINT ( 'NONE',  ( -1.048177727695084993, -0.2623152309583701158, 0.5999999999999994227 ) ) ;
#4109 = EDGE_CURVE ( 'NONE', #3051, #5349, #1893, .T. ) ;
#4110 = EDGE_CURVE ( 'NONE', #510, #2276, #115, .T. ) ;
#4111 = FILL_AREA_STYLE_COLOUR ( '', #943 ) ;
#4112 = CARTESIAN_POINT ( 'NONE',  ( -0.9130578514856084738, -0.1821659835189275989, 0.5999999999999993117 ) ) ;
#4113 = ORIENTED_EDGE ( 'NONE', *, *, #1948, .F. ) ;
#4114 = CARTESIAN_POINT ( 'NONE',  ( 0.8971463964660443269, 0.2840300874361457728, 0.5989999999999996438 ) ) ;
#4115 = SURFACE_SIDE_STYLE ('',( #2403 ) ) ;
#4116 = CARTESIAN_POINT ( 'NONE',  ( -1.055721094653628178, -0.3087611222187532367, 0.5989999999999994218 ) ) ;
#4117 = CARTESIAN_POINT ( 'NONE',  ( 3.180000000000000604, 1.600000000000000089, 0.01999999999999928224 ) ) ;
#4118 = DIRECTION ( 'NONE',  ( -0.0000000000000000000, 0.0000000000000000000, 1.000000000000000000 ) ) ;
#4119 = CARTESIAN_POINT ( 'NONE',  ( -0.9621549194000463823, 0.2375348465058814140, 0.5989999999999994218 ) ) ;
#4120 = DIRECTION ( 'NONE',  ( -0.0000000000000000000, -0.0000000000000000000, 1.000000000000000000 ) ) ;
#4121 = ORIENTED_EDGE ( 'NONE', *, *, #2708, .F. ) ;
#4122 = CARTESIAN_POINT ( 'NONE',  ( 0.7828905219934320092, 0.4703235106347954386, 0.5989999999999997549 ) ) ;
#4123 = MECHANICAL_DESIGN_GEOMETRIC_PRESENTATION_REPRESENTATION (  '', ( #1029 ), #4838 ) ;
#4124 = SURFACE_SIDE_STYLE ('',( #3278 ) ) ;
#4125 = CARTESIAN_POINT ( 'NONE',  ( 0.5153495692250634752, -0.1759838316869603847, 0.5989999999999996438 ) ) ;
#4126 = CARTESIAN_POINT ( 'NONE',  ( -0.1205964778416047656, -0.05110151713048226990, 0.5989999999999994218 ) ) ;
#4127 = CARTESIAN_POINT ( 'NONE',  ( -1.025161088852817759, 0.3519313413877854235, 0.5989999999999995328 ) ) ;
#4128 = CARTESIAN_POINT ( 'NONE',  ( 0.6919035221583953454, 0.4037686127396476476, 0.5989999999999994218 ) ) ;
#4129 = VECTOR ( 'NONE', #1475, 1000.000000000000000 ) ;
#4130 = DIRECTION ( 'NONE',  ( 0.1503504868318518706, 0.9886327584646510402, 0.0000000000000000000 ) ) ;
#4131 = CARTESIAN_POINT ( 'NONE',  ( -0.7176437753437879818, 0.3072447781359251562, 0.5999999999999994227 ) ) ;
#4132 = CARTESIAN_POINT ( 'NONE',  ( -1.048177727695084993, -0.2623152309583701158, 0.5989999999999994218 ) ) ;
#4133 = MECHANICAL_DESIGN_GEOMETRIC_PRESENTATION_REPRESENTATION (  '', ( #3520 ), #578 ) ;
#4134 = SURFACE_STYLE_USAGE ( .BOTH. , #2854 ) ;
#4135 = SURFACE_SIDE_STYLE ('',( #825 ) ) ;
#4136 = CARTESIAN_POINT ( 'NONE',  ( -0.3731413078260957805, 0.1184540034199079578, 0.5989999999999995328 ) ) ;
#4137 = ORIENTED_EDGE ( 'NONE', *, *, #3387, .T. ) ;
#4138 = VECTOR ( 'NONE', #3171, 1000.000000000000114 ) ;
#4139 = ADVANCED_FACE ( 'NONE', ( #5193 ), #3603, .T. ) ;
#4140 = ADVANCED_FACE ( 'NONE', ( #4852 ), #4433, .T. ) ;
#4141 = CARTESIAN_POINT ( 'NONE',  ( 0.8465662902286366087, 0.4185715134532380088, 0.5989999999999994218 ) ) ;
#4142 = CARTESIAN_POINT ( 'NONE',  ( -0.6301263308066837876, 0.2840300874361456618, 0.5989999999999996438 ) ) ;
#4143 = STYLED_ITEM ( 'NONE', ( #590 ), #5245 ) ;
#4144 = CARTESIAN_POINT ( 'NONE',  ( -0.2343523156347147030, -0.1849631293548023026, 0.5999999999999994227 ) ) ;
#4145 = SURFACE_STYLE_USAGE ( .BOTH. , #4618 ) ;
#4146 = DIRECTION ( 'NONE',  ( -1.000000000000000000, 0.0000000000000000000, -1.936075308009830896E-16 ) ) ;
#4147 = CARTESIAN_POINT ( 'NONE',  ( 0.6521942920654258957, -0.1365703459121403451, 0.5989999999999989777 ) ) ;
#4148 = ORIENTED_EDGE ( 'NONE', *, *, #2422, .T. ) ;
#4149 = VERTEX_POINT ( 'NONE', #4463 ) ;
#4150 = CARTESIAN_POINT ( 'NONE',  ( -0.7148996484359519954, 0.2935740498880893279, 0.5999999999999994227 ) ) ;
#4151 = CARTESIAN_POINT ( 'NONE',  ( 0.8779058827497163708, 0.3645314167648511239, 0.5999999999999994227 ) ) ;
#4152 = DIRECTION ( 'NONE',  ( 0.9922778767136676281, 0.1240347345892083009, 0.0000000000000000000 ) ) ;
#4153 = CARTESIAN_POINT ( 'NONE',  ( -0.2926280839862307470, -0.3291863904779652183, 0.5989999999999995328 ) ) ;
#4154 = CARTESIAN_POINT ( 'NONE',  ( -0.8322847895299164689, 0.4868854958565307922, 0.5999999999999994227 ) ) ;
#4155 = CARTESIAN_POINT ( 'NONE',  ( 0.1088388663118925320, 0.3476772659593863057, 0.5999999999999992006 ) ) ;
#4156 =( LENGTH_UNIT ( ) NAMED_UNIT ( * ) SI_UNIT ( .MILLI., .METRE. ) );
#4157 = CARTESIAN_POINT ( 'NONE',  ( -0.7769302408889148248, 0.3885867124920613369, 0.5989999999999993108 ) ) ;
#4158 =( NAMED_UNIT ( * ) SI_UNIT ( $, .STERADIAN. ) SOLID_ANGLE_UNIT ( ) );
#4159 = DIRECTION ( 'NONE',  ( 1.000000000000000000, 0.0000000000000000000, 0.0000000000000000000 ) ) ;
#4160 = CARTESIAN_POINT ( 'NONE',  ( -0.4815154659814232518, -0.2734566944574052250, 0.5999999999999994227 ) ) ;
#4161 = CARTESIAN_POINT ( 'NONE',  ( 0.5651178078726810661, 0.2375348465058814140, 0.5989999999999994218 ) ) ;
#4162 = CARTESIAN_POINT ( 'NONE',  ( 0.1466538527269783676, 0.2748909207182292369, 0.5999999999999994227 ) ) ;
#4163 = EDGE_LOOP ( 'NONE', ( #2391, #5122, #3510, #957 ) ) ;
#4164 = MECHANICAL_DESIGN_GEOMETRIC_PRESENTATION_REPRESENTATION (  '', ( #2556 ), #5237 ) ;
#4165 = CARTESIAN_POINT ( 'NONE',  ( -2.640000000000000568, -1.600000000000000089, 0.6000000000000000888 ) ) ;
#4166 =( NAMED_UNIT ( * ) SI_UNIT ( $, .STERADIAN. ) SOLID_ANGLE_UNIT ( ) );
#4167 = COLOUR_RGB ( '',0.7686274509803920907, 0.7686274509803920907, 0.7686274509803920907 ) ;
#4168 = EDGE_CURVE ( 'NONE', #281, #5128, #5344, .T. ) ;
#4169 = SURFACE_SIDE_STYLE ('',( #4929 ) ) ;
#4170 = CARTESIAN_POINT ( 'NONE',  ( -0.7691198927114794026, 0.1137630903910496205, 0.5989999999999994218 ) ) ;
#4171 = VERTEX_POINT ( 'NONE', #835 ) ;
#4172 = CARTESIAN_POINT ( 'NONE',  ( -1.037186204793596023, -0.2291897969665829538, 0.5999999999999994227 ) ) ;
#4173 = LINE ( 'NONE', #348, #811 ) ;
#4174 = CARTESIAN_POINT ( 'NONE',  ( 0.5905718731333973182, -0.2209014051802813960, 0.5989999999999994218 ) ) ;
#4175 = EDGE_CURVE ( 'NONE', #2256, #2519, #4965, .T. ) ;
#4176 = EDGE_CURVE ( 'NONE', #4506, #4864, #5502, .T. ) ;
#4177 = CARTESIAN_POINT ( 'NONE',  ( -0.8917003739455009459, -0.02658853011749527998, 0.5989999999999994218 ) ) ;
#4178 = ORIENTED_EDGE ( 'NONE', *, *, #5290, .F. ) ;
#4179 = ORIENTED_EDGE ( 'NONE', *, *, #842, .F. ) ;
#4180 = CARTESIAN_POINT ( 'NONE',  ( 0.8011014569562898702, 0.4605005352256765772, 0.5999999999999989786 ) ) ;
#4181 = DIRECTION ( 'NONE',  ( -0.0000000000000000000, -0.0000000000000000000, 1.000000000000000000 ) ) ;
#4182 = CARTESIAN_POINT ( 'NONE',  ( 0.7433797813393006049, 0.09439854205510415930, 0.5989999999999994218 ) ) ;
#4183 = CARTESIAN_POINT ( 'NONE',  ( -0.1517653090104358338, 0.4661062750773100061, 0.5999999999999994227 ) ) ;
#4184 = CARTESIAN_POINT ( 'NONE',  ( -0.5397904322351595452, -0.1557782245720789882, 0.5999999999999994227 ) ) ;
#4185 = CARTESIAN_POINT ( 'NONE',  ( -0.8543854369723991038, 0.4863144744350549886, 0.5999999999999994227 ) ) ;
#4186 =( NAMED_UNIT ( * ) PLANE_ANGLE_UNIT ( ) SI_UNIT ( $, .RADIAN. ) );
#4187 = COLOUR_RGB ( '',1.000000000000000000, 1.000000000000000000, 1.000000000000000000 ) ;
#4188 = STYLED_ITEM ( 'NONE', ( #1124 ), #3835 ) ;
#4189 =( GEOMETRIC_REPRESENTATION_CONTEXT ( 3 ) GLOBAL_UNCERTAINTY_ASSIGNED_CONTEXT ( ( #1777 ) ) GLOBAL_UNIT_ASSIGNED_CONTEXT ( ( #1474, #3147, #682 ) ) REPRESENTATION_CONTEXT ( 'NONE', 'WORKASPACE' ) );
#4190 = DIRECTION ( 'NONE',  ( 0.0000000000000000000, 0.0000000000000000000, 1.000000000000000000 ) ) ;
#4191 = CARTESIAN_POINT ( 'NONE',  ( -1.044415242594016968, 0.2575695103935631280, 0.5999999999999993117 ) ) ;
#4192 = B_SPLINE_CURVE_WITH_KNOTS ( 'NONE', 3,
 ( #5332, #1421, #5279, #4032, #3587, #5256, #1535, #4059, #1883, #606, #4928, #3617, #1112, #1055, #5230, #4898, #2691, #1011, #233 ),
 .UNSPECIFIED., .F., .F.,
 ( 4, 1, 1, 1, 1, 1, 1, 1, 1, 1, 1, 1, 1, 1, 1, 1, 4 ),
 ( 0.0000000000000000000, 0.04878347937587419053, 0.09693138956973625098, 0.1450915008017280017, 0.1933977841194992053, 0.2422569075037525332, 0.2911229018096243570, 0.3408352192596669772, 0.3915951061367907715, 0.4457719150393740781, 0.5061126198317954517, 0.5725064867171756333, 0.6449505620533899641, 0.7242299195761302544, 0.8096884027761077629, 0.9016917347513255798, 1.000000000000000000 ),
 .UNSPECIFIED. ) ;
#4193 = FILL_AREA_STYLE ('',( #2475 ) ) ;
#4194 = AXIS2_PLACEMENT_3D ( 'NONE', #594, #1437, #2725 ) ;
#4195 = MECHANICAL_DESIGN_GEOMETRIC_PRESENTATION_REPRESENTATION (  '', ( #4460 ), #190 ) ;
#4196 = UNCERTAINTY_MEASURE_WITH_UNIT (LENGTH_MEASURE( 1.000000000000000082E-05 ), #924, 'distance_accuracy_value', 'NONE');
#4197 = SURFACE_STYLE_FILL_AREA ( #1246 ) ;
#4198 = CARTESIAN_POINT ( 'NONE',  ( -0.6493668445230116326, 0.3645314167648510129, 0.5989999999999995328 ) ) ;
#4199 = MECHANICAL_DESIGN_GEOMETRIC_PRESENTATION_REPRESENTATION (  '', ( #4723 ), #3836 ) ;
#4200 = CARTESIAN_POINT ( 'NONE',  ( -0.3273144076537867209, -0.2503277384763761271, 0.5999999999999993117 ) ) ;
#4201 = DIRECTION ( 'NONE',  ( -1.000000000000000000, 0.0000000000000000000, -0.0000000000000000000 ) ) ;
#4202 = VERTEX_POINT ( 'NONE', #4545 ) ;
#4203 = CARTESIAN_POINT ( 'NONE',  ( -1.051663058745872403, -0.2782986198866733707, 0.5999999999999993117 ) ) ;
#4204 = CARTESIAN_POINT ( 'NONE',  ( 0.1807022234570966057, -0.3235041145330797008, 0.5999999999999994227 ) ) ;
#4205 = PLANE ( 'NONE',  #2655 ) ;
#4206 = CARTESIAN_POINT ( 'NONE',  ( 0.7264873233896532723, 0.07329409115209413461, 0.5989999999999996438 ) ) ;
#4207 = EDGE_LOOP ( 'NONE', ( #3887, #202, #2144, #4348 ) ) ;
#4208 = CARTESIAN_POINT ( 'NONE',  ( 0.8688848474296059221, 0.3831355704167093146, 0.5999999999999993117 ) ) ;
#4209 = SURFACE_STYLE_USAGE ( .BOTH. , #3401 ) ;
#4210 = ADVANCED_FACE ( 'NONE', ( #2357 ), #1256, .T. ) ;
#4211 = CARTESIAN_POINT ( 'NONE',  ( 0.4888792593342711768, 0.3033696475096696044, 0.5999999999999997558 ) ) ;
#4212 = EDGE_CURVE ( 'NONE', #1030, #1531, #3447, .T. ) ;
#4213 = CARTESIAN_POINT ( 'NONE',  ( 0.5153495692250634752, -0.1759838316869603847, 0.5999999999999996447 ) ) ;
#4214 = CARTESIAN_POINT ( 'NONE',  ( -0.9600638287017508876, 0.2750471012323171260, 0.5989999999999994218 ) ) ;
#4215 = PRODUCT_DEFINITION_SHAPE ( 'NONE', 'NONE',  #5061 ) ;
#4216 = CARTESIAN_POINT ( 'NONE',  ( -0.9502718239104976927, 0.4533688412103442644, 0.5989999999999996438 ) ) ;
#4217 = DIRECTION ( 'NONE',  ( -0.0000000000000000000, -0.0000000000000000000, 1.000000000000000000 ) ) ;
#4218 = DIRECTION ( 'NONE',  ( 0.0000000000000000000, 1.000000000000000000, 0.0000000000000000000 ) ) ;
#4219 =( GEOMETRIC_REPRESENTATION_CONTEXT ( 3 ) GLOBAL_UNCERTAINTY_ASSIGNED_CONTEXT ( ( #749 ) ) GLOBAL_UNIT_ASSIGNED_CONTEXT ( ( #1502, #3235, #261 ) ) REPRESENTATION_CONTEXT ( 'NONE', 'WORKASPACE' ) );
#4220 = CARTESIAN_POINT ( 'NONE',  ( -0.2040926603947543494, -0.03537231918239314155, 0.5999999999999993117 ) ) ;
#4221 = CARTESIAN_POINT ( 'NONE',  ( -0.8993233436765775135, -0.03449872810790511474, 0.5999999999999995337 ) ) ;
#4222 = CARTESIAN_POINT ( 'NONE',  ( 0.5858970286519019632, -0.2299976210265861909, 0.5989999999999994218 ) ) ;
#4223 = PRESENTATION_STYLE_ASSIGNMENT (( #824 ) ) ;
#4224 = SURFACE_STYLE_FILL_AREA ( #3334 ) ;
#4225 =( GEOMETRIC_REPRESENTATION_CONTEXT ( 3 ) GLOBAL_UNCERTAINTY_ASSIGNED_CONTEXT ( ( #4307 ) ) GLOBAL_UNIT_ASSIGNED_CONTEXT ( ( #2385, #5373, #4967 ) ) REPRESENTATION_CONTEXT ( 'NONE', 'WORKASPACE' ) );
#4226 = CARTESIAN_POINT ( 'NONE',  ( -0.6298345278886725573, 0.2698483120667990454, 0.5989999999999994218 ) ) ;
#4227 = CARTESIAN_POINT ( 'NONE',  ( -0.6296873869325138040, -0.3235041145330797008, 0.5989999999999994218 ) ) ;
#4228 = ORIENTED_EDGE ( 'NONE', *, *, #2356, .F. ) ;
#4229 = CARTESIAN_POINT ( 'NONE',  ( 0.5698368872066129631, 0.2922701963039043838, 0.5999999999999994227 ) ) ;
#4230 = CARTESIAN_POINT ( 'NONE',  ( -0.3768538047486300613, 0.1991695675494296325, 0.5999999999999996447 ) ) ;
#4231 = CARTESIAN_POINT ( 'NONE',  ( -1.055661412906539809, -0.3235041145330797008, 0.5989999999999994218 ) ) ;
#4232 = COLOUR_RGB ( '',1.000000000000000000, 1.000000000000000000, 1.000000000000000000 ) ;
#4233 =( LENGTH_UNIT ( ) NAMED_UNIT ( * ) SI_UNIT ( .MILLI., .METRE. ) );
#4234 = CARTESIAN_POINT ( 'NONE',  ( -0.3834453181169559799, -0.2413591388647113589, 0.5999999999999994227 ) ) ;
#4235 =( LENGTH_UNIT ( ) NAMED_UNIT ( * ) SI_UNIT ( .MILLI., .METRE. ) );
#4236 = ORIENTED_EDGE ( 'NONE', *, *, #1461, .F. ) ;
#4237 = EDGE_LOOP ( 'NONE', ( #3159, #3389, #710, #4148 ) ) ;
#4238 = VECTOR ( 'NONE', #83, 1000.000000000000000 ) ;
#4239 = DIRECTION ( 'NONE',  ( -1.000000000000000000, 0.0000000000000000000, 4.466554212838224906E-16 ) ) ;
#4240 = UNCERTAINTY_MEASURE_WITH_UNIT (LENGTH_MEASURE( 1.000000000000000082E-05 ), #16, 'distance_accuracy_value', 'NONE');
#4241 = CARTESIAN_POINT ( 'NONE',  ( 0.5021116384199095783, 0.3519313413877854235, 0.5999999999999995337 ) ) ;
#4242 = CARTESIAN_POINT ( 'NONE',  ( -0.8758168347606238857, 0.4835299739023972143, 0.5989999999999994218 ) ) ;
#4243 = ADVANCED_FACE ( 'NONE', ( #2160 ), #514, .F. ) ;
#4244 = B_SPLINE_SURFACE_WITH_KNOTS ( 'NONE', 3, 1, ( 
 ( #1869, #1384 ),
 ( #3937, #118 ),
 ( #1811, #3078 ),
 ( #3578, #1047 ),
 ( #4022, #197 ),
 ( #4771, #2727 ),
 ( #3105, #3605 ),
 ( #4798, #5296 ),
 ( #651, #147 ),
 ( #2681, #4392 ),
 ( #1836, #3548 ),
 ( #1440, #3142 ),
 ( #4831, #1027 ),
 ( #5025, #4548 ),
 ( #4940, #1545 ),
 ( #1595, #4184 ),
 ( #2416, #3658 ),
 ( #5346, #2839 ),
 ( #1212, #4998 ) ),
 .UNSPECIFIED., .F., .F., .F.,
 ( 4, 1, 1, 1, 1, 1, 1, 1, 1, 1, 1, 1, 1, 1, 1, 1, 4 ),
 ( 2, 2 ),
 ( 0.0000000000000000000, 0.05991172980839398060, 0.1179453118744474005, 0.1747353202218632218, 0.2309363807107564781, 0.2872236714907134281, 0.3440136798381294159, 0.4021676354599059144, 0.4619625304058108672, 0.5232662706646533657, 0.5850556471251071589, 0.6482099413387869546, 0.7130717256955922956, 0.7802081309692147082, 0.8497849120801862499, 0.9231076765046576371, 0.9999999999999998890 ),
 ( 0.0000000000000000000, 1.000000000000000000 ),
 .UNSPECIFIED. ) ;
#4245 = CARTESIAN_POINT ( 'NONE',  ( -0.2302584064924191043, -0.3016912547341905615, 0.5999999999999993117 ) ) ;
#4246 = ADVANCED_FACE ( 'NONE', ( #102 ), #3422, .T. ) ;
#4247 = ORIENTED_EDGE ( 'NONE', *, *, #246, .T. ) ;
#4248 = CARTESIAN_POINT ( 'NONE',  ( -0.8397604891591343712, 0.4866923438396087431, 0.5989999999999994218 ) ) ;
#4249 = CARTESIAN_POINT ( 'NONE',  ( -0.2328067207120810833, 0.06409506426415624569, 0.5989999999999996438 ) ) ;
#4250 = CARTESIAN_POINT ( 'NONE',  ( -0.9349143761350076076, -0.07296912346077942535, 0.5999999999999994227 ) ) ;
#4251 = DIRECTION ( 'NONE',  ( 0.0000000000000000000, 1.000000000000000000, 0.0000000000000000000 ) ) ;
#4252 = CARTESIAN_POINT ( 'NONE',  ( 0.0000000000000000000, -1.600000000000000089, 0.0000000000000000000 ) ) ;
#4253 = LINE ( 'NONE', #2121, #3119 ) ;
#4254 = ADVANCED_FACE ( 'NONE', ( #1394 ), #3484, .T. ) ;
#4255 = CARTESIAN_POINT ( 'NONE',  ( -3.180000000000000604, -1.600000000000000089, 0.02000000000000006287 ) ) ;
#4256 = EDGE_CURVE ( 'NONE', #2600, #1881, #4192, .T. ) ;
#4257 = UNCERTAINTY_MEASURE_WITH_UNIT (LENGTH_MEASURE( 1.000000000000000082E-05 ), #1372, 'distance_accuracy_value', 'NONE');
#4258 = FILL_AREA_STYLE ('',( #5144 ) ) ;
#4259 = CARTESIAN_POINT ( 'NONE',  ( 0.8471730499670537817, 0.09500904247475640274, 0.5989999999999993108 ) ) ;
#4260 = EDGE_LOOP ( 'NONE', ( #2198, #2010, #5173, #5068 ) ) ;
#4261 = FILL_AREA_STYLE ('',( #2542 ) ) ;
#4262 = FACE_OUTER_BOUND ( 'NONE', #1606, .T. ) ;
#4263 = FILL_AREA_STYLE ('',( #2188 ) ) ;
#4264 = CARTESIAN_POINT ( 'NONE',  ( -0.3447382577658151814, -0.2506437860470583368, 0.5999999999999993117 ) ) ;
#4265 = CARTESIAN_POINT ( 'NONE',  ( 0.8144684572233303888, 0.2643205607915956046, 0.5989999999999994218 ) ) ;
#4266 = ORIENTED_EDGE ( 'NONE', *, *, #1393, .T. ) ;
#4267 = ORIENTED_EDGE ( 'NONE', *, *, #1051, .T. ) ;
#4268 = SURFACE_STYLE_FILL_AREA ( #900 ) ;
#4269 = DIRECTION ( 'NONE',  ( -0.1502866523315005420, -0.9886424642564117793, 0.0000000000000000000 ) ) ;
#4270 = LINE ( 'NONE', #5452, #4101 ) ;
#4271 = CARTESIAN_POINT ( 'NONE',  ( -0.2129515068650217613, 0.01969287892669269180, 0.5989999999999996438 ) ) ;
#4272 = CARTESIAN_POINT ( 'NONE',  ( 0.1650186179179700674, 0.2922089441242496921, 0.5999999999999993117 ) ) ;
#4273 = CARTESIAN_POINT ( 'NONE',  ( -0.9619910627187310270, 0.2566796886907410369, 0.5999999999999995337 ) ) ;
#4274 = EDGE_LOOP ( 'NONE', ( #272, #3252, #460, #1020 ) ) ;
#4275 = CARTESIAN_POINT ( 'NONE',  ( -0.2926280839862307470, -0.3291863904779652183, 0.5989999999999995328 ) ) ;
#4276 = STYLED_ITEM ( 'NONE', ( #3077 ), #1150 ) ;
#4277 = FACE_OUTER_BOUND ( 'NONE', #3643, .T. ) ;
#4278 = CARTESIAN_POINT ( 'NONE',  ( -0.9141252474881170764, -0.04985835748003249190, 0.5989999999999994218 ) ) ;
#4279 =( NAMED_UNIT ( * ) PLANE_ANGLE_UNIT ( ) SI_UNIT ( $, .RADIAN. ) );
#4280 = CARTESIAN_POINT ( 'NONE',  ( -0.7128042700493969486, 0.2643205607915956046, 0.5989999999999994218 ) ) ;
#4281 = CARTESIAN_POINT ( 'NONE',  ( -0.6296873869325138040, -0.3235041145330797008, 0.5999999999999994227 ) ) ;
#4282 = VECTOR ( 'NONE', #4957, 1000.000000000000114 ) ;
#4283 = CARTESIAN_POINT ( 'NONE',  ( -0.2328067207120810833, 0.06409506426415624569, 0.5999999999999996447 ) ) ;
#4284 = EDGE_CURVE ( 'NONE', #3711, #5367, #3561, .T. ) ;
#4285 = EDGE_CURVE ( 'NONE', #4088, #4073, #4006, .T. ) ;
#4286 =( NAMED_UNIT ( * ) PLANE_ANGLE_UNIT ( ) SI_UNIT ( $, .RADIAN. ) );
#4287 = STYLED_ITEM ( 'NONE', ( #683 ), #3976 ) ;
#4288 = VECTOR ( 'NONE', #2613, 1000.000000000000000 ) ;
#4289 = B_SPLINE_CURVE_WITH_KNOTS ( 'NONE', 3,
 ( #1417, #3614, #4810, #659, #4003, #1008, #2688, #3149, #1880, #2765, #257, #5328, #5037, #4055, #1530, #1107, #4923, #3230, #1553 ),
 .UNSPECIFIED., .F., .F.,
 ( 4, 1, 1, 1, 1, 1, 1, 1, 1, 1, 1, 1, 1, 1, 1, 1, 4 ),
 ( 0.0000000000000000000, 0.05381367553717603808, 0.1069528195400320791, 0.1592297411669637286, 0.2119878441294312799, 0.2664171771063161831, 0.3219455670150592197, 0.3804321554930927274, 0.4418041305516811068, 0.5050050872753483189, 0.5687997946032428143, 0.6342267874690949991, 0.7013374851512621522, 0.7709830105630250952, 0.8438657153438673397, 0.9200500377805955754, 0.9999999999999998890 ),
 .UNSPECIFIED. ) ;
#4290 = ORIENTED_EDGE ( 'NONE', *, *, #86, .F. ) ;
#4291 = CARTESIAN_POINT ( 'NONE',  ( -0.3931221428276703844, -0.2358026438369506261, 0.5999999999999995337 ) ) ;
#4292 = ORIENTED_EDGE ( 'NONE', *, *, #922, .T. ) ;
#4293 = ORIENTED_EDGE ( 'NONE', *, *, #388, .T. ) ;
#4294 = DIRECTION ( 'NONE',  ( -0.0000000000000000000, -0.0000000000000000000, 1.000000000000000000 ) ) ;
#4295 = LINE ( 'NONE', #3344, #1006 ) ;
#4296 = CARTESIAN_POINT ( 'NONE',  ( -3.180000000000000604, -1.600000000000000089, 0.5800000000000001821 ) ) ;
#4297 = CARTESIAN_POINT ( 'NONE',  ( 0.7606416255746015764, 0.3820298670887026793, 0.5999999999999995337 ) ) ;
#4298 = CARTESIAN_POINT ( 'NONE',  ( -0.9484839535604366878, 0.3232102118582117489, 0.5999999999999993117 ) ) ;
#4299 = EDGE_LOOP ( 'NONE', ( #2795, #4509, #1050, #3274 ) ) ;
#4300 = CARTESIAN_POINT ( 'NONE',  ( -0.2497332618301693896, -0.3135476104768784578, 0.5989999999999995328 ) ) ;
#4301 = CARTESIAN_POINT ( 'NONE',  ( -0.7319738159882027695, 0.1783859920615025740, 0.5999999999999994227 ) ) ;
#4302 = LINE ( 'NONE', #2594, #3483 ) ;
#4303 = CARTESIAN_POINT ( 'NONE',  ( 2.620000000000000995, 1.600000000000000089, 0.5799999999999994049 ) ) ;
#4304 = PLANE ( 'NONE',  #3491 ) ;
#4305 = SURFACE_STYLE_FILL_AREA ( #2596 ) ;
#4306 = CARTESIAN_POINT ( 'NONE',  ( -0.3092732833847977036, 0.2061384701396817287, 0.5989999999999994218 ) ) ;
#4307 = UNCERTAINTY_MEASURE_WITH_UNIT (LENGTH_MEASURE( 1.000000000000000082E-05 ), #2385, 'distance_accuracy_value', 'NONE');
#4308 = CARTESIAN_POINT ( 'NONE',  ( 0.4888792593342711768, 0.3033696475096696044, 0.5999999999999997558 ) ) ;
#4309 = STYLED_ITEM ( 'NONE', ( #983 ), #4254 ) ;
#4310 = CARTESIAN_POINT ( 'NONE',  ( 0.8339180724832953029, 0.07512048296998236063, 0.5989999999999994218 ) ) ;
#4311 = PRODUCT_RELATED_PRODUCT_CATEGORY ( 'part', '', ( #2115 ) ) ;
#4312 = EDGE_LOOP ( 'NONE', ( #192, #2330, #3086, #4357 ) ) ;
#4313 = ADVANCED_FACE ( 'NONE', ( #2799 ), #4688, .T. ) ;
#4314 = CARTESIAN_POINT ( 'NONE',  ( -3.200000000000000622, -1.600000000000000089, 0.6000000000000000888 ) ) ;
#4315 = FACE_OUTER_BOUND ( 'NONE', #1774, .T. ) ;
#4316 = CARTESIAN_POINT ( 'NONE',  ( 0.6412479657168316249, 0.3932538803962952190, 0.5989999999999995328 ) ) ;
#4317 = SURFACE_STYLE_USAGE ( .BOTH. , #2607 ) ;
#4318 = MECHANICAL_DESIGN_GEOMETRIC_PRESENTATION_REPRESENTATION (  '', ( #1642 ), #2891 ) ;
#4319 = CARTESIAN_POINT ( 'NONE',  ( -0.1931320658393165524, 0.1531419645470935009, 0.5989999999999993108 ) ) ;
#4320 = PRESENTATION_STYLE_ASSIGNMENT (( #3032 ) ) ;
#4321 = ORIENTED_EDGE ( 'NONE', *, *, #2605, .T. ) ;
#4322 = CARTESIAN_POINT ( 'NONE',  ( 0.07928737435328638006, 0.3225539051485744046, 0.5989999999999995328 ) ) ;
#4323 = CARTESIAN_POINT ( 'NONE',  ( 3.180000000000000604, 1.600000000000000089, 0.01999999999999928224 ) ) ;
#4324 = CARTESIAN_POINT ( 'NONE',  ( -0.2885876162695836245, -0.2377815626152384731, 0.5999999999999995337 ) ) ;
#4325 =( GEOMETRIC_REPRESENTATION_CONTEXT ( 3 ) GLOBAL_UNCERTAINTY_ASSIGNED_CONTEXT ( ( #2299 ) ) GLOBAL_UNIT_ASSIGNED_CONTEXT ( ( #2418, #4186, #737 ) ) REPRESENTATION_CONTEXT ( 'NONE', 'WORKASPACE' ) );
#4326 = CARTESIAN_POINT ( 'NONE',  ( 0.4949295571265764915, 0.3285027329664727547, 0.5999999999999992006 ) ) ;
#4327 = B_SPLINE_CURVE_WITH_KNOTS ( 'NONE', 3,
 ( #4969, #1971, #330, #3692, #3661, #1128, #4942, #3249, #1155, #1623, #1184 ),
 .UNSPECIFIED., .F., .F.,
 ( 4, 1, 1, 1, 1, 1, 1, 1, 4 ),
 ( 0.0000000000000000000, 0.1352840289639604676, 0.2694096554749931260, 0.4028008870521608276, 0.5361909441160791490, 0.6652106699871669360, 0.7853428009871228355, 0.8963177665284697282, 1.000000000000000000 ),
 .UNSPECIFIED. ) ;
#4328 =( NAMED_UNIT ( * ) PLANE_ANGLE_UNIT ( ) SI_UNIT ( $, .RADIAN. ) );
#4329 = CARTESIAN_POINT ( 'NONE',  ( -0.8860247615558957124, 0.3932538803962949969, 0.5999999999999993117 ) ) ;
#4330 = VERTEX_POINT ( 'NONE', #1247 ) ;
#4331 = CARTESIAN_POINT ( 'NONE',  ( -0.1286828690472077152, -0.1336120859153790696, 0.5989999999999991998 ) ) ;
#4332 = LINE ( 'NONE', #2674, #2290 ) ;
#4333 = CARTESIAN_POINT ( 'NONE',  ( -3.200000000000000178, -1.600000000000000089, 2.510525938252074186E-16 ) ) ;
#4334 = CARTESIAN_POINT ( 'NONE',  ( -0.2185573139600784365, 0.03559522353058171273, 0.5989999999999991998 ) ) ;
#4335 = CARTESIAN_POINT ( 'NONE',  ( -0.4342328414779683676, 0.1750348465058813585, 0.5999999999999994227 ) ) ;
#4336 =( NAMED_UNIT ( * ) PLANE_ANGLE_UNIT ( ) SI_UNIT ( $, .RADIAN. ) );
#4337 = CARTESIAN_POINT ( 'NONE',  ( -0.1785019510921777297, 0.1367464666554511765, 0.5989999999999995328 ) ) ;
#4338 =( NAMED_UNIT ( * ) PLANE_ANGLE_UNIT ( ) SI_UNIT ( $, .RADIAN. ) );
#4339 = LINE ( 'NONE', #4255, #852 ) ;
#4340 = CARTESIAN_POINT ( 'NONE',  ( -0.3341730978150681541, 0.1230668875759320657, 0.5999999999999994227 ) ) ;
#4341 = CARTESIAN_POINT ( 'NONE',  ( 0.8009467122189440902, 0.03096168355370686534, 0.5989999999999994218 ) ) ;
#4342 = CARTESIAN_POINT ( 'NONE',  ( -0.3320520985437076522, -0.3336561769474344352, 0.5999999999999995337 ) ) ;
#4343 = EDGE_LOOP ( 'NONE', ( #128, #4846, #1782, #4960 ) ) ;
#4344 = CARTESIAN_POINT ( 'NONE',  ( 0.6195279641889295252, 0.3796724463967944274, 0.5989999999999994218 ) ) ;
#4345 = CARTESIAN_POINT ( 'NONE',  ( 0.5846929400152487410, 0.3370397902646605215, 0.5989999999999991998 ) ) ;
#4346 = CARTESIAN_POINT ( 'NONE',  ( -0.1428556922220035330, 0.07760390843950513984, 0.5989999999999994218 ) ) ;
#4347 = ORIENTED_EDGE ( 'NONE', *, *, #3162, .F. ) ;
#4348 = ORIENTED_EDGE ( 'NONE', *, *, #3087, .T. ) ;
#4349 = CARTESIAN_POINT ( 'NONE',  ( 0.1598967325328770062, 0.4029839553346364345, 0.5989999999999991998 ) ) ;
#4350 = FILL_AREA_STYLE_COLOUR ( '', #4912 ) ;
#4351 = CARTESIAN_POINT ( 'NONE',  ( -0.8657848034567915407, 0.0002166925124949825327, 0.5989999999999994218 ) ) ;
#4352 = SURFACE_STYLE_FILL_AREA ( #4380 ) ;
#4353 = ADVANCED_FACE ( 'NONE', ( #5387 ), #2939, .T. ) ;
#4354 = EDGE_CURVE ( 'NONE', #2826, #5240, #395, .T. ) ;
#4355 = CARTESIAN_POINT ( 'NONE',  ( 0.7167221027205045170, 0.4015845363015858038, 0.5999999999999995337 ) ) ;
#4356 = CARTESIAN_POINT ( 'NONE',  ( 0.8339180724832953029, 0.07512048296998236063, 0.5989999999999994218 ) ) ;
#4357 = ORIENTED_EDGE ( 'NONE', *, *, #1023, .T. ) ;
#4358 = FILL_AREA_STYLE ('',( #4411 ) ) ;
#4359 = CARTESIAN_POINT ( 'NONE',  ( -3.180000000000000604, 1.600000000000000089, 0.5800000000000001821 ) ) ;
#4360 = CARTESIAN_POINT ( 'NONE',  ( 0.4756096685268547120, -0.2782986198866735372, 0.5999999999999993117 ) ) ;
#4361 = DIRECTION ( 'NONE',  ( 0.0000000000000000000, -1.000000000000000000, 0.0000000000000000000 ) ) ;
#4362 = VECTOR ( 'NONE', #1304, 1000.000000000000000 ) ;
#4363 = CARTESIAN_POINT ( 'NONE',  ( -0.8353692051143321029, 0.4037686127396476476, 0.5999999999999994227 ) ) ;
#4364 = DIRECTION ( 'NONE',  ( 1.000000000000000000, 0.0000000000000000000, -2.453474743771075841E-16 ) ) ;
#4365 = CARTESIAN_POINT ( 'NONE',  ( 0.7875039019911008742, 0.3549146129755175738, 0.5999999999999994227 ) ) ;
#4366 = ORIENTED_EDGE ( 'NONE', *, *, #2486, .T. ) ;
#4367 = CARTESIAN_POINT ( 'NONE',  ( -0.2624219641509711876, 0.09690198395207499926, 0.5999999999999996447 ) ) ;
#4368 = CARTESIAN_POINT ( 'NONE',  ( -1.037186204793596023, -0.2291897969665829538, 0.5989999999999994218 ) ) ;
#4369 = LINE ( 'NONE', #180, #2023 ) ;
#4370 = CARTESIAN_POINT ( 'NONE',  ( 0.6919035221583953454, 0.4037686127396476476, 0.5989999999999994218 ) ) ;
#4371 =( GEOMETRIC_REPRESENTATION_CONTEXT ( 3 ) GLOBAL_UNCERTAINTY_ASSIGNED_CONTEXT ( ( #453 ) ) GLOBAL_UNIT_ASSIGNED_CONTEXT ( ( #3546, #1786, #1864 ) ) REPRESENTATION_CONTEXT ( 'NONE', 'WORKASPACE' ) );
#4372 = VECTOR ( 'NONE', #228, 1000.000000000000000 ) ;
#4373 = DIRECTION ( 'NONE',  ( 1.000000000000000000, 0.0000000000000000000, -3.872150616019661792E-16 ) ) ;
#4374 = FILL_AREA_STYLE ('',( #548 ) ) ;
#4375 = ORIENTED_EDGE ( 'NONE', *, *, #4168, .F. ) ;
#4376 = SURFACE_SIDE_STYLE ('',( #4268 ) ) ;
#4377 = CARTESIAN_POINT ( 'NONE',  ( 2.600000000000000533, -1.600000000000000089, 0.01999999999999942449 ) ) ;
#4378 = COLOUR_RGB ( '',1.000000000000000000, 1.000000000000000000, 1.000000000000000000 ) ;
#4379 = CARTESIAN_POINT ( 'NONE',  ( -0.2193291860640033675, -0.1537449032873899890, 0.5989999999999994218 ) ) ;
#4380 = FILL_AREA_STYLE ('',( #524 ) ) ;
#4381 = CARTESIAN_POINT ( 'NONE',  ( -0.6318933959870500772, 0.2243516025251089396, 0.5989999999999995328 ) ) ;
#4382 = SURFACE_STYLE_USAGE ( .BOTH. , #164 ) ;
#4383 = EDGE_LOOP ( 'NONE', ( #4703, #3674, #936, #1057 ) ) ;
#4384 = CARTESIAN_POINT ( 'NONE',  ( -2.600000000000000533, 1.600000000000000089, 0.5999999999999994227 ) ) ;
#4385 = CARTESIAN_POINT ( 'NONE',  ( -0.3402393349844617942, -0.3338937249226900938, 0.5989999999999994218 ) ) ;
#4386 = EDGE_CURVE ( 'NONE', #4729, #2747, #3588, .T. ) ;
#4387 = EDGE_CURVE ( 'NONE', #4202, #510, #479, .T. ) ;
#4388 = CARTESIAN_POINT ( 'NONE',  ( 0.4715915914895517647, -0.3186320349971067944, 0.5999999999999994227 ) ) ;
#4389 = CARTESIAN_POINT ( 'NONE',  ( -0.3248079709406169191, 0.1227088946291055999, 0.5999999999999994227 ) ) ;
#4390 = CARTESIAN_POINT ( 'NONE',  ( 2.620000000000000995, -1.600000000000000089, 0.5799999999999994049 ) ) ;
#4391 = CARTESIAN_POINT ( 'NONE',  ( 0.6355723533272266135, -0.02658853011749528344, 0.5989999999999995328 ) ) ;
#4392 = CARTESIAN_POINT ( 'NONE',  ( -0.4815154659814232518, -0.2734566944574052250, 0.5999999999999994227 ) ) ;
#4393 = DIRECTION ( 'NONE',  ( 0.0000000000000000000, -1.000000000000000000, 0.0000000000000000000 ) ) ;
#4394 = CARTESIAN_POINT ( 'NONE',  ( -0.9350820321365912458, 0.3494070746582178533, 0.5989999999999995328 ) ) ;
#4395 = ORIENTED_EDGE ( 'NONE', *, *, #4828, .F. ) ;
#4396 = CARTESIAN_POINT ( 'NONE',  ( -0.3628219032854441695, -0.2485193051836111777, 0.5999999999999993117 ) ) ;
#4397 = CARTESIAN_POINT ( 'NONE',  ( 0.6514558925121034516, 0.4835299739023969923, 0.5999999999999994227 ) ) ;
#4398 = CARTESIAN_POINT ( 'NONE',  ( -0.6298260216180336934, 0.2562543309334393005, 0.5999999999999994227 ) ) ;
#4399 = ORIENTED_EDGE ( 'NONE', *, *, #5228, .T. ) ;
#4400 = MECHANICAL_DESIGN_GEOMETRIC_PRESENTATION_REPRESENTATION (  '', ( #1637 ), #2253 ) ;
#4401 = STYLED_ITEM ( 'NONE', ( #2095 ), #4649 ) ;
#4402 = EDGE_LOOP ( 'NONE', ( #449, #4687, #5083, #4668 ) ) ;
#4403 = FACE_OUTER_BOUND ( 'NONE', #1471, .T. ) ;
#4404 = PLANE ( 'NONE',  #5081 ) ;
#4405 = DIRECTION ( 'NONE',  ( -0.0000000000000000000, -0.0000000000000000000, 1.000000000000000000 ) ) ;
#4406 = UNCERTAINTY_MEASURE_WITH_UNIT (LENGTH_MEASURE( 1.000000000000000082E-05 ), #3586, 'distance_accuracy_value', 'NONE');
#4407 = LINE ( 'NONE', #2637, #2322 ) ;
#4408 = COLOUR_RGB ( '',1.000000000000000000, 1.000000000000000000, 1.000000000000000000 ) ;
#4409 = CARTESIAN_POINT ( 'NONE',  ( 0.8009467122189440902, 0.03096168355370686534, 0.5989999999999994218 ) ) ;
#4410 = VERTEX_POINT ( 'NONE', #5119 ) ;
#4411 = FILL_AREA_STYLE_COLOUR ( '', #4951 ) ;
#4412 = CARTESIAN_POINT ( 'NONE',  ( 0.4756096685268547120, -0.2782986198866735372, 0.5989999999999993108 ) ) ;
#4413 = SURFACE_STYLE_USAGE ( .BOTH. , #4462 ) ;
#4414 = CARTESIAN_POINT ( 'NONE',  ( -0.4532660794531980786, -0.1481148454772890088, 0.5989999999999993108 ) ) ;
#4415 = EDGE_CURVE ( 'NONE', #5088, #1824, #1279, .T. ) ;
#4416 = CARTESIAN_POINT ( 'NONE',  ( -0.9619910627187310270, 0.2566796886907410369, 0.5989999999999995328 ) ) ;
#4417 = EDGE_LOOP ( 'NONE', ( #2897, #5396, #3176, #2846 ) ) ;
#4418 = CARTESIAN_POINT ( 'NONE',  ( 0.6253011609488066114, -0.1680150325793639265, 0.5999999999999993117 ) ) ;
#4419 = CARTESIAN_POINT ( 'NONE',  ( 0.5465764340570468116, 0.4269606415826426860, 0.5989999999999995328 ) ) ;
#4420 = ADVANCED_FACE ( 'NONE', ( #5145 ), #4727, .T. ) ;
#4421 = EDGE_CURVE ( 'NONE', #3684, #1538, #3228, .T. ) ;
#4422 = CARTESIAN_POINT ( 'NONE',  ( -0.3139040051919302354, -0.2477827842676675607, 0.5989999999999995328 ) ) ;
#4423 = ORIENTED_EDGE ( 'NONE', *, *, #2883, .F. ) ;
#4424 = CARTESIAN_POINT ( 'NONE',  ( 0.6301222975289556549, 0.3870908391879086530, 0.5989999999999994218 ) ) ;
#4425 = DIRECTION ( 'NONE',  ( 1.000000000000000000, 0.0000000000000000000, 0.0000000000000000000 ) ) ;
#4426 = SURFACE_STYLE_FILL_AREA ( #4374 ) ;
#4427 = EDGE_LOOP ( 'NONE', ( #5198, #729, #4651, #2488 ) ) ;
#4428 = PLANE ( 'NONE',  #1244 ) ;
#4429 = CARTESIAN_POINT ( 'NONE',  ( -0.7920092329967859390, -0.04660335829670863433, 0.5989999999999994218 ) ) ;
#4430 = CARTESIAN_POINT ( 'NONE',  ( -0.6301014848052015616, 0.2434525643347674739, 0.5989999999999994218 ) ) ;
#4431 = CARTESIAN_POINT ( 'NONE',  ( 0.5406800665673610062, -0.1371732999891078775, 0.5999999999999993117 ) ) ;
#4432 = CARTESIAN_POINT ( 'NONE',  ( -0.3248079709406169191, 0.1227088946291055999, 0.5989999999999994218 ) ) ;
#4433 = PLANE ( 'NONE',  #380 ) ;
#4434 = PRESENTATION_STYLE_ASSIGNMENT (( #1048 ) ) ;
#4435 = CARTESIAN_POINT ( 'NONE',  ( 0.01446845722333049700, 0.1855867945578294209, 0.5989999999999994218 ) ) ;
#4436 = CARTESIAN_POINT ( 'NONE',  ( 0.8144104831640454067, 0.2693595699672963750, 0.5989999999999994218 ) ) ;
#4437 = VERTEX_POINT ( 'NONE', #1498 ) ;
#4438 = MECHANICAL_DESIGN_GEOMETRIC_PRESENTATION_REPRESENTATION (  '', ( #2295 ), #3010 ) ;
#4439 = CARTESIAN_POINT ( 'NONE',  ( -0.3931221428276703844, -0.2358026438369506261, 0.5989999999999995328 ) ) ;
#4440 = FILL_AREA_STYLE ('',( #176 ) ) ;
#4441 = CARTESIAN_POINT ( 'NONE',  ( -0.2766272643534075093, -0.2304491690621881805, 0.5989999999999991998 ) ) ;
#4442 = VECTOR ( 'NONE', #3690, 1000.000000000000000 ) ;
#4443 = LINE ( 'NONE', #1902, #2303 ) ;
#4444 = ORIENTED_EDGE ( 'NONE', *, *, #5033, .F. ) ;
#4445 = ADVANCED_FACE ( 'NONE', ( #575 ), #5303, .T. ) ;
#4446 = EDGE_CURVE ( 'NONE', #730, #555, #796, .T. ) ;
#4447 = CARTESIAN_POINT ( 'NONE',  ( -0.9270405294518604400, -0.2021045449102878699, 0.5989999999999993108 ) ) ;
#4448 =( GEOMETRIC_REPRESENTATION_CONTEXT ( 3 ) GLOBAL_UNCERTAINTY_ASSIGNED_CONTEXT ( ( #1367 ) ) GLOBAL_UNIT_ASSIGNED_CONTEXT ( ( #3305, #3662, #4971 ) ) REPRESENTATION_CONTEXT ( 'NONE', 'WORKASPACE' ) );
#4449 = COLOUR_RGB ( '',1.000000000000000000, 1.000000000000000000, 1.000000000000000000 ) ;
#4450 =( LENGTH_UNIT ( ) NAMED_UNIT ( * ) SI_UNIT ( .MILLI., .METRE. ) );
#4451 = EDGE_LOOP ( 'NONE', ( #2053, #898, #4423, #4008 ) ) ;
#4452 = FACE_OUTER_BOUND ( 'NONE', #4383, .T. ) ;
#4453 = SURFACE_STYLE_FILL_AREA ( #1959 ) ;
#4454 = PRESENTATION_STYLE_ASSIGNMENT (( #2744 ) ) ;
#4455 = CARTESIAN_POINT ( 'NONE',  ( -0.6515891170994717596, 0.1500081165400486416, 0.5989999999999991998 ) ) ;
#4456 = CARTESIAN_POINT ( 'NONE',  ( 0.7594360488988987079, -0.01935740238728339557, 0.5989999999999995328 ) ) ;
#4457 = ORIENTED_EDGE ( 'NONE', *, *, #3633, .T. ) ;
#4458 = CARTESIAN_POINT ( 'NONE',  ( 2.600000000000000533, -1.600000000000000089, -6.537569945017097435E-16 ) ) ;
#4459 = FACE_OUTER_BOUND ( 'NONE', #1174, .T. ) ;
#4460 = STYLED_ITEM ( 'NONE', ( #2715 ), #2911 ) ;
#4461 = CARTESIAN_POINT ( 'NONE',  ( 0.4716113143661876395, -0.3235041145330797008, 0.5989999999999994218 ) ) ;
#4462 = SURFACE_SIDE_STYLE ('',( #194 ) ) ;
#4463 = CARTESIAN_POINT ( 'NONE',  ( 0.1807022234570966057, 0.3102621192331541100, 0.5989999999999994218 ) ) ;
#4464 = LINE ( 'NONE', #3968, #2032 ) ;
#4465 = CARTESIAN_POINT ( 'NONE',  ( -0.1212084454386107291, -0.02280251385401481021, 0.5989999999999996438 ) ) ;
#4466 = CARTESIAN_POINT ( 'NONE',  ( -1.045271802516929416, 0.2479244568954917793, 0.5989999999999994218 ) ) ;
#4467 = CARTESIAN_POINT ( 'NONE',  ( 0.5652816645539967544, 0.2566796886907410369, 0.5999999999999993117 ) ) ;
#4468 = ORIENTED_EDGE ( 'NONE', *, *, #248, .T. ) ;
#4469 = CARTESIAN_POINT ( 'NONE',  ( 0.6326984973285505465, -0.1590135136712892416, 0.5999999999999994227 ) ) ;
#4470 = DIRECTION ( 'NONE',  ( 0.0000000000000000000, 1.000000000000000000, 0.0000000000000000000 ) ) ;
#4471 = CARTESIAN_POINT ( 'NONE',  ( -0.6800996773056731115, 0.09500904247475643050, 0.5999999999999993117 ) ) ;
#4472 = CARTESIAN_POINT ( 'NONE',  ( 2.600000000000000533, -1.600000000000000089, 0.5999999999999994227 ) ) ;
#4473 = DIRECTION ( 'NONE',  ( 0.0000000000000000000, 1.000000000000000000, 0.0000000000000000000 ) ) ;
#4474 =( NAMED_UNIT ( * ) SI_UNIT ( $, .STERADIAN. ) SOLID_ANGLE_UNIT ( ) );
#4475 = CARTESIAN_POINT ( 'NONE',  ( -0.8322847895299164689, 0.4868854958565307922, 0.5999999999999995337 ) ) ;
#4476 = EDGE_CURVE ( 'NONE', #4528, #431, #253, .T. ) ;
#4477 = EDGE_CURVE ( 'NONE', #3115, #907, #1629, .T. ) ;
#4478 = CARTESIAN_POINT ( 'NONE',  ( -0.4063387541405396597, 0.1893001155039362171, 0.5989999999999993108 ) ) ;
#4479 = PRESENTATION_STYLE_ASSIGNMENT (( #3205 ) ) ;
#4480 = DIRECTION ( 'NONE',  ( 0.0000000000000000000, -1.000000000000000000, -0.0000000000000000000 ) ) ;
#4481 = MECHANICAL_DESIGN_GEOMETRIC_PRESENTATION_REPRESENTATION (  '', ( #1549 ), #4750 ) ;
#4482 = FILL_AREA_STYLE_COLOUR ( '', #817 ) ;
#4483 = CARTESIAN_POINT ( 'NONE',  ( -0.7263260150537831361, 0.03096168355370677860, 0.5999999999999993117 ) ) ;
#4484 =( NAMED_UNIT ( * ) PLANE_ANGLE_UNIT ( ) SI_UNIT ( $, .RADIAN. ) );
#4485 = VERTEX_POINT ( 'NONE', #2423 ) ;
#4486 = CARTESIAN_POINT ( 'NONE',  ( -0.7325590096229374071, 0.3440786106546512291, 0.5999999999999995337 ) ) ;
#4487 = AXIS2_PLACEMENT_3D ( 'NONE', #3197, #4052, #542 ) ;
#4488 = CARTESIAN_POINT ( 'NONE',  ( 0.6614879238159362407, 0.0002166925124949786567, 0.5989999999999996438 ) ) ;
#4489 = CARTESIAN_POINT ( 'NONE',  ( 0.4715516326190994922, -0.3087611222187532922, 0.5989999999999996438 ) ) ;
#4490 = FILL_AREA_STYLE ('',( #676 ) ) ;
#4491 = FILL_AREA_STYLE ('',( #2783 ) ) ;
#4492 = CARTESIAN_POINT ( 'NONE',  ( -0.7570693748978577498, 0.3739285312327009780, 0.5989999999999993108 ) ) ;
#4493 = VERTEX_POINT ( 'NONE', #1577 ) ;
#4494 =( NAMED_UNIT ( * ) PLANE_ANGLE_UNIT ( ) SI_UNIT ( $, .RADIAN. ) );
#4495 = CARTESIAN_POINT ( 'NONE',  ( 0.6311838083247535147, 0.4788299811653591309, 0.5989999999999994218 ) ) ;
#4496 =( NAMED_UNIT ( * ) SI_UNIT ( $, .STERADIAN. ) SOLID_ANGLE_UNIT ( ) );
#4497 = DIRECTION ( 'NONE',  ( 0.7071067811865398012, 0.0000000000000000000, -0.7071067811865552333 ) ) ;
#4498 = CARTESIAN_POINT ( 'NONE',  ( -0.2087438675417924439, 0.1672812492768573911, 0.5989999999999994218 ) ) ;
#4499 = DIRECTION ( 'NONE',  ( 0.0000000000000000000, -0.0000000000000000000, 1.000000000000000000 ) ) ;
#4500 = AXIS2_PLACEMENT_3D ( 'NONE', #3184, #1993, #273 ) ;
#4501 = ORIENTED_EDGE ( 'NONE', *, *, #1981, .T. ) ;
#4502 = CARTESIAN_POINT ( 'NONE',  ( -0.8007854038830746202, 0.07329409115209419012, 0.5989999999999994218 ) ) ;
#4503 = DIRECTION ( 'NONE',  ( -0.0000000000000000000, -0.0000000000000000000, 1.000000000000000000 ) ) ;
#4504 = DIRECTION ( 'NONE',  ( 0.0000000000000000000, 1.000000000000000000, 0.0000000000000000000 ) ) ;
#4505 = CARTESIAN_POINT ( 'NONE',  ( -0.2651618673483134292, -0.2214330708713043161, 0.5999999999999995337 ) ) ;
#4506 = VERTEX_POINT ( 'NONE', #789 ) ;
#4507 =( NAMED_UNIT ( * ) SI_UNIT ( $, .STERADIAN. ) SOLID_ANGLE_UNIT ( ) );
#4508 = CARTESIAN_POINT ( 'NONE',  ( 0.6002321978208668973, -0.2021045449102878699, 0.5999999999999990896 ) ) ;
#4509 = ORIENTED_EDGE ( 'NONE', *, *, #4855, .F. ) ;
#4510 =( NAMED_UNIT ( * ) SI_UNIT ( $, .STERADIAN. ) SOLID_ANGLE_UNIT ( ) );
#4511 = CARTESIAN_POINT ( 'NONE',  ( -0.7128622441086820416, 0.2693595699672963750, 0.5999999999999994227 ) ) ;
#4512 = UNCERTAINTY_MEASURE_WITH_UNIT (LENGTH_MEASURE( 1.000000000000000082E-05 ), #3047, 'distance_accuracy_value', 'NONE');
#4513 = EDGE_CURVE ( 'NONE', #2001, #1351, #336, .T. ) ;
#4514 = CARTESIAN_POINT ( 'NONE',  ( -0.8242131971233018772, 0.4866485630126581308, 0.5999999999999995337 ) ) ;
#4515 = ADVANCED_FACE ( 'NONE', ( #2037, #3331, #3670, #286, #4584 ), #3256, .T. ) ;
#4516 = CARTESIAN_POINT ( 'NONE',  ( 0.5271353183080055294, -0.1570443995873252452, 0.5989999999999994218 ) ) ;
#4517 = DIRECTION ( 'NONE',  ( -1.000000000000000000, 0.0000000000000000000, -1.936075308009830896E-16 ) ) ;
#4518 = DIRECTION ( 'NONE',  ( 0.0000000000000000000, 1.000000000000000000, 0.0000000000000000000 ) ) ;
#4519 = CARTESIAN_POINT ( 'NONE',  ( -0.8228152876768718427, 0.4033624791381225649, 0.5989999999999995328 ) ) ;
#4520 = ORIENTED_EDGE ( 'NONE', *, *, #2668, .T. ) ;
#4521 = CARTESIAN_POINT ( 'NONE',  ( -1.032343170146150735, 0.3285027329664727547, 0.5989999999999991998 ) ) ;
#4522 = CARTESIAN_POINT ( 'NONE',  ( -0.7264039184812207672, 0.3325618825413506618, 0.5999999999999993117 ) ) ;
#4523 = CARTESIAN_POINT ( 'NONE',  ( -1.054392588569781353, -0.2937120445264361224, 0.5999999999999995337 ) ) ;
#4524 = CARTESIAN_POINT ( 'NONE',  ( -0.3470664758681836770, -0.3336982129504051375, 0.5999999999999995337 ) ) ;
#4525 = DIRECTION ( 'NONE',  ( 1.639416541669730747E-13, -1.608757032655658354E-13, 1.000000000000000000 ) ) ;
#4526 = STYLED_ITEM ( 'NONE', ( #5423 ), #700 ) ;
#4527 = CARTESIAN_POINT ( 'NONE',  ( -0.4050111227144975734, 0.1025878715695205529, 0.5989999999999995328 ) ) ;
#4528 = VERTEX_POINT ( 'NONE', #2907 ) ;
#4529 = CARTESIAN_POINT ( 'NONE',  ( 0.7187762611480192909, 0.4861872154142798386, 0.5989999999999994218 ) ) ;
#4530 = CARTESIAN_POINT ( 'NONE',  ( -0.8750784352073009975, -0.1365703459121404284, 0.5989999999999994218 ) ) ;
#4531 = MECHANICAL_DESIGN_GEOMETRIC_PRESENTATION_REPRESENTATION (  '', ( #1593 ), #5070 ) ;
#4532 = SURFACE_STYLE_FILL_AREA ( #3318 ) ;
#4533 = LINE ( 'NONE', #2075, #979 ) ;
#4534 = CARTESIAN_POINT ( 'NONE',  ( 0.6784522527461921415, 0.4034864214212003364, 0.5999999999999993117 ) ) ;
#4535 =( GEOMETRIC_REPRESENTATION_CONTEXT ( 3 ) GLOBAL_UNCERTAINTY_ASSIGNED_CONTEXT ( ( #4512 ) ) GLOBAL_UNIT_ASSIGNED_CONTEXT ( ( #3047, #4336, #90 ) ) REPRESENTATION_CONTEXT ( 'NONE', 'WORKASPACE' ) );
#4536 = CARTESIAN_POINT ( 'NONE',  ( 0.6854937762833451798, 0.02626672796702155324, 0.5999999999999993117 ) ) ;
#4537 = B_SPLINE_CURVE_WITH_KNOTS ( 'NONE', 3,
 ( #3416, #888, #3916, #95, #2123, #1278, #506, #3084, #4669, #856, #3052 ),
 .UNSPECIFIED., .F., .F.,
 ( 4, 1, 1, 1, 1, 1, 1, 1, 4 ),
 ( 0.0000000000000000000, 0.1115694784847084259, 0.2312276298721086809, 0.3616269854306233822, 0.5010346984701855577, 0.6401569435219188753, 0.7693287052360807676, 0.8892759623006157854, 1.000000000000000000 ),
 .UNSPECIFIED. ) ;
#4538 =( GEOMETRIC_REPRESENTATION_CONTEXT ( 3 ) GLOBAL_UNCERTAINTY_ASSIGNED_CONTEXT ( ( #2665 ) ) GLOBAL_UNIT_ASSIGNED_CONTEXT ( ( #396, #2474, #371 ) ) REPRESENTATION_CONTEXT ( 'NONE', 'WORKASPACE' ) );
#4539 = ORIENTED_EDGE ( 'NONE', *, *, #3733, .F. ) ;
#4540 = DIRECTION ( 'NONE',  ( -1.000000000000000000, 0.0000000000000000000, -0.0000000000000000000 ) ) ;
#4541 = ORIENTED_EDGE ( 'NONE', *, *, #284, .F. ) ;
#4542 = MECHANICAL_DESIGN_GEOMETRIC_PRESENTATION_REPRESENTATION (  '', ( #3745 ), #4448 ) ;
#4543 = PRESENTATION_LAYER_ASSIGNMENT (  '', '', ( #1945 ) ) ;
#4544 = CARTESIAN_POINT ( 'NONE',  ( -0.7443822052792958832, 0.4703235106347951611, 0.5999999999999994227 ) ) ;
#4545 = CARTESIAN_POINT ( 'NONE',  ( -3.180000000000000604, -1.600000000000000089, 0.5800000000000001821 ) ) ;
#4546 = CARTESIAN_POINT ( 'NONE',  ( 0.4972246406819736952, -0.2120101229100117834, 0.5999999999999996447 ) ) ;
#4547 = VECTOR ( 'NONE', #4146, 1000.000000000000000 ) ;
#4548 = CARTESIAN_POINT ( 'NONE',  ( -0.5266979190260504540, -0.2008206887783183792, 0.5999999999999993117 ) ) ;
#4549 = MECHANICAL_DESIGN_GEOMETRIC_PRESENTATION_REPRESENTATION (  '', ( #3840 ), #14 ) ;
#4550 = CARTESIAN_POINT ( 'NONE',  ( -1.042753477467316392, 0.2762813519349802682, 0.5999999999999993117 ) ) ;
#4551 = EDGE_CURVE ( 'NONE', #907, #226, #2884, .T. ) ;
#4552 = ADVANCED_FACE ( 'NONE', ( #713 ), #2396, .T. ) ;
#4553 = LINE ( 'NONE', #2000, #1439 ) ;
#4554 = ORIENTED_EDGE ( 'NONE', *, *, #3600, .F. ) ;
#4555 = FILL_AREA_STYLE_COLOUR ( '', #1951 ) ;
#4556 = CARTESIAN_POINT ( 'NONE',  ( -1.030048086590753975, -0.2120101229100117002, 0.5999999999999994227 ) ) ;
#4557 = CARTESIAN_POINT ( 'NONE',  ( 2.600000000000000533, -1.600000000000000089, -6.537569945017097435E-16 ) ) ;
#4558 = CARTESIAN_POINT ( 'NONE',  ( -0.5177590496321098357, -0.2212189112624410314, 0.5999999999999995337 ) ) ;
#4559 = DIRECTION ( 'NONE',  ( 1.000000000000000000, 0.0000000000000000000, -1.639416541669730747E-13 ) ) ;
#4560 = CARTESIAN_POINT ( 'NONE',  ( -0.8178367375818644813, -0.07464047816944333058, 0.5999999999999994227 ) ) ;
#4561 = EDGE_LOOP ( 'NONE', ( #43, #2557, #3471, #859 ) ) ;
#4562 = CARTESIAN_POINT ( 'NONE',  ( -0.3389406336857606061, 0.1232491322201670764, 0.5999999999999995337 ) ) ;
#4563 = CARTESIAN_POINT ( 'NONE',  ( -0.9130578514856084738, -0.1821659835189275989, 0.5999999999999993117 ) ) ;
#4564 = CARTESIAN_POINT ( 'NONE',  ( -0.7856166100845065614, 0.4831473017083331989, 0.5999999999999994227 ) ) ;
#4565 = CARTESIAN_POINT ( 'NONE',  ( -0.2090998697692296460, -0.1179061768656293058, 0.5999999999999993117 ) ) ;
#4566 = CARTESIAN_POINT ( 'NONE',  ( -1.011923158047664417, -0.1759838316869604125, 0.5999999999999996447 ) ) ;
#4567 = DIRECTION ( 'NONE',  ( -0.0000000000000000000, -0.0000000000000000000, 1.000000000000000000 ) ) ;
#4568 = ORIENTED_EDGE ( 'NONE', *, *, #3356, .T. ) ;
#4569 = ORIENTED_EDGE ( 'NONE', *, *, #5228, .F. ) ;
#4570 = VECTOR ( 'NONE', #2544, 1000.000000000000000 ) ;
#4571 = ORIENTED_EDGE ( 'NONE', *, *, #1183, .T. ) ;
#4572 = SURFACE_STYLE_USAGE ( .BOTH. , #324 ) ;
#4573 = CARTESIAN_POINT ( 'NONE',  ( 0.7830005377784967635, 0.1530822246272082188, 0.5989999999999991998 ) ) ;
#4574 =( GEOMETRIC_REPRESENTATION_CONTEXT ( 3 ) GLOBAL_UNCERTAINTY_ASSIGNED_CONTEXT ( ( #2504 ) ) GLOBAL_UNIT_ASSIGNED_CONTEXT ( ( #633, #2327, #1089 ) ) REPRESENTATION_CONTEXT ( 'NONE', 'WORKASPACE' ) );
#4575 = CARTESIAN_POINT ( 'NONE',  ( 0.4790949995776423442, -0.2623152309583700603, 0.5989999999999994218 ) ) ;
#4576 = LINE ( 'NONE', #2902, #5280 ) ;
#4577 = CARTESIAN_POINT ( 'NONE',  ( -0.3410510232961501687, -0.2507768418058070048, 0.5989999999999994218 ) ) ;
#4578 = CARTESIAN_POINT ( 'NONE',  ( -0.1205964778416047656, -0.05110151713048226990, 0.5989999999999994218 ) ) ;
#4579 = CARTESIAN_POINT ( 'NONE',  ( -1.025161088852817759, 0.3519313413877854235, 0.5989999999999995328 ) ) ;
#4580 = CARTESIAN_POINT ( 'NONE',  ( -0.7666311016981259829, 0.3820298670887027348, 0.5999999999999995337 ) ) ;
#4581 =( NAMED_UNIT ( * ) PLANE_ANGLE_UNIT ( ) SI_UNIT ( $, .RADIAN. ) );
#4582 = MECHANICAL_DESIGN_GEOMETRIC_PRESENTATION_REPRESENTATION (  '', ( #3867 ), #1208 ) ;
#4583 = CARTESIAN_POINT ( 'NONE',  ( -0.9502718239104976927, 0.4533688412103442644, 0.5999999999999996447 ) ) ;
#4584 = FACE_BOUND ( 'NONE', #1554, .T. ) ;
#4585 = UNCERTAINTY_MEASURE_WITH_UNIT (LENGTH_MEASURE( 1.000000000000000082E-05 ), #5009, 'distance_accuracy_value', 'NONE');
#4586 = CARTESIAN_POINT ( 'NONE',  ( -0.8750784352073009975, -0.1365703459121404284, 0.5999999999999994227 ) ) ;
#4587 = EDGE_LOOP ( 'NONE', ( #4137, #4789, #4738, #2758 ) ) ;
#4588 = CARTESIAN_POINT ( 'NONE',  ( -0.4438918069393757437, 0.06192847440268832437, 0.5999999999999995337 ) ) ;
#4589 = EDGE_CURVE ( 'NONE', #1740, #5104, #3885, .T. ) ;
#4590 = EDGE_CURVE ( 'NONE', #4695, #4047, #91, .T. ) ;
#4591 = CARTESIAN_POINT ( 'NONE',  ( -0.6687877305392287974, 0.4012489814747350891, 0.5989999999999995328 ) ) ;
#4592 = CARTESIAN_POINT ( 'NONE',  ( -0.2439730444609505833, -0.1984847713122842860, 0.5999999999999995337 ) ) ;
#4593 = CARTESIAN_POINT ( 'NONE',  ( 0.7701004789681714646, 0.1318272022723513126, 0.5999999999999997558 ) ) ;
#4594 =( NAMED_UNIT ( * ) PLANE_ANGLE_UNIT ( ) SI_UNIT ( $, .RADIAN. ) );
#4595 = CARTESIAN_POINT ( 'NONE',  ( 0.7952989112845245678, 0.1783859920615026295, 0.5999999999999994227 ) ) ;
#4596 = B_SPLINE_CURVE_WITH_KNOTS ( 'NONE', 3,
 ( #403, #1228, #5016, #4230, #1198, #3731, #3762 ),
 .UNSPECIFIED., .F., .F.,
 ( 4, 1, 1, 1, 4 ),
 ( 0.0000000000000000000, 0.2544048168317900593, 0.5034877679196703149, 0.7504933180397457271, 1.000000000000000000 ),
 .UNSPECIFIED. ) ;
#4597 = ORIENTED_EDGE ( 'NONE', *, *, #1215, .T. ) ;
#4598 = APPLICATION_PROTOCOL_DEFINITION ( 'draft international standard', 'automotive_design', 1998, #4868 ) ;
#4599 = VERTEX_POINT ( 'NONE', #12 ) ;
#4600 = DIRECTION ( 'NONE',  ( -1.655270492344281308E-16, 0.0000000000000000000, -1.000000000000000000 ) ) ;
#4601 = CARTESIAN_POINT ( 'NONE',  ( 0.7701004789681714646, 0.1318272022723513126, 0.5989999999999997549 ) ) ;
#4602 = CARTESIAN_POINT ( 'NONE',  ( -0.5465705038156307705, -0.1053222963512614879, 0.5999999999999994227 ) ) ;
#4603 = CARTESIAN_POINT ( 'NONE',  ( -0.1537079277549918133, -0.2072646450404293517, 0.5989999999999994218 ) ) ;
#4604 = PRESENTATION_STYLE_ASSIGNMENT (( #1813 ) ) ;
#4605 =( LENGTH_UNIT ( ) NAMED_UNIT ( * ) SI_UNIT ( .MILLI., .METRE. ) );
#4606 = FILL_AREA_STYLE ('',( #4555 ) ) ;
#4607 = FILL_AREA_STYLE_COLOUR ( '', #3138 ) ;
#4608 = CARTESIAN_POINT ( 'NONE',  ( -0.8543854369723991038, 0.4863144744350549886, 0.5999999999999994227 ) ) ;
#4609 = CARTESIAN_POINT ( 'NONE',  ( -0.3605067364534911833, -0.3333133180288246344, 0.5999999999999994227 ) ) ;
#4610 = FACE_OUTER_BOUND ( 'NONE', #1009, .T. ) ;
#4611 = STYLED_ITEM ( 'NONE', ( #318 ), #155 ) ;
#4612 = CARTESIAN_POINT ( 'NONE',  ( 0.8975853403402136443, 0.2626971841682190778, 0.5989999999999994218 ) ) ;
#4613 = PRESENTATION_LAYER_ASSIGNMENT (  '', '', ( #1508 ) ) ;
#4614 = EDGE_CURVE ( 'NONE', #1205, #4094, #1788, .T. ) ;
#4615 = CARTESIAN_POINT ( 'NONE',  ( -0.7442721894942299077, 0.1530822246272082743, 0.5999999999999993117 ) ) ;
#4616 = ORIENTED_EDGE ( 'NONE', *, *, #3667, .F. ) ;
#4617 = EDGE_CURVE ( 'NONE', #4088, #645, #1760, .T. ) ;
#4618 = SURFACE_SIDE_STYLE ('',( #1141 ) ) ;
#4619 = PLANE ( 'NONE',  #5174 ) ;
#4620 = COLOUR_RGB ( '',0.0000000000000000000, 0.0000000000000000000, 0.0000000000000000000 ) ;
#4621 = FILL_AREA_STYLE_COLOUR ( '', #4733 ) ;
#4622 = CARTESIAN_POINT ( 'NONE',  ( 0.6614879238159362407, 0.0002166925124949786567, 0.5999999999999997558 ) ) ;
#4623 = STYLED_ITEM ( 'NONE', ( #1229 ), #1455 ) ;
#4624 = FILL_AREA_STYLE_COLOUR ( '', #1420 ) ;
#4625 = CARTESIAN_POINT ( 'NONE',  ( 0.7702033523748692545, 0.3739285312327010891, 0.5989999999999993108 ) ) ;
#4626 = CARTESIAN_POINT ( 'NONE',  ( 0.5332237029117157245, 0.4109848974171834146, 0.5999999999999996447 ) ) ;
#4627 =( GEOMETRIC_REPRESENTATION_CONTEXT ( 3 ) GLOBAL_UNCERTAINTY_ASSIGNED_CONTEXT ( ( #5399 ) ) GLOBAL_UNIT_ASSIGNED_CONTEXT ( ( #3924, #2366, #515 ) ) REPRESENTATION_CONTEXT ( 'NONE', 'WORKASPACE' ) );
#4628 = CARTESIAN_POINT ( 'NONE',  ( 0.5651178078726810661, 0.2375348465058814140, 0.5989999999999994218 ) ) ;
#4629 = CARTESIAN_POINT ( 'NONE',  ( -0.9621549194000463823, 0.2375348465058814140, 0.5989999999999994218 ) ) ;
#4630 = CARTESIAN_POINT ( 'NONE',  ( -1.038393467938456771, 0.3033696475096696044, 0.5999999999999997558 ) ) ;
#4631 = COLOUR_RGB ( '',0.7686274509803920907, 0.7686274509803920907, 0.7686274509803920907 ) ;
#4632 = COLOUR_RGB ( '',1.000000000000000000, 1.000000000000000000, 1.000000000000000000 ) ;
#4633 = LINE ( 'NONE', #4333, #1084 ) ;
#4634 =( NAMED_UNIT ( * ) PLANE_ANGLE_UNIT ( ) SI_UNIT ( $, .RADIAN. ) );
#4635 = COLOUR_RGB ( '',0.0000000000000000000, 0.0000000000000000000, 0.0000000000000000000 ) ;
#4636 = CARTESIAN_POINT ( 'NONE',  ( -0.9141252474881170764, -0.04985835748003249190, 0.5999999999999994227 ) ) ;
#4637 =( NAMED_UNIT ( * ) PLANE_ANGLE_UNIT ( ) SI_UNIT ( $, .RADIAN. ) );
#4638 = DIRECTION ( 'NONE',  ( -1.000000000000000000, 0.0000000000000000000, 1.655270492344281308E-16 ) ) ;
#4639 = SURFACE_SIDE_STYLE ('',( #2535 ) ) ;
#4640 =( LENGTH_UNIT ( ) NAMED_UNIT ( * ) SI_UNIT ( .MILLI., .METRE. ) );
#4641 = AXIS2_PLACEMENT_3D ( 'NONE', #5147, #3420, #4732 ) ;
#4642 = CARTESIAN_POINT ( 'NONE',  ( -0.4050111227144975734, 0.1025878715695205529, 0.5999999999999996447 ) ) ;
#4643 = CARTESIAN_POINT ( 'NONE',  ( -0.6807064370440908396, 0.4185715134532381754, 0.5999999999999996447 ) ) ;
#4644 =( NAMED_UNIT ( * ) PLANE_ANGLE_UNIT ( ) SI_UNIT ( $, .RADIAN. ) );
#4645 = CARTESIAN_POINT ( 'NONE',  ( 2.600000000000000533, 1.450000000000000178, 0.6000000000000000888 ) ) ;
#4646 = ORIENTED_EDGE ( 'NONE', *, *, #636, .T. ) ;
#4647 = CARTESIAN_POINT ( 'NONE',  ( -0.9141252474881170764, -0.04985835748003249190, 0.5999999999999994227 ) ) ;
#4648 = SURFACE_STYLE_FILL_AREA ( #2106 ) ;
#4649 = ADVANCED_FACE ( 'NONE', ( #2534 ), #4664, .T. ) ;
#4650 = FILL_AREA_STYLE_COLOUR ( '', #1730 ) ;
#4651 = ORIENTED_EDGE ( 'NONE', *, *, #417, .T. ) ;
#4652 = CARTESIAN_POINT ( 'NONE',  ( 0.8849560766861384042, 0.3452295077096059761, 0.5999999999999994227 ) ) ;
#4653 = CARTESIAN_POINT ( 'NONE',  ( 0.8123730788367750089, 0.2935740498880893279, 0.5989999999999993108 ) ) ;
#4654 = CARTESIAN_POINT ( 'NONE',  ( 0.4820009247557979770, 0.2479244568954917793, 0.5999999999999994227 ) ) ;
#4655 = EDGE_CURVE ( 'NONE', #4924, #718, #322, .T. ) ;
#4656 = CARTESIAN_POINT ( 'NONE',  ( 0.7947137176497899302, 0.3440786106546511736, 0.5999999999999994227 ) ) ;
#4657 = CARTESIAN_POINT ( 'NONE',  ( -0.8742074880187402641, 0.3980652263424304671, 0.5989999999999996438 ) ) ;
#4658 = CARTESIAN_POINT ( 'NONE',  ( -1.032343170146150735, 0.3285027329664727547, 0.5989999999999991998 ) ) ;
#4659 = CARTESIAN_POINT ( 'NONE',  ( -0.1239442524663743467, -0.1070365418291211873, 0.5989999999999997549 ) ) ;
#4660 = CARTESIAN_POINT ( 'NONE',  ( 0.6514558925121034516, 0.4835299739023969923, 0.5989999999999994218 ) ) ;
#4661 = LINE ( 'NONE', #3799, #2229 ) ;
#4662 = CARTESIAN_POINT ( 'NONE',  ( -1.000137408964721253, -0.1570443995873251619, 0.5989999999999991998 ) ) ;
#4663 = CARTESIAN_POINT ( 'NONE',  ( -1.006022796216620385, 0.3931929067717434556, 0.5999999999999992006 ) ) ;
#4664 = PLANE ( 'NONE',  #4666 ) ;
#4665 = CARTESIAN_POINT ( 'NONE',  ( -3.180000000000000604, -1.600000000000000089, 0.5800000000000001821 ) ) ;
#4666 = AXIS2_PLACEMENT_3D ( 'NONE', #4252, #5141, #1332 ) ;
#4667 = FILL_AREA_STYLE_COLOUR ( '', #3612 ) ;
#4668 = ORIENTED_EDGE ( 'NONE', *, *, #2631, .F. ) ;
#4669 = CARTESIAN_POINT ( 'NONE',  ( 0.03597764917456001965, 0.1958048151226519928, 0.5989999999999996438 ) ) ;
#4670 = CARTESIAN_POINT ( 'NONE',  ( -0.9141252474881170764, -0.04985835748003249190, 0.5989999999999994218 ) ) ;
#4671 = PLANE ( 'NONE',  #3369 ) ;
#4672 =( GEOMETRIC_REPRESENTATION_CONTEXT ( 3 ) GLOBAL_UNCERTAINTY_ASSIGNED_CONTEXT ( ( #625 ) ) GLOBAL_UNIT_ASSIGNED_CONTEXT ( ( #973, #883, #536 ) ) REPRESENTATION_CONTEXT ( 'NONE', 'WORKASPACE' ) );
#4673 = CARTESIAN_POINT ( 'NONE',  ( -3.180000000000000604, -1.600000000000000089, 0.01999999999999942102 ) ) ;
#4674 = ORIENTED_EDGE ( 'NONE', *, *, #3676, .F. ) ;
#4675 = FACE_OUTER_BOUND ( 'NONE', #4417, .T. ) ;
#4676 = SURFACE_STYLE_USAGE ( .BOTH. , #2578 ) ;
#4677 = DIRECTION ( 'NONE',  ( 0.0000000000000000000, 0.0000000000000000000, 1.000000000000000000 ) ) ;
#4678 = CARTESIAN_POINT ( 'NONE',  ( 0.5250846062886229682, -0.1605117429735937740, 0.5989999999999994218 ) ) ;
#4679 = SURFACE_SIDE_STYLE ('',( #5071 ) ) ;
#4680 = ORIENTED_EDGE ( 'NONE', *, *, #1222, .F. ) ;
#4681 = EDGE_LOOP ( 'NONE', ( #25, #751, #2453, #4520 ) ) ;
#4682 = CARTESIAN_POINT ( 'NONE',  ( -0.4042003739455008460, 0.3725997815708164684, 0.5989999999999994218 ) ) ;
#4683 = CARTESIAN_POINT ( 'NONE',  ( 0.7044574395958557167, 0.4033624791381226204, 0.5989999999999994218 ) ) ;
#4684 = CARTESIAN_POINT ( 'NONE',  ( -0.2517197126340890434, 0.08741682341612147522, 0.5989999999999994218 ) ) ;
#4685 = CARTESIAN_POINT ( 'NONE',  ( 0.01446845722333049700, 0.1855867945578294209, 0.5989999999999993108 ) ) ;
#4686 =( NAMED_UNIT ( * ) PLANE_ANGLE_UNIT ( ) SI_UNIT ( $, .RADIAN. ) );
#4687 = ORIENTED_EDGE ( 'NONE', *, *, #1120, .T. ) ;
#4688 = B_SPLINE_SURFACE_WITH_KNOTS ( 'NONE', 3, 1, ( 
 ( #3981, #4475 ),
 ( #663, #2455 ),
 ( #3705, #5468 ),
 ( #317, #4564 ),
 ( #2042, #1655 ),
 ( #399, #5040 ),
 ( #3758, #3357 ),
 ( #827, #5416 ),
 ( #5014, #2863 ),
 ( #2479, #4643 ),
 ( #4591, #2432 ),
 ( #5065, #1169 ),
 ( #4198, #3291 ),
 ( #2889, #5443 ),
 ( #2074, #4982 ),
 ( #3728, #754 ),
 ( #4142, #4955 ),
 ( #4226, #3677 ),
 ( #773, #2012 ) ),
 .UNSPECIFIED., .F., .F., .F.,
 ( 4, 1, 1, 1, 1, 1, 1, 1, 1, 1, 1, 1, 1, 1, 1, 1, 4 ),
 ( 2, 2 ),
 ( 0.0000000000000000000, 0.07132852292713298681, 0.1388884808472359011, 0.2034880553541793813, 0.2653888690468833578, 0.3261469149304290216, 0.3858495392516023692, 0.4464210050912529315, 0.5085062454043183244, 0.5707165835193889203, 0.6319861944004558918, 0.6929433797704674936, 0.7531646365281635669, 0.8133972833669926850, 0.8747321709322000149, 0.9368339827764059491, 0.9999999999999998890 ),
 ( 0.0000000000000000000, 1.000000000000000000 ),
 .UNSPECIFIED. ) ;
#4689 = CARTESIAN_POINT ( 'NONE',  ( -0.1207940833279796816, -0.06063145290353753186, 0.5989999999999995328 ) ) ;
#4690 = ADVANCED_FACE ( 'NONE', ( #2314 ), #4244, .T. ) ;
#4691 = DIRECTION ( 'NONE',  ( 1.000000000000000000, 0.0000000000000000000, 0.0000000000000000000 ) ) ;
#4692 = CARTESIAN_POINT ( 'NONE',  ( -0.2736063447962485684, 0.1050248480035876064, 0.5989999999999994218 ) ) ;
#4693 =( LENGTH_UNIT ( ) NAMED_UNIT ( * ) SI_UNIT ( .MILLI., .METRE. ) );
#4694 = FILL_AREA_STYLE ('',( #3912 ) ) ;
#4695 = VERTEX_POINT ( 'NONE', #3219 ) ;
#4696 = CARTESIAN_POINT ( 'NONE',  ( -0.2087448669894776121, 0.002511111700478785118, 0.5999999999999993117 ) ) ;
#4697 = CARTESIAN_POINT ( 'NONE',  ( -1.048177727695084993, -0.2623152309583701158, 0.5989999999999994218 ) ) ;
#4698 = CARTESIAN_POINT ( 'NONE',  ( 0.8975853403402136443, -0.3235041145330797008, 0.5989999999999994218 ) ) ;
#4699 = FILL_AREA_STYLE ('',( #894 ) ) ;
#4700 = SURFACE_SIDE_STYLE ('',( #2997 ) ) ;
#4701 = CARTESIAN_POINT ( 'NONE',  ( -0.2775951931577969600, 0.2023446951565619489, 0.5999999999999994227 ) ) ;
#4702 = ORIENTED_EDGE ( 'NONE', *, *, #1715, .T. ) ;
#4703 = ORIENTED_EDGE ( 'NONE', *, *, #3015, .F. ) ;
#4704 = UNCERTAINTY_MEASURE_WITH_UNIT (LENGTH_MEASURE( 1.000000000000000082E-05 ), #3806, 'distance_accuracy_value', 'NONE');
#4705 = CARTESIAN_POINT ( 'NONE',  ( 0.8971463964660443269, 0.2840300874361457728, 0.5989999999999996438 ) ) ;
#4706 = MECHANICAL_DESIGN_GEOMETRIC_PRESENTATION_REPRESENTATION (  '', ( #3557 ), #2026 ) ;
#4707 = FILL_AREA_STYLE ('',( #2191 ) ) ;
#4708 = CARTESIAN_POINT ( 'NONE',  ( -0.8828416285883217141, -0.01742567407984661754, 0.5999999999999994227 ) ) ;
#4709 = CARTESIAN_POINT ( 'NONE',  ( -0.2249326377132906396, 0.05049072060263529865, 0.5989999999999994218 ) ) ;
#4710 = COLOUR_RGB ( '',1.000000000000000000, 1.000000000000000000, 1.000000000000000000 ) ;
#4711 = PRESENTATION_STYLE_ASSIGNMENT (( #1804 ) ) ;
#4712 = CARTESIAN_POINT ( 'NONE',  ( -0.8742074880187402641, 0.3980652263424304671, 0.5999999999999996447 ) ) ;
#4713 = ORIENTED_EDGE ( 'NONE', *, *, #2606, .T. ) ;
#4714 = LINE ( 'NONE', #469, #4238 ) ;
#4715 = CARTESIAN_POINT ( 'NONE',  ( -0.8917003739455009459, -0.02658853011749527998, 0.5999999999999994227 ) ) ;
#4716 = MECHANICAL_DESIGN_GEOMETRIC_PRESENTATION_REPRESENTATION (  '', ( #3560 ), #5504 ) ;
#4717 = FILL_AREA_STYLE_COLOUR ( '', #2579 ) ;
#4718 = FACE_OUTER_BOUND ( 'NONE', #1230, .T. ) ;
#4719 = CARTESIAN_POINT ( 'NONE',  ( -1.011923158047664417, -0.1759838316869604125, 0.5989999999999996438 ) ) ;
#4720 = EDGE_CURVE ( 'NONE', #2718, #2482, #4576, .T. ) ;
#4721 = PRESENTATION_STYLE_ASSIGNMENT (( #2176 ) ) ;
#4722 = EDGE_CURVE ( 'NONE', #718, #454, #4051, .T. ) ;
#4723 = STYLED_ITEM ( 'NONE', ( #2695 ), #3265 ) ;
#4724 = CARTESIAN_POINT ( 'NONE',  ( -2.620000000000000107, -1.600000000000000089, 0.5800000000000001821 ) ) ;
#4725 = DIRECTION ( 'NONE',  ( -1.000000000000000000, 0.0000000000000000000, 0.0000000000000000000 ) ) ;
#4726 =( GEOMETRIC_REPRESENTATION_CONTEXT ( 3 ) GLOBAL_UNCERTAINTY_ASSIGNED_CONTEXT ( ( #734 ) ) GLOBAL_UNIT_ASSIGNED_CONTEXT ( ( #329, #3326, #2903 ) ) REPRESENTATION_CONTEXT ( 'NONE', 'WORKASPACE' ) );
#4727 = PLANE ( 'NONE',  #2785 ) ;
#4728 = FILL_AREA_STYLE_COLOUR ( '', #4974 ) ;
#4729 = VERTEX_POINT ( 'NONE', #2815 ) ;
#4730 = CARTESIAN_POINT ( 'NONE',  ( 0.5737685287781633114, 0.3083447744437439741, 0.5989999999999993108 ) ) ;
#4731 = LINE ( 'NONE', #2244, #2400 ) ;
#4732 = DIRECTION ( 'NONE',  ( 0.0000000000000000000, -0.0000000000000000000, 1.000000000000000000 ) ) ;
#4733 = COLOUR_RGB ( '',0.7686274509803920907, 0.7686274509803920907, 0.7686274509803920907 ) ;
#4734 =( NAMED_UNIT ( * ) PLANE_ANGLE_UNIT ( ) SI_UNIT ( $, .RADIAN. ) );
#4735 = CARTESIAN_POINT ( 'NONE',  ( -0.4626099861378585310, -0.1012767428721657037, 0.5999999999999994227 ) ) ;
#4736 = CARTESIAN_POINT ( 'NONE',  ( -0.1931320658393165524, 0.1531419645470935009, 0.5999999999999993117 ) ) ;
#4737 = ORIENTED_EDGE ( 'NONE', *, *, #1360, .F. ) ;
#4738 = ORIENTED_EDGE ( 'NONE', *, *, #1052, .F. ) ;
#4739 = CARTESIAN_POINT ( 'NONE',  ( -0.6296873869325138040, -0.3235041145330797008, 0.5989999999999994218 ) ) ;
#4740 = CARTESIAN_POINT ( 'NONE',  ( 0.1261883509289303262, 0.2570325050704856396, 0.5999999999999997558 ) ) ;
#4741 = ORIENTED_EDGE ( 'NONE', *, *, #2431, .F. ) ;
#4742 = DIRECTION ( 'NONE',  ( 1.000000000000000000, 0.0000000000000000000, 1.936075308009830896E-16 ) ) ;
#4743 = CARTESIAN_POINT ( 'NONE',  ( -2.600000000000000533, -1.600000000000000089, -1.694065894508600678E-17 ) ) ;
#4744 = CARTESIAN_POINT ( 'NONE',  ( -0.5339359957895878361, -0.1789968789445023911, 0.5989999999999994218 ) ) ;
#4745 = UNCERTAINTY_MEASURE_WITH_UNIT (LENGTH_MEASURE( 1.000000000000000082E-05 ), #1888, 'distance_accuracy_value', 'NONE');
#4746 =( NAMED_UNIT ( * ) PLANE_ANGLE_UNIT ( ) SI_UNIT ( $, .RADIAN. ) );
#4747 = CARTESIAN_POINT ( 'NONE',  ( -0.2087438675417924439, 0.1672812492768573911, 0.5989999999999994218 ) ) ;
#4748 = FILL_AREA_STYLE ('',( #3441 ) ) ;
#4749 = CARTESIAN_POINT ( 'NONE',  ( -0.8945742299441765688, -0.1590135136712891861, 0.5989999999999991998 ) ) ;
#4750 =( GEOMETRIC_REPRESENTATION_CONTEXT ( 3 ) GLOBAL_UNCERTAINTY_ASSIGNED_CONTEXT ( ( #1846 ) ) GLOBAL_UNIT_ASSIGNED_CONTEXT ( ( #1543, #4069, #5372 ) ) REPRESENTATION_CONTEXT ( 'NONE', 'WORKASPACE' ) );
#4751 = ORIENTED_EDGE ( 'NONE', *, *, #2154, .T. ) ;
#4752 = CARTESIAN_POINT ( 'NONE',  ( 0.4820009247557979770, 0.2479244568954917793, 0.5989999999999994218 ) ) ;
#4753 = CARTESIAN_POINT ( 'NONE',  ( 0.8922162757025233759, 0.2055074383763478563, 0.5989999999999991998 ) ) ;
#4754 = CARTESIAN_POINT ( 'NONE',  ( -0.2705336710519598564, -0.3227041879676298408, 0.5999999999999995337 ) ) ;
#4755 = ORIENTED_EDGE ( 'NONE', *, *, #1818, .F. ) ;
#4756 = CARTESIAN_POINT ( 'NONE',  ( 2.620000000000000995, -1.600000000000000089, 0.5799999999999994049 ) ) ;
#4757 = STYLED_ITEM ( 'NONE', ( #4853 ), #4690 ) ;
#4758 = ADVANCED_FACE ( 'NONE', ( #5317 ), #327, .T. ) ;
#4759 = ADVANCED_FACE ( 'NONE', ( #5430 ), #2948, .T. ) ;
#4760 = CARTESIAN_POINT ( 'NONE',  ( 0.6530652392539876283, 0.3980652263424302451, 0.5989999999999993108 ) ) ;
#4761 = PRESENTATION_LAYER_ASSIGNMENT (  '', '', ( #1642 ) ) ;
#4762 = CARTESIAN_POINT ( 'NONE',  ( -0.4201788326080309055, -0.2122666693069364119, 0.5999999999999995337 ) ) ;
#4763 = CARTESIAN_POINT ( 'NONE',  ( -0.6296873869325138040, -0.2299976210265861909, 0.5999999999999994227 ) ) ;
#4764 = CARTESIAN_POINT ( 'NONE',  ( 0.1088388663118925320, 0.3476772659593863057, 0.5999999999999992006 ) ) ;
#4765 = AXIS2_PLACEMENT_3D ( 'NONE', #2930, #365, #4104 ) ;
#4766 = CARTESIAN_POINT ( 'NONE',  ( 0.7792764073061704266, 0.3649107585221800232, 0.5999999999999995337 ) ) ;
#4767 = VERTEX_POINT ( 'NONE', #3824 ) ;
#4768 = CARTESIAN_POINT ( 'NONE',  ( -0.7691198927114794026, 0.1137630903910496205, 0.5999999999999994227 ) ) ;
#4769 = CARTESIAN_POINT ( 'NONE',  ( 0.6355723533272266135, -0.02658853011749528344, 0.5989999999999995328 ) ) ;
#4770 = CARTESIAN_POINT ( 'NONE',  ( -0.8311430794365725072, 0.4036318927356682407, 0.5989999999999994218 ) ) ;
#4771 = CARTESIAN_POINT ( 'NONE',  ( -0.4173433051814026129, -0.3191263887283072864, 0.5989999999999993108 ) ) ;
#4772 = LINE ( 'NONE', #2178, #3473 ) ;
#4773 = ORIENTED_EDGE ( 'NONE', *, *, #3127, .F. ) ;
#4774 = CARTESIAN_POINT ( 'NONE',  ( -0.4626099861378585310, -0.1012767428721657037, 0.5999999999999994227 ) ) ;
#4775 = SURFACE_STYLE_USAGE ( .BOTH. , #2570 ) ;
#4776 = PRESENTATION_STYLE_ASSIGNMENT (( #978 ) ) ;
#4777 = ORIENTED_EDGE ( 'NONE', *, *, #5172, .F. ) ;
#4778 = DIRECTION ( 'NONE',  ( -1.000000000000000000, 0.0000000000000000000, 0.0000000000000000000 ) ) ;
#4779 = PRESENTATION_STYLE_ASSIGNMENT (( #3894 ) ) ;
#4780 = ADVANCED_FACE ( 'NONE', ( #3405 ), #405, .T. ) ;
#4781 = ADVANCED_FACE ( 'NONE', ( #1432 ), #1378, .T. ) ;
#4782 = CARTESIAN_POINT ( 'NONE',  ( -0.3157263479714747523, 0.2063660153370502348, 0.5989999999999994218 ) ) ;
#4783 = ORIENTED_EDGE ( 'NONE', *, *, #3432, .F. ) ;
#4784 =( NAMED_UNIT ( * ) SI_UNIT ( $, .STERADIAN. ) SOLID_ANGLE_UNIT ( ) );
#4785 = CARTESIAN_POINT ( 'NONE',  ( -0.3273144076537867209, -0.2503277384763761271, 0.5989999999999993108 ) ) ;
#4786 = MECHANICAL_DESIGN_GEOMETRIC_PRESENTATION_REPRESENTATION (  '', ( #607 ), #1148 ) ;
#4787 = CARTESIAN_POINT ( 'NONE',  ( -0.8971504297437719044, 0.3870908391879087085, 0.5999999999999994227 ) ) ;
#4788 = CARTESIAN_POINT ( 'NONE',  ( 0.8881091876127847895, 0.1867388797968761449, 0.5989999999999996438 ) ) ;
#4789 = ORIENTED_EDGE ( 'NONE', *, *, #3868, .F. ) ;
#4790 =( NAMED_UNIT ( * ) SI_UNIT ( $, .STERADIAN. ) SOLID_ANGLE_UNIT ( ) );
#4791 = CARTESIAN_POINT ( 'NONE',  ( -0.7442721894942299077, 0.1530822246272082743, 0.5999999999999993117 ) ) ;
#4792 = CARTESIAN_POINT ( 'NONE',  ( 0.5923583511377197297, -0.07296912346077934208, 0.5999999999999996447 ) ) ;
#4793 = UNCERTAINTY_MEASURE_WITH_UNIT (LENGTH_MEASURE( 1.000000000000000082E-05 ), #1977, 'distance_accuracy_value', 'NONE');
#4794 = CARTESIAN_POINT ( 'NONE',  ( -0.3110369421831359338, 0.1206648928603330367, 0.5999999999999994227 ) ) ;
#4795 = PRESENTATION_LAYER_ASSIGNMENT (  '', '', ( #1672 ) ) ;
#4796 = SURFACE_STYLE_USAGE ( .BOTH. , #2644 ) ;
#4797 = SURFACE_SIDE_STYLE ('',( #3104 ) ) ;
#4798 = CARTESIAN_POINT ( 'NONE',  ( -0.4511305799956825680, -0.3000110776576915272, 0.5989999999999991998 ) ) ;
#4799 = LINE ( 'NONE', #535, #2309 ) ;
#4800 = SURFACE_SIDE_STYLE ('',( #119 ) ) ;
#4801 = COLOUR_RGB ( '',1.000000000000000000, 1.000000000000000000, 1.000000000000000000 ) ;
#4802 = CARTESIAN_POINT ( 'NONE',  ( 0.7702033523748692545, 0.3739285312327010891, 0.5989999999999993108 ) ) ;
#4803 = ORIENTED_EDGE ( 'NONE', *, *, #2018, .T. ) ;
#4804 = CARTESIAN_POINT ( 'NONE',  ( -0.3834453181169559799, -0.2413591388647113589, 0.5989999999999994218 ) ) ;
#4805 = MANIFOLD_SOLID_BREP ( 'Boss-Extrude3', #1586 ) ;
#4806 = CARTESIAN_POINT ( 'NONE',  ( 0.5939687804603469568, 0.4636822575454032092, 0.5999999999999993117 ) ) ;
#4807 = VECTOR ( 'NONE', #2682, 1000.000000000000000 ) ;
#4808 = CARTESIAN_POINT ( 'NONE',  ( -0.2040454955758463640, -0.07733435609716245163, 0.5989999999999995328 ) ) ;
#4809 = UNCERTAINTY_MEASURE_WITH_UNIT (LENGTH_MEASURE( 1.000000000000000082E-05 ), #3370, 'distance_accuracy_value', 'NONE');
#4810 = CARTESIAN_POINT ( 'NONE',  ( -0.2964480406313594330, 0.2056862319272120265, 0.5999999999999994227 ) ) ;
#4811 = ORIENTED_EDGE ( 'NONE', *, *, #952, .T. ) ;
#4812 =( GEOMETRIC_REPRESENTATION_CONTEXT ( 3 ) GLOBAL_UNCERTAINTY_ASSIGNED_CONTEXT ( ( #4240 ) ) GLOBAL_UNIT_ASSIGNED_CONTEXT ( ( #16, #2153, #1334 ) ) REPRESENTATION_CONTEXT ( 'NONE', 'WORKASPACE' ) );
#4813 = FILL_AREA_STYLE_COLOUR ( '', #4378 ) ;
#4814 =( GEOMETRIC_REPRESENTATION_CONTEXT ( 3 ) GLOBAL_UNCERTAINTY_ASSIGNED_CONTEXT ( ( #2572 ) ) GLOBAL_UNIT_ASSIGNED_CONTEXT ( ( #4605, #4494, #3253 ) ) REPRESENTATION_CONTEXT ( 'NONE', 'WORKASPACE' ) );
#4815 = VECTOR ( 'NONE', #1061, 1000.000000000000000 ) ;
#4816 = ORIENTED_EDGE ( 'NONE', *, *, #3298, .F. ) ;
#4817 = CARTESIAN_POINT ( 'NONE',  ( -0.3731413078260957805, 0.1184540034199079578, 0.5999999999999995337 ) ) ;
#4818 = SURFACE_SIDE_STYLE ('',( #4453 ) ) ;
#4819 = MECHANICAL_DESIGN_GEOMETRIC_PRESENTATION_REPRESENTATION (  '', ( #4287 ), #3755 ) ;
#4820 =( GEOMETRIC_REPRESENTATION_CONTEXT ( 3 ) GLOBAL_UNCERTAINTY_ASSIGNED_CONTEXT ( ( #4062 ) ) GLOBAL_UNIT_ASSIGNED_CONTEXT ( ( #3763, #1255, #2919 ) ) REPRESENTATION_CONTEXT ( 'NONE', 'WORKASPACE' ) );
#4821 = LINE ( 'NONE', #5236, #2669 ) ;
#4822 = LINE ( 'NONE', #5188, #3485 ) ;
#4823 = ADVANCED_FACE ( 'NONE', ( #4989 ), #5090, .T. ) ;
#4824 = VERTEX_POINT ( 'NONE', #2161 ) ;
#4825 = DIRECTION ( 'NONE',  ( -0.0000000000000000000, -0.0000000000000000000, 1.000000000000000000 ) ) ;
#4826 = FACE_OUTER_BOUND ( 'NONE', #2969, .T. ) ;
#4827 = CARTESIAN_POINT ( 'NONE',  ( 0.4972246406819736952, -0.2120101229100117834, 0.5999999999999996447 ) ) ;
#4828 = EDGE_CURVE ( 'NONE', #3191, #4088, #1288, .T. ) ;
#4829 = CARTESIAN_POINT ( 'NONE',  ( 0.01446845722333049700, 0.1855867945578294209, 0.5989999999999994218 ) ) ;
#4830 = DIRECTION ( 'NONE',  ( 0.0000000000000000000, -1.000000000000000000, 0.0000000000000000000 ) ) ;
#4831 = CARTESIAN_POINT ( 'NONE',  ( -0.5177590496321098357, -0.2212189112624410314, 0.5989999999999995328 ) ) ;
#4832 = CARTESIAN_POINT ( 'NONE',  ( 0.0000000000000000000, 1.600000000000000089, 0.0000000000000000000 ) ) ;
#4833 = CARTESIAN_POINT ( 'NONE',  ( -0.8860247615558957124, 0.3932538803962949969, 0.5989999999999993108 ) ) ;
#4834 = CARTESIAN_POINT ( 'NONE',  ( 0.7503424863838124015, 0.3885867124920613924, 0.5989999999999993108 ) ) ;
#4835 = EDGE_LOOP ( 'NONE', ( #3720, #4541, #2869, #5159 ) ) ;
#4836 = CARTESIAN_POINT ( 'NONE',  ( -0.3447382577658151814, -0.2506437860470583368, 0.5989999999999993108 ) ) ;
#4837 = VERTEX_POINT ( 'NONE', #1660 ) ;
#4838 =( GEOMETRIC_REPRESENTATION_CONTEXT ( 3 ) GLOBAL_UNCERTAINTY_ASSIGNED_CONTEXT ( ( #1410 ) ) GLOBAL_UNIT_ASSIGNED_CONTEXT ( ( #1223, #798, #4166 ) ) REPRESENTATION_CONTEXT ( 'NONE', 'WORKASPACE' ) );
#4839 =( NAMED_UNIT ( * ) PLANE_ANGLE_UNIT ( ) SI_UNIT ( $, .RADIAN. ) );
#4840 = PLANE ( 'NONE',  #2920 ) ;
#4841 = PRESENTATION_LAYER_ASSIGNMENT (  '', '', ( #4936 ) ) ;
#4842 = ORIENTED_EDGE ( 'NONE', *, *, #5359, .F. ) ;
#4843 = LINE ( 'NONE', #3539, #4002 ) ;
#4844 = CARTESIAN_POINT ( 'NONE',  ( -0.3768538047486300613, 0.1991695675494296325, 0.5989999999999996438 ) ) ;
#4845 = CARTESIAN_POINT ( 'NONE',  ( -0.7085575939931010314, 0.05364380759707939456, 0.5999999999999995337 ) ) ;
#4846 = ORIENTED_EDGE ( 'NONE', *, *, #5323, .F. ) ;
#4847 = CARTESIAN_POINT ( 'NONE',  ( 2.640000000000000568, -1.600000000000000089, 0.6000000000000000888 ) ) ;
#4848 = MECHANICAL_DESIGN_GEOMETRIC_PRESENTATION_REPRESENTATION (  '', ( #42 ), #2526 ) ;
#4849 = DIRECTION ( 'NONE',  ( -7.803232871773135619E-14, -3.158860567750029676E-16, 1.000000000000000000 ) ) ;
#4850 = B_SPLINE_CURVE_WITH_KNOTS ( 'NONE', 3,
 ( #3970, #2683, #999, #148, #1872, #4833, #1838, #1896, #3550, #3526, #4394, #5247, #1409, #1028, #1493, #1049, #4416, #199, #597 ),
 .UNSPECIFIED., .F., .F.,
 ( 4, 1, 1, 1, 1, 1, 1, 1, 1, 1, 1, 1, 1, 1, 1, 1, 4 ),
 ( 0.0000000000000000000, 0.05804926609053278480, 0.1133148320836877276, 0.1675622724459463475, 0.2211424480951691973, 0.2755171013253206458, 0.3295224528313861478, 0.3857580765321463323, 0.4438934661352176292, 0.5036774965383465918, 0.5646453277561697126, 0.6280046557190155365, 0.6950187707529337233, 0.7646653028278005415, 0.8387700575937288017, 0.9171404580728560463, 0.9999999999999998890 ),
 .UNSPECIFIED. ) ;
#4851 = CARTESIAN_POINT ( 'NONE',  ( 0.7828905219934320092, 0.4703235106347954386, 0.5999999999999997558 ) ) ;
#4852 = FACE_OUTER_BOUND ( 'NONE', #1840, .T. ) ;
#4853 = PRESENTATION_STYLE_ASSIGNMENT (( #3168 ) ) ;
#4854 = FILL_AREA_STYLE_COLOUR ( '', #911 ) ;
#4855 = EDGE_CURVE ( 'NONE', #5240, #1145, #1258, .T. ) ;
#4856 = CARTESIAN_POINT ( 'NONE',  ( 0.5846929400152487410, 0.3370397902646605215, 0.5999999999999992006 ) ) ;
#4857 = ADVANCED_FACE ( 'NONE', ( #1744 ), #3816, .T. ) ;
#4858 = UNCERTAINTY_MEASURE_WITH_UNIT (LENGTH_MEASURE( 1.000000000000000082E-05 ), #3211, 'distance_accuracy_value', 'NONE');
#4859 = EDGE_LOOP ( 'NONE', ( #5309, #1309, #468, #4178, #3121, #1973, #778 ) ) ;
#4860 = CARTESIAN_POINT ( 'NONE',  ( -0.3733070382175617818, -0.2456291466887745023, 0.5999999999999995337 ) ) ;
#4861 = CARTESIAN_POINT ( 'NONE',  ( 0.6949879377428108684, 0.4868854958565307922, 0.5989999999999994218 ) ) ;
#4862 = LINE ( 'NONE', #1552, #2389 ) ;
#4863 = UNCERTAINTY_MEASURE_WITH_UNIT (LENGTH_MEASURE( 1.000000000000000082E-05 ), #4156, 'distance_accuracy_value', 'NONE');
#4864 = VERTEX_POINT ( 'NONE', #4763 ) ;
#4865 = PRESENTATION_STYLE_ASSIGNMENT (( #4676 ) ) ;
#4866 = MANIFOLD_SOLID_BREP ( 'Cut-Extrude1[1]', #1503 ) ;
#4867 = SURFACE_STYLE_FILL_AREA ( #3645 ) ;
#4868 = APPLICATION_CONTEXT ( 'automotive_design' ) ;
#4869 = ORIENTED_EDGE ( 'NONE', *, *, #4891, .F. ) ;
#4870 = CARTESIAN_POINT ( 'NONE',  ( -0.3561820380445125389, 0.1224996533456459286, 0.5999999999999993117 ) ) ;
#4871 = PLANE ( 'NONE',  #1690 ) ;
#4872 = CARTESIAN_POINT ( 'NONE',  ( -0.6350564515702031843, 0.2055074383763478285, 0.5999999999999992006 ) ) ;
#4873 = CARTESIAN_POINT ( 'NONE',  ( 0.8471730499670537817, 0.09500904247475640274, 0.5999999999999993117 ) ) ;
#4874 = ORIENTED_EDGE ( 'NONE', *, *, #922, .F. ) ;
#4875 = CARTESIAN_POINT ( 'NONE',  ( -0.1517653090104358338, 0.3725997815708164684, 0.5999999999999994227 ) ) ;
#4876 = CARTESIAN_POINT ( 'NONE',  ( -0.6449915258030597398, 0.1683365304416480357, 0.5989999999999994218 ) ) ;
#4877 =( GEOMETRIC_REPRESENTATION_CONTEXT ( 3 ) GLOBAL_UNCERTAINTY_ASSIGNED_CONTEXT ( ( #1032 ) ) GLOBAL_UNIT_ASSIGNED_CONTEXT ( ( #1480, #2329, #1504 ) ) REPRESENTATION_CONTEXT ( 'NONE', 'WORKASPACE' ) );
#4878 = CARTESIAN_POINT ( 'NONE',  ( -0.8084964661247081574, 0.4861872154142798386, 0.5989999999999995328 ) ) ;
#4879 = VECTOR ( 'NONE', #5153, 1000.000000000000000 ) ;
#4880 = LINE ( 'NONE', #3522, #2321 ) ;
#4881 = CARTESIAN_POINT ( 'NONE',  ( -0.4573045295089953610, -0.1314380033785252921, 0.5989999999999993108 ) ) ;
#4882 = CARTESIAN_POINT ( 'NONE',  ( -0.1648654115453548896, 0.1187097981505158412, 0.5989999999999994218 ) ) ;
#4883 = PRESENTATION_STYLE_ASSIGNMENT (( #2316 ) ) ;
#4884 = CARTESIAN_POINT ( 'NONE',  ( 0.6919035221583953454, 0.4037686127396476476, 0.5989999999999994218 ) ) ;
#4885 = CARTESIAN_POINT ( 'NONE',  ( 0.7397292317125763184, 0.3942945792464228050, 0.5989999999999993108 ) ) ;
#4886 = ORIENTED_EDGE ( 'NONE', *, *, #1715, .F. ) ;
#4887 = MECHANICAL_DESIGN_GEOMETRIC_PRESENTATION_REPRESENTATION (  '', ( #2211 ), #792 ) ;
#4888 = CARTESIAN_POINT ( 'NONE',  ( -0.3628219032854441695, -0.2485193051836111777, 0.5989999999999993108 ) ) ;
#4889 = CARTESIAN_POINT ( 'NONE',  ( 0.6728872903003282335, 0.4863144744350552107, 0.5999999999999995337 ) ) ;
#4890 = EDGE_CURVE ( 'NONE', #3788, #4410, #516, .T. ) ;
#4891 = EDGE_CURVE ( 'NONE', #100, #4094, #3509, .T. ) ;
#4892 = CARTESIAN_POINT ( 'NONE',  ( -0.3273144076537867209, -0.2503277384763761271, 0.5989999999999993108 ) ) ;
#4893 = VECTOR ( 'NONE', #4152, 1000.000000000000227 ) ;
#4894 = CARTESIAN_POINT ( 'NONE',  ( -0.1212084454386107291, -0.02280251385401481021, 0.5989999999999996438 ) ) ;
#4895 = ORIENTED_EDGE ( 'NONE', *, *, #5062, .F. ) ;
#4896 = PRESENTATION_LAYER_ASSIGNMENT (  '', '', ( #3116 ) ) ;
#4897 = CARTESIAN_POINT ( 'NONE',  ( -0.8178367375818644813, -0.07464047816944333058, 0.5999999999999994227 ) ) ;
#4898 = CARTESIAN_POINT ( 'NONE',  ( 0.7594360488988987079, -0.01935740238728339557, 0.5999999999999995337 ) ) ;
#4899 = VECTOR ( 'NONE', #4518, 1000.000000000000000 ) ;
#4900 = ORIENTED_EDGE ( 'NONE', *, *, #3900, .T. ) ;
#4901 = SURFACE_STYLE_FILL_AREA ( #2300 ) ;
#4902 = FACE_OUTER_BOUND ( 'NONE', #2954, .T. ) ;
#4903 = CARTESIAN_POINT ( 'NONE',  ( 0.5858970286519020743, -0.2299976210265862187, 0.5989999999999994218 ) ) ;
#4904 = PRESENTATION_LAYER_ASSIGNMENT (  '', '', ( #4188 ) ) ;
#4905 = STYLED_ITEM ( 'NONE', ( #878 ), #2293 ) ;
#4906 = FILL_AREA_STYLE ('',( #1062 ) ) ;
#4907 = FILL_AREA_STYLE_COLOUR ( '', #2516 ) ;
#4908 = ORIENTED_EDGE ( 'NONE', *, *, #1674, .F. ) ;
#4909 =( GEOMETRIC_REPRESENTATION_CONTEXT ( 3 ) GLOBAL_UNCERTAINTY_ASSIGNED_CONTEXT ( ( #1082 ) ) GLOBAL_UNIT_ASSIGNED_CONTEXT ( ( #2035, #4581, #4496 ) ) REPRESENTATION_CONTEXT ( 'NONE', 'WORKASPACE' ) );
#4910 = PLANE ( 'NONE',  #268 ) ;
#4911 = LINE ( 'NONE', #1488, #1785 ) ;
#4912 = COLOUR_RGB ( '',1.000000000000000000, 1.000000000000000000, 1.000000000000000000 ) ;
#4913 = CARTESIAN_POINT ( 'NONE',  ( -0.2705336710519598564, -0.3227041879676298408, 0.5989999999999995328 ) ) ;
#4914 = FACE_OUTER_BOUND ( 'NONE', #929, .T. ) ;
#4915 = FACE_OUTER_BOUND ( 'NONE', #1936, .T. ) ;
#4916 = CARTESIAN_POINT ( 'NONE',  ( -0.8353692051143321029, 0.4037686127396476476, 0.5989999999999994218 ) ) ;
#4917 = EDGE_LOOP ( 'NONE', ( #381, #1775, #1476, #3812 ) ) ;
#4918 = FILL_AREA_STYLE_COLOUR ( '', #2673 ) ;
#4919 = SURFACE_STYLE_USAGE ( .BOTH. , #3174 ) ;
#4920 = CARTESIAN_POINT ( 'NONE',  ( -2.600000000000000533, -1.600000000000000089, 0.6000000000000000888 ) ) ;
#4921 = CARTESIAN_POINT ( 'NONE',  ( -0.1529599522146159185, 0.09890643459075901256, 0.5999999999999996447 ) ) ;
#4922 = UNCERTAINTY_MEASURE_WITH_UNIT (LENGTH_MEASURE( 1.000000000000000082E-05 ), #2680, 'distance_accuracy_value', 'NONE');
#4923 = CARTESIAN_POINT ( 'NONE',  ( -0.1212084454386107291, -0.02280251385401481021, 0.5999999999999996447 ) ) ;
#4924 = VERTEX_POINT ( 'NONE', #4782 ) ;
#4925 = CARTESIAN_POINT ( 'NONE',  ( -0.2439730444609505833, -0.1984847713122842860, 0.5999999999999996447 ) ) ;
#4926 = CARTESIAN_POINT ( 'NONE',  ( 0.1807022234570966057, 0.3102621192331541100, 0.5989999999999994218 ) ) ;
#4927 = PRESENTATION_LAYER_ASSIGNMENT (  '', '', ( #657 ) ) ;
#4928 = CARTESIAN_POINT ( 'NONE',  ( 0.8471730499670537817, 0.09500904247475640274, 0.5999999999999993117 ) ) ;
#4929 = SURFACE_STYLE_FILL_AREA ( #4983 ) ;
#4930 = EDGE_CURVE ( 'NONE', #3818, #4014, #984, .T. ) ;
#4931 = EDGE_CURVE ( 'NONE', #2721, #3684, #547, .T. ) ;
#4932 = VECTOR ( 'NONE', #4425, 1000.000000000000000 ) ;
#4933 = VECTOR ( 'NONE', #4638, 1000.000000000000000 ) ;
#4934 = ORIENTED_EDGE ( 'NONE', *, *, #3390, .T. ) ;
#4935 = CARTESIAN_POINT ( 'NONE',  ( -0.7261712703164366900, 0.4605005352256767992, 0.5989999999999991998 ) ) ;
#4936 = STYLED_ITEM ( 'NONE', ( #3723 ), #4552 ) ;
#4937 = CARTESIAN_POINT ( 'NONE',  ( 0.8971463964660443269, 0.2840300874361457728, 0.5999999999999996447 ) ) ;
#4938 = SURFACE_STYLE_USAGE ( .BOTH. , #3245 ) ;
#4939 = CARTESIAN_POINT ( 'NONE',  ( -0.3447382577658151814, -0.2506437860470583368, 0.5989999999999993108 ) ) ;
#4940 = CARTESIAN_POINT ( 'NONE',  ( -0.5339359957895878361, -0.1789968789445023911, 0.5989999999999994218 ) ) ;
#4941 = MECHANICAL_DESIGN_GEOMETRIC_PRESENTATION_REPRESENTATION (  '', ( #2434 ), #300 ) ;
#4942 = CARTESIAN_POINT ( 'NONE',  ( 0.1598967325328770062, 0.4029839553346364345, 0.5989999999999991998 ) ) ;
#4943 = DIRECTION ( 'NONE',  ( 0.7071067811865474617, 0.0000000000000000000, 0.7071067811865474617 ) ) ;
#4944 = ORIENTED_EDGE ( 'NONE', *, *, #5170, .F. ) ;
#4945 = CARTESIAN_POINT ( 'NONE',  ( -1.045271802516929416, 0.2479244568954917793, 0.5989999999999994218 ) ) ;
#4946 = CARTESIAN_POINT ( 'NONE',  ( -0.7212668361346062929, 0.3203122678291255854, 0.5989999999999995328 ) ) ;
#4947 = FILL_AREA_STYLE ('',( #4607 ) ) ;
#4948 = CARTESIAN_POINT ( 'NONE',  ( 0.2638191065739796670, 0.4868854958565307922, 0.5989999999999994218 ) ) ;
#4949 = CARTESIAN_POINT ( 'NONE',  ( -0.3389406336857606616, 0.1232491322201671041, 0.5999999999999995337 ) ) ;
#4950 = CARTESIAN_POINT ( 'NONE',  ( -0.8855208133727314745, -0.1485748400849936091, 0.5999999999999995337 ) ) ;
#4951 = COLOUR_RGB ( '',0.7921568627450980005, 0.8196078431372548767, 0.9333333333333333481 ) ;
#4952 = ORIENTED_EDGE ( 'NONE', *, *, #4285, .F. ) ;
#4953 = SURFACE_SIDE_STYLE ('',( #4197 ) ) ;
#4954 = DIRECTION ( 'NONE',  ( -0.0000000000000000000, -0.0000000000000000000, 1.000000000000000000 ) ) ;
#4955 = CARTESIAN_POINT ( 'NONE',  ( -0.6301263308066837876, 0.2840300874361456618, 0.5999999999999997558 ) ) ;
#4956 = CARTESIAN_POINT ( 'NONE',  ( -1.055721094653628178, -0.3087611222187532367, 0.5999999999999994227 ) ) ;
#4957 = DIRECTION ( 'NONE',  ( 0.1503504868318518706, 0.9886327584646510402, 0.0000000000000000000 ) ) ;
#4958 = EDGE_CURVE ( 'NONE', #181, #431, #5059, .T. ) ;
#4959 = ADVANCED_FACE ( 'NONE', ( #2098 ), #2503, .T. ) ;
#4960 = ORIENTED_EDGE ( 'NONE', *, *, #3939, .T. ) ;
#4961 = EDGE_LOOP ( 'NONE', ( #1745, #2671, #2510, #1457 ) ) ;
#4962 = CARTESIAN_POINT ( 'NONE',  ( 0.8584849967334990950, 0.4012489814747351446, 0.5989999999999995328 ) ) ;
#4963 = CARTESIAN_POINT ( 'NONE',  ( -0.8105506245522231534, 0.4015845363015858593, 0.5999999999999995337 ) ) ;
#4964 = CARTESIAN_POINT ( 'NONE',  ( -0.6583878798431209711, 0.3831355704167094811, 0.5999999999999993117 ) ) ;
#4965 = LINE ( 'NONE', #2780, #833 ) ;
#4966 = CARTESIAN_POINT ( 'NONE',  ( 0.6279493835961503789, -0.03449872810790512861, 0.5989999999999996438 ) ) ;
#4967 =( NAMED_UNIT ( * ) SI_UNIT ( $, .STERADIAN. ) SOLID_ANGLE_UNIT ( ) );
#4968 = CARTESIAN_POINT ( 'NONE',  ( -1.016125202926095206, 0.3733647118311058666, 0.5999999999999994227 ) ) ;
#4969 = CARTESIAN_POINT ( 'NONE',  ( 0.01446845722333049700, 0.2790932880643229308, 0.5989999999999994218 ) ) ;
#4970 = UNCERTAINTY_MEASURE_WITH_UNIT (LENGTH_MEASURE( 1.000000000000000082E-05 ), #4235, 'distance_accuracy_value', 'NONE');
#4971 =( NAMED_UNIT ( * ) SI_UNIT ( $, .STERADIAN. ) SOLID_ANGLE_UNIT ( ) );
#4972 = EDGE_LOOP ( 'NONE', ( #174, #165, #5384, #3288 ) ) ;
#4973 = PRESENTATION_STYLE_ASSIGNMENT (( #5054 ) ) ;
#4974 = COLOUR_RGB ( '',0.7686274509803920907, 0.7686274509803920907, 0.7686274509803920907 ) ;
#4975 = CARTESIAN_POINT ( 'NONE',  ( -1.037186204793596023, -0.2291897969665829538, 0.5989999999999994218 ) ) ;
#4976 = DIRECTION ( 'NONE',  ( -0.0000000000000000000, -0.0000000000000000000, 1.000000000000000000 ) ) ;
#4977 = PRESENTATION_STYLE_ASSIGNMENT (( #1603 ) ) ;
#4978 = PRESENTATION_LAYER_ASSIGNMENT (  '', '', ( #1669 ) ) ;
#4979 = LINE ( 'NONE', #1631, #4079 ) ;
#4980 = VERTEX_POINT ( 'NONE', #2937 ) ;
#4981 = CARTESIAN_POINT ( 'NONE',  ( -0.8750784352073009975, -0.1365703459121404284, 0.5999999999999994227 ) ) ;
#4982 = CARTESIAN_POINT ( 'NONE',  ( -0.6364289880083193740, 0.3254888900900888005, 0.5999999999999995337 ) ) ;
#4983 = FILL_AREA_STYLE ('',( #3780 ) ) ;
#4984 = CARTESIAN_POINT ( 'NONE',  ( -1.055661412906539809, -0.3235041145330797008, 0.5999999999999994227 ) ) ;
#4985 = VECTOR ( 'NONE', #5024, 1000.000000000000000 ) ;
#4986 = DIRECTION ( 'NONE',  ( 1.000000000000000000, 0.0000000000000000000, -0.0000000000000000000 ) ) ;
#4987 = FILL_AREA_STYLE_COLOUR ( '', #1618 ) ;
#4988 = STYLED_ITEM ( 'NONE', ( #4223 ), #1652 ) ;
#4989 = FACE_OUTER_BOUND ( 'NONE', #4961, .T. ) ;
#4990 = ORIENTED_EDGE ( 'NONE', *, *, #1423, .F. ) ;
#4991 = CARTESIAN_POINT ( 'NONE',  ( 0.7030595301494255711, 0.4866485630126581308, 0.5989999999999994218 ) ) ;
#4992 = ADVANCED_FACE ( 'NONE', ( #716 ), #1163, .T. ) ;
#4993 = EDGE_CURVE ( 'NONE', #5349, #5073, #5440, .T. ) ;
#4994 = MECHANICAL_DESIGN_GEOMETRIC_PRESENTATION_REPRESENTATION (  '', ( #540 ), #3839 ) ;
#4995 = CARTESIAN_POINT ( 'NONE',  ( -0.8084964661247081574, 0.4861872154142798386, 0.5999999999999995337 ) ) ;
#4996 = CARTESIAN_POINT ( 'NONE',  ( 0.4715516326190994922, -0.3087611222187532922, 0.5999999999999996447 ) ) ;
#4997 =( GEOMETRIC_REPRESENTATION_CONTEXT ( 3 ) GLOBAL_UNCERTAINTY_ASSIGNED_CONTEXT ( ( #4809 ) ) GLOBAL_UNIT_ASSIGNED_CONTEXT ( ( #3370, #3851, #1662 ) ) REPRESENTATION_CONTEXT ( 'NONE', 'WORKASPACE' ) );
#4998 = CARTESIAN_POINT ( 'NONE',  ( -0.5465705038156307705, -0.1053222963512614879, 0.5999999999999994227 ) ) ;
#4999 = VECTOR ( 'NONE', #2588, 1000.000000000000000 ) ;
#5000 = CARTESIAN_POINT ( 'NONE',  ( -0.9502718239104976927, 0.4533688412103442644, 0.5999999999999996447 ) ) ;
#5001 = CARTESIAN_POINT ( 'NONE',  ( 0.04800559579957239947, 0.2992772144506731236, 0.5999999999999992006 ) ) ;
#5002 = CARTESIAN_POINT ( 'NONE',  ( 0.8975853403402136443, -0.3235041145330797008, 0.5999999999999994227 ) ) ;
#5003 = ADVANCED_FACE ( 'NONE', ( #4610 ), #791, .T. ) ;
#5004 = ORIENTED_EDGE ( 'NONE', *, *, #2952, .F. ) ;
#5005 = DIRECTION ( 'NONE',  ( 0.9922778767136676281, 0.1240347345892083009, 0.0000000000000000000 ) ) ;
#5006 = MECHANICAL_DESIGN_GEOMETRIC_PRESENTATION_REPRESENTATION (  '', ( #2324 ), #1536 ) ;
#5007 =( NAMED_UNIT ( * ) SI_UNIT ( $, .STERADIAN. ) SOLID_ANGLE_UNIT ( ) );
#5008 =( LENGTH_UNIT ( ) NAMED_UNIT ( * ) SI_UNIT ( .MILLI., .METRE. ) );
#5009 =( LENGTH_UNIT ( ) NAMED_UNIT ( * ) SI_UNIT ( .MILLI., .METRE. ) );
#5010 = SURFACE_STYLE_USAGE ( .BOTH. , #2856 ) ;
#5011 = CARTESIAN_POINT ( 'NONE',  ( -0.4499670299925606076, 0.05028735057644594109, 0.5989999999999994218 ) ) ;
#5012 = ORIENTED_EDGE ( 'NONE', *, *, #3667, .T. ) ;
#5013 = FILL_AREA_STYLE_COLOUR ( '', #4187 ) ;
#5014 = CARTESIAN_POINT ( 'NONE',  ( -0.6941929733596660101, 0.4346165392160175056, 0.5989999999999991998 ) ) ;
#5015 = ORIENTED_EDGE ( 'NONE', *, *, #5133, .F. ) ;
#5016 = CARTESIAN_POINT ( 'NONE',  ( -0.4063387541405396597, 0.1893001155039362171, 0.5999999999999993117 ) ) ;
#5017 = PLANE ( 'NONE',  #1268 ) ;
#5018 = CARTESIAN_POINT ( 'NONE',  ( 0.6614879238159362407, 0.0002166925124949786567, 0.5989999999999996438 ) ) ;
#5019 = ORIENTED_EDGE ( 'NONE', *, *, #2273, .T. ) ;
#5020 = ORIENTED_EDGE ( 'NONE', *, *, #1120, .F. ) ;
#5021 = CARTESIAN_POINT ( 'NONE',  ( -0.6296873869325138040, 0.2626971841682190778, 0.5989999999999994218 ) ) ;
#5022 = CARTESIAN_POINT ( 'NONE',  ( -0.6364289880083193740, 0.3254888900900888005, 0.5999999999999994227 ) ) ;
#5023 =( GEOMETRIC_REPRESENTATION_CONTEXT ( 3 ) GLOBAL_UNCERTAINTY_ASSIGNED_CONTEXT ( ( #3699 ) ) GLOBAL_UNIT_ASSIGNED_CONTEXT ( ( #889, #4286, #3862 ) ) REPRESENTATION_CONTEXT ( 'NONE', 'WORKASPACE' ) );
#5024 = DIRECTION ( 'NONE',  ( 1.000000000000000000, -0.0000000000000000000, -0.0000000000000000000 ) ) ;
#5025 = CARTESIAN_POINT ( 'NONE',  ( -0.5266979190260504540, -0.2008206887783183792, 0.5989999999999993108 ) ) ;
#5026 = CARTESIAN_POINT ( 'NONE',  ( -0.3157263479714747523, 0.2063660153370502348, 0.5989999999999994218 ) ) ;
#5027 = COLOUR_RGB ( '',1.000000000000000000, 1.000000000000000000, 1.000000000000000000 ) ;
#5028 = UNCERTAINTY_MEASURE_WITH_UNIT (LENGTH_MEASURE( 1.000000000000000082E-05 ), #1825, 'distance_accuracy_value', 'NONE');
#5029 =( LENGTH_UNIT ( ) NAMED_UNIT ( * ) SI_UNIT ( .MILLI., .METRE. ) );
#5030 = MECHANICAL_DESIGN_GEOMETRIC_PRESENTATION_REPRESENTATION (  '', ( #1905 ), #3073 ) ;
#5031 = EDGE_CURVE ( 'NONE', #3150, #496, #4339, .T. ) ;
#5032 = PRESENTATION_STYLE_ASSIGNMENT (( #1602 ) ) ;
#5033 = EDGE_CURVE ( 'NONE', #181, #4980, #62, .T. ) ;
#5034 = DIRECTION ( 'NONE',  ( 0.0000000000000000000, 0.0000000000000000000, 1.000000000000000000 ) ) ;
#5035 = FILL_AREA_STYLE_COLOUR ( '', #2038 ) ;
#5036 = DIRECTION ( 'NONE',  ( 0.1240347345892081482, 0.9922778767136677391, 0.0000000000000000000 ) ) ;
#5037 = CARTESIAN_POINT ( 'NONE',  ( -0.1428556922220035330, 0.07760390843950513984, 0.5999999999999994227 ) ) ;
#5038 = VECTOR ( 'NONE', #278, 1000.000000000000000 ) ;
#5039 = CARTESIAN_POINT ( 'NONE',  ( -0.3446975581379092546, 0.1229988803747071174, 0.5999999999999995337 ) ) ;
#5040 = CARTESIAN_POINT ( 'NONE',  ( -0.7443822052792958832, 0.4703235106347951611, 0.5999999999999995337 ) ) ;
#5041 = CARTESIAN_POINT ( 'NONE',  ( -0.7132200442572793619, 0.2551932372005331628, 0.5999999999999993117 ) ) ;
#5042 = CARTESIAN_POINT ( 'NONE',  ( -0.9349143761350076076, -0.07296912346077942535, 0.5999999999999994227 ) ) ;
#5043 = SURFACE_STYLE_USAGE ( .BOTH. , #1285 ) ;
#5044 =( NAMED_UNIT ( * ) PLANE_ANGLE_UNIT ( ) SI_UNIT ( $, .RADIAN. ) );
#5045 = ORIENTED_EDGE ( 'NONE', *, *, #2354, .T. ) ;
#5046 = DIRECTION ( 'NONE',  ( -0.0000000000000000000, -0.0000000000000000000, 1.000000000000000000 ) ) ;
#5047 = CARTESIAN_POINT ( 'NONE',  ( 0.6919035221583953454, 0.4037686127396476476, 0.5999999999999994227 ) ) ;
#5048 = CARTESIAN_POINT ( 'NONE',  ( 0.1807022234570966057, -0.3235041145330797008, 0.5999999999999994227 ) ) ;
#5049 = CARTESIAN_POINT ( 'NONE',  ( -0.9269158479002146400, 0.3608359423596929072, 0.5989999999999993108 ) ) ;
#5050 = FILL_AREA_STYLE_COLOUR ( '', #534 ) ;
#5051 = CARTESIAN_POINT ( 'NONE',  ( -0.4042003739455008460, 0.3725997815708164684, 0.5989999999999994218 ) ) ;
#5052 = ORIENTED_EDGE ( 'NONE', *, *, #1916, .T. ) ;
#5053 = CARTESIAN_POINT ( 'NONE',  ( -0.5442404718638569339, -0.1311025547603500707, 0.5989999999999995328 ) ) ;
#5054 = SURFACE_STYLE_USAGE ( .BOTH. , #5379 ) ;
#5055 = CARTESIAN_POINT ( 'NONE',  ( -0.6296873869325138040, -0.3235041145330797008, 0.5989999999999994218 ) ) ;
#5056 = LINE ( 'NONE', #2934, #3465 ) ;
#5057 = CARTESIAN_POINT ( 'NONE',  ( -0.7263260150537831361, 0.03096168355370677860, 0.5999999999999993117 ) ) ;
#5058 = DIRECTION ( 'NONE',  ( 1.000000000000000000, -0.0000000000000000000, 0.0000000000000000000 ) ) ;
#5059 = LINE ( 'NONE', #1579, #4050 ) ;
#5060 = AXIS2_PLACEMENT_3D ( 'NONE', #3293, #1224, #2890 ) ;
#5061 = PRODUCT_DEFINITION ( 'UNKNOWN', '', #858, #2185 ) ;
#5062 = EDGE_CURVE ( 'NONE', #4410, #4437, #2567, .T. ) ;
#5063 = CARTESIAN_POINT ( 'NONE',  ( -0.3561820380445125389, 0.1224996533456459286, 0.5989999999999993108 ) ) ;
#5064 = B_SPLINE_CURVE_WITH_KNOTS ( 'NONE', 3,
 ( #3575, #4388, #967, #1460, #4360, #2232, #3163, #3521, #4827, #1043, #5216, #1025, #4431, #1405, #3102, #4792, #559, #2701, #592 ),
 .UNSPECIFIED., .F., .F.,
 ( 4, 1, 1, 1, 1, 1, 1, 1, 1, 1, 1, 1, 1, 1, 1, 1, 4 ),
 ( 0.0000000000000000000, 0.04201179318334016116, 0.08511657970956418295, 0.1300841362207604823, 0.1769659536804736866, 0.2261453228974996399, 0.2772304004651406362, 0.3308011550515158605, 0.3865502460840024579, 0.4458574538040663282, 0.5099817147460021793, 0.5788566239058998697, 0.6532605220228081544, 0.7319176588047662246, 0.8160112270400410317, 0.9052459153235248301, 1.000000000000000000 ),
 .UNSPECIFIED. ) ;
#5065 = CARTESIAN_POINT ( 'NONE',  ( -0.6583878798431209711, 0.3831355704167094811, 0.5989999999999993108 ) ) ;
#5066 = AXIS2_PLACEMENT_3D ( 'NONE', #2794, #3726, #4499 ) ;
#5067 = SURFACE_SIDE_STYLE ('',( #3841 ) ) ;
#5068 = ORIENTED_EDGE ( 'NONE', *, *, #3053, .T. ) ;
#5069 = CARTESIAN_POINT ( 'NONE',  ( -1.054392588569781353, -0.2937120445264361224, 0.5999999999999995337 ) ) ;
#5070 =( GEOMETRIC_REPRESENTATION_CONTEXT ( 3 ) GLOBAL_UNCERTAINTY_ASSIGNED_CONTEXT ( ( #5461 ) ) GLOBAL_UNIT_ASSIGNED_CONTEXT ( ( #1932, #3361, #3320 ) ) REPRESENTATION_CONTEXT ( 'NONE', 'WORKASPACE' ) );
#5071 = SURFACE_STYLE_FILL_AREA ( #353 ) ;
#5072 =( GEOMETRIC_REPRESENTATION_CONTEXT ( 3 ) GLOBAL_UNCERTAINTY_ASSIGNED_CONTEXT ( ( #968 ) ) GLOBAL_UNIT_ASSIGNED_CONTEXT ( ( #1539, #3395, #1743 ) ) REPRESENTATION_CONTEXT ( 'NONE', 'WORKASPACE' ) );
#5073 = VERTEX_POINT ( 'NONE', #3834 ) ;
#5074 = EDGE_LOOP ( 'NONE', ( #210, #4944, #2806, #3679 ) ) ;
#5075 = CARTESIAN_POINT ( 'NONE',  ( 0.8849560766861384042, 0.3452295077096059761, 0.5989999999999994218 ) ) ;
#5076 = SURFACE_STYLE_FILL_AREA ( #49 ) ;
#5077 = CARTESIAN_POINT ( 'NONE',  ( -0.3389406336857606616, 0.1232491322201671041, 0.5989999999999995328 ) ) ;
#5078 = CARTESIAN_POINT ( 'NONE',  ( 0.4900865224791312591, -0.2291897969665828982, 0.5999999999999994227 ) ) ;
#5079 =( NAMED_UNIT ( * ) SI_UNIT ( $, .STERADIAN. ) SOLID_ANGLE_UNIT ( ) );
#5080 = CARTESIAN_POINT ( 'NONE',  ( -0.1211833983516168722, -0.07940698003494871260, 0.5989999999999994218 ) ) ;
#5081 = AXIS2_PLACEMENT_3D ( 'NONE', #584, #4480, #4061 ) ;
#5082 =( GEOMETRIC_REPRESENTATION_CONTEXT ( 3 ) GLOBAL_UNCERTAINTY_ASSIGNED_CONTEXT ( ( #1178 ) ) GLOBAL_UNIT_ASSIGNED_CONTEXT ( ( #372, #2072, #2428 ) ) REPRESENTATION_CONTEXT ( 'NONE', 'WORKASPACE' ) );
#5083 = ORIENTED_EDGE ( 'NONE', *, *, #3869, .F. ) ;
#5084 = CARTESIAN_POINT ( 'NONE',  ( 0.5611963006910264395, 0.4411343841477788907, 0.5989999999999993108 ) ) ;
#5085 = VECTOR ( 'NONE', #2034, 1000.000000000000000 ) ;
#5086 = CARTESIAN_POINT ( 'NONE',  ( -0.1517653090104358338, 0.3725997815708164684, 0.5989999999999994218 ) ) ;
#5087 = CARTESIAN_POINT ( 'NONE',  ( -0.4511305799956825680, -0.3000110776576915272, 0.5999999999999992006 ) ) ;
#5088 = VERTEX_POINT ( 'NONE', #4281 ) ;
#5089 = VECTOR ( 'NONE', #4084, 1000.000000000000000 ) ;
#5090 = B_SPLINE_SURFACE_WITH_KNOTS ( 'NONE', 3, 1, ( 
 ( #1121, #2020 ),
 ( #5421, #3322 ),
 ( #5018, #4622 ),
 ( #428, #5150 ),
 ( #2582, #5503 ),
 ( #4206, #808 ),
 ( #865, #3448 ),
 ( #1340, #3365 ),
 ( #3787, #3343 ),
 ( #46, #5102 ),
 ( #1313, #4595 ),
 ( #777, #2487 ),
 ( #5477, #2463 ),
 ( #459, #2546 ),
 ( #4265, #837 ) ),
 .UNSPECIFIED., .F., .F., .F.,
 ( 4, 1, 1, 1, 1, 1, 1, 1, 1, 1, 1, 1, 4 ),
 ( 2, 2 ),
 ( 0.0000000000000000000, 0.1093800741214259464, 0.2106028248854700247, 0.3040152216769062554, 0.3890488990674313974, 0.4663664913632523668, 0.5360298331844518538, 0.5979862717537242078, 0.6521467510862013484, 0.7493520093192573839, 0.8388265501964031756, 0.9217438124469392591, 1.000000000000000000 ),
 ( 0.0000000000000000000, 1.000000000000000000 ),
 .UNSPECIFIED. ) ;
#5091 = CARTESIAN_POINT ( 'NONE',  ( -0.3110369421831359338, 0.1206648928603330367, 0.5999999999999994227 ) ) ;
#5092 = CARTESIAN_POINT ( 'NONE',  ( 0.7352634942759412873, -0.04660335829670863433, 0.5989999999999993108 ) ) ;
#5093 = CARTESIAN_POINT ( 'NONE',  ( 0.2638191065739796670, -0.3235041145330797008, 0.5989999999999994218 ) ) ;
#5094 = CARTESIAN_POINT ( 'NONE',  ( -0.7128042700493969486, 0.2643205607915956046, 0.5999999999999994227 ) ) ;
#5095 = ORIENTED_EDGE ( 'NONE', *, *, #1588, .F. ) ;
#5096 = DIRECTION ( 'NONE',  ( -1.000000000000000000, 0.0000000000000000000, 0.0000000000000000000 ) ) ;
#5097 = FACE_OUTER_BOUND ( 'NONE', #3506, .T. ) ;
#5098 = FILL_AREA_STYLE ('',( #619 ) ) ;
#5099 = ADVANCED_FACE ( 'NONE', ( #1706 ), #2207, .T. ) ;
#5100 = FILL_AREA_STYLE_COLOUR ( '', #4089 ) ;
#5101 = EDGE_CURVE ( 'NONE', #1687, #3842, #2598, .T. ) ;
#5102 = CARTESIAN_POINT ( 'NONE',  ( 0.7830005377784967635, 0.1530822246272082188, 0.5999999999999993117 ) ) ;
#5103 = VERTEX_POINT ( 'NONE', #4435 ) ;
#5104 = VERTEX_POINT ( 'NONE', #2756 ) ;
#5105 = CARTESIAN_POINT ( 'NONE',  ( 0.6919035221583953454, 0.4037686127396476476, 0.5999999999999995337 ) ) ;
#5106 = CARTESIAN_POINT ( 'NONE',  ( -0.8917003739455009459, -0.02658853011749527998, 0.5989999999999994218 ) ) ;
#5107 = CARTESIAN_POINT ( 'NONE',  ( -0.2040926603947543494, -0.03537231918239314155, 0.5989999999999993108 ) ) ;
#5108 = SURFACE_SIDE_STYLE ('',( #2614 ) ) ;
#5109 = CARTESIAN_POINT ( 'NONE',  ( -0.8353692051143321029, 0.4037686127396476476, 0.5999999999999994227 ) ) ;
#5110 = ORIENTED_EDGE ( 'NONE', *, *, #4513, .F. ) ;
#5111 = CARTESIAN_POINT ( 'NONE',  ( 0.5212499310561063970, 0.3931929067717434556, 0.5989999999999991998 ) ) ;
#5112 = CARTESIAN_POINT ( 'NONE',  ( -0.2624219641509711876, 0.09690198395207499926, 0.5999999999999996447 ) ) ;
#5113 = CARTESIAN_POINT ( 'NONE',  ( -2.620000000000000995, -1.600000000000000089, 0.5799999999999999600 ) ) ;
#5114 =( NAMED_UNIT ( * ) PLANE_ANGLE_UNIT ( ) SI_UNIT ( $, .RADIAN. ) );
#5115 = DIRECTION ( 'NONE',  ( 0.0000000000000000000, -1.000000000000000000, 0.0000000000000000000 ) ) ;
#5116 = ORIENTED_EDGE ( 'NONE', *, *, #2845, .F. ) ;
#5117 = SURFACE_STYLE_FILL_AREA ( #4258 ) ;
#5118 = PRESENTATION_LAYER_ASSIGNMENT (  '', '', ( #3520 ) ) ;
#5119 = CARTESIAN_POINT ( 'NONE',  ( 2.640000000000000568, 1.600000000000000089, 0.5999999999999994227 ) ) ;
#5120 = DIRECTION ( 'NONE',  ( 1.000000000000000000, 0.0000000000000000000, -0.0000000000000000000 ) ) ;
#5121 = STYLED_ITEM ( 'NONE', ( #5171 ), #5003 ) ;
#5122 = ORIENTED_EDGE ( 'NONE', *, *, #2668, .F. ) ;
#5123 = CARTESIAN_POINT ( 'NONE',  ( 0.5651734312830569706, 0.2440338272302541023, 0.5999999999999996447 ) ) ;
#5124 = DIRECTION ( 'NONE',  ( -7.228014483236699514E-16, 0.0000000000000000000, -1.000000000000000000 ) ) ;
#5125 = CARTESIAN_POINT ( 'NONE',  ( 0.1807022234570966057, -0.3235041145330797008, 0.5989999999999994218 ) ) ;
#5126 = CARTESIAN_POINT ( 'NONE',  ( -0.2964480406313594330, 0.2056862319272120265, 0.5999999999999994227 ) ) ;
#5127 = VERTEX_POINT ( 'NONE', #2707 ) ;
#5128 = VERTEX_POINT ( 'NONE', #2265 ) ;
#5129 = CARTESIAN_POINT ( 'NONE',  ( -0.8322847895299164689, 0.4868854958565307922, 0.5989999999999994218 ) ) ;
#5130 = CARTESIAN_POINT ( 'NONE',  ( -0.8199672230666090744, 0.05047991222936445976, 0.5989999999999996438 ) ) ;
#5131 = EDGE_CURVE ( 'NONE', #4695, #281, #4850, .T. ) ;
#5132 = LINE ( 'NONE', #903, #4999 ) ;
#5133 = EDGE_CURVE ( 'NONE', #5104, #1314, #4024, .T. ) ;
#5134 = EDGE_LOOP ( 'NONE', ( #4027, #1688, #3367, #3789 ) ) ;
#5135 = CARTESIAN_POINT ( 'NONE',  ( -0.3402393349844617942, -0.3338937249226900938, 0.5999999999999994227 ) ) ;
#5136 = CARTESIAN_POINT ( 'NONE',  ( 2.600000000000000533, -1.600000000000000089, 0.5999999999999994227 ) ) ;
#5137 = CARTESIAN_POINT ( 'NONE',  ( 0.5021116384199095783, 0.3519313413877854235, 0.5989999999999995328 ) ) ;
#5138 = CARTESIAN_POINT ( 'NONE',  ( -0.2129515068650217613, 0.01969287892669269180, 0.5989999999999996438 ) ) ;
#5139 = DIRECTION ( 'NONE',  ( 0.0000000000000000000, -0.0000000000000000000, 1.000000000000000000 ) ) ;
#5140 = LINE ( 'NONE', #3501, #1854 ) ;
#5141 = DIRECTION ( 'NONE',  ( 0.0000000000000000000, -1.000000000000000000, 0.0000000000000000000 ) ) ;
#5142 = SURFACE_STYLE_FILL_AREA ( #4748 ) ;
#5143 = B_SPLINE_CURVE_WITH_KNOTS ( 'NONE', 3,
 ( #3262, #585, #4351, #2222, #1109, #4502, #3930, #1952, #5210, #1802, #259, #3514, #1399, #5360, #552 ),
 .UNSPECIFIED., .F., .F.,
 ( 4, 1, 1, 1, 1, 1, 1, 1, 1, 1, 1, 1, 4 ),
 ( 0.0000000000000000000, 0.1093800741214259048, 0.2106028248854699692, 0.3040152216769061999, 0.3890488990674311198, 0.4663664913632523112, 0.5360298331844517428, 0.5979862717537240968, 0.6521467510862012373, 0.7493520093192573839, 0.8388265501964030646, 0.9217438124469393701, 1.000000000000000000 ),
 .UNSPECIFIED. ) ;
#5144 = FILL_AREA_STYLE_COLOUR ( '', #997 ) ;
#5145 = FACE_OUTER_BOUND ( 'NONE', #1165, .T. ) ;
#5146 = DIRECTION ( 'NONE',  ( -1.000000000000000000, 0.0000000000000000000, 3.872150616019661299E-16 ) ) ;
#5147 = CARTESIAN_POINT ( 'NONE',  ( 2.640000000000000568, -1.450000000000000178, -0.001000000000000674828 ) ) ;
#5148 = AXIS2_PLACEMENT_3D ( 'NONE', #2102, #3810, #3386 ) ;
#5149 =( NAMED_UNIT ( * ) SI_UNIT ( $, .STERADIAN. ) SOLID_ANGLE_UNIT ( ) );
#5150 = CARTESIAN_POINT ( 'NONE',  ( 0.6854937762833451798, 0.02626672796702155324, 0.5999999999999994227 ) ) ;
#5151 = FILL_AREA_STYLE_COLOUR ( '', #241 ) ;
#5152 = ORIENTED_EDGE ( 'NONE', *, *, #3635, .T. ) ;
#5153 = DIRECTION ( 'NONE',  ( -7.228014483236698528E-16, 0.0000000000000000000, 1.000000000000000000 ) ) ;
#5154 = COLOUR_RGB ( '',1.000000000000000000, 1.000000000000000000, 1.000000000000000000 ) ;
#5155 = CARTESIAN_POINT ( 'NONE',  ( -0.7838929459334267325, 0.09439854205510410379, 0.5989999999999994218 ) ) ;
#5156 = CARTESIAN_POINT ( 'NONE',  ( -0.2419170709483341175, 0.07633881392249902698, 0.5989999999999993108 ) ) ;
#5157 = CARTESIAN_POINT ( 'NONE',  ( -3.200000000000000622, -1.600000000000000089, 0.6000000000000000888 ) ) ;
#5158 = CARTESIAN_POINT ( 'NONE',  ( -0.8488204745265351958, 0.4034864214212003919, 0.5989999999999993108 ) ) ;
#5159 = ORIENTED_EDGE ( 'NONE', *, *, #3017, .T. ) ;
#5160 = EDGE_CURVE ( 'NONE', #2574, #3997, #2439, .T. ) ;
#5161 = DIRECTION ( 'NONE',  ( 0.0000000000000000000, 1.000000000000000000, 0.0000000000000000000 ) ) ;
#5162 = LINE ( 'NONE', #3880, #3729 ) ;
#5163 = AXIS2_PLACEMENT_3D ( 'NONE', #4665, #5058, #1243 ) ;
#5164 = LINE ( 'NONE', #1355, #2043 ) ;
#5165 = CARTESIAN_POINT ( 'NONE',  ( -0.8353692051143321029, 0.4037686127396476476, 0.5989999999999994218 ) ) ;
#5166 = SURFACE_STYLE_USAGE ( .BOTH. , #3884 ) ;
#5167 = VECTOR ( 'NONE', #308, 1000.000000000000000 ) ;
#5168 =( NAMED_UNIT ( * ) SI_UNIT ( $, .STERADIAN. ) SOLID_ANGLE_UNIT ( ) );
#5169 = SURFACE_STYLE_FILL_AREA ( #4694 ) ;
#5170 = EDGE_CURVE ( 'NONE', #2624, #2574, #3189, .T. ) ;
#5171 = PRESENTATION_STYLE_ASSIGNMENT (( #5466 ) ) ;
#5172 = EDGE_CURVE ( 'NONE', #3204, #2826, #2338, .T. ) ;
#5173 = ORIENTED_EDGE ( 'NONE', *, *, #5322, .T. ) ;
#5174 = AXIS2_PLACEMENT_3D ( 'NONE', #2944, #2048, #4986 ) ;
#5175 = CARTESIAN_POINT ( 'NONE',  ( -0.2059212808879003764, -0.01585260708288223006, 0.5999999999999994227 ) ) ;
#5176 = PRESENTATION_LAYER_ASSIGNMENT (  '', '', ( #2404 ) ) ;
#5177 = PRESENTATION_LAYER_ASSIGNMENT (  '', '', ( #4460 ) ) ;
#5178 = FILL_AREA_STYLE ('',( #4728 ) ) ;
#5179 = ORIENTED_EDGE ( 'NONE', *, *, #4890, .F. ) ;
#5180 = CARTESIAN_POINT ( 'NONE',  ( 0.5652816645539967544, 0.2566796886907410369, 0.5989999999999993108 ) ) ;
#5181 = FILL_AREA_STYLE ('',( #4813 ) ) ;
#5182 =( GEOMETRIC_REPRESENTATION_CONTEXT ( 3 ) GLOBAL_UNCERTAINTY_ASSIGNED_CONTEXT ( ( #4080 ) ) GLOBAL_UNIT_ASSIGNED_CONTEXT ( ( #4010, #694, #189 ) ) REPRESENTATION_CONTEXT ( 'NONE', 'WORKASPACE' ) );
#5183 = CARTESIAN_POINT ( 'NONE',  ( -0.3410510232961501687, -0.2507768418058070048, 0.5999999999999994227 ) ) ;
#5184 = ORIENTED_EDGE ( 'NONE', *, *, #4109, .T. ) ;
#5185 =( LENGTH_UNIT ( ) NAMED_UNIT ( * ) SI_UNIT ( .MILLI., .METRE. ) );
#5186 = CARTESIAN_POINT ( 'NONE',  ( -0.2651618673483134292, -0.2214330708713043161, 0.5989999999999995328 ) ) ;
#5187 = UNCERTAINTY_MEASURE_WITH_UNIT (LENGTH_MEASURE( 1.000000000000000082E-05 ), #5261, 'distance_accuracy_value', 'NONE');
#5188 = CARTESIAN_POINT ( 'NONE',  ( 0.8975853403402136443, 0.2626971841682190778, 0.5989999999999994218 ) ) ;
#5189 = CARTESIAN_POINT ( 'NONE',  ( 0.1035303232041753507, 0.2397035333195588758, 0.5989999999999993108 ) ) ;
#5190 = ORIENTED_EDGE ( 'NONE', *, *, #457, .T. ) ;
#5191 = LINE ( 'NONE', #2172, #3083 ) ;
#5192 = DIRECTION ( 'NONE',  ( -0.7071067811865552333, 0.0000000000000000000, 0.7071067811865398012 ) ) ;
#5193 = FACE_OUTER_BOUND ( 'NONE', #461, .T. ) ;
#5194 =( NAMED_UNIT ( * ) SI_UNIT ( $, .STERADIAN. ) SOLID_ANGLE_UNIT ( ) );
#5195 = DIRECTION ( 'NONE',  ( -0.0000000000000000000, -0.0000000000000000000, 1.000000000000000000 ) ) ;
#5196 = DIRECTION ( 'NONE',  ( -0.7071067811865475727, 0.0000000000000000000, 0.7071067811865475727 ) ) ;
#5197 = CARTESIAN_POINT ( 'NONE',  ( 0.8096289519289396885, 0.3072447781359252117, 0.5989999999999995328 ) ) ;
#5198 = ORIENTED_EDGE ( 'NONE', *, *, #3431, .T. ) ;
#5199 = CARTESIAN_POINT ( 'NONE',  ( -0.2040926603947543494, -0.03537231918239314155, 0.5999999999999993117 ) ) ;
#5200 = ADVANCED_FACE ( 'NONE', ( #4915 ), #1100, .T. ) ;
#5201 = PRESENTATION_LAYER_ASSIGNMENT (  '', '', ( #1897 ) ) ;
#5202 = SURFACE_SIDE_STYLE ('',( #1765 ) ) ;
#5203 = ORIENTED_EDGE ( 'NONE', *, *, #4072, .F. ) ;
#5204 = CARTESIAN_POINT ( 'NONE',  ( -2.600000000000000533, -1.600000000000000089, 0.5999999999999994227 ) ) ;
#5205 = CARTESIAN_POINT ( 'NONE',  ( 0.5672088985709761166, 0.2750471012323170705, 0.5989999999999994218 ) ) ;
#5206 = DIRECTION ( 'NONE',  ( -1.000000000000000000, 0.0000000000000000000, 0.0000000000000000000 ) ) ;
#5207 = FACE_OUTER_BOUND ( 'NONE', #2291, .T. ) ;
#5208 = ORIENTED_EDGE ( 'NONE', *, *, #4175, .T. ) ;
#5209 = CARTESIAN_POINT ( 'NONE',  ( 0.1975743451930003225, 0.4586647822395592544, 0.5999999999999994227 ) ) ;
#5210 = CARTESIAN_POINT ( 'NONE',  ( -0.7571722483045564278, 0.1318272022723512849, 0.5989999999999995328 ) ) ;
#5211 = DIRECTION ( 'NONE',  ( -0.0000000000000000000, -0.0000000000000000000, 1.000000000000000000 ) ) ;
#5212 = CARTESIAN_POINT ( 'NONE',  ( -0.6350564515702031843, 0.2055074383763478285, 0.5989999999999991998 ) ) ;
#5213 = CARTESIAN_POINT ( 'NONE',  ( 0.8756836101732554667, 0.1500081165400488636, 0.5999999999999996447 ) ) ;
#5214 = ORIENTED_EDGE ( 'NONE', *, *, #1852, .F. ) ;
#5215 =( NAMED_UNIT ( * ) PLANE_ANGLE_UNIT ( ) SI_UNIT ( $, .RADIAN. ) );
#5216 = CARTESIAN_POINT ( 'NONE',  ( 0.5153495692250634752, -0.1759838316869603847, 0.5999999999999996447 ) ) ;
#5217 = CARTESIAN_POINT ( 'NONE',  ( -0.1517653090104358338, 0.3725997815708164684, 0.5989999999999994218 ) ) ;
#5218 = CARTESIAN_POINT ( 'NONE',  ( 0.7094359896908629670, -0.07464047816944333058, 0.5989999999999994218 ) ) ;
#5219 = DIRECTION ( 'NONE',  ( -1.000000000000000000, 0.0000000000000000000, 0.0000000000000000000 ) ) ;
#5220 = PLANE ( 'NONE',  #1167 ) ;
#5221 = CARTESIAN_POINT ( 'NONE',  ( 0.5672088985709761166, 0.2750471012323170705, 0.5999999999999994227 ) ) ;
#5222 = ORIENTED_EDGE ( 'NONE', *, *, #1222, .T. ) ;
#5223 = CARTESIAN_POINT ( 'NONE',  ( 2.640000000000000568, -1.600000000000000089, -0.001000000000000674828 ) ) ;
#5224 = CARTESIAN_POINT ( 'NONE',  ( -0.2263165924455439182, -0.1698722316338624472, 0.5989999999999993108 ) ) ;
#5225 = CARTESIAN_POINT ( 'NONE',  ( 0.4716113143661876395, -0.3235041145330797008, 0.5989999999999994218 ) ) ;
#5226 = EDGE_CURVE ( 'NONE', #3397, #3458, #2063, .T. ) ;
#5227 = ORIENTED_EDGE ( 'NONE', *, *, #3940, .T. ) ;
#5228 = EDGE_CURVE ( 'NONE', #3238, #3819, #1597, .T. ) ;
#5229 = DIRECTION ( 'NONE',  ( 1.000000000000000000, -0.0000000000000000000, 0.0000000000000000000 ) ) ;
#5230 = CARTESIAN_POINT ( 'NONE',  ( 0.7814737779342267876, 0.006421835696647573699, 0.5999999999999993117 ) ) ;
#5231 =( LENGTH_UNIT ( ) NAMED_UNIT ( * ) SI_UNIT ( .MILLI., .METRE. ) );
#5232 = FILL_AREA_STYLE ('',( #3618 ) ) ;
#5233 = EDGE_CURVE ( 'NONE', #4330, #3115, #4327, .T. ) ;
#5234 = EDGE_LOOP ( 'NONE', ( #1617, #4375, #2858, #1898 ) ) ;
#5235 = SURFACE_STYLE_FILL_AREA ( #2250 ) ;
#5236 = CARTESIAN_POINT ( 'NONE',  ( 3.180000000000000604, -1.600000000000000089, 0.5799999999999995159 ) ) ;
#5237 =( GEOMETRIC_REPRESENTATION_CONTEXT ( 3 ) GLOBAL_UNCERTAINTY_ASSIGNED_CONTEXT ( ( #4257 ) ) GLOBAL_UNIT_ASSIGNED_CONTEXT ( ( #1372, #517, #132 ) ) REPRESENTATION_CONTEXT ( 'NONE', 'WORKASPACE' ) );
#5238 = DIRECTION ( 'NONE',  ( 1.000000000000000000, -0.0000000000000000000, 0.0000000000000000000 ) ) ;
#5239 =( GEOMETRIC_REPRESENTATION_CONTEXT ( 3 ) GLOBAL_UNCERTAINTY_ASSIGNED_CONTEXT ( ( #1522 ) ) GLOBAL_UNIT_ASSIGNED_CONTEXT ( ( #5267, #3989, #4510 ) ) REPRESENTATION_CONTEXT ( 'NONE', 'WORKASPACE' ) );
#5240 = VERTEX_POINT ( 'NONE', #2841 ) ;
#5241 = CARTESIAN_POINT ( 'NONE',  ( 0.1035303232041753507, 0.2397035333195588758, 0.5999999999999994227 ) ) ;
#5242 = CARTESIAN_POINT ( 'NONE',  ( -0.2853871420587245633, 0.1118844203733763698, 0.5999999999999992006 ) ) ;
#5243 = DIRECTION ( 'NONE',  ( -0.0000000000000000000, -0.0000000000000000000, 1.000000000000000000 ) ) ;
#5244 = SURFACE_STYLE_FILL_AREA ( #3969 ) ;
#5245 = ADVANCED_BREP_SHAPE_REPRESENTATION ( '9157B6FC-CE5F-430F-BAE4-FF0EF043D8B8', ( #4866, #3020, #4805, #1137, #4500 ), #5294 ) ;
#5246 = SURFACE_STYLE_USAGE ( .BOTH. , #3049 ) ;
#5247 = CARTESIAN_POINT ( 'NONE',  ( -0.9425797872574784853, 0.3370397902646605770, 0.5989999999999993108 ) ) ;
#5248 = PRESENTATION_LAYER_ASSIGNMENT (  '', '', ( #2301 ) ) ;
#5249 = VERTEX_POINT ( 'NONE', #5457 ) ;
#5250 = CARTESIAN_POINT ( 'NONE',  ( 0.6119061571153961987, 0.4723541777077954196, 0.5999999999999995337 ) ) ;
#5251 =( NAMED_UNIT ( * ) SI_UNIT ( $, .STERADIAN. ) SOLID_ANGLE_UNIT ( ) );
#5252 = LINE ( 'NONE', #5225, #1060 ) ;
#5253 =( GEOMETRIC_REPRESENTATION_CONTEXT ( 3 ) GLOBAL_UNCERTAINTY_ASSIGNED_CONTEXT ( ( #2793 ) ) GLOBAL_UNIT_ASSIGNED_CONTEXT ( ( #5185, #521, #3513 ) ) REPRESENTATION_CONTEXT ( 'NONE', 'WORKASPACE' ) );
#5254 = VECTOR ( 'NONE', #2797, 1000.000000000000000 ) ;
#5255 = DIRECTION ( 'NONE',  ( -0.0000000000000000000, -0.0000000000000000000, 1.000000000000000000 ) ) ;
#5256 = CARTESIAN_POINT ( 'NONE',  ( 0.8881091876127847895, 0.1867388797968761449, 0.5999999999999996447 ) ) ;
#5257 = VERTEX_POINT ( 'NONE', #5051 ) ;
#5258 = CARTESIAN_POINT ( 'NONE',  ( -0.3446975581379092546, 0.1229988803747071174, 0.5999999999999994227 ) ) ;
#5259 = MECHANICAL_DESIGN_GEOMETRIC_PRESENTATION_REPRESENTATION (  '', ( #3041 ), #99 ) ;
#5260 = CARTESIAN_POINT ( 'NONE',  ( -0.3139040051919302354, -0.2477827842676675607, 0.5989999999999995328 ) ) ;
#5261 =( LENGTH_UNIT ( ) NAMED_UNIT ( * ) SI_UNIT ( .MILLI., .METRE. ) );
#5262 = EDGE_CURVE ( 'NONE', #4924, #4837, #3744, .T. ) ;
#5263 = ADVANCED_FACE ( 'NONE', ( #1999 ), #3415, .T. ) ;
#5264 =( NAMED_UNIT ( * ) PLANE_ANGLE_UNIT ( ) SI_UNIT ( $, .RADIAN. ) );
#5265 = CARTESIAN_POINT ( 'NONE',  ( 0.8953793312856777042, 0.2243516025251089396, 0.5999999999999995337 ) ) ;
#5266 = ORIENTED_EDGE ( 'NONE', *, *, #2154, .F. ) ;
#5267 =( LENGTH_UNIT ( ) NAMED_UNIT ( * ) SI_UNIT ( .MILLI., .METRE. ) );
#5268 = CARTESIAN_POINT ( 'NONE',  ( 0.6131474797846105940, -0.04985835748003256823, 0.5989999999999994218 ) ) ;
#5269 = CARTESIAN_POINT ( 'NONE',  ( -0.3389406336857606616, 0.1232491322201671041, 0.5989999999999995328 ) ) ;
#5270 = DIRECTION ( 'NONE',  ( -4.466554212838224906E-16, 0.0000000000000000000, -1.000000000000000000 ) ) ;
#5271 = SURFACE_SIDE_STYLE ('',( #1491 ) ) ;
#5272 = CARTESIAN_POINT ( 'NONE',  ( 0.6301222975289556549, 0.3870908391879086530, 0.5999999999999994227 ) ) ;
#5273 = CARTESIAN_POINT ( 'NONE',  ( -0.4356415324764025820, -0.1903969120147324112, 0.5989999999999993108 ) ) ;
#5274 = CARTESIAN_POINT ( 'NONE',  ( 0.6119061571153961987, 0.4723541777077954196, 0.5989999999999995328 ) ) ;
#5275 = PRESENTATION_STYLE_ASSIGNMENT (( #895 ) ) ;
#5276 = LINE ( 'NONE', #2242, #423 ) ;
#5277 = ORIENTED_EDGE ( 'NONE', *, *, #417, .F. ) ;
#5278 = MECHANICAL_DESIGN_GEOMETRIC_PRESENTATION_REPRESENTATION (  '', ( #1897 ), #5023 ) ;
#5279 = CARTESIAN_POINT ( 'NONE',  ( 0.8971712424675257758, 0.2434525643347674184, 0.5999999999999994227 ) ) ;
#5280 = VECTOR ( 'NONE', #2875, 1000.000000000000000 ) ;
#5281 = EDGE_LOOP ( 'NONE', ( #4751, #2351, #5414, #4713 ) ) ;
#5282 = CARTESIAN_POINT ( 'NONE',  ( -0.3894297245517662764, 0.1116819062904768067, 0.5999999999999992006 ) ) ;
#5283 = CARTESIAN_POINT ( 'NONE',  ( -0.3157263479714747523, 0.2063660153370502348, 0.5989999999999994218 ) ) ;
#5284 = FILL_AREA_STYLE ('',( #3592 ) ) ;
#5285 = CARTESIAN_POINT ( 'NONE',  ( 0.8822812014696677085, 0.1683365304416478692, 0.5989999999999993108 ) ) ;
#5286 = ORIENTED_EDGE ( 'NONE', *, *, #5426, .F. ) ;
#5287 = CARTESIAN_POINT ( 'NONE',  ( -0.6933546547894317014, 0.07512048296998234675, 0.5989999999999994218 ) ) ;
#5288 = MECHANICAL_DESIGN_GEOMETRIC_PRESENTATION_REPRESENTATION (  '', ( #3873 ), #4325 ) ;
#5289 = EDGE_CURVE ( 'NONE', #5104, #5367, #33, .T. ) ;
#5290 = EDGE_CURVE ( 'NONE', #5103, #4330, #820, .T. ) ;
#5291 = CARTESIAN_POINT ( 'NONE',  ( 0.5560017265985970347, -0.1164916731929391130, 0.5989999999999995328 ) ) ;
#5292 =( LENGTH_UNIT ( ) NAMED_UNIT ( * ) SI_UNIT ( .MILLI., .METRE. ) );
#5293 = CARTESIAN_POINT ( 'NONE',  ( 0.6417519138999960848, -0.1485748400849935813, 0.5989999999999995328 ) ) ;
#5294 =( GEOMETRIC_REPRESENTATION_CONTEXT ( 3 ) GLOBAL_UNCERTAINTY_ASSIGNED_CONTEXT ( ( #2511 ) ) GLOBAL_UNIT_ASSIGNED_CONTEXT ( ( #1041, #214, #4790 ) ) REPRESENTATION_CONTEXT ( 'NONE', 'WORKASPACE' ) );
#5295 = CARTESIAN_POINT ( 'NONE',  ( -0.4025393813215543681, -0.2291954529845501853, 0.5989999999999993108 ) ) ;
#5296 = CARTESIAN_POINT ( 'NONE',  ( -0.4511305799956825680, -0.3000110776576915272, 0.5999999999999992006 ) ) ;
#5297 = CARTESIAN_POINT ( 'NONE',  ( 3.200000000000000622, -1.600000000000000089, 0.5999999999999993117 ) ) ;
#5298 = CARTESIAN_POINT ( 'NONE',  ( 0.5651178078726810661, 0.2375348465058814140, 0.5999999999999994227 ) ) ;
#5299 = CARTESIAN_POINT ( 'NONE',  ( 0.8060058911381209334, 0.3203122678291254188, 0.5989999999999993108 ) ) ;
#5300 = ORIENTED_EDGE ( 'NONE', *, *, #5262, .F. ) ;
#5301 = CARTESIAN_POINT ( 'NONE',  ( 0.6780640156081807479, -0.1083695336467523501, 0.5999999999999992006 ) ) ;
#5302 = CARTESIAN_POINT ( 'NONE',  ( 0.2638191065739796670, 0.4868854958565307922, 0.5989999999999994218 ) ) ;
#5303 = PLANE ( 'NONE',  #4487 ) ;
#5304 = ORIENTED_EDGE ( 'NONE', *, *, #350, .T. ) ;
#5305 = CARTESIAN_POINT ( 'NONE',  ( -0.9367008541393303522, -0.2209014051802813683, 0.5989999999999994218 ) ) ;
#5306 = ORIENTED_EDGE ( 'NONE', *, *, #2090, .T. ) ;
#5307 = CARTESIAN_POINT ( 'NONE',  ( 0.7038512032577539657, -0.08058241898320976648, 0.5999999999999995337 ) ) ;
#5308 = LINE ( 'NONE', #5366, #79 ) ;
#5309 = ORIENTED_EDGE ( 'NONE', *, *, #4551, .F. ) ;
#5310 = LINE ( 'NONE', #4384, #1821 ) ;
#5311 = DIRECTION ( 'NONE',  ( 0.0000000000000000000, -1.000000000000000000, -0.0000000000000000000 ) ) ;
#5312 = MECHANICAL_DESIGN_GEOMETRIC_PRESENTATION_REPRESENTATION (  '', ( #4611 ), #1930 ) ;
#5313 = FILL_AREA_STYLE ('',( #2834 ) ) ;
#5314 = CARTESIAN_POINT ( 'NONE',  ( -2.600000000000000533, -1.600000000000000089, 0.5999999999999994227 ) ) ;
#5315 = B_SPLINE_CURVE_WITH_KNOTS ( 'NONE', 3,
 ( #4945, #2878, #1131, #2820, #4521, #4579, #712, #4107, #2848, #282, #5378, #1575, #740, #2421, #2002, #3721, #5406, #4248, #1647 ),
 .UNSPECIFIED., .F., .F.,
 ( 4, 1, 1, 1, 1, 1, 1, 1, 1, 1, 1, 1, 1, 1, 1, 1, 4 ),
 ( 0.0000000000000000000, 0.08100969503787953940, 0.1571624851194886596, 0.2293186239864792864, 0.2971995747160035561, 0.3619501700138806344, 0.4237206412699676683, 0.4831222440402864748, 0.5409816837709602311, 0.5976614915012095075, 0.6531809217988240324, 0.7078518819289704167, 0.7635482905380021057, 0.8195365889150293404, 0.8776400206428155437, 0.9374543783683156883, 1.000000000000000000 ),
 .UNSPECIFIED. ) ;
#5316 = VECTOR ( 'NONE', #699, 1000.000000000000000 ) ;
#5317 = FACE_OUTER_BOUND ( 'NONE', #3694, .T. ) ;
#5318 = CARTESIAN_POINT ( 'NONE',  ( 0.5651734312830569706, 0.2440338272302541023, 0.5999999999999995337 ) ) ;
#5319 = SURFACE_SIDE_STYLE ('',( #1573 ) ) ;
#5320 = CARTESIAN_POINT ( 'NONE',  ( -0.4626099861378585310, -0.1012767428721657037, 0.5989999999999994218 ) ) ;
#5321 = CARTESIAN_POINT ( 'NONE',  ( 0.5212499310561063970, 0.3931929067717434556, 0.5999999999999992006 ) ) ;
#5322 = EDGE_CURVE ( 'NONE', #3033, #1616, #4714, .T. ) ;
#5323 = EDGE_CURVE ( 'NONE', #4057, #4864, #5191, .T. ) ;
#5324 = CARTESIAN_POINT ( 'NONE',  ( -0.3364399063772817722, -0.2506260864804361610, 0.5989999999999993108 ) ) ;
#5325 = MECHANICAL_DESIGN_GEOMETRIC_PRESENTATION_REPRESENTATION (  '', ( #4623 ), #5072 ) ;
#5326 = FILL_AREA_STYLE ('',( #1053 ) ) ;
#5327 = CARTESIAN_POINT ( 'NONE',  ( -0.2087438675417924439, 0.1672812492768573911, 0.5999999999999994227 ) ) ;
#5328 = CARTESIAN_POINT ( 'NONE',  ( -0.1529599522146159185, 0.09890643459075901256, 0.5999999999999996447 ) ) ;
#5329 = ORIENTED_EDGE ( 'NONE', *, *, #4110, .T. ) ;
#5330 = PRESENTATION_LAYER_ASSIGNMENT (  '', '', ( #3019 ) ) ;
#5331 = LINE ( 'NONE', #1534, #5341 ) ;
#5332 = CARTESIAN_POINT ( 'NONE',  ( 0.8975853403402136443, 0.2626971841682190778, 0.5999999999999994227 ) ) ;
#5333 = VECTOR ( 'NONE', #596, 1000.000000000000000 ) ;
#5334 = FACE_OUTER_BOUND ( 'NONE', #3825, .T. ) ;
#5335 = PRESENTATION_STYLE_ASSIGNMENT (( #4090 ) ) ;
#5336 =( NAMED_UNIT ( * ) PLANE_ANGLE_UNIT ( ) SI_UNIT ( $, .RADIAN. ) );
#5337 = PRESENTATION_LAYER_ASSIGNMENT (  '', '', ( #4905 ) ) ;
#5338 = ORIENTED_EDGE ( 'NONE', *, *, #1650, .F. ) ;
#5339 = AXIS2_PLACEMENT_3D ( 'NONE', #2916, #4201, #3782 ) ;
#5340 = CARTESIAN_POINT ( 'NONE',  ( -0.6350564515702031843, 0.2055074383763478285, 0.5989999999999991998 ) ) ;
#5341 = VECTOR ( 'NONE', #3263, 1000.000000000000000 ) ;
#5342 = CARTESIAN_POINT ( 'NONE',  ( 0.8975853403402136443, -0.3235041145330797008, 0.5989999999999994218 ) ) ;
#5343 = CARTESIAN_POINT ( 'NONE',  ( 0.8330797539130607721, 0.4346165392160176166, 0.5999999999999992006 ) ) ;
#5344 = LINE ( 'NONE', #704, #1713 ) ;
#5345 = CARTESIAN_POINT ( 'NONE',  ( -0.3520473827002356115, -0.2503800325017010442, 0.5989999999999994218 ) ) ;
#5346 = CARTESIAN_POINT ( 'NONE',  ( -0.5457816190783433274, -0.1140507828283561370, 0.5989999999999995328 ) ) ;
#5347 =( NAMED_UNIT ( * ) SI_UNIT ( $, .STERADIAN. ) SOLID_ANGLE_UNIT ( ) );
#5348 = CARTESIAN_POINT ( 'NONE',  ( -0.7128042700493969486, 0.2643205607915956046, 0.5989999999999994218 ) ) ;
#5349 = VERTEX_POINT ( 'NONE', #1352 ) ;
#5350 = SURFACE_STYLE_FILL_AREA ( #2759 ) ;
#5351 = FACE_OUTER_BOUND ( 'NONE', #5505, .T. ) ;
#5352 = CARTESIAN_POINT ( 'NONE',  ( -1.055721094653628178, -0.3087611222187532367, 0.5999999999999994227 ) ) ;
#5353 =( NAMED_UNIT ( * ) PLANE_ANGLE_UNIT ( ) SI_UNIT ( $, .RADIAN. ) );
#5354 =( NAMED_UNIT ( * ) PLANE_ANGLE_UNIT ( ) SI_UNIT ( $, .RADIAN. ) );
#5355 = CARTESIAN_POINT ( 'NONE',  ( -0.2593626977648036958, 0.1969957785091744074, 0.5999999999999996447 ) ) ;
#5356 = CARTESIAN_POINT ( 'NONE',  ( -0.8627715940250146875, -0.1233171453104226906, 0.5999999999999995337 ) ) ;
#5357 = ORIENTED_EDGE ( 'NONE', *, *, #4931, .T. ) ;
#5358 = EDGE_CURVE ( 'NONE', #3477, #24, #3043, .T. ) ;
#5359 = EDGE_CURVE ( 'NONE', #5257, #100, #937, .T. ) ;
#5360 = CARTESIAN_POINT ( 'NONE',  ( -0.7132200442572793619, 0.2551932372005331628, 0.5989999999999993108 ) ) ;
#5361 = CARTESIAN_POINT ( 'NONE',  ( -0.9130578514856084738, -0.1821659835189275989, 0.5989999999999993108 ) ) ;
#5362 = CARTESIAN_POINT ( 'NONE',  ( 0.6873469299335142058, 0.4036730209610457365, 0.5989999999999994218 ) ) ;
#5363 =( GEOMETRIC_REPRESENTATION_CONTEXT ( 3 ) GLOBAL_UNCERTAINTY_ASSIGNED_CONTEXT ( ( #2910 ) ) GLOBAL_UNIT_ASSIGNED_CONTEXT ( ( #1311, #4734, #5149 ) ) REPRESENTATION_CONTEXT ( 'NONE', 'WORKASPACE' ) );
#5364 =( LENGTH_UNIT ( ) NAMED_UNIT ( * ) SI_UNIT ( .MILLI., .METRE. ) );
#5365 = STYLED_ITEM ( 'NONE', ( #4977 ), #4515 ) ;
#5366 = CARTESIAN_POINT ( 'NONE',  ( -3.180000000000000604, 1.600000000000000089, 0.5800000000000001821 ) ) ;
#5367 = VERTEX_POINT ( 'NONE', #1021 ) ;
#5368 = CARTESIAN_POINT ( 'NONE',  ( -0.2037133609584878269, -0.05564697167593683075, 0.5989999999999994218 ) ) ;
#5369 = CARTESIAN_POINT ( 'NONE',  ( -0.6687877305392287974, 0.4012489814747350891, 0.5989999999999995328 ) ) ;
#5370 = AXIS2_PLACEMENT_3D ( 'NONE', #2028, #3742, #4517 ) ;
#5371 = CARTESIAN_POINT ( 'NONE',  ( 0.6854937762833451798, 0.02626672796702155324, 0.5989999999999993108 ) ) ;
#5372 =( NAMED_UNIT ( * ) SI_UNIT ( $, .STERADIAN. ) SOLID_ANGLE_UNIT ( ) );
#5373 =( NAMED_UNIT ( * ) PLANE_ANGLE_UNIT ( ) SI_UNIT ( $, .RADIAN. ) );
#5374 = CARTESIAN_POINT ( 'NONE',  ( -0.9333039468123806026, 0.4636822575454032647, 0.5999999999999994227 ) ) ;
#5375 = PRESENTATION_LAYER_ASSIGNMENT (  '', '', ( #42 ) ) ;
#5376 = CARTESIAN_POINT ( 'NONE',  ( -0.7176437753437879818, 0.3072447781359251562, 0.5989999999999994218 ) ) ;
#5377 = EDGE_LOOP ( 'NONE', ( #1146, #545, #899, #1298 ) ) ;
#5378 = CARTESIAN_POINT ( 'NONE',  ( -0.9660764265817005647, 0.4411343841477788907, 0.5989999999999991998 ) ) ;
#5379 = SURFACE_SIDE_STYLE ('',( #1974 ) ) ;
#5380 = CARTESIAN_POINT ( 'NONE',  ( -1.055661412906539809, -0.3235041145330797008, 0.5999999999999994227 ) ) ;
#5381 = DIRECTION ( 'NONE',  ( 0.0000000000000000000, 0.0000000000000000000, 1.000000000000000000 ) ) ;
#5382 =( NAMED_UNIT ( * ) PLANE_ANGLE_UNIT ( ) SI_UNIT ( $, .RADIAN. ) );
#5383 = DIRECTION ( 'NONE',  ( -0.0000000000000000000, -0.0000000000000000000, 1.000000000000000000 ) ) ;
#5384 = ORIENTED_EDGE ( 'NONE', *, *, #4722, .T. ) ;
#5385 = CARTESIAN_POINT ( 'NONE',  ( 0.8779058827497163708, 0.3645314167648511239, 0.5989999999999994218 ) ) ;
#5386 = CARTESIAN_POINT ( 'NONE',  ( -0.8855208133727314745, -0.1485748400849936091, 0.5999999999999995337 ) ) ;
#5387 = FACE_OUTER_BOUND ( 'NONE', #680, .T. ) ;
#5388 = EDGE_CURVE ( 'NONE', #3458, #2943, #5310, .T. ) ;
#5389 = CARTESIAN_POINT ( 'NONE',  ( -0.2040454955758463640, -0.07733435609716245163, 0.5999999999999995337 ) ) ;
#5390 = CARTESIAN_POINT ( 'NONE',  ( 0.6530652392539876283, 0.3980652263424302451, 0.5989999999999993108 ) ) ;
#5391 = CARTESIAN_POINT ( 'NONE',  ( 0.8131963703644090602, 0.2363949507436592101, 0.5999999999999993117 ) ) ;
#5392 = DIRECTION ( 'NONE',  ( -0.9922778767136676281, 0.1240347345892081343, 0.0000000000000000000 ) ) ;
#5393 = EDGE_CURVE ( 'NONE', #2282, #3212, #3962, .T. ) ;
#5394 = EDGE_CURVE ( 'NONE', #1108, #100, #556, .T. ) ;
#5395 = ORIENTED_EDGE ( 'NONE', *, *, #2632, .F. ) ;
#5396 = ORIENTED_EDGE ( 'NONE', *, *, #458, .F. ) ;
#5397 = CARTESIAN_POINT ( 'NONE',  ( 0.7030595301494255711, 0.4866485630126581308, 0.5999999999999994227 ) ) ;
#5398 = CARTESIAN_POINT ( 'NONE',  ( -2.640000000000000568, 1.450000000000000178, 0.5799999999999999600 ) ) ;
#5399 = UNCERTAINTY_MEASURE_WITH_UNIT (LENGTH_MEASURE( 1.000000000000000082E-05 ), #3924, 'distance_accuracy_value', 'NONE');
#5400 = CARTESIAN_POINT ( 'NONE',  ( 0.5560017265985970347, -0.1164916731929391130, 0.5999999999999995337 ) ) ;
#5401 = VECTOR ( 'NONE', #3091, 1000.000000000000000 ) ;
#5402 = CARTESIAN_POINT ( 'NONE',  ( -0.8397604891591343712, 0.4866923438396087431, 0.5989999999999994218 ) ) ;
#5403 = CARTESIAN_POINT ( 'NONE',  ( 0.1598967325328770062, 0.4029839553346364345, 0.5999999999999992006 ) ) ;
#5404 = CARTESIAN_POINT ( 'NONE',  ( 0.2099230026778758085, 0.4868854958565307922, 0.5989999999999994218 ) ) ;
#5405 = ORIENTED_EDGE ( 'NONE', *, *, #4590, .F. ) ;
#5406 = CARTESIAN_POINT ( 'NONE',  ( -0.8543854369723991038, 0.4863144744350549886, 0.5989999999999994218 ) ) ;
#5407 = UNCERTAINTY_MEASURE_WITH_UNIT (LENGTH_MEASURE( 1.000000000000000082E-05 ), #355, 'distance_accuracy_value', 'NONE');
#5408 = CARTESIAN_POINT ( 'NONE',  ( -0.7129754735114607334, 0.2792012820467528744, 0.5989999999999993108 ) ) ;
#5409 = VECTOR ( 'NONE', #4294, 1000.000000000000000 ) ;
#5410 = LINE ( 'NONE', #1946, #1357 ) ;
#5411 = PLANE ( 'NONE',  #3644 ) ;
#5412 = CARTESIAN_POINT ( 'NONE',  ( 0.6355723533272266135, -0.02658853011749528344, 0.5989999999999995328 ) ) ;
#5413 = CARTESIAN_POINT ( 'NONE',  ( -0.4195074785896298342, 0.09123797559754277808, 0.5989999999999993108 ) ) ;
#5414 = ORIENTED_EDGE ( 'NONE', *, *, #285, .F. ) ;
#5415 = CARTESIAN_POINT ( 'NONE',  ( -0.4323977313342504125, 0.07754043249814839001, 0.5999999999999994227 ) ) ;
#5416 = CARTESIAN_POINT ( 'NONE',  ( -0.7093479389759622666, 0.4487176075694080946, 0.5999999999999997558 ) ) ;
#5417 = CARTESIAN_POINT ( 'NONE',  ( 0.8975853403402136443, -0.3235041145330797008, 0.5989999999999994218 ) ) ;
#5418 = CARTESIAN_POINT ( 'NONE',  ( 0.7433797813393006049, 0.09439854205510415930, 0.5999999999999994227 ) ) ;
#5419 = CARTESIAN_POINT ( 'NONE',  ( 0.6521942920654258957, -0.1365703459121403451, 0.5999999999999989786 ) ) ;
#5420 = VECTOR ( 'NONE', #1826, 1000.000000000000000 ) ;
#5421 = CARTESIAN_POINT ( 'NONE',  ( 0.6444310986844059563, -0.01742567407984662101, 0.5989999999999995328 ) ) ;
#5422 = ORIENTED_EDGE ( 'NONE', *, *, #3535, .F. ) ;
#5423 = PRESENTATION_STYLE_ASSIGNMENT (( #4572 ) ) ;
#5424 = VECTOR ( 'NONE', #299, 1000.000000000000000 ) ;
#5425 = PRESENTATION_LAYER_ASSIGNMENT (  '', '', ( #441 ) ) ;
#5426 = EDGE_CURVE ( 'NONE', #2831, #488, #3132, .T. ) ;
#5427 = CARTESIAN_POINT ( 'NONE',  ( 0.8144684572233303888, 0.2643205607915956046, 0.5989999999999994218 ) ) ;
#5428 = CARTESIAN_POINT ( 'NONE',  ( 0.6355723533272266135, -0.02658853011749528344, 0.5999999999999995337 ) ) ;
#5429 = AXIS2_PLACEMENT_3D ( 'NONE', #3282, #4190, #3311 ) ;
#5430 = FACE_OUTER_BOUND ( 'NONE', #2155, .T. ) ;
#5431 = PRESENTATION_LAYER_ASSIGNMENT (  '', '', ( #3659 ) ) ;
#5432 = CARTESIAN_POINT ( 'NONE',  ( -0.8543854369723991038, 0.4863144744350549886, 0.5989999999999994218 ) ) ;
#5433 = CARTESIAN_POINT ( 'NONE',  ( 0.02567950251751783056, 0.2858405218039424822, 0.5999999999999994227 ) ) ;
#5434 = LINE ( 'NONE', #653, #532 ) ;
#5435 = MECHANICAL_DESIGN_GEOMETRIC_PRESENTATION_REPRESENTATION (  '', ( #732 ), #2050 ) ;
#5436 = SURFACE_SIDE_STYLE ('',( #3696 ) ) ;
#5437 = CARTESIAN_POINT ( 'NONE',  ( -0.9940490243610120569, 0.4109848974171834146, 0.5999999999999996447 ) ) ;
#5438 = CARTESIAN_POINT ( 'NONE',  ( -2.600000000000000533, -1.600000000000000089, 0.5999999999999994227 ) ) ;
#5439 = DIRECTION ( 'NONE',  ( -0.0000000000000000000, -0.0000000000000000000, 1.000000000000000000 ) ) ;
#5440 = LINE ( 'NONE', #1218, #3702 ) ;
#5441 = FACE_OUTER_BOUND ( 'NONE', #891, .T. ) ;
#5442 = CARTESIAN_POINT ( 'NONE',  ( -0.4530640103091372328, 0.04435302832406316093, 0.5999999999999995337 ) ) ;
#5443 = CARTESIAN_POINT ( 'NONE',  ( -0.6423166505865886000, 0.3452295077096059761, 0.5999999999999994227 ) ) ;
#5444 = CARTESIAN_POINT ( 'NONE',  ( -0.6296873869325138040, 0.2626971841682190778, 0.5989999999999994218 ) ) ;
#5445 = CARTESIAN_POINT ( 'NONE',  ( -0.7571722483045564278, 0.1318272022723512849, 0.5999999999999995337 ) ) ;
#5446 = FILL_AREA_STYLE_COLOUR ( '', #5154 ) ;
#5447 = CARTESIAN_POINT ( 'NONE',  ( 0.6355723533272266135, -0.02658853011749528344, 0.5999999999999995337 ) ) ;
#5448 =( NAMED_UNIT ( * ) SI_UNIT ( $, .STERADIAN. ) SOLID_ANGLE_UNIT ( ) );
#5449 = ORIENTED_EDGE ( 'NONE', *, *, #5031, .F. ) ;
#5450 = COLOUR_RGB ( '',1.000000000000000000, 1.000000000000000000, 1.000000000000000000 ) ;
#5451 = CARTESIAN_POINT ( 'NONE',  ( 0.8179247882967658478, 0.4487176075694082611, 0.5999999999999997558 ) ) ;
#5452 = CARTESIAN_POINT ( 'NONE',  ( 2.600000000000000533, 1.600000000000000089, 0.01999999999999942449 ) ) ;
#5453 = DIRECTION ( 'NONE',  ( -0.0000000000000000000, -0.0000000000000000000, 1.000000000000000000 ) ) ;
#5454 = DIRECTION ( 'NONE',  ( -0.0000000000000000000, -0.0000000000000000000, 1.000000000000000000 ) ) ;
#5455 = CARTESIAN_POINT ( 'NONE',  ( -0.9535041984945639149, 0.3083447744437438631, 0.5989999999999994218 ) ) ;
#5456 = CARTESIAN_POINT ( 'NONE',  ( -1.006022796216620385, 0.3931929067717434556, 0.5989999999999991998 ) ) ;
#5457 = CARTESIAN_POINT ( 'NONE',  ( -0.4738432310883579079, 0.4661062750773100061, 0.5989999999999994218 ) ) ;
#5458 = EDGE_CURVE ( 'NONE', #2519, #4767, #1861, .T. ) ;
#5459 = UNCERTAINTY_MEASURE_WITH_UNIT (LENGTH_MEASURE( 1.000000000000000082E-05 ), #4640, 'distance_accuracy_value', 'NONE');
#5460 = COLOUR_RGB ( '',0.7686274509803920907, 0.7686274509803920907, 0.7686274509803920907 ) ;
#5461 = UNCERTAINTY_MEASURE_WITH_UNIT (LENGTH_MEASURE( 1.000000000000000082E-05 ), #1932, 'distance_accuracy_value', 'NONE');
#5462 = CARTESIAN_POINT ( 'NONE',  ( -0.7988295081255604169, 0.3984312917504232443, 0.5989999999999993108 ) ) ;
#5463 = CARTESIAN_POINT ( 'NONE',  ( -2.620000000000000995, 1.450000000000000178, 0.5799999999999999600 ) ) ;
#5464 = PRESENTATION_LAYER_ASSIGNMENT (  '', '', ( #1905 ) ) ;
#5465 = FILL_AREA_STYLE_COLOUR ( '', #4620 ) ;
#5466 = SURFACE_STYLE_USAGE ( .BOTH. , #3778 ) ;
#5467 = CARTESIAN_POINT ( 'NONE',  ( -0.3446975581379092546, 0.1229988803747071174, 0.5989999999999994218 ) ) ;
#5468 = CARTESIAN_POINT ( 'NONE',  ( -0.8084964661247081574, 0.4861872154142798386, 0.5999999999999996447 ) ) ;
#5469 = CARTESIAN_POINT ( 'NONE',  ( -3.180000000000000604, -1.600000000000000089, 0.02000000000000006287 ) ) ;
#5470 = FACE_OUTER_BOUND ( 'NONE', #3108, .T. ) ;
#5471 = ORIENTED_EDGE ( 'NONE', *, *, #451, .F. ) ;
#5472 = CARTESIAN_POINT ( 'NONE',  ( -1.000137408964721253, -0.1570443995873251619, 0.5999999999999992006 ) ) ;
#5473 = LINE ( 'NONE', #926, #94 ) ;
#5474 =( NAMED_UNIT ( * ) SI_UNIT ( $, .STERADIAN. ) SOLID_ANGLE_UNIT ( ) );
#5475 = B_SPLINE_SURFACE_WITH_KNOTS ( 'NONE', 3, 1, ( 
 ( #1885, #3208 ),
 ( #1117, #5307 ),
 ( #4063, #267 ),
 ( #296, #665 ),
 ( #2410, #236 ),
 ( #4147, #5419 ),
 ( #2895, #2376 ),
 ( #3321, #2803 ),
 ( #776, #1509 ),
 ( #321, #2462 ),
 ( #1611, #4508 ),
 ( #4174, #725 ),
 ( #4903, #1912 ) ),
 .UNSPECIFIED., .F., .F., .F.,
 ( 4, 1, 1, 1, 1, 1, 1, 1, 1, 1, 4 ),
 ( 2, 2 ),
 ( 0.0000000000000000000, 0.1227496676134339632, 0.2345844757249741785, 0.3360613725792329642, 0.4265798447320829356, 0.5068085108969702102, 0.5755457069859367669, 0.6345771878879878924, 0.6821573405218314123, 0.8461889169654406295, 1.000000000000000000 ),
 ( 0.0000000000000000000, 1.000000000000000000 ),
 .UNSPECIFIED. ) ;
#5476 = CARTESIAN_POINT ( 'NONE',  ( -0.4573045295089953610, -0.1314380033785252921, 0.5999999999999993117 ) ) ;
#5477 = CARTESIAN_POINT ( 'NONE',  ( 0.8131963703644090602, 0.2363949507436592101, 0.5989999999999993108 ) ) ;
#5478 = ORIENTED_EDGE ( 'NONE', *, *, #2263, .T. ) ;
#5479 = ORIENTED_EDGE ( 'NONE', *, *, #2847, .F. ) ;
#5480 = LINE ( 'NONE', #2022, #3457 ) ;
#5481 = CARTESIAN_POINT ( 'NONE',  ( 0.7947137176497899302, 0.3440786106546511736, 0.5989999999999994218 ) ) ;
#5482 = CARTESIAN_POINT ( 'NONE',  ( -0.2624219641509711876, 0.09690198395207499926, 0.5989999999999996438 ) ) ;
#5483 = CARTESIAN_POINT ( 'NONE',  ( -0.9350820321365912458, 0.3494070746582178533, 0.5989999999999995328 ) ) ;
#5484 = CARTESIAN_POINT ( 'NONE',  ( -1.032343170146150735, 0.3285027329664727547, 0.5999999999999992006 ) ) ;
#5485 = CARTESIAN_POINT ( 'NONE',  ( -0.3160139569255073222, -0.3331908394558599218, 0.5999999999999993117 ) ) ;
#5486 = CARTESIAN_POINT ( 'NONE',  ( 0.4888792593342711768, 0.3033696475096696044, 0.5989999999999997549 ) ) ;
#5487 = CARTESIAN_POINT ( 'NONE',  ( -0.2328067207120810833, 0.06409506426415624569, 0.5999999999999996447 ) ) ;
#5488 = PLANE ( 'NONE',  #4194 ) ;
#5489 = CARTESIAN_POINT ( 'NONE',  ( -1.038393467938456771, 0.3033696475096696044, 0.5999999999999997558 ) ) ;
#5490 =( NAMED_UNIT ( * ) SI_UNIT ( $, .STERADIAN. ) SOLID_ANGLE_UNIT ( ) );
#5491 = CARTESIAN_POINT ( 'NONE',  ( -0.5457816190783433274, -0.1140507828283561370, 0.5999999999999995337 ) ) ;
#5492 = DIRECTION ( 'NONE',  ( 1.000000000000000000, 0.0000000000000000000, -1.807003620809173399E-16 ) ) ;
#5493 = CARTESIAN_POINT ( 'NONE',  ( -0.4530640103091372328, 0.04435302832406316093, 0.5989999999999994218 ) ) ;
#5494 = EDGE_CURVE ( 'NONE', #5257, #1205, #1513, .T. ) ;
#5495 = EDGE_CURVE ( 'NONE', #3316, #1108, #2641, .T. ) ;
#5496 = CARTESIAN_POINT ( 'NONE',  ( 0.8756836101732554667, 0.1500081165400488636, 0.5989999999999996438 ) ) ;
#5497 = PLANE ( 'NONE',  #5339 ) ;
#5498 = ORIENTED_EDGE ( 'NONE', *, *, #4617, .F. ) ;
#5499 = CARTESIAN_POINT ( 'NONE',  ( 0.5672088985709761166, 0.2750471012323170705, 0.5999999999999995337 ) ) ;
#5500 = CARTESIAN_POINT ( 'NONE',  ( -2.600000000000000533, 1.600000000000000089, 0.5999999999999994227 ) ) ;
#5501 = PLANE ( 'NONE',  #1364 ) ;
#5502 = LINE ( 'NONE', #1686, #3154 ) ;
#5503 = CARTESIAN_POINT ( 'NONE',  ( 0.7073055042061184849, 0.05047991222936447364, 0.5999999999999994227 ) ) ;
#5504 =( GEOMETRIC_REPRESENTATION_CONTEXT ( 3 ) GLOBAL_UNCERTAINTY_ASSIGNED_CONTEXT ( ( #4745 ) ) GLOBAL_UNIT_ASSIGNED_CONTEXT ( ( #1888, #5264, #3959 ) ) REPRESENTATION_CONTEXT ( 'NONE', 'WORKASPACE' ) );
#5505 = EDGE_LOOP ( 'NONE', ( #528, #3183, #3099, #73 ) ) ;
ENDSEC;
END-ISO-10303-21;
