UNITS=MM
#Layer_Physical_Order=1
#Layer_Color=255
#
#Feature symbol names
#
$0 rect1799.99894x1349.99984
$1 rect6919.99886x2510.00006
$2 rect399.9992x1799.99894
$3 rect3450.00072x3650.00032
$4 rect1349.99984x1799.99894
$5 rect900.00074x599.9988
$6 rect599.9988x900.00074
$7 rect800.00094x599.9988
$8 rect1200.00014x800.00094
$9 rect1250.00004x1449.99964
$10 rect1200.00014x1399.99974
$11 rect2150.00078x4249.99912
$12 rect619.99876x660.00122
$13 s299.9994
$14 rect599.9988x1699.99914
$15 rect1000.00054x2799.99948
$16 r225.00082
$17 r399.9992
$18 rect5399.99936x5000.00016
$19 rect1525.00076x650.00124
$20 rect3650.00032x3450.00072
$21 rect1849.99884x3500.00062
$22 rect1475.00086x449.9991
$23 rect2340.0004x3039.999
$24 rect3500.00062x1849.99884
$25 rect800.00094x1200.00014
$26 rect599.9988x800.00094
$27 rect1399.99974x1200.00014
$28 rect700.00114x2000.00108
$29 rect950.00064x3099.99888
$30 rect1250.00004x599.9988
$31 rect1699.99914x599.9988
$32 rect2799.99948x1000.00054
$33 rect660.00122x619.99876
$34 rect3400.00082x2549.99998
$35 rect1449.99964x1250.00004
$36 rect1619.9993x2180.00072
$37 rect2180.00072x1619.9993
$38 rect850.00084x299.9994
$39 rect299.9994x850.00084
$40 s2549.99998
$41 rect3099.99888x950.00064
$42 rect449.9991x1399.99974
$43 rect1889.99876x1569.9994
$44 rect599.9988x1200.00014
$45 rect399.9992x549.9989
$46 rect1000.00054x1749.99904
$47 rect1399.99974x449.9991
$48 rect1569.9994x1889.99876
$49 rect1200.00014x599.9988
$50 r170.31208
$51 r254
$52 r101.6
$53 r140.70584
$54 r203.2
$55 r152.4
$56 r177.8
$57 r127
$58 r88.9
$59 r1016
$60 s1499.99954
$61 r1499.99954
$62 r3570.00048
$63 r2500.00008
$64 s2500.00008
$65 r800.00094
$66 r3300.00102
$67 r403.1996
$68 r703.00088
$69 r502.99874
$70 r1003.00028
$71 r703.199
$72 r249.9995
$73 r599.9988
$74 r503.1994
$75 r609.6

#
#Feature attribute names
#
@0 .geometry
@1 .pad_usage
@2 .smd

#
#Feature attribute text strings
#
&0 SMD_RectX1799.9989Y1349.9998
&1 SMD_RectX6919.9989Y2510.0001
&2 SMD_RectX399.9992Y1799.9989
&3 SMD_RectX3450.0007Y3650.0003
&4 SMD_RectX1349.9998Y1799.9989
&5 SMD_RectX900.0007Y599.9988
&6 SMD_RectX599.9988Y900.0007
&7 SMD_RectX800.0009Y599.9988
&8 SMD_RectX1200.0001Y800.0009
&9 SMD_RectX1250.0000Y1449.9996
&10 SMD_RectX1200.0001Y1399.9997
&11 SMD_RectX2150.0008Y4249.9991
&12 SMD_RectX619.9988Y660.0012
&13 SMD_SquareX299.9994Y299.9994
&14 SMD_RectX599.9988Y1699.9991
&15 SMD_RectX1000.0005Y2799.9995
&16 SMD_RoundX225.0008Y225.0008
&17 SMD_RoundX399.9992Y399.9992
&18 SMD_RectX5399.9994Y5000.0002
&19 SMD_RectX1525.0008Y650.0012
&20 SMD_RectX3650.0003Y3450.0007
&21 SMD_RectX1849.9988Y3500.0006
&22 SMD_RectX1475.0009Y449.9991
&23 SMD_RectX2340.0004Y3039.9990
&24 SMD_RectX3500.0006Y1849.9988
&25 SMD_RectX800.0009Y1200.0001
&26 SMD_RectX599.9988Y800.0009
&27 SMD_RectX1399.9997Y1200.0001
&28 SMD_RectX700.0011Y2000.0011
&29 SMD_RectX950.0006Y3099.9989
&30 SMD_RectX1250.0000Y599.9988
&31 SMD_RectX1699.9991Y599.9988
&32 SMD_RectX2799.9995Y1000.0005
&33 SMD_RectX660.0012Y619.9988
&34 SMD_RectX3400.0008Y2550.0000
&35 SMD_RectX1449.9996Y1250.0000
&36 SMD_RectX1619.9993Y2180.0007
&37 SMD_RectX2180.0007Y1619.9993
&38 SMD_RectX850.0008Y299.9994
&39 SMD_RectX299.9994Y850.0008
&40 SMD_SquareX2550.0000Y2550.0000
&41 SMD_RectX3099.9989Y950.0006
&42 SMD_RectX449.9991Y1399.9997
&43 SMD_RectX1889.9988Y1569.9994
&44 SMD_RectX599.9988Y1200.0001
&45 SMD_RectX399.9992Y549.9989
&46 SMD_RectX1000.0005Y1749.9990
&47 SMD_RectX1399.9997Y449.9991
&48 SMD_RectX1569.9994Y1889.9988
&49 SMD_RectX1200.0001Y599.9988
&50 Pad_Simple_X1016.0000Y1016.0000H0.0000C1016.0000
&51 Pad_Simple_X1499.9995Y1499.9995H1000.0005C2016.0005
&52 Pad_Simple_X3570.0005Y3570.0005H2380.0003C3396.0003
&53 Pad_Simple_X2500.0001Y2500.0001H1649.9992C2665.9992
&54 Pad_Simple_X800.0009Y800.0009H650.0012C1666.0012
&55 Pad_Simple_X3300.0010Y3300.0010H3300.0010C4316.0010
&56 VIA_RoundD403.1996H199.9996C1215.9996
&57 VIA_RoundD703.0009H499.9990C1515.9990
&58 VIA_RoundD502.9987H299.9994C1315.9994
&59 VIA_RoundD1003.0003H800.0009C1816.0009
&60 VIA_RoundD703.1990H499.9990C1515.9990
&61 VIA_RoundD249.9995H199.9996C1215.9996
&62 VIA_RoundD599.9988H299.9994C1315.9994
&63 VIA_RoundD503.1994H299.9994C1315.9994
&64 VIA_RoundD609.6000H304.8000C1320.8000

#
#Layer features
#
L 2.5654 48.23460254 2.5654 49.8094 55 P 0
L 2.5654 48.23460254 3.45440254 47.3456 55 P 0
L 2.5654 49.8094 2.9718 50.2158 55 P 0
L 2.9718 50.2158 3.4757995 50.2158 55 P 0
L 3.45440254 47.3456 7.79780254 47.3456 55 P 0
L 3.4757995 50.2158 3.53000056 50.27000106 55 P 0
L 3.53000056 48.10819944 3.53000056 49.00000106 55 P 0
L 3.53000056 48.10819944 3.8608 47.7774 55 P 0
L 3.53000056 54.08000106 3.53000056 54.91539944 55 P 0
L 3.53000056 54.91539944 4.03740112 55.4228 55 P 0
L 3.8608 47.7774 7.95020254 47.7774 55 P 0
L 4.03740112 55.4228 5.969 55.4228 55 P 0
L 5.969 55.4228 6.5532 54.8386 55 P 0
L 6.5532 49.78400254 6.5532 54.8386 55 P 0
L 6.5532 49.78400254 17.93240254 38.4048 55 P 0
L 7.79780254 47.3456 17.42440254 37.719 55 P 0
L 7.95020254 47.7774 17.65300254 38.0746 55 P 0
L 8.80000018 35.00000112 8.8568022 35.05680314 50 P 0
L 8.8568022 35.05680314 11.2014 35.05680314 50 P 0
L 9.04999968 55.31360032 9.04999968 56.09999956 51 P 0
L 9.04999968 55.31360032 9.25000182 55.11359818 51 P 0
L 9.19999938 63.000001 9.2250006 62.97499978 54 P 0
L 9.2250006 61.0249986 9.2250006 62.97499978 51 P 0
L 9.2250006 61.0249986 9.24999928 60.99999992 54 P 0
L 9.25000182 53.03079818 9.25000182 54.00000122 51 P 0
L 9.25000182 53.03079818 10.00000032 52.28079968 51 P 0
L 9.25000182 54.00000122 9.25000182 55.11359818 51 P 0
L 9.9822 48.6156 9.9822 50.23220078 51 P 0
L 9.9822 50.23220078 10.00000032 50.2500011 51 P 0
L 10.00000032 51.75000064 10.00000032 52.28079968 51 P 0
L 10.00000032 58.89999904 10.00000032 58.97500016 51 P 0
L 10.00000032 58.97500016 10.74999882 59.72499866 51 P 0
L 10.74999882 59.72499866 10.74999882 60.99999992 51 P 0
L 10.75000136 54.00000122 10.795 54.04499986 51 P 0
L 10.795 54.04499986 10.795 55.0418 51 P 0
L 10.795 54.04499986 10.80120014 54.0512 51 P 0
L 10.795 55.0418 10.94999842 55.19679842 51 P 0
L 10.79999872 63.000001 10.84279772 63.0428 51 P 0
L 10.80120014 54.0512 12.0904 54.0512 51 P 0
L 10.84279772 63.0428 12.9794 63.0428 51 P 0
L 10.94999842 55.19679842 10.94999842 56.09999956 51 P 0
L 11.2014 35.05680314 11.21169716 35.0671003 50 P 0
L 11.2014 35.65680194 11.2014 36.3324267 51 P 0
L 11.2014 36.3324267 11.2522 36.3832267 51 P 0
L 11.21169716 35.0671003 12.2119009 35.0671003 50 P 0
L 11.2522 36.3832267 11.2522 36.4236 51 P 0
L 12.2119009 35.0671003 12.2222006 35.0774 50 P 0
L 12.8221994 35.0774 12.83009626 35.06950314 50 P 0
L 12.83009626 35.06950314 13.88590314 35.06950314 50 P 0
L 12.9794 63.0428 15.15720362 63.0428 51 P 0
L 13.45999848 14.79999834 14.4831943 15.82319416 53 P 0
L 13.45999848 16.79999942 14.1817979 16.0782 53 P 0
L 13.45999848 19.29999696 13.462 19.30199848 56 P 0
L 13.462 19.30199848 16.28900476 19.30199848 56 P 0
L 13.88590314 35.06950314 13.8938 35.06160628 50 P 0
L 13.8938 35.06160628 15.0368 35.06160628 50 P 0
L 13.8938 35.6616 13.8938 36.4998 51 P 0
L 14.1817979 16.0782 14.4831943 16.0782 53 P 0
L 14.4831943 15.82319416 17.2252259 15.82319416 53 P 0
L 14.4831943 16.0782 17.1196 16.0782 53 P 0
L 15.0368 35.06160628 15.04160314 35.05680314 50 P 0
L 15.0368 35.6616 15.0368 36.449 51 P 0
L 15.04160314 35.05680314 16.2306 35.05680314 50 P 0
L 15.05000038 55.35879962 15.05000038 56.09999956 51 P 0
L 15.05000038 55.35879962 15.25000252 55.15879748 51 P 0
L 15.15720362 63.0428 15.20000262 63.000001 51 P 0
L 15.25000252 52.99980002 15.25000252 54.00000122 51 P 0
L 15.25000252 52.99980002 16.00000102 52.24980152 51 P 0
L 15.25000252 54.00000122 15.25000252 55.15879748 51 P 0
L 15.25000252 59.72499866 15.25000252 60.99999992 51 P 0
L 15.25000252 59.72499866 16.00000102 58.97500016 51 P 0
L 16.00000102 50.2500011 16.0528 50.19720212 51 P 0
L 16.00000102 51.75000064 16.00000102 52.24980152 51 P 0
L 16.00000102 58.89999904 16.00000102 58.97500016 51 P 0
L 16.002 28.7274 17.55979978 28.7274 51 P 0
L 16.0528 48.5648 16.0528 50.19720212 51 P 0
L 16.2306 35.05680314 16.23540314 35.052 50 P 0
L 16.28900476 19.30199848 16.29100628 19.304 56 P 0
L 16.75000206 54.00000122 16.75000206 54.15000346 51 P 0
L 16.75000206 54.00000122 16.75040084 54.0004 51 P 0
L 16.75000206 54.15000346 16.94999912 54.35000052 51 P 0
L 16.75000206 60.99999992 16.77500328 61.02500114 54 P 0
L 16.75040084 54.0004 18.1356 54.0004 51 P 0
L 16.77500328 61.02500114 16.77500328 62.97500232 51 P 0
L 16.77500328 62.97500232 16.80000196 63.000001 54 P 0
L 16.83539686 35.052 16.8402 35.05680314 50 P 0
L 16.8402 35.05680314 17.98800314 35.05680314 50 P 0
L 16.891 19.304 16.891 20.447 56 P 0
L 16.891 20.447 20.193 23.749 56 P 0
L 16.94999912 54.35000052 16.94999912 56.09999956 51 P 0
L 17.1196 16.0782 18.69339416 17.65199416 53 P 0
L 17.2252259 15.82319416 18.9484 17.54636826 53 P 0
L 17.42440254 37.719 19.9644 37.719 55 P 0
L 17.55979978 28.7274 17.57460036 28.74220058 51 P 0
L 17.57460036 30.94220126 17.891506 31.2591069 57 P 0
L 17.5746029 28.74220058 17.67460016 28.74220058 51 P 0
L 17.65300254 38.0746 20.0406 38.0746 55 P 0
L 17.67460016 28.74220058 18.1476015 29.21520192 51 P 0
L 17.891506 31.2591069 17.891506 31.658306 57 P 0
L 17.891506 31.658306 18.3388 32.1056 57 P 0
L 17.93240254 38.4048 20.1422 38.4048 55 P 0
L 17.9832 35.6616 17.9832 36.5506 51 P 0
L 17.98800314 35.05680314 18.00070314 35.04410314 50 P 0
L 18.00070314 35.04410314 19.06269746 35.04410314 50 P 0
L 18.1476015 29.21520192 18.1476015 29.31519918 51 P 0
L 18.1476015 29.31519918 19.1190499 30.28664758 51 P 0
L 18.2372 32.7914 19.22379696 32.7914 51 P 0
L 18.2372 33.909 19.18179806 33.909 51 P 0
L 18.3388 32.1056 20.48800068 32.1056 57 P 0
L 18.5928 39.37 18.6331733 39.37 51 P 0
L 18.6331733 39.37 18.8617733 39.1414 51 P 0
L 18.69339416 17.65199416 18.69339416 21.4670259 53 P 0
L 18.69339416 21.4670259 20.3667741 23.14040584 53 P 0
L 18.8617733 39.1414 19.61360314 39.1414 51 P 0
L 18.9484 17.54636826 18.9484 21.3614 53 P 0
L 18.9484 21.3614 20.4724 22.8854 53 P 0
L 19.06269746 35.04410314 19.0802006 35.0266 50 P 0
L 19.1190499 30.28664758 19.1190499 30.28665012 51 P 0
L 19.1190499 30.28665012 19.2015999 30.36920012 51 P 0
L 19.1516 36.8150267 19.1516 36.8554 51 P 0
L 19.1516 36.8150267 19.18180314 36.78482356 51 P 0
L 19.18179806 33.909 19.28339806 34.0106 51 P 0
L 19.18180314 36.1188 19.18180314 36.78482356 51 P 0
L 19.2015999 30.36920012 19.2015999 30.46919992 51 P 0
L 19.2015999 30.46919992 19.67460124 30.94220126 51 P 0
L 19.22379696 32.7914 19.27459696 32.8422 51 P 0
L 19.61360314 39.1414 19.62390284 39.1516997 57 P 0
L 19.61360314 39.1414 19.62390284 39.1516997 51 P 0
L 19.67460124 30.94220126 19.77460104 30.94220126 51 P 0
L 19.6801994 35.0266 19.7055994 35.0012 50 P 0
L 19.7055994 35.0012 20.701 35.0012 50 P 0
L 19.77460104 28.74220058 19.87460084 28.74220058 57 P 0
L 19.78179686 36.1188 19.78179686 36.60176576 53 P 0
L 19.78179686 36.1188 19.80094084 36.09965602 53 P 0
L 19.78179686 36.60176576 19.9898 36.8097689 53 P 0
L 19.80094084 36.09965602 20.08331264 36.09965602 57 P 0
L 19.8628 32.85399576 19.8628 33.1724 56 P 0
L 19.8628 32.85399576 19.87459576 32.8422 56 P 0
L 19.8628 33.1724 20.11737658 33.42697658 56 P 0
L 19.87459576 32.8422 20.4978 32.8422 56 P 0
L 19.87460084 28.74220058 20.41110218 29.27870192 57 P 0
L 19.88339686 34.0106 19.89919566 34.0263988 53 P 0
L 19.89919566 34.0263988 21.60879854 34.0263988 53 P 0
L 19.9644 37.719 20.79559976 36.88780024 55 P 0
L 19.9898 36.8097689 19.9898 36.8808 53 P 0
L 20.0406 38.0746 20.79559976 37.31960024 55 P 0
L 20.08331264 36.09965602 20.69916866 35.4838 57 P 0
L 20.11737658 33.42697658 20.47297658 33.42697658 56 P 0
L 20.1422 38.4048 20.79559976 37.75140024 55 P 0
L 20.193 23.749 31.7246 23.749 56 P 0
L 20.21359686 39.1414 20.24809514 39.10690172 53 P 0
L 20.24809514 39.10690172 20.45609828 39.10690172 53 P 0
L 20.3667741 23.14040584 32.0507741 23.14040584 53 P 0
L 20.41110218 29.27870192 20.41110218 29.37870172 57 P 0
L 20.41110218 29.37870172 20.9296 29.89719954 57 P 0
L 20.4216 39.14303576 20.49222978 39.14303576 53 P 0
L 20.45609828 39.10690172 21.12080104 38.44219896 53 P 0
L 20.4724 22.8854 32.1564 22.8854 53 P 0
L 20.47297658 33.42697658 20.5232 33.4772 56 P 0
L 20.48800068 32.1056 21.62459988 33.2421992 57 P 0
L 20.49222978 39.14303576 20.61759656 39.26840254 53 P 0
L 20.4978 32.8422 21.2977984 33.6421984 56 P 0
L 20.4978 39.8069689 20.4978 39.878 53 P 0
L 20.4978 39.8069689 20.61759656 39.68717234 53 P 0
L 20.5486 34.4424 21.62439922 34.4424 55 P 0
L 20.61759656 39.26840254 20.61759656 39.68717234 53 P 0
L 20.69916866 35.4838 20.701 35.4838 57 P 0
L 20.701 35.0012 20.86000146 34.84219854 50 P 0
L 20.701 35.4838 20.955 35.2298 57 P 0
L 20.79559976 36.88780024 21.24120212 36.44219788 55 P 0
L 20.79559976 37.31960024 21.27300038 36.84219962 55 P 0
L 20.79559976 37.75140024 21.30480118 37.24219882 55 P 0
L 20.86000146 34.84219854 21.62459988 34.84219854 50 P 0
L 20.9296 29.89719954 20.9296 30.988 57 P 0
L 20.9296 30.988 22.02460162 32.08300162 57 P 0
L 20.955 35.2298 21.25677486 35.2298 57 P 0
L 21.04999854 54.3500056 21.04999854 56.09999956 54 P 0
L 21.04999854 54.3500056 21.25000068 54.15000346 54 P 0
L 21.12080104 38.44219896 21.62459988 38.44219896 53 P 0
L 21.19999824 63.000001 21.22499946 62.97499978 51 P 0
L 21.22499946 61.0249986 21.22499946 62.97499978 51 P 0
L 21.22499946 61.0249986 21.24999814 60.99999992 51 P 0
L 21.24120212 36.44219788 21.62459988 36.44219788 55 P 0
L 21.25000068 53.07040186 21.25000068 54.00000122 54 P 0
L 21.25000068 53.07040186 21.99999918 52.32040336 54 P 0
L 21.25000068 54.00000122 21.25000068 54.15000346 54 P 0
L 21.25677486 35.2298 21.25871288 35.23173802 57 P 0
L 21.25871288 35.23173802 21.61413762 35.23173802 57 P 0
L 21.27300038 36.84219962 21.62459988 36.84219962 55 P 0
L 21.2977984 33.6421984 21.62459988 33.6421984 56 P 0
L 21.30480118 37.24219882 21.62459988 37.24219882 55 P 0
L 21.4376 30.8356 21.43939832 30.83380168 53 P 0
L 21.43939832 30.53522722 21.43939832 30.83380168 53 P 0
L 21.43939832 30.53522722 21.59596646 30.37865908 53 P 0
L 21.59596646 30.37865908 21.83813768 30.37865908 53 P 0
L 21.60879854 34.0263988 21.62459988 34.04220014 53 P 0
L 21.61413762 35.23173802 21.62459988 35.24220028 57 P 0
L 21.6154 28.956 21.87459938 29.21519938 51 P 0
L 21.62439922 34.4424 21.62459988 34.44219934 55 P 0
L 21.62459988 34.44219934 22.22458852 34.44219934 55 P 0
L 21.83813768 30.37865908 21.87459938 30.34219738 53 P 0
L 21.87459938 29.21519938 21.87459938 29.74220366 51 P 0
L 21.87459938 30.34219738 21.87459938 31.01859938 57 P 0
L 21.87459938 31.01859938 22.2758 31.4198 57 P 0
L 21.91200088 26.3398 21.91200088 27.77960154 51 P 0
L 21.91200088 27.77960154 21.97459918 27.84219984 55 P 0
L 21.9202 20.447 23.6864017 20.447 54 P 0
L 21.97459918 27.84219984 22.05900084 27.9266015 55 P 0
L 21.99999918 50.2500011 22.098 50.15200028 57 P 0
L 21.99999918 51.75000318 21.99999918 52.32040336 54 P 0
L 21.99999918 58.89999904 21.99999918 58.97500016 51 P 0
L 21.99999918 58.97500016 22.74999768 59.72499866 51 P 0
L 22.02460162 32.08300162 22.02460162 33.0421996 57 P 0
L 22.05900084 27.9266015 22.05900084 28.5242 55 P 0
L 22.05900084 28.5242 22.62460042 29.08979958 55 P 0
L 22.098 39.18157518 22.098 39.87119788 56 P 0
L 22.098 39.18157518 22.22460122 39.05497396 56 P 0
L 22.098 39.87119788 22.098 50.15200028 56 P 0
L 22.22458852 34.44219934 22.62459534 34.04219252 55 P 0
L 22.22460122 39.0422003 22.22460122 39.05497396 56 P 0
L 22.2758 31.4198 22.2758 32.86687864 57 P 0
L 22.2758 32.86687864 22.42460082 33.01567946 57 P 0
L 22.42460082 33.01567946 22.42460082 33.0421996 57 P 0
L 22.51402152 39.16555286 22.51402152 39.87119788 56 P 0
L 22.51402152 39.16555286 22.62460042 39.05497396 56 P 0
L 22.51402152 39.87119788 22.51402152 47.4472 56 P 0
L 22.51402152 47.4472 25.31682262 50.2500011 56 P 0
L 22.62459534 34.04219252 22.82460002 33.84218784 55 P 0
L 22.62460042 29.08979958 22.62460042 32.64219786 55 P 0
L 22.62460042 39.0422003 22.62460042 39.05497396 56 P 0
L 22.74999768 59.72499866 22.74999768 60.99999992 51 P 0
L 22.75000022 54.00000122 22.75000022 54.15000346 51 P 0
L 22.75000022 54.00000122 22.978999 54.229 51 P 0
L 22.75000022 54.15000346 22.94999728 54.35000052 51 P 0
L 22.7838 25.3238 22.78789956 25.32789956 51 P 0
L 22.78789956 25.32789956 22.78789956 26.33570298 51 P 0
L 22.78789956 26.33570298 22.79199658 26.3398 51 P 0
L 22.79999758 63.000001 22.84279658 63.0428 51 P 0
L 22.82460002 33.0421996 22.82460002 33.84218784 55 P 0
L 22.82460002 33.0421996 22.8433503 33.02344932 55 P 0
L 22.84279658 63.0428 25.019 63.0428 51 P 0
L 22.8433503 32.90965224 22.8433503 33.02344932 55 P 0
L 22.8433503 32.90965224 23.00585188 32.74715066 55 P 0
L 22.86 6.0452 24.32020536 6.0452 54 P 0
L 22.9108 10.16 24.18500116 10.16 54 P 0
L 22.94999728 54.35000052 22.94999728 56.09999956 51 P 0
L 22.978999 54.229 24.0538 54.229 51 P 0
L 23.00585188 32.66094814 23.00585188 32.74715066 55 P 0
L 23.00585188 32.66094814 23.02460216 32.64219786 55 P 0
L 23.0124 40.5638 23.02757904 40.5638 53 P 0
L 23.02460216 31.48379784 23.02460216 32.64219786 55 P 0
L 23.02460216 31.48379784 23.0378 31.4706 55 P 0
L 23.02460216 39.0422003 23.02460216 39.68799784 53 P 0
L 23.02460216 39.68799784 23.46860432 40.132 53 P 0
L 23.02757904 40.5638 23.31178218 40.84800314 53 P 0
L 23.2156 28.9814 23.2156 28.99788714 51 P 0
L 23.2156 28.99788714 23.4442 29.22648714 51 P 0
L 23.31178218 40.84800314 23.9776 40.84800314 53 P 0
L 23.37460146 27.84219984 23.61110086 28.07869924 55 P 0
L 23.42460136 32.64219786 23.43440068 32.63239854 53 P 0
L 23.43440068 30.38339872 23.43440068 32.63239854 57 P 0
L 23.43440068 30.38339872 23.4442 30.3735994 53 P 0
L 23.4442 29.22648714 23.4442 29.7736006 51 P 0
L 23.46860432 40.132 23.749 40.132 53 P 0
L 23.61110086 28.07869924 23.61110086 28.51330086 55 P 0
L 23.61110086 28.51330086 24.1808 29.083 55 P 0
L 23.6474 17.145 23.6474 18.7080017 53 P 0
L 23.6474 18.7080017 23.7236 18.7842017 53 P 0
L 23.6474 41.9354 23.67594706 41.90685294 51 P 0
L 23.67594706 41.90685294 23.7597569 41.90685294 51 P 0
L 23.6864017 20.447 23.7236 20.4841983 54 P 0
L 23.7236 18.7842017 23.9150017 18.5928 53 P 0
L 23.749 40.132 23.749 40.17427576 53 P 0
L 23.749 40.17427576 23.9828832 40.40815896 53 P 0
L 23.7597569 41.90685294 23.9546003 41.71200954 51 P 0
L 23.82460056 31.39499944 23.82460056 31.81319774 55 P 0
L 23.82460056 31.39499944 24.1808 31.0388 55 P 0
L 23.82460056 31.81319774 23.82460056 32.64219786 55 P 0
L 23.9150017 18.5928 25.9334 18.5928 53 P 0
L 23.9546003 41.47099656 23.9546003 41.71200954 51 P 0
L 23.9546003 41.47099656 23.9776 41.44799686 51 P 0
L 23.95700568 40.82740882 23.9776 40.84800314 53 P 0
L 23.9828832 39.9743168 23.9828832 40.40815896 53 P 0
L 23.9828832 39.9743168 24.6246015 39.3325985 53 P 0
L 23.9828832 40.40815896 23.9828832 40.84200112 53 P 0
L 24.0411 40.78450314 24.12519686 40.8686 53 P 0
L 24.12519686 40.8686 25.4 40.8686 53 P 0
L 24.1808 29.083 24.1808 31.0388 55 P 0
L 24.18500116 10.16 24.47500058 10.44999942 54 P 0
L 24.2246023 31.47160838 24.2246023 31.81319774 55 P 0
L 24.2246023 31.47160838 24.6920004 31.00421028 55 P 0
L 24.2246023 31.81319774 24.2246023 32.64219786 55 P 0
L 24.32020536 6.0452 24.47500058 6.19999522 54 P 0
L 24.5618 28.702 24.6173498 28.7575498 51 P 0
L 24.5872 40.1066 25.0246007 39.6691993 52 P 0
L 24.6173498 28.7575498 24.8967498 28.7575498 51 P 0
L 24.6246015 39.0422003 24.6246015 39.3325985 53 P 0
L 24.6920004 30.60127992 24.6920004 31.00421028 55 P 0
L 24.6920004 30.60127992 24.78127632 30.512004 55 P 0
L 24.78127632 30.512004 24.81380102 30.512004 55 P 0
L 24.81380102 30.512004 24.9808746 30.34493042 55 P 0
L 24.8158 14.4272 26.42720394 14.4272 51 P 0
L 24.8967498 28.7575498 25.0476004 28.9084004 51 P 0
L 24.9808746 30.33020858 24.9808746 30.34493042 55 P 0
L 24.9936 31.25033374 24.9936 31.3182 55 P 0
L 24.9936 31.25033374 25.0476004 31.19633334 55 P 0
L 25.019 63.0428 27.15720248 63.0428 51 P 0
L 25.0246007 31.84600184 25.0246007 32.64219786 57 P 0
L 25.0246007 31.84600184 25.0574048 31.81319774 57 P 0
L 25.0246007 39.0422003 25.0246007 39.6691993 52 P 0
L 25.0476004 28.9084004 25.0476004 29.37820134 51 P 0
L 25.0476004 30.25820212 25.0476004 31.19633334 55 P 0
L 25.0574048 31.81319774 25.84419774 31.0264048 57 P 0
L 25.0746006 27.74220004 25.11239834 27.7044023 57 P 0
L 25.0746006 27.74220004 25.2476 27.91519944 57 P 0
L 25.11239834 26.2636 25.11239834 27.7044023 51 P 0
L 25.2476 27.91519944 25.2476 28.2702 57 P 0
L 25.2476 28.2702 25.84419774 28.86679774 57 P 0
L 25.29127022 34.04219252 25.62460204 33.7088607 57 P 0
L 25.31682262 50.2500011 27.99999988 50.2500011 56 P 0
L 25.3492 39.99958726 25.3492 40.0812 52 P 0
L 25.3492 39.99958726 25.4245999 39.92418736 52 P 0
L 25.4 40.8686 25.82460164 40.44399836 53 P 0
L 25.4245999 32.64219786 25.4254 32.64139776 57 P 0
L 25.4245999 39.0422003 25.4245999 39.92418736 52 P 0
L 25.4254 31.7754 25.4254 32.64139776 57 P 0
L 25.4254 31.7754 26.46969306 30.73110694 57 P 0
L 25.62460204 33.0073127 25.62460204 33.0421996 57 P 0
L 25.62460204 33.0073127 25.781 32.85091474 57 P 0
L 25.62460204 33.0421996 25.62460204 33.7088607 57 P 0
L 25.7048 16.4592 26.9868015 16.4592 54 P 0
L 25.781 31.9786 25.781 32.85091474 57 P 0
L 25.781 31.9786 26.2382 31.5214 57 P 0
L 25.82460164 39.0422003 25.82460164 40.44399836 53 P 0
L 25.84419774 28.86679774 25.84419774 31.0264048 57 P 0
L 25.99239912 26.2636 26.01779912 26.289 58 P 0
L 26.01369956 25.29430044 26.01369956 26.28490044 51 P 0
L 26.01369956 25.29430044 26.035 25.273 51 P 0
L 26.01369956 26.28490044 26.01779912 26.289 51 P 0
L 26.02460124 32.31919876 26.02460124 33.0421996 57 P 0
L 26.02460124 32.31919876 26.53060226 31.81319774 57 P 0
L 26.22460084 39.0422003 26.22460084 40.6463881 52 P 0
L 26.22460084 40.6463881 26.3652 40.78698726 52 P 0
L 26.2636 28.6766 26.2937498 28.7067498 51 P 0
L 26.2937498 28.7067498 26.5985498 28.7067498 51 P 0
L 26.3652 40.78698726 26.3652 40.8686 52 P 0
L 26.42460044 32.27479956 26.42460044 33.0421996 57 P 0
L 26.42460044 32.27479956 28.05449812 30.64490188 57 P 0
L 26.42720394 14.4272 26.45000298 14.44999904 51 P 0
L 26.46969306 30.4853086 26.46969306 30.73110694 57 P 0
L 26.46969306 30.4853086 26.67 30.28500166 57 P 0
L 26.47460034 27.74220004 26.47460034 27.84220238 57 P 0
L 26.47460034 27.84220238 26.71109974 28.07870178 57 P 0
L 26.53060226 31.81319774 27.3304 31.0134 57 P 0
L 26.5985498 28.7067498 26.67 28.7782 51 P 0
L 26.62460004 39.0422003 26.62460004 40.36600004 57 P 0
L 26.62460004 40.36600004 27.07716708 40.81856708 51 P 0
L 26.62460766 34.04219252 26.82461488 34.24219974 52 P 0
L 26.67 28.7782 26.67 29.40500088 51 P 0
L 26.67 32.4104 26.67 32.85420404 52 P 0
L 26.67 32.4104 27.94 31.1404 52 P 0
L 26.67 32.85420404 26.82460218 33.00880622 52 P 0
L 26.71109974 28.07870178 26.75970518 28.07870178 57 P 0
L 26.75970518 28.07870178 27.3304 28.6493966 57 P 0
L 26.82460218 33.00880622 26.82460218 33.0421996 52 P 0
L 26.82461488 34.24219974 27.62460058 34.24219974 52 P 0
L 26.9868015 16.4592 27.0122015 16.4846 54 P 0
L 27.02460178 32.64219786 27.04335206 32.62344758 57 P 0
L 27.02460178 39.0422003 27.02510216 39.04270068 52 P 0
L 27.02510216 39.04270068 27.02510216 39.90290216 52 P 0
L 27.02510216 39.90290216 27.0256 39.9034 52 P 0
L 27.04335206 32.34184794 27.04335206 32.62344758 57 P 0
L 27.04335206 32.34184794 27.9908 31.3944 57 P 0
L 27.04999924 54.35000306 27.04999924 56.09999956 54 P 0
L 27.04999924 54.35000306 27.24999884 54.15000346 54 P 0
L 27.07716708 40.81856708 27.27615322 40.81856708 51 P 0
L 27.15720248 63.0428 27.20000148 63.000001 51 P 0
L 27.22460138 33.01938786 27.22460138 33.0421996 53 P 0
L 27.22460138 33.01938786 27.36959728 32.87439196 53 P 0
L 27.24999884 53.11560116 27.24999884 54.00000122 54 P 0
L 27.24999884 53.11560116 27.99999988 52.36560012 54 P 0
L 27.24999884 54.00000122 27.24999884 54.15000346 54 P 0
L 27.25000138 60.99999992 27.2542 60.9958013 51 P 0
L 27.2542 59.72080004 27.2542 60.9958013 51 P 0
L 27.2542 59.72080004 27.99999988 58.97500016 51 P 0
L 27.30499746 18.79600254 27.30499746 20.29459746 54 P 0
L 27.30499746 18.79600254 27.5082 18.5928 54 P 0
L 27.30499746 20.29459746 27.50320128 20.49280128 54 P 0
L 27.3304 28.6493966 27.3304 31.0134 57 P 0
L 27.3558 40.84799806 27.43544678 40.92764484 57 P 0
L 27.3558 41.44799686 27.3558 41.9608 51 P 0
L 27.3558 41.9608 27.6606 42.2656 51 P 0
L 27.36959728 32.39157098 27.36959728 32.87439196 53 P 0
L 27.36959728 32.39157098 27.63268286 32.1284854 53 P 0
L 27.4193 40.78449806 27.43544678 40.76835128 57 P 0
L 27.42460098 39.0422003 27.70000048 39.3175998 57 P 0
L 27.43544678 40.64135128 27.43544678 40.76835128 57 P 0
L 27.43544678 40.64135128 27.70000048 40.37679758 57 P 0
L 27.43544678 40.92764484 27.59264484 40.92764484 57 P 0
L 27.50320128 20.49280128 28.43340008 20.49280128 54 P 0
L 27.5082 18.5928 28.43340008 18.5928 54 P 0
L 27.59264484 40.92764484 27.9908 41.3258 57 P 0
L 27.62460058 32.49719688 27.62460058 33.0421996 53 P 0
L 27.62460058 32.49719688 27.81299746 32.3088 53 P 0
L 27.62460058 34.24219974 27.64644458 34.24219974 52 P 0
L 27.63268286 32.12848286 27.63268286 32.1284854 53 P 0
L 27.63268286 32.12848286 28.06297156 31.69819416 53 P 0
L 27.64644458 34.24219974 27.82283488 34.06580944 52 P 0
L 27.70000048 39.3175998 27.70000048 40.37679758 57 P 0
L 27.81299746 32.3088 27.813 32.3088 53 P 0
L 27.813 32.3088 27.9855803 32.1362197 53 P 0
L 27.82283488 34.06580944 28.00099302 34.06580944 52 P 0
L 27.8892 28.6766 27.94933704 28.73673704 51 P 0
L 27.94 31.1404 29.21 31.1404 52 P 0
L 27.94933704 28.73673704 28.07619226 28.73673704 51 P 0
L 27.9855803 32.13621716 27.9855803 32.1362197 53 P 0
L 27.9855803 32.13621716 28.16859746 31.9532 53 P 0
L 27.9908 31.3944 29.5402 31.3944 57 P 0
L 27.99999988 51.75000064 27.99999988 52.36560012 54 P 0
L 27.99999988 58.89999904 27.99999988 58.97500016 51 P 0
L 28.00099302 34.06580944 28.02460232 34.04220014 52 P 0
L 28.02460232 33.2421992 29.25457446 33.2421992 53 P 0
L 28.02460232 33.6421984 28.03100312 33.6485992 53 P 0
L 28.02460232 34.04220014 28.8805874 34.04220014 52 P 0
L 28.02460232 34.84219854 29.52976568 34.84219854 53 P 0
L 28.02460232 35.24220028 29.42860002 35.24220028 52 P 0
L 28.02460232 35.64219948 28.0306018 35.6362 52 P 0
L 28.02460232 36.04219868 28.02500364 36.0426 53 P 0
L 28.02460232 37.24219882 28.027503 37.23929814 53 P 0
L 28.02460232 38.04219976 28.45500278 38.04219976 53 P 0
L 28.02460232 38.44219896 28.35839896 38.44219896 57 P 0
L 28.02500364 36.0426 29.5148 36.0426 53 P 0
L 28.027503 37.23929814 29.02930186 37.23929814 53 P 0
L 28.0306018 35.6362 29.4386 35.6362 52 P 0
L 28.03100312 33.6485992 29.337 33.6485992 53 P 0
L 28.05449812 30.64490188 28.07450062 30.64490188 57 P 0
L 28.06297156 31.69819416 31.26337664 31.69819416 53 P 0
L 28.07450062 30.64490188 28.321 30.3984025 57 P 0
L 28.07619226 28.73673704 28.321 28.98154478 51 P 0
L 28.14999958 14.44999904 28.3250005 14.27499812 54 P 0
L 28.14999958 14.44999904 28.51220104 14.8122005 54 P 0
L 28.16859746 31.9532 31.36900254 31.9532 53 P 0
L 28.321 28.98154478 28.321 29.49839922 51 P 0
L 28.321 30.3583975 28.321 30.3784 51 P 0
L 28.321 30.3583975 28.50399938 30.17539812 51 P 0
L 28.321 30.3784 28.321 30.3984025 57 P 0
L 28.3250005 6.2000003 28.3250005 10.43180032 54 P 0
L 28.3250005 10.43180032 28.3250005 10.44999942 54 P 0
L 28.3250005 10.43180032 31.10740032 10.43180032 54 P 0
L 28.3250005 10.44999942 28.3250005 14.27499812 54 P 0
L 28.35839896 38.44219896 29.0576 39.1414 57 P 0
L 28.4226 25.80820086 28.448 25.78280086 58 P 0
L 28.4226 27.5082 28.78528406 27.87088406 52 P 0
L 28.43340008 18.5928 28.51220104 18.51399904 54 P 0
L 28.43340262 19.54280064 28.43850294 19.53770032 54 P 0
L 28.43850294 19.53770032 30.44949968 19.53770032 54 P 0
L 28.448 24.5872 28.448 25.78280086 51 P 0
L 28.45500278 38.04219976 28.7528 37.74440254 53 P 0
L 28.50399938 30.17539812 28.65259192 30.17539812 51 P 0
L 28.51220104 14.8122005 28.51220104 18.51399904 54 P 0
L 28.65259192 30.17539812 28.65279004 30.1752 51 P 0
L 28.65279004 30.1752 29.1846 30.1752 51 P 0
L 28.75000092 54.00000122 28.75000092 54.0306006 51 P 0
L 28.75000092 54.0306006 28.75000092 54.15000346 51 P 0
L 28.75000092 54.0306006 28.99920032 54.2798 51 P 0
L 28.75000092 54.15000346 28.94999798 54.35000052 51 P 0
L 28.75000092 60.99999992 28.77500214 61.02500114 51 P 0
L 28.7528 37.5158 28.7528 37.74440254 53 P 0
L 28.7528 37.5158 29.02930186 37.23929814 53 P 0
L 28.77500214 61.02500114 28.77500214 62.97500232 51 P 0
L 28.77500214 62.97500232 28.80000082 63.000001 51 P 0
L 28.78528406 27.87088406 28.78528406 28.20108406 56 P 0
L 28.78528406 28.20108406 30.099 29.5148 56 P 0
L 28.8805874 34.04220014 29.05218726 34.2138 52 P 0
L 28.94999798 54.35000052 28.94999798 56.09999956 51 P 0
L 28.99920032 54.2798 30.0736 54.2798 51 P 0
L 29.02930186 37.23929814 29.86750186 37.23929814 53 P 0
L 29.05218726 34.2138 29.1338 34.2138 52 P 0
L 29.21 31.1404 30.099 30.2514 56 P 0
L 29.25457446 33.2421992 29.337 33.32462474 53 P 0
L 29.337 33.32462474 29.337 33.6485992 53 P 0
L 29.337 33.6485992 29.337 33.655 53 P 0
L 29.337 33.6485992 29.9909992 33.6485992 53 P 0
L 29.42860002 35.24220028 33.82039972 35.24220028 54 P 0
L 29.44459948 35.64219948 29.69859948 35.64219948 54 P 0
L 29.5148 36.0426 29.8704 36.3982 53 P 0
L 29.52976568 34.84219854 29.9974 34.37456422 53 P 0
L 29.5402 31.3944 30.5308 30.4038 56 P 0
L 29.69859948 35.64219948 30.226 36.1696 54 P 0
L 29.86750186 37.23929814 29.8704 37.2364 53 P 0
L 29.8704 36.3982 29.8704 37.2364 53 P 0
L 29.8704 37.2364 29.8704 38.1813689 53 P 0
L 29.8704 38.1813689 30.0736 38.3845689 53 P 0
L 29.972 32.9438 29.9847 32.9565 57 P 0
L 29.9847 32.9565 29.9847 33.6423 57 P 0
L 29.9847 33.6423 29.9909992 33.6485992 57 P 0
L 29.9909992 33.6485992 29.9974 33.655 53 P 0
L 29.9974 33.655 29.9974 34.37456422 53 P 0
L 30.0736 38.3845689 30.0736 38.4556 53 P 0
L 30.099 29.5148 30.099 30.2514 56 P 0
L 30.226 36.1696 34.544 36.1696 54 P 0
L 30.44949968 19.53770032 30.4546 19.5326 54 P 0
L 30.47039372 37.2364 31.10958726 37.2364 51 P 0
L 30.5308 27.6606 30.5308 30.4038 56 P 0
L 30.5308 27.6606 30.6832 27.5082 56 P 0
L 30.5308 35.7124 31.369 35.7124 54 P 0
L 30.5973988 33.655 30.6100988 33.6677 51 P 0
L 30.6100988 33.6677 31.4579 33.6677 51 P 0
L 30.6832 25.80820086 30.734 25.75740086 58 P 0
L 30.6832 27.5082 31.70716544 27.5082 56 P 0
L 30.69999956 43.69999896 31.6000003 43.69999896 51 P 0
L 30.7086 34.7218 31.4706 34.7218 54 P 0
L 30.734 24.5618 30.734 25.75740086 51 P 0
L 31.10740032 10.43180032 32.61159594 11.93599594 54 P 0
L 31.10958726 37.2364 31.21118726 37.1348 51 P 0
L 31.21118726 37.1348 31.2928 37.1348 51 P 0
L 31.26337664 31.69819416 33.25000716 29.71156364 53 P 0
L 31.369 35.7124 34.1884 35.7124 54 P 0
L 31.36900254 31.9532 33.505013 29.81718954 53 P 0
L 31.4579 33.6677 31.4706 33.6804 51 P 0
L 31.4706 34.7218 33.528 34.7218 54 P 0
L 31.6000003 43.69999896 31.77500122 43.87499988 51 P 0
L 31.70716544 27.5082 32.2072 27.00816544 56 P 0
L 31.7246 23.749 32.2072 24.2316 56 P 0
L 32.0507741 23.14040584 33.25000716 24.3396389 53 P 0
L 32.1564 22.8854 33.505013 24.234013 53 P 0
L 32.2072 24.2316 32.2072 27.00816544 56 P 0
L 32.61159594 11.93599594 35.02399904 11.93599594 54 P 0
L 33.25000716 24.3396389 33.25000716 29.71156364 53 P 0
L 33.505013 24.234013 33.505013 29.81718954 53 P 0
L 33.528 34.7218 34.0106 34.2392 54 P 0
L 33.6042 45.4914 33.6146013 45.5018013 51 P 0
L 33.6146013 45.5018013 33.6146013 47.21460204 51 P 0
L 33.6146013 47.21460204 33.62500006 47.2250008 51 P 0
L 33.82039972 35.24220028 34.544 34.5186 54 P 0
L 34.0106 30.9372 34.0106 34.2392 54 P 0
L 34.0106 30.9372 36.6776 28.2702 54 P 0
L 34.1884 35.7124 35.052 34.8488 54 P 0
L 34.544 31.1912 34.544 34.5186 54 P 0
L 34.544 31.1912 36.957 28.7782 54 P 0
L 34.544 36.1696 35.56 35.1536 54 P 0
L 34.8750001 47.22499826 34.88749944 47.21249892 51 P 0
L 34.88749944 45.51249978 34.88749944 47.21249892 51 P 0
L 34.88749944 45.51249978 34.89999878 45.50000044 51 P 0
L 35.0239965 6.08600002 35.44899692 6.08600002 51 P 0
L 35.02399904 11.93599594 35.02399904 14.75479904 54 P 0
L 35.02399904 11.93599594 35.19180414 12.10380104 54 P 0
L 35.02399904 14.75479904 35.306 15.0368 54 P 0
L 35.052 31.4452 35.052 34.8488 54 P 0
L 35.052 31.4452 37.2872 29.21 54 P 0
L 35.19180414 12.10380104 39.72560254 12.10380104 54 P 0
L 35.306 15.0368 36.1324017 15.0368 54 P 0
L 35.44899692 6.08600002 36.59699818 4.93799876 51 P 0
L 35.56 31.6992 35.56 35.1536 54 P 0
L 35.56 31.6992 37.5412 29.718 54 P 0
L 35.8394 25.5524 37.62919576 25.5524 54 P 0
L 36.09999892 45.50000044 36.1125008 45.51250232 51 P 0
L 36.1125008 45.51250232 36.1125008 47.21249892 51 P 0
L 36.1125008 47.21249892 36.12500014 47.22499826 51 P 0
L 36.13079896 15.03840274 36.13079896 17.145 51 P 0
L 36.13079896 15.03840274 36.1324017 15.0368 51 P 0
L 36.13079896 17.145 36.18319916 17.1974002 51 P 0
L 36.18319916 17.1974002 36.18319916 18.99219976 51 P 0
L 36.18319916 18.99219976 36.23559936 19.04459996 51 P 0
L 36.23559936 19.04459996 36.23559936 19.97959936 51 P 0
L 36.23559936 19.97959936 36.4998 20.2438 51 P 0
L 36.23559936 21.54460004 36.23559936 23.15459936 54 P 0
L 36.23559936 23.15459936 36.6014 23.5204 54 P 0
L 36.4998 20.2438 37.7698 20.2438 51 P 0
L 36.50000066 54.79999962 38.31100288 54.79999962 51 P 0
L 36.59699818 4.9105947 36.59699818 4.93799876 51 P 0
L 36.59699818 4.9105947 36.74578884 4.76180404 51 P 0
L 36.6014 23.5204 37.5275983 23.5204 54 P 0
L 36.6776 28.2702 44.8056 28.2702 54 P 0
L 36.74578884 4.76180404 41.38999596 4.76180404 51 P 0
L 36.957 28.7782 44.45 28.7782 54 P 0
L 37.1856 18.17736776 37.1856 19.04459742 54 P 0
L 37.1856 18.17736776 37.58219814 17.78076962 54 P 0
L 37.2872 29.21 44.196 29.21 54 P 0
L 37.37499764 47.22499826 37.38749952 47.21249638 51 P 0
L 37.38749952 45.51249978 37.38749952 47.21249638 51 P 0
L 37.38749952 45.51249978 37.39999886 45.50000044 51 P 0
L 37.5275983 23.5204 37.7444 23.7372017 54 P 0
L 37.5412 29.718 43.9928 29.718 54 P 0
L 37.58219814 17.19360036 37.58219814 17.78076962 54 P 0
L 37.58219814 17.19360036 37.6307985 17.145 54 P 0
L 37.62919576 25.5524 37.7444 25.43719576 54 P 0
L 37.6307985 17.145 39.5732 17.145 54 P 0
L 37.7444 23.7372017 37.8088017 23.6728 54 P 0
L 37.7698 20.2438 38.13560064 19.87799936 51 P 0
L 37.8088017 23.6728 39.43245352 23.6728 54 P 0
L 37.8323983 15.0368 37.8577983 15.0622 54 P 0
L 37.8577983 15.0622 39.5986 15.0622 54 P 0
L 38.13560064 19.04459996 38.13560064 19.87799936 51 P 0
L 38.31100288 54.79999962 38.63600096 55.1249977 51 P 0
L 38.599999 31.09999876 38.599999 32.27500022 51 P 0
L 38.599999 39.72499802 38.599999 40.79999968 51 P 0
L 38.62500022 47.22499826 38.66250078 47.1874977 51 P 0
L 38.63600096 62.87499744 38.76100452 63.000001 51 P 0
L 38.66250078 45.53749846 38.66250078 47.1874977 51 P 0
L 38.66250078 45.53749846 38.6999988 45.50000044 51 P 0
L 38.76100452 63.000001 40.69999988 63.000001 51 P 0
L 39.43245352 23.6728 39.86425352 24.1046 54 P 0
L 39.7002 6.26180104 39.71079942 6.27240046 51 P 0
L 39.7002 7.6828015 39.85020224 7.6828015 51 P 0
L 39.7002 9.18280104 39.7002 10.5784015 51 P 0
L 39.7002 10.5784015 39.7256 10.6038015 51 P 0
L 39.71079942 6.27240046 41.51039958 6.27240046 51 P 0
L 39.7256 10.6038015 40.66979928 10.6038015 51 P 0
L 39.72560254 12.10380104 39.87560478 12.10380104 54 P 0
L 39.85020224 7.6828015 40.35039936 8.18299862 51 P 0
L 39.86425352 24.1046 39.9288 24.1046 54 P 0
L 39.8750028 47.22499826 39.88750214 47.21249892 51 P 0
L 39.87560478 12.10380104 42.60540374 14.8336 54 P 0
L 39.88750214 45.51249724 39.88750214 47.21249892 51 P 0
L 39.88750214 45.51249724 39.89999894 45.50000044 51 P 0
L 40.30000068 34.10000038 40.31250002 34.11249972 51 P 0
L 40.30000068 35.30000052 40.3374987 35.33749854 51 P 0
L 40.30000068 36.60000046 40.31250002 36.6124998 51 P 0
L 40.30000068 37.8000006 40.3374987 37.83749862 51 P 0
L 40.31250002 34.11249972 41.93749804 34.11249972 51 P 0
L 40.31250002 36.6124998 41.93750058 36.6124998 51 P 0
L 40.3374987 35.33749854 41.91249936 35.33749854 51 P 0
L 40.3374987 37.83749862 41.91249682 37.83749862 51 P 0
L 40.35039936 8.18299862 41.520999 8.18299862 51 P 0
L 40.66979928 10.6038015 41.2239968 11.15799902 51 P 0
L 41.09999908 45.50000044 41.11250096 45.51250232 51 P 0
L 41.11250096 45.51250232 41.11250096 47.21249892 51 P 0
L 41.11250096 47.21249892 41.1250003 47.22499826 51 P 0
L 41.2239968 11.15799902 41.37399904 11.15799902 51 P 0
L 41.37399904 8.32999858 41.37399904 9.65799948 51 P 0
L 41.37399904 8.32999858 41.520999 8.18299862 51 P 0
L 41.37399904 9.65799948 41.37699878 9.66099922 51 P 0
L 41.37699878 9.66099922 43.10080026 9.66099922 51 P 0
L 41.38999596 4.76180404 42.0624 4.0894 51 P 0
L 41.51039958 6.27240046 41.520999 6.28299988 51 P 0
L 41.91249682 37.83749862 41.94999738 37.87499918 51 P 0
L 41.91249936 35.33749854 41.94999992 35.3749991 51 P 0
L 41.93749804 34.11249972 41.94999738 34.12499906 51 P 0
L 41.93750058 36.6124998 41.94999992 36.62499914 51 P 0
L 42.0624 4.0894 45.2628 4.0894 51 P 0
L 42.3749978 47.2250008 42.38749968 47.21249892 51 P 0
L 42.38749968 45.51249978 42.38749968 47.21249892 51 P 0
L 42.38749968 45.51249978 42.39999902 45.50000044 51 P 0
L 42.60540374 14.8336 44.08650314 14.8336 54 P 0
L 42.8244 5.1308 43.2562 5.1308 51 P 0
L 43.10080026 9.66099922 43.1038 9.66399896 51 P 0
L 43.15000006 11.19999792 43.18 11.22999786 51 P 0
L 43.18 11.22999786 43.18 12.446 51 P 0
L 43.2562 5.1308 43.8658 5.7404 51 P 0
L 43.8658 5.7404 43.8658 6.12779318 51 P 0
L 43.8658 6.12779318 44.02100162 6.2829948 51 P 0
L 43.9928 29.718 44.8564 30.5816 54 P 0
L 44.02100162 8.18299862 44.34600224 8.18299862 51 P 0
L 44.02100416 7.23299798 45.29420202 7.23299798 51 P 0
L 44.08650314 14.8336 45.5676 14.8336 54 P 0
L 44.08650314 14.8336 46.15289982 16.89999668 54 P 0
L 44.196 29.21 45.3136 30.3276 54 P 0
L 44.22499918 43.87499988 44.4999999 43.59999916 51 P 0
L 44.34600224 8.18299862 44.8999991 8.73699548 51 P 0
L 44.45 28.7782 45.7708 30.099 54 P 0
L 44.4999999 43.59999916 45.40000064 43.59999916 51 P 0
L 44.4999999 54.79999962 46.31100212 54.79999962 51 P 0
L 44.8056 28.2702 46.3042 29.7688 54 P 0
L 44.8564 30.5816 44.8564 37.4142 54 P 0
L 44.8564 37.4142 46.96720096 39.52500096 54 P 0
L 44.8999991 8.73699548 44.8999991 9.75000082 51 P 0
L 44.8999991 9.75000082 45.05000134 9.75000082 51 P 0
L 44.90000164 11.24999528 44.958 11.30799364 51 P 0
L 44.958 11.30799364 44.958 12.446 51 P 0
L 45.05000134 9.70519776 45.05000134 9.75000082 51 P 0
L 45.05000134 9.70519776 45.1793991 9.5758 51 P 0
L 45.1793991 9.5758 47.5381955 9.5758 51 P 0
L 45.2628 4.0894 45.5676 4.3942 51 P 0
L 45.29420202 7.23299798 45.5676 6.9596 51 P 0
L 45.3136 30.3276 45.3136 37.1348 54 P 0
L 45.3136 37.1348 47.05379972 38.87499972 54 P 0
L 45.5676 4.3942 45.5676 6.9596 51 P 0
L 45.5676 14.8336 47.0154 13.3858 54 P 0
L 45.7708 30.099 45.7708 36.8808 54 P 0
L 45.7708 36.8808 47.11500102 38.22500102 54 P 0
L 46.15289982 16.89999668 49.09999832 16.89999668 54 P 0
L 46.3042 29.7688 46.3042 36.6522 54 P 0
L 46.3042 36.6522 47.2694 37.6174 54 P 0
L 46.31100212 54.79999962 46.6360002 55.1249977 51 P 0
L 46.6360002 62.87499744 46.86100356 63.1000008 51 P 0
L 46.86100356 63.1000008 48.79999892 63.1000008 51 P 0
L 46.96720096 39.52500096 54.34899976 39.52500096 54 P 0
L 47.0154 13.3858 51.6636 13.3858 54 P 0
L 47.05379972 38.87499972 54.34899976 38.87499972 54 P 0
L 47.11500102 38.22500102 54.34899976 38.22500102 54 P 0
L 47.2694 37.6174 51.8668 37.6174 54 P 0
L 47.45839886 7.3914 47.45839886 9.026398 51 P 0
L 47.45839886 9.026398 47.77299818 9.34099732 51 P 0
L 47.5381955 9.5758 47.77299818 9.34099732 51 P 0
L 47.752 34.036 49.18300044 34.036 51 P 0
L 48.514 36.068 49.89100258 36.068 51 P 0
L 48.88740032 7.3406 48.92980308 7.3406 51 P 0
L 48.90099948 20.24699786 49.09999832 20.04799902 54 P 0
L 48.90099948 20.24699786 50.61659676 20.24699786 54 P 0
L 48.90099948 21.946997 48.9458 21.99179752 51 P 0
L 48.92980308 7.3406 49.05680308 7.2136 51 P 0
L 48.9458 21.99179752 48.9458 23.5712 51 P 0
L 49.05680308 7.2136 49.65737084 7.2136 51 P 0
L 49.09999832 15.20000008 49.19999812 15.20000008 51 P 0
L 49.09999832 16.89999668 49.09999832 20.04799902 54 P 0
L 49.09999832 16.89999668 50.54999796 16.89999668 54 P 0
L 49.18300044 34.036 49.36400084 34.2170004 51 P 0
L 49.19999812 15.20000008 49.67299946 14.72699874 51 P 0
L 49.47299478 9.34099478 49.53 9.398 51 P 0
L 49.53 9.398 51.054 9.398 51 P 0
L 49.65737084 7.2136 50.6020324 6.26893844 51 P 0
L 49.67299946 14.70299066 49.67299946 14.72699874 51 P 0
L 49.67299946 14.70299066 49.82179012 14.5542 51 P 0
L 49.82179012 14.5542 50.8508 14.5542 51 P 0
L 49.89100258 36.068 49.94500044 36.12199786 54 P 0
L 50.4952 31.4452 52.13580378 31.4452 51 P 0
L 50.54999796 16.89999668 50.94999716 17.29999588 54 P 0
L 50.61659676 20.24699786 50.8649986 20.4953997 54 P 0
L 50.8649986 20.4953997 50.8649986 20.7159987 54 P 0
L 50.94999716 17.29999588 51.0999994 17.29999588 54 P 0
L 51.06399998 34.2170004 51.44499998 34.5980004 54 P 0
L 51.0999994 15.79999634 51.15100006 15.850997 54 P 0
L 51.15100006 15.850997 52.63699658 15.850997 54 P 0
L 51.44499998 34.5980004 51.44499998 36.1220004 54 P 0
L 51.44499998 36.1220004 51.9462004 36.1220004 54 P 0
L 51.6636 13.3858 53.3273 15.0495 54 P 0
L 51.8668 37.6174 52.55919892 36.92500108 54 P 0
L 51.9462004 36.1220004 52.2986 36.4744 54 P 0
L 52.13580378 31.4452 52.15800338 31.4230004 51 P 0
L 52.15800338 31.4230004 52.15800338 32.6090026 51 P 0
L 52.15800338 32.6090026 52.72699894 33.17799816 51 P 0
L 52.197 14.9606 52.197 15.01471978 54 P 0
L 52.197 15.01471978 52.48959784 15.30731762 54 P 0
L 52.2986 36.4744 53.1114 36.4744 54 P 0
L 52.324 10.414 53.66399986 10.414 54 P 0
L 52.39999934 54.79999962 54.31100136 54.79999962 51 P 0
L 52.48959784 15.30731762 52.48959784 15.70359826 54 P 0
L 52.48959784 15.70359826 52.63699658 15.850997 54 P 0
L 52.55919892 36.92500108 54.34899976 36.92500108 54 P 0
L 52.578 17.6511966 52.578 18.6182 54 P 0
L 52.578 17.6511966 52.8271994 17.4019972 54 P 0
L 52.63699658 15.850997 52.68799724 15.90199766 54 P 0
L 52.68799724 15.90199766 52.83799948 15.90199766 54 P 0
L 52.72699894 33.17799816 52.72699894 33.3280004 51 P 0
L 52.72699894 33.3280004 52.832 33.43300146 51 P 0
L 52.8271994 17.4019972 52.83799948 17.4019972 54 P 0
L 52.832 33.43300146 52.832 35.5854 51 P 0
L 52.832 35.5854 52.8517993 35.6051993 51 P 0
L 52.83799948 15.90199766 52.90860132 15.9725995 54 P 0
L 52.83799948 17.4019972 52.98800172 17.4019972 54 P 0
L 52.8517993 35.6051993 54.32919792 35.6051993 51 P 0
L 52.8574 37.592 52.86590138 37.58349862 54 P 0
L 52.86590138 37.58349862 54.34050092 37.58349862 51 P 0
L 52.90860132 15.9725995 54.3955986 15.9725995 54 P 0
L 52.96499948 20.7159987 52.96499948 23.18100012 51 P 0
L 52.96499948 20.7159987 53.05619818 20.6248 51 P 0
L 52.96499948 23.18100012 54.53799862 24.75399926 51 P 0
L 52.98800172 17.4019972 53.36899918 17.02099974 54 P 0
L 53.05619818 20.6248 53.4924 20.6248 51 P 0
L 53.1114 36.4744 53.31080016 36.27499984 54 P 0
L 53.31080016 36.27499984 54.34899976 36.27499984 54 P 0
L 53.3273 15.0495 53.35580388 15.02099612 54 P 0
L 53.3273 15.0495 53.75039796 15.47259796 54 P 0
L 53.35580388 15.02099612 54.4439983 15.02099612 54 P 0
L 53.36899918 17.02099974 54.4439983 17.02099974 54 P 0
L 53.4924 20.6248 54.12059788 19.99660212 51 P 0
L 53.66399986 10.414 53.79999908 10.54999922 54 P 0
L 53.75039796 15.47259796 54.3955986 15.47259796 54 P 0
L 53.85799998 31.4230004 53.85799998 32.45820534 51 P 0
L 53.85799998 31.4230004 55.2228004 31.4230004 51 P 0
L 53.85799998 32.45820534 54.08699114 32.6871965 51 P 0
L 54.08699114 32.6871965 54.08699114 33.18799052 51 P 0
L 54.08699114 33.18799052 54.22700102 33.3280004 51 P 0
L 54.12059788 18.85360466 54.12059788 19.99660212 51 P 0
L 54.12059788 18.85360466 54.4439983 18.53020424 51 P 0
L 54.22700102 33.3280004 54.22700102 34.85300116 51 P 0
L 54.22700102 34.85300116 54.34899976 34.9749999 51 P 0
L 54.3052 40.86880066 54.3052 41.8338 51 P 0
L 54.3052 40.86880066 54.34899976 40.8250009 51 P 0
L 54.31100136 54.79999962 54.63599944 55.1249977 51 P 0
L 54.32919792 35.6051993 54.34899976 35.62500114 51 P 0
L 54.34050092 37.58349862 54.34899976 37.57499978 54 P 0
L 54.3955986 15.47259796 54.4439983 15.52099766 54 P 0
L 54.3955986 15.9725995 54.4439983 16.0209992 54 P 0
L 54.4439983 16.5209982 56.14399998 16.5209982 54 P 0
L 54.4439983 17.02099974 55.64399844 17.02099974 54 P 0
L 54.4439983 17.52100128 54.4439983 18.53020424 51 P 0
L 54.4439983 18.53020424 54.75320266 18.22099988 51 P 0
L 54.53799862 24.75399926 54.53799862 25.0339987 51 P 0
L 54.63599944 62.87499744 54.761003 63.000001 51 P 0
L 54.6862 13.3604 55.9308 13.3604 54 P 0
L 54.75320266 18.22099988 55.1439969 18.22099988 51 P 0
L 54.761003 63.000001 56.8000007 63.000001 51 P 0
L 55.2303696 31.41543374 55.29071238 31.41543374 51 P 0
L 55.29071238 31.41543374 55.3339 31.45862136 51 P 0
L 55.3339 31.45862136 55.3339 32.2453 51 P 0
L 55.3339 32.2453 56.1626004 33.0740004 51 P 0
L 55.64399844 14.32099752 56.14399998 14.32099752 51 P 0
L 55.64399844 17.02099974 56.14399998 16.5209982 54 P 0
L 55.64399844 18.22099988 55.64400098 18.22100242 54 P 0
L 55.64399844 22.1129987 55.64399844 22.26300094 54 P 0
L 55.64399844 22.1129987 55.64400098 22.11299616 54 P 0
L 55.64399844 22.26300094 56.1848 22.8038025 54 P 0
L 55.64400098 18.22100242 55.64400098 20.4619987 54 P 0
L 55.64400098 20.4619987 55.64400098 22.11299616 54 P 0
L 55.89999996 8.43820004 55.89999996 10.54999922 54 P 0
L 55.89999996 8.43820004 56.89819964 7.44000036 54 P 0
L 55.89999996 10.54999922 55.89999996 12.38979996 54 P 0
L 55.89999996 12.38979996 56.769 13.2588 54 P 0
L 55.9308 13.3604 56.14399998 13.57359998 54 P 0
L 56.14399998 13.57359998 56.14399998 14.32099752 54 P 0
L 56.14399998 14.32099752 56.64399898 14.32099752 51 P 0
L 56.14399998 16.5209982 56.39399948 16.2709987 54 P 0
L 56.14399998 18.22099988 56.14399998 19.31199592 54 P 0
L 56.14399998 19.31199592 57.14400052 20.31199646 54 P 0
L 56.1626004 33.0740004 57.79499998 33.0740004 51 P 0
L 56.1848 22.8038025 56.1848 23.5204 54 P 0
L 56.1848 23.5204 57.6983987 25.0339987 54 P 0
L 56.39399948 16.2709987 57.64400206 17.52100128 54 P 0
L 56.64399898 14.32099752 57.14400052 14.32099752 51 P 0
L 56.64399898 18.22099988 56.64399898 19.10279898 54 P 0
L 56.64399898 19.10279898 56.9976 19.4564 54 P 0
L 56.769 13.2588 59.1566 13.2588 54 P 0
L 56.89819964 7.44000036 58.84999914 7.44000036 54 P 0
L 56.9976 19.4564 57.912 19.4564 54 P 0
L 57.14399798 22.1129987 57.14400052 22.11299616 54 P 0
L 57.14400052 20.31199646 57.14400052 20.4619987 54 P 0
L 57.14400052 20.4619987 57.14400052 22.11299616 54 P 0
L 57.14400052 20.4619987 57.28140182 20.5994 54 P 0
L 57.28140182 20.5994 58.55139928 20.5994 54 P 0
L 57.64400206 17.52100128 57.64400206 18.22099988 54 P 0
L 57.64400206 18.22099988 58.17519988 18.22099988 54 P 0
L 57.6983987 25.0339987 58.7579978 25.0339987 54 P 0
L 57.79499998 31.37400634 57.8358 31.33320632 54 P 0
L 57.79499998 33.0740004 58.03699848 33.3159989 51 P 0
L 57.8358 29.8704 57.8358 31.33320632 54 P 0
L 57.912 19.4564 58.3438 19.8882 54 P 0
L 58.03699848 33.3159989 59.57299998 33.3159989 51 P 0
L 58.17519988 18.22099988 58.5724 18.6182 54 P 0
L 58.3438 19.8882 59.944 19.8882 54 P 0
L 58.34400066 15.02099612 59.17240388 15.02099612 54 P 0
L 58.34400066 15.52099766 59.25660234 15.52099766 54 P 0
L 58.34400066 16.0209992 61.6268008 16.0209992 52 P 0
L 58.34400066 16.5209982 62.6762018 16.5209982 54 P 0
L 58.34400066 17.02099974 62.98999848 17.02099974 54 P 0
L 58.34400066 17.52100128 59.50720128 17.52100128 54 P 0
L 58.55139928 20.5994 58.67999948 20.7280002 54 P 0
L 58.5724 18.6182 58.5724 19.05 54 P 0
L 58.67999948 22.22799974 60.33099694 22.22799974 51 P 0
L 58.7579978 25.0339987 60.2410022 25.0339987 54 P 0
L 58.84999914 11.65999954 59.12999858 11.65999954 52 P 0
L 59.12999858 11.65999954 59.8891995 12.41920046 52 P 0
L 59.1566 13.2588 59.4614 13.5636 54 P 0
L 59.17240388 15.02099612 59.4614 14.732 54 P 0
L 59.182 28.194 61.90399862 28.194 54 P 0
L 59.25660234 15.52099766 59.4614 15.3162 54 P 0
L 59.4614 13.5636 59.4614 14.732 54 P 0
L 59.4614 14.732 59.4614 15.3162 54 P 0
L 59.50720128 17.52100128 59.83499844 17.84879844 54 P 0
L 59.57299998 33.3159989 59.69999998 33.4429989 51 P 0
L 59.69 30.226 59.69 31.93299938 54 P 0
L 59.69 31.93299938 59.69999998 31.94299936 54 P 0
L 59.69999998 33.4429989 59.69999998 34.04780338 51 P 0
L 59.69999998 34.04780338 60.16998634 34.51778974 51 P 0
L 59.83499844 17.84879844 59.83499844 18.8109987 54 P 0
L 59.8891995 12.41920046 59.8891995 13.1277995 52 P 0
L 59.8891995 13.1277995 60.2488 13.4874 52 P 0
L 59.944 19.8882 60.29803028 20.24223028 54 P 0
L 60.16998634 34.51778974 60.16998634 34.91998604 51 P 0
L 60.16998634 34.91998604 60.2250002 34.9749999 51 P 0
L 60.2250002 35.62500114 61.32679886 35.62500114 51 P 0
L 60.2250002 36.27499984 61.31180016 36.27499984 51 P 0
L 60.2250002 36.92500108 61.52539892 36.92500108 54 P 0
L 60.2250002 37.57499978 62.7310023 37.57499978 54 P 0
L 60.2250002 38.22500102 62.07560102 38.22500102 54 P 0
L 60.2250002 38.87499972 65.72279972 38.87499972 54 P 0
L 60.2250002 39.52500096 61.54680096 39.52500096 54 P 0
L 60.2250002 40.17499966 60.2250002 40.8250009 54 P 0
L 60.2250002 40.8250009 60.325 40.9250007 54 P 0
L 60.2410022 25.0339987 60.88000016 24.39500074 54 P 0
L 60.2488 13.4874 61.7728 13.4874 52 P 0
L 60.29803028 20.24223028 60.29803028 20.69502846 54 P 0
L 60.29803028 20.69502846 60.33099948 20.72799766 54 P 0
L 60.325 40.9250007 60.325 41.8338 54 P 0
L 60.33099694 22.22799974 60.33099948 22.2279972 51 P 0
L 60.33099948 22.2279972 61.5576239 22.2279972 51 P 0
L 60.60000072 54.89999942 62.41100294 54.89999942 51 P 0
L 60.88000016 24.39500074 61.95499928 24.39500074 54 P 0
L 60.96 30.226 62.6259987 30.226 54 P 0
L 61.31180016 36.27499984 61.6712 35.9156 51 P 0
L 61.32679886 35.62500114 61.6712 35.2806 51 P 0
L 61.33499798 18.8109987 61.37539668 18.7706 51 P 0
L 61.37539668 18.7706 62.738 18.7706 51 P 0
L 61.52539892 36.92500108 62.2046 36.2458 54 P 0
L 61.54680096 39.52500096 62.2046 40.1828 54 P 0
L 61.5576239 22.2279972 61.6816267 22.352 51 P 0
L 61.6268008 16.0209992 62.84999876 14.79780124 52 P 0
L 61.6458 33.2994 61.6712 33.3248 51 P 0
L 61.6712 33.3248 61.6712 35.2806 51 P 0
L 61.6712 35.2806 61.6712 35.9156 51 P 0
L 61.6816267 22.352 61.722 22.352 51 P 0
L 61.7728 7.5015979 62.14620032 7.87499822 54 P 0
L 61.7728 13.4874 62.84999876 12.41020124 52 P 0
L 61.90399862 28.194 61.95499928 28.24500066 54 P 0
L 61.95499928 24.39500074 63.84120074 24.39500074 54 P 0
L 62.07560102 38.22500102 62.2554 38.4048 54 P 0
L 62.14620032 7.87499822 62.84999876 7.87499822 54 P 0
L 62.2046 35.22183202 62.2046 36.2458 54 P 0
L 62.2046 35.22183202 62.32363202 35.1028 54 P 0
L 62.2046 40.1828 62.8008015 40.1828 54 P 0
L 62.2554 38.4048 65.7606 38.4048 54 P 0
L 62.32363202 35.1028 63.04420208 35.1028 54 P 0
L 62.41100294 54.89999942 62.63600122 55.1249977 51 P 0
L 62.6259987 30.226 62.69999906 30.30000036 54 P 0
L 62.63600122 62.87499744 62.76100478 63.000001 51 P 0
L 62.6762018 16.5209982 63.5762 15.621 54 P 0
L 62.7310023 37.57499978 63.16800168 37.1380004 54 P 0
L 62.76100478 63.000001 64.70000014 63.000001 51 P 0
L 62.8008015 40.1828 62.9278015 40.3098 54 P 0
L 62.84999876 7.87499822 63.25359968 7.87499822 54 P 0
L 62.84999876 11.72499814 62.84999876 12.41020124 52 P 0
L 62.84999876 11.72499814 65.91499644 11.72499814 52 P 0
L 62.84999876 12.41020124 62.84999876 14.79780124 52 P 0
L 62.8904 6.223 62.8904 7.51179854 54 P 0
L 62.8904 7.51179854 63.25359968 7.87499822 54 P 0
L 62.9278015 40.3098 62.9278015 42.0880032 54 P 0
L 62.9278015 42.0880032 63.0682 42.2284017 54 P 0
L 62.98999848 17.02099974 64.62399826 15.38699996 54 P 0
L 63.04420208 35.1028 63.16800168 34.9790004 54 P 0
L 63.0682 42.2284017 63.0682 43.8658 54 P 0
L 63.5762 14.097 63.5762 15.621 54 P 0
L 63.5762 14.097 63.78619958 13.88700042 54 P 0
L 63.78619958 13.88700042 64.7740005 13.88700042 54 P 0
L 63.84120074 24.39500074 64.516 25.0698 54 P 0
L 64.30080104 40.1828 64.47860104 40.3606 51 P 0
L 64.39999566 30.30000036 64.39999566 32.24359566 54 P 0
L 64.39999566 30.30000036 64.516 30.18399602 54 P 0
L 64.39999566 32.24359566 65.0748 32.9184 54 P 0
L 64.47860104 40.1779994 64.47860104 40.3606 51 P 0
L 64.47860104 40.1779994 64.49920044 40.1574 51 P 0
L 64.47860104 40.3606 64.47860104 40.51060224 51 P 0
L 64.47860104 40.51060224 64.49920044 40.53120164 51 P 0
L 64.49920044 40.1574 65.4558 40.1574 51 P 0
L 64.49920044 40.53120164 64.52396798 40.53120164 51 P 0
L 64.516 25.0698 64.516 29.083 54 P 0
L 64.516 29.083 64.516 29.8704 54 P 0
L 64.516 29.083 64.9478 28.6512 54 P 0
L 64.516 29.8704 64.56139996 29.82500004 54 P 0
L 64.52396798 40.53120164 64.643 40.65023366 51 P 0
L 64.56139996 29.82500004 64.87499598 29.82500004 54 P 0
L 64.62399826 15.38699996 64.7740005 15.38699996 54 P 0
L 64.643 40.65023366 64.643 41.9744017 51 P 0
L 64.643 41.9744017 64.8325983 42.164 51 P 0
L 64.7740005 13.88700042 64.92400274 13.88700042 54 P 0
L 64.7740005 15.38699996 66.91099902 15.38699996 51 P 0
L 64.8325983 42.164 64.897 42.2284017 51 P 0
L 64.86799828 34.9790004 66.1129996 34.9790004 51 P 0
L 64.86799828 37.0380006 64.86799828 37.1380004 51 P 0
L 64.86799828 37.0380006 66.1129996 35.79299928 51 P 0
L 64.897 42.2284017 64.897 43.8658 51 P 0
L 64.92400274 13.88700042 65.32360316 13.4874 54 P 0
L 64.9478 28.6512 67.7672 28.6512 54 P 0
L 65.024 18.288 66.80399898 18.288 54 P 0
L 65.0748 32.9184 67.5386 32.9184 54 P 0
L 65.32360316 13.4874 66.32739846 13.4874 54 P 0
L 65.72279972 38.87499972 66.55839876 39.71059876 54 P 0
L 65.7606 38.4048 65.91699796 38.24840204 54 P 0
L 65.91499644 11.72499814 66.12929878 11.93930048 52 P 0
L 65.91699796 38.24840204 66.75260208 38.24840204 54 P 0
L 66.1129996 34.9790004 66.1129996 35.79299928 51 P 0
L 66.1129996 34.9790004 66.548 34.544 51 P 0
L 66.12929878 11.93930048 68.1736 11.93930048 52 P 0
L 66.42100254 13.29760104 67.77660054 13.29760104 51 P 0
L 66.548 29.4894 66.548 30.4412015 54 P 0
L 66.548 31.94120104 66.7463994 31.74280164 54 P 0
L 66.548 34.544 66.97500194 34.97100194 51 P 0
L 66.55839876 39.71059876 66.75260208 39.71059876 54 P 0
L 66.7463994 31.74280164 67.08859836 31.74280164 54 P 0
L 66.75260208 38.24840204 66.95100148 38.05000264 54 P 0
L 66.75260208 39.71059876 66.95100148 39.90899816 54 P 0
L 66.802 43.18 66.84026764 43.14173236 54 P 0
L 66.80399898 18.288 66.9330005 18.15899848 54 P 0
L 66.84026764 41.88473462 66.84026764 43.14173236 54 P 0
L 66.84026764 41.88473462 66.97500194 41.75000032 54 P 0
L 66.91099902 15.38699996 66.9330005 15.40900144 54 P 0
L 66.9330005 18.15899848 67.47400272 18.7000007 54 P 0
L 66.95100148 37.9000004 66.95100148 38.05000264 54 P 0
L 66.95100148 39.90899816 66.95100148 40.0590004 54 P 0
L 66.97500194 34.97100194 66.97500194 36.20000126 51 P 0
L 67.08859836 31.74280164 67.70640002 31.12499998 54 P 0
L 67.30000002 20.6999967 67.31 20.68999672 54 P 0
L 67.30000002 20.6999967 68.951602 20.6999967 54 P 0
L 67.30000002 22.19999878 68.19939878 22.19999878 54 P 0
L 67.31 19.558 67.31 20.68999672 54 P 0
L 67.47400272 18.7000007 70.05000214 18.7000007 54 P 0
L 67.5386 32.9184 68.15159852 32.30540148 54 P 0
L 67.70640002 31.12499998 68.74999966 31.12499998 54 P 0
L 67.7672 28.6512 68.15159852 29.03559852 54 P 0
L 67.77660054 13.29760104 67.9663995 13.4874 52 P 0
L 67.77660054 13.29760104 68.1736 13.29760104 52 P 0
L 68.15159852 29.03559852 68.15159852 29.70159922 54 P 0
L 68.15159852 29.70159922 68.27499934 29.82500004 54 P 0
L 68.15159852 31.8983995 68.15159852 32.30540148 54 P 0
L 68.15159852 31.8983995 68.27499934 31.77499868 54 P 0
L 68.1736 11.7976015 68.7698015 11.7976015 52 P 0
L 68.19939878 22.19999878 68.4784 22.479 54 P 0
L 68.27499934 29.82500004 68.74999966 29.82500004 54 P 0
L 68.27499934 31.77499868 68.74999966 31.77499868 54 P 0
L 68.45100102 37.9000004 68.46300252 37.8879989 51 P 0
L 68.45100102 40.0590004 68.46300252 40.0710019 51 P 0
L 68.46300252 36.21200022 68.46300252 37.8879989 51 P 0
L 68.46300252 36.21200022 68.47500148 36.20000126 51 P 0
L 68.46300252 40.0710019 68.46300252 41.73800136 51 P 0
L 68.46300252 41.73800136 68.47500148 41.75000032 51 P 0
L 68.47500148 35.28399852 68.47500148 36.20000126 51 P 0
L 68.47500148 35.28399852 68.707 35.052 51 P 0
L 68.47500148 41.75000032 68.47500148 50.49180148 51 P 0
L 68.47500148 50.49180148 69.35819758 51.37499758 51 P 0
L 68.4784 22.479 68.4784 22.7838 54 P 0
L 68.4784 22.7838 68.64459982 22.94999982 54 P 0
L 68.50000016 54.89999942 70.41100218 54.89999942 51 P 0
L 68.64459982 22.94999982 69.5500006 22.94999982 54 P 0
L 68.707 35.052 74.32700146 35.052 51 P 0
L 68.7698015 11.7976015 68.9997985 11.7976015 52 P 0
L 68.7698015 11.7976015 69.07500282 12.10280282 52 P 0
L 68.951602 20.6999967 69.07500282 20.82339752 54 P 0
L 68.9997985 11.7976015 69.596 11.2014 52 P 0
L 69.07500282 12.10280282 69.07500282 16.50000256 52 P 0
L 69.07500282 20.82339752 69.07500282 20.89999884 54 P 0
L 69.07500282 20.89999884 69.72500152 20.89999884 54 P 0
L 69.35819758 51.37499758 70.84999546 51.37499758 51 P 0
L 69.44999826 24.8000012 69.5000007 24.74999876 54 P 0
L 69.5000007 22.99999972 69.5000007 24.74999876 54 P 0
L 69.5000007 22.99999972 69.5500006 22.94999982 54 P 0
L 69.5500006 22.94999982 69.7484 22.75160042 54 P 0
L 69.596 11.2014 71.2978 11.2014 52 P 0
L 69.72500152 14.94899728 69.72500152 16.50000256 54 P 0
L 69.72500152 14.94899728 70.05559776 14.61840104 54 P 0
L 69.72500152 19.02500132 69.72500152 20.89999884 54 P 0
L 69.72500152 19.02500132 70.05000214 18.7000007 54 P 0
L 69.7484 22.4282 69.7484 22.75160042 54 P 0
L 69.7484 22.4282 70.37500276 21.80159724 54 P 0
L 70.05000214 18.7000007 71.2921993 18.7000007 54 P 0
L 70.05559776 14.61840104 70.2056 14.61840104 54 P 0
L 70.1802 12.192 70.1802 12.9200021 54 P 0
L 70.1802 12.9200021 70.42522364 13.16502574 54 P 0
L 70.37500276 20.89999884 70.37500276 21.80159724 54 P 0
L 70.41100218 54.89999942 70.63600046 55.1249977 51 P 0
L 70.42522364 13.16502574 70.4342 13.16502574 54 P 0
L 70.63600046 62.87499744 70.76100402 63.000001 51 P 0
L 70.76100402 63.000001 72.69999938 63.000001 51 P 0
L 70.84999546 45.97499822 70.8914 45.93359368 51 P 0
L 70.84999546 45.97499822 72.79540178 45.97499822 51 P 0
L 70.84999546 51.37499758 79.74999798 51.37499758 51 P 0
L 70.8914 43.0022 70.8914 45.93359368 51 P 0
L 70.9499978 24.8000012 71.00000024 24.74999876 54 P 0
L 70.9499978 30.79999936 70.9499978 30.95999904 54 P 0
L 70.9499978 30.79999936 71.27499842 31.12499998 54 P 0
L 70.9499978 30.95999904 71.76499744 31.77499868 54 P 0
L 71.00000024 22.97500104 71.00000024 24.74999876 54 P 0
L 71.00000024 22.97500104 71.0375008 22.93750048 54 P 0
L 71.02500146 16.50000256 71.19920228 16.32580174 52 P 0
L 71.02500146 20.89999884 71.0375008 20.91249818 54 P 0
L 71.02500146 20.89999884 72.99999878 20.89999884 54 P 0
L 71.0375008 20.91249818 71.0375008 22.93750048 54 P 0
L 71.19920228 15.85080142 71.19920228 16.32580174 52 P 0
L 71.19920228 15.85080142 71.225283 15.85080142 52 P 0
L 71.225283 15.85080142 72.1242017 14.95188272 52 P 0
L 71.27499842 31.12499998 73.14999594 31.12499998 54 P 0
L 71.2921993 18.7000007 72.2122 17.78 54 P 0
L 71.2978 11.2014 72.13201728 12.03561728 52 P 0
L 71.76499744 31.77499868 73.14999594 31.77499868 54 P 0
L 72.1242017 12.74581652 72.1242017 14.1224 52 P 0
L 72.1242017 12.74581652 72.13201728 12.73800094 52 P 0
L 72.1242017 14.1224 72.1242017 14.95188272 52 P 0
L 72.13201728 12.03561728 72.13201728 12.73800094 52 P 0
L 72.2122 17.78 73.152 17.78 54 P 0
L 72.517 43.0022 74.2188 43.0022 54 P 0
L 72.79540178 45.97499822 73.279 45.4914 51 P 0
L 72.99999878 20.89999884 73.05000122 20.95000128 54 P 0
L 73.05000122 19.25000468 73.152 19.1480059 54 P 0
L 73.14999594 29.82500004 73.1640015 29.81099448 54 P 0
L 73.14999594 30.47499874 73.22499706 30.54999986 54 P 0
L 73.14999594 31.12499998 73.15999592 31.115 54 P 0
L 73.152 17.78 73.152 19.1480059 54 P 0
L 73.15999592 31.115 74.041 31.115 54 P 0
L 73.1640015 27.1659985 73.1640015 27.8638 54 P 0
L 73.1640015 27.1659985 73.4314 26.8986 54 P 0
L 73.1640015 27.8638 73.1640015 29.81099448 54 P 0
L 73.22499706 30.54999986 76.07499644 30.54999986 54 P 0
L 73.279 44.87383202 73.279 45.4914 51 P 0
L 73.279 44.87383202 73.62783344 44.52499858 51 P 0
L 73.4314 26.8986 75.73716374 26.8986 54 P 0
L 73.62783344 44.52499858 75.29999672 44.52499858 51 P 0
L 74.041 31.115 74.676 31.75 54 P 0
L 74.2188 43.0022 74.5500033 42.6709967 54 P 0
L 74.2447969 14.1780006 74.2495975 14.1732 54 P 0
L 74.2495975 14.1732 75.2602 14.1732 54 P 0
L 74.2832017 24.4211983 74.2832017 25.4762 54 P 0
L 74.2832017 24.4211983 75.3618 23.3426 54 P 0
L 74.32700146 35.052 74.5500033 35.27500184 51 P 0
L 74.5500033 35.27500184 83.45000328 35.27500184 51 P 0
L 74.5500033 40.6750012 74.5500033 41.30160142 54 P 0
L 74.5500033 40.6750012 75.37340272 39.85160178 54 P 0
L 74.5500033 41.30160142 74.5500033 42.6709967 54 P 0
L 74.5500033 41.30160142 75.37340272 42.12500084 54 P 0
L 74.66400358 27.8638 74.7522 27.95199642 54 P 0
L 74.676 31.75 74.676 32.2326 54 P 0
L 74.676 32.2326 76.04239808 32.2326 54 P 0
L 74.7522 27.95199642 74.7522 29.10436902 54 P 0
L 74.7522 29.10436902 74.87123202 29.22340104 54 P 0
L 74.87123202 29.22340104 76.1746 29.22340104 54 P 0
L 75.2749955 48.39999972 75.2856 48.38939522 54 P 0
L 75.2749955 49.89999926 77.20160074 49.89999926 51 P 0
L 75.2856 46.03939484 75.2856 47.244 51 P 0
L 75.2856 46.03939484 75.29999672 46.02499812 54 P 0
L 75.2856 47.244 75.2856 48.38939522 51 P 0
L 75.3618 6.1214 77.089 6.1214 54 P 0
L 75.37340272 42.12500084 79.00000202 42.12500084 54 P 0
L 75.73716374 26.8986 75.85619576 26.77956798 54 P 0
L 75.85619576 25.60320254 75.85619576 26.77956798 54 P 0
L 75.85619576 25.60320254 75.9831983 25.4762 54 P 0
L 75.9831983 25.4762 76.1746 25.6676017 54 P 0
L 76.01679996 25.05799916 76.1746 25.2157992 54 P 0
L 76.04239808 32.2326 76.14999756 32.12500052 54 P 0
L 76.07499644 30.54999986 76.14999756 30.62500098 54 P 0
L 76.14999756 30.62500098 76.1746 30.60039854 54 P 0
L 76.1746 25.6676017 76.1746 27.72339896 54 P 0
L 76.1746 29.22340104 76.1746 30.54999986 54 P 0
L 76.1746 30.54999986 76.1746 30.60039854 54 P 0
L 76.4999994 54.79999962 78.31100162 54.79999962 51 P 0
L 77.089 6.1214 77.3176 6.35 54 P 0
L 77.20160074 49.89999926 77.6986 49.403 51 P 0
L 77.3176 6.35 77.3176 7.25339926 54 P 0
L 77.3176 7.25339926 77.5208 7.45659926 54 P 0
L 77.5208 9.2565982 77.6224 9.3581982 52 P 0
L 77.6224 9.3581982 77.6224 10.3632 52 P 0
L 77.6224 10.3632 78.08719968 10.82799968 52 P 0
L 77.6986 47.3202 77.6986 49.403 51 P 0
L 77.6986 47.3202 78.3336 46.6852 51 P 0
L 78.08719968 10.82799968 83.2612 10.82799968 52 P 0
L 78.31100162 54.79999962 78.6359997 55.1249977 51 P 0
L 78.3336 46.6852 79.34096654 46.6852 51 P 0
L 78.6359997 62.87499744 78.66100346 62.9000012 51 P 0
L 78.66100346 62.9000012 80.80000096 62.9000012 51 P 0
L 78.994 36.76579896 80.27599896 36.76579896 54 P 0
L 78.994 38.2657985 78.994 39.3954 54 P 0
L 78.994 39.3954 78.994 40.61899928 54 P 0
L 78.994 40.61899928 79.00000202 40.6250013 54 P 0
L 79.248 21.336 81.38900664 21.336 51 P 0
L 79.248 23.114 80.81399636 23.114 51 P 0
L 79.34096654 46.6852 79.74999798 46.27616856 51 P 0
L 79.74999798 45.97499822 79.74999798 46.27616856 51 P 0
L 79.74999798 45.97499822 79.90139976 46.1264 51 P 0
L 79.90139976 46.1264 81.7372 46.1264 51 P 0
L 80.27599896 36.76579896 81.1022 37.592 54 P 0
L 80.81399636 23.114 80.92500198 23.22500562 52 P 0
L 81.1022 37.592 81.1022 40.005 54 P 0
L 81.1022 40.005 81.7722012 40.6750012 54 P 0
L 81.38900664 21.336 81.44999712 21.27500952 52 P 0
L 81.7372 46.1264 84.4296 48.8188 51 P 0
L 81.7722012 40.6750012 83.45000328 40.6750012 54 P 0
L 81.89999876 24.7000014 81.89999876 27.70000048 51 P 0
L 81.89999876 24.7000014 82.24140016 24.3586 51 P 0
L 81.89999876 27.70000048 82.22499684 28.02499856 51 P 0
L 82.22499684 28.02499856 82.94999666 28.02499856 51 P 0
L 82.24140016 24.3586 86.1822 24.3586 51 P 0
L 82.62499858 23.22500562 82.82499818 23.02500602 51 P 0
L 82.82499818 23.02500602 86.49960602 23.02500602 51 P 0
L 82.8802 19.5326 84.45758826 19.5326 52 P 0
L 82.9056 17.4752 84.6001864 17.4752 51 P 0
L 82.94999666 21.27500952 82.94999666 21.27580708 51 P 0
L 82.94999666 21.27580708 83.19919606 21.52500648 51 P 0
L 82.94999666 26.52499902 83.0999989 26.52499902 54 P 0
L 82.9818 29.4132 82.99156884 29.4132 51 P 0
L 82.99156884 29.4132 83.20519046 29.19957838 51 P 0
L 83.058 30.7594 84.56559922 30.7594 54 P 0
L 83.0999989 26.52499902 83.2983983 26.72339842 54 P 0
L 83.1596 25.273 83.43293448 25.54633448 51 P 0
L 83.19919606 21.52500648 84.47499742 21.52500648 51 P 0
L 83.20519046 29.19957838 84.53542148 29.19957838 51 P 0
L 83.2612 5.42800032 83.37039968 5.5372 51 P 0
L 83.2983983 26.72339842 83.2983983 26.87340066 54 P 0
L 83.2983983 26.87340066 83.83159764 27.4066 54 P 0
L 83.37039968 5.5372 88.011 5.5372 51 P 0
L 83.43293448 25.54633448 84.32580036 25.54633448 51 P 0
L 83.45000328 40.6750012 83.82 41.04499792 54 P 0
L 83.6168 51.8668 84.23923716 52.48923716 51 P 0
L 83.82 41.04499792 83.82 46.3042 54 P 0
L 83.82 46.3042 84.6328 47.117 54 P 0
L 83.83159764 27.4066 87.0458 27.4066 54 P 0
L 84.23923716 52.48923716 84.93924338 52.48923716 51 P 0
L 84.32580036 25.54633448 84.7988017 26.01933582 51 P 0
L 84.4296 48.8188 85.3560015 48.8188 51 P 0
L 84.45758826 19.5326 84.67499702 19.75000876 52 P 0
L 84.47499742 21.52500648 85.71080648 21.52500648 51 P 0
L 84.50000118 54.79999962 86.31100086 54.79999962 51 P 0
L 84.53542148 29.19957838 84.87619804 28.85880182 51 P 0
L 84.56559922 30.7594 84.79999804 30.52500118 54 P 0
L 84.6001864 17.4752 84.67499702 17.55001062 51 P 0
L 84.6328 47.117 85.3560015 47.117 54 P 0
L 84.7988017 26.01933582 84.7988017 26.0604 51 P 0
L 84.93924338 52.48923716 85.05000516 52.59999894 51 P 0
L 85.2932 43.942 85.33146764 43.98026764 54 P 0
L 85.33146764 43.98026764 85.33146764 45.3564625 54 P 0
L 85.33146764 45.3564625 85.37500324 45.3999981 54 P 0
L 85.35599896 50.37059776 85.35599896 50.5206 51 P 0
L 85.35599896 50.37059776 86.58479508 49.14180164 51 P 0
L 85.71080648 21.52500648 89.36079918 25.17499918 51 P 0
L 86.1822 24.3586 86.1822 24.4801009 51 P 0
L 86.1822 24.4801009 86.4987983 24.7966992 51 P 0
L 86.31100086 54.79999962 86.63599894 55.1249977 51 P 0
L 86.37499362 17.55001062 86.4757097 17.44929454 51 P 0
L 86.37499616 19.75000876 86.37499616 21.40179616 51 P 0
L 86.37499616 21.40179616 89.49820048 24.52500048 51 P 0
L 86.4757097 17.44929454 87.60409454 17.44929454 51 P 0
L 86.4987983 24.7966992 86.4987983 26.0604 51 P 0
L 86.4987983 26.0604 86.97179964 26.53340134 51 P 0
L 86.49960602 23.02500602 89.29960042 25.82500042 51 P 0
L 86.57619464 28.85880182 86.79239182 29.074999 51 P 0
L 86.57619464 31.08380118 86.84979582 30.8102 51 P 0
L 86.58479508 49.14180164 86.68300164 49.14180164 51 P 0
L 86.63599894 62.87499744 86.6610027 62.9000012 51 P 0
L 86.6610027 62.9000012 88.8000002 62.9000012 51 P 0
L 86.68300164 49.14180164 86.85600104 48.96880224 51 P 0
L 86.74999922 52.59999894 86.8619675 52.71196722 51 P 0
L 86.79239182 29.074999 90.53699698 29.074999 51 P 0
L 86.84979582 30.8102 87.503 30.8102 51 P 0
L 86.8559985 50.5206 86.8559985 50.6016006 51 P 0
L 86.8559985 50.6016006 87.0543979 50.8 51 P 0
L 86.85600104 47.117 86.85600104 48.8188 51 P 0
L 86.85600104 48.8188 86.85600104 48.96880224 51 P 0
L 86.85600104 48.8188 86.93220104 48.895 51 P 0
L 86.8619675 52.71196722 87.56076722 52.71196722 51 P 0
L 86.87500278 45.3999981 87.02500502 45.55000034 51 P 0
L 86.93220104 48.895 88.1126 48.895 51 P 0
L 86.97179964 26.53340134 86.97179964 26.69210562 51 P 0
L 86.97179964 26.69210562 87.40469438 27.12500036 51 P 0
L 87.02500502 45.55000034 87.61240034 45.55000034 51 P 0
L 87.0458 27.4066 88.0642003 28.4250003 54 P 0
L 87.0543979 50.8 89.62499982 50.8 51 P 0
L 87.40469438 27.12500036 90.53699698 27.12500036 51 P 0
L 87.503 30.8102 88.58819976 29.72500024 51 P 0
L 87.56076722 52.71196722 88.80636798 53.95756798 51 P 0
L 87.60409454 17.44929454 88.18968392 18.03488392 51 P 0
L 87.61240034 45.55000034 88.0872 46.0248 51 P 0
L 88.0642003 28.4250003 90.53699698 28.4250003 54 P 0
L 88.0872 46.0248 88.0872 47.7266 51 P 0
L 88.0872 47.7266 88.6206 48.26 51 P 0
L 88.1126 48.895 88.67673146 49.45913146 51 P 0
L 88.138 26.162 88.13800254 26.162 51 P 0
L 88.138 27.686 90.44799792 27.686 51 P 0
L 88.13800254 26.162 88.45100166 26.47499912 51 P 0
L 88.18968392 18.03488392 88.18968392 22.47988392 51 P 0
L 88.18968392 22.47988392 89.48408316 23.77428316 51 P 0
L 88.4174 31.2928 88.4174 31.9532 54 P 0
L 88.4174 31.2928 89.33520106 30.37499894 54 P 0
L 88.4174 31.9532 88.4174 33.3924021 54 P 0
L 88.4174 33.3924021 88.52499694 33.49999904 54 P 0
L 88.45100166 26.47499912 90.53699698 26.47499912 51 P 0
L 88.58819976 29.72500024 90.53699698 29.72500024 51 P 0
L 88.6206 48.26 89.62499982 48.26 51 P 0
L 88.67673146 49.45913146 89.55413128 49.45913146 51 P 0
L 88.80636798 53.95756798 90.6018 53.95756798 51 P 0
L 89.2048 15.5956 90.89559418 15.5956 51 P 0
L 89.29960042 25.82500042 90.53699698 25.82500042 51 P 0
L 89.33520106 30.37499894 90.53699698 30.37499894 54 P 0
L 89.36079918 25.17499918 90.53699698 25.17499918 51 P 0
L 89.48408316 23.77428316 89.77770462 23.77428316 51 P 0
L 89.49820048 24.52500048 90.53699698 24.52500048 51 P 0
L 89.55413128 49.45913146 89.62499982 49.53 51 P 0
L 89.5858 45.2882 89.5858 46.95080018 51 P 0
L 89.5858 46.95080018 89.62499982 46.99 54 P 0
L 89.5999986 50.82500122 89.5999986 52.69999874 51 P 0
L 89.5999986 50.82500122 89.62499982 50.8 51 P 0
L 89.77770462 23.77428316 89.78041988 23.77699842 51 P 0
L 89.78041988 23.77699842 89.92649528 23.77699842 51 P 0
L 89.92649528 23.77699842 90.0244961 23.87499924 51 P 0
L 90.0244961 23.87499924 90.53699698 23.87499924 51 P 0
L 90.02499648 33.49999904 91.89999908 33.49999904 51 P 0
L 90.424 21.082 90.424 22.46200232 51 P 0
L 90.424 22.46200232 90.53699698 22.5749993 51 P 0
L 90.44799792 27.686 90.53699698 27.77499906 51 P 0
L 90.53699698 22.5749993 91.6629993 22.5749993 51 P 0
L 90.53699698 26.47499912 93.14999658 26.47499912 51 P 0
L 90.53699698 27.77499906 92.49999788 27.77499906 51 P 0
L 90.6018 53.9496 90.6018 53.95756798 51 P 0
L 90.6018 53.9496 91.10000068 53.45139932 51 P 0
L 90.89559418 15.5956 92.14999604 16.85000186 51 P 0
L 91.10000068 52.69999874 91.10000068 53.45139932 51 P 0
L 91.10000068 52.69999874 92.88279874 52.69999874 51 P 0
L 91.6629993 22.5749993 93.218 24.13 51 P 0
L 92.49999788 27.77499906 93.4749972 26.79999974 51 P 0
L 92.50000042 54.89999942 94.41100244 54.89999942 51 P 0
L 92.88279874 52.69999874 93.4974 53.3146 51 P 0
L 93.14999658 26.47499912 93.218 26.54300254 51 P 0
L 93.218 24.13 93.218 26.54300254 51 P 0
L 93.218 26.54300254 93.4749972 26.79999974 51 P 0
L 93.4749972 26.45000044 93.4749972 26.79999974 51 P 0
L 93.4749972 26.45000044 94.74999846 25.17499918 51 P 0
L 93.4749972 26.79999974 93.4749972 27.14999904 51 P 0
L 93.4749972 27.14999904 94.74999846 28.4250003 51 P 0
L 93.4974 53.3146 94.8436 53.3146 51 P 0
L 94.1832 34.7472 95.59219896 34.7472 51 P 0
L 94.2069998 33.07379974 95.63999922 33.07379974 51 P 0
L 94.41100244 54.89999942 94.63600072 55.1249977 51 P 0
L 94.63600072 62.87499744 94.66100448 62.9000012 51 P 0
L 94.66100448 62.9000012 96.79999944 62.9000012 51 P 0
L 94.6658 51.02340062 94.6658 52.0954 51 P 0
L 94.6658 51.02340062 94.88920062 50.8 54 P 0
L 94.74999846 25.17499918 96.41299742 25.17499918 51 P 0
L 94.74999846 28.4250003 96.41299742 28.4250003 51 P 0
L 94.8436 53.3146 95.4278 52.7304 51 P 0
L 94.88920062 50.8 95.04900218 50.8 54 P 0
L 95.4278 52.7304 96.31959908 52.7304 51 P 0
L 95.4786 12.6746 97.5499954 14.7459954 51 P 0
L 95.59219896 34.7472 95.64299896 34.798 51 P 0
L 95.63999922 33.07379974 95.6430015 33.07079746 51 P 0
L 96.31959908 52.7304 96.32500166 52.72499742 51 P 0
L 96.32500166 52.72499742 96.32500166 53.44980166 51 P 0
L 96.32500166 53.44980166 97.67519962 54.79999962 51 P 0
L 96.41299742 22.5749993 96.41299742 23.22500054 51 P 0
L 96.41299742 22.5749993 96.9254983 22.5749993 51 P 0
L 96.41299742 23.87499924 101.49940076 23.87499924 51 P 0
L 96.41299742 24.52500048 101.7782064 24.52500048 51 P 0
L 96.41299742 25.17499918 96.43479824 25.1968 51 P 0
L 96.41299742 25.82500042 101.60679958 25.82500042 51 P 0
L 96.41299742 26.47499912 96.51099824 26.57299994 51 P 0
L 96.41299742 27.12500036 102.54199964 27.12500036 51 P 0
L 96.41299742 27.77499906 103.08580094 27.77499906 51 P 0
L 96.41299742 28.4250003 98.3568264 28.4250003 51 P 0
L 96.41299742 29.074999 103.182801 29.074999 51 P 0
L 96.41299742 29.72500024 103.90439976 29.72500024 51 P 0
L 96.41299742 30.37499894 96.41299742 31.02500018 51 P 0
L 96.41299742 31.02500018 96.9254983 31.02500018 51 P 0
L 96.43479824 25.1968 98.425 25.1968 51 P 0
L 96.4692 47.9806 96.4692 51.5874 51 P 0
L 96.4692 47.9806 96.67479776 47.77500224 51 P 0
L 96.4692 51.5874 96.7232 51.8414 51 P 0
L 96.51099824 26.57299994 97.14822074 26.57299994 51 P 0
L 96.67479776 47.77500224 98.07499816 47.77500224 51 P 0
L 96.7232 51.8414 97.5614 51.8414 51 P 0
L 96.9254983 22.5749993 97.09969912 22.40079848 51 P 0
L 96.9254983 31.02500018 97.14300104 31.24250292 51 P 0
L 97.09969912 21.46750088 97.09969912 22.40079848 51 P 0
L 97.09969912 21.46750088 97.42240104 21.14479896 51 P 0
L 97.14300104 31.24250292 97.14300104 34.798 51 P 0
L 97.14300104 34.798 98.3234 34.798 51 P 0
L 97.14822074 26.57299994 97.17228978 26.59706898 51 P 0
L 97.17228978 26.59706898 101.95233102 26.59706898 51 P 0
L 97.42240104 21.14479896 98.6028 21.14479896 51 P 0
L 97.5499954 14.7459954 97.5499954 16.85000186 51 P 0
L 97.5499954 16.85000186 99.06 18.36000646 51 P 0
L 97.5614 51.8414 97.8092278 52.0892278 51 P 0
L 97.67519962 54.79999962 100.20000026 54.79999962 51 P 0
L 97.8092278 52.0892278 97.8092278 52.70922402 51 P 0
L 97.8092278 52.70922402 97.8250012 52.72499742 51 P 0
L 97.99999958 6.4999997 99.5704003 6.4999997 51 P 0
L 97.99999958 8.99999978 99.62519826 8.99999978 51 P 0
L 98.07499816 47.77500224 98.28340008 47.77500224 51 P 0
L 98.07499816 50.52499928 98.37999882 50.82999994 51 P 0
L 98.28340008 47.77500224 98.8568 48.34840216 51 P 0
L 98.3234 34.798 98.5386777 34.5827223 51 P 0
L 98.3568264 28.4250003 98.4100267 28.3718 51 P 0
L 98.37999882 50.82999994 100.998401 50.82999994 51 P 0
L 98.4100267 28.3718 98.4504 28.3718 51 P 0
L 98.5249998 44.47499868 98.552 44.44799848 52 P 0
L 98.5249998 45.97499822 99.36579822 45.97499822 51 P 0
L 98.5386777 34.19498622 98.5386777 34.5827223 51 P 0
L 98.5386777 34.19498622 98.57587092 34.157793 51 P 0
L 98.552 43.18 98.552 44.44799848 51 P 0
L 98.57587092 33.80342998 98.57587092 34.157793 51 P 0
L 98.57587092 33.80342998 98.9838 33.3955009 51 P 0
L 98.6028 21.14479896 100.2284 21.14479896 51 P 0
L 98.6028 22.6447985 100.2284 22.6447985 51 P 0
L 98.8568 48.34840216 98.8568 48.6918 51 P 0
L 98.8568 48.6918 99.72499994 49.55999994 51 P 0
L 98.9838 33.274 98.9838 33.3955009 51 P 0
L 99.06 18.36000646 99.06 19.431 51 P 0
L 99.06 19.431 100.203 20.574 51 P 0
L 99.1307009 33.3756 99.50629832 33.00000258 51 P 0
L 99.36579822 45.97499822 99.7204 46.3296 51 P 0
L 99.50629832 33.00000258 103.04999964 33.00000258 51 P 0
L 99.51720254 31.0896 100.25380254 31.8262 51 P 0
L 99.5704003 6.4999997 100.1703991 5.9000009 51 P 0
L 99.62519826 8.99999978 100.78759624 10.16239776 51 P 0
L 99.7204 46.3296 99.7204 47.7266 51 P 0
L 99.7204 47.7266 100.26472962 48.27092962 51 P 0
L 99.72499994 49.55999994 101.21299798 49.55999994 51 P 0
L 100.076 43.18 100.08979474 43.19379474 51 P 0
L 100.08979474 43.19379474 100.08979474 43.48212538 51 P 0
L 100.08979474 43.48212538 100.7230015 44.11533214 51 P 0
L 100.1703991 5.9000009 104.59999908 5.9000009 51 P 0
L 100.203 20.574 100.203 21.11939896 51 P 0
L 100.203 21.11939896 100.2284 21.14479896 51 P 0
L 100.2284 22.6447985 100.9262015 22.6447985 51 P 0
L 100.25380254 31.8262 101.97619686 31.8262 51 P 0
L 100.26472962 48.27092962 101.19392766 48.27092962 51 P 0
L 100.7230015 44.11533214 100.7230015 44.831 51 P 0
L 100.77500038 51.05340056 100.77500038 52.84999844 51 P 0
L 100.77500038 51.05340056 100.998401 50.82999994 51 P 0
L 100.77500038 52.84999844 100.82592738 52.90092544 51 P 0
L 100.78759624 10.16239776 101.56359672 10.16239776 51 P 0
L 100.82592738 52.90092544 100.82592738 53.53220942 51 P 0
L 100.82592738 53.53220942 101.5270004 54.23328244 51 P 0
L 100.9262015 22.6447985 101.5492 22.0218 51 P 0
L 100.98700148 17.272 101.3206 17.60559852 51 P 0
L 100.998401 50.82999994 101.21299798 50.82999994 51 P 0
L 101.19392766 48.27092962 101.21299798 48.28999994 51 P 0
L 101.21299798 47.01999994 103.04320006 47.01999994 51 P 0
L 101.3206 17.60559852 101.3206 18.7452 51 P 0
L 101.3206 18.7452 102.7176 20.1422 51 P 0
L 101.473 3.0734 101.473 4.47299842 51 P 0
L 101.473 4.47299842 101.55000264 4.55000106 51 P 0
L 101.49940076 23.87499924 102.7176 22.6568 51 P 0
L 101.5270004 54.23328244 101.5270004 54.62700022 51 P 0
L 101.5270004 54.62700022 101.6999998 54.79999962 51 P 0
L 101.56359672 10.16239776 101.7249934 10.32379444 51 P 0
L 101.60679958 25.82500042 106.44800148 20.98379852 51 P 0
L 101.7249934 8.6250018 101.82980396 8.52019124 51 P 0
L 101.7249934 10.32379444 101.7249934 11.97500018 51 P 0
L 101.7249934 11.97500018 101.7249934 13.60119708 51 P 0
L 101.7249934 13.60119708 101.78899632 13.6652 51 P 0
L 101.7782064 24.52500048 103.73699852 22.56620836 51 P 0
L 101.82980396 7.94899858 101.82980396 8.52019124 51 P 0
L 101.82980396 7.94899858 102.04109132 7.73771122 51 P 0
L 101.95233102 26.59706898 107.6198 20.9296 51 P 0
L 101.97619686 31.8262 103.04999964 32.90000278 51 P 0
L 102.04109132 7.73770868 102.04109132 7.73771122 51 P 0
L 102.04109132 7.73770868 102.3874 7.3914 51 P 0
L 102.22300104 42.83639896 102.22300104 44.831 51 P 0
L 102.22300104 42.83639896 103.07500086 41.98439914 51 P 0
L 102.27499992 52.84999844 103.70000088 52.84999844 51 P 0
L 102.54199964 27.12500036 108.47239926 21.19460074 51 P 0
L 102.7176 20.1422 102.7176 22.6568 51 P 0
L 103.04320006 47.01999994 103.8606 46.2026 51 P 0
L 103.04999964 32.90000278 103.04999964 33.00000258 51 P 0
L 103.05000218 4.55000106 103.15500324 4.445 51 P 0
L 103.07500086 38.35219914 103.07500086 40.1750022 51 P 0
L 103.07500086 38.35219914 104.8004 36.6268 51 P 0
L 103.07500086 40.1750022 103.07500086 41.98439914 51 P 0
L 103.08580094 27.77499906 107.22418992 23.63661008 51 P 0
L 103.15500324 4.445 104.55500044 4.445 51 P 0
L 103.182801 29.074999 106.68339852 25.57440148 51 P 0
L 103.18900114 13.6652 103.36200054 13.8381994 51 P 0
L 103.21360104 10.3124 103.22499548 10.30100556 51 P 0
L 103.22499294 11.97500018 103.26199312 11.938 51 P 0
L 103.22499548 8.6250018 103.22499548 10.30100556 51 P 0
L 103.26199312 11.938 104.5464 11.938 51 P 0
L 103.36200054 13.8381994 103.36200054 16.89700202 51 P 0
L 103.36200054 16.89700202 103.73699852 17.272 51 P 0
L 103.632 56.81799914 103.632 58.42 51 P 0
L 103.632 56.81799914 103.70000088 56.74999826 51 P 0
L 103.70000088 52.84999844 103.70000088 55.04999912 51 P 0
L 103.70000088 55.04999912 105.90980088 55.04999912 51 P 0
L 103.73699852 17.272 103.73699852 22.56620836 51 P 0
L 103.8606 45.466 103.8606 46.2026 51 P 0
L 103.90439976 29.72500024 105.6132 28.0162 51 P 0
L 104.55500044 4.445 104.59999908 4.40000136 51 P 0
L 104.59999908 5.9000009 106.30000076 5.9000009 51 P 0
L 104.8004 36.6268 111.4044 36.6268 51 P 0
L 104.8004 48.6156 104.8004 51.7398 51 P 0
L 104.8004 48.6156 105.12600006 48.28999994 51 P 0
L 104.8004 51.7398 105.20000296 52.13940296 51 P 0
L 105.12600006 48.28999994 106.63700034 48.28999994 51 P 0
L 105.20000296 52.13940296 105.20000296 52.84999844 51 P 0
L 105.6132 28.0162 108.96260148 28.0162 51 P 0
L 105.6249983 45.07500002 105.6249983 45.76638548 51 P 0
L 105.6249983 45.76638548 106.3214028 46.46278998 51 P 0
L 105.90980088 55.04999912 108.11123412 52.84856588 51 P 0
L 106.30000076 4.40000136 106.3498 4.35020212 51 P 0
L 106.30000076 5.9000009 106.30000076 7.2999981 51 P 0
L 106.30000076 8.70000038 106.30000076 17.272 51 P 0
L 106.3214028 46.46278998 106.3214028 46.82199932 51 P 0
L 106.3214028 46.82199932 106.51940342 47.01999994 51 P 0
L 106.3498 3.0988 106.3498 4.35020212 51 P 0
L 106.44800148 17.272 106.44800148 20.98379852 51 P 0
L 106.51940342 47.01999994 106.63700034 47.01999994 51 P 0
L 106.63700034 48.28999994 107.76760006 48.28999994 51 P 0
L 106.63700034 49.55999994 108.3850004 49.55999994 51 P 0
L 106.63700034 50.82999994 106.807 50.9999996 51 P 0
L 106.68339852 25.57440148 109.2708 25.57440148 51 P 0
L 106.807 50.9999996 106.807 52.197 51 P 0
L 107.12499784 45.07500002 107.26199782 45.212 52 P 0
L 107.22418992 23.63661008 108.95478844 23.63661008 51 P 0
L 107.26199782 45.212 108.458 45.212 51 P 0
L 107.6198 18.85019852 107.6198 20.9296 51 P 0
L 107.6198 18.85019852 109.19799852 17.272 51 P 0
L 107.76760006 48.28999994 108.36423082 47.69336918 51 P 0
L 108.11123412 52.84856588 108.58043562 52.84856588 51 P 0
L 108.36423082 47.69336918 109.40662904 47.69336918 51 P 0
L 108.3850004 49.55999994 109.22499872 50.39999826 51 P 0
L 108.449999 33.00000258 108.55700158 32.893 54 P 0
L 108.47239926 21.1440014 108.47239926 21.19460074 51 P 0
L 108.47239926 21.1440014 109.02039918 20.59600148 51 P 0
L 108.47500022 40.1750022 110.5076022 40.1750022 51 P 0
L 108.55700158 32.893 111.2266 32.893 54 P 0
L 108.58043562 52.84856588 108.5970015 52.832 51 P 0
L 108.95478844 23.63661008 109.2454 23.34599852 51 P 0
L 108.96260148 28.0162 109.2708 28.32439852 51 P 0
L 109.02039918 20.59600148 109.2454 20.59600148 51 P 0
L 109.22499872 50.39999826 109.44999954 50.39999826 51 P 0
L 109.2454 23.34599852 110.76600148 23.34599852 51 P 0
L 109.2708 25.57440148 111.83959852 25.57440148 51 P 0
L 109.40662904 47.69336918 109.44999954 47.64999868 51 P 0
L 109.4232 12.3069985 109.4232 13.716 51 P 0
L 109.4232 12.3069985 109.4486 12.2815985 51 P 0
L 109.44859746 10.78159896 110.83330132 10.78159896 51 P 0
L 109.4486 12.2815985 109.5622015 12.3952 51 P 0
L 109.44999954 50.39999826 109.62996616 50.57996488 51 P 0
L 109.44999954 50.39999826 110.71220174 50.39999826 51 P 0
L 109.5622015 12.3952 110.850299 12.3952 51 P 0
L 109.62996616 50.57996488 109.62996616 51.26076616 51 P 0
L 109.62996616 51.26076616 110.09700104 51.72780104 51 P 0
L 110.09700104 51.72780104 110.09700104 52.832 51 P 0
L 110.5076022 40.1750022 111.0742 40.7416 51 P 0
L 110.71220174 50.39999826 111.0742 50.038 51 P 0
L 110.76600148 23.34599852 111.3282 22.7838 51 P 0
L 110.83330132 10.78159896 111.0232984 10.97159604 51 P 0
L 110.850299 12.3952 111.0232984 12.5681994 51 P 0
L 111.0232984 12.5681994 111.0232984 12.67159518 51 P 0
L 111.05999632 14.30020254 111.05999632 15.30199632 51 P 0
L 111.05999632 15.30199632 111.3282 15.5702 51 P 0
L 111.0742 40.7416 111.0742 50.038 51 P 0
L 111.3282 15.5702 111.3282 19.05 51 P 0
L 111.3282 19.05 111.3282 22.7838 51 P 0
L 111.3282 19.05 111.6584 19.3802 52 P 0
L 111.4044 36.6268 113.85620104 34.17499896 51 P 0
L 111.6584 19.3802 112.4712 19.3802 52 P 0
L 111.83959852 25.57440148 113.9444 23.4696 51 P 0
L 112.4599986 12.73489198 112.4599986 14.30020254 51 P 0
L 112.4599986 12.73489198 112.5232954 12.67159518 51 P 0
L 112.49999852 6.0000007 112.49999852 10.94829408 51 P 0
L 112.49999852 10.94829408 112.52330048 10.97159604 51 P 0
L 112.5232954 10.97160112 112.5232954 12.67159518 51 P 0
L 112.5232954 10.97160112 112.52330048 10.97159604 51 P 0
L 112.5982 40.3606 114.28819916 40.3606 51 P 0
L 112.6744 42.6974 114.37799832 42.6974 54 P 0
L 112.7506 27.1018 112.7506 28.1178 51 P 0
L 112.7506 27.1018 113.03 26.8224 51 P 0
L 113.03 26.8224 115.46080032 26.8224 51 P 0
L 113.1316 38.2016 114.82660296 38.2016 51 P 0
L 113.6904 36.2966 116.02159676 36.2966 51 P 0
L 113.85620104 34.17499896 116.15000138 34.17499896 51 P 0
L 113.9444 18.48248272 113.9444 23.4696 51 P 0
L 113.9444 18.48248272 116.18288168 16.24400104 51 P 0
L 114.28819916 40.3606 114.43939774 40.3606 51 P 0
L 114.37799832 42.6974 114.42879832 42.6466 54 P 0
L 114.43939774 40.3606 114.4499997 40.34999804 52 P 0
L 114.73287442 12.72159508 114.78288194 12.7716026 51 P 0
L 114.73287696 11.02159594 114.73287696 12.72159254 51 P 0
L 114.7328795 6.26712234 114.7328795 11.0215934 51 P 0
L 114.7328795 6.26712234 115.00000114 6.0000007 51 P 0
L 114.78288194 12.7716026 114.78288194 14.34659564 51 P 0
L 114.82660296 38.2016 115.00000114 38.37499818 52 P 0
L 115.0499985 47.90000072 115.13520026 47.81479896 54 P 0
L 115.0499985 53.30000008 116.02599858 52.324 51 P 0
L 115.13520026 47.81479896 116.46799922 46.482 54 P 0
L 115.13520026 47.81479896 119.70780224 47.81479896 54 P 0
L 115.46080032 26.8224 115.61320032 26.9748 51 P 0
L 115.9881983 40.3606 116.17799726 40.17080104 51 P 0
L 115.9881983 42.64660254 116.11519322 42.77359746 54 P 0
L 116.02159676 36.2966 116.12499508 36.39999832 52 P 0
L 116.02599858 52.324 119.126 52.324 51 P 0
L 116.0272 44.6786 116.205 44.5008 54 P 0
L 116.11519322 42.77359746 116.11519322 44.12827344 54 P 0
L 116.11519322 44.12827344 116.205 44.21808022 54 P 0
L 116.17799726 40.17080104 117.9322 40.17080104 51 P 0
L 116.1796 42.4958002 116.1796 42.5958 54 P 0
L 116.1796 42.4958002 117.27540172 41.39999848 54 P 0
L 116.18288168 14.34659818 116.18288168 16.24400104 51 P 0
L 116.205 44.21808022 116.205 44.5008 54 P 0
L 116.205 44.5008 117.8185985 44.5008 54 P 0
L 116.2328765 11.02159594 116.38327244 10.8712 51 P 0
L 116.2328765 12.62263668 116.2328765 12.72159508 51 P 0
L 116.2328765 12.62263668 116.4058759 12.44963728 51 P 0
L 116.32000104 38.3794 117.49079626 38.3794 51 P 0
L 116.38327244 10.8712 117.79179896 10.8712 51 P 0
L 116.4058759 12.44963728 117.71336122 12.44963728 51 P 0
L 116.46799922 46.482 118.0084 46.482 54 P 0
L 117.27540172 41.39999848 122.83699842 41.39999848 54 P 0
L 117.49079626 38.3794 117.78219776 38.6708015 51 P 0
L 117.71336122 12.44963728 117.856 12.3069985 51 P 0
L 117.78219776 38.6708015 117.9322 38.6708015 51 P 0
L 117.79179896 10.8712 117.85600254 10.80699642 51 P 0
L 117.8185985 44.5008 117.9068 44.4125985 54 P 0
L 117.82499422 36.39999832 117.9247959 36.4998 51 P 0
L 117.8306 12.3323985 117.8306 13.716 51 P 0
L 117.8306 12.3323985 117.856 12.3069985 51 P 0
L 117.84999798 34.17499896 119.06179896 34.17499896 51 P 0
L 117.9247959 36.4998 119.1514 36.4998 51 P 0
L 117.9322 38.6708015 117.9442015 38.6588 51 P 0
L 117.9322 40.17080104 118.0030025 40.09999854 51 P 0
L 117.9442015 38.6588 120.1166 38.6588 51 P 0
L 118.0030025 40.09999854 122.83699842 40.09999854 51 P 0
L 118.0846 42.3672 118.0846 42.91259896 54 P 0
L 118.0846 42.3672 118.40180282 42.04999718 54 P 0
L 118.0846 44.4125985 119.8118 44.4125985 54 P 0
L 118.40180282 42.04999718 122.83699842 42.04999718 54 P 0
L 119.06179896 34.17499896 119.9642 35.0774 51 P 0
L 119.1514 36.4998 121.4515986 38.7999986 51 P 0
L 119.5578 49.31480104 119.634 49.39100104 51 P 0
L 119.634 49.39100104 119.634 50.546 51 P 0
L 119.70780224 47.81479896 119.90620164 48.01319836 54 P 0
L 119.8118 42.91259896 119.96180224 42.91259896 54 P 0
L 119.90620164 48.01319836 119.90620164 48.22740164 54 P 0
L 119.90620164 48.22740164 120.8205991 49.1417991 54 P 0
L 119.96180224 42.91259896 120.17440278 42.69999842 54 P 0
L 119.9642 35.0774 119.9642 36.2966 51 P 0
L 119.9642 36.2966 121.81759736 38.14999736 51 P 0
L 120.1166 38.6588 120.8024 39.3446 51 P 0
L 120.17440278 42.69999842 122.83699842 42.69999842 54 P 0
L 120.5374018 22.1488 120.5374018 23.9412018 54 P 0
L 120.5374018 23.9412018 121.01319968 24.41699968 54 P 0
L 120.7262 13.8684 122.2264002 13.8684 54 P 0
L 120.7516 11.4808 122.32019986 11.4808 54 P 0
L 120.8024 39.3446 122.07770606 39.3446 51 P 0
L 120.8205991 49.1417991 121.0612006 49.1417991 54 P 0
L 120.90240488 45.95019512 120.90240488 46.68360488 54 P 0
L 120.90240488 45.95019512 120.9294 45.9232 54 P 0
L 120.90240488 46.68360488 121.2596 47.0408 54 P 0
L 120.904 44.9072 120.904 45.8978 54 P 0
L 120.904 44.9072 121.16120294 44.64999706 54 P 0
L 120.904 45.8978 120.9294 45.9232 54 P 0
L 120.9294 40.767 122.81999566 40.767 51 P 0
L 120.9294 43.6118 121.31759836 43.99999836 51 P 0
L 121.01319968 24.41699968 121.01319968 26.9748 54 P 0
L 121.01319968 26.9748 121.9917677 27.95336802 54 P 0
L 121.01319968 26.9748 123.6726 26.9748 54 P 0
L 121.0612006 49.1417991 121.2596 49.3401985 54 P 0
L 121.16120294 44.64999706 122.83699842 44.64999706 54 P 0
L 121.2596 47.0408 121.2596 47.84019896 54 P 0
L 121.2596 49.3401985 121.40960224 49.3401985 54 P 0
L 121.31759836 43.99999836 122.83699842 43.99999836 51 P 0
L 121.40960224 49.3401985 122.6384009 48.11139984 54 P 0
L 121.4515986 38.7999986 122.83699842 38.7999986 51 P 0
L 121.81759736 38.14999736 122.83699842 38.14999736 51 P 0
L 121.9917677 27.95336802 122.92396802 27.95336802 54 P 0
L 122.07770606 39.3446 122.08510254 39.35199648 51 P 0
L 122.08510254 39.35199648 122.7389976 39.35199648 51 P 0
L 122.2264002 13.8684 122.25139888 13.89339868 54 P 0
L 122.32019986 11.4808 122.32599868 11.48659882 54 P 0
L 122.33740074 22.1488 122.63580248 21.85039826 54 P 0
L 122.63580248 20.18839752 122.63580248 21.85039826 54 P 0
L 122.63580248 20.18839752 123.95139294 18.87280706 54 P 0
L 122.6384009 48.01319836 122.6384009 48.11139984 54 P 0
L 122.6384009 48.01319836 122.8368003 47.81479896 54 P 0
L 122.7389976 39.35199648 122.83699842 39.4499973 51 P 0
L 122.809 35.179 122.809 36.821999 51 P 0
L 122.809 36.821999 122.83699842 36.84999742 51 P 0
L 122.81999566 40.767 122.83699842 40.74999724 51 P 0
L 122.8368003 47.81479896 123.13680478 47.81479896 54 P 0
L 122.83699842 36.84999742 125.11499742 36.84999742 51 P 0
L 122.83699842 40.74999724 125.44999802 40.74999724 51 P 0
L 122.83699842 43.34999712 122.83699842 43.99999836 51 P 0
L 122.83699842 43.34999712 123.84999868 43.34999712 51 P 0
L 122.92396802 27.95336802 124.2568 29.2862 54 P 0
L 122.936 49.3655985 122.936 50.546 51 P 0
L 122.936 49.3655985 122.9868 49.3147985 51 P 0
L 123.00000038 58.49999984 126.18340016 58.49999984 54 P 0
L 123.00000038 60.99999992 126.23234088 60.99999992 54 P 0
L 123.13680478 47.81479896 124.21560374 46.736 54 P 0
L 123.53469832 14.4138015 123.95139294 14.4138015 54 P 0
L 123.6726 26.9748 126.5174 29.8196 54 P 0
L 123.82600076 11.48660136 123.82600076 13.7680065 54 P 0
L 123.82600076 11.48660136 124.17680016 11.48660136 54 P 0
L 123.82600076 13.7680065 123.95139294 13.89339868 54 P 0
L 123.84999868 43.34999712 125.77499864 41.42499716 51 P 0
L 123.95139294 11.71200858 123.95139294 13.89339868 54 P 0
L 123.95139294 11.71200858 124.17680016 11.48660136 54 P 0
L 123.95139294 13.89339868 123.95139294 14.4138015 54 P 0
L 123.95139294 14.4138015 123.95139294 18.87280706 54 P 0
L 123.95139294 14.4138015 124.3717985 14.4138015 54 P 0
L 124.17680016 11.48660136 124.60659864 11.48660136 54 P 0
L 124.21560374 46.736 127.254 46.736 54 P 0
L 124.3717985 13.51459578 124.3717985 14.4138015 54 P 0
L 124.3717985 13.51459578 124.44979428 13.4366 54 P 0
L 124.44979428 13.4366 125.29711796 13.4366 54 P 0
L 124.60659864 11.48660136 125.07540136 11.48660136 54 P 0
L 124.60659864 11.48660136 125.8316 10.2616 54 P 0
L 125.07540136 11.48660136 125.6792 12.0904 54 P 0
L 125.11499742 36.84999742 125.77499864 37.50999864 51 P 0
L 125.29711796 13.4366 125.90671796 12.827 54 P 0
L 125.44999802 40.74999724 125.77499864 41.07499786 51 P 0
L 125.77499864 37.50999864 125.77499864 41.07499786 51 P 0
L 125.77499864 41.07499786 125.77499864 41.42499716 51 P 0
L 125.8316 10.2616 125.984 10.2616 54 P 0
L 125.90671796 12.827 125.97077422 12.827 54 P 0
L 125.984 10.2616 126.0221 10.2997 54 P 0
L 126.0221 10.2997 126.0221 11.5697 54 P 0
L 126.0221 11.5697 126.0856 11.6332 54 P 0
L 126.0348 12.9032 126.111 12.827 54 P 0
L 126.0348 12.9032 126.26403246 13.13243246 54 P 0
L 126.0856 11.6332 126.0856 12.8016 54 P 0
L 126.0856 12.8016 126.111 12.827 54 P 0
L 126.18340016 58.49999984 127.0254 57.658 54 P 0
L 126.23234088 60.99999992 127.73234042 62.49999946 54 P 0
L 126.26403246 13.13243246 126.26403246 13.32345824 54 P 0
L 126.26403246 13.32345824 126.31483246 13.37425824 54 P 0
L 126.31483246 13.37425824 126.31483246 13.53883246 54 P 0
L 126.31483246 13.53883246 128.66820088 15.89220088 54 P 0
L 126.5174 29.8196 128.08460032 29.8196 54 P 0
L 127.0254 57.658 128.9670014 57.658 54 P 0
L 127.254 46.736 128.2792329 45.7107671 54 P 0
L 127.40720264 38.37949398 127.40720264 40.56389398 54 P 0
L 127.40720264 38.37949398 127.63580264 38.15089398 54 P 0
L 127.40720264 40.56389398 127.59339988 40.75009122 54 P 0
L 127.4318 41.6052 127.4318 43.815 54 P 0
L 127.4318 41.6052 127.6096 41.4274 54 P 0
L 127.4318 43.815 127.61679836 43.99999836 54 P 0
L 127.59339988 40.75009122 128.71290488 40.75009122 54 P 0
L 127.6096 41.4274 128.68559734 41.4274 54 P 0
L 127.61679836 43.99999836 128.71299886 43.99999836 54 P 0
L 127.63580264 38.15089398 128.71299886 38.15089398 54 P 0
L 127.73234042 62.49999946 129.02499976 62.49999946 54 P 0
L 128.08460032 29.8196 129.15140032 30.8864 54 P 0
L 128.2792329 45.42339912 128.2792329 45.7107671 54 P 0
L 128.2792329 45.42339912 128.40263372 45.2999983 54 P 0
L 128.40263372 45.2999983 128.71299886 45.2999983 54 P 0
L 128.66820088 15.89220088 131.1656 15.89220088 54 P 0
L 128.68559734 41.4274 128.71299886 41.39999848 54 P 0
L 128.71299886 36.84999742 130.85000246 36.84999742 54 P 0
L 128.71299886 37.49999866 130.87660134 37.49999866 54 P 0
L 128.71299886 38.7999986 129.6274014 38.7999986 51 P 0
L 128.71299886 39.44317486 130.38122514 39.44317486 51 P 0
L 128.71299886 40.09999854 130.51180146 40.09999854 51 P 0
L 128.71299886 42.04999718 132.70259718 42.04999718 51 P 0
L 128.71299886 42.69999842 128.78660044 42.7736 51 P 0
L 128.71299886 43.34999712 134.00259712 43.34999712 51 P 0
L 128.71299886 43.99999836 130.50540066 43.99999836 54 P 0
L 128.71299886 44.64999706 128.71299886 45.2999983 54 P 0
L 128.71309284 40.75009122 131.93340136 40.75009122 54 P 0
L 128.78660044 42.7736 130.81 42.7736 51 P 0
L 128.9670014 57.658 129.10000088 57.52500052 54 P 0
L 129.00000108 11.00000086 129.00000108 12.67660406 54 P 0
L 129.00000108 12.67660406 131.1656 14.84220298 54 P 0
L 129.02499976 60.31703202 129.02499976 62.49999946 54 P 0
L 129.02499976 60.31703202 129.14403178 60.198 54 P 0
L 129.10000088 54.8199945 129.10000088 57.52500052 54 P 0
L 129.10000088 54.8199945 129.9750004 53.94499498 54 P 0
L 129.14403178 60.198 135.128 60.198 54 P 0
L 129.15140032 30.8864 129.15140032 33.42639746 54 P 0
L 129.15140032 33.42639746 131.09999942 35.37499656 54 P 0
L 129.6274014 38.7999986 130.0988 38.3286 51 P 0
L 129.9750004 48.85499754 132.1799998 48.85499754 51 P 0
L 130.0988 38.3286 133.9596 38.3286 51 P 0
L 130.38122514 39.44317486 130.8570027 38.9673973 51 P 0
L 130.50540066 43.99999836 131.39080148 44.88539918 54 P 0
L 130.51180146 40.09999854 131.08600148 39.52579852 51 P 0
L 130.85000246 36.84999742 131.07500074 37.0749957 54 P 0
L 130.87660134 37.49999866 131.07500074 37.30159926 54 P 0
L 131.07500074 37.0749957 131.07500074 37.22499794 54 P 0
L 131.07500074 37.22499794 131.07500074 37.30159926 54 P 0
L 131.08600148 39.52579852 134.77579852 39.52579852 51 P 0
L 131.08750008 35.53749814 131.08750008 37.2124986 54 P 0
L 131.08750008 35.53749814 131.09999942 35.5249988 54 P 0
L 131.09999942 35.37499656 131.09999942 35.5249988 54 P 0
L 131.1656 14.84220298 131.1656 15.89220088 54 P 0
L 131.1656 24.3922042 131.1738042 24.384 54 P 0
L 131.1738042 24.384 137.6172 24.384 51 P 0
L 131.39080148 44.88539918 131.39080148 45.1104 54 P 0
L 131.77499934 62.49999946 131.7909988 62.484 52 P 0
L 131.7909988 62.484 133.35 62.484 52 P 0
L 131.84999792 57.52500052 131.97099844 57.404 52 P 0
L 131.93340136 40.75009122 132.02580148 40.84249134 54 P 0
L 131.97099844 57.404 133.35 57.404 52 P 0
L 132.1799998 48.85499754 133.3080011 47.72699624 51 P 0
L 132.57500028 37.22499794 132.6863996 37.33639726 51 P 0
L 132.59999896 35.5249988 132.63500016 35.56 52 P 0
L 132.63500016 35.56 133.858 35.56 51 P 0
L 132.6863996 37.33639726 133.85639726 37.33639726 51 P 0
L 132.70259718 42.04999718 134.00259712 43.34999712 51 P 0
L 133.3080011 46.72699824 133.3080011 47.72699624 51 P 0
L 133.3080011 46.72699824 134.75039852 45.28460082 51 P 0
L 133.85639726 37.33639726 133.858 37.338 51 P 0
L 133.9596 38.3286 134.77579852 39.14479852 51 P 0
L 134.00259712 43.34999712 134.57998992 43.92738992 51 P 0
L 134.55139968 30.8864 134.57679968 30.861 51 P 0
L 134.57679968 30.861 137.4902 30.861 51 P 0
L 134.57998992 43.92738992 134.57998992 44.8891914 51 P 0
L 134.57998992 44.8891914 134.75039852 45.0596 51 P 0
L 134.72499852 40.82499836 137.34499836 40.82499836 51 P 0
L 134.75039852 45.0596 134.75039852 45.28460082 51 P 0
L 134.77579852 39.14479852 134.77579852 39.52579852 51 P 0
L 134.77579852 39.52579852 134.77579852 40.8432 51 P 0
L 135.128 60.198 138.77500058 56.55099942 54 P 0
L 137.34499836 40.82499836 138.77500058 42.25500058 51 P 0
L 138.77500058 42.25500058 138.77500058 48.95499988 51 P 0
L 138.77500058 54.04499986 138.77500058 56.55099942 54 P 0
P 3.53000056 49.00000106 65 P 0 0 ;0=54,1=0
P 3.53000056 50.27000106 65 P 0 0 ;0=54,1=0
P 3.53000056 51.54000106 65 P 0 0 ;0=54,1=0
P 3.53000056 52.81000106 65 P 0 0 ;0=54,1=0
P 3.53000056 54.08000106 65 P 0 0 ;0=54,1=0
P 3.99999962 3.99999962 66 P 0 0 ;0=55,1=0
P 3.99999962 60.99999992 66 P 0 0 ;0=55,1=0
P 4.80000056 35.00099934 2 P 0 0 ;0=2,1=0,2
P 4.80000056 49.00000106 65 P 0 0 ;0=54,1=0
P 4.80000056 50.27000106 65 P 0 0 ;0=54,1=0
P 4.80000056 51.54000106 65 P 0 0 ;0=54,1=0
P 4.80000056 52.81000106 65 P 0 0 ;0=54,1=0
P 4.80000056 54.08000106 65 P 0 0 ;0=54,1=0
P 7.89999944 35.00099934 2 P 0 0 ;0=2,1=0,2
P 9.04999968 56.09999956 45 P 0 0 ;0=45,1=0,2
P 9.19999938 63.000001 44 P 0 0 ;0=44,1=0,2
P 9.24999928 60.99999992 6 P 0 0 ;0=6,1=0,2
P 9.25000182 54.00000122 6 P 0 0 ;0=6,1=0,2
P 10.00000032 50.2500011 5 P 0 0 ;0=5,1=0,2
P 10.00000032 51.75000064 5 P 0 0 ;0=5,1=0,2
P 10.00000032 58.89999904 45 P 0 0 ;0=45,1=0,2
P 10.74999882 8.72999778 62 P 0 0 ;0=52,1=0
P 10.74999882 22.86999998 62 P 0 0 ;0=52,1=0
P 10.74999882 60.99999992 6 P 0 0 ;0=6,1=0,2
P 10.75000136 54.00000122 6 P 0 0 ;0=6,1=0,2
P 10.79999872 63.000001 44 P 0 0 ;0=44,1=0,2
P 10.94999842 56.09999956 45 P 0 0 ;0=45,1=0,2
P 11.2014 35.05680314 13 P 0 0 ;0=13,1=0,2
P 11.2014 35.65680194 13 P 0 0 ;0=13,1=0,2
P 12.2222006 35.0774 13 P 0 0 ;0=13,1=0,2
P 12.8221994 35.0774 13 P 0 0 ;0=13,1=0,2
P 13.45999848 14.79999834 61 P 0 0 ;0=51,1=0
P 13.45999848 16.79999942 61 P 0 0 ;0=51,1=0
P 13.45999848 19.29999696 61 P 0 0 ;0=51,1=0
P 13.4999984 12.29999826 61 P 0 0 ;0=51,1=0
P 13.8938 35.06160628 13 P 0 0 ;0=13,1=0,2
P 13.8938 35.6616 13 P 0 0 ;0=13,1=0,2
P 15.0368 35.06160628 13 P 0 0 ;0=13,1=0,2
P 15.0368 35.6616 13 P 0 0 ;0=13,1=0,2
P 15.05000038 56.09999956 45 P 0 0 ;0=45,1=0,2
P 15.20000262 63.000001 44 P 0 0 ;0=44,1=0,2
P 15.25000252 54.00000122 6 P 0 0 ;0=6,1=0,2
P 15.25000252 60.99999992 6 P 0 0 ;0=6,1=0,2
P 16.00000102 50.2500011 5 P 0 0 ;0=5,1=0,2
P 16.00000102 51.75000064 5 P 0 0 ;0=5,1=0,2
P 16.00000102 58.89999904 45 P 0 0 ;0=45,1=0,2
P 16.23540314 35.052 13 P 0 0 ;0=13,1=0,2
P 16.29100628 19.304 13 P 0 0 ;0=13,1=0,2
P 16.75000206 54.00000122 6 P 0 0 ;0=6,1=0,2
P 16.75000206 60.99999992 6 P 0 0 ;0=6,1=0,2
P 16.80000196 63.000001 44 P 0 0 ;0=44,1=0,2
P 16.83539686 35.052 13 P 0 0 ;0=13,1=0,2
P 16.891 19.304 13 P 0 0 ;0=13,1=0,2
P 16.94999912 56.09999956 45 P 0 0 ;0=45,1=0,2
P 17.57460036 28.74220058 27 P 0 0 ;0=27,1=0,2
P 17.57460036 30.94220126 27 P 0 0 ;0=27,1=0,2
P 17.9832 35.06160628 13 P 0 0 ;0=13,1=0,2
P 17.9832 35.6616 13 P 0 0 ;0=13,1=0,2
P 17.99999956 5.00000016 59 P 0 0 ;0=50,1=0
P 19.0802006 35.0266 13 P 0 0 ;0=13,1=0,2
P 19.18180314 36.1188 13 P 0 0 ;0=13,1=0,2
P 19.27459696 32.8422 13 P 0 0 ;0=13,1=0,2
P 19.28339806 34.0106 13 P 0 0 ;0=13,1=0,2
P 19.61360314 39.1414 13 P 0 0 ;0=13,1=0,2
P 19.6801994 35.0266 13 P 0 0 ;0=13,1=0,2
P 19.77460104 28.74220058 27 P 0 0 ;0=27,1=0,2
P 19.77460104 30.94220126 27 P 0 0 ;0=27,1=0,2
P 19.78179686 36.1188 13 P 0 0 ;0=13,1=0,2
P 19.87459576 32.8422 13 P 0 0 ;0=13,1=0,2
P 19.88339686 34.0106 13 P 0 0 ;0=13,1=0,2
P 20.21359686 39.1414 13 P 0 0 ;0=13,1=0,2
P 21.04999854 56.09999956 45 P 0 0 ;0=45,1=0,2
P 21.19999824 63.000001 44 P 0 0 ;0=44,1=0,2
P 21.24999814 60.99999992 6 P 0 0 ;0=6,1=0,2
P 21.25000068 54.00000122 6 P 0 0 ;0=6,1=0,2
P 21.62459988 32.64219786 17 P 0 0 ;0=17,1=0,2
P 21.62459988 33.2421992 16 P 0 0 ;0=16,1=0,2
P 21.62459988 33.6421984 16 P 0 0 ;0=16,1=0,2
P 21.62459988 34.04220014 16 P 0 0 ;0=16,1=0,2
P 21.62459988 34.44219934 16 P 0 0 ;0=16,1=0,2
P 21.62459988 34.84219854 16 P 0 0 ;0=16,1=0,2
P 21.62459988 35.24220028 16 P 0 0 ;0=16,1=0,2
P 21.62459988 35.64219948 16 P 0 0 ;0=16,1=0,2
P 21.62459988 36.04219868 16 P 0 0 ;0=16,1=0,2
P 21.62459988 36.44219788 16 P 0 0 ;0=16,1=0,2
P 21.62459988 36.84219962 16 P 0 0 ;0=16,1=0,2
P 21.62459988 37.24219882 16 P 0 0 ;0=16,1=0,2
P 21.62459988 37.64219802 16 P 0 0 ;0=16,1=0,2
P 21.62459988 38.04219976 16 P 0 0 ;0=16,1=0,2
P 21.62459988 38.44219896 16 P 0 0 ;0=16,1=0,2
P 21.62459988 39.0422003 17 P 0 0 ;0=17,1=0,2
P 21.87459938 29.74220366 13 P 0 0 ;0=13,1=0,2
P 21.87459938 30.34219738 13 P 0 0 ;0=13,1=0,2
P 21.91200088 26.3398 33 P 0 0 ;0=33,1=0,2
P 21.97459918 27.84219984 26 P 0 0 ;0=26,1=0,2
P 21.99999918 50.2500011 5 P 0 0 ;0=5,1=0,2
P 21.99999918 51.75000318 5 P 0 0 ;0=5,1=0,2
P 21.99999918 58.89999904 45 P 0 0 ;0=45,1=0,2
P 22.02460162 33.0421996 16 P 0 0 ;0=16,1=0,2
P 22.02460162 38.64219856 16 P 0 0 ;0=16,1=0,2
P 22.22460122 39.0422003 16 P 0 0 ;0=16,1=0,2
P 22.42460082 33.0421996 16 P 0 0 ;0=16,1=0,2
P 22.42460082 38.64219856 16 P 0 0 ;0=16,1=0,2
P 22.62460042 32.64219786 16 P 0 0 ;0=16,1=0,2
P 22.62460042 39.0422003 16 P 0 0 ;0=16,1=0,2
P 22.74999768 60.99999992 6 P 0 0 ;0=6,1=0,2
P 22.75000022 54.00000122 6 P 0 0 ;0=6,1=0,2
P 22.79199658 26.3398 33 P 0 0 ;0=33,1=0,2
P 22.79999758 63.000001 44 P 0 0 ;0=44,1=0,2
P 22.82460002 33.0421996 16 P 0 0 ;0=16,1=0,2
P 22.82460002 38.64219856 16 P 0 0 ;0=16,1=0,2
P 22.94999728 56.09999956 45 P 0 0 ;0=45,1=0,2
P 23.02460216 32.64219786 16 P 0 0 ;0=16,1=0,2
P 23.02460216 39.0422003 16 P 0 0 ;0=16,1=0,2
P 23.22460176 33.0421996 16 P 0 0 ;0=16,1=0,2
P 23.22460176 38.64219856 16 P 0 0 ;0=16,1=0,2
P 23.37460146 27.84219984 26 P 0 0 ;0=26,1=0,2
P 23.42460136 32.64219786 16 P 0 0 ;0=16,1=0,2
P 23.42460136 39.0422003 16 P 0 0 ;0=16,1=0,2
P 23.4442 29.7736006 13 P 0 0 ;0=13,1=0,2
P 23.4442 30.3735994 13 P 0 0 ;0=13,1=0,2
P 23.62460096 33.0421996 16 P 0 0 ;0=16,1=0,2
P 23.62460096 38.64219856 16 P 0 0 ;0=16,1=0,2
P 23.7236 18.7842017 27 P 0 0 ;0=27,1=0,2
P 23.7236 20.4841983 27 P 0 0 ;0=27,1=0,2
P 23.82460056 32.64219786 16 P 0 0 ;0=16,1=0,2
P 23.82460056 39.0422003 16 P 0 0 ;0=16,1=0,2
P 23.9776 40.84800314 13 P 0 0 ;0=13,1=0,2
P 23.9776 41.44799686 13 P 0 0 ;0=13,1=0,2
P 24.02460016 33.0421996 16 P 0 0 ;0=16,1=0,2
P 24.02460016 38.64219856 16 P 0 0 ;0=16,1=0,2
P 24.2246023 32.64219786 16 P 0 0 ;0=16,1=0,2
P 24.2246023 39.0422003 16 P 0 0 ;0=16,1=0,2
P 24.4246019 33.0421996 16 P 0 0 ;0=16,1=0,2
P 24.4246019 38.64219856 16 P 0 0 ;0=16,1=0,2
P 24.47500058 6.19999522 29 P 0 0 ;0=29,1=0,2
P 24.47500058 10.44999942 29 P 0 0 ;0=29,1=0,2
P 24.6246015 32.64219786 16 P 0 0 ;0=16,1=0,2
P 24.6246015 35.84219908 18 P 0 0 ;0=18,1=0,2
P 24.6246015 39.0422003 16 P 0 0 ;0=16,1=0,2
P 24.8246011 33.0421996 16 P 0 0 ;0=16,1=0,2
P 24.8246011 38.64219856 16 P 0 0 ;0=16,1=0,2
P 25.0246007 32.64219786 16 P 0 0 ;0=16,1=0,2
P 25.0246007 39.0422003 16 P 0 0 ;0=16,1=0,2
P 25.0476004 29.37820134 12 P 0 0 ;0=12,1=0,2
P 25.0476004 30.25820212 12 P 0 0 ;0=12,1=0,2
P 25.0746006 27.74220004 26 P 0 0 ;0=26,1=0,2
P 25.11239834 26.2636 33 P 0 0 ;0=33,1=0,2
P 25.2246003 33.0421996 16 P 0 0 ;0=16,1=0,2
P 25.2246003 38.64219856 16 P 0 0 ;0=16,1=0,2
P 25.4245999 32.64219786 16 P 0 0 ;0=16,1=0,2
P 25.4245999 39.0422003 16 P 0 0 ;0=16,1=0,2
P 25.62460204 33.0421996 16 P 0 0 ;0=16,1=0,2
P 25.62460204 38.64219856 16 P 0 0 ;0=16,1=0,2
P 25.82460164 39.0422003 16 P 0 0 ;0=16,1=0,2
P 25.9334 18.5928 49 P 0 0 ;0=49,1=0,2
P 25.9334 20.49280128 49 P 0 0 ;0=49,1=0,2
P 25.99239912 26.2636 33 P 0 0 ;0=33,1=0,2
P 26.02460124 33.0421996 16 P 0 0 ;0=16,1=0,2
P 26.02460124 38.64219856 16 P 0 0 ;0=16,1=0,2
P 26.22460084 39.0422003 16 P 0 0 ;0=16,1=0,2
P 26.42460044 33.0421996 16 P 0 0 ;0=16,1=0,2
P 26.42460044 38.64219856 16 P 0 0 ;0=16,1=0,2
P 26.45000298 14.44999904 9 P 0 0 ;0=9,1=0,2
P 26.47460034 27.74220004 26 P 0 0 ;0=26,1=0,2
P 26.62460004 39.0422003 16 P 0 0 ;0=16,1=0,2
P 26.67 29.40500088 12 P 0 0 ;0=12,1=0,2
P 26.67 30.28500166 12 P 0 0 ;0=12,1=0,2
P 26.82460218 33.0421996 16 P 0 0 ;0=16,1=0,2
P 26.82460218 38.64219856 16 P 0 0 ;0=16,1=0,2
P 27.0122015 16.4846 6 P 0 0 ;0=6,1=0,2
P 27.02460178 32.64219786 16 P 0 0 ;0=16,1=0,2
P 27.02460178 39.0422003 16 P 0 0 ;0=16,1=0,2
P 27.04999924 56.09999956 45 P 0 0 ;0=45,1=0,2
P 27.20000148 63.000001 44 P 0 0 ;0=44,1=0,2
P 27.22460138 33.0421996 16 P 0 0 ;0=16,1=0,2
P 27.22460138 38.64219856 16 P 0 0 ;0=16,1=0,2
P 27.24999884 54.00000122 6 P 0 0 ;0=6,1=0,2
P 27.25000138 60.99999992 6 P 0 0 ;0=6,1=0,2
P 27.3558 40.84799806 13 P 0 0 ;0=13,1=0,2
P 27.3558 41.44799686 13 P 0 0 ;0=13,1=0,2
P 27.42460098 39.0422003 16 P 0 0 ;0=16,1=0,2
P 27.62460058 33.0421996 16 P 0 0 ;0=16,1=0,2
P 27.62460058 33.4421988 16 P 0 0 ;0=16,1=0,2
P 27.62460058 33.842198 16 P 0 0 ;0=16,1=0,2
P 27.62460058 34.24219974 16 P 0 0 ;0=16,1=0,2
P 27.62460058 34.64219894 16 P 0 0 ;0=16,1=0,2
P 27.62460058 35.04219814 16 P 0 0 ;0=16,1=0,2
P 27.62460058 35.44219988 16 P 0 0 ;0=16,1=0,2
P 27.62460058 35.84219908 16 P 0 0 ;0=16,1=0,2
P 27.62460058 36.24219828 16 P 0 0 ;0=16,1=0,2
P 27.62460058 36.64220002 16 P 0 0 ;0=16,1=0,2
P 27.62460058 37.04219922 16 P 0 0 ;0=16,1=0,2
P 27.62460058 37.44219842 16 P 0 0 ;0=16,1=0,2
P 27.62460058 37.84220016 16 P 0 0 ;0=16,1=0,2
P 27.62460058 38.24219936 16 P 0 0 ;0=16,1=0,2
P 27.62460058 38.64219856 16 P 0 0 ;0=16,1=0,2
P 27.99999988 50.2500011 5 P 0 0 ;0=5,1=0,2
P 27.99999988 51.75000064 5 P 0 0 ;0=5,1=0,2
P 27.99999988 58.89999904 45 P 0 0 ;0=45,1=0,2
P 28.02460232 32.64219786 17 P 0 0 ;0=17,1=0,2
P 28.02460232 33.2421992 16 P 0 0 ;0=16,1=0,2
P 28.02460232 33.6421984 16 P 0 0 ;0=16,1=0,2
P 28.02460232 34.04220014 16 P 0 0 ;0=16,1=0,2
P 28.02460232 34.44219934 16 P 0 0 ;0=16,1=0,2
P 28.02460232 34.84219854 16 P 0 0 ;0=16,1=0,2
P 28.02460232 35.24220028 16 P 0 0 ;0=16,1=0,2
P 28.02460232 35.64219948 16 P 0 0 ;0=16,1=0,2
P 28.02460232 36.04219868 16 P 0 0 ;0=16,1=0,2
P 28.02460232 36.44219788 16 P 0 0 ;0=16,1=0,2
P 28.02460232 36.84219962 16 P 0 0 ;0=16,1=0,2
P 28.02460232 37.24219882 16 P 0 0 ;0=16,1=0,2
P 28.02460232 37.64219802 16 P 0 0 ;0=16,1=0,2
P 28.02460232 38.04219976 16 P 0 0 ;0=16,1=0,2
P 28.02460232 38.44219896 16 P 0 0 ;0=16,1=0,2
P 28.02460232 39.0422003 17 P 0 0 ;0=17,1=0,2
P 28.14999958 14.44999904 9 P 0 0 ;0=9,1=0,2
P 28.321 29.49839922 12 P 0 0 ;0=12,1=0,2
P 28.321 30.3784 12 P 0 0 ;0=12,1=0,2
P 28.3250005 6.2000003 29 P 0 0 ;0=29,1=0,2
P 28.3250005 10.44999942 29 P 0 0 ;0=29,1=0,2
P 28.4226 25.80820086 27 P 0 0 ;0=27,1=0,2
P 28.4226 27.5082 27 P 0 0 ;0=27,1=0,2
P 28.43340008 18.5928 49 P 0 0 ;0=49,1=0,2
P 28.43340008 20.49280128 49 P 0 0 ;0=49,1=0,2
P 28.43340262 19.54280064 49 P 0 0 ;0=49,1=0,2
P 28.51220104 16.4846 6 P 0 0 ;0=6,1=0,2
P 28.75000092 54.00000122 6 P 0 0 ;0=6,1=0,2
P 28.75000092 60.99999992 6 P 0 0 ;0=6,1=0,2
P 28.80000082 63.000001 44 P 0 0 ;0=44,1=0,2
P 28.94999798 56.09999956 45 P 0 0 ;0=45,1=0,2
P 29.8704 37.2364 13 P 0 0 ;0=13,1=0,2
P 29.9974 33.655 13 P 0 0 ;0=13,1=0,2
P 30.47039372 37.2364 13 P 0 0 ;0=13,1=0,2
P 30.5973988 33.655 13 P 0 0 ;0=13,1=0,2
P 30.6832 25.80820086 27 P 0 0 ;0=27,1=0,2
P 30.6832 27.5082 27 P 0 0 ;0=27,1=0,2
P 31.77500122 43.87499988 15 P 0 0 ;0=15,1=0,2
P 33.62500006 47.2250008 14 P 0 0 ;0=14,1=0,2
P 34.8750001 47.22499826 14 P 0 0 ;0=14,1=0,2
P 35.0239965 6.08600002 34 P 0 0 ;0=34,1=0,2
P 35.02399904 11.93599594 34 P 0 0 ;0=34,1=0,2
P 36.12500014 47.22499826 14 P 0 0 ;0=14,1=0,2
P 36.13079896 17.145 6 P 0 0 ;0=6,1=0,2
P 36.1324017 15.0368 9 P 0 0 ;0=9,1=0,2
P 36.23559936 19.04459996 44 P 0 0 ;0=44,1=0,2
P 36.23559936 21.54460004 44 P 0 0 ;0=44,1=0,2
P 37.1856 19.04459742 44 P 0 0 ;0=44,1=0,2
P 37.37499764 47.22499826 14 P 0 0 ;0=14,1=0,2
P 37.6307985 17.145 6 P 0 0 ;0=6,1=0,2
P 37.7444 23.7372017 27 P 0 0 ;0=27,1=0,2
P 37.7444 25.43719576 27 P 0 0 ;0=27,1=0,2
P 37.8323983 15.0368 9 P 0 0 ;0=9,1=0,2
P 38.13560064 19.04459996 44 P 0 0 ;0=44,1=0,2
P 38.13560064 21.54460004 44 P 0 0 ;0=44,1=0,2
P 38.599999 32.27500022 32 P 0 0 ;0=32,1=0,2
P 38.599999 39.72499802 32 P 0 0 ;0=32,1=0,2
P 38.62500022 47.22499826 14 P 0 0 ;0=14,1=0,2
P 38.63600096 55.1249977 46 P 0 0 ;0=46,1=0,2
P 38.63600096 62.87499744 46 P 0 0 ;0=46,1=0,2
P 39.7002 6.26180104 5 P 0 0 ;0=5,1=0,2
P 39.7002 7.6828015 5 P 0 0 ;0=5,1=0,2
P 39.7002 9.18280104 5 P 0 0 ;0=5,1=0,2
P 39.70020254 4.76180404 5 P 0 0 ;0=5,1=0,2
P 39.7256 10.6038015 5 P 0 0 ;0=5,1=0,2
P 39.72560254 12.10380104 5 P 0 0 ;0=5,1=0,2
P 39.8750028 47.22499826 14 P 0 0 ;0=14,1=0,2
P 41.1250003 47.22499826 14 P 0 0 ;0=14,1=0,2
P 41.37399904 9.65799948 5 P 0 0 ;0=5,1=0,2
P 41.37399904 11.15799902 5 P 0 0 ;0=5,1=0,2
P 41.52099646 7.23299798 30 P 0 0 ;0=30,1=0,2
P 41.520999 6.28299988 30 P 0 0 ;0=30,1=0,2
P 41.520999 8.18299862 30 P 0 0 ;0=30,1=0,2
P 41.94999738 34.12499906 31 P 0 0 ;0=31,1=0,2
P 41.94999738 37.87499918 31 P 0 0 ;0=31,1=0,2
P 41.94999992 35.3749991 31 P 0 0 ;0=31,1=0,2
P 41.94999992 36.62499914 31 P 0 0 ;0=31,1=0,2
P 42.3749978 47.2250008 14 P 0 0 ;0=14,1=0,2
P 43.1038 9.66399896 5 P 0 0 ;0=5,1=0,2
P 43.1038 11.1639985 5 P 0 0 ;0=5,1=0,2
P 44.02100162 6.2829948 30 P 0 0 ;0=30,1=0,2
P 44.02100162 8.18299862 30 P 0 0 ;0=30,1=0,2
P 44.02100416 7.23299798 30 P 0 0 ;0=30,1=0,2
P 44.22499918 43.87499988 15 P 0 0 ;0=15,1=0,2
P 44.83099746 9.6386015 5 P 0 0 ;0=5,1=0,2
P 44.831 11.13859596 5 P 0 0 ;0=5,1=0,2
P 46.6360002 55.1249977 46 P 0 0 ;0=46,1=0,2
P 46.6360002 62.87499744 46 P 0 0 ;0=46,1=0,2
P 47.45839886 7.1882 26 P 0 0 ;0=26,1=0,2
P 47.77299818 9.34099732 9 P 0 0 ;0=9,1=0,2
P 48.85840368 7.1882 26 P 0 0 ;0=26,1=0,2
P 48.90099948 20.24699786 27 P 0 0 ;0=27,1=0,2
P 48.90099948 21.946997 27 P 0 0 ;0=27,1=0,2
P 49.09999832 15.20000008 27 P 0 0 ;0=27,1=0,2
P 49.09999832 16.89999668 27 P 0 0 ;0=27,1=0,2
P 49.36400084 34.2170004 9 P 0 0 ;0=9,1=0,2
P 49.47299478 9.34099478 9 P 0 0 ;0=9,1=0,2
P 49.94500044 36.12199786 6 P 0 0 ;0=6,1=0,2
P 50.8649986 20.7159987 28 P 0 0 ;0=28,1=0,2
P 51.06399998 34.2170004 9 P 0 0 ;0=9,1=0,2
P 51.0999994 15.79999634 5 P 0 0 ;0=5,1=0,2
P 51.0999994 17.29999588 5 P 0 0 ;0=5,1=0,2
P 51.44499998 36.1220004 6 P 0 0 ;0=6,1=0,2
P 52.15800338 31.4230004 9 P 0 0 ;0=9,1=0,2
P 52.72699894 33.3280004 6 P 0 0 ;0=6,1=0,2
P 52.83799948 15.90199766 5 P 0 0 ;0=5,1=0,2
P 52.83799948 17.4019972 5 P 0 0 ;0=5,1=0,2
P 52.96499948 20.7159987 28 P 0 0 ;0=28,1=0,2
P 53.79999908 10.54999922 28 P 0 0 ;0=28,1=0,2
P 53.85799998 31.4230004 9 P 0 0 ;0=9,1=0,2
P 54.22700102 33.3280004 6 P 0 0 ;0=6,1=0,2
P 54.34899976 34.9749999 22 P 0 0 ;0=22,1=0,2
P 54.34899976 35.62500114 22 P 0 0 ;0=22,1=0,2
P 54.34899976 36.27499984 22 P 0 0 ;0=22,1=0,2
P 54.34899976 36.92500108 22 P 0 0 ;0=22,1=0,2
P 54.34899976 37.57499978 22 P 0 0 ;0=22,1=0,2
P 54.34899976 38.22500102 22 P 0 0 ;0=22,1=0,2
P 54.34899976 38.87499972 22 P 0 0 ;0=22,1=0,2
P 54.34899976 39.52500096 22 P 0 0 ;0=22,1=0,2
P 54.34899976 40.17499966 22 P 0 0 ;0=22,1=0,2
P 54.34899976 40.8250009 22 P 0 0 ;0=22,1=0,2
P 54.4439983 15.02099612 38 P 0 0 ;0=38,1=0,2
P 54.4439983 15.52099766 38 P 0 0 ;0=38,1=0,2
P 54.4439983 16.0209992 38 P 0 0 ;0=38,1=0,2
P 54.4439983 16.5209982 38 P 0 0 ;0=38,1=0,2
P 54.4439983 17.02099974 38 P 0 0 ;0=38,1=0,2
P 54.4439983 17.52100128 38 P 0 0 ;0=38,1=0,2
P 54.53799862 25.0339987 36 P 0 0 ;0=36,1=0,2
P 54.63599944 55.1249977 46 P 0 0 ;0=46,1=0,2
P 54.63599944 62.87499744 46 P 0 0 ;0=46,1=0,2
P 55.1439969 14.32099752 39 P 0 0 ;0=39,1=0,2
P 55.1439969 18.22099988 39 P 0 0 ;0=39,1=0,2
P 55.64399844 14.32099752 39 P 0 0 ;0=39,1=0,2
P 55.64399844 18.22099988 39 P 0 0 ;0=39,1=0,2
P 55.64399844 22.1129987 6 P 0 0 ;0=6,1=0,2
P 55.64400098 20.4619987 6 P 0 0 ;0=6,1=0,2
P 55.89999996 10.54999922 28 P 0 0 ;0=28,1=0,2
P 56.14399998 14.32099752 39 P 0 0 ;0=39,1=0,2
P 56.14399998 18.22099988 39 P 0 0 ;0=39,1=0,2
P 56.39399948 16.2709987 40 P 0 0 ;0=40,1=0,2
P 56.64399898 14.32099752 39 P 0 0 ;0=39,1=0,2
P 56.64399898 18.22099988 39 P 0 0 ;0=39,1=0,2
P 57.14399798 22.1129987 6 P 0 0 ;0=6,1=0,2
P 57.14400052 14.32099752 39 P 0 0 ;0=39,1=0,2
P 57.14400052 18.22099988 39 P 0 0 ;0=39,1=0,2
P 57.14400052 20.4619987 6 P 0 0 ;0=6,1=0,2
P 57.64400206 14.32099752 39 P 0 0 ;0=39,1=0,2
P 57.64400206 18.22099988 39 P 0 0 ;0=39,1=0,2
P 57.79499998 31.37400634 35 P 0 0 ;0=35,1=0,2
P 57.79499998 33.0740004 35 P 0 0 ;0=35,1=0,2
P 58.34400066 15.02099612 38 P 0 0 ;0=38,1=0,2
P 58.34400066 15.52099766 38 P 0 0 ;0=38,1=0,2
P 58.34400066 16.0209992 38 P 0 0 ;0=38,1=0,2
P 58.34400066 16.5209982 38 P 0 0 ;0=38,1=0,2
P 58.34400066 17.02099974 38 P 0 0 ;0=38,1=0,2
P 58.34400066 17.52100128 38 P 0 0 ;0=38,1=0,2
P 58.67999948 20.7280002 5 P 0 0 ;0=5,1=0,2
P 58.67999948 22.22799974 5 P 0 0 ;0=5,1=0,2
P 58.7579978 25.0339987 36 P 0 0 ;0=36,1=0,2
P 58.84999914 7.44000036 37 P 0 0 ;0=37,1=0,2
P 58.84999914 11.65999954 37 P 0 0 ;0=37,1=0,2
P 59.69999998 31.94299936 5 P 0 0 ;0=5,1=0,2
P 59.69999998 33.4429989 5 P 0 0 ;0=5,1=0,2
P 59.83499844 18.8109987 6 P 0 0 ;0=6,1=0,2
P 60.2250002 34.9749999 22 P 0 0 ;0=22,1=0,2
P 60.2250002 35.62500114 22 P 0 0 ;0=22,1=0,2
P 60.2250002 36.27499984 22 P 0 0 ;0=22,1=0,2
P 60.2250002 36.92500108 22 P 0 0 ;0=22,1=0,2
P 60.2250002 37.57499978 22 P 0 0 ;0=22,1=0,2
P 60.2250002 38.22500102 22 P 0 0 ;0=22,1=0,2
P 60.2250002 38.87499972 22 P 0 0 ;0=22,1=0,2
P 60.2250002 39.52500096 22 P 0 0 ;0=22,1=0,2
P 60.2250002 40.17499966 22 P 0 0 ;0=22,1=0,2
P 60.2250002 40.8250009 22 P 0 0 ;0=22,1=0,2
P 60.33099948 20.72799766 5 P 0 0 ;0=5,1=0,2
P 60.33099948 22.2279972 5 P 0 0 ;0=5,1=0,2
P 61.33499798 18.8109987 6 P 0 0 ;0=6,1=0,2
P 61.95499928 24.39500074 41 P 0 0 ;0=41,1=0,2
P 61.95499928 28.24500066 41 P 0 0 ;0=41,1=0,2
P 62.63600122 55.1249977 46 P 0 0 ;0=46,1=0,2
P 62.63600122 62.87499744 46 P 0 0 ;0=46,1=0,2
P 62.69999906 30.30000036 9 P 0 0 ;0=9,1=0,2
P 62.8008015 40.1828 6 P 0 0 ;0=6,1=0,2
P 62.84999876 7.87499822 41 P 0 0 ;0=41,1=0,2
P 62.84999876 11.72499814 41 P 0 0 ;0=41,1=0,2
P 63.1326017 42.164 9 P 0 0 ;0=9,1=0,2
P 63.16800168 34.9790004 10 P 0 0 ;0=10,1=0,2
P 63.16800168 37.1380004 10 P 0 0 ;0=10,1=0,2
P 64.30080104 40.1828 6 P 0 0 ;0=6,1=0,2
P 64.39999566 30.30000036 9 P 0 0 ;0=9,1=0,2
P 64.7740005 13.88700042 5 P 0 0 ;0=5,1=0,2
P 64.7740005 15.38699996 5 P 0 0 ;0=5,1=0,2
P 64.8325983 42.164 9 P 0 0 ;0=9,1=0,2
P 64.86799828 34.9790004 10 P 0 0 ;0=10,1=0,2
P 64.86799828 37.1380004 10 P 0 0 ;0=10,1=0,2
P 66.421 11.7976015 5 P 0 0 ;0=5,1=0,2
P 66.421 13.29760358 5 P 0 0 ;0=5,1=0,2
P 66.548 30.4412015 5 P 0 0 ;0=5,1=0,2
P 66.548 31.94120104 5 P 0 0 ;0=5,1=0,2
P 66.9330005 15.40900144 0 P 0 0 ;0=0,1=0,2
P 66.9330005 18.15899848 0 P 0 0 ;0=0,1=0,2
P 66.95100148 37.9000004 6 P 0 0 ;0=6,1=0,2
P 66.95100148 40.0590004 6 P 0 0 ;0=6,1=0,2
P 66.97500194 36.20000126 6 P 0 0 ;0=6,1=0,2
P 66.97500194 41.75000032 6 P 0 0 ;0=6,1=0,2
P 67.30000002 20.6999967 5 P 0 0 ;0=5,1=0,2
P 67.30000002 22.19999878 5 P 0 0 ;0=5,1=0,2
P 68.1736 11.7976015 5 P 0 0 ;0=5,1=0,2
P 68.1736 13.29760104 5 P 0 0 ;0=5,1=0,2
P 68.45100102 37.9000004 6 P 0 0 ;0=6,1=0,2
P 68.45100102 40.0590004 6 P 0 0 ;0=6,1=0,2
P 68.47500148 36.20000126 6 P 0 0 ;0=6,1=0,2
P 68.47500148 41.75000032 6 P 0 0 ;0=6,1=0,2
P 68.74999966 29.82500004 47 P 0 0 ;0=47,1=0,2
P 68.74999966 30.47499874 47 P 0 0 ;0=47,1=0,2
P 68.74999966 31.12499998 47 P 0 0 ;0=47,1=0,2
P 68.74999966 31.77499868 47 P 0 0 ;0=47,1=0,2
P 69.07500282 16.50000256 42 P 0 0 ;0=42,1=0,2
P 69.07500282 20.89999884 42 P 0 0 ;0=42,1=0,2
P 69.5500006 22.94999982 6 P 0 0 ;0=6,1=0,2
P 69.55719896 24.7904 6 P 0 0 ;0=6,1=0,2
P 69.72500152 16.50000256 42 P 0 0 ;0=42,1=0,2
P 69.72500152 20.89999884 42 P 0 0 ;0=42,1=0,2
P 70.05000214 18.7000007 43 P 0 0 ;0=43,1=0,2
P 70.2056 13.1184015 5 P 0 0 ;0=5,1=0,2
P 70.2056 14.61840104 5 P 0 0 ;0=5,1=0,2
P 70.37500276 16.50000256 42 P 0 0 ;0=42,1=0,2
P 70.37500276 20.89999884 42 P 0 0 ;0=42,1=0,2
P 70.63600046 55.1249977 46 P 0 0 ;0=46,1=0,2
P 70.63600046 62.87499744 46 P 0 0 ;0=46,1=0,2
P 70.84999546 45.97499822 21 P 0 0 ;0=21,1=0,2
P 70.84999546 51.37499758 21 P 0 0 ;0=21,1=0,2
P 70.9499978 30.79999936 48 P 0 0 ;0=48,1=0,2
P 71.02500146 16.50000256 42 P 0 0 ;0=42,1=0,2
P 71.02500146 20.89999884 42 P 0 0 ;0=42,1=0,2
P 71.05000014 22.94999982 6 P 0 0 ;0=6,1=0,2
P 71.0571985 24.7904 6 P 0 0 ;0=6,1=0,2
P 72.1242017 14.1224 9 P 0 0 ;0=9,1=0,2
P 73.05000122 19.25000468 35 P 0 0 ;0=35,1=0,2
P 73.05000122 20.95000128 35 P 0 0 ;0=35,1=0,2
P 73.14999594 29.82500004 47 P 0 0 ;0=47,1=0,2
P 73.14999594 30.47499874 47 P 0 0 ;0=47,1=0,2
P 73.14999594 31.12499998 47 P 0 0 ;0=47,1=0,2
P 73.14999594 31.77499868 47 P 0 0 ;0=47,1=0,2
P 73.2148015 27.8892 6 P 0 0 ;0=6,1=0,2
P 73.8241983 14.1224 9 P 0 0 ;0=9,1=0,2
P 74.2832017 25.4762 9 P 0 0 ;0=9,1=0,2
P 74.5500033 35.27500184 21 P 0 0 ;0=21,1=0,2
P 74.5500033 40.6750012 21 P 0 0 ;0=21,1=0,2
P 74.71480358 27.8892 6 P 0 0 ;0=6,1=0,2
P 75.2749955 48.39999972 5 P 0 0 ;0=5,1=0,2
P 75.2749955 49.89999926 5 P 0 0 ;0=5,1=0,2
P 75.29999672 44.52499858 5 P 0 0 ;0=5,1=0,2
P 75.29999672 46.02499812 5 P 0 0 ;0=5,1=0,2
P 75.9831983 25.4762 9 P 0 0 ;0=9,1=0,2
P 76.14999756 30.62500098 5 P 0 0 ;0=5,1=0,2
P 76.14999756 32.12500052 5 P 0 0 ;0=5,1=0,2
P 76.1746 27.72339896 5 P 0 0 ;0=5,1=0,2
P 76.1746 29.22340104 5 P 0 0 ;0=5,1=0,2
P 77.5208 7.45659926 8 P 0 0 ;0=8,1=0,2
P 77.5208 9.2565982 8 P 0 0 ;0=8,1=0,2
P 78.6359997 55.1249977 46 P 0 0 ;0=46,1=0,2
P 78.6359997 62.87499744 46 P 0 0 ;0=46,1=0,2
P 78.994 36.76579896 5 P 0 0 ;0=5,1=0,2
P 78.994 38.2657985 5 P 0 0 ;0=5,1=0,2
P 79.00000202 40.6250013 5 P 0 0 ;0=5,1=0,2
P 79.00000202 42.12500084 5 P 0 0 ;0=5,1=0,2
P 79.74999798 45.97499822 21 P 0 0 ;0=21,1=0,2
P 79.74999798 51.37499758 21 P 0 0 ;0=21,1=0,2
P 80.92500198 23.22500562 10 P 0 0 ;0=10,1=0,2
P 81.44999712 21.27500952 6 P 0 0 ;0=6,1=0,2
P 82.62499858 23.22500562 10 P 0 0 ;0=10,1=0,2
P 82.94999666 21.27500952 6 P 0 0 ;0=6,1=0,2
P 82.94999666 26.52499902 5 P 0 0 ;0=5,1=0,2
P 82.94999666 28.02499856 5 P 0 0 ;0=5,1=0,2
P 83.2612 5.42800032 20 P 0 0 ;0=20,1=0,2
P 83.2612 10.82799968 20 P 0 0 ;0=20,1=0,2
P 83.45000328 35.27500184 21 P 0 0 ;0=21,1=0,2
P 83.45000328 40.6750012 21 P 0 0 ;0=21,1=0,2
P 84.47499742 21.52500648 5 P 0 0 ;0=5,1=0,2
P 84.47499742 23.02500602 5 P 0 0 ;0=5,1=0,2
P 84.67499702 17.55001062 10 P 0 0 ;0=10,1=0,2
P 84.67499702 19.75000876 10 P 0 0 ;0=10,1=0,2
P 84.7988017 26.0604 10 P 0 0 ;0=10,1=0,2
P 84.87619804 28.85880182 10 P 0 0 ;0=10,1=0,2
P 84.87619804 31.08380118 10 P 0 0 ;0=10,1=0,2
P 85.05000516 52.59999894 9 P 0 0 ;0=9,1=0,2
P 85.35599896 50.5206 6 P 0 0 ;0=6,1=0,2
P 85.3560015 47.117 6 P 0 0 ;0=6,1=0,2
P 85.3560015 48.8188 6 P 0 0 ;0=6,1=0,2
P 85.37500324 45.3999981 6 P 0 0 ;0=6,1=0,2
P 86.37499362 17.55001062 10 P 0 0 ;0=10,1=0,2
P 86.37499616 19.75000876 10 P 0 0 ;0=10,1=0,2
P 86.4987983 26.0604 10 P 0 0 ;0=10,1=0,2
P 86.57619464 28.85880182 10 P 0 0 ;0=10,1=0,2
P 86.57619464 31.08380118 10 P 0 0 ;0=10,1=0,2
P 86.63599894 55.1249977 46 P 0 0 ;0=46,1=0,2
P 86.63599894 62.87499744 46 P 0 0 ;0=46,1=0,2
P 86.74999922 52.59999894 9 P 0 0 ;0=9,1=0,2
P 86.8559985 50.5206 6 P 0 0 ;0=6,1=0,2
P 86.85600104 47.117 6 P 0 0 ;0=6,1=0,2
P 86.85600104 48.8188 6 P 0 0 ;0=6,1=0,2
P 86.87500278 45.3999981 6 P 0 0 ;0=6,1=0,2
P 88.52499694 33.49999904 6 P 0 0 ;0=6,1=0,2
P 89.5999986 52.69999874 6 P 0 0 ;0=6,1=0,2
P 89.62499982 46.99 19 P 0 0 ;0=19,1=0,2
P 89.62499982 48.26 19 P 0 0 ;0=19,1=0,2
P 89.62499982 49.53 19 P 0 0 ;0=19,1=0,2
P 89.62499982 50.8 19 P 0 0 ;0=19,1=0,2
P 90.02499648 33.49999904 6 P 0 0 ;0=6,1=0,2
P 90.53699698 22.5749993 22 P 0 0 ;0=22,1=0,2
P 90.53699698 23.22500054 22 P 0 0 ;0=22,1=0,2
P 90.53699698 23.87499924 22 P 0 0 ;0=22,1=0,2
P 90.53699698 24.52500048 22 P 0 0 ;0=22,1=0,2
P 90.53699698 25.17499918 22 P 0 0 ;0=22,1=0,2
P 90.53699698 25.82500042 22 P 0 0 ;0=22,1=0,2
P 90.53699698 26.47499912 22 P 0 0 ;0=22,1=0,2
P 90.53699698 27.12500036 22 P 0 0 ;0=22,1=0,2
P 90.53699698 27.77499906 22 P 0 0 ;0=22,1=0,2
P 90.53699698 28.4250003 22 P 0 0 ;0=22,1=0,2
P 90.53699698 29.074999 22 P 0 0 ;0=22,1=0,2
P 90.53699698 29.72500024 22 P 0 0 ;0=22,1=0,2
P 90.53699698 30.37499894 22 P 0 0 ;0=22,1=0,2
P 90.53699698 31.02500018 22 P 0 0 ;0=22,1=0,2
P 91.10000068 52.69999874 6 P 0 0 ;0=6,1=0,2
P 92.14999604 16.85000186 3 P 0 0 ;0=3,1=0,2
P 93.4749972 26.79999974 23 P 0 0 ;0=23,1=0,2
P 94.63600072 55.1249977 46 P 0 0 ;0=46,1=0,2
P 94.63600072 62.87499744 46 P 0 0 ;0=46,1=0,2
P 95.04900218 46.99 19 P 0 0 ;0=19,1=0,2
P 95.04900218 48.26 19 P 0 0 ;0=19,1=0,2
P 95.04900218 49.53 19 P 0 0 ;0=19,1=0,2
P 95.04900218 50.8 19 P 0 0 ;0=19,1=0,2
P 95.64299896 34.798 6 P 0 0 ;0=6,1=0,2
P 95.6430015 33.07079746 6 P 0 0 ;0=6,1=0,2
P 96.32500166 52.72499742 6 P 0 0 ;0=6,1=0,2
P 96.41299742 22.5749993 22 P 0 0 ;0=22,1=0,2
P 96.41299742 23.22500054 22 P 0 0 ;0=22,1=0,2
P 96.41299742 23.87499924 22 P 0 0 ;0=22,1=0,2
P 96.41299742 24.52500048 22 P 0 0 ;0=22,1=0,2
P 96.41299742 25.17499918 22 P 0 0 ;0=22,1=0,2
P 96.41299742 25.82500042 22 P 0 0 ;0=22,1=0,2
P 96.41299742 26.47499912 22 P 0 0 ;0=22,1=0,2
P 96.41299742 27.12500036 22 P 0 0 ;0=22,1=0,2
P 96.41299742 27.77499906 22 P 0 0 ;0=22,1=0,2
P 96.41299742 28.4250003 22 P 0 0 ;0=22,1=0,2
P 96.41299742 29.074999 22 P 0 0 ;0=22,1=0,2
P 96.41299742 29.72500024 22 P 0 0 ;0=22,1=0,2
P 96.41299742 30.37499894 22 P 0 0 ;0=22,1=0,2
P 96.41299742 31.02500018 22 P 0 0 ;0=22,1=0,2
P 97.14300104 33.0708 6 P 0 0 ;0=6,1=0,2
P 97.14300104 34.798 6 P 0 0 ;0=6,1=0,2
P 97.5499954 16.85000186 3 P 0 0 ;0=3,1=0,2
P 97.8250012 52.72499742 6 P 0 0 ;0=6,1=0,2
P 97.99999958 6.4999997 61 P 0 0 ;0=51,1=0
P 97.99999958 8.99999978 60 P 0 0 ;0=51,1=0
P 98.07499816 47.77500224 0 P 0 0 ;0=0,1=0,2
P 98.07499816 50.52499928 0 P 0 0 ;0=0,1=0,2
P 98.5249998 44.47499868 5 P 0 0 ;0=5,1=0,2
P 98.5249998 45.97499822 5 P 0 0 ;0=5,1=0,2
P 98.6028 21.14479896 5 P 0 0 ;0=5,1=0,2
P 98.6028 22.6447985 5 P 0 0 ;0=5,1=0,2
P 100.20000026 54.79999962 6 P 0 0 ;0=6,1=0,2
P 100.2284 21.14479896 5 P 0 0 ;0=5,1=0,2
P 100.2284 22.6447985 5 P 0 0 ;0=5,1=0,2
P 100.77500038 52.84999844 6 P 0 0 ;0=6,1=0,2
P 100.7992015 44.9834 6 P 0 0 ;0=6,1=0,2
P 100.98700148 17.272 4 P 0 0 ;0=4,1=0,2
P 101.21299798 47.01999994 19 P 0 0 ;0=19,1=0,2
P 101.21299798 48.28999994 19 P 0 0 ;0=19,1=0,2
P 101.21299798 49.55999994 19 P 0 0 ;0=19,1=0,2
P 101.21299798 50.82999994 19 P 0 0 ;0=19,1=0,2
P 101.55000264 4.55000106 6 P 0 0 ;0=6,1=0,2
P 101.6999998 54.79999962 6 P 0 0 ;0=6,1=0,2
P 101.71359896 10.3124 6 P 0 0 ;0=6,1=0,2
P 101.7249934 8.6250018 6 P 0 0 ;0=6,1=0,2
P 101.7249934 11.97500018 6 P 0 0 ;0=6,1=0,2
P 101.78899632 13.6652 26 P 0 0 ;0=26,1=0,2
P 102.27499992 52.84999844 6 P 0 0 ;0=6,1=0,2
P 102.29920104 44.9834 6 P 0 0 ;0=6,1=0,2
P 103.04999964 33.00000258 3 P 0 0 ;0=3,1=0,2
P 103.05000218 4.55000106 6 P 0 0 ;0=6,1=0,2
P 103.07500086 40.1750022 24 P 0 0 ;0=24,1=0,2
P 103.18900114 13.6652 26 P 0 0 ;0=26,1=0,2
P 103.21360104 10.3124 6 P 0 0 ;0=6,1=0,2
P 103.22499294 11.97500018 6 P 0 0 ;0=6,1=0,2
P 103.22499548 8.6250018 6 P 0 0 ;0=6,1=0,2
P 103.70000088 52.84999844 6 P 0 0 ;0=6,1=0,2
P 103.70000088 55.04999912 35 P 0 0 ;0=35,1=0,2
P 103.70000088 56.74999826 35 P 0 0 ;0=35,1=0,2
P 103.73699852 17.272 4 P 0 0 ;0=4,1=0,2
P 104.59999908 4.40000136 5 P 0 0 ;0=5,1=0,2
P 104.59999908 5.9000009 5 P 0 0 ;0=5,1=0,2
P 105.20000296 52.84999844 6 P 0 0 ;0=6,1=0,2
P 105.59979896 44.9834 6 P 0 0 ;0=6,1=0,2
P 106.30000076 4.40000136 5 P 0 0 ;0=5,1=0,2
P 106.30000076 5.9000009 5 P 0 0 ;0=5,1=0,2
P 106.30000076 7.2999981 7 P 0 0 ;0=7,1=0,2
P 106.30000076 8.70000038 7 P 0 0 ;0=7,1=0,2
P 106.44800148 17.272 4 P 0 0 ;0=4,1=0,2
P 106.63700034 47.01999994 19 P 0 0 ;0=19,1=0,2
P 106.63700034 48.28999994 19 P 0 0 ;0=19,1=0,2
P 106.63700034 49.55999994 19 P 0 0 ;0=19,1=0,2
P 106.63700034 50.82999994 19 P 0 0 ;0=19,1=0,2
P 107.0997985 44.9834 6 P 0 0 ;0=6,1=0,2
P 108.449999 33.00000258 3 P 0 0 ;0=3,1=0,2
P 108.47500022 40.1750022 24 P 0 0 ;0=24,1=0,2
P 108.5970015 52.832 6 P 0 0 ;0=6,1=0,2
P 109.19799852 17.272 4 P 0 0 ;0=4,1=0,2
P 109.2454 20.59600148 0 P 0 0 ;0=0,1=0,2
P 109.2454 23.34599852 0 P 0 0 ;0=0,1=0,2
P 109.2708 25.57440148 0 P 0 0 ;0=0,1=0,2
P 109.2708 28.32439852 0 P 0 0 ;0=0,1=0,2
P 109.44859746 10.78159896 5 P 0 0 ;0=5,1=0,2
P 109.4486 12.2815985 5 P 0 0 ;0=5,1=0,2
P 109.44999954 47.64999868 0 P 0 0 ;0=0,1=0,2
P 109.44999954 50.39999826 0 P 0 0 ;0=0,1=0,2
P 110.00000098 59.99999938 59 P 0 0 ;0=50,1=0
P 110.09700104 52.832 6 P 0 0 ;0=6,1=0,2
P 111.0232984 10.97159604 6 P 0 0 ;0=6,1=0,2
P 111.0232984 12.67159518 6 P 0 0 ;0=6,1=0,2
P 111.05999632 14.30020254 26 P 0 0 ;0=26,1=0,2
P 112.4599986 14.30020254 26 P 0 0 ;0=26,1=0,2
P 112.49999852 6.0000007 61 P 0 0 ;0=51,1=0
P 112.5232954 12.67159518 6 P 0 0 ;0=6,1=0,2
P 112.52330048 10.97159604 6 P 0 0 ;0=6,1=0,2
P 114.28819916 40.3606 10 P 0 0 ;0=10,1=0,2
P 114.28819916 42.6466 10 P 0 0 ;0=10,1=0,2
P 114.73287442 12.72159508 6 P 0 0 ;0=6,1=0,2
P 114.73287696 11.02159594 6 P 0 0 ;0=6,1=0,2
P 114.7828794 14.34659818 26 P 0 0 ;0=26,1=0,2
P 114.8200015 38.3794 6 P 0 0 ;0=6,1=0,2
P 115.00000114 6.0000007 60 P 0 0 ;0=51,1=0
P 115.0499985 47.90000072 20 P 0 0 ;0=20,1=0,2
P 115.0499985 53.30000008 20 P 0 0 ;0=20,1=0,2
P 115.61320032 26.9748 3 P 0 0 ;0=3,1=0,2
P 115.9881983 40.3606 10 P 0 0 ;0=10,1=0,2
P 115.9881983 42.64660254 10 P 0 0 ;0=10,1=0,2
P 116.1170017 34.163 10 P 0 0 ;0=10,1=0,2
P 116.12499508 36.39999832 10 P 0 0 ;0=10,1=0,2
P 116.18288168 14.34659818 26 P 0 0 ;0=26,1=0,2
P 116.2328765 11.02159594 6 P 0 0 ;0=6,1=0,2
P 116.2328765 12.72159508 6 P 0 0 ;0=6,1=0,2
P 116.32000104 38.3794 6 P 0 0 ;0=6,1=0,2
P 117.8169983 34.163 10 P 0 0 ;0=10,1=0,2
P 117.82499422 36.39999832 10 P 0 0 ;0=10,1=0,2
P 117.856 12.3069985 5 P 0 0 ;0=5,1=0,2
P 117.85600254 10.80699642 5 P 0 0 ;0=5,1=0,2
P 117.9068 42.91259896 5 P 0 0 ;0=5,1=0,2
P 117.9068 44.4125985 5 P 0 0 ;0=5,1=0,2
P 117.9322 38.6708015 5 P 0 0 ;0=5,1=0,2
P 117.9322 40.17080104 5 P 0 0 ;0=5,1=0,2
P 119.5578 47.81479896 5 P 0 0 ;0=5,1=0,2
P 119.5578 49.31480104 5 P 0 0 ;0=5,1=0,2
P 119.634 42.91259896 5 P 0 0 ;0=5,1=0,2
P 119.634 44.4125985 5 P 0 0 ;0=5,1=0,2
P 120.5374018 22.1488 25 P 0 0 ;0=25,1=0,2
P 121.01319968 26.9748 3 P 0 0 ;0=3,1=0,2
P 121.2596 47.84019896 5 P 0 0 ;0=5,1=0,2
P 121.2596 49.3401985 5 P 0 0 ;0=5,1=0,2
P 121.99999984 5.00000016 59 P 0 0 ;0=50,1=0
P 122.25139888 13.89339868 10 P 0 0 ;0=10,1=0,2
P 122.32599868 11.48659882 6 P 0 0 ;0=6,1=0,2
P 122.33740074 22.1488 25 P 0 0 ;0=25,1=0,2
P 122.83699842 36.84999742 22 P 0 0 ;0=22,1=0,2
P 122.83699842 37.49999866 22 P 0 0 ;0=22,1=0,2
P 122.83699842 38.14999736 22 P 0 0 ;0=22,1=0,2
P 122.83699842 38.7999986 22 P 0 0 ;0=22,1=0,2
P 122.83699842 39.4499973 22 P 0 0 ;0=22,1=0,2
P 122.83699842 40.09999854 22 P 0 0 ;0=22,1=0,2
P 122.83699842 40.74999724 22 P 0 0 ;0=22,1=0,2
P 122.83699842 41.39999848 22 P 0 0 ;0=22,1=0,2
P 122.83699842 42.04999718 22 P 0 0 ;0=22,1=0,2
P 122.83699842 42.69999842 22 P 0 0 ;0=22,1=0,2
P 122.83699842 43.34999712 22 P 0 0 ;0=22,1=0,2
P 122.83699842 43.99999836 22 P 0 0 ;0=22,1=0,2
P 122.83699842 44.64999706 22 P 0 0 ;0=22,1=0,2
P 122.83699842 45.2999983 22 P 0 0 ;0=22,1=0,2
P 122.9868 49.3147985 5 P 0 0 ;0=5,1=0,2
P 122.98680254 47.81479896 5 P 0 0 ;0=5,1=0,2
P 123.00000038 58.49999984 60 P 0 0 ;0=51,1=0
P 123.00000038 60.99999992 61 P 0 0 ;0=51,1=0
P 123.82600076 11.48660136 6 P 0 0 ;0=6,1=0,2
P 123.95139294 13.89339868 10 P 0 0 ;0=10,1=0,2
P 125.77499864 41.07499786 23 P 0 0 ;0=23,1=0,2
P 128.71299886 36.84999742 22 P 0 0 ;0=22,1=0,2
P 128.71299886 37.49999866 22 P 0 0 ;0=22,1=0,2
P 128.71299886 38.14999736 22 P 0 0 ;0=22,1=0,2
P 128.71299886 38.7999986 22 P 0 0 ;0=22,1=0,2
P 128.71299886 39.4499973 22 P 0 0 ;0=22,1=0,2
P 128.71299886 40.09999854 22 P 0 0 ;0=22,1=0,2
P 128.71299886 40.74999724 22 P 0 0 ;0=22,1=0,2
P 128.71299886 41.39999848 22 P 0 0 ;0=22,1=0,2
P 128.71299886 42.04999718 22 P 0 0 ;0=22,1=0,2
P 128.71299886 42.69999842 22 P 0 0 ;0=22,1=0,2
P 128.71299886 43.34999712 22 P 0 0 ;0=22,1=0,2
P 128.71299886 43.99999836 22 P 0 0 ;0=22,1=0,2
P 128.71299886 44.64999706 22 P 0 0 ;0=22,1=0,2
P 128.71299886 45.2999983 22 P 0 0 ;0=22,1=0,2
P 129.00000108 11.00000086 64 P 0 0 ;0=53,1=0
P 129.02499976 62.49999946 4 P 0 0 ;0=4,1=0,2
P 129.10000088 57.52500052 4 P 0 0 ;0=4,1=0,2
P 129.15140032 30.8864 3 P 0 0 ;0=3,1=0,2
P 129.9750004 48.85499754 1 P 0 0 ;0=1,1=0,2
P 129.9750004 53.94499498 1 P 0 0 ;0=1,1=0,2
P 131.07500074 37.22499794 6 P 0 0 ;0=6,1=0,2
P 131.09999942 35.5249988 6 P 0 0 ;0=6,1=0,2
P 131.1656 15.89220088 11 P 0 0 ;0=11,1=0,2
P 131.1656 24.3922042 11 P 0 0 ;0=11,1=0,2
P 131.77499934 62.49999946 4 P 0 0 ;0=4,1=0,2
P 131.84999792 57.52500052 4 P 0 0 ;0=4,1=0,2
P 132.00040148 45.0596 4 P 0 0 ;0=4,1=0,2
P 132.02580148 40.8432 4 P 0 0 ;0=4,1=0,2
P 132.57500028 37.22499794 6 P 0 0 ;0=6,1=0,2
P 132.59999896 35.5249988 6 P 0 0 ;0=6,1=0,2
P 132.95999824 11.00000086 63 P 0 0 ;0=53,1=0
P 134.55139968 30.8864 3 P 0 0 ;0=3,1=0,2
P 134.75039852 45.0596 4 P 0 0 ;0=4,1=0,2
P 134.77579852 40.8432 4 P 0 0 ;0=4,1=0,2
P 138.77500058 48.95499988 1 P 0 0 ;0=1,1=0,2
P 138.77500058 54.04499986 1 P 0 0 ;0=1,1=0,2
P 140.99999994 3.99999962 66 P 0 0 ;0=55,1=0
P 140.99999994 60.99999992 66 P 0 0 ;0=55,1=0
S P 0
OB 10.00000032 34.10000038 I
OS 7.60000004 34.10000038
OS 7.60000004 35.89999932
OS 10.00000032 35.89999932
OS 10.00000032 34.10000038
OE
SE
S P 0
OB 100.1268 35.306 I
OS 104.8766 35.306
OS 105.4354 34.7472
OS 105.4354 31.0134
OS 104.92739746 30.5054
OS 98.3996 30.5054
OS 98.056827 30.162627
OS 97.83054602 30.16036386
OS 97.45049598 30.16036386
OS 97.45049598 30.24999792
OS 95.4532 30.24999792
OS 95.4532 31.2674
OS 95.885 31.6992
OS 96.2152 31.6992
OS 96.4692 31.9532
OS 96.4692 35.6616
OS 96.9518 36.1442
OS 99.2886 36.1442
OS 100.1268 35.306
OE
OB 97.62080044 35.4257991 H
OS 97.27000104 35.4257991
OS 97.27000104 34.925
OS 97.62080044 34.925
OS 97.62080044 35.4257991
OE
OB 97.01600104 35.4257991 H
OS 96.66520164 35.4257991
OS 96.66520164 34.925
OS 97.01600104 34.925
OS 97.01600104 35.4257991
OE
OB 97.62080044 34.671 H
OS 97.27000104 34.671
OS 97.27000104 34.1702009
OS 97.62080044 34.1702009
OS 97.62080044 34.671
OE
OB 97.01600104 34.671 H
OS 96.66520164 34.671
OS 96.66520164 34.1702009
OS 97.01600104 34.1702009
OS 97.01600104 34.671
OE
OB 97.62080044 33.6985991 H
OS 97.27000104 33.6985991
OS 97.27000104 33.1978
OS 97.62080044 33.1978
OS 97.62080044 33.6985991
OE
OB 97.01600104 33.6985991 H
OS 96.66520164 33.6985991
OS 96.66520164 33.1978
OS 97.01600104 33.1978
OS 97.01600104 33.6985991
OE
OB 104.9528 35.00280274 H
OS 103.1769971 35.00280274
OS 103.1769971 33.1270102
OS 104.9528 33.1270102
OS 104.9528 35.00280274
OE
OB 102.9229971 35.00280274 H
OS 101.14719928 35.00280274
OS 101.14719928 33.1270102
OS 102.9229971 33.1270102
OS 102.9229971 35.00280274
OE
OB 97.62080044 32.9438 H
OS 97.27000104 32.9438
OS 97.27000104 32.4430009
OS 97.62080044 32.4430009
OS 97.62080044 32.9438
OE
OB 97.01600104 32.9438 H
OS 96.66520164 32.9438
OS 96.66520164 32.4430009
OS 97.01600104 32.4430009
OS 97.01600104 32.9438
OE
OB 104.9528 32.8730102 H
OS 103.1769971 32.8730102
OS 103.1769971 30.99720242
OS 104.9528 30.99720242
OS 104.9528 32.8730102
OE
OB 102.9229971 32.8730102 H
OS 101.14719928 32.8730102
OS 101.14719928 30.99720242
OS 102.9229971 30.99720242
OS 102.9229971 32.8730102
OE
SE
S P 0
OB 102.28223638 22.47646762 I
OS 102.28223638 20.32253492
OS 101.012752 19.053048
OS 100.91837576 18.91180622
OS 100.88523638 18.7452
OS 100.88523638 18.4719976
OS 100.0120047 18.4719976
OS 100.00087696 18.59439004
OS 100.00087696 19.1011048
OS 101.25748862 20.35771138
OS 101.32379278 20.45694664
OS 101.3470795 20.574
OS 101.34707696 20.5740127
OS 101.34707696 21.66619746
OS 101.32379278 21.78325336
OS 101.25748862 21.88248608
OS 101.257481 21.88249116
OS 101.05428608 22.08568862
OS 100.95505082 22.15199278
OS 100.8561991 22.17165746
OS 100.8561991 22.51780104
OS 100.22839746 22.51780104
OS 99.6006009 22.51780104
OS 99.6006009 22.17527696
OS 99.2305991 22.17527696
OS 99.2305991 22.51780104
OS 98.60279746 22.51780104
OS 97.9750009 22.51780104
OS 97.9750009 22.17527696
OS 97.84049774 22.17527696
OS 97.79107696 22.22470028
OS 97.79107696 23.23737542
OS 97.78218188 23.28208704
OS 97.77903736 23.31263308
OS 97.79141732 23.36047144
OS 97.84986018 23.43963562
OS 101.31906838 23.43963562
OS 102.28223638 22.47646762
OE
OB 100.8561991 23.1225979 H
OS 100.35539746 23.1225979
OS 100.35539746 22.77180104
OS 100.8561991 22.77180104
OS 100.8561991 23.1225979
OE
OB 99.2305991 23.1225979 H
OS 98.72979746 23.1225979
OS 98.72979746 22.77180104
OS 99.2305991 22.77180104
OS 99.2305991 23.1225979
OE
OB 100.10139746 23.1225979 H
OS 99.6006009 23.1225979
OS 99.6006009 22.77180104
OS 100.10139746 22.77180104
OS 100.10139746 23.1225979
OE
OB 98.47579746 23.1225979 H
OS 97.9750009 23.1225979
OS 97.9750009 22.77180104
OS 98.47579746 22.77180104
OS 98.47579746 23.1225979
OE
SE
S P 0
OB 118.92279746 48.4632 I
OS 119.96419746 48.4632
OS 120.2157997 48.71480224
OS 120.3077985 48.71480224
OS 120.3077985 48.8067985
OS 120.5992 49.0982
OS 120.5992 49.8348
OS 121.8692 49.8348
OS 121.86919746 49.276
OS 122.2368015 48.90839596
OS 122.2368015 48.7147997
OS 122.4304003 48.7147997
OS 122.682 48.4632
OS 123.69800762 48.4632
OS 125.2220127 46.93919746
OS 129.0828 46.9392
OS 130.048 45.974
OS 130.048 44.4246
OS 129.75049742 44.4246
OS 129.75049742 44.52499604
OS 127.6755003 44.52499604
OS 127.6755003 44.51078728
OS 127.5485003 44.4602997
OS 126.9492 45.0596
OS 126.9492 45.7962
OS 126.5936 46.1518
OS 123.31700254 46.1518
OS 122.301 47.16780254
OS 122.301 48.0568
OS 122.0095985 48.3482015
OS 122.0095985 48.44019776
OS 121.91760224 48.44019776
OS 121.7422 48.6156
OS 120.5992 48.6156
OS 120.2436 48.26
OS 120.2436 47.1424
OS 119.0498 47.1424
OS 118.9228 47.0154
OS 118.92279746 46.2534
OS 118.9482 46.2534
OS 120.18419448 45.0173979
OS 120.13158854 44.8903979
OS 119.76099746 44.8903979
OS 119.76099746 44.41260104
OS 119.76099746 43.9347991
OS 120.06877434 43.9347991
OS 120.12237088 43.8139205
OS 120.06326508 43.73879492
OS 117.09836118 43.7388
OS 117.04319746 43.73880762
OS 116.99239238 43.68800254
OS 116.9924 43.6328439
OS 116.9924 41.7322
OS 116.8146 41.5544
OS 115.3414 41.5544
OS 115.3414 41.76880394
OS 115.86119322 41.76880394
OS 115.86119322 42.64660254
OS 115.86119322 43.52440114
OS 115.3414 43.52440114
OS 115.3414 43.6372
OS 114.8334 44.1452
OS 112.9792 44.1452
OS 112.3442 44.7802
OS 112.34419746 49.59349746
OS 113.14298174 50.3174
OS 117.0686 50.3174
OS 118.92279746 48.4632
OE
OB 117.05279866 49.80280108 H
OS 115.17700358 49.80280108
OS 115.17700358 48.02700072
OS 117.05279866 48.02700072
OS 117.05279866 49.80280108
OE
OB 114.92300358 49.80280108 H
OS 113.04719834 49.80280108
OS 113.04719834 48.02700072
OS 114.92300358 48.02700072
OS 114.92300358 49.80280108
OE
OB 117.05279866 47.77300072 H
OS 115.17700358 47.77300072
OS 115.17700358 45.99720036
OS 117.05279866 45.99720036
OS 117.05279866 47.77300072
OE
OB 114.92300358 47.77300072 H
OS 113.04719834 47.77300072
OS 113.04719834 45.99720036
OS 114.92300358 45.99720036
OS 114.92300358 47.77300072
OE
OB 118.5345991 44.8903979 H
OS 118.03379746 44.8903979
OS 118.03379746 44.53960104
OS 118.5345991 44.53960104
OS 118.5345991 44.8903979
OE
OB 119.50699746 44.8903979 H
OS 119.0062009 44.8903979
OS 119.0062009 44.53960104
OS 119.50699746 44.53960104
OS 119.50699746 44.8903979
OE
OB 117.77979746 44.8903979 H
OS 117.2790009 44.8903979
OS 117.2790009 44.53960104
OS 117.77979746 44.53960104
OS 117.77979746 44.8903979
OE
OB 119.50699746 44.28560104 H
OS 119.0062009 44.28560104
OS 119.0062009 43.9347991
OS 119.50699746 43.9347991
OS 119.50699746 44.28560104
OE
OB 118.5345991 44.28560104 H
OS 118.03379746 44.28560104
OS 118.03379746 43.9347991
OS 118.5345991 43.9347991
OS 118.5345991 44.28560104
OE
OB 117.77979746 44.28560104 H
OS 117.2790009 44.28560104
OS 117.2790009 43.9347991
OS 117.77979746 43.9347991
OS 117.77979746 44.28560104
OE
OB 116.7659971 43.52440114 H
OS 116.11519322 43.52440114
OS 116.11519322 42.77360254
OS 116.7659971 42.77360254
OS 116.7659971 43.52440114
OE
OB 116.7659971 42.51960254 H
OS 116.11519322 42.51960254
OS 116.11519322 41.76880394
OS 116.7659971 41.76880394
OS 116.7659971 42.51960254
OE
SE
S P 0
OB 123.52357058 24.1814604 I
OS 123.57111938 21.76767808
OS 124.8664 20.4724
OS 124.8664 19.38019746
OS 131.7244 19.3802
OS 133.0198 18.0848
OS 133.0198 13.716
OS 132.588 13.2842
OS 131.3688 13.2842
OS 130.6576 12.573
OS 130.6576 9.3726
OS 130.2766 8.9916
OS 130.2512 9.017
OS 124.7394 9.017
OS 123.3424 10.414
OS 123.3424 10.7342051
OS 123.3482039 10.85879972
OS 123.46940254 10.85880226
OS 123.69900076 10.85880226
OS 123.69900076 11.48660136
OS 123.69900076 12.11440046
OS 123.3482039 12.114403
OS 123.3424 12.23899762
OS 123.3424 13.01560008
OS 123.8243904 13.01560008
OS 123.8243904 13.89340122
OS 123.8243904 14.77119728
OS 123.3424 14.77119728
OS 123.3424 14.9352
OS 121.6152 16.6624
OS 121.6152 20.6756
OS 121.92 20.9804
OS 121.92 22.74313968
OS 123.40576284 24.22890252
OS 123.52357058 24.1814604
OE
OB 132.41839912 18.19500044 H
OS 131.2926 18.19500044
OS 131.2926 16.01920088
OS 132.41839912 16.01920088
OS 132.41839912 18.19500044
OE
OB 131.0386 18.19500044 H
OS 129.91280088 18.19500044
OS 129.91280088 16.01920088
OS 131.0386 16.01920088
OS 131.0386 18.19500044
OE
OB 124.72919174 14.77119728 H
OS 124.0783904 14.77119728
OS 124.0783904 14.02040122
OS 124.72919174 14.02040122
OS 124.72919174 14.77119728
OE
OB 132.41839912 15.76520088 H
OS 131.2926 15.76520088
OS 131.2926 13.58940132
OS 132.41839912 13.58940132
OS 132.41839912 15.76520088
OE
OB 131.0386 15.76520088 H
OS 129.91280088 15.76520088
OS 129.91280088 13.58940132
OS 131.0386 13.58940132
OS 131.0386 15.76520088
OE
OB 124.72919174 13.76640122 H
OS 124.0783904 13.76640122
OS 124.0783904 13.01560008
OS 124.72919174 13.01560008
OS 124.72919174 13.76640122
OE
OB 123.95300076 12.11440046 H
OS 123.95300076 11.61360136
OS 124.30380016 11.61360136
OS 124.30380016 12.11440046
OS 123.95300076 12.11440046
OE
OB 130.06858924 12.4278009 H
OS 127.93141546 12.4278009
OS 129.00000108 11.35921274
OS 130.06858924 12.4278009
OE
OB 124.30380016 11.35960136 H
OS 123.95300076 11.35960136
OS 123.95300076 10.85880226
OS 124.30380016 10.85880226
OS 124.30380016 11.35960136
OE
OB 130.42780112 12.06858902 H
OS 129.35921296 11.00000086
OS 130.42780112 9.93141524
OS 130.42780112 12.06858902
OE
OB 127.57220104 12.06859156 H
OS 127.57220104 9.9314127
OS 128.6407892 11.00000086
OS 127.57220104 12.06859156
OE
OB 129.00000108 10.64078898 H
OS 127.93141292 9.57220082
OS 130.06859178 9.57220082
OS 129.00000108 10.64078898
OE
SE
S P 0
OB 130.59720134 37.35200302 I
OS 131.07500582 37.35200302
OS 131.07500582 37.22500302
OS 131.20200582 37.22500302
OS 131.20200582 36.59719884
OS 131.5466 36.59719884
OS 131.5466 36.1527979
OS 131.22699434 36.1527979
OS 131.22699434 35.5249988
OS 131.22699434 34.8971997
OS 131.5466 34.8971997
OS 131.54659746 28.85439746
OS 131.0132 28.321
OS 126.9238 28.321
OS 121.6515982 23.0487982
OS 121.63740214 23.0487982
OS 121.63740214 23.03460214
OS 121.25959492 22.65679492
OS 121.2596 20.9804
OS 119.7356 20.98039492
OS 118.7958 21.9202
OS 118.7958 29.3116
OS 123.19 33.7058
OS 125.09499746 33.7058
OS 127.78739746 36.3982
OS 127.7874 37.62499968
OS 129.75049742 37.62499968
OS 129.75049742 37.7444
OS 130.59720134 37.7444
OS 130.59720134 37.35200302
OE
OB 130.94800582 37.09800302 H
OS 130.59720134 37.09800302
OS 130.59720134 36.59719884
OS 130.94800582 36.59719884
OS 130.94800582 37.09800302
OE
OB 130.97299434 36.1527979 H
OS 130.62220002 36.1527979
OS 130.62220002 35.6519988
OS 130.97299434 35.6519988
OS 130.97299434 36.1527979
OE
OB 130.97299434 35.3979988 H
OS 130.62220002 35.3979988
OS 130.62220002 34.8971997
OS 130.97299434 34.8971997
OS 130.97299434 35.3979988
OE
OB 131.05420068 32.88920016 H
OS 129.40139982 32.88920016
OS 129.40139982 31.1363995
OS 131.05420068 31.1363995
OS 131.05420068 32.88920016
OE
OB 128.90140082 32.88920016 H
OS 127.24859996 32.88920016
OS 127.24859996 31.1363995
OS 128.90140082 31.1363995
OS 128.90140082 32.88920016
OE
OB 131.05420068 30.6364005 H
OS 129.40139982 30.6364005
OS 129.40139982 28.88359984
OS 131.05420068 28.88359984
OS 131.05420068 30.6364005
OE
OB 128.90140082 30.6364005 H
OS 127.24859996 30.6364005
OS 127.24859996 28.88359984
OS 128.90140082 28.88359984
OS 128.90140082 30.6364005
OE
OB 122.91600004 28.97760016 H
OS 121.26319918 28.97760016
OS 121.26319918 27.2247995
OS 122.91600004 27.2247995
OS 122.91600004 28.97760016
OE
OB 120.76320018 28.97760016 H
OS 119.11039932 28.97760016
OS 119.11039932 27.2247995
OS 120.76320018 27.2247995
OS 120.76320018 28.97760016
OE
OB 122.91600004 26.7248005 H
OS 121.26319918 26.7248005
OS 121.26319918 24.97199984
OS 122.91600004 24.97199984
OS 122.91600004 26.7248005
OE
OB 120.76320018 26.7248005 H
OS 119.11039932 26.7248005
OS 119.11039932 24.97199984
OS 120.76320018 24.97199984
OS 120.76320018 26.7248005
OE
OB 121.115201 22.9265988 H
OS 120.66440688 22.9265988
OS 120.66440688 22.27580508
OS 121.115201 22.27580508
OS 121.115201 22.9265988
OE
OB 120.41040688 22.9265988 H
OS 119.9596026 22.9265988
OS 119.9596026 22.27580508
OS 120.41040688 22.27580508
OS 120.41040688 22.9265988
OE
OB 121.115201 22.02180508 H
OS 120.66440688 22.02180508
OS 120.66440688 21.3710012
OS 121.115201 21.3710012
OS 121.115201 22.02180508
OE
OB 120.41040688 22.02180508 H
OS 119.9596026 22.02180508
OS 119.9596026 21.3710012
OS 120.41040688 21.3710012
OS 120.41040688 22.02180508
OE
SE
S P 0
OB 130.77815348 39.21795052 I
OS 130.91939272 39.12357428
OS 131.08600148 39.0904349
OS 133.93980324 39.0904349
OS 133.9884036 38.97310214
OS 133.77926762 38.76396362
OS 130.27913238 38.76396362
OS 129.9352494 39.1078466
OS 129.79400762 39.20222284
OS 129.75049742 39.21087662
OS 129.75049742 39.32499628
OS 129.62829802 39.32499628
OS 129.62829802 39.32504708
OS 128.71299886 39.32504708
OS 128.71299886 39.57495006
OS 129.62829802 39.57495006
OS 129.62829802 39.57500086
OS 129.75049742 39.57500086
OS 129.75049742 39.66463492
OS 130.33146908 39.66463492
OS 130.77815348 39.21795052
OE
SE
S P 0
OB 144.73994674 0.25896316 I
OS 0.2578735 0.25896316
OS 0.2578735 25.9999988
OS 10.00000032 25.9999988
OS 10.00000032 33.84102452
OS 10.09910604 33.86073746
OS 10.18312416 33.91687654
OS 10.23926324 34.00089466
OS 10.25897618 34.10000038
OS 10.25897618 34.66410136
OS 10.7514009 34.66410136
OS 10.7514009 34.60680404
OS 11.6513991 34.60680404
OS 11.6513991 34.61243776
OS 11.77220404 34.62739836
OS 11.77220404 34.6274009
OS 13.2721985 34.6274009
OS 13.2721985 34.67680136
OS 13.4438009 34.67680136
OS 13.4438009 34.61160718
OS 14.3437991 34.61160718
OS 14.3437991 34.6689045
OS 14.5868009 34.6689045
OS 14.5868009 34.61160718
OS 15.4867991 34.61160718
OS 15.4867991 34.66410136
OS 15.78540404 34.66410136
OS 15.78540404 34.6020009
OS 17.28539596 34.6020009
OS 17.28539596 34.66410136
OS 17.5332009 34.66410136
OS 17.5332009 34.61160718
OS 18.4331991 34.61160718
OS 18.4331991 34.65140136
OS 18.6302015 34.65140136
OS 18.6302015 34.5766009
OS 19.4068446 34.5766009
OS 19.43339522 34.4605991
OS 19.42180012 34.3383997
OS 19.41039552 34.3383997
OS 19.41039552 34.01060254
OS 19.41039552 33.6828003
OS 19.43339776 33.6828003
OS 19.43339776 33.5606009
OS 19.53258984 33.5606009
OS 19.56960272 33.4336009
OS 19.49646342 33.32414214
OS 19.49011088 33.2921991
OS 19.42459666 33.2921991
OS 19.42459666 33.1699997
OS 19.40159696 33.1699997
OS 19.40159696 32.8422
OS 19.27459696 32.8422
OS 19.27459696 32.7152
OS 18.94679726 32.7152
OS 18.94679726 32.51440284
OS 18.8356113 32.47622156
OS 18.3388 32.47622156
OS 18.19696894 32.44800978
OS 18.07673042 32.36766958
OS 17.62943642 31.92037558
OS 17.57720132 31.84219946
OS 16.57460236 31.84219946
OS 16.57460236 30.04220306
OS 18.57459836 30.04220306
OS 18.57459836 31.73497844
OS 18.77600512 31.73497844
OS 18.89680244 31.71999752
OS 18.89680244 31.06919872
OS 19.77460358 31.06919872
OS 19.77460358 30.94219872
OS 19.90160358 30.94219872
OS 19.90160358 30.16440246
OS 20.5268322 30.16440246
OS 20.54566376 30.03740246
OS 20.15046008 29.64219878
OS 18.77460304 29.64219878
OS 18.77460304 27.84220238
OS 20.77459904 27.84220238
OS 20.77459904 29.21805942
OS 21.19166958 29.63512996
OS 21.27200978 29.75536848
OS 21.3002241 29.897197
OS 21.30027744 29.89720716
OS 21.42460028 29.8921932
OS 21.54679968 29.88060064
OS 21.54679968 29.86919858
OS 21.87460446 29.86919858
OS 21.87460446 29.74219858
OS 22.00160446 29.74219858
OS 22.00160446 29.41440396
OS 22.20239654 29.41440396
OS 22.24102994 29.30340342
OS 22.24102994 29.24867912
OS 21.78777456 28.79542628
OS 21.70462766 28.6709866
OS 21.67900922 28.54219844
OS 21.37460038 28.54219844
OS 21.37460038 27.14220124
OS 21.47663726 27.14220124
OS 21.47663726 26.94979878
OS 21.28200214 26.94979878
OS 21.28200214 25.72980122
OS 22.54199962 25.72980122
OS 22.54199962 25.85200062
OS 22.66499912 25.85200062
OS 22.66499912 26.33980254
OS 22.66499912 26.82759938
OS 22.54199962 26.82759938
OS 22.54199962 26.94979878
OS 22.3473645 26.94979878
OS 22.3473645 27.14220124
OS 22.57459798 27.14220124
OS 22.57459798 28.49734458
OS 22.66750864 28.59025524
OS 22.77460266 28.51774332
OS 22.77460266 27.14220124
OS 23.97460026 27.14220124
OS 23.97460026 27.97779266
OS 23.99467134 28.07869924
OS 23.99467134 28.35441878
OS 24.45201866 28.81176864
OS 24.45202628 28.81177372
OS 24.45514794 28.81644732
OS 24.55980356 28.870402
OS 24.9206004 28.870402
OS 24.9206004 29.37819626
OS 25.1746004 29.37819626
OS 25.1746004 28.82966802
OS 25.20633008 28.75306924
OS 24.98553042 28.53226958
OS 24.92534766 28.44219864
OS 24.4746018 28.44219864
OS 24.4746018 27.04220144
OS 24.67703472 27.04220144
OS 24.67703472 26.87359878
OS 24.4823996 26.87359878
OS 24.4823996 25.65360122
OS 25.74239708 25.65360122
OS 25.74239708 25.77580062
OS 25.86539912 25.77580062
OS 25.86539912 26.2636
OS 25.86539912 26.75139938
OS 25.74239708 26.75139938
OS 25.74239708 26.87359878
OS 25.54776196 26.87359878
OS 25.54776196 27.04220144
OS 25.6745994 27.04220144
OS 25.6745994 28.1724608
OS 25.76366704 28.2459176
OS 25.87460154 28.19852374
OS 25.87460154 27.04220144
OS 27.07459914 27.04220144
OS 27.07459914 27.86945658
OS 27.30526924 28.10012668
OS 27.422602 28.05152378
OS 27.422602 26.6082018
OS 27.4269962 26.6082018
OS 27.54479886 26.58599712
OS 27.5448014 26.48119926
OS 27.5448014 25.93519578
OS 28.4226 25.93519578
OS 29.3003986 25.93519578
OS 29.30040114 26.58599712
OS 29.4182038 26.6082018
OS 29.422598 26.6082018
OS 29.422598 28.27763712
OS 29.55835084 28.41338996
OS 29.683202 28.35863264
OS 29.683202 26.6082018
OS 29.6875962 26.6082018
OS 29.80539886 26.58599712
OS 29.8054014 26.48119926
OS 29.8054014 25.93519578
OS 30.6832 25.93519578
OS 31.5609986 25.93519578
OS 31.56100114 26.58599712
OS 31.6788038 26.6082018
OS 31.683198 26.6082018
OS 31.683198 26.6532487
OS 31.810198 26.7211302
OS 31.8106806 26.72081016
OS 31.8106806 24.39584402
OS 31.56035852 24.1455194
OS 20.193 24.1455194
OS 20.04125786 24.11533658
OS 19.91261956 24.02938298
OS 16.61061956 20.72738044
OS 16.52466342 20.59874214
OS 16.4944806 20.447
OS 16.4944806 19.7539991
OS 15.84100718 19.7539991
OS 15.84100718 19.69851788
OS 14.44025306 19.69851788
OS 14.4384395 19.7052819
OS 14.30020508 19.94470992
OS 14.10471144 20.14020356
OS 13.86528342 20.27843798
OS 13.5982329 20.34999486
OS 13.32176406 20.34999486
OS 13.05471354 20.27843798
OS 12.81528552 20.14020356
OS 12.61979188 19.94470992
OS 12.48155746 19.7052819
OS 12.41000058 19.43823138
OS 12.41000058 19.16176254
OS 12.48155746 18.89471202
OS 12.61979188 18.655284
OS 12.81528552 18.45979036
OS 13.05471354 18.32155594
OS 13.32176406 18.24999906
OS 13.5982329 18.24999906
OS 13.86528342 18.32155594
OS 14.10471144 18.45979036
OS 14.30020508 18.655284
OS 14.4384395 18.89471202
OS 14.44132494 18.90547908
OS 15.84100718 18.90547908
OS 15.84100718 18.8540009
OS 17.3409991 18.8540009
OS 17.3409991 19.7539991
OS 17.2875194 19.7539991
OS 17.2875194 20.28275852
OS 18.1984523 21.19368888
OS 18.31578506 21.14508852
OS 18.31578506 17.80840482
OS 16.96318934 16.4558091
OS 14.55912252 16.4558091
OS 14.48180746 16.55656582
OS 14.50999638 16.661765
OS 14.50999638 16.93823384
OS 14.4384395 17.20528436
OS 14.30020508 17.44471238
OS 14.10471144 17.64020602
OS 13.86528342 17.77844044
OS 13.5982329 17.84999732
OS 13.32176406 17.84999732
OS 13.05471354 17.77844044
OS 12.81528552 17.64020602
OS 12.61979188 17.44471238
OS 12.48155746 17.20528436
OS 12.41000058 16.93823384
OS 12.41000058 16.661765
OS 12.48155746 16.39471448
OS 12.61979188 16.15528646
OS 12.81528552 15.95979282
OS 12.96505408 15.8733236
OS 12.96505408 15.72667416
OS 12.81528552 15.64020494
OS 12.61979188 15.4447113
OS 12.48155746 15.20528328
OS 12.41000058 14.93823276
OS 12.41000058 14.66176392
OS 12.48155746 14.3947134
OS 12.61979188 14.15528538
OS 12.81528552 13.95979174
OS 13.05471354 13.82155732
OS 13.32176406 13.75000044
OS 13.5982329 13.75000044
OS 13.86528342 13.82155732
OS 14.10471144 13.95979174
OS 14.30020508 14.15528538
OS 14.4384395 14.3947134
OS 14.50999638 14.66176392
OS 14.50999638 14.93823276
OS 14.4384395 15.20528328
OS 14.4241139 15.230094
OS 14.63960496 15.44558506
OS 17.2252259 15.44558506
OS 17.36973158 15.4743277
OS 17.49223578 15.55618428
OS 19.21540988 17.27935838
OS 19.29726646 17.40186258
OS 19.3260091 17.54636826
OS 19.3260091 21.20498934
OS 20.62881066 22.5077909
OS 32.1564 22.5077909
OS 32.30090568 22.53653354
OS 32.42340988 22.61839012
OS 33.77202288 23.96700312
OS 33.85387946 24.08950732
OS 33.8826221 24.234013
OS 33.8826221 29.81718954
OS 33.85387946 29.96169522
OS 33.77202288 30.08419942
OS 31.63601242 32.22020988
OS 31.51350822 32.30206646
OS 31.36900254 32.3308091
OS 30.58078974 32.3308091
OS 30.52818634 32.4578091
OS 30.59468354 32.5243063
OS 30.66099024 32.62354156
OS 30.68427696 32.74059746
OS 30.68427442 32.74061016
OS 30.68427696 33.10201406
OS 30.6842795 33.10202676
OS 30.66474944 33.20019776
OS 30.68858988 33.2561438
OS 30.741493 33.3272003
OS 30.9251985 33.3272003
OS 30.9251985 33.528
OS 30.5973988 33.528
OS 30.5973988 33.655
OS 30.4703988 33.655
OS 30.4703988 33.9827997
OS 30.45899674 33.9827997
OS 30.44740418 34.1049991
OS 30.44740164 34.1049991
OS 30.46454664 34.15580926
OS 30.6021613 34.22296178
OS 30.60882626 34.2202008
OS 30.80837374 34.2202008
OS 30.99273456 34.29656336
OS 31.00850288 34.31233168
OS 33.35839404 34.31233168
OS 33.60113168 34.0695915
OS 33.60113168 30.9372
OS 33.63230002 30.78050232
OS 33.72106286 30.64766286
OS 36.38806286 27.98066286
OS 36.52090232 27.89190002
OS 36.6776 27.86073168
OS 44.8056 27.86073168
OS 44.96229768 27.89190002
OS 45.09513714 27.98066286
OS 46.59373714 29.47926286
OS 46.68249998 29.61210232
OS 46.71366832 29.7688
OS 46.71366832 36.48259404
OS 47.43900596 37.20793168
OS 51.69719404 37.20793168
OS 51.91579406 36.98933166
OS 51.86719116 36.8719989
OS 50.84500118 36.8719989
OS 50.84500118 35.3720019
OS 51.03553166 35.3720019
OS 51.03553166 35.24199962
OS 50.13900056 35.24199962
OS 50.13900056 35.11980022
OS 49.49100084 35.11980022
OS 49.49100084 34.2170004
OS 49.49100084 33.31420058
OS 50.13900056 33.31420058
OS 50.13900056 33.19200118
OS 51.9889994 33.19200118
OS 51.9889994 35.24199962
OS 51.8544683 35.24199962
OS 51.8544683 35.3720019
OS 52.04499878 35.3720019
OS 52.04499878 35.73218406
OS 52.10289808 35.74370042
OS 52.23573754 35.83246326
OS 52.46820596 36.06493168
OS 52.9417915 36.06493168
OS 53.02126048 35.9854627
OS 53.15410248 35.89669986
OS 53.31080016 35.86553152
OS 53.3115012 35.86553152
OS 53.3115012 35.75000216
OS 53.4337006 35.75000216
OS 53.4337006 35.74995644
OS 54.34899976 35.74995644
OS 55.26429892 35.74995644
OS 55.26429892 35.75000216
OS 55.38649832 35.75000216
OS 55.38649832 36.4000034
OS 55.38649832 37.44999876
OS 55.26429892 37.44999876
OS 55.26429892 37.45005464
OS 54.34899976 37.45005464
OS 54.34899976 37.69995762
OS 55.26429892 37.69995762
OS 55.26429892 37.70000334
OS 55.38649832 37.70000334
OS 55.38649832 38.35000204
OS 55.38649832 39.00000328
OS 55.38649832 39.65000198
OS 55.38649832 40.69999734
OS 55.26429892 40.69999734
OS 55.26429892 40.70005322
OS 54.34899976 40.70005322
OS 53.4337006 40.70005322
OS 53.4337006 40.69999734
OS 53.3115012 40.69999734
OS 53.3115012 39.93446928
OS 46.96720096 39.93446928
OS 46.81050328 39.90330094
OS 46.67766128 39.8145381
OS 44.56686286 37.70373714
OS 44.47810002 37.57089768
OS 44.44693168 37.4142
OS 44.44693168 30.7512085
OS 43.82319404 30.12746832
OS 37.7108085 30.12746832
OS 35.96946832 31.86880596
OS 35.96946832 35.1536
OS 35.93829998 35.31029768
OS 35.84953714 35.44313968
OS 34.83353714 36.45913714
OS 34.70069768 36.54789998
OS 34.544 36.57906832
OS 30.32867696 36.57906832
OS 30.32867696 36.78639836
OS 30.34339372 36.82594362
OS 30.34339372 37.2364
OS 30.34339372 37.64685638
OS 30.32867696 37.68640164
OS 30.32867696 37.85815644
OS 30.53652262 38.01404132
OS 30.55110984 38.03031002
OS 30.569281 38.04245122
OS 30.59058906 38.07434346
OS 30.6161948 38.10290068
OS 30.62344904 38.12352294
OS 30.63558516 38.14168648
OS 30.64306546 38.17929118
OS 30.65579848 38.21548618
OS 30.65460976 38.23730732
OS 30.65887188 38.2587373
OS 30.65887696 38.66604662
OS 30.6539265 38.69094116
OS 30.65471898 38.716331
OS 30.64239236 38.7489319
OS 30.63559532 38.78310252
OS 30.62148562 38.80422008
OS 30.61250672 38.82796654
OS 30.58865358 38.85335638
OS 30.56929116 38.88233778
OS 30.54817868 38.89644494
OS 30.53079238 38.91495138
OS 30.32759238 39.06009968
OS 30.2958246 39.07443544
OS 30.26685336 39.09379278
OS 30.24195374 39.09874578
OS 30.21880926 39.10919026
OS 30.18397824 39.11027738
OS 30.1498 39.11707696
OS 29.845 39.11707696
OS 29.79982102 39.10809044
OS 29.75400958 39.10322888
OS 29.74169566 39.09652836
OS 29.72794664 39.09379278
OS 29.68964344 39.06819974
OS 29.64918124 39.04618048
OS 29.49678124 38.91918048
OS 29.48796998 38.9082788
OS 29.47631138 38.90048862
OS 29.45071834 38.86218542
OS 29.42176488 38.82635872
OS 29.41779486 38.81290942
OS 29.41000722 38.80125336
OS 29.40102324 38.75608962
OS 29.3879778 38.71189362
OS 29.38945862 38.69794648
OS 29.38672304 38.6842
OS 29.38672304 38.55508672
OS 29.3022782 38.5058285
OS 28.79197442 38.49562278
OS 28.74220058 38.61246278
OS 28.99612946 38.86639166
OS 29.00238294 38.86380086
OS 29.11281706 38.86380086
OS 29.21484632 38.90606392
OS 29.29293608 38.98415368
OS 29.33519914 39.08618294
OS 29.33519914 39.19661706
OS 29.29293608 39.29864632
OS 29.21484632 39.37673608
OS 29.11281706 39.41899914
OS 29.00238294 39.41899914
OS 28.90035368 39.37673608
OS 28.82226392 39.29864632
OS 28.78000086 39.19661706
OS 28.78000086 39.08618294
OS 28.78259166 39.07992946
OS 28.295854 38.5931918
OS 28.14018756 38.5931918
OS 28.13137884 38.60200052
OS 28.0620978 38.63069744
OS 27.98710938 38.63069744
OS 27.95492758 38.67970674
OS 28.04027158 38.76620136
OS 28.07950188 38.76620136
OS 28.1809444 38.80821804
OS 28.25858458 38.88585822
OS 28.30060126 38.98730074
OS 28.30060126 39.09709986
OS 28.25858458 39.19854238
OS 28.1809444 39.27618256
OS 28.14383246 39.29155464
OS 28.1442795 39.29379746
OS 28.14427696 39.29381016
OS 28.14427696 40.51330226
OS 28.53728862 40.90631138
OS 28.60359278 41.00554664
OS 28.6268795 41.1226
OS 28.62687696 41.1226127
OS 28.62687696 41.4781873
OS 28.6268795 41.4782
OS 28.60359278 41.59525336
OS 28.53728862 41.69448862
OS 28.537281 41.6944937
OS 28.38488862 41.84688862
OS 28.28565336 41.91319278
OS 28.1686 41.9364795
OS 28.1685873 41.93647696
OS 27.8638127 41.93647696
OS 27.8638 41.9364795
OS 27.74674664 41.91319278
OS 27.64751138 41.84688862
OS 27.6475063 41.846881
OS 27.58951048 41.78888772
OS 27.58076272 41.77579656
OS 27.4828 41.77579656
OS 27.4828 41.44799686
OS 27.3558 41.44799686
OS 27.3558 41.32099686
OS 27.0280003 41.32099686
OS 27.0280003 41.29799716
OS 26.9058009 41.29799716
OS 26.9058009 41.21761124
OS 26.80300456 41.14892202
OS 26.7904341 41.1527371
OS 26.64933456 41.29383664
OS 26.46497374 41.3701992
OS 26.26542626 41.3701992
OS 26.08106544 41.29383664
OS 25.93996336 41.15273456
OS 25.93865272 41.14957226
OS 25.8143883 41.12334676
OS 25.71642304 41.2168594
OS 25.66902156 41.24696094
OS 25.62227794 41.27819278
OS 25.61872956 41.2788989
OS 25.61567648 41.28083692
OS 25.5603248 41.29051686
OS 25.50522458 41.30147696
OS 24.3053997 41.30147696
OS 24.3053997 41.32099686
OS 23.6498003 41.32099686
OS 23.6498003 41.30147696
OS 23.02691102 41.30147696
OS 22.93280148 41.37121012
OS 22.91054092 41.41017626
OS 22.91054092 47.28295852
OS 25.48106664 49.8534817
OS 27.25000138 49.8534817
OS 27.25000138 49.6500023
OS 28.74999838 49.6500023
OS 28.74999838 50.8499999
OS 27.25000138 50.8499999
OS 27.25000138 50.6465205
OS 25.31682262 50.6465205
OS 25.16508048 50.61633768
OS 25.03643964 50.53038154
OS 22.61185216 48.10579406
OS 22.4945194 48.15439442
OS 22.4945194 49.6500023
OS 22.74999768 49.6500023
OS 22.74999768 50.8499999
OS 21.25000068 50.8499999
OS 21.25000068 49.6500023
OS 21.7014806 49.6500023
OS 21.7014806 39.87119788
OS 21.73166342 39.71945574
OS 21.81761956 39.59081744
OS 21.92986978 39.51581124
OS 21.92986978 39.30686068
OS 21.80286978 39.25425474
OS 21.78094196 39.27618256
OS 21.67949944 39.31819924
OS 21.56970032 39.31819924
OS 21.4682578 39.27618256
OS 21.41222794 39.2201527
OS 21.31732084 39.19499908
OS 21.21007696 39.2841988
OS 21.21007696 40.0811873
OS 21.2100795 40.0812
OS 21.18679278 40.19825336
OS 21.12048862 40.29748862
OS 20.94268862 40.47528862
OS 20.84345336 40.54159278
OS 20.7264 40.5648795
OS 20.7263873 40.56487696
OS 20.2946127 40.56487696
OS 20.2946 40.5648795
OS 20.17754664 40.54159278
OS 20.07831138 40.47528862
OS 19.90051138 40.29748862
OS 19.83420722 40.19825336
OS 19.8109205 40.0812
OS 19.81092304 40.0811873
OS 19.81092304 39.5913991
OS 19.76359776 39.5913991
OS 19.76359776 39.4691997
OS 19.74060568 39.4691997
OS 19.74060568 39.14139746
OS 19.61360568 39.14139746
OS 19.61360568 39.01439746
OS 19.28580344 39.01439746
OS 19.28580344 38.81360284
OS 19.169253 38.78837048
OS 18.09128208 38.78837048
OS 6.93677048 49.94288462
OS 6.93677048 54.8386
OS 6.90757318 54.9853866
OS 6.82442628 55.10982628
OS 6.24022628 55.69402628
OS 6.1157866 55.77717318
OS 5.969 55.80637302
OS 5.9689873 55.80637048
OS 4.03741382 55.80637048
OS 4.03740112 55.80637302
OS 3.89061452 55.77717318
OS 3.76617484 55.69402628
OS 3.25877428 55.18662572
OS 3.17562738 55.06218604
OS 3.14642754 54.91539944
OS 3.14643008 54.91538674
OS 3.14643008 54.66683504
OS 3.10019192 54.64013964
OS 2.96986198 54.5098097
OS 2.8777057 54.35019102
OS 2.83000196 54.17215734
OS 2.83000196 53.98784478
OS 2.8777057 53.8098111
OS 2.96986198 53.65019242
OS 3.10019192 53.51986248
OS 3.1198693 53.50850106
OS 3.1198693 53.38150106
OS 3.10019192 53.37013964
OS 2.96986198 53.2398097
OS 2.8777057 53.08019102
OS 2.83000196 52.90215734
OS 2.83000196 52.71784478
OS 2.8777057 52.5398111
OS 2.96986198 52.38019242
OS 3.10019192 52.24986248
OS 3.1198693 52.23850106
OS 3.1198693 52.11150106
OS 3.10019192 52.10013964
OS 2.96986198 51.9698097
OS 2.8777057 51.81019102
OS 2.83000196 51.63215734
OS 2.83000196 51.44784478
OS 2.8777057 51.2698111
OS 2.96986198 51.11019242
OS 3.10019192 50.97986248
OS 3.1198693 50.96850106
OS 3.1198693 50.84150106
OS 3.10019192 50.83013964
OS 2.96986198 50.6998097
OS 2.90409884 50.5859034
OS 2.8250134 50.57017318
OS 2.70057372 50.48702628
OS 2.70056864 50.48701866
OS 2.29417372 50.08062628
OS 2.21102682 49.9561866
OS 2.18182698 49.8094
OS 2.18182952 49.8093873
OS 2.18182952 48.23461524
OS 2.18182698 48.23460254
OS 2.21102682 48.08781594
OS 2.29417372 47.96337626
OS 3.18317118 47.07438134
OS 3.18317626 47.07437372
OS 3.30761594 46.99122682
OS 3.45440254 46.96202952
OS 7.63892046 46.96202952
OS 17.15317118 37.44778134
OS 17.15317626 37.44777372
OS 17.27761594 37.36462682
OS 17.42440254 37.33542952
OS 19.34001466 37.33542952
OS 19.38735264 37.20842952
OS 19.3421889 37.14083758
OS 19.31890218 37.02378168
OS 19.34218636 36.90673086
OS 19.34732224 36.89433058
OS 19.34732224 36.81646688
OS 19.34582364 36.81284992
OS 19.34501592 36.80878592
OS 19.34280612 36.80528072
OS 19.33340304 36.75040656
OS 19.322542 36.69579402
OS 19.32334972 36.69173002
OS 19.32265122 36.68764824
OS 19.3256916 36.57360224
OS 19.30880568 36.4614587
OS 19.30880568 36.11879746
OS 19.30880568 35.7910003
OS 19.33179776 35.7910003
OS 19.33179776 35.6688009
OS 19.38445704 35.6688009
OS 19.44353744 35.6035991
OS 19.39848038 35.4765991
OS 18.6302015 35.4765991
OS 18.6302015 35.43680492
OS 18.4331991 35.43680492
OS 18.4331991 35.51160538
OS 18.3109997 35.51160538
OS 18.3109997 35.5346
OS 17.9832 35.5346
OS 17.6554003 35.5346
OS 17.6554003 35.51160538
OS 17.5332009 35.51160538
OS 17.5332009 35.44950492
OS 17.28539596 35.44950492
OS 17.28539596 35.5019991
OS 15.78540404 35.5019991
OS 15.78540404 35.44950492
OS 15.4867991 35.44950492
OS 15.4867991 35.51160538
OS 15.3645997 35.51160538
OS 15.3645997 35.5346
OS 15.0368 35.5346
OS 14.7090003 35.5346
OS 14.7090003 35.51160538
OS 14.5868009 35.51160538
OS 14.5868009 35.45430806
OS 14.3437991 35.45430806
OS 14.3437991 35.51160538
OS 14.2215997 35.51160538
OS 14.2215997 35.5346
OS 13.5660003 35.5346
OS 13.5660003 35.51160538
OS 13.4438009 35.51160538
OS 13.4438009 35.46220492
OS 13.2721985 35.46220492
OS 13.2721985 35.5273991
OS 11.7722015 35.5273991
OS 11.7722015 35.52176538
OS 11.6513991 35.50680732
OS 11.5291997 35.51839988
OS 11.5291997 35.52980194
OS 10.8736003 35.52980194
OS 10.8736003 35.50680224
OS 10.7514009 35.50680224
OS 10.7514009 35.44950492
OS 10.25897618 35.44950492
OS 10.25897618 35.89999932
OS 10.23926324 35.99910504
OS 10.18312416 36.08312316
OS 10.09910604 36.13926224
OS 10.00000032 36.15897518
OS 10.00000032 44.0000009
OS 0.2578735 44.0000009
OS 0.2578735 64.74118116
OS 144.73994674 64.74118116
OS 144.73994674 0.25896316
OE
OB 27.80000028 63.8999992 H
OS 26.60000268 63.8999992
OS 26.60000268 63.47816362
OS 25.27868452 63.47816362
OS 25.11877374 63.5443992
OS 24.91922626 63.5443992
OS 24.75931548 63.47816362
OS 23.39999638 63.47816362
OS 23.39999638 63.8999992
OS 22.19999878 63.8999992
OS 22.19999878 62.1000028
OS 23.39999638 62.1000028
OS 23.39999638 62.60743638
OS 24.75931548 62.60743638
OS 24.91922626 62.5412008
OS 25.11877374 62.5412008
OS 25.27868452 62.60743638
OS 26.60000268 62.60743638
OS 26.60000268 62.1000028
OS 27.80000028 62.1000028
OS 27.80000028 63.8999992
OE
OB 15.80000142 63.8999992 H
OS 14.60000382 63.8999992
OS 14.60000382 63.47816362
OS 13.23908452 63.47816362
OS 13.07917374 63.5443992
OS 12.87962626 63.5443992
OS 12.71971548 63.47816362
OS 11.39999752 63.47816362
OS 11.39999752 63.8999992
OS 10.19999992 63.8999992
OS 10.19999992 62.1000028
OS 11.39999752 62.1000028
OS 11.39999752 62.60743638
OS 12.71971548 62.60743638
OS 12.87962626 62.5412008
OS 13.07917374 62.5412008
OS 13.23908452 62.60743638
OS 14.60000382 62.60743638
OS 14.60000382 62.1000028
OS 15.80000142 62.1000028
OS 15.80000142 63.8999992
OE
OB 63.31380022 63.92779696 H
OS 62.7630063 63.92779696
OS 62.7630063 63.00199744
OS 63.31380022 63.00199744
OS 63.31380022 63.92779696
OE
OB 79.3137987 63.92779696 H
OS 78.76300478 63.92779696
OS 78.76300478 63.00199744
OS 79.3137987 63.00199744
OS 79.3137987 63.92779696
OE
OB 95.31379972 63.92779696 H
OS 94.76300072 63.92779696
OS 94.76300072 63.00199744
OS 95.31379972 63.00199744
OS 95.31379972 63.92779696
OE
OB 39.31379996 63.92779696 H
OS 38.76300096 63.92779696
OS 38.76300096 63.00199744
OS 39.31379996 63.00199744
OS 39.31379996 63.92779696
OE
OB 47.3137992 63.92779696 H
OS 46.7630002 63.92779696
OS 46.7630002 63.00199744
OS 47.3137992 63.00199744
OS 47.3137992 63.92779696
OE
OB 55.31379844 63.92779696 H
OS 54.76299944 63.92779696
OS 54.76299944 63.00199744
OS 55.31379844 63.00199744
OS 55.31379844 63.92779696
OE
OB 87.31379794 63.92779696 H
OS 86.76299386 63.92779696
OS 86.76299386 63.00199744
OS 87.31379794 63.00199744
OS 87.31379794 63.92779696
OE
OB 71.31379946 63.92779696 H
OS 70.76299538 63.92779696
OS 70.76299538 63.00199744
OS 71.31379946 63.00199744
OS 71.31379946 63.92779696
OE
OB 70.50899538 63.92779696 H
OS 69.95820146 63.92779696
OS 69.95820146 63.00199744
OS 70.50899538 63.00199744
OS 70.50899538 63.92779696
OE
OB 86.50899386 63.92779696 H
OS 85.95819994 63.92779696
OS 85.95819994 63.00199744
OS 86.50899386 63.00199744
OS 86.50899386 63.92779696
OE
OB 94.50900072 63.92779696 H
OS 93.95820172 63.92779696
OS 93.95820172 63.00199744
OS 94.50900072 63.00199744
OS 94.50900072 63.92779696
OE
OB 38.50900096 63.92779696 H
OS 37.95820196 63.92779696
OS 37.95820196 63.00199744
OS 38.50900096 63.00199744
OS 38.50900096 63.92779696
OE
OB 46.5090002 63.92779696 H
OS 45.9582012 63.92779696
OS 45.9582012 63.00199744
OS 46.5090002 63.00199744
OS 46.5090002 63.92779696
OE
OB 54.50899944 63.92779696 H
OS 53.95820044 63.92779696
OS 53.95820044 63.00199744
OS 54.50899944 63.00199744
OS 54.50899944 63.92779696
OE
OB 62.5090063 63.92779696 H
OS 61.95820222 63.92779696
OS 61.95820222 63.00199744
OS 62.5090063 63.00199744
OS 62.5090063 63.92779696
OE
OB 78.50900478 63.92779696 H
OS 77.9582007 63.92779696
OS 77.9582007 63.00199744
OS 78.50900478 63.00199744
OS 78.50900478 63.92779696
OE
OB 132.62779926 63.57779766 H
OS 131.90199426 63.57779766
OS 131.90199426 62.62699946
OS 132.62779926 62.62699946
OS 132.62779926 63.57779766
OE
OB 131.64799426 63.57779766 H
OS 130.92219942 63.57779766
OS 130.92219942 62.62699946
OS 131.64799426 62.62699946
OS 131.64799426 63.57779766
OE
OB 95.31379972 62.74799744 H
OS 94.76300072 62.74799744
OS 94.76300072 61.82219792
OS 95.31379972 61.82219792
OS 95.31379972 62.74799744
OE
OB 94.50900072 62.74799744 H
OS 93.95820172 62.74799744
OS 93.95820172 61.82219792
OS 94.50900072 61.82219792
OS 94.50900072 62.74799744
OE
OB 87.31379794 62.74799744 H
OS 86.76299386 62.74799744
OS 86.76299386 61.82219792
OS 87.31379794 61.82219792
OS 87.31379794 62.74799744
OE
OB 86.50899386 62.74799744 H
OS 85.95819994 62.74799744
OS 85.95819994 61.82219792
OS 86.50899386 61.82219792
OS 86.50899386 62.74799744
OE
OB 79.3137987 62.74799744 H
OS 78.76300478 62.74799744
OS 78.76300478 61.82219792
OS 79.3137987 61.82219792
OS 79.3137987 62.74799744
OE
OB 78.50900478 62.74799744 H
OS 77.9582007 62.74799744
OS 77.9582007 61.82219792
OS 78.50900478 61.82219792
OS 78.50900478 62.74799744
OE
OB 71.31379946 62.74799744 H
OS 70.76299538 62.74799744
OS 70.76299538 61.82219792
OS 71.31379946 61.82219792
OS 71.31379946 62.74799744
OE
OB 70.50899538 62.74799744 H
OS 69.95820146 62.74799744
OS 69.95820146 61.82219792
OS 70.50899538 61.82219792
OS 70.50899538 62.74799744
OE
OB 63.31380022 62.74799744 H
OS 62.7630063 62.74799744
OS 62.7630063 61.82219792
OS 63.31380022 61.82219792
OS 63.31380022 62.74799744
OE
OB 62.5090063 62.74799744 H
OS 61.95820222 62.74799744
OS 61.95820222 61.82219792
OS 62.5090063 61.82219792
OS 62.5090063 62.74799744
OE
OB 55.31379844 62.74799744 H
OS 54.76299944 62.74799744
OS 54.76299944 61.82219792
OS 55.31379844 61.82219792
OS 55.31379844 62.74799744
OE
OB 54.50899944 62.74799744 H
OS 53.95820044 62.74799744
OS 53.95820044 61.82219792
OS 54.50899944 61.82219792
OS 54.50899944 62.74799744
OE
OB 47.3137992 62.74799744 H
OS 46.7630002 62.74799744
OS 46.7630002 61.82219792
OS 47.3137992 61.82219792
OS 47.3137992 62.74799744
OE
OB 46.5090002 62.74799744 H
OS 45.9582012 62.74799744
OS 45.9582012 61.82219792
OS 46.5090002 61.82219792
OS 46.5090002 62.74799744
OE
OB 39.31379996 62.74799744 H
OS 38.76300096 62.74799744
OS 38.76300096 61.82219792
OS 39.31379996 61.82219792
OS 39.31379996 62.74799744
OE
OB 38.50900096 62.74799744 H
OS 37.95820196 62.74799744
OS 37.95820196 61.82219792
OS 38.50900096 61.82219792
OS 38.50900096 62.74799744
OE
OB 132.62779926 62.37299946 H
OS 131.90199426 62.37299946
OS 131.90199426 61.42220126
OS 132.62779926 61.42220126
OS 132.62779926 62.37299946
OE
OB 131.64799426 62.37299946 H
OS 130.92219942 62.37299946
OS 130.92219942 61.42220126
OS 131.64799426 61.42220126
OS 131.64799426 62.37299946
OE
OB 29.39999962 63.8999992 H
OS 28.20000202 63.8999992
OS 28.20000202 62.1000028
OS 28.33963852 62.1000028
OS 28.33963852 61.74999842
OS 28.15000212 61.74999842
OS 28.15000212 60.25000142
OS 29.34999972 60.25000142
OS 29.34999972 61.74999842
OS 29.21036576 61.74999842
OS 29.21036576 62.1000028
OS 29.39999962 62.1000028
OS 29.39999962 63.8999992
OE
OB 21.79999704 63.8999992 H
OS 20.59999944 63.8999992
OS 20.59999944 62.1000028
OS 20.78963584 62.1000028
OS 20.78963584 61.74999842
OS 20.64999934 61.74999842
OS 20.64999934 60.25000142
OS 21.84999694 60.25000142
OS 21.84999694 61.74999842
OS 21.66036308 61.74999842
OS 21.66036308 62.1000028
OS 21.79999704 62.1000028
OS 21.79999704 63.8999992
OE
OB 17.40000076 63.8999992 H
OS 16.20000316 63.8999992
OS 16.20000316 62.1000028
OS 16.33963966 62.1000028
OS 16.33963966 61.74999842
OS 16.15000326 61.74999842
OS 16.15000326 60.25000142
OS 17.35000086 60.25000142
OS 17.35000086 61.74999842
OS 17.2103669 61.74999842
OS 17.2103669 62.1000028
OS 17.40000076 62.1000028
OS 17.40000076 63.8999992
OE
OB 9.79999818 63.8999992 H
OS 8.60000058 63.8999992
OS 8.60000058 62.1000028
OS 8.78963698 62.1000028
OS 8.78963698 61.74999842
OS 8.65000048 61.74999842
OS 8.65000048 60.25000142
OS 9.84999808 60.25000142
OS 9.84999808 61.74999842
OS 9.66036422 61.74999842
OS 9.66036422 62.1000028
OS 9.79999818 62.1000028
OS 9.79999818 63.8999992
OE
OB 110.10637618 60.80799878 H
OS 109.89362578 60.80799878
OS 109.68812454 60.75293412
OS 109.50387802 60.64655892
OS 109.35344144 60.49612234
OS 109.24706624 60.31187582
OS 109.19200158 60.10637458
OS 109.19200158 59.89362418
OS 109.24706624 59.68812294
OS 109.35344144 59.50387642
OS 109.50387802 59.35343984
OS 109.68812454 59.24706464
OS 109.89362578 59.19199998
OS 110.10637618 59.19199998
OS 110.31187742 59.24706464
OS 110.49612394 59.35343984
OS 110.64656052 59.50387642
OS 110.75293572 59.68812294
OS 110.80800038 59.89362418
OS 110.80800038 60.10637458
OS 110.75293572 60.31187582
OS 110.64656052 60.49612234
OS 110.49612394 60.64655892
OS 110.31187742 60.75293412
OS 110.10637618 60.80799878
OE
OB 141.19205696 62.94999856 H
OS 140.80794292 62.94999856
OS 140.43120504 62.87506094
OS 140.07632894 62.72806606
OS 139.7569468 62.51466288
OS 139.48533698 62.24305306
OS 139.2719338 61.92367092
OS 139.12493892 61.56879482
OS 139.0500013 61.19205694
OS 139.0500013 60.8079429
OS 139.12493892 60.43120502
OS 139.2719338 60.07632892
OS 139.48533698 59.75694678
OS 139.7569468 59.48533696
OS 140.07632894 59.27193378
OS 140.43120504 59.1249389
OS 140.80794292 59.05000128
OS 141.19205696 59.05000128
OS 141.56879484 59.1249389
OS 141.92367094 59.27193378
OS 142.24305308 59.48533696
OS 142.5146629 59.75694678
OS 142.72806608 60.07632892
OS 142.87506096 60.43120502
OS 142.94999858 60.8079429
OS 142.94999858 61.19205694
OS 142.87506096 61.56879482
OS 142.72806608 61.92367092
OS 142.5146629 62.24305306
OS 142.24305308 62.51466288
OS 141.92367094 62.72806606
OS 141.56879484 62.87506094
OS 141.19205696 62.94999856
OE
OB 4.19205664 62.94999856 H
OS 3.8079426 62.94999856
OS 3.43120472 62.87506094
OS 3.07632862 62.72806606
OS 2.75694648 62.51466288
OS 2.48533666 62.24305306
OS 2.27193348 61.92367092
OS 2.1249386 61.56879482
OS 2.05000098 61.19205694
OS 2.05000098 60.8079429
OS 2.1249386 60.43120502
OS 2.27193348 60.07632892
OS 2.48533666 59.75694678
OS 2.75694648 59.48533696
OS 3.07632862 59.27193378
OS 3.43120472 59.1249389
OS 3.8079426 59.05000128
OS 4.19205664 59.05000128
OS 4.56879452 59.1249389
OS 4.92367062 59.27193378
OS 5.24305276 59.48533696
OS 5.51466258 59.75694678
OS 5.72806576 60.07632892
OS 5.87506064 60.43120502
OS 5.94999826 60.8079429
OS 5.94999826 61.19205694
OS 5.87506064 61.56879482
OS 5.72806576 61.92367092
OS 5.51466258 62.24305306
OS 5.24305276 62.51466288
OS 4.92367062 62.72806606
OS 4.56879452 62.87506094
OS 4.19205664 62.94999856
OE
OB 27.85000018 61.74999842 H
OS 26.65000258 61.74999842
OS 26.65000258 60.25000142
OS 26.81883638 60.25000142
OS 26.81883638 59.72080004
OS 26.85197576 59.55419382
OS 26.946352 59.41295204
OS 27.50000088 58.85930316
OS 27.50000088 58.32500146
OS 28.49999888 58.32500146
OS 28.49999888 59.47499662
OS 28.11569942 59.47499662
OS 27.68956362 59.90113242
OS 27.68956362 60.25000142
OS 27.85000018 60.25000142
OS 27.85000018 61.74999842
OE
OB 23.34999648 61.74999842 H
OS 22.14999888 61.74999842
OS 22.14999888 60.25000142
OS 22.31463406 60.25000142
OS 22.31463406 59.90533104
OS 21.88429964 59.47499662
OS 21.50000018 59.47499662
OS 21.50000018 58.32500146
OS 22.49999818 58.32500146
OS 22.49999818 58.85930316
OS 23.05784568 59.41715066
OS 23.15222192 59.55839244
OS 23.1853613 59.72499866
OS 23.1853613 60.25000142
OS 23.34999648 60.25000142
OS 23.34999648 61.74999842
OE
OB 15.85000132 61.74999842 H
OS 14.65000372 61.74999842
OS 14.65000372 60.25000142
OS 14.8146389 60.25000142
OS 14.8146389 59.72499866
OS 14.84777828 59.55839244
OS 14.94215452 59.41715066
OS 15.50000202 58.85930316
OS 15.50000202 58.32500146
OS 16.50000002 58.32500146
OS 16.50000002 59.47499662
OS 16.11570056 59.47499662
OS 15.68536614 59.90533104
OS 15.68536614 60.25000142
OS 15.85000132 60.25000142
OS 15.85000132 61.74999842
OE
OB 11.34999762 61.74999842 H
OS 10.15000002 61.74999842
OS 10.15000002 60.25000142
OS 10.3146352 60.25000142
OS 10.3146352 59.90533104
OS 9.88430078 59.47499662
OS 9.50000132 59.47499662
OS 9.50000132 58.32500146
OS 10.49999932 58.32500146
OS 10.49999932 58.85930316
OS 11.05784682 59.41715066
OS 11.15222306 59.55839244
OS 11.18536244 59.72499866
OS 11.18536244 60.25000142
OS 11.34999762 60.25000142
OS 11.34999762 61.74999842
OE
OB 132.70279784 58.60279872 H
OS 131.97699284 58.60279872
OS 131.97699284 57.6520056
OS 132.70279784 57.6520056
OS 132.70279784 58.60279872
OE
OB 131.72299284 58.60279872 H
OS 130.997198 58.60279872
OS 130.997198 57.6520056
OS 131.72299284 57.6520056
OS 131.72299284 58.60279872
OE
OB 104.6028007 57.55279828 H
OS 103.82700088 57.55279828
OS 103.82700088 56.87700334
OS 104.6028007 56.87700334
OS 104.6028007 57.55279828
OE
OB 103.57300088 57.55279828 H
OS 102.79720106 57.55279828
OS 102.79720106 56.87700334
OS 103.57300088 56.87700334
OS 103.57300088 57.55279828
OE
OB 132.70279784 57.3980056 H
OS 131.97699284 57.3980056
OS 131.97699284 56.44720232
OS 132.70279784 56.44720232
OS 132.70279784 57.3980056
OE
OB 131.72299284 57.3980056 H
OS 130.997198 57.3980056
OS 130.997198 56.44720232
OS 131.72299284 56.44720232
OS 131.72299284 57.3980056
OE
OB 23.32779688 56.55279774 H
OS 23.07699728 56.55279774
OS 23.07699728 56.22700972
OS 23.32779688 56.22700972
OS 23.32779688 56.55279774
OE
OB 17.32779872 56.55279774 H
OS 17.07699912 56.55279774
OS 17.07699912 56.22700972
OS 17.32779872 56.22700972
OS 17.32779872 56.55279774
OE
OB 11.32779802 56.55279774 H
OS 11.07699842 56.55279774
OS 11.07699842 56.22700972
OS 11.32779802 56.22700972
OS 11.32779802 56.55279774
OE
OB 29.32779758 56.55279774 H
OS 29.0769929 56.55279774
OS 29.0769929 56.22700972
OS 29.32779758 56.22700972
OS 29.32779758 56.55279774
OE
OB 28.8229929 56.55279774 H
OS 28.57219838 56.55279774
OS 28.57219838 56.22700972
OS 28.8229929 56.22700972
OS 28.8229929 56.55279774
OE
OB 22.82299728 56.55279774 H
OS 22.57219768 56.55279774
OS 22.57219768 56.22700972
OS 22.82299728 56.22700972
OS 22.82299728 56.55279774
OE
OB 16.82299912 56.55279774 H
OS 16.57219952 56.55279774
OS 16.57219952 56.22700972
OS 16.82299912 56.22700972
OS 16.82299912 56.55279774
OE
OB 10.82299842 56.55279774 H
OS 10.57219882 56.55279774
OS 10.57219882 56.22700972
OS 10.82299842 56.22700972
OS 10.82299842 56.55279774
OE
OB 29.32779758 55.97300972 H
OS 29.0769929 55.97300972
OS 29.0769929 55.64720138
OS 29.32779758 55.64720138
OS 29.32779758 55.97300972
OE
OB 28.8229929 55.97300972 H
OS 28.57219838 55.97300972
OS 28.57219838 55.64720138
OS 28.8229929 55.64720138
OS 28.8229929 55.97300972
OE
OB 23.32779688 55.97300972 H
OS 23.07699728 55.97300972
OS 23.07699728 55.64720138
OS 23.32779688 55.64720138
OS 23.32779688 55.97300972
OE
OB 22.82299728 55.97300972 H
OS 22.57219768 55.97300972
OS 22.57219768 55.64720138
OS 22.82299728 55.64720138
OS 22.82299728 55.97300972
OE
OB 17.32779872 55.97300972 H
OS 17.07699912 55.97300972
OS 17.07699912 55.64720138
OS 17.32779872 55.64720138
OS 17.32779872 55.97300972
OE
OB 16.82299912 55.97300972 H
OS 16.57219952 55.97300972
OS 16.57219952 55.64720138
OS 16.82299912 55.64720138
OS 16.82299912 55.97300972
OE
OB 11.32779802 55.97300972 H
OS 11.07699842 55.97300972
OS 11.07699842 55.64720138
OS 11.32779802 55.64720138
OS 11.32779802 55.97300972
OE
OB 10.82299842 55.97300972 H
OS 10.57219882 55.97300972
OS 10.57219882 55.64720138
OS 10.82299842 55.64720138
OS 10.82299842 55.97300972
OE
OB 95.43599912 56.29999662 H
OS 93.83600232 56.29999662
OS 93.83600232 55.33536304
OS 92.91316444 55.33536304
OS 92.83987274 55.40865474
OS 92.6193474 55.49999822
OS 92.38065344 55.49999822
OS 92.1601281 55.40865474
OS 91.9913451 55.23987174
OS 91.90000162 55.0193464
OS 91.90000162 54.78065244
OS 91.9913451 54.5601271
OS 92.1601281 54.3913441
OS 92.38065344 54.30000062
OS 92.6193474 54.30000062
OS 92.83987274 54.3913441
OS 92.91316444 54.4646358
OS 93.83600232 54.4646358
OS 93.83600232 53.94999878
OS 95.43599912 53.94999878
OS 95.43599912 56.29999662
OE
OB 71.43599886 56.29999662 H
OS 69.83600206 56.29999662
OS 69.83600206 55.33536304
OS 68.91316418 55.33536304
OS 68.83987248 55.40865474
OS 68.61934714 55.49999822
OS 68.38065318 55.49999822
OS 68.16012784 55.40865474
OS 67.99134484 55.23987174
OS 67.90000136 55.0193464
OS 67.90000136 54.78065244
OS 67.99134484 54.5601271
OS 68.16012784 54.3913441
OS 68.38065318 54.30000062
OS 68.61934714 54.30000062
OS 68.83987248 54.3913441
OS 68.91316418 54.4646358
OS 69.83600206 54.4646358
OS 69.83600206 53.94999878
OS 71.43599886 53.94999878
OS 71.43599886 56.29999662
OE
OB 63.43599962 56.29999662 H
OS 61.83600282 56.29999662
OS 61.83600282 55.33536304
OS 61.01316474 55.33536304
OS 60.93987304 55.40865474
OS 60.7193477 55.49999822
OS 60.48065374 55.49999822
OS 60.2601284 55.40865474
OS 60.0913454 55.23987174
OS 60.00000192 55.0193464
OS 60.00000192 54.78065244
OS 60.0913454 54.5601271
OS 60.2601284 54.3913441
OS 60.48065374 54.30000062
OS 60.7193477 54.30000062
OS 60.93987304 54.3913441
OS 61.01316474 54.4646358
OS 61.83600282 54.4646358
OS 61.83600282 53.94999878
OS 63.43599962 53.94999878
OS 63.43599962 56.29999662
OE
OB 87.43599734 56.29999662 H
OS 85.83600054 56.29999662
OS 85.83600054 55.23536324
OS 84.9131652 55.23536324
OS 84.8398735 55.30865494
OS 84.61934816 55.39999842
OS 84.3806542 55.39999842
OS 84.16012886 55.30865494
OS 83.99134586 55.13987194
OS 83.90000238 54.9193466
OS 83.90000238 54.68065264
OS 83.99134586 54.4601273
OS 84.16012886 54.2913443
OS 84.3806542 54.20000082
OS 84.61934816 54.20000082
OS 84.8398735 54.2913443
OS 84.9131652 54.364636
OS 85.83600054 54.364636
OS 85.83600054 53.94999878
OS 87.43599734 53.94999878
OS 87.43599734 56.29999662
OE
OB 79.4359981 56.29999662 H
OS 77.8360013 56.29999662
OS 77.8360013 55.23536324
OS 76.91316342 55.23536324
OS 76.83987172 55.30865494
OS 76.61934638 55.39999842
OS 76.38065242 55.39999842
OS 76.16012708 55.30865494
OS 75.99134408 55.13987194
OS 75.9000006 54.9193466
OS 75.9000006 54.68065264
OS 75.99134408 54.4601273
OS 76.16012708 54.2913443
OS 76.38065242 54.20000082
OS 76.61934638 54.20000082
OS 76.83987172 54.2913443
OS 76.91316342 54.364636
OS 77.8360013 54.364636
OS 77.8360013 53.94999878
OS 79.4359981 53.94999878
OS 79.4359981 56.29999662
OE
OB 55.43599784 56.29999662 H
OS 53.83600104 56.29999662
OS 53.83600104 55.23536324
OS 52.81316336 55.23536324
OS 52.73987166 55.30865494
OS 52.51934632 55.39999842
OS 52.28065236 55.39999842
OS 52.06012702 55.30865494
OS 51.89134402 55.13987194
OS 51.80000054 54.9193466
OS 51.80000054 54.68065264
OS 51.89134402 54.4601273
OS 52.06012702 54.2913443
OS 52.28065236 54.20000082
OS 52.51934632 54.20000082
OS 52.73987166 54.2913443
OS 52.81316336 54.364636
OS 53.83600104 54.364636
OS 53.83600104 53.94999878
OS 55.43599784 53.94999878
OS 55.43599784 56.29999662
OE
OB 47.4359986 56.29999662 H
OS 45.8360018 56.29999662
OS 45.8360018 55.23536324
OS 44.91316392 55.23536324
OS 44.83987222 55.30865494
OS 44.61934688 55.39999842
OS 44.38065292 55.39999842
OS 44.16012758 55.30865494
OS 43.99134458 55.13987194
OS 43.9000011 54.9193466
OS 43.9000011 54.68065264
OS 43.99134458 54.4601273
OS 44.16012758 54.2913443
OS 44.38065292 54.20000082
OS 44.61934688 54.20000082
OS 44.83987222 54.2913443
OS 44.91316392 54.364636
OS 45.8360018 54.364636
OS 45.8360018 53.94999878
OS 47.4359986 53.94999878
OS 47.4359986 56.29999662
OE
OB 39.43599936 56.29999662 H
OS 37.83600256 56.29999662
OS 37.83600256 55.23536324
OS 36.91316468 55.23536324
OS 36.83987298 55.30865494
OS 36.61934764 55.39999842
OS 36.38065368 55.39999842
OS 36.16012834 55.30865494
OS 35.99134534 55.13987194
OS 35.90000186 54.9193466
OS 35.90000186 54.68065264
OS 35.99134534 54.4601273
OS 36.16012834 54.2913443
OS 36.38065368 54.20000082
OS 36.61934764 54.20000082
OS 36.83987298 54.2913443
OS 36.91316468 54.364636
OS 37.83600256 54.364636
OS 37.83600256 53.94999878
OS 39.43599936 53.94999878
OS 39.43599936 56.29999662
OE
OB 29.22780032 54.62780032 H
OS 28.87700092 54.62780032
OS 28.87700092 54.12700122
OS 29.22780032 54.12700122
OS 29.22780032 54.62780032
OE
OB 28.62300092 54.62780032 H
OS 28.27220152 54.62780032
OS 28.27220152 54.12700122
OS 28.62300092 54.12700122
OS 28.62300092 54.62780032
OE
OB 23.22779962 54.62780032 H
OS 22.87700022 54.62780032
OS 22.87700022 54.12700122
OS 23.22779962 54.12700122
OS 23.22779962 54.62780032
OE
OB 22.62300022 54.62780032 H
OS 22.27220082 54.62780032
OS 22.27220082 54.12700122
OS 22.62300022 54.12700122
OS 22.62300022 54.62780032
OE
OB 17.22780146 54.62780032 H
OS 16.87700206 54.62780032
OS 16.87700206 54.12700122
OS 17.22780146 54.12700122
OS 17.22780146 54.62780032
OE
OB 16.62300206 54.62780032 H
OS 16.27220266 54.62780032
OS 16.27220266 54.12700122
OS 16.62300206 54.12700122
OS 16.62300206 54.62780032
OE
OB 11.22780076 54.62780032 H
OS 10.87700136 54.62780032
OS 10.87700136 54.12700122
OS 11.22780076 54.12700122
OS 11.22780076 54.62780032
OE
OB 10.62300136 54.62780032 H
OS 10.27220196 54.62780032
OS 10.27220196 54.12700122
OS 10.62300136 54.12700122
OS 10.62300136 54.62780032
OE
OB 117.05279866 55.20280044 H
OS 115.17700358 55.20280044
OS 115.17700358 53.42700008
OS 117.05279866 53.42700008
OS 117.05279866 55.20280044
OE
OB 114.92300358 55.20280044 H
OS 113.04719834 55.20280044
OS 113.04719834 53.42700008
OS 114.92300358 53.42700008
OS 114.92300358 55.20280044
OE
OB 29.22780032 53.87300122 H
OS 28.87700092 53.87300122
OS 28.87700092 53.37220212
OS 29.22780032 53.37220212
OS 29.22780032 53.87300122
OE
OB 28.62300092 53.87300122 H
OS 28.27220152 53.87300122
OS 28.27220152 53.37220212
OS 28.62300092 53.37220212
OS 28.62300092 53.87300122
OE
OB 23.22779962 53.87300122 H
OS 22.87700022 53.87300122
OS 22.87700022 53.37220212
OS 23.22779962 53.37220212
OS 23.22779962 53.87300122
OE
OB 22.62300022 53.87300122 H
OS 22.27220082 53.87300122
OS 22.27220082 53.37220212
OS 22.62300022 53.37220212
OS 22.62300022 53.87300122
OE
OB 17.22780146 53.87300122 H
OS 16.87700206 53.87300122
OS 16.87700206 53.37220212
OS 17.22780146 53.37220212
OS 17.22780146 53.87300122
OE
OB 16.62300206 53.87300122 H
OS 16.27220266 53.87300122
OS 16.27220266 53.37220212
OS 16.62300206 53.37220212
OS 16.62300206 53.87300122
OE
OB 11.22780076 53.87300122 H
OS 10.87700136 53.87300122
OS 10.87700136 53.37220212
OS 11.22780076 53.37220212
OS 11.22780076 53.87300122
OE
OB 10.62300136 53.87300122 H
OS 10.27220196 53.87300122
OS 10.27220196 53.37220212
OS 10.62300136 53.37220212
OS 10.62300136 53.87300122
OE
OB 104.6028007 56.62300334 H
OS 103.70000088 56.62300334
OS 102.79720106 56.62300334
OS 102.79720106 55.97499854
OS 102.67500166 55.97499854
OS 102.67500166 54.1249997
OS 103.26463726 54.1249997
OS 103.26463726 53.59999694
OS 103.10000208 53.59999694
OS 103.10000208 53.28536206
OS 102.87499872 53.28536206
OS 102.87499872 53.59999694
OS 101.80119086 53.59999694
OS 101.68901938 53.60000202
OS 101.60912622 53.69971226
OS 101.8348484 53.92543444
OS 101.9180842 54.05000112
OS 102.2999986 54.05000112
OS 102.2999986 55.54999812
OS 101.100001 55.54999812
OS 101.100001 54.66904992
OS 101.09163678 54.62700022
OS 101.09163678 54.41361482
OS 100.91733182 54.23930986
OS 100.79999906 54.28791276
OS 100.79999906 55.54999812
OS 99.60000146 55.54999812
OS 99.60000146 55.23536324
OS 97.67519962 55.23536324
OS 97.5085934 55.20222386
OS 97.36735162 55.10784762
OS 96.01715366 53.75764966
OS 95.92277742 53.61640788
OS 95.89464946 53.47499592
OS 95.72500286 53.47499592
OS 95.72500286 53.19022128
OS 95.59800286 53.17589314
OS 95.151448 53.622448
OS 95.01020622 53.71682424
OS 94.8436 53.74996362
OS 93.4974 53.74996362
OS 93.33079378 53.71682424
OS 93.189552 53.622448
OS 92.70246636 53.13536236
OS 91.69999948 53.13536236
OS 91.69999948 53.44999724
OS 91.5353643 53.44999724
OS 91.5353643 53.45139932
OS 91.50222492 53.61800554
OS 91.40784868 53.75924732
OS 90.92569318 54.24140282
OS 90.909648 54.26541598
OS 90.76840622 54.35979222
OS 90.6018 54.3929316
OS 88.80636798 54.3929316
OS 88.63976176 54.35979222
OS 88.49851998 54.26541598
OS 87.7923314 53.5592274
OS 87.67499864 53.6078303
OS 87.67499864 53.62499816
OS 85.8249998 53.62499816
OS 85.8249998 53.50279876
OS 85.1770077 53.50279876
OS 85.1770077 52.59999132
OS 85.1770077 51.69719912
OS 85.8249998 51.69719912
OS 85.8249998 51.57499972
OS 87.67499864 51.57499972
OS 87.67499864 52.29932644
OS 87.72737344 52.30974298
OS 87.86861522 52.40411922
OS 88.8729998 53.4085038
OS 88.9999998 53.35589786
OS 88.9999998 51.95000024
OS 89.16463498 51.95000024
OS 89.16463498 51.42500002
OS 88.56250004 51.42500002
OS 88.56250004 51.23536362
OS 87.4559973 51.23536362
OS 87.4559973 51.2705985
OS 86.2559997 51.2705985
OS 86.2559997 50.25222868
OS 86.13866694 50.20362832
OS 85.95599776 50.38629496
OS 85.95599776 51.2705985
OS 84.75600016 51.2705985
OS 84.75600016 49.7706015
OS 85.34029922 49.7706015
OS 85.42476692 49.68613126
OS 85.37616656 49.5687985
OS 84.7560027 49.5687985
OS 84.7560027 49.25416362
OS 84.4296 49.25416362
OS 84.26299124 49.22102424
OS 84.121752 49.126648
OS 81.55686762 46.56176362
OS 80.9749968 46.56176362
OS 80.9749968 48.02499666
OS 78.52499916 48.02499666
OS 78.52499916 47.28910278
OS 78.39799916 47.23649684
OS 78.13396362 47.50053238
OS 78.13396362 49.403
OS 78.10082424 49.56960622
OS 78.006448 49.710848
OS 77.50944874 50.20784726
OS 77.36820696 50.3022235
OS 77.20160074 50.33536288
OS 76.024994 50.33536288
OS 76.024994 50.49999806
OS 74.524997 50.49999806
OS 74.524997 49.30000046
OS 76.024994 49.30000046
OS 76.024994 49.46463564
OS 77.02126836 49.46463564
OS 77.26323638 49.22266762
OS 77.26323638 47.3202
OS 77.29637576 47.15359378
OS 77.390752 47.012352
OS 78.025752 46.377352
OS 78.16699124 46.28297576
OS 78.3336 46.24983638
OS 78.52499916 46.24983638
OS 78.52499916 43.92499978
OS 80.9749968 43.92499978
OS 80.9749968 45.69103638
OS 81.7372 45.69103638
OS 81.90380622 45.72417576
OS 82.045048 45.818552
OS 84.60993238 48.38343638
OS 84.7560027 48.38343638
OS 84.7560027 48.0688015
OS 85.9560003 48.0688015
OS 85.9560003 48.98896222
OS 86.07333306 49.03756512
OS 86.25600224 48.85489594
OS 86.25600224 48.0688015
OS 86.42063742 48.0688015
OS 86.42063742 47.8669985
OS 86.25600224 47.8669985
OS 86.25600224 46.3670015
OS 87.45599984 46.3670015
OS 87.45599984 47.8669985
OS 87.29136466 47.8669985
OS 87.29136466 48.0688015
OS 87.45599984 48.0688015
OS 87.45599984 48.45963638
OS 88.02493444 48.45963638
OS 88.07754038 48.33263638
OS 87.779352 48.034448
OS 87.68497576 47.89320622
OS 87.65183638 47.7266
OS 87.65183638 46.20513492
OS 87.56105678 46.11435278
OS 87.47499904 46.14999914
OS 87.47499904 46.1499966
OS 86.27500398 46.1499966
OS 86.27500398 44.6499996
OS 87.47500158 44.6499996
OS 87.47500158 45.11463672
OS 87.61240034 45.11463672
OS 87.77900656 45.1477761
OS 87.92024834 45.24215234
OS 88.39505054 45.716952
OS 88.48942424 45.85819378
OS 88.52256362 46.0248
OS 88.52256362 46.25454046
OS 88.56250258 46.36499998
OS 89.15043638 46.36499998
OS 89.15043638 45.54788452
OS 89.0842008 45.38797374
OS 89.0842008 45.18842626
OS 89.16056336 45.00406544
OS 89.30166544 44.86296336
OS 89.48602626 44.7866008
OS 89.68557374 44.7866008
OS 89.86993456 44.86296336
OS 90.01103664 45.00406544
OS 90.0873992 45.18842626
OS 90.0873992 45.38797374
OS 90.02116362 45.54788452
OS 90.02116362 46.36499998
OS 90.6874996 46.36499998
OS 90.6874996 47.61499494
OS 90.68750468 47.61499748
OS 90.68750468 47.63500506
OS 90.68750214 47.63500506
OS 90.6874996 47.74200002
OS 90.6874996 48.88499494
OS 90.68750468 48.88499748
OS 90.68750468 48.90500506
OS 90.68750214 48.90500506
OS 90.6874996 49.01200002
OS 90.6874996 50.15499494
OS 90.68750468 50.15499494
OS 90.68750468 50.17500506
OS 90.6874996 50.17500506
OS 90.6874996 51.42500002
OS 90.03536222 51.42500002
OS 90.03536222 51.95000024
OS 90.1999974 51.95000024
OS 90.1999974 53.39520182
OS 90.19999994 53.4499947
OS 90.2970889 53.52220436
OS 90.41349964 53.52220436
OS 90.50000188 53.43570212
OS 90.50000188 51.95000024
OS 91.69999948 51.95000024
OS 91.69999948 52.26463512
OS 92.88279874 52.26463512
OS 93.04940496 52.2977745
OS 93.19064674 52.39215074
OS 93.67773238 52.87923638
OS 94.66326762 52.87923638
OS 94.83806788 52.70443612
OS 94.76612746 52.5967706
OS 94.76557374 52.5969992
OS 94.56602626 52.5969992
OS 94.38166544 52.52063664
OS 94.24056336 52.37953456
OS 94.1642008 52.19517374
OS 94.1642008 51.99562626
OS 94.23043638 51.83571548
OS 94.23043638 51.42500002
OS 93.9865024 51.42500002
OS 93.9865024 50.17500506
OS 93.98649732 50.17500506
OS 93.98649732 50.15499494
OS 93.9865024 50.15499494
OS 93.9865024 48.90500506
OS 93.98649732 48.90500506
OS 93.98649732 48.88499494
OS 93.9865024 48.88499494
OS 93.9865024 47.74200256
OS 93.98649986 47.63499998
OS 93.9865024 47.50799744
OS 93.9865024 46.36499998
OS 96.11150196 46.36499998
OS 96.1115045 47.5429961
OS 96.23850196 47.59560204
OS 96.36694976 47.46715424
OS 96.50819154 47.372778
OS 96.67479776 47.33963862
OS 96.87500056 47.33963862
OS 96.87500056 46.80000292
OS 99.23694148 46.80000038
OS 99.2787829 46.6874987
OS 99.23695672 46.57499702
OS 97.7750013 46.57499702
OS 97.7750013 45.37499942
OS 99.2749983 45.37499942
OS 99.2749983 45.5396346
OS 99.36579822 45.5396346
OS 99.53240444 45.57277398
OS 99.67364622 45.66715022
OS 100.028248 46.021752
OS 100.12262424 46.16299378
OS 100.15576362 46.3296
OS 100.15576362 46.39499992
OS 102.27549776 46.39499992
OS 102.27549776 46.58463632
OS 102.86286768 46.58463632
OS 103.42523638 46.02226508
OS 103.42523638 45.72568452
OS 103.3590008 45.56577374
OS 103.3590008 45.36622626
OS 103.43536336 45.18186544
OS 103.57646544 45.04076336
OS 103.76082626 44.9644008
OS 103.96037374 44.9644008
OS 104.14473456 45.04076336
OS 104.28583664 45.18186544
OS 104.3621992 45.36622626
OS 104.3621992 45.56577374
OS 104.29596362 45.72568452
OS 104.29596362 46.2026
OS 104.26282424 46.36920876
OS 104.168448 46.51045054
OS 103.35104806 47.32784794
OS 103.20980628 47.42222418
OS 103.04320006 47.45536356
OS 102.27549776 47.45536356
OS 102.27549776 47.64499488
OS 102.27550284 47.64499488
OS 102.27550284 47.665005
OS 102.27549776 47.665005
OS 102.27549776 48.80799738
OS 102.2755003 48.91499996
OS 102.27549776 49.0420025
OS 102.27549776 50.18499488
OS 102.27550284 50.18499488
OS 102.27550284 50.205005
OS 102.27549776 50.205005
OS 102.27549776 51.45499996
OS 101.210364 51.45499996
OS 101.210364 52.09999994
OS 101.37499918 52.09999994
OS 101.37499918 53.46558522
OS 101.5752858 53.66587184
OS 101.67499604 53.58597868
OS 101.67500112 53.47880338
OS 101.67500112 52.09999994
OS 102.87499872 52.09999994
OS 102.87499872 52.41463482
OS 103.10000208 52.41463482
OS 103.10000208 52.09999994
OS 104.29999968 52.09999994
OS 104.29999968 53.59999694
OS 104.1353645 53.59999694
OS 104.1353645 54.1249997
OS 104.7250001 54.1249997
OS 104.7250001 54.6146355
OS 105.7294685 54.6146355
OS 107.80338612 52.54071788
OS 107.94462536 52.44634164
OS 107.9970027 52.4359251
OS 107.9970027 52.0820015
OS 109.1970003 52.0820015
OS 109.1970003 53.5819985
OS 107.99700778 53.5819985
OS 107.99700524 53.58200104
OS 107.99700524 53.58200358
OS 107.91035822 53.66513778
OS 106.21764888 55.35784712
OS 106.0764071 55.45222336
OS 105.90980088 55.48536274
OS 104.7250001 55.48536274
OS 104.7250001 55.97499854
OS 104.6028007 55.97499854
OS 104.6028007 56.62300334
OE
OB 84.9230077 53.50279876 H
OS 84.24720514 53.50279876
OS 84.24720514 52.72699132
OS 84.9230077 52.72699132
OS 84.9230077 53.50279876
OE
OB 129.99999908 63.69999706 H
OS 128.05000044 63.69999706
OS 128.05000044 62.90946778
OS 127.73234042 62.90946778
OS 127.57564274 62.87829944
OS 127.44280328 62.7895366
OS 126.06273492 61.40946824
OS 123.97602586 61.40946824
OS 123.84020698 61.64471288
OS 123.64471334 61.84020652
OS 123.40528532 61.97844094
OS 123.1382348 62.04999782
OS 122.86176596 62.04999782
OS 122.59471544 61.97844094
OS 122.35528742 61.84020652
OS 122.15979378 61.64471288
OS 122.02155936 61.40528486
OS 121.95000248 61.13823434
OS 121.95000248 60.8617655
OS 122.02155936 60.59471498
OS 122.15979378 60.35528696
OS 122.35528742 60.15979332
OS 122.59471544 60.0215589
OS 122.86176596 59.95000202
OS 123.1382348 59.95000202
OS 123.40528532 60.0215589
OS 123.64471334 60.15979332
OS 123.84020698 60.35528696
OS 123.97602586 60.5905316
OS 126.23234088 60.5905316
OS 126.38903856 60.62169994
OS 126.52187802 60.71046278
OS 127.90194638 62.09053114
OS 128.05000044 62.09053114
OS 128.05000044 61.30000186
OS 128.61553144 61.30000186
OS 128.61553144 60.31703202
OS 128.64669978 60.16033434
OS 128.73546262 60.02749488
OS 128.85449464 59.90846286
OS 128.9873341 59.81970002
OS 129.14403178 59.78853168
OS 134.95839404 59.78853168
OS 138.36553226 56.38139346
OS 138.36553226 55.59999802
OS 135.01500302 55.59999802
OS 135.01500302 52.4900017
OS 142.53499814 52.4900017
OS 142.53499814 55.59999802
OS 139.1844689 55.59999802
OS 139.1844689 56.55099942
OS 139.15330056 56.7076971
OS 139.06453772 56.84053656
OS 135.41753714 60.48753714
OS 135.28469768 60.57629998
OS 135.128 60.60746832
OS 129.43446808 60.60746832
OS 129.43446808 61.30000186
OS 129.99999908 61.30000186
OS 129.99999908 63.69999706
OE
OB 124.04999828 59.54999774 H
OS 121.95000248 59.54999774
OS 121.95000248 57.45000194
OS 124.04999828 57.45000194
OS 124.04999828 58.09053152
OS 126.0137942 58.09053152
OS 126.73586286 57.36846286
OS 126.86870232 57.27970002
OS 127.0254 57.24853168
OS 128.12500156 57.24853168
OS 128.12500156 56.32500292
OS 128.69053256 56.32500292
OS 128.69053256 55.49999314
OS 126.21500284 55.49999314
OS 126.21500284 52.38999682
OS 133.73499796 52.38999682
OS 133.73499796 55.49999314
OS 129.5094692 55.49999314
OS 129.5094692 56.32500292
OS 130.0750002 56.32500292
OS 130.0750002 58.72499812
OS 128.12500156 58.72499812
OS 128.12500156 58.06746832
OS 127.19500596 58.06746832
OS 126.4729373 58.78953698
OS 126.34009784 58.87829982
OS 126.18340016 58.90946816
OS 124.04999828 58.90946816
OS 124.04999828 59.54999774
OE
OB 80.9749968 53.42499602 H
OS 78.52499916 53.42499602
OS 78.52499916 51.8103612
OS 72.07499428 51.8103612
OS 72.07499428 53.42499602
OS 69.62499664 53.42499602
OS 69.62499664 51.8103612
OS 69.35819758 51.8103612
OS 69.19158882 51.77722182
OS 69.05034958 51.68284558
OS 68.16715348 50.79964948
OS 68.07277724 50.6584077
OS 68.03963786 50.49180148
OS 68.03963786 42.49999882
OS 67.87500268 42.49999882
OS 67.87500268 41.00000182
OS 68.0276389 41.00000182
OS 68.0276389 40.8089989
OS 67.85100222 40.8089989
OS 67.85100222 39.3090019
OS 69.05099982 39.3090019
OS 69.05099982 40.8089989
OS 68.89836614 40.8089989
OS 68.89836614 41.00000182
OS 69.07500028 41.00000182
OS 69.07500028 42.49999882
OS 68.9103651 42.49999882
OS 68.9103651 50.3114691
OS 69.49799664 50.89910064
OS 69.62499664 50.8464947
OS 69.62499664 49.32499914
OS 72.07499428 49.32499914
OS 72.07499428 50.93963396
OS 78.52499916 50.93963396
OS 78.52499916 49.32499914
OS 80.9749968 49.32499914
OS 80.9749968 53.42499602
OE
OB 84.9230077 52.47299132 H
OS 84.24720514 52.47299132
OS 84.24720514 51.69719912
OS 84.9230077 51.69719912
OS 84.9230077 52.47299132
OE
OB 117.05279866 53.17300008 H
OS 115.17700358 53.17300008
OS 115.17700358 51.39719972
OS 117.05279866 51.39719972
OS 117.05279866 53.17300008
OE
OB 114.92300358 53.17300008 H
OS 113.04719834 53.17300008
OS 113.04719834 51.39719972
OS 114.92300358 51.39719972
OS 114.92300358 53.17300008
OE
OB 21.54999754 56.67499714 H
OS 20.54999954 56.67499714
OS 20.54999954 55.52500198
OS 20.64053022 55.52500198
OS 20.64053022 54.3500056
OS 20.65000188 54.30238822
OS 20.65000188 53.25000272
OS 20.84053236 53.25000272
OS 20.84053236 53.07040186
OS 20.8717007 52.91370418
OS 20.96046354 52.78086472
OS 21.29139252 52.44993574
OS 21.24999814 52.34999944
OS 21.25000068 52.34999944
OS 21.25000068 51.15000438
OS 22.74999768 51.15000438
OS 22.74999768 52.35000198
OS 22.40357978 52.35000198
OS 22.37829916 52.47710104
OS 22.28953632 52.6099405
OS 21.7764741 53.12300272
OS 21.82908004 53.25000272
OS 21.84999948 53.25000272
OS 21.84999948 54.74999972
OS 21.45946686 54.74999972
OS 21.45946686 55.52500198
OS 21.54999754 55.52500198
OS 21.54999754 56.67499714
OE
OB 27.54999824 56.67499714 H
OS 26.55000024 56.67499714
OS 26.55000024 55.52500198
OS 26.64053092 55.52500198
OS 26.64053092 54.35000306
OS 26.65000004 54.30239838
OS 26.65000004 53.25000272
OS 26.84053052 53.25000272
OS 26.84053052 53.11560116
OS 26.87169886 52.95890348
OS 26.9604617 52.82606402
OS 27.31919352 52.4673322
OS 27.27059062 52.34999944
OS 27.25000138 52.34999944
OS 27.25000138 51.15000184
OS 28.74999838 51.15000184
OS 28.74999838 52.34999944
OS 28.4094682 52.34999944
OS 28.4094682 52.36560012
OS 28.37829986 52.5222978
OS 28.28953702 52.65513726
OS 27.8045037 53.14017058
OS 27.85000018 53.25000526
OS 27.84999764 53.25000526
OS 27.84999764 54.74999972
OS 27.45946756 54.74999972
OS 27.45946756 55.52500198
OS 27.54999824 55.52500198
OS 27.54999824 56.67499714
OE
OB 15.54999938 56.67499714 H
OS 14.55000138 56.67499714
OS 14.55000138 55.52500198
OS 14.61463676 55.52500198
OS 14.61463676 55.35879962
OS 14.64777614 55.1921934
OS 14.74215238 55.05095162
OS 14.8146389 54.9784651
OS 14.8146389 54.74999972
OS 14.65000372 54.74999972
OS 14.65000372 53.25000272
OS 14.8146389 53.25000272
OS 14.8146389 52.99980002
OS 14.84777828 52.8331938
OS 14.94215452 52.69195202
OS 15.18583704 52.4482695
OS 15.24999744 52.3499969
OS 15.24999998 52.3499969
OS 15.25000252 52.34999436
OS 15.25000252 51.15000184
OS 16.74999952 51.15000184
OS 16.74999952 52.34999944
OS 16.41543326 52.34999944
OS 16.40222526 52.41640774
OS 16.30784902 52.55764952
OS 15.74249582 53.12300272
OS 15.79510176 53.25000272
OS 15.85000132 53.25000272
OS 15.85000132 54.74999972
OS 15.68536614 54.74999972
OS 15.68536614 55.15879748
OS 15.65222676 55.3254037
OS 15.59445446 55.41186784
OS 15.55000446 55.52500706
OS 15.55000192 55.52500452
OS 15.54999938 55.52500706
OS 15.54999938 56.67499714
OE
OB 9.54999868 56.67499714 H
OS 8.55000068 56.67499714
OS 8.55000068 55.52500198
OS 8.61463606 55.52500198
OS 8.61463606 55.31360032
OS 8.64777544 55.1469941
OS 8.74215168 55.00575232
OS 8.8146382 54.9332658
OS 8.8146382 54.74999972
OS 8.65000302 54.74999972
OS 8.65000302 53.25000272
OS 8.8146382 53.25000272
OS 8.8146382 53.03079818
OS 8.84777758 52.86419196
OS 8.94215382 52.72295018
OS 9.20424118 52.46086282
OS 9.24999674 52.3499969
OS 9.24999928 52.3499969
OS 9.25000182 52.34999436
OS 9.25000182 51.15000184
OS 10.74999882 51.15000184
OS 10.74999882 52.34999944
OS 10.42159968 52.34999944
OS 10.40222456 52.4474059
OS 10.30784832 52.58864768
OS 9.77349328 53.12300272
OS 9.82609922 53.25000272
OS 9.85000062 53.25000272
OS 9.85000062 54.74999972
OS 9.68536544 54.74999972
OS 9.68536544 55.11359818
OS 9.65222606 55.2802044
OS 9.56841876 55.4056296
OS 9.55000122 55.52500198
OS 9.55000376 55.52500452
OS 9.54999868 55.52500706
OS 9.54999868 56.67499714
OE
OB 123.6145991 49.7925979 H
OS 123.11379746 49.7925979
OS 123.11379746 49.44180104
OS 123.6145991 49.44180104
OS 123.6145991 49.7925979
OE
OB 119.4308 49.79260044 H
OS 118.9300009 49.79260044
OS 118.9300009 49.44180104
OS 119.4308 49.44180104
OS 119.4308 49.79260044
OE
OB 75.9027946 48.87779912 H
OS 75.40199296 48.87779912
OS 75.40199296 48.52700226
OS 75.9027946 48.52700226
OS 75.9027946 48.87779912
OE
OB 75.14799296 48.87779912 H
OS 74.6471964 48.87779912
OS 74.6471964 48.52700226
OS 75.14799296 48.52700226
OS 75.14799296 48.87779912
OE
OB 10.74999882 50.8499999 H
OS 9.25000182 50.8499999
OS 9.25000182 49.6500023
OS 9.54683638 49.6500023
OS 9.54683638 49.02876402
OS 9.47354468 48.95547232
OS 9.3822012 48.73494698
OS 9.3822012 48.49625302
OS 9.47354468 48.27572768
OS 9.64232768 48.10694468
OS 9.86285302 48.0156012
OS 10.10154698 48.0156012
OS 10.32207232 48.10694468
OS 10.49085532 48.27572768
OS 10.5821988 48.49625302
OS 10.5821988 48.73494698
OS 10.49085532 48.95547232
OS 10.41756362 49.02876402
OS 10.41756362 49.6500023
OS 10.74999882 49.6500023
OS 10.74999882 50.8499999
OE
OB 16.74999952 50.8499999 H
OS 15.25000252 50.8499999
OS 15.25000252 49.6500023
OS 15.61743638 49.6500023
OS 15.61743638 48.97796402
OS 15.54414468 48.90467232
OS 15.4528012 48.68414698
OS 15.4528012 48.44545302
OS 15.54414468 48.22492768
OS 15.71292768 48.05614468
OS 15.93345302 47.9648012
OS 16.17214698 47.9648012
OS 16.39267232 48.05614468
OS 16.56145532 48.22492768
OS 16.6527988 48.44545302
OS 16.6527988 48.68414698
OS 16.56145532 48.90467232
OS 16.48816362 48.97796402
OS 16.48816362 49.6500023
OS 16.74999952 49.6500023
OS 16.74999952 50.8499999
OE
OB 75.9027946 48.27300226 H
OS 75.40199296 48.27300226
OS 75.40199296 47.92220032
OS 75.9027946 47.92220032
OS 75.9027946 48.27300226
OE
OB 75.14799296 48.27300226 H
OS 74.6471964 48.27300226
OS 74.6471964 47.92220032
OS 75.14799296 47.92220032
OS 75.14799296 48.27300226
OE
OB 42.8527972 48.2527991 H
OS 42.5019978 48.2527991
OS 42.5019978 47.3520008
OS 42.8527972 47.3520008
OS 42.8527972 48.2527991
OE
OB 42.2479978 48.2527991 H
OS 41.8971984 48.2527991
OS 41.8971984 47.3520008
OS 42.2479978 47.3520008
OS 42.2479978 48.2527991
OE
OB 85.9560003 47.8669985 H
OS 84.7560027 47.8669985
OS 84.7560027 47.52646832
OS 84.6328 47.52646832
OS 84.47610232 47.49529998
OS 84.34326032 47.40653714
OS 83.53046286 46.59373714
OS 83.44170002 46.46089768
OS 83.41053168 46.3042
OS 83.41053168 42.72499964
OS 82.22500446 42.72499964
OS 82.22500446 41.08446952
OS 81.7722012 41.08446952
OS 81.61550352 41.05330118
OS 81.48266406 40.96453834
OS 80.81266286 40.29453714
OS 80.72390002 40.16169768
OS 80.69273168 40.005
OS 80.69273168 37.76160596
OS 80.106393 37.17526728
OS 79.7439985 37.17526728
OS 79.7439985 37.36579776
OS 78.2440015 37.36579776
OS 78.2440015 36.16580016
OS 79.7439985 36.16580016
OS 79.7439985 36.35633064
OS 80.27599896 36.35633064
OS 80.43269664 36.38749898
OS 80.5655361 36.47626182
OS 81.39173714 37.30246286
OS 81.48049998 37.43530232
OS 81.51166832 37.592
OS 81.51166832 39.83539404
OS 81.94180716 40.26553288
OS 82.22500446 40.26553288
OS 82.22500446 38.62500276
OS 84.6750021 38.62500276
OS 84.6750021 42.72499964
OS 84.22946832 42.72499964
OS 84.22946832 46.13459404
OS 84.63866994 46.54379312
OS 84.7560027 46.49519276
OS 84.7560027 46.3670015
OS 85.9560003 46.3670015
OS 85.9560003 47.8669985
OE
OB 42.8527972 47.0980008 H
OS 42.5019978 47.0980008
OS 42.5019978 46.1972025
OS 42.8527972 46.1972025
OS 42.8527972 47.0980008
OE
OB 42.2479978 47.0980008 H
OS 41.8971984 47.0980008
OS 41.8971984 46.1972025
OS 42.2479978 46.1972025
OS 42.2479978 47.0980008
OE
OB 75.92779582 46.50279752 H
OS 75.42699672 46.50279752
OS 75.42699672 46.15199812
OS 75.92779582 46.15199812
OS 75.92779582 46.50279752
OE
OB 75.17299672 46.50279752 H
OS 74.67219762 46.50279752
OS 74.67219762 46.15199812
OS 75.17299672 46.15199812
OS 75.17299672 46.50279752
OE
OB 75.92779582 45.89799812 H
OS 75.42699672 45.89799812
OS 75.42699672 45.54719872
OS 75.92779582 45.54719872
OS 75.92779582 45.89799812
OE
OB 75.17299672 45.89799812 H
OS 74.67219762 45.89799812
OS 74.67219762 45.54719872
OS 75.17299672 45.54719872
OS 75.17299672 45.89799812
OE
OB 85.85280264 46.0277972 H
OS 85.50200324 46.0277972
OS 85.50200324 45.5269981
OS 85.85280264 45.5269981
OS 85.85280264 46.0277972
OE
OB 85.24800324 46.0277972 H
OS 84.89720384 46.0277972
OS 84.89720384 45.5269981
OS 85.24800324 45.5269981
OS 85.24800324 46.0277972
OE
OB 107.5775979 45.6111991 H
OS 107.22680358 45.6111991
OS 107.22680358 45.1104
OS 107.5775979 45.1104
OS 107.5775979 45.6111991
OE
OB 101.2770009 45.6111991 H
OS 100.9262015 45.6111991
OS 100.9262015 45.1104
OS 101.2770009 45.1104
OS 101.2770009 45.6111991
OE
OB 100.6722015 45.6111991 H
OS 100.3214021 45.6111991
OS 100.3214021 45.1104
OS 100.6722015 45.1104
OS 100.6722015 45.6111991
OE
OB 106.97280358 45.6111991 H
OS 106.6219991 45.6111991
OS 106.6219991 45.1104
OS 106.97280358 45.1104
OS 106.97280358 45.6111991
OE
OB 34.22499886 48.37500104 H
OS 34.1480013 48.3749985
OS 33.02500126 48.3749985
OS 33.02500126 46.0750031
OS 33.17923768 46.0750031
OS 33.17923768 45.84637516
OS 33.1366622 45.80379968
OS 33.0527025 45.60110006
OS 33.0527025 45.38169994
OS 33.1366622 45.17900032
OS 33.29180032 45.0238622
OS 33.49449994 44.9399025
OS 33.71390006 44.9399025
OS 33.91659968 45.0238622
OS 34.0717378 45.17900032
OS 34.1556975 45.38169994
OS 34.1556975 45.60110006
OS 34.0717378 45.80379968
OS 34.04996492 45.82557256
OS 34.04996492 45.98519886
OS 34.09418378 46.02941772
OS 34.17696746 46.07500056
OS 34.2750013 46.07499802
OS 34.32513328 46.07500056
OS 34.45213582 46.01014166
OS 34.45213582 45.83207496
OS 34.43246098 45.81240012
OS 34.34850128 45.6097005
OS 34.34850128 45.39030038
OS 34.43246098 45.18760076
OS 34.5875991 45.03246264
OS 34.79029872 44.94850294
OS 35.00969884 44.94850294
OS 35.21239846 45.03246264
OS 35.36753658 45.18760076
OS 35.43126772 45.34146126
OS 35.56872998 45.34146126
OS 35.63246112 45.18760076
OS 35.78759924 45.03246264
OS 35.99029886 44.94850294
OS 36.20969898 44.94850294
OS 36.4123986 45.03246264
OS 36.56753672 45.18760076
OS 36.65149642 45.39030038
OS 36.65149642 45.6097005
OS 36.56753672 45.81240012
OS 36.54786442 45.83207242
OS 36.54786442 45.98519632
OS 36.63766866 46.07499802
OS 36.72499894 46.07499802
OS 36.86233166 46.07500056
OS 36.9521359 45.98519632
OS 36.9521359 45.83207496
OS 36.93246106 45.81240012
OS 36.84850136 45.6097005
OS 36.84850136 45.39030038
OS 36.93246106 45.18760076
OS 37.08759918 45.03246264
OS 37.2902988 44.94850294
OS 37.50969892 44.94850294
OS 37.71239854 45.03246264
OS 37.86753666 45.18760076
OS 37.95149636 45.39030038
OS 37.95149636 45.6097005
OS 37.86753666 45.81240012
OS 37.82286314 45.85707364
OS 37.82286314 45.98519632
OS 37.91266738 46.07499802
OS 37.97499644 46.07499802
OS 38.10013462 46.07500056
OS 38.22713716 46.07050984
OS 38.22713716 45.79954772
OS 38.1485013 45.6097005
OS 38.1485013 45.39030038
OS 38.232461 45.18760076
OS 38.38759912 45.03246264
OS 38.59029874 44.94850294
OS 38.80969886 44.94850294
OS 39.01239848 45.03246264
OS 39.1675366 45.18760076
OS 39.23126774 45.34146126
OS 39.36873 45.34146126
OS 39.43246114 45.18760076
OS 39.58759926 45.03246264
OS 39.79029888 44.94850294
OS 40.009699 44.94850294
OS 40.21239862 45.03246264
OS 40.36753674 45.18760076
OS 40.43126788 45.34146126
OS 40.56873014 45.34146126
OS 40.63246128 45.18760076
OS 40.7875994 45.03246264
OS 40.99029902 44.94850294
OS 41.20969914 44.94850294
OS 41.41239876 45.03246264
OS 41.56753688 45.18760076
OS 41.65149658 45.39030038
OS 41.65149658 45.6097005
OS 41.56753688 45.81240012
OS 41.54786458 45.83207242
OS 41.54786458 46.07500056
OS 41.7249991 46.07500056
OS 41.7249991 48.37499596
OS 40.60200414 48.37499596
OS 40.5250015 48.3749985
OS 40.39799896 48.37499596
OS 39.35200156 48.37499596
OS 39.275004 48.3749985
OS 39.14800146 48.37499596
OS 38.10199898 48.37499596
OS 38.02500142 48.3749985
OS 37.89799888 48.37499596
OS 36.85200148 48.37499596
OS 36.77499884 48.3749985
OS 36.6479963 48.37499596
OS 35.60200144 48.37499596
OS 35.52500134 48.3749985
OS 35.3979988 48.37499596
OS 34.30454404 48.3749985
OS 34.22499886 48.37500104
OE
OB 85.85280264 45.2729981 H
OS 85.50200324 45.2729981
OS 85.50200324 44.772199
OS 85.85280264 44.772199
OS 85.85280264 45.2729981
OE
OB 85.24800324 45.2729981 H
OS 84.89720384 45.2729981
OS 84.89720384 44.772199
OS 85.24800324 44.772199
OS 85.24800324 45.2729981
OE
OB 99.1527989 44.95279808 H
OS 98.65199472 44.95279808
OS 98.65199472 44.60200376
OS 99.1527989 44.60200376
OS 99.1527989 44.95279808
OE
OB 98.39799472 44.95279808 H
OS 97.8972007 44.95279808
OS 97.8972007 44.60200376
OS 98.39799472 44.60200376
OS 98.39799472 44.95279808
OE
OB 63.3984 44.5780795 H
OS 63.3983873 44.57807696
OS 62.7888127 44.57807696
OS 62.7888 44.5780795
OS 62.67174664 44.55479278
OS 62.57251138 44.48848862
OS 62.5725063 44.488481
OS 61.88671138 43.80268862
OS 61.82040722 43.70345336
OS 61.7971205 43.5864
OS 61.79712304 43.5863873
OS 61.79712304 40.6650952
OS 61.26729936 40.13527406
OS 61.14029936 40.18788
OS 61.14029936 40.69800598
OS 60.22501036 40.69800598
OS 59.30970104 40.69800598
OS 59.30970104 40.30199458
OS 60.22501036 40.30199458
OS 60.22501036 40.05004436
OS 59.30970104 40.05004436
OS 59.30970104 40.04999864
OS 59.18750164 40.04999864
OS 59.18750164 39.00000328
OS 59.18750164 38.35000204
OS 59.18750164 37.70000334
OS 59.18750164 37.0500021
OS 59.18750164 36.4000034
OS 59.30970104 36.4000034
OS 59.30970104 36.3999526
OS 60.22501036 36.3999526
OS 61.14029936 36.3999526
OS 61.14029936 36.4000034
OS 61.26249876 36.4000034
OS 61.26249876 36.43415624
OS 61.38949876 36.48182442
OS 61.79513168 36.0761915
OS 61.79513168 35.22183202
OS 61.82630002 35.06513434
OS 61.91506286 34.93229488
OS 62.03409488 34.81326286
OS 62.16693434 34.72450002
OS 62.26800348 34.70439592
OS 62.26800348 33.9790024
OS 64.06799988 33.9790024
OS 64.06799988 33.9833966
OS 64.09020202 34.10119926
OS 64.19500242 34.1012018
OS 64.74100336 34.1012018
OS 64.74100336 34.97900548
OS 64.74100336 35.856799
OS 64.09020202 35.85680154
OS 64.06799988 35.9746042
OS 64.06799988 35.9789984
OS 62.61406832 35.9789984
OS 62.61406832 36.1380024
OS 64.06799988 36.1380024
OS 64.06799988 36.1423966
OS 64.09020202 36.2602018
OS 64.74100336 36.2602018
OS 64.74100336 37.13800548
OS 64.86800336 37.13800548
OS 64.86800336 37.26500548
OS 65.64579708 37.26500548
OS 65.64579708 37.81190304
OS 65.73813116 37.86125778
OS 65.77279708 37.8676154
OS 65.91699796 37.83893372
OS 66.35100268 37.83893372
OS 66.35100268 37.1500019
OS 67.55100028 37.1500019
OS 67.55100028 38.6499989
OS 66.79217528 38.6499989
OS 66.75260208 38.65787036
OS 66.26435058 38.65787036
OS 66.21174464 38.78487036
OS 66.72800472 39.30113044
OS 66.75260208 39.30113044
OS 66.79217528 39.3090019
OS 67.55100028 39.3090019
OS 67.55100028 40.8089989
OS 66.35100268 40.8089989
OS 66.35100268 40.05502276
OS 66.26886162 40.0001359
OS 65.55319376 39.28446804
OS 63.78358084 39.28446804
OS 63.75507696 39.31920254
OS 63.75507696 39.45613394
OS 63.82300418 39.55499836
OS 63.8820795 39.5550009
OS 64.17380104 39.5550009
OS 64.17380104 40.1828
OS 64.17380104 40.8105991
OS 63.8820795 40.8105991
OS 63.82300418 40.81060164
OS 63.75507696 40.90946606
OS 63.75507696 40.91969972
OS 63.76295604 40.9275788
OS 63.82926274 41.02681914
OS 63.85157918 41.13900078
OS 64.05760112 41.13900078
OS 64.05760112 41.26120018
OS 64.70559576 41.26120018
OS 64.70559576 42.16400254
OS 64.70559576 43.06679982
OS 64.05987696 43.06679982
OS 64.05987696 43.9165873
OS 64.0598795 43.9166
OS 64.03659278 44.03365336
OS 63.97028862 44.13288862
OS 63.61468862 44.48848862
OS 63.51545336 44.55479278
OS 63.3984 44.5780795
OE
OB 107.5775979 44.8564 H
OS 107.22680358 44.8564
OS 107.22680358 44.3556009
OS 107.5775979 44.3556009
OS 107.5775979 44.8564
OE
OB 106.97280358 44.8564 H
OS 106.6219991 44.8564
OS 106.6219991 44.3556009
OS 106.97280358 44.3556009
OS 106.97280358 44.8564
OE
OB 101.2770009 44.8564 H
OS 100.9262015 44.8564
OS 100.9262015 44.3556009
OS 101.2770009 44.3556009
OS 101.2770009 44.8564
OE
OB 100.6722015 44.8564 H
OS 100.3214021 44.8564
OS 100.3214021 44.3556009
OS 100.6722015 44.3556009
OS 100.6722015 44.8564
OE
OB 44.90279818 45.45279962 H
OS 44.35199664 45.45279962
OS 44.35199664 44.00200242
OS 44.90279818 44.00200242
OS 44.90279818 45.45279962
OE
OB 44.09799664 45.45279962 H
OS 43.54720018 45.45279962
OS 43.54720018 44.00200242
OS 44.09799664 44.00200242
OS 44.09799664 45.45279962
OE
OB 32.45280022 45.45279962 H
OS 31.90200376 45.45279962
OS 31.90200376 44.00199734
OS 32.45280022 44.00199734
OS 32.45280022 45.45279962
OE
OB 31.64800376 45.45279962 H
OS 31.09720222 45.45279962
OS 31.09720222 44.00199734
OS 31.64800376 44.00199734
OS 31.64800376 45.45279962
OE
OB 99.1527989 44.34800376 H
OS 98.65199472 44.34800376
OS 98.65199472 43.99719928
OS 99.1527989 43.99719928
OS 99.1527989 44.34800376
OE
OB 98.39799472 44.34800376 H
OS 97.8972007 44.34800376
OS 97.8972007 43.99719928
OS 98.39799472 43.99719928
OS 98.39799472 44.34800376
OE
OB 72.07499428 48.02499666 H
OS 69.62499664 48.02499666
OS 69.62499664 43.92499978
OS 70.45603638 43.92499978
OS 70.45603638 43.34677386
OS 70.4238622 43.31459968
OS 70.3399025 43.11190006
OS 70.3399025 42.89249994
OS 70.4238622 42.68980032
OS 70.57900032 42.5346622
OS 70.78169994 42.4507025
OS 71.00110006 42.4507025
OS 71.20379968 42.5346622
OS 71.3589378 42.68980032
OS 71.4428975 42.89249994
OS 71.4428975 43.11190006
OS 71.3589378 43.31459968
OS 71.32676362 43.34677386
OS 71.32676362 43.92499978
OS 72.07499428 43.92499978
OS 72.07499428 45.5396346
OS 72.6150694 45.5396346
OS 72.84363638 45.31106762
OS 72.84363638 44.87383202
OS 72.87677576 44.7072258
OS 72.971152 44.56598402
OS 73.3199829 44.21715058
OS 73.46122468 44.12277434
OS 73.62783344 44.08963496
OS 74.54999822 44.08963496
OS 74.54999822 43.92499978
OS 76.04999522 43.92499978
OS 76.04999522 45.12499738
OS 74.54999822 45.12499738
OS 74.54999822 44.9603622
OS 73.80816836 44.9603622
OS 73.71436362 45.0541644
OS 73.71436362 45.4914
OS 73.68122424 45.65800876
OS 73.586848 45.799248
OS 73.10324978 46.28284622
OS 72.962008 46.37722246
OS 72.79540178 46.41036184
OS 72.07499428 46.41036184
OS 72.07499428 48.02499666
OE
OB 123.75229758 43.87299836 H
OS 121.92169926 43.87299836
OS 121.92169926 43.47699712
OS 123.75229758 43.47699712
OS 123.75229758 43.87299836
OE
OB 114.16119408 43.5243986 H
OS 113.51040036 43.5243986
OS 113.51040036 42.77360508
OS 114.16119408 42.77360508
OS 114.16119408 43.5243986
OE
OB 44.90279818 43.74800242 H
OS 44.35199664 43.74800242
OS 44.35199664 42.29720014
OS 44.90279818 42.29720014
OS 44.90279818 43.74800242
OE
OB 44.09799664 43.74800242 H
OS 43.54720018 43.74800242
OS 43.54720018 42.29720014
OS 44.09799664 42.29720014
OS 44.09799664 43.74800242
OE
OB 32.45280022 43.74799734 H
OS 31.90200376 43.74799734
OS 31.90200376 42.29720014
OS 32.45280022 42.29720014
OS 32.45280022 43.74799734
OE
OB 31.64800376 43.74799734 H
OS 31.09720222 43.74799734
OS 31.09720222 42.29720014
OS 31.64800376 42.29720014
OS 31.64800376 43.74799734
OE
OB 65.63539832 43.06679982 H
OS 64.95959576 43.06679982
OS 64.95959576 42.29100254
OS 65.63539832 42.29100254
OS 65.63539832 43.06679982
OE
OB 67.45280134 42.37779942 H
OS 67.10200194 42.37779942
OS 67.10200194 41.87700032
OS 67.45280134 41.87700032
OS 67.45280134 42.37779942
OE
OB 66.84800194 42.37779942 H
OS 66.49720254 42.37779942
OS 66.49720254 41.87700032
OS 66.84800194 41.87700032
OS 66.84800194 42.37779942
OE
OB 114.16119408 42.51960508 H
OS 113.51040036 42.51960508
OS 113.51040036 41.7688014
OS 114.16119408 41.7688014
OS 114.16119408 42.51960508
OE
OB 27.2288 41.77579656 H
OS 27.0280003 41.77579656
OS 27.0280003 41.57499686
OS 27.2288 41.57499686
OS 27.2288 41.77579656
OE
OB 24.3053997 41.77579656 H
OS 24.1046 41.77579656
OS 24.1046 41.57499686
OS 24.3053997 41.57499686
OS 24.3053997 41.77579656
OE
OB 23.8506 41.77579656 H
OS 23.6498003 41.77579656
OS 23.6498003 41.57499686
OS 23.8506 41.57499686
OS 23.8506 41.77579656
OE
OB 72.62670006 43.5536975 H
OS 72.40729994 43.5536975
OS 72.20460032 43.4697378
OS 72.0494622 43.31459968
OS 71.9655025 43.11190006
OS 71.9655025 42.89249994
OS 72.0494622 42.68980032
OS 72.20460032 42.5346622
OS 72.40729994 42.4507025
OS 72.62670006 42.4507025
OS 72.82939968 42.5346622
OS 72.88746916 42.59273168
OS 73.32500448 42.59273168
OS 73.32500448 38.62500276
OS 75.77500212 38.62500276
OS 75.77500212 39.81204128
OS 75.78287104 39.85160178
OS 75.77500212 39.89116228
OS 75.77500212 41.71553252
OS 78.25000352 41.71553252
OS 78.25000352 41.52500204
OS 79.75000052 41.52500204
OS 79.75000052 42.72499964
OS 78.25000352 42.72499964
OS 78.25000352 42.53446916
OS 75.77500212 42.53446916
OS 75.77500212 42.72499964
OS 74.94872996 42.72499964
OS 74.92830328 42.82769438
OS 74.83954044 42.96053638
OS 74.50833714 43.29173714
OS 74.37549768 43.38049998
OS 74.2188 43.41166832
OS 72.88746916 43.41166832
OS 72.82939968 43.4697378
OS 72.62670006 43.5536975
OE
OB 65.63539832 42.03700254 H
OS 64.95959576 42.03700254
OS 64.95959576 41.26120018
OS 65.63539832 41.26120018
OS 65.63539832 42.03700254
OE
OB 125.64800118 42.77279736 H
OS 124.42719844 42.77279736
OS 124.42719844 41.2020004
OS 125.64800118 41.2020004
OS 125.64800118 42.77279736
OE
OB 67.45280134 41.62300032 H
OS 67.10200194 41.62300032
OS 67.10200194 41.12220122
OS 67.45280134 41.12220122
OS 67.45280134 41.62300032
OE
OB 66.84800194 41.62300032 H
OS 66.49720254 41.62300032
OS 66.49720254 41.12220122
OS 66.84800194 41.12220122
OS 66.84800194 41.62300032
OE
OB 61.14029936 41.22779918 H
OS 60.35201036 41.22779918
OS 60.35201036 40.95200598
OS 61.14029936 40.95200598
OS 61.14029936 41.22779918
OE
OB 55.26429892 41.22779918 H
OS 54.47599976 41.22779918
OS 54.47599976 40.95200598
OS 55.26429892 40.95200598
OS 55.26429892 41.22779918
OE
OB 54.22199976 41.22779918 H
OS 53.4337006 41.22779918
OS 53.4337006 40.95200598
OS 54.22199976 40.95200598
OS 54.22199976 41.22779918
OE
OB 60.09801036 41.22779918 H
OS 59.30970104 41.22779918
OS 59.30970104 40.95200598
OS 60.09801036 40.95200598
OS 60.09801036 41.22779918
OE
OB 79.62780112 41.1028007 H
OS 79.1270071 41.1028007
OS 79.1270071 40.7520013
OS 79.62780112 40.7520013
OS 79.62780112 41.1028007
OE
OB 78.8730071 41.1028007 H
OS 78.37220292 41.1028007
OS 78.37220292 40.7520013
OS 78.8730071 40.7520013
OS 78.8730071 41.1028007
OE
OB 114.16119408 41.2383986 H
OS 113.51040036 41.2383986
OS 113.51040036 40.48760508
OS 114.16119408 40.48760508
OS 114.16119408 41.2383986
OE
OB 64.42780104 40.8105991 H
OS 64.42780104 40.3098
OS 64.77860044 40.3098
OS 64.77860044 40.8105991
OS 64.42780104 40.8105991
OE
OB 79.62780112 40.4980013 H
OS 79.1270071 40.4980013
OS 79.1270071 40.1472019
OS 79.62780112 40.1472019
OS 79.62780112 40.4980013
OE
OB 78.8730071 40.4980013 H
OS 78.37220292 40.4980013
OS 78.37220292 40.1472019
OS 78.8730071 40.1472019
OS 78.8730071 40.4980013
OE
OB 40.17779874 40.40279702 H
OS 38.726999 40.40279702
OS 38.726999 39.85199802
OS 40.17779874 39.85199802
OS 40.17779874 40.40279702
OE
OB 38.472999 40.40279702 H
OS 37.02219926 40.40279702
OS 37.02219926 39.85199802
OS 38.472999 39.85199802
OS 38.472999 40.40279702
OE
OB 64.77860044 40.0558 H
OS 64.42780104 40.0558
OS 64.42780104 39.5550009
OS 64.77860044 39.5550009
OS 64.77860044 40.0558
OE
OB 114.16119408 40.23360508 H
OS 113.51040036 40.23360508
OS 113.51040036 39.4828014
OS 114.16119408 39.4828014
OS 114.16119408 40.23360508
OE
OB 125.64800118 40.9480004 H
OS 124.42719844 40.9480004
OS 124.42719844 39.37719836
OS 125.64800118 39.37719836
OS 125.64800118 40.9480004
OE
OB 19.48660568 39.4691997 H
OS 19.28580344 39.4691997
OS 19.28580344 39.26839746
OS 19.48660568 39.26839746
OS 19.48660568 39.4691997
OE
OB 40.17779874 39.59799802 H
OS 38.726999 39.59799802
OS 38.726999 39.04719902
OS 40.17779874 39.04719902
OS 40.17779874 39.59799802
OE
OB 38.472999 39.59799802 H
OS 37.02219926 39.59799802
OS 37.02219926 39.04719902
OS 38.472999 39.04719902
OS 38.472999 39.59799802
OE
OB 105.80000176 53.59999694 H
OS 104.60000416 53.59999694
OS 104.60000416 52.15510016
OS 104.492552 52.047648
OS 104.39817576 51.90640622
OS 104.36503638 51.7398
OS 104.36503638 48.6156
OS 104.39817576 48.44899378
OS 104.492552 48.307752
OS 104.81815206 47.98215194
OS 104.95939384 47.8877757
OS 105.12600006 47.85463632
OS 105.48469632 47.85463632
OS 105.57450056 47.76483208
OS 105.57449802 47.66499992
OS 105.57450056 47.53799738
OS 105.57450056 46.395005
OS 105.57449802 46.39500246
OS 105.57449548 46.39500246
OS 105.52848592 46.2855691
OS 105.3171503 46.07423348
OS 105.22277406 45.9329917
OS 105.18963468 45.76638548
OS 105.18963468 45.7333985
OS 104.99980016 45.7333985
OS 104.99980016 44.2334015
OS 106.19979776 44.2334015
OS 106.19979776 45.72548894
OS 106.6292508 46.15494198
OS 106.72362704 46.29618376
OS 106.74328156 46.39499992
OS 107.69950012 46.39499992
OS 107.69950266 47.56279794
OS 107.82650012 47.61540388
OS 108.05638282 47.38552118
OS 108.19762206 47.29114494
OS 108.25000194 47.28072586
OS 108.25000194 46.67499936
OS 110.63883638 46.67499936
OS 110.63883638 41.43177896
OS 110.52499612 41.40000356
OS 110.52499612 41.40000102
OS 106.42500178 41.40000102
OS 106.42500178 38.95000338
OS 110.52499866 38.95000338
OS 110.52499866 39.74309806
OS 110.67420842 39.77277796
OS 110.8154502 39.8671542
OS 111.382048 40.433752
OS 111.47642424 40.57499378
OS 111.50956362 40.7416
OS 111.50956362 50.038
OS 111.47642424 50.20460876
OS 111.382048 50.345848
OS 111.02004974 50.70784626
OS 110.87880796 50.8022225
OS 110.71220174 50.83536188
OS 110.64999714 50.83536188
OS 110.64999714 51.37499758
OS 110.5275539 51.37499758
OS 110.4596724 51.50199758
OS 110.49922528 51.56119228
OS 110.53236466 51.72780104
OS 110.53236466 52.0820015
OS 110.69699984 52.0820015
OS 110.69699984 53.5819985
OS 109.49700224 53.5819985
OS 109.49700224 52.0820015
OS 109.66163742 52.0820015
OS 109.66163742 51.90813342
OS 109.32211816 51.56861416
OS 109.22774192 51.42737238
OS 109.21732538 51.37499758
OS 108.25000194 51.37499758
OS 108.25000194 50.04069748
OS 108.20466802 49.99536356
OS 107.78930436 49.99536356
OS 107.69950012 50.0851678
OS 107.69950266 50.18499996
OS 107.69950012 50.3120025
OS 107.69950012 51.45499996
OS 107.24236362 51.45499996
OS 107.24236362 51.93731548
OS 107.3085992 52.09722626
OS 107.3085992 52.29677374
OS 107.23223664 52.48113456
OS 107.09113456 52.62223664
OS 106.90677374 52.6985992
OS 106.70722626 52.6985992
OS 106.52286544 52.62223664
OS 106.38176336 52.48113456
OS 106.3054008 52.29677374
OS 106.3054008 52.09722626
OS 106.37163638 51.93731548
OS 106.37163638 51.45499996
OS 105.57450056 51.45499996
OS 105.57450056 50.3120025
OS 105.57449802 50.20499992
OS 105.57450056 50.07799738
OS 105.57450056 48.935005
OS 105.57449548 48.935005
OS 105.57449548 48.91499488
OS 105.57450056 48.91499488
OS 105.57450056 48.72536356
OS 105.30633244 48.72536356
OS 105.23576362 48.79593238
OS 105.23576362 51.55946762
OS 105.50785096 51.83155496
OS 105.6022272 51.97279674
OS 105.62752814 52.09999994
OS 105.80000176 52.09999994
OS 105.80000176 53.59999694
OE
OB 115.2978009 39.0071991 H
OS 114.9470015 39.0071991
OS 114.9470015 38.5064
OS 115.2978009 38.5064
OS 115.2978009 39.0071991
OE
OB 114.6930015 39.0071991 H
OS 114.3422021 39.0071991
OS 114.3422021 38.5064
OS 114.6930015 38.5064
OS 114.6930015 39.0071991
OE
OB 79.6217991 38.7435979 H
OS 79.12099746 38.7435979
OS 79.12099746 38.39280104
OS 79.6217991 38.39280104
OS 79.6217991 38.7435979
OE
OB 78.86699746 38.7435979 H
OS 78.3662009 38.7435979
OS 78.3662009 38.39280104
OS 78.86699746 38.39280104
OS 78.86699746 38.7435979
OE
OB 43.09999508 38.47499798 H
OS 40.79999968 38.47499798
OS 40.79999968 38.27286224
OS 40.59981212 38.27286224
OS 40.40972106 38.3515997
OS 40.1902803 38.3515997
OS 39.98754512 38.26762476
OS 39.83237652 38.11245616
OS 39.74840158 37.90972098
OS 39.74840158 37.69028022
OS 39.83237652 37.48754504
OS 39.98754512 37.33237644
OS 40.14132942 37.26867832
OS 40.14132688 37.13121352
OS 39.987601 37.06753826
OS 39.83246288 36.91240014
OS 39.74850318 36.70970052
OS 39.74850318 36.4903004
OS 39.83246288 36.28760078
OS 39.987601 36.13246266
OS 40.19030062 36.04850296
OS 40.40970074 36.04850296
OS 40.61239782 36.13246266
OS 40.76243562 36.124896
OS 40.79999968 36.08733194
OS 40.79999968 36.02500034
OS 40.80000222 35.8998647
OS 40.79550388 35.77286216
OS 40.59954796 35.77286216
OS 40.40970074 35.85149802
OS 40.19030062 35.85149802
OS 39.987601 35.76753832
OS 39.83246288 35.6124002
OS 39.74850318 35.40970058
OS 39.74850318 35.19030046
OS 39.83246288 34.98760084
OS 39.987601 34.83246272
OS 40.19030062 34.74850302
OS 40.40970074 34.74850302
OS 40.61240036 34.83246272
OS 40.67300222 34.89306458
OS 40.80000222 34.88023504
OS 40.80000222 34.7750003
OS 43.09999762 34.7750003
OS 43.09999762 35.8979978
OS 43.10000016 35.9749979
OS 43.09999762 36.10200044
OS 43.09999762 37.14799784
OS 43.10000016 37.22499794
OS 43.09999508 37.35200048
OS 43.09999508 38.47499798
OE
OB 79.6217991 38.13880104 H
OS 79.12099746 38.13880104
OS 79.12099746 37.7879991
OS 79.6217991 37.7879991
OS 79.6217991 38.13880104
OE
OB 78.86699746 38.13880104 H
OS 78.3662009 38.13880104
OS 78.3662009 37.7879991
OS 78.86699746 37.7879991
OS 78.86699746 38.13880104
OE
OB 115.2978009 38.2524 H
OS 114.9470015 38.2524
OS 114.9470015 37.7516009
OS 115.2978009 37.7516009
OS 115.2978009 38.2524
OE
OB 114.6930015 38.2524 H
OS 114.3422021 38.2524
OS 114.3422021 37.7516009
OS 114.6930015 37.7516009
OS 114.6930015 38.2524
OE
OB 30.79819342 37.5641997 H
OS 30.59739372 37.5641997
OS 30.59739372 37.3634
OS 30.79819342 37.3634
OS 30.79819342 37.5641997
OE
OB 132.57499012 37.35200302 I
OS 132.57499012 37.22500302
OS 132.57499012 37.22500302
OS 132.57499012 37.35200302
OE
OB 117.0686 50.6232795 H
OS 117.0685873 50.62327696
OS 113.14298174 50.62327696
OS 113.0916839 50.61307378
OS 113.03994918 50.60540044
OS 113.03340868 50.60148122
OS 113.02592838 50.59999278
OS 112.98244104 50.57093772
OS 112.93757956 50.54405182
OS 112.13879528 49.82014674
OS 112.1342563 49.81402788
OS 112.12790884 49.80978608
OS 112.09883346 49.7662708
OS 112.0676956 49.72428968
OS 112.0658414 49.7168932
OS 112.06160468 49.71055082
OS 112.0514015 49.65926314
OS 112.0386888 49.60852156
OS 112.03980894 49.60097522
OS 112.0383205 49.59349746
OS 112.03832304 44.7802
OS 112.06160722 44.6631441
OS 112.12791138 44.56391138
OS 112.127919 44.5639063
OS 112.76291138 43.92891138
OS 112.86214664 43.86260722
OS 112.9792 43.8393205
OS 112.9792127 43.83932304
OS 114.70670226 43.83932304
OS 114.9042914 43.64173136
OS 114.85569104 43.5243986
OS 114.41519408 43.5243986
OS 114.41519408 42.64660508
OS 114.41519408 41.7688014
OS 115.03552304 41.7688014
OS 115.03552304 41.5544
OS 115.05880722 41.43734664
OS 115.06745338 41.42440534
OS 115.08819756 41.360598
OS 115.0667625 41.2424753
OS 115.06599542 41.23840114
OS 114.96119756 41.2383986
OS 114.41519408 41.2383986
OS 114.41519408 40.36060508
OS 114.41519408 39.4828014
OS 115.06599542 39.48279886
OS 115.0882001 39.36500128
OS 115.0882001 39.360602
OS 116.8881965 39.360602
OS 116.8881965 39.73543742
OS 117.1822015 39.73543742
OS 117.1822015 39.57080224
OS 118.6821985 39.57080224
OS 118.6821985 39.66463492
OS 120.32713298 39.66463492
OS 120.37973892 39.53763492
OS 119.93626762 39.09416362
OS 118.6821985 39.09416362
OS 118.6821985 39.2708003
OS 117.1822015 39.2708003
OS 117.1822015 38.81476362
OS 116.91999984 38.81476362
OS 116.91999984 39.1293985
OS 115.72000224 39.1293985
OS 115.72000224 37.6294015
OS 116.91999984 37.6294015
OS 116.91999984 37.94403638
OS 117.49079626 37.94403638
OS 117.65740248 37.97717576
OS 117.79752412 38.0708027
OS 118.6821985 38.0708027
OS 118.6821985 38.22343638
OS 120.07973444 38.22343638
OS 120.13120754 38.1298577
OS 120.13587352 38.09996952
OS 118.97106762 36.93516362
OS 118.72499242 36.93516362
OS 118.72499242 37.39999632
OS 116.92499602 37.39999632
OS 116.92499602 37.39560212
OS 116.90279134 37.27779946
OS 116.79799348 37.27779692
OS 116.25200016 37.27779692
OS 116.25200016 36.39999324
OS 116.25200016 35.52219972
OS 116.90279134 35.52219718
OS 116.92499602 35.4043996
OS 116.92499602 35.40000032
OS 118.72499242 35.40000032
OS 118.72499242 36.06443638
OS 119.1514 36.06443638
OS 119.31800622 36.09757576
OS 119.40183638 36.15359038
OS 119.52883638 36.08570634
OS 119.52883638 35.25773238
OS 118.88146658 34.61036258
OS 118.7169965 34.61036258
OS 118.7169965 35.162998
OS 115.2170035 35.162998
OS 115.2170035 34.61036258
OS 114.03653596 34.61036258
OS 111.712248 36.934648
OS 111.57100622 37.02902424
OS 111.4044 37.06216362
OS 104.98073492 37.06216362
OS 103.51036448 38.53253152
OS 103.51036448 38.95000338
OS 105.1249993 38.95000338
OS 105.1249993 41.40000102
OS 103.51036448 41.40000102
OS 103.51036448 41.98439914
OS 103.4772251 42.15100536
OS 103.38284886 42.29224714
OS 102.65836466 43.01673134
OS 102.65836466 44.2334015
OS 102.89919984 44.2334015
OS 102.89919984 45.7333985
OS 101.69920224 45.7333985
OS 101.69920224 44.2334015
OS 101.78763742 44.2334015
OS 101.78763742 42.83639896
OS 101.8207768 42.66979274
OS 101.91515304 42.52855096
OS 102.63963724 41.80406676
OS 102.63963724 41.40000102
OS 101.02500242 41.40000102
OS 101.02500242 38.95000338
OS 102.63963724 38.95000338
OS 102.63963724 38.35219914
OS 102.67277662 38.18559292
OS 102.76715286 38.04435114
OS 104.492552 36.31894946
OS 104.63379378 36.22457576
OS 104.8004 36.19143638
OS 111.22406762 36.19143638
OS 113.5483505 33.86715096
OS 113.68959228 33.77277472
OS 113.85620104 33.73963534
OS 115.2170035 33.73963534
OS 115.2170035 33.163002
OS 118.7169965 33.163002
OS 118.7169965 33.73963534
OS 119.06179896 33.73963534
OS 119.22840518 33.77277472
OS 119.36964696 33.86715096
OS 120.272048 34.769552
OS 120.36642424 34.91079378
OS 120.39956362 35.0774
OS 120.39956362 36.11626762
OS 121.6821671 37.3988711
OS 121.79949986 37.3502682
OS 121.79949986 36.97500098
OS 121.92169926 36.97500098
OS 121.92169926 36.97495018
OS 123.75229758 36.97495018
OS 123.75229758 36.97500098
OS 123.87449698 36.97500098
OS 123.87449698 37.62499968
OS 123.87449698 38.27500092
OS 123.87449698 38.92499962
OS 123.87449698 39.57500086
OS 123.87449698 40.62499622
OS 123.75229758 40.62499622
OS 123.75229758 40.62504702
OS 121.92169926 40.62504702
OS 121.92169926 40.62499622
OS 121.79949986 40.62499622
OS 121.79949986 40.53536216
OS 118.6821985 40.53536216
OS 118.6821985 40.77079984
OS 117.1822015 40.77079984
OS 117.1822015 40.60616466
OS 116.8881965 40.60616466
OS 116.8881965 41.04543734
OS 117.0151965 41.09086016
OS 117.11870404 41.0216985
OS 117.27540172 40.99053016
OS 121.79949986 40.99053016
OS 121.79949986 40.8750008
OS 121.92169926 40.8750008
OS 121.92169926 40.87495
OS 123.75229758 40.87495
OS 123.75229758 40.8750008
OS 123.87449698 40.8750008
OS 123.87449698 41.5249995
OS 123.87449698 42.17500074
OS 123.87449698 43.2249961
OS 123.75229758 43.2249961
OS 123.75229758 43.2250469
OS 121.92169926 43.2250469
OS 121.92169926 43.2249961
OS 121.79949986 43.2249961
OS 121.79949986 43.10946674
OS 120.3839985 43.10946674
OS 120.3839985 43.51259522
OS 120.38400104 43.51259522
OS 120.3702952 43.63959776
OS 120.38339906 43.66537876
OS 120.40776528 43.70386484
OS 120.41025448 43.7182133
OS 120.41684324 43.73118
OS 120.42037384 43.7765825
OS 120.42815386 43.82145922
OS 120.42496616 43.83565274
OS 120.42609392 43.85016884
OS 120.41197406 43.89347838
OS 120.4019944 43.93790298
OS 120.3839985 43.97848964
OS 120.3839985 44.68526242
OS 120.50391698 44.74526992
OS 120.5358778 44.73527248
OS 120.61446286 44.61766286
OS 120.8716658 44.36045992
OS 121.00450526 44.27169708
OS 121.16120294 44.24052874
OS 121.79949986 44.24052874
OS 121.79949986 44.12499938
OS 121.92169926 44.12499938
OS 121.92169926 44.12494858
OS 123.75229758 44.12494858
OS 123.75229758 44.12499938
OS 123.87449698 44.12499938
OS 123.87449698 44.77500062
OS 123.87449698 45.82499344
OS 123.9928305 45.84592304
OS 126.46689972 45.84592304
OS 126.64332304 45.66949972
OS 126.64332304 45.0596127
OS 126.6433205 45.0596
OS 126.66660722 44.94254664
OS 126.73291138 44.84331138
OS 126.732919 44.8433063
OS 127.30697424 44.26924852
OS 127.14226286 44.10453714
OS 127.05350002 43.97169768
OS 127.02233168 43.815
OS 127.02233168 42.77279736
OS 125.90200118 42.77279736
OS 125.90200118 41.0750004
OS 125.90200118 39.37719836
OS 126.99773432 39.37719836
OS 126.99773432 38.37949398
OS 127.02890266 38.2227963
OS 127.1176655 38.08995684
OS 127.3462655 37.86135684
OS 127.47910242 37.772594
OS 127.48489616 37.64195418
OS 127.48152304 37.62499968
OS 127.4815205 36.52489774
OS 124.96829718 34.01167696
OS 123.19 34.01167696
OS 123.0729441 33.98839278
OS 122.97371138 33.92208862
OS 122.9737063 33.922081
OS 118.57951138 29.52788862
OS 118.51320722 29.42865336
OS 118.4899205 29.3116
OS 118.48992304 29.3115873
OS 118.48992304 21.9202
OS 118.51320722 21.80314664
OS 118.57951138 21.70391138
OS 119.5193063 20.76411392
OS 119.51931138 20.7641063
OS 119.6185441 20.69780214
OS 119.7356 20.67451542
OS 119.7356127 20.67451796
OS 121.1823205 20.67452304
OS 121.30090548 20.57517094
OS 121.30932304 20.5549246
OS 121.30932304 16.6624
OS 121.33260722 16.54534664
OS 121.39891138 16.44611138
OS 121.398919 16.4461063
OS 122.94682548 14.89819728
OS 122.89421954 14.77119728
OS 122.37839888 14.77119728
OS 122.37839888 13.89339868
OS 122.37839888 13.01560008
OS 122.9095205 13.01560008
OS 123.02919514 13.01559754
OS 123.03652304 12.89164046
OS 123.03652304 12.23899762
OS 123.03793274 12.23191356
OS 123.03685324 12.22476346
OS 123.04265714 12.10016884
OS 123.05533682 12.04900054
OS 123.06561112 11.99735218
OS 123.06962432 11.99134508
OS 123.07136422 11.98432706
OS 123.10263416 11.941937
OS 123.13191274 11.89811692
OS 123.13792492 11.89409864
OS 123.14221498 11.88828458
OS 123.18733046 11.8610888
OS 123.22600196 11.83524938
OS 123.22600196 11.13795334
OS 123.18734316 11.11212154
OS 123.14221498 11.08491814
OS 123.13792492 11.07910154
OS 123.1319102 11.07508326
OS 123.10262654 11.03125302
OS 123.07136422 10.98887566
OS 123.06962686 10.98186018
OS 123.06560858 10.975848
OS 123.05533174 10.92417932
OS 123.04265714 10.87303134
OS 123.03685324 10.74843926
OS 123.03793274 10.74128916
OS 123.03652304 10.7342051
OS 123.03652304 10.414
OS 123.05980722 10.2969441
OS 123.12611138 10.19771138
OS 123.126119 10.1977063
OS 124.52311138 8.80071138
OS 124.62234664 8.73440722
OS 124.7394 8.7111205
OS 124.7394127 8.71112304
OS 130.15637926 8.71112304
OS 130.15954664 8.70900722
OS 130.2766 8.6857205
OS 130.39365336 8.70900722
OS 130.49288862 8.77531138
OS 130.87388862 9.15631138
OS 130.94019278 9.25554664
OS 130.9634795 9.3726
OS 130.96347696 9.3726127
OS 130.96347696 12.44630226
OS 131.49550028 12.97832304
OS 132.588 12.97832304
OS 132.70505336 13.00160722
OS 132.80428862 13.06791138
OS 132.8042937 13.067919
OS 133.23608862 13.49971138
OS 133.30239278 13.59894664
OS 133.3256795 13.716
OS 133.32567696 13.7160127
OS 133.32567696 18.0847873
OS 133.3256795 18.0848
OS 133.30239278 18.20185336
OS 133.23608862 18.30108862
OS 131.94068862 19.59648862
OS 131.84145336 19.66279278
OS 131.7244 19.6860795
OS 131.7243873 19.68607696
OS 125.17227696 19.68607442
OS 125.17227696 20.4723873
OS 125.1722795 20.4724
OS 125.14899278 20.58945336
OS 125.08268862 20.68868862
OS 123.87451222 21.89686248
OS 123.82938912 24.18748528
OS 123.81691518 24.24432032
OS 123.8049975 24.30129506
OS 123.80413136 24.30256506
OS 123.8038037 24.30405604
OS 123.77055256 24.35175978
OS 123.73771544 24.39986992
OS 123.73643528 24.40070812
OS 123.73555644 24.40196796
OS 123.68647348 24.43338268
OS 123.66343314 24.44844996
OS 123.62280838 24.58743368
OS 127.05050028 28.01512304
OS 131.0132 28.01512304
OS 131.1302559 28.03840722
OS 131.22948862 28.10471138
OS 131.2294937 28.104719
OS 131.76288608 28.63810884
OS 131.82919024 28.7373441
OS 131.85247696 28.85439746
OS 131.85247442 28.85441016
OS 131.85247696 34.8971997
OS 131.82919278 35.01425306
OS 131.76288862 35.11348832
OS 131.69999822 35.15550754
OS 131.69999822 35.89449006
OS 131.76288862 35.93650928
OS 131.82919278 36.03574454
OS 131.85247696 36.1527979
OS 131.85247696 36.59719884
OS 131.82919278 36.7142522
OS 131.76288862 36.81348746
OS 131.67499954 36.87220972
OS 131.67499954 37.89323638
OS 131.98694964 37.89323638
OS 132.09719834 37.8527945
OS 132.09720088 37.76623384
OS 132.09720088 37.35200302
OS 132.57499012 37.35200302
OS 133.05279968 37.35200302
OS 133.05280222 37.8527945
OS 133.16305092 37.89323638
OS 133.9596 37.89323638
OS 134.12620622 37.92637576
OS 134.267448 38.020752
OS 135.08364906 38.83695052
OS 135.17802276 38.9781923
OS 135.21116214 39.14479852
OS 135.21116214 39.6432024
OS 135.75079784 39.6432024
OS 135.75079784 40.38963474
OS 137.34499836 40.38963474
OS 137.51160458 40.42277412
OS 137.65284636 40.51715036
OS 139.08284858 41.94715258
OS 139.17722482 42.08839182
OS 139.2103642 42.25500058
OS 139.2103642 47.40000172
OS 142.53499814 47.40000172
OS 142.53499814 50.50999804
OS 135.01500302 50.50999804
OS 135.01500302 47.40000172
OS 138.33963696 47.40000172
OS 138.33963696 42.43533296
OS 137.16466598 41.26036198
OS 135.75079784 41.26036198
OS 135.75079784 42.0431976
OS 133.8007992 42.0431976
OS 133.8007992 39.96116214
OS 133.0008008 39.96116214
OS 133.0008008 41.7357052
OS 133.01044518 41.74214918
OS 134.31044512 43.04214912
OS 134.88783792 43.61954192
OS 134.98221416 43.7607837
OS 135.00187122 43.8596024
OS 135.72539784 43.8596024
OS 135.72539784 46.2595976
OS 134.39109774 46.2595976
OS 133.74336472 46.90733062
OS 133.74336472 47.72699624
OS 133.73499796 47.76905864
OS 133.73499796 50.4099957
OS 126.21500284 50.4099957
OS 126.21500284 47.30000192
OS 126.11075108 47.24507442
OS 125.34871044 47.24507442
OS 123.91429624 48.67948862
OS 123.81506098 48.74579278
OS 123.71229004 48.76623724
OS 123.67294544 48.79473858
OS 123.6145991 48.85446922
OS 123.6145991 49.18780104
OS 122.98679746 49.18780104
OS 122.98679746 49.31480104
OS 122.85979746 49.31480104
OS 122.85979746 49.7925979
OS 122.3590009 49.7925979
OS 122.3590009 49.45297196
OS 122.2320009 49.39100358
OS 122.17507442 49.4354485
OS 122.17507696 49.83479746
OS 122.15179278 49.95185336
OS 122.08548862 50.05108862
OS 121.9862559 50.11739278
OS 121.86920254 50.14067696
OS 120.5992 50.14067696
OS 120.48214664 50.11739278
OS 120.38291138 50.05108862
OS 120.31660722 49.95185336
OS 120.29483434 49.84239206
OS 120.18559402 49.79260552
OS 120.18559656 49.79260298
OS 120.18559402 49.79260044
OS 119.6848 49.79260044
OS 119.6848 49.31480104
OS 119.5578 49.31480104
OS 119.5578 49.18780104
OS 118.9300009 49.18780104
OS 118.9300009 49.05450946
OS 118.81266814 49.0059091
OS 117.28488862 50.53368862
OS 117.18565336 50.59999278
OS 117.0686 50.6232795
OE
OB 30.79819342 37.1094 H
OS 30.59739372 37.1094
OS 30.59739372 36.9086003
OS 30.79819342 36.9086003
OS 30.79819342 37.1094
OE
OB 133.05279968 37.09800302 H
OS 132.70199012 37.09800302
OS 132.70199012 36.59719884
OS 133.05279968 36.59719884
OS 133.05279968 37.09800302
OE
OB 132.44799012 37.09800302 H
OS 132.09720088 37.09800302
OS 132.09720088 36.59719884
OS 132.44799012 36.59719884
OS 132.44799012 37.09800302
OE
OB 115.99800016 37.27779692 H
OS 115.34719628 37.27779692
OS 115.34719628 36.52699324
OS 115.99800016 36.52699324
OS 115.99800016 37.27779692
OE
OB 99.2886 36.4500795 H
OS 99.2885873 36.45007696
OS 96.9518127 36.45007696
OS 96.9518 36.4500795
OS 96.83474664 36.42679278
OS 96.73551138 36.36048862
OS 96.7355063 36.360481
OS 96.25291138 35.87788862
OS 96.18660722 35.77865336
OS 96.1633205 35.6616
OS 96.16332304 35.6615873
OS 96.16332304 35.53518674
OS 96.12079582 35.42580164
OS 96.0363205 35.4257991
OS 95.76999896 35.4257991
OS 95.76999896 34.798
OS 95.76999896 34.17019836
OS 96.12079582 34.17019836
OS 96.16332304 34.0608158
OS 96.16332304 33.8079842
OS 96.12079836 33.6985991
OS 96.0363205 33.69859656
OS 95.7700015 33.69859656
OS 95.7700015 33.07079746
OS 95.7700015 32.44299582
OS 96.12079836 32.44299582
OS 96.16332304 32.33361072
OS 96.16332304 32.10108642
OS 96.06731358 32.00507696
OS 95.885 32.00507696
OS 95.76794664 31.98179278
OS 95.66871138 31.91548862
OS 95.6687063 31.915481
OS 95.23691138 31.48368862
OS 95.17060722 31.38445336
OS 95.1473205 31.2674
OS 95.14732304 31.2673873
OS 95.14732304 30.24999792
OS 95.17060722 30.13294456
OS 95.23691138 30.0337093
OS 95.33614664 29.96740514
OS 95.37549886 29.95957686
OS 95.37549886 29.20000256
OS 95.37549886 28.55000132
OS 95.49769826 28.55000132
OS 95.49769826 28.54995052
OS 97.32829658 28.54995052
OS 97.32829658 28.55000132
OS 97.45049598 28.55000132
OS 97.45049598 28.63963538
OS 103.00246862 28.63963538
OS 103.43242204 28.20968196
OS 103.35146462 28.11103598
OS 103.25240716 28.1772233
OS 103.08580094 28.21036268
OS 97.45049598 28.21036268
OS 97.45049598 28.29999674
OS 97.32829658 28.29999674
OS 97.32829658 28.30004754
OS 95.49769826 28.30004754
OS 95.49769826 28.29999674
OS 95.37549886 28.29999674
OS 95.37549886 27.25000138
OS 95.37549886 26.60000268
OS 95.37549886 25.95000144
OS 95.37549886 25.30000274
OS 95.49769826 25.30000274
OS 95.49769826 25.29995194
OS 97.32829658 25.29995194
OS 97.32829658 25.30000274
OS 97.45049598 25.30000274
OS 97.45049598 25.3896368
OS 101.4264672 25.3896368
OS 101.7287399 25.0873641
OS 101.67613396 24.9603641
OS 97.45049598 24.9603641
OS 97.45049598 25.04999816
OS 97.32829658 25.04999816
OS 97.32829658 25.05004896
OS 95.49769826 25.05004896
OS 95.49769826 25.04999816
OS 95.37549886 25.04999816
OS 95.37549886 23.77814396
OS 95.3666749 23.65574898
OS 95.24117604 23.65212694
OS 95.18723406 23.63976984
OS 95.13294664 23.62896976
OS 95.12921538 23.62647548
OS 95.12484404 23.62547472
OS 95.07975396 23.59343008
OS 95.03371138 23.5626656
OS 95.03121964 23.55893434
OS 95.02756204 23.55633592
OS 94.998159 23.50945514
OS 94.96740722 23.46343034
OS 94.96653092 23.45902852
OS 94.9641484 23.45522868
OS 94.95492058 23.4006644
OS 94.94412304 23.34637698
OS 94.94412304 21.844
OS 94.94412304 14.60469774
OS 94.14471138 13.80528862
OS 94.07840722 13.70605336
OS 94.0551205 13.589
OS 94.05512304 13.5889873
OS 94.05512304 12.3190127
OS 94.0551205 12.319
OS 94.07840722 12.20194664
OS 94.14471138 12.10271138
OS 94.144719 12.1027063
OS 94.83051138 11.41691138
OS 94.92974664 11.35060722
OS 95.0468 11.3273205
OS 95.0468127 11.32732304
OS 98.9583873 11.32732304
OS 98.9584 11.3273205
OS 99.07545336 11.35060722
OS 99.17468862 11.41691138
OS 99.91128862 12.15351138
OS 99.97759278 12.25274664
OS 100.0008795 12.3698
OS 100.00087696 12.3698127
OS 100.00087696 15.94960996
OS 100.0120047 16.0720024
OS 101.9620008 16.0720024
OS 101.9620008 18.4719976
OS 101.83836376 18.4719976
OS 101.79009614 18.5989976
OS 103.025448 19.83434946
OS 103.11982424 19.97559124
OS 103.15296362 20.1422
OS 103.15296362 22.2393256
OS 103.27996362 22.3072071
OS 103.3016349 22.2927291
OS 103.3016349 18.4719976
OS 102.7619992 18.4719976
OS 102.7619992 16.0720024
OS 102.92663692 16.0720024
OS 102.92663692 14.3651986
OS 102.58900234 14.3651986
OS 102.58900234 12.9652014
OS 103.78899994 12.9652014
OS 103.78899994 13.7961497
OS 103.79736416 13.8381994
OS 103.79736416 16.0720024
OS 104.71199784 16.0720024
OS 104.71199784 18.4719976
OS 104.17236214 18.4719976
OS 104.17236214 22.46413592
OS 104.29936214 22.51674186
OS 106.01263786 20.80346614
OS 106.01263786 18.4719976
OS 105.47300216 18.4719976
OS 105.47300216 16.0720024
OS 105.86463714 16.0720024
OS 105.86463714 9.29999918
OS 105.60000216 9.29999918
OS 105.60000216 8.10000158
OS 106.99999936 8.10000158
OS 106.99999936 9.29999918
OS 106.73536438 9.29999918
OS 106.73536438 16.0720024
OS 107.4230008 16.0720024
OS 107.4230008 18.26536606
OS 107.54033356 18.31396896
OS 108.2229992 17.63130332
OS 108.2229992 16.0720024
OS 110.17299784 16.0720024
OS 110.17299784 18.4719976
OS 108.61369692 18.4719976
OS 108.05516362 19.0305309
OS 108.05516362 19.62100216
OS 110.4453976 19.62100216
OS 110.4453976 21.5710008
OS 108.7116952 21.5710008
OS 108.03395716 22.24873884
OS 108.09130528 22.37099412
OS 108.15338796 22.3709992
OS 110.4453976 22.3709992
OS 110.4453976 22.9106349
OS 110.5856691 22.9106349
OS 110.89283638 22.60346762
OS 110.89283638 19.05
OS 110.89283638 15.75053238
OS 110.75214832 15.60984432
OS 110.65777208 15.46860254
OS 110.6246327 15.30199632
OS 110.6246327 15.00020114
OS 110.45999752 15.00020114
OS 110.45999752 13.60020394
OS 111.65999512 13.60020394
OS 111.65999512 15.00020114
OS 111.5087305 15.00020114
OS 111.50089714 15.12720114
OS 111.636048 15.262352
OS 111.73042424 15.40359378
OS 111.76356362 15.5702
OS 111.76356362 18.97953786
OS 111.80655312 19.02252736
OS 112.4712 19.02252736
OS 112.60807552 19.04975362
OS 112.72411288 19.12728712
OS 112.80164638 19.24332448
OS 112.82887264 19.3802
OS 112.80164638 19.51707552
OS 112.72411288 19.63311288
OS 112.60807552 19.71064638
OS 112.4712 19.73787264
OS 111.76356362 19.73787264
OS 111.76356362 22.7838
OS 111.73042424 22.95040622
OS 111.636048 23.091648
OS 111.07384948 23.65384652
OS 110.9326077 23.74822276
OS 110.76600148 23.78136214
OS 110.4453976 23.78136214
OS 110.4453976 24.32099784
OS 108.0454024 24.32099784
OS 108.0454024 24.0719737
OS 107.4045223 24.0719737
OS 106.33677742 25.13971858
OS 106.41773484 25.23836456
OS 106.5167923 25.17217724
OS 106.68339852 25.13903786
OS 108.0708024 25.13903786
OS 108.0708024 24.59940216
OS 110.4707976 24.59940216
OS 110.4707976 25.13903786
OS 111.65926614 25.13903786
OS 113.50903638 23.28926762
OS 113.50903638 18.48248272
OS 113.54217576 18.3158765
OS 113.636552 18.17463472
OS 115.74751806 16.06366866
OS 115.74751806 15.04659678
OS 115.58288288 15.04659678
OS 115.58288288 13.64659958
OS 116.78288048 13.64659958
OS 116.78288048 15.04659678
OS 116.6182453 15.04659678
OS 116.6182453 16.24400104
OS 116.58510592 16.41060726
OS 116.49072968 16.55184904
OS 114.37976362 18.6628151
OS 114.37976362 23.4696
OS 114.34662424 23.63620622
OS 114.252248 23.777448
OS 112.14744652 25.88224948
OS 112.00620474 25.97662572
OS 111.83959852 26.0097651
OS 110.4707976 26.0097651
OS 110.4707976 26.5494008
OS 108.0708024 26.5494008
OS 108.0708024 26.0097651
OS 106.8637309 26.0097651
OS 105.34312942 27.53036658
OS 105.42408684 27.6290151
OS 105.44659378 27.61397576
OS 105.6132 27.58083638
OS 108.0708024 27.58083638
OS 108.0708024 27.3493992
OS 110.4707976 27.3493992
OS 110.4707976 29.29939784
OS 108.0708024 29.29939784
OS 108.0708024 28.45156362
OS 105.79353238 28.45156362
OS 104.21224776 30.03284824
OS 104.15287272 30.07252304
OS 104.19139944 30.19952304
OS 104.92739746 30.19952304
OS 105.04445082 30.22280722
OS 105.14368608 30.28911138
OS 105.651681 30.7971063
OS 105.65168862 30.79711138
OS 105.71799278 30.8963441
OS 105.7412795 31.0134
OS 105.74127696 31.0134127
OS 105.74127696 34.7471873
OS 105.7412795 34.7472
OS 105.71799278 34.86425336
OS 105.65168862 34.96348862
OS 105.09288862 35.52228862
OS 104.99365336 35.58859278
OS 104.8766 35.6118795
OS 104.8765873 35.61187696
OS 100.25349774 35.61187696
OS 99.50488862 36.36048862
OS 99.40565336 36.42679278
OS 99.2886 36.4500795
OE
OB 123.75229758 36.72299742 H
OS 122.96399842 36.72299742
OS 122.96399842 36.44719914
OS 123.75229758 36.44719914
OS 123.75229758 36.72299742
OE
OB 122.70999842 36.72299742 H
OS 121.92169926 36.72299742
OS 121.92169926 36.44719914
OS 122.70999842 36.44719914
OS 122.70999842 36.72299742
OE
OB 67.45280134 36.82780036 H
OS 67.10200194 36.82780036
OS 67.10200194 36.32700126
OS 67.45280134 36.32700126
OS 67.45280134 36.82780036
OE
OB 66.84800194 36.82780036 H
OS 66.49720254 36.82780036
OS 66.49720254 36.32700126
OS 66.84800194 36.32700126
OS 66.84800194 36.82780036
OE
OB 65.64579708 37.01100548 H
OS 64.99500336 37.01100548
OS 64.99500336 36.2602018
OS 65.64579708 36.2602018
OS 65.64579708 37.01100548
OE
OB 50.42279984 36.74979696 H
OS 50.07200044 36.74979696
OS 50.07200044 36.24899786
OS 50.42279984 36.24899786
OS 50.42279984 36.74979696
OE
OB 49.81800044 36.74979696 H
OS 49.46720104 36.74979696
OS 49.46720104 36.24899786
OS 49.81800044 36.24899786
OS 49.81800044 36.74979696
OE
OB 19.05480568 36.4465997 H
OS 18.85400344 36.4465997
OS 18.85400344 36.24579746
OS 19.05480568 36.24579746
OS 19.05480568 36.4465997
OE
OB 19.05480568 35.99179746 H
OS 18.85400344 35.99179746
OS 18.85400344 35.7910003
OS 19.05480568 35.7910003
OS 19.05480568 35.99179746
OE
OB 18.3109997 35.9893997 H
OS 18.1102 35.9893997
OS 18.1102 35.7886
OS 18.3109997 35.7886
OS 18.3109997 35.9893997
OE
OB 15.3645997 35.9893997 H
OS 15.1638 35.9893997
OS 15.1638 35.7886
OS 15.3645997 35.7886
OS 15.3645997 35.9893997
OE
OB 14.2215997 35.9893997 H
OS 14.0208 35.9893997
OS 14.0208 35.7886
OS 14.2215997 35.7886
OS 14.2215997 35.9893997
OE
OB 13.7668 35.9893997 H
OS 13.5660003 35.9893997
OS 13.5660003 35.7886
OS 13.7668 35.7886
OS 13.7668 35.9893997
OE
OB 17.8562 35.9893997 H
OS 17.6554003 35.9893997
OS 17.6554003 35.7886
OS 17.8562 35.7886
OS 17.8562 35.9893997
OE
OB 14.9098 35.9893997 H
OS 14.7090003 35.9893997
OS 14.7090003 35.7886
OS 14.9098 35.7886
OS 14.9098 35.9893997
OE
OB 11.5291997 35.98460164 H
OS 11.3284 35.98460164
OS 11.3284 35.78380194
OS 11.5291997 35.78380194
OS 11.5291997 35.98460164
OE
OB 11.0744 35.98460164 H
OS 10.8736003 35.98460164
OS 10.8736003 35.78380194
OS 11.0744 35.78380194
OS 11.0744 35.98460164
OE
OB 61.14029936 36.14799984 H
OS 60.22501036 36.14799984
OS 59.30970104 36.14799984
OS 59.30970104 35.75200622
OS 60.22501036 35.75200622
OS 61.14029936 35.75200622
OS 61.14029936 36.14799984
OE
OB 133.07779836 36.1527979 H
OS 132.72699896 36.1527979
OS 132.72699896 35.6519988
OS 133.07779836 35.6519988
OS 133.07779836 36.1527979
OE
OB 132.47299896 36.1527979 H
OS 132.12219956 36.1527979
OS 132.12219956 35.6519988
OS 132.47299896 35.6519988
OS 132.47299896 36.1527979
OE
OB 67.45280134 36.07300126 H
OS 67.10200194 36.07300126
OS 67.10200194 35.57220216
OS 67.45280134 35.57220216
OS 67.45280134 36.07300126
OE
OB 66.84800194 36.07300126 H
OS 66.49720254 36.07300126
OS 66.49720254 35.57220216
OS 66.84800194 35.57220216
OS 66.84800194 36.07300126
OE
OB 115.99800016 36.27299324 H
OS 115.34719628 36.27299324
OS 115.34719628 35.52219972
OS 115.99800016 35.52219972
OS 115.99800016 36.27299324
OE
OB 50.42279984 35.99499786 H
OS 50.07200044 35.99499786
OS 50.07200044 35.49419876
OS 50.42279984 35.49419876
OS 50.42279984 35.99499786
OE
OB 49.81800044 35.99499786 H
OS 49.46720104 35.99499786
OS 49.46720104 35.49419876
OS 49.81800044 35.49419876
OS 49.81800044 35.99499786
OE
OB 64.99500336 35.856799 H
OS 64.99500336 35.10600548
OS 65.64579708 35.10600548
OS 65.64579708 35.856799
OS 64.99500336 35.856799
OE
OB 95.51599896 35.4257991 H
OS 95.16519956 35.4257991
OS 95.16519956 34.925
OS 95.51599896 34.925
OS 95.51599896 35.4257991
OE
OB 133.07779836 35.3979988 H
OS 132.72699896 35.3979988
OS 132.72699896 34.8971997
OS 133.07779836 34.8971997
OS 133.07779836 35.3979988
OE
OB 132.47299896 35.3979988 H
OS 132.12219956 35.3979988
OS 132.12219956 34.8971997
OS 132.47299896 34.8971997
OS 132.47299896 35.3979988
OE
OB 49.23700084 35.11980022 H
OS 48.56120082 35.11980022
OS 48.56120082 34.3440004
OS 49.23700084 34.3440004
OS 49.23700084 35.11980022
OE
OB 42.97779568 34.60279846 H
OS 42.07699738 34.60279846
OS 42.07699738 34.25199906
OS 42.97779568 34.25199906
OS 42.97779568 34.60279846
OE
OB 41.82299738 34.60279846 H
OS 40.92219908 34.60279846
OS 40.92219908 34.25199906
OS 41.82299738 34.25199906
OS 41.82299738 34.60279846
OE
OB 95.51599896 34.671 H
OS 95.16519956 34.671
OS 95.16519956 34.1702009
OS 95.51599896 34.1702009
OS 95.51599896 34.671
OE
OB 19.15639552 34.3383997 H
OS 18.95559836 34.3383997
OS 18.95559836 34.13760254
OS 19.15639552 34.13760254
OS 19.15639552 34.3383997
OE
OB 65.64579708 34.85200548 H
OS 64.99500336 34.85200548
OS 64.99500336 34.1012018
OS 65.64579708 34.1012018
OS 65.64579708 34.85200548
OE
OB 30.9251985 33.9827997 H
OS 30.7243988 33.9827997
OS 30.7243988 33.782
OS 30.9251985 33.782
OS 30.9251985 33.9827997
OE
OB 19.15639552 33.88360254 H
OS 18.95559836 33.88360254
OS 18.95559836 33.6828003
OS 19.15639552 33.6828003
OS 19.15639552 33.88360254
OE
OB 67.8942 33.6560795 H
OS 67.8941873 33.65607696
OS 65.0240127 33.65607696
OS 65.024 33.6560795
OS 64.90694664 33.63279278
OS 64.80771138 33.56648862
OS 63.86791138 32.62668862
OS 63.80160722 32.52745336
OS 63.7783205 32.4104
OS 63.77832304 32.4103873
OS 63.77832304 31.77509774
OS 63.56311138 31.55988862
OS 63.49680722 31.46065336
OS 63.4735205 31.3436
OS 63.47352304 31.3435873
OS 63.47352304 31.20280018
OS 62.8270016 31.20280018
OS 62.8270016 30.29999782
OS 62.8270016 29.39720054
OS 63.47352304 29.39720054
OS 63.47352304 29.2354
OS 63.49680722 29.11834664
OS 63.559309 29.02480098
OS 63.55451094 29.00121454
OS 63.50481584 28.89780098
OS 62.08199928 28.89780098
OS 62.08199928 28.24500066
OS 62.08199928 27.59220034
OS 63.67672304 27.59220034
OS 63.67672304 27.17907696
OS 57.6326 27.17907442
OS 57.51554664 27.15579024
OS 57.41631138 27.08948608
OS 56.42571646 26.0988937
OS 56.42570884 26.09888862
OS 56.35940468 25.9996559
OS 56.33611796 25.8826
OS 56.3361205 25.8825873
OS 56.33612304 24.76469774
OS 55.76532916 24.1939064
OS 55.6479964 24.24250676
OS 55.6479964 26.42399846
OS 53.42800084 26.42399846
OS 53.42800084 24.25969748
OS 52.65715148 23.48884812
OS 52.56277524 23.34760634
OS 52.52963586 23.18100012
OS 52.52963586 22.01599864
OS 52.31500078 22.01599864
OS 52.31500078 21.87802838
OS 52.18800078 21.8395042
OS 52.15928608 21.882481
OS 51.75289116 22.28888608
OS 51.65365336 22.35519278
OS 51.53660508 22.3784795
OS 51.53659238 22.37847696
OS 50.31740762 22.37847696
OS 50.31739492 22.3784795
OS 50.20034156 22.35519278
OS 50.10110884 22.28888862
OS 50.10110376 22.288881
OS 49.90579808 22.09357532
OS 49.77879808 22.14064152
OS 49.77879808 22.7247958
OS 49.02799948 22.7247958
OS 49.02799948 21.946997
OS 48.90099948 21.946997
OS 48.90099948 21.819997
OS 48.02320088 21.819997
OS 48.02320088 21.2807042
OS 47.89620088 21.17647784
OS 47.77914752 21.1531962
OS 47.6799148 21.0868895
OS 47.23091138 20.63788862
OS 47.16460722 20.53865336
OS 47.1413205 20.4216
OS 47.14132304 20.4215873
OS 47.14132304 18.47819774
OS 46.86329972 18.20017696
OS 45.5041127 18.20017696
OS 45.5041 18.2001795
OS 45.38704664 18.17689278
OS 45.28781138 18.11058862
OS 45.2878063 18.110581
OS 43.02789972 15.85067696
OS 41.91001016 15.85067696
OS 41.90999746 15.8506795
OS 41.7929441 15.82739278
OS 41.69370884 15.76108862
OS 39.44649972 13.51387696
OS 37.54089774 13.51387696
OS 37.11047696 13.9442952
OS 37.11047696 14.13400018
OS 37.70539576 14.13400018
OS 37.70539576 15.03679746
OS 37.70539576 15.93959982
OS 37.11047696 15.93959982
OS 37.11047696 16.256
OS 37.08719278 16.37305336
OS 37.02088862 16.47228862
OS 37.020881 16.4722937
OS 36.85792984 16.6352474
OS 36.79228862 16.73348952
OS 36.73079776 16.77457402
OS 36.73079776 17.51542598
OS 36.79228862 17.55651048
OS 36.85859278 17.65574574
OS 36.88187696 17.7727991
OS 36.88187696 18.26679862
OS 37.05859746 18.26679862
OS 37.05859746 19.04459488
OS 37.31259746 19.04459488
OS 37.31259746 18.26679862
OS 37.53560184 18.26679862
OS 37.53560184 18.14460176
OS 38.44972498 18.14460176
OS 38.49106094 18.10436816
OS 38.4928237 18.10322516
OS 38.49404036 18.10150558
OS 38.54287186 18.0707538
OS 38.59118266 18.0394102
OS 38.59325022 18.03902666
OS 38.59503076 18.03790652
OS 38.65174896 18.0282088
OS 38.70853828 18.0177059
OS 38.7106033 18.01814532
OS 38.71267086 18.01779226
OS 38.92106262 18.02342344
OS 38.97531448 18.03574752
OS 39.02985336 18.04659586
OS 39.03334586 18.04893012
OS 39.03744288 18.04985976
OS 39.08284284 18.08200092
OS 39.12908862 18.11290002
OS 39.13142288 18.11639252
OS 39.13485188 18.11882076
OS 39.16449368 18.1658895
OS 39.19539278 18.21213528
OS 39.1962132 18.2162577
OS 39.19845094 18.21981116
OS 39.20782354 18.27462182
OS 39.21867696 18.32918864
OS 39.21867696 19.939
OS 39.19539278 20.05605336
OS 39.12908862 20.15528862
OS 39.129081 20.1552937
OS 38.7576441 20.52673314
OS 38.73560198 20.64460184
OS 38.73560452 20.64460438
OS 38.73559944 20.64460692
OS 38.73559944 21.98148512
OS 38.8529322 22.03008802
OS 38.89970884 21.98331138
OS 38.99894156 21.91700722
OS 39.11599746 21.8937205
OS 39.11601016 21.89372304
OS 40.74157968 21.89371542
OS 40.74159238 21.89371288
OS 40.85864574 21.9169996
OS 40.957881 21.98330376
OS 40.95788608 21.98331138
OS 41.21188862 22.23731138
OS 41.27819278 22.33654664
OS 41.3014795 22.4536
OS 41.30147696 22.4536127
OS 41.30147696 24.46018476
OS 41.3014795 24.46019746
OS 41.27819278 24.57725082
OS 41.21188862 24.67648608
OS 41.211881 24.67649116
OS 40.95788608 24.93048862
OS 40.85865082 24.99679278
OS 40.74159746 25.0200795
OS 40.74158476 25.02007696
OS 39.1414 25.02007696
OS 39.02434664 24.99679278
OS 38.92511138 24.93048862
OS 38.9251063 24.930481
OS 38.78609972 24.79147696
OS 38.6221986 24.79147696
OS 38.6221986 25.31019576
OS 36.8666014 25.31019576
OS 36.8666014 24.79147696
OS 35.8648 24.79147696
OS 35.74774664 24.76819278
OS 35.64851138 24.70188862
OS 35.6485063 24.701881
OS 35.29290884 24.34628608
OS 35.22660468 24.24705082
OS 35.20331796 24.12999746
OS 35.2033205 24.12998476
OS 35.20331796 20.72640254
OS 35.22660214 20.60934664
OS 35.2929063 20.51011392
OS 35.29291392 20.51010884
OS 35.41167924 20.39134098
OS 35.34584244 20.28441968
OS 35.14050884 20.07908608
OS 35.07420468 19.97985082
OS 35.05091796 19.86279746
OS 35.0509205 19.86278476
OS 35.05092304 17.95749774
OS 34.77289972 17.67947696
OS 30.20029774 17.67947696
OS 29.97307696 17.90670028
OS 29.97307696 18.6436
OS 29.94979278 18.7606559
OS 29.88348862 18.85988862
OS 29.883481 18.8598937
OS 29.64962574 19.0937515
OS 29.62331388 19.11133338
OS 29.60071804 19.13347964
OS 29.50557726 19.19567916
OS 29.45104092 19.21762984
OS 29.39626328 19.23997676
OS 29.39553684 19.23997168
OS 29.39486374 19.24024346
OS 29.33820396 19.23967704
OS 29.3356157 19.23977356
OS 29.22824482 19.32539696
OS 29.21120142 19.35552898
OS 29.21120142 19.41580064
OS 28.43339754 19.41580064
OS 28.43339754 19.66980064
OS 29.21120142 19.66980064
OS 29.21120142 19.70574164
OS 29.33340336 19.81092304
OS 29.5148 19.81092304
OS 29.63185336 19.83420722
OS 29.73108862 19.90051138
OS 29.79739278 19.99974664
OS 29.82067696 20.1168
OS 29.82067696 21.00578476
OS 29.8206795 21.00579746
OS 29.79739278 21.12285082
OS 29.73108862 21.22208608
OS 29.731081 21.22209116
OS 29.50248608 21.45068862
OS 29.40325082 21.51699278
OS 29.28619746 21.5402795
OS 29.28618476 21.54027696
OS 27.6606127 21.54027696
OS 27.6606 21.5402795
OS 27.54354664 21.51699278
OS 27.44431138 21.45068862
OS 27.4443063 21.450681
OS 27.08871392 21.09509116
OS 27.0887063 21.09508608
OS 27.02240214 20.99585336
OS 26.99911542 20.87879746
OS 26.99911796 20.87878476
OS 26.99911796 20.62174438
OS 26.9603982 20.58803604
OS 26.8333982 20.6458566
OS 26.8333982 21.09280008
OS 25.0334018 21.09280008
OS 25.0334018 19.89280248
OS 26.7685266 19.89280248
OS 26.83339566 19.89279994
OS 26.89552914 19.79153776
OS 26.89552914 19.66935106
OS 26.8907768 19.66044328
OS 26.7685266 19.5749799
OS 26.7207873 19.58447696
OS 26.7207746 19.58447442
OS 25.1456952 19.5844795
OS 25.0320937 19.698081
OS 25.03208862 19.69808862
OS 24.9328559 19.76439278
OS 24.81580254 19.7876795
OS 24.81578984 19.78767696
OS 24.6013986 19.78767696
OS 24.6013986 20.3571983
OS 22.8458014 20.3571983
OS 22.8458014 19.78767696
OS 22.6314127 19.78767696
OS 22.6314 19.7876795
OS 22.51434664 19.76439278
OS 22.41511138 19.69808862
OS 22.4151063 19.698081
OS 21.75471138 19.03768862
OS 21.68840722 18.93845336
OS 21.6651205 18.8214
OS 21.66512304 18.8213873
OS 21.66512304 16.6116
OS 21.68840722 16.49454664
OS 21.75471138 16.39531138
OS 21.754719 16.3953063
OS 22.36431138 15.78571138
OS 22.46354664 15.71940722
OS 22.5806 15.6961205
OS 22.5806127 15.69612304
OS 24.1046 15.69612304
OS 24.22165336 15.71940722
OS 24.32088862 15.78571138
OS 24.3208937 15.785719
OS 24.93048862 16.39531138
OS 24.99679278 16.49454664
OS 25.0200795 16.6116
OS 25.02007696 16.6116127
OS 25.02007696 17.47550226
OS 25.1456952 17.6011205
OS 26.7715746 17.60112304
OS 26.7715873 17.6011205
OS 26.88864828 17.62440722
OS 26.98788354 17.69071138
OS 26.98788862 17.690719
OS 27.08909746 17.79192276
OS 27.45632558 17.4246921
OS 27.45632558 17.1123991
OS 27.1392015 17.1123991
OS 27.1392015 16.4846
OS 27.1392015 15.8568009
OS 27.45632812 15.8568009
OS 27.45632812 15.72230536
OS 27.420443 15.68642024
OS 27.3541363 15.5871799
OS 27.33181986 15.47499826
OS 27.22500016 15.47499826
OS 27.22500016 15.35279886
OS 26.57700552 15.35279886
OS 26.57700552 14.4499965
OS 26.57700552 13.54719922
OS 27.20232304 13.54719922
OS 27.20232304 13.23309774
OS 26.40291138 12.43368862
OS 26.33660722 12.33445336
OS 26.3133205 12.2174
OS 26.31332304 12.2173873
OS 26.31332304 4.41282074
OS 26.31120722 4.40965336
OS 26.2879205 4.2926
OS 26.31120722 4.17554664
OS 26.37751138 4.07631138
OS 26.91091138 3.54291138
OS 27.01014664 3.47660722
OS 27.1272 3.4533205
OS 27.1272127 3.45332304
OS 29.36239746 3.45331796
OS 29.47945336 3.47660214
OS 29.57868608 3.5429063
OS 29.57869116 3.54291392
OS 30.162881 4.1271063
OS 30.16288862 4.12711138
OS 30.22919278 4.22634664
OS 30.2524795 4.3434
OS 30.25247696 4.3434127
OS 30.25247696 6.88369972
OS 32.66410028 9.29532304
OS 37.3125873 9.29532304
OS 37.3126 9.2953205
OS 37.42965336 9.31860722
OS 37.52888862 9.38491138
OS 37.5288937 9.384919
OS 38.01148862 9.86751138
OS 38.07779278 9.96674664
OS 38.1010795 10.0838
OS 38.10107696 10.0838127
OS 38.10107696 10.82070226
OS 38.42990028 11.14952304
OS 38.9756015 11.1495205
OS 38.9756015 10.0038027
OS 39.26483638 10.0038027
OS 39.26483638 9.78279984
OS 38.9502015 9.78279984
OS 38.9502015 8.58280224
OS 39.95794396 8.58280224
OS 40.00750698 8.45580224
OS 39.83450504 8.2828003
OS 38.9502015 8.2828003
OS 38.9502015 7.0828027
OS 40.4501985 7.0828027
OS 40.4501985 7.5562206
OS 40.46899704 7.5687809
OS 40.59599704 7.50089686
OS 40.59599704 6.70776408
OS 40.4501985 6.70776408
OS 40.4501985 6.86179984
OS 38.9502015 6.86179984
OS 38.9502015 5.71607188
OS 37.92189774 5.71607188
OS 37.56767696 6.07029774
OS 37.56767696 7.89939746
OS 37.54439278 8.01645336
OS 37.47808862 8.11568608
OS 37.478081 8.11569116
OS 36.91928608 8.67448862
OS 36.82005082 8.74079278
OS 36.70299746 8.7640795
OS 36.70298476 8.76407696
OS 32.8168 8.76407442
OS 32.69974664 8.74079024
OS 32.60051138 8.67448608
OS 32.10357308 8.17754778
OS 32.10356546 8.1775427
OS 32.0372613 8.07830998
OS 32.01397458 7.96125408
OS 32.01397712 7.96124138
OS 32.01397712 4.02756116
OS 32.01397458 4.02754846
OS 32.0372613 3.91049256
OS 32.10356546 3.8112573
OS 32.10357308 3.81125222
OS 32.5751063 3.33971646
OS 32.57511138 3.33970884
OS 32.6743441 3.27340468
OS 32.7914 3.25011796
OS 32.7914127 3.2501205
OS 45.6946 3.25012304
OS 45.8116559 3.27340722
OS 45.91088862 3.33971138
OS 45.9108937 3.339719
OS 46.19028862 3.61911138
OS 46.25659278 3.71834664
OS 46.2798795 3.8354
OS 46.27987696 3.8354127
OS 46.27987696 6.21933732
OS 46.40687696 6.27194326
OS 46.54510884 6.13371392
OS 46.54511392 6.1337063
OS 46.64434918 6.06740214
OS 46.76140508 6.04411542
OS 46.76141778 6.04411796
OS 47.9044 6.04412304
OS 48.02145082 6.06740722
OS 48.12068354 6.13370884
OS 48.1965 6.20952276
OS 48.50090376 5.90511646
OS 48.50090884 5.90510884
OS 48.60014156 5.83880468
OS 48.71719746 5.81551796
OS 48.71721016 5.8155205
OS 49.55569718 5.81552304
OS 50.0249063 5.346319
OS 50.02491138 5.34631138
OS 50.12414664 5.28000722
OS 50.2412 5.2567205
OS 50.2412127 5.25672304
OS 51.1047873 5.25672304
OS 51.1048 5.2567205
OS 51.22185336 5.28000722
OS 51.32108862 5.34631138
OS 51.3210937 5.346319
OS 51.65128862 5.67651138
OS 51.71759278 5.77574664
OS 51.7408795 5.8928
OS 51.74087696 5.8928127
OS 51.74087442 7.36598222
OS 51.74087696 7.36599492
OS 51.71759024 7.48305082
OS 51.65128608 7.58228608
OS 51.65127846 7.58229116
OS 51.1940937 8.03947846
OS 51.19408862 8.03948608
OS 51.0948559 8.10579024
OS 50.9778 8.12907696
OS 50.9777873 8.12907442
OS 49.4395125 8.12907696
OS 49.42398802 8.12598832
OS 49.40821208 8.12747422
OS 49.36587282 8.11442878
OS 49.32245914 8.10579278
OS 49.30928924 8.09699422
OS 49.29415592 8.09233078
OS 49.26005642 8.06409868
OS 49.22322388 8.03948862
OS 49.21442278 8.02631618
OS 49.20222824 8.01621968
OS 49.09891628 7.88921714
OS 49.0983778 7.8881986
OS 48.44703036 7.8881986
OS 48.42737584 8.0151986
OS 48.51675336 8.10457612
OS 48.58306006 8.20381646
OS 48.6053765 8.3159981
OS 48.6979976 8.3159981
OS 48.6979976 8.43819496
OS 49.34599224 8.43819496
OS 49.34599224 9.34099224
OS 49.34599224 10.2437946
OS 48.6979976 10.2437946
OS 48.6979976 10.36599654
OS 48.50977852 10.36599654
OS 48.50577548 10.39775924
OS 48.5031034 10.44672028
OS 48.4983536 10.45662374
OS 48.49697946 10.46752796
OS 48.47270214 10.5101136
OS 48.45149568 10.55433246
OS 48.41909036 10.59753278
OS 48.40282674 10.61211238
OS 48.39068554 10.63028608
OS 48.35878314 10.65160176
OS 48.33022846 10.67720242
OS 48.30961636 10.68445158
OS 48.29145028 10.69659024
OS 48.25383796 10.70407308
OS 48.21764296 10.71680356
OS 48.19582182 10.7156123
OS 48.17439692 10.71987442
OS 46.8884127 10.71987188
OS 46.8884 10.71987442
OS 46.7713441 10.6965877
OS 46.67210884 10.63028354
OS 46.67210376 10.63027592
OS 46.50769972 10.46587442
OS 45.77049774 10.46587442
OS 45.7076937 10.52867846
OS 45.70768862 10.52868608
OS 45.6084559 10.59499024
OS 45.5623422 10.60416472
OS 45.4834752 10.64730408
OS 45.4587991 10.73761124
OS 45.4587991 11.01159596
OS 44.831 11.01159596
OS 44.2032009 11.01159596
OS 44.2032009 10.74527696
OS 44.177966 10.64699674
OS 44.09965526 10.60416726
OS 44.05353902 10.59499278
OS 44.05353394 10.59499024
OS 44.05352632 10.5949877
OS 44.01364832 10.56834056
OS 43.95430376 10.52868862
OS 43.95429868 10.52867846
OS 43.751119 10.32548354
OS 43.75111138 10.32547846
OS 43.71003196 10.26399776
OS 42.3538015 10.26399776
OS 42.3538015 10.09636284
OS 42.12399754 10.09636284
OS 42.12399754 10.25799828
OS 41.119298 10.25799828
OS 41.0666946 10.38499828
OS 41.239694 10.55800022
OS 42.12399754 10.55800022
OS 42.12399754 11.75799782
OS 41.36331834 11.75799782
OS 41.31471544 11.87533058
OS 43.02730536 13.58792304
OS 45.26310226 13.58792304
OS 46.01171138 12.83931138
OS 46.11094664 12.77300722
OS 46.228 12.7497205
OS 46.2280127 12.74972304
OS 52.2224 12.74972304
OS 52.3394559 12.77300722
OS 52.43868862 12.83931138
OS 52.4386937 12.839319
OS 54.10170028 14.50232304
OS 54.6939978 14.50232304
OS 54.6939978 13.8365992
OS 54.51022626 13.8365992
OS 54.32586544 13.76023664
OS 54.18476336 13.61913456
OS 54.1084008 13.43477374
OS 54.1084008 13.23522626
OS 54.18476336 13.05086544
OS 54.32586544 12.90976336
OS 54.51022626 12.8334008
OS 54.70977374 12.8334008
OS 54.89413456 12.90976336
OS 54.93530288 12.95093168
OS 55.71612174 12.95093168
OS 55.76472464 12.83359892
OS 55.61046282 12.6793371
OS 55.52169998 12.54649764
OS 55.49053164 12.38979996
OS 55.49053164 11.84999916
OS 55.25000126 11.84999916
OS 55.25000126 9.24999928
OS 55.49053164 9.24999928
OS 55.49053164 8.43820004
OS 55.52169998 8.28150236
OS 55.61046282 8.1486629
OS 56.6086625 7.15046068
OS 56.74150196 7.06170038
OS 56.89819964 7.03053204
OS 57.45999938 7.03053204
OS 57.45999938 6.33000258
OS 60.2399989 6.33000258
OS 60.2399989 8.54999814
OS 57.45999938 8.54999814
OS 57.45999938 7.84946868
OS 57.06780814 7.84946868
OS 56.30946828 8.607806
OS 56.30946828 9.24999928
OS 56.54999866 9.24999928
OS 56.54999866 11.84999916
OS 56.30946828 11.84999916
OS 56.30946828 12.220194
OS 56.87083114 12.78155686
OS 56.89414072 12.77692136
OS 56.93594404 12.6391162
OS 56.908319 12.61149116
OS 56.90831138 12.61148608
OS 56.84200722 12.51225082
OS 56.8187205 12.39519492
OS 56.81872304 12.39518222
OS 56.81872304 10.3632127
OS 56.8187205 10.3632
OS 56.84200722 10.24614664
OS 56.90831138 10.14691138
OS 57.44171138 9.61351138
OS 57.54094664 9.54720722
OS 57.658 9.5239205
OS 57.6580127 9.52392304
OS 65.1255873 9.52392304
OS 65.1256 9.5239205
OS 65.24265336 9.54720722
OS 65.34188862 9.61351138
OS 65.3418937 9.613519
OS 66.29370028 10.56532304
OS 68.55490226 10.56532304
OS 68.92251138 10.19771138
OS 69.02174664 10.13140722
OS 69.1388 10.1081205
OS 69.1388127 10.10812304
OS 72.0344 10.10812304
OS 72.15145336 10.13140722
OS 72.25068862 10.19771138
OS 73.01268862 10.95971138
OS 73.07899278 11.05894664
OS 73.1022795 11.176
OS 73.10227696 11.1760127
OS 73.10227696 13.21960018
OS 73.69719576 13.21960018
OS 73.69719576 14.12239746
OS 73.69719576 15.02519982
OS 73.04920112 15.02519982
OS 73.04920112 15.14739922
OS 73.03767714 15.15220236
OS 73.0143955 15.26925318
OS 72.9480888 15.3684859
OS 72.13707696 16.17950028
OS 72.13707696 16.9672
OS 72.11379278 17.0842559
OS 72.04748862 17.18348862
OS 72.047481 17.1834937
OS 71.79348862 17.43748862
OS 71.69425336 17.50379278
OS 71.5772 17.5270795
OS 71.5771873 17.52707696
OS 71.42779974 17.52707696
OS 71.31074638 17.50379278
OS 71.30506948 17.50000056
OS 68.55000514 17.50000056
OS 68.55000514 17.47627696
OS 68.3768 17.47627696
OS 68.25974664 17.45299278
OS 68.2023401 17.41463624
OS 68.09062836 17.36700616
OS 68.09062328 17.3670087
OS 68.09062328 17.3670087
OS 68.01080378 17.39122252
OS 68.0107987 17.41565478
OS 68.0107987 18.03199848
OS 67.0600005 18.03199848
OS 67.0600005 17.30619856
OS 67.91902088 17.30619602
OS 67.96844674 17.30619348
OS 68.02660258 17.253712
OS 68.02660512 17.253712
OS 68.02660766 17.25370946
OS 68.07092304 17.13940692
OS 68.07092304 16.38400076
OS 65.7330029 16.38400076
OS 65.7330029 15.82236358
OS 65.523999 15.82236358
OS 65.523999 15.98699876
OS 64.60307628 15.98699876
OS 63.27953562 17.31053688
OS 63.14669616 17.39929972
OS 62.98999848 17.43046806
OS 60.161678 17.43046806
OS 60.1130751 17.54780082
OS 60.12453558 17.5592613
OS 60.21329842 17.69210076
OS 60.24446676 17.84879844
OS 60.24446676 18.0610002
OS 60.43499724 18.0610002
OS 60.43499724 19.5609972
OS 60.37547742 19.5609972
OS 60.32287148 19.6879972
OS 60.58756742 19.95269314
OS 60.67633026 20.0855326
OS 60.6847783 20.12799886
OS 61.08099798 20.12799886
OS 61.08099798 21.32799646
OS 59.58100098 21.32799646
OS 59.58100098 20.29766832
OS 59.42999798 20.29766832
OS 59.42999798 21.327999
OS 57.93000098 21.327999
OS 57.93000098 21.00886832
OS 57.74399932 21.00886832
OS 57.74399932 21.2119972
OS 57.55346884 21.2119972
OS 57.55346884 21.3630002
OS 57.74399678 21.3630002
OS 57.74399678 22.86299466
OS 57.81515488 22.96052304
OS 64.8208 22.96052304
OS 64.93785336 22.98380722
OS 65.03708862 23.05011138
OS 65.0370937 23.050119
OS 69.20268862 27.21571138
OS 69.26899278 27.31494664
OS 69.2922795 27.432
OS 69.29227696 27.4320127
OS 69.29227696 28.42290226
OS 69.99008862 29.12071138
OS 70.05639278 29.21994664
OS 70.0796795 29.337
OS 70.07967696 29.3370127
OS 70.07967696 29.67719998
OS 70.82300288 29.67719998
OS 70.82300288 30.80000444
OS 70.82300288 31.92279874
OS 70.07967696 31.92279874
OS 70.07967696 32.7152
OS 70.05639278 32.83225336
OS 69.99008862 32.93148862
OS 69.89085336 32.99779278
OS 69.7738 33.02107696
OS 68.65589774 33.02107696
OS 68.11048862 33.56648862
OS 68.01125336 33.63279278
OS 67.8942 33.6560795
OE
OB 42.97779568 33.99799906 H
OS 42.07699738 33.99799906
OS 42.07699738 33.64719966
OS 42.97779568 33.64719966
OS 42.97779568 33.99799906
OE
OB 41.82299738 33.99799906 H
OS 40.92219908 33.99799906
OS 40.92219908 33.64719966
OS 41.82299738 33.64719966
OS 41.82299738 33.99799906
OE
OB 52.59999386 33.9557995 H
OS 52.24919954 33.9557995
OS 52.24919954 33.4550004
OS 52.59999386 33.4550004
OS 52.59999386 33.9557995
OE
OB 49.23700084 34.0900004 H
OS 48.56120082 34.0900004
OS 48.56120082 33.31420058
OS 49.23700084 33.31420058
OS 49.23700084 34.0900004
OE
OB 69.05099982 38.6499989 H
OS 67.85100222 38.6499989
OS 67.85100222 37.1500019
OS 68.0276389 37.1500019
OS 68.0276389 36.94999976
OS 67.87500268 36.94999976
OS 67.87500268 35.45000276
OS 68.03963786 35.45000276
OS 68.03963786 35.28399852
OS 68.07277724 35.1173923
OS 68.16715348 34.97615052
OS 68.39914946 34.744152
OS 68.54039124 34.64977576
OS 68.707 34.61663638
OS 73.32500448 34.61663638
OS 73.32500448 33.2250034
OS 75.77500212 33.2250034
OS 75.77500212 34.83963822
OS 82.22500446 34.83963822
OS 82.22500446 33.2250034
OS 84.6750021 33.2250034
OS 84.6750021 37.32500028
OS 82.22500446 37.32500028
OS 82.22500446 35.71036546
OS 75.77500212 35.71036546
OS 75.77500212 37.32500028
OS 73.32500448 37.32500028
OS 73.32500448 35.48736362
OS 69.07500028 35.48736362
OS 69.07500028 36.94999976
OS 68.89836614 36.94999976
OS 68.89836614 37.1500019
OS 69.05099982 37.1500019
OS 69.05099982 38.6499989
OE
OB 95.5160015 33.69859656 H
OS 95.1652021 33.69859656
OS 95.1652021 33.19779746
OS 95.5160015 33.19779746
OS 95.5160015 33.69859656
OE
OB 110.35279936 35.00280274 H
OS 108.57699646 35.00280274
OS 108.57699646 33.1270102
OS 110.35279936 33.1270102
OS 110.35279936 35.00280274
OE
OB 108.32299646 35.00280274 H
OS 106.54719864 35.00280274
OS 106.54719864 33.1270102
OS 108.32299646 33.1270102
OS 108.32299646 35.00280274
OE
OB 90.62499528 34.24999754 H
OS 89.42499768 34.24999754
OS 89.42499768 32.75000054
OS 90.62499528 32.75000054
OS 90.62499528 33.06463542
OS 91.64031456 33.06463542
OS 91.80022534 32.99839984
OS 91.99977282 32.99839984
OS 92.18413364 33.0747624
OS 92.32523572 33.21586448
OS 92.40159828 33.4002253
OS 92.40159828 33.59977278
OS 92.32523572 33.7841336
OS 92.18413364 33.92523568
OS 91.99977282 34.00159824
OS 91.80022534 34.00159824
OS 91.64031456 33.93536266
OS 90.62499528 33.93536266
OS 90.62499528 34.24999754
OE
OB 19.14759696 33.1699997 H
OS 18.94679726 33.1699997
OS 18.94679726 32.9692
OS 19.14759696 32.9692
OS 19.14759696 33.1699997
OE
OB 55.26429892 35.50005346 H
OS 54.34899976 35.50005346
OS 53.4337006 35.50005346
OS 53.4337006 35.49999758
OS 53.3115012 35.49999758
OS 53.3115012 34.79516536
OS 53.30151138 34.78849024
OS 53.23520722 34.68925498
OS 53.21192304 34.57220162
OS 53.21192304 34.07985056
OS 53.2047958 33.9557995
OS 52.85399386 33.9557995
OS 52.85399386 33.3280004
OS 52.85399386 32.7002013
OS 53.00555058 32.7002013
OS 53.07343462 32.5732013
OS 53.06473766 32.56018126
OS 53.04242122 32.44799962
OS 52.93300056 32.44799962
OS 52.93300056 32.32580022
OS 52.28500592 32.32580022
OS 52.28500592 31.42300294
OS 52.28500592 30.52020058
OS 52.93300056 30.52020058
OS 52.93300056 30.39800118
OS 54.55684796 30.39800118
OS 54.6608 30.37732304
OS 55.6259873 30.37732304
OS 55.626 30.3773205
OS 55.74305336 30.40060722
OS 55.84228862 30.46691138
OS 55.8422937 30.466919
OS 56.14708862 30.77171138
OS 56.21339278 30.87094664
OS 56.2366795 30.988
OS 56.23667696 30.9880127
OS 56.23667696 31.49629972
OS 56.76520016 32.02482292
OS 56.89220016 31.97221698
OS 56.89220016 31.50100634
OS 58.6977998 31.50100634
OS 58.6977998 32.14900098
OS 58.8199992 32.14900098
OS 58.8199992 32.4244208
OS 58.93218338 32.44673724
OS 58.9650332 32.46868792
OS 59.0721958 32.38754762
OS 59.07220088 32.31166258
OS 59.07220088 32.06999682
OS 59.57299744 32.06999682
OS 59.57299744 32.42079876
OS 59.18871322 32.42079876
OS 59.11533008 32.42080384
OS 59.06191642 32.54353918
OS 59.2884895 32.77011226
OS 59.33718892 32.8430001
OS 60.40115936 32.8430001
OS 60.44513184 32.83425234
OS 60.51954114 32.84905546
OS 60.56218266 32.85753652
OS 60.66142046 32.92384322
OS 60.82068862 33.08311138
OS 60.88699278 33.18234664
OS 60.9102795 33.2994
OS 60.91027696 33.2994127
OS 60.91027696 34.23995692
OS 60.97566418 34.33781296
OS 60.99797808 34.45000222
OS 61.26249876 34.45000222
OS 61.26249876 35.49999758
OS 61.14029936 35.49999758
OS 61.14029936 35.50005346
OS 60.22501036 35.50005346
OS 59.30970104 35.50005346
OS 59.30970104 35.49999758
OS 59.18750164 35.49999758
OS 59.18750164 35.43407696
OS 55.38649832 35.43407696
OS 55.38649832 35.49999758
OS 55.26429892 35.49999758
OS 55.26429892 35.50005346
OE
OB 52.59999386 33.2010004 H
OS 52.24919954 33.2010004
OS 52.24919954 32.7002013
OS 52.59999386 32.7002013
OS 52.59999386 33.2010004
OE
OB 95.5160015 32.94379746 H
OS 95.1652021 32.94379746
OS 95.1652021 32.44299836
OS 95.5160015 32.44299836
OS 95.5160015 32.94379746
OE
OB 40.17779874 32.95279922 H
OS 38.726999 32.95279922
OS 38.726999 32.40200022
OS 40.17779874 32.40200022
OS 40.17779874 32.95279922
OE
OB 38.472999 32.95279922 H
OS 37.02219926 32.95279922
OS 37.02219926 32.40200022
OS 38.472999 32.40200022
OS 38.472999 32.95279922
OE
OB 76.77779666 32.60279992 H
OS 76.27699248 32.60279992
OS 76.27699248 32.2520056
OS 76.77779666 32.2520056
OS 76.77779666 32.60279992
OE
OB 76.02299248 32.60279992 H
OS 75.52219846 32.60279992
OS 75.52219846 32.2520056
OS 76.02299248 32.2520056
OS 76.02299248 32.60279992
OE
OB 59.82699744 32.42079876 H
OS 59.82699744 32.06999682
OS 60.32779908 32.06999682
OS 60.32779908 32.42079876
OS 59.82699744 32.42079876
OE
OB 74.02779454 32.17779696 H
OS 73.27700102 32.17779696
OS 73.27700102 31.90199868
OS 74.02779454 31.90199868
OS 74.02779454 32.17779696
OE
OB 73.02300102 32.17779696 H
OS 72.27219734 32.17779696
OS 72.27219734 31.90199868
OS 73.02300102 31.90199868
OS 73.02300102 32.17779696
OE
OB 76.77779666 31.9980056 H
OS 76.27699248 31.9980056
OS 76.27699248 31.64720112
OS 76.77779666 31.64720112
OS 76.77779666 31.9980056
OE
OB 76.02299248 31.9980056 H
OS 75.52219846 31.9980056
OS 75.52219846 31.64720112
OS 76.02299248 31.64720112
OS 76.02299248 31.9980056
OE
OB 40.17779874 32.14800022 H
OS 38.726999 32.14800022
OS 38.726999 31.59720122
OS 40.17779874 31.59720122
OS 40.17779874 32.14800022
OE
OB 38.472999 32.14800022 H
OS 37.02219926 32.14800022
OS 37.02219926 31.59720122
OS 38.472999 31.59720122
OS 38.472999 32.14800022
OE
OB 52.03100592 32.32580022 H
OS 51.35520336 32.32580022
OS 51.35520336 31.55000294
OS 52.03100592 31.55000294
OS 52.03100592 32.32580022
OE
OB 60.32779908 31.81599682 H
OS 59.82699744 31.81599682
OS 59.82699744 31.46519996
OS 60.32779908 31.46519996
OS 60.32779908 31.81599682
OE
OB 59.57299744 31.81599682 H
OS 59.07220088 31.81599682
OS 59.07220088 31.46519996
OS 59.57299744 31.46519996
OS 59.57299744 31.81599682
OE
OB 74.02779454 31.64799868 H
OS 73.15000102 31.64799868
OS 72.27219734 31.64799868
OS 72.27219734 31.2519949
OS 73.15000102 31.2519949
OS 74.02779454 31.2519949
OS 74.02779454 31.64799868
OE
OB 136.45420004 32.88920016 H
OS 134.67839968 32.88920016
OS 134.67839968 31.0134
OS 136.45420004 31.0134
OS 136.45420004 32.88920016
OE
OB 134.42439968 32.88920016 H
OS 132.64859932 32.88920016
OS 132.64859932 31.0134
OS 134.42439968 31.0134
OS 134.42439968 32.88920016
OE
OB 110.35279936 32.8730102 H
OS 108.57699646 32.8730102
OS 108.57699646 30.99720242
OS 110.35279936 30.99720242
OS 110.35279936 32.8730102
OE
OB 108.32299646 32.8730102 H
OS 106.54719864 32.8730102
OS 106.54719864 30.99720242
OS 108.32299646 30.99720242
OS 108.32299646 32.8730102
OE
OB 76.89999606 31.22499978 H
OS 75.39999906 31.22499978
OS 75.39999906 30.95946818
OS 74.14999394 30.95946818
OS 74.14999394 30.99999642
OS 74.02779454 30.99999642
OS 74.02779454 31.00004214
OS 73.15000102 31.00004214
OS 72.27219734 31.00004214
OS 72.27219734 30.99999642
OS 72.14999794 30.99999642
OS 72.14999794 30.23845108
OS 72.12054664 30.23259384
OS 72.0397975 30.1786417
OS 71.96666074 30.19962718
OS 71.9127975 30.23248208
OS 71.9127975 30.67300444
OS 71.07700288 30.67300444
OS 71.07700288 29.67719998
OS 71.91279496 29.67719744
OS 71.93172304 29.5580435
OS 71.93172304 26.924
OS 71.95500722 26.80694664
OS 72.02131138 26.70771138
OS 72.42771138 26.30131138
OS 72.52694664 26.23500722
OS 72.644 26.2117205
OS 72.6440127 26.21172304
OS 73.48040168 26.21172304
OS 73.48040168 25.60320254
OS 74.28320424 25.60320254
OS 74.28320424 25.47620254
OS 74.41020424 25.47620254
OS 74.41020424 24.57340018
OS 75.05819888 24.57340018
OS 75.05819888 24.45120078
OS 75.12871182 24.45120078
OS 75.13559776 24.41119832
OS 75.139423 24.3648992
OS 75.14565362 24.35278848
OS 75.14796502 24.33935696
OS 75.17277066 24.30007332
OS 75.19401776 24.25877038
OS 75.245722 24.19370066
OS 75.25914082 24.18233162
OS 75.26890966 24.16770884
OS 75.30430964 24.14405636
OS 75.33677592 24.11654562
OS 75.3535196 24.11117606
OS 75.36814492 24.10140468
OS 75.4098822 24.09310142
OS 75.45042314 24.0801017
OS 75.46795676 24.0815495
OS 75.48519828 24.0781205
OS 77.5207873 24.07812304
OS 77.5208 24.0781205
OS 77.63785336 24.10140722
OS 77.73708862 24.16771138
OS 78.11808862 24.54871138
OS 78.18439278 24.64794664
OS 78.2076795 24.765
OS 78.20767696 24.7650127
OS 78.20767188 27.96537714
OS 78.20767442 27.96538984
OS 78.18439024 28.0824432
OS 78.11808354 28.18168354
OS 78.11807592 28.18168862
OS 77.71169878 28.588081
OS 77.7116937 28.58808862
OS 77.61245844 28.65439278
OS 77.49541016 28.6776795
OS 77.49539746 28.67767696
OS 76.9245985 28.67767696
OS 76.9245985 29.82339984
OS 76.58406832 29.82339984
OS 76.58406832 30.02500218
OS 76.89999606 30.02500218
OS 76.89999606 31.22499978
OE
OB 71.9127975 31.92279874 H
OS 71.07700288 31.92279874
OS 71.07700288 30.92700444
OS 71.9127975 30.92700444
OS 71.9127975 31.92279874
OE
OB 58.6977998 31.24700634 H
OS 57.92199998 31.24700634
OS 57.92199998 30.57120632
OS 58.6977998 30.57120632
OS 58.6977998 31.24700634
OE
OB 57.66799998 31.24700634 H
OS 56.89220016 31.24700634
OS 56.89220016 30.57120632
OS 57.66799998 30.57120632
OS 57.66799998 31.24700634
OE
OB 52.03100592 31.29600294 H
OS 51.35520336 31.29600294
OS 51.35520336 30.52020058
OS 52.03100592 30.52020058
OS 52.03100592 31.29600294
OE
OB 62.5730016 31.20280018 H
OS 61.89719904 31.20280018
OS 61.89719904 30.42699782
OS 62.5730016 30.42699782
OS 62.5730016 31.20280018
OE
OB 89.12499574 34.24999754 H
OS 87.92499814 34.24999754
OS 87.92499814 32.75000054
OS 88.00793168 32.75000054
OS 88.00793168 32.25310288
OS 87.99216336 32.23733456
OS 87.9158008 32.05297374
OS 87.9158008 31.85342626
OS 87.99216336 31.66906544
OS 88.00793168 31.65329712
OS 88.00793168 31.2928
OS 88.03910002 31.13610232
OS 88.12786286 31.00326286
OS 88.75766348 30.37346224
OS 88.71586016 30.23565708
OS 88.69699304 30.23190296
OS 87.810848 31.118048
OS 87.66960622 31.21242424
OS 87.503 31.24556362
OS 87.47619284 31.24556362
OS 87.47619284 32.08379918
OS 83.97619984 32.08379918
OS 83.97619984 31.16886832
OS 83.42846916 31.16886832
OS 83.37039968 31.2269378
OS 83.16770006 31.3108975
OS 82.94829994 31.3108975
OS 82.74560032 31.2269378
OS 82.5904622 31.07179968
OS 82.5065025 30.86910006
OS 82.5065025 30.64969994
OS 82.5904622 30.44700032
OS 82.74560032 30.2918622
OS 82.94829994 30.2079025
OS 83.16770006 30.2079025
OS 83.37039968 30.2918622
OS 83.42846916 30.34993168
OS 83.97619984 30.34993168
OS 83.97619984 30.08380318
OS 87.4761903 30.08380318
OS 87.4761903 30.08380064
OS 87.57342658 30.12407742
OS 88.06980862 29.62769538
OS 88.02120572 29.51036262
OS 87.47619284 29.51036262
OS 87.47619284 29.85879982
OS 85.67619644 29.85879982
OS 85.67619644 29.85440562
OS 85.6539943 29.73660296
OS 85.5491939 29.73660042
OS 85.00319042 29.73660042
OS 85.00319042 28.85880436
OS 85.00319042 27.98100322
OS 85.6539943 27.98100068
OS 85.67619644 27.86319802
OS 85.67619644 27.85880636
OS 85.5668977 27.81606832
OS 83.83159764 27.81606832
OS 83.7981687 27.8094186
OS 83.69999516 27.8899874
OS 83.69999516 28.62499736
OS 82.19999816 28.62499736
OS 82.19999816 28.45538886
OS 82.05838808 28.4272228
OS 81.9171463 28.33284656
OS 81.59215076 28.00784848
OS 81.49777452 27.8666067
OS 81.46463514 27.70000048
OS 81.46463514 24.7000014
OS 81.49777452 24.53339518
OS 81.59215076 24.3921534
OS 81.6569995 24.32730466
OS 81.7249953 24.22500108
OS 81.70356532 24.10687838
OS 81.70279824 24.10280676
OS 81.59799784 24.10280422
OS 81.05200198 24.10280422
OS 81.05200198 23.2250107
OS 81.05200198 22.34720702
OS 81.70279824 22.34720448
OS 81.72500038 22.22940182
OS 81.72500038 22.22500762
OS 83.52499678 22.22500762
OS 83.52499678 22.5896424
OS 83.72499892 22.5896424
OS 83.72499892 22.42500722
OS 85.22499592 22.42500722
OS 85.22499592 22.5896424
OS 85.99381074 22.5896424
OS 86.04241364 22.47230964
OS 85.5304741 21.9603701
OS 85.22499592 21.9603701
OS 85.22499592 22.12500528
OS 83.72499892 22.12500528
OS 83.72499892 21.9603701
OS 83.54999546 21.9603701
OS 83.54999546 22.02500802
OS 82.34999786 22.02500802
OS 82.34999786 20.52501102
OS 83.54999546 20.52501102
OS 83.54999546 21.08964286
OS 83.72499892 21.08964286
OS 83.72499892 20.92500768
OS 85.22499592 20.92500768
OS 85.22499592 21.08964286
OS 85.71080648 21.08964286
OS 85.81263 21.10989682
OS 85.93963254 21.02323964
OS 85.93963254 20.75000676
OS 85.47499796 20.75000676
OS 85.47499796 20.74561256
OS 85.45279328 20.6278099
OS 85.34799542 20.62780736
OS 84.80199448 20.62780736
OS 84.80199448 19.7500113
OS 84.80199448 18.87221016
OS 85.45279328 18.87220762
OS 85.47499796 18.75440496
OS 85.47499796 18.75001076
OS 87.27499436 18.75001076
OS 87.27499436 20.75000676
OS 86.81035978 20.75000676
OS 86.81035978 21.22146378
OS 87.63698754 22.04809154
OS 87.7543203 21.99948864
OS 87.7543203 18.2152163
OS 87.42376216 17.88465816
OS 87.27499182 17.88465816
OS 87.27499182 18.55000862
OS 83.77499882 18.55000862
OS 83.77499882 17.91056362
OS 83.25017386 17.91056362
OS 83.21799968 17.9427378
OS 83.01530006 18.0266975
OS 82.79589994 18.0266975
OS 82.59320032 17.9427378
OS 82.4380622 17.78759968
OS 82.3541025 17.58490006
OS 82.3541025 17.36549994
OS 82.4380622 17.16280032
OS 82.59320032 17.0076622
OS 82.79589994 16.9237025
OS 83.01530006 16.9237025
OS 83.21799968 17.0076622
OS 83.25017386 17.03983638
OS 83.77499882 17.03983638
OS 83.77499882 16.55001262
OS 87.27499182 16.55001262
OS 87.27499182 17.01393092
OS 87.60409454 17.01393092
OS 87.77070076 17.0470703
OS 87.91194254 17.14144654
OS 88.49753192 17.72703592
OS 88.59190816 17.8682777
OS 88.62504754 18.03488392
OS 88.62504754 22.29955154
OS 89.38216566 23.05666966
OS 89.49949842 23.00806676
OS 89.49949842 22.70000286
OS 89.62169782 22.70000286
OS 89.62169782 22.69995206
OS 91.45229614 22.69995206
OS 91.45229614 22.70000286
OS 91.57449554 22.70000286
OS 91.57449554 23.35000156
OS 91.57449554 24.0000028
OS 91.57449554 24.6500015
OS 91.57449554 25.30000274
OS 91.57449554 26.3499981
OS 91.45229614 26.3499981
OS 91.45229614 26.3500489
OS 89.62169782 26.3500489
OS 89.62169782 26.3499981
OS 89.49949842 26.3499981
OS 89.49949842 26.26036404
OS 89.29960042 26.26036404
OS 89.13299166 26.22722466
OS 88.99174988 26.13284842
OS 86.89485034 24.03594888
OS 86.78930064 24.10713238
OS 86.83369984 24.27282928
OS 86.83369984 24.44437072
OS 86.81744892 24.5050183
OS 86.90102254 24.63009298
OS 86.93416192 24.7966992
OS 86.93416192 25.060402
OS 87.3987965 25.060402
OS 87.3987965 26.49133894
OS 87.4017937 26.50640368
OS 87.58502676 26.68963674
OS 89.49949842 26.68963674
OS 89.49949842 26.60000268
OS 89.62169782 26.60000268
OS 89.62169782 26.59995188
OS 91.45229614 26.59995188
OS 91.45229614 26.60000268
OS 91.57449554 26.60000268
OS 91.57449554 27.64999804
OS 91.45229614 27.64999804
OS 91.45229614 27.65004884
OS 90.53699698 27.65004884
OS 90.53699698 27.89995182
OS 91.45229614 27.89995182
OS 91.45229614 27.90000262
OS 91.57449554 27.90000262
OS 91.57449554 28.55000132
OS 91.57449554 29.20000256
OS 91.57449554 29.85000126
OS 91.57449554 30.5000025
OS 91.57449554 31.54999786
OS 89.49949842 31.54999786
OS 89.49949842 30.95571406
OS 89.38216566 30.90711116
OS 88.82686832 31.46240596
OS 88.82686832 31.65329712
OS 88.84263664 31.66906544
OS 88.9189992 31.85342626
OS 88.9189992 32.05297374
OS 88.84263664 32.23733456
OS 88.82686832 32.25310288
OS 88.82686832 32.75000054
OS 89.12499574 32.75000054
OS 89.12499574 34.24999754
OE
OB 19.64760358 30.81519872 H
OS 18.89680244 30.81519872
OS 18.89680244 30.16440246
OS 19.64760358 30.16440246
OS 19.64760358 30.81519872
OE
OB 21.74760446 29.61519858 H
OS 21.54679968 29.61519858
OS 21.54679968 29.41440396
OS 21.74760446 29.41440396
OS 21.74760446 29.61519858
OE
OB 62.5730016 30.17299782 H
OS 61.89719904 30.17299782
OS 61.89719904 29.39720054
OS 62.5730016 29.39720054
OS 62.5730016 30.17299782
OE
OB 84.74919042 29.73660042 H
OS 84.09839924 29.73660042
OS 84.09839924 28.98580436
OS 84.74919042 28.98580436
OS 84.74919042 29.73660042
OE
OB 136.45420004 30.7594 H
OS 134.67839968 30.7594
OS 134.67839968 28.88359984
OS 136.45420004 28.88359984
OS 136.45420004 30.7594
OE
OB 134.42439968 30.7594 H
OS 132.64859932 30.7594
OS 132.64859932 28.88359984
OS 134.42439968 28.88359984
OS 134.42439968 30.7594
OE
OB 18.45239896 29.51999938 H
OS 17.70159782 29.51999938
OS 17.70159782 28.86920312
OS 18.45239896 28.86920312
OS 18.45239896 29.51999938
OE
OB 17.44759782 29.51999938 H
OS 16.69680176 29.51999938
OS 16.69680176 28.86920312
OS 17.44759782 28.86920312
OS 17.44759782 29.51999938
OE
OB 61.82799928 28.89780098 H
OS 60.22719984 28.89780098
OS 60.22719984 28.37200066
OS 61.82799928 28.37200066
OS 61.82799928 28.89780098
OE
OB 84.74919042 28.73180436 H
OS 84.09839924 28.73180436
OS 84.09839924 27.98100322
OS 84.74919042 27.98100322
OS 84.74919042 28.73180436
OE
OB 18.45239896 28.61520312 H
OS 17.70159782 28.61520312
OS 17.70159782 27.96440178
OS 18.45239896 27.96440178
OS 18.45239896 28.61520312
OE
OB 17.44759782 28.61520312 H
OS 16.69680176 28.61520312
OS 16.69680176 27.96440178
OS 17.44759782 27.96440178
OS 17.44759782 28.61520312
OE
OB 61.82799928 28.11800066 H
OS 60.22719984 28.11800066
OS 60.22719984 27.59220034
OS 61.82799928 27.59220034
OS 61.82799928 28.11800066
OE
OB 117.51600068 28.97760016 H
OS 115.74020032 28.97760016
OS 115.74020032 27.1018
OS 117.51600068 27.1018
OS 117.51600068 28.97760016
OE
OB 115.48620032 28.97760016 H
OS 113.71039996 28.97760016
OS 113.71039996 27.1018
OS 115.48620032 27.1018
OS 115.48620032 28.97760016
OE
OB 94.8227974 28.49779924 H
OS 93.60199466 28.49779924
OS 93.60199466 26.9269972
OS 94.8227974 26.9269972
OS 94.8227974 28.49779924
OE
OB 93.34799466 28.49779924 H
OS 92.127197 28.49779924
OS 92.127197 26.9269972
OS 93.34799466 26.9269972
OS 93.34799466 28.49779924
OE
OB 23.29979592 26.82759938 H
OS 22.91899912 26.82759938
OS 22.91899912 26.46680254
OS 23.29979592 26.46680254
OS 23.29979592 26.82759938
OE
OB 26.50019846 26.75139938 H
OS 26.11939912 26.75139938
OS 26.11939912 26.3906
OS 26.50019846 26.3906
OS 26.50019846 26.75139938
OE
OB 23.29979592 26.21280254 H
OS 22.91899912 26.21280254
OS 22.91899912 25.85200062
OS 23.29979592 25.85200062
OS 23.29979592 26.21280254
OE
OB 26.50019846 26.1366 H
OS 26.11939912 26.1366
OS 26.11939912 25.77580062
OS 26.50019846 25.77580062
OS 26.50019846 26.1366
OE
OB 38.6221986 26.21499456 H
OS 37.8714 26.21499456
OS 37.8714 25.56419576
OS 38.6221986 25.56419576
OS 38.6221986 26.21499456
OE
OB 37.6174 26.21499456 H
OS 36.8666014 26.21499456
OS 36.8666014 25.56419576
OS 37.6174 25.56419576
OS 37.6174 26.21499456
OE
OB 94.8227974 26.6729972 H
OS 93.60199466 26.6729972
OS 93.60199466 25.10220024
OS 94.8227974 25.10220024
OS 94.8227974 26.6729972
OE
OB 93.34799466 26.6729972 H
OS 92.127197 26.6729972
OS 92.127197 25.10220024
OS 93.34799466 25.10220024
OS 93.34799466 26.6729972
OE
OB 31.5609986 25.68119578 H
OS 30.8102 25.68119578
OS 30.8102 25.03040206
OS 31.5609986 25.03040206
OS 31.5609986 25.68119578
OE
OB 30.5562 25.68119578 H
OS 29.8054014 25.68119578
OS 29.8054014 25.03040206
OS 30.5562 25.03040206
OS 30.5562 25.68119578
OE
OB 29.3003986 25.68119578 H
OS 28.5496 25.68119578
OS 28.5496 25.03040206
OS 29.3003986 25.03040206
OS 29.3003986 25.68119578
OE
OB 28.2956 25.68119578 H
OS 27.5448014 25.68119578
OS 27.5448014 25.03040206
OS 28.2956 25.03040206
OS 28.2956 25.68119578
OE
OB 117.51600068 26.8478 H
OS 115.74020032 26.8478
OS 115.74020032 24.97199984
OS 117.51600068 24.97199984
OS 117.51600068 26.8478
OE
OB 115.48620032 26.8478 H
OS 113.71039996 26.8478
OS 113.71039996 24.97199984
OS 115.48620032 24.97199984
OS 115.48620032 26.8478
OE
OB 74.15620424 25.34920254 H
OS 73.48040168 25.34920254
OS 73.48040168 24.57340018
OS 74.15620424 24.57340018
OS 74.15620424 25.34920254
OE
OB 132.41839912 26.69500376 H
OS 131.2926 26.69500376
OS 131.2926 24.5192042
OS 132.41839912 24.5192042
OS 132.41839912 26.69500376
OE
OB 131.0386 26.69500376 H
OS 129.91280088 26.69500376
OS 129.91280088 24.5192042
OS 131.0386 24.5192042
OS 131.0386 26.69500376
OE
OB 80.79800198 24.10280422 H
OS 80.14720318 24.10280422
OS 80.14720318 23.3520107
OS 80.79800198 23.3520107
OS 80.79800198 24.10280422
OE
OB 10.94331822 24.83280022 H
OS 10.55667942 24.83280022
OS 10.17747012 24.75736984
OS 9.82026484 24.60940976
OS 9.55022982 24.42898086
OS 10.75000136 23.22920932
OS 11.94977036 24.42897832
OS 11.6797328 24.60940976
OS 11.32252752 24.75736984
OS 10.94331822 24.83280022
OE
OB 59.30779858 22.70579914 H
OS 58.80699186 22.70579914
OS 58.80699186 22.35500228
OS 59.30779858 22.35500228
OS 59.30779858 22.70579914
OE
OB 58.55299186 22.70579914 H
OS 58.05220038 22.70579914
OS 58.05220038 22.35500228
OS 58.55299186 22.35500228
OS 58.55299186 22.70579914
OE
OB 60.95879858 22.7057966 H
OS 60.4579944 22.7057966
OS 60.4579944 22.35499212
OS 60.95879858 22.35499212
OS 60.95879858 22.7057966
OE
OB 60.2039944 22.7057966 H
OS 59.70320038 22.7057966
OS 59.70320038 22.35499212
OS 60.2039944 22.35499212
OS 60.2039944 22.7057966
OE
OB 80.79800198 23.0980107 H
OS 80.14720318 23.0980107
OS 80.14720318 22.34720702
OS 80.79800198 22.34720702
OS 80.79800198 23.0980107
OE
OB 91.45229614 22.4479993 H
OS 90.66399698 22.4479993
OS 90.66399698 22.17220102
OS 91.45229614 22.17220102
OS 91.45229614 22.4479993
OE
OB 90.40999698 22.4479993 H
OS 89.62169782 22.4479993
OS 89.62169782 22.17220102
OS 90.40999698 22.17220102
OS 90.40999698 22.4479993
OE
OB 132.41839912 24.2652042 H
OS 131.2926 24.2652042
OS 131.2926 22.08940464
OS 132.41839912 22.08940464
OS 132.41839912 24.2652042
OE
OB 131.0386 24.2652042 H
OS 129.91280088 24.2652042
OS 129.91280088 22.08940464
OS 131.0386 22.08940464
OS 131.0386 24.2652042
OE
OB 48.77399948 22.7247958 H
OS 48.02320088 22.7247958
OS 48.02320088 22.073997
OS 48.77399948 22.073997
OS 48.77399948 22.7247958
OE
OB 59.30779858 22.10100228 H
OS 58.80699186 22.10100228
OS 58.80699186 21.75020034
OS 59.30779858 21.75020034
OS 59.30779858 22.10100228
OE
OB 58.55299186 22.10100228 H
OS 58.05220038 22.10100228
OS 58.05220038 21.75020034
OS 58.55299186 21.75020034
OS 58.55299186 22.10100228
OE
OB 60.95879858 22.10099212 H
OS 60.4579944 22.10099212
OS 60.4579944 21.7501978
OS 60.95879858 21.7501978
OS 60.95879858 22.10099212
OE
OB 60.2039944 22.10099212 H
OS 59.70320038 22.10099212
OS 59.70320038 21.7501978
OS 60.2039944 21.7501978
OS 60.2039944 22.10099212
OE
OB 12.30898224 24.0697639 H
OS 11.10921324 22.86999744
OS 12.3089797 21.67023098
OS 12.4894086 21.940266
OS 12.63736868 22.29747128
OS 12.71279906 22.67668058
OS 12.71279906 23.06331938
OS 12.63736868 23.44252868
OS 12.4894086 23.79973396
OS 12.30898224 24.0697639
OE
OB 9.19101794 24.06976898 H
OS 9.01058904 23.79973396
OS 8.86262896 23.44252868
OS 8.78719858 23.06331938
OS 8.78719858 22.67668058
OS 8.86262896 22.29747128
OS 9.01058904 21.940266
OS 9.19102048 21.67022844
OS 10.39078948 22.86999744
OS 9.19101794 24.06976898
OE
OB 81.92779652 21.90280862 H
OS 81.57699712 21.90280862
OS 81.57699712 21.40200952
OS 81.92779652 21.40200952
OS 81.92779652 21.90280862
OE
OB 81.32299712 21.90280862 H
OS 80.97219772 21.90280862
OS 80.97219772 21.40200952
OS 81.32299712 21.40200952
OS 81.32299712 21.90280862
OE
OB 68.94800536 21.77779744 H
OS 68.67220454 21.77779744
OS 68.67220454 21.02700138
OS 68.94800536 21.02700138
OS 68.94800536 21.77779744
OE
OB 10.75000136 22.51078556 H
OS 9.5502349 21.31101656
OS 9.82026484 21.1305902
OS 10.17747012 20.98263012
OS 10.55667942 20.90719974
OS 10.94331822 20.90719974
OS 11.32252752 20.98263012
OS 11.6797328 21.1305902
OS 11.94976782 21.3110191
OS 10.75000136 22.51078556
OE
OB 67.92779912 21.1777961 H
OS 67.4270051 21.1777961
OS 67.4270051 20.8269967
OS 67.92779912 20.8269967
OS 67.92779912 21.1777961
OE
OB 67.1730051 21.1777961 H
OS 66.67220092 21.1777961
OS 66.67220092 20.8269967
OS 67.1730051 20.8269967
OS 67.1730051 21.1777961
OE
OB 81.92779652 21.14800952 H
OS 81.57699712 21.14800952
OS 81.57699712 20.64721042
OS 81.92779652 20.64721042
OS 81.92779652 21.14800952
OE
OB 81.32299712 21.14800952 H
OS 80.97219772 21.14800952
OS 80.97219772 20.64721042
OS 81.32299712 20.64721042
OS 81.32299712 21.14800952
OE
OB 24.6013986 21.2619971 H
OS 23.8506 21.2619971
OS 23.8506 20.6111983
OS 24.6013986 20.6111983
OS 24.6013986 21.2619971
OE
OB 23.5966 21.2619971 H
OS 22.8458014 21.2619971
OS 22.8458014 20.6111983
OS 23.5966 20.6111983
OS 23.5966 21.2619971
OE
OB 67.92779912 20.5729967 H
OS 67.4270051 20.5729967
OS 67.4270051 20.2221973
OS 67.92779912 20.2221973
OS 67.92779912 20.5729967
OE
OB 67.1730051 20.5729967 H
OS 66.67220092 20.5729967
OS 66.67220092 20.2221973
OS 67.1730051 20.2221973
OS 67.1730051 20.5729967
OE
OB 68.94800536 20.77300138 H
OS 68.67220454 20.77300138
OS 68.67220454 20.02220024
OS 68.94800536 20.02220024
OS 68.94800536 20.77300138
OE
OB 84.54799448 20.62780736 H
OS 83.89719822 20.62780736
OS 83.89719822 19.8770113
OS 84.54799448 19.8770113
OS 84.54799448 20.62780736
OE
OB 71.50099492 25.9598795 H
OS 71.50098222 25.95987696
OS 70.61199492 25.95987188
OS 70.49494156 25.9365877
OS 70.39570884 25.87028354
OS 70.39570376 25.87027592
OS 70.16710884 25.64168862
OS 70.10080214 25.54245082
OS 70.1003932 25.5403985
OS 68.95720016 25.5403985
OS 68.95720016 24.0404015
OS 69.09053238 24.0404015
OS 69.09053238 23.69999832
OS 68.9500018 23.69999832
OS 68.9500018 23.35946814
OS 68.64459982 23.35946814
OS 68.48790214 23.3282998
OS 68.35506268 23.23953696
OS 68.18886286 23.07333714
OS 68.10010002 22.94049768
OS 68.0938059 22.90885436
OS 68.04999598 22.79999758
OS 66.55000152 22.79999758
OS 66.55000152 21.59999998
OS 68.04999852 21.59999998
OS 68.04999852 21.79053046
OS 68.19939878 21.79053046
OS 68.35609646 21.8216988
OS 68.48893592 21.91046164
OS 68.76793714 22.18946032
OS 68.8230018 22.27186808
OS 68.9500018 22.2333439
OS 68.9500018 22.20000132
OS 69.41787742 22.20000132
OS 69.45886286 22.13866286
OS 69.70239552 21.8951302
OS 69.65379262 21.77779744
OS 69.20200536 21.77779744
OS 69.20200536 20.90000138
OS 69.20200536 20.02220024
OS 69.59800152 20.02220024
OS 69.59800152 20.89999884
OS 69.84995428 20.89999884
OS 69.84995428 20.02220024
OS 69.85000508 20.02220024
OS 69.85000508 19.90000084
OS 70.72249254 19.90000084
OS 70.78294708 19.85960722
OS 70.90000044 19.83632304
OS 72.02499946 19.83632304
OS 72.1472014 19.73114164
OS 72.1472014 19.37700468
OS 73.95280104 19.37700468
OS 73.95280104 19.84709772
OS 74.07979596 19.95132408
OS 74.19684932 19.97460318
OS 74.29608712 20.04090988
OS 74.384281 20.12910376
OS 74.38428862 20.12910884
OS 74.45059278 20.2283441
OS 74.4738795 20.34539238
OS 74.47387696 20.34540508
OS 74.47387696 22.2503873
OS 74.4738795 22.2504
OS 74.45059278 22.36745336
OS 74.38428862 22.46668862
OS 74.384281 22.4666937
OS 73.72388862 23.12708862
OS 73.62465336 23.19339278
OS 73.5076 23.2166795
OS 73.5075873 23.21667696
OS 72.44049774 23.21667696
OS 72.06087696 23.59629774
OS 72.06087696 25.4
OS 72.03759278 25.5170559
OS 71.97128862 25.61628862
OS 71.971281 25.6162937
OS 71.71729116 25.870281
OS 71.71728608 25.87028862
OS 71.61805082 25.93659278
OS 71.50099492 25.9598795
OE
OB 61.81279738 19.4387978 H
OS 61.4619929 19.4387978
OS 61.4619929 18.93799362
OS 61.81279738 18.93799362
OS 61.81279738 19.4387978
OE
OB 61.2079929 19.4387978 H
OS 60.85719858 19.4387978
OS 60.85719858 18.93799362
OS 61.2079929 18.93799362
OS 61.2079929 19.4387978
OE
OB 84.54799448 19.6230113 H
OS 83.89719822 19.6230113
OS 83.89719822 18.87221016
OS 84.54799448 18.87221016
OS 84.54799448 19.6230113
OE
OB 71.17280152 19.6628004 H
OS 70.17700214 19.6628004
OS 70.17700214 18.8270007
OS 71.17280152 18.8270007
OS 71.17280152 19.6628004
OE
OB 69.92300214 19.6628004 H
OS 68.92720276 19.6628004
OS 68.92720276 18.8270007
OS 69.92300214 18.8270007
OS 69.92300214 19.6628004
OE
OB 73.95280104 19.12300468 H
OS 73.17700122 19.12300468
OS 73.17700122 18.44720466
OS 73.95280104 18.44720466
OS 73.95280104 19.12300468
OE
OB 72.92300122 19.12300468 H
OS 72.1472014 19.12300468
OS 72.1472014 18.44720466
OS 72.92300122 18.44720466
OS 72.92300122 19.12300468
OE
OB 68.0107987 19.0117984 H
OS 67.0600005 19.0117984
OS 67.0600005 18.28599848
OS 68.0107987 18.28599848
OS 68.0107987 19.0117984
OE
OB 66.8060005 19.0117984 H
OS 65.8552023 19.0117984
OS 65.8552023 18.28599848
OS 66.8060005 18.28599848
OS 66.8060005 19.0117984
OE
OB 61.81279738 18.68399362 H
OS 61.4619929 18.68399362
OS 61.4619929 18.1831996
OS 61.81279738 18.1831996
OS 61.81279738 18.68399362
OE
OB 61.2079929 18.68399362 H
OS 60.85719858 18.68399362
OS 60.85719858 18.1831996
OS 61.2079929 18.1831996
OS 61.2079929 18.68399362
OE
OB 71.17280152 18.5730007 H
OS 70.17700214 18.5730007
OS 70.17700214 17.737201
OS 71.17280152 17.737201
OS 71.17280152 18.5730007
OE
OB 69.92300214 18.5730007 H
OS 68.92720276 18.5730007
OS 68.92720276 17.737201
OS 69.92300214 17.737201
OS 69.92300214 18.5730007
OE
OB 66.8060005 18.03199848 H
OS 65.8552023 18.03199848
OS 65.8552023 17.30619856
OS 66.8060005 17.30619856
OS 66.8060005 18.03199848
OE
OB 38.1085979 17.7727991 H
OS 37.75780358 17.7727991
OS 37.75780358 17.272
OS 38.1085979 17.272
OS 38.1085979 17.7727991
OE
OB 37.50380358 17.7727991 H
OS 37.1529991 17.7727991
OS 37.1529991 17.272
OS 37.50380358 17.272
OS 37.50380358 17.7727991
OE
OB 94.0527964 18.85280202 H
OS 92.27699858 18.85280202
OS 92.27699858 16.97700948
OS 94.0527964 16.97700948
OS 94.0527964 18.85280202
OE
OB 92.02299858 18.85280202 H
OS 90.24719568 18.85280202
OS 90.24719568 16.97700948
OS 92.02299858 16.97700948
OS 92.02299858 18.85280202
OE
OB 26.8852015 17.1123991 H
OS 26.5344021 17.1123991
OS 26.5344021 16.6116
OS 26.8852015 16.6116
OS 26.8852015 17.1123991
OE
OB 38.1085979 17.018 H
OS 37.75780358 17.018
OS 37.75780358 16.5172009
OS 38.1085979 16.5172009
OS 38.1085979 17.018
OE
OB 37.50380358 17.018 H
OS 37.1529991 17.018
OS 37.1529991 16.5172009
OS 37.50380358 16.5172009
OS 37.50380358 17.018
OE
OB 26.8852015 16.3576 H
OS 26.5344021 16.3576
OS 26.5344021 15.8568009
OS 26.8852015 15.8568009
OS 26.8852015 16.3576
OE
OB 38.63519832 15.93959982 H
OS 37.95939576 15.93959982
OS 37.95939576 15.16379746
OS 38.63519832 15.16379746
OS 38.63519832 15.93959982
OE
OB 94.0527964 16.72300948 H
OS 92.27699858 16.72300948
OS 92.27699858 14.8472017
OS 94.0527964 14.8472017
OS 94.0527964 16.72300948
OE
OB 92.02299858 16.72300948 H
OS 90.24719568 16.72300948
OS 90.24719568 14.8472017
OS 92.02299858 14.8472017
OS 92.02299858 16.72300948
OE
OB 26.32300552 15.35279886 H
OS 25.64720296 15.35279886
OS 25.64720296 14.5769965
OS 26.32300552 14.5769965
OS 26.32300552 15.35279886
OE
OB 74.62699832 15.02519982 H
OS 73.95119576 15.02519982
OS 73.95119576 14.24939746
OS 74.62699832 14.24939746
OS 74.62699832 15.02519982
OE
OB 38.63519832 14.90979746 H
OS 37.95939576 14.90979746
OS 37.95939576 14.13400018
OS 38.63519832 14.13400018
OS 38.63519832 14.90979746
OE
OB 122.12439888 14.77119728 H
OS 121.47360008 14.77119728
OS 121.47360008 14.02039868
OS 122.12439888 14.02039868
OS 122.12439888 14.77119728
OE
OB 26.32300552 14.3229965 H
OS 25.64720296 14.3229965
OS 25.64720296 13.54719922
OS 26.32300552 13.54719922
OS 26.32300552 14.3229965
OE
OB 74.62699832 13.99539746 H
OS 73.95119576 13.99539746
OS 73.95119576 13.21960018
OS 74.62699832 13.21960018
OS 74.62699832 13.99539746
OE
OB 122.12439888 13.76639868 H
OS 121.47360008 13.76639868
OS 121.47360008 13.01560008
OS 122.12439888 13.01560008
OS 122.12439888 13.76639868
OE
OB 116.7106759 13.34939418 H
OS 116.35988158 13.34939418
OS 116.35988158 12.84859508
OS 116.7106759 12.84859508
OS 116.7106759 13.34939418
OE
OB 116.10588158 13.34939418 H
OS 115.7550771 13.34939418
OS 115.7550771 12.84859508
OS 116.10588158 12.84859508
OS 116.10588158 13.34939418
OE
OB 111.5010978 13.29939428 H
OS 111.1502984 13.29939428
OS 111.1502984 12.79859518
OS 111.5010978 12.79859518
OS 111.5010978 13.29939428
OE
OB 110.8962984 13.29939428 H
OS 110.545499 13.29939428
OS 110.545499 12.79859518
OS 110.8962984 12.79859518
OS 110.8962984 13.29939428
OE
OB 13.62214446 13.22779676 H
OS 13.37785234 13.22779676
OS 13.14188126 13.16456854
OS 13.04853372 13.11067482
OS 13.49999586 12.65921268
OS 13.95146054 13.11067482
OS 13.85811554 13.16456854
OS 13.62214446 13.22779676
OE
OB 118.4837991 12.7847979 H
OS 117.98299746 12.7847979
OS 117.98299746 12.43400104
OS 118.4837991 12.43400104
OS 118.4837991 12.7847979
OE
OB 117.72899746 12.7847979 H
OS 117.2282009 12.7847979
OS 117.2282009 12.43400104
OS 117.72899746 12.43400104
OS 117.72899746 12.7847979
OE
OB 110.0763991 12.7593979 H
OS 109.57559746 12.7593979
OS 109.57559746 12.40860104
OS 110.0763991 12.40860104
OS 110.0763991 12.7593979
OE
OB 109.32159746 12.7593979 H
OS 108.8208009 12.7593979
OS 108.8208009 12.40860104
OS 109.32159746 12.40860104
OS 109.32159746 12.7593979
OE
OB 103.70279234 12.60279928 H
OS 103.35198786 12.60279928
OS 103.35198786 12.10200526
OS 103.70279234 12.10200526
OS 103.70279234 12.60279928
OE
OB 103.09798786 12.60279928 H
OS 102.74719354 12.60279928
OS 102.74719354 12.10200526
OS 103.09798786 12.10200526
OS 103.09798786 12.60279928
OE
OB 116.7106759 12.59459508 H
OS 116.35988158 12.59459508
OS 116.35988158 12.09379598
OS 116.7106759 12.09379598
OS 116.7106759 12.59459508
OE
OB 116.10588158 12.59459508 H
OS 115.7550771 12.59459508
OS 115.7550771 12.09379598
OS 116.10588158 12.09379598
OS 116.10588158 12.59459508
OE
OB 111.5010978 12.54459518 H
OS 111.1502984 12.54459518
OS 111.1502984 12.04379608
OS 111.5010978 12.04379608
OS 111.5010978 12.54459518
OE
OB 110.8962984 12.54459518 H
OS 110.545499 12.54459518
OS 110.545499 12.04379608
OS 110.8962984 12.04379608
OS 110.8962984 12.54459518
OE
OB 12.68932184 12.75146294 H
OS 12.63542812 12.6581154
OS 12.5721999 12.42214432
OS 12.5721999 12.1778522
OS 12.63542812 11.94188112
OS 12.68932184 11.84853612
OS 13.14078398 12.3000008
OS 12.68932184 12.75146294
OE
OB 14.31067242 12.75146548 H
OS 13.85920774 12.3000008
OS 14.31067496 11.84853358
OS 14.36456868 11.94188112
OS 14.4277969 12.1778522
OS 14.4277969 12.42214432
OS 14.36456868 12.6581154
OS 14.31067242 12.75146548
OE
OB 118.4837991 12.18000104 H
OS 117.98299746 12.18000104
OS 117.98299746 11.8291991
OS 118.4837991 11.8291991
OS 118.4837991 12.18000104
OE
OB 117.72899746 12.18000104 H
OS 117.2282009 12.18000104
OS 117.2282009 11.8291991
OS 117.72899746 11.8291991
OS 117.72899746 12.18000104
OE
OB 110.0763991 12.15460104 H
OS 109.57559746 12.15460104
OS 109.57559746 11.8037991
OS 110.0763991 11.8037991
OS 110.0763991 12.15460104
OE
OB 109.32159746 12.15460104 H
OS 108.8208009 12.15460104
OS 108.8208009 11.8037991
OS 109.32159746 11.8037991
OS 109.32159746 12.15460104
OE
OB 81.07679746 14.3520795 H
OS 80.9597441 14.32879278
OS 80.86050884 14.26248862
OS 79.7937063 13.19568354
OS 79.72740214 13.09644828
OS 79.70411542 12.97939492
OS 79.70411796 12.97938222
OS 79.70412304 12.26790028
OS 79.12129972 11.68507696
OS 77.0382127 11.68507696
OS 77.0382 11.6850795
OS 76.92114664 11.66179278
OS 76.82191138 11.59548862
OS 76.288519 11.06209116
OS 76.28851138 11.06208608
OS 76.22220722 10.96285082
OS 76.1989205 10.84579746
OS 76.19892304 10.84578476
OS 76.19892304 8.7376
OS 76.22220722 8.6205441
OS 76.2281305 8.61167696
OS 76.19550674 8.52296492
OS 76.16024646 8.48467696
OS 74.8030127 8.48467696
OS 74.803 8.4846795
OS 74.68594664 8.46139278
OS 74.58671138 8.39508862
OS 73.85011138 7.65848862
OS 73.78380722 7.55925336
OS 73.7605205 7.4422
OS 73.76052304 7.4421873
OS 73.76052304 5.8928
OS 73.78380722 5.77574664
OS 73.85011138 5.67651138
OS 73.850119 5.6765063
OS 74.45971138 5.06691138
OS 74.55894664 5.00060722
OS 74.676 4.9773205
OS 74.6760127 4.97732304
OS 78.3844 4.97732304
OS 78.5014559 5.00060722
OS 78.60068862 5.06691138
OS 78.6006937 5.066919
OS 79.23568862 5.70191138
OS 79.30199278 5.80114664
OS 79.3252795 5.9182
OS 79.32527696 5.9182127
OS 79.32527696 7.5437873
OS 79.3252795 7.5438
OS 79.30199278 7.6608559
OS 79.23568862 7.76008862
OS 79.235681 7.7600937
OS 78.63917216 8.35659492
OS 78.86669266 8.58411796
OS 80.69610734 8.58411542
OS 81.0637063 8.216519
OS 81.06371138 8.21651138
OS 81.16294664 8.15020722
OS 81.28 8.1269205
OS 81.2800127 8.12692304
OS 85.3947873 8.12692304
OS 85.3948 8.1269205
OS 85.51185336 8.15020722
OS 85.61108862 8.21651138
OS 86.34768862 8.95311138
OS 86.41399278 9.05234664
OS 86.4372795 9.1694
OS 86.43727696 9.1694127
OS 86.43727696 13.08098476
OS 86.4372795 13.08099746
OS 86.41399278 13.19805082
OS 86.34768862 13.29728608
OS 85.38248608 14.26248608
OS 85.28325082 14.32879024
OS 85.16619746 14.35207696
OS 85.16618476 14.35207442
OS 81.07681016 14.35207696
OS 81.07679746 14.3520795
OE
OB 122.80379808 12.11439792 H
OS 122.45299868 12.11439792
OS 122.45299868 11.61359882
OS 122.80379808 11.61359882
OS 122.80379808 12.11439792
OE
OB 122.19899868 12.11439792 H
OS 121.84819928 12.11439792
OS 121.84819928 11.61359882
OS 122.19899868 11.61359882
OS 122.19899868 12.11439792
OE
OB 13.49999586 11.94078892 H
OS 13.04853118 11.48932424
OS 13.14188126 11.43542798
OS 13.37785234 11.37219976
OS 13.62214446 11.37219976
OS 13.85811554 11.43542798
OS 13.95146308 11.4893217
OS 13.49999586 11.94078892
OE
OB 133.14797094 12.4278009 H
OS 132.77202554 12.4278009
OS 132.40888682 12.33049858
OS 132.14250686 12.17670412
OS 132.95999824 11.35921274
OS 133.77748962 12.17670412
OS 133.51110966 12.33049858
OS 133.14797094 12.4278009
OE
OB 103.70279234 11.84800526 H
OS 103.35198786 11.84800526
OS 103.35198786 11.34720108
OS 103.70279234 11.34720108
OS 103.70279234 11.84800526
OE
OB 103.09798786 11.84800526 H
OS 102.74719354 11.84800526
OS 102.74719354 11.34720108
OS 103.09798786 11.34720108
OS 103.09798786 11.84800526
OE
OB 43.7315991 11.6417979 H
OS 43.2308 11.6417979
OS 43.2308 11.2909985
OS 43.7315991 11.2909985
OS 43.7315991 11.6417979
OE
OB 42.9768 11.6417979 H
OS 42.4760009 11.6417979
OS 42.4760009 11.2909985
OS 42.9768 11.2909985
OS 42.9768 11.6417979
OE
OB 45.4587991 11.61639536 H
OS 44.958 11.61639536
OS 44.958 11.26559596
OS 45.4587991 11.26559596
OS 45.4587991 11.61639536
OE
OB 44.704 11.61639536 H
OS 44.2032009 11.61639536
OS 44.2032009 11.26559596
OS 44.704 11.26559596
OS 44.704 11.61639536
OE
OB 111.6232972 11.72159454 H
OS 110.4232996 11.72159454
OS 110.4232996 11.21696258
OS 110.19859596 11.21696258
OS 110.19859596 11.38159776
OS 108.69859896 11.38159776
OS 108.69859896 10.18160016
OS 110.19859596 10.18160016
OS 110.19859596 10.34623534
OS 110.4232996 10.34623534
OS 110.4232996 10.22159754
OS 111.6232972 10.22159754
OS 111.6232972 11.72159454
OE
OB 122.80379808 11.35959882 H
OS 122.45299868 11.35959882
OS 122.45299868 10.85879972
OS 122.80379808 10.85879972
OS 122.80379808 11.35959882
OE
OB 122.19899868 11.35959882 H
OS 121.84819928 11.35959882
OS 121.84819928 10.85879972
OS 122.19899868 10.85879972
OS 122.19899868 11.35959882
OE
OB 43.7315991 11.0369985 H
OS 43.2308 11.0369985
OS 43.2308 10.6861991
OS 43.7315991 10.6861991
OS 43.7315991 11.0369985
OE
OB 42.9768 11.0369985 H
OS 42.4760009 11.0369985
OS 42.4760009 10.6861991
OS 42.9768 10.6861991
OS 42.9768 11.0369985
OE
OB 54.32779838 11.72779976 H
OS 53.92699908 11.72779976
OS 53.92699908 10.67699922
OS 54.32779838 10.67699922
OS 54.32779838 11.72779976
OE
OB 53.67299908 11.72779976 H
OS 53.27219978 11.72779976
OS 53.27219978 10.67699922
OS 53.67299908 10.67699922
OS 53.67299908 11.72779976
OE
OB 25.1278009 12.17779886 H
OS 24.60200312 12.17779886
OS 24.60200312 10.57699688
OS 25.1278009 10.57699688
OS 25.1278009 12.17779886
OE
OB 24.34800312 12.17779886 H
OS 23.82220026 12.17779886
OS 23.82220026 10.57699688
OS 24.34800312 10.57699688
OS 24.34800312 12.17779886
OE
OB 116.8328753 11.77159444 H
OS 115.6328777 11.77159444
OS 115.6328777 10.27159744
OS 116.8328753 10.27159744
OS 116.8328753 10.43583638
OS 117.10600404 10.43583638
OS 117.10600404 10.20699762
OS 118.60600104 10.20699762
OS 118.60600104 11.40699522
OS 117.10600404 11.40699522
OS 117.10600404 11.30656362
OS 116.8328753 11.30656362
OS 116.8328753 11.77159444
OE
OB 134.1367015 11.81749224 H
OS 133.31921012 11.00000086
OS 134.1367015 10.18250948
OS 134.29049596 10.44888944
OS 134.38779828 10.81202816
OS 134.38779828 11.18797356
OS 134.29049596 11.55111228
OS 134.1367015 11.81749224
OE
OB 131.78329498 11.81749478 H
OS 131.62950052 11.55111228
OS 131.5321982 11.18797356
OS 131.5321982 10.81202816
OS 131.62950052 10.44888944
OS 131.78329498 10.18250948
OS 132.60078636 11.00000086
OS 131.78329498 11.81749478
OE
OB 132.95999824 10.64078898 H
OS 132.14250686 9.8232976
OS 132.40888682 9.66950314
OS 132.77202554 9.57220082
OS 133.14797094 9.57220082
OS 133.51110966 9.66950314
OS 133.77749216 9.8232976
OS 132.95999824 10.64078898
OE
OB 50.2757948 10.2437946 H
OS 49.59999224 10.2437946
OS 49.59999224 9.46799224
OS 50.2757948 9.46799224
OS 50.2757948 10.2437946
OE
OB 102.38899512 14.3651986 H
OS 101.18899752 14.3651986
OS 101.18899752 12.9652014
OS 101.28962978 12.9652014
OS 101.28962978 12.72499868
OS 101.1249946 12.72499868
OS 101.1249946 11.22500168
OS 101.28962978 11.22500168
OS 101.28962978 11.0623985
OS 101.11360016 11.0623985
OS 101.11360016 10.59776138
OS 100.78759624 10.59776138
OS 100.62098748 10.564622
OS 100.4797457 10.47024576
OS 99.44486588 9.4353634
OS 99.04999748 9.4353634
OS 99.04999748 10.04999768
OS 96.95000168 10.04999768
OS 96.95000168 7.95000188
OS 99.04999748 7.95000188
OS 99.04999748 8.56463616
OS 99.62519826 8.56463616
OS 99.79180448 8.59777554
OS 99.93304626 8.69215178
OS 100.96793116 9.72703414
OS 101.11360016 9.72703414
OS 101.11360016 9.5624015
OS 102.31359776 9.5624015
OS 102.31359776 11.0623985
OS 102.16035702 11.0623985
OS 102.16035702 11.22500168
OS 102.3249922 11.22500168
OS 102.3249922 12.72499868
OS 102.16035702 12.72499868
OS 102.16035702 12.9652014
OS 102.38899512 12.9652014
OS 102.38899512 14.3651986
OE
OB 54.32779838 10.42299922 H
OS 53.92699908 10.42299922
OS 53.92699908 9.37219868
OS 54.32779838 9.37219868
OS 54.32779838 10.42299922
OE
OB 53.67299908 10.42299922 H
OS 53.27219978 10.42299922
OS 53.27219978 9.37219868
OS 53.67299908 9.37219868
OS 53.67299908 10.42299922
OE
OB 10.94331822 10.69279802 H
OS 10.55667942 10.69279802
OS 10.17747012 10.61736764
OS 9.82026484 10.46940756
OS 9.55022982 10.28897866
OS 10.74999882 9.08920966
OS 11.94976782 10.28897612
OS 11.6797328 10.46940756
OS 11.32252752 10.61736764
OS 10.94331822 10.69279802
OE
OB 102.2027928 9.2528009 H
OS 101.8519934 9.2528009
OS 101.8519934 8.7520018
OS 102.2027928 8.7520018
OS 102.2027928 9.2528009
OE
OB 101.5979934 9.2528009 H
OS 101.247194 9.2528009
OS 101.247194 8.7520018
OS 101.5979934 8.7520018
OS 101.5979934 9.2528009
OE
OB 25.1278009 10.32299688 H
OS 24.60200312 10.32299688
OS 24.60200312 8.72219998
OS 25.1278009 8.72219998
OS 25.1278009 10.32299688
OE
OB 24.34800312 10.32299688 H
OS 23.82220026 10.32299688
OS 23.82220026 8.72219998
OS 24.34800312 8.72219998
OS 24.34800312 10.32299688
OE
OB 50.2757948 9.21399224 H
OS 49.59999224 9.21399224
OS 49.59999224 8.43819496
OS 50.2757948 8.43819496
OS 50.2757948 9.21399224
OE
OB 64.5777982 8.52779854 H
OS 62.97700892 8.52779854
OS 62.97700892 8.00199822
OS 64.5777982 8.00199822
OS 64.5777982 8.52779854
OE
OB 62.72300892 8.52779854 H
OS 61.12219932 8.52779854
OS 61.12219932 8.00199822
OS 62.72300892 8.00199822
OS 62.72300892 8.52779854
OE
OB 102.2027928 8.4980018 H
OS 101.8519934 8.4980018
OS 101.8519934 7.9972027
OS 102.2027928 7.9972027
OS 102.2027928 8.4980018
OE
OB 101.5979934 8.4980018 H
OS 101.247194 8.4980018
OS 101.247194 7.9972027
OS 101.5979934 7.9972027
OS 101.5979934 8.4980018
OE
OB 103.81359984 11.0623985 H
OS 102.61360224 11.0623985
OS 102.61360224 9.5624015
OS 102.78963186 9.5624015
OS 102.78963186 9.3750003
OS 102.62499668 9.3750003
OS 102.62499668 7.8750033
OS 103.82499428 7.8750033
OS 103.82499428 9.3750003
OS 103.6603591 9.3750003
OS 103.6603591 9.5624015
OS 103.81359984 9.5624015
OS 103.81359984 11.0623985
OE
OB 12.3089797 9.92976424 H
OS 11.1092107 8.72999778
OS 12.3089797 7.53022878
OS 12.4894086 7.8002638
OS 12.63736868 8.15746908
OS 12.71279906 8.53667838
OS 12.71279906 8.92331718
OS 12.63736868 9.30252648
OS 12.4894086 9.65973176
OS 12.3089797 9.92976424
OE
OB 9.19101794 9.92976678 H
OS 9.01058904 9.65973176
OS 8.86262896 9.30252648
OS 8.78719858 8.92331718
OS 8.78719858 8.53667838
OS 8.86262896 8.15746908
OS 9.01058904 7.8002638
OS 9.19102048 7.53022878
OS 10.39078694 8.72999778
OS 9.19101794 9.92976678
OE
OB 64.5777982 7.74799822 H
OS 62.97700892 7.74799822
OS 62.97700892 7.2221979
OS 64.5777982 7.2221979
OS 64.5777982 7.74799822
OE
OB 62.72300892 7.74799822 H
OS 61.12219932 7.74799822
OS 61.12219932 7.2221979
OS 62.72300892 7.2221979
OS 62.72300892 7.74799822
OE
OB 10.74999882 8.3707859 H
OS 9.55023236 7.1710169
OS 9.82026484 6.990588
OS 10.17747012 6.84262792
OS 10.55667942 6.76719754
OS 10.94331822 6.76719754
OS 11.32252752 6.84262792
OS 11.6797328 6.990588
OS 11.94976782 7.1710169
OS 10.74999882 8.3707859
OE
OB 106.99999936 7.8999969 H
OS 105.60000216 7.8999969
OS 105.60000216 6.6999993
OS 105.86463714 6.6999993
OS 105.86463714 6.4999997
OS 105.55000226 6.4999997
OS 105.55000226 6.33536452
OS 105.34999758 6.33536452
OS 105.34999758 6.4999997
OS 103.85000058 6.4999997
OS 103.85000058 6.33536452
OS 100.35073402 6.33536452
OS 99.8782483 6.8078477
OS 99.73700652 6.90222394
OS 99.5704003 6.93536332
OS 98.96107462 6.93536332
OS 98.84020618 7.14471266
OS 98.64471254 7.3402063
OS 98.40528452 7.47844072
OS 98.138234 7.5499976
OS 97.86176516 7.5499976
OS 97.59471464 7.47844072
OS 97.35528662 7.3402063
OS 97.15979298 7.14471266
OS 97.02155856 6.90528464
OS 96.95000168 6.63823412
OS 96.95000168 6.36176528
OS 97.02155856 6.09471476
OS 97.15979298 5.85528674
OS 97.35528662 5.6597931
OS 97.59471464 5.52155868
OS 97.86176516 5.4500018
OS 98.138234 5.4500018
OS 98.40528452 5.52155868
OS 98.64471254 5.6597931
OS 98.84020618 5.85528674
OS 98.96107462 6.06463608
OS 99.39006792 6.06463608
OS 99.8625511 5.59215036
OS 100.00379288 5.49777666
OS 100.1703991 5.46463728
OS 103.85000058 5.46463728
OS 103.85000058 5.3000021
OS 105.34999758 5.3000021
OS 105.34999758 5.46463728
OS 105.55000226 5.46463728
OS 105.55000226 5.3000021
OS 107.04999926 5.3000021
OS 107.04999926 6.4999997
OS 106.73536438 6.4999997
OS 106.73536438 6.6999993
OS 106.99999936 6.6999993
OS 106.99999936 7.8999969
OE
OB 25.1278009 7.92779466 H
OS 24.60200312 7.92779466
OS 24.60200312 6.32699268
OS 25.1278009 6.32699268
OS 25.1278009 7.92779466
OE
OB 24.34800312 7.92779466 H
OS 23.82220026 7.92779466
OS 23.82220026 6.32699268
OS 24.34800312 6.32699268
OS 24.34800312 7.92779466
OE
OB 85.26400016 7.33080068 H
OS 83.3882 7.33080068
OS 83.3882 5.55500032
OS 85.26400016 5.55500032
OS 85.26400016 7.33080068
OE
OB 83.1342 7.33080068 H
OS 81.25839984 7.33080068
OS 81.25839984 5.55500032
OS 83.1342 5.55500032
OS 83.1342 7.33080068
OE
OB 115.3828782 15.04659678 H
OS 114.1828806 15.04659678
OS 114.1828806 13.64659958
OS 114.34751832 13.64659958
OS 114.34751832 13.47159358
OS 114.13287562 13.47159358
OS 114.13287562 11.97159658
OS 114.29751334 11.97159658
OS 114.29751334 11.77159444
OS 114.13287816 11.77159444
OS 114.13287816 10.27159744
OS 114.29751588 10.27159744
OS 114.29751588 7.0499986
OS 113.95000324 7.0499986
OS 113.95000324 4.9500028
OS 116.04999904 4.9500028
OS 116.04999904 7.0499986
OS 115.16824312 7.0499986
OS 115.16824312 10.27159744
OS 115.33287576 10.27159744
OS 115.33287576 11.77159444
OS 115.16824058 11.77159444
OS 115.16824058 11.97159658
OS 115.33287322 11.97159658
OS 115.33287322 13.47159358
OS 115.21824556 13.47159358
OS 115.21824556 13.64659958
OS 115.3828782 13.64659958
OS 115.3828782 15.04659678
OE
OB 113.0599974 15.00020114 H
OS 111.8599998 15.00020114
OS 111.8599998 13.60020394
OS 112.02463498 13.60020394
OS 112.02463498 13.42159368
OS 111.9232966 13.42159368
OS 111.9232966 11.92159668
OS 112.08793178 11.92159668
OS 112.08793178 11.72159454
OS 111.92330168 11.72159454
OS 111.92330168 10.22159754
OS 112.0646349 10.22159754
OS 112.0646349 6.96107574
OS 111.85528556 6.8402073
OS 111.65979192 6.64471366
OS 111.5215575 6.40528564
OS 111.45000062 6.13823512
OS 111.45000062 5.86176628
OS 111.5215575 5.59471576
OS 111.65979192 5.35528774
OS 111.85528556 5.1597941
OS 112.09471358 5.02155968
OS 112.3617641 4.9500028
OS 112.63823294 4.9500028
OS 112.90528346 5.02155968
OS 113.14471148 5.1597941
OS 113.34020512 5.35528774
OS 113.47843954 5.59471576
OS 113.54999642 5.86176628
OS 113.54999642 6.13823512
OS 113.47843954 6.40528564
OS 113.34020512 6.64471366
OS 113.14471148 6.8402073
OS 112.93536214 6.96107574
OS 112.93536214 10.22159754
OS 113.12329928 10.22159754
OS 113.12329928 11.72159454
OS 112.95865902 11.72159454
OS 112.95865902 11.92159668
OS 113.1232942 11.92159668
OS 113.1232942 13.42159368
OS 112.89536222 13.42159368
OS 112.89536222 13.60020394
OS 113.0599974 13.60020394
OS 113.0599974 15.00020114
OE
OB 102.02780204 5.17780016 H
OS 101.67700264 5.17780016
OS 101.67700264 4.67700106
OS 102.02780204 4.67700106
OS 102.02780204 5.17780016
OE
OB 101.42300264 5.17780016 H
OS 101.07220324 5.17780016
OS 101.07220324 4.67700106
OS 101.42300264 4.67700106
OS 101.42300264 5.17780016
OE
OB 106.92779986 4.87780076 H
OS 106.42699568 4.87780076
OS 106.42699568 4.52700644
OS 106.92779986 4.52700644
OS 106.92779986 4.87780076
OE
OB 106.17299568 4.87780076 H
OS 105.67220166 4.87780076
OS 105.67220166 4.52700644
OS 106.17299568 4.52700644
OS 106.17299568 4.87780076
OE
OB 25.1278009 6.07299268 H
OS 24.60200312 6.07299268
OS 24.60200312 4.47219578
OS 25.1278009 4.47219578
OS 25.1278009 6.07299268
OE
OB 24.34800312 6.07299268 H
OS 23.82220026 6.07299268
OS 23.82220026 4.47219578
OS 24.34800312 4.47219578
OS 24.34800312 6.07299268
OE
OB 122.10637504 5.80799956 H
OS 121.89362464 5.80799956
OS 121.6881234 5.7529349
OS 121.50387688 5.6465597
OS 121.3534403 5.49612312
OS 121.2470651 5.3118766
OS 121.19200044 5.10637536
OS 121.19200044 4.89362496
OS 121.2470651 4.68812372
OS 121.3534403 4.5038772
OS 121.50387688 4.35344062
OS 121.6881234 4.24706542
OS 121.89362464 4.19200076
OS 122.10637504 4.19200076
OS 122.31187628 4.24706542
OS 122.4961228 4.35344062
OS 122.64655938 4.5038772
OS 122.75293458 4.68812372
OS 122.80799924 4.89362496
OS 122.80799924 5.10637536
OS 122.75293458 5.3118766
OS 122.64655938 5.49612312
OS 122.4961228 5.6465597
OS 122.31187628 5.7529349
OS 122.10637504 5.80799956
OE
OB 18.10637476 5.80799956 H
OS 17.89362436 5.80799956
OS 17.68812312 5.7529349
OS 17.5038766 5.6465597
OS 17.35344002 5.49612312
OS 17.24706482 5.3118766
OS 17.19200016 5.10637536
OS 17.19200016 4.89362496
OS 17.24706482 4.68812372
OS 17.35344002 4.5038772
OS 17.5038766 4.35344062
OS 17.68812312 4.24706542
OS 17.89362436 4.19200076
OS 18.10637476 4.19200076
OS 18.311876 4.24706542
OS 18.49612252 4.35344062
OS 18.6465591 4.5038772
OS 18.7529343 4.68812372
OS 18.80799896 4.89362496
OS 18.80799896 5.10637536
OS 18.7529343 5.3118766
OS 18.6465591 5.49612312
OS 18.49612252 5.6465597
OS 18.311876 5.7529349
OS 18.10637476 5.80799956
OE
OB 106.92779986 4.27300644 H
OS 106.42699568 4.27300644
OS 106.42699568 3.92220196
OS 106.92779986 3.92220196
OS 106.92779986 4.27300644
OE
OB 106.17299568 4.27300644 H
OS 105.67220166 4.27300644
OS 105.67220166 3.92220196
OS 106.17299568 3.92220196
OS 106.17299568 4.27300644
OE
OB 102.02780204 4.42300106 H
OS 101.67700264 4.42300106
OS 101.67700264 3.92220196
OS 102.02780204 3.92220196
OS 102.02780204 4.42300106
OE
OB 101.42300264 4.42300106 H
OS 101.07220324 4.42300106
OS 101.07220324 3.92220196
OS 101.42300264 3.92220196
OS 101.42300264 4.42300106
OE
OB 103.65000098 5.29999956 H
OS 102.45000338 5.29999956
OS 102.45000338 3.80000256
OS 103.65000098 3.80000256
OS 103.65000098 4.00963638
OS 103.85000058 4.00963638
OS 103.85000058 3.80000256
OS 105.34999758 3.80000256
OS 105.34999758 5.00000016
OS 103.85000058 5.00000016
OS 103.85000058 4.88036362
OS 103.65000098 4.88036362
OS 103.65000098 5.29999956
OE
OB 85.26400016 5.30100032 H
OS 83.3882 5.30100032
OS 83.3882 3.52519996
OS 85.26400016 3.52519996
OS 85.26400016 5.30100032
OE
OB 83.1342 5.30100032 H
OS 81.25839984 5.30100032
OS 81.25839984 3.52519996
OS 83.1342 3.52519996
OS 83.1342 5.30100032
OE
OB 141.19205696 5.94999826 H
OS 140.80794292 5.94999826
OS 140.43120504 5.87506064
OS 140.07632894 5.72806576
OS 139.7569468 5.51466258
OS 139.48533698 5.24305276
OS 139.2719338 4.92367062
OS 139.12493892 4.56879452
OS 139.0500013 4.19205664
OS 139.0500013 3.8079426
OS 139.12493892 3.43120472
OS 139.2719338 3.07632862
OS 139.48533698 2.75694648
OS 139.7569468 2.48533666
OS 140.07632894 2.27193348
OS 140.43120504 2.1249386
OS 140.80794292 2.05000098
OS 141.19205696 2.05000098
OS 141.56879484 2.1249386
OS 141.92367094 2.27193348
OS 142.24305308 2.48533666
OS 142.5146629 2.75694648
OS 142.72806608 3.07632862
OS 142.87506096 3.43120472
OS 142.94999858 3.8079426
OS 142.94999858 4.19205664
OS 142.87506096 4.56879452
OS 142.72806608 4.92367062
OS 142.5146629 5.24305276
OS 142.24305308 5.51466258
OS 141.92367094 5.72806576
OS 141.56879484 5.87506064
OS 141.19205696 5.94999826
OE
OB 4.19205664 5.94999826 H
OS 3.8079426 5.94999826
OS 3.43120472 5.87506064
OS 3.07632862 5.72806576
OS 2.75694648 5.51466258
OS 2.48533666 5.24305276
OS 2.27193348 4.92367062
OS 2.1249386 4.56879452
OS 2.05000098 4.19205664
OS 2.05000098 3.8079426
OS 2.1249386 3.43120472
OS 2.27193348 3.07632862
OS 2.48533666 2.75694648
OS 2.75694648 2.48533666
OS 3.07632862 2.27193348
OS 3.43120472 2.1249386
OS 3.8079426 2.05000098
OS 4.19205664 2.05000098
OS 4.56879452 2.1249386
OS 4.92367062 2.27193348
OS 5.24305276 2.48533666
OS 5.51466258 2.75694648
OS 5.72806576 3.07632862
OS 5.87506064 3.43120472
OS 5.94999826 3.8079426
OS 5.94999826 4.19205664
OS 5.87506064 4.56879452
OS 5.72806576 4.92367062
OS 5.51466258 5.24305276
OS 5.24305276 5.51466258
OS 4.92367062 5.72806576
OS 4.56879452 5.87506064
OS 4.19205664 5.94999826
OE
SE
S P 0
OB 20.3708 36.77014744 I
OS 20.37079746 36.01719746
OS 20.88988202 35.49811544
OS 20.85031644 35.3713034
OS 20.8426685 35.36572048
OS 20.701 35.39390178
OS 20.61309822 35.39390178
OS 20.1422 35.8648
OS 19.63180224 35.8648
OS 19.63180224 36.56879656
OS 19.63180478 36.56879656
OS 19.62841896 36.6957991
OS 19.6531992 36.75562626
OS 19.6531992 36.95517374
OS 19.62478168 37.02378168
OS 19.7612 37.1602
OS 19.98074744 37.1602
OS 20.3708 36.77014744
OE
SE
S P 0
OB 20.9042 40.0812 I
OS 20.9042 39.116
OS 21.3868 38.6334
OS 21.69159746 38.6334
OS 21.76779746 38.5572
OS 21.76779746 38.37939492
OS 21.69159746 38.30319746
OS 21.1582 38.30319492
OS 20.57400254 38.8874
OS 20.54139656 38.8874
OS 20.54139656 39.01440254
OS 20.21359432 39.01440254
OS 20.21359432 39.26840254
OS 20.54139656 39.26840254
OS 20.54139656 39.4691997
OS 20.21124482 39.4691997
OS 20.1168 39.54780254
OS 20.1168 40.0812
OS 20.2946 40.259
OS 20.7264 40.259
OS 20.9042 40.0812
OE
SE
S P 0
OB 21.717 35.38219746 I
OS 21.7678 35.33139746
OS 21.7678 35.1282
OS 21.717 35.0774
OS 21.5392 35.0774
OS 21.51379746 35.1028
OS 21.1490941 35.1028
OS 21.13768188 35.1198815
OS 21.02534276 35.23222316
OS 21.0803744 35.35679746
OS 21.4884 35.35679746
OS 21.5138 35.3822
OS 21.717 35.38219746
OE
SE
S P 0
OB 25.01899492 19.27860254 I
OS 26.72079492 19.27859746
OS 26.89552914 19.10387086
OS 26.89552914 18.79600254
OS 26.924 18.65286592
OS 26.924 18.05939746
OS 26.77159492 17.907
OS 25.01899492 17.90699746
OS 24.7142 17.6022
OS 24.7142 16.6116
OS 24.1046 16.002
OS 22.5806 16.002
OS 21.971 16.6116
OS 21.971 18.8214
OS 22.6314 19.4818
OS 22.8458014 19.4818
OS 22.8458014 18.9112017
OS 24.6013986 18.9112017
OS 24.6013986 19.4818
OS 24.8158 19.4818
OS 25.01899492 19.27860254
OE
OB 26.7111988 19.0705994 H
OS 26.0604 19.0705994
OS 26.0604 18.7198
OS 26.7111988 18.7198
OS 26.7111988 19.0705994
OE
OB 25.8064 19.0705994 H
OS 25.1556012 19.0705994
OS 25.1556012 18.7198
OS 25.8064 18.7198
OS 25.8064 19.0705994
OE
OB 26.7111988 18.4658 H
OS 26.0604 18.4658
OS 26.0604 18.1150006
OS 26.7111988 18.1150006
OS 26.7111988 18.4658
OE
OB 25.8064 18.4658 H
OS 25.1556012 18.4658
OS 25.1556012 18.1150006
OS 25.8064 18.1150006
OS 25.8064 18.4658
OE
OB 24.6013986 18.6572017 H
OS 23.8506 18.6572017
OS 23.8506 18.0064029
OS 24.6013986 18.0064029
OS 24.6013986 18.6572017
OE
OB 23.5966 18.6572017 H
OS 22.8458014 18.6572017
OS 22.8458014 18.0064029
OS 23.5966 18.0064029
OS 23.5966 18.6572017
OE
SE
S P 0
OB 25.8675886 40.64971042 I
OS 25.8669282 40.6463881
OS 25.8669282 40.44864656
OS 25.7399282 40.399843
OS 25.63333456 40.50643664
OS 25.44897374 40.5827992
OS 25.24942626 40.5827992
OS 25.2035564 40.5638
OS 24.79416682 40.5638
OS 24.68697374 40.6081992
OS 24.48742626 40.6081992
OS 24.43240224 40.58540778
OS 24.3053997 40.65489964
OS 24.3053997 40.72100314
OS 24.1046 40.72100314
OS 24.1046 40.48005874
OS 24.13 40.41139746
OS 24.13 40.31356682
OS 24.0856008 40.20637374
OS 24.0856008 40.00682626
OS 24.16196336 39.82246544
OS 24.30306544 39.68136336
OS 24.48742626 39.6050008
OS 24.56346116 39.6050008
OS 24.765 39.3954
OS 24.765 38.9636
OS 24.6888 38.8874
OS 24.511 38.8874
OS 24.4348 38.9636
OS 24.4348 39.0906
OS 24.4856 39.1414
OS 24.4856 39.2938
OS 24.4094 39.37
OS 23.241 39.37
OS 23.1394 39.2684
OS 23.1394 39.1414
OS 23.1648 39.0906
OS 23.1648 38.989
OS 23.0886 38.9128
OS 22.9362 38.9128
OS 22.8854 38.9636
OS 22.8854 39.0906
OS 22.9108 39.1414
OS 22.9108 40.3352
OS 22.91054092 40.33539304
OS 22.91054092 40.89374092
OS 22.9108 40.894
OS 23.02690848 40.9956
OS 23.6498003 40.9956
OS 23.6498003 40.97500314
OS 24.3053997 40.97500314
OS 24.3053997 40.9956
OS 25.50522458 40.9956
OS 25.8675886 40.64971042
OE
OB 23.8506 40.72100314 H
OS 23.6498003 40.72100314
OS 23.6498003 40.52020344
OS 23.8506 40.52020344
OS 23.8506 40.72100314
OE
SE
S P 0
OB 27.0280003 40.6786969 I
OS 27.0280003 40.5202009
OS 27.02799776 40.5202009
OS 26.99950912 40.4049992
OS 26.92582626 40.4049992
OS 26.7910945 40.34919286
OS 26.72347208 40.36735132
OS 26.68161796 40.39603046
OS 26.65901196 40.4214838
OS 26.66020576 40.45423456
OS 26.79043664 40.58446544
OS 26.84892522 40.7256742
OS 26.90099776 40.75408156
OS 27.0280003 40.6786969
OE
SE
S P 0
OB 28.1432 34.9758 I
OS 29.1236019 34.9758
OS 29.13906288 34.95266314
OS 29.27190234 34.8639003
OS 29.42860002 34.83273196
OS 29.93726804 34.83273196
OS 30.1244 34.6456
OS 30.1244 33.9827997
OS 30.1244 33.9827997
OS 30.1244 33.655
OS 30.1244 33.3272003
OS 30.1473997 33.3272003
OS 30.1473997 33.2050009
OS 30.27542586 33.2050009
OS 30.3784 33.10202676
OS 30.37839746 32.74059746
OS 30.2514 32.6136
OS 29.54019746 32.6136
OS 29.3878 32.766
OS 29.3878 32.893
OS 29.2608 33.02
OS 28.0162 33.02
OS 27.8638 33.1724
OS 27.8638 33.3248
OS 27.8892 33.3502
OS 27.8892 33.6296
OS 27.8638 33.655
OS 27.8638 33.782
OS 27.8892 33.8074
OS 29.28619746 33.8074
OS 29.4132 33.9344
OS 29.4132 34.6456
OS 27.94 34.6456
OS 27.8638 34.7218
OS 27.8638 34.9504
OS 27.94 35.0266
OS 28.0924 35.0266
OS 28.1432 34.9758
OE
OB 29.8704 33.9827997 H
OS 29.6696003 33.9827997
OS 29.6696003 33.782
OS 29.8704 33.782
OS 29.8704 33.9827997
OE
OB 29.8704 33.528 H
OS 29.6696003 33.528
OS 29.6696003 33.3272003
OS 29.8704 33.3272003
OS 29.8704 33.528
OE
SE
S P 0
OB 28.16937216 36.12087264 I
OS 28.13755612 35.99387264
OS 28.0306018 35.99387264
OS 27.99080254 35.98595546
OS 27.8638 36.08776628
OS 27.8638 36.10609492
OS 27.92306328 36.195
OS 28.09639288 36.195
OS 28.16937216 36.12087264
OE
SE
S P 0
OB 28.321 41.4782 I
OS 28.321 41.1226
OS 27.8384 40.64
OS 27.8384 39.2938
OS 27.5844 39.03980254
OS 27.47079088 38.95838538
OS 27.3827748 39.04270322
OS 27.3827748 39.2699748
OS 27.45739746 39.34459746
OS 27.45739746 39.63510488
OS 27.5271992 39.80362626
OS 27.5271992 40.00317374
OS 27.45083664 40.18753456
OS 27.30973456 40.32863664
OS 27.15386492 40.39319836
OS 27.17912776 40.52019836
OS 27.2288 40.52019836
OS 27.2288 40.84799806
OS 27.3558 40.84799806
OS 27.3558 40.97499806
OS 27.6835997 40.97499806
OS 27.6835997 40.99799776
OS 27.8057991 40.99799776
OS 27.8057991 41.5725991
OS 27.8638 41.6306
OS 28.1686 41.6306
OS 28.321 41.4782
OE
OB 27.6835997 40.72099806 H
OS 27.4828 40.72099806
OS 27.4828 40.52019836
OS 27.6835997 40.52019836
OS 27.6835997 40.72099806
OE
SE
S P 0
OB 30.353 38.6660517 I
OS 30.35299492 38.25874238
OS 30.0228 38.01109492
OS 30.0228 37.6863991
OS 30.02039462 37.6863991
OS 30.02039462 37.5641997
OS 29.9974 37.5641997
OS 29.9974 37.2364
OS 29.9974 36.9086003
OS 30.02039462 36.9086003
OS 30.02039462 36.7864009
OS 30.0228 36.7864009
OS 30.0228 36.51682816
OS 29.93646032 36.45913714
OS 29.52899352 36.0516678
OS 29.44459948 36.0516678
OS 29.2879018 36.02049946
OS 29.24805174 35.99387264
OS 28.41490634 35.99387264
OS 28.4099 36.11880254
OS 28.5496 36.3982
OS 28.5496 36.9062
OS 28.3972 37.1348
OS 28.1432 37.1348
OS 28.1178 37.1094
OS 27.94 37.1094
OS 27.8892 37.1602
OS 27.8892 37.3253
OS 27.93153164 37.3888
OS 28.0924 37.3888
OS 28.1432 37.338
OS 28.3718 37.338
OS 28.448 37.3888
OS 28.448 37.8206
OS 28.3718 37.9222
OS 28.1686 37.9222
OS 28.1432 37.8968
OS 27.94 37.8968
OS 27.8638 37.973
OS 27.8638 38.1762
OS 27.9146 38.227
OS 28.0416 38.227
OS 28.1178 38.1762
OS 29.3878 38.2016
OS 29.6926 38.3794
OS 29.6926 38.6842
OS 29.845 38.8112
OS 30.1498 38.8112
OS 30.353 38.6660517
OE
OB 29.7434 37.5641997 H
OS 29.5426003 37.5641997
OS 29.5426003 37.3634
OS 29.7434 37.3634
OS 29.7434 37.5641997
OE
OB 29.7434 37.1094 H
OS 29.5426003 37.1094
OS 29.5426003 36.9086003
OS 29.7434 36.9086003
OS 29.7434 37.1094
OE
SE
S P 0
OB 37.2618 7.89939746 I
OS 37.2618 5.94360254
OS 37.79519746 5.41019492
OS 41.37659746 5.41019746
OS 42.26559746 4.5212
OS 44.7294 4.52119746
OS 45.0088 4.80059746
OS 45.0088 6.7818
OS 44.94600104 6.7818
OS 44.94600104 6.8829936
OS 43.2562 6.8829936
OS 43.2562 7.55028208
OS 43.33525496 7.56600722
OS 43.36068798 7.58299982
OS 44.68131272 7.58299982
OS 44.70674828 7.56600468
OS 44.82380164 7.5427205
OS 45.5432795 7.5427205
OS 45.974 7.112
OS 45.974 3.8354
OS 45.6946 3.556
OS 32.7914 3.55599746
OS 32.31985408 4.02754592
OS 32.31985408 7.96125408
OS 32.8168 8.45819746
OS 36.70299746 8.4582
OS 37.2618 7.89939746
OE
OB 36.90179564 7.53879874 H
OS 35.15100158 7.53879874
OS 35.15100158 6.21300002
OS 36.90179564 6.21300002
OS 36.90179564 7.53879874
OE
OB 34.89700158 7.53879874 H
OS 33.14619736 7.53879874
OS 33.14619736 6.21300002
OS 34.89700158 6.21300002
OS 34.89700158 7.53879874
OE
OB 40.32800164 5.23960344 H
OS 39.8272 5.23960344
OS 39.8272 4.88880658
OS 40.32800164 4.88880658
OS 40.32800164 5.23960344
OE
OB 39.5732 5.23960344 H
OS 39.07240344 5.23960344
OS 39.07240344 4.88880658
OS 39.5732 4.88880658
OS 39.5732 5.23960344
OE
OB 36.90179564 5.95900002 H
OS 35.15100158 5.95900002
OS 35.15100158 4.6332013
OS 36.90179564 4.6332013
OS 36.90179564 5.95900002
OE
OB 34.89700158 5.95900002 H
OS 33.14619736 5.95900002
OS 33.14619736 4.6332013
OS 34.89700158 4.6332013
OS 34.89700158 5.95900002
OE
OB 40.32800164 4.63480658 H
OS 39.8272 4.63480658
OS 39.8272 4.28400464
OS 40.32800164 4.28400464
OS 40.32800164 4.63480658
OE
OB 39.5732 4.63480658 H
OS 39.07240344 4.63480658
OS 39.07240344 4.28400464
OS 39.5732 4.28400464
OS 39.5732 4.63480658
OE
SE
S P 0
OB 4.90000036 34.10000038 I
OS 2.00000108 34.10000038
OS 2.00000108 35.89999932
OS 4.90000036 35.89999932
OS 4.90000036 34.10000038
OE
SE
S P 0
OB 40.9956 24.46019746 I
OS 40.9956 22.4536
OS 40.74159238 22.19959238
OS 39.11599746 22.1996
OS 38.7858 22.52979746
OS 37.31260508 22.52979746
OS 37.0078 22.22499238
OS 37.00779238 20.77719238
OS 36.90976362 20.67916362
OS 36.80409962 20.67916362
OS 36.7134013 20.76680124
OS 36.71339876 20.80616616
OS 36.71339876 21.41760004
OS 36.23559936 21.41760004
OS 35.75779996 21.41760004
OS 35.75779742 20.7750029
OS 35.75637248 20.75773852
OS 35.74019268 20.65493964
OS 35.6279704 20.60762706
OS 35.50919492 20.72640254
OS 35.50919746 24.12999746
OS 35.8648 24.4856
OS 36.8666014 24.4856
OS 36.8666014 23.8642017
OS 38.6221986 23.8642017
OS 38.6221986 24.4856
OS 38.9128 24.4856
OS 39.1414 24.7142
OS 40.74159746 24.7142
OS 40.9956 24.46019746
OE
OB 38.6221986 23.6102017 H
OS 37.8714 23.6102017
OS 37.8714 22.9594029
OS 38.6221986 22.9594029
OS 38.6221986 23.6102017
OE
OB 37.6174 23.6102017 H
OS 36.8666014 23.6102017
OS 36.8666014 22.9594029
OS 37.6174 22.9594029
OS 37.6174 23.6102017
OE
OB 36.71339876 22.32239884 H
OS 36.36259936 22.32239884
OS 36.36259936 21.67160004
OS 36.71339876 21.67160004
OS 36.71339876 22.32239884
OE
OB 36.10859936 22.32239884 H
OS 35.75779996 22.32239884
OS 35.75779996 21.67160004
OS 36.10859936 21.67160004
OS 36.10859936 22.32239884
OE
SE
S P 0
OB 42.3538015 9.06400016 I
OS 42.7926119 9.06400016
OS 42.84522038 8.93700016
OS 42.78591646 8.87769116
OS 42.78590884 8.87768608
OS 42.71960214 8.77844574
OS 42.69631796 8.66139238
OS 42.6963205 8.66137968
OS 42.69632304 7.8486
OS 42.71960722 7.73154664
OS 42.78591138 7.63231138
OS 42.88514664 7.56600722
OS 42.95085136 7.55293638
OS 42.95032304 7.55028208
OS 42.95032304 6.8829936
OS 42.97360722 6.76594024
OS 43.03991138 6.66670498
OS 43.13914664 6.60040082
OS 43.2182016 6.58467568
OS 43.2182016 6.4099948
OS 44.0210067 6.4099948
OS 44.0210067 6.2829948
OS 44.1480067 6.2829948
OS 44.1480067 5.8051954
OS 44.70292304 5.8051954
OS 44.70292304 4.9272952
OS 44.60269972 4.82707442
OS 42.3922952 4.82707696
OS 41.66337108 5.55600108
OS 41.71597702 5.68300108
OS 42.44599842 5.68300108
OS 42.44599842 6.88299868
OS 42.44599588 6.88299868
OS 42.44599588 7.58299982
OS 42.44599842 7.58299982
OS 42.44599842 8.78299742
OS 41.80936266 8.78299742
OS 41.80936266 9.05800068
OS 42.12399754 9.05800068
OS 42.12399754 9.2256356
OS 42.3538015 9.2256356
OS 42.3538015 9.06400016
OE
OB 43.8940067 6.1559948 H
OS 43.2182016 6.1559948
OS 43.2182016 5.8051954
OS 43.8940067 5.8051954
OS 43.8940067 6.1559948
OE
SE
S P 0
OB 48.2067997 10.37079714 I
OS 48.14330224 10.24379714
OS 47.90000072 10.24379714
OS 47.90000072 9.34099986
OS 47.90000072 8.4381975
OS 48.25186184 8.4381975
OS 48.30046474 8.32086474
OS 48.1076 8.128
OS 48.1076 6.7322319
OS 48.10440722 6.72745416
OS 48.08112304 6.6104008
OS 48.08112304 6.5267205
OS 47.90439746 6.35
OS 46.76140254 6.34999492
OS 46.55819492 6.5532
OS 46.55819746 7.26440254
OS 45.974 7.84859746
OS 44.82380164 7.84859746
OS 44.82380164 8.05599862
OS 44.0210067 8.05599862
OS 43.2182016 8.05599862
OS 43.2182016 7.8486
OS 43.0022 7.8486
OS 43.00219746 8.66139746
OS 43.12919238 8.78839746
OS 43.84039492 8.78839492
OS 43.96739746 8.91539746
OS 43.9674 10.10918984
OS 44.17059238 10.3124
OS 45.4914 10.31239746
OS 45.64379746 10.15999746
OS 46.63439746 10.15999746
OS 46.88839746 10.41399492
OS 48.17439692 10.41399746
OS 48.2067997 10.37079714
OE
OB 45.45879656 10.1164009 H
OS 44.958 10.1164009
OS 44.958 9.76560404
OS 45.45879656 9.76560404
OS 45.45879656 10.1164009
OE
OB 44.704 10.1164009 H
OS 44.20319836 10.1164009
OS 44.20319836 9.76560404
OS 44.704 9.76560404
OS 44.704 10.1164009
OE
OB 47.64600072 10.24379714 H
OS 46.97019816 10.24379714
OS 46.97019816 9.46799986
OS 47.64600072 9.46799986
OS 47.64600072 10.24379714
OE
OB 45.45879656 9.51160404 H
OS 44.958 9.51160404
OS 44.958 9.1608021
OS 45.45879656 9.1608021
OS 45.45879656 9.51160404
OE
OB 44.704 9.51160404 H
OS 44.20319836 9.51160404
OS 44.20319836 9.1608021
OS 44.704 9.1608021
OS 44.704 9.51160404
OE
OB 47.64600072 9.21399986 H
OS 46.97019816 9.21399986
OS 46.97019816 8.4381975
OS 47.64600072 8.4381975
OS 47.64600072 9.21399986
OE
OB 44.82380164 8.66079802 H
OS 44.1480067 8.66079802
OS 44.1480067 8.30999862
OS 44.82380164 8.30999862
OS 44.82380164 8.66079802
OE
OB 43.8940067 8.66079802 H
OS 43.2182016 8.66079802
OS 43.2182016 8.30999862
OS 43.8940067 8.30999862
OS 43.8940067 8.66079802
OE
OB 47.93619826 7.7659992 H
OS 47.58539632 7.7659992
OS 47.58539632 7.31519746
OS 47.93619826 7.31519746
OS 47.93619826 7.7659992
OE
OB 47.33139632 7.7659992 H
OS 46.98059946 7.7659992
OS 46.98059946 7.31519746
OS 47.33139632 7.31519746
OS 47.33139632 7.7659992
OE
OB 47.93619826 7.06119746 H
OS 47.58539632 7.06119746
OS 47.58539632 6.6104008
OS 47.93619826 6.6104008
OS 47.93619826 7.06119746
OE
OB 47.33139632 7.06119746 H
OS 46.98059946 7.06119746
OS 46.98059946 6.6104008
OS 47.33139632 6.6104008
OS 47.33139632 7.06119746
OE
SE
S P 0
OB 50.3500009 15.94768718 I
OS 50.3500009 15.19999754
OS 51.6389366 15.19999754
OS 51.70949526 15.09439958
OS 51.6954008 15.06037374
OS 51.6954008 14.86082626
OS 51.77176336 14.67646544
OS 51.86642408 14.58180472
OS 51.88438442 14.42015912
OS 51.66389972 14.19967696
OS 48.38669774 14.19967696
OS 48.29117596 14.29520128
OS 48.2978206 14.42220128
OS 48.97299832 14.42220128
OS 48.97299832 15.20000008
OS 49.09999832 15.20000008
OS 49.09999832 15.32700008
OS 49.97779692 15.32700008
OS 49.97779692 15.915259
OS 50.0986044 15.99275186
OS 50.10479438 15.99151996
OS 50.22185028 16.0148016
OS 50.2230009 16.01556868
OS 50.3500009 15.94768718
OE
OB 49.97779692 15.07300008 H
OS 49.22699832 15.07300008
OS 49.22699832 14.42220128
OS 49.97779692 14.42220128
OS 49.97779692 15.07300008
OE
SE
S P 0
OB 50.9778 7.82319746 I
OS 51.43499746 7.36599746
OS 51.435 5.8928
OS 51.1048 5.5626
OS 50.2412 5.5626
OS 49.68239746 6.1214
OS 48.71719746 6.12139746
OS 48.387 6.45159746
OS 48.387 6.6104008
OS 48.73140368 6.6104008
OS 48.73140368 7.1882
OS 48.85840368 7.1882
OS 48.85840368 7.3152
OS 49.33620308 7.3152
OS 49.33620308 7.69619746
OS 49.4395125 7.8232
OS 50.9778 7.82319746
OE
OB 49.33620308 7.0612 H
OS 48.98540368 7.0612
OS 48.98540368 6.6104008
OS 49.33620308 6.6104008
OS 49.33620308 7.0612
OE
SE
S P 0
OB 51.94299492 21.66619492 I
OS 51.94300254 16.78940254
OS 51.7652 16.6116
OS 50.419 16.6116
OS 50.10479692 16.29739692
OS 49.97779692 16.35000286
OS 49.97779692 16.77299668
OS 49.09999832 16.77299668
OS 48.22219972 16.77299668
OS 48.22219972 16.20519746
OS 47.9806 16.20519746
OS 47.9806 14.1732
OS 48.26 13.8938
OS 51.7906 13.8938
OS 52.38296356 14.48616356
OS 52.39271462 14.48810412
OS 52.5586325 14.5989675
OS 52.66949588 14.76488538
OS 52.67143644 14.77463644
OS 53.19879886 15.30199886
OS 53.58799798 15.30199886
OS 53.58799798 15.56313118
OS 54.3955986 15.56313118
OS 54.4351591 15.5710001
OS 54.81900136 15.5710001
OS 54.81900136 15.04599734
OS 54.6939978 15.04599734
OS 54.6939978 14.8082
OS 53.975 14.8082
OS 52.2224 13.0556
OS 46.228 13.0556
OS 45.3898 13.8938
OS 42.90060508 13.8938
OS 40.76480798 11.75799782
OS 40.62400054 11.75799782
OS 40.62400054 11.61719038
OS 40.46220508 11.45539492
OS 38.3032 11.4554
OS 37.7952 10.9474
OS 37.7952 10.0838
OS 37.3126 9.6012
OS 32.5374 9.6012
OS 29.9466 7.0104
OS 29.9466 4.3434
OS 29.36239746 3.75919492
OS 27.1272 3.7592
OS 26.5938 4.2926
OS 26.6192 4.318
OS 26.6192 12.2174
OS 27.5082 13.1064
OS 27.5082 13.54719922
OS 28.02299704 13.54719922
OS 28.02299704 14.45000158
OS 28.02299704 15.35279886
OS 27.68533452 15.35279886
OS 27.63673162 15.47013162
OS 27.76220508 15.59560508
OS 27.76220254 17.55139238
OS 27.30500254 18.00859238
OS 27.30499492 20.87879746
OS 27.6606 21.2344
OS 29.28619746 21.2344
OS 29.5148 21.00579746
OS 29.5148 20.1168
OS 29.33340082 20.1168
OS 29.33340082 20.14279944
OS 29.21119888 20.14279944
OS 29.21119888 20.36580128
OS 28.43340008 20.36580128
OS 27.65560128 20.36580128
OS 27.65560128 20.14279944
OS 27.53340442 20.14279944
OS 27.53340442 18.94280184
OS 27.65560128 18.94280184
OS 27.65560128 18.7198
OS 28.43340008 18.7198
OS 29.21119888 18.7198
OS 29.21119888 18.8529976
OS 29.2874954 18.92929412
OS 29.33819888 18.9396624
OS 29.43333712 18.87746288
OS 29.6672 18.6436
OS 29.6672 17.78
OS 30.099 17.3482
OS 30.1244 17.3736
OS 34.8996 17.3736
OS 35.3568 17.8308
OS 35.35679746 19.86279746
OS 35.8648 20.3708
OS 38.481 20.3708
OS 38.9128 19.939
OS 38.9128 18.32918864
OS 38.70440824 18.32355746
OS 38.61340004 18.41213996
OS 38.61340004 18.91759996
OS 38.13560064 18.91759996
OS 38.13560064 19.04459996
OS 38.00860064 19.04459996
OS 38.00860064 19.82239876
OS 37.7855988 19.82239876
OS 37.7855988 19.94459562
OS 37.56100438 19.94459562
OS 37.5412 19.9644
OS 36.8046 19.9644
OS 36.78479562 19.94459562
OS 36.5856012 19.94459562
OS 36.5856012 19.82239876
OS 36.36259936 19.82239876
OS 36.36259936 19.04459996
OS 36.36259936 18.26680116
OS 36.576 18.26680116
OS 36.576 17.7727991
OS 36.25779896 17.7727991
OS 36.25779896 17.145
OS 36.25779896 16.5172009
OS 36.576 16.5172009
OS 36.576 16.4846
OS 36.8046 16.256
OS 36.8046 15.93959982
OS 36.25940424 15.93959982
OS 36.25940424 15.03680254
OS 36.25940424 14.13400018
OS 36.8046 14.13400018
OS 36.8046 13.81759746
OS 37.4142 13.208
OS 39.5732 13.208
OS 41.90999746 15.5448
OS 43.1546 15.5448
OS 45.5041 17.8943
OS 46.99 17.8943
OS 47.4472 18.3515
OS 47.4472 20.4216
OS 47.89620088 20.87060088
OS 48.02320088 20.81799494
OS 48.02320088 20.37399786
OS 49.77879808 20.37399786
OS 49.77879808 20.955
OS 49.9618 20.955
OS 50.0888 21.082
OS 50.08879746 21.84399746
OS 50.31739746 22.0726
OS 51.5366 22.0726
OS 51.94299492 21.66619492
OE
OB 51.3927979 21.89379924 H
OS 50.99199606 21.89379924
OS 50.99199606 20.84299616
OS 51.3927979 20.84299616
OS 51.3927979 21.89379924
OE
OB 50.73799606 21.89379924 H
OS 50.3371993 21.89379924
OS 50.3371993 20.84299616
OS 50.73799606 20.84299616
OS 50.73799606 21.89379924
OE
OB 29.21119888 20.97060068 H
OS 28.56040008 20.97060068
OS 28.56040008 20.61980128
OS 29.21119888 20.61980128
OS 29.21119888 20.97060068
OE
OB 28.30640008 20.97060068 H
OS 27.65560128 20.97060068
OS 27.65560128 20.61980128
OS 28.30640008 20.61980128
OS 28.30640008 20.97060068
OE
OB 28.43340008 20.36580128 H
OS 28.43340008 20.49280128
OS 28.43340008 20.49280128
OS 28.43340008 20.36580128
OE
OB 51.3927979 20.58899616 H
OS 50.99199606 20.58899616
OS 50.99199606 19.53819816
OS 51.3927979 19.53819816
OS 51.3927979 20.58899616
OE
OB 50.73799606 20.58899616 H
OS 50.3371993 20.58899616
OS 50.3371993 19.53819816
OS 50.73799606 19.53819816
OS 50.73799606 20.58899616
OE
OB 49.77879808 20.11999786 H
OS 49.02799948 20.11999786
OS 49.02799948 19.46919906
OS 49.77879808 19.46919906
OS 49.77879808 20.11999786
OE
OB 48.77399948 20.11999786 H
OS 48.02320088 20.11999786
OS 48.02320088 19.46919906
OS 48.77399948 19.46919906
OS 48.77399948 20.11999786
OE
OB 38.61340004 19.82239876 H
OS 38.26260064 19.82239876
OS 38.26260064 19.17159996
OS 38.61340004 19.17159996
OS 38.61340004 19.82239876
OE
OB 36.10859936 19.82239876 H
OS 35.75779996 19.82239876
OS 35.75779996 19.17159996
OS 36.10859936 19.17159996
OS 36.10859936 19.82239876
OE
OB 36.10859936 18.91759996 H
OS 35.75779996 18.91759996
OS 35.75779996 18.26680116
OS 36.10859936 18.26680116
OS 36.10859936 18.91759996
OE
OB 29.21119888 18.4658 H
OS 28.56040008 18.4658
OS 28.56040008 18.1150006
OS 29.21119888 18.1150006
OS 29.21119888 18.4658
OE
OB 28.30640008 18.4658 H
OS 27.65560128 18.4658
OS 27.65560128 18.1150006
OS 28.30640008 18.1150006
OS 28.30640008 18.4658
OE
OB 51.7277985 17.77779528 H
OS 51.2269994 17.77779528
OS 51.2269994 17.42699588
OS 51.7277985 17.42699588
OS 51.7277985 17.77779528
OE
OB 50.9729994 17.77779528 H
OS 50.4722003 17.77779528
OS 50.4722003 17.42699588
OS 50.9729994 17.42699588
OS 50.9729994 17.77779528
OE
OB 36.00379896 17.7727991 H
OS 35.65299956 17.7727991
OS 35.65299956 17.272
OS 36.00379896 17.272
OS 36.00379896 17.7727991
OE
OB 49.97779692 17.67779548 H
OS 49.22699832 17.67779548
OS 49.22699832 17.02699668
OS 49.97779692 17.02699668
OS 49.97779692 17.67779548
OE
OB 48.97299832 17.67779548 H
OS 48.22219972 17.67779548
OS 48.22219972 17.02699668
OS 48.97299832 17.02699668
OS 48.97299832 17.67779548
OE
OB 51.7277985 17.17299588 H
OS 51.2269994 17.17299588
OS 51.2269994 16.82219648
OS 51.7277985 16.82219648
OS 51.7277985 17.17299588
OE
OB 50.9729994 17.17299588 H
OS 50.4722003 17.17299588
OS 50.4722003 16.82219648
OS 50.9729994 16.82219648
OS 50.9729994 17.17299588
OE
OB 28.99000044 17.1123991 H
OS 28.63920104 17.1123991
OS 28.63920104 16.6116
OS 28.99000044 16.6116
OS 28.99000044 17.1123991
OE
OB 28.38520104 17.1123991 H
OS 28.03440164 17.1123991
OS 28.03440164 16.6116
OS 28.38520104 16.6116
OS 28.38520104 17.1123991
OE
OB 36.00379896 17.018 H
OS 35.65299956 17.018
OS 35.65299956 16.5172009
OS 36.00379896 16.5172009
OS 36.00379896 17.018
OE
OB 28.99000044 16.3576 H
OS 28.63920104 16.3576
OS 28.63920104 15.8568009
OS 28.99000044 15.8568009
OS 28.99000044 16.3576
OE
OB 28.38520104 16.3576 H
OS 28.03440164 16.3576
OS 28.03440164 15.8568009
OS 28.38520104 15.8568009
OS 28.38520104 16.3576
OE
OB 36.00540424 15.93959982 H
OS 35.32960168 15.93959982
OS 35.32960168 15.16380254
OS 36.00540424 15.16380254
OS 36.00540424 15.93959982
OE
OB 28.9527996 15.35279886 H
OS 28.27699704 15.35279886
OS 28.27699704 14.57700158
OS 28.9527996 14.57700158
OS 28.9527996 15.35279886
OE
OB 36.00540424 14.90980254 H
OS 35.32960168 14.90980254
OS 35.32960168 14.13400018
OS 36.00540424 14.13400018
OS 36.00540424 14.90980254
OE
OB 28.9527996 14.32300158 H
OS 28.27699704 14.32300158
OS 28.27699704 13.54719922
OS 28.9527996 13.54719922
OS 28.9527996 14.32300158
OE
OB 40.35340164 12.58160044 H
OS 39.8526 12.58160044
OS 39.8526 12.23080358
OS 40.35340164 12.23080358
OS 40.35340164 12.58160044
OE
OB 39.5986 12.58160044 H
OS 39.09780344 12.58160044
OS 39.09780344 12.23080358
OS 39.5986 12.23080358
OS 39.5986 12.58160044
OE
OB 36.90179818 13.38879466 H
OS 35.15099904 13.38879466
OS 35.15099904 12.06300102
OS 36.90179818 12.06300102
OS 36.90179818 13.38879466
OE
OB 34.89699904 13.38879466 H
OS 33.1461999 13.38879466
OS 33.1461999 12.06300102
OS 34.89699904 12.06300102
OS 34.89699904 13.38879466
OE
OB 40.35340164 11.97680358 H
OS 39.8526 11.97680358
OS 39.8526 11.62600164
OS 40.35340164 11.62600164
OS 40.35340164 11.97680358
OE
OB 39.5986 11.97680358 H
OS 39.09780344 11.97680358
OS 39.09780344 11.62600164
OS 39.5986 11.62600164
OS 39.5986 11.97680358
OE
OB 28.97780082 12.17779886 H
OS 28.45200304 12.17779886
OS 28.45200304 10.57699688
OS 28.97780082 10.57699688
OS 28.97780082 12.17779886
OE
OB 28.19800304 12.17779886 H
OS 27.67220018 12.17779886
OS 27.67220018 10.57699688
OS 28.19800304 10.57699688
OS 28.19800304 12.17779886
OE
OB 36.90179818 11.80900102 H
OS 35.15099904 11.80900102
OS 35.15099904 10.48319722
OS 36.90179818 10.48319722
OS 36.90179818 11.80900102
OE
OB 34.89699904 11.80900102 H
OS 33.1461999 11.80900102
OS 33.1461999 10.48319722
OS 34.89699904 10.48319722
OS 34.89699904 11.80900102
OE
OB 28.97780082 10.32299688 H
OS 28.45200304 10.32299688
OS 28.45200304 8.72219998
OS 28.97780082 8.72219998
OS 28.97780082 10.32299688
OE
OB 28.19800304 10.32299688 H
OS 27.67220018 10.32299688
OS 27.67220018 8.72219998
OS 28.19800304 8.72219998
OS 28.19800304 10.32299688
OE
OB 28.97780082 7.92779974 H
OS 28.45200304 7.92779974
OS 28.45200304 6.32699776
OS 28.97780082 6.32699776
OS 28.97780082 7.92779974
OE
OB 28.19800304 7.92779974 H
OS 27.67220018 7.92779974
OS 27.67220018 6.32699776
OS 28.19800304 6.32699776
OS 28.19800304 7.92779974
OE
OB 28.97780082 6.07299776 H
OS 28.45200304 6.07299776
OS 28.45200304 4.47220086
OS 28.97780082 4.47220086
OS 28.97780082 6.07299776
OE
OB 28.19800304 6.07299776 H
OS 27.67220018 6.07299776
OS 27.67220018 4.47220086
OS 28.19800304 4.47220086
OS 28.19800304 6.07299776
OE
SE
S P 0
OB 53.61499564 19.41599876 I
OS 53.68523426 19.31808938
OS 53.68523426 18.85360466
OS 53.71837364 18.68699844
OS 53.81274988 18.54575666
OS 54.00863468 18.34987186
OS 54.00863468 17.97100038
OS 53.71899848 17.97100038
OS 53.71899848 17.07100218
OS 53.84119788 17.07100218
OS 53.84119788 17.07095138
OS 54.4439983 17.07095138
OS 54.4439983 16.89399974
OS 53.84119788 16.89399974
OS 53.84119788 16.6479982
OS 54.4439983 16.6479982
OS 54.4439983 16.4710491
OS 53.84119788 16.4710491
OS 53.84119788 16.4709983
OS 53.71899848 16.4709983
OS 53.71899848 16.38206782
OS 53.58799798 16.38206782
OS 53.58799798 16.50199646
OS 52.26404838 16.50199646
OS 52.19662916 16.62899646
OS 52.22559532 16.67234918
OS 52.24888204 16.78940254
OS 52.2488795 16.78941524
OS 52.2488795 16.9241978
OS 52.71099948 16.9241978
OS 52.71099948 17.4019972
OS 52.71099948 17.8797966
OS 52.24887696 17.8797966
OS 52.24887442 19.31638758
OS 52.37587696 19.41599876
OS 53.61499564 19.41599876
OE
OB 53.46579858 17.8797966 H
OS 52.96499948 17.8797966
OS 52.96499948 17.5289972
OS 53.46579858 17.5289972
OS 53.46579858 17.8797966
OE
OB 53.46579858 17.2749972 H
OS 52.96499948 17.2749972
OS 52.96499948 16.9241978
OS 53.46579858 16.9241978
OS 53.46579858 17.2749972
OE
SE
S P 0
OB 59.18750164 35.10000346 I
OS 59.30970104 35.10000346
OS 59.30970104 35.09994758
OS 60.22501036 35.09994758
OS 60.22501036 34.97499482
OS 60.35201036 34.97499482
OS 60.35201036 34.57220162
OS 60.6444685 34.57220162
OS 60.69306886 34.45486886
OS 60.6044 34.36619746
OS 60.6044 33.2994
OS 60.44513184 33.14013184
OS 60.32779908 33.18873474
OS 60.32779908 33.3159989
OS 59.6999949 33.3159989
OS 59.07220088 33.3159989
OS 59.07220088 32.98640088
OS 58.81513256 32.72933256
OS 58.6977998 32.77793546
OS 58.6977998 32.9470004
OS 56.89220016 32.9470004
OS 56.89220016 32.4104
OS 56.6928 32.4104
OS 56.6928 32.385
OS 55.9308 31.623
OS 55.9308 30.988
OS 55.626 30.6832
OS 54.6608 30.6832
OS 54.6608 31.29599786
OS 53.85799744 31.29599786
OS 53.85799744 31.42299786
OS 53.73099744 31.42299786
OS 53.73099744 32.32580022
OS 53.39593588 32.32580022
OS 53.34733298 32.44313298
OS 53.5178 32.6136
OS 53.5178 34.57220162
OS 54.22199976 34.57220162
OS 54.22199976 34.97499482
OS 54.34899976 34.97499482
OS 54.34899976 35.09994758
OS 55.26429892 35.09994758
OS 55.26429892 35.10000346
OS 55.38649832 35.10000346
OS 55.38649832 35.1282
OS 59.18750164 35.1282
OS 59.18750164 35.10000346
OE
OB 60.09801036 34.84799482 H
OS 59.30970104 34.84799482
OS 59.30970104 34.57220162
OS 60.09801036 34.57220162
OS 60.09801036 34.84799482
OE
OB 55.26429892 34.84799482 H
OS 54.47599976 34.84799482
OS 54.47599976 34.57220162
OS 55.26429892 34.57220162
OS 55.26429892 34.84799482
OE
OB 60.32779908 33.9207983 H
OS 59.8269949 33.9207983
OS 59.8269949 33.5699989
OS 60.32779908 33.5699989
OS 60.32779908 33.9207983
OE
OB 59.5729949 33.9207983 H
OS 59.07220088 33.9207983
OS 59.07220088 33.5699989
OS 59.5729949 33.5699989
OS 59.5729949 33.9207983
OE
OB 54.70480042 33.9557995 H
OS 54.35399594 33.9557995
OS 54.35399594 33.4550004
OS 54.70480042 33.4550004
OS 54.70480042 33.9557995
OE
OB 54.09999594 33.9557995 H
OS 53.74920162 33.9557995
OS 53.74920162 33.4550004
OS 54.09999594 33.4550004
OS 54.09999594 33.9557995
OE
OB 58.6977998 33.87680042 H
OS 57.92199998 33.87680042
OS 57.92199998 33.2010004
OS 58.6977998 33.2010004
OS 58.6977998 33.87680042
OE
OB 57.66799998 33.87680042 H
OS 56.89220016 33.87680042
OS 56.89220016 33.2010004
OS 57.66799998 33.2010004
OS 57.66799998 33.87680042
OE
OB 59.6999949 33.3159989 H
OS 59.6999949 33.4429989
OS 59.6999949 33.4429989
OS 59.6999949 33.3159989
OE
OB 54.70480042 33.2010004 H
OS 54.35399594 33.2010004
OS 54.35399594 32.7002013
OS 54.70480042 32.7002013
OS 54.70480042 33.2010004
OE
OB 54.09999594 33.2010004 H
OS 53.74920162 33.2010004
OS 53.74920162 32.7002013
OS 54.09999594 32.7002013
OS 54.09999594 33.2010004
OE
OB 54.6608 32.32580022 H
OS 53.98499744 32.32580022
OS 53.98499744 31.54999786
OS 54.6608 31.54999786
OS 54.6608 32.32580022
OE
SE
S P 0
OB 59.23499964 18.06100274 I
OS 59.2349971 18.06100274
OS 59.2134452 17.94292576
OS 59.20512162 17.9304696
OS 59.06900048 17.9304696
OS 59.06900048 17.97100038
OS 57.97180176 17.97100038
OS 57.97180176 18.09400242
OS 57.64399952 18.09400242
OS 57.64399952 18.34800242
OS 57.97180176 18.34800242
OS 57.97180176 18.8238003
OS 57.68380386 18.8238003
OS 57.60827188 18.89933482
OS 57.59845224 18.94415566
OS 57.67303172 19.04693168
OS 57.912 19.04693168
OS 58.06869768 19.07810002
OS 58.20153714 19.16686286
OS 58.51340596 19.47873168
OS 59.23499964 19.47873168
OS 59.23499964 18.06100274
OE
SE
S P 0
OB 6.16962952 54.67971792 I
OS 6.16962952 49.78401524
OS 6.16962698 49.78400254
OS 6.19882682 49.63721594
OS 6.28197372 49.51277626
OS 7.51644674 48.27830324
OS 7.46784384 48.16097048
OS 4.01967954 48.16097048
OS 3.91357104 48.26708152
OS 3.91357104 48.41316708
OS 3.9598092 48.43986248
OS 4.09013914 48.57019242
OS 4.10150056 48.5898698
OS 4.22850056 48.5898698
OS 4.23986198 48.57019242
OS 4.37019192 48.43986248
OS 4.5298106 48.3477062
OS 4.70784428 48.30000246
OS 4.89215684 48.30000246
OS 5.07019052 48.3477062
OS 5.2298092 48.43986248
OS 5.36013914 48.57019242
OS 5.45229542 48.7298111
OS 5.49999916 48.90784478
OS 5.49999916 49.09215734
OS 5.45229542 49.27019102
OS 5.36013914 49.4298097
OS 5.2298092 49.56013964
OS 5.1037236 49.63293604
OS 5.0960782 49.76723346
OS 5.12729734 49.7801646
OS 5.28983702 49.94270428
OS 5.37779976 50.1550686
OS 5.37779976 50.38493352
OS 5.34743914 50.4582303
OS 4.97960904 50.09039766
OS 4.62039716 50.44960954
OS 4.98822726 50.81744218
OS 4.93014254 50.84150106
OS 4.92214154 50.90500106
OS 4.93014254 50.96850106
OS 4.98823234 50.99256248
OS 4.62039716 51.36039766
OS 4.97960904 51.71960954
OS 5.34744168 51.3517769
OS 5.37779976 51.4250686
OS 5.37779976 51.65493352
OS 5.28983702 51.86729784
OS 5.12729734 52.02983752
OS 5.0960782 52.04276866
OS 5.1037236 52.17706608
OS 5.2298092 52.24986248
OS 5.36013914 52.38019242
OS 5.45229542 52.5398111
OS 5.49999916 52.71784478
OS 5.49999916 52.90215734
OS 5.45229542 53.08019102
OS 5.36013914 53.2398097
OS 5.2298092 53.37013964
OS 5.1037236 53.44293604
OS 5.0960782 53.57723346
OS 5.12729734 53.5901646
OS 5.28983702 53.75270428
OS 5.37779976 53.9650686
OS 5.37779976 54.19493352
OS 5.34743914 54.2682303
OS 4.97960904 53.90039766
OS 4.62039716 54.25960954
OS 4.98822726 54.62744218
OS 4.91493302 54.65780026
OS 4.6850681 54.65780026
OS 4.47270378 54.56983752
OS 4.3101641 54.40729784
OS 4.29723296 54.3760787
OS 4.16293554 54.3837241
OS 4.09013914 54.5098097
OS 3.9598092 54.64013964
OS 3.95120876 54.64510534
OS 3.93889992 54.78184624
OS 4.1962832 55.03922952
OS 5.81011792 55.03922952
OS 6.16962952 54.67971792
OE
SE
S P 0
OB 63.754 43.9166 I
OS 63.754 43.06679982
OS 63.25960424 43.06679982
OS 63.25960424 42.16399746
OS 63.25960424 41.26120018
OS 63.49806452 41.26120018
OS 63.54666742 41.14386742
OS 63.4492 41.0464
OS 63.4492 39.3192
OS 61.26249876 39.3192
OS 61.26249876 39.3999974
OS 61.14029936 39.3999974
OS 61.14029936 39.4000482
OS 60.22501036 39.4000482
OS 60.22501036 39.64995118
OS 61.14029936 39.64995118
OS 61.14029936 39.65000198
OS 61.26249876 39.65000198
OS 61.26249876 39.751
OS 61.3156 39.751
OS 62.103 40.53839746
OS 62.103 43.5864
OS 62.7888 44.2722
OS 63.3984 44.2722
OS 63.754 43.9166
OE
OB 63.00560424 43.06679982 H
OS 62.32980168 43.06679982
OS 62.32980168 42.29099746
OS 63.00560424 42.29099746
OS 63.00560424 43.06679982
OE
OB 63.00560424 42.03699746 H
OS 62.32980168 42.03699746
OS 62.32980168 41.26120018
OS 63.00560424 41.26120018
OS 63.00560424 42.03699746
OE
OB 63.2786009 40.8105991 H
OS 62.9278015 40.8105991
OS 62.9278015 40.3098
OS 63.2786009 40.3098
OS 63.2786009 40.8105991
OE
OB 62.6738015 40.8105991 H
OS 62.3230021 40.8105991
OS 62.3230021 40.3098
OS 62.6738015 40.3098
OS 62.6738015 40.8105991
OE
OB 63.2786009 40.0558 H
OS 62.9278015 40.0558
OS 62.9278015 39.5550009
OS 63.2786009 39.5550009
OS 63.2786009 40.0558
OE
OB 62.6738015 40.0558 H
OS 62.3230021 40.0558
OS 62.3230021 39.5550009
OS 62.6738015 39.5550009
OS 62.6738015 40.0558
OE
SE
S P 0
OB 66.7463994 31.33333332 I
OS 66.9189924 31.33333332
OS 67.22790974 31.02441598
OS 67.15371888 30.9190009
OS 66.67499746 30.9190009
OS 66.67499746 30.44119896
OS 66.67499746 29.9634021
OS 67.1565205 29.9634021
OS 67.1757991 29.96339956
OS 67.28352304 29.91686422
OS 67.28352304 29.26187696
OS 65.73490028 29.26187696
OS 65.71087696 29.28590028
OS 65.71087696 31.25028802
OS 65.79800404 31.34120224
OS 66.7068389 31.34120224
OS 66.7463994 31.33333332
OE
OB 66.42099746 30.9190009 H
OS 65.9202009 30.9190009
OS 65.9202009 30.56819896
OS 66.42099746 30.56819896
OS 66.42099746 30.9190009
OE
OB 66.42099746 30.31419896 H
OS 65.9202009 30.31419896
OS 65.9202009 29.9634021
OS 66.42099746 29.9634021
OS 66.42099746 30.31419896
OE
SE
S P 0
OB 68.5292 32.7152 I
OS 69.7738 32.7152
OS 69.7738 31.79661916
OS 69.68251748 31.68090438
OS 69.62779826 31.68640856
OS 69.62779826 32.17779696
OS 68.87699458 32.17779696
OS 68.87699458 31.77499868
OS 68.62299458 31.77499868
OS 68.62299458 32.17779696
OS 67.87220106 32.17779696
OS 67.87220106 31.68687846
OS 67.74520106 31.66527322
OS 67.5894 31.82107428
OS 67.5894 32.3342
OS 67.437 32.4866
OS 67.2979985 32.4866
OS 67.2979985 32.54119984
OS 65.7980015 32.54119984
OS 65.7980015 32.4866
OS 65.532 32.4866
OS 65.405 32.3596
OS 65.405 29.1592
OS 65.6082 28.956
OS 67.437 28.956
OS 67.5894 29.1084
OS 67.5894 30.0482
OS 67.75000166 30.0482
OS 67.75000166 29.95000106
OS 67.87220106 29.95000106
OS 67.87220106 29.94995026
OS 68.74999458 29.94995026
OS 68.74999458 29.82500004
OS 68.87699458 29.82500004
OS 68.87699458 29.42220176
OS 69.62779826 29.42220176
OS 69.62779826 29.91359016
OS 69.68251748 29.91909434
OS 69.7738 29.80337956
OS 69.7738 29.337
OS 68.9864 28.5496
OS 68.9864 27.432
OS 64.8208 23.2664
OS 57.1246 23.2664
OS 56.7211972 22.8629972
OS 56.54399918 22.8629972
OS 56.54399918 22.68579918
OS 56.388 22.5298
OS 56.388 20.13507022
OS 56.23913314 19.98620336
OS 56.12180038 20.03480626
OS 56.12180038 20.3349987
OS 55.77100098 20.3349987
OS 55.77100098 19.8341996
OS 55.92119372 19.8341996
OS 55.96979662 19.71686684
OS 55.85446284 19.60153306
OS 55.7657 19.4686936
OS 55.73453166 19.31199592
OS 55.73453166 19.05621538
OS 55.69399834 18.94600478
OS 55.59399346 18.94600478
OS 55.59399346 18.9459997
OS 55.3974 18.9459997
OS 55.3974 19.0754
OS 55.3466 19.0754
OS 54.8132 19.6088
OS 54.8132 22.8092
OS 56.642 24.638
OS 56.64199746 25.8826
OS 57.6326 26.87319746
OS 63.9826 26.8732
OS 63.9826 29.0322
OS 63.7794 29.2354
OS 63.7794 29.39720054
OS 64.27299312 29.39720054
OS 64.27299312 30.3000029
OS 64.27299312 31.20280018
OS 63.7794 31.20280018
OS 63.7794 31.3436
OS 64.0842 31.6484
OS 64.0842 32.4104
OS 65.024 33.3502
OS 67.8942 33.3502
OS 68.5292 32.7152
OE
OB 65.20279568 31.20280018 H
OS 64.52699312 31.20280018
OS 64.52699312 30.4270029
OS 65.20279568 30.4270029
OS 65.20279568 31.20280018
OE
OB 68.62299458 29.69800004 H
OS 67.87220106 29.69800004
OS 67.87220106 29.42220176
OS 68.62299458 29.42220176
OS 68.62299458 29.69800004
OE
OB 65.20279568 30.1730029 H
OS 64.52699312 30.1730029
OS 64.52699312 29.39720054
OS 65.20279568 29.39720054
OS 65.20279568 30.1730029
OE
OB 59.74579618 26.30179906 H
OS 58.88500034 26.30179906
OS 58.88500034 25.16099108
OS 59.74579618 25.16099108
OS 59.74579618 26.30179906
OE
OB 58.63100034 26.30179906 H
OS 57.77019942 26.30179906
OS 57.77019942 25.16099108
OS 58.63100034 25.16099108
OS 58.63100034 26.30179906
OE
OB 63.68279872 25.04780106 H
OS 62.08199928 25.04780106
OS 62.08199928 24.52200074
OS 63.68279872 24.52200074
OS 63.68279872 25.04780106
OE
OB 61.82799928 25.04780106 H
OS 60.22719984 25.04780106
OS 60.22719984 24.52200074
OS 61.82799928 24.52200074
OS 61.82799928 25.04780106
OE
OB 59.74579618 24.90699108 H
OS 58.88500034 24.90699108
OS 58.88500034 23.76619834
OS 59.74579618 23.76619834
OS 59.74579618 24.90699108
OE
OB 58.63100034 24.90699108 H
OS 57.77019942 24.90699108
OS 57.77019942 23.76619834
OS 58.63100034 23.76619834
OS 58.63100034 24.90699108
OE
OB 63.68279872 24.26800074 H
OS 62.08199928 24.26800074
OS 62.08199928 23.74220042
OS 63.68279872 23.74220042
OS 63.68279872 24.26800074
OE
OB 61.82799928 24.26800074 H
OS 60.22719984 24.26800074
OS 60.22719984 23.74220042
OS 61.82799928 23.74220042
OS 61.82799928 24.26800074
OE
OB 56.12179784 22.7407978 H
OS 55.7710086 22.7407978
OS 55.7710086 22.23999362
OS 56.12179784 22.23999362
OS 56.12179784 22.7407978
OE
OB 55.5170086 22.7407978 H
OS 55.16619904 22.7407978
OS 55.16619904 22.23999362
OS 55.5170086 22.23999362
OS 55.5170086 22.7407978
OE
OB 56.12179784 21.98599362 H
OS 55.7710086 21.98599362
OS 55.7710086 21.4851996
OS 56.12179784 21.4851996
OS 56.12179784 21.98599362
OE
OB 55.5170086 21.98599362 H
OS 55.16619904 21.98599362
OS 55.16619904 21.4851996
OS 55.5170086 21.4851996
OS 55.5170086 21.98599362
OE
OB 56.12180038 21.0897978 H
OS 55.77100098 21.0897978
OS 55.77100098 20.5889987
OS 56.12180038 20.5889987
OS 56.12180038 21.0897978
OE
OB 55.51700098 21.0897978 H
OS 55.16620158 21.0897978
OS 55.16620158 20.5889987
OS 55.51700098 20.5889987
OS 55.51700098 21.0897978
OE
OB 55.51700098 20.3349987 H
OS 55.16620158 20.3349987
OS 55.16620158 19.8341996
OS 55.51700098 19.8341996
OS 55.51700098 20.3349987
OE
SE
S P 0
OB 71.755 25.4 I
OS 71.755 23.4696
OS 72.31379746 22.9108
OS 73.5076 22.9108
OS 74.168 22.2504
OS 74.168 20.34539746
OS 74.07980104 20.25720104
OS 73.95280104 20.30980952
OS 73.95280104 20.82300128
OS 72.1472014 20.82300128
OS 72.1472014 20.1750041
OS 72.025002 20.1750041
OS 72.025002 20.1422
OS 70.90000044 20.1422
OS 70.90000044 21.89999684
OS 70.76489784 21.89999684
OS 70.7644 21.90250382
OS 70.7644 21.9456
OS 70.75369898 21.95630102
OS 70.75330274 21.95829492
OS 70.6645399 22.09113438
OS 70.552183 22.20349128
OS 70.55676516 22.21242192
OS 70.61308204 22.32219564
OS 70.68226656 22.32220072
OS 70.92299506 22.32220072
OS 70.92299506 22.82299474
OS 70.57220074 22.82299474
OS 70.57220074 22.44142324
OS 70.5721982 22.41054446
OS 70.45087764 22.34937364
OS 70.3834 22.4009077
OS 70.38339492 25.42539746
OS 70.61199746 25.65399492
OS 71.50099746 25.654
OS 71.755 25.4
OE
OB 71.5349979 25.4181991 H
OS 71.18420358 25.4181991
OS 71.18420358 24.9174
OS 71.5349979 24.9174
OS 71.5349979 25.4181991
OE
OB 70.93020358 25.4181991 H
OS 70.5793991 25.4181991
OS 70.5793991 24.9174
OS 70.93020358 24.9174
OS 70.93020358 25.4181991
OE
OB 71.5349979 24.6634 H
OS 71.18420358 24.6634
OS 71.18420358 24.1626009
OS 71.5349979 24.1626009
OS 71.5349979 24.6634
OE
OB 70.93020358 24.6634 H
OS 70.5793991 24.6634
OS 70.5793991 24.1626009
OS 70.93020358 24.1626009
OS 70.93020358 24.6634
OE
OB 71.52779954 23.57779892 H
OS 71.17699506 23.57779892
OS 71.17699506 23.07699474
OS 71.52779954 23.07699474
OS 71.52779954 23.57779892
OE
OB 70.92299506 23.57779892 H
OS 70.57220074 23.57779892
OS 70.57220074 23.07699474
OS 70.92299506 23.07699474
OS 70.92299506 23.57779892
OE
OB 71.52779954 22.82299474 H
OS 71.17699506 22.82299474
OS 71.17699506 22.32220072
OS 71.52779954 22.32220072
OS 71.52779954 22.82299474
OE
OB 73.95280104 21.7528013 H
OS 73.17700122 21.7528013
OS 73.17700122 21.07700128
OS 73.95280104 21.07700128
OS 73.95280104 21.7528013
OE
OB 72.92300122 21.7528013 H
OS 72.1472014 21.7528013
OS 72.1472014 21.07700128
OS 72.92300122 21.07700128
OS 72.92300122 21.7528013
OE
SE
S P 0
OB 71.8312 16.9672 I
OS 71.8312 16.0528
OS 72.73180018 15.15219982
OS 72.67919424 15.02519982
OS 72.25120424 15.02519982
OS 72.25120424 14.12240254
OS 72.25120424 13.21960018
OS 72.7964 13.21960018
OS 72.7964 11.176
OS 72.0344 10.414
OS 69.1388 10.414
OS 68.6816 10.8712
OS 66.167 10.8712
OS 65.1256 9.8298
OS 57.658 9.8298
OS 57.1246 10.3632
OS 57.1246 12.39519746
OS 57.55639746 12.827
OS 59.6646 12.827
OS 59.6646 13.1318
OS 60.198 13.6652
OS 60.198 15.3416
OS 59.7408 15.7988
OS 59.55787428 15.7988
OS 59.54613948 15.8105348
OS 59.41330002 15.89929764
OS 59.25660234 15.93046598
OS 59.1902423 15.93046598
OS 59.1758151 15.94701408
OS 59.1491197 16.07685126
OS 59.17921616 16.11152988
OS 62.12047012 16.11152988
OS 63.16673168 15.06526832
OS 63.16673168 14.097
OS 63.19790002 13.94030232
OS 63.2206 13.90632982
OS 63.2206 13.081
OS 63.7286 12.573
OS 65.5828 12.573
OS 65.7098 12.446
OS 68.7832 12.446
OS 68.9356 12.5984
OS 68.9356 14.9606
OS 68.3768 15.5194
OS 68.3768 17.1704
OS 68.67220454 17.1704
OS 68.67220454 16.6270051
OS 69.07500536 16.6270051
OS 69.07500536 16.5000051
OS 69.19995558 16.5000051
OS 69.19995558 15.62220396
OS 69.20000384 15.62220396
OS 69.20000384 15.50000456
OS 69.3155332 15.50000456
OS 69.3155332 14.94899728
OS 69.342 14.81593684
OS 69.342 11.811
OS 69.5452 11.6078
OS 70.9676 11.6078
OS 71.1708 11.811
OS 71.1708 14.859
OS 70.9555985 15.0742015
OS 70.9555985 15.21839984
OS 70.81140016 15.21839984
OS 70.7644 15.2654
OS 70.7644 15.50000456
OS 70.90000044 15.50000456
OS 70.90000044 15.62220396
OS 70.90005378 15.62220396
OS 70.90005378 16.5000051
OS 71.025004 16.5000051
OS 71.025004 16.6270051
OS 71.42779974 16.6270051
OS 71.42779974 17.2212
OS 71.5772 17.2212
OS 71.8312 16.9672
OE
OB 71.42779974 16.3730051 H
OS 71.152004 16.3730051
OS 71.152004 15.62220396
OS 71.42779974 15.62220396
OS 71.42779974 16.3730051
OE
OB 68.94800536 16.3730051 H
OS 68.67220454 16.3730051
OS 68.67220454 15.62220396
OS 68.94800536 15.62220396
OS 68.94800536 16.3730051
OE
OB 71.99720424 15.02519982 H
OS 71.32140168 15.02519982
OS 71.32140168 14.24940254
OS 71.99720424 14.24940254
OS 71.99720424 15.02519982
OE
OB 71.99720424 13.99540254 H
OS 71.32140168 13.99540254
OS 71.32140168 13.21960018
OS 71.99720424 13.21960018
OS 71.99720424 13.99540254
OE
OB 68.8013991 12.2754009 H
OS 68.30059746 12.2754009
OS 68.30059746 11.92459896
OS 68.8013991 11.92459896
OS 68.8013991 12.2754009
OE
OB 67.0487991 12.2754009 H
OS 66.54799746 12.2754009
OS 66.54799746 11.92459896
OS 67.0487991 11.92459896
OS 67.0487991 12.2754009
OE
OB 68.04659746 12.2754009 H
OS 67.5458009 12.2754009
OS 67.5458009 11.92459896
OS 68.04659746 11.92459896
OS 68.04659746 12.2754009
OE
OB 66.29399746 12.2754009 H
OS 65.7932009 12.2754009
OS 65.7932009 11.92459896
OS 66.29399746 11.92459896
OS 66.29399746 12.2754009
OE
OB 64.5777982 12.37779846 H
OS 62.97700892 12.37779846
OS 62.97700892 11.85199306
OS 64.5777982 11.85199306
OS 64.5777982 12.37779846
OE
OB 62.72300892 12.37779846 H
OS 61.12219932 12.37779846
OS 61.12219932 11.85199306
OS 62.72300892 11.85199306
OS 62.72300892 12.37779846
OE
OB 60.1177995 12.64779792 H
OS 58.97699914 12.64779792
OS 58.97699914 11.78699954
OS 60.1177995 11.78699954
OS 60.1177995 12.64779792
OE
OB 58.72299914 12.64779792 H
OS 57.58219878 12.64779792
OS 57.58219878 11.78699954
OS 58.72299914 11.78699954
OS 58.72299914 12.64779792
OE
OB 68.8013991 11.67059896 H
OS 68.30059746 11.67059896
OS 68.30059746 11.3198021
OS 68.8013991 11.3198021
OS 68.8013991 11.67059896
OE
OB 68.04659746 11.67059896 H
OS 67.5458009 11.67059896
OS 67.5458009 11.3198021
OS 68.04659746 11.3198021
OS 68.04659746 11.67059896
OE
OB 67.0487991 11.67059896 H
OS 66.54799746 11.67059896
OS 66.54799746 11.3198021
OS 67.0487991 11.3198021
OS 67.0487991 11.67059896
OE
OB 66.29399746 11.67059896 H
OS 65.7932009 11.67059896
OS 65.7932009 11.3198021
OS 66.29399746 11.3198021
OS 66.29399746 11.67059896
OE
OB 64.5777982 11.59799306 H
OS 62.97700892 11.59799306
OS 62.97700892 11.07219782
OS 64.5777982 11.07219782
OS 64.5777982 11.59799306
OE
OB 62.72300892 11.59799306 H
OS 61.12219932 11.59799306
OS 61.12219932 11.07219782
OS 62.72300892 11.07219782
OS 62.72300892 11.59799306
OE
OB 60.1177995 11.53299954 H
OS 58.97699914 11.53299954
OS 58.97699914 10.67220116
OS 60.1177995 10.67220116
OS 60.1177995 11.53299954
OE
OB 58.72299914 11.53299954 H
OS 57.58219878 11.53299954
OS 57.58219878 10.67220116
OS 58.72299914 10.67220116
OS 58.72299914 11.53299954
OE
SE
S P 0
OB 74.1499914 29.95000106 I
OS 74.1934 29.84097918
OS 74.1934 29.4386
OS 73.88859746 29.13379746
OS 73.88859746 27.432
OS 74.11480478 27.20579268
OS 74.11480478 27.1392015
OS 75.31480238 27.1392015
OS 75.31480238 27.30879984
OS 75.3618 27.35579746
OS 75.3618 28.24479746
OS 75.48879492 28.37179746
OS 77.49540508 28.3718
OS 77.90179492 27.96539492
OS 77.9018 24.765
OS 77.5208 24.384
OS 75.48519828 24.38399746
OS 75.4334915 24.44906718
OS 75.4888 24.57340018
OS 75.85619576 24.57340018
OS 75.85619576 25.47619746
OS 75.85619576 26.37899982
OS 75.24639764 26.37899982
OS 75.20820112 26.41719634
OS 75.20820112 26.50119922
OS 75.12419824 26.50119922
OS 75.10779746 26.5176
OS 72.644 26.5176
OS 72.2376 26.924
OS 72.2376 29.95000106
OS 74.1499914 29.95000106
OE
OB 73.6926009 28.5169991 H
OS 73.3418015 28.5169991
OS 73.3418015 28.0162
OS 73.6926009 28.0162
OS 73.6926009 28.5169991
OE
OB 73.0878015 28.5169991 H
OS 72.7370021 28.5169991
OS 72.7370021 28.0162
OS 73.0878015 28.0162
OS 73.0878015 28.5169991
OE
OB 76.8023991 28.20119836 H
OS 76.3016 28.20119836
OS 76.3016 27.85039896
OS 76.8023991 27.85039896
OS 76.8023991 28.20119836
OE
OB 76.0476 28.20119836 H
OS 75.5468009 28.20119836
OS 75.5468009 27.85039896
OS 76.0476 27.85039896
OS 76.0476 28.20119836
OE
OB 73.6926009 27.7622 H
OS 73.3418015 27.7622
OS 73.3418015 27.2614009
OS 73.6926009 27.2614009
OS 73.6926009 27.7622
OE
OB 73.0878015 27.7622 H
OS 72.7370021 27.7622
OS 72.7370021 27.2614009
OS 73.0878015 27.2614009
OS 73.0878015 27.7622
OE
OB 76.8023991 27.59639896 H
OS 76.3016 27.59639896
OS 76.3016 27.24559956
OS 76.8023991 27.24559956
OS 76.8023991 27.59639896
OE
OB 76.0476 27.59639896 H
OS 75.5468009 27.59639896
OS 75.5468009 27.24559956
OS 76.0476 27.24559956
OS 76.0476 27.59639896
OE
OB 76.78599832 26.37899982 H
OS 76.11019576 26.37899982
OS 76.11019576 25.60319746
OS 76.78599832 25.60319746
OS 76.78599832 26.37899982
OE
OB 76.78599832 25.34919746 H
OS 76.11019576 25.34919746
OS 76.11019576 24.57340018
OS 76.78599832 24.57340018
OS 76.78599832 25.34919746
OE
SE
S P 0
OB 79.0194 7.5438 I
OS 79.0194 5.9182
OS 78.3844 5.2832
OS 74.676 5.2832
OS 74.0664 5.8928
OS 74.0664 7.4422
OS 74.803 8.1788
OS 78.38439238 8.1788
OS 79.0194 7.5438
OE
OB 78.2985988 8.03439846 H
OS 77.6478 8.03439846
OS 77.6478 7.58359926
OS 78.2985988 7.58359926
OS 78.2985988 8.03439846
OE
OB 77.3938 8.03439846 H
OS 76.7430012 8.03439846
OS 76.7430012 7.58359926
OS 77.3938 7.58359926
OS 77.3938 8.03439846
OE
OB 78.2985988 7.32959926 H
OS 77.6478 7.32959926
OS 77.6478 6.87880006
OS 78.2985988 6.87880006
OS 78.2985988 7.32959926
OE
OB 77.3938 7.32959926 H
OS 76.7430012 7.32959926
OS 76.7430012 6.87880006
OS 77.3938 6.87880006
OS 77.3938 7.32959926
OE
SE
S P 0
OB 84.0210029 26.83732504 I
OS 84.0210029 26.18739746
OS 84.79880424 26.18739746
OS 84.79880424 26.06039746
OS 84.92580424 26.06039746
OS 84.92580424 25.1826014
OS 85.57659796 25.18259886
OS 85.5988001 25.0647962
OS 85.5988001 25.060402
OS 85.84075542 25.060402
OS 85.87478634 24.933402
OS 85.78217032 24.87992992
OS 85.69620402 24.79396362
OS 82.42173508 24.79396362
OS 82.33536238 24.88033378
OS 82.33536238 25.92500022
OS 83.69999516 25.92500022
OS 83.69999516 26.68382522
OS 83.70299998 26.69892806
OS 83.8940029 26.88993098
OS 84.0210029 26.83732504
OE
OB 84.67180424 25.93339746 H
OS 84.0210029 25.93339746
OS 84.0210029 25.1826014
OS 84.67180424 25.1826014
OS 84.67180424 25.93339746
OE
SE
S P 0
OB 85.16619746 14.04619746 I
OS 86.1314 13.08099746
OS 86.1314 9.1694
OS 85.3948 8.4328
OS 81.28 8.4328
OS 80.82280508 8.88999238
OS 78.73999492 8.88999492
OS 78.3346795 8.48467696
OS 76.7577205 8.48467696
OS 76.65355002 8.58884998
OS 76.74320694 8.67879392
OS 76.86991484 8.678799
OS 77.3938 8.678799
OS 77.3938 9.1295982
OS 76.7430012 9.1295982
OS 76.7430012 8.80580154
OS 76.74299612 8.67900474
OS 76.65305218 8.58934782
OS 76.5048 8.7376
OS 76.5048 10.84579746
OS 77.0382 11.3792
OS 79.248 11.3792
OS 80.01 12.1412
OS 80.00999492 12.97939492
OS 81.07679746 14.0462
OS 85.16619746 14.04619746
OE
OB 85.26400016 12.73080004 H
OS 83.3882 12.73080004
OS 83.3882 10.95499968
OS 85.26400016 10.95499968
OS 85.26400016 12.73080004
OE
OB 83.1342 12.73080004 H
OS 81.25839984 12.73080004
OS 81.25839984 10.95499968
OS 83.1342 10.95499968
OS 83.1342 12.73080004
OE
OB 78.2985988 9.8343974 H
OS 77.6478 9.8343974
OS 77.6478 9.3835982
OS 78.2985988 9.3835982
OS 78.2985988 9.8343974
OE
OB 77.3938 9.8343974 H
OS 76.7430012 9.8343974
OS 76.7430012 9.3835982
OS 77.3938 9.3835982
OS 77.3938 9.8343974
OE
OB 85.26400016 10.70099968 H
OS 83.3882 10.70099968
OS 83.3882 8.92519932
OS 85.26400016 8.92519932
OS 85.26400016 10.70099968
OE
OB 83.1342 10.70099968 H
OS 81.25839984 10.70099968
OS 81.25839984 8.92519932
OS 83.1342 8.92519932
OS 83.1342 10.70099968
OE
OB 78.2985988 9.1295982 H
OS 77.6478 9.1295982
OS 77.6478 8.678799
OS 78.2985988 8.678799
OS 78.2985988 9.1295982
OE
SE
S P 0
OB 97.45049344 23.35000156 I
OS 97.4852 23.23737542
OS 97.4852 22.098
OS 97.7138 21.8694
OS 100.83799746 21.8694
OS 101.0412 21.66619746
OS 101.0412 20.574
OS 99.695 19.22780254
OS 99.695 12.3698
OS 98.9584 11.6332
OS 95.0468 11.6332
OS 94.361 12.319
OS 94.361 13.589
OS 95.25 14.478
OS 95.25 21.844
OS 95.25 23.34637698
OS 95.3755014 23.34999902
OS 95.3755014 23.35000156
OS 97.45049344 23.35000156
OE
OB 100.8561991 21.62259836 H
OS 100.3554 21.62259836
OS 100.3554 21.27179896
OS 100.8561991 21.27179896
OS 100.8561991 21.62259836
OE
OB 99.2305991 21.62259836 H
OS 98.7298 21.62259836
OS 98.7298 21.27179896
OS 99.2305991 21.27179896
OS 99.2305991 21.62259836
OE
OB 100.1014 21.62259836 H
OS 99.6006009 21.62259836
OS 99.6006009 21.27179896
OS 100.1014 21.27179896
OS 100.1014 21.62259836
OE
OB 98.4758 21.62259836 H
OS 97.9750009 21.62259836
OS 97.9750009 21.27179896
OS 98.4758 21.27179896
OS 98.4758 21.62259836
OE
OB 100.8561991 21.01779896 H
OS 100.3554 21.01779896
OS 100.3554 20.66699956
OS 100.8561991 20.66699956
OS 100.8561991 21.01779896
OE
OB 100.1014 21.01779896 H
OS 99.6006009 21.01779896
OS 99.6006009 20.66699956
OS 100.1014 20.66699956
OS 100.1014 21.01779896
OE
OB 99.2305991 21.01779896 H
OS 98.7298 21.01779896
OS 98.7298 20.66699956
OS 99.2305991 20.66699956
OS 99.2305991 21.01779896
OE
OB 98.4758 21.01779896 H
OS 97.9750009 21.01779896
OS 97.9750009 20.66699956
OS 98.4758 20.66699956
OS 98.4758 21.01779896
OE
OB 99.45279576 18.85280202 H
OS 97.67699794 18.85280202
OS 97.67699794 16.97700948
OS 99.45279576 16.97700948
OS 99.45279576 18.85280202
OE
OB 97.42299794 18.85280202 H
OS 95.64719504 18.85280202
OS 95.64719504 16.97700948
OS 97.42299794 16.97700948
OS 97.42299794 18.85280202
OE
OB 99.45279576 16.72300948 H
OS 97.67699794 16.72300948
OS 97.67699794 14.8472017
OS 99.45279576 14.8472017
OS 99.45279576 16.72300948
OE
OB 97.42299794 16.72300948 H
OS 95.64719504 16.72300948
OS 95.64719504 14.8472017
OS 97.42299794 14.8472017
OS 97.42299794 16.72300948
OE
SE
P 9.9822 48.6156 73 P 0 0 ;0=62,1=1
P 11.2522 36.4236 67 P 0 0 ;0=56,1=1
P 12.0904 54.0512 67 P 0 0 ;0=56,1=1
P 12.9794 63.0428 67 P 0 0 ;0=56,1=1
P 13.8938 36.4998 67 P 0 0 ;0=56,1=1
P 15.0368 36.449 67 P 0 0 ;0=56,1=1
P 16.002 28.7274 67 P 0 0 ;0=56,1=1
P 16.0528 48.5648 73 P 0 0 ;0=62,1=1
P 17.9832 36.5506 67 P 0 0 ;0=56,1=1
P 18.1356 54.0004 67 P 0 0 ;0=56,1=1
P 18.2372 32.7914 67 P 0 0 ;0=56,1=1
P 18.2372 33.909 67 P 0 0 ;0=56,1=1
P 18.5928 39.37 67 P 0 0 ;0=56,1=1
P 19.1516 36.8554 67 P 0 0 ;0=56,1=1
P 19.9898 36.8808 67 P 0 0 ;0=56,1=1
P 20.4978 39.878 67 P 0 0 ;0=56,1=1
P 20.5232 33.4772 67 P 0 0 ;0=56,1=1
P 20.5486 34.4424 67 P 0 0 ;0=56,1=1
P 21.4376 30.8356 67 P 0 0 ;0=56,1=1
P 21.6154 28.956 67 P 0 0 ;0=56,1=1
P 21.9202 20.447 67 P 0 0 ;0=56,1=1
P 22.02460162 38.64219856 72 P 0 0 ;0=61,1=1
P 22.42460082 38.64219856 72 P 0 0 ;0=61,1=1
P 22.62459534 34.04219252 75 P 0 0 ;0=64,1=1
P 22.62459534 35.24219774 75 P 0 0 ;0=64,1=1
P 22.62459534 36.44220296 75 P 0 0 ;0=64,1=1
P 22.62459534 37.64220818 75 P 0 0 ;0=64,1=1
P 22.7838 16.9926 68 P 0 0 ;0=57,1=1
P 22.7838 25.3238 67 P 0 0 ;0=56,1=1
P 22.86 6.0452 67 P 0 0 ;0=56,1=1
P 22.9108 10.16 67 P 0 0 ;0=56,1=1
P 23.0124 40.5638 67 P 0 0 ;0=56,1=1
P 23.0378 31.4706 67 P 0 0 ;0=56,1=1
P 23.2156 28.9814 67 P 0 0 ;0=56,1=1
P 23.6474 41.9354 67 P 0 0 ;0=56,1=1
P 23.9014 16.9926 68 P 0 0 ;0=57,1=1
P 23.95793278 34.04219252 75 P 0 0 ;0=64,1=1
P 23.95793278 35.24219774 75 P 0 0 ;0=64,1=1
P 23.95793278 36.44220296 75 P 0 0 ;0=64,1=1
P 23.95793278 37.64220818 75 P 0 0 ;0=64,1=1
P 24.0538 54.229 67 P 0 0 ;0=56,1=1
P 24.4246019 38.64219856 72 P 0 0 ;0=61,1=1
P 24.5618 28.702 67 P 0 0 ;0=56,1=1
P 24.5872 40.1066 67 P 0 0 ;0=56,1=1
P 24.8158 14.4272 67 P 0 0 ;0=56,1=1
P 24.8246011 38.64219856 72 P 0 0 ;0=61,1=1
P 24.9936 31.3182 67 P 0 0 ;0=56,1=1
P 25.019 63.0428 67 P 0 0 ;0=56,1=1
P 25.2246003 38.64219856 72 P 0 0 ;0=61,1=1
P 25.29127022 34.04219252 75 P 0 0 ;0=64,1=1
P 25.29127022 35.24219774 75 P 0 0 ;0=64,1=1
P 25.29127022 36.44220296 75 P 0 0 ;0=64,1=1
P 25.29127022 37.64220818 75 P 0 0 ;0=64,1=1
P 25.3492 40.0812 67 P 0 0 ;0=56,1=1
P 25.62460204 38.64219856 72 P 0 0 ;0=61,1=1
P 25.7048 16.4592 67 P 0 0 ;0=56,1=1
P 26.02460124 38.64219856 72 P 0 0 ;0=61,1=1
P 26.035 25.273 67 P 0 0 ;0=56,1=1
P 26.2382 31.5214 67 P 0 0 ;0=56,1=1
P 26.2636 28.6766 67 P 0 0 ;0=56,1=1
P 26.3652 40.8686 67 P 0 0 ;0=56,1=1
P 26.62460766 34.04219252 75 P 0 0 ;0=64,1=1
P 26.62460766 35.24219774 75 P 0 0 ;0=64,1=1
P 26.62460766 36.44220296 75 P 0 0 ;0=64,1=1
P 26.62460766 37.64220818 75 P 0 0 ;0=64,1=1
P 26.82460218 38.64219856 72 P 0 0 ;0=61,1=1
P 27.0256 39.9034 67 P 0 0 ;0=56,1=1
P 27.22460138 38.64219856 72 P 0 0 ;0=61,1=1
P 27.62460058 35.04219814 72 P 0 0 ;0=61,1=1
P 27.62460058 35.44219988 72 P 0 0 ;0=61,1=1
P 27.62460058 36.24219828 72 P 0 0 ;0=61,1=1
P 27.62460058 36.64220002 72 P 0 0 ;0=61,1=1
P 27.62460058 37.84220016 72 P 0 0 ;0=61,1=1
P 27.62460058 38.24219936 72 P 0 0 ;0=61,1=1
P 27.62460058 38.64219856 72 P 0 0 ;0=61,1=1
P 27.6606 42.2656 67 P 0 0 ;0=56,1=1
P 27.8892 28.6766 67 P 0 0 ;0=56,1=1
P 27.9908 41.3258 67 P 0 0 ;0=56,1=1
P 28.02460232 37.64219802 72 P 0 0 ;0=61,1=1
P 28.448 24.5872 67 P 0 0 ;0=56,1=1
P 29.0576 39.1414 67 P 0 0 ;0=56,1=1
P 29.1338 34.2138 67 P 0 0 ;0=56,1=1
P 29.1846 30.1752 67 P 0 0 ;0=56,1=1
P 29.972 32.9438 67 P 0 0 ;0=56,1=1
P 30.0736 38.4556 67 P 0 0 ;0=56,1=1
P 30.0736 54.2798 67 P 0 0 ;0=56,1=1
P 30.4546 19.5326 67 P 0 0 ;0=56,1=1
P 30.5308 35.7124 67 P 0 0 ;0=56,1=1
P 30.69999956 43.69999896 69 P 0 0 ;0=58,1=1
P 30.7086 34.7218 67 P 0 0 ;0=56,1=1
P 30.734 24.5618 67 P 0 0 ;0=56,1=1
P 31.2928 37.1348 67 P 0 0 ;0=56,1=1
P 31.4706 33.6804 67 P 0 0 ;0=56,1=1
P 33.6042 45.4914 69 P 0 0 ;0=58,1=1
P 34.89999878 45.50000044 69 P 0 0 ;0=58,1=1
P 35.8394 25.5524 67 P 0 0 ;0=56,1=1
P 36.09999892 45.50000044 69 P 0 0 ;0=58,1=1
P 36.50000066 54.79999962 73 P 0 0 ;0=62,1=1
P 37.39999886 45.50000044 69 P 0 0 ;0=58,1=1
P 38.599999 31.09999876 69 P 0 0 ;0=58,1=1
P 38.599999 40.79999968 69 P 0 0 ;0=58,1=1
P 38.6999988 45.50000044 69 P 0 0 ;0=58,1=1
P 39.5732 17.145 67 P 0 0 ;0=56,1=1
P 39.5986 15.0622 67 P 0 0 ;0=56,1=1
P 39.89999894 45.50000044 69 P 0 0 ;0=58,1=1
P 39.9034 22.8346 68 P 0 0 ;0=57,1=1
P 39.9288 24.1046 68 P 0 0 ;0=57,1=1
P 40.30000068 34.10000038 69 P 0 0 ;0=58,1=1
P 40.30000068 35.30000052 69 P 0 0 ;0=58,1=1
P 40.30000068 36.60000046 69 P 0 0 ;0=58,1=1
P 40.30000068 37.8000006 74 P 0 0 ;0=63,1=1
P 40.69999988 63.000001 73 P 0 0 ;0=62,1=1
P 41.09999908 45.50000044 69 P 0 0 ;0=58,1=1
P 42.39999902 45.50000044 69 P 0 0 ;0=58,1=1
P 42.8244 5.1308 67 P 0 0 ;0=56,1=1
P 43.18 12.446 67 P 0 0 ;0=56,1=1
P 44.4999999 54.79999962 73 P 0 0 ;0=62,1=1
P 44.958 12.446 67 P 0 0 ;0=56,1=1
P 45.40000064 43.59999916 69 P 0 0 ;0=58,1=1
P 47.752 34.036 67 P 0 0 ;0=56,1=1
P 48.514 36.068 67 P 0 0 ;0=56,1=1
P 48.79999892 63.1000008 73 P 0 0 ;0=62,1=1
P 48.9458 23.5712 67 P 0 0 ;0=56,1=1
P 50.4952 31.4452 67 P 0 0 ;0=56,1=1
P 50.5766324 7.25953844 68 P 0 0 ;0=57,1=1
P 50.6020324 6.26893844 68 P 0 0 ;0=57,1=1
P 50.8508 14.5542 67 P 0 0 ;0=56,1=1
P 51.054 9.398 67 P 0 0 ;0=56,1=1
P 52.197 14.9606 67 P 0 0 ;0=56,1=1
P 52.324 10.414 67 P 0 0 ;0=56,1=1
P 52.39999934 54.79999962 73 P 0 0 ;0=62,1=1
P 52.578 18.6182 67 P 0 0 ;0=56,1=1
P 52.832 35.5854 67 P 0 0 ;0=56,1=1
P 52.8574 37.592 67 P 0 0 ;0=56,1=1
P 54.3052 41.8338 67 P 0 0 ;0=56,1=1
P 54.61 13.335 67 P 0 0 ;0=56,1=1
P 55.35000106 31.3436 69 P 0 0 ;0=58,1=1
P 55.35000106 32.258 69 P 0 0 ;0=58,1=1
P 55.35000106 33.2232 69 P 0 0 ;0=58,1=1
P 56.8000007 63.000001 73 P 0 0 ;0=62,1=1
P 57.8358 29.8704 67 P 0 0 ;0=56,1=1
P 58.5724 19.05 67 P 0 0 ;0=56,1=1
P 59.182 28.194 67 P 0 0 ;0=56,1=1
P 59.69 30.226 67 P 0 0 ;0=56,1=1
P 60.325 41.8338 67 P 0 0 ;0=56,1=1
P 60.60000072 54.89999942 73 P 0 0 ;0=62,1=1
P 60.96 30.226 67 P 0 0 ;0=56,1=1
P 61.6458 33.2994 67 P 0 0 ;0=56,1=1
P 61.722 22.352 67 P 0 0 ;0=56,1=1
P 62.738 18.7706 67 P 0 0 ;0=56,1=1
P 62.8904 6.223 68 P 0 0 ;0=57,1=1
P 63.0682 43.8658 67 P 0 0 ;0=56,1=1
P 64.70000014 63.000001 73 P 0 0 ;0=62,1=1
P 64.897 43.8658 67 P 0 0 ;0=56,1=1
P 65.024 18.288 67 P 0 0 ;0=56,1=1
P 65.4558 40.1574 67 P 0 0 ;0=56,1=1
P 66.548 29.4894 67 P 0 0 ;0=56,1=1
P 66.548 34.544 67 P 0 0 ;0=56,1=1
P 66.802 43.18 67 P 0 0 ;0=56,1=1
P 67.31 19.558 67 P 0 0 ;0=56,1=1
P 68.50000016 54.89999942 73 P 0 0 ;0=62,1=1
P 70.1802 12.192 67 P 0 0 ;0=56,1=1
P 70.8914 43.0022 69 P 0 0 ;0=58,1=1
P 72.39999998 22.352 69 P 0 0 ;0=58,1=1
P 72.517 43.0022 69 P 0 0 ;0=58,1=1
P 72.69999938 63.000001 73 P 0 0 ;0=62,1=1
P 73.152 17.78 67 P 0 0 ;0=56,1=1
P 73.2536 22.352 69 P 0 0 ;0=58,1=1
P 74.676 32.2326 67 P 0 0 ;0=56,1=1
P 75.22534104 6.01137736 68 P 0 0 ;0=57,1=1
P 75.22534104 7.20517736 68 P 0 0 ;0=57,1=1
P 75.2602 14.1732 67 P 0 0 ;0=56,1=1
P 75.2856 47.244 67 P 0 0 ;0=56,1=1
P 75.3618 23.3426 67 P 0 0 ;0=56,1=1
P 76.49534104 6.01137736 68 P 0 0 ;0=57,1=1
P 76.4999994 54.79999962 73 P 0 0 ;0=62,1=1
P 77.4954 25.9334 69 P 0 0 ;0=58,1=1
P 77.4954 26.7462 69 P 0 0 ;0=58,1=1
P 77.8256 6.0452 68 P 0 0 ;0=57,1=1
P 78.994 39.3954 67 P 0 0 ;0=56,1=1
P 79.248 21.336 67 P 0 0 ;0=56,1=1
P 79.248 23.114 67 P 0 0 ;0=56,1=1
P 80.80000096 62.9000012 73 P 0 0 ;0=62,1=1
P 81.3054 13.2842 68 P 0 0 ;0=57,1=1
P 82.423 13.2842 68 P 0 0 ;0=57,1=1
P 82.8802 19.5326 67 P 0 0 ;0=56,1=1
P 82.9056 17.4752 69 P 0 0 ;0=58,1=1
P 82.9818 29.4132 67 P 0 0 ;0=56,1=1
P 83.058 30.7594 69 P 0 0 ;0=58,1=1
P 83.1596 25.273 67 P 0 0 ;0=56,1=1
P 83.5914 13.2842 68 P 0 0 ;0=57,1=1
P 83.6168 51.8668 67 P 0 0 ;0=56,1=1
P 84.50000118 54.79999962 73 P 0 0 ;0=62,1=1
P 84.8614 13.2842 68 P 0 0 ;0=57,1=1
P 85.2932 43.942 67 P 0 0 ;0=56,1=1
P 86.1822 24.3586 68 P 0 0 ;0=57,1=1
P 88.011 5.5372 68 P 0 0 ;0=57,1=1
P 88.138 26.162 67 P 0 0 ;0=56,1=1
P 88.138 27.686 67 P 0 0 ;0=56,1=1
P 88.4174 31.9532 67 P 0 0 ;0=56,1=1
P 88.8000002 62.9000012 73 P 0 0 ;0=62,1=1
P 89.2048 15.5956 67 P 0 0 ;0=56,1=1
P 89.5858 45.2882 67 P 0 0 ;0=56,1=1
P 90.424 21.082 67 P 0 0 ;0=56,1=1
P 91.89999908 33.49999904 67 P 0 0 ;0=56,1=1
P 92.50000042 54.89999942 73 P 0 0 ;0=62,1=1
P 94.1832 34.7472 67 P 0 0 ;0=56,1=1
P 94.2069998 33.07379974 67 P 0 0 ;0=56,1=1
P 94.6658 52.0954 67 P 0 0 ;0=56,1=1
P 95.25 13.081 68 P 0 0 ;0=57,1=1
P 96.4184 13.081 68 P 0 0 ;0=57,1=1
P 96.79999944 62.9000012 73 P 0 0 ;0=62,1=1
P 97.6122 13.081 68 P 0 0 ;0=57,1=1
P 98.425 25.1968 67 P 0 0 ;0=56,1=1
P 98.4504 28.3718 67 P 0 0 ;0=56,1=1
P 98.552 43.18 67 P 0 0 ;0=56,1=1
P 98.7298 13.0556 68 P 0 0 ;0=57,1=1
P 99.00000012 33.274 68 P 0 0 ;0=57,1=1
P 99.00000012 34.3408 68 P 0 0 ;0=57,1=1
P 99.00000012 35.433 68 P 0 0 ;0=57,1=1
P 100.076 43.18 67 P 0 0 ;0=56,1=1
P 101.473 3.0734 67 P 0 0 ;0=56,1=1
P 101.5492 22.0218 67 P 0 0 ;0=56,1=1
P 102.3874 7.3914 67 P 0 0 ;0=56,1=1
P 103.632 58.42 67 P 0 0 ;0=56,1=1
P 103.8606 45.466 67 P 0 0 ;0=56,1=1
P 104.5464 11.938 67 P 0 0 ;0=56,1=1
P 106.3498 3.0988 67 P 0 0 ;0=56,1=1
P 106.807 52.197 67 P 0 0 ;0=56,1=1
P 108.458 45.212 67 P 0 0 ;0=56,1=1
P 109.4232 13.716 67 P 0 0 ;0=56,1=1
P 111.2266 32.893 67 P 0 0 ;0=56,1=1
P 112.5982 40.3606 67 P 0 0 ;0=56,1=1
P 112.6744 42.6974 67 P 0 0 ;0=56,1=1
P 112.7506 28.1178 67 P 0 0 ;0=56,1=1
P 113.1316 38.2016 67 P 0 0 ;0=56,1=1
P 113.6904 36.2966 67 P 0 0 ;0=56,1=1
P 113.9444 44.6786 68 P 0 0 ;0=57,1=1
P 116.0272 44.6786 68 P 0 0 ;0=57,1=1
P 117.8306 13.716 67 P 0 0 ;0=56,1=1
P 117.9576 46.2534 68 P 0 0 ;0=57,1=1
P 119.126 52.324 67 P 0 0 ;0=56,1=1
P 119.634 50.546 67 P 0 0 ;0=56,1=1
P 120.7262 13.8684 67 P 0 0 ;0=56,1=1
P 120.7516 11.4808 67 P 0 0 ;0=56,1=1
P 120.9294 40.767 67 P 0 0 ;0=56,1=1
P 120.9294 43.6118 67 P 0 0 ;0=56,1=1
P 120.9294 45.9232 67 P 0 0 ;0=56,1=1
P 122.809 35.179 67 P 0 0 ;0=56,1=1
P 122.936 50.546 67 P 0 0 ;0=56,1=1
P 124.2314 31.9024 71 P 0 0 ;0=60,1=1
P 124.2568 29.2862 71 P 0 0 ;0=60,1=1
P 124.2568 30.5562 71 P 0 0 ;0=60,1=1
P 125.99999946 10.2616 70 P 0 0 ;0=59,1=1
P 125.99999946 11.5824 70 P 0 0 ;0=59,1=1
P 125.99999946 12.827 70 P 0 0 ;0=59,1=1
P 125.99999946 14.1478 70 P 0 0 ;0=59,1=1
P 130.81 42.7736 67 P 0 0 ;0=56,1=1
P 130.8608 38.9636 67 P 0 0 ;0=56,1=1
P 133.35 57.404 67 P 0 0 ;0=56,1=1
P 133.35 62.484 67 P 0 0 ;0=56,1=1
P 133.858 35.56 68 P 0 0 ;0=57,1=1
P 133.858 37.338 68 P 0 0 ;0=57,1=1
P 137.4902 30.861 70 P 0 0 ;0=59,1=1
P 137.6172 24.384 70 P 0 0 ;0=59,1=1
